# Simulation 253
# RelativeTime(days) Magnitude Generation Latitude Longitude
Time Mag Gen Lat Lon
7.000	 2.18	 1	 -42.6135	  173.0822
7.001	 2.30	 1	 -41.8486	  173.8728
7.002	 2.32	 1	 -41.9129	  172.4581
7.009	 2.18	 1	 -42.4261	  173.8703
7.012	 2.08	 1	 -41.8863	  173.9812
7.012	 2.12	 1	 -42.4955	  173.3440
7.014	 2.47	 1	 -41.7510	  174.2802
7.016	 5.04	 1	 -42.5467	  174.0251
7.017	 2.04	 1	 -42.5383	  173.4209
7.018	 2.52	 1	 -43.2626	  173.7323
7.024	 2.17	 1	 -41.7059	  174.3037
7.024	 2.20	 1	 -42.2272	  173.7179
7.027	 2.33	 1	 -40.4229	  173.6130
7.028	 2.25	 2	 -42.6139	  174.1132
7.028	 2.96	 1	 -42.2510	  172.7300
7.030	 4.35	 1	 -42.2999	  173.4127
7.030	 2.27	 1	 -42.1426	  176.3168
7.031	 2.30	 1	 -42.4970	  173.3394
7.033	 2.01	 1	 -41.8998	  174.5267
7.034	 2.39	 1	 -41.8326	  174.1658
7.035	 2.25	 1	 -42.2734	  173.6318
7.035	 2.18	 1	 -42.4632	  173.2822
7.035	 2.07	 1	 -42.1579	  173.8238
7.041	 2.08	 2	 -42.3563	  173.4409
7.042	 2.93	 1	 -41.7156	  174.3207
7.044	 2.71	 1	 -41.7507	  174.2756
7.045	 2.22	 1	 -41.6570	  174.3862
7.047	 2.21	 1	 -41.6545	  174.2399
7.048	 2.36	 1	 -42.0221	  173.7200
7.050	 2.24	 2	 -42.5556	  174.0235
7.050	 2.05	 1	 -41.6176	  174.1998
7.050	 2.19	 1	 -42.4814	  173.3542
7.051	 2.35	 1	 -42.4425	  173.2290
7.053	 2.73	 1	 -41.7169	  174.2992
7.056	 2.26	 2	 -42.5507	  174.0635
7.058	 2.21	 1	 -41.8282	  173.9026
7.058	 2.27	 1	 -41.7752	  174.2774
7.059	 2.59	 2	 -42.5648	  174.0556
7.059	 2.18	 2	 -42.5067	  173.9414
7.061	 2.09	 1	 -42.7879	  173.4658
7.061	 2.14	 1	 -42.4737	  173.2535
7.062	 2.19	 1	 -41.3038	  173.1084
7.063	 2.84	 1	 -42.4222	  173.8329
7.063	 2.17	 2	 -43.0280	  174.2248
7.065	 2.29	 1	 -41.5704	  174.4058
7.066	 2.23	 1	 -41.6558	  174.2908
7.068	 2.03	 1	 -42.5327	  173.1293
7.069	 2.46	 1	 -42.5937	  173.0104
7.069	 3.00	 1	 -42.4452	  174.1390
7.071	 2.06	 2	 -42.5127	  173.9632
7.073	 2.26	 1	 -42.3673	  173.7689
7.076	 2.37	 1	 -42.5165	  173.2137
7.078	 2.13	 1	 -41.6947	  174.2299
7.079	 2.28	 2	 -42.2575	  173.4371
7.082	 2.94	 1	 -42.3058	  173.5076
7.083	 2.31	 1	 -42.1238	  173.6544
7.084	 2.51	 2	 -42.5385	  174.0773
7.085	 2.50	 1	 -42.4582	  173.1934
7.087	 3.31	 1	 -43.7878	  169.6836
7.088	 2.06	 1	 -42.2479	  173.9227
7.089	 2.51	 1	 -42.3734	  173.7043
7.089	 4.09	 1	 -41.7322	  174.3238
7.090	 2.64	 2	 -42.5613	  174.0733
7.093	 2.33	 1	 -42.6001	  173.1079
7.096	 2.61	 1	 -41.7068	  174.3032
7.099	 2.19	 1	 -42.4519	  173.7399
7.100	 2.73	 2	 -42.5464	  174.0278
7.101	 2.66	 1	 -41.8660	  173.9593
7.103	 2.08	 2	 -42.5986	  173.9314
7.109	 2.18	 2	 -42.6595	  174.7282
7.111	 3.28	 1	 -42.3734	  173.7883
7.111	 5.12	 1	 -42.3280	  173.0210
7.112	 2.18	 2	 -42.3321	  172.9840
7.114	 2.28	 2	 -42.3644	  172.9303
7.115	 3.12	 1	 -42.2624	  173.5116
7.115	 2.08	 1	 -41.7252	  174.2671
7.115	 2.02	 2	 -42.5440	  174.0311
7.116	 3.45	 1	 -42.5870	  173.0641
7.118	 2.31	 2	 -42.3788	  173.0497
7.122	 2.81	 1	 -41.8143	  174.2518
7.124	 2.35	 1	 -42.3947	  173.9654
7.124	 2.16	 1	 -42.5162	  173.0457
7.130	 2.09	 2	 -42.0288	  172.6727
7.131	 2.33	 2	 -42.3981	  172.3176
7.132	 2.38	 1	 -41.5336	  174.1309
7.132	 2.00	 1	 -42.2620	  173.8807
7.134	 2.86	 1	 -47.0099	  171.3123
7.134	 2.26	 2	 -42.5540	  174.0153
7.135	 2.46	 1	 -42.4715	  173.3573
7.136	 3.85	 1	 -42.0226	  174.3790
7.137	 2.36	 2	 -42.5482	  173.9756
7.137	 2.06	 2	 -41.7116	  174.3268
7.139	 2.14	 2	 -41.8122	  174.2334
7.140	 2.43	 1	 -41.6829	  174.1381
7.141	 2.16	 1	 -42.4307	  173.1835
7.144	 2.43	 1	 -42.3736	  173.8397
7.149	 2.05	 1	 -41.7398	  174.3856
7.151	 2.17	 2	 -42.3732	  173.0076
7.151	 2.02	 1	 -41.9379	  173.9579
7.152	 2.37	 1	 -40.6195	  174.2317
7.153	 2.07	 1	 -42.0924	  173.7650
7.154	 2.35	 2	 -41.7476	  174.1928
7.155	 2.15	 1	 -42.5083	  173.7809
7.156	 2.06	 1	 -42.5136	  173.5871
7.158	 2.52	 1	 -42.4416	  173.9085
7.158	 2.07	 1	 -42.4727	  173.7502
7.160	 2.36	 2	 -42.2803	  173.0478
7.161	 2.15	 1	 -41.7574	  174.0949
7.163	 2.30	 2	 -42.4993	  173.3228
7.164	 2.55	 2	 -42.5332	  174.0157
7.164	 2.49	 1	 -42.1118	  172.6999
7.167	 2.29	 2	 -42.3027	  172.9982
7.169	 2.57	 1	 -42.2719	  173.8349
7.169	 2.17	 1	 -42.3485	  173.6653
7.173	 2.19	 2	 -42.5985	  173.0524
7.178	 2.02	 1	 -42.5944	  172.6872
7.182	 2.45	 1	 -42.1156	  173.6554
7.182	 2.26	 1	 -42.4373	  173.7561
7.185	 2.48	 1	 -42.0718	  171.8644
7.185	 2.34	 1	 -41.6351	  174.2444
7.186	 2.89	 1	 -41.6331	  174.1698
7.188	 2.96	 1	 -41.7711	  174.2158
7.190	 2.10	 2	 -42.3273	  172.9834
7.192	 3.34	 1	 -42.4545	  173.3308
7.193	 4.77	 1	 -42.2504	  173.6571
7.195	 2.07	 2	 -42.2505	  173.6561
7.195	 2.09	 1	 -41.8571	  174.0028
7.196	 2.53	 1	 -42.2915	  173.3819
7.198	 2.41	 1	 -42.6325	  173.2941
7.199	 2.42	 2	 -42.5105	  174.0419
7.200	 2.17	 1	 -41.7955	  174.3494
7.202	 2.22	 2	 -42.2636	  173.6263
7.202	 2.36	 1	 -41.8052	  174.2077
7.204	 2.09	 1	 -42.6142	  173.9712
7.204	 2.05	 2	 -42.3512	  173.0591
7.208	 2.14	 1	 -41.6896	  174.2706
7.212	 2.84	 1	 -42.3723	  173.4795
7.212	 2.83	 1	 -42.2233	  173.5882
7.216	 3.05	 1	 -42.0321	  174.0222
7.217	 2.04	 1	 -42.7028	  172.7735
7.219	 2.10	 1	 -42.4889	  173.1778
7.221	 2.53	 1	 -42.5953	  173.0744
7.221	 2.51	 2	 -42.2303	  173.6397
7.223	 2.49	 1	 -41.6351	  174.4702
7.224	 2.18	 1	 -41.6899	  174.3215
7.224	 2.23	 2	 -42.3582	  173.0261
7.224	 3.09	 1	 -41.8367	  174.1668
7.225	 2.39	 2	 -42.5616	  174.0462
7.226	 2.20	 2	 -42.2210	  173.6132
7.228	 3.51	 1	 -41.5461	  174.5020
7.229	 2.29	 1	 -42.4626	  173.2735
7.230	 2.02	 1	 -43.1810	  171.9299
7.231	 2.19	 2	 -42.4135	  173.9314
7.235	 2.00	 1	 -42.6613	  173.0368
7.240	 2.07	 2	 -42.2921	  173.0181
7.242	 2.80	 1	 -42.2081	  173.7205
7.242	 2.31	 1	 -41.7668	  174.2305
7.245	 2.23	 2	 -41.7632	  174.2305
7.245	 2.11	 1	 -42.4449	  173.8945
7.247	 2.84	 1	 -41.7233	  174.2448
7.248	 3.39	 1	 -41.7749	  174.2072
7.249	 2.04	 1	 -42.4779	  173.3920
7.252	 2.88	 2	 -41.6207	  174.5190
7.252	 2.47	 1	 -42.5227	  173.2353
7.256	 3.63	 1	 -41.6876	  174.2241
7.257	 2.17	 2	 -42.5031	  173.0761
7.259	 2.15	 1	 -42.7402	  172.7646
7.263	 2.10	 1	 -42.4689	  173.1709
7.263	 2.26	 1	 -41.6796	  174.1755
7.263	 2.63	 1	 -41.9928	  173.9301
7.268	 2.00	 2	 -42.4068	  173.9668
7.270	 2.39	 2	 -42.3236	  173.1359
7.270	 2.35	 1	 -42.4648	  173.0792
7.271	 2.37	 1	 -42.4908	  173.8073
7.273	 3.07	 2	 -42.3452	  172.9803
7.275	 2.83	 1	 -42.8724	  170.7761
7.276	 3.17	 2	 -42.5899	  173.0721
7.277	 2.18	 1	 -41.7411	  174.3372
7.280	 2.86	 1	 -42.4547	  173.0228
7.280	 2.41	 1	 -41.7899	  173.9446
7.285	 2.03	 1	 -41.9682	  174.9568
7.286	 2.11	 1	 -42.7763	  172.8105
7.287	 2.60	 2	 -42.2445	  173.6682
7.288	 2.06	 1	 -41.9927	  173.7250
7.290	 2.18	 1	 -41.8479	  174.1488
7.293	 2.91	 2	 -42.3509	  173.0101
7.294	 2.20	 1	 -42.1125	  173.3281
7.298	 2.70	 1	 -42.1822	  173.6422
7.303	 2.01	 1	 -42.2213	  173.4192
7.304	 2.65	 2	 -42.2445	  173.5803
7.305	 2.71	 1	 -42.1767	  173.8311
7.306	 2.40	 2	 -42.6071	  174.0685
7.306	 2.48	 1	 -41.7479	  174.4889
7.307	 2.02	 2	 -42.3031	  173.6066
7.307	 2.08	 1	 -42.4420	  173.4551
7.307	 2.15	 1	 -42.3079	  173.6200
7.308	 2.03	 1	 -42.0469	  173.8069
7.309	 2.33	 1	 -42.2517	  173.4444
7.309	 2.67	 1	 -42.0615	  173.4689
7.310	 2.04	 1	 -42.1854	  173.6541
7.310	 2.26	 1	 -42.3264	  173.5642
7.310	 2.94	 1	 -42.2655	  173.8782
7.313	 2.17	 2	 -42.5976	  173.0736
7.317	 2.52	 1	 -41.6662	  174.1424
7.323	 3.74	 1	 -41.6748	  174.1790
7.326	 2.06	 1	 -42.3035	  173.6975
7.327	 2.31	 1	 -42.2502	  173.8551
7.327	 2.43	 2	 -42.2808	  173.7436
7.328	 2.43	 1	 -42.0996	  173.8132
7.329	 2.05	 2	 -42.2140	  172.7412
7.331	 2.06	 2	 -41.8016	  173.2194
7.331	 2.08	 1	 -42.0892	  173.8155
7.334	 2.46	 1	 -41.7862	  174.2482
7.334	 2.78	 1	 -42.6967	  173.2324
7.334	 2.77	 2	 -41.7876	  174.2490
7.335	 2.02	 1	 -42.6639	  172.7851
7.336	 2.05	 2	 -41.7442	  174.3856
7.339	 3.25	 1	 -42.6876	  172.9328
7.339	 2.59	 1	 -42.4940	  173.6488
7.340	 2.23	 1	 -42.7043	  172.7508
7.341	 2.81	 1	 -42.6619	  173.0879
7.343	 2.30	 2	 -42.3047	  173.4096
7.344	 2.81	 1	 -42.2605	  173.5451
7.344	 2.23	 1	 -42.1214	  173.9884
7.348	 2.37	 2	 -42.4940	  174.0256
7.351	 3.75	 1	 -41.7194	  174.2993
7.353	 2.15	 1	 -42.2572	  173.7993
7.354	 2.23	 1	 -42.5606	  172.9946
7.354	 2.21	 1	 -42.2662	  173.6380
7.357	 2.11	 1	 -42.1047	  173.5264
7.358	 2.45	 1	 -42.3153	  173.9440
7.358	 2.82	 1	 -42.5377	  173.4100
7.359	 2.11	 1	 -42.4702	  173.7849
7.361	 2.21	 1	 -41.7605	  174.4322
7.366	 2.49	 2	 -41.6761	  174.1795
7.366	 2.40	 1	 -42.7210	  173.0358
7.367	 3.07	 1	 -42.4253	  173.0528
7.368	 2.66	 1	 -42.3289	  173.4643
7.370	 2.39	 1	 -42.3276	  173.7337
7.371	 2.64	 2	 -42.0019	  173.5683
7.371	 2.69	 1	 -41.8048	  174.3078
7.376	 2.37	 1	 -41.8490	  174.1935
7.379	 2.22	 1	 -42.6758	  172.8109
7.380	 2.19	 2	 -42.2448	  173.6543
7.381	 2.07	 1	 -44.3460	  172.6559
7.381	 2.67	 1	 -42.6865	  173.7905
7.381	 2.57	 2	 -42.3055	  172.9954
7.383	 2.06	 1	 -42.2249	  173.6672
7.384	 2.07	 3	 -42.2991	  173.4047
7.384	 3.23	 1	 -42.3643	  173.3539
7.386	 2.39	 1	 -41.6926	  174.3210
7.386	 2.13	 2	 -42.1206	  173.6499
7.387	 2.02	 3	 -41.7823	  174.2589
7.388	 2.69	 1	 -42.4147	  173.4487
7.389	 2.24	 2	 -42.3279	  173.0323
7.391	 2.57	 1	 -42.3695	  173.4686
7.393	 2.06	 1	 -42.4452	  173.5265
7.393	 2.05	 1	 -42.1974	  173.6705
7.397	 2.25	 1	 -42.2407	  173.8508
7.400	 2.06	 1	 -42.1698	  173.5895
7.401	 2.75	 2	 -42.3384	  172.9721
7.405	 2.26	 1	 -42.3756	  174.3144
7.407	 2.09	 2	 -42.4825	  173.9750
7.411	 2.09	 2	 -42.4547	  173.1113
7.414	 2.29	 1	 -42.7122	  172.7945
7.418	 2.06	 1	 -42.4129	  173.7175
7.420	 2.54	 1	 -42.6193	  173.3681
7.423	 3.29	 1	 -42.4724	  173.4151
7.426	 2.37	 1	 -42.3583	  174.0612
7.426	 2.03	 1	 -42.5236	  173.2142
7.427	 3.06	 1	 -42.5733	  173.1311
7.428	 2.68	 1	 -44.0648	  173.0072
7.429	 2.22	 1	 -42.3766	  174.2366
7.431	 2.01	 1	 -42.6682	  172.7639
7.432	 2.21	 1	 -42.7038	  173.0738
7.434	 2.69	 1	 -42.3645	  173.5536
7.438	 4.11	 1	 -43.2403	  171.6879
7.438	 2.16	 1	 -42.1392	  173.5823
7.440	 2.20	 1	 -42.5771	  173.1331
7.440	 2.27	 1	 -41.7911	  175.8118
7.441	 2.79	 2	 -42.5497	  173.9960
7.441	 2.30	 1	 -41.6437	  174.2660
7.442	 2.07	 1	 -42.4467	  172.7658
7.444	 2.00	 1	 -41.6756	  174.2018
7.446	 2.08	 1	 -38.0777	  171.5154
7.448	 2.29	 1	 -42.1918	  173.5825
7.452	 2.25	 2	 -42.5675	  174.0115
7.454	 2.52	 3	 -41.8167	  174.2292
7.458	 2.69	 1	 -42.6954	  172.9052
7.460	 2.15	 1	 -42.6166	  173.5855
7.460	 3.32	 1	 -41.6767	  174.4092
7.463	 2.54	 1	 -42.6932	  172.9263
7.464	 2.86	 1	 -41.8848	  173.8213
7.468	 2.44	 1	 -41.6920	  174.2437
7.468	 2.01	 1	 -42.5025	  173.2603
7.469	 2.50	 2	 -43.2462	  171.6852
7.469	 2.37	 1	 -41.7896	  173.9612
7.470	 2.43	 1	 -42.8620	  172.6010
7.471	 3.10	 2	 -42.2100	  173.6219
7.471	 2.06	 1	 -42.2300	  173.5827
7.472	 3.30	 1	 -41.7299	  174.2647
7.476	 2.44	 1	 -42.7099	  172.8382
7.476	 2.18	 1	 -41.6889	  174.2268
7.478	 2.91	 1	 -42.1744	  173.5094
7.480	 2.67	 1	 -41.7135	  174.2880
7.480	 2.04	 1	 -41.7126	  174.3002
7.481	 2.38	 1	 -42.6703	  173.1733
7.482	 2.04	 1	 -42.3998	  173.5779
7.482	 2.60	 1	 -42.0614	  173.6941
7.484	 2.31	 1	 -42.0497	  173.7177
7.484	 2.15	 1	 -42.5611	  173.8744
7.486	 2.08	 1	 -41.6688	  174.2867
7.486	 2.79	 1	 -42.4248	  174.0443
7.487	 2.35	 2	 -42.3418	  172.9002
7.489	 2.30	 1	 -42.4978	  173.3933
7.491	 2.75	 1	 -41.7467	  174.1346
7.496	 2.21	 2	 -41.8503	  174.2422
7.496	 2.66	 1	 -42.7888	  173.0625
7.497	 2.02	 1	 -42.0806	  174.2986
7.497	 2.24	 2	 -42.1713	  173.5141
7.500	 2.06	 1	 -41.7788	  174.0541
7.500	 3.89	 1	 -41.9430	  173.7255
7.500	 2.08	 1	 -41.8180	  174.1114
7.503	 2.33	 1	 -42.5773	  173.0461
7.504	 2.28	 1	 -41.7204	  174.4025
7.505	 2.17	 1	 -41.8231	  174.0874
7.505	 2.59	 1	 -41.6605	  174.2859
7.507	 2.11	 1	 -42.5117	  173.1738
7.514	 2.06	 1	 -42.4300	  173.8853
7.516	 3.63	 2	 -41.7213	  174.3035
7.516	 2.30	 1	 -42.4654	  173.8309
7.517	 2.30	 1	 -41.4660	  174.3038
7.518	 2.14	 1	 -41.6400	  174.2279
7.523	 2.47	 1	 -42.4328	  174.0826
7.523	 2.08	 1	 -42.6119	  172.9185
7.523	 3.35	 3	 -41.6731	  174.1879
7.524	 2.38	 1	 -41.6270	  174.0658
7.527	 2.18	 1	 -42.6735	  172.7982
7.527	 2.05	 1	 -41.7404	  174.2970
7.528	 2.15	 1	 -42.6071	  173.1574
7.531	 2.34	 1	 -42.4230	  173.7278
7.532	 2.04	 2	 -42.3869	  173.4916
7.533	 2.07	 1	 -42.1031	  173.5540
7.535	 3.21	 1	 -42.3019	  173.7182
7.537	 2.21	 1	 -42.3541	  173.7989
7.538	 2.24	 1	 -41.7666	  174.2194
7.539	 2.78	 1	 -42.5203	  173.1443
7.543	 2.12	 1	 -42.6623	  172.8145
7.547	 2.79	 1	 -41.8316	  174.2509
7.548	 2.32	 1	 -42.3239	  173.4984
7.549	 2.48	 1	 -41.7813	  174.0190
7.550	 2.32	 1	 -41.9756	  173.7623
7.551	 2.76	 2	 -41.6588	  174.2910
7.551	 2.21	 1	 -42.7065	  173.1269
7.553	 2.20	 1	 -42.5714	  173.4294
7.554	 2.31	 2	 -41.5264	  174.1432
7.555	 2.43	 1	 -41.7710	  174.2502
7.557	 3.17	 1	 -42.4395	  173.7721
7.559	 2.19	 2	 -42.2031	  173.6632
7.559	 2.40	 2	 -42.3266	  173.5620
7.562	 2.49	 1	 -42.4125	  173.8274
7.567	 2.65	 2	 -41.5426	  174.4998
7.568	 4.20	 2	 -42.2904	  173.0135
7.571	 2.32	 1	 -42.4109	  173.3326
7.576	 2.21	 1	 -41.6627	  174.0505
7.577	 5.09	 1	 -42.4656	  172.9810
7.581	 2.31	 1	 -41.8527	  174.0910
7.583	 2.31	 2	 -42.4538	  173.0225
7.583	 2.38	 2	 -42.5103	  172.9365
7.584	 2.19	 1	 -42.5235	  173.2133
7.587	 2.12	 1	 -42.7149	  173.0959
7.592	 2.02	 1	 -42.3912	  173.8218
7.593	 2.75	 1	 -42.6113	  173.0497
7.593	 2.09	 1	 -42.3548	  174.0220
7.593	 2.33	 1	 -41.7784	  174.1958
7.598	 3.05	 2	 -42.4719	  172.9968
7.598	 2.65	 2	 -42.3236	  172.9967
7.599	 2.01	 1	 -42.5213	  173.3329
7.608	 2.01	 1	 -42.9358	  173.0426
7.611	 2.20	 1	 -43.1473	  172.6333
7.611	 2.15	 1	 -42.0388	  173.6671
7.612	 2.84	 1	 -42.2238	  174.0819
7.614	 2.86	 1	 -41.7376	  174.1897
7.616	 2.23	 1	 -41.6929	  174.3415
7.616	 2.71	 1	 -42.6218	  172.9026
7.616	 2.06	 1	 -41.6851	  174.0427
7.616	 2.59	 1	 -42.6771	  173.0058
7.617	 2.11	 2	 -42.7753	  173.2734
7.619	 2.07	 1	 -41.7876	  174.2666
7.619	 2.36	 1	 -42.3692	  173.9391
7.622	 2.01	 1	 -42.2668	  173.8096
7.623	 2.02	 1	 -42.1511	  173.6130
7.623	 2.25	 1	 -41.9807	  173.7612
7.624	 4.50	 2	 -42.4784	  173.0507
7.627	 2.10	 3	 -42.3301	  173.0383
7.628	 2.18	 3	 -42.5599	  173.0957
7.628	 3.29	 1	 -42.4106	  174.1001
7.629	 2.10	 1	 -42.1665	  173.1393
7.631	 2.55	 1	 -42.3208	  173.7060
7.632	 3.05	 1	 -42.4905	  173.0711
7.635	 2.19	 2	 -42.5025	  173.0126
7.638	 2.37	 1	 -41.9329	  174.0408
7.640	 2.04	 1	 -42.2557	  173.5941
7.643	 2.14	 1	 -41.7160	  174.3455
7.644	 2.29	 1	 -42.5327	  173.0511
7.646	 2.47	 2	 -42.6205	  173.0645
7.647	 2.12	 1	 -42.7435	  173.5743
7.647	 2.24	 2	 -42.2158	  173.6693
7.647	 2.24	 2	 -42.4807	  172.9841
7.648	 2.28	 2	 -41.7177	  174.2453
7.648	 2.16	 1	 -42.2352	  173.6397
7.649	 2.65	 2	 -42.3203	  173.0388
7.652	 2.30	 1	 -42.5626	  172.5655
7.653	 2.82	 1	 -42.4629	  173.2788
7.654	 2.02	 3	 -42.4815	  173.0546
7.654	 2.46	 2	 -37.8942	  172.4420
7.655	 3.75	 1	 -41.9226	  173.4927
7.656	 2.13	 1	 -41.7122	  174.2496
7.657	 2.36	 1	 -41.6126	  174.4387
7.657	 2.21	 1	 -41.7513	  174.3967
7.662	 2.47	 1	 -41.8754	  174.0349
7.663	 3.15	 1	 -42.7796	  173.3142
7.663	 2.39	 2	 -41.8151	  174.0963
7.664	 2.08	 1	 -42.6243	  173.0882
7.666	 2.24	 2	 -42.2952	  173.0447
7.666	 2.40	 2	 -42.4603	  172.9846
7.668	 2.08	 1	 -42.4128	  173.2063
7.671	 3.31	 1	 -42.1800	  173.8370
7.672	 2.96	 1	 -42.2122	  173.6027
7.673	 2.47	 2	 -41.4410	  174.3220
7.673	 3.27	 1	 -42.3665	  173.1511
7.675	 2.02	 1	 -43.2496	  172.8909
7.675	 2.30	 2	 -42.3015	  173.4062
7.677	 2.06	 1	 -41.6996	  174.2816
7.679	 2.23	 1	 -42.3338	  173.0918
7.679	 2.70	 2	 -41.9570	  173.7315
7.682	 2.14	 1	 -42.5130	  172.9932
7.683	 2.02	 1	 -41.7434	  174.2575
7.684	 2.35	 1	 -41.5125	  174.6505
7.686	 2.02	 1	 -41.7892	  174.1909
7.686	 2.25	 3	 -42.4900	  173.0645
7.688	 2.83	 1	 -42.5684	  173.9778
7.688	 2.44	 1	 -41.7692	  174.2177
7.688	 2.16	 1	 -42.4295	  173.8009
7.691	 2.21	 2	 -42.4275	  172.7078
7.693	 2.18	 1	 -42.6567	  172.7427
7.695	 2.00	 1	 -41.9081	  173.6616
7.696	 2.25	 1	 -41.7670	  174.2889
7.697	 2.62	 1	 -41.7205	  174.1433
7.698	 3.70	 2	 -42.3628	  173.7856
7.698	 2.06	 1	 -42.0428	  173.7347
7.701	 2.45	 1	 -41.7339	  174.3977
7.703	 2.72	 1	 -42.5687	  172.8894
7.704	 2.80	 2	 -42.3392	  172.7727
7.705	 2.18	 1	 -41.6768	  174.2721
7.706	 2.17	 1	 -42.0152	  172.7109
7.707	 2.34	 1	 -42.4542	  173.4844
7.707	 2.33	 2	 -42.3478	  173.5404
7.709	 2.02	 3	 -42.4561	  172.9958
7.709	 2.16	 1	 -41.7023	  174.2481
7.710	 2.05	 2	 -42.4798	  173.0501
7.711	 2.80	 1	 -42.4705	  173.2532
7.714	 2.29	 1	 -42.7994	  173.4109
7.717	 2.07	 1	 -42.0834	  173.8928
7.717	 2.74	 1	 -42.4794	  173.5139
7.721	 2.14	 1	 -41.7166	  174.2106
7.722	 2.86	 2	 -42.1674	  173.6538
7.724	 2.29	 2	 -41.7209	  174.1453
7.729	 2.06	 1	 -42.2705	  173.6283
7.730	 3.07	 2	 -43.0301	  171.6438
7.730	 2.68	 1	 -42.1594	  173.4107
7.731	 2.07	 1	 -42.2802	  174.1893
7.732	 2.71	 2	 -42.3501	  173.3158
7.733	 2.23	 1	 -42.0083	  173.3549
7.733	 2.38	 1	 -42.3376	  173.8959
7.735	 2.19	 1	 -42.2988	  173.1927
7.735	 2.25	 2	 -42.3592	  173.1512
7.737	 2.19	 1	 -42.4167	  173.1681
7.737	 2.95	 1	 -41.7788	  173.8898
7.737	 2.51	 2	 -42.3325	  173.0346
7.740	 2.36	 1	 -41.7180	  174.2927
7.740	 2.22	 1	 -42.6252	  172.7868
7.744	 2.61	 2	 -42.4299	  172.9666
7.748	 2.08	 1	 -41.7306	  174.2235
7.750	 3.00	 1	 -43.3951	  172.2917
7.751	 2.36	 1	 -41.7982	  174.2408
7.753	 3.04	 3	 -42.5465	  173.1074
7.753	 2.01	 3	 -42.5350	  173.1130
7.753	 2.36	 1	 -41.8528	  174.1432
7.756	 2.06	 2	 -42.7795	  173.2790
7.756	 3.50	 1	 -42.4090	  173.8555
7.757	 2.08	 3	 -42.9937	  171.6685
7.760	 2.40	 3	 -42.4947	  173.0150
7.760	 2.09	 1	 -41.8695	  173.9134
7.760	 2.36	 2	 -42.6963	  172.9205
7.763	 2.16	 1	 -42.5824	  173.2234
7.765	 2.48	 1	 -41.5526	  174.3680
7.767	 2.39	 1	 -42.2774	  173.6416
7.767	 2.65	 1	 -42.3965	  173.6884
7.767	 2.40	 1	 -41.6766	  174.2751
7.767	 2.17	 1	 -42.5213	  173.3431
7.768	 2.44	 1	 -41.8868	  173.9382
7.771	 2.50	 1	 -42.5890	  172.9735
7.771	 2.17	 1	 -41.9698	  173.9935
7.773	 2.06	 1	 -42.8126	  173.1233
7.774	 2.27	 1	 -41.7963	  174.1493
7.778	 2.17	 1	 -41.9279	  173.4622
7.782	 2.38	 2	 -42.4776	  173.1385
7.783	 2.07	 1	 -41.7825	  174.2623
7.784	 2.76	 1	 -41.7855	  174.2248
7.785	 2.91	 1	 -42.5940	  173.1653
7.786	 2.11	 2	 -42.4402	  172.9985
7.789	 2.16	 1	 -41.7351	  174.3922
7.790	 2.10	 1	 -42.6049	  173.1586
7.793	 2.20	 1	 -41.8654	  174.2154
7.794	 2.67	 1	 -42.5697	  171.5070
7.799	 2.07	 1	 -42.5522	  173.7906
7.802	 3.09	 2	 -42.2907	  172.1568
7.802	 2.03	 1	 -42.3561	  173.3514
7.803	 2.39	 1	 -42.6459	  173.0127
7.806	 2.04	 3	 -41.8222	  174.0956
7.809	 2.56	 2	 -42.2987	  173.3989
7.810	 2.51	 1	 -42.3408	  173.8408
7.813	 2.05	 2	 -41.9178	  173.4940
7.814	 2.19	 1	 -41.6487	  174.2760
7.817	 2.62	 2	 -42.3510	  173.0248
7.817	 2.06	 1	 -41.6949	  174.3286
7.821	 2.98	 1	 -42.1465	  173.5763
7.826	 3.01	 1	 -42.2954	  173.8254
7.826	 2.54	 1	 -42.1963	  172.6172
7.828	 2.10	 1	 -41.6928	  174.2261
7.833	 2.29	 1	 -42.4833	  173.3454
7.834	 2.71	 1	 -42.4886	  173.3497
7.835	 2.50	 2	 -42.3351	  173.0380
7.837	 2.24	 1	 -41.9187	  173.9426
7.837	 2.63	 1	 -42.5415	  173.1813
7.837	 2.78	 1	 -42.1211	  173.7755
7.841	 3.48	 2	 -42.2981	  173.0593
7.842	 2.38	 1	 -42.3983	  173.4441
7.843	 2.19	 1	 -41.7424	  174.2367
7.844	 2.11	 2	 -41.8665	  173.9555
7.844	 2.35	 1	 -41.8089	  174.1947
7.849	 2.15	 1	 -42.0899	  173.7149
7.851	 2.14	 1	 -42.1215	  173.7167
7.853	 3.59	 1	 -42.2312	  173.6337
7.853	 2.48	 1	 -41.6564	  174.1343
7.855	 2.04	 1	 -43.4595	  171.7549
7.856	 2.81	 1	 -42.2878	  173.7809
7.857	 2.01	 1	 -42.1746	  173.5864
7.863	 2.20	 2	 -42.2587	  173.6584
7.865	 2.11	 1	 -41.7362	  174.2789
7.867	 2.22	 1	 -42.1758	  173.5051
7.867	 2.45	 2	 -42.3179	  173.8337
7.870	 2.61	 1	 -42.4012	  173.3972
7.871	 2.12	 1	 -41.7362	  174.2610
7.872	 2.35	 1	 -41.5946	  174.4135
7.873	 2.03	 2	 -43.2485	  172.8896
7.875	 2.49	 3	 -42.4600	  173.0403
7.876	 2.53	 2	 -41.6707	  174.1838
7.878	 2.12	 1	 -42.2641	  173.6275
7.878	 2.31	 1	 -42.1849	  173.5916
7.882	 2.07	 1	 -42.2724	  173.6324
7.883	 2.10	 2	 -41.8929	  173.8119
7.883	 2.35	 1	 -42.4678	  173.3247
7.886	 2.05	 1	 -42.5623	  173.8243
7.887	 2.02	 1	 -42.0777	  173.7677
7.887	 2.54	 1	 -42.0831	  174.0918
7.889	 2.19	 2	 -42.6861	  173.7885
7.891	 2.20	 2	 -42.5515	  174.0342
7.891	 2.26	 2	 -42.5394	  173.7109
7.897	 2.48	 1	 -42.0070	  173.5718
7.897	 2.04	 1	 -41.7652	  174.2950
7.900	 2.09	 2	 -42.2472	  173.6399
7.900	 2.04	 2	 -42.3418	  172.8862
7.902	 2.14	 1	 -41.7413	  174.2764
7.904	 2.15	 1	 -42.1242	  173.7451
7.905	 2.32	 1	 -42.3097	  174.0883
7.908	 2.03	 1	 -42.0229	  173.9214
7.908	 2.01	 1	 -42.6333	  172.8754
7.909	 2.02	 1	 -42.7070	  172.7293
7.913	 2.47	 2	 -42.1740	  173.8480
7.917	 2.11	 1	 -42.5794	  173.0663
7.919	 2.38	 1	 -41.6335	  174.3337
7.920	 2.34	 1	 -41.9524	  173.8891
7.920	 3.25	 1	 -42.1739	  173.6807
7.920	 2.02	 1	 -41.5338	  174.3038
7.921	 3.11	 2	 -42.2105	  173.7233
7.924	 2.24	 1	 -42.2858	  173.5425
7.924	 2.10	 1	 -42.6521	  173.0607
7.925	 2.37	 1	 -42.4178	  174.0438
7.926	 2.59	 1	 -42.4032	  173.5122
7.926	 2.27	 2	 -42.5592	  174.1430
7.927	 2.79	 1	 -42.4528	  173.4038
7.927	 2.58	 1	 -42.8476	  172.8289
7.934	 2.15	 1	 -41.6628	  174.3292
7.934	 2.44	 1	 -42.5430	  173.5212
7.935	 2.23	 1	 -41.5255	  172.4516
7.937	 2.24	 1	 -42.3958	  173.6946
7.937	 2.30	 2	 -42.3454	  173.8394
7.939	 3.13	 1	 -42.0015	  173.8906
7.939	 2.94	 1	 -42.6941	  173.0315
7.942	 3.78	 1	 -41.6602	  174.1308
7.944	 3.39	 1	 -41.7355	  174.3048
7.950	 2.53	 1	 -41.7191	  174.3640
7.951	 2.23	 1	 -41.4859	  174.2928
7.951	 2.16	 1	 -41.7543	  174.1844
7.952	 2.17	 1	 -42.2253	  172.8531
7.959	 2.01	 3	 -42.5131	  173.0120
7.962	 2.24	 1	 -42.6393	  173.0468
7.965	 2.12	 1	 -42.8362	  172.6381
7.967	 2.19	 1	 -41.6941	  174.2697
7.970	 2.19	 1	 -42.6067	  173.0124
7.971	 2.30	 1	 -42.6822	  172.9797
7.972	 2.13	 1	 -42.0136	  173.8325
7.973	 2.43	 1	 -42.4968	  172.9164
7.979	 2.31	 1	 -41.6714	  173.1433
7.980	 2.18	 2	 -42.4179	  172.9379
7.983	 2.06	 1	 -41.8281	  174.2276
7.985	 2.22	 2	 -42.7771	  173.2978
7.990	 2.34	 1	 -42.2180	  173.8504
7.990	 3.55	 2	 -42.3144	  173.0721
7.999	 2.35	 2	 -42.6341	  172.8676
8.002	 2.36	 1	 -42.6674	  173.1526
8.003	 2.09	 2	 -41.9221	  173.5236
8.005	 2.44	 1	 -41.9239	  174.3629
8.006	 3.44	 1	 -42.0557	  173.8031
8.006	 2.01	 1	 -41.1372	  175.1651
8.012	 2.15	 1	 -42.3883	  173.4822
8.016	 2.06	 3	 -42.3893	  173.5934
8.018	 2.99	 1	 -41.6907	  174.2101
8.018	 2.22	 1	 -42.3404	  173.6846
8.027	 2.25	 1	 -42.9417	  171.7835
8.028	 2.05	 1	 -42.6701	  172.9505
8.031	 3.82	 1	 -41.9268	  173.7372
8.034	 3.07	 2	 -42.2612	  173.0110
8.037	 3.12	 1	 -41.6905	  174.2670
8.038	 2.75	 1	 -41.7528	  174.2290
8.039	 2.53	 2	 -42.4811	  174.0106
8.039	 2.04	 1	 -42.4304	  174.1308
8.041	 2.92	 1	 -41.9074	  174.0332
8.047	 2.15	 1	 -42.2908	  173.4982
8.050	 2.02	 1	 -41.7101	  174.3004
8.051	 2.26	 1	 -41.5094	  172.3784
8.051	 2.61	 1	 -42.2772	  173.6983
8.051	 2.47	 2	 -42.4379	  174.0845
8.052	 2.91	 1	 -42.3275	  173.0301
8.055	 2.14	 1	 -42.3227	  173.6263
8.055	 2.10	 2	 -42.0286	  173.7574
8.061	 2.08	 1	 -42.2138	  172.9879
8.061	 2.19	 2	 -41.9117	  174.0062
8.062	 2.18	 3	 -42.2094	  173.7201
8.067	 2.92	 2	 -42.2196	  173.0583
8.068	 2.16	 1	 -42.4398	  173.0432
8.070	 2.29	 1	 -42.2726	  173.6055
8.073	 2.30	 2	 -42.6268	  174.0369
8.074	 2.44	 1	 -42.4543	  173.6829
8.075	 2.54	 1	 -42.7298	  172.9599
8.075	 2.12	 1	 -42.5247	  173.2411
8.081	 2.23	 1	 -42.7212	  173.0486
8.083	 2.79	 1	 -42.2147	  173.7198
8.085	 2.01	 1	 -42.2090	  173.6637
8.085	 2.17	 1	 -42.3687	  173.7049
8.086	 2.19	 1	 -42.3833	  173.8573
8.089	 2.10	 1	 -42.2412	  173.6126
8.091	 2.02	 1	 -41.6703	  174.2663
8.091	 2.63	 1	 -42.2690	  173.8295
8.092	 2.07	 2	 -42.1730	  173.8382
8.092	 2.69	 3	 -42.3183	  173.0617
8.096	 2.39	 1	 -42.4344	  173.7247
8.108	 2.11	 1	 -42.8687	  173.3676
8.111	 2.08	 2	 -42.4654	  173.0985
8.113	 2.22	 2	 -42.2874	  173.7207
8.113	 2.20	 1	 -41.9833	  173.9934
8.114	 2.07	 1	 -42.0028	  173.0952
8.119	 2.04	 2	 -42.4911	  172.9010
8.119	 2.72	 2	 -42.4317	  172.9034
8.120	 2.18	 1	 -42.3564	  173.9413
8.121	 2.25	 1	 -41.9345	  173.5915
8.123	 2.24	 1	 -42.5274	  173.1188
8.125	 2.04	 1	 -41.7950	  174.2351
8.128	 2.29	 1	 -42.5005	  172.4728
8.129	 2.89	 1	 -41.7087	  174.3926
8.143	 2.16	 2	 -42.3886	  172.9821
8.144	 2.02	 1	 -41.6800	  174.3016
8.148	 2.10	 1	 -42.1982	  174.1584
8.150	 2.38	 1	 -42.3933	  173.8307
8.150	 2.04	 2	 -41.9407	  173.6029
8.157	 2.48	 1	 -41.6905	  174.2471
8.165	 2.00	 1	 -42.4271	  174.1786
8.169	 2.80	 1	 -42.2184	  173.8326
8.172	 2.80	 1	 -42.1975	  173.4474
8.172	 2.46	 1	 -42.6249	  172.9143
8.173	 2.43	 2	 -42.4006	  173.3957
8.175	 2.13	 1	 -41.8771	  173.9442
8.176	 2.13	 1	 -42.6588	  172.7534
8.176	 2.30	 2	 -42.3423	  172.8932
8.176	 2.30	 1	 -42.4902	  173.3811
8.180	 2.29	 2	 -41.6379	  174.1111
8.182	 2.49	 1	 -42.5072	  173.3337
8.182	 2.36	 1	 -41.8480	  174.2051
8.191	 2.43	 2	 -42.5209	  172.7808
8.191	 2.22	 2	 -42.4730	  173.7338
8.193	 2.19	 1	 -45.1372	  171.9765
8.193	 2.01	 1	 -42.3277	  173.4470
8.196	 2.40	 1	 -42.3942	  173.9978
8.196	 2.25	 2	 -41.7033	  174.3381
8.197	 2.72	 2	 -41.9181	  173.7136
8.198	 2.11	 2	 -42.4666	  173.2858
8.200	 2.02	 1	 -42.5127	  173.2229
8.202	 2.28	 1	 -42.2035	  173.7498
8.204	 2.19	 1	 -42.3458	  173.8323
8.205	 2.39	 1	 -42.3487	  173.0794
8.208	 2.60	 1	 -41.9619	  173.6747
8.210	 2.43	 1	 -42.1322	  173.5547
8.212	 2.93	 1	 -41.7121	  174.3277
8.213	 2.54	 1	 -42.5049	  173.2533
8.215	 2.24	 1	 -41.6379	  174.3843
8.215	 2.94	 2	 -43.9258	  174.0185
8.219	 2.21	 2	 -42.2917	  173.6840
8.222	 2.21	 1	 -41.7054	  174.4809
8.223	 2.35	 1	 -42.4965	  173.0992
8.224	 2.44	 1	 -42.4525	  173.2125
8.224	 2.89	 1	 -42.0860	  173.8024
8.225	 2.08	 1	 -41.7508	  174.4684
8.226	 2.20	 1	 -42.4029	  173.6703
8.226	 2.11	 1	 -42.4153	  171.0820
8.226	 2.62	 3	 -42.2936	  173.0166
8.228	 2.04	 1	 -42.4243	  173.8405
8.229	 2.19	 1	 -42.6506	  172.8399
8.230	 2.60	 1	 -41.6899	  174.1801
8.239	 2.06	 1	 -42.3676	  173.5547
8.239	 2.12	 1	 -41.7646	  174.0729
8.243	 2.22	 1	 -41.6805	  174.1620
8.245	 2.36	 1	 -42.0495	  173.6524
8.248	 2.03	 1	 -41.9769	  173.9671
8.250	 2.21	 1	 -42.4762	  172.8561
8.250	 2.90	 1	 -42.2230	  173.5589
8.255	 2.04	 2	 -42.4476	  173.0295
8.259	 2.64	 1	 -42.5154	  173.2810
8.259	 2.26	 1	 -42.6712	  173.2726
8.260	 2.06	 1	 -43.1130	  172.6830
8.261	 2.03	 1	 -41.6829	  174.3233
8.265	 2.25	 1	 -42.2618	  173.7292
8.266	 2.93	 1	 -42.1677	  173.6297
8.266	 2.29	 1	 -42.0349	  173.5545
8.273	 2.15	 1	 -42.8471	  172.5336
8.273	 2.78	 1	 -42.4557	  173.1706
8.275	 2.40	 1	 -42.2785	  174.0647
8.275	 2.47	 1	 -42.3911	  173.1420
8.279	 2.13	 1	 -42.9282	  173.9581
8.281	 2.06	 1	 -42.4497	  173.1192
8.283	 2.09	 1	 -42.4230	  173.4403
8.283	 2.08	 1	 -41.7008	  174.3091
8.284	 2.28	 3	 -43.9108	  174.0096
8.286	 2.25	 1	 -42.6842	  172.9985
8.286	 2.30	 2	 -42.0886	  173.7982
8.287	 4.87	 3	 -42.4783	  173.0593
8.290	 2.25	 1	 -41.7721	  174.6847
8.290	 2.23	 1	 -42.4448	  173.7573
8.291	 2.94	 1	 -42.4709	  173.1378
8.293	 2.56	 2	 -42.3121	  174.0912
8.297	 2.76	 1	 -42.8237	  173.0710
8.303	 2.29	 1	 -42.3568	  173.6592
8.305	 2.10	 1	 -41.9747	  173.8802
8.307	 2.03	 2	 -42.9249	  173.9613
8.308	 2.88	 1	 -42.4388	  173.9453
8.308	 2.56	 2	 -46.7331	  175.4025
8.311	 3.08	 2	 -42.0075	  173.6180
8.314	 3.66	 4	 -42.6020	  172.9545
8.316	 5.11	 1	 -41.6396	  174.2153
8.316	 2.02	 2	 -41.6590	  174.2032
8.320	 2.56	 1	 -41.7132	  174.2135
8.321	 2.09	 2	 -41.6521	  174.2578
8.322	 2.82	 1	 -41.6822	  174.2351
8.323	 2.04	 1	 -42.5726	  172.8473
8.329	 2.34	 1	 -42.4970	  172.9609
8.329	 2.21	 2	 -41.6685	  174.3232
8.329	 2.24	 1	 -42.6767	  173.9046
8.330	 2.19	 2	 -42.3755	  172.9706
8.332	 2.23	 2	 -42.5524	  171.5173
8.333	 2.35	 2	 -41.6427	  174.2042
8.333	 2.04	 1	 -41.9756	  174.1781
8.334	 2.56	 1	 -42.1289	  173.5459
8.335	 2.46	 1	 -42.3251	  173.6527
8.336	 2.36	 1	 -41.8662	  174.4407
8.339	 2.17	 2	 -41.6623	  174.2505
8.340	 3.56	 2	 -41.6078	  174.1901
8.342	 2.51	 1	 -42.4391	  172.7022
8.342	 2.80	 1	 -42.6678	  172.8823
8.344	 4.44	 1	 -42.0992	  173.0081
8.346	 3.12	 2	 -42.0191	  173.6232
8.346	 2.21	 1	 -41.8268	  174.1706
8.347	 2.43	 1	 -42.3778	  173.1025
8.347	 2.47	 4	 -42.6220	  173.0123
8.348	 2.59	 2	 -41.6854	  174.1961
8.349	 2.15	 1	 -41.6751	  174.2955
8.349	 2.05	 2	 -42.4585	  172.9905
8.350	 2.24	 2	 -42.0993	  173.0217
8.350	 2.53	 1	 -42.3362	  174.0784
8.351	 2.23	 1	 -42.6955	  172.8358
8.351	 2.19	 1	 -42.3693	  173.2778
8.354	 2.07	 1	 -42.1376	  173.6284
8.358	 2.07	 1	 -41.6738	  174.3416
8.358	 2.79	 1	 -42.5422	  173.0648
8.361	 3.32	 1	 -41.7581	  172.6218
8.361	 2.44	 1	 -42.1948	  173.6327
8.361	 3.16	 1	 -42.6639	  173.0375
8.365	 2.03	 1	 -42.3517	  173.7842
8.368	 2.22	 2	 -41.8213	  174.4882
8.368	 2.39	 1	 -42.2361	  173.8309
8.369	 2.08	 1	 -41.6430	  174.2668
8.370	 2.67	 2	 -41.6435	  174.2126
8.373	 2.33	 1	 -42.2985	  173.7355
8.374	 2.10	 2	 -41.6358	  174.2197
8.376	 2.19	 1	 -41.9434	  174.1417
8.378	 2.46	 2	 -41.8355	  173.9944
8.378	 3.50	 1	 -42.4617	  173.0668
8.378	 2.09	 1	 -42.2618	  173.8539
8.379	 2.13	 1	 -43.2147	  174.0716
8.380	 2.44	 1	 -41.7726	  174.2444
8.383	 2.39	 1	 -42.3450	  173.7389
8.384	 2.21	 1	 -41.9909	  173.5702
8.384	 2.43	 1	 -42.7571	  173.6311
8.386	 2.99	 1	 -41.6996	  174.2085
8.386	 2.19	 1	 -43.3002	  175.2112
8.387	 3.49	 2	 -42.0174	  173.1385
8.389	 2.35	 1	 -42.3359	  174.0181
8.392	 3.41	 1	 -42.3433	  173.6795
8.394	 2.15	 3	 -42.3424	  172.8939
8.397	 2.14	 1	 -41.9742	  173.7244
8.398	 2.03	 4	 -42.5904	  173.1964
8.404	 2.39	 2	 -42.6639	  173.0400
8.404	 2.07	 1	 -42.5406	  173.2288
8.406	 2.62	 1	 -41.8112	  174.2307
8.408	 2.63	 2	 -41.7176	  174.3293
8.409	 4.40	 4	 -42.6247	  173.1412
8.410	 2.15	 1	 -41.6857	  174.3045
8.412	 2.68	 2	 -42.3867	  173.1531
8.412	 2.28	 4	 -42.4902	  173.0495
8.413	 2.08	 1	 -42.6265	  173.2059
8.416	 2.30	 2	 -41.6191	  174.2212
8.418	 2.70	 1	 -41.8222	  174.0729
8.420	 3.25	 1	 -41.9482	  173.7791
8.421	 2.22	 2	 -42.3801	  173.5934
8.425	 2.78	 2	 -41.6129	  174.2837
8.425	 2.11	 1	 -41.6755	  174.3142
8.427	 2.23	 1	 -42.4389	  173.4919
8.428	 2.08	 5	 -42.6373	  173.1602
8.429	 2.20	 4	 -42.4816	  173.0640
8.432	 2.03	 5	 -42.6304	  173.1615
8.432	 2.18	 1	 -42.2505	  173.8073
8.432	 2.94	 2	 -41.6388	  174.1939
8.434	 2.31	 1	 -41.7411	  174.2814
8.435	 2.37	 3	 -43.9512	  174.0127
8.436	 2.61	 2	 -41.9879	  173.0884
8.438	 2.25	 1	 -42.2645	  173.6754
8.438	 2.55	 2	 -42.5416	  172.8972
8.440	 3.62	 2	 -42.7067	  173.8570
8.441	 3.76	 2	 -41.6345	  174.2003
8.442	 3.09	 1	 -44.3596	  171.3413
8.443	 2.65	 1	 -42.1081	  173.5905
8.444	 2.42	 1	 -42.3139	  173.6900
8.447	 3.89	 2	 -41.5154	  174.1778
8.451	 2.32	 2	 -41.1261	  167.7753
8.456	 2.34	 3	 -41.6431	  174.2133
8.456	 2.26	 1	 -42.4323	  173.6990
8.457	 2.04	 1	 -42.6827	  172.8029
8.459	 2.12	 2	 -42.1025	  173.0037
8.464	 2.56	 1	 -41.9528	  173.2394
8.466	 2.33	 2	 -42.9647	  173.9735
8.466	 2.09	 1	 -42.3650	  174.0049
8.467	 2.72	 1	 -42.5230	  173.0473
8.471	 2.51	 1	 -42.5216	  173.1142
8.474	 2.16	 1	 -41.7762	  174.2408
8.474	 2.08	 2	 -42.5158	  173.8655
8.476	 2.29	 2	 -41.6989	  174.1657
8.476	 2.11	 1	 -42.4846	  173.4327
8.477	 2.32	 1	 -41.6764	  173.8263
8.479	 2.75	 4	 -42.4643	  173.0484
8.482	 2.30	 2	 -41.6368	  174.2860
8.485	 2.48	 4	 -42.3610	  172.8483
8.488	 2.01	 1	 -42.7899	  172.7439
8.488	 2.11	 3	 -41.5184	  174.1791
8.491	 2.38	 1	 -41.7026	  174.2239
8.492	 2.12	 2	 -41.6285	  174.2106
8.493	 2.91	 1	 -42.0540	  173.8042
8.496	 2.39	 2	 -41.8471	  173.8674
8.496	 2.24	 1	 -42.3347	  173.7461
8.497	 2.17	 1	 -42.0605	  173.8271
8.498	 2.57	 2	 -42.7098	  172.8391
8.499	 2.83	 1	 -42.5014	  173.3890
8.500	 3.39	 1	 -41.6514	  174.1812
8.501	 2.28	 2	 -42.4594	  172.9833
8.501	 2.12	 1	 -42.7942	  172.9963
8.501	 2.23	 1	 -44.0137	  175.0699
8.506	 2.03	 1	 -42.5114	  173.1757
8.510	 2.24	 5	 -42.6853	  173.0893
8.511	 2.39	 3	 -42.5177	  172.9359
8.512	 2.08	 1	 -42.2579	  173.8380
8.512	 2.07	 1	 -41.8897	  173.9999
8.514	 2.04	 2	 -41.6140	  174.1917
8.514	 2.01	 1	 -45.6699	  173.0089
8.515	 2.33	 1	 -41.8088	  174.1976
8.516	 2.95	 2	 -41.5361	  174.2725
8.517	 2.00	 1	 -41.8034	  174.0168
8.517	 2.08	 1	 -42.2961	  173.7290
8.520	 2.43	 4	 -42.4703	  173.0360
8.520	 2.43	 2	 -41.7436	  174.3054
8.526	 3.03	 1	 -42.2693	  173.5740
8.527	 2.01	 1	 -41.6955	  174.2334
8.527	 2.28	 4	 -42.4705	  173.0914
8.529	 3.16	 1	 -42.3499	  173.7591
8.534	 2.18	 1	 -42.7061	  173.3336
8.535	 2.02	 1	 -42.4671	  173.8275
8.538	 2.26	 2	 -42.1720	  173.0130
8.539	 3.26	 1	 -41.7136	  174.3180
8.539	 2.88	 2	 -42.1963	  172.6177
8.541	 2.75	 1	 -42.4895	  173.1447
8.544	 2.60	 1	 -42.1898	  173.4185
8.546	 2.04	 1	 -41.9484	  174.0658
8.546	 2.48	 2	 -41.6380	  174.2379
8.550	 2.35	 3	 -41.6452	  174.2020
8.550	 2.15	 1	 -42.3032	  174.0446
8.550	 2.80	 2	 -41.6026	  174.2110
8.551	 2.73	 1	 -42.9699	  172.7717
8.554	 2.05	 1	 -42.1781	  173.6116
8.556	 2.17	 2	 -41.6589	  174.1301
8.556	 2.54	 1	 -41.7393	  174.1707
8.559	 2.92	 1	 -41.7736	  174.3262
8.560	 2.42	 1	 -44.7260	  169.7858
8.560	 3.87	 3	 -41.5228	  174.1993
8.564	 2.61	 2	 -42.0962	  173.0022
8.564	 2.08	 3	 -41.5214	  174.1776
8.567	 2.11	 1	 -42.3261	  173.7972
8.568	 3.37	 1	 -42.5805	  173.2885
8.569	 2.33	 1	 -41.7248	  174.2354
8.569	 2.26	 1	 -42.7802	  173.0513
8.571	 2.01	 1	 -42.6598	  173.0566
8.571	 2.14	 1	 -42.3799	  172.9781
8.573	 2.34	 2	 -42.3180	  173.6675
8.573	 2.05	 1	 -41.7001	  174.2328
8.575	 2.38	 1	 -42.2753	  173.7427
8.577	 2.68	 1	 -43.7012	  170.1126
8.578	 2.04	 1	 -42.4380	  173.6369
8.578	 2.40	 1	 -41.6885	  174.2460
8.579	 2.02	 1	 -42.2421	  172.9492
8.580	 2.21	 2	 -41.7429	  174.1961
8.584	 2.61	 1	 -42.4496	  173.2256
8.585	 2.12	 1	 -41.7700	  174.2672
8.586	 2.17	 1	 -41.7718	  174.3830
8.587	 3.05	 1	 -42.6285	  173.1989
8.588	 2.32	 1	 -41.7042	  174.3347
8.591	 2.58	 1	 -41.6678	  174.1731
8.591	 2.01	 1	 -42.5954	  172.9713
8.595	 3.82	 1	 -42.7014	  172.8248
8.596	 2.02	 1	 -41.6546	  174.2626
8.598	 2.21	 1	 -42.5227	  173.1781
8.600	 2.30	 1	 -42.6103	  172.7601
8.601	 2.05	 4	 -42.5419	  173.3142
8.601	 2.62	 2	 -43.1348	  171.5417
8.602	 2.49	 1	 -42.8819	  174.0682
8.603	 2.10	 1	 -41.9560	  174.1208
8.603	 2.08	 2	 -41.6413	  174.2073
8.605	 2.37	 2	 -42.3502	  173.6812
8.605	 2.08	 5	 -42.5574	  173.1706
8.606	 2.20	 2	 -42.4829	  173.2547
8.608	 2.05	 2	 -41.6662	  174.2055
8.613	 2.60	 2	 -41.7586	  172.6209
8.615	 2.45	 4	 -42.4359	  173.4353
8.616	 2.01	 2	 -41.6499	  174.1985
8.616	 2.06	 1	 -41.6747	  174.3106
8.618	 2.48	 1	 -42.0466	  173.7033
8.621	 2.45	 1	 -42.5942	  173.0308
8.624	 2.51	 1	 -41.9630	  173.7192
8.626	 2.61	 1	 -42.9069	  174.2866
8.627	 2.05	 1	 -41.7219	  174.2961
8.629	 2.91	 1	 -41.6897	  174.2469
8.631	 2.53	 1	 -41.7287	  174.1228
8.633	 2.17	 1	 -41.8649	  174.0277
8.633	 2.23	 1	 -42.4605	  173.3359
8.634	 2.54	 2	 -41.6667	  174.3579
8.635	 2.64	 1	 -41.8727	  174.3210
8.635	 2.46	 1	 -42.0651	  173.4353
8.636	 2.07	 1	 -42.2934	  173.7426
8.638	 2.39	 2	 -42.4204	  172.9597
8.638	 2.39	 1	 -42.2893	  173.6874
8.645	 2.20	 3	 -41.6508	  174.2581
8.662	 2.38	 2	 -41.6665	  174.1741
8.667	 3.02	 1	 -41.7046	  174.3565
8.667	 2.81	 1	 -42.0156	  173.8457
8.672	 2.07	 1	 -41.7956	  174.2353
8.673	 2.07	 3	 -42.5056	  172.8612
8.673	 2.56	 1	 -42.3167	  173.6826
8.674	 3.49	 1	 -42.4366	  173.1863
8.676	 2.78	 1	 -42.5357	  173.2612
8.676	 2.09	 3	 -41.6350	  174.2057
8.678	 2.08	 1	 -41.8410	  174.2836
8.679	 2.14	 1	 -42.0405	  173.7091
8.680	 3.49	 1	 -42.2080	  173.7775
8.681	 2.57	 4	 -42.5188	  173.0765
8.681	 2.38	 1	 -42.3755	  174.0630
8.681	 2.42	 1	 -42.1407	  173.7118
8.682	 2.29	 2	 -41.8138	  174.1953
8.686	 2.50	 1	 -42.6535	  173.0948
8.686	 2.30	 1	 -40.7681	  172.8013
8.688	 2.13	 5	 -42.6298	  173.1272
8.690	 3.39	 4	 -42.4991	  173.0682
8.692	 3.09	 4	 -42.4771	  173.0491
8.693	 2.13	 2	 -41.6431	  173.9659
8.694	 2.03	 1	 -41.7001	  174.3673
8.699	 2.40	 3	 -42.4848	  173.0547
8.700	 2.36	 2	 -42.3312	  173.0233
8.701	 2.80	 1	 -42.3884	  174.0001
8.702	 2.34	 1	 -42.5061	  173.1483
8.707	 2.16	 2	 -41.5652	  174.2138
8.708	 2.05	 1	 -42.6639	  172.7862
8.708	 2.83	 1	 -41.8450	  174.0786
8.717	 2.24	 1	 -42.3895	  173.7807
8.717	 2.17	 1	 -41.7591	  174.3050
8.718	 2.91	 2	 -42.4118	  171.1807
8.718	 2.18	 2	 -42.0405	  173.7121
8.720	 2.13	 1	 -42.3209	  173.1219
8.720	 2.28	 1	 -41.7776	  174.3155
8.721	 2.27	 1	 -41.7231	  174.1250
8.722	 2.19	 1	 -41.8247	  173.7603
8.722	 2.09	 1	 -42.4132	  173.0455
8.723	 2.05	 1	 -42.2218	  173.6340
8.724	 2.04	 1	 -42.6089	  173.2948
8.725	 2.03	 1	 -42.1909	  173.5898
8.726	 2.11	 1	 -41.7446	  174.1802
8.727	 2.17	 1	 -42.5779	  173.2746
8.728	 2.69	 1	 -42.3317	  173.8198
8.729	 2.63	 2	 -41.6169	  174.2126
8.731	 2.62	 1	 -40.0320	  169.8459
8.734	 2.01	 2	 -42.2133	  173.7781
8.740	 2.78	 2	 -42.4316	  172.9032
8.742	 2.65	 1	 -42.2941	  173.5189
8.742	 2.06	 1	 -41.6250	  173.8499
8.742	 2.08	 1	 -42.4615	  173.3944
8.743	 2.54	 1	 -42.1788	  173.8153
8.743	 2.49	 5	 -42.5334	  172.8846
8.743	 3.02	 1	 -42.6980	  173.0676
8.744	 3.53	 2	 -42.9145	  172.6188
8.745	 2.22	 1	 -41.7190	  174.3690
8.747	 2.33	 2	 -41.6279	  174.2832
8.748	 3.09	 1	 -42.2564	  173.2905
8.751	 2.26	 1	 -42.3268	  173.6548
8.752	 3.35	 1	 -42.6596	  172.8059
8.755	 2.21	 3	 -42.9181	  172.6210
8.758	 2.21	 4	 -41.5241	  174.1990
8.759	 2.30	 2	 -41.7075	  174.0860
8.759	 3.62	 2	 -42.2679	  173.6720
8.759	 2.39	 1	 -41.7204	  174.3583
8.761	 2.35	 2	 -41.4926	  174.2772
8.762	 2.22	 1	 -42.4340	  173.7655
8.765	 2.54	 1	 -42.5450	  175.0658
8.765	 2.11	 2	 -41.5898	  174.1478
8.766	 2.10	 1	 -43.2746	  173.8077
8.768	 2.46	 1	 -42.3855	  173.0859
8.769	 2.03	 1	 -42.4494	  173.2019
8.772	 2.93	 1	 -42.6174	  173.1714
8.772	 2.12	 1	 -42.5533	  173.1162
8.774	 2.07	 1	 -42.4437	  173.7840
8.775	 2.45	 1	 -42.6929	  172.9539
8.776	 2.10	 2	 -42.2341	  173.7054
8.779	 2.79	 2	 -42.2485	  172.9767
8.779	 2.80	 1	 -42.7972	  172.7071
8.780	 2.30	 1	 -41.7989	  174.2321
8.780	 2.02	 3	 -42.4639	  173.0103
8.783	 2.22	 1	 -41.7519	  174.4195
8.786	 2.01	 4	 -42.4717	  173.0294
8.786	 3.60	 1	 -42.3389	  173.5200
8.791	 2.05	 1	 -42.3369	  173.9953
8.793	 3.59	 1	 -41.7306	  174.2343
8.796	 2.17	 4	 -41.6170	  174.1807
8.797	 2.39	 3	 -41.5176	  174.1735
8.797	 2.40	 1	 -42.2401	  173.7059
8.799	 2.63	 1	 -42.6856	  172.9349
8.800	 2.22	 2	 -42.3877	  173.9973
8.802	 2.24	 1	 -41.8393	  174.1701
8.803	 2.44	 1	 -42.5753	  173.0765
8.804	 2.22	 1	 -42.4633	  173.7722
8.804	 2.07	 1	 -41.5040	  175.7614
8.806	 2.47	 3	 -42.2683	  173.0014
8.809	 2.40	 1	 -42.1125	  173.4090
8.810	 2.47	 1	 -43.2188	  173.1204
8.812	 3.24	 1	 -42.5831	  173.1605
8.813	 2.64	 2	 -42.7009	  173.0797
8.815	 2.24	 1	 -41.9378	  174.2458
8.815	 2.79	 4	 -42.4234	  173.1503
8.815	 2.78	 1	 -42.6496	  172.8225
8.815	 2.02	 1	 -42.3414	  173.7793
8.816	 2.00	 2	 -42.4761	  172.9382
8.817	 2.41	 1	 -42.1508	  173.7245
8.820	 2.19	 3	 -42.3320	  173.0209
8.821	 2.76	 1	 -42.6371	  173.3214
8.823	 2.24	 1	 -42.3854	  173.7310
8.824	 2.43	 2	 -41.6410	  174.2881
8.824	 2.07	 1	 -42.5424	  173.1198
8.829	 2.35	 1	 -43.2262	  172.7854
8.831	 2.30	 1	 -42.4441	  173.2256
8.831	 2.12	 1	 -41.8423	  174.2973
8.832	 3.12	 1	 -42.1984	  173.9568
8.832	 3.25	 1	 -42.0714	  173.7455
8.835	 2.12	 3	 -42.2665	  173.6734
8.835	 2.07	 1	 -42.5603	  173.1724
8.835	 2.85	 2	 -42.3112	  172.9659
8.836	 2.05	 2	 -41.6582	  174.2299
8.840	 2.17	 3	 -41.6737	  174.1956
8.842	 2.00	 1	 -42.4158	  173.8224
8.844	 2.15	 3	 -42.3775	  174.0190
8.846	 2.02	 2	 -42.6317	  173.2120
8.846	 2.11	 2	 -43.4477	  172.0837
8.851	 3.12	 3	 -44.2400	  173.5780
8.852	 2.16	 2	 -42.3390	  173.7480
8.861	 2.54	 2	 -42.6055	  173.1638
8.863	 2.38	 2	 -42.0917	  173.7567
8.863	 2.03	 2	 -42.0703	  173.7464
8.866	 2.04	 1	 -42.3006	  173.4812
8.869	 2.38	 1	 -42.4307	  174.2291
8.869	 2.67	 1	 -42.2839	  173.6893
8.870	 3.27	 1	 -41.7278	  174.3285
8.873	 2.12	 1	 -42.5123	  173.1777
8.875	 2.82	 1	 -42.5338	  173.1787
8.878	 2.44	 1	 -42.4091	  173.0873
8.878	 2.18	 1	 -41.6949	  174.2492
8.883	 3.06	 1	 -42.5224	  173.9411
8.884	 2.28	 2	 -42.6561	  172.8010
8.884	 2.02	 1	 -42.4964	  173.4633
8.887	 3.25	 2	 -42.3420	  173.4953
8.889	 2.20	 2	 -41.6548	  174.2141
8.889	 2.79	 1	 -41.8435	  174.2772
8.889	 2.78	 2	 -42.4341	  173.7652
8.892	 3.94	 5	 -42.6249	  173.1191
8.893	 2.33	 1	 -42.1175	  173.9035
8.896	 2.73	 1	 -42.2791	  173.9319
8.897	 2.37	 2	 -41.6507	  174.1958
8.898	 2.00	 2	 -42.2793	  173.9243
8.899	 2.45	 3	 -41.8367	  173.9872
8.904	 2.42	 1	 -41.7484	  174.4393
8.906	 2.56	 2	 -42.7080	  172.8611
8.908	 3.17	 3	 -41.9754	  173.0882
8.908	 2.03	 2	 -42.7820	  173.3067
8.910	 2.43	 1	 -42.4154	  173.0453
8.910	 2.21	 1	 -42.2130	  173.0387
8.913	 2.78	 1	 -42.2448	  173.9429
8.915	 2.04	 4	 -44.2337	  173.5686
8.916	 2.54	 2	 -42.1073	  173.0085
8.919	 2.24	 1	 -42.3807	  173.5578
8.919	 2.65	 1	 -42.5489	  172.6130
8.920	 3.02	 1	 -42.0717	  173.7674
8.924	 2.41	 1	 -42.2428	  173.6695
8.924	 2.20	 1	 -43.1458	  172.4421
8.928	 2.19	 2	 -42.4313	  172.9166
8.928	 2.68	 1	 -41.9233	  173.7417
8.929	 4.29	 2	 -42.3506	  173.0241
8.930	 3.05	 2	 -41.7317	  174.3423
8.931	 2.14	 3	 -42.5041	  173.0043
8.931	 3.11	 2	 -42.3408	  173.5663
8.933	 2.54	 3	 -42.4930	  173.0421
8.933	 2.33	 1	 -42.8661	  173.1471
8.934	 2.04	 1	 -42.6018	  172.9465
8.934	 2.45	 2	 -42.4546	  174.4249
8.934	 2.45	 1	 -41.7623	  174.2792
8.936	 2.93	 2	 -41.8827	  174.1812
8.938	 2.13	 1	 -42.5427	  173.6788
8.944	 2.12	 2	 -42.4687	  173.0172
8.945	 2.72	 3	 -42.3438	  172.9530
8.945	 2.21	 2	 -41.8268	  174.2521
8.947	 2.00	 1	 -42.3692	  173.0600
8.947	 4.12	 1	 -41.7483	  174.9657
8.952	 2.34	 2	 -42.3272	  173.6544
8.955	 2.79	 2	 -42.0388	  173.8684
8.956	 2.04	 1	 -41.8717	  174.1476
8.964	 3.72	 1	 -41.8823	  173.7216
8.967	 2.31	 2	 -41.6614	  174.2157
8.969	 2.24	 2	 -42.4239	  173.0289
8.971	 2.63	 2	 -42.1180	  173.8094
8.975	 2.09	 1	 -41.8016	  174.3499
8.976	 2.23	 1	 -42.3450	  173.3640
8.979	 2.26	 1	 -42.6247	  172.9426
8.979	 2.43	 1	 -41.8153	  174.2215
8.984	 2.33	 2	 -41.7694	  175.0818
8.987	 2.71	 1	 -41.8538	  174.1152
8.988	 2.05	 1	 -42.4890	  173.0931
8.988	 3.62	 1	 -42.3036	  173.7996
8.989	 2.23	 1	 -42.4536	  173.2556
8.990	 2.01	 1	 -41.9237	  173.9682
8.991	 2.02	 4	 -42.5011	  173.0233
8.992	 2.12	 4	 -42.4783	  173.0196
8.995	 2.28	 2	 -42.4307	  173.0214
8.995	 2.46	 1	 -42.2326	  173.8389
8.995	 2.15	 1	 -42.2515	  173.6184
8.995	 3.00	 3	 -42.3952	  172.9692
8.998	 2.15	 4	 -42.5754	  173.0373
9.000	 2.09	 2	 -41.7475	  174.9680
9.007	 2.24	 1	 -42.1026	  173.8207
9.007	 2.32	 4	 -41.6624	  174.2789
9.009	 2.01	 1	 -42.7521	  174.1134
9.010	 3.13	 1	 -42.2486	  173.6412
9.010	 2.42	 1	 -42.6027	  173.0958
9.011	 2.29	 1	 -42.5035	  173.0555
9.014	 2.31	 1	 -41.8299	  174.1952
9.014	 2.90	 3	 -41.6473	  174.2080
9.015	 2.40	 2	 -41.6642	  174.1311
9.022	 2.03	 1	 -42.8312	  172.7755
9.023	 2.41	 3	 -42.2136	  173.0276
9.024	 2.33	 2	 -42.5479	  173.1946
9.025	 2.04	 1	 -41.8475	  174.1464
9.025	 2.12	 2	 -41.8759	  173.7345
9.026	 2.09	 2	 -42.3353	  173.4007
9.027	 2.09	 3	 -42.2184	  172.1634
9.032	 2.39	 2	 -42.1369	  173.0986
9.033	 2.08	 1	 -42.2765	  173.5889
9.034	 2.08	 2	 -42.3464	  173.8322
9.035	 2.04	 1	 -42.5160	  172.8277
9.038	 2.04	 1	 -42.1562	  173.7272
9.039	 2.52	 1	 -42.8386	  174.3286
9.040	 3.18	 1	 -42.5921	  173.1316
9.040	 2.03	 1	 -42.0944	  173.6013
9.041	 2.12	 1	 -42.5981	  172.9600
9.061	 2.48	 1	 -42.3055	  173.6406
9.064	 2.19	 2	 -42.5624	  174.1886
9.065	 2.74	 1	 -41.7639	  174.2097
9.066	 2.43	 2	 -41.8138	  174.2182
9.067	 2.06	 1	 -42.8243	  172.5420
9.072	 2.35	 1	 -42.0059	  173.7102
9.077	 2.16	 4	 -42.4516	  173.0279
9.085	 5.04	 2	 -41.7630	  174.9647
9.087	 2.08	 1	 -42.0880	  173.5692
9.088	 2.85	 5	 -42.6117	  173.0999
9.088	 2.32	 3	 -41.7511	  174.9472
9.089	 2.26	 1	 -41.9107	  174.2992
9.089	 2.06	 3	 -41.6694	  175.1008
9.091	 2.09	 1	 -42.3778	  173.1991
9.091	 2.19	 1	 -41.6110	  174.0423
9.093	 2.05	 2	 -41.7478	  174.3228
9.093	 2.28	 1	 -41.8286	  173.9026
9.093	 2.05	 3	 -41.5900	  175.0704
9.094	 2.68	 3	 -41.7481	  174.9735
9.100	 3.39	 2	 -42.4633	  172.9727
9.104	 2.13	 1	 -41.6434	  174.3447
9.105	 2.02	 4	 -42.6960	  172.9231
9.105	 2.26	 3	 -41.6082	  175.2207
9.107	 2.03	 1	 -42.5556	  172.9992
9.109	 2.13	 1	 -41.6899	  174.2133
9.110	 2.42	 2	 -42.2066	  173.0110
9.112	 2.31	 3	 -41.7878	  174.9324
9.113	 2.06	 1	 -41.5851	  174.4351
9.115	 3.12	 2	 -42.4772	  172.9600
9.116	 2.50	 3	 -41.7681	  174.9910
9.120	 2.40	 1	 -42.3023	  174.0234
9.121	 2.09	 3	 -41.6442	  175.0136
9.126	 2.45	 3	 -41.7834	  174.9150
9.126	 2.03	 1	 -41.6650	  174.3457
9.127	 2.35	 1	 -41.9196	  174.1762
9.128	 2.08	 1	 -42.0145	  173.6334
9.129	 2.82	 1	 -41.7136	  174.2667
9.131	 2.25	 1	 -42.6793	  172.8981
9.135	 2.59	 2	 -42.2895	  173.6169
9.135	 2.36	 2	 -42.3441	  173.5533
9.136	 2.12	 1	 -42.7655	  173.0744
9.137	 2.02	 3	 -41.7781	  174.9535
9.140	 2.10	 1	 -43.0794	  172.1346
9.142	 2.46	 5	 -42.5739	  173.0362
9.143	 3.00	 1	 -42.2761	  173.9161
9.146	 2.35	 3	 -41.5226	  178.6662
9.148	 2.40	 1	 -42.4082	  173.1471
9.149	 2.43	 1	 -41.6539	  174.3181
9.149	 2.11	 2	 -42.3100	  173.0197
9.150	 2.67	 1	 -42.2329	  173.6368
9.150	 2.16	 1	 -42.2541	  173.7185
9.151	 2.72	 1	 -41.7127	  174.3371
9.151	 2.08	 1	 -42.3840	  173.6509
9.152	 2.64	 1	 -41.7707	  174.2788
9.153	 2.17	 1	 -42.5863	  172.9425
9.154	 2.32	 1	 -41.8164	  174.2409
9.156	 2.31	 1	 -42.1410	  173.5912
9.158	 2.44	 2	 -41.6338	  174.2025
9.158	 2.14	 1	 -42.3884	  174.3113
9.159	 2.16	 3	 -41.7682	  174.9679
9.163	 2.48	 2	 -42.7101	  173.2378
9.163	 2.64	 1	 -42.2410	  173.7410
9.168	 4.31	 1	 -42.2979	  173.7118
9.169	 2.17	 3	 -41.6888	  175.2856
9.171	 2.25	 2	 -42.4356	  173.0737
9.171	 2.01	 4	 -41.6783	  174.1946
9.175	 2.49	 1	 -42.6038	  173.2523
9.178	 2.62	 3	 -41.6953	  175.0155
9.180	 3.09	 2	 -42.6533	  172.7958
9.185	 2.03	 1	 -41.9911	  173.7438
9.185	 2.32	 1	 -41.6885	  174.1327
9.193	 2.48	 1	 -42.4596	  173.8102
9.194	 2.66	 1	 -41.7477	  174.3217
9.197	 2.33	 1	 -42.3102	  175.3439
9.202	 2.34	 1	 -42.3916	  174.0198
9.203	 2.25	 3	 -41.7735	  174.9939
9.203	 3.49	 2	 -42.2931	  173.7075
9.209	 2.06	 1	 -41.8492	  174.1978
9.211	 2.48	 1	 -41.6926	  174.2844
9.212	 2.13	 4	 -44.2410	  173.5723
9.214	 2.19	 4	 -42.2999	  173.0575
9.216	 2.84	 3	 -42.2915	  173.7031
9.217	 2.28	 1	 -42.3807	  173.8049
9.218	 3.00	 4	 -42.4855	  173.1163
9.219	 2.10	 1	 -42.2753	  173.5863
9.228	 2.19	 1	 -42.3340	  173.7938
9.230	 2.40	 1	 -42.1429	  173.8897
9.232	 2.18	 1	 -41.7033	  174.1826
9.233	 2.05	 1	 -42.3783	  173.8186
9.236	 2.12	 1	 -41.7746	  174.1942
9.237	 2.31	 1	 -42.3966	  173.7140
9.238	 2.06	 3	 -41.8064	  174.9783
9.238	 2.27	 1	 -42.4140	  173.2322
9.244	 2.29	 1	 -42.6004	  173.5064
9.245	 2.43	 1	 -42.4391	  173.8155
9.247	 3.10	 1	 -43.0736	  172.8729
9.252	 2.46	 1	 -41.6913	  174.3582
9.252	 2.57	 1	 -42.1738	  173.5428
9.253	 2.14	 1	 -41.7690	  174.2337
9.255	 2.00	 3	 -41.7575	  174.9402
9.256	 2.05	 1	 -42.0414	  173.5772
9.258	 2.17	 2	 -42.3611	  173.0424
9.266	 2.43	 1	 -42.2367	  174.4276
9.267	 2.17	 1	 -42.2767	  173.7413
9.267	 2.36	 1	 -42.4228	  173.4082
9.268	 2.18	 1	 -42.5986	  173.9678
9.269	 2.27	 4	 -42.3923	  172.9478
9.270	 2.58	 3	 -41.7880	  174.9601
9.272	 2.08	 4	 -41.9600	  173.0965
9.273	 2.85	 1	 -42.2806	  172.9610
9.276	 2.03	 1	 -42.0450	  173.8021
9.276	 2.77	 1	 -42.2244	  174.1878
9.281	 2.13	 1	 -42.4070	  173.3364
9.282	 2.88	 2	 -42.1664	  173.6198
9.282	 2.26	 1	 -42.5761	  173.1802
9.291	 2.50	 1	 -42.0831	  173.0652
9.291	 2.20	 2	 -41.9338	  173.7250
9.291	 2.73	 2	 -41.7854	  174.3772
9.298	 2.01	 3	 -41.8263	  174.8874
9.298	 2.00	 5	 -42.4847	  173.1185
9.298	 2.32	 4	 -42.5413	  173.1667
9.298	 2.70	 1	 -41.7144	  174.4097
9.298	 2.11	 2	 -42.5485	  175.0306
9.299	 2.01	 2	 -42.4282	  172.9259
9.301	 2.11	 1	 -41.8104	  174.2026
9.307	 2.28	 2	 -42.3392	  173.1330
9.309	 2.18	 1	 -41.8842	  174.0285
9.309	 2.30	 1	 -42.2376	  173.4710
9.311	 2.28	 2	 -42.5124	  173.2225
9.316	 2.35	 1	 -42.0830	  173.7965
9.316	 2.51	 1	 -42.6279	  173.1489
9.319	 2.16	 1	 -42.7095	  172.7735
9.320	 2.85	 1	 -42.5314	  173.0757
9.326	 2.10	 1	 -41.6856	  174.0150
9.329	 4.67	 2	 -41.7262	  174.2098
9.329	 2.95	 1	 -41.7177	  174.2679
9.333	 2.09	 3	 -41.7545	  174.9406
9.335	 2.11	 1	 -41.7789	  174.1772
9.335	 2.39	 1	 -41.6814	  174.2664
9.337	 2.30	 3	 -41.7259	  174.2561
9.338	 2.25	 1	 -41.2369	  173.0955
9.339	 2.10	 1	 -42.2827	  173.7271
9.340	 2.81	 4	 -42.4060	  172.9661
9.344	 2.79	 1	 -43.1737	  173.3464
9.344	 2.22	 1	 -41.7009	  174.2340
9.344	 2.12	 2	 -42.1290	  172.6465
9.347	 2.12	 1	 -41.9777	  174.0686
9.349	 2.22	 1	 -41.9827	  173.9526
9.350	 2.20	 1	 -42.3104	  173.7378
9.351	 2.13	 2	 -41.7057	  174.4254
9.352	 2.18	 1	 -42.4752	  172.3138
9.353	 2.22	 1	 -42.5135	  173.0563
9.353	 3.15	 3	 -42.2759	  173.6714
9.354	 2.10	 3	 -41.7090	  174.1940
9.354	 2.31	 1	 -41.7101	  174.1266
9.358	 2.12	 2	 -42.2325	  173.5788
9.358	 2.34	 1	 -42.2195	  173.7285
9.363	 2.34	 1	 -42.1480	  173.8768
9.365	 2.65	 2	 -41.5440	  174.5000
9.365	 2.58	 2	 -42.1014	  173.0097
9.367	 2.29	 3	 -42.6867	  173.0919
9.368	 2.34	 1	 -42.5778	  173.1656
9.369	 2.35	 1	 -41.6171	  174.4740
9.371	 2.09	 1	 -42.7187	  172.4896
9.373	 2.39	 1	 -42.6126	  173.2626
9.374	 2.66	 4	 -42.5550	  173.4112
9.375	 2.42	 3	 -41.7082	  174.0771
9.376	 2.49	 2	 -41.6724	  174.2140
9.377	 2.17	 2	 -42.1044	  173.6594
9.377	 2.51	 1	 -42.2910	  173.8368
9.383	 2.00	 1	 -42.2848	  173.5838
9.384	 2.10	 1	 -42.2362	  173.7129
9.384	 2.86	 2	 -42.8173	  172.8976
9.385	 2.25	 1	 -42.7048	  173.1170
9.389	 3.34	 1	 -42.2267	  173.7511
9.390	 2.38	 2	 -42.5728	  173.1115
9.392	 2.28	 1	 -41.7727	  174.2242
9.394	 2.22	 2	 -41.7278	  174.2516
9.399	 2.05	 1	 -42.7726	  173.0775
9.399	 2.52	 3	 -41.6600	  174.1264
9.400	 2.23	 1	 -42.4105	  173.0264
9.400	 2.13	 3	 -41.8053	  174.9509
9.401	 3.17	 1	 -41.6328	  174.3368
9.403	 2.02	 1	 -42.1809	  173.6702
9.407	 2.44	 2	 -42.5073	  173.0700
9.409	 2.36	 1	 -42.6674	  171.7976
9.409	 2.06	 1	 -41.7659	  174.3400
9.410	 2.08	 1	 -41.7528	  174.3111
9.413	 2.27	 3	 -41.8110	  174.9719
9.414	 2.02	 1	 -41.7752	  174.3840
9.423	 2.65	 1	 -41.9284	  173.7675
9.425	 2.25	 3	 -42.4656	  172.9687
9.428	 2.13	 2	 -42.2961	  173.7361
9.429	 2.31	 1	 -42.0903	  172.9642
9.431	 2.34	 1	 -41.7663	  174.2092
9.432	 2.56	 1	 -42.4182	  172.7480
9.435	 2.37	 1	 -41.9578	  173.7196
9.438	 2.06	 3	 -41.9151	  173.0327
9.439	 2.17	 3	 -41.6795	  174.2791
9.439	 2.45	 2	 -42.4591	  172.9537
9.442	 2.62	 3	 -41.6255	  174.1017
9.445	 2.28	 2	 -42.4530	  174.0316
9.446	 2.46	 1	 -41.6978	  174.3185
9.447	 2.02	 3	 -42.5727	  173.1106
9.464	 2.33	 2	 -42.2422	  172.9491
9.473	 2.28	 1	 -41.7349	  174.2215
9.478	 2.83	 3	 -41.7543	  174.1886
9.478	 3.22	 1	 -42.0185	  173.6709
9.482	 2.29	 1	 -41.9850	  173.8252
9.484	 2.89	 1	 -42.3819	  174.1456
9.484	 2.08	 2	 -42.1813	  173.7850
9.486	 2.04	 2	 -41.6438	  174.3723
9.486	 2.07	 1	 -41.7056	  174.2406
9.490	 3.55	 1	 -42.5122	  173.2245
9.493	 2.35	 4	 -42.5766	  173.1035
9.495	 2.27	 2	 -42.5942	  173.1271
9.496	 2.15	 1	 -42.1958	  173.5828
9.497	 2.04	 1	 -42.6340	  172.7418
9.498	 2.34	 2	 -42.1307	  172.7349
9.498	 2.42	 1	 -41.9230	  173.5278
9.498	 2.10	 2	 -42.2695	  173.5494
9.503	 2.01	 1	 -42.3859	  173.1134
9.503	 2.72	 3	 -41.6987	  174.2372
9.504	 2.35	 1	 -42.1719	  174.1096
9.505	 2.04	 1	 -42.2228	  173.7811
9.506	 2.29	 1	 -42.5250	  173.1015
9.507	 2.56	 1	 -41.7493	  174.4141
9.507	 3.01	 1	 -42.1284	  173.7211
9.513	 2.13	 1	 -42.3323	  173.4380
9.514	 3.09	 1	 -42.3170	  173.6214
9.516	 2.03	 1	 -41.7170	  174.4020
9.519	 2.74	 1	 -42.7979	  173.9843
9.520	 2.77	 2	 -41.8906	  173.9956
9.528	 2.03	 1	 -42.4663	  173.2493
9.529	 2.21	 1	 -42.0764	  173.9218
9.530	 2.03	 1	 -42.5491	  173.1302
9.533	 2.18	 1	 -40.4333	  173.4022
9.535	 2.14	 2	 -42.2983	  173.5572
9.536	 2.09	 3	 -41.7338	  174.2120
9.540	 2.17	 1	 -42.3009	  173.6357
9.541	 2.85	 2	 -41.6315	  174.1893
9.542	 3.02	 1	 -42.5362	  173.1285
9.544	 2.16	 1	 -42.6157	  173.2729
9.547	 2.22	 1	 -42.4133	  173.7807
9.548	 3.03	 1	 -42.6593	  172.9597
9.549	 2.55	 1	 -42.3993	  173.7001
9.550	 2.04	 1	 -42.4141	  173.4372
9.555	 2.23	 3	 -41.7753	  174.9715
9.555	 2.17	 1	 -41.7639	  174.1615
9.559	 2.18	 1	 -42.4114	  173.3708
9.561	 2.33	 1	 -42.3326	  174.5822
9.565	 2.11	 1	 -41.8782	  174.2346
9.565	 2.38	 1	 -42.0439	  174.4657
9.566	 2.57	 2	 -41.7743	  174.0939
9.573	 2.10	 3	 -41.6537	  174.2083
9.574	 2.04	 1	 -42.2204	  173.8047
9.577	 2.19	 3	 -41.8169	  175.1056
9.583	 2.65	 1	 -41.9984	  173.7510
9.583	 2.08	 1	 -41.7161	  174.2888
9.585	 2.13	 1	 -42.2771	  173.7920
9.586	 2.57	 1	 -41.9903	  173.6987
9.588	 2.02	 1	 -42.5486	  173.1302
9.589	 2.37	 3	 -41.8407	  173.8732
9.590	 2.10	 1	 -42.2802	  173.6345
9.590	 2.30	 1	 -42.3825	  173.7596
9.590	 2.17	 2	 -41.6685	  174.1879
9.591	 2.76	 1	 -42.3666	  173.8363
9.593	 2.42	 1	 -42.6750	  172.8048
9.596	 2.39	 1	 -42.3152	  173.8070
9.606	 2.45	 1	 -42.3255	  173.7373
9.608	 2.75	 1	 -42.5191	  173.4106
9.610	 2.77	 2	 -42.2328	  173.8371
9.611	 2.03	 1	 -42.2721	  173.5388
9.620	 2.48	 1	 -42.4148	  173.9510
9.622	 2.35	 1	 -41.7018	  174.2829
9.622	 2.06	 1	 -41.7211	  174.2738
9.627	 2.34	 1	 -41.7737	  174.3052
9.629	 2.18	 1	 -42.2370	  173.6801
9.634	 2.09	 1	 -41.6749	  174.2049
9.637	 2.87	 1	 -41.7081	  174.3191
9.638	 2.27	 3	 -41.7331	  175.0256
9.641	 2.25	 2	 -42.3891	  173.6866
9.641	 3.13	 1	 -41.6826	  174.2830
9.641	 2.57	 1	 -42.2934	  173.7004
9.646	 3.44	 1	 -41.7847	  174.8066
9.647	 2.70	 6	 -42.6300	  173.1286
9.647	 2.35	 1	 -41.8695	  173.9083
9.652	 2.69	 1	 -41.6991	  174.2138
9.653	 2.16	 2	 -42.5848	  173.0653
9.653	 3.14	 2	 -41.5823	  174.2638
9.653	 2.29	 1	 -41.7558	  174.2818
9.658	 2.49	 2	 -41.7847	  174.9562
9.665	 2.16	 1	 -41.5744	  174.0650
9.666	 2.55	 1	 -42.4046	  173.7702
9.667	 3.24	 1	 -42.2628	  173.5979
9.667	 2.45	 5	 -42.6200	  173.1797
9.670	 2.58	 1	 -41.7739	  174.2070
9.672	 3.20	 1	 -42.3825	  173.3223
9.673	 2.33	 3	 -41.7147	  174.2232
9.676	 2.03	 1	 -43.9477	  174.6895
9.676	 2.02	 1	 -42.3401	  173.8774
9.676	 2.10	 1	 -42.0802	  173.5709
9.677	 3.16	 1	 -42.4357	  173.6265
9.679	 3.27	 1	 -42.5106	  173.1386
9.681	 2.58	 1	 -42.5097	  173.5873
9.684	 2.00	 1	 -42.4191	  173.2253
9.686	 2.81	 1	 -42.5314	  173.0273
9.687	 2.13	 2	 -42.4481	  173.1831
9.691	 2.24	 2	 -41.6726	  174.1452
9.693	 2.23	 1	 -42.6802	  173.3588
9.694	 2.23	 1	 -41.7275	  174.2819
9.698	 2.32	 3	 -41.7645	  174.9532
9.704	 2.23	 1	 -41.1167	  173.8264
9.706	 2.19	 1	 -42.3458	  173.2361
9.710	 2.83	 1	 -42.4870	  174.1349
9.712	 2.79	 1	 -42.1548	  173.7699
9.714	 2.23	 2	 -41.6724	  174.2650
9.715	 2.19	 1	 -42.4186	  173.7323
9.718	 2.32	 1	 -42.4110	  173.3911
9.718	 2.45	 1	 -42.3017	  173.4610
9.720	 2.14	 2	 -41.6381	  174.1665
9.721	 3.04	 1	 -41.7031	  174.2948
9.722	 2.06	 2	 -41.8955	  174.8372
9.723	 2.71	 1	 -42.0226	  174.0062
9.723	 2.49	 1	 -42.5948	  173.1187
9.724	 2.18	 1	 -41.9372	  173.2410
9.727	 2.50	 1	 -42.0147	  173.6932
9.729	 2.32	 1	 -42.2494	  174.1200
9.730	 2.01	 3	 -41.7992	  174.9293
9.731	 2.03	 1	 -42.8216	  172.7928
9.732	 2.51	 1	 -42.2589	  173.6466
9.735	 2.36	 2	 -41.7683	  174.1073
9.735	 3.44	 2	 -42.4697	  172.9825
9.738	 2.80	 3	 -42.3199	  172.9990
9.742	 2.62	 1	 -41.7650	  174.3805
9.742	 2.69	 2	 -42.6014	  173.5063
9.744	 2.03	 1	 -41.7160	  174.6851
9.745	 2.26	 1	 -42.4777	  173.2539
9.748	 2.86	 1	 -42.3363	  172.8610
9.752	 2.81	 1	 -42.0499	  173.6752
9.756	 2.15	 1	 -42.1718	  173.6288
9.762	 2.14	 2	 -42.5320	  173.2204
9.766	 2.02	 1	 -41.6873	  174.2116
9.768	 2.25	 1	 -42.5716	  173.8461
9.771	 2.09	 1	 -42.6063	  173.0604
9.775	 2.21	 4	 -41.7545	  174.9411
9.782	 2.03	 2	 -41.6903	  174.2265
9.784	 2.69	 2	 -42.5434	  174.0186
9.787	 2.04	 3	 -42.2841	  173.1009
9.790	 2.16	 1	 -42.1996	  173.6079
9.791	 2.78	 1	 -41.9738	  173.6882
9.793	 2.23	 2	 -42.6651	  172.7545
9.793	 2.25	 1	 -42.3639	  173.9108
9.793	 2.62	 3	 -41.7817	  174.0553
9.795	 2.04	 1	 -42.4707	  173.7717
9.797	 2.66	 1	 -41.6490	  174.3228
9.798	 2.94	 1	 -42.5765	  172.9529
9.800	 2.03	 3	 -41.7823	  174.9689
9.801	 3.27	 3	 -41.7316	  174.9086
9.805	 2.88	 1	 -41.7492	  174.1476
9.806	 2.59	 1	 -42.5052	  173.8424
9.807	 2.29	 1	 -42.5583	  173.3919
9.809	 2.18	 1	 -42.2334	  173.6236
9.811	 2.49	 1	 -42.1806	  172.7614
9.814	 2.41	 2	 -42.5356	  173.2156
9.816	 2.21	 2	 -42.2030	  173.9404
9.818	 2.52	 1	 -42.6726	  172.8856
9.821	 2.26	 1	 -42.1249	  174.4142
9.822	 2.06	 3	 -41.6291	  174.2040
9.822	 2.91	 1	 -42.6094	  173.0619
9.823	 2.37	 1	 -42.4994	  173.6166
9.826	 2.10	 1	 -42.7225	  173.0038
9.829	 2.23	 1	 -42.4790	  173.1493
9.831	 2.27	 2	 -42.1688	  173.6941
9.831	 2.06	 3	 -42.4733	  173.0574
9.831	 2.57	 1	 -39.2901	  176.0570
9.833	 3.16	 1	 -44.3602	  179.0531
9.834	 2.53	 1	 -45.4152	  176.4810
9.838	 2.26	 1	 -42.0222	  173.5294
9.839	 2.44	 1	 -42.3617	  173.7012
9.839	 2.28	 1	 -42.0461	  173.7926
9.841	 2.09	 1	 -42.3743	  173.4227
9.841	 2.08	 1	 -42.3026	  173.2715
9.842	 2.57	 1	 -41.9451	  174.1884
9.844	 2.10	 4	 -41.7716	  174.2189
9.844	 2.01	 3	 -42.3566	  173.0025
9.845	 2.59	 2	 -42.5054	  173.1317
9.853	 2.05	 1	 -42.2737	  173.6364
9.856	 3.26	 1	 -42.8192	  173.8622
9.857	 2.41	 1	 -41.3553	  173.0348
9.859	 2.02	 2	 -42.4082	  173.0971
9.864	 4.00	 1	 -43.1306	  170.9040
9.868	 2.94	 1	 -42.3193	  173.6443
9.871	 4.16	 1	 -41.6932	  174.1798
9.871	 2.04	 2	 -42.2707	  173.6609
9.871	 2.36	 2	 -42.0970	  173.0151
9.872	 2.25	 2	 -42.3584	  173.4143
9.873	 2.41	 1	 -41.9444	  174.2606
9.874	 3.14	 1	 -41.6741	  174.2487
9.875	 2.49	 1	 -42.6433	  173.1161
9.878	 2.09	 1	 -42.0177	  173.7676
9.880	 2.07	 1	 -42.3046	  173.5069
9.883	 3.04	 2	 -41.6975	  174.1856
9.887	 2.17	 1	 -41.7482	  174.2506
9.890	 2.24	 1	 -42.2889	  173.9111
9.892	 2.35	 1	 -42.2856	  173.7802
9.892	 2.02	 1	 -41.7216	  174.3761
9.894	 2.11	 1	 -42.3961	  173.5330
9.895	 2.38	 2	 -41.8737	  174.2349
9.897	 3.08	 1	 -42.6687	  173.4624
9.898	 2.19	 1	 -42.4373	  173.0532
9.900	 2.04	 3	 -41.7139	  174.2343
9.912	 2.13	 6	 -42.6207	  173.1390
9.914	 2.19	 1	 -41.8623	  174.0828
9.917	 2.90	 1	 -39.3478	  171.9055
9.919	 2.05	 1	 -42.2768	  173.7921
9.921	 2.51	 1	 -44.2439	  171.9678
9.921	 2.49	 1	 -41.9994	  173.7334
9.922	 2.07	 1	 -40.9843	  174.2654
9.923	 2.57	 2	 -42.4348	  173.6432
9.923	 3.00	 2	 -41.7009	  174.1738
9.925	 2.01	 1	 -42.1885	  174.0783
9.925	 2.49	 1	 -42.4370	  173.4205
9.930	 2.16	 1	 -42.2366	  173.8185
9.930	 2.64	 1	 -41.8468	  174.2935
9.939	 2.87	 2	 -42.2627	  173.5526
9.939	 2.00	 4	 -42.4945	  173.0539
9.941	 2.51	 1	 -41.8871	  174.2501
9.942	 2.09	 1	 -41.7126	  174.4330
9.942	 2.39	 2	 -42.3320	  174.0563
9.944	 2.08	 1	 -42.2878	  173.7213
9.946	 3.15	 1	 -40.3054	  168.6252
9.948	 3.20	 1	 -42.3401	  173.4451
9.949	 2.78	 2	 -42.8125	  174.3493
9.953	 2.12	 1	 -41.7700	  174.2517
9.953	 2.22	 1	 -41.6910	  174.2798
9.954	 2.98	 2	 -41.7531	  174.3602
9.954	 2.04	 1	 -42.3022	  173.6174
9.955	 2.21	 1	 -42.6456	  173.3129
9.963	 2.28	 1	 -46.7337	  174.0640
9.966	 2.22	 1	 -42.2866	  173.7162
9.967	 3.25	 1	 -41.5249	  174.2633
9.970	 2.29	 1	 -42.0709	  174.0570
9.972	 2.37	 1	 -42.2289	  173.3615
9.973	 2.54	 1	 -42.2702	  173.8224
9.976	 2.71	 1	 -42.0049	  173.4730
9.977	 2.49	 1	 -42.8204	  172.6305
9.977	 2.01	 2	 -41.8297	  174.3000
9.979	 2.13	 1	 -41.6733	  174.4111
9.983	 2.15	 1	 -42.2172	  173.6282
9.983	 3.16	 1	 -42.5221	  173.9359
9.987	 2.78	 1	 -37.9728	  172.8794
9.987	 2.15	 1	 -43.0530	  172.9280
9.989	 2.29	 1	 -42.6368	  173.0895
9.990	 2.10	 2	 -42.5647	  173.9945
9.993	 2.01	 1	 -42.0574	  173.0494
9.994	 2.04	 1	 -42.6725	  174.0556
9.995	 2.03	 1	 -42.1994	  173.5554
9.996	 2.47	 1	 -42.0910	  173.7078
9.997	 2.02	 2	 -44.2435	  171.9678
9.998	 2.14	 1	 -42.0242	  173.7136
10.000	 2.49	 1	 -42.2828	  173.1982
10.003	 2.50	 1	 -42.4494	  172.4090
10.006	 3.00	 2	 -43.6615	  170.1236
10.006	 2.19	 2	 -41.8831	  174.0945
10.014	 4.00	 2	 -42.7118	  173.0499
10.015	 2.07	 1	 -42.0695	  173.6766
10.020	 2.55	 1	 -42.2829	  173.6798
10.023	 2.35	 1	 -42.4255	  173.5408
10.023	 2.24	 1	 -42.4210	  173.3236
10.026	 2.02	 2	 -42.4044	  172.1173
10.028	 2.14	 1	 -42.2635	  174.3675
10.030	 2.65	 1	 -42.0046	  179.0679
10.034	 2.07	 1	 -41.7415	  174.1366
10.035	 2.03	 1	 -42.4031	  173.8832
10.038	 2.35	 3	 -42.7127	  173.0562
10.039	 2.47	 1	 -42.2786	  173.2431
10.041	 2.98	 2	 -41.6933	  174.2461
10.041	 3.41	 2	 -41.7259	  174.0264
10.043	 2.11	 3	 -41.7369	  174.3464
10.043	 2.07	 1	 -42.5999	  175.1363
10.050	 2.57	 2	 -42.4408	  173.1647
10.054	 2.12	 1	 -42.7639	  174.0006
10.055	 2.10	 1	 -42.8451	  173.6084
10.055	 2.90	 1	 -42.4321	  173.1423
10.056	 2.72	 4	 -42.2979	  173.7022
10.057	 4.49	 1	 -42.3600	  174.0235
10.057	 2.14	 1	 -41.7741	  174.1666
10.058	 2.73	 1	 -42.2184	  173.6793
10.059	 2.65	 1	 -42.7043	  172.9380
10.060	 2.14	 3	 -42.7216	  173.0274
10.062	 2.37	 1	 -41.9490	  173.7149
10.062	 2.53	 5	 -41.9598	  173.0997
10.063	 2.12	 1	 -42.6599	  172.7581
10.064	 2.13	 1	 -42.5159	  173.0651
10.066	 2.40	 1	 -42.1694	  173.3053
10.069	 2.41	 1	 -41.6352	  174.3817
10.070	 2.04	 1	 -41.8581	  174.0115
10.071	 4.35	 1	 -42.0214	  174.1546
10.071	 2.14	 1	 -41.7083	  174.2896
10.073	 2.12	 2	 -43.1299	  170.8753
10.075	 3.39	 2	 -41.7545	  174.2832
10.076	 3.50	 1	 -41.5483	  174.1199
10.077	 2.43	 1	 -41.9933	  173.6113
10.081	 2.03	 1	 -42.4873	  173.4029
10.082	 2.87	 1	 -42.3041	  173.8691
10.082	 2.68	 1	 -42.1530	  173.7162
10.084	 2.25	 1	 -41.7036	  174.2436
10.089	 2.90	 3	 -42.4978	  173.0887
10.090	 2.30	 2	 -42.5214	  174.1608
10.092	 2.06	 2	 -42.4775	  173.0859
10.102	 2.29	 2	 -42.7093	  172.9912
10.105	 2.47	 1	 -41.6747	  174.2334
10.106	 2.40	 1	 -41.6780	  174.3094
10.108	 2.17	 3	 -41.8054	  175.0609
10.108	 2.23	 3	 -41.7752	  174.3842
10.112	 2.33	 2	 -40.5390	  174.8880
10.112	 2.31	 1	 -42.2912	  173.7084
10.117	 2.64	 1	 -42.1394	  173.5852
10.117	 2.22	 2	 -41.5512	  174.1211
10.119	 2.07	 1	 -42.8359	  172.5640
10.119	 2.14	 3	 -42.3139	  173.0222
10.124	 2.48	 1	 -42.4282	  173.8063
10.124	 2.39	 2	 -42.7278	  172.9414
10.130	 3.77	 2	 -42.4595	  173.6593
10.132	 2.63	 2	 -44.1333	  171.4290
10.133	 2.20	 4	 -41.8059	  175.0814
10.134	 2.48	 2	 -42.3468	  174.1028
10.135	 2.07	 1	 -42.2702	  173.6733
10.135	 2.60	 2	 -41.7406	  174.9331
10.137	 2.65	 1	 -42.2078	  173.6357
10.138	 2.49	 2	 -42.2440	  173.6641
10.140	 2.28	 1	 -42.2658	  173.9865
10.141	 2.10	 2	 -41.7072	  174.1091
10.142	 3.23	 1	 -42.4924	  173.2586
10.144	 2.91	 1	 -42.1186	  173.9923
10.145	 2.87	 3	 -42.3528	  173.0072
10.146	 2.14	 6	 -42.6256	  173.1072
10.146	 2.84	 2	 -42.5064	  172.7811
10.149	 2.12	 2	 -42.5069	  172.9017
10.151	 2.12	 1	 -42.6756	  172.8230
10.152	 2.22	 1	 -42.3170	  173.7660
10.160	 2.15	 1	 -41.7092	  174.3086
10.161	 2.05	 1	 -43.1241	  173.0417
10.164	 2.09	 3	 -42.9135	  172.5954
10.165	 2.30	 1	 -42.2690	  173.6773
10.168	 2.81	 1	 -41.6831	  174.2260
10.175	 3.34	 2	 -41.9680	  174.0796
10.177	 2.79	 1	 -42.2885	  173.7680
10.178	 2.01	 1	 -42.4436	  173.3433
10.183	 2.08	 1	 -42.4448	  173.1154
10.183	 2.50	 1	 -42.9042	  172.9301
10.186	 2.08	 2	 -43.4006	  172.2894
10.187	 2.21	 1	 -42.5739	  172.8340
10.192	 2.55	 1	 -42.3267	  173.7675
10.196	 2.06	 1	 -41.9094	  174.4603
10.197	 2.81	 2	 -41.9728	  173.9646
10.199	 2.01	 1	 -42.4579	  173.1177
10.201	 2.02	 2	 -41.5094	  174.2692
10.203	 2.16	 1	 -41.6508	  174.4916
10.203	 2.56	 1	 -42.3893	  173.4473
10.204	 2.81	 1	 -42.5120	  173.8394
10.205	 2.29	 2	 -42.4375	  173.0075
10.212	 2.49	 1	 -40.6563	  167.5571
10.214	 2.49	 1	 -42.4986	  172.7810
10.217	 2.23	 1	 -42.4057	  174.0680
10.218	 2.03	 1	 -41.6369	  174.3761
10.219	 2.86	 2	 -42.3789	  173.9876
10.219	 2.00	 1	 -42.5596	  172.8113
10.222	 2.40	 3	 -42.2782	  172.9966
10.230	 2.06	 1	 -42.6131	  173.0271
10.231	 2.22	 1	 -41.7775	  174.2659
10.233	 2.09	 1	 -41.6936	  174.1971
10.238	 2.40	 2	 -41.6376	  174.2164
10.238	 2.35	 1	 -42.3364	  172.9568
10.241	 2.60	 1	 -41.6854	  174.4226
10.243	 2.04	 1	 -41.9522	  173.6041
10.244	 2.10	 1	 -42.6769	  172.6898
10.244	 2.52	 1	 -42.5814	  173.0094
10.248	 3.73	 1	 -42.4719	  172.9708
10.252	 2.23	 1	 -42.1915	  173.6194
10.259	 2.10	 2	 -41.5696	  174.2495
10.260	 2.44	 2	 -42.6909	  172.9151
10.260	 2.17	 1	 -42.2201	  173.6134
10.261	 2.13	 1	 -42.6241	  173.2265
10.263	 4.13	 1	 -41.5968	  174.1627
10.263	 2.07	 1	 -42.2374	  173.5153
10.263	 2.53	 2	 -41.5869	  174.1582
10.265	 2.65	 2	 -42.3666	  173.9852
10.267	 2.29	 1	 -42.7494	  173.1871
10.267	 2.52	 1	 -41.9806	  173.7085
10.270	 2.01	 1	 -42.5238	  173.0407
10.271	 2.02	 2	 -42.5460	  173.9142
10.274	 2.91	 1	 -39.1241	  171.2418
10.275	 2.10	 1	 -42.0586	  173.0977
10.276	 2.57	 1	 -41.8156	  174.2340
10.277	 2.43	 2	 -41.5517	  174.1230
10.277	 2.29	 2	 -42.0069	  174.1640
10.286	 2.17	 1	 -41.6963	  174.2983
10.288	 2.15	 2	 -41.8808	  174.0094
10.290	 2.73	 2	 -41.5463	  174.1179
10.293	 3.10	 2	 -42.3076	  173.7386
10.299	 2.19	 1	 -41.7514	  174.3142
10.300	 2.62	 1	 -42.4974	  173.2086
10.302	 2.54	 1	 -42.0807	  173.7249
10.302	 2.07	 2	 -42.3269	  173.5312
10.302	 2.38	 1	 -42.4168	  174.1086
10.306	 2.10	 1	 -41.7415	  174.3748
10.309	 2.38	 4	 -41.6791	  174.2450
10.310	 2.04	 3	 -42.6966	  173.1256
10.312	 2.91	 2	 -42.3873	  174.0246
10.312	 2.21	 1	 -41.9863	  173.8447
10.316	 2.24	 2	 -41.9544	  173.7347
10.317	 2.01	 1	 -42.3765	  173.5315
10.317	 2.51	 1	 -42.4612	  173.8080
10.319	 2.88	 1	 -42.6207	  172.7781
10.322	 2.27	 3	 -41.7615	  174.9362
10.327	 2.58	 2	 -42.9280	  173.5708
10.327	 2.17	 2	 -41.7043	  174.1354
10.328	 2.19	 1	 -41.7097	  174.2445
10.330	 2.78	 1	 -41.7424	  174.2661
10.331	 2.06	 1	 -41.7260	  174.3007
10.331	 3.13	 1	 -42.3239	  173.8686
10.333	 2.43	 1	 -42.1507	  173.8274
10.334	 2.26	 2	 -42.0255	  174.1488
10.343	 2.08	 1	 -41.6748	  174.2992
10.344	 2.00	 1	 -42.4753	  173.1967
10.346	 2.41	 1	 -42.3997	  173.8550
10.346	 2.05	 1	 -42.2297	  173.6097
10.349	 2.21	 1	 -41.7106	  174.3988
10.349	 2.01	 2	 -41.7091	  174.2482
10.351	 2.38	 1	 -38.0922	  177.8168
10.354	 2.71	 1	 -41.7308	  174.1921
10.355	 2.39	 3	 -41.5916	  174.1577
10.357	 2.07	 1	 -42.5679	  173.3047
10.357	 2.40	 1	 -41.6735	  174.2643
10.359	 2.16	 1	 -39.7098	  177.9545
10.361	 2.07	 1	 -42.0435	  173.6577
10.366	 2.38	 1	 -42.3471	  173.1820
10.367	 2.07	 1	 -42.5676	  173.1620
10.368	 2.06	 1	 -41.9815	  174.0666
10.369	 2.18	 5	 -42.6182	  172.9553
10.372	 2.35	 1	 -41.7922	  173.9995
10.373	 2.66	 3	 -41.7295	  174.2181
10.377	 2.09	 2	 -42.7224	  173.1983
10.381	 2.22	 1	 -42.2501	  173.6234
10.384	 2.55	 1	 -41.7619	  174.4664
10.385	 2.24	 1	 -42.7850	  172.9251
10.388	 2.02	 1	 -42.7013	  173.1796
10.390	 2.09	 1	 -42.4378	  173.2987
10.393	 3.60	 1	 -41.6806	  174.1846
10.394	 2.39	 1	 -41.7677	  174.2654
10.397	 2.05	 1	 -40.9823	  170.9200
10.398	 2.86	 3	 -42.5006	  173.0449
10.399	 2.12	 2	 -42.5007	  173.1975
10.400	 2.01	 1	 -41.7455	  174.3286
10.401	 2.11	 1	 -42.0470	  173.6981
10.402	 2.53	 1	 -42.6962	  173.1380
10.403	 2.18	 1	 -41.4728	  174.2725
10.405	 2.18	 2	 -41.5880	  174.0738
10.409	 2.51	 1	 -42.7601	  173.3342
10.410	 2.86	 1	 -42.4035	  173.5706
10.411	 3.14	 1	 -42.3408	  173.8938
10.416	 2.67	 1	 -42.4614	  173.9391
10.417	 2.08	 1	 -42.0099	  174.1422
10.419	 2.74	 1	 -42.5483	  173.2129
10.420	 2.68	 1	 -41.9489	  173.6528
10.420	 2.02	 2	 -41.6952	  174.2068
10.425	 2.19	 1	 -41.6839	  174.3985
10.426	 2.31	 1	 -41.8082	  174.2571
10.426	 2.46	 2	 -42.5489	  174.0265
10.428	 2.92	 2	 -42.0631	  174.1037
10.429	 2.82	 2	 -42.3373	  173.7998
10.431	 2.97	 2	 -41.5791	  174.1436
10.437	 2.37	 2	 -42.4140	  173.0289
10.440	 2.02	 1	 -42.1990	  173.6286
10.441	 2.32	 2	 -41.6256	  174.2148
10.444	 3.16	 1	 -41.9571	  174.4877
10.444	 2.08	 1	 -41.7127	  174.4922
10.444	 3.01	 3	 -41.7938	  174.2640
10.446	 2.11	 1	 -42.6500	  172.8988
10.454	 3.26	 1	 -42.5522	  173.1024
10.456	 2.16	 1	 -42.2319	  173.5877
10.460	 2.17	 2	 -42.2707	  173.4559
10.469	 2.55	 1	 -41.8766	  174.1411
10.472	 2.18	 1	 -41.8228	  174.0429
10.475	 2.63	 1	 -42.6988	  172.8316
10.476	 3.06	 1	 -41.7386	  174.2692
10.478	 2.25	 2	 -42.3727	  173.9655
10.481	 2.05	 1	 -42.3981	  173.3777
10.481	 2.71	 1	 -42.0510	  173.7001
10.483	 2.28	 2	 -42.0659	  173.6985
10.484	 2.15	 1	 -42.5984	  172.9062
10.486	 2.80	 2	 -39.1262	  171.2392
10.488	 2.11	 1	 -42.5787	  173.4098
10.488	 2.34	 1	 -41.8114	  174.2565
10.491	 2.59	 1	 -42.1973	  173.9171
10.492	 2.43	 1	 -41.7260	  174.3821
10.501	 3.03	 1	 -42.2692	  173.1473
10.502	 2.46	 2	 -42.2417	  173.7108
10.514	 2.57	 1	 -42.4306	  172.9928
10.520	 2.67	 1	 -42.4598	  173.9489
10.521	 2.71	 1	 -42.2684	  173.3290
10.523	 2.03	 2	 -42.2621	  173.5070
10.530	 3.05	 1	 -42.4253	  173.1820
10.531	 2.79	 1	 -42.3526	  173.6403
10.537	 2.45	 1	 -40.6091	  172.0383
10.540	 2.13	 1	 -42.5328	  173.9258
10.541	 2.50	 1	 -42.5405	  173.3494
10.545	 2.04	 1	 -42.4621	  173.1775
10.548	 2.36	 1	 -42.1530	  173.7881
10.548	 2.12	 1	 -41.7683	  170.8801
10.549	 2.61	 1	 -41.7745	  174.4493
10.550	 2.00	 1	 -41.0077	  176.3914
10.552	 3.10	 1	 -45.4368	  169.3877
10.555	 2.07	 2	 -42.5043	  173.2073
10.558	 2.30	 3	 -41.7311	  174.2051
10.564	 2.49	 1	 -42.7179	  172.9685
10.565	 3.00	 1	 -41.7086	  174.3069
10.572	 2.02	 1	 -42.1631	  173.6424
10.573	 2.93	 2	 -42.0069	  174.1387
10.577	 2.04	 1	 -42.3404	  173.1129
10.578	 2.05	 1	 -42.2813	  173.6513
10.580	 2.33	 1	 -42.4502	  173.7591
10.581	 2.39	 1	 -42.4480	  173.9259
10.581	 3.04	 1	 -42.6500	  173.0323
10.585	 2.05	 1	 -42.0433	  173.6786
10.586	 2.68	 1	 -41.7732	  174.0679
10.592	 3.39	 2	 -42.3535	  173.3032
10.594	 2.81	 1	 -42.4904	  173.1818
10.596	 2.47	 1	 -42.6801	  171.7418
10.597	 2.09	 1	 -42.5104	  173.9544
10.599	 2.14	 1	 -42.3290	  173.0989
10.608	 2.55	 2	 -39.7770	  171.7681
10.609	 2.23	 1	 -41.7857	  174.6969
10.614	 2.12	 2	 -41.5882	  174.1668
10.614	 2.20	 3	 -42.5893	  173.0703
10.617	 2.24	 2	 -40.5984	  172.0693
10.618	 2.59	 1	 -42.1618	  173.6734
10.627	 2.67	 1	 -42.3034	  179.2745
10.627	 2.93	 1	 -42.7427	  172.9500
10.629	 2.30	 1	 -42.3983	  173.7276
10.634	 2.32	 1	 -42.2738	  173.6265
10.637	 2.08	 1	 -41.4088	  174.1783
10.641	 2.05	 1	 -42.2194	  173.5914
10.641	 2.51	 1	 -41.7707	  174.2638
10.650	 2.02	 1	 -42.2674	  173.7644
10.655	 2.59	 1	 -42.0311	  173.6829
10.655	 2.76	 1	 -42.5384	  173.8633
10.656	 2.24	 1	 -42.0962	  173.7714
10.657	 3.21	 1	 -42.1946	  173.5837
10.658	 2.38	 1	 -41.7187	  174.3787
10.663	 2.11	 1	 -41.7563	  174.2212
10.668	 2.18	 1	 -42.4368	  173.0374
10.669	 2.26	 1	 -42.5305	  173.3054
10.677	 2.02	 1	 -42.3616	  173.1509
10.678	 2.40	 1	 -41.7291	  174.3176
10.678	 3.11	 1	 -42.4706	  173.7770
10.679	 2.20	 1	 -42.4797	  173.1223
10.683	 2.77	 2	 -41.6937	  174.2118
10.684	 3.71	 1	 -41.7354	  174.3002
10.684	 2.03	 1	 -42.5835	  172.8244
10.685	 2.14	 1	 -42.5525	  173.3517
10.686	 2.19	 2	 -42.3761	  173.9702
10.687	 2.25	 1	 -42.6156	  172.8503
10.691	 2.51	 1	 -42.2101	  173.7687
10.696	 2.80	 1	 -42.5466	  173.3212
10.696	 2.31	 2	 -42.2794	  173.8237
10.703	 3.16	 1	 -41.6985	  174.1720
10.704	 2.01	 1	 -42.1249	  173.5816
10.709	 2.46	 2	 -41.7405	  174.2742
10.712	 2.10	 1	 -42.2509	  173.8364
10.712	 2.03	 1	 -42.3871	  173.8288
10.713	 2.57	 1	 -42.4351	  173.1929
10.713	 2.02	 1	 -42.8769	  172.0847
10.714	 3.18	 1	 -41.8446	  174.0658
10.716	 2.42	 3	 -42.3067	  173.7372
10.722	 3.31	 1	 -42.4365	  173.7610
10.722	 2.03	 2	 -42.1144	  173.9958
10.726	 2.03	 1	 -42.0463	  173.6666
10.727	 2.64	 1	 -42.1483	  173.4255
10.730	 2.17	 4	 -41.5003	  174.1878
10.733	 2.26	 1	 -41.7568	  174.2981
10.738	 2.66	 1	 -42.6635	  172.4057
10.738	 2.07	 2	 -42.4218	  173.6783
10.741	 2.16	 1	 -41.7179	  174.3121
10.742	 2.49	 1	 -41.8118	  173.6380
10.743	 2.26	 1	 -41.7028	  174.3992
10.745	 2.09	 1	 -41.6904	  174.2597
10.746	 2.20	 1	 -41.7049	  174.1064
10.753	 2.79	 1	 -42.4695	  173.2732
10.755	 2.25	 1	 -41.6881	  174.2074
10.756	 2.19	 1	 -43.0444	  172.6248
10.759	 2.59	 1	 -41.7483	  174.2131
10.763	 2.46	 1	 -42.5211	  173.4246
10.765	 2.81	 2	 -41.8237	  174.0437
10.770	 2.12	 2	 -42.3230	  173.8673
10.772	 2.13	 1	 -41.6895	  174.2281
10.772	 2.39	 1	 -42.3278	  174.0438
10.774	 2.90	 1	 -42.7225	  173.0278
10.775	 2.83	 1	 -42.2995	  173.8544
10.781	 2.21	 1	 -42.3363	  173.7947
10.788	 2.18	 1	 -41.6603	  174.4142
10.795	 2.63	 1	 -41.6216	  174.2147
10.796	 2.10	 1	 -42.3370	  174.1382
10.797	 2.25	 3	 -42.3548	  173.0281
10.797	 2.40	 2	 -41.7442	  174.3169
10.802	 2.64	 1	 -41.8962	  174.2588
10.803	 2.39	 3	 -41.7115	  174.1794
10.804	 2.47	 1	 -42.3585	  173.8144
10.806	 2.17	 1	 -42.5792	  173.0336
10.808	 3.00	 1	 -41.6791	  174.1761
10.810	 2.73	 1	 -42.5168	  173.2058
10.812	 2.20	 1	 -41.7514	  174.3026
10.814	 2.17	 2	 -41.6131	  174.2173
10.815	 2.14	 1	 -41.6368	  174.3871
10.816	 3.24	 1	 -42.1860	  173.8227
10.821	 2.37	 1	 -42.1569	  173.4630
10.825	 2.65	 2	 -41.6405	  174.1506
10.826	 2.01	 1	 -41.6980	  173.1759
10.827	 2.82	 2	 -41.6370	  174.3868
10.829	 3.38	 1	 -42.2315	  173.5276
10.831	 2.02	 1	 -42.2383	  173.6830
10.832	 2.04	 1	 -42.3469	  173.9284
10.835	 2.20	 1	 -42.7748	  172.7706
10.835	 3.41	 1	 -42.5254	  172.8618
10.838	 2.61	 1	 -42.3497	  173.8287
10.840	 2.10	 1	 -42.5765	  173.0656
10.842	 2.53	 1	 -42.3314	  173.0769
10.847	 2.60	 1	 -42.5970	  173.2806
10.848	 2.03	 1	 -42.3475	  173.7919
10.851	 3.39	 1	 -41.7957	  174.2613
10.859	 3.14	 1	 -42.0096	  173.6708
10.859	 2.17	 1	 -42.2709	  173.7860
10.863	 2.00	 2	 -41.5374	  174.1138
10.863	 2.70	 1	 -42.5211	  173.0964
10.863	 2.58	 2	 -42.7222	  173.0266
10.869	 2.68	 1	 -42.3398	  173.6249
10.871	 2.32	 3	 -41.7298	  174.2045
10.874	 2.43	 1	 -42.5761	  172.8287
10.879	 2.24	 1	 -42.4746	  172.9630
10.879	 2.40	 1	 -41.8417	  174.1666
10.880	 2.26	 3	 -41.7918	  175.0148
10.883	 2.21	 1	 -42.1331	  173.6909
10.885	 2.14	 1	 -42.4746	  173.4021
10.889	 2.24	 2	 -41.8413	  174.2761
10.890	 2.19	 1	 -42.9286	  172.8008
10.892	 2.35	 1	 -41.7201	  174.2970
10.896	 3.15	 4	 -42.4036	  173.1311
10.899	 3.35	 1	 -42.4286	  173.0704
10.900	 2.24	 1	 -42.4719	  173.1082
10.901	 2.54	 1	 -42.6420	  172.8166
10.906	 2.59	 1	 -42.6161	  173.2239
10.907	 2.39	 1	 -42.6839	  172.7959
10.910	 2.00	 1	 -42.7877	  173.1767
10.911	 2.11	 1	 -42.0682	  174.1004
10.919	 2.36	 1	 -41.7762	  174.2048
10.921	 2.14	 1	 -42.5902	  173.1588
10.921	 2.33	 2	 -41.7372	  174.3034
10.931	 2.09	 3	 -42.5412	  173.9163
10.933	 2.55	 1	 -40.6290	  175.0326
10.940	 2.22	 1	 -41.7443	  174.2552
10.943	 2.33	 1	 -41.6884	  174.2156
10.944	 2.33	 1	 -41.7243	  174.1330
10.954	 2.52	 1	 -42.5006	  174.5182
10.956	 3.53	 1	 -42.6194	  172.2835
10.957	 2.13	 1	 -41.9671	  174.0410
10.961	 2.08	 1	 -42.1234	  173.5894
10.963	 2.29	 2	 -42.5154	  172.8739
10.964	 2.58	 1	 -41.6693	  174.2999
10.966	 2.26	 1	 -41.8046	  174.0106
10.967	 2.05	 1	 -42.0329	  173.7464
10.970	 3.08	 1	 -41.9851	  173.7338
10.976	 2.06	 1	 -42.3505	  173.8197
10.979	 2.11	 1	 -41.7791	  174.3205
10.980	 2.66	 1	 -41.7185	  174.2343
10.981	 2.71	 1	 -41.7708	  174.2648
10.984	 2.63	 1	 -40.7963	  167.4749
10.987	 2.00	 1	 -42.4625	  173.5858
10.988	 2.30	 1	 -42.0308	  173.7146
10.990	 2.26	 2	 -42.3423	  173.4635
10.991	 2.30	 1	 -41.7942	  174.2141
10.992	 2.44	 2	 -41.6433	  174.2160
10.993	 2.24	 1	 -42.2780	  173.5762
10.996	 2.21	 3	 -42.1448	  173.1000
10.997	 2.69	 1	 -42.3989	  173.7796
11.001	 2.71	 1	 -42.6865	  171.7049
11.002	 2.67	 1	 -42.3561	  174.0245
11.006	 2.25	 1	 -42.1325	  173.5646
11.007	 2.08	 1	 -42.3399	  173.8700
11.011	 2.06	 1	 -42.5958	  172.8322
11.011	 2.47	 1	 -42.2503	  173.4485
11.013	 2.06	 1	 -42.5293	  173.0367
11.018	 2.50	 1	 -42.0362	  174.0408
11.022	 2.22	 1	 -42.3490	  173.7520
11.027	 2.63	 1	 -42.4044	  173.3851
11.030	 2.01	 1	 -42.6049	  172.9542
11.031	 2.86	 1	 -42.2807	  173.6973
11.038	 3.14	 1	 -42.4143	  173.1338
11.039	 2.91	 2	 -42.2482	  173.5982
11.044	 2.54	 1	 -42.3297	  173.8623
11.045	 3.73	 2	 -42.2184	  173.5539
11.046	 3.12	 2	 -42.4529	  172.9810
11.048	 2.26	 2	 -42.5327	  174.0656
11.049	 2.00	 5	 -41.8153	  175.1404
11.051	 2.38	 1	 -42.2719	  173.6180
11.052	 3.39	 1	 -41.7161	  174.2688
11.052	 2.51	 1	 -41.2760	  174.2417
11.053	 2.23	 1	 -42.4299	  173.4800
11.054	 2.28	 1	 -41.7090	  174.3087
11.057	 2.47	 1	 -42.4087	  173.7412
11.062	 2.07	 2	 -41.8777	  174.1432
11.063	 2.15	 1	 -38.5688	  170.0955
11.064	 2.01	 1	 -41.6023	  174.3461
11.065	 2.31	 1	 -41.7777	  174.3459
11.068	 3.08	 1	 -41.9584	  173.9971
11.069	 2.23	 2	 -41.5735	  174.4266
11.074	 2.08	 1	 -42.7189	  172.8962
11.077	 2.02	 2	 -40.6271	  167.5654
11.077	 3.58	 1	 -42.3024	  173.7689
11.078	 2.11	 1	 -41.7089	  174.3247
11.082	 2.16	 2	 -42.4654	  173.0684
11.087	 3.18	 3	 -41.7111	  174.2267
11.092	 2.13	 1	 -42.2746	  173.6388
11.093	 2.88	 2	 -42.3030	  173.7010
11.095	 2.05	 2	 -41.7534	  174.9602
11.096	 2.49	 1	 -41.9506	  173.9804
11.096	 2.20	 1	 -42.4119	  174.0387
11.097	 2.07	 1	 -42.2421	  173.8995
11.100	 2.83	 1	 -42.3634	  173.5453
11.111	 2.89	 1	 -41.7174	  174.2602
11.111	 2.25	 1	 -42.5192	  173.4699
11.112	 2.76	 2	 -42.0207	  173.6278
11.114	 2.83	 3	 -41.7693	  174.1433
11.117	 2.10	 1	 -42.3667	  174.0753
11.118	 2.89	 2	 -41.7774	  174.2816
11.119	 2.36	 1	 -42.7627	  173.0723
11.131	 2.05	 1	 -41.7276	  174.2549
11.137	 2.09	 1	 -42.5033	  173.3290
11.139	 2.09	 1	 -42.1454	  173.9860
11.141	 2.78	 2	 -42.4052	  173.3864
11.145	 2.32	 1	 -42.2750	  173.5873
11.147	 2.12	 2	 -41.6631	  174.2511
11.147	 2.17	 1	 -42.2513	  173.4951
11.147	 2.36	 1	 -42.6793	  172.8925
11.149	 2.35	 1	 -42.0854	  173.5878
11.152	 3.78	 2	 -42.7055	  173.2546
11.155	 2.25	 1	 -41.7308	  171.9675
11.155	 2.12	 2	 -43.1245	  170.9321
11.164	 2.19	 1	 -41.5827	  174.2443
11.165	 2.03	 4	 -42.4430	  173.1802
11.166	 2.13	 1	 -42.5440	  173.1392
11.169	 2.02	 2	 -41.0370	  175.4393
11.174	 2.19	 1	 -41.7488	  174.0720
11.177	 2.05	 1	 -41.7127	  174.1375
11.184	 2.24	 1	 -42.2755	  173.7574
11.185	 2.26	 1	 -42.1019	  173.8130
11.188	 3.98	 1	 -42.9879	  173.0076
11.194	 3.21	 1	 -42.3527	  173.9397
11.196	 2.04	 3	 -41.7111	  174.2103
11.196	 2.20	 1	 -42.0443	  173.6054
11.201	 2.11	 1	 -42.3554	  173.2447
11.204	 2.26	 1	 -42.3239	  173.6794
11.206	 2.09	 1	 -42.3658	  173.8316
11.207	 2.74	 2	 -41.9658	  174.5187
11.211	 2.28	 1	 -42.3042	  173.1214
11.212	 3.64	 3	 -42.7063	  173.2579
11.217	 3.11	 1	 -42.1765	  173.7212
11.221	 2.52	 2	 -41.7826	  174.1897
11.223	 2.06	 2	 -42.9875	  173.0116
11.224	 2.12	 1	 -41.7146	  174.2197
11.228	 2.42	 1	 -44.8703	  174.9944
11.232	 2.06	 1	 -41.6719	  174.2001
11.233	 3.12	 2	 -41.6375	  174.2309
11.236	 2.30	 1	 -41.7470	  174.3940
11.236	 2.50	 2	 -42.3238	  173.0127
11.236	 2.11	 2	 -42.3226	  172.9396
11.244	 2.93	 2	 -42.3029	  173.7226
11.248	 2.69	 1	 -42.7114	  173.1660
11.250	 2.75	 2	 -43.2418	  171.6781
11.252	 2.76	 3	 -42.7175	  173.0517
11.253	 2.59	 1	 -42.5821	  173.6643
11.253	 2.02	 2	 -41.5998	  174.1628
11.257	 2.83	 1	 -42.3871	  173.9187
11.257	 2.51	 2	 -42.3039	  173.6615
11.257	 2.39	 1	 -42.6296	  172.9300
11.266	 2.40	 2	 -42.6065	  172.2755
11.270	 2.30	 1	 -41.7360	  174.3956
11.270	 2.52	 2	 -42.1717	  173.7289
11.271	 2.86	 1	 -42.6339	  172.8760
11.273	 2.72	 2	 -41.6347	  174.2280
11.276	 2.04	 2	 -41.1940	  174.2914
11.279	 2.68	 1	 -41.9504	  173.7926
11.283	 2.68	 2	 -42.4409	  173.7635
11.284	 2.23	 2	 -42.3619	  174.0192
11.285	 2.33	 1	 -42.6878	  172.7319
11.290	 2.01	 1	 -42.4427	  173.3233
11.293	 2.07	 1	 -42.9166	  172.8574
11.296	 4.75	 1	 -42.3648	  173.9692
11.296	 2.45	 2	 -42.3830	  173.8981
11.296	 2.16	 2	 -41.5924	  174.1410
11.297	 2.17	 2	 -42.0639	  173.4074
11.300	 2.06	 1	 -42.5925	  173.1010
11.303	 3.10	 1	 -42.5087	  173.0663
11.304	 2.55	 1	 -42.3624	  174.0264
11.304	 2.55	 1	 -41.8376	  174.3017
11.305	 2.63	 1	 -42.6997	  173.0683
11.307	 2.29	 1	 -42.5495	  173.1706
11.307	 2.29	 4	 -41.7123	  174.2399
11.312	 2.23	 2	 -42.3002	  173.9638
11.312	 3.31	 1	 -41.9619	  173.6697
11.316	 2.03	 1	 -42.6527	  173.1668
11.317	 2.19	 1	 -42.6734	  172.7018
11.317	 2.18	 1	 -41.8501	  174.0955
11.320	 3.75	 2	 -42.3680	  173.9417
11.322	 2.52	 1	 -42.3652	  173.9192
11.326	 2.25	 3	 -41.7642	  174.9624
11.331	 3.84	 1	 -41.7338	  174.2662
11.332	 2.57	 2	 -41.9213	  174.8089
11.335	 2.36	 1	 -42.1957	  173.6788
11.337	 2.17	 2	 -42.2696	  173.6201
11.340	 2.02	 1	 -42.0630	  173.7818
11.342	 3.59	 1	 -42.2683	  173.8519
11.348	 2.01	 2	 -42.0938	  173.0208
11.352	 2.22	 1	 -42.3074	  173.9217
11.353	 2.14	 1	 -41.6926	  174.1988
11.354	 2.03	 2	 -41.6883	  174.1670
11.354	 2.08	 1	 -41.6979	  174.3110
11.358	 2.62	 2	 -41.5115	  174.2887
11.359	 2.67	 1	 -42.2931	  173.9919
11.362	 2.13	 1	 -42.3915	  173.3332
11.365	 2.19	 2	 -41.6889	  174.1600
11.366	 2.53	 3	 -41.8128	  174.8134
11.371	 2.72	 2	 -42.2989	  173.3192
11.376	 2.93	 1	 -42.3197	  173.8046
11.378	 2.07	 1	 -42.5168	  173.1122
11.379	 2.60	 1	 -42.2864	  173.8200
11.383	 2.56	 2	 -42.0163	  176.1065
11.388	 2.00	 1	 -42.6165	  173.0870
11.389	 3.20	 1	 -42.4985	  173.2602
11.393	 2.11	 4	 -41.8814	  174.2198
11.395	 2.25	 1	 -42.4816	  173.1891
11.397	 4.42	 2	 -42.1115	  174.2095
11.400	 2.61	 1	 -41.8740	  174.0874
11.401	 2.92	 1	 -42.5816	  172.8984
11.410	 2.70	 1	 -42.2792	  173.8517
11.414	 2.75	 4	 -42.6673	  173.2273
11.416	 2.14	 1	 -42.1909	  173.7502
11.420	 2.35	 2	 -41.7344	  174.2636
11.422	 2.79	 3	 -41.7454	  174.9573
11.424	 2.12	 1	 -41.7533	  174.2676
11.427	 2.77	 1	 -41.7744	  174.2522
11.431	 3.27	 2	 -42.4571	  173.3310
11.433	 2.15	 1	 -42.0356	  173.8562
11.434	 2.68	 1	 -42.4587	  173.3448
11.434	 2.98	 1	 -42.3047	  173.5287
11.434	 2.22	 1	 -42.2262	  173.5624
11.436	 3.73	 1	 -42.2844	  173.9069
11.437	 2.20	 2	 -42.9697	  172.9895
11.437	 2.63	 1	 -42.3512	  173.6786
11.437	 2.12	 1	 -42.6608	  172.7871
11.446	 3.49	 2	 -42.4786	  172.7367
11.446	 2.58	 1	 -41.9167	  174.3127
11.447	 2.08	 1	 -45.4126	  170.7036
11.448	 2.16	 1	 -42.0167	  173.5749
11.449	 2.36	 1	 -41.9415	  173.7514
11.451	 3.16	 3	 -42.1755	  173.7287
11.452	 3.42	 3	 -42.1982	  174.2111
11.455	 3.58	 2	 -42.2953	  173.8919
11.455	 2.56	 1	 -42.5675	  173.1316
11.457	 2.96	 3	 -41.9745	  174.5109
11.461	 2.75	 1	 -42.5827	  173.7223
11.463	 2.35	 5	 -42.3996	  173.1302
11.464	 2.41	 1	 -41.9466	  173.8572
11.465	 2.03	 1	 -41.8414	  173.8941
11.471	 2.09	 2	 -41.7479	  174.2711
11.473	 2.69	 1	 -42.4509	  173.1130
11.474	 2.71	 1	 -41.1409	  173.5470
11.475	 2.11	 3	 -42.2744	  173.9887
11.476	 3.14	 1	 -42.5267	  173.0936
11.480	 2.01	 3	 -42.3045	  173.8781
11.480	 2.60	 3	 -41.7708	  174.4475
11.480	 2.19	 1	 -41.7103	  174.4164
11.481	 2.87	 1	 -42.5881	  173.1034
11.484	 2.56	 2	 -41.7662	  174.2060
11.486	 2.13	 6	 -42.7115	  173.1274
11.486	 2.42	 1	 -42.7498	  172.5336
11.487	 2.46	 4	 -41.6873	  174.2346
11.489	 2.08	 1	 -42.5911	  172.8221
11.490	 2.60	 1	 -41.6917	  174.0782
11.490	 2.27	 1	 -42.4575	  173.2765
11.492	 3.05	 1	 -42.4610	  173.0797
11.496	 2.39	 1	 -42.4758	  173.0768
11.496	 3.18	 1	 -41.7444	  174.3015
11.498	 2.58	 1	 -42.5402	  173.6927
11.499	 2.02	 1	 -41.8958	  174.4221
11.500	 2.14	 1	 -42.1289	  173.4445
11.500	 2.19	 1	 -42.4455	  173.1735
11.502	 2.20	 1	 -42.6079	  172.8564
11.502	 2.80	 5	 -42.6638	  172.8661
11.506	 2.07	 1	 -43.3342	  174.7476
11.509	 2.17	 1	 -42.3354	  173.8891
11.509	 2.15	 2	 -42.2895	  173.7092
11.510	 2.20	 1	 -42.2770	  173.5355
11.514	 2.68	 1	 -41.6921	  174.3566
11.514	 2.19	 2	 -41.7484	  174.2623
11.515	 2.22	 1	 -42.3434	  174.0608
11.516	 2.10	 3	 -41.9106	  174.1294
11.522	 2.03	 1	 -46.5257	  169.8237
11.525	 2.26	 2	 -44.3487	  179.0529
11.526	 3.62	 1	 -41.8430	  174.2346
11.532	 2.65	 2	 -42.3004	  173.5355
11.538	 2.28	 3	 -42.0250	  174.3416
11.539	 2.94	 3	 -42.4573	  173.3808
11.547	 2.50	 1	 -42.8272	  173.0570
11.550	 2.79	 2	 -42.3348	  173.9166
11.550	 2.71	 1	 -42.7082	  173.1375
11.554	 2.42	 1	 -41.3587	  174.5560
11.554	 2.17	 1	 -42.6210	  172.9767
11.555	 2.68	 1	 -41.7332	  174.3397
11.559	 3.03	 1	 -42.1647	  173.5920
11.560	 2.41	 2	 -42.3564	  173.9561
11.562	 2.58	 2	 -42.3630	  173.6036
11.562	 2.75	 1	 -42.3899	  173.6063
11.565	 2.09	 5	 -42.6651	  173.2285
11.566	 2.06	 2	 -41.8572	  174.2446
11.566	 2.44	 1	 -42.6641	  172.8387
11.567	 2.16	 2	 -41.8480	  174.2415
11.567	 2.44	 1	 -42.6381	  173.0627
11.568	 2.97	 1	 -42.2116	  173.7515
11.576	 2.25	 1	 -42.5523	  173.8978
11.579	 2.97	 2	 -42.3591	  173.9677
11.580	 2.58	 1	 -41.7108	  174.5561
11.587	 2.13	 1	 -41.5785	  174.5477
11.591	 2.61	 2	 -41.8277	  172.6978
11.594	 2.06	 1	 -42.2900	  173.9972
11.594	 2.08	 2	 -42.3695	  173.9704
11.596	 3.17	 2	 -42.1609	  173.6109
11.596	 2.18	 1	 -42.2775	  173.6841
11.601	 2.23	 1	 -41.7009	  174.1736
11.602	 2.07	 1	 -42.3458	  173.7453
11.604	 2.58	 1	 -41.7255	  174.3006
11.608	 2.07	 2	 -42.3529	  173.9808
11.610	 2.89	 2	 -42.2053	  174.2900
11.610	 2.86	 4	 -42.4782	  173.0774
11.610	 2.02	 2	 -42.9822	  173.0068
11.611	 4.41	 4	 -41.5365	  174.1893
11.613	 2.01	 1	 -42.1235	  173.5024
11.615	 2.10	 1	 -42.4776	  173.4078
11.617	 2.37	 1	 -42.7510	  173.4218
11.624	 2.04	 1	 -41.8293	  174.1690
11.626	 2.03	 1	 -42.3397	  173.3994
11.627	 3.33	 1	 -42.3197	  173.9380
11.627	 2.28	 1	 -42.6281	  173.0319
11.628	 2.63	 2	 -42.3651	  173.9660
11.633	 2.07	 1	 -42.2603	  173.6752
11.638	 2.65	 1	 -41.9754	  173.8415
11.643	 2.05	 1	 -42.5643	  173.0699
11.645	 2.41	 1	 -42.5578	  173.0441
11.655	 2.94	 1	 -42.4152	  173.3797
11.660	 2.80	 1	 -41.6854	  174.3163
11.661	 2.61	 2	 -42.3105	  174.0477
11.661	 2.02	 1	 -41.8102	  174.1805
11.663	 2.27	 5	 -41.4715	  174.1188
11.666	 2.35	 2	 -42.4408	  173.2782
11.670	 2.53	 2	 -42.5160	  173.2655
11.671	 2.25	 1	 -41.7528	  174.1377
11.671	 2.18	 1	 -41.9431	  174.0946
11.672	 2.25	 1	 -42.0756	  173.8200
11.673	 3.15	 3	 -42.4877	  172.7412
11.687	 2.05	 1	 -41.9855	  173.6382
11.690	 2.01	 1	 -42.4151	  173.2915
11.692	 2.02	 1	 -42.3515	  173.7792
11.694	 2.08	 1	 -42.2230	  173.5793
11.694	 2.30	 2	 -42.4751	  172.9998
11.695	 3.16	 1	 -45.2603	  170.6281
11.700	 2.02	 1	 -42.9036	  173.8557
11.702	 3.08	 1	 -42.9287	  173.0326
11.704	 2.27	 1	 -42.3393	  173.5063
11.704	 2.35	 1	 -42.4934	  173.2088
11.704	 2.36	 2	 -41.7418	  174.2927
11.705	 2.01	 1	 -42.6726	  172.8146
11.705	 2.62	 1	 -42.5222	  173.0990
11.710	 2.16	 1	 -41.8265	  174.0808
11.717	 2.79	 3	 -41.8132	  174.9383
11.722	 2.54	 5	 -41.5566	  174.2698
11.723	 2.11	 1	 -41.8452	  173.6112
11.724	 2.29	 1	 -42.7001	  172.9173
11.730	 2.49	 1	 -42.5879	  173.3422
11.730	 2.79	 1	 -41.7059	  174.2610
11.733	 2.03	 1	 -42.4872	  173.1623
11.735	 2.83	 1	 -41.6804	  174.2585
11.736	 2.66	 1	 -42.5296	  173.0965
11.741	 2.10	 1	 -42.6465	  173.1029
11.741	 2.66	 1	 -41.6971	  174.2205
11.741	 2.19	 1	 -42.4761	  173.1888
11.746	 2.74	 1	 -40.0728	  173.4323
11.747	 2.14	 3	 -44.3488	  179.0526
11.750	 2.17	 2	 -41.7636	  174.0911
11.751	 2.45	 3	 -41.6406	  174.3893
11.753	 2.34	 3	 -42.6838	  173.0211
11.756	 2.17	 2	 -41.9626	  174.0035
11.757	 2.91	 1	 -42.2602	  173.8745
11.766	 2.28	 1	 -42.2902	  174.1540
11.768	 2.12	 1	 -42.5311	  173.0212
11.771	 2.02	 1	 -42.0475	  173.8093
11.774	 2.83	 3	 -42.2923	  173.8895
11.775	 2.98	 1	 -42.7002	  173.8079
11.782	 3.40	 2	 -42.2759	  173.9106
11.783	 2.00	 1	 -42.6518	  173.4116
11.793	 2.19	 1	 -41.6669	  174.3092
11.793	 4.15	 2	 -42.0193	  174.1684
11.798	 2.08	 1	 -42.2998	  173.8581
11.799	 3.22	 3	 -42.1618	  174.1812
11.805	 2.29	 2	 -41.7534	  174.1380
11.806	 2.08	 1	 -42.1093	  173.7130
11.809	 2.15	 1	 -42.5173	  172.8477
11.822	 2.43	 1	 -41.9180	  174.0940
11.826	 2.05	 1	 -42.5952	  173.0199
11.837	 2.56	 1	 -42.6888	  172.9284
11.838	 2.09	 1	 -42.4230	  173.4075
11.845	 2.02	 2	 -39.7747	  172.1370
11.848	 2.14	 2	 -42.2190	  173.7058
11.849	 2.42	 1	 -42.4330	  173.6818
11.850	 2.12	 1	 -41.8310	  174.2233
11.854	 2.24	 1	 -42.2155	  173.5846
11.859	 2.17	 1	 -42.3462	  173.6345
11.860	 2.56	 1	 -41.6227	  174.2388
11.862	 2.10	 2	 -42.3415	  173.9871
11.862	 2.01	 4	 -42.1609	  174.1803
11.865	 2.50	 1	 -42.1209	  173.3457
11.869	 2.14	 5	 -41.5708	  174.1956
11.871	 2.09	 1	 -42.3110	  173.8882
11.871	 2.46	 1	 -43.1063	  173.5021
11.874	 2.63	 1	 -42.8407	  172.9446
11.875	 2.11	 1	 -42.3563	  174.0601
11.877	 2.36	 2	 -41.8480	  174.2272
11.879	 2.92	 1	 -42.3211	  173.6851
11.881	 2.32	 3	 -41.7093	  174.1703
11.885	 2.36	 1	 -42.3517	  173.8127
11.894	 2.11	 3	 -42.4692	  172.9960
11.896	 2.01	 1	 -41.9803	  173.8428
11.897	 2.62	 1	 -42.3447	  173.5976
11.897	 2.10	 1	 -42.4742	  173.4848
11.900	 2.74	 1	 -42.5669	  173.2862
11.901	 2.18	 1	 -42.0236	  173.7542
11.901	 2.25	 1	 -41.7815	  174.2974
11.902	 2.60	 1	 -42.1123	  173.9334
11.904	 2.72	 2	 -42.2261	  173.7109
11.906	 2.22	 5	 -41.5533	  174.1820
11.906	 2.05	 1	 -42.2699	  173.3162
11.907	 2.52	 2	 -42.4396	  173.9814
11.907	 2.32	 1	 -41.6790	  174.2261
11.908	 2.00	 4	 -42.7004	  172.9958
11.908	 2.10	 1	 -42.3158	  173.1536
11.909	 2.19	 4	 -42.1757	  174.1591
11.916	 2.11	 1	 -42.3395	  173.9497
11.918	 2.01	 1	 -42.0989	  172.8414
11.919	 2.00	 1	 -42.5562	  173.7251
11.928	 2.37	 2	 -42.3310	  174.0354
11.928	 2.14	 1	 -41.6974	  174.2803
11.929	 2.82	 2	 -41.8594	  174.1142
11.931	 2.15	 5	 -41.5251	  174.1674
11.931	 2.41	 2	 -41.6465	  174.1708
11.932	 2.16	 1	 -41.7006	  174.4073
11.943	 2.99	 2	 -41.6995	  174.2144
11.943	 2.34	 1	 -42.1470	  173.4661
11.943	 2.40	 2	 -41.6851	  174.2581
11.947	 2.81	 1	 -41.6631	  174.2533
11.949	 2.12	 1	 -42.2701	  173.1064
11.950	 2.26	 1	 -42.0499	  173.6623
11.953	 2.51	 2	 -42.1701	  173.4974
11.957	 2.51	 5	 -41.5302	  174.2054
11.958	 2.56	 1	 -42.8356	  172.9519
11.959	 2.17	 1	 -41.7805	  174.2852
11.962	 2.58	 1	 -41.7342	  174.2137
11.966	 2.21	 1	 -41.7345	  174.2193
11.973	 2.26	 2	 -42.5521	  173.9666
11.973	 3.18	 1	 -42.5731	  172.7872
11.973	 2.63	 1	 -42.0860	  173.8569
11.974	 2.12	 1	 -42.4106	  173.6462
11.974	 3.41	 1	 -42.3338	  173.8423
11.976	 2.39	 1	 -42.4213	  173.2088
11.985	 2.42	 1	 -41.2100	  174.0904
11.985	 2.81	 1	 -41.9187	  174.3431
11.985	 2.04	 1	 -41.6890	  174.2324
11.988	 2.02	 1	 -42.5678	  173.1035
11.989	 2.11	 2	 -42.0484	  174.2028
11.993	 3.69	 2	 -42.3714	  173.9222
11.999	 2.25	 1	 -42.6739	  172.8808
11.999	 2.02	 1	 -42.5462	  173.0132
12.000	 2.14	 1	 -42.5510	  173.0059
12.006	 2.15	 3	 -42.2934	  173.0539
12.012	 2.13	 2	 -42.3157	  173.8601
12.017	 2.14	 1	 -41.7883	  174.2469
12.018	 2.76	 2	 -42.4711	  172.9687
12.019	 2.37	 2	 -41.6966	  174.3224
12.032	 3.90	 1	 -41.7732	  174.1949
12.033	 2.40	 1	 -42.5229	  173.0928
12.038	 4.80	 2	 -42.2643	  173.6295
12.042	 2.33	 1	 -41.7854	  174.2028
12.047	 3.38	 2	 -41.9165	  174.3481
12.047	 2.34	 1	 -42.4461	  173.2348
12.048	 2.39	 3	 -41.5379	  175.1787
12.050	 2.36	 1	 -42.3016	  173.9204
12.051	 2.09	 1	 -41.6913	  174.2882
12.052	 2.02	 3	 -42.3063	  173.6813
12.054	 2.44	 1	 -42.1450	  174.0454
12.056	 2.65	 4	 -42.4561	  172.9872
12.060	 3.03	 3	 -42.2639	  173.6253
12.061	 2.31	 1	 -42.5660	  173.2999
12.063	 2.36	 3	 -42.2533	  173.6397
12.069	 2.07	 2	 -42.5654	  173.2994
12.071	 2.25	 1	 -42.3575	  172.9718
12.071	 2.28	 3	 -42.3695	  173.9354
12.074	 2.16	 1	 -41.8676	  173.6721
12.075	 2.36	 3	 -42.0096	  174.1525
12.081	 2.06	 1	 -42.3197	  173.6131
12.084	 2.04	 5	 -41.5433	  174.1854
12.086	 2.42	 1	 -42.1883	  173.5940
12.089	 2.67	 1	 -41.6725	  174.2834
12.089	 2.28	 3	 -42.2669	  173.5973
12.089	 2.63	 2	 -41.7569	  174.3468
12.094	 2.04	 1	 -42.4243	  173.7559
12.095	 5.49	 3	 -42.7106	  173.0484
12.095	 3.67	 4	 -42.7246	  172.9523
12.096	 2.65	 4	 -42.7084	  173.0685
12.097	 2.08	 1	 -42.6775	  172.7985
12.099	 2.18	 4	 -42.7037	  173.0614
12.099	 2.26	 1	 -42.1412	  173.7077
12.102	 2.84	 4	 -42.6824	  173.2227
12.102	 2.64	 4	 -42.6887	  172.8993
12.103	 2.43	 1	 -41.7258	  174.2078
12.106	 2.32	 1	 -42.0467	  173.8683
12.106	 2.81	 2	 -42.5878	  173.3100
12.106	 2.21	 4	 -42.6795	  173.0314
12.106	 2.83	 4	 -42.3980	  171.6493
12.106	 2.07	 4	 -42.6956	  173.1079
12.106	 2.55	 4	 -42.7311	  173.0931
12.107	 2.30	 3	 -42.3017	  173.6122
12.108	 2.23	 1	 -42.2065	  173.9207
12.108	 2.05	 4	 -42.9136	  173.1678
12.108	 2.04	 3	 -42.2220	  173.6156
12.109	 2.18	 1	 -41.5529	  174.4399
12.111	 2.18	 1	 -44.4570	  178.6493
12.111	 2.85	 4	 -42.7104	  173.1107
12.112	 2.18	 4	 -42.7201	  172.9891
12.112	 2.05	 1	 -42.2129	  173.5054
12.113	 2.55	 3	 -42.2760	  173.8990
12.115	 2.46	 5	 -41.5153	  174.1718
12.117	 2.76	 1	 -41.7565	  174.3762
12.124	 2.09	 1	 -41.8147	  174.2329
12.124	 2.22	 4	 -42.6842	  172.5909
12.124	 2.62	 4	 -42.7162	  173.0363
12.125	 2.60	 1	 -42.5091	  174.2746
12.125	 2.09	 1	 -43.1539	  174.6332
12.125	 2.51	 4	 -42.6839	  173.0602
12.126	 2.02	 4	 -42.7017	  173.0530
12.127	 2.20	 1	 -42.1978	  173.5829
12.128	 2.06	 4	 -42.7376	  172.9255
12.128	 2.92	 1	 -42.3125	  173.9742
12.133	 2.15	 1	 -41.6922	  174.1690
12.134	 2.21	 1	 -42.2282	  173.5872
12.134	 2.20	 2	 -42.4489	  174.2414
12.134	 2.07	 1	 -42.3507	  173.5553
12.135	 2.04	 2	 -42.3125	  173.7616
12.135	 2.07	 1	 -42.2164	  173.7666
12.136	 2.15	 3	 -42.2794	  173.5811
12.137	 2.20	 1	 -41.6254	  174.1743
12.137	 2.73	 1	 -42.7087	  172.8152
12.138	 2.64	 1	 -42.3502	  173.6372
12.141	 2.14	 1	 -42.0134	  173.8518
12.143	 2.35	 4	 -42.6621	  173.0827
12.144	 3.75	 4	 -42.7255	  173.0193
12.145	 2.15	 1	 -42.2240	  173.8144
12.145	 2.05	 2	 -42.3751	  173.9944
12.146	 2.77	 1	 -42.5180	  173.0353
12.147	 2.72	 2	 -41.9516	  173.9588
12.150	 2.30	 1	 -42.5158	  173.0899
12.150	 2.09	 1	 -41.8364	  174.2510
12.154	 2.11	 4	 -42.4999	  173.0790
12.154	 3.17	 2	 -42.2142	  173.7505
12.156	 2.56	 1	 -42.2876	  173.6210
12.157	 3.05	 3	 -42.3725	  173.9278
12.158	 2.37	 5	 -42.7258	  173.0939
12.161	 2.28	 1	 -42.6301	  173.0578
12.161	 2.94	 3	 -42.6982	  173.2612
12.162	 2.88	 2	 -41.6370	  174.2198
12.168	 2.37	 2	 -42.5655	  172.8126
12.169	 2.09	 1	 -42.3971	  173.0935
12.172	 2.03	 3	 -42.2406	  173.6239
12.173	 2.65	 5	 -41.6207	  174.1844
12.175	 2.75	 4	 -42.7673	  173.1366
12.177	 2.08	 2	 -41.8210	  174.2075
12.186	 2.75	 1	 -41.8908	  173.8751
12.187	 2.63	 2	 -41.8832	  173.8881
12.189	 2.08	 1	 -42.8139	  173.1019
12.192	 2.01	 1	 -42.6330	  173.3529
12.195	 2.47	 1	 -42.3907	  173.8324
12.199	 2.16	 4	 -42.6599	  173.0920
12.200	 2.42	 1	 -41.8609	  174.2651
12.206	 2.40	 4	 -42.6140	  173.0221
12.208	 2.01	 4	 -42.6672	  172.9940
12.211	 2.71	 1	 -42.3918	  173.0003
12.211	 2.14	 4	 -42.7069	  173.0428
12.213	 2.02	 4	 -42.9219	  173.6376
12.217	 2.65	 4	 -42.7153	  173.0903
12.219	 2.47	 1	 -42.4371	  173.2326
12.225	 2.14	 1	 -42.1694	  173.0207
12.233	 3.45	 1	 -41.7014	  174.2300
12.237	 2.02	 1	 -42.5409	  172.9755
12.237	 2.36	 1	 -42.2543	  173.5247
12.237	 2.76	 4	 -42.6121	  173.0914
12.238	 2.31	 3	 -42.0618	  174.2372
12.241	 2.15	 1	 -42.1429	  173.4534
12.242	 2.14	 3	 -42.2616	  173.6512
12.243	 2.55	 1	 -42.4878	  173.5191
12.246	 2.01	 3	 -42.0196	  174.1742
12.249	 2.02	 2	 -41.8352	  173.7793
12.249	 2.37	 2	 -42.5140	  172.9006
12.249	 2.72	 2	 -42.6640	  172.7853
12.251	 3.55	 3	 -42.2338	  173.6437
12.251	 2.37	 1	 -42.0806	  173.8555
12.252	 2.66	 4	 -42.7196	  173.0552
12.252	 2.19	 1	 -42.3844	  173.5708
12.253	 2.67	 1	 -41.9442	  173.5609
12.255	 2.19	 4	 -42.7162	  173.0457
12.259	 2.13	 4	 -42.2534	  173.6380
12.259	 2.19	 1	 -41.2608	  173.9700
12.260	 2.20	 4	 -42.8919	  174.0130
12.260	 2.38	 2	 -42.5186	  174.0198
12.263	 2.54	 1	 -42.1970	  173.8136
12.265	 2.19	 3	 -42.4251	  173.7450
12.265	 2.28	 3	 -42.2680	  173.6676
12.266	 2.32	 1	 -41.6632	  174.3857
12.266	 2.07	 2	 -42.5012	  173.0492
12.268	 2.10	 4	 -42.7158	  173.0477
12.273	 2.42	 4	 -42.7084	  173.0243
12.274	 4.03	 4	 -42.6951	  173.2942
12.274	 2.07	 1	 -41.7204	  174.2725
12.275	 2.42	 5	 -42.7145	  173.0376
12.278	 4.39	 1	 -42.1690	  173.6012
12.278	 2.65	 1	 -42.2159	  173.7398
12.279	 2.20	 1	 -42.2922	  173.5734
12.283	 2.24	 4	 -42.7001	  173.0612
12.284	 2.07	 1	 -41.9389	  174.2178
12.294	 2.02	 4	 -42.7442	  173.0603
12.295	 2.30	 1	 -42.4787	  173.3270
12.296	 2.75	 5	 -42.6835	  173.2699
12.296	 3.10	 1	 -42.4003	  173.2645
12.296	 2.11	 3	 -42.2692	  173.6163
12.300	 3.34	 1	 -41.7205	  174.2909
12.300	 2.17	 1	 -42.2203	  173.8039
12.301	 2.38	 1	 -41.7067	  174.2749
12.302	 2.35	 1	 -41.7183	  174.2729
12.306	 2.68	 4	 -42.7157	  173.0496
12.307	 2.93	 2	 -42.3636	  173.9662
12.309	 2.01	 4	 -42.7230	  173.0267
12.309	 2.09	 4	 -42.7053	  172.9419
12.319	 2.26	 2	 -42.1396	  173.4467
12.322	 2.18	 2	 -42.5417	  173.9341
12.325	 4.07	 1	 -42.3162	  173.8007
12.328	 2.13	 1	 -42.2365	  173.6463
12.330	 2.16	 1	 -41.6850	  174.2207
12.331	 2.03	 1	 -42.0416	  174.1510
12.331	 2.02	 2	 -42.3235	  173.0300
12.331	 2.05	 1	 -42.2432	  173.4102
12.334	 2.66	 1	 -42.3491	  173.7556
12.334	 2.38	 1	 -41.7032	  174.2976
12.336	 2.15	 1	 -42.2679	  173.6220
12.341	 2.04	 1	 -42.1948	  174.1823
12.347	 2.27	 1	 -41.4847	  173.9795
12.348	 2.11	 1	 -42.7763	  173.1663
12.349	 2.54	 1	 -42.5934	  173.2375
12.355	 2.92	 1	 -42.5312	  173.3133
12.358	 2.54	 1	 -42.0943	  173.7149
12.363	 2.19	 1	 -41.6878	  174.2839
12.363	 2.83	 1	 -42.0160	  172.8807
12.364	 2.48	 1	 -42.2799	  173.7724
12.367	 2.05	 2	 -42.6251	  171.8513
12.369	 2.51	 1	 -42.6500	  173.0004
12.378	 2.35	 1	 -42.2601	  173.8088
12.381	 2.26	 4	 -42.8967	  172.9711
12.382	 2.45	 1	 -41.0132	  178.9065
12.386	 2.43	 4	 -42.7106	  173.0616
12.389	 2.35	 1	 -42.2639	  173.4660
12.396	 2.65	 1	 -41.9818	  173.7490
12.396	 2.14	 1	 -41.9984	  173.9048
12.398	 2.38	 1	 -42.4724	  173.7632
12.399	 2.75	 1	 -41.7731	  174.1858
12.400	 2.38	 4	 -42.6967	  173.3325
12.402	 2.21	 1	 -42.4795	  173.2398
12.404	 2.02	 1	 -41.6845	  174.2105
12.407	 2.37	 1	 -42.2318	  173.8680
12.408	 2.64	 2	 -42.5579	  172.7685
12.408	 2.43	 4	 -42.3702	  173.9334
12.409	 2.22	 1	 -42.0551	  173.6672
12.410	 2.70	 4	 -42.6693	  173.0553
12.414	 2.05	 1	 -41.6849	  174.2021
12.418	 2.26	 1	 -42.1460	  173.7336
12.418	 2.43	 1	 -42.7386	  173.1319
12.419	 2.04	 1	 -42.3517	  173.5639
12.422	 2.13	 1	 -42.2308	  173.4845
12.422	 2.83	 2	 -42.4160	  172.9835
12.424	 3.19	 1	 -41.8233	  174.2718
12.425	 2.28	 1	 -41.6642	  173.7227
12.428	 2.09	 2	 -42.7393	  173.1319
12.430	 3.92	 1	 -42.2726	  174.1803
12.430	 3.17	 1	 -42.6612	  172.9745
12.434	 2.49	 1	 -42.0146	  173.8924
12.436	 2.14	 4	 -42.7018	  173.0345
12.440	 3.20	 1	 -42.4688	  173.1500
12.440	 2.04	 3	 -41.7837	  174.2916
12.449	 2.42	 1	 -42.4806	  173.2669
12.453	 2.02	 1	 -42.1771	  174.0072
12.457	 2.36	 4	 -41.8145	  174.9368
12.458	 2.04	 1	 -42.6286	  173.2292
12.460	 4.41	 2	 -42.8609	  173.0028
12.461	 2.52	 4	 -42.6693	  173.1703
12.463	 3.26	 3	 -42.2550	  173.6203
12.465	 2.18	 3	 -42.0701	  173.7187
12.468	 2.92	 1	 -41.9114	  173.5593
12.469	 2.05	 1	 -43.2955	  173.5564
12.470	 3.06	 4	 -42.7335	  173.0456
12.476	 2.25	 3	 -42.8329	  172.9299
12.477	 2.58	 1	 -41.8623	  174.1698
12.484	 2.21	 3	 -42.3945	  172.9866
12.488	 2.32	 3	 -42.7319	  173.2656
12.489	 2.12	 2	 -42.2736	  174.1591
12.489	 2.58	 4	 -42.6063	  173.0219
12.490	 3.44	 2	 -42.3832	  173.9123
12.491	 2.17	 1	 -42.0627	  172.9942
12.492	 2.06	 2	 -41.7252	  174.3206
12.492	 2.33	 3	 -42.5734	  172.4015
12.492	 3.16	 1	 -41.7898	  174.1765
12.492	 3.04	 2	 -42.9824	  173.0106
12.496	 2.12	 3	 -42.0082	  174.1881
12.497	 2.75	 1	 -42.0167	  175.5727
12.502	 2.65	 4	 -42.6947	  173.0968
12.503	 2.79	 1	 -41.7584	  174.1859
12.504	 2.06	 1	 -42.3019	  173.6873
12.507	 2.06	 4	 -42.6477	  172.9760
12.509	 2.11	 4	 -42.8234	  173.1050
12.510	 3.35	 2	 -43.1306	  170.9026
12.512	 2.05	 1	 -42.1207	  173.6568
12.512	 2.29	 6	 -42.6825	  173.2784
12.514	 2.17	 4	 -43.1336	  173.6931
12.514	 2.44	 2	 -42.3190	  172.9804
12.516	 2.02	 1	 -42.5165	  173.2033
12.516	 2.26	 3	 -41.7547	  174.3594
12.522	 2.37	 1	 -42.5716	  172.8253
12.530	 2.07	 4	 -42.6898	  173.0521
12.534	 2.42	 4	 -42.7029	  173.3061
12.536	 4.03	 2	 -42.3229	  173.8069
12.545	 2.22	 1	 -42.5540	  173.1209
12.546	 2.19	 2	 -42.2947	  173.0637
12.547	 2.27	 1	 -42.8156	  173.1930
12.551	 2.16	 5	 -42.6464	  172.9775
12.557	 2.50	 2	 -42.5526	  173.3512
12.559	 2.49	 1	 -42.2228	  174.6437
12.561	 3.25	 1	 -42.1484	  173.6982
12.563	 2.09	 1	 -42.3944	  174.1493
12.568	 2.00	 3	 -44.0548	  175.9336
12.568	 2.05	 3	 -42.2456	  173.6587
12.569	 2.30	 1	 -41.9438	  173.6659
12.570	 2.11	 1	 -41.6705	  174.2992
12.576	 2.34	 1	 -41.6545	  174.2022
12.584	 3.17	 1	 -42.2544	  173.8045
12.585	 2.15	 1	 -42.4958	  173.2183
12.592	 2.22	 1	 -41.9968	  174.6303
12.596	 2.06	 2	 -42.7045	  172.7484
12.597	 2.32	 1	 -41.6756	  174.3201
12.607	 2.47	 1	 -41.9443	  174.2080
12.609	 2.09	 3	 -42.8954	  173.0608
12.609	 2.93	 1	 -41.6694	  174.2060
12.610	 2.24	 3	 -41.8630	  173.8875
12.610	 2.29	 3	 -42.5009	  172.7607
12.611	 2.90	 3	 -42.2417	  173.6609
12.614	 2.54	 1	 -42.7194	  173.2798
12.615	 3.07	 5	 -42.7452	  173.0170
12.616	 2.09	 2	 -41.6541	  174.2075
12.619	 2.28	 3	 -42.3138	  173.8049
12.619	 2.74	 1	 -42.4308	  173.7800
12.622	 2.08	 4	 -42.7142	  173.0260
12.623	 2.20	 2	 -41.8258	  174.2211
12.628	 2.36	 2	 -42.5303	  173.3135
12.630	 2.52	 2	 -42.3127	  173.9123
12.638	 2.14	 4	 -42.7264	  173.0331
12.639	 2.04	 2	 -41.7789	  174.2067
12.639	 2.19	 6	 -42.6333	  173.1265
12.643	 2.15	 1	 -41.7799	  176.1741
12.650	 2.18	 3	 -42.4417	  173.6259
12.656	 2.66	 2	 -42.1695	  173.5848
12.657	 2.05	 1	 -42.3953	  173.4684
12.660	 2.20	 1	 -41.9986	  174.6263
12.661	 2.15	 1	 -43.9043	  173.8618
12.662	 2.14	 2	 -42.3056	  174.1998
12.664	 2.49	 1	 -42.3029	  173.9145
12.668	 2.23	 4	 -42.6989	  173.0786
12.670	 2.17	 1	 -41.6914	  174.2549
12.673	 2.15	 4	 -42.6575	  173.1424
12.673	 2.14	 1	 -42.0062	  173.7259
12.673	 2.23	 3	 -42.3791	  173.9938
12.677	 2.94	 1	 -37.9842	  173.6422
12.677	 2.08	 2	 -42.1814	  173.6129
12.680	 2.08	 1	 -42.1695	  173.6830
12.684	 2.16	 3	 -42.8570	  173.0328
12.684	 3.03	 1	 -41.6929	  174.1637
12.686	 2.28	 1	 -42.2700	  173.7359
12.687	 2.05	 1	 -42.1317	  174.1561
12.692	 2.48	 5	 -42.6233	  173.1380
12.695	 2.26	 1	 -42.2264	  174.2099
12.697	 2.37	 1	 -42.3707	  172.9440
12.699	 2.74	 1	 -42.3422	  173.6968
12.700	 2.18	 2	 -42.0857	  174.0910
12.707	 2.06	 1	 -42.7676	  173.5955
12.708	 2.05	 1	 -41.7226	  174.4061
12.711	 2.28	 1	 -41.5137	  174.1938
12.714	 2.18	 1	 -41.9105	  174.0577
12.720	 2.02	 1	 -41.9731	  173.8626
12.721	 2.21	 2	 -42.3016	  173.7087
12.724	 2.43	 1	 -41.7427	  174.2916
12.724	 3.25	 2	 -42.4956	  173.0362
12.727	 2.68	 1	 -42.2782	  173.7454
12.728	 2.06	 1	 -41.8257	  174.3533
12.732	 2.05	 2	 -42.6348	  173.0572
12.733	 3.03	 1	 -42.3410	  173.8319
12.735	 3.08	 4	 -42.7359	  173.0463
12.737	 2.53	 1	 -42.6716	  172.9748
12.737	 2.73	 2	 -42.2457	  173.7958
12.741	 3.25	 5	 -42.2980	  173.7030
12.742	 2.50	 1	 -42.5347	  172.8580
12.746	 2.35	 1	 -42.2908	  173.7603
12.750	 2.01	 1	 -42.0308	  174.4258
12.753	 2.01	 2	 -42.5577	  173.3914
12.755	 2.85	 6	 -42.2954	  173.6940
12.755	 2.40	 2	 -41.7368	  174.2989
12.756	 2.40	 1	 -42.0519	  173.6245
12.758	 2.35	 3	 -42.3620	  173.3017
12.759	 2.15	 3	 -42.3194	  173.8073
12.760	 2.04	 1	 -42.3974	  173.7766
12.769	 2.06	 1	 -42.3299	  173.7860
12.769	 2.01	 1	 -42.5911	  173.7267
12.771	 2.02	 4	 -42.6949	  172.9453
12.771	 2.04	 1	 -41.7192	  174.1030
12.772	 2.11	 5	 -41.5435	  174.1844
12.773	 2.56	 1	 -42.5958	  173.0361
12.776	 2.84	 1	 -42.8083	  172.7855
12.776	 2.32	 1	 -42.0785	  172.7530
12.777	 3.61	 1	 -42.5871	  172.9726
12.777	 2.07	 5	 -42.6977	  173.0791
12.779	 2.10	 1	 -42.0223	  173.7940
12.780	 2.23	 3	 -42.8668	  173.0163
12.781	 2.42	 2	 -42.2839	  173.9343
12.785	 2.04	 1	 -42.8825	  173.0553
12.785	 2.37	 1	 -42.7478	  173.0897
12.787	 2.49	 1	 -42.2612	  173.7102
12.789	 2.28	 1	 -40.7954	  168.4392
12.789	 2.75	 1	 -41.7770	  174.3451
12.793	 2.13	 1	 -42.2034	  173.7837
12.793	 2.34	 2	 -42.3498	  173.1201
12.800	 2.01	 1	 -42.5770	  172.9474
12.800	 2.76	 1	 -42.1446	  173.5984
12.802	 2.03	 1	 -42.9998	  173.1726
12.807	 2.21	 1	 -42.2428	  173.6925
12.810	 2.22	 2	 -42.2623	  174.1634
12.812	 2.74	 2	 -42.4667	  173.2871
12.816	 2.08	 1	 -42.6586	  172.8117
12.816	 3.08	 2	 -41.6813	  174.2592
12.821	 2.89	 1	 -42.2992	  173.7856
12.821	 2.54	 1	 -42.0060	  173.6917
12.828	 2.10	 4	 -42.6050	  173.0377
12.829	 3.41	 2	 -41.6416	  174.6747
12.833	 2.14	 1	 -42.2108	  173.6428
12.834	 3.59	 1	 -42.6671	  172.7368
12.835	 2.39	 1	 -42.0075	  173.6923
12.837	 2.04	 1	 -42.3433	  173.8061
12.838	 2.16	 5	 -42.6924	  173.2939
12.839	 2.27	 3	 -41.6530	  174.6624
12.839	 2.88	 1	 -41.9588	  174.0676
12.842	 3.44	 4	 -42.5561	  172.8427
12.844	 2.83	 1	 -42.6876	  173.0219
12.844	 2.74	 1	 -42.8509	  173.0685
12.847	 2.29	 2	 -41.7852	  174.9511
12.847	 2.17	 1	 -41.6345	  174.2892
12.849	 3.05	 1	 -42.6088	  172.8195
12.849	 2.17	 5	 -42.9563	  174.6373
12.850	 2.19	 1	 -41.6085	  174.2792
12.852	 2.36	 1	 -42.4370	  173.9726
12.852	 2.48	 1	 -42.3402	  173.8658
12.854	 2.18	 1	 -42.9149	  172.8831
12.854	 2.07	 3	 -42.8855	  172.9961
12.857	 3.71	 1	 -42.2506	  173.6505
12.857	 2.43	 1	 -42.3295	  173.4935
12.858	 2.86	 1	 -42.7339	  173.1378
12.859	 2.59	 2	 -42.4888	  173.5197
12.866	 2.22	 1	 -42.4075	  173.9943
12.872	 2.32	 1	 -41.8218	  174.3581
12.874	 2.22	 3	 -41.7667	  174.9645
12.875	 2.89	 1	 -40.5886	  170.8827
12.876	 3.16	 1	 -42.4065	  173.7089
12.876	 2.36	 1	 -41.9874	  174.0497
12.879	 2.74	 1	 -41.7933	  174.6923
12.880	 2.11	 1	 -42.3595	  173.8365
12.884	 2.57	 5	 -42.6935	  173.3484
12.889	 2.79	 2	 -42.4846	  173.2607
12.889	 2.20	 1	 -42.6822	  172.7776
12.889	 3.05	 1	 -41.6811	  174.2027
12.892	 3.40	 1	 -41.8999	  173.9118
12.905	 2.36	 1	 -42.1040	  173.7740
12.905	 2.13	 1	 -41.7021	  174.2529
12.910	 2.05	 1	 -42.0574	  173.6734
12.911	 2.27	 1	 -41.7951	  174.2210
12.912	 2.20	 1	 -41.4955	  174.4795
12.915	 2.14	 2	 -42.6876	  172.7439
12.917	 2.13	 2	 -42.4609	  173.1214
12.921	 3.08	 2	 -41.6171	  174.2406
12.925	 2.17	 3	 -42.2676	  173.6190
12.944	 2.43	 2	 -41.7054	  174.2561
12.946	 3.50	 1	 -41.9811	  174.0338
12.946	 2.08	 1	 -42.3533	  173.6609
12.951	 2.98	 1	 -41.8366	  174.2696
12.953	 3.79	 1	 -42.0040	  173.6423
12.956	 2.19	 3	 -42.4429	  173.7606
12.964	 2.17	 1	 -42.4414	  173.1737
12.967	 2.54	 1	 -41.7594	  174.2032
12.967	 2.59	 1	 -41.7821	  174.2424
12.967	 2.06	 3	 -42.2946	  174.2585
12.968	 2.18	 1	 -41.8896	  173.9607
12.968	 2.50	 1	 -42.6539	  172.9211
12.970	 2.22	 2	 -42.8433	  173.0778
12.970	 2.28	 2	 -37.9840	  173.6443
12.971	 2.11	 1	 -41.8519	  174.0630
12.973	 2.46	 2	 -42.0027	  173.6972
12.977	 2.07	 1	 -43.0429	  171.4649
12.981	 2.41	 1	 -41.7538	  174.2953
12.982	 2.05	 1	 -42.1906	  173.1127
12.982	 2.11	 1	 -41.8473	  174.4502
12.993	 2.78	 1	 -41.9612	  172.1850
12.993	 2.10	 1	 -41.8235	  174.2084
12.995	 2.51	 1	 -41.7830	  174.1884
12.999	 3.69	 1	 -37.7757	  173.0715
13.002	 2.02	 2	 -37.7751	  173.0715
13.002	 2.55	 1	 -42.3277	  173.9915
13.005	 2.21	 4	 -43.0381	  172.3396
13.010	 2.95	 1	 -42.5274	  172.9858
13.011	 2.13	 1	 -42.1276	  173.8119
13.012	 2.06	 1	 -41.7145	  174.2807
13.013	 2.89	 2	 -41.7005	  174.3050
13.014	 2.23	 2	 -37.7849	  173.0710
13.017	 2.34	 2	 -41.8809	  173.5598
13.017	 2.99	 1	 -43.0533	  172.9488
13.023	 3.31	 1	 -42.1142	  173.4418
13.024	 2.53	 2	 -42.2316	  173.6000
13.030	 2.03	 2	 -42.1632	  173.6090
13.036	 2.19	 2	 -43.0708	  172.9427
13.036	 2.25	 5	 -42.7218	  173.0637
13.039	 2.01	 2	 -37.7719	  173.0753
13.040	 2.61	 2	 -43.0941	  171.0326
13.043	 2.07	 4	 -42.7136	  173.1112
13.052	 2.27	 2	 -42.1604	  173.7001
13.053	 2.98	 1	 -42.1575	  173.5695
13.054	 2.22	 3	 -43.0753	  170.9910
13.057	 2.54	 1	 -40.0573	  174.4044
13.062	 2.54	 1	 -41.7973	  174.3441
13.070	 2.04	 2	 -42.5067	  173.0729
13.074	 2.15	 1	 -41.9979	  173.7458
13.077	 2.32	 1	 -41.9449	  173.6245
13.079	 2.70	 3	 -41.6445	  174.6891
13.080	 2.55	 3	 -42.8634	  172.9866
13.083	 2.05	 1	 -42.4513	  173.1557
13.084	 2.21	 3	 -42.1901	  173.3379
13.085	 2.23	 1	 -42.2655	  173.6810
13.085	 2.06	 3	 -42.4141	  173.0280
13.088	 2.14	 2	 -42.0118	  174.1536
13.095	 2.99	 1	 -42.6835	  173.0509
13.099	 2.56	 3	 -42.3715	  173.9318
13.100	 2.17	 1	 -42.0212	  174.2228
13.100	 2.36	 1	 -42.3135	  173.4797
13.106	 2.06	 1	 -42.5064	  173.1627
13.109	 2.20	 4	 -42.6826	  173.0476
13.112	 2.35	 3	 -42.0564	  174.2349
13.122	 2.25	 1	 -42.1939	  180.2418
13.123	 2.50	 1	 -41.7373	  174.3955
13.127	 3.16	 5	 -42.1796	  174.1605
13.132	 2.20	 2	 -41.6985	  174.3182
13.143	 2.21	 1	 -42.4852	  173.2081
13.144	 2.11	 1	 -41.8150	  173.9041
13.145	 2.26	 1	 -42.3762	  174.0763
13.147	 2.18	 1	 -41.7373	  174.1958
13.149	 2.80	 1	 -42.8194	  172.9861
13.149	 2.20	 1	 -41.7255	  174.2777
13.152	 2.25	 4	 -42.7395	  173.1352
13.155	 3.85	 1	 -42.6443	  172.9559
13.168	 2.31	 5	 -42.6880	  173.2849
13.174	 2.26	 7	 -42.2541	  173.7363
13.179	 2.09	 2	 -42.7886	  173.0254
13.179	 2.47	 2	 -41.8980	  173.9124
13.179	 3.78	 3	 -42.0792	  174.2327
13.187	 3.95	 1	 -42.3418	  172.8150
13.187	 2.54	 2	 -42.7180	  172.8869
13.203	 2.14	 1	 -42.5493	  173.2305
13.203	 3.65	 1	 -42.2359	  173.6832
13.211	 2.06	 1	 -41.6884	  174.2889
13.211	 2.33	 3	 -42.2882	  173.6087
13.224	 2.19	 1	 -42.3524	  174.2408
13.227	 2.10	 1	 -42.5307	  173.1702
13.228	 2.19	 1	 -40.7862	  173.3124
13.228	 2.91	 1	 -42.4295	  173.7024
13.228	 2.01	 3	 -42.2879	  173.0058
13.228	 2.51	 1	 -40.1973	  172.9624
13.230	 2.84	 1	 -43.0299	  172.6548
13.230	 2.06	 3	 -42.4869	  173.2616
13.237	 2.99	 2	 -42.7200	  173.2788
13.240	 2.60	 1	 -42.1008	  173.8262
13.245	 2.80	 3	 -42.2956	  173.0002
13.245	 2.36	 1	 -42.0553	  173.7543
13.246	 2.29	 4	 -43.0956	  172.9999
13.246	 2.01	 2	 -42.3303	  173.9377
13.247	 2.24	 1	 -41.6776	  174.2352
13.249	 3.24	 1	 -42.4071	  173.3559
13.254	 3.38	 2	 -42.3086	  173.7096
13.256	 2.04	 2	 -42.6141	  172.2521
13.260	 2.18	 1	 -42.4356	  173.6381
13.261	 2.46	 1	 -41.6633	  174.2394
13.268	 2.80	 4	 -42.6479	  172.9561
13.272	 2.09	 1	 -42.8411	  174.6226
13.282	 2.00	 1	 -41.8289	  174.2194
13.285	 5.22	 2	 -42.4633	  172.9888
13.289	 2.43	 1	 -42.8119	  173.0100
13.293	 2.63	 3	 -42.4742	  173.0514
13.296	 2.00	 1	 -42.2616	  173.5923
13.296	 2.01	 3	 -42.5250	  173.0276
13.299	 2.40	 3	 -42.1646	  172.8299
13.299	 2.07	 1	 -42.2340	  173.0664
13.303	 2.79	 1	 -41.9378	  173.7093
13.308	 2.12	 1	 -42.5567	  173.0473
13.310	 2.47	 3	 -42.9477	  172.0613
13.311	 2.27	 1	 -42.7643	  173.2517
13.313	 2.34	 1	 -42.5058	  173.7012
13.320	 2.13	 3	 -42.9397	  172.8568
13.322	 2.19	 1	 -41.6541	  174.2202
13.324	 2.05	 3	 -42.5229	  172.9745
13.330	 2.35	 1	 -41.6887	  174.1552
13.332	 2.36	 1	 -42.8799	  173.7732
13.334	 2.93	 1	 -42.5443	  173.8185
13.335	 2.05	 1	 -42.2285	  173.8656
13.335	 2.13	 1	 -40.5496	  177.1870
13.344	 2.88	 3	 -42.4657	  172.9837
13.346	 2.24	 2	 -41.7341	  174.3397
13.346	 2.22	 3	 -42.3657	  173.9674
13.349	 3.32	 1	 -41.7393	  174.2524
13.349	 2.11	 3	 -42.7071	  173.3004
13.350	 3.22	 1	 -42.2277	  173.6254
13.353	 2.12	 2	 -42.3785	  173.7837
13.354	 2.04	 1	 -42.3964	  173.6257
13.355	 3.51	 3	 -42.4642	  172.9626
13.356	 2.35	 1	 -41.9619	  172.6861
13.363	 2.19	 1	 -42.3659	  174.0354
13.372	 2.76	 1	 -42.8482	  172.8383
13.372	 2.01	 1	 -41.8129	  174.3579
13.372	 2.18	 1	 -41.6634	  174.3128
13.374	 2.13	 3	 -42.5432	  172.4687
13.378	 2.11	 1	 -41.3456	  174.0151
13.378	 2.67	 1	 -41.7684	  174.2085
13.379	 2.23	 3	 -42.4208	  172.9214
13.381	 2.92	 1	 -42.2989	  173.5765
13.385	 2.75	 1	 -41.8438	  174.0855
13.386	 2.12	 1	 -42.2171	  173.5951
13.389	 2.22	 2	 -42.3370	  172.7993
13.389	 2.30	 1	 -42.5505	  173.1562
13.390	 2.16	 1	 -42.6595	  173.1018
13.390	 2.20	 1	 -42.0126	  173.5107
13.392	 2.00	 2	 -42.5091	  174.1697
13.394	 2.10	 2	 -42.3412	  172.8214
13.395	 2.13	 4	 -42.6641	  173.2911
13.402	 2.03	 2	 -42.7376	  173.8450
13.403	 2.12	 3	 -42.4873	  172.9824
13.407	 2.50	 3	 -42.5563	  172.9963
13.408	 2.63	 1	 -42.1706	  173.8515
13.408	 3.08	 1	 -42.2503	  173.5119
13.410	 2.36	 1	 -42.3446	  173.7327
13.411	 2.07	 1	 -42.6487	  172.7765
13.413	 2.43	 4	 -42.4135	  172.9038
13.413	 2.27	 2	 -42.1782	  173.6875
13.415	 3.45	 3	 -42.4020	  173.2750
13.418	 2.08	 2	 -42.3379	  173.4861
13.422	 2.75	 3	 -42.3592	  173.3328
13.426	 2.10	 1	 -41.5848	  174.9017
13.427	 2.38	 4	 -42.7328	  173.0848
13.429	 2.09	 1	 -41.6935	  174.3435
13.432	 2.16	 1	 -41.7218	  174.3280
13.432	 2.00	 4	 -42.5065	  173.0760
13.432	 2.10	 1	 -42.9064	  173.2785
13.433	 2.09	 1	 -41.7032	  174.2553
13.434	 2.86	 1	 -42.5218	  173.0610
13.437	 2.61	 3	 -42.4906	  172.9949
13.437	 2.76	 1	 -42.1513	  173.6624
13.437	 2.12	 1	 -42.4778	  173.2093
13.438	 2.59	 1	 -41.7559	  174.1454
13.438	 2.23	 1	 -42.0006	  174.0632
13.447	 2.72	 1	 -41.8723	  174.3224
13.449	 2.23	 1	 -42.2339	  173.3850
13.449	 2.08	 2	 -42.4862	  173.2496
13.450	 2.01	 1	 -41.8629	  174.3331
13.451	 2.68	 3	 -42.4559	  172.9674
13.453	 2.53	 1	 -41.7794	  174.2766
13.453	 2.49	 1	 -42.3097	  173.6371
13.454	 2.36	 1	 -42.5244	  173.2561
13.454	 2.23	 4	 -42.7135	  173.0641
13.460	 3.38	 3	 -42.6744	  172.9291
13.461	 2.24	 3	 -42.4668	  173.0631
13.463	 2.54	 1	 -41.7370	  174.1345
13.469	 2.85	 1	 -42.4617	  173.1650
13.471	 2.51	 1	 -43.0661	  172.4982
13.473	 2.29	 4	 -40.6132	  173.3463
13.477	 2.79	 1	 -42.0103	  174.1678
13.480	 2.17	 1	 -42.3754	  173.3583
13.486	 2.04	 3	 -42.4615	  172.9916
13.486	 2.27	 1	 -42.4591	  173.1899
13.488	 2.38	 2	 -41.6529	  174.3084
13.490	 2.00	 2	 -42.4556	  173.1895
13.490	 2.50	 1	 -42.2217	  173.7058
13.494	 2.21	 1	 -42.4158	  173.7561
13.495	 3.08	 3	 -42.4674	  172.9712
13.500	 2.31	 3	 -41.7585	  174.9569
13.501	 2.30	 2	 -42.3579	  173.9610
13.502	 2.69	 2	 -41.7042	  174.2552
13.502	 2.12	 3	 -42.1648	  174.2068
13.503	 2.03	 1	 -42.4711	  173.2363
13.504	 2.22	 3	 -42.4529	  172.9372
13.505	 2.22	 2	 -39.3302	  171.9111
13.506	 2.55	 1	 -41.7106	  174.3828
13.507	 2.31	 2	 -42.3174	  173.7054
13.507	 2.05	 3	 -42.4270	  172.8503
13.508	 2.22	 1	 -41.7049	  174.3004
13.508	 2.31	 1	 -42.5191	  173.2815
13.511	 2.43	 3	 -42.3984	  172.9852
13.512	 2.06	 1	 -42.4190	  173.8362
13.512	 2.82	 2	 -42.2120	  173.8318
13.514	 2.09	 2	 -42.5889	  173.3419
13.515	 2.11	 1	 -42.2160	  173.9672
13.518	 2.09	 1	 -42.6380	  173.1066
13.520	 2.35	 1	 -42.7272	  173.0031
13.524	 2.18	 2	 -42.4618	  173.0543
13.528	 2.43	 1	 -42.3606	  174.1433
13.532	 2.35	 6	 -42.2878	  173.7046
13.536	 2.86	 4	 -42.3986	  172.9848
13.536	 2.10	 2	 -42.0382	  174.0283
13.542	 2.83	 1	 -42.4410	  173.1279
13.543	 2.08	 1	 -42.6578	  173.0135
13.544	 2.18	 3	 -42.4209	  172.9784
13.545	 3.05	 4	 -42.3495	  173.3172
13.555	 2.13	 1	 -42.2670	  173.6145
13.557	 2.34	 1	 -41.6717	  174.0884
13.564	 2.11	 5	 -42.4029	  172.9715
13.564	 2.04	 2	 -37.9728	  173.6510
13.565	 2.13	 1	 -42.7317	  172.9418
13.566	 2.03	 1	 -41.4960	  174.3444
13.566	 2.23	 2	 -42.6626	  172.9259
13.569	 3.76	 1	 -42.5113	  173.1099
13.569	 2.49	 1	 -41.7655	  174.2905
13.570	 2.15	 1	 -42.5221	  173.0271
13.579	 3.08	 1	 -42.1235	  174.5892
13.582	 2.17	 3	 -42.2896	  173.8928
13.583	 2.29	 1	 -42.5614	  173.3633
13.584	 3.34	 1	 -42.6525	  172.8511
13.586	 2.03	 2	 -41.6411	  174.2327
13.586	 2.77	 2	 -42.5816	  172.9681
13.594	 2.17	 1	 -41.7209	  174.1597
13.594	 2.25	 1	 -42.0920	  173.7253
13.595	 2.78	 1	 -41.6916	  174.3230
13.596	 2.49	 4	 -42.4881	  172.9820
13.600	 2.32	 1	 -43.2651	  172.9110
13.601	 2.53	 1	 -41.9984	  173.6319
13.602	 2.09	 1	 -41.9642	  173.7672
13.606	 2.99	 4	 -42.7365	  173.0267
13.609	 2.46	 2	 -41.9125	  174.8112
13.610	 2.08	 1	 -42.5671	  173.3230
13.611	 2.19	 2	 -41.9837	  174.0332
13.612	 2.70	 3	 -42.3183	  173.8076
13.613	 2.62	 1	 -43.3435	  172.9596
13.616	 3.32	 2	 -41.9090	  172.8868
13.617	 2.06	 1	 -42.3692	  173.2026
13.620	 2.46	 2	 -41.6917	  174.3203
13.622	 2.13	 1	 -42.4401	  173.3350
13.625	 2.40	 1	 -42.2784	  173.7564
13.627	 2.44	 1	 -42.7003	  173.0903
13.627	 2.44	 1	 -42.0867	  173.6659
13.635	 2.10	 1	 -41.6643	  174.3278
13.638	 2.02	 4	 -42.3048	  173.8784
13.638	 2.51	 1	 -43.0891	  169.0747
13.639	 2.31	 1	 -41.6839	  174.2418
13.639	 2.04	 1	 -42.0217	  173.2772
13.646	 3.02	 4	 -42.2861	  174.1560
13.646	 2.02	 1	 -42.0972	  173.9036
13.647	 2.11	 1	 -41.6839	  173.5137
13.647	 2.34	 3	 -42.5250	  173.0128
13.650	 2.88	 1	 -41.7854	  174.2630
13.654	 2.65	 1	 -41.8204	  174.1142
13.657	 2.40	 1	 -42.2694	  173.6246
13.661	 2.51	 1	 -42.0292	  173.7308
13.661	 2.76	 2	 -41.7766	  174.3448
13.663	 2.09	 5	 -42.3973	  171.6364
13.667	 2.60	 2	 -42.3693	  174.0642
13.670	 2.01	 1	 -42.1881	  173.6812
13.670	 2.22	 1	 -42.2174	  173.5512
13.671	 2.29	 1	 -45.2995	  177.8700
13.674	 2.24	 1	 -41.9934	  174.1627
13.678	 2.45	 1	 -42.2457	  173.4906
13.680	 2.98	 2	 -41.7123	  174.1847
13.681	 2.19	 1	 -42.4194	  173.7328
13.682	 2.15	 3	 -42.4300	  173.0010
13.688	 2.95	 4	 -42.6893	  173.0925
13.688	 2.08	 1	 -42.0350	  173.8462
13.689	 2.19	 1	 -42.5876	  172.8274
13.692	 2.54	 1	 -42.1905	  173.8073
13.693	 2.35	 2	 -41.9983	  173.6496
13.696	 2.06	 1	 -42.5518	  173.0395
13.697	 2.55	 1	 -42.2438	  173.7658
13.701	 2.58	 1	 -41.6646	  174.0925
13.715	 2.06	 1	 -41.6796	  174.2936
13.718	 2.15	 1	 -42.6514	  172.8256
13.721	 2.13	 3	 -42.4497	  172.9981
13.723	 2.14	 1	 -41.3680	  176.6534
13.727	 2.10	 1	 -42.4975	  173.3962
13.728	 2.48	 1	 -42.2069	  173.7333
13.731	 2.04	 4	 -42.7077	  173.0794
13.733	 2.72	 3	 -42.7079	  173.0681
13.734	 2.49	 2	 -41.6786	  174.1747
13.746	 2.13	 3	 -42.5275	  172.9991
13.746	 2.63	 1	 -41.6638	  174.3819
13.747	 2.30	 3	 -42.3421	  173.7875
13.750	 2.33	 3	 -41.7405	  174.2009
13.753	 2.24	 1	 -42.3086	  173.1084
13.754	 2.74	 4	 -42.6892	  173.0654
13.770	 2.73	 3	 -42.4934	  172.9763
13.772	 2.37	 2	 -41.7846	  174.3395
13.773	 2.00	 1	 -41.7019	  174.2413
13.775	 2.28	 1	 -43.8073	  174.5776
13.777	 2.33	 1	 -42.7500	  174.4891
13.780	 2.46	 1	 -42.4849	  173.6431
13.780	 2.16	 3	 -42.5560	  172.9323
13.781	 2.11	 1	 -41.7307	  174.3139
13.783	 2.01	 1	 -41.7424	  174.1728
13.784	 2.70	 1	 -42.6595	  172.7978
13.788	 2.77	 1	 -41.8349	  174.2473
13.789	 2.53	 1	 -42.5940	  173.0068
13.793	 3.54	 1	 -42.2631	  172.9516
13.793	 2.07	 1	 -42.3196	  173.8568
13.793	 2.41	 4	 -42.7448	  173.0252
13.794	 2.00	 3	 -42.3475	  172.8636
13.794	 2.14	 1	 -42.5335	  173.1433
13.796	 2.44	 1	 -41.6785	  174.1963
13.796	 2.44	 1	 -41.7317	  174.2984
13.796	 2.14	 1	 -42.3475	  173.7963
13.798	 2.39	 1	 -42.1664	  173.5935
13.802	 2.19	 1	 -42.1461	  173.6288
13.803	 2.00	 2	 -42.1131	  173.5757
13.803	 2.69	 1	 -42.1565	  173.6639
13.804	 2.54	 2	 -42.3179	  172.9444
13.806	 2.02	 2	 -42.2241	  173.5926
13.808	 2.19	 2	 -42.5235	  174.4107
13.816	 3.06	 1	 -42.6037	  173.0033
13.817	 2.32	 1	 -42.6095	  172.9797
13.817	 2.13	 1	 -42.5015	  172.9588
13.826	 2.16	 3	 -42.3701	  173.9263
13.838	 2.35	 1	 -42.3465	  173.8315
13.843	 2.25	 1	 -41.8725	  173.9653
13.855	 3.43	 1	 -41.7027	  174.3653
13.855	 2.55	 1	 -42.2826	  173.7228
13.856	 2.19	 1	 -42.3614	  173.8148
13.858	 2.86	 1	 -42.7678	  173.2500
13.862	 2.26	 1	 -41.7070	  174.2045
13.865	 2.20	 1	 -42.1678	  173.9516
13.870	 2.61	 2	 -42.3192	  173.6824
13.871	 2.20	 1	 -42.3659	  173.8308
13.874	 2.17	 1	 -41.6982	  174.2964
13.877	 2.31	 1	 -42.4503	  173.3871
13.883	 2.55	 1	 -42.2575	  173.9361
13.884	 2.76	 2	 -42.2536	  173.5212
13.887	 2.05	 1	 -41.7897	  174.4135
13.887	 2.14	 1	 -42.6315	  173.1625
13.893	 2.24	 5	 -42.6532	  173.0113
13.902	 2.78	 1	 -42.4869	  173.1614
13.903	 2.24	 1	 -42.2694	  173.6516
13.907	 2.81	 1	 -42.2418	  174.0436
13.910	 2.34	 1	 -42.3350	  173.7679
13.913	 3.14	 1	 -42.0363	  174.0431
13.918	 2.31	 1	 -42.2181	  173.6624
13.925	 2.09	 2	 -42.3582	  174.0499
13.930	 2.08	 2	 -42.4810	  173.1271
13.931	 3.16	 5	 -41.5142	  174.2407
13.931	 3.18	 5	 -41.5341	  174.2003
13.933	 2.01	 1	 -42.5137	  173.1978
13.933	 2.15	 1	 -41.7446	  174.1650
13.939	 3.01	 1	 -42.6569	  172.8923
13.946	 4.00	 1	 -41.9516	  173.6754
13.952	 2.02	 2	 -42.4622	  174.2996
13.955	 2.46	 1	 -41.7332	  174.2861
13.959	 2.88	 2	 -42.0317	  174.0466
13.959	 2.05	 2	 -42.0267	  173.6312
13.961	 2.65	 3	 -42.4453	  172.9531
13.963	 2.13	 1	 -42.3393	  173.9547
13.966	 2.18	 1	 -42.3880	  173.1472
13.972	 2.31	 1	 -41.7035	  174.2445
13.986	 2.72	 2	 -42.0859	  173.8027
13.987	 2.63	 1	 -42.4801	  173.1375
13.987	 2.42	 4	 -42.6412	  173.0859
13.991	 2.05	 3	 -42.2556	  173.3665
13.999	 2.17	 1	 -42.5759	  173.1606
