# Simulation 192
# RelativeTime(days) Magnitude Generation Latitude Longitude
Time Mag Gen Lat Lon
7.001	 2.12	 1	 -42.6772	  173.1376
7.001	 2.00	 1	 -42.4256	  173.1810
7.002	 2.01	 1	 -42.9001	  174.0912
7.004	 2.08	 1	 -41.8041	  174.2574
7.007	 2.09	 1	 -41.6899	  174.2826
7.007	 3.15	 1	 -42.5384	  173.1142
7.008	 2.35	 1	 -42.7035	  173.4411
7.009	 2.74	 1	 -42.3227	  173.6604
7.009	 2.04	 1	 -42.2937	  173.5442
7.010	 2.15	 1	 -41.6887	  174.2824
7.012	 2.20	 1	 -42.0148	  173.6981
7.013	 2.02	 1	 -42.6387	  173.0334
7.017	 2.05	 1	 -42.2371	  173.6143
7.017	 2.58	 1	 -41.8182	  174.1710
7.018	 2.13	 1	 -42.1337	  173.5733
7.021	 2.49	 1	 -42.3545	  173.5962
7.022	 2.73	 1	 -42.6751	  172.8060
7.024	 2.55	 1	 -41.7546	  174.0865
7.024	 2.44	 1	 -41.5207	  173.9976
7.025	 2.28	 1	 -42.4966	  173.3419
7.026	 2.11	 1	 -42.5648	  173.1403
7.028	 2.07	 1	 -42.5809	  173.0800
7.031	 2.34	 1	 -41.7503	  174.1439
7.031	 2.04	 1	 -42.3582	  173.6832
7.033	 2.17	 1	 -43.1048	  173.4736
7.034	 3.03	 1	 -41.8442	  174.1229
7.034	 2.22	 1	 -41.6227	  173.3635
7.036	 5.07	 1	 -41.7458	  174.2560
7.038	 2.23	 1	 -42.6929	  172.7843
7.040	 2.47	 1	 -42.1553	  173.5719
7.040	 2.32	 1	 -42.2143	  173.7979
7.041	 2.84	 1	 -42.7492	  172.9748
7.042	 2.62	 1	 -42.4470	  173.1698
7.044	 2.76	 1	 -43.0137	  173.5431
7.046	 3.82	 1	 -42.6797	  172.9512
7.047	 2.17	 1	 -43.5071	  172.6927
7.048	 3.29	 1	 -41.8610	  173.9467
7.048	 2.57	 1	 -42.4990	  173.3707
7.048	 2.18	 1	 -42.5333	  173.2923
7.051	 3.19	 1	 -42.3560	  173.9919
7.053	 3.23	 1	 -42.4874	  173.3493
7.053	 2.24	 1	 -43.8391	  174.4220
7.055	 2.84	 1	 -42.2186	  173.7019
7.057	 2.12	 1	 -41.8318	  174.0813
7.058	 2.88	 1	 -43.8811	  170.9951
7.060	 2.33	 1	 -42.5809	  172.8841
7.061	 2.46	 1	 -42.4525	  174.0293
7.061	 2.38	 1	 -43.0710	  174.5315
7.062	 2.25	 1	 -42.1338	  173.4694
7.063	 2.99	 1	 -42.3212	  173.7715
7.065	 2.82	 1	 -41.0108	  174.2473
7.065	 2.66	 1	 -41.6923	  173.9408
7.067	 2.09	 1	 -41.8464	  173.9426
7.067	 2.96	 1	 -42.2529	  173.7109
7.069	 2.15	 1	 -41.8281	  174.2819
7.070	 2.81	 1	 -42.5667	  173.2406
7.071	 2.69	 1	 -42.5737	  173.1163
7.071	 2.32	 1	 -42.4620	  173.3547
7.073	 2.34	 1	 -42.2747	  173.7033
7.074	 2.03	 1	 -42.3726	  174.0332
7.075	 2.01	 1	 -42.5985	  173.0805
7.080	 2.10	 1	 -41.5975	  174.5852
7.082	 3.55	 1	 -41.6045	  169.8365
7.082	 2.07	 1	 -42.2782	  173.2815
7.083	 2.04	 1	 -42.1572	  173.6127
7.084	 2.43	 1	 -42.6452	  172.8992
7.084	 2.83	 1	 -41.6558	  174.2537
7.084	 2.42	 1	 -41.3203	  177.5530
7.084	 2.34	 1	 -42.3826	  173.2620
7.085	 2.12	 1	 -42.5583	  172.6109
7.086	 2.53	 1	 -42.7089	  172.9388
7.087	 2.03	 1	 -42.5073	  173.0317
7.090	 2.74	 1	 -43.0128	  172.6555
7.093	 2.34	 1	 -41.7894	  174.0446
7.093	 2.02	 1	 -42.0923	  173.5622
7.095	 3.54	 1	 -42.3087	  173.7265
7.095	 2.37	 1	 -42.3368	  173.0741
7.096	 2.25	 1	 -42.4642	  173.3579
7.097	 2.40	 1	 -42.3110	  173.6232
7.105	 2.51	 1	 -42.3930	  173.1662
7.107	 2.34	 1	 -41.8468	  174.1131
7.108	 2.66	 1	 -44.5543	  175.4225
7.110	 2.14	 1	 -41.7186	  174.3548
7.111	 2.08	 1	 -42.7555	  173.9544
7.112	 2.16	 1	 -43.8261	  173.7069
7.113	 3.58	 1	 -42.7450	  173.0517
7.113	 2.50	 1	 -42.2333	  173.5656
7.114	 2.32	 1	 -41.5968	  173.6389
7.117	 2.10	 1	 -41.9651	  173.7729
7.122	 2.82	 1	 -42.7970	  172.7758
7.122	 2.50	 1	 -42.7555	  172.8130
7.122	 2.46	 1	 -42.1350	  173.4281
7.123	 2.08	 1	 -42.5905	  173.0643
7.127	 2.36	 1	 -42.0680	  173.8112
7.129	 4.14	 1	 -42.4932	  173.1243
7.131	 2.09	 1	 -42.5061	  173.7179
7.133	 2.05	 1	 -42.4400	  173.1650
7.134	 2.40	 1	 -42.2148	  173.6692
7.135	 2.09	 1	 -41.6941	  174.2836
7.136	 2.14	 1	 -42.1625	  173.7715
7.136	 3.24	 1	 -41.7759	  174.2192
7.137	 2.23	 1	 -42.4851	  173.2897
7.138	 3.93	 1	 -42.3997	  173.1881
7.139	 2.31	 1	 -41.5950	  174.3753
7.140	 2.45	 1	 -42.6390	  172.7753
7.141	 2.67	 1	 -41.9346	  173.6105
7.143	 2.18	 1	 -41.6888	  174.1970
7.145	 2.55	 1	 -42.4451	  173.1964
7.145	 2.22	 1	 -42.3524	  173.7205
7.147	 2.20	 1	 -42.2653	  173.7739
7.147	 2.46	 1	 -42.4127	  172.9301
7.149	 2.07	 1	 -42.4828	  173.4367
7.149	 2.90	 1	 -41.7115	  174.3835
7.149	 2.60	 1	 -41.9447	  174.0055
7.156	 3.17	 1	 -42.7725	  173.1308
7.156	 2.23	 1	 -42.4591	  173.2316
7.158	 2.28	 1	 -41.6757	  176.0441
7.161	 2.81	 1	 -42.6483	  173.6153
7.161	 2.21	 1	 -42.6454	  173.0984
7.162	 2.35	 1	 -42.3009	  172.9713
7.164	 2.01	 1	 -42.8050	  172.8174
7.164	 2.36	 1	 -42.6339	  173.0263
7.167	 2.20	 1	 -42.2591	  173.8648
7.170	 2.01	 1	 -41.7183	  174.2986
7.174	 2.23	 1	 -41.7182	  174.4193
7.174	 2.07	 1	 -42.2877	  173.5418
7.175	 2.23	 1	 -41.8487	  174.2226
7.175	 2.05	 1	 -42.4537	  173.3918
7.177	 2.99	 1	 -42.0408	  173.6080
7.183	 2.31	 1	 -42.5606	  173.6944
7.183	 2.18	 1	 -41.5668	  174.0127
7.183	 2.29	 1	 -42.7485	  173.0333
7.185	 2.84	 1	 -41.7832	  174.4664
7.186	 2.61	 1	 -42.7812	  173.9981
7.187	 2.22	 1	 -42.4546	  173.0333
7.189	 2.52	 1	 -42.3613	  174.0071
7.189	 2.63	 1	 -42.1414	  173.5751
7.190	 2.26	 1	 -42.3019	  173.8559
7.194	 2.29	 1	 -42.4994	  173.1989
7.195	 2.03	 1	 -42.3047	  173.6522
7.197	 2.08	 1	 -42.2059	  173.9851
7.197	 2.27	 1	 -42.5284	  173.1591
7.198	 2.01	 1	 -42.1543	  173.6594
7.198	 2.06	 1	 -42.3361	  173.4626
7.198	 3.20	 1	 -42.8124	  173.0344
7.200	 2.51	 1	 -41.6397	  173.6411
7.202	 2.37	 1	 -42.2746	  173.9167
7.203	 2.02	 1	 -42.8509	  173.0567
7.205	 2.04	 1	 -42.2155	  173.8067
7.209	 2.26	 1	 -41.6827	  174.2386
7.210	 2.58	 1	 -42.3976	  173.6952
7.213	 2.38	 1	 -42.3551	  173.0226
7.216	 3.23	 1	 -41.7744	  174.1930
7.217	 2.17	 1	 -42.4958	  172.6902
7.217	 2.41	 1	 -42.8722	  173.4493
7.217	 3.37	 1	 -42.2878	  173.6507
7.218	 2.75	 1	 -42.4579	  174.0904
7.219	 2.89	 1	 -41.7571	  174.2903
7.219	 2.08	 1	 -41.7470	  174.2486
7.221	 2.30	 1	 -42.4757	  173.1098
7.221	 2.49	 1	 -41.7528	  174.2534
7.222	 2.04	 1	 -41.6961	  174.3398
7.223	 2.21	 1	 -41.7465	  174.2439
7.223	 2.12	 1	 -42.4990	  173.4476
7.224	 3.62	 1	 -42.3495	  173.8194
7.226	 2.03	 1	 -42.6001	  173.1458
7.227	 2.07	 1	 -42.7354	  173.0190
7.227	 2.21	 1	 -41.9028	  173.7532
7.230	 2.32	 1	 -42.2321	  173.5432
7.230	 2.44	 1	 -42.6866	  173.0797
7.231	 2.28	 1	 -41.7559	  174.1450
7.235	 2.01	 1	 -42.4812	  173.5050
7.237	 2.18	 1	 -42.4155	  172.9244
7.240	 2.32	 1	 -43.6171	  173.1929
7.243	 2.17	 1	 -42.1905	  173.1111
7.243	 2.71	 1	 -41.7706	  173.2493
7.244	 3.38	 1	 -41.7245	  174.2361
7.245	 3.15	 1	 -42.4214	  173.3387
7.246	 2.16	 1	 -42.6126	  173.1349
7.247	 2.07	 1	 -41.7739	  174.0413
7.248	 2.02	 1	 -42.0045	  174.4392
7.248	 2.15	 1	 -42.3010	  173.8176
7.248	 2.03	 1	 -42.4655	  173.0573
7.250	 2.00	 1	 -41.8487	  173.7159
7.252	 2.13	 1	 -41.7005	  174.2303
7.254	 2.23	 1	 -42.1171	  173.9415
7.254	 2.15	 1	 -42.3029	  173.8913
7.258	 2.09	 1	 -42.2478	  173.6165
7.259	 3.07	 1	 -42.4640	  172.7811
7.259	 2.65	 1	 -41.6174	  174.3147
7.260	 2.21	 1	 -41.7063	  174.3542
7.262	 2.01	 1	 -42.3720	  174.0672
7.263	 2.42	 1	 -41.7342	  174.3211
7.263	 2.09	 1	 -41.8272	  174.0316
7.269	 2.53	 1	 -42.5414	  173.2355
7.269	 2.09	 1	 -42.4941	  173.3694
7.271	 2.38	 1	 -42.2750	  172.9856
7.277	 3.12	 1	 -42.5574	  173.1219
7.282	 2.60	 1	 -41.7545	  174.2979
7.284	 2.14	 1	 -42.5917	  173.0899
7.289	 2.36	 1	 -42.4028	  173.5119
7.289	 4.88	 1	 -42.2732	  173.8087
7.292	 2.30	 1	 -41.8036	  174.1160
7.294	 2.46	 1	 -41.7053	  174.2551
7.295	 2.55	 1	 -42.6721	  173.6525
7.297	 2.87	 1	 -42.5151	  173.3916
7.297	 2.76	 1	 -41.7890	  174.2123
7.299	 2.13	 1	 -42.6749	  173.5542
7.300	 2.96	 1	 -42.6549	  172.9801
7.301	 3.92	 1	 -42.1284	  173.5932
7.301	 2.05	 1	 -42.5202	  172.8419
7.302	 2.82	 1	 -42.3000	  173.4540
7.303	 2.53	 1	 -41.9003	  173.9212
7.303	 2.49	 1	 -42.1403	  173.7082
7.306	 2.29	 1	 -42.2140	  173.5597
7.308	 2.18	 1	 -42.4842	  173.1598
7.312	 2.33	 1	 -42.2254	  173.3048
7.312	 2.12	 1	 -42.3364	  173.7392
7.315	 2.73	 1	 -41.7202	  174.2046
7.318	 2.46	 1	 -42.3229	  173.9213
7.318	 2.49	 1	 -42.3237	  173.8284
7.320	 2.12	 1	 -42.1609	  173.6029
7.320	 3.00	 1	 -42.6038	  172.8647
7.322	 2.81	 1	 -42.3988	  173.5653
7.322	 2.01	 1	 -42.3006	  173.1749
7.324	 2.13	 1	 -42.3679	  172.5940
7.324	 2.27	 1	 -42.1235	  173.7117
7.328	 3.03	 1	 -42.0602	  173.8522
7.335	 2.20	 1	 -41.8778	  173.9807
7.337	 3.77	 1	 -42.5428	  172.9481
7.339	 2.13	 1	 -42.3845	  173.1736
7.340	 2.27	 1	 -41.7460	  174.2686
7.342	 2.13	 1	 -41.8703	  174.3159
7.343	 2.14	 1	 -42.0567	  173.7047
7.344	 2.18	 1	 -41.6252	  174.1618
7.345	 3.18	 1	 -42.2546	  173.7474
7.345	 2.05	 1	 -41.7166	  174.4004
7.351	 2.19	 1	 -41.7002	  174.3568
7.352	 2.61	 1	 -41.7045	  174.1897
7.353	 2.05	 1	 -41.7136	  174.4080
7.354	 2.13	 1	 -42.6651	  172.9560
7.358	 2.22	 1	 -41.7700	  174.4238
7.358	 2.96	 1	 -42.4054	  173.1658
7.359	 2.63	 1	 -41.9528	  173.6602
7.362	 2.07	 1	 -42.4126	  173.0127
7.364	 2.47	 1	 -41.6021	  174.4551
7.364	 2.24	 1	 -42.3573	  172.9327
7.369	 2.29	 1	 -42.2384	  173.9162
7.369	 2.11	 1	 -42.2221	  173.8450
7.371	 2.18	 1	 -42.6707	  172.9702
7.371	 2.38	 1	 -42.5377	  172.8980
7.372	 2.38	 1	 -42.3251	  173.4689
7.373	 2.57	 1	 -42.5747	  173.2439
7.391	 2.23	 1	 -42.0544	  175.2436
7.393	 2.08	 1	 -41.7586	  174.0583
7.394	 2.03	 1	 -41.5998	  174.2246
7.396	 2.32	 1	 -42.2290	  173.7125
7.397	 2.86	 1	 -42.5013	  173.3192
7.398	 2.31	 1	 -40.3533	  171.8758
7.399	 2.25	 1	 -41.7140	  174.3768
7.405	 2.44	 1	 -41.6419	  174.7277
7.406	 2.61	 1	 -41.9538	  174.0887
7.407	 2.46	 1	 -42.5221	  173.0604
7.408	 2.77	 1	 -42.2914	  173.6489
7.418	 2.18	 1	 -42.5317	  173.2019
7.421	 2.66	 1	 -42.0138	  173.6152
7.422	 2.51	 1	 -41.2884	  173.6194
7.422	 2.14	 1	 -42.1118	  174.9163
7.425	 2.27	 1	 -42.5560	  173.1090
7.425	 2.14	 1	 -42.1383	  173.7640
7.430	 2.09	 1	 -42.5466	  173.2618
7.431	 2.71	 1	 -42.5915	  173.2283
7.432	 3.20	 1	 -42.5135	  173.2943
7.433	 2.14	 1	 -41.6362	  173.7840
7.435	 2.06	 1	 -41.9047	  174.0567
7.435	 3.15	 1	 -42.3920	  173.5858
7.437	 2.14	 1	 -43.0010	  173.9625
7.437	 2.55	 1	 -42.4510	  173.1068
7.437	 2.66	 1	 -42.0173	  173.8507
7.442	 2.37	 1	 -42.2541	  174.5228
7.442	 2.39	 1	 -42.5856	  174.3510
7.442	 3.23	 1	 -42.6806	  172.8711
7.443	 2.02	 1	 -42.3496	  173.5110
7.447	 2.07	 1	 -42.1786	  173.9666
7.448	 3.98	 1	 -41.9513	  173.8009
7.451	 2.09	 1	 -42.0725	  173.5965
7.453	 2.29	 1	 -41.7023	  174.4404
7.456	 2.19	 1	 -41.6913	  174.2848
7.457	 2.15	 1	 -42.4688	  173.3486
7.457	 2.47	 1	 -41.7687	  174.2544
7.460	 2.01	 1	 -42.2285	  174.2464
7.462	 2.53	 1	 -42.2875	  173.4509
7.465	 2.11	 1	 -41.7469	  174.3024
7.468	 2.43	 1	 -42.2787	  173.6602
7.471	 2.08	 1	 -42.6291	  172.6342
7.474	 2.26	 1	 -42.7154	  173.2196
7.475	 2.13	 1	 -42.5173	  173.8969
7.478	 3.55	 1	 -41.7051	  174.2620
7.479	 2.11	 1	 -41.9069	  174.1262
7.482	 2.70	 1	 -42.2593	  173.6881
7.489	 3.30	 1	 -42.3609	  173.8611
7.493	 2.28	 1	 -41.9840	  173.5598
7.494	 2.10	 1	 -42.5516	  173.1070
7.495	 2.51	 1	 -42.5297	  173.1396
7.496	 2.21	 1	 -41.7251	  174.9066
7.497	 2.41	 1	 -42.3195	  173.9702
7.500	 2.17	 1	 -42.2879	  173.8188
7.501	 2.59	 1	 -41.7158	  174.3123
7.501	 2.07	 1	 -42.8239	  172.6708
7.503	 2.06	 1	 -42.4134	  173.4507
7.504	 2.46	 1	 -42.4761	  174.3123
7.506	 2.68	 1	 -41.7720	  174.1950
7.507	 2.05	 1	 -41.5400	  174.1774
7.507	 2.60	 1	 -42.3784	  173.9955
7.510	 2.74	 1	 -41.6849	  174.2672
7.510	 2.10	 1	 -42.6667	  172.7942
7.511	 2.33	 1	 -41.5964	  173.8610
7.514	 3.33	 1	 -42.3213	  173.2356
7.518	 2.29	 1	 -41.6893	  174.2667
7.522	 2.80	 1	 -42.2998	  173.6112
7.523	 3.34	 1	 -42.6528	  172.8936
7.532	 2.69	 1	 -42.0634	  173.6417
7.535	 2.26	 1	 -41.7328	  174.2229
7.535	 3.04	 1	 -42.3454	  173.4557
7.537	 2.10	 1	 -42.6347	  173.2430
7.538	 2.27	 1	 -42.8531	  174.2595
7.541	 2.99	 1	 -41.6433	  174.1878
7.544	 3.43	 1	 -41.9264	  173.8915
7.546	 2.38	 1	 -41.7035	  174.3321
7.546	 3.72	 1	 -41.6536	  174.4214
7.546	 2.34	 1	 -42.5864	  173.2025
7.546	 3.40	 1	 -42.4690	  173.4820
7.549	 2.38	 1	 -42.2141	  173.8184
7.549	 2.36	 1	 -42.0415	  173.4720
7.554	 3.21	 1	 -42.3672	  173.1824
7.555	 2.18	 1	 -41.7699	  174.2366
7.556	 2.03	 1	 -42.0303	  173.8580
7.556	 2.19	 1	 -41.9844	  173.3273
7.556	 2.20	 1	 -42.5447	  173.1462
7.558	 2.15	 1	 -42.3398	  173.0929
7.560	 2.24	 1	 -42.2631	  173.9411
7.561	 2.62	 1	 -42.1425	  172.9064
7.565	 2.09	 1	 -42.6196	  172.7571
7.565	 2.01	 1	 -41.9004	  174.4773
7.567	 2.59	 1	 -41.9509	  173.8384
7.568	 2.01	 1	 -42.6327	  173.1405
7.569	 2.01	 1	 -42.4552	  173.7321
7.570	 2.01	 1	 -41.6348	  174.0912
7.570	 3.50	 1	 -41.6583	  173.4176
7.571	 2.40	 1	 -41.7093	  174.1155
7.575	 2.50	 1	 -42.3582	  173.6596
7.577	 2.66	 1	 -42.4839	  173.4107
7.579	 2.11	 1	 -42.3144	  174.0682
7.580	 2.29	 1	 -41.7073	  174.2701
7.583	 2.23	 1	 -42.7703	  173.1771
7.583	 2.93	 1	 -42.2202	  173.8312
7.585	 2.52	 1	 -41.7142	  174.3659
7.585	 2.29	 1	 -42.2496	  173.7604
7.596	 2.60	 1	 -41.6770	  174.4054
7.597	 2.81	 1	 -42.6772	  172.9750
7.597	 2.06	 1	 -42.7525	  173.2262
7.600	 2.02	 1	 -41.6967	  174.4204
7.600	 2.24	 1	 -41.9270	  174.0879
7.602	 2.14	 1	 -42.4882	  173.2833
7.603	 2.05	 1	 -42.6901	  171.6927
7.608	 2.71	 1	 -43.7059	  172.4697
7.608	 2.03	 1	 -42.2629	  173.6475
7.610	 2.49	 1	 -42.2049	  173.6596
7.611	 2.79	 1	 -42.3622	  174.0290
7.612	 2.38	 1	 -42.6278	  173.1990
7.613	 2.14	 1	 -42.4629	  173.2116
7.613	 2.07	 1	 -42.3975	  174.0327
7.617	 2.29	 1	 -42.9384	  173.6181
7.619	 2.55	 1	 -42.4605	  173.3270
7.620	 2.35	 1	 -42.2840	  173.6300
7.620	 2.19	 1	 -41.7765	  174.4484
7.621	 2.39	 1	 -41.7272	  174.2758
7.622	 2.19	 1	 -41.7354	  174.2645
7.628	 3.16	 1	 -42.0838	  173.8094
7.629	 2.87	 1	 -42.3488	  173.7558
7.631	 2.21	 1	 -41.7892	  174.2676
7.635	 2.03	 1	 -42.5768	  173.1180
7.636	 2.16	 1	 -41.6688	  174.3524
7.636	 3.16	 1	 -42.1291	  173.5857
7.637	 2.11	 1	 -42.0986	  173.6936
7.638	 2.11	 1	 -42.4750	  173.0364
7.638	 2.29	 1	 -42.6786	  172.7822
7.639	 3.10	 1	 -41.7665	  174.3045
7.641	 4.73	 1	 -42.9691	  173.1105
7.646	 2.74	 1	 -41.7119	  174.4076
7.648	 2.56	 1	 -42.1587	  173.7948
7.652	 2.90	 1	 -41.6947	  172.0350
7.654	 2.28	 1	 -42.6251	  173.0453
7.656	 2.41	 1	 -41.8920	  174.1264
7.656	 2.16	 1	 -42.3523	  173.0299
7.659	 2.42	 1	 -42.2350	  174.2340
7.661	 2.08	 1	 -42.2650	  173.0918
7.661	 2.86	 1	 -42.0181	  173.4842
7.661	 2.05	 1	 -42.2003	  173.3472
7.664	 3.60	 1	 -41.9634	  173.7162
7.665	 2.64	 1	 -42.7353	  173.0563
7.665	 2.77	 1	 -41.7980	  174.6426
7.666	 2.01	 1	 -42.4217	  173.4122
7.666	 2.05	 1	 -42.5015	  173.2311
7.667	 2.20	 1	 -42.2152	  173.7594
7.669	 3.41	 1	 -41.6923	  174.2172
7.670	 2.52	 1	 -41.7992	  174.1243
7.670	 2.13	 1	 -42.2817	  173.6163
7.671	 2.09	 1	 -41.8203	  174.2044
7.673	 3.25	 1	 -42.6603	  172.9978
7.674	 2.21	 1	 -42.1495	  173.6376
7.675	 2.90	 1	 -42.1552	  173.5843
7.676	 2.69	 1	 -41.7026	  174.1478
7.681	 2.27	 1	 -42.0265	  174.3841
7.682	 2.26	 1	 -42.4423	  173.5424
7.683	 2.12	 1	 -42.9246	  172.8125
7.684	 2.36	 1	 -41.6275	  174.1962
7.685	 2.44	 1	 -41.6187	  174.1902
7.685	 2.12	 1	 -41.7264	  174.3134
7.686	 2.42	 1	 -41.8216	  173.8535
7.687	 2.09	 1	 -42.5256	  173.1515
7.689	 2.23	 1	 -42.2057	  174.2175
7.690	 2.02	 1	 -42.4706	  172.9420
7.691	 2.19	 1	 -42.8390	  172.9945
7.692	 2.35	 1	 -42.3543	  172.8093
7.692	 2.11	 1	 -42.5630	  174.0936
7.696	 2.15	 1	 -41.9823	  173.7303
7.697	 2.75	 1	 -42.3028	  173.8411
7.699	 2.72	 1	 -42.0847	  173.6935
7.701	 2.04	 1	 -41.6231	  174.3735
7.709	 2.10	 1	 -41.9102	  173.3861
7.709	 2.11	 1	 -43.0168	  172.3616
7.709	 2.90	 1	 -41.9787	  173.4238
7.712	 2.36	 1	 -42.4120	  172.7718
7.713	 2.41	 1	 -42.3618	  172.9821
7.715	 2.32	 1	 -42.1525	  173.5818
7.715	 2.30	 1	 -42.5108	  173.1128
7.717	 2.26	 1	 -41.2839	  178.8320
7.718	 2.98	 1	 -42.7176	  172.9421
7.718	 2.15	 1	 -42.0635	  172.9455
7.722	 2.00	 1	 -42.1479	  173.7666
7.730	 2.41	 1	 -42.4300	  172.9664
7.730	 2.18	 1	 -42.7294	  172.6926
7.732	 2.99	 1	 -41.9915	  173.5883
7.734	 2.03	 1	 -42.2562	  173.5723
7.735	 2.20	 1	 -43.3163	  174.3995
7.741	 2.08	 1	 -42.4287	  172.8519
7.743	 2.06	 1	 -42.5131	  173.1877
7.747	 2.63	 1	 -42.3740	  173.6811
7.754	 2.31	 1	 -42.8159	  173.6604
7.755	 2.84	 1	 -42.5240	  172.9678
7.758	 2.03	 1	 -41.6881	  174.3021
7.759	 2.23	 1	 -42.3309	  173.2670
7.760	 2.05	 1	 -41.5737	  174.3061
7.760	 2.20	 1	 -41.7532	  174.0980
7.761	 2.94	 1	 -42.8601	  173.3043
7.761	 2.18	 1	 -38.6776	  171.5296
7.762	 2.53	 1	 -42.7397	  173.9322
7.763	 2.30	 1	 -42.3230	  173.7726
7.768	 2.92	 1	 -42.3449	  173.8215
7.771	 2.73	 1	 -42.2991	  173.7755
7.776	 2.15	 1	 -42.2805	  173.6579
7.780	 2.07	 1	 -42.4995	  173.4497
7.782	 2.20	 1	 -42.6308	  173.0528
7.782	 2.38	 1	 -42.4485	  173.3283
7.783	 3.10	 1	 -41.8591	  174.2301
7.786	 2.32	 1	 -42.6739	  172.7943
7.796	 4.09	 1	 -41.8768	  174.0853
7.797	 2.15	 1	 -42.3381	  173.9176
7.797	 2.10	 1	 -42.7132	  173.3236
7.798	 2.10	 1	 -41.7062	  174.4294
7.798	 2.27	 1	 -42.0690	  174.1374
7.798	 2.36	 1	 -42.7430	  173.2669
7.799	 2.75	 1	 -41.8556	  174.2194
7.799	 2.08	 1	 -42.2445	  173.8353
7.800	 2.17	 1	 -41.9265	  168.4302
7.803	 2.02	 1	 -41.6515	  174.2903
7.804	 3.60	 1	 -42.2777	  173.7532
7.805	 2.41	 1	 -42.2980	  173.7941
7.809	 2.04	 1	 -42.3163	  174.0345
7.811	 2.83	 1	 -41.7135	  174.2978
7.811	 2.17	 1	 -42.6069	  173.0029
7.812	 2.05	 1	 -41.6851	  174.2713
7.812	 2.90	 1	 -42.4427	  173.8293
7.815	 2.04	 1	 -42.1106	  173.6076
7.815	 2.26	 1	 -41.7282	  174.4052
7.817	 2.22	 1	 -41.7758	  174.2506
7.819	 2.58	 1	 -41.7090	  174.2432
7.826	 2.26	 1	 -41.9467	  173.9949
7.826	 2.01	 1	 -42.4147	  173.2773
7.826	 2.44	 1	 -41.7099	  174.3246
7.827	 2.13	 1	 -41.7726	  174.3076
7.828	 3.06	 1	 -42.2332	  173.8738
7.828	 2.16	 1	 -42.6680	  172.6156
7.832	 2.62	 1	 -41.7061	  174.2570
7.833	 2.15	 1	 -41.8141	  174.2624
7.836	 2.58	 1	 -42.5200	  173.3360
7.836	 2.23	 1	 -42.1554	  173.8067
7.837	 2.06	 1	 -42.5225	  173.0985
7.838	 2.67	 1	 -42.2525	  173.8130
7.840	 2.37	 1	 -41.6951	  174.3137
7.841	 2.68	 1	 -41.6868	  174.1375
7.843	 2.02	 1	 -42.8753	  173.1156
7.845	 2.02	 1	 -42.1926	  173.5710
7.846	 2.04	 1	 -42.0203	  173.7177
7.847	 3.47	 1	 -42.2876	  174.2419
7.848	 2.70	 1	 -42.4331	  173.7798
7.848	 2.00	 1	 -41.9852	  174.0850
7.848	 2.61	 1	 -41.7598	  174.5629
7.850	 2.44	 1	 -41.7895	  174.4165
7.855	 2.75	 1	 -42.4053	  173.2772
7.858	 2.39	 1	 -42.6617	  172.7622
7.859	 2.01	 1	 -42.5550	  173.2463
7.859	 2.39	 1	 -42.0615	  173.8142
7.863	 2.46	 1	 -42.1374	  173.8233
7.864	 2.08	 1	 -42.1231	  173.5862
7.866	 2.47	 1	 -42.6421	  172.6499
7.866	 2.17	 1	 -42.6904	  172.7304
7.871	 2.88	 1	 -41.7777	  174.2206
7.871	 2.94	 1	 -41.7070	  174.3313
7.873	 2.22	 1	 -41.9779	  174.0393
7.873	 2.27	 1	 -42.4147	  173.9429
7.877	 2.87	 1	 -42.5239	  173.4057
7.879	 2.25	 1	 -42.0222	  173.6882
7.879	 2.16	 1	 -42.5364	  173.3873
7.883	 2.43	 1	 -41.7228	  174.2747
7.885	 3.65	 1	 -41.9491	  174.0249
7.887	 2.16	 1	 -41.6714	  174.2265
7.889	 2.94	 1	 -46.8556	  175.3343
7.889	 2.89	 1	 -42.2952	  174.0651
7.891	 2.15	 1	 -42.3993	  173.0623
7.895	 2.50	 1	 -42.7251	  171.8340
7.895	 2.22	 1	 -41.7838	  174.3470
7.896	 3.41	 1	 -41.8522	  173.3192
7.896	 2.30	 1	 -42.4679	  173.1414
7.897	 2.56	 1	 -42.6666	  172.9829
7.900	 2.13	 1	 -42.1133	  172.8497
7.904	 2.63	 1	 -41.7506	  174.2031
7.908	 3.04	 1	 -42.8040	  173.0585
7.908	 2.29	 1	 -42.4752	  173.0962
7.908	 2.01	 1	 -41.6984	  174.3510
7.909	 3.39	 1	 -42.5933	  173.0883
7.909	 2.59	 1	 -42.8019	  173.1468
7.911	 2.79	 1	 -42.5773	  173.6903
7.915	 2.09	 1	 -42.7876	  172.9293
7.919	 2.75	 1	 -42.1770	  173.6421
7.921	 2.05	 1	 -42.4304	  173.1495
7.922	 2.28	 1	 -42.4356	  173.7937
7.923	 2.87	 1	 -42.9272	  173.5080
7.923	 2.59	 1	 -41.6900	  174.1441
7.925	 2.48	 1	 -41.8137	  174.0108
7.928	 2.32	 1	 -42.8184	  172.9438
7.928	 3.34	 1	 -42.6680	  172.7514
7.930	 2.67	 1	 -41.6996	  174.2329
7.931	 2.04	 1	 -42.3055	  173.7106
7.933	 2.02	 1	 -41.7823	  174.1715
7.935	 2.03	 1	 -42.1902	  173.0176
7.936	 2.02	 1	 -41.5805	  174.3705
7.937	 2.49	 1	 -41.8201	  174.2170
7.940	 2.38	 1	 -42.2205	  173.7683
7.941	 2.80	 1	 -42.4810	  173.0721
7.942	 3.05	 1	 -41.6839	  174.3307
7.943	 3.81	 1	 -42.0406	  173.8681
7.947	 2.29	 1	 -42.3127	  173.7623
7.949	 2.43	 1	 -42.6839	  173.1998
7.950	 2.02	 1	 -42.2906	  173.6227
7.950	 2.27	 1	 -41.9523	  173.6229
7.952	 2.06	 1	 -42.0745	  173.8428
7.954	 2.20	 1	 -42.6615	  172.9262
7.965	 2.61	 1	 -41.7365	  173.3419
7.967	 2.57	 1	 -41.6394	  174.8877
7.967	 2.01	 1	 -42.4541	  173.3948
7.968	 2.49	 1	 -42.8451	  173.1262
7.971	 2.40	 1	 -41.6730	  174.2612
7.972	 2.23	 1	 -41.9994	  173.3724
7.972	 2.16	 1	 -42.4812	  173.3844
7.974	 2.16	 1	 -42.0390	  173.7366
7.974	 2.73	 1	 -42.2522	  173.6480
7.976	 2.30	 1	 -42.2708	  173.9385
7.977	 2.35	 1	 -42.9763	  173.0770
7.978	 2.31	 1	 -39.9508	  170.2676
7.985	 2.45	 1	 -42.5723	  173.1700
7.985	 2.55	 1	 -41.6876	  174.2922
7.985	 2.04	 1	 -42.6600	  172.9172
7.992	 2.46	 1	 -41.0844	  174.6908
7.993	 2.79	 1	 -42.6266	  172.6472
7.994	 2.35	 1	 -42.3620	  173.0031
7.994	 2.04	 1	 -42.4904	  172.5758
7.997	 2.35	 1	 -41.8554	  174.0593
7.999	 3.38	 1	 -42.0516	  173.4668
8.000	 2.27	 1	 -42.4768	  173.1258
8.002	 2.82	 1	 -42.7465	  175.1488
8.008	 2.79	 1	 -42.1557	  173.7648
8.014	 2.66	 1	 -42.4595	  173.1039
8.015	 2.29	 1	 -42.5486	  173.9768
8.021	 2.37	 1	 -42.4648	  178.9489
8.023	 2.71	 1	 -42.4507	  173.3254
8.028	 2.98	 1	 -42.0525	  173.7373
8.029	 2.48	 1	 -42.4919	  173.1658
8.045	 2.21	 1	 -42.7131	  173.6424
8.045	 2.02	 1	 -42.4274	  173.3275
8.045	 2.15	 1	 -41.8511	  174.0727
8.047	 2.09	 1	 -42.1744	  173.8222
8.050	 2.08	 1	 -42.4290	  173.1466
8.053	 2.12	 1	 -42.2834	  173.5014
8.055	 2.80	 1	 -41.7945	  174.4333
8.058	 2.12	 1	 -41.8312	  174.2216
8.060	 2.53	 1	 -41.9751	  173.6351
8.060	 2.60	 1	 -42.4785	  173.2149
8.062	 2.69	 1	 -42.6604	  172.8670
8.068	 2.22	 1	 -42.7084	  173.0890
8.069	 2.20	 1	 -41.9883	  173.6580
8.071	 2.48	 1	 -42.5339	  173.9986
8.073	 2.23	 1	 -42.4464	  173.1190
8.076	 2.01	 1	 -41.8063	  174.1861
8.080	 3.28	 1	 -42.5340	  172.7770
8.081	 2.31	 1	 -42.4523	  173.8085
8.082	 2.56	 1	 -42.2735	  173.7079
8.083	 2.50	 1	 -42.6721	  173.0420
8.084	 2.02	 1	 -42.5657	  172.8330
8.088	 2.29	 1	 -42.5514	  173.3846
8.092	 2.17	 1	 -41.3926	  173.1468
8.093	 2.10	 1	 -42.2572	  173.5268
8.093	 2.11	 1	 -42.4337	  173.6525
8.094	 2.03	 1	 -42.7057	  173.0517
8.097	 2.08	 1	 -41.8947	  173.9760
8.100	 2.51	 1	 -42.2372	  173.7635
8.104	 2.04	 1	 -42.1741	  173.6422
8.105	 2.70	 1	 -42.5658	  173.3229
8.106	 2.08	 1	 -42.3809	  174.0152
8.114	 2.43	 1	 -41.6375	  172.9982
8.119	 2.44	 1	 -41.6940	  174.1246
8.119	 2.59	 1	 -42.2124	  173.6349
8.122	 2.49	 1	 -41.8900	  174.0629
8.128	 2.05	 1	 -42.2645	  173.1317
8.129	 2.38	 1	 -42.3132	  173.6893
8.130	 2.09	 1	 -42.5464	  173.8691
8.133	 2.01	 1	 -42.5511	  173.0462
8.134	 2.50	 1	 -42.6671	  172.8211
8.136	 2.52	 1	 -42.3073	  173.8120
8.138	 2.21	 1	 -41.4126	  173.5598
8.141	 2.87	 1	 -42.6560	  172.7698
8.146	 2.99	 1	 -42.6741	  172.8780
8.151	 2.37	 1	 -42.3057	  173.9420
8.153	 2.08	 1	 -41.8210	  174.2374
8.156	 2.50	 1	 -42.2148	  173.7655
8.159	 2.00	 1	 -43.2423	  172.2398
8.159	 2.23	 1	 -41.8220	  174.0802
8.160	 3.00	 1	 -42.2840	  173.7202
8.164	 2.24	 1	 -41.9871	  173.1861
8.166	 2.14	 1	 -41.5182	  174.5648
8.169	 2.63	 1	 -42.8002	  173.1213
8.169	 2.44	 1	 -43.0025	  172.8569
8.171	 3.14	 1	 -42.1982	  173.7873
8.173	 2.40	 1	 -42.5777	  173.7539
8.177	 2.24	 1	 -41.6855	  174.1486
8.179	 2.54	 1	 -42.7275	  172.9905
8.182	 2.10	 1	 -42.3327	  172.6080
8.188	 2.38	 1	 -42.3640	  173.3185
8.191	 2.15	 1	 -42.5063	  173.0248
8.192	 3.05	 1	 -42.6289	  174.0060
8.195	 2.43	 1	 -41.7205	  174.3951
8.200	 2.12	 1	 -42.3929	  173.3388
8.203	 2.09	 1	 -41.7999	  174.2610
8.204	 2.69	 1	 -42.6618	  173.0441
8.209	 2.71	 1	 -41.6264	  174.1941
8.210	 2.14	 1	 -42.4473	  173.1148
8.211	 4.59	 1	 -42.1377	  173.5039
8.212	 2.01	 1	 -42.4628	  173.4368
8.212	 2.14	 1	 -41.9013	  174.2176
8.212	 2.27	 1	 -42.1488	  173.5892
8.213	 2.95	 1	 -41.8285	  174.0176
8.215	 2.25	 1	 -42.7104	  173.4017
8.216	 2.22	 1	 -41.7031	  174.2399
8.217	 2.40	 1	 -42.5177	  173.0723
8.219	 2.38	 1	 -42.0974	  173.5670
8.223	 3.66	 1	 -42.7646	  172.7634
8.224	 2.81	 1	 -42.2971	  173.7904
8.230	 2.38	 1	 -41.7061	  174.2704
8.233	 2.61	 1	 -42.4112	  173.0591
8.235	 2.98	 1	 -42.3707	  173.9619
8.235	 2.13	 1	 -41.7008	  174.3003
8.235	 2.44	 1	 -42.2410	  173.6640
8.238	 2.63	 1	 -41.6707	  174.2666
8.239	 2.30	 1	 -42.3896	  173.6348
8.243	 3.42	 1	 -41.8197	  174.3214
8.244	 2.07	 1	 -46.6883	  175.2316
8.244	 2.01	 1	 -42.4482	  173.2530
8.244	 2.71	 1	 -42.7923	  172.9982
8.248	 2.02	 1	 -42.3700	  173.4305
8.249	 2.87	 1	 -42.2772	  173.6832
8.250	 2.10	 1	 -42.2539	  173.6612
8.254	 3.24	 1	 -41.7878	  174.2549
8.254	 2.05	 1	 -41.7112	  174.2977
8.255	 2.48	 1	 -42.6841	  172.8768
8.263	 2.38	 1	 -42.7141	  173.1411
8.270	 2.03	 1	 -41.7517	  174.2590
8.272	 2.89	 1	 -41.8565	  174.0670
8.272	 2.63	 1	 -42.3325	  173.7034
8.274	 2.13	 1	 -41.7582	  174.2970
8.277	 2.28	 1	 -42.2625	  173.5928
8.277	 3.07	 1	 -41.7225	  174.2564
8.277	 2.01	 1	 -40.4377	  172.5593
8.277	 2.07	 1	 -42.9141	  170.6439
8.278	 3.67	 1	 -42.3477	  173.6295
8.281	 2.40	 1	 -42.0229	  173.7729
8.284	 2.07	 1	 -42.5815	  173.7924
8.286	 2.33	 1	 -42.5479	  173.0981
8.286	 2.98	 1	 -42.3213	  173.1147
8.287	 2.18	 1	 -41.7067	  174.3214
8.292	 2.29	 1	 -41.8661	  173.4807
8.293	 2.41	 1	 -42.1237	  173.3254
8.294	 2.45	 1	 -42.1767	  174.0117
8.294	 2.47	 1	 -41.8940	  173.9597
8.296	 2.42	 1	 -42.9358	  173.0629
8.297	 2.05	 1	 -42.5072	  173.0784
8.304	 2.85	 1	 -41.7316	  174.1852
8.305	 2.06	 1	 -42.3525	  173.4889
8.308	 2.29	 1	 -41.8130	  174.2324
8.309	 2.38	 1	 -41.7040	  174.2481
8.309	 2.22	 1	 -42.3619	  174.0204
8.312	 2.16	 1	 -41.7045	  174.2782
8.314	 2.90	 1	 -42.3501	  173.7450
8.314	 2.54	 1	 -42.6153	  173.8396
8.316	 2.76	 1	 -42.4018	  173.8513
8.316	 2.03	 1	 -42.2566	  173.8356
8.322	 2.10	 1	 -42.2827	  173.7880
8.324	 2.30	 1	 -41.7249	  174.3053
8.324	 2.84	 1	 -42.2634	  174.4852
8.325	 2.48	 1	 -42.1343	  173.6445
8.330	 2.17	 1	 -42.3962	  173.8105
8.332	 2.62	 1	 -42.3566	  174.0138
8.335	 2.29	 1	 -42.6054	  173.0434
8.335	 2.11	 1	 -42.6415	  172.9881
8.335	 2.47	 1	 -42.2363	  173.7077
8.336	 3.36	 1	 -42.4913	  173.1103
8.339	 3.99	 1	 -42.1884	  173.7159
8.340	 2.60	 1	 -42.6608	  172.9427
8.340	 3.15	 1	 -41.8187	  174.1901
8.344	 3.28	 1	 -42.5466	  173.1103
8.344	 2.91	 1	 -41.6121	  173.8344
8.346	 2.34	 1	 -41.9830	  173.8588
8.347	 2.14	 1	 -42.5385	  172.8204
8.348	 2.02	 1	 -41.8413	  173.1482
8.348	 2.04	 1	 -42.4847	  173.2972
8.350	 2.51	 1	 -41.8655	  172.7791
8.351	 2.75	 1	 -42.1865	  173.4776
8.353	 2.06	 1	 -42.2544	  173.9939
8.355	 3.15	 1	 -42.6074	  173.2458
8.357	 2.51	 1	 -41.6466	  174.2740
8.365	 2.04	 1	 -42.3910	  173.6074
8.366	 3.07	 1	 -41.7586	  174.1994
8.369	 3.48	 1	 -41.9832	  174.0109
8.379	 2.06	 1	 -41.6452	  173.9970
8.381	 2.02	 1	 -43.0168	  174.1947
8.383	 2.08	 1	 -42.2386	  173.5612
8.385	 2.17	 1	 -42.5832	  172.7867
8.386	 2.34	 1	 -42.0834	  173.6261
8.386	 2.40	 1	 -42.4230	  173.6639
8.388	 2.34	 1	 -41.6198	  175.6546
8.394	 2.67	 1	 -41.6972	  174.2898
8.398	 2.71	 1	 -42.2744	  173.9269
8.399	 2.31	 1	 -42.7535	  172.9960
8.401	 2.10	 1	 -42.7001	  172.9668
8.401	 2.22	 1	 -42.4092	  173.6898
8.402	 2.79	 1	 -42.4184	  173.2954
8.402	 2.12	 1	 -42.5836	  173.0936
8.403	 3.06	 1	 -42.0288	  173.6390
8.409	 2.57	 1	 -42.4678	  173.2840
8.409	 2.52	 1	 -42.2461	  173.7177
8.411	 2.09	 1	 -42.2112	  173.7934
8.413	 2.35	 1	 -41.8404	  174.3127
8.414	 2.08	 1	 -42.7221	  173.1778
8.415	 2.13	 1	 -42.6191	  173.9328
8.416	 3.29	 1	 -41.7156	  174.3659
8.422	 2.29	 1	 -42.4412	  173.7809
8.422	 2.48	 1	 -45.3842	  170.7060
8.423	 2.30	 1	 -42.4034	  173.5638
8.425	 2.62	 1	 -42.4049	  173.5771
8.425	 2.07	 1	 -41.7025	  174.2545
8.426	 2.15	 1	 -41.7570	  174.2663
8.428	 2.35	 1	 -42.9062	  173.0940
8.429	 2.27	 1	 -42.3853	  173.7355
8.429	 2.25	 1	 -42.4905	  173.7907
8.430	 2.29	 1	 -41.7453	  174.1985
8.434	 2.45	 1	 -42.1442	  173.8191
8.435	 2.39	 1	 -42.7710	  172.9829
8.436	 2.15	 1	 -42.2955	  173.7341
8.437	 2.36	 1	 -41.5439	  174.3192
8.438	 2.36	 1	 -43.3922	  171.6858
8.442	 2.21	 1	 -41.6374	  174.5512
8.445	 2.01	 1	 -42.4875	  173.1144
8.446	 2.30	 1	 -42.3173	  173.9125
8.446	 2.08	 1	 -42.9060	  173.2352
8.448	 2.18	 1	 -41.8190	  174.0170
8.451	 2.77	 1	 -42.7215	  172.6344
8.452	 2.62	 1	 -42.5438	  173.7547
8.454	 2.39	 1	 -42.4261	  172.9836
8.455	 3.71	 1	 -42.3554	  173.3245
8.456	 2.09	 1	 -41.6896	  174.3386
8.460	 2.73	 1	 -42.8945	  172.9391
8.460	 3.39	 1	 -42.7206	  173.4129
8.467	 2.09	 1	 -42.0251	  173.7680
8.470	 2.12	 1	 -42.3917	  174.0825
8.470	 2.13	 1	 -41.9527	  174.2339
8.474	 2.46	 1	 -42.5249	  173.7669
8.477	 3.87	 1	 -42.3115	  173.2334
8.478	 2.10	 1	 -42.6986	  173.3512
8.482	 2.64	 1	 -41.6085	  174.8929
8.483	 3.01	 1	 -41.8771	  173.9292
8.483	 2.94	 1	 -42.3975	  173.8464
8.484	 3.05	 1	 -41.5783	  174.1567
8.491	 2.45	 1	 -42.4025	  173.0495
8.492	 2.31	 1	 -42.4394	  172.9610
8.493	 2.09	 1	 -42.3371	  173.8074
8.495	 2.05	 1	 -42.4241	  172.9276
8.497	 2.58	 1	 -42.3861	  173.1447
8.504	 2.04	 1	 -42.3674	  173.7142
8.504	 2.72	 1	 -41.8538	  174.0831
8.505	 2.10	 1	 -42.6840	  172.7814
8.508	 3.17	 1	 -42.3532	  173.4276
8.511	 2.85	 1	 -41.8373	  174.2266
8.513	 2.82	 1	 -42.3236	  173.4216
8.515	 3.51	 1	 -41.7091	  174.3794
8.518	 2.06	 1	 -42.5205	  172.6758
8.518	 2.12	 1	 -42.6848	  172.9501
8.519	 2.05	 1	 -41.9633	  174.1607
8.521	 2.27	 1	 -42.1869	  173.7874
8.522	 2.33	 1	 -42.3168	  173.7103
8.523	 4.50	 1	 -41.6999	  174.1930
8.525	 2.05	 1	 -42.4017	  173.3292
8.526	 2.56	 1	 -42.4216	  173.7265
8.527	 2.24	 1	 -42.3312	  173.6612
8.528	 2.57	 1	 -41.3596	  173.0207
8.532	 2.69	 1	 -41.7492	  174.3361
8.534	 2.05	 1	 -42.3321	  173.2244
8.535	 2.36	 1	 -41.7874	  174.1906
8.538	 3.26	 1	 -42.6491	  173.0284
8.545	 2.08	 1	 -42.4168	  173.4272
8.545	 2.82	 1	 -42.0401	  173.6951
8.545	 2.11	 1	 -42.4307	  173.1884
8.546	 2.03	 1	 -41.7405	  174.2374
8.547	 3.00	 1	 -41.9406	  174.0099
8.549	 2.34	 1	 -42.3814	  173.4717
8.554	 2.56	 1	 -42.5142	  173.1862
8.554	 2.07	 1	 -42.2234	  173.4254
8.555	 2.08	 1	 -41.8823	  174.2413
8.557	 2.06	 1	 -41.9797	  173.7474
8.558	 2.10	 1	 -42.6485	  172.9225
8.560	 2.91	 1	 -42.7593	  173.9523
8.562	 2.44	 1	 -41.6802	  174.2442
8.567	 2.63	 1	 -41.7617	  174.2234
8.568	 2.61	 1	 -42.5677	  173.0428
8.568	 2.56	 1	 -41.9137	  174.0449
8.572	 2.48	 1	 -41.7026	  174.1287
8.575	 2.47	 1	 -42.7331	  173.0553
8.580	 2.17	 1	 -41.8414	  174.2563
8.585	 2.55	 1	 -42.7561	  172.7387
8.587	 2.04	 1	 -39.7509	  174.2461
8.589	 2.48	 1	 -41.6599	  174.1626
8.597	 2.48	 1	 -42.6287	  173.0417
8.600	 2.09	 1	 -41.6437	  174.4368
8.600	 2.97	 1	 -42.4108	  173.4728
8.601	 2.13	 1	 -41.8039	  174.2654
8.601	 2.11	 1	 -42.6468	  173.0445
8.601	 3.12	 1	 -42.2152	  173.6882
8.602	 2.78	 1	 -42.6064	  173.8067
8.604	 2.30	 1	 -42.5054	  173.3289
8.605	 2.20	 1	 -42.0415	  173.7155
8.606	 2.68	 1	 -42.7120	  172.9855
8.609	 2.20	 1	 -42.5547	  173.3197
8.609	 2.06	 1	 -41.8039	  174.2409
8.610	 2.26	 1	 -42.4432	  173.7651
8.611	 2.62	 1	 -42.4191	  173.7024
8.612	 2.23	 1	 -43.0353	  172.5325
8.612	 2.98	 1	 -42.4601	  172.9022
8.616	 2.11	 1	 -41.7813	  173.9674
8.616	 2.31	 1	 -42.2789	  173.6673
8.617	 3.00	 1	 -41.7478	  174.2486
8.618	 2.34	 1	 -42.5329	  173.8156
8.620	 2.05	 1	 -41.7924	  174.2586
8.624	 2.44	 1	 -42.5267	  173.4500
8.624	 2.49	 1	 -42.4927	  172.8873
8.625	 2.03	 1	 -42.9681	  173.1419
8.627	 2.38	 1	 -42.7211	  174.1461
8.634	 2.67	 1	 -42.5322	  173.0576
8.636	 2.28	 1	 -42.4826	  173.1263
8.638	 3.80	 1	 -41.7338	  174.7200
8.639	 2.29	 1	 -41.9561	  174.0395
8.639	 2.47	 1	 -42.6668	  173.0917
8.640	 2.27	 1	 -41.6947	  174.3945
8.640	 2.12	 1	 -42.0921	  173.7214
8.640	 2.04	 1	 -41.6989	  174.3071
8.641	 4.10	 1	 -41.8309	  174.3000
8.642	 2.09	 1	 -42.0988	  173.3616
8.643	 2.21	 1	 -41.8452	  174.2545
8.645	 2.85	 1	 -42.2631	  173.5477
8.653	 2.66	 1	 -42.6722	  172.4902
8.654	 2.40	 1	 -42.1033	  173.4456
8.654	 2.17	 1	 -41.8735	  174.2502
8.654	 2.54	 1	 -43.1288	  179.6291
8.655	 2.22	 1	 -42.3013	  173.7955
8.656	 3.34	 1	 -41.7929	  174.1774
8.657	 2.98	 1	 -41.7860	  173.9566
8.658	 2.62	 1	 -42.2867	  173.7202
8.658	 2.48	 1	 -42.3749	  173.9572
8.659	 2.45	 1	 -41.8015	  174.1469
8.661	 2.81	 1	 -41.8844	  174.0099
8.665	 2.41	 1	 -42.3261	  174.0573
8.666	 2.17	 1	 -42.5772	  173.1245
8.666	 2.57	 1	 -42.0399	  173.7650
8.667	 2.09	 1	 -41.6745	  174.2544
8.667	 2.49	 1	 -42.2885	  173.7174
8.668	 2.18	 1	 -42.6473	  172.7895
8.671	 2.12	 1	 -42.0206	  173.6291
8.674	 2.49	 1	 -42.8074	  172.9929
8.674	 2.35	 1	 -42.4811	  173.3430
8.674	 3.17	 1	 -41.9566	  173.7600
8.674	 2.40	 1	 -42.8861	  171.2801
8.676	 2.06	 1	 -42.2885	  173.7761
8.676	 2.39	 1	 -41.7767	  174.2610
8.678	 2.39	 1	 -42.6208	  173.3214
8.680	 2.10	 1	 -42.3368	  173.4177
8.682	 2.62	 1	 -42.4977	  173.6744
8.683	 2.18	 1	 -42.8500	  173.0349
8.683	 2.86	 1	 -41.6447	  174.0222
8.684	 2.37	 1	 -41.7221	  174.2854
8.686	 2.30	 1	 -42.1044	  173.5815
8.686	 2.65	 1	 -42.3909	  173.7993
8.687	 2.55	 1	 -41.9509	  173.8803
8.687	 2.49	 1	 -41.7157	  174.2954
8.689	 3.25	 1	 -42.3317	  173.7373
8.690	 2.21	 1	 -42.2135	  173.6725
8.696	 3.04	 1	 -42.3318	  173.7177
8.700	 2.29	 1	 -42.0634	  174.0782
8.702	 2.26	 1	 -42.5414	  173.2515
8.703	 2.30	 1	 -42.3605	  174.0161
8.706	 2.67	 1	 -41.6948	  174.2795
8.712	 2.38	 1	 -42.3168	  173.8701
8.713	 2.05	 1	 -42.0320	  172.4014
8.716	 2.28	 1	 -42.5760	  173.2391
8.717	 2.06	 1	 -41.6844	  174.4385
8.720	 3.18	 1	 -42.0010	  173.5923
8.721	 2.55	 1	 -41.7136	  174.2578
8.721	 2.05	 1	 -42.6045	  173.2069
8.725	 3.41	 1	 -42.3414	  173.0739
8.729	 2.87	 1	 -41.5982	  173.6000
8.729	 2.44	 1	 -41.8226	  174.3213
8.731	 2.21	 1	 -42.4980	  173.2279
8.732	 2.05	 1	 -42.4601	  173.4205
8.734	 2.93	 1	 -42.4667	  172.9599
8.737	 2.85	 1	 -42.3204	  173.7318
8.742	 2.89	 1	 -41.5132	  173.8322
8.742	 2.30	 1	 -42.7044	  173.0414
8.744	 2.15	 1	 -42.3218	  173.8904
8.747	 2.34	 1	 -42.4205	  173.2843
8.748	 3.72	 1	 -42.5286	  173.9107
8.754	 2.69	 1	 -43.0789	  175.1015
8.754	 2.72	 1	 -42.2807	  173.7305
8.755	 2.17	 1	 -42.5447	  173.0361
8.757	 2.53	 1	 -42.8080	  172.8254
8.757	 2.60	 1	 -40.1491	  173.4014
8.758	 2.09	 1	 -40.3965	  172.9624
8.760	 2.57	 1	 -42.0743	  173.9968
8.764	 2.08	 1	 -42.4429	  173.1235
8.765	 2.65	 1	 -41.9718	  174.0122
8.766	 3.09	 1	 -42.6774	  172.7729
8.772	 2.27	 1	 -41.9999	  173.9797
8.772	 2.48	 1	 -41.7589	  173.0960
8.774	 2.07	 1	 -42.7038	  174.6093
8.776	 2.62	 1	 -42.5218	  173.8352
8.776	 2.16	 1	 -42.3333	  172.8877
8.778	 2.07	 1	 -42.4484	  173.1535
8.778	 2.03	 1	 -42.5190	  173.2860
8.779	 2.05	 1	 -42.2431	  173.5621
8.780	 2.43	 1	 -42.6737	  173.0081
8.781	 2.20	 1	 -40.9636	  174.2891
8.782	 3.16	 1	 -42.2517	  173.7785
8.783	 2.16	 1	 -42.3707	  174.1604
8.785	 2.28	 1	 -41.3253	  174.5583
8.788	 3.05	 1	 -41.9677	  173.2659
8.788	 2.83	 1	 -42.6131	  173.4955
8.790	 2.12	 1	 -41.7258	  174.1797
8.795	 2.08	 1	 -42.4068	  173.5511
8.795	 2.49	 1	 -42.1638	  173.7735
8.796	 2.25	 1	 -41.7785	  174.1974
8.798	 2.78	 1	 -42.2370	  173.8739
8.799	 2.66	 1	 -42.4465	  173.1314
8.800	 2.18	 1	 -42.4110	  173.2871
8.803	 2.18	 1	 -41.7251	  174.2973
8.806	 2.11	 1	 -42.6279	  173.0879
8.807	 3.18	 1	 -42.2759	  173.7875
8.810	 2.10	 1	 -42.7790	  172.8190
8.812	 2.21	 1	 -42.6250	  173.2386
8.816	 3.05	 1	 -41.7754	  174.2986
8.817	 2.40	 1	 -42.3570	  173.7240
8.817	 2.17	 1	 -42.5490	  173.1632
8.820	 2.40	 1	 -42.5147	  172.9827
8.827	 2.21	 1	 -40.4569	  171.1746
8.827	 2.30	 1	 -42.2697	  173.6594
8.830	 2.48	 1	 -42.4119	  173.7867
8.832	 2.52	 1	 -42.2368	  173.6697
8.840	 2.44	 1	 -42.5461	  174.0074
8.848	 2.00	 1	 -42.3593	  173.9097
8.848	 2.34	 1	 -42.7306	  172.9602
8.850	 2.09	 1	 -41.8866	  174.3341
8.850	 3.94	 1	 -42.3901	  173.7553
8.853	 2.46	 1	 -42.7293	  173.1761
8.853	 2.36	 1	 -41.7020	  174.5626
8.857	 2.50	 1	 -42.4523	  173.7431
8.859	 2.31	 1	 -42.4557	  171.3042
8.862	 2.05	 1	 -41.8283	  174.2832
8.862	 2.29	 1	 -41.5521	  174.3010
8.865	 2.26	 1	 -42.1286	  173.6721
8.866	 2.33	 1	 -42.4263	  174.0718
8.867	 5.03	 1	 -42.1089	  173.4403
8.868	 2.44	 1	 -41.5829	  173.9485
8.870	 2.10	 1	 -42.4056	  173.7974
8.874	 2.52	 1	 -41.9505	  174.1412
8.874	 2.10	 1	 -41.8085	  174.2402
8.880	 2.10	 1	 -42.2094	  173.5999
8.881	 2.22	 1	 -42.7359	  172.6503
8.883	 2.81	 1	 -42.2175	  173.8021
8.885	 2.04	 1	 -42.5244	  173.1624
8.885	 2.41	 1	 -42.6310	  174.1843
8.887	 2.06	 1	 -42.5208	  173.1567
8.887	 2.06	 1	 -41.4519	  175.1346
8.890	 2.54	 1	 -41.7872	  174.1428
8.890	 2.33	 1	 -41.7095	  174.3918
8.891	 2.30	 1	 -42.7131	  172.8348
8.891	 2.35	 1	 -42.6876	  172.8028
8.892	 2.41	 1	 -41.6571	  174.2570
8.893	 2.04	 1	 -42.4030	  173.8552
8.901	 2.07	 1	 -38.2865	  170.8868
8.903	 3.06	 1	 -42.7024	  173.0374
8.907	 2.15	 1	 -42.3871	  173.4948
8.907	 2.22	 1	 -42.5145	  173.1381
8.909	 2.09	 1	 -42.5062	  173.1290
8.910	 2.13	 1	 -42.6860	  172.9398
8.913	 2.17	 1	 -41.6115	  174.2162
8.914	 2.28	 1	 -42.4017	  173.7787
8.915	 3.43	 1	 -42.4181	  173.7481
8.918	 2.08	 1	 -42.3057	  173.7458
8.924	 2.18	 1	 -42.2964	  173.7769
8.929	 2.22	 1	 -42.4432	  173.1161
8.931	 2.58	 1	 -41.9226	  173.5629
8.932	 2.44	 1	 -42.8297	  172.8727
8.933	 2.53	 1	 -42.4654	  173.1981
8.935	 2.18	 1	 -42.3995	  173.5721
8.936	 2.22	 1	 -42.3297	  173.7286
8.936	 2.29	 1	 -42.9498	  173.0022
8.937	 2.60	 1	 -42.3084	  173.6277
8.943	 2.22	 1	 -41.7046	  174.2603
8.944	 2.73	 1	 -41.6892	  174.1755
8.957	 2.62	 1	 -41.7941	  174.4122
8.958	 2.08	 1	 -41.7276	  174.1575
8.958	 2.14	 1	 -42.2888	  173.6481
8.968	 2.56	 1	 -42.2798	  173.7692
8.968	 2.08	 1	 -42.5536	  173.0712
8.969	 2.19	 1	 -41.7070	  174.2518
8.971	 3.42	 1	 -42.4545	  172.3641
8.976	 3.15	 1	 -42.4815	  173.2182
8.982	 2.26	 1	 -41.7770	  174.3012
8.989	 2.55	 1	 -41.1976	  173.8847
8.992	 2.55	 1	 -42.1784	  173.7931
8.993	 2.08	 1	 -42.0057	  173.2051
8.993	 2.25	 1	 -42.3942	  173.7175
8.996	 2.00	 1	 -42.1632	  174.0925
9.002	 2.25	 1	 -41.7580	  174.1202
9.003	 2.46	 1	 -42.8337	  173.1125
9.004	 2.51	 1	 -42.4802	  173.7645
9.004	 2.32	 1	 -41.7654	  174.3261
9.004	 2.34	 1	 -42.2506	  173.7052
9.008	 2.51	 1	 -42.3417	  173.9292
9.014	 2.98	 1	 -42.0736	  174.4798
9.014	 2.17	 1	 -42.8467	  172.9165
9.018	 2.20	 1	 -42.5447	  173.9675
9.022	 2.63	 1	 -42.1737	  173.2477
9.022	 2.13	 1	 -42.1305	  173.8017
9.024	 2.66	 1	 -42.6159	  173.0632
9.025	 2.02	 1	 -42.3293	  173.7320
9.025	 2.12	 1	 -42.3334	  173.4661
9.026	 2.37	 1	 -42.4162	  173.3025
9.028	 2.42	 1	 -41.6225	  174.4191
9.029	 2.06	 1	 -42.5347	  173.1644
9.030	 2.65	 1	 -42.2566	  173.9020
9.031	 2.69	 1	 -41.7537	  174.1240
9.031	 2.53	 1	 -42.5980	  173.0061
9.031	 2.05	 1	 -40.7536	  174.4726
9.034	 2.34	 1	 -41.7609	  174.2221
9.036	 3.25	 1	 -38.2062	  172.6086
9.036	 3.21	 1	 -42.3329	  173.6031
9.039	 2.17	 1	 -42.3000	  173.7390
9.040	 2.02	 1	 -42.2855	  173.8254
9.040	 2.44	 1	 -41.8382	  174.1982
9.041	 2.34	 1	 -41.5130	  174.3452
9.042	 2.10	 1	 -42.7025	  172.8134
9.043	 2.11	 1	 -41.7755	  174.2510
9.049	 2.40	 1	 -42.4715	  173.2133
9.051	 2.62	 1	 -41.6909	  174.1890
9.052	 2.03	 1	 -41.7014	  174.3670
9.055	 2.22	 1	 -41.7595	  174.3591
9.055	 3.61	 1	 -42.7885	  172.9734
9.055	 2.05	 1	 -41.7125	  174.2402
9.057	 2.06	 1	 -42.4570	  173.3596
9.057	 2.20	 1	 -42.0577	  173.7592
9.058	 2.22	 1	 -42.1881	  173.5718
9.059	 2.41	 1	 -42.3720	  173.1021
9.060	 2.23	 1	 -42.2092	  173.6580
9.061	 2.60	 1	 -41.7692	  174.1599
9.062	 3.19	 1	 -41.9522	  174.2325
9.064	 2.04	 1	 -42.2182	  173.7182
9.065	 2.34	 1	 -42.5121	  172.9185
9.066	 2.87	 1	 -41.7018	  174.2590
9.066	 2.34	 1	 -41.9532	  173.7400
9.069	 2.73	 1	 -41.7407	  174.2813
9.072	 3.37	 1	 -42.3443	  173.8599
9.074	 2.27	 1	 -41.8906	  174.0341
9.075	 2.06	 1	 -41.6745	  174.2054
9.076	 2.19	 1	 -42.5004	  173.2166
9.079	 2.08	 1	 -41.6550	  174.3009
9.080	 2.39	 1	 -42.3648	  173.5384
9.083	 2.01	 1	 -42.5970	  172.8030
9.083	 2.59	 1	 -41.8656	  173.9476
9.084	 2.86	 1	 -42.6743	  172.8157
9.085	 2.71	 1	 -41.7354	  174.2271
9.090	 2.07	 1	 -42.9065	  173.9591
9.092	 2.11	 1	 -42.7134	  173.2009
9.095	 2.29	 1	 -42.2920	  173.3836
9.102	 2.99	 1	 -42.3548	  173.9731
9.103	 2.75	 1	 -37.5119	  172.4578
9.105	 2.49	 1	 -42.4678	  173.1443
9.106	 2.69	 1	 -42.1326	  173.6110
9.108	 2.32	 1	 -42.4194	  173.7564
9.108	 2.20	 1	 -41.8923	  173.7422
9.112	 2.53	 1	 -42.6122	  173.1577
9.112	 2.73	 1	 -42.3155	  173.7151
9.116	 2.03	 1	 -42.4036	  173.3611
9.121	 2.34	 1	 -42.5871	  173.1555
9.122	 2.04	 1	 -42.5877	  173.2394
9.125	 2.88	 1	 -42.3352	  174.0364
9.132	 2.01	 1	 -42.3481	  173.2675
9.134	 3.12	 1	 -42.3210	  173.6216
9.138	 2.42	 1	 -43.4469	  174.7051
9.138	 2.39	 1	 -42.6902	  173.0984
9.141	 2.91	 1	 -41.8533	  174.1791
9.144	 2.45	 1	 -42.1442	  173.7234
9.145	 2.33	 1	 -42.3156	  173.5318
9.147	 2.11	 1	 -41.6112	  172.0614
9.149	 2.33	 1	 -41.5731	  171.9159
9.150	 2.47	 1	 -42.4468	  173.4172
9.155	 2.58	 1	 -41.6126	  174.0748
9.159	 3.35	 1	 -42.0666	  173.7870
9.161	 2.12	 1	 -42.1954	  173.6953
9.162	 2.56	 1	 -42.1550	  174.0411
9.163	 2.21	 1	 -42.4037	  173.1250
9.164	 2.34	 1	 -41.8624	  173.9261
9.164	 3.07	 1	 -42.7346	  173.2337
9.164	 2.03	 1	 -42.6607	  172.9622
9.166	 2.32	 1	 -41.8147	  174.2184
9.169	 2.45	 1	 -42.3886	  173.8447
9.172	 2.09	 1	 -42.3784	  174.2483
9.173	 3.27	 1	 -42.5423	  173.2446
9.176	 2.61	 1	 -42.3309	  173.1349
9.178	 2.34	 1	 -42.2417	  173.8604
9.178	 2.13	 1	 -42.0362	  173.5845
9.179	 3.29	 1	 -42.5280	  173.8846
9.179	 2.04	 1	 -42.4607	  173.2042
9.179	 2.64	 1	 -42.5355	  173.4758
9.180	 2.83	 1	 -42.3538	  174.0016
9.182	 2.93	 1	 -41.8154	  174.2208
9.182	 2.06	 1	 -44.5216	  171.2230
9.186	 2.13	 1	 -42.5292	  173.2151
9.186	 2.83	 1	 -42.4770	  173.9903
9.186	 2.14	 1	 -41.6720	  173.1535
9.189	 2.25	 1	 -42.1730	  173.4965
9.190	 2.17	 1	 -42.8171	  173.2220
9.194	 2.37	 1	 -42.2769	  173.6995
9.195	 2.11	 1	 -42.3087	  173.1245
9.195	 2.09	 1	 -42.7203	  172.9097
9.197	 2.31	 1	 -42.0123	  174.0441
9.198	 2.10	 1	 -41.6906	  174.2443
9.201	 2.98	 1	 -42.1574	  173.5883
9.204	 2.36	 1	 -42.8282	  172.4653
9.204	 2.10	 1	 -41.7877	  174.1753
9.207	 2.03	 1	 -42.3868	  174.1085
9.207	 2.01	 1	 -41.8603	  174.1490
9.214	 2.10	 1	 -42.5598	  173.2654
9.216	 2.31	 1	 -42.5872	  172.8694
9.217	 2.90	 1	 -42.3636	  172.9310
9.221	 2.03	 1	 -41.6878	  174.1754
9.223	 2.52	 1	 -41.9767	  173.7633
9.223	 2.15	 1	 -42.6711	  172.8106
9.226	 2.68	 1	 -42.5301	  173.2146
9.227	 2.48	 1	 -42.6887	  174.4443
9.228	 2.23	 1	 -42.1676	  173.6748
9.232	 3.40	 1	 -42.8481	  173.0939
9.233	 3.43	 1	 -41.7469	  174.2887
9.234	 2.03	 1	 -43.1793	  172.1893
9.235	 2.18	 1	 -42.3917	  173.0435
9.236	 2.27	 1	 -42.4599	  173.4444
9.242	 2.29	 1	 -42.5432	  172.8925
9.246	 2.48	 1	 -42.3148	  173.6946
9.248	 2.02	 1	 -39.0818	  173.5106
9.248	 2.23	 1	 -42.5191	  173.1217
9.254	 2.20	 1	 -42.0361	  174.2689
9.255	 2.12	 1	 -42.2629	  174.1107
9.256	 2.21	 1	 -42.2918	  173.7802
9.260	 2.28	 1	 -42.0156	  173.7626
9.262	 2.01	 1	 -41.7472	  170.3821
9.272	 2.16	 1	 -42.0000	  173.9345
9.273	 4.00	 1	 -41.6592	  173.9805
9.273	 2.74	 1	 -41.6095	  174.0206
9.276	 2.31	 1	 -41.7019	  174.3425
9.278	 2.08	 1	 -42.2962	  173.3717
9.280	 3.00	 1	 -42.5415	  173.1010
9.281	 4.09	 1	 -41.6975	  174.3877
9.283	 2.18	 1	 -41.7345	  174.5301
9.284	 2.52	 1	 -41.6579	  174.2749
9.286	 2.09	 1	 -42.6138	  173.0269
9.290	 2.32	 1	 -42.2472	  173.9143
9.291	 2.39	 1	 -41.8925	  174.1662
9.292	 3.12	 1	 -42.2077	  173.6402
9.295	 2.53	 1	 -42.6573	  172.8969
9.303	 2.13	 1	 -42.4481	  173.3194
9.305	 2.49	 1	 -42.5165	  173.2768
9.308	 2.05	 1	 -42.0515	  172.7997
9.311	 2.49	 1	 -42.0382	  173.7348
9.313	 2.61	 1	 -42.1286	  173.2933
9.314	 2.85	 1	 -41.8827	  173.9221
9.318	 2.22	 1	 -41.7189	  174.2584
9.321	 2.83	 1	 -41.6963	  174.2847
9.321	 2.32	 1	 -42.6491	  173.0739
9.322	 2.10	 1	 -42.2501	  173.0244
9.323	 2.12	 1	 -42.4880	  173.9620
9.324	 2.26	 1	 -42.6412	  172.8779
9.324	 2.66	 1	 -42.0336	  173.8020
9.325	 2.19	 1	 -42.2674	  173.8980
9.330	 2.51	 1	 -42.3261	  173.1215
9.330	 2.19	 1	 -42.5213	  173.1832
9.331	 2.62	 1	 -42.5556	  173.1812
9.333	 2.29	 1	 -42.1596	  173.9229
9.336	 2.02	 1	 -42.4096	  173.8170
9.336	 2.36	 1	 -42.4915	  173.8021
9.338	 3.36	 1	 -41.7358	  174.3388
9.340	 2.81	 1	 -42.0420	  173.8905
9.348	 2.06	 1	 -41.7080	  174.2090
9.351	 2.09	 1	 -42.4415	  174.1051
9.351	 2.53	 1	 -42.5952	  173.3341
9.353	 2.11	 1	 -42.2989	  173.6941
9.353	 2.53	 1	 -42.1448	  173.8544
9.354	 2.22	 1	 -41.6701	  174.2796
9.356	 2.37	 1	 -42.4224	  173.3438
9.357	 2.54	 1	 -42.3098	  172.9991
9.361	 2.33	 1	 -42.6038	  172.8379
9.362	 2.35	 1	 -42.7415	  173.0231
9.365	 3.23	 1	 -42.4092	  174.3705
9.366	 2.09	 1	 -42.6927	  173.1143
9.367	 3.96	 1	 -42.0198	  171.2978
9.369	 2.70	 1	 -41.7064	  174.2555
9.369	 2.67	 1	 -41.7187	  174.1605
9.370	 3.08	 1	 -42.7440	  173.5057
9.370	 2.31	 1	 -42.7854	  173.5041
9.372	 2.69	 1	 -44.2640	  171.4501
9.374	 2.13	 1	 -41.7118	  174.2236
9.378	 2.30	 1	 -42.5996	  172.7240
9.387	 2.40	 1	 -42.5553	  173.0471
9.389	 2.07	 1	 -42.8322	  173.1304
9.392	 2.80	 1	 -42.1913	  173.4415
9.399	 2.08	 1	 -42.5187	  174.6232
9.399	 3.13	 1	 -42.7853	  173.2053
9.403	 2.39	 1	 -42.8202	  173.6439
9.403	 2.48	 1	 -42.3389	  173.9141
9.405	 3.53	 1	 -42.3766	  173.4402
9.405	 2.35	 1	 -41.6980	  174.2374
9.407	 3.04	 1	 -42.5055	  173.5967
9.414	 2.17	 1	 -42.9155	  174.1266
9.415	 2.78	 1	 -42.4569	  173.7955
9.415	 2.27	 1	 -42.1505	  173.4840
9.417	 2.02	 1	 -43.1432	  173.5550
9.419	 2.07	 1	 -41.4878	  174.2817
9.419	 2.94	 1	 -42.4301	  173.3206
9.423	 2.33	 1	 -42.6047	  173.0849
9.425	 2.71	 1	 -42.6602	  172.9811
9.425	 2.00	 1	 -42.9114	  172.9352
9.425	 3.07	 1	 -42.4420	  173.7639
9.426	 3.05	 1	 -42.3344	  173.7424
9.427	 2.98	 1	 -41.7999	  174.2209
9.428	 2.06	 1	 -41.6947	  174.4155
9.429	 2.39	 1	 -41.8097	  174.2874
9.437	 2.42	 1	 -42.0570	  173.6866
9.439	 2.32	 1	 -42.0228	  173.7521
9.439	 2.13	 1	 -42.3619	  173.7976
9.441	 2.42	 1	 -42.1526	  173.1421
9.446	 2.13	 1	 -42.7923	  173.1433
9.449	 2.54	 1	 -42.6413	  172.7806
9.458	 3.00	 1	 -41.3247	  173.2138
9.462	 2.16	 1	 -42.1012	  173.9067
9.462	 2.32	 1	 -42.4034	  173.7834
9.463	 2.14	 1	 -42.5421	  173.5022
9.465	 2.68	 1	 -42.5388	  173.1388
9.468	 2.39	 1	 -42.1381	  173.6619
9.471	 2.08	 1	 -41.8642	  174.1096
9.474	 2.13	 1	 -42.1721	  174.1093
9.475	 2.66	 1	 -42.5575	  172.3460
9.478	 2.75	 1	 -42.0592	  173.6372
9.482	 2.02	 1	 -41.6782	  174.2085
9.483	 2.00	 1	 -42.6607	  173.0425
9.483	 2.48	 1	 -41.7995	  174.2576
9.484	 2.86	 1	 -41.6784	  174.0931
9.485	 2.94	 1	 -41.7638	  174.2214
9.489	 2.38	 1	 -41.7490	  174.2719
9.494	 2.40	 1	 -42.4364	  173.1333
9.499	 2.13	 1	 -42.4054	  173.5273
9.502	 3.85	 1	 -42.2326	  173.6616
9.509	 2.04	 1	 -42.0610	  173.7818
9.510	 2.89	 1	 -41.8883	  174.2724
9.514	 2.20	 1	 -42.1613	  173.6160
9.516	 2.84	 1	 -42.6582	  172.6805
9.519	 2.24	 1	 -42.4408	  173.8615
9.521	 2.93	 1	 -42.2211	  173.7127
9.522	 2.90	 1	 -42.5019	  173.8724
9.530	 2.01	 1	 -41.7193	  174.2462
9.530	 2.05	 1	 -42.4837	  173.7661
9.534	 2.36	 1	 -41.9698	  173.7283
9.534	 2.03	 1	 -41.7118	  174.2921
9.540	 2.08	 1	 -41.9566	  173.8623
9.542	 2.30	 1	 -42.4684	  173.3780
9.542	 3.19	 1	 -42.5071	  173.1543
9.543	 2.23	 1	 -42.0858	  173.6312
9.543	 2.73	 1	 -41.5160	  174.0538
9.548	 2.08	 1	 -42.4681	  173.3522
9.552	 2.21	 1	 -41.8620	  174.0750
9.552	 3.01	 1	 -41.8003	  174.2467
9.552	 2.18	 1	 -42.2494	  172.7684
9.554	 2.60	 1	 -42.2761	  173.6945
9.557	 3.27	 1	 -43.0123	  173.3571
9.558	 2.01	 1	 -42.2913	  173.6029
9.562	 2.00	 1	 -42.5437	  173.3074
9.570	 2.07	 1	 -44.3267	  174.2251
9.570	 2.09	 1	 -42.0051	  173.6947
9.570	 2.14	 1	 -42.6896	  172.6135
9.572	 2.45	 1	 -42.3821	  173.1694
9.576	 2.14	 1	 -42.0725	  173.7909
9.577	 2.08	 1	 -43.5244	  175.0225
9.578	 2.28	 1	 -41.7609	  174.2369
9.578	 2.42	 1	 -42.2467	  173.5753
9.578	 2.05	 1	 -43.5405	  172.4328
9.582	 2.20	 1	 -42.6722	  173.2332
9.585	 2.14	 1	 -40.1712	  172.0944
9.586	 2.08	 1	 -42.4321	  173.4739
9.594	 2.13	 1	 -42.7217	  172.9334
9.594	 3.84	 1	 -42.4888	  173.1800
9.594	 2.87	 1	 -42.4918	  173.3672
9.594	 2.69	 1	 -42.2530	  173.7240
9.596	 2.49	 1	 -41.5299	  175.6989
9.596	 2.61	 1	 -41.7679	  174.2927
9.598	 2.26	 1	 -42.5229	  173.1607
9.599	 2.51	 1	 -42.4427	  173.2881
9.602	 2.54	 1	 -42.4501	  173.4409
9.606	 2.30	 1	 -41.9551	  173.9727
9.609	 2.12	 1	 -41.6993	  174.3668
9.613	 2.05	 1	 -42.1994	  172.9100
9.614	 2.75	 1	 -42.5282	  173.1335
9.615	 2.04	 1	 -41.7074	  174.2002
9.619	 2.73	 1	 -41.7220	  174.2339
9.625	 2.88	 1	 -41.6854	  174.2747
9.626	 2.05	 1	 -42.0931	  174.1664
9.631	 2.26	 1	 -42.0659	  172.8565
9.637	 2.53	 1	 -41.7217	  174.2086
9.638	 2.27	 1	 -42.3559	  172.8625
9.639	 2.45	 1	 -42.1635	  173.6960
9.642	 2.01	 1	 -42.5769	  172.6089
9.643	 2.00	 1	 -42.4584	  173.5399
9.644	 2.24	 1	 -41.6697	  174.3289
9.645	 2.01	 1	 -42.7460	  173.4722
9.646	 2.75	 1	 -41.9074	  174.1889
9.647	 2.42	 1	 -42.1699	  173.6119
9.648	 2.00	 1	 -41.8613	  174.2526
9.649	 2.48	 1	 -41.7040	  174.1998
9.651	 2.09	 1	 -42.6681	  173.2112
9.652	 2.19	 1	 -42.6334	  174.8140
9.653	 2.37	 1	 -42.6648	  172.9527
9.654	 2.16	 1	 -42.6576	  173.3940
9.655	 3.15	 1	 -42.9785	  172.5496
9.658	 2.27	 1	 -44.4070	  174.4794
9.658	 2.36	 1	 -41.7427	  174.1475
9.659	 2.09	 1	 -42.2149	  173.6348
9.659	 3.49	 1	 -41.8305	  174.1913
9.660	 2.90	 1	 -41.7900	  174.0481
9.661	 2.48	 1	 -42.6423	  172.9002
9.664	 2.91	 1	 -42.3730	  172.3520
9.664	 2.93	 1	 -42.5496	  173.2484
9.674	 2.16	 1	 -42.4429	  174.1371
9.678	 2.27	 1	 -42.2021	  173.0711
9.683	 2.58	 1	 -42.2437	  173.8048
9.683	 2.02	 1	 -42.3578	  174.0019
9.684	 2.05	 1	 -41.7310	  174.3646
9.686	 2.55	 1	 -43.1808	  173.7657
9.686	 2.09	 1	 -42.4698	  173.2894
9.686	 2.15	 1	 -41.8594	  174.0860
9.695	 2.68	 1	 -42.2470	  173.6230
9.696	 2.23	 1	 -41.9831	  173.1345
9.697	 2.48	 1	 -42.3031	  173.7397
9.699	 2.66	 1	 -41.7914	  174.4743
9.700	 2.91	 1	 -42.2232	  173.7213
9.703	 2.21	 1	 -41.6938	  174.1743
9.704	 2.20	 1	 -42.7385	  176.9510
9.708	 2.23	 1	 -42.3890	  173.0906
9.709	 2.09	 1	 -42.2888	  173.8500
9.709	 2.01	 1	 -41.9103	  174.2051
9.710	 2.52	 1	 -42.0288	  173.7479
9.717	 2.69	 1	 -42.1511	  173.1464
9.718	 2.76	 1	 -42.4500	  173.8082
9.719	 2.32	 1	 -42.6849	  173.0036
9.720	 2.23	 1	 -42.2143	  173.6450
9.724	 3.60	 1	 -42.4371	  174.1338
9.724	 4.03	 1	 -42.3440	  175.9894
9.725	 3.07	 1	 -41.7331	  174.3153
9.727	 2.61	 1	 -42.2522	  173.6150
9.728	 2.73	 1	 -41.6818	  174.2269
9.731	 2.19	 1	 -41.6913	  174.2835
9.731	 2.19	 1	 -41.9612	  173.9776
9.732	 2.36	 1	 -42.2551	  173.6748
9.738	 2.23	 1	 -42.4166	  172.5329
9.745	 2.49	 1	 -42.3655	  173.9050
9.746	 2.35	 1	 -41.6807	  174.2238
9.750	 2.94	 1	 -41.8845	  173.8869
9.750	 2.85	 1	 -42.3481	  173.9734
9.752	 2.53	 1	 -42.5120	  173.2020
9.755	 3.28	 1	 -42.5251	  173.3842
9.757	 2.76	 1	 -42.3353	  172.6882
9.758	 2.77	 1	 -41.8859	  174.0819
9.760	 2.29	 1	 -42.4179	  173.1843
9.766	 2.02	 1	 -42.8234	  171.8749
9.767	 2.58	 1	 -42.4339	  173.0951
9.767	 2.50	 1	 -42.0050	  173.5759
9.772	 2.47	 1	 -42.3356	  173.7414
9.773	 2.74	 1	 -42.5044	  173.3852
9.774	 2.34	 1	 -42.3768	  173.7644
9.775	 2.37	 1	 -42.4557	  173.2779
9.775	 2.22	 1	 -41.6606	  174.2185
9.777	 2.26	 1	 -41.7890	  174.2400
9.780	 2.56	 1	 -41.8606	  173.5714
9.782	 2.26	 1	 -42.3294	  173.1666
9.789	 2.49	 1	 -42.9334	  173.0124
9.790	 2.26	 1	 -42.1148	  173.6559
9.796	 2.40	 1	 -42.1951	  173.6460
9.800	 2.14	 1	 -41.7893	  174.2086
9.801	 2.72	 1	 -42.2321	  173.0434
9.801	 3.48	 1	 -42.4560	  173.1793
9.805	 2.18	 1	 -42.3081	  173.7914
9.805	 2.01	 1	 -42.5057	  174.6723
9.806	 2.04	 1	 -42.2433	  173.6643
9.810	 2.10	 1	 -41.6761	  174.4193
9.813	 2.05	 1	 -42.5318	  173.0847
9.814	 2.05	 1	 -42.0805	  172.6771
9.818	 2.32	 1	 -42.4792	  174.0584
9.819	 2.03	 1	 -42.0291	  173.8228
9.819	 2.09	 1	 -41.8868	  173.6684
9.820	 2.27	 1	 -41.7108	  174.3379
9.826	 2.74	 1	 -42.7148	  173.0601
9.831	 2.07	 1	 -42.3474	  173.3621
9.833	 2.31	 1	 -42.4744	  173.0762
9.835	 2.52	 1	 -42.3474	  173.3858
9.839	 2.01	 1	 -42.2669	  173.5980
9.839	 2.57	 1	 -41.9997	  173.6254
9.840	 2.18	 1	 -41.7269	  174.3143
9.840	 2.10	 1	 -42.3753	  174.0971
9.842	 2.93	 1	 -42.5380	  173.1116
9.844	 2.81	 1	 -41.7609	  174.3163
9.845	 2.01	 1	 -42.3281	  173.8706
9.845	 3.30	 1	 -42.3812	  173.0829
9.845	 2.13	 1	 -41.8692	  173.9621
9.850	 2.03	 1	 -42.2723	  173.7805
9.854	 2.11	 1	 -41.7326	  174.2089
9.854	 2.10	 1	 -42.0059	  174.0490
9.854	 2.12	 1	 -41.7140	  174.2981
9.870	 3.04	 1	 -42.9808	  173.1980
9.872	 2.05	 1	 -41.6827	  174.3098
9.875	 2.80	 1	 -41.7509	  174.1954
9.876	 2.63	 1	 -42.4464	  173.4905
9.879	 2.10	 1	 -42.4455	  173.1685
9.880	 2.02	 1	 -41.7690	  174.4880
9.883	 2.40	 1	 -43.1162	  173.7712
9.887	 2.57	 1	 -42.2447	  172.7999
9.889	 2.09	 1	 -42.1331	  173.7535
9.890	 2.75	 1	 -42.7074	  173.2405
9.891	 2.13	 1	 -42.3666	  173.7534
9.891	 2.34	 1	 -42.7209	  173.1337
9.899	 2.01	 1	 -41.6823	  174.2449
9.899	 2.14	 1	 -42.7281	  173.2284
9.900	 2.42	 1	 -42.2558	  173.6974
9.904	 2.59	 1	 -41.7152	  174.2973
9.918	 2.36	 1	 -42.1373	  173.7127
9.919	 2.02	 1	 -42.1332	  173.4850
9.922	 2.04	 1	 -42.4407	  173.8316
9.925	 2.72	 1	 -41.7094	  174.2788
9.927	 2.69	 1	 -42.5612	  174.0328
9.930	 2.13	 1	 -42.5151	  173.1464
9.931	 3.62	 1	 -43.3081	  172.7781
9.931	 2.63	 1	 -41.0662	  174.1175
9.932	 2.03	 1	 -42.3239	  174.0171
9.934	 2.43	 1	 -41.8698	  174.2732
9.937	 2.05	 1	 -42.0524	  173.7716
9.938	 2.09	 1	 -41.7710	  174.2082
9.938	 2.05	 1	 -41.7096	  174.3356
9.939	 2.44	 1	 -42.4409	  173.6580
9.941	 2.27	 1	 -42.3761	  173.0624
9.942	 2.67	 1	 -42.4816	  173.2078
9.942	 2.71	 1	 -41.9890	  173.6588
9.945	 2.16	 1	 -42.1386	  173.7345
9.946	 2.12	 1	 -42.4179	  173.3433
9.949	 2.41	 1	 -42.8751	  173.4895
9.950	 2.14	 1	 -41.7406	  174.4422
9.951	 2.54	 1	 -41.7364	  174.3029
9.953	 2.12	 1	 -42.1010	  173.6887
9.959	 2.14	 1	 -42.4832	  173.0076
9.960	 3.80	 1	 -42.2673	  173.8878
9.963	 2.02	 1	 -41.6126	  174.3404
9.963	 2.08	 1	 -42.6068	  173.4158
9.964	 2.54	 1	 -42.4959	  173.2608
9.966	 2.14	 1	 -41.7041	  174.2533
9.968	 2.57	 1	 -42.6240	  173.3534
9.968	 3.54	 1	 -41.7967	  174.2421
9.969	 2.30	 1	 -42.5511	  172.9519
9.974	 2.08	 1	 -42.4066	  173.8087
9.978	 2.02	 1	 -42.2835	  173.7054
9.986	 2.21	 1	 -42.8197	  172.9579
9.992	 2.05	 1	 -42.5115	  173.4834
9.993	 2.07	 1	 -41.7198	  174.2677
9.994	 2.41	 1	 -41.6681	  174.2313
9.997	 2.66	 1	 -41.7407	  174.1683
9.999	 2.06	 1	 -42.1696	  175.4343
10.003	 2.20	 1	 -41.8851	  174.3621
10.004	 2.34	 1	 -42.0027	  173.8530
10.008	 2.37	 1	 -42.1470	  173.9781
10.012	 2.44	 1	 -42.3443	  173.7149
10.014	 2.47	 1	 -42.0417	  172.9036
10.015	 2.37	 1	 -42.3815	  173.8555
10.020	 2.58	 1	 -41.7895	  174.2471
10.022	 2.59	 1	 -42.1500	  173.9429
10.025	 2.13	 1	 -42.6905	  173.1487
10.027	 2.04	 1	 -41.7573	  174.2482
10.028	 2.06	 1	 -43.0184	  172.2166
10.028	 2.66	 1	 -42.5090	  172.9480
10.029	 2.06	 1	 -41.7150	  174.2755
10.030	 3.19	 1	 -41.7636	  174.2850
10.030	 2.03	 1	 -41.8010	  174.2083
10.031	 2.19	 1	 -41.7873	  174.1911
10.037	 2.14	 1	 -41.7127	  174.0253
10.037	 2.18	 1	 -42.1642	  173.8074
10.040	 2.10	 1	 -42.8826	  173.0516
10.045	 3.77	 1	 -42.2334	  173.5442
10.048	 2.35	 1	 -42.1999	  173.7468
10.060	 2.36	 1	 -42.4036	  173.3975
10.060	 2.19	 1	 -42.1355	  173.6319
10.061	 2.79	 1	 -41.4967	  174.0604
10.068	 2.48	 1	 -42.2350	  173.8084
10.075	 2.33	 1	 -42.4468	  172.7086
10.075	 2.01	 1	 -42.6658	  174.1847
10.076	 2.14	 1	 -42.2296	  173.8810
10.077	 2.83	 1	 -42.9704	  173.0568
10.077	 2.06	 1	 -40.6946	  174.3166
10.077	 3.15	 1	 -42.4507	  173.1027
10.078	 3.33	 1	 -42.5724	  173.7490
10.082	 2.16	 1	 -42.2023	  174.0617
10.084	 2.21	 1	 -42.1976	  173.6190
10.090	 2.32	 1	 -42.4431	  173.0444
10.092	 3.42	 1	 -42.7515	  173.0670
10.093	 2.18	 1	 -42.6554	  172.9557
10.093	 2.09	 1	 -42.5031	  173.6193
10.096	 4.60	 1	 -42.2906	  172.8366
10.101	 2.00	 1	 -42.4885	  173.0164
10.103	 3.20	 1	 -41.9455	  174.0770
10.103	 2.41	 1	 -42.6197	  173.2090
10.105	 2.18	 1	 -42.3078	  173.7499
10.109	 2.08	 1	 -42.4666	  173.7920
10.111	 2.56	 1	 -41.6819	  174.2255
10.113	 2.40	 1	 -42.2023	  173.5075
10.113	 3.00	 1	 -42.3698	  174.0222
10.114	 2.51	 1	 -41.8752	  174.2445
10.116	 2.34	 1	 -41.7467	  174.3216
10.117	 2.07	 1	 -41.5686	  174.3051
10.123	 2.97	 1	 -41.7290	  174.2993
10.123	 2.24	 1	 -42.2306	  173.7403
10.125	 2.38	 1	 -42.2982	  173.5666
10.126	 2.06	 1	 -41.6542	  174.2831
10.129	 2.89	 1	 -41.9951	  173.8788
10.135	 2.21	 1	 -41.9779	  166.9821
10.137	 2.30	 1	 -42.6502	  173.3217
10.141	 2.30	 1	 -42.3502	  174.1268
10.142	 2.29	 1	 -39.7157	  168.4369
10.148	 2.06	 1	 -42.6800	  172.1424
10.150	 2.03	 1	 -42.4605	  173.2086
10.151	 3.37	 1	 -41.6250	  174.2557
10.153	 2.75	 1	 -41.8258	  174.2031
10.153	 2.20	 1	 -41.7116	  174.2300
10.154	 2.61	 1	 -42.4447	  173.8156
10.154	 2.49	 1	 -42.2792	  173.5705
10.156	 2.09	 1	 -42.9613	  173.2386
10.158	 2.21	 1	 -41.8603	  174.0071
10.159	 2.34	 1	 -41.8353	  174.1842
10.159	 2.22	 1	 -42.3303	  174.0802
10.168	 2.88	 1	 -41.7073	  174.3046
10.169	 3.60	 1	 -42.8684	  172.8522
10.170	 2.22	 1	 -42.6543	  172.8803
10.171	 2.14	 1	 -42.3358	  173.3312
10.173	 2.19	 1	 -42.2343	  173.5840
10.176	 2.40	 1	 -42.1875	  174.3007
10.183	 2.10	 1	 -42.6406	  172.9631
10.187	 2.70	 1	 -44.1444	  173.1856
10.189	 2.35	 1	 -41.8361	  174.2406
10.190	 2.02	 1	 -42.0957	  173.6988
10.191	 2.85	 1	 -42.4062	  173.8101
10.192	 2.09	 1	 -42.8938	  167.0697
10.198	 2.19	 1	 -42.0632	  173.7193
10.199	 2.55	 1	 -42.4764	  173.7949
10.200	 2.19	 1	 -42.1331	  173.6099
10.200	 2.15	 1	 -42.4079	  173.8649
10.201	 2.93	 1	 -42.5807	  173.1297
10.210	 2.49	 1	 -42.5046	  173.0134
10.211	 2.34	 1	 -42.6347	  173.1678
10.212	 2.72	 1	 -42.0820	  172.8800
10.215	 3.08	 1	 -42.6806	  173.1664
10.218	 2.96	 1	 -41.7299	  174.2528
10.218	 3.24	 1	 -41.8544	  174.2330
10.220	 2.32	 1	 -42.3050	  173.8899
10.225	 2.00	 1	 -41.9767	  173.8257
10.226	 3.04	 1	 -42.7695	  173.2612
10.228	 2.60	 1	 -41.6748	  174.2122
10.230	 2.78	 1	 -42.5112	  173.1553
10.233	 2.69	 1	 -43.2754	  168.6417
10.238	 2.56	 1	 -42.4761	  173.1760
10.238	 2.67	 1	 -42.2923	  173.7166
10.238	 2.37	 1	 -42.2360	  173.6342
10.238	 3.68	 1	 -42.4201	  173.1806
10.239	 2.08	 1	 -42.2589	  173.1363
10.240	 2.19	 1	 -41.6099	  174.3767
10.242	 2.76	 1	 -42.3404	  173.7215
10.243	 2.12	 1	 -42.5866	  173.1460
10.245	 3.94	 1	 -42.2567	  173.6200
10.245	 3.39	 1	 -42.1887	  173.7227
10.249	 2.65	 1	 -41.7594	  174.2926
10.249	 2.05	 1	 -42.5097	  173.1114
10.251	 3.46	 1	 -43.1266	  173.0209
10.266	 2.08	 1	 -42.4065	  173.3805
10.268	 2.33	 1	 -42.2958	  173.7956
10.270	 2.38	 1	 -42.5538	  173.3832
10.275	 3.37	 1	 -41.6933	  173.0986
10.278	 2.07	 1	 -41.7656	  173.9601
10.280	 2.03	 1	 -42.5221	  172.9425
10.280	 2.20	 1	 -42.4750	  173.3855
10.283	 2.37	 1	 -41.4059	  174.7788
10.285	 2.14	 1	 -41.5802	  173.8519
10.290	 2.37	 1	 -42.1204	  173.6804
10.291	 2.70	 1	 -42.2102	  173.9378
10.295	 2.36	 1	 -42.1906	  173.8393
10.299	 2.19	 1	 -42.5754	  173.1789
10.300	 2.21	 1	 -41.9343	  174.0806
10.301	 2.20	 1	 -42.3777	  173.7605
10.303	 2.10	 1	 -42.4623	  173.2563
10.305	 2.03	 1	 -42.2309	  173.6525
10.306	 2.27	 1	 -41.6871	  174.3654
10.306	 2.16	 1	 -41.9009	  173.6322
10.310	 2.92	 1	 -42.2090	  173.7151
10.311	 2.07	 1	 -42.2202	  173.8123
10.317	 2.04	 1	 -42.7168	  172.8269
10.318	 2.20	 1	 -41.6628	  174.2919
10.319	 2.18	 1	 -42.4906	  173.2734
10.319	 2.06	 1	 -41.7202	  174.1724
10.320	 2.12	 1	 -41.6039	  174.3845
10.322	 2.20	 1	 -42.5472	  173.1490
10.322	 2.08	 1	 -42.5488	  173.3844
10.322	 2.08	 1	 -41.7001	  174.2665
10.324	 2.17	 1	 -42.3627	  173.4874
10.326	 3.24	 1	 -42.4199	  174.0231
10.330	 2.11	 1	 -42.9762	  172.7467
10.330	 2.78	 1	 -41.5426	  174.5647
10.331	 2.05	 1	 -41.7218	  174.2318
10.332	 2.37	 1	 -42.4072	  173.0530
10.335	 2.09	 1	 -42.4182	  173.6372
10.338	 2.17	 1	 -42.7655	  172.7155
10.339	 2.42	 1	 -41.6861	  174.2364
10.341	 2.31	 1	 -42.2644	  173.4993
10.344	 2.20	 1	 -41.6099	  171.1620
10.346	 2.22	 1	 -42.4670	  173.0634
10.348	 2.40	 1	 -42.2929	  173.7641
10.349	 2.76	 1	 -41.7675	  174.4327
10.351	 2.47	 1	 -42.5390	  173.0136
10.352	 2.22	 1	 -44.0681	  173.7556
10.356	 2.17	 1	 -41.6883	  174.1015
10.362	 2.24	 1	 -42.0816	  173.8262
10.368	 2.03	 1	 -42.3900	  173.3032
10.370	 2.35	 1	 -42.4879	  173.2790
10.374	 2.20	 1	 -42.6180	  173.1269
10.374	 2.23	 1	 -42.2573	  173.7734
10.380	 2.17	 1	 -41.7378	  174.2617
10.380	 2.01	 1	 -42.6736	  172.8857
10.381	 2.40	 1	 -41.9666	  173.8119
10.381	 2.11	 1	 -41.9806	  173.8501
10.383	 2.22	 1	 -42.2794	  173.8595
10.383	 2.25	 1	 -41.9602	  173.6229
10.384	 2.41	 1	 -42.3651	  174.1371
10.387	 2.26	 1	 -41.9876	  173.7652
10.388	 2.12	 1	 -41.7304	  174.2503
10.388	 2.58	 1	 -42.2553	  173.6991
10.390	 3.22	 1	 -42.9979	  173.6778
10.392	 2.14	 1	 -42.4136	  173.5605
10.395	 2.11	 1	 -41.7596	  174.2971
10.395	 2.27	 1	 -42.1934	  174.1678
10.403	 2.15	 1	 -42.2769	  173.1396
10.404	 2.14	 1	 -42.6771	  172.8215
10.406	 2.24	 1	 -41.7484	  174.4138
10.409	 2.02	 1	 -41.7137	  174.3202
10.415	 2.71	 1	 -42.6085	  173.1474
10.415	 2.40	 1	 -42.0265	  173.3525
10.415	 2.37	 1	 -42.4867	  173.1151
10.417	 2.78	 1	 -42.2374	  173.5330
10.419	 3.08	 1	 -42.0943	  173.1003
10.420	 2.20	 1	 -42.2819	  173.8581
10.421	 2.34	 1	 -42.5498	  173.6422
10.429	 2.11	 1	 -41.7282	  174.3300
10.429	 2.14	 1	 -42.2998	  173.0959
10.435	 2.77	 1	 -42.7325	  172.9489
10.436	 2.28	 1	 -42.1519	  173.5514
10.437	 2.13	 1	 -42.4986	  173.2973
10.440	 2.13	 1	 -42.2415	  173.8334
10.442	 2.31	 1	 -42.0742	  173.5559
10.445	 2.67	 1	 -42.2425	  173.6777
10.447	 2.26	 1	 -45.0879	  170.3867
10.449	 2.12	 1	 -42.4045	  172.2881
10.449	 2.18	 1	 -41.9361	  174.1279
10.452	 2.02	 1	 -42.1683	  173.7762
10.454	 2.71	 1	 -41.7167	  174.3422
10.455	 2.26	 1	 -42.3819	  172.7107
10.458	 2.46	 1	 -42.4957	  173.1100
10.463	 2.95	 1	 -42.5565	  173.3884
10.463	 2.11	 1	 -42.4718	  173.3386
10.470	 2.64	 1	 -41.6336	  174.1344
10.470	 2.26	 1	 -41.5417	  174.2291
10.474	 2.96	 1	 -41.7418	  174.2588
10.476	 2.11	 1	 -41.7626	  174.2149
10.479	 2.15	 1	 -41.7810	  174.3120
10.480	 2.72	 1	 -42.2540	  173.6945
10.485	 2.36	 1	 -41.4595	  173.5077
10.489	 2.93	 1	 -42.2361	  173.8961
10.493	 2.58	 1	 -42.8246	  173.0326
10.497	 2.67	 1	 -41.7551	  174.3729
10.499	 2.14	 1	 -41.6737	  174.2427
10.504	 2.13	 1	 -42.9168	  173.9573
10.505	 2.18	 1	 -41.9526	  174.0078
10.506	 2.05	 1	 -42.5560	  173.1660
10.508	 3.65	 1	 -41.6681	  174.3585
10.510	 2.08	 1	 -42.4900	  172.8685
10.514	 2.34	 1	 -41.8186	  174.1711
10.515	 2.30	 1	 -42.5187	  173.1614
10.516	 3.04	 1	 -42.6702	  172.7381
10.518	 3.07	 1	 -42.4762	  173.1104
10.519	 2.78	 1	 -42.5619	  173.9706
10.519	 3.34	 1	 -42.3785	  173.9199
10.524	 2.43	 1	 -42.5141	  173.1623
10.525	 3.27	 1	 -42.7014	  172.6603
10.525	 3.11	 1	 -42.2274	  173.9144
10.531	 2.15	 1	 -42.4118	  173.8340
10.534	 2.75	 1	 -42.3985	  172.8240
10.539	 2.76	 1	 -42.3407	  173.3477
10.540	 2.23	 1	 -42.5087	  173.0933
10.541	 2.14	 1	 -42.3919	  173.9328
10.541	 2.37	 1	 -42.2964	  173.6585
10.543	 2.46	 1	 -41.6605	  174.2914
10.544	 2.11	 1	 -42.6320	  172.9698
10.548	 2.46	 1	 -42.0806	  174.4204
10.550	 2.80	 1	 -41.6840	  174.1484
10.550	 2.26	 1	 -41.8456	  173.9690
10.552	 2.12	 1	 -42.2813	  171.5094
10.556	 2.23	 1	 -42.6859	  172.9511
10.570	 2.22	 1	 -41.4256	  178.6346
10.570	 2.74	 1	 -42.2383	  173.6118
10.570	 2.16	 1	 -42.5380	  172.7603
10.570	 2.06	 1	 -41.6037	  174.4046
10.573	 2.31	 1	 -42.7221	  173.2114
10.574	 2.10	 1	 -41.8051	  174.2220
10.580	 2.20	 1	 -41.9595	  174.0348
10.584	 2.35	 1	 -42.3574	  173.9069
10.586	 2.04	 1	 -41.7687	  174.2550
10.590	 3.01	 1	 -42.6714	  173.0685
10.592	 2.07	 1	 -42.6120	  172.9886
10.599	 2.42	 1	 -41.6614	  174.3438
10.603	 2.07	 1	 -42.4600	  173.0389
10.608	 2.50	 1	 -41.8162	  173.7982
10.613	 2.00	 1	 -42.1339	  173.5237
10.614	 2.52	 1	 -42.1928	  173.6615
10.617	 2.54	 1	 -42.7686	  172.9960
10.618	 2.30	 1	 -41.6955	  174.3745
10.619	 2.49	 1	 -41.7894	  174.2604
10.625	 2.13	 1	 -42.4743	  172.9691
10.625	 2.70	 1	 -42.0323	  173.8846
10.629	 2.26	 1	 -42.2715	  173.9954
10.632	 2.14	 1	 -42.6620	  172.8987
10.636	 2.06	 1	 -41.9552	  173.8242
10.637	 2.10	 1	 -42.9258	  173.6278
10.638	 2.14	 1	 -42.0412	  173.6996
10.638	 2.70	 1	 -42.2172	  173.0503
10.642	 2.32	 1	 -42.5967	  173.1137
10.643	 2.21	 1	 -42.3428	  174.0570
10.644	 2.05	 1	 -42.7897	  173.2266
10.645	 2.37	 1	 -41.8234	  169.9283
10.647	 2.15	 1	 -42.8208	  172.7715
10.648	 3.01	 1	 -42.6764	  173.5188
10.650	 2.53	 1	 -42.0176	  173.6972
10.653	 2.02	 1	 -41.9068	  173.9985
10.658	 2.06	 1	 -42.4596	  173.1897
10.660	 2.07	 1	 -42.5780	  174.0094
10.661	 2.83	 1	 -42.8155	  173.2978
10.661	 2.64	 1	 -42.0217	  174.0122
10.665	 2.20	 1	 -41.8074	  174.2814
10.667	 2.02	 1	 -42.1566	  173.8985
10.667	 2.20	 1	 -41.7830	  174.3297
10.669	 2.46	 1	 -42.1948	  173.4802
10.671	 2.63	 1	 -43.2482	  174.2897
10.671	 2.54	 1	 -41.7531	  174.2793
10.672	 4.81	 1	 -42.0329	  173.9917
10.673	 2.45	 1	 -42.6290	  172.9542
10.678	 2.77	 1	 -42.5076	  173.2879
10.678	 2.08	 1	 -41.6934	  174.2528
10.680	 2.79	 1	 -42.0667	  173.7090
10.682	 2.08	 1	 -42.5106	  173.1039
10.684	 2.07	 1	 -42.2281	  173.7871
10.689	 2.08	 1	 -42.9940	  177.0205
10.690	 2.35	 1	 -42.0893	  173.3881
10.697	 2.05	 1	 -42.4681	  173.3338
10.699	 4.36	 1	 -41.6974	  174.2786
10.699	 2.39	 1	 -41.6933	  174.2960
10.700	 2.17	 1	 -41.7895	  174.0233
10.703	 2.95	 1	 -41.7681	  174.2357
10.718	 2.16	 1	 -43.2647	  172.3585
10.720	 2.79	 1	 -42.5414	  172.9144
10.723	 2.12	 1	 -41.2555	  175.1723
10.728	 2.14	 1	 -42.4775	  173.3461
10.729	 2.56	 1	 -41.6403	  174.2822
10.732	 2.23	 1	 -42.5766	  173.1713
10.734	 2.41	 1	 -41.7679	  173.0768
10.735	 2.19	 1	 -42.4499	  173.3065
10.736	 2.08	 1	 -41.6850	  174.1370
10.743	 2.01	 1	 -41.6675	  174.2479
10.745	 2.25	 1	 -42.2544	  173.6191
10.745	 2.77	 1	 -41.7031	  174.1850
10.746	 2.10	 1	 -42.7424	  173.0054
10.748	 2.23	 1	 -42.4268	  173.1357
10.752	 2.13	 1	 -41.6534	  174.2641
10.755	 2.60	 1	 -42.6760	  172.8355
10.758	 2.42	 1	 -41.7579	  174.2145
10.758	 2.68	 1	 -42.6821	  172.7450
10.759	 2.31	 1	 -41.6782	  174.2340
10.761	 2.37	 1	 -42.1665	  173.9825
10.771	 2.13	 1	 -42.3837	  173.5196
10.773	 2.18	 1	 -42.4657	  173.9816
10.773	 2.49	 1	 -42.4454	  173.4011
10.775	 2.15	 1	 -42.6567	  172.9393
10.777	 2.02	 1	 -42.4103	  173.2114
10.778	 2.20	 1	 -42.4836	  173.1088
10.785	 2.27	 1	 -42.1609	  173.9041
10.786	 2.63	 1	 -42.4746	  173.3211
10.791	 2.40	 1	 -42.4155	  173.7978
10.793	 2.24	 1	 -42.6346	  172.8820
10.794	 2.23	 1	 -42.2656	  173.7484
10.805	 2.10	 1	 -41.7026	  174.1952
10.807	 2.54	 1	 -42.6739	  172.8872
10.811	 2.32	 1	 -41.9005	  174.2543
10.820	 2.26	 1	 -42.3488	  173.8105
10.821	 2.86	 1	 -42.2228	  173.7548
10.821	 2.19	 1	 -42.2269	  173.4155
10.824	 2.35	 1	 -42.1301	  173.9834
10.829	 2.30	 1	 -42.2132	  173.6127
10.830	 2.34	 1	 -41.7545	  174.3342
10.832	 2.08	 1	 -41.6519	  174.3740
10.833	 2.01	 1	 -41.7176	  174.3724
10.836	 2.02	 1	 -41.6397	  174.2812
10.845	 3.23	 1	 -41.9655	  174.0400
10.846	 2.27	 1	 -41.7242	  174.1574
10.846	 2.53	 1	 -42.6549	  172.6136
10.849	 2.67	 1	 -41.6832	  174.2187
10.852	 2.66	 1	 -42.4040	  173.6905
10.854	 2.28	 1	 -42.6483	  173.0360
10.854	 2.34	 1	 -41.6589	  174.2177
10.855	 2.01	 1	 -41.6611	  174.2009
10.855	 2.60	 1	 -42.6625	  173.4442
10.856	 2.05	 1	 -41.7204	  174.3541
10.857	 2.03	 1	 -42.4348	  173.5113
10.860	 2.02	 1	 -42.3546	  172.9125
10.861	 2.77	 1	 -42.7205	  172.9498
10.866	 2.26	 1	 -42.4530	  173.3493
10.868	 3.62	 1	 -41.8906	  174.0460
10.869	 2.21	 1	 -42.7240	  172.7710
10.871	 2.57	 1	 -41.7754	  174.2809
10.872	 2.45	 1	 -41.7519	  174.4157
10.873	 2.39	 1	 -41.9625	  174.1168
10.887	 2.91	 1	 -42.1638	  173.7379
10.890	 2.22	 1	 -43.9055	  174.7630
10.891	 2.19	 1	 -42.4184	  173.3799
10.892	 2.22	 1	 -41.7499	  174.2744
10.893	 2.02	 1	 -42.0550	  173.6616
10.895	 2.10	 1	 -42.6879	  173.0997
10.904	 2.72	 1	 -41.9449	  174.3007
10.907	 2.42	 1	 -41.6663	  174.2712
10.911	 2.16	 1	 -42.6165	  173.2897
10.919	 2.35	 1	 -42.5712	  173.2259
10.919	 2.70	 1	 -42.3151	  173.8363
10.920	 2.47	 1	 -42.5013	  173.2419
10.920	 2.27	 1	 -42.3087	  173.7272
10.920	 2.18	 1	 -42.6677	  173.3600
10.922	 2.00	 1	 -42.4122	  173.7762
10.932	 2.02	 1	 -42.1453	  173.7620
10.939	 2.04	 1	 -44.5105	  178.6177
10.946	 2.57	 1	 -42.5056	  173.2391
10.956	 2.42	 1	 -42.3311	  173.7056
10.958	 2.43	 1	 -41.6748	  174.1638
10.963	 2.37	 1	 -41.9460	  173.9698
10.963	 2.41	 1	 -39.8552	  174.9806
10.964	 2.11	 1	 -41.7038	  174.2762
10.969	 2.08	 1	 -41.7837	  174.4304
10.970	 3.51	 1	 -42.5767	  172.7819
10.974	 2.54	 1	 -42.4737	  173.1461
10.976	 2.28	 1	 -41.7592	  174.1457
10.979	 2.28	 1	 -42.7168	  173.1237
10.979	 2.28	 1	 -42.2830	  173.5812
10.985	 2.18	 1	 -41.7715	  174.3241
10.990	 2.38	 1	 -41.7637	  174.1974
10.992	 2.07	 1	 -42.5031	  173.2500
10.998	 2.04	 1	 -42.0791	  173.7840
10.998	 4.17	 1	 -42.3239	  173.9151
11.004	 2.07	 1	 -42.3000	  174.0517
11.004	 2.40	 1	 -42.1450	  173.8318
11.005	 2.09	 1	 -42.6310	  173.0587
11.005	 2.21	 1	 -42.2524	  173.5177
11.005	 2.33	 1	 -41.6781	  174.1823
11.005	 2.23	 1	 -42.5625	  174.4570
11.006	 2.43	 1	 -42.7513	  172.9530
11.006	 2.89	 1	 -42.7281	  173.3072
11.007	 2.45	 1	 -42.1524	  173.5700
11.012	 3.04	 1	 -41.7099	  174.1515
11.012	 2.80	 1	 -41.7447	  173.9094
11.012	 2.15	 1	 -42.5760	  173.0492
11.015	 2.11	 1	 -42.3055	  173.5735
11.017	 2.04	 1	 -42.5121	  173.3747
11.024	 2.25	 1	 -41.8189	  174.2638
11.025	 2.74	 1	 -43.2225	  172.3760
11.027	 2.33	 1	 -42.2790	  173.6517
11.028	 2.07	 1	 -41.9577	  173.4917
11.033	 2.43	 1	 -42.8920	  173.6819
11.037	 3.53	 1	 -42.1896	  173.4762
11.039	 2.65	 1	 -41.8008	  173.8167
11.042	 2.24	 1	 -39.5634	  173.2453
11.043	 2.09	 1	 -42.8132	  172.8888
11.043	 2.07	 1	 -42.2856	  173.7340
11.043	 2.34	 1	 -42.6068	  172.6243
11.044	 2.07	 1	 -41.7439	  174.2951
11.044	 2.02	 1	 -42.2703	  173.6308
11.048	 4.02	 1	 -41.9995	  173.7815
11.049	 3.49	 1	 -42.3557	  174.0660
11.050	 2.02	 1	 -41.9771	  174.0536
11.051	 2.03	 1	 -42.4502	  173.0086
11.052	 2.49	 1	 -42.4234	  173.3062
11.056	 2.52	 1	 -42.7154	  173.5504
11.057	 2.38	 1	 -41.6687	  174.2110
11.060	 2.70	 1	 -42.2342	  173.5708
11.060	 2.77	 1	 -41.9690	  173.7880
11.067	 2.08	 1	 -41.8734	  173.9473
11.070	 2.45	 1	 -42.3216	  173.6915
11.071	 2.09	 1	 -40.3632	  174.1110
11.072	 2.84	 1	 -42.5511	  173.3907
11.075	 2.22	 1	 -42.5189	  173.0290
11.079	 2.91	 1	 -41.7166	  174.5756
11.081	 2.24	 1	 -42.5361	  173.9060
11.084	 2.16	 1	 -42.3465	  173.4497
11.088	 2.10	 1	 -42.1596	  173.8786
11.090	 2.08	 1	 -42.4286	  173.7489
11.100	 2.32	 1	 -41.7754	  174.1672
11.100	 2.69	 1	 -40.5178	  174.5448
11.107	 2.15	 1	 -42.3104	  173.9463
11.107	 2.84	 1	 -41.5990	  173.4480
11.110	 2.07	 1	 -41.6944	  174.4122
11.110	 2.35	 1	 -41.7055	  174.1983
11.111	 2.83	 1	 -41.6548	  174.2135
11.111	 2.10	 1	 -42.5576	  172.9870
11.113	 2.24	 1	 -41.8218	  174.2218
11.117	 2.00	 1	 -42.4307	  173.2355
11.119	 2.02	 1	 -42.7808	  173.3929
11.120	 2.01	 1	 -42.5152	  173.0040
11.125	 2.47	 1	 -42.4171	  173.0957
11.130	 2.24	 1	 -40.9148	  178.6416
11.132	 2.56	 1	 -42.5413	  173.0505
11.134	 2.32	 1	 -42.8438	  174.5165
11.137	 2.23	 1	 -42.6569	  173.2789
11.143	 2.01	 1	 -42.7349	  173.3089
11.146	 2.98	 1	 -42.3859	  173.1284
11.149	 2.47	 1	 -41.7672	  174.1854
11.156	 2.05	 1	 -41.6758	  174.2921
11.159	 2.48	 1	 -42.0722	  173.3111
11.161	 2.32	 1	 -41.6408	  174.3812
11.162	 2.92	 1	 -41.7883	  174.2068
11.163	 2.74	 1	 -41.9175	  174.1403
11.165	 2.20	 1	 -41.6810	  174.2547
11.172	 2.63	 1	 -42.6105	  172.9298
11.172	 2.04	 1	 -41.7516	  174.2312
11.176	 2.08	 1	 -42.2471	  173.0437
11.178	 2.53	 1	 -42.7387	  172.8829
11.178	 3.23	 1	 -42.5403	  173.1351
11.182	 2.60	 1	 -42.3284	  173.4631
11.193	 2.03	 1	 -42.0655	  173.7809
11.194	 2.35	 1	 -42.3510	  173.4159
11.198	 2.18	 1	 -41.7913	  173.7640
11.204	 2.10	 1	 -41.0730	  173.9179
11.205	 2.34	 1	 -41.9030	  173.6158
11.207	 2.27	 1	 -41.6667	  174.4098
11.212	 2.14	 1	 -42.7577	  172.8015
11.215	 2.26	 1	 -42.2509	  173.6005
11.218	 2.11	 1	 -41.6537	  174.2439
11.230	 2.31	 1	 -42.2975	  174.3895
11.231	 3.32	 1	 -41.7440	  174.3244
11.233	 2.21	 1	 -42.3292	  173.8757
11.236	 2.44	 1	 -42.3590	  174.0117
11.243	 3.42	 1	 -42.1111	  173.8369
11.245	 2.16	 1	 -41.9681	  173.6381
11.246	 2.11	 1	 -42.6208	  174.7713
11.246	 2.57	 1	 -42.1254	  173.7762
11.250	 2.32	 1	 -42.2221	  173.5171
11.251	 3.02	 1	 -41.7134	  174.3872
11.258	 2.56	 1	 -42.5484	  172.9705
11.259	 2.12	 1	 -42.1414	  173.5711
11.266	 2.16	 1	 -42.5520	  173.0639
11.267	 2.46	 1	 -41.6848	  174.4593
11.275	 2.52	 1	 -42.5914	  173.0540
11.279	 2.16	 1	 -41.7155	  174.3749
11.282	 2.29	 1	 -42.3505	  173.9305
11.284	 2.33	 1	 -41.9586	  173.6790
11.286	 2.04	 1	 -42.2677	  173.6726
11.288	 2.76	 1	 -40.1214	  179.0260
11.296	 2.41	 1	 -42.3315	  173.9323
11.301	 2.13	 1	 -41.8871	  173.7456
11.303	 2.41	 1	 -41.8947	  173.7374
11.307	 2.58	 1	 -42.3759	  173.9269
11.308	 2.05	 1	 -42.7443	  173.2056
11.309	 2.06	 1	 -41.6738	  174.0246
11.310	 2.18	 1	 -42.5219	  173.0854
11.310	 2.10	 1	 -41.7086	  174.2987
11.313	 2.49	 1	 -42.8348	  173.1869
11.314	 2.04	 1	 -41.0556	  167.3241
11.315	 2.51	 1	 -42.4791	  173.0901
11.317	 3.23	 1	 -42.5287	  173.1603
11.317	 2.06	 1	 -42.2364	  173.6940
11.317	 2.04	 1	 -41.7127	  174.2271
11.321	 2.87	 1	 -42.3607	  172.4509
11.328	 2.55	 1	 -41.7182	  174.1678
11.335	 2.00	 1	 -41.9923	  173.7542
11.340	 2.14	 1	 -42.3524	  173.0353
11.341	 2.83	 1	 -42.3823	  173.2155
11.341	 2.92	 1	 -42.6365	  172.8912
11.344	 2.35	 1	 -42.1858	  173.0463
11.344	 2.31	 1	 -42.3135	  173.9214
11.347	 2.37	 1	 -42.5457	  173.3109
11.349	 2.25	 1	 -42.4694	  173.3171
11.350	 2.04	 1	 -41.8628	  173.9209
11.352	 2.05	 1	 -42.2606	  173.9397
11.352	 2.39	 1	 -42.3474	  173.6225
11.353	 2.52	 1	 -41.6692	  174.4566
11.354	 2.32	 1	 -42.2300	  173.9370
11.356	 2.15	 1	 -41.0186	  180.3654
11.357	 2.17	 1	 -41.7953	  174.0208
11.357	 2.06	 1	 -41.5202	  174.4983
11.358	 2.27	 1	 -42.8668	  174.1608
11.360	 2.04	 1	 -41.6539	  174.2721
11.372	 2.02	 1	 -42.0629	  173.5969
11.376	 2.05	 1	 -41.7565	  174.2564
11.377	 2.97	 1	 -40.1447	  167.9811
11.378	 2.14	 1	 -42.4600	  172.9531
11.386	 2.32	 1	 -41.9580	  173.7174
11.388	 3.63	 1	 -42.4250	  173.0830
11.389	 2.07	 1	 -41.7468	  174.2059
11.398	 2.50	 1	 -42.4836	  173.0439
11.398	 2.38	 1	 -42.3534	  173.9323
11.401	 2.03	 1	 -43.6479	  179.6662
11.402	 2.46	 1	 -41.6589	  174.2821
11.402	 3.48	 1	 -41.5630	  174.1094
11.404	 2.30	 1	 -42.4191	  173.1864
11.408	 2.22	 1	 -41.7337	  174.3887
11.417	 3.60	 1	 -42.4869	  173.4063
11.420	 2.83	 1	 -42.0021	  173.6279
11.420	 2.57	 1	 -42.6554	  172.8017
11.428	 2.42	 1	 -42.7404	  171.8943
11.431	 2.45	 1	 -42.9050	  172.9463
11.432	 2.59	 1	 -42.4609	  172.8102
11.442	 2.83	 1	 -42.4204	  173.2892
11.442	 2.00	 1	 -42.2481	  173.6983
11.443	 2.92	 1	 -41.8571	  173.7564
11.445	 2.04	 1	 -42.2884	  173.8829
11.448	 2.08	 1	 -43.0397	  179.0074
11.450	 2.48	 1	 -42.5390	  172.8642
11.450	 2.28	 1	 -43.2007	  173.1695
11.456	 2.69	 1	 -42.4330	  172.2264
11.460	 2.62	 1	 -42.3912	  173.5344
11.462	 2.23	 1	 -42.7379	  173.6771
11.469	 2.11	 1	 -42.3123	  173.8589
11.470	 2.10	 1	 -41.9213	  173.6956
11.472	 2.21	 1	 -43.0825	  174.0912
11.475	 2.74	 1	 -41.8110	  174.1702
11.476	 2.74	 1	 -42.4730	  173.9834
11.478	 2.29	 1	 -41.8312	  174.1574
11.483	 2.17	 1	 -42.5331	  172.8329
11.483	 2.25	 1	 -41.8317	  174.1706
11.483	 2.50	 1	 -42.5332	  173.8289
11.484	 2.18	 1	 -41.9787	  173.4299
11.489	 2.09	 1	 -42.6285	  173.9419
11.491	 2.47	 1	 -41.9748	  173.5969
11.494	 2.19	 1	 -41.6202	  173.5718
11.495	 2.17	 1	 -42.4423	  172.8724
11.495	 2.20	 1	 -42.3632	  173.8499
11.496	 2.12	 1	 -42.8606	  173.2014
11.500	 2.51	 1	 -41.7096	  174.2366
11.507	 2.79	 1	 -42.9009	  172.9036
11.508	 2.37	 1	 -41.6927	  174.1536
11.510	 2.02	 1	 -42.4291	  173.3335
11.511	 2.78	 1	 -41.7506	  174.2809
11.512	 2.09	 1	 -42.8535	  173.1063
11.514	 3.14	 1	 -41.8660	  173.9993
11.522	 3.42	 1	 -42.5464	  173.0040
11.523	 3.52	 1	 -40.8652	  172.5542
11.528	 2.01	 1	 -42.9540	  173.2408
11.539	 2.11	 1	 -42.7883	  173.0295
11.546	 2.16	 1	 -42.3015	  173.6598
11.547	 2.37	 1	 -42.6082	  173.3834
11.550	 2.04	 1	 -42.2178	  173.6265
11.551	 2.32	 1	 -42.6405	  173.8601
11.556	 3.00	 1	 -42.5824	  174.2778
11.562	 2.44	 1	 -41.7382	  174.2259
11.569	 2.11	 1	 -42.1335	  173.3994
11.570	 2.43	 1	 -42.1566	  173.6355
11.573	 2.35	 1	 -42.3740	  173.7695
11.575	 3.22	 1	 -42.7312	  172.6765
11.577	 2.42	 1	 -41.9319	  174.3572
11.578	 2.28	 1	 -42.3122	  173.6925
11.580	 2.63	 1	 -41.6923	  174.2664
11.581	 2.26	 1	 -41.9256	  173.9525
11.599	 2.08	 1	 -41.6900	  173.4854
11.603	 2.03	 1	 -41.8269	  174.1524
11.605	 2.32	 1	 -42.5530	  173.1245
11.616	 2.13	 1	 -41.7464	  174.2610
11.617	 2.58	 1	 -41.7770	  174.1075
11.625	 2.19	 1	 -42.2443	  173.7973
11.626	 2.10	 1	 -41.7614	  174.2038
11.629	 3.26	 1	 -42.6097	  173.0711
11.629	 2.86	 1	 -42.2263	  173.8726
11.629	 2.42	 1	 -42.2234	  173.7946
11.632	 2.48	 1	 -42.5838	  173.1114
11.632	 2.16	 1	 -42.5962	  173.1389
11.634	 2.16	 1	 -40.8817	  173.8277
11.635	 2.69	 1	 -42.8077	  172.7014
11.635	 2.24	 1	 -42.8132	  175.7454
11.636	 2.03	 1	 -41.7427	  174.2806
11.637	 2.17	 1	 -43.4440	  167.9738
11.640	 2.59	 1	 -42.0050	  173.7094
11.643	 2.18	 1	 -42.2482	  173.6547
11.648	 2.18	 1	 -42.1774	  173.6892
11.654	 2.15	 1	 -42.5363	  172.6125
11.655	 2.83	 1	 -42.3214	  173.8347
11.655	 2.05	 1	 -42.1602	  173.3416
11.656	 2.13	 1	 -42.3900	  174.0021
11.659	 2.15	 1	 -42.2663	  173.5791
11.660	 3.22	 1	 -42.2992	  172.9351
11.662	 2.61	 1	 -40.9174	  176.4036
11.669	 2.47	 1	 -41.8957	  174.2274
11.679	 2.13	 1	 -40.8587	  174.3123
11.681	 2.01	 1	 -42.4369	  173.2570
11.681	 2.45	 1	 -42.6627	  173.3735
11.681	 2.70	 1	 -42.5981	  173.1332
11.683	 2.19	 1	 -42.3052	  173.4072
11.683	 2.25	 1	 -42.3471	  173.6717
11.686	 2.63	 1	 -41.8314	  174.3183
11.690	 2.52	 1	 -42.0681	  173.7077
11.693	 2.66	 1	 -41.8151	  174.2117
11.695	 2.01	 1	 -42.3183	  173.4335
11.695	 2.13	 1	 -41.9494	  173.8652
11.698	 2.26	 1	 -42.2607	  173.6476
11.699	 2.30	 1	 -42.4396	  173.4395
11.705	 2.03	 1	 -42.4112	  173.2907
11.706	 2.34	 1	 -41.8932	  173.9848
11.714	 2.91	 1	 -42.4870	  173.0226
11.714	 2.13	 1	 -42.3894	  172.9450
11.715	 3.16	 1	 -41.6857	  174.2188
11.717	 2.05	 1	 -42.5224	  173.3602
11.722	 2.22	 1	 -42.1355	  173.8009
11.723	 2.14	 1	 -41.7954	  174.0377
11.723	 2.24	 1	 -42.2638	  173.7504
11.730	 2.16	 1	 -41.7444	  174.1992
11.733	 3.00	 1	 -42.6759	  171.7148
11.751	 2.24	 1	 -41.7267	  174.4153
11.752	 2.34	 1	 -41.7125	  174.2293
11.753	 2.12	 1	 -41.5554	  174.4167
11.762	 2.99	 1	 -41.7210	  174.2437
11.767	 2.39	 1	 -43.3142	  172.8844
11.767	 2.58	 1	 -41.9707	  173.6797
11.767	 2.24	 1	 -42.9653	  173.2983
11.770	 3.40	 1	 -42.3392	  173.8779
11.772	 2.12	 1	 -42.5220	  173.0151
11.775	 2.08	 1	 -43.0886	  173.8307
11.781	 2.67	 1	 -42.3367	  173.4377
11.781	 2.23	 1	 -42.7246	  172.5771
11.787	 3.32	 1	 -42.4772	  173.0639
11.791	 2.39	 1	 -42.6121	  173.0463
11.793	 2.60	 1	 -42.5978	  173.1392
11.793	 2.19	 1	 -42.1731	  173.6037
11.794	 2.46	 1	 -42.3475	  173.8181
11.797	 2.31	 1	 -42.0487	  174.0179
11.798	 2.19	 1	 -42.0679	  173.7509
11.800	 2.58	 1	 -42.4117	  176.0489
11.801	 2.07	 1	 -42.6804	  172.8496
11.807	 2.12	 1	 -41.7609	  174.3041
11.808	 2.38	 1	 -42.5058	  173.3675
11.818	 2.10	 1	 -42.6605	  172.9647
11.821	 2.37	 1	 -42.1709	  174.1215
11.824	 2.10	 1	 -42.7890	  173.1937
11.826	 2.28	 1	 -42.3640	  173.7715
11.829	 2.79	 1	 -42.8100	  172.7728
11.829	 2.06	 1	 -42.6442	  172.9540
11.837	 3.12	 1	 -42.2977	  173.7997
11.839	 2.05	 1	 -42.4851	  173.3384
11.840	 2.01	 1	 -42.1899	  173.6415
11.840	 2.25	 1	 -42.4875	  173.1675
11.841	 2.89	 1	 -41.7873	  174.1819
11.846	 2.28	 1	 -42.5360	  173.1496
11.848	 2.57	 1	 -42.4738	  173.3427
11.849	 2.49	 1	 -41.7093	  174.2151
11.858	 2.18	 1	 -42.2957	  174.4376
11.859	 3.01	 1	 -42.3659	  173.6098
11.859	 2.57	 1	 -41.6633	  174.2884
11.867	 2.15	 1	 -43.5812	  173.3619
11.868	 2.18	 1	 -42.5953	  173.2623
11.870	 3.89	 1	 -42.4724	  173.1305
11.872	 2.26	 1	 -42.4638	  173.7431
11.873	 2.70	 1	 -41.9807	  174.1244
11.873	 2.03	 1	 -42.3087	  173.7682
11.875	 2.74	 1	 -42.7481	  173.3300
11.879	 4.13	 1	 -42.3847	  173.3383
11.889	 4.14	 1	 -41.6347	  174.4079
11.892	 2.35	 1	 -42.1617	  173.6759
11.894	 2.28	 1	 -42.6660	  173.0538
11.897	 2.15	 1	 -42.3303	  173.4019
11.900	 2.07	 1	 -42.4372	  173.1678
11.911	 2.65	 1	 -42.7103	  173.2943
11.912	 2.09	 1	 -42.0745	  173.6829
11.913	 2.17	 1	 -42.5217	  173.0222
11.914	 2.10	 1	 -43.1015	  172.7693
11.917	 2.11	 1	 -43.0515	  172.9542
11.917	 2.74	 1	 -42.3016	  173.7909
11.920	 2.15	 1	 -42.4380	  173.6476
11.922	 3.67	 1	 -42.6162	  172.6765
11.922	 2.28	 1	 -41.7190	  174.5311
11.927	 2.06	 1	 -41.7095	  174.2461
11.928	 2.13	 1	 -42.4131	  173.8717
11.929	 2.78	 1	 -42.4277	  173.2806
11.932	 2.26	 1	 -41.8115	  174.2544
11.933	 2.12	 1	 -41.8199	  174.2145
11.934	 2.27	 1	 -42.8913	  173.1143
11.940	 2.73	 1	 -42.4630	  173.0090
11.946	 2.01	 1	 -41.9146	  174.2513
11.949	 2.11	 1	 -42.2097	  173.6109
11.950	 2.31	 1	 -42.8653	  172.9900
11.954	 2.25	 1	 -42.5495	  173.8555
11.957	 2.63	 1	 -42.6543	  173.4596
11.958	 3.16	 1	 -42.5475	  173.2858
11.961	 2.74	 1	 -41.7010	  174.2072
11.963	 2.10	 1	 -42.2847	  173.9850
11.969	 2.02	 1	 -41.9557	  173.9644
11.978	 2.15	 1	 -41.7325	  174.3042
11.984	 2.63	 1	 -42.0416	  174.0833
11.984	 2.04	 1	 -41.2481	  172.9569
11.993	 2.41	 1	 -42.7552	  172.9921
11.994	 3.22	 1	 -41.7718	  174.2843
11.994	 2.32	 1	 -42.6528	  172.7417
11.998	 2.46	 1	 -42.8091	  172.5417
12.001	 3.17	 1	 -42.7750	  173.2981
12.001	 2.98	 1	 -42.2512	  173.7134
12.005	 2.50	 1	 -42.6883	  172.8476
12.009	 2.11	 1	 -42.1533	  172.8624
12.018	 2.38	 1	 -43.0697	  172.8448
12.021	 2.09	 1	 -41.7874	  174.2233
12.027	 2.91	 1	 -42.5823	  172.3517
12.027	 2.04	 1	 -42.2197	  173.6908
12.030	 2.87	 1	 -41.9698	  173.2377
12.031	 2.05	 1	 -41.7039	  174.3487
12.032	 2.19	 1	 -42.1839	  173.0924
12.037	 2.35	 1	 -42.1758	  173.8977
12.039	 2.83	 1	 -42.3050	  173.8817
12.043	 3.05	 1	 -42.8520	  173.2156
12.044	 2.01	 1	 -41.8157	  173.9880
12.046	 2.19	 1	 -41.7401	  174.2435
12.047	 2.06	 1	 -42.5715	  173.1350
12.048	 2.58	 1	 -42.3781	  173.9689
12.049	 2.76	 1	 -42.4765	  173.9670
12.050	 2.12	 1	 -41.9773	  172.4996
12.051	 2.61	 1	 -42.3301	  173.8401
12.052	 2.03	 1	 -41.6791	  174.2980
12.054	 2.32	 1	 -42.5043	  173.0963
12.057	 2.07	 1	 -42.5427	  172.9801
12.061	 2.36	 1	 -42.0863	  173.9345
12.061	 2.39	 1	 -42.5485	  172.9986
12.061	 2.96	 1	 -42.0034	  169.8677
12.065	 2.03	 1	 -41.7850	  174.1403
12.070	 2.11	 1	 -41.8574	  174.0257
12.074	 2.06	 1	 -42.4504	  172.8165
12.074	 2.02	 1	 -41.9833	  173.7025
12.075	 2.26	 1	 -42.6066	  173.0766
12.075	 3.12	 1	 -42.4165	  173.7897
12.078	 2.06	 1	 -42.6153	  172.9914
12.078	 2.56	 1	 -41.6830	  174.2660
12.081	 2.73	 1	 -42.9434	  172.6344
12.083	 2.23	 1	 -41.8070	  174.2514
12.086	 2.23	 1	 -41.8595	  175.3082
12.090	 2.10	 1	 -42.5023	  173.6829
12.093	 2.39	 1	 -42.6622	  172.8995
12.094	 3.62	 1	 -41.5972	  174.4629
12.096	 3.05	 1	 -41.7221	  174.3324
12.096	 2.10	 1	 -42.7534	  172.8931
12.098	 3.42	 1	 -42.7967	  172.9823
12.099	 2.73	 1	 -42.6385	  173.2250
12.101	 2.67	 1	 -41.6879	  174.2831
12.101	 2.01	 1	 -42.6969	  172.7006
12.105	 2.39	 1	 -42.4871	  173.7513
12.107	 2.12	 1	 -42.2379	  173.6621
12.119	 2.49	 1	 -42.4174	  174.4122
12.121	 2.73	 1	 -42.6692	  173.0629
12.122	 2.18	 1	 -42.5261	  174.0379
12.131	 2.09	 1	 -41.7526	  174.1548
12.132	 2.34	 1	 -41.7859	  174.2917
12.132	 2.05	 1	 -42.1051	  173.5857
12.138	 2.21	 1	 -42.2772	  173.5220
12.141	 2.13	 1	 -42.2502	  173.8201
12.144	 2.07	 1	 -42.4872	  173.0871
12.145	 2.48	 1	 -43.5298	  173.0545
12.148	 2.29	 1	 -42.2974	  173.6583
12.148	 2.35	 1	 -42.3491	  173.0959
12.152	 2.11	 1	 -42.4083	  173.8303
12.153	 2.04	 1	 -41.7963	  176.3692
12.154	 2.69	 1	 -42.4184	  173.8179
12.155	 3.25	 1	 -42.4840	  173.0805
12.159	 2.37	 1	 -42.5223	  173.1802
12.163	 2.00	 1	 -42.2770	  173.8366
12.164	 2.41	 1	 -42.1999	  173.6170
12.168	 2.54	 1	 -42.4147	  173.8074
12.173	 2.42	 1	 -42.4011	  173.1199
12.174	 2.02	 1	 -42.2090	  173.0970
12.176	 3.50	 1	 -41.8654	  174.0268
12.177	 3.54	 1	 -42.3687	  173.4617
12.178	 2.35	 1	 -42.2337	  173.6755
12.179	 2.35	 1	 -41.4775	  174.5603
12.185	 2.61	 1	 -41.8323	  174.0355
12.186	 2.15	 1	 -41.7064	  174.3003
12.188	 2.26	 1	 -42.6645	  173.1614
12.189	 2.01	 1	 -42.3151	  173.4919
12.202	 2.69	 1	 -41.6253	  174.3869
12.206	 2.21	 1	 -42.1921	  173.5575
12.209	 2.17	 1	 -41.5237	  174.4396
12.214	 2.02	 1	 -42.1498	  173.4413
12.222	 2.12	 1	 -41.9993	  173.6142
12.226	 2.17	 1	 -42.6738	  173.1202
12.236	 2.05	 1	 -42.2230	  173.7392
12.236	 2.09	 1	 -42.4463	  173.0594
12.237	 2.08	 1	 -42.2163	  173.5640
12.239	 2.40	 1	 -43.0335	  172.4216
12.241	 2.27	 1	 -42.3865	  175.1372
12.244	 2.23	 1	 -42.6365	  173.0349
12.249	 2.60	 1	 -42.2225	  173.5548
12.259	 2.24	 1	 -42.2420	  173.5509
12.260	 2.24	 1	 -42.7619	  172.9940
12.262	 3.59	 1	 -43.3004	  173.3481
12.262	 2.22	 1	 -40.6814	  172.9243
12.271	 2.52	 1	 -42.3181	  173.2259
12.271	 2.26	 1	 -42.2362	  173.6108
12.274	 2.39	 1	 -41.7419	  174.3350
12.281	 2.15	 1	 -41.7992	  174.1886
12.288	 2.91	 1	 -42.9742	  172.7964
12.288	 2.19	 1	 -42.5457	  173.1440
12.291	 2.36	 1	 -41.7265	  174.3014
12.295	 2.13	 1	 -41.8115	  174.1973
12.303	 2.16	 1	 -42.3645	  173.1353
12.304	 2.20	 1	 -42.3277	  173.7433
12.310	 2.01	 1	 -41.6679	  174.3149
12.316	 2.45	 1	 -42.1016	  173.4095
12.316	 2.28	 1	 -42.3555	  173.8321
12.321	 2.05	 1	 -42.1871	  174.1250
12.323	 2.31	 1	 -42.3904	  173.3730
12.324	 2.24	 1	 -42.2464	  173.6983
12.326	 2.49	 1	 -42.5434	  173.0969
12.327	 2.00	 1	 -42.3496	  172.8134
12.327	 2.63	 1	 -42.0955	  173.6136
12.337	 5.06	 1	 -42.4143	  173.1444
12.338	 2.82	 1	 -41.7795	  174.1313
12.338	 2.72	 1	 -42.8364	  172.8291
12.344	 2.06	 1	 -41.4187	  173.6721
12.345	 2.79	 1	 -42.6250	  173.0255
12.345	 2.34	 1	 -41.7235	  174.3790
12.346	 2.50	 1	 -42.9672	  173.2765
12.346	 2.11	 1	 -42.3781	  174.1346
12.346	 2.43	 1	 -41.8934	  173.7138
12.348	 2.15	 1	 -42.1440	  173.4915
12.349	 2.32	 1	 -42.2518	  173.4913
12.350	 2.22	 1	 -42.7053	  172.9100
12.354	 2.21	 1	 -42.4018	  174.0172
12.355	 2.07	 1	 -42.6206	  172.8752
12.358	 2.60	 1	 -42.4492	  173.6615
12.368	 2.45	 1	 -42.3087	  173.9529
12.369	 2.03	 1	 -42.5036	  173.1882
12.369	 2.23	 1	 -42.9233	  172.2836
12.371	 3.60	 1	 -41.6436	  173.7849
12.372	 2.01	 1	 -41.8251	  173.8649
12.374	 3.59	 1	 -41.8190	  174.2230
12.377	 2.52	 1	 -41.6303	  173.4146
12.378	 2.61	 1	 -42.1024	  173.7437
12.381	 2.44	 1	 -42.2081	  173.6675
12.385	 2.40	 1	 -42.5625	  173.2602
12.386	 2.51	 1	 -42.2282	  173.8316
12.390	 2.26	 1	 -41.4141	  174.0223
12.392	 2.07	 1	 -42.8390	  172.9942
12.401	 2.49	 1	 -42.3694	  173.8870
12.404	 3.12	 1	 -41.9268	  173.6917
12.406	 2.25	 1	 -42.2481	  173.5101
12.407	 2.24	 1	 -41.8349	  174.2141
12.408	 2.21	 1	 -42.1929	  173.9863
12.408	 2.05	 1	 -42.3584	  173.7322
12.409	 2.45	 1	 -42.3966	  173.8070
12.410	 2.17	 1	 -40.5364	  174.9627
12.418	 2.19	 1	 -42.7966	  172.6277
12.423	 2.16	 1	 -42.5076	  173.6577
12.423	 2.52	 1	 -42.2343	  173.7303
12.432	 3.09	 1	 -42.3399	  174.0514
12.434	 2.22	 1	 -41.9266	  173.8286
12.437	 2.15	 1	 -42.4427	  173.6851
12.440	 2.25	 1	 -42.2043	  174.2641
12.441	 2.40	 1	 -41.8712	  174.2562
12.441	 2.05	 1	 -41.7190	  174.3222
12.442	 2.53	 1	 -42.0065	  173.9453
12.450	 2.60	 1	 -42.2764	  173.2479
12.454	 2.21	 1	 -41.7321	  174.1860
12.463	 2.17	 1	 -42.4527	  173.0965
12.469	 2.44	 1	 -42.3895	  173.7738
12.471	 2.55	 1	 -42.6540	  173.3630
12.472	 2.55	 1	 -42.4430	  173.4634
12.474	 2.08	 1	 -42.3209	  173.4853
12.476	 2.57	 1	 -42.3502	  173.6731
12.481	 2.10	 1	 -41.7728	  174.3320
12.485	 2.13	 1	 -42.4554	  173.2276
12.490	 2.17	 1	 -42.6137	  173.5908
12.493	 2.92	 1	 -42.2142	  173.7636
12.494	 2.44	 1	 -41.6847	  174.2001
12.495	 2.24	 1	 -41.6699	  174.1637
12.498	 2.07	 1	 -42.7975	  173.1078
12.505	 2.01	 1	 -42.8444	  172.7785
12.509	 2.29	 1	 -43.0385	  170.7823
12.514	 2.02	 1	 -41.8122	  174.1796
12.514	 2.35	 1	 -42.6997	  172.8237
12.520	 2.70	 1	 -42.4048	  174.0191
12.521	 2.78	 1	 -42.3691	  172.5172
12.521	 2.89	 1	 -42.4782	  173.1783
12.528	 3.44	 1	 -41.9759	  174.0466
12.528	 3.11	 1	 -42.1800	  173.5954
12.532	 2.46	 1	 -38.6015	  175.5613
12.532	 2.77	 1	 -41.8318	  174.2698
12.533	 2.05	 1	 -42.0997	  173.6922
12.533	 2.64	 1	 -42.1392	  173.5473
12.535	 2.20	 1	 -41.9466	  174.1346
12.545	 2.36	 1	 -41.7116	  174.3558
12.549	 2.35	 1	 -42.5303	  174.3964
12.549	 2.17	 1	 -42.2474	  173.5313
12.550	 2.14	 1	 -41.6898	  174.2016
12.553	 2.28	 1	 -42.5788	  172.9087
12.559	 2.22	 1	 -42.1363	  173.5119
12.562	 2.03	 1	 -42.4241	  173.9884
12.566	 2.91	 1	 -41.6719	  174.3265
12.566	 2.23	 1	 -41.7470	  174.1758
12.566	 2.08	 1	 -42.2744	  173.3798
12.568	 2.35	 1	 -41.9930	  173.4147
12.569	 2.18	 1	 -41.6685	  174.2672
12.569	 2.14	 1	 -41.6736	  174.2891
12.575	 2.10	 1	 -41.8105	  174.2042
12.578	 2.01	 1	 -42.6334	  173.3042
12.579	 2.02	 1	 -42.5633	  173.3416
12.580	 2.67	 1	 -42.5529	  174.0093
12.582	 2.17	 1	 -42.8939	  172.9002
12.593	 2.74	 1	 -41.7643	  174.1221
12.599	 2.27	 1	 -42.4078	  174.0832
12.611	 2.06	 1	 -43.1401	  172.8658
12.614	 2.07	 1	 -42.4846	  173.1666
12.616	 2.39	 1	 -41.6814	  174.2328
12.619	 2.24	 1	 -41.7811	  174.3196
12.620	 2.19	 1	 -42.5143	  173.7579
12.623	 2.64	 1	 -42.5161	  173.2737
12.624	 2.37	 1	 -41.9839	  173.2635
12.624	 2.10	 1	 -41.7118	  174.3438
12.627	 2.58	 1	 -42.2520	  173.6936
12.629	 2.18	 1	 -42.7606	  173.4318
12.632	 2.07	 1	 -41.9866	  173.5750
12.634	 2.36	 1	 -41.9098	  174.1782
12.635	 2.97	 1	 -41.9989	  173.5819
12.637	 2.12	 1	 -41.6658	  174.3053
12.637	 2.47	 1	 -42.4250	  173.7074
12.640	 3.38	 1	 -42.3505	  173.8584
12.649	 2.02	 1	 -42.2660	  173.6006
12.652	 2.51	 1	 -42.4103	  173.7368
12.655	 3.16	 1	 -42.3332	  173.5540
12.655	 4.02	 1	 -42.0712	  174.2036
12.656	 2.10	 1	 -41.7493	  174.1039
12.658	 2.57	 1	 -42.6396	  174.0997
12.659	 2.92	 1	 -42.2983	  173.6583
12.659	 2.49	 1	 -41.9843	  173.7166
12.660	 2.78	 1	 -41.6395	  174.1427
12.670	 2.37	 1	 -41.3937	  174.0753
12.670	 2.33	 1	 -41.8580	  174.2672
12.673	 2.34	 1	 -41.0471	  173.1134
12.674	 2.12	 1	 -42.5704	  172.9721
12.675	 2.17	 1	 -42.4621	  173.1359
12.676	 2.68	 1	 -42.8239	  173.2152
12.677	 2.67	 1	 -43.6276	  174.4344
12.678	 2.58	 1	 -42.3948	  173.1924
12.678	 2.42	 1	 -41.7993	  174.2495
12.682	 2.49	 1	 -41.7035	  174.4155
12.682	 2.03	 1	 -41.8207	  174.2681
12.692	 2.07	 1	 -42.4625	  174.6970
12.694	 2.53	 1	 -42.1648	  173.8266
12.695	 2.69	 1	 -42.4065	  173.3372
12.695	 2.90	 1	 -42.0003	  173.6825
12.697	 2.04	 1	 -42.1736	  173.6544
12.698	 2.00	 1	 -42.3873	  173.7292
12.703	 2.14	 1	 -42.4442	  173.7213
12.703	 2.94	 1	 -41.9557	  173.7436
12.706	 2.16	 1	 -42.4642	  173.4535
12.710	 2.31	 1	 -42.4990	  173.0849
12.723	 2.16	 1	 -42.5299	  173.1305
12.725	 2.02	 1	 -42.7102	  172.8352
12.728	 2.08	 1	 -42.2257	  173.0991
12.728	 2.00	 1	 -42.4630	  173.4875
12.752	 2.70	 1	 -42.4128	  173.0847
12.761	 2.28	 1	 -41.8370	  174.8743
12.763	 2.70	 1	 -41.7167	  174.3081
12.765	 2.45	 1	 -42.3874	  173.7904
12.765	 2.02	 1	 -42.6130	  171.6787
12.765	 2.79	 1	 -42.2810	  173.6576
12.768	 2.73	 1	 -42.6581	  173.1582
12.771	 3.51	 1	 -42.1983	  173.6017
12.771	 2.01	 1	 -41.7001	  174.3253
12.775	 2.15	 1	 -42.4445	  173.5810
12.775	 4.16	 1	 -41.5987	  174.1141
12.782	 2.03	 1	 -41.9517	  173.9827
12.784	 2.51	 1	 -41.7558	  174.2562
12.791	 2.34	 1	 -42.3992	  173.7009
12.795	 2.13	 1	 -41.9398	  174.2148
12.795	 2.35	 1	 -41.7499	  174.2725
12.799	 2.09	 1	 -41.6894	  174.3713
12.800	 2.09	 1	 -41.7075	  174.3669
12.808	 2.16	 1	 -41.8135	  174.2554
12.809	 2.28	 1	 -41.9296	  173.7140
12.809	 2.02	 1	 -42.6261	  172.9615
12.829	 2.01	 1	 -42.6878	  172.8352
12.832	 3.25	 1	 -43.5093	  172.7966
12.834	 2.53	 1	 -42.7313	  173.0621
12.835	 2.27	 1	 -42.5603	  173.1130
12.835	 2.55	 1	 -42.6060	  172.8121
12.838	 2.02	 1	 -42.6870	  173.1188
12.839	 2.78	 1	 -42.3653	  173.9051
12.840	 2.19	 1	 -41.8163	  174.2272
12.843	 4.30	 1	 -42.5303	  173.1452
12.844	 2.04	 1	 -41.9679	  173.6645
12.850	 2.59	 1	 -42.6083	  172.9949
12.850	 2.16	 1	 -42.7991	  173.0285
12.854	 2.23	 1	 -42.5742	  173.2017
12.855	 2.41	 1	 -42.8307	  172.9153
12.860	 2.06	 1	 -42.6217	  173.5730
12.860	 3.07	 1	 -37.9962	  172.4649
12.861	 2.17	 1	 -42.9235	  173.1570
12.865	 2.88	 1	 -42.8937	  172.7881
12.867	 3.18	 1	 -42.1273	  173.5573
12.870	 2.30	 1	 -42.4080	  173.3265
12.870	 2.04	 1	 -42.1572	  173.8117
12.874	 2.46	 1	 -41.7653	  174.1717
12.889	 2.16	 1	 -43.1538	  175.7508
12.891	 2.40	 1	 -42.2954	  173.7673
12.892	 2.30	 1	 -42.3784	  173.2878
12.896	 2.09	 1	 -43.5082	  172.8399
12.897	 2.05	 1	 -42.2654	  173.6091
12.902	 2.23	 1	 -42.0661	  173.6612
12.903	 2.00	 1	 -41.7329	  174.2088
12.914	 2.25	 1	 -41.7389	  174.4695
12.926	 2.66	 1	 -41.7537	  174.2792
12.929	 2.10	 1	 -41.6698	  174.1378
12.930	 2.16	 1	 -42.6570	  172.9374
12.934	 2.55	 1	 -41.7180	  174.2762
12.946	 2.25	 1	 -42.5681	  173.6698
12.948	 2.56	 1	 -41.9878	  173.6906
12.954	 2.22	 1	 -42.5242	  172.9545
12.955	 2.02	 1	 -41.9311	  173.8506
12.960	 2.01	 1	 -42.1496	  173.5904
12.960	 3.13	 1	 -41.9592	  173.6796
12.964	 2.31	 1	 -42.3685	  173.6962
12.966	 3.71	 1	 -42.4831	  173.1631
12.970	 2.37	 1	 -41.7369	  174.2903
12.974	 3.18	 1	 -42.3102	  173.8256
12.977	 3.58	 1	 -42.6014	  172.9416
12.977	 2.69	 1	 -42.2734	  173.4042
12.984	 2.25	 1	 -41.7112	  174.3016
12.986	 2.21	 1	 -42.5967	  172.0225
12.991	 2.24	 1	 -41.7074	  174.2878
12.993	 2.37	 1	 -42.5347	  173.0956
12.994	 2.39	 1	 -42.0342	  174.0312
12.997	 2.07	 1	 -42.6527	  173.1541
12.997	 2.00	 1	 -41.7940	  174.1644
13.006	 2.48	 1	 -42.2776	  173.6767
13.011	 2.35	 1	 -42.1700	  173.6347
13.022	 2.43	 1	 -41.7907	  174.3467
13.022	 2.55	 1	 -42.1465	  173.6284
13.024	 2.18	 1	 -42.0380	  173.7757
13.031	 2.09	 1	 -42.7344	  172.8247
13.041	 2.92	 1	 -39.6139	  177.5559
13.041	 2.64	 1	 -42.2669	  171.2427
13.042	 2.64	 1	 -42.4280	  173.8921
13.046	 3.88	 1	 -42.3494	  173.6709
13.046	 2.18	 1	 -42.3222	  173.5163
13.048	 2.02	 1	 -42.5821	  172.9681
13.054	 2.40	 1	 -42.0888	  173.6929
13.054	 2.68	 1	 -42.4674	  173.3747
13.056	 2.05	 1	 -41.7027	  174.2638
13.056	 2.19	 1	 -41.5854	  174.2957
13.057	 2.15	 1	 -42.4480	  174.0492
13.059	 2.37	 1	 -42.3361	  173.5122
13.064	 2.52	 1	 -42.0328	  173.7034
13.068	 2.54	 1	 -42.3306	  173.7272
13.069	 2.27	 1	 -41.7194	  174.2300
13.073	 2.17	 1	 -41.8291	  174.1424
13.073	 2.11	 1	 -42.2356	  173.6154
13.080	 2.19	 1	 -41.8520	  174.1812
13.081	 2.51	 1	 -44.4510	  173.7493
13.088	 2.22	 1	 -42.4968	  173.2864
13.093	 2.47	 1	 -42.5136	  173.4066
13.094	 2.32	 1	 -42.9432	  173.0048
13.099	 2.03	 1	 -41.7584	  173.8406
13.103	 2.20	 1	 -41.8655	  174.3900
13.104	 2.08	 1	 -42.7638	  173.0455
13.104	 2.44	 1	 -42.8648	  173.0296
13.110	 2.34	 1	 -42.6995	  172.8800
13.111	 2.90	 1	 -41.1324	  174.0665
13.113	 2.13	 1	 -42.5329	  173.8491
13.115	 2.11	 1	 -42.7447	  173.9371
13.119	 2.27	 1	 -41.6589	  174.1976
13.121	 2.20	 1	 -42.6068	  172.8356
13.123	 2.05	 1	 -41.8770	  174.2003
13.123	 2.06	 1	 -42.2657	  173.7035
13.124	 2.04	 1	 -41.3838	  167.1692
13.129	 2.34	 1	 -41.6822	  174.3477
13.133	 3.04	 1	 -42.5922	  172.8135
13.136	 2.12	 1	 -42.2653	  173.8902
13.137	 2.13	 1	 -42.2593	  173.6902
13.138	 2.34	 1	 -42.7569	  173.0849
13.146	 2.51	 1	 -41.7544	  174.3142
13.150	 2.22	 1	 -41.7074	  174.1462
13.154	 2.03	 1	 -42.5221	  173.9775
13.160	 2.11	 1	 -40.2833	  176.0562
13.163	 2.25	 1	 -42.9155	  173.7579
13.166	 2.70	 1	 -41.7248	  174.2790
13.172	 3.10	 1	 -42.3032	  173.3067
13.174	 2.27	 1	 -42.9372	  173.0408
13.179	 2.13	 1	 -41.8438	  174.1398
13.182	 2.57	 1	 -41.5012	  174.0024
13.182	 2.17	 1	 -41.9489	  173.8175
13.185	 2.13	 1	 -42.5161	  173.5718
13.191	 2.28	 1	 -41.7305	  174.3775
13.193	 2.81	 1	 -42.1745	  173.7333
13.199	 3.07	 1	 -41.8555	  173.9997
13.200	 2.11	 1	 -41.7232	  174.4526
13.206	 2.17	 1	 -43.9161	  172.6415
13.206	 2.38	 1	 -41.5991	  174.2952
13.211	 2.06	 1	 -41.6874	  174.2397
13.221	 2.47	 1	 -42.6126	  172.8343
13.227	 2.09	 1	 -42.4440	  173.9615
13.230	 2.03	 1	 -42.4506	  174.3132
13.233	 2.40	 1	 -42.3848	  173.3955
13.238	 2.27	 1	 -42.2565	  174.1815
13.250	 2.22	 1	 -42.7812	  172.9909
13.253	 2.68	 1	 -41.7578	  174.4096
13.254	 2.19	 1	 -41.8514	  174.1603
13.260	 3.37	 1	 -42.0179	  173.6501
13.260	 2.00	 1	 -42.1381	  173.6066
13.275	 2.09	 1	 -41.7226	  174.4069
13.275	 2.65	 1	 -42.5489	  173.3315
13.277	 2.07	 1	 -42.1034	  173.5930
13.278	 2.55	 1	 -41.8222	  174.1976
13.285	 2.03	 1	 -41.8490	  174.3046
13.287	 2.52	 1	 -41.0313	  172.1537
13.288	 2.23	 1	 -42.7607	  173.1297
13.292	 2.35	 1	 -42.5803	  173.5033
13.297	 2.37	 1	 -41.8026	  174.2132
13.301	 2.92	 1	 -41.9470	  174.2309
13.301	 2.14	 1	 -42.3641	  173.8801
13.306	 2.90	 1	 -42.2125	  174.0101
13.309	 3.64	 1	 -42.4856	  173.1577
13.327	 4.02	 1	 -42.5993	  172.9756
13.330	 2.00	 1	 -42.5651	  173.1496
13.333	 2.26	 1	 -42.7819	  173.0360
13.339	 2.03	 1	 -42.3951	  173.5525
13.340	 2.08	 1	 -41.7959	  174.4013
13.344	 2.30	 1	 -41.7798	  174.2966
13.344	 3.17	 1	 -42.6420	  173.1395
13.352	 2.19	 1	 -41.8933	  174.2805
13.357	 2.07	 1	 -42.2196	  173.1317
13.360	 2.87	 1	 -42.9566	  172.8481
13.364	 2.72	 1	 -42.3321	  173.4939
13.364	 2.18	 1	 -42.5592	  173.0630
13.367	 2.08	 1	 -41.6893	  174.3496
13.368	 2.34	 1	 -38.0211	  174.0652
13.372	 2.05	 1	 -41.7392	  174.3176
13.375	 2.11	 1	 -41.1275	  174.1234
13.375	 2.74	 1	 -42.0581	  173.6315
13.376	 2.07	 1	 -41.7962	  174.1946
13.379	 2.40	 1	 -42.3275	  173.5029
13.380	 2.36	 1	 -42.4143	  173.2902
13.385	 2.26	 1	 -42.3073	  173.6802
13.391	 2.10	 1	 -41.9850	  173.8485
13.400	 2.24	 1	 -42.1341	  173.5789
13.404	 2.30	 1	 -42.2739	  173.6198
13.410	 2.36	 1	 -42.1395	  173.8841
13.413	 2.51	 1	 -42.3855	  172.9736
13.414	 2.28	 1	 -41.9792	  174.5149
13.419	 2.20	 1	 -41.7101	  174.3752
13.430	 2.97	 1	 -42.5672	  172.9966
13.436	 2.37	 1	 -42.5380	  174.1346
13.444	 3.50	 1	 -44.7807	  172.3599
13.450	 2.12	 1	 -41.8059	  174.2582
13.454	 2.40	 1	 -42.6765	  173.0705
13.455	 2.06	 1	 -42.2534	  173.5581
13.459	 2.02	 1	 -42.2410	  173.9226
13.460	 3.13	 1	 -42.5838	  173.0136
13.465	 2.49	 1	 -42.2689	  173.1831
13.470	 2.07	 1	 -42.7138	  173.0695
13.474	 2.36	 1	 -43.0341	  175.2929
13.477	 2.06	 1	 -42.5089	  173.1517
13.478	 2.49	 1	 -42.3567	  174.0569
13.483	 2.91	 1	 -42.7662	  173.9813
13.486	 2.29	 1	 -39.4788	  177.6944
13.489	 2.05	 1	 -41.8521	  174.3727
13.497	 2.03	 1	 -42.2928	  174.1248
13.497	 2.23	 1	 -42.3334	  173.5942
13.497	 2.05	 1	 -42.2023	  173.8017
13.500	 2.44	 1	 -42.7300	  172.9986
13.508	 2.55	 1	 -42.7215	  173.0496
13.511	 2.03	 1	 -42.6455	  173.0229
13.513	 2.28	 1	 -42.5318	  173.0893
13.520	 3.39	 1	 -41.8480	  174.0361
13.520	 2.19	 1	 -42.3036	  173.5999
13.529	 2.04	 1	 -42.3190	  173.4026
13.531	 3.50	 1	 -41.5926	  173.7657
13.532	 2.76	 1	 -41.8166	  174.1980
13.539	 2.58	 1	 -42.3650	  173.5195
13.540	 2.98	 1	 -42.2935	  173.8680
13.540	 2.35	 1	 -42.3000	  173.8821
13.546	 2.21	 1	 -42.3100	  173.7107
13.548	 2.85	 1	 -42.1436	  173.7450
13.548	 2.04	 1	 -42.5467	  173.3061
13.550	 2.05	 1	 -42.4177	  173.1281
13.551	 2.23	 1	 -41.7852	  174.3386
13.551	 2.04	 1	 -42.7748	  172.8874
13.556	 2.04	 1	 -42.3311	  173.7885
13.570	 2.57	 1	 -42.8963	  173.0346
13.573	 2.25	 1	 -42.1541	  173.6100
13.575	 2.49	 1	 -42.2961	  173.2387
13.576	 2.83	 1	 -42.2208	  173.6071
13.584	 2.17	 1	 -42.2144	  173.8134
13.586	 2.74	 1	 -41.6562	  174.2705
13.588	 2.13	 1	 -41.7772	  174.1594
13.589	 2.15	 1	 -41.9324	  174.1069
13.593	 2.27	 1	 -41.7438	  174.0439
13.595	 2.03	 1	 -42.1499	  173.6538
13.597	 2.51	 1	 -42.6913	  173.0448
13.597	 2.20	 1	 -42.3315	  174.0667
13.605	 2.60	 1	 -41.9529	  173.6740
13.619	 3.63	 1	 -42.3665	  173.5323
13.623	 2.34	 1	 -41.8832	  174.1047
13.626	 2.43	 1	 -41.8920	  173.7907
13.631	 3.34	 1	 -42.4095	  173.8066
13.637	 2.17	 1	 -42.2524	  173.9335
13.638	 2.12	 1	 -42.6345	  172.9213
13.639	 2.21	 1	 -42.2541	  173.7080
13.641	 2.84	 1	 -41.8102	  174.4099
13.645	 2.33	 1	 -42.2119	  173.6157
13.647	 2.10	 1	 -41.7867	  174.4278
13.656	 2.08	 1	 -42.3242	  173.7045
13.661	 2.00	 1	 -42.1172	  174.0368
13.668	 2.22	 1	 -41.7516	  174.2786
13.670	 2.20	 1	 -41.7624	  174.0518
13.688	 2.58	 1	 -42.2366	  173.6181
13.688	 2.53	 1	 -41.7655	  174.0048
13.691	 2.14	 1	 -42.2773	  173.8174
13.691	 2.08	 1	 -43.3195	  173.6191
13.694	 2.52	 1	 -42.7234	  173.1502
13.696	 2.12	 1	 -42.6730	  172.9529
13.697	 2.40	 1	 -42.3949	  174.0244
13.704	 2.38	 1	 -41.7296	  174.2912
13.709	 2.42	 1	 -41.7754	  174.2920
13.718	 2.19	 1	 -41.6850	  174.4187
13.720	 2.08	 1	 -42.1791	  173.9700
13.722	 2.02	 1	 -42.4078	  173.7525
13.725	 2.00	 1	 -41.7623	  173.9473
13.725	 2.02	 1	 -41.6671	  174.1781
13.728	 2.16	 1	 -42.2969	  173.8823
13.729	 2.48	 1	 -42.4322	  173.1114
13.730	 2.73	 1	 -42.4946	  173.2544
13.734	 2.25	 1	 -42.2530	  173.8563
13.737	 2.27	 1	 -41.2641	  174.6464
13.742	 2.65	 1	 -42.6517	  173.0567
13.744	 2.61	 1	 -42.7182	  173.0850
13.745	 2.60	 1	 -42.7121	  172.7124
13.745	 2.19	 1	 -41.6903	  174.1819
13.761	 2.04	 1	 -42.3604	  173.7333
13.761	 2.09	 1	 -42.3995	  173.3806
13.766	 2.14	 1	 -42.8014	  172.7761
13.769	 2.67	 1	 -42.7323	  173.1143
13.779	 2.41	 1	 -42.4517	  173.9368
13.782	 2.56	 1	 -42.7084	  172.8067
13.783	 2.10	 1	 -41.6663	  174.1591
13.784	 2.06	 1	 -42.3421	  173.6608
13.788	 3.99	 1	 -41.8275	  174.2436
13.800	 2.63	 1	 -41.7490	  174.2857
13.801	 2.13	 1	 -42.2906	  173.8425
13.806	 2.37	 1	 -41.7321	  174.3830
13.806	 2.11	 1	 -42.3815	  173.8926
13.812	 2.30	 1	 -42.4559	  173.8436
13.814	 3.15	 1	 -42.6387	  172.9404
13.816	 2.60	 1	 -41.6782	  174.2789
13.826	 2.04	 1	 -42.2130	  173.7264
13.827	 2.30	 1	 -42.5838	  173.2722
13.839	 2.06	 1	 -42.3636	  172.4191
13.839	 3.41	 1	 -42.2993	  174.1351
13.840	 2.31	 1	 -42.2316	  173.6497
13.840	 2.77	 1	 -42.2963	  173.5684
13.842	 2.37	 1	 -43.3228	  172.7793
13.844	 2.47	 1	 -42.3290	  173.4854
13.846	 2.86	 1	 -42.4307	  173.1506
13.849	 2.24	 1	 -42.2251	  173.5419
13.853	 2.16	 1	 -41.6659	  174.2868
13.858	 2.02	 1	 -41.2390	  174.1202
13.859	 2.35	 1	 -42.2272	  173.7592
13.861	 4.30	 1	 -42.4020	  173.0810
13.868	 2.12	 1	 -41.9843	  174.0937
13.873	 2.19	 1	 -42.6434	  173.0601
13.878	 2.16	 1	 -41.5733	  174.1445
13.880	 3.30	 1	 -41.3030	  174.2196
13.881	 2.29	 1	 -41.6888	  174.2076
13.883	 2.04	 1	 -42.2767	  173.9232
13.890	 2.50	 1	 -41.7755	  174.1254
13.890	 2.62	 1	 -42.3857	  173.8430
13.895	 3.23	 1	 -42.8121	  173.3190
13.899	 2.08	 1	 -42.3945	  173.1878
13.903	 2.59	 1	 -42.0436	  173.8545
13.903	 2.32	 1	 -42.0180	  173.6378
13.904	 2.50	 1	 -42.6842	  172.7658
13.908	 2.47	 1	 -42.7047	  173.0362
13.913	 3.24	 1	 -41.8919	  174.1689
13.914	 2.14	 1	 -42.6176	  173.0490
13.916	 2.30	 1	 -41.7422	  174.2941
13.917	 2.58	 1	 -42.4803	  173.3566
13.918	 2.28	 1	 -41.8136	  174.1667
13.919	 2.47	 1	 -42.7556	  172.0782
13.923	 2.26	 1	 -41.9590	  173.5865
13.937	 2.49	 1	 -41.8064	  174.3035
13.940	 2.52	 1	 -42.4099	  172.9498
13.941	 2.12	 1	 -42.5926	  173.0291
13.941	 2.05	 1	 -42.5692	  173.0558
13.943	 2.22	 1	 -38.9622	  170.9406
13.948	 2.03	 1	 -43.0003	  174.5529
13.951	 2.21	 1	 -42.2815	  173.7261
13.951	 2.14	 1	 -42.4796	  174.1131
13.962	 2.46	 1	 -41.6868	  174.2561
13.973	 2.36	 1	 -42.7635	  172.5595
13.981	 2.01	 1	 -42.5267	  173.2148
13.982	 3.19	 1	 -41.6837	  174.2189
13.982	 2.02	 1	 -42.8544	  173.1249
13.984	 2.76	 1	 -41.8148	  174.2746
13.986	 2.42	 1	 -41.7805	  174.3526
13.993	 2.00	 1	 -41.7441	  173.4770
13.995	 2.17	 1	 -42.1442	  173.6209
14.000	 2.45	 1	 -42.0002	  173.8362
