# Simulation 959
# RelativeTime(days) Magnitude Generation Latitude Longitude
Time Mag Gen Lat Lon
7.002	 2.64	 1	 -42.2737	  173.7834
7.002	 2.29	 1	 -42.3458	  173.4328
7.003	 2.14	 1	 -42.3300	  173.7938
7.003	 2.06	 1	 -42.2536	  173.5917
7.013	 2.04	 1	 -41.6772	  174.2543
7.014	 2.48	 1	 -42.3634	  173.6246
7.014	 2.04	 1	 -42.5700	  173.8551
7.016	 2.02	 1	 -42.6302	  173.4567
7.019	 2.33	 1	 -42.6976	  175.3562
7.019	 3.61	 1	 -42.3393	  173.5859
7.020	 2.11	 1	 -41.7242	  174.3872
7.030	 3.47	 1	 -42.2856	  173.9059
7.031	 3.63	 1	 -43.3524	  167.7458
7.033	 3.05	 1	 -41.7369	  174.3964
7.034	 2.04	 1	 -41.6222	  174.3493
7.037	 2.66	 1	 -42.2199	  173.8708
7.038	 2.50	 1	 -42.1832	  173.5205
7.038	 2.79	 1	 -41.9608	  174.1387
7.039	 3.33	 1	 -42.4130	  173.2324
7.039	 2.48	 1	 -41.6457	  174.2884
7.041	 2.36	 1	 -42.0098	  173.6491
7.041	 2.64	 1	 -42.4562	  173.4093
7.042	 2.01	 1	 -42.3352	  173.5070
7.043	 2.41	 1	 -42.6028	  173.3965
7.044	 2.15	 2	 -42.3524	  173.5681
7.044	 2.10	 1	 -42.7449	  172.9372
7.044	 3.87	 1	 -42.7005	  173.1758
7.049	 2.02	 1	 -42.4747	  173.7285
7.049	 2.07	 1	 -41.8680	  174.1801
7.049	 2.07	 1	 -42.3972	  173.8234
7.050	 2.69	 1	 -41.6952	  174.2191
7.050	 4.11	 1	 -42.4061	  173.4548
7.051	 2.23	 1	 -42.3461	  173.5274
7.053	 2.25	 1	 -42.1946	  173.5600
7.053	 2.16	 1	 -41.8949	  173.9040
7.054	 3.30	 1	 -42.2684	  173.5832
7.055	 2.25	 1	 -41.7173	  174.3041
7.055	 3.11	 1	 -42.1635	  173.8573
7.056	 4.60	 2	 -42.1646	  173.8579
7.058	 2.20	 2	 -42.3450	  173.6062
7.058	 3.14	 1	 -42.2310	  173.6278
7.059	 2.31	 1	 -41.8953	  173.9283
7.060	 2.43	 1	 -42.5649	  173.1872
7.061	 2.17	 3	 -42.1983	  173.8553
7.063	 2.45	 3	 -42.1712	  173.8830
7.065	 2.27	 1	 -41.7269	  174.1466
7.067	 2.06	 1	 -42.3193	  173.9387
7.068	 2.53	 1	 -42.4765	  173.4049
7.070	 2.57	 1	 -42.5281	  173.3635
7.070	 2.16	 2	 -42.5605	  173.1924
7.071	 3.29	 1	 -42.6786	  173.0559
7.072	 2.22	 1	 -42.5058	  173.1004
7.073	 2.81	 1	 -42.4388	  173.3621
7.074	 2.24	 1	 -42.3491	  173.3956
7.075	 2.01	 1	 -41.6789	  174.2364
7.076	 2.07	 1	 -42.6633	  173.0468
7.078	 2.06	 1	 -42.4351	  173.2799
7.079	 2.84	 1	 -42.4988	  173.3760
7.081	 2.13	 1	 -42.1853	  173.8985
7.081	 2.09	 1	 -41.7340	  174.3318
7.082	 2.57	 1	 -42.0857	  173.6249
7.083	 2.68	 1	 -42.5208	  173.1565
7.085	 2.60	 1	 -41.7046	  174.2697
7.085	 2.33	 1	 -41.6386	  174.2449
7.086	 2.80	 1	 -41.9826	  173.9081
7.087	 4.87	 1	 -41.7748	  174.2924
7.088	 2.21	 1	 -42.6137	  173.3089
7.088	 3.53	 1	 -42.5142	  173.0994
7.089	 2.03	 1	 -42.2504	  173.7903
7.090	 2.47	 2	 -42.6954	  173.1700
7.090	 2.11	 1	 -41.7777	  174.3002
7.091	 2.00	 1	 -42.6072	  172.6461
7.092	 2.33	 1	 -41.6993	  174.3536
7.096	 2.03	 2	 -42.6997	  175.1628
7.096	 2.04	 1	 -41.6786	  174.1506
7.097	 2.05	 1	 -42.4799	  173.3560
7.098	 3.26	 1	 -42.0336	  173.8275
7.100	 3.46	 1	 -42.3643	  173.4343
7.100	 2.50	 1	 -41.7184	  174.3320
7.103	 2.19	 1	 -42.2880	  173.6372
7.105	 2.10	 1	 -42.4744	  173.4393
7.106	 2.02	 2	 -39.1150	  177.3022
7.106	 2.09	 1	 -42.0264	  173.7115
7.112	 2.60	 3	 -42.1557	  173.8350
7.112	 2.15	 1	 -42.7573	  173.0249
7.113	 2.16	 3	 -42.1022	  175.1970
7.117	 3.11	 1	 -42.1495	  173.4454
7.119	 2.09	 2	 -41.8367	  174.2262
7.119	 2.74	 3	 -42.2673	  174.0770
7.121	 3.15	 2	 -41.7504	  174.2711
7.122	 2.28	 2	 -41.7642	  174.2674
7.122	 2.38	 1	 -42.4385	  173.3913
7.123	 2.01	 1	 -41.8908	  173.8898
7.125	 2.61	 1	 -42.4832	  173.7928
7.126	 2.06	 1	 -42.5099	  173.2810
7.127	 2.48	 1	 -41.7513	  174.1248
7.129	 2.22	 1	 -42.1585	  173.6234
7.136	 2.78	 1	 -42.5892	  173.0894
7.138	 2.44	 1	 -42.3875	  173.4620
7.139	 2.53	 1	 -41.7128	  174.3030
7.140	 2.03	 1	 -42.3742	  173.7616
7.141	 2.10	 1	 -41.7628	  174.3464
7.141	 3.09	 1	 -42.4262	  173.3553
7.144	 2.39	 1	 -42.4086	  173.7442
7.144	 3.10	 1	 -41.3928	  168.2267
7.147	 3.36	 1	 -41.8972	  173.8774
7.149	 2.23	 1	 -42.1486	  173.6559
7.149	 2.12	 1	 -42.5746	  172.9971
7.150	 2.56	 1	 -42.1265	  173.6134
7.152	 2.65	 1	 -42.5574	  173.2079
7.152	 2.14	 3	 -42.1846	  173.8272
7.154	 2.97	 1	 -41.9718	  173.5912
7.155	 2.21	 2	 -41.8879	  174.3257
7.157	 2.49	 1	 -42.1901	  173.7419
7.159	 2.25	 1	 -41.6870	  174.1016
7.160	 2.12	 1	 -42.0933	  173.7671
7.160	 2.07	 2	 -41.7894	  174.2328
7.166	 2.18	 1	 -42.0048	  173.8664
7.172	 2.35	 2	 -41.7713	  174.2460
7.176	 3.04	 1	 -41.9782	  174.0536
7.177	 2.82	 1	 -44.0996	  172.4253
7.177	 3.50	 1	 -41.8347	  174.0750
7.183	 2.26	 1	 -42.6322	  172.9448
7.185	 2.91	 2	 -42.3502	  173.4323
7.185	 2.56	 1	 -42.4951	  173.3303
7.188	 2.01	 1	 -41.6957	  174.2465
7.189	 2.37	 1	 -42.4848	  173.2300
7.194	 2.36	 1	 -41.7489	  175.1715
7.201	 2.96	 1	 -42.5160	  173.2256
7.203	 2.07	 1	 -42.5830	  172.6398
7.203	 2.10	 2	 -42.1614	  173.8518
7.205	 2.55	 1	 -42.8688	  172.6656
7.208	 2.44	 1	 -41.7148	  174.2035
7.210	 2.61	 2	 -41.7716	  174.2880
7.213	 2.18	 1	 -42.3054	  173.5164
7.217	 4.19	 1	 -41.6546	  174.3777
7.220	 2.68	 2	 -41.7849	  174.2126
7.222	 2.31	 1	 -42.1873	  173.8179
7.224	 2.24	 2	 -41.6458	  174.3734
7.225	 2.02	 1	 -42.6849	  173.1382
7.226	 2.14	 1	 -41.6197	  174.3484
7.229	 2.05	 1	 -42.4048	  173.0574
7.230	 2.00	 1	 -41.1005	  173.9277
7.231	 2.34	 1	 -42.2770	  173.7798
7.232	 2.54	 1	 -42.5984	  173.1360
7.234	 2.37	 1	 -42.1249	  173.5813
7.235	 2.10	 1	 -42.4075	  173.4781
7.235	 2.05	 2	 -41.7249	  174.3166
7.236	 2.13	 1	 -41.8902	  173.8771
7.237	 2.45	 1	 -42.4929	  173.1500
7.240	 2.84	 1	 -41.7556	  174.0269
7.242	 2.44	 1	 -42.7393	  173.1102
7.243	 2.25	 2	 -42.7055	  173.1789
7.245	 2.25	 1	 -42.4156	  173.7850
7.248	 2.34	 1	 -42.5413	  173.9324
7.248	 2.57	 1	 -42.3431	  172.8814
7.252	 2.82	 1	 -41.7129	  174.3103
7.253	 2.71	 2	 -41.7624	  174.2761
7.254	 2.11	 1	 -42.4800	  173.3628
7.262	 2.30	 2	 -42.6053	  174.0122
7.266	 2.24	 1	 -42.0742	  172.8757
7.277	 2.95	 1	 -41.8502	  174.0269
7.278	 2.02	 1	 -42.2449	  173.6180
7.280	 2.05	 1	 -42.6522	  172.8839
7.280	 2.04	 1	 -41.7644	  174.2021
7.281	 2.18	 1	 -42.7152	  173.1689
7.286	 2.04	 2	 -42.2618	  173.4703
7.288	 3.03	 1	 -42.6104	  172.9084
7.291	 2.08	 1	 -41.9265	  174.0887
7.294	 2.28	 1	 -42.4659	  173.2905
7.295	 2.34	 1	 -42.3166	  173.7990
7.295	 2.21	 1	 -42.3703	  173.4583
7.297	 2.04	 1	 -42.5972	  173.1884
7.299	 2.34	 2	 -41.7698	  174.3129
7.302	 2.23	 1	 -41.8423	  174.0227
7.302	 2.17	 1	 -42.3259	  173.4712
7.303	 2.26	 1	 -41.7699	  174.3576
7.304	 2.34	 1	 -41.8902	  174.0959
7.305	 2.04	 2	 -41.6676	  174.4022
7.306	 2.13	 1	 -41.7322	  174.3027
7.310	 2.03	 1	 -42.2463	  173.6037
7.314	 2.02	 1	 -41.6543	  174.2639
7.315	 2.41	 1	 -42.3991	  173.6956
7.315	 2.20	 1	 -41.6748	  174.3693
7.318	 2.02	 2	 -41.7416	  174.3224
7.319	 2.28	 1	 -42.1360	  173.7964
7.320	 2.40	 2	 -43.1018	  174.1838
7.322	 3.13	 2	 -44.0793	  172.3525
7.322	 2.14	 1	 -42.4319	  173.3347
7.324	 2.23	 1	 -42.0550	  173.7030
7.327	 2.41	 1	 -41.7073	  174.2649
7.327	 2.04	 1	 -42.1918	  173.8764
7.328	 2.06	 2	 -41.7231	  174.3861
7.328	 2.23	 1	 -42.4448	  173.3035
7.328	 2.77	 1	 -42.0071	  173.5947
7.331	 2.05	 1	 -41.6208	  174.2591
7.333	 2.04	 2	 -41.9799	  174.0547
7.335	 2.88	 1	 -42.3670	  173.2178
7.335	 2.75	 1	 -42.0666	  173.7204
7.336	 2.26	 1	 -42.2909	  173.8581
7.337	 2.30	 1	 -42.4344	  173.9476
7.337	 2.17	 1	 -42.7387	  173.0830
7.339	 2.21	 1	 -42.4269	  173.7430
7.339	 2.10	 1	 -42.6451	  172.9362
7.340	 2.16	 1	 -41.6810	  174.2030
7.346	 2.11	 1	 -41.8612	  173.9706
7.348	 2.55	 1	 -41.7300	  174.3787
7.349	 2.07	 1	 -41.7587	  174.3703
7.350	 2.32	 2	 -42.4263	  173.7436
7.351	 2.15	 1	 -42.4874	  173.2926
7.352	 2.01	 1	 -42.5771	  173.8057
7.353	 3.27	 1	 -41.8307	  174.2160
7.358	 2.01	 2	 -42.4875	  173.2943
7.360	 3.99	 1	 -42.3006	  173.8116
7.361	 2.14	 1	 -41.5736	  174.4250
7.364	 2.13	 1	 -41.5097	  172.5189
7.366	 2.34	 2	 -41.6362	  174.3540
7.367	 3.72	 1	 -42.5092	  173.3909
7.369	 2.67	 2	 -42.3036	  173.7476
7.370	 3.20	 1	 -41.7798	  174.3343
7.370	 2.15	 1	 -42.5673	  172.7627
7.371	 2.57	 1	 -42.4720	  173.3320
7.373	 2.94	 1	 -41.8560	  173.5245
7.373	 2.12	 1	 -42.2158	  173.8033
7.373	 2.71	 1	 -41.9779	  174.0936
7.374	 3.26	 1	 -42.3580	  173.5095
7.377	 2.35	 1	 -41.6979	  174.2479
7.379	 2.10	 1	 -43.1246	  173.4640
7.381	 2.01	 1	 -41.9092	  173.2839
7.385	 2.16	 1	 -42.5860	  173.3721
7.388	 2.17	 1	 -42.3549	  173.1049
7.390	 2.05	 2	 -41.6433	  174.3690
7.391	 2.28	 1	 -42.1817	  173.6871
7.393	 2.19	 1	 -41.7588	  174.2183
7.393	 2.02	 1	 -42.4828	  173.8200
7.399	 2.27	 1	 -42.6980	  173.0278
7.404	 2.18	 1	 -40.8320	  174.5247
7.405	 2.52	 1	 -42.1493	  173.6593
7.407	 2.38	 1	 -42.4242	  174.6280
7.407	 3.71	 1	 -41.6872	  174.0392
7.409	 2.79	 1	 -41.7353	  174.3519
7.414	 2.08	 1	 -42.7221	  172.9093
7.414	 2.46	 1	 -42.3284	  173.8571
7.415	 2.67	 1	 -41.7152	  174.3301
7.417	 2.24	 1	 -42.5669	  172.9659
7.420	 3.14	 1	 -41.5171	  174.2968
7.421	 2.28	 3	 -42.0962	  173.8304
7.424	 2.23	 1	 -41.7147	  174.2844
7.426	 2.02	 1	 -42.5597	  173.4084
7.426	 2.29	 1	 -42.3129	  173.4191
7.427	 2.18	 1	 -41.8351	  174.0021
7.429	 2.31	 1	 -41.5547	  174.1891
7.432	 2.20	 1	 -42.3780	  173.8357
7.432	 2.09	 2	 -43.3467	  167.8043
7.438	 3.60	 2	 -42.2830	  173.7414
7.438	 2.60	 1	 -41.7042	  174.2391
7.439	 2.71	 1	 -42.1356	  173.6404
7.440	 2.04	 1	 -42.2788	  173.7912
7.441	 3.67	 1	 -41.7934	  174.2955
7.441	 2.26	 1	 -41.7764	  174.2718
7.442	 2.58	 2	 -41.7511	  175.1851
7.442	 2.09	 1	 -44.1496	  174.7354
7.446	 2.73	 1	 -42.3024	  173.4958
7.448	 2.35	 1	 -41.9765	  173.8732
7.448	 2.15	 1	 -42.2194	  173.5413
7.450	 2.09	 3	 -42.1393	  173.8651
7.452	 2.00	 2	 -42.5003	  173.3762
7.452	 2.08	 1	 -41.8471	  174.1910
7.454	 3.77	 1	 -42.4545	  173.1612
7.454	 2.76	 1	 -42.5745	  172.9615
7.457	 3.39	 1	 -41.8096	  173.9307
7.459	 2.72	 1	 -42.2573	  173.4968
7.459	 2.23	 1	 -41.9197	  174.1243
7.462	 2.05	 1	 -41.9635	  173.9764
7.468	 2.80	 1	 -41.7032	  174.2235
7.473	 3.40	 1	 -41.8513	  174.1673
7.477	 2.23	 1	 -42.0985	  174.2728
7.479	 2.27	 1	 -42.4930	  172.9264
7.483	 2.69	 1	 -42.5337	  173.0958
7.484	 2.07	 1	 -42.3682	  173.7651
7.484	 2.55	 1	 -42.2358	  173.9113
7.487	 2.78	 1	 -44.5614	  172.0386
7.488	 2.08	 1	 -42.1416	  173.5384
7.490	 3.42	 1	 -41.6661	  174.4897
7.490	 2.42	 1	 -41.6765	  174.2954
7.490	 2.27	 1	 -42.5137	  173.0726
7.491	 2.22	 2	 -41.7982	  174.2991
7.492	 2.00	 2	 -42.1889	  174.1364
7.496	 2.17	 1	 -42.4869	  173.4657
7.496	 3.13	 1	 -42.1477	  174.4205
7.496	 3.07	 1	 -42.6552	  173.0176
7.499	 2.11	 2	 -41.8739	  174.1085
7.508	 2.76	 1	 -42.1609	  173.6544
7.508	 2.22	 1	 -42.2497	  173.5592
7.508	 2.18	 1	 -42.5065	  173.3903
7.513	 2.91	 1	 -42.5470	  173.0814
7.513	 2.24	 2	 -42.5059	  173.4051
7.513	 2.42	 1	 -42.5054	  173.0910
7.513	 2.51	 1	 -42.5058	  174.2528
7.519	 2.07	 1	 -42.6615	  173.3329
7.520	 2.40	 1	 -42.4031	  173.5834
7.520	 2.55	 1	 -41.7149	  174.3227
7.521	 2.18	 1	 -41.8638	  173.5826
7.523	 2.85	 1	 -42.5130	  173.1633
7.523	 2.61	 1	 -41.8185	  174.1412
7.525	 2.83	 1	 -42.5486	  173.1312
7.528	 2.05	 1	 -39.2140	  169.1877
7.529	 2.27	 1	 -42.3452	  173.5545
7.535	 2.10	 1	 -42.6067	  173.0965
7.535	 2.68	 2	 -42.1870	  173.8173
7.540	 2.64	 1	 -42.4807	  173.6137
7.542	 2.07	 1	 -42.5075	  173.3501
7.546	 2.64	 3	 -41.7634	  174.2767
7.547	 2.83	 2	 -41.6627	  174.3690
7.551	 2.75	 1	 -42.0283	  173.7168
7.553	 2.78	 1	 -41.6778	  174.2873
7.553	 2.39	 1	 -42.5366	  173.7677
7.553	 2.02	 1	 -42.3170	  173.7317
7.555	 2.38	 1	 -41.6897	  174.2173
7.560	 2.46	 1	 -42.7108	  172.7536
7.563	 2.97	 1	 -42.1500	  173.5988
7.566	 2.44	 1	 -41.7029	  174.2686
7.567	 2.29	 1	 -41.8691	  174.1712
7.571	 2.56	 1	 -42.6645	  173.3657
7.572	 2.26	 1	 -42.7795	  172.9897
7.575	 2.07	 1	 -41.7357	  174.1969
7.575	 2.01	 1	 -41.6967	  174.2918
7.576	 2.43	 1	 -42.5174	  173.4296
7.578	 3.63	 1	 -41.6931	  174.3452
7.579	 2.41	 1	 -42.5243	  173.1412
7.581	 2.64	 2	 -41.7832	  174.2908
7.581	 2.03	 1	 -41.7999	  174.2176
7.581	 2.19	 2	 -42.4056	  173.4642
7.582	 2.10	 1	 -42.2667	  173.5789
7.583	 2.55	 1	 -42.0140	  173.6372
7.583	 2.35	 1	 -41.9129	  173.6993
7.584	 2.64	 1	 -41.7632	  174.3188
7.588	 2.71	 1	 -42.2989	  173.7598
7.590	 2.29	 2	 -41.7812	  174.3379
7.590	 2.54	 1	 -41.7641	  174.3941
7.596	 2.23	 1	 -42.4390	  173.5856
7.598	 2.19	 1	 -41.8608	  174.2177
7.599	 2.07	 2	 -41.8169	  174.2634
7.599	 2.90	 1	 -41.7419	  174.1673
7.604	 2.25	 1	 -42.8944	  173.1194
7.604	 2.68	 1	 -42.7332	  173.1562
7.604	 3.03	 1	 -42.4718	  173.1878
7.605	 2.91	 1	 -42.1481	  174.0043
7.605	 2.23	 1	 -41.7611	  174.1843
7.606	 2.27	 1	 -42.3489	  174.0315
7.607	 2.11	 2	 -41.7740	  174.2943
7.610	 2.06	 2	 -41.7789	  174.2697
7.611	 2.06	 1	 -42.1549	  173.6290
7.615	 3.23	 1	 -41.7067	  174.3567
7.616	 2.05	 2	 -41.8597	  174.3011
7.619	 2.15	 1	 -42.3393	  174.0919
7.621	 2.52	 1	 -42.2995	  173.6403
7.622	 2.02	 2	 -41.8342	  174.0694
7.627	 2.03	 1	 -41.8453	  174.1928
7.628	 2.16	 1	 -42.8251	  172.8214
7.628	 2.22	 1	 -42.4334	  173.0220
7.632	 2.19	 1	 -42.1926	  173.7272
7.632	 2.22	 1	 -42.9807	  174.8739
7.632	 2.46	 1	 -42.5806	  172.8564
7.633	 2.09	 1	 -41.7185	  174.3937
7.634	 2.06	 1	 -42.5939	  173.3876
7.635	 2.13	 1	 -43.0219	  172.9893
7.645	 2.14	 1	 -42.5555	  173.0780
7.648	 2.07	 2	 -41.7148	  173.2776
7.653	 2.03	 1	 -41.6746	  174.3507
7.655	 2.24	 1	 -42.3374	  173.2015
7.658	 2.08	 1	 -42.3963	  173.2565
7.658	 2.10	 3	 -42.1737	  173.8566
7.659	 2.04	 1	 -42.4598	  173.1575
7.659	 2.10	 1	 -42.3040	  173.7315
7.662	 2.21	 3	 -42.1882	  174.1380
7.667	 2.20	 1	 -41.6501	  174.1992
7.668	 2.41	 1	 -41.7486	  174.2605
7.669	 2.25	 1	 -42.1080	  174.0735
7.669	 2.26	 1	 -42.3981	  173.8742
7.671	 2.99	 1	 -41.8473	  173.9806
7.671	 3.16	 2	 -42.4375	  173.2878
7.673	 3.06	 1	 -42.4214	  173.2915
7.673	 2.30	 1	 -42.3768	  173.9975
7.679	 2.85	 1	 -41.7286	  174.1827
7.682	 2.44	 1	 -42.1759	  173.9040
7.685	 2.03	 1	 -42.2853	  173.6325
7.687	 2.28	 1	 -42.1583	  173.8402
7.689	 3.88	 1	 -40.9753	  174.9693
7.694	 2.26	 1	 -41.7032	  174.1723
7.696	 3.22	 1	 -42.6039	  173.1266
7.697	 2.67	 1	 -41.7762	  174.2570
7.698	 2.02	 1	 -42.8384	  173.5405
7.703	 2.03	 1	 -42.1392	  173.7209
7.704	 3.18	 1	 -42.4195	  173.8210
7.707	 2.55	 1	 -42.4521	  173.8383
7.708	 2.34	 1	 -42.4154	  173.8179
7.714	 2.96	 1	 -42.3391	  173.6548
7.715	 2.08	 1	 -42.6832	  172.8150
7.715	 2.01	 1	 -42.4285	  173.3001
7.716	 2.25	 1	 -42.4859	  172.9734
7.719	 2.01	 1	 -41.7959	  173.3306
7.721	 2.43	 1	 -41.7058	  174.2218
7.722	 3.58	 2	 -42.3024	  173.4747
7.725	 2.34	 2	 -42.5359	  173.1797
7.727	 2.16	 1	 -41.6984	  174.1694
7.727	 3.14	 1	 -42.2357	  173.9636
7.729	 2.17	 1	 -41.7975	  174.4489
7.730	 2.09	 1	 -41.8715	  174.1867
7.733	 2.39	 1	 -42.5899	  174.0585
7.733	 2.03	 1	 -42.2793	  173.8904
7.735	 2.91	 1	 -42.5335	  173.9474
7.740	 2.64	 1	 -42.3393	  173.8372
7.740	 2.06	 1	 -42.4090	  173.9532
7.748	 2.25	 1	 -41.7923	  174.2840
7.749	 2.19	 1	 -42.4805	  173.1933
7.753	 2.63	 1	 -42.3972	  174.2103
7.759	 2.77	 1	 -42.1090	  174.1884
7.760	 2.09	 2	 -41.8211	  174.1077
7.764	 2.06	 1	 -42.3639	  173.0034
7.769	 2.19	 1	 -41.8833	  174.0233
7.771	 2.01	 1	 -42.3263	  173.8054
7.772	 2.65	 1	 -42.2128	  173.6647
7.774	 2.08	 1	 -42.0901	  173.7656
7.776	 2.42	 1	 -42.3684	  173.7486
7.778	 2.55	 1	 -41.8303	  174.1429
7.779	 2.17	 1	 -41.7494	  174.3964
7.779	 2.05	 1	 -42.0799	  173.7242
7.784	 2.05	 2	 -42.2891	  173.8129
7.785	 2.28	 1	 -42.4492	  173.4181
7.785	 2.13	 1	 -42.5074	  174.3367
7.790	 2.82	 1	 -42.2207	  174.0783
7.791	 2.01	 1	 -42.2555	  173.8027
7.792	 2.16	 1	 -42.2081	  173.8255
7.792	 2.24	 1	 -41.7018	  174.3099
7.793	 2.22	 3	 -42.4398	  173.2822
7.793	 2.59	 1	 -41.7335	  174.1962
7.795	 2.28	 1	 -42.6274	  173.5719
7.798	 2.02	 1	 -41.7240	  174.2636
7.802	 2.17	 1	 -42.5214	  173.1235
7.804	 2.10	 1	 -42.4733	  173.3719
7.808	 2.28	 1	 -42.3956	  173.2438
7.808	 2.21	 1	 -42.5843	  173.0279
7.809	 2.34	 1	 -41.7521	  174.2531
7.811	 2.17	 1	 -42.4837	  173.2787
7.811	 3.09	 1	 -41.7032	  174.3263
7.812	 2.25	 1	 -41.9433	  173.6628
7.813	 2.54	 2	 -42.4460	  173.7330
7.814	 2.94	 1	 -41.7965	  174.2124
7.815	 3.14	 1	 -42.4789	  173.4890
7.815	 2.17	 1	 -42.2957	  173.7448
7.818	 2.17	 1	 -41.6983	  173.4046
7.824	 2.26	 1	 -42.8521	  173.0780
7.826	 2.09	 2	 -41.8546	  174.2415
7.826	 2.63	 1	 -42.4896	  174.0299
7.826	 2.17	 1	 -42.3972	  173.1966
7.826	 3.17	 1	 -42.6793	  173.0630
7.827	 2.37	 1	 -41.7080	  174.2703
7.827	 2.64	 1	 -41.6761	  174.3172
7.829	 3.62	 1	 -42.7913	  173.7910
7.833	 2.38	 1	 -41.8495	  174.5490
7.835	 2.23	 1	 -41.5156	  174.3979
7.837	 2.38	 1	 -41.4468	  168.2739
7.838	 2.60	 1	 -42.2606	  173.7462
7.839	 2.22	 1	 -42.4112	  173.3428
7.839	 2.47	 1	 -42.2680	  173.0193
7.839	 2.47	 1	 -42.7690	  173.0573
7.840	 2.07	 1	 -42.7203	  173.7193
7.843	 2.24	 3	 -41.8641	  172.6045
7.845	 2.21	 1	 -41.5929	  174.2242
7.849	 2.23	 1	 -42.6682	  173.9983
7.856	 3.51	 1	 -42.0201	  173.7161
7.860	 3.26	 1	 -42.9211	  172.2230
7.863	 2.05	 1	 -42.6259	  172.5871
7.865	 2.59	 1	 -41.6386	  174.8036
7.868	 2.33	 1	 -42.2954	  173.7170
7.872	 2.08	 2	 -41.6861	  174.1613
7.875	 2.51	 2	 -42.6860	  173.0637
7.877	 2.16	 2	 -41.8597	  174.2173
7.879	 2.07	 1	 -42.1588	  173.5724
7.879	 2.14	 2	 -41.7073	  174.3507
7.881	 2.42	 1	 -42.2299	  173.8863
7.882	 2.36	 1	 -41.7804	  174.1965
7.882	 2.04	 1	 -42.2931	  173.8575
7.888	 4.50	 1	 -42.4952	  173.6621
7.894	 2.19	 1	 -42.1795	  173.6446
7.895	 2.34	 2	 -42.5055	  173.6881
7.896	 2.72	 1	 -42.3914	  174.0185
7.896	 2.43	 2	 -41.6882	  174.2172
7.897	 2.24	 1	 -42.4402	  173.3174
7.898	 2.34	 2	 -42.3019	  173.8205
7.899	 2.25	 1	 -41.8130	  174.2503
7.900	 2.02	 1	 -42.7509	  172.9146
7.901	 2.50	 1	 -42.3679	  173.4806
7.901	 2.13	 1	 -42.2860	  173.6247
7.902	 2.09	 1	 -42.1431	  173.7573
7.903	 2.08	 1	 -41.9736	  174.0433
7.904	 3.62	 1	 -41.8505	  173.4209
7.907	 2.46	 1	 -42.2654	  173.6884
7.908	 2.29	 2	 -42.5481	  173.5907
7.911	 2.12	 1	 -42.7299	  173.0305
7.918	 2.45	 2	 -41.7902	  174.2358
7.926	 2.17	 1	 -42.4066	  173.1147
7.927	 2.04	 1	 -42.2525	  173.7834
7.929	 2.43	 1	 -41.8281	  174.2404
7.929	 2.16	 2	 -42.5091	  173.5577
7.931	 2.37	 3	 -42.1473	  173.7891
7.931	 2.17	 1	 -42.4279	  173.3886
7.932	 2.40	 1	 -42.3930	  174.0588
7.933	 2.04	 2	 -42.4756	  173.6687
7.936	 2.41	 2	 -42.4928	  173.2352
7.939	 2.90	 2	 -42.5978	  173.1888
7.944	 2.59	 2	 -41.7278	  174.3911
7.944	 2.32	 1	 -42.5472	  173.4128
7.944	 2.47	 1	 -42.5807	  173.0028
7.949	 2.13	 1	 -41.7620	  174.3119
7.950	 2.20	 1	 -42.6777	  172.7977
7.950	 2.26	 1	 -42.3836	  174.0285
7.951	 2.31	 2	 -41.7039	  174.2379
7.952	 2.62	 1	 -41.8258	  174.2079
7.952	 2.03	 1	 -42.4799	  174.0276
7.960	 2.83	 1	 -41.8367	  174.2161
7.961	 2.39	 1	 -42.1346	  173.6955
7.961	 2.60	 1	 -42.3124	  173.7433
7.962	 2.08	 1	 -40.6961	  173.4309
7.964	 3.07	 1	 -41.7847	  174.2408
7.968	 2.29	 2	 -41.7878	  174.3562
7.971	 2.18	 1	 -42.3509	  173.6398
7.974	 2.21	 1	 -42.1036	  173.4585
7.978	 2.24	 1	 -42.5243	  173.0442
7.979	 2.05	 1	 -42.4442	  173.4481
7.984	 2.39	 2	 -41.7402	  174.2726
7.986	 2.74	 2	 -42.2498	  173.5664
7.986	 2.34	 1	 -42.9705	  173.2282
7.986	 3.48	 1	 -38.8760	  176.6434
7.992	 2.46	 1	 -42.6988	  173.0631
7.997	 2.08	 1	 -43.2374	  173.5609
7.998	 2.08	 2	 -42.1595	  174.4290
8.001	 2.83	 1	 -42.2465	  173.7614
8.001	 3.78	 1	 -42.3910	  173.5893
8.001	 2.06	 1	 -42.4439	  173.6734
8.005	 2.18	 2	 -42.4785	  173.1899
8.013	 2.16	 2	 -42.4863	  173.6642
8.016	 2.23	 2	 -42.4902	  173.6700
8.019	 2.70	 1	 -41.7328	  174.2409
8.020	 3.53	 2	 -43.2297	  173.5552
8.021	 2.55	 1	 -42.2962	  173.9759
8.022	 2.82	 1	 -42.6724	  172.5923
8.022	 2.20	 1	 -42.7592	  172.8367
8.024	 2.08	 1	 -42.4460	  173.7319
8.026	 2.06	 1	 -42.1813	  173.7643
8.027	 3.73	 1	 -42.4654	  173.1512
8.038	 2.15	 1	 -42.4013	  173.7801
8.038	 2.18	 1	 -41.6726	  174.2978
8.040	 2.41	 1	 -42.2582	  173.5740
8.043	 2.08	 2	 -42.0014	  173.7236
8.054	 2.24	 1	 -41.8714	  174.1396
8.056	 2.43	 1	 -41.7530	  174.3578
8.058	 2.11	 2	 -41.7830	  174.2873
8.059	 2.14	 1	 -42.0189	  173.8685
8.064	 2.22	 1	 -42.3059	  173.7369
8.067	 2.13	 1	 -41.7286	  174.2646
8.068	 2.12	 1	 -42.4248	  173.3320
8.068	 2.25	 1	 -42.8189	  173.0676
8.069	 2.11	 1	 -42.1036	  174.5457
8.071	 2.21	 2	 -42.5519	  173.7431
8.072	 2.02	 1	 -41.4994	  175.0098
8.073	 4.02	 1	 -42.5744	  173.2369
8.076	 2.22	 2	 -42.3825	  173.5501
8.078	 2.57	 1	 -41.0483	  177.3200
8.078	 2.83	 1	 -42.2889	  173.4965
8.079	 2.37	 1	 -41.9208	  174.1437
8.081	 2.10	 1	 -42.5967	  173.0293
8.081	 2.14	 1	 -42.0030	  173.8062
8.081	 2.75	 2	 -42.5744	  173.2381
8.082	 2.14	 1	 -42.3687	  173.0362
8.082	 3.47	 1	 -42.0081	  173.6965
8.083	 2.08	 1	 -41.6613	  174.3764
8.084	 2.50	 1	 -42.4445	  173.3514
8.084	 2.05	 3	 -42.4438	  173.6339
8.084	 2.28	 2	 -42.4016	  173.5544
8.087	 2.08	 2	 -42.6970	  172.6296
8.089	 2.83	 1	 -42.2108	  173.5352
8.096	 2.26	 1	 -42.2242	  173.8042
8.096	 2.91	 1	 -42.3190	  173.8723
8.102	 2.14	 2	 -42.7920	  173.7863
8.103	 2.82	 1	 -41.7147	  174.2688
8.104	 2.07	 2	 -41.8246	  174.2144
8.106	 2.22	 1	 -41.7297	  174.2454
8.107	 2.93	 1	 -42.7914	  172.7904
8.109	 2.97	 1	 -42.4370	  173.3974
8.110	 2.05	 1	 -41.8417	  173.9610
8.111	 2.71	 1	 -46.9484	  174.0873
8.112	 2.39	 1	 -42.3423	  173.5548
8.113	 2.36	 1	 -41.6310	  174.1713
8.114	 3.03	 2	 -42.3300	  173.5607
8.117	 3.74	 1	 -42.2661	  173.8652
8.117	 2.16	 2	 -41.8558	  173.4229
8.118	 2.56	 1	 -42.3417	  173.5856
8.120	 2.34	 1	 -42.0157	  173.6583
8.120	 2.88	 1	 -41.7630	  174.3440
8.120	 2.94	 1	 -42.2164	  173.8333
8.122	 2.37	 1	 -42.1469	  173.5936
8.124	 2.96	 3	 -42.6847	  173.0601
8.124	 2.22	 1	 -42.2698	  173.9939
8.128	 2.00	 1	 -42.0208	  173.6469
8.128	 2.74	 1	 -41.9771	  173.4740
8.129	 2.11	 1	 -42.2754	  173.9464
8.129	 2.50	 1	 -42.2759	  173.7711
8.131	 2.01	 1	 -42.6787	  173.1770
8.131	 3.05	 1	 -42.0871	  173.7545
8.133	 2.02	 1	 -42.6942	  172.9238
8.134	 2.05	 1	 -42.6244	  172.7719
8.135	 2.62	 1	 -41.8206	  174.0529
8.135	 2.43	 1	 -41.6832	  174.4304
8.137	 4.16	 1	 -42.6110	  173.1645
8.138	 2.45	 1	 -41.7116	  173.9075
8.140	 2.06	 1	 -41.7150	  174.1375
8.141	 2.32	 1	 -41.7265	  174.3120
8.142	 2.40	 2	 -42.4297	  173.4383
8.142	 2.25	 1	 -42.5485	  173.1502
8.145	 2.48	 1	 -42.5337	  173.1158
8.147	 3.88	 1	 -42.1014	  173.4183
8.149	 2.28	 2	 -42.0736	  173.4179
8.152	 2.23	 1	 -41.6069	  174.2710
8.152	 2.23	 1	 -42.1477	  173.7088
8.153	 2.20	 1	 -42.6210	  173.5221
8.154	 2.03	 1	 -42.4370	  173.9721
8.154	 4.19	 2	 -42.1129	  173.3988
8.155	 2.51	 2	 -42.5925	  173.1852
8.157	 2.64	 1	 -42.6802	  172.8881
8.158	 2.40	 1	 -41.6902	  174.2760
8.158	 2.45	 3	 -42.1035	  173.3953
8.159	 2.44	 1	 -42.5288	  172.9612
8.161	 2.50	 1	 -42.4752	  173.3661
8.162	 3.88	 1	 -41.7617	  174.1051
8.163	 2.08	 2	 -42.5223	  173.4844
8.163	 2.34	 1	 -41.8199	  174.1650
8.166	 2.18	 1	 -42.0255	  173.6809
8.167	 2.03	 1	 -41.9451	  174.0431
8.169	 2.27	 1	 -42.0989	  173.7723
8.170	 2.20	 1	 -41.7220	  174.2748
8.173	 2.73	 3	 -42.1369	  173.5462
8.174	 3.43	 1	 -43.0940	  173.0078
8.177	 2.41	 3	 -42.1062	  173.4106
8.177	 2.13	 1	 -41.7346	  174.3848
8.179	 2.36	 1	 -41.7549	  174.3254
8.179	 2.09	 1	 -42.0201	  173.7654
8.180	 2.16	 1	 -41.7163	  174.3652
8.180	 2.17	 2	 -42.0176	  173.6509
8.180	 2.14	 1	 -42.0163	  173.7255
8.183	 2.11	 1	 -41.7519	  174.3024
8.183	 3.13	 2	 -42.4655	  173.0872
8.185	 2.78	 1	 -43.3926	  171.9514
8.186	 2.65	 2	 -42.4872	  173.6646
8.186	 2.06	 1	 -42.3857	  173.1758
8.187	 2.51	 2	 -42.5319	  173.0698
8.188	 2.19	 1	 -42.5406	  174.0700
8.195	 3.17	 1	 -41.9640	  174.1149
8.197	 2.02	 2	 -41.7700	  174.3048
8.198	 2.69	 1	 -41.8587	  173.6192
8.198	 2.83	 1	 -41.9851	  174.0529
8.199	 2.57	 1	 -42.3427	  173.9193
8.202	 2.04	 2	 -41.6996	  174.2300
8.202	 2.38	 2	 -41.7310	  174.1151
8.204	 2.06	 1	 -42.4279	  173.5903
8.213	 2.18	 1	 -41.7917	  174.3365
8.216	 2.03	 3	 -42.1302	  173.4214
8.219	 2.73	 1	 -42.2231	  173.6908
8.220	 2.01	 1	 -44.4821	  167.4097
8.222	 2.02	 2	 -42.6120	  173.1667
8.222	 2.44	 1	 -42.6581	  172.8410
8.223	 2.08	 1	 -42.7137	  172.7747
8.228	 2.31	 1	 -41.6961	  174.2505
8.233	 2.67	 2	 -41.7450	  174.2827
8.234	 2.53	 1	 -41.9721	  173.6747
8.236	 2.06	 1	 -42.3689	  173.8840
8.238	 3.44	 1	 -42.5380	  173.1024
8.238	 2.34	 1	 -42.3112	  173.8512
8.242	 2.16	 2	 -41.8506	  173.4214
8.242	 2.23	 1	 -42.5223	  173.1409
8.243	 2.11	 1	 -42.6992	  173.1776
8.244	 2.19	 1	 -42.0966	  173.7609
8.247	 2.05	 1	 -42.7863	  172.4396
8.249	 3.00	 1	 -41.9142	  174.0809
8.249	 2.65	 1	 -42.3359	  174.1158
8.251	 2.15	 3	 -43.2391	  173.5825
8.253	 2.10	 1	 -42.3223	  173.7601
8.255	 2.18	 1	 -41.8088	  174.1452
8.255	 2.01	 1	 -42.5226	  172.6901
8.256	 2.36	 4	 -42.7933	  172.8930
8.265	 2.27	 1	 -42.3295	  173.9653
8.267	 2.33	 2	 -42.1333	  173.6819
8.271	 2.44	 1	 -42.2921	  173.8789
8.274	 2.23	 2	 -42.3916	  174.0609
8.275	 2.16	 1	 -41.6663	  174.2879
8.275	 2.11	 1	 -41.6853	  174.2353
8.277	 2.49	 1	 -42.2723	  173.9663
8.277	 2.25	 1	 -42.2829	  173.7335
8.277	 2.09	 1	 -42.3551	  174.0337
8.278	 2.85	 1	 -42.6709	  172.8145
8.279	 2.34	 1	 -41.8636	  174.3209
8.279	 2.97	 1	 -41.9913	  173.7560
8.279	 2.61	 1	 -41.8561	  175.1723
8.281	 2.09	 1	 -42.5805	  174.1454
8.281	 2.82	 1	 -42.2369	  173.6328
8.286	 2.01	 1	 -41.7187	  174.2753
8.288	 2.35	 1	 -42.4309	  173.0707
8.288	 2.35	 3	 -42.1335	  173.8874
8.289	 2.15	 1	 -42.4699	  173.1674
8.289	 2.23	 1	 -42.1425	  173.7811
8.291	 2.22	 1	 -42.5165	  173.1230
8.291	 2.87	 1	 -42.0443	  172.9051
8.292	 2.98	 1	 -41.5003	  172.8847
8.292	 2.28	 1	 -42.1477	  173.6242
8.297	 2.01	 2	 -42.5533	  173.0468
8.297	 3.15	 2	 -42.0965	  173.4221
8.301	 2.11	 1	 -41.6534	  174.3699
8.303	 2.38	 2	 -41.7876	  174.0886
8.304	 2.47	 1	 -42.2300	  173.5908
8.305	 2.17	 1	 -41.7592	  174.0816
8.307	 2.09	 2	 -41.7598	  174.0902
8.309	 2.09	 2	 -41.7008	  173.5027
8.310	 2.33	 1	 -42.1441	  173.5934
8.311	 2.62	 1	 -42.5325	  173.3164
8.315	 2.99	 1	 -42.0120	  173.6679
8.316	 2.19	 2	 -42.6217	  173.2147
8.317	 2.18	 1	 -42.0760	  172.9184
8.318	 2.35	 2	 -42.1245	  173.4138
8.324	 2.08	 1	 -41.8155	  174.2184
8.326	 2.97	 1	 -42.4525	  174.0457
8.326	 4.27	 2	 -41.8065	  173.8394
8.327	 2.80	 1	 -42.3168	  173.8539
8.330	 2.29	 2	 -42.0126	  173.6380
8.332	 2.24	 1	 -41.7150	  174.1783
8.337	 2.53	 1	 -42.6087	  173.0085
8.340	 2.34	 1	 -42.3769	  173.5736
8.340	 2.06	 1	 -41.8852	  174.0917
8.341	 3.08	 1	 -41.6910	  174.2267
8.346	 2.43	 1	 -41.9404	  173.9879
8.346	 2.21	 1	 -42.4406	  173.7101
8.347	 2.07	 1	 -42.3634	  173.2985
8.347	 2.42	 2	 -42.4314	  174.4292
8.347	 2.28	 1	 -42.3022	  173.8472
8.353	 2.65	 3	 -42.0693	  173.3685
8.361	 2.58	 1	 -41.6312	  173.5458
8.366	 2.11	 1	 -42.3901	  173.7290
8.366	 2.30	 1	 -42.2628	  173.8703
8.368	 3.09	 2	 -41.8238	  174.1137
8.368	 2.63	 3	 -41.8238	  173.8063
8.371	 2.87	 2	 -42.4329	  173.4568
8.371	 2.43	 1	 -41.7574	  174.1996
8.375	 2.05	 2	 -42.0091	  173.7368
8.383	 2.41	 1	 -42.1796	  173.5749
8.384	 2.38	 1	 -41.7396	  174.2206
8.385	 2.45	 1	 -42.2550	  173.5434
8.387	 2.09	 1	 -42.2177	  173.6776
8.388	 2.63	 1	 -42.4664	  173.3351
8.391	 2.28	 1	 -41.7515	  174.1718
8.392	 2.07	 1	 -42.5694	  173.8103
8.393	 2.42	 1	 -41.8653	  174.4176
8.396	 3.97	 1	 -41.7492	  174.2481
8.396	 2.56	 1	 -41.6920	  174.2993
8.401	 2.90	 1	 -41.9976	  173.6729
8.403	 2.02	 1	 -42.6622	  173.0151
8.407	 2.52	 1	 -41.7508	  174.1891
8.411	 2.23	 1	 -41.8269	  174.2457
8.414	 2.15	 1	 -42.6131	  172.9991
8.418	 3.27	 1	 -41.7089	  174.3100
8.420	 2.50	 1	 -41.9474	  174.4733
8.422	 2.14	 1	 -41.9220	  173.5328
8.425	 2.76	 1	 -42.3767	  173.6692
8.434	 2.08	 2	 -41.7871	  174.3028
8.434	 2.12	 3	 -41.7630	  174.2655
8.435	 2.62	 1	 -42.5539	  173.0078
8.450	 2.84	 3	 -42.4157	  174.4282
8.451	 2.15	 1	 -42.4508	  173.3087
8.453	 3.00	 1	 -41.9985	  173.7253
8.454	 2.61	 1	 -41.9783	  174.1568
8.454	 2.00	 1	 -41.7949	  174.1678
8.461	 2.01	 1	 -41.6256	  174.2206
8.463	 2.21	 1	 -42.5814	  172.9964
8.470	 3.09	 2	 -42.2093	  173.8261
8.472	 2.23	 1	 -42.3430	  173.9837
8.475	 2.29	 1	 -43.3911	  171.8522
8.476	 2.04	 1	 -42.6731	  173.0125
8.479	 2.37	 1	 -42.5358	  173.1741
8.480	 2.73	 1	 -42.6325	  173.0581
8.481	 2.12	 1	 -42.7506	  172.9986
8.484	 2.29	 2	 -41.6638	  174.2127
8.486	 2.22	 1	 -42.5892	  173.0229
8.489	 2.41	 1	 -42.2595	  173.6305
8.491	 2.08	 3	 -43.1958	  173.5272
8.491	 2.12	 1	 -42.4610	  173.7852
8.495	 2.18	 1	 -41.8430	  174.0868
8.500	 2.12	 1	 -42.4407	  173.1666
8.501	 2.06	 1	 -42.5154	  173.3200
8.502	 2.58	 1	 -39.9301	  178.9310
8.504	 4.40	 1	 -42.0098	  173.8427
8.505	 2.62	 1	 -42.1099	  173.7677
8.506	 2.28	 1	 -41.8351	  174.1377
8.509	 3.09	 1	 -41.7228	  174.1369
8.510	 2.09	 1	 -42.0351	  173.4296
8.516	 2.13	 2	 -42.5762	  173.2395
8.521	 2.09	 1	 -41.8197	  172.9806
8.523	 3.05	 1	 -41.7038	  174.3369
8.531	 2.38	 1	 -41.8348	  173.9415
8.532	 2.74	 1	 -42.5541	  173.0184
8.533	 2.64	 2	 -41.7213	  174.3363
8.534	 2.12	 1	 -41.7184	  174.3474
8.535	 2.03	 1	 -42.5856	  172.6865
8.536	 2.00	 1	 -42.2967	  174.0225
8.536	 2.70	 1	 -41.7608	  174.3473
8.537	 2.13	 1	 -41.9825	  173.4253
8.539	 2.26	 1	 -42.4966	  173.3774
8.540	 2.06	 1	 -42.3694	  173.7505
8.541	 2.18	 1	 -42.4083	  173.7778
8.541	 2.14	 2	 -42.9009	  172.2153
8.541	 2.14	 1	 -41.7446	  174.1877
8.542	 2.13	 1	 -38.7681	  172.9646
8.549	 2.59	 1	 -41.7998	  174.2574
8.550	 2.29	 1	 -41.7163	  174.2036
8.551	 2.46	 1	 -41.8872	  167.6193
8.554	 2.05	 2	 -42.3193	  173.8566
8.554	 2.05	 2	 -41.8429	  174.1641
8.554	 2.02	 1	 -42.3090	  173.8688
8.557	 3.18	 1	 -42.2710	  173.6255
8.564	 2.07	 1	 -41.6998	  174.2475
8.575	 2.00	 1	 -42.2885	  173.7875
8.578	 2.39	 1	 -42.6339	  173.2858
8.578	 2.69	 1	 -41.7492	  174.2760
8.580	 2.06	 1	 -41.7253	  174.0432
8.581	 2.02	 1	 -42.2236	  173.5303
8.582	 2.66	 1	 -41.6333	  174.2856
8.584	 2.01	 2	 -41.8856	  174.1291
8.587	 2.19	 2	 -41.3915	  168.2262
8.587	 2.38	 1	 -41.6164	  174.1539
8.587	 2.05	 1	 -42.5344	  172.9337
8.588	 2.09	 2	 -42.4513	  173.3463
8.588	 2.22	 1	 -42.4728	  173.3643
8.589	 2.75	 1	 -42.6920	  173.0661
8.590	 2.15	 1	 -41.8013	  174.2743
8.592	 2.55	 1	 -41.7604	  174.2948
8.593	 2.40	 4	 -41.8181	  173.8341
8.601	 2.35	 2	 -42.0114	  173.8395
8.601	 2.12	 1	 -42.5029	  172.7725
8.604	 2.58	 1	 -42.3625	  173.6783
8.605	 2.00	 3	 -42.0707	  173.3901
8.611	 3.03	 1	 -42.0506	  173.9922
8.613	 2.13	 2	 -42.0091	  173.8306
8.614	 2.16	 1	 -41.8114	  174.2882
8.619	 2.03	 1	 -41.7463	  174.1582
8.619	 2.26	 1	 -43.1058	  172.4187
8.624	 3.14	 1	 -42.2126	  173.6797
8.624	 2.67	 1	 -42.4314	  173.0829
8.625	 2.19	 1	 -42.6513	  172.7884
8.627	 2.41	 2	 -41.9827	  173.8673
8.627	 3.01	 2	 -42.0197	  173.7111
8.632	 2.24	 3	 -41.9967	  175.0536
8.633	 2.13	 3	 -42.0126	  173.8291
8.644	 2.52	 3	 -42.2967	  173.4800
8.645	 2.99	 1	 -41.2126	  177.6030
8.645	 3.33	 1	 -42.6057	  174.0727
8.646	 2.48	 1	 -41.6696	  174.2063
8.649	 2.22	 1	 -42.8448	  174.1084
8.656	 2.96	 1	 -42.3622	  173.6344
8.657	 2.19	 1	 -42.4068	  173.5447
8.661	 2.77	 2	 -42.0313	  173.8467
8.665	 2.12	 1	 -41.8261	  174.2494
8.666	 2.63	 2	 -41.7522	  174.2052
8.667	 2.63	 1	 -42.2889	  173.0497
8.669	 2.29	 1	 -41.6971	  174.2835
8.671	 2.90	 1	 -42.4935	  173.2807
8.673	 3.10	 2	 -42.6392	  174.0731
8.680	 2.05	 1	 -42.1403	  173.8212
8.680	 4.75	 1	 -42.3323	  174.0009
8.682	 2.22	 1	 -42.9714	  173.6271
8.682	 2.21	 1	 -42.5334	  173.3920
8.684	 2.37	 2	 -42.5374	  173.0664
8.687	 2.57	 2	 -42.3163	  173.9821
8.689	 2.43	 2	 -42.3052	  174.0157
8.690	 2.12	 2	 -42.3111	  173.9789
8.690	 3.20	 1	 -42.0128	  173.6744
8.696	 2.21	 2	 -42.3187	  174.0167
8.697	 2.31	 1	 -42.1332	  174.1438
8.698	 2.07	 1	 -42.4898	  172.9263
8.699	 2.11	 1	 -41.6922	  174.4329
8.700	 2.60	 2	 -42.4516	  174.0667
8.705	 2.15	 1	 -42.3394	  172.8368
8.706	 2.01	 1	 -42.2365	  173.7508
8.709	 2.44	 1	 -42.4447	  173.0488
8.710	 2.37	 1	 -41.6510	  174.4281
8.711	 2.22	 1	 -42.1830	  173.8250
8.715	 3.44	 3	 -42.1564	  173.5666
8.720	 3.09	 1	 -42.1028	  173.4610
8.721	 2.63	 1	 -42.7865	  172.5589
8.722	 2.76	 1	 -42.8700	  172.5015
8.722	 2.48	 1	 -42.6433	  173.2410
8.724	 2.73	 1	 -41.7569	  174.2618
8.724	 2.07	 2	 -41.7360	  174.0956
8.724	 2.28	 1	 -42.3822	  173.5316
8.727	 2.48	 2	 -41.7780	  174.1022
8.727	 2.20	 1	 -42.2853	  173.5212
8.727	 2.54	 1	 -42.7197	  172.7326
8.729	 2.31	 1	 -42.3021	  173.8199
8.733	 2.08	 2	 -42.2938	  174.0244
8.734	 2.28	 2	 -42.4608	  173.1635
8.737	 2.19	 1	 -47.1398	  172.1181
8.738	 2.60	 2	 -42.4060	  173.2611
8.741	 2.67	 1	 -42.5213	  173.1326
8.742	 2.00	 1	 -42.4844	  174.1235
8.745	 2.00	 1	 -42.2012	  173.6641
8.746	 2.02	 1	 -42.3599	  173.7050
8.747	 2.25	 1	 -41.7234	  174.3757
8.749	 2.15	 1	 -41.7397	  174.3227
8.750	 2.48	 1	 -42.6896	  171.7406
8.753	 2.83	 1	 -42.4515	  173.1425
8.759	 2.94	 1	 -42.1222	  173.5395
8.764	 2.70	 1	 -42.6583	  173.4075
8.765	 2.41	 1	 -42.2779	  173.6661
8.766	 2.24	 2	 -42.3380	  174.0132
8.770	 3.97	 2	 -41.9985	  173.6968
8.774	 2.11	 1	 -41.7008	  174.2839
8.777	 2.22	 2	 -42.1035	  173.4231
8.780	 2.29	 1	 -42.3072	  173.4097
8.780	 2.29	 1	 -42.3979	  173.3368
8.781	 2.19	 1	 -39.4086	  168.6671
8.782	 2.74	 1	 -42.2928	  173.9014
8.782	 2.01	 1	 -41.9203	  173.9537
8.787	 2.95	 1	 -43.5329	  173.3059
8.788	 2.02	 1	 -41.7247	  174.2897
8.790	 2.42	 3	 -42.1649	  173.8542
8.791	 2.09	 1	 -41.7352	  174.3797
8.792	 2.29	 1	 -42.7523	  173.0044
8.793	 2.10	 1	 -42.4729	  173.2869
8.795	 2.72	 1	 -42.6841	  173.0528
8.795	 2.57	 2	 -42.1228	  173.4857
8.796	 3.16	 1	 -41.7283	  174.2625
8.797	 2.75	 1	 -41.9205	  173.2739
8.800	 2.02	 2	 -42.1407	  174.2872
8.803	 2.03	 1	 -42.4730	  173.3533
8.803	 2.04	 1	 -41.5878	  174.4996
8.804	 2.75	 1	 -42.6121	  172.9754
8.807	 2.00	 1	 -42.3094	  176.6829
8.810	 2.30	 2	 -41.8101	  174.1979
8.810	 2.16	 1	 -41.7128	  173.8448
8.812	 2.02	 1	 -42.5206	  173.1179
8.813	 2.01	 1	 -41.9935	  174.3671
8.814	 2.20	 2	 -42.3048	  174.0338
8.815	 3.91	 1	 -42.4178	  173.1425
8.818	 2.31	 1	 -42.4169	  173.7871
8.820	 2.36	 2	 -42.5521	  173.1279
8.821	 2.20	 1	 -42.2641	  174.0387
8.823	 2.01	 1	 -42.2700	  173.5303
8.831	 2.09	 1	 -40.2041	  174.5501
8.832	 2.45	 1	 -42.6612	  173.1848
8.834	 2.11	 1	 -41.7369	  174.4346
8.834	 3.00	 2	 -42.2895	  174.0073
8.840	 3.20	 2	 -41.8029	  173.9450
8.840	 2.05	 1	 -42.5043	  173.0935
8.841	 2.47	 2	 -41.7709	  174.2831
8.842	 2.58	 1	 -42.3127	  173.1376
8.842	 2.66	 1	 -42.6535	  172.8621
8.843	 2.67	 1	 -42.3786	  173.5465
8.843	 3.55	 1	 -41.9456	  173.8532
8.846	 2.03	 2	 -42.3463	  173.9653
8.847	 2.28	 2	 -42.2509	  174.1565
8.852	 2.38	 1	 -42.4311	  173.6743
8.852	 2.37	 1	 -42.4867	  172.9422
8.855	 2.02	 1	 -41.6785	  174.3361
8.856	 3.63	 1	 -42.6125	  172.5935
8.856	 2.04	 1	 -42.5878	  173.1600
8.859	 2.70	 1	 -42.5730	  173.1614
8.867	 2.11	 1	 -42.2781	  173.6354
8.871	 2.04	 1	 -42.4249	  173.7393
8.872	 2.50	 1	 -41.6995	  174.3409
8.872	 2.37	 1	 -42.3913	  173.6399
8.872	 2.10	 1	 -42.4519	  173.1577
8.879	 2.97	 1	 -42.3356	  173.6582
8.880	 2.23	 2	 -42.3427	  174.0284
8.882	 2.17	 1	 -42.2145	  173.0101
8.886	 2.04	 1	 -41.6954	  174.3015
8.891	 2.43	 1	 -41.6849	  174.1684
8.891	 2.20	 2	 -42.0099	  173.8404
8.894	 2.32	 1	 -42.5176	  173.1259
8.899	 2.54	 1	 -41.7826	  174.2850
8.901	 2.10	 2	 -42.2954	  174.0844
8.902	 2.12	 1	 -42.6657	  172.8943
8.904	 2.06	 1	 -42.1771	  173.5885
8.905	 2.24	 1	 -42.4092	  173.7852
8.910	 2.67	 3	 -42.1363	  173.3867
8.913	 2.19	 1	 -42.2788	  173.8988
8.917	 3.21	 1	 -42.6236	  173.0443
8.918	 2.03	 1	 -41.6587	  174.1554
8.919	 2.29	 1	 -42.3717	  174.0700
8.921	 3.11	 1	 -42.1405	  173.5300
8.923	 2.11	 1	 -41.5231	  174.2211
8.924	 2.35	 1	 -42.6313	  173.0676
8.926	 2.21	 1	 -41.7396	  174.3875
8.926	 2.43	 1	 -42.3111	  173.7937
8.931	 2.39	 1	 -41.7800	  174.2439
8.934	 2.35	 1	 -41.6408	  174.3138
8.935	 2.26	 3	 -42.1790	  173.8814
8.936	 2.33	 2	 -42.0074	  173.8487
8.938	 2.25	 1	 -42.0361	  173.7235
8.940	 2.08	 1	 -42.1831	  173.6438
8.943	 2.46	 1	 -42.3548	  173.7844
8.946	 2.79	 1	 -41.7357	  174.3665
8.947	 2.05	 1	 -41.6251	  174.3308
8.948	 2.35	 1	 -44.6999	  174.5815
8.949	 2.06	 1	 -41.7532	  174.4991
8.950	 2.16	 1	 -42.7044	  172.8768
8.950	 4.00	 1	 -42.3870	  173.6373
8.954	 3.37	 2	 -42.0824	  173.3875
8.956	 2.04	 1	 -42.5457	  173.2773
8.956	 2.08	 1	 -42.4426	  172.9441
8.961	 2.19	 3	 -42.0010	  173.7274
8.961	 2.49	 1	 -42.0007	  173.6143
8.966	 2.08	 1	 -42.3459	  173.9272
8.972	 2.43	 3	 -41.7810	  174.5473
8.975	 2.12	 2	 -42.0354	  173.4309
8.975	 2.21	 2	 -42.1291	  173.5253
8.976	 2.42	 1	 -42.6258	  173.2228
8.977	 2.23	 1	 -42.5641	  173.5188
8.980	 2.52	 1	 -42.2502	  173.5224
8.980	 2.11	 1	 -41.4681	  174.3234
8.981	 2.06	 1	 -43.9689	  174.3781
8.981	 2.08	 2	 -42.3881	  173.6361
8.984	 2.08	 1	 -41.7263	  174.3841
8.984	 2.89	 1	 -41.7408	  173.5056
8.985	 2.36	 2	 -42.3530	  173.9575
8.997	 2.35	 1	 -42.4497	  173.1833
9.001	 2.33	 1	 -42.4320	  173.6488
9.003	 2.13	 2	 -42.2089	  173.0358
9.003	 2.50	 1	 -42.6503	  173.4816
9.004	 3.00	 1	 -41.7886	  174.2419
9.006	 2.60	 2	 -41.8517	  174.1634
9.009	 2.10	 1	 -42.3320	  174.0561
9.016	 2.60	 1	 -42.3688	  173.7767
9.022	 2.37	 2	 -42.5531	  172.9674
9.022	 2.02	 1	 -42.1311	  173.6754
9.022	 2.45	 1	 -41.5947	  174.4453
9.022	 2.71	 2	 -41.7650	  174.1066
9.024	 2.21	 1	 -41.8895	  173.9813
9.025	 2.62	 1	 -41.7232	  174.2868
9.027	 2.47	 1	 -42.9456	  172.4424
9.028	 2.07	 1	 -42.2112	  173.7152
9.028	 2.46	 2	 -42.0110	  173.8514
9.029	 2.02	 2	 -41.7573	  174.2032
9.030	 2.34	 1	 -42.2320	  173.1364
9.034	 3.50	 1	 -41.7273	  174.1098
9.035	 2.21	 1	 -41.6578	  174.1390
9.038	 2.49	 1	 -42.3924	  173.2845
9.039	 2.98	 1	 -42.5625	  173.1658
9.041	 2.20	 1	 -42.5826	  173.4656
9.041	 2.28	 2	 -41.7912	  174.2886
9.042	 2.11	 1	 -42.6217	  173.1623
9.044	 2.06	 1	 -41.7773	  174.2098
9.045	 2.01	 1	 -42.0184	  174.0676
9.046	 2.24	 1	 -41.6429	  174.2641
9.050	 2.11	 1	 -42.3455	  173.8260
9.054	 2.74	 1	 -42.6867	  175.9929
9.055	 2.18	 1	 -42.2632	  173.6011
9.057	 2.85	 1	 -41.7148	  174.1645
9.058	 2.30	 1	 -42.3852	  173.9126
9.067	 2.90	 1	 -42.2970	  173.9668
9.069	 2.32	 2	 -42.1215	  173.3564
9.070	 2.06	 1	 -41.7214	  174.4068
9.070	 2.05	 1	 -42.4680	  173.3380
9.072	 2.50	 1	 -42.3094	  173.8173
9.075	 2.87	 1	 -41.8378	  173.9349
9.075	 2.17	 1	 -41.7583	  174.2351
9.077	 2.41	 1	 -42.5318	  172.8239
9.080	 3.43	 2	 -42.4081	  173.6021
9.085	 2.10	 1	 -42.2612	  173.6737
9.087	 2.17	 1	 -42.3275	  173.8832
9.087	 2.10	 1	 -41.5484	  174.3675
9.087	 2.28	 2	 -41.7618	  174.2547
9.089	 2.63	 1	 -42.0784	  172.9413
9.090	 2.06	 1	 -42.4541	  173.3038
9.090	 3.19	 1	 -42.9623	  172.6385
9.090	 2.24	 2	 -42.0226	  173.9979
9.090	 2.70	 1	 -42.6608	  173.0524
9.100	 2.58	 1	 -42.6145	  172.9099
9.103	 2.57	 1	 -42.5360	  173.1507
9.104	 2.04	 1	 -43.2941	  173.7110
9.106	 2.44	 2	 -42.4219	  172.9960
9.108	 2.67	 2	 -41.6557	  174.3773
9.108	 2.36	 1	 -42.1007	  173.7174
9.108	 3.33	 1	 -42.4415	  173.4770
9.112	 2.27	 1	 -42.4048	  173.1942
9.119	 2.67	 2	 -42.6458	  173.4807
9.121	 2.38	 1	 -42.6975	  173.0086
9.122	 2.66	 1	 -42.4332	  172.7847
9.122	 3.79	 1	 -42.4902	  173.1364
9.123	 2.11	 1	 -41.6096	  174.0784
9.123	 2.01	 1	 -42.3235	  173.7204
9.123	 2.47	 1	 -42.4781	  173.1138
9.133	 3.03	 2	 -42.4328	  173.4726
9.136	 2.77	 1	 -42.2289	  173.6188
9.136	 2.54	 2	 -42.4325	  173.9283
9.137	 2.09	 2	 -42.6653	  173.4394
9.137	 2.11	 1	 -42.6895	  172.9912
9.138	 2.35	 3	 -41.9760	  173.7262
9.139	 2.63	 1	 -42.4463	  173.1838
9.140	 2.49	 1	 -41.8156	  174.2848
9.143	 2.92	 1	 -42.6934	  173.0019
9.152	 2.10	 1	 -41.8888	  174.1843
9.155	 2.02	 2	 -41.6645	  174.1069
9.158	 3.14	 1	 -42.4632	  173.3708
9.161	 2.04	 1	 -42.1548	  173.6284
9.163	 2.07	 1	 -41.7622	  174.3249
9.168	 2.48	 1	 -42.8383	  173.3510
9.169	 2.12	 1	 -41.8006	  174.2570
9.171	 2.24	 1	 -41.8078	  174.2749
9.172	 2.35	 1	 -42.8274	  172.9756
9.177	 2.07	 2	 -41.8352	  173.9218
9.177	 2.08	 1	 -42.6477	  174.1847
9.177	 2.42	 1	 -41.7509	  174.2580
9.178	 2.14	 1	 -42.2959	  173.8596
9.182	 2.01	 2	 -42.2236	  173.5973
9.184	 2.39	 1	 -41.6871	  174.1904
9.184	 2.49	 1	 -42.3527	  173.7716
9.184	 2.44	 1	 -42.3413	  173.3242
9.187	 2.03	 2	 -41.7507	  174.2387
9.191	 2.29	 1	 -41.6858	  174.3954
9.194	 2.25	 3	 -42.6481	  173.4816
9.202	 2.59	 1	 -42.5037	  173.2064
9.209	 2.43	 2	 -41.7066	  173.8781
9.213	 3.16	 1	 -42.4672	  173.7683
9.215	 2.60	 2	 -42.4873	  173.1408
9.216	 2.28	 1	 -41.7168	  174.2002
9.217	 2.18	 1	 -41.7237	  174.2887
9.220	 2.74	 1	 -42.3154	  173.6354
9.222	 2.04	 1	 -42.3127	  173.4811
9.230	 2.05	 2	 -42.6226	  173.1973
9.232	 2.55	 1	 -42.1962	  174.1577
9.232	 2.45	 2	 -42.6293	  173.1004
9.233	 2.02	 1	 -42.7375	  173.5924
9.234	 2.05	 1	 -42.3183	  173.7759
9.236	 2.50	 1	 -42.4271	  172.9697
9.236	 2.19	 1	 -42.3446	  173.6568
9.238	 2.48	 1	 -42.5804	  172.9222
9.240	 3.00	 2	 -42.3934	  173.6362
9.244	 2.33	 1	 -42.2458	  173.3234
9.246	 2.03	 1	 -42.1030	  173.9363
9.248	 2.24	 1	 -41.9683	  173.8797
9.251	 2.62	 2	 -42.4529	  173.4841
9.251	 2.02	 1	 -42.0267	  173.7010
9.253	 2.21	 2	 -42.0331	  173.7149
9.254	 2.39	 1	 -41.8929	  174.0560
9.257	 2.27	 1	 -42.0053	  174.0119
9.257	 2.03	 1	 -41.7481	  173.4324
9.257	 2.31	 1	 -41.7232	  174.3000
9.258	 2.93	 1	 -42.1520	  173.5865
9.259	 2.97	 1	 -42.6430	  172.8091
9.260	 2.81	 1	 -41.7471	  174.2454
9.273	 2.04	 1	 -41.8796	  173.9949
9.274	 2.27	 1	 -42.3707	  173.1888
9.275	 2.21	 1	 -42.5716	  173.1379
9.276	 2.18	 1	 -42.1029	  173.6727
9.276	 2.11	 1	 -42.4144	  174.0338
9.280	 2.40	 3	 -41.8108	  173.8949
9.282	 2.10	 1	 -41.6824	  174.0940
9.285	 2.46	 1	 -42.4266	  173.8993
9.285	 3.07	 1	 -41.7776	  174.1945
9.288	 2.32	 1	 -40.5283	  167.9719
9.289	 2.09	 1	 -42.6805	  173.3708
9.295	 2.26	 1	 -42.4349	  173.1348
9.298	 2.38	 2	 -41.8270	  173.9034
9.298	 2.04	 3	 -41.8750	  174.4069
9.299	 2.06	 1	 -41.7630	  174.2189
9.301	 2.82	 1	 -41.6929	  174.3079
9.303	 2.22	 1	 -41.8474	  173.9968
9.305	 3.07	 1	 -45.3686	  177.7923
9.306	 2.05	 2	 -42.3635	  173.9979
9.307	 2.24	 1	 -42.2281	  173.6633
9.310	 2.39	 2	 -42.5663	  173.1635
9.311	 2.32	 1	 -41.6947	  174.3050
9.317	 2.66	 1	 -42.4319	  173.0643
9.318	 2.04	 1	 -42.8426	  172.6531
9.320	 2.01	 1	 -41.7516	  174.2223
9.325	 2.53	 1	 -42.3641	  173.8990
9.327	 3.15	 1	 -41.8039	  174.3892
9.332	 2.13	 1	 -42.1807	  173.7806
9.338	 2.55	 1	 -42.3841	  173.5131
9.340	 3.03	 1	 -42.4765	  172.5738
9.340	 2.11	 1	 -42.5358	  173.1445
9.341	 2.09	 1	 -42.1973	  173.6301
9.342	 2.43	 1	 -42.5438	  173.2154
9.349	 2.45	 3	 -42.0916	  173.3788
9.352	 2.70	 1	 -42.3203	  173.6536
9.356	 3.52	 1	 -42.6113	  173.0174
9.361	 2.59	 1	 -42.2496	  173.6766
9.363	 2.88	 2	 -43.4823	  172.0174
9.365	 2.16	 2	 -41.4694	  175.4036
9.365	 2.10	 1	 -42.0553	  172.6109
9.368	 2.17	 1	 -42.8169	  172.9363
9.372	 3.25	 1	 -42.7083	  173.3838
9.372	 2.78	 1	 -42.4058	  173.3834
9.373	 2.13	 1	 -42.4136	  173.6296
9.373	 3.66	 1	 -42.4539	  173.2574
9.374	 2.17	 1	 -42.1660	  173.8233
9.374	 2.89	 1	 -41.7448	  173.6192
9.377	 2.42	 1	 -42.3447	  173.7021
9.380	 2.21	 1	 -42.3120	  173.6267
9.380	 2.04	 1	 -42.6313	  173.3162
9.381	 2.25	 1	 -42.7051	  173.3430
9.382	 2.05	 1	 -42.2022	  173.7370
9.382	 2.41	 1	 -42.3577	  173.6556
9.385	 2.37	 1	 -41.9517	  174.1060
9.395	 2.02	 1	 -41.5651	  174.1033
9.397	 3.52	 1	 -42.4051	  173.5703
9.400	 2.05	 1	 -42.2556	  173.7624
9.403	 2.45	 1	 -42.6788	  173.1264
9.409	 2.25	 1	 -41.6795	  177.9920
9.409	 2.18	 3	 -42.6297	  173.1057
9.409	 2.45	 2	 -42.4927	  173.1346
9.412	 2.80	 1	 -41.7400	  174.2227
9.417	 2.33	 1	 -42.2514	  173.6605
9.419	 2.91	 1	 -41.9997	  173.9834
9.421	 2.22	 1	 -42.2147	  173.6862
9.422	 2.57	 1	 -42.2314	  173.5844
9.424	 2.46	 1	 -42.4960	  172.9951
9.426	 2.07	 3	 -42.4514	  173.5369
9.430	 2.56	 1	 -41.6781	  174.1344
9.434	 2.41	 1	 -42.5322	  173.1187
9.435	 2.01	 1	 -41.6090	  174.2885
9.437	 2.11	 1	 -41.6446	  174.3222
9.438	 2.03	 1	 -42.6347	  172.8795
9.439	 2.61	 2	 -41.6919	  174.3486
9.441	 2.50	 1	 -42.3462	  173.9456
9.441	 3.94	 1	 -42.6320	  174.0900
9.444	 2.42	 1	 -41.8261	  174.2716
9.445	 2.41	 2	 -41.6845	  174.0376
9.447	 2.16	 1	 -42.4444	  173.2661
9.447	 2.66	 2	 -42.3467	  173.9448
9.450	 2.16	 1	 -42.3341	  173.2761
9.452	 2.12	 2	 -42.7026	  173.1667
9.454	 2.40	 1	 -42.6772	  171.7646
9.455	 2.70	 1	 -42.3750	  173.5924
9.458	 2.81	 1	 -41.7091	  174.2470
9.459	 2.42	 1	 -42.0805	  173.8952
9.462	 2.26	 1	 -42.4071	  173.9673
9.465	 2.65	 1	 -41.6578	  174.1898
9.466	 2.12	 1	 -42.2904	  173.6568
9.466	 2.13	 1	 -42.3810	  173.5320
9.468	 2.21	 1	 -41.8052	  174.2324
9.471	 2.13	 1	 -41.9143	  174.0703
9.472	 3.23	 2	 -42.3469	  173.9171
9.476	 2.31	 1	 -41.7075	  174.3087
9.477	 2.30	 1	 -41.7423	  174.2996
9.477	 2.51	 1	 -41.9919	  173.5710
9.477	 2.28	 1	 -41.7582	  174.2165
9.478	 2.07	 1	 -41.6889	  174.1867
9.480	 2.11	 1	 -42.4237	  173.6152
9.482	 2.24	 1	 -42.6309	  173.0917
9.485	 2.22	 1	 -42.3267	  173.5071
9.486	 2.20	 1	 -42.6543	  172.7858
9.489	 2.12	 1	 -42.6123	  173.8804
9.490	 2.18	 1	 -42.4340	  173.4630
9.492	 2.47	 1	 -42.2901	  173.7438
9.492	 2.27	 1	 -41.7138	  174.3317
9.494	 2.58	 1	 -42.7181	  173.2460
9.496	 3.54	 2	 -41.8064	  174.3874
9.498	 2.25	 2	 -41.7343	  174.3237
9.500	 2.72	 1	 -43.1892	  172.1832
9.500	 3.30	 1	 -42.2558	  173.8522
9.501	 2.08	 1	 -42.6310	  172.8103
9.504	 2.23	 1	 -42.4817	  173.2817
9.506	 2.65	 1	 -41.7860	  174.2535
9.507	 2.13	 2	 -42.6299	  174.1998
9.510	 2.19	 1	 -42.5651	  173.1964
9.512	 2.13	 2	 -41.7165	  174.3651
9.514	 2.32	 1	 -42.5661	  172.9584
9.514	 2.33	 1	 -42.1913	  173.8713
9.515	 2.52	 2	 -42.6394	  172.8214
9.515	 2.22	 1	 -42.6669	  172.6067
9.516	 2.94	 1	 -41.8168	  174.3378
9.518	 2.67	 2	 -42.3790	  173.6440
9.520	 2.26	 1	 -41.9116	  174.1117
9.524	 3.49	 1	 -42.5652	  173.0828
9.528	 2.01	 1	 -42.6874	  172.8877
9.528	 2.53	 1	 -42.5312	  173.9032
9.530	 2.45	 2	 -42.4408	  173.3186
9.530	 2.15	 1	 -41.6426	  175.3018
9.530	 2.41	 1	 -41.7467	  174.4623
9.531	 2.36	 1	 -42.5852	  172.8701
9.532	 2.59	 1	 -42.3104	  174.0197
9.533	 2.38	 1	 -41.6528	  174.3209
9.534	 2.25	 1	 -42.3441	  173.0722
9.540	 2.49	 1	 -41.7507	  174.2279
9.540	 2.25	 2	 -42.5132	  173.0992
9.541	 2.03	 1	 -42.5520	  172.8629
9.544	 2.26	 3	 -42.0978	  173.8043
9.545	 2.02	 1	 -41.6890	  174.2390
9.545	 2.00	 3	 -42.3793	  173.6409
9.545	 3.07	 2	 -41.7414	  174.3190
9.552	 2.00	 1	 -42.3108	  174.2906
9.555	 2.74	 1	 -41.7912	  174.2016
9.562	 2.27	 1	 -42.7030	  173.0857
9.571	 2.11	 2	 -42.6266	  174.0754
9.571	 2.33	 2	 -41.7946	  174.3110
9.576	 2.28	 2	 -42.4368	  173.6767
9.577	 2.95	 1	 -41.7228	  174.3442
9.583	 5.56	 2	 -41.9514	  173.8478
9.583	 2.38	 1	 -41.7654	  174.2676
9.585	 2.40	 3	 -41.7678	  173.8340
9.586	 3.06	 2	 -42.5316	  173.9041
9.586	 2.17	 1	 -42.3895	  172.3187
9.587	 2.01	 3	 -41.9217	  173.7907
9.587	 2.06	 1	 -42.2866	  173.7529
9.587	 3.67	 2	 -41.6327	  174.2717
9.589	 2.16	 3	 -41.8898	  173.9331
9.589	 2.60	 1	 -42.0206	  173.8117
9.592	 2.18	 3	 -41.9153	  173.6243
9.593	 3.28	 3	 -41.9460	  173.8192
9.594	 2.21	 3	 -41.9734	  173.7041
9.594	 2.08	 2	 -38.3890	  176.1134
9.595	 2.80	 3	 -41.8965	  173.9292
9.597	 2.61	 3	 -41.9473	  173.8091
9.599	 2.18	 3	 -41.9094	  173.8319
9.599	 2.08	 3	 -41.9464	  173.8358
9.600	 2.35	 1	 -42.2025	  174.0388
9.600	 2.63	 1	 -42.2631	  173.4959
9.601	 2.32	 1	 -42.8281	  172.9591
9.602	 2.99	 3	 -42.0465	  173.7686
9.605	 2.67	 1	 -41.9451	  173.6995
9.606	 2.03	 3	 -41.9652	  173.9450
9.606	 2.04	 1	 -42.4058	  174.0551
9.606	 2.22	 3	 -41.9762	  173.8702
9.608	 2.00	 2	 -42.5437	  173.2145
9.610	 3.58	 1	 -42.4729	  173.3489
9.613	 2.28	 1	 -41.8074	  174.5366
9.614	 2.17	 1	 -42.2542	  173.5781
9.615	 2.30	 3	 -41.9415	  173.8805
9.617	 2.26	 1	 -42.5818	  173.3311
9.620	 2.36	 2	 -41.6477	  174.7703
9.622	 2.62	 1	 -42.1491	  173.6116
9.624	 2.47	 3	 -42.0282	  173.6984
9.624	 2.07	 3	 -41.9197	  173.7518
9.627	 2.29	 3	 -41.9234	  173.8709
9.627	 2.13	 2	 -42.5123	  173.1652
9.631	 2.29	 3	 -41.9685	  173.8856
9.633	 2.54	 1	 -41.6912	  174.2187
9.633	 3.13	 2	 -42.3467	  173.9462
9.634	 2.28	 1	 -42.4884	  173.2164
9.634	 2.41	 3	 -41.9656	  173.7986
9.634	 2.06	 1	 -42.3806	  173.6278
9.635	 2.48	 1	 -42.4679	  173.2169
9.636	 2.16	 3	 -41.8252	  174.3770
9.637	 2.04	 1	 -42.3946	  174.0455
9.639	 2.12	 3	 -41.5163	  174.3000
9.639	 2.05	 2	 -41.8508	  173.9667
9.639	 2.15	 1	 -42.0508	  174.0949
9.640	 2.26	 3	 -41.9590	  173.8458
9.642	 2.64	 1	 -41.7404	  173.1243
9.645	 2.23	 1	 -41.6901	  174.2127
9.645	 2.23	 1	 -41.7182	  174.1635
9.649	 2.04	 1	 -42.6753	  173.1129
9.652	 2.37	 3	 -41.9256	  173.8317
9.652	 2.33	 1	 -41.5581	  174.4532
9.654	 2.08	 3	 -42.0120	  173.8729
9.657	 2.11	 1	 -42.3016	  173.7244
9.661	 2.16	 3	 -41.9173	  173.8624
9.661	 2.16	 3	 -41.8797	  173.9074
9.666	 2.51	 2	 -42.3863	  173.6353
9.666	 2.57	 1	 -42.1261	  173.7761
9.667	 2.01	 3	 -42.1035	  174.1012
9.667	 2.01	 1	 -41.5589	  174.0102
9.667	 2.60	 1	 -41.7335	  174.3493
9.669	 2.40	 1	 -41.6662	  174.3054
9.672	 2.01	 3	 -41.9314	  173.8406
9.673	 2.10	 2	 -41.7487	  173.6091
9.677	 2.33	 1	 -42.5809	  173.0046
9.679	 2.64	 1	 -41.8249	  174.2499
9.679	 2.33	 1	 -42.4158	  173.8489
9.680	 3.68	 3	 -41.6392	  173.6663
9.681	 2.58	 1	 -42.4541	  173.8781
9.682	 2.66	 2	 -42.6224	  174.0546
9.683	 2.60	 1	 -41.9468	  174.0315
9.683	 2.25	 2	 -42.5346	  173.1157
9.687	 2.11	 1	 -42.4934	  173.1713
9.690	 2.21	 3	 -41.9959	  173.7472
9.690	 2.26	 2	 -42.5334	  172.9586
9.693	 2.15	 1	 -42.2880	  173.6874
9.693	 2.36	 3	 -41.9590	  173.9327
9.694	 2.06	 3	 -41.9559	  173.8535
9.695	 2.17	 1	 -42.6378	  172.9590
9.696	 2.10	 3	 -41.6953	  174.1584
9.700	 3.28	 1	 -42.3676	  173.7912
9.701	 2.98	 1	 -42.4660	  173.4363
9.702	 2.01	 2	 -41.7491	  169.9276
9.708	 2.75	 1	 -42.6107	  173.3777
9.709	 2.86	 1	 -42.0228	  173.6732
9.709	 2.40	 3	 -41.9837	  173.7894
9.710	 2.29	 3	 -41.8892	  174.0248
9.711	 2.30	 3	 -41.9747	  173.9304
9.718	 2.24	 3	 -41.9405	  173.8738
9.719	 2.07	 1	 -41.9464	  173.7552
9.720	 2.06	 3	 -41.8445	  173.3415
9.724	 2.28	 3	 -41.7845	  173.8308
9.726	 2.07	 3	 -41.1645	  173.7621
9.728	 2.93	 3	 -41.9352	  173.8252
9.729	 2.55	 1	 -41.7164	  174.2645
9.731	 2.13	 1	 -42.4660	  173.7076
9.731	 2.50	 2	 -42.6785	  173.0488
9.736	 2.01	 4	 -42.0574	  173.2588
9.736	 2.35	 1	 -42.3786	  173.8108
9.738	 2.50	 3	 -41.8975	  173.8574
9.740	 3.18	 1	 -42.3212	  173.7702
9.743	 3.21	 3	 -41.8640	  173.8012
9.744	 2.15	 3	 -41.9362	  173.8694
9.751	 2.45	 1	 -42.2576	  173.6820
9.752	 2.32	 1	 -41.7993	  174.2339
9.753	 2.66	 1	 -42.5946	  173.2074
9.755	 2.04	 1	 -42.5238	  173.1166
9.755	 2.25	 3	 -41.8081	  173.9608
9.757	 4.42	 1	 -42.4995	  173.3486
9.762	 2.04	 3	 -42.3953	  173.6304
9.762	 2.47	 2	 -41.7532	  174.2724
9.762	 2.54	 1	 -42.2692	  173.5792
9.765	 2.66	 3	 -42.3477	  173.9393
9.766	 2.38	 1	 -42.6774	  173.0255
9.766	 2.38	 3	 -37.6488	  172.0910
9.767	 2.23	 3	 -41.9188	  173.8950
9.768	 2.39	 2	 -42.5231	  173.1262
9.768	 2.34	 3	 -38.8329	  175.0106
9.769	 2.66	 1	 -42.2934	  173.3102
9.770	 2.28	 1	 -42.3066	  173.7371
9.770	 2.93	 1	 -41.8665	  174.2171
9.770	 2.75	 3	 -41.9611	  173.8840
9.771	 3.28	 1	 -42.6197	  173.5215
9.773	 2.34	 2	 -41.7235	  174.2717
9.773	 2.69	 1	 -41.9599	  173.6157
9.775	 3.64	 1	 -37.7886	  174.1466
9.777	 2.37	 1	 -42.1098	  173.5317
9.777	 2.14	 1	 -42.2374	  173.5249
9.777	 2.08	 1	 -42.1541	  173.5866
9.778	 2.25	 1	 -42.3320	  173.9105
9.779	 2.01	 2	 -41.8506	  173.7637
9.779	 2.85	 1	 -42.6503	  173.8561
9.780	 3.00	 1	 -42.3855	  172.7265
9.782	 2.03	 2	 -42.2655	  173.8202
9.782	 3.33	 4	 -41.9608	  173.8826
9.785	 2.90	 1	 -42.3676	  173.9984
9.786	 2.36	 1	 -41.9766	  173.6456
9.787	 2.71	 2	 -41.6830	  174.2405
9.787	 2.65	 3	 -42.0034	  173.8597
9.787	 2.23	 3	 -42.9443	  174.4482
9.791	 2.45	 1	 -42.4793	  174.1154
9.792	 2.17	 1	 -42.6605	  172.9784
9.794	 2.34	 1	 -41.9536	  174.0679
9.800	 2.04	 3	 -41.8969	  173.8943
9.800	 2.54	 1	 -41.7228	  174.4233
9.800	 2.40	 1	 -42.4417	  173.0100
9.806	 3.07	 3	 -41.6585	  174.2615
9.808	 2.10	 1	 -42.1249	  174.2197
9.812	 2.22	 1	 -41.6283	  174.2130
9.812	 2.12	 1	 -41.7193	  174.2058
9.813	 2.36	 1	 -42.0266	  173.7470
9.813	 2.17	 1	 -42.3446	  173.6344
9.817	 3.09	 1	 -42.0363	  173.9737
9.818	 2.10	 3	 -41.9969	  173.9848
9.821	 2.27	 1	 -41.6332	  174.4902
9.824	 2.26	 1	 -41.7999	  174.1626
9.825	 2.28	 3	 -41.9758	  173.8863
9.827	 2.73	 3	 -42.1452	  173.8437
9.828	 2.11	 1	 -42.3426	  173.7487
9.828	 2.75	 2	 -41.6677	  172.7995
9.828	 2.80	 1	 -41.6916	  174.0455
9.828	 3.28	 1	 -41.6705	  174.2610
9.834	 2.74	 3	 -42.6150	  173.1614
9.835	 2.07	 1	 -42.1084	  174.5049
9.836	 2.58	 2	 -41.4572	  173.9398
9.836	 2.30	 1	 -42.3440	  173.8832
9.836	 2.06	 2	 -42.4189	  173.4621
9.839	 2.60	 4	 -41.6355	  173.6571
9.842	 2.47	 3	 -41.8888	  173.8373
9.843	 2.01	 1	 -41.6655	  174.2590
9.844	 3.34	 1	 -41.7365	  174.2065
9.845	 2.09	 1	 -41.7483	  174.3978
9.845	 3.48	 1	 -41.8368	  174.1066
9.846	 2.30	 1	 -41.9242	  173.6253
9.847	 3.19	 1	 -42.3391	  174.0111
9.849	 2.06	 1	 -41.8280	  174.0098
9.851	 2.13	 2	 -42.4063	  173.5676
9.851	 2.07	 2	 -42.3224	  173.9528
9.854	 2.35	 3	 -42.0186	  173.0820
9.854	 2.39	 1	 -42.3803	  173.7829
9.855	 3.73	 3	 -41.9511	  173.9760
9.860	 2.20	 2	 -41.8108	  174.5365
9.863	 3.10	 1	 -42.2294	  173.6702
9.863	 2.46	 3	 -41.9474	  173.8225
9.866	 2.25	 1	 -42.5653	  173.8997
9.867	 2.17	 3	 -37.4676	  174.3033
9.869	 2.01	 4	 -42.0124	  173.8734
9.869	 3.56	 3	 -41.9043	  173.7703
9.871	 2.33	 1	 -42.5973	  173.2195
9.873	 2.90	 2	 -41.6269	  174.2137
9.873	 2.05	 1	 -41.7840	  174.3250
9.877	 2.59	 1	 -41.3940	  174.3633
9.877	 2.17	 2	 -42.4256	  173.4827
9.879	 2.18	 2	 -42.8781	  173.8952
9.880	 2.15	 1	 -41.7427	  174.1938
9.882	 2.07	 1	 -41.6724	  174.3076
9.883	 2.55	 2	 -42.5931	  172.5883
9.884	 2.99	 1	 -41.8157	  174.1747
9.886	 2.39	 3	 -41.9087	  173.8081
9.891	 3.67	 3	 -41.9196	  174.0364
9.891	 2.19	 3	 -41.0809	  174.5488
9.894	 2.39	 1	 -42.3401	  173.9398
9.896	 2.16	 2	 -42.2323	  173.6721
9.898	 2.31	 4	 -41.9038	  173.7640
9.898	 2.54	 1	 -41.7164	  174.3092
9.900	 2.94	 3	 -41.6628	  172.7990
9.901	 2.07	 1	 -42.4473	  173.7948
9.907	 2.71	 1	 -42.8805	  173.9631
9.908	 2.01	 1	 -42.3580	  173.1923
9.910	 3.02	 1	 -42.3647	  174.0248
9.910	 2.44	 1	 -41.7384	  174.4564
9.910	 2.66	 1	 -42.1325	  173.8710
9.912	 4.33	 1	 -41.7323	  174.1931
9.914	 2.51	 1	 -42.0414	  173.7538
9.915	 2.22	 3	 -41.9639	  173.8749
9.918	 2.21	 2	 -41.7710	  174.2409
9.918	 2.61	 2	 -41.7374	  174.2098
9.919	 2.73	 2	 -42.4684	  173.4392
9.925	 2.14	 3	 -41.9824	  174.0324
9.925	 2.13	 2	 -42.5196	  173.3465
9.927	 2.15	 3	 -41.9439	  173.8294
9.927	 2.31	 2	 -42.3167	  174.0416
9.928	 2.03	 1	 -42.4467	  173.1321
9.931	 2.34	 1	 -42.5717	  173.0612
9.932	 2.32	 1	 -42.1040	  173.6006
9.932	 3.11	 1	 -41.7162	  174.2673
9.933	 2.98	 3	 -40.6372	  174.8087
9.935	 2.07	 3	 -41.8748	  173.7436
9.938	 2.29	 1	 -42.3750	  173.7187
9.942	 2.05	 1	 -41.8252	  174.0052
9.942	 2.20	 2	 -42.5005	  173.3752
9.943	 2.07	 1	 -42.3200	  173.2438
9.948	 2.21	 1	 -42.4920	  172.9928
9.948	 2.35	 3	 -41.8650	  173.7756
9.949	 2.82	 1	 -41.6419	  174.1991
9.950	 2.30	 2	 -41.8664	  174.2171
9.950	 2.49	 3	 -41.6944	  173.9400
9.952	 2.17	 1	 -42.4251	  173.1618
9.952	 2.71	 2	 -42.0073	  174.0025
9.956	 2.47	 1	 -42.6171	  173.0759
9.961	 3.64	 3	 -41.9701	  173.7582
9.961	 2.11	 1	 -42.4652	  173.1894
9.966	 2.32	 1	 -42.4902	  173.3165
9.967	 2.14	 1	 -42.1501	  173.8040
9.967	 2.13	 1	 -41.7511	  174.3634
9.968	 2.19	 4	 -41.9292	  173.6795
9.969	 2.22	 1	 -42.6259	  173.0572
9.972	 2.24	 1	 -42.3613	  173.3717
9.972	 2.10	 3	 -41.9473	  173.8446
9.973	 2.69	 3	 -41.9839	  174.1821
9.973	 3.65	 1	 -42.4857	  173.1497
9.976	 2.25	 1	 -42.6037	  173.4339
9.980	 2.18	 2	 -41.7882	  174.1767
9.981	 2.09	 1	 -41.6987	  174.4175
9.982	 2.11	 3	 -41.8546	  173.8298
9.982	 3.34	 1	 -41.8045	  174.2502
9.983	 3.00	 1	 -42.3377	  174.0395
9.984	 2.60	 1	 -42.4078	  173.3874
9.986	 2.21	 1	 -42.2222	  173.7923
9.991	 2.28	 1	 -41.7658	  174.3402
9.992	 2.95	 2	 -43.0874	  173.0215
9.993	 2.85	 3	 -41.7960	  173.8492
9.994	 2.27	 1	 -42.1989	  173.4727
9.995	 2.09	 1	 -41.7131	  174.7786
9.997	 2.07	 1	 -41.7889	  174.3673
10.006	 2.58	 1	 -41.7183	  174.3180
10.006	 2.32	 1	 -41.6627	  174.3451
10.008	 2.00	 1	 -42.3370	  173.1652
10.012	 2.09	 1	 -42.4342	  172.8327
10.016	 2.02	 2	 -42.6328	  174.1094
10.016	 2.54	 4	 -41.1679	  173.7607
10.016	 3.63	 1	 -41.6512	  174.3377
10.017	 2.39	 1	 -42.1501	  173.5458
10.017	 3.82	 1	 -42.5334	  170.4433
10.019	 2.20	 1	 -41.8716	  173.9507
10.020	 2.15	 2	 -41.8526	  174.0623
10.021	 2.04	 1	 -42.5194	  172.9993
10.021	 2.48	 2	 -42.5451	  170.4207
10.028	 2.12	 2	 -42.5104	  173.1201
10.030	 2.28	 3	 -41.8995	  173.7381
10.031	 2.36	 1	 -46.4118	  175.7326
10.036	 2.68	 1	 -42.2766	  173.7156
10.038	 2.65	 1	 -42.2530	  173.7074
10.038	 2.75	 1	 -42.1351	  173.5152
10.040	 2.04	 1	 -42.3729	  173.7340
10.042	 4.34	 3	 -41.9659	  173.8921
10.043	 2.74	 3	 -41.9653	  173.8250
10.044	 2.22	 1	 -42.1931	  173.5885
10.045	 2.09	 2	 -41.8530	  175.1711
10.047	 2.03	 1	 -42.1497	  173.6038
10.049	 2.29	 4	 -42.0136	  173.8643
10.051	 2.56	 1	 -42.4658	  173.1834
10.051	 2.18	 1	 -41.7717	  174.1709
10.052	 2.68	 2	 -42.0199	  173.7162
10.052	 2.01	 3	 -41.9996	  173.6949
10.054	 3.00	 3	 -41.9628	  173.8591
10.054	 2.53	 2	 -42.5156	  173.4720
10.059	 2.51	 4	 -40.6357	  174.8056
10.059	 2.22	 2	 -42.4998	  173.2934
10.064	 2.45	 2	 -41.6208	  174.3967
10.064	 2.18	 2	 -41.7338	  174.4178
10.065	 2.13	 1	 -41.6887	  174.3252
10.066	 2.01	 1	 -41.6345	  174.1958
10.066	 2.26	 1	 -42.4321	  174.4421
10.068	 2.11	 1	 -41.9675	  173.6973
10.070	 2.73	 1	 -42.3566	  172.8652
10.072	 3.20	 1	 -41.7887	  174.1810
10.073	 2.05	 1	 -42.2888	  173.3187
10.073	 2.63	 1	 -42.6783	  172.9380
10.074	 2.88	 2	 -42.3881	  173.6333
10.077	 2.02	 3	 -41.9681	  173.8326
10.081	 2.22	 1	 -42.4642	  173.4673
10.083	 3.05	 1	 -41.7046	  174.3360
10.084	 2.07	 2	 -42.3180	  174.0063
10.086	 2.04	 2	 -41.7197	  174.1672
10.087	 2.11	 1	 -42.5054	  173.1059
10.089	 2.06	 1	 -42.8963	  173.7446
10.090	 2.04	 1	 -42.2247	  173.8192
10.090	 2.07	 1	 -42.0345	  173.3522
10.098	 2.55	 1	 -42.4689	  173.0867
10.099	 2.29	 2	 -41.7033	  174.0423
10.099	 2.44	 1	 -42.2279	  173.7859
10.100	 2.28	 2	 -42.3627	  173.8989
10.101	 2.46	 1	 -42.4047	  173.8315
10.102	 2.15	 1	 -42.3640	  173.8167
10.103	 2.37	 1	 -41.7102	  174.2404
10.104	 2.91	 2	 -42.4786	  173.3680
10.107	 2.21	 2	 -41.6496	  174.3243
10.108	 2.04	 4	 -42.0511	  173.3277
10.109	 2.52	 2	 -42.4539	  173.3377
10.112	 2.49	 1	 -42.0283	  174.0309
10.112	 2.79	 2	 -41.9727	  173.6165
10.113	 2.62	 1	 -42.6554	  172.8129
10.119	 2.46	 2	 -42.3400	  174.0567
10.122	 2.07	 1	 -42.5433	  173.1350
10.125	 2.01	 1	 -42.0333	  173.7555
10.129	 2.27	 1	 -42.3823	  173.4499
10.136	 2.54	 1	 -42.1956	  173.7150
10.137	 2.17	 1	 -42.2023	  173.5600
10.138	 2.15	 1	 -42.5145	  173.1107
10.138	 2.87	 2	 -41.6458	  174.3436
10.139	 2.03	 1	 -42.3287	  173.0254
10.141	 3.18	 2	 -41.9730	  173.6791
10.145	 2.33	 1	 -42.7376	  173.1283
10.145	 2.50	 1	 -41.7033	  174.2849
10.145	 2.16	 1	 -42.3271	  173.7283
10.147	 2.40	 2	 -42.2677	  173.4983
10.150	 2.37	 1	 -41.8404	  174.1716
10.152	 2.96	 1	 -42.7332	  173.1202
10.157	 2.29	 1	 -42.2696	  173.7955
10.158	 2.16	 2	 -41.6889	  174.3237
10.160	 2.69	 1	 -41.7767	  174.3522
10.162	 2.10	 1	 -42.3196	  173.8214
10.165	 2.14	 1	 -43.3259	  171.0097
10.166	 2.60	 1	 -42.4721	  173.1460
10.167	 2.51	 3	 -41.8468	  173.6989
10.167	 2.11	 2	 -41.7934	  174.2438
10.169	 2.44	 1	 -42.2306	  173.6853
10.170	 2.05	 2	 -41.8064	  174.2509
10.173	 2.65	 1	 -41.6846	  174.2249
10.175	 2.12	 1	 -42.1111	  173.6915
10.175	 2.75	 3	 -41.9577	  173.8830
10.178	 2.25	 2	 -41.6873	  174.2240
10.178	 2.20	 1	 -41.4370	  174.0451
10.189	 2.51	 1	 -41.4515	  174.2575
10.190	 2.45	 1	 -42.4549	  173.2065
10.190	 2.17	 1	 -42.2108	  174.4548
10.191	 2.34	 1	 -42.0717	  173.0758
10.191	 2.06	 1	 -42.5894	  173.0927
10.193	 3.03	 2	 -42.6223	  173.0549
10.194	 2.06	 1	 -42.2633	  173.5933
10.197	 2.56	 2	 -42.3241	  173.4230
10.198	 2.06	 1	 -41.9908	  173.8799
10.202	 2.33	 1	 -42.5857	  173.0872
10.204	 3.17	 1	 -41.6687	  174.3133
10.205	 2.46	 1	 -42.4121	  173.4542
10.206	 2.86	 1	 -42.5528	  173.0072
10.206	 2.40	 3	 -41.9112	  173.8989
10.206	 3.34	 1	 -42.4361	  172.9737
10.206	 2.01	 2	 -42.5135	  170.4555
10.214	 2.29	 2	 -41.5205	  173.9727
10.216	 2.66	 3	 -41.8943	  173.6887
10.216	 2.69	 2	 -42.4634	  173.2641
10.216	 2.01	 1	 -42.8040	  173.0688
10.217	 2.84	 1	 -41.7488	  174.2109
10.217	 4.92	 4	 -41.8592	  173.6906
10.218	 2.28	 1	 -42.6306	  173.0911
10.219	 2.01	 1	 -42.0395	  173.7802
10.224	 2.24	 1	 -41.7941	  174.2598
10.225	 2.08	 5	 -41.9073	  173.7446
10.233	 2.75	 1	 -41.8923	  174.2948
10.235	 2.05	 5	 -41.9443	  173.7746
10.238	 3.34	 3	 -42.5462	  170.4186
10.238	 3.44	 4	 -41.9483	  174.0217
10.241	 2.02	 4	 -41.5052	  173.7788
10.245	 2.33	 5	 -41.8337	  173.6838
10.250	 2.24	 3	 -42.8900	  173.9310
10.251	 2.31	 3	 -41.8259	  173.9012
10.251	 2.32	 2	 -41.8097	  174.2391
10.253	 2.09	 5	 -41.8439	  173.7194
10.255	 2.72	 4	 -41.9082	  173.6846
10.256	 2.45	 1	 -42.0000	  173.9099
10.256	 2.03	 3	 -42.6140	  174.0943
10.257	 2.83	 3	 -42.4609	  173.2627
10.257	 2.36	 1	 -42.0552	  173.6726
10.259	 2.11	 2	 -41.7383	  174.2122
10.260	 2.30	 1	 -42.2078	  173.7192
10.262	 2.67	 1	 -42.5317	  173.8312
10.265	 2.26	 4	 -42.4506	  170.4301
10.265	 2.20	 1	 -42.4695	  174.1081
10.269	 2.16	 1	 -41.6910	  174.2368
10.270	 2.41	 2	 -44.0030	  172.6520
10.271	 2.50	 1	 -42.5219	  173.1338
10.273	 2.74	 1	 -42.4709	  173.6971
10.276	 2.32	 1	 -42.5320	  173.1143
10.277	 2.32	 2	 -42.4557	  173.1417
10.279	 2.33	 1	 -41.7037	  174.3551
10.279	 2.03	 2	 -42.2729	  173.8685
10.279	 2.25	 1	 -42.3387	  173.7648
10.280	 4.35	 2	 -42.3188	  174.0327
10.280	 2.23	 1	 -41.8768	  173.8904
10.280	 2.12	 2	 -41.7770	  174.3593
10.281	 2.41	 1	 -41.7082	  174.4586
10.282	 2.94	 1	 -42.2354	  173.8891
10.287	 2.27	 4	 -41.9571	  173.8783
10.288	 2.39	 1	 -42.3756	  173.6791
10.290	 2.22	 2	 -42.4792	  173.7069
10.293	 2.19	 5	 -41.9746	  173.4418
10.295	 2.43	 3	 -42.3280	  173.4053
10.297	 2.02	 3	 -42.2917	  174.0062
10.298	 2.61	 5	 -41.8559	  173.6970
10.299	 2.15	 2	 -42.6485	  172.8279
10.299	 2.05	 1	 -42.9102	  173.1633
10.302	 2.32	 5	 -41.7934	  173.7624
10.305	 2.05	 1	 -42.6105	  173.9470
10.309	 2.53	 1	 -42.5141	  173.1778
10.309	 3.09	 2	 -41.6913	  174.3465
10.310	 2.26	 1	 -42.2484	  173.7256
10.313	 2.35	 1	 -42.5424	  172.9354
10.314	 2.85	 2	 -42.0307	  173.8364
10.315	 2.98	 3	 -42.5650	  173.1607
10.316	 2.33	 1	 -42.2703	  173.8867
10.316	 2.33	 4	 -42.4386	  173.3085
10.319	 2.66	 1	 -42.1035	  173.7977
10.323	 2.02	 1	 -42.3072	  173.6451
10.326	 2.55	 1	 -43.0668	  172.9929
10.331	 2.22	 2	 -41.6363	  174.3195
10.335	 2.48	 3	 -41.8870	  173.8493
10.336	 2.01	 5	 -41.8758	  173.6976
10.336	 2.30	 1	 -42.0453	  173.6463
10.337	 2.07	 1	 -42.1286	  169.4178
10.343	 2.70	 1	 -42.3851	  173.5734
10.345	 2.25	 1	 -41.5518	  174.2890
10.353	 3.13	 1	 -42.6216	  172.9961
10.357	 2.54	 3	 -42.1109	  173.4038
10.367	 2.15	 1	 -41.5813	  174.3288
10.371	 2.07	 1	 -42.3423	  173.8974
10.376	 3.89	 1	 -41.7987	  174.2277
10.377	 2.02	 3	 -41.8975	  173.7715
10.380	 2.09	 1	 -42.2565	  173.5664
10.380	 2.06	 2	 -41.8471	  174.1688
10.384	 2.66	 1	 -42.1679	  174.1326
10.386	 2.27	 3	 -41.9257	  173.7949
10.387	 2.61	 1	 -42.5661	  173.6399
10.388	 2.54	 1	 -42.0619	  173.7455
10.392	 3.62	 1	 -42.5742	  173.2520
10.392	 2.41	 1	 -41.9149	  173.0135
10.394	 2.62	 1	 -41.7663	  174.2728
10.396	 3.80	 1	 -41.6503	  174.2707
10.398	 2.28	 1	 -42.7275	  173.5286
10.400	 2.42	 1	 -41.7840	  174.1737
10.400	 2.57	 1	 -41.7404	  174.3440
10.402	 2.76	 3	 -42.4701	  173.3770
10.403	 2.96	 2	 -42.3922	  173.6320
10.409	 2.86	 1	 -41.8625	  171.4589
10.410	 2.10	 1	 -42.4539	  173.1491
10.413	 2.38	 1	 -41.9615	  173.8893
10.415	 2.79	 1	 -41.7224	  174.2177
10.415	 2.92	 1	 -42.2726	  173.7403
10.417	 2.14	 2	 -42.5586	  173.2160
10.418	 2.24	 1	 -42.5501	  173.7538
10.420	 2.83	 1	 -42.2455	  173.4847
10.426	 2.47	 2	 -41.7860	  174.3290
10.431	 2.22	 1	 -42.5244	  172.9604
10.432	 2.09	 3	 -41.9748	  173.9322
10.435	 2.67	 1	 -45.1234	  168.9893
10.436	 2.24	 5	 -41.8867	  173.6262
10.443	 3.19	 1	 -41.7271	  174.3194
10.446	 3.04	 1	 -42.2145	  173.6257
10.450	 2.23	 1	 -42.3610	  173.8834
10.451	 2.07	 1	 -42.2353	  173.7344
10.452	 2.12	 2	 -42.1814	  174.4797
10.453	 2.06	 2	 -41.6640	  174.2294
10.453	 2.20	 3	 -41.9316	  174.2804
10.456	 2.05	 1	 -41.6598	  174.3511
10.459	 2.22	 2	 -41.7747	  174.0918
10.461	 2.45	 2	 -42.5733	  173.2561
10.463	 2.12	 5	 -41.8451	  173.7100
10.465	 2.65	 2	 -41.7284	  174.3338
10.473	 2.43	 1	 -42.7134	  173.0136
10.476	 2.35	 1	 -42.3889	  174.0083
10.479	 2.47	 1	 -41.7183	  174.2731
10.481	 2.31	 1	 -40.9980	  176.8296
10.481	 3.42	 4	 -41.9106	  173.8967
10.482	 2.43	 1	 -42.7287	  172.8364
10.482	 2.06	 1	 -42.4994	  173.0768
10.483	 2.71	 2	 -41.0035	  176.8260
10.484	 2.17	 2	 -42.1148	  173.4208
10.484	 3.19	 2	 -42.0055	  173.5284
10.485	 2.01	 4	 -42.5360	  170.4273
10.488	 2.33	 1	 -42.6116	  173.0544
10.490	 2.90	 1	 -41.7364	  174.0759
10.491	 3.68	 1	 -41.7739	  174.2494
10.491	 2.17	 5	 -41.8500	  173.7141
10.495	 2.85	 3	 -41.7888	  173.8682
10.495	 2.45	 1	 -42.3401	  173.0264
10.497	 2.07	 5	 -41.8560	  173.7062
10.498	 2.82	 1	 -41.7273	  174.2423
10.499	 2.46	 2	 -41.7367	  174.1840
10.500	 2.62	 1	 -42.1976	  173.7794
10.500	 2.10	 5	 -41.8924	  173.6439
10.502	 2.17	 3	 -41.9613	  173.7357
10.503	 2.29	 5	 -41.8544	  173.6974
10.503	 2.30	 1	 -42.3625	  174.0997
10.503	 2.68	 2	 -41.6253	  174.1922
10.504	 2.04	 3	 -43.5361	  175.8798
10.507	 2.05	 2	 -42.1917	  173.7586
10.514	 2.06	 1	 -42.3363	  174.0322
10.518	 2.49	 6	 -41.8503	  173.7144
10.519	 3.22	 1	 -41.8014	  174.2364
10.520	 2.68	 1	 -41.8450	  173.9783
10.527	 2.74	 2	 -41.7308	  174.2058
10.533	 2.11	 3	 -41.9016	  174.0098
10.534	 3.13	 1	 -42.0134	  173.7519
10.534	 3.35	 3	 -42.4789	  173.7103
10.535	 2.47	 1	 -42.3372	  173.4297
10.535	 2.13	 3	 -41.9724	  173.8245
10.536	 2.41	 3	 -42.1256	  174.0591
10.538	 2.53	 2	 -41.7333	  174.1444
10.540	 2.70	 1	 -42.7816	  172.5281
10.544	 2.07	 1	 -42.2486	  173.4820
10.544	 2.84	 1	 -42.0380	  173.7558
10.546	 2.01	 3	 -41.9547	  173.8606
10.551	 2.02	 2	 -41.7676	  174.2757
10.553	 2.43	 5	 -41.8701	  173.6936
10.554	 2.27	 1	 -42.0939	  173.5200
10.559	 2.02	 2	 -41.8008	  174.2321
10.563	 2.44	 1	 -42.3736	  173.1126
10.563	 2.01	 1	 -42.6307	  172.9833
10.563	 2.23	 1	 -41.7369	  174.1990
10.573	 2.12	 1	 -41.7033	  174.1494
10.577	 2.29	 1	 -42.7076	  172.7320
10.578	 2.50	 1	 -41.7219	  174.3038
10.584	 2.35	 1	 -42.7121	  173.0556
10.585	 2.11	 1	 -41.7190	  174.2318
10.586	 2.37	 1	 -42.6118	  173.0618
10.586	 2.43	 1	 -42.4516	  173.4211
10.586	 2.00	 1	 -42.7780	  172.7525
10.587	 2.33	 1	 -42.8960	  173.2661
10.592	 2.16	 1	 -41.7887	  174.2426
10.598	 3.34	 1	 -41.4004	  172.7749
10.601	 3.19	 1	 -42.4415	  172.5870
10.601	 2.41	 1	 -42.3726	  173.8642
10.604	 2.08	 1	 -42.5475	  173.3054
10.605	 2.37	 1	 -41.8060	  174.0150
10.605	 2.21	 1	 -42.6270	  172.9523
10.607	 2.05	 1	 -41.6835	  174.2995
10.610	 2.51	 3	 -41.8626	  173.8527
10.610	 2.06	 1	 -42.1257	  175.2461
10.615	 2.11	 3	 -41.9151	  173.7508
10.616	 2.08	 1	 -42.2721	  173.6489
10.618	 2.24	 5	 -41.8459	  173.6980
10.621	 2.21	 1	 -41.6550	  174.4500
10.621	 2.31	 3	 -41.8939	  173.8047
10.624	 2.54	 4	 -41.7874	  173.8686
10.625	 2.58	 1	 -42.7778	  173.5815
10.626	 2.14	 1	 -42.9076	  172.6163
10.626	 2.25	 1	 -42.3747	  173.9314
10.631	 3.01	 2	 -42.1527	  174.3836
10.634	 2.24	 1	 -42.2666	  173.2091
10.644	 2.05	 1	 -42.7656	  175.4297
10.648	 3.00	 1	 -41.6865	  174.2989
10.651	 2.61	 1	 -42.2996	  173.8045
10.657	 2.17	 2	 -41.7510	  174.2122
10.657	 3.69	 1	 -42.0292	  173.7268
10.657	 3.30	 1	 -42.7288	  172.9211
10.658	 2.16	 2	 -42.0202	  173.6636
10.661	 2.13	 1	 -41.6714	  174.4296
10.666	 2.01	 2	 -41.7951	  174.4608
10.668	 2.62	 1	 -42.1428	  173.6185
10.672	 2.25	 1	 -41.2220	  174.5249
10.677	 2.13	 1	 -42.5582	  173.3989
10.679	 2.34	 1	 -41.6951	  174.2963
10.679	 2.17	 1	 -41.9902	  173.8801
10.682	 2.68	 2	 -41.6961	  174.3363
10.683	 2.28	 1	 -41.7856	  174.1942
10.689	 3.56	 1	 -42.5267	  173.5313
10.690	 2.46	 1	 -42.0292	  173.9754
10.695	 2.70	 3	 -41.9362	  173.6854
10.699	 2.41	 1	 -41.9303	  174.0284
10.699	 4.06	 1	 -42.2606	  174.0095
10.701	 2.15	 3	 -41.7613	  173.9796
10.702	 2.10	 1	 -41.7284	  174.5337
10.702	 2.14	 1	 -42.3381	  173.8794
10.706	 2.08	 1	 -41.5250	  174.3847
10.707	 2.43	 1	 -42.5712	  173.0261
10.708	 2.81	 1	 -42.4510	  173.1675
10.708	 2.03	 1	 -41.9318	  173.9702
10.712	 2.21	 1	 -41.7757	  174.2657
10.720	 2.00	 2	 -42.2268	  173.6446
10.721	 2.82	 1	 -41.8599	  173.4308
10.728	 2.64	 1	 -42.4490	  173.4700
10.728	 2.17	 1	 -42.4804	  173.2765
10.729	 2.19	 1	 -42.1581	  173.9734
10.729	 2.46	 1	 -42.2981	  173.5130
10.731	 2.05	 1	 -42.7116	  173.4139
10.735	 2.16	 1	 -42.5912	  173.9637
10.740	 2.80	 1	 -42.6616	  172.8947
10.743	 2.37	 2	 -42.2458	  173.9905
10.744	 2.48	 3	 -42.4135	  173.6008
10.747	 2.85	 1	 -41.7053	  174.3109
10.750	 2.15	 1	 -41.7193	  174.3133
10.754	 2.06	 1	 -42.7406	  172.3609
10.755	 2.37	 1	 -41.7232	  174.0907
10.756	 3.19	 2	 -42.2651	  174.0017
10.760	 2.10	 1	 -42.3923	  173.2244
10.773	 2.07	 2	 -42.7154	  172.7199
10.773	 2.68	 1	 -42.5708	  173.0793
10.774	 2.28	 1	 -42.6748	  172.7998
10.776	 2.11	 2	 -42.0568	  174.6343
10.777	 2.31	 1	 -42.5741	  172.5734
10.781	 2.16	 3	 -42.5790	  173.2475
10.783	 2.07	 1	 -41.8252	  174.4335
10.785	 2.11	 1	 -41.6973	  174.2594
10.787	 2.79	 3	 -42.1295	  173.4068
10.788	 3.34	 3	 -42.1244	  173.7882
10.789	 2.23	 3	 -41.7500	  173.5647
10.790	 2.49	 2	 -42.6331	  173.0464
10.792	 2.34	 1	 -42.1894	  173.6795
10.794	 3.08	 3	 -42.2976	  174.0014
10.806	 2.79	 1	 -41.8817	  174.1212
10.809	 2.24	 3	 -42.1861	  174.3294
10.817	 3.06	 1	 -42.5827	  172.8074
10.817	 2.14	 1	 -42.1855	  173.6367
10.823	 3.95	 1	 -41.7806	  174.1492
10.824	 2.10	 1	 -41.7792	  174.2297
10.828	 2.27	 1	 -41.7719	  174.1587
10.831	 2.23	 1	 -42.6521	  172.8669
10.834	 2.16	 1	 -42.3046	  172.9632
10.837	 2.19	 3	 -42.3072	  173.6694
10.838	 2.36	 1	 -43.3804	  173.4051
10.842	 2.45	 1	 -41.8718	  173.9305
10.850	 2.77	 1	 -42.2781	  173.8611
10.852	 2.15	 1	 -41.7650	  174.2705
10.860	 2.46	 1	 -41.7059	  174.2428
10.864	 2.72	 2	 -41.6773	  174.5042
10.867	 2.38	 1	 -42.4701	  173.1989
10.867	 2.77	 1	 -41.7207	  174.4426
10.868	 2.39	 2	 -41.7557	  174.2394
10.870	 2.09	 1	 -41.8217	  174.2505
10.870	 3.84	 4	 -42.1258	  173.7968
10.874	 2.20	 1	 -42.5283	  173.2026
10.882	 2.76	 1	 -42.6195	  172.9542
10.883	 2.16	 1	 -42.7592	  172.9311
10.884	 2.05	 2	 -41.7653	  174.2709
10.885	 2.45	 1	 -42.4526	  172.7470
10.888	 2.39	 1	 -42.3837	  173.4063
10.889	 2.21	 1	 -42.2000	  173.3676
10.889	 2.07	 1	 -42.3669	  173.7029
10.899	 2.27	 1	 -42.4124	  173.7336
10.900	 2.88	 4	 -41.8662	  173.8552
10.902	 2.06	 1	 -42.3638	  173.7822
10.908	 2.19	 1	 -42.3463	  173.8640
10.909	 2.08	 1	 -41.7100	  174.1968
10.915	 2.09	 2	 -41.3434	  172.7922
10.915	 2.71	 1	 -42.0050	  173.8402
10.916	 2.06	 1	 -42.3643	  173.7831
10.919	 2.60	 1	 -42.5913	  172.7778
10.920	 2.14	 1	 -42.7877	  172.6190
10.921	 2.52	 3	 -42.4014	  173.8867
10.921	 2.35	 2	 -42.0683	  174.0048
10.922	 3.36	 1	 -41.9742	  173.6685
10.924	 2.02	 2	 -42.5693	  173.8537
10.924	 2.95	 2	 -41.6105	  174.2451
10.925	 3.29	 1	 -41.8301	  174.0531
10.928	 2.10	 1	 -41.7209	  174.2790
10.930	 2.33	 1	 -42.3724	  173.4017
10.932	 2.82	 1	 -42.2717	  173.8749
10.937	 3.80	 1	 -42.5066	  172.6813
10.937	 2.31	 1	 -41.6799	  174.4293
10.938	 2.37	 3	 -41.8594	  173.8846
10.939	 2.18	 2	 -42.2466	  173.8619
10.942	 2.51	 1	 -42.2219	  173.7312
10.944	 2.07	 2	 -42.5319	  170.3715
10.944	 2.15	 1	 -42.1825	  173.8806
10.946	 2.20	 1	 -42.7183	  174.0027
10.946	 2.28	 2	 -41.7804	  174.2576
10.951	 2.95	 1	 -42.4326	  173.0917
10.953	 2.55	 1	 -41.9282	  173.7039
10.954	 2.25	 2	 -42.0205	  173.6360
10.959	 2.01	 1	 -42.7024	  172.7514
10.960	 3.23	 2	 -42.5170	  172.7072
10.961	 2.10	 1	 -42.4067	  173.7322
10.964	 2.02	 2	 -42.4386	  172.5806
10.965	 2.30	 1	 -42.3154	  173.9382
10.967	 2.19	 2	 -42.5036	  170.4649
10.971	 2.54	 1	 -42.6682	  173.9975
10.972	 2.24	 1	 -41.7450	  174.3133
10.975	 2.36	 1	 -42.2889	  173.6121
10.977	 2.16	 1	 -42.5084	  173.1090
10.980	 2.91	 1	 -41.8938	  174.1881
10.982	 2.34	 2	 -42.6604	  172.8965
10.987	 2.01	 1	 -41.8484	  174.0051
10.989	 2.70	 1	 -41.7408	  174.2033
10.993	 3.66	 2	 -42.3760	  172.9527
10.994	 2.04	 1	 -42.5861	  173.1241
10.995	 2.81	 1	 -41.9399	  174.2073
10.995	 2.06	 2	 -41.7531	  174.1382
10.996	 3.23	 1	 -41.7438	  174.3067
10.996	 2.99	 4	 -41.9329	  173.9487
10.999	 2.79	 2	 -41.7357	  174.2031
10.999	 2.01	 1	 -42.1283	  173.6615
11.003	 2.03	 1	 -41.7060	  174.3824
11.006	 2.20	 1	 -42.1641	  173.8774
11.006	 2.80	 1	 -42.2503	  173.7009
11.011	 3.47	 1	 -42.0221	  173.7592
11.013	 2.13	 2	 -42.5362	  170.4404
11.013	 2.31	 3	 -41.9061	  173.9250
11.015	 2.15	 5	 -42.1208	  173.7926
11.021	 2.16	 3	 -42.3682	  172.9648
11.026	 2.48	 1	 -41.4639	  174.3325
11.027	 2.13	 1	 -42.1850	  173.7872
11.033	 2.11	 1	 -41.6963	  174.2734
11.039	 2.36	 1	 -42.1677	  172.9053
11.041	 2.25	 2	 -40.6873	  175.8524
11.041	 2.01	 1	 -41.6338	  174.4079
11.043	 2.21	 3	 -43.2575	  173.4876
11.045	 3.07	 2	 -42.2737	  174.0202
11.047	 2.53	 2	 -42.4706	  173.1581
11.049	 2.01	 2	 -42.3390	  174.0373
11.051	 2.10	 2	 -42.4720	  173.3872
11.053	 2.94	 1	 -42.2670	  173.7428
11.054	 2.04	 1	 -42.3105	  172.9309
11.058	 3.25	 1	 -41.8618	  173.9256
11.059	 2.03	 1	 -42.5461	  173.8536
11.061	 2.23	 1	 -42.2840	  173.6382
11.063	 2.19	 3	 -41.9960	  173.7416
11.063	 2.12	 2	 -41.7174	  174.2177
11.065	 3.21	 3	 -41.9866	  173.8979
11.066	 2.81	 1	 -40.2443	  173.2448
11.067	 3.92	 1	 -41.6703	  174.2641
11.068	 2.21	 1	 -42.0488	  173.7466
11.069	 2.21	 2	 -41.6296	  174.3005
11.085	 2.29	 1	 -41.8444	  174.2277
11.086	 2.36	 1	 -42.0951	  173.5947
11.087	 2.06	 1	 -42.1006	  173.6859
11.087	 2.04	 1	 -42.5847	  173.2411
11.092	 3.80	 1	 -42.1927	  173.4722
11.096	 2.59	 1	 -42.3424	  174.0867
11.097	 2.37	 1	 -42.5795	  175.3681
11.101	 2.07	 1	 -42.6487	  172.9548
11.103	 2.22	 3	 -42.2454	  173.9050
11.108	 3.20	 1	 -42.2329	  173.7468
11.109	 2.88	 1	 -42.0052	  173.7827
11.109	 2.69	 1	 -42.0593	  173.7188
11.109	 2.18	 1	 -42.4215	  174.0049
11.114	 2.61	 1	 -42.0364	  173.7787
11.119	 2.36	 1	 -42.4823	  173.3275
11.119	 3.22	 1	 -42.7307	  173.0695
11.130	 2.45	 1	 -41.7041	  174.1602
11.132	 2.24	 1	 -42.5722	  172.8238
11.132	 2.64	 1	 -42.6010	  173.8593
11.142	 2.00	 2	 -42.2903	  173.8006
11.149	 2.39	 2	 -42.3460	  174.0316
11.156	 2.09	 2	 -42.2645	  174.0177
11.162	 2.13	 1	 -41.6897	  174.2203
11.167	 2.39	 2	 -41.7899	  174.2424
11.173	 2.23	 1	 -42.3307	  173.3886
11.173	 2.05	 1	 -41.8497	  174.6585
11.174	 2.14	 1	 -42.2082	  173.8410
11.176	 2.08	 1	 -41.7294	  174.3144
11.180	 3.03	 2	 -42.3433	  173.6206
11.185	 3.43	 1	 -42.8385	  173.0965
11.190	 2.57	 3	 -41.9681	  173.8084
11.190	 2.64	 1	 -41.7344	  174.1299
11.192	 3.81	 1	 -42.4621	  173.1170
11.192	 2.58	 1	 -43.3764	  172.3277
11.193	 2.69	 3	 -42.0126	  173.8380
11.196	 2.66	 1	 -42.4790	  173.5197
11.196	 2.50	 1	 -41.7551	  174.2141
11.197	 2.22	 1	 -41.9059	  173.9921
11.198	 2.46	 5	 -41.8510	  173.6611
11.199	 2.13	 2	 -42.7276	  173.1001
11.199	 2.43	 1	 -42.6908	  173.0948
11.204	 2.32	 1	 -41.7798	  174.2435
11.206	 2.25	 1	 -42.3296	  173.7323
11.211	 2.40	 2	 -41.7254	  174.3402
11.213	 2.52	 1	 -41.6044	  173.8730
11.214	 2.90	 3	 -41.7975	  173.9541
11.220	 2.42	 1	 -41.7719	  174.1539
11.223	 2.98	 2	 -42.7325	  173.0681
11.225	 2.10	 1	 -41.8643	  173.9755
11.227	 2.49	 2	 -42.6925	  173.0687
11.230	 2.21	 1	 -41.9744	  173.8588
11.231	 2.03	 1	 -42.6772	  172.7900
11.233	 2.11	 1	 -41.7362	  174.2109
11.235	 2.05	 2	 -42.4413	  172.5935
11.237	 2.20	 1	 -41.6860	  174.2124
11.238	 2.90	 1	 -41.6670	  174.2968
11.245	 3.83	 2	 -42.0372	  173.4094
11.250	 2.87	 1	 -41.7941	  174.2409
11.254	 2.73	 1	 -42.6903	  172.9408
11.256	 2.78	 2	 -41.8205	  173.4229
11.256	 2.18	 1	 -42.6003	  172.7126
11.257	 2.13	 1	 -41.7421	  174.2493
11.259	 2.90	 1	 -42.7407	  172.9664
11.267	 2.72	 1	 -39.6210	  173.8378
11.267	 3.11	 1	 -42.3089	  173.9887
11.268	 2.62	 2	 -42.3225	  174.0544
11.270	 2.55	 1	 -41.8167	  173.9766
11.273	 2.16	 1	 -41.8875	  173.8942
11.273	 2.04	 1	 -42.0972	  173.1406
11.275	 2.64	 1	 -41.9954	  173.6060
11.276	 2.43	 1	 -42.0551	  173.7358
11.280	 2.53	 1	 -42.4409	  173.1493
11.282	 2.50	 1	 -42.5167	  173.3929
11.283	 2.23	 1	 -42.2614	  173.6488
11.287	 2.23	 1	 -42.8369	  172.7239
11.288	 2.14	 2	 -41.8604	  173.9259
11.294	 2.15	 5	 -41.8476	  173.6761
11.295	 2.18	 2	 -41.3969	  174.3806
11.298	 2.15	 1	 -42.2292	  173.6859
11.298	 2.59	 1	 -42.0862	  172.9216
11.301	 2.01	 3	 -40.6856	  175.8497
11.309	 2.87	 5	 -41.8650	  173.7224
11.314	 2.26	 1	 -42.7784	  172.9595
11.315	 2.15	 1	 -42.3001	  173.6946
11.315	 2.80	 2	 -42.4775	  173.1403
11.316	 2.18	 2	 -41.6699	  173.8674
11.316	 2.00	 1	 -42.2557	  173.7577
11.318	 2.24	 1	 -41.8782	  174.2527
11.319	 2.40	 2	 -42.0108	  173.6618
11.321	 3.05	 3	 -41.9758	  173.8641
11.322	 2.82	 1	 -42.1896	  173.7106
11.323	 2.26	 1	 -42.5759	  172.8428
11.330	 2.63	 1	 -42.0615	  173.8321
11.330	 2.09	 1	 -42.3428	  173.2171
11.332	 2.24	 2	 -41.9432	  174.1981
11.333	 3.01	 1	 -42.4939	  173.4363
11.334	 2.74	 5	 -41.8957	  173.8943
11.338	 2.20	 2	 -42.3211	  173.7444
11.342	 2.71	 1	 -42.2041	  173.5427
11.348	 2.56	 1	 -42.4419	  173.1320
11.348	 2.90	 3	 -41.9932	  173.7684
11.351	 2.28	 1	 -41.6357	  174.3959
11.352	 2.26	 1	 -41.7030	  174.4437
11.353	 2.63	 1	 -42.3915	  173.5237
11.357	 2.32	 1	 -42.4621	  173.4934
11.357	 2.30	 1	 -42.3044	  173.0249
11.358	 2.09	 1	 -41.7618	  174.2599
11.358	 2.03	 1	 -42.5187	  173.1577
11.362	 2.34	 1	 -41.7790	  174.2036
11.364	 2.48	 1	 -41.6928	  174.2883
11.366	 2.87	 1	 -42.2530	  173.4783
11.370	 3.33	 1	 -41.6166	  174.0472
11.373	 2.01	 2	 -42.5215	  173.4520
11.375	 2.70	 1	 -42.8165	  172.9505
11.378	 2.74	 2	 -42.5273	  172.6800
11.378	 2.47	 3	 -41.9445	  173.8927
11.380	 2.02	 3	 -41.9232	  173.5987
11.381	 2.99	 2	 -41.8057	  174.1309
11.382	 2.82	 2	 -42.5311	  173.8393
11.383	 2.23	 1	 -41.3991	  171.9205
11.387	 2.17	 1	 -42.8212	  172.8131
11.388	 2.09	 2	 -42.4955	  172.6554
11.392	 2.01	 1	 -41.6126	  174.3655
11.393	 2.42	 1	 -42.5029	  173.0468
11.393	 2.19	 1	 -42.8309	  172.6588
11.399	 2.31	 1	 -42.5961	  172.8724
11.400	 2.02	 1	 -42.5471	  172.6408
11.400	 2.06	 1	 -42.3315	  173.9929
11.410	 2.94	 1	 -41.8038	  174.0018
11.411	 3.80	 2	 -42.7561	  172.9050
11.414	 2.11	 1	 -41.6660	  174.2471
11.417	 2.59	 3	 -41.8079	  173.8551
11.418	 2.06	 1	 -42.4826	  173.0161
11.418	 2.11	 2	 -42.2641	  174.0085
11.421	 2.31	 1	 -41.7110	  174.2439
11.423	 2.09	 3	 -42.0190	  173.8018
11.424	 2.57	 4	 -42.0987	  174.1225
11.424	 2.36	 2	 -42.5160	  173.1615
11.425	 2.15	 1	 -41.9936	  173.7182
11.429	 2.35	 1	 -41.6835	  174.2063
11.435	 2.60	 2	 -41.4551	  174.4614
11.436	 2.26	 2	 -42.5293	  170.4408
11.436	 2.09	 1	 -42.3521	  174.0473
11.437	 2.09	 2	 -41.9144	  174.0847
11.442	 2.52	 5	 -41.8167	  173.7300
11.443	 2.49	 1	 -41.8745	  173.9574
11.451	 2.24	 2	 -42.3093	  173.9889
11.461	 2.59	 1	 -42.3549	  173.9809
11.462	 2.21	 1	 -42.5034	  173.8091
11.464	 2.55	 1	 -42.5131	  173.0339
11.466	 2.05	 1	 -47.1441	  173.8859
11.467	 2.47	 1	 -42.4667	  173.3503
11.471	 3.51	 1	 -42.2506	  173.9485
11.473	 2.27	 1	 -41.7737	  173.8955
11.473	 2.17	 3	 -41.9438	  173.8106
11.475	 2.25	 3	 -41.8181	  173.7377
11.476	 2.86	 1	 -41.7654	  174.2558
11.480	 2.05	 1	 -42.3175	  173.8786
11.484	 2.74	 3	 -41.8473	  173.7925
11.485	 2.54	 1	 -41.6948	  174.2359
11.485	 2.82	 1	 -41.9723	  172.8071
11.486	 2.70	 1	 -41.8312	  174.1111
11.488	 3.18	 1	 -42.6690	  173.0011
11.492	 2.33	 4	 -41.8136	  173.7590
11.496	 2.80	 1	 -42.7026	  172.9458
11.496	 3.06	 1	 -41.9329	  173.8366
11.500	 2.99	 1	 -42.2513	  173.8162
11.503	 2.60	 5	 -42.0392	  173.3341
11.508	 2.07	 1	 -42.2021	  174.2264
11.508	 2.26	 3	 -42.7867	  172.9689
11.516	 2.11	 1	 -42.3117	  173.7955
11.520	 2.32	 1	 -42.4107	  173.0565
11.522	 2.69	 1	 -41.7370	  174.2674
11.526	 2.10	 1	 -42.4584	  173.3836
11.526	 2.10	 1	 -42.5505	  172.8073
11.530	 2.10	 5	 -41.8510	  173.7025
11.534	 2.49	 1	 -42.6051	  172.9387
11.535	 2.35	 1	 -41.8126	  174.1769
11.538	 3.46	 1	 -42.2820	  173.6951
11.539	 2.15	 4	 -41.9889	  173.7949
11.540	 2.26	 1	 -42.2574	  173.5941
11.542	 2.43	 1	 -42.5622	  173.1984
11.546	 2.41	 1	 -41.6456	  174.2325
11.546	 2.13	 2	 -42.2919	  173.6201
11.548	 2.92	 1	 -42.0682	  173.8865
11.556	 2.05	 1	 -42.0137	  173.5000
11.562	 2.07	 1	 -41.7135	  174.3439
11.563	 2.30	 5	 -41.8534	  173.7063
11.566	 2.07	 1	 -42.3759	  173.6808
11.569	 2.55	 1	 -42.6628	  172.7993
11.571	 2.09	 1	 -41.8780	  174.0802
11.575	 2.66	 1	 -42.2227	  173.6142
11.581	 2.31	 3	 -41.7938	  174.1192
11.585	 2.56	 1	 -42.5258	  173.1380
11.586	 2.69	 1	 -42.1592	  173.9813
11.593	 2.06	 1	 -41.7030	  174.3817
11.597	 2.01	 2	 -42.3006	  173.9570
11.599	 2.16	 1	 -42.2725	  174.1081
11.600	 2.09	 1	 -41.7604	  174.1980
11.601	 2.87	 1	 -42.3834	  173.3574
11.601	 2.02	 2	 -41.9246	  172.7876
11.604	 2.08	 1	 -41.7021	  174.1567
11.612	 2.49	 2	 -41.8479	  174.6586
11.612	 2.99	 1	 -42.3046	  173.9240
11.616	 2.33	 1	 -42.2328	  173.6912
11.617	 2.62	 2	 -42.0087	  173.8384
11.617	 3.27	 3	 -41.9774	  173.8481
11.620	 2.04	 1	 -42.5627	  173.0873
11.622	 2.32	 1	 -42.3678	  173.6435
11.631	 2.62	 3	 -42.3609	  174.0630
11.634	 2.23	 1	 -42.1829	  173.5865
11.642	 3.62	 3	 -41.9075	  173.7536
11.643	 2.29	 1	 -42.2164	  174.5404
11.651	 2.13	 3	 -41.8081	  174.1266
11.653	 2.37	 1	 -42.1379	  173.6844
11.657	 2.21	 1	 -42.4870	  173.0866
11.661	 2.30	 2	 -42.7594	  173.0934
11.664	 2.05	 2	 -42.0744	  173.7687
11.666	 2.63	 1	 -42.2509	  173.7393
11.666	 2.34	 1	 -42.7169	  172.9487
11.668	 2.25	 1	 -41.6616	  174.3200
11.671	 2.71	 1	 -42.3714	  173.5914
11.672	 2.19	 1	 -42.5168	  173.2550
11.678	 3.19	 1	 -42.1870	  173.7477
11.679	 2.42	 2	 -43.3399	  167.7470
11.682	 2.09	 1	 -42.6641	  172.8147
11.684	 2.36	 5	 -41.8481	  173.6763
11.685	 2.04	 1	 -41.6678	  174.1359
11.687	 2.46	 6	 -41.8482	  173.6745
11.690	 2.06	 2	 -41.7633	  174.1160
11.693	 2.33	 1	 -42.2280	  173.6619
11.693	 2.02	 1	 -41.8142	  174.1257
11.706	 2.52	 1	 -42.3920	  173.8091
11.710	 2.49	 3	 -42.8787	  173.8944
11.719	 3.26	 1	 -40.9107	  170.0539
11.719	 2.15	 1	 -42.3345	  173.9057
11.721	 2.15	 2	 -41.6806	  174.3354
11.722	 2.44	 1	 -42.2522	  173.5658
11.729	 2.00	 1	 -41.8421	  173.9077
11.730	 2.40	 1	 -41.7036	  174.3174
11.734	 2.23	 1	 -42.3003	  173.7961
11.736	 2.39	 1	 -41.6476	  174.0910
11.736	 2.47	 1	 -41.7086	  174.2940
11.740	 2.28	 2	 -42.3723	  173.2085
11.749	 2.90	 1	 -42.6453	  172.8233
11.749	 2.08	 3	 -44.0020	  172.6472
11.753	 2.29	 1	 -42.6254	  172.9426
11.758	 2.25	 1	 -42.4799	  173.6922
11.760	 2.75	 3	 -42.0120	  173.7588
11.762	 2.46	 1	 -42.1810	  173.6408
11.763	 2.14	 1	 -42.5712	  173.0088
11.768	 2.40	 2	 -41.6765	  174.2126
11.768	 2.45	 1	 -43.4525	  178.1739
11.769	 2.93	 1	 -42.1918	  172.0220
11.773	 4.15	 1	 -42.4228	  173.7878
11.778	 2.49	 1	 -42.5442	  173.0347
11.783	 2.44	 1	 -42.2948	  173.8359
11.785	 2.01	 1	 -42.7639	  174.3547
11.788	 2.10	 1	 -42.2442	  173.6421
11.796	 2.12	 2	 -41.6831	  174.2901
11.799	 2.18	 3	 -41.9932	  173.2693
11.803	 2.43	 2	 -43.8409	  177.6519
11.804	 2.31	 1	 -41.6736	  174.1122
11.809	 2.73	 1	 -42.0652	  174.0814
11.809	 2.45	 1	 -41.7623	  174.2950
11.810	 2.51	 3	 -42.0705	  173.4022
11.811	 2.05	 1	 -41.7778	  173.7419
11.816	 2.50	 1	 -41.9869	  174.0258
11.817	 2.71	 2	 -41.8434	  173.9205
11.818	 2.19	 3	 -41.9925	  173.8892
11.820	 2.02	 1	 -42.2988	  172.9358
11.822	 3.21	 1	 -42.2919	  173.6052
11.824	 2.14	 2	 -41.8469	  174.1476
11.826	 2.53	 1	 -42.1372	  173.5584
11.829	 2.18	 3	 -41.9648	  173.9265
11.831	 2.08	 2	 -41.3991	  172.7769
11.832	 2.06	 3	 -41.9548	  173.8651
11.833	 2.01	 1	 -41.8837	  174.1552
11.837	 2.54	 1	 -42.6353	  172.9709
11.838	 2.25	 1	 -41.8704	  173.8957
11.839	 2.15	 1	 -42.4969	  174.0972
11.847	 2.36	 2	 -42.4329	  173.7280
11.857	 2.03	 1	 -42.3266	  173.7453
11.860	 2.21	 2	 -42.6079	  173.1182
11.862	 2.20	 3	 -42.0037	  173.8678
11.865	 2.16	 3	 -42.4251	  173.7340
11.870	 3.11	 1	 -43.0066	  175.5398
11.881	 2.54	 1	 -42.6707	  172.9708
11.887	 2.01	 2	 -42.3911	  173.3450
11.891	 2.44	 2	 -41.7905	  174.2952
11.896	 3.50	 1	 -42.4014	  173.1116
11.903	 2.02	 1	 -41.7510	  174.2999
11.905	 2.79	 2	 -41.8560	  173.9176
11.907	 2.23	 1	 -41.7249	  174.2964
11.910	 2.20	 3	 -42.0006	  173.8033
11.914	 2.82	 1	 -42.7125	  172.9932
11.919	 2.10	 5	 -42.0784	  173.7654
11.923	 2.21	 1	 -40.6574	  172.5389
11.924	 2.42	 3	 -41.7213	  174.3353
11.925	 2.20	 1	 -42.7221	  173.1142
11.927	 2.34	 1	 -41.9887	  173.7450
11.928	 2.03	 1	 -43.0267	  173.7236
11.929	 2.22	 1	 -42.1368	  173.6262
11.930	 2.25	 1	 -42.2074	  173.2636
11.931	 2.53	 1	 -42.0406	  173.7725
11.934	 2.38	 1	 -42.1686	  173.8877
11.944	 2.95	 1	 -42.2877	  173.6560
11.952	 2.15	 1	 -41.7879	  173.2628
11.952	 2.98	 2	 -41.9744	  173.8585
11.953	 2.47	 3	 -42.4981	  173.2758
11.962	 2.00	 1	 -41.7329	  174.2572
11.966	 2.01	 3	 -42.5037	  170.4653
11.967	 2.27	 1	 -42.2185	  173.7242
11.970	 2.07	 2	 -42.2871	  172.2652
11.970	 2.89	 1	 -41.7066	  174.2011
11.976	 2.04	 1	 -42.4962	  173.1000
11.977	 2.19	 3	 -41.9542	  173.8500
11.978	 2.31	 1	 -41.8223	  174.2145
11.979	 2.25	 2	 -42.4944	  174.3521
11.980	 2.91	 1	 -41.9744	  173.5391
11.980	 2.03	 3	 -41.8453	  174.6590
11.983	 2.29	 1	 -41.6733	  174.2638
11.984	 2.67	 1	 -42.5680	  172.6395
11.985	 2.36	 1	 -41.7314	  174.1919
11.994	 2.42	 1	 -42.1020	  173.8365
11.998	 2.49	 2	 -41.1391	  174.0869
11.999	 2.01	 2	 -42.2672	  173.8687
12.000	 2.09	 2	 -42.4837	  172.8182
12.007	 2.38	 1	 -42.3763	  172.9755
12.014	 2.18	 1	 -42.4353	  176.1371
12.018	 2.70	 2	 -41.7796	  174.1328
12.022	 2.50	 1	 -41.7218	  174.3346
12.024	 2.80	 2	 -42.5264	  170.4111
12.025	 2.04	 2	 -42.4825	  173.1027
12.028	 2.64	 1	 -42.4016	  173.3015
12.029	 2.22	 1	 -42.2465	  174.1363
12.032	 2.02	 1	 -42.4040	  173.8675
12.033	 2.20	 2	 -42.4093	  173.8251
12.034	 3.27	 3	 -42.3745	  172.9765
12.037	 2.08	 1	 -42.4486	  173.0084
12.037	 2.30	 1	 -42.2492	  173.8704
12.038	 2.71	 1	 -41.6659	  174.2777
12.044	 2.32	 1	 -42.2303	  173.5036
12.049	 2.24	 1	 -41.8815	  173.9339
12.054	 2.05	 1	 -41.6746	  174.2317
12.055	 2.43	 4	 -41.9866	  173.4718
12.056	 2.07	 2	 -42.0199	  173.6958
12.058	 2.63	 1	 -42.4601	  173.2035
12.067	 2.03	 1	 -41.6931	  174.2951
12.072	 2.36	 1	 -42.2760	  173.8012
12.072	 2.29	 1	 -42.0788	  173.6810
12.075	 2.72	 1	 -41.6315	  174.4410
12.076	 2.03	 2	 -42.4701	  173.3443
12.081	 2.15	 1	 -41.3934	  173.2461
12.082	 2.24	 1	 -41.8741	  174.1722
12.086	 3.42	 1	 -42.7676	  173.1451
12.090	 2.05	 5	 -42.2979	  174.0651
12.091	 2.63	 1	 -41.7775	  173.5097
12.092	 2.30	 3	 -42.0536	  173.8311
12.093	 2.29	 1	 -42.8165	  172.5130
12.094	 2.15	 1	 -42.3418	  173.4527
12.098	 2.03	 2	 -42.8903	  173.3971
12.098	 2.51	 1	 -42.2253	  173.5711
12.099	 2.23	 2	 -42.5147	  173.6616
12.099	 3.07	 1	 -42.4646	  172.9774
12.105	 2.34	 2	 -41.8947	  174.2956
12.108	 2.24	 1	 -42.3361	  173.7042
12.111	 3.55	 1	 -41.6672	  174.3124
12.118	 2.03	 1	 -42.2622	  173.7250
12.118	 2.47	 5	 -41.7409	  173.8433
12.122	 2.04	 1	 -42.5402	  172.9046
12.126	 2.89	 1	 -42.3969	  173.1982
12.128	 2.00	 1	 -42.3192	  173.7847
12.129	 2.09	 1	 -42.1282	  173.4766
12.133	 2.20	 1	 -38.5231	  177.0138
12.134	 2.46	 2	 -42.4285	  173.7731
12.136	 2.02	 4	 -42.3070	  173.6681
12.143	 2.67	 1	 -42.2370	  173.6070
12.146	 2.07	 1	 -41.7885	  174.2212
12.150	 2.36	 1	 -42.6589	  171.5690
12.151	 2.37	 2	 -42.4438	  173.2669
12.154	 2.08	 1	 -42.3301	  173.8003
12.158	 2.57	 1	 -42.4420	  173.7933
12.162	 2.29	 1	 -41.4791	  173.9806
12.166	 2.28	 1	 -42.6852	  172.9858
12.169	 3.28	 1	 -42.4899	  173.2074
12.169	 2.03	 2	 -42.3740	  172.9769
12.172	 2.74	 2	 -42.3055	  173.7977
12.174	 2.10	 3	 -41.9268	  173.8846
12.177	 2.30	 1	 -42.4175	  174.0577
12.181	 2.16	 1	 -41.8876	  173.4833
12.183	 2.68	 3	 -43.4137	  173.8214
12.184	 2.26	 1	 -41.7377	  174.2795
12.185	 2.16	 1	 -41.6803	  174.0388
12.189	 3.08	 1	 -41.6441	  173.8386
12.193	 2.94	 2	 -42.3281	  173.4554
12.194	 2.84	 1	 -42.0092	  173.7488
12.195	 2.02	 1	 -41.9162	  174.2436
12.199	 2.38	 2	 -41.6880	  174.2929
12.206	 2.78	 1	 -41.9475	  173.9984
12.208	 3.08	 1	 -42.4724	  173.0962
12.214	 2.39	 3	 -41.7527	  173.8345
12.214	 2.44	 1	 -40.5798	  177.1532
12.218	 3.26	 1	 -42.7332	  173.3673
12.220	 2.21	 1	 -42.1882	  173.9985
12.220	 2.43	 1	 -42.4154	  174.1500
12.221	 2.92	 1	 -42.3939	  173.2642
12.230	 2.49	 1	 -42.4222	  173.4796
12.231	 2.52	 1	 -42.2070	  173.5181
12.236	 2.69	 1	 -42.4587	  173.2405
12.241	 2.57	 1	 -42.4529	  175.0322
12.244	 2.53	 1	 -43.7155	  175.6069
12.249	 2.46	 1	 -42.3328	  173.8159
12.250	 2.76	 1	 -42.4295	  173.8725
12.251	 2.49	 1	 -41.7248	  174.1644
12.251	 2.08	 2	 -42.0360	  173.7846
12.254	 2.16	 3	 -42.5172	  173.9038
12.255	 2.52	 1	 -42.5543	  173.5153
12.261	 2.06	 1	 -41.7656	  174.3272
12.262	 2.84	 1	 -41.7887	  174.4047
12.269	 2.36	 1	 -42.4937	  173.4651
12.270	 2.10	 1	 -41.7031	  174.2536
12.274	 2.15	 1	 -41.6973	  174.1847
12.276	 2.98	 3	 -41.9418	  173.8939
12.277	 2.21	 1	 -42.1577	  173.6059
12.277	 2.79	 1	 -41.9669	  173.5945
12.281	 2.08	 1	 -42.2059	  173.6153
12.283	 2.07	 1	 -42.4488	  174.0337
12.285	 2.00	 1	 -42.3372	  173.7307
12.286	 2.04	 1	 -42.3699	  173.4843
12.288	 2.44	 5	 -41.8604	  173.7533
12.289	 2.24	 1	 -41.8913	  174.3103
12.291	 2.03	 1	 -42.7066	  173.0053
12.291	 2.48	 1	 -41.6947	  174.1165
12.292	 3.01	 1	 -42.5641	  173.2704
12.295	 2.71	 1	 -42.4795	  173.4051
12.300	 2.75	 1	 -41.8932	  173.6389
12.300	 2.26	 3	 -43.4854	  171.9977
12.301	 2.15	 2	 -42.0167	  173.6008
12.305	 2.25	 2	 -42.3851	  173.9138
12.308	 3.43	 1	 -41.6836	  174.3356
12.308	 2.20	 4	 -41.9413	  173.8959
12.321	 2.20	 1	 -42.9486	  173.0302
12.326	 2.31	 2	 -42.6026	  173.1270
12.326	 2.82	 1	 -41.8067	  174.2943
12.327	 2.00	 2	 -42.4351	  173.4128
12.331	 2.30	 1	 -42.4275	  172.9917
12.331	 2.02	 1	 -42.2290	  173.8964
12.332	 2.64	 1	 -41.9480	  173.3872
12.335	 2.57	 1	 -42.4108	  173.0039
12.339	 2.09	 1	 -42.4226	  173.8307
12.345	 2.26	 2	 -42.7133	  172.9866
12.351	 2.23	 2	 -42.0201	  173.7175
12.354	 2.29	 2	 -42.3087	  173.7945
12.357	 2.08	 2	 -41.7313	  174.4230
12.361	 3.15	 3	 -42.0521	  173.8499
12.364	 2.01	 2	 -42.5465	  173.2827
12.367	 2.17	 1	 -42.2270	  173.6837
12.367	 2.10	 1	 -42.0605	  173.7021
12.368	 2.13	 1	 -42.3198	  173.7753
12.375	 2.49	 1	 -42.0986	  173.6714
12.379	 2.25	 1	 -40.8918	  177.8151
12.384	 2.68	 1	 -41.5782	  173.9503
12.391	 2.38	 1	 -41.6873	  173.8561
12.394	 2.30	 4	 -42.1135	  173.4092
12.399	 2.40	 1	 -41.7633	  174.2638
12.401	 2.62	 1	 -41.2411	  172.9058
12.403	 2.78	 1	 -42.2591	  173.7496
12.404	 2.76	 2	 -42.4888	  173.2075
12.406	 2.00	 1	 -42.5878	  172.9036
12.410	 2.08	 1	 -41.6878	  174.3730
12.411	 2.13	 1	 -42.4753	  173.1346
12.421	 3.08	 5	 -42.0757	  173.8322
12.423	 2.20	 1	 -41.9407	  173.8441
12.434	 2.15	 1	 -42.6509	  172.9803
12.439	 2.30	 1	 -42.5313	  172.9799
12.439	 2.59	 2	 -42.1919	  173.4693
12.443	 2.08	 1	 -41.7932	  174.0753
12.446	 2.42	 1	 -42.2263	  173.0733
12.447	 2.16	 2	 -41.6255	  173.9351
12.449	 2.88	 4	 -41.9292	  173.8795
12.452	 2.43	 1	 -41.5716	  172.6214
12.454	 2.26	 3	 -42.0461	  173.8953
12.456	 2.08	 1	 -42.3671	  173.4455
12.461	 2.44	 1	 -42.3643	  173.9740
12.464	 2.40	 1	 -42.1296	  173.7322
12.464	 2.85	 2	 -41.9973	  173.8088
12.467	 2.21	 3	 -42.4875	  173.3637
12.471	 2.17	 1	 -42.5233	  173.2272
12.474	 2.12	 1	 -42.6159	  173.0840
12.475	 2.33	 1	 -42.2948	  173.5875
12.476	 2.03	 2	 -42.0181	  173.6998
12.478	 2.35	 2	 -43.3140	  173.6409
12.478	 3.26	 5	 -41.7652	  173.8352
12.480	 2.57	 2	 -41.6946	  174.1897
12.480	 2.23	 1	 -42.0732	  174.2437
12.484	 2.94	 1	 -41.8161	  174.2304
12.485	 3.49	 1	 -42.7964	  173.1457
12.486	 2.73	 1	 -42.2415	  173.6026
12.489	 2.64	 3	 -42.4059	  173.8246
12.489	 3.02	 1	 -42.3171	  173.9066
12.492	 2.39	 1	 -41.7359	  174.3392
12.495	 2.75	 1	 -41.8564	  173.9414
12.496	 2.62	 1	 -41.9605	  173.8299
12.498	 2.27	 1	 -41.7817	  174.1602
12.505	 2.40	 1	 -41.7091	  174.2075
12.507	 2.65	 2	 -42.3805	  173.0515
12.507	 2.44	 1	 -42.0934	  173.7097
12.508	 2.55	 3	 -42.1455	  173.7998
12.510	 2.37	 1	 -42.2335	  173.6091
12.513	 2.14	 1	 -42.9340	  172.6930
12.518	 2.63	 3	 -41.8860	  173.9231
12.519	 2.31	 1	 -42.5804	  171.2075
12.529	 2.76	 1	 -42.4260	  173.7777
12.530	 2.21	 1	 -42.3625	  173.2979
12.532	 2.24	 2	 -37.8050	  174.1005
12.539	 3.93	 1	 -42.6065	  173.0349
12.539	 2.11	 1	 -42.6287	  172.8702
12.544	 2.09	 1	 -41.8045	  174.1804
12.544	 2.45	 1	 -42.1758	  173.3944
12.550	 2.09	 2	 -42.6177	  173.0855
12.555	 3.34	 1	 -42.1300	  173.6601
12.556	 2.26	 1	 -44.0492	  174.1206
12.562	 2.03	 1	 -42.6694	  172.7624
12.565	 2.02	 1	 -42.3460	  172.9644
12.570	 2.42	 2	 -42.5070	  172.9926
12.571	 3.26	 1	 -42.8424	  172.8887
12.572	 2.27	 3	 -41.6887	  174.3243
12.587	 2.05	 1	 -42.1016	  172.8905
12.589	 2.87	 1	 -42.2678	  173.2383
12.594	 2.08	 1	 -42.8157	  174.9729
12.598	 2.08	 2	 -42.6068	  173.0386
12.601	 3.40	 4	 -41.9621	  173.8546
12.604	 2.09	 1	 -41.8935	  174.1424
12.605	 3.28	 1	 -42.5455	  173.0390
12.625	 2.22	 1	 -42.3282	  173.6103
12.629	 2.66	 1	 -42.2203	  173.6373
12.629	 2.07	 1	 -41.7017	  174.3159
12.631	 2.05	 1	 -42.2719	  173.6876
12.635	 3.92	 4	 -41.8463	  173.7899
12.635	 2.04	 1	 -42.1484	  173.5947
12.636	 3.81	 1	 -42.4969	  173.4863
12.638	 2.67	 2	 -42.4642	  173.3684
12.640	 2.26	 1	 -41.6528	  174.3479
12.642	 2.66	 1	 -42.3236	  173.4785
12.648	 2.07	 1	 -42.2877	  173.6437
12.648	 2.51	 1	 -42.5557	  173.0712
12.648	 2.55	 1	 -42.5661	  173.1455
12.651	 3.77	 1	 -41.6937	  174.2361
12.655	 2.43	 1	 -42.2490	  173.6280
12.656	 2.43	 1	 -41.7127	  174.1973
12.657	 2.07	 1	 -42.3431	  173.6423
12.659	 2.87	 4	 -42.1094	  173.4679
12.659	 2.47	 2	 -42.6067	  172.5891
12.659	 3.18	 1	 -41.7413	  174.5450
12.661	 2.41	 1	 -41.7485	  174.1858
12.671	 2.51	 1	 -44.1652	  174.4689
12.672	 4.14	 1	 -42.7001	  172.9454
12.679	 2.28	 2	 -42.4976	  173.4770
12.681	 2.32	 1	 -41.4226	  175.6145
12.686	 2.10	 2	 -42.6946	  172.9525
12.692	 2.10	 1	 -42.3167	  173.7289
12.701	 2.49	 2	 -42.2359	  173.7724
12.702	 2.42	 1	 -41.8249	  174.3174
12.702	 2.05	 2	 -42.6294	  173.5256
12.706	 2.53	 1	 -42.4006	  173.6894
12.708	 2.39	 1	 -42.3016	  173.1405
12.708	 2.90	 1	 -42.3866	  174.1192
12.712	 2.34	 2	 -41.7973	  174.2540
12.713	 2.68	 1	 -42.0675	  174.0241
12.714	 2.49	 1	 -42.1830	  173.7820
12.716	 2.50	 5	 -41.9090	  173.8861
12.720	 2.18	 3	 -41.9749	  173.8767
12.721	 2.40	 1	 -41.7203	  174.3495
12.724	 2.53	 2	 -42.5328	  172.9835
12.726	 2.31	 1	 -41.9733	  173.9125
12.732	 2.49	 1	 -42.2943	  173.4448
12.733	 2.29	 2	 -41.7531	  174.2294
12.737	 2.11	 1	 -42.2207	  173.6142
12.740	 2.87	 1	 -41.7050	  174.3576
12.740	 2.33	 2	 -42.7277	  172.9231
12.742	 2.60	 3	 -42.3887	  173.9272
12.742	 2.56	 1	 -41.7214	  174.2968
12.743	 2.18	 1	 -41.7494	  174.4086
12.744	 3.77	 1	 -42.4877	  173.0291
12.746	 2.04	 3	 -41.5694	  173.8926
12.751	 2.17	 1	 -41.6815	  174.1645
12.752	 3.17	 1	 -42.4424	  173.1360
12.754	 2.01	 3	 -42.1680	  173.8887
12.756	 2.02	 5	 -41.8200	  173.7996
12.756	 2.52	 1	 -41.6140	  174.3882
12.760	 2.12	 2	 -42.7187	  172.8882
12.762	 2.47	 1	 -42.5869	  173.4369
12.768	 2.34	 1	 -43.5953	  173.6221
12.770	 2.04	 2	 -42.7120	  172.9434
12.770	 3.87	 4	 -42.3888	  173.9259
12.777	 2.58	 1	 -42.5498	  172.7532
12.780	 2.09	 1	 -46.9215	  175.1014
12.785	 2.26	 1	 -42.2388	  173.6468
12.795	 2.30	 2	 -42.5600	  172.8545
12.799	 2.47	 1	 -42.3599	  173.0689
12.801	 2.54	 2	 -42.5069	  173.3900
12.802	 2.04	 1	 -41.7242	  174.2551
12.803	 2.63	 4	 -41.9731	  173.8574
12.806	 2.07	 2	 -42.1759	  173.6468
12.810	 3.73	 3	 -41.9224	  173.8890
12.812	 2.04	 1	 -41.9457	  173.8808
12.813	 3.15	 4	 -41.7872	  174.0163
12.815	 2.11	 2	 -42.4296	  173.7635
12.818	 2.16	 1	 -41.6917	  174.2133
12.818	 2.33	 1	 -41.7070	  174.3067
12.821	 2.55	 2	 -42.4334	  173.1030
12.825	 2.05	 1	 -41.7594	  174.3208
12.826	 2.06	 1	 -42.0983	  173.6126
12.827	 2.48	 1	 -42.6798	  172.7766
12.829	 3.12	 6	 -41.7596	  173.8460
12.831	 2.06	 1	 -42.1965	  174.2384
12.832	 2.44	 1	 -42.1224	  173.7141
12.832	 2.28	 4	 -42.2889	  174.3951
12.833	 2.57	 1	 -41.6952	  174.2798
12.835	 2.01	 1	 -41.8149	  173.9926
12.836	 3.07	 1	 -42.2455	  173.5642
12.838	 2.85	 2	 -42.3999	  173.4475
12.842	 2.07	 1	 -42.6643	  172.7956
12.845	 2.76	 2	 -42.7111	  172.9894
12.845	 2.30	 1	 -42.0203	  173.8347
12.849	 4.45	 2	 -42.4093	  173.4735
12.850	 2.53	 2	 -42.1223	  173.3901
12.851	 2.26	 2	 -42.5190	  173.3400
12.855	 2.27	 1	 -42.2510	  173.9035
12.857	 2.54	 1	 -42.4866	  173.0054
12.858	 2.03	 1	 -42.3223	  173.9907
12.864	 2.21	 1	 -42.6208	  172.8805
12.868	 2.49	 2	 -41.6411	  174.2756
12.870	 2.39	 1	 -41.5462	  174.2333
12.871	 2.35	 1	 -42.1325	  173.6243
12.872	 2.71	 5	 -41.9573	  173.8581
12.878	 2.80	 1	 -41.7368	  174.3605
12.881	 2.11	 1	 -42.2789	  173.5252
12.883	 2.30	 2	 -42.1254	  173.6515
12.887	 2.01	 1	 -42.3198	  173.4779
12.891	 2.21	 2	 -42.0605	  173.8817
12.891	 2.22	 3	 -42.4538	  173.5228
12.894	 2.34	 1	 -41.7410	  174.3205
12.898	 2.10	 2	 -42.4395	  173.2765
12.901	 2.09	 3	 -42.4327	  173.4588
12.902	 2.21	 1	 -41.7449	  174.3988
12.903	 2.25	 2	 -42.0693	  173.8882
12.905	 2.02	 2	 -43.0690	  172.9965
12.908	 2.05	 1	 -41.9097	  173.7332
12.909	 2.12	 1	 -42.5953	  173.0859
12.909	 2.11	 1	 -42.4533	  173.1898
12.917	 2.08	 1	 -42.3737	  174.0213
12.934	 2.71	 1	 -42.3473	  173.6642
12.936	 2.01	 1	 -42.8321	  173.0041
12.939	 2.04	 1	 -41.7015	  174.3672
12.942	 2.12	 1	 -41.8428	  174.2407
12.942	 2.14	 3	 -42.3312	  173.6654
12.949	 2.13	 1	 -41.6800	  174.2878
12.952	 2.30	 5	 -41.8641	  173.6774
12.953	 2.41	 2	 -41.8465	  173.9584
12.956	 2.22	 5	 -41.8395	  173.6853
12.957	 2.25	 1	 -47.1779	  173.4552
12.960	 2.47	 1	 -42.4384	  173.3660
12.960	 2.27	 1	 -42.9558	  173.0262
12.964	 3.38	 1	 -41.7558	  174.2865
12.965	 3.39	 2	 -43.0739	  172.5080
12.967	 2.04	 1	 -42.6049	  172.9131
12.967	 2.43	 2	 -41.6571	  174.2744
12.975	 2.10	 1	 -41.9415	  173.7508
12.992	 2.28	 2	 -41.7065	  174.3111
12.995	 2.03	 2	 -42.3115	  173.2549
12.997	 2.34	 1	 -42.5814	  173.1478
12.998	 2.05	 2	 -42.8316	  172.8943
13.000	 2.43	 1	 -41.9383	  173.8312
13.002	 2.79	 1	 -39.5224	  177.7463
13.003	 2.22	 3	 -42.3971	  173.4610
13.007	 2.15	 1	 -42.5515	  172.8123
13.010	 2.05	 1	 -42.0765	  174.2809
13.011	 2.93	 3	 -42.3984	  173.4624
13.014	 2.05	 1	 -41.6762	  174.1637
13.018	 2.09	 1	 -41.7349	  174.2385
13.023	 2.03	 1	 -41.9632	  173.8595
13.024	 2.61	 2	 -42.4895	  173.6682
13.027	 2.23	 1	 -41.6992	  174.3136
13.027	 2.80	 2	 -42.3221	  174.0308
13.027	 2.26	 1	 -42.2165	  173.7213
13.027	 2.14	 2	 -42.0148	  173.7550
13.027	 3.10	 2	 -42.4493	  173.1052
13.028	 2.17	 2	 -42.4779	  173.1361
13.029	 2.90	 1	 -41.7918	  174.2253
13.047	 2.04	 1	 -42.6093	  172.9864
13.049	 2.89	 1	 -41.6084	  173.9896
13.051	 2.38	 4	 -42.0003	  173.8040
13.057	 2.31	 1	 -42.4257	  173.4384
13.057	 2.10	 1	 -41.7320	  174.2322
13.058	 2.03	 2	 -42.2944	  173.4444
13.064	 2.47	 1	 -42.5967	  172.5661
13.064	 2.36	 1	 -41.7657	  174.2565
13.066	 2.36	 1	 -41.7292	  174.2350
13.069	 2.33	 3	 -41.9245	  173.8765
13.070	 2.31	 2	 -41.6756	  174.0077
13.071	 3.16	 3	 -42.4097	  173.4798
13.077	 2.12	 1	 -41.9235	  173.9271
13.079	 2.63	 1	 -41.7931	  174.2739
13.081	 2.26	 1	 -43.0456	  172.9335
13.082	 2.88	 1	 -41.7875	  174.2588
13.084	 2.01	 1	 -41.9553	  174.0793
13.087	 3.22	 1	 -41.6656	  174.2703
13.093	 2.46	 1	 -41.3594	  170.3600
13.093	 2.22	 2	 -42.2651	  173.7834
13.093	 2.62	 1	 -42.5603	  172.5952
13.094	 3.18	 2	 -42.3664	  173.7766
13.099	 4.26	 1	 -41.6125	  174.1135
13.106	 3.08	 1	 -42.6523	  173.7975
13.106	 2.79	 3	 -42.1612	  174.3846
13.108	 2.22	 1	 -42.1176	  173.7934
13.108	 3.27	 2	 -42.2188	  173.7424
13.109	 2.04	 1	 -42.2325	  173.4099
13.110	 3.45	 1	 -42.4087	  174.0106
13.111	 2.90	 1	 -42.5949	  173.7648
13.111	 2.26	 2	 -41.7396	  174.5483
13.114	 2.36	 1	 -41.7387	  174.1911
13.120	 2.02	 2	 -42.3998	  173.2996
13.128	 2.65	 2	 -41.6667	  174.3187
13.129	 2.83	 1	 -42.2610	  173.9375
13.130	 3.22	 4	 -42.4609	  173.3138
13.131	 3.10	 1	 -41.6668	  174.2916
13.132	 2.57	 3	 -41.8753	  174.8068
13.134	 2.28	 1	 -42.0145	  173.8593
13.135	 2.48	 3	 -41.9450	  173.7482
13.136	 2.13	 3	 -42.3758	  173.6128
13.136	 2.18	 1	 -42.1606	  173.5851
13.140	 2.09	 2	 -42.2486	  173.6262
13.142	 2.08	 1	 -42.7030	  173.0455
13.142	 2.22	 1	 -42.3609	  173.1486
13.142	 2.15	 2	 -42.3976	  173.1962
13.145	 2.46	 1	 -41.7902	  174.1909
13.145	 3.07	 1	 -42.9330	  173.0751
13.150	 2.47	 3	 -42.4068	  173.4556
13.150	 2.73	 3	 -41.9072	  173.7309
13.158	 2.04	 2	 -41.3541	  174.3287
13.162	 2.22	 1	 -42.2473	  173.5488
13.165	 2.13	 2	 -41.6153	  174.1197
13.170	 2.13	 2	 -42.2858	  173.6010
13.170	 2.43	 3	 -41.3529	  174.3288
13.176	 2.84	 1	 -42.2502	  173.7203
13.177	 2.85	 1	 -41.7468	  174.2907
13.177	 2.01	 1	 -42.6769	  172.2014
13.178	 2.00	 1	 -42.2632	  173.9282
13.184	 2.14	 1	 -42.3657	  173.5137
13.187	 2.15	 2	 -41.9464	  173.8317
13.190	 2.04	 1	 -41.9804	  173.6265
13.190	 3.31	 1	 -41.7782	  176.8106
13.198	 2.47	 1	 -41.6260	  174.1486
13.198	 2.09	 2	 -41.8086	  174.5359
13.199	 2.16	 1	 -42.1931	  173.7021
13.202	 2.04	 1	 -42.4090	  173.0386
13.211	 2.52	 1	 -42.4459	  173.1558
13.220	 2.02	 1	 -42.4777	  173.8316
13.221	 2.13	 2	 -42.3038	  174.0325
13.227	 2.76	 1	 -42.4474	  173.2691
13.229	 2.55	 1	 -42.1657	  173.7395
13.231	 2.56	 1	 -41.6369	  174.3107
13.234	 3.09	 1	 -42.4598	  173.1496
13.236	 2.35	 1	 -44.6601	  175.5140
13.242	 2.67	 1	 -41.7534	  174.0134
13.244	 2.13	 1	 -46.8654	  171.8810
13.244	 2.07	 3	 -41.9851	  173.9559
13.248	 2.58	 1	 -42.5437	  173.3202
13.249	 2.04	 1	 -41.3023	  174.2104
13.249	 2.19	 1	 -42.9716	  172.8219
13.251	 2.50	 1	 -42.5467	  173.7638
13.253	 2.79	 1	 -41.6856	  174.2132
13.256	 2.11	 1	 -42.4509	  173.2378
13.257	 2.01	 1	 -41.9433	  174.0923
13.258	 2.30	 1	 -41.6801	  174.2917
13.258	 2.23	 1	 -42.5467	  173.7555
13.264	 2.38	 1	 -41.9087	  173.9025
13.267	 2.38	 1	 -42.2532	  173.5712
13.270	 2.18	 1	 -41.7795	  174.3634
13.272	 2.03	 1	 -42.4077	  173.8335
13.273	 3.45	 1	 -37.6232	  176.3951
13.277	 3.31	 1	 -42.4005	  173.4235
13.280	 2.63	 3	 -42.4122	  173.6054
13.285	 2.49	 1	 -42.2982	  173.9146
13.285	 2.95	 1	 -42.3095	  173.5697
13.294	 2.02	 1	 -42.2154	  173.5626
13.297	 2.03	 1	 -42.3808	  174.1820
13.302	 2.21	 1	 -42.2003	  173.2056
13.306	 2.06	 1	 -42.1887	  173.0203
13.313	 3.90	 1	 -41.6417	  173.9380
13.314	 2.04	 1	 -42.6915	  172.8025
13.320	 2.08	 1	 -42.2045	  173.7461
13.325	 2.25	 1	 -42.4553	  173.1512
13.327	 2.53	 1	 -42.3658	  173.1758
13.331	 2.51	 1	 -38.9031	  176.8573
13.331	 2.01	 2	 -42.2535	  173.5709
13.336	 2.13	 1	 -42.3982	  173.4470
13.338	 2.09	 1	 -42.1195	  172.9430
13.349	 2.01	 3	 -42.4063	  173.4321
13.351	 2.59	 1	 -42.4937	  173.0878
13.351	 2.66	 1	 -42.0494	  173.9613
13.352	 2.42	 1	 -42.4371	  173.2378
13.356	 2.11	 1	 -42.2927	  173.5327
13.360	 3.10	 2	 -41.6185	  174.3690
13.368	 2.92	 1	 -41.7207	  174.3006
13.368	 2.02	 1	 -42.1945	  173.8150
13.372	 2.07	 1	 -41.6722	  174.1649
13.373	 2.12	 1	 -42.4712	  173.4115
13.381	 2.22	 2	 -41.6619	  173.9070
13.385	 2.75	 1	 -42.7251	  172.9582
13.386	 2.29	 1	 -42.8259	  173.0978
13.387	 2.11	 4	 -41.9647	  173.8324
13.387	 2.55	 1	 -42.3410	  173.5877
13.390	 2.64	 2	 -41.6216	  174.0605
13.392	 2.22	 1	 -42.4994	  173.2356
13.394	 2.03	 2	 -42.7013	  173.1639
13.399	 2.17	 1	 -41.7193	  174.4041
13.402	 2.98	 4	 -41.9652	  173.8946
13.411	 2.18	 1	 -41.6523	  174.2274
13.412	 2.52	 1	 -41.6841	  174.2873
13.412	 2.25	 1	 -42.2639	  174.0532
13.415	 2.19	 1	 -42.2957	  173.7835
13.421	 2.08	 1	 -41.7221	  174.3457
13.423	 2.03	 2	 -42.2485	  173.6145
13.427	 2.21	 1	 -41.6451	  174.4086
13.430	 2.31	 2	 -41.7224	  174.3480
13.431	 2.15	 1	 -41.9422	  173.6692
13.435	 2.27	 1	 -41.7362	  174.2403
13.439	 3.43	 1	 -42.2877	  173.8368
13.443	 2.30	 1	 -41.6836	  174.5183
13.447	 2.29	 2	 -40.9763	  174.9776
13.447	 2.87	 1	 -41.9474	  173.7249
13.450	 2.29	 1	 -41.2085	  174.2056
13.451	 2.35	 1	 -42.3319	  173.1154
13.453	 2.49	 1	 -41.8975	  174.2139
13.455	 3.04	 1	 -42.5643	  174.0221
13.461	 2.11	 3	 -42.0655	  173.8599
13.462	 3.05	 1	 -42.2045	  173.8190
13.469	 2.18	 2	 -42.9310	  173.6665
13.471	 2.85	 1	 -42.2156	  173.8718
13.479	 2.04	 1	 -41.7386	  174.2494
13.482	 2.02	 1	 -42.6169	  173.0090
13.485	 2.04	 1	 -42.5351	  173.0285
13.485	 2.20	 2	 -41.8036	  174.2287
13.495	 2.20	 2	 -42.7214	  173.2578
13.500	 2.39	 1	 -42.6866	  172.9379
13.510	 2.90	 1	 -42.4880	  173.7960
13.515	 2.09	 1	 -42.2426	  173.9680
13.517	 2.26	 2	 -41.5084	  174.0365
13.517	 2.66	 1	 -41.5548	  174.1743
13.520	 2.16	 1	 -41.8300	  174.1435
13.522	 2.73	 1	 -42.1552	  173.8149
13.528	 2.15	 1	 -42.2717	  173.8248
13.530	 2.22	 5	 -41.9582	  173.8833
13.536	 3.19	 1	 -41.8468	  174.2900
13.547	 2.41	 2	 -41.6189	  174.1045
13.547	 2.70	 2	 -42.7471	  173.6050
13.550	 2.92	 1	 -42.2897	  175.1642
13.559	 3.45	 1	 -41.6533	  174.2408
13.564	 2.73	 1	 -42.5752	  173.2648
13.567	 2.37	 2	 -41.6598	  174.2854
13.579	 2.12	 1	 -42.4707	  173.4660
13.582	 2.68	 1	 -42.5026	  173.8897
13.587	 2.62	 1	 -42.7300	  173.0095
13.588	 2.73	 1	 -41.7389	  174.2674
13.593	 2.36	 2	 -41.6579	  174.2675
13.594	 2.40	 1	 -42.5625	  179.1374
13.608	 2.17	 2	 -42.6048	  173.0368
13.609	 2.01	 1	 -42.5141	  172.8324
13.609	 2.01	 1	 -42.6966	  172.7972
13.610	 2.49	 2	 -42.4065	  173.8906
13.617	 2.08	 2	 -42.0208	  173.8116
13.619	 3.11	 2	 -42.3324	  174.0314
13.621	 3.55	 4	 -42.6598	  173.0785
13.622	 2.53	 2	 -41.7298	  174.2435
13.622	 2.03	 3	 -42.3810	  172.8506
13.624	 2.29	 2	 -42.5100	  173.8808
13.632	 2.17	 1	 -42.2012	  173.0879
13.639	 3.37	 1	 -42.5675	  173.8595
13.645	 2.80	 1	 -39.3853	  174.0262
13.653	 2.31	 1	 -42.4984	  173.0932
13.659	 2.25	 1	 -42.2599	  173.5757
13.659	 2.99	 2	 -42.5700	  179.1178
13.662	 2.30	 2	 -41.9104	  174.2757
13.663	 2.56	 1	 -41.6468	  174.4070
13.671	 2.36	 2	 -42.2503	  173.7180
13.683	 2.07	 1	 -42.8997	  173.4529
13.685	 2.07	 3	 -42.5127	  173.6629
13.687	 2.91	 2	 -41.8422	  173.9130
13.690	 2.59	 1	 -42.5569	  173.3584
13.695	 2.12	 1	 -41.9707	  173.4127
13.699	 2.52	 4	 -42.8763	  173.8931
13.699	 2.14	 1	 -42.4329	  173.8279
13.702	 2.76	 1	 -42.5462	  173.3569
13.702	 2.22	 1	 -42.1269	  173.8638
13.714	 3.00	 1	 -42.0633	  173.5101
13.721	 2.03	 1	 -42.1290	  172.8844
13.724	 2.07	 1	 -41.7616	  174.3992
13.726	 2.15	 1	 -42.6440	  173.3593
13.727	 2.04	 3	 -42.3753	  174.0093
13.731	 2.26	 1	 -41.6893	  174.3497
13.738	 2.19	 1	 -42.2841	  173.6950
13.739	 2.08	 1	 -42.3818	  173.8522
13.740	 2.19	 1	 -41.4951	  174.0482
13.741	 3.75	 3	 -41.2359	  174.4774
13.744	 2.68	 1	 -41.7570	  174.2975
13.746	 2.16	 1	 -41.9411	  173.9528
13.748	 2.66	 2	 -42.5620	  172.6030
13.749	 3.74	 1	 -42.2310	  173.8712
13.751	 2.03	 1	 -42.2285	  173.6534
13.753	 2.45	 2	 -41.8730	  171.4306
13.756	 3.01	 1	 -42.3882	  174.0713
13.759	 2.23	 1	 -42.1001	  173.0750
13.762	 3.01	 1	 -41.7309	  174.2362
13.769	 2.56	 1	 -41.9727	  174.0320
13.770	 2.42	 1	 -42.5958	  173.0314
13.776	 2.19	 1	 -42.8678	  172.9424
13.776	 2.84	 3	 -42.2601	  173.3065
13.779	 2.49	 1	 -41.8006	  174.2310
13.780	 2.93	 1	 -42.1652	  173.5417
13.781	 2.17	 1	 -42.2350	  173.7013
13.785	 2.57	 1	 -41.8316	  174.2517
13.787	 2.33	 1	 -42.1093	  173.5468
13.789	 2.88	 1	 -42.0360	  173.6464
13.789	 2.25	 1	 -41.7655	  174.2420
13.791	 2.22	 1	 -41.7534	  174.3029
13.797	 2.36	 1	 -42.6677	  173.5902
13.797	 2.19	 1	 -42.5811	  172.8183
13.801	 2.18	 1	 -41.7442	  174.1647
13.802	 2.13	 1	 -42.3460	  173.4352
13.808	 2.75	 1	 -41.6859	  174.3163
13.809	 4.26	 1	 -41.7370	  174.2348
13.817	 3.20	 1	 -42.0701	  173.6926
13.821	 3.33	 2	 -41.8052	  174.3076
13.821	 2.01	 2	 -42.7211	  172.9187
13.824	 2.64	 1	 -41.7122	  174.2818
13.828	 2.38	 4	 -41.3522	  174.3293
13.831	 3.09	 1	 -42.7416	  174.6098
13.839	 3.04	 3	 -41.7325	  174.1138
13.842	 2.11	 1	 -42.5404	  173.1454
13.845	 2.12	 2	 -42.0656	  173.6963
13.848	 2.84	 2	 -41.7377	  174.2342
13.850	 2.19	 4	 -41.6477	  173.7104
13.859	 2.43	 1	 -42.5085	  173.7744
13.865	 2.03	 1	 -42.6859	  172.7878
13.865	 2.70	 1	 -43.5664	  174.5748
13.866	 2.05	 1	 -41.7943	  174.2742
13.868	 2.10	 2	 -42.3586	  173.9727
13.869	 2.39	 1	 -41.8055	  174.1892
13.870	 2.50	 1	 -42.2922	  173.6916
13.872	 2.36	 1	 -42.6333	  173.1339
13.880	 2.18	 1	 -42.2504	  173.7403
13.885	 3.22	 4	 -41.9587	  173.9319
13.886	 2.68	 5	 -42.9461	  173.7140
13.888	 2.00	 3	 -41.9553	  173.8078
13.889	 2.49	 1	 -42.1745	  173.2166
13.889	 2.31	 1	 -42.0056	  173.8390
13.890	 2.01	 4	 -41.9353	  173.8719
13.891	 2.85	 5	 -41.9585	  173.9375
13.891	 2.45	 2	 -42.2525	  173.0905
13.893	 2.20	 1	 -42.4070	  173.6822
13.893	 2.52	 1	 -42.4883	  173.5297
13.895	 2.71	 2	 -41.7327	  174.2180
13.895	 2.36	 2	 -41.6373	  174.3064
13.909	 2.91	 1	 -42.0411	  174.4630
13.912	 2.46	 1	 -42.4741	  173.1428
13.917	 2.09	 1	 -42.0359	  173.7455
13.917	 3.53	 2	 -41.7232	  174.1389
13.917	 2.16	 1	 -41.6970	  174.3994
13.919	 2.05	 1	 -42.3641	  173.0895
13.923	 2.07	 1	 -42.0356	  173.6839
13.927	 2.44	 1	 -41.7531	  174.2881
13.930	 2.22	 1	 -42.2928	  172.9440
13.930	 2.19	 3	 -43.2458	  173.5537
13.930	 2.12	 1	 -42.5782	  173.3060
13.934	 2.02	 1	 -41.8141	  174.2874
13.937	 2.95	 1	 -42.2836	  173.7275
13.950	 2.02	 1	 -41.8344	  174.0875
13.950	 3.05	 1	 -42.7204	  173.0360
13.952	 2.23	 2	 -42.4898	  173.1598
13.959	 2.20	 1	 -42.5463	  173.0390
13.962	 2.80	 1	 -41.7123	  174.2728
13.966	 2.61	 2	 -41.7301	  174.5382
13.973	 2.23	 1	 -42.6025	  173.9996
13.973	 2.16	 2	 -37.7848	  174.0628
13.979	 2.12	 1	 -42.2539	  173.7541
13.980	 2.03	 1	 -41.7170	  174.4852
13.995	 2.30	 1	 -42.2440	  173.5726
13.999	 2.10	 3	 -42.3622	  173.9768
