# Simulation 165
# RelativeTime(days) Magnitude Generation Latitude Longitude
Time Mag Gen Lat Lon
7.001	 2.03	 1	 -42.5964	  173.0257
7.005	 2.22	 1	 -42.3711	  173.0829
7.006	 2.53	 1	 -41.7296	  174.3406
7.007	 2.05	 1	 -42.3953	  173.4738
7.009	 2.06	 1	 -42.5625	  173.8008
7.010	 2.01	 1	 -42.3763	  173.8794
7.012	 2.00	 1	 -41.7011	  174.2797
7.013	 2.51	 1	 -42.3783	  173.8397
7.014	 2.39	 1	 -42.2821	  173.7084
7.021	 2.01	 1	 -42.4502	  173.3469
7.024	 2.27	 1	 -42.6778	  173.4381
7.024	 2.14	 1	 -42.5161	  173.9404
7.025	 2.32	 1	 -42.4239	  173.2273
7.031	 2.43	 1	 -41.7956	  174.2083
7.034	 2.24	 1	 -41.8846	  173.6619
7.035	 2.49	 1	 -42.4725	  173.1918
7.037	 2.19	 1	 -42.3426	  173.6600
7.040	 2.32	 1	 -42.2872	  173.6648
7.042	 2.05	 1	 -41.7737	  174.2886
7.043	 2.06	 1	 -42.2385	  173.8002
7.043	 3.12	 1	 -41.8224	  174.2127
7.044	 2.19	 1	 -41.8164	  174.1587
7.049	 2.10	 1	 -42.0333	  174.2157
7.049	 2.07	 1	 -41.6432	  174.7831
7.057	 2.06	 1	 -42.4375	  173.7860
7.059	 3.48	 1	 -42.1523	  173.9387
7.061	 3.22	 1	 -42.3335	  173.5801
7.063	 2.49	 1	 -41.7644	  174.2215
7.068	 2.35	 1	 -42.5347	  173.1193
7.070	 2.48	 1	 -42.2951	  173.8684
7.071	 2.08	 1	 -42.4249	  172.9614
7.072	 2.26	 1	 -42.4204	  173.4971
7.074	 3.25	 1	 -41.6620	  174.1982
7.075	 2.11	 1	 -41.7509	  174.2326
7.077	 2.46	 1	 -42.5526	  173.2119
7.077	 2.30	 1	 -42.6127	  173.1263
7.077	 3.38	 1	 -42.4490	  173.3279
7.077	 2.24	 1	 -41.6682	  173.8807
7.079	 2.57	 1	 -42.4335	  173.3219
7.079	 3.03	 1	 -42.4075	  173.3203
7.081	 2.38	 1	 -42.4502	  174.2525
7.081	 2.04	 1	 -42.0032	  173.7085
7.081	 2.35	 1	 -42.2873	  173.6476
7.082	 2.30	 1	 -42.2430	  173.4089
7.084	 2.87	 1	 -45.7653	  177.4978
7.086	 2.22	 1	 -41.7017	  174.3344
7.086	 2.40	 1	 -42.4344	  173.1098
7.086	 3.19	 1	 -41.7026	  174.1417
7.088	 2.36	 2	 -42.5531	  173.2077
7.090	 2.03	 1	 -41.6868	  174.2185
7.091	 2.34	 1	 -42.6327	  172.8817
7.092	 2.02	 1	 -41.6692	  174.2755
7.099	 2.34	 1	 -42.4886	  173.3638
7.100	 3.13	 1	 -42.6977	  173.8865
7.101	 2.09	 1	 -42.2528	  173.8653
7.102	 2.36	 1	 -42.6705	  173.0455
7.102	 2.27	 1	 -41.9424	  174.2395
7.103	 2.59	 1	 -41.6856	  174.3255
7.107	 2.40	 1	 -42.4865	  173.1592
7.107	 2.27	 1	 -42.4817	  173.1384
7.108	 2.52	 1	 -42.8552	  173.0806
7.109	 2.50	 1	 -41.8131	  174.4079
7.112	 2.37	 1	 -41.7188	  174.4160
7.113	 2.72	 1	 -42.4811	  173.4122
7.115	 3.02	 1	 -42.7937	  172.8699
7.115	 2.37	 1	 -42.3334	  173.0603
7.118	 2.93	 1	 -42.6964	  173.0713
7.119	 2.58	 1	 -42.1289	  173.8654
7.122	 2.17	 1	 -41.7644	  174.2776
7.124	 2.48	 1	 -42.3974	  173.5341
7.124	 2.15	 1	 -42.1365	  173.6007
7.125	 3.21	 1	 -42.5789	  173.1702
7.130	 2.05	 1	 -42.0386	  173.7297
7.136	 2.42	 1	 -41.6523	  174.5498
7.139	 2.15	 1	 -42.0379	  173.6559
7.140	 2.10	 1	 -42.1079	  173.9073
7.141	 2.76	 1	 -42.3559	  173.8698
7.141	 2.56	 1	 -42.2953	  173.8532
7.145	 2.68	 1	 -42.8981	  172.9898
7.146	 3.21	 1	 -42.0525	  173.8617
7.147	 2.41	 1	 -42.4434	  173.7198
7.148	 2.35	 3	 -42.5542	  173.2073
7.152	 2.15	 2	 -41.6503	  174.5467
7.152	 2.09	 1	 -42.4060	  173.4775
7.156	 3.15	 1	 -42.8380	  172.9191
7.159	 2.00	 1	 -42.4782	  173.1608
7.161	 2.87	 1	 -42.3273	  173.1165
7.161	 3.28	 1	 -40.8601	  172.4571
7.163	 2.67	 1	 -42.4295	  174.0269
7.166	 2.10	 1	 -42.5606	  172.9702
7.166	 3.21	 1	 -41.7995	  174.4444
7.167	 2.26	 1	 -42.0070	  173.9716
7.168	 2.07	 1	 -41.7923	  174.2483
7.170	 2.22	 2	 -41.8011	  174.2041
7.173	 2.27	 1	 -41.6584	  174.1600
7.174	 2.52	 1	 -41.7417	  174.2919
7.174	 2.18	 1	 -41.7271	  174.3877
7.175	 2.35	 1	 -42.2821	  173.6644
7.176	 2.07	 1	 -42.3000	  173.9274
7.178	 2.50	 1	 -42.2342	  173.6777
7.178	 2.05	 1	 -42.8351	  173.0637
7.179	 3.14	 1	 -42.3274	  173.0143
7.184	 3.23	 1	 -42.1385	  173.5237
7.185	 2.47	 1	 -42.4610	  173.1837
7.185	 2.48	 1	 -42.7675	  172.8060
7.188	 2.15	 1	 -45.7213	  168.4684
7.188	 2.25	 1	 -42.4224	  173.3625
7.194	 3.08	 1	 -41.7230	  174.2415
7.194	 2.35	 1	 -41.5663	  174.4051
7.194	 3.90	 1	 -41.9980	  173.6263
7.196	 2.40	 1	 -41.6855	  173.7275
7.196	 2.63	 2	 -42.3265	  173.0154
7.196	 2.39	 1	 -40.9319	  175.0660
7.198	 2.08	 1	 -42.7568	  172.4841
7.198	 2.63	 1	 -41.7340	  174.3674
7.200	 2.47	 1	 -41.6838	  174.3921
7.200	 2.14	 1	 -42.6589	  173.4030
7.200	 3.00	 1	 -41.7428	  174.1594
7.201	 2.12	 1	 -42.1818	  173.8060
7.201	 2.37	 1	 -42.5331	  173.2453
7.204	 2.18	 1	 -42.3611	  173.7910
7.204	 2.46	 1	 -41.8316	  174.0216
7.207	 2.14	 1	 -42.4104	  173.7612
7.210	 3.73	 1	 -42.7609	  173.3374
7.210	 2.14	 1	 -41.7689	  174.3130
7.210	 2.11	 1	 -41.7347	  174.2458
7.210	 2.17	 1	 -41.8953	  174.0380
7.211	 2.01	 1	 -42.5111	  173.3149
7.213	 2.38	 1	 -42.5078	  173.1741
7.214	 2.98	 1	 -41.7091	  174.2650
7.215	 2.63	 1	 -42.4553	  174.0302
7.215	 2.81	 1	 -42.2298	  173.8284
7.224	 2.43	 1	 -42.6786	  172.8799
7.227	 2.48	 1	 -40.1907	  167.8794
7.227	 2.05	 1	 -42.4058	  173.8257
7.228	 2.51	 1	 -43.3854	  166.9774
7.229	 2.01	 1	 -42.5159	  173.2757
7.229	 2.15	 2	 -41.7993	  174.4478
7.237	 2.16	 1	 -42.3071	  174.2995
7.238	 2.65	 1	 -41.7421	  174.3085
7.238	 2.63	 1	 -42.0479	  173.6212
7.239	 2.98	 2	 -41.9998	  173.6269
7.240	 2.36	 1	 -42.4848	  173.0297
7.246	 2.18	 1	 -41.7556	  174.3583
7.247	 2.76	 2	 -42.0446	  173.6191
7.249	 2.15	 1	 -42.5301	  173.1027
7.249	 2.52	 1	 -41.8300	  173.9178
7.250	 2.21	 1	 -42.4990	  171.8620
7.252	 2.04	 1	 -42.5223	  173.4415
7.256	 2.29	 1	 -41.7190	  174.5745
7.260	 2.91	 1	 -42.4238	  174.4021
7.260	 2.05	 1	 -41.7914	  174.1178
7.263	 2.10	 1	 -42.3235	  173.4422
7.263	 2.08	 1	 -42.3652	  174.0161
7.265	 2.19	 1	 -42.4865	  173.6034
7.270	 2.21	 1	 -42.0981	  173.7300
7.270	 2.28	 1	 -42.8553	  172.8640
7.271	 2.83	 1	 -42.6750	  172.6929
7.277	 2.47	 1	 -41.7292	  174.1557
7.278	 2.06	 1	 -41.7722	  174.2598
7.278	 2.22	 1	 -42.4007	  172.8089
7.280	 2.64	 1	 -41.8049	  173.9465
7.285	 2.08	 1	 -42.1624	  173.3700
7.287	 2.02	 1	 -42.0365	  173.7303
7.288	 2.37	 1	 -42.1024	  173.5415
7.289	 2.03	 1	 -42.3816	  173.9826
7.294	 2.28	 1	 -42.5167	  173.0670
7.294	 2.01	 1	 -42.0978	  173.8656
7.299	 2.25	 1	 -42.5836	  173.1220
7.299	 2.14	 1	 -42.3456	  173.4209
7.300	 2.42	 1	 -41.8593	  174.8774
7.302	 2.19	 1	 -42.1560	  173.5948
7.304	 2.42	 1	 -42.4978	  173.1990
7.308	 2.22	 1	 -41.7692	  174.2879
7.308	 2.08	 1	 -41.7341	  174.2292
7.309	 2.59	 2	 -42.3232	  173.3158
7.309	 2.35	 1	 -42.0095	  173.7067
7.310	 5.16	 1	 -42.6555	  173.1103
7.315	 2.48	 2	 -42.6459	  173.1400
7.316	 2.07	 1	 -41.7238	  174.3184
7.317	 2.57	 2	 -42.6818	  173.1402
7.317	 2.09	 1	 -42.2700	  173.1209
7.317	 2.29	 1	 -42.9075	  174.6046
7.318	 2.25	 1	 -42.4263	  173.2540
7.319	 2.26	 2	 -42.6449	  173.1472
7.320	 2.62	 1	 -41.8546	  174.1047
7.322	 2.30	 1	 -42.5967	  173.2419
7.322	 2.17	 1	 -42.5903	  173.0124
7.323	 2.03	 1	 -41.7270	  174.2435
7.327	 2.14	 1	 -45.6339	  177.2702
7.328	 2.10	 2	 -42.6745	  173.0892
7.328	 2.05	 1	 -41.6025	  174.1648
7.329	 2.17	 2	 -42.6443	  173.0101
7.329	 2.07	 2	 -42.6978	  173.1853
7.331	 2.03	 1	 -42.3070	  173.7656
7.334	 2.02	 1	 -42.3914	  173.8666
7.334	 2.05	 1	 -42.9442	  173.1957
7.335	 2.17	 1	 -42.5748	  173.2567
7.335	 2.71	 1	 -42.4165	  173.8791
7.336	 2.40	 1	 -40.4183	  179.3693
7.340	 2.58	 1	 -43.4336	  172.7778
7.340	 2.30	 1	 -41.7664	  174.3098
7.341	 2.37	 2	 -41.9926	  173.6337
7.344	 2.30	 2	 -41.7569	  173.0755
7.345	 2.10	 2	 -42.6016	  172.8645
7.357	 2.01	 2	 -42.6659	  173.1810
7.358	 2.62	 2	 -42.7121	  172.9938
7.359	 2.15	 1	 -42.3914	  173.4877
7.360	 2.02	 1	 -41.7186	  174.3239
7.361	 2.06	 1	 -42.4973	  173.3737
7.361	 2.17	 1	 -42.2989	  172.7992
7.362	 2.32	 1	 -41.7232	  174.3891
7.362	 2.34	 1	 -41.5780	  174.3641
7.365	 2.01	 1	 -42.2174	  173.5117
7.367	 2.10	 1	 -42.5254	  173.1364
7.367	 2.78	 1	 -41.6933	  174.3091
7.369	 2.20	 1	 -42.6579	  172.7825
7.369	 2.54	 1	 -43.4121	  173.1039
7.370	 2.33	 1	 -41.7560	  174.2610
7.370	 2.14	 1	 -41.7296	  174.2842
7.371	 2.44	 1	 -42.4897	  173.1719
7.373	 2.01	 1	 -42.1265	  172.4386
7.375	 2.09	 1	 -42.1144	  173.5249
7.378	 2.20	 1	 -41.6808	  174.2560
7.379	 2.51	 1	 -42.6887	  173.2486
7.381	 2.16	 2	 -42.6464	  173.1049
7.384	 2.25	 1	 -42.3826	  173.7928
7.386	 2.48	 1	 -41.5104	  171.9294
7.386	 2.90	 1	 -42.3353	  173.7223
7.387	 2.21	 1	 -42.0834	  173.5483
7.392	 2.62	 1	 -42.3648	  173.1293
7.393	 2.05	 1	 -42.3371	  173.8979
7.395	 2.17	 2	 -42.7067	  173.2340
7.395	 2.06	 1	 -42.4586	  173.3528
7.398	 2.93	 1	 -42.2250	  174.0523
7.400	 2.54	 1	 -41.6730	  174.2086
7.401	 2.14	 1	 -42.6368	  172.9935
7.403	 3.30	 1	 -41.9599	  173.7005
7.403	 2.39	 2	 -42.6160	  173.0976
7.404	 2.00	 1	 -42.2584	  173.6079
7.405	 2.45	 2	 -42.6673	  173.1241
7.407	 2.02	 1	 -41.8039	  174.1971
7.407	 2.03	 1	 -41.7488	  174.3759
7.407	 2.08	 1	 -42.5031	  173.2783
7.407	 2.12	 2	 -41.9597	  173.6976
7.408	 3.87	 1	 -42.4761	  173.4035
7.409	 2.20	 1	 -41.5490	  174.4075
7.411	 2.17	 1	 -41.7498	  174.2340
7.412	 2.64	 1	 -42.4879	  174.0102
7.413	 2.70	 1	 -42.2379	  173.8570
7.415	 2.33	 1	 -42.5297	  173.3997
7.418	 2.69	 1	 -41.7297	  174.1464
7.421	 2.39	 1	 -42.3249	  173.8690
7.422	 2.62	 1	 -41.8556	  173.9079
7.423	 2.98	 1	 -42.3263	  173.7911
7.425	 3.44	 1	 -41.7282	  174.3945
7.425	 2.19	 1	 -41.9279	  173.9915
7.426	 2.01	 1	 -41.8349	  174.4225
7.433	 2.09	 1	 -42.6123	  173.0911
7.434	 2.41	 1	 -41.7895	  174.2352
7.441	 2.16	 1	 -41.6389	  174.7021
7.441	 2.05	 1	 -41.7299	  174.4012
7.442	 2.25	 2	 -42.6358	  173.1488
7.449	 4.04	 1	 -41.7198	  174.1809
7.451	 2.07	 1	 -42.4191	  173.4451
7.452	 2.42	 1	 -42.4450	  173.2675
7.453	 2.23	 2	 -41.6903	  174.1466
7.462	 2.10	 1	 -42.7366	  173.6164
7.465	 2.21	 1	 -42.3860	  173.7019
7.466	 2.13	 1	 -42.2770	  173.8412
7.470	 2.78	 1	 -42.4148	  173.3266
7.473	 2.11	 1	 -42.1692	  173.8106
7.474	 2.01	 1	 -42.5319	  173.1684
7.482	 2.32	 1	 -42.7892	  172.8812
7.483	 2.22	 2	 -42.8329	  173.1080
7.485	 3.37	 1	 -42.0827	  171.5419
7.493	 2.65	 1	 -41.9901	  173.8258
7.494	 3.55	 1	 -42.6154	  173.0411
7.496	 2.15	 1	 -42.7668	  172.8461
7.496	 2.33	 1	 -42.3349	  173.5237
7.497	 2.90	 1	 -41.7381	  174.2948
7.497	 2.82	 1	 -42.4098	  173.3296
7.497	 2.21	 1	 -42.4121	  172.7562
7.498	 2.21	 1	 -41.7499	  174.2446
7.499	 2.70	 2	 -41.7304	  174.2860
7.499	 2.32	 1	 -42.6794	  173.0196
7.504	 3.19	 1	 -42.4132	  173.0893
7.506	 2.47	 2	 -42.4381	  173.1814
7.510	 2.53	 1	 -42.4138	  173.3415
7.511	 2.26	 1	 -41.7896	  174.2867
7.511	 2.45	 2	 -42.6583	  173.1341
7.513	 2.47	 2	 -42.9724	  173.7560
7.513	 2.42	 1	 -42.5290	  173.1621
7.515	 2.34	 2	 -42.6325	  173.1206
7.516	 2.31	 1	 -41.7935	  174.3059
7.520	 2.00	 1	 -42.2753	  173.5654
7.520	 2.34	 2	 -41.7212	  174.3810
7.522	 2.86	 1	 -42.2262	  173.5545
7.525	 2.48	 2	 -41.7497	  174.3600
7.526	 2.98	 1	 -41.7091	  174.3002
7.530	 2.18	 1	 -42.2653	  173.3329
7.532	 2.15	 1	 -42.2107	  173.8155
7.533	 2.56	 1	 -42.5074	  172.8881
7.535	 2.05	 1	 -42.2999	  173.7058
7.537	 2.46	 2	 -42.5399	  173.2029
7.541	 2.68	 1	 -42.4756	  173.2958
7.544	 2.76	 1	 -42.7294	  172.8322
7.544	 2.34	 1	 -42.3584	  173.8146
7.545	 2.92	 1	 -42.3144	  173.7406
7.545	 3.05	 1	 -41.6935	  174.3063
7.547	 2.29	 1	 -42.1235	  173.6136
7.548	 2.17	 1	 -42.5845	  173.0576
7.551	 2.04	 2	 -40.8534	  172.4300
7.553	 2.26	 1	 -41.8323	  172.5729
7.555	 2.09	 1	 -42.7238	  172.9818
7.555	 2.07	 1	 -42.3249	  173.5379
7.557	 2.15	 1	 -42.0478	  173.6017
7.559	 2.20	 1	 -44.7919	  167.6120
7.561	 2.11	 1	 -43.3103	  173.3562
7.561	 2.45	 1	 -42.4845	  172.7840
7.564	 2.35	 1	 -41.7804	  174.2259
7.566	 2.09	 1	 -42.1593	  172.7121
7.569	 2.24	 1	 -41.7408	  174.1038
7.569	 3.04	 1	 -42.3175	  173.9718
7.569	 2.74	 1	 -42.2344	  173.7942
7.571	 2.90	 2	 -42.6283	  173.1570
7.572	 2.10	 1	 -41.7096	  174.1501
7.573	 2.29	 1	 -42.2771	  173.8876
7.574	 2.00	 1	 -42.6601	  173.4216
7.574	 2.03	 1	 -41.6387	  173.7128
7.575	 2.92	 2	 -42.6631	  173.1611
7.576	 2.38	 2	 -41.6179	  174.2829
7.577	 2.11	 1	 -43.5340	  174.7738
7.579	 2.38	 1	 -41.6808	  174.2637
7.582	 2.38	 1	 -42.6243	  173.1478
7.583	 2.13	 2	 -42.6368	  173.0554
7.585	 2.10	 1	 -41.7905	  173.3240
7.585	 2.57	 1	 -41.7484	  174.6518
7.591	 3.55	 2	 -42.6693	  173.2592
7.591	 2.07	 1	 -42.4404	  173.4746
7.594	 3.46	 1	 -42.0913	  172.5779
7.600	 3.05	 1	 -42.1366	  173.6248
7.600	 2.22	 1	 -42.5411	  173.0762
7.601	 2.42	 1	 -42.3315	  173.4114
7.601	 2.72	 1	 -41.7170	  174.2783
7.601	 2.24	 1	 -42.5456	  173.4377
7.601	 2.54	 1	 -42.5402	  172.9163
7.606	 2.31	 1	 -42.6595	  171.4610
7.606	 2.88	 1	 -41.7235	  174.2242
7.608	 2.80	 1	 -42.6743	  173.1875
7.613	 2.42	 2	 -42.3215	  173.0161
7.615	 2.19	 1	 -42.7453	  173.9580
7.615	 2.68	 1	 -42.4094	  174.0341
7.619	 2.27	 1	 -42.3033	  172.8483
7.620	 2.53	 1	 -42.4582	  172.7999
7.620	 2.24	 1	 -40.7700	  175.2705
7.621	 2.08	 2	 -42.6526	  173.1276
7.623	 2.07	 1	 -43.1758	  170.7417
7.623	 4.05	 1	 -41.9906	  173.8097
7.623	 2.26	 2	 -42.5107	  173.8316
7.624	 4.19	 1	 -41.8302	  174.1353
7.624	 3.44	 1	 -42.5967	  175.9747
7.624	 2.15	 1	 -42.6128	  173.0855
7.625	 2.05	 1	 -41.6903	  174.2526
7.627	 2.42	 1	 -41.6961	  174.2374
7.627	 2.94	 2	 -42.8006	  172.8526
7.630	 2.30	 2	 -41.8386	  174.3370
7.633	 2.11	 1	 -42.4916	  173.3070
7.634	 2.27	 1	 -41.8136	  174.3326
7.639	 2.15	 1	 -41.6758	  173.1407
7.641	 2.56	 1	 -42.0914	  173.7702
7.643	 2.33	 2	 -41.6894	  174.3054
7.644	 2.11	 2	 -42.4737	  173.4036
7.646	 2.68	 1	 -42.3470	  173.9745
7.648	 2.38	 1	 -42.5501	  172.9837
7.653	 2.57	 1	 -42.2927	  173.8762
7.655	 2.03	 1	 -42.5311	  173.8138
7.656	 2.02	 1	 -41.7193	  174.1927
7.658	 2.43	 1	 -42.6298	  172.9958
7.659	 2.50	 1	 -41.7405	  174.1949
7.660	 3.09	 2	 -41.9121	  174.2391
7.663	 2.06	 1	 -42.3593	  173.5825
7.664	 2.33	 1	 -42.1042	  173.8180
7.664	 2.64	 1	 -41.7543	  174.2068
7.666	 5.66	 1	 -41.6905	  174.2432
7.666	 2.86	 1	 -41.5777	  174.1590
7.668	 2.37	 2	 -41.7018	  174.2104
7.669	 2.09	 1	 -44.1489	  172.9597
7.671	 2.08	 2	 -42.6657	  173.0561
7.672	 2.07	 1	 -41.6875	  174.3844
7.673	 2.63	 2	 -41.6564	  174.2116
7.674	 2.04	 2	 -41.7806	  174.2164
7.674	 2.68	 2	 -41.6358	  174.2024
7.676	 3.59	 2	 -42.3272	  173.7955
7.676	 3.17	 2	 -41.7465	  174.2308
7.677	 3.30	 2	 -41.8463	  174.2626
7.679	 2.01	 2	 -41.7731	  174.2727
7.679	 2.19	 2	 -41.9834	  174.1543
7.680	 2.27	 2	 -41.8352	  174.2725
7.680	 2.55	 1	 -42.4757	  173.6481
7.682	 2.41	 2	 -41.6968	  174.2649
7.682	 2.06	 2	 -42.7722	  173.4466
7.683	 2.25	 2	 -41.5419	  174.3950
7.684	 3.12	 1	 -41.7626	  174.2127
7.684	 4.14	 1	 -42.9391	  173.1048
7.684	 2.09	 2	 -41.7135	  174.1598
7.686	 3.21	 2	 -41.8670	  174.2842
7.686	 2.48	 2	 -41.6493	  174.2668
7.686	 2.45	 2	 -41.8146	  174.3687
7.686	 3.60	 1	 -41.5978	  174.3502
7.687	 2.28	 1	 -42.4678	  173.7435
7.688	 2.20	 1	 -41.5327	  176.1414
7.688	 2.21	 1	 -41.1577	  173.5641
7.688	 3.08	 1	 -41.8427	  174.3495
7.689	 3.32	 1	 -41.8504	  174.5338
7.689	 3.17	 2	 -41.8490	  174.5318
7.691	 3.00	 2	 -41.9748	  173.7978
7.692	 2.56	 2	 -41.7022	  174.2554
7.693	 2.09	 2	 -41.8051	  174.3094
7.693	 2.63	 1	 -42.0823	  173.8237
7.694	 2.15	 2	 -42.7085	  173.8972
7.695	 2.20	 2	 -41.6844	  174.1886
7.696	 2.49	 2	 -41.6894	  174.2627
7.697	 2.01	 2	 -41.6628	  174.3137
7.697	 3.09	 1	 -40.8761	  172.3054
7.699	 2.19	 2	 -41.6474	  174.2410
7.699	 2.16	 2	 -41.6483	  174.1790
7.699	 2.79	 2	 -41.7429	  174.2836
7.700	 3.36	 2	 -41.6252	  174.2609
7.703	 2.10	 1	 -42.4453	  173.2083
7.703	 2.03	 2	 -41.6916	  174.2512
7.703	 2.10	 1	 -42.2574	  173.9561
7.704	 4.29	 1	 -42.4072	  173.4130
7.704	 2.32	 2	 -41.8362	  174.1828
7.705	 2.58	 2	 -41.0748	  168.3640
7.706	 3.26	 2	 -41.7862	  174.1894
7.707	 2.02	 1	 -41.7928	  174.3418
7.709	 2.74	 1	 -42.6266	  173.3875
7.710	 2.65	 2	 -41.6450	  174.2085
7.712	 2.25	 1	 -42.5230	  173.2339
7.713	 2.67	 1	 -42.2108	  173.8802
7.714	 2.20	 3	 -42.3198	  173.8166
7.714	 2.29	 1	 -42.4763	  173.7598
7.716	 2.03	 2	 -41.5238	  174.2481
7.716	 2.00	 2	 -41.6927	  174.2183
7.717	 3.06	 2	 -41.6356	  174.3355
7.717	 2.20	 1	 -42.3726	  174.0253
7.717	 2.01	 2	 -41.6660	  174.1473
7.718	 2.08	 2	 -41.5884	  174.3448
7.720	 2.00	 2	 -41.6714	  174.2170
7.720	 2.28	 1	 -42.1368	  173.6439
7.723	 2.61	 1	 -41.7387	  174.1685
7.723	 2.12	 2	 -41.6918	  174.4013
7.724	 2.81	 1	 -42.3151	  173.6995
7.725	 2.05	 2	 -41.8180	  174.3671
7.725	 2.31	 2	 -41.7210	  174.2575
7.726	 2.01	 2	 -41.6413	  174.2142
7.729	 2.30	 1	 -42.1150	  173.6048
7.729	 2.22	 2	 -42.4020	  173.3085
7.730	 2.62	 1	 -41.8864	  171.6171
7.730	 2.29	 2	 -40.8768	  172.2831
7.737	 2.08	 1	 -41.6647	  174.2264
7.739	 2.98	 1	 -41.5667	  174.9813
7.741	 2.10	 2	 -41.6578	  174.2072
7.741	 2.32	 1	 -42.3738	  173.9302
7.742	 2.05	 1	 -41.8300	  174.2403
7.743	 2.36	 1	 -42.7186	  172.5042
7.743	 2.82	 1	 -41.8606	  174.2110
7.744	 2.40	 2	 -41.7029	  174.2344
7.745	 2.53	 2	 -41.8360	  174.6716
7.746	 3.06	 2	 -41.5429	  174.0265
7.746	 2.40	 2	 -42.6535	  173.0425
7.748	 2.05	 2	 -41.6859	  174.2253
7.749	 2.68	 3	 -41.5115	  173.9620
7.751	 3.00	 2	 -41.7261	  174.2376
7.755	 2.43	 3	 -42.3115	  173.7828
7.755	 2.12	 1	 -42.5175	  173.2329
7.755	 2.09	 2	 -40.0833	  174.8095
7.756	 2.53	 2	 -42.3331	  173.2564
7.756	 2.44	 2	 -41.6602	  174.5938
7.756	 2.77	 1	 -41.7364	  174.3120
7.757	 2.32	 1	 -42.6326	  171.7699
7.758	 2.89	 1	 -42.2817	  173.4031
7.760	 2.18	 2	 -40.8831	  172.3067
7.760	 2.05	 2	 -41.6822	  174.2402
7.763	 2.15	 1	 -42.2413	  173.6078
7.763	 2.31	 1	 -42.6708	  172.8157
7.764	 2.21	 1	 -42.1517	  173.4529
7.765	 2.39	 2	 -42.9401	  173.1080
7.765	 2.33	 2	 -42.7183	  173.1198
7.766	 2.10	 1	 -42.5149	  173.4844
7.767	 2.03	 2	 -41.7155	  174.1602
7.768	 2.27	 1	 -41.6825	  174.3303
7.769	 2.84	 1	 -42.3100	  173.6213
7.770	 2.09	 1	 -42.8628	  172.9781
7.771	 2.03	 2	 -41.7234	  174.3462
7.771	 2.02	 2	 -42.4109	  173.4184
7.772	 2.14	 1	 -42.2271	  173.8221
7.772	 2.27	 1	 -42.2440	  173.6126
7.773	 2.21	 2	 -41.5051	  171.9234
7.775	 3.72	 1	 -41.7689	  174.6126
7.776	 2.43	 1	 -42.2472	  173.6750
7.777	 2.02	 2	 -41.8352	  174.3664
7.781	 2.20	 1	 -42.5052	  173.2631
7.785	 2.03	 2	 -41.7091	  174.2684
7.785	 2.10	 2	 -41.7386	  174.2600
7.786	 2.08	 2	 -42.6373	  172.9941
7.786	 2.57	 2	 -42.3853	  173.4391
7.786	 2.16	 1	 -42.7511	  173.1580
7.787	 2.09	 2	 -42.4170	  173.4530
7.787	 2.07	 1	 -42.6251	  172.9414
7.792	 2.33	 2	 -42.6531	  173.1804
7.793	 2.09	 1	 -42.3687	  173.5659
7.793	 2.26	 1	 -41.7550	  174.2529
7.793	 2.61	 2	 -42.6723	  173.1058
7.793	 3.15	 1	 -41.6186	  174.1146
7.794	 2.99	 1	 -41.6905	  174.3142
7.796	 3.06	 2	 -41.9746	  171.5939
7.797	 2.18	 2	 -42.4027	  173.4116
7.798	 2.14	 1	 -42.0967	  173.8591
7.800	 2.17	 1	 -41.8725	  174.2506
7.802	 2.37	 2	 -41.6879	  174.3489
7.802	 2.38	 2	 -41.7067	  174.2033
7.803	 2.04	 1	 -42.5370	  172.8116
7.803	 2.12	 1	 -42.2876	  173.3392
7.805	 2.29	 2	 -41.9613	  174.3470
7.805	 2.13	 1	 -42.5970	  173.0428
7.805	 2.22	 1	 -42.6614	  172.8727
7.807	 2.17	 1	 -41.7212	  174.2070
7.808	 2.71	 2	 -41.6752	  174.2446
7.809	 2.41	 1	 -41.6978	  174.2139
7.809	 2.25	 2	 -41.6757	  174.3342
7.811	 2.10	 1	 -41.6812	  174.4048
7.811	 2.50	 2	 -42.4006	  173.4375
7.812	 2.60	 1	 -42.2725	  173.7069
7.813	 2.17	 2	 -41.7210	  174.6560
7.814	 2.10	 1	 -42.3382	  174.0051
7.815	 2.99	 1	 -42.5237	  173.1019
7.815	 2.37	 2	 -41.6728	  174.2628
7.816	 2.28	 2	 -41.6281	  174.1881
7.817	 2.01	 1	 -42.9159	  172.9322
7.820	 2.37	 1	 -42.3821	  174.0412
7.824	 3.57	 1	 -42.6922	  173.9574
7.826	 2.19	 1	 -41.7513	  174.4445
7.827	 2.41	 1	 -41.8745	  174.1136
7.828	 2.63	 2	 -42.6732	  173.0952
7.831	 2.27	 1	 -42.2631	  173.7011
7.832	 2.01	 1	 -42.5593	  173.0647
7.835	 2.12	 1	 -42.0782	  174.1220
7.836	 2.24	 2	 -41.7107	  174.2203
7.836	 2.11	 1	 -41.7805	  174.2724
7.837	 2.29	 1	 -43.3711	  173.5281
7.838	 2.07	 1	 -41.7335	  174.2757
7.838	 3.12	 3	 -41.7389	  174.2239
7.839	 2.07	 1	 -42.3489	  173.2286
7.840	 3.05	 2	 -41.7080	  174.5165
7.840	 2.04	 1	 -42.0673	  173.7596
7.841	 2.24	 1	 -41.9678	  173.4851
7.842	 2.05	 1	 -42.1568	  174.0058
7.843	 2.13	 1	 -42.3361	  173.9193
7.844	 2.72	 1	 -41.7279	  174.1956
7.846	 2.41	 2	 -41.6475	  174.2766
7.847	 2.12	 2	 -42.4161	  172.7576
7.849	 2.71	 1	 -41.9093	  174.1978
7.850	 2.16	 2	 -41.6962	  174.2359
7.853	 2.01	 1	 -41.7940	  173.6791
7.853	 2.47	 2	 -41.7570	  174.2443
7.854	 2.28	 1	 -42.8071	  173.3216
7.857	 2.04	 1	 -41.6101	  173.8083
7.859	 3.32	 2	 -41.7982	  174.1662
7.862	 2.42	 3	 -42.4008	  173.4382
7.862	 2.47	 2	 -42.6849	  173.1042
7.863	 3.24	 2	 -41.6997	  174.3483
7.863	 2.04	 2	 -41.7721	  174.5715
7.863	 2.46	 1	 -41.2267	  174.6741
7.866	 2.20	 1	 -41.7676	  174.2386
7.867	 2.03	 2	 -41.6681	  174.2893
7.873	 2.70	 1	 -41.7129	  174.4167
7.873	 2.13	 1	 -41.7462	  174.3323
7.875	 2.00	 2	 -41.7129	  174.1771
7.876	 2.03	 2	 -43.4903	  171.8768
7.877	 2.46	 1	 -42.4489	  173.8489
7.877	 2.21	 1	 -41.7752	  174.3141
7.878	 2.34	 1	 -41.8560	  174.0014
7.880	 2.65	 1	 -42.6346	  170.2870
7.880	 2.09	 2	 -42.6511	  173.1196
7.882	 3.20	 1	 -42.6488	  172.9209
7.883	 2.84	 2	 -41.7078	  174.3007
7.883	 2.14	 1	 -42.9611	  173.7283
7.887	 4.83	 1	 -42.0308	  173.7479
7.889	 2.00	 1	 -43.7980	  170.8102
7.889	 2.02	 2	 -41.5880	  173.7827
7.890	 2.19	 1	 -43.5225	  178.8062
7.892	 2.10	 1	 -42.6502	  172.6624
7.893	 2.31	 1	 -42.6657	  172.7999
7.894	 2.79	 2	 -42.9483	  173.0692
7.895	 2.47	 4	 -41.7387	  174.2173
7.895	 2.39	 2	 -41.7091	  174.1654
7.896	 2.67	 2	 -41.7229	  174.2187
7.897	 3.21	 1	 -42.5056	  173.2447
7.897	 2.73	 1	 -42.9275	  172.1465
7.897	 2.44	 2	 -42.0574	  173.8802
7.898	 2.19	 2	 -42.1098	  173.7969
7.898	 2.69	 2	 -41.9711	  173.8146
7.901	 2.30	 2	 -41.6860	  174.2601
7.901	 2.26	 2	 -42.0620	  174.5348
7.905	 3.03	 1	 -42.3968	  176.9750
7.908	 2.35	 1	 -42.5764	  173.1371
7.908	 2.42	 1	 -42.6112	  173.0682
7.913	 2.08	 2	 -40.7350	  168.3469
7.916	 2.15	 2	 -42.0695	  173.7737
7.923	 2.03	 1	 -42.3469	  173.4954
7.925	 2.24	 1	 -42.4391	  173.1988
7.926	 2.22	 1	 -42.3202	  173.6357
7.931	 2.08	 1	 -42.8234	  173.5245
7.931	 2.98	 1	 -42.8153	  173.0368
7.932	 2.11	 1	 -41.7965	  174.3430
7.937	 3.17	 1	 -42.4086	  173.6435
7.939	 2.14	 1	 -42.6440	  172.7660
7.940	 2.01	 1	 -42.6171	  172.8412
7.941	 2.35	 2	 -42.3860	  173.4785
7.941	 2.18	 1	 -42.3581	  173.6534
7.943	 2.05	 2	 -41.7053	  174.1409
7.948	 2.28	 2	 -41.9695	  173.5925
7.948	 2.64	 1	 -42.5680	  172.7264
7.949	 2.08	 2	 -42.3189	  173.6916
7.951	 2.15	 2	 -42.1141	  173.1983
7.953	 2.58	 1	 -42.6011	  173.2959
7.954	 2.80	 1	 -42.7315	  172.8883
7.958	 2.40	 1	 -41.6980	  174.2723
7.959	 2.01	 1	 -41.7224	  174.1253
7.964	 2.41	 2	 -42.4465	  173.8522
7.964	 2.10	 1	 -41.8111	  174.1301
7.965	 2.26	 1	 -42.5001	  173.8193
7.965	 2.46	 1	 -41.7828	  173.9944
7.966	 4.05	 1	 -41.9626	  174.2894
7.966	 2.11	 1	 -42.5200	  173.5418
7.966	 2.08	 2	 -42.3920	  173.3724
7.966	 2.71	 1	 -41.8889	  174.0976
7.968	 2.05	 1	 -42.7196	  173.0763
7.968	 2.60	 1	 -42.4719	  173.8663
7.972	 2.22	 2	 -42.6510	  172.9234
7.974	 2.09	 1	 -41.7991	  174.2822
7.978	 3.37	 2	 -41.9571	  174.2905
7.979	 2.27	 1	 -41.9687	  173.7839
7.979	 2.04	 1	 -42.4066	  173.3658
7.981	 2.19	 2	 -41.5612	  174.3745
7.981	 3.08	 2	 -41.8108	  174.1974
7.983	 2.05	 1	 -46.5844	  171.7871
7.984	 2.60	 2	 -41.6934	  174.2240
7.985	 2.37	 2	 -42.0252	  173.7461
7.986	 2.46	 2	 -42.0670	  173.7199
7.986	 2.31	 1	 -41.8429	  174.0170
7.988	 2.19	 2	 -41.7426	  174.2971
7.990	 2.87	 2	 -42.0087	  173.7643
7.991	 2.01	 1	 -43.5316	  172.3346
7.992	 2.16	 1	 -42.2492	  173.7067
7.993	 2.04	 1	 -41.6395	  174.2039
7.994	 2.27	 1	 -42.4477	  173.3449
7.994	 2.31	 2	 -41.6839	  174.2261
7.996	 2.88	 1	 -42.5174	  173.1038
8.000	 2.30	 2	 -41.9921	  173.8090
8.002	 2.01	 1	 -46.5645	  172.1365
8.004	 2.24	 1	 -41.9300	  173.9447
8.004	 2.03	 1	 -41.7468	  174.1496
8.004	 2.11	 2	 -42.5195	  173.1065
8.005	 2.47	 1	 -42.4358	  173.5087
8.005	 2.42	 1	 -42.4119	  173.6729
8.006	 2.27	 1	 -41.8517	  174.1995
8.007	 3.29	 1	 -42.7608	  172.9147
8.008	 2.74	 2	 -41.4327	  173.9617
8.009	 2.00	 1	 -42.4089	  173.7455
8.012	 3.35	 2	 -41.7829	  174.2738
8.013	 4.16	 1	 -42.5144	  173.2207
8.017	 2.44	 1	 -42.8736	  173.0460
8.018	 2.10	 2	 -42.5187	  173.2167
8.018	 2.13	 1	 -41.9869	  174.0268
8.019	 2.96	 1	 -42.6510	  173.0310
8.019	 2.60	 1	 -41.7932	  174.2218
8.020	 2.48	 1	 -41.6513	  173.5123
8.021	 2.06	 1	 -42.3759	  173.9038
8.021	 2.35	 2	 -41.7201	  174.1555
8.022	 2.42	 1	 -42.4789	  173.1671
8.024	 2.03	 2	 -41.7099	  174.2029
8.027	 2.48	 1	 -41.7707	  174.2568
8.032	 2.50	 1	 -42.3329	  173.2201
8.033	 2.11	 1	 -42.0660	  173.6377
8.033	 2.51	 1	 -42.2263	  173.1575
8.033	 2.06	 1	 -42.5238	  173.2575
8.034	 2.67	 2	 -42.3521	  173.0902
8.034	 2.50	 1	 -42.9433	  172.4079
8.035	 2.10	 2	 -42.0207	  173.7641
8.042	 2.40	 1	 -42.3641	  173.4524
8.043	 2.41	 2	 -41.6401	  174.1245
8.044	 3.66	 2	 -42.7284	  172.8352
8.044	 2.65	 2	 -42.0311	  173.7634
8.046	 2.44	 3	 -41.8006	  174.2050
8.051	 2.05	 1	 -41.6820	  174.3309
8.053	 2.09	 2	 -41.7211	  174.2150
8.058	 2.11	 1	 -42.1191	  173.6280
8.058	 3.23	 2	 -41.7311	  174.1744
8.060	 2.12	 1	 -41.8144	  174.1495
8.061	 2.39	 1	 -42.1886	  173.7051
8.061	 2.14	 2	 -41.6791	  174.2355
8.062	 2.62	 2	 -42.7343	  172.8911
8.063	 2.62	 1	 -42.2275	  173.0449
8.064	 2.08	 2	 -42.0319	  173.7212
8.065	 2.83	 1	 -42.6836	  172.7814
8.069	 2.03	 2	 -42.6436	  173.0988
8.075	 2.47	 1	 -42.3596	  173.0245
8.077	 2.14	 1	 -41.9763	  173.7293
8.078	 2.33	 1	 -42.3905	  173.2953
8.078	 2.05	 1	 -41.7576	  174.3954
8.082	 2.08	 1	 -43.2341	  174.9136
8.082	 2.27	 1	 -43.4459	  168.3962
8.087	 2.53	 1	 -42.8177	  173.1754
8.089	 2.50	 2	 -41.8772	  173.6225
8.089	 2.79	 4	 -42.4058	  173.4048
8.091	 2.15	 2	 -42.0848	  173.7627
8.094	 2.74	 2	 -42.7853	  173.0419
8.095	 2.01	 1	 -42.3368	  173.4586
8.095	 2.12	 1	 -45.7394	  169.6378
8.095	 2.57	 2	 -41.6994	  174.2284
8.096	 2.33	 1	 -42.3405	  174.2453
8.096	 2.48	 2	 -43.5004	  174.6829
8.097	 2.26	 1	 -41.7515	  174.3236
8.100	 2.18	 1	 -43.0729	  173.4131
8.100	 2.41	 1	 -42.4231	  173.2284
8.102	 2.91	 3	 -41.7781	  174.3697
8.103	 2.04	 1	 -42.0884	  173.7714
8.104	 2.25	 1	 -42.2338	  173.7714
8.106	 2.10	 1	 -42.2908	  173.9058
8.118	 2.45	 1	 -46.4365	  174.9437
8.118	 3.13	 2	 -42.0187	  174.2230
8.121	 2.30	 2	 -42.6643	  173.1221
8.123	 2.26	 1	 -42.6540	  172.8914
8.127	 2.09	 1	 -41.6703	  174.2600
8.127	 2.82	 2	 -41.6447	  174.0720
8.130	 2.03	 2	 -42.0342	  173.7475
8.131	 2.18	 1	 -42.6596	  172.7999
8.132	 2.61	 1	 -42.6151	  172.9185
8.134	 2.53	 1	 -42.2881	  173.8032
8.134	 2.12	 2	 -42.2198	  173.5203
8.135	 2.47	 1	 -41.6192	  174.2084
8.138	 3.13	 1	 -42.6050	  172.8943
8.140	 2.48	 1	 -42.6122	  173.0048
8.141	 2.58	 1	 -42.4019	  173.7663
8.142	 2.51	 1	 -41.6676	  174.2703
8.142	 2.45	 1	 -41.7019	  174.2507
8.143	 2.33	 1	 -42.2461	  173.6479
8.143	 2.20	 1	 -42.5549	  173.8870
8.143	 3.83	 1	 -42.3647	  173.4779
8.145	 2.03	 2	 -42.6039	  173.0655
8.145	 2.79	 1	 -41.7450	  174.1444
8.146	 2.03	 1	 -42.2664	  173.7272
8.147	 2.20	 1	 -42.0098	  174.2341
8.148	 3.49	 1	 -42.6719	  172.8849
8.148	 2.35	 2	 -41.8515	  174.1942
8.153	 2.34	 2	 -41.6680	  174.3953
8.153	 2.17	 1	 -42.4850	  173.5306
8.156	 2.51	 2	 -42.6750	  173.1451
8.156	 2.89	 1	 -41.7704	  174.4225
8.159	 2.15	 1	 -42.0373	  173.7786
8.160	 2.14	 1	 -42.0225	  173.8504
8.161	 2.30	 1	 -42.2831	  172.7854
8.161	 2.30	 3	 -41.9495	  174.2891
8.163	 2.12	 2	 -41.6724	  174.2797
8.164	 2.67	 1	 -42.4008	  173.4974
8.164	 2.24	 1	 -43.4605	  173.1745
8.165	 3.07	 3	 -41.7230	  174.1886
8.166	 2.01	 2	 -41.4019	  171.9563
8.166	 2.03	 1	 -41.9181	  174.1326
8.168	 2.21	 2	 -41.5006	  174.2068
8.169	 2.39	 1	 -42.7788	  172.3488
8.172	 2.80	 1	 -41.8252	  174.3398
8.173	 2.04	 1	 -42.8715	  173.3414
8.174	 2.87	 1	 -42.6813	  173.0694
8.177	 2.06	 1	 -41.7670	  174.2138
8.180	 2.63	 2	 -42.0400	  174.2826
8.180	 2.24	 1	 -42.5750	  173.1551
8.181	 2.09	 2	 -42.7800	  172.3752
8.194	 2.33	 1	 -42.0949	  173.7177
8.195	 2.67	 1	 -42.6870	  173.0623
8.197	 2.18	 2	 -42.4078	  173.5217
8.202	 2.21	 2	 -41.5280	  173.9832
8.204	 2.82	 2	 -42.6596	  173.2146
8.205	 2.17	 1	 -41.6673	  174.2557
8.205	 2.03	 2	 -41.7441	  174.2228
8.210	 2.49	 1	 -42.4458	  173.1380
8.210	 2.38	 1	 -42.1806	  173.5429
8.211	 2.55	 1	 -41.7112	  174.2408
8.212	 2.17	 1	 -42.2775	  173.8563
8.218	 2.04	 2	 -41.6649	  174.2948
8.221	 2.28	 1	 -43.7728	  174.9692
8.222	 3.68	 1	 -41.9536	  174.0862
8.223	 3.88	 2	 -41.0830	  173.9718
8.225	 2.31	 1	 -42.1324	  173.7788
8.226	 2.24	 3	 -41.4672	  173.8703
8.227	 2.12	 2	 -41.7012	  174.2223
8.228	 2.16	 1	 -42.6718	  172.8456
8.228	 2.17	 1	 -42.5942	  173.2134
8.228	 2.23	 1	 -45.0590	  178.2242
8.229	 2.36	 1	 -42.9715	  172.4277
8.230	 2.58	 1	 -42.2655	  173.3813
8.231	 2.15	 2	 -41.7451	  174.2757
8.236	 2.51	 2	 -41.6334	  174.2246
8.237	 2.45	 2	 -41.6396	  174.4266
8.237	 2.16	 1	 -42.6090	  172.9402
8.243	 2.48	 1	 -42.5019	  172.9027
8.244	 2.38	 1	 -41.7185	  174.3527
8.248	 2.16	 3	 -41.0966	  173.9507
8.249	 3.02	 2	 -41.6844	  174.1984
8.249	 2.33	 1	 -41.7342	  174.2914
8.250	 2.36	 1	 -42.6953	  173.2282
8.250	 2.06	 1	 -43.5074	  173.9624
8.251	 2.19	 1	 -41.7088	  174.1900
8.252	 2.40	 2	 -41.5633	  174.9828
8.253	 2.10	 1	 -42.2913	  173.8771
8.253	 2.03	 2	 -42.0412	  174.0684
8.253	 2.15	 1	 -42.2776	  173.5658
8.255	 2.05	 1	 -42.1309	  173.0766
8.258	 2.82	 1	 -42.2023	  173.7101
8.258	 2.20	 1	 -42.4185	  173.1479
8.259	 2.92	 1	 -39.2443	  177.4048
8.259	 2.32	 3	 -41.7050	  174.3140
8.261	 2.64	 4	 -41.7946	  174.2110
8.262	 2.03	 1	 -42.9408	  172.6635
8.263	 3.81	 1	 -41.6606	  174.3280
8.265	 2.42	 1	 -42.4052	  173.4878
8.266	 2.01	 1	 -42.6718	  173.1001
8.267	 2.19	 1	 -42.2048	  173.5632
8.269	 2.62	 1	 -42.2652	  173.5745
8.271	 2.28	 2	 -41.5763	  174.3476
8.274	 2.05	 1	 -42.0342	  173.6716
8.277	 3.39	 1	 -41.5043	  173.0428
8.278	 2.43	 2	 -42.6005	  173.1349
8.279	 2.53	 3	 -41.9938	  173.8084
8.281	 2.19	 2	 -41.7784	  174.2359
8.284	 2.29	 3	 -41.0982	  173.9984
8.285	 2.19	 2	 -42.8833	  173.0966
8.285	 2.93	 2	 -41.7287	  173.9983
8.286	 2.32	 1	 -42.9064	  172.5715
8.289	 2.00	 1	 -42.1384	  173.2431
8.290	 2.35	 1	 -41.8036	  174.2240
8.292	 3.15	 1	 -42.2291	  173.5743
8.294	 3.23	 1	 -42.2104	  173.6802
8.296	 2.36	 2	 -41.7218	  174.2523
8.302	 2.22	 2	 -41.4003	  173.7610
8.304	 2.50	 2	 -42.0220	  173.7380
8.307	 2.66	 2	 -41.6820	  174.3450
8.308	 2.23	 1	 -42.7392	  172.9245
8.309	 2.13	 2	 -39.7319	  171.7648
8.309	 2.64	 1	 -43.6447	  172.0796
8.309	 2.57	 2	 -41.7431	  174.2052
8.309	 2.12	 3	 -41.7966	  174.1528
8.313	 2.70	 2	 -41.6843	  174.2301
8.313	 2.36	 2	 -41.6651	  174.2046
8.315	 3.24	 1	 -42.2462	  173.6236
8.316	 2.36	 2	 -41.9517	  174.0859
8.316	 2.16	 1	 -42.2960	  173.6814
8.318	 2.02	 1	 -42.4929	  173.1654
8.322	 2.65	 2	 -42.4988	  173.4321
8.328	 2.09	 1	 -42.1050	  172.7819
8.328	 2.60	 2	 -38.2465	  175.9321
8.331	 2.48	 2	 -41.7076	  174.0616
8.331	 2.13	 1	 -42.3805	  173.5418
8.331	 2.06	 1	 -42.4076	  173.7750
8.331	 2.78	 1	 -42.3904	  173.4251
8.331	 2.29	 2	 -42.7691	  173.4288
8.333	 2.17	 1	 -42.5531	  173.4150
8.334	 2.32	 1	 -41.7135	  174.3204
8.336	 2.31	 1	 -41.7359	  174.2678
8.336	 2.56	 1	 -42.0562	  172.7906
8.339	 2.12	 1	 -42.0692	  173.8093
8.344	 2.01	 1	 -42.6454	  173.0425
8.345	 2.91	 2	 -42.9153	  172.4679
8.347	 2.78	 2	 -41.7511	  174.4457
8.348	 2.36	 3	 -41.0652	  173.9538
8.349	 2.21	 1	 -42.3670	  173.2858
8.350	 2.23	 1	 -41.7006	  174.1412
8.351	 2.39	 1	 -42.5658	  172.8977
8.355	 3.55	 2	 -40.1973	  176.2491
8.355	 2.25	 1	 -42.6792	  172.8646
8.361	 2.09	 1	 -42.4637	  173.7715
8.362	 2.62	 1	 -42.4873	  173.3041
8.364	 3.02	 1	 -42.1619	  173.9839
8.364	 2.72	 1	 -42.3734	  173.4300
8.365	 2.37	 1	 -42.0927	  173.7214
8.366	 2.12	 2	 -41.7118	  174.1968
8.369	 2.18	 1	 -37.9713	  173.3445
8.370	 2.07	 2	 -41.7317	  174.2598
8.370	 3.21	 1	 -42.9367	  172.9910
8.372	 2.11	 1	 -42.2710	  173.8456
8.373	 2.50	 1	 -42.5610	  172.5245
8.375	 2.50	 1	 -41.9588	  174.0067
8.377	 2.64	 1	 -42.1092	  172.8953
8.377	 2.23	 1	 -42.2623	  173.5916
8.379	 2.15	 2	 -41.9361	  174.0776
8.380	 2.41	 1	 -41.8344	  174.3080
8.381	 2.02	 1	 -42.5081	  173.2728
8.382	 2.24	 1	 -41.5257	  174.0497
8.383	 2.45	 1	 -41.9743	  173.6672
8.383	 2.15	 1	 -41.8163	  174.2043
8.384	 2.82	 1	 -42.1185	  173.6659
8.389	 2.11	 1	 -42.4735	  172.9278
8.393	 2.22	 3	 -42.9154	  172.4658
8.395	 3.67	 1	 -41.6874	  174.1573
8.397	 3.13	 1	 -42.6428	  172.9806
8.398	 2.25	 3	 -41.4014	  173.7602
8.399	 2.30	 1	 -42.3619	  174.0327
8.399	 2.48	 1	 -42.6540	  173.0229
8.401	 4.00	 2	 -42.7974	  173.1230
8.401	 3.50	 1	 -42.8649	  173.0303
8.403	 2.24	 1	 -42.5264	  173.1097
8.404	 2.52	 1	 -42.0714	  174.2058
8.406	 2.78	 1	 -43.9041	  172.4266
8.406	 2.75	 1	 -41.8297	  174.4886
8.406	 2.53	 3	 -42.8155	  173.1394
8.408	 2.63	 2	 -41.9649	  174.2776
8.409	 2.02	 2	 -41.6933	  174.2333
8.411	 2.14	 1	 -42.7166	  173.1224
8.412	 2.87	 1	 -42.5334	  172.7947
8.413	 2.14	 1	 -40.6855	  175.4827
8.414	 2.07	 1	 -42.7411	  173.1367
8.415	 2.54	 1	 -42.2771	  173.5299
8.417	 2.36	 1	 -42.2408	  173.6938
8.419	 2.54	 1	 -42.7185	  172.9869
8.421	 2.13	 1	 -42.3688	  174.0455
8.425	 2.79	 1	 -42.8379	  172.7988
8.425	 2.58	 1	 -42.4085	  172.9552
8.428	 2.03	 1	 -41.7550	  174.3292
8.428	 2.84	 2	 -41.7370	  174.2757
8.430	 2.19	 1	 -41.7015	  174.3179
8.430	 2.47	 2	 -41.9215	  173.9713
8.437	 2.23	 1	 -41.6344	  174.0188
8.442	 2.43	 1	 -41.0323	  175.1685
8.443	 3.86	 1	 -41.8099	  174.2528
8.443	 2.02	 1	 -42.3706	  173.9393
8.445	 2.19	 1	 -41.9863	  174.1599
8.445	 2.09	 1	 -41.7096	  174.2252
8.448	 2.83	 2	 -42.3249	  173.1016
8.448	 2.79	 1	 -42.8520	  173.1759
8.455	 2.13	 1	 -42.4180	  173.1841
8.464	 2.84	 2	 -42.1006	  173.7285
8.464	 3.21	 1	 -41.6588	  174.2439
8.467	 2.50	 1	 -41.8528	  174.2159
8.469	 2.15	 1	 -42.1261	  172.8938
8.472	 2.04	 3	 -41.9780	  173.8280
8.472	 2.77	 1	 -42.5399	  173.3167
8.473	 2.11	 1	 -41.6105	  174.2004
8.473	 4.22	 3	 -41.7364	  174.2342
8.474	 3.09	 1	 -42.1763	  173.5600
8.474	 2.02	 2	 -41.6410	  174.1529
8.476	 2.32	 1	 -42.0623	  173.7561
8.477	 2.24	 2	 -42.9427	  173.1105
8.478	 2.33	 3	 -42.7767	  173.1169
8.478	 2.35	 1	 -42.6658	  173.0337
8.479	 2.13	 1	 -42.3742	  173.1256
8.479	 3.27	 1	 -41.9829	  174.6249
8.483	 2.32	 3	 -42.7944	  173.1272
8.485	 2.23	 1	 -41.5790	  173.9905
8.486	 2.71	 1	 -41.6987	  174.2874
8.487	 3.55	 2	 -42.7330	  173.0565
8.488	 2.11	 2	 -41.6475	  174.2432
8.488	 2.19	 1	 -43.1313	  172.3960
8.491	 3.01	 1	 -42.6484	  172.9832
8.491	 2.04	 2	 -42.0290	  174.6844
8.492	 2.28	 1	 -42.3281	  174.0162
8.496	 2.47	 2	 -42.6474	  172.9876
8.497	 2.72	 1	 -41.8177	  174.2416
8.499	 2.10	 1	 -42.2916	  173.4283
8.502	 2.59	 1	 -42.6508	  172.9643
8.507	 2.28	 1	 -42.5735	  172.9414
8.508	 2.11	 1	 -41.6707	  174.3052
8.510	 2.62	 1	 -42.4128	  173.2470
8.511	 4.42	 1	 -42.3149	  173.0415
8.511	 2.06	 2	 -42.0449	  174.1068
8.511	 2.02	 1	 -42.1668	  174.1787
8.513	 2.22	 1	 -42.2581	  173.7799
8.513	 2.04	 1	 -42.3887	  173.9763
8.514	 2.06	 1	 -42.1026	  173.9597
8.515	 2.05	 1	 -42.5194	  173.7272
8.516	 2.31	 2	 -41.7731	  174.1086
8.517	 2.04	 1	 -42.9906	  173.3365
8.517	 2.45	 1	 -41.7060	  174.2397
8.522	 2.05	 1	 -42.4140	  174.2602
8.527	 3.64	 3	 -41.6437	  174.2105
8.527	 2.35	 1	 -42.0193	  173.8831
8.529	 2.00	 1	 -42.5184	  173.5443
8.530	 3.65	 1	 -39.0546	  169.4264
8.531	 2.52	 1	 -42.6471	  173.0268
8.531	 2.12	 2	 -41.8195	  174.2371
8.535	 2.14	 1	 -42.4177	  174.0465
8.538	 2.76	 1	 -42.2763	  173.6738
8.539	 2.11	 2	 -41.6683	  174.2179
8.541	 2.51	 2	 -41.6691	  174.2403
8.542	 2.31	 1	 -42.6036	  172.9483
8.545	 2.50	 2	 -42.2472	  173.0529
8.553	 2.44	 1	 -42.4727	  173.0231
8.554	 2.49	 1	 -42.4711	  173.1308
8.554	 2.31	 1	 -42.9214	  171.6174
8.555	 2.48	 2	 -41.7012	  174.1446
8.555	 2.49	 1	 -42.6905	  173.1706
8.557	 2.04	 1	 -42.2740	  173.5854
8.558	 2.06	 1	 -42.3011	  173.9873
8.558	 2.17	 2	 -42.2725	  173.4875
8.563	 2.30	 1	 -42.0913	  172.8913
8.565	 2.17	 1	 -42.6148	  173.1351
8.566	 2.21	 2	 -41.8033	  174.2106
8.567	 2.39	 1	 -41.8635	  174.1956
8.570	 2.11	 1	 -41.6613	  174.3651
8.571	 2.19	 3	 -41.9340	  174.2752
8.574	 2.28	 2	 -41.6657	  174.2333
8.575	 2.82	 2	 -41.7039	  174.3376
8.576	 2.49	 1	 -42.2240	  173.7816
8.576	 2.46	 1	 -42.0900	  172.9046
8.577	 2.83	 4	 -41.7317	  174.2159
8.577	 2.06	 1	 -42.3267	  173.4788
8.577	 3.12	 1	 -41.7425	  174.2334
8.580	 2.26	 1	 -41.8840	  173.9616
8.580	 2.10	 2	 -39.2346	  177.3777
8.582	 2.12	 1	 -41.9649	  174.0849
8.582	 2.14	 2	 -42.5938	  172.9864
8.583	 2.06	 1	 -43.3081	  173.5029
8.583	 2.68	 1	 -42.5965	  173.2152
8.585	 3.48	 1	 -41.6954	  174.1717
8.585	 2.73	 1	 -42.5785	  173.1240
8.589	 2.36	 3	 -41.1631	  173.9729
8.590	 2.02	 2	 -41.6261	  174.2034
8.590	 2.14	 2	 -41.6695	  174.3418
8.591	 2.64	 1	 -41.9971	  173.8199
8.591	 2.37	 1	 -41.7128	  174.3264
8.593	 2.49	 1	 -42.5158	  173.1187
8.596	 2.47	 1	 -42.6387	  172.8650
8.599	 2.31	 3	 -40.1966	  176.2628
8.607	 2.35	 2	 -41.7770	  174.6157
8.610	 2.57	 1	 -42.4310	  173.0834
8.611	 2.88	 3	 -42.7906	  173.1311
8.611	 3.42	 1	 -42.2505	  173.8333
8.614	 2.07	 1	 -42.5152	  173.1647
8.618	 2.25	 2	 -41.8588	  174.1789
8.618	 2.06	 3	 -42.9263	  172.4708
8.619	 2.76	 3	 -42.3224	  173.0983
8.623	 2.76	 2	 -42.7057	  172.8112
8.627	 2.51	 1	 -41.7785	  174.1886
8.627	 2.51	 1	 -42.2917	  173.9591
8.627	 2.20	 1	 -42.1776	  173.8211
8.628	 2.01	 1	 -42.2713	  173.6343
8.629	 3.36	 1	 -42.4740	  173.2412
8.631	 2.07	 2	 -42.6138	  173.1448
8.633	 2.38	 1	 -42.7678	  170.5205
8.633	 2.48	 2	 -41.6365	  174.3115
8.633	 2.11	 2	 -41.5002	  174.0503
8.633	 2.46	 2	 -41.6799	  174.2707
8.634	 2.02	 1	 -42.1150	  173.5618
8.638	 3.10	 2	 -39.0542	  169.4265
8.639	 2.02	 2	 -42.9421	  173.1056
8.640	 2.50	 4	 -41.6480	  174.2126
8.641	 2.12	 1	 -41.7427	  174.2522
8.641	 2.59	 2	 -41.7282	  174.2064
8.642	 2.33	 1	 -42.3183	  173.7717
8.642	 2.04	 1	 -42.2339	  173.6480
8.643	 2.30	 1	 -42.1916	  174.2385
8.647	 2.17	 1	 -42.1140	  173.6893
8.647	 3.21	 1	 -42.1653	  173.6973
8.651	 2.17	 1	 -42.6142	  173.4198
8.655	 2.94	 1	 -42.3520	  172.7801
8.655	 2.11	 1	 -42.7438	  173.0045
8.656	 2.22	 1	 -41.8829	  174.2334
8.658	 2.06	 1	 -42.5401	  173.1107
8.658	 2.61	 2	 -41.6489	  174.2439
8.661	 2.83	 1	 -42.5786	  173.0707
8.662	 2.41	 1	 -42.6051	  173.0369
8.663	 2.55	 2	 -41.7091	  174.2646
8.664	 2.29	 1	 -42.0187	  173.9696
8.666	 2.87	 2	 -42.2180	  173.2267
8.671	 2.30	 1	 -41.3094	  172.1107
8.672	 2.63	 2	 -42.4350	  173.1989
8.673	 2.88	 1	 -42.0028	  173.6465
8.673	 2.50	 1	 -42.5788	  173.0829
8.676	 2.25	 1	 -41.6882	  174.2543
8.680	 2.17	 1	 -42.4876	  173.1734
8.681	 2.74	 1	 -42.8568	  173.0235
8.681	 2.06	 2	 -41.7330	  174.2500
8.682	 3.46	 1	 -42.6242	  173.0770
8.683	 2.21	 1	 -42.0858	  174.0717
8.685	 3.14	 1	 -42.2905	  173.9776
8.686	 2.46	 1	 -41.7841	  173.8580
8.687	 2.45	 2	 -42.3012	  173.9875
8.689	 2.53	 1	 -41.8296	  174.0112
8.690	 3.37	 1	 -42.1523	  173.6051
8.691	 2.14	 1	 -42.3768	  172.4227
8.695	 2.31	 1	 -42.3546	  174.0190
8.696	 2.52	 2	 -42.6664	  173.0923
8.696	 2.10	 1	 -42.7538	  173.0105
8.696	 2.08	 1	 -42.1373	  173.0836
8.699	 2.63	 3	 -42.6423	  173.1744
8.700	 2.71	 2	 -41.6908	  174.2045
8.701	 2.16	 1	 -42.4109	  173.5677
8.708	 3.00	 3	 -42.2105	  173.2243
8.708	 2.52	 1	 -41.7377	  174.2933
8.709	 2.55	 1	 -42.0421	  173.7312
8.710	 2.30	 1	 -42.4128	  173.1467
8.714	 2.31	 1	 -41.7232	  174.2524
8.714	 2.42	 2	 -42.7408	  172.8588
8.715	 3.24	 1	 -42.3081	  173.3261
8.717	 2.02	 4	 -41.6666	  174.2803
8.723	 2.57	 1	 -42.4992	  172.8756
8.723	 2.99	 1	 -41.6709	  174.2444
8.723	 2.33	 1	 -41.7427	  174.2646
8.724	 2.32	 2	 -42.5377	  173.2131
8.724	 2.08	 3	 -41.7264	  174.2130
8.724	 2.20	 1	 -42.2440	  173.7540
8.728	 2.05	 1	 -42.6773	  171.7063
8.730	 2.92	 4	 -41.7514	  174.2461
8.730	 2.90	 2	 -41.7078	  174.2413
8.731	 2.02	 1	 -42.3718	  173.9019
8.731	 2.11	 2	 -42.7961	  172.8648
8.733	 2.01	 1	 -42.1548	  173.9960
8.734	 2.12	 1	 -42.0746	  173.6871
8.741	 2.75	 1	 -42.1120	  173.5958
8.742	 2.43	 1	 -42.5588	  173.5657
8.743	 2.27	 1	 -41.9818	  173.7670
8.743	 3.09	 1	 -41.7155	  174.2861
8.743	 2.14	 1	 -42.3558	  173.1033
8.745	 2.78	 1	 -42.6632	  173.4100
8.745	 3.16	 1	 -41.6906	  174.1226
8.747	 2.25	 1	 -42.4085	  173.8390
8.747	 2.06	 1	 -42.3212	  173.1201
8.749	 2.17	 1	 -41.6837	  174.2429
8.750	 2.12	 1	 -42.2546	  173.7497
8.750	 2.44	 1	 -42.3082	  172.9295
8.750	 2.06	 1	 -42.2732	  173.7784
8.750	 2.25	 1	 -41.5697	  174.2515
8.755	 2.12	 2	 -41.7012	  174.1414
8.761	 2.57	 1	 -41.7120	  174.2312
8.761	 2.22	 2	 -41.6618	  174.1778
8.762	 2.31	 1	 -41.7568	  174.2746
8.766	 2.33	 1	 -42.1943	  173.8342
8.766	 2.37	 3	 -42.3002	  173.7748
8.766	 2.16	 1	 -42.3126	  174.1064
8.767	 2.13	 1	 -42.2327	  173.7988
8.768	 2.05	 1	 -41.6953	  174.2676
8.771	 2.60	 1	 -41.7567	  174.2147
8.772	 2.25	 2	 -41.7073	  174.1573
8.774	 2.84	 1	 -42.5772	  172.8647
8.778	 2.61	 1	 -42.4077	  173.7842
8.778	 2.25	 2	 -42.6673	  173.1067
8.779	 2.22	 1	 -42.0526	  173.7679
8.779	 3.00	 1	 -41.9897	  174.1693
8.780	 3.40	 1	 -42.3359	  173.4003
8.782	 2.16	 2	 -41.7238	  174.1481
8.786	 2.04	 2	 -41.8325	  173.9198
8.786	 2.03	 1	 -42.7469	  172.8342
8.790	 2.05	 2	 -42.4113	  173.3989
8.797	 2.09	 1	 -42.1634	  173.6730
8.800	 2.12	 1	 -41.9873	  173.6586
8.801	 2.17	 1	 -42.2228	  173.5571
8.801	 2.53	 1	 -41.6776	  174.2353
8.802	 2.00	 1	 -41.8268	  174.0026
8.802	 2.18	 1	 -42.3261	  173.0260
8.804	 2.48	 1	 -42.6141	  174.1026
8.809	 2.46	 2	 -41.6452	  174.0789
8.810	 2.47	 1	 -41.6887	  174.2857
8.811	 2.51	 1	 -41.2082	  172.2995
8.813	 2.33	 2	 -41.7006	  174.2273
8.815	 2.81	 1	 -42.2243	  173.6516
8.815	 2.26	 1	 -41.8168	  174.1837
8.815	 2.29	 1	 -42.4870	  173.2723
8.818	 2.08	 2	 -42.4414	  173.2789
8.818	 2.04	 1	 -42.6940	  173.7505
8.819	 2.31	 1	 -42.7280	  172.2545
8.820	 3.22	 1	 -41.2871	  174.4321
8.823	 2.87	 1	 -41.5930	  178.9542
8.823	 2.44	 2	 -42.6132	  173.0848
8.823	 2.30	 1	 -42.5782	  173.3612
8.825	 2.31	 4	 -41.6541	  174.1984
8.826	 2.35	 1	 -42.4806	  173.3034
8.827	 2.71	 2	 -42.6470	  173.1070
8.827	 2.62	 2	 -42.3515	  173.3186
8.833	 2.26	 3	 -41.4932	  174.0574
8.837	 2.40	 1	 -42.3381	  173.2502
8.837	 2.37	 1	 -42.7205	  173.0521
8.837	 2.74	 1	 -42.4909	  173.0453
8.837	 2.01	 1	 -42.2251	  173.7252
8.839	 2.24	 3	 -42.7778	  173.0437
8.843	 2.28	 1	 -42.0486	  173.6307
8.845	 2.12	 2	 -42.5776	  173.1353
8.846	 2.97	 1	 -42.5502	  173.0542
8.848	 2.96	 1	 -42.5197	  173.1129
8.849	 2.07	 1	 -42.1125	  173.8320
8.852	 2.45	 2	 -41.6994	  174.2376
8.852	 2.79	 1	 -42.2542	  173.6832
8.852	 2.14	 1	 -40.4386	  172.2481
8.853	 2.17	 1	 -42.7001	  172.7727
8.854	 2.10	 1	 -42.0595	  173.7138
8.855	 2.00	 1	 -42.0934	  172.9973
8.856	 2.52	 1	 -42.0655	  173.0320
8.856	 2.62	 2	 -41.6783	  174.2852
8.856	 2.17	 3	 -42.7187	  172.8151
8.858	 5.23	 1	 -41.7412	  174.3259
8.860	 2.04	 2	 -41.7193	  174.2468
8.860	 2.57	 1	 -42.3343	  173.2169
8.862	 2.15	 2	 -41.6625	  174.2129
8.863	 2.29	 3	 -42.7597	  172.8064
8.864	 3.00	 1	 -42.2171	  173.6793
8.864	 2.08	 1	 -42.2596	  172.9941
8.866	 3.31	 1	 -42.6016	  173.6522
8.866	 2.08	 3	 -42.0095	  173.7754
8.867	 2.43	 1	 -41.7987	  174.2258
8.867	 2.30	 1	 -41.6500	  174.4289
8.868	 2.55	 2	 -41.8159	  174.3398
8.870	 2.07	 2	 -41.7343	  174.3389
8.872	 2.86	 2	 -41.7282	  174.3445
8.875	 2.90	 3	 -41.6224	  174.2110
8.879	 2.20	 1	 -42.7833	  173.5328
8.880	 2.75	 1	 -42.0401	  173.7157
8.881	 2.02	 1	 -42.4991	  173.8206
8.882	 2.04	 1	 -42.7604	  173.0542
8.884	 2.90	 3	 -39.2343	  177.3786
8.884	 2.03	 2	 -41.7247	  174.2309
8.886	 2.44	 1	 -42.4974	  173.2119
8.888	 2.69	 2	 -41.7727	  174.4533
8.890	 2.55	 1	 -41.8890	  174.4221
8.892	 2.37	 1	 -43.0748	  172.3971
8.893	 2.72	 2	 -41.7459	  174.3385
8.893	 2.06	 2	 -41.7395	  174.3172
8.895	 2.14	 1	 -42.4222	  173.0129
8.897	 2.30	 1	 -42.0053	  173.7473
8.898	 2.50	 1	 -42.4514	  173.7890
8.901	 2.24	 1	 -41.6707	  174.2134
8.905	 2.34	 1	 -42.6308	  173.0368
8.908	 2.19	 2	 -42.5741	  173.1294
8.910	 2.06	 2	 -42.2558	  173.8934
8.912	 2.03	 1	 -41.8044	  174.3571
8.914	 2.21	 1	 -41.2825	  173.7975
8.914	 2.91	 1	 -41.9519	  172.2509
8.919	 2.09	 2	 -42.0811	  173.0614
8.921	 2.29	 1	 -41.6541	  174.4098
8.922	 2.01	 1	 -41.8169	  174.2891
8.922	 2.63	 2	 -41.7179	  174.2857
8.925	 2.44	 2	 -42.5103	  173.1987
8.926	 2.45	 1	 -42.2384	  173.9536
8.928	 2.27	 3	 -42.5475	  173.1754
8.932	 2.51	 1	 -41.8394	  174.1543
8.932	 2.51	 2	 -41.6728	  174.2847
8.935	 2.10	 1	 -42.5778	  173.0988
8.935	 2.16	 1	 -41.7779	  174.2018
8.936	 2.05	 1	 -42.2713	  173.7724
8.937	 3.37	 2	 -41.7255	  174.2391
8.939	 2.93	 2	 -42.6709	  172.9825
8.939	 2.35	 1	 -42.9278	  172.9532
8.940	 2.54	 4	 -42.7794	  173.1373
8.941	 2.03	 1	 -42.6251	  173.1009
8.943	 2.00	 2	 -41.7351	  174.3505
8.943	 2.49	 1	 -41.7399	  174.2776
8.946	 2.14	 1	 -42.3503	  173.9085
8.946	 2.74	 2	 -41.7230	  174.3126
8.947	 2.10	 1	 -42.4100	  173.9175
8.948	 2.03	 1	 -41.6896	  174.2675
8.949	 2.20	 1	 -43.1358	  173.3680
8.954	 2.49	 1	 -42.6050	  172.5579
8.954	 2.06	 2	 -41.6312	  174.2651
8.956	 2.33	 2	 -41.6540	  174.3281
8.956	 2.13	 2	 -42.5907	  173.2108
8.957	 2.44	 3	 -41.7998	  174.1363
8.960	 2.45	 1	 -42.4840	  172.8892
8.963	 2.31	 1	 -42.2405	  173.6711
8.964	 2.03	 2	 -42.2960	  173.9721
8.967	 2.19	 2	 -42.3433	  173.0332
8.967	 3.14	 2	 -42.3350	  173.2159
8.968	 2.11	 2	 -42.1942	  173.8338
8.968	 2.14	 1	 -42.5913	  172.9167
8.970	 2.30	 1	 -42.1371	  173.5221
8.970	 2.49	 1	 -41.8073	  174.1494
8.971	 2.11	 1	 -41.7444	  174.1703
8.972	 2.20	 1	 -41.8198	  174.2047
8.974	 2.28	 1	 -41.7852	  174.2644
8.974	 3.04	 1	 -42.6110	  172.9524
8.975	 2.16	 2	 -41.7089	  174.3407
8.980	 3.44	 2	 -41.8131	  174.1798
8.980	 2.56	 1	 -42.2487	  173.8685
8.980	 2.06	 3	 -41.7301	  174.2740
8.983	 3.69	 1	 -42.1347	  173.6802
8.986	 2.80	 1	 -42.5598	  173.4225
8.987	 2.11	 1	 -41.6895	  174.2872
8.988	 2.68	 3	 -41.7182	  174.1319
8.990	 2.90	 2	 -41.6657	  174.6140
8.990	 2.03	 2	 -41.7227	  174.2807
8.997	 2.10	 1	 -41.6729	  174.1449
8.997	 2.11	 1	 -42.5645	  173.4667
9.008	 2.21	 1	 -42.2629	  173.7891
9.008	 3.70	 1	 -42.4285	  173.4307
9.010	 2.21	 1	 -41.7582	  174.3306
9.010	 2.28	 1	 -42.7260	  174.3342
9.012	 2.74	 2	 -41.7635	  174.2086
9.013	 2.02	 3	 -41.7182	  174.2860
9.014	 3.05	 1	 -42.6593	  172.9772
9.020	 2.03	 1	 -42.6846	  173.1427
9.024	 2.11	 2	 -42.5601	  173.5020
9.025	 2.57	 1	 -41.8507	  174.0635
9.028	 2.17	 1	 -42.7249	  173.0837
9.032	 2.25	 2	 -42.1167	  174.3761
9.033	 2.12	 2	 -41.7521	  174.2965
9.036	 2.37	 1	 -41.7516	  174.3178
9.041	 2.07	 1	 -42.6380	  173.0824
9.049	 2.11	 2	 -41.7430	  174.3231
9.050	 2.23	 1	 -42.8825	  172.8959
9.050	 2.05	 2	 -41.6809	  174.3382
9.053	 3.57	 2	 -42.6757	  173.1637
9.053	 2.21	 3	 -42.8537	  172.5615
9.054	 2.58	 1	 -42.7642	  173.5326
9.055	 2.43	 1	 -42.4651	  173.8932
9.056	 2.10	 2	 -41.7328	  174.3269
9.058	 2.04	 1	 -42.4172	  173.8274
9.058	 2.08	 1	 -41.4445	  174.1957
9.061	 2.46	 1	 -43.3689	  172.5290
9.063	 2.14	 1	 -42.5229	  173.1685
9.063	 2.09	 2	 -41.6929	  174.3976
9.064	 2.09	 1	 -42.7811	  173.0620
9.070	 2.27	 2	 -41.3266	  173.8348
9.070	 2.53	 1	 -41.6941	  174.3121
9.074	 2.18	 3	 -42.0938	  173.9315
9.074	 2.69	 1	 -43.4006	  179.0998
9.079	 2.21	 2	 -42.0170	  173.9715
9.083	 2.12	 1	 -41.6416	  174.1404
9.086	 2.70	 1	 -42.3230	  173.7328
9.088	 2.88	 1	 -42.4910	  173.2068
9.091	 2.02	 1	 -42.8547	  172.7430
9.093	 2.04	 1	 -42.3360	  173.5573
9.100	 3.04	 2	 -42.7214	  173.0240
9.103	 2.77	 1	 -41.7844	  174.2785
9.104	 3.13	 1	 -42.2008	  173.7441
9.106	 2.21	 1	 -42.0532	  173.8482
9.111	 2.06	 1	 -41.9551	  174.0141
9.112	 2.01	 2	 -42.4681	  173.2313
9.114	 2.30	 1	 -42.1093	  172.9559
9.114	 2.12	 1	 -42.2924	  173.7757
9.116	 2.12	 1	 -41.7102	  174.3199
9.118	 2.15	 1	 -41.7629	  174.2628
9.120	 2.13	 1	 -42.6664	  173.1752
9.122	 2.01	 1	 -41.9835	  174.0564
9.126	 3.12	 1	 -41.6529	  174.2732
9.127	 4.43	 1	 -44.6507	  171.8357
9.128	 2.01	 2	 -44.6538	  171.8320
9.130	 2.05	 1	 -42.1089	  173.3686
9.131	 2.61	 3	 -41.7106	  174.2587
9.132	 2.66	 2	 -41.2842	  174.4409
9.135	 2.69	 2	 -41.9160	  173.8926
9.136	 2.56	 1	 -42.3435	  173.8049
9.137	 2.13	 2	 -41.6998	  174.2697
9.137	 2.84	 1	 -42.1964	  173.6417
9.137	 2.21	 1	 -41.8519	  174.2440
9.137	 2.05	 1	 -39.1422	  177.6629
9.142	 2.61	 2	 -42.1868	  173.0613
9.143	 2.17	 1	 -41.9266	  174.0023
9.143	 2.85	 1	 -42.3181	  173.6466
9.145	 2.25	 1	 -42.3423	  173.9457
9.153	 2.17	 1	 -41.8904	  174.2986
9.155	 2.24	 1	 -41.7397	  174.2972
9.156	 2.50	 1	 -41.9274	  173.5457
9.157	 2.32	 1	 -41.7003	  174.2553
9.157	 2.07	 1	 -42.4118	  173.2056
9.158	 2.00	 2	 -42.7572	  172.8728
9.161	 2.19	 1	 -42.0464	  173.8184
9.161	 2.29	 1	 -42.1292	  173.6585
9.164	 2.18	 2	 -41.4492	  173.9794
9.165	 2.29	 2	 -41.7262	  174.3090
9.171	 3.04	 1	 -41.7555	  174.2930
9.175	 2.10	 2	 -41.6441	  174.3553
9.176	 2.17	 1	 -41.6555	  174.2324
9.179	 2.45	 2	 -42.5880	  173.0831
9.181	 2.33	 1	 -42.3797	  174.0312
9.183	 2.61	 2	 -41.8155	  174.3389
9.186	 2.63	 1	 -42.5870	  172.8610
9.186	 2.10	 1	 -42.6497	  173.0041
9.189	 3.37	 1	 -42.2419	  173.8407
9.189	 2.69	 1	 -45.4585	  174.5592
9.189	 2.04	 1	 -42.2209	  173.8355
9.191	 2.36	 2	 -42.2460	  173.8560
9.191	 2.25	 1	 -41.9059	  174.3210
9.191	 3.06	 1	 -41.5969	  174.2454
9.192	 2.36	 1	 -41.7582	  174.3261
9.192	 2.34	 1	 -42.2453	  173.6705
9.193	 2.03	 1	 -41.7397	  174.2211
9.194	 2.31	 2	 -42.6651	  173.0667
9.195	 3.09	 1	 -42.3008	  173.7684
9.197	 2.30	 2	 -42.1321	  173.6786
9.198	 2.37	 1	 -42.3036	  173.3463
9.199	 3.19	 1	 -42.5907	  173.2094
9.202	 2.44	 1	 -42.7040	  173.1266
9.202	 2.82	 1	 -42.5198	  173.1044
9.202	 2.28	 1	 -40.6505	  172.6239
9.205	 2.24	 2	 -41.8005	  174.3719
9.207	 2.06	 1	 -42.3652	  172.0993
9.207	 2.67	 1	 -41.6873	  174.2000
9.210	 2.21	 1	 -43.3326	  172.6969
9.211	 2.73	 1	 -41.6236	  174.4073
9.219	 2.08	 1	 -41.9329	  173.9840
9.223	 2.00	 2	 -42.6052	  173.0548
9.225	 2.01	 1	 -41.9754	  173.7428
9.231	 2.47	 1	 -41.8053	  172.0017
9.231	 2.12	 1	 -42.6679	  174.6393
9.233	 3.02	 2	 -44.6445	  171.8433
9.236	 2.09	 2	 -41.6767	  174.2057
9.238	 3.61	 1	 -42.3818	  173.0922
9.239	 2.83	 1	 -42.5023	  172.6050
9.241	 2.56	 1	 -42.6811	  172.8356
9.242	 2.02	 1	 -42.8002	  173.1826
9.242	 2.60	 1	 -42.5572	  172.9460
9.243	 2.32	 1	 -41.7879	  174.1865
9.243	 2.01	 2	 -45.4302	  174.6292
9.245	 2.65	 1	 -42.3479	  173.4971
9.251	 2.02	 2	 -41.7903	  174.2854
9.252	 2.10	 1	 -42.2034	  173.4990
9.255	 2.00	 1	 -41.7641	  174.2975
9.258	 2.02	 1	 -41.7120	  174.2058
9.263	 2.42	 1	 -41.7538	  174.2207
9.264	 2.36	 1	 -42.1002	  173.7795
9.266	 2.19	 1	 -41.8936	  174.2825
9.269	 2.56	 1	 -42.2404	  174.0920
9.272	 2.72	 2	 -41.7651	  174.3987
9.275	 2.99	 3	 -42.0183	  174.2262
9.282	 3.02	 1	 -42.4041	  173.3527
9.284	 2.89	 1	 -42.3858	  173.9025
9.284	 2.14	 1	 -42.2609	  173.7214
9.287	 2.05	 1	 -41.7259	  174.2288
9.288	 2.23	 1	 -41.7758	  174.3381
9.289	 2.19	 3	 -41.6774	  174.6051
9.302	 2.36	 1	 -42.0069	  173.7651
9.302	 2.03	 1	 -42.2165	  173.8483
9.304	 5.25	 2	 -42.5700	  173.1265
9.305	 2.13	 3	 -42.0865	  168.6116
9.305	 2.44	 2	 -41.8207	  174.1455
9.306	 2.63	 1	 -41.5452	  174.1487
9.307	 2.26	 1	 -41.8234	  174.3101
9.307	 2.04	 2	 -41.7964	  174.2328
9.308	 2.57	 2	 -41.8159	  174.1819
9.310	 2.08	 3	 -42.6230	  173.1618
9.314	 3.23	 1	 -42.4457	  172.4362
9.314	 2.76	 3	 -42.6236	  173.2316
9.316	 2.28	 1	 -43.8325	  172.5377
9.316	 2.40	 1	 -42.5644	  172.8454
9.317	 2.30	 1	 -42.1701	  173.6649
9.318	 2.96	 3	 -42.6326	  173.1101
9.319	 2.23	 1	 -41.7568	  174.1684
9.320	 2.40	 3	 -42.4621	  173.1787
9.322	 2.25	 1	 -46.2060	  173.7647
9.326	 2.14	 1	 -42.0050	  172.9545
9.326	 3.65	 3	 -42.5662	  173.1032
9.326	 2.45	 1	 -41.7486	  174.2615
9.328	 2.36	 1	 -42.4209	  173.4903
9.328	 2.08	 2	 -42.0351	  173.7201
9.328	 3.40	 1	 -42.8126	  173.0027
9.330	 3.37	 2	 -42.6718	  172.8830
9.331	 2.08	 2	 -41.8073	  174.0582
9.333	 2.01	 1	 -42.3348	  174.0986
9.333	 2.12	 2	 -41.2765	  174.5091
9.335	 2.19	 2	 -44.6288	  171.7955
9.337	 2.70	 1	 -41.7571	  174.3601
9.340	 2.08	 3	 -42.5671	  173.0807
9.342	 2.42	 2	 -42.5883	  173.1803
9.344	 4.30	 3	 -42.5739	  173.1564
9.346	 2.39	 1	 -43.8507	  171.4875
9.346	 2.09	 1	 -42.4281	  174.1440
9.346	 2.14	 2	 -41.9321	  174.3147
9.349	 2.00	 4	 -42.4154	  172.9406
9.350	 3.24	 3	 -42.5659	  173.0981
9.350	 2.93	 1	 -41.7338	  174.4099
9.351	 2.34	 1	 -41.7750	  173.9447
9.356	 2.04	 1	 -42.9743	  173.0931
9.359	 2.03	 1	 -42.3681	  174.0321
9.359	 2.29	 2	 -41.7265	  174.2837
9.361	 2.61	 1	 -42.8633	  172.8026
9.364	 2.93	 1	 -42.1496	  173.1164
9.367	 2.21	 2	 -41.7379	  174.3974
9.369	 2.07	 1	 -41.7188	  174.4106
9.369	 2.23	 1	 -42.3114	  172.7399
9.370	 2.31	 1	 -42.4754	  173.8154
9.370	 2.50	 3	 -42.5759	  173.0792
9.370	 2.10	 2	 -42.1732	  173.6726
9.370	 2.15	 2	 -41.7108	  174.3974
9.371	 2.01	 3	 -42.6274	  172.8839
9.373	 2.07	 1	 -42.3987	  174.1630
9.373	 2.13	 1	 -42.5023	  173.1422
9.375	 2.99	 1	 -42.7956	  172.7378
9.378	 3.96	 1	 -42.2313	  173.1696
9.378	 2.71	 1	 -41.6963	  174.2637
9.378	 2.58	 2	 -42.3751	  173.0619
9.381	 2.46	 4	 -41.7678	  174.2793
9.381	 2.10	 1	 -42.0219	  173.7008
9.382	 2.58	 2	 -42.3018	  173.1146
9.382	 2.96	 2	 -42.0457	  173.7663
9.384	 3.17	 1	 -42.3637	  173.4132
9.384	 2.03	 1	 -42.5140	  173.2536
9.384	 2.26	 1	 -41.7152	  174.2245
9.385	 2.47	 1	 -42.6994	  172.9604
9.387	 2.04	 1	 -41.7980	  174.1728
9.388	 2.14	 2	 -41.7485	  172.9144
9.388	 3.29	 1	 -42.4375	  173.5667
9.388	 2.43	 3	 -42.5766	  173.0673
9.389	 2.00	 3	 -42.5796	  173.1149
9.389	 2.74	 1	 -42.2564	  174.0442
9.392	 2.04	 3	 -40.2258	  176.2366
9.394	 2.15	 1	 -42.9486	  173.0200
9.396	 2.15	 1	 -41.6739	  174.2146
9.396	 2.04	 1	 -42.2458	  173.8753
9.401	 3.34	 3	 -42.5271	  173.1661
9.404	 2.65	 2	 -41.7983	  174.2964
9.405	 3.83	 1	 -42.5153	  172.6708
9.406	 2.08	 2	 -42.6628	  173.3100
9.407	 2.33	 1	 -41.7294	  174.2378
9.409	 2.58	 3	 -42.5387	  172.9006
9.410	 2.88	 2	 -42.2519	  173.2310
9.412	 2.53	 4	 -41.6639	  174.2418
9.415	 3.04	 3	 -42.5432	  173.1993
9.418	 2.25	 1	 -42.6264	  173.0574
9.418	 2.65	 1	 -41.6183	  174.3513
9.420	 2.65	 1	 -42.6083	  172.8612
9.422	 2.38	 3	 -42.5645	  173.1369
9.426	 2.30	 1	 -42.5457	  172.9820
9.426	 2.26	 1	 -42.6467	  173.0827
9.426	 2.30	 1	 -42.2747	  173.9966
9.432	 2.69	 2	 -41.5558	  174.4191
9.432	 2.49	 1	 -41.8941	  174.1927
9.433	 2.11	 1	 -42.4644	  173.1622
9.433	 2.28	 1	 -42.5189	  173.1726
9.436	 2.49	 1	 -43.0763	  167.8649
9.437	 2.91	 2	 -42.1870	  173.5861
9.438	 2.18	 2	 -41.4898	  174.3062
9.439	 2.86	 2	 -42.3193	  173.0656
9.441	 2.31	 3	 -42.5737	  173.0957
9.441	 2.03	 1	 -42.6626	  172.7779
9.441	 2.17	 2	 -42.0145	  173.7958
9.443	 2.52	 2	 -41.7870	  174.1836
9.443	 2.30	 2	 -44.6507	  171.7425
9.444	 2.22	 1	 -42.9368	  173.5978
9.446	 2.95	 3	 -42.5707	  173.1346
9.453	 2.34	 1	 -42.3648	  173.8525
9.454	 2.73	 2	 -42.3531	  172.1462
9.454	 2.37	 1	 -42.2638	  173.5860
9.455	 2.22	 1	 -41.9921	  174.2495
9.457	 2.20	 1	 -42.8539	  173.3021
9.457	 2.24	 2	 -41.8260	  174.3395
9.457	 2.21	 1	 -41.9874	  173.7135
9.458	 2.25	 1	 -38.4059	  170.9575
9.459	 2.24	 1	 -42.3325	  173.7108
9.461	 2.08	 1	 -42.2146	  173.4734
9.463	 2.42	 2	 -42.2272	  173.1715
9.463	 2.06	 1	 -41.6982	  174.2803
9.463	 2.10	 1	 -41.9357	  174.0195
9.467	 2.03	 1	 -42.3623	  173.8244
9.467	 2.13	 3	 -42.5874	  173.1221
9.470	 2.20	 2	 -42.5567	  173.0594
9.471	 2.01	 2	 -42.5016	  173.0979
9.472	 2.10	 1	 -42.3868	  173.6907
9.473	 2.24	 3	 -42.5592	  173.1377
9.475	 2.05	 1	 -42.5272	  173.2817
9.476	 2.23	 1	 -42.3223	  173.4751
9.480	 2.32	 1	 -42.5233	  173.8144
9.481	 2.01	 1	 -42.8511	  173.3405
9.488	 2.85	 3	 -42.5992	  173.0283
9.493	 2.20	 2	 -42.5121	  172.6668
9.493	 2.97	 1	 -42.2948	  173.7358
9.494	 2.39	 1	 -42.3665	  172.6664
9.498	 2.22	 1	 -42.6740	  173.0971
9.499	 2.28	 1	 -42.2452	  173.7413
9.501	 2.25	 1	 -42.3397	  173.8629
9.501	 2.27	 4	 -42.6061	  173.1107
9.502	 2.24	 3	 -42.2972	  173.2775
9.502	 2.63	 3	 -42.5982	  173.1166
9.508	 2.05	 1	 -41.7981	  174.0075
9.513	 2.13	 1	 -42.6629	  173.0847
9.516	 2.93	 3	 -42.5709	  173.1563
9.519	 2.55	 2	 -44.6347	  171.8323
9.521	 2.59	 3	 -42.2238	  173.2568
9.526	 2.24	 2	 -41.6871	  174.3592
9.529	 2.84	 2	 -42.2983	  173.7356
9.538	 2.21	 1	 -42.5301	  173.1251
9.540	 2.01	 3	 -41.6945	  174.2364
9.542	 2.10	 2	 -43.7751	  170.8041
9.543	 2.30	 2	 -41.7206	  174.2707
9.543	 3.76	 1	 -42.3999	  173.7073
9.545	 2.04	 1	 -42.4162	  174.0414
9.545	 2.55	 2	 -41.7607	  174.3364
9.545	 2.57	 2	 -41.9989	  173.7543
9.547	 2.50	 1	 -42.0438	  173.4171
9.548	 2.79	 3	 -41.6229	  172.8658
9.550	 2.52	 1	 -41.9942	  173.9128
9.551	 2.62	 1	 -42.5157	  173.2527
9.551	 2.04	 2	 -41.7165	  174.0111
9.552	 2.93	 1	 -42.5223	  173.1765
9.553	 2.66	 2	 -42.6365	  172.9743
9.555	 2.66	 1	 -42.4011	  173.9929
9.555	 2.08	 1	 -42.3269	  173.7345
9.556	 2.31	 1	 -41.6871	  174.2290
9.560	 2.87	 1	 -42.5249	  173.2247
9.560	 2.77	 3	 -44.7268	  171.5542
9.566	 2.23	 4	 -42.5763	  173.1036
9.568	 2.31	 1	 -41.9995	  172.9063
9.569	 2.03	 1	 -41.9108	  173.8094
9.570	 3.51	 1	 -41.6984	  174.0896
9.570	 2.41	 1	 -41.7467	  174.3031
9.570	 3.60	 1	 -42.5514	  173.0623
9.571	 2.36	 2	 -42.5499	  173.0645
9.571	 2.12	 1	 -42.6494	  172.7385
9.572	 2.11	 2	 -41.7415	  174.3084
9.572	 2.08	 2	 -42.4726	  173.1271
9.574	 3.10	 2	 -41.6614	  174.2830
9.575	 2.17	 1	 -42.5005	  173.1017
9.577	 2.79	 1	 -41.9574	  173.7412
9.577	 2.44	 1	 -42.4540	  173.4091
9.579	 2.25	 2	 -41.7346	  174.3590
9.579	 2.44	 1	 -43.0599	  172.4603
9.581	 2.54	 1	 -42.1981	  173.6895
9.581	 2.15	 1	 -42.2675	  173.6267
9.582	 2.40	 1	 -41.6266	  174.3434
9.583	 3.00	 2	 -41.6433	  174.3217
9.583	 2.54	 3	 -42.5437	  173.1244
9.583	 2.04	 2	 -41.9809	  174.1726
9.583	 2.09	 3	 -42.5335	  173.1053
9.584	 2.09	 2	 -42.9279	  173.0007
9.585	 2.31	 1	 -41.8810	  173.4249
9.588	 2.00	 2	 -41.6851	  174.2424
9.588	 2.48	 1	 -42.2185	  173.6856
9.591	 2.43	 1	 -42.0051	  174.9252
9.591	 2.37	 3	 -42.3923	  173.1264
9.593	 2.25	 2	 -42.7710	  173.3381
9.594	 2.28	 2	 -41.7571	  174.6553
9.595	 2.32	 1	 -41.7473	  173.7666
9.600	 2.30	 1	 -41.9315	  173.9846
9.600	 2.11	 2	 -41.9540	  173.7406
9.600	 2.53	 1	 -42.2090	  177.5473
9.604	 2.83	 1	 -41.7412	  174.2810
9.604	 2.15	 2	 -41.6986	  174.3785
9.610	 2.30	 1	 -42.3196	  173.1071
9.611	 2.01	 1	 -41.9802	  173.8372
9.613	 2.80	 2	 -42.5599	  173.0609
9.613	 2.60	 1	 -42.4729	  173.1940
9.614	 2.23	 2	 -42.0093	  173.7735
9.615	 2.28	 3	 -41.7261	  174.2943
9.616	 2.19	 3	 -42.6204	  173.4852
9.618	 2.03	 3	 -40.1962	  176.2472
9.621	 3.52	 3	 -41.3296	  173.8360
9.622	 2.02	 3	 -41.6454	  171.6559
9.628	 2.10	 1	 -42.3776	  172.1306
9.634	 2.42	 1	 -41.9593	  173.7827
9.635	 2.16	 1	 -41.7741	  174.1548
9.636	 2.91	 2	 -41.6920	  174.2446
9.638	 2.19	 1	 -41.7227	  174.3432
9.640	 2.54	 1	 -42.7286	  173.1765
9.641	 3.13	 1	 -41.7962	  174.1780
9.643	 2.04	 2	 -42.2833	  173.2426
9.643	 3.05	 1	 -42.4716	  173.7989
9.645	 2.09	 1	 -41.6789	  174.2764
9.648	 2.35	 2	 -41.7495	  174.2081
9.650	 2.24	 1	 -42.2084	  173.7227
9.655	 2.37	 3	 -41.6341	  174.2816
9.655	 2.40	 4	 -42.5986	  173.1514
9.664	 3.99	 1	 -42.6396	  172.9195
9.669	 2.70	 1	 -41.6944	  174.1470
9.669	 3.99	 3	 -42.5932	  173.0834
9.670	 2.85	 1	 -42.6642	  172.9243
9.672	 2.47	 1	 -42.5058	  173.0948
9.675	 2.08	 1	 -42.5457	  172.8979
9.680	 2.02	 1	 -43.0393	  173.1458
9.680	 3.31	 2	 -42.4187	  174.3972
9.681	 2.02	 1	 -42.2372	  173.4914
9.683	 2.64	 2	 -41.8639	  174.2598
9.686	 2.44	 2	 -42.4030	  173.4566
9.687	 2.55	 4	 -41.3386	  173.8356
9.688	 2.25	 2	 -41.7099	  174.2960
9.692	 2.13	 1	 -42.2580	  173.8406
9.693	 2.81	 3	 -41.9970	  173.7525
9.697	 2.27	 1	 -42.1615	  173.7229
9.697	 2.10	 3	 -42.5927	  173.1179
9.697	 4.14	 3	 -41.9825	  174.1731
9.701	 5.23	 1	 -41.7073	  174.2535
9.702	 2.19	 4	 -42.6140	  173.0480
9.703	 2.16	 2	 -41.6661	  174.4335
9.704	 2.57	 1	 -42.6283	  173.5218
9.705	 2.26	 2	 -41.6692	  174.2680
9.705	 2.86	 1	 -42.5231	  173.1352
9.706	 2.21	 1	 -41.5171	  174.2682
9.706	 2.02	 2	 -41.9279	  174.0773
9.707	 2.35	 1	 -42.0546	  173.5513
9.708	 2.14	 1	 -42.5174	  173.1224
9.709	 3.01	 2	 -42.9418	  173.3398
9.710	 2.21	 2	 -41.6964	  174.2207
9.710	 2.45	 1	 -41.9245	  174.1216
9.710	 2.20	 1	 -42.5285	  173.1544
9.711	 2.07	 1	 -41.6997	  174.1293
9.711	 2.70	 1	 -42.5375	  173.3423
9.712	 2.21	 2	 -44.7705	  176.1108
9.712	 2.01	 1	 -42.6893	  172.7913
9.714	 2.18	 2	 -41.5875	  174.2677
9.714	 2.40	 1	 -42.3082	  173.9087
9.722	 2.17	 2	 -41.7039	  174.2748
9.725	 2.14	 4	 -42.5683	  173.0906
9.725	 2.19	 2	 -41.7054	  174.2244
9.726	 2.02	 1	 -43.5586	  174.6406
9.730	 2.75	 4	 -42.5834	  173.2016
9.731	 2.74	 1	 -42.4522	  173.7901
9.733	 3.04	 2	 -41.7041	  174.2563
9.733	 2.11	 2	 -41.6846	  174.2557
9.733	 2.28	 2	 -41.7043	  174.3055
9.736	 2.38	 1	 -42.0454	  173.6974
9.737	 2.57	 1	 -41.6820	  174.2619
9.737	 3.01	 3	 -42.5658	  173.1317
9.738	 2.01	 1	 -41.7036	  174.3194
9.739	 2.06	 2	 -41.7348	  174.4936
9.739	 2.09	 1	 -41.7317	  174.5101
9.739	 2.40	 2	 -41.6925	  174.0975
9.740	 2.02	 2	 -43.7746	  179.6024
9.741	 2.71	 1	 -42.6339	  173.0365
9.746	 2.22	 2	 -41.6895	  174.1475
9.746	 4.27	 3	 -42.5060	  173.0880
9.749	 3.28	 1	 -42.4964	  173.1684
9.750	 2.61	 2	 -42.4641	  173.1308
9.751	 3.17	 1	 -42.2422	  173.6856
9.757	 3.25	 2	 -42.3080	  173.0597
9.759	 2.08	 3	 -42.4197	  174.3774
9.761	 2.50	 1	 -42.1491	  173.9416
9.762	 3.00	 1	 -42.4525	  173.3285
9.763	 2.47	 1	 -41.7170	  174.1836
9.768	 2.82	 2	 -41.5698	  174.3173
9.771	 3.17	 3	 -42.9421	  173.3443
9.772	 2.03	 3	 -42.6725	  173.1562
9.772	 2.49	 3	 -42.2562	  173.2244
9.774	 2.46	 2	 -41.6919	  174.0849
9.774	 2.64	 1	 -41.6722	  174.3301
9.777	 2.01	 2	 -42.2336	  173.9036
9.781	 2.09	 1	 -42.5373	  173.1049
9.782	 2.17	 2	 -41.7063	  174.2632
9.785	 2.75	 3	 -42.9474	  173.3434
9.788	 2.01	 1	 -42.7470	  173.0469
9.790	 2.04	 1	 -41.6547	  174.4067
9.792	 2.58	 1	 -41.6876	  174.1472
9.794	 2.28	 4	 -41.9340	  174.1152
9.795	 2.33	 1	 -41.7174	  174.2250
9.796	 2.66	 3	 -42.6948	  173.2277
9.797	 2.03	 2	 -41.7407	  174.2243
9.798	 3.13	 1	 -42.0190	  173.7538
9.798	 2.06	 1	 -41.7150	  174.2207
9.798	 2.59	 1	 -41.3531	  176.4972
9.798	 2.69	 2	 -41.7102	  174.3295
9.798	 2.27	 1	 -42.7163	  172.7796
9.799	 3.67	 2	 -41.6851	  174.2167
9.801	 2.37	 1	 -41.9363	  173.6943
9.801	 2.17	 1	 -42.4089	  172.6778
9.802	 2.57	 2	 -42.6510	  172.9037
9.802	 2.31	 1	 -42.6054	  172.9702
9.804	 3.73	 1	 -41.7051	  174.1461
9.805	 2.18	 2	 -41.7199	  174.2385
9.808	 2.11	 2	 -41.7368	  174.3331
9.809	 2.35	 1	 -42.0268	  173.9962
9.809	 2.17	 1	 -42.0443	  173.6736
9.813	 2.08	 2	 -41.6666	  174.3050
9.814	 2.35	 2	 -41.6194	  174.1965
9.815	 2.57	 1	 -42.4884	  173.0571
9.816	 2.23	 1	 -42.3255	  173.6727
9.816	 2.76	 4	 -42.9477	  173.3446
9.817	 2.31	 1	 -42.3238	  173.8106
9.817	 2.13	 1	 -42.7480	  173.0857
9.820	 2.59	 1	 -41.8820	  174.1363
9.823	 2.07	 2	 -42.5506	  173.0598
9.824	 2.13	 1	 -37.9929	  172.5067
9.826	 2.21	 1	 -41.6987	  174.2899
9.835	 2.06	 3	 -42.3077	  173.0591
9.836	 2.21	 3	 -42.6496	  173.0974
9.838	 3.04	 1	 -42.6552	  172.9374
9.842	 2.15	 3	 -40.1955	  176.2556
9.845	 2.65	 2	 -41.7373	  174.3022
9.846	 2.03	 2	 -41.5306	  175.5645
9.847	 2.15	 1	 -41.7530	  174.3546
9.848	 2.04	 1	 -42.4728	  173.3767
9.850	 2.09	 2	 -42.9383	  172.9828
9.851	 2.66	 1	 -42.7197	  172.8916
9.860	 2.08	 1	 -41.9731	  174.0113
9.864	 2.14	 2	 -41.7635	  174.2945
9.865	 2.30	 3	 -41.7271	  174.2495
9.867	 2.34	 3	 -42.5632	  173.1581
9.867	 2.80	 1	 -42.3625	  173.1583
9.869	 2.19	 1	 -42.8303	  173.4129
9.872	 2.18	 3	 -41.5750	  174.3442
9.873	 2.86	 1	 -42.8012	  173.1207
9.873	 2.45	 1	 -42.2751	  173.7850
9.875	 2.67	 4	 -41.9591	  174.2247
9.876	 2.95	 2	 -41.7141	  174.2909
9.877	 3.73	 1	 -41.3633	  172.8658
9.880	 2.63	 2	 -42.2861	  172.1457
9.881	 2.37	 1	 -42.4807	  173.4567
9.888	 2.19	 1	 -41.6952	  174.5885
9.890	 2.74	 1	 -41.8300	  174.4089
9.894	 2.49	 1	 -41.6672	  174.3334
9.894	 2.24	 2	 -41.6844	  174.2446
9.896	 2.18	 2	 -41.7001	  174.2924
9.896	 2.28	 1	 -41.5246	  173.7423
9.897	 3.17	 1	 -42.0460	  173.8859
9.898	 2.14	 1	 -47.0040	  171.2846
9.899	 2.24	 2	 -42.6039	  172.8919
9.902	 2.11	 1	 -42.3254	  173.6271
9.902	 2.40	 2	 -41.7025	  174.2484
9.903	 2.13	 3	 -41.6996	  174.4889
9.903	 2.22	 1	 -41.6351	  174.0766
9.903	 2.44	 1	 -42.6718	  172.7379
9.904	 2.22	 1	 -42.4996	  173.0483
9.907	 2.35	 2	 -41.7116	  174.1424
9.908	 2.44	 1	 -42.1057	  173.6045
9.908	 2.13	 1	 -42.5998	  173.0317
9.909	 2.44	 1	 -42.7300	  172.9998
9.910	 2.17	 1	 -42.8682	  173.0871
9.910	 2.22	 1	 -42.3298	  173.8665
9.911	 2.06	 1	 -42.2350	  173.6253
9.918	 2.21	 1	 -42.2074	  173.7424
9.919	 2.13	 1	 -41.7200	  174.2939
9.921	 2.06	 2	 -42.3140	  174.4234
9.922	 2.12	 1	 -41.8482	  173.9464
9.923	 2.37	 1	 -42.4685	  172.6646
9.925	 2.03	 2	 -41.8522	  173.9413
9.929	 2.54	 1	 -41.8573	  173.9115
9.929	 3.74	 1	 -42.3056	  173.0979
9.929	 2.30	 1	 -42.5682	  173.9588
9.932	 3.02	 2	 -42.3791	  173.0711
9.933	 2.01	 1	 -42.5427	  173.2419
9.934	 2.81	 1	 -42.1465	  173.6372
9.936	 2.25	 1	 -42.8455	  172.4946
9.936	 2.23	 4	 -41.9270	  174.1787
9.937	 2.09	 1	 -41.7890	  174.2449
9.937	 2.81	 3	 -42.4684	  173.2856
9.941	 2.32	 2	 -42.6565	  172.9368
9.945	 2.16	 2	 -42.4122	  173.3399
9.946	 2.38	 3	 -41.8520	  173.9413
9.947	 2.75	 1	 -42.4727	  173.4042
9.947	 2.13	 1	 -42.0577	  173.7615
9.948	 2.15	 3	 -42.6087	  173.1553
9.948	 2.77	 2	 -42.6359	  172.9174
9.948	 2.31	 1	 -41.9183	  174.1071
9.949	 2.73	 1	 -42.0702	  173.6412
9.951	 2.95	 1	 -42.7384	  172.7677
9.951	 2.06	 3	 -42.6107	  173.5550
9.952	 3.47	 1	 -42.4922	  173.3815
9.952	 2.17	 1	 -41.6298	  174.1899
9.953	 3.09	 1	 -42.5524	  172.9672
9.953	 2.18	 1	 -42.3821	  173.4545
9.954	 2.73	 1	 -42.3789	  174.0613
9.954	 2.32	 1	 -41.7374	  174.1846
9.955	 2.43	 4	 -41.3220	  173.8302
9.956	 2.22	 2	 -41.5346	  174.4528
9.964	 2.10	 1	 -42.8802	  173.2439
9.967	 2.15	 3	 -42.5597	  173.0951
9.971	 2.33	 1	 -42.5050	  174.0098
9.971	 2.68	 2	 -41.9722	  171.7480
9.972	 2.14	 1	 -42.6341	  173.0699
9.977	 2.15	 3	 -42.5403	  173.0986
9.978	 3.15	 1	 -41.7897	  174.1142
9.978	 2.15	 1	 -42.3002	  173.6058
9.980	 2.12	 2	 -42.3192	  173.6034
9.982	 2.29	 1	 -41.7964	  174.2551
9.982	 2.74	 1	 -42.6447	  173.5113
9.988	 2.20	 1	 -42.6211	  172.9194
10.000	 2.24	 1	 -42.5356	  173.0473
10.000	 2.18	 1	 -42.6595	  173.1051
10.003	 2.02	 1	 -42.4361	  173.7688
10.006	 2.04	 2	 -42.3138	  173.0303
10.009	 2.03	 2	 -42.0948	  173.5471
10.011	 3.22	 2	 -39.0681	  169.4109
10.011	 2.70	 2	 -41.7108	  174.2758
10.015	 2.10	 2	 -41.6818	  174.2612
10.018	 2.12	 1	 -42.3988	  174.0795
10.018	 2.41	 1	 -42.2082	  173.4738
10.018	 2.10	 4	 -42.5081	  173.0865
10.021	 2.70	 1	 -42.7823	  173.0972
10.022	 2.35	 1	 -45.5041	  177.5249
10.023	 2.32	 1	 -42.9076	  172.9259
10.023	 2.40	 1	 -41.7942	  174.2168
10.024	 2.53	 2	 -41.7055	  174.2422
10.024	 2.21	 1	 -41.4073	  172.7737
10.025	 2.17	 1	 -42.4070	  173.5033
10.025	 2.24	 2	 -42.5956	  172.8977
10.028	 2.78	 3	 -42.5845	  173.0690
10.029	 3.74	 2	 -41.6455	  174.2351
10.031	 2.19	 1	 -42.4568	  173.0988
10.031	 2.58	 1	 -41.9395	  179.6400
10.032	 2.18	 2	 -41.7704	  174.4254
10.033	 2.27	 1	 -42.1611	  173.5533
10.034	 2.14	 2	 -39.9580	  173.3292
10.034	 2.21	 1	 -42.7301	  173.4703
10.037	 3.34	 1	 -42.5443	  174.1651
10.042	 2.47	 5	 -42.5929	  173.1663
10.043	 2.68	 1	 -43.3438	  172.9736
10.048	 2.47	 3	 -42.6415	  173.5323
10.049	 2.04	 1	 -42.6156	  172.9814
10.059	 2.18	 1	 -42.1629	  173.6820
10.065	 2.45	 1	 -42.3380	  172.6756
10.066	 2.00	 1	 -41.9447	  173.9734
10.068	 2.01	 1	 -42.2584	  173.6358
10.075	 2.61	 2	 -41.6550	  174.1683
10.079	 2.25	 1	 -42.4861	  172.9006
10.079	 2.13	 1	 -42.4232	  173.4690
10.081	 2.20	 1	 -43.5698	  168.7786
10.086	 2.14	 2	 -41.6940	  174.3687
10.087	 2.35	 1	 -41.7836	  174.1331
10.087	 2.29	 1	 -42.3356	  173.7270
10.089	 2.01	 1	 -42.2597	  173.8510
10.089	 2.07	 1	 -43.0764	  172.8377
10.089	 4.03	 4	 -42.5636	  173.2627
10.090	 2.17	 2	 -41.7091	  174.2822
10.094	 2.49	 1	 -41.8093	  174.2884
10.094	 2.21	 1	 -42.3731	  173.4261
10.098	 3.22	 1	 -41.3072	  174.2184
10.100	 2.28	 2	 -42.4330	  173.4474
10.104	 2.04	 2	 -42.6643	  173.0655
10.112	 2.22	 1	 -41.7470	  174.2242
10.112	 2.54	 1	 -42.0702	  172.6553
10.120	 2.25	 1	 -41.7463	  174.3531
10.121	 2.65	 3	 -42.6092	  173.1228
10.121	 2.49	 3	 -42.6738	  173.2574
10.126	 2.10	 1	 -42.1415	  173.7027
10.126	 2.48	 1	 -42.1990	  172.4958
10.128	 2.83	 2	 -41.6843	  174.1517
10.129	 2.14	 1	 -42.6829	  173.2280
10.130	 2.05	 1	 -42.6758	  171.6771
10.130	 2.66	 1	 -42.4940	  172.8523
10.132	 4.06	 1	 -41.7140	  174.2155
10.132	 2.82	 1	 -42.0347	  174.1128
10.132	 2.16	 2	 -41.6542	  174.2791
10.135	 2.32	 1	 -41.0231	  174.8628
10.136	 3.03	 1	 -41.8821	  173.9446
10.136	 2.79	 2	 -41.9625	  173.8294
10.137	 2.37	 2	 -41.7288	  174.2272
10.139	 2.13	 1	 -42.2417	  173.4587
10.142	 2.14	 1	 -42.3821	  172.2745
10.145	 2.32	 2	 -41.7984	  174.0064
10.149	 2.21	 1	 -42.4347	  173.4229
10.154	 2.19	 1	 -41.6570	  174.3763
10.159	 2.32	 2	 -41.8145	  174.2880
10.159	 2.11	 1	 -42.5327	  173.0470
10.161	 2.14	 1	 -41.7408	  174.3118
10.163	 2.13	 1	 -42.3305	  174.2220
10.165	 2.16	 1	 -41.6759	  174.1079
10.166	 2.64	 1	 -41.8452	  174.1752
10.167	 2.16	 1	 -41.7513	  174.2268
10.169	 2.25	 1	 -42.5309	  172.8829
10.172	 2.55	 2	 -42.5211	  173.4003
10.172	 3.17	 1	 -41.8872	  173.9064
10.174	 2.30	 1	 -41.7635	  174.2310
10.174	 2.01	 2	 -41.7140	  174.2966
10.176	 2.29	 1	 -42.1711	  174.0104
10.177	 2.54	 1	 -41.7251	  174.4230
10.178	 2.00	 2	 -41.6975	  174.1575
10.178	 2.23	 1	 -42.6402	  172.9630
10.180	 2.34	 1	 -42.1641	  173.5005
10.182	 2.26	 1	 -41.7981	  174.2498
10.182	 2.76	 1	 -41.7623	  174.1691
10.183	 2.59	 1	 -41.7148	  174.0744
10.184	 2.14	 1	 -41.7426	  174.1801
10.184	 2.22	 2	 -41.6725	  174.1846
10.186	 2.09	 2	 -42.4292	  173.4282
10.188	 2.25	 4	 -42.5636	  173.1567
10.189	 2.30	 3	 -42.5620	  173.2433
10.194	 2.16	 1	 -41.9970	  173.8150
10.198	 2.71	 2	 -42.0379	  173.7429
10.198	 2.69	 2	 -41.7020	  174.2573
10.203	 3.18	 1	 -42.3577	  173.8550
10.213	 3.71	 1	 -42.2237	  173.6959
10.216	 2.00	 1	 -42.2183	  173.7701
10.217	 2.14	 1	 -42.6937	  172.5383
10.217	 2.35	 1	 -41.6039	  174.2222
10.217	 2.53	 5	 -42.5617	  173.3342
10.222	 2.49	 1	 -42.0243	  173.7261
10.222	 2.86	 1	 -42.3520	  173.9219
10.223	 3.75	 2	 -41.6700	  174.2632
10.223	 2.93	 2	 -41.7304	  174.2286
10.224	 2.55	 1	 -41.6492	  174.2357
10.225	 2.06	 1	 -42.2293	  173.5975
10.226	 2.19	 2	 -42.3905	  173.8255
10.228	 2.10	 1	 -42.9718	  175.2018
10.228	 2.50	 1	 -42.1343	  173.8019
10.229	 2.20	 1	 -42.2499	  173.7844
10.230	 2.12	 2	 -42.1427	  173.6699
10.235	 3.01	 1	 -41.6740	  174.3473
10.235	 2.63	 1	 -42.8332	  173.2508
10.239	 2.43	 1	 -42.4957	  173.5212
10.239	 3.22	 1	 -41.7967	  174.3167
10.240	 2.48	 1	 -42.2698	  173.6341
10.242	 2.32	 1	 -42.6399	  172.9822
10.242	 2.19	 1	 -42.2416	  173.6261
10.243	 2.22	 1	 -43.2256	  171.6734
10.244	 2.14	 1	 -42.1791	  173.5408
10.247	 3.18	 1	 -42.4946	  173.4079
10.248	 2.59	 3	 -41.9907	  173.7893
10.250	 3.02	 2	 -42.2158	  173.6966
10.252	 2.42	 1	 -42.3288	  173.0712
10.253	 2.37	 1	 -42.4328	  173.7506
10.254	 2.64	 1	 -42.7838	  173.6799
10.255	 2.78	 1	 -42.7123	  173.0532
10.255	 2.50	 1	 -42.5031	  173.1356
10.256	 2.68	 2	 -41.8022	  174.3165
10.261	 2.12	 1	 -42.1565	  173.0550
10.262	 2.03	 1	 -42.1490	  173.9104
10.268	 2.21	 3	 -45.1250	  168.9252
10.270	 2.42	 2	 -41.9971	  174.1743
10.270	 2.98	 2	 -42.3494	  173.4207
10.274	 2.13	 2	 -42.0498	  173.7968
10.275	 2.51	 2	 -41.7117	  174.3151
10.280	 3.46	 4	 -41.5146	  174.1298
10.281	 2.20	 1	 -42.2343	  173.8506
10.289	 2.15	 2	 -41.3522	  173.5103
10.295	 2.17	 1	 -42.1795	  173.9962
10.297	 2.08	 1	 -41.8382	  174.1158
10.301	 2.04	 1	 -42.4237	  173.9861
10.301	 2.53	 2	 -42.3715	  173.5236
10.302	 2.54	 2	 -41.2611	  173.7840
10.303	 2.15	 1	 -41.6672	  174.4890
10.303	 2.20	 2	 -42.6679	  173.1860
10.304	 2.05	 1	 -42.3798	  174.2686
10.309	 2.30	 2	 -42.4106	  173.6595
10.310	 2.02	 2	 -42.6156	  173.1138
10.312	 2.13	 1	 -42.5990	  172.7352
10.314	 2.28	 3	 -41.8375	  173.9391
10.314	 2.01	 1	 -41.7027	  174.2281
10.316	 2.39	 1	 -42.2141	  173.4080
10.320	 2.58	 1	 -41.7980	  174.4545
10.320	 2.35	 1	 -41.7405	  174.1530
10.320	 2.99	 3	 -42.4627	  173.1017
10.322	 2.60	 2	 -41.6564	  174.2664
10.323	 4.18	 4	 -42.5091	  173.0542
10.325	 2.23	 2	 -41.6988	  174.2853
10.328	 2.40	 1	 -42.7565	  173.1378
10.333	 2.34	 1	 -41.1351	  175.4593
10.337	 2.25	 2	 -41.7450	  174.3856
10.340	 2.46	 1	 -42.1973	  173.5515
10.342	 2.16	 1	 -42.0285	  173.7731
10.343	 2.45	 1	 -42.2206	  173.5925
10.343	 2.16	 1	 -42.0069	  173.6762
10.345	 2.57	 1	 -42.2382	  173.5689
10.347	 2.33	 1	 -42.7022	  173.2032
10.347	 2.01	 3	 -41.7435	  174.3245
10.348	 2.92	 3	 -41.7949	  174.2904
10.355	 2.67	 1	 -42.5257	  173.0773
10.355	 2.12	 2	 -44.7174	  171.7752
10.360	 2.25	 1	 -42.2486	  173.6969
10.361	 2.14	 2	 -42.0707	  173.8108
10.362	 2.48	 2	 -41.7642	  174.4464
10.363	 2.61	 1	 -42.2459	  173.6759
10.363	 2.09	 2	 -41.8820	  173.6851
10.363	 2.79	 1	 -42.6731	  172.8100
10.364	 2.12	 1	 -41.7800	  174.2594
10.364	 2.23	 2	 -42.5528	  173.0596
10.370	 2.01	 4	 -42.5080	  173.0663
10.371	 2.58	 1	 -42.5378	  173.1792
10.373	 2.81	 3	 -41.7498	  174.3016
10.374	 2.97	 1	 -41.8966	  174.1940
10.375	 2.10	 2	 -42.5857	  172.7274
10.376	 2.25	 1	 -42.4825	  173.3252
10.379	 3.27	 1	 -42.0511	  173.6817
10.379	 2.16	 2	 -41.7052	  174.2416
10.381	 2.41	 1	 -42.6121	  172.8626
10.382	 2.10	 2	 -41.7334	  174.1742
10.383	 2.21	 1	 -41.8557	  174.3175
10.384	 2.32	 1	 -42.1529	  173.8117
10.384	 2.28	 1	 -41.9714	  173.9935
10.385	 2.52	 2	 -41.6992	  174.3848
10.386	 2.40	 2	 -42.8364	  172.8259
10.388	 2.94	 1	 -42.2708	  173.0569
10.388	 2.56	 1	 -42.7533	  172.1977
10.388	 2.25	 4	 -41.3734	  173.8507
10.391	 2.58	 2	 -41.7426	  174.2616
10.394	 3.48	 1	 -41.6023	  174.4179
10.395	 2.31	 3	 -42.6605	  172.9335
10.396	 2.15	 1	 -42.6462	  173.3151
10.398	 2.87	 1	 -41.8292	  174.2397
10.401	 2.03	 1	 -42.3473	  173.8836
10.402	 2.22	 2	 -41.6867	  174.1618
10.403	 2.20	 1	 -42.3401	  173.7377
10.406	 2.48	 1	 -42.0449	  173.7518
10.413	 2.19	 1	 -42.3329	  173.7593
10.414	 2.46	 1	 -42.5323	  173.3571
10.418	 2.06	 1	 -42.5969	  173.0259
10.419	 2.05	 1	 -41.7159	  174.1808
10.424	 2.34	 1	 -42.2170	  173.7369
10.425	 2.46	 1	 -41.7336	  174.3229
10.431	 2.39	 5	 -42.4592	  173.1458
10.433	 2.00	 2	 -41.6070	  174.3917
10.435	 3.23	 3	 -42.5468	  173.1361
10.436	 2.81	 1	 -42.1904	  173.5842
10.436	 2.07	 1	 -42.6176	  172.9467
10.437	 2.18	 1	 -42.1191	  173.8960
10.437	 2.22	 1	 -42.5588	  173.8261
10.450	 2.39	 2	 -42.2321	  173.8519
10.452	 2.10	 2	 -41.6881	  174.3180
10.452	 2.29	 2	 -41.8572	  174.3029
10.455	 2.06	 1	 -42.6930	  172.7895
10.456	 2.94	 2	 -42.5045	  173.2303
10.457	 2.11	 1	 -42.4343	  173.2935
10.459	 2.07	 1	 -42.6783	  172.8120
10.459	 2.03	 1	 -42.5079	  173.3762
10.467	 2.45	 2	 -41.7462	  174.3723
10.467	 2.14	 1	 -42.6552	  173.6944
10.469	 2.66	 2	 -42.6941	  174.0644
10.471	 2.25	 2	 -42.2265	  173.7025
10.476	 2.25	 5	 -42.5061	  173.0476
10.477	 2.60	 1	 -42.5855	  173.0678
10.477	 2.68	 2	 -41.4331	  174.8852
10.478	 2.56	 2	 -42.6176	  173.0626
10.482	 4.05	 1	 -42.3304	  173.6584
10.486	 2.30	 1	 -41.9215	  173.6823
10.489	 2.52	 2	 -41.7198	  174.2345
10.491	 2.46	 1	 -41.6997	  173.3118
10.492	 2.98	 1	 -42.3324	  173.0705
10.500	 2.27	 3	 -42.3383	  173.4617
10.502	 2.51	 1	 -42.3371	  173.1259
10.503	 2.73	 1	 -42.2779	  173.8577
10.504	 2.53	 2	 -41.6282	  174.1734
10.527	 2.42	 1	 -42.5260	  173.0520
10.528	 2.83	 1	 -42.4711	  173.3687
10.529	 2.10	 1	 -42.3781	  173.8574
10.529	 2.08	 2	 -42.1025	  173.7258
10.533	 2.35	 1	 -42.4983	  173.0997
10.534	 2.05	 1	 -42.6965	  172.8441
10.539	 2.30	 3	 -42.5367	  173.0972
10.541	 2.82	 1	 -42.3392	  173.5281
10.542	 2.49	 1	 -42.4008	  173.2505
10.543	 2.28	 1	 -42.7860	  173.0722
10.548	 2.17	 1	 -42.2926	  173.3137
10.548	 2.28	 1	 -42.3378	  173.7973
10.548	 2.66	 1	 -42.2271	  173.8238
10.550	 2.76	 2	 -41.7770	  174.3213
10.556	 2.18	 2	 -42.6692	  173.0614
10.557	 2.17	 1	 -41.7613	  174.1314
10.558	 2.12	 2	 -42.3858	  172.2660
10.558	 2.11	 1	 -41.6570	  174.3538
10.563	 2.07	 1	 -41.7558	  174.3789
10.564	 2.04	 1	 -42.5144	  173.1460
10.568	 2.02	 1	 -42.4505	  173.2041
10.570	 2.09	 1	 -42.5704	  176.7784
10.575	 2.15	 1	 -42.5110	  173.4551
10.577	 2.05	 1	 -42.3745	  173.0470
10.580	 2.40	 1	 -42.2138	  173.8126
10.583	 2.21	 2	 -41.6752	  174.3466
10.586	 2.43	 2	 -41.4742	  174.2677
10.587	 2.52	 1	 -41.5474	  174.0977
10.588	 2.17	 1	 -42.2440	  173.5858
10.589	 4.09	 2	 -42.3290	  173.6694
10.590	 2.66	 1	 -42.4463	  174.9878
10.590	 2.26	 1	 -42.8898	  173.1499
10.593	 2.77	 2	 -41.6893	  174.2139
10.596	 2.04	 2	 -42.4189	  173.0498
10.596	 2.11	 1	 -41.9842	  172.8235
10.600	 2.41	 1	 -42.1919	  173.5347
10.603	 2.42	 1	 -41.7602	  174.1823
10.606	 2.20	 1	 -42.2108	  173.8316
10.607	 2.47	 2	 -42.4258	  173.8026
10.608	 2.14	 1	 -42.0724	  173.6449
10.610	 2.18	 2	 -42.2049	  173.7278
10.613	 2.18	 1	 -42.6972	  172.8320
10.613	 2.00	 2	 -41.7666	  174.2459
10.615	 2.37	 1	 -41.7108	  174.3538
10.627	 2.37	 1	 -42.3172	  173.5189
10.628	 2.77	 1	 -42.1063	  173.9097
10.630	 2.01	 1	 -42.0128	  173.7054
10.632	 2.21	 2	 -42.1125	  173.5965
10.632	 2.39	 1	 -41.6565	  174.3881
10.636	 2.16	 2	 -42.3588	  173.6307
10.637	 2.20	 2	 -41.7065	  174.2406
10.641	 2.13	 1	 -42.4225	  173.6414
10.641	 3.33	 2	 -41.7684	  174.3472
10.643	 2.16	 3	 -42.3273	  173.6637
10.643	 2.43	 3	 -42.7377	  172.8126
10.646	 2.07	 2	 -41.7214	  174.2911
10.647	 2.08	 1	 -42.4873	  173.7619
10.649	 2.02	 1	 -42.9927	  174.6771
10.649	 2.11	 3	 -42.6738	  173.1731
10.654	 2.19	 1	 -41.7673	  174.1456
10.654	 2.28	 1	 -41.9845	  173.9282
10.655	 2.28	 2	 -42.1222	  173.9189
10.655	 3.33	 2	 -42.3915	  173.2968
10.658	 2.81	 3	 -41.2484	  170.8441
10.659	 2.05	 2	 -41.6744	  174.2003
10.660	 2.45	 1	 -42.2983	  173.4906
10.667	 2.81	 1	 -43.6634	  175.7745
10.668	 5.73	 1	 -42.2978	  173.6868
10.670	 2.00	 2	 -42.2512	  173.6978
10.670	 2.78	 2	 -42.3403	  174.3783
10.671	 3.24	 2	 -41.6993	  174.2520
10.672	 3.51	 2	 -43.0683	  172.2877
10.673	 2.25	 1	 -41.6759	  174.2191
10.673	 2.26	 2	 -42.2372	  173.7071
10.678	 2.17	 1	 -42.6930	  172.9821
10.679	 2.23	 2	 -42.2356	  173.6256
10.680	 2.30	 2	 -42.5278	  174.0413
10.680	 2.60	 2	 -41.7395	  174.3222
10.681	 2.12	 2	 -42.3386	  173.6175
10.682	 2.01	 2	 -42.2727	  173.6644
10.683	 2.14	 1	 -42.4033	  173.6818
10.683	 2.13	 2	 -41.7577	  174.2479
10.683	 2.17	 2	 -42.3970	  173.4947
10.683	 2.19	 1	 -41.9490	  173.8603
10.683	 2.38	 2	 -42.3083	  173.6528
10.685	 2.09	 2	 -41.7517	  174.3239
10.686	 2.08	 2	 -42.5194	  173.0974
10.688	 2.50	 2	 -42.3409	  173.7162
10.689	 2.36	 2	 -42.2795	  173.6511
10.689	 2.21	 2	 -41.9150	  174.1416
10.690	 2.25	 2	 -42.2746	  173.6797
10.690	 3.11	 2	 -42.3018	  173.6581
10.691	 2.21	 1	 -42.1806	  172.1063
10.691	 2.13	 2	 -42.3019	  173.6588
10.695	 2.63	 1	 -41.6924	  174.4249
10.700	 2.24	 2	 -42.2787	  173.6675
10.702	 2.08	 2	 -42.3594	  173.7411
10.705	 2.11	 1	 -41.8390	  174.2972
10.706	 2.05	 2	 -42.3264	  173.8838
10.708	 2.09	 1	 -42.4973	  173.3164
10.709	 2.21	 2	 -42.0519	  174.5666
10.710	 2.12	 2	 -42.2971	  173.6946
10.713	 3.17	 2	 -42.3372	  173.0002
10.713	 2.05	 2	 -42.4684	  173.6771
10.713	 2.61	 2	 -41.6939	  174.4274
10.714	 2.27	 1	 -42.3626	  174.0309
10.715	 2.34	 2	 -42.2245	  173.6055
10.716	 2.80	 2	 -42.2760	  173.9563
10.716	 3.89	 2	 -42.3198	  173.7804
10.717	 2.19	 2	 -41.7025	  174.2204
10.717	 2.21	 1	 -42.4655	  174.0690
10.717	 2.73	 2	 -42.1764	  173.6119
10.718	 2.02	 2	 -42.3373	  173.5869
10.719	 2.42	 1	 -41.7224	  174.3259
10.719	 2.87	 2	 -42.2610	  173.6240
10.720	 2.08	 1	 -42.0668	  173.4107
10.720	 2.64	 2	 -41.0486	  175.5887
10.720	 4.03	 2	 -42.2898	  173.7651
10.723	 2.40	 2	 -42.2947	  173.7242
10.725	 2.12	 2	 -42.3384	  173.6507
10.728	 2.14	 2	 -42.2795	  173.6529
10.728	 2.49	 1	 -42.4724	  173.7515
10.729	 2.36	 1	 -44.7006	  170.5534
10.729	 3.58	 2	 -42.2966	  173.7046
10.731	 2.19	 2	 -42.2641	  173.6699
10.731	 2.48	 3	 -42.3300	  173.7165
10.732	 2.59	 1	 -42.5375	  173.0192
10.732	 2.09	 1	 -44.1939	  171.9081
10.733	 2.52	 2	 -42.3088	  173.7276
10.736	 3.17	 1	 -41.6286	  174.1645
10.737	 2.24	 2	 -41.6815	  174.2600
10.737	 3.54	 3	 -41.6928	  174.4466
10.737	 2.61	 2	 -42.2574	  173.6544
10.737	 2.20	 2	 -42.3246	  173.7747
10.739	 2.14	 1	 -42.4855	  173.3705
10.740	 2.01	 2	 -42.3099	  173.7097
10.740	 2.14	 2	 -42.3194	  173.7479
10.740	 2.14	 2	 -42.3294	  173.6580
10.740	 2.04	 2	 -42.2796	  173.7493
10.741	 2.78	 1	 -41.8388	  173.9843
10.745	 2.00	 2	 -41.2793	  174.4486
10.747	 4.00	 1	 -42.5569	  173.3354
10.748	 2.65	 1	 -42.1757	  173.6412
10.748	 2.22	 1	 -42.7028	  172.8810
10.752	 3.52	 2	 -42.2156	  173.6731
10.752	 2.53	 1	 -41.7563	  174.3643
10.754	 3.16	 2	 -42.3014	  173.1049
10.754	 2.09	 1	 -43.4005	  175.1167
10.755	 2.19	 1	 -41.7417	  174.1225
10.755	 2.48	 1	 -41.7554	  174.3757
10.756	 2.05	 2	 -42.3898	  173.7015
10.756	 2.44	 2	 -42.3350	  173.5882
10.757	 2.42	 2	 -42.7237	  176.2636
10.757	 2.15	 2	 -42.4518	  173.5566
10.759	 2.20	 1	 -41.7083	  172.1772
10.759	 2.53	 2	 -42.5552	  173.3382
10.760	 2.32	 2	 -42.3131	  173.6942
10.761	 2.66	 1	 -42.4183	  173.6965
10.761	 2.03	 1	 -42.6508	  173.0909
10.764	 2.04	 2	 -42.1539	  173.7177
10.765	 2.30	 1	 -42.6152	  172.9875
10.765	 2.07	 1	 -42.4664	  173.9770
10.767	 2.75	 2	 -42.2467	  173.6362
10.767	 2.81	 3	 -42.2158	  173.6496
10.768	 2.66	 1	 -41.9644	  174.0866
10.769	 2.10	 2	 -42.2805	  173.7080
10.771	 2.17	 1	 -42.2023	  173.5874
10.774	 2.07	 3	 -43.0069	  172.2984
10.774	 2.09	 1	 -41.7432	  174.3416
10.775	 2.21	 2	 -42.3263	  173.6179
10.776	 2.44	 2	 -42.1877	  173.7042
10.779	 2.13	 2	 -42.2687	  173.7075
10.781	 2.97	 2	 -42.2569	  173.6930
10.782	 2.38	 2	 -42.3072	  173.6698
10.788	 2.19	 1	 -42.3397	  172.4983
10.789	 2.15	 4	 -42.4653	  173.2887
10.792	 2.73	 1	 -41.7057	  174.1335
10.793	 2.01	 1	 -41.8837	  174.3398
10.793	 2.63	 1	 -41.7962	  174.3228
10.794	 2.91	 1	 -42.1542	  173.6901
10.796	 2.23	 2	 -42.3005	  173.6634
10.798	 2.24	 2	 -42.2977	  173.6915
10.798	 2.16	 3	 -41.7029	  174.1529
10.800	 2.18	 2	 -42.3164	  173.6431
10.800	 2.94	 1	 -43.4307	  172.1482
10.801	 2.06	 1	 -42.4261	  173.0777
10.801	 2.01	 1	 -41.8169	  174.1762
10.802	 4.74	 1	 -41.6749	  174.2390
10.806	 2.19	 2	 -42.5569	  173.3375
10.807	 2.63	 2	 -42.2898	  173.6666
10.807	 2.50	 2	 -42.2907	  173.6744
10.809	 2.14	 2	 -42.2773	  173.6475
10.809	 2.51	 2	 -41.8133	  174.4062
10.811	 2.36	 1	 -44.2755	  174.5027
10.812	 2.51	 1	 -42.1617	  173.5722
10.812	 2.71	 1	 -42.4655	  173.3854
10.813	 2.67	 2	 -43.3349	  173.3862
10.814	 2.03	 2	 -41.8287	  174.3452
10.816	 2.81	 3	 -42.2362	  173.7428
10.816	 2.08	 1	 -42.5416	  173.2046
10.817	 2.43	 1	 -42.6277	  173.6574
10.817	 2.72	 2	 -42.1262	  174.2855
10.817	 2.41	 2	 -42.3022	  173.7113
10.819	 2.07	 2	 -42.6598	  173.1531
10.820	 2.11	 1	 -42.6485	  172.6446
10.821	 2.17	 1	 -41.8328	  174.1953
10.822	 4.93	 1	 -42.0836	  174.1708
10.823	 3.27	 2	 -42.2645	  173.9672
10.824	 2.14	 2	 -42.3816	  173.5937
10.825	 2.54	 2	 -41.6649	  174.2377
10.827	 2.55	 5	 -42.6398	  173.3406
10.829	 2.78	 1	 -42.6596	  172.9046
10.831	 2.47	 1	 -41.7625	  172.8707
10.832	 2.11	 2	 -42.6572	  173.1354
10.832	 3.57	 3	 -42.3035	  173.6618
10.833	 3.22	 2	 -41.9134	  174.1958
10.836	 2.16	 2	 -42.1635	  174.1471
10.838	 2.84	 1	 -42.5681	  172.9827
10.839	 2.28	 2	 -42.2158	  173.6346
10.840	 2.03	 1	 -42.4222	  172.9500
10.841	 2.02	 2	 -42.2938	  173.7053
10.844	 2.02	 2	 -42.1308	  173.8086
10.845	 2.73	 1	 -42.1636	  173.7621
10.845	 2.69	 1	 -41.8982	  174.4177
10.846	 2.01	 2	 -42.1053	  174.1570
10.846	 2.13	 1	 -42.0348	  173.7594
10.849	 2.44	 1	 -42.2147	  173.7119
10.850	 3.29	 1	 -42.6726	  172.7771
10.851	 2.30	 2	 -42.3177	  173.6740
10.852	 2.22	 2	 -42.0347	  174.6344
10.852	 2.16	 1	 -41.8595	  173.9749
10.852	 2.45	 1	 -42.5924	  173.2461
10.854	 2.00	 2	 -42.3210	  173.7199
10.855	 2.08	 2	 -42.3911	  173.6510
10.855	 2.01	 2	 -42.3325	  173.7000
10.855	 2.92	 1	 -42.5229	  172.9275
10.856	 2.49	 2	 -42.2564	  173.6905
10.858	 2.34	 1	 -41.5035	  174.9189
10.861	 2.90	 1	 -41.7943	  174.1949
10.862	 2.31	 2	 -42.3014	  173.6479
10.865	 3.19	 2	 -42.0682	  174.1633
10.865	 2.08	 2	 -42.2666	  173.7058
10.865	 3.17	 2	 -42.4062	  173.3655
10.868	 2.51	 1	 -42.7342	  173.1610
10.869	 2.11	 1	 -42.3354	  173.7270
10.869	 2.02	 3	 -42.2790	  173.8732
10.871	 2.30	 1	 -42.4149	  173.5009
10.871	 2.54	 4	 -42.5328	  173.1714
10.872	 2.02	 1	 -42.7411	  173.0734
10.872	 2.11	 1	 -41.6850	  174.2553
10.874	 2.67	 1	 -42.7821	  174.1200
10.875	 2.22	 1	 -42.4165	  173.0871
10.875	 2.51	 1	 -42.3068	  173.7935
10.876	 2.45	 1	 -42.4807	  173.3374
10.879	 2.36	 1	 -41.6658	  174.1900
10.882	 2.64	 4	 -42.2915	  173.6635
10.883	 2.31	 2	 -42.1819	  173.5628
10.885	 2.29	 2	 -41.6265	  174.1332
10.889	 2.55	 2	 -42.0543	  174.1276
10.890	 2.25	 1	 -41.2945	  174.6794
10.892	 2.27	 2	 -41.6449	  174.6309
10.892	 3.32	 2	 -42.2958	  173.8225
10.893	 2.00	 3	 -41.9733	  174.3546
10.895	 3.26	 2	 -40.2691	  170.1800
10.896	 2.02	 2	 -41.6969	  174.2185
10.898	 2.35	 1	 -42.5964	  173.2455
10.899	 2.65	 1	 -42.6677	  173.0217
10.900	 2.51	 1	 -42.1612	  173.4245
10.901	 2.62	 1	 -43.1965	  173.0950
10.902	 2.57	 2	 -42.1151	  174.1503
10.902	 2.56	 2	 -42.0934	  174.1846
10.904	 2.82	 2	 -42.3048	  173.7118
10.905	 2.34	 1	 -42.5918	  174.6535
10.907	 2.67	 1	 -41.6745	  174.2599
10.907	 2.13	 1	 -42.3894	  173.4656
10.908	 2.55	 1	 -42.3594	  173.6188
10.908	 2.23	 1	 -42.6278	  173.2209
10.911	 2.50	 2	 -42.2742	  173.7218
10.911	 2.62	 1	 -42.2779	  173.7952
10.913	 2.25	 2	 -42.3530	  173.4535
10.913	 2.06	 3	 -42.4830	  173.1784
10.914	 2.01	 2	 -42.6778	  172.8707
10.914	 2.19	 1	 -42.1356	  173.5722
10.916	 2.49	 1	 -42.5018	  173.1198
10.917	 2.76	 3	 -42.3284	  173.8164
10.919	 2.45	 2	 -42.6677	  173.0244
10.924	 2.06	 2	 -42.3244	  173.7010
10.924	 2.00	 3	 -42.7158	  176.2599
10.926	 2.16	 2	 -42.3822	  173.6985
10.927	 2.01	 1	 -42.4441	  173.4714
10.928	 2.28	 3	 -42.3299	  173.6459
10.929	 2.27	 1	 -42.0121	  173.6105
10.930	 2.64	 2	 -41.6383	  174.1712
10.932	 2.07	 2	 -41.6779	  174.2365
10.933	 3.49	 2	 -42.2697	  173.6447
10.936	 2.20	 1	 -41.6267	  174.2221
10.938	 2.03	 1	 -43.1046	  173.5502
10.940	 2.01	 2	 -42.3697	  173.6925
10.941	 2.10	 3	 -42.3275	  173.6698
10.941	 2.47	 1	 -42.5332	  173.4617
10.942	 2.46	 2	 -42.5851	  173.7852
10.943	 2.02	 2	 -41.7652	  174.3639
10.946	 2.32	 2	 -41.8078	  173.9569
10.947	 2.20	 3	 -42.6647	  173.1582
10.948	 2.37	 1	 -42.6095	  173.0990
10.948	 2.19	 2	 -39.9456	  171.2410
10.949	 2.04	 1	 -42.4454	  173.3596
10.949	 2.70	 2	 -41.6606	  174.2251
10.950	 2.19	 1	 -41.7049	  174.1598
10.951	 2.83	 2	 -41.6242	  174.2561
10.952	 3.71	 1	 -42.7913	  173.6481
10.952	 2.38	 2	 -42.4780	  173.4337
10.954	 2.11	 1	 -42.2672	  173.7047
10.954	 3.08	 3	 -42.3057	  173.7127
10.957	 2.66	 1	 -42.2651	  173.6570
10.959	 2.29	 1	 -41.7658	  174.3499
10.959	 2.73	 2	 -42.7212	  173.2355
10.961	 2.09	 1	 -41.5955	  173.6093
10.962	 3.05	 1	 -42.2388	  173.8201
10.962	 2.10	 1	 -42.2771	  173.8267
10.962	 2.31	 2	 -41.7321	  174.1889
10.963	 2.57	 2	 -42.4200	  173.7604
10.964	 2.17	 2	 -42.3172	  173.7604
10.964	 2.74	 2	 -42.1967	  173.6820
10.968	 2.29	 1	 -42.1155	  173.6692
10.969	 2.44	 1	 -42.3572	  174.0180
10.973	 2.21	 2	 -41.6001	  174.3693
10.973	 2.11	 1	 -42.3228	  173.8936
10.974	 2.07	 1	 -41.8129	  174.2294
10.976	 2.87	 1	 -42.3674	  173.8548
10.976	 2.18	 1	 -41.8710	  173.8806
10.981	 2.04	 2	 -41.9786	  173.6027
10.982	 2.21	 2	 -41.6763	  174.2060
10.982	 2.35	 2	 -42.2195	  173.6841
10.983	 2.14	 2	 -42.5496	  173.3525
10.983	 2.40	 2	 -42.3570	  173.7966
10.984	 2.39	 2	 -42.2867	  173.6774
10.985	 2.00	 5	 -42.2876	  172.8493
10.985	 2.22	 1	 -42.2343	  173.6392
10.987	 2.50	 2	 -42.2991	  173.6583
10.988	 2.63	 2	 -42.2839	  173.6844
10.989	 2.11	 1	 -42.4885	  173.1191
10.990	 2.37	 1	 -42.2218	  173.5300
10.991	 2.38	 2	 -42.2304	  173.4536
10.996	 2.09	 1	 -41.7597	  174.4442
10.996	 2.13	 2	 -41.8814	  173.9319
10.999	 2.06	 4	 -42.5789	  173.0924
11.004	 2.01	 1	 -41.6779	  174.1879
11.007	 2.78	 2	 -42.3008	  173.0417
11.010	 2.61	 1	 -42.6622	  172.9899
11.010	 2.25	 1	 -42.5025	  173.0644
11.011	 2.24	 1	 -42.4790	  173.3363
11.012	 2.11	 2	 -42.2914	  173.6805
11.015	 2.57	 2	 -41.7165	  174.1809
11.017	 2.01	 2	 -42.2995	  173.5594
11.019	 2.36	 1	 -41.9651	  173.3393
11.020	 2.39	 1	 -42.7311	  173.0437
11.021	 2.23	 1	 -42.0047	  174.0596
11.023	 3.12	 3	 -42.2652	  173.7260
11.023	 2.32	 1	 -42.5951	  172.8119
11.025	 2.31	 1	 -42.2254	  173.8226
11.028	 2.32	 2	 -42.2708	  173.7527
11.028	 2.20	 1	 -42.5850	  173.1384
11.030	 2.13	 2	 -42.6684	  172.9974
11.031	 2.52	 2	 -42.3123	  173.7333
11.032	 2.23	 2	 -42.2889	  173.7313
11.037	 3.42	 1	 -42.6749	  172.6943
11.040	 2.17	 5	 -41.5201	  174.1295
11.042	 2.10	 1	 -42.3451	  173.7558
11.043	 2.87	 2	 -42.4263	  173.7916
11.044	 2.14	 1	 -42.4642	  173.4006
11.045	 2.28	 3	 -42.2745	  173.6704
11.047	 2.14	 1	 -41.6922	  174.2535
11.047	 2.38	 1	 -42.4844	  173.0476
11.047	 2.13	 2	 -42.6954	  172.7040
11.048	 2.78	 1	 -42.0037	  173.6611
11.050	 2.06	 1	 -41.7726	  174.0784
11.051	 3.78	 2	 -42.2243	  173.8213
11.052	 2.34	 4	 -42.2941	  173.6840
11.054	 2.32	 2	 -42.2976	  173.6904
11.057	 2.32	 2	 -42.2958	  173.6597
11.058	 2.12	 1	 -42.6751	  172.8527
11.062	 2.35	 1	 -42.2649	  173.6131
11.062	 2.09	 1	 -41.5960	  174.2034
11.071	 2.30	 1	 -41.6387	  173.9433
11.072	 2.06	 2	 -42.6754	  173.0620
11.079	 2.74	 1	 -42.4480	  173.7825
11.079	 2.34	 2	 -42.3463	  173.6488
11.082	 2.69	 1	 -42.2808	  173.5548
11.083	 2.55	 1	 -41.5261	  173.4505
11.084	 2.44	 2	 -42.2248	  173.7768
11.086	 2.20	 1	 -42.3997	  173.5910
11.086	 2.03	 2	 -41.6818	  174.2332
11.087	 2.13	 1	 -42.4028	  173.8443
11.088	 2.18	 1	 -41.6899	  174.3568
11.094	 2.72	 2	 -42.2528	  173.8426
11.094	 2.35	 3	 -41.6335	  174.3375
11.095	 2.28	 2	 -42.5905	  173.2140
11.095	 2.39	 2	 -41.7070	  174.2708
11.096	 2.04	 1	 -41.9418	  174.0780
11.096	 2.50	 1	 -41.4336	  175.1492
11.099	 3.11	 1	 -42.5555	  173.1893
11.100	 2.03	 2	 -42.5883	  173.0876
11.102	 2.05	 1	 -42.2124	  172.9691
11.108	 2.15	 2	 -42.2941	  173.0994
11.108	 2.14	 2	 -42.3086	  173.6906
11.109	 2.21	 1	 -42.2942	  173.7955
11.109	 2.48	 1	 -42.4438	  173.9990
11.110	 2.00	 2	 -42.2306	  173.7850
11.111	 2.77	 1	 -41.9527	  174.1729
11.118	 2.14	 3	 -41.7427	  174.3233
11.118	 2.29	 2	 -41.7890	  174.2884
11.122	 2.14	 2	 -42.3068	  172.9786
11.124	 2.55	 1	 -42.5243	  174.3693
11.128	 2.28	 1	 -42.3383	  173.6747
11.129	 2.25	 2	 -42.2940	  173.6862
11.129	 2.16	 1	 -41.6946	  174.2036
11.131	 2.03	 1	 -42.6431	  173.3760
11.131	 2.78	 1	 -41.6889	  174.3090
11.131	 2.22	 2	 -42.2144	  173.6478
11.133	 2.33	 3	 -42.3651	  173.6875
11.133	 2.02	 1	 -41.8198	  174.3769
11.135	 2.39	 1	 -42.6012	  172.6110
11.136	 3.45	 1	 -42.7817	  172.9133
11.140	 2.01	 1	 -42.6984	  172.9816
11.144	 3.37	 1	 -42.4117	  173.5650
11.144	 3.30	 6	 -41.5230	  174.1248
11.146	 2.56	 2	 -42.7812	  172.9056
11.150	 2.17	 1	 -41.6692	  174.3117
11.152	 2.05	 1	 -42.3907	  173.5919
11.153	 2.01	 2	 -41.6266	  174.3429
11.153	 2.26	 2	 -42.0287	  173.7330
11.154	 2.46	 1	 -42.8390	  173.3902
11.154	 2.69	 2	 -42.0505	  173.6726
11.155	 2.06	 2	 -43.7032	  173.9503
11.158	 4.10	 2	 -42.3414	  173.6888
11.159	 2.70	 2	 -41.6128	  174.1607
11.159	 3.62	 2	 -42.2326	  173.7228
11.164	 2.45	 2	 -42.0608	  174.1816
11.164	 2.44	 1	 -42.7409	  173.2085
11.168	 3.06	 3	 -42.2366	  173.7746
11.170	 2.54	 2	 -42.2851	  173.6634
11.170	 2.58	 2	 -42.7091	  172.2313
11.171	 2.72	 2	 -42.0845	  174.1743
11.173	 2.01	 2	 -41.6307	  174.2004
11.176	 2.86	 2	 -42.2502	  173.6997
11.179	 2.05	 1	 -42.4466	  173.3738
11.179	 2.11	 2	 -39.2937	  169.1716
11.181	 2.60	 2	 -42.1095	  173.1565
11.189	 2.02	 1	 -41.7268	  174.2406
11.189	 2.50	 1	 -42.1372	  173.5376
11.191	 2.20	 1	 -42.6233	  173.0440
11.195	 2.15	 1	 -42.4908	  173.0419
11.195	 3.93	 2	 -42.2646	  173.6599
11.196	 2.28	 1	 -41.7076	  174.2186
11.199	 2.72	 2	 -42.2258	  173.8063
11.200	 2.19	 1	 -42.0195	  174.1272
11.200	 2.24	 1	 -41.8476	  173.6184
11.203	 2.54	 2	 -42.6707	  172.6893
11.203	 2.27	 1	 -41.7646	  173.5143
11.203	 2.39	 3	 -42.2531	  173.6383
11.206	 2.66	 1	 -41.6619	  173.9438
11.208	 2.22	 2	 -41.4523	  173.9218
11.209	 2.34	 2	 -42.1315	  174.1817
11.211	 2.36	 2	 -41.6824	  174.2410
11.212	 2.06	 2	 -42.2193	  173.9042
11.217	 2.99	 1	 -42.1085	  173.4698
11.217	 2.38	 1	 -42.2095	  173.5151
11.217	 3.35	 1	 -41.6087	  174.2147
11.218	 2.32	 1	 -43.9674	  171.0512
11.218	 2.30	 2	 -42.6002	  173.4790
11.219	 3.41	 4	 -40.5099	  172.6409
11.222	 3.12	 2	 -42.1583	  173.4726
11.227	 2.07	 3	 -42.4216	  174.4004
11.228	 2.53	 1	 -42.3448	  173.8134
11.233	 2.38	 1	 -41.7125	  174.2937
11.233	 2.14	 1	 -42.2438	  173.3824
11.234	 3.11	 2	 -41.7620	  173.5233
11.234	 2.07	 2	 -42.6156	  173.1352
11.236	 2.75	 1	 -42.2453	  173.5366
11.238	 2.33	 2	 -41.8606	  174.0124
11.238	 2.55	 1	 -42.1721	  173.6786
11.239	 2.27	 2	 -41.7548	  174.3315
11.240	 2.15	 5	 -40.4858	  172.5767
11.241	 3.55	 2	 -44.6491	  171.8160
11.241	 2.42	 3	 -42.2967	  173.7628
11.242	 2.03	 1	 -41.7124	  174.2472
11.244	 2.08	 2	 -42.7382	  173.5148
11.245	 2.15	 2	 -41.6860	  174.1945
11.246	 2.06	 3	 -42.2701	  173.6647
11.248	 2.40	 2	 -42.8020	  173.9734
11.250	 2.40	 1	 -42.1432	  173.8143
11.256	 2.14	 1	 -42.1751	  173.5801
11.256	 2.90	 2	 -42.2541	  173.7027
11.256	 2.98	 2	 -42.2648	  173.5610
11.257	 2.79	 3	 -42.5653	  173.2026
11.257	 2.70	 1	 -43.2401	  171.4733
11.257	 3.22	 2	 -42.5338	  170.7233
11.259	 2.20	 2	 -41.7765	  174.3639
11.259	 2.90	 1	 -41.7185	  174.3494
11.260	 2.18	 2	 -42.2634	  173.5380
11.263	 3.48	 3	 -42.2586	  173.7035
11.266	 2.18	 1	 -42.5899	  173.0183
11.266	 2.21	 3	 -41.7625	  173.5142
11.269	 2.75	 1	 -42.6539	  173.2059
11.270	 3.80	 2	 -42.8000	  173.7820
11.272	 2.36	 1	 -42.7366	  172.9583
11.274	 3.22	 1	 -42.4344	  173.0369
11.274	 2.40	 4	 -42.3962	  174.2075
11.275	 2.26	 1	 -42.0075	  174.2228
11.275	 2.06	 1	 -41.7333	  174.4103
11.276	 2.63	 2	 -42.2295	  173.8497
11.278	 2.31	 3	 -42.7991	  173.7577
11.280	 2.00	 1	 -42.5975	  173.0699
11.281	 2.10	 1	 -42.7545	  173.2497
11.282	 2.23	 1	 -41.6721	  174.2310
11.283	 2.90	 1	 -41.7126	  174.3647
11.286	 2.02	 2	 -42.3048	  173.6949
11.287	 2.12	 1	 -41.6546	  174.2554
11.290	 2.31	 1	 -41.7716	  174.3052
11.295	 2.35	 1	 -41.7239	  174.3930
11.295	 2.10	 2	 -42.2838	  173.7016
11.296	 2.46	 3	 -42.3489	  173.7433
11.303	 2.41	 3	 -42.5632	  173.1239
11.307	 2.24	 2	 -42.1384	  173.5385
11.312	 2.07	 2	 -42.0135	  173.3600
11.315	 2.26	 1	 -41.7205	  174.0701
11.315	 2.01	 1	 -42.6259	  172.9282
11.316	 2.16	 1	 -41.6982	  174.3048
11.316	 2.90	 2	 -40.4284	  175.3898
11.317	 2.71	 1	 -42.5749	  173.3551
11.318	 2.02	 1	 -42.4602	  173.1281
11.321	 2.47	 2	 -41.9088	  174.3252
11.321	 2.06	 2	 -41.7900	  174.2392
11.321	 2.33	 1	 -42.4006	  173.5730
11.324	 2.36	 1	 -42.6611	  173.9269
11.327	 2.00	 1	 -43.6669	  176.3358
11.328	 2.12	 3	 -42.2603	  173.7244
11.331	 2.26	 4	 -42.5457	  172.9049
11.332	 2.33	 1	 -43.5778	  172.4498
11.332	 2.08	 1	 -42.1290	  173.6899
11.333	 2.16	 2	 -42.0535	  174.2262
11.334	 2.09	 2	 -41.7733	  174.3044
11.334	 3.02	 1	 -41.6585	  174.1819
11.335	 2.49	 1	 -42.3858	  173.5867
11.335	 2.05	 1	 -42.2754	  173.8907
11.338	 2.08	 1	 -42.4863	  174.3530
11.338	 2.65	 2	 -42.2728	  173.7433
11.339	 2.43	 1	 -42.3115	  173.9893
11.351	 2.34	 1	 -42.6485	  172.9412
11.351	 2.58	 2	 -42.3067	  173.6755
11.352	 2.72	 1	 -42.4225	  173.0436
11.361	 2.01	 3	 -42.3612	  173.7395
11.363	 2.36	 1	 -41.6470	  174.1125
11.365	 2.16	 4	 -42.5514	  173.2391
11.368	 3.73	 1	 -44.0345	  172.3193
11.369	 3.91	 1	 -42.3321	  172.8740
11.369	 2.44	 1	 -42.3293	  173.2438
11.370	 2.33	 1	 -42.3563	  173.8717
11.370	 2.84	 1	 -41.7760	  174.2709
11.371	 2.03	 3	 -43.1096	  173.9759
11.371	 2.26	 1	 -42.4951	  173.0487
11.373	 3.32	 1	 -42.2714	  173.6110
11.373	 2.97	 2	 -44.0797	  172.2432
11.374	 2.00	 1	 -42.7560	  172.9412
11.375	 2.36	 2	 -42.0075	  174.1737
11.375	 2.01	 1	 -42.4988	  173.1812
11.376	 2.07	 1	 -41.7022	  174.2547
11.383	 2.25	 2	 -42.6439	  173.1021
11.385	 2.05	 1	 -42.2927	  173.5921
11.386	 2.03	 2	 -42.3045	  173.6833
11.389	 2.37	 3	 -42.1904	  173.7664
11.391	 2.12	 2	 -41.7519	  174.2611
11.391	 2.19	 2	 -42.4007	  174.0261
11.398	 2.15	 2	 -42.1126	  173.7144
11.398	 2.23	 1	 -41.7369	  174.2078
11.400	 3.47	 3	 -42.8716	  173.6630
11.401	 2.19	 1	 -42.5536	  173.8290
11.403	 3.63	 2	 -41.9397	  174.2942
11.407	 2.31	 1	 -42.6992	  172.8827
11.407	 2.07	 2	 -42.4746	  173.4284
11.409	 2.73	 1	 -42.3709	  173.1764
11.409	 2.39	 1	 -41.8583	  173.9021
11.410	 2.08	 2	 -42.3221	  172.8530
11.412	 2.81	 1	 -42.4015	  174.0596
11.412	 3.00	 1	 -42.3049	  173.6921
11.413	 3.61	 1	 -41.8708	  174.3268
11.414	 2.91	 1	 -42.4037	  174.1590
11.417	 2.50	 1	 -42.4319	  173.1854
11.419	 2.06	 1	 -41.9511	  173.9099
11.419	 3.38	 2	 -41.6480	  174.3570
11.419	 2.09	 1	 -42.3709	  172.8180
11.424	 2.43	 2	 -42.3015	  173.7041
11.425	 3.25	 1	 -42.4294	  172.8518
11.429	 2.40	 1	 -42.9902	  173.3615
11.429	 2.13	 5	 -40.5071	  172.6374
11.429	 2.10	 2	 -42.0006	  173.7366
11.434	 2.17	 3	 -42.3042	  173.7845
11.435	 2.60	 2	 -42.4288	  172.8508
11.439	 2.90	 1	 -43.1052	  173.2339
11.439	 2.78	 1	 -42.5924	  173.8348
11.442	 2.73	 1	 -42.6656	  172.8850
11.443	 2.50	 1	 -41.9859	  173.7453
11.445	 4.33	 1	 -42.2832	  173.7100
11.445	 2.13	 1	 -42.4827	  172.7680
11.445	 2.17	 3	 -41.9384	  174.2937
11.445	 3.16	 2	 -42.5587	  173.3345
11.446	 2.44	 2	 -42.3202	  173.6355
11.448	 2.60	 2	 -41.5997	  174.2773
11.449	 2.79	 2	 -42.1146	  174.2016
11.451	 3.46	 1	 -42.3225	  173.7033
11.451	 2.60	 1	 -41.6917	  174.2900
11.451	 2.01	 1	 -41.9364	  173.7146
11.452	 2.14	 1	 -41.6952	  174.3550
11.452	 2.17	 3	 -42.2187	  173.1203
11.453	 2.97	 1	 -42.2660	  173.5453
11.453	 3.70	 1	 -41.8172	  174.2298
11.455	 2.13	 1	 -41.7053	  174.1645
11.455	 2.60	 1	 -42.1903	  173.4991
11.457	 2.10	 2	 -42.4850	  173.3726
11.458	 2.29	 2	 -42.3510	  173.6990
11.460	 2.42	 1	 -41.5869	  174.2712
11.461	 2.02	 2	 -42.3263	  173.2478
11.463	 2.24	 1	 -42.0356	  173.9240
11.464	 2.15	 2	 -41.8269	  174.2578
11.466	 2.04	 1	 -41.6227	  174.4239
11.467	 2.45	 1	 -41.7293	  174.3637
11.469	 3.01	 1	 -42.5417	  172.7183
11.470	 2.39	 2	 -41.7526	  174.1204
11.470	 2.68	 2	 -42.7585	  173.0230
11.470	 2.35	 1	 -43.3509	  172.9517
11.472	 2.30	 1	 -42.3108	  173.1806
11.473	 2.02	 2	 -42.3237	  173.7225
11.479	 2.41	 2	 -42.2787	  173.7423
11.480	 3.89	 2	 -42.2893	  173.7167
11.483	 2.07	 3	 -41.6216	  174.1823
11.485	 2.78	 3	 -42.0840	  174.1736
11.485	 2.14	 2	 -42.3813	  173.6820
11.486	 2.12	 1	 -42.5740	  173.3366
11.486	 2.17	 2	 -42.3931	  172.7454
11.487	 2.17	 2	 -41.6301	  174.8800
11.487	 2.27	 1	 -42.6690	  173.0762
11.490	 2.02	 2	 -40.9604	  175.5761
11.494	 2.19	 3	 -41.9393	  174.2931
11.495	 2.37	 1	 -42.6342	  173.3871
11.496	 2.29	 1	 -42.2733	  173.7592
11.496	 2.70	 1	 -42.7630	  172.9495
11.497	 2.27	 1	 -42.3615	  174.2954
11.500	 2.07	 4	 -42.9193	  173.7216
11.507	 2.22	 1	 -44.3131	  169.0132
11.510	 2.57	 1	 -42.4205	  172.9761
11.510	 2.54	 1	 -42.3114	  173.4815
11.511	 2.03	 2	 -42.4626	  173.7229
11.511	 2.18	 1	 -42.1307	  173.5787
11.512	 2.07	 2	 -42.0977	  174.1645
11.514	 2.68	 1	 -42.6804	  172.7873
11.518	 2.02	 1	 -42.6092	  173.5196
11.519	 2.14	 2	 -42.2860	  173.6736
11.519	 2.19	 3	 -42.1568	  173.4930
11.520	 2.21	 1	 -42.3469	  173.9798
11.525	 2.55	 2	 -42.3575	  173.1032
11.526	 3.20	 2	 -42.2767	  173.5570
11.528	 3.47	 3	 -41.6343	  174.8784
11.530	 2.39	 2	 -42.2283	  173.7463
11.533	 2.29	 1	 -42.7786	  173.3258
11.535	 2.31	 1	 -41.9778	  173.8137
11.537	 2.16	 2	 -41.7109	  174.2506
11.538	 2.80	 2	 -42.2885	  173.6718
11.539	 2.22	 2	 -41.6200	  174.2030
11.540	 2.21	 1	 -42.3365	  173.7110
11.542	 2.29	 2	 -42.3539	  173.7103
11.544	 2.40	 2	 -42.2773	  173.7254
11.545	 2.41	 2	 -42.2990	  173.6765
11.545	 2.13	 2	 -42.2976	  173.4898
11.546	 2.76	 2	 -42.0731	  174.1214
11.549	 2.41	 2	 -41.8704	  174.5089
11.550	 3.21	 2	 -42.4662	  173.3832
11.554	 2.07	 1	 -42.1841	  173.5489
11.556	 2.41	 1	 -41.7985	  174.2922
11.557	 2.01	 1	 -42.2321	  173.7824
11.559	 2.11	 2	 -42.3377	  172.8827
11.561	 2.20	 1	 -42.8560	  173.1605
11.561	 2.09	 3	 -42.2793	  173.7239
11.562	 2.18	 3	 -42.2667	  173.5603
11.562	 2.04	 1	 -41.6251	  174.2816
11.563	 2.41	 1	 -41.7306	  174.1903
11.563	 2.33	 1	 -41.9786	  173.8687
11.565	 2.48	 2	 -42.6876	  172.7027
11.568	 2.21	 1	 -43.3581	  172.3698
11.569	 2.36	 1	 -42.5751	  173.0035
11.569	 2.14	 2	 -42.7875	  173.0549
11.569	 2.13	 2	 -44.0308	  172.3164
11.571	 2.11	 1	 -42.8256	  172.0109
11.572	 2.07	 1	 -41.7455	  174.2217
11.573	 2.33	 1	 -38.0940	  174.5659
11.574	 2.14	 2	 -42.3500	  173.5085
11.575	 2.72	 2	 -42.4124	  173.5635
11.577	 2.38	 2	 -41.7403	  174.2756
11.578	 2.46	 4	 -41.6404	  174.8750
11.581	 2.06	 1	 -42.5184	  173.0577
11.584	 2.07	 1	 -42.2908	  173.1499
11.586	 2.24	 1	 -42.2014	  173.8486
11.586	 2.27	 1	 -42.2334	  173.7062
11.587	 2.17	 2	 -41.8370	  174.1430
11.589	 2.03	 5	 -42.5012	  173.0445
11.592	 2.05	 1	 -42.4708	  173.1568
11.593	 2.75	 3	 -44.6057	  171.7992
11.593	 2.81	 2	 -42.5585	  173.3441
11.593	 2.26	 1	 -42.5605	  173.1010
11.594	 2.05	 1	 -41.8226	  174.2314
11.598	 2.01	 2	 -42.5552	  173.3310
11.600	 3.58	 2	 -45.2545	  173.6812
11.601	 2.14	 1	 -42.5687	  172.9321
11.603	 2.44	 2	 -42.1899	  174.2785
11.605	 2.29	 2	 -42.0305	  173.7476
11.605	 2.13	 1	 -41.7757	  174.0539
11.606	 3.35	 1	 -42.3289	  173.6207
11.607	 2.20	 2	 -42.8124	  173.3348
11.613	 2.39	 1	 -42.4312	  173.5841
11.616	 2.36	 2	 -42.2659	  173.6609
11.618	 2.03	 2	 -43.0799	  175.2009
11.619	 2.64	 3	 -42.3240	  173.7395
11.620	 2.02	 1	 -42.4739	  172.9629
11.621	 2.07	 1	 -42.0537	  173.7177
11.622	 2.08	 1	 -42.1272	  173.5906
11.622	 2.44	 1	 -42.1390	  174.3749
11.624	 2.61	 2	 -42.4592	  173.8130
11.628	 2.12	 2	 -42.0667	  173.7503
11.629	 2.10	 1	 -42.6218	  172.7050
11.630	 2.59	 2	 -42.2236	  173.5742
11.632	 2.05	 1	 -42.4218	  174.1792
11.633	 2.05	 1	 -41.5601	  174.5130
11.635	 2.06	 1	 -41.7294	  174.2688
11.636	 2.07	 1	 -41.7980	  174.2007
11.642	 2.48	 2	 -41.6675	  174.0204
11.649	 2.22	 2	 -42.2972	  173.7122
11.651	 2.79	 1	 -41.5848	  173.0872
11.659	 2.35	 1	 -42.2503	  173.8107
11.660	 2.56	 1	 -41.9643	  173.7233
11.665	 2.06	 3	 -42.5207	  173.1444
11.667	 2.08	 5	 -40.5126	  172.6360
11.671	 2.24	 1	 -42.1203	  173.7644
11.674	 2.29	 1	 -42.5525	  173.0780
11.678	 3.26	 1	 -42.4068	  173.0132
11.678	 2.48	 1	 -42.2811	  173.8934
11.679	 2.71	 3	 -41.8704	  174.5080
11.681	 2.62	 1	 -42.3394	  174.0217
11.683	 2.19	 1	 -42.3886	  173.4068
11.686	 2.10	 1	 -41.8003	  174.4317
11.688	 2.16	 1	 -42.5719	  173.2419
11.688	 2.07	 1	 -41.7821	  172.8061
11.689	 2.87	 1	 -41.8124	  174.2263
11.690	 3.16	 1	 -41.8252	  174.1108
11.692	 2.59	 1	 -42.5113	  173.4604
11.699	 2.88	 3	 -42.4807	  173.4328
11.700	 2.61	 3	 -42.2735	  173.6449
11.708	 2.37	 2	 -42.2833	  173.7081
11.710	 2.20	 2	 -42.1638	  173.5049
11.710	 2.15	 5	 -40.5069	  172.6331
11.712	 2.32	 2	 -42.3837	  173.8291
11.712	 2.55	 1	 -41.6929	  174.1687
11.713	 2.42	 1	 -42.1681	  173.5417
11.714	 3.09	 1	 -42.2151	  173.8456
11.719	 2.70	 1	 -42.2796	  172.7533
11.723	 2.38	 1	 -43.6835	  174.0038
11.725	 2.15	 1	 -42.4744	  173.0537
11.727	 2.56	 1	 -41.6962	  174.2734
11.731	 2.35	 1	 -42.5211	  172.9453
11.732	 3.00	 3	 -42.2743	  173.7179
11.733	 2.02	 2	 -42.3904	  173.8087
11.736	 2.05	 2	 -42.7885	  173.6455
11.739	 2.38	 4	 -42.5582	  173.3618
11.740	 2.68	 2	 -41.7337	  174.2492
11.741	 3.32	 2	 -41.6513	  174.2218
11.746	 2.31	 1	 -42.7182	  174.9828
11.747	 2.20	 1	 -42.0905	  174.6896
11.755	 2.22	 1	 -42.6229	  173.1562
11.755	 2.55	 1	 -42.3117	  173.8705
11.757	 2.33	 1	 -41.7148	  174.3320
11.758	 2.14	 1	 -42.5667	  173.0755
11.759	 2.00	 3	 -41.6523	  174.2127
11.764	 2.12	 3	 -42.3421	  173.6628
11.771	 2.78	 1	 -42.3271	  173.6028
11.771	 2.03	 1	 -42.6965	  174.2137
11.775	 2.91	 1	 -42.4196	  173.3259
11.775	 2.05	 3	 -42.2757	  173.5746
11.776	 2.05	 2	 -42.3231	  173.2702
11.777	 2.07	 1	 -42.5481	  173.1323
11.778	 3.26	 1	 -42.1839	  173.8895
11.778	 4.29	 1	 -41.7127	  174.3573
11.785	 2.72	 2	 -42.3010	  173.6584
11.787	 2.05	 1	 -42.3591	  170.6141
11.788	 2.01	 1	 -42.4370	  174.1675
11.790	 2.79	 1	 -42.3961	  173.7710
11.790	 2.24	 2	 -42.1365	  173.9268
11.792	 2.92	 1	 -42.1966	  173.7950
11.793	 2.39	 1	 -42.3748	  173.5992
11.797	 2.47	 1	 -41.6714	  174.2812
11.798	 2.26	 2	 -42.4551	  173.4318
11.799	 2.58	 1	 -41.9742	  173.8105
11.801	 2.21	 2	 -42.3101	  173.6070
11.801	 2.20	 2	 -41.7293	  174.2633
11.804	 3.13	 3	 -42.0715	  174.1270
11.808	 2.78	 2	 -42.0407	  174.2105
11.809	 2.54	 1	 -42.6199	  172.9488
11.810	 2.27	 2	 -41.3648	  172.8604
11.815	 2.23	 5	 -41.5265	  174.1304
11.820	 2.16	 1	 -43.1386	  173.7030
11.821	 2.01	 2	 -42.2354	  173.6219
11.825	 2.38	 3	 -41.6719	  174.1588
11.826	 2.36	 2	 -42.2868	  173.7073
11.827	 2.01	 1	 -41.6766	  174.2791
11.830	 2.17	 2	 -44.0379	  172.3140
11.832	 2.21	 2	 -42.2892	  173.6738
11.835	 2.20	 2	 -42.2681	  173.7220
11.839	 2.07	 2	 -42.2788	  173.7243
11.841	 2.20	 2	 -42.0936	  174.1846
11.841	 2.61	 3	 -41.6503	  174.2198
11.843	 2.12	 1	 -41.9946	  173.7664
11.848	 2.30	 4	 -44.6062	  171.7986
11.849	 2.24	 2	 -41.8273	  174.1131
11.850	 2.28	 2	 -41.7982	  174.3140
11.850	 2.03	 3	 -42.5516	  173.0807
11.853	 2.65	 2	 -42.2927	  173.7090
11.854	 2.79	 1	 -42.1756	  173.7611
11.860	 2.42	 2	 -42.6729	  173.0384
11.869	 2.36	 4	 -42.5557	  173.0505
11.871	 2.01	 3	 -42.3092	  173.6101
11.872	 3.09	 1	 -42.4451	  172.8897
11.876	 2.42	 2	 -41.7308	  174.3250
11.876	 3.41	 1	 -42.2625	  173.5028
11.876	 2.05	 1	 -41.8788	  174.2812
11.876	 2.42	 1	 -42.0381	  173.7647
11.878	 3.50	 2	 -42.0090	  173.7960
11.884	 2.16	 3	 -41.7341	  174.2447
11.884	 5.40	 1	 -42.0865	  173.8801
11.887	 2.06	 2	 -42.0934	  173.9144
11.887	 2.19	 2	 -41.7140	  174.3634
11.890	 2.76	 1	 -41.6803	  174.1754
11.891	 2.78	 2	 -42.2476	  173.0844
11.891	 2.06	 2	 -42.1471	  173.8574
11.892	 2.25	 1	 -42.3280	  173.4643
11.893	 2.11	 2	 -41.9163	  174.2399
11.893	 2.04	 2	 -42.2757	  173.7194
11.894	 2.54	 2	 -42.1133	  173.8578
11.895	 2.53	 2	 -42.1074	  173.8749
11.896	 3.18	 1	 -42.6276	  173.1001
11.898	 2.15	 2	 -42.0747	  174.1816
11.899	 2.01	 2	 -42.3985	  174.1226
11.901	 2.07	 1	 -41.5343	  174.2814
11.906	 2.48	 2	 -42.0587	  174.1320
11.907	 2.10	 1	 -42.4717	  172.7905
11.907	 2.18	 2	 -42.2459	  173.6768
11.907	 2.60	 1	 -42.7876	  172.7794
11.907	 3.00	 3	 -42.8160	  173.1318
11.910	 2.47	 2	 -41.9382	  174.0594
11.910	 2.73	 1	 -42.1302	  173.4545
11.913	 2.40	 2	 -42.4957	  173.4036
11.915	 2.10	 2	 -42.3120	  173.5641
11.915	 3.67	 2	 -42.1679	  174.0872
11.915	 2.15	 2	 -42.5031	  172.2954
11.917	 2.98	 2	 -42.0987	  173.8706
11.919	 3.01	 1	 -42.0673	  173.7384
11.920	 2.00	 2	 -42.0805	  173.8964
11.922	 2.38	 2	 -42.0473	  173.8673
11.924	 2.11	 2	 -42.0315	  173.8142
11.927	 2.87	 2	 -42.0778	  173.4536
11.927	 2.15	 1	 -42.5155	  174.0954
11.928	 2.17	 2	 -42.3356	  173.6889
11.929	 2.63	 1	 -42.2092	  173.6742
11.930	 2.55	 1	 -41.9633	  174.3035
11.934	 2.00	 2	 -42.1010	  173.8970
11.936	 3.41	 2	 -42.0943	  173.8636
11.937	 3.77	 4	 -42.5788	  173.1341
11.944	 2.03	 2	 -42.2150	  173.4853
11.945	 2.43	 2	 -42.6596	  173.2059
11.949	 2.15	 1	 -41.6417	  174.0366
11.950	 2.65	 2	 -42.4158	  172.8051
11.952	 4.87	 2	 -42.0377	  173.7564
11.952	 2.74	 2	 -41.6600	  174.2062
11.952	 2.78	 2	 -42.1113	  173.9605
11.953	 2.17	 3	 -42.4066	  173.6601
11.953	 2.66	 3	 -42.0294	  173.7285
11.953	 2.02	 3	 -42.0977	  174.0294
11.954	 2.30	 1	 -42.0995	  173.6155
11.958	 2.12	 3	 -42.0135	  173.6091
11.959	 2.20	 2	 -41.6701	  174.1614
11.960	 2.19	 2	 -42.1220	  173.9206
11.961	 2.74	 2	 -42.4074	  172.8649
11.964	 2.18	 1	 -41.6626	  174.3045
11.965	 2.21	 3	 -42.3912	  173.3675
11.966	 2.14	 2	 -41.4978	  173.6668
11.966	 2.15	 2	 -42.2649	  173.6373
11.969	 2.31	 1	 -41.7135	  174.2984
11.969	 2.31	 3	 -42.0302	  173.7887
11.970	 3.29	 2	 -42.0138	  173.9714
11.971	 2.19	 1	 -41.6578	  174.4953
11.971	 2.13	 2	 -42.0895	  173.8738
11.973	 3.20	 2	 -42.7269	  173.1595
11.975	 2.15	 3	 -42.0016	  173.7684
11.975	 3.06	 3	 -42.0629	  173.7331
11.975	 2.17	 3	 -42.3915	  173.5624
11.976	 2.65	 1	 -42.4002	  173.8575
11.977	 2.01	 3	 -42.0542	  173.7616
11.979	 2.25	 2	 -42.0680	  173.8736
11.979	 3.55	 1	 -41.8105	  174.2399
11.980	 2.95	 2	 -42.0978	  173.8886
11.982	 3.62	 1	 -42.5752	  172.8607
11.983	 2.08	 1	 -42.4789	  173.0380
11.985	 2.03	 2	 -42.2595	  173.6293
11.986	 2.27	 3	 -42.0129	  173.8005
11.987	 2.08	 1	 -42.3759	  173.4178
11.988	 2.02	 3	 -42.7267	  173.1593
11.989	 2.02	 3	 -42.0173	  173.7016
11.989	 2.05	 2	 -41.7245	  174.3623
11.989	 2.47	 2	 -41.7280	  174.3825
11.990	 2.29	 2	 -42.3222	  173.0786
11.991	 3.07	 1	 -41.6479	  174.3093
11.991	 2.21	 2	 -42.0424	  173.8428
11.997	 3.11	 1	 -42.3620	  173.4888
11.997	 2.14	 3	 -41.6468	  174.2381
12.001	 2.29	 3	 -41.7905	  174.2899
12.004	 2.54	 2	 -42.0220	  173.7400
12.005	 2.15	 1	 -42.5811	  172.9254
12.007	 2.35	 1	 -41.9803	  170.3481
12.008	 2.26	 1	 -41.9889	  174.2679
12.008	 2.32	 1	 -42.4759	  173.7185
12.009	 2.21	 2	 -42.6262	  173.1009
12.013	 2.28	 2	 -42.0780	  173.9335
12.014	 2.81	 3	 -45.2514	  173.6832
12.014	 2.78	 2	 -42.1833	  173.5539
12.014	 2.53	 2	 -41.9638	  173.9780
12.015	 2.23	 2	 -42.7711	  173.6472
12.016	 2.07	 1	 -42.6068	  173.1659
12.017	 2.10	 2	 -42.3804	  173.8304
12.017	 2.62	 3	 -42.0268	  173.7578
12.023	 2.18	 1	 -41.7926	  174.1053
12.025	 2.25	 2	 -42.1237	  173.8503
12.026	 2.26	 2	 -42.0812	  173.8043
12.026	 2.02	 2	 -42.0978	  173.9155
12.032	 2.25	 1	 -41.7033	  174.1594
12.033	 2.06	 1	 -42.5377	  173.0402
12.035	 2.38	 1	 -42.5053	  172.9192
12.037	 2.42	 4	 -42.5541	  173.2198
12.037	 2.83	 2	 -42.1303	  173.8136
12.039	 2.32	 2	 -41.7512	  174.2619
12.041	 2.10	 2	 -42.0730	  173.8913
12.042	 2.06	 2	 -41.7018	  174.2798
12.043	 2.05	 2	 -42.1574	  174.5406
12.045	 2.82	 1	 -42.1411	  173.8516
12.047	 2.44	 1	 -41.7900	  174.3569
12.047	 3.55	 4	 -41.7889	  174.2437
12.050	 2.18	 3	 -42.0347	  173.7638
12.052	 2.46	 1	 -41.6646	  174.2350
12.057	 2.61	 2	 -41.8170	  174.3061
12.057	 2.08	 2	 -42.2556	  173.8002
12.057	 3.14	 1	 -41.7436	  174.3847
12.058	 2.19	 1	 -42.2678	  173.7507
12.061	 2.24	 1	 -41.6796	  174.2203
12.061	 2.05	 2	 -42.0027	  173.5635
12.063	 2.15	 2	 -41.9561	  173.9544
12.063	 2.47	 2	 -42.1264	  173.9381
12.066	 2.00	 1	 -42.7009	  172.9984
12.067	 2.51	 2	 -42.6589	  173.0993
12.071	 2.04	 2	 -42.0940	  173.9058
12.071	 2.09	 1	 -42.2016	  173.8026
12.072	 2.80	 2	 -42.0815	  173.9022
12.072	 2.22	 2	 -42.3871	  173.8435
12.073	 2.55	 1	 -42.2688	  172.3772
12.075	 2.83	 2	 -41.7946	  174.2148
12.079	 2.16	 1	 -42.7470	  173.0189
12.082	 2.10	 2	 -41.5036	  175.0445
12.082	 2.25	 2	 -42.2595	  173.4954
12.084	 2.06	 5	 -41.7869	  174.2149
12.090	 2.04	 2	 -42.4528	  173.5188
12.093	 2.33	 1	 -41.6719	  174.2767
12.094	 2.22	 1	 -41.7699	  174.1781
12.099	 2.16	 2	 -42.0629	  173.8730
12.104	 2.09	 1	 -42.6370	  173.0013
12.108	 3.14	 2	 -42.1094	  173.8669
12.110	 2.48	 1	 -42.1912	  173.5158
12.111	 2.30	 2	 -42.0975	  174.1577
12.111	 2.83	 1	 -42.7476	  172.9469
12.112	 2.16	 2	 -42.2915	  173.7649
12.113	 2.19	 1	 -42.1801	  173.6351
12.120	 2.02	 2	 -42.0827	  173.8342
12.120	 2.33	 1	 -42.4757	  173.1297
12.121	 2.07	 1	 -42.5340	  172.7005
12.122	 2.18	 1	 -42.4981	  173.7510
12.122	 2.72	 1	 -42.3940	  173.0117
12.123	 2.98	 1	 -42.4562	  173.1938
12.125	 2.14	 2	 -42.6253	  173.1041
12.126	 2.40	 2	 -42.0708	  173.8848
12.126	 2.02	 2	 -42.0291	  173.8871
12.127	 3.19	 2	 -42.2387	  174.0337
12.127	 2.41	 1	 -41.7299	  174.3029
12.128	 2.01	 1	 -42.0063	  173.8014
12.130	 2.22	 2	 -41.7056	  174.2803
12.131	 4.01	 1	 -41.7524	  173.0364
12.132	 2.23	 1	 -42.2313	  173.4563
12.133	 2.27	 3	 -42.0361	  173.7647
12.134	 2.12	 5	 -42.9208	  173.1676
12.135	 2.07	 2	 -42.0846	  173.9369
12.135	 2.26	 3	 -42.0139	  173.7850
12.136	 2.08	 2	 -42.4212	  172.8169
12.137	 2.52	 3	 -41.9200	  173.5315
12.137	 2.18	 1	 -42.3678	  173.9618
12.138	 2.62	 2	 -42.1201	  173.8511
12.142	 2.26	 2	 -42.0880	  173.8682
12.143	 2.69	 1	 -42.2474	  173.6863
12.147	 3.88	 1	 -42.9260	  172.8202
12.151	 2.11	 1	 -41.7134	  174.2269
12.152	 2.05	 2	 -42.2480	  173.6829
12.156	 3.18	 1	 -40.8285	  175.0132
12.159	 2.54	 1	 -42.2072	  173.8288
12.162	 2.68	 3	 -42.0307	  173.7608
12.165	 2.03	 2	 -42.1068	  173.9338
12.165	 2.23	 1	 -38.3463	  170.2137
12.167	 2.26	 2	 -42.4703	  173.4100
12.167	 3.22	 2	 -42.2648	  173.7317
12.169	 2.20	 1	 -41.7405	  174.2288
12.169	 2.01	 2	 -41.7547	  174.8248
12.170	 2.49	 5	 -42.5760	  173.1272
12.172	 2.09	 1	 -42.3881	  172.5852
12.176	 3.01	 1	 -42.7366	  172.8257
12.179	 2.27	 2	 -42.0892	  173.8641
12.179	 2.14	 1	 -42.6696	  172.7787
12.181	 2.43	 1	 -42.2233	  173.7225
12.182	 2.85	 2	 -42.3167	  173.6850
12.183	 2.39	 1	 -42.2517	  173.5163
12.184	 2.36	 1	 -42.1234	  174.4251
12.186	 2.40	 1	 -41.7580	  174.2888
12.187	 2.20	 2	 -41.6880	  174.2239
12.190	 2.08	 2	 -42.1217	  173.9113
12.194	 3.46	 5	 -41.5099	  174.1145
12.194	 2.16	 1	 -42.5366	  173.8005
12.195	 2.06	 1	 -42.2319	  173.8987
12.197	 2.24	 2	 -42.4108	  173.7398
12.201	 2.31	 3	 -41.7625	  174.2498
12.203	 2.21	 1	 -42.7289	  172.9007
12.204	 2.18	 2	 -42.0951	  173.7973
12.206	 2.13	 1	 -41.8434	  173.5418
12.212	 2.77	 1	 -42.1470	  173.7840
12.212	 2.10	 3	 -42.2182	  173.2253
12.213	 2.94	 2	 -42.5072	  173.7744
12.215	 2.04	 3	 -42.0444	  173.7245
12.217	 2.76	 2	 -42.1816	  174.5773
12.218	 2.90	 2	 -42.5197	  172.9461
12.224	 2.44	 2	 -42.0634	  173.9670
12.225	 2.06	 2	 -42.2824	  173.6334
12.227	 2.81	 1	 -42.2436	  173.6824
12.230	 2.25	 1	 -42.2860	  173.8602
12.234	 2.09	 1	 -42.0618	  173.6810
12.236	 2.34	 1	 -42.6922	  172.8583
12.236	 2.30	 1	 -42.4637	  173.2585
12.242	 2.01	 2	 -41.6188	  174.1796
12.244	 2.34	 2	 -41.7551	  173.0762
12.254	 2.91	 1	 -41.9264	  174.2077
12.269	 3.63	 1	 -42.5193	  173.8200
12.269	 2.31	 2	 -42.2843	  173.6034
12.272	 2.15	 2	 -42.0010	  173.6973
12.278	 3.59	 2	 -41.6430	  174.3160
12.281	 2.54	 2	 -42.0432	  173.9708
12.282	 2.01	 6	 -42.9168	  173.1932
12.284	 2.44	 2	 -42.0738	  173.8938
12.285	 2.03	 1	 -42.3489	  173.7272
12.285	 2.27	 2	 -41.6869	  174.2207
12.287	 2.91	 1	 -42.7255	  173.1573
12.289	 2.41	 1	 -42.6548	  172.7798
12.290	 2.57	 2	 -39.0600	  169.4262
12.298	 2.10	 3	 -42.5692	  173.1344
12.300	 2.08	 1	 -42.6684	  172.7821
12.303	 2.01	 1	 -41.9793	  174.0636
12.303	 2.32	 1	 -42.4251	  172.8404
12.303	 2.15	 1	 -42.2814	  173.7462
12.304	 2.34	 1	 -42.7697	  173.1834
12.305	 2.09	 2	 -42.0967	  174.1628
12.309	 2.41	 2	 -41.7004	  174.2843
12.310	 2.02	 1	 -42.7464	  174.9760
12.313	 3.42	 1	 -42.2329	  173.6666
12.313	 2.07	 2	 -41.7257	  174.3565
12.315	 2.16	 1	 -42.2068	  173.6060
12.315	 2.82	 1	 -41.9688	  173.5738
12.315	 2.22	 2	 -42.3171	  173.7265
12.316	 2.41	 2	 -42.3938	  173.4754
12.317	 4.18	 1	 -42.3440	  173.0965
12.323	 2.61	 2	 -42.1196	  173.8444
12.323	 2.27	 3	 -42.0489	  173.7963
12.324	 2.43	 2	 -42.0722	  173.9356
12.326	 2.13	 1	 -43.0079	  176.6051
12.326	 2.48	 3	 -42.4825	  172.9334
12.329	 2.14	 2	 -42.3340	  173.0809
12.329	 2.01	 1	 -42.1746	  173.2142
12.330	 2.45	 1	 -41.7849	  174.2374
12.331	 2.26	 1	 -42.7946	  173.0673
12.331	 3.00	 1	 -42.1665	  173.8045
12.331	 2.53	 1	 -42.5977	  172.8417
12.336	 2.14	 3	 -42.4050	  172.8581
12.338	 2.64	 3	 -42.2647	  173.6637
12.338	 2.68	 4	 -42.2763	  173.6966
12.339	 2.27	 1	 -42.3434	  173.7038
12.340	 2.34	 1	 -41.1419	  173.9114
12.340	 3.06	 5	 -41.6441	  174.3031
12.349	 2.54	 1	 -42.7281	  172.9659
12.350	 3.01	 3	 -42.0809	  173.7364
12.351	 2.17	 2	 -42.9341	  172.8130
12.353	 2.43	 1	 -42.5856	  172.8520
12.355	 2.15	 2	 -42.0618	  173.7305
12.355	 2.74	 2	 -42.1885	  174.4308
12.356	 2.19	 3	 -42.3511	  173.1397
12.358	 2.17	 1	 -42.5396	  173.4224
12.363	 2.50	 2	 -41.8262	  174.1688
12.364	 2.07	 1	 -41.8667	  173.9435
12.366	 2.76	 2	 -42.3594	  173.5698
12.370	 2.09	 1	 -43.4087	  172.8903
12.370	 2.07	 1	 -42.5636	  172.9563
12.373	 2.15	 2	 -41.6627	  174.1711
12.375	 2.34	 2	 -42.1150	  173.8767
12.375	 2.02	 3	 -42.1378	  173.8495
12.376	 2.41	 2	 -42.0729	  173.7338
12.376	 2.21	 2	 -42.1305	  173.8053
12.381	 2.04	 1	 -42.5464	  173.1026
12.384	 2.08	 1	 -42.5514	  173.3453
12.389	 2.63	 1	 -41.7675	  173.6234
12.389	 3.35	 1	 -42.5186	  172.9444
12.391	 2.75	 1	 -42.3706	  173.7558
12.393	 3.38	 1	 -42.4557	  173.2099
12.398	 2.02	 1	 -42.0962	  173.6279
12.404	 2.11	 1	 -42.4068	  173.8177
12.405	 2.11	 1	 -42.4734	  172.6539
12.407	 2.10	 3	 -41.5554	  174.4199
12.407	 2.08	 1	 -42.2842	  173.5422
12.408	 2.47	 1	 -42.2148	  174.5676
12.409	 2.01	 2	 -41.6410	  174.2786
12.410	 2.67	 2	 -41.5633	  174.1971
12.410	 2.30	 1	 -42.5462	  173.0514
12.411	 2.19	 4	 -41.8604	  174.5327
12.412	 2.08	 2	 -41.6374	  174.2177
12.414	 2.27	 3	 -41.8087	  174.3660
12.416	 2.13	 1	 -42.8105	  172.9033
12.418	 2.48	 2	 -42.3357	  173.1348
12.419	 2.99	 1	 -41.0182	  174.2432
12.422	 2.61	 3	 -42.4160	  172.7575
12.422	 2.04	 1	 -42.3475	  173.8981
12.423	 2.12	 3	 -42.0151	  173.9752
12.425	 2.76	 1	 -42.1603	  173.5768
12.426	 2.49	 1	 -41.5477	  174.3849
12.428	 2.05	 2	 -41.7245	  174.3429
12.428	 3.35	 1	 -42.3337	  173.5918
12.430	 2.76	 3	 -42.2865	  173.7814
12.431	 2.62	 3	 -42.0765	  173.7357
12.432	 2.19	 1	 -42.4880	  174.1821
12.436	 2.05	 1	 -42.2889	  173.5275
12.443	 2.87	 1	 -42.4475	  173.1442
12.444	 2.03	 1	 -42.8782	  173.4689
12.447	 2.66	 1	 -42.2784	  173.8428
12.451	 3.03	 2	 -42.1777	  173.7965
12.452	 2.18	 1	 -42.2847	  173.6507
12.454	 2.15	 2	 -42.5413	  173.6494
12.455	 2.30	 1	 -41.7807	  174.4173
12.457	 2.24	 5	 -42.6004	  173.0693
12.465	 2.17	 1	 -42.5136	  173.5171
12.467	 2.06	 2	 -42.0721	  174.1678
12.470	 2.70	 2	 -42.2821	  173.6420
12.471	 2.70	 2	 -42.9203	  172.7601
12.472	 2.09	 1	 -42.0614	  173.7409
12.472	 2.10	 2	 -42.0873	  174.1863
12.474	 2.22	 3	 -41.7346	  174.2589
12.475	 2.47	 2	 -42.4881	  174.1823
12.476	 2.04	 2	 -42.1621	  173.5655
12.480	 2.85	 3	 -42.2565	  173.7061
12.482	 3.77	 3	 -45.3320	  173.6974
12.484	 2.48	 2	 -42.0626	  173.6686
12.486	 2.09	 1	 -42.1693	  173.5681
12.490	 2.41	 1	 -43.2415	  174.4187
12.490	 2.75	 3	 -42.6766	  173.0236
12.498	 3.04	 1	 -42.1019	  174.0891
12.499	 2.90	 2	 -42.2824	  173.7248
12.503	 2.15	 1	 -41.8247	  174.2008
12.505	 2.03	 2	 -42.1336	  173.7878
12.506	 2.81	 1	 -41.8332	  174.2831
12.507	 2.33	 2	 -41.5731	  173.6904
12.508	 2.04	 1	 -42.1794	  172.9839
12.509	 4.35	 2	 -41.7206	  172.9821
12.512	 2.54	 1	 -42.6763	  172.8768
12.516	 4.63	 1	 -42.4165	  173.8070
12.517	 2.06	 3	 -41.6595	  174.2059
12.517	 2.06	 1	 -42.3798	  173.8765
12.519	 3.09	 2	 -42.1488	  173.8772
12.521	 2.48	 3	 -41.6920	  172.9642
12.521	 2.95	 2	 -42.0174	  173.7682
12.522	 2.26	 1	 -42.3997	  173.9446
12.523	 2.78	 2	 -42.4239	  173.8022
12.523	 2.42	 1	 -42.3197	  173.5628
12.529	 2.32	 1	 -42.5639	  173.0188
12.529	 2.78	 1	 -42.5489	  173.1074
12.538	 2.47	 1	 -42.2887	  173.7390
12.539	 2.07	 1	 -42.6039	  173.1155
12.544	 4.37	 1	 -47.1574	  172.2963
12.547	 2.41	 2	 -47.1432	  172.3005
12.548	 2.50	 4	 -42.0698	  174.1250
12.549	 3.48	 4	 -42.0576	  173.7174
12.549	 2.49	 1	 -42.9144	  171.3410
12.550	 2.19	 2	 -42.4065	  173.8218
12.554	 2.10	 2	 -42.5015	  173.2358
12.554	 2.94	 2	 -42.0861	  173.5032
12.554	 2.28	 2	 -42.3881	  173.8259
12.554	 2.99	 2	 -41.8516	  168.6272
12.558	 3.31	 4	 -42.6013	  173.2132
12.559	 3.53	 2	 -42.0760	  173.9089
12.560	 2.28	 1	 -42.4179	  173.0490
12.561	 2.17	 1	 -42.2639	  173.8708
12.567	 2.29	 1	 -42.6078	  172.7669
12.568	 2.18	 1	 -41.7420	  174.1437
12.568	 2.29	 3	 -42.1611	  173.7480
12.569	 2.28	 2	 -41.9843	  173.9395
12.570	 2.24	 2	 -42.3899	  173.0876
12.576	 2.01	 1	 -42.1373	  173.8204
12.577	 2.01	 2	 -46.6935	  174.0326
12.577	 3.23	 4	 -45.9351	  173.7967
12.579	 3.65	 1	 -42.3582	  173.3287
12.579	 2.20	 2	 -41.5314	  174.4215
12.582	 2.08	 2	 -42.1706	  173.7503
12.582	 2.27	 1	 -41.7362	  174.0993
12.584	 2.44	 1	 -42.2817	  173.6366
12.586	 2.28	 2	 -42.4576	  173.2084
12.586	 2.35	 2	 -42.0744	  173.8864
12.588	 2.82	 1	 -42.7872	  173.0748
12.588	 2.23	 1	 -38.2274	  173.7446
12.588	 2.28	 1	 -42.2001	  173.6421
12.590	 2.00	 1	 -42.4143	  174.0531
12.591	 2.19	 1	 -41.7604	  173.6608
12.592	 3.31	 1	 -41.9387	  173.9049
12.593	 2.80	 2	 -42.0752	  173.8949
12.595	 2.11	 1	 -42.2990	  173.6418
12.596	 2.34	 4	 -43.8602	  175.5394
12.596	 2.60	 1	 -42.3837	  173.2317
12.597	 2.13	 1	 -42.4619	  172.7302
12.597	 2.62	 2	 -41.7977	  174.2495
12.598	 2.69	 2	 -47.1545	  172.2637
12.598	 2.41	 1	 -42.6228	  172.8832
12.599	 2.17	 2	 -42.1979	  173.8025
12.599	 2.16	 1	 -42.5997	  172.8928
12.600	 2.28	 1	 -40.5900	  174.5887
12.601	 3.00	 2	 -42.2979	  173.7068
12.602	 2.50	 2	 -42.0237	  173.8044
12.604	 2.15	 2	 -42.0982	  173.8607
12.608	 2.36	 1	 -41.7699	  174.2229
12.609	 2.29	 1	 -41.7482	  173.7647
12.609	 2.32	 2	 -42.5330	  173.4134
12.609	 2.69	 1	 -42.4611	  173.2769
12.610	 2.17	 2	 -42.2620	  173.7112
12.610	 2.22	 2	 -42.3860	  173.6676
12.613	 3.05	 5	 -42.6905	  173.1444
12.613	 2.97	 1	 -42.7762	  172.0358
12.614	 2.08	 2	 -42.4534	  173.2097
12.615	 2.49	 2	 -42.0939	  173.9522
12.616	 2.06	 2	 -42.3363	  173.5912
12.617	 2.16	 3	 -42.5731	  173.0709
12.619	 2.44	 2	 -42.4123	  173.7802
12.620	 2.34	 2	 -42.3443	  173.0995
12.621	 2.21	 1	 -42.1611	  173.5869
12.622	 2.30	 1	 -41.6917	  174.3085
12.624	 3.38	 3	 -42.4600	  173.2258
12.627	 2.36	 2	 -42.4263	  173.5046
12.628	 2.02	 2	 -42.4191	  173.8112
12.630	 2.02	 1	 -42.2533	  174.0313
12.630	 2.13	 1	 -42.6536	  173.0029
12.631	 2.29	 2	 -41.7598	  174.2130
12.632	 2.21	 1	 -42.4272	  173.0397
12.632	 2.06	 2	 -47.2545	  172.2280
12.634	 2.34	 4	 -45.2489	  173.6328
12.635	 2.35	 1	 -41.3591	  171.9863
12.636	 2.19	 1	 -42.0878	  172.9232
12.639	 2.04	 2	 -43.2323	  174.4197
12.640	 2.42	 1	 -42.4037	  174.2546
12.640	 2.03	 2	 -42.3284	  173.7359
12.645	 2.74	 1	 -42.5310	  173.0704
12.646	 2.48	 2	 -42.4408	  173.8423
12.647	 2.10	 4	 -42.3039	  173.6534
12.654	 3.33	 1	 -43.3534	  172.0038
12.654	 2.71	 1	 -42.5697	  173.2576
12.659	 2.02	 1	 -42.4751	  173.3683
12.660	 4.10	 2	 -41.7632	  174.0809
12.661	 2.30	 1	 -42.4695	  173.0367
12.664	 2.57	 2	 -42.1140	  173.8639
12.666	 2.54	 5	 -42.0647	  173.7194
12.666	 3.96	 1	 -42.5507	  173.1440
12.666	 2.60	 2	 -42.3809	  172.4465
12.667	 2.12	 3	 -41.7531	  172.9593
12.667	 2.25	 3	 -42.2625	  173.6547
12.670	 2.15	 1	 -42.1017	  173.7811
12.670	 2.35	 1	 -41.6745	  174.5381
12.675	 3.34	 1	 -42.3242	  173.7048
12.676	 2.32	 2	 -41.6730	  174.2700
12.680	 2.41	 1	 -42.6948	  173.0281
12.682	 2.29	 2	 -42.6505	  173.0078
12.683	 2.02	 2	 -42.0591	  173.9341
12.687	 2.77	 2	 -42.7513	  172.9582
12.687	 2.02	 1	 -42.4008	  173.0004
12.688	 2.46	 1	 -42.7114	  172.9536
12.688	 2.83	 2	 -41.6983	  174.2299
12.694	 3.27	 1	 -42.5420	  169.3578
12.695	 2.03	 3	 -41.7577	  174.0895
12.697	 2.44	 1	 -40.7971	  174.3301
12.699	 2.79	 1	 -41.7056	  174.2028
12.701	 2.02	 2	 -43.4059	  172.5187
12.703	 2.41	 2	 -41.9028	  173.8219
12.704	 3.14	 1	 -41.9861	  174.2745
12.706	 2.91	 1	 -42.5421	  173.0345
12.708	 2.30	 2	 -42.3759	  173.8035
12.712	 2.04	 1	 -42.2691	  173.6719
12.712	 2.12	 2	 -41.8008	  173.5968
12.713	 4.61	 2	 -47.1555	  172.2949
12.716	 2.16	 3	 -47.1598	  172.3024
12.717	 2.06	 1	 -41.9963	  173.7043
12.719	 2.08	 1	 -42.1035	  173.8164
12.721	 2.17	 3	 -47.2274	  172.2703
12.722	 3.66	 2	 -42.0329	  173.5579
12.722	 2.07	 3	 -41.9952	  173.7607
12.723	 2.61	 1	 -41.6835	  174.2088
12.726	 3.27	 1	 -42.1671	  173.8603
12.727	 2.86	 2	 -42.4064	  173.6814
12.741	 2.03	 1	 -41.4220	  174.2140
12.743	 2.19	 2	 -42.4581	  173.1000
12.746	 2.04	 2	 -42.1599	  173.5773
12.748	 2.07	 1	 -41.9197	  174.1095
12.753	 2.73	 3	 -41.8276	  172.9155
12.758	 3.22	 2	 -47.1985	  172.2092
12.758	 2.31	 2	 -42.1018	  174.0856
12.759	 2.43	 1	 -42.3719	  173.7009
12.761	 2.07	 2	 -42.4733	  173.1255
12.761	 2.35	 3	 -47.1620	  172.3229
12.762	 2.16	 1	 -41.7597	  174.4837
12.764	 2.01	 2	 -41.9100	  174.2810
12.768	 2.57	 1	 -41.7758	  174.2901
12.770	 2.02	 2	 -42.0667	  173.8790
12.770	 2.38	 1	 -41.7954	  174.1570
12.771	 2.14	 1	 -42.1901	  173.6301
12.773	 2.16	 1	 -42.6692	  172.5406
12.774	 2.15	 2	 -42.5532	  173.1024
12.776	 2.83	 2	 -42.7592	  173.0970
12.779	 2.04	 1	 -42.0171	  173.7885
12.781	 2.09	 1	 -42.7104	  172.9662
12.784	 2.71	 3	 -47.0988	  172.3120
12.785	 2.82	 1	 -41.7034	  174.2582
12.787	 2.49	 3	 -42.1282	  173.9634
12.787	 2.12	 2	 -42.2027	  173.5657
12.788	 2.24	 1	 -42.2474	  172.8739
12.789	 2.32	 1	 -41.2876	  174.0719
12.791	 2.10	 1	 -42.1443	  173.9232
12.792	 2.64	 1	 -42.3774	  173.4858
12.794	 2.47	 1	 -42.5447	  173.1001
12.794	 2.34	 3	 -42.5156	  173.8110
12.794	 2.45	 1	 -41.7316	  174.2818
12.798	 2.16	 3	 -47.1611	  172.2888
12.798	 2.40	 2	 -41.7156	  174.3530
12.799	 2.09	 1	 -42.0208	  173.6639
12.800	 2.25	 3	 -42.7523	  173.1402
12.801	 2.30	 1	 -41.8222	  174.3954
12.805	 2.73	 3	 -47.2165	  172.2957
12.814	 2.85	 1	 -42.3176	  173.7319
12.816	 3.01	 2	 -42.4212	  173.0447
12.818	 2.37	 3	 -42.7669	  173.1002
12.819	 2.06	 2	 -41.7576	  174.2830
12.819	 2.17	 1	 -41.7152	  174.2029
12.819	 3.07	 3	 -44.6489	  171.8252
12.820	 2.13	 1	 -42.2735	  173.6017
12.821	 2.33	 1	 -41.9820	  173.4983
12.826	 2.67	 2	 -47.1545	  172.3053
12.828	 2.66	 1	 -42.6953	  172.8999
12.835	 2.55	 2	 -42.4202	  173.8127
12.835	 2.47	 2	 -44.0347	  172.3243
12.837	 2.46	 1	 -42.2614	  173.6351
12.838	 2.16	 2	 -47.5541	  172.1316
12.839	 3.23	 2	 -41.3081	  173.5325
12.840	 2.02	 3	 -42.7264	  172.8071
12.840	 2.05	 2	 -42.1305	  173.8663
12.840	 2.47	 1	 -42.5974	  172.8486
12.841	 2.06	 2	 -41.2005	  174.0278
12.842	 2.33	 2	 -42.1110	  173.9131
12.843	 2.07	 2	 -42.0944	  173.9251
12.845	 2.09	 3	 -47.1598	  172.2851
12.846	 2.03	 1	 -42.3169	  172.4592
12.847	 2.30	 2	 -42.0257	  173.9284
12.848	 3.58	 1	 -42.3933	  173.1074
12.855	 2.16	 2	 -42.0805	  174.2887
12.857	 2.16	 1	 -41.8095	  173.3915
12.858	 2.19	 1	 -42.1838	  173.5300
12.861	 2.33	 2	 -42.6140	  173.1912
12.862	 2.06	 1	 -42.4967	  173.2655
12.867	 2.50	 1	 -42.2822	  173.6670
12.870	 2.59	 1	 -42.4831	  173.2866
12.872	 2.90	 3	 -41.6152	  174.3828
12.873	 2.14	 1	 -42.2228	  173.5697
12.874	 3.01	 1	 -41.7122	  174.2576
12.875	 2.52	 1	 -42.5419	  173.1898
12.884	 2.15	 2	 -42.3575	  173.3172
12.884	 2.48	 2	 -42.0552	  174.0460
12.885	 2.01	 2	 -42.3967	  173.0908
12.886	 2.81	 2	 -41.7060	  174.2034
12.890	 2.55	 1	 -42.2810	  173.6270
12.892	 2.16	 2	 -42.0916	  173.8857
12.893	 3.84	 3	 -42.4191	  173.0477
12.893	 2.05	 2	 -41.6799	  174.2392
12.896	 2.14	 2	 -42.0730	  173.8454
12.898	 2.22	 1	 -41.9769	  173.9976
12.898	 2.23	 1	 -41.7799	  174.2480
12.900	 2.18	 1	 -42.2050	  173.6687
12.900	 2.16	 1	 -42.7908	  173.1625
12.901	 2.31	 1	 -41.8402	  174.0737
12.902	 2.03	 1	 -42.6193	  172.9219
12.902	 2.02	 3	 -42.7882	  173.1285
12.903	 2.37	 3	 -42.9268	  173.0394
12.905	 2.23	 2	 -47.1066	  172.3428
12.906	 2.14	 1	 -41.7323	  174.3113
12.906	 2.44	 1	 -42.1793	  173.0714
12.908	 3.42	 2	 -41.6713	  174.2118
12.915	 2.31	 1	 -42.2595	  173.8012
12.915	 2.16	 1	 -42.6265	  173.9077
12.916	 2.20	 3	 -47.1736	  172.2781
12.917	 2.27	 1	 -42.5446	  173.0402
12.918	 2.24	 1	 -41.7880	  174.5348
12.923	 2.05	 1	 -42.6361	  172.9686
12.925	 2.05	 1	 -42.2589	  173.5502
12.929	 2.01	 3	 -42.2367	  173.9424
12.932	 2.42	 1	 -42.6462	  172.5714
12.935	 2.03	 1	 -44.0910	  176.3906
12.938	 2.58	 1	 -41.6915	  174.2773
12.938	 2.02	 1	 -42.5514	  173.3868
12.938	 2.01	 3	 -42.6292	  173.0776
12.942	 3.19	 2	 -41.7663	  174.2011
12.943	 2.44	 1	 -42.7074	  174.0075
12.945	 3.00	 1	 -42.2196	  173.6666
12.948	 3.83	 2	 -42.2416	  173.6717
12.949	 2.60	 1	 -41.8107	  174.1511
12.949	 2.04	 1	 -41.7008	  174.2712
12.952	 2.54	 2	 -41.8497	  174.2501
12.954	 2.19	 1	 -42.6691	  172.9424
12.955	 2.40	 3	 -41.8116	  173.0784
12.956	 2.86	 1	 -42.4195	  173.1903
12.956	 2.03	 2	 -42.9237	  172.8208
12.959	 2.32	 2	 -42.3447	  173.6621
12.960	 2.95	 1	 -41.7571	  174.2805
12.960	 2.02	 1	 -42.5625	  172.7098
12.960	 2.66	 2	 -42.3167	  173.7367
12.961	 3.09	 1	 -42.2493	  173.3401
12.965	 2.72	 1	 -42.6583	  173.1272
12.965	 2.13	 1	 -42.2222	  173.6768
12.966	 2.07	 1	 -42.1966	  173.5955
12.967	 3.51	 2	 -41.0205	  174.2400
12.971	 2.81	 1	 -41.7151	  174.3342
12.974	 2.68	 2	 -40.5922	  174.5864
12.975	 2.05	 1	 -42.4511	  173.5054
12.975	 2.01	 3	 -42.5807	  173.1294
12.976	 2.62	 1	 -42.6565	  173.1707
12.976	 2.24	 2	 -42.2772	  173.5936
12.977	 2.19	 2	 -42.4603	  172.2533
12.982	 2.21	 1	 -42.9062	  173.1356
12.983	 2.22	 2	 -42.2483	  173.6271
12.984	 2.52	 3	 -47.2298	  172.3692
12.990	 2.03	 1	 -42.5715	  174.0284
12.992	 2.84	 1	 -42.6995	  173.4926
12.994	 2.09	 1	 -41.6663	  174.2108
12.995	 2.18	 2	 -42.3146	  173.0585
12.996	 2.03	 3	 -41.7789	  174.0483
12.996	 2.03	 2	 -42.7356	  172.8095
12.998	 2.21	 3	 -42.0635	  173.8534
13.010	 2.69	 2	 -42.3100	  173.8240
13.013	 2.07	 1	 -41.7503	  174.1503
13.015	 2.32	 2	 -42.3560	  173.6510
13.015	 2.45	 1	 -42.6606	  172.9147
13.023	 2.02	 1	 -42.2746	  173.6483
13.031	 2.37	 2	 -41.6879	  174.4187
13.032	 2.20	 2	 -42.3060	  173.6677
13.033	 2.02	 1	 -42.2260	  173.6598
13.037	 2.05	 1	 -42.4255	  173.8200
13.046	 2.05	 1	 -42.4592	  173.2117
13.047	 2.25	 1	 -42.1958	  173.7579
13.049	 2.22	 2	 -41.5173	  175.0429
13.050	 2.28	 1	 -43.1935	  173.5209
13.050	 2.10	 2	 -42.2957	  173.8472
13.051	 2.12	 3	 -42.1981	  174.4363
13.054	 2.38	 1	 -42.1512	  173.1010
13.054	 2.21	 1	 -41.6628	  174.2040
13.055	 3.29	 1	 -42.3118	  173.5182
13.056	 2.09	 3	 -42.6602	  172.8007
13.059	 2.12	 2	 -42.1322	  173.8458
13.060	 2.49	 1	 -41.7271	  174.2080
13.060	 2.27	 1	 -42.3900	  173.6651
13.073	 2.59	 1	 -42.5623	  173.1075
13.078	 2.00	 2	 -42.3322	  173.6884
13.078	 2.11	 1	 -42.6120	  173.1420
13.078	 2.22	 4	 -42.4192	  173.0399
13.082	 2.04	 3	 -42.0704	  174.1678
13.083	 3.08	 1	 -42.2997	  173.6508
13.083	 2.12	 1	 -42.6999	  173.2944
13.083	 2.42	 1	 -42.5343	  173.0363
13.084	 2.31	 5	 -42.5155	  173.0582
13.089	 2.53	 2	 -42.5079	  172.9607
13.091	 3.13	 1	 -42.7086	  172.9563
13.093	 2.10	 1	 -42.4110	  173.3038
13.093	 2.41	 3	 -41.7392	  173.9319
13.095	 3.09	 1	 -41.7018	  174.2572
13.097	 2.62	 1	 -42.2927	  173.6153
13.097	 3.90	 1	 -42.5213	  173.1115
13.100	 2.16	 1	 -41.7011	  174.2119
13.102	 2.16	 1	 -41.8758	  172.8539
13.103	 2.07	 4	 -47.1004	  172.3113
13.105	 2.47	 1	 -42.5304	  173.3536
13.107	 2.53	 2	 -42.7298	  179.7379
13.107	 2.36	 1	 -41.8883	  173.8997
13.108	 2.54	 3	 -41.0178	  174.2097
13.111	 2.50	 4	 -42.1016	  173.7771
13.117	 2.03	 1	 -41.2874	  180.1609
13.118	 2.74	 2	 -42.2319	  173.2223
13.119	 2.01	 1	 -43.0313	  172.7539
13.123	 2.17	 1	 -42.6212	  172.9154
13.123	 2.04	 3	 -42.0345	  173.7514
13.123	 2.60	 2	 -42.5409	  173.0350
13.124	 2.27	 2	 -47.1589	  172.2851
13.125	 2.55	 1	 -41.6742	  174.3414
13.129	 2.42	 1	 -42.3046	  173.7055
13.131	 2.29	 3	 -41.6614	  174.1924
13.132	 2.08	 2	 -44.6595	  171.8411
13.132	 2.24	 1	 -42.2307	  173.6281
13.139	 2.01	 1	 -41.7201	  173.9958
13.144	 3.02	 3	 -42.6497	  173.1652
13.144	 2.05	 5	 -45.9318	  173.7932
13.145	 3.10	 3	 -42.2410	  173.7382
13.147	 2.10	 3	 -41.7662	  174.0793
13.148	 3.15	 3	 -42.1507	  174.5386
13.150	 2.22	 3	 -42.0861	  173.7830
13.150	 2.08	 2	 -41.6618	  174.3654
13.154	 2.49	 1	 -41.3217	  174.5661
13.156	 2.02	 1	 -41.7549	  174.2608
13.156	 2.28	 2	 -42.3598	  173.9727
13.158	 2.59	 2	 -42.0939	  173.9034
13.158	 2.17	 1	 -42.1520	  173.6899
13.158	 2.24	 2	 -42.3606	  173.5027
13.162	 2.75	 2	 -41.7077	  174.3333
13.165	 2.47	 2	 -40.8237	  175.0070
13.166	 2.09	 1	 -42.6193	  173.0040
13.168	 2.02	 1	 -42.5106	  173.4315
13.171	 2.64	 2	 -41.8990	  174.4511
13.171	 2.25	 1	 -42.5187	  173.1143
13.173	 2.47	 2	 -41.7280	  174.3132
13.176	 2.35	 3	 -41.7144	  172.9781
13.179	 2.40	 4	 -41.7525	  172.9588
13.185	 2.48	 3	 -42.8408	  173.0822
13.189	 2.86	 1	 -43.7435	  174.0784
13.196	 2.43	 1	 -41.8408	  169.0969
13.198	 2.14	 1	 -41.7391	  173.9537
13.203	 3.70	 1	 -41.7070	  174.1345
13.208	 2.36	 2	 -42.4222	  173.8072
13.209	 2.37	 3	 -47.2413	  172.3169
13.209	 2.17	 2	 -43.1928	  173.5238
13.209	 2.33	 1	 -42.1050	  173.8597
13.213	 2.39	 1	 -42.3380	  173.1822
13.217	 2.36	 1	 -42.4010	  173.5636
13.217	 2.82	 2	 -42.4254	  173.8350
13.218	 2.17	 1	 -42.4502	  173.5464
13.219	 2.56	 2	 -41.7606	  172.8770
13.224	 2.98	 3	 -42.5299	  171.8382
13.226	 2.75	 1	 -42.6970	  170.6490
13.227	 2.14	 1	 -42.4168	  173.0777
13.236	 2.54	 1	 -41.7145	  174.1644
13.237	 2.15	 2	 -42.4283	  173.0282
13.241	 2.66	 3	 -41.2553	  174.0996
13.242	 2.40	 2	 -42.5854	  173.4279
13.244	 2.16	 1	 -41.7348	  173.9045
13.245	 2.62	 2	 -42.0068	  173.8427
13.248	 2.68	 2	 -42.2307	  173.1659
13.250	 2.64	 1	 -44.2120	  173.0331
13.252	 2.05	 3	 -41.7437	  174.3243
13.264	 4.29	 2	 -42.2533	  173.6716
13.265	 3.84	 3	 -42.2153	  174.0040
13.268	 2.58	 1	 -42.5961	  173.0352
13.270	 3.56	 2	 -42.2661	  173.8706
13.275	 2.57	 2	 -42.2656	  173.5185
13.276	 2.72	 1	 -41.8362	  174.2482
13.278	 2.24	 1	 -42.3339	  173.9087
13.278	 2.38	 4	 -42.6068	  173.0782
13.289	 2.04	 1	 -42.4167	  173.3811
13.290	 4.28	 1	 -41.7877	  174.2440
13.293	 2.04	 3	 -42.0791	  174.1591
13.294	 2.40	 4	 -42.2226	  173.9731
13.296	 2.75	 2	 -42.4011	  173.2477
13.299	 2.41	 2	 -41.7938	  174.2324
13.304	 2.33	 3	 -42.4241	  173.8059
13.305	 2.26	 2	 -42.3204	  173.6922
13.309	 3.09	 2	 -42.2698	  173.6892
13.310	 2.17	 1	 -41.5186	  174.2080
13.311	 2.73	 1	 -41.6293	  174.2432
13.311	 2.23	 3	 -42.2858	  173.7671
13.314	 2.36	 1	 -42.6047	  173.1583
13.315	 2.15	 1	 -42.6343	  172.9412
13.315	 2.63	 3	 -47.1670	  172.2437
13.317	 2.36	 1	 -41.9335	  173.8951
13.318	 2.27	 1	 -42.6808	  172.9073
13.319	 2.88	 2	 -41.7504	  174.2456
13.330	 2.27	 2	 -42.4020	  174.0619
13.331	 2.24	 2	 -42.4199	  173.0801
13.333	 2.06	 2	 -42.3578	  173.5541
13.333	 2.52	 2	 -41.8361	  174.2419
13.333	 2.28	 3	 -42.2601	  173.8889
13.333	 2.12	 4	 -42.2170	  174.0045
13.338	 2.53	 3	 -42.3923	  173.6918
13.339	 3.03	 2	 -42.0695	  173.8093
13.346	 2.46	 1	 -43.5441	  174.2074
13.347	 2.60	 1	 -42.6760	  173.7609
13.348	 2.12	 1	 -43.2274	  173.2105
13.348	 2.21	 2	 -42.0918	  173.8871
13.356	 2.66	 1	 -42.8559	  175.7218
13.358	 2.00	 2	 -42.1535	  173.9010
13.358	 2.02	 2	 -41.8002	  174.2562
13.359	 2.44	 1	 -42.2248	  173.5716
13.360	 2.00	 2	 -41.7801	  174.2513
13.360	 2.46	 1	 -41.8537	  174.1679
13.365	 2.32	 2	 -42.3042	  173.6438
13.374	 2.12	 1	 -41.4742	  174.3961
13.385	 2.32	 1	 -42.4872	  174.3626
13.386	 3.17	 6	 -41.5050	  174.1293
13.392	 3.80	 2	 -42.3005	  173.6622
13.400	 2.16	 1	 -41.8111	  174.1830
13.403	 2.15	 1	 -42.5004	  173.0115
13.405	 2.43	 3	 -40.7285	  173.7412
13.408	 2.26	 2	 -41.7955	  174.2574
13.408	 2.37	 2	 -42.0912	  173.9094
13.410	 2.15	 3	 -41.6327	  174.1727
13.411	 2.46	 2	 -42.4556	  173.5326
13.411	 2.53	 2	 -42.4312	  173.8194
13.412	 2.22	 2	 -42.4275	  172.8609
13.412	 2.15	 1	 -42.7722	  173.4784
13.413	 2.26	 1	 -42.4205	  173.1297
13.416	 2.54	 1	 -42.2565	  173.6637
13.423	 2.12	 4	 -45.3340	  173.7064
13.423	 2.65	 1	 -41.7135	  174.2867
13.426	 2.09	 2	 -41.7235	  174.1192
13.426	 3.38	 1	 -42.4514	  173.1409
13.435	 3.05	 1	 -42.5411	  173.3301
13.435	 3.16	 1	 -42.8644	  173.4419
13.436	 2.74	 2	 -41.6807	  173.7084
13.437	 2.08	 1	 -41.7751	  174.1156
13.439	 3.12	 1	 -43.0321	  173.1495
13.441	 2.66	 1	 -42.4293	  173.2610
13.441	 2.45	 1	 -41.7760	  174.1816
13.443	 3.07	 1	 -42.3291	  173.4774
13.453	 2.19	 1	 -42.6862	  172.9194
13.453	 2.48	 1	 -42.4224	  174.6607
13.453	 2.14	 1	 -42.6354	  176.6275
13.458	 2.79	 1	 -42.6833	  173.2384
13.459	 2.10	 1	 -41.7237	  174.1577
13.461	 2.41	 1	 -42.5621	  173.8837
13.462	 2.83	 1	 -42.4506	  173.7613
13.463	 2.32	 2	 -42.6653	  173.1188
13.468	 2.94	 3	 -42.4554	  173.5322
13.470	 3.84	 2	 -41.8856	  174.2852
13.474	 2.08	 1	 -42.2194	  173.9358
13.477	 2.64	 1	 -41.6886	  174.2912
13.479	 2.52	 1	 -42.3480	  173.9401
13.481	 3.00	 2	 -42.1095	  173.8259
13.485	 3.07	 2	 -42.2771	  173.7192
13.485	 2.00	 2	 -41.7985	  174.1787
13.486	 2.09	 2	 -42.3527	  173.0839
13.490	 2.12	 3	 -42.2547	  173.6835
13.490	 2.21	 1	 -42.6696	  173.2752
13.491	 3.09	 2	 -42.0985	  174.2781
13.492	 2.32	 2	 -42.3271	  173.3031
13.497	 2.96	 1	 -42.6574	  172.8014
13.500	 2.22	 2	 -42.3900	  173.8280
13.503	 2.15	 2	 -42.1412	  173.4620
13.503	 2.88	 1	 -42.1516	  174.6904
13.503	 2.19	 1	 -42.2796	  173.4351
13.505	 2.26	 1	 -42.6611	  172.9234
13.516	 2.43	 1	 -42.3013	  173.8036
13.521	 2.01	 3	 -42.0936	  173.9056
13.522	 2.18	 1	 -42.2691	  173.2367
13.522	 2.90	 1	 -41.1326	  171.1956
13.522	 2.55	 2	 -42.3573	  173.6288
13.524	 2.33	 1	 -42.1901	  170.7915
13.524	 2.18	 1	 -42.5560	  173.0725
13.536	 2.70	 3	 -41.8376	  173.6816
13.536	 2.16	 1	 -42.0801	  173.6405
13.544	 2.53	 1	 -41.8046	  173.9436
13.546	 2.66	 3	 -42.2305	  173.6741
13.546	 2.85	 2	 -42.3159	  173.6427
13.546	 2.39	 2	 -42.2673	  173.7202
13.547	 2.00	 1	 -42.4008	  173.4237
13.549	 2.12	 1	 -41.7203	  174.2821
13.551	 2.42	 2	 -42.2602	  173.6447
13.552	 2.02	 1	 -41.7206	  172.9394
13.552	 2.95	 1	 -41.6900	  174.3703
13.554	 2.04	 2	 -42.5374	  173.3287
13.555	 2.74	 1	 -41.6401	  174.2409
13.559	 2.10	 1	 -42.2243	  173.5959
13.561	 2.55	 1	 -42.5503	  173.1142
13.561	 2.58	 1	 -42.4168	  173.3829
13.562	 2.18	 1	 -43.2080	  172.4973
13.567	 2.28	 5	 -42.5805	  173.1372
13.573	 2.04	 3	 -41.7532	  174.0952
13.574	 2.29	 2	 -42.8165	  172.9811
13.578	 2.44	 1	 -42.4193	  173.5700
13.582	 2.09	 2	 -42.6633	  173.7227
13.586	 2.53	 2	 -41.9517	  174.5711
13.590	 2.00	 1	 -42.5861	  172.6335
13.592	 2.12	 1	 -42.3729	  173.9124
13.593	 2.16	 1	 -41.7209	  174.1624
13.595	 2.45	 1	 -43.2298	  172.2563
13.595	 2.08	 2	 -42.2567	  173.8019
13.602	 2.05	 3	 -41.9153	  174.3161
13.606	 2.67	 4	 -41.9838	  174.1380
13.607	 2.59	 1	 -41.7977	  174.2099
13.610	 2.86	 3	 -42.0508	  173.7620
13.613	 2.62	 1	 -42.4242	  173.9601
13.614	 2.40	 2	 -41.8487	  174.1628
13.616	 2.04	 1	 -42.5071	  173.1332
13.617	 2.97	 2	 -42.4624	  173.7115
13.631	 2.38	 3	 -47.0716	  172.2013
13.631	 2.06	 3	 -41.7271	  174.3165
13.631	 2.11	 2	 -42.3075	  173.7924
13.633	 2.18	 3	 -42.3268	  173.6472
13.634	 2.31	 1	 -40.8039	  174.6323
13.639	 2.31	 1	 -42.2505	  173.3669
13.642	 2.56	 2	 -42.0727	  173.8516
13.642	 3.44	 1	 -42.5346	  174.0674
13.642	 2.05	 1	 -41.6949	  174.2828
13.643	 2.45	 2	 -42.0273	  173.7975
13.643	 2.84	 1	 -41.7534	  174.3700
13.656	 3.04	 1	 -42.0704	  173.6274
13.658	 2.61	 4	 -42.5325	  173.0733
13.658	 2.01	 1	 -42.3899	  174.0398
13.661	 2.24	 1	 -42.5388	  173.7435
13.661	 2.59	 2	 -42.5923	  172.0272
13.663	 2.04	 2	 -42.5180	  173.0581
13.664	 2.26	 1	 -41.5487	  174.3797
13.667	 2.17	 1	 -41.7250	  174.2220
13.673	 2.60	 2	 -42.1587	  173.9528
13.674	 2.24	 2	 -41.8828	  173.6636
13.676	 2.16	 1	 -42.5432	  172.8470
13.681	 2.13	 1	 -42.6203	  173.3069
13.682	 2.43	 2	 -41.7486	  174.3516
13.686	 2.03	 2	 -41.5735	  174.2045
13.699	 2.11	 1	 -42.3634	  173.3782
13.705	 2.01	 3	 -42.2595	  173.6598
13.721	 2.10	 1	 -41.7617	  174.2813
13.729	 2.96	 2	 -41.7687	  174.2260
13.731	 2.38	 1	 -42.4468	  174.1127
13.738	 2.02	 1	 -42.2201	  173.6649
13.742	 2.12	 3	 -41.6609	  174.2292
13.745	 2.34	 2	 -42.0995	  173.9630
13.748	 2.96	 1	 -42.2513	  173.7103
13.748	 3.78	 4	 -42.5018	  173.0515
13.749	 2.87	 1	 -42.4175	  173.4832
13.750	 2.52	 1	 -42.2863	  173.8138
13.752	 2.12	 1	 -42.5068	  172.5608
13.753	 2.32	 1	 -41.7126	  174.2188
13.755	 2.76	 1	 -42.2020	  173.6833
13.757	 2.47	 1	 -41.7813	  172.7065
13.757	 3.30	 1	 -42.1905	  173.6210
13.757	 2.08	 2	 -42.4367	  173.7736
13.758	 2.76	 2	 -42.2488	  173.3434
13.758	 2.09	 1	 -42.5409	  173.1100
13.758	 2.60	 3	 -42.2599	  174.0068
13.760	 2.35	 1	 -41.9596	  174.0020
13.760	 3.03	 2	 -41.7741	  174.1154
13.760	 2.51	 1	 -41.6650	  174.3577
13.762	 2.48	 5	 -42.5666	  173.0564
13.766	 2.28	 1	 -41.6883	  174.3284
13.767	 4.20	 1	 -43.4348	  172.8149
13.770	 2.36	 1	 -42.6881	  173.0470
13.770	 2.03	 1	 -41.9949	  173.7372
13.774	 2.11	 1	 -41.6959	  172.0601
13.774	 2.59	 1	 -41.6283	  174.2994
13.776	 3.29	 1	 -42.1858	  173.7961
13.776	 2.16	 1	 -43.0661	  172.9667
13.780	 2.11	 5	 -42.5453	  173.3207
13.785	 2.07	 1	 -42.3060	  173.6252
13.785	 2.15	 3	 -42.1273	  173.7255
13.791	 2.62	 1	 -42.6540	  172.9397
13.798	 2.74	 2	 -42.1096	  173.9182
13.798	 2.04	 2	 -39.7219	  177.1836
13.801	 2.02	 1	 -42.0768	  173.8853
13.804	 3.05	 1	 -42.5356	  173.0206
13.806	 2.30	 1	 -42.4805	  173.1279
13.806	 3.10	 1	 -41.6486	  174.2290
13.806	 3.24	 2	 -43.4523	  172.8352
13.807	 2.51	 1	 -42.4607	  173.7227
13.810	 3.03	 3	 -42.2390	  173.6282
13.813	 2.99	 1	 -42.5341	  172.4641
13.818	 2.64	 1	 -43.1797	  173.4713
13.819	 2.82	 1	 -42.3021	  173.7163
13.823	 2.02	 1	 -42.4058	  172.9188
13.835	 3.11	 5	 -42.4642	  172.9548
13.837	 2.07	 1	 -42.6992	  174.1948
13.838	 2.09	 1	 -42.6091	  173.0218
13.838	 2.03	 1	 -42.2076	  173.2547
13.842	 2.70	 1	 -41.7086	  174.2838
13.844	 2.08	 5	 -41.7582	  174.2670
13.849	 2.06	 2	 -43.4352	  172.8161
13.852	 2.58	 1	 -42.3531	  173.8338
13.855	 2.34	 3	 -42.4151	  173.7543
13.856	 2.05	 2	 -44.0350	  172.3125
13.856	 2.22	 2	 -42.6971	  173.4954
13.857	 2.33	 1	 -42.7456	  172.9624
13.862	 2.91	 1	 -42.7235	  173.1068
13.865	 2.07	 2	 -41.4814	  174.4970
13.867	 2.15	 1	 -42.3331	  173.3353
13.870	 2.03	 2	 -41.7238	  174.2998
13.874	 2.01	 2	 -41.6360	  174.1930
13.874	 2.12	 1	 -42.5083	  173.6547
13.874	 2.03	 1	 -42.1078	  173.8637
13.876	 2.25	 1	 -42.6414	  173.0527
13.878	 2.08	 1	 -42.3393	  173.8663
13.881	 2.67	 1	 -42.7371	  173.0915
13.886	 2.16	 1	 -42.3285	  171.8035
13.886	 2.88	 1	 -42.3222	  173.7706
13.887	 2.03	 2	 -42.0936	  173.8572
13.889	 2.32	 1	 -42.6342	  173.2016
13.889	 5.33	 1	 -42.6617	  172.9798
13.889	 3.07	 2	 -42.6595	  172.8576
13.890	 2.30	 2	 -42.8666	  172.8915
13.890	 2.52	 2	 -42.5826	  173.0095
13.895	 2.15	 2	 -42.6559	  173.0016
13.898	 2.85	 2	 -42.6453	  173.1260
13.899	 2.14	 2	 -42.9224	  173.4608
13.899	 2.03	 2	 -42.1711	  173.7133
13.900	 2.27	 2	 -42.8463	  172.6480
13.901	 2.13	 2	 -42.6684	  172.9850
13.903	 2.01	 1	 -41.9826	  173.8484
13.904	 2.89	 1	 -42.7150	  173.0219
13.905	 3.89	 1	 -43.1023	  179.1145
13.905	 2.20	 2	 -42.6726	  172.9657
13.906	 2.21	 2	 -42.6505	  173.0197
13.908	 2.09	 2	 -42.6597	  173.0972
13.914	 2.17	 1	 -42.8375	  173.0491
13.914	 2.52	 1	 -41.9368	  172.7635
13.914	 2.54	 1	 -42.1135	  173.6346
13.916	 2.60	 2	 -43.4516	  172.8118
13.917	 2.18	 1	 -42.5079	  172.8183
13.918	 2.82	 2	 -42.0893	  174.2008
13.919	 2.57	 3	 -41.6607	  174.2399
13.924	 3.03	 2	 -42.6063	  172.9758
13.926	 2.41	 2	 -42.7135	  173.1006
13.932	 2.47	 2	 -42.5461	  173.3784
13.934	 2.77	 1	 -41.6743	  174.2589
13.940	 2.23	 1	 -42.4422	  173.2067
13.942	 2.04	 1	 -42.0902	  173.6531
13.942	 2.45	 1	 -41.3164	  175.0215
13.942	 2.01	 1	 -43.0110	  173.3831
13.943	 2.37	 2	 -42.4306	  173.5830
13.945	 2.12	 1	 -42.0714	  173.8005
13.945	 2.15	 2	 -42.6513	  172.9576
13.948	 2.00	 2	 -42.7632	  172.8636
13.948	 2.17	 1	 -42.6352	  173.1265
13.948	 3.02	 2	 -42.6490	  172.9628
13.955	 2.28	 1	 -42.0046	  173.7714
13.955	 2.90	 2	 -42.1811	  173.6224
13.955	 2.65	 1	 -41.8561	  174.2894
13.960	 2.11	 2	 -42.4202	  173.8209
13.962	 2.94	 1	 -42.4770	  173.5801
13.965	 2.21	 1	 -42.4931	  173.2993
13.968	 3.55	 3	 -42.5699	  173.1602
13.968	 2.15	 2	 -42.6428	  172.9478
13.969	 2.10	 2	 -42.6273	  173.0704
13.975	 2.19	 1	 -42.4068	  173.1254
13.978	 2.34	 3	 -41.7827	  173.0822
13.978	 2.80	 1	 -42.5506	  173.6314
13.982	 2.14	 3	 -41.9576	  174.2999
13.984	 2.03	 1	 -42.4722	  176.4509
13.984	 2.14	 4	 -42.5693	  173.1598
13.986	 2.27	 1	 -42.8747	  169.4664
13.987	 2.45	 1	 -41.6914	  174.2084
13.992	 2.70	 1	 -42.4637	  173.2537
13.993	 2.76	 1	 -42.4322	  173.8599
13.993	 2.31	 1	 -42.2244	  173.6807
13.994	 3.22	 1	 -42.4213	  174.0371
13.995	 2.48	 1	 -41.7352	  174.3261
13.995	 2.21	 2	 -42.2457	  173.6321
13.996	 2.67	 2	 -42.6727	  172.9815
13.998	 2.30	 2	 -42.1799	  173.8074
13.999	 2.64	 3	 -42.2416	  173.6422
14.000	 2.60	 3	 -42.6245	  172.9691
