# Simulation 118
# RelativeTime(days) Magnitude Generation Latitude Longitude
Time Mag Gen Lat Lon
0.500	 2.59	 1	 -41.7074	  174.2952
0.501	 3.31	 1	 -42.7014	  172.6415
0.501	 2.48	 1	 -41.4347	  174.0566
0.501	 2.02	 1	 -42.3667	  173.5601
0.501	 2.05	 1	 -42.2302	  173.6013
0.501	 2.27	 1	 -41.7813	  174.2467
0.501	 2.16	 1	 -38.5511	  170.6389
0.501	 2.14	 1	 -42.6907	  173.0892
0.501	 2.38	 1	 -41.6747	  174.0421
0.502	 2.03	 1	 -42.6497	  172.7879
0.502	 2.29	 1	 -41.6842	  174.3589
0.502	 2.35	 1	 -42.4620	  173.1950
0.502	 2.07	 1	 -42.1163	  173.7532
0.503	 2.26	 1	 -41.6764	  174.2613
0.503	 2.27	 1	 -42.6448	  172.8283
0.503	 2.06	 1	 -42.0867	  173.4207
0.503	 2.37	 1	 -41.6972	  174.3010
0.504	 2.05	 1	 -42.3117	  173.4420
0.504	 2.52	 1	 -42.7811	  173.2003
0.505	 2.94	 1	 -41.8108	  174.1605
0.505	 2.23	 1	 -41.8468	  174.2098
0.505	 2.16	 1	 -42.7811	  173.3786
0.505	 2.39	 1	 -44.0634	  173.4611
0.505	 2.34	 1	 -42.3697	  173.8931
0.506	 2.44	 1	 -42.6777	  173.0050
0.507	 2.05	 1	 -42.3620	  174.0059
0.507	 2.61	 1	 -41.9586	  173.8595
0.507	 2.47	 1	 -41.8616	  174.3094
0.507	 2.09	 1	 -42.2097	  173.6547
0.507	 2.28	 1	 -42.8247	  172.1847
0.507	 2.33	 1	 -42.2774	  172.8645
0.507	 2.27	 1	 -41.8329	  174.2229
0.508	 2.00	 1	 -42.6659	  172.8822
0.508	 3.69	 1	 -42.1998	  174.0921
0.508	 2.32	 1	 -42.0068	  174.7482
0.508	 2.02	 1	 -41.9386	  173.6586
0.508	 2.23	 1	 -41.6852	  174.2635
0.508	 2.62	 1	 -42.7859	  172.8160
0.508	 3.20	 1	 -41.7256	  174.2997
0.508	 2.19	 1	 -42.0534	  173.6870
0.509	 2.00	 1	 -41.8480	  174.1426
0.509	 2.51	 1	 -41.7860	  175.3352
0.509	 2.21	 1	 -43.6603	  174.7226
0.509	 2.20	 1	 -41.8722	  174.2138
0.509	 2.43	 1	 -42.0731	  173.7186
0.509	 2.86	 1	 -42.4107	  173.5406
0.510	 2.01	 1	 -42.2486	  173.6048
0.510	 2.61	 1	 -41.8608	  173.9397
0.510	 2.13	 1	 -42.0354	  173.7686
0.510	 2.08	 1	 -42.5483	  173.1608
0.510	 2.41	 1	 -41.8206	  174.2229
0.510	 2.38	 1	 -42.9147	  172.9509
0.510	 2.98	 1	 -41.7843	  173.9384
0.510	 2.07	 1	 -41.7536	  174.2383
0.510	 2.11	 1	 -41.6560	  174.1430
0.511	 2.60	 1	 -42.2177	  173.6406
0.511	 2.15	 1	 -42.5040	  173.9291
0.511	 2.60	 1	 -42.0381	  173.8264
0.512	 2.78	 1	 -42.5623	  172.7087
0.512	 2.57	 1	 -42.0069	  173.8069
0.512	 2.25	 1	 -42.6844	  172.8845
0.512	 2.59	 1	 -42.7359	  173.1416
0.512	 2.69	 1	 -42.0556	  173.6738
0.512	 2.05	 1	 -42.5868	  172.8022
0.513	 2.27	 1	 -42.2724	  173.6971
0.514	 2.34	 1	 -42.2641	  174.0320
0.514	 3.25	 1	 -41.5150	  175.0347
0.514	 2.09	 1	 -41.8173	  174.2562
0.514	 2.03	 1	 -41.6802	  174.1831
0.514	 2.33	 1	 -42.1436	  173.9978
0.515	 2.07	 1	 -41.7883	  174.2931
0.515	 2.21	 1	 -42.5332	  173.9366
0.515	 2.55	 1	 -41.8726	  174.0773
0.515	 2.55	 1	 -42.3135	  173.7283
0.515	 2.33	 1	 -41.8446	  174.2090
0.515	 2.75	 1	 -42.3782	  173.5531
0.516	 2.26	 1	 -41.8721	  173.9579
0.516	 2.34	 1	 -41.6454	  174.1140
0.516	 2.50	 1	 -42.6643	  172.7063
0.516	 2.01	 1	 -42.3346	  173.4553
0.516	 2.11	 1	 -42.9353	  172.8094
0.516	 2.45	 1	 -42.4914	  173.7547
0.516	 2.24	 1	 -42.2557	  173.7018
0.517	 2.20	 1	 -42.2208	  172.9953
0.517	 2.06	 1	 -41.8461	  174.1022
0.517	 2.25	 1	 -42.7420	  173.0227
0.517	 3.03	 1	 -41.9886	  173.7325
0.517	 3.13	 1	 -42.9144	  174.5152
0.518	 2.01	 1	 -42.4093	  174.0504
0.518	 2.30	 1	 -41.8415	  174.2351
0.518	 4.17	 1	 -41.7954	  174.3164
0.518	 2.75	 1	 -41.7300	  174.2652
0.518	 2.23	 1	 -41.6966	  174.1665
0.519	 2.27	 1	 -42.3483	  173.8360
0.519	 2.06	 1	 -41.7431	  173.9357
0.519	 2.29	 1	 -42.6143	  172.9142
0.519	 2.60	 1	 -42.8432	  172.8465
0.519	 2.53	 1	 -41.6244	  174.2646
0.519	 2.51	 1	 -42.0429	  173.4261
0.520	 2.03	 1	 -41.7976	  174.2909
0.520	 2.54	 1	 -41.8115	  174.1900
0.520	 2.26	 1	 -42.2536	  174.1946
0.520	 2.13	 1	 -41.7399	  174.2852
0.520	 2.12	 1	 -42.0590	  173.6510
0.520	 2.62	 1	 -43.1248	  173.8598
0.520	 2.49	 1	 -42.3405	  173.5962
0.521	 2.12	 1	 -42.3200	  173.4755
0.521	 2.41	 1	 -42.2800	  171.5653
0.521	 2.23	 1	 -42.4030	  173.7802
0.521	 2.04	 1	 -41.4906	  174.2838
0.522	 2.44	 1	 -42.0315	  173.5684
0.522	 2.81	 1	 -42.6801	  172.8186
0.523	 2.40	 1	 -42.4887	  173.1425
0.523	 2.31	 1	 -42.1605	  173.6750
0.523	 2.18	 1	 -42.5166	  173.7860
0.523	 2.63	 1	 -41.8476	  173.8596
0.524	 2.18	 1	 -42.3239	  173.7038
0.524	 2.58	 1	 -42.1309	  173.7884
0.525	 2.81	 1	 -42.1540	  173.4366
0.525	 2.03	 1	 -42.2712	  173.6743
0.525	 2.09	 1	 -42.3601	  173.7713
0.525	 2.07	 1	 -41.9189	  174.2443
0.525	 3.00	 1	 -42.2795	  173.9045
0.525	 2.02	 1	 -42.5025	  173.7883
0.526	 2.43	 1	 -42.7930	  172.8568
0.526	 2.17	 1	 -41.7447	  174.3099
0.526	 2.27	 1	 -42.0789	  173.6915
0.526	 2.99	 1	 -42.8576	  173.1690
0.526	 2.02	 1	 -42.2226	  173.5769
0.526	 2.29	 1	 -41.7127	  174.2637
0.526	 2.10	 1	 -42.1758	  174.0182
0.526	 2.31	 1	 -41.1812	  174.2921
0.526	 2.30	 1	 -42.4640	  173.7572
0.527	 2.52	 1	 -42.3637	  173.0839
0.527	 2.42	 1	 -41.7533	  174.1950
0.527	 2.38	 1	 -41.8782	  173.7648
0.527	 2.11	 1	 -42.3080	  173.9065
0.527	 2.43	 1	 -42.1911	  173.6454
0.527	 2.62	 1	 -42.6216	  172.7804
0.527	 2.04	 1	 -41.7570	  174.1957
0.527	 2.26	 1	 -42.5329	  172.9749
0.527	 2.16	 1	 -42.3601	  174.0640
0.528	 2.30	 1	 -42.0424	  173.6849
0.528	 2.15	 1	 -40.8302	  173.9523
0.528	 2.03	 1	 -42.3951	  173.9551
0.528	 2.40	 1	 -41.9547	  173.7274
0.529	 2.08	 1	 -42.5469	  173.0953
0.529	 2.69	 1	 -42.4400	  173.2854
0.529	 2.89	 1	 -42.2917	  173.5636
0.529	 2.79	 1	 -42.6325	  172.7183
0.529	 3.13	 1	 -42.6111	  172.9012
0.529	 2.13	 1	 -42.3867	  173.5752
0.529	 2.56	 1	 -42.5660	  173.6223
0.530	 2.27	 1	 -41.8202	  174.1357
0.530	 2.21	 1	 -42.4252	  173.8868
0.530	 2.66	 1	 -42.3249	  173.4559
0.530	 2.26	 1	 -41.4034	  174.9808
0.530	 2.52	 1	 -42.1676	  173.5838
0.530	 2.44	 1	 -42.0868	  172.9178
0.530	 2.50	 1	 -42.6991	  172.9173
0.531	 2.55	 1	 -42.1083	  173.7290
0.531	 4.51	 1	 -42.3366	  173.9373
0.532	 2.57	 1	 -42.2387	  173.6373
0.532	 2.13	 1	 -42.4463	  172.9966
0.532	 2.09	 1	 -41.8116	  174.2066
0.532	 2.05	 1	 -41.8284	  173.6901
0.532	 2.17	 1	 -41.8148	  174.1966
0.532	 2.06	 1	 -41.6833	  174.2237
0.532	 2.54	 1	 -42.0334	  173.7721
0.533	 2.31	 1	 -42.1759	  173.5461
0.533	 2.31	 1	 -42.5976	  173.8829
0.533	 2.33	 1	 -42.1071	  172.8277
0.533	 2.21	 1	 -42.2284	  173.6178
0.533	 2.70	 1	 -42.0939	  172.9070
0.533	 2.08	 1	 -42.7139	  172.6997
0.534	 2.09	 1	 -41.9538	  173.7494
0.534	 2.20	 1	 -42.9381	  172.8031
0.534	 2.06	 1	 -42.2643	  173.6742
0.534	 2.87	 1	 -41.7073	  174.2805
0.534	 2.22	 1	 -42.2424	  173.6159
0.535	 2.04	 1	 -41.9584	  174.0705
0.535	 2.25	 1	 -41.2677	  175.3647
0.536	 2.28	 1	 -38.3646	  170.6069
0.536	 2.02	 1	 -42.0820	  173.8387
0.536	 2.15	 1	 -41.9643	  173.7764
0.536	 4.21	 1	 -42.3414	  173.5706
0.536	 2.63	 1	 -42.6401	  172.8876
0.536	 3.03	 1	 -42.7019	  172.6524
0.536	 2.85	 1	 -42.9368	  174.9641
0.537	 2.16	 1	 -41.8697	  174.3362
0.537	 2.70	 1	 -42.3322	  173.1165
0.537	 2.28	 1	 -42.2142	  173.6620
0.537	 2.25	 1	 -41.7082	  174.2416
0.538	 2.39	 1	 -41.9906	  174.1607
0.538	 2.55	 1	 -42.3082	  173.0179
0.538	 2.25	 1	 -41.8113	  174.2070
0.538	 2.26	 1	 -42.5914	  172.8633
0.539	 3.61	 1	 -41.9113	  174.1295
0.539	 2.16	 1	 -42.3322	  173.9065
0.539	 2.05	 1	 -42.2219	  173.6345
0.539	 2.13	 1	 -42.2724	  173.7576
0.539	 2.77	 1	 -42.3803	  173.6258
0.539	 2.21	 1	 -42.0146	  173.7297
0.540	 4.89	 1	 -41.6966	  173.8432
0.540	 2.10	 1	 -42.3741	  173.6922
0.541	 3.20	 1	 -41.4793	  174.5620
0.541	 2.89	 1	 -41.7896	  174.0599
0.541	 2.17	 1	 -42.6899	  172.4403
0.542	 2.82	 1	 -40.5635	  175.8657
0.542	 2.14	 1	 -41.8183	  174.2646
0.542	 2.06	 1	 -41.7675	  174.2325
0.542	 2.24	 1	 -42.1649	  173.8178
0.542	 2.24	 1	 -42.8961	  173.1205
0.542	 2.14	 1	 -42.1109	  172.8970
0.542	 2.67	 1	 -42.1613	  173.5263
0.542	 2.52	 1	 -41.8754	  173.6047
0.542	 2.77	 1	 -42.0502	  173.7640
0.543	 2.18	 1	 -41.5568	  174.6370
0.543	 2.86	 1	 -41.8100	  174.0138
0.543	 2.15	 2	 -41.6694	  173.9725
0.544	 2.30	 1	 -42.9240	  173.7645
0.544	 2.59	 1	 -42.1001	  173.8693
0.544	 2.78	 1	 -41.7120	  174.2063
0.544	 2.03	 1	 -42.2614	  173.6963
0.544	 2.07	 1	 -41.7965	  174.2241
0.545	 2.01	 1	 -42.6479	  172.9029
0.545	 2.09	 1	 -41.7841	  174.2395
0.545	 2.39	 1	 -42.6520	  173.1799
0.545	 2.48	 1	 -41.5524	  174.3413
0.545	 2.23	 1	 -42.6893	  172.9241
0.545	 2.73	 1	 -41.9759	  173.6943
0.545	 2.60	 1	 -42.0682	  173.6978
0.546	 2.26	 1	 -42.5585	  172.8620
0.546	 2.37	 1	 -42.4908	  173.1191
0.546	 2.03	 1	 -41.9218	  174.0933
0.546	 3.10	 1	 -42.3573	  173.1264
0.547	 2.24	 1	 -41.7778	  174.2645
0.547	 2.41	 1	 -42.0603	  173.6696
0.547	 2.31	 1	 -43.3605	  172.9094
0.548	 2.76	 1	 -42.3372	  173.6314
0.548	 2.07	 1	 -41.7345	  174.2309
0.549	 2.20	 1	 -42.6759	  172.7755
0.549	 3.04	 1	 -42.2796	  173.5786
0.549	 2.04	 1	 -42.5895	  173.2399
0.549	 2.23	 1	 -42.4022	  173.6815
0.549	 2.05	 1	 -42.2334	  173.6121
0.549	 2.37	 1	 -41.7272	  174.2809
0.549	 2.04	 1	 -41.7770	  174.1126
0.550	 2.55	 1	 -42.9419	  172.7678
0.550	 2.12	 1	 -42.4373	  173.3286
0.550	 2.41	 1	 -41.6951	  174.2411
0.550	 2.02	 2	 -42.6804	  172.8206
0.550	 2.01	 1	 -42.5346	  173.0001
0.551	 2.30	 1	 -42.2801	  173.5370
0.551	 2.28	 1	 -42.2370	  173.4762
0.551	 2.57	 1	 -43.9202	  174.2464
0.551	 2.49	 1	 -42.3694	  173.5596
0.552	 2.58	 1	 -42.0215	  173.5914
0.552	 2.50	 1	 -42.3599	  173.4658
0.552	 2.15	 1	 -42.2846	  173.9603
0.552	 2.10	 1	 -42.7177	  172.7342
0.553	 2.36	 1	 -42.5982	  172.9879
0.553	 2.63	 1	 -42.2736	  172.7211
0.553	 2.02	 1	 -41.7607	  174.1943
0.553	 2.79	 1	 -42.2705	  173.3950
0.553	 3.04	 1	 -42.3497	  173.6713
0.554	 2.14	 1	 -42.3774	  173.6209
0.554	 2.07	 1	 -41.7960	  174.1936
0.554	 2.20	 1	 -42.7593	  173.0768
0.554	 2.18	 1	 -42.2744	  173.7553
0.554	 3.04	 1	 -42.4595	  173.6417
0.554	 2.54	 1	 -42.1363	  173.6747
0.555	 2.65	 1	 -39.6646	  170.4507
0.555	 2.09	 1	 -42.4006	  173.0304
0.555	 2.14	 1	 -42.1424	  173.5976
0.556	 2.12	 1	 -42.0589	  173.7263
0.556	 2.19	 1	 -42.6071	  172.7919
0.556	 2.20	 1	 -42.0455	  172.7658
0.556	 2.10	 1	 -43.0301	  173.0603
0.556	 2.39	 1	 -41.7621	  174.2178
0.556	 2.12	 1	 -42.4125	  173.8977
0.556	 2.20	 1	 -42.5025	  173.8043
0.556	 2.47	 1	 -41.8468	  174.1994
0.557	 2.53	 1	 -42.6597	  172.8700
0.557	 2.05	 1	 -42.4842	  173.7482
0.557	 2.15	 1	 -42.3712	  173.2711
0.557	 3.19	 1	 -42.5445	  173.8577
0.558	 2.41	 1	 -42.6700	  172.8621
0.558	 3.76	 1	 -42.4848	  173.8143
0.558	 2.22	 1	 -41.7263	  174.1968
0.558	 2.18	 1	 -42.7762	  172.7189
0.559	 2.20	 1	 -41.7389	  174.3371
0.559	 2.89	 1	 -42.3711	  173.9617
0.559	 2.10	 1	 -41.9333	  174.0206
0.559	 2.24	 1	 -42.6116	  173.3823
0.559	 2.06	 1	 -42.6636	  172.7633
0.559	 2.14	 1	 -41.7426	  174.3000
0.559	 2.42	 1	 -42.9231	  172.7509
0.560	 2.26	 1	 -42.2215	  173.5154
0.560	 2.04	 1	 -42.6607	  172.9191
0.560	 2.34	 1	 -41.7356	  174.3063
0.560	 2.17	 1	 -41.9813	  174.0058
0.560	 2.10	 1	 -42.6632	  173.0124
0.560	 2.04	 1	 -42.5126	  173.6587
0.561	 2.04	 1	 -42.4692	  173.8257
0.561	 2.26	 1	 -42.3319	  173.8177
0.561	 2.60	 1	 -42.3253	  173.9156
0.561	 2.44	 1	 -41.7870	  174.3131
0.562	 2.12	 1	 -41.8594	  173.7065
0.562	 2.49	 1	 -42.4237	  173.8180
0.562	 2.87	 1	 -42.2637	  173.8667
0.563	 2.11	 1	 -42.2554	  173.6994
0.563	 2.05	 1	 -41.8240	  174.1856
0.563	 2.26	 1	 -42.5812	  173.4508
0.563	 2.19	 1	 -41.7793	  173.5364
0.563	 2.02	 1	 -42.3287	  173.0733
0.564	 2.80	 1	 -42.5751	  173.1395
0.564	 2.58	 1	 -42.3066	  173.6520
0.565	 2.96	 1	 -42.1803	  173.4232
0.565	 2.46	 1	 -42.6842	  172.7064
0.565	 2.27	 1	 -41.9959	  173.6988
0.565	 3.27	 1	 -42.8275	  173.7902
0.566	 2.09	 1	 -42.0569	  173.7912
0.566	 2.06	 1	 -42.5254	  173.7908
0.566	 2.54	 1	 -41.9866	  174.0600
0.566	 2.35	 1	 -42.7581	  172.6052
0.566	 2.08	 1	 -42.6453	  173.0583
0.567	 2.61	 1	 -41.6839	  174.2054
0.567	 2.25	 1	 -42.4872	  173.7016
0.567	 3.79	 1	 -42.4877	  173.3579
0.567	 2.16	 1	 -42.4167	  173.2818
0.567	 2.26	 1	 -41.9189	  174.0552
0.567	 2.45	 1	 -42.0917	  172.9213
0.568	 2.33	 1	 -41.9261	  173.6391
0.568	 3.46	 1	 -42.3878	  173.8623
0.568	 2.26	 1	 -42.1854	  173.5376
0.569	 2.27	 1	 -42.3594	  173.6985
0.569	 2.50	 1	 -42.3150	  173.9936
0.570	 2.08	 1	 -42.2992	  173.6372
0.570	 2.17	 1	 -42.2927	  173.5751
0.570	 2.15	 1	 -42.1688	  173.9700
0.570	 2.50	 1	 -42.2196	  175.3400
0.570	 2.19	 1	 -42.2590	  174.2223
0.572	 2.44	 1	 -41.9189	  173.4733
0.572	 2.28	 1	 -41.9449	  174.0727
0.572	 2.74	 1	 -41.9669	  174.0532
0.572	 2.26	 1	 -41.6130	  174.3296
0.573	 3.77	 1	 -41.7303	  174.2151
0.573	 2.01	 1	 -41.9549	  173.9066
0.573	 2.68	 1	 -41.4496	  174.3324
0.574	 2.38	 1	 -41.6858	  174.2838
0.574	 2.83	 1	 -42.4285	  173.8550
0.575	 3.38	 1	 -42.3647	  174.0411
0.575	 2.26	 1	 -42.5311	  173.3548
0.575	 3.45	 1	 -43.4829	  172.8181
0.575	 2.42	 2	 -41.9802	  174.0121
0.575	 2.08	 1	 -41.6716	  174.1762
0.576	 2.70	 1	 -42.0523	  173.6602
0.576	 2.12	 1	 -42.5315	  173.7165
0.576	 2.06	 1	 -42.7215	  173.2149
0.577	 2.06	 1	 -42.9167	  172.7896
0.577	 2.41	 1	 -41.9674	  173.7589
0.577	 2.56	 1	 -41.9702	  174.0204
0.577	 2.42	 1	 -42.9865	  173.2426
0.578	 2.13	 1	 -42.2986	  173.8644
0.579	 2.42	 1	 -41.9822	  174.1364
0.579	 2.26	 1	 -41.7003	  174.2407
0.579	 2.09	 1	 -42.7982	  172.4012
0.579	 2.00	 1	 -42.2680	  174.0833
0.579	 2.35	 1	 -41.7610	  174.2497
0.580	 2.08	 1	 -42.6999	  173.1131
0.580	 2.04	 1	 -42.2925	  173.1618
0.580	 2.74	 1	 -41.7719	  174.3325
0.580	 2.44	 1	 -41.8590	  174.0087
0.580	 2.60	 1	 -42.0692	  173.6282
0.581	 2.57	 1	 -42.1031	  174.0488
0.581	 2.71	 1	 -42.0327	  173.6506
0.581	 2.04	 1	 -42.3106	  173.9818
0.581	 2.66	 1	 -42.3341	  173.8823
0.581	 2.29	 1	 -42.2472	  173.4276
0.581	 3.42	 1	 -42.1931	  173.8967
0.581	 2.33	 1	 -42.6954	  172.5471
0.581	 2.20	 1	 -42.7144	  172.7722
0.582	 2.45	 1	 -42.8253	  172.7962
0.582	 2.06	 1	 -42.3988	  173.9898
0.582	 2.06	 1	 -42.1041	  173.5754
0.583	 2.15	 1	 -42.1937	  173.5992
0.583	 3.45	 1	 -42.6490	  174.1362
0.583	 2.07	 1	 -42.3875	  174.1442
0.583	 2.02	 1	 -41.6428	  174.3438
0.583	 2.11	 2	 -41.7037	  173.8302
0.583	 2.08	 1	 -42.2512	  173.1892
0.583	 2.36	 1	 -42.3648	  173.7268
0.584	 2.55	 1	 -41.9770	  173.7511
0.584	 2.43	 1	 -42.1611	  173.5249
0.584	 2.36	 1	 -42.2834	  173.6042
0.584	 2.14	 1	 -41.9961	  173.6222
0.585	 2.18	 1	 -42.4277	  173.1463
0.585	 2.11	 1	 -42.3961	  173.1615
0.585	 3.03	 1	 -42.5750	  173.1273
0.585	 2.08	 1	 -42.8587	  173.1710
0.585	 2.64	 1	 -42.4617	  174.1981
0.586	 2.69	 1	 -41.5094	  173.4941
0.586	 2.55	 1	 -42.5148	  173.4861
0.586	 2.21	 1	 -42.5559	  173.3931
0.586	 2.39	 1	 -41.7764	  174.1924
0.586	 2.65	 1	 -43.6323	  173.2398
0.586	 2.02	 1	 -42.2641	  173.6628
0.587	 2.33	 1	 -42.6816	  172.8503
0.587	 2.02	 1	 -41.8031	  174.2159
0.587	 2.20	 1	 -42.3888	  173.6067
0.587	 2.13	 1	 -42.5116	  173.2198
0.587	 2.05	 1	 -41.7672	  174.2171
0.587	 2.33	 2	 -41.7452	  173.9134
0.588	 2.42	 1	 -42.7183	  172.8652
0.588	 2.06	 1	 -41.7304	  174.2530
0.588	 2.11	 1	 -42.5745	  173.1328
0.588	 2.69	 1	 -42.9630	  172.9197
0.588	 2.55	 1	 -42.1910	  173.5931
0.589	 2.18	 1	 -42.3604	  173.0704
0.589	 2.21	 1	 -42.1274	  173.7384
0.590	 2.02	 1	 -41.9878	  174.3350
0.590	 2.29	 1	 -42.0855	  172.8901
0.591	 2.31	 1	 -41.7348	  174.3548
0.591	 2.38	 1	 -42.3634	  174.0115
0.591	 3.01	 1	 -42.6045	  172.9755
0.591	 2.66	 1	 -42.2805	  173.2429
0.592	 2.41	 1	 -41.8256	  174.1764
0.592	 2.22	 1	 -41.8193	  174.7572
0.593	 2.22	 1	 -42.3102	  174.5186
0.593	 3.23	 1	 -42.2217	  173.6877
0.594	 2.77	 1	 -42.1564	  173.7269
0.594	 2.46	 1	 -42.2882	  173.6338
0.594	 2.03	 1	 -41.8115	  174.2337
0.595	 2.64	 1	 -42.3358	  174.0597
0.595	 2.09	 2	 -41.6801	  174.3116
0.595	 2.37	 1	 -42.4929	  173.1978
0.595	 2.18	 1	 -42.1328	  173.8146
0.596	 2.15	 1	 -41.8155	  173.9830
0.596	 2.02	 1	 -42.3473	  173.0955
0.596	 2.51	 1	 -41.6241	  174.0570
0.596	 2.66	 2	 -42.1548	  173.7208
0.596	 2.21	 1	 -42.4318	  173.5784
0.597	 2.11	 1	 -42.3266	  173.4796
0.597	 2.13	 1	 -42.2847	  173.7540
0.597	 2.47	 1	 -42.1246	  173.5367
0.598	 2.32	 1	 -41.8073	  174.2218
0.598	 2.29	 1	 -42.4002	  173.5742
0.598	 2.38	 1	 -42.5787	  173.3342
0.598	 2.44	 1	 -42.2483	  173.4408
0.598	 2.20	 1	 -42.1243	  172.9033
0.598	 2.17	 1	 -41.7861	  174.3132
0.598	 2.35	 1	 -42.3387	  173.9052
0.599	 2.07	 1	 -42.8318	  173.3416
0.599	 2.32	 1	 -42.6691	  172.6779
0.599	 3.12	 1	 -41.7934	  174.2225
0.599	 2.11	 1	 -42.0528	  173.7880
0.599	 2.05	 1	 -42.3403	  173.4404
0.599	 2.50	 1	 -41.6276	  174.3591
0.599	 2.16	 1	 -42.3794	  173.7168
0.600	 2.11	 1	 -42.6415	  173.0852
0.600	 2.14	 1	 -41.8754	  173.8129
0.600	 2.04	 1	 -42.1219	  173.7044
0.600	 2.26	 2	 -41.7205	  174.3075
0.600	 2.81	 1	 -42.5216	  172.9541
0.601	 2.01	 1	 -42.2368	  173.6744
0.601	 2.98	 1	 -41.8273	  174.3117
0.601	 2.02	 1	 -41.8160	  173.8530
0.601	 2.13	 1	 -42.1922	  173.6072
0.602	 2.04	 1	 -42.1984	  173.7573
0.602	 2.04	 1	 -41.9257	  174.0162
0.602	 2.77	 2	 -43.3564	  172.9028
0.603	 3.15	 1	 -41.7881	  174.3795
0.604	 2.55	 1	 -42.4184	  172.9435
0.604	 2.04	 1	 -42.3005	  173.8537
0.604	 2.17	 1	 -41.9020	  173.6118
0.604	 2.31	 1	 -42.2625	  173.6549
0.604	 2.05	 1	 -42.5448	  173.2863
0.604	 2.57	 1	 -41.7523	  174.2526
0.605	 2.15	 1	 -41.9674	  174.0610
0.605	 2.21	 1	 -42.3027	  174.0850
0.605	 2.58	 1	 -41.6683	  174.2127
0.605	 2.16	 1	 -41.8391	  174.7507
0.606	 2.25	 1	 -42.5915	  172.7713
0.606	 2.08	 1	 -42.2996	  173.6032
0.606	 2.03	 1	 -42.3626	  173.4430
0.607	 2.80	 1	 -39.2450	  169.0945
0.607	 2.23	 1	 -41.1851	  173.8451
0.607	 2.13	 1	 -42.3702	  173.7164
0.608	 2.21	 1	 -42.7132	  173.1269
0.608	 2.18	 1	 -42.2650	  173.4665
0.608	 2.58	 1	 -42.2829	  173.6339
0.610	 2.78	 1	 -42.4777	  172.9951
0.610	 2.17	 1	 -42.4740	  173.6609
0.610	 2.26	 1	 -42.3246	  174.0178
0.610	 2.11	 1	 -41.7234	  174.0993
0.611	 2.03	 1	 -42.4236	  173.3598
0.611	 2.35	 1	 -41.8270	  173.9131
0.611	 3.74	 1	 -42.2875	  173.1000
0.612	 2.28	 1	 -41.6902	  174.2805
0.612	 2.39	 1	 -44.8493	  171.9512
0.613	 2.05	 1	 -41.7977	  174.4472
0.614	 2.70	 1	 -42.7379	  173.0547
0.614	 2.87	 1	 -42.1246	  173.6323
0.614	 2.23	 1	 -41.7092	  174.2606
0.614	 2.73	 1	 -41.3029	  176.4685
0.615	 2.41	 1	 -42.2601	  173.6235
0.615	 2.66	 1	 -42.7066	  172.9648
0.616	 2.57	 1	 -42.6445	  173.0560
0.616	 2.50	 1	 -41.8210	  174.1075
0.616	 2.31	 1	 -38.2470	  173.8268
0.616	 2.68	 1	 -41.7251	  174.3303
0.617	 2.28	 1	 -41.7692	  174.3626
0.617	 2.15	 1	 -42.8441	  172.3479
0.617	 2.27	 1	 -42.4295	  173.1992
0.618	 2.19	 1	 -41.7536	  173.9144
0.619	 2.22	 1	 -42.7088	  173.2772
0.619	 2.40	 1	 -41.6761	  173.6733
0.619	 2.74	 1	 -42.3041	  173.6509
0.619	 2.21	 1	 -42.3439	  173.6878
0.619	 2.11	 1	 -42.2525	  173.1047
0.619	 2.55	 1	 -42.6427	  172.7453
0.619	 2.37	 1	 -43.4996	  174.0838
0.620	 2.16	 1	 -42.2468	  173.4657
0.620	 2.54	 1	 -42.7341	  173.0461
0.620	 2.07	 1	 -42.7249	  174.0401
0.620	 2.50	 1	 -41.7104	  174.4038
0.620	 2.16	 1	 -42.5234	  173.1740
0.621	 2.38	 1	 -42.2959	  173.3289
0.621	 2.01	 1	 -42.6066	  172.9004
0.621	 2.05	 1	 -41.8557	  174.3481
0.621	 2.07	 1	 -42.2541	  173.7083
0.621	 2.33	 1	 -42.6792	  172.7936
0.622	 2.12	 1	 -41.7496	  174.1034
0.622	 2.10	 1	 -42.7482	  173.0631
0.622	 2.08	 1	 -42.3862	  173.9686
0.622	 2.01	 1	 -42.1321	  173.7908
0.622	 2.66	 1	 -42.5493	  173.3581
0.622	 2.24	 1	 -42.5387	  173.1096
0.622	 2.27	 1	 -42.3489	  173.7296
0.623	 2.18	 1	 -42.4045	  173.7747
0.623	 2.05	 1	 -42.6490	  172.8552
0.623	 2.45	 1	 -42.2773	  173.8211
0.623	 2.76	 1	 -41.7390	  174.2836
0.623	 2.28	 1	 -42.3164	  173.6818
0.624	 3.69	 1	 -42.4589	  173.7753
0.624	 3.14	 1	 -42.5614	  173.7708
0.624	 3.26	 1	 -42.5286	  173.6808
0.625	 2.02	 1	 -42.4431	  174.9429
0.625	 2.24	 1	 -41.9743	  173.9811
0.625	 2.01	 1	 -42.2003	  173.8178
0.625	 2.15	 1	 -42.1723	  173.3221
0.626	 2.54	 1	 -42.5122	  173.2866
0.626	 2.01	 1	 -41.8041	  173.9677
0.626	 3.01	 1	 -42.2341	  173.5481
0.626	 2.49	 1	 -41.8163	  174.1845
0.626	 2.02	 1	 -42.6955	  172.8932
0.627	 3.25	 1	 -42.4534	  173.2965
0.627	 2.17	 1	 -41.4396	  174.2273
0.628	 2.95	 1	 -41.5887	  174.2494
0.628	 2.59	 1	 -41.7468	  174.2943
0.628	 2.23	 1	 -42.2776	  173.7059
0.629	 2.69	 1	 -41.9368	  173.6369
0.629	 2.11	 1	 -42.7975	  172.9944
0.629	 2.91	 1	 -42.4504	  174.0962
0.629	 2.21	 1	 -42.3004	  173.2411
0.629	 2.33	 1	 -41.7842	  174.2126
0.629	 2.04	 1	 -41.8461	  174.2041
0.630	 2.18	 1	 -43.2064	  173.5211
0.630	 2.05	 1	 -42.7113	  172.9409
0.630	 3.01	 1	 -42.3622	  173.5270
0.630	 2.20	 1	 -42.2221	  173.7195
0.631	 2.27	 1	 -42.5139	  173.1520
0.631	 2.21	 2	 -42.4702	  173.2564
0.631	 2.04	 1	 -42.4743	  173.7656
0.631	 2.11	 1	 -42.3340	  174.0357
0.631	 2.01	 1	 -42.5571	  173.9408
0.632	 2.39	 1	 -42.2232	  173.8815
0.632	 2.45	 1	 -41.8115	  174.1400
0.633	 2.08	 1	 -41.7817	  174.2634
0.633	 2.30	 1	 -42.7005	  172.8991
0.634	 3.40	 1	 -42.4203	  173.7623
0.634	 3.15	 1	 -42.0279	  174.0557
0.634	 2.09	 1	 -42.3425	  173.0913
0.635	 2.22	 1	 -42.2628	  173.7417
0.635	 2.04	 1	 -41.7558	  174.4858
0.635	 2.19	 1	 -42.2441	  173.3886
0.635	 2.18	 1	 -42.5196	  173.8944
0.635	 2.57	 1	 -41.9917	  173.5020
0.636	 2.32	 1	 -41.8639	  174.0928
0.636	 2.16	 1	 -42.1647	  173.6786
0.636	 2.20	 1	 -39.3913	  169.1275
0.636	 2.19	 1	 -41.7661	  173.9664
0.637	 2.31	 1	 -42.2628	  173.6157
0.637	 3.40	 1	 -42.0910	  173.8184
0.637	 3.01	 1	 -41.7504	  174.1749
0.637	 2.29	 1	 -42.2582	  173.7837
0.637	 2.22	 1	 -42.2744	  173.9804
0.637	 2.75	 1	 -42.1372	  173.5962
0.638	 2.08	 1	 -41.7901	  173.4908
0.638	 2.07	 1	 -42.2311	  173.6463
0.638	 2.08	 1	 -42.4804	  174.0692
0.638	 2.27	 1	 -43.0627	  172.8990
0.639	 2.39	 1	 -41.6583	  174.3336
0.639	 2.26	 1	 -41.8629	  173.9389
0.639	 2.05	 1	 -42.3755	  173.9346
0.639	 3.40	 1	 -42.1562	  173.7032
0.639	 2.31	 1	 -47.1052	  174.1984
0.639	 2.24	 1	 -41.1423	  171.8954
0.640	 2.34	 1	 -42.7194	  173.0891
0.640	 2.02	 1	 -41.8329	  174.2271
0.640	 2.07	 1	 -43.4264	  172.0493
0.641	 2.85	 1	 -42.2478	  173.6802
0.641	 2.52	 1	 -41.7893	  174.2100
0.641	 3.20	 1	 -42.6235	  172.8865
0.641	 2.00	 1	 -41.7666	  174.2361
0.641	 2.62	 1	 -42.6251	  173.0000
0.641	 2.12	 1	 -42.4248	  173.6163
0.642	 2.38	 1	 -41.8311	  173.9720
0.642	 2.26	 1	 -41.8681	  173.9681
0.642	 2.76	 1	 -42.0456	  173.9966
0.643	 2.58	 1	 -41.8276	  174.0758
0.643	 2.04	 1	 -42.3489	  173.9252
0.643	 2.37	 1	 -42.3506	  174.0048
0.643	 3.00	 1	 -42.0262	  173.8762
0.643	 2.02	 1	 -42.0372	  173.7554
0.643	 2.40	 1	 -41.9659	  173.7621
0.643	 2.99	 1	 -42.2688	  173.6411
0.644	 2.42	 1	 -42.4787	  173.8179
0.644	 2.36	 1	 -42.6149	  172.8070
0.644	 2.87	 1	 -42.2458	  173.9196
0.645	 3.29	 1	 -41.7391	  174.2332
0.645	 2.32	 1	 -42.1546	  173.6101
0.645	 2.10	 1	 -41.7503	  174.3514
0.645	 2.50	 1	 -41.7509	  174.2856
0.645	 2.12	 1	 -42.0642	  173.6881
0.645	 2.99	 1	 -41.9740	  173.6444
0.646	 2.03	 1	 -42.5417	  172.9153
0.646	 2.58	 1	 -42.3396	  172.9258
0.647	 2.26	 1	 -42.2371	  173.6649
0.647	 2.29	 1	 -41.8924	  173.6927
0.647	 2.30	 1	 -42.5145	  173.1805
0.647	 2.34	 1	 -41.7579	  174.3490
0.648	 2.78	 1	 -42.4832	  173.4021
0.648	 2.03	 1	 -42.6080	  173.5654
0.648	 2.12	 1	 -42.4844	  173.0944
0.649	 2.77	 1	 -42.3646	  173.8945
0.649	 2.36	 1	 -41.8160	  174.2457
0.649	 2.13	 1	 -42.3444	  174.0096
0.649	 2.55	 1	 -41.9818	  174.0197
0.649	 2.41	 1	 -42.4840	  173.1295
0.650	 3.62	 1	 -41.8335	  173.9716
0.650	 2.93	 1	 -42.4797	  174.0892
0.650	 2.22	 1	 -42.4037	  172.6832
0.650	 2.15	 1	 -42.5774	  173.1226
0.651	 2.33	 1	 -42.3484	  173.6740
0.651	 2.35	 2	 -42.3217	  173.8766
0.651	 2.30	 1	 -42.5403	  173.1608
0.652	 2.01	 1	 -41.9881	  173.7790
0.652	 2.59	 1	 -42.6279	  173.8631
0.652	 2.06	 1	 -41.9221	  174.1305
0.652	 2.31	 1	 -41.7766	  174.2192
0.652	 3.31	 1	 -42.6433	  172.9600
0.653	 2.80	 1	 -41.7444	  174.2378
0.654	 2.00	 1	 -42.3281	  173.5583
0.654	 2.30	 1	 -42.4875	  173.1683
0.654	 2.55	 1	 -42.2406	  173.5736
0.655	 2.81	 1	 -42.2218	  173.4840
0.656	 2.50	 1	 -42.7945	  173.4168
0.656	 2.81	 1	 -41.7534	  174.3115
0.657	 2.06	 1	 -42.0900	  173.8250
0.657	 2.40	 1	 -42.6054	  174.1212
0.657	 2.14	 1	 -42.3975	  173.6689
0.657	 2.72	 1	 -41.2875	  175.1695
0.658	 3.00	 1	 -40.8152	  173.8817
0.658	 2.71	 1	 -42.2952	  173.8515
0.658	 2.17	 1	 -42.5171	  173.0939
0.660	 2.21	 1	 -42.2121	  173.6165
0.660	 2.21	 1	 -42.7404	  172.6634
0.660	 2.20	 1	 -41.7831	  174.3044
0.661	 2.27	 1	 -41.9048	  175.0034
0.661	 2.11	 1	 -41.9053	  173.6015
0.661	 2.45	 1	 -42.2005	  173.6147
0.662	 2.02	 1	 -42.2997	  173.1098
0.662	 3.04	 1	 -41.7368	  174.2846
0.662	 2.41	 1	 -41.9859	  174.0305
0.662	 2.02	 1	 -41.6665	  174.2778
0.662	 2.44	 1	 -42.6323	  172.8620
0.663	 2.76	 1	 -42.4979	  173.8153
0.663	 2.00	 1	 -42.3392	  173.9158
0.663	 2.40	 1	 -42.0774	  174.0865
0.663	 2.86	 1	 -42.3211	  173.1555
0.663	 2.03	 1	 -42.4147	  173.7678
0.664	 2.05	 1	 -41.9339	  173.6544
0.664	 3.05	 1	 -42.3037	  173.4265
0.664	 3.31	 2	 -41.8317	  174.2349
0.664	 2.27	 1	 -41.6620	  173.8652
0.664	 2.02	 1	 -42.1593	  173.5462
0.665	 2.24	 1	 -42.4661	  173.0051
0.665	 2.02	 1	 -41.7287	  174.0882
0.665	 2.65	 1	 -42.1572	  173.6251
0.665	 2.81	 1	 -42.3673	  173.0845
0.665	 2.06	 1	 -41.9914	  173.6160
0.665	 2.08	 1	 -41.8332	  174.0483
0.666	 2.26	 1	 -42.7315	  173.2771
0.666	 2.30	 1	 -42.5997	  179.8645
0.666	 2.08	 1	 -41.8058	  174.3113
0.666	 2.15	 1	 -42.3657	  173.5217
0.666	 2.97	 2	 -41.8089	  174.3255
0.666	 2.20	 2	 -42.6295	  172.8702
0.667	 2.00	 1	 -41.3100	  173.2530
0.668	 2.86	 1	 -41.7675	  174.1987
0.668	 2.02	 1	 -42.2343	  173.7353
0.668	 2.57	 1	 -42.2743	  173.5706
0.668	 2.49	 2	 -41.6838	  173.8133
0.668	 2.85	 1	 -42.2766	  173.6773
0.668	 2.08	 1	 -42.2782	  173.4874
0.669	 2.14	 1	 -42.0389	  173.7594
0.670	 3.25	 1	 -42.5907	  172.8746
0.670	 2.01	 1	 -41.7665	  174.1734
0.670	 2.34	 2	 -42.2255	  173.7089
0.670	 2.16	 1	 -42.9455	  176.0898
0.671	 2.00	 1	 -42.1932	  173.5401
0.671	 2.29	 1	 -42.2149	  173.2687
0.671	 2.32	 1	 -42.5406	  173.8738
0.672	 4.12	 1	 -42.3815	  172.9391
0.672	 2.63	 1	 -42.3748	  173.7531
0.672	 3.57	 1	 -42.7108	  172.7614
0.672	 2.34	 1	 -42.2742	  173.6562
0.672	 2.23	 1	 -38.5996	  175.5555
0.673	 2.69	 1	 -41.7474	  174.2556
0.673	 3.59	 1	 -42.2397	  173.6654
0.673	 2.16	 1	 -42.6424	  173.1562
0.674	 2.29	 1	 -43.5694	  172.4788
0.675	 2.37	 1	 -42.3139	  173.9037
0.675	 2.19	 2	 -42.3123	  173.6374
0.675	 2.67	 2	 -42.2498	  173.4638
0.675	 2.61	 1	 -41.6897	  174.2818
0.676	 2.21	 1	 -42.1530	  173.8337
0.676	 2.60	 1	 -42.5861	  172.7991
0.677	 2.86	 1	 -41.8481	  174.1253
0.677	 2.14	 1	 -42.2917	  173.7382
0.678	 2.14	 1	 -41.7497	  174.2197
0.678	 2.02	 1	 -41.8010	  174.2351
0.678	 2.28	 1	 -42.6843	  172.9034
0.679	 2.27	 1	 -42.3842	  173.3515
0.679	 2.30	 1	 -42.3356	  174.0006
0.680	 3.15	 1	 -41.8013	  174.2300
0.682	 2.37	 1	 -43.0392	  174.3354
0.682	 2.17	 1	 -42.3494	  174.0562
0.683	 2.16	 1	 -41.6891	  174.3036
0.684	 2.24	 1	 -42.8261	  173.1039
0.684	 2.53	 1	 -41.7975	  174.2061
0.684	 2.49	 1	 -42.2128	  173.6338
0.684	 2.38	 1	 -42.6325	  172.9234
0.684	 2.46	 1	 -42.5175	  173.8090
0.685	 3.37	 1	 -42.5341	  173.0359
0.685	 2.49	 1	 -42.7826	  172.9111
0.685	 2.32	 1	 -42.0348	  173.6594
0.685	 2.05	 1	 -41.6400	  174.1696
0.685	 2.36	 1	 -42.1115	  173.5589
0.686	 2.82	 1	 -42.3942	  172.9209
0.686	 2.26	 1	 -41.8313	  173.6921
0.686	 3.29	 1	 -42.0971	  173.6005
0.686	 2.29	 1	 -42.8076	  173.2154
0.687	 2.49	 1	 -42.1427	  173.8344
0.687	 2.46	 1	 -42.7985	  172.7193
0.687	 2.10	 1	 -42.1508	  173.4695
0.687	 2.18	 1	 -42.1127	  173.7398
0.688	 2.33	 1	 -42.6677	  172.8525
0.688	 2.19	 1	 -42.1621	  173.7563
0.688	 2.10	 1	 -42.7096	  172.9379
0.688	 2.69	 1	 -41.8646	  173.9542
0.688	 2.38	 1	 -42.6020	  172.6627
0.689	 2.41	 1	 -42.0883	  173.7301
0.689	 2.41	 1	 -42.3453	  174.1085
0.689	 3.58	 1	 -41.6833	  174.1630
0.690	 2.21	 1	 -42.8865	  172.9078
0.690	 2.23	 1	 -42.3126	  173.9866
0.690	 2.38	 1	 -42.5010	  173.0119
0.690	 2.11	 1	 -41.7468	  174.1979
0.690	 2.61	 1	 -42.3566	  174.0084
0.691	 3.51	 1	 -41.9246	  174.0148
0.691	 2.14	 1	 -43.5259	  171.4993
0.691	 2.32	 1	 -42.5802	  173.1046
0.692	 2.78	 1	 -41.7242	  174.2482
0.692	 2.15	 1	 -42.4312	  173.6393
0.692	 2.02	 1	 -41.9700	  174.0426
0.693	 2.63	 1	 -42.3374	  173.7533
0.693	 4.11	 1	 -42.5523	  173.0560
0.694	 2.48	 1	 -41.9149	  173.7074
0.694	 2.57	 1	 -41.7044	  174.2665
0.694	 2.61	 1	 -42.5080	  173.2166
0.695	 2.60	 1	 -41.7141	  174.3732
0.695	 2.05	 1	 -42.3441	  173.9335
0.696	 2.03	 1	 -41.6535	  174.1960
0.696	 2.30	 1	 -42.3601	  173.9876
0.696	 2.23	 1	 -42.5572	  173.1894
0.696	 2.10	 1	 -43.0295	  173.0621
0.696	 2.44	 1	 -45.0926	  167.8486
0.697	 2.22	 1	 -42.3381	  173.3248
0.697	 2.06	 1	 -41.9713	  172.9888
0.697	 2.24	 1	 -42.3932	  173.5085
0.697	 3.41	 1	 -46.1147	  175.1710
0.698	 3.44	 1	 -42.3284	  173.1511
0.698	 2.13	 2	 -42.6480	  172.8583
0.700	 2.10	 1	 -41.7559	  174.1971
0.700	 2.29	 1	 -42.2908	  168.2639
0.700	 3.44	 1	 -41.6565	  174.2496
0.700	 2.22	 1	 -42.6700	  172.9343
0.700	 2.15	 1	 -41.8155	  174.3099
0.700	 2.04	 1	 -42.6651	  173.5885
0.700	 2.07	 2	 -41.8246	  174.0015
0.701	 2.54	 1	 -41.7336	  174.1413
0.701	 3.56	 2	 -41.7905	  174.2095
0.701	 2.55	 1	 -41.9637	  173.9964
0.702	 2.11	 2	 -41.7056	  173.8473
0.702	 2.36	 1	 -42.0497	  173.6762
0.702	 2.34	 1	 -42.3588	  173.9849
0.702	 2.29	 1	 -40.6627	  171.9547
0.703	 3.20	 1	 -41.7128	  174.2063
0.703	 2.10	 1	 -42.6633	  172.7637
0.703	 2.22	 1	 -42.2949	  173.6488
0.703	 2.29	 1	 -41.6403	  174.3611
0.704	 3.31	 1	 -41.9417	  174.3069
0.704	 2.33	 1	 -42.3426	  173.8819
0.704	 2.06	 1	 -42.2477	  173.6979
0.705	 2.76	 1	 -42.3592	  173.0718
0.705	 2.59	 1	 -41.9582	  173.5836
0.705	 2.51	 1	 -42.4725	  173.1234
0.705	 2.31	 1	 -42.4499	  173.8244
0.706	 2.41	 1	 -42.3719	  173.8837
0.706	 3.42	 1	 -41.7884	  174.3027
0.706	 2.15	 1	 -41.4461	  174.3614
0.706	 3.28	 1	 -42.4546	  172.6735
0.706	 2.52	 1	 -42.6285	  172.8795
0.706	 2.31	 1	 -41.7502	  174.0214
0.706	 2.04	 1	 -41.6980	  174.2756
0.706	 2.95	 1	 -41.7991	  174.2630
0.706	 2.30	 1	 -42.3133	  173.7439
0.707	 2.04	 1	 -42.5598	  173.1369
0.707	 3.10	 1	 -42.3627	  172.9076
0.707	 2.15	 1	 -42.5275	  173.1010
0.707	 2.06	 1	 -42.0504	  173.5121
0.707	 2.37	 1	 -42.0412	  172.6130
0.708	 2.45	 1	 -42.5440	  173.1741
0.708	 2.33	 1	 -42.1563	  172.8450
0.709	 2.27	 2	 -40.8835	  173.4787
0.709	 2.17	 1	 -41.9674	  174.1807
0.710	 2.33	 1	 -42.3023	  173.8779
0.710	 2.16	 1	 -42.4411	  173.3163
0.710	 2.23	 1	 -42.3764	  173.9938
0.711	 2.12	 1	 -41.8104	  174.2449
0.711	 2.07	 1	 -41.4023	  174.1238
0.711	 3.16	 1	 -41.9154	  174.3199
0.711	 2.15	 1	 -41.3957	  174.1018
0.712	 2.08	 1	 -41.8618	  173.3447
0.712	 2.22	 1	 -42.4213	  173.7644
0.713	 2.45	 1	 -43.2924	  169.7375
0.713	 2.40	 1	 -41.7207	  174.2150
0.713	 2.28	 1	 -41.5897	  174.5108
0.714	 2.23	 1	 -42.0531	  173.7106
0.714	 2.03	 1	 -41.9835	  174.0667
0.715	 2.16	 1	 -41.7066	  174.2732
0.715	 3.45	 1	 -42.1960	  173.1668
0.715	 2.34	 1	 -41.8124	  174.2567
0.716	 2.02	 1	 -42.6237	  173.0739
0.716	 2.13	 1	 -42.3117	  174.1429
0.717	 2.19	 1	 -42.1436	  173.8685
0.717	 2.81	 1	 -41.7909	  174.2551
0.717	 2.77	 1	 -41.7546	  174.0912
0.718	 2.20	 1	 -41.7785	  174.1360
0.718	 2.14	 1	 -42.0562	  173.7467
0.718	 2.03	 1	 -41.8006	  174.2133
0.718	 2.46	 1	 -41.6974	  174.9058
0.718	 3.01	 1	 -41.9069	  173.7282
0.718	 2.47	 1	 -41.6966	  174.3032
0.718	 2.64	 1	 -41.9551	  173.6589
0.719	 2.22	 1	 -42.6005	  173.2831
0.719	 2.02	 1	 -42.3730	  173.4896
0.720	 2.54	 1	 -42.5884	  173.1468
0.720	 3.01	 1	 -42.6819	  173.0754
0.720	 2.15	 1	 -41.6732	  174.2603
0.720	 2.26	 1	 -41.8205	  174.2478
0.721	 2.06	 1	 -42.1428	  173.5789
0.721	 2.08	 1	 -42.8386	  173.1187
0.722	 2.08	 1	 -42.4827	  173.2279
0.722	 2.03	 1	 -42.3190	  173.7227
0.722	 2.34	 1	 -42.1361	  173.5616
0.722	 2.02	 1	 -42.6198	  173.8471
0.723	 2.01	 1	 -41.9853	  174.0285
0.724	 2.18	 1	 -41.8490	  174.4679
0.724	 2.12	 1	 -41.8021	  174.3926
0.724	 2.06	 1	 -41.6266	  173.5195
0.724	 2.43	 1	 -42.5212	  173.3423
0.724	 2.04	 1	 -42.1337	  173.4614
0.725	 2.78	 2	 -41.8071	  174.3085
0.725	 2.36	 1	 -42.4075	  174.2665
0.725	 2.55	 1	 -42.2901	  173.7050
0.726	 2.46	 1	 -42.1323	  173.5776
0.726	 2.54	 1	 -42.5299	  173.1919
0.726	 3.20	 1	 -42.2503	  173.4958
0.726	 2.17	 1	 -41.7888	  174.4180
0.727	 2.32	 1	 -41.9569	  174.8029
0.727	 3.51	 1	 -41.7326	  174.3206
0.727	 2.49	 1	 -41.9492	  174.2305
0.727	 2.19	 1	 -41.9540	  173.8102
0.728	 2.25	 1	 -41.6593	  174.3496
0.728	 2.16	 1	 -42.2251	  173.4106
0.728	 2.33	 1	 -42.1999	  173.8447
0.728	 2.18	 1	 -41.7873	  174.2837
0.729	 2.18	 1	 -41.8153	  174.1874
0.729	 2.27	 1	 -42.2105	  173.6093
0.729	 3.74	 1	 -41.9778	  174.0139
0.729	 2.78	 1	 -42.1582	  173.4517
0.730	 2.30	 1	 -42.0006	  173.7466
0.730	 2.34	 1	 -41.7084	  174.0732
0.731	 2.00	 1	 -41.8289	  173.9704
0.732	 2.26	 1	 -41.7973	  174.2526
0.732	 2.13	 1	 -42.2747	  173.9876
0.732	 2.04	 1	 -40.6074	  171.3006
0.733	 2.58	 1	 -42.5566	  173.0746
0.733	 2.14	 1	 -42.6694	  173.2723
0.733	 3.01	 1	 -42.2462	  173.7989
0.733	 2.12	 1	 -42.2889	  172.8223
0.733	 2.14	 1	 -41.7862	  174.2606
0.734	 2.09	 1	 -42.3425	  173.8850
0.734	 2.15	 1	 -42.1718	  173.5136
0.734	 2.47	 1	 -42.4361	  173.1373
0.734	 2.04	 1	 -42.2294	  173.6952
0.734	 2.04	 1	 -41.9063	  174.1073
0.734	 2.68	 1	 -42.6886	  172.9216
0.734	 2.85	 1	 -41.7967	  174.3460
0.734	 2.50	 2	 -42.3551	  173.9128
0.735	 2.07	 1	 -42.6533	  172.8365
0.735	 2.44	 1	 -42.2199	  173.6870
0.736	 2.41	 1	 -42.0137	  173.8019
0.736	 2.96	 1	 -42.6065	  172.9670
0.737	 2.28	 1	 -42.7340	  172.9179
0.737	 2.37	 1	 -42.7234	  172.4249
0.737	 2.02	 1	 -41.7227	  174.3664
0.738	 2.68	 1	 -42.0822	  173.7347
0.738	 3.56	 1	 -41.9550	  173.6697
0.738	 2.02	 1	 -42.6596	  172.8723
0.738	 2.37	 1	 -42.4043	  173.7682
0.738	 2.22	 1	 -42.0063	  173.6249
0.738	 2.53	 1	 -42.2827	  173.6845
0.738	 2.12	 1	 -41.6834	  174.2525
0.740	 2.24	 1	 -41.7094	  174.2033
0.740	 2.28	 1	 -42.3610	  173.8490
0.740	 2.11	 1	 -41.9136	  173.9940
0.740	 2.18	 1	 -41.7065	  174.2212
0.741	 2.25	 1	 -42.1264	  173.5599
0.742	 2.39	 1	 -41.7862	  174.2381
0.742	 2.34	 1	 -41.8689	  173.9537
0.742	 2.15	 1	 -42.6711	  172.9039
0.742	 2.34	 1	 -42.4167	  172.5046
0.742	 2.20	 1	 -42.3003	  173.7090
0.743	 2.10	 1	 -42.3857	  173.7836
0.743	 2.27	 1	 -41.6791	  174.2579
0.743	 2.53	 1	 -42.6543	  172.8625
0.744	 2.12	 1	 -43.0720	  173.7406
0.744	 2.05	 1	 -42.1199	  173.7512
0.744	 2.03	 1	 -42.2576	  174.9329
0.744	 2.38	 1	 -42.4622	  173.0045
0.744	 2.44	 1	 -42.0119	  174.0161
0.744	 3.32	 1	 -42.5165	  173.1268
0.745	 2.23	 1	 -42.4881	  173.7784
0.745	 2.40	 1	 -41.7962	  174.0326
0.745	 2.09	 1	 -41.7631	  174.3033
0.745	 2.59	 1	 -42.2435	  172.9848
0.745	 2.85	 1	 -42.2455	  173.6380
0.745	 2.67	 1	 -42.3687	  173.9702
0.746	 2.03	 1	 -42.3934	  173.8363
0.746	 2.26	 1	 -41.7746	  174.1949
0.746	 2.07	 1	 -41.8771	  174.5285
0.746	 3.54	 1	 -42.5393	  173.1413
0.746	 2.01	 1	 -41.6994	  174.2362
0.747	 2.53	 1	 -41.9432	  173.3593
0.747	 2.07	 1	 -41.8328	  174.3700
0.747	 2.34	 1	 -42.4110	  173.5075
0.747	 2.12	 1	 -42.2274	  173.7778
0.748	 2.21	 1	 -42.0620	  173.8800
0.748	 2.69	 1	 -42.2596	  173.9793
0.748	 2.02	 2	 -42.3356	  174.0421
0.748	 2.93	 1	 -41.7122	  174.2582
0.748	 2.70	 1	 -42.3284	  173.5234
0.748	 2.20	 1	 -42.3543	  174.0001
0.749	 2.88	 1	 -42.0277	  173.9840
0.750	 2.45	 1	 -42.4887	  172.9302
0.750	 2.16	 1	 -42.0541	  173.2903
0.750	 2.65	 1	 -41.7379	  174.2493
0.751	 2.19	 1	 -41.9681	  173.6789
0.751	 2.65	 1	 -41.9764	  173.6528
0.751	 2.94	 1	 -42.1679	  173.5319
0.751	 2.48	 2	 -41.8943	  173.9802
0.751	 3.00	 1	 -42.2702	  173.6520
0.752	 2.38	 1	 -42.1525	  173.7676
0.753	 2.32	 1	 -41.7412	  174.3531
0.753	 2.24	 2	 -42.3997	  173.8141
0.753	 2.01	 1	 -41.7518	  174.4113
0.754	 2.11	 1	 -42.3642	  174.0287
0.754	 2.40	 1	 -42.4114	  173.8315
0.755	 2.24	 1	 -41.7506	  174.1808
0.755	 2.48	 1	 -41.9153	  173.7217
0.755	 2.16	 1	 -42.2956	  174.0787
0.755	 2.36	 1	 -42.0896	  173.7119
0.756	 2.21	 1	 -40.7285	  172.5844
0.756	 2.46	 2	 -42.1993	  173.1544
0.757	 2.18	 1	 -41.6887	  174.1637
0.757	 2.08	 1	 -42.7731	  172.9961
0.757	 3.07	 1	 -41.7612	  174.3297
0.757	 2.06	 1	 -42.0337	  173.7923
0.758	 3.55	 1	 -41.7735	  174.3854
0.758	 2.09	 1	 -41.9956	  173.6703
0.758	 2.03	 1	 -42.9027	  172.9857
0.758	 3.01	 1	 -42.0064	  173.6346
0.759	 3.52	 1	 -41.9413	  173.7495
0.759	 2.04	 1	 -42.5936	  173.0104
0.759	 2.04	 1	 -42.6745	  172.7753
0.760	 3.56	 1	 -41.8353	  174.1624
0.760	 2.39	 1	 -41.4475	  174.1950
0.760	 2.44	 1	 -42.3118	  173.9089
0.760	 2.05	 1	 -42.1665	  173.6456
0.761	 2.38	 1	 -41.7580	  174.3038
0.761	 2.35	 1	 -42.4824	  173.8977
0.761	 2.10	 1	 -42.2862	  173.7736
0.761	 2.51	 1	 -39.2768	  173.1430
0.761	 2.20	 1	 -43.3234	  173.1230
0.761	 2.15	 1	 -41.8470	  173.4674
0.762	 2.39	 1	 -41.9325	  173.6750
0.762	 2.11	 1	 -42.2751	  173.6575
0.762	 2.02	 2	 -42.4872	  173.3788
0.762	 2.08	 1	 -42.2120	  173.6191
0.763	 3.08	 1	 -42.1891	  173.7905
0.763	 2.40	 1	 -41.6680	  174.2811
0.764	 2.05	 1	 -41.9389	  173.8465
0.764	 2.04	 1	 -42.3904	  173.6714
0.764	 2.28	 1	 -41.8309	  174.5530
0.764	 2.07	 1	 -41.8438	  174.2273
0.764	 3.35	 1	 -42.5926	  172.9395
0.765	 2.21	 1	 -42.1357	  173.6299
0.766	 2.11	 1	 -42.3677	  173.0984
0.766	 2.31	 1	 -42.7327	  173.0827
0.767	 2.10	 1	 -41.7079	  174.2646
0.767	 2.09	 1	 -41.9067	  173.9719
0.767	 2.27	 2	 -41.6888	  174.1548
0.768	 2.31	 1	 -41.0146	  174.3386
0.769	 2.40	 1	 -42.7020	  173.0045
0.769	 2.21	 1	 -41.9419	  173.4823
0.769	 2.19	 1	 -41.6975	  174.1485
0.769	 2.09	 1	 -43.7195	  178.9783
0.770	 2.60	 1	 -42.2764	  173.7003
0.770	 4.59	 1	 -41.7818	  174.1759
0.770	 3.11	 1	 -42.4921	  173.2876
0.771	 2.06	 2	 -42.4781	  172.8274
0.771	 2.46	 1	 -41.7967	  174.2358
0.771	 2.10	 1	 -42.5564	  173.0619
0.772	 2.10	 1	 -42.3598	  174.0136
0.772	 2.02	 1	 -41.7195	  174.1603
0.772	 2.02	 2	 -41.7213	  174.3343
0.772	 2.14	 1	 -41.6788	  174.2008
0.772	 2.17	 1	 -42.7189	  174.1062
0.773	 2.05	 1	 -42.6478	  173.1115
0.773	 2.44	 1	 -42.4588	  174.3167
0.773	 2.79	 1	 -42.5771	  172.8401
0.773	 2.20	 1	 -41.9221	  174.2097
0.774	 2.25	 1	 -41.9039	  173.2240
0.774	 2.08	 1	 -41.9767	  174.0374
0.774	 2.71	 1	 -42.2546	  173.9880
0.774	 2.27	 1	 -42.3384	  173.5625
0.775	 2.28	 1	 -42.5549	  173.3702
0.775	 2.20	 1	 -42.2384	  173.7766
0.775	 2.32	 1	 -42.3007	  174.1295
0.775	 2.13	 1	 -41.9803	  173.9105
0.776	 2.46	 1	 -41.6562	  174.2301
0.776	 2.12	 1	 -42.3828	  172.5548
0.776	 2.33	 1	 -41.8285	  174.5356
0.776	 2.03	 1	 -41.6996	  174.1996
0.777	 2.27	 1	 -41.6847	  174.2753
0.777	 3.02	 1	 -42.3119	  173.6545
0.777	 2.55	 1	 -41.7440	  174.2757
0.777	 2.29	 1	 -42.7206	  172.7867
0.777	 2.34	 1	 -42.3099	  173.7735
0.777	 2.36	 1	 -43.8223	  173.1140
0.778	 2.83	 1	 -42.7921	  172.9527
0.778	 2.04	 1	 -42.3809	  173.6198
0.779	 2.46	 1	 -42.1877	  173.7992
0.780	 3.02	 1	 -42.5180	  173.3827
0.780	 2.12	 1	 -42.0599	  173.6604
0.780	 2.14	 1	 -42.3825	  173.8062
0.780	 2.26	 1	 -41.6931	  174.8892
0.780	 2.89	 1	 -42.2099	  173.6642
0.781	 2.88	 1	 -42.7174	  172.6131
0.781	 2.12	 1	 -42.6444	  173.8936
0.781	 2.38	 1	 -42.3781	  173.5161
0.781	 2.27	 1	 -42.5570	  171.9587
0.782	 2.18	 1	 -42.6265	  172.9198
0.782	 2.49	 2	 -41.8039	  174.1846
0.782	 2.01	 1	 -42.0949	  174.2511
0.783	 2.05	 1	 -41.9600	  173.8408
0.783	 2.56	 1	 -41.8908	  173.8764
0.783	 2.26	 1	 -42.1099	  173.4216
0.783	 2.46	 1	 -41.6931	  174.2893
0.783	 2.01	 1	 -41.6446	  174.2548
0.784	 2.07	 1	 -42.6268	  172.9142
0.785	 2.26	 1	 -42.2655	  173.5676
0.786	 2.33	 1	 -41.3096	  172.4919
0.787	 2.20	 1	 -42.1186	  174.1809
0.787	 2.08	 1	 -42.7811	  172.8536
0.788	 2.38	 1	 -41.7732	  174.2602
0.788	 2.05	 1	 -41.7151	  174.2765
0.789	 4.76	 1	 -41.9676	  173.8907
0.789	 2.10	 2	 -41.8196	  174.1755
0.789	 2.32	 2	 -41.6814	  174.2614
0.789	 2.19	 1	 -42.2700	  173.7740
0.790	 3.16	 1	 -42.8840	  173.1103
0.790	 2.06	 1	 -41.9314	  173.9515
0.791	 2.47	 1	 -42.5128	  173.7226
0.791	 2.12	 1	 -41.7051	  174.2735
0.791	 2.05	 1	 -42.1519	  173.4931
0.792	 2.10	 1	 -44.3850	  174.2140
0.792	 2.19	 1	 -41.8121	  174.0990
0.792	 2.07	 1	 -42.6523	  172.8494
0.792	 2.39	 1	 -42.3888	  173.2340
0.793	 3.20	 2	 -41.8457	  174.1385
0.793	 2.49	 2	 -41.9985	  173.6715
0.793	 2.23	 1	 -42.1652	  173.7719
0.793	 2.13	 1	 -42.5255	  173.7936
0.794	 2.12	 1	 -42.5759	  173.0936
0.794	 2.27	 1	 -41.6396	  174.2188
0.794	 2.66	 1	 -42.2778	  173.9299
0.794	 2.32	 1	 -41.7107	  174.3215
0.794	 2.40	 1	 -42.7133	  173.0405
0.794	 2.02	 1	 -41.7048	  174.1185
0.795	 2.01	 1	 -42.3381	  173.9311
0.795	 2.45	 1	 -42.2102	  173.6616
0.795	 2.18	 1	 -42.6389	  172.8542
0.796	 3.37	 1	 -41.7998	  173.9783
0.796	 2.28	 1	 -41.7831	  174.2990
0.796	 3.33	 1	 -41.8336	  174.3065
0.797	 2.75	 1	 -41.7818	  174.4073
0.798	 2.27	 1	 -41.6967	  174.2921
0.798	 2.17	 1	 -41.6959	  174.2468
0.798	 2.72	 1	 -42.5761	  173.1230
0.799	 2.05	 2	 -42.3627	  174.0441
0.799	 3.39	 1	 -41.7699	  177.2413
0.800	 2.09	 1	 -43.3536	  179.5601
0.800	 2.25	 1	 -42.3497	  173.8796
0.800	 2.01	 1	 -42.2042	  173.2265
0.800	 2.03	 1	 -42.1310	  173.5503
0.800	 2.04	 1	 -42.2044	  173.5230
0.801	 2.35	 1	 -41.9184	  173.4707
0.801	 3.21	 1	 -41.7329	  174.2614
0.801	 2.03	 1	 -42.0585	  174.5230
0.801	 2.53	 2	 -41.7410	  174.3719
0.801	 2.86	 1	 -42.2745	  173.5350
0.802	 2.34	 1	 -42.0560	  173.6183
0.802	 2.60	 1	 -42.3211	  172.7501
0.803	 2.66	 1	 -41.8736	  173.9617
0.805	 2.15	 1	 -41.7701	  174.3069
0.805	 2.36	 1	 -42.3532	  173.0432
0.805	 2.12	 2	 -41.7226	  174.2285
0.805	 2.10	 1	 -41.7077	  174.2337
0.806	 3.26	 1	 -43.1017	  176.1610
0.806	 2.11	 2	 -42.3335	  173.5550
0.807	 2.18	 1	 -42.8602	  172.6727
0.807	 2.94	 1	 -42.0192	  173.6532
0.809	 2.60	 1	 -42.2817	  173.8644
0.810	 2.03	 1	 -42.4365	  173.7092
0.810	 2.43	 1	 -41.8305	  174.2260
0.811	 2.25	 1	 -41.9798	  173.8052
0.811	 2.20	 1	 -42.4856	  173.6730
0.811	 2.08	 2	 -42.5568	  172.9502
0.812	 2.42	 1	 -42.5903	  174.7038
0.813	 2.83	 1	 -41.6624	  174.2942
0.813	 3.04	 1	 -42.0356	  173.5922
0.813	 2.31	 1	 -41.7079	  174.1042
0.813	 2.83	 1	 -41.6465	  174.3215
0.814	 4.62	 1	 -41.7301	  172.7097
0.814	 2.23	 1	 -41.5016	  174.4250
0.814	 2.85	 1	 -41.8701	  173.9501
0.814	 2.14	 1	 -43.7765	  171.3549
0.814	 2.25	 2	 -41.2922	  175.1727
0.815	 2.56	 1	 -42.6955	  173.1254
0.815	 2.27	 1	 -42.5430	  173.1357
0.815	 2.20	 1	 -42.6733	  172.7631
0.815	 2.97	 1	 -42.4179	  173.1438
0.815	 2.08	 1	 -42.3143	  173.6563
0.816	 2.55	 1	 -42.6462	  173.1019
0.816	 2.12	 1	 -42.1350	  173.8163
0.816	 3.31	 1	 -42.6610	  172.9654
0.817	 2.20	 1	 -40.2333	  168.1966
0.818	 2.26	 1	 -41.8066	  174.2354
0.818	 3.10	 1	 -42.4228	  173.8189
0.818	 2.03	 1	 -42.7715	  173.0621
0.818	 2.32	 1	 -42.1985	  173.3739
0.819	 2.01	 1	 -42.6804	  173.1213
0.820	 2.05	 2	 -42.5197	  173.8284
0.820	 2.31	 3	 -41.8346	  174.1418
0.821	 2.32	 1	 -42.2524	  173.5650
0.821	 2.77	 1	 -41.8879	  173.9762
0.823	 3.00	 1	 -41.7421	  174.3015
0.823	 2.57	 1	 -41.9097	  174.3316
0.823	 2.01	 1	 -41.7715	  174.1888
0.823	 2.44	 1	 -41.7221	  174.1915
0.824	 2.37	 1	 -41.7297	  174.2180
0.825	 2.46	 2	 -41.9911	  174.0388
0.825	 3.70	 1	 -41.7950	  174.2779
0.825	 2.40	 1	 -42.6439	  173.2505
0.825	 3.03	 1	 -42.3781	  173.3484
0.826	 2.63	 1	 -42.2640	  173.7576
0.826	 2.21	 1	 -41.6694	  174.2858
0.826	 2.29	 1	 -42.1820	  173.7904
0.827	 2.59	 1	 -41.7004	  174.2720
0.827	 2.94	 2	 -42.4763	  173.6606
0.827	 3.26	 1	 -42.3091	  173.9100
0.828	 2.07	 1	 -42.1283	  173.5027
0.828	 2.22	 1	 -41.6659	  174.3817
0.829	 2.10	 1	 -42.4630	  173.1448
0.829	 2.08	 1	 -42.5950	  173.1881
0.830	 2.18	 1	 -42.3577	  173.0954
0.830	 2.24	 1	 -42.6697	  172.9529
0.830	 4.49	 2	 -41.7745	  174.2590
0.832	 4.54	 2	 -42.7150	  172.7650
0.832	 2.04	 1	 -42.6589	  172.7668
0.832	 2.01	 1	 -41.9805	  174.2747
0.832	 2.13	 1	 -42.5309	  173.8093
0.833	 2.03	 1	 -42.1215	  172.8589
0.833	 2.94	 1	 -41.9098	  174.0150
0.833	 2.22	 1	 -42.3037	  173.7108
0.834	 2.71	 2	 -41.7643	  173.8998
0.835	 3.49	 2	 -42.4335	  173.5132
0.836	 2.19	 2	 -42.3907	  173.4818
0.837	 4.01	 1	 -41.7542	  174.3705
0.837	 2.20	 1	 -41.9482	  174.4438
0.837	 2.04	 2	 -41.9638	  173.8879
0.837	 2.44	 1	 -41.8191	  172.3499
0.837	 2.49	 1	 -41.6842	  174.2297
0.837	 2.47	 1	 -41.0719	  174.3570
0.838	 2.94	 1	 -41.8099	  174.0779
0.839	 2.13	 1	 -42.2193	  173.6199
0.840	 2.18	 1	 -41.9051	  173.7243
0.840	 2.69	 1	 -42.2639	  173.6364
0.840	 3.02	 1	 -42.5186	  173.2759
0.841	 2.34	 1	 -41.7040	  174.2798
0.841	 2.02	 1	 -42.4623	  172.9752
0.841	 2.03	 1	 -42.3761	  173.6477
0.841	 2.03	 1	 -42.2062	  173.4404
0.842	 2.75	 2	 -40.8153	  173.8783
0.842	 2.08	 1	 -42.6630	  172.9168
0.843	 2.00	 1	 -42.5818	  172.9046
0.843	 2.80	 1	 -42.8852	  173.7436
0.843	 2.37	 2	 -41.7360	  172.6992
0.843	 2.43	 1	 -41.6537	  174.3954
0.843	 2.18	 1	 -42.4146	  174.2074
0.844	 2.55	 1	 -41.5745	  173.9559
0.844	 2.04	 1	 -41.7332	  174.2998
0.844	 4.23	 1	 -42.6430	  172.7564
0.844	 3.01	 1	 -42.2395	  173.8858
0.845	 3.34	 1	 -42.2946	  173.6910
0.845	 3.62	 1	 -42.1581	  173.6228
0.845	 2.58	 1	 -42.8126	  172.7101
0.845	 2.20	 1	 -42.3699	  173.5862
0.846	 2.05	 1	 -42.6026	  172.9334
0.846	 2.01	 1	 -42.3112	  173.9855
0.846	 2.02	 1	 -41.6084	  172.2094
0.848	 2.02	 1	 -42.4512	  173.2432
0.848	 2.59	 1	 -41.6148	  174.3726
0.849	 3.84	 1	 -42.3654	  173.3457
0.850	 2.41	 1	 -42.8343	  173.3932
0.850	 2.17	 1	 -42.3027	  173.5308
0.851	 2.53	 1	 -46.8924	  171.3753
0.851	 2.19	 1	 -42.6786	  172.7959
0.851	 2.11	 1	 -42.5041	  173.0862
0.851	 2.30	 2	 -41.9782	  174.0185
0.852	 2.27	 1	 -42.2652	  174.1815
0.852	 2.85	 1	 -42.0966	  173.6963
0.852	 2.51	 1	 -42.0474	  173.5667
0.854	 2.36	 1	 -42.6050	  172.8694
0.854	 2.79	 1	 -41.7940	  174.1873
0.855	 2.30	 1	 -42.1504	  173.6862
0.855	 2.01	 1	 -42.3625	  173.9400
0.855	 3.62	 1	 -42.6465	  172.8307
0.855	 2.68	 1	 -42.1988	  173.4215
0.855	 2.66	 1	 -42.4170	  173.5658
0.855	 2.31	 1	 -41.7320	  174.3142
0.856	 2.36	 1	 -42.3276	  174.0463
0.856	 2.12	 1	 -41.7001	  174.0842
0.856	 2.35	 1	 -42.6658	  172.8970
0.857	 2.16	 1	 -42.3517	  173.8945
0.858	 2.14	 1	 -41.7239	  174.2338
0.858	 2.04	 1	 -42.3858	  174.0125
0.858	 2.05	 1	 -41.7931	  174.2881
0.858	 2.35	 1	 -41.7835	  174.2744
0.860	 2.12	 1	 -42.1550	  173.6076
0.860	 2.14	 1	 -42.2804	  173.6962
0.861	 2.14	 1	 -41.1586	  173.0131
0.862	 2.08	 1	 -42.3803	  174.0708
0.862	 3.69	 1	 -42.4007	  173.4073
0.862	 2.72	 3	 -42.3825	  173.8885
0.862	 2.46	 1	 -42.3286	  173.8865
0.863	 2.15	 1	 -41.6872	  174.2440
0.864	 2.29	 1	 -42.3253	  173.1050
0.864	 2.06	 1	 -42.8094	  172.8820
0.865	 2.33	 1	 -42.8704	  173.9924
0.865	 3.57	 1	 -42.7559	  172.8180
0.865	 2.74	 1	 -42.4168	  174.3564
0.866	 2.08	 1	 -42.6628	  172.8822
0.866	 2.91	 1	 -42.7023	  172.8748
0.866	 2.16	 2	 -42.5951	  172.9350
0.867	 2.21	 1	 -42.4867	  172.9515
0.867	 2.08	 1	 -42.5476	  172.7708
0.867	 2.17	 1	 -41.7065	  174.2688
0.868	 2.03	 1	 -42.4588	  173.6153
0.868	 2.02	 1	 -42.7521	  174.4207
0.868	 2.06	 1	 -42.1753	  173.6314
0.868	 2.77	 1	 -42.5105	  173.3216
0.869	 2.21	 1	 -42.2203	  174.6073
0.869	 2.10	 1	 -41.8406	  174.0404
0.870	 2.40	 2	 -41.7326	  174.2804
0.870	 2.02	 1	 -42.3274	  173.0992
0.870	 2.07	 1	 -42.3471	  173.8859
0.871	 2.04	 1	 -41.9055	  173.9954
0.872	 2.60	 1	 -42.4392	  173.1491
0.872	 2.60	 1	 -41.7526	  174.2386
0.873	 2.35	 1	 -42.3408	  173.4996
0.873	 2.07	 1	 -41.6427	  174.3556
0.873	 2.01	 1	 -42.8740	  174.2478
0.873	 2.89	 1	 -41.7658	  174.3289
0.874	 2.21	 1	 -42.4292	  173.8635
0.875	 3.24	 1	 -42.7545	  172.9512
0.875	 2.61	 1	 -41.7155	  174.2456
0.875	 2.40	 1	 -41.9893	  173.7790
0.876	 2.37	 1	 -42.2786	  173.0834
0.877	 4.18	 1	 -37.9408	  172.6587
0.877	 2.14	 1	 -42.3630	  173.6633
0.878	 2.23	 1	 -42.0275	  173.7370
0.878	 2.43	 2	 -42.3273	  173.5853
0.878	 2.15	 1	 -42.3158	  173.1146
0.879	 2.19	 1	 -42.0470	  173.7295
0.879	 2.09	 1	 -41.6763	  174.2265
0.879	 2.76	 3	 -42.4670	  173.5286
0.880	 2.20	 1	 -42.1063	  173.6694
0.880	 3.70	 1	 -42.1256	  173.7320
0.881	 2.33	 1	 -44.2156	  172.5536
0.882	 2.87	 1	 -42.6354	  173.0822
0.882	 2.70	 1	 -42.3570	  173.5860
0.882	 2.25	 2	 -41.7111	  174.2011
0.882	 2.10	 1	 -41.7582	  174.2207
0.883	 2.47	 2	 -42.5735	  173.7947
0.883	 2.19	 1	 -41.9056	  174.1130
0.883	 2.71	 1	 -42.3267	  173.7393
0.884	 2.05	 1	 -42.3074	  173.3022
0.884	 2.27	 1	 -41.9967	  174.1395
0.885	 2.15	 1	 -42.8204	  172.6653
0.885	 2.23	 1	 -41.8069	  174.1497
0.885	 2.31	 1	 -41.8541	  174.0010
0.886	 2.18	 1	 -42.9953	  172.4571
0.886	 2.50	 1	 -42.6837	  172.8024
0.887	 2.32	 1	 -41.4698	  173.9350
0.887	 2.40	 1	 -42.0922	  173.6314
0.887	 2.20	 1	 -42.7730	  173.1654
0.888	 2.55	 1	 -42.5735	  172.8381
0.888	 2.37	 1	 -42.3049	  173.9516
0.888	 3.90	 1	 -42.3820	  173.7533
0.888	 2.48	 1	 -42.2420	  173.6840
0.888	 2.10	 1	 -42.5782	  173.2497
0.888	 2.07	 1	 -42.1141	  173.7629
0.889	 2.43	 1	 -42.7292	  173.1218
0.890	 2.36	 1	 -42.5612	  173.7066
0.891	 2.09	 1	 -41.7853	  174.0431
0.891	 2.07	 1	 -42.6421	  173.1115
0.891	 2.37	 1	 -42.1818	  173.8241
0.892	 2.22	 1	 -42.2491	  173.6706
0.893	 2.61	 1	 -42.6817	  172.7499
0.893	 2.11	 1	 -42.2226	  173.6953
0.893	 3.25	 1	 -42.0742	  172.8744
0.894	 2.75	 1	 -42.1367	  173.6913
0.895	 2.17	 1	 -41.2582	  173.5310
0.895	 2.51	 1	 -41.7640	  174.2822
0.896	 2.17	 1	 -42.3439	  173.0003
0.896	 2.19	 1	 -42.1190	  172.8920
0.896	 2.26	 1	 -41.6902	  174.1387
0.896	 2.36	 1	 -42.3191	  173.7742
0.896	 2.40	 1	 -42.6316	  172.9862
0.897	 2.85	 1	 -42.4426	  172.9574
0.897	 2.29	 1	 -41.6278	  173.4530
0.897	 2.49	 1	 -41.8482	  173.9325
0.898	 2.81	 1	 -41.9651	  173.9266
0.898	 3.11	 1	 -42.6869	  173.1690
0.899	 2.25	 1	 -42.5236	  173.3188
0.900	 2.65	 1	 -41.7514	  174.3585
0.900	 2.38	 1	 -41.9781	  173.9469
0.900	 2.13	 1	 -42.3822	  173.1930
0.900	 2.05	 3	 -42.6795	  172.7663
0.900	 2.30	 1	 -42.1630	  173.7311
0.900	 3.18	 1	 -41.8709	  174.0134
0.901	 2.20	 1	 -41.7486	  174.2961
0.901	 2.26	 1	 -41.4392	  173.2273
0.901	 2.12	 1	 -42.6305	  173.3083
0.903	 2.42	 1	 -42.6700	  172.6854
0.903	 2.33	 1	 -42.5083	  173.9442
0.903	 2.01	 1	 -42.3411	  173.4385
0.904	 2.40	 1	 -41.9236	  174.0350
0.904	 2.48	 1	 -42.4975	  173.8048
0.904	 3.14	 1	 -42.1433	  173.6942
0.905	 2.45	 1	 -44.4688	  178.6424
0.906	 2.18	 1	 -41.6033	  174.3766
0.907	 2.07	 1	 -41.7107	  174.1937
0.907	 2.87	 1	 -42.2112	  173.3876
0.908	 2.69	 2	 -41.8362	  174.0939
0.908	 2.21	 1	 -41.7951	  174.1950
0.908	 2.42	 1	 -42.6630	  172.8126
0.908	 3.66	 1	 -42.0291	  173.5872
0.909	 2.20	 2	 -41.9531	  173.8866
0.909	 2.09	 2	 -41.6948	  172.7240
0.909	 2.40	 1	 -44.4660	  171.6897
0.909	 2.50	 1	 -41.9157	  173.5748
0.910	 2.54	 1	 -42.2829	  173.4675
0.911	 2.17	 1	 -42.6936	  173.2255
0.912	 2.35	 1	 -43.3383	  173.3383
0.912	 3.29	 1	 -42.6665	  173.1374
0.913	 2.58	 1	 -42.2232	  173.8021
0.913	 3.01	 2	 -42.0972	  173.6437
0.913	 2.04	 1	 -42.4671	  172.8847
0.913	 2.43	 1	 -42.4524	  173.2531
0.913	 2.52	 1	 -41.7570	  174.1987
0.913	 2.11	 1	 -42.6507	  173.1230
0.914	 2.03	 2	 -42.9913	  173.0392
0.915	 2.22	 1	 -41.8322	  174.0164
0.915	 2.14	 1	 -41.7213	  174.4021
0.916	 2.04	 1	 -42.4467	  173.6340
0.917	 2.34	 1	 -41.7303	  174.2037
0.917	 2.69	 1	 -42.4996	  172.8737
0.917	 2.09	 1	 -42.7986	  172.9930
0.918	 2.22	 1	 -42.6873	  172.8661
0.919	 2.81	 1	 -42.8070	  173.1027
0.919	 2.05	 1	 -41.8099	  172.7493
0.920	 2.20	 1	 -41.7304	  174.2547
0.920	 2.36	 1	 -41.6496	  174.3789
0.920	 2.05	 1	 -41.6882	  174.2506
0.921	 2.61	 1	 -41.7380	  174.3784
0.921	 2.08	 1	 -42.1804	  173.8089
0.921	 2.06	 1	 -41.8985	  174.0591
0.921	 2.14	 1	 -41.9525	  173.6553
0.922	 2.14	 1	 -42.0062	  173.9634
0.922	 2.52	 1	 -42.1831	  173.5914
0.922	 2.25	 1	 -42.2337	  173.7267
0.923	 2.91	 1	 -42.0356	  174.1509
0.924	 2.15	 1	 -42.2704	  173.5804
0.924	 2.06	 1	 -41.7447	  174.1392
0.925	 2.35	 1	 -42.9619	  172.8635
0.925	 2.24	 1	 -41.6995	  174.2211
0.925	 2.16	 1	 -42.0985	  173.8138
0.925	 3.50	 1	 -42.3726	  173.5026
0.926	 2.86	 1	 -41.7324	  174.2874
0.926	 2.40	 1	 -42.3858	  173.3210
0.927	 3.14	 1	 -42.6694	  172.8307
0.927	 2.44	 1	 -42.3916	  173.5047
0.929	 2.28	 1	 -42.1643	  173.6870
0.929	 2.80	 1	 -42.2114	  173.7420
0.929	 2.16	 2	 -42.0327	  173.5822
0.929	 2.08	 1	 -42.5958	  173.1472
0.930	 2.19	 1	 -42.6693	  172.9933
0.930	 2.27	 1	 -42.8892	  172.6488
0.931	 2.20	 1	 -42.4940	  173.9945
0.931	 2.62	 1	 -42.5472	  173.0432
0.931	 2.27	 1	 -41.8966	  172.9058
0.931	 2.51	 1	 -42.1561	  173.7136
0.932	 2.54	 1	 -42.5593	  173.0080
0.932	 3.91	 1	 -42.3255	  173.3504
0.932	 3.14	 1	 -42.0719	  173.6939
0.933	 2.60	 1	 -42.5504	  174.9633
0.933	 3.06	 2	 -41.7639	  174.1720
0.934	 2.10	 1	 -41.8537	  173.9619
0.934	 2.25	 1	 -42.0553	  173.6681
0.935	 2.06	 1	 -41.7470	  174.2042
0.935	 2.70	 1	 -41.7831	  174.1372
0.935	 2.01	 1	 -42.0230	  173.7518
0.936	 2.36	 1	 -42.1429	  173.6678
0.936	 2.69	 1	 -41.8222	  173.7649
0.937	 2.28	 1	 -42.6304	  172.8478
0.938	 2.43	 1	 -41.7589	  174.3588
0.938	 3.22	 1	 -42.3580	  173.5309
0.939	 2.01	 1	 -41.7797	  174.1742
0.939	 2.07	 1	 -41.8918	  173.8656
0.941	 2.40	 1	 -41.7030	  174.1606
0.942	 2.69	 1	 -41.7080	  174.3466
0.942	 2.14	 1	 -41.8927	  174.1428
0.942	 2.21	 1	 -41.7938	  174.0229
0.943	 2.06	 1	 -42.1757	  173.8313
0.943	 2.31	 1	 -41.6855	  174.2506
0.943	 2.67	 1	 -41.7855	  174.1458
0.943	 2.06	 1	 -42.1318	  173.5551
0.943	 2.88	 1	 -42.6463	  172.9419
0.943	 2.14	 1	 -42.6707	  172.8477
0.944	 2.05	 1	 -41.8099	  174.3200
0.945	 2.01	 1	 -42.3352	  173.4581
0.945	 2.21	 1	 -41.8528	  173.4620
0.946	 2.03	 1	 -42.7219	  173.0770
0.946	 2.20	 1	 -42.0605	  173.7146
0.946	 2.47	 1	 -42.1966	  173.5041
0.946	 2.37	 1	 -42.4867	  173.8974
0.947	 2.05	 1	 -42.0198	  173.7663
0.947	 2.24	 1	 -41.9627	  173.9909
0.947	 2.11	 1	 -42.1453	  173.9867
0.947	 2.03	 1	 -42.4221	  173.8185
0.948	 2.41	 1	 -41.8006	  174.1632
0.949	 3.37	 1	 -42.1188	  173.6947
0.950	 3.11	 1	 -42.7284	  172.7496
0.950	 2.19	 1	 -41.8046	  174.2735
0.950	 2.64	 1	 -41.7827	  174.2743
0.951	 2.87	 2	 -41.7647	  174.2716
0.951	 2.74	 1	 -42.4778	  173.8297
0.951	 2.02	 1	 -42.3136	  173.9233
0.951	 2.25	 1	 -42.1930	  174.1176
0.951	 2.15	 1	 -42.4723	  173.1566
0.951	 2.03	 1	 -41.8708	  173.9735
0.952	 2.16	 1	 -42.2809	  173.7509
0.952	 2.11	 1	 -41.8124	  174.2075
0.953	 2.43	 1	 -42.4136	  173.8667
0.953	 2.49	 1	 -42.0692	  172.9134
0.953	 2.70	 1	 -41.7077	  174.5370
0.954	 2.28	 1	 -42.9973	  173.3412
0.954	 2.91	 1	 -42.3649	  173.8875
0.954	 2.13	 1	 -41.9820	  174.0487
0.955	 2.02	 2	 -41.9415	  173.9049
0.956	 2.16	 1	 -41.7874	  174.0409
0.956	 2.07	 1	 -42.6005	  172.9708
0.957	 2.32	 1	 -42.7290	  172.9359
0.958	 2.17	 1	 -41.9708	  173.6290
0.959	 3.03	 1	 -42.2582	  173.9178
0.959	 2.26	 1	 -42.3272	  173.6879
0.959	 2.38	 2	 -42.7263	  173.0681
0.960	 5.14	 1	 -42.5255	  173.8032
0.961	 2.38	 1	 -42.4505	  173.8381
0.961	 3.23	 1	 -42.6438	  173.0882
0.963	 3.48	 1	 -42.3596	  173.9498
0.963	 2.06	 1	 -42.3169	  173.8716
0.963	 2.17	 1	 -42.2498	  173.9921
0.964	 2.33	 1	 -42.3184	  174.6661
0.964	 2.04	 1	 -41.8226	  168.7637
0.964	 2.17	 1	 -42.5611	  173.7228
0.964	 3.35	 1	 -42.3903	  173.3297
0.964	 2.90	 1	 -41.7853	  174.3519
0.964	 3.27	 1	 -44.5855	  173.6685
0.966	 2.05	 1	 -42.5465	  173.1607
0.966	 2.76	 1	 -45.8844	  177.2430
0.966	 2.50	 1	 -42.5783	  172.5805
0.966	 3.29	 1	 -42.3366	  174.0736
0.966	 2.93	 1	 -42.3250	  174.0873
0.966	 2.33	 1	 -41.9782	  174.1746
0.967	 2.22	 1	 -42.1819	  173.4802
0.967	 2.16	 1	 -42.6484	  173.0809
0.967	 2.17	 1	 -42.4722	  173.0104
0.967	 2.33	 1	 -42.3223	  173.5890
0.968	 2.44	 1	 -41.9803	  173.8797
0.968	 2.53	 2	 -42.5547	  173.8650
0.969	 3.17	 1	 -42.3682	  173.9204
0.969	 2.71	 1	 -41.7897	  173.9563
0.970	 2.65	 1	 -42.3810	  173.3231
0.970	 2.54	 1	 -42.3204	  173.9387
0.971	 2.07	 1	 -41.7102	  174.3467
0.972	 2.90	 1	 -41.9055	  174.0850
0.972	 2.22	 1	 -41.8025	  174.4391
0.973	 2.55	 2	 -42.5031	  173.8101
0.973	 2.25	 1	 -42.2297	  173.7712
0.973	 2.58	 2	 -42.5608	  173.0611
0.974	 2.17	 1	 -42.3042	  173.5766
0.974	 2.02	 2	 -41.7981	  174.4017
0.974	 2.33	 1	 -42.3139	  173.5881
0.974	 2.09	 2	 -43.4965	  174.0811
0.975	 2.29	 1	 -41.6525	  174.2644
0.975	 3.26	 1	 -42.4064	  173.7359
0.975	 2.62	 1	 -41.9774	  173.9896
0.976	 2.40	 1	 -42.4193	  173.3349
0.976	 2.10	 1	 -41.9286	  173.8023
0.977	 2.90	 1	 -41.7782	  174.2920
0.978	 2.39	 2	 -41.7897	  174.4534
0.978	 2.57	 1	 -41.7541	  174.3605
0.978	 2.07	 1	 -41.7507	  174.1772
0.978	 2.01	 1	 -41.7416	  174.3198
0.979	 2.40	 1	 -41.7726	  174.2422
0.979	 2.61	 2	 -42.3356	  174.0706
0.980	 3.02	 1	 -42.5221	  172.7255
0.980	 2.60	 1	 -42.1749	  173.6072
0.981	 2.25	 1	 -41.8834	  174.0219
0.981	 2.04	 1	 -42.3576	  173.4184
0.982	 2.23	 2	 -43.1303	  174.5772
0.982	 2.02	 1	 -42.3528	  173.9043
0.982	 2.18	 1	 -42.0376	  173.6189
0.983	 2.16	 1	 -42.2961	  173.4587
0.983	 2.40	 1	 -40.6708	  178.6340
0.983	 2.07	 1	 -43.5103	  179.0379
0.984	 2.22	 1	 -42.3529	  173.4381
0.984	 2.55	 1	 -41.9218	  173.9532
0.984	 2.15	 1	 -42.3416	  173.3999
0.984	 2.19	 1	 -42.0370	  173.9030
0.985	 2.42	 1	 -42.3800	  173.5699
0.985	 2.01	 2	 -42.1991	  173.1564
0.985	 2.33	 1	 -42.2377	  173.5468
0.986	 2.20	 1	 -42.2398	  173.5256
0.986	 2.73	 1	 -42.3401	  173.0952
0.987	 2.30	 1	 -42.4219	  173.2933
0.987	 2.05	 1	 -41.7325	  174.2679
0.988	 2.00	 1	 -42.6250	  173.0014
0.989	 2.67	 1	 -41.8174	  174.2765
0.989	 2.22	 1	 -42.6038	  173.1736
0.991	 2.17	 1	 -42.1685	  173.7036
0.992	 2.24	 2	 -42.5289	  173.7403
0.993	 2.31	 1	 -42.0404	  174.3248
0.993	 2.14	 1	 -41.7048	  174.1574
0.995	 2.06	 1	 -42.1303	  173.4837
0.995	 3.14	 1	 -42.4312	  173.3502
0.996	 2.63	 1	 -42.2206	  173.2736
0.996	 2.27	 1	 -42.4438	  173.4127
0.996	 2.27	 1	 -42.3781	  174.1894
0.997	 2.56	 1	 -42.2073	  173.6030
0.997	 2.18	 2	 -41.6955	  174.3305
0.998	 2.11	 1	 -41.9264	  173.5031
0.998	 2.18	 1	 -42.3087	  173.3192
0.998	 4.23	 2	 -42.6209	  172.9664
0.998	 2.03	 1	 -41.9772	  173.6662
0.998	 2.16	 1	 -41.9707	  173.7406
1.000	 2.41	 1	 -42.5432	  173.0486
1.000	 2.10	 1	 -42.4541	  173.8214
1.000	 2.00	 1	 -42.0662	  173.5607
1.000	 2.41	 1	 -41.9999	  172.8602
1.001	 2.88	 1	 -42.7627	  173.1124
1.001	 2.06	 2	 -42.3401	  173.9399
1.001	 2.32	 1	 -42.3473	  173.6029
1.001	 2.35	 1	 -42.4371	  173.7435
1.001	 2.11	 1	 -42.4856	  172.9411
1.001	 3.34	 1	 -42.3536	  173.3061
1.002	 2.32	 1	 -41.9456	  174.0315
1.003	 2.12	 1	 -42.0214	  172.0914
1.003	 2.39	 1	 -42.0536	  173.6824
1.003	 3.57	 1	 -42.5187	  173.3076
1.003	 3.74	 1	 -41.0982	  175.2733
1.004	 2.25	 1	 -41.7093	  174.3233
1.004	 3.64	 1	 -41.7320	  174.3385
1.004	 2.44	 1	 -42.4150	  174.0860
1.004	 2.53	 2	 -42.7336	  172.7438
1.004	 2.57	 1	 -41.8066	  173.6385
1.005	 2.57	 1	 -41.9618	  173.6745
1.005	 2.07	 1	 -45.1387	  177.6206
1.005	 2.37	 1	 -42.4471	  173.1141
1.005	 2.88	 1	 -42.8601	  173.6737
1.006	 2.55	 1	 -42.4641	  173.8689
1.006	 2.28	 1	 -42.6356	  172.8820
1.006	 2.10	 1	 -42.3692	  174.0701
1.006	 2.37	 1	 -42.4246	  173.2372
1.006	 2.24	 1	 -41.6858	  175.1032
1.008	 2.09	 1	 -42.3901	  173.5267
1.008	 2.02	 1	 -42.2873	  173.8420
1.008	 2.07	 1	 -42.9489	  172.7421
1.008	 2.96	 1	 -42.3378	  173.6603
1.009	 2.23	 2	 -42.4470	  173.8312
1.009	 2.18	 1	 -41.8175	  174.2390
1.009	 2.10	 1	 -42.3908	  173.0901
1.010	 2.68	 2	 -42.5607	  172.8302
1.011	 2.56	 1	 -42.4223	  173.6872
1.012	 2.96	 1	 -42.0466	  173.7782
1.012	 2.63	 1	 -42.4470	  173.2133
1.012	 2.13	 1	 -42.0882	  173.3213
1.014	 2.16	 1	 -42.5672	  173.2547
1.014	 2.04	 1	 -41.7437	  174.1972
1.014	 2.65	 1	 -41.7701	  174.1317
1.014	 2.63	 2	 -42.3448	  173.6974
1.015	 2.99	 1	 -42.3091	  173.7682
1.015	 2.50	 2	 -42.0066	  173.4555
1.017	 3.45	 1	 -42.8416	  173.0173
1.017	 2.48	 1	 -41.9299	  173.7751
1.018	 2.22	 1	 -42.3224	  173.9775
1.018	 2.62	 1	 -41.5575	  175.2805
1.018	 2.00	 1	 -42.3205	  173.4893
1.018	 2.15	 2	 -42.5214	  173.7877
1.019	 2.55	 1	 -42.0362	  173.6977
1.019	 2.25	 1	 -42.2819	  173.8936
1.019	 2.15	 1	 -41.7253	  174.3468
1.019	 2.34	 1	 -42.6558	  172.7505
1.019	 2.96	 1	 -41.7476	  174.0288
1.020	 3.77	 2	 -42.4877	  173.8649
1.020	 2.14	 1	 -42.2296	  173.5613
1.021	 2.32	 1	 -42.5130	  173.8946
1.021	 2.72	 1	 -42.3627	  173.7117
1.021	 2.69	 1	 -41.7096	  173.4881
1.021	 2.43	 2	 -41.6250	  172.7939
1.021	 2.04	 1	 -42.3884	  173.7693
1.023	 2.28	 1	 -42.3986	  173.5493
1.023	 3.24	 1	 -42.0707	  173.7678
1.024	 2.19	 1	 -42.3009	  173.6130
1.024	 2.07	 1	 -42.5236	  173.2788
1.024	 2.10	 1	 -41.6964	  174.2185
1.024	 4.04	 1	 -42.3133	  174.0598
1.024	 2.45	 1	 -41.6316	  174.1473
1.025	 2.37	 3	 -42.7549	  172.7637
1.025	 2.27	 1	 -42.1934	  173.5669
1.025	 3.34	 1	 -41.7013	  174.4353
1.025	 2.60	 2	 -41.7629	  174.3607
1.026	 2.00	 1	 -41.8067	  174.2684
1.026	 2.37	 1	 -42.5867	  172.8204
1.027	 2.48	 1	 -42.7213	  173.0283
1.027	 2.09	 1	 -42.4339	  173.7739
1.027	 2.06	 1	 -42.5810	  173.0183
1.027	 2.33	 1	 -42.5938	  172.9863
1.028	 4.66	 1	 -41.6991	  174.3633
1.028	 2.07	 1	 -42.2699	  173.6272
1.028	 2.34	 1	 -41.8215	  173.6580
1.029	 2.12	 1	 -42.2593	  172.7062
1.029	 2.23	 1	 -42.5648	  172.9439
1.029	 2.04	 2	 -42.6447	  172.7540
1.030	 2.24	 1	 -44.0570	  168.0666
1.030	 2.33	 1	 -42.0485	  173.0882
1.030	 2.37	 1	 -41.6663	  174.0575
1.030	 2.20	 1	 -42.0546	  173.6391
1.030	 2.89	 1	 -42.2053	  173.6353
1.030	 3.09	 1	 -42.2949	  172.0182
1.031	 2.11	 1	 -42.2737	  173.7416
1.031	 2.37	 1	 -42.4036	  173.3703
1.032	 2.86	 1	 -42.6692	  173.0075
1.032	 3.30	 1	 -46.9713	  171.1410
1.032	 3.24	 2	 -42.5180	  173.8075
1.033	 2.11	 1	 -42.5980	  173.4504
1.034	 2.18	 1	 -42.1635	  173.6456
1.035	 2.29	 1	 -41.8108	  174.0381
1.036	 4.19	 1	 -41.7805	  173.5042
1.038	 2.74	 1	 -41.9736	  173.6015
1.038	 2.96	 1	 -41.7707	  174.2374
1.039	 2.74	 2	 -41.8293	  173.9530
1.040	 2.06	 1	 -42.2611	  174.6266
1.040	 2.39	 1	 -41.7676	  174.2389
1.040	 2.12	 1	 -42.2562	  173.4915
1.040	 2.22	 1	 -42.2158	  173.6394
1.040	 2.58	 1	 -42.3481	  173.3630
1.041	 2.57	 1	 -42.1497	  173.6019
1.041	 2.18	 1	 -42.3081	  173.6921
1.041	 2.91	 1	 -41.7721	  174.2445
1.042	 2.23	 1	 -42.3496	  174.0681
1.042	 2.14	 1	 -41.9941	  174.0861
1.042	 2.32	 1	 -42.7878	  173.0071
1.042	 2.91	 1	 -42.4166	  173.8132
1.042	 2.10	 1	 -42.2658	  173.9042
1.043	 2.04	 1	 -42.3392	  173.5596
1.043	 2.22	 1	 -42.7365	  173.0094
1.045	 2.02	 1	 -41.9577	  173.6394
1.045	 2.12	 3	 -42.6327	  172.9875
1.045	 3.69	 1	 -42.7167	  172.9644
1.045	 2.14	 1	 -42.6552	  172.7655
1.045	 3.24	 1	 -42.4080	  174.0029
1.045	 4.90	 1	 -42.2162	  173.5449
1.046	 2.02	 1	 -42.0461	  173.6969
1.047	 2.25	 1	 -41.7086	  174.4236
1.048	 2.05	 1	 -42.4513	  174.2585
1.048	 2.29	 1	 -41.6622	  174.1954
1.049	 2.12	 1	 -42.6542	  173.2612
1.049	 2.09	 1	 -42.6262	  173.0312
1.049	 2.12	 1	 -42.6428	  172.7751
1.050	 2.36	 1	 -41.6864	  174.2546
1.050	 2.18	 1	 -42.1550	  173.6587
1.051	 2.40	 1	 -41.6921	  174.2253
1.051	 2.13	 2	 -41.6974	  174.3425
1.051	 3.74	 1	 -42.6648	  173.0341
1.052	 2.05	 2	 -41.7463	  174.3081
1.052	 2.24	 1	 -42.2047	  173.5123
1.052	 2.33	 1	 -42.4517	  173.1705
1.053	 2.17	 2	 -42.5725	  173.9307
1.055	 2.07	 1	 -42.6811	  172.6987
1.055	 2.38	 1	 -42.3197	  173.7406
1.057	 2.02	 1	 -42.6032	  173.1243
1.057	 2.52	 1	 -43.5854	  173.1681
1.057	 2.59	 1	 -42.4038	  173.3044
1.058	 2.05	 1	 -42.2150	  173.5496
1.059	 2.25	 1	 -41.7960	  173.8463
1.060	 2.05	 1	 -42.0360	  174.1447
1.060	 2.37	 2	 -42.6839	  173.1975
1.060	 2.67	 1	 -41.8482	  174.2337
1.060	 2.69	 1	 -42.0323	  173.6997
1.060	 2.39	 1	 -42.5371	  173.7568
1.061	 2.14	 1	 -41.9202	  174.4103
1.061	 2.73	 1	 -42.2671	  173.0471
1.062	 2.50	 1	 -42.5469	  172.9015
1.062	 2.24	 1	 -42.3811	  173.7521
1.062	 2.44	 1	 -41.9639	  173.8700
1.063	 2.13	 1	 -41.7506	  174.5154
1.064	 3.60	 1	 -41.7049	  174.2922
1.064	 2.27	 1	 -42.0647	  173.6140
1.064	 2.27	 1	 -41.8920	  173.6693
1.065	 3.13	 1	 -42.1169	  173.5664
1.065	 3.02	 2	 -41.7841	  174.0890
1.066	 3.08	 1	 -41.7153	  174.3079
1.066	 2.16	 1	 -41.7996	  174.0742
1.066	 2.97	 1	 -42.4026	  173.7288
1.066	 2.22	 1	 -42.0032	  174.2652
1.067	 2.02	 1	 -42.5898	  173.1666
1.067	 2.25	 1	 -42.2594	  174.0038
1.068	 2.64	 1	 -42.1167	  174.2917
1.068	 2.86	 1	 -41.7853	  174.1745
1.068	 2.22	 1	 -42.6220	  172.9840
1.069	 2.25	 1	 -42.0272	  174.0368
1.069	 3.40	 1	 -42.4392	  173.3514
1.070	 2.04	 3	 -42.4891	  173.8575
1.071	 2.17	 2	 -42.5999	  173.7955
1.071	 2.44	 3	 -42.5683	  172.8204
1.072	 2.58	 1	 -42.2489	  172.4778
1.072	 2.70	 2	 -42.1920	  173.4795
1.072	 2.34	 1	 -42.1863	  173.6049
1.072	 2.18	 1	 -42.2092	  173.4940
1.072	 2.34	 1	 -41.9053	  174.1957
1.073	 2.24	 1	 -41.7173	  174.3032
1.074	 2.06	 1	 -42.3713	  174.0001
1.074	 2.36	 1	 -42.1701	  173.5668
1.075	 2.13	 1	 -43.4367	  167.7663
1.075	 3.49	 1	 -42.1108	  173.6264
1.076	 2.51	 3	 -41.7471	  174.3116
1.076	 2.33	 1	 -42.1583	  173.8066
1.077	 2.67	 1	 -41.7019	  174.2705
1.077	 2.44	 1	 -41.6621	  174.2800
1.078	 2.92	 1	 -41.7444	  174.3069
1.078	 2.65	 1	 -39.9823	  173.6924
1.079	 2.05	 1	 -41.6940	  174.2204
1.079	 2.12	 1	 -42.0858	  173.9561
1.079	 2.11	 1	 -41.9151	  173.9894
1.080	 2.60	 2	 -41.8489	  174.6511
1.080	 2.67	 1	 -42.1062	  173.8303
1.080	 3.16	 1	 -42.7049	  173.4618
1.081	 2.09	 1	 -41.8471	  173.8218
1.081	 2.27	 1	 -42.6297	  172.8919
1.082	 2.99	 1	 -41.7091	  174.3594
1.082	 2.56	 1	 -42.3046	  174.0134
1.082	 2.10	 1	 -41.9450	  173.8463
1.083	 2.36	 2	 -42.3044	  173.4590
1.083	 2.12	 1	 -41.6963	  174.4338
1.084	 3.56	 1	 -42.0166	  173.7822
1.084	 2.10	 1	 -42.3124	  173.5688
1.084	 3.08	 1	 -41.6654	  174.2389
1.084	 2.30	 1	 -42.0510	  172.9384
1.085	 2.03	 1	 -42.2695	  173.6146
1.086	 2.84	 1	 -42.4232	  173.7142
1.086	 2.36	 1	 -42.2202	  172.9044
1.086	 2.73	 1	 -42.3353	  173.4309
1.087	 2.01	 1	 -41.6395	  174.2209
1.087	 2.21	 1	 -41.8204	  174.2803
1.087	 2.04	 1	 -42.6630	  172.7880
1.088	 2.43	 1	 -41.7481	  174.3830
1.088	 2.48	 1	 -42.2701	  173.7001
1.088	 2.30	 1	 -41.9977	  173.0072
1.089	 2.76	 2	 -37.9275	  172.6660
1.090	 2.62	 1	 -42.4241	  173.0477
1.091	 2.85	 1	 -42.6278	  173.3487
1.091	 2.47	 1	 -42.1677	  173.6353
1.092	 2.03	 1	 -42.3583	  174.0439
1.092	 2.18	 1	 -41.6761	  174.3070
1.092	 2.77	 2	 -41.6636	  174.4386
1.093	 2.78	 1	 -42.3371	  173.9052
1.093	 3.54	 1	 -42.7364	  173.1576
1.093	 2.35	 2	 -41.7862	  174.1117
1.093	 2.53	 1	 -42.1059	  173.6018
1.093	 2.26	 1	 -41.7532	  174.1117
1.093	 2.03	 2	 -42.3611	  173.5258
1.094	 2.11	 1	 -41.7183	  174.1806
1.095	 2.59	 1	 -42.5612	  173.1063
1.095	 3.43	 1	 -42.2519	  173.7563
1.097	 2.38	 1	 -42.3619	  174.0472
1.098	 3.44	 1	 -41.7594	  174.2643
1.098	 2.37	 1	 -42.1351	  174.4561
1.099	 2.05	 1	 -42.0940	  173.3815
1.100	 2.08	 1	 -42.0193	  173.7095
1.100	 2.83	 1	 -41.9947	  173.6998
1.100	 2.91	 2	 -41.1002	  174.1812
1.101	 2.21	 1	 -42.5748	  172.8720
1.102	 2.13	 2	 -42.8142	  174.1330
1.102	 2.19	 1	 -42.2175	  173.6934
1.102	 2.02	 1	 -41.8898	  174.1837
1.102	 2.19	 1	 -42.2850	  173.7266
1.103	 2.25	 1	 -42.4818	  173.4701
1.104	 3.18	 1	 -41.4942	  173.8349
1.104	 2.23	 1	 -42.7023	  172.9264
1.104	 2.03	 1	 -42.6077	  172.9178
1.105	 2.11	 2	 -42.5196	  173.8006
1.105	 2.05	 2	 -41.7003	  173.8613
1.105	 2.98	 1	 -41.7395	  173.7429
1.106	 2.28	 1	 -42.1201	  172.9099
1.107	 2.73	 1	 -42.7822	  172.8937
1.107	 2.57	 1	 -42.5546	  172.7284
1.107	 2.25	 1	 -42.1093	  174.3841
1.107	 2.13	 1	 -42.0429	  173.7578
1.108	 2.11	 1	 -41.8760	  174.0633
1.109	 2.13	 1	 -42.9509	  172.8383
1.109	 2.32	 1	 -42.0737	  173.6141
1.109	 2.66	 1	 -42.8013	  173.2309
1.109	 2.72	 1	 -42.3154	  173.7306
1.109	 2.03	 1	 -41.6265	  174.1426
1.110	 2.92	 1	 -42.0048	  173.6542
1.110	 3.50	 1	 -42.7383	  173.0583
1.110	 2.80	 1	 -41.9872	  173.7269
1.110	 2.01	 1	 -42.0365	  173.5513
1.111	 2.11	 1	 -42.2547	  173.6102
1.112	 2.70	 1	 -42.7082	  172.9522
1.113	 2.07	 2	 -42.3510	  173.9553
1.113	 2.50	 1	 -42.4454	  173.6994
1.113	 2.18	 2	 -42.4333	  173.8353
1.114	 4.27	 1	 -41.6416	  174.2263
1.115	 2.10	 1	 -41.6154	  173.8767
1.116	 2.15	 1	 -42.5441	  172.8805
1.117	 2.14	 1	 -42.1583	  174.0165
1.117	 2.67	 1	 -42.4915	  173.7219
1.117	 2.11	 1	 -41.7585	  174.2027
1.119	 2.95	 1	 -42.4967	  167.6078
1.119	 2.71	 1	 -41.8701	  173.9399
1.120	 2.60	 1	 -42.4548	  173.8329
1.121	 2.40	 1	 -42.4997	  173.6364
1.121	 2.30	 1	 -42.2395	  173.6522
1.122	 2.06	 1	 -42.1295	  173.8158
1.123	 2.16	 1	 -42.1869	  173.7766
1.123	 2.42	 1	 -41.9768	  174.5337
1.123	 2.05	 1	 -42.1293	  173.5834
1.124	 2.29	 1	 -42.5649	  173.1149
1.124	 2.55	 1	 -41.7168	  174.3035
1.125	 2.10	 1	 -42.3972	  173.1384
1.126	 2.21	 2	 -42.5561	  173.7984
1.126	 2.85	 1	 -42.7399	  173.1546
1.127	 2.07	 1	 -42.1043	  173.5903
1.127	 3.22	 1	 -42.5847	  172.8919
1.127	 2.16	 1	 -42.7525	  172.9477
1.128	 3.94	 1	 -42.3953	  173.7438
1.128	 2.73	 1	 -42.0586	  173.3100
1.129	 2.05	 1	 -41.7091	  174.3024
1.129	 2.41	 1	 -42.7925	  172.8522
1.131	 2.12	 1	 -42.6018	  172.3561
1.132	 2.03	 2	 -41.7914	  173.9145
1.133	 2.16	 3	 -41.7023	  174.3497
1.134	 2.53	 1	 -41.6292	  174.2978
1.134	 2.07	 1	 -42.6203	  173.3656
1.135	 2.15	 1	 -42.2220	  173.6003
1.135	 2.57	 1	 -42.5718	  172.9890
1.135	 2.16	 1	 -42.3673	  173.7634
1.135	 2.07	 1	 -41.9181	  173.0458
1.135	 4.34	 1	 -42.2117	  173.3240
1.135	 2.32	 1	 -42.2146	  173.7326
1.136	 2.74	 1	 -42.6094	  173.1366
1.136	 2.11	 2	 -42.1704	  173.5807
1.136	 2.01	 2	 -42.7385	  173.0541
1.136	 2.14	 1	 -42.2762	  173.8861
1.136	 2.07	 1	 -41.6667	  174.3033
1.136	 2.43	 3	 -42.6212	  172.9689
1.138	 2.40	 1	 -42.3541	  173.5753
1.138	 2.61	 1	 -41.6936	  174.1761
1.139	 2.24	 1	 -42.2386	  173.8266
1.139	 2.46	 1	 -42.4452	  173.1727
1.139	 2.10	 1	 -42.2294	  174.6017
1.140	 2.85	 1	 -41.7945	  174.2216
1.141	 2.33	 1	 -41.8201	  174.2540
1.141	 2.04	 1	 -42.7661	  172.5404
1.141	 2.02	 1	 -41.6275	  174.0268
1.142	 2.61	 1	 -42.3313	  173.7375
1.144	 2.21	 1	 -41.5687	  173.8339
1.146	 2.14	 1	 -42.7148	  173.0007
1.146	 2.27	 1	 -42.7926	  173.0188
1.146	 2.07	 1	 -41.9871	  173.7186
1.147	 2.02	 1	 -42.5931	  173.1349
1.147	 3.32	 1	 -42.4231	  173.5460
1.148	 2.13	 1	 -41.7944	  174.2419
1.148	 2.61	 1	 -41.9430	  173.6749
1.149	 2.45	 1	 -42.6022	  173.7327
1.150	 2.39	 1	 -42.5404	  173.1494
1.150	 2.70	 1	 -42.5189	  173.3523
1.151	 2.58	 1	 -42.3407	  173.8260
1.151	 2.69	 1	 -42.4266	  173.9890
1.151	 2.09	 1	 -42.1473	  172.9167
1.151	 2.23	 1	 -42.5472	  172.8514
1.152	 2.92	 1	 -42.1577	  173.7191
1.152	 2.17	 1	 -41.8068	  174.2032
1.153	 2.18	 1	 -42.7602	  173.5696
1.153	 4.03	 2	 -41.7837	  173.4988
1.154	 2.23	 1	 -41.7502	  174.4006
1.155	 2.16	 1	 -42.6632	  173.3946
1.155	 2.28	 1	 -42.5741	  173.0093
1.157	 2.23	 1	 -40.5622	  173.7489
1.157	 2.06	 1	 -42.6521	  172.9778
1.158	 2.26	 3	 -41.7696	  173.4896
1.159	 2.16	 1	 -41.6744	  174.2714
1.160	 2.44	 1	 -41.7695	  173.8510
1.160	 2.39	 1	 -41.8315	  174.2251
1.160	 2.56	 1	 -42.2329	  173.6725
1.160	 2.10	 1	 -42.6099	  172.8440
1.161	 2.26	 1	 -42.3091	  173.5799
1.162	 4.83	 1	 -42.1101	  173.6598
1.162	 2.21	 1	 -42.2697	  173.4668
1.162	 2.97	 1	 -43.2408	  173.8723
1.162	 2.33	 1	 -41.7570	  174.2789
1.162	 2.16	 1	 -42.3490	  173.0679
1.163	 2.31	 1	 -41.8469	  174.3835
1.164	 2.70	 1	 -41.4645	  174.0228
1.164	 2.05	 1	 -42.3975	  173.5098
1.165	 2.64	 1	 -41.9084	  167.6156
1.166	 2.01	 1	 -41.7207	  174.2903
1.168	 2.03	 2	 -41.9332	  173.9689
1.169	 2.17	 1	 -41.7899	  174.2982
1.170	 2.10	 1	 -41.9445	  173.8388
1.171	 2.57	 2	 -42.4446	  173.6874
1.171	 2.20	 1	 -42.1643	  174.1429
1.172	 2.63	 1	 -41.7991	  174.2629
1.173	 2.07	 1	 -42.1176	  173.6521
1.173	 2.53	 1	 -42.5851	  173.0392
1.174	 2.29	 1	 -42.2167	  173.5962
1.174	 2.13	 1	 -40.8780	  174.6781
1.175	 2.24	 1	 -42.0042	  174.1012
1.175	 2.09	 1	 -42.9745	  173.2031
1.176	 2.62	 1	 -42.5767	  172.6619
1.177	 2.04	 1	 -41.6315	  174.3004
1.177	 2.44	 1	 -41.9808	  173.6023
1.177	 2.44	 1	 -42.5547	  172.6259
1.178	 2.88	 1	 -41.6091	  174.3310
1.178	 2.26	 1	 -43.0167	  172.3748
1.178	 2.02	 2	 -42.6658	  173.4981
1.180	 2.33	 1	 -42.6223	  172.8762
1.180	 2.25	 2	 -37.9353	  172.6585
1.181	 2.56	 1	 -41.9347	  173.9624
1.181	 2.03	 1	 -42.0625	  173.7295
1.182	 2.07	 1	 -42.7421	  172.8430
1.182	 2.67	 1	 -43.2093	  172.0161
1.182	 2.17	 2	 -42.3371	  174.0026
1.183	 2.25	 1	 -42.0551	  173.9517
1.183	 2.26	 1	 -42.2661	  173.7669
1.184	 2.01	 1	 -41.7311	  174.2773
1.185	 2.19	 1	 -41.7435	  174.2883
1.186	 2.05	 1	 -42.9353	  172.8776
1.186	 2.13	 1	 -41.6557	  174.3094
1.187	 2.47	 1	 -41.7118	  174.2445
1.188	 2.37	 1	 -42.0687	  173.7630
1.190	 2.15	 1	 -42.6599	  172.7762
1.190	 3.07	 1	 -42.5650	  173.0947
1.191	 2.38	 3	 -42.6847	  172.7047
1.194	 2.14	 1	 -42.1040	  173.5592
1.197	 2.08	 1	 -42.1054	  173.7397
1.197	 2.53	 1	 -42.6012	  173.0573
1.197	 2.04	 1	 -42.4366	  173.5585
1.198	 2.21	 1	 -42.5691	  173.6679
1.198	 2.49	 1	 -42.3381	  173.5862
1.199	 2.43	 1	 -41.7592	  173.5862
1.199	 2.05	 1	 -41.7638	  174.2416
1.200	 3.71	 1	 -42.1603	  173.6425
1.201	 2.19	 1	 -41.7736	  174.2298
1.201	 3.75	 1	 -42.2341	  173.7398
1.203	 2.50	 2	 -42.3959	  172.9214
1.203	 2.15	 1	 -42.4496	  173.7863
1.203	 2.41	 1	 -41.7959	  174.0522
1.205	 2.20	 2	 -42.3783	  173.2160
1.206	 2.46	 1	 -41.9611	  173.7380
1.207	 2.62	 1	 -41.7115	  174.3015
1.207	 2.38	 1	 -42.7660	  174.0788
1.208	 3.44	 1	 -42.3023	  173.2212
1.208	 2.25	 1	 -42.5146	  173.1237
1.209	 3.96	 1	 -42.3302	  173.7511
1.209	 2.15	 1	 -42.4726	  173.1231
1.209	 2.05	 1	 -42.0048	  172.8106
1.211	 2.87	 1	 -41.7516	  174.1744
1.212	 2.15	 1	 -41.7964	  174.2326
1.212	 2.47	 2	 -41.7790	  174.1522
1.213	 2.19	 1	 -41.8549	  173.9269
1.213	 3.90	 1	 -42.3679	  173.8687
1.214	 2.17	 1	 -41.7622	  173.9697
1.214	 2.23	 1	 -41.6975	  174.3164
1.214	 2.30	 2	 -42.1179	  173.6792
1.215	 2.15	 1	 -42.1152	  173.6200
1.216	 2.16	 1	 -41.9171	  174.1618
1.216	 2.06	 2	 -41.9168	  173.7162
1.216	 2.10	 1	 -42.1007	  173.5389
1.216	 3.06	 1	 -42.4789	  173.3370
1.217	 2.74	 2	 -41.5717	  175.0876
1.221	 2.11	 1	 -42.0937	  174.6825
1.221	 2.67	 1	 -42.4599	  173.1831
1.221	 2.28	 1	 -42.5187	  173.0573
1.221	 2.24	 2	 -42.0157	  173.7942
1.221	 2.66	 1	 -42.2197	  173.7062
1.222	 2.08	 1	 -41.7865	  174.2184
1.223	 2.17	 1	 -41.7491	  174.3644
1.223	 2.21	 1	 -42.3240	  173.7261
1.223	 2.02	 1	 -41.8253	  174.1572
1.224	 2.01	 1	 -42.3304	  174.0025
1.224	 2.17	 1	 -41.9790	  173.6451
1.224	 2.42	 1	 -42.1955	  173.6297
1.225	 2.02	 1	 -42.4323	  173.6885
1.225	 2.82	 1	 -42.3502	  173.8871
1.225	 2.09	 1	 -42.6560	  173.1072
1.226	 2.17	 1	 -42.1094	  172.8908
1.227	 2.50	 1	 -42.4219	  173.3398
1.228	 2.16	 1	 -41.9155	  174.1341
1.228	 2.35	 1	 -41.9958	  173.6931
1.228	 2.07	 2	 -42.4122	  173.5466
1.229	 2.02	 2	 -41.7872	  174.0404
1.229	 2.19	 1	 -41.7332	  174.2347
1.229	 2.02	 2	 -42.5622	  173.1080
1.230	 2.19	 1	 -42.4051	  172.9557
1.231	 2.37	 1	 -42.4701	  173.1519
1.232	 2.02	 1	 -42.3015	  173.9920
1.232	 2.37	 1	 -42.3349	  173.7023
1.232	 2.37	 1	 -41.7512	  174.1393
1.233	 2.98	 1	 -41.8807	  174.1703
1.234	 2.03	 1	 -42.3238	  173.7325
1.234	 2.89	 1	 -42.0473	  173.5191
1.234	 2.58	 1	 -42.0087	  173.6550
1.234	 2.46	 2	 -41.9662	  174.0536
1.235	 2.33	 2	 -42.3064	  173.6155
1.235	 2.80	 2	 -42.5908	  174.0171
1.235	 2.64	 1	 -42.6018	  174.9146
1.236	 2.40	 1	 -42.2751	  173.7491
1.236	 2.57	 1	 -42.1519	  173.6247
1.236	 2.08	 2	 -42.4063	  173.3322
1.237	 2.64	 1	 -42.4819	  173.6466
1.237	 2.17	 1	 -41.8602	  173.7520
1.237	 2.00	 1	 -42.0884	  174.2850
1.237	 2.47	 1	 -42.6391	  172.7368
1.237	 3.40	 1	 -42.1703	  172.7502
1.238	 3.13	 1	 -42.2242	  173.7708
1.238	 2.46	 1	 -41.9460	  173.7672
1.238	 2.06	 3	 -41.7998	  173.5099
1.241	 2.02	 1	 -42.1906	  173.6597
1.241	 2.84	 1	 -42.1899	  173.8159
1.241	 2.96	 1	 -42.5635	  173.0901
1.242	 2.61	 1	 -42.0207	  173.6913
1.242	 2.64	 1	 -42.1031	  173.5914
1.243	 2.15	 1	 -42.1070	  173.6969
1.243	 2.35	 1	 -42.2481	  173.7483
1.244	 2.06	 1	 -41.7223	  174.2698
1.245	 2.11	 1	 -42.6625	  168.9502
1.245	 2.21	 2	 -41.7053	  173.8601
1.246	 2.75	 1	 -42.0482	  174.7106
1.246	 2.01	 1	 -42.7427	  172.8429
1.246	 2.17	 1	 -41.8196	  174.1482
1.247	 2.24	 2	 -42.2184	  173.5542
1.247	 2.29	 1	 -42.2374	  173.9134
1.248	 2.07	 1	 -41.7019	  174.3112
1.250	 2.75	 1	 -41.9301	  174.0237
1.252	 2.14	 2	 -42.3267	  173.9369
1.252	 2.04	 1	 -41.5630	  174.5434
1.253	 2.22	 1	 -42.4882	  173.8056
1.253	 3.31	 1	 -41.8214	  174.2581
1.253	 2.18	 1	 -42.2319	  173.6839
1.254	 3.56	 1	 -42.1388	  173.7744
1.256	 2.09	 1	 -42.4369	  173.1469
1.256	 2.01	 1	 -42.3504	  173.9111
1.256	 2.47	 1	 -41.5133	  175.2360
1.257	 2.00	 2	 -42.3772	  173.8535
1.259	 2.85	 1	 -42.1755	  173.6231
1.259	 2.26	 1	 -41.9820	  173.7821
1.259	 2.05	 1	 -42.1382	  173.5786
1.260	 2.34	 1	 -42.7437	  173.0909
1.261	 2.06	 1	 -42.0855	  173.5851
1.261	 2.12	 1	 -41.6823	  174.2338
1.261	 2.05	 1	 -42.3236	  174.0436
1.261	 2.72	 1	 -42.3075	  173.9292
1.261	 2.07	 1	 -42.5447	  173.1948
1.262	 2.91	 2	 -42.7064	  172.7681
1.262	 2.10	 1	 -41.9606	  174.0001
1.263	 2.90	 1	 -41.4276	  173.8719
1.263	 2.15	 1	 -42.3126	  173.8390
1.263	 2.26	 1	 -42.7198	  173.5908
1.263	 2.59	 1	 -41.7848	  174.2319
1.264	 2.22	 1	 -41.7730	  174.1686
1.264	 2.24	 1	 -42.3495	  173.9035
1.264	 2.95	 1	 -42.2581	  173.5751
1.265	 2.75	 1	 -42.5695	  173.8917
1.266	 2.40	 1	 -41.7231	  174.1711
1.266	 2.64	 1	 -41.9541	  173.1874
1.266	 2.55	 1	 -41.6901	  174.2666
1.267	 2.14	 1	 -42.4930	  173.1292
1.268	 2.02	 1	 -42.2567	  174.7567
1.268	 2.80	 1	 -42.8585	  172.7477
1.269	 2.37	 1	 -43.5169	  172.5393
1.269	 2.48	 1	 -42.6230	  172.9348
1.269	 2.16	 1	 -42.4630	  173.0118
1.270	 2.19	 1	 -41.7798	  174.1979
1.270	 2.08	 2	 -41.4291	  173.8672
1.271	 2.11	 1	 -41.8035	  174.3475
1.271	 2.18	 1	 -42.5290	  173.3502
1.271	 2.75	 1	 -42.2857	  173.5989
1.271	 2.04	 1	 -42.5973	  173.0714
1.272	 2.02	 1	 -42.7396	  172.1162
1.272	 2.03	 1	 -41.7539	  174.4444
1.275	 2.74	 1	 -42.0768	  173.5353
1.276	 2.01	 1	 -42.0536	  173.7189
1.277	 2.37	 1	 -41.8903	  174.1885
1.278	 2.03	 1	 -41.8545	  174.2877
1.278	 2.78	 1	 -42.6736	  172.7144
1.278	 2.36	 1	 -41.7211	  174.3346
1.278	 2.13	 1	 -42.2087	  173.3281
1.279	 2.08	 1	 -41.8439	  173.6862
1.280	 2.08	 1	 -42.3794	  173.7158
1.280	 2.09	 1	 -42.6000	  173.1529
1.281	 2.05	 1	 -42.2273	  173.6286
1.282	 2.58	 1	 -41.7096	  174.3320
1.284	 2.64	 1	 -41.6703	  174.2400
1.284	 2.15	 1	 -41.7110	  174.2808
1.284	 2.22	 1	 -41.9799	  173.6530
1.285	 2.15	 1	 -41.1410	  180.2258
1.285	 2.18	 1	 -41.6470	  173.3888
1.285	 2.06	 1	 -42.7245	  172.8647
1.285	 2.21	 1	 -42.1021	  174.2456
1.285	 2.06	 1	 -41.7819	  174.2112
1.286	 2.06	 1	 -42.0207	  173.6695
1.286	 2.16	 1	 -41.7355	  174.1820
1.286	 2.06	 1	 -41.8295	  174.3186
1.286	 2.67	 1	 -42.1581	  173.7920
1.286	 2.44	 1	 -42.5419	  173.0818
1.287	 2.50	 1	 -41.8891	  173.9682
1.287	 2.10	 1	 -42.7886	  173.0739
1.288	 2.19	 1	 -41.7462	  174.0954
1.288	 2.26	 1	 -42.6624	  172.9891
1.288	 2.87	 1	 -42.8685	  172.3448
1.289	 2.91	 1	 -42.0645	  173.9106
1.289	 2.25	 1	 -41.9021	  174.0945
1.289	 2.63	 2	 -42.5242	  173.7841
1.290	 2.73	 1	 -42.6120	  174.0681
1.290	 2.04	 1	 -42.2204	  173.6072
1.292	 3.66	 1	 -41.7443	  174.2159
1.293	 2.29	 1	 -42.3462	  173.9003
1.293	 2.65	 1	 -42.1522	  173.6258
1.293	 3.08	 1	 -41.6964	  174.3056
1.293	 2.03	 1	 -42.5067	  173.7937
1.293	 2.23	 1	 -42.5506	  173.1524
1.294	 2.01	 1	 -42.8652	  173.4001
1.294	 2.86	 1	 -42.0611	  173.6902
1.295	 2.77	 1	 -41.8925	  173.6842
1.295	 2.47	 3	 -42.3097	  174.0501
1.295	 2.74	 1	 -41.6995	  174.2789
1.297	 2.02	 1	 -42.7283	  172.7847
1.298	 2.50	 1	 -42.1822	  173.5819
1.300	 2.08	 1	 -41.7156	  173.8080
1.300	 2.03	 1	 -42.1955	  173.7450
1.301	 2.08	 1	 -41.9539	  174.0003
1.301	 2.21	 1	 -42.1269	  173.6353
1.302	 2.41	 1	 -42.6351	  173.1428
1.302	 2.41	 1	 -42.4835	  173.0505
1.303	 2.29	 1	 -42.3246	  174.0133
1.303	 2.50	 1	 -42.2648	  173.6080
1.303	 2.85	 1	 -42.0088	  173.6674
1.304	 2.67	 1	 -43.5865	  170.8556
1.305	 2.73	 1	 -46.1005	  169.0310
1.305	 2.36	 1	 -42.5135	  173.8449
1.305	 2.40	 1	 -41.8296	  173.4595
1.306	 2.15	 1	 -42.6938	  172.7409
1.307	 2.50	 1	 -42.2952	  173.1200
1.307	 2.36	 1	 -41.7381	  174.2482
1.307	 2.05	 2	 -42.2954	  168.2613
1.308	 4.35	 1	 -42.2644	  173.7364
1.308	 2.08	 1	 -41.7435	  174.1946
1.309	 2.43	 1	 -42.3450	  174.0596
1.310	 2.02	 1	 -42.2460	  173.6628
1.310	 2.32	 1	 -42.8863	  172.8746
1.311	 2.35	 1	 -41.9561	  173.7360
1.312	 2.26	 1	 -42.5562	  173.3446
1.314	 2.06	 1	 -42.3244	  173.4569
1.314	 3.29	 1	 -42.6309	  173.1360
1.315	 2.49	 1	 -42.6307	  173.4099
1.316	 2.28	 2	 -41.7153	  174.4357
1.316	 3.55	 1	 -42.7444	  174.4407
1.316	 2.13	 1	 -40.2133	  170.4599
1.316	 2.36	 1	 -41.7809	  174.2441
1.317	 2.11	 1	 -42.8204	  174.1171
1.320	 2.18	 1	 -41.8997	  173.8632
1.320	 2.22	 1	 -43.0382	  174.0517
1.321	 2.36	 1	 -42.2291	  173.6277
1.321	 3.00	 2	 -41.7166	  173.8712
1.321	 2.85	 2	 -42.2043	  173.5544
1.321	 2.23	 1	 -41.8153	  174.0148
1.322	 2.92	 1	 -42.4497	  173.1968
1.322	 2.31	 1	 -42.4924	  173.4563
1.322	 2.77	 1	 -41.7247	  174.2914
1.322	 2.60	 1	 -41.7843	  174.3958
1.322	 2.74	 1	 -42.1152	  173.5825
1.323	 2.37	 1	 -42.6387	  172.0685
1.324	 2.20	 1	 -42.3708	  173.8089
1.325	 2.04	 1	 -41.8601	  174.0033
1.328	 3.30	 1	 -42.6063	  172.9749
1.328	 2.16	 1	 -41.8230	  173.9890
1.329	 2.21	 1	 -42.3373	  174.0190
1.330	 2.21	 1	 -42.5921	  173.1479
1.330	 2.38	 1	 -41.5360	  173.4575
1.331	 2.18	 1	 -42.4404	  173.1759
1.331	 2.11	 1	 -42.6835	  172.8059
1.332	 2.04	 1	 -41.5504	  174.4418
1.332	 2.02	 1	 -42.2941	  173.6455
1.333	 3.72	 1	 -42.7419	  172.7430
1.333	 2.34	 1	 -41.7117	  174.2384
1.333	 2.44	 1	 -42.4412	  173.1724
1.335	 2.63	 1	 -42.9475	  172.5786
1.336	 2.10	 1	 -42.3328	  173.1738
1.336	 2.65	 1	 -42.8152	  172.9934
1.336	 2.01	 1	 -41.6972	  174.1916
1.336	 2.35	 1	 -42.4817	  173.3318
1.336	 2.31	 1	 -42.2478	  173.6149
1.336	 3.13	 1	 -41.7610	  174.3027
1.337	 2.31	 1	 -42.1750	  173.6738
1.338	 2.99	 1	 -42.3691	  173.7604
1.338	 2.58	 1	 -42.1810	  174.0574
1.339	 2.03	 1	 -42.4146	  173.4852
1.340	 2.14	 1	 -42.4710	  173.7290
1.340	 2.98	 1	 -41.4588	  173.3758
1.341	 2.64	 1	 -42.6925	  172.8510
1.341	 2.79	 1	 -41.7025	  174.2382
1.341	 3.46	 1	 -41.8687	  167.6199
1.342	 2.41	 1	 -42.8616	  174.1789
1.342	 2.45	 1	 -41.6938	  174.2312
1.344	 2.07	 1	 -41.6906	  174.1840
1.344	 2.18	 1	 -41.7032	  174.1294
1.345	 2.11	 1	 -41.7329	  174.3450
1.345	 2.59	 1	 -42.6391	  173.2039
1.345	 2.32	 1	 -41.7160	  174.2938
1.345	 2.37	 1	 -41.7056	  174.4185
1.346	 2.07	 1	 -41.8925	  173.9801
1.346	 2.60	 1	 -42.6331	  172.0765
1.347	 2.27	 2	 -42.5715	  173.8976
1.347	 2.68	 1	 -42.6589	  172.6485
1.348	 2.55	 1	 -42.2494	  173.7517
1.348	 2.48	 1	 -41.6577	  174.2443
1.348	 2.41	 1	 -42.6828	  172.8571
1.349	 2.38	 1	 -42.1878	  173.5443
1.350	 2.31	 1	 -42.6365	  175.1349
1.350	 3.19	 1	 -41.6855	  174.2896
1.350	 2.09	 1	 -42.0690	  173.5390
1.350	 2.01	 2	 -41.6929	  174.2507
1.351	 2.17	 1	 -42.4133	  173.7573
1.352	 2.30	 1	 -41.8182	  174.5059
1.352	 3.69	 1	 -42.2947	  173.7519
1.353	 2.78	 1	 -41.2410	  173.8691
1.354	 2.09	 1	 -43.2790	  172.5894
1.357	 2.41	 1	 -42.4477	  173.7779
1.358	 2.44	 1	 -41.7884	  174.1525
1.358	 2.00	 1	 -41.8250	  174.2691
1.358	 3.49	 1	 -42.5809	  172.7515
1.359	 2.31	 1	 -42.3068	  173.7437
1.359	 3.81	 1	 -42.3328	  174.0040
1.360	 2.15	 1	 -42.4030	  172.4943
1.360	 4.15	 1	 -41.1310	  167.7681
1.360	 2.13	 2	 -42.0447	  173.6495
1.360	 2.37	 1	 -42.3362	  173.8972
1.360	 2.12	 1	 -41.9954	  173.7531
1.360	 2.24	 1	 -42.2731	  173.6187
1.361	 2.03	 2	 -42.5518	  173.8411
1.361	 2.84	 1	 -42.1069	  173.8772
1.361	 2.13	 1	 -41.8787	  174.0304
1.361	 2.27	 1	 -42.6968	  173.7905
1.361	 2.21	 2	 -41.1838	  167.7421
1.362	 2.01	 1	 -41.9924	  173.6405
1.362	 2.11	 2	 -42.2130	  173.3423
1.363	 2.25	 1	 -42.5576	  172.8165
1.363	 2.24	 1	 -42.3267	  173.4722
1.364	 3.09	 2	 -41.9084	  173.7288
1.367	 3.07	 1	 -42.3010	  173.0467
1.368	 2.20	 1	 -42.4373	  173.1711
1.368	 2.67	 1	 -42.2169	  173.7555
1.368	 2.04	 1	 -42.0832	  171.0294
1.369	 2.94	 1	 -41.7528	  174.2684
1.369	 2.01	 1	 -42.6706	  172.8164
1.369	 3.51	 1	 -42.6774	  173.2378
1.370	 2.40	 2	 -42.2140	  173.5482
1.370	 2.33	 2	 -39.2542	  173.1403
1.371	 2.20	 1	 -41.8511	  174.2211
1.372	 2.11	 1	 -43.3965	  173.4901
1.372	 2.34	 1	 -42.4069	  173.7494
1.373	 2.02	 1	 -42.7932	  173.0854
1.373	 2.88	 1	 -41.7610	  174.2407
1.373	 2.23	 2	 -42.2761	  173.7322
1.373	 2.21	 1	 -42.2228	  173.6832
1.374	 2.47	 1	 -41.8104	  174.0108
1.375	 2.22	 1	 -41.8331	  174.1000
1.376	 2.35	 2	 -42.3497	  173.7788
1.376	 2.15	 1	 -41.8328	  174.0591
1.376	 2.77	 1	 -41.8120	  174.1888
1.377	 2.06	 1	 -42.2477	  173.7348
1.377	 3.30	 1	 -42.4995	  172.9940
1.378	 2.13	 1	 -42.1568	  173.8662
1.378	 2.47	 1	 -41.8884	  175.0592
1.378	 2.59	 1	 -42.6755	  172.7918
1.380	 2.28	 1	 -42.4971	  173.0990
1.380	 2.30	 1	 -42.5820	  173.1777
1.381	 2.36	 1	 -41.9488	  174.0337
1.381	 2.11	 1	 -41.7492	  174.1894
1.381	 2.13	 1	 -41.7574	  174.3026
1.381	 2.34	 1	 -41.7443	  174.2487
1.382	 2.67	 1	 -42.6031	  173.1585
1.382	 2.46	 1	 -37.5231	  172.3319
1.383	 2.60	 1	 -41.8703	  173.6954
1.383	 2.15	 1	 -42.7832	  174.6516
1.385	 2.01	 1	 -42.4206	  173.1835
1.385	 2.31	 1	 -42.3440	  174.0112
1.385	 2.57	 1	 -41.7289	  174.2526
1.385	 2.32	 1	 -41.9628	  173.6387
1.386	 2.01	 1	 -42.0077	  173.5997
1.388	 3.14	 1	 -42.3676	  173.1335
1.389	 2.15	 1	 -42.3565	  173.7473
1.390	 2.52	 1	 -41.7527	  174.1147
1.391	 2.14	 1	 -42.3401	  174.0700
1.391	 2.01	 1	 -41.7453	  174.3953
1.391	 3.63	 1	 -41.7214	  174.3289
1.392	 2.46	 1	 -41.8725	  173.9847
1.392	 3.34	 2	 -41.6361	  174.0515
1.393	 2.06	 2	 -41.5433	  174.2885
1.394	 2.16	 1	 -42.2955	  173.5257
1.394	 2.08	 1	 -42.5507	  173.8040
1.394	 2.08	 1	 -42.1246	  173.6406
1.395	 2.14	 1	 -42.5414	  173.9013
1.395	 2.06	 1	 -42.2498	  173.8618
1.396	 2.38	 1	 -42.4659	  173.1193
1.396	 2.74	 1	 -43.8822	  170.7146
1.396	 3.55	 1	 -41.6768	  173.1001
1.396	 2.19	 1	 -41.7810	  174.2520
1.399	 2.68	 1	 -42.1141	  173.7546
1.400	 3.19	 1	 -41.7912	  174.2264
1.401	 2.24	 1	 -42.5867	  172.8730
1.402	 2.10	 1	 -41.8254	  174.1624
1.402	 2.57	 1	 -42.5217	  173.0923
1.405	 2.21	 1	 -42.3641	  173.5728
1.405	 2.05	 1	 -42.2504	  173.7409
1.406	 2.13	 1	 -42.1045	  173.5724
1.406	 2.19	 1	 -42.2359	  173.7811
1.406	 2.28	 1	 -42.0974	  173.7027
1.408	 2.08	 1	 -42.2513	  173.7139
1.408	 2.13	 2	 -42.1350	  173.6320
1.409	 2.40	 1	 -41.9310	  174.0663
1.410	 3.75	 1	 -41.7504	  174.2606
1.411	 3.95	 1	 -42.4112	  173.7495
1.412	 4.14	 1	 -42.1950	  173.4756
1.413	 2.10	 1	 -41.8284	  174.2571
1.415	 2.34	 1	 -41.8640	  173.7023
1.416	 2.29	 1	 -42.6325	  173.0677
1.416	 2.90	 1	 -42.2822	  173.6957
1.416	 2.63	 3	 -41.7381	  174.1708
1.416	 2.28	 1	 -41.7460	  174.2634
1.417	 2.29	 1	 -43.1061	  173.5643
1.421	 2.44	 1	 -40.6208	  174.9679
1.421	 2.15	 1	 -41.7892	  174.2137
1.422	 2.26	 1	 -41.6352	  174.1983
1.422	 3.12	 2	 -42.6636	  173.1438
1.423	 4.23	 1	 -42.3210	  173.7640
1.423	 3.44	 1	 -41.8391	  174.2289
1.424	 3.18	 1	 -41.8602	  174.1538
1.426	 3.13	 1	 -42.5352	  173.4239
1.426	 2.71	 1	 -42.2086	  173.5226
1.427	 2.02	 1	 -42.5427	  173.1619
1.427	 2.33	 1	 -42.5010	  173.2704
1.427	 2.09	 1	 -42.4070	  173.3368
1.428	 2.57	 2	 -42.0751	  173.5801
1.428	 2.65	 2	 -41.8012	  174.1270
1.428	 2.25	 1	 -42.7150	  172.9322
1.430	 2.08	 1	 -42.0162	  173.7132
1.430	 2.14	 1	 -41.7490	  174.4801
1.431	 2.01	 1	 -41.7779	  174.1180
1.431	 2.35	 1	 -41.9527	  173.6820
1.433	 2.01	 1	 -42.1924	  173.6522
1.433	 2.25	 1	 -42.2606	  173.8722
1.435	 2.63	 2	 -41.7798	  173.3946
1.435	 4.07	 1	 -42.3203	  172.7520
1.436	 2.67	 1	 -42.6654	  172.8595
1.436	 2.20	 1	 -42.2420	  173.8859
1.436	 2.52	 1	 -42.2606	  173.5928
1.437	 2.35	 1	 -42.4871	  172.9455
1.437	 2.07	 1	 -42.2873	  173.7273
1.437	 2.06	 1	 -42.3274	  173.9542
1.438	 3.37	 1	 -41.9948	  174.1133
1.439	 2.35	 1	 -41.6983	  174.1794
1.439	 2.20	 1	 -41.6961	  174.2037
1.441	 2.77	 1	 -41.7761	  174.1872
1.441	 2.29	 1	 -41.7143	  174.2050
1.442	 2.03	 1	 -41.9906	  173.5980
1.442	 2.27	 2	 -41.7477	  174.2748
1.442	 2.55	 1	 -41.7898	  172.2967
1.442	 2.45	 1	 -41.1101	  173.9991
1.442	 2.63	 1	 -41.5452	  174.2863
1.443	 2.30	 1	 -42.4447	  173.3081
1.443	 2.57	 1	 -42.3821	  173.0810
1.443	 2.25	 1	 -42.2155	  173.5157
1.444	 3.24	 1	 -42.0310	  174.1140
1.444	 2.01	 1	 -41.8840	  173.6940
1.445	 2.70	 1	 -42.0331	  173.7266
1.445	 2.42	 1	 -41.7575	  173.9583
1.445	 2.35	 1	 -42.1975	  174.1562
1.445	 2.66	 1	 -42.6372	  172.9853
1.446	 2.66	 1	 -42.9064	  179.6622
1.449	 2.13	 1	 -42.6097	  172.9203
1.449	 2.02	 1	 -42.7629	  172.7931
1.449	 3.06	 1	 -41.7832	  172.5396
1.449	 2.55	 1	 -41.7743	  174.3583
1.450	 2.50	 1	 -42.5355	  173.1794
1.451	 3.23	 1	 -42.5106	  173.7138
1.451	 2.25	 1	 -42.1675	  173.6087
1.452	 2.93	 2	 -42.1039	  173.6583
1.453	 2.61	 1	 -42.3581	  173.5617
1.454	 2.28	 1	 -42.9423	  172.6481
1.455	 2.17	 1	 -41.9123	  172.7685
1.456	 2.04	 2	 -42.2827	  173.5949
1.456	 2.73	 1	 -41.7505	  174.3658
1.458	 2.18	 1	 -41.8437	  174.1658
1.458	 2.57	 1	 -41.6787	  174.2954
1.460	 2.27	 1	 -41.6514	  174.2529
1.460	 2.87	 1	 -42.6273	  172.9215
1.461	 2.35	 1	 -42.2653	  173.5178
1.462	 3.05	 1	 -42.7470	  174.1010
1.462	 2.25	 1	 -41.7426	  174.3768
1.464	 2.45	 1	 -41.7085	  174.2627
1.464	 2.22	 1	 -42.6378	  172.8163
1.464	 2.98	 1	 -42.2496	  173.6832
1.465	 3.06	 1	 -42.1553	  173.9960
1.465	 2.31	 1	 -42.1085	  172.8842
1.466	 2.11	 1	 -41.7590	  174.2402
1.467	 2.40	 1	 -41.9835	  174.0019
1.467	 2.09	 1	 -42.8864	  173.1809
1.468	 3.04	 2	 -42.3527	  173.5135
1.469	 2.36	 1	 -42.2231	  174.3945
1.469	 2.96	 1	 -42.3460	  173.9885
1.469	 2.18	 1	 -41.7667	  174.2422
1.469	 2.51	 2	 -43.7993	  170.7370
1.469	 2.05	 1	 -41.7961	  174.1970
1.471	 2.88	 1	 -42.7577	  173.1426
1.471	 2.06	 1	 -41.8426	  174.4710
1.471	 2.12	 1	 -42.0181	  174.0399
1.474	 2.02	 1	 -42.6641	  173.6785
1.474	 3.78	 1	 -41.9244	  173.6866
1.474	 2.53	 1	 -42.6515	  173.0016
1.475	 2.16	 1	 -42.2202	  173.7657
1.477	 2.98	 1	 -41.8685	  173.9531
1.481	 2.16	 1	 -42.1975	  173.5937
1.481	 3.63	 1	 -41.6949	  174.2627
1.481	 3.28	 1	 -41.7498	  174.1835
1.482	 2.39	 1	 -42.2047	  173.6252
1.482	 2.45	 1	 -42.2000	  173.8145
1.483	 2.26	 1	 -41.9935	  173.7384
1.483	 2.02	 1	 -42.1820	  174.2513
1.483	 3.53	 1	 -42.6764	  173.3552
1.484	 3.79	 1	 -41.7584	  174.3313
1.485	 2.71	 1	 -42.2271	  173.7377
1.487	 3.19	 1	 -41.8702	  174.2240
1.487	 2.48	 1	 -42.6940	  172.9612
1.487	 2.14	 1	 -41.6597	  174.3046
1.488	 2.41	 1	 -42.5766	  173.1089
1.488	 2.46	 1	 -41.7175	  174.2415
1.489	 2.41	 2	 -41.6822	  173.8535
1.489	 2.57	 1	 -42.2505	  173.7316
1.490	 2.45	 1	 -42.5470	  173.0963
1.491	 2.56	 1	 -42.6761	  172.7925
1.494	 3.92	 2	 -42.3127	  173.7483
1.495	 2.96	 2	 -42.5762	  173.1091
1.495	 2.78	 1	 -42.2295	  173.6633
1.495	 2.05	 2	 -42.2218	  173.6494
1.497	 3.58	 1	 -41.7166	  174.2608
1.498	 2.21	 1	 -42.7894	  173.1356
1.499	 2.50	 2	 -41.7839	  174.2123
1.502	 2.11	 1	 -41.6967	  174.2935
1.502	 2.26	 1	 -42.6152	  172.9623
1.503	 2.42	 1	 -41.7057	  174.1649
1.503	 2.18	 1	 -42.3596	  173.8994
1.503	 2.06	 1	 -41.4952	  174.7386
1.503	 2.04	 1	 -42.6611	  172.7548
1.504	 2.64	 1	 -42.3701	  173.9018
1.505	 2.05	 1	 -42.5459	  173.0854
1.506	 2.52	 1	 -41.8143	  174.3317
1.507	 2.11	 1	 -41.9191	  174.0368
1.508	 3.12	 1	 -42.6012	  173.1910
1.508	 2.42	 1	 -42.4949	  173.1453
1.508	 2.24	 1	 -42.3329	  173.4411
1.508	 4.01	 1	 -41.7904	  174.0079
1.508	 2.55	 2	 -42.3830	  172.9406
1.508	 2.51	 1	 -42.5962	  173.0977
1.509	 2.02	 1	 -42.3015	  173.9956
1.509	 2.77	 1	 -41.3647	  173.8277
1.510	 2.13	 1	 -42.2198	  173.5960
1.510	 2.52	 1	 -41.9977	  173.5805
1.510	 2.19	 1	 -43.0245	  173.2854
1.511	 2.57	 1	 -42.4067	  173.8170
1.511	 2.18	 1	 -41.6377	  174.3887
1.511	 2.01	 1	 -42.5894	  172.7610
1.511	 2.47	 1	 -42.3346	  173.7759
1.511	 2.02	 1	 -42.3149	  173.9359
1.512	 2.06	 1	 -42.4630	  173.0944
1.514	 2.77	 2	 -42.0735	  173.6114
1.514	 2.04	 1	 -42.6542	  172.9845
1.514	 3.14	 1	 -42.2670	  173.6305
1.515	 2.36	 1	 -42.2538	  173.7331
1.515	 2.18	 1	 -42.3510	  174.0360
1.515	 3.06	 2	 -42.1204	  173.6786
1.516	 2.12	 1	 -37.9834	  172.6444
1.517	 3.06	 1	 -42.3883	  173.3789
1.518	 2.88	 1	 -42.1965	  174.0264
1.518	 3.27	 1	 -41.7718	  174.2233
1.518	 3.45	 1	 -42.0004	  173.5861
1.518	 2.43	 1	 -42.5946	  173.0313
1.521	 2.19	 1	 -42.0047	  173.7559
1.522	 2.82	 1	 -41.6749	  174.3773
1.522	 2.54	 1	 -41.6309	  174.3151
1.522	 2.64	 1	 -41.8326	  174.3446
1.523	 2.03	 1	 -41.7501	  174.3741
1.523	 2.82	 1	 -42.7019	  172.9615
1.523	 2.29	 1	 -42.0281	  174.3741
1.524	 2.09	 1	 -41.8306	  174.0131
1.524	 2.25	 1	 -42.3551	  173.2308
1.525	 2.02	 1	 -43.0389	  173.1488
1.525	 2.06	 1	 -41.3544	  173.0816
1.525	 2.07	 1	 -41.8116	  174.1931
1.526	 3.04	 1	 -42.3746	  173.9540
1.527	 2.13	 1	 -42.0253	  173.6893
1.529	 2.95	 1	 -41.8006	  174.3241
1.529	 2.10	 1	 -42.6523	  172.9113
1.530	 2.74	 2	 -42.3408	  173.0933
1.530	 2.20	 2	 -42.1663	  172.7521
1.532	 2.49	 1	 -42.2534	  173.7693
1.532	 2.71	 1	 -41.8039	  174.1541
1.535	 2.05	 1	 -41.6892	  174.1423
1.536	 2.12	 1	 -41.6688	  174.1161
1.536	 2.60	 1	 -41.7983	  174.2937
1.536	 3.52	 1	 -41.6778	  174.2453
1.537	 2.13	 2	 -42.3332	  173.7453
1.539	 2.44	 1	 -42.4475	  173.7657
1.540	 3.06	 1	 -42.0783	  173.6078
1.540	 2.24	 1	 -42.2248	  173.7759
1.541	 2.04	 1	 -41.7344	  174.2457
1.541	 3.14	 1	 -41.8777	  174.2097
1.542	 2.02	 2	 -41.7294	  174.2982
1.542	 3.11	 2	 -42.5161	  173.1397
1.544	 2.13	 1	 -42.4582	  173.8360
1.544	 3.11	 1	 -42.2875	  173.5850
1.545	 3.20	 1	 -42.2800	  173.6961
1.547	 2.01	 1	 -42.5599	  173.0250
1.547	 2.07	 1	 -42.4138	  173.7831
1.548	 2.36	 2	 -41.8687	  173.9299
1.548	 2.81	 1	 -41.7101	  174.2988
1.548	 2.08	 1	 -42.2471	  173.9321
1.549	 2.16	 2	 -41.6386	  173.5974
1.549	 2.04	 1	 -42.2941	  173.9973
1.552	 2.24	 2	 -42.4105	  173.0379
1.552	 2.03	 1	 -42.1089	  173.7038
1.552	 2.15	 1	 -42.5307	  173.1398
1.552	 2.18	 3	 -42.5092	  173.8750
1.553	 2.06	 3	 -42.3089	  173.7471
1.553	 2.23	 1	 -42.2380	  173.7040
1.554	 3.48	 1	 -42.1368	  173.5568
1.554	 2.14	 1	 -42.6233	  173.4435
1.555	 2.13	 1	 -41.7301	  173.4001
1.555	 2.36	 2	 -42.3079	  172.7023
1.555	 3.18	 1	 -41.9840	  173.6942
1.556	 2.30	 2	 -41.8777	  174.2099
1.557	 2.28	 1	 -42.4129	  172.8057
1.557	 2.19	 1	 -42.4547	  173.5255
1.558	 2.40	 1	 -42.2890	  173.6413
1.559	 2.50	 1	 -41.7202	  174.2618
1.561	 2.28	 1	 -42.6534	  173.1807
1.561	 2.07	 2	 -41.9029	  174.0949
1.563	 2.74	 1	 -42.1806	  172.7474
1.564	 2.81	 1	 -42.2351	  173.4368
1.565	 2.24	 1	 -41.7085	  174.2959
1.566	 2.77	 1	 -42.2755	  173.7326
1.566	 2.46	 1	 -41.9258	  173.5656
1.567	 2.62	 1	 -41.9121	  173.8156
1.569	 2.22	 1	 -42.5753	  173.3298
1.570	 2.02	 1	 -41.7970	  174.2055
1.571	 2.04	 1	 -42.3460	  173.7336
1.571	 2.93	 1	 -42.6695	  172.8906
1.572	 2.28	 1	 -42.4976	  173.1061
1.572	 2.48	 1	 -41.7767	  174.2440
1.573	 2.55	 1	 -42.5342	  173.2790
1.574	 4.53	 2	 -42.3179	  173.6764
1.574	 2.06	 1	 -42.6114	  173.3153
1.575	 2.08	 1	 -42.1963	  173.5920
1.575	 2.24	 1	 -42.4018	  174.0018
1.575	 2.45	 2	 -42.5203	  173.7335
1.576	 2.26	 1	 -42.4940	  173.8012
1.576	 2.07	 1	 -41.8692	  174.0963
1.577	 2.73	 1	 -42.1022	  173.6585
1.578	 2.01	 1	 -41.7657	  174.2013
1.578	 3.85	 1	 -42.2355	  173.6905
1.579	 2.03	 1	 -42.3736	  173.0969
1.579	 2.29	 1	 -42.3129	  174.0616
1.580	 2.09	 1	 -42.3918	  174.3042
1.580	 2.05	 1	 -42.2010	  172.8985
1.581	 2.17	 1	 -41.8125	  174.1113
1.582	 2.21	 1	 -42.5524	  173.9746
1.582	 2.22	 1	 -42.2840	  173.6956
1.582	 2.55	 1	 -42.0226	  173.0919
1.583	 2.29	 2	 -42.2433	  173.9221
1.584	 2.24	 1	 -41.8251	  174.6266
1.584	 2.11	 1	 -41.7819	  174.2605
1.585	 2.29	 1	 -41.7943	  174.2278
1.586	 2.45	 1	 -41.9412	  174.0825
1.586	 2.41	 1	 -42.5398	  173.1826
1.586	 2.06	 1	 -42.4446	  174.0052
1.586	 2.40	 1	 -41.9787	  173.7460
1.587	 2.34	 1	 -41.8869	  173.7033
1.589	 2.16	 2	 -41.7250	  174.3555
1.591	 2.14	 1	 -42.5323	  173.9712
1.591	 2.63	 1	 -41.8115	  174.1610
1.592	 3.30	 2	 -41.6703	  173.8625
1.592	 2.17	 1	 -42.4697	  173.7367
1.594	 2.33	 1	 -42.2101	  173.3106
1.595	 2.67	 1	 -42.4439	  173.5038
1.595	 3.65	 2	 -41.9239	  173.8574
1.597	 2.85	 1	 -41.7566	  174.2488
1.597	 2.64	 1	 -42.4630	  173.4851
1.598	 2.01	 1	 -42.5281	  173.5038
1.600	 2.44	 1	 -41.7538	  175.2596
1.601	 2.07	 1	 -42.8385	  174.0619
1.602	 2.10	 1	 -42.6964	  172.8392
1.602	 2.25	 1	 -41.7830	  174.1448
1.602	 2.19	 1	 -42.7432	  174.5510
1.603	 2.03	 1	 -41.8265	  174.0346
1.604	 2.18	 1	 -42.6498	  172.9553
1.604	 2.08	 1	 -41.8124	  174.2306
1.605	 3.40	 1	 -41.7476	  174.2775
1.605	 2.44	 2	 -42.3675	  173.6220
1.606	 3.04	 1	 -42.2325	  173.7788
1.606	 2.12	 1	 -42.6875	  172.9643
1.607	 2.71	 1	 -41.8764	  174.1644
1.607	 2.91	 1	 -41.8155	  174.5336
1.609	 3.83	 1	 -42.2836	  173.3990
1.611	 2.37	 1	 -42.3498	  173.9253
1.611	 2.60	 1	 -41.7941	  174.0270
1.611	 2.17	 2	 -43.8750	  170.7085
1.612	 2.43	 1	 -41.7983	  174.1999
1.612	 2.17	 1	 -41.7706	  174.2101
1.613	 2.08	 1	 -42.2348	  173.6428
1.613	 2.24	 1	 -42.4678	  173.6865
1.613	 2.45	 1	 -42.2803	  173.3432
1.614	 3.08	 1	 -42.2797	  173.9732
1.614	 2.13	 2	 -42.2352	  173.4318
1.614	 2.01	 1	 -42.5979	  172.9797
1.616	 2.03	 1	 -42.5602	  174.0346
1.616	 2.10	 1	 -42.5155	  173.2113
1.616	 2.86	 1	 -42.3494	  173.8024
1.616	 2.67	 1	 -41.8226	  174.2494
1.617	 2.22	 1	 -42.8104	  172.8525
1.618	 2.06	 2	 -42.4799	  173.8572
1.620	 2.67	 2	 -42.7589	  172.9950
1.621	 2.31	 1	 -42.3828	  173.7453
1.622	 2.30	 1	 -42.4751	  173.9906
1.623	 2.32	 1	 -41.9184	  173.8505
1.623	 2.82	 1	 -42.0208	  173.6530
1.624	 2.27	 1	 -42.6331	  172.7239
1.624	 2.17	 1	 -42.1814	  173.6121
1.624	 2.34	 1	 -41.6440	  174.4798
1.625	 2.87	 1	 -42.5699	  173.0468
1.626	 3.55	 1	 -42.5483	  173.0637
1.627	 3.66	 1	 -41.9817	  174.0290
1.627	 2.75	 1	 -41.5850	  174.3014
1.628	 2.08	 1	 -42.2939	  173.7298
1.628	 2.09	 1	 -42.3295	  173.7347
1.628	 2.77	 2	 -41.9861	  174.0357
1.628	 4.02	 1	 -41.7634	  174.1203
1.630	 3.15	 1	 -42.5901	  172.9467
1.630	 2.13	 2	 -41.9867	  173.6626
1.630	 2.20	 1	 -41.7588	  174.0994
1.631	 2.97	 1	 -42.9500	  172.9180
1.631	 2.78	 1	 -42.1361	  173.6301
1.632	 2.92	 1	 -41.9486	  173.7304
1.633	 2.11	 1	 -42.4283	  173.8018
1.633	 2.16	 1	 -42.2412	  173.6375
1.634	 2.28	 1	 -41.7559	  174.2124
1.634	 2.68	 1	 -42.3783	  173.9978
1.634	 3.09	 1	 -41.6578	  174.3555
1.635	 2.53	 1	 -42.5522	  172.8014
1.637	 2.27	 2	 -42.4453	  172.9938
1.637	 2.25	 1	 -41.7568	  174.2128
1.638	 2.10	 1	 -41.9949	  173.8941
1.638	 3.34	 1	 -42.2481	  173.6429
1.640	 3.00	 1	 -41.7228	  174.2238
1.640	 2.85	 1	 -42.2552	  173.9151
1.640	 2.34	 1	 -41.4854	  174.3281
1.641	 2.44	 3	 -41.6952	  174.2448
1.643	 2.04	 1	 -42.1652	  173.5108
1.643	 2.04	 1	 -42.6577	  172.6745
1.643	 2.02	 1	 -41.7322	  174.2897
1.643	 2.02	 2	 -42.3694	  174.2058
1.643	 2.51	 2	 -42.4912	  173.4970
1.643	 2.62	 1	 -42.5451	  173.7429
1.644	 2.05	 2	 -42.5952	  172.9743
1.644	 2.07	 1	 -42.6085	  173.0898
1.644	 2.22	 1	 -42.5655	  172.8481
1.645	 2.21	 1	 -41.7375	  174.2809
1.645	 2.25	 1	 -42.2117	  173.8268
1.645	 3.52	 1	 -42.6688	  172.7991
1.646	 2.81	 1	 -41.8289	  174.4580
1.646	 2.52	 1	 -42.3313	  174.0446
1.647	 2.40	 1	 -42.5383	  173.9275
1.649	 2.22	 1	 -42.2916	  173.2426
1.651	 2.16	 1	 -42.6583	  173.1387
1.652	 3.78	 1	 -42.5348	  173.7601
1.652	 3.97	 1	 -42.2457	  173.7838
1.653	 2.27	 1	 -42.6891	  172.8963
1.653	 2.02	 1	 -42.6785	  173.5084
1.654	 2.33	 1	 -42.2216	  173.9005
1.656	 2.17	 2	 -41.1391	  167.7633
1.657	 2.62	 1	 -41.7692	  174.2016
1.657	 2.21	 1	 -41.6732	  174.2718
1.658	 2.37	 1	 -42.3081	  173.6900
1.659	 2.66	 1	 -41.7858	  174.1906
1.660	 2.01	 1	 -45.1979	  171.2119
1.660	 2.99	 1	 -42.3984	  174.0063
1.661	 2.15	 1	 -42.6188	  173.5958
1.661	 3.25	 1	 -41.7969	  174.3008
1.662	 3.05	 2	 -41.9037	  173.8068
1.662	 2.35	 2	 -41.7497	  174.3265
1.662	 2.46	 1	 -42.6164	  173.0064
1.663	 2.20	 1	 -42.1587	  173.1679
1.664	 2.50	 1	 -41.7394	  174.2798
1.665	 2.11	 1	 -41.7270	  174.2119
1.666	 2.18	 3	 -42.7495	  173.3210
1.667	 2.24	 1	 -41.8681	  174.1602
1.667	 2.64	 1	 -42.6612	  172.9150
1.668	 2.70	 1	 -42.4802	  173.7494
1.668	 2.78	 2	 -41.7249	  174.3860
1.669	 2.16	 2	 -42.3836	  173.1162
1.670	 2.38	 2	 -40.2139	  176.0773
1.671	 2.52	 1	 -42.6994	  173.4921
1.671	 3.29	 1	 -41.7695	  174.3114
1.673	 3.19	 1	 -42.3180	  173.6602
1.675	 2.48	 1	 -42.7375	  172.9462
1.676	 2.33	 2	 -42.1343	  173.5654
1.676	 2.79	 1	 -41.9351	  174.3740
1.677	 2.16	 1	 -42.4148	  173.7600
1.679	 2.84	 1	 -42.4522	  173.9050
1.680	 2.01	 1	 -41.7500	  174.3113
1.681	 2.43	 1	 -42.6057	  173.0007
1.682	 2.49	 1	 -42.4580	  173.6222
1.682	 2.01	 1	 -41.6466	  173.9512
1.682	 2.09	 1	 -42.5977	  173.0073
1.683	 2.46	 1	 -42.0775	  173.6191
1.684	 2.14	 1	 -42.2841	  173.5990
1.684	 2.14	 3	 -41.8022	  173.5193
1.684	 2.04	 1	 -42.8421	  172.8970
1.684	 2.74	 1	 -43.6984	  174.6152
1.684	 2.29	 2	 -41.7760	  174.1567
1.685	 2.05	 1	 -42.2264	  173.4195
1.686	 2.45	 1	 -42.4093	  173.5569
1.687	 2.59	 1	 -42.4084	  173.2797
1.687	 2.08	 1	 -41.6885	  174.2775
1.687	 2.33	 1	 -42.2883	  173.3970
1.689	 2.08	 1	 -42.5009	  173.5097
1.689	 2.24	 1	 -42.5653	  173.1563
1.690	 2.52	 1	 -42.4353	  176.1077
1.690	 2.60	 2	 -42.1244	  173.7979
1.691	 3.34	 1	 -42.3760	  173.4926
1.691	 2.99	 1	 -42.3411	  173.6463
1.691	 2.21	 1	 -42.2222	  173.7236
1.691	 2.35	 1	 -42.6497	  173.0687
1.692	 2.05	 1	 -42.3546	  173.5973
1.692	 2.20	 1	 -42.1309	  173.5597
1.692	 2.60	 1	 -42.0354	  173.7478
1.693	 2.13	 1	 -42.0629	  173.7177
1.693	 2.31	 1	 -41.7974	  174.0732
1.693	 2.13	 1	 -41.8009	  174.4330
1.693	 2.75	 1	 -42.6510	  172.8721
1.696	 2.71	 1	 -41.7819	  174.2024
1.696	 3.05	 1	 -42.5159	  173.9641
1.697	 2.18	 1	 -42.1864	  173.7252
1.697	 2.30	 1	 -42.8085	  173.1832
1.697	 2.22	 1	 -41.9507	  174.2079
1.698	 2.67	 1	 -42.5151	  173.1549
1.698	 2.49	 1	 -42.1825	  173.2797
1.699	 2.44	 1	 -42.2593	  173.7205
1.699	 2.12	 1	 -42.4411	  173.7630
1.699	 2.03	 1	 -41.7093	  174.1642
1.700	 3.04	 1	 -42.0173	  173.6997
1.700	 2.06	 1	 -42.3218	  173.9391
1.700	 2.11	 2	 -41.7616	  174.0805
1.701	 2.42	 1	 -42.4780	  173.7128
1.701	 2.48	 1	 -41.9946	  174.0876
1.701	 4.05	 1	 -41.7410	  174.2074
1.702	 2.85	 1	 -43.7584	  172.1405
1.702	 2.09	 1	 -41.6005	  174.2452
1.703	 2.19	 1	 -41.8900	  174.1649
1.703	 2.32	 1	 -41.8158	  174.2301
1.704	 2.44	 1	 -42.4018	  173.3209
1.705	 2.22	 1	 -41.6873	  174.2946
1.707	 2.26	 1	 -42.3006	  173.8015
1.711	 2.17	 1	 -42.4205	  174.0443
1.711	 2.03	 1	 -42.6424	  172.9034
1.713	 2.44	 1	 -42.5356	  173.3700
1.714	 3.13	 1	 -42.1974	  173.8171
1.715	 2.49	 1	 -42.6240	  172.8610
1.717	 2.23	 1	 -42.2899	  173.6821
1.718	 2.08	 1	 -42.4233	  172.9280
1.718	 2.06	 2	 -42.6793	  172.7605
1.719	 2.57	 1	 -41.6776	  174.2550
1.720	 2.39	 1	 -42.3132	  173.5823
1.720	 2.70	 1	 -41.7252	  174.2333
1.721	 2.03	 1	 -42.0022	  173.9680
1.722	 2.02	 1	 -42.6229	  172.9211
1.723	 2.97	 2	 -42.5885	  173.6789
1.725	 2.06	 1	 -42.6772	  172.7965
1.725	 2.03	 1	 -41.3378	  174.8695
1.726	 2.74	 1	 -42.0537	  173.7195
1.727	 2.50	 1	 -42.0533	  173.6820
1.727	 2.56	 1	 -42.7764	  172.9521
1.730	 2.06	 1	 -40.3881	  174.1110
1.730	 2.00	 1	 -41.7055	  174.3613
1.732	 2.22	 2	 -42.2088	  173.8068
1.734	 3.71	 2	 -41.8712	  173.9382
1.734	 2.22	 1	 -42.6512	  173.1973
1.735	 3.20	 1	 -42.0850	  173.6340
1.735	 2.25	 1	 -42.3366	  173.4691
1.736	 2.43	 1	 -41.8950	  174.2569
1.737	 3.08	 1	 -42.2853	  173.5600
1.737	 2.09	 1	 -41.8225	  174.2270
1.737	 3.33	 1	 -42.5698	  173.7175
1.737	 2.08	 1	 -42.3703	  174.0446
1.737	 2.37	 1	 -42.4937	  175.0021
1.738	 2.17	 1	 -42.2831	  173.5554
1.738	 2.26	 1	 -42.4613	  173.1746
1.738	 2.30	 1	 -42.3599	  173.9592
1.739	 2.11	 1	 -42.1341	  173.4569
1.740	 2.12	 2	 -41.7750	  174.2938
1.741	 2.00	 1	 -42.6266	  172.8916
1.742	 2.85	 1	 -42.2238	  173.6371
1.743	 2.11	 1	 -41.9746	  173.8504
1.744	 2.31	 1	 -41.9719	  174.2047
1.745	 2.20	 1	 -42.0208	  173.7067
1.746	 2.02	 1	 -42.2596	  173.7077
1.746	 2.20	 1	 -42.2930	  173.6535
1.749	 2.02	 1	 -42.7599	  173.1282
1.750	 2.07	 1	 -42.1712	  173.5250
1.750	 2.36	 2	 -42.2038	  173.7271
1.750	 2.18	 1	 -41.6837	  174.3413
1.750	 2.66	 2	 -42.3313	  173.5953
1.750	 2.99	 1	 -42.5571	  173.7807
1.751	 2.09	 1	 -42.3671	  173.9346
1.753	 2.33	 1	 -42.3995	  173.8011
1.753	 2.03	 1	 -42.2820	  173.5652
1.753	 2.25	 2	 -42.5366	  173.9069
1.754	 2.21	 1	 -42.4718	  173.2826
1.755	 2.60	 1	 -42.0292	  174.1403
1.756	 2.60	 1	 -41.7050	  174.2087
1.756	 3.52	 1	 -41.9971	  173.6795
1.756	 2.09	 2	 -41.6559	  174.3356
1.757	 3.08	 1	 -42.4042	  174.1978
1.757	 2.32	 1	 -41.7635	  174.3094
1.758	 3.15	 1	 -41.8975	  174.0525
1.758	 2.88	 1	 -40.3288	  173.9037
1.758	 2.18	 1	 -42.4974	  173.7165
1.759	 2.57	 1	 -42.4489	  173.2956
1.759	 2.01	 1	 -42.5300	  172.6646
1.759	 2.20	 1	 -42.4271	  174.2275
1.761	 3.34	 2	 -41.9347	  174.3767
1.761	 3.20	 1	 -42.6376	  173.0035
1.761	 2.13	 1	 -42.4161	  173.7318
1.761	 2.06	 2	 -42.0202	  173.9960
1.762	 2.47	 1	 -42.3192	  174.0444
1.762	 2.23	 1	 -41.7903	  174.4531
1.763	 2.20	 1	 -41.9200	  172.8484
1.764	 2.03	 1	 -41.7252	  174.2400
1.765	 2.06	 1	 -42.0776	  173.8514
1.765	 3.66	 2	 -41.7097	  174.2181
1.765	 2.22	 1	 -42.1598	  173.3725
1.766	 2.12	 2	 -41.7640	  174.3286
1.766	 2.79	 2	 -41.7162	  174.2768
1.766	 2.72	 1	 -42.0172	  173.7863
1.766	 2.54	 1	 -41.7486	  174.2667
1.767	 2.51	 1	 -42.2749	  172.4488
1.768	 2.31	 2	 -42.1563	  172.9380
1.769	 2.49	 1	 -41.8102	  174.1781
1.770	 2.25	 1	 -41.7859	  173.5009
1.773	 2.37	 1	 -42.2325	  172.7118
1.773	 2.05	 1	 -42.6127	  173.1119
1.774	 2.21	 1	 -42.6508	  172.9265
1.774	 2.81	 1	 -42.7932	  171.0597
1.774	 2.17	 1	 -41.7363	  174.1388
1.775	 2.20	 1	 -42.6609	  173.8586
1.775	 2.93	 1	 -42.0833	  174.1574
1.775	 2.97	 1	 -41.6987	  174.3019
1.776	 2.42	 1	 -41.8152	  174.2541
1.776	 2.05	 1	 -42.2725	  173.6861
1.777	 2.33	 1	 -42.3343	  173.8405
1.777	 2.23	 1	 -41.7583	  174.2210
1.778	 2.00	 1	 -42.2342	  173.6672
1.778	 2.27	 1	 -42.3537	  173.5596
1.782	 2.37	 1	 -42.8091	  173.2978
1.782	 2.53	 1	 -42.7698	  172.5406
1.783	 2.36	 1	 -42.7242	  172.9410
1.784	 2.36	 1	 -42.4972	  173.9363
1.784	 2.16	 1	 -42.4840	  174.0542
1.786	 2.13	 1	 -41.8781	  174.2147
1.787	 2.02	 1	 -41.5156	  174.5888
1.787	 2.01	 1	 -42.4059	  173.7874
1.788	 2.21	 1	 -42.2175	  171.7585
1.789	 2.21	 1	 -41.6940	  174.2806
1.790	 2.22	 1	 -42.3144	  173.7173
1.791	 2.66	 1	 -42.8357	  173.0835
1.791	 2.81	 2	 -42.2356	  173.6707
1.791	 2.11	 1	 -41.8908	  173.6020
1.791	 2.56	 1	 -42.1185	  173.5623
1.792	 4.33	 1	 -41.8511	  174.2054
1.793	 2.43	 1	 -41.7338	  174.2320
1.794	 2.25	 1	 -41.9615	  173.9756
1.795	 2.40	 1	 -42.4306	  172.7267
1.797	 2.40	 1	 -42.2730	  173.9697
1.801	 2.13	 1	 -42.3659	  173.8462
1.802	 2.58	 1	 -42.3242	  173.6927
1.802	 2.02	 1	 -42.1043	  172.8889
1.802	 2.35	 1	 -42.6410	  172.5430
1.803	 3.61	 1	 -42.1781	  174.0314
1.804	 2.06	 1	 -41.9612	  173.1088
1.804	 2.65	 1	 -42.1728	  173.6365
1.805	 2.32	 1	 -42.7256	  173.4286
1.806	 2.31	 1	 -42.2921	  173.7552
1.808	 2.19	 1	 -42.1598	  173.4984
1.810	 2.17	 1	 -42.2916	  171.4646
1.810	 2.06	 1	 -42.6834	  172.9870
1.810	 2.17	 1	 -42.3296	  173.5013
1.810	 2.16	 1	 -42.1803	  173.8138
1.811	 2.46	 1	 -42.2650	  173.7820
1.812	 3.08	 1	 -42.5909	  173.7222
1.812	 2.49	 1	 -42.6569	  172.8975
1.812	 2.66	 1	 -42.2720	  173.6560
1.813	 2.23	 2	 -42.5129	  173.2699
1.813	 4.75	 1	 -41.8085	  174.1363
1.814	 2.57	 1	 -43.0014	  172.4118
1.814	 2.05	 1	 -41.7405	  174.1995
1.815	 2.98	 2	 -42.2520	  173.2409
1.816	 2.04	 1	 -41.6286	  174.2464
1.816	 2.34	 1	 -42.6209	  172.7493
1.817	 2.28	 1	 -42.1456	  173.5945
1.818	 2.42	 1	 -42.6652	  173.1391
1.819	 2.06	 1	 -42.2504	  173.7232
1.819	 2.19	 1	 -42.3316	  172.9846
1.820	 2.26	 1	 -42.2337	  175.7173
1.821	 2.34	 1	 -41.6967	  174.3180
1.822	 2.10	 2	 -42.5317	  173.7863
1.824	 2.04	 1	 -41.7592	  174.2324
1.824	 2.25	 1	 -42.1325	  173.6058
1.826	 2.15	 1	 -41.9547	  174.0079
1.826	 2.06	 1	 -42.4211	  173.8047
1.826	 2.50	 1	 -42.1126	  173.5589
1.828	 2.51	 1	 -42.6816	  172.7822
1.828	 2.18	 1	 -41.6733	  174.2866
1.829	 2.93	 1	 -42.3796	  173.4925
1.830	 2.43	 3	 -41.8161	  173.6145
1.831	 2.06	 1	 -42.4028	  173.3509
1.831	 2.13	 1	 -42.4092	  173.4232
1.833	 2.63	 1	 -42.2633	  173.7515
1.835	 2.22	 1	 -41.7630	  174.1552
1.836	 2.23	 1	 -42.0749	  173.0859
1.836	 2.06	 1	 -42.5128	  173.7981
1.837	 2.06	 1	 -42.5288	  173.7757
1.839	 2.27	 1	 -42.0152	  174.2709
1.841	 2.03	 1	 -42.0872	  172.8916
1.842	 2.16	 1	 -42.4041	  174.2621
1.844	 2.19	 1	 -41.7588	  174.1190
1.844	 2.35	 1	 -41.8532	  173.9333
1.844	 2.03	 1	 -42.4422	  173.9937
1.844	 2.35	 2	 -42.5653	  172.7340
1.847	 2.58	 2	 -41.9291	  173.6673
1.847	 2.65	 1	 -41.8296	  174.1884
1.848	 2.38	 1	 -42.6108	  173.5808
1.848	 2.01	 1	 -41.8320	  174.4689
1.850	 2.34	 1	 -41.7098	  174.2654
1.850	 2.71	 1	 -42.7796	  173.0524
1.850	 2.90	 1	 -42.0567	  174.2136
1.851	 2.44	 1	 -42.6981	  172.8297
1.851	 2.36	 1	 -42.6796	  172.8304
1.852	 2.62	 1	 -41.8792	  173.1401
1.853	 2.75	 1	 -41.7075	  174.3479
1.853	 2.48	 1	 -42.3225	  173.9232
1.853	 2.24	 2	 -42.4075	  174.0265
1.856	 2.04	 1	 -42.6794	  173.6979
1.856	 2.76	 2	 -42.3958	  173.7444
1.856	 2.45	 2	 -42.1981	  173.7791
1.857	 3.23	 1	 -41.8291	  173.7284
1.857	 2.01	 1	 -41.8063	  174.2817
1.857	 2.37	 2	 -41.7293	  174.1939
1.858	 2.10	 1	 -42.5063	  173.1810
1.859	 2.05	 1	 -42.1662	  173.6099
1.860	 3.45	 1	 -42.6525	  173.9772
1.860	 2.01	 1	 -42.2634	  173.6789
1.862	 2.37	 1	 -42.3312	  173.2586
1.862	 2.65	 1	 -42.1286	  173.8841
1.865	 2.43	 1	 -41.7060	  174.4553
1.866	 2.13	 1	 -42.4310	  173.8071
1.866	 2.27	 1	 -42.2205	  173.6733
1.868	 2.46	 1	 -42.1410	  173.5504
1.868	 2.14	 1	 -42.1366	  173.5909
1.870	 2.64	 1	 -41.8192	  174.0330
1.871	 2.01	 1	 -42.3757	  173.0715
1.872	 2.07	 1	 -42.1243	  173.6796
1.874	 2.92	 3	 -42.7564	  172.7525
1.874	 3.33	 1	 -42.0144	  173.7163
1.876	 2.11	 2	 -42.7662	  173.0902
1.876	 2.46	 1	 -42.5063	  173.7474
1.880	 2.49	 2	 -41.7724	  174.1096
1.880	 2.45	 1	 -41.7761	  174.2837
1.881	 2.07	 1	 -42.4589	  173.0590
1.883	 2.62	 1	 -41.8578	  174.0402
1.886	 2.10	 1	 -41.6954	  174.3583
1.887	 2.45	 1	 -41.7406	  174.1666
1.888	 2.14	 1	 -42.9511	  174.3184
1.891	 2.19	 1	 -42.6711	  172.7430
1.892	 2.25	 1	 -41.7272	  174.1779
1.892	 2.02	 1	 -42.2481	  173.6185
1.897	 2.32	 1	 -41.7229	  174.2982
1.897	 2.31	 1	 -42.2925	  173.6300
1.900	 2.74	 1	 -42.1872	  173.6464
1.901	 3.74	 1	 -42.0118	  173.5390
1.902	 2.14	 1	 -41.6931	  174.3318
1.903	 2.53	 1	 -42.2786	  173.6791
1.903	 2.08	 1	 -42.6893	  173.1232
1.903	 2.12	 1	 -42.2157	  173.4459
1.906	 2.19	 2	 -42.5345	  173.4079
1.908	 2.02	 1	 -41.9435	  173.9000
1.909	 2.17	 1	 -42.5826	  179.7301
1.909	 4.83	 1	 -42.0989	  173.9419
1.912	 2.11	 1	 -42.1969	  173.3300
1.912	 3.02	 1	 -42.0010	  173.6061
1.913	 2.76	 2	 -41.8046	  173.4498
1.914	 3.23	 2	 -42.6602	  174.0103
1.915	 2.25	 1	 -41.7548	  173.8940
1.915	 2.10	 1	 -41.8909	  173.9471
1.915	 2.54	 1	 -41.7889	  174.1913
1.915	 2.31	 1	 -42.6681	  172.8251
1.916	 2.50	 2	 -42.0628	  174.0223
1.916	 2.07	 1	 -41.8519	  173.9323
1.916	 2.26	 1	 -41.7879	  174.2901
1.917	 2.21	 1	 -42.0169	  174.6275
1.917	 2.91	 1	 -42.5399	  173.0862
1.918	 2.01	 2	 -42.1583	  174.0491
1.918	 2.30	 1	 -42.4924	  173.0949
1.918	 2.75	 2	 -42.2043	  173.5486
1.921	 2.16	 1	 -42.6040	  173.6083
1.921	 2.45	 3	 -41.6940	  174.3222
1.922	 3.13	 1	 -45.9742	  177.2046
1.923	 2.07	 1	 -41.7022	  174.1872
1.924	 3.13	 1	 -42.2921	  173.4380
1.924	 2.02	 1	 -42.4010	  173.3167
1.925	 2.40	 1	 -42.1193	  173.5588
1.925	 2.51	 1	 -41.7570	  174.1044
1.926	 2.08	 2	 -41.0536	  167.6263
1.928	 2.59	 2	 -41.8142	  174.1266
1.929	 2.46	 1	 -42.3309	  173.7295
1.929	 2.10	 1	 -41.6457	  174.2389
1.929	 2.93	 1	 -41.6731	  174.1879
1.930	 2.07	 1	 -45.9069	  177.3002
1.931	 2.30	 1	 -42.6642	  172.8982
1.933	 2.88	 1	 -42.4078	  173.3460
1.934	 2.03	 1	 -42.7943	  173.4354
1.934	 2.09	 1	 -42.2811	  173.7608
1.935	 2.24	 2	 -42.0009	  173.5613
1.938	 2.14	 1	 -41.7504	  174.3532
1.940	 2.40	 1	 -42.3610	  173.6340
1.940	 2.50	 1	 -42.1516	  173.5698
1.942	 2.70	 1	 -42.5972	  172.4554
1.942	 2.19	 1	 -45.4770	  176.1709
1.944	 2.01	 1	 -42.0873	  173.7279
1.946	 2.16	 1	 -42.5465	  173.5637
1.947	 2.24	 1	 -42.2604	  173.9710
1.947	 2.05	 1	 -42.5867	  172.7016
1.948	 2.23	 1	 -41.4321	  174.8476
1.948	 2.36	 2	 -41.7423	  172.6838
1.948	 2.61	 1	 -42.6141	  173.5035
1.949	 3.58	 1	 -46.7012	  175.5029
1.949	 2.51	 1	 -42.4393	  173.8267
1.949	 2.68	 1	 -41.9511	  174.3454
1.950	 2.15	 1	 -42.2844	  173.7636
1.951	 2.10	 1	 -42.1796	  172.5529
1.951	 2.17	 1	 -41.9441	  173.6267
1.951	 2.14	 1	 -42.1936	  173.5209
1.952	 2.18	 1	 -43.1932	  171.7342
1.952	 2.48	 1	 -41.7848	  174.3223
1.952	 2.12	 1	 -42.1755	  173.4812
1.953	 2.05	 1	 -42.2981	  174.4160
1.957	 3.58	 1	 -42.6518	  172.8391
1.957	 2.31	 1	 -41.7084	  174.3014
1.958	 2.36	 1	 -42.1394	  173.6433
1.958	 2.65	 1	 -41.6670	  174.3006
1.960	 2.44	 1	 -42.1166	  172.9076
1.961	 2.89	 1	 -41.9279	  174.1546
1.962	 2.33	 1	 -42.3222	  173.6382
1.963	 2.03	 1	 -42.4347	  173.1227
1.964	 2.14	 1	 -40.0097	  172.1875
1.965	 2.12	 1	 -42.3635	  173.9025
1.965	 2.76	 2	 -41.7732	  174.1803
1.967	 2.46	 2	 -41.7085	  174.3469
1.967	 2.54	 1	 -42.1208	  172.8923
1.968	 2.41	 1	 -42.9949	  172.5493
1.970	 2.20	 1	 -42.6550	  173.1080
1.970	 2.63	 1	 -41.4550	  174.7347
1.971	 2.26	 1	 -41.7210	  174.2613
1.971	 2.18	 1	 -41.7858	  174.0652
1.972	 2.59	 1	 -42.6732	  173.0347
1.972	 2.08	 2	 -42.5878	  173.8747
1.973	 2.36	 1	 -39.0452	  177.8749
1.973	 2.10	 1	 -41.7402	  174.2549
1.974	 2.82	 1	 -42.4105	  173.8033
1.975	 2.07	 1	 -42.2962	  173.7117
1.975	 2.40	 1	 -42.5874	  172.9373
1.977	 2.06	 1	 -42.1166	  173.8945
1.977	 2.30	 1	 -42.2841	  173.9727
1.978	 2.16	 1	 -41.9706	  174.0400
1.978	 2.48	 1	 -41.8803	  173.9728
1.979	 2.62	 1	 -42.0653	  173.7043
1.979	 2.21	 1	 -41.8709	  174.2281
1.980	 3.00	 1	 -41.6918	  174.4976
1.980	 2.50	 2	 -42.2419	  173.6442
1.981	 2.55	 1	 -42.5975	  173.1181
1.983	 2.13	 1	 -42.3047	  173.5102
1.984	 2.15	 1	 -42.6076	  172.9713
1.984	 3.61	 1	 -41.7127	  174.2281
1.985	 2.15	 1	 -42.6253	  172.9345
1.985	 2.42	 2	 -42.6703	  172.8068
1.986	 2.01	 1	 -42.1875	  173.8752
1.987	 2.13	 1	 -42.6561	  173.2301
1.988	 2.59	 1	 -41.8541	  174.1678
1.988	 2.16	 1	 -42.3031	  173.7273
1.988	 2.03	 2	 -41.8099	  174.1357
1.989	 2.09	 1	 -42.2748	  173.4360
1.989	 2.07	 1	 -41.1479	  172.8729
1.990	 2.00	 1	 -42.1134	  173.7814
1.990	 2.05	 1	 -41.6915	  174.0129
1.991	 2.23	 1	 -41.6590	  174.5025
1.992	 2.07	 1	 -41.7738	  174.2604
1.992	 2.30	 1	 -41.7734	  174.3999
1.992	 2.01	 2	 -42.6499	  173.9762
1.992	 3.82	 1	 -42.5026	  173.7567
1.992	 2.32	 1	 -42.3490	  173.6482
1.993	 2.57	 2	 -42.4769	  173.7009
1.993	 2.11	 1	 -42.9502	  172.8487
1.998	 2.43	 2	 -41.7190	  173.7495
1.999	 4.23	 1	 -41.6995	  174.2952
2.000	 2.38	 3	 -41.6862	  174.1625
2.001	 2.16	 2	 -42.1656	  173.8430
2.001	 4.42	 1	 -41.9752	  173.6693
2.002	 2.70	 1	 -42.1317	  173.5315
2.002	 2.05	 1	 -42.2067	  173.0004
2.003	 2.28	 1	 -41.7683	  174.0848
2.003	 2.16	 1	 -42.5506	  173.1504
2.004	 2.27	 1	 -42.0406	  173.6236
2.004	 3.42	 2	 -42.5020	  173.7342
2.005	 2.09	 1	 -42.4707	  173.6093
2.005	 2.99	 1	 -42.0065	  173.7962
2.005	 3.36	 3	 -43.5530	  170.5413
2.008	 3.02	 1	 -42.5974	  172.9584
2.008	 2.31	 1	 -42.5738	  173.1215
2.008	 2.28	 1	 -42.1683	  173.5081
2.009	 2.41	 2	 -41.3503	  171.6422
2.010	 2.57	 1	 -42.6426	  173.5504
2.011	 2.14	 2	 -42.3992	  173.4077
2.011	 2.44	 2	 -41.6926	  174.3506
2.014	 2.15	 2	 -41.7343	  174.1221
2.014	 2.51	 1	 -42.3620	  173.1871
2.016	 2.40	 2	 -41.9096	  173.6284
2.016	 3.51	 1	 -41.6293	  174.2137
2.017	 2.07	 2	 -42.5904	  172.9391
2.017	 2.23	 1	 -43.6347	  178.3112
2.020	 2.87	 1	 -42.6833	  173.1179
2.021	 2.38	 1	 -42.9924	  173.2955
2.022	 2.66	 1	 -42.8214	  173.1432
2.023	 2.41	 1	 -42.3717	  174.0231
2.023	 2.01	 1	 -42.6544	  172.6962
2.023	 2.83	 1	 -41.6914	  174.0210
2.024	 2.42	 1	 -42.2950	  174.0200
2.024	 2.61	 1	 -42.0754	  172.9939
2.024	 2.56	 1	 -42.5461	  173.7420
2.025	 2.09	 1	 -42.4301	  173.2842
2.026	 2.32	 1	 -42.6720	  173.9346
2.027	 2.35	 1	 -41.8145	  173.5607
2.027	 2.25	 1	 -42.4865	  174.0994
2.028	 2.52	 1	 -41.8188	  174.2941
2.029	 2.39	 1	 -42.1345	  173.8186
2.029	 2.34	 1	 -42.0126	  174.0926
2.031	 2.44	 2	 -42.6429	  172.8180
2.031	 2.08	 1	 -41.7333	  174.2513
2.032	 2.08	 1	 -42.1561	  173.4628
2.033	 2.51	 1	 -42.0473	  173.7628
2.033	 3.51	 1	 -42.2311	  173.6535
2.033	 2.24	 1	 -44.2504	  179.1106
2.035	 2.68	 1	 -42.2777	  173.5519
2.038	 2.03	 1	 -42.2213	  173.7673
2.038	 2.71	 1	 -41.8687	  174.1474
2.038	 2.20	 1	 -41.7012	  174.2725
2.039	 2.00	 1	 -42.3126	  173.6595
2.040	 2.25	 2	 -42.2519	  173.8043
2.042	 2.02	 1	 -41.6753	  174.3655
2.042	 2.31	 1	 -42.6750	  172.8956
2.043	 2.42	 1	 -42.4619	  172.8017
2.043	 2.08	 1	 -42.6366	  173.2814
2.043	 2.11	 1	 -42.3341	  173.8797
2.044	 2.26	 1	 -41.8068	  174.2179
2.045	 2.63	 1	 -42.3194	  173.7328
2.045	 2.88	 2	 -42.4129	  173.7148
2.046	 2.18	 1	 -41.8097	  174.1298
2.049	 2.59	 1	 -41.7017	  174.2662
2.049	 2.08	 1	 -42.2744	  173.6563
2.050	 2.18	 1	 -42.4275	  173.8150
2.052	 3.03	 1	 -42.6461	  172.9100
2.052	 2.06	 1	 -42.2290	  173.5731
2.053	 2.29	 1	 -41.9452	  173.6372
2.053	 2.65	 2	 -42.2211	  173.5558
2.054	 2.01	 3	 -41.7797	  174.2387
2.054	 2.42	 1	 -46.2251	  171.6024
2.056	 2.15	 1	 -41.7147	  174.2651
2.056	 2.12	 1	 -41.8199	  174.3806
2.057	 2.05	 1	 -42.5068	  173.1198
2.058	 3.66	 1	 -41.8134	  174.2504
2.059	 2.04	 2	 -42.1126	  173.9695
2.059	 2.95	 1	 -42.4425	  173.7433
2.060	 2.09	 1	 -42.2194	  173.6778
2.062	 3.93	 1	 -42.1487	  173.6857
2.065	 2.02	 1	 -41.7213	  174.2492
2.065	 3.54	 1	 -42.2503	  172.8080
2.066	 3.15	 1	 -41.5960	  175.0044
2.066	 2.03	 1	 -42.7420	  175.1724
2.067	 2.22	 1	 -42.6636	  172.9067
2.068	 2.01	 1	 -41.9301	  172.7224
2.069	 2.14	 1	 -41.5260	  174.0868
2.070	 2.15	 1	 -42.3759	  173.9480
2.070	 2.22	 1	 -41.7258	  174.2711
2.072	 2.30	 1	 -42.1443	  173.8251
2.073	 2.36	 1	 -41.7970	  174.3682
2.074	 2.94	 1	 -42.4649	  173.8375
2.075	 2.15	 1	 -42.7609	  172.5841
2.076	 3.29	 1	 -42.1529	  173.7708
2.076	 2.89	 1	 -42.3146	  173.7877
2.076	 2.49	 2	 -42.3911	  173.7440
2.076	 2.54	 2	 -41.9124	  174.0167
2.079	 2.40	 1	 -41.7484	  174.2680
2.080	 2.14	 3	 -41.6925	  174.1973
2.080	 2.21	 1	 -42.1543	  173.6921
2.080	 3.48	 1	 -41.8555	  174.0704
2.082	 2.27	 1	 -42.6382	  172.5165
2.082	 2.20	 1	 -41.7374	  174.2085
2.082	 2.50	 1	 -42.7013	  172.9009
2.082	 2.38	 1	 -41.8691	  173.9749
2.083	 2.04	 1	 -42.2519	  173.5883
2.083	 2.64	 1	 -41.1213	  167.2900
2.084	 2.30	 1	 -42.2097	  173.5806
2.084	 3.14	 1	 -42.8221	  172.9152
2.086	 2.05	 1	 -42.1518	  173.5290
2.088	 2.34	 1	 -41.9158	  173.9803
2.088	 2.20	 2	 -42.2429	  173.6599
2.089	 2.92	 1	 -41.8906	  174.0410
2.090	 3.51	 1	 -42.5108	  173.1343
2.091	 3.74	 1	 -41.2600	  173.3755
2.092	 2.14	 1	 -42.3791	  173.8282
2.092	 2.15	 1	 -41.8390	  174.1653
2.093	 2.01	 1	 -42.1498	  173.7388
2.094	 2.08	 2	 -41.8062	  174.1320
2.095	 2.62	 1	 -42.9093	  173.1726
2.096	 2.50	 1	 -42.3042	  173.7183
2.098	 2.33	 1	 -41.8273	  174.1066
2.098	 2.84	 1	 -42.1489	  173.5831
2.099	 2.45	 1	 -42.0287	  173.5608
2.099	 2.32	 1	 -41.7420	  174.1939
2.100	 2.29	 1	 -41.6194	  173.2739
2.101	 3.22	 1	 -42.7058	  172.9288
2.103	 2.29	 1	 -41.8538	  174.3282
2.105	 2.26	 1	 -42.4134	  173.2182
2.107	 2.38	 1	 -41.9305	  174.1541
2.107	 2.11	 1	 -41.6724	  174.2180
2.108	 2.24	 1	 -41.7773	  174.1524
2.108	 2.35	 2	 -41.6687	  174.2127
2.108	 2.23	 1	 -42.7006	  173.7660
2.113	 2.11	 1	 -41.8368	  173.9500
2.113	 3.29	 1	 -41.7643	  174.3522
2.114	 2.16	 2	 -42.3284	  173.1569
2.119	 2.37	 2	 -41.9152	  173.8817
2.119	 2.05	 1	 -41.9836	  174.0735
2.120	 2.16	 1	 -40.5410	  173.8207
2.121	 2.27	 2	 -42.0574	  173.7469
2.124	 3.40	 2	 -42.0273	  174.1230
2.125	 3.22	 1	 -42.3573	  174.2909
2.126	 2.88	 1	 -41.6717	  174.0975
2.127	 2.32	 1	 -41.6980	  174.3804
2.128	 2.50	 1	 -41.8424	  174.2617
2.130	 2.73	 1	 -42.6906	  173.2169
2.131	 2.27	 1	 -42.6703	  172.8811
2.133	 2.12	 1	 -42.2678	  173.0167
2.133	 2.98	 1	 -42.5117	  173.1844
2.133	 2.27	 2	 -42.6443	  174.1384
2.134	 2.20	 1	 -42.1628	  173.1792
2.137	 2.68	 1	 -41.9718	  173.7350
2.137	 3.22	 1	 -42.2500	  173.6082
2.138	 2.26	 1	 -41.8862	  174.2286
2.139	 2.26	 1	 -42.3065	  173.9384
2.139	 2.01	 1	 -41.9464	  173.6528
2.145	 2.51	 1	 -42.8493	  172.9285
2.146	 2.11	 1	 -42.0874	  173.8698
2.147	 2.39	 1	 -42.6882	  173.7401
2.148	 2.80	 1	 -42.1160	  173.5722
2.150	 2.26	 1	 -42.0004	  173.9204
2.153	 2.21	 1	 -42.2251	  173.6731
2.154	 2.07	 1	 -42.1558	  173.8336
2.160	 2.62	 2	 -41.9540	  173.7255
2.161	 2.31	 3	 -41.9273	  174.3911
2.161	 2.63	 1	 -41.6379	  174.2411
2.162	 3.27	 1	 -42.5665	  173.0850
2.163	 2.06	 1	 -41.8415	  174.1265
2.165	 2.47	 1	 -42.2113	  173.8387
2.166	 2.02	 2	 -42.0706	  173.9385
2.167	 2.08	 1	 -41.7639	  174.1853
2.170	 2.27	 2	 -41.9967	  173.6475
2.171	 2.23	 1	 -42.4693	  173.8009
2.172	 2.04	 2	 -42.1252	  174.0824
2.174	 2.43	 1	 -42.2776	  173.7337
2.174	 2.15	 2	 -42.1120	  173.6777
2.174	 3.04	 2	 -42.0865	  173.9733
2.175	 2.13	 1	 -42.9055	  179.9252
2.176	 2.40	 2	 -41.8145	  174.2531
2.178	 3.42	 1	 -41.6975	  174.2548
2.179	 2.72	 1	 -42.3251	  172.9971
2.179	 2.13	 1	 -42.6938	  172.0549
2.180	 2.17	 1	 -42.2023	  173.7527
2.180	 2.11	 1	 -42.4193	  173.1518
2.181	 2.99	 1	 -42.6710	  172.6961
2.182	 2.36	 1	 -43.1618	  172.6654
2.184	 2.06	 1	 -42.0958	  172.9590
2.184	 3.31	 1	 -42.1680	  173.7857
2.185	 2.05	 1	 -43.0311	  173.1528
2.185	 2.01	 1	 -41.7367	  174.1902
2.187	 2.93	 2	 -42.6711	  173.0055
2.187	 2.14	 1	 -42.2409	  173.5659
2.189	 2.76	 1	 -42.2331	  173.4792
2.189	 2.86	 1	 -42.0601	  173.7385
2.192	 2.04	 1	 -42.5444	  173.0439
2.192	 2.90	 1	 -41.8335	  174.0199
2.194	 2.73	 2	 -42.5008	  173.0054
2.194	 2.11	 1	 -42.6870	  172.7970
2.194	 2.38	 2	 -41.6901	  174.2617
2.194	 2.93	 1	 -42.4814	  173.1081
2.195	 2.12	 1	 -41.8525	  174.4909
2.195	 2.75	 1	 -42.7700	  173.8457
2.197	 2.08	 1	 -42.3290	  173.3357
2.197	 3.17	 1	 -41.7934	  174.2289
2.200	 3.24	 1	 -42.5233	  173.2179
2.200	 2.07	 1	 -41.8277	  174.2132
2.201	 2.12	 1	 -42.6624	  172.9730
2.202	 4.07	 1	 -43.1033	  172.4305
2.202	 2.17	 1	 -42.3273	  173.5807
2.202	 2.53	 1	 -42.2501	  173.5201
2.203	 2.41	 2	 -42.0656	  173.9882
2.204	 2.12	 2	 -43.1213	  172.3888
2.204	 3.01	 1	 -41.7371	  174.3268
2.204	 3.03	 1	 -42.0242	  173.7052
2.206	 2.85	 1	 -42.2557	  173.7021
2.206	 2.36	 1	 -42.5628	  172.9638
2.207	 2.07	 1	 -42.1941	  174.8050
2.208	 2.01	 1	 -42.3069	  173.8595
2.210	 3.33	 1	 -42.3761	  173.6713
2.212	 2.35	 1	 -42.4780	  173.2442
2.212	 2.51	 1	 -41.7058	  174.3326
2.215	 3.57	 1	 -42.8010	  173.1611
2.216	 2.43	 1	 -42.0595	  173.9151
2.216	 2.03	 2	 -43.1271	  173.8527
2.217	 2.47	 1	 -41.7131	  174.2794
2.217	 2.36	 1	 -41.9340	  173.6220
2.218	 2.02	 1	 -41.8029	  174.2722
2.218	 2.62	 1	 -41.7135	  174.2471
2.219	 2.69	 1	 -42.6097	  173.1708
2.222	 3.32	 1	 -40.8990	  171.3228
2.223	 2.16	 2	 -42.5171	  173.3686
2.224	 2.12	 1	 -41.7752	  174.1754
2.225	 2.23	 2	 -41.8619	  174.2174
2.225	 2.02	 1	 -42.2637	  173.6891
2.226	 2.87	 1	 -42.3579	  173.9132
2.228	 2.13	 1	 -41.6030	  173.4850
2.231	 2.15	 1	 -41.7799	  173.5017
2.232	 2.28	 1	 -41.9386	  174.2476
2.232	 3.21	 1	 -42.0329	  173.7368
2.233	 3.88	 2	 -41.6718	  174.0948
2.233	 2.57	 1	 -42.1752	  174.0301
2.234	 2.07	 1	 -42.4358	  173.2490
2.234	 2.29	 1	 -42.6552	  172.9702
2.235	 2.09	 1	 -42.1294	  173.6629
2.235	 2.77	 1	 -42.2640	  173.6248
2.237	 2.45	 1	 -42.5564	  173.0511
2.237	 2.04	 1	 -41.9825	  173.7014
2.238	 3.10	 1	 -41.8777	  174.1801
2.238	 2.33	 1	 -42.4157	  173.6809
2.238	 2.07	 1	 -42.4978	  173.1248
2.239	 2.40	 1	 -39.2842	  171.0967
2.240	 2.26	 1	 -41.3542	  174.5262
2.240	 2.02	 1	 -41.9959	  174.1034
2.242	 2.29	 1	 -41.8108	  174.1753
2.243	 2.08	 1	 -42.3381	  173.7065
2.243	 2.31	 1	 -42.6103	  172.9630
2.243	 2.10	 1	 -41.8157	  174.3050
2.244	 2.67	 1	 -41.7842	  174.0474
2.245	 2.89	 1	 -41.8507	  174.1125
2.245	 2.93	 1	 -41.9457	  173.7190
2.246	 2.35	 1	 -41.7047	  174.2847
2.246	 2.70	 1	 -42.2730	  173.8669
2.248	 2.17	 1	 -42.1936	  173.7651
2.248	 2.55	 1	 -41.7817	  174.2006
2.251	 2.27	 1	 -42.1693	  173.8042
2.251	 2.23	 1	 -42.1652	  173.6258
2.252	 2.07	 1	 -41.5237	  173.0368
2.253	 3.85	 1	 -42.6232	  172.9258
2.253	 2.25	 2	 -42.1811	  173.2773
2.255	 2.09	 1	 -41.7541	  174.2720
2.255	 2.17	 1	 -42.5802	  173.1801
2.257	 2.75	 1	 -41.8541	  173.7171
2.258	 2.41	 1	 -41.7810	  174.2074
2.258	 2.03	 1	 -42.4397	  173.0676
2.259	 3.19	 1	 -42.3406	  173.1618
2.261	 2.84	 1	 -42.4716	  173.5350
2.261	 2.19	 1	 -42.0081	  173.6338
2.261	 2.34	 1	 -42.0770	  173.5715
2.263	 2.34	 1	 -42.5740	  172.5748
2.265	 2.20	 1	 -41.9012	  173.8488
2.265	 2.20	 2	 -42.5275	  173.7611
2.265	 2.04	 1	 -41.7389	  174.0533
2.267	 2.17	 1	 -41.7285	  174.2407
2.268	 2.23	 1	 -41.6891	  174.2645
2.270	 2.78	 1	 -42.0438	  173.7422
2.272	 2.66	 1	 -41.5702	  176.2628
2.272	 4.85	 3	 -42.0267	  174.0035
2.272	 2.05	 1	 -42.4088	  173.9024
2.273	 2.25	 1	 -42.4362	  173.3152
2.273	 2.55	 1	 -41.7294	  174.2215
2.274	 3.15	 1	 -41.6596	  174.2824
2.274	 2.26	 2	 -41.7548	  174.3553
2.275	 2.04	 1	 -41.7077	  174.2318
2.275	 2.33	 1	 -41.9980	  173.6626
2.276	 2.78	 4	 -41.9953	  174.0065
2.276	 2.40	 1	 -42.4188	  173.2555
2.276	 2.00	 1	 -42.2774	  173.6539
2.276	 2.78	 1	 -42.1678	  173.4930
2.276	 2.20	 1	 -45.1581	  169.4377
2.277	 2.08	 1	 -41.8013	  173.9964
2.278	 2.38	 1	 -41.8016	  174.3887
2.279	 2.01	 1	 -42.4650	  172.9484
2.279	 2.08	 1	 -42.2603	  173.5910
2.279	 2.19	 2	 -42.7178	  172.7340
2.280	 2.25	 1	 -41.7897	  174.2117
2.281	 2.05	 1	 -42.2131	  173.6439
2.282	 2.08	 1	 -42.3983	  173.9039
2.282	 2.75	 1	 -42.1778	  173.7807
2.283	 2.14	 1	 -42.6657	  173.1251
2.283	 2.85	 1	 -41.9460	  173.7362
2.283	 2.09	 1	 -42.2582	  173.9378
2.284	 2.01	 2	 -42.6854	  173.4022
2.285	 2.22	 1	 -42.4396	  173.8042
2.285	 2.37	 1	 -42.0858	  172.5724
2.286	 2.04	 1	 -42.1528	  173.4985
2.286	 2.42	 1	 -42.1457	  173.7021
2.288	 3.05	 1	 -42.3192	  173.7170
2.288	 3.48	 2	 -42.1480	  173.6818
2.290	 2.18	 1	 -41.6662	  174.3152
2.293	 2.02	 1	 -41.8876	  173.9482
2.294	 2.04	 1	 -42.7141	  172.7524
2.297	 2.05	 1	 -42.1933	  173.6942
2.298	 2.52	 1	 -42.1921	  173.5088
2.298	 2.02	 1	 -42.3448	  173.5081
2.298	 2.25	 1	 -42.7085	  172.8529
2.300	 2.24	 2	 -42.1696	  173.7838
2.302	 2.18	 1	 -42.2402	  173.6793
2.304	 3.11	 2	 -41.7849	  174.3219
2.305	 2.63	 1	 -42.4208	  173.8861
2.306	 2.25	 1	 -41.9397	  173.6441
2.307	 2.36	 2	 -41.7413	  174.1929
2.308	 2.61	 1	 -42.6838	  173.7109
2.310	 2.15	 1	 -41.6565	  171.4208
2.310	 2.52	 1	 -42.0140	  173.7319
2.312	 2.25	 1	 -41.9110	  174.0845
2.313	 2.93	 1	 -41.5824	  174.4591
2.313	 2.48	 1	 -42.5865	  173.0381
2.315	 2.19	 2	 -42.6159	  173.7480
2.316	 3.67	 1	 -41.7939	  174.0079
2.318	 2.15	 1	 -42.2495	  173.6705
2.318	 2.30	 1	 -41.8263	  174.2709
2.321	 2.33	 1	 -42.1050	  173.6917
2.321	 2.24	 1	 -42.5908	  173.0667
2.321	 2.19	 1	 -42.1411	  173.7555
2.322	 2.21	 1	 -41.6940	  174.2416
2.323	 2.90	 1	 -42.2756	  173.7281
2.325	 2.01	 1	 -42.2376	  173.4024
2.325	 4.27	 1	 -42.3375	  173.8809
2.325	 2.18	 1	 -41.8118	  174.1986
2.326	 2.57	 1	 -41.8286	  174.3134
2.326	 2.97	 1	 -42.5772	  172.8423
2.326	 2.01	 2	 -42.1665	  173.5864
2.326	 2.34	 1	 -42.3868	  173.8097
2.328	 2.52	 1	 -42.0744	  173.7569
2.328	 2.05	 1	 -42.0641	  173.7279
2.328	 2.25	 1	 -42.1413	  173.5677
2.329	 2.26	 1	 -41.7806	  174.3737
2.329	 2.05	 1	 -41.7487	  174.3613
2.329	 2.49	 2	 -41.9535	  173.8789
2.330	 2.16	 1	 -42.2703	  173.7601
2.330	 2.02	 1	 -43.4112	  173.3575
2.331	 4.27	 1	 -42.1738	  173.6452
2.331	 2.56	 1	 -41.7579	  174.2124
2.332	 2.45	 1	 -41.9938	  173.9261
2.333	 2.15	 3	 -41.9924	  173.6551
2.333	 2.46	 2	 -46.1253	  175.1506
2.334	 2.09	 1	 -41.8000	  174.2426
2.335	 2.08	 1	 -42.3290	  173.5114
2.336	 2.10	 1	 -41.6209	  173.7868
2.337	 2.77	 2	 -41.7569	  174.0011
2.338	 2.18	 3	 -41.6650	  174.0860
2.339	 2.49	 2	 -42.0520	  173.7658
2.339	 2.57	 1	 -42.6799	  172.7881
2.340	 2.38	 1	 -41.7983	  174.0655
2.341	 2.07	 1	 -41.8838	  173.6310
2.341	 2.41	 1	 -41.6437	  174.0018
2.341	 3.39	 2	 -42.1347	  173.9224
2.342	 2.07	 2	 -41.7647	  174.1227
2.342	 2.04	 1	 -42.3550	  173.8482
2.343	 2.97	 2	 -42.4093	  173.8985
2.345	 2.03	 1	 -41.8041	  174.2263
2.347	 2.20	 1	 -41.7842	  174.1773
2.348	 2.36	 1	 -41.7333	  174.6259
2.349	 2.42	 1	 -41.7969	  174.1805
2.353	 2.06	 1	 -42.2692	  173.7085
2.354	 3.95	 1	 -41.8635	  173.8380
2.354	 2.66	 1	 -42.1633	  173.5860
2.355	 2.42	 1	 -42.4426	  173.8388
2.355	 2.20	 2	 -41.6999	  174.3002
2.356	 2.93	 1	 -42.1731	  173.9501
2.356	 2.33	 1	 -42.7669	  173.0128
2.358	 2.12	 1	 -38.1705	  174.4178
2.359	 2.12	 1	 -42.0005	  173.7286
2.361	 2.05	 1	 -41.6505	  174.2342
2.361	 2.26	 1	 -42.5423	  173.1224
2.361	 2.32	 1	 -41.7805	  174.1711
2.362	 2.10	 1	 -41.7023	  174.5430
2.363	 2.16	 2	 -42.5281	  173.7523
2.365	 2.14	 1	 -42.5452	  173.8672
2.366	 2.10	 1	 -41.9821	  173.6831
2.366	 2.33	 1	 -41.7257	  174.0986
2.367	 2.01	 1	 -42.2405	  173.7202
2.369	 2.06	 1	 -41.6865	  174.2086
2.369	 2.42	 4	 -41.9922	  174.0793
2.372	 2.40	 1	 -41.7037	  174.1860
2.374	 2.53	 2	 -41.8338	  173.9680
2.374	 2.33	 1	 -42.5672	  173.1419
2.374	 2.47	 1	 -42.5552	  173.0789
2.375	 2.83	 1	 -41.5858	  174.2861
2.375	 3.31	 1	 -42.6284	  173.7837
2.376	 2.05	 1	 -42.5973	  172.6056
2.376	 2.30	 1	 -41.7130	  174.1286
2.377	 2.64	 2	 -42.2374	  173.9185
2.377	 2.68	 1	 -42.5336	  173.8989
2.378	 2.54	 1	 -42.5837	  173.0444
2.378	 2.50	 1	 -42.4694	  173.9147
2.380	 2.53	 1	 -42.0429	  173.7200
2.381	 2.69	 1	 -41.7652	  174.3590
2.381	 2.15	 2	 -41.6788	  174.3954
2.381	 2.06	 1	 -42.1350	  173.5920
2.382	 2.05	 1	 -41.8991	  173.7480
2.383	 2.03	 1	 -42.2266	  173.7599
2.383	 2.61	 3	 -42.6396	  172.7388
2.385	 2.57	 1	 -42.2527	  173.7702
2.385	 2.04	 1	 -41.7367	  174.2024
2.387	 2.98	 1	 -41.7979	  174.2328
2.387	 2.07	 2	 -41.7050	  174.1737
2.389	 2.41	 1	 -41.7768	  174.0389
2.392	 2.04	 1	 -42.1006	  173.9582
2.393	 3.36	 1	 -42.2685	  173.5507
2.393	 2.24	 1	 -42.2153	  173.7825
2.393	 2.16	 1	 -41.9775	  174.2235
2.393	 2.26	 2	 -42.3212	  173.7615
2.397	 2.14	 1	 -42.0582	  173.7809
2.398	 2.35	 1	 -42.2069	  173.6776
2.400	 2.37	 2	 -42.2081	  173.6719
2.400	 2.14	 1	 -42.6696	  173.4890
2.400	 2.57	 1	 -42.0116	  173.6766
2.401	 2.26	 1	 -42.6482	  173.9431
2.401	 2.01	 1	 -42.3579	  173.8907
2.404	 3.83	 1	 -42.1202	  173.6608
2.404	 2.01	 1	 -41.8413	  174.1503
2.404	 2.49	 2	 -42.0785	  173.6047
2.404	 2.35	 1	 -41.7658	  174.0723
2.405	 3.37	 1	 -42.2559	  173.5003
2.405	 2.45	 1	 -42.1550	  171.6447
2.405	 2.19	 1	 -42.3191	  173.6830
2.406	 4.32	 2	 -44.2565	  175.1412
2.407	 2.94	 1	 -38.7419	  177.4061
2.408	 2.53	 1	 -42.0578	  173.7185
2.409	 2.26	 1	 -42.2400	  173.6471
2.410	 2.76	 1	 -41.6824	  174.2411
2.412	 2.22	 1	 -41.7870	  174.1649
2.414	 3.58	 1	 -42.7420	  172.8910
2.419	 2.35	 1	 -42.0026	  173.8749
2.420	 2.57	 1	 -41.7411	  174.2199
2.420	 2.31	 1	 -41.6777	  174.3377
2.420	 2.29	 1	 -42.3607	  173.7800
2.422	 2.36	 1	 -41.7128	  174.2635
2.422	 2.22	 1	 -42.6280	  172.8395
2.423	 2.58	 1	 -41.8154	  174.4743
2.428	 2.14	 1	 -41.7795	  174.2468
2.429	 2.48	 1	 -42.1493	  173.7517
2.430	 2.22	 2	 -42.1893	  173.4779
2.430	 2.15	 1	 -42.5675	  172.9847
2.435	 2.32	 1	 -42.3701	  173.5212
2.437	 2.01	 1	 -42.1295	  173.7510
2.438	 2.80	 1	 -42.3511	  174.0677
2.439	 2.05	 1	 -41.7189	  174.3048
2.439	 2.23	 1	 -41.9461	  173.7309
2.441	 2.85	 1	 -40.8576	  179.4131
2.445	 2.22	 1	 -42.2409	  173.5932
2.445	 2.89	 1	 -41.8500	  173.9811
2.445	 2.16	 1	 -41.7216	  174.3381
2.445	 2.52	 2	 -42.2667	  172.7640
2.446	 2.51	 1	 -42.1847	  173.5628
2.446	 2.16	 1	 -42.6186	  172.9530
2.446	 2.02	 1	 -42.0180	  173.8617
2.448	 3.18	 1	 -41.7530	  174.3858
2.448	 2.14	 1	 -41.5967	  174.3662
2.452	 2.60	 1	 -41.8160	  173.9848
2.453	 3.14	 1	 -42.5164	  172.6304
2.453	 2.30	 1	 -43.2724	  172.9312
2.454	 2.26	 1	 -41.7894	  174.4524
2.454	 2.01	 1	 -42.6378	  173.7243
2.455	 2.58	 1	 -42.1923	  173.8081
2.458	 2.52	 1	 -42.7063	  172.9299
2.458	 2.42	 1	 -41.7346	  174.1534
2.459	 2.01	 1	 -42.4722	  173.2967
2.462	 2.28	 1	 -41.8049	  174.1708
2.464	 2.06	 1	 -42.6107	  173.1864
2.464	 2.37	 1	 -41.7414	  174.1154
2.466	 2.23	 1	 -42.9182	  172.8009
2.467	 2.16	 1	 -41.9651	  173.5196
2.467	 2.18	 1	 -42.1491	  173.8147
2.470	 2.31	 1	 -42.3516	  173.6104
2.472	 2.11	 1	 -42.0840	  173.8088
2.472	 2.35	 2	 -42.7316	  172.7636
2.472	 2.19	 1	 -41.9537	  174.1545
2.474	 2.33	 2	 -41.7948	  174.2541
2.475	 2.26	 1	 -42.4832	  173.1551
2.477	 2.08	 1	 -38.9503	  176.4141
2.478	 2.18	 1	 -42.0616	  173.2962
2.481	 2.07	 1	 -41.9607	  173.4392
2.482	 2.32	 1	 -41.6704	  173.8027
2.482	 2.01	 1	 -42.2290	  173.5770
2.485	 4.15	 1	 -41.9753	  174.1635
2.486	 2.06	 1	 -42.3217	  173.7557
2.487	 2.71	 1	 -41.8023	  174.1601
2.488	 2.63	 1	 -42.2590	  173.7393
2.489	 3.59	 1	 -42.1187	  173.9639
2.489	 2.86	 1	 -42.4146	  173.8549
2.493	 2.04	 1	 -41.7621	  174.2428
2.494	 2.62	 1	 -42.3874	  173.7884
2.494	 3.23	 1	 -42.1428	  173.7930
2.495	 2.32	 1	 -41.9659	  172.9417
2.497	 2.04	 1	 -41.7928	  174.2734
2.497	 3.07	 1	 -42.6507	  172.7825
2.498	 2.49	 1	 -42.3735	  173.7602
2.498	 2.19	 2	 -42.1327	  173.7734
2.499	 2.24	 1	 -42.6152	  173.0005
2.502	 2.36	 1	 -42.4051	  173.0209
2.502	 3.30	 1	 -42.5687	  173.0232
2.504	 2.31	 2	 -41.7034	  174.2847
2.504	 2.36	 1	 -41.9532	  173.6790
2.505	 2.16	 1	 -42.7026	  172.7531
2.506	 2.16	 1	 -42.4716	  173.7733
2.507	 2.18	 2	 -42.6707	  172.7662
2.507	 2.20	 1	 -42.7071	  173.2198
2.508	 3.43	 1	 -42.3157	  173.8945
2.508	 2.07	 1	 -42.2558	  173.6845
2.510	 2.27	 1	 -42.3357	  172.9361
2.511	 2.25	 1	 -41.7753	  174.2432
2.511	 2.61	 1	 -42.2228	  173.7735
2.512	 2.01	 1	 -42.6720	  173.0783
2.514	 2.19	 2	 -42.1907	  173.4517
2.515	 3.47	 1	 -42.0949	  173.7541
2.520	 2.42	 1	 -41.7400	  174.1688
2.520	 3.17	 1	 -42.1925	  173.3724
2.521	 2.05	 2	 -42.1094	  173.6442
2.521	 2.79	 1	 -41.9436	  173.7859
2.523	 2.10	 2	 -42.5220	  173.1727
2.524	 2.14	 1	 -41.8766	  174.0511
2.525	 2.17	 1	 -42.9294	  174.7563
2.525	 2.29	 1	 -41.7326	  174.1753
2.526	 2.34	 1	 -42.3447	  174.1861
2.527	 2.31	 1	 -42.1383	  173.6243
2.527	 2.10	 1	 -42.6672	  172.8973
2.528	 2.22	 1	 -42.3044	  173.5487
2.529	 2.08	 1	 -41.8861	  174.1622
2.530	 3.14	 1	 -41.9394	  174.2377
2.530	 2.03	 2	 -42.5846	  172.8913
2.530	 2.37	 1	 -41.9262	  174.3821
2.530	 2.19	 1	 -42.4108	  173.3370
2.531	 2.20	 1	 -42.3974	  173.9050
2.532	 2.20	 1	 -41.7120	  174.3148
2.533	 2.48	 2	 -41.9072	  174.0629
2.534	 4.85	 1	 -42.6868	  172.9065
2.535	 2.80	 1	 -42.6334	  172.9600
2.535	 2.29	 2	 -41.5812	  175.3161
2.536	 2.39	 1	 -42.1328	  173.5805
2.537	 2.00	 1	 -42.3109	  173.8081
2.537	 2.23	 1	 -42.7736	  173.0594
2.538	 2.41	 1	 -42.3756	  174.0234
2.539	 2.20	 1	 -41.7539	  174.1974
2.539	 2.74	 1	 -42.5841	  173.1279
2.539	 2.08	 1	 -42.9955	  172.8243
2.541	 2.16	 1	 -42.0381	  173.7574
2.543	 2.15	 1	 -42.6899	  172.8687
2.543	 2.42	 1	 -42.2614	  173.8084
2.544	 2.13	 2	 -42.6859	  172.9164
2.544	 2.32	 1	 -42.0226	  173.6834
2.545	 2.14	 1	 -42.1228	  173.7917
2.547	 2.22	 1	 -42.4273	  173.2071
2.547	 2.31	 1	 -42.5655	  173.0794
2.548	 2.09	 1	 -42.5745	  173.1956
2.548	 2.04	 1	 -41.8442	  174.1395
2.549	 2.46	 1	 -42.0830	  173.8584
2.549	 2.99	 1	 -43.5955	  176.9543
2.552	 2.09	 3	 -42.0724	  173.6045
2.553	 2.59	 1	 -41.6331	  174.2471
2.553	 2.54	 1	 -42.6227	  172.9795
2.553	 2.49	 1	 -42.2950	  173.3430
2.554	 2.06	 2	 -41.9629	  173.9000
2.554	 2.20	 1	 -42.4784	  173.1895
2.554	 2.86	 1	 -41.9910	  173.8194
2.562	 2.57	 1	 -42.6210	  173.4686
2.563	 2.41	 1	 -42.2027	  173.6312
2.563	 2.04	 1	 -41.6609	  174.0709
2.563	 2.10	 1	 -42.6383	  172.9489
2.563	 2.53	 1	 -42.4130	  173.7426
2.563	 2.68	 1	 -42.4092	  173.8996
2.565	 2.37	 1	 -42.4797	  173.0298
2.565	 2.39	 1	 -41.6833	  174.3407
2.567	 2.00	 1	 -42.0695	  173.5336
2.568	 2.02	 1	 -41.6187	  174.1744
2.568	 2.26	 1	 -42.1588	  173.1205
2.570	 2.36	 1	 -42.0521	  173.6032
2.571	 2.79	 1	 -42.5213	  173.8509
2.572	 2.36	 1	 -41.8272	  174.2121
2.574	 2.36	 1	 -41.9735	  174.0150
2.575	 2.06	 1	 -41.7805	  173.5154
2.577	 2.36	 2	 -43.1158	  172.4231
2.577	 2.12	 1	 -41.9459	  173.7068
2.580	 2.03	 1	 -41.8054	  173.8788
2.581	 2.47	 1	 -42.3932	  173.7907
2.582	 2.01	 2	 -41.8554	  174.2211
2.583	 2.65	 1	 -42.1823	  173.4896
2.583	 2.63	 1	 -42.2057	  173.5873
2.586	 2.20	 1	 -41.1979	  174.7312
2.586	 2.12	 1	 -42.1849	  173.6286
2.586	 2.87	 2	 -41.9699	  174.1602
2.588	 2.23	 1	 -42.3698	  173.8500
2.590	 3.25	 1	 -42.6575	  173.1887
2.590	 2.18	 1	 -42.0518	  173.6571
2.590	 3.97	 1	 -42.6931	  173.0234
2.592	 2.15	 1	 -41.7093	  174.2934
2.594	 2.33	 1	 -42.6895	  172.8983
2.596	 2.47	 1	 -41.8003	  173.5934
2.598	 2.91	 1	 -41.8533	  174.1117
2.598	 2.26	 1	 -41.6780	  174.2715
2.601	 2.17	 1	 -42.6192	  174.7365
2.601	 2.16	 1	 -42.4012	  174.9617
2.603	 2.02	 1	 -42.3781	  173.0978
2.603	 3.26	 1	 -41.6745	  172.3585
2.611	 2.44	 1	 -42.2627	  173.7419
2.611	 2.12	 1	 -42.6640	  172.9124
2.612	 2.92	 1	 -42.3723	  172.9383
2.613	 2.75	 2	 -42.5355	  173.8314
2.613	 2.32	 1	 -41.6896	  174.4344
2.615	 2.50	 1	 -42.6954	  172.9843
2.615	 2.05	 1	 -41.8415	  174.3493
2.616	 3.35	 1	 -42.1612	  174.0216
2.617	 2.06	 1	 -42.0043	  173.6893
2.617	 2.87	 1	 -41.6067	  174.0801
2.619	 2.68	 1	 -42.7172	  173.4211
2.622	 2.24	 1	 -42.5581	  172.7749
2.622	 2.23	 1	 -43.3261	  173.6161
2.623	 2.41	 1	 -41.8175	  174.0390
2.625	 2.08	 2	 -41.7693	  174.1999
2.626	 2.38	 1	 -41.9180	  174.1243
2.631	 2.30	 1	 -42.5597	  173.7343
2.634	 2.09	 1	 -42.3338	  172.4630
2.634	 2.24	 1	 -42.4098	  173.2067
2.635	 2.25	 1	 -42.8358	  172.9716
2.637	 2.02	 1	 -42.1463	  173.5365
2.638	 2.99	 1	 -41.6683	  174.2831
2.638	 2.03	 1	 -42.4284	  173.8143
2.639	 2.06	 1	 -42.1889	  173.9737
2.640	 2.27	 1	 -42.0163	  173.8723
2.642	 2.03	 1	 -42.1474	  173.8450
2.644	 2.13	 1	 -42.8891	  173.3522
2.645	 2.30	 1	 -43.8992	  174.2739
2.645	 2.14	 1	 -42.2198	  173.5006
2.647	 2.60	 1	 -41.8185	  174.0044
2.648	 3.54	 1	 -42.7335	  173.0868
2.649	 2.20	 1	 -42.0918	  173.7698
2.649	 3.20	 1	 -42.5890	  173.1497
2.651	 2.08	 1	 -42.1895	  173.8250
2.654	 2.11	 1	 -42.1190	  172.5349
2.654	 2.15	 1	 -41.9958	  173.1459
2.655	 2.05	 1	 -41.7604	  174.2869
2.655	 2.78	 1	 -42.1618	  173.6201
2.656	 2.28	 1	 -41.7495	  173.9954
2.657	 2.23	 1	 -42.2846	  173.7204
2.661	 2.41	 1	 -41.8763	  174.2771
2.666	 2.40	 1	 -41.7304	  174.3623
2.667	 2.00	 2	 -42.5322	  173.7941
2.667	 2.52	 1	 -42.2452	  173.6134
2.667	 2.93	 1	 -42.6709	  172.9276
2.669	 2.42	 1	 -42.1630	  173.2470
2.670	 2.31	 1	 -41.8135	  174.2626
2.672	 2.15	 1	 -42.1594	  173.8443
2.674	 2.41	 1	 -42.7522	  172.9405
2.678	 2.16	 2	 -42.5008	  173.7724
2.680	 3.56	 2	 -42.0234	  173.6995
2.680	 2.79	 1	 -41.8513	  174.4612
2.681	 2.27	 1	 -42.5670	  173.1821
2.682	 2.17	 1	 -41.9240	  174.0706
2.682	 2.10	 1	 -41.7914	  174.2596
2.684	 2.91	 1	 -42.5037	  174.6625
2.686	 2.39	 1	 -40.5413	  170.0111
2.692	 2.02	 1	 -42.6809	  172.7915
2.692	 2.25	 1	 -41.8483	  174.0380
2.692	 2.02	 1	 -41.7456	  174.0576
2.693	 2.40	 1	 -42.1686	  173.6980
2.695	 2.14	 1	 -42.2005	  173.8856
2.696	 2.14	 1	 -41.6616	  174.3553
2.697	 2.21	 1	 -42.6117	  173.3065
2.697	 2.25	 1	 -41.9364	  174.0031
2.699	 2.80	 1	 -42.2042	  174.3056
2.699	 2.08	 1	 -41.8238	  174.1853
2.699	 2.64	 1	 -41.8669	  172.8232
2.700	 2.14	 1	 -41.7969	  174.2964
2.700	 2.38	 1	 -42.0712	  173.6313
2.701	 3.64	 1	 -42.5027	  173.1214
2.704	 2.97	 1	 -42.1408	  173.6215
2.706	 2.32	 1	 -42.2682	  173.6633
2.706	 2.38	 1	 -41.7950	  174.4413
2.708	 2.04	 1	 -41.5555	  174.2812
2.709	 2.15	 1	 -42.3686	  172.8659
2.709	 2.64	 1	 -41.8004	  174.2434
2.710	 2.64	 1	 -42.1300	  173.5970
2.716	 2.00	 2	 -41.8112	  174.1232
2.720	 2.19	 1	 -41.9372	  177.0604
2.720	 2.37	 1	 -42.4226	  173.5574
2.720	 2.90	 1	 -42.1153	  173.6961
2.720	 2.98	 1	 -41.9072	  173.6428
2.726	 3.37	 1	 -42.4240	  174.0150
2.727	 2.05	 1	 -42.4084	  173.7651
2.728	 2.77	 1	 -42.6829	  172.9913
2.731	 2.23	 1	 -41.9570	  173.6392
2.732	 2.36	 1	 -41.8420	  173.9930
2.732	 2.09	 1	 -44.1748	  173.4411
2.732	 2.07	 2	 -41.1475	  167.7409
2.733	 2.16	 1	 -41.8186	  174.2103
2.734	 2.04	 1	 -41.9652	  173.7577
2.734	 2.53	 1	 -41.8012	  174.1570
2.735	 2.23	 1	 -42.5001	  173.2676
2.739	 2.32	 1	 -41.7149	  174.3918
2.740	 2.10	 1	 -41.7658	  174.1679
2.742	 2.51	 1	 -41.7546	  174.2564
2.742	 2.19	 1	 -41.9893	  173.6567
2.743	 2.75	 1	 -42.8923	  174.2390
2.745	 5.43	 1	 -42.5084	  173.1642
2.746	 2.27	 1	 -42.4708	  173.5804
2.746	 2.08	 2	 -41.6829	  174.1665
2.747	 3.98	 1	 -41.9796	  173.7055
2.747	 2.71	 1	 -42.0893	  173.8130
2.748	 2.05	 1	 -41.9406	  173.9953
2.749	 2.67	 1	 -41.7812	  174.1922
2.749	 3.60	 1	 -42.2689	  173.6004
2.749	 2.70	 1	 -42.6015	  173.1412
2.750	 2.04	 1	 -42.5298	  173.1495
2.750	 2.01	 2	 -42.1442	  173.7308
2.751	 2.24	 1	 -42.1477	  173.7440
2.752	 2.53	 1	 -41.7145	  174.2933
2.753	 2.48	 1	 -42.3569	  173.8158
2.754	 2.60	 1	 -42.6198	  172.9304
2.754	 2.19	 1	 -42.4959	  173.2857
2.755	 2.33	 1	 -42.1777	  174.1841
2.756	 3.15	 1	 -42.3614	  174.0178
2.757	 2.07	 1	 -42.1516	  173.4768
2.760	 2.18	 1	 -42.4645	  173.7267
2.762	 2.53	 1	 -42.4677	  173.6810
2.762	 2.19	 2	 -42.8006	  173.1833
2.762	 2.25	 1	 -43.1870	  173.4467
2.763	 4.36	 1	 -42.5073	  172.8026
2.764	 3.13	 2	 -42.1236	  173.6624
2.764	 2.65	 1	 -42.2420	  172.7430
2.764	 2.24	 1	 -41.9137	  174.1476
2.765	 2.24	 1	 -41.7362	  174.3475
2.765	 2.18	 1	 -42.3967	  173.8357
2.767	 2.20	 1	 -42.8031	  173.2686
2.771	 2.23	 1	 -42.3852	  173.9378
2.772	 2.37	 1	 -42.1748	  173.5718
2.773	 2.22	 1	 -41.8241	  174.1871
2.774	 2.78	 1	 -42.6290	  172.9631
2.775	 2.12	 1	 -42.3437	  173.4687
2.778	 2.79	 1	 -43.5684	  174.5731
2.782	 2.96	 2	 -41.4546	  173.1080
2.782	 2.08	 1	 -42.1692	  173.4558
2.783	 2.31	 1	 -42.2552	  173.6733
2.784	 2.21	 2	 -42.1580	  173.4644
2.784	 2.27	 1	 -42.2268	  173.5667
2.785	 2.03	 1	 -42.3154	  173.1586
2.787	 2.45	 1	 -41.7117	  174.1659
2.788	 2.29	 2	 -41.6873	  171.4094
2.789	 2.28	 1	 -42.2748	  173.6395
2.790	 3.01	 1	 -42.4528	  173.7764
2.793	 2.78	 2	 -42.4832	  173.1730
2.795	 2.46	 1	 -41.6573	  174.2872
2.795	 2.11	 1	 -42.3411	  173.1149
2.796	 2.47	 1	 -41.8925	  174.0000
2.796	 2.73	 1	 -41.9491	  174.3011
2.797	 2.64	 1	 -42.6051	  173.0073
2.806	 2.03	 2	 -41.7543	  174.1079
2.808	 2.09	 1	 -42.1443	  173.6953
2.809	 2.30	 2	 -40.4699	  175.9395
2.811	 2.14	 1	 -42.0965	  173.5769
2.814	 3.03	 2	 -42.5821	  173.1361
2.814	 2.88	 1	 -42.6178	  173.0115
2.815	 2.17	 1	 -42.1520	  173.7794
2.815	 2.88	 1	 -42.2271	  173.6144
2.816	 2.07	 1	 -42.1732	  173.5231
2.818	 2.26	 2	 -42.7243	  173.0813
2.818	 2.24	 1	 -41.8357	  174.3582
2.820	 2.02	 1	 -42.0598	  174.0849
2.820	 2.67	 1	 -41.8922	  173.9353
2.820	 2.13	 1	 -41.9544	  173.6976
2.822	 3.09	 1	 -42.6145	  172.9752
2.822	 2.01	 2	 -42.2135	  173.6547
2.823	 2.28	 1	 -42.1180	  172.9045
2.823	 2.60	 1	 -42.3898	  173.3278
2.824	 2.79	 1	 -42.0495	  173.1772
2.824	 2.67	 1	 -42.4997	  173.2331
2.827	 2.40	 1	 -42.4799	  173.7051
2.827	 2.16	 1	 -41.9382	  174.1565
2.828	 2.02	 1	 -42.5002	  172.4901
2.828	 2.04	 1	 -42.6453	  172.9911
2.830	 2.27	 1	 -41.9533	  174.0042
2.830	 2.92	 1	 -41.7803	  174.2158
2.831	 2.29	 1	 -42.7242	  172.9513
2.831	 2.29	 1	 -41.9486	  174.1984
2.832	 2.77	 1	 -42.8060	  172.6190
2.833	 2.03	 1	 -42.5798	  172.9450
2.833	 2.64	 1	 -42.5905	  173.1557
2.834	 2.38	 1	 -41.8221	  174.3031
2.837	 2.20	 1	 -42.0209	  173.8436
2.837	 3.16	 1	 -42.5749	  173.0471
2.839	 2.62	 2	 -42.4956	  173.2953
2.840	 2.03	 1	 -42.0290	  173.7437
2.841	 3.57	 1	 -42.9858	  173.0083
2.842	 2.65	 1	 -43.5237	  173.2103
2.842	 2.15	 1	 -42.1357	  173.6539
2.843	 2.41	 1	 -42.1778	  173.7422
2.843	 3.56	 2	 -41.8832	  173.6251
2.845	 2.30	 1	 -41.3395	  175.0447
2.845	 2.33	 1	 -42.1367	  173.4700
2.847	 2.10	 1	 -41.9368	  173.7656
2.849	 2.16	 1	 -41.6162	  174.4398
2.850	 3.05	 1	 -42.3276	  173.8296
2.850	 3.26	 1	 -42.1557	  173.4821
2.850	 2.77	 1	 -41.6988	  174.3445
2.851	 2.55	 2	 -42.4980	  173.1765
2.851	 2.32	 1	 -42.5761	  174.8142
2.852	 2.29	 1	 -42.1356	  173.6500
2.854	 2.70	 1	 -42.1245	  173.7367
2.856	 2.32	 1	 -41.7545	  174.2252
2.856	 2.79	 1	 -42.3142	  174.1874
2.857	 2.46	 1	 -45.3968	  169.2008
2.860	 4.68	 2	 -41.9460	  173.6481
2.860	 2.24	 2	 -41.7757	  174.4429
2.861	 2.71	 1	 -42.4363	  173.8360
2.865	 2.14	 1	 -42.8781	  171.9154
2.865	 3.07	 1	 -42.0733	  173.7531
2.870	 2.32	 1	 -42.3287	  173.4717
2.871	 2.02	 1	 -41.7491	  174.2884
2.874	 2.88	 1	 -42.7211	  173.3179
2.876	 2.03	 1	 -41.9241	  174.1836
2.876	 2.05	 1	 -42.3701	  173.8743
2.876	 2.47	 2	 -42.4816	  173.1154
2.877	 3.31	 1	 -42.7465	  172.6901
2.878	 2.41	 1	 -39.6972	  179.5679
2.878	 2.08	 2	 -42.0959	  173.9428
2.879	 2.95	 1	 -42.5571	  173.7514
2.881	 2.20	 1	 -42.1562	  173.5043
2.883	 2.96	 1	 -40.5013	  174.6931
2.884	 2.15	 1	 -42.4092	  173.5137
2.884	 2.32	 1	 -41.7444	  174.1178
2.884	 2.45	 1	 -41.6895	  174.2609
2.887	 2.60	 1	 -41.8328	  174.3065
2.888	 2.04	 1	 -41.6832	  174.1756
2.889	 2.62	 1	 -42.1140	  179.1690
2.890	 2.13	 1	 -42.3646	  174.2034
2.892	 3.07	 1	 -42.6535	  172.9068
2.895	 2.11	 1	 -42.3311	  174.0425
2.896	 2.42	 1	 -41.7926	  174.2187
2.897	 3.01	 2	 -41.9975	  174.1122
2.900	 2.47	 1	 -42.0472	  173.7327
2.901	 2.17	 1	 -41.7942	  174.1317
2.901	 2.95	 1	 -42.5704	  173.9092
2.902	 2.39	 2	 -42.5697	  172.7709
2.908	 4.19	 1	 -42.9232	  172.9581
2.908	 2.15	 1	 -42.1565	  173.2886
2.908	 2.17	 1	 -42.3643	  173.8183
2.910	 2.48	 1	 -42.2482	  173.7271
2.911	 2.56	 1	 -42.1631	  173.8378
2.913	 2.03	 2	 -41.8927	  173.9967
2.913	 2.31	 1	 -41.6994	  174.2744
2.914	 4.06	 2	 -42.1744	  173.7952
2.914	 2.74	 2	 -41.9833	  174.2573
2.914	 2.17	 1	 -42.5839	  172.9135
2.915	 3.21	 1	 -42.0263	  173.5302
2.916	 2.17	 1	 -42.0183	  173.7167
2.917	 2.07	 2	 -42.6704	  173.3287
2.917	 2.11	 1	 -41.5834	  174.5686
2.919	 2.88	 2	 -42.6385	  172.8872
2.922	 2.09	 1	 -42.5494	  173.1873
2.922	 2.34	 1	 -42.6675	  172.8647
2.923	 2.51	 1	 -42.3739	  173.3400
2.924	 2.30	 1	 -42.0600	  173.7439
2.926	 2.19	 1	 -43.3521	  175.2131
2.926	 2.68	 1	 -42.5485	  173.0268
2.927	 3.15	 1	 -42.6523	  172.9995
2.931	 3.05	 2	 -41.7152	  174.3118
2.932	 2.92	 1	 -41.7899	  174.1883
2.938	 2.13	 1	 -41.8092	  174.2162
2.942	 2.01	 1	 -42.7209	  173.2124
2.943	 2.10	 1	 -42.5154	  172.8116
2.943	 2.11	 1	 -42.1679	  173.6196
2.944	 2.46	 1	 -42.0138	  173.7384
2.945	 2.21	 1	 -41.8323	  174.1543
2.948	 3.44	 2	 -41.9396	  173.2489
2.948	 2.05	 1	 -42.3906	  173.5399
2.949	 2.03	 1	 -41.9073	  174.3886
2.950	 2.33	 1	 -41.7309	  174.2892
2.950	 2.13	 1	 -42.5608	  172.9036
2.954	 2.14	 1	 -42.2417	  173.6155
2.954	 2.08	 1	 -41.8451	  174.6251
2.955	 2.15	 1	 -41.8086	  173.0126
2.957	 2.22	 1	 -42.3232	  173.7586
2.957	 2.20	 1	 -42.0279	  173.5720
2.958	 2.33	 2	 -42.1214	  173.9427
2.958	 2.59	 1	 -39.6144	  173.2573
2.958	 3.24	 1	 -42.4463	  173.8921
2.962	 3.30	 2	 -42.9515	  172.9968
2.964	 3.08	 1	 -41.7324	  174.0982
2.966	 2.07	 1	 -41.8658	  174.0861
2.967	 2.35	 2	 -41.9573	  174.2319
2.968	 2.08	 1	 -42.4072	  173.7133
2.969	 2.02	 1	 -41.7240	  174.2114
2.970	 2.01	 1	 -41.7741	  174.1898
2.971	 2.51	 1	 -41.7758	  174.6483
2.971	 2.14	 1	 -42.6348	  173.0231
2.973	 3.25	 1	 -42.5898	  173.4864
2.977	 2.31	 1	 -41.9990	  173.6439
2.978	 2.41	 1	 -42.5566	  172.8955
2.983	 2.55	 1	 -42.7147	  172.8717
2.984	 2.55	 1	 -42.2421	  173.5771
2.984	 2.12	 1	 -42.4983	  173.9088
2.985	 3.46	 1	 -41.7826	  174.2440
2.985	 2.72	 1	 -42.0056	  173.6908
2.988	 2.27	 1	 -41.9469	  174.0121
2.989	 2.51	 2	 -42.0558	  173.4751
2.990	 2.01	 1	 -42.4548	  173.6271
2.990	 2.04	 1	 -38.3390	  171.4913
2.990	 3.17	 1	 -42.5653	  172.6210
2.992	 2.48	 1	 -41.9758	  173.6670
2.994	 2.31	 1	 -42.5056	  172.8322
2.994	 2.29	 1	 -41.8030	  174.1900
2.994	 2.42	 2	 -42.7513	  174.4173
2.998	 2.02	 1	 -43.5795	  179.2169
2.999	 2.84	 2	 -42.2093	  173.5530
3.000	 2.02	 1	 -42.1097	  173.5878
3.001	 2.29	 1	 -42.3715	  173.6284
3.001	 2.12	 1	 -42.0562	  174.0890
3.004	 2.03	 2	 -41.8446	  174.2000
3.005	 2.28	 1	 -41.7559	  174.2356
3.005	 2.38	 1	 -42.3193	  173.6731
3.006	 3.19	 1	 -42.0863	  173.5117
3.007	 2.54	 1	 -42.5142	  173.8010
3.007	 2.60	 1	 -42.6092	  173.1531
3.008	 2.84	 1	 -42.5756	  173.0348
3.009	 2.23	 4	 -42.0471	  173.9641
3.009	 2.30	 1	 -42.5453	  173.2439
3.009	 2.18	 1	 -41.8286	  174.1425
3.012	 2.94	 1	 -41.9843	  173.7230
3.012	 2.36	 1	 -41.8665	  173.5455
3.013	 2.46	 3	 -42.6225	  172.9630
3.016	 2.35	 1	 -42.3348	  173.9504
3.019	 2.07	 1	 -41.7862	  174.2834
3.021	 4.57	 2	 -42.2056	  173.6193
3.021	 2.26	 1	 -42.4203	  173.8468
3.024	 2.08	 1	 -42.3512	  173.9945
3.026	 2.22	 1	 -42.2256	  173.5990
3.027	 2.23	 1	 -41.8052	  174.2218
3.027	 2.24	 1	 -40.7684	  175.8946
3.033	 2.20	 1	 -42.4998	  173.0354
3.034	 2.78	 1	 -42.7442	  173.4212
3.034	 2.24	 1	 -42.6513	  172.9169
3.035	 2.32	 1	 -42.6905	  172.9483
3.036	 2.13	 1	 -42.3415	  172.8372
3.038	 2.36	 1	 -42.4207	  173.7792
3.039	 2.08	 1	 -42.2275	  173.5801
3.042	 2.18	 1	 -42.5755	  173.0355
3.043	 2.53	 1	 -42.3730	  174.0101
3.043	 2.84	 1	 -42.1360	  173.8669
3.044	 2.54	 1	 -42.2139	  173.6884
3.047	 2.71	 1	 -41.3669	  174.0635
3.047	 2.09	 1	 -41.9855	  173.7293
3.048	 2.22	 1	 -42.2127	  173.7562
3.048	 2.10	 1	 -41.9529	  174.0347
3.049	 2.15	 2	 -41.8090	  174.1188
3.054	 2.76	 1	 -41.7717	  174.1641
3.057	 2.20	 1	 -41.7264	  174.3238
3.058	 2.21	 1	 -42.6325	  172.7348
3.060	 2.03	 1	 -41.6887	  174.3291
3.061	 2.27	 1	 -41.7452	  174.2175
3.064	 2.82	 1	 -42.0723	  173.4022
3.065	 2.18	 1	 -42.5888	  172.9754
3.069	 2.42	 1	 -42.4668	  172.9362
3.070	 2.06	 1	 -42.4192	  173.6902
3.073	 2.54	 1	 -42.6837	  172.9183
3.078	 2.01	 1	 -41.8583	  174.2556
3.078	 2.20	 1	 -41.4053	  173.7271
3.079	 2.66	 1	 -42.2501	  173.9134
3.080	 2.16	 1	 -41.8626	  174.1691
3.089	 2.26	 2	 -42.7169	  172.6192
3.091	 2.24	 2	 -42.9404	  173.1743
3.092	 2.73	 2	 -42.2259	  173.7612
3.093	 2.31	 1	 -42.2194	  173.6495
3.093	 2.40	 1	 -41.7991	  174.2591
3.093	 2.25	 1	 -42.1917	  173.7496
3.094	 2.00	 1	 -42.5795	  172.9480
3.095	 2.02	 1	 -42.0241	  173.7611
3.095	 2.08	 1	 -42.6041	  173.0524
3.098	 2.13	 3	 -42.7388	  172.6729
3.100	 2.10	 1	 -42.0873	  173.7702
3.101	 2.33	 1	 -42.1728	  173.4857
3.103	 2.37	 1	 -42.2117	  173.8114
3.105	 2.02	 1	 -41.8664	  174.3184
3.105	 2.85	 1	 -41.7608	  174.1056
3.110	 2.11	 1	 -42.3081	  174.0347
3.112	 2.35	 2	 -41.9107	  174.1199
3.112	 2.00	 1	 -41.7783	  174.2530
3.112	 2.57	 1	 -41.7060	  174.2730
3.114	 2.06	 1	 -42.6847	  172.7426
3.115	 2.00	 1	 -42.4645	  173.1854
3.117	 2.37	 1	 -42.2889	  173.6572
3.117	 2.42	 1	 -41.7861	  174.2188
3.121	 2.67	 2	 -43.1064	  173.3222
3.122	 2.20	 1	 -41.8098	  174.1385
3.131	 2.73	 1	 -42.6454	  172.8421
3.132	 2.74	 1	 -42.2826	  173.7285
3.133	 2.05	 1	 -42.3629	  174.0215
3.134	 2.14	 1	 -41.7678	  174.3019
3.135	 2.79	 1	 -41.9897	  173.7137
3.139	 2.55	 1	 -42.4016	  173.7473
3.143	 2.07	 1	 -43.6641	  172.9184
3.143	 2.48	 2	 -41.9902	  173.6942
3.144	 2.17	 1	 -42.6083	  173.2293
3.145	 2.65	 1	 -42.3553	  174.2406
3.145	 2.10	 1	 -41.6750	  174.2158
3.146	 2.03	 1	 -41.7839	  174.1859
3.146	 2.36	 1	 -41.7576	  173.8007
3.148	 2.17	 1	 -42.3077	  173.6623
3.148	 2.29	 1	 -41.9290	  173.6338
3.152	 2.98	 1	 -42.6372	  173.3533
3.153	 2.27	 1	 -42.6504	  172.8732
3.154	 2.01	 1	 -42.1732	  173.6181
3.154	 3.72	 2	 -43.5891	  170.8588
3.155	 2.06	 2	 -41.6229	  174.5641
3.155	 2.53	 2	 -42.5184	  173.1730
3.158	 3.87	 2	 -42.3561	  174.0185
3.159	 2.23	 1	 -41.9836	  173.7507
3.159	 2.07	 1	 -42.2533	  173.6813
3.161	 2.07	 1	 -41.5956	  174.3451
3.163	 2.22	 1	 -42.6264	  172.9122
3.165	 2.15	 1	 -42.4030	  173.9212
3.168	 2.51	 1	 -42.6554	  173.3036
3.170	 2.07	 2	 -42.0261	  173.6958
3.171	 2.11	 1	 -42.5101	  172.7797
3.171	 2.63	 1	 -41.7883	  174.2239
3.171	 2.41	 1	 -41.7629	  174.5579
3.171	 2.06	 1	 -42.5850	  173.1318
3.174	 2.44	 1	 -42.5605	  173.2550
3.174	 2.34	 1	 -42.5390	  173.9734
3.174	 3.00	 1	 -41.6956	  174.2468
3.175	 2.91	 2	 -42.1768	  173.6167
3.175	 2.23	 1	 -42.1768	  174.1734
3.177	 2.53	 1	 -41.7919	  174.2457
3.181	 2.16	 1	 -42.9143	  172.0293
3.181	 2.94	 1	 -41.5997	  174.2190
3.182	 2.71	 1	 -42.3849	  173.7040
3.182	 2.20	 1	 -42.2719	  173.4685
3.182	 2.56	 2	 -42.4970	  173.8414
3.183	 2.11	 1	 -42.3869	  173.5438
3.183	 2.10	 1	 -42.5562	  173.1151
3.184	 2.45	 1	 -41.7999	  174.3157
3.184	 2.59	 1	 -42.5476	  172.7847
3.184	 2.17	 1	 -42.0206	  171.9043
3.186	 2.29	 1	 -41.7411	  174.1275
3.187	 2.23	 1	 -41.7673	  174.3415
3.189	 3.39	 1	 -41.7239	  174.2626
3.190	 2.12	 1	 -41.7513	  174.3118
3.190	 2.12	 1	 -42.4264	  173.9514
3.190	 2.29	 1	 -41.7201	  174.2830
3.192	 2.47	 3	 -42.7282	  172.7539
3.192	 2.01	 1	 -42.6520	  173.1832
3.193	 2.05	 1	 -41.8643	  173.9613
3.193	 2.22	 1	 -41.8138	  174.1832
3.194	 2.60	 1	 -42.4885	  173.6459
3.194	 2.75	 2	 -42.0469	  173.6186
3.194	 2.14	 2	 -42.0719	  173.7530
3.198	 2.51	 2	 -42.6680	  173.0457
3.198	 2.73	 2	 -42.1040	  173.9604
3.199	 2.09	 1	 -42.7531	  173.1488
3.200	 2.06	 1	 -42.1446	  173.7126
3.206	 2.06	 1	 -42.5217	  173.1562
3.208	 3.06	 1	 -42.4788	  173.4279
3.212	 2.03	 1	 -42.2759	  173.6921
3.214	 3.27	 1	 -42.0291	  173.6828
3.214	 2.02	 1	 -42.6630	  172.9479
3.214	 2.04	 1	 -42.8102	  172.6015
3.217	 2.08	 1	 -42.5567	  173.1815
3.219	 2.84	 1	 -42.6024	  172.9339
3.219	 2.58	 1	 -42.5114	  173.1603
3.220	 2.01	 1	 -42.9217	  172.5443
3.220	 2.24	 2	 -42.4838	  173.4244
3.221	 2.22	 1	 -42.3447	  173.9234
3.222	 2.34	 1	 -41.9929	  174.5042
3.224	 2.61	 1	 -41.6975	  174.6299
3.225	 2.43	 1	 -41.7786	  173.9776
3.226	 2.57	 2	 -42.5042	  172.8435
3.228	 2.24	 1	 -42.2490	  173.4720
3.229	 2.53	 1	 -42.6887	  172.9259
3.232	 2.01	 1	 -42.6892	  173.0251
3.233	 2.76	 1	 -41.7365	  174.2637
3.234	 2.35	 3	 -44.2578	  175.1484
3.235	 2.53	 1	 -41.7357	  174.2538
3.236	 2.12	 1	 -41.7478	  174.3333
3.237	 3.36	 1	 -42.1428	  173.6530
3.238	 2.13	 1	 -41.7366	  174.2732
3.239	 2.21	 2	 -41.7260	  172.7106
3.241	 2.64	 2	 -42.3858	  173.1970
3.242	 2.38	 1	 -41.8736	  173.8768
3.245	 2.43	 1	 -42.4522	  173.3700
3.245	 2.08	 2	 -42.4869	  173.2585
3.247	 2.48	 1	 -41.6043	  173.5871
3.247	 2.13	 1	 -42.5771	  172.8349
3.249	 2.06	 1	 -42.3985	  173.8128
3.250	 2.23	 1	 -42.3340	  173.5187
3.250	 2.12	 1	 -42.2180	  173.6385
3.250	 2.62	 1	 -41.9168	  173.7007
3.252	 3.05	 1	 -42.1943	  173.3208
3.253	 2.89	 1	 -42.2480	  173.7263
3.254	 2.01	 1	 -42.8066	  172.7422
3.254	 3.22	 1	 -41.9757	  174.0214
3.256	 3.30	 2	 -42.5849	  173.1321
3.258	 2.21	 1	 -42.2014	  174.0189
3.259	 2.02	 1	 -42.4135	  173.8006
3.260	 2.06	 3	 -42.1611	  173.6490
3.263	 2.52	 1	 -43.1535	  178.4049
3.264	 2.23	 1	 -42.5782	  173.1667
3.264	 2.44	 1	 -41.6930	  174.3486
3.264	 2.23	 1	 -41.7531	  174.2711
3.269	 2.62	 2	 -41.6338	  173.7608
3.271	 3.55	 2	 -41.7986	  174.3155
3.273	 2.13	 2	 -42.2687	  173.6241
3.273	 2.16	 1	 -42.1769	  174.0254
3.275	 2.23	 1	 -42.5849	  173.1395
3.276	 2.21	 1	 -41.7286	  174.1511
3.280	 2.28	 1	 -42.3686	  173.7182
3.283	 2.47	 1	 -42.4341	  173.7235
3.284	 2.80	 1	 -42.7053	  172.8387
3.284	 2.02	 1	 -41.8684	  174.2218
3.285	 2.21	 1	 -42.6898	  172.8047
3.287	 2.02	 1	 -42.1562	  173.7303
3.292	 2.50	 1	 -41.9984	  173.7187
3.300	 2.48	 1	 -42.6714	  172.7985
3.300	 4.39	 1	 -42.5287	  173.8368
3.301	 2.14	 2	 -41.5136	  174.4826
3.302	 2.20	 1	 -41.6971	  174.4041
3.303	 2.97	 1	 -42.6694	  172.8607
3.303	 2.08	 1	 -42.3365	  173.7021
3.304	 2.64	 1	 -42.3873	  173.3045
3.305	 2.00	 1	 -42.5778	  173.1070
3.307	 2.78	 1	 -42.8322	  172.7911
3.308	 2.01	 1	 -42.7836	  173.0297
3.308	 2.39	 1	 -42.6298	  172.8690
3.308	 2.41	 1	 -42.7755	  173.0275
3.308	 2.36	 1	 -42.5768	  173.1654
3.310	 2.24	 1	 -42.0566	  173.6735
3.313	 2.57	 2	 -42.7165	  173.0283
3.314	 2.17	 1	 -42.5656	  172.7905
3.316	 2.01	 1	 -42.7609	  173.2151
3.316	 2.08	 1	 -41.9442	  174.1902
3.317	 3.26	 1	 -41.7146	  174.3314
3.318	 2.90	 1	 -41.7956	  174.2381
3.320	 2.50	 1	 -43.4743	  172.6856
3.321	 2.56	 1	 -42.4026	  173.8610
3.322	 2.47	 2	 -42.1922	  173.4479
3.323	 2.03	 1	 -42.4043	  173.7550
3.323	 2.38	 1	 -42.2173	  173.5296
3.324	 2.46	 1	 -42.2730	  173.1314
3.327	 2.70	 1	 -42.0441	  173.6733
3.327	 2.52	 1	 -41.7905	  174.4871
3.329	 2.03	 2	 -41.7979	  174.1506
3.330	 2.11	 1	 -41.9611	  173.5942
3.333	 2.05	 1	 -42.1519	  173.2765
3.336	 2.32	 1	 -41.6928	  174.2809
3.336	 2.24	 2	 -42.1458	  173.7722
3.336	 3.17	 1	 -41.7893	  174.1541
3.336	 2.31	 1	 -41.8297	  174.0394
3.340	 2.13	 1	 -41.7279	  174.1812
3.340	 2.51	 3	 -42.2027	  173.6014
3.341	 2.07	 1	 -41.9610	  174.2558
3.342	 2.32	 1	 -41.4284	  174.4545
3.342	 2.08	 1	 -42.2766	  173.6692
3.343	 2.13	 1	 -41.8018	  174.1998
3.344	 3.86	 1	 -42.7425	  173.0642
3.345	 2.67	 1	 -41.7174	  174.0978
3.345	 2.65	 1	 -41.9780	  174.0685
3.348	 3.09	 1	 -42.0618	  173.6861
3.349	 2.85	 1	 -41.5935	  173.8733
3.352	 2.19	 1	 -41.6748	  174.3612
3.353	 2.27	 1	 -41.8927	  174.0486
3.354	 2.17	 2	 -42.4990	  173.1835
3.355	 2.05	 1	 -42.0046	  174.0247
3.362	 2.09	 1	 -42.4450	  173.3067
3.362	 2.32	 1	 -42.3201	  173.5050
3.363	 3.67	 1	 -42.3624	  173.8648
3.365	 2.30	 1	 -42.4452	  173.3646
3.365	 2.05	 1	 -42.5252	  173.3050
3.367	 2.98	 1	 -42.4254	  173.3640
3.367	 2.50	 2	 -41.6843	  174.2077
3.367	 2.36	 1	 -42.2593	  173.7853
3.369	 2.86	 1	 -42.2058	  173.8203
3.371	 3.14	 1	 -42.5404	  172.8319
3.376	 2.99	 1	 -42.3489	  173.7744
3.378	 2.15	 1	 -41.6159	  174.4388
3.380	 2.00	 3	 -43.5781	  170.8677
3.382	 2.60	 3	 -41.4563	  173.1033
3.383	 2.52	 1	 -42.9268	  172.9431
3.384	 2.01	 1	 -47.0664	  173.8356
3.385	 2.06	 1	 -42.6824	  172.8204
3.388	 2.06	 1	 -42.1112	  173.6848
3.389	 2.09	 2	 -42.5253	  173.1030
3.390	 3.60	 1	 -41.9325	  173.8076
3.390	 3.56	 1	 -42.5000	  173.3232
3.390	 2.42	 1	 -41.8835	  174.0881
3.393	 2.05	 1	 -42.3432	  173.9079
3.396	 2.71	 1	 -42.7949	  172.7292
3.399	 3.23	 2	 -41.9702	  173.9004
3.399	 2.13	 1	 -42.0758	  173.7373
3.400	 2.57	 1	 -41.7886	  174.3425
3.401	 2.12	 1	 -41.7632	  174.2110
3.401	 2.08	 1	 -41.9509	  173.9578
3.402	 2.41	 1	 -41.6237	  174.2352
3.406	 2.47	 1	 -41.7696	  174.1750
3.410	 3.02	 1	 -43.2610	  174.2743
3.411	 2.67	 2	 -41.7553	  174.4812
3.411	 2.01	 1	 -41.7075	  174.3276
3.411	 2.71	 1	 -42.5698	  173.1172
3.417	 3.20	 1	 -41.7952	  174.2190
3.418	 4.63	 2	 -42.1892	  173.5228
3.420	 2.42	 1	 -42.2498	  173.5987
3.421	 2.05	 1	 -42.0309	  173.7219
3.422	 2.42	 1	 -42.0452	  173.3624
3.423	 2.43	 1	 -41.9091	  173.7227
3.424	 2.60	 1	 -42.3138	  173.9439
3.424	 3.01	 1	 -42.7057	  173.0693
3.424	 2.09	 1	 -39.7402	  178.6602
3.425	 2.23	 1	 -42.1182	  172.8939
3.425	 2.38	 1	 -42.7634	  172.9442
3.425	 2.98	 1	 -41.8345	  174.3106
3.426	 2.52	 2	 -42.2051	  173.5871
3.428	 2.23	 3	 -41.8963	  174.1464
3.430	 2.97	 1	 -41.9432	  174.1749
3.433	 2.13	 1	 -42.5733	  172.8478
3.434	 2.23	 1	 -42.3987	  172.9834
3.434	 2.04	 1	 -42.4835	  173.2242
3.435	 2.33	 1	 -41.7475	  174.0941
3.436	 2.17	 1	 -42.0229	  173.7721
3.436	 2.06	 1	 -42.3103	  173.8885
3.437	 2.65	 1	 -42.3307	  173.5522
3.438	 2.63	 1	 -42.7014	  172.7143
3.439	 2.01	 1	 -41.7911	  174.4281
3.440	 2.23	 1	 -42.1362	  173.5960
3.440	 2.65	 1	 -42.4229	  174.0999
3.440	 2.71	 1	 -42.5118	  173.4336
3.449	 2.22	 1	 -41.9339	  173.8893
3.449	 2.41	 1	 -42.3487	  174.0298
3.450	 2.38	 1	 -41.7161	  174.1990
3.453	 2.85	 2	 -42.3166	  173.3306
3.456	 2.34	 1	 -42.1520	  173.4585
3.459	 2.27	 2	 -42.5527	  173.9038
3.462	 2.48	 1	 -42.0854	  174.1917
3.462	 2.22	 2	 -42.9092	  173.1812
3.462	 2.48	 2	 -42.5040	  173.7729
3.463	 3.47	 2	 -42.1268	  173.0385
3.464	 2.20	 1	 -42.5577	  173.0826
3.464	 2.01	 1	 -42.4053	  174.0680
3.467	 2.15	 1	 -42.4338	  174.2745
3.468	 2.13	 1	 -42.1208	  173.4487
3.468	 2.02	 1	 -42.1964	  173.6481
3.469	 2.73	 1	 -41.8161	  174.2993
3.472	 3.00	 1	 -42.1049	  172.8766
3.473	 2.05	 1	 -42.9193	  172.8165
3.474	 2.23	 1	 -42.2459	  173.3784
3.474	 2.98	 1	 -42.6890	  173.4353
3.476	 2.09	 2	 -43.4360	  173.9494
3.477	 2.47	 1	 -42.2344	  173.6190
3.478	 2.23	 1	 -41.9483	  174.0772
3.478	 2.35	 1	 -41.8045	  174.2499
3.478	 2.14	 1	 -42.5737	  173.1217
3.479	 2.38	 1	 -42.2922	  173.6232
3.479	 2.05	 1	 -42.5397	  173.0321
3.479	 2.14	 1	 -42.4634	  172.6509
3.480	 3.65	 1	 -42.1865	  173.4898
3.481	 2.28	 1	 -41.5398	  174.2810
3.481	 2.74	 1	 -42.5881	  173.0227
3.482	 2.54	 1	 -41.5951	  174.0986
3.482	 2.76	 1	 -41.8187	  174.2758
3.483	 2.03	 2	 -41.8745	  174.4392
3.484	 2.35	 1	 -41.9042	  173.9764
3.485	 2.46	 1	 -39.4875	  168.8762
3.486	 2.71	 2	 -41.9824	  173.6883
3.487	 2.06	 1	 -39.4724	  168.7521
3.488	 2.09	 2	 -42.8666	  173.0422
3.490	 2.19	 1	 -42.3291	  174.0400
3.492	 2.07	 3	 -41.9577	  173.6818
3.492	 2.37	 1	 -42.2099	  173.9659
3.497	 2.06	 4	 -40.2830	  173.7777
3.500	 2.22	 2	 -42.7288	  172.9377
3.503	 2.35	 1	 -42.4085	  173.9057
3.506	 2.26	 1	 -42.3911	  173.4898
3.508	 2.20	 1	 -42.6663	  172.7962
3.510	 2.08	 1	 -41.7285	  174.2428
3.512	 2.09	 1	 -42.5392	  173.2288
3.515	 2.82	 1	 -42.3615	  173.6110
3.515	 4.40	 1	 -42.2324	  173.6192
3.516	 3.14	 1	 -42.3715	  173.7348
3.519	 2.20	 1	 -41.6903	  174.1873
3.521	 2.73	 1	 -43.4983	  173.0866
3.521	 2.99	 2	 -42.0670	  173.3909
3.522	 2.31	 1	 -42.2956	  173.6263
3.523	 2.42	 1	 -41.6549	  174.1853
3.524	 2.39	 2	 -41.8040	  174.1498
3.524	 2.20	 1	 -42.2391	  173.9537
3.524	 2.21	 1	 -41.7995	  174.0189
3.524	 2.11	 2	 -42.2317	  173.6194
3.526	 2.38	 1	 -40.6784	  173.5987
3.528	 2.09	 1	 -42.0577	  173.7043
3.529	 2.66	 1	 -41.7898	  173.6882
3.530	 2.11	 1	 -41.7430	  174.3019
3.530	 2.93	 2	 -42.1935	  173.6947
3.531	 2.46	 1	 -42.3492	  173.6195
3.532	 2.07	 1	 -41.8024	  174.2285
3.535	 2.04	 1	 -42.2692	  173.6344
3.535	 2.38	 1	 -42.0049	  173.1767
3.536	 3.10	 1	 -42.3813	  174.0025
3.536	 2.50	 1	 -42.4015	  173.0117
3.537	 2.35	 1	 -41.8046	  174.3387
3.539	 2.02	 1	 -42.2300	  173.6088
3.539	 2.20	 1	 -42.2997	  173.2824
3.540	 3.14	 2	 -42.2264	  173.7146
3.540	 2.01	 1	 -42.7986	  172.5922
3.543	 2.63	 1	 -42.6506	  172.9157
3.545	 2.41	 1	 -42.4574	  173.8233
3.545	 2.12	 1	 -42.4891	  173.5220
3.545	 2.97	 1	 -42.7359	  173.1016
3.547	 2.18	 1	 -41.7291	  174.3023
3.548	 2.28	 1	 -42.2383	  173.5975
3.548	 2.27	 3	 -42.2068	  173.6231
3.549	 2.64	 2	 -42.0844	  173.5122
3.550	 3.34	 1	 -42.4806	  172.4794
3.550	 2.08	 1	 -42.4969	  173.1431
3.551	 2.75	 1	 -41.7449	  174.1480
3.557	 2.09	 1	 -41.9556	  173.7618
3.558	 2.10	 1	 -42.6537	  172.8125
3.558	 2.11	 2	 -42.3100	  173.5242
3.562	 2.26	 1	 -41.8705	  174.2822
3.564	 3.00	 1	 -42.2390	  173.5286
3.564	 2.03	 1	 -42.4898	  173.0836
3.567	 2.09	 1	 -42.2186	  173.5854
3.567	 2.78	 1	 -44.6077	  169.6870
3.567	 2.20	 1	 -41.7427	  174.2389
3.568	 2.60	 1	 -42.1323	  173.6589
3.570	 2.20	 3	 -44.2827	  175.1280
3.570	 2.63	 1	 -42.8837	  173.3290
3.571	 3.58	 1	 -42.3735	  173.4045
3.571	 2.27	 1	 -42.7064	  172.8976
3.573	 2.20	 1	 -42.2473	  173.7117
3.574	 2.47	 1	 -41.9582	  174.0745
3.574	 2.02	 1	 -41.8755	  174.2462
3.576	 2.71	 1	 -41.7795	  174.0432
3.577	 2.52	 1	 -42.1973	  174.0009
3.577	 2.58	 1	 -42.5965	  172.9453
3.577	 2.67	 1	 -42.3191	  174.1024
3.577	 2.00	 1	 -42.0405	  173.7514
3.579	 2.16	 1	 -41.3520	  174.2933
3.580	 2.15	 1	 -42.0265	  174.0548
3.581	 2.54	 3	 -41.7846	  173.5471
3.582	 2.25	 1	 -42.4502	  173.7491
3.583	 2.07	 1	 -42.2948	  172.5258
3.586	 2.10	 1	 -41.7684	  174.2877
3.587	 2.30	 1	 -42.3079	  173.2710
3.587	 2.89	 1	 -42.6478	  172.8429
3.588	 2.54	 1	 -42.0638	  173.5096
3.589	 3.79	 1	 -41.9845	  173.9721
3.589	 2.02	 1	 -41.9664	  173.9934
3.593	 2.12	 2	 -41.6675	  174.2859
3.594	 2.09	 1	 -41.7054	  174.2946
3.596	 2.29	 1	 -41.9743	  174.0476
3.597	 2.07	 1	 -41.7785	  174.1823
3.598	 3.06	 1	 -42.5639	  173.4343
3.599	 3.53	 1	 -42.4796	  173.2956
3.599	 3.06	 1	 -42.7118	  172.8793
3.601	 2.18	 1	 -41.6824	  174.3442
3.601	 2.27	 1	 -41.8746	  174.0420
3.602	 2.50	 2	 -42.5807	  173.1212
3.602	 2.10	 1	 -43.4862	  175.7312
3.602	 2.25	 1	 -42.6214	  172.9579
3.605	 2.69	 1	 -42.6200	  172.8393
3.605	 2.13	 1	 -42.7352	  173.0519
3.607	 2.15	 1	 -41.7929	  174.0496
3.610	 2.36	 1	 -42.0621	  173.7667
3.612	 2.04	 2	 -41.9557	  173.8794
3.612	 2.11	 1	 -41.8419	  173.9092
3.614	 2.17	 1	 -41.7271	  174.3046
3.614	 2.23	 1	 -42.5008	  173.2645
3.616	 2.32	 1	 -42.2495	  173.1348
3.616	 2.10	 1	 -40.9652	  173.8926
3.619	 2.35	 1	 -42.1481	  173.6294
3.621	 2.72	 1	 -42.6270	  172.7999
3.624	 2.11	 1	 -41.9604	  173.6063
3.624	 3.23	 1	 -41.8710	  173.9852
3.627	 2.12	 1	 -42.2460	  173.5497
3.628	 3.51	 1	 -41.7313	  174.2769
3.628	 2.28	 1	 -42.6151	  173.0316
3.633	 2.55	 2	 -41.7895	  174.3432
3.638	 2.01	 1	 -42.5467	  173.3398
3.638	 2.07	 1	 -39.2224	  171.8984
3.639	 3.00	 3	 -41.9500	  173.6451
3.640	 2.46	 1	 -42.6051	  172.9488
3.641	 2.37	 2	 -42.6985	  172.9069
3.642	 2.14	 1	 -42.7043	  172.8139
3.651	 2.09	 1	 -42.1319	  173.5593
3.654	 2.50	 1	 -43.1271	  171.3204
3.654	 2.79	 1	 -41.6675	  174.3313
3.660	 2.34	 1	 -42.7089	  173.1031
3.660	 3.38	 1	 -42.6282	  172.7784
3.662	 2.03	 1	 -42.0553	  173.8846
3.662	 2.10	 1	 -42.3990	  173.7291
3.664	 2.02	 1	 -41.7376	  174.2823
3.669	 2.05	 1	 -39.0615	  176.6307
3.673	 2.33	 1	 -41.8961	  174.1478
3.681	 2.99	 1	 -42.2451	  173.7259
3.681	 2.13	 1	 -41.8341	  174.2186
3.682	 2.15	 1	 -41.7223	  174.2797
3.683	 2.21	 1	 -41.8353	  173.6299
3.683	 2.03	 1	 -42.5373	  173.3793
3.688	 2.04	 1	 -41.9272	  173.4516
3.691	 2.02	 1	 -41.7353	  174.2943
3.692	 3.20	 1	 -41.7002	  174.3119
3.694	 2.27	 2	 -42.9470	  172.9535
3.695	 2.68	 3	 -42.6357	  172.9496
3.700	 2.31	 1	 -42.1545	  173.8370
3.701	 2.41	 1	 -41.9374	  173.9635
3.704	 2.03	 1	 -42.5000	  173.3676
3.704	 2.50	 1	 -41.8310	  174.2117
3.704	 3.09	 1	 -41.7617	  172.2962
3.707	 2.36	 2	 -42.3308	  174.0307
3.711	 2.28	 1	 -39.5511	  176.2509
3.711	 2.32	 1	 -42.2188	  173.7806
3.712	 2.61	 1	 -42.4903	  173.0918
3.713	 2.32	 1	 -42.2457	  173.5163
3.714	 2.45	 1	 -41.6698	  174.2367
3.715	 2.15	 1	 -42.2403	  173.5426
3.717	 3.38	 1	 -42.1067	  173.8390
3.717	 2.29	 1	 -42.0717	  173.5574
3.718	 2.90	 1	 -41.0502	  175.0637
3.718	 2.49	 1	 -41.7800	  174.2011
3.719	 3.60	 1	 -42.3497	  173.6143
3.720	 2.51	 1	 -41.7516	  174.2981
3.722	 2.25	 1	 -41.7265	  174.1504
3.722	 2.03	 1	 -42.0135	  173.7067
3.722	 2.17	 1	 -42.6660	  172.9058
3.723	 2.01	 1	 -42.9716	  171.6943
3.723	 2.38	 1	 -41.9863	  173.7185
3.724	 2.70	 1	 -41.8047	  174.3897
3.726	 2.36	 1	 -41.9522	  173.6900
3.727	 2.03	 2	 -42.5552	  173.4471
3.728	 2.01	 1	 -41.9264	  174.2221
3.728	 2.30	 2	 -41.1494	  167.7890
3.732	 2.34	 1	 -41.7149	  174.2291
3.732	 3.04	 1	 -42.4724	  173.1366
3.733	 2.00	 1	 -42.3103	  173.6440
3.734	 2.54	 1	 -42.2214	  173.7794
3.734	 2.43	 1	 -42.0787	  173.6123
3.735	 2.44	 1	 -38.2092	  173.4911
3.738	 2.38	 2	 -42.4571	  173.8227
3.740	 2.03	 2	 -42.0229	  173.8458
3.740	 2.64	 1	 -41.9660	  173.8460
3.740	 2.01	 2	 -41.6909	  173.8524
3.740	 2.41	 3	 -43.6076	  170.9246
3.742	 2.32	 2	 -42.2603	  173.6721
3.744	 2.09	 2	 -41.3164	  167.7690
3.745	 2.84	 3	 -41.8635	  173.9340
3.747	 3.86	 1	 -42.1977	  173.5431
3.752	 2.16	 3	 -42.2023	  173.5445
3.755	 2.01	 1	 -41.7333	  174.0335
3.756	 2.65	 1	 -42.3084	  173.6458
3.760	 2.50	 1	 -42.5008	  173.7387
3.760	 2.12	 3	 -42.3119	  173.6376
3.760	 2.44	 1	 -42.0342	  173.3239
3.761	 2.69	 1	 -42.0578	  173.7186
3.761	 2.43	 2	 -41.9885	  174.0441
3.763	 2.21	 2	 -42.1253	  173.4410
3.765	 2.77	 1	 -42.3069	  173.9765
3.766	 3.22	 1	 -42.0383	  173.7142
3.772	 2.10	 1	 -42.0236	  174.4552
3.773	 2.36	 1	 -41.7395	  174.2715
3.774	 2.66	 1	 -42.3718	  173.6843
3.776	 2.06	 1	 -41.8785	  174.2113
3.778	 2.78	 1	 -42.2518	  173.5785
3.780	 2.14	 1	 -42.2550	  174.0237
3.780	 2.50	 1	 -42.5123	  173.7591
3.781	 3.03	 1	 -41.7844	  174.4378
3.781	 3.05	 2	 -38.2097	  173.4913
3.784	 2.09	 1	 -42.2801	  173.7775
3.786	 2.36	 2	 -42.5849	  173.0800
3.791	 2.09	 1	 -42.4366	  173.9459
3.793	 3.24	 1	 -42.1334	  173.9651
3.793	 2.20	 1	 -41.7901	  174.0421
3.794	 2.12	 1	 -41.8434	  174.1479
3.796	 3.05	 1	 -42.6672	  173.1964
3.803	 2.76	 1	 -41.7395	  174.2897
3.803	 2.10	 1	 -42.1890	  173.5900
3.804	 2.57	 1	 -42.2205	  173.8134
3.805	 2.80	 1	 -43.5193	  173.1567
3.805	 2.40	 1	 -42.3553	  173.1136
3.806	 2.08	 1	 -41.7192	  174.3223
3.807	 2.02	 1	 -42.5178	  173.7457
3.807	 2.42	 1	 -42.1283	  173.6551
3.809	 3.36	 1	 -42.4393	  173.7981
3.811	 2.05	 1	 -42.3893	  174.0219
3.812	 2.02	 2	 -42.0054	  173.1774
3.816	 2.88	 1	 -41.4989	  174.2521
3.817	 2.03	 1	 -41.9476	  173.9950
3.820	 2.80	 1	 -42.5231	  173.9508
3.820	 2.35	 1	 -42.2331	  173.8003
3.821	 2.31	 1	 -42.6925	  173.3324
3.826	 2.19	 1	 -42.3254	  173.4642
3.827	 2.28	 1	 -42.9879	  172.9395
3.827	 2.06	 1	 -42.5588	  173.1910
3.828	 2.62	 1	 -41.7504	  174.1469
3.829	 2.07	 1	 -42.2453	  173.8123
3.829	 2.44	 2	 -42.5968	  172.9012
3.830	 2.26	 1	 -41.7056	  174.2506
3.834	 2.08	 4	 -42.0212	  173.9581
3.834	 2.21	 1	 -42.1466	  173.5928
3.835	 2.29	 1	 -41.7237	  174.2752
3.838	 2.43	 1	 -42.4699	  173.1821
3.839	 2.04	 1	 -42.1482	  173.6151
3.841	 2.02	 1	 -42.0497	  173.7664
3.842	 2.36	 1	 -37.2304	  174.5159
3.843	 2.25	 3	 -42.1860	  173.5392
3.845	 2.62	 1	 -42.4519	  173.9331
3.845	 2.70	 1	 -42.0812	  173.9152
3.848	 2.13	 1	 -42.2194	  173.5772
3.853	 2.46	 1	 -42.3896	  173.5696
3.853	 2.38	 4	 -42.0430	  173.9824
3.855	 2.70	 1	 -41.7327	  174.1781
3.857	 2.15	 1	 -41.7298	  174.3494
3.857	 2.52	 2	 -42.6887	  173.6495
3.858	 2.48	 1	 -42.9714	  173.3044
3.859	 2.19	 4	 -42.0089	  174.0058
3.859	 2.20	 1	 -42.3295	  173.4145
3.859	 2.97	 2	 -42.2823	  173.6730
3.862	 3.12	 1	 -41.7878	  174.0818
3.864	 3.05	 1	 -42.3024	  172.7486
3.866	 2.19	 1	 -41.7452	  174.2934
3.868	 2.56	 3	 -42.0227	  173.6998
3.868	 2.56	 1	 -42.5548	  173.3423
3.868	 2.23	 1	 -42.5855	  173.8394
3.868	 2.11	 3	 -41.9400	  173.2428
3.870	 3.03	 1	 -42.2643	  173.7280
3.874	 2.54	 1	 -41.6788	  173.8435
3.880	 2.35	 1	 -42.4784	  173.3826
3.880	 3.00	 1	 -42.6123	  173.0644
3.880	 2.07	 2	 -43.6306	  173.2402
3.885	 2.23	 1	 -42.3543	  174.0441
3.887	 2.01	 1	 -42.4174	  173.6640
3.887	 2.13	 1	 -43.1592	  172.9306
3.888	 2.08	 1	 -42.8111	  174.2900
3.890	 2.18	 1	 -41.7610	  174.1990
3.896	 2.08	 1	 -42.0284	  173.5706
3.897	 2.12	 2	 -42.9950	  173.0364
3.899	 2.41	 1	 -42.2006	  173.9982
3.900	 2.25	 2	 -42.0560	  173.6910
3.903	 2.33	 1	 -42.2504	  173.4476
3.906	 2.17	 1	 -42.3125	  173.7354
3.907	 2.10	 2	 -43.3383	  172.9797
3.908	 2.08	 2	 -42.3152	  172.5752
3.909	 2.27	 2	 -42.4890	  173.3557
3.910	 2.05	 1	 -42.2468	  173.6740
3.911	 2.59	 1	 -42.4418	  173.4820
3.912	 2.34	 1	 -42.0428	  173.6554
3.918	 2.34	 1	 -41.8596	  174.3043
3.920	 2.41	 1	 -41.7603	  174.4794
3.924	 2.25	 1	 -42.2823	  173.7336
3.924	 2.30	 1	 -42.0375	  173.7420
3.924	 2.03	 1	 -42.1616	  173.8207
3.925	 2.49	 2	 -40.9324	  171.2900
3.925	 2.45	 1	 -42.3344	  173.7402
3.925	 2.50	 1	 -41.7560	  174.1872
3.925	 2.67	 1	 -41.7245	  174.1362
3.926	 2.60	 1	 -41.6269	  174.4341
3.930	 2.91	 1	 -42.4039	  173.2433
3.932	 2.17	 1	 -42.3060	  173.7912
3.935	 2.22	 1	 -41.6644	  174.2575
3.936	 2.08	 1	 -41.7147	  174.2313
3.938	 2.12	 1	 -42.0457	  173.7497
3.938	 2.83	 1	 -42.7092	  173.1578
3.938	 3.52	 1	 -42.4118	  173.8557
3.940	 2.60	 1	 -42.8297	  173.1464
3.942	 3.81	 1	 -41.9132	  173.7710
3.943	 3.66	 1	 -42.4227	  173.1973
3.944	 2.35	 3	 -42.4857	  173.8650
3.945	 2.46	 1	 -42.1648	  172.7136
3.946	 2.32	 2	 -42.2456	  173.7722
3.947	 2.46	 1	 -42.8322	  173.0326
3.950	 2.05	 1	 -42.4077	  173.3810
3.950	 2.70	 1	 -41.7949	  174.2322
3.951	 2.17	 1	 -42.4516	  172.7635
3.957	 2.24	 1	 -41.7761	  174.0042
3.958	 2.50	 1	 -42.6767	  172.8472
3.959	 2.88	 1	 -42.2111	  173.8787
3.964	 2.29	 1	 -42.5822	  173.1289
3.967	 2.39	 2	 -42.2146	  173.4287
3.968	 2.18	 1	 -41.8457	  174.1082
3.972	 2.26	 1	 -41.7129	  174.3390
3.974	 3.37	 1	 -42.2942	  173.3860
3.981	 2.23	 2	 -42.2954	  173.5382
3.983	 2.33	 1	 -42.2254	  173.4864
3.983	 2.87	 1	 -42.6354	  172.7800
3.983	 2.13	 1	 -41.8395	  173.9918
3.984	 3.14	 1	 -42.3255	  173.8840
3.984	 2.60	 1	 -41.9127	  173.9600
3.984	 2.00	 1	 -41.6189	  174.2052
3.988	 2.98	 1	 -42.6417	  172.8389
3.991	 2.27	 1	 -41.6944	  174.3111
3.991	 2.24	 2	 -42.2223	  173.7211
3.995	 2.38	 2	 -41.3478	  176.0097
3.996	 2.25	 1	 -41.7228	  174.4002
3.998	 2.48	 1	 -42.2550	  173.6902
3.999	 3.10	 1	 -41.9704	  173.8291
3.999	 2.57	 1	 -42.1836	  172.9791
4.000	 2.59	 2	 -43.5252	  174.5123
4.000	 2.28	 2	 -42.5048	  174.9993
4.001	 3.78	 1	 -41.8059	  174.1960
4.003	 2.06	 1	 -41.7136	  174.1563
4.010	 2.17	 1	 -42.4339	  173.2278
4.015	 2.23	 1	 -42.0360	  173.4352
4.018	 2.52	 1	 -42.7711	  173.9725
4.023	 2.71	 1	 -41.9757	  174.0983
4.024	 2.67	 1	 -42.2988	  173.7236
4.024	 2.62	 3	 -42.1688	  173.5133
4.025	 2.41	 1	 -42.2548	  173.6063
4.027	 2.37	 2	 -42.2318	  173.4141
4.027	 2.45	 1	 -42.2505	  173.6197
4.028	 2.08	 1	 -42.4192	  173.7285
4.028	 2.06	 1	 -41.7944	  174.2124
4.029	 2.13	 1	 -41.7713	  174.2545
4.031	 2.96	 1	 -41.8044	  174.0968
4.037	 2.37	 1	 -41.9606	  173.9711
4.044	 3.05	 1	 -41.8299	  174.1735
4.048	 2.41	 1	 -38.9766	  172.7959
4.052	 2.40	 1	 -42.2417	  173.6840
4.054	 2.03	 1	 -42.2371	  173.6688
4.055	 2.34	 1	 -41.8343	  174.1149
4.057	 2.29	 3	 -42.7166	  173.0306
4.058	 2.29	 1	 -42.0519	  173.7481
4.059	 2.74	 1	 -42.5803	  173.9633
4.059	 2.69	 2	 -41.8382	  173.9621
4.060	 2.58	 1	 -41.9305	  174.1007
4.064	 2.52	 1	 -42.2918	  174.0643
4.067	 2.15	 1	 -42.7973	  172.7083
4.073	 3.02	 1	 -41.6134	  174.3795
4.073	 2.36	 2	 -41.8249	  174.1950
4.074	 2.14	 2	 -42.6503	  173.7196
4.078	 2.66	 1	 -41.9079	  173.7493
4.079	 2.78	 1	 -42.5118	  173.1935
4.082	 3.24	 1	 -42.4452	  173.5569
4.082	 2.39	 1	 -42.0849	  173.6345
4.083	 2.12	 1	 -41.7318	  174.2320
4.096	 3.77	 1	 -41.9514	  172.8728
4.101	 2.13	 1	 -41.9172	  172.8833
4.102	 2.30	 1	 -41.8040	  174.0164
4.107	 2.70	 1	 -42.1946	  173.8214
4.112	 2.52	 1	 -42.1937	  173.6298
4.112	 2.06	 2	 -42.2545	  173.9926
4.114	 2.27	 1	 -42.2564	  173.6729
4.114	 2.28	 1	 -42.1877	  173.8203
4.116	 2.30	 1	 -42.6359	  172.9902
4.116	 2.16	 2	 -42.5215	  173.7660
4.120	 2.46	 1	 -41.9985	  173.6918
4.121	 2.71	 1	 -42.2327	  173.6523
4.123	 2.37	 3	 -38.4940	  170.6555
4.128	 2.05	 2	 -42.4620	  173.7872
4.131	 2.23	 1	 -42.3554	  173.7653
4.136	 2.62	 1	 -42.3848	  173.8382
4.137	 2.16	 2	 -43.2637	  175.5246
4.138	 2.13	 1	 -42.7147	  173.2008
4.138	 2.02	 1	 -42.0174	  173.8052
4.140	 2.24	 1	 -42.6740	  172.8416
4.141	 3.06	 1	 -41.9945	  173.7283
4.142	 2.59	 1	 -42.7706	  172.8746
4.142	 2.88	 1	 -42.3889	  173.7253
4.144	 2.03	 3	 -43.8026	  170.7302
4.146	 2.72	 1	 -42.4326	  173.2702
4.146	 2.00	 2	 -41.7008	  174.3668
4.150	 2.21	 1	 -42.0324	  173.8022
4.152	 2.08	 1	 -42.4501	  173.1535
4.152	 2.61	 1	 -42.5143	  173.7583
4.153	 2.18	 1	 -42.2830	  173.3053
4.155	 2.64	 1	 -42.4797	  173.7194
4.155	 2.55	 1	 -41.6833	  174.2729
4.157	 2.31	 1	 -41.9879	  172.3137
4.159	 2.04	 2	 -42.8070	  172.7420
4.159	 2.38	 1	 -42.2635	  173.2065
4.163	 2.65	 3	 -41.7871	  174.2776
4.163	 2.69	 1	 -42.0323	  173.4750
4.166	 2.06	 1	 -42.2331	  173.4931
4.166	 2.13	 1	 -41.6825	  174.3270
4.166	 2.03	 1	 -43.2160	  173.8629
4.166	 2.01	 1	 -42.3399	  173.7780
4.169	 2.52	 1	 -42.1150	  172.8938
4.169	 2.32	 1	 -42.4512	  173.1692
4.172	 3.44	 1	 -42.2955	  173.9028
4.174	 2.04	 1	 -42.8912	  173.1797
4.176	 2.20	 1	 -42.2629	  173.4828
4.177	 2.87	 1	 -42.5570	  172.8630
4.181	 2.25	 1	 -42.1133	  173.6434
4.183	 2.04	 1	 -42.7045	  173.2432
4.184	 2.68	 1	 -42.6719	  172.8590
4.184	 2.05	 1	 -42.3560	  174.3771
4.186	 2.19	 1	 -41.8348	  174.2631
4.186	 2.01	 1	 -41.7560	  174.1961
4.188	 2.92	 1	 -41.7255	  174.2687
4.189	 2.10	 1	 -42.8919	  172.9315
4.189	 3.03	 1	 -42.2715	  173.7058
4.190	 2.14	 1	 -41.6917	  174.3426
4.190	 2.14	 1	 -42.5770	  172.8726
4.191	 2.15	 1	 -42.3330	  173.6181
4.193	 2.38	 1	 -46.1026	  172.9758
4.194	 3.07	 1	 -43.0133	  174.2545
4.194	 2.19	 1	 -42.2475	  173.3008
4.197	 2.15	 1	 -42.3096	  174.0459
4.198	 2.82	 1	 -41.8984	  174.2863
4.200	 2.27	 1	 -42.3757	  173.1941
4.204	 2.12	 1	 -42.4198	  173.3513
4.204	 2.27	 1	 -42.1687	  173.5876
4.212	 4.48	 1	 -42.3974	  173.8270
4.215	 2.02	 1	 -42.5716	  172.6621
4.216	 2.13	 1	 -42.4848	  173.2729
4.218	 2.09	 1	 -40.6832	  173.2415
4.220	 2.22	 1	 -42.2239	  173.6089
4.220	 3.81	 2	 -41.7938	  174.0930
4.221	 2.05	 1	 -41.7748	  174.1528
4.224	 2.51	 1	 -42.5260	  174.3938
4.224	 2.32	 2	 -42.4054	  173.8165
4.225	 2.16	 2	 -42.2368	  173.6705
4.226	 2.08	 1	 -42.5187	  172.7348
4.227	 2.08	 1	 -42.1923	  174.5091
4.227	 2.03	 1	 -42.3620	  173.4531
4.231	 2.07	 1	 -41.7972	  167.6288
4.232	 2.12	 1	 -42.3354	  173.4616
4.232	 2.05	 1	 -41.7264	  174.3368
4.233	 2.03	 1	 -41.7442	  174.3368
4.234	 2.15	 1	 -42.0234	  173.6938
4.234	 2.36	 3	 -41.7974	  173.5419
4.236	 2.01	 1	 -39.1654	  169.0203
4.242	 2.19	 1	 -42.3499	  173.2937
4.243	 2.69	 1	 -42.8279	  172.9157
4.243	 2.37	 1	 -41.7860	  174.3948
4.248	 2.42	 1	 -42.4558	  173.7716
4.250	 2.11	 1	 -41.8295	  174.3402
4.250	 2.06	 1	 -42.4034	  173.9716
4.252	 2.27	 1	 -42.1613	  173.6099
4.254	 2.03	 2	 -42.0222	  173.4579
4.255	 2.34	 1	 -42.4309	  173.7535
4.256	 2.60	 1	 -42.6136	  172.9269
4.257	 2.02	 1	 -42.2698	  173.6057
4.258	 2.57	 1	 -41.7457	  174.2563
4.260	 2.03	 2	 -42.1659	  173.5867
4.260	 2.01	 1	 -41.9836	  173.6719
4.263	 2.65	 1	 -42.1232	  172.9134
4.264	 2.56	 1	 -42.2289	  173.6758
4.264	 2.29	 1	 -42.5549	  172.9266
4.264	 2.13	 1	 -42.3385	  173.8046
4.267	 2.54	 2	 -41.7784	  174.1754
4.268	 2.21	 1	 -41.8143	  174.2054
4.270	 2.43	 1	 -42.1142	  173.8066
4.273	 2.10	 1	 -41.6864	  174.1653
4.276	 2.59	 1	 -41.9536	  173.5437
4.278	 2.23	 1	 -43.9007	  173.1574
4.278	 2.59	 2	 -42.4876	  173.7866
4.279	 2.07	 1	 -41.7580	  174.1479
4.283	 3.06	 2	 -42.6553	  173.1059
4.284	 2.25	 1	 -41.6268	  174.3345
4.289	 2.27	 1	 -41.7752	  174.1150
4.289	 2.23	 1	 -42.4762	  173.3458
4.290	 2.23	 1	 -42.4461	  173.5936
4.292	 2.22	 1	 -41.6747	  174.2232
4.296	 2.13	 1	 -41.5043	  173.7571
4.296	 2.06	 1	 -42.4961	  173.8572
4.297	 2.02	 2	 -42.0154	  173.0010
4.297	 2.97	 1	 -41.9655	  174.2489
4.298	 2.19	 1	 -42.1773	  173.6494
4.306	 2.08	 1	 -42.3910	  173.7229
4.306	 2.37	 1	 -42.2015	  173.6519
4.306	 2.03	 1	 -41.6103	  174.4244
4.307	 2.54	 1	 -42.1874	  173.7341
4.307	 2.11	 1	 -41.9926	  173.8312
4.307	 2.08	 1	 -42.5613	  173.1072
4.309	 2.36	 2	 -41.7520	  174.2633
4.316	 2.08	 1	 -42.4043	  173.5194
4.316	 3.23	 1	 -42.3335	  173.5273
4.318	 2.10	 1	 -42.4554	  173.7938
4.318	 4.17	 1	 -41.7753	  174.2463
4.319	 2.49	 1	 -42.3841	  173.8688
4.319	 2.15	 1	 -42.1736	  173.4931
4.322	 2.06	 1	 -41.8060	  174.2553
4.325	 2.52	 1	 -39.7081	  175.0319
4.325	 2.67	 1	 -42.2186	  173.8049
4.326	 2.18	 1	 -43.0481	  178.0913
4.330	 2.20	 1	 -41.7232	  174.3116
4.330	 2.67	 1	 -42.3707	  173.9535
4.335	 2.28	 1	 -41.8245	  172.8962
4.335	 2.33	 2	 -42.1110	  173.4848
4.335	 2.45	 1	 -42.6202	  173.0384
4.336	 2.12	 1	 -42.4895	  173.5996
4.339	 2.26	 1	 -42.3938	  173.5563
4.341	 2.14	 1	 -41.8493	  174.3139
4.342	 2.10	 1	 -42.3214	  173.4473
4.346	 2.10	 1	 -42.5285	  172.7960
4.346	 2.91	 1	 -41.8881	  173.5860
4.346	 3.66	 1	 -42.1674	  173.5570
4.346	 2.20	 1	 -42.1972	  173.4796
4.351	 2.10	 1	 -42.1869	  173.6419
4.354	 3.10	 1	 -42.4338	  173.0280
4.355	 2.90	 1	 -42.6059	  172.9651
4.358	 4.45	 1	 -42.5517	  172.9376
4.358	 2.16	 2	 -41.7012	  174.4356
4.363	 2.02	 1	 -42.6459	  172.9683
4.364	 2.54	 1	 -44.3481	  173.9849
4.366	 2.13	 1	 -42.1317	  173.5920
4.370	 2.03	 1	 -41.9818	  173.8886
4.370	 2.38	 1	 -41.7005	  174.1830
4.371	 2.28	 1	 -42.0054	  173.0710
4.372	 2.20	 1	 -42.9933	  176.1784
4.373	 2.31	 1	 -42.2844	  173.8140
4.374	 3.39	 1	 -41.6093	  174.4020
4.375	 2.42	 1	 -41.8890	  173.6680
4.375	 2.23	 1	 -41.8061	  174.2151
4.375	 3.11	 1	 -42.7274	  173.2246
4.376	 2.37	 1	 -42.5407	  172.8117
4.377	 2.05	 1	 -41.8078	  174.4193
4.381	 2.11	 1	 -44.3391	  179.0493
4.382	 2.13	 1	 -41.7575	  174.2263
4.382	 3.07	 3	 -41.7136	  174.2301
4.385	 2.02	 1	 -42.4991	  173.1677
4.386	 2.52	 1	 -42.4400	  173.3839
4.389	 2.05	 1	 -42.8144	  173.1926
4.390	 2.30	 1	 -42.2575	  173.9950
4.392	 3.31	 1	 -42.0442	  173.9207
4.392	 2.10	 2	 -42.0426	  173.6586
4.401	 2.52	 2	 -42.4831	  173.7646
4.401	 2.02	 1	 -42.1219	  174.6184
4.401	 2.74	 1	 -41.8505	  174.2502
4.402	 2.79	 1	 -42.4754	  173.1061
4.404	 2.14	 1	 -42.3156	  173.7642
4.406	 2.48	 1	 -41.7604	  174.2006
4.406	 2.28	 1	 -41.9367	  174.0148
4.409	 2.04	 1	 -42.7337	  172.8087
4.410	 2.13	 1	 -42.3436	  173.4750
4.415	 2.70	 1	 -42.4430	  173.0812
4.415	 2.36	 1	 -42.9004	  172.8323
4.416	 2.48	 2	 -41.8957	  173.5807
4.428	 2.41	 1	 -42.2856	  173.4598
4.430	 2.02	 2	 -41.4090	  173.6057
4.431	 2.05	 1	 -41.7213	  174.2482
4.432	 2.45	 1	 -41.7057	  174.2933
4.433	 2.59	 1	 -41.9970	  173.7253
4.434	 2.09	 1	 -41.8071	  174.1122
4.435	 2.62	 1	 -42.8417	  172.8407
4.435	 2.79	 1	 -43.3820	  173.2155
4.437	 2.32	 1	 -41.6865	  174.2128
4.440	 2.23	 1	 -42.3156	  173.9500
4.441	 2.35	 1	 -41.8637	  174.2104
4.442	 2.11	 1	 -41.6497	  174.3325
4.445	 2.75	 1	 -42.2235	  173.9237
4.445	 2.52	 2	 -42.1049	  174.0231
4.446	 2.01	 1	 -42.2759	  173.9720
4.448	 2.06	 1	 -43.0179	  172.7204
4.449	 2.27	 1	 -41.8754	  174.1624
4.449	 2.30	 1	 -42.1901	  172.3811
4.449	 2.16	 1	 -42.1757	  173.6286
4.449	 2.08	 2	 -41.7255	  174.3365
4.451	 2.16	 1	 -42.4180	  173.8245
4.453	 2.13	 2	 -42.5050	  173.8189
4.455	 3.85	 1	 -42.2414	  173.3274
4.456	 2.81	 1	 -42.6508	  174.4078
4.457	 2.32	 1	 -42.1190	  173.5986
4.458	 2.06	 1	 -41.8299	  173.5447
4.462	 2.35	 1	 -42.1121	  172.9080
4.465	 2.84	 3	 -41.9337	  173.6743
4.468	 2.11	 1	 -41.9184	  173.9513
4.468	 2.09	 1	 -42.5946	  173.0671
4.470	 2.26	 1	 -42.6305	  172.8662
4.470	 2.23	 1	 -42.3767	  173.0907
4.473	 2.15	 1	 -42.3345	  173.8970
4.474	 2.01	 1	 -41.7642	  174.0029
4.475	 2.14	 1	 -42.4189	  173.0280
4.477	 2.47	 1	 -42.6485	  172.7846
4.480	 2.19	 1	 -42.7347	  174.4815
4.482	 2.23	 1	 -42.2846	  173.7902
4.482	 2.08	 1	 -41.8520	  173.9957
4.482	 2.35	 1	 -42.4520	  173.1415
4.487	 2.22	 1	 -42.0858	  173.6349
4.487	 2.19	 1	 -41.7656	  174.2775
4.490	 2.40	 1	 -41.7481	  174.4495
4.491	 2.80	 1	 -41.7443	  174.3768
4.492	 2.34	 1	 -41.8178	  174.3613
4.492	 2.82	 2	 -41.5019	  174.4268
4.493	 2.19	 1	 -41.8698	  174.1130
4.493	 2.46	 1	 -42.4275	  173.5125
4.495	 2.12	 1	 -42.7113	  172.9310
4.501	 2.29	 1	 -41.7101	  174.2984
4.501	 2.56	 1	 -42.6623	  172.9493
4.503	 3.00	 1	 -41.6622	  174.3210
4.504	 2.44	 1	 -42.3828	  173.6068
4.506	 2.34	 1	 -42.4803	  173.2247
4.508	 2.17	 3	 -42.1205	  173.0380
4.512	 2.10	 1	 -42.8120	  172.8993
4.518	 2.31	 1	 -42.3400	  173.6809
4.521	 2.40	 1	 -41.8597	  173.8183
4.521	 2.72	 1	 -42.2468	  173.7115
4.522	 2.08	 1	 -42.3645	  173.5974
4.531	 2.53	 2	 -42.1121	  173.9357
4.532	 2.26	 1	 -41.7182	  174.4241
4.534	 2.18	 1	 -42.0072	  173.6676
4.535	 2.10	 1	 -41.8002	  173.9745
4.537	 2.04	 1	 -42.1716	  173.4269
4.538	 2.06	 1	 -42.7419	  172.9485
4.540	 2.04	 1	 -41.1502	  169.4464
4.542	 2.06	 2	 -41.7538	  174.3056
4.542	 2.44	 3	 -41.7978	  174.0898
4.544	 2.21	 1	 -42.2177	  173.6130
4.546	 2.34	 2	 -42.5690	  172.9400
4.547	 2.38	 2	 -41.7362	  174.2266
4.547	 2.21	 1	 -42.7412	  173.0275
4.551	 2.34	 1	 -42.8025	  172.9952
4.552	 2.37	 1	 -41.9384	  174.0034
4.552	 2.41	 1	 -42.6765	  172.9081
4.558	 2.90	 1	 -41.7381	  174.2860
4.562	 2.14	 1	 -41.7065	  174.2640
4.564	 2.03	 1	 -41.9763	  173.5032
4.566	 3.26	 2	 -42.3981	  173.7398
4.566	 2.08	 1	 -41.9615	  174.1602
4.567	 2.98	 2	 -41.6881	  174.2805
4.571	 3.22	 1	 -42.4123	  173.8675
4.573	 2.98	 1	 -42.6738	  172.9273
4.575	 2.65	 1	 -42.0487	  173.9991
4.575	 2.36	 1	 -41.9530	  173.6528
4.577	 2.58	 1	 -41.7948	  174.2712
4.578	 2.04	 2	 -42.4987	  173.2737
4.578	 2.15	 1	 -42.2253	  173.6431
4.579	 3.49	 1	 -42.3047	  174.0993
4.582	 2.19	 2	 -42.4179	  173.0836
4.583	 2.13	 1	 -42.6086	  172.8325
4.583	 2.69	 1	 -41.7291	  174.3416
4.588	 2.41	 1	 -42.1947	  173.5842
4.589	 2.15	 1	 -41.7769	  174.2300
4.590	 2.18	 1	 -42.2637	  174.1413
4.591	 2.88	 1	 -41.7763	  174.3434
4.592	 2.89	 1	 -41.5207	  174.3468
4.595	 2.14	 1	 -43.0210	  172.7498
4.598	 2.90	 1	 -42.1549	  173.4773
4.600	 3.14	 1	 -41.6973	  174.2630
4.603	 2.21	 1	 -42.4530	  173.1538
4.604	 3.40	 1	 -42.9618	  171.2204
4.604	 2.04	 1	 -41.7650	  174.2605
4.607	 3.05	 2	 -42.1999	  173.5457
4.610	 2.91	 1	 -42.4092	  174.0163
4.614	 2.39	 3	 -41.9338	  173.6701
4.622	 2.21	 1	 -42.2570	  173.4695
4.625	 2.16	 1	 -42.5470	  172.7904
4.628	 2.26	 1	 -41.6474	  177.7472
4.632	 2.20	 1	 -42.3368	  173.7207
4.635	 2.16	 1	 -42.0161	  173.7389
4.638	 2.60	 1	 -42.2789	  173.6076
4.646	 2.11	 1	 -41.7507	  174.1189
4.647	 2.11	 1	 -41.8620	  174.0672
4.650	 3.25	 1	 -42.5130	  172.9872
4.651	 2.48	 1	 -41.7086	  174.2815
4.652	 2.22	 1	 -42.5436	  173.2000
4.652	 2.19	 1	 -42.4101	  173.4876
4.653	 3.46	 1	 -42.6163	  172.9978
4.653	 2.47	 1	 -42.1525	  173.8394
4.656	 2.37	 1	 -41.8507	  174.1847
4.659	 2.01	 1	 -42.0758	  173.7428
4.663	 2.15	 1	 -41.6614	  174.1363
4.665	 2.52	 1	 -43.0054	  173.6537
4.665	 2.55	 2	 -42.9611	  171.2353
4.667	 2.23	 1	 -40.2750	  172.3134
4.667	 2.81	 1	 -41.6899	  174.2940
4.668	 2.18	 1	 -41.7289	  174.3112
4.669	 2.31	 1	 -41.7410	  174.2063
4.669	 2.48	 1	 -42.1123	  173.7565
4.678	 2.61	 1	 -42.7084	  172.9346
4.679	 2.17	 1	 -42.3385	  173.6678
4.679	 2.22	 2	 -42.2184	  173.7088
4.684	 2.80	 1	 -41.8740	  173.9024
4.684	 2.30	 2	 -41.7768	  174.2588
4.685	 2.19	 1	 -41.7790	  174.1418
4.689	 2.11	 1	 -42.3149	  173.6780
4.696	 2.05	 1	 -41.7718	  174.1092
4.696	 2.24	 1	 -41.7205	  174.0091
4.697	 2.57	 2	 -42.6664	  173.1991
4.698	 2.09	 1	 -42.8504	  172.8655
4.698	 2.12	 1	 -41.8757	  173.9629
4.698	 2.29	 1	 -43.6689	  173.2683
4.699	 2.02	 1	 -42.3166	  173.6291
4.699	 2.45	 1	 -41.8081	  174.3013
4.701	 2.05	 2	 -42.5841	  173.3261
4.702	 2.02	 3	 -42.1935	  173.5903
4.705	 2.02	 1	 -41.9392	  174.0230
4.705	 2.14	 1	 -41.7521	  174.1938
4.709	 2.07	 1	 -41.9254	  173.8503
4.710	 2.31	 1	 -41.8667	  174.2462
4.710	 3.16	 1	 -42.9553	  172.5961
4.713	 2.63	 1	 -42.2471	  173.6270
4.716	 2.16	 1	 -42.1225	  174.0543
4.717	 2.04	 1	 -42.2906	  173.5772
4.717	 2.00	 1	 -42.6781	  172.9836
4.719	 2.41	 1	 -43.1809	  171.8797
4.720	 2.13	 1	 -42.4125	  173.6949
4.722	 2.69	 1	 -42.4881	  173.7887
4.728	 2.07	 1	 -41.9123	  174.4093
4.731	 2.47	 1	 -41.7190	  174.2453
4.738	 2.25	 3	 -42.0192	  173.7305
4.738	 2.11	 1	 -41.7839	  174.2534
4.739	 3.65	 1	 -42.0244	  173.7358
4.744	 2.55	 1	 -41.7452	  174.3394
4.746	 3.55	 1	 -42.5995	  173.5324
4.748	 3.21	 1	 -42.4255	  173.8996
4.751	 2.26	 1	 -41.6728	  174.2001
4.751	 2.60	 1	 -41.9863	  173.9109
4.753	 3.93	 1	 -41.8162	  174.2178
4.754	 2.45	 2	 -41.8906	  173.8891
4.755	 2.10	 1	 -42.1629	  173.5297
4.755	 2.13	 1	 -41.7106	  174.2748
4.755	 2.20	 1	 -42.2649	  173.5481
4.756	 2.55	 1	 -42.3396	  173.6894
4.756	 2.07	 1	 -42.3412	  173.7243
4.760	 2.54	 1	 -41.6656	  174.4582
4.760	 2.01	 1	 -42.6131	  172.9440
4.762	 2.21	 2	 -41.6945	  174.2440
4.768	 2.32	 1	 -42.5957	  172.7021
4.770	 2.48	 1	 -41.7170	  174.3256
4.770	 3.01	 1	 -42.6730	  174.2611
4.772	 2.04	 1	 -42.5289	  173.1174
4.774	 2.05	 1	 -42.4382	  173.8257
4.774	 2.03	 1	 -41.5363	  174.2084
4.777	 2.31	 1	 -42.1614	  173.4601
4.777	 2.21	 1	 -42.9514	  172.9672
4.778	 2.03	 1	 -42.6208	  172.9241
4.786	 2.48	 2	 -41.6177	  174.3220
4.789	 2.51	 1	 -41.7295	  174.2789
4.790	 2.45	 1	 -41.8107	  174.0749
4.792	 2.28	 1	 -42.5960	  173.8494
4.793	 2.08	 1	 -42.4874	  172.9071
4.799	 2.61	 3	 -42.3179	  173.6790
4.800	 2.06	 1	 -42.2677	  173.8862
4.801	 2.23	 1	 -42.5263	  172.9983
4.803	 2.62	 1	 -41.7783	  174.4131
4.807	 2.21	 1	 -42.4548	  173.1937
4.808	 2.10	 1	 -42.3289	  173.1537
4.814	 2.04	 3	 -42.0080	  173.6877
4.815	 2.01	 1	 -41.9280	  174.0138
4.819	 2.02	 1	 -42.1205	  173.7043
4.824	 2.29	 1	 -42.2637	  173.6028
4.824	 3.53	 1	 -41.7372	  174.2962
4.825	 2.51	 1	 -42.1853	  173.7544
4.826	 2.04	 1	 -42.5958	  172.9928
4.826	 3.26	 1	 -42.5666	  173.0903
4.828	 2.06	 1	 -42.4418	  173.6044
4.829	 2.37	 1	 -42.2139	  173.6654
4.829	 2.48	 1	 -42.3215	  173.2695
4.836	 2.84	 1	 -41.7393	  174.1458
4.838	 2.34	 1	 -42.2573	  173.6835
4.842	 2.02	 1	 -41.9470	  173.6590
4.849	 2.29	 1	 -42.2760	  173.6763
4.849	 2.20	 1	 -41.8841	  173.9291
4.850	 2.19	 1	 -42.2571	  173.6056
4.853	 2.53	 1	 -41.9147	  173.8685
4.853	 2.11	 1	 -41.6105	  174.2924
4.860	 2.34	 1	 -42.5727	  173.0203
4.862	 2.10	 1	 -42.3025	  174.2694
4.865	 2.70	 2	 -42.0998	  173.8359
4.866	 2.05	 1	 -41.8248	  174.2096
4.870	 2.01	 1	 -42.5159	  173.7018
4.873	 2.37	 2	 -42.7734	  173.0500
4.874	 3.10	 1	 -42.7379	  172.9839
4.877	 2.86	 1	 -42.0240	  173.9789
4.878	 2.01	 1	 -42.3197	  173.5882
4.878	 2.13	 1	 -42.6894	  172.6540
4.886	 2.16	 1	 -42.1323	  173.7850
4.886	 2.21	 1	 -42.6188	  172.9519
4.891	 2.69	 1	 -41.8235	  174.3371
4.894	 2.69	 1	 -42.2241	  173.6702
4.898	 2.21	 2	 -41.6661	  174.2208
4.898	 2.94	 1	 -42.3527	  173.9106
4.900	 2.31	 1	 -42.8327	  172.7224
4.905	 2.25	 1	 -42.0419	  173.7543
4.907	 2.19	 2	 -46.1208	  175.1724
4.915	 2.44	 1	 -41.7386	  174.3489
4.916	 2.29	 1	 -41.6808	  174.3011
4.917	 2.24	 1	 -41.6599	  174.3717
4.920	 2.42	 1	 -42.5534	  173.7773
4.922	 2.24	 1	 -43.6329	  171.2727
4.922	 2.16	 1	 -42.5683	  173.1859
4.922	 2.12	 1	 -41.7455	  174.0747
4.931	 3.37	 1	 -42.6336	  172.8348
4.934	 2.16	 1	 -42.6793	  172.8399
4.936	 2.29	 2	 -42.4233	  173.8978
4.937	 2.16	 1	 -41.9348	  174.1753
4.941	 2.64	 1	 -42.5561	  173.1117
4.942	 2.17	 1	 -41.8056	  174.4176
4.947	 3.08	 1	 -41.7859	  174.3163
4.955	 2.00	 1	 -42.2162	  173.9101
4.957	 2.37	 1	 -41.8689	  173.9367
4.957	 2.49	 1	 -42.2643	  173.7207
4.958	 2.08	 2	 -41.9972	  173.9295
4.962	 2.45	 1	 -42.4813	  173.9712
4.963	 3.97	 1	 -42.2438	  173.6481
4.968	 2.53	 1	 -42.0353	  172.5673
4.971	 3.05	 1	 -42.3098	  173.3070
4.973	 2.02	 1	 -42.4405	  172.1788
4.978	 2.04	 2	 -41.7307	  174.2440
4.986	 2.18	 1	 -42.5583	  172.8903
4.987	 2.08	 1	 -42.2763	  173.7190
4.988	 2.77	 1	 -42.8770	  173.1884
4.989	 2.29	 1	 -42.1124	  173.6992
4.998	 2.46	 2	 -41.7210	  174.2449
4.998	 2.72	 1	 -41.4473	  174.0382
4.999	 2.07	 1	 -42.7647	  172.5413
5.000	 2.15	 1	 -42.6308	  172.9552
5.002	 2.02	 1	 -41.7474	  174.3556
5.004	 2.08	 1	 -41.6986	  174.2577
5.005	 2.16	 1	 -42.0539	  172.9083
5.006	 2.05	 1	 -41.9720	  173.4808
5.006	 2.47	 1	 -42.3588	  173.7167
5.016	 2.85	 1	 -42.3295	  173.7171
5.016	 2.21	 1	 -42.1943	  174.4340
5.020	 2.26	 1	 -42.1314	  173.3618
5.021	 3.75	 1	 -41.7168	  174.2410
5.022	 3.83	 1	 -42.3079	  173.9080
5.027	 2.04	 1	 -42.3369	  173.9061
5.029	 2.14	 1	 -42.3374	  173.5024
5.031	 2.30	 1	 -42.5293	  173.1795
5.032	 2.71	 1	 -42.2309	  173.6073
5.038	 2.08	 1	 -41.6672	  174.1784
5.039	 2.08	 1	 -42.9578	  173.1604
5.044	 2.18	 1	 -41.7459	  174.2845
5.053	 2.16	 2	 -41.8608	  174.2135
5.056	 2.08	 1	 -42.5091	  172.6899
5.056	 3.07	 1	 -42.9370	  173.4982
5.057	 2.08	 1	 -41.7919	  174.2533
5.058	 2.52	 1	 -42.2135	  173.6331
5.065	 2.28	 1	 -42.9343	  174.7160
5.065	 2.19	 1	 -42.2015	  173.2926
5.068	 2.11	 1	 -42.6225	  172.8380
5.071	 2.17	 1	 -41.9851	  174.0122
5.075	 2.33	 4	 -42.0468	  174.0112
5.083	 2.19	 1	 -42.3554	  173.9905
5.084	 2.84	 2	 -41.7654	  174.2795
5.086	 2.63	 1	 -42.4932	  173.1148
5.089	 2.28	 1	 -41.7298	  174.3233
5.091	 2.30	 1	 -42.5746	  173.0097
5.091	 2.04	 1	 -42.6540	  172.8232
5.093	 2.88	 1	 -42.0904	  173.7200
5.095	 2.13	 1	 -42.1486	  173.5303
5.095	 2.72	 1	 -42.5023	  173.2087
5.097	 2.21	 1	 -42.5889	  172.8218
5.103	 2.14	 1	 -42.3367	  173.2804
5.105	 2.66	 1	 -42.5222	  173.1693
5.105	 2.34	 1	 -42.3326	  173.6171
5.106	 2.19	 1	 -42.3746	  173.0072
5.107	 2.09	 1	 -41.6189	  174.2119
5.108	 2.25	 1	 -42.0184	  173.9309
5.113	 2.29	 1	 -41.8118	  172.8236
5.113	 2.30	 1	 -42.6344	  173.0866
5.116	 2.11	 1	 -42.2548	  173.6118
5.118	 3.96	 1	 -41.6804	  174.3353
5.120	 2.43	 2	 -41.7325	  174.3452
5.121	 3.00	 2	 -40.8536	  175.9594
5.126	 2.37	 1	 -41.6111	  174.2245
5.128	 2.22	 1	 -41.6617	  174.2838
5.129	 2.47	 1	 -42.1651	  174.5509
5.131	 2.38	 1	 -42.5768	  173.1502
5.135	 2.84	 2	 -41.7094	  172.7164
5.136	 2.01	 1	 -42.5848	  173.1395
5.136	 3.50	 1	 -41.7575	  174.3239
5.137	 2.01	 1	 -42.4288	  174.0233
5.138	 2.47	 1	 -42.4923	  173.8143
5.138	 2.56	 1	 -42.0014	  173.7452
5.142	 2.17	 1	 -42.2628	  173.6688
5.142	 2.36	 1	 -42.1756	  173.6824
5.145	 2.71	 1	 -41.9570	  173.9835
5.146	 2.31	 1	 -42.9964	  173.5439
5.148	 2.08	 1	 -42.3967	  174.2670
5.148	 2.31	 1	 -42.3153	  173.6658
5.149	 2.12	 1	 -42.1029	  173.5578
5.149	 3.40	 1	 -42.2913	  173.8577
5.150	 3.33	 1	 -41.7952	  174.2241
5.153	 2.59	 1	 -41.6947	  174.2431
5.157	 2.16	 1	 -41.7723	  174.3162
5.157	 2.42	 1	 -42.6093	  172.8358
5.160	 2.26	 1	 -42.2716	  173.6152
5.161	 3.11	 1	 -41.6219	  174.2843
5.164	 2.36	 1	 -42.1487	  174.0218
5.164	 2.92	 1	 -42.2500	  173.6253
5.164	 2.04	 4	 -42.0089	  174.0213
5.164	 2.95	 1	 -42.6020	  173.0982
5.172	 2.18	 1	 -41.5814	  174.4258
5.172	 3.03	 1	 -41.7105	  175.1317
5.175	 2.11	 2	 -41.6998	  173.8459
5.177	 2.06	 1	 -42.4853	  173.2746
5.180	 2.52	 1	 -43.0693	  171.9144
5.184	 2.51	 1	 -40.5137	  174.1524
5.187	 2.63	 1	 -42.9290	  172.7066
5.188	 4.51	 1	 -42.2431	  173.8381
5.191	 2.17	 1	 -42.1362	  174.2069
5.199	 2.26	 1	 -43.0764	  173.5018
5.199	 2.99	 1	 -42.2008	  173.7408
5.202	 2.56	 1	 -42.6724	  172.6932
5.207	 4.43	 1	 -42.6772	  173.0534
5.215	 2.65	 2	 -42.4098	  172.9455
5.218	 2.18	 1	 -42.4482	  173.4700
5.221	 2.50	 1	 -42.3079	  173.8466
5.224	 2.63	 1	 -42.2845	  173.7639
5.226	 2.45	 1	 -42.2683	  173.4922
5.230	 2.37	 1	 -42.2849	  173.6009
5.232	 2.07	 1	 -42.7295	  173.1595
5.233	 2.57	 1	 -42.8392	  172.9711
5.240	 2.51	 1	 -42.5467	  172.8662
5.244	 3.16	 1	 -42.7705	  172.9084
5.246	 2.35	 1	 -41.4780	  173.8707
5.252	 3.48	 1	 -42.3253	  174.0335
5.252	 2.33	 1	 -42.1633	  173.7421
5.256	 2.33	 1	 -42.4480	  173.5257
5.258	 2.25	 1	 -42.4236	  173.6516
5.261	 2.12	 1	 -41.8080	  174.3364
5.262	 2.13	 2	 -42.5326	  173.1255
5.265	 2.65	 2	 -42.2127	  173.8055
5.267	 2.82	 1	 -42.5453	  173.1738
5.268	 2.05	 1	 -42.1145	  173.6196
5.268	 2.38	 1	 -42.5871	  172.7984
5.270	 2.07	 2	 -41.7792	  173.5006
5.270	 2.11	 1	 -42.0433	  174.0860
5.273	 2.03	 3	 -41.7631	  174.1701
5.275	 3.06	 1	 -41.9035	  173.7555
5.277	 2.11	 1	 -41.9539	  173.6741
5.277	 2.35	 1	 -41.9970	  173.6892
5.277	 2.38	 1	 -41.7132	  174.2219
5.283	 2.45	 1	 -41.8183	  174.3334
5.283	 4.28	 1	 -42.2631	  173.6078
5.284	 4.10	 1	 -42.2357	  174.1729
5.285	 2.05	 1	 -42.2467	  173.2640
5.289	 2.67	 1	 -42.4491	  173.1111
5.289	 2.19	 1	 -42.8543	  173.2161
5.290	 2.06	 1	 -42.4023	  173.7646
5.295	 2.73	 1	 -41.6324	  174.5891
5.296	 2.01	 1	 -41.9109	  173.4760
5.299	 2.14	 1	 -42.5065	  173.3793
5.300	 2.17	 1	 -42.6106	  173.0837
5.301	 3.16	 1	 -42.3654	  173.7289
5.302	 2.06	 2	 -41.7243	  175.0972
5.303	 2.09	 1	 -42.2976	  173.7275
5.304	 2.22	 1	 -41.6673	  174.1468
5.312	 2.74	 1	 -41.7237	  174.1671
5.313	 2.27	 1	 -41.8794	  173.9228
5.313	 2.12	 1	 -42.3123	  173.4715
5.319	 2.74	 1	 -42.3343	  173.1687
5.321	 2.33	 2	 -42.8857	  172.9681
5.323	 2.75	 1	 -43.0521	  174.1503
5.323	 2.70	 1	 -42.6373	  172.8790
5.324	 2.05	 1	 -42.1443	  173.6730
5.332	 2.32	 1	 -42.7922	  173.3159
5.333	 2.24	 2	 -41.6800	  174.1588
5.343	 2.66	 1	 -42.8650	  172.6843
5.343	 3.23	 1	 -41.8500	  178.9059
5.351	 2.29	 1	 -42.2482	  173.6611
5.358	 2.09	 2	 -42.2216	  173.3196
5.358	 2.15	 1	 -42.2999	  173.8577
5.358	 2.35	 1	 -42.1548	  173.5883
5.360	 2.19	 1	 -42.5440	  173.7925
5.360	 2.00	 1	 -42.5617	  174.0525
5.360	 2.19	 1	 -42.8744	  172.8216
5.368	 2.34	 1	 -42.5278	  173.0568
5.371	 2.16	 1	 -42.2290	  173.6608
5.375	 2.10	 1	 -41.7983	  174.2390
5.381	 2.31	 1	 -41.7134	  174.2679
5.383	 2.33	 1	 -42.1356	  173.7983
5.384	 2.08	 1	 -41.7201	  174.1570
5.385	 2.34	 1	 -42.9887	  173.5861
5.385	 2.01	 4	 -42.0525	  173.9337
5.389	 2.20	 1	 -41.7657	  174.2058
5.389	 2.73	 1	 -40.7076	  173.5072
5.392	 2.72	 2	 -42.3400	  173.6888
5.401	 2.27	 1	 -42.0803	  173.7624
5.403	 2.26	 1	 -42.5172	  173.1230
5.405	 2.58	 1	 -42.1932	  173.4604
5.410	 2.22	 1	 -42.7322	  172.9460
5.412	 2.30	 1	 -42.1664	  173.6226
5.412	 2.04	 1	 -42.6167	  173.0847
5.414	 3.26	 1	 -42.0440	  174.2939
5.414	 2.10	 1	 -41.7198	  174.2470
5.415	 3.18	 1	 -42.5172	  173.7756
5.417	 2.15	 3	 -42.2071	  172.8218
5.417	 2.91	 1	 -42.3061	  173.6668
5.420	 2.11	 1	 -41.7306	  174.2676
5.421	 2.16	 1	 -42.6551	  172.8554
5.425	 2.33	 1	 -40.9592	  168.3078
5.426	 2.42	 1	 -42.4145	  175.3781
5.426	 2.96	 1	 -42.1164	  173.6213
5.429	 2.16	 1	 -43.5059	  174.5451
5.430	 2.53	 2	 -42.2551	  173.7484
5.433	 2.10	 1	 -41.7523	  174.2511
5.433	 2.13	 1	 -41.7808	  174.2522
5.436	 2.62	 1	 -41.9067	  173.9301
5.437	 2.42	 1	 -41.8321	  174.1986
5.439	 2.49	 2	 -42.6328	  173.0436
5.441	 2.21	 1	 -41.7678	  174.1890
5.442	 2.10	 1	 -42.5290	  173.1419
5.444	 2.05	 1	 -43.0458	  172.7915
5.444	 2.07	 1	 -42.7422	  173.4347
5.445	 2.04	 1	 -42.4890	  173.2650
5.448	 2.56	 2	 -42.5452	  172.7987
5.451	 2.21	 1	 -41.3307	  174.9993
5.453	 2.06	 1	 -41.7370	  174.1613
5.457	 2.47	 1	 -41.8226	  174.2321
5.457	 2.03	 1	 -41.7299	  174.1851
5.460	 2.60	 1	 -42.3273	  174.0260
5.468	 2.06	 1	 -42.0258	  173.6665
5.469	 2.99	 1	 -42.3825	  173.5212
5.472	 2.07	 1	 -41.8083	  174.1328
5.472	 3.34	 3	 -41.7798	  174.2700
5.478	 2.12	 1	 -42.1507	  173.6194
5.482	 2.42	 1	 -42.4722	  173.7514
5.485	 2.02	 1	 -42.3176	  173.5229
5.491	 2.08	 1	 -42.3523	  173.7190
5.491	 2.15	 1	 -46.8053	  170.5489
5.496	 2.19	 1	 -41.8547	  174.2545
5.499	 2.17	 1	 -42.4535	  173.8454
5.500	 2.08	 1	 -41.7696	  174.2096
5.511	 3.19	 1	 -42.1218	  172.8847
5.514	 2.00	 1	 -41.6782	  174.1982
5.515	 2.55	 2	 -42.1319	  173.5788
5.516	 2.26	 1	 -41.7149	  174.1806
5.520	 2.02	 1	 -41.8026	  173.9637
5.526	 2.07	 1	 -42.6529	  172.7723
5.533	 2.15	 2	 -41.7831	  174.1510
5.540	 2.10	 2	 -42.3119	  173.7730
5.540	 2.20	 1	 -41.7027	  174.3143
5.541	 3.32	 1	 -42.5157	  173.2126
5.544	 2.28	 1	 -41.9683	  173.7532
5.550	 2.11	 2	 -40.7423	  173.9139
5.550	 2.01	 1	 -41.8120	  173.9873
5.550	 2.85	 1	 -45.8017	  171.6222
5.554	 2.95	 1	 -42.2919	  173.0588
5.554	 2.06	 1	 -42.3115	  173.5083
5.556	 2.77	 1	 -42.6575	  172.8107
5.556	 2.77	 1	 -42.2320	  173.6690
5.557	 2.04	 1	 -41.8041	  174.2245
5.561	 3.83	 1	 -42.4325	  173.4225
5.565	 2.75	 2	 -42.4026	  173.5733
5.569	 2.04	 1	 -42.3304	  173.6247
5.574	 2.78	 2	 -42.3275	  173.6451
5.575	 3.19	 1	 -41.7234	  174.2873
5.591	 2.23	 2	 -41.8180	  174.2027
5.596	 2.06	 1	 -42.6396	  173.1606
5.605	 2.53	 1	 -42.5852	  172.6870
5.607	 2.19	 1	 -42.5972	  173.9281
5.609	 2.14	 1	 -38.4371	  172.4602
5.614	 2.75	 1	 -42.1458	  173.6784
5.617	 2.96	 1	 -42.8339	  172.5571
5.619	 2.96	 1	 -42.6643	  172.7535
5.621	 2.44	 1	 -42.2670	  173.9115
5.625	 2.90	 1	 -42.7170	  173.9219
5.631	 4.28	 1	 -42.2185	  173.6952
5.637	 2.80	 1	 -41.8680	  174.1634
5.640	 2.18	 2	 -42.2427	  173.8281
5.646	 2.21	 1	 -42.1142	  173.7695
5.651	 2.14	 1	 -41.7122	  174.1890
5.655	 2.03	 2	 -41.9645	  174.2509
5.661	 2.03	 1	 -41.8933	  173.7742
5.661	 2.02	 3	 -41.6110	  173.6056
5.665	 3.02	 1	 -39.9637	  173.6218
5.669	 2.57	 1	 -42.2336	  173.5815
5.673	 2.11	 1	 -41.7687	  174.2162
5.678	 2.13	 1	 -41.6749	  174.2897
5.679	 2.07	 1	 -41.9582	  173.9883
5.680	 2.59	 1	 -42.7567	  173.0340
5.681	 2.16	 1	 -42.4273	  173.7367
5.682	 2.33	 2	 -41.7214	  174.3328
5.687	 2.07	 1	 -41.7620	  174.0670
5.690	 3.27	 1	 -42.4443	  173.1054
5.692	 2.55	 1	 -41.7198	  174.4645
5.693	 3.03	 1	 -42.2377	  173.6447
5.693	 2.08	 2	 -41.6537	  174.1913
5.698	 2.35	 1	 -42.3650	  173.8909
5.703	 2.07	 1	 -41.8046	  174.2485
5.705	 2.11	 1	 -41.7099	  174.2073
5.711	 2.07	 1	 -41.5110	  174.2957
5.715	 2.37	 1	 -41.9941	  173.6042
5.715	 3.12	 1	 -42.6085	  172.9567
5.716	 2.02	 1	 -41.6741	  174.3010
5.717	 2.38	 1	 -41.7470	  174.2733
5.720	 2.47	 1	 -43.2486	  172.9727
5.720	 2.33	 1	 -42.1078	  174.6288
5.721	 2.63	 1	 -42.5561	  173.1233
5.725	 2.48	 1	 -42.6965	  173.0285
5.730	 2.16	 1	 -42.4565	  173.2740
5.731	 3.02	 1	 -42.4670	  173.1407
5.732	 2.11	 1	 -42.4003	  173.1162
5.732	 2.90	 1	 -42.3717	  173.0503
5.733	 2.45	 3	 -42.1656	  172.7502
5.737	 2.23	 1	 -42.6087	  172.7593
5.737	 2.43	 1	 -42.2046	  173.7289
5.739	 2.30	 1	 -41.8082	  174.2087
5.739	 2.23	 1	 -41.7037	  173.6417
5.740	 2.04	 1	 -42.2260	  173.7991
5.742	 2.32	 3	 -42.1495	  173.6280
5.742	 2.43	 1	 -41.7868	  180.2654
5.743	 2.11	 1	 -42.2841	  173.6211
5.751	 2.09	 2	 -42.3392	  173.7721
5.760	 3.52	 1	 -42.1369	  173.6328
5.765	 2.01	 1	 -43.5895	  173.7070
5.768	 2.20	 1	 -42.6429	  173.0627
5.769	 2.77	 1	 -42.4518	  173.1554
5.781	 2.02	 1	 -42.2977	  173.6835
5.781	 2.05	 2	 -42.2819	  173.9723
5.782	 2.22	 1	 -42.4307	  173.8158
5.787	 2.20	 1	 -42.1208	  173.6789
5.802	 2.32	 1	 -41.7988	  174.1713
5.805	 2.05	 1	 -41.9732	  173.8034
5.809	 2.06	 1	 -42.7796	  173.0980
5.812	 2.57	 1	 -42.7103	  172.8567
5.817	 2.46	 1	 -42.1249	  173.7959
5.819	 2.07	 1	 -42.6321	  173.9410
5.820	 2.58	 1	 -42.2944	  173.8298
5.820	 2.26	 1	 -41.9809	  173.7449
5.821	 2.16	 1	 -41.9740	  173.8668
5.821	 2.33	 1	 -42.1805	  173.6176
5.822	 2.85	 1	 -42.1743	  173.4654
5.826	 2.14	 1	 -42.1598	  173.8411
5.828	 2.16	 1	 -41.6577	  174.2844
5.830	 2.34	 1	 -42.1437	  173.5847
5.834	 2.14	 2	 -42.3412	  173.5735
5.836	 2.18	 3	 -41.9328	  173.6639
5.837	 2.19	 2	 -44.0838	  169.2868
5.840	 2.12	 2	 -42.5684	  173.0968
5.843	 2.02	 1	 -42.2619	  173.5871
5.852	 2.09	 1	 -43.4410	  172.9738
5.852	 2.19	 1	 -42.2783	  173.7736
5.854	 2.36	 1	 -42.4569	  173.4279
5.857	 2.13	 1	 -42.2742	  173.9897
5.858	 2.37	 1	 -41.9236	  174.1896
5.861	 2.78	 1	 -42.1406	  173.3854
5.864	 2.53	 1	 -42.2796	  173.7290
5.878	 3.27	 1	 -42.1827	  173.6077
5.882	 2.10	 1	 -42.4136	  173.1366
5.886	 3.77	 1	 -42.1088	  173.7431
5.886	 2.85	 1	 -41.8189	  174.3098
5.890	 2.36	 1	 -42.7963	  173.3136
5.891	 2.09	 1	 -42.3585	  173.4176
5.893	 2.20	 2	 -42.5188	  173.2230
5.894	 2.26	 2	 -42.6452	  174.1339
5.895	 2.16	 1	 -41.7506	  174.2846
5.898	 3.10	 1	 -42.1855	  173.5471
5.901	 2.22	 1	 -42.6234	  172.9952
5.906	 2.20	 2	 -39.9666	  173.6207
5.915	 2.72	 2	 -42.2344	  173.9068
5.916	 3.06	 1	 -42.4774	  173.4258
5.918	 2.03	 1	 -42.3111	  173.6905
5.919	 2.90	 1	 -42.2760	  174.2914
5.926	 2.18	 1	 -41.6969	  173.9853
5.926	 2.27	 1	 -41.6799	  174.3246
5.929	 3.00	 1	 -41.7540	  174.3232
5.930	 2.27	 1	 -42.5007	  173.8987
5.941	 3.01	 1	 -42.3117	  174.0358
5.943	 2.09	 1	 -42.8128	  173.5863
5.946	 2.19	 1	 -41.8243	  174.2031
5.947	 2.38	 1	 -42.6129	  173.0529
5.947	 2.38	 1	 -42.2766	  173.5309
5.950	 2.11	 2	 -42.2079	  173.8081
5.950	 2.70	 1	 -42.2947	  173.7332
5.954	 2.04	 1	 -41.9665	  173.7705
5.955	 2.11	 1	 -41.7466	  174.3139
5.962	 2.47	 1	 -42.1030	  173.5804
5.963	 3.08	 1	 -42.0780	  173.6303
5.964	 2.14	 1	 -42.4616	  173.7536
5.965	 2.21	 1	 -42.2066	  173.8552
5.971	 2.21	 2	 -42.0483	  173.7652
5.980	 2.31	 1	 -42.2559	  173.4669
5.981	 2.12	 1	 -42.1817	  173.8132
5.983	 2.36	 1	 -41.9562	  173.7606
5.985	 3.85	 1	 -46.5942	  176.0632
5.985	 2.11	 1	 -42.5932	  172.6564
5.987	 2.23	 1	 -42.5088	  173.2511
5.993	 2.14	 1	 -42.6744	  172.8600
5.995	 2.05	 1	 -42.5084	  173.8050
5.996	 2.08	 1	 -42.2225	  173.7508
5.999	 2.50	 1	 -42.7185	  172.9353
6.000	 2.44	 1	 -42.6574	  172.7668
6.003	 2.94	 1	 -42.4108	  173.5499
6.012	 2.24	 1	 -42.5799	  173.1243
6.015	 2.44	 1	 -42.2574	  173.6809
6.016	 2.32	 1	 -42.0835	  173.6906
6.016	 2.17	 1	 -41.7923	  174.1889
6.018	 2.46	 1	 -41.7462	  174.0364
6.019	 2.01	 1	 -41.4906	  174.0904
6.027	 3.46	 1	 -42.9043	  173.5213
6.032	 2.04	 1	 -46.1979	  172.1957
6.032	 2.38	 1	 -41.9492	  173.6363
6.035	 2.71	 1	 -41.7067	  174.2819
6.035	 2.14	 2	 -42.3647	  173.5851
6.038	 3.56	 1	 -41.8098	  174.6417
6.040	 2.33	 1	 -41.7486	  174.2856
6.046	 2.13	 1	 -41.6981	  174.2284
6.049	 2.58	 1	 -41.8538	  174.1433
6.049	 2.08	 1	 -41.8606	  173.9954
6.049	 2.42	 2	 -42.4566	  173.7415
6.051	 2.33	 1	 -41.7774	  173.2572
6.054	 3.52	 1	 -42.3233	  173.8806
6.057	 2.15	 1	 -42.4621	  172.8721
6.061	 2.29	 1	 -42.8169	  172.3710
6.063	 2.74	 1	 -41.6020	  173.2027
6.069	 2.67	 2	 -42.3115	  173.0929
6.070	 2.03	 1	 -42.5069	  172.6119
6.070	 2.36	 1	 -41.6811	  174.3675
6.071	 2.58	 1	 -42.0190	  173.6232
6.071	 2.02	 1	 -41.9982	  173.9048
6.073	 2.23	 1	 -41.7909	  174.2702
6.074	 2.05	 1	 -42.2093	  173.6717
6.077	 2.37	 1	 -42.0280	  173.1686
6.081	 2.03	 1	 -42.3170	  173.8801
6.086	 2.91	 2	 -42.7578	  173.1315
6.093	 3.36	 1	 -41.7900	  173.9965
6.102	 2.17	 1	 -42.4479	  173.3695
6.103	 2.36	 2	 -41.7832	  173.8355
6.104	 2.48	 1	 -42.4663	  173.0226
6.107	 2.18	 2	 -42.5554	  173.1100
6.113	 2.10	 1	 -41.7610	  174.1808
6.113	 2.06	 1	 -43.2845	  172.4038
6.113	 2.01	 1	 -41.8452	  174.3540
6.116	 2.13	 2	 -42.0856	  173.6187
6.119	 2.31	 2	 -41.7494	  174.1125
6.121	 2.02	 2	 -42.1760	  173.7223
6.125	 2.05	 1	 -42.6744	  172.7582
6.129	 2.44	 1	 -42.0811	  173.5472
6.129	 2.10	 1	 -42.5087	  173.5269
6.133	 2.46	 1	 -41.7389	  174.2436
6.137	 2.40	 1	 -42.5671	  173.4706
6.142	 2.80	 1	 -42.3429	  173.2817
6.144	 2.45	 2	 -42.6811	  172.8985
6.145	 2.30	 1	 -41.7322	  174.1091
6.145	 2.94	 1	 -41.9629	  173.7886
6.146	 2.34	 2	 -41.6686	  173.8651
6.147	 2.03	 1	 -41.8609	  174.2088
6.148	 2.35	 1	 -42.5528	  173.7542
6.148	 3.00	 1	 -41.8005	  174.1212
6.149	 2.15	 1	 -41.5012	  174.0341
6.154	 2.15	 1	 -42.2671	  173.6530
6.157	 3.16	 1	 -41.7700	  174.1659
6.160	 2.45	 1	 -42.3299	  173.9462
6.164	 2.02	 1	 -42.6091	  172.9906
6.167	 2.19	 1	 -42.8333	  172.9032
6.176	 2.10	 1	 -42.5505	  173.7774
6.177	 2.62	 1	 -42.4993	  173.2836
6.177	 2.59	 1	 -42.2072	  173.4972
6.179	 2.60	 1	 -42.1959	  174.1118
6.179	 2.06	 1	 -42.0689	  173.3719
6.182	 2.27	 1	 -41.7507	  174.1033
6.184	 2.06	 1	 -42.6882	  172.9219
6.185	 3.18	 1	 -41.7648	  174.2506
6.187	 2.53	 1	 -41.0541	  172.4357
6.191	 2.47	 1	 -42.0637	  173.6609
6.191	 2.29	 2	 -42.5520	  173.8640
6.193	 2.59	 2	 -41.7483	  174.4508
6.198	 2.06	 2	 -43.4152	  171.1971
6.200	 2.83	 1	 -42.3237	  173.8056
6.201	 2.37	 1	 -42.3520	  173.9704
6.207	 2.83	 1	 -41.8739	  174.1650
6.207	 2.18	 1	 -41.9253	  174.2234
6.207	 2.06	 1	 -41.9260	  173.9703
6.208	 2.95	 1	 -42.1156	  173.4661
6.212	 2.53	 1	 -42.2124	  173.6604
6.218	 2.34	 2	 -42.5082	  173.1591
6.219	 3.50	 1	 -41.7234	  174.3182
6.221	 2.04	 1	 -42.3463	  174.2105
6.221	 2.73	 1	 -42.6644	  172.8763
6.230	 2.32	 1	 -43.3639	  173.0557
6.231	 3.03	 1	 -42.5840	  173.0363
6.234	 2.18	 1	 -42.6585	  172.8676
6.239	 2.16	 1	 -42.3976	  174.1320
6.241	 2.09	 1	 -42.2739	  173.7720
6.242	 2.31	 2	 -42.6479	  173.3559
6.242	 2.24	 1	 -41.7333	  173.8011
6.242	 2.41	 1	 -41.7239	  174.2941
6.249	 2.17	 1	 -42.0731	  173.6497
6.254	 2.65	 1	 -42.1623	  174.0021
6.259	 2.75	 1	 -41.8589	  174.4713
6.262	 2.21	 1	 -42.1333	  173.8982
6.262	 2.48	 1	 -41.6729	  174.1944
6.265	 2.10	 1	 -42.1344	  173.8941
6.268	 2.60	 1	 -41.9978	  173.6804
6.268	 2.10	 1	 -41.6870	  174.2789
6.268	 2.33	 1	 -41.7548	  174.2205
6.270	 2.34	 1	 -42.0359	  174.0119
6.271	 2.11	 1	 -41.9225	  173.8235
6.271	 2.05	 3	 -42.1547	  173.7444
6.275	 2.13	 1	 -47.0169	  171.3451
6.276	 2.99	 1	 -41.8455	  174.0705
6.276	 2.01	 1	 -41.7990	  173.9778
6.278	 2.31	 1	 -42.0128	  173.8359
6.278	 2.11	 1	 -41.8238	  174.0218
6.281	 2.16	 1	 -41.7627	  174.2674
6.285	 3.57	 1	 -42.3295	  173.5949
6.287	 2.20	 1	 -42.2405	  173.8819
6.291	 2.16	 1	 -42.3450	  173.9094
6.293	 3.20	 1	 -41.7627	  174.1907
6.294	 3.29	 1	 -42.1413	  173.7125
6.295	 2.72	 1	 -42.6049	  173.0097
6.296	 2.15	 1	 -42.2617	  173.7180
6.298	 2.40	 1	 -41.7326	  173.6889
6.302	 2.47	 1	 -42.6198	  172.8642
6.302	 2.02	 1	 -41.5624	  174.0532
6.305	 2.14	 1	 -42.0062	  173.6242
6.311	 2.04	 1	 -42.0784	  171.7774
6.311	 3.41	 1	 -41.9704	  173.6041
6.314	 2.25	 1	 -42.3420	  173.0000
6.315	 2.39	 1	 -41.7792	  174.4214
6.317	 2.32	 1	 -42.5062	  173.7926
6.321	 2.06	 1	 -42.3644	  173.0749
6.326	 2.80	 1	 -41.9353	  173.4149
6.330	 2.12	 1	 -42.3927	  174.3175
6.332	 2.24	 1	 -41.9860	  173.6317
6.335	 2.06	 1	 -42.1659	  171.8073
6.344	 2.06	 1	 -42.3513	  173.5048
6.346	 4.23	 2	 -42.1665	  173.5557
6.351	 2.24	 1	 -42.1881	  173.7688
6.352	 2.38	 1	 -42.5435	  173.5331
6.354	 2.04	 1	 -42.6991	  172.6383
6.355	 2.21	 1	 -42.3829	  173.9932
6.360	 2.46	 1	 -42.3261	  173.5903
6.362	 2.91	 1	 -41.9218	  173.8629
6.362	 2.46	 1	 -42.5310	  173.3657
6.364	 2.66	 1	 -41.7821	  174.1893
6.367	 2.79	 1	 -42.1698	  173.7216
6.371	 2.14	 1	 -42.0357	  173.6751
6.372	 2.03	 1	 -42.3709	  174.0289
6.373	 2.89	 1	 -42.5377	  173.0963
6.381	 2.16	 1	 -42.3117	  173.4690
6.384	 2.36	 1	 -42.1163	  172.9202
6.387	 2.30	 1	 -42.5289	  173.1619
6.389	 2.35	 1	 -42.3328	  173.7663
6.398	 2.47	 1	 -41.8506	  174.2784
6.405	 2.57	 1	 -42.3315	  174.1557
6.405	 2.00	 1	 -42.5413	  173.1808
6.407	 3.10	 1	 -41.9450	  173.6582
6.407	 2.05	 1	 -41.8105	  174.2801
6.411	 2.62	 1	 -42.2648	  173.8524
6.411	 2.15	 2	 -42.3529	  173.8980
6.435	 2.01	 3	 -42.2531	  173.2378
6.442	 2.57	 1	 -42.3278	  174.0163
6.442	 2.03	 1	 -42.2920	  173.6900
6.445	 3.01	 1	 -41.8398	  174.0830
6.461	 2.22	 1	 -41.9876	  173.6730
6.463	 2.49	 1	 -42.2635	  173.7310
6.464	 2.77	 1	 -42.7868	  174.2837
6.464	 2.08	 1	 -42.2556	  173.6626
6.476	 2.36	 1	 -41.8101	  174.1929
6.477	 2.11	 1	 -42.3064	  173.5858
6.478	 2.20	 1	 -42.3119	  173.8147
6.482	 2.32	 1	 -41.6961	  174.2276
6.483	 2.15	 1	 -42.4803	  173.1810
6.487	 2.09	 1	 -41.9717	  173.9389
6.492	 3.10	 1	 -42.5238	  173.8263
6.497	 2.07	 1	 -41.7117	  174.2480
6.504	 2.36	 2	 -42.2050	  174.0983
6.508	 2.03	 1	 -41.6560	  174.2605
6.509	 2.86	 2	 -42.7067	  172.7301
6.514	 2.89	 1	 -42.3538	  173.9333
6.517	 2.58	 1	 -42.1724	  173.5945
6.519	 2.02	 1	 -42.2644	  173.6834
6.520	 2.34	 1	 -41.7025	  174.2800
6.522	 2.14	 1	 -42.5640	  173.0594
6.526	 2.30	 2	 -42.4085	  173.5566
6.530	 2.01	 1	 -42.4933	  173.2510
6.533	 2.29	 1	 -40.6834	  169.3745
6.537	 2.75	 1	 -41.7709	  174.2982
6.538	 2.02	 1	 -42.2007	  173.6652
6.542	 2.13	 2	 -41.7063	  174.1692
6.549	 3.00	 2	 -42.6364	  172.9830
6.549	 2.80	 1	 -42.9597	  172.9290
6.550	 2.38	 1	 -41.8365	  173.9966
6.552	 2.01	 1	 -42.3601	  173.9484
6.553	 2.38	 1	 -42.3885	  173.6899
6.557	 2.48	 1	 -42.1059	  173.2802
6.562	 2.42	 1	 -41.6748	  174.3585
6.562	 2.03	 1	 -42.0358	  174.0359
6.564	 2.32	 1	 -42.0558	  172.7681
6.564	 3.10	 1	 -42.0888	  174.3796
6.568	 2.19	 1	 -42.0142	  173.7997
6.568	 2.14	 1	 -41.7331	  174.1644
6.572	 2.35	 2	 -42.6942	  172.8245
6.575	 2.07	 1	 -42.0251	  173.8240
6.576	 2.48	 1	 -42.5037	  173.3607
6.577	 2.17	 1	 -41.7793	  174.1343
6.578	 2.56	 1	 -41.7706	  174.4225
6.586	 2.46	 2	 -41.9858	  173.9382
6.593	 2.43	 1	 -41.7780	  174.2225
6.597	 2.16	 1	 -42.4729	  173.1860
6.597	 2.00	 1	 -42.0655	  174.3689
6.602	 2.28	 1	 -42.4227	  173.1223
6.606	 2.72	 1	 -41.8388	  174.1785
6.607	 2.70	 1	 -42.6268	  172.7979
6.608	 2.50	 1	 -43.2075	  172.2002
6.608	 2.27	 1	 -42.2693	  173.9436
6.608	 2.18	 1	 -42.4731	  173.8350
6.614	 2.50	 1	 -38.9739	  176.4616
6.630	 2.38	 1	 -42.3865	  174.0738
6.633	 2.28	 2	 -42.5574	  173.0493
6.633	 2.01	 1	 -42.3764	  173.6856
6.640	 2.27	 1	 -41.6921	  174.3035
6.640	 2.91	 1	 -42.5862	  172.8837
6.644	 2.24	 1	 -41.7126	  174.2876
6.646	 2.78	 1	 -42.3020	  173.7651
6.648	 2.03	 1	 -42.6748	  172.7855
6.648	 2.10	 1	 -42.2747	  173.6280
6.648	 2.19	 1	 -41.8584	  174.0216
6.651	 2.11	 1	 -42.7022	  172.9164
6.653	 2.16	 2	 -41.7031	  173.1106
6.657	 2.78	 1	 -42.4282	  173.3252
6.659	 2.20	 1	 -42.4571	  173.7381
6.661	 2.02	 1	 -41.7312	  174.1243
6.666	 2.01	 3	 -42.1953	  173.5757
6.667	 2.37	 2	 -42.2267	  173.7824
6.675	 3.58	 1	 -42.2600	  173.7037
6.676	 3.09	 1	 -41.7717	  173.6325
6.677	 2.85	 1	 -42.4957	  172.9814
6.678	 2.68	 1	 -42.1010	  172.8764
6.681	 2.99	 1	 -42.2151	  173.6427
6.683	 2.31	 1	 -41.7830	  174.1961
6.684	 2.27	 1	 -43.6958	  174.4074
6.684	 3.02	 1	 -41.6192	  174.4371
6.693	 2.26	 1	 -42.3558	  174.8566
6.693	 2.41	 1	 -42.6958	  173.1421
6.699	 2.17	 1	 -42.4540	  173.7429
6.706	 2.31	 1	 -41.7660	  174.2263
6.706	 2.45	 1	 -42.4785	  173.9378
6.710	 2.17	 1	 -42.3682	  173.5793
6.715	 2.11	 1	 -42.3581	  173.7430
6.726	 2.38	 1	 -41.4031	  173.5054
6.729	 2.02	 2	 -41.6668	  174.3583
6.729	 2.81	 1	 -42.3544	  173.9492
6.731	 2.37	 1	 -44.6657	  174.3987
6.738	 3.35	 1	 -41.5422	  174.4088
6.743	 2.42	 1	 -41.3169	  174.0138
6.751	 3.04	 1	 -41.7201	  174.2923
6.752	 2.10	 1	 -42.5402	  174.4009
6.753	 2.01	 1	 -41.7083	  174.3254
6.753	 2.37	 1	 -42.5190	  173.0892
6.756	 2.15	 1	 -42.5901	  172.8706
6.759	 2.33	 1	 -41.8381	  173.9809
6.760	 2.04	 1	 -41.8360	  174.2645
6.780	 2.74	 1	 -41.9021	  173.0574
6.780	 2.03	 1	 -41.7256	  174.2849
6.782	 2.35	 2	 -41.7385	  174.3352
6.782	 4.82	 1	 -40.9163	  175.1528
6.786	 2.40	 1	 -42.2954	  173.5229
6.787	 2.20	 1	 -42.3021	  173.6030
6.788	 2.00	 1	 -42.7327	  173.1254
6.788	 2.29	 1	 -42.7767	  172.9477
6.795	 2.12	 1	 -41.7396	  174.4043
6.800	 2.08	 1	 -41.9504	  173.9153
6.804	 3.24	 1	 -41.9796	  174.3230
6.806	 2.74	 2	 -41.7312	  174.2804
6.810	 2.28	 2	 -41.0348	  175.3485
6.817	 2.83	 1	 -42.2611	  173.6071
6.818	 2.61	 1	 -42.0275	  173.7199
6.820	 3.00	 1	 -42.3521	  173.8682
6.821	 3.90	 1	 -41.7026	  174.1728
6.823	 2.39	 2	 -42.6487	  172.9584
6.832	 2.05	 2	 -41.6981	  174.3695
6.835	 2.62	 1	 -42.4399	  172.6709
6.837	 2.14	 1	 -41.8017	  174.2531
6.838	 2.78	 1	 -42.4838	  173.2605
6.839	 2.29	 1	 -41.7176	  174.2193
6.846	 2.13	 1	 -42.3640	  173.7095
6.847	 2.57	 1	 -42.9930	  173.3248
6.847	 2.44	 1	 -41.9884	  173.6237
6.850	 2.29	 1	 -42.1360	  173.6642
6.852	 2.11	 1	 -42.6841	  172.5997
6.856	 2.20	 1	 -42.0177	  174.0711
6.858	 3.97	 1	 -42.1683	  173.5474
6.859	 2.23	 1	 -41.7225	  174.1147
6.861	 2.03	 1	 -42.4449	  172.7292
6.862	 2.81	 1	 -42.0210	  173.7085
6.863	 2.31	 1	 -42.1780	  173.5987
6.865	 2.24	 1	 -41.7408	  174.1806
6.870	 2.04	 1	 -42.5393	  173.7916
6.877	 2.21	 2	 -42.4982	  173.6599
6.877	 2.36	 1	 -42.1174	  173.6710
6.877	 2.21	 1	 -41.7621	  174.1839
6.878	 2.04	 1	 -41.8605	  174.1514
6.880	 2.42	 1	 -42.3126	  173.6953
6.883	 2.37	 1	 -42.3605	  173.6101
6.884	 2.33	 1	 -42.5193	  173.1571
6.888	 2.38	 1	 -41.8357	  174.2271
6.888	 2.94	 1	 -42.2711	  173.5716
6.892	 2.48	 1	 -42.6523	  172.9427
6.893	 2.32	 1	 -42.0737	  173.8190
6.894	 3.00	 1	 -42.3367	  173.7365
6.903	 2.15	 1	 -41.8161	  174.2455
6.906	 2.43	 1	 -42.3513	  174.0204
6.909	 3.90	 1	 -41.9729	  173.9865
6.915	 2.22	 1	 -42.4941	  173.7677
6.916	 2.24	 2	 -42.5215	  173.1789
6.920	 2.48	 1	 -42.1115	  167.6012
6.920	 2.12	 1	 -42.7500	  173.4458
6.921	 2.16	 1	 -41.7729	  174.3805
6.923	 2.18	 1	 -42.4519	  173.0685
6.924	 2.18	 1	 -42.0087	  173.6728
6.931	 2.99	 1	 -42.5962	  173.0139
6.934	 2.77	 1	 -41.9948	  173.6196
6.934	 3.72	 1	 -41.9335	  174.5421
6.936	 2.57	 1	 -41.7273	  174.2779
6.939	 2.17	 1	 -41.8232	  174.1904
6.945	 2.85	 2	 -41.9679	  173.6397
6.951	 2.92	 1	 -42.1669	  173.8961
6.960	 2.01	 2	 -42.3452	  173.4302
6.965	 2.24	 1	 -42.4691	  172.8975
6.965	 3.04	 1	 -42.3362	  173.7102
6.965	 2.24	 1	 -38.3236	  174.4693
6.967	 2.38	 1	 -42.2502	  173.6491
6.972	 2.47	 1	 -42.5173	  173.9308
6.976	 2.64	 1	 -41.7791	  172.2808
6.980	 2.41	 1	 -42.7494	  172.7574
6.982	 2.28	 1	 -42.1769	  173.5902
6.984	 3.19	 1	 -41.9167	  174.2073
6.984	 3.33	 3	 -41.7896	  174.2097
6.986	 2.26	 1	 -42.6197	  173.8232
6.990	 2.19	 1	 -41.8019	  174.4631
6.991	 2.08	 1	 -42.6390	  173.0038
6.993	 2.29	 1	 -41.9997	  173.7717
6.995	 2.49	 1	 -41.9406	  173.7802
7.007	 2.35	 1	 -42.2131	  173.5385
7.008	 2.11	 3	 -41.6766	  174.0961
7.016	 2.56	 1	 -42.1947	  173.7670
7.021	 2.08	 1	 -42.7286	  173.0138
7.022	 2.06	 1	 -42.5174	  173.2183
7.030	 3.65	 1	 -42.5504	  173.4974
7.036	 2.08	 1	 -42.5565	  173.7797
7.036	 3.05	 1	 -41.9729	  173.7013
7.036	 2.35	 1	 -42.5971	  173.8058
7.038	 3.98	 1	 -42.4196	  173.7838
7.041	 3.18	 1	 -42.6069	  172.9930
7.043	 2.25	 1	 -42.7272	  173.3406
7.046	 3.18	 1	 -42.5888	  173.3223
7.049	 2.69	 1	 -42.1557	  173.6911
7.050	 2.16	 2	 -42.5087	  173.0834
7.052	 2.49	 1	 -42.6673	  172.9532
7.055	 2.28	 1	 -42.5432	  173.7449
7.055	 2.48	 1	 -42.3176	  173.8189
7.059	 2.02	 1	 -42.7557	  173.0103
7.063	 2.05	 1	 -42.0209	  173.5763
7.065	 2.37	 1	 -42.3218	  173.3134
7.068	 3.10	 1	 -42.3407	  173.8799
7.077	 2.31	 1	 -44.9394	  169.2334
7.080	 2.53	 1	 -42.5761	  172.8156
7.080	 2.35	 2	 -41.9897	  173.6548
7.081	 2.03	 1	 -42.0479	  173.4785
7.082	 2.37	 1	 -41.8340	  174.0658
7.082	 3.59	 1	 -41.7790	  174.1689
7.086	 2.48	 1	 -42.2399	  173.6564
7.087	 2.08	 1	 -42.7150	  173.0443
7.088	 2.09	 1	 -41.7629	  174.0686
7.104	 2.08	 1	 -42.2548	  173.7259
7.107	 2.61	 1	 -42.2269	  173.6935
7.119	 2.43	 1	 -42.0748	  173.2910
7.122	 2.15	 1	 -42.2779	  173.6556
7.126	 2.22	 1	 -41.8071	  174.2198
7.132	 2.19	 1	 -42.1722	  173.5851
7.134	 2.11	 1	 -42.3975	  173.8114
7.134	 2.05	 1	 -42.4165	  174.1409
7.142	 2.23	 1	 -42.6260	  173.0169
7.144	 2.06	 1	 -41.6939	  174.2515
7.148	 2.04	 1	 -41.4566	  174.6982
7.149	 2.29	 1	 -42.0838	  173.6917
7.153	 2.82	 1	 -41.7725	  174.4483
7.158	 2.29	 1	 -42.1914	  173.7029
7.159	 2.35	 1	 -41.9117	  174.0294
7.165	 2.07	 1	 -42.1944	  173.5993
7.172	 2.93	 1	 -41.9424	  174.3751
7.178	 2.14	 1	 -42.4322	  174.0841
7.181	 2.83	 1	 -42.6185	  172.9174
7.182	 2.21	 1	 -42.5697	  172.9541
7.190	 2.53	 1	 -42.2242	  173.7961
7.195	 2.06	 1	 -44.8059	  173.1250
7.202	 3.48	 1	 -41.7195	  174.1877
7.203	 2.02	 1	 -42.5878	  173.9767
7.217	 2.04	 1	 -42.1924	  173.5315
7.218	 2.32	 2	 -42.2996	  173.9801
7.220	 2.01	 1	 -42.1530	  173.6400
7.223	 2.41	 1	 -41.6716	  174.1092
7.226	 2.16	 1	 -42.1975	  173.8044
7.231	 3.42	 1	 -42.6689	  172.7913
7.232	 2.27	 1	 -42.4462	  173.7113
7.233	 2.46	 1	 -41.9182	  173.9966
7.234	 2.15	 1	 -41.6827	  174.2663
7.234	 2.23	 1	 -42.4282	  173.1750
7.236	 2.42	 1	 -41.7069	  174.3119
7.236	 2.62	 1	 -42.1289	  173.6173
7.242	 2.54	 1	 -42.1977	  173.4366
7.246	 3.29	 1	 -42.6317	  172.9583
7.248	 2.35	 1	 -41.7452	  174.0484
7.249	 2.60	 1	 -41.7945	  174.3404
7.249	 2.15	 1	 -43.1203	  172.7537
7.250	 2.28	 1	 -41.8189	  173.8325
7.253	 2.79	 1	 -42.6521	  173.0692
7.254	 2.31	 1	 -42.6346	  172.9579
7.258	 2.07	 1	 -42.3412	  173.4624
7.258	 2.72	 1	 -42.2332	  173.6999
7.265	 4.08	 1	 -42.1274	  173.6067
7.268	 2.74	 1	 -41.8136	  174.2468
7.272	 2.01	 1	 -42.2649	  173.7469
7.273	 2.22	 1	 -41.6830	  174.2943
7.273	 2.04	 1	 -42.5447	  173.1131
7.277	 2.01	 1	 -41.7207	  174.1883
7.278	 2.46	 1	 -42.2473	  173.6664
7.282	 2.31	 1	 -41.7974	  174.1858
7.288	 2.14	 1	 -42.5595	  172.8456
7.291	 2.09	 1	 -42.7164	  173.1815
7.292	 2.06	 2	 -41.6940	  174.3003
7.295	 2.58	 1	 -42.2895	  173.6826
7.295	 2.29	 1	 -41.7346	  174.0379
7.296	 2.37	 1	 -41.7270	  174.3678
7.297	 2.01	 1	 -42.1167	  172.9395
7.302	 2.88	 1	 -41.5689	  174.3091
7.304	 2.09	 1	 -41.7641	  174.2402
7.315	 2.02	 1	 -41.9722	  174.0814
7.317	 3.35	 1	 -42.2805	  173.7356
7.317	 3.55	 1	 -41.8981	  173.9551
7.322	 2.40	 1	 -42.5177	  173.8606
7.324	 2.94	 1	 -42.7385	  171.9331
7.332	 2.17	 1	 -42.1903	  173.8136
7.334	 2.30	 1	 -41.7408	  174.3123
7.335	 2.71	 1	 -42.6044	  173.1349
7.336	 2.61	 1	 -42.7309	  172.8692
7.337	 2.36	 1	 -42.2682	  173.6192
7.337	 4.69	 1	 -42.4871	  171.7695
7.338	 2.32	 1	 -42.2913	  173.6468
7.339	 2.25	 1	 -42.1612	  173.5206
7.340	 2.04	 1	 -41.6625	  174.2601
7.343	 2.81	 1	 -44.3199	  171.7886
7.350	 2.56	 1	 -42.7767	  172.9218
7.352	 2.45	 1	 -42.3381	  173.8181
7.353	 2.12	 1	 -42.7734	  172.9681
7.354	 2.68	 1	 -42.2839	  173.6870
7.364	 3.39	 1	 -41.7602	  174.4248
7.364	 2.34	 1	 -42.3156	  173.7871
7.367	 2.57	 1	 -41.7640	  174.2757
7.367	 2.66	 1	 -42.5400	  173.2770
7.375	 2.15	 1	 -42.0978	  174.2165
7.380	 2.25	 1	 -42.4596	  173.5668
7.380	 2.52	 1	 -42.1164	  173.6440
7.383	 2.32	 1	 -41.6927	  174.2724
7.389	 2.02	 1	 -42.1992	  173.7310
7.395	 2.07	 1	 -42.3323	  173.6702
7.397	 2.67	 1	 -42.1980	  173.5367
7.397	 2.13	 1	 -42.3523	  173.6209
7.398	 2.27	 1	 -42.5980	  173.0568
7.403	 2.25	 2	 -42.5602	  172.8608
7.406	 2.10	 1	 -42.5358	  173.0984
7.407	 2.27	 1	 -42.4374	  173.7932
7.409	 4.47	 1	 -42.1437	  173.5293
7.410	 2.06	 1	 -42.5710	  173.6232
7.412	 2.02	 1	 -42.4579	  173.0443
7.414	 2.33	 1	 -42.0696	  174.1732
7.414	 2.35	 1	 -42.2216	  173.6499
7.423	 2.43	 1	 -42.6937	  172.9415
7.423	 2.23	 1	 -42.6031	  174.0354
7.425	 2.29	 1	 -42.3225	  173.8186
7.429	 4.02	 1	 -42.2925	  173.5856
7.436	 2.41	 1	 -41.6779	  173.9634
7.437	 2.51	 1	 -42.5761	  173.5748
7.438	 2.67	 1	 -42.6197	  173.0966
7.438	 2.01	 1	 -41.7045	  174.2332
7.438	 2.01	 1	 -41.9968	  173.6541
7.448	 2.02	 1	 -42.3318	  173.5435
7.449	 2.61	 1	 -41.7750	  174.2404
7.453	 2.03	 1	 -42.6450	  172.8627
7.459	 2.58	 1	 -41.7746	  174.4185
7.463	 2.38	 1	 -42.3503	  173.5874
7.467	 2.01	 1	 -43.0115	  173.1475
7.467	 2.68	 2	 -42.6544	  172.8392
7.468	 2.26	 1	 -41.9549	  174.6268
7.476	 2.01	 1	 -42.0416	  173.5884
7.481	 2.39	 1	 -41.7967	  179.0566
7.482	 2.13	 1	 -42.1710	  173.6203
7.482	 2.67	 1	 -45.9188	  175.1981
7.489	 3.47	 1	 -41.7290	  174.3567
7.495	 2.25	 2	 -41.7234	  172.6944
7.495	 2.29	 1	 -41.7362	  174.0816
7.500	 2.29	 1	 -41.9754	  174.0600
7.501	 2.12	 1	 -42.3174	  173.8507
7.501	 2.41	 1	 -42.1217	  173.7535
7.505	 2.90	 1	 -42.2565	  173.6686
7.509	 3.32	 1	 -42.3721	  173.9289
7.513	 2.13	 1	 -42.3720	  172.7483
7.513	 2.64	 1	 -42.0621	  173.5132
7.513	 2.23	 1	 -42.7630	  172.8449
7.515	 2.02	 1	 -43.0878	  173.1146
7.516	 2.19	 1	 -42.7599	  173.2160
7.516	 2.71	 2	 -42.2837	  173.4879
7.517	 3.64	 1	 -41.7518	  174.1836
7.518	 2.27	 1	 -42.3262	  173.7593
7.519	 3.12	 1	 -42.5405	  174.0138
7.520	 2.76	 1	 -42.2632	  173.7779
7.520	 2.69	 1	 -42.6377	  172.9296
7.522	 2.61	 1	 -41.6776	  174.4301
7.523	 2.13	 1	 -42.2471	  173.9414
7.525	 2.13	 1	 -42.0497	  170.6085
7.536	 2.53	 1	 -41.9292	  173.7118
7.539	 2.95	 1	 -42.5180	  173.1850
7.540	 2.85	 1	 -42.5599	  173.0630
7.540	 2.38	 1	 -42.4954	  173.3451
7.541	 2.22	 2	 -41.6803	  174.2664
7.548	 2.04	 1	 -42.3702	  173.5222
7.548	 2.21	 1	 -42.3934	  174.0304
7.550	 2.63	 1	 -42.3268	  173.6223
7.551	 2.48	 1	 -42.0087	  173.7723
7.552	 2.36	 1	 -42.3368	  173.7413
7.555	 2.16	 1	 -41.7222	  174.1864
7.572	 2.25	 1	 -41.8474	  174.4530
7.574	 2.07	 1	 -41.7178	  174.3660
7.574	 2.26	 1	 -41.9799	  174.0399
7.577	 2.22	 2	 -42.1685	  173.6493
7.582	 2.02	 1	 -42.4035	  173.1790
7.589	 2.27	 1	 -42.3791	  173.2993
7.601	 3.12	 1	 -42.5972	  173.2332
7.604	 2.28	 1	 -41.8123	  174.1393
7.614	 2.03	 1	 -42.3072	  173.6334
7.617	 3.41	 1	 -41.6849	  174.2491
7.623	 2.19	 2	 -42.2210	  173.6767
7.623	 2.46	 1	 -42.1608	  173.6170
7.625	 2.40	 1	 -41.9521	  173.6468
7.627	 2.12	 1	 -42.5280	  173.1333
7.629	 2.75	 1	 -41.9152	  173.7117
7.633	 2.08	 1	 -42.6003	  173.5095
7.634	 2.05	 1	 -43.7448	  172.0681
7.642	 2.88	 1	 -42.1297	  174.0551
7.643	 2.26	 1	 -42.7026	  173.5339
7.649	 2.01	 1	 -42.4432	  173.1780
7.657	 2.27	 1	 -41.8439	  174.1687
7.661	 2.13	 1	 -42.4643	  172.6121
7.662	 2.69	 1	 -42.2471	  173.4685
7.668	 2.04	 1	 -41.7059	  174.2616
7.670	 2.16	 1	 -42.6047	  172.9138
7.676	 2.01	 1	 -42.1785	  173.3326
7.676	 2.36	 2	 -41.9061	  174.3251
7.677	 2.05	 1	 -41.9755	  173.4177
7.677	 2.88	 1	 -42.1073	  172.9053
7.680	 2.25	 1	 -42.1536	  173.6763
7.680	 3.38	 1	 -42.2553	  173.6219
7.688	 3.19	 1	 -42.3310	  173.5106
7.690	 2.24	 1	 -42.7523	  172.8176
7.696	 2.00	 1	 -42.4155	  173.7274
7.697	 2.50	 3	 -42.6436	  172.9026
7.708	 2.84	 1	 -41.8124	  174.2281
7.708	 2.27	 1	 -42.5895	  173.9293
7.708	 2.15	 1	 -42.0008	  174.0023
7.710	 3.52	 1	 -45.3115	  174.3132
7.717	 2.08	 1	 -42.3991	  173.8485
7.718	 2.32	 2	 -42.2402	  173.5520
7.727	 2.92	 1	 -41.6518	  172.8859
7.748	 2.35	 1	 -42.2631	  173.3906
7.751	 2.26	 1	 -42.6509	  172.8335
7.753	 2.13	 1	 -41.7077	  174.4061
7.755	 2.19	 1	 -41.7221	  174.4151
7.761	 2.11	 1	 -41.0910	  172.1528
7.763	 2.22	 1	 -42.4014	  173.8986
7.764	 2.00	 1	 -42.2262	  174.1591
7.764	 3.21	 1	 -42.5458	  173.1291
7.771	 2.09	 1	 -42.4873	  173.5137
7.774	 2.35	 1	 -42.5839	  173.1743
7.775	 4.53	 1	 -42.5268	  173.1735
7.779	 2.21	 1	 -42.8199	  173.0591
7.782	 2.17	 1	 -42.7099	  173.1050
7.784	 2.10	 1	 -42.4347	  173.6336
7.785	 2.31	 1	 -42.6880	  173.5219
7.791	 2.12	 1	 -42.4593	  173.1194
7.802	 2.33	 1	 -45.5780	  177.7143
7.803	 2.55	 2	 -41.7936	  174.0490
7.805	 2.05	 1	 -41.6764	  174.3324
7.811	 2.35	 1	 -41.4066	  174.9096
7.813	 2.04	 1	 -41.6799	  174.2761
7.814	 2.25	 1	 -42.8996	  173.0940
7.814	 2.17	 1	 -42.2225	  173.6205
7.815	 2.25	 1	 -42.5783	  172.8793
7.821	 2.24	 1	 -41.7724	  174.2697
7.825	 2.08	 1	 -42.1299	  173.0091
7.826	 2.16	 3	 -42.0847	  173.5119
7.833	 2.12	 3	 -42.1423	  173.8540
7.842	 2.52	 1	 -42.2186	  173.5427
7.852	 2.14	 1	 -42.1940	  174.3837
7.853	 2.46	 1	 -42.2297	  173.8341
7.862	 2.90	 2	 -41.7075	  173.8536
7.862	 2.19	 2	 -41.7605	  174.1824
7.862	 2.23	 1	 -42.3697	  173.9027
7.863	 2.41	 1	 -42.2532	  173.5358
7.865	 2.51	 1	 -43.0844	  173.2388
7.873	 2.30	 1	 -42.5942	  173.0547
7.876	 2.02	 1	 -41.6860	  174.2455
7.877	 3.40	 1	 -42.4090	  173.6794
7.882	 3.22	 1	 -42.6127	  172.9753
7.886	 3.83	 1	 -42.0421	  174.1112
7.888	 2.62	 1	 -42.6562	  172.8097
7.889	 2.35	 1	 -42.5258	  173.7828
7.892	 2.47	 1	 -42.3557	  174.0973
7.893	 2.47	 1	 -42.0616	  173.5862
7.896	 2.07	 1	 -42.3825	  172.9557
7.898	 2.89	 3	 -42.2048	  173.5318
7.899	 2.45	 1	 -42.7167	  172.9705
7.899	 2.38	 1	 -42.4476	  173.6240
7.902	 2.50	 1	 -42.3107	  173.6154
7.909	 2.05	 1	 -42.6107	  172.9995
7.914	 2.78	 1	 -42.3839	  173.1700
7.921	 2.72	 1	 -41.2981	  178.8384
7.923	 2.12	 4	 -42.7429	  172.7554
7.926	 2.26	 1	 -42.7025	  172.9107
7.927	 2.02	 1	 -41.7688	  174.2499
7.934	 2.40	 1	 -42.2678	  173.6087
7.937	 2.59	 1	 -38.9238	  171.8326
7.944	 2.09	 1	 -41.8755	  173.6705
7.944	 2.77	 1	 -42.2460	  173.7063
7.947	 2.62	 2	 -40.7182	  178.4022
7.948	 2.29	 1	 -42.2804	  173.0668
7.949	 2.06	 1	 -41.7075	  174.1986
7.956	 2.83	 1	 -41.9716	  174.1112
7.956	 2.10	 1	 -42.2737	  173.6625
7.961	 2.22	 1	 -41.9773	  173.7312
7.962	 2.49	 1	 -42.1837	  173.6083
7.965	 2.74	 1	 -42.6376	  172.9093
7.969	 2.42	 1	 -42.6340	  172.9037
7.975	 2.26	 1	 -43.0903	  173.2978
7.977	 2.55	 1	 -42.3136	  173.3998
7.980	 2.00	 1	 -43.0408	  173.4638
7.981	 2.17	 3	 -42.1858	  173.5427
7.981	 2.34	 2	 -42.0445	  172.5291
7.984	 2.11	 1	 -41.8945	  174.1491
7.986	 2.06	 1	 -42.4138	  173.9749
7.992	 2.14	 1	 -42.3209	  173.6561
7.993	 2.10	 1	 -41.8744	  174.1366
7.993	 2.32	 2	 -42.0237	  172.0922
7.994	 2.12	 1	 -42.6366	  172.9735
7.997	 2.06	 1	 -42.2639	  173.1507
8.000	 2.40	 1	 -42.3439	  173.8195
8.008	 2.28	 1	 -41.9597	  173.9842
8.010	 2.69	 1	 -41.7910	  174.2275
8.010	 3.12	 2	 -41.7305	  174.2904
8.010	 2.41	 1	 -42.1197	  174.7108
8.012	 2.31	 1	 -42.4632	  172.3394
8.012	 2.06	 2	 -42.6430	  173.0525
8.013	 2.64	 1	 -42.3326	  173.9822
8.015	 3.29	 1	 -42.3666	  173.6837
8.016	 2.19	 1	 -41.7807	  174.1835
8.017	 2.14	 1	 -42.8916	  173.1212
8.023	 2.64	 1	 -41.7796	  174.2417
8.030	 2.07	 1	 -42.4598	  173.0189
8.032	 2.54	 1	 -42.6908	  173.1103
8.033	 2.38	 1	 -42.4350	  172.9890
8.036	 2.10	 1	 -42.3569	  173.8761
8.039	 2.34	 1	 -42.6130	  173.0412
8.045	 2.32	 1	 -42.3461	  174.0867
8.046	 2.51	 1	 -42.0500	  173.7652
8.055	 2.17	 2	 -42.6453	  173.0485
8.063	 2.11	 3	 -42.2278	  173.5990
8.068	 2.08	 1	 -41.9938	  173.6765
8.069	 2.44	 1	 -42.6362	  172.8858
8.071	 2.13	 1	 -42.4341	  173.1842
8.076	 2.08	 1	 -42.4075	  173.7970
8.076	 2.74	 1	 -41.7343	  174.2428
8.084	 2.23	 1	 -42.1969	  173.6477
8.085	 2.03	 1	 -41.7191	  174.2711
8.099	 2.43	 1	 -41.7783	  174.2131
8.101	 2.33	 1	 -41.9414	  174.2316
8.103	 2.11	 1	 -41.7710	  174.1762
8.108	 2.73	 1	 -42.7107	  172.8563
8.112	 2.72	 1	 -42.0888	  168.2401
8.112	 2.89	 1	 -42.2025	  173.8523
8.118	 4.12	 2	 -42.4037	  173.5455
8.121	 3.12	 1	 -41.7191	  174.2446
8.127	 3.23	 1	 -39.0155	  176.5435
8.129	 2.81	 1	 -42.1453	  173.7379
8.131	 2.54	 1	 -42.2921	  173.2839
8.138	 2.01	 2	 -42.2123	  173.5476
8.141	 2.08	 1	 -42.0942	  173.7496
8.148	 2.13	 1	 -41.6912	  174.2543
8.149	 3.25	 1	 -42.2312	  173.6926
8.152	 2.20	 1	 -41.7511	  174.0030
8.157	 2.40	 1	 -41.4934	  173.6747
8.158	 2.61	 1	 -42.7262	  172.9119
8.163	 3.04	 1	 -42.1326	  173.6018
8.164	 2.11	 1	 -42.2703	  173.4644
8.167	 2.31	 1	 -42.8016	  172.8597
8.173	 2.02	 1	 -41.9902	  173.6164
8.176	 2.70	 1	 -41.7761	  174.2671
8.176	 2.30	 1	 -41.9763	  173.7826
8.178	 3.23	 1	 -42.4944	  173.0267
8.179	 2.14	 1	 -41.7099	  174.0999
8.180	 2.17	 2	 -42.1988	  173.6147
8.191	 2.93	 1	 -42.4235	  173.7406
8.191	 2.72	 1	 -42.2142	  173.5895
8.196	 2.08	 1	 -42.7321	  173.5114
8.198	 2.85	 1	 -42.4864	  173.1201
8.200	 2.59	 2	 -42.4808	  174.0904
8.204	 3.05	 1	 -42.4263	  173.7912
8.205	 2.03	 1	 -41.7012	  174.2855
8.210	 2.35	 1	 -41.9802	  173.8856
8.222	 2.05	 1	 -42.1436	  173.8242
8.230	 2.38	 1	 -41.7060	  174.2477
8.233	 2.33	 1	 -42.5781	  172.9963
8.234	 2.25	 1	 -42.1421	  173.7907
8.236	 2.78	 1	 -42.5803	  172.6019
8.237	 2.25	 1	 -42.2669	  173.6376
8.237	 2.59	 1	 -42.2648	  173.9012
8.238	 2.15	 1	 -41.7285	  174.2446
8.238	 2.06	 1	 -42.0270	  173.7117
8.240	 2.06	 1	 -42.0483	  173.6698
8.241	 2.09	 1	 -41.7603	  174.2649
8.241	 2.32	 1	 -42.1189	  173.8745
8.241	 2.02	 1	 -42.3005	  173.7211
8.243	 2.01	 1	 -42.2691	  174.1089
8.243	 2.03	 1	 -43.0886	  173.7287
8.245	 2.25	 1	 -41.9870	  174.2005
8.249	 2.56	 1	 -41.8539	  173.5986
8.252	 2.56	 1	 -41.9052	  173.6704
8.272	 2.18	 1	 -42.1582	  173.6838
8.272	 2.11	 1	 -42.8097	  172.9379
8.273	 2.02	 1	 -42.3287	  173.7873
8.277	 2.49	 1	 -41.9237	  173.7371
8.279	 2.04	 1	 -41.6537	  174.3234
8.279	 2.35	 1	 -42.8689	  173.0249
8.281	 2.11	 1	 -42.3160	  173.6838
8.291	 2.19	 1	 -41.9584	  174.2985
8.293	 3.00	 1	 -41.6516	  174.3111
8.296	 2.40	 1	 -42.5057	  173.3142
8.302	 5.59	 3	 -41.7964	  174.2900
8.306	 2.45	 1	 -42.2713	  174.2458
8.312	 2.06	 2	 -42.3957	  173.4100
8.312	 2.46	 2	 -42.4533	  173.0723
8.313	 2.20	 1	 -42.7028	  172.5760
8.317	 2.21	 1	 -42.0069	  174.3970
8.319	 2.22	 1	 -42.0015	  173.7528
8.320	 2.36	 1	 -42.6139	  174.5403
8.326	 2.83	 1	 -42.6177	  172.9666
8.332	 2.56	 1	 -42.4700	  173.9359
8.333	 2.27	 1	 -42.0039	  173.8606
8.339	 2.19	 1	 -42.2716	  173.8089
8.339	 2.45	 1	 -42.0360	  174.6426
8.341	 2.07	 1	 -42.8134	  173.1624
8.344	 2.41	 1	 -42.5472	  173.1082
8.350	 2.89	 2	 -42.4384	  173.9557
8.351	 2.41	 1	 -42.7027	  173.0190
8.354	 2.33	 1	 -41.9610	  173.6955
8.354	 2.03	 1	 -41.9877	  174.1070
8.356	 2.82	 1	 -42.9351	  172.2129
8.357	 3.90	 1	 -42.0232	  173.8366
8.363	 2.20	 1	 -42.6724	  173.0523
8.368	 2.05	 2	 -41.5830	  174.5309
8.372	 2.54	 1	 -42.6197	  172.9405
8.373	 2.09	 1	 -41.9375	  173.7111
8.376	 2.07	 1	 -42.2118	  173.6826
8.385	 2.29	 1	 -42.0143	  173.8604
8.388	 2.02	 1	 -41.6670	  174.0076
8.391	 2.40	 1	 -42.0225	  173.6797
8.398	 2.38	 1	 -42.0409	  173.6882
8.406	 2.72	 1	 -42.1438	  173.5428
8.410	 2.59	 1	 -42.1589	  173.8874
8.416	 2.26	 1	 -42.7186	  172.8721
8.424	 2.05	 1	 -41.8659	  174.1563
8.428	 2.29	 1	 -42.2755	  173.6669
8.434	 3.76	 2	 -42.2069	  173.9649
8.435	 2.26	 1	 -42.5175	  174.1849
8.443	 2.62	 1	 -42.6355	  172.8415
8.443	 2.01	 1	 -42.2175	  173.4597
8.454	 2.04	 1	 -42.0352	  173.7541
8.466	 2.30	 1	 -42.6257	  172.9032
8.467	 2.55	 1	 -42.3227	  173.4776
8.477	 2.57	 1	 -42.6148	  172.8956
8.483	 2.53	 1	 -42.2422	  173.6289
8.484	 2.47	 1	 -42.4203	  173.7589
8.490	 2.05	 1	 -41.9149	  173.4986
8.493	 2.24	 1	 -42.2402	  173.5686
8.505	 2.24	 1	 -41.8954	  173.8058
8.505	 2.27	 1	 -42.2947	  173.6399
8.509	 2.32	 1	 -41.9761	  173.8750
8.517	 2.06	 1	 -42.2089	  173.6427
8.520	 2.08	 1	 -41.0818	  172.5805
8.523	 2.75	 1	 -42.5258	  173.7921
8.544	 4.37	 1	 -41.8596	  174.0605
8.550	 2.46	 1	 -42.7128	  173.0615
8.550	 2.47	 1	 -42.4473	  173.3540
8.553	 2.23	 1	 -41.8007	  173.9459
8.567	 2.55	 1	 -42.1933	  173.4324
8.569	 2.15	 2	 -41.6966	  174.3141
8.574	 2.51	 1	 -42.5660	  173.2346
8.576	 2.38	 1	 -42.5941	  173.0357
8.578	 2.53	 1	 -42.7601	  173.0260
8.584	 2.19	 1	 -42.3975	  173.2241
8.591	 2.08	 1	 -42.2709	  173.6151
8.591	 2.19	 2	 -42.1590	  173.9770
8.592	 5.12	 1	 -41.7313	  174.2522
8.593	 3.11	 1	 -41.8182	  174.0835
8.602	 2.67	 1	 -42.3767	  173.9377
8.604	 3.62	 2	 -42.3364	  173.9412
8.605	 2.43	 1	 -42.0484	  173.7083
8.611	 3.51	 1	 -41.6941	  174.3819
8.612	 2.17	 2	 -41.7721	  174.6186
8.613	 2.31	 1	 -42.3007	  173.1258
8.615	 2.45	 1	 -41.8052	  174.2761
8.617	 2.24	 1	 -42.6016	  173.0189
8.618	 2.05	 1	 -42.1718	  173.6750
8.630	 2.45	 1	 -41.7211	  174.3422
8.633	 2.41	 1	 -42.1375	  173.5807
8.634	 2.11	 1	 -42.3178	  174.0724
8.634	 2.07	 1	 -42.2316	  173.6326
8.643	 2.27	 1	 -42.5461	  173.0729
8.649	 2.27	 1	 -42.2833	  173.7570
8.651	 2.52	 2	 -42.1343	  173.5901
8.656	 2.34	 1	 -42.5497	  173.1786
8.659	 2.02	 2	 -42.2970	  174.2697
8.662	 2.51	 1	 -42.3526	  173.8117
8.668	 2.29	 1	 -42.6766	  172.8825
8.671	 2.68	 1	 -41.7701	  174.2259
8.672	 2.26	 1	 -41.9269	  174.1804
8.683	 2.19	 1	 -42.5714	  173.2377
8.684	 2.56	 1	 -41.7683	  174.1789
8.689	 2.40	 2	 -42.4653	  173.0338
8.693	 2.04	 1	 -42.1121	  173.7114
8.702	 3.29	 1	 -41.7371	  174.2340
8.704	 2.21	 1	 -41.9469	  173.6955
8.706	 2.46	 1	 -41.8708	  173.9872
8.707	 2.03	 1	 -42.8719	  173.1820
8.708	 2.60	 1	 -42.6788	  173.0112
8.709	 2.20	 1	 -42.1484	  173.5613
8.711	 2.14	 2	 -42.2912	  173.5739
8.717	 2.34	 1	 -42.0742	  173.7868
8.720	 2.00	 1	 -42.4016	  173.8793
8.728	 3.07	 1	 -42.4002	  173.1897
8.728	 2.98	 1	 -42.3521	  173.0430
8.730	 2.12	 1	 -42.1140	  173.5315
8.733	 2.24	 1	 -43.0585	  172.9176
8.736	 2.05	 1	 -41.6570	  174.3500
8.737	 2.57	 1	 -42.4376	  173.1965
8.741	 2.40	 1	 -42.5576	  173.3557
8.750	 2.62	 1	 -42.7611	  173.1455
8.751	 2.04	 2	 -42.1105	  173.6182
8.754	 2.01	 1	 -42.8403	  172.7650
8.759	 2.36	 1	 -42.1247	  173.6482
8.761	 2.04	 1	 -41.6854	  174.2816
8.763	 2.24	 1	 -42.2357	  173.6293
8.764	 2.13	 1	 -42.2666	  173.5882
8.768	 2.09	 1	 -41.7153	  174.0318
8.770	 2.37	 1	 -41.7785	  174.2708
8.775	 2.17	 1	 -42.6812	  172.9282
8.778	 2.31	 3	 -42.1703	  173.5836
8.780	 2.18	 1	 -42.3431	  173.7341
8.781	 2.25	 1	 -42.3957	  172.9200
8.785	 2.91	 1	 -41.8472	  174.1877
8.786	 2.29	 1	 -42.3065	  173.7998
8.789	 2.05	 2	 -42.3543	  173.3054
8.795	 2.61	 1	 -41.7094	  174.2285
8.808	 2.72	 1	 -42.0139	  173.8212
8.809	 2.00	 1	 -42.1747	  173.6316
8.813	 2.12	 1	 -41.6280	  174.2172
8.814	 2.47	 1	 -41.8009	  174.2986
8.817	 2.06	 1	 -42.2001	  172.7258
8.824	 2.33	 1	 -42.4704	  173.3074
8.826	 2.11	 1	 -41.8242	  174.0805
8.830	 2.42	 1	 -42.6198	  172.8979
8.830	 2.13	 1	 -42.2711	  173.7999
8.832	 2.06	 1	 -42.5748	  173.0890
8.832	 2.79	 2	 -41.7673	  174.1503
8.844	 2.03	 1	 -42.0650	  173.4876
8.847	 2.45	 1	 -41.7292	  174.2687
8.848	 2.01	 1	 -41.8353	  174.5139
8.853	 2.74	 1	 -42.6316	  172.9096
8.854	 2.18	 1	 -42.3301	  173.6092
8.860	 2.97	 2	 -42.4512	  173.1208
8.860	 2.24	 1	 -42.2329	  173.9500
8.866	 2.10	 1	 -42.5240	  173.2434
8.867	 2.08	 2	 -41.8589	  174.2099
8.868	 2.17	 1	 -42.7064	  173.0761
8.868	 2.11	 1	 -42.2754	  173.9174
8.868	 2.70	 2	 -42.5524	  173.5297
8.872	 2.07	 1	 -42.0367	  173.5688
8.874	 2.76	 1	 -42.6680	  172.6790
8.878	 2.57	 1	 -41.9782	  174.6797
8.878	 2.15	 1	 -41.9503	  174.0472
8.878	 2.24	 1	 -42.6703	  172.7473
8.879	 2.74	 1	 -41.7060	  174.2249
8.885	 2.03	 1	 -42.5386	  173.2589
8.887	 2.97	 1	 -42.3314	  173.5411
8.889	 2.04	 1	 -41.7589	  174.2218
8.902	 2.74	 1	 -42.3935	  174.0632
8.902	 2.88	 1	 -41.7991	  174.2270
8.907	 2.12	 1	 -41.8127	  174.2221
8.915	 2.06	 1	 -42.4572	  173.6811
8.915	 2.45	 1	 -41.8147	  174.2092
8.919	 3.11	 1	 -42.3724	  173.0563
8.930	 2.25	 1	 -42.5475	  173.4740
8.932	 2.81	 1	 -41.8056	  174.3106
8.947	 2.21	 1	 -42.2927	  173.8102
8.950	 2.69	 1	 -41.8872	  174.0109
8.955	 2.03	 1	 -42.3999	  173.8121
8.957	 2.67	 1	 -41.6980	  174.2252
8.958	 2.06	 1	 -41.9627	  173.7073
8.959	 2.14	 1	 -42.2310	  173.7060
8.960	 2.20	 2	 -42.5325	  173.1817
8.961	 2.82	 1	 -41.7090	  174.2295
8.967	 2.05	 1	 -42.3035	  173.6886
8.968	 3.25	 1	 -41.8221	  174.5309
8.971	 2.19	 1	 -41.7631	  174.2575
8.972	 2.16	 1	 -42.2107	  173.7208
8.978	 2.00	 1	 -42.2690	  173.1694
8.983	 2.01	 1	 -41.7960	  174.2382
8.985	 2.10	 1	 -42.6951	  172.7496
8.991	 2.33	 1	 -42.0614	  173.6564
8.991	 2.28	 1	 -42.2865	  173.6210
8.993	 2.40	 1	 -42.1966	  173.5548
8.995	 2.35	 1	 -41.4587	  174.5323
8.996	 2.59	 3	 -41.9130	  173.6181
9.009	 2.36	 1	 -41.8223	  174.2017
9.013	 2.17	 1	 -42.6562	  172.3807
9.017	 2.02	 1	 -42.4151	  174.3611
9.020	 2.14	 1	 -41.9216	  174.3343
9.020	 2.03	 1	 -42.8027	  172.9620
9.023	 2.13	 4	 -41.7563	  173.9703
9.023	 2.21	 1	 -42.1387	  173.8019
9.027	 2.33	 1	 -39.6772	  173.2359
9.030	 2.17	 1	 -42.8981	  173.9004
9.038	 2.53	 1	 -41.6972	  174.2389
9.038	 2.45	 1	 -42.5797	  172.8224
9.039	 2.10	 1	 -42.5230	  173.4434
9.042	 2.08	 2	 -41.8291	  173.9759
9.045	 2.27	 1	 -42.0364	  179.0745
9.051	 2.82	 1	 -42.4265	  173.8260
9.057	 2.10	 1	 -42.5624	  173.1208
9.063	 2.21	 2	 -42.1663	  173.5098
9.063	 3.08	 1	 -42.1544	  173.3959
9.065	 2.03	 1	 -42.7946	  173.0178
9.075	 2.58	 1	 -41.7209	  174.2939
9.094	 3.19	 1	 -41.7229	  174.1231
9.096	 2.87	 1	 -41.7691	  173.7286
9.098	 2.29	 1	 -42.6683	  172.8711
9.099	 3.43	 1	 -41.8143	  179.6907
9.101	 3.01	 1	 -41.8287	  173.9572
9.104	 2.40	 2	 -42.1146	  173.6082
9.108	 2.35	 1	 -42.6495	  172.7589
9.108	 2.11	 1	 -41.9706	  173.7485
9.113	 2.13	 1	 -42.3944	  173.4885
9.117	 2.29	 1	 -41.9740	  174.6779
9.118	 2.54	 1	 -42.2826	  173.2658
9.124	 2.91	 2	 -41.7676	  174.1942
9.125	 2.74	 1	 -41.6783	  172.0949
9.131	 2.14	 1	 -42.2294	  173.5500
9.136	 2.05	 1	 -44.9029	  167.9532
9.136	 2.28	 1	 -42.4198	  173.2870
9.138	 2.83	 1	 -41.8851	  173.7088
9.139	 2.06	 1	 -42.5812	  172.9520
9.159	 2.30	 1	 -41.7260	  174.3573
9.161	 2.26	 1	 -42.6502	  173.6507
9.163	 2.63	 1	 -42.4138	  173.7244
9.179	 2.38	 1	 -42.2398	  173.6927
9.180	 2.07	 1	 -41.8412	  173.9174
9.187	 2.21	 1	 -42.1990	  173.3734
9.188	 2.06	 1	 -41.7381	  174.2605
9.195	 2.01	 1	 -42.7190	  173.0128
9.201	 2.35	 1	 -42.2978	  173.6715
9.206	 3.36	 1	 -42.2369	  174.1782
9.206	 3.06	 1	 -42.4169	  173.6820
9.207	 3.28	 1	 -42.4524	  173.2075
9.210	 2.31	 1	 -41.6796	  174.3404
9.212	 3.27	 1	 -42.7551	  172.9937
9.213	 2.69	 1	 -42.3435	  173.5085
9.214	 2.27	 1	 -41.9618	  173.7794
9.214	 2.31	 2	 -42.4488	  173.7442
9.215	 2.04	 1	 -41.6651	  173.7955
9.216	 2.27	 1	 -41.8996	  173.9607
9.218	 2.24	 1	 -42.3089	  173.5993
9.218	 2.02	 1	 -42.1850	  173.3886
9.218	 3.15	 1	 -42.2571	  173.5190
9.220	 2.23	 1	 -42.6374	  172.8014
9.239	 3.38	 1	 -41.7238	  174.2799
9.248	 2.16	 1	 -41.6296	  175.0320
9.252	 2.51	 1	 -42.1178	  173.8015
9.260	 2.44	 1	 -41.6729	  174.2760
9.262	 2.29	 1	 -41.7233	  174.4336
9.264	 3.00	 1	 -43.4768	  174.7794
9.268	 2.14	 1	 -42.1531	  172.9970
9.273	 2.84	 1	 -41.9953	  173.6299
9.279	 3.06	 2	 -41.7904	  174.2139
9.284	 2.02	 1	 -41.6471	  174.3746
9.291	 4.12	 1	 -42.0103	  173.6959
9.291	 2.19	 1	 -42.1588	  173.8250
9.293	 2.34	 1	 -41.9713	  173.7180
9.298	 2.65	 1	 -42.0406	  173.8381
9.302	 2.96	 1	 -42.1666	  173.7078
9.302	 2.54	 2	 -42.4535	  173.0830
9.304	 2.01	 1	 -42.7080	  172.8397
9.310	 2.63	 1	 -42.4397	  173.8947
9.318	 3.54	 1	 -42.7179	  172.8256
9.322	 2.06	 1	 -42.4714	  173.2794
9.326	 2.34	 1	 -42.2171	  173.5266
9.327	 2.23	 1	 -42.9028	  172.8757
9.335	 2.02	 1	 -41.8126	  173.9324
9.338	 2.59	 1	 -42.6771	  172.8849
9.340	 2.01	 1	 -41.7970	  174.2836
9.342	 2.57	 1	 -42.2915	  173.7160
9.343	 2.99	 2	 -42.3249	  174.0770
9.347	 2.04	 1	 -42.1874	  173.6154
9.349	 2.15	 1	 -42.6716	  172.8310
9.351	 3.37	 1	 -41.6938	  174.2698
9.353	 2.77	 1	 -42.3803	  173.9122
9.355	 2.91	 1	 -41.9587	  174.0454
9.362	 2.06	 1	 -42.0682	  174.1604
9.368	 2.44	 1	 -41.9867	  174.2739
9.370	 2.04	 1	 -41.9169	  173.8845
9.373	 2.37	 1	 -42.4202	  172.5587
9.378	 2.44	 1	 -42.6301	  173.8987
9.379	 2.50	 1	 -41.9417	  174.1377
9.386	 2.56	 1	 -41.8965	  174.0135
9.395	 2.02	 1	 -41.7305	  174.4527
9.400	 2.35	 1	 -41.9148	  173.9054
9.403	 2.22	 1	 -42.6575	  172.8663
9.415	 2.72	 1	 -42.2718	  173.5845
9.420	 2.04	 1	 -41.6827	  173.9056
9.422	 2.04	 1	 -42.7405	  173.0948
9.427	 2.99	 1	 -42.7214	  172.2281
9.433	 2.37	 1	 -42.2567	  173.7467
9.437	 2.23	 3	 -42.3995	  173.7477
9.444	 2.78	 2	 -41.8062	  174.2833
9.445	 2.04	 1	 -42.7169	  172.8538
9.462	 3.34	 1	 -42.0021	  173.6735
9.464	 2.57	 1	 -42.6506	  172.7748
9.471	 2.25	 1	 -42.2022	  173.1854
9.475	 2.15	 1	 -41.6611	  174.1523
9.475	 2.02	 1	 -42.6786	  173.1118
9.476	 2.39	 1	 -42.2959	  173.6998
9.476	 2.33	 1	 -42.1939	  173.4366
9.486	 2.61	 1	 -42.3862	  173.8842
9.492	 2.07	 1	 -41.7142	  174.2408
9.495	 2.19	 2	 -44.6657	  174.3983
9.519	 2.61	 1	 -42.1400	  173.6108
9.524	 2.03	 1	 -41.7266	  174.2305
9.525	 2.43	 1	 -41.8673	  174.1876
9.528	 2.19	 1	 -42.0857	  173.3325
9.533	 2.25	 1	 -42.3514	  173.7235
9.536	 2.38	 1	 -41.8351	  173.8908
9.536	 3.52	 1	 -42.5097	  173.2401
9.539	 3.01	 2	 -41.8272	  174.3184
9.543	 2.18	 1	 -42.3428	  174.0233
9.543	 2.08	 1	 -42.2596	  173.7192
9.546	 2.36	 1	 -42.2798	  173.8107
9.547	 2.73	 1	 -42.0217	  173.7043
9.551	 2.31	 1	 -42.6245	  173.0289
9.560	 2.09	 1	 -42.1877	  173.5947
9.564	 2.55	 1	 -41.7184	  174.2909
9.585	 2.11	 1	 -42.6884	  172.8329
9.595	 2.55	 1	 -42.3664	  173.5825
9.597	 2.05	 1	 -41.9528	  173.6273
9.600	 2.70	 1	 -41.8269	  174.1140
9.601	 2.93	 1	 -42.4422	  172.7909
9.607	 2.03	 1	 -42.3573	  173.5256
9.607	 2.05	 1	 -42.0102	  173.5872
9.620	 2.96	 1	 -42.3057	  173.5576
9.625	 2.33	 1	 -42.6337	  173.0139
9.637	 2.51	 1	 -41.5600	  174.4324
9.650	 2.13	 1	 -42.4276	  173.2056
9.655	 2.20	 1	 -41.8219	  172.3819
9.658	 2.88	 1	 -41.6751	  174.3005
9.663	 2.21	 1	 -42.6574	  172.7895
9.666	 2.86	 1	 -41.2414	  169.1542
9.672	 2.42	 1	 -41.9311	  173.7973
9.676	 2.52	 1	 -42.3629	  174.0202
9.681	 4.42	 1	 -42.2131	  173.6349
9.687	 2.67	 1	 -41.6383	  174.0332
9.693	 2.26	 1	 -42.2362	  173.6508
9.696	 2.22	 1	 -42.1037	  172.8837
9.699	 3.25	 1	 -42.2138	  173.6712
9.707	 2.46	 1	 -41.9639	  173.6407
9.714	 2.41	 1	 -41.9185	  173.8457
9.724	 2.28	 1	 -42.7460	  173.3427
9.725	 2.24	 1	 -43.0591	  172.5618
9.730	 2.46	 1	 -41.9657	  173.7016
9.742	 2.05	 1	 -42.6749	  173.2641
9.745	 2.15	 1	 -41.6491	  174.2741
9.753	 2.45	 1	 -42.3970	  173.8086
9.765	 2.61	 1	 -42.0942	  172.9018
9.765	 2.59	 1	 -43.2299	  174.0266
9.766	 2.83	 2	 -42.5665	  173.8274
9.769	 2.22	 1	 -42.4631	  173.8186
9.775	 2.37	 1	 -42.2128	  173.2286
9.775	 2.55	 1	 -42.2108	  173.1861
9.783	 2.89	 1	 -42.5804	  173.0370
9.785	 2.09	 1	 -42.0149	  173.6907
9.796	 2.05	 1	 -42.2582	  173.5583
9.797	 2.32	 1	 -41.9066	  174.0834
9.808	 2.02	 1	 -42.0735	  174.3223
9.810	 2.16	 1	 -42.0782	  174.5686
9.819	 3.76	 1	 -42.5851	  173.0604
9.825	 2.41	 1	 -41.9746	  174.0499
9.831	 2.23	 1	 -42.2802	  173.7265
9.832	 2.86	 1	 -42.2838	  173.6154
9.834	 2.20	 1	 -41.7207	  174.2641
9.849	 2.78	 1	 -41.7892	  174.2427
9.856	 2.45	 1	 -42.5193	  173.8419
9.858	 3.04	 2	 -42.5615	  173.0059
9.858	 2.05	 1	 -41.6238	  173.8284
9.859	 4.48	 1	 -41.6971	  174.2027
9.862	 2.12	 1	 -41.7104	  174.3006
9.872	 2.00	 1	 -41.9408	  173.7333
9.874	 2.68	 1	 -42.3211	  173.0315
9.876	 2.82	 1	 -43.4591	  172.7173
9.878	 2.23	 1	 -41.8325	  173.8944
9.880	 2.12	 1	 -41.8116	  174.1682
9.881	 2.76	 1	 -42.4414	  172.9255
9.884	 3.93	 1	 -42.4736	  173.9100
9.890	 2.29	 1	 -41.8082	  174.0477
9.892	 2.01	 1	 -42.7297	  173.2212
9.894	 2.25	 1	 -42.4818	  173.1193
9.896	 2.02	 1	 -42.0340	  173.8331
9.921	 2.76	 2	 -42.7027	  172.9349
9.922	 2.15	 1	 -42.1087	  173.8220
9.924	 2.02	 2	 -41.8009	  174.0889
9.927	 2.71	 1	 -42.3578	  173.6189
9.930	 2.37	 1	 -42.5271	  173.0232
9.946	 2.71	 1	 -42.6705	  173.0229
9.963	 2.01	 1	 -42.5221	  173.8583
9.973	 2.40	 1	 -41.9094	  173.4094
9.974	 2.54	 1	 -42.4689	  173.1479
9.985	 2.06	 1	 -41.8845	  173.6122
9.987	 2.11	 1	 -42.1907	  173.5554
9.987	 2.08	 1	 -43.0609	  173.1510
9.990	 2.15	 1	 -42.0547	  173.9096
9.998	 2.07	 1	 -41.7880	  174.2896
10.006	 2.12	 1	 -42.2716	  173.0466
10.009	 2.26	 1	 -42.3285	  173.6042
10.011	 2.42	 1	 -41.8187	  174.3626
10.012	 2.41	 1	 -41.6751	  174.2726
10.013	 2.24	 1	 -42.1086	  172.8693
10.014	 2.21	 1	 -42.5781	  173.1440
10.016	 2.55	 1	 -42.1964	  173.6633
10.018	 2.24	 1	 -42.8487	  173.9357
10.021	 2.29	 1	 -42.0067	  173.6760
10.023	 2.66	 2	 -41.7590	  174.3271
10.027	 2.28	 1	 -42.1260	  173.6810
10.028	 2.05	 1	 -42.2913	  173.9768
10.034	 2.66	 1	 -42.5309	  173.1738
10.038	 2.22	 1	 -41.7920	  174.2318
10.049	 2.04	 1	 -42.4572	  173.3651
10.060	 2.80	 1	 -42.0570	  173.7281
10.061	 2.40	 1	 -42.1568	  173.8163
10.079	 2.01	 1	 -42.2598	  173.6154
10.080	 2.02	 1	 -42.2137	  172.9241
10.081	 2.42	 1	 -41.9959	  173.6618
10.084	 3.45	 1	 -42.1456	  173.6751
10.085	 3.93	 1	 -42.1819	  173.8393
10.087	 2.52	 1	 -42.4470	  173.2033
10.098	 2.28	 1	 -41.6369	  174.5048
10.102	 2.19	 1	 -41.7958	  174.0014
10.102	 2.23	 1	 -41.6698	  174.1479
10.107	 2.19	 1	 -42.3298	  174.1087
10.115	 2.16	 1	 -41.8517	  174.1405
10.122	 2.61	 1	 -41.9798	  173.7329
10.123	 2.03	 1	 -42.6471	  173.0741
10.126	 2.55	 2	 -42.1356	  173.8947
10.127	 2.24	 1	 -42.3314	  173.7245
10.130	 2.40	 2	 -41.8144	  174.4048
10.136	 2.16	 1	 -42.6514	  174.2071
10.140	 3.58	 1	 -42.9976	  173.6630
10.146	 3.27	 1	 -42.3468	  173.8981
10.153	 2.30	 1	 -41.7823	  173.9775
10.154	 2.61	 1	 -42.4967	  173.7632
10.166	 2.03	 1	 -41.7144	  174.2789
10.167	 3.16	 1	 -42.4875	  173.2719
10.168	 2.14	 1	 -41.9255	  174.0598
10.168	 2.24	 1	 -42.3102	  173.4937
10.171	 2.11	 1	 -42.0203	  173.7905
10.181	 2.04	 1	 -42.6273	  172.9992
10.186	 3.43	 1	 -42.5013	  173.0592
10.197	 2.20	 1	 -42.0790	  172.8648
10.200	 3.23	 1	 -41.8231	  174.1786
10.206	 2.11	 2	 -42.4548	  173.2914
10.209	 3.71	 1	 -41.8510	  174.0489
10.210	 2.03	 1	 -41.8152	  173.9264
10.216	 2.47	 1	 -41.7536	  174.2836
10.221	 2.07	 2	 -42.4751	  173.6617
10.231	 2.02	 1	 -41.1996	  173.0219
10.231	 2.60	 1	 -42.4498	  173.0727
10.236	 2.42	 1	 -42.6578	  172.9945
10.241	 2.58	 1	 -43.3468	  176.0370
10.244	 2.49	 1	 -42.2031	  173.5737
10.247	 3.23	 1	 -42.2685	  173.6127
10.254	 2.07	 1	 -42.7977	  173.0060
10.255	 2.55	 1	 -42.4603	  172.4790
10.285	 2.06	 1	 -41.6898	  174.3279
10.295	 2.40	 1	 -42.0394	  173.7354
10.303	 2.55	 1	 -42.3438	  174.0674
10.303	 2.38	 1	 -42.2188	  173.7592
10.303	 2.72	 1	 -41.7525	  174.2543
10.306	 2.37	 1	 -42.0394	  173.8055
10.307	 2.12	 1	 -42.2730	  173.6949
10.312	 2.85	 1	 -42.2990	  173.6527
10.316	 2.26	 1	 -42.0892	  173.1927
10.318	 3.17	 2	 -42.4428	  173.1937
10.326	 2.09	 1	 -42.7501	  172.6623
10.327	 3.21	 1	 -42.7363	  173.9174
10.328	 2.00	 1	 -42.0994	  173.7124
10.328	 2.63	 1	 -41.3730	  173.5376
10.329	 2.14	 1	 -41.6888	  174.2828
10.329	 2.22	 1	 -41.7964	  174.2317
10.330	 2.50	 2	 -42.7442	  174.4401
10.336	 2.67	 1	 -42.1958	  173.6948
10.344	 2.19	 1	 -42.1628	  173.5849
10.348	 2.28	 1	 -42.2916	  173.9439
10.348	 2.32	 1	 -42.4772	  173.8394
10.365	 2.80	 1	 -42.2643	  173.6587
10.372	 2.67	 1	 -42.3431	  172.6330
10.374	 2.25	 1	 -41.7339	  174.2822
10.381	 2.03	 1	 -42.2536	  173.6840
10.382	 2.38	 1	 -42.4277	  173.3060
10.386	 2.42	 1	 -43.8246	  173.4934
10.387	 2.44	 3	 -42.1124	  173.9692
10.392	 2.01	 1	 -42.2174	  173.7685
10.394	 2.37	 1	 -42.2784	  173.5067
10.401	 2.01	 1	 -41.8301	  173.9705
10.403	 2.03	 1	 -42.1299	  173.6054
10.404	 3.18	 1	 -42.0782	  174.2005
10.404	 2.24	 2	 -42.5508	  173.1275
10.408	 2.49	 2	 -42.4412	  173.7912
10.410	 2.28	 1	 -42.4822	  173.1154
10.414	 2.82	 1	 -42.8733	  174.0436
10.417	 2.18	 1	 -42.3653	  173.7943
10.417	 2.15	 1	 -42.2198	  173.6556
10.444	 2.25	 1	 -42.6668	  173.9691
10.448	 2.09	 1	 -41.6876	  174.3427
10.449	 3.57	 1	 -42.5090	  173.0857
10.451	 2.56	 1	 -41.7389	  174.1637
10.452	 2.33	 1	 -41.8241	  174.3901
10.456	 2.53	 1	 -42.5514	  173.5682
10.457	 2.46	 1	 -41.7014	  174.3903
10.461	 2.18	 1	 -42.2695	  173.4936
10.463	 2.57	 1	 -42.3698	  174.0280
10.464	 3.09	 1	 -42.2861	  173.9261
10.475	 2.33	 1	 -42.0983	  174.0040
10.488	 2.28	 1	 -42.1948	  173.8833
10.498	 2.09	 1	 -42.0662	  172.9448
10.498	 2.31	 1	 -42.4651	  173.2367
10.501	 2.11	 1	 -42.3157	  173.9047
10.530	 2.31	 1	 -41.7704	  173.8011
10.542	 2.23	 1	 -42.1838	  173.7689
10.553	 3.03	 1	 -41.7930	  174.1578
10.556	 2.48	 1	 -41.9731	  173.7782
10.561	 2.16	 1	 -41.6166	  174.1498
10.569	 2.16	 1	 -42.7017	  173.2724
10.580	 2.62	 1	 -41.8703	  174.3150
10.580	 4.05	 1	 -42.4190	  173.4873
10.583	 2.33	 1	 -42.2633	  173.5219
10.592	 2.14	 1	 -42.7485	  173.4144
10.592	 2.20	 1	 -42.2724	  173.5907
10.595	 3.00	 1	 -42.3367	  173.7679
10.614	 2.29	 1	 -41.8235	  174.0100
10.620	 2.27	 1	 -42.5942	  173.8107
10.627	 2.08	 1	 -41.9884	  174.1135
10.627	 2.65	 1	 -42.6856	  173.0619
10.629	 2.21	 2	 -41.6764	  174.3848
10.630	 2.29	 1	 -42.0448	  173.6795
10.632	 2.55	 1	 -41.6936	  174.2990
10.649	 2.52	 1	 -42.1308	  173.4728
10.649	 2.57	 1	 -41.7356	  174.3360
10.651	 2.26	 1	 -41.8447	  173.7112
10.654	 2.03	 1	 -42.3755	  173.7221
10.658	 2.06	 1	 -42.2940	  174.5134
10.665	 2.61	 1	 -44.2145	  172.5933
10.671	 2.40	 1	 -42.2718	  173.6045
10.673	 2.90	 1	 -41.6519	  174.3677
10.674	 2.09	 1	 -42.6325	  173.9356
10.674	 2.10	 1	 -42.1348	  174.0769
10.684	 2.13	 1	 -42.1351	  173.8841
10.688	 2.01	 1	 -42.0867	  173.6966
10.690	 2.74	 1	 -42.4498	  173.2625
10.695	 2.27	 1	 -42.2631	  173.3722
10.703	 2.18	 1	 -41.8155	  174.1899
10.708	 2.02	 1	 -41.7024	  173.6143
10.715	 2.24	 1	 -42.6423	  173.0998
10.717	 2.27	 1	 -42.3193	  173.6872
10.728	 3.12	 1	 -41.7955	  174.3892
10.728	 2.14	 1	 -42.3107	  173.8418
10.738	 2.70	 1	 -42.4099	  173.6174
10.743	 2.55	 1	 -42.2682	  174.1794
10.749	 2.00	 1	 -42.4592	  173.2062
10.766	 2.14	 1	 -42.6349	  172.8396
10.766	 2.05	 1	 -41.5297	  174.0686
10.766	 2.86	 1	 -42.2056	  173.6844
10.766	 2.48	 1	 -41.7177	  173.7774
10.767	 2.41	 1	 -42.4367	  173.7514
10.770	 3.29	 1	 -43.0510	  173.9637
10.772	 2.19	 1	 -41.9178	  173.5851
10.775	 2.68	 1	 -42.4520	  173.8226
10.778	 2.19	 1	 -42.6956	  172.9556
10.785	 2.66	 1	 -41.8763	  173.9915
10.790	 2.30	 1	 -42.1836	  173.5124
10.791	 4.06	 1	 -41.6433	  173.9701
10.793	 2.63	 1	 -42.3569	  173.6803
10.804	 2.11	 1	 -41.6709	  174.2769
10.819	 2.41	 1	 -41.6362	  174.1300
10.826	 2.16	 1	 -42.6477	  172.6685
10.832	 3.23	 2	 -41.7206	  173.8482
10.857	 2.13	 1	 -42.4892	  173.3232
10.867	 2.25	 1	 -42.5269	  173.7864
10.875	 2.61	 1	 -41.9755	  173.9646
10.883	 2.04	 1	 -42.3860	  173.0513
10.887	 2.39	 1	 -41.8191	  174.4937
10.889	 2.94	 1	 -41.8107	  174.0720
10.897	 2.99	 1	 -42.0135	  173.6459
10.898	 3.63	 1	 -42.5556	  174.0160
10.899	 2.08	 1	 -41.7187	  173.7428
10.905	 2.07	 1	 -42.3610	  173.9568
10.906	 2.60	 1	 -42.4681	  173.8057
10.907	 2.65	 1	 -42.6975	  173.5455
10.911	 2.99	 1	 -42.6025	  173.0989
10.916	 2.25	 2	 -42.4473	  173.1130
10.917	 2.62	 1	 -42.1057	  173.5815
10.919	 2.57	 1	 -42.5305	  173.1444
10.919	 2.02	 1	 -42.5405	  173.0550
10.921	 2.02	 1	 -42.6760	  172.6718
10.928	 2.32	 1	 -41.6450	  174.2215
10.932	 2.10	 1	 -42.5450	  173.7620
10.933	 2.15	 1	 -42.4586	  173.1642
10.936	 2.38	 2	 -42.8583	  173.1750
10.939	 2.17	 1	 -42.4998	  173.0022
10.940	 2.15	 1	 -42.4955	  173.9118
10.953	 2.07	 1	 -42.6615	  172.8514
10.957	 2.54	 1	 -42.5162	  172.9080
10.964	 2.37	 1	 -42.6169	  173.0209
10.968	 2.47	 1	 -42.3878	  173.7569
10.976	 3.15	 1	 -42.0672	  173.7264
10.987	 2.30	 1	 -42.2091	  173.7698
10.988	 2.25	 1	 -41.6873	  174.3104
10.988	 2.07	 1	 -42.1993	  173.7128
10.998	 2.01	 1	 -42.3681	  173.5179
11.005	 3.15	 1	 -41.5697	  173.6598
11.006	 2.29	 1	 -42.4604	  173.9140
11.014	 2.12	 1	 -42.9114	  174.4994
11.018	 2.24	 1	 -42.6283	  172.7609
11.024	 3.14	 1	 -42.4073	  173.8868
11.028	 2.18	 1	 -42.0951	  173.9780
11.033	 2.02	 1	 -41.8118	  174.0193
11.034	 3.41	 1	 -42.2397	  173.9581
11.039	 2.96	 3	 -41.7420	  173.4743
11.049	 3.04	 1	 -41.8879	  173.7699
11.059	 3.24	 2	 -42.0445	  173.3821
11.078	 2.32	 1	 -42.3837	  173.7916
11.081	 2.18	 2	 -41.6845	  174.2998
11.083	 2.21	 1	 -42.6479	  173.2022
11.089	 2.10	 1	 -41.8328	  174.2045
11.092	 2.56	 1	 -42.1901	  173.7662
11.097	 3.84	 1	 -42.9242	  172.8226
11.099	 2.27	 2	 -42.6795	  172.9195
11.104	 2.29	 1	 -42.2269	  173.4224
11.110	 2.36	 1	 -41.6973	  172.8872
11.110	 2.78	 1	 -42.2085	  173.3946
11.115	 2.08	 1	 -42.4790	  173.7061
11.116	 2.13	 1	 -42.1991	  173.5538
11.121	 2.63	 1	 -42.2195	  173.5687
11.138	 2.17	 1	 -47.0094	  171.3098
11.139	 2.36	 1	 -41.7677	  174.2805
11.146	 2.63	 1	 -42.6783	  172.4434
11.153	 2.42	 1	 -41.6986	  174.2520
11.161	 2.79	 1	 -42.8288	  173.0128
11.169	 2.75	 1	 -42.5136	  173.3774
11.175	 2.26	 1	 -42.7249	  172.2224
11.179	 2.45	 1	 -41.7278	  174.2610
11.188	 2.37	 1	 -41.7677	  174.4000
11.193	 2.45	 1	 -42.5963	  172.8004
11.194	 2.45	 1	 -41.9570	  173.7845
11.202	 2.02	 1	 -41.8163	  174.3550
11.203	 2.47	 1	 -42.5697	  173.2882
11.204	 3.54	 1	 -42.4254	  173.9997
11.209	 4.19	 1	 -41.3700	  173.7210
11.217	 2.87	 1	 -43.3394	  173.0767
11.226	 2.32	 1	 -42.3453	  173.6530
11.228	 2.42	 1	 -41.9811	  173.8900
11.233	 2.19	 1	 -41.7628	  174.2257
11.237	 2.87	 1	 -42.5510	  173.0734
11.253	 2.10	 1	 -41.8383	  174.1792
11.262	 2.01	 1	 -42.1795	  173.7569
11.268	 2.86	 1	 -41.7368	  174.4509
11.269	 3.25	 1	 -42.2838	  174.1938
11.270	 2.68	 1	 -41.8194	  174.2839
11.277	 2.33	 1	 -42.3728	  173.5195
11.281	 2.51	 1	 -42.2425	  173.4957
11.286	 2.02	 1	 -42.3885	  173.7799
11.289	 2.20	 1	 -41.8267	  174.2318
11.290	 4.50	 1	 -42.5870	  173.0105
11.295	 2.42	 1	 -42.6771	  173.0072
11.300	 2.60	 1	 -42.4994	  173.0869
11.302	 2.56	 1	 -42.3652	  173.7597
11.309	 2.92	 2	 -42.5164	  173.7961
11.315	 2.26	 1	 -42.1701	  173.6496
11.319	 2.03	 1	 -41.8172	  174.1900
11.321	 3.16	 1	 -43.7134	  173.0985
11.327	 2.14	 1	 -41.8355	  173.8699
11.328	 2.17	 1	 -42.5249	  173.6018
11.329	 2.34	 1	 -41.7731	  173.4404
11.329	 2.03	 1	 -41.9331	  173.5943
11.335	 2.16	 1	 -42.3232	  173.6314
11.337	 2.55	 2	 -42.5506	  173.8195
11.339	 2.46	 2	 -42.4518	  173.8940
11.341	 2.31	 1	 -41.8571	  174.5663
11.343	 2.32	 1	 -42.1710	  173.5364
11.344	 2.44	 1	 -42.5011	  173.4999
11.362	 2.03	 2	 -42.5610	  173.7685
11.365	 2.26	 1	 -41.8020	  174.1669
11.371	 2.80	 1	 -42.3406	  173.7533
11.372	 2.17	 1	 -41.8498	  174.1727
11.377	 2.43	 1	 -41.7096	  174.2662
11.380	 2.98	 2	 -42.7473	  173.0382
11.384	 2.37	 1	 -42.5961	  172.8497
11.394	 3.12	 1	 -42.6088	  172.9138
11.406	 3.01	 1	 -41.7405	  174.2064
11.410	 3.75	 2	 -42.2843	  173.7558
11.414	 2.15	 1	 -42.3660	  173.5699
11.425	 2.37	 1	 -42.7365	  173.8606
11.440	 2.33	 1	 -42.1823	  173.6063
11.447	 2.81	 1	 -42.0617	  173.4228
11.452	 2.48	 1	 -42.5415	  173.7647
11.456	 2.45	 1	 -40.7843	  172.9086
11.458	 2.25	 1	 -42.7123	  173.2354
11.458	 2.72	 1	 -42.1494	  173.4737
11.460	 3.35	 1	 -42.8720	  173.2489
11.463	 2.78	 1	 -42.0749	  173.8151
11.463	 2.72	 1	 -42.2780	  173.4942
11.467	 3.02	 1	 -41.7679	  174.2669
11.471	 2.54	 1	 -42.2983	  173.8257
11.471	 2.37	 1	 -42.1718	  173.6964
11.474	 2.37	 1	 -42.2341	  173.2813
11.476	 2.98	 1	 -42.6151	  172.8600
11.486	 2.30	 2	 -42.5283	  173.7712
11.502	 2.17	 1	 -41.9599	  173.4894
11.504	 2.41	 1	 -42.8535	  173.0737
11.505	 2.69	 1	 -42.5544	  172.0977
11.509	 2.34	 1	 -42.3266	  174.0553
11.513	 2.55	 2	 -42.5420	  173.8366
11.513	 2.49	 2	 -42.4492	  173.2927
11.515	 2.23	 1	 -42.4150	  173.5302
11.517	 2.04	 1	 -42.3526	  174.0751
11.519	 2.67	 1	 -42.3263	  173.8878
11.522	 2.10	 1	 -41.6569	  174.2264
11.535	 2.21	 1	 -41.6447	  174.2962
11.537	 2.06	 1	 -41.6449	  174.3752
11.544	 2.19	 1	 -42.2439	  173.7358
11.557	 2.21	 1	 -41.5919	  174.1394
11.573	 2.46	 1	 -42.4149	  173.8691
11.580	 2.73	 1	 -42.1283	  172.1468
11.581	 3.05	 1	 -42.5080	  173.0985
11.583	 2.03	 1	 -41.8195	  174.3134
11.584	 2.15	 1	 -41.7571	  174.2064
11.590	 2.14	 1	 -41.7481	  174.2661
11.591	 2.18	 1	 -42.1393	  173.6823
11.594	 2.79	 1	 -42.3850	  173.5522
11.595	 2.16	 1	 -42.5796	  173.0167
11.603	 2.08	 1	 -42.3273	  174.0528
11.608	 2.29	 1	 -41.8436	  174.2130
11.624	 2.58	 1	 -41.9306	  175.4115
11.626	 2.20	 1	 -42.6118	  173.1691
11.630	 3.35	 1	 -42.1248	  173.8095
11.633	 2.22	 1	 -42.6076	  172.9043
11.651	 2.17	 1	 -42.1259	  173.7083
11.657	 2.47	 1	 -42.1957	  174.1660
11.660	 2.73	 1	 -41.9035	  173.8870
11.665	 2.52	 1	 -42.7419	  173.1219
11.666	 2.39	 1	 -42.2668	  173.5501
11.667	 2.05	 2	 -41.6919	  173.1983
11.677	 2.20	 1	 -42.7581	  172.9653
11.682	 2.68	 1	 -42.0103	  173.6817
11.690	 3.15	 1	 -41.8468	  173.8180
11.692	 2.03	 1	 -42.3979	  173.5803
11.698	 2.13	 2	 -41.8719	  174.1434
11.699	 3.04	 1	 -41.6239	  173.5488
11.701	 2.27	 1	 -42.3208	  173.9018
11.703	 2.73	 1	 -42.6246	  173.0993
11.719	 2.68	 1	 -42.8589	  173.0106
11.724	 2.45	 1	 -43.3928	  171.6275
11.769	 3.05	 1	 -42.0130	  174.0442
11.778	 2.38	 1	 -41.7228	  174.3007
11.783	 2.55	 1	 -42.3849	  174.0395
11.792	 2.11	 2	 -41.1094	  175.2652
11.795	 2.47	 1	 -42.4406	  173.5353
11.802	 2.14	 1	 -42.2948	  173.9953
11.808	 2.41	 1	 -42.3788	  173.9953
11.817	 2.90	 1	 -42.6888	  173.1564
11.825	 2.10	 1	 -41.7098	  174.1475
11.836	 2.01	 1	 -41.5974	  174.4044
11.853	 2.16	 1	 -42.3360	  173.8906
11.859	 2.33	 1	 -42.3241	  173.6841
11.864	 2.05	 1	 -41.8761	  173.9003
11.872	 2.17	 1	 -42.3601	  173.6991
11.873	 2.83	 1	 -42.5799	  173.0317
11.876	 2.23	 1	 -41.0271	  175.7558
11.876	 2.39	 1	 -42.4624	  172.9592
11.876	 2.31	 1	 -42.5370	  173.0865
11.880	 2.06	 1	 -42.7583	  172.7074
11.886	 2.66	 1	 -41.8122	  174.1868
11.897	 3.08	 1	 -42.5158	  173.1637
11.900	 2.40	 1	 -41.7665	  174.2245
11.913	 2.31	 1	 -42.6646	  172.9412
11.915	 2.10	 1	 -42.0191	  172.8765
11.920	 2.59	 1	 -41.9840	  173.8460
11.922	 2.14	 1	 -42.3247	  173.5311
11.940	 3.23	 1	 -41.7138	  174.2636
11.944	 2.09	 1	 -42.1771	  173.7132
11.946	 2.57	 1	 -42.1578	  173.6569
11.947	 2.73	 1	 -42.0234	  173.7500
11.952	 2.33	 1	 -41.9297	  173.8306
11.956	 2.37	 1	 -42.6404	  172.9724
11.958	 2.15	 2	 -42.1894	  173.4598
11.958	 2.05	 1	 -42.4688	  173.7711
11.958	 3.26	 2	 -41.8671	  174.1156
11.972	 2.19	 1	 -41.7395	  174.4208
11.977	 2.10	 1	 -42.0415	  173.8573
11.979	 2.13	 1	 -41.7710	  174.2717
11.988	 2.02	 1	 -42.3488	  173.5346
11.991	 2.45	 1	 -42.0745	  173.6812
11.992	 2.08	 1	 -42.5961	  172.8845
12.001	 2.24	 1	 -42.4406	  173.6761
12.004	 3.43	 1	 -41.7546	  174.2652
12.004	 2.84	 1	 -42.6032	  173.3223
12.016	 2.49	 1	 -41.7503	  174.2694
12.021	 2.07	 2	 -42.4906	  172.7538
12.023	 2.43	 1	 -41.5065	  174.1035
12.024	 2.25	 1	 -42.8205	  173.5490
12.025	 2.15	 1	 -42.4173	  173.9175
12.033	 2.47	 3	 -42.7040	  172.7750
12.039	 3.18	 1	 -42.7003	  172.8483
12.043	 2.04	 1	 -42.3955	  173.5494
12.045	 2.76	 1	 -42.0894	  173.4960
12.050	 2.04	 1	 -42.3154	  173.4820
12.051	 2.38	 1	 -41.8091	  173.8994
12.054	 2.15	 1	 -42.3543	  173.3647
12.056	 2.30	 1	 -42.3359	  173.7400
12.060	 2.37	 1	 -41.9170	  174.0276
12.060	 3.16	 1	 -41.9948	  173.9899
12.060	 3.04	 1	 -42.1475	  174.1396
12.076	 2.11	 1	 -42.4373	  173.7694
12.081	 2.24	 1	 -41.9908	  173.5072
12.087	 2.05	 1	 -43.1092	  174.3369
12.092	 2.14	 1	 -41.8735	  173.9682
12.096	 2.20	 1	 -41.7021	  174.1681
12.099	 2.55	 1	 -42.5007	  173.7067
12.102	 2.02	 1	 -42.0579	  173.7155
12.103	 2.08	 1	 -41.9744	  174.0620
12.108	 2.13	 1	 -42.2069	  173.6563
12.124	 5.48	 1	 -41.9177	  173.8269
12.125	 2.13	 1	 -42.2996	  175.9735
12.127	 3.11	 1	 -42.5842	  173.0023
12.131	 2.11	 1	 -41.9447	  174.2272
12.136	 2.04	 1	 -42.5537	  173.6097
12.142	 2.04	 1	 -41.5931	  175.0430
12.150	 2.11	 1	 -41.8604	  174.0490
12.163	 2.23	 1	 -41.9443	  173.6231
12.168	 2.23	 1	 -42.8006	  173.6372
12.174	 2.25	 1	 -42.2373	  173.7049
12.186	 2.28	 1	 -41.8977	  173.8314
12.186	 3.10	 1	 -44.1990	  174.9216
12.187	 2.29	 1	 -42.4439	  173.2442
12.193	 2.65	 1	 -40.6791	  172.7410
12.198	 2.19	 2	 -42.1823	  174.0137
12.199	 2.12	 1	 -42.3270	  173.9351
12.200	 2.07	 1	 -42.1312	  174.1575
12.205	 2.17	 2	 -42.0872	  173.6392
12.211	 3.18	 1	 -42.1894	  173.6717
12.212	 2.76	 1	 -42.6925	  172.6476
12.221	 2.46	 1	 -41.8188	  174.2464
12.227	 3.47	 1	 -42.1903	  173.8207
12.238	 2.47	 1	 -42.8623	  172.8995
12.242	 3.30	 1	 -42.0253	  173.7197
12.245	 2.41	 1	 -42.4254	  173.3292
12.254	 2.13	 1	 -42.3770	  173.7734
12.261	 2.24	 1	 -41.7421	  174.3124
12.261	 2.00	 2	 -42.4850	  173.8172
12.267	 2.96	 1	 -41.7761	  173.5022
12.271	 2.32	 1	 -42.6397	  173.5558
12.288	 2.12	 1	 -42.3316	  173.6777
12.290	 2.10	 1	 -42.1077	  173.6261
12.293	 2.02	 1	 -42.1168	  173.8289
12.294	 2.40	 1	 -41.8965	  174.1258
12.298	 2.17	 1	 -42.5019	  173.8420
12.310	 2.32	 1	 -41.7918	  174.2577
12.317	 2.24	 2	 -42.2311	  173.6588
12.318	 2.07	 1	 -42.1675	  172.2556
12.319	 2.10	 1	 -42.5992	  172.8541
12.324	 2.23	 3	 -42.3304	  173.6602
12.329	 2.63	 2	 -42.1045	  173.6361
12.330	 2.13	 1	 -42.5197	  173.1076
12.356	 2.60	 1	 -42.6601	  172.8629
12.363	 2.44	 1	 -43.4487	  172.6344
12.365	 2.19	 1	 -42.3412	  173.8728
12.366	 2.13	 2	 -41.8016	  174.2761
12.376	 2.23	 1	 -41.9189	  174.2665
12.395	 2.92	 1	 -42.5592	  172.8952
12.398	 2.87	 1	 -42.3018	  173.7437
12.398	 2.62	 1	 -42.1063	  173.7432
12.404	 2.89	 1	 -42.3556	  172.9834
12.405	 2.02	 1	 -42.8161	  173.0071
12.413	 2.05	 1	 -41.7726	  174.1623
12.415	 2.71	 1	 -42.8107	  173.0661
12.416	 2.15	 2	 -42.5363	  173.7547
12.417	 3.23	 1	 -41.7765	  174.2958
12.417	 2.09	 1	 -41.5799	  174.2332
12.423	 2.12	 1	 -41.9190	  173.9287
12.428	 2.08	 1	 -42.4821	  173.1108
12.443	 2.18	 1	 -42.5498	  173.3773
12.444	 2.24	 1	 -42.2393	  173.6069
12.448	 2.10	 1	 -42.2572	  173.6124
12.449	 2.06	 1	 -41.7163	  174.3088
12.449	 2.34	 1	 -42.1554	  173.5961
12.451	 2.06	 1	 -42.6907	  173.0260
12.453	 2.03	 1	 -41.7174	  174.2605
12.473	 3.16	 1	 -42.5121	  173.3050
12.475	 2.04	 1	 -42.4609	  173.9627
12.477	 2.16	 2	 -41.9634	  173.8829
12.495	 2.23	 1	 -43.5114	  174.6503
12.500	 2.82	 1	 -42.4660	  173.8323
12.508	 2.08	 1	 -42.9468	  173.2018
12.511	 2.34	 1	 -42.3238	  173.6850
12.515	 2.46	 1	 -42.2510	  173.6733
12.516	 2.39	 2	 -41.9646	  173.9869
12.526	 2.09	 1	 -42.9747	  172.9093
12.526	 2.34	 1	 -42.3581	  174.1777
12.532	 2.66	 2	 -42.6381	  173.7359
12.542	 2.01	 1	 -41.8472	  174.2269
12.557	 2.15	 1	 -41.7337	  174.3405
12.557	 2.28	 1	 -42.2965	  173.6158
12.563	 3.06	 1	 -42.2244	  173.6469
12.569	 2.52	 1	 -41.8589	  173.9599
12.576	 2.18	 1	 -41.9789	  173.8998
12.577	 2.14	 1	 -42.3644	  173.8902
12.583	 2.51	 1	 -42.0022	  173.7232
12.584	 2.30	 1	 -42.5626	  173.9973
12.587	 2.27	 1	 -42.5483	  172.8907
12.588	 2.42	 1	 -41.8096	  173.9753
12.591	 2.04	 1	 -42.3242	  173.7953
12.602	 2.15	 1	 -42.2454	  173.6227
12.616	 2.05	 1	 -40.3271	  174.2157
12.622	 2.37	 1	 -42.3316	  174.0685
12.626	 2.22	 1	 -41.8985	  174.0682
12.632	 2.16	 1	 -42.8463	  172.7545
12.635	 2.31	 1	 -42.6953	  172.9309
12.636	 2.01	 2	 -42.5596	  173.0605
12.639	 2.08	 1	 -41.7845	  174.2361
12.641	 2.06	 1	 -42.3723	  174.0504
12.652	 2.34	 1	 -42.1121	  173.6649
12.653	 2.12	 1	 -43.5030	  172.5798
12.655	 2.34	 1	 -42.3486	  173.1381
12.659	 2.24	 1	 -42.4480	  173.4643
12.664	 2.43	 1	 -41.7352	  174.2766
12.665	 2.28	 1	 -42.1818	  173.5910
12.669	 2.36	 1	 -42.5576	  173.1569
12.670	 3.29	 2	 -41.7562	  174.4033
12.673	 3.53	 1	 -41.7835	  174.3014
12.682	 2.87	 1	 -41.5048	  174.0538
12.683	 2.08	 1	 -41.6710	  174.2551
12.686	 2.02	 1	 -41.8151	  174.2779
12.694	 2.18	 1	 -41.9904	  173.6795
12.703	 2.21	 1	 -42.8274	  173.2966
12.704	 3.09	 1	 -42.7548	  173.1702
12.707	 3.16	 1	 -42.7210	  172.1712
12.721	 2.21	 1	 -42.4736	  173.1342
12.723	 2.01	 1	 -41.7153	  174.2951
12.728	 2.51	 1	 -42.0844	  173.5631
12.729	 3.39	 1	 -42.5093	  173.0758
12.735	 2.98	 1	 -42.0570	  173.7331
12.737	 2.11	 1	 -41.7608	  174.0617
12.738	 3.15	 1	 -42.6861	  173.0844
12.740	 2.10	 1	 -42.4364	  173.1693
12.745	 2.19	 1	 -42.3516	  174.0101
12.756	 2.12	 2	 -42.1861	  173.4726
12.757	 3.93	 1	 -42.6721	  174.6634
12.758	 3.42	 1	 -42.3322	  173.6236
12.760	 2.73	 1	 -42.3397	  173.8677
12.760	 2.75	 1	 -41.7259	  174.1854
12.775	 2.35	 1	 -42.1581	  173.7069
12.786	 2.16	 1	 -41.6670	  174.2279
12.786	 2.43	 1	 -42.3460	  173.6902
12.786	 2.85	 2	 -42.1985	  173.4966
12.788	 2.26	 1	 -41.8043	  174.2917
12.797	 2.53	 1	 -42.4090	  173.1704
12.800	 2.07	 1	 -42.4246	  173.8866
12.807	 2.35	 1	 -41.9867	  173.6762
12.820	 3.11	 1	 -43.2229	  172.8846
12.824	 2.03	 2	 -42.6676	  172.9553
12.826	 2.75	 1	 -42.1730	  173.5883
12.827	 2.19	 1	 -42.4581	  173.9819
12.830	 2.34	 1	 -42.2038	  173.6141
12.835	 2.53	 1	 -42.6566	  172.8102
12.835	 2.13	 1	 -42.5566	  173.1125
12.840	 2.57	 1	 -41.7927	  174.1286
12.842	 2.67	 1	 -42.2045	  173.6187
12.850	 2.91	 1	 -42.6940	  173.0784
12.851	 2.61	 1	 -41.6824	  174.2824
12.860	 2.45	 1	 -39.6056	  173.2246
12.863	 2.23	 1	 -41.5999	  174.3907
12.870	 2.71	 1	 -42.6328	  173.1781
12.870	 2.14	 1	 -42.2709	  173.6768
12.871	 2.11	 1	 -42.0745	  173.6750
12.875	 2.07	 1	 -42.4749	  173.0639
12.882	 2.40	 1	 -41.9065	  173.8340
12.883	 2.14	 1	 -41.9386	  173.7726
12.892	 2.06	 2	 -42.6835	  173.2574
12.897	 2.24	 1	 -42.5894	  173.3031
12.903	 2.18	 1	 -41.9156	  173.7456
12.909	 2.21	 1	 -41.8031	  174.0087
12.911	 2.31	 1	 -42.4181	  174.0557
12.918	 2.12	 1	 -41.7679	  174.1853
12.919	 2.24	 3	 -41.6601	  174.1032
12.927	 3.07	 1	 -41.7461	  174.1834
12.929	 2.31	 2	 -42.3338	  173.1086
12.962	 2.23	 1	 -42.0287	  173.4908
12.982	 2.96	 1	 -42.4778	  173.3413
12.994	 3.11	 2	 -42.2335	  173.5329
13.015	 3.04	 1	 -42.9308	  172.4444
13.020	 2.02	 1	 -41.4102	  172.7712
13.029	 2.12	 1	 -41.7271	  174.2775
13.037	 3.50	 2	 -42.7487	  172.7504
13.051	 2.02	 1	 -42.4675	  173.6331
13.062	 2.16	 1	 -41.6529	  174.1247
13.105	 2.03	 1	 -42.2371	  173.6747
13.112	 2.09	 2	 -41.7394	  174.1251
13.115	 2.34	 1	 -43.5331	  173.4713
13.118	 2.16	 1	 -41.6596	  174.1842
13.122	 2.79	 1	 -42.3525	  173.5621
13.128	 2.32	 1	 -42.5838	  173.1184
13.137	 2.52	 2	 -42.2799	  173.5939
13.145	 2.54	 1	 -42.6260	  172.8698
13.147	 2.30	 1	 -41.7663	  174.3065
13.153	 4.09	 1	 -42.3589	  173.9346
13.153	 2.28	 1	 -41.9410	  174.1992
13.154	 2.45	 1	 -42.2482	  173.8826
13.155	 2.54	 1	 -41.8895	  174.0745
13.159	 2.97	 1	 -42.7564	  173.0951
13.160	 2.63	 1	 -42.4541	  173.3429
13.165	 2.37	 2	 -42.0467	  167.6785
13.168	 2.77	 1	 -42.5333	  174.0808
13.169	 2.17	 1	 -42.1735	  173.5238
13.169	 2.08	 1	 -42.7806	  172.7807
13.180	 2.25	 2	 -42.5544	  173.1424
13.181	 3.50	 1	 -42.5492	  174.0583
13.187	 2.13	 1	 -42.2130	  173.6145
13.201	 2.30	 1	 -42.7307	  172.6681
13.205	 2.48	 1	 -42.3567	  173.0578
13.213	 2.19	 1	 -42.4226	  173.5914
13.220	 2.24	 1	 -42.6321	  172.9915
13.220	 2.73	 1	 -42.2181	  173.9875
13.224	 2.24	 1	 -42.3946	  173.9977
13.227	 2.03	 1	 -42.6200	  173.7444
13.244	 2.67	 1	 -43.1042	  173.5346
13.259	 2.19	 1	 -42.1757	  174.1987
13.274	 2.80	 1	 -41.7204	  174.1800
13.275	 2.50	 1	 -42.4433	  173.2969
13.277	 2.11	 1	 -41.9917	  174.1954
13.281	 2.05	 1	 -42.7133	  172.8940
13.289	 2.14	 1	 -42.0626	  173.6212
13.289	 2.18	 1	 -42.4973	  173.3147
13.290	 2.75	 4	 -42.0697	  174.0144
13.296	 2.17	 1	 -42.2966	  173.6938
13.311	 3.02	 1	 -41.7696	  174.2254
13.314	 2.07	 1	 -42.4854	  172.5663
13.323	 2.02	 1	 -42.1339	  172.9327
13.330	 2.59	 1	 -42.1415	  173.5972
13.338	 2.03	 1	 -41.6102	  174.4496
13.341	 2.74	 1	 -42.9495	  173.2355
13.343	 2.06	 1	 -42.7009	  172.9984
13.350	 2.47	 1	 -43.1199	  174.3024
13.354	 2.33	 1	 -42.7713	  173.1958
13.362	 2.13	 1	 -41.7154	  174.2970
13.371	 2.31	 1	 -42.4144	  173.2727
13.376	 2.96	 1	 -42.6468	  173.5788
13.378	 2.16	 2	 -43.0887	  176.1562
13.383	 2.20	 1	 -42.5600	  173.3373
13.389	 2.37	 1	 -41.7617	  174.2477
13.391	 2.48	 1	 -42.7409	  172.9305
13.393	 2.36	 2	 -42.0506	  173.5164
13.393	 2.16	 1	 -42.2192	  173.7786
13.401	 2.92	 1	 -41.7916	  173.9883
13.406	 2.06	 1	 -42.0024	  173.7692
13.408	 2.06	 1	 -42.6773	  173.0892
13.412	 2.03	 1	 -42.5702	  173.0843
13.412	 2.31	 2	 -41.8630	  174.2350
13.416	 2.56	 1	 -42.1328	  173.8098
13.419	 2.12	 1	 -41.7342	  174.2471
13.433	 2.26	 1	 -42.0356	  173.4863
13.437	 2.51	 1	 -41.7544	  174.2812
13.459	 2.17	 1	 -42.4004	  174.0435
13.469	 2.33	 1	 -41.6722	  174.2931
13.469	 2.05	 1	 -42.0179	  173.8123
13.485	 3.20	 2	 -42.3237	  173.4031
13.487	 2.25	 1	 -42.2286	  173.7150
13.496	 2.36	 1	 -42.3156	  173.5126
13.507	 2.17	 1	 -41.6995	  174.3122
13.518	 3.01	 2	 -42.3227	  173.7613
13.520	 2.37	 2	 -41.6321	  174.3447
13.526	 2.21	 1	 -42.6028	  172.9016
13.538	 2.30	 1	 -41.7511	  174.0890
13.538	 2.01	 1	 -42.4975	  173.8529
13.539	 2.01	 1	 -41.8608	  173.9473
13.545	 2.50	 1	 -42.4680	  173.1225
13.547	 2.82	 1	 -42.5364	  173.7702
13.558	 2.03	 1	 -42.4410	  173.8079
13.567	 2.39	 1	 -41.9689	  173.8290
13.570	 2.48	 1	 -42.5710	  173.1488
13.597	 2.02	 1	 -42.1802	  173.4757
13.613	 2.32	 2	 -41.7949	  174.3945
13.632	 2.12	 1	 -42.9441	  173.2367
13.635	 2.57	 1	 -42.3930	  173.7837
13.638	 2.28	 1	 -42.5649	  173.0997
13.649	 2.03	 1	 -42.0604	  173.9591
13.650	 2.07	 1	 -42.6854	  173.1502
13.657	 2.18	 1	 -41.7768	  174.2652
13.660	 2.86	 1	 -42.0335	  173.6630
13.664	 2.01	 2	 -42.0051	  173.6332
13.673	 2.43	 1	 -41.8796	  174.4379
13.673	 2.01	 1	 -42.3894	  174.2133
13.674	 2.23	 1	 -42.2222	  173.9078
13.685	 2.08	 1	 -41.9126	  174.0175
13.690	 2.16	 1	 -42.3635	  173.8647
13.692	 2.24	 1	 -42.5588	  173.0580
13.693	 3.43	 1	 -42.2888	  173.5502
13.693	 2.09	 2	 -42.3326	  173.5663
13.703	 2.03	 1	 -42.3583	  173.7786
13.706	 3.46	 1	 -41.7172	  174.3031
13.711	 2.41	 1	 -41.7209	  174.3604
13.717	 2.70	 1	 -42.4400	  172.8970
13.720	 2.33	 1	 -41.6572	  174.3572
13.721	 3.09	 1	 -42.1654	  173.5334
13.742	 2.06	 1	 -42.7180	  173.0105
13.746	 2.19	 1	 -40.5290	  172.8371
13.754	 3.90	 1	 -42.0473	  173.6806
13.755	 2.50	 1	 -42.6777	  172.9686
13.765	 2.70	 1	 -41.9052	  173.9256
13.781	 2.76	 1	 -41.5631	  174.6566
13.796	 2.30	 1	 -41.7639	  174.1203
13.796	 2.77	 1	 -42.4184	  173.6925
13.796	 2.02	 1	 -42.7565	  173.1698
13.801	 2.18	 1	 -42.2863	  173.8453
13.834	 2.92	 1	 -41.9254	  173.6791
13.836	 2.62	 1	 -41.8161	  174.2187
13.845	 3.23	 1	 -42.6013	  173.1160
13.846	 2.19	 1	 -42.0188	  173.7637
13.846	 2.19	 1	 -42.6977	  173.4789
13.846	 2.69	 1	 -42.0336	  173.2916
13.853	 2.00	 1	 -42.0985	  172.9158
13.866	 2.06	 1	 -42.1600	  173.5735
13.870	 3.12	 1	 -41.6952	  174.1083
13.872	 2.37	 1	 -42.1570	  173.4693
13.875	 2.66	 1	 -42.2015	  173.6195
13.879	 2.19	 1	 -42.6759	  172.7859
13.885	 2.90	 1	 -42.6463	  172.9866
13.888	 2.02	 1	 -42.3083	  173.8699
13.888	 2.82	 1	 -42.0842	  173.7985
13.891	 2.46	 1	 -42.3801	  173.6910
13.907	 2.60	 1	 -42.6735	  173.7007
13.909	 2.35	 1	 -41.6725	  174.1158
13.915	 2.40	 1	 -42.2886	  173.8694
13.916	 2.36	 1	 -42.3460	  173.6083
13.924	 2.46	 2	 -41.6699	  173.8610
13.925	 2.17	 1	 -42.1334	  173.6959
13.937	 2.53	 1	 -41.9636	  173.7967
13.940	 2.01	 1	 -41.8002	  173.9536
13.944	 2.18	 1	 -42.2470	  173.5722
13.953	 2.56	 2	 -42.5485	  172.9448
13.955	 2.27	 1	 -42.6585	  173.0700
13.962	 2.09	 1	 -42.4729	  173.0883
13.976	 3.15	 1	 -42.1472	  173.8129
13.988	 2.45	 1	 -43.5007	  174.7094
13.995	 2.02	 1	 -42.5687	  173.1328
13.996	 2.10	 1	 -42.0328	  173.9057
14.011	 2.40	 1	 -42.0766	  173.7647
14.015	 2.05	 1	 -41.7668	  173.3732
14.022	 2.20	 1	 -41.7718	  174.0908
14.024	 2.54	 1	 -41.9533	  173.8661
14.038	 2.01	 1	 -42.4207	  173.1728
14.046	 2.13	 1	 -42.3532	  173.2487
14.048	 2.63	 1	 -41.8075	  174.3357
14.060	 2.02	 1	 -42.5976	  173.0105
14.066	 2.93	 1	 -41.7063	  174.2845
14.071	 2.16	 1	 -41.7563	  174.2807
14.072	 3.18	 1	 -42.3727	  173.6139
14.076	 2.16	 1	 -43.2545	  173.3439
14.078	 2.57	 1	 -41.9980	  173.6328
14.089	 2.08	 1	 -41.6934	  174.2793
14.095	 3.35	 1	 -42.2798	  173.5295
14.096	 2.40	 1	 -42.8452	  172.7422
14.096	 2.07	 1	 -41.7030	  174.2185
14.097	 2.02	 1	 -42.1920	  173.6632
14.109	 2.47	 1	 -41.7736	  173.5137
14.113	 2.02	 1	 -42.5250	  173.0982
14.121	 2.14	 1	 -41.8194	  174.2250
14.123	 2.30	 1	 -42.0152	  173.7020
14.128	 2.60	 1	 -42.0981	  173.8608
14.151	 2.48	 1	 -41.6921	  174.2256
14.157	 2.40	 1	 -41.6729	  174.2930
14.160	 2.53	 1	 -42.2077	  173.5971
14.170	 2.14	 1	 -42.5931	  172.9526
14.184	 2.15	 1	 -42.6218	  172.8628
14.190	 2.57	 1	 -42.6637	  172.8526
14.193	 2.10	 1	 -41.8566	  174.2254
14.212	 2.11	 1	 -42.3313	  174.1361
14.224	 2.70	 1	 -42.3814	  173.8676
14.243	 3.79	 1	 -42.2339	  173.6218
14.247	 2.10	 1	 -41.7628	  174.2537
14.255	 2.68	 1	 -42.0507	  173.6958
14.255	 2.07	 2	 -42.6965	  172.9444
14.258	 2.53	 1	 -41.8034	  174.2612
14.260	 4.08	 1	 -42.5084	  173.0013
14.266	 2.89	 1	 -42.3169	  173.7984
14.295	 2.03	 1	 -42.4497	  173.1501
14.310	 2.21	 1	 -42.8078	  172.9916
14.312	 2.76	 1	 -42.0076	  173.6911
14.333	 2.68	 1	 -42.7741	  173.8557
14.354	 2.11	 1	 -42.6564	  172.9469
14.361	 2.53	 1	 -42.2046	  173.6237
14.362	 2.49	 1	 -41.6120	  174.2554
14.369	 4.67	 1	 -41.7206	  174.2728
14.370	 2.24	 1	 -40.1223	  171.7176
14.372	 2.23	 1	 -42.5726	  172.9486
14.382	 2.33	 1	 -42.3193	  173.8957
14.382	 2.06	 1	 -42.8474	  173.1655
14.383	 3.07	 1	 -41.8023	  174.2537
14.386	 2.25	 1	 -42.2518	  173.9558
14.390	 2.28	 1	 -42.8470	  173.3434
14.391	 3.00	 2	 -41.9660	  173.8408
14.391	 2.66	 1	 -41.9123	  173.6376
14.397	 2.11	 1	 -42.7310	  172.8487
14.403	 2.18	 1	 -41.7812	  174.2353
14.413	 2.62	 1	 -41.9841	  173.6618
14.413	 2.00	 1	 -42.5787	  173.0479
14.413	 2.48	 1	 -43.1259	  173.7404
14.415	 3.24	 1	 -42.3015	  173.6592
14.423	 2.27	 1	 -42.1322	  173.6822
14.426	 2.34	 1	 -44.3880	  169.6796
14.426	 2.38	 1	 -42.0122	  173.7859
14.426	 2.20	 1	 -42.4864	  172.8540
14.454	 2.31	 1	 -41.9131	  173.8894
14.457	 2.01	 1	 -42.6243	  173.0873
14.462	 2.50	 1	 -42.0948	  173.7011
14.472	 3.60	 1	 -41.8849	  173.5614
14.472	 2.19	 1	 -42.3317	  173.0766
14.478	 2.73	 1	 -42.2009	  173.6600
14.492	 2.47	 1	 -41.7754	  174.4050
