# Simulation 668
# RelativeTime(days) Magnitude Generation Latitude Longitude
Time Mag Gen Lat Lon
0.500	 3.02	 1	 -42.1918	  173.6686
0.500	 2.21	 1	 -42.7255	  172.8801
0.501	 2.21	 1	 -42.1187	  173.6082
0.501	 2.64	 1	 -42.0289	  173.3542
0.501	 2.16	 1	 -42.9765	  172.4827
0.501	 2.22	 1	 -41.7855	  174.2793
0.502	 2.08	 1	 -42.4614	  173.3487
0.502	 2.09	 1	 -42.4309	  173.7840
0.503	 2.13	 1	 -42.2393	  173.6456
0.503	 2.75	 1	 -42.2762	  173.6897
0.503	 2.43	 1	 -41.7730	  174.3117
0.504	 2.47	 1	 -42.1026	  173.6312
0.504	 2.76	 1	 -42.4025	  173.0940
0.505	 2.11	 1	 -42.5020	  174.1769
0.505	 2.21	 1	 -42.4664	  173.6549
0.505	 4.38	 1	 -42.5852	  173.4692
0.505	 2.18	 1	 -41.6594	  174.1781
0.506	 2.77	 1	 -42.0941	  173.6605
0.506	 2.24	 1	 -42.3407	  173.1428
0.507	 2.01	 1	 -42.3962	  173.1175
0.507	 2.04	 1	 -42.4816	  172.6939
0.507	 2.53	 1	 -42.2105	  173.4053
0.508	 2.07	 1	 -42.0843	  173.7211
0.509	 3.23	 1	 -42.0041	  173.6609
0.509	 2.30	 1	 -42.3913	  173.5572
0.510	 2.09	 1	 -41.8136	  174.2294
0.510	 2.65	 1	 -42.0129	  173.6393
0.510	 2.37	 2	 -42.5825	  173.4678
0.510	 2.44	 1	 -42.1494	  173.5471
0.511	 2.37	 1	 -42.3841	  172.7171
0.511	 2.61	 1	 -41.7105	  174.2449
0.512	 2.30	 1	 -41.7512	  174.3295
0.512	 2.08	 1	 -42.1036	  173.5852
0.512	 3.17	 1	 -42.0844	  173.7477
0.512	 2.02	 1	 -42.5396	  172.9723
0.512	 2.94	 1	 -42.2507	  173.6081
0.512	 2.19	 1	 -42.5377	  173.7498
0.512	 2.73	 1	 -41.6725	  174.3963
0.512	 2.37	 1	 -42.3450	  174.0234
0.512	 2.58	 1	 -42.6848	  172.6985
0.513	 2.46	 1	 -42.1014	  173.9772
0.513	 2.51	 1	 -42.3858	  173.8589
0.513	 2.29	 1	 -42.5204	  173.3782
0.513	 2.91	 1	 -42.1797	  173.8425
0.514	 2.16	 1	 -42.3186	  173.6471
0.514	 2.20	 1	 -41.6545	  175.3404
0.514	 2.22	 1	 -42.3129	  173.9523
0.515	 2.03	 1	 -41.6647	  174.3441
0.515	 2.12	 1	 -42.5739	  173.4102
0.515	 2.12	 1	 -42.0040	  174.0301
0.515	 2.38	 1	 -41.7495	  174.2798
0.516	 2.05	 1	 -42.4465	  173.1692
0.517	 2.17	 1	 -42.6520	  173.0109
0.517	 2.03	 1	 -41.7060	  173.7346
0.517	 2.77	 1	 -42.0451	  173.6758
0.518	 2.58	 1	 -41.7748	  174.2326
0.518	 2.06	 1	 -41.8649	  173.9724
0.519	 2.02	 1	 -42.5311	  173.2368
0.519	 2.31	 1	 -42.5269	  172.9553
0.519	 2.41	 1	 -41.8983	  173.9413
0.519	 2.06	 1	 -43.2830	  174.6581
0.519	 2.16	 1	 -41.6777	  174.2569
0.519	 2.19	 1	 -42.5082	  173.9583
0.519	 2.49	 1	 -42.2307	  173.7908
0.519	 2.36	 1	 -42.0927	  174.0305
0.519	 2.38	 1	 -42.2710	  173.8339
0.520	 2.36	 1	 -42.3646	  172.6403
0.520	 2.44	 1	 -41.9527	  173.7065
0.520	 2.09	 1	 -41.6270	  174.6289
0.520	 2.47	 1	 -42.3009	  173.4458
0.521	 2.41	 1	 -41.7092	  174.2886
0.521	 2.86	 1	 -42.3358	  173.6109
0.521	 2.59	 1	 -42.7075	  172.8596
0.521	 2.35	 1	 -42.2108	  173.5582
0.521	 2.47	 1	 -41.7878	  174.4313
0.522	 2.02	 1	 -42.5610	  173.3307
0.522	 2.03	 1	 -41.7173	  174.2957
0.522	 3.31	 1	 -41.8622	  174.4149
0.522	 2.59	 1	 -41.7085	  174.3154
0.523	 2.06	 1	 -42.1519	  173.6022
0.523	 2.02	 1	 -41.8482	  173.5792
0.524	 2.48	 1	 -42.5111	  173.1413
0.524	 2.08	 1	 -42.9283	  172.6617
0.524	 2.68	 1	 -41.9222	  173.5710
0.524	 2.12	 1	 -42.4472	  173.8862
0.524	 2.05	 1	 -42.1140	  173.7192
0.525	 2.38	 1	 -42.0785	  172.8337
0.525	 2.08	 1	 -42.3937	  173.5741
0.525	 2.14	 1	 -42.2269	  173.6943
0.525	 2.22	 1	 -42.0731	  172.8405
0.527	 2.69	 1	 -42.1666	  173.8608
0.527	 2.38	 1	 -42.6684	  172.7949
0.527	 2.49	 1	 -42.0997	  173.6314
0.527	 2.07	 1	 -41.7951	  174.2456
0.527	 2.26	 1	 -42.7196	  172.3564
0.527	 2.64	 1	 -42.3266	  173.1223
0.527	 2.37	 1	 -42.4817	  173.5723
0.528	 2.29	 1	 -42.6389	  172.8547
0.529	 2.13	 1	 -42.2115	  173.6744
0.529	 2.03	 1	 -41.5528	  174.7379
0.529	 2.40	 1	 -42.0872	  173.6474
0.529	 2.12	 1	 -41.9694	  173.3596
0.529	 2.04	 1	 -42.1757	  173.7648
0.529	 2.05	 1	 -42.5680	  172.9727
0.529	 2.47	 1	 -41.5104	  173.4484
0.530	 2.27	 1	 -41.6716	  174.3741
0.530	 2.44	 1	 -42.7061	  173.4522
0.531	 2.05	 1	 -43.3816	  172.6493
0.531	 3.18	 1	 -41.9470	  174.0833
0.531	 3.55	 1	 -41.7029	  174.3955
0.531	 3.93	 1	 -41.7677	  174.2106
0.531	 2.07	 1	 -41.7080	  174.2393
0.531	 2.18	 1	 -42.2548	  173.7077
0.531	 2.06	 1	 -42.1606	  173.2632
0.531	 2.00	 1	 -41.8253	  174.3019
0.532	 2.20	 1	 -42.1508	  173.6697
0.532	 2.51	 1	 -42.0529	  174.0287
0.532	 3.01	 1	 -41.8817	  174.1853
0.532	 2.36	 1	 -42.2642	  173.9202
0.532	 2.15	 1	 -42.8833	  173.4720
0.532	 3.80	 1	 -42.3952	  173.7031
0.532	 2.13	 1	 -41.7304	  174.3618
0.533	 2.51	 1	 -42.3728	  173.5446
0.533	 2.24	 1	 -41.7918	  174.2854
0.534	 2.14	 1	 -41.7495	  174.2789
0.535	 3.07	 1	 -42.3516	  173.3373
0.535	 2.93	 1	 -42.2729	  173.8422
0.536	 2.86	 1	 -41.7088	  174.3575
0.536	 2.21	 1	 -41.9560	  173.6620
0.536	 2.11	 1	 -42.2725	  173.6934
0.536	 3.13	 1	 -42.1164	  173.7524
0.537	 3.01	 1	 -41.7658	  174.2224
0.537	 3.63	 1	 -42.2601	  173.5297
0.538	 2.02	 1	 -42.3264	  174.0792
0.538	 2.01	 1	 -42.2270	  173.6983
0.538	 2.42	 1	 -41.7103	  174.1602
0.538	 2.73	 1	 -42.5403	  173.3785
0.538	 2.96	 1	 -42.4345	  173.9010
0.538	 2.91	 1	 -41.8171	  174.1713
0.539	 2.34	 1	 -42.6447	  172.8128
0.539	 2.09	 1	 -44.4415	  173.8643
0.539	 3.40	 1	 -42.2175	  173.6364
0.539	 2.57	 1	 -42.2424	  173.8106
0.539	 2.15	 1	 -43.4841	  173.2082
0.539	 2.72	 1	 -42.3726	  173.8039
0.540	 2.15	 1	 -42.2716	  172.6290
0.541	 2.89	 1	 -42.3053	  173.4900
0.541	 2.01	 1	 -42.3842	  173.5673
0.541	 2.40	 1	 -42.1561	  173.6378
0.541	 2.15	 1	 -42.3135	  173.8542
0.542	 3.98	 1	 -42.0487	  173.8006
0.542	 2.23	 1	 -42.2662	  173.6603
0.542	 2.22	 1	 -42.6464	  174.0925
0.543	 2.50	 1	 -42.2597	  173.3525
0.543	 2.13	 1	 -43.1575	  173.7904
0.543	 3.49	 1	 -41.9853	  173.6868
0.543	 2.08	 1	 -41.6677	  174.2477
0.543	 3.90	 1	 -42.4035	  173.7178
0.544	 2.19	 1	 -41.8180	  173.7110
0.544	 3.32	 1	 -42.6997	  172.9120
0.544	 2.13	 1	 -42.7306	  172.9319
0.545	 2.20	 1	 -41.9237	  174.1953
0.545	 2.14	 1	 -42.8196	  173.2946
0.545	 3.35	 1	 -41.7979	  174.3394
0.545	 2.90	 1	 -41.8507	  174.3308
0.546	 2.36	 1	 -42.5025	  173.8025
0.546	 2.27	 1	 -42.3196	  173.7661
0.546	 2.30	 1	 -42.3653	  173.9671
0.546	 2.03	 1	 -41.6284	  173.9185
0.547	 2.04	 1	 -42.3536	  173.8324
0.547	 2.50	 1	 -42.5632	  173.8291
0.547	 2.12	 1	 -42.0627	  173.6747
0.548	 2.26	 1	 -41.8980	  174.2974
0.548	 2.08	 1	 -41.7099	  174.2029
0.548	 2.08	 1	 -42.2577	  173.4458
0.549	 2.56	 1	 -42.2530	  173.6133
0.549	 2.22	 1	 -42.0703	  174.3500
0.549	 2.98	 1	 -42.0010	  173.8322
0.549	 3.42	 1	 -42.3619	  174.0650
0.549	 3.62	 1	 -42.5983	  172.9412
0.550	 2.29	 1	 -42.9905	  172.5537
0.550	 3.14	 1	 -41.7288	  174.2935
0.550	 2.54	 1	 -41.6861	  174.3315
0.550	 2.07	 1	 -41.8272	  174.2920
0.550	 2.03	 1	 -42.6728	  174.0889
0.550	 2.40	 1	 -42.3058	  173.7075
0.550	 2.20	 1	 -42.4354	  173.2477
0.550	 2.18	 1	 -42.1761	  172.6753
0.551	 2.21	 1	 -42.3272	  174.1647
0.551	 2.19	 1	 -42.3819	  174.0214
0.551	 2.61	 1	 -42.3447	  174.0621
0.552	 2.10	 1	 -41.7035	  174.1599
0.552	 2.33	 1	 -42.6022	  173.1367
0.552	 2.19	 1	 -42.0619	  173.7877
0.552	 2.33	 1	 -41.7443	  174.0574
0.552	 2.30	 1	 -41.8197	  173.6120
0.552	 2.03	 1	 -41.6917	  174.3045
0.552	 3.26	 1	 -42.7556	  173.0681
0.553	 2.24	 1	 -41.1914	  173.5015
0.554	 2.69	 1	 -42.2479	  173.8232
0.554	 2.50	 1	 -41.9604	  173.5984
0.554	 2.24	 1	 -42.1964	  173.6293
0.554	 2.27	 1	 -42.4178	  173.5423
0.554	 2.42	 1	 -42.1351	  173.7408
0.555	 3.66	 1	 -42.2625	  173.6243
0.556	 2.73	 1	 -42.7225	  174.5488
0.556	 2.20	 1	 -43.1149	  174.6962
0.556	 2.76	 1	 -41.6408	  174.2081
0.556	 2.16	 1	 -42.6180	  172.9706
0.556	 3.38	 1	 -42.2824	  173.4930
0.557	 3.18	 1	 -41.7162	  174.3335
0.557	 2.18	 1	 -42.6668	  172.8620
0.557	 3.60	 1	 -41.7859	  174.3122
0.558	 3.21	 1	 -42.7315	  172.7921
0.558	 2.44	 1	 -42.4839	  174.0361
0.559	 2.09	 1	 -42.2199	  173.6898
0.559	 2.14	 1	 -42.1045	  173.5034
0.559	 2.44	 1	 -42.6997	  172.9835
0.560	 2.13	 1	 -43.4736	  167.1298
0.560	 3.15	 1	 -41.7812	  174.1326
0.561	 2.02	 1	 -42.0094	  173.7002
0.561	 2.97	 1	 -42.3227	  173.7031
0.561	 2.78	 1	 -42.5889	  172.9703
0.561	 2.55	 1	 -41.7122	  174.1989
0.562	 2.39	 1	 -42.7018	  172.7144
0.562	 3.56	 1	 -42.6708	  172.8021
0.562	 2.38	 1	 -42.2178	  173.5809
0.562	 2.05	 1	 -42.2239	  173.7905
0.562	 2.28	 2	 -42.6949	  172.9066
0.563	 2.34	 1	 -42.4192	  173.5327
0.563	 2.00	 1	 -42.5848	  172.8504
0.563	 2.51	 1	 -41.7962	  174.0812
0.563	 2.51	 1	 -41.7642	  173.9755
0.563	 2.80	 1	 -42.2835	  173.6107
0.563	 2.12	 1	 -41.8028	  174.1507
0.564	 2.29	 1	 -42.4366	  173.8055
0.564	 2.95	 1	 -42.2483	  173.8626
0.564	 2.98	 1	 -42.4888	  173.5135
0.564	 2.29	 1	 -41.9100	  174.1774
0.564	 2.05	 1	 -41.8147	  174.0142
0.564	 2.09	 1	 -42.2791	  173.6757
0.565	 2.43	 1	 -41.7742	  174.1854
0.565	 2.13	 1	 -41.8282	  174.2193
0.565	 2.04	 1	 -42.2822	  173.3832
0.566	 2.85	 1	 -42.3362	  173.2777
0.567	 2.01	 1	 -42.1554	  173.6774
0.567	 2.26	 1	 -42.2323	  173.4726
0.567	 2.04	 1	 -42.3726	  173.5551
0.567	 2.13	 1	 -42.1604	  173.5656
0.568	 2.50	 1	 -41.6432	  174.3209
0.568	 2.16	 1	 -42.3988	  174.1390
0.569	 2.31	 1	 -41.7249	  174.2011
0.570	 2.01	 1	 -42.2249	  173.4725
0.570	 2.59	 1	 -42.6154	  173.0440
0.571	 3.99	 1	 -41.8183	  174.2499
0.571	 2.42	 1	 -42.0527	  173.8623
0.571	 2.12	 1	 -41.6771	  174.2609
0.571	 4.04	 1	 -42.3534	  173.1169
0.572	 3.18	 1	 -42.2316	  173.7907
0.572	 2.56	 1	 -41.6513	  174.3273
0.572	 2.41	 2	 -41.9442	  174.0365
0.573	 2.66	 1	 -42.5647	  173.1275
0.573	 2.52	 1	 -42.5839	  173.1786
0.573	 3.32	 1	 -42.0013	  173.8981
0.573	 2.31	 1	 -41.6753	  174.1845
0.573	 2.17	 1	 -41.7608	  174.4883
0.574	 2.68	 1	 -41.9115	  174.0116
0.575	 2.14	 1	 -42.3764	  173.8170
0.575	 2.32	 2	 -41.7840	  174.2512
0.575	 2.00	 1	 -42.3401	  174.0731
0.575	 2.54	 1	 -42.1844	  173.5810
0.575	 2.30	 1	 -41.9674	  173.6708
0.576	 2.37	 1	 -42.0564	  173.6804
0.577	 2.33	 1	 -42.1136	  173.4740
0.577	 2.20	 1	 -42.7250	  173.0764
0.577	 2.36	 1	 -41.5834	  174.1523
0.578	 2.53	 1	 -43.4241	  173.0143
0.578	 2.70	 2	 -42.1629	  173.8310
0.578	 2.05	 1	 -41.9771	  173.7187
0.579	 2.50	 1	 -42.3500	  173.7082
0.579	 2.13	 1	 -41.7340	  174.3097
0.579	 2.52	 1	 -42.3878	  173.3302
0.580	 2.71	 1	 -41.7402	  174.3153
0.580	 2.90	 1	 -41.7069	  174.2101
0.580	 2.42	 1	 -41.7941	  174.2679
0.580	 2.49	 1	 -41.7593	  174.2939
0.580	 2.02	 1	 -42.3250	  173.7147
0.580	 2.30	 1	 -42.9720	  172.9587
0.580	 2.07	 1	 -42.2481	  173.6055
0.581	 2.79	 1	 -41.7474	  174.2089
0.581	 2.03	 2	 -42.3192	  173.4424
0.581	 2.49	 1	 -42.2614	  173.6212
0.583	 2.34	 1	 -42.0473	  173.6898
0.583	 2.96	 1	 -42.3836	  173.3323
0.583	 2.06	 1	 -43.1707	  173.5118
0.583	 4.20	 1	 -42.2804	  173.6818
0.584	 2.30	 1	 -42.6261	  172.9062
0.584	 2.04	 1	 -42.1626	  173.8362
0.584	 3.06	 1	 -42.2814	  173.7388
0.585	 2.57	 1	 -41.8328	  174.1596
0.585	 2.92	 1	 -42.5108	  173.1187
0.585	 2.10	 1	 -46.0359	  176.9295
0.586	 3.03	 1	 -42.6767	  173.5766
0.586	 2.63	 1	 -42.1388	  173.6680
0.586	 2.00	 2	 -42.2720	  173.7089
0.586	 2.12	 1	 -42.0189	  173.8752
0.586	 2.23	 1	 -41.9862	  173.6396
0.586	 2.17	 2	 -41.8629	  174.3707
0.587	 2.40	 1	 -42.6488	  172.7703
0.587	 2.74	 1	 -41.6923	  174.1964
0.587	 2.28	 1	 -42.5636	  173.0130
0.587	 2.90	 1	 -42.3871	  173.0454
0.587	 2.84	 1	 -41.7247	  174.2792
0.587	 3.02	 1	 -42.2407	  173.8849
0.588	 2.16	 1	 -41.8744	  174.0522
0.589	 2.32	 1	 -42.4538	  173.3224
0.590	 2.00	 1	 -42.3611	  173.8850
0.590	 2.64	 2	 -42.5808	  173.4679
0.591	 2.09	 1	 -41.8218	  174.5049
0.591	 2.19	 1	 -42.4102	  173.1243
0.591	 2.16	 1	 -42.1165	  172.9525
0.592	 2.22	 1	 -42.2296	  173.3988
0.593	 2.42	 1	 -41.5681	  173.6012
0.593	 2.33	 1	 -42.1654	  174.0296
0.593	 2.16	 1	 -42.1486	  173.8110
0.593	 2.13	 1	 -42.6776	  172.8745
0.594	 2.23	 1	 -42.2753	  173.6585
0.594	 2.15	 1	 -41.8657	  174.2541
0.595	 2.21	 1	 -41.9925	  174.3633
0.595	 2.85	 1	 -44.7884	  173.4631
0.595	 2.82	 1	 -42.2279	  173.6092
0.595	 2.29	 1	 -43.0099	  173.1486
0.595	 2.50	 1	 -42.0318	  173.4185
0.595	 2.09	 1	 -41.9876	  174.0927
0.596	 2.26	 1	 -42.5290	  173.1950
0.596	 2.15	 1	 -41.8153	  174.2460
0.597	 2.51	 1	 -42.0290	  173.9786
0.598	 2.08	 1	 -42.2395	  173.6388
0.598	 2.12	 1	 -42.1337	  173.7463
0.598	 2.45	 1	 -42.4038	  173.9115
0.598	 2.39	 1	 -43.2041	  172.3902
0.599	 2.31	 1	 -42.3350	  173.5898
0.600	 2.84	 1	 -41.8005	  174.2157
0.600	 2.22	 1	 -42.5506	  173.0932
0.600	 2.43	 1	 -41.7518	  174.1938
0.600	 2.04	 1	 -41.7038	  174.2332
0.601	 2.00	 1	 -41.6933	  174.0352
0.601	 2.23	 1	 -42.4620	  173.5884
0.601	 2.18	 1	 -41.9953	  173.7674
0.602	 2.70	 1	 -42.4128	  173.6432
0.602	 2.21	 2	 -41.6271	  174.2828
0.602	 2.84	 1	 -41.8055	  174.2824
0.602	 2.37	 1	 -42.2482	  173.5550
0.602	 2.60	 1	 -42.4100	  173.1981
0.603	 2.49	 1	 -41.6664	  174.2668
0.603	 2.57	 1	 -42.6385	  172.9308
0.604	 2.04	 1	 -41.7391	  174.3607
0.604	 2.78	 1	 -42.3737	  173.6046
0.604	 3.53	 1	 -41.6915	  174.1989
0.604	 2.33	 1	 -41.8378	  172.8828
0.604	 2.99	 1	 -41.7293	  174.4425
0.605	 2.21	 1	 -42.3285	  173.8902
0.605	 2.15	 1	 -42.2536	  173.6712
0.606	 2.03	 1	 -42.2641	  173.6211
0.606	 2.05	 2	 -41.9241	  174.2416
0.606	 2.26	 1	 -41.9876	  175.0315
0.607	 2.90	 1	 -44.4553	  171.7042
0.607	 2.06	 1	 -40.2219	  168.3609
0.608	 2.67	 1	 -42.3695	  174.1991
0.609	 2.08	 1	 -42.8994	  172.4870
0.609	 2.20	 1	 -42.0051	  173.6690
0.609	 3.26	 1	 -41.7302	  174.3535
0.609	 2.22	 1	 -41.7897	  174.3664
0.609	 2.48	 1	 -40.8746	  172.0751
0.609	 2.16	 1	 -41.9320	  173.9555
0.610	 2.21	 1	 -42.5424	  172.6665
0.610	 2.11	 1	 -41.8137	  174.1011
0.610	 2.28	 1	 -42.0046	  173.8421
0.611	 2.19	 1	 -41.7679	  174.1834
0.611	 2.08	 2	 -42.2385	  173.5561
0.611	 3.44	 1	 -42.2321	  173.3286
0.611	 2.15	 1	 -42.6643	  172.7028
0.612	 2.04	 1	 -42.1306	  172.8703
0.612	 2.26	 1	 -41.7177	  174.4160
0.612	 2.22	 1	 -42.1697	  173.4532
0.612	 2.17	 1	 -42.1207	  172.8430
0.612	 2.36	 1	 -41.7384	  174.2281
0.613	 2.06	 1	 -42.1698	  172.9897
0.613	 2.62	 1	 -41.8964	  173.9434
0.613	 2.25	 1	 -42.2214	  173.8906
0.613	 2.19	 1	 -43.1756	  172.5207
0.614	 2.06	 1	 -42.6248	  173.0354
0.614	 2.09	 1	 -42.0396	  173.7370
0.614	 2.16	 1	 -41.8360	  174.2984
0.614	 2.25	 1	 -41.7582	  174.1922
0.615	 2.33	 1	 -42.4592	  173.8094
0.615	 2.99	 1	 -42.0853	  173.7146
0.615	 3.21	 1	 -41.3006	  173.3596
0.615	 2.01	 1	 -41.2695	  171.5314
0.616	 2.32	 1	 -41.7078	  173.6359
0.616	 2.56	 1	 -42.4090	  173.3161
0.616	 2.01	 1	 -41.7525	  174.4419
0.616	 2.05	 1	 -42.3343	  173.1253
0.616	 2.98	 1	 -42.0065	  173.6706
0.616	 2.09	 1	 -42.7849	  172.5131
0.617	 2.69	 1	 -43.2338	  172.6367
0.617	 2.11	 1	 -42.3763	  172.9546
0.617	 2.16	 1	 -41.7711	  174.1707
0.617	 2.12	 1	 -42.7171	  172.2817
0.618	 2.27	 1	 -41.6209	  174.2736
0.618	 2.18	 1	 -41.7575	  174.3353
0.618	 2.57	 1	 -42.1236	  173.4447
0.619	 2.43	 1	 -41.7739	  174.2628
0.619	 3.09	 1	 -41.9439	  174.0464
0.619	 2.03	 1	 -42.6953	  173.0046
0.619	 2.19	 1	 -41.7160	  173.9473
0.619	 2.12	 1	 -42.7319	  173.2547
0.619	 2.03	 1	 -39.2025	  177.7868
0.620	 2.44	 1	 -41.7502	  174.2810
0.620	 2.31	 1	 -42.7633	  172.6516
0.621	 2.51	 1	 -42.6711	  172.7041
0.621	 2.58	 1	 -42.1847	  173.5748
0.621	 2.33	 1	 -41.9816	  174.0097
0.622	 3.57	 1	 -42.0061	  173.8304
0.622	 2.82	 1	 -42.6801	  172.7022
0.622	 2.00	 1	 -41.7870	  174.2312
0.622	 2.64	 1	 -41.7637	  174.2428
0.622	 2.21	 1	 -42.9646	  173.3925
0.623	 2.17	 1	 -41.6524	  174.3707
0.623	 2.99	 1	 -41.8011	  174.3547
0.623	 2.60	 1	 -41.7313	  174.2261
0.623	 2.29	 1	 -41.9512	  173.7176
0.623	 2.13	 1	 -42.2090	  173.8268
0.623	 2.56	 1	 -41.8167	  174.2074
0.624	 2.15	 1	 -42.4763	  173.8191
0.624	 2.33	 1	 -42.5790	  173.6422
0.625	 2.19	 1	 -42.1472	  173.6409
0.625	 2.25	 1	 -41.6408	  174.3542
0.625	 2.10	 1	 -41.6901	  174.3126
0.625	 2.00	 1	 -41.9675	  173.5419
0.625	 2.18	 1	 -43.2990	  173.4145
0.625	 2.12	 1	 -42.4052	  173.3210
0.626	 2.12	 1	 -42.5915	  173.0947
0.626	 2.13	 1	 -41.7242	  174.2438
0.626	 2.14	 1	 -41.9547	  173.7197
0.626	 2.04	 1	 -42.3691	  173.5218
0.627	 2.07	 1	 -42.2736	  173.7453
0.628	 2.15	 1	 -41.9743	  173.5558
0.629	 2.77	 1	 -42.2005	  173.7123
0.629	 2.36	 1	 -42.0513	  173.6729
0.629	 2.28	 1	 -41.9378	  173.8836
0.629	 2.35	 1	 -41.7916	  174.1845
0.630	 2.30	 1	 -42.5990	  173.5616
0.630	 2.06	 1	 -42.7064	  173.2125
0.631	 2.06	 1	 -42.0971	  173.7256
0.631	 2.07	 2	 -41.9021	  173.3697
0.631	 2.87	 1	 -41.8118	  174.2368
0.631	 2.52	 1	 -42.4872	  173.9315
0.631	 2.18	 1	 -41.8543	  174.2056
0.632	 2.14	 1	 -41.8091	  174.2730
0.632	 2.74	 1	 -42.4620	  173.1963
0.633	 2.01	 1	 -42.5477	  174.1040
0.633	 2.88	 1	 -42.5534	  172.7059
0.634	 2.34	 1	 -41.8012	  174.2766
0.635	 2.39	 1	 -42.3943	  173.7213
0.635	 2.41	 1	 -46.3048	  170.1896
0.635	 2.03	 1	 -42.4028	  173.7368
0.635	 2.47	 1	 -42.2531	  173.6095
0.635	 2.26	 1	 -41.6601	  174.3281
0.635	 2.17	 1	 -41.7740	  174.3839
0.636	 2.04	 1	 -42.5862	  173.0376
0.636	 2.36	 1	 -42.1763	  173.9144
0.636	 2.27	 1	 -46.3811	  169.5231
0.636	 3.27	 1	 -42.1721	  173.5923
0.636	 2.71	 1	 -42.6483	  173.2400
0.636	 2.02	 1	 -42.0195	  173.9015
0.637	 2.63	 1	 -42.4376	  173.6166
0.637	 2.40	 1	 -41.9800	  174.1688
0.637	 2.29	 1	 -42.5399	  172.7910
0.638	 2.42	 1	 -42.5540	  173.1294
0.638	 2.39	 1	 -42.4648	  173.7431
0.638	 2.84	 1	 -44.6475	  178.5561
0.638	 2.73	 1	 -42.4750	  173.0967
0.639	 2.48	 1	 -42.5740	  173.4628
0.639	 2.14	 1	 -42.3629	  174.0405
0.640	 2.01	 1	 -41.7567	  174.3723
0.640	 2.31	 1	 -40.9776	  172.4256
0.640	 2.42	 1	 -41.7648	  174.1928
0.640	 3.06	 1	 -41.6614	  174.0823
0.640	 2.73	 1	 -42.4995	  173.8239
0.641	 2.78	 1	 -42.4166	  173.0009
0.641	 2.46	 1	 -42.1915	  173.7341
0.641	 2.41	 1	 -42.4788	  173.2390
0.642	 2.23	 1	 -41.6934	  173.7893
0.642	 2.28	 1	 -42.0158	  173.2272
0.642	 2.30	 1	 -42.6776	  172.7043
0.642	 2.52	 1	 -42.2823	  173.6757
0.642	 2.08	 1	 -41.6364	  174.3294
0.643	 2.52	 1	 -41.7616	  173.7308
0.643	 2.18	 1	 -42.1543	  173.5847
0.643	 2.10	 1	 -42.5993	  172.4643
0.643	 5.29	 1	 -41.8942	  173.9528
0.644	 2.02	 1	 -42.3158	  173.7456
0.644	 2.57	 1	 -42.0003	  173.7206
0.644	 3.58	 1	 -41.8281	  174.1588
0.644	 2.18	 1	 -41.6337	  174.0591
0.644	 2.16	 1	 -41.9962	  173.9485
0.645	 2.53	 1	 -41.9657	  173.6670
0.645	 2.11	 1	 -42.3962	  173.7022
0.645	 2.02	 1	 -42.6566	  173.0509
0.646	 2.34	 1	 -42.4029	  173.6982
0.646	 2.44	 2	 -42.2325	  173.3389
0.647	 2.07	 1	 -41.6347	  174.4488
0.647	 2.21	 1	 -41.7658	  174.3528
0.648	 2.27	 1	 -42.3914	  172.8362
0.648	 2.28	 1	 -42.4364	  173.3078
0.648	 2.40	 1	 -41.7392	  174.2019
0.649	 2.26	 1	 -41.9732	  174.0606
0.649	 2.61	 1	 -42.6808	  173.6183
0.649	 2.97	 1	 -42.4411	  173.3090
0.651	 2.59	 2	 -42.0938	  173.8161
0.651	 2.18	 1	 -41.9460	  174.1386
0.651	 2.18	 1	 -42.1596	  173.3766
0.651	 2.36	 1	 -42.3445	  174.0181
0.652	 2.45	 1	 -42.1547	  173.6219
0.652	 2.23	 1	 -41.5566	  174.1624
0.653	 2.12	 1	 -42.3049	  172.9378
0.654	 2.18	 1	 -42.1581	  173.8382
0.654	 2.35	 1	 -42.3439	  174.0202
0.655	 2.48	 1	 -42.3266	  174.0712
0.655	 2.01	 1	 -41.7328	  174.2146
0.655	 2.40	 1	 -42.6081	  173.5679
0.655	 2.48	 2	 -41.7694	  173.7661
0.655	 5.56	 1	 -41.6723	  174.2353
0.655	 2.22	 1	 -42.0253	  174.0482
0.656	 2.62	 1	 -41.8989	  173.6623
0.656	 2.19	 1	 -41.8772	  174.0353
0.656	 2.87	 1	 -41.7152	  174.1193
0.656	 2.64	 1	 -42.1540	  173.8053
0.657	 2.87	 1	 -41.3977	  173.4946
0.657	 2.39	 2	 -41.8726	  173.9516
0.658	 2.17	 1	 -42.3910	  174.0254
0.658	 2.68	 1	 -41.7859	  174.3220
0.658	 2.26	 1	 -44.3854	  167.7616
0.658	 2.22	 1	 -41.8841	  173.6826
0.658	 2.07	 1	 -42.5868	  173.3065
0.659	 2.32	 1	 -42.9473	  173.5275
0.659	 2.41	 2	 -42.6338	  172.8601
0.659	 3.38	 1	 -41.7377	  174.1893
0.660	 2.02	 1	 -41.7451	  174.2405
0.660	 2.61	 2	 -41.8721	  173.9883
0.660	 2.04	 1	 -42.1413	  173.8458
0.660	 2.11	 1	 -42.3059	  173.6849
0.661	 2.03	 1	 -41.7108	  174.1573
0.661	 2.10	 1	 -41.7328	  174.1712
0.661	 2.19	 1	 -42.3286	  173.0643
0.661	 2.37	 1	 -42.0206	  173.7812
0.662	 2.04	 1	 -42.4548	  174.1949
0.662	 2.71	 1	 -42.0098	  173.8131
0.662	 2.06	 1	 -42.0823	  173.7651
0.663	 2.77	 1	 -42.1017	  173.5944
0.664	 2.21	 1	 -42.2847	  173.7689
0.665	 2.08	 1	 -42.4006	  173.1714
0.665	 2.02	 1	 -41.3546	  173.4521
0.668	 2.56	 1	 -42.0014	  173.6537
0.668	 2.25	 1	 -42.2842	  173.9656
0.669	 2.03	 2	 -42.3055	  172.9391
0.669	 3.01	 1	 -42.3430	  174.0058
0.669	 2.41	 1	 -42.4122	  173.5659
0.670	 2.51	 2	 -41.8837	  173.9274
0.670	 2.22	 1	 -42.0091	  173.9821
0.670	 2.33	 1	 -41.8507	  174.2030
0.670	 2.13	 1	 -42.8542	  173.0226
0.670	 2.76	 2	 -41.6294	  174.2148
0.670	 2.64	 1	 -41.5154	  172.9562
0.671	 2.44	 1	 -42.3636	  173.7959
0.671	 3.14	 1	 -42.4323	  173.6225
0.671	 2.52	 1	 -42.2788	  173.6974
0.672	 2.13	 2	 -41.7670	  174.2209
0.672	 2.46	 2	 -41.8603	  173.9185
0.673	 2.14	 2	 -41.9391	  173.8909
0.673	 2.07	 1	 -42.2041	  173.6427
0.673	 2.28	 1	 -41.9556	  173.6947
0.674	 2.08	 2	 -41.8310	  174.3073
0.674	 2.13	 1	 -41.7600	  174.1868
0.674	 2.34	 1	 -41.7739	  174.1687
0.674	 2.07	 1	 -42.4090	  173.2561
0.675	 2.04	 1	 -42.5459	  172.7060
0.675	 2.55	 1	 -42.2278	  173.5833
0.676	 2.47	 1	 -41.8220	  174.0412
0.676	 2.00	 1	 -41.3358	  174.3086
0.676	 2.20	 1	 -42.0516	  172.9949
0.677	 2.16	 1	 -42.9423	  172.9871
0.677	 2.39	 1	 -43.8438	  167.1082
0.677	 2.61	 1	 -42.1254	  173.6097
0.678	 2.04	 1	 -42.2712	  173.7334
0.678	 2.17	 1	 -41.6680	  174.2713
0.678	 2.60	 1	 -42.2944	  173.6094
0.679	 2.41	 1	 -41.7797	  174.2847
0.679	 2.18	 1	 -42.3457	  173.2336
0.679	 2.43	 1	 -42.2393	  174.2942
0.680	 2.87	 1	 -41.6946	  174.3159
0.680	 2.56	 2	 -41.5971	  174.2184
0.680	 2.56	 1	 -42.1930	  173.6365
0.681	 2.10	 1	 -41.8931	  173.4260
0.683	 3.01	 1	 -42.3709	  173.9768
0.683	 2.40	 1	 -42.4401	  173.1094
0.683	 2.19	 1	 -42.2088	  173.9734
0.683	 2.23	 1	 -42.5531	  173.1615
0.684	 2.04	 1	 -41.8457	  174.3283
0.685	 2.21	 1	 -42.3424	  173.9452
0.685	 2.03	 1	 -42.3703	  174.0059
0.685	 2.22	 1	 -42.2865	  173.5182
0.685	 3.09	 1	 -41.8074	  174.1881
0.685	 2.22	 1	 -41.6600	  174.3723
0.685	 2.16	 1	 -41.7793	  174.2702
0.686	 2.08	 1	 -41.7717	  174.2946
0.686	 2.09	 1	 -42.7966	  172.8568
0.688	 2.18	 1	 -42.2743	  173.7351
0.688	 2.05	 1	 -42.3692	  173.4962
0.688	 2.52	 1	 -42.1689	  173.8251
0.689	 2.58	 1	 -41.7447	  175.0087
0.689	 2.99	 1	 -41.7327	  174.2019
0.689	 2.05	 1	 -42.3675	  174.0112
0.690	 2.07	 1	 -42.2760	  173.6175
0.691	 2.65	 1	 -42.4656	  173.6495
0.691	 2.74	 1	 -41.7353	  174.1850
0.691	 2.16	 1	 -41.7236	  173.5095
0.692	 2.70	 1	 -42.3429	  173.9838
0.692	 2.09	 2	 -42.3679	  173.9761
0.692	 2.56	 1	 -42.6349	  173.7496
0.692	 3.29	 1	 -42.2901	  173.6799
0.692	 2.34	 1	 -42.3156	  173.5700
0.692	 2.98	 1	 -41.8546	  171.8516
0.693	 3.01	 1	 -41.7301	  174.3211
0.693	 2.56	 1	 -42.2050	  173.5493
0.694	 2.45	 1	 -42.3795	  173.7631
0.694	 2.31	 1	 -42.2298	  173.8820
0.694	 2.59	 1	 -41.9498	  174.1455
0.694	 2.62	 1	 -42.3068	  173.7675
0.694	 3.26	 2	 -41.8400	  173.8711
0.694	 2.15	 1	 -41.7587	  174.2177
0.694	 2.35	 2	 -42.2606	  173.6199
0.695	 3.51	 1	 -41.7026	  174.3276
0.695	 2.51	 2	 -41.6735	  174.2106
0.695	 2.11	 1	 -41.6975	  171.7341
0.695	 2.23	 1	 -41.9080	  174.0138
0.695	 2.31	 1	 -42.7994	  172.3155
0.695	 2.16	 2	 -41.8834	  174.1866
0.696	 2.54	 1	 -41.8735	  173.5363
0.697	 2.03	 2	 -41.7648	  174.1840
0.697	 2.72	 1	 -42.5154	  173.6783
0.697	 2.07	 1	 -42.5266	  173.1235
0.697	 2.47	 2	 -41.8659	  173.9471
0.698	 2.16	 1	 -42.5864	  173.2453
0.698	 2.04	 1	 -41.7187	  174.2917
0.698	 2.26	 1	 -42.6290	  173.2538
0.699	 2.06	 1	 -42.6556	  173.0879
0.699	 3.21	 1	 -42.2883	  173.7116
0.699	 2.20	 1	 -43.6460	  172.8601
0.699	 2.25	 1	 -42.2409	  173.3727
0.700	 2.78	 1	 -41.9214	  173.9945
0.700	 2.51	 1	 -41.8533	  174.1379
0.701	 2.34	 1	 -42.2199	  173.6643
0.701	 2.26	 2	 -43.2263	  172.3518
0.701	 2.30	 1	 -42.7718	  172.9366
0.701	 2.13	 1	 -42.2249	  173.5810
0.701	 2.06	 1	 -41.8656	  173.9225
0.701	 2.39	 1	 -41.5447	  172.2240
0.701	 2.32	 1	 -42.8570	  172.9725
0.702	 2.04	 1	 -42.3488	  174.0415
0.702	 2.08	 2	 -41.6966	  174.2178
0.704	 2.56	 1	 -42.5199	  173.0021
0.704	 2.18	 2	 -42.2302	  173.7921
0.704	 2.24	 1	 -41.7125	  174.1819
0.705	 2.77	 1	 -42.5090	  173.0591
0.705	 2.21	 1	 -42.2362	  173.5161
0.705	 2.12	 1	 -41.4959	  174.3943
0.706	 2.54	 1	 -42.3534	  173.8808
0.707	 2.86	 1	 -42.6797	  172.9290
0.707	 2.73	 1	 -41.4746	  174.4647
0.707	 2.14	 1	 -42.5255	  173.7978
0.707	 2.64	 1	 -42.5940	  172.9889
0.708	 2.21	 1	 -42.4263	  173.2735
0.708	 2.95	 1	 -41.9248	  174.0687
0.709	 2.12	 1	 -42.2125	  173.6410
0.709	 2.92	 1	 -42.4093	  173.2651
0.710	 2.02	 1	 -42.4803	  173.0510
0.710	 2.12	 1	 -42.0587	  173.8479
0.710	 2.18	 2	 -42.0570	  173.6800
0.710	 2.26	 1	 -42.5884	  173.0125
0.711	 2.79	 2	 -41.8146	  173.5147
0.711	 2.69	 1	 -42.2764	  173.8099
0.711	 3.06	 1	 -41.6358	  174.2160
0.711	 2.59	 1	 -41.8579	  173.9729
0.711	 3.61	 1	 -42.2732	  173.3557
0.712	 2.51	 1	 -42.5880	  172.7773
0.712	 2.08	 1	 -42.3624	  173.6005
0.712	 2.28	 2	 -41.9221	  173.7161
0.713	 3.58	 1	 -41.7632	  174.1906
0.713	 2.41	 2	 -42.3488	  173.0895
0.714	 2.54	 1	 -38.8056	  177.5834
0.714	 2.68	 1	 -42.3414	  174.0236
0.715	 2.48	 1	 -42.5115	  173.7615
0.715	 2.20	 1	 -42.4633	  173.5703
0.715	 2.07	 1	 -42.6251	  172.9157
0.715	 2.01	 1	 -42.4161	  173.3890
0.715	 2.30	 1	 -41.7274	  174.1454
0.716	 2.45	 1	 -42.3655	  173.1120
0.716	 2.15	 2	 -42.2469	  173.6042
0.716	 2.33	 1	 -41.7693	  174.2434
0.716	 2.26	 1	 -41.2771	  173.9498
0.716	 2.04	 2	 -42.2808	  173.2966
0.717	 2.15	 1	 -42.3023	  173.7401
0.717	 2.56	 1	 -41.9257	  174.0327
0.717	 2.38	 2	 -41.8343	  173.9875
0.717	 2.28	 1	 -42.7517	  173.5925
0.718	 2.85	 1	 -41.7532	  174.1708
0.718	 2.05	 1	 -42.4396	  173.3367
0.718	 2.42	 1	 -42.4318	  173.9659
0.718	 2.89	 1	 -42.3883	  173.7146
0.719	 2.84	 1	 -42.7041	  172.9309
0.719	 2.45	 1	 -42.1539	  173.6293
0.719	 3.37	 1	 -42.4401	  173.3196
0.719	 3.52	 1	 -42.4203	  173.3463
0.720	 2.09	 1	 -42.3469	  173.9762
0.720	 3.48	 1	 -42.1911	  173.8175
0.721	 2.11	 1	 -43.0635	  172.9184
0.721	 2.25	 1	 -42.3276	  173.5956
0.721	 2.08	 1	 -42.6698	  173.1334
0.721	 2.68	 1	 -42.3404	  173.6474
0.722	 2.10	 1	 -41.9151	  173.9741
0.723	 2.10	 2	 -41.8656	  173.9352
0.723	 2.54	 1	 -42.4868	  173.7143
0.723	 3.24	 1	 -42.4517	  174.1250
0.723	 2.05	 1	 -41.8730	  174.4134
0.723	 2.26	 1	 -42.8290	  174.7899
0.723	 2.02	 1	 -41.6914	  174.2840
0.723	 2.46	 1	 -41.9197	  172.9057
0.724	 2.10	 1	 -42.7922	  172.6531
0.724	 2.05	 1	 -42.7297	  172.7899
0.725	 2.03	 1	 -42.3572	  173.7341
0.726	 2.00	 1	 -42.6344	  170.3875
0.726	 2.74	 1	 -41.6625	  174.2717
0.726	 2.58	 1	 -42.2498	  173.6302
0.726	 2.28	 1	 -42.4759	  173.7466
0.727	 3.53	 1	 -42.1593	  173.4904
0.727	 2.23	 1	 -41.7442	  173.9738
0.727	 2.07	 2	 -41.9226	  174.2894
0.727	 2.36	 1	 -42.4380	  173.6893
0.728	 3.06	 1	 -41.8343	  174.1410
0.728	 2.27	 1	 -41.9597	  174.0462
0.728	 2.10	 1	 -41.8152	  174.0694
0.728	 2.20	 1	 -42.4325	  172.9525
0.728	 2.70	 2	 -41.6747	  174.2031
0.728	 2.14	 1	 -41.8289	  174.0270
0.728	 2.13	 1	 -41.7993	  173.9932
0.728	 2.00	 2	 -41.8403	  174.1510
0.728	 2.07	 2	 -41.2603	  174.1748
0.728	 2.17	 1	 -41.9510	  174.2009
0.729	 2.10	 1	 -41.4995	  174.6167
0.729	 2.83	 1	 -42.7154	  173.7248
0.729	 2.44	 1	 -41.9193	  173.5180
0.729	 3.40	 1	 -41.9619	  173.6714
0.730	 2.18	 1	 -41.8515	  173.6534
0.730	 2.29	 1	 -42.2558	  173.8286
0.730	 3.91	 1	 -41.8224	  174.2597
0.730	 2.67	 1	 -42.7636	  172.7289
0.730	 2.12	 2	 -42.1926	  173.6683
0.731	 2.02	 1	 -42.1218	  173.8140
0.732	 2.16	 1	 -42.0774	  173.1772
0.732	 2.10	 1	 -42.4081	  174.0840
0.732	 2.02	 1	 -44.5447	  170.1936
0.732	 2.98	 1	 -42.1805	  173.6374
0.732	 2.35	 1	 -42.2263	  173.5995
0.732	 2.02	 1	 -42.3175	  173.7620
0.733	 3.12	 1	 -39.5466	  168.6509
0.734	 2.03	 1	 -42.2180	  173.8019
0.734	 2.45	 2	 -41.6738	  174.2385
0.735	 2.05	 1	 -41.9777	  173.8773
0.735	 3.21	 1	 -41.8755	  174.0446
0.736	 2.24	 1	 -41.8135	  174.2399
0.736	 2.47	 2	 -41.7079	  174.3350
0.736	 2.04	 1	 -42.6375	  172.9895
0.737	 2.13	 1	 -42.5791	  172.9304
0.737	 2.06	 1	 -42.4170	  173.8531
0.737	 2.27	 2	 -41.7371	  174.2731
0.737	 2.42	 1	 -42.8245	  173.0100
0.737	 2.65	 2	 -41.3979	  173.4961
0.737	 2.11	 1	 -38.4521	  170.9255
0.738	 2.14	 1	 -41.8359	  173.9081
0.738	 2.23	 1	 -41.7708	  173.9452
0.738	 2.00	 1	 -42.1126	  173.3078
0.738	 2.78	 1	 -41.8736	  172.6857
0.740	 2.41	 2	 -41.8750	  174.0173
0.740	 2.29	 1	 -42.2690	  173.6733
0.741	 3.13	 1	 -42.0494	  173.6534
0.741	 2.49	 1	 -42.3511	  173.7369
0.742	 2.27	 1	 -42.3266	  173.7017
0.742	 2.14	 1	 -42.3218	  173.5210
0.742	 2.55	 1	 -42.3835	  173.6097
0.743	 2.26	 1	 -41.8618	  174.1151
0.743	 2.14	 1	 -42.8439	  176.4522
0.743	 2.58	 2	 -41.6347	  174.2550
0.743	 2.08	 1	 -42.3675	  173.7726
0.744	 3.55	 2	 -41.7800	  174.2806
0.744	 2.40	 1	 -42.2090	  173.5437
0.744	 4.37	 2	 -41.8541	  173.9929
0.744	 2.42	 1	 -42.2526	  173.8309
0.745	 2.41	 1	 -41.9730	  173.6680
0.745	 2.27	 1	 -42.2438	  173.4059
0.745	 3.19	 1	 -42.5225	  173.6349
0.746	 2.45	 1	 -42.5684	  173.1313
0.746	 2.29	 1	 -41.7019	  174.2747
0.746	 2.70	 2	 -41.7841	  174.2382
0.747	 2.58	 1	 -42.4324	  173.3236
0.747	 2.15	 1	 -42.1173	  173.9666
0.747	 2.12	 1	 -42.6066	  172.8652
0.747	 4.17	 2	 -41.8959	  173.9669
0.748	 2.42	 1	 -42.6622	  172.8259
0.748	 2.10	 1	 -42.1964	  173.7522
0.749	 2.03	 1	 -41.9511	  174.0612
0.750	 2.20	 1	 -41.6629	  174.1479
0.750	 2.34	 1	 -42.4050	  173.7296
0.751	 3.01	 1	 -42.6622	  172.8640
0.751	 2.51	 1	 -43.2370	  172.3076
0.753	 2.43	 1	 -41.7826	  173.9832
0.753	 2.32	 1	 -41.8576	  174.2819
0.754	 2.38	 1	 -42.5057	  173.2557
0.754	 2.04	 1	 -42.4242	  172.3459
0.754	 2.79	 1	 -42.2924	  173.7203
0.754	 2.49	 1	 -41.7890	  174.2858
0.754	 2.54	 1	 -42.3161	  173.6141
0.755	 2.62	 1	 -41.8200	  174.0660
0.756	 2.42	 1	 -41.7682	  174.1386
0.756	 2.05	 2	 -41.6794	  174.2690
0.756	 3.09	 1	 -42.4902	  174.3420
0.756	 3.09	 1	 -42.1556	  172.9090
0.756	 3.34	 1	 -42.6841	  172.8106
0.756	 2.52	 2	 -41.7015	  174.2104
0.757	 2.76	 1	 -42.3430	  173.8428
0.757	 2.28	 1	 -41.6582	  174.2877
0.757	 2.37	 1	 -42.4223	  173.5386
0.757	 2.40	 1	 -42.0996	  173.6825
0.758	 3.15	 1	 -42.1605	  174.0198
0.758	 2.00	 1	 -42.3289	  173.6063
0.758	 2.76	 1	 -42.2314	  174.0062
0.759	 2.29	 1	 -41.7710	  173.8556
0.759	 2.18	 1	 -42.6385	  172.9659
0.759	 2.29	 1	 -42.3248	  173.4846
0.760	 2.20	 1	 -41.7973	  174.2936
0.760	 3.31	 1	 -41.7971	  174.2015
0.760	 2.13	 1	 -41.6645	  174.2643
0.761	 3.73	 1	 -42.6431	  172.9167
0.761	 3.17	 1	 -42.3543	  173.9871
0.761	 2.09	 1	 -41.7215	  174.1878
0.761	 2.35	 1	 -42.0890	  173.7473
0.762	 2.77	 1	 -41.9947	  173.6241
0.762	 2.11	 1	 -42.5768	  172.9447
0.763	 2.70	 1	 -41.6806	  174.2889
0.763	 2.09	 1	 -42.2618	  173.6123
0.763	 2.27	 1	 -42.6017	  172.9046
0.764	 2.35	 1	 -42.3194	  173.4759
0.764	 2.19	 2	 -41.9462	  173.9178
0.764	 2.37	 1	 -42.3609	  173.3350
0.764	 2.23	 1	 -42.3016	  173.6754
0.764	 2.09	 1	 -42.5030	  173.2817
0.764	 2.37	 1	 -42.8077	  173.9788
0.765	 2.37	 2	 -41.6583	  174.2596
0.765	 2.40	 2	 -41.8854	  173.9541
0.765	 2.04	 1	 -42.7841	  173.0723
0.766	 2.14	 1	 -41.7947	  174.2496
0.766	 2.21	 2	 -42.6567	  172.9162
0.767	 2.48	 1	 -42.3551	  174.0366
0.767	 2.99	 1	 -42.3752	  173.5109
0.768	 2.31	 1	 -41.7193	  174.1723
0.768	 2.86	 1	 -42.2481	  173.3974
0.769	 2.58	 1	 -42.4961	  173.3934
0.769	 2.36	 1	 -41.8055	  174.2400
0.769	 4.42	 1	 -42.2898	  173.6561
0.769	 2.38	 1	 -42.1144	  174.0731
0.769	 2.64	 1	 -42.6373	  172.9601
0.769	 2.16	 1	 -42.6864	  172.7095
0.770	 2.27	 1	 -42.2940	  173.6388
0.770	 2.05	 1	 -42.0639	  173.7023
0.771	 5.11	 1	 -42.2822	  173.7974
0.771	 2.34	 2	 -41.6506	  174.2113
0.772	 2.40	 1	 -44.3034	  170.1871
0.772	 2.37	 1	 -41.7284	  174.2563
0.773	 2.01	 1	 -41.7175	  174.1756
0.773	 2.95	 2	 -41.6855	  174.2507
0.773	 2.11	 1	 -42.5529	  173.7586
0.773	 2.04	 1	 -42.2751	  173.6838
0.773	 2.16	 1	 -42.6668	  172.6923
0.774	 2.63	 2	 -41.9137	  173.8907
0.774	 2.46	 2	 -41.7280	  174.2058
0.774	 2.28	 1	 -41.7858	  174.2767
0.775	 2.12	 1	 -42.6167	  172.7355
0.776	 2.31	 1	 -42.6923	  173.1005
0.776	 3.05	 1	 -41.9272	  173.6226
0.777	 3.06	 1	 -42.3479	  173.8617
0.777	 2.14	 1	 -42.2862	  173.6334
0.777	 2.02	 1	 -42.1912	  173.6958
0.778	 2.88	 2	 -41.8463	  174.2501
0.778	 2.13	 1	 -41.7539	  173.0772
0.778	 2.11	 1	 -42.0179	  173.8963
0.779	 3.64	 1	 -42.2243	  174.2809
0.779	 2.14	 1	 -41.7217	  174.1747
0.779	 3.08	 2	 -41.9352	  174.2390
0.780	 2.06	 1	 -43.0012	  172.4458
0.780	 3.62	 1	 -41.8427	  173.8486
0.780	 2.09	 1	 -41.6745	  174.2846
0.780	 2.35	 1	 -42.5793	  173.0141
0.781	 2.61	 1	 -42.1940	  173.9142
0.781	 2.28	 1	 -42.0641	  173.6201
0.781	 2.03	 1	 -41.7823	  174.1969
0.781	 2.99	 1	 -42.1777	  173.8412
0.782	 2.28	 1	 -41.3449	  174.0338
0.782	 2.36	 1	 -42.2868	  173.6800
0.782	 2.31	 1	 -41.7840	  174.2759
0.782	 2.02	 1	 -41.7063	  174.3209
0.782	 2.14	 1	 -42.2598	  173.7720
0.782	 2.08	 1	 -41.6966	  174.2148
0.783	 2.23	 1	 -42.0604	  173.6783
0.784	 2.13	 1	 -41.6910	  174.2215
0.784	 2.61	 1	 -42.4123	  173.8765
0.784	 2.25	 1	 -42.6616	  172.6367
0.784	 2.64	 1	 -42.4568	  173.1109
0.785	 2.33	 1	 -42.6207	  172.5128
0.785	 2.59	 1	 -42.4881	  173.0486
0.785	 2.25	 1	 -42.5804	  173.7451
0.786	 2.85	 1	 -42.3115	  173.6485
0.786	 2.22	 1	 -41.8773	  174.1911
0.787	 2.48	 1	 -42.0191	  173.6956
0.787	 2.49	 1	 -42.4585	  173.8236
0.788	 2.55	 2	 -42.2612	  173.7823
0.788	 2.11	 1	 -42.6235	  172.9430
0.788	 2.78	 1	 -41.6916	  174.2695
0.789	 2.09	 1	 -42.2416	  173.6600
0.789	 2.16	 1	 -42.8175	  172.0399
0.789	 2.46	 1	 -42.3254	  172.7697
0.789	 2.11	 1	 -42.2409	  173.5993
0.789	 2.10	 1	 -42.3979	  173.5350
0.789	 2.28	 1	 -41.7141	  173.9821
0.789	 2.09	 1	 -42.2690	  173.8991
0.790	 2.41	 2	 -41.6959	  174.2154
0.790	 2.37	 1	 -42.1858	  173.6314
0.791	 2.09	 1	 -42.6418	  173.4890
0.791	 4.54	 1	 -42.6576	  172.9675
0.791	 2.04	 1	 -41.7417	  174.2405
0.791	 2.76	 3	 -41.9005	  173.9808
0.791	 2.47	 1	 -42.2824	  173.8056
0.792	 2.08	 1	 -42.6230	  172.9885
0.793	 2.25	 1	 -42.4758	  174.0487
0.793	 2.36	 1	 -42.3322	  174.0885
0.793	 2.08	 1	 -41.7494	  174.2322
0.793	 3.62	 1	 -41.7846	  174.0671
0.793	 2.92	 1	 -42.5632	  172.9819
0.794	 2.45	 1	 -41.8640	  174.0168
0.794	 2.08	 1	 -41.8487	  173.9149
0.794	 2.46	 1	 -42.6744	  172.7221
0.794	 2.04	 1	 -42.3476	  173.9264
0.795	 2.10	 1	 -41.9964	  173.7706
0.795	 3.30	 2	 -42.2508	  173.7108
0.795	 2.02	 1	 -42.2171	  173.5049
0.795	 2.07	 2	 -41.7796	  174.0113
0.795	 3.02	 2	 -42.6546	  172.8403
0.796	 3.75	 2	 -42.2635	  173.8481
0.796	 2.37	 1	 -42.1605	  174.0439
0.796	 2.71	 1	 -41.8127	  173.9895
0.797	 2.73	 2	 -41.7157	  174.4217
0.797	 2.54	 1	 -43.1456	  174.0844
0.798	 2.10	 1	 -42.6665	  172.6927
0.798	 2.98	 1	 -41.8941	  173.8976
0.799	 2.07	 2	 -42.6310	  172.9119
0.799	 3.42	 1	 -41.8034	  174.1537
0.799	 3.14	 2	 -41.9699	  173.5727
0.799	 2.08	 1	 -41.6477	  174.6597
0.799	 2.77	 1	 -41.8249	  174.2152
0.799	 3.21	 1	 -42.5294	  174.1146
0.799	 2.51	 1	 -42.0465	  173.9088
0.799	 2.06	 2	 -42.3143	  173.8144
0.800	 3.03	 1	 -42.5911	  173.8263
0.800	 2.12	 1	 -42.3869	  174.0564
0.800	 2.23	 1	 -41.8150	  174.1221
0.801	 2.44	 2	 -41.6390	  174.6576
0.801	 2.08	 1	 -41.7664	  174.2059
0.802	 4.37	 1	 -42.3600	  173.9587
0.803	 2.31	 1	 -42.1055	  173.5982
0.803	 2.01	 1	 -41.9397	  174.0802
0.804	 4.14	 1	 -42.4041	  174.0230
0.804	 2.26	 2	 -41.9680	  174.4827
0.804	 2.11	 1	 -41.7656	  174.2573
0.804	 2.39	 1	 -42.2409	  173.6599
0.805	 2.08	 2	 -41.7906	  174.3056
0.805	 2.62	 1	 -42.5248	  173.1578
0.805	 2.23	 1	 -42.3697	  173.7016
0.805	 2.05	 1	 -42.3756	  174.0539
0.806	 2.27	 1	 -41.9980	  173.6467
0.806	 2.18	 1	 -41.9523	  172.4928
0.806	 2.09	 1	 -42.1813	  173.5894
0.807	 3.53	 1	 -42.4075	  173.6918
0.807	 2.06	 1	 -42.2065	  173.7100
0.807	 2.38	 1	 -41.7701	  174.1768
0.807	 2.64	 1	 -42.3567	  173.8957
0.807	 2.37	 1	 -42.1442	  173.6840
0.807	 2.48	 1	 -42.2401	  174.2215
0.808	 2.03	 1	 -42.0166	  173.7979
0.808	 2.16	 1	 -42.5487	  173.1613
0.808	 2.51	 1	 -41.7902	  174.1767
0.808	 2.08	 1	 -42.0809	  173.8827
0.808	 2.19	 1	 -41.8861	  173.9575
0.809	 2.06	 1	 -42.4219	  173.7037
0.809	 2.44	 1	 -42.6650	  172.7543
0.809	 2.16	 1	 -41.7818	  173.9455
0.810	 2.09	 2	 -40.9146	  173.3668
0.810	 2.02	 1	 -41.6733	  174.3018
0.810	 2.09	 1	 -41.7356	  174.2608
0.810	 2.05	 2	 -41.7082	  174.2197
0.811	 2.30	 1	 -42.4886	  173.2301
0.811	 2.52	 2	 -42.3600	  174.1795
0.811	 2.03	 1	 -42.0007	  174.3699
0.812	 2.06	 1	 -42.3425	  173.7230
0.812	 2.19	 1	 -42.4060	  173.4346
0.812	 2.03	 1	 -42.5369	  173.0302
0.812	 3.10	 1	 -42.3135	  173.5581
0.813	 2.64	 1	 -43.0348	  173.1150
0.813	 2.08	 1	 -41.9721	  174.0819
0.813	 2.61	 1	 -42.0216	  173.6395
0.813	 2.62	 2	 -41.8831	  173.8832
0.813	 2.10	 3	 -41.8671	  174.0203
0.814	 2.29	 1	 -41.7020	  174.2135
0.815	 2.06	 1	 -41.9929	  173.7201
0.815	 2.05	 1	 -42.1615	  172.7318
0.815	 2.49	 1	 -42.3772	  173.7410
0.816	 2.35	 1	 -42.4713	  172.8711
0.816	 2.02	 1	 -41.7250	  174.2928
0.816	 3.22	 2	 -42.2773	  173.6563
0.816	 2.28	 2	 -42.3228	  173.7488
0.816	 2.58	 2	 -42.2557	  173.8478
0.817	 2.44	 1	 -41.7365	  174.0767
0.817	 2.02	 1	 -41.8047	  174.2458
0.817	 2.33	 1	 -41.8691	  173.8574
0.817	 2.30	 1	 -42.4273	  173.5952
0.818	 3.30	 2	 -41.8269	  173.8765
0.818	 2.57	 1	 -41.8089	  174.1890
0.818	 2.28	 1	 -42.3530	  173.8096
0.818	 2.30	 1	 -42.6611	  172.8761
0.819	 5.18	 1	 -41.7325	  174.2495
0.820	 2.14	 1	 -42.2549	  173.9866
0.820	 3.05	 2	 -41.4142	  174.1943
0.820	 2.11	 2	 -41.7834	  174.2869
0.821	 2.26	 1	 -42.3899	  173.5556
0.822	 2.26	 1	 -41.6779	  174.2166
0.822	 2.16	 2	 -41.8077	  174.1619
0.823	 2.02	 1	 -41.7350	  174.3255
0.823	 2.18	 1	 -42.6435	  173.1286
0.823	 2.06	 1	 -41.7439	  174.2881
0.824	 2.55	 1	 -41.9070	  170.6143
0.824	 2.72	 1	 -42.1777	  173.9661
0.824	 2.61	 1	 -42.4630	  172.4875
0.825	 2.04	 1	 -42.0647	  173.7435
0.825	 2.06	 1	 -42.2328	  173.6626
0.826	 3.01	 3	 -41.7225	  174.2337
0.827	 2.74	 1	 -42.4949	  173.8398
0.827	 2.02	 2	 -41.8889	  173.8637
0.827	 2.11	 1	 -42.5108	  173.5341
0.827	 2.66	 2	 -41.6558	  174.3391
0.827	 2.61	 2	 -41.6841	  174.2408
0.828	 4.31	 1	 -42.6662	  172.8194
0.829	 2.23	 1	 -41.8105	  174.3977
0.829	 3.07	 1	 -42.1018	  173.9213
0.829	 2.54	 1	 -41.7305	  174.2417
0.830	 2.35	 1	 -42.3638	  173.9474
0.830	 2.65	 1	 -42.1411	  173.5341
0.830	 2.71	 1	 -41.7127	  174.2758
0.832	 2.45	 1	 -42.4044	  173.4873
0.832	 2.15	 1	 -41.9666	  174.1298
0.833	 2.49	 1	 -41.7042	  174.2753
0.834	 2.21	 1	 -41.8957	  174.2757
0.834	 2.57	 1	 -42.2421	  173.6970
0.834	 2.53	 1	 -41.8173	  174.1364
0.835	 2.02	 1	 -42.5591	  173.3414
0.835	 2.38	 1	 -42.9694	  172.7231
0.835	 3.86	 1	 -41.9545	  173.9515
0.835	 2.22	 1	 -42.3526	  173.6111
0.835	 3.72	 1	 -41.9670	  173.8538
0.835	 2.23	 1	 -41.8269	  174.0175
0.836	 2.01	 1	 -42.3694	  173.5901
0.836	 2.09	 1	 -41.9051	  173.8984
0.837	 2.67	 1	 -42.2770	  173.1031
0.837	 2.29	 1	 -41.8083	  174.4214
0.837	 2.47	 1	 -42.3407	  173.1878
0.837	 2.59	 1	 -42.4791	  173.7560
0.837	 2.07	 2	 -41.8525	  173.8750
0.838	 3.12	 1	 -42.2660	  173.6987
0.838	 2.20	 2	 -41.9016	  173.9594
0.838	 3.55	 1	 -42.1860	  173.9115
0.839	 2.25	 1	 -41.7251	  174.1673
0.839	 2.21	 2	 -41.7022	  174.2142
0.839	 2.63	 1	 -42.5455	  173.1128
0.839	 3.62	 2	 -41.6997	  174.2492
0.839	 2.01	 2	 -41.6192	  174.2334
0.841	 2.54	 1	 -42.3297	  174.5464
0.842	 2.54	 1	 -41.7209	  174.3678
0.842	 2.14	 1	 -41.7564	  174.3293
0.843	 2.22	 1	 -42.3553	  173.9142
0.843	 2.26	 1	 -42.5393	  173.1217
0.844	 2.48	 1	 -42.5927	  174.0959
0.844	 3.29	 1	 -41.7032	  174.2746
0.845	 2.47	 1	 -42.4933	  173.8804
0.845	 2.53	 1	 -42.4472	  173.7212
0.846	 2.18	 1	 -41.7658	  174.3392
0.846	 2.22	 1	 -41.9474	  174.0487
0.847	 2.01	 1	 -42.4277	  173.8755
0.847	 2.02	 1	 -42.5725	  173.0657
0.847	 2.28	 1	 -42.4288	  173.2047
0.847	 2.35	 1	 -42.4972	  173.1909
0.848	 3.30	 1	 -42.3683	  173.2196
0.848	 2.04	 1	 -41.7711	  174.2793
0.848	 4.85	 1	 -41.7263	  174.3069
0.849	 2.74	 1	 -42.4997	  173.6490
0.849	 2.02	 1	 -42.1486	  172.8790
0.850	 2.42	 1	 -42.5297	  173.9730
0.850	 2.14	 1	 -41.5976	  174.1590
0.850	 2.10	 1	 -42.1706	  173.3323
0.850	 2.47	 2	 -42.7008	  172.7904
0.852	 2.24	 2	 -42.3841	  173.6538
0.853	 2.39	 1	 -41.9559	  173.6733
0.853	 2.33	 1	 -42.6320	  172.9378
0.853	 2.59	 1	 -42.4758	  173.2749
0.853	 2.24	 2	 -41.9244	  174.4792
0.853	 2.15	 1	 -43.1627	  173.5844
0.855	 2.93	 3	 -42.0595	  173.9697
0.855	 2.88	 1	 -41.6588	  174.2518
0.855	 2.29	 1	 -42.3507	  172.0131
0.855	 2.04	 1	 -42.6233	  172.9242
0.856	 2.17	 2	 -41.7169	  174.3746
0.856	 2.13	 1	 -42.6243	  172.9304
0.856	 2.08	 1	 -41.8410	  174.3675
0.857	 2.04	 2	 -41.7154	  174.1456
0.857	 2.07	 1	 -41.6805	  174.1625
0.857	 2.00	 1	 -42.4109	  173.6700
0.858	 2.08	 2	 -41.9818	  173.7244
0.858	 2.77	 1	 -42.3718	  174.4237
0.858	 2.45	 3	 -41.8272	  173.9393
0.859	 2.16	 1	 -42.1153	  173.3664
0.860	 3.10	 1	 -42.3554	  173.7280
0.861	 2.64	 1	 -41.6765	  174.2040
0.861	 2.18	 1	 -41.7219	  174.2812
0.861	 2.60	 2	 -42.9822	  172.6671
0.862	 2.13	 1	 -41.9459	  173.7187
0.862	 2.76	 1	 -41.8825	  173.9700
0.862	 3.09	 1	 -42.7056	  173.5335
0.862	 2.24	 1	 -43.2637	  171.2732
0.863	 2.02	 1	 -42.2598	  172.9127
0.863	 2.25	 1	 -42.4786	  173.8114
0.863	 2.19	 1	 -42.3282	  174.1066
0.863	 2.08	 1	 -42.1842	  173.5584
0.864	 2.88	 1	 -42.0435	  173.7184
0.864	 2.39	 2	 -42.4967	  174.0319
0.864	 4.40	 1	 -41.8735	  174.1982
0.864	 2.71	 2	 -41.9199	  173.5168
0.864	 2.36	 2	 -42.3475	  173.9761
0.865	 2.31	 1	 -42.4650	  173.8129
0.865	 2.44	 1	 -42.4816	  173.9700
0.865	 2.73	 1	 -41.2195	  174.1862
0.865	 2.47	 1	 -42.3369	  172.8808
0.865	 2.12	 2	 -42.3600	  173.1655
0.865	 2.32	 1	 -42.3789	  173.9660
0.866	 2.08	 1	 -41.8404	  173.9524
0.867	 2.13	 1	 -42.3077	  173.8981
0.867	 4.73	 1	 -42.6668	  173.6676
0.867	 2.01	 1	 -42.1650	  173.5640
0.867	 2.16	 1	 -42.5663	  172.8562
0.867	 2.57	 1	 -41.9956	  174.1726
0.868	 3.13	 1	 -42.3303	  173.3152
0.868	 2.08	 1	 -41.9431	  173.7312
0.868	 2.21	 2	 -42.2829	  173.7976
0.869	 2.06	 1	 -42.1780	  174.4169
0.869	 2.44	 1	 -42.3763	  173.2986
0.870	 5.04	 1	 -42.4831	  173.1919
0.870	 4.36	 1	 -42.1206	  173.6039
0.871	 2.25	 1	 -41.7407	  174.4314
0.871	 2.61	 1	 -42.1535	  173.6806
0.871	 2.12	 1	 -41.9093	  174.0826
0.871	 2.22	 2	 -41.9064	  173.8533
0.871	 2.49	 2	 -41.6926	  174.3229
0.872	 2.19	 1	 -41.7993	  174.1530
0.872	 2.03	 1	 -42.1485	  173.5929
0.872	 2.06	 1	 -41.9490	  173.5665
0.872	 2.39	 1	 -42.3512	  173.9374
0.873	 2.09	 1	 -42.0866	  173.7129
0.873	 3.25	 1	 -42.2920	  174.3138
0.873	 2.25	 1	 -42.7670	  173.1501
0.873	 2.13	 1	 -41.8094	  174.2523
0.874	 2.18	 1	 -41.7719	  174.0150
0.874	 2.38	 1	 -42.5286	  173.6514
0.876	 2.42	 2	 -42.1034	  173.1745
0.876	 2.15	 2	 -41.7477	  174.1889
0.876	 2.05	 1	 -42.5803	  173.8419
0.876	 2.00	 1	 -41.7729	  174.2676
0.876	 2.03	 1	 -41.6932	  174.2189
0.876	 2.40	 1	 -42.5587	  173.0613
0.877	 2.02	 3	 -41.5785	  174.1579
0.877	 3.09	 1	 -42.2731	  173.6694
0.877	 2.30	 1	 -42.3305	  174.3423
0.877	 2.16	 1	 -42.5819	  173.1162
0.877	 2.04	 2	 -41.6747	  174.3289
0.877	 2.33	 1	 -42.6364	  172.6408
0.878	 2.42	 1	 -42.3512	  173.8764
0.879	 2.79	 1	 -42.3932	  173.7455
0.879	 2.70	 1	 -42.2782	  174.2026
0.879	 2.52	 1	 -42.5516	  172.8299
0.879	 2.15	 1	 -42.3038	  173.6059
0.879	 2.65	 1	 -42.4226	  174.2082
0.879	 2.01	 1	 -42.4963	  173.3713
0.880	 2.40	 1	 -42.3587	  173.7581
0.880	 2.57	 1	 -42.4003	  174.0178
0.880	 2.24	 1	 -41.7687	  174.2845
0.880	 2.53	 1	 -42.5008	  173.1442
0.880	 3.38	 1	 -42.0581	  173.7736
0.880	 2.01	 2	 -41.6772	  174.1466
0.881	 2.03	 2	 -41.7077	  174.9114
0.881	 2.00	 1	 -41.8596	  174.1483
0.881	 2.22	 1	 -42.5994	  172.7783
0.881	 3.31	 2	 -41.9700	  173.8434
0.882	 2.19	 1	 -41.7263	  174.1935
0.882	 2.01	 1	 -41.6781	  174.2966
0.882	 2.22	 2	 -42.0026	  173.8585
0.882	 2.00	 1	 -41.6581	  174.3510
0.882	 2.13	 1	 -42.2351	  173.5889
0.883	 2.59	 2	 -42.3450	  173.8365
0.884	 2.77	 3	 -41.9053	  174.2717
0.884	 2.27	 1	 -41.7099	  174.3009
0.885	 2.62	 2	 -42.1564	  173.9398
0.885	 2.19	 1	 -42.4850	  173.2788
0.885	 3.37	 1	 -41.9679	  173.8633
0.885	 2.68	 1	 -42.3743	  174.2133
0.885	 2.39	 2	 -41.7884	  174.2030
0.886	 3.48	 1	 -41.9705	  174.0372
0.886	 2.18	 1	 -42.0662	  173.6521
0.887	 2.22	 1	 -42.6362	  173.4534
0.887	 2.04	 1	 -42.4859	  173.5137
0.887	 3.11	 1	 -41.7050	  174.2790
0.888	 2.69	 2	 -41.7178	  174.1414
0.888	 2.19	 1	 -42.6368	  172.9914
0.888	 2.53	 2	 -42.2259	  174.2724
0.888	 2.36	 1	 -41.8951	  173.5520
0.888	 2.10	 1	 -42.4431	  173.1937
0.889	 2.06	 1	 -41.6141	  174.2706
0.889	 2.12	 2	 -41.8081	  174.1981
0.889	 2.56	 1	 -41.7246	  174.3165
0.889	 2.33	 1	 -42.2691	  173.5872
0.890	 2.18	 1	 -42.3381	  173.1645
0.890	 2.30	 2	 -42.6306	  172.8920
0.890	 2.86	 2	 -41.8671	  174.2110
0.890	 2.17	 1	 -42.1547	  173.6072
0.890	 2.09	 2	 -42.7177	  172.9218
0.891	 2.38	 1	 -42.3254	  172.7247
0.891	 2.85	 1	 -42.5193	  172.8805
0.891	 2.15	 2	 -41.6316	  174.3593
0.891	 2.00	 2	 -41.6621	  174.2601
0.892	 2.27	 2	 -41.6520	  174.0265
0.892	 2.15	 2	 -42.6431	  173.7128
0.893	 2.15	 1	 -42.2459	  173.6117
0.893	 2.27	 1	 -42.3611	  174.0099
0.893	 2.72	 1	 -41.7621	  174.3677
0.894	 2.59	 2	 -42.4137	  173.8735
0.894	 2.24	 1	 -41.7136	  174.2071
0.894	 2.38	 2	 -42.2672	  173.7772
0.895	 3.17	 1	 -41.9321	  174.2778
0.896	 2.97	 1	 -42.1284	  173.5914
0.896	 2.94	 2	 -42.3027	  173.6537
0.896	 2.32	 1	 -42.0222	  173.7696
0.896	 2.09	 2	 -41.6719	  174.1806
0.896	 2.04	 1	 -41.5021	  173.3369
0.898	 2.12	 1	 -41.7580	  174.2250
0.898	 2.15	 1	 -41.7226	  174.2014
0.899	 2.06	 2	 -42.4905	  173.1438
0.899	 2.81	 1	 -41.7745	  173.9118
0.899	 2.15	 1	 -42.2436	  173.8946
0.899	 2.38	 1	 -41.7438	  174.2242
0.900	 3.03	 1	 -41.6894	  174.2575
0.901	 2.09	 1	 -42.4607	  173.2073
0.902	 2.30	 2	 -42.5198	  173.2275
0.902	 2.57	 2	 -42.3120	  173.8249
0.902	 2.62	 1	 -42.4718	  173.4124
0.902	 2.29	 1	 -41.7648	  174.1870
0.902	 2.03	 2	 -42.9418	  172.9913
0.903	 3.19	 1	 -41.9071	  173.9710
0.903	 2.83	 1	 -43.0348	  173.8255
0.903	 2.53	 2	 -41.7159	  174.3887
0.903	 3.03	 1	 -42.2794	  173.9715
0.903	 2.19	 1	 -41.9753	  173.6873
0.903	 2.78	 1	 -42.3986	  173.8983
0.903	 2.70	 2	 -41.6562	  174.5332
0.904	 2.65	 1	 -41.7351	  174.2204
0.904	 2.76	 1	 -42.3360	  173.7814
0.904	 2.34	 1	 -41.7784	  174.1870
0.905	 2.04	 1	 -42.1087	  173.5866
0.905	 2.07	 2	 -41.9421	  174.0179
0.905	 2.11	 1	 -42.1236	  169.6454
0.906	 2.01	 1	 -42.2111	  173.8641
0.906	 2.55	 1	 -41.9820	  173.7309
0.906	 2.49	 2	 -41.7187	  173.9261
0.906	 2.48	 2	 -41.6722	  174.1615
0.907	 2.19	 1	 -42.2548	  173.6129
0.907	 2.54	 1	 -41.6454	  174.2623
0.908	 2.07	 1	 -41.7958	  174.0186
0.908	 2.74	 1	 -42.7083	  172.7845
0.908	 3.45	 1	 -42.3380	  173.8738
0.909	 2.14	 2	 -44.5053	  178.6378
0.909	 2.35	 1	 -41.7630	  173.8560
0.909	 3.48	 2	 -42.6601	  173.6755
0.910	 2.55	 1	 -42.3499	  173.5255
0.910	 2.74	 1	 -41.8194	  174.2836
0.910	 2.24	 1	 -41.8792	  174.3214
0.910	 2.32	 2	 -42.4793	  173.2184
0.910	 2.11	 2	 -41.7357	  174.2842
0.911	 2.18	 1	 -41.7810	  174.2385
0.911	 2.41	 1	 -42.5619	  173.6158
0.911	 2.96	 1	 -42.3476	  174.0278
0.911	 2.03	 1	 -41.6337	  173.5934
0.912	 2.33	 1	 -42.2449	  173.4674
0.912	 2.50	 2	 -42.1976	  173.6424
0.912	 2.50	 1	 -42.6467	  172.8990
0.913	 2.27	 1	 -42.6310	  172.9489
0.913	 2.72	 1	 -42.4024	  173.3127
0.913	 2.07	 1	 -41.7746	  174.3282
0.914	 2.51	 2	 -41.9793	  173.7726
0.914	 3.09	 2	 -41.7981	  174.2628
0.915	 3.60	 1	 -42.0392	  173.6870
0.915	 2.51	 1	 -42.4164	  173.7021
0.915	 2.61	 1	 -41.9338	  173.7674
0.916	 2.66	 1	 -41.9726	  174.0382
0.916	 2.45	 2	 -42.7950	  173.9758
0.916	 3.32	 3	 -41.8160	  174.2692
0.916	 2.49	 1	 -42.6306	  173.6965
0.917	 2.59	 2	 -41.8389	  174.1044
0.917	 2.11	 1	 -41.7340	  174.3176
0.917	 2.10	 1	 -42.4961	  173.2097
0.917	 2.56	 1	 -41.8937	  174.0154
0.918	 2.46	 2	 -41.7074	  174.2901
0.918	 2.61	 1	 -42.2922	  173.7337
0.918	 2.67	 1	 -42.6028	  172.8796
0.919	 2.32	 1	 -41.8364	  174.0452
0.919	 2.09	 1	 -42.2761	  173.7252
0.919	 2.53	 1	 -41.8995	  174.3324
0.920	 2.00	 1	 -41.9522	  173.6496
0.921	 2.03	 1	 -41.7530	  174.2852
0.921	 2.13	 2	 -42.4681	  173.1352
0.921	 2.14	 2	 -41.7092	  174.3360
0.921	 3.28	 1	 -42.0380	  173.6946
0.922	 2.09	 1	 -41.6569	  174.3302
0.923	 2.57	 1	 -41.9542	  173.3663
0.923	 2.09	 2	 -42.6636	  173.6646
0.924	 2.02	 1	 -42.2413	  173.6192
0.924	 2.14	 1	 -42.6539	  172.9035
0.925	 2.04	 1	 -41.8190	  174.2548
0.925	 2.42	 1	 -41.9298	  174.0592
0.926	 2.37	 1	 -42.9476	  173.5328
0.926	 2.04	 1	 -42.7307	  172.8776
0.926	 2.21	 2	 -42.3341	  173.7854
0.926	 2.10	 1	 -42.3576	  173.7894
0.926	 2.43	 2	 -42.3445	  174.1616
0.927	 2.50	 1	 -41.9455	  174.0048
0.927	 2.07	 1	 -41.9528	  173.6460
0.928	 3.83	 1	 -42.4598	  173.8156
0.929	 2.60	 1	 -42.3028	  174.5542
0.930	 2.32	 2	 -42.1534	  173.3390
0.931	 2.02	 1	 -42.5908	  173.2739
0.931	 2.03	 2	 -42.3976	  173.1237
0.931	 2.17	 1	 -41.7098	  174.2806
0.931	 2.14	 2	 -42.2911	  173.5719
0.932	 2.72	 1	 -42.0129	  173.6804
0.932	 3.10	 1	 -42.1592	  173.6978
0.932	 2.22	 1	 -42.2102	  173.6238
0.932	 2.44	 1	 -41.6771	  174.5228
0.933	 2.37	 1	 -41.6717	  174.3513
0.933	 2.06	 1	 -42.3256	  173.7086
0.933	 2.42	 2	 -42.2939	  173.6440
0.934	 2.36	 1	 -42.1025	  173.8023
0.934	 2.50	 1	 -41.7287	  174.2344
0.934	 2.35	 1	 -42.2337	  173.8509
0.935	 3.06	 1	 -42.1284	  173.4813
0.935	 2.11	 1	 -42.6850	  173.0681
0.936	 2.01	 1	 -42.7412	  172.8305
0.936	 2.05	 1	 -42.2769	  173.6633
0.936	 2.62	 2	 -42.3186	  173.5765
0.936	 2.08	 1	 -42.2715	  173.4918
0.936	 2.02	 1	 -43.9370	  171.2169
0.936	 3.45	 1	 -42.2226	  173.6336
0.936	 2.25	 2	 -41.8894	  173.9937
0.937	 2.49	 1	 -42.7477	  173.1007
0.937	 2.68	 1	 -43.1711	  172.4825
0.938	 2.82	 1	 -41.7813	  174.4248
0.938	 2.76	 1	 -42.1058	  174.0440
0.938	 2.06	 2	 -42.0561	  173.7740
0.938	 2.41	 2	 -42.5849	  173.0898
0.938	 2.39	 1	 -42.6371	  172.8172
0.939	 3.13	 1	 -42.2165	  173.6091
0.939	 2.01	 1	 -42.3904	  173.9929
0.939	 3.16	 1	 -42.4036	  173.5930
0.940	 2.29	 1	 -42.2088	  173.7519
0.940	 3.00	 1	 -41.6822	  174.3130
0.941	 2.71	 2	 -42.3484	  173.9337
0.941	 2.52	 1	 -42.2117	  173.2207
0.941	 2.68	 1	 -42.6028	  173.0961
0.941	 2.57	 2	 -41.7542	  174.2714
0.942	 2.35	 1	 -42.3359	  173.6880
0.943	 2.36	 1	 -42.2887	  173.7701
0.944	 2.23	 1	 -42.3404	  173.8456
0.944	 2.26	 1	 -42.4262	  173.3196
0.946	 2.33	 1	 -41.7971	  173.9492
0.946	 2.48	 1	 -42.4807	  173.3148
0.946	 2.03	 1	 -42.9385	  173.4726
0.946	 3.09	 2	 -42.5466	  172.7387
0.946	 2.43	 1	 -41.7512	  174.2601
0.946	 2.03	 1	 -44.3743	  171.5475
0.946	 2.05	 1	 -41.7573	  174.2401
0.947	 2.79	 1	 -42.6410	  173.0335
0.947	 2.27	 1	 -41.8002	  174.1377
0.947	 2.39	 1	 -43.0356	  174.2770
0.947	 2.50	 1	 -42.8504	  173.0769
0.947	 2.26	 1	 -42.0201	  173.6469
0.948	 2.40	 2	 -41.9226	  173.9850
0.949	 2.26	 1	 -41.6520	  174.2142
0.949	 2.29	 1	 -42.3499	  174.0318
0.949	 2.58	 1	 -42.2700	  173.4937
0.949	 2.55	 1	 -41.7515	  174.1734
0.950	 2.06	 1	 -42.5942	  173.7318
0.950	 2.31	 1	 -42.4769	  173.7122
0.950	 2.71	 1	 -41.7786	  174.2860
0.951	 2.27	 1	 -42.1790	  173.5962
0.951	 2.20	 1	 -42.4704	  173.8374
0.954	 2.10	 1	 -42.3912	  170.7641
0.954	 2.01	 1	 -42.5203	  172.9913
0.954	 2.00	 2	 -42.6160	  172.9292
0.954	 2.19	 2	 -42.6354	  172.6358
0.954	 2.17	 2	 -41.9265	  174.0704
0.954	 2.00	 2	 -41.6860	  174.2570
0.955	 2.89	 1	 -42.4491	  173.7980
0.955	 2.01	 2	 -41.6465	  174.2560
0.956	 2.25	 1	 -42.0590	  173.5948
0.956	 2.26	 1	 -42.3988	  173.6680
0.957	 2.72	 1	 -41.7251	  174.1785
0.957	 2.41	 2	 -43.3376	  168.2317
0.957	 2.24	 1	 -41.8950	  174.1848
0.958	 2.27	 1	 -41.7075	  174.3955
0.958	 2.40	 1	 -40.9825	  170.9069
0.958	 2.00	 1	 -42.3546	  174.0149
0.959	 2.18	 1	 -41.9368	  173.9747
0.959	 2.29	 1	 -41.9587	  173.6757
0.960	 2.75	 1	 -42.1047	  173.7109
0.961	 2.97	 2	 -42.2519	  173.7440
0.961	 3.27	 2	 -41.8263	  174.2078
0.961	 2.22	 1	 -42.4078	  172.7434
0.961	 2.37	 2	 -41.7272	  173.4240
0.962	 2.31	 1	 -42.4931	  173.1154
0.962	 2.77	 1	 -41.9741	  174.4387
0.963	 2.22	 1	 -42.6555	  173.0408
0.963	 2.07	 3	 -41.8580	  174.0560
0.963	 2.44	 1	 -42.3170	  173.9502
0.963	 2.15	 2	 -42.2259	  173.7724
0.964	 2.03	 1	 -45.8581	  170.1892
0.964	 2.32	 1	 -41.8940	  174.1712
0.965	 2.03	 1	 -42.2936	  173.7973
0.965	 2.27	 1	 -41.7742	  174.2059
0.965	 2.14	 1	 -43.1326	  175.0718
0.965	 2.25	 1	 -42.4324	  173.0580
0.966	 2.19	 2	 -41.6584	  174.3455
0.967	 2.27	 1	 -42.6187	  172.7811
0.968	 2.11	 1	 -43.8580	  179.3436
0.968	 2.10	 2	 -41.6782	  174.2720
0.968	 2.09	 1	 -42.3422	  173.9314
0.968	 2.87	 1	 -42.9422	  173.1464
0.968	 2.05	 1	 -42.6475	  173.1558
0.969	 2.33	 1	 -41.9995	  173.5894
0.969	 2.08	 2	 -42.0036	  173.6885
0.970	 2.73	 1	 -42.3128	  173.5227
0.970	 3.30	 1	 -42.3438	  173.9496
0.970	 2.97	 2	 -41.9597	  173.9569
0.972	 2.19	 2	 -42.7059	  173.7258
0.972	 2.43	 1	 -41.9648	  173.8566
0.972	 2.74	 1	 -42.3180	  173.6779
0.972	 2.21	 1	 -42.3199	  173.8219
0.972	 3.60	 1	 -41.9590	  173.6516
0.973	 2.46	 2	 -41.6981	  174.0010
0.973	 2.16	 1	 -42.5877	  172.9742
0.973	 2.29	 1	 -42.3174	  173.2458
0.973	 2.16	 1	 -42.6620	  172.9205
0.973	 2.18	 1	 -38.4460	  171.4787
0.974	 2.04	 1	 -42.0243	  173.6762
0.975	 2.10	 1	 -42.3675	  174.0816
0.975	 2.25	 1	 -42.5375	  172.9972
0.976	 2.01	 1	 -41.7837	  174.2287
0.976	 2.17	 1	 -42.5493	  173.1637
0.977	 2.09	 1	 -42.5996	  172.8396
0.977	 2.89	 1	 -42.0481	  173.7872
0.978	 2.46	 1	 -42.6932	  172.6774
0.978	 2.57	 1	 -41.8952	  174.1941
0.978	 2.06	 1	 -42.5292	  173.8203
0.978	 2.56	 2	 -42.6741	  172.8038
0.978	 2.28	 1	 -43.2900	  176.2886
0.978	 2.69	 1	 -42.3677	  173.7957
0.978	 2.05	 1	 -42.1401	  173.8389
0.979	 2.08	 1	 -41.6665	  174.2961
0.980	 2.27	 1	 -41.7652	  174.2772
0.980	 2.46	 1	 -41.7955	  174.2863
0.980	 2.09	 1	 -42.3563	  172.8633
0.980	 2.57	 1	 -42.5623	  173.1483
0.981	 2.27	 1	 -42.3623	  173.9797
0.981	 2.39	 1	 -42.3996	  173.7116
0.982	 2.01	 1	 -41.8205	  174.2020
0.983	 2.42	 1	 -42.7218	  173.2509
0.984	 2.27	 2	 -42.2870	  173.7790
0.984	 2.03	 1	 -41.7101	  174.3753
0.985	 2.04	 2	 -41.7375	  174.2058
0.985	 2.05	 2	 -41.6781	  174.2557
0.985	 2.71	 1	 -42.1040	  173.7361
0.985	 2.28	 1	 -42.5131	  172.4004
0.986	 3.20	 1	 -42.2265	  173.8101
0.986	 3.10	 2	 -42.5361	  173.1392
0.986	 2.54	 2	 -42.0509	  173.7950
0.987	 2.07	 1	 -42.3356	  173.6396
0.987	 2.04	 1	 -42.3122	  173.6932
0.988	 2.19	 1	 -42.5492	  173.1802
0.988	 2.16	 2	 -41.8588	  173.8989
0.989	 3.42	 1	 -42.7294	  172.9808
0.989	 2.40	 2	 -41.8952	  173.9289
0.990	 2.28	 1	 -42.0018	  173.6440
0.990	 2.15	 1	 -42.5026	  173.9022
0.990	 2.43	 1	 -42.3678	  173.9416
0.990	 2.07	 1	 -42.1832	  173.9009
0.990	 3.33	 1	 -41.2555	  172.7218
0.991	 2.44	 1	 -41.6896	  174.1883
0.991	 3.29	 2	 -42.6612	  173.6830
0.991	 2.17	 2	 -41.7207	  174.2775
0.992	 2.39	 1	 -41.7113	  174.3165
0.992	 2.32	 1	 -42.5413	  173.1525
0.992	 2.05	 1	 -42.5346	  173.1058
0.992	 3.53	 2	 -41.4016	  173.5157
0.992	 2.08	 1	 -41.8437	  173.9380
0.993	 2.19	 1	 -42.2821	  173.9283
0.993	 2.04	 1	 -41.7207	  174.2833
0.993	 2.23	 1	 -42.1376	  173.6545
0.993	 2.08	 1	 -42.1453	  173.6088
0.994	 2.25	 1	 -41.7849	  174.3116
0.994	 3.40	 1	 -41.7508	  174.2647
0.995	 2.03	 1	 -42.0284	  173.7425
0.995	 3.13	 1	 -42.1520	  173.5952
0.996	 2.11	 1	 -41.9738	  173.7360
0.996	 2.27	 2	 -42.3029	  173.4664
0.997	 2.07	 2	 -41.5034	  174.0726
0.997	 3.38	 1	 -41.7961	  174.2041
0.997	 2.76	 1	 -41.7094	  174.2782
0.997	 2.48	 1	 -41.7309	  174.1274
0.997	 2.10	 2	 -42.4266	  173.4954
0.998	 2.07	 2	 -41.9634	  174.2155
0.998	 2.06	 2	 -42.0064	  174.1547
0.999	 2.38	 1	 -42.5124	  172.6347
0.999	 2.15	 1	 -41.8064	  174.3503
0.999	 2.27	 1	 -42.5182	  172.8702
0.999	 2.51	 2	 -41.6912	  174.1953
1.000	 2.35	 1	 -42.3277	  173.7583
1.000	 2.31	 2	 -41.7838	  174.2792
1.000	 2.62	 1	 -42.6750	  173.4756
1.001	 2.70	 2	 -42.6435	  173.4163
1.001	 2.22	 1	 -42.3425	  173.4790
1.001	 2.14	 1	 -42.0694	  173.6979
1.001	 2.27	 2	 -42.6993	  172.9175
1.001	 2.81	 1	 -41.5802	  175.4682
1.001	 2.40	 1	 -38.0826	  170.7479
1.002	 2.32	 1	 -42.0992	  172.9159
1.002	 2.68	 2	 -41.7918	  174.1243
1.003	 2.08	 2	 -41.9387	  173.9570
1.003	 2.72	 1	 -42.1463	  173.6654
1.003	 2.05	 1	 -42.4394	  173.9775
1.003	 2.54	 1	 -41.7563	  174.3384
1.004	 2.46	 2	 -42.9493	  173.5288
1.005	 2.34	 1	 -42.8053	  172.8975
1.005	 2.23	 1	 -41.8013	  174.2143
1.006	 2.21	 1	 -41.7433	  174.2688
1.006	 2.05	 2	 -41.6928	  174.2145
1.006	 2.51	 1	 -42.5305	  173.0507
1.006	 3.85	 1	 -41.8411	  174.1897
1.006	 2.04	 1	 -42.3237	  174.0653
1.007	 2.70	 1	 -42.5911	  172.9520
1.007	 2.44	 1	 -43.0492	  171.3631
1.008	 2.06	 2	 -41.6196	  174.3438
1.008	 2.30	 1	 -42.4867	  173.2655
1.008	 2.06	 2	 -42.3896	  173.3336
1.009	 2.54	 2	 -42.6827	  172.7349
1.009	 2.01	 1	 -42.5901	  173.1375
1.009	 3.97	 1	 -41.7317	  174.2645
1.009	 2.48	 1	 -42.2633	  173.9149
1.009	 2.53	 1	 -44.1220	  174.4911
1.010	 2.12	 1	 -42.3068	  173.5413
1.010	 2.05	 1	 -42.5123	  174.1418
1.011	 2.42	 1	 -41.7354	  174.1196
1.011	 2.08	 1	 -41.7027	  174.1898
1.011	 2.20	 1	 -42.7019	  172.9458
1.011	 2.70	 1	 -41.9605	  173.6091
1.012	 2.73	 1	 -41.9630	  174.4864
1.012	 2.76	 1	 -41.6831	  174.2846
1.012	 2.85	 2	 -41.8885	  173.9788
1.012	 2.04	 1	 -41.7977	  174.3951
1.013	 3.28	 1	 -42.2509	  173.5609
1.014	 2.10	 1	 -42.3903	  172.9385
1.014	 2.77	 1	 -41.9270	  173.7161
1.014	 2.09	 2	 -42.4749	  173.1727
1.015	 2.04	 1	 -42.4861	  173.7229
1.016	 2.13	 2	 -41.9093	  173.8577
1.017	 2.47	 2	 -42.4858	  173.2690
1.017	 2.02	 1	 -41.2773	  174.8238
1.017	 2.35	 1	 -41.7227	  174.2709
1.017	 2.69	 1	 -42.0640	  173.7339
1.018	 2.71	 1	 -42.6122	  173.0116
1.019	 3.09	 3	 -41.7752	  174.1730
1.019	 2.48	 1	 -41.7015	  174.2341
1.019	 2.05	 1	 -41.9703	  173.7505
1.019	 2.67	 1	 -41.7953	  174.4289
1.019	 2.34	 1	 -42.1302	  173.5692
1.019	 2.03	 1	 -42.5399	  173.1751
1.019	 3.66	 2	 -41.8594	  174.0295
1.019	 2.36	 1	 -42.3515	  174.0772
1.019	 2.19	 1	 -42.2956	  173.9528
1.019	 2.28	 2	 -42.2882	  173.8021
1.020	 2.36	 1	 -40.0704	  168.3571
1.020	 2.50	 3	 -41.8907	  173.9914
1.020	 2.18	 3	 -42.5427	  172.7497
1.020	 3.32	 1	 -45.2057	  168.8169
1.021	 2.08	 1	 -42.0358	  173.8047
1.021	 2.17	 1	 -42.1211	  173.6337
1.021	 2.04	 1	 -42.6450	  172.7392
1.022	 2.03	 2	 -42.2821	  173.3353
1.022	 3.34	 1	 -41.7478	  174.2603
1.022	 2.54	 1	 -42.0932	  174.3871
1.022	 2.34	 1	 -42.3996	  173.1120
1.023	 2.28	 1	 -42.7149	  172.9117
1.023	 2.47	 1	 -42.2383	  173.5491
1.023	 2.15	 1	 -42.2084	  172.6719
1.023	 2.54	 1	 -42.2301	  173.6520
1.024	 2.30	 1	 -42.0441	  174.0575
1.024	 2.68	 2	 -41.8570	  173.9498
1.025	 3.10	 1	 -42.6680	  172.8776
1.025	 2.44	 1	 -42.6407	  173.4406
1.026	 2.70	 1	 -41.9688	  173.9809
1.026	 2.18	 2	 -42.0185	  173.6800
1.027	 2.14	 1	 -42.3269	  173.7075
1.028	 2.19	 1	 -42.1111	  173.6761
1.028	 2.14	 2	 -42.4949	  173.1122
1.028	 2.60	 1	 -41.3921	  174.1987
1.029	 2.31	 1	 -42.3286	  173.9068
1.029	 2.05	 1	 -42.7399	  173.1527
1.030	 2.66	 1	 -41.7164	  174.2453
1.030	 2.90	 1	 -42.8778	  172.2109
1.031	 2.15	 1	 -42.1436	  173.6073
1.031	 2.43	 1	 -41.9875	  173.9049
1.031	 2.01	 1	 -42.3536	  172.6072
1.032	 4.32	 1	 -42.1858	  173.5419
1.032	 2.28	 1	 -41.6098	  174.1792
1.032	 2.71	 1	 -42.0595	  173.0358
1.032	 2.87	 1	 -41.9686	  172.7992
1.032	 2.07	 1	 -41.8098	  174.3096
1.032	 2.37	 2	 -41.9189	  174.5688
1.033	 2.15	 1	 -42.3201	  173.6702
1.033	 2.51	 1	 -42.2673	  173.7077
1.033	 3.30	 2	 -42.4478	  173.1954
1.033	 2.57	 1	 -42.3437	  173.8989
1.034	 3.60	 1	 -42.2413	  173.7353
1.035	 3.67	 1	 -42.2311	  173.5827
1.035	 2.04	 1	 -42.1761	  173.7782
1.035	 3.81	 1	 -42.3764	  173.9025
1.035	 2.26	 1	 -43.6712	  173.5123
1.037	 2.41	 1	 -41.7474	  174.3918
1.037	 2.28	 1	 -41.6962	  174.2549
1.037	 2.12	 1	 -42.3359	  173.8142
1.038	 2.16	 2	 -42.5004	  173.1940
1.039	 2.54	 1	 -41.8278	  174.2681
1.039	 3.42	 1	 -41.8245	  174.0984
1.039	 2.15	 1	 -41.6805	  174.2963
1.043	 2.88	 1	 -42.4996	  173.2686
1.043	 2.49	 1	 -41.9174	  174.0154
1.044	 3.18	 2	 -41.7217	  174.2384
1.044	 2.86	 1	 -41.6219	  172.9920
1.045	 2.03	 1	 -41.7993	  174.0188
1.045	 2.06	 1	 -41.8151	  174.2380
1.046	 2.04	 3	 -42.3121	  173.8103
1.046	 2.18	 1	 -42.2747	  173.6267
1.047	 2.49	 1	 -43.5231	  171.0914
1.047	 2.02	 1	 -42.5798	  172.8592
1.047	 2.19	 2	 -41.7768	  174.2739
1.047	 2.16	 1	 -41.8887	  174.1210
1.048	 2.57	 1	 -41.6896	  174.2753
1.048	 2.29	 1	 -41.6855	  174.1385
1.048	 2.26	 1	 -41.9802	  174.0722
1.049	 2.18	 2	 -42.1590	  174.4253
1.049	 2.03	 1	 -42.5103	  173.5271
1.051	 2.33	 1	 -41.9639	  174.0206
1.051	 2.75	 1	 -41.6420	  174.3759
1.053	 2.56	 2	 -41.6347	  174.0314
1.053	 2.32	 1	 -42.8221	  173.0645
1.053	 3.32	 2	 -41.9654	  173.8524
1.055	 2.51	 1	 -42.8288	  173.5365
1.055	 3.30	 2	 -42.4066	  173.6622
1.055	 2.41	 1	 -40.4772	  173.6432
1.056	 2.54	 1	 -42.1356	  173.4012
1.056	 2.12	 1	 -41.8782	  174.2263
1.056	 2.48	 1	 -42.7827	  173.1648
1.057	 2.25	 1	 -42.4728	  173.7362
1.057	 2.91	 1	 -41.6840	  174.3331
1.058	 2.35	 1	 -42.0179	  173.7272
1.059	 2.72	 3	 -42.3070	  173.4738
1.059	 2.19	 3	 -41.8791	  174.2202
1.059	 3.23	 1	 -42.4137	  173.3160
1.059	 2.97	 1	 -42.8172	  173.1268
1.060	 2.05	 1	 -42.4157	  173.7529
1.060	 2.10	 1	 -42.5301	  173.0568
1.061	 2.62	 1	 -42.0238	  173.7799
1.061	 2.61	 1	 -42.7650	  172.8547
1.062	 2.30	 2	 -42.5044	  173.1587
1.062	 5.49	 1	 -41.8699	  174.1597
1.062	 2.45	 1	 -43.2849	  174.2330
1.063	 2.31	 1	 -42.6655	  172.7408
1.063	 2.00	 2	 -42.2154	  173.4261
1.063	 2.81	 1	 -41.8190	  174.2605
1.063	 2.10	 1	 -41.7851	  174.2860
1.064	 2.47	 2	 -42.2020	  173.6031
1.064	 2.60	 2	 -42.2726	  173.0677
1.064	 2.31	 1	 -42.1413	  172.5896
1.064	 2.35	 2	 -42.2891	  173.7223
1.065	 2.04	 1	 -42.6311	  173.1486
1.065	 2.09	 1	 -42.1512	  173.6537
1.065	 2.52	 1	 -42.4028	  173.6529
1.066	 2.62	 2	 -41.8228	  174.1264
1.066	 2.11	 1	 -42.4429	  173.1980
1.066	 2.59	 1	 -42.3290	  173.4266
1.066	 2.02	 2	 -41.8873	  174.1383
1.067	 2.07	 2	 -41.7436	  174.1244
1.068	 2.32	 1	 -41.8017	  174.3038
1.068	 3.07	 1	 -41.9805	  173.7570
1.068	 2.26	 1	 -41.3038	  174.6178
1.069	 2.68	 1	 -43.2317	  174.7570
1.069	 2.07	 1	 -41.7253	  174.2848
1.069	 2.58	 2	 -41.9042	  174.1746
1.070	 2.72	 2	 -41.7954	  174.2045
1.070	 2.24	 1	 -41.9182	  173.9778
1.070	 2.74	 1	 -42.3081	  173.7246
1.071	 2.06	 2	 -41.6562	  174.1082
1.073	 2.38	 2	 -42.6243	  173.0997
1.073	 2.48	 1	 -41.8557	  174.3408
1.074	 2.63	 1	 -41.6743	  174.3342
1.074	 2.46	 2	 -41.8855	  173.9734
1.075	 2.51	 2	 -42.1314	  173.7251
1.077	 2.15	 2	 -41.7059	  174.2465
1.077	 2.14	 2	 -42.3198	  173.7119
1.078	 2.31	 1	 -42.1564	  174.0448
1.078	 2.45	 1	 -41.8026	  174.2447
1.078	 2.61	 1	 -42.4263	  172.5539
1.078	 2.23	 1	 -42.0435	  173.7319
1.078	 2.02	 2	 -41.6559	  174.8915
1.079	 2.19	 2	 -41.7992	  174.3406
1.079	 2.01	 2	 -42.3796	  173.9256
1.080	 2.37	 1	 -42.2475	  173.3279
1.080	 2.49	 1	 -42.9053	  173.5318
1.080	 3.34	 1	 -41.7949	  174.2655
1.081	 2.04	 1	 -41.8044	  174.1215
1.081	 2.26	 1	 -42.1434	  173.6979
1.081	 2.31	 1	 -42.8452	  172.0068
1.082	 2.06	 1	 -42.3386	  173.8474
1.083	 2.77	 1	 -41.5910	  173.5623
1.083	 2.04	 2	 -41.8424	  174.1644
1.083	 2.37	 1	 -41.9410	  174.1104
1.084	 2.03	 1	 -42.1728	  174.2619
1.084	 2.01	 2	 -41.7963	  174.3684
1.084	 2.29	 2	 -42.4553	  173.4116
1.085	 2.02	 1	 -41.9418	  174.0929
1.086	 2.45	 2	 -41.8511	  174.1257
1.087	 3.11	 2	 -41.7407	  174.3994
1.087	 2.08	 1	 -42.5213	  173.1965
1.087	 2.13	 3	 -42.3433	  174.1761
1.088	 2.48	 1	 -41.6114	  174.1233
1.088	 2.01	 1	 -41.7796	  174.0744
1.088	 2.15	 1	 -41.7157	  174.3009
1.088	 2.16	 1	 -41.8619	  174.1576
1.088	 2.59	 1	 -42.0410	  174.2300
1.088	 2.36	 1	 -41.8722	  173.9492
1.089	 2.11	 1	 -42.3154	  173.6354
1.089	 2.13	 2	 -41.7814	  174.2871
1.089	 2.29	 1	 -42.8619	  172.7120
1.090	 2.25	 1	 -42.5645	  173.1165
1.090	 2.33	 2	 -43.2066	  172.3882
1.090	 2.68	 2	 -41.8583	  174.2910
1.090	 2.38	 1	 -42.3506	  173.1111
1.090	 3.02	 2	 -41.7364	  174.3622
1.091	 2.35	 2	 -41.8399	  174.1357
1.091	 2.86	 1	 -41.8355	  174.0679
1.091	 3.18	 2	 -41.6751	  174.2275
1.092	 3.53	 2	 -41.8921	  174.1450
1.092	 2.48	 1	 -42.5775	  173.1781
1.092	 2.20	 1	 -42.3216	  172.6239
1.093	 2.79	 1	 -41.6052	  172.8920
1.093	 2.91	 1	 -42.2330	  173.5368
1.094	 2.52	 1	 -42.0537	  173.7143
1.094	 2.33	 1	 -41.6684	  174.2676
1.094	 2.15	 2	 -41.9003	  174.2008
1.094	 3.02	 2	 -41.8322	  174.0700
1.094	 2.58	 1	 -41.6419	  174.2417
1.095	 2.35	 1	 -41.7767	  174.1830
1.095	 2.29	 1	 -41.6912	  174.2143
1.096	 2.67	 1	 -41.9523	  173.4732
1.096	 2.88	 1	 -42.2591	  173.6782
1.096	 2.70	 2	 -41.6874	  174.2770
1.096	 2.41	 2	 -41.8656	  174.1282
1.096	 2.26	 1	 -41.6826	  174.2844
1.096	 2.11	 1	 -42.3086	  173.1163
1.097	 2.51	 1	 -41.7226	  174.3581
1.097	 2.00	 1	 -42.5824	  172.8398
1.098	 2.24	 1	 -42.1624	  173.5721
1.098	 2.10	 1	 -41.0512	  174.2947
1.099	 2.42	 1	 -42.5358	  173.2098
1.099	 2.65	 1	 -42.4668	  173.8295
1.099	 2.01	 1	 -42.4394	  173.8795
1.099	 2.03	 1	 -42.1592	  172.8693
1.099	 2.32	 2	 -41.5335	  173.1445
1.100	 2.16	 1	 -42.3632	  173.9796
1.101	 2.10	 3	 -41.8959	  174.2547
1.101	 2.48	 2	 -41.8665	  174.0682
1.101	 2.00	 2	 -42.0850	  173.2412
1.102	 2.07	 1	 -41.6772	  174.3129
1.102	 2.54	 1	 -41.6852	  174.2824
1.102	 2.69	 1	 -42.2361	  173.9337
1.102	 2.52	 2	 -42.6310	  173.5348
1.103	 2.70	 1	 -42.3487	  173.7328
1.104	 2.59	 2	 -42.2209	  173.6356
1.104	 2.30	 1	 -42.1226	  173.7915
1.104	 2.04	 1	 -41.9528	  174.1931
1.104	 2.34	 1	 -41.7310	  174.2464
1.105	 2.09	 2	 -41.8766	  174.0420
1.105	 2.06	 1	 -42.2044	  173.5715
1.106	 2.05	 1	 -42.1912	  173.6725
1.106	 2.51	 2	 -42.2815	  173.7372
1.107	 2.91	 1	 -42.2435	  173.8081
1.107	 2.20	 2	 -38.4287	  173.9795
1.108	 2.17	 2	 -41.8535	  174.1585
1.108	 2.01	 2	 -41.8922	  173.9743
1.108	 2.53	 1	 -41.8000	  174.2469
1.109	 2.16	 1	 -41.7630	  174.2210
1.109	 2.51	 1	 -42.2461	  173.5687
1.109	 2.93	 1	 -42.8326	  173.1007
1.110	 2.07	 1	 -41.9503	  173.6727
1.110	 2.12	 1	 -42.0331	  172.5618
1.110	 2.06	 1	 -42.0644	  172.8823
1.110	 2.83	 1	 -42.2674	  173.6669
1.110	 3.52	 2	 -41.7245	  174.3067
1.111	 2.87	 1	 -42.3459	  173.9523
1.111	 2.06	 1	 -42.4240	  173.0362
1.112	 2.20	 1	 -42.1066	  173.5821
1.112	 2.24	 3	 -42.2604	  173.8381
1.112	 2.05	 1	 -42.0130	  173.3214
1.112	 2.84	 1	 -41.7647	  174.2238
1.112	 2.41	 1	 -41.8223	  173.9821
1.113	 2.49	 1	 -42.9925	  172.6922
1.113	 3.19	 2	 -41.6403	  174.2584
1.114	 2.78	 1	 -41.7996	  174.2181
1.115	 2.30	 1	 -42.6617	  172.7155
1.115	 2.06	 1	 -42.5693	  172.9422
1.115	 2.21	 1	 -42.1582	  173.3627
1.116	 2.04	 2	 -42.5864	  173.7824
1.117	 3.82	 1	 -42.3682	  173.9830
1.117	 2.61	 1	 -41.8477	  173.8964
1.117	 2.97	 1	 -42.4637	  173.8098
1.117	 3.29	 2	 -41.7478	  174.1788
1.117	 2.04	 1	 -42.2321	  173.5687
1.117	 3.70	 2	 -42.4323	  172.6107
1.117	 2.54	 1	 -42.3678	  174.0390
1.118	 2.18	 1	 -42.0545	  173.7698
1.118	 2.04	 1	 -42.0222	  173.5664
1.118	 2.17	 1	 -42.2455	  173.6542
1.119	 2.13	 1	 -42.1721	  173.8211
1.120	 2.46	 1	 -42.4393	  173.8910
1.120	 2.09	 2	 -41.5953	  174.2037
1.122	 2.05	 1	 -44.4323	  173.6721
1.122	 4.64	 1	 -42.2154	  173.6496
1.123	 2.53	 1	 -41.6818	  174.1959
1.124	 2.02	 1	 -41.8106	  174.2027
1.124	 2.67	 3	 -41.7204	  174.2663
1.124	 2.79	 2	 -41.7495	  174.2578
1.124	 2.00	 1	 -42.6851	  173.2130
1.124	 2.03	 1	 -42.3406	  174.0281
1.125	 3.15	 1	 -41.9211	  173.3728
1.125	 3.68	 2	 -41.8876	  173.9593
1.126	 2.13	 1	 -41.6655	  174.3242
1.126	 2.15	 1	 -41.8534	  174.0116
1.127	 2.01	 1	 -41.6884	  174.2133
1.127	 2.08	 1	 -42.2012	  173.8445
1.128	 2.19	 1	 -42.2558	  173.5308
1.128	 2.17	 2	 -41.8363	  174.2061
1.128	 2.20	 1	 -42.0335	  173.7787
1.129	 2.02	 1	 -42.3411	  174.0209
1.129	 2.55	 2	 -41.8297	  174.1206
1.130	 2.81	 1	 -41.9273	  173.9899
1.130	 2.39	 3	 -42.7812	  173.9425
1.130	 2.13	 2	 -41.6931	  174.1118
1.130	 2.39	 1	 -41.2012	  173.4956
1.131	 2.80	 1	 -42.2513	  173.6321
1.131	 2.60	 1	 -42.4569	  174.0592
1.131	 2.62	 1	 -41.7943	  174.2272
1.132	 2.31	 1	 -41.9102	  174.0679
1.132	 2.11	 1	 -42.1309	  173.6652
1.133	 2.05	 1	 -42.2038	  173.6113
1.133	 2.63	 1	 -42.7757	  172.8532
1.133	 3.58	 2	 -42.6511	  172.9628
1.134	 2.01	 1	 -42.1367	  173.7616
1.134	 2.07	 2	 -42.2504	  173.6332
1.134	 2.09	 2	 -42.1280	  174.3628
1.135	 2.47	 1	 -42.8611	  172.5492
1.135	 2.04	 2	 -42.2014	  173.7094
1.135	 2.39	 1	 -41.9825	  174.0428
1.135	 2.02	 2	 -41.6570	  174.1408
1.135	 2.62	 1	 -42.2565	  173.8859
1.135	 2.18	 1	 -42.3326	  173.9144
1.136	 2.11	 1	 -41.9857	  173.7155
1.136	 2.45	 1	 -42.2757	  173.6302
1.137	 2.11	 1	 -42.0380	  173.7148
1.137	 2.26	 2	 -41.7292	  174.2688
1.137	 2.40	 1	 -42.3924	  174.1686
1.138	 2.05	 2	 -42.3523	  173.7477
1.140	 2.21	 1	 -42.3428	  173.8667
1.140	 2.18	 1	 -42.7340	  173.7094
1.140	 2.61	 1	 -46.7427	  173.7532
1.140	 2.06	 1	 -42.0061	  173.7451
1.140	 3.11	 2	 -41.8661	  174.1766
1.141	 2.55	 1	 -42.0546	  173.7135
1.141	 2.24	 1	 -42.6053	  172.9963
1.141	 2.09	 1	 -42.2307	  173.7127
1.143	 3.09	 1	 -41.6566	  174.1816
1.143	 3.23	 2	 -41.8136	  174.0672
1.143	 2.61	 2	 -41.8855	  174.1613
1.143	 2.31	 1	 -42.6681	  172.9123
1.143	 2.15	 1	 -42.0512	  173.7275
1.143	 2.14	 1	 -42.3899	  173.5217
1.143	 2.25	 1	 -42.4225	  173.7871
1.144	 2.35	 2	 -41.8705	  174.1456
1.145	 2.51	 1	 -45.8801	  177.3372
1.145	 2.03	 2	 -41.9134	  173.3773
1.146	 2.53	 2	 -41.9905	  174.4831
1.146	 2.37	 1	 -42.1995	  173.5303
1.146	 2.21	 1	 -42.4911	  173.5104
1.148	 2.35	 2	 -41.8437	  174.1783
1.148	 2.05	 1	 -42.3620	  174.0919
1.148	 3.23	 1	 -42.3341	  173.2728
1.148	 2.22	 1	 -41.7346	  174.2242
1.149	 2.28	 2	 -42.9065	  173.1411
1.149	 2.25	 1	 -41.4229	  172.6220
1.149	 3.30	 2	 -42.4856	  173.5099
1.150	 2.06	 1	 -42.2771	  173.9283
1.150	 3.13	 2	 -41.8814	  174.1555
1.150	 2.21	 2	 -41.8472	  174.1413
1.151	 4.37	 2	 -41.8850	  174.1548
1.151	 2.01	 1	 -42.4059	  174.0269
1.151	 2.54	 2	 -41.6970	  174.2919
1.151	 2.23	 1	 -42.2288	  173.6387
1.151	 2.03	 1	 -41.7418	  174.2113
1.153	 3.44	 2	 -45.2132	  168.8033
1.153	 2.18	 2	 -41.7959	  174.2268
1.154	 2.39	 1	 -42.4998	  173.8794
1.155	 2.50	 1	 -42.2993	  173.5600
1.155	 3.31	 1	 -42.3664	  174.0376
1.155	 2.08	 1	 -42.3363	  173.8438
1.156	 2.49	 1	 -42.3374	  173.8970
1.156	 2.00	 1	 -42.7158	  172.9109
1.156	 3.51	 2	 -42.3094	  173.7192
1.156	 2.36	 2	 -41.7800	  174.2656
1.157	 2.55	 1	 -42.1761	  173.8961
1.157	 2.05	 1	 -42.6399	  172.9480
1.157	 3.18	 1	 -41.8395	  174.2523
1.158	 2.20	 2	 -41.9670	  174.0389
1.158	 2.66	 1	 -41.9220	  174.1384
1.159	 2.83	 1	 -42.2994	  173.7167
1.160	 2.45	 1	 -42.5469	  172.9910
1.160	 2.13	 4	 -41.9405	  173.7764
1.160	 2.13	 1	 -42.3728	  173.1985
1.162	 2.80	 2	 -41.8210	  174.1006
1.163	 2.18	 2	 -41.8345	  174.0573
1.163	 2.18	 2	 -42.1189	  173.7518
1.163	 2.28	 1	 -42.2610	  173.7225
1.163	 2.64	 2	 -42.2782	  173.8445
1.164	 2.59	 2	 -41.8653	  174.1821
1.164	 2.78	 1	 -42.3338	  173.7010
1.165	 2.45	 1	 -41.7247	  174.3118
1.165	 2.40	 2	 -41.9499	  173.6477
1.165	 2.00	 1	 -41.7134	  174.0233
1.166	 2.07	 1	 -41.6703	  174.2019
1.167	 2.10	 3	 -42.3798	  173.9255
1.167	 2.38	 1	 -41.8849	  174.1832
1.168	 2.25	 1	 -42.5327	  173.1588
1.168	 2.03	 1	 -42.6161	  172.7668
1.168	 2.25	 1	 -42.1913	  173.5865
1.169	 2.14	 1	 -42.2860	  173.6089
1.170	 2.62	 2	 -42.3637	  173.1539
1.171	 2.07	 1	 -42.5730	  173.0613
1.171	 2.48	 1	 -42.3967	  174.0148
1.171	 2.36	 1	 -41.5368	  174.2607
1.171	 2.04	 1	 -42.0396	  173.5900
1.172	 2.09	 2	 -42.5524	  173.4718
1.172	 2.93	 1	 -42.2724	  173.8046
1.172	 2.02	 1	 -42.2725	  173.6327
1.172	 2.26	 1	 -41.6847	  174.3748
1.172	 2.02	 1	 -42.2531	  173.4750
1.172	 2.15	 1	 -42.2746	  173.8644
1.173	 2.02	 1	 -42.6680	  172.9520
1.173	 2.17	 1	 -41.6961	  173.9995
1.173	 2.14	 2	 -41.6904	  174.0868
1.173	 3.47	 1	 -42.3114	  174.1800
1.174	 2.51	 2	 -41.8777	  174.2241
1.174	 2.26	 2	 -41.8943	  174.0298
1.174	 2.44	 1	 -42.6109	  173.0080
1.174	 2.52	 2	 -42.1851	  173.5727
1.175	 3.55	 1	 -41.8811	  167.0048
1.175	 3.55	 1	 -42.6873	  172.7972
1.176	 3.05	 1	 -42.4633	  173.1409
1.176	 2.01	 2	 -41.7536	  174.2504
1.177	 2.03	 1	 -41.2844	  168.6520
1.177	 2.30	 1	 -41.9656	  174.3333
1.177	 2.20	 2	 -42.5034	  172.9057
1.177	 2.26	 2	 -41.8159	  174.2402
1.178	 2.10	 2	 -42.0676	  173.6806
1.178	 2.69	 2	 -41.7765	  173.6732
1.178	 2.31	 2	 -42.6431	  173.6263
1.178	 3.92	 1	 -42.0432	  173.6857
1.179	 2.38	 1	 -42.5376	  173.3223
1.180	 2.64	 1	 -42.2943	  173.4590
1.180	 2.01	 1	 -41.9036	  174.0094
1.181	 2.41	 2	 -42.1077	  173.6138
1.181	 3.70	 1	 -42.3567	  173.0598
1.181	 2.39	 3	 -41.8246	  174.1730
1.181	 2.43	 1	 -42.5368	  173.2036
1.182	 2.33	 1	 -42.4988	  173.1222
1.183	 2.05	 1	 -42.2013	  173.5847
1.183	 2.06	 2	 -41.6878	  174.2628
1.183	 3.09	 1	 -41.9680	  174.0228
1.185	 2.38	 2	 -41.8629	  174.1147
1.185	 3.02	 2	 -41.8362	  174.1014
1.186	 2.16	 2	 -41.5829	  174.2641
1.186	 2.07	 1	 -41.9808	  173.9741
1.186	 2.12	 1	 -42.6130	  172.9753
1.186	 2.08	 1	 -42.3953	  173.6596
1.187	 2.11	 1	 -42.2548	  174.0099
1.189	 2.30	 2	 -41.7092	  174.2627
1.189	 2.82	 1	 -42.2657	  173.6636
1.190	 2.63	 1	 -41.7921	  174.2391
1.190	 2.26	 1	 -42.2655	  173.4991
1.191	 2.63	 1	 -41.8232	  174.2329
1.191	 2.70	 1	 -41.6668	  174.4231
1.192	 2.14	 1	 -40.8157	  175.2579
1.194	 2.36	 1	 -43.0636	  173.2995
1.194	 2.56	 2	 -41.5525	  174.2496
1.194	 2.39	 1	 -42.5393	  173.0931
1.195	 2.20	 1	 -42.0970	  174.0793
1.195	 2.54	 1	 -42.4208	  174.6502
1.195	 2.13	 1	 -41.8214	  173.8646
1.196	 2.01	 2	 -42.1464	  173.6265
1.196	 2.25	 2	 -41.6909	  174.1688
1.196	 2.10	 1	 -42.1814	  173.6248
1.197	 2.61	 1	 -46.3098	  171.0712
1.197	 3.12	 1	 -42.9041	  173.1457
1.197	 2.64	 1	 -42.7839	  174.4142
1.198	 2.21	 2	 -42.3586	  173.8626
1.198	 2.22	 1	 -42.3601	  173.9520
1.198	 2.19	 1	 -41.9633	  173.6915
1.199	 2.95	 1	 -41.7626	  174.2292
1.199	 2.14	 1	 -42.2511	  173.6269
1.199	 2.02	 1	 -42.2820	  173.5515
1.199	 2.25	 1	 -41.6695	  174.0804
1.201	 2.38	 2	 -42.2455	  173.9085
1.201	 2.38	 1	 -42.7158	  173.1240
1.202	 2.17	 2	 -41.8654	  174.3213
1.202	 2.21	 2	 -41.9575	  173.4842
1.203	 2.37	 1	 -42.5254	  173.5262
1.203	 2.17	 1	 -42.9010	  172.6420
1.203	 2.64	 1	 -42.1722	  174.0233
1.204	 2.36	 1	 -41.6621	  174.2352
1.204	 2.52	 1	 -39.4049	  168.8484
1.206	 2.91	 1	 -41.6540	  174.1243
1.207	 2.97	 1	 -42.1593	  172.9172
1.207	 2.20	 1	 -42.1307	  173.7348
1.208	 2.26	 1	 -42.0179	  173.5844
1.210	 2.02	 1	 -41.1533	  172.3743
1.210	 2.20	 1	 -41.7278	  174.2181
1.211	 2.38	 2	 -42.0413	  173.6820
1.211	 2.01	 2	 -42.2959	  173.8145
1.211	 2.04	 2	 -42.5975	  172.9497
1.211	 2.31	 1	 -42.3435	  174.0194
1.212	 2.08	 1	 -42.2368	  173.6093
1.212	 2.31	 1	 -42.2812	  173.6096
1.212	 2.03	 1	 -42.5335	  173.8429
1.213	 2.10	 1	 -41.8145	  174.2182
1.213	 2.04	 2	 -41.8892	  173.7350
1.213	 2.22	 1	 -41.9894	  173.6900
1.213	 2.53	 2	 -41.9686	  173.8456
1.214	 2.03	 1	 -41.7282	  174.2948
1.215	 2.12	 1	 -42.6695	  172.6996
1.215	 2.35	 2	 -42.0456	  173.7798
1.215	 2.22	 1	 -41.6926	  174.1921
1.216	 2.17	 1	 -42.4937	  173.8282
1.216	 2.06	 2	 -42.6441	  173.0483
1.216	 2.69	 2	 -41.7240	  174.2844
1.217	 2.70	 3	 -41.8712	  173.7415
1.219	 2.22	 2	 -42.4829	  173.2006
1.220	 2.50	 1	 -42.3645	  173.8949
1.221	 3.16	 1	 -42.3269	  173.1425
1.223	 2.08	 1	 -42.2517	  173.7568
1.223	 3.88	 1	 -42.4924	  173.4973
1.224	 2.16	 1	 -41.7790	  174.2077
1.224	 2.28	 1	 -42.5390	  173.7502
1.224	 2.18	 1	 -42.3193	  173.1064
1.224	 2.01	 1	 -42.4587	  173.3556
1.225	 2.36	 1	 -42.5381	  172.6948
1.225	 2.23	 1	 -42.5618	  173.8106
1.226	 2.77	 1	 -42.3052	  173.4949
1.226	 2.84	 1	 -42.2328	  173.6269
1.227	 2.50	 1	 -41.7789	  174.2978
1.227	 2.70	 2	 -42.3646	  173.9998
1.228	 2.88	 2	 -41.9099	  173.9616
1.228	 2.38	 1	 -42.3907	  173.9024
1.229	 2.83	 1	 -42.2968	  173.6801
1.229	 2.18	 1	 -41.8560	  173.9367
1.229	 2.43	 2	 -41.6689	  174.2511
1.229	 2.24	 1	 -42.4890	  173.1837
1.231	 2.52	 1	 -42.2385	  173.6765
1.231	 2.09	 2	 -41.7668	  174.2234
1.231	 4.34	 1	 -42.4001	  173.8099
1.233	 2.22	 1	 -42.2745	  173.6491
1.234	 2.03	 1	 -41.9262	  174.1323
1.234	 2.22	 1	 -42.6156	  172.8583
1.234	 2.37	 2	 -41.8937	  174.0161
1.235	 2.11	 1	 -42.5580	  173.1705
1.235	 2.24	 2	 -42.2622	  173.8163
1.236	 2.54	 1	 -42.1523	  174.0230
1.238	 3.07	 1	 -42.2018	  174.1106
1.238	 2.36	 1	 -42.3685	  173.7952
1.238	 2.65	 1	 -41.7904	  174.0957
1.239	 2.13	 1	 -42.1299	  173.6498
1.239	 2.52	 1	 -40.9777	  167.3667
1.239	 2.27	 1	 -42.3062	  173.5174
1.239	 2.81	 1	 -41.8611	  173.9466
1.239	 2.31	 1	 -41.8926	  173.8432
1.239	 2.17	 1	 -42.4916	  173.2669
1.240	 2.20	 1	 -42.6671	  172.7310
1.240	 2.24	 2	 -41.8618	  174.0647
1.240	 2.13	 2	 -42.4191	  173.7211
1.240	 3.44	 1	 -41.5673	  174.0733
1.241	 2.44	 2	 -41.6825	  174.2393
1.241	 2.10	 1	 -41.2470	  173.8465
1.241	 2.23	 3	 -41.8640	  174.0006
1.242	 2.01	 1	 -41.7946	  174.1936
1.242	 2.63	 2	 -42.1681	  173.6315
1.242	 2.04	 1	 -42.5003	  173.2428
1.243	 2.11	 1	 -41.7277	  174.2780
1.244	 2.01	 3	 -41.8894	  174.0049
1.244	 2.85	 1	 -42.2056	  173.6970
1.244	 2.89	 1	 -42.6932	  172.8897
1.244	 2.69	 1	 -42.0910	  173.7007
1.244	 2.14	 1	 -42.7692	  173.3935
1.244	 2.24	 2	 -41.8795	  174.1654
1.245	 2.20	 1	 -42.3242	  173.9100
1.245	 2.06	 1	 -42.0288	  174.1929
1.246	 2.03	 1	 -41.9702	  174.4975
1.248	 2.90	 1	 -42.6675	  172.9832
1.248	 2.17	 1	 -42.6539	  172.8338
1.248	 2.10	 1	 -43.5951	  173.5117
1.248	 2.40	 3	 -42.6574	  172.9788
1.249	 2.18	 2	 -41.7387	  174.2546
1.249	 2.39	 1	 -42.5330	  173.1817
1.250	 2.25	 1	 -42.0625	  173.4515
1.250	 2.20	 1	 -41.7238	  174.3252
1.251	 2.42	 1	 -42.6247	  172.9424
1.251	 2.39	 1	 -42.5796	  172.7814
1.252	 2.38	 1	 -41.6697	  174.3112
1.252	 2.66	 1	 -42.5653	  173.8638
1.253	 2.06	 1	 -41.6856	  174.2373
1.253	 2.04	 1	 -42.9905	  173.0776
1.254	 2.01	 1	 -41.8787	  173.9752
1.254	 2.49	 1	 -41.6344	  173.6520
1.254	 2.13	 2	 -42.8045	  172.8973
1.256	 2.06	 1	 -42.5422	  173.1352
1.257	 2.19	 2	 -41.8738	  174.2119
1.258	 2.69	 1	 -41.6829	  174.3908
1.259	 2.09	 2	 -42.2870	  173.8338
1.259	 2.13	 1	 -42.0849	  173.5605
1.259	 2.27	 1	 -42.4156	  173.8673
1.259	 2.36	 1	 -41.7841	  174.2460
1.259	 2.21	 2	 -42.4079	  173.7021
1.260	 2.80	 2	 -41.9387	  173.9605
1.260	 2.14	 1	 -42.7836	  172.9315
1.261	 2.68	 2	 -42.4760	  173.5509
1.261	 2.03	 1	 -41.7694	  174.2514
1.262	 2.55	 1	 -41.7303	  174.2166
1.262	 2.60	 1	 -41.7082	  174.1888
1.263	 2.10	 1	 -42.0236	  174.0175
1.263	 2.03	 1	 -41.9839	  173.7485
1.263	 2.11	 1	 -41.6966	  174.1655
1.264	 2.66	 1	 -42.2747	  173.6115
1.264	 3.05	 1	 -41.9316	  173.8149
1.264	 2.34	 1	 -42.4009	  173.7250
1.264	 2.45	 1	 -42.0173	  173.8786
1.265	 2.21	 1	 -42.6044	  172.8938
1.265	 2.78	 1	 -42.0341	  173.6764
1.268	 2.02	 1	 -42.4254	  173.3454
1.268	 2.04	 1	 -42.6619	  173.1033
1.269	 2.47	 1	 -42.4593	  173.8113
1.270	 2.31	 1	 -42.3817	  173.8842
1.270	 2.18	 2	 -42.2635	  173.9131
1.271	 2.16	 1	 -42.6638	  172.8194
1.271	 2.14	 1	 -42.1551	  173.6763
1.272	 2.00	 2	 -41.7877	  174.2660
1.272	 2.31	 1	 -41.7605	  174.2883
1.272	 4.07	 2	 -42.2676	  173.8104
1.274	 2.03	 1	 -41.8063	  174.1232
1.275	 2.72	 1	 -41.9692	  173.8488
1.275	 2.37	 1	 -42.3941	  173.3706
1.275	 2.52	 2	 -41.8263	  174.2626
1.277	 3.47	 1	 -41.6914	  174.2542
1.278	 2.20	 1	 -42.3420	  173.0666
1.279	 2.03	 1	 -41.7221	  174.4061
1.280	 2.00	 1	 -42.7829	  173.0600
1.280	 3.13	 1	 -42.6944	  173.3063
1.281	 2.08	 2	 -42.2096	  173.6604
1.281	 2.45	 1	 -41.4276	  171.7667
1.281	 2.11	 1	 -41.7631	  174.0924
1.282	 2.03	 1	 -42.3901	  173.5780
1.284	 3.21	 1	 -42.3093	  173.6213
1.285	 2.39	 1	 -42.6900	  172.4540
1.285	 2.04	 1	 -41.9526	  173.6927
1.286	 2.39	 2	 -42.4879	  173.1943
1.287	 2.23	 1	 -42.5001	  173.2717
1.287	 2.16	 1	 -41.7267	  174.0963
1.289	 2.71	 1	 -41.7967	  174.0104
1.290	 2.05	 2	 -42.4881	  173.7178
1.290	 2.93	 1	 -42.2790	  173.6616
1.291	 2.28	 2	 -42.7065	  173.5407
1.291	 2.18	 2	 -42.0811	  173.8818
1.291	 2.11	 1	 -41.7876	  174.1933
1.291	 3.91	 2	 -41.7640	  174.2867
1.291	 2.02	 1	 -42.0264	  173.6541
1.292	 2.56	 1	 -41.9888	  173.6930
1.292	 2.53	 1	 -41.7649	  174.2856
1.292	 2.09	 1	 -42.2410	  173.6998
1.292	 2.19	 1	 -42.3856	  173.9102
1.292	 2.18	 1	 -42.0605	  174.0944
1.293	 2.09	 1	 -42.2518	  173.7017
1.294	 2.91	 1	 -42.2354	  173.5379
1.294	 2.21	 1	 -42.5077	  173.1847
1.295	 2.19	 1	 -41.9907	  173.7306
1.295	 2.33	 1	 -42.5258	  173.8008
1.295	 2.57	 1	 -42.3709	  173.6241
1.295	 2.55	 1	 -42.5985	  172.9580
1.296	 2.75	 2	 -42.3205	  173.1288
1.296	 3.03	 1	 -44.2931	  175.2915
1.297	 2.23	 1	 -41.7777	  173.8512
1.297	 2.01	 2	 -41.5486	  174.2955
1.297	 2.36	 1	 -41.4078	  167.1593
1.298	 2.17	 2	 -41.8549	  174.1538
1.298	 4.71	 1	 -42.6803	  172.7800
1.298	 2.63	 1	 -41.5303	  174.2875
1.299	 3.64	 1	 -41.7452	  173.9640
1.299	 2.59	 1	 -41.8302	  174.0600
1.300	 2.67	 1	 -42.4143	  173.5665
1.300	 2.11	 1	 -41.7032	  176.1033
1.301	 3.50	 1	 -42.1400	  173.8288
1.301	 2.03	 1	 -41.5829	  173.7004
1.302	 2.48	 1	 -42.3495	  174.0539
1.303	 3.33	 1	 -42.4421	  173.8172
1.304	 2.08	 1	 -42.1957	  173.3980
1.305	 4.51	 1	 -42.1294	  172.8937
1.305	 2.18	 2	 -41.8812	  174.1429
1.305	 2.03	 1	 -42.3040	  173.9249
1.306	 3.02	 1	 -42.3751	  173.8417
1.307	 2.17	 1	 -41.8124	  174.4822
1.309	 2.40	 1	 -43.5250	  174.2042
1.309	 2.31	 2	 -42.6839	  172.9149
1.311	 2.07	 1	 -41.4656	  174.1189
1.312	 2.20	 1	 -42.8077	  172.9095
1.312	 2.38	 1	 -42.4324	  174.5455
1.312	 3.12	 1	 -42.3113	  173.0799
1.313	 2.10	 1	 -41.9108	  172.8999
1.313	 2.34	 1	 -42.5887	  172.9370
1.314	 2.38	 2	 -41.8852	  174.1547
1.314	 2.40	 1	 -42.7686	  173.3396
1.314	 2.01	 1	 -42.3099	  173.6993
1.315	 2.39	 2	 -42.5952	  172.9859
1.315	 2.16	 1	 -42.0831	  172.9185
1.315	 2.32	 1	 -41.7618	  174.2848
1.317	 2.32	 1	 -41.0486	  172.6575
1.318	 2.12	 2	 -41.9180	  174.1248
1.318	 2.05	 2	 -41.8779	  174.2186
1.319	 2.01	 1	 -41.8568	  174.2431
1.319	 2.53	 1	 -42.3266	  173.5845
1.319	 2.30	 2	 -42.2356	  174.3148
1.320	 2.02	 1	 -41.8336	  174.1990
1.320	 2.42	 1	 -42.3688	  173.4240
1.321	 2.06	 1	 -42.1463	  173.7850
1.321	 2.06	 1	 -42.5353	  173.8806
1.322	 2.65	 1	 -41.7890	  174.1839
1.323	 2.74	 1	 -42.4373	  173.8600
1.323	 2.15	 1	 -46.2618	  170.9385
1.323	 3.21	 1	 -41.5861	  174.2199
1.323	 2.18	 2	 -42.1723	  173.6570
1.324	 3.04	 1	 -42.2570	  173.7406
1.324	 2.19	 1	 -42.2360	  173.6216
1.324	 2.87	 1	 -41.9270	  174.1206
1.325	 2.96	 1	 -42.3966	  173.8535
1.326	 2.00	 2	 -42.6853	  172.7991
1.328	 2.21	 1	 -42.7690	  172.6983
1.328	 2.45	 1	 -42.1296	  173.6117
1.328	 2.53	 1	 -42.1538	  173.8618
1.329	 2.23	 2	 -41.8564	  173.7819
1.330	 2.84	 2	 -41.7484	  174.2661
1.330	 2.18	 1	 -42.4088	  173.2976
1.332	 3.03	 1	 -41.8711	  173.3243
1.332	 2.67	 1	 -41.6917	  174.1801
1.333	 2.10	 1	 -42.3734	  174.1680
1.333	 2.05	 1	 -42.3923	  173.6323
1.333	 2.61	 1	 -42.1566	  173.5744
1.333	 2.19	 2	 -41.7324	  173.9614
1.334	 3.80	 1	 -42.6685	  172.8675
1.334	 2.07	 1	 -42.1573	  173.5518
1.334	 3.14	 2	 -42.0223	  173.8028
1.335	 2.29	 2	 -42.4004	  173.8071
1.335	 2.16	 1	 -42.3312	  173.9093
1.335	 2.05	 2	 -42.4487	  173.8261
1.335	 2.47	 1	 -42.2786	  173.5499
1.335	 2.01	 2	 -42.2843	  173.6778
1.336	 3.69	 1	 -43.1673	  173.0000
1.337	 3.72	 1	 -42.3192	  173.8015
1.337	 2.83	 1	 -42.3405	  172.4870
1.337	 2.03	 1	 -42.3054	  173.4166
1.338	 2.06	 2	 -41.8838	  166.9832
1.338	 2.02	 1	 -41.9465	  173.6232
1.338	 2.69	 1	 -42.1978	  174.0861
1.338	 2.34	 1	 -42.7558	  173.0939
1.338	 2.30	 2	 -42.1858	  173.5190
1.341	 2.30	 1	 -42.9355	  173.1829
1.341	 2.05	 1	 -41.7393	  174.4047
1.342	 2.62	 1	 -41.7636	  174.4101
1.343	 2.16	 1	 -42.7491	  172.6600
1.344	 2.04	 1	 -42.2631	  173.9763
1.344	 2.12	 1	 -41.6576	  171.8138
1.345	 2.14	 2	 -41.7149	  174.4415
1.346	 2.53	 1	 -41.6265	  174.5181
1.346	 2.36	 1	 -42.0079	  170.0197
1.347	 2.13	 2	 -42.0771	  172.8113
1.347	 2.33	 1	 -41.8278	  174.2242
1.348	 2.02	 1	 -42.7086	  173.0967
1.348	 2.14	 2	 -41.8875	  174.2460
1.348	 2.46	 1	 -42.0026	  173.7337
1.348	 2.08	 1	 -41.8146	  174.1971
1.348	 2.71	 1	 -42.0525	  173.7375
1.348	 2.19	 1	 -41.7904	  174.2703
1.349	 5.32	 2	 -41.8964	  173.8503
1.349	 3.13	 1	 -43.0420	  171.2021
1.349	 2.09	 2	 -42.1218	  172.8994
1.349	 2.15	 3	 -42.1403	  173.9817
1.349	 2.11	 1	 -42.2468	  173.5390
1.350	 2.76	 1	 -42.3866	  173.5460
1.350	 2.32	 3	 -41.7770	  174.2326
1.350	 2.18	 1	 -42.0339	  173.7308
1.351	 2.23	 1	 -42.6845	  172.7803
1.351	 2.23	 1	 -42.2842	  173.6614
1.351	 2.29	 3	 -41.8903	  173.8603
1.351	 3.09	 1	 -42.6223	  173.0401
1.352	 2.31	 3	 -41.8889	  173.8269
1.352	 2.13	 1	 -41.7131	  174.2829
1.352	 2.02	 1	 -41.8944	  173.9807
1.352	 3.09	 1	 -42.4400	  173.6493
1.353	 2.60	 2	 -41.7553	  174.2384
1.353	 2.44	 1	 -42.1431	  173.1899
1.353	 2.78	 2	 -41.7612	  174.3141
1.353	 2.17	 2	 -41.8872	  173.9537
1.354	 2.13	 1	 -42.3079	  173.5576
1.354	 2.39	 3	 -39.9532	  179.2980
1.355	 2.47	 1	 -42.7038	  172.9353
1.355	 2.41	 1	 -42.2585	  173.8917
1.356	 2.06	 1	 -42.1224	  173.6070
1.356	 2.33	 1	 -42.3332	  173.5482
1.357	 3.42	 1	 -42.0137	  173.7831
1.357	 2.41	 1	 -41.9662	  173.8175
1.358	 2.91	 1	 -41.6936	  174.2350
1.358	 3.13	 1	 -42.1527	  173.7065
1.358	 3.19	 1	 -38.1072	  177.8891
1.360	 2.21	 2	 -42.4289	  173.8467
1.360	 2.05	 1	 -42.1416	  173.8163
1.360	 2.39	 1	 -42.0179	  173.7746
1.361	 2.10	 1	 -42.2645	  173.7255
1.361	 2.30	 1	 -41.8856	  174.0657
1.362	 2.02	 1	 -42.0814	  174.0980
1.362	 3.09	 1	 -41.9523	  174.2743
1.363	 2.10	 1	 -42.4702	  173.7042
1.363	 2.21	 1	 -41.7568	  174.2918
1.364	 2.82	 2	 -42.3087	  173.8517
1.364	 2.40	 1	 -41.8693	  173.9623
1.364	 2.07	 1	 -41.7873	  174.5306
1.364	 2.19	 1	 -42.2992	  173.5774
1.365	 2.50	 1	 -42.6746	  172.8369
1.366	 2.39	 4	 -42.5356	  172.7444
1.366	 2.57	 1	 -42.6181	  173.2408
1.367	 2.69	 1	 -41.8257	  174.0911
1.367	 2.02	 1	 -42.5854	  173.1530
1.367	 2.62	 1	 -41.6486	  174.2271
1.368	 2.31	 1	 -41.8172	  174.0810
1.368	 2.33	 1	 -42.2743	  173.6066
1.369	 2.06	 1	 -41.8960	  173.9508
1.370	 2.82	 1	 -42.0136	  173.8586
1.371	 2.21	 3	 -42.6600	  173.6793
1.371	 2.61	 2	 -42.6991	  173.3055
1.373	 2.20	 2	 -42.4307	  173.7953
1.373	 2.52	 1	 -41.7560	  174.1509
1.374	 2.51	 1	 -41.0247	  174.4717
1.374	 2.21	 1	 -41.8258	  174.2931
1.374	 2.50	 1	 -42.2194	  173.7092
1.375	 2.61	 1	 -42.2157	  173.7836
1.375	 3.34	 2	 -42.3638	  173.4961
1.376	 3.03	 1	 -41.7366	  173.9830
1.376	 2.54	 2	 -42.6750	  172.9692
1.377	 2.13	 3	 -41.9356	  173.8392
1.378	 2.30	 1	 -41.5601	  174.2053
1.378	 2.78	 1	 -42.0535	  173.6559
1.378	 2.80	 1	 -41.7918	  174.1528
1.378	 2.05	 2	 -42.4859	  173.1857
1.378	 2.21	 2	 -41.7905	  174.0457
1.379	 2.60	 1	 -41.9881	  173.7489
1.379	 2.14	 1	 -41.8328	  174.1898
1.380	 3.23	 2	 -41.9002	  174.2919
1.380	 2.56	 1	 -41.7571	  174.1747
1.381	 3.27	 1	 -42.3655	  173.5206
1.381	 2.46	 1	 -42.2418	  173.7003
1.382	 2.06	 3	 -41.7019	  174.2151
1.382	 2.19	 3	 -41.8409	  173.8437
1.382	 2.03	 1	 -41.7800	  174.2793
1.382	 2.30	 1	 -41.6690	  174.2204
1.382	 2.12	 1	 -41.7807	  174.2843
1.383	 2.04	 3	 -41.8858	  173.8705
1.383	 2.25	 2	 -42.6309	  173.6556
1.383	 2.08	 1	 -42.4130	  173.3278
1.383	 2.15	 2	 -41.7170	  174.2574
1.384	 2.09	 1	 -41.8515	  173.7843
1.384	 2.47	 1	 -41.6223	  170.8704
1.384	 3.04	 2	 -41.5875	  174.5121
1.385	 2.39	 1	 -42.3098	  173.5204
1.385	 3.16	 1	 -42.1493	  173.7012
1.385	 3.10	 2	 -42.6315	  173.6967
1.386	 2.10	 1	 -42.5998	  172.9437
1.386	 2.46	 1	 -41.9292	  173.9891
1.386	 2.30	 1	 -41.8568	  174.0316
1.386	 2.10	 1	 -41.7958	  174.2153
1.387	 2.24	 2	 -41.7468	  174.2316
1.388	 2.51	 1	 -42.3309	  173.9117
1.388	 3.79	 3	 -42.0607	  173.7727
1.389	 2.43	 2	 -42.2817	  174.5637
1.389	 2.42	 1	 -41.7765	  174.3064
1.389	 2.31	 2	 -41.7337	  174.2497
1.389	 2.99	 2	 -42.5851	  172.9507
1.389	 2.42	 1	 -42.1422	  173.5594
1.390	 2.54	 1	 -41.8748	  173.8573
1.390	 2.14	 1	 -42.3229	  173.6417
1.390	 2.32	 1	 -42.3890	  173.8804
1.391	 2.38	 1	 -42.2115	  173.5229
1.392	 2.28	 3	 -41.9046	  173.8781
1.392	 2.08	 1	 -41.8681	  173.9660
1.393	 2.97	 1	 -41.9689	  173.6567
1.393	 2.72	 1	 -42.4659	  173.6148
1.393	 3.01	 1	 -42.0238	  174.6261
1.393	 2.16	 1	 -42.5472	  173.4054
1.393	 2.10	 1	 -40.6075	  175.0677
1.394	 2.11	 1	 -42.1817	  173.6074
1.394	 2.19	 1	 -42.2603	  173.7967
1.394	 2.22	 1	 -42.5629	  173.3667
1.395	 2.01	 1	 -41.5435	  174.3845
1.395	 2.00	 2	 -41.8491	  174.1665
1.396	 2.09	 1	 -41.8619	  174.1728
1.396	 2.40	 1	 -41.6825	  174.2382
1.396	 2.02	 1	 -42.1835	  173.6992
1.396	 2.91	 1	 -41.9397	  173.7269
1.396	 2.14	 1	 -42.2404	  173.5999
1.397	 2.29	 2	 -41.7644	  174.2053
1.398	 2.02	 1	 -41.7445	  174.1615
1.398	 2.60	 2	 -41.9056	  174.1192
1.398	 3.72	 1	 -42.3024	  173.7339
1.400	 2.43	 1	 -42.5159	  173.7946
1.400	 2.10	 1	 -42.4235	  173.7482
1.400	 2.23	 1	 -41.7694	  174.2644
1.401	 2.44	 1	 -41.7235	  173.9999
1.401	 2.33	 1	 -42.0257	  173.7420
1.402	 2.26	 1	 -41.4491	  172.6404
1.403	 2.18	 2	 -41.8343	  174.2549
1.403	 2.04	 1	 -42.5756	  173.1501
1.403	 2.32	 2	 -41.9563	  173.9763
1.403	 5.12	 1	 -42.6093	  172.7598
1.403	 2.10	 1	 -42.2281	  173.7022
1.403	 2.26	 1	 -41.7616	  174.2766
1.404	 2.14	 2	 -42.6345	  172.7608
1.404	 2.02	 1	 -41.7033	  174.3093
1.404	 2.35	 1	 -41.7294	  174.1880
1.405	 2.11	 1	 -42.4738	  172.9626
1.405	 2.20	 3	 -40.4588	  175.4401
1.406	 2.40	 1	 -41.7697	  174.1407
1.406	 2.47	 1	 -42.5712	  173.1189
1.407	 2.35	 1	 -42.3216	  173.4818
1.407	 2.45	 1	 -42.2977	  173.7233
1.407	 3.13	 3	 -41.7353	  174.3595
1.408	 2.33	 1	 -42.8497	  172.8051
1.409	 2.36	 1	 -42.2221	  173.7253
1.410	 2.26	 3	 -41.9435	  173.8389
1.410	 2.37	 1	 -42.4232	  173.8997
1.410	 2.95	 1	 -41.7284	  174.1763
1.410	 2.49	 1	 -42.2768	  173.6940
1.410	 2.15	 1	 -42.2357	  173.4863
1.411	 2.26	 2	 -42.6611	  173.6631
1.411	 2.58	 1	 -42.7130	  173.2629
1.412	 2.15	 1	 -42.2844	  173.5051
1.413	 2.07	 1	 -42.2876	  173.6479
1.413	 2.49	 1	 -41.7145	  174.2833
1.414	 2.09	 1	 -42.1568	  173.8162
1.415	 2.09	 1	 -42.9381	  172.6141
1.415	 2.83	 3	 -41.9167	  173.8550
1.416	 2.15	 2	 -42.2516	  173.9118
1.416	 2.32	 2	 -42.2800	  173.6493
1.417	 2.08	 1	 -42.0399	  173.8581
1.417	 2.68	 2	 -42.6846	  172.8076
1.417	 2.27	 3	 -42.0783	  173.8818
1.419	 2.25	 1	 -42.2115	  173.5856
1.419	 2.27	 1	 -42.0517	  172.9023
1.419	 2.10	 1	 -42.1721	  173.6287
1.419	 2.30	 1	 -42.5896	  173.0487
1.419	 2.02	 2	 -42.6601	  172.8757
1.421	 2.19	 1	 -41.8151	  173.9642
1.421	 2.43	 1	 -41.9933	  173.7340
1.421	 2.65	 2	 -42.5454	  172.7615
1.423	 2.29	 1	 -42.2081	  173.6684
1.423	 2.45	 1	 -41.7765	  174.1911
1.423	 2.97	 1	 -42.2771	  173.7198
1.423	 2.79	 1	 -41.7004	  174.4249
1.424	 3.15	 3	 -41.9126	  173.8487
1.425	 2.48	 1	 -41.8437	  173.9650
1.426	 2.09	 1	 -42.1592	  173.5679
1.427	 2.53	 2	 -42.1372	  173.5986
1.427	 2.79	 1	 -42.8909	  173.8185
1.428	 2.00	 1	 -42.4298	  173.7740
1.429	 2.58	 1	 -44.6234	  178.5472
1.429	 2.29	 3	 -41.9906	  173.5111
1.429	 3.11	 1	 -41.6807	  174.3029
1.430	 3.00	 1	 -42.7746	  173.0666
1.431	 2.05	 1	 -42.5643	  172.4504
1.432	 2.12	 1	 -41.8167	  174.5353
1.433	 3.20	 2	 -42.6837	  172.7562
1.433	 2.55	 3	 -41.8852	  174.2363
1.434	 2.16	 2	 -42.4178	  173.3138
1.434	 2.16	 1	 -42.3184	  173.1796
1.434	 2.22	 1	 -42.4261	  173.4982
1.436	 2.11	 2	 -42.2244	  173.6075
1.436	 2.25	 2	 -42.6258	  172.8287
1.436	 2.29	 3	 -41.8850	  173.8046
1.438	 2.54	 2	 -42.2765	  173.7556
1.439	 2.89	 2	 -42.1514	  173.8564
1.440	 2.09	 1	 -41.7806	  174.2529
1.440	 3.43	 1	 -42.0855	  173.3696
1.441	 2.45	 3	 -42.6928	  173.5641
1.441	 3.52	 3	 -41.8861	  173.8353
1.441	 2.14	 2	 -41.9137	  173.7870
1.441	 2.11	 1	 -42.0438	  172.5467
1.441	 2.94	 1	 -41.6877	  173.2991
1.442	 2.18	 1	 -42.6107	  172.9680
1.443	 4.83	 1	 -41.7898	  173.9314
1.444	 2.01	 2	 -42.4562	  173.0992
1.444	 2.09	 3	 -42.6520	  172.8664
1.445	 2.34	 2	 -41.6847	  174.3374
1.445	 2.20	 2	 -42.5167	  172.8617
1.445	 2.48	 1	 -41.9163	  173.9217
1.446	 2.14	 3	 -41.9513	  173.7258
1.447	 4.08	 1	 -41.2372	  172.1824
1.447	 2.01	 2	 -42.3330	  174.0202
1.447	 2.00	 1	 -42.5064	  173.9077
1.448	 2.08	 1	 -42.8598	  174.1528
1.448	 2.93	 1	 -41.6242	  174.3739
1.449	 2.59	 1	 -41.6687	  174.2651
1.449	 2.54	 3	 -41.8940	  173.8310
1.450	 3.03	 3	 -41.8888	  173.8715
1.450	 2.25	 1	 -42.0998	  172.8967
1.450	 2.31	 1	 -42.0315	  173.7545
1.451	 2.89	 1	 -42.6247	  172.9528
1.452	 2.26	 2	 -41.9180	  172.9530
1.452	 2.77	 2	 -41.9517	  174.2065
1.453	 2.47	 1	 -41.6470	  173.9488
1.453	 2.33	 1	 -42.5702	  173.1823
1.453	 2.02	 2	 -41.9802	  173.5348
1.454	 2.38	 2	 -41.9418	  173.9824
1.455	 3.67	 3	 -41.8737	  173.8571
1.456	 2.38	 1	 -42.2442	  173.6429
1.456	 2.05	 1	 -41.7669	  174.2601
1.456	 2.09	 1	 -41.8894	  173.9338
1.456	 2.69	 1	 -41.6892	  174.1194
1.456	 2.07	 1	 -42.5436	  173.0724
1.456	 2.33	 1	 -41.6585	  174.2211
1.457	 2.05	 1	 -42.3566	  174.0547
1.457	 2.15	 1	 -42.6151	  174.9762
1.457	 2.17	 1	 -42.5000	  173.9949
1.458	 2.06	 1	 -41.6986	  174.2653
1.458	 2.01	 1	 -42.3970	  173.7822
1.459	 2.03	 2	 -42.4032	  173.9111
1.459	 2.32	 1	 -41.7006	  174.2837
1.460	 2.00	 1	 -41.7554	  174.2039
1.460	 2.44	 2	 -42.4933	  173.4938
1.460	 2.09	 1	 -42.2246	  173.6757
1.460	 2.16	 1	 -42.6524	  172.7451
1.460	 2.66	 1	 -42.1478	  173.6119
1.461	 2.15	 1	 -41.8358	  174.2111
1.462	 2.02	 1	 -42.6586	  171.8420
1.463	 2.13	 1	 -42.4985	  173.1064
1.463	 2.21	 1	 -42.3427	  173.7724
1.464	 2.08	 1	 -42.0565	  174.0791
1.464	 2.06	 1	 -44.9391	  178.4022
1.464	 2.53	 1	 -42.3308	  173.4770
1.464	 2.51	 3	 -42.5847	  173.2246
1.465	 2.19	 1	 -42.2369	  173.6555
1.465	 2.84	 1	 -41.7836	  174.2378
1.466	 2.35	 2	 -41.9042	  173.9241
1.466	 2.42	 2	 -41.0688	  174.4662
1.466	 2.12	 2	 -42.8477	  172.8076
1.467	 2.52	 1	 -41.8372	  174.6776
1.468	 2.39	 2	 -41.9764	  174.4348
1.468	 2.80	 1	 -41.6849	  174.1961
1.468	 2.99	 2	 -40.9946	  180.0827
1.469	 2.35	 2	 -41.7939	  173.9217
1.469	 2.19	 2	 -41.7466	  174.3290
1.469	 3.43	 1	 -42.0500	  173.7261
1.470	 2.03	 1	 -42.1614	  173.6288
1.470	 2.87	 2	 -42.2879	  173.6518
1.470	 2.11	 1	 -42.1712	  173.6185
1.471	 2.03	 1	 -41.7777	  174.3298
1.473	 2.04	 1	 -47.1232	  174.0659
1.474	 3.06	 1	 -42.3211	  174.0213
1.474	 2.65	 1	 -41.8033	  174.2293
1.474	 2.52	 2	 -42.6936	  172.7725
1.475	 2.74	 2	 -42.5064	  173.1741
1.475	 2.03	 2	 -41.7841	  174.1849
1.475	 2.22	 3	 -39.9543	  174.1534
1.476	 2.14	 1	 -41.9604	  173.4675
1.476	 2.19	 1	 -42.3546	  173.0843
1.476	 2.59	 1	 -41.6861	  174.3495
1.476	 2.17	 1	 -42.6755	  172.7597
1.476	 2.46	 2	 -41.8965	  173.9438
1.476	 2.19	 1	 -41.8105	  174.2618
1.477	 2.37	 1	 -42.1418	  173.4928
1.477	 2.19	 1	 -41.7883	  174.4110
1.478	 2.11	 1	 -41.9684	  173.6202
1.478	 2.10	 1	 -41.8026	  174.4718
1.478	 2.33	 2	 -41.6777	  174.1909
1.479	 3.65	 1	 -41.9142	  174.0975
1.480	 2.05	 1	 -42.3363	  173.4709
1.481	 2.42	 1	 -42.0507	  173.5782
1.482	 2.56	 2	 -41.6592	  174.1996
1.482	 3.60	 1	 -42.2509	  173.6469
1.484	 2.36	 1	 -42.1439	  173.5957
1.484	 2.10	 2	 -42.2764	  173.5233
1.485	 2.10	 2	 -42.1035	  173.6500
1.485	 2.61	 1	 -42.2678	  173.6043
1.485	 2.40	 1	 -42.4354	  173.7498
1.487	 2.21	 1	 -42.3016	  173.7704
1.487	 2.23	 1	 -42.5279	  173.3290
1.488	 2.66	 3	 -41.8513	  173.8960
1.488	 2.06	 1	 -41.7823	  174.4230
1.489	 2.21	 1	 -42.0738	  174.1223
1.489	 2.00	 1	 -41.7035	  175.2556
1.489	 2.17	 2	 -42.3337	  173.2607
1.489	 2.25	 1	 -41.7446	  174.0831
1.490	 2.43	 1	 -41.8798	  173.7228
1.490	 2.01	 1	 -42.5332	  173.4327
1.491	 2.04	 1	 -42.2048	  173.6470
1.492	 2.45	 1	 -42.5613	  173.6001
1.492	 2.91	 1	 -42.2395	  173.6849
1.493	 2.43	 1	 -41.6864	  174.2882
1.493	 2.41	 1	 -42.4354	  173.6184
1.493	 2.48	 1	 -42.1757	  173.5898
1.493	 2.52	 1	 -42.3714	  173.5677
1.494	 2.20	 1	 -42.4571	  173.1370
1.494	 2.66	 2	 -42.4832	  173.2091
1.494	 3.13	 2	 -42.5216	  173.6339
1.494	 2.05	 1	 -41.6418	  174.3180
1.495	 2.62	 1	 -42.3334	  174.0601
1.495	 4.01	 1	 -42.3274	  173.9979
1.495	 2.18	 2	 -41.8725	  174.1627
1.495	 2.67	 2	 -42.2673	  173.7183
1.495	 2.09	 1	 -42.3053	  173.6234
1.496	 3.38	 1	 -42.5488	  172.8291
1.497	 2.26	 2	 -41.7737	  173.9265
1.497	 2.10	 2	 -42.3398	  174.0099
1.498	 2.28	 1	 -42.5309	  173.6747
1.498	 2.07	 1	 -41.6472	  174.3586
1.498	 2.19	 1	 -41.6422	  174.2049
1.498	 2.33	 3	 -41.8861	  174.1317
1.499	 2.22	 1	 -41.7607	  174.2301
1.500	 3.12	 1	 -42.5004	  173.1525
1.500	 2.11	 1	 -42.2505	  173.4733
1.500	 2.45	 3	 -41.8650	  173.9255
1.500	 2.87	 1	 -42.5894	  173.0827
1.501	 2.06	 1	 -42.2710	  173.8137
1.502	 2.72	 1	 -41.6770	  174.1955
1.502	 2.04	 3	 -41.9225	  173.8910
1.503	 2.36	 1	 -42.6827	  173.2813
1.503	 2.84	 1	 -42.2125	  173.7598
1.503	 2.10	 1	 -42.1359	  173.3674
1.504	 3.14	 1	 -42.4364	  173.2453
1.504	 2.16	 3	 -42.0659	  173.7871
1.505	 2.01	 2	 -42.6082	  172.7360
1.505	 2.03	 2	 -42.6295	  172.7473
1.506	 2.46	 1	 -41.7235	  174.3134
1.506	 2.76	 1	 -41.7274	  173.8951
1.507	 2.11	 1	 -42.2825	  173.8163
1.508	 2.24	 2	 -41.9008	  173.8976
1.509	 2.40	 1	 -42.1154	  173.7111
1.509	 3.29	 2	 -41.7639	  173.9454
1.510	 2.03	 1	 -41.8457	  174.0528
1.512	 2.21	 1	 -42.2461	  173.7400
1.513	 2.10	 1	 -42.3336	  173.4645
1.515	 2.33	 1	 -42.0920	  173.8308
1.515	 2.04	 2	 -42.6091	  172.7473
1.516	 2.03	 1	 -41.7761	  174.1734
1.517	 2.16	 1	 -42.3448	  173.7694
1.518	 2.02	 1	 -42.4920	  173.2312
1.518	 2.11	 1	 -42.3717	  174.0128
1.518	 2.13	 1	 -41.8142	  174.2237
1.519	 2.11	 1	 -42.0904	  173.7155
1.519	 2.99	 1	 -42.2720	  173.8003
1.519	 3.52	 1	 -42.3854	  173.7660
1.520	 2.34	 1	 -41.9048	  176.6896
1.520	 2.01	 1	 -42.5768	  173.0626
1.520	 2.57	 1	 -40.2272	  172.7826
1.521	 2.17	 1	 -42.5333	  173.4153
1.523	 2.09	 2	 -41.8738	  174.1547
1.523	 2.42	 1	 -42.3086	  173.6945
1.524	 2.05	 2	 -42.4136	  173.8295
1.524	 2.03	 1	 -42.1109	  173.6563
1.525	 2.13	 1	 -42.0824	  173.8083
1.525	 2.06	 1	 -41.8519	  173.9094
1.525	 2.29	 1	 -42.2998	  173.7986
1.525	 2.38	 1	 -41.7008	  174.3284
1.526	 2.12	 1	 -42.2774	  173.6121
1.526	 2.29	 1	 -42.6650	  173.6156
1.526	 2.25	 1	 -42.6440	  173.0829
1.527	 2.40	 1	 -41.9004	  173.5355
1.528	 3.24	 2	 -44.9356	  178.4042
1.528	 2.47	 2	 -42.4644	  173.2090
1.529	 2.55	 1	 -42.3406	  173.7874
1.529	 2.19	 1	 -41.9891	  173.7681
1.530	 3.04	 1	 -42.3434	  174.0128
1.530	 2.42	 1	 -41.8530	  174.1241
1.531	 2.06	 1	 -41.7131	  174.3102
1.531	 2.63	 1	 -42.2425	  173.6304
1.531	 2.01	 1	 -41.8480	  174.2652
1.534	 3.58	 1	 -42.2317	  173.6276
1.534	 2.07	 2	 -42.6083	  172.8833
1.534	 2.11	 1	 -42.1944	  173.3459
1.539	 2.02	 1	 -41.7223	  174.2953
1.540	 2.19	 1	 -42.6650	  172.8247
1.540	 2.56	 2	 -42.5365	  173.8803
1.541	 2.71	 1	 -42.2827	  173.6646
1.542	 2.07	 2	 -42.5965	  173.4509
1.543	 2.08	 1	 -42.7226	  172.9582
1.543	 2.33	 1	 -42.3692	  174.1606
1.543	 3.17	 1	 -41.7527	  173.9767
1.543	 2.09	 2	 -41.7859	  173.9104
1.544	 4.45	 1	 -41.7836	  174.3589
1.544	 2.76	 1	 -42.2047	  173.4863
1.545	 2.23	 1	 -42.3110	  173.9794
1.547	 2.51	 2	 -42.0609	  174.0259
1.547	 2.70	 1	 -42.4710	  173.6462
1.548	 2.61	 3	 -41.8073	  173.8779
1.549	 2.40	 1	 -41.8046	  174.2487
1.549	 2.03	 1	 -42.6107	  173.6077
1.549	 2.19	 1	 -41.7153	  174.2791
1.550	 3.04	 1	 -42.3555	  173.7400
1.550	 2.97	 1	 -42.6562	  172.9840
1.550	 2.21	 1	 -42.2690	  173.6565
1.550	 3.58	 1	 -41.6998	  174.4327
1.551	 2.12	 1	 -41.7693	  174.2970
1.551	 2.78	 1	 -42.0295	  173.6970
1.551	 2.08	 2	 -42.4342	  173.1526
1.552	 2.07	 1	 -42.1110	  174.2853
1.552	 4.09	 2	 -41.7361	  174.2203
1.552	 2.23	 1	 -41.7552	  174.4025
1.552	 2.12	 1	 -41.7113	  173.9994
1.553	 2.97	 2	 -41.7077	  175.2329
1.553	 2.39	 1	 -41.6701	  174.2791
1.553	 2.35	 2	 -41.4664	  174.1184
1.553	 2.16	 2	 -42.3598	  173.0623
1.554	 2.05	 1	 -42.4211	  173.1010
1.555	 2.50	 3	 -41.6969	  174.2571
1.555	 2.22	 1	 -41.7810	  174.2285
1.555	 2.70	 2	 -41.7522	  173.9677
1.556	 2.15	 1	 -42.2061	  173.6736
1.556	 3.00	 4	 -41.9184	  173.8513
1.557	 2.96	 1	 -42.2443	  173.7841
1.558	 2.39	 1	 -42.2693	  173.6581
1.558	 2.36	 1	 -42.0001	  173.5667
1.558	 2.27	 2	 -41.7553	  171.0664
1.560	 4.33	 1	 -42.1691	  173.6675
1.561	 3.77	 2	 -41.9864	  173.9688
1.561	 2.28	 1	 -42.8416	  173.3284
1.562	 2.83	 1	 -42.6177	  173.1259
1.563	 2.30	 1	 -41.7537	  174.3473
1.563	 2.01	 2	 -42.2795	  173.6985
1.563	 2.64	 1	 -42.9223	  172.9366
1.564	 3.65	 1	 -42.1748	  173.0969
1.565	 2.15	 2	 -42.6922	  172.7751
1.565	 2.15	 1	 -43.0209	  172.8360
1.565	 2.40	 1	 -42.4201	  173.3138
1.566	 2.00	 3	 -41.8939	  173.9166
1.567	 3.11	 2	 -42.2920	  173.7772
1.567	 2.57	 1	 -43.8841	  173.6750
1.569	 2.43	 1	 -41.9801	  172.5320
1.569	 2.08	 1	 -42.0180	  173.7380
1.570	 2.31	 2	 -41.6998	  174.3416
1.571	 2.53	 2	 -42.6579	  172.7193
1.571	 2.31	 1	 -41.7933	  174.2499
1.572	 2.27	 1	 -42.0077	  173.6796
1.573	 2.81	 1	 -42.3490	  173.8689
1.573	 2.07	 2	 -41.8600	  174.1541
1.573	 2.78	 2	 -42.1581	  173.6286
1.573	 2.69	 2	 -42.3633	  173.1200
1.574	 2.22	 2	 -44.4725	  171.9212
1.574	 2.04	 2	 -42.4998	  173.9232
1.574	 2.30	 1	 -42.4137	  173.2488
1.574	 3.77	 1	 -42.6715	  172.7787
1.574	 2.07	 1	 -42.3796	  173.9958
1.574	 3.00	 2	 -42.4168	  173.0001
1.575	 2.07	 1	 -42.7526	  173.0776
1.575	 2.03	 1	 -42.8136	  172.5485
1.576	 2.54	 1	 -41.9276	  174.2869
1.577	 2.21	 2	 -42.1138	  173.7889
1.577	 2.38	 3	 -41.0702	  174.4664
1.577	 2.13	 2	 -42.3514	  172.3865
1.580	 2.37	 2	 -42.6932	  172.7814
1.581	 2.28	 1	 -41.9896	  173.6549
1.581	 2.09	 1	 -41.8460	  174.1829
1.582	 2.33	 2	 -41.8336	  173.8682
1.582	 2.84	 2	 -42.1672	  174.1900
1.583	 2.34	 1	 -41.5961	  174.3107
1.584	 2.01	 1	 -42.5126	  174.2309
1.585	 3.33	 1	 -41.8071	  174.2399
1.585	 2.23	 1	 -41.6933	  174.2649
1.586	 2.82	 1	 -42.0058	  173.8063
1.586	 2.27	 3	 -42.6871	  172.6734
1.586	 2.72	 2	 -42.1026	  173.5579
1.586	 3.00	 3	 -41.8203	  174.2250
1.587	 3.69	 1	 -42.6862	  172.7862
1.588	 2.31	 2	 -42.4707	  173.2067
1.588	 2.64	 1	 -42.5564	  173.0589
1.588	 2.37	 1	 -42.0303	  173.7364
1.589	 2.05	 1	 -43.3916	  168.6749
1.590	 2.60	 1	 -41.9182	  173.8891
1.590	 2.23	 1	 -42.7950	  173.1558
1.591	 2.39	 1	 -42.4954	  174.0217
1.591	 2.12	 1	 -41.2371	  174.3312
1.592	 2.18	 1	 -42.3042	  173.9889
1.592	 3.06	 1	 -42.0038	  173.7266
1.592	 2.19	 2	 -41.5052	  174.2827
1.592	 2.51	 1	 -42.2685	  173.6683
1.593	 2.16	 1	 -42.1853	  173.6575
1.594	 2.14	 2	 -42.5641	  172.4492
1.594	 2.99	 1	 -42.3378	  173.0691
1.594	 2.72	 1	 -42.3719	  173.6267
1.594	 2.62	 2	 -42.6480	  173.6743
1.594	 2.56	 1	 -42.5510	  172.8636
1.595	 2.60	 2	 -41.7546	  174.3685
1.595	 2.10	 2	 -41.8302	  174.1377
1.596	 2.78	 1	 -42.1038	  173.8947
1.597	 2.60	 1	 -41.8274	  174.1896
1.598	 2.28	 1	 -42.6411	  173.0783
1.598	 2.26	 1	 -42.1342	  173.8184
1.598	 2.13	 2	 -42.2257	  173.6344
1.599	 2.10	 1	 -42.7067	  172.7180
1.599	 2.15	 1	 -42.4643	  173.9200
1.599	 2.64	 1	 -42.3548	  173.6586
1.600	 2.57	 1	 -42.1843	  174.1164
1.600	 2.43	 1	 -42.6755	  173.0300
1.602	 2.02	 1	 -42.2842	  173.7452
1.602	 2.84	 1	 -42.6356	  173.0472
1.602	 2.49	 2	 -41.8703	  174.2020
1.603	 2.32	 1	 -42.1646	  173.5382
1.603	 2.41	 2	 -41.8209	  174.2439
1.604	 2.08	 1	 -42.5470	  173.1499
1.604	 2.03	 1	 -42.6830	  173.1574
1.607	 2.54	 1	 -42.1511	  172.9930
1.607	 2.18	 1	 -41.9899	  173.9890
1.609	 2.33	 1	 -42.0001	  173.9045
1.609	 4.66	 1	 -39.2728	  176.9945
1.609	 2.42	 2	 -42.0770	  174.1208
1.609	 2.07	 1	 -42.3692	  173.8774
1.610	 2.23	 3	 -41.8795	  173.8512
1.610	 2.44	 1	 -41.7376	  174.2127
1.611	 2.27	 1	 -41.9819	  174.0491
1.611	 2.32	 1	 -42.4411	  173.7772
1.611	 3.12	 1	 -42.9395	  175.0733
1.611	 2.36	 2	 -42.6805	  172.9300
1.611	 2.38	 1	 -42.5091	  173.8158
1.612	 2.42	 1	 -42.8137	  173.0455
1.613	 2.04	 1	 -41.6856	  174.2406
1.613	 2.10	 1	 -41.6803	  174.2744
1.613	 2.05	 1	 -41.9429	  173.8718
1.613	 2.38	 3	 -41.8588	  173.8316
1.614	 2.02	 2	 -42.6603	  172.9695
1.614	 2.21	 1	 -42.2710	  173.8147
1.615	 2.22	 1	 -42.3557	  173.6829
1.615	 2.26	 2	 -41.8251	  174.0460
1.615	 4.25	 1	 -42.2340	  173.6105
1.615	 2.05	 3	 -42.4873	  173.1851
1.615	 2.04	 2	 -42.6326	  172.7415
1.615	 2.04	 1	 -42.4880	  173.1259
1.616	 2.01	 1	 -41.9083	  173.7152
1.617	 2.35	 1	 -42.3066	  173.7258
1.617	 3.18	 2	 -42.5869	  172.9743
1.617	 2.46	 1	 -42.8731	  172.8268
1.618	 2.03	 1	 -42.4607	  173.1976
1.618	 2.11	 2	 -39.2361	  176.9609
1.619	 2.57	 1	 -41.7800	  174.1727
1.620	 2.26	 1	 -42.5724	  172.8436
1.621	 2.01	 1	 -42.0415	  173.6347
1.622	 2.59	 2	 -41.6922	  173.6059
1.623	 2.10	 2	 -42.6846	  172.7799
1.624	 2.10	 1	 -42.3201	  174.1024
1.625	 2.34	 1	 -42.1525	  173.5017
1.625	 2.42	 1	 -42.2438	  173.6156
1.625	 2.12	 1	 -45.3469	  177.9603
1.625	 2.21	 1	 -41.5964	  174.3587
1.626	 2.92	 1	 -41.7925	  174.1460
1.626	 2.03	 1	 -42.3099	  173.1535
1.626	 2.06	 1	 -43.0509	  173.4100
1.626	 2.35	 1	 -41.8613	  174.0380
1.627	 2.53	 1	 -41.7713	  174.2341
1.627	 2.25	 1	 -42.0786	  173.3741
1.628	 2.15	 1	 -42.3504	  173.8650
1.628	 2.22	 1	 -42.3319	  173.8820
1.628	 2.13	 1	 -41.2460	  175.1474
1.628	 2.14	 1	 -42.2893	  173.9070
1.628	 2.29	 1	 -41.8544	  174.1324
1.629	 2.14	 1	 -42.3592	  173.7683
1.629	 2.01	 1	 -41.7899	  174.2675
1.629	 2.37	 1	 -42.3649	  174.1064
1.630	 2.29	 1	 -42.3397	  173.8235
1.630	 2.03	 1	 -41.6992	  172.9576
1.630	 3.19	 2	 -41.7316	  173.5792
1.630	 2.14	 3	 -41.7501	  174.2274
1.631	 2.04	 2	 -42.3126	  173.6978
1.631	 2.03	 1	 -42.0396	  173.6642
1.631	 2.07	 2	 -42.3038	  173.7934
1.633	 2.04	 1	 -41.7615	  174.2640
1.633	 2.29	 1	 -41.7241	  174.2547
1.633	 3.48	 1	 -42.5378	  173.9482
1.635	 2.06	 2	 -42.2323	  173.6834
1.635	 3.40	 1	 -41.8314	  174.1754
1.635	 2.19	 1	 -42.1223	  174.0645
1.636	 2.60	 1	 -41.4692	  174.2536
1.636	 2.05	 1	 -41.7670	  174.1650
1.637	 2.03	 1	 -42.4260	  173.7764
1.639	 2.34	 1	 -42.5083	  173.6821
1.639	 2.40	 2	 -42.6848	  172.7653
1.641	 2.02	 1	 -41.7833	  174.2941
1.642	 2.06	 1	 -41.8098	  174.2119
1.643	 2.93	 3	 -41.8245	  174.5905
1.643	 2.18	 1	 -41.7161	  174.2950
1.643	 2.14	 1	 -42.4563	  173.2317
1.644	 2.07	 1	 -41.7617	  174.3398
1.644	 2.53	 3	 -42.6751	  172.7262
1.644	 2.00	 2	 -41.6705	  174.2507
1.644	 2.50	 2	 -41.7748	  174.3382
1.645	 2.15	 1	 -42.3650	  173.4818
1.646	 2.04	 1	 -41.7583	  174.1507
1.647	 2.60	 1	 -41.9516	  173.8689
1.648	 2.14	 1	 -43.1655	  173.0728
1.649	 3.03	 1	 -42.8841	  174.0956
1.649	 2.11	 2	 -42.1778	  173.5453
1.649	 2.83	 1	 -42.6112	  173.2126
1.650	 3.16	 1	 -42.3479	  173.6119
1.650	 2.17	 2	 -42.3758	  173.8572
1.650	 2.21	 1	 -42.6990	  173.0558
1.651	 2.05	 1	 -41.9410	  173.9766
1.651	 2.06	 1	 -42.3149	  174.0221
1.652	 2.01	 1	 -41.7034	  174.2394
1.652	 2.28	 2	 -42.1067	  173.6033
1.652	 2.58	 2	 -42.1223	  173.6225
1.652	 2.50	 1	 -41.8155	  174.2210
1.654	 2.05	 1	 -42.6574	  172.9370
1.654	 2.48	 1	 -41.8479	  174.0202
1.654	 2.17	 1	 -41.9276	  174.2353
1.655	 2.73	 1	 -41.7806	  173.4977
1.655	 2.39	 2	 -42.1492	  173.5586
1.655	 2.20	 1	 -42.1460	  172.8741
1.655	 2.50	 1	 -41.7043	  174.2924
1.656	 2.16	 1	 -41.9810	  174.1001
1.657	 3.72	 4	 -42.1235	  173.8473
1.657	 2.07	 1	 -42.4306	  173.7010
1.658	 2.07	 1	 -42.6492	  173.1188
1.658	 2.12	 1	 -42.8533	  173.0360
1.659	 2.61	 1	 -42.3051	  173.8437
1.660	 2.37	 1	 -42.2083	  173.6609
1.660	 2.17	 2	 -42.2814	  173.8093
1.660	 3.14	 2	 -42.2087	  173.6530
1.662	 2.70	 3	 -41.7715	  173.9563
1.662	 2.26	 1	 -42.3515	  173.7600
1.663	 2.14	 2	 -42.1534	  173.7079
1.665	 2.40	 1	 -42.6847	  173.1434
1.666	 2.15	 2	 -41.8143	  173.8295
1.666	 4.38	 1	 -41.6228	  174.2325
1.667	 2.75	 1	 -42.3195	  173.7438
1.668	 2.02	 2	 -41.8840	  174.2023
1.668	 2.72	 1	 -42.4702	  173.1376
1.669	 2.55	 1	 -42.5265	  173.1792
1.670	 2.80	 1	 -42.6848	  172.9418
1.671	 2.27	 1	 -42.5640	  173.1279
1.671	 2.97	 1	 -42.4541	  173.7601
1.671	 2.71	 1	 -42.3024	  173.7710
1.671	 3.22	 2	 -42.4772	  173.2119
1.671	 2.47	 1	 -42.3525	  173.8782
1.672	 2.87	 1	 -42.2774	  173.5300
1.674	 2.13	 1	 -41.8120	  173.7858
1.674	 2.08	 1	 -42.3280	  173.4710
1.675	 2.04	 1	 -42.3840	  172.8989
1.676	 2.40	 1	 -42.3264	  174.8594
1.676	 2.74	 3	 -41.8680	  174.0717
1.676	 2.37	 2	 -41.6109	  174.2007
1.676	 2.44	 2	 -39.2682	  176.9834
1.677	 3.75	 2	 -41.8662	  174.1160
1.679	 2.47	 1	 -42.1269	  173.6997
1.680	 2.80	 1	 -42.7270	  172.9741
1.680	 2.92	 3	 -41.8698	  173.8272
1.680	 2.49	 1	 -41.8946	  174.0153
1.681	 2.58	 1	 -41.7115	  174.2757
1.682	 2.22	 1	 -42.1759	  173.7811
1.682	 2.06	 1	 -42.4077	  173.9337
1.683	 2.14	 1	 -41.7480	  174.2790
1.684	 2.25	 1	 -41.7518	  174.2672
1.684	 2.26	 1	 -42.3755	  173.7683
1.686	 2.02	 1	 -41.8495	  173.5967
1.686	 2.11	 2	 -42.3007	  173.7686
1.687	 2.78	 1	 -41.7915	  174.2652
1.687	 2.13	 1	 -42.2511	  173.9090
1.687	 2.06	 1	 -41.6434	  174.5172
1.688	 2.57	 3	 -42.3976	  173.6615
1.688	 2.41	 2	 -43.5439	  171.1448
1.688	 2.35	 1	 -41.8738	  175.1187
1.688	 2.33	 1	 -41.8385	  174.2889
1.689	 2.68	 1	 -43.8685	  171.9624
1.689	 3.27	 1	 -41.4939	  174.1340
1.689	 2.05	 1	 -42.6372	  172.8748
1.690	 2.50	 1	 -42.1953	  173.5834
1.690	 3.11	 1	 -42.2228	  173.7420
1.690	 2.12	 1	 -42.4311	  172.8391
1.690	 2.62	 1	 -42.6070	  173.0271
1.690	 2.04	 1	 -42.5747	  173.0562
1.691	 2.56	 2	 -42.3472	  173.6107
1.691	 2.02	 1	 -42.6008	  173.1994
1.692	 2.14	 1	 -42.2206	  173.7406
1.693	 2.00	 1	 -41.6571	  174.1596
1.694	 2.24	 1	 -42.1823	  173.5880
1.694	 2.17	 1	 -42.1873	  173.6500
1.694	 2.82	 1	 -41.9266	  174.0186
1.694	 2.16	 1	 -42.2327	  173.9001
1.695	 2.38	 1	 -41.8535	  172.8845
1.696	 2.23	 1	 -41.8617	  174.0618
1.696	 3.11	 2	 -41.8132	  173.7749
1.696	 2.15	 1	 -42.4968	  173.9088
1.697	 2.73	 1	 -41.7638	  174.1711
1.697	 2.19	 2	 -41.8957	  173.9984
1.698	 2.53	 1	 -42.7697	  172.9917
1.699	 2.62	 1	 -42.9194	  172.6534
1.699	 2.95	 1	 -42.5302	  173.8311
1.700	 2.53	 1	 -42.1869	  173.5690
1.700	 2.69	 2	 -42.2299	  173.4860
1.700	 2.69	 2	 -41.7922	  174.2099
1.701	 3.01	 1	 -42.5831	  173.4639
1.701	 2.71	 3	 -41.7312	  173.7918
1.702	 2.48	 2	 -42.2973	  173.7271
1.703	 2.25	 1	 -41.7196	  174.1726
1.703	 2.50	 2	 -42.6000	  172.7496
1.703	 2.58	 1	 -41.9883	  173.8324
1.704	 2.03	 1	 -42.5157	  173.2019
1.704	 2.04	 2	 -42.7672	  172.6507
1.705	 2.13	 1	 -42.5804	  172.7932
1.706	 2.20	 1	 -42.6409	  172.9415
1.706	 2.27	 1	 -42.4211	  174.2856
1.706	 2.10	 1	 -42.3613	  173.5678
1.707	 2.46	 1	 -42.1153	  173.5036
1.707	 2.80	 1	 -41.9023	  174.1850
1.708	 2.36	 1	 -42.3870	  173.7034
1.708	 2.36	 1	 -42.0922	  173.6752
1.709	 2.30	 2	 -41.9710	  174.1602
1.710	 3.33	 2	 -39.0271	  177.1419
1.710	 2.67	 2	 -41.4568	  174.3376
1.711	 2.14	 2	 -41.2222	  172.1722
1.711	 2.73	 1	 -41.7068	  174.2813
1.712	 2.27	 2	 -42.2330	  173.7096
1.713	 2.20	 2	 -41.8479	  173.8507
1.715	 2.63	 2	 -42.6673	  172.7859
1.716	 2.19	 1	 -42.2287	  173.6085
1.716	 2.40	 1	 -42.3520	  173.5113
1.717	 2.12	 1	 -42.3482	  173.8253
1.718	 2.15	 2	 -41.7967	  174.4481
1.718	 2.23	 2	 -41.9346	  174.2771
1.718	 2.09	 3	 -41.9416	  174.1570
1.719	 3.37	 2	 -42.1954	  173.6111
1.719	 2.11	 1	 -41.8095	  174.2791
1.719	 2.15	 2	 -41.9317	  173.8467
1.719	 2.28	 1	 -42.4087	  173.5520
1.719	 2.16	 2	 -41.5608	  174.1683
1.720	 2.79	 1	 -42.6015	  172.9246
1.721	 2.46	 2	 -41.8822	  173.9261
1.722	 2.34	 1	 -41.6594	  174.2440
1.722	 2.52	 2	 -42.4931	  173.1983
1.722	 2.17	 1	 -42.2877	  173.8946
1.723	 2.43	 1	 -42.3666	  173.7393
1.723	 2.70	 1	 -42.6507	  172.9950
1.723	 2.19	 1	 -42.1212	  173.7186
1.723	 2.31	 2	 -41.8504	  174.1619
1.724	 2.23	 1	 -42.1155	  173.4732
1.724	 2.35	 1	 -41.7952	  174.2114
1.724	 2.24	 1	 -41.8888	  173.9311
1.725	 2.11	 2	 -41.7850	  174.2728
1.726	 2.22	 1	 -42.8798	  172.8223
1.726	 3.87	 1	 -42.2137	  173.8372
1.727	 2.13	 1	 -42.3240	  173.5912
1.728	 2.68	 1	 -41.7629	  174.1906
1.729	 2.13	 1	 -41.8692	  173.9604
1.729	 2.02	 1	 -42.2632	  173.6391
1.730	 2.44	 1	 -42.7451	  173.4831
1.731	 2.00	 2	 -41.7369	  174.2996
1.731	 2.10	 1	 -42.3982	  174.2747
1.732	 2.59	 1	 -42.8663	  172.8824
1.732	 2.63	 4	 -41.6678	  174.3216
1.732	 2.29	 2	 -42.6112	  172.7905
1.732	 3.03	 1	 -41.8211	  174.0855
1.732	 2.08	 2	 -41.8491	  174.1577
1.733	 2.48	 1	 -42.1467	  173.7473
1.733	 2.00	 2	 -42.4340	  173.7813
1.733	 2.02	 2	 -41.7803	  174.3605
1.734	 2.49	 1	 -42.5639	  172.8316
1.734	 2.04	 2	 -42.8862	  173.0664
1.736	 2.96	 1	 -42.3840	  173.3289
1.738	 2.23	 1	 -42.3536	  173.8739
1.738	 2.09	 1	 -42.7990	  173.0921
1.739	 2.04	 1	 -41.9627	  173.9002
1.739	 2.04	 1	 -42.0466	  173.8697
1.739	 2.52	 1	 -42.6674	  172.8621
1.739	 2.27	 2	 -42.2668	  174.2495
1.740	 2.03	 1	 -42.3211	  173.8120
1.740	 2.29	 1	 -42.3430	  173.8723
1.741	 2.02	 1	 -41.7699	  174.2883
1.741	 2.49	 2	 -41.9318	  174.3055
1.741	 2.44	 1	 -42.4794	  173.3351
1.741	 2.39	 1	 -42.0408	  173.7118
1.743	 2.68	 1	 -42.1065	  173.5249
1.744	 2.18	 1	 -42.5218	  173.0700
1.745	 2.42	 1	 -42.4048	  173.7871
1.745	 2.07	 1	 -42.3606	  173.1413
1.745	 2.06	 1	 -42.5053	  173.0983
1.747	 3.17	 1	 -41.7843	  174.4514
1.747	 2.01	 1	 -42.1678	  173.6865
1.748	 2.39	 2	 -42.8909	  173.8169
1.748	 2.64	 1	 -42.2806	  173.9319
1.749	 2.19	 1	 -42.1024	  173.3211
1.750	 2.31	 1	 -42.2877	  173.1857
1.751	 2.35	 2	 -41.8743	  174.1631
1.751	 2.04	 1	 -41.9298	  174.0496
1.751	 2.51	 1	 -41.7753	  174.2638
1.751	 2.10	 1	 -41.7806	  174.2118
1.751	 2.20	 1	 -43.0530	  173.1049
1.752	 2.60	 1	 -42.2519	  173.5544
1.752	 2.85	 3	 -41.9217	  174.2013
1.754	 2.11	 2	 -41.7022	  174.2699
1.754	 2.66	 1	 -42.0357	  173.8060
1.754	 2.17	 2	 -42.4793	  173.1795
1.754	 3.11	 1	 -42.5084	  173.7709
1.754	 2.14	 1	 -42.7024	  172.6656
1.754	 3.20	 1	 -41.6899	  174.2485
1.755	 2.00	 1	 -42.4519	  173.4295
1.755	 2.82	 1	 -42.1878	  173.6335
1.756	 2.21	 1	 -42.0016	  173.6948
1.758	 2.52	 1	 -39.0348	  177.9242
1.759	 2.45	 2	 -42.2427	  173.6272
1.759	 2.37	 1	 -41.9125	  172.6774
1.761	 2.15	 1	 -42.7507	  173.1294
1.761	 2.46	 1	 -42.4113	  173.3735
1.761	 2.41	 1	 -41.8148	  174.0245
1.762	 2.33	 2	 -41.4818	  174.3540
1.763	 2.33	 1	 -42.3962	  173.8585
1.764	 2.63	 1	 -42.1079	  173.7237
1.764	 2.23	 1	 -42.5933	  173.1186
1.764	 2.11	 1	 -42.3260	  173.5661
1.764	 2.07	 1	 -42.3843	  173.5491
1.764	 2.17	 1	 -42.7332	  173.8197
1.765	 2.03	 1	 -42.2871	  173.5528
1.765	 2.03	 1	 -42.7305	  173.8291
1.765	 2.03	 1	 -43.0426	  173.4196
1.766	 2.17	 2	 -42.4084	  173.5532
1.766	 2.14	 1	 -42.3443	  173.7881
1.766	 3.08	 1	 -42.2632	  173.6103
1.767	 2.31	 2	 -41.9203	  174.1019
1.769	 2.84	 1	 -41.7410	  173.6505
1.769	 2.61	 3	 -41.8731	  174.1009
1.770	 2.34	 1	 -42.5435	  173.9166
1.770	 2.21	 1	 -42.1979	  174.0577
1.771	 2.26	 1	 -41.7807	  174.2316
1.772	 2.31	 1	 -42.1889	  173.8741
1.774	 2.51	 1	 -41.6214	  174.3494
1.774	 2.10	 2	 -42.3957	  173.8297
1.774	 2.56	 1	 -42.2750	  173.6269
1.775	 2.87	 1	 -42.5821	  172.9680
1.776	 2.89	 3	 -41.8847	  174.1687
1.776	 2.39	 1	 -42.7010	  172.8608
1.777	 3.60	 1	 -43.1938	  173.5049
1.778	 2.06	 2	 -41.8849	  174.1284
1.778	 2.13	 1	 -41.8786	  174.0119
1.778	 2.01	 1	 -42.3790	  174.0920
1.778	 3.22	 1	 -41.8125	  174.0247
1.778	 2.02	 1	 -42.0434	  172.6656
1.779	 2.20	 5	 -42.1235	  173.8481
1.780	 2.41	 1	 -41.7000	  174.2436
1.781	 2.05	 1	 -42.2062	  173.7139
1.781	 2.10	 1	 -39.2183	  178.4855
1.782	 2.10	 2	 -41.8782	  174.2183
1.783	 2.80	 1	 -41.5978	  174.2152
1.784	 2.00	 1	 -42.4243	  173.9077
1.785	 2.96	 1	 -42.1110	  173.4167
1.786	 2.19	 1	 -42.3802	  173.6749
1.787	 2.39	 1	 -42.5536	  173.9094
1.788	 2.57	 1	 -42.4224	  174.1642
1.788	 2.03	 1	 -41.7677	  174.1926
1.788	 2.16	 1	 -41.8971	  173.4971
1.789	 2.45	 1	 -41.7950	  174.4182
1.789	 2.58	 2	 -42.2685	  173.7869
1.791	 2.08	 1	 -42.9775	  168.1882
1.791	 2.03	 2	 -42.1221	  172.9128
1.791	 2.01	 2	 -42.1119	  173.3937
1.791	 2.20	 1	 -42.2206	  173.6386
1.791	 2.38	 2	 -41.6746	  174.2171
1.791	 3.48	 1	 -41.9406	  174.2836
1.791	 2.02	 1	 -42.5052	  172.9105
1.791	 2.40	 1	 -42.2376	  173.5127
1.791	 3.30	 1	 -42.4357	  173.0945
1.792	 2.98	 1	 -41.7649	  174.2672
1.792	 2.06	 1	 -43.8118	  173.9868
1.792	 4.05	 1	 -42.7585	  173.2248
1.795	 2.67	 1	 -41.8289	  174.3589
1.797	 2.33	 1	 -42.1261	  172.8865
1.798	 2.14	 1	 -41.8377	  174.1377
1.798	 2.40	 1	 -42.1938	  173.8006
1.799	 2.17	 1	 -42.5449	  173.0691
1.800	 2.16	 1	 -42.3094	  174.3850
1.800	 2.03	 2	 -41.8763	  174.2020
1.800	 2.04	 1	 -42.1838	  173.6808
1.801	 2.24	 3	 -42.3666	  173.9968
1.801	 2.01	 1	 -42.0067	  174.2606
1.802	 2.02	 3	 -41.7299	  174.2961
1.802	 2.73	 2	 -42.2223	  174.2619
1.802	 2.56	 2	 -41.9818	  174.1651
1.804	 2.57	 1	 -42.2550	  173.8044
1.804	 2.08	 1	 -42.6543	  172.8079
1.805	 2.79	 2	 -42.1394	  173.7193
1.805	 2.05	 1	 -41.8363	  173.9409
1.805	 2.59	 2	 -42.2499	  173.8296
1.805	 2.10	 1	 -42.5169	  172.0127
1.806	 2.23	 1	 -42.2790	  173.6629
1.807	 2.19	 1	 -41.7533	  174.1859
1.807	 2.26	 1	 -41.6675	  174.2062
1.808	 2.64	 1	 -41.9563	  173.1767
1.808	 2.81	 1	 -42.0830	  173.8261
1.810	 2.54	 1	 -43.2027	  172.7389
1.810	 2.59	 2	 -39.2470	  176.9427
1.810	 2.09	 2	 -42.3262	  173.7922
1.811	 2.29	 2	 -41.8684	  173.9505
1.811	 2.04	 2	 -41.8997	  174.3121
1.811	 2.49	 1	 -41.6641	  174.2512
1.812	 3.02	 2	 -42.1695	  173.6693
1.812	 2.10	 1	 -42.4121	  173.8908
1.812	 2.05	 1	 -41.6505	  174.1941
1.812	 3.73	 1	 -42.2653	  173.5323
1.813	 2.11	 1	 -42.4766	  174.8480
1.813	 2.30	 1	 -42.7166	  172.7892
1.814	 2.45	 1	 -42.1265	  173.4468
1.815	 2.84	 2	 -41.7156	  174.2495
1.816	 2.05	 4	 -42.0776	  173.7843
1.816	 2.08	 2	 -42.6882	  172.9541
1.816	 2.42	 2	 -42.1570	  173.7705
1.818	 2.22	 5	 -42.1277	  173.8281
1.819	 2.22	 2	 -42.5144	  172.8775
1.819	 2.01	 2	 -41.9125	  174.0001
1.820	 2.12	 1	 -42.4619	  173.3451
1.821	 3.17	 1	 -42.1765	  173.5840
1.821	 2.85	 3	 -41.9053	  173.8717
1.823	 2.00	 1	 -42.4784	  173.1400
1.824	 2.59	 1	 -43.0692	  172.4819
1.825	 2.39	 1	 -41.7887	  174.0136
1.825	 2.04	 2	 -42.5335	  173.4713
1.825	 2.06	 1	 -41.7092	  174.1386
1.826	 2.30	 2	 -42.4910	  173.5045
1.827	 3.44	 1	 -42.3118	  173.6610
1.827	 2.23	 1	 -41.7394	  174.2599
1.828	 2.28	 2	 -41.6988	  174.2385
1.829	 2.44	 2	 -42.1627	  173.8610
1.829	 2.13	 1	 -42.4469	  173.6039
1.829	 2.14	 1	 -42.4089	  174.1362
1.830	 2.77	 1	 -42.5246	  172.1343
1.831	 2.49	 1	 -42.4923	  173.0632
1.832	 2.99	 2	 -41.8982	  173.9631
1.833	 2.27	 1	 -42.1398	  173.6960
1.834	 2.37	 1	 -42.1521	  173.8332
1.836	 2.80	 1	 -42.1543	  173.5876
1.836	 2.13	 2	 -43.3154	  172.8659
1.836	 2.16	 1	 -39.9424	  171.8971
1.836	 3.00	 2	 -42.1926	  172.9788
1.837	 2.05	 1	 -42.5757	  173.0954
1.837	 2.63	 2	 -42.6183	  172.7948
1.838	 2.16	 1	 -42.3445	  173.6671
1.838	 3.13	 1	 -41.7699	  174.3424
1.838	 2.51	 2	 -41.9149	  173.9277
1.838	 2.12	 2	 -41.4392	  173.9892
1.839	 2.85	 1	 -42.2042	  172.9625
1.842	 2.73	 2	 -41.8125	  174.2688
1.844	 3.48	 1	 -41.7378	  174.2423
1.844	 2.16	 1	 -42.7036	  172.8687
1.844	 2.65	 1	 -41.8038	  173.9580
1.846	 2.05	 1	 -42.5787	  173.1238
1.846	 2.03	 1	 -42.0142	  173.8616
1.846	 2.13	 1	 -42.6637	  172.8561
1.847	 2.80	 1	 -42.4937	  173.2775
1.847	 2.37	 1	 -42.4633	  173.8550
1.848	 2.39	 2	 -39.2737	  176.9788
1.848	 4.00	 1	 -42.5743	  173.7284
1.849	 2.07	 1	 -42.5415	  172.9517
1.849	 2.68	 1	 -41.4271	  174.0367
1.849	 2.22	 1	 -41.9979	  173.7668
1.851	 2.64	 1	 -41.8048	  174.4038
1.852	 2.07	 2	 -41.9189	  174.2468
1.852	 2.16	 2	 -42.5806	  173.6092
1.852	 2.05	 2	 -42.4868	  173.2407
1.852	 2.04	 1	 -42.0213	  173.7253
1.852	 2.09	 1	 -42.1594	  173.6429
1.853	 2.30	 1	 -42.5401	  173.1742
1.853	 2.16	 1	 -42.2555	  173.6387
1.854	 2.04	 1	 -42.2176	  173.7499
1.856	 2.08	 1	 -42.6414	  172.9919
1.857	 2.67	 1	 -42.4724	  174.0032
1.859	 2.98	 1	 -41.7282	  174.3013
1.860	 2.01	 2	 -42.6003	  172.9855
1.860	 2.21	 1	 -41.8815	  173.6782
1.861	 2.03	 1	 -42.0456	  173.6663
1.862	 2.08	 2	 -42.6878	  172.7988
1.862	 3.27	 1	 -41.7573	  174.1473
1.862	 2.27	 1	 -42.5284	  173.1190
1.862	 2.00	 1	 -42.4350	  173.7653
1.863	 2.03	 1	 -42.5914	  173.0742
1.863	 2.05	 1	 -42.1975	  173.5469
1.863	 2.10	 1	 -42.3702	  173.9500
1.863	 2.16	 2	 -41.6986	  174.2442
1.864	 2.28	 2	 -42.0536	  173.6622
1.865	 3.19	 4	 -41.9284	  173.7533
1.865	 2.22	 1	 -41.8029	  174.2322
1.865	 2.24	 2	 -42.3926	  173.8148
1.865	 2.06	 1	 -42.2322	  173.7348
1.866	 2.01	 1	 -42.3186	  173.8273
1.866	 2.77	 1	 -42.3688	  173.0516
1.867	 2.06	 1	 -42.4002	  173.7930
1.869	 2.49	 2	 -42.7041	  172.7908
1.870	 2.02	 2	 -42.6399	  172.7865
1.870	 2.23	 1	 -42.6975	  173.9759
1.870	 2.21	 1	 -42.5690	  173.0172
1.871	 2.35	 1	 -42.2413	  173.6620
1.871	 3.30	 2	 -42.6666	  172.7434
1.871	 2.09	 1	 -41.6473	  174.1857
1.871	 2.15	 1	 -41.9418	  173.9604
1.871	 2.02	 1	 -41.6907	  174.1611
1.872	 2.01	 2	 -42.6816	  172.7578
1.872	 2.26	 1	 -42.1461	  173.5182
1.872	 3.31	 1	 -41.5881	  173.4593
1.872	 2.13	 2	 -42.2798	  173.4934
1.873	 2.25	 2	 -42.4645	  173.2012
1.873	 2.55	 1	 -42.1987	  173.5858
1.873	 2.06	 1	 -41.8545	  173.9082
1.873	 2.57	 1	 -42.2488	  173.6899
1.874	 2.23	 1	 -42.1869	  173.8034
1.875	 2.17	 1	 -42.3707	  173.7904
1.875	 2.74	 1	 -42.3099	  173.6595
1.876	 2.49	 1	 -41.9965	  173.7388
1.877	 2.74	 1	 -41.8582	  174.0535
1.877	 3.28	 1	 -41.8947	  174.2086
1.878	 2.04	 1	 -42.4149	  173.7935
1.879	 2.59	 2	 -42.1194	  172.1282
1.879	 2.24	 2	 -42.2880	  173.6674
1.881	 2.48	 1	 -41.9571	  173.9961
1.881	 2.23	 1	 -42.0893	  173.7190
1.881	 2.07	 3	 -42.6314	  173.6978
1.883	 2.98	 2	 -41.6989	  174.4348
1.886	 2.74	 2	 -42.3897	  173.9097
1.886	 2.23	 1	 -42.7850	  172.6437
1.886	 2.90	 1	 -42.1037	  173.5550
1.886	 2.21	 1	 -42.0683	  172.7108
1.889	 2.12	 1	 -41.6934	  174.2854
1.889	 2.02	 1	 -42.3051	  173.7016
1.890	 2.04	 2	 -42.2205	  173.6269
1.891	 2.71	 1	 -42.3250	  173.7290
1.894	 2.02	 1	 -41.8463	  174.3191
1.895	 2.33	 1	 -42.8228	  173.6042
1.899	 2.32	 1	 -41.9662	  174.3970
1.900	 2.65	 2	 -42.6482	  172.9541
1.900	 2.48	 1	 -42.3474	  173.8288
1.900	 2.57	 1	 -41.9563	  174.1462
1.901	 2.49	 2	 -41.4462	  174.3085
1.902	 2.06	 1	 -42.3904	  173.0659
1.902	 3.25	 1	 -42.1361	  173.5684
1.902	 2.31	 1	 -42.1554	  173.7229
1.902	 2.44	 2	 -42.2369	  173.6054
1.903	 2.58	 2	 -42.1861	  172.9384
1.903	 2.42	 1	 -42.1871	  173.4842
1.903	 2.20	 2	 -42.6853	  172.7197
1.903	 2.67	 1	 -42.0589	  173.6486
1.904	 2.30	 1	 -42.2610	  174.0546
1.904	 2.97	 1	 -42.9926	  172.1277
1.907	 2.38	 1	 -41.6170	  174.2850
1.907	 3.70	 1	 -42.6784	  172.7838
1.908	 2.47	 1	 -41.6702	  174.2430
1.908	 2.08	 1	 -41.7395	  174.3150
1.908	 2.03	 2	 -42.6302	  173.6174
1.909	 2.16	 3	 -41.4366	  174.1959
1.909	 2.22	 1	 -41.8486	  174.0533
1.911	 2.05	 2	 -41.7343	  174.2668
1.911	 2.68	 2	 -41.7566	  173.8637
1.911	 2.32	 1	 -40.6056	  179.3282
1.912	 2.02	 1	 -41.8157	  174.2831
1.912	 2.91	 1	 -39.7933	  178.7635
1.914	 2.01	 1	 -42.2468	  173.8584
1.914	 2.02	 1	 -42.6690	  172.9586
1.914	 2.50	 2	 -41.7407	  174.2268
1.916	 2.04	 1	 -41.4913	  171.9743
1.917	 2.60	 1	 -42.1997	  173.6523
1.917	 2.35	 2	 -42.4125	  174.0383
1.918	 2.81	 1	 -42.3108	  173.5863
1.918	 2.41	 3	 -41.8187	  174.2105
1.919	 3.18	 1	 -41.7455	  173.9380
1.920	 2.45	 1	 -41.9728	  173.7240
1.921	 2.18	 2	 -41.2472	  172.1769
1.922	 3.26	 1	 -42.0226	  173.6884
1.922	 2.66	 2	 -41.9968	  173.9893
1.923	 2.13	 1	 -41.9746	  174.0698
1.923	 3.07	 2	 -41.9176	  174.0930
1.924	 2.16	 1	 -42.3334	  174.0666
1.924	 2.24	 1	 -42.1586	  173.7610
1.925	 2.97	 2	 -42.1790	  173.6351
1.925	 2.88	 1	 -41.7972	  174.2740
1.926	 2.06	 1	 -42.0591	  173.5855
1.927	 2.79	 2	 -42.2270	  173.6999
1.929	 2.15	 1	 -42.5952	  173.0729
1.929	 2.61	 1	 -41.7775	  174.2590
1.929	 2.06	 1	 -42.0151	  173.7083
1.930	 2.11	 1	 -42.4754	  173.8133
1.932	 2.29	 1	 -42.5897	  172.7991
1.933	 2.09	 1	 -41.9801	  173.7673
1.933	 2.18	 1	 -41.6502	  172.9793
1.935	 3.13	 1	 -42.3080	  173.7060
1.935	 2.04	 1	 -42.0556	  173.5057
1.935	 2.75	 2	 -41.6121	  174.2818
1.936	 2.08	 2	 -41.9083	  174.1208
1.936	 3.00	 1	 -41.8025	  174.2155
1.936	 2.12	 2	 -42.4081	  173.5383
1.936	 2.26	 3	 -41.8862	  173.8614
1.937	 2.04	 3	 -41.9164	  173.8378
1.938	 3.28	 1	 -41.7844	  174.2961
1.938	 2.52	 2	 -41.7498	  174.3418
1.939	 2.43	 1	 -42.3027	  173.5858
1.939	 2.30	 1	 -42.8840	  173.1755
1.940	 2.08	 2	 -42.1989	  173.8136
1.940	 2.13	 2	 -42.1495	  174.0323
1.940	 3.12	 1	 -42.3032	  173.6503
1.941	 2.70	 1	 -41.7909	  174.3170
1.943	 2.28	 2	 -42.9926	  172.1269
1.943	 2.03	 1	 -42.0339	  173.3510
1.945	 2.12	 2	 -42.4833	  173.8036
1.945	 2.70	 1	 -42.1388	  173.8070
1.945	 2.31	 3	 -41.8898	  173.8142
1.946	 2.51	 1	 -42.5663	  173.9668
1.947	 2.21	 1	 -42.1669	  173.7335
1.947	 2.23	 2	 -42.3526	  173.7442
1.949	 2.64	 1	 -42.4442	  172.9351
1.951	 2.91	 1	 -41.9987	  173.7096
1.951	 2.00	 1	 -42.4808	  173.0920
1.952	 2.18	 1	 -41.9217	  173.7213
1.952	 2.04	 1	 -42.6363	  173.5216
1.953	 2.54	 1	 -40.4707	  178.1965
1.954	 2.04	 3	 -41.8388	  173.7880
1.954	 2.63	 1	 -42.2938	  173.8698
1.954	 2.49	 1	 -41.7505	  174.0390
1.954	 2.23	 1	 -42.2436	  173.8898
1.955	 3.31	 1	 -41.9218	  174.0765
1.955	 2.11	 1	 -41.8124	  174.3271
1.957	 2.02	 1	 -41.7738	  174.2863
1.957	 2.05	 2	 -42.4637	  173.9260
1.957	 2.11	 2	 -42.6846	  172.7740
1.958	 2.24	 1	 -41.8721	  174.3617
1.959	 3.11	 1	 -42.0831	  172.9153
1.959	 2.70	 1	 -42.2473	  173.7101
1.960	 2.14	 1	 -41.9215	  173.7241
1.961	 3.27	 2	 -41.8890	  173.9568
1.962	 2.13	 1	 -42.0215	  173.6622
1.962	 2.39	 1	 -41.8054	  174.4709
1.962	 2.31	 1	 -42.2747	  173.6063
1.962	 2.04	 1	 -42.5600	  173.1278
1.962	 2.41	 2	 -42.7376	  173.0760
1.964	 2.00	 1	 -42.3337	  173.6670
1.964	 2.88	 1	 -41.7198	  174.3102
1.964	 2.33	 1	 -42.0712	  173.7314
1.964	 2.74	 2	 -42.3798	  173.5366
1.965	 2.59	 2	 -42.1313	  173.5651
1.965	 2.09	 2	 -41.6595	  174.2296
1.966	 2.15	 1	 -41.7563	  174.3745
1.968	 2.31	 1	 -42.3417	  173.7393
1.969	 2.61	 1	 -41.5561	  174.0916
1.969	 2.33	 1	 -42.0943	  174.1165
1.970	 2.85	 2	 -42.3588	  173.7582
1.971	 2.55	 1	 -42.4465	  173.7205
1.971	 2.16	 2	 -42.1019	  173.7222
1.971	 3.58	 1	 -42.6655	  172.9343
1.972	 2.46	 1	 -42.5021	  172.8604
1.972	 2.03	 1	 -42.3098	  173.6350
1.973	 2.91	 1	 -42.3521	  173.9147
1.975	 2.16	 1	 -41.9763	  173.6958
1.976	 3.05	 1	 -41.6719	  174.2115
1.977	 2.04	 1	 -42.0026	  173.7654
1.978	 2.06	 1	 -42.4609	  173.7563
1.978	 2.37	 1	 -42.4184	  173.8162
1.979	 2.60	 1	 -42.1862	  173.5949
1.979	 2.19	 1	 -42.4650	  174.0091
1.980	 2.34	 3	 -41.9365	  174.0315
1.981	 2.80	 1	 -42.1731	  173.5910
1.981	 2.31	 1	 -42.2505	  173.8087
1.982	 2.02	 1	 -42.4594	  174.5823
1.982	 2.03	 2	 -42.6301	  172.7572
1.983	 3.28	 2	 -42.4708	  173.1809
1.983	 2.07	 1	 -42.3530	  173.0589
1.983	 2.64	 1	 -41.1701	  174.3566
1.984	 2.22	 1	 -42.6927	  172.7243
1.986	 2.87	 3	 -41.9925	  174.4532
1.987	 2.93	 1	 -41.7352	  174.2856
1.990	 2.05	 2	 -41.5643	  174.3898
1.991	 2.09	 1	 -42.0731	  172.9327
1.991	 2.40	 2	 -41.8704	  174.1045
1.992	 3.25	 2	 -41.7577	  174.2473
1.992	 2.23	 1	 -41.7676	  174.2593
1.992	 2.36	 1	 -42.5234	  173.1663
1.993	 2.13	 1	 -42.7832	  175.3540
1.994	 2.50	 1	 -42.1327	  173.6858
1.995	 2.06	 1	 -42.2921	  173.7304
1.997	 2.06	 1	 -41.7428	  174.3235
1.997	 2.08	 1	 -42.3748	  173.7604
1.997	 2.09	 2	 -42.9937	  172.6923
1.999	 2.15	 1	 -41.9250	  173.8873
1.999	 2.27	 2	 -42.3451	  173.7261
2.000	 2.23	 1	 -41.5848	  174.3267
2.000	 2.78	 1	 -42.6180	  173.0220
2.004	 2.24	 2	 -41.5910	  174.3326
2.005	 2.39	 1	 -42.3906	  173.8296
2.005	 2.08	 2	 -41.6467	  174.2361
2.005	 2.01	 1	 -42.4352	  173.7515
2.005	 2.26	 1	 -42.4236	  173.5796
2.007	 3.30	 1	 -38.3170	  171.6727
2.007	 2.02	 2	 -42.6077	  173.0306
2.007	 2.98	 1	 -42.2509	  173.4706
2.007	 2.17	 1	 -42.2526	  173.0966
2.008	 2.06	 1	 -39.3755	  179.1587
2.008	 2.34	 1	 -42.2580	  173.7040
2.009	 2.05	 1	 -42.6498	  172.7641
2.009	 2.16	 1	 -42.6202	  173.0522
2.010	 2.48	 1	 -42.3292	  174.0186
2.011	 2.45	 3	 -42.0037	  174.0083
2.011	 2.72	 2	 -41.6096	  174.2166
2.012	 2.51	 1	 -42.3801	  173.7621
2.013	 2.41	 1	 -42.4776	  173.8726
2.013	 2.74	 1	 -42.0073	  173.9482
2.014	 2.46	 1	 -41.8350	  174.1001
2.014	 2.56	 3	 -41.8064	  174.0483
2.015	 3.46	 1	 -42.4277	  173.0604
2.016	 2.93	 2	 -42.1534	  174.8563
2.016	 2.30	 1	 -42.2765	  173.6443
2.017	 2.60	 1	 -41.7326	  174.1087
2.018	 2.49	 1	 -41.7072	  174.2216
2.018	 2.02	 2	 -42.4095	  173.8258
2.018	 2.05	 1	 -42.2436	  173.1125
2.020	 2.13	 2	 -42.3885	  173.3813
2.020	 3.35	 1	 -41.9406	  173.8647
2.020	 2.42	 3	 -42.3305	  173.7440
2.021	 2.45	 1	 -42.5223	  172.9609
2.022	 2.10	 2	 -41.7140	  174.1814
2.022	 2.49	 2	 -42.4119	  173.6962
2.022	 2.57	 1	 -41.7780	  174.6747
2.023	 2.24	 2	 -41.5619	  174.2339
2.024	 2.23	 1	 -41.7258	  174.2389
2.025	 2.09	 5	 -41.9273	  173.7555
2.026	 2.47	 1	 -42.4453	  173.1487
2.028	 2.15	 1	 -43.3261	  172.5357
2.029	 2.19	 2	 -41.5969	  174.2559
2.030	 2.03	 2	 -41.5432	  174.3701
2.032	 2.74	 2	 -41.7736	  174.2074
2.033	 2.18	 2	 -41.8304	  174.2538
2.033	 2.52	 1	 -42.3562	  173.1272
2.033	 2.79	 1	 -42.0032	  173.5679
2.036	 2.88	 1	 -42.4948	  173.6512
2.036	 2.22	 1	 -41.7691	  174.0581
2.036	 2.56	 1	 -41.9795	  172.6196
2.036	 2.45	 1	 -42.3773	  173.8335
2.036	 2.41	 2	 -41.2412	  172.1906
2.038	 2.53	 3	 -41.9459	  173.8580
2.039	 2.89	 1	 -42.8474	  172.7225
2.039	 2.48	 1	 -41.9615	  173.7142
2.039	 2.74	 1	 -41.6935	  174.2461
2.041	 2.09	 1	 -42.3380	  173.6742
2.041	 2.01	 2	 -41.8415	  174.6707
2.042	 3.05	 1	 -42.6673	  172.8530
2.042	 2.69	 2	 -42.2913	  174.3173
2.044	 3.42	 2	 -42.6679	  172.8531
2.044	 3.05	 1	 -42.6581	  173.3400
2.046	 2.83	 2	 -41.7056	  173.8364
2.047	 2.30	 1	 -42.6915	  173.1251
2.047	 2.14	 1	 -42.1980	  173.2257
2.047	 2.15	 1	 -42.4009	  173.5195
2.048	 3.36	 1	 -42.1198	  173.7992
2.049	 2.43	 1	 -42.3053	  173.7139
2.049	 2.17	 1	 -42.1500	  173.6301
2.051	 2.84	 1	 -42.2837	  173.9669
2.051	 2.01	 1	 -42.0388	  173.6682
2.052	 2.12	 1	 -42.9166	  173.0147
2.052	 2.24	 1	 -42.1554	  173.6286
2.052	 3.00	 1	 -41.8391	  174.2871
2.053	 2.01	 1	 -42.0232	  172.7825
2.053	 2.56	 1	 -42.3757	  174.0483
2.053	 2.04	 1	 -42.2637	  173.7347
2.054	 2.33	 1	 -42.0718	  173.7170
2.056	 2.07	 1	 -42.0199	  173.7346
2.056	 2.09	 1	 -42.5445	  173.7648
2.057	 2.49	 1	 -42.5778	  172.8610
2.058	 2.23	 2	 -41.8246	  174.2853
2.058	 2.48	 2	 -42.1978	  174.7004
2.060	 2.31	 1	 -42.0206	  173.7645
2.061	 2.08	 1	 -42.5209	  173.8074
2.062	 2.89	 1	 -42.0670	  173.6600
2.062	 2.39	 2	 -42.6692	  172.9486
2.063	 2.03	 1	 -42.3835	  173.9409
2.064	 2.06	 2	 -42.6825	  172.7092
2.064	 2.13	 2	 -41.8247	  174.4003
2.064	 2.50	 2	 -41.9625	  174.1953
2.065	 2.65	 2	 -42.6680	  172.8241
2.065	 2.21	 2	 -41.6700	  173.9231
2.066	 2.39	 1	 -42.8189	  173.0875
2.066	 3.45	 1	 -42.6366	  173.0073
2.068	 2.37	 2	 -42.6793	  173.6748
2.068	 2.46	 1	 -42.0548	  173.6177
2.069	 2.34	 2	 -41.9294	  173.8972
2.069	 2.24	 1	 -42.6504	  172.8391
2.072	 2.33	 2	 -41.8425	  173.7361
2.072	 2.82	 1	 -42.1468	  173.7377
2.072	 2.43	 1	 -42.1950	  173.6803
2.072	 2.16	 2	 -42.2482	  173.4880
2.072	 2.19	 1	 -42.6341	  172.4281
2.073	 2.29	 2	 -41.6952	  174.2547
2.073	 3.39	 1	 -42.1956	  173.9777
2.073	 2.22	 1	 -42.4325	  173.5314
2.075	 2.06	 1	 -41.7115	  174.0782
2.076	 2.58	 2	 -42.6053	  172.7235
2.076	 3.80	 2	 -42.3847	  174.2600
2.078	 2.42	 1	 -41.7915	  174.4137
2.078	 2.52	 2	 -42.2129	  173.6128
2.080	 2.31	 1	 -42.6270	  172.9483
2.080	 2.09	 1	 -41.9502	  173.6373
2.081	 2.53	 1	 -41.6403	  174.3319
2.083	 2.36	 3	 -41.6979	  174.2171
2.084	 2.06	 3	 -41.8963	  173.8429
2.085	 2.42	 1	 -46.1647	  172.8043
2.086	 2.63	 1	 -42.0880	  173.6784
2.088	 2.04	 1	 -41.8031	  174.2607
2.088	 2.17	 1	 -41.8146	  174.1004
2.090	 2.01	 1	 -42.1052	  173.7639
2.091	 2.15	 3	 -41.8561	  173.8382
2.092	 2.14	 2	 -42.6233	  172.7582
2.093	 2.02	 1	 -41.7048	  174.2609
2.093	 2.32	 1	 -42.2059	  173.5137
2.093	 2.69	 1	 -41.7135	  174.3842
2.095	 2.24	 1	 -41.6796	  174.3609
2.096	 4.05	 1	 -38.2462	  171.7153
2.096	 2.23	 1	 -41.8139	  174.2146
2.097	 3.08	 1	 -42.0176	  174.0381
2.097	 2.11	 2	 -41.8466	  174.1649
2.097	 2.29	 1	 -42.6937	  172.9283
2.098	 3.46	 1	 -42.5919	  173.0118
2.099	 2.29	 1	 -42.6097	  172.7772
2.100	 2.17	 1	 -42.1349	  172.5242
2.100	 2.42	 2	 -42.5008	  172.8560
2.101	 2.20	 2	 -41.4631	  174.0827
2.101	 2.67	 2	 -42.4116	  174.0942
2.102	 3.16	 1	 -42.6246	  172.8173
2.103	 2.72	 1	 -42.7210	  172.9579
2.104	 2.26	 2	 -41.9847	  174.1373
2.104	 2.07	 1	 -42.4767	  173.2168
2.105	 2.04	 1	 -41.7262	  174.2651
2.105	 2.05	 2	 -41.8054	  173.9607
2.106	 2.01	 2	 -42.0938	  173.4057
2.106	 2.40	 3	 -42.0502	  173.8554
2.108	 2.27	 3	 -41.6463	  174.2384
2.109	 2.06	 2	 -42.6748	  172.7088
2.109	 2.07	 1	 -42.3691	  174.0056
2.110	 3.06	 2	 -42.1737	  173.6612
2.110	 2.10	 1	 -42.1799	  173.5775
2.111	 2.33	 1	 -41.8432	  174.2921
2.111	 2.12	 1	 -42.6004	  173.0769
2.112	 3.41	 1	 -42.3018	  173.6610
2.112	 2.30	 1	 -41.8208	  174.1848
2.113	 2.18	 1	 -43.2264	  173.1061
2.114	 2.41	 1	 -41.9595	  174.0683
2.114	 2.08	 1	 -42.2800	  172.8707
2.115	 2.29	 1	 -42.6312	  173.1650
2.115	 2.79	 1	 -42.0857	  173.5930
2.115	 2.35	 1	 -41.9402	  173.9165
2.116	 2.59	 2	 -42.2747	  173.6095
2.116	 2.32	 1	 -42.5166	  173.7946
2.117	 2.41	 2	 -41.7189	  174.2407
2.117	 2.17	 1	 -42.3083	  173.6092
2.117	 3.47	 2	 -42.5911	  173.6866
2.118	 2.06	 1	 -42.1757	  173.6071
2.118	 2.77	 3	 -41.9187	  173.8505
2.119	 2.65	 2	 -42.2632	  173.8222
2.119	 2.13	 1	 -41.6862	  174.3688
2.120	 2.41	 2	 -42.4414	  173.8197
2.120	 2.41	 2	 -42.0014	  173.7908
2.121	 2.32	 1	 -42.2807	  173.8382
2.121	 2.17	 2	 -41.9106	  174.2311
2.122	 2.40	 1	 -42.2565	  173.9082
2.123	 2.19	 1	 -42.6511	  172.7904
2.124	 2.27	 2	 -41.9251	  174.0631
2.124	 2.71	 1	 -42.3804	  172.9012
2.125	 2.26	 1	 -42.3185	  174.4240
2.125	 2.09	 1	 -42.2104	  173.8596
2.127	 2.29	 1	 -41.6494	  174.2601
2.128	 2.28	 1	 -42.3980	  173.6216
2.129	 2.21	 1	 -42.3313	  173.6848
2.130	 2.53	 1	 -42.2343	  173.6073
2.130	 2.03	 3	 -42.3390	  173.7319
2.131	 2.08	 1	 -42.3847	  173.8867
2.131	 2.01	 1	 -42.4001	  173.7914
2.131	 2.70	 1	 -41.9216	  174.2164
2.132	 2.88	 1	 -41.7534	  174.1743
2.132	 3.12	 2	 -41.8960	  174.2419
2.133	 3.93	 2	 -42.2422	  173.5437
2.136	 2.43	 2	 -47.1241	  174.0645
2.136	 2.48	 1	 -42.3056	  173.7430
2.137	 2.30	 1	 -41.7835	  174.1235
2.137	 2.72	 1	 -42.6219	  172.7429
2.137	 2.18	 1	 -41.5835	  174.2691
2.137	 2.14	 3	 -42.3255	  173.9481
2.138	 2.33	 1	 -41.7794	  174.2086
2.138	 3.11	 1	 -42.6218	  173.0655
2.139	 3.60	 2	 -41.9314	  174.0308
2.141	 2.24	 2	 -38.2336	  171.6895
2.141	 2.09	 1	 -41.8036	  174.1339
2.142	 2.21	 2	 -42.2261	  173.5838
2.142	 2.82	 1	 -42.6848	  172.9078
2.142	 2.46	 1	 -42.2215	  173.8876
2.143	 2.14	 2	 -42.4199	  173.6113
2.143	 2.09	 1	 -42.0646	  173.7431
2.145	 2.10	 2	 -42.1358	  173.8037
2.146	 2.21	 1	 -42.7316	  173.1407
2.146	 2.05	 1	 -41.7110	  174.3133
2.147	 2.87	 1	 -41.7958	  173.9157
2.147	 2.11	 1	 -41.0285	  174.7066
2.148	 2.15	 2	 -42.2353	  173.6723
2.149	 2.11	 1	 -42.4470	  173.2018
2.150	 2.24	 1	 -41.6628	  174.2895
2.151	 2.17	 1	 -42.7163	  173.0112
2.151	 2.64	 1	 -41.9086	  173.6323
2.151	 2.52	 1	 -41.7178	  174.2597
2.152	 2.66	 1	 -42.3368	  173.5225
2.152	 2.68	 1	 -42.2460	  173.7160
2.153	 2.29	 1	 -42.1349	  173.7999
2.153	 2.07	 2	 -39.2685	  176.9629
2.156	 2.14	 1	 -42.1349	  173.7056
2.161	 2.41	 2	 -42.1806	  174.0635
2.161	 4.01	 1	 -42.3982	  174.2677
2.162	 2.55	 2	 -41.8679	  174.0828
2.164	 2.02	 2	 -41.7797	  174.2735
2.164	 2.83	 1	 -42.5529	  173.3506
2.164	 2.26	 1	 -41.9556	  173.5903
2.165	 2.22	 1	 -42.4110	  173.6041
2.166	 2.71	 1	 -41.6613	  173.1675
2.166	 2.57	 2	 -42.2744	  173.3535
2.167	 2.56	 1	 -42.3373	  173.5632
2.167	 2.10	 1	 -43.1371	  176.9843
2.167	 2.06	 2	 -42.3804	  173.7614
2.168	 2.01	 1	 -42.3642	  173.5316
2.168	 2.51	 1	 -42.1921	  173.7617
2.169	 2.35	 1	 -42.2879	  173.6246
2.169	 2.61	 1	 -41.6998	  174.2890
2.169	 2.12	 1	 -41.6843	  173.7816
2.169	 2.02	 1	 -42.3094	  173.0624
2.171	 3.17	 2	 -42.2977	  173.9579
2.172	 3.24	 2	 -41.8984	  174.1185
2.173	 2.11	 2	 -42.5929	  172.9610
2.175	 2.00	 2	 -41.8879	  174.0947
2.175	 2.21	 1	 -41.9790	  173.7774
2.176	 2.09	 1	 -41.7438	  174.2847
2.178	 2.05	 1	 -41.8804	  174.1545
2.178	 2.12	 1	 -42.5939	  173.0047
2.178	 2.15	 1	 -42.2770	  173.6293
2.179	 2.16	 1	 -41.8038	  174.0712
2.179	 3.10	 2	 -41.8950	  174.2068
2.180	 2.01	 2	 -42.3560	  173.1270
2.181	 2.29	 1	 -41.7883	  174.1219
2.181	 2.07	 2	 -41.8914	  173.9281
2.182	 2.58	 1	 -42.2637	  173.8198
2.183	 2.79	 1	 -42.2105	  173.5987
2.183	 2.12	 1	 -42.2907	  173.9655
2.183	 2.00	 1	 -41.8918	  173.6934
2.188	 2.41	 1	 -42.5935	  174.8275
2.189	 2.18	 1	 -42.2256	  173.7651
2.193	 2.11	 1	 -41.7383	  174.2902
2.194	 3.09	 2	 -41.6941	  174.4176
2.194	 2.07	 1	 -41.7424	  174.2643
2.195	 2.99	 1	 -42.2466	  173.5596
2.196	 2.31	 1	 -41.7659	  174.1197
2.197	 2.15	 1	 -42.5231	  173.0898
2.197	 2.08	 1	 -41.9305	  173.8061
2.198	 2.39	 1	 -41.8207	  174.2048
2.199	 2.09	 2	 -41.6252	  174.2906
2.199	 2.27	 1	 -41.7962	  174.2212
2.200	 3.18	 1	 -41.7582	  174.1726
2.201	 2.54	 1	 -41.9058	  173.6940
2.201	 2.11	 3	 -41.9255	  173.8658
2.201	 2.01	 1	 -41.7045	  174.1575
2.202	 3.91	 2	 -42.0108	  173.6719
2.202	 2.06	 1	 -41.7943	  174.2425
2.202	 2.44	 1	 -41.8351	  170.7753
2.202	 2.00	 2	 -41.7442	  174.2618
2.203	 2.31	 2	 -41.8793	  173.9248
2.203	 2.29	 1	 -41.8710	  174.2282
2.203	 4.17	 1	 -42.4934	  173.2403
2.204	 3.33	 1	 -41.6691	  174.3053
2.205	 2.02	 1	 -41.8715	  172.4958
2.206	 2.06	 1	 -42.1816	  173.5886
2.206	 2.13	 1	 -42.3270	  173.7367
2.206	 2.57	 1	 -42.6058	  173.8939
2.206	 2.71	 1	 -42.8067	  172.9098
2.208	 3.21	 1	 -41.8298	  173.7904
2.208	 2.08	 1	 -41.7775	  174.2762
2.209	 2.28	 2	 -41.2376	  172.1715
2.209	 2.90	 2	 -43.1941	  173.5085
2.210	 2.45	 1	 -42.0035	  173.6237
2.211	 2.61	 1	 -42.1759	  173.5946
2.213	 3.44	 1	 -42.0795	  172.9523
2.213	 3.28	 1	 -42.6348	  172.8074
2.213	 2.15	 2	 -42.3981	  174.0147
2.213	 2.34	 1	 -42.6104	  173.1822
2.214	 2.24	 1	 -41.7051	  174.2486
2.214	 2.27	 1	 -41.6844	  174.2210
2.215	 3.71	 2	 -41.4680	  174.3091
2.216	 2.24	 2	 -41.7606	  173.9465
2.217	 2.20	 1	 -42.2605	  173.5953
2.218	 2.11	 2	 -42.5736	  173.0612
2.218	 2.07	 1	 -42.2325	  174.0957
2.219	 2.52	 1	 -41.6801	  174.1686
2.219	 2.15	 1	 -42.0573	  173.6615
2.219	 3.12	 1	 -42.6255	  173.8116
2.220	 4.97	 1	 -41.1859	  175.0772
2.220	 2.22	 2	 -42.6717	  172.8120
2.221	 2.19	 1	 -41.6756	  174.2416
2.222	 2.52	 1	 -42.4703	  173.7786
2.223	 2.33	 1	 -41.6718	  174.2978
2.224	 2.54	 1	 -41.6939	  174.2757
2.224	 2.50	 1	 -42.0205	  173.6456
2.225	 2.06	 1	 -42.2247	  173.5347
2.226	 2.76	 3	 -41.9113	  174.0889
2.227	 2.52	 1	 -42.5948	  173.5419
2.227	 3.02	 2	 -42.7686	  172.8138
2.227	 2.10	 2	 -43.0443	  171.2023
2.227	 2.28	 1	 -42.2144	  173.6184
2.228	 2.69	 1	 -42.6997	  173.3006
2.228	 2.29	 1	 -42.7567	  173.6903
2.228	 2.08	 1	 -41.8771	  173.9308
2.231	 2.58	 1	 -41.7627	  174.2414
2.231	 2.47	 1	 -42.1822	  173.8199
2.232	 2.12	 1	 -41.9052	  173.9936
2.233	 2.59	 1	 -42.1346	  173.5128
2.233	 2.09	 1	 -42.8567	  173.0813
2.233	 2.67	 1	 -41.6474	  173.9640
2.233	 2.27	 1	 -41.6793	  174.3094
2.234	 2.53	 1	 -41.7171	  174.2207
2.234	 2.33	 1	 -42.6183	  172.9409
2.236	 2.34	 1	 -42.6060	  172.6059
2.237	 2.83	 1	 -41.9873	  173.7842
2.238	 2.05	 1	 -42.2460	  174.1638
2.238	 3.57	 2	 -41.5997	  174.2163
2.239	 2.17	 1	 -41.9684	  173.6840
2.240	 2.06	 3	 -41.8279	  174.0741
2.241	 2.28	 2	 -41.9663	  174.0408
2.242	 2.55	 1	 -41.7842	  174.2948
2.243	 2.35	 2	 -42.3730	  173.8964
2.244	 2.15	 1	 -42.4240	  173.1854
2.245	 2.50	 1	 -41.7778	  174.2856
2.245	 2.38	 1	 -41.0239	  173.2565
2.245	 2.50	 1	 -41.8279	  174.1925
2.245	 2.10	 2	 -41.1499	  173.5495
2.247	 2.11	 1	 -41.7508	  174.2573
2.247	 2.01	 2	 -42.3075	  173.6603
2.248	 2.68	 1	 -42.1304	  175.4901
2.249	 2.24	 1	 -41.9412	  173.8535
2.250	 3.34	 1	 -42.1111	  173.4818
2.251	 2.68	 1	 -41.9645	  173.4950
2.251	 2.10	 1	 -41.9797	  174.1913
2.251	 2.84	 1	 -42.1954	  173.7085
2.251	 2.98	 1	 -42.2117	  173.4658
2.252	 2.43	 1	 -42.3677	  173.7873
2.252	 2.08	 1	 -42.0359	  173.7513
2.253	 2.75	 2	 -42.2928	  173.6275
2.254	 2.49	 1	 -42.2752	  173.6404
2.255	 2.97	 1	 -41.8641	  173.9710
2.258	 2.53	 1	 -42.3382	  173.8684
2.259	 4.38	 1	 -41.8259	  174.2612
2.259	 2.04	 2	 -41.2022	  175.0875
2.259	 2.07	 1	 -42.1413	  173.5244
2.259	 2.43	 1	 -42.2627	  173.8798
2.259	 2.21	 1	 -42.3707	  171.8849
2.260	 3.17	 1	 -42.3345	  173.0788
2.261	 2.69	 1	 -42.6691	  172.7055
2.261	 2.55	 1	 -42.5821	  173.8197
2.261	 4.26	 1	 -41.7267	  174.0469
2.262	 2.48	 1	 -42.1642	  173.7750
2.263	 2.50	 1	 -42.2980	  173.6035
2.264	 2.03	 1	 -42.1096	  173.9665
2.265	 2.15	 2	 -41.7032	  174.2262
2.265	 2.07	 1	 -42.1426	  175.1871
2.266	 2.27	 1	 -42.7103	  172.8471
2.268	 2.42	 2	 -38.3306	  171.6803
2.269	 2.26	 1	 -42.1377	  174.6929
2.269	 2.30	 2	 -41.0579	  174.3842
2.269	 2.16	 1	 -42.4239	  173.8537
2.270	 2.05	 2	 -42.6193	  172.7186
2.270	 2.10	 3	 -45.2097	  168.8018
2.272	 2.69	 1	 -42.4562	  173.8580
2.272	 2.18	 1	 -42.2802	  173.5234
2.272	 2.20	 2	 -41.9475	  174.0803
2.273	 2.42	 3	 -42.2508	  173.8200
2.273	 2.53	 1	 -42.2615	  173.9031
2.274	 2.11	 1	 -41.7236	  174.4008
2.275	 2.04	 1	 -41.7534	  174.2747
2.275	 2.17	 2	 -42.3513	  173.9129
2.275	 2.23	 2	 -42.6012	  173.2234
2.275	 2.44	 2	 -41.7905	  174.1765
2.276	 2.14	 2	 -41.7452	  173.9885
2.276	 2.70	 2	 -42.0167	  173.8955
2.276	 2.67	 1	 -37.6746	  174.1996
2.277	 2.71	 2	 -42.4017	  173.0875
2.278	 3.01	 3	 -42.6802	  172.8296
2.278	 3.26	 1	 -42.5207	  173.3860
2.282	 2.12	 2	 -42.4428	  173.1840
2.283	 2.10	 1	 -42.2498	  173.5869
2.284	 2.10	 3	 -41.8643	  173.7903
2.285	 2.43	 2	 -41.9131	  173.8004
2.285	 2.39	 2	 -42.2826	  173.8411
2.285	 2.15	 2	 -42.5012	  173.0844
2.285	 2.11	 1	 -42.6663	  172.8084
2.286	 2.58	 1	 -42.5073	  173.0985
2.286	 2.22	 1	 -42.3784	  173.9569
2.286	 2.14	 1	 -42.4176	  173.6741
2.287	 2.33	 1	 -41.6622	  174.2051
2.287	 2.85	 1	 -42.2292	  173.6051
2.288	 3.14	 1	 -42.5526	  172.7053
2.289	 2.27	 2	 -42.4036	  170.8889
2.291	 2.39	 1	 -40.9169	  173.0867
2.292	 2.50	 1	 -41.4221	  174.5067
2.293	 2.08	 1	 -42.6737	  172.9195
2.294	 2.47	 1	 -42.4059	  173.8107
2.294	 2.59	 1	 -42.2501	  173.6238
2.295	 2.82	 2	 -41.1587	  175.0015
2.297	 2.22	 3	 -42.3687	  173.8502
2.297	 2.16	 1	 -42.3152	  173.8366
2.297	 2.29	 2	 -41.7455	  174.2878
2.298	 2.12	 2	 -42.2123	  173.6120
2.298	 2.26	 1	 -41.6204	  174.3731
2.299	 2.34	 1	 -42.3309	  173.4785
2.300	 2.04	 2	 -42.6748	  173.6686
2.302	 2.48	 2	 -42.5925	  173.4754
2.303	 3.31	 3	 -41.8259	  173.9807
2.304	 2.03	 3	 -41.6670	  174.1863
2.304	 2.15	 2	 -41.1632	  175.0692
2.305	 2.26	 2	 -42.0132	  173.6866
2.305	 2.20	 2	 -42.5997	  173.0260
2.307	 2.70	 1	 -41.9367	  174.0082
2.308	 2.10	 1	 -42.0873	  174.1773
2.308	 2.63	 1	 -41.7138	  174.3175
2.308	 2.62	 1	 -41.3066	  174.1914
2.309	 2.16	 1	 -42.9458	  172.5540
2.309	 2.00	 1	 -42.1368	  173.5742
2.310	 2.53	 1	 -42.1769	  173.5729
2.310	 2.09	 2	 -41.6384	  174.2277
2.310	 3.29	 2	 -41.8402	  174.2744
2.311	 2.05	 1	 -42.8442	  173.6563
2.312	 2.27	 2	 -42.7042	  173.6402
2.313	 2.97	 1	 -42.6264	  172.9816
2.313	 2.09	 1	 -42.1904	  173.5391
2.314	 2.26	 1	 -42.2623	  173.6470
2.315	 2.84	 1	 -41.9239	  179.6611
2.315	 2.78	 1	 -41.7524	  174.8409
2.318	 2.56	 1	 -42.5245	  172.8681
2.318	 2.03	 1	 -42.5954	  173.0025
2.318	 2.09	 1	 -43.1006	  173.3795
2.319	 2.17	 1	 -42.3929	  173.6100
2.320	 2.09	 1	 -42.5549	  173.1838
2.321	 2.35	 2	 -41.7140	  174.0638
2.321	 2.09	 2	 -42.6396	  172.9908
2.322	 2.34	 1	 -42.5536	  174.9930
2.324	 2.04	 1	 -41.7617	  174.2299
2.324	 2.12	 1	 -41.8134	  174.2089
2.325	 2.43	 1	 -42.5548	  173.0702
2.325	 2.11	 1	 -42.7387	  172.3430
2.326	 2.71	 2	 -41.9179	  174.2644
2.326	 2.50	 1	 -41.7194	  174.2424
2.327	 2.90	 1	 -42.0265	  173.6447
2.328	 2.79	 1	 -42.4303	  171.8678
2.329	 2.77	 1	 -44.2889	  175.7224
2.329	 2.10	 2	 -41.6437	  174.5029
2.329	 2.07	 1	 -41.9636	  173.7868
2.329	 2.55	 2	 -41.1943	  175.0810
2.329	 2.09	 1	 -42.6263	  172.9191
2.330	 2.03	 2	 -42.2759	  173.8105
2.331	 2.40	 1	 -42.7149	  173.3112
2.331	 2.75	 2	 -41.7747	  174.4309
2.332	 2.11	 1	 -42.0266	  173.8693
2.332	 2.02	 2	 -42.1727	  173.6693
2.332	 2.03	 1	 -42.3365	  173.5460
2.333	 2.05	 1	 -42.7086	  173.0998
2.333	 2.14	 1	 -42.2110	  173.5783
2.334	 3.11	 1	 -42.3812	  173.5637
2.335	 3.33	 1	 -42.2068	  173.6289
2.335	 2.25	 1	 -42.5357	  173.1635
2.336	 2.47	 1	 -42.1741	  173.6437
2.338	 2.23	 1	 -42.9563	  173.0507
2.338	 2.22	 1	 -41.6902	  174.2361
2.339	 2.25	 1	 -41.6878	  174.2428
2.340	 3.29	 1	 -41.9622	  173.9533
2.340	 2.26	 1	 -42.3005	  173.6927
2.340	 2.58	 1	 -41.8016	  174.2504
2.341	 2.03	 2	 -42.5434	  174.0358
2.344	 2.06	 2	 -42.0559	  174.0201
2.345	 2.31	 1	 -41.8092	  174.2624
2.345	 2.25	 2	 -41.2382	  172.1449
2.346	 2.15	 1	 -42.4777	  173.0681
2.346	 2.09	 1	 -42.1474	  173.7909
2.346	 2.92	 1	 -41.9259	  174.0034
2.347	 2.10	 1	 -42.2290	  173.6707
2.348	 2.17	 1	 -42.0676	  173.6596
2.348	 2.02	 1	 -41.0178	  171.9130
2.348	 2.23	 2	 -41.8823	  174.1967
2.350	 2.18	 1	 -42.5849	  172.5924
2.352	 2.25	 2	 -41.8401	  174.1378
2.354	 2.21	 1	 -38.0197	  177.7725
2.354	 2.08	 2	 -42.3804	  173.5660
2.357	 2.04	 1	 -41.6979	  174.2447
2.359	 2.06	 2	 -41.8793	  175.2296
2.359	 2.39	 2	 -42.6744	  172.7868
2.359	 2.14	 2	 -42.4003	  173.7639
2.360	 2.07	 2	 -41.6940	  174.2882
2.361	 2.35	 1	 -42.7036	  173.2302
2.362	 3.61	 1	 -41.4204	  172.3987
2.362	 2.56	 1	 -42.4961	  173.8173
2.364	 2.09	 2	 -42.2422	  173.6363
2.364	 3.83	 1	 -42.4543	  173.1373
2.366	 2.13	 1	 -42.6146	  173.1577
2.367	 2.90	 1	 -42.2032	  173.6036
2.368	 2.40	 1	 -41.6812	  174.2225
2.369	 2.28	 1	 -41.7537	  174.2975
2.369	 2.74	 1	 -42.0938	  173.7638
2.369	 2.54	 1	 -41.6437	  174.2757
2.369	 2.19	 2	 -42.5132	  172.6346
2.370	 2.05	 2	 -41.6840	  174.2400
2.371	 2.24	 2	 -41.4149	  172.4036
2.371	 2.13	 1	 -42.1741	  173.4097
2.371	 2.58	 2	 -42.5935	  172.7589
2.371	 2.13	 1	 -39.4955	  169.3325
2.372	 2.22	 1	 -42.3384	  173.8746
2.372	 2.80	 1	 -42.5585	  172.5492
2.372	 2.06	 3	 -41.9603	  173.8580
2.372	 2.42	 1	 -42.0055	  174.1768
2.374	 2.02	 1	 -42.1948	  173.7124
2.375	 2.10	 1	 -42.5116	  172.8678
2.375	 2.06	 1	 -41.6382	  174.2511
2.375	 2.58	 1	 -41.3223	  176.1632
2.375	 2.78	 1	 -42.4443	  173.3573
2.376	 2.53	 1	 -39.5640	  175.4647
2.376	 2.90	 1	 -42.3768	  173.6398
2.377	 2.04	 1	 -41.6941	  174.3725
2.377	 2.62	 2	 -41.5885	  173.5492
2.377	 2.12	 2	 -42.2393	  174.0841
2.379	 2.23	 2	 -42.6613	  173.6534
2.380	 2.60	 2	 -42.2710	  173.8050
2.383	 2.27	 1	 -41.6972	  174.3842
2.384	 2.12	 2	 -41.1979	  175.0961
2.384	 2.82	 3	 -42.1743	  173.6616
2.386	 2.10	 1	 -42.6369	  170.1114
2.386	 2.19	 2	 -41.2140	  175.0997
2.386	 2.11	 1	 -41.7648	  174.6579
2.386	 2.33	 1	 -42.4486	  173.8020
2.388	 2.11	 3	 -42.2518	  173.7037
2.388	 2.12	 2	 -42.7262	  172.9731
2.389	 2.38	 3	 -41.8762	  173.8412
2.389	 2.56	 4	 -41.7885	  173.9831
2.390	 2.07	 1	 -42.3333	  173.6894
2.392	 2.07	 1	 -41.9714	  173.7252
2.393	 2.41	 1	 -43.2683	  172.3487
2.393	 2.21	 1	 -42.1036	  173.5284
2.394	 2.29	 1	 -42.0966	  172.9117
2.394	 2.73	 1	 -42.0356	  173.7344
2.394	 2.75	 1	 -42.2542	  173.0124
2.395	 2.61	 2	 -41.7420	  174.0490
2.396	 2.07	 2	 -42.3953	  174.2415
2.397	 2.70	 1	 -42.1235	  173.7217
2.397	 5.49	 1	 -42.5314	  173.3028
2.397	 3.91	 1	 -42.3288	  173.6217
2.397	 2.34	 1	 -42.3039	  173.0844
2.398	 2.20	 2	 -42.5723	  173.9005
2.398	 2.25	 2	 -42.6028	  173.1960
2.399	 2.91	 1	 -42.1793	  173.4450
2.400	 2.92	 1	 -41.6952	  174.2160
2.400	 2.03	 2	 -41.7384	  174.2695
2.401	 2.43	 1	 -42.7678	  172.9667
2.401	 2.13	 1	 -42.0354	  174.0206
2.402	 2.18	 1	 -41.7704	  174.2372
2.402	 2.16	 2	 -42.3814	  174.1981
2.404	 2.26	 1	 -41.8999	  174.2307
2.404	 2.57	 1	 -42.3209	  173.4758
2.404	 2.21	 1	 -39.6107	  174.3381
2.405	 2.08	 2	 -42.5759	  173.2643
2.406	 2.69	 1	 -42.3745	  173.4642
2.407	 2.37	 1	 -42.6089	  172.9955
2.407	 2.16	 1	 -42.6105	  173.4292
2.408	 2.23	 2	 -42.4641	  173.2306
2.409	 2.08	 1	 -41.9314	  173.2234
2.410	 2.08	 1	 -42.2291	  173.7317
2.410	 2.01	 1	 -42.0035	  174.6336
2.410	 2.02	 1	 -42.3564	  173.5323
2.411	 2.42	 2	 -42.2648	  173.7613
2.411	 2.33	 2	 -41.8150	  174.2572
2.411	 2.10	 2	 -42.5217	  173.2682
2.412	 2.37	 2	 -42.7619	  173.2276
2.413	 2.03	 2	 -42.0378	  173.5411
2.414	 2.02	 1	 -42.3194	  173.9544
2.414	 2.31	 1	 -42.1774	  173.6687
2.418	 2.06	 4	 -41.8277	  173.9786
2.419	 2.04	 2	 -42.4628	  173.3291
2.419	 2.04	 1	 -42.4521	  173.6519
2.420	 2.20	 1	 -42.0069	  173.7021
2.421	 2.52	 1	 -42.9459	  173.0754
2.422	 2.17	 1	 -41.7483	  174.0068
2.423	 3.13	 1	 -41.7348	  174.1855
2.425	 2.33	 1	 -42.3363	  173.9239
2.425	 2.20	 2	 -42.6828	  172.7876
2.426	 2.80	 1	 -42.5584	  172.9825
2.428	 2.05	 2	 -42.5046	  173.3353
2.428	 2.13	 1	 -41.9009	  174.1022
2.429	 2.24	 1	 -42.1667	  173.1178
2.429	 2.34	 1	 -41.9613	  174.0054
2.429	 2.16	 2	 -41.8216	  174.2613
2.430	 2.12	 1	 -42.2633	  173.6369
2.431	 2.17	 1	 -41.7639	  174.1133
2.431	 3.14	 3	 -41.8895	  173.9465
2.433	 2.33	 1	 -42.2423	  173.6543
2.435	 2.30	 1	 -41.7561	  174.1638
2.435	 2.01	 1	 -42.3103	  173.7883
2.436	 2.70	 3	 -42.3609	  174.2274
2.436	 2.51	 1	 -42.2021	  173.5721
2.438	 2.68	 2	 -42.5241	  173.3295
2.438	 2.53	 1	 -41.8073	  174.0143
2.442	 2.67	 2	 -41.7238	  173.9447
2.443	 2.10	 1	 -42.6085	  173.2325
2.445	 2.26	 2	 -42.5179	  173.3091
2.446	 2.04	 1	 -41.8240	  174.2122
2.448	 3.89	 1	 -42.4206	  173.9080
2.449	 2.90	 2	 -41.6405	  173.3233
2.449	 2.53	 1	 -41.8609	  174.1782
2.451	 2.52	 1	 -41.6426	  174.2525
2.452	 2.40	 1	 -41.7609	  174.3801
2.452	 2.81	 1	 -41.7395	  174.2195
2.453	 2.62	 1	 -42.3353	  173.6590
2.453	 2.25	 1	 -41.7175	  174.3462
2.455	 2.09	 1	 -41.8734	  173.3447
2.456	 2.66	 1	 -41.7893	  174.2528
2.456	 2.13	 1	 -42.5078	  173.1262
2.459	 2.32	 1	 -41.8917	  173.9788
2.459	 2.33	 1	 -42.1812	  173.5969
2.459	 2.24	 1	 -41.7976	  174.2348
2.459	 2.17	 2	 -41.8298	  174.2797
2.460	 3.14	 3	 -42.7662	  172.8144
2.461	 2.43	 2	 -42.5198	  173.3157
2.462	 2.24	 2	 -42.0235	  173.6538
2.462	 2.16	 1	 -42.2371	  173.8358
2.462	 2.30	 2	 -41.6418	  174.2763
2.463	 3.51	 2	 -42.1115	  173.5119
2.464	 2.08	 1	 -42.3563	  173.5154
2.465	 2.60	 1	 -42.5251	  173.3522
2.467	 2.15	 1	 -42.5996	  173.0557
2.467	 2.66	 3	 -41.9010	  173.8627
2.468	 2.62	 1	 -40.7887	  173.8813
2.468	 2.15	 1	 -42.4951	  173.8913
2.470	 2.81	 1	 -42.5717	  172.9056
2.470	 2.29	 1	 -42.8359	  173.2822
2.470	 2.22	 3	 -42.5802	  173.4686
2.470	 2.12	 1	 -41.9405	  174.0645
2.471	 2.02	 1	 -42.5336	  173.3463
2.471	 2.11	 2	 -42.4691	  173.2784
2.471	 2.10	 1	 -42.2609	  173.5773
2.472	 2.17	 1	 -42.4723	  173.1947
2.473	 2.32	 1	 -42.1982	  173.6278
2.473	 2.08	 1	 -42.6327	  172.9181
2.473	 2.47	 1	 -42.6811	  172.8050
2.476	 2.04	 1	 -42.6820	  172.8807
2.477	 2.01	 1	 -42.3768	  174.0058
2.479	 2.14	 2	 -42.3291	  173.6219
2.479	 2.63	 1	 -42.2135	  174.3230
2.480	 3.34	 1	 -42.0441	  173.7567
2.481	 2.11	 1	 -41.6778	  174.2124
2.481	 2.75	 1	 -42.1528	  173.6106
2.481	 3.85	 1	 -42.3490	  173.6520
2.482	 2.20	 1	 -42.4017	  173.7458
2.482	 2.35	 1	 -42.0331	  174.0173
2.482	 2.05	 2	 -41.9099	  174.1628
2.483	 2.53	 2	 -41.7999	  174.0817
2.483	 2.45	 1	 -42.4206	  174.0455
2.484	 2.23	 2	 -41.8582	  174.1222
2.485	 3.94	 3	 -41.8424	  174.1548
2.486	 2.33	 2	 -42.5199	  173.2747
2.487	 2.63	 1	 -42.2219	  170.6696
2.488	 2.77	 2	 -42.6789	  169.3297
2.489	 2.27	 1	 -42.2172	  173.6012
2.489	 2.63	 2	 -41.7606	  173.9301
2.490	 2.06	 1	 -47.1854	  172.7727
2.490	 3.64	 4	 -41.8401	  174.1582
2.491	 3.01	 1	 -42.2047	  173.6304
2.492	 3.88	 1	 -41.8727	  173.9496
2.492	 2.58	 1	 -42.3232	  173.9975
2.493	 2.27	 1	 -42.2618	  173.6682
2.494	 2.13	 1	 -42.5515	  173.8256
2.494	 2.20	 2	 -42.7005	  173.6674
2.494	 2.65	 2	 -42.6107	  172.6064
2.495	 2.77	 1	 -42.3223	  173.8952
2.495	 2.86	 2	 -42.4553	  173.4551
2.495	 2.03	 3	 -42.3971	  174.0121
2.496	 2.26	 1	 -42.2426	  173.7036
2.496	 2.37	 1	 -42.2061	  173.7279
2.498	 2.14	 3	 -41.8976	  173.8602
2.499	 2.13	 1	 -42.5603	  173.1342
2.499	 2.58	 1	 -41.6509	  174.2316
2.500	 2.11	 2	 -41.7375	  174.2264
2.500	 2.19	 1	 -42.8781	  173.0514
2.501	 2.00	 1	 -42.4630	  173.6689
2.502	 2.28	 1	 -42.0737	  174.1698
2.502	 2.02	 1	 -41.6235	  174.1447
2.502	 2.82	 1	 -42.6305	  173.0164
2.502	 2.32	 2	 -42.5483	  173.3247
2.502	 2.94	 1	 -42.3428	  173.2498
2.503	 2.15	 2	 -42.3810	  173.3642
2.503	 2.03	 1	 -42.6110	  173.0077
2.503	 2.15	 1	 -42.1082	  173.4583
2.503	 2.62	 2	 -42.2898	  173.2644
2.504	 2.29	 2	 -42.5130	  173.3385
2.504	 3.29	 1	 -43.0012	  172.3513
2.505	 2.24	 2	 -42.4297	  173.0565
2.506	 2.65	 2	 -41.2734	  175.0214
2.507	 2.06	 2	 -43.1774	  173.5139
2.507	 2.99	 1	 -42.7391	  172.8956
2.507	 2.17	 1	 -42.0495	  173.6924
2.508	 2.08	 1	 -42.7237	  172.9056
2.510	 2.00	 1	 -42.4442	  173.3812
2.511	 2.35	 1	 -42.6021	  173.0499
2.511	 2.27	 1	 -42.3139	  173.7505
2.511	 2.05	 1	 -42.4678	  173.7382
2.511	 2.86	 1	 -42.6308	  172.4502
2.513	 2.64	 2	 -41.7980	  174.2376
2.514	 2.11	 2	 -42.3561	  173.9584
2.514	 2.69	 2	 -41.8086	  174.3977
2.516	 2.44	 1	 -42.6988	  172.8922
2.517	 3.78	 1	 -41.6963	  174.2158
2.518	 2.22	 2	 -41.7480	  174.2275
2.518	 2.33	 1	 -39.8350	  173.1313
2.520	 2.59	 2	 -43.2283	  173.1131
2.520	 2.12	 1	 -41.8338	  174.2486
2.521	 2.94	 2	 -41.6050	  174.3373
2.521	 2.03	 1	 -41.9251	  173.8334
2.521	 2.20	 4	 -42.7652	  172.8237
2.521	 2.24	 1	 -41.6955	  174.2483
2.522	 2.38	 1	 -42.5893	  172.8884
2.523	 2.24	 3	 -41.8925	  173.8555
2.523	 2.97	 1	 -41.7333	  174.2760
2.524	 2.66	 1	 -41.8094	  174.3799
2.525	 2.17	 1	 -41.9785	  174.0517
2.526	 2.54	 2	 -42.5683	  173.2675
2.526	 2.12	 1	 -42.3170	  173.5391
2.527	 2.07	 1	 -41.9660	  175.8240
2.527	 2.95	 2	 -41.6900	  174.2415
2.529	 2.16	 1	 -41.7419	  174.1703
2.529	 4.90	 1	 -42.3126	  173.8680
2.529	 2.16	 1	 -42.0187	  173.6800
2.530	 2.34	 1	 -42.1565	  173.5507
2.530	 2.99	 1	 -41.9594	  174.3619
2.531	 2.19	 1	 -41.9495	  173.7275
2.531	 2.20	 2	 -42.6211	  172.9102
2.532	 2.54	 1	 -42.5835	  173.0445
2.534	 2.03	 1	 -41.7245	  174.1980
2.535	 2.76	 2	 -42.3019	  173.6937
2.536	 2.81	 1	 -42.1374	  173.4260
2.537	 2.24	 1	 -42.6596	  172.9934
2.538	 2.76	 1	 -42.3535	  174.0223
2.538	 2.04	 2	 -42.6005	  173.0186
2.538	 2.74	 2	 -42.4980	  173.3282
2.539	 2.02	 1	 -42.8812	  174.4526
2.539	 3.09	 2	 -42.8366	  172.5459
2.539	 2.01	 3	 -41.8585	  174.1076
2.539	 3.29	 2	 -42.6857	  173.3124
2.540	 2.64	 1	 -41.6228	  174.1608
2.541	 2.18	 2	 -41.6951	  174.2504
2.541	 2.81	 2	 -42.4473	  173.1043
2.542	 2.84	 1	 -42.3176	  173.7037
2.542	 2.97	 2	 -41.2495	  172.1229
2.542	 2.32	 2	 -41.8298	  174.2405
2.542	 2.96	 1	 -42.1280	  173.8827
2.543	 2.11	 2	 -42.0362	  173.7063
2.544	 2.72	 1	 -41.7859	  174.3265
2.544	 2.09	 2	 -42.4984	  173.6259
2.545	 2.03	 1	 -41.5589	  174.1680
2.546	 2.07	 1	 -41.7336	  174.3913
2.546	 2.24	 2	 -42.3063	  173.8926
2.547	 3.30	 2	 -41.8728	  174.1920
2.548	 2.20	 1	 -41.8661	  173.5806
2.549	 2.09	 2	 -42.3202	  173.8675
2.549	 2.27	 2	 -41.6099	  174.0479
2.549	 2.06	 3	 -42.4832	  173.2624
2.549	 2.03	 2	 -42.5331	  173.6257
2.550	 2.46	 1	 -42.1444	  173.4510
2.556	 2.12	 2	 -39.2742	  177.0062
2.557	 2.86	 2	 -42.2392	  173.7161
2.558	 2.05	 2	 -42.5063	  173.2799
2.558	 2.33	 2	 -42.4991	  173.2501
2.558	 2.13	 1	 -42.0516	  173.6730
2.559	 2.24	 1	 -42.2173	  173.5750
2.560	 2.01	 1	 -42.1160	  173.9141
2.561	 2.27	 1	 -42.3943	  173.8046
2.561	 2.66	 1	 -42.6633	  172.7924
2.561	 2.10	 2	 -41.7144	  174.1708
2.563	 3.60	 1	 -42.5050	  172.7542
2.564	 2.36	 1	 -42.3160	  173.6903
2.564	 2.00	 1	 -41.9811	  174.1054
2.564	 2.17	 1	 -38.6218	  175.4191
2.564	 2.61	 2	 -42.5267	  173.2334
2.565	 2.32	 2	 -42.6062	  173.0034
2.567	 2.02	 2	 -41.8030	  174.2579
2.568	 2.09	 2	 -42.5057	  173.3148
2.568	 2.45	 1	 -42.4094	  173.1751
2.568	 3.25	 1	 -42.1074	  173.4480
2.568	 2.17	 1	 -41.7539	  174.2455
2.569	 2.01	 1	 -41.6128	  173.6380
2.569	 2.27	 2	 -41.4893	  174.0540
2.570	 2.12	 2	 -42.5125	  173.3037
2.571	 2.35	 1	 -42.4680	  173.1732
2.571	 2.94	 2	 -42.4995	  173.3221
2.572	 2.75	 1	 -42.3504	  173.4105
2.572	 2.55	 2	 -41.1519	  175.0840
2.572	 2.32	 1	 -41.8905	  173.2500
2.572	 3.02	 3	 -41.9170	  174.0645
2.572	 2.29	 2	 -42.9970	  172.0909
2.573	 2.03	 2	 -42.3563	  173.9581
2.574	 2.56	 2	 -41.7313	  174.4125
2.574	 2.03	 2	 -42.6948	  172.7857
2.575	 2.62	 1	 -42.5120	  173.1473
2.576	 2.14	 3	 -41.9453	  173.8884
2.576	 3.51	 1	 -42.6025	  173.0433
2.577	 2.15	 1	 -42.3781	  173.0170
2.577	 2.23	 2	 -42.5103	  172.7512
2.578	 2.70	 1	 -42.0492	  173.7974
2.578	 2.32	 1	 -41.9781	  173.8535
2.579	 2.01	 2	 -41.8261	  174.4236
2.580	 2.35	 1	 -42.4485	  173.7351
2.580	 2.33	 1	 -41.9038	  173.9825
2.581	 2.48	 3	 -42.1821	  173.6245
2.582	 2.19	 1	 -44.1216	  172.3961
2.582	 2.25	 1	 -41.5762	  180.0574
2.583	 2.00	 1	 -42.2557	  174.1024
2.583	 2.30	 2	 -42.5920	  173.5086
2.584	 2.43	 1	 -42.2351	  173.6220
2.584	 2.06	 3	 -42.2741	  173.8005
2.585	 2.39	 1	 -41.7109	  174.2204
2.585	 2.13	 1	 -42.1502	  173.4827
2.587	 2.02	 1	 -42.6646	  172.8434
2.587	 2.32	 1	 -42.4662	  173.1150
2.587	 2.00	 2	 -42.5585	  173.5218
2.588	 2.34	 2	 -42.0079	  173.5368
2.588	 2.54	 1	 -41.7994	  174.1705
2.589	 2.14	 1	 -41.9926	  173.7801
2.590	 2.54	 1	 -42.4426	  173.4116
2.592	 2.45	 1	 -41.6967	  173.1334
2.593	 2.24	 1	 -41.7742	  174.2015
2.593	 2.32	 3	 -41.7852	  173.7872
2.594	 2.52	 1	 -41.7386	  174.2088
2.594	 2.95	 1	 -42.1958	  173.6448
2.594	 2.09	 1	 -42.1802	  173.5251
2.596	 2.07	 1	 -42.4353	  173.2138
2.596	 2.04	 3	 -41.8120	  174.3957
2.596	 2.34	 1	 -42.2907	  173.5778
2.597	 2.46	 1	 -41.8431	  174.1572
2.597	 2.45	 1	 -41.6171	  174.3326
2.598	 2.62	 2	 -42.3015	  173.8516
2.598	 2.01	 1	 -42.5160	  173.1112
2.599	 2.14	 1	 -42.0989	  174.0110
2.600	 2.36	 2	 -41.7166	  174.2635
2.601	 2.27	 1	 -42.1077	  173.4823
2.601	 2.50	 1	 -42.2842	  173.6388
2.603	 2.74	 1	 -41.9932	  173.7497
2.604	 2.49	 1	 -41.6983	  174.2533
2.605	 2.02	 3	 -42.0788	  173.6763
2.605	 2.31	 1	 -42.4241	  173.7730
2.606	 2.09	 2	 -42.4057	  174.2613
2.607	 2.43	 1	 -41.7472	  174.2185
2.607	 2.58	 1	 -42.3513	  173.8330
2.608	 2.42	 2	 -42.5097	  173.3340
2.608	 2.49	 3	 -42.4517	  173.4468
2.609	 2.41	 1	 -42.5093	  173.8322
2.609	 2.13	 1	 -41.7816	  174.1967
2.610	 2.33	 1	 -42.7867	  173.0464
2.612	 2.64	 1	 -42.5290	  173.1878
2.613	 2.13	 1	 -42.4216	  173.7956
2.614	 2.18	 1	 -42.0387	  174.4726
2.614	 2.21	 1	 -41.8095	  174.2236
2.615	 2.58	 1	 -41.9872	  173.7212
2.617	 2.46	 1	 -41.7461	  174.8163
2.617	 2.24	 1	 -42.4712	  173.6982
2.618	 2.37	 1	 -42.1522	  173.5345
2.618	 2.65	 1	 -43.5949	  174.2057
2.619	 2.73	 1	 -41.9011	  174.3435
2.619	 2.17	 2	 -42.7015	  172.7553
2.620	 2.20	 2	 -42.4035	  174.0240
2.620	 2.79	 1	 -41.7848	  174.2715
2.621	 2.47	 1	 -42.7662	  172.8559
2.621	 2.68	 1	 -42.8267	  173.2962
2.623	 3.44	 1	 -42.3074	  173.4702
2.623	 2.04	 5	 -41.8429	  174.1602
2.624	 2.48	 1	 -41.9763	  174.0851
2.626	 2.88	 2	 -42.4261	  173.0546
2.627	 2.08	 2	 -42.0868	  173.2898
2.627	 2.06	 1	 -42.5159	  173.0024
2.627	 2.13	 1	 -42.6530	  172.8266
2.628	 2.12	 1	 -41.6808	  174.4663
2.630	 2.03	 1	 -41.9495	  173.7418
2.630	 3.30	 1	 -42.6025	  172.9521
2.630	 2.28	 1	 -42.6369	  172.9260
2.631	 2.27	 2	 -42.4827	  173.3807
2.632	 2.24	 1	 -41.7891	  174.2950
2.632	 2.33	 1	 -42.2583	  173.8066
2.634	 2.16	 2	 -42.1408	  173.7020
2.635	 2.07	 2	 -42.1451	  173.5346
2.636	 2.13	 3	 -41.4634	  174.2866
2.638	 2.26	 1	 -42.0834	  173.8173
2.639	 2.48	 2	 -42.2836	  173.7536
2.641	 2.84	 1	 -42.0851	  173.5409
2.642	 2.10	 2	 -40.7883	  173.8786
2.642	 2.01	 1	 -42.3415	  173.3297
2.642	 2.36	 2	 -41.7885	  173.9154
2.643	 2.15	 1	 -41.9895	  173.6948
2.643	 2.01	 1	 -41.7535	  174.3173
2.644	 2.44	 2	 -42.2968	  173.8693
2.644	 2.19	 1	 -39.4906	  174.1013
2.645	 3.05	 1	 -42.4816	  173.8034
2.647	 2.06	 2	 -42.5831	  173.2997
2.648	 2.15	 1	 -41.7299	  174.3543
2.648	 2.07	 2	 -41.5602	  174.0611
2.648	 2.25	 1	 -42.1100	  173.7297
2.649	 2.69	 1	 -41.7150	  174.3757
2.649	 2.13	 1	 -41.7674	  174.9124
2.651	 2.24	 1	 -42.4847	  173.4280
2.652	 2.40	 2	 -42.5266	  173.3045
2.653	 2.34	 1	 -41.7908	  174.2672
2.653	 2.13	 1	 -41.7650	  174.1806
2.654	 2.64	 2	 -41.9678	  174.1845
2.654	 2.40	 1	 -41.7985	  174.4098
2.655	 2.41	 1	 -42.8423	  173.4205
2.656	 2.38	 1	 -42.0289	  173.7144
2.656	 2.74	 2	 -41.8089	  174.0079
2.658	 2.66	 1	 -41.7630	  174.1413
2.658	 2.45	 1	 -42.5726	  173.4126
2.658	 2.98	 1	 -41.9383	  174.0989
2.659	 2.17	 1	 -42.4304	  173.8718
2.659	 2.10	 1	 -42.1735	  173.5953
2.659	 2.15	 2	 -42.9401	  173.1466
2.660	 2.29	 1	 -42.4258	  173.2619
2.660	 2.74	 2	 -41.1829	  175.0732
2.662	 2.23	 2	 -42.6700	  172.9019
2.663	 2.02	 1	 -42.1561	  173.7066
2.663	 2.65	 2	 -41.7434	  174.3171
2.664	 2.16	 1	 -42.4914	  172.8553
2.666	 2.14	 2	 -41.6616	  174.2233
2.666	 2.14	 1	 -41.7330	  173.8932
2.666	 2.04	 1	 -41.9627	  174.0552
2.667	 2.21	 1	 -42.6930	  172.7192
2.668	 2.12	 1	 -42.6138	  173.1891
2.668	 3.58	 1	 -42.2148	  173.6117
2.668	 2.05	 1	 -42.0518	  173.8221
2.669	 3.15	 2	 -41.7445	  174.2831
2.669	 2.00	 2	 -41.7800	  174.3598
2.671	 2.74	 1	 -41.8180	  173.9453
2.671	 2.04	 2	 -42.3553	  174.3137
2.672	 2.67	 2	 -41.7276	  174.0105
2.674	 2.56	 2	 -42.5444	  173.2967
2.677	 2.11	 1	 -42.4919	  173.2884
2.678	 3.44	 2	 -42.5599	  172.7455
2.679	 2.53	 2	 -41.7146	  174.1658
2.680	 2.06	 2	 -42.4545	  173.9615
2.681	 2.41	 1	 -41.7876	  174.1038
2.681	 2.03	 2	 -42.3312	  173.9815
2.682	 2.05	 2	 -41.3784	  174.0039
2.682	 2.03	 1	 -42.6279	  172.9432
2.683	 2.29	 1	 -44.0238	  179.0752
2.685	 2.33	 3	 -41.8417	  174.1378
2.686	 2.30	 1	 -42.4689	  173.3274
2.686	 2.17	 1	 -41.8957	  174.3086
2.687	 3.27	 2	 -42.3449	  173.9250
2.688	 2.29	 3	 -42.5760	  173.6339
2.688	 2.04	 3	 -41.8311	  173.9842
2.689	 2.41	 1	 -41.7205	  174.2637
2.690	 3.04	 2	 -41.9269	  174.0590
2.691	 3.04	 1	 -41.7304	  174.3775
2.691	 2.06	 2	 -42.7317	  172.7044
2.692	 2.27	 2	 -42.6519	  173.2432
2.692	 2.07	 1	 -42.7093	  172.9711
2.693	 2.26	 2	 -42.6744	  172.7601
2.693	 2.59	 1	 -42.3860	  173.7609
2.694	 2.18	 2	 -41.8852	  173.9626
2.695	 2.01	 1	 -41.9631	  173.6741
2.697	 2.67	 2	 -42.5990	  173.3759
2.700	 2.01	 2	 -42.0596	  173.6125
2.700	 2.03	 1	 -42.1865	  173.6050
2.704	 2.31	 2	 -41.8277	  174.1864
2.707	 2.30	 2	 -41.1897	  175.0045
2.707	 2.09	 1	 -42.9380	  172.9828
2.707	 2.34	 1	 -42.0092	  173.6425
2.708	 2.17	 1	 -40.7430	  173.8264
2.708	 2.13	 1	 -42.3544	  173.6535
2.708	 2.54	 1	 -42.7525	  173.0508
2.709	 2.54	 1	 -42.1341	  173.6045
2.709	 2.97	 2	 -42.5478	  173.2842
2.710	 2.18	 1	 -42.2334	  173.8203
2.711	 2.06	 1	 -42.1743	  173.6188
2.711	 2.89	 1	 -42.5676	  173.3860
2.711	 2.16	 1	 -41.7671	  174.2748
2.712	 2.57	 1	 -42.2273	  173.8024
2.712	 2.09	 1	 -41.9715	  173.7957
2.712	 2.36	 1	 -41.9579	  174.1308
2.712	 2.26	 1	 -42.2822	  172.5225
2.713	 2.22	 1	 -42.7088	  172.8968
2.714	 2.24	 2	 -42.4119	  174.0150
2.716	 2.42	 1	 -42.3031	  173.7096
2.716	 2.10	 1	 -41.6398	  175.2108
2.718	 2.13	 3	 -41.9331	  173.9646
2.721	 2.45	 1	 -42.2872	  173.5186
2.721	 2.52	 2	 -41.1992	  174.4070
2.721	 2.40	 1	 -42.2768	  173.6117
2.722	 2.59	 1	 -42.0702	  173.7558
2.723	 2.26	 1	 -42.5862	  173.0422
2.723	 2.41	 2	 -42.2060	  174.2317
2.723	 2.89	 2	 -42.8189	  173.1190
2.723	 2.01	 1	 -42.7385	  173.0504
2.724	 2.04	 1	 -42.0845	  172.9697
2.724	 2.21	 1	 -42.6726	  172.8304
2.724	 2.00	 1	 -39.6991	  178.6183
2.725	 2.94	 1	 -42.2417	  173.6392
2.725	 2.01	 2	 -42.3503	  174.0660
2.726	 2.20	 2	 -41.7133	  174.1363
2.726	 2.61	 1	 -42.3598	  173.7648
2.726	 2.14	 3	 -41.7533	  174.2092
2.726	 2.37	 1	 -41.7421	  174.3146
2.729	 2.35	 1	 -42.5537	  173.0783
2.730	 2.74	 2	 -41.8174	  174.0979
2.731	 2.58	 1	 -42.3557	  173.1198
2.731	 2.24	 1	 -41.9383	  174.1553
2.731	 2.67	 2	 -42.6560	  173.4295
2.732	 2.44	 3	 -41.9377	  173.6783
2.732	 2.20	 1	 -42.0268	  173.8015
2.733	 2.52	 2	 -41.9690	  174.0630
2.733	 2.99	 1	 -42.6072	  173.2771
2.733	 2.70	 2	 -42.5095	  172.8337
2.733	 3.60	 2	 -42.2114	  173.6429
2.734	 2.13	 2	 -42.3803	  173.0260
2.734	 2.20	 2	 -41.1921	  175.4486
2.734	 2.19	 1	 -41.7793	  174.1120
2.734	 2.27	 3	 -41.8067	  174.3938
2.735	 2.08	 2	 -41.7740	  173.9207
2.735	 2.18	 1	 -41.7412	  174.1598
2.735	 2.76	 2	 -42.1190	  172.8485
2.736	 2.50	 2	 -42.2885	  173.9633
2.736	 2.04	 2	 -42.5559	  173.2280
2.738	 2.15	 2	 -41.7025	  174.2690
2.738	 2.61	 2	 -41.6896	  174.1542
2.738	 2.34	 1	 -42.3180	  173.8940
2.739	 2.59	 2	 -42.5947	  172.8245
2.739	 2.34	 2	 -41.7846	  174.2798
2.740	 2.12	 1	 -42.2283	  174.7211
2.741	 3.04	 1	 -42.3374	  173.9937
2.742	 2.05	 1	 -42.3278	  173.1236
2.743	 2.03	 1	 -42.2348	  173.6068
2.744	 2.66	 2	 -42.2440	  173.4802
2.744	 2.45	 1	 -41.8120	  174.2847
2.744	 2.22	 1	 -42.9156	  173.6865
2.745	 2.02	 1	 -42.3503	  173.8873
2.747	 2.32	 1	 -42.3877	  173.9249
2.747	 2.74	 2	 -42.5413	  172.8369
2.748	 2.10	 1	 -41.7786	  174.2092
2.748	 2.39	 1	 -42.6313	  172.8341
2.748	 2.51	 2	 -41.7569	  174.1768
2.748	 2.45	 2	 -41.9278	  174.0043
2.749	 2.24	 2	 -42.1420	  174.0271
2.750	 2.12	 2	 -42.2946	  173.8886
2.751	 2.44	 2	 -42.1667	  173.6344
2.752	 2.27	 1	 -42.1197	  173.5168
2.753	 2.01	 2	 -42.5784	  173.1772
2.753	 2.42	 2	 -41.7140	  174.3395
2.754	 2.50	 2	 -42.5490	  173.3079
2.755	 2.02	 3	 -41.9030	  173.8764
2.755	 2.87	 1	 -41.6895	  174.3172
2.756	 3.23	 1	 -42.5528	  173.1590
2.756	 2.50	 2	 -41.7878	  174.2709
2.758	 2.03	 1	 -42.1445	  174.5554
2.759	 2.13	 1	 -42.4244	  173.5441
2.759	 2.19	 1	 -42.0199	  173.7096
2.759	 2.26	 2	 -41.1872	  175.0607
2.761	 2.34	 4	 -41.9035	  173.8560
2.761	 2.12	 2	 -42.3430	  173.7883
2.761	 2.65	 2	 -42.6054	  173.2621
2.763	 2.07	 2	 -42.2308	  173.6470
2.764	 2.08	 1	 -41.7627	  173.3141
2.764	 2.62	 1	 -41.7713	  174.1755
2.765	 2.04	 1	 -41.8575	  174.1597
2.765	 2.85	 3	 -42.2536	  173.7454
2.766	 2.47	 1	 -41.7621	  174.2457
2.768	 3.62	 1	 -42.0606	  173.7082
2.770	 2.59	 1	 -41.8195	  174.2945
2.770	 2.01	 2	 -42.5576	  173.2831
2.770	 3.73	 1	 -41.8524	  174.1166
2.770	 3.93	 1	 -42.4294	  173.8880
2.771	 2.36	 3	 -41.7150	  174.0335
2.771	 2.44	 1	 -42.3560	  173.7659
2.773	 2.40	 2	 -41.9787	  173.6921
2.773	 2.51	 2	 -42.3171	  173.7610
2.773	 2.34	 1	 -42.1954	  174.2427
2.774	 2.50	 2	 -41.8832	  174.2256
2.775	 2.25	 2	 -42.5780	  173.3467
2.776	 2.38	 1	 -42.6013	  172.9555
2.777	 2.41	 1	 -41.8657	  174.1700
2.777	 2.33	 1	 -42.3809	  174.0163
2.777	 3.83	 1	 -42.0527	  172.9770
2.780	 2.00	 1	 -42.2678	  173.6423
2.780	 3.17	 3	 -42.2975	  173.8640
2.782	 2.38	 1	 -42.3162	  173.7897
2.784	 2.50	 1	 -42.1487	  174.0220
2.784	 2.09	 1	 -42.5788	  172.8976
2.785	 2.21	 1	 -42.7292	  172.9953
2.785	 2.18	 3	 -41.2401	  172.1031
2.785	 2.38	 1	 -41.7693	  174.2699
2.786	 2.33	 1	 -42.0406	  173.9326
2.786	 2.08	 1	 -42.5239	  173.8623
2.787	 3.74	 1	 -42.0369	  173.6819
2.787	 4.06	 2	 -41.7571	  174.2513
2.787	 2.36	 1	 -42.4112	  172.9053
2.788	 2.84	 1	 -42.4423	  173.1562
2.789	 2.40	 1	 -42.1280	  173.7308
2.790	 2.23	 1	 -42.2043	  173.4856
2.790	 2.25	 1	 -42.2638	  175.0376
2.792	 2.36	 2	 -42.5328	  173.2999
2.792	 2.30	 1	 -41.6751	  174.2915
2.793	 2.82	 1	 -42.3490	  173.6659
2.794	 2.95	 1	 -41.9589	  173.6557
2.795	 2.12	 1	 -42.7675	  172.5269
2.795	 2.51	 1	 -41.9863	  173.9066
2.796	 2.60	 2	 -42.6302	  173.0027
2.796	 2.29	 1	 -42.5014	  173.0441
2.797	 2.16	 1	 -42.6855	  173.4472
2.797	 2.03	 1	 -41.6408	  174.2934
2.798	 2.08	 1	 -42.3629	  174.0345
2.798	 2.41	 1	 -42.1737	  173.8353
2.798	 2.47	 2	 -41.8063	  173.9632
2.799	 3.48	 1	 -42.4969	  173.4206
2.801	 2.15	 2	 -42.2820	  173.7864
2.801	 3.19	 2	 -42.5523	  173.1780
2.801	 2.16	 2	 -42.4124	  173.9545
2.802	 2.20	 1	 -41.8131	  174.1907
2.802	 2.51	 1	 -42.1433	  173.4619
2.802	 2.02	 2	 -42.0584	  172.9627
2.804	 2.28	 2	 -41.7283	  174.2432
2.805	 2.62	 2	 -42.5507	  173.3052
2.805	 2.44	 1	 -42.5859	  172.9572
2.805	 2.58	 1	 -42.1220	  173.5435
2.806	 2.10	 1	 -42.8177	  172.7260
2.806	 2.54	 1	 -42.5501	  173.0941
2.807	 2.35	 1	 -42.2249	  173.6515
2.808	 3.29	 1	 -42.1439	  173.5943
2.808	 2.15	 2	 -42.1366	  173.8013
2.810	 2.34	 1	 -42.2768	  173.6703
2.810	 2.13	 1	 -41.7767	  174.3495
2.811	 4.18	 2	 -42.3565	  173.7861
2.812	 2.02	 3	 -42.3019	  173.7982
2.813	 2.63	 2	 -41.1928	  175.0444
2.814	 2.19	 1	 -42.5972	  173.1194
2.816	 2.18	 2	 -42.3025	  173.8453
2.816	 2.15	 2	 -38.2444	  171.7030
2.816	 2.69	 1	 -41.7287	  174.2836
2.817	 2.06	 1	 -41.6759	  173.1877
2.818	 2.05	 2	 -42.4966	  173.4398
2.818	 2.20	 1	 -42.4765	  173.8158
2.819	 2.03	 1	 -41.7775	  174.3250
2.820	 2.30	 2	 -42.3697	  173.4997
2.820	 3.81	 2	 -41.6441	  174.2890
2.822	 2.14	 1	 -42.3132	  173.9872
2.822	 3.50	 1	 -42.4337	  173.3356
2.824	 2.16	 1	 -42.1661	  173.8221
2.825	 2.37	 1	 -42.3729	  173.9835
2.827	 2.70	 2	 -42.4919	  173.3159
2.828	 2.05	 1	 -42.6739	  172.7738
2.828	 2.87	 1	 -42.6513	  172.6437
2.828	 2.55	 1	 -42.0884	  173.7397
2.829	 2.17	 1	 -41.8256	  174.0480
2.829	 2.25	 1	 -42.2537	  173.7466
2.829	 2.71	 2	 -41.6650	  174.2364
2.831	 2.29	 3	 -42.6920	  173.7014
2.832	 3.65	 1	 -42.3409	  173.6625
2.832	 2.10	 3	 -42.0144	  174.0307
2.832	 2.36	 1	 -42.6083	  172.9551
2.834	 2.20	 2	 -42.7082	  172.7059
2.834	 2.30	 2	 -41.7674	  174.3724
2.835	 2.23	 1	 -41.8720	  173.9541
2.835	 2.02	 1	 -40.1551	  179.2350
2.836	 2.23	 1	 -41.9393	  174.3304
2.836	 2.37	 2	 -42.6606	  172.7871
2.836	 3.89	 1	 -41.9999	  173.6752
2.837	 2.44	 1	 -42.5825	  173.3665
2.838	 3.01	 2	 -42.6019	  172.9584
2.839	 2.18	 2	 -42.6849	  172.7793
2.839	 2.08	 2	 -42.5296	  173.2877
2.840	 2.02	 1	 -42.2873	  173.6316
2.842	 2.10	 1	 -41.7492	  174.1380
2.843	 2.29	 2	 -41.9196	  173.6443
2.844	 2.05	 1	 -42.4094	  173.7859
2.845	 2.21	 1	 -41.7720	  174.0841
2.846	 2.15	 1	 -42.2628	  173.9098
2.846	 2.01	 2	 -42.5234	  173.0021
2.847	 2.03	 3	 -42.4971	  173.4930
2.847	 3.59	 2	 -41.8556	  174.1203
2.848	 2.73	 1	 -42.8005	  172.8402
2.849	 2.43	 1	 -41.6285	  174.4015
2.850	 2.25	 1	 -41.7338	  174.1796
2.850	 2.65	 2	 -42.4520	  174.1551
2.851	 2.51	 1	 -41.7376	  174.1949
2.851	 2.56	 3	 -42.0953	  173.8545
2.852	 2.07	 1	 -41.4186	  174.1952
2.852	 2.17	 1	 -41.7904	  174.0720
2.853	 2.07	 1	 -42.7458	  172.9097
2.853	 2.05	 1	 -42.3778	  172.9933
2.853	 2.41	 1	 -42.0957	  173.7143
2.855	 2.95	 3	 -42.2094	  173.6172
2.855	 2.01	 1	 -42.1540	  173.3984
2.856	 2.04	 1	 -42.2560	  173.7294
2.857	 2.38	 1	 -42.2336	  173.6949
2.858	 2.59	 1	 -41.8520	  175.3875
2.859	 2.13	 1	 -42.5606	  172.9284
2.860	 2.04	 1	 -42.6171	  173.0751
2.860	 2.21	 2	 -42.7982	  173.5871
2.861	 2.16	 1	 -41.7504	  174.2739
2.861	 2.12	 1	 -42.6037	  172.9588
2.861	 2.94	 2	 -41.8814	  173.9487
2.861	 2.45	 1	 -42.2877	  173.6824
2.863	 2.60	 2	 -41.8633	  174.1515
2.863	 2.10	 2	 -41.7365	  174.3029
2.865	 2.50	 3	 -42.0385	  173.7314
2.865	 2.16	 1	 -42.0202	  173.7032
2.865	 2.06	 1	 -42.3434	  173.8712
2.866	 2.33	 1	 -42.7174	  173.0460
2.866	 2.21	 2	 -42.4037	  173.8612
2.866	 2.07	 1	 -42.5840	  172.9025
2.866	 2.40	 1	 -42.1864	  174.0292
2.867	 2.05	 1	 -42.7208	  173.3547
2.867	 2.13	 1	 -42.9147	  172.8937
2.868	 2.04	 4	 -41.8488	  174.1517
2.870	 2.91	 2	 -41.8036	  174.3521
2.871	 2.40	 1	 -42.3609	  174.0699
2.874	 2.06	 1	 -42.2413	  173.7734
2.874	 2.12	 1	 -41.6647	  174.4251
2.875	 3.75	 1	 -42.5414	  173.4179
2.876	 2.62	 1	 -42.5503	  172.7807
2.877	 2.06	 3	 -41.9002	  174.2093
2.878	 2.71	 1	 -42.5865	  178.6870
2.878	 2.24	 1	 -42.2426	  173.6103
2.880	 3.46	 2	 -42.1920	  173.6374
2.880	 2.54	 1	 -42.0684	  173.8433
2.881	 2.08	 1	 -42.1403	  173.4312
2.883	 2.00	 1	 -41.9891	  173.6031
2.883	 2.63	 1	 -41.8498	  174.1363
2.883	 3.28	 1	 -42.7601	  173.5798
2.884	 2.22	 3	 -41.8135	  173.9564
2.886	 2.76	 1	 -42.0666	  173.6819
2.887	 2.67	 1	 -41.7691	  174.3012
2.887	 2.22	 2	 -42.3576	  173.9563
2.888	 2.10	 1	 -42.5617	  173.0160
2.891	 3.29	 2	 -41.6679	  174.2584
2.892	 2.07	 1	 -41.9611	  173.9040
2.892	 3.13	 2	 -41.6672	  174.2724
2.893	 2.24	 1	 -42.3072	  173.9926
2.893	 2.42	 1	 -42.5264	  173.1424
2.894	 2.08	 1	 -42.0312	  173.7156
2.895	 2.33	 1	 -42.4036	  173.9234
2.896	 2.60	 1	 -41.8875	  173.8663
2.897	 2.01	 2	 -41.7280	  174.2914
2.898	 2.10	 1	 -42.2518	  173.8687
2.898	 2.18	 1	 -41.6773	  174.2252
2.900	 2.13	 2	 -41.7022	  174.3258
2.901	 2.23	 1	 -42.0540	  173.6661
2.901	 3.15	 1	 -41.9174	  173.6642
2.901	 3.19	 2	 -42.3280	  173.5163
2.901	 2.64	 2	 -42.4174	  173.1071
2.902	 2.47	 1	 -42.0714	  174.4427
2.902	 2.18	 2	 -41.6851	  174.3298
2.905	 2.80	 1	 -41.7485	  169.8555
2.907	 3.53	 2	 -41.8700	  174.1815
2.909	 2.26	 1	 -42.1162	  173.9142
2.912	 2.11	 1	 -41.9453	  173.7478
2.912	 3.16	 2	 -42.3653	  173.9507
2.913	 2.63	 1	 -41.7890	  174.2724
2.913	 2.13	 1	 -41.8899	  175.4834
2.914	 2.07	 1	 -42.2222	  173.6052
2.919	 2.61	 2	 -41.7388	  174.6992
2.919	 2.06	 1	 -41.8821	  174.5697
2.920	 4.50	 2	 -42.3297	  173.8594
2.922	 2.22	 1	 -41.8164	  174.5726
2.924	 2.41	 2	 -42.2206	  173.8101
2.924	 4.37	 1	 -41.6423	  174.5311
2.925	 2.08	 2	 -42.5026	  173.9544
2.925	 3.48	 2	 -41.9096	  173.9684
2.925	 2.04	 1	 -41.6533	  174.0594
2.926	 2.24	 2	 -41.8221	  174.2746
2.926	 2.86	 1	 -43.0628	  172.2329
2.929	 2.05	 3	 -42.3090	  173.8234
2.929	 2.26	 2	 -42.3436	  173.8342
2.929	 2.21	 2	 -41.6538	  174.5110
2.931	 2.00	 1	 -43.0968	  172.6070
2.931	 2.11	 1	 -42.7569	  173.1769
2.931	 2.27	 2	 -42.4685	  173.2838
2.932	 2.12	 2	 -42.5556	  173.1626
2.933	 2.90	 1	 -42.4348	  173.5950
2.934	 2.26	 1	 -42.5369	  173.0999
2.935	 2.47	 2	 -42.6580	  173.3529
2.935	 2.83	 1	 -42.3893	  173.8237
2.939	 4.28	 3	 -41.8885	  173.9576
2.940	 2.18	 1	 -42.0455	  173.1542
2.940	 2.33	 1	 -42.5296	  173.7732
2.942	 2.28	 3	 -42.3340	  173.8171
2.943	 2.45	 1	 -41.8787	  173.9623
2.944	 3.34	 1	 -42.3144	  173.8676
2.944	 2.05	 1	 -42.5890	  172.9979
2.945	 2.06	 1	 -42.1510	  173.4592
2.946	 2.48	 1	 -42.1242	  173.5065
2.946	 3.02	 2	 -41.8792	  174.1854
2.947	 2.08	 1	 -42.3426	  173.9209
2.947	 3.07	 1	 -42.2844	  173.8176
2.947	 2.74	 1	 -41.9783	  173.7130
2.948	 2.18	 1	 -42.1711	  173.8471
2.948	 2.21	 1	 -41.6917	  174.3067
2.948	 2.02	 2	 -41.1705	  174.4110
2.951	 2.44	 3	 -42.3204	  173.8727
2.952	 2.27	 3	 -42.1582	  173.6470
2.952	 3.44	 1	 -41.7497	  174.3155
2.953	 2.23	 2	 -42.3835	  173.6495
2.954	 2.40	 1	 -42.7905	  173.6122
2.955	 3.99	 1	 -42.4153	  173.8101
2.957	 2.85	 2	 -41.8605	  174.1520
2.957	 2.83	 2	 -42.3134	  173.8057
2.959	 2.09	 1	 -41.6811	  174.2149
2.959	 2.36	 2	 -41.7566	  174.4217
2.960	 2.22	 1	 -42.6880	  173.1070
2.962	 2.01	 1	 -41.7206	  174.2638
2.962	 2.03	 2	 -41.1739	  175.0634
2.962	 2.12	 1	 -42.5045	  173.1465
2.964	 2.19	 1	 -38.0786	  172.8196
2.965	 3.11	 2	 -42.6008	  172.7451
2.965	 3.56	 1	 -42.4095	  173.5500
2.965	 2.76	 1	 -42.5793	  173.8328
2.965	 2.56	 1	 -42.4928	  175.8536
2.966	 2.33	 1	 -41.7799	  174.4376
2.966	 2.06	 1	 -41.9766	  173.9860
2.966	 2.45	 1	 -41.8288	  174.0571
2.966	 2.91	 2	 -42.2675	  173.7425
2.967	 2.16	 4	 -41.8905	  173.9428
2.967	 2.18	 3	 -41.6453	  174.3592
2.967	 2.98	 1	 -44.0634	  168.6111
2.968	 3.03	 1	 -41.9284	  173.6725
2.971	 2.53	 2	 -41.7460	  174.2205
2.973	 2.40	 1	 -42.7158	  173.1138
2.974	 2.11	 2	 -41.1985	  175.1036
2.974	 2.21	 2	 -41.6815	  174.0994
2.977	 2.27	 5	 -41.9318	  173.7563
2.979	 2.15	 1	 -42.3157	  173.3693
2.981	 2.40	 2	 -42.4174	  174.0155
2.984	 2.09	 1	 -41.7397	  174.3235
2.984	 2.65	 1	 -42.6026	  172.9372
2.984	 2.30	 2	 -42.5491	  173.2807
2.984	 2.21	 1	 -41.7277	  174.2601
2.989	 2.22	 1	 -41.8008	  174.2108
2.990	 2.43	 1	 -42.4067	  173.5735
2.990	 3.21	 1	 -41.5838	  173.2340
2.991	 2.40	 2	 -43.2387	  172.6081
2.991	 2.09	 1	 -42.9567	  172.9890
2.994	 2.03	 1	 -42.5240	  172.9159
2.994	 2.13	 2	 -42.4271	  173.5585
2.996	 2.81	 1	 -42.6960	  172.6094
2.996	 2.17	 1	 -42.5861	  173.1264
2.996	 2.84	 3	 -42.5984	  173.2899
2.998	 2.03	 1	 -43.7032	  173.9061
2.998	 4.07	 1	 -42.1154	  173.6673
3.000	 2.45	 1	 -42.3966	  173.0849
3.000	 2.02	 2	 -42.1493	  173.5628
3.003	 2.21	 2	 -41.7572	  174.4810
3.003	 2.38	 1	 -42.3000	  173.6477
3.004	 2.54	 2	 -41.2246	  172.2077
3.007	 2.26	 1	 -41.7832	  174.1819
3.008	 2.61	 3	 -42.2625	  175.4675
3.009	 3.65	 1	 -38.7888	  175.9317
3.010	 3.14	 1	 -42.3240	  174.1366
3.011	 2.31	 2	 -42.9613	  173.0523
3.012	 2.19	 2	 -42.7703	  173.3447
3.013	 2.12	 1	 -42.4971	  174.4899
3.013	 2.04	 1	 -42.6094	  172.9903
3.013	 2.11	 2	 -42.4793	  173.2099
3.014	 3.04	 1	 -45.0451	  174.7566
3.015	 2.08	 1	 -42.5837	  173.2951
3.016	 2.50	 1	 -42.1609	  173.5696
3.016	 2.04	 2	 -43.8809	  173.7019
3.017	 2.23	 1	 -42.4151	  173.4874
3.021	 2.37	 2	 -42.8995	  172.6470
3.021	 2.41	 1	 -42.4202	  174.0028
3.022	 2.41	 1	 -42.2430	  173.6186
3.022	 2.24	 2	 -42.2275	  173.4547
3.023	 2.69	 1	 -41.7462	  174.3246
3.024	 2.10	 1	 -42.9134	  173.2180
3.025	 2.70	 1	 -42.6077	  172.8027
3.026	 2.17	 1	 -42.2335	  173.6487
3.028	 3.08	 1	 -42.4758	  173.9455
3.028	 2.19	 2	 -42.5407	  173.2399
3.030	 2.16	 1	 -42.4881	  173.4850
3.032	 2.01	 1	 -42.3653	  173.0630
3.032	 2.15	 2	 -42.5941	  172.7825
3.036	 2.29	 2	 -42.5295	  173.3010
3.036	 2.07	 1	 -42.2860	  173.6357
3.036	 2.36	 2	 -41.9136	  174.1236
3.036	 3.15	 1	 -43.1420	  172.9449
3.037	 2.40	 1	 -41.7138	  174.2946
3.038	 2.67	 1	 -42.3275	  173.8285
3.039	 2.63	 1	 -42.3891	  174.0627
3.041	 2.15	 1	 -41.7422	  174.2014
3.042	 2.13	 1	 -42.5290	  173.2636
3.045	 2.04	 1	 -42.5389	  173.3627
3.045	 2.63	 1	 -42.3929	  173.7540
3.045	 2.05	 3	 -41.8251	  174.2878
3.046	 2.27	 1	 -42.2907	  173.8365
3.046	 2.08	 1	 -42.3638	  173.8025
3.046	 2.29	 1	 -42.4915	  173.8589
3.047	 2.04	 2	 -42.1458	  172.8929
3.049	 2.26	 2	 -42.5685	  173.0184
3.050	 2.34	 1	 -42.0304	  173.6776
3.051	 2.07	 1	 -41.6482	  174.2036
3.052	 2.26	 2	 -41.8196	  173.9502
3.053	 2.13	 1	 -42.4745	  173.0694
3.054	 2.17	 1	 -40.8181	  172.8769
3.055	 2.22	 1	 -42.5119	  173.1520
3.056	 2.02	 1	 -42.2911	  173.6560
3.057	 2.54	 2	 -42.4855	  173.3110
3.058	 2.24	 1	 -42.2571	  173.6326
3.059	 2.19	 1	 -42.5753	  173.3079
3.059	 2.16	 1	 -42.2322	  173.6147
3.060	 2.45	 1	 -42.2425	  174.4266
3.062	 2.27	 1	 -41.7338	  174.0114
3.063	 2.76	 1	 -41.8361	  173.8153
3.063	 2.47	 1	 -41.8172	  174.0883
3.063	 2.29	 2	 -41.1513	  175.1541
3.064	 2.25	 2	 -42.4708	  173.2182
3.065	 2.40	 1	 -42.0077	  173.7727
3.065	 3.02	 1	 -42.6093	  172.8526
3.065	 2.12	 1	 -42.3950	  172.5674
3.065	 2.19	 2	 -42.3553	  173.9668
3.065	 2.25	 2	 -41.6977	  174.2486
3.066	 4.43	 4	 -42.2122	  173.6111
3.066	 2.31	 1	 -42.6454	  172.9473
3.067	 2.19	 1	 -42.0850	  173.5909
3.067	 2.04	 3	 -41.8365	  174.4044
3.068	 2.05	 1	 -41.9471	  173.9861
3.068	 2.27	 1	 -41.6770	  174.1692
3.068	 2.33	 1	 -42.2570	  172.0480
3.069	 2.50	 1	 -42.4637	  173.5701
3.070	 2.01	 1	 -42.1440	  173.6029
3.071	 2.99	 1	 -41.9156	  173.7202
3.072	 2.76	 1	 -42.7252	  173.0778
3.073	 2.12	 2	 -42.5340	  173.0744
3.074	 2.01	 1	 -41.6418	  174.2016
3.076	 2.21	 2	 -42.4222	  173.8231
3.080	 2.11	 1	 -41.7503	  174.2900
3.082	 3.87	 1	 -42.3560	  173.5522
3.084	 2.20	 2	 -41.8633	  173.3220
3.084	 2.27	 1	 -42.4043	  173.4232
3.085	 2.30	 1	 -41.9329	  173.8277
3.086	 2.20	 1	 -42.3253	  173.4978
3.087	 2.86	 2	 -41.9733	  173.8960
3.087	 3.02	 1	 -41.8704	  173.7442
3.087	 2.27	 1	 -42.4249	  173.9746
3.088	 2.72	 1	 -42.6841	  172.8430
3.089	 2.23	 1	 -42.0403	  173.7139
3.089	 2.72	 2	 -38.8012	  175.9043
3.089	 2.49	 2	 -40.1524	  179.2324
3.090	 2.20	 2	 -42.1431	  172.9020
3.091	 2.05	 1	 -42.1904	  173.7915
3.092	 3.10	 2	 -42.4794	  173.1815
3.093	 2.03	 2	 -42.4894	  173.2465
3.095	 2.93	 1	 -41.8666	  174.1559
3.095	 2.23	 1	 -41.6397	  174.3651
3.095	 2.00	 1	 -41.7312	  174.1486
3.096	 2.16	 2	 -39.2763	  176.9713
3.096	 2.67	 4	 -42.2083	  173.6129
3.096	 2.45	 1	 -41.8194	  174.1534
3.096	 2.81	 2	 -41.8788	  174.3336
3.096	 2.29	 4	 -41.9604	  173.9850
3.097	 2.20	 2	 -42.8181	  173.1386
3.098	 2.24	 1	 -42.6967	  172.9927
3.100	 3.54	 3	 -42.3531	  173.8425
3.101	 2.32	 1	 -42.3124	  173.4341
3.103	 2.95	 1	 -41.7702	  174.2903
3.104	 2.40	 1	 -42.5332	  173.0045
3.104	 2.31	 4	 -42.3922	  173.8206
3.105	 3.34	 1	 -42.4219	  173.5954
3.106	 2.26	 1	 -41.9786	  173.6969
3.106	 2.04	 1	 -41.9828	  173.3180
3.107	 2.61	 1	 -42.2222	  173.7487
3.107	 2.34	 1	 -41.7319	  174.1836
3.109	 2.05	 1	 -42.7706	  173.1294
3.109	 2.43	 1	 -42.4477	  173.7127
3.110	 2.86	 1	 -41.7340	  173.6951
3.112	 2.01	 2	 -42.2914	  173.5112
3.112	 2.20	 1	 -42.3023	  173.8596
3.113	 2.10	 2	 -42.4239	  173.0614
3.113	 5.51	 1	 -42.2255	  173.8470
3.113	 2.31	 2	 -38.2501	  171.7237
3.113	 2.24	 1	 -42.1256	  173.6679
3.115	 2.00	 2	 -41.8381	  166.8815
3.115	 2.46	 2	 -41.7201	  172.9700
3.118	 2.30	 1	 -41.8904	  174.4454
3.118	 3.42	 1	 -42.4476	  173.7593
3.119	 2.75	 2	 -42.2319	  173.8388
3.119	 2.02	 2	 -41.7782	  174.3399
3.120	 2.10	 2	 -42.6352	  172.4516
3.120	 2.00	 2	 -42.2222	  173.9426
3.120	 2.47	 2	 -42.2694	  173.8013
3.122	 2.08	 1	 -41.8853	  174.2840
3.122	 2.97	 1	 -42.3642	  174.1119
3.122	 2.22	 1	 -42.5475	  173.1508
3.123	 2.07	 2	 -42.2030	  173.7059
3.124	 2.55	 2	 -42.5842	  173.6849
3.124	 2.62	 1	 -42.2530	  173.6702
3.125	 2.46	 1	 -41.9183	  173.5960
3.127	 2.96	 1	 -41.7800	  174.3690
3.128	 2.22	 2	 -42.5087	  173.2749
3.128	 2.08	 3	 -41.8433	  166.8708
3.128	 2.94	 1	 -42.6708	  172.7345
3.129	 2.08	 1	 -42.5913	  172.8868
3.129	 4.02	 2	 -42.4232	  173.3652
3.129	 2.00	 1	 -42.5685	  172.9561
3.129	 2.20	 2	 -41.8517	  174.1590
3.130	 2.11	 1	 -42.3603	  173.9794
3.131	 2.65	 2	 -42.2300	  173.8297
3.131	 2.94	 2	 -42.1165	  173.5856
3.133	 2.12	 2	 -42.5453	  173.3593
3.134	 2.24	 2	 -42.2815	  173.7882
3.135	 2.12	 2	 -42.1715	  173.8669
3.135	 2.94	 1	 -42.5018	  173.5025
3.135	 2.06	 2	 -42.2602	  173.9208
3.136	 2.03	 2	 -42.2008	  173.9317
3.137	 2.57	 1	 -42.7396	  172.9115
3.138	 2.72	 2	 -42.3267	  173.8629
3.138	 2.58	 2	 -42.0169	  173.7032
3.139	 2.58	 1	 -42.3905	  173.5305
3.141	 2.52	 1	 -41.6878	  174.2522
3.141	 2.01	 2	 -42.2348	  173.8663
3.143	 2.94	 1	 -42.1151	  173.6995
3.144	 2.30	 2	 -42.2407	  173.8456
3.144	 2.07	 2	 -42.2225	  173.8413
3.144	 2.46	 2	 -42.1860	  173.8583
3.146	 2.03	 2	 -42.7592	  173.5396
3.146	 2.21	 1	 -41.7015	  171.6905
3.146	 2.09	 2	 -42.4013	  173.7617
3.148	 2.64	 2	 -42.2689	  173.7734
3.149	 2.05	 1	 -42.6597	  172.8842
3.149	 2.15	 1	 -42.0625	  173.8433
3.150	 2.02	 2	 -42.2023	  174.4497
3.150	 2.16	 2	 -42.4659	  173.8605
3.150	 2.02	 1	 -42.3727	  173.3291
3.150	 2.70	 1	 -42.2288	  173.5551
3.150	 2.13	 1	 -41.9624	  173.9641
3.150	 2.68	 2	 -42.2078	  173.7800
3.151	 2.02	 3	 -42.4523	  173.3512
3.151	 2.36	 3	 -41.2379	  174.5421
3.151	 2.39	 1	 -42.5638	  173.1617
3.151	 2.45	 2	 -41.8231	  173.8279
3.151	 2.59	 1	 -41.8186	  174.1063
3.153	 2.71	 1	 -42.3955	  173.1142
3.154	 2.01	 1	 -41.8016	  174.2268
3.154	 3.46	 2	 -42.1940	  174.2435
3.154	 2.01	 4	 -41.8523	  174.1420
3.155	 3.62	 1	 -42.3046	  173.1236
3.155	 2.22	 1	 -42.1302	  173.4970
3.156	 2.84	 1	 -42.1856	  173.5269
3.156	 2.29	 2	 -42.3474	  173.5387
3.156	 2.23	 1	 -41.7575	  174.2563
3.157	 2.12	 2	 -41.8086	  173.9996
3.159	 2.46	 1	 -41.6465	  174.1498
3.160	 2.62	 2	 -42.4329	  173.6777
3.160	 2.32	 2	 -42.1733	  173.9277
3.162	 2.09	 1	 -41.8873	  174.7235
3.165	 2.85	 1	 -42.6243	  172.8768
3.167	 2.42	 2	 -42.7460	  172.8847
3.167	 2.14	 1	 -42.6594	  172.9941
3.168	 2.43	 2	 -42.1237	  172.7117
3.169	 2.31	 3	 -41.8882	  173.9829
3.170	 2.31	 1	 -41.8607	  174.2549
3.171	 2.10	 2	 -42.1959	  173.8520
3.172	 2.69	 2	 -42.2985	  173.6954
3.172	 2.54	 2	 -42.2230	  173.8320
3.173	 2.07	 2	 -42.2172	  173.8581
3.174	 2.97	 1	 -41.7261	  174.3085
3.174	 3.01	 1	 -42.2714	  174.5394
3.175	 2.13	 2	 -46.3246	  175.9142
3.176	 2.22	 1	 -42.3366	  174.0710
3.176	 2.77	 1	 -42.4024	  173.6598
3.176	 2.29	 1	 -42.0167	  173.7003
3.176	 2.42	 4	 -42.3525	  173.8242
3.177	 3.03	 2	 -42.6997	  172.7405
3.177	 2.45	 2	 -42.4137	  173.8342
3.177	 2.46	 2	 -41.8330	  174.1790
3.177	 3.16	 2	 -42.2727	  173.0968
3.178	 2.35	 1	 -42.6669	  173.9689
3.179	 2.90	 3	 -42.6830	  172.7839
3.179	 2.88	 2	 -42.4473	  173.6506
3.180	 4.00	 1	 -42.3544	  173.7544
3.180	 2.22	 2	 -42.3051	  173.8843
3.180	 2.59	 1	 -42.4376	  173.7819
3.181	 2.57	 1	 -42.2617	  173.7457
3.181	 3.39	 1	 -44.6404	  170.0406
3.182	 2.03	 1	 -41.6662	  174.2244
3.185	 3.27	 2	 -42.2427	  173.8538
3.188	 2.40	 2	 -42.2336	  173.8304
3.188	 2.71	 1	 -41.7643	  174.2490
3.188	 2.05	 1	 -41.8687	  174.2628
3.188	 2.15	 3	 -41.8967	  173.9256
3.189	 2.29	 2	 -42.6214	  172.8248
3.192	 2.05	 2	 -42.5100	  173.3335
3.193	 2.51	 1	 -41.7526	  174.1959
3.194	 3.48	 1	 -41.7470	  174.3044
3.195	 2.33	 1	 -42.2057	  174.4160
3.196	 2.10	 2	 -40.7557	  175.1903
3.197	 3.97	 4	 -42.1076	  173.9384
3.197	 3.20	 2	 -42.3510	  173.5501
3.198	 2.27	 2	 -41.6563	  174.5177
3.199	 2.16	 2	 -41.6931	  173.7872
3.201	 2.40	 3	 -42.4193	  173.3706
3.201	 2.83	 2	 -42.3734	  173.9840
3.202	 2.13	 2	 -42.2274	  173.8792
3.203	 2.52	 1	 -43.4249	  179.4229
3.204	 3.46	 1	 -42.2786	  173.7138
3.207	 2.20	 1	 -42.4719	  173.0583
3.207	 2.45	 3	 -42.2504	  173.8913
3.208	 2.49	 1	 -42.3992	  173.6160
3.211	 2.19	 1	 -42.1900	  173.7865
3.212	 2.29	 1	 -42.5355	  173.1835
3.213	 2.82	 3	 -42.4262	  173.3616
3.215	 2.75	 1	 -41.8117	  173.4681
3.215	 3.29	 3	 -42.2929	  173.8159
3.216	 2.38	 2	 -41.4794	  172.5921
3.216	 2.03	 1	 -41.7644	  174.2417
3.217	 4.02	 2	 -42.9104	  173.2173
3.217	 2.55	 3	 -42.6228	  172.7605
3.220	 2.72	 2	 -42.2178	  173.8808
3.221	 2.50	 1	 -41.7409	  174.2191
3.221	 2.12	 1	 -41.8141	  174.3388
3.223	 2.02	 2	 -42.8033	  172.7019
3.225	 2.31	 1	 -42.2850	  173.6199
3.227	 2.27	 1	 -41.9183	  173.9686
3.228	 2.52	 1	 -42.1225	  173.9836
3.229	 2.33	 2	 -42.3150	  173.6640
3.230	 2.15	 2	 -42.2161	  173.8749
3.231	 2.28	 2	 -41.6975	  174.2483
3.232	 2.22	 1	 -42.1099	  172.6969
3.233	 2.04	 2	 -41.8600	  174.1437
3.233	 2.24	 1	 -41.8013	  174.1578
3.234	 2.28	 1	 -41.9544	  174.1302
3.236	 2.23	 2	 -42.2269	  173.8463
3.236	 2.31	 1	 -42.6504	  173.0161
3.236	 2.49	 1	 -41.2569	  176.6445
3.236	 2.74	 2	 -41.2154	  175.0198
3.236	 2.19	 2	 -41.8478	  174.3872
3.237	 2.17	 2	 -41.7390	  174.2182
3.239	 2.13	 2	 -42.2523	  173.7808
3.241	 2.32	 1	 -42.8824	  172.5538
3.244	 2.65	 1	 -41.7608	  174.2978
3.245	 2.06	 1	 -42.7587	  172.6981
3.245	 2.21	 2	 -41.8511	  174.0938
3.246	 2.16	 2	 -42.4154	  173.9345
3.247	 2.23	 2	 -42.1218	  173.9545
3.248	 2.07	 2	 -42.2232	  173.6013
3.248	 2.15	 2	 -42.3608	  174.0372
3.248	 2.17	 1	 -42.3170	  173.6259
3.249	 2.21	 2	 -41.5237	  174.1760
3.251	 2.16	 2	 -42.4371	  173.2158
3.253	 2.53	 2	 -42.3652	  174.0169
3.253	 2.71	 1	 -41.6470	  174.3170
3.254	 2.84	 2	 -41.9297	  174.0353
3.254	 3.66	 2	 -42.1871	  173.7915
3.256	 2.34	 2	 -42.2511	  173.8395
3.256	 2.19	 1	 -42.9312	  173.7064
3.256	 2.27	 1	 -42.3577	  173.9059
3.256	 2.10	 2	 -42.2765	  174.0700
3.258	 2.18	 1	 -41.9438	  174.0241
3.259	 2.48	 2	 -41.6145	  174.4954
3.260	 2.38	 2	 -41.6884	  174.2226
3.261	 2.95	 1	 -42.4092	  173.1860
3.261	 2.80	 2	 -41.7358	  174.1936
3.261	 2.34	 2	 -41.6424	  174.5079
3.262	 3.47	 3	 -42.3091	  173.7138
3.262	 2.30	 2	 -42.5236	  173.3203
3.263	 2.16	 1	 -42.1653	  173.7645
3.263	 2.07	 1	 -42.6523	  173.0500
3.264	 2.17	 2	 -42.2518	  173.8502
3.265	 2.02	 2	 -42.0455	  172.9186
3.268	 2.46	 2	 -42.3073	  173.6975
3.268	 2.19	 1	 -42.3724	  173.5459
3.270	 2.50	 1	 -42.3250	  174.1262
3.272	 3.27	 2	 -42.0427	  173.6807
3.273	 2.17	 2	 -41.9394	  173.9230
3.276	 2.70	 1	 -42.6484	  173.1394
3.276	 2.76	 1	 -42.5144	  173.7576
3.276	 2.08	 1	 -41.7853	  174.1335
3.278	 2.25	 2	 -42.2185	  173.8921
3.279	 2.18	 1	 -42.2406	  173.6029
3.279	 2.66	 2	 -42.2452	  173.8393
3.279	 2.86	 1	 -41.6977	  174.2618
3.281	 2.43	 2	 -41.1651	  175.0977
3.282	 2.40	 1	 -41.7568	  174.2150
3.282	 2.15	 1	 -41.9602	  173.7805
3.283	 2.09	 2	 -42.6931	  172.8882
3.284	 2.22	 1	 -41.9089	  173.9769
3.285	 2.48	 1	 -41.7156	  174.3568
3.285	 2.33	 1	 -42.8264	  174.0497
3.285	 2.31	 1	 -41.8356	  173.6492
3.286	 2.01	 3	 -42.6675	  172.7607
3.287	 2.07	 2	 -42.2996	  172.5627
3.287	 2.86	 1	 -42.3788	  173.5733
3.287	 2.79	 1	 -42.3060	  173.8592
3.287	 2.21	 2	 -42.4289	  173.6894
3.287	 2.24	 2	 -42.2798	  173.6792
3.288	 2.19	 1	 -40.1591	  179.0412
3.289	 2.98	 1	 -41.7922	  174.1870
3.290	 2.12	 2	 -42.5516	  173.1203
3.291	 2.72	 1	 -41.8820	  173.9352
3.291	 2.17	 2	 -38.8698	  175.9255
3.291	 3.45	 1	 -41.7666	  174.1893
3.293	 2.30	 2	 -42.4746	  173.9384
3.293	 2.20	 2	 -41.5987	  174.3864
3.293	 2.08	 1	 -41.7824	  173.5140
3.293	 2.28	 1	 -42.5377	  173.0215
3.293	 2.06	 2	 -42.6009	  173.3054
3.295	 2.10	 1	 -42.1864	  173.6294
3.295	 2.54	 2	 -41.2751	  176.5773
3.297	 3.03	 1	 -42.3353	  173.7130
3.300	 3.16	 1	 -39.3772	  178.3264
3.300	 2.13	 1	 -41.8218	  174.1091
3.300	 2.01	 3	 -42.4978	  173.6589
3.301	 3.20	 1	 -41.4594	  174.2717
3.301	 2.15	 1	 -42.3131	  173.5202
3.301	 2.63	 1	 -41.6565	  172.1802
3.302	 2.52	 2	 -41.6616	  172.1950
3.302	 2.63	 1	 -42.7133	  172.7739
3.303	 2.54	 1	 -42.6357	  172.8091
3.303	 2.58	 3	 -42.3462	  173.8510
3.303	 2.97	 2	 -42.0051	  173.8677
3.306	 2.26	 3	 -41.9244	  173.8593
3.309	 2.22	 3	 -41.7558	  174.2526
3.310	 2.03	 2	 -41.8179	  173.9444
3.310	 2.23	 1	 -42.1052	  168.3263
3.311	 2.12	 1	 -42.2676	  173.3249
3.311	 2.04	 1	 -42.6392	  173.0640
3.312	 2.30	 2	 -42.4914	  173.3084
3.313	 2.09	 2	 -41.7639	  174.2472
3.315	 2.88	 1	 -41.7904	  174.1849
3.317	 2.28	 2	 -41.6571	  174.2053
3.317	 2.05	 2	 -41.9626	  173.9640
3.317	 2.31	 1	 -41.7109	  174.2668
3.319	 2.39	 1	 -42.3594	  173.0839
3.319	 2.62	 1	 -42.0265	  173.5126
3.319	 2.20	 2	 -41.7337	  174.3150
3.319	 3.21	 2	 -42.6002	  172.6226
3.320	 2.27	 1	 -42.5091	  173.8375
3.321	 2.11	 1	 -42.4739	  173.5979
3.321	 2.02	 2	 -41.6871	  174.2670
3.321	 2.34	 1	 -42.0590	  171.8423
3.323	 2.31	 1	 -42.2277	  173.6552
3.323	 2.22	 1	 -42.5235	  173.8554
3.324	 2.20	 1	 -42.3991	  173.7189
3.324	 2.82	 1	 -42.6165	  172.9558
3.325	 2.46	 1	 -42.4122	  173.8221
3.325	 2.64	 1	 -42.6184	  173.7612
3.326	 2.16	 2	 -42.6241	  172.9673
3.327	 2.18	 4	 -41.8410	  173.9655
3.327	 2.15	 1	 -42.3022	  173.9029
3.327	 2.23	 1	 -42.0802	  172.8516
3.328	 2.16	 1	 -42.2251	  173.6388
3.328	 2.47	 1	 -43.5561	  168.1626
3.330	 2.07	 1	 -42.4192	  172.8866
3.331	 2.65	 1	 -42.4273	  173.8268
3.332	 2.98	 2	 -42.2798	  173.6796
3.332	 2.12	 2	 -42.5004	  174.3727
3.333	 2.52	 2	 -42.3830	  173.5571
3.333	 2.08	 1	 -42.5573	  172.4258
3.334	 2.43	 1	 -42.1078	  175.1360
3.335	 2.87	 1	 -42.7040	  171.9561
3.337	 2.06	 2	 -42.2123	  173.8822
3.338	 2.54	 1	 -41.9922	  173.7097
3.340	 2.03	 3	 -41.8811	  174.3312
3.341	 2.39	 1	 -41.7661	  174.1430
3.344	 3.96	 1	 -42.5889	  173.1712
3.346	 2.07	 2	 -42.7262	  173.0841
3.347	 2.04	 2	 -42.2181	  173.8557
3.349	 3.24	 3	 -42.5299	  173.3043
3.350	 2.10	 4	 -42.5290	  173.2617
3.352	 2.48	 2	 -44.6403	  170.0544
3.354	 2.43	 1	 -41.6973	  174.1334
3.355	 2.05	 1	 -37.8111	  174.9167
3.357	 2.74	 1	 -42.7105	  173.0788
3.357	 2.06	 1	 -42.0684	  173.8990
3.358	 2.04	 2	 -42.2312	  173.9576
3.358	 2.04	 2	 -42.4453	  173.7378
3.359	 2.19	 1	 -41.9796	  173.7723
3.359	 2.17	 1	 -42.3185	  173.5065
3.362	 2.71	 2	 -42.3566	  173.6238
3.363	 2.58	 1	 -41.7318	  174.3110
3.364	 2.74	 2	 -38.2876	  170.5100
3.364	 2.49	 5	 -42.3016	  173.5659
3.364	 2.08	 1	 -42.5475	  172.7976
3.364	 2.17	 2	 -42.0969	  173.7055
3.365	 2.54	 2	 -42.2415	  173.9249
3.366	 2.11	 2	 -42.5025	  173.3824
3.366	 2.05	 2	 -42.2671	  173.7392
3.366	 2.50	 1	 -42.1240	  173.8573
3.366	 2.31	 1	 -42.3949	  173.6095
3.367	 2.16	 1	 -44.9341	  167.9095
3.370	 2.00	 3	 -38.7748	  177.2848
3.370	 2.18	 1	 -42.0684	  173.7293
3.371	 3.15	 1	 -42.2343	  173.5501
3.373	 2.01	 2	 -41.9064	  173.6205
3.373	 3.24	 1	 -42.3593	  173.1338
3.373	 2.57	 1	 -44.3494	  170.7495
3.374	 2.14	 3	 -42.1909	  173.9989
3.375	 2.48	 2	 -42.3413	  173.7187
3.377	 2.42	 1	 -41.8517	  174.3270
3.379	 2.18	 1	 -42.1554	  173.6584
3.379	 2.20	 3	 -41.8939	  173.8194
3.379	 2.43	 2	 -41.8756	  173.9500
3.385	 2.28	 2	 -42.1996	  173.7786
3.388	 2.07	 2	 -42.2564	  173.8109
3.389	 3.78	 2	 -42.6386	  173.0534
3.390	 2.01	 1	 -42.5149	  172.7661
3.390	 2.68	 2	 -42.5347	  173.4366
3.391	 2.02	 1	 -41.6181	  173.8203
3.391	 3.71	 2	 -42.4692	  173.8818
3.392	 2.48	 1	 -41.6736	  174.3122
3.393	 2.73	 1	 -42.2795	  173.7858
3.395	 2.15	 1	 -42.6980	  172.7427
3.395	 2.92	 1	 -42.3841	  173.3073
3.397	 2.53	 2	 -42.6431	  172.8422
3.398	 3.45	 2	 -42.7000	  172.7930
3.402	 2.45	 1	 -41.9700	  174.0148
3.403	 2.16	 3	 -41.6822	  174.2988
3.405	 2.44	 1	 -42.2760	  173.6316
3.406	 2.19	 1	 -39.6262	  169.0126
3.408	 2.10	 3	 -41.6944	  173.7031
3.408	 2.09	 2	 -41.8860	  173.9767
3.409	 2.54	 2	 -42.6148	  173.3246
3.411	 2.83	 2	 -42.3126	  173.0804
3.412	 2.78	 1	 -42.3526	  172.7787
3.412	 2.05	 2	 -42.1072	  173.5627
3.414	 2.26	 2	 -42.2298	  173.8291
3.415	 2.26	 1	 -41.7403	  174.0753
3.418	 2.61	 1	 -41.7679	  174.3548
3.418	 3.40	 1	 -42.2717	  173.8495
3.419	 2.12	 2	 -42.2346	  173.8118
3.419	 2.32	 2	 -42.0719	  173.7514
3.421	 2.18	 1	 -42.8553	  172.9746
3.421	 2.04	 1	 -41.7777	  174.2427
3.421	 3.94	 2	 -43.0075	  172.4464
3.421	 2.44	 1	 -42.0151	  173.6684
3.421	 3.74	 1	 -41.7172	  174.2767
3.423	 2.24	 2	 -41.7604	  174.1830
3.425	 2.06	 1	 -42.2243	  173.9930
3.426	 2.01	 1	 -42.7901	  173.1392
3.430	 3.21	 1	 -42.4956	  173.1011
3.434	 2.43	 2	 -42.3241	  173.8708
3.435	 3.09	 1	 -41.8186	  174.2410
3.435	 3.25	 1	 -42.5107	  172.9803
3.436	 2.66	 1	 -42.5975	  173.2886
3.437	 2.70	 1	 -41.8406	  174.2391
3.437	 2.09	 1	 -42.2649	  173.4557
3.437	 2.46	 1	 -41.7440	  174.3081
3.439	 2.40	 1	 -41.7055	  174.2078
3.440	 2.92	 1	 -42.3512	  173.9174
3.441	 2.04	 3	 -42.3806	  173.5575
3.443	 2.19	 1	 -42.3227	  173.9099
3.443	 2.20	 1	 -42.5319	  172.6704
3.446	 2.18	 1	 -42.1734	  173.5254
3.448	 2.21	 1	 -41.8656	  173.9436
3.448	 2.33	 2	 -42.5295	  173.2465
3.449	 2.04	 1	 -42.2534	  173.4807
3.450	 2.34	 1	 -42.2770	  173.6348
3.451	 2.06	 1	 -42.2785	  173.4562
3.452	 2.40	 1	 -42.2904	  173.6758
3.452	 2.28	 1	 -42.3042	  173.9160
3.452	 2.06	 1	 -42.4111	  173.8328
3.453	 3.06	 1	 -42.2578	  173.7112
3.454	 2.68	 1	 -41.7412	  174.2502
3.454	 2.32	 2	 -42.0173	  173.9407
3.455	 2.73	 1	 -41.7395	  174.2741
3.456	 3.51	 2	 -42.2787	  173.7845
3.458	 2.41	 1	 -42.5709	  172.8217
3.460	 2.11	 1	 -39.3076	  177.4216
3.461	 2.46	 2	 -41.6249	  174.2230
3.462	 2.73	 1	 -42.6122	  172.7016
3.463	 2.70	 2	 -42.2890	  173.9261
3.465	 2.48	 2	 -41.6282	  174.5490
3.466	 2.28	 1	 -41.6891	  174.2636
3.466	 2.04	 1	 -43.3787	  172.7744
3.467	 2.15	 1	 -41.7720	  174.2392
3.467	 2.34	 1	 -41.7401	  174.1920
3.470	 2.23	 1	 -42.6508	  173.2576
3.471	 2.28	 1	 -41.7284	  174.2727
3.473	 2.26	 1	 -42.4912	  173.6553
3.473	 3.10	 1	 -42.6861	  172.9834
3.473	 2.21	 1	 -42.1940	  173.5432
3.475	 4.17	 2	 -41.6457	  174.2628
3.475	 2.09	 1	 -41.7277	  174.2292
3.478	 2.40	 3	 -41.4353	  173.5444
3.479	 2.27	 1	 -42.1980	  173.6944
3.479	 2.13	 2	 -42.2614	  173.0733
3.479	 2.15	 1	 -41.9294	  174.1794
3.481	 2.32	 2	 -41.7579	  174.6180
3.482	 2.08	 1	 -43.1327	  172.5703
3.483	 3.38	 3	 -42.4477	  173.7243
3.483	 2.80	 1	 -41.8715	  174.2502
3.486	 2.18	 2	 -42.2475	  173.7510
3.486	 2.04	 3	 -42.3009	  173.6902
3.486	 2.38	 3	 -42.3538	  173.7661
3.486	 2.13	 2	 -41.7139	  171.6887
3.486	 2.07	 1	 -41.7792	  174.1853
3.488	 2.43	 1	 -41.9969	  174.3799
3.491	 2.14	 1	 -42.1500	  173.6811
3.493	 2.06	 1	 -42.5483	  173.1796
3.493	 2.06	 1	 -42.1251	  173.8750
3.494	 2.74	 2	 -41.8616	  174.1434
3.494	 2.54	 1	 -41.7587	  174.3003
3.496	 2.14	 1	 -42.4970	  173.1254
3.496	 2.19	 3	 -42.6159	  173.5332
3.496	 2.69	 4	 -42.6956	  172.7843
3.497	 2.05	 1	 -41.7839	  174.1866
3.498	 2.43	 1	 -42.9876	  173.0506
3.498	 2.04	 1	 -42.4526	  173.2999
3.499	 2.27	 2	 -42.5944	  172.7505
3.500	 2.12	 1	 -41.8111	  174.2719
3.500	 2.27	 2	 -42.2456	  173.6393
3.501	 2.39	 2	 -41.3567	  174.2054
3.502	 2.22	 4	 -42.4702	  173.7059
3.503	 2.19	 1	 -38.9797	  175.9626
3.503	 3.10	 1	 -42.1164	  173.7086
3.504	 2.27	 1	 -42.2805	  174.0054
3.505	 2.58	 1	 -42.6598	  173.0032
3.507	 2.01	 1	 -41.9454	  174.0712
3.507	 2.04	 2	 -41.9426	  173.9543
3.508	 2.37	 3	 -41.8620	  173.8301
3.510	 2.00	 2	 -41.7064	  174.2337
3.511	 2.43	 1	 -42.7167	  175.1838
3.511	 2.70	 1	 -42.3233	  173.5415
3.512	 3.65	 5	 -42.1253	  173.8467
3.513	 2.72	 1	 -42.6335	  173.0741
3.514	 2.28	 1	 -42.7522	  173.0642
3.516	 2.23	 3	 -45.2204	  168.8114
3.519	 2.64	 1	 -42.4865	  173.3932
3.519	 2.33	 2	 -42.7034	  173.3430
3.520	 2.85	 2	 -41.7720	  174.3286
3.520	 2.16	 2	 -42.1988	  173.9936
3.520	 2.19	 1	 -42.0504	  173.7099
3.521	 2.12	 1	 -42.6066	  173.1025
3.522	 3.07	 1	 -46.9250	  173.8152
3.523	 2.21	 1	 -42.6103	  173.0711
3.523	 2.22	 2	 -42.4637	  173.1313
3.523	 2.10	 1	 -42.5206	  173.9561
3.524	 2.29	 2	 -42.5257	  172.5300
3.525	 2.63	 1	 -41.6977	  174.2645
3.525	 2.47	 2	 -42.5801	  173.2357
3.525	 2.52	 1	 -42.8921	  170.9766
3.527	 2.20	 1	 -42.1080	  173.5959
3.527	 2.42	 1	 -41.9479	  173.7110
3.530	 2.33	 2	 -42.2571	  173.7977
3.530	 2.06	 2	 -42.4008	  173.9232
3.530	 2.13	 2	 -42.5877	  173.0787
3.531	 2.75	 1	 -42.2284	  173.6112
3.532	 2.41	 2	 -42.5741	  173.0148
3.534	 2.20	 2	 -42.3057	  173.4840
3.534	 2.89	 1	 -42.1816	  173.7802
3.534	 3.24	 2	 -41.9838	  174.0735
3.534	 2.06	 1	 -42.1967	  173.7675
3.535	 2.53	 2	 -41.7898	  174.0954
3.536	 2.31	 2	 -42.4031	  173.8021
3.537	 2.10	 1	 -41.5939	  174.3196
3.537	 2.24	 1	 -42.3246	  173.3574
3.539	 3.77	 1	 -41.8142	  174.2401
3.540	 2.17	 2	 -41.6711	  174.5928
3.540	 2.39	 1	 -42.1991	  173.7091
3.541	 2.28	 1	 -41.7138	  174.0130
3.541	 2.05	 2	 -42.2142	  173.9298
3.543	 2.51	 1	 -42.3048	  173.5463
3.544	 2.32	 1	 -42.1708	  173.6300
3.544	 2.08	 1	 -42.4128	  173.8888
3.545	 2.38	 1	 -41.6963	  174.3571
3.547	 2.45	 1	 -41.7330	  174.1380
3.547	 2.26	 1	 -42.4702	  173.2156
3.547	 2.54	 2	 -41.8919	  173.9503
3.551	 3.00	 1	 -42.8216	  172.6854
3.551	 3.13	 2	 -42.8602	  173.2527
3.552	 2.12	 1	 -42.2749	  173.8035
3.553	 2.08	 1	 -42.2398	  173.8179
3.553	 3.03	 2	 -41.8648	  174.1459
3.554	 2.79	 1	 -41.7709	  174.2756
3.555	 2.35	 2	 -42.2685	  173.6665
3.555	 2.37	 1	 -41.9325	  173.7225
3.556	 2.33	 1	 -42.2590	  173.7668
3.557	 2.53	 1	 -42.3302	  173.7846
3.557	 2.62	 1	 -41.8200	  174.2362
3.558	 2.14	 2	 -42.5025	  173.5192
3.560	 3.38	 1	 -42.1116	  173.9049
3.560	 2.16	 1	 -42.8534	  172.9535
3.560	 2.15	 1	 -41.8819	  174.3292
3.563	 2.50	 1	 -42.0383	  173.7558
3.563	 2.18	 2	 -42.2469	  173.6298
3.563	 2.04	 1	 -42.6026	  173.1028
3.566	 2.07	 2	 -42.2433	  173.9238
3.567	 2.29	 2	 -41.9421	  173.8871
3.567	 2.06	 2	 -42.7546	  172.9420
3.567	 2.47	 1	 -41.8799	  174.6552
3.567	 2.65	 1	 -42.7700	  173.2173
3.568	 2.20	 1	 -41.8584	  174.0175
3.568	 2.46	 1	 -42.3517	  173.5673
3.569	 2.25	 1	 -42.9333	  173.3515
3.570	 2.53	 2	 -42.3124	  173.5913
3.572	 2.73	 1	 -41.7718	  174.1953
3.573	 2.27	 1	 -42.5947	  173.3151
3.573	 2.15	 2	 -42.5400	  173.3389
3.573	 2.33	 1	 -42.2268	  173.7439
3.574	 2.11	 1	 -41.4221	  174.7652
3.577	 2.36	 1	 -41.8183	  174.2149
3.577	 2.87	 2	 -41.8386	  174.1257
3.579	 2.38	 1	 -41.7106	  174.2772
3.581	 2.00	 2	 -41.6962	  174.1000
3.583	 2.55	 1	 -42.3422	  174.0128
3.585	 2.42	 1	 -42.3622	  174.0472
3.587	 3.03	 3	 -41.7705	  174.3137
3.587	 3.03	 1	 -42.2592	  173.6965
3.587	 2.73	 2	 -41.6241	  174.2303
3.587	 2.53	 1	 -42.2783	  173.7689
3.588	 2.77	 1	 -42.2984	  173.8238
3.588	 2.23	 1	 -41.7240	  174.2633
3.591	 2.14	 1	 -41.5787	  174.4158
3.591	 2.47	 1	 -43.1599	  172.3566
3.591	 2.78	 2	 -42.3776	  173.5637
3.592	 2.16	 2	 -41.0581	  176.8716
3.593	 2.07	 2	 -41.2040	  175.0404
3.593	 2.50	 1	 -42.4817	  173.5439
3.594	 2.75	 3	 -42.1565	  173.5448
3.600	 2.11	 2	 -42.1670	  173.6616
3.600	 2.08	 1	 -41.7390	  174.1859
3.601	 2.14	 2	 -41.6199	  174.4281
3.601	 2.09	 2	 -42.2380	  173.8306
3.602	 2.20	 1	 -41.8830	  174.3941
3.603	 3.16	 1	 -41.6119	  174.1694
3.606	 2.60	 1	 -41.9150	  174.1923
3.606	 2.52	 2	 -42.4125	  173.8773
3.606	 2.04	 2	 -42.2835	  173.5195
3.607	 2.22	 1	 -42.2196	  173.6633
3.607	 2.27	 1	 -41.7840	  174.2429
3.608	 3.18	 2	 -42.6013	  172.7406
3.608	 2.80	 2	 -42.4908	  173.2798
3.609	 2.51	 1	 -39.6976	  168.5603
3.615	 2.14	 2	 -42.2265	  173.7441
3.616	 2.22	 2	 -41.8555	  174.2477
3.617	 2.11	 1	 -42.4932	  173.2613
3.617	 2.47	 2	 -42.4118	  173.9014
3.617	 2.72	 1	 -41.5990	  174.5183
3.622	 2.72	 2	 -42.2090	  173.6424
3.623	 2.16	 1	 -42.4840	  173.4892
3.623	 2.08	 1	 -42.5798	  173.8886
3.624	 2.65	 2	 -41.6864	  174.2543
3.624	 2.63	 1	 -41.7337	  174.1935
3.624	 3.11	 1	 -42.2371	  173.8044
3.625	 2.69	 2	 -42.2747	  173.9138
3.626	 2.04	 3	 -42.4711	  173.1802
3.627	 2.00	 1	 -42.4357	  173.7385
3.627	 2.01	 1	 -41.9342	  173.9621
3.628	 2.25	 1	 -41.7560	  174.0734
3.629	 2.13	 2	 -41.7713	  174.2342
3.629	 2.27	 1	 -41.8962	  173.6441
3.629	 2.92	 1	 -42.6767	  172.8920
3.632	 2.30	 1	 -41.9785	  174.0888
3.632	 2.99	 2	 -42.7867	  173.3898
3.633	 3.11	 1	 -42.5395	  173.6787
3.634	 2.05	 3	 -42.3569	  173.7757
3.636	 2.74	 1	 -42.4224	  173.6086
3.636	 5.31	 2	 -42.2150	  173.8914
3.636	 2.86	 2	 -42.3415	  173.5987
3.636	 2.32	 2	 -41.6306	  174.2346
3.637	 2.45	 2	 -42.4945	  173.1039
3.637	 2.19	 3	 -42.2172	  173.9197
3.638	 2.17	 1	 -42.3330	  173.4661
3.639	 2.30	 1	 -42.1450	  173.5348
3.639	 2.13	 1	 -42.3493	  174.0597
3.643	 2.37	 2	 -42.3670	  172.9978
3.643	 2.46	 1	 -42.2294	  173.6969
3.644	 2.43	 2	 -42.3050	  173.1168
3.645	 2.51	 1	 -42.2791	  174.0323
3.645	 2.24	 3	 -42.2139	  173.8709
3.645	 3.62	 1	 -41.7412	  173.7412
3.647	 3.07	 3	 -42.2853	  173.9635
3.647	 2.33	 1	 -42.2401	  173.7128
3.648	 2.11	 2	 -42.3506	  173.1106
3.653	 2.88	 1	 -42.6950	  172.8175
3.654	 2.64	 1	 -42.7135	  173.0393
3.655	 2.88	 1	 -42.6972	  172.2318
3.656	 2.12	 1	 -42.2339	  174.4745
3.656	 3.41	 1	 -42.4146	  173.5635
3.656	 2.20	 1	 -41.5899	  174.4876
3.659	 2.65	 2	 -42.2744	  173.7289
3.659	 2.60	 2	 -41.8109	  174.2403
3.661	 2.08	 1	 -42.2089	  174.0961
3.661	 2.06	 3	 -42.0551	  174.0840
3.661	 2.34	 4	 -42.2606	  173.9167
3.663	 2.18	 1	 -42.3333	  173.1013
3.663	 2.04	 1	 -42.3968	  173.3405
3.663	 2.16	 1	 -41.6296	  175.7245
3.664	 2.71	 1	 -41.8897	  174.3817
3.665	 2.17	 1	 -41.7141	  174.1989
3.667	 3.41	 1	 -42.5638	  173.0978
3.668	 2.73	 1	 -41.9695	  173.6389
3.670	 2.22	 1	 -42.8919	  172.7064
3.670	 2.20	 2	 -42.2654	  173.8557
3.670	 2.24	 1	 -42.6937	  173.0139
3.672	 2.24	 1	 -41.7168	  174.3420
3.673	 2.02	 1	 -42.3755	  173.9211
3.674	 3.08	 1	 -41.7288	  174.2929
3.674	 3.73	 1	 -41.6839	  173.4749
3.675	 2.04	 2	 -42.4228	  173.9552
3.676	 2.28	 2	 -40.0909	  168.3597
3.676	 2.80	 1	 -42.0546	  174.6206
3.677	 2.01	 1	 -42.3290	  174.0206
3.677	 2.42	 1	 -42.5323	  172.6540
3.677	 2.00	 1	 -41.7684	  174.2219
3.678	 2.02	 1	 -43.0156	  173.1404
3.679	 2.47	 1	 -42.2071	  173.6573
3.679	 2.23	 1	 -42.4638	  173.7437
3.679	 2.57	 2	 -41.7816	  174.2386
3.681	 2.27	 1	 -41.9869	  173.7007
3.681	 2.07	 2	 -42.3445	  174.1485
3.681	 2.18	 2	 -42.5045	  173.1915
3.682	 2.38	 1	 -41.6615	  174.3165
3.683	 2.41	 2	 -42.6100	  173.0184
3.684	 2.47	 1	 -42.4626	  173.7918
3.685	 2.03	 2	 -42.3375	  173.9339
3.686	 2.64	 1	 -41.7423	  174.2527
3.686	 2.04	 2	 -42.3701	  173.0885
3.687	 3.28	 2	 -42.2258	  174.0432
3.689	 2.19	 1	 -42.3088	  173.7549
3.691	 2.38	 3	 -42.4861	  173.4299
3.691	 2.80	 1	 -42.5306	  173.3639
3.695	 2.10	 1	 -42.6728	  172.7927
3.696	 2.67	 1	 -42.6694	  173.0548
3.697	 2.20	 1	 -41.7439	  173.4919
3.697	 2.42	 3	 -42.1199	  173.7717
3.698	 2.63	 3	 -42.2040	  173.8913
3.699	 2.09	 2	 -41.7301	  174.2489
3.700	 2.54	 3	 -42.2294	  173.8428
3.700	 2.63	 1	 -42.0675	  174.1049
3.700	 2.05	 1	 -42.6027	  172.7959
3.701	 2.04	 1	 -42.2882	  173.6565
3.701	 2.21	 3	 -42.6775	  172.9091
3.701	 3.09	 2	 -42.6837	  172.7884
3.702	 2.61	 1	 -41.8573	  174.2399
3.702	 2.48	 2	 -41.7615	  174.2983
3.703	 2.17	 3	 -42.3608	  173.7557
3.703	 2.10	 3	 -42.1794	  174.3044
3.703	 3.80	 1	 -42.8572	  173.1617
3.704	 3.88	 1	 -41.9724	  173.9185
3.705	 3.97	 1	 -42.8266	  174.1326
3.705	 2.30	 1	 -42.5279	  173.3253
3.706	 2.29	 3	 -42.0588	  173.5882
3.707	 2.62	 1	 -42.4127	  172.9482
3.708	 2.24	 1	 -42.3910	  173.0188
3.708	 2.14	 1	 -42.6962	  172.9306
3.708	 3.88	 1	 -41.7441	  174.1270
3.709	 2.10	 1	 -41.9020	  174.2744
3.709	 2.55	 3	 -42.2582	  174.0316
3.711	 2.11	 3	 -41.8754	  174.1768
3.713	 2.48	 1	 -41.6674	  174.4286
3.716	 2.06	 5	 -42.2145	  173.5692
3.717	 2.02	 1	 -41.8175	  174.2248
3.717	 2.19	 1	 -42.5592	  172.8379
3.717	 2.08	 4	 -42.3503	  173.8449
3.717	 3.56	 1	 -41.7859	  173.9031
3.718	 2.77	 3	 -42.2147	  173.9087
3.719	 2.59	 6	 -42.1389	  173.8306
3.720	 2.71	 2	 -42.3828	  173.0355
3.720	 2.71	 1	 -42.3947	  173.5999
3.721	 2.36	 1	 -42.3878	  174.0357
3.721	 2.05	 3	 -41.7393	  174.1016
3.721	 2.19	 1	 -42.1733	  173.5182
3.721	 2.06	 1	 -42.1167	  174.5443
3.722	 2.26	 1	 -41.7764	  174.3029
3.722	 2.17	 2	 -42.2720	  173.7708
3.723	 2.24	 1	 -41.5447	  174.2585
3.724	 2.28	 2	 -42.5619	  173.9993
3.725	 2.01	 2	 -42.2215	  173.7961
3.725	 2.72	 3	 -41.8245	  173.6588
3.725	 2.13	 3	 -42.1949	  173.8500
3.725	 2.04	 2	 -41.7293	  174.3033
3.727	 2.60	 2	 -42.3286	  174.0181
3.727	 2.08	 2	 -42.6213	  172.9864
3.729	 2.44	 4	 -41.8846	  173.9707
3.731	 2.00	 2	 -42.4534	  173.6453
3.732	 2.25	 2	 -41.7692	  174.1910
3.732	 2.19	 1	 -42.2819	  173.6181
3.733	 2.17	 1	 -42.6004	  174.5092
3.733	 2.11	 2	 -41.6854	  174.1714
3.734	 2.39	 3	 -42.2251	  173.8164
3.734	 2.18	 2	 -41.9454	  173.9081
3.734	 2.36	 1	 -42.2832	  173.7543
3.736	 2.32	 1	 -41.7032	  174.5549
3.737	 2.03	 2	 -42.1893	  173.8406
3.738	 2.01	 2	 -42.2115	  173.8019
3.738	 2.23	 2	 -41.5880	  173.4719
3.738	 2.81	 1	 -42.0769	  172.9113
3.740	 4.78	 1	 -41.7998	  174.1297
3.740	 2.24	 1	 -42.3554	  173.9667
3.740	 2.51	 1	 -42.3963	  173.0448
3.740	 2.59	 3	 -42.6744	  173.0248
3.742	 2.92	 1	 -42.9651	  173.4071
3.742	 2.32	 2	 -42.0082	  173.7072
3.743	 2.92	 1	 -41.7865	  174.3204
3.744	 2.27	 1	 -42.3166	  173.8088
3.745	 2.17	 2	 -42.8995	  172.8911
3.747	 2.36	 2	 -41.7914	  174.2430
3.747	 2.12	 1	 -41.8051	  174.0391
3.750	 2.21	 1	 -41.8468	  174.2820
3.751	 2.26	 2	 -42.3393	  173.8145
3.751	 2.71	 2	 -42.2758	  173.8387
3.752	 2.62	 2	 -42.3096	  173.8605
3.752	 2.04	 3	 -42.1856	  174.3781
3.753	 2.51	 1	 -42.6663	  172.7068
3.753	 2.01	 2	 -41.7317	  174.3184
3.754	 2.28	 1	 -42.2180	  173.8257
3.754	 2.07	 2	 -41.6480	  174.2825
3.754	 2.06	 1	 -42.0649	  173.7018
3.755	 2.53	 2	 -42.6985	  172.7456
3.756	 3.96	 1	 -41.6610	  173.9156
3.756	 2.11	 2	 -41.6704	  174.3834
3.757	 2.39	 1	 -41.9420	  174.1332
3.757	 2.22	 3	 -41.9474	  174.0537
3.758	 2.14	 3	 -42.2779	  173.9400
3.758	 2.01	 2	 -43.1671	  172.6321
3.759	 2.01	 2	 -42.3709	  173.9485
3.760	 2.08	 1	 -42.2774	  173.6310
3.761	 2.54	 1	 -42.8720	  174.0692
3.762	 2.18	 1	 -42.5973	  173.7441
3.763	 3.01	 2	 -42.2398	  173.8781
3.763	 2.35	 1	 -42.7527	  172.5275
3.764	 2.73	 1	 -42.1560	  173.5549
3.765	 2.16	 2	 -41.7349	  174.2492
3.765	 2.20	 1	 -42.5307	  173.0365
3.766	 3.36	 1	 -41.6834	  174.2804
3.767	 2.07	 1	 -42.1053	  173.7549
3.770	 2.07	 1	 -42.7057	  172.7522
3.770	 3.44	 2	 -42.4709	  173.8110
3.772	 2.02	 1	 -42.4667	  172.9473
3.773	 2.41	 3	 -42.2385	  173.8881
3.773	 2.28	 1	 -41.7067	  174.2928
3.774	 2.72	 1	 -41.7747	  174.2431
3.775	 2.13	 3	 -42.3082	  173.0967
3.775	 2.38	 1	 -41.9392	  173.6743
3.778	 2.22	 1	 -41.8091	  173.4708
3.779	 2.34	 2	 -42.4558	  173.1376
3.781	 2.10	 2	 -42.3466	  173.9355
3.783	 2.63	 2	 -42.1862	  173.9176
3.784	 2.08	 2	 -42.3518	  173.6660
3.785	 2.22	 2	 -41.2171	  175.1115
3.785	 2.52	 3	 -42.2465	  173.8677
3.787	 2.13	 3	 -42.4094	  173.7127
3.788	 2.12	 1	 -42.2002	  173.4505
3.788	 2.14	 2	 -41.6385	  174.5042
3.790	 2.83	 1	 -42.1566	  173.6344
3.790	 2.11	 1	 -41.8608	  174.3303
3.792	 2.11	 1	 -42.6093	  172.9218
3.795	 2.70	 2	 -41.6597	  173.9130
3.796	 2.24	 2	 -41.7029	  174.2820
3.796	 2.03	 2	 -42.3066	  173.7819
3.796	 2.60	 1	 -42.6041	  172.9557
3.796	 2.26	 2	 -42.2665	  173.4862
3.796	 2.11	 1	 -42.1237	  173.6070
3.797	 2.10	 1	 -42.3282	  174.1411
3.797	 3.34	 1	 -41.6954	  174.2681
3.798	 2.30	 1	 -42.2303	  173.7349
3.799	 2.10	 1	 -42.2903	  173.5071
3.801	 2.03	 3	 -42.8318	  172.9235
3.802	 2.64	 1	 -41.7325	  174.3321
3.802	 2.43	 2	 -41.8075	  173.9710
3.804	 2.09	 1	 -42.2550	  173.6620
3.806	 2.34	 1	 -42.5142	  172.3104
3.806	 2.63	 2	 -42.2572	  173.9166
3.809	 2.29	 2	 -41.8482	  174.2332
3.809	 3.03	 3	 -39.0925	  178.2602
3.809	 3.22	 2	 -41.8522	  174.1692
3.810	 2.26	 1	 -42.2775	  173.6593
3.811	 2.07	 1	 -42.0596	  173.6850
3.812	 2.04	 2	 -42.4343	  173.3651
3.812	 2.11	 2	 -42.3032	  172.5672
3.812	 2.20	 1	 -42.7031	  173.4224
3.814	 4.12	 2	 -41.6873	  174.3701
3.814	 2.44	 1	 -42.2443	  173.4525
3.814	 2.36	 2	 -41.7356	  174.0068
3.815	 2.35	 2	 -42.6811	  172.7824
3.816	 2.33	 3	 -42.3190	  173.8457
3.816	 2.52	 1	 -41.7762	  174.1713
3.817	 2.01	 2	 -42.2412	  173.8287
3.818	 2.17	 1	 -41.4102	  173.3913
3.818	 2.65	 2	 -41.8951	  173.9655
3.819	 2.50	 1	 -42.0184	  173.5704
3.822	 2.77	 2	 -42.2222	  173.6371
3.824	 3.13	 1	 -41.6757	  174.5167
3.824	 2.83	 1	 -41.8578	  173.8037
3.825	 3.30	 1	 -42.2678	  173.6680
3.826	 3.03	 2	 -41.7342	  174.3616
3.826	 2.34	 2	 -41.6893	  173.7963
3.828	 2.01	 3	 -42.7769	  172.3781
3.830	 2.05	 1	 -42.3536	  173.6948
3.830	 2.56	 1	 -41.8356	  174.1600
3.830	 2.22	 1	 -42.8115	  173.4745
3.831	 2.17	 1	 -42.4358	  173.3237
3.832	 2.13	 1	 -41.7545	  174.4435
3.833	 2.67	 2	 -42.8058	  174.1196
3.833	 2.67	 1	 -41.7254	  174.4518
3.835	 2.97	 1	 -42.4440	  173.3564
3.836	 4.22	 1	 -41.7795	  174.2742
3.837	 2.35	 1	 -41.7164	  174.2424
3.839	 3.34	 3	 -42.2187	  173.8995
3.840	 2.18	 1	 -41.9564	  173.6982
3.841	 2.26	 1	 -42.2928	  173.1237
3.841	 2.07	 1	 -42.3847	  173.7841
3.843	 2.21	 1	 -42.3676	  173.3239
3.844	 3.56	 2	 -41.7149	  174.3262
3.846	 2.34	 3	 -41.8904	  173.8706
3.848	 2.56	 1	 -41.9581	  173.6760
3.849	 2.47	 1	 -41.7847	  174.4172
3.851	 2.05	 1	 -42.0162	  173.9724
3.851	 2.05	 2	 -41.8408	  174.2656
3.853	 2.58	 2	 -41.4215	  172.3942
3.853	 2.38	 1	 -41.4482	  173.4513
3.853	 3.65	 1	 -41.6888	  174.0302
3.853	 2.08	 1	 -42.1323	  174.2021
3.853	 2.01	 2	 -41.9645	  173.4940
3.853	 2.34	 1	 -42.6479	  172.7753
3.854	 3.69	 1	 -42.6218	  173.0912
3.854	 2.14	 2	 -42.5571	  172.6915
3.854	 2.02	 3	 -41.6889	  174.0941
3.856	 2.06	 2	 -42.3346	  173.8515
3.857	 3.06	 2	 -41.6166	  174.2683
3.857	 2.29	 3	 -42.2310	  173.8815
3.858	 2.57	 1	 -41.7108	  174.2316
3.861	 2.86	 1	 -42.3151	  173.7249
3.861	 2.85	 2	 -42.7839	  174.0272
3.863	 4.24	 1	 -41.6606	  174.3092
3.863	 2.06	 1	 -42.0840	  174.4819
3.868	 3.28	 2	 -42.3759	  173.9821
3.869	 2.16	 1	 -42.2032	  173.6184
3.871	 2.11	 2	 -42.3066	  174.1228
3.872	 2.11	 1	 -42.6060	  172.6625
3.872	 2.58	 3	 -41.7375	  174.1814
3.875	 2.06	 3	 -41.5754	  174.4224
3.875	 2.04	 1	 -41.7432	  171.6862
3.876	 2.24	 2	 -42.7022	  172.9093
3.877	 2.69	 3	 -42.2000	  173.9074
3.877	 2.51	 1	 -42.3650	  173.9435
3.878	 2.74	 3	 -42.2015	  173.9077
3.878	 2.34	 2	 -42.5010	  173.3685
3.878	 3.08	 1	 -41.9257	  174.1000
3.879	 2.43	 1	 -41.9793	  173.6727
3.879	 2.14	 3	 -42.2944	  173.5265
3.879	 2.32	 3	 -42.0952	  173.7453
3.881	 2.24	 1	 -41.7851	  174.0005
3.881	 2.32	 1	 -42.8548	  172.0686
3.881	 2.56	 1	 -42.0544	  173.4854
3.882	 2.08	 2	 -42.2873	  173.8043
3.883	 4.38	 1	 -41.6757	  174.1717
3.884	 2.70	 1	 -42.3909	  173.5669
3.885	 2.17	 4	 -42.0951	  173.7473
3.886	 2.18	 2	 -41.7503	  174.2802
3.887	 2.48	 1	 -42.5551	  173.0195
3.889	 2.21	 3	 -42.1987	  173.8872
3.889	 2.48	 1	 -41.8901	  174.0110
3.890	 2.73	 1	 -42.3812	  173.8221
3.892	 2.25	 1	 -42.5150	  173.1845
3.892	 2.53	 3	 -42.1101	  173.9522
3.893	 2.39	 2	 -42.3232	  173.9737
3.893	 2.36	 2	 -42.1929	  173.6687
3.895	 2.52	 2	 -42.4341	  173.3263
3.896	 2.06	 2	 -41.7384	  174.2348
3.896	 3.22	 1	 -42.1379	  173.8951
3.898	 2.37	 2	 -41.7781	  174.3051
3.900	 2.05	 1	 -42.3601	  172.9654
3.901	 2.56	 1	 -42.0046	  174.3795
3.901	 2.02	 1	 -42.2011	  173.4884
3.904	 2.28	 2	 -42.2238	  173.8721
3.905	 2.38	 1	 -42.3064	  173.6848
3.906	 2.29	 1	 -42.0347	  172.3458
3.907	 3.26	 1	 -41.8039	  174.2327
3.908	 2.07	 2	 -42.2468	  173.7172
3.908	 2.41	 1	 -41.7750	  174.2199
3.909	 2.29	 3	 -42.2238	  173.8356
3.909	 2.16	 2	 -41.8154	  173.8885
3.910	 2.00	 1	 -42.3131	  173.6911
3.910	 2.10	 1	 -40.7196	  177.8302
3.911	 2.09	 2	 -41.6248	  174.2745
3.912	 2.02	 1	 -41.8481	  174.3155
3.912	 2.19	 2	 -41.8581	  174.1479
3.913	 2.16	 2	 -41.7909	  174.1203
3.914	 2.40	 1	 -41.7780	  174.3310
3.915	 2.47	 1	 -42.2964	  173.5623
3.917	 2.02	 1	 -42.1894	  173.5691
3.917	 2.04	 1	 -42.2948	  173.6672
3.918	 2.13	 2	 -42.4896	  174.3301
3.918	 2.87	 1	 -42.1947	  173.6197
3.920	 2.24	 1	 -44.4623	  173.4677
3.921	 2.55	 1	 -42.5914	  172.5878
3.922	 2.56	 1	 -42.1218	  173.5666
3.922	 2.51	 1	 -41.8321	  174.1252
3.922	 2.72	 3	 -41.2501	  172.1151
3.923	 3.55	 2	 -42.5482	  173.2910
3.923	 4.16	 1	 -42.5531	  173.2825
3.924	 2.13	 2	 -41.6668	  174.2019
3.927	 2.39	 2	 -42.1851	  173.7913
3.928	 2.20	 1	 -41.8125	  174.0711
3.928	 2.73	 1	 -42.3901	  173.1530
3.929	 2.36	 2	 -42.1543	  173.7044
3.929	 2.16	 1	 -42.6759	  172.8411
3.931	 2.32	 2	 -41.8257	  174.1104
3.931	 2.04	 3	 -41.1563	  175.1491
3.931	 2.60	 3	 -41.8048	  174.2949
3.932	 2.05	 2	 -41.8524	  174.1162
3.933	 2.00	 1	 -42.4446	  173.9508
3.935	 3.56	 2	 -42.5849	  173.8565
3.936	 2.15	 3	 -42.5670	  173.2644
3.937	 2.35	 1	 -41.6952	  173.2716
3.938	 2.36	 2	 -42.2207	  173.8105
3.939	 2.28	 1	 -42.0925	  173.2001
3.941	 2.95	 1	 -42.1135	  173.6942
3.941	 3.89	 2	 -41.8480	  174.3170
3.944	 2.81	 2	 -42.1842	  173.6724
3.946	 2.70	 1	 -42.4434	  173.9048
3.947	 2.14	 2	 -42.6690	  172.9610
3.948	 3.94	 3	 -42.1680	  173.9317
3.950	 2.27	 1	 -42.7040	  173.0342
3.951	 2.08	 2	 -42.5892	  172.6879
3.951	 2.19	 1	 -43.1961	  172.5322
3.954	 2.26	 1	 -41.6424	  174.2980
3.954	 2.10	 2	 -42.4361	  173.8614
3.954	 2.03	 2	 -42.6305	  173.0135
3.955	 3.05	 1	 -41.9992	  173.7486
3.955	 2.03	 1	 -42.3727	  173.9617
3.956	 2.14	 2	 -42.5448	  173.1551
3.958	 2.14	 1	 -42.5617	  172.8439
3.958	 2.21	 2	 -42.3672	  173.7419
3.959	 2.04	 3	 -41.7942	  174.2026
3.959	 2.00	 3	 -42.2267	  173.8922
3.960	 2.01	 2	 -42.2911	  173.6104
3.961	 2.23	 1	 -42.2107	  174.0500
3.961	 2.08	 2	 -41.7166	  174.0234
3.963	 2.04	 6	 -42.1194	  173.6653
3.963	 2.33	 1	 -42.2848	  173.9348
3.963	 2.45	 2	 -42.2263	  173.8017
3.966	 2.70	 1	 -42.6668	  173.0081
3.966	 2.07	 2	 -42.8685	  173.1742
3.967	 2.81	 3	 -42.1816	  173.5028
3.968	 2.02	 2	 -42.2632	  173.8899
3.968	 2.17	 1	 -41.6772	  174.2342
3.970	 2.38	 1	 -42.7117	  173.2866
3.970	 2.21	 2	 -42.1659	  173.4384
3.973	 2.07	 3	 -42.4157	  173.3578
3.975	 2.13	 1	 -41.8030	  174.1680
3.978	 2.06	 2	 -41.7001	  174.3252
3.978	 2.75	 2	 -42.5101	  173.2758
3.979	 2.15	 2	 -41.9090	  174.0243
3.979	 2.41	 1	 -41.7740	  174.2140
3.981	 2.66	 2	 -41.8618	  174.0413
3.981	 2.79	 1	 -42.1285	  173.8191
3.982	 2.16	 2	 -41.8785	  173.9518
3.983	 2.96	 2	 -41.7840	  173.9929
3.984	 2.89	 1	 -42.5207	  173.1029
3.986	 2.00	 1	 -41.8011	  174.1716
3.986	 2.30	 2	 -42.3386	  173.0774
3.987	 2.03	 1	 -42.2762	  173.7359
3.988	 2.30	 2	 -42.6600	  172.8571
3.989	 3.07	 1	 -42.3821	  173.0583
3.989	 2.46	 1	 -41.7916	  174.3032
3.990	 2.08	 1	 -42.1323	  173.4826
3.990	 2.35	 2	 -41.9595	  174.4740
3.992	 2.55	 1	 -41.9761	  174.0240
3.993	 2.20	 2	 -42.6445	  173.0284
3.994	 2.01	 1	 -41.8179	  174.2691
3.997	 2.87	 2	 -41.8296	  174.1287
3.997	 2.36	 1	 -42.0982	  173.6134
3.998	 2.10	 1	 -42.5935	  172.9331
3.998	 3.00	 2	 -41.7795	  174.2848
3.998	 2.52	 2	 -41.7423	  174.1184
3.999	 2.24	 1	 -41.7087	  174.2480
3.999	 2.05	 1	 -41.9733	  173.7004
3.999	 2.23	 2	 -42.2115	  173.8678
3.999	 2.12	 1	 -42.1556	  172.7216
4.001	 3.24	 2	 -42.7110	  172.7474
4.003	 2.29	 1	 -42.6187	  172.9045
4.004	 2.23	 2	 -42.3034	  173.6197
4.005	 2.03	 1	 -41.7640	  174.3021
4.006	 2.08	 2	 -42.1862	  173.5656
4.007	 2.57	 1	 -47.1444	  172.1614
4.009	 2.28	 1	 -41.9577	  174.0705
4.010	 3.41	 1	 -41.6590	  174.3297
4.010	 2.28	 1	 -42.5318	  172.7670
4.010	 2.15	 2	 -39.4897	  174.1124
4.012	 2.01	 1	 -42.1316	  173.6180
4.013	 2.01	 1	 -43.4325	  174.4276
4.013	 3.03	 1	 -42.5927	  172.9928
4.014	 2.18	 1	 -42.4308	  174.3991
4.016	 2.48	 3	 -42.5936	  173.8507
4.016	 2.03	 2	 -43.5960	  174.2059
4.017	 2.16	 1	 -42.2511	  174.1978
4.018	 2.11	 1	 -42.5800	  172.9464
4.019	 2.39	 1	 -41.5837	  174.2842
4.020	 2.07	 1	 -42.2988	  173.6783
4.020	 2.02	 3	 -42.2305	  173.8814
4.021	 2.07	 1	 -42.4953	  172.6400
4.023	 2.06	 3	 -42.8395	  173.2510
4.024	 2.51	 1	 -41.7863	  174.2836
4.026	 2.02	 3	 -42.2044	  173.8766
4.027	 2.22	 1	 -42.4481	  173.3450
4.029	 2.20	 2	 -41.8107	  174.1378
4.030	 2.39	 1	 -42.7352	  174.1139
4.030	 2.55	 2	 -41.1912	  175.0855
4.030	 2.04	 2	 -42.1901	  174.0656
4.032	 2.08	 1	 -42.2486	  173.7650
4.033	 2.68	 3	 -42.7071	  173.0066
4.033	 2.38	 3	 -42.2543	  173.9775
4.033	 2.03	 3	 -42.3418	  174.1298
4.034	 2.06	 2	 -42.5130	  173.2838
4.035	 2.13	 1	 -41.7761	  174.3088
4.035	 2.04	 1	 -42.4493	  174.3557
4.035	 2.34	 3	 -42.2322	  173.8924
4.036	 2.39	 1	 -42.4311	  173.7688
4.036	 2.06	 1	 -42.1709	  173.5077
4.039	 2.70	 3	 -42.6982	  172.9508
4.040	 2.74	 1	 -42.3882	  173.7330
4.040	 2.26	 1	 -41.9903	  173.8207
4.040	 2.47	 1	 -41.8221	  174.0160
4.041	 2.11	 2	 -42.6750	  172.7868
4.041	 2.46	 2	 -42.3001	  174.0098
4.041	 2.15	 1	 -42.4968	  173.0744
4.042	 2.73	 1	 -42.1677	  173.5670
4.042	 2.34	 2	 -42.3963	  173.6996
4.044	 2.39	 1	 -41.7314	  174.1433
4.045	 2.84	 3	 -41.7525	  173.9590
4.046	 2.24	 2	 -41.8945	  174.1872
4.047	 2.46	 2	 -41.3827	  173.7086
4.047	 2.81	 2	 -42.2734	  173.3841
4.048	 2.22	 1	 -41.7858	  174.2414
4.048	 2.82	 3	 -42.3476	  173.7719
4.049	 3.01	 2	 -41.9331	  174.2820
4.049	 2.71	 2	 -41.6601	  173.9131
4.052	 2.19	 1	 -41.5269	  173.6532
4.053	 2.03	 1	 -42.0828	  173.7746
4.053	 3.56	 1	 -42.3734	  173.2730
4.053	 2.06	 1	 -42.4562	  173.7924
4.053	 2.04	 1	 -41.9604	  174.1388
4.055	 2.03	 1	 -41.9893	  174.0440
4.057	 2.58	 3	 -42.4855	  173.8640
4.057	 2.92	 3	 -42.5824	  173.2320
4.058	 2.23	 1	 -41.6190	  174.3390
4.060	 3.31	 1	 -41.5277	  173.9641
4.061	 2.70	 1	 -42.3717	  173.0911
4.061	 2.21	 2	 -41.7171	  173.9723
4.062	 3.85	 1	 -42.3282	  173.6379
4.062	 2.75	 1	 -41.9933	  173.9461
4.063	 2.00	 1	 -42.4491	  173.8672
4.066	 2.26	 2	 -42.2476	  173.9111
4.067	 2.03	 1	 -41.7423	  174.2730
4.068	 2.03	 2	 -42.3845	  173.4470
4.068	 2.64	 1	 -42.3119	  173.9182
4.069	 2.58	 2	 -42.3817	  173.9545
4.070	 2.70	 1	 -42.1621	  173.7680
4.071	 2.95	 3	 -41.6803	  174.3749
4.072	 2.54	 1	 -42.0525	  173.7101
4.072	 2.71	 1	 -41.7392	  174.2382
4.075	 2.25	 2	 -41.7511	  169.8584
4.076	 2.27	 2	 -42.0338	  174.2325
4.076	 2.17	 1	 -41.6647	  174.1980
4.077	 2.65	 2	 -42.4635	  173.4535
4.081	 2.37	 3	 -42.4127	  173.9032
4.082	 2.08	 1	 -42.4939	  173.6777
4.084	 2.18	 1	 -41.8025	  174.4837
4.085	 2.38	 1	 -41.8301	  174.2505
4.085	 2.14	 1	 -41.8781	  174.1406
4.087	 2.43	 4	 -41.8408	  174.4182
4.088	 2.25	 1	 -42.3521	  173.9376
4.094	 2.16	 2	 -44.6640	  178.7796
4.094	 2.65	 1	 -42.5470	  173.5952
4.095	 3.00	 1	 -41.5146	  174.3378
4.095	 2.29	 2	 -42.0463	  173.6490
4.096	 3.51	 1	 -42.2677	  173.9714
4.096	 2.37	 2	 -41.7337	  174.4387
4.096	 2.03	 1	 -42.6198	  172.8373
4.097	 2.90	 1	 -43.5518	  173.3703
4.100	 2.32	 2	 -42.1487	  173.7006
4.100	 3.11	 1	 -42.0939	  173.9629
4.101	 2.37	 1	 -41.6732	  174.2998
4.101	 2.07	 1	 -42.6067	  174.0633
4.102	 2.10	 1	 -41.7949	  174.0551
4.102	 2.67	 1	 -42.2254	  173.8841
4.103	 4.13	 2	 -42.3694	  173.2496
4.103	 2.20	 1	 -42.6974	  172.9913
4.104	 2.04	 1	 -42.3559	  173.5739
4.107	 2.01	 2	 -39.2757	  177.0108
4.107	 3.70	 1	 -42.7064	  172.7921
4.109	 2.09	 1	 -42.3275	  174.0331
4.109	 2.28	 1	 -42.3333	  173.0038
4.110	 2.55	 3	 -41.8947	  173.8196
4.111	 2.01	 1	 -42.2197	  173.6841
4.113	 2.29	 3	 -42.2472	  173.9263
4.113	 3.46	 1	 -41.9535	  174.0210
4.114	 2.41	 1	 -42.7068	  172.2008
4.114	 2.00	 1	 -41.9867	  173.7087
4.114	 2.08	 2	 -41.2094	  174.2401
4.115	 2.27	 1	 -42.2344	  173.6718
4.116	 2.60	 1	 -42.4896	  173.5308
4.118	 2.30	 1	 -41.7536	  174.2563
4.118	 2.73	 2	 -42.3520	  173.9949
4.119	 2.04	 2	 -42.3344	  173.8581
4.119	 2.32	 1	 -42.3472	  174.0008
4.119	 2.06	 3	 -42.2117	  173.8542
4.123	 3.54	 1	 -42.5798	  175.1531
4.124	 3.04	 1	 -42.8311	  172.4631
4.124	 2.18	 2	 -42.2134	  173.8777
4.124	 2.48	 1	 -42.3657	  174.0325
4.125	 2.48	 1	 -42.5106	  173.1637
4.125	 2.15	 1	 -41.9863	  173.7514
4.125	 2.84	 2	 -42.4695	  173.1237
4.125	 2.08	 1	 -41.7102	  174.2870
4.126	 2.03	 3	 -42.1982	  173.8837
4.127	 2.05	 2	 -42.0506	  172.9970
4.128	 2.30	 2	 -41.7911	  174.2247
4.128	 2.59	 1	 -42.2964	  173.6140
4.131	 3.44	 2	 -42.5637	  173.3030
4.133	 3.12	 1	 -41.9513	  173.5678
4.133	 2.46	 2	 -41.9988	  173.8351
4.134	 2.22	 1	 -41.6826	  174.2968
4.134	 2.33	 2	 -42.0363	  173.9876
4.137	 2.05	 2	 -41.8481	  174.1584
4.138	 2.05	 1	 -41.9408	  174.0380
4.139	 2.56	 1	 -42.6349	  172.7951
4.141	 2.53	 3	 -42.5368	  173.2630
4.141	 2.26	 1	 -43.4958	  172.8001
4.144	 2.39	 2	 -41.7856	  174.1586
4.145	 2.78	 2	 -42.3157	  173.6722
4.145	 2.42	 1	 -42.8483	  173.1754
4.145	 2.04	 1	 -42.5923	  172.8537
4.145	 2.19	 1	 -42.1020	  172.9331
4.146	 2.45	 1	 -41.7571	  174.3255
4.149	 2.87	 1	 -42.4573	  173.7584
4.152	 4.37	 1	 -41.9437	  174.5276
4.154	 3.20	 2	 -41.8613	  174.5933
4.155	 2.05	 1	 -42.5182	  173.7244
4.155	 2.70	 2	 -41.7374	  174.4905
4.155	 2.31	 2	 -41.8445	  173.9652
4.157	 2.52	 1	 -41.7088	  174.3338
4.158	 2.04	 1	 -42.0298	  173.7321
4.158	 2.29	 2	 -41.8778	  174.0995
4.161	 2.07	 1	 -41.5704	  173.9208
4.161	 2.35	 2	 -41.9522	  174.0392
4.162	 2.53	 2	 -41.8907	  174.1421
4.163	 2.19	 3	 -41.9316	  174.0306
4.164	 2.24	 1	 -42.1598	  173.6115
4.165	 2.78	 2	 -42.3664	  173.5639
4.168	 2.81	 2	 -41.8693	  174.1445
4.168	 2.11	 2	 -42.6709	  173.7262
4.169	 4.60	 1	 -42.4785	  172.6930
4.171	 3.57	 1	 -42.4422	  174.0688
4.171	 2.05	 1	 -42.5613	  173.0855
4.172	 2.07	 2	 -41.7859	  174.2265
4.174	 2.11	 1	 -41.7468	  174.2290
4.177	 2.20	 2	 -42.3793	  173.0584
4.178	 2.02	 1	 -42.2201	  173.6697
4.178	 2.33	 3	 -41.7398	  174.3979
4.179	 2.03	 2	 -41.7115	  174.3139
4.180	 2.36	 1	 -42.3559	  170.3084
4.181	 2.82	 1	 -42.5166	  173.0726
4.181	 2.00	 1	 -42.2674	  173.7297
4.182	 2.71	 2	 -42.1189	  173.9651
4.182	 2.41	 2	 -42.6172	  172.8536
4.183	 2.04	 1	 -41.9545	  173.7190
4.184	 2.38	 1	 -42.0756	  173.8008
4.184	 2.38	 2	 -41.1007	  175.3138
4.184	 2.26	 2	 -41.2119	  174.9671
4.187	 2.10	 2	 -42.5650	  173.3215
4.187	 2.11	 2	 -42.6855	  172.8448
4.187	 2.18	 1	 -41.8447	  174.2697
4.189	 2.31	 1	 -42.0577	  173.7510
4.190	 2.18	 2	 -41.7634	  174.0644
4.190	 2.25	 3	 -41.7845	  173.9960
4.190	 2.30	 2	 -42.2704	  173.7207
4.191	 2.88	 3	 -42.2143	  173.9363
4.191	 2.69	 2	 -41.7389	  174.2853
4.192	 3.49	 2	 -41.6756	  173.4611
4.193	 2.15	 3	 -42.1002	  173.9335
4.193	 2.19	 1	 -41.6199	  174.3470
4.193	 2.14	 1	 -42.3400	  173.4361
4.194	 2.54	 1	 -42.4039	  173.7791
4.194	 2.61	 1	 -40.7373	  172.5768
4.196	 2.17	 3	 -41.9592	  173.8040
4.196	 2.77	 2	 -42.3870	  173.0583
4.196	 2.83	 1	 -41.7452	  174.3285
4.196	 2.30	 2	 -42.3599	  173.9120
4.197	 3.08	 2	 -41.9385	  174.0156
4.197	 2.46	 3	 -41.6744	  174.4344
4.197	 2.22	 2	 -41.7052	  174.2271
4.197	 2.09	 1	 -42.4944	  173.2610
4.199	 2.51	 1	 -42.3825	  172.7635
4.200	 2.47	 2	 -42.6406	  173.0538
4.201	 2.41	 2	 -41.6209	  173.9913
4.204	 2.14	 1	 -42.5854	  172.8910
4.204	 2.46	 1	 -42.1422	  173.5848
4.206	 2.54	 1	 -42.2015	  173.5706
4.207	 2.25	 1	 -42.4833	  173.8077
4.207	 2.13	 2	 -41.7878	  174.3425
4.207	 2.12	 3	 -42.2222	  173.7504
4.207	 2.06	 1	 -41.4290	  173.6784
4.207	 2.65	 1	 -42.1689	  173.8304
4.208	 2.27	 2	 -40.7386	  172.5795
4.209	 2.06	 2	 -41.9384	  173.5321
4.212	 2.19	 1	 -41.7180	  174.2418
4.213	 2.22	 2	 -41.8833	  174.1810
4.215	 2.76	 1	 -42.5653	  173.0939
4.215	 2.07	 1	 -41.6364	  174.3284
4.215	 2.47	 1	 -42.2595	  173.6761
4.216	 2.89	 2	 -42.0805	  173.7496
4.217	 3.38	 1	 -42.1604	  173.9079
4.219	 2.62	 1	 -42.0449	  173.1012
4.220	 3.20	 2	 -41.7425	  174.2539
4.227	 2.41	 1	 -41.6029	  174.3341
4.228	 4.28	 2	 -42.4487	  172.7065
4.230	 2.14	 1	 -42.0950	  173.8054
4.235	 2.03	 2	 -42.1235	  173.5761
4.238	 2.70	 3	 -42.4117	  172.7041
4.238	 2.26	 1	 -42.3558	  173.8096
4.238	 2.25	 1	 -42.3692	  173.8611
4.239	 2.70	 2	 -42.6632	  172.9706
4.241	 2.00	 1	 -42.4049	  173.3466
4.243	 2.03	 3	 -41.8564	  174.2443
4.243	 2.16	 2	 -42.5676	  173.3135
4.243	 2.12	 2	 -41.8353	  174.2952
4.245	 2.27	 1	 -41.7551	  174.0687
4.246	 2.10	 1	 -42.4441	  173.0876
4.246	 2.47	 1	 -42.3702	  174.0071
4.248	 2.02	 2	 -42.5210	  172.8643
4.248	 2.68	 1	 -41.7153	  174.2416
4.248	 2.05	 2	 -42.1336	  173.6186
4.249	 2.14	 1	 -42.3700	  173.6673
4.250	 3.26	 1	 -42.0415	  173.7351
4.251	 2.24	 3	 -41.8499	  174.1176
4.251	 2.63	 2	 -42.6094	  172.8477
4.252	 2.09	 1	 -37.8610	  171.8893
4.254	 3.54	 1	 -42.3016	  173.6350
4.254	 2.97	 1	 -40.7574	  170.6533
4.255	 2.06	 1	 -42.0151	  173.7061
4.255	 2.20	 2	 -42.1860	  173.8646
4.255	 2.67	 4	 -42.4115	  172.7048
4.256	 2.57	 1	 -42.3282	  173.9968
4.256	 2.26	 1	 -42.9666	  173.6532
4.257	 2.18	 1	 -42.6263	  172.9200
4.258	 2.31	 1	 -42.4533	  173.1251
4.258	 2.06	 1	 -41.7381	  173.6216
4.260	 2.01	 1	 -42.2481	  171.7102
4.261	 2.53	 2	 -42.4979	  173.2285
4.263	 2.93	 1	 -42.2665	  173.6571
4.264	 2.04	 2	 -41.9192	  173.9873
4.264	 2.35	 2	 -42.7127	  175.1890
4.265	 2.74	 1	 -41.7797	  174.4755
4.266	 2.14	 3	 -42.2212	  173.9029
4.266	 2.65	 1	 -42.3895	  173.8643
4.267	 2.01	 1	 -41.7881	  174.2494
4.267	 2.16	 1	 -42.6922	  174.3034
4.270	 2.18	 1	 -42.3563	  173.1726
4.270	 2.66	 1	 -42.0617	  173.8771
4.271	 2.18	 2	 -41.4003	  174.5239
4.271	 2.07	 1	 -43.2761	  173.6289
4.272	 2.37	 3	 -42.4458	  173.1997
4.272	 2.30	 1	 -42.0127	  173.7445
4.274	 2.05	 1	 -41.6632	  174.2927
4.275	 2.20	 1	 -42.0159	  173.7447
4.277	 2.21	 2	 -42.8223	  171.6889
4.278	 2.40	 1	 -42.2066	  173.6092
4.281	 2.21	 2	 -42.4451	  173.2114
4.282	 2.23	 1	 -41.7797	  174.2395
4.283	 2.13	 3	 -42.4933	  173.3239
4.283	 2.65	 1	 -41.8694	  174.4591
4.284	 2.36	 4	 -42.4897	  173.3276
4.285	 2.05	 1	 -42.5230	  173.1070
4.286	 2.20	 1	 -41.0025	  174.2971
4.288	 2.70	 1	 -42.3773	  173.7876
4.290	 2.30	 1	 -42.0866	  172.9404
4.290	 2.01	 1	 -42.4490	  173.4087
4.293	 2.07	 1	 -42.5123	  173.2247
4.293	 2.12	 4	 -46.2698	  172.5985
4.294	 2.07	 1	 -41.6982	  174.1796
4.294	 2.59	 1	 -42.0380	  173.7282
4.296	 2.45	 1	 -41.9792	  174.0943
4.297	 3.45	 1	 -42.6489	  173.1640
4.300	 3.33	 1	 -42.5342	  173.0126
4.300	 2.26	 1	 -42.5125	  172.8450
4.300	 2.01	 1	 -42.3498	  174.1628
4.301	 2.06	 2	 -39.4943	  169.3336
4.303	 2.03	 2	 -42.5201	  173.0466
4.304	 2.33	 3	 -41.6522	  174.1887
4.306	 2.45	 2	 -42.2048	  173.9767
4.307	 3.06	 1	 -41.5557	  174.4026
4.307	 3.26	 1	 -42.2491	  173.6186
4.309	 2.14	 1	 -41.4420	  174.5399
4.309	 2.39	 2	 -42.1802	  173.7216
4.310	 2.18	 2	 -42.6847	  172.8246
4.310	 2.06	 1	 -42.3359	  172.1295
4.310	 2.16	 1	 -41.9234	  173.6719
4.310	 2.08	 2	 -42.2015	  173.9371
4.310	 2.20	 1	 -42.4386	  173.7723
4.311	 2.05	 2	 -42.1930	  174.0238
4.314	 2.25	 2	 -41.8205	  174.3282
4.315	 2.68	 2	 -41.7384	  174.2324
4.317	 2.17	 2	 -42.5975	  173.0982
4.318	 2.14	 3	 -41.7606	  174.2693
4.318	 5.08	 1	 -41.9402	  173.6862
4.319	 2.25	 1	 -42.0452	  173.7125
4.322	 2.52	 1	 -41.9714	  173.6968
4.326	 2.33	 1	 -42.5686	  173.0533
4.327	 2.21	 1	 -41.7454	  174.3124
4.329	 2.27	 2	 -41.8997	  173.7854
4.329	 4.09	 3	 -42.6184	  173.0347
4.332	 2.30	 2	 -41.9081	  173.7194
4.336	 3.47	 2	 -41.7323	  174.1926
4.336	 2.29	 2	 -42.6531	  173.6526
4.338	 2.11	 2	 -42.3282	  173.9965
4.339	 2.31	 1	 -42.6342	  173.8612
4.339	 2.11	 2	 -42.4706	  173.7904
4.340	 2.32	 2	 -41.8756	  173.6459
4.342	 2.09	 2	 -41.9480	  173.8574
4.344	 2.55	 2	 -41.8034	  174.1366
4.344	 2.38	 3	 -41.9075	  173.8150
4.345	 2.81	 2	 -42.5145	  174.4008
4.345	 2.10	 2	 -42.7096	  172.7974
4.346	 2.14	 1	 -41.7626	  174.2967
4.346	 2.53	 1	 -42.3234	  173.7647
4.346	 2.00	 1	 -42.4933	  173.7861
4.347	 2.39	 2	 -42.4442	  174.0655
4.349	 2.22	 1	 -42.7364	  173.3783
4.350	 2.50	 2	 -41.9496	  173.6683
4.352	 2.04	 2	 -42.1155	  173.4608
4.353	 2.93	 3	 -41.5719	  173.9805
4.354	 2.12	 1	 -42.3141	  173.4806
4.355	 2.22	 1	 -41.9550	  173.6947
4.355	 2.21	 2	 -41.9333	  175.0624
4.357	 2.28	 1	 -41.8549	  174.0966
4.358	 2.27	 2	 -41.9445	  173.6572
4.359	 2.40	 1	 -42.8824	  173.2276
4.361	 2.07	 3	 -41.7828	  174.2962
4.361	 2.00	 2	 -41.7602	  174.3258
4.361	 2.12	 1	 -42.5370	  172.8318
4.363	 2.74	 1	 -41.9619	  173.6718
4.363	 3.35	 3	 -41.6855	  174.3901
4.364	 2.02	 2	 -42.7935	  172.5734
4.365	 2.09	 1	 -42.4906	  173.5210
4.365	 2.04	 1	 -41.7369	  174.2548
4.366	 2.11	 2	 -41.9135	  173.9626
4.368	 2.06	 1	 -41.9065	  173.9343
4.369	 2.08	 2	 -42.4961	  173.9098
4.369	 2.10	 1	 -42.7420	  173.0100
4.370	 3.50	 3	 -42.2548	  173.8929
4.370	 2.31	 1	 -41.7048	  174.2173
4.370	 2.02	 2	 -41.7198	  174.3268
4.370	 2.08	 2	 -42.2770	  173.6656
4.371	 2.61	 2	 -42.1817	  173.7912
4.372	 2.01	 1	 -42.4394	  173.1511
4.373	 2.12	 1	 -40.5936	  167.6117
4.373	 2.04	 1	 -42.2850	  173.4877
4.373	 2.85	 1	 -42.1611	  173.5562
4.374	 2.76	 3	 -42.1994	  173.9255
4.374	 2.46	 1	 -42.5555	  173.0226
4.375	 2.82	 1	 -41.6348	  174.2925
4.377	 2.24	 1	 -42.0440	  173.2096
4.378	 2.28	 1	 -43.2205	  173.7081
4.380	 2.45	 2	 -41.9424	  173.6888
4.382	 3.94	 2	 -42.1948	  173.7618
4.382	 2.70	 1	 -41.8226	  174.2257
4.383	 2.59	 1	 -42.5852	  173.5321
4.384	 2.57	 3	 -41.8825	  173.9210
4.384	 2.20	 1	 -42.7542	  172.9747
4.385	 2.83	 1	 -42.1092	  173.3139
4.385	 2.54	 3	 -42.4506	  172.7112
4.385	 2.17	 1	 -42.9242	  173.2459
4.389	 2.20	 1	 -41.6794	  173.1069
4.390	 2.65	 1	 -42.5745	  173.3753
4.391	 2.11	 2	 -42.4663	  172.6894
4.392	 2.39	 2	 -41.7576	  174.1736
4.392	 2.14	 1	 -42.2500	  173.6893
4.393	 2.81	 2	 -41.6870	  174.3082
4.393	 2.15	 3	 -42.2586	  173.8465
4.395	 2.24	 1	 -42.5434	  173.0495
4.396	 2.85	 1	 -42.2426	  173.7214
4.397	 2.08	 1	 -41.8901	  174.0280
4.399	 2.38	 1	 -42.7186	  173.1263
4.399	 2.79	 1	 -42.2337	  173.6117
4.399	 3.07	 2	 -42.5577	  176.1368
4.400	 2.50	 3	 -42.3612	  173.2589
4.400	 2.14	 1	 -42.5622	  173.0562
4.401	 2.43	 1	 -42.0321	  174.1548
4.408	 2.26	 1	 -42.3525	  173.7523
4.409	 2.17	 1	 -41.1424	  174.6509
4.409	 2.62	 2	 -41.6114	  174.2663
4.411	 2.57	 1	 -42.2301	  173.6327
4.411	 2.17	 2	 -42.2473	  173.7949
4.411	 2.72	 1	 -42.2685	  173.5912
4.413	 3.28	 1	 -42.5792	  173.0038
4.414	 2.06	 1	 -42.4322	  173.3114
4.414	 2.12	 1	 -42.1595	  174.0106
4.415	 2.25	 1	 -41.7128	  174.3233
4.415	 2.33	 1	 -42.2618	  173.5690
4.416	 2.85	 1	 -41.8898	  173.5555
4.419	 2.20	 1	 -42.2476	  173.4477
4.419	 2.09	 1	 -42.4204	  173.5961
4.422	 2.02	 2	 -42.4431	  173.3565
4.423	 2.10	 1	 -42.3403	  173.4993
4.424	 2.43	 2	 -42.1241	  173.6024
4.425	 2.56	 2	 -42.2885	  173.4668
4.425	 2.37	 2	 -41.9522	  173.6822
4.426	 4.54	 1	 -42.8007	  172.9212
4.426	 2.57	 1	 -42.2199	  173.6773
4.427	 2.27	 1	 -41.7233	  174.3383
4.427	 2.60	 2	 -41.9342	  173.8170
4.428	 3.18	 2	 -42.7995	  172.9047
4.430	 2.05	 1	 -42.0471	  173.6082
4.431	 2.74	 1	 -42.1809	  173.6392
4.432	 2.35	 3	 -42.2336	  173.8557
4.433	 2.49	 1	 -42.0299	  172.8755
4.435	 2.72	 1	 -42.2466	  174.7352
4.436	 2.34	 2	 -41.9487	  173.6926
4.436	 2.04	 1	 -42.9892	  172.5303
4.437	 3.73	 2	 -42.5351	  173.0090
4.438	 2.90	 2	 -41.9642	  174.1417
4.438	 2.65	 2	 -42.8426	  172.0866
4.439	 2.12	 1	 -41.7447	  174.2433
4.439	 2.14	 1	 -42.4701	  174.2253
4.440	 2.12	 1	 -42.2031	  173.7142
4.441	 2.03	 3	 -41.7140	  174.3262
4.442	 2.40	 1	 -42.1061	  173.6224
4.444	 2.22	 1	 -42.8766	  172.0289
4.444	 2.01	 1	 -41.7354	  174.1871
4.444	 2.67	 1	 -42.2554	  173.4365
4.445	 2.22	 2	 -42.2370	  173.6748
4.446	 2.18	 2	 -42.7573	  172.7036
4.446	 2.90	 2	 -42.1604	  173.7344
4.447	 2.34	 1	 -42.2243	  173.7005
4.447	 2.69	 1	 -42.4145	  172.7226
4.450	 2.39	 2	 -42.6212	  173.6670
4.450	 2.30	 2	 -42.3944	  173.8416
4.452	 2.35	 1	 -42.0478	  173.7543
4.453	 2.17	 1	 -42.3523	  173.5748
4.453	 2.00	 1	 -41.8534	  174.2122
4.454	 2.16	 1	 -41.8948	  173.9558
4.455	 2.67	 2	 -41.4116	  172.3923
4.456	 2.17	 2	 -42.2741	  173.8955
4.457	 2.33	 2	 -41.9517	  173.6882
4.460	 2.09	 2	 -41.9411	  173.6794
4.461	 2.35	 1	 -42.1529	  173.6007
4.463	 2.01	 2	 -41.9805	  173.6861
4.466	 2.00	 4	 -42.7946	  173.0582
4.466	 3.20	 3	 -42.3023	  173.2510
4.469	 2.43	 1	 -41.3049	  174.8028
4.470	 2.29	 1	 -41.7942	  173.5724
4.474	 2.88	 2	 -41.7216	  174.0479
4.475	 3.63	 1	 -41.7753	  174.1689
4.477	 2.01	 1	 -43.0545	  172.3004
4.478	 2.77	 2	 -41.9538	  174.5219
4.480	 2.56	 3	 -42.2537	  173.7415
4.480	 2.04	 2	 -42.1254	  173.3107
4.480	 2.44	 2	 -42.8005	  172.9155
4.481	 2.29	 1	 -42.4819	  173.3307
4.481	 2.16	 2	 -42.3745	  173.7407
4.485	 2.43	 1	 -41.6762	  174.2159
4.485	 2.41	 1	 -42.6576	  173.0213
4.486	 2.23	 1	 -42.6585	  172.8255
4.489	 2.50	 1	 -41.8811	  173.9855
4.489	 3.90	 1	 -42.5580	  173.0543
4.491	 3.09	 3	 -42.4667	  174.1020
4.492	 2.15	 2	 -42.4674	  173.2477
4.496	 2.13	 2	 -42.2678	  173.5577
4.497	 3.48	 1	 -42.2610	  173.6389
4.500	 2.02	 1	 -42.6194	  172.9106
4.500	 3.12	 2	 -41.7365	  174.2205
4.503	 2.35	 2	 -42.2466	  173.8558
4.503	 2.46	 1	 -41.9601	  174.6144
4.505	 2.23	 2	 -42.4327	  171.8641
4.505	 2.99	 2	 -42.0555	  173.6295
4.507	 3.73	 2	 -42.5345	  173.3675
4.508	 2.66	 1	 -41.7199	  174.2713
4.510	 2.00	 4	 -42.2250	  173.6051
4.510	 3.02	 1	 -43.2516	  172.8557
4.511	 2.07	 2	 -42.4994	  173.1152
4.511	 2.11	 1	 -41.4778	  172.2196
4.512	 2.84	 1	 -42.4297	  172.6876
4.514	 2.28	 1	 -42.6176	  172.9163
4.514	 2.03	 1	 -42.2673	  173.4930
4.516	 2.06	 1	 -41.7444	  174.3304
4.518	 2.46	 1	 -42.2057	  173.3891
4.518	 2.95	 1	 -42.3401	  173.5392
4.519	 2.98	 1	 -42.5036	  173.1180
4.522	 2.26	 1	 -42.6190	  172.9225
4.523	 2.24	 1	 -41.7765	  173.8478
4.524	 2.40	 2	 -41.6491	  174.2882
4.526	 2.01	 2	 -41.9072	  173.9833
4.528	 2.39	 1	 -42.1991	  173.6119
4.533	 2.00	 2	 -42.3303	  173.5136
4.534	 2.32	 1	 -42.7242	  172.8648
4.536	 2.28	 1	 -42.4877	  173.5704
4.536	 2.83	 3	 -42.1856	  173.8875
4.537	 2.58	 1	 -42.0854	  173.6536
4.537	 2.19	 1	 -42.4551	  173.1747
4.537	 2.04	 1	 -42.4084	  173.5073
4.538	 2.12	 1	 -42.3979	  173.7037
4.539	 2.84	 2	 -42.3101	  173.8760
4.539	 3.77	 4	 -42.3769	  173.6320
4.540	 2.32	 1	 -42.4613	  173.2486
4.540	 2.28	 1	 -42.0305	  173.5647
4.542	 2.25	 1	 -42.1255	  173.6431
4.543	 2.29	 1	 -42.2465	  173.6672
4.545	 2.42	 2	 -44.0552	  168.5818
4.546	 2.11	 2	 -39.2778	  177.0034
4.547	 2.07	 2	 -41.7660	  174.0922
4.548	 2.75	 2	 -42.6637	  174.0974
4.549	 2.11	 1	 -42.6484	  173.1338
4.550	 2.70	 1	 -41.0474	  174.7061
4.552	 2.08	 4	 -42.2584	  173.8931
4.553	 2.45	 1	 -42.7456	  172.5413
4.553	 2.16	 2	 -42.8041	  172.9128
4.553	 2.23	 1	 -39.2645	  174.6359
4.555	 2.21	 2	 -42.1959	  173.8305
4.556	 2.07	 2	 -42.7299	  172.4192
4.557	 2.65	 1	 -42.1450	  174.3538
4.558	 2.39	 1	 -38.2323	  170.9356
4.558	 2.75	 2	 -42.8031	  172.9922
4.559	 2.27	 2	 -42.4063	  173.9052
4.561	 2.88	 1	 -41.6453	  174.1945
4.562	 2.16	 2	 -42.4929	  173.2038
4.562	 2.26	 1	 -42.1538	  173.5866
4.562	 2.04	 1	 -42.1983	  173.6292
4.562	 3.41	 2	 -42.6691	  172.7937
4.562	 2.03	 1	 -42.1912	  173.5910
4.563	 3.00	 1	 -41.7687	  174.2023
4.565	 2.25	 1	 -42.7013	  172.7791
4.566	 2.26	 2	 -42.3232	  173.5148
4.567	 2.39	 1	 -42.7593	  173.2342
4.568	 2.60	 1	 -42.3471	  173.8988
4.571	 2.19	 3	 -42.3705	  173.2465
4.575	 2.34	 2	 -41.6405	  174.3168
4.576	 3.14	 2	 -41.9074	  173.9801
4.579	 2.13	 3	 -42.3932	  172.6728
4.579	 3.33	 1	 -42.1734	  173.5858
4.582	 3.22	 1	 -41.9750	  173.6558
4.584	 2.18	 1	 -42.2337	  173.0315
4.585	 2.39	 3	 -42.5010	  172.8695
4.585	 2.31	 1	 -42.8142	  172.7016
4.586	 2.15	 2	 -42.0005	  173.6919
4.587	 2.17	 2	 -42.6704	  173.4718
4.587	 2.07	 1	 -41.9461	  174.0002
4.591	 3.00	 1	 -42.0519	  173.9005
4.591	 2.07	 1	 -41.9531	  174.0740
4.591	 2.55	 3	 -41.9851	  173.9720
4.593	 2.15	 1	 -42.3470	  174.0109
4.595	 2.12	 2	 -42.0385	  174.0622
4.596	 2.41	 1	 -42.3001	  173.4258
4.597	 2.40	 3	 -41.9092	  173.7178
4.598	 2.09	 1	 -42.2384	  173.6905
4.598	 2.17	 1	 -42.1866	  173.3049
4.599	 2.46	 1	 -42.3806	  173.5128
4.601	 2.79	 3	 -42.1922	  173.7857
4.601	 2.03	 2	 -41.9257	  174.1029
4.601	 2.04	 1	 -41.7750	  174.2711
4.601	 2.29	 1	 -42.9232	  172.9065
4.602	 2.17	 2	 -42.4815	  173.3697
4.602	 2.35	 2	 -42.2012	  173.8005
4.602	 2.31	 2	 -42.4374	  173.5559
4.605	 2.20	 1	 -41.7014	  174.2426
4.607	 2.53	 2	 -42.7051	  172.8103
4.607	 2.05	 1	 -42.6770	  172.7740
4.607	 2.12	 2	 -41.7384	  174.2867
4.609	 2.29	 2	 -44.1252	  174.4559
4.609	 2.71	 1	 -42.9172	  172.8758
4.611	 2.44	 1	 -41.7162	  174.2758
4.613	 2.07	 1	 -41.7013	  174.2371
4.615	 2.29	 1	 -41.7105	  174.2758
4.615	 2.03	 1	 -42.4306	  173.8008
4.616	 3.15	 1	 -41.7595	  174.2506
4.621	 2.70	 1	 -42.3333	  173.7365
4.622	 2.22	 3	 -41.8608	  174.1449
4.623	 2.87	 1	 -42.7046	  173.6814
4.623	 2.01	 1	 -42.1166	  173.6725
4.627	 2.92	 1	 -41.9839	  173.7538
4.628	 2.81	 2	 -42.5253	  173.8567
4.630	 3.43	 1	 -42.6392	  172.7781
4.631	 2.99	 2	 -41.7661	  174.1739
4.632	 2.83	 1	 -42.0168	  172.8435
4.633	 2.05	 1	 -42.5316	  173.1711
4.633	 2.35	 1	 -42.1409	  174.2140
4.634	 2.13	 1	 -42.5701	  172.8636
4.634	 2.32	 1	 -42.4095	  173.2421
4.635	 2.26	 1	 -42.2450	  174.1047
4.636	 3.09	 3	 -42.3290	  173.9021
4.637	 2.45	 1	 -42.2347	  173.6609
4.640	 2.49	 1	 -41.9102	  173.6055
4.640	 2.21	 1	 -41.7415	  174.2701
4.641	 2.52	 1	 -40.6914	  173.9198
4.644	 2.10	 1	 -42.5453	  173.9087
4.645	 3.06	 1	 -42.1821	  173.6297
4.645	 2.00	 1	 -41.6535	  174.1487
4.647	 2.45	 1	 -45.1662	  176.5495
4.647	 2.11	 1	 -42.7094	  173.1342
4.648	 2.42	 2	 -41.7788	  174.1822
4.650	 2.29	 1	 -42.0107	  173.6760
4.651	 3.16	 3	 -41.8752	  173.8465
4.651	 2.23	 2	 -42.5693	  173.0988
4.652	 2.01	 1	 -41.9896	  173.5317
4.652	 2.64	 2	 -41.9714	  173.6461
4.653	 2.59	 2	 -41.7104	  173.8951
4.654	 3.03	 2	 -41.7946	  174.2862
4.655	 2.65	 2	 -41.7636	  174.1793
4.658	 2.88	 1	 -42.4960	  173.8299
4.659	 2.33	 1	 -42.5910	  173.4692
4.660	 2.99	 1	 -41.8317	  174.1746
4.662	 2.09	 1	 -42.4154	  173.7583
4.662	 3.09	 2	 -42.6495	  172.6301
4.664	 2.30	 2	 -42.6149	  172.7713
4.665	 2.12	 1	 -41.9990	  173.7206
4.666	 2.06	 1	 -41.7735	  174.2584
4.668	 2.55	 1	 -42.3840	  173.8620
4.669	 2.00	 2	 -42.5729	  173.7682
4.670	 2.60	 1	 -42.3752	  173.9928
4.670	 2.84	 1	 -41.8656	  173.7033
4.670	 2.58	 1	 -42.3930	  175.7201
4.672	 2.52	 1	 -41.9176	  173.7470
4.673	 2.44	 1	 -41.6686	  174.2826
4.675	 2.01	 1	 -41.9933	  173.6374
4.676	 2.23	 1	 -41.7649	  174.1969
4.677	 2.20	 1	 -42.1987	  174.5008
4.679	 2.90	 4	 -42.6182	  173.0195
4.680	 2.37	 1	 -42.2243	  173.5423
4.680	 2.13	 4	 -42.1670	  173.9330
4.680	 2.62	 2	 -41.6175	  174.1468
4.681	 2.16	 2	 -41.9435	  173.6874
4.682	 2.74	 2	 -42.5801	  173.1754
4.684	 2.42	 2	 -42.8437	  173.1501
4.688	 2.90	 1	 -42.0386	  173.7289
4.692	 2.12	 3	 -41.6722	  174.0865
4.693	 2.39	 4	 -42.3608	  173.2564
4.696	 2.03	 2	 -42.1713	  173.9441
4.696	 2.76	 1	 -41.7703	  174.2584
4.697	 2.48	 1	 -41.6993	  174.3143
4.699	 2.06	 1	 -41.7712	  174.3046
4.700	 2.00	 1	 -42.3387	  173.9044
4.702	 2.26	 1	 -42.6957	  172.9213
4.703	 2.19	 1	 -42.0409	  173.7477
4.704	 2.81	 1	 -42.3835	  172.2407
4.706	 2.49	 2	 -42.2384	  173.6942
4.706	 2.47	 1	 -41.7218	  174.2706
4.707	 2.07	 3	 -42.7534	  172.8691
4.707	 2.10	 1	 -42.4624	  173.2180
4.711	 2.06	 2	 -39.1293	  176.9634
4.714	 2.03	 2	 -41.5829	  174.8651
4.715	 2.58	 2	 -42.5553	  172.8628
4.715	 2.27	 2	 -42.4321	  173.2549
4.716	 2.52	 1	 -41.9813	  173.6796
4.716	 2.04	 1	 -42.5723	  173.2465
4.721	 3.08	 1	 -41.7426	  174.3641
4.723	 2.15	 1	 -41.6809	  174.1127
4.723	 2.08	 1	 -41.7828	  174.2897
4.723	 2.36	 2	 -42.2470	  173.8037
4.723	 2.09	 1	 -42.3519	  172.9455
4.724	 3.08	 2	 -42.2222	  173.9353
4.724	 2.84	 1	 -41.9693	  174.0423
4.724	 2.26	 1	 -41.7224	  174.1730
4.725	 2.72	 1	 -41.8533	  173.9609
4.728	 2.94	 1	 -42.7319	  173.2228
4.730	 2.13	 1	 -40.8487	  174.3066
4.730	 2.29	 2	 -41.8114	  174.1106
4.731	 2.17	 2	 -42.4047	  173.9531
4.732	 2.17	 1	 -46.6533	  170.1259
4.736	 2.48	 2	 -42.1490	  173.4886
4.736	 2.01	 2	 -41.7093	  174.3097
4.736	 2.44	 1	 -42.3460	  174.0335
4.736	 2.66	 2	 -41.9991	  173.7203
4.740	 2.18	 2	 -42.6627	  172.9743
4.740	 3.21	 2	 -41.9165	  173.7204
4.743	 2.03	 1	 -41.6855	  174.2866
4.744	 2.33	 1	 -41.9807	  173.7140
4.745	 2.84	 2	 -42.2978	  173.6648
4.745	 2.20	 1	 -41.7971	  174.4014
4.745	 2.77	 2	 -42.0244	  174.0886
4.746	 2.50	 3	 -42.6536	  173.0261
4.747	 2.37	 1	 -41.7482	  174.3414
4.750	 2.21	 2	 -41.4089	  173.0474
4.752	 2.43	 1	 -42.0296	  173.7218
4.752	 3.05	 1	 -41.7729	  174.2975
4.753	 2.02	 2	 -41.7608	  174.2530
4.754	 2.24	 2	 -41.6882	  173.4943
4.754	 2.30	 1	 -44.3513	  174.4342
4.757	 2.72	 4	 -42.1449	  173.4245
4.757	 2.09	 1	 -42.3080	  173.7457
4.759	 2.43	 2	 -41.8248	  174.2180
4.760	 2.38	 2	 -42.4802	  173.6908
4.762	 2.07	 1	 -41.0869	  174.5310
4.762	 2.79	 1	 -42.1999	  173.4802
4.763	 2.20	 2	 -41.8112	  174.2966
4.764	 2.59	 2	 -41.9438	  174.5382
4.764	 2.02	 2	 -42.5096	  173.2741
4.765	 2.56	 1	 -42.5798	  172.8269
4.767	 2.18	 2	 -42.1942	  173.6186
4.768	 2.05	 1	 -42.3377	  174.5607
4.768	 2.44	 1	 -41.8162	  174.2177
4.770	 2.79	 2	 -42.4817	  172.6841
4.771	 2.01	 2	 -42.1874	  173.7856
4.775	 2.45	 1	 -42.5399	  173.1128
4.776	 2.21	 1	 -42.6847	  172.7778
4.777	 2.50	 3	 -42.3569	  173.6248
4.777	 2.19	 1	 -41.9953	  174.2640
4.778	 2.56	 1	 -41.9393	  173.6324
4.779	 2.02	 2	 -41.7728	  174.2968
4.780	 2.71	 1	 -41.6918	  174.1618
4.782	 2.36	 1	 -43.2250	  172.9706
4.785	 2.25	 1	 -41.7963	  174.2413
4.786	 2.61	 2	 -42.2714	  173.8974
4.786	 2.19	 1	 -42.5352	  173.1761
4.787	 3.74	 1	 -41.7144	  174.2484
4.789	 2.06	 2	 -41.6219	  173.9265
4.790	 2.17	 1	 -42.2462	  173.6361
4.791	 2.20	 1	 -42.1226	  174.0447
4.794	 2.11	 1	 -42.1027	  173.7485
4.794	 2.16	 3	 -42.3203	  173.8708
4.795	 2.06	 1	 -42.6189	  173.2785
4.797	 2.16	 1	 -41.8016	  174.1578
4.797	 2.78	 1	 -42.5832	  173.7924
4.799	 2.00	 1	 -41.7947	  174.2823
4.800	 2.39	 1	 -42.9091	  173.0944
4.802	 2.12	 3	 -42.1985	  173.8914
4.803	 2.52	 1	 -42.2919	  173.7095
4.803	 2.40	 1	 -43.6798	  171.4256
4.804	 2.09	 1	 -42.2945	  173.6641
4.807	 2.48	 1	 -41.7992	  174.1108
4.808	 2.54	 1	 -42.2742	  173.6183
4.809	 2.22	 1	 -41.2237	  171.0552
4.809	 2.20	 2	 -42.6249	  173.0540
4.811	 2.86	 4	 -41.8871	  173.9649
4.812	 2.11	 1	 -41.7261	  174.2696
4.822	 2.23	 1	 -41.7463	  174.2278
4.822	 2.00	 1	 -42.3085	  173.6312
4.823	 2.02	 2	 -42.2617	  173.8555
4.823	 2.01	 1	 -42.0540	  173.6844
4.828	 2.82	 1	 -41.9767	  174.0506
4.829	 2.90	 1	 -41.7955	  174.2083
4.830	 2.01	 1	 -42.0686	  173.6897
4.831	 2.32	 1	 -42.7975	  172.9041
4.832	 2.19	 2	 -42.1595	  174.3510
4.833	 3.63	 2	 -41.9259	  174.1704
4.834	 2.17	 3	 -42.2191	  173.8698
4.835	 2.30	 2	 -41.9214	  174.0426
4.835	 3.23	 1	 -42.4162	  172.8616
4.836	 2.11	 1	 -42.0692	  172.6072
4.837	 2.23	 2	 -41.7857	  174.2300
4.837	 3.80	 1	 -40.4676	  173.6206
4.838	 2.16	 1	 -42.0997	  173.8324
4.838	 2.18	 1	 -42.1065	  173.4347
4.839	 2.49	 2	 -42.4727	  173.8323
4.840	 2.06	 1	 -41.7474	  174.2744
4.840	 2.66	 3	 -41.8815	  173.7960
4.840	 2.28	 1	 -41.7023	  174.1641
4.842	 2.86	 2	 -41.9482	  173.7725
4.842	 2.39	 1	 -42.1073	  173.7196
4.842	 2.50	 1	 -42.2719	  173.6708
4.844	 3.42	 1	 -42.0144	  173.9974
4.845	 4.33	 2	 -41.9130	  173.7261
4.846	 2.43	 1	 -42.2710	  173.6280
4.846	 2.43	 3	 -42.3948	  173.4135
4.848	 2.35	 1	 -43.2114	  173.7886
4.848	 2.15	 1	 -41.7638	  174.2576
4.848	 2.20	 2	 -41.6377	  174.1662
4.849	 2.69	 1	 -42.2915	  174.0147
4.849	 2.78	 2	 -42.7118	  172.8532
4.849	 2.24	 3	 -41.5824	  174.8650
4.851	 2.76	 3	 -41.1110	  177.5785
4.851	 2.30	 1	 -43.0601	  172.8619
4.852	 2.11	 1	 -42.6130	  172.9757
4.852	 2.08	 1	 -42.6767	  172.7123
4.852	 2.10	 2	 -41.7297	  174.1877
4.853	 4.73	 1	 -42.9313	  172.8720
4.853	 3.20	 3	 -41.8976	  173.7244
4.853	 2.84	 3	 -42.7311	  172.7018
4.857	 2.09	 3	 -41.8124	  173.8020
4.858	 2.12	 2	 -41.6896	  174.1454
4.859	 2.15	 2	 -41.7657	  174.2826
4.859	 2.14	 1	 -42.6442	  173.4861
4.860	 2.14	 4	 -42.1570	  173.9366
4.860	 2.03	 2	 -42.2204	  173.6465
4.861	 2.26	 2	 -41.7393	  174.1285
4.862	 3.01	 3	 -41.6021	  173.5776
4.863	 2.54	 3	 -41.8988	  173.7707
4.863	 3.52	 1	 -42.7464	  172.8869
4.863	 2.53	 1	 -42.0201	  173.5686
4.864	 2.16	 1	 -42.5842	  173.1395
4.864	 2.10	 1	 -42.3479	  173.5641
4.868	 2.82	 1	 -42.0241	  173.9028
4.869	 3.09	 1	 -42.2080	  173.6008
4.869	 2.27	 2	 -42.6429	  172.8229
4.870	 2.07	 1	 -42.3399	  174.0423
4.872	 2.17	 1	 -41.9951	  173.7501
4.872	 2.39	 1	 -42.0368	  173.7342
4.872	 2.87	 1	 -39.3506	  173.9587
4.876	 2.38	 1	 -41.9376	  174.4780
4.877	 2.03	 1	 -42.3688	  173.5774
4.878	 3.34	 2	 -41.7349	  174.2982
4.883	 2.23	 1	 -42.6001	  173.1944
4.883	 2.08	 1	 -42.4163	  173.4501
4.884	 2.75	 1	 -42.0863	  173.7509
4.885	 2.86	 1	 -41.7092	  174.1324
4.887	 2.03	 2	 -42.0064	  174.1767
4.887	 2.20	 2	 -41.9089	  174.1568
4.890	 2.26	 1	 -41.9639	  173.7356
4.892	 2.57	 1	 -41.8775	  174.3659
4.892	 3.78	 1	 -41.7089	  174.2625
4.895	 2.90	 2	 -42.7031	  172.7973
4.896	 2.02	 4	 -42.1927	  173.8829
4.897	 2.54	 2	 -41.8792	  173.9629
4.897	 2.04	 1	 -41.7436	  174.3110
4.898	 2.78	 1	 -41.7070	  174.2457
4.898	 2.01	 2	 -40.6042	  173.5750
4.900	 2.28	 1	 -42.1859	  176.5950
4.901	 3.31	 2	 -41.7224	  173.8840
4.902	 2.05	 1	 -42.3719	  173.5271
4.903	 2.29	 1	 -42.0475	  173.5051
4.904	 2.16	 2	 -41.7775	  174.2450
4.906	 3.62	 1	 -41.9836	  173.5663
4.907	 2.71	 1	 -42.4056	  173.2268
4.907	 2.02	 2	 -40.4646	  173.6234
4.907	 2.26	 2	 -41.9792	  173.7122
4.907	 2.01	 1	 -42.4234	  173.2273
4.910	 2.55	 2	 -42.7442	  173.1294
4.911	 2.38	 1	 -42.3019	  173.3356
4.911	 2.59	 2	 -42.9645	  172.8591
4.913	 3.17	 2	 -41.9586	  173.6547
4.913	 2.27	 3	 -41.8453	  173.3223
4.916	 3.71	 1	 -41.8034	  173.5558
4.918	 2.18	 1	 -42.3371	  174.0566
4.920	 2.37	 2	 -42.4196	  174.5863
4.923	 2.01	 1	 -41.7734	  174.3240
4.924	 2.45	 3	 -41.9016	  173.7492
4.924	 2.06	 1	 -39.7709	  175.8085
4.924	 2.12	 1	 -42.4614	  172.9634
4.924	 2.30	 1	 -42.6420	  172.9313
4.925	 2.24	 1	 -43.1480	  175.2071
4.926	 2.02	 2	 -41.6935	  174.3019
4.926	 2.26	 2	 -42.7479	  172.8883
4.927	 2.39	 1	 -41.9751	  173.6808
4.927	 2.07	 2	 -41.8006	  174.2284
4.928	 2.18	 2	 -41.7634	  174.2968
4.930	 2.19	 2	 -41.7095	  174.2909
4.931	 2.24	 1	 -41.6138	  174.3400
4.932	 3.21	 2	 -41.8626	  173.8395
4.933	 2.64	 2	 -42.4367	  173.7050
4.933	 4.00	 3	 -42.2640	  173.4742
4.934	 2.03	 1	 -42.2381	  173.8753
4.936	 3.06	 3	 -41.7261	  174.3078
4.937	 3.12	 2	 -41.8018	  174.1489
4.937	 2.20	 3	 -41.7273	  174.2609
4.938	 2.37	 3	 -42.3683	  174.0922
4.939	 2.11	 2	 -43.0678	  174.2191
4.939	 3.12	 2	 -42.2027	  173.9592
4.940	 2.82	 1	 -42.5192	  173.1168
4.941	 3.12	 1	 -42.1041	  173.6879
4.941	 2.05	 1	 -42.4440	  173.1356
4.941	 2.07	 3	 -42.2066	  173.8941
4.941	 2.13	 1	 -41.7154	  174.2726
4.942	 3.05	 2	 -42.4760	  173.5029
4.945	 3.95	 2	 -42.8048	  172.8943
4.945	 2.07	 3	 -41.8564	  173.8282
4.945	 2.23	 2	 -42.0134	  173.6901
4.947	 3.34	 1	 -41.9249	  173.6196
4.948	 2.02	 1	 -42.2528	  173.8185
4.948	 3.03	 1	 -42.3683	  173.6813
4.949	 2.05	 1	 -42.6105	  173.0586
4.950	 2.02	 1	 -42.3801	  173.8615
4.951	 2.04	 3	 -42.5682	  173.3004
4.952	 2.03	 2	 -41.9137	  173.6790
4.952	 2.28	 1	 -41.7554	  174.2448
4.956	 2.24	 3	 -42.3385	  173.8524
4.956	 2.18	 2	 -41.7796	  174.2952
4.958	 3.82	 1	 -42.1479	  174.2541
4.959	 2.14	 1	 -41.8612	  174.0896
4.959	 2.07	 1	 -42.6563	  172.8609
4.962	 2.94	 2	 -41.6348	  174.3014
4.962	 2.18	 2	 -42.5449	  173.1626
4.963	 2.08	 1	 -41.6612	  174.7135
4.963	 2.23	 2	 -42.4435	  175.1452
4.965	 2.14	 1	 -43.1138	  173.3281
4.965	 2.17	 2	 -42.5382	  173.9431
4.966	 2.46	 3	 -42.4635	  173.4562
4.967	 2.01	 1	 -42.0912	  172.9232
4.968	 2.70	 2	 -41.9704	  173.9446
4.969	 2.50	 2	 -41.6660	  174.2562
4.969	 2.34	 1	 -40.5063	  172.1025
4.970	 2.32	 1	 -42.2918	  173.7648
4.970	 2.63	 1	 -42.2636	  173.6340
4.972	 2.05	 1	 -42.7815	  169.1131
4.974	 3.10	 3	 -42.1989	  173.8988
4.975	 2.27	 1	 -42.6029	  172.9304
4.976	 2.78	 4	 -42.2633	  173.4723
4.976	 2.47	 3	 -41.6058	  174.3857
4.976	 2.98	 2	 -41.6552	  174.2399
4.977	 2.24	 1	 -42.6295	  172.8762
4.979	 2.13	 2	 -42.2727	  173.6833
4.979	 2.12	 2	 -41.6826	  174.1770
4.980	 2.22	 1	 -42.3215	  173.0745
4.980	 2.33	 2	 -42.1509	  174.2550
4.980	 2.15	 1	 -41.7505	  174.1877
4.981	 2.41	 2	 -42.6297	  172.7373
4.981	 2.19	 1	 -42.1320	  173.6021
4.982	 2.19	 1	 -42.4186	  173.7213
4.983	 2.08	 2	 -42.0941	  173.3986
4.983	 2.54	 1	 -42.2906	  173.5613
4.983	 2.09	 2	 -41.7840	  173.9603
4.985	 2.47	 1	 -42.4000	  174.1315
4.985	 2.37	 2	 -41.7727	  173.9512
4.987	 2.36	 2	 -42.4653	  173.3398
4.988	 2.76	 1	 -42.6420	  173.0414
4.991	 2.29	 2	 -41.8290	  174.1168
4.992	 2.21	 1	 -42.1654	  173.7832
4.992	 2.37	 3	 -41.9809	  174.0701
4.992	 2.74	 1	 -42.5209	  173.9176
4.993	 2.32	 1	 -42.3377	  174.0783
4.994	 2.40	 2	 -44.1898	  179.2956
4.994	 2.08	 2	 -43.4165	  179.4500
4.996	 2.41	 2	 -41.6990	  174.2845
4.996	 3.37	 1	 -42.8955	  172.6797
4.997	 2.38	 1	 -42.4500	  173.1591
4.997	 3.46	 3	 -41.9184	  173.7250
4.997	 2.22	 3	 -42.2355	  173.8656
4.998	 2.01	 2	 -41.7203	  174.2963
4.998	 2.26	 2	 -42.3502	  173.8763
4.999	 2.77	 2	 -42.6675	  171.9443
4.999	 2.96	 1	 -41.9104	  173.9099
5.000	 2.12	 2	 -41.7020	  174.2169
5.005	 2.24	 1	 -42.2448	  173.0269
5.006	 2.32	 2	 -42.2747	  172.9164
5.008	 2.78	 2	 -42.1433	  174.2500
5.008	 2.71	 2	 -42.8616	  172.9432
5.011	 2.04	 1	 -41.8198	  174.2020
5.011	 2.86	 3	 -42.7980	  172.8817
5.014	 2.10	 2	 -42.6502	  172.8780
5.015	 2.62	 3	 -41.7531	  174.3590
5.016	 2.17	 2	 -42.0194	  174.4224
5.022	 2.37	 1	 -41.9708	  173.7147
5.024	 2.51	 2	 -41.9049	  173.6949
5.025	 2.38	 3	 -41.8314	  174.1113
5.026	 2.31	 3	 -42.0134	  173.8613
5.028	 2.05	 1	 -42.5052	  173.1046
5.028	 2.42	 1	 -41.6946	  174.2769
5.029	 2.40	 1	 -42.4351	  173.3290
5.029	 2.33	 2	 -42.3861	  173.6951
5.030	 2.38	 1	 -43.7525	  173.5724
5.033	 2.75	 1	 -41.7862	  174.1584
5.033	 3.48	 1	 -42.6754	  173.1468
5.034	 2.06	 2	 -42.6384	  172.7788
5.034	 3.13	 3	 -39.0537	  177.1125
5.035	 3.73	 1	 -41.9757	  173.6869
5.037	 2.08	 1	 -41.8137	  174.0726
5.040	 2.19	 2	 -42.2129	  173.6166
5.042	 2.08	 1	 -42.4006	  173.8562
5.043	 2.05	 2	 -42.1061	  173.4967
5.043	 2.02	 3	 -41.8476	  174.3153
5.045	 2.75	 1	 -42.6255	  172.9123
5.049	 2.54	 1	 -42.3339	  173.8726
5.049	 2.45	 1	 -42.6318	  173.1315
5.051	 2.10	 1	 -42.8411	  172.7747
5.052	 2.25	 2	 -42.0274	  173.6439
5.052	 2.86	 1	 -41.3797	  173.3348
5.053	 3.07	 2	 -42.7041	  172.7637
5.055	 2.48	 2	 -41.9210	  173.6147
5.060	 3.17	 2	 -41.7463	  174.2830
5.061	 2.66	 2	 -42.1562	  173.6595
5.061	 2.52	 1	 -41.7790	  174.2834
5.064	 3.01	 1	 -43.1946	  173.5547
5.067	 2.00	 2	 -42.3425	  174.4654
5.068	 2.39	 2	 -42.9229	  172.8827
5.068	 2.19	 2	 -41.7819	  174.1659
5.068	 2.24	 2	 -41.7389	  174.2256
5.069	 2.32	 2	 -42.7098	  172.9258
5.069	 3.28	 2	 -41.6559	  174.2695
5.069	 2.07	 1	 -41.6553	  174.2948
5.070	 2.73	 3	 -42.2523	  173.9331
5.070	 2.07	 2	 -42.2992	  173.9958
5.070	 2.07	 2	 -42.2559	  173.6700
5.071	 2.01	 1	 -42.3624	  173.8660
5.073	 2.34	 2	 -42.6586	  172.7862
5.074	 2.33	 1	 -42.2854	  173.5383
5.081	 2.25	 1	 -42.5903	  173.0449
5.083	 2.17	 2	 -41.6251	  174.2548
5.084	 2.11	 2	 -40.7263	  176.6188
5.084	 2.44	 1	 -43.3911	  172.6349
5.091	 2.31	 1	 -41.8387	  174.3010
5.092	 2.04	 1	 -41.6984	  174.2928
5.093	 2.01	 3	 -41.8211	  174.1398
5.094	 2.31	 1	 -41.8815	  174.0218
5.096	 3.29	 1	 -42.4769	  173.2514
5.096	 2.45	 1	 -42.3045	  173.5521
5.098	 2.27	 1	 -42.4543	  174.0850
5.100	 2.22	 2	 -42.2130	  173.9794
5.102	 2.01	 1	 -42.2178	  173.5932
5.102	 3.20	 5	 -42.2638	  173.4691
5.104	 2.69	 2	 -41.6729	  174.2220
5.105	 2.01	 2	 -41.1849	  175.0850
5.105	 2.89	 1	 -42.0799	  174.0013
5.107	 2.19	 2	 -41.9882	  173.6548
5.108	 2.67	 1	 -42.6830	  173.2368
5.109	 2.33	 1	 -42.6050	  173.0158
5.111	 2.59	 1	 -42.2838	  173.5959
5.112	 2.23	 1	 -41.8824	  174.1790
5.112	 2.03	 2	 -41.9702	  173.6780
5.115	 2.07	 5	 -42.1974	  173.6201
5.117	 3.49	 1	 -42.2499	  173.6296
5.120	 2.02	 3	 -42.2171	  173.8160
5.121	 3.07	 2	 -42.2902	  173.6301
5.121	 2.09	 3	 -41.9002	  173.8655
5.123	 2.09	 1	 -41.9361	  174.0376
5.123	 2.13	 2	 -39.0785	  179.1526
5.124	 2.36	 1	 -42.4158	  173.5542
5.125	 2.56	 1	 -42.3862	  173.6840
5.126	 2.16	 1	 -42.5160	  172.6816
5.128	 2.57	 1	 -42.2004	  173.6657
5.128	 2.45	 1	 -41.8363	  179.7462
5.130	 2.26	 2	 -42.5683	  173.2263
5.133	 2.03	 2	 -41.9685	  174.0426
5.134	 2.01	 1	 -42.2995	  173.7156
5.134	 2.52	 2	 -41.1126	  173.4059
5.138	 2.11	 1	 -42.4818	  174.0200
5.142	 2.42	 2	 -41.8600	  174.2490
5.147	 2.32	 1	 -41.7490	  174.1894
5.148	 2.76	 2	 -41.7286	  174.2182
5.148	 2.26	 1	 -41.8531	  174.1705
5.148	 2.57	 1	 -42.3561	  174.1650
5.152	 2.45	 2	 -43.0110	  172.8857
5.152	 2.54	 1	 -43.3410	  167.7811
5.153	 2.79	 1	 -41.7269	  174.3168
5.155	 2.30	 1	 -41.8507	  174.2415
5.157	 2.18	 1	 -42.4324	  173.6051
5.160	 2.66	 2	 -41.9364	  173.5938
5.161	 2.44	 2	 -42.4883	  172.9404
5.164	 2.35	 1	 -42.6142	  173.4253
5.166	 2.37	 1	 -42.1144	  173.6303
5.168	 2.20	 2	 -42.3051	  173.8018
5.168	 2.62	 1	 -42.0826	  173.6187
5.169	 2.41	 1	 -41.7959	  174.1969
5.169	 2.23	 1	 -42.5169	  173.2625
5.170	 2.06	 1	 -41.8801	  174.1320
5.172	 2.01	 4	 -41.8889	  173.8653
5.172	 2.12	 1	 -42.6769	  172.8690
5.173	 2.58	 2	 -42.4601	  172.5983
5.178	 2.14	 2	 -42.4238	  173.9080
5.178	 2.55	 5	 -41.8694	  174.1800
5.179	 2.25	 1	 -42.6121	  173.0157
5.180	 2.50	 3	 -42.2308	  173.9000
5.180	 2.06	 1	 -42.4847	  173.2880
5.183	 2.44	 2	 -42.4100	  173.6883
5.183	 2.98	 2	 -42.6311	  172.9126
5.185	 2.31	 1	 -42.2965	  173.6594
5.186	 2.08	 3	 -42.1939	  173.8075
5.187	 2.39	 1	 -42.4759	  173.1913
5.188	 2.01	 2	 -42.3863	  173.9059
5.189	 2.52	 1	 -41.6937	  174.1887
5.189	 2.19	 3	 -42.4420	  173.2203
5.192	 2.85	 3	 -41.9663	  173.8207
5.192	 2.39	 1	 -41.9958	  174.6327
5.192	 2.39	 2	 -42.2911	  173.8905
5.193	 2.16	 1	 -42.4794	  172.9929
5.193	 2.14	 2	 -41.8923	  174.1923
5.194	 2.81	 2	 -41.4242	  172.7751
5.195	 2.78	 5	 -41.7378	  174.2774
5.195	 2.70	 3	 -42.2537	  173.8274
5.196	 2.23	 5	 -42.1862	  173.7230
5.196	 2.07	 1	 -38.6891	  170.2365
5.197	 2.50	 1	 -42.2687	  173.6763
5.197	 2.15	 1	 -42.2619	  174.9378
5.197	 2.02	 3	 -41.9143	  173.7329
5.197	 2.82	 2	 -41.6347	  174.7060
5.198	 2.80	 1	 -42.7355	  172.6496
5.198	 2.42	 1	 -42.2182	  173.8807
5.201	 2.20	 1	 -42.0297	  173.7368
5.202	 2.15	 1	 -42.4926	  173.7619
5.202	 2.48	 1	 -42.4038	  173.6705
5.205	 2.51	 2	 -42.6750	  173.1483
5.206	 3.81	 1	 -42.5921	  173.8443
5.206	 2.18	 1	 -42.1513	  173.4993
5.209	 2.02	 1	 -41.7614	  174.2554
5.209	 2.17	 2	 -41.7759	  174.3451
5.210	 2.35	 2	 -41.7552	  174.2143
5.213	 2.23	 2	 -41.8904	  173.8247
5.214	 2.20	 2	 -41.9419	  174.0917
5.215	 2.23	 3	 -41.8230	  173.7714
5.216	 2.45	 1	 -42.2821	  173.7425
5.217	 2.29	 1	 -41.7404	  174.2619
5.218	 2.65	 6	 -42.2553	  173.4967
5.219	 2.83	 1	 -42.6309	  172.7943
5.220	 2.41	 3	 -41.9369	  174.0320
5.220	 2.45	 3	 -42.7963	  172.8785
5.221	 2.23	 2	 -42.3643	  173.7180
5.223	 2.64	 1	 -41.8461	  174.1953
5.223	 2.02	 2	 -42.6442	  172.7744
5.224	 2.09	 1	 -42.3643	  173.8997
5.224	 2.17	 1	 -41.7414	  174.3262
5.226	 2.14	 1	 -42.5428	  173.8009
5.226	 2.02	 1	 -41.6660	  174.3169
5.228	 2.31	 3	 -41.6446	  174.2860
5.228	 2.63	 1	 -42.5065	  172.8913
5.229	 2.11	 2	 -42.6612	  172.8887
5.232	 2.06	 2	 -41.8947	  173.5541
5.233	 2.03	 3	 -42.3745	  174.2460
5.236	 3.57	 1	 -42.3811	  173.1981
5.237	 2.51	 1	 -41.7683	  174.1992
5.238	 2.04	 2	 -41.9019	  174.2757
5.239	 2.35	 1	 -42.4543	  173.3220
5.239	 2.28	 1	 -42.6259	  172.9566
5.239	 2.38	 1	 -42.1158	  173.2043
5.240	 2.46	 2	 -41.7416	  173.8949
5.243	 2.12	 1	 -42.2916	  173.6088
5.243	 2.59	 1	 -42.0741	  173.8067
5.244	 2.07	 1	 -41.8373	  173.7956
5.246	 2.49	 1	 -42.1993	  173.6239
5.247	 2.18	 1	 -42.1261	  173.8321
5.248	 2.03	 1	 -42.2901	  173.3184
5.249	 2.06	 1	 -42.1212	  173.5659
5.249	 2.05	 1	 -41.7118	  174.4109
5.249	 2.27	 2	 -42.5685	  173.7468
5.251	 2.28	 1	 -41.9666	  173.4019
5.252	 2.99	 1	 -42.2107	  173.5916
5.252	 2.14	 3	 -41.6461	  174.2259
5.253	 2.29	 1	 -41.9860	  173.7250
5.253	 2.67	 2	 -42.3275	  173.5479
5.253	 3.05	 1	 -42.6127	  173.1083
5.255	 2.15	 1	 -42.8471	  173.1188
5.256	 2.06	 2	 -41.5027	  174.3238
5.257	 2.23	 1	 -42.1424	  173.6707
5.257	 2.26	 1	 -42.0745	  173.6707
5.258	 2.04	 1	 -42.2919	  173.9670
5.260	 2.48	 2	 -42.9388	  172.8909
5.262	 2.29	 1	 -41.8444	  174.1802
5.263	 2.88	 2	 -42.6133	  172.7643
5.264	 3.12	 2	 -41.2130	  172.1862
5.264	 2.06	 2	 -42.2395	  173.6087
5.265	 2.02	 1	 -42.4228	  173.3318
5.268	 2.78	 1	 -41.7064	  174.2446
5.268	 2.33	 1	 -41.7159	  174.2439
5.269	 2.10	 2	 -41.7094	  174.3142
5.272	 3.83	 1	 -43.9763	  168.0208
5.273	 2.51	 1	 -42.4669	  173.5493
5.273	 2.39	 1	 -42.5831	  173.7608
5.274	 2.08	 3	 -41.6345	  174.3012
5.275	 2.60	 2	 -42.5262	  173.9963
5.275	 2.26	 1	 -41.7435	  174.2747
5.275	 2.38	 1	 -42.1699	  174.0078
5.276	 2.23	 1	 -42.1460	  173.3044
5.278	 2.70	 2	 -41.9174	  173.5743
5.278	 3.49	 1	 -42.3692	  173.6058
5.279	 2.15	 1	 -42.2232	  173.8173
5.279	 2.25	 1	 -42.1981	  172.6823
5.280	 4.18	 3	 -42.2246	  173.8589
5.281	 2.84	 1	 -42.6726	  172.9140
5.282	 2.44	 1	 -41.8040	  174.8052
5.284	 2.74	 2	 -42.3962	  173.7130
5.285	 2.41	 2	 -42.5835	  172.9344
5.285	 2.38	 2	 -42.9380	  172.6880
5.286	 2.11	 3	 -41.9142	  173.9673
5.287	 2.18	 1	 -42.5340	  172.9772
5.287	 2.68	 3	 -41.9359	  173.8234
5.289	 2.13	 1	 -42.4614	  173.8426
5.290	 2.61	 3	 -41.9153	  173.7188
5.292	 2.51	 1	 -41.7772	  174.2970
5.292	 2.33	 2	 -42.2856	  173.5386
5.292	 2.32	 2	 -42.3239	  173.9962
5.295	 2.09	 1	 -41.7102	  174.3654
5.295	 2.22	 2	 -42.2834	  173.7648
5.297	 3.05	 2	 -41.7647	  174.3760
5.297	 2.38	 3	 -42.2892	  173.8155
5.299	 2.66	 2	 -42.1246	  173.5906
5.299	 2.50	 1	 -42.2405	  173.8034
5.301	 2.09	 3	 -41.9740	  173.6814
5.303	 2.36	 3	 -42.1871	  173.7430
5.308	 2.66	 2	 -42.1894	  173.8713
5.308	 2.14	 1	 -42.3268	  174.1370
5.308	 2.12	 2	 -42.8331	  172.6692
5.308	 2.20	 3	 -42.2234	  174.0399
5.309	 2.58	 1	 -42.6800	  172.8980
5.309	 2.13	 1	 -41.8528	  173.9378
5.311	 2.35	 1	 -41.8283	  174.1651
5.312	 2.25	 2	 -41.9742	  174.4383
5.313	 3.84	 2	 -41.6527	  174.2680
5.313	 2.11	 2	 -42.5198	  173.3957
5.314	 2.73	 3	 -41.6072	  174.5316
5.314	 2.25	 2	 -42.2093	  173.6228
5.314	 2.04	 2	 -39.3905	  177.1540
5.315	 2.31	 1	 -42.0340	  173.7448
5.315	 2.85	 1	 -41.9634	  173.7608
5.316	 3.50	 3	 -41.2235	  174.1645
5.317	 2.88	 1	 -42.2930	  173.8989
5.319	 2.31	 1	 -42.8241	  172.8397
5.319	 2.36	 1	 -42.1407	  172.8804
5.320	 2.10	 3	 -42.6695	  171.9413
5.322	 2.02	 1	 -42.0368	  173.8106
5.324	 2.66	 1	 -42.7129	  172.8591
5.325	 3.25	 2	 -41.7894	  173.9154
5.326	 2.76	 1	 -41.6024	  174.2225
5.329	 2.28	 2	 -41.8857	  173.9769
5.329	 2.18	 1	 -42.7914	  172.9404
5.330	 2.97	 1	 -42.0489	  173.7661
5.331	 2.45	 2	 -41.6554	  174.5349
5.332	 2.08	 1	 -41.7874	  174.2560
5.333	 2.03	 1	 -41.8105	  174.2805
5.333	 3.70	 1	 -41.2614	  173.1255
5.335	 2.41	 1	 -42.0173	  174.3633
5.336	 3.17	 2	 -41.9476	  173.6748
5.336	 3.03	 1	 -42.2991	  173.6576
5.336	 2.69	 3	 -41.7879	  174.3109
5.336	 2.24	 1	 -42.4648	  173.2670
5.337	 3.09	 1	 -42.8909	  174.2405
5.338	 2.53	 1	 -42.1402	  173.6388
5.341	 2.91	 1	 -42.6684	  172.9146
5.343	 2.12	 1	 -42.2798	  173.4458
5.346	 2.17	 4	 -42.2314	  173.8523
5.347	 2.62	 2	 -41.6860	  173.5133
5.347	 2.09	 1	 -42.7636	  172.7688
5.348	 2.08	 3	 -41.4241	  174.1050
5.350	 2.69	 1	 -42.0485	  173.7415
5.350	 2.11	 1	 -41.5129	  174.5368
5.350	 2.15	 1	 -42.3494	  173.8582
5.351	 2.67	 1	 -42.5437	  173.3324
5.353	 2.71	 2	 -43.9940	  167.9873
5.354	 2.58	 1	 -42.1428	  174.1063
5.356	 2.23	 1	 -42.3394	  173.9965
5.356	 3.90	 2	 -41.9460	  173.5994
5.357	 2.13	 2	 -42.3624	  173.0575
5.357	 2.01	 2	 -41.7337	  174.1827
5.358	 2.06	 1	 -41.7687	  174.3430
5.359	 3.59	 1	 -42.4536	  173.9545
5.361	 3.28	 1	 -42.6533	  172.8630
5.362	 2.14	 1	 -42.4410	  173.7528
5.363	 2.70	 1	 -41.6849	  174.2033
5.363	 2.24	 2	 -42.3421	  173.9728
5.364	 2.01	 1	 -42.3151	  173.4712
5.368	 3.88	 1	 -41.9502	  174.0615
5.369	 2.48	 1	 -42.2777	  173.6738
5.369	 2.22	 1	 -42.6181	  172.9780
5.373	 2.31	 2	 -42.9018	  173.0430
5.374	 2.74	 2	 -39.2775	  176.9780
5.374	 3.09	 1	 -42.8715	  173.5735
5.374	 2.45	 1	 -41.7766	  174.2962
5.375	 2.13	 2	 -42.2341	  173.7941
5.376	 3.12	 2	 -42.9479	  172.9076
5.377	 2.53	 1	 -42.4328	  172.4492
5.381	 2.24	 4	 -42.2068	  173.8699
5.384	 2.09	 3	 -41.9417	  174.5379
5.384	 3.02	 2	 -42.6473	  172.8326
5.385	 2.41	 2	 -41.7881	  174.3110
5.386	 2.30	 1	 -41.7061	  174.5156
5.387	 3.16	 1	 -42.0256	  173.7428
5.387	 2.11	 1	 -41.7865	  174.1448
5.388	 2.03	 1	 -42.2115	  173.4982
5.389	 2.43	 3	 -42.3541	  174.3611
5.391	 2.04	 1	 -42.4519	  173.7682
5.391	 2.01	 1	 -43.1822	  173.8479
5.393	 2.07	 2	 -41.6903	  174.2517
5.395	 2.99	 1	 -41.7941	  174.1469
5.395	 2.71	 1	 -42.4007	  173.3719
5.396	 3.96	 1	 -42.3681	  174.0175
5.397	 2.43	 1	 -41.8466	  173.6666
5.397	 2.23	 1	 -41.8649	  173.9193
5.400	 2.11	 1	 -41.9956	  173.2701
5.402	 2.51	 2	 -41.7732	  173.4867
5.403	 2.08	 2	 -42.1339	  173.6414
5.404	 3.00	 1	 -42.5983	  172.4711
5.408	 2.28	 1	 -42.8428	  173.3001
5.409	 2.16	 1	 -41.9764	  174.1486
5.410	 2.09	 1	 -42.3832	  173.8808
5.413	 2.13	 1	 -41.7461	  174.1531
5.415	 2.04	 2	 -41.7970	  174.3339
5.416	 2.19	 1	 -41.7724	  174.2272
5.417	 2.00	 3	 -42.1784	  173.7606
5.422	 2.27	 2	 -41.7025	  174.2410
5.424	 2.17	 1	 -41.7877	  174.1705
5.425	 2.18	 1	 -42.5415	  173.6039
5.426	 2.24	 1	 -42.0396	  173.6722
5.426	 2.06	 1	 -41.3958	  174.3896
5.426	 2.27	 2	 -42.0327	  172.8816
5.426	 2.44	 2	 -42.5566	  172.9053
5.426	 2.36	 1	 -41.7868	  174.2171
5.427	 2.93	 1	 -42.4490	  173.4291
5.428	 2.04	 1	 -42.2842	  173.5470
5.428	 2.32	 1	 -41.7956	  173.9874
5.428	 2.11	 2	 -42.5244	  173.2560
5.429	 2.01	 4	 -41.7916	  174.1696
5.429	 2.19	 1	 -41.7434	  174.5376
5.431	 2.10	 1	 -42.5293	  173.4486
5.432	 2.02	 4	 -42.2350	  173.8592
5.432	 2.12	 2	 -42.4483	  173.9541
5.432	 2.31	 4	 -42.2195	  173.8480
5.433	 2.07	 1	 -41.5146	  174.3316
5.434	 2.73	 1	 -42.7745	  172.9657
5.434	 2.42	 2	 -42.6949	  172.7781
5.436	 2.08	 2	 -42.3462	  174.1398
5.437	 2.14	 2	 -41.8482	  173.7579
5.438	 2.34	 2	 -41.9271	  173.6857
5.440	 2.14	 1	 -42.3590	  173.7096
5.441	 2.21	 1	 -42.8328	  173.1373
5.442	 2.07	 1	 -42.6327	  172.7493
5.443	 2.10	 1	 -42.7998	  173.2601
5.445	 3.32	 2	 -42.4997	  173.3096
5.446	 2.12	 1	 -41.6959	  174.3355
5.447	 3.23	 1	 -42.2064	  173.8573
5.448	 2.03	 2	 -43.5829	  173.6294
5.448	 2.07	 1	 -41.7584	  174.2190
5.448	 2.95	 1	 -42.3156	  173.6029
5.448	 3.25	 3	 -41.6505	  174.2693
5.449	 2.37	 1	 -41.9821	  173.7195
5.449	 2.11	 1	 -42.5285	  173.1620
5.449	 2.19	 2	 -42.2125	  173.7084
5.450	 3.00	 1	 -42.3058	  173.6773
5.451	 2.17	 1	 -42.2913	  173.9794
5.453	 2.11	 2	 -41.8655	  174.1930
5.453	 2.05	 1	 -42.1447	  172.9180
5.455	 2.18	 2	 -42.2372	  173.8333
5.455	 2.06	 1	 -41.9561	  173.7600
5.455	 2.69	 1	 -41.6794	  174.2497
5.459	 2.05	 2	 -42.1293	  173.4819
5.461	 2.28	 1	 -42.6666	  172.7371
5.462	 2.57	 1	 -42.7820	  172.5730
5.462	 2.43	 1	 -42.0588	  173.8212
5.463	 2.23	 1	 -41.1590	  171.4438
5.463	 3.92	 1	 -41.8230	  174.5693
5.464	 3.25	 1	 -41.7357	  174.1834
5.464	 2.03	 1	 -42.5278	  173.7924
5.465	 2.47	 1	 -42.4503	  173.1643
5.469	 3.11	 1	 -42.1833	  173.5882
5.470	 2.00	 1	 -41.7026	  174.3050
5.474	 2.10	 1	 -42.6167	  172.5443
5.476	 2.50	 3	 -41.6391	  174.2778
5.478	 2.08	 2	 -42.1978	  173.8908
5.480	 2.34	 1	 -42.0649	  173.1917
5.482	 2.11	 2	 -41.7610	  174.0108
5.483	 2.14	 1	 -41.7898	  174.2132
5.483	 2.19	 2	 -42.2634	  173.8044
5.483	 2.14	 1	 -42.8379	  173.0199
5.485	 2.73	 2	 -41.1974	  175.1051
5.487	 2.17	 1	 -42.4542	  173.1486
5.488	 2.58	 1	 -42.4247	  171.6690
5.488	 2.47	 1	 -41.9518	  174.2108
5.489	 3.64	 2	 -39.6022	  174.3257
5.489	 2.06	 2	 -42.4366	  172.6803
5.489	 2.34	 2	 -41.8569	  174.5001
5.490	 2.83	 1	 -42.6401	  173.2296
5.493	 2.59	 1	 -42.2419	  173.5956
5.493	 2.23	 1	 -42.6202	  172.3945
5.494	 2.54	 1	 -41.9430	  174.0800
5.495	 2.06	 1	 -42.3990	  173.8069
5.496	 2.29	 2	 -42.8260	  172.9577
5.497	 2.37	 1	 -42.7346	  172.8276
5.498	 2.06	 2	 -41.9866	  173.7717
5.499	 3.10	 2	 -41.9205	  174.1317
5.500	 2.27	 1	 -41.7781	  174.2304
5.500	 2.04	 1	 -41.9415	  174.0615
5.500	 2.13	 1	 -42.2578	  174.1358
5.503	 2.58	 2	 -41.9643	  174.0724
5.505	 3.11	 3	 -41.6708	  174.2639
5.505	 2.06	 1	 -42.6409	  172.8213
5.505	 2.66	 1	 -42.3043	  173.7911
5.507	 2.47	 2	 -42.1777	  173.8138
5.508	 2.15	 2	 -42.1162	  172.9399
5.509	 2.26	 2	 -41.8135	  174.0732
5.509	 2.06	 1	 -42.3962	  173.6414
5.511	 2.00	 1	 -42.5297	  173.3637
5.513	 2.30	 2	 -41.9871	  174.1606
5.513	 2.51	 2	 -41.8272	  174.3032
5.513	 2.05	 1	 -42.3208	  173.1777
5.516	 3.10	 1	 -42.1190	  173.6601
5.518	 2.33	 3	 -41.8361	  174.2783
5.520	 3.27	 2	 -42.0887	  171.6037
5.520	 2.43	 2	 -43.2271	  173.8044
5.520	 2.53	 2	 -41.8225	  174.1193
5.521	 2.22	 2	 -42.5317	  173.0100
5.522	 2.30	 1	 -42.3493	  174.0617
5.522	 2.43	 1	 -42.6527	  173.0486
5.523	 2.34	 1	 -42.5089	  173.0994
5.524	 2.29	 2	 -42.1808	  173.5880
5.524	 2.03	 2	 -41.8806	  174.0056
5.525	 2.08	 3	 -41.8984	  174.1240
5.529	 2.23	 2	 -42.2298	  173.6485
5.530	 3.17	 1	 -41.8371	  174.3576
5.530	 2.77	 1	 -42.6801	  173.3425
5.530	 2.01	 1	 -42.2825	  173.7586
5.530	 2.01	 1	 -42.4920	  173.0906
5.530	 2.14	 1	 -41.8136	  174.1698
5.531	 2.02	 1	 -42.4365	  173.1424
5.531	 2.49	 2	 -42.2385	  173.6164
5.532	 4.08	 2	 -42.8984	  172.8112
5.532	 2.23	 1	 -41.7014	  174.2794
5.532	 2.10	 2	 -41.8442	  173.7914
5.535	 2.08	 2	 -41.6450	  174.0925
5.536	 3.08	 1	 -42.0466	  174.0305
5.538	 2.29	 2	 -41.8969	  173.4601
5.539	 3.07	 1	 -42.0160	  173.5309
5.542	 2.34	 2	 -42.0889	  173.6835
5.543	 2.02	 2	 -41.8238	  174.1674
5.543	 2.72	 1	 -42.2554	  173.8451
5.544	 2.03	 1	 -41.9364	  173.6825
5.544	 2.40	 2	 -42.6685	  172.8773
5.545	 2.01	 1	 -42.3742	  173.0134
5.548	 2.30	 5	 -41.8514	  173.9973
5.548	 2.95	 1	 -42.3379	  173.4883
5.550	 2.70	 2	 -42.6519	  172.7942
5.553	 2.07	 2	 -42.1142	  173.4562
5.554	 2.11	 1	 -42.2317	  173.6370
5.555	 2.40	 2	 -42.3754	  173.7357
5.555	 2.71	 2	 -42.4918	  173.1919
5.557	 3.50	 1	 -42.2893	  173.4292
5.558	 2.52	 2	 -41.7055	  174.4135
5.561	 2.08	 1	 -41.7699	  174.2923
5.563	 2.60	 2	 -42.0679	  172.6107
5.563	 2.59	 1	 -42.3671	  173.6522
5.563	 2.19	 1	 -42.5684	  173.0495
5.564	 2.42	 1	 -41.9559	  173.8003
5.565	 2.33	 3	 -42.4107	  173.8174
5.568	 2.62	 4	 -41.8503	  173.8981
5.569	 2.02	 2	 -42.5423	  173.1922
5.569	 2.48	 2	 -37.5372	  172.9012
5.574	 2.64	 2	 -41.9683	  173.9553
5.575	 2.31	 2	 -42.3551	  173.7469
5.575	 2.13	 1	 -42.6495	  173.0022
5.576	 2.01	 2	 -42.1800	  173.8444
5.577	 2.22	 2	 -42.3876	  173.5692
5.579	 2.82	 2	 -39.2577	  176.9523
5.579	 2.22	 1	 -41.7961	  174.2536
5.580	 2.06	 1	 -41.7089	  174.1326
5.581	 2.63	 2	 -42.0305	  173.6426
5.583	 2.66	 1	 -42.3935	  173.7461
5.583	 2.26	 1	 -42.4290	  173.9095
5.586	 2.75	 1	 -41.7173	  174.4277
5.586	 2.08	 2	 -42.3169	  173.2465
5.586	 2.47	 1	 -42.6863	  172.9562
5.586	 2.84	 3	 -41.6353	  173.9953
5.588	 2.93	 2	 -42.5897	  173.6082
5.589	 2.20	 3	 -41.9666	  174.0451
5.589	 2.17	 1	 -42.3903	  173.8143
5.590	 2.78	 1	 -42.1625	  173.5332
5.591	 2.35	 3	 -41.8761	  173.9835
5.593	 2.08	 1	 -42.3197	  173.7964
5.593	 2.79	 1	 -41.6263	  174.3158
5.594	 3.89	 2	 -42.4748	  173.5097
5.594	 2.73	 1	 -42.4660	  173.0536
5.595	 2.45	 1	 -43.7382	  176.2607
5.599	 2.99	 2	 -42.0982	  173.4377
5.599	 2.09	 1	 -42.4006	  174.4099
5.599	 2.17	 1	 -42.3638	  173.5484
5.599	 2.78	 1	 -42.2222	  173.5735
5.600	 2.31	 2	 -42.6743	  173.6538
5.603	 2.78	 1	 -42.2982	  174.1208
5.604	 2.91	 1	 -42.2847	  174.0377
5.605	 3.10	 1	 -42.1363	  173.5608
5.606	 2.63	 1	 -42.3280	  173.4799
5.607	 2.39	 2	 -42.5071	  173.1564
5.607	 2.13	 4	 -42.0393	  173.7272
5.609	 3.35	 1	 -41.9387	  173.6802
5.611	 2.72	 1	 -42.2830	  173.6242
5.612	 2.73	 3	 -42.1757	  173.8589
5.613	 2.08	 1	 -41.8732	  173.8831
5.614	 2.03	 1	 -42.2461	  173.6055
5.614	 2.45	 2	 -41.8852	  173.8916
5.615	 2.18	 1	 -41.8136	  174.2285
5.617	 3.06	 1	 -42.3529	  173.6507
5.617	 2.07	 1	 -41.7213	  174.2410
5.618	 3.33	 2	 -41.5962	  174.3943
5.621	 2.30	 1	 -42.4582	  173.1770
5.621	 2.80	 1	 -42.9099	  173.0664
5.622	 2.57	 1	 -42.6013	  173.1343
5.625	 2.41	 3	 -41.8585	  173.8399
5.627	 2.32	 2	 -41.6499	  174.2004
5.630	 2.36	 1	 -42.1495	  173.5641
5.631	 2.06	 3	 -42.2568	  173.8467
5.633	 2.52	 3	 -42.1730	  173.2322
5.634	 2.22	 1	 -42.1815	  173.6846
5.634	 2.35	 2	 -42.2921	  174.1265
5.635	 2.02	 2	 -42.4406	  173.1052
5.636	 2.20	 2	 -42.0461	  174.0295
5.637	 2.22	 1	 -42.5713	  173.0824
5.638	 2.51	 2	 -42.1045	  173.9313
5.642	 2.24	 1	 -42.4944	  173.8159
5.643	 2.33	 2	 -42.4087	  173.1739
5.644	 2.54	 1	 -42.5366	  173.0691
5.645	 2.73	 1	 -42.1650	  173.5785
5.646	 2.31	 1	 -42.2405	  173.7056
5.647	 2.19	 2	 -41.8566	  174.6185
5.649	 2.76	 2	 -41.1630	  175.1249
5.650	 2.82	 1	 -41.7669	  174.2912
5.650	 2.35	 1	 -42.0861	  174.1470
5.654	 2.22	 1	 -41.6806	  174.2280
5.654	 2.56	 1	 -42.0036	  174.2136
5.655	 2.16	 3	 -41.7453	  174.2769
5.656	 3.06	 2	 -41.9534	  174.0685
5.659	 2.06	 1	 -42.6818	  172.7025
5.662	 3.32	 3	 -42.5676	  173.0979
5.663	 2.96	 1	 -41.7424	  174.3226
5.664	 2.23	 1	 -42.4233	  173.0113
5.667	 2.02	 1	 -42.2353	  173.6117
5.669	 3.12	 2	 -42.6784	  173.6650
5.669	 2.45	 2	 -41.9132	  174.0922
5.670	 2.33	 1	 -41.7561	  174.3239
5.674	 2.36	 2	 -42.5466	  173.3640
5.677	 2.60	 3	 -42.2451	  173.6019
5.677	 2.09	 1	 -38.0670	  173.4201
5.677	 2.82	 1	 -42.2269	  173.8663
5.678	 2.06	 1	 -41.6912	  174.2526
5.678	 2.13	 2	 -42.0281	  173.7378
5.682	 2.19	 1	 -42.5035	  173.0841
5.683	 2.40	 2	 -42.2833	  173.1311
5.683	 2.09	 1	 -42.9310	  173.1355
5.687	 3.74	 2	 -41.4870	  174.6178
5.689	 2.30	 1	 -42.3225	  173.7265
5.689	 2.06	 2	 -42.2988	  173.8566
5.689	 2.02	 1	 -41.7861	  174.1299
5.690	 2.14	 1	 -42.0883	  173.3698
5.691	 2.50	 2	 -42.0301	  173.7339
5.693	 2.17	 1	 -41.7695	  174.2663
5.693	 2.61	 1	 -42.3950	  172.8540
5.702	 3.91	 1	 -42.6878	  172.8094
5.703	 4.41	 1	 -42.3468	  173.4951
5.703	 2.66	 3	 -42.2635	  173.8173
5.704	 2.17	 1	 -42.1192	  173.6657
5.706	 3.28	 3	 -41.8651	  173.8924
5.707	 2.66	 2	 -42.6787	  172.8317
5.710	 2.09	 1	 -42.4118	  173.5115
5.711	 2.08	 3	 -42.2366	  173.6755
5.712	 3.15	 2	 -42.8949	  171.7242
5.715	 2.04	 3	 -41.8288	  174.1189
5.715	 2.06	 3	 -42.3158	  173.0427
5.715	 2.00	 3	 -42.2327	  173.5698
5.716	 2.35	 1	 -42.3904	  174.0563
5.716	 2.49	 2	 -42.3118	  173.8498
5.719	 2.01	 1	 -42.6257	  173.0003
5.719	 2.13	 2	 -41.9594	  173.6892
5.719	 2.98	 3	 -42.1503	  174.2766
5.720	 2.02	 1	 -42.5363	  173.3179
5.720	 2.04	 1	 -42.2377	  173.6452
5.720	 2.69	 1	 -41.8748	  179.0379
5.721	 2.33	 2	 -42.2858	  173.6909
5.722	 2.16	 3	 -42.2101	  173.8123
5.722	 2.01	 3	 -41.8852	  173.7039
5.722	 3.89	 2	 -41.6778	  174.3239
5.729	 2.10	 2	 -42.9511	  172.8125
5.730	 2.33	 3	 -41.8620	  173.8699
5.731	 2.12	 3	 -41.7443	  174.2529
5.731	 2.65	 1	 -41.9005	  172.9079
5.731	 2.05	 1	 -42.1787	  173.5770
5.732	 2.48	 2	 -42.2622	  173.8209
5.733	 2.13	 2	 -42.5744	  173.3121
5.734	 2.91	 2	 -41.6646	  174.2402
5.736	 2.18	 2	 -42.1082	  173.4198
5.737	 2.18	 1	 -42.5672	  173.3410
5.739	 2.04	 1	 -42.4625	  173.8476
5.741	 2.02	 1	 -41.6849	  174.1883
5.742	 2.33	 2	 -41.9638	  173.7644
5.744	 2.59	 1	 -42.3059	  173.7254
5.745	 2.09	 3	 -42.1451	  174.8393
5.746	 2.25	 2	 -42.4824	  173.1849
5.750	 2.11	 2	 -42.3452	  173.5040
5.750	 2.33	 2	 -42.6301	  172.9606
5.753	 2.16	 1	 -42.6410	  173.1605
5.754	 2.41	 3	 -41.9642	  173.7864
5.754	 2.39	 2	 -41.9140	  173.5965
5.758	 2.08	 1	 -42.5461	  173.8086
5.758	 2.98	 1	 -42.3419	  174.1815
5.759	 2.38	 1	 -41.7321	  174.1339
5.759	 2.06	 2	 -41.1007	  174.9716
5.759	 2.35	 3	 -41.4771	  174.6318
5.760	 2.08	 2	 -41.6208	  174.2153
5.761	 2.42	 2	 -43.1383	  172.9331
5.764	 2.08	 1	 -41.7577	  174.3609
5.765	 3.34	 1	 -42.4230	  173.3611
5.768	 3.48	 2	 -41.8579	  174.1291
5.772	 2.36	 2	 -42.3353	  174.1798
5.774	 2.06	 2	 -41.8353	  174.2166
5.774	 2.16	 2	 -41.7368	  174.3117
5.774	 2.19	 2	 -41.8587	  173.9448
5.775	 2.05	 1	 -42.4376	  173.0836
5.778	 2.06	 1	 -42.2759	  174.0690
5.779	 2.67	 1	 -42.1923	  173.7020
5.779	 2.05	 3	 -41.6492	  174.3023
5.779	 2.17	 1	 -41.8329	  174.2261
5.780	 2.62	 2	 -42.5085	  173.3264
5.783	 2.49	 1	 -40.2900	  177.2862
5.784	 3.00	 2	 -42.8190	  174.1233
5.795	 2.21	 3	 -41.6690	  174.5436
5.796	 2.62	 2	 -42.2962	  173.4880
5.797	 2.05	 1	 -42.5795	  172.4109
5.798	 3.50	 1	 -41.6938	  174.3667
5.798	 2.35	 2	 -42.4960	  173.2303
5.798	 2.00	 1	 -42.6261	  172.8477
5.799	 3.60	 1	 -42.8409	  173.1005
5.803	 2.58	 1	 -41.6732	  174.1213
5.803	 2.12	 1	 -42.1884	  173.6589
5.803	 2.21	 1	 -42.5328	  173.3026
5.804	 3.09	 1	 -41.7411	  174.7119
5.806	 2.12	 1	 -41.7319	  174.2820
5.806	 3.56	 1	 -41.6897	  174.2874
5.807	 2.27	 3	 -41.9447	  173.8873
5.809	 2.15	 1	 -41.6904	  174.2744
5.810	 2.12	 1	 -41.9739	  173.6839
5.816	 2.04	 1	 -42.2663	  173.6023
5.817	 2.00	 2	 -42.3450	  173.4971
5.821	 2.03	 1	 -42.8930	  173.0809
5.821	 2.32	 2	 -42.6362	  170.1111
5.822	 2.59	 1	 -42.5387	  173.1924
5.823	 2.29	 1	 -41.7744	  174.2721
5.823	 3.00	 1	 -42.7984	  172.9484
5.824	 2.23	 1	 -42.4361	  173.4295
5.828	 2.99	 2	 -41.9591	  173.6728
5.828	 2.23	 3	 -42.3634	  174.2822
5.828	 2.15	 3	 -42.5656	  173.3227
5.829	 2.24	 1	 -42.6737	  172.6351
5.830	 2.94	 1	 -42.0673	  174.5059
5.832	 2.80	 2	 -41.2694	  172.5131
5.832	 2.46	 1	 -41.7761	  174.3646
5.833	 2.02	 1	 -42.9885	  173.0573
5.834	 2.04	 1	 -42.6517	  173.2251
5.835	 2.26	 3	 -41.6919	  174.3751
5.835	 2.74	 1	 -42.2976	  173.9826
5.836	 2.43	 2	 -41.6543	  174.3435
5.837	 2.45	 1	 -41.7621	  174.1950
5.837	 2.21	 2	 -42.4186	  173.1201
5.837	 2.15	 1	 -42.2518	  173.6536
5.838	 2.14	 1	 -41.9678	  174.0794
5.840	 2.33	 2	 -42.1508	  173.7556
5.841	 2.86	 2	 -42.3071	  174.0735
5.841	 2.88	 1	 -42.0367	  173.5302
5.841	 2.46	 3	 -41.6524	  174.2630
5.842	 3.21	 1	 -41.8120	  174.2544
5.844	 2.38	 2	 -41.5146	  174.2523
5.844	 2.19	 2	 -41.8908	  174.1079
5.845	 2.65	 3	 -41.9216	  174.0766
5.845	 2.00	 3	 -42.2952	  173.9377
5.848	 2.74	 2	 -42.2908	  173.9883
5.853	 2.07	 2	 -42.3447	  173.5222
5.853	 2.28	 1	 -42.7554	  173.4063
5.857	 2.18	 2	 -42.2528	  173.8427
5.863	 2.71	 1	 -42.1238	  173.8555
5.864	 3.31	 1	 -41.7921	  174.2523
5.866	 2.41	 2	 -42.5504	  173.2599
5.867	 3.54	 2	 -40.9743	  174.8888
5.868	 3.49	 3	 -42.8815	  172.8024
5.869	 2.35	 1	 -42.5629	  173.0577
5.870	 2.04	 2	 -42.5469	  173.4205
5.871	 2.02	 1	 -42.1457	  173.5961
5.872	 2.28	 2	 -42.1673	  173.9926
5.875	 2.57	 2	 -42.2339	  173.8306
5.875	 2.24	 1	 -42.2900	  173.6606
5.879	 2.78	 1	 -42.6872	  173.0459
5.879	 2.23	 2	 -42.3870	  173.0724
5.882	 2.00	 2	 -42.3321	  173.9617
5.883	 3.93	 1	 -42.3616	  173.8142
5.884	 2.06	 2	 -42.9490	  173.3359
5.884	 2.27	 1	 -41.8639	  173.9098
5.886	 2.24	 1	 -42.0806	  173.9878
5.886	 2.37	 5	 -41.8866	  173.9662
5.887	 2.47	 1	 -42.2033	  173.4935
5.889	 2.34	 1	 -42.4793	  172.9710
5.889	 2.27	 1	 -42.5002	  173.1762
5.890	 2.01	 3	 -41.7162	  174.2156
5.892	 2.15	 2	 -41.9212	  173.7238
5.893	 3.01	 2	 -41.9660	  173.6822
5.894	 2.07	 2	 -42.5427	  173.1823
5.894	 2.42	 2	 -42.3363	  173.6129
5.895	 2.21	 1	 -42.4446	  173.7692
5.896	 2.03	 2	 -41.7003	  174.2274
5.903	 2.91	 2	 -42.8559	  172.8624
5.905	 2.40	 1	 -42.2574	  173.7281
5.905	 2.66	 1	 -42.5208	  173.0322
5.908	 2.04	 1	 -42.5689	  174.0172
5.909	 2.25	 1	 -41.7303	  174.1954
5.909	 2.69	 2	 -42.2986	  173.7155
5.910	 2.44	 2	 -42.6639	  172.7786
5.910	 3.02	 1	 -42.0155	  173.7893
5.911	 2.21	 1	 -42.5163	  173.1870
5.913	 2.02	 1	 -41.9925	  173.8333
5.914	 2.55	 1	 -41.7655	  174.2801
5.915	 2.04	 3	 -42.4814	  173.1849
5.915	 2.20	 1	 -42.7052	  172.6713
5.915	 2.25	 2	 -42.3222	  173.7264
5.916	 2.01	 2	 -42.3742	  173.8933
5.917	 2.10	 1	 -42.2353	  173.6681
5.917	 2.23	 1	 -41.8369	  174.2041
5.917	 3.49	 1	 -41.7972	  174.2193
5.917	 2.62	 1	 -42.3115	  174.0603
5.919	 3.43	 2	 -42.6095	  173.9806
5.922	 2.12	 1	 -41.6960	  174.1772
5.925	 2.30	 1	 -42.7303	  174.0834
5.926	 2.55	 3	 -40.9759	  174.8903
5.929	 2.15	 3	 -41.9627	  173.6443
5.929	 2.39	 1	 -42.5850	  173.8370
5.930	 2.26	 2	 -42.2077	  173.5896
5.930	 2.39	 1	 -42.1992	  173.6935
5.931	 2.01	 3	 -42.9001	  172.8181
5.931	 2.23	 1	 -41.9753	  173.9162
5.932	 2.69	 2	 -42.6839	  172.9744
5.932	 2.13	 1	 -42.0634	  173.6069
5.932	 2.26	 1	 -42.4001	  173.1203
5.933	 2.27	 1	 -41.7278	  174.3376
5.933	 2.40	 1	 -41.6457	  174.3287
5.934	 2.12	 1	 -42.7124	  172.7576
5.935	 2.55	 1	 -42.6429	  172.7953
5.936	 2.51	 3	 -42.5409	  173.3584
5.936	 2.14	 1	 -42.5389	  173.6763
5.937	 2.02	 2	 -40.4717	  173.6223
5.937	 2.17	 1	 -42.0060	  173.9058
5.940	 2.55	 1	 -42.1037	  173.7933
5.941	 2.03	 2	 -42.4158	  173.3123
5.943	 2.26	 3	 -42.3745	  173.4039
5.945	 2.37	 2	 -42.6534	  173.8494
5.945	 2.09	 2	 -42.2410	  173.3890
5.945	 2.12	 2	 -42.1458	  173.7876
5.949	 4.13	 1	 -42.7429	  171.1006
5.951	 2.42	 1	 -42.2190	  173.6945
5.954	 2.08	 3	 -42.3940	  172.7942
5.955	 2.23	 1	 -42.4903	  173.1116
5.955	 2.82	 1	 -42.5462	  173.1729
5.961	 2.02	 2	 -42.2636	  173.2896
5.962	 3.34	 2	 -41.9296	  174.0790
5.962	 2.04	 1	 -44.1415	  167.2306
5.963	 3.33	 1	 -42.1491	  173.7399
5.965	 2.14	 2	 -42.2837	  173.5742
5.966	 2.02	 1	 -42.1571	  173.7707
5.969	 2.52	 1	 -41.5140	  173.6530
5.969	 2.08	 1	 -42.5420	  174.0827
5.969	 2.01	 2	 -42.3310	  173.6851
5.969	 3.54	 1	 -42.3526	  173.6685
5.971	 2.15	 1	 -41.8389	  173.1592
5.975	 2.92	 2	 -42.5457	  173.2868
5.975	 2.15	 1	 -41.7898	  174.0792
5.976	 3.18	 1	 -41.7897	  174.2200
5.976	 2.88	 2	 -41.8892	  174.1682
5.977	 2.03	 1	 -41.9477	  174.3612
5.980	 2.09	 1	 -42.5524	  173.7934
5.983	 2.18	 1	 -42.2298	  173.6822
5.984	 2.21	 2	 -41.7689	  174.2898
5.985	 2.62	 1	 -41.5982	  174.2931
5.986	 2.06	 1	 -42.1300	  173.8517
5.987	 2.89	 1	 -41.7565	  174.3594
5.988	 2.84	 1	 -42.4943	  173.1857
5.988	 3.55	 1	 -42.4903	  173.2825
5.990	 2.58	 1	 -42.3946	  173.7715
5.990	 2.06	 1	 -41.9933	  173.9710
5.992	 2.18	 1	 -42.0704	  174.5454
5.997	 2.50	 1	 -42.1200	  174.1271
5.998	 2.16	 2	 -41.7957	  174.5835
5.999	 2.50	 3	 -42.5828	  173.3337
5.999	 3.12	 3	 -42.6437	  172.9344
6.001	 2.41	 1	 -42.3960	  173.5719
6.004	 2.72	 1	 -42.0119	  173.6593
6.008	 2.06	 1	 -41.7693	  174.3396
6.009	 2.10	 2	 -41.2609	  173.1255
6.009	 2.30	 1	 -41.7218	  174.1691
6.009	 2.22	 1	 -42.3226	  174.8933
6.010	 2.79	 1	 -41.9325	  173.6908
6.011	 2.19	 2	 -41.6524	  173.9372
6.012	 2.06	 2	 -42.9339	  173.2698
6.012	 2.34	 2	 -42.3144	  173.3063
6.013	 2.75	 2	 -41.8158	  174.0551
6.013	 2.20	 1	 -42.6131	  172.8858
6.013	 2.05	 3	 -41.7172	  174.2614
6.014	 2.61	 2	 -42.5655	  172.8101
6.016	 2.55	 1	 -42.1273	  173.8123
6.017	 2.70	 2	 -41.7847	  174.1868
6.017	 2.54	 1	 -41.7342	  174.2392
6.017	 2.02	 1	 -42.8484	  173.0567
6.019	 2.53	 1	 -41.7034	  174.1715
6.020	 2.00	 1	 -41.6161	  174.5154
6.020	 2.02	 3	 -42.0261	  174.1170
6.020	 2.74	 3	 -42.4715	  173.5125
6.023	 2.15	 1	 -41.7893	  174.2101
6.025	 2.13	 2	 -42.4464	  174.0623
6.026	 2.27	 1	 -42.2948	  173.8149
6.026	 2.16	 2	 -42.0057	  174.0442
6.027	 2.77	 1	 -41.9973	  173.6525
6.031	 2.99	 1	 -41.9011	  173.6866
6.033	 2.06	 1	 -42.5655	  172.8355
6.034	 2.50	 3	 -42.6859	  173.3115
6.037	 2.02	 1	 -42.2545	  173.7120
6.039	 2.02	 1	 -42.2761	  173.6380
6.040	 2.45	 1	 -44.1772	  174.0600
6.041	 2.12	 5	 -42.2072	  173.5960
6.041	 2.05	 1	 -42.6335	  172.7214
6.042	 2.85	 2	 -41.2580	  173.1296
6.043	 2.07	 1	 -41.9424	  173.9712
6.045	 2.18	 3	 -41.6701	  174.2592
6.046	 3.02	 1	 -42.5505	  173.2240
6.046	 2.35	 1	 -42.5801	  173.1470
6.047	 2.41	 1	 -42.3849	  173.5715
6.048	 2.19	 1	 -42.4489	  173.2486
6.049	 2.16	 1	 -42.5405	  173.1944
6.049	 2.72	 2	 -42.3341	  173.5213
6.049	 2.07	 1	 -42.1989	  173.6619
6.064	 2.33	 2	 -41.8391	  173.1597
6.066	 2.76	 1	 -41.7716	  173.9780
6.071	 2.03	 4	 -42.1649	  174.2709
6.072	 2.22	 1	 -42.0656	  173.7230
6.072	 2.74	 1	 -42.1568	  173.6129
6.075	 2.10	 1	 -41.7233	  174.2852
6.076	 2.82	 1	 -41.8983	  174.6541
6.077	 2.07	 2	 -41.6127	  174.1172
6.078	 2.21	 1	 -42.3902	  173.7579
6.078	 2.34	 2	 -42.9850	  172.6165
6.081	 2.48	 2	 -42.2341	  173.8486
6.089	 2.83	 1	 -42.3786	  173.9132
6.091	 2.57	 2	 -42.6079	  173.0278
6.092	 2.01	 2	 -41.6966	  172.2985
6.093	 2.30	 1	 -42.7163	  172.9678
6.093	 2.15	 2	 -42.1404	  173.6075
6.095	 2.25	 3	 -42.4620	  173.0974
6.098	 2.20	 1	 -41.9688	  173.7748
6.099	 2.09	 1	 -41.8813	  173.9381
6.099	 2.36	 1	 -42.2702	  173.5980
6.099	 2.08	 1	 -42.5061	  173.1427
6.100	 2.83	 1	 -42.8873	  172.4315
6.102	 2.45	 1	 -42.2415	  173.6789
6.102	 2.34	 1	 -41.5722	  175.8231
6.104	 2.11	 1	 -42.4291	  173.7195
6.107	 2.06	 1	 -42.7064	  172.7786
6.107	 2.15	 2	 -41.0836	  173.8501
6.112	 2.10	 2	 -42.4202	  174.0794
6.112	 2.47	 1	 -41.8889	  173.0619
6.114	 2.66	 2	 -42.2724	  173.6520
6.115	 2.53	 1	 -42.2991	  173.8857
6.115	 2.01	 1	 -41.9156	  174.3536
6.118	 2.33	 3	 -42.8187	  173.0172
6.123	 2.37	 1	 -43.0728	  172.8896
6.123	 2.07	 1	 -41.1823	  174.3201
6.125	 2.71	 1	 -41.7245	  174.2851
6.129	 2.45	 3	 -40.9864	  174.8664
6.131	 2.83	 1	 -42.2418	  173.8900
6.132	 2.51	 1	 -42.3604	  173.0399
6.134	 2.53	 1	 -43.1604	  172.2815
6.135	 2.05	 1	 -42.7250	  172.8285
6.136	 2.05	 1	 -41.6244	  174.1368
6.141	 2.88	 1	 -42.4294	  173.8233
6.142	 2.15	 1	 -42.3826	  173.8743
6.144	 2.59	 2	 -42.5672	  172.8011
6.150	 3.01	 1	 -42.3115	  173.4752
6.152	 2.39	 1	 -42.1325	  173.4961
6.153	 2.06	 3	 -42.7995	  174.1295
6.153	 2.33	 2	 -42.2826	  173.4467
6.153	 2.41	 1	 -42.6387	  172.8812
6.154	 2.40	 3	 -41.7087	  174.3451
6.154	 2.48	 1	 -41.8184	  174.1918
6.156	 2.85	 1	 -41.6985	  174.2206
6.157	 2.70	 1	 -42.3303	  173.8144
6.159	 2.19	 2	 -38.7830	  175.9086
6.161	 4.23	 1	 -42.7736	  173.2513
6.165	 2.21	 1	 -42.3095	  173.7681
6.166	 3.10	 1	 -43.6300	  172.9950
6.168	 3.16	 2	 -41.1799	  175.0710
6.169	 2.30	 2	 -41.9302	  173.9032
6.171	 2.10	 1	 -42.3977	  173.6306
6.173	 2.48	 1	 -42.7868	  173.0490
6.173	 2.24	 2	 -42.4124	  173.3441
6.173	 2.13	 1	 -42.2817	  172.0862
6.176	 2.89	 1	 -42.2872	  173.6607
6.179	 2.23	 1	 -41.9858	  173.7788
6.179	 2.39	 2	 -42.8812	  173.5511
6.180	 2.11	 1	 -42.3318	  172.2441
6.180	 2.05	 1	 -42.2370	  173.6440
6.180	 2.44	 4	 -42.0974	  173.7596
6.180	 2.74	 1	 -41.8874	  173.6193
6.181	 2.01	 2	 -42.9314	  172.8836
6.181	 2.33	 2	 -42.8605	  172.3457
6.183	 2.34	 2	 -41.6803	  174.3477
6.185	 2.90	 1	 -42.5582	  173.0958
6.185	 2.18	 2	 -41.6378	  173.9659
6.186	 2.65	 2	 -41.8223	  173.9726
6.186	 2.10	 1	 -41.6990	  174.4042
6.186	 2.15	 2	 -42.9322	  172.8598
6.187	 2.78	 1	 -42.0088	  173.6462
6.189	 3.06	 3	 -42.9627	  172.8644
6.190	 2.26	 1	 -42.4761	  173.0711
6.192	 3.98	 3	 -42.2946	  173.8876
6.193	 4.15	 1	 -37.9807	  171.8394
6.193	 2.10	 1	 -42.3910	  174.0581
6.197	 2.80	 1	 -42.2819	  174.1200
6.197	 2.26	 2	 -42.5156	  173.2142
6.198	 2.01	 4	 -41.8769	  173.9851
6.198	 2.95	 1	 -41.9895	  173.7294
6.202	 2.01	 3	 -41.9160	  173.8494
6.202	 2.08	 2	 -41.7305	  174.1596
6.203	 2.29	 2	 -41.8124	  173.6659
6.204	 2.40	 2	 -43.1503	  172.2632
6.206	 2.03	 1	 -42.1121	  173.6709
6.207	 2.40	 2	 -37.9885	  171.8366
6.213	 3.17	 1	 -42.6681	  174.3525
6.218	 3.20	 1	 -42.0971	  173.5632
6.218	 2.06	 2	 -44.1845	  174.0550
6.219	 2.18	 1	 -41.9364	  173.4210
6.221	 2.81	 3	 -41.6805	  174.3496
6.221	 2.97	 2	 -42.7604	  172.9088
6.225	 2.23	 1	 -42.6327	  172.7787
6.225	 2.36	 2	 -41.7721	  174.2390
6.227	 2.06	 2	 -41.8484	  174.2081
6.227	 2.21	 1	 -41.6287	  175.8732
6.228	 2.26	 2	 -42.3554	  173.7262
6.229	 2.73	 3	 -42.4079	  174.0187
6.231	 3.08	 1	 -42.5687	  173.2068
6.232	 2.54	 2	 -42.2671	  173.8254
6.233	 3.76	 2	 -42.4514	  173.9524
6.233	 2.40	 4	 -42.6199	  173.0171
6.233	 2.24	 2	 -41.6520	  174.2135
6.238	 2.05	 2	 -41.8262	  174.2118
6.238	 2.19	 2	 -42.2915	  173.8570
6.239	 3.29	 2	 -41.9429	  174.5179
6.240	 2.08	 2	 -41.8896	  174.1641
6.240	 2.09	 1	 -42.5686	  173.8116
6.241	 2.04	 2	 -42.2545	  173.4317
6.243	 2.87	 1	 -42.2593	  173.7082
6.245	 2.18	 2	 -42.4757	  173.2105
6.246	 2.00	 1	 -42.4651	  172.9550
6.248	 2.38	 1	 -42.4076	  173.9257
6.249	 2.06	 1	 -42.2572	  173.6497
6.249	 2.07	 3	 -41.7918	  174.2251
6.250	 2.45	 2	 -42.6186	  172.9253
6.258	 2.60	 1	 -42.6580	  172.9270
6.258	 2.43	 1	 -41.8060	  174.0146
6.259	 2.82	 2	 -41.8436	  174.1596
6.261	 3.25	 2	 -42.4312	  173.7871
6.261	 2.48	 2	 -43.1647	  179.2287
6.261	 2.98	 1	 -42.2618	  173.5836
6.261	 2.14	 2	 -42.2370	  173.6914
6.262	 2.35	 1	 -43.5804	  179.4605
6.263	 2.22	 4	 -41.8878	  174.0062
6.266	 2.72	 1	 -42.6739	  171.4677
6.267	 2.70	 1	 -42.7935	  172.7408
6.268	 2.34	 2	 -42.2385	  173.8054
6.269	 2.55	 2	 -41.8187	  174.0834
6.269	 2.03	 4	 -41.6070	  174.5287
6.269	 2.05	 1	 -42.4423	  173.7099
6.276	 2.72	 1	 -41.7797	  174.2556
6.277	 3.29	 3	 -42.3597	  173.8161
6.277	 2.18	 2	 -41.6749	  174.1888
6.277	 2.01	 2	 -42.6587	  172.7698
6.277	 2.03	 1	 -42.3847	  173.9234
6.278	 2.39	 2	 -42.0258	  173.5773
6.278	 2.10	 3	 -42.0915	  171.6042
6.279	 2.01	 1	 -41.7220	  174.1654
6.280	 4.09	 1	 -41.9923	  173.7477
6.283	 2.91	 1	 -41.9884	  173.6133
6.285	 4.07	 1	 -42.7711	  172.8320
6.285	 4.51	 2	 -42.2363	  173.6632
6.286	 2.93	 2	 -42.1519	  174.0216
6.288	 2.04	 1	 -42.7049	  173.1389
6.289	 2.12	 1	 -41.8919	  173.6257
6.289	 3.46	 2	 -41.7017	  173.4830
6.290	 2.12	 1	 -42.0001	  173.7036
6.291	 2.68	 5	 -42.1970	  173.6280
6.293	 2.63	 2	 -41.8678	  173.9186
6.293	 2.00	 1	 -41.7677	  174.2486
6.296	 2.42	 2	 -42.5555	  173.0961
6.297	 2.54	 1	 -41.8570	  174.4355
6.297	 2.45	 1	 -41.7813	  174.2970
6.300	 2.73	 2	 -41.8284	  174.1670
6.301	 2.41	 1	 -42.1850	  173.5794
6.303	 2.64	 2	 -41.8385	  173.9497
6.303	 2.58	 2	 -42.8388	  173.0994
6.304	 2.56	 1	 -38.1965	  173.1188
6.305	 2.20	 1	 -42.5381	  173.0711
6.305	 2.20	 1	 -42.7281	  173.0472
6.305	 2.19	 2	 -42.4510	  173.1689
6.305	 2.48	 1	 -41.7104	  174.2976
6.309	 2.23	 1	 -41.9791	  173.6775
6.310	 2.22	 3	 -42.4284	  173.0909
6.310	 2.84	 2	 -38.0122	  171.9055
6.310	 2.01	 1	 -42.2057	  173.6390
6.314	 2.01	 1	 -42.1539	  173.8456
6.321	 2.00	 3	 -41.8483	  174.3122
6.323	 2.08	 2	 -41.8294	  174.1288
6.325	 2.67	 2	 -42.7393	  171.0882
6.326	 2.96	 2	 -42.0756	  173.9822
6.327	 2.26	 2	 -42.1028	  173.5794
6.328	 2.12	 1	 -42.3647	  174.0624
6.330	 2.47	 1	 -42.3873	  173.0657
6.331	 2.29	 2	 -41.8423	  173.8472
6.332	 2.37	 1	 -42.9777	  172.7691
6.334	 2.03	 1	 -42.6202	  173.1589
6.335	 2.78	 2	 -41.1754	  175.0335
6.336	 2.43	 1	 -42.0226	  173.7627
6.342	 2.19	 4	 -42.3055	  173.9463
6.343	 2.27	 2	 -42.7294	  172.9948
6.344	 2.68	 3	 -42.3525	  173.9945
6.347	 2.28	 2	 -42.3127	  173.7700
6.348	 3.19	 3	 -41.8394	  174.1605
6.349	 2.07	 1	 -42.2933	  173.9711
6.351	 3.08	 2	 -42.5696	  173.2987
6.355	 2.09	 1	 -42.9271	  173.5769
6.357	 2.03	 1	 -42.2854	  173.5902
6.358	 2.05	 2	 -42.3388	  173.4760
6.358	 2.68	 1	 -42.2307	  173.6860
6.359	 2.14	 1	 -42.2786	  173.5295
6.360	 3.09	 2	 -42.1717	  173.8250
6.360	 2.12	 2	 -42.6378	  172.7840
6.362	 2.99	 3	 -42.1977	  173.7973
6.364	 2.03	 2	 -42.5422	  173.6143
6.366	 2.01	 3	 -42.8858	  172.7823
6.371	 2.33	 1	 -41.8686	  173.9305
6.372	 2.13	 1	 -42.6017	  172.8628
6.372	 2.22	 5	 -42.5558	  173.1170
6.378	 2.12	 1	 -42.2762	  173.6596
6.379	 2.22	 1	 -41.9571	  173.7576
6.384	 3.30	 2	 -41.2590	  173.1472
6.385	 2.44	 2	 -41.5098	  173.5974
6.389	 2.26	 1	 -41.5813	  173.2251
6.389	 2.24	 1	 -42.2174	  175.0293
6.389	 3.20	 1	 -42.3086	  173.4038
6.389	 2.87	 2	 -41.7855	  174.2945
6.390	 4.31	 2	 -41.6415	  174.2512
6.390	 2.30	 1	 -42.5078	  172.3870
6.392	 2.38	 1	 -41.7329	  174.2645
6.392	 2.42	 1	 -41.7914	  174.1664
6.394	 3.30	 1	 -42.5263	  173.1828
6.395	 2.07	 1	 -42.2732	  173.8949
6.398	 2.19	 1	 -42.5030	  173.1111
6.401	 2.46	 2	 -42.1612	  173.5498
6.403	 3.39	 1	 -43.2542	  173.2023
6.404	 2.10	 1	 -41.9072	  174.4011
6.406	 2.45	 2	 -42.3778	  173.6989
6.406	 2.67	 1	 -42.0547	  173.8758
6.407	 2.07	 2	 -41.7274	  174.3894
6.408	 2.05	 2	 -42.0913	  173.8215
6.411	 3.25	 3	 -41.2722	  173.1435
6.412	 2.54	 2	 -42.2099	  173.6204
6.412	 2.40	 2	 -42.3253	  173.3940
6.412	 2.24	 2	 -42.4060	  173.6973
6.415	 2.60	 1	 -42.2278	  173.6845
6.417	 3.38	 2	 -42.6547	  172.8065
6.418	 2.04	 1	 -42.4909	  173.3468
6.418	 3.63	 1	 -42.3977	  174.2602
6.423	 2.28	 2	 -42.3808	  173.7996
6.424	 3.13	 1	 -41.3015	  169.5816
6.427	 2.05	 1	 -41.8032	  174.3099
6.427	 2.42	 1	 -42.4885	  173.8675
6.428	 2.08	 3	 -42.6305	  172.7627
6.430	 2.01	 2	 -41.6747	  174.0638
6.430	 2.38	 1	 -42.1757	  173.5134
6.431	 2.12	 1	 -41.9955	  173.7771
6.438	 2.43	 1	 -41.7616	  174.2029
6.438	 3.15	 2	 -42.0065	  173.7551
6.439	 2.77	 1	 -42.6750	  173.4772
6.439	 2.32	 2	 -41.9440	  173.6335
6.443	 3.83	 2	 -41.6525	  174.5818
6.445	 2.12	 2	 -42.4195	  173.8856
6.446	 2.20	 1	 -41.8305	  174.2296
6.446	 2.01	 1	 -42.4698	  173.2038
6.448	 2.33	 1	 -42.3966	  173.5321
6.451	 2.15	 2	 -42.2997	  174.1181
6.454	 3.04	 1	 -42.4187	  173.3545
6.454	 2.06	 1	 -41.7089	  174.2393
6.455	 2.12	 2	 -42.2064	  173.8178
6.460	 2.65	 1	 -42.6863	  172.9456
6.462	 2.12	 2	 -41.6691	  174.2139
6.464	 3.21	 1	 -41.7781	  174.2646
6.467	 2.03	 2	 -41.7970	  174.0692
6.468	 2.60	 3	 -42.6153	  173.1012
6.469	 2.80	 3	 -42.3379	  173.9544
6.472	 2.87	 2	 -41.5340	  174.1551
6.473	 2.17	 1	 -42.5765	  172.9305
6.475	 2.33	 2	 -41.7570	  174.2489
6.477	 2.26	 1	 -42.0596	  172.8123
6.478	 2.21	 2	 -41.9122	  174.1906
6.478	 2.09	 1	 -41.6981	  174.1097
6.480	 2.37	 1	 -42.0570	  174.0093
6.481	 2.27	 1	 -42.1117	  173.7614
6.484	 2.19	 2	 -42.2482	  173.4336
6.485	 2.27	 1	 -42.4873	  173.6163
6.485	 2.17	 1	 -42.1489	  173.4629
6.486	 2.37	 1	 -41.9376	  173.5490
6.487	 2.46	 3	 -41.6501	  174.2558
6.490	 2.13	 2	 -42.7664	  173.2356
6.490	 3.25	 1	 -42.5590	  173.8979
6.491	 3.27	 1	 -41.7190	  174.3068
6.492	 2.08	 1	 -42.5293	  173.0758
6.492	 2.07	 4	 -42.5516	  173.0971
6.495	 2.03	 2	 -43.2220	  174.1111
6.499	 2.49	 2	 -42.3577	  173.6771
6.500	 2.05	 2	 -39.2962	  176.9117
6.501	 2.29	 2	 -42.6835	  172.7939
6.503	 2.00	 1	 -42.5898	  172.4984
6.503	 2.16	 1	 -47.1549	  172.2681
6.504	 2.55	 1	 -41.4334	  172.7552
6.505	 2.14	 1	 -41.8013	  174.3716
6.507	 2.21	 2	 -42.0352	  173.5994
6.513	 2.05	 1	 -42.5480	  173.1394
6.514	 2.26	 1	 -42.1377	  176.9147
6.515	 2.46	 1	 -42.2604	  174.1575
6.518	 3.14	 1	 -42.2973	  173.7664
6.520	 2.40	 1	 -42.2614	  173.6240
6.521	 2.43	 1	 -42.5249	  173.6676
6.522	 2.40	 1	 -41.8323	  173.9490
6.525	 2.52	 2	 -41.6374	  174.5365
6.527	 2.13	 3	 -42.3439	  173.9140
6.531	 2.21	 1	 -42.2279	  173.6270
6.531	 2.13	 1	 -41.8696	  174.2064
6.532	 2.05	 1	 -42.6930	  173.7186
6.533	 3.70	 1	 -43.1336	  178.1883
6.536	 2.88	 2	 -42.2712	  174.1947
6.537	 2.20	 1	 -42.1691	  173.8112
6.538	 2.37	 1	 -41.7901	  174.5581
6.541	 2.12	 1	 -42.4318	  172.5898
6.543	 2.57	 1	 -42.2591	  173.7551
6.543	 2.35	 1	 -41.8345	  174.0344
6.543	 2.21	 2	 -41.8180	  174.2636
6.546	 2.40	 1	 -41.6120	  174.1950
6.548	 2.08	 1	 -41.7804	  174.2560
6.549	 2.49	 1	 -42.1530	  173.9264
6.550	 2.30	 1	 -42.2124	  173.5952
6.551	 3.37	 2	 -43.9894	  168.0817
6.553	 2.35	 1	 -41.8038	  174.2269
6.554	 2.99	 1	 -42.5747	  172.8145
6.557	 2.55	 3	 -41.6652	  174.2852
6.557	 2.15	 1	 -42.2870	  173.6445
6.560	 2.89	 2	 -42.4746	  173.3438
6.563	 3.08	 1	 -42.2595	  173.6420
6.564	 2.51	 1	 -42.1934	  173.5181
6.564	 2.61	 1	 -42.9160	  172.4951
6.566	 2.27	 2	 -41.8796	  172.7562
6.567	 2.75	 1	 -42.2935	  173.6960
6.567	 2.30	 1	 -42.4656	  173.8109
6.567	 2.04	 2	 -42.0216	  173.5248
6.570	 2.67	 2	 -42.4816	  173.3783
6.571	 2.12	 1	 -42.3634	  173.9105
6.571	 2.57	 2	 -42.7146	  172.7218
6.573	 2.40	 1	 -41.6776	  174.3374
6.574	 3.66	 3	 -42.0473	  173.2693
6.575	 2.09	 3	 -41.7508	  174.2627
6.577	 2.57	 1	 -42.3142	  173.6104
6.577	 3.07	 3	 -42.2783	  173.7841
6.578	 2.31	 2	 -42.4306	  174.0678
6.580	 2.08	 1	 -41.9791	  174.2177
6.582	 2.01	 2	 -41.7204	  174.3064
6.583	 3.19	 1	 -41.8490	  174.3460
6.583	 2.30	 2	 -40.4836	  175.7749
6.585	 2.26	 1	 -42.2321	  173.8000
6.585	 2.17	 3	 -41.6619	  174.2589
6.585	 2.93	 2	 -43.1343	  178.1923
6.587	 2.27	 2	 -41.7493	  174.2922
6.589	 2.23	 1	 -41.7274	  173.9953
6.589	 2.12	 3	 -41.9080	  173.8227
6.592	 2.42	 2	 -42.4151	  173.8116
6.592	 2.25	 1	 -41.8095	  174.2560
6.593	 2.14	 1	 -41.8074	  174.0156
6.593	 2.23	 4	 -42.0439	  173.2617
6.596	 2.40	 1	 -42.3462	  173.6543
6.597	 2.17	 1	 -42.6352	  173.2978
6.602	 2.72	 2	 -41.5402	  173.3847
6.603	 2.75	 1	 -42.3787	  173.6151
6.604	 2.40	 3	 -41.8925	  173.9231
6.607	 2.26	 2	 -41.8864	  173.9718
6.609	 2.18	 2	 -41.7369	  174.1917
6.610	 2.16	 2	 -41.6287	  174.2252
6.611	 2.17	 1	 -42.2406	  173.6778
6.612	 2.69	 1	 -41.7205	  174.4817
6.617	 2.31	 1	 -42.2687	  173.9662
6.618	 2.25	 1	 -41.8423	  174.2249
6.618	 2.03	 1	 -42.1355	  173.3348
6.619	 2.86	 1	 -42.7094	  172.9930
6.622	 2.21	 1	 -41.8858	  174.0307
6.624	 2.72	 4	 -41.3980	  173.4030
6.625	 2.10	 2	 -41.7229	  174.0629
6.626	 2.16	 3	 -42.2333	  173.6440
6.627	 2.46	 5	 -41.3928	  173.3928
6.630	 2.79	 3	 -42.4206	  173.3673
6.633	 2.71	 1	 -42.5041	  173.3494
6.633	 2.12	 1	 -42.3875	  174.0723
6.634	 2.71	 2	 -42.3391	  173.2308
6.634	 2.03	 1	 -41.6934	  174.2948
6.635	 2.04	 2	 -42.0431	  173.7383
6.636	 2.01	 2	 -42.3445	  173.3655
6.638	 2.24	 1	 -42.2485	  173.9193
6.640	 2.00	 1	 -41.7024	  174.2486
6.643	 2.29	 1	 -41.7676	  174.2591
6.644	 2.11	 1	 -41.7165	  174.3332
6.645	 2.36	 1	 -42.4641	  173.1697
6.645	 2.24	 2	 -41.7419	  174.3477
6.647	 2.32	 2	 -41.9819	  173.7377
6.647	 2.53	 2	 -41.7270	  174.0696
6.650	 2.00	 2	 -42.3619	  173.9488
6.650	 2.36	 1	 -41.7636	  174.2240
6.651	 2.03	 1	 -41.6322	  174.3583
6.653	 2.20	 1	 -42.2108	  173.5658
6.654	 2.51	 1	 -42.7077	  172.8214
6.656	 2.19	 2	 -42.1286	  172.9095
6.657	 2.21	 1	 -42.0338	  174.4081
6.658	 2.11	 3	 -41.8445	  173.9877
6.660	 3.84	 1	 -42.4104	  173.2021
6.664	 2.08	 3	 -41.6321	  174.2657
6.667	 2.96	 3	 -41.6586	  174.2314
6.667	 3.08	 2	 -42.1885	  173.8114
6.671	 2.19	 2	 -42.3910	  174.0579
6.673	 2.11	 1	 -41.7288	  174.1194
6.674	 2.25	 1	 -41.6252	  174.8019
6.674	 2.42	 1	 -42.2748	  173.9313
6.675	 2.57	 1	 -43.2784	  172.4012
6.681	 2.41	 1	 -42.3731	  173.7293
6.694	 2.30	 2	 -42.3081	  173.6996
6.695	 3.38	 1	 -42.0644	  173.7484
6.696	 2.89	 1	 -41.6664	  174.5472
6.698	 2.09	 1	 -42.2038	  173.7647
6.698	 2.12	 1	 -42.6297	  172.8983
6.699	 2.25	 2	 -42.2251	  173.9075
6.702	 4.15	 4	 -42.3416	  173.8634
6.703	 2.65	 4	 -42.3005	  173.8434
6.704	 2.38	 1	 -42.8491	  173.8181
6.706	 2.23	 2	 -42.1956	  173.3254
6.707	 2.30	 2	 -42.4251	  173.4030
6.708	 2.27	 2	 -41.6847	  173.4587
6.708	 3.96	 1	 -42.3435	  173.4330
6.709	 2.10	 1	 -41.7900	  174.3475
6.715	 2.45	 2	 -42.1141	  173.9060
6.715	 2.05	 2	 -41.8715	  174.1949
6.716	 2.36	 2	 -42.4029	  173.2414
6.717	 2.27	 1	 -42.6421	  173.2180
6.717	 2.32	 1	 -42.1333	  173.6565
6.719	 2.21	 5	 -42.3921	  173.8551
6.719	 2.45	 1	 -41.7834	  174.3215
6.722	 2.72	 1	 -42.0591	  173.6533
6.723	 2.05	 1	 -42.4652	  173.5014
6.724	 2.06	 1	 -42.3107	  173.2383
6.726	 2.00	 1	 -41.8673	  174.1204
6.727	 2.32	 1	 -42.6988	  172.7843
6.728	 2.76	 2	 -41.9518	  174.0643
6.729	 3.26	 2	 -42.0685	  173.7492
6.733	 2.61	 2	 -42.4105	  173.8046
6.733	 2.51	 1	 -41.8202	  174.0880
6.734	 2.47	 1	 -42.2133	  173.6571
6.737	 2.84	 2	 -41.7712	  173.9010
6.740	 2.24	 1	 -42.0507	  173.7432
6.740	 2.13	 3	 -42.4817	  172.6847
6.743	 2.00	 2	 -41.3012	  169.5819
6.746	 2.30	 5	 -42.3405	  173.8649
6.748	 3.67	 1	 -41.8732	  173.9482
6.749	 3.33	 3	 -42.0655	  174.3477
6.750	 2.27	 1	 -43.7097	  173.7613
6.750	 3.13	 1	 -42.3410	  173.6430
6.751	 2.96	 3	 -42.1877	  173.3656
6.752	 2.34	 1	 -41.9948	  173.6674
6.754	 3.00	 1	 -42.6027	  173.1062
6.759	 2.11	 1	 -42.4797	  173.3396
6.763	 2.70	 2	 -42.5806	  172.7540
6.766	 2.20	 5	 -42.2790	  173.5508
6.766	 2.83	 1	 -42.2143	  173.6960
6.767	 2.38	 2	 -42.2606	  173.7104
6.768	 2.24	 1	 -42.5307	  173.7944
6.769	 3.43	 1	 -42.3360	  173.5631
6.770	 2.08	 1	 -42.0059	  173.7162
6.772	 2.78	 1	 -41.8044	  174.1818
6.772	 2.08	 3	 -42.2408	  173.6993
6.774	 2.37	 2	 -37.9867	  171.8260
6.779	 2.92	 2	 -42.6897	  172.8736
6.783	 2.39	 1	 -41.7983	  174.4759
6.783	 2.25	 1	 -42.2594	  173.6138
6.785	 2.60	 1	 -42.2934	  173.6223
6.788	 2.03	 3	 -42.6126	  173.6733
6.790	 2.97	 1	 -42.1307	  173.6206
6.791	 2.16	 1	 -41.8471	  174.2797
6.792	 2.63	 1	 -41.9335	  173.6813
6.792	 2.18	 2	 -41.6184	  174.2871
6.794	 2.31	 2	 -42.3062	  173.6706
6.798	 2.13	 3	 -42.3514	  173.8517
6.798	 2.31	 3	 -41.1553	  175.0364
6.798	 2.03	 1	 -42.5363	  173.1165
6.799	 2.63	 1	 -41.7609	  174.1844
6.802	 2.94	 2	 -41.8321	  173.8116
6.805	 2.40	 1	 -41.6843	  170.9305
6.805	 2.16	 3	 -42.1537	  173.7154
6.806	 2.42	 3	 -41.8539	  174.1869
6.808	 2.22	 1	 -42.0646	  173.7258
6.810	 2.35	 1	 -42.6280	  172.8476
6.811	 2.67	 2	 -41.5865	  174.4330
6.812	 3.26	 2	 -41.8021	  174.2659
6.812	 2.80	 1	 -42.5482	  173.1293
6.814	 2.78	 2	 -41.7188	  174.1532
6.818	 3.90	 1	 -42.2355	  173.6653
6.820	 2.17	 1	 -41.9321	  173.6141
6.820	 2.00	 1	 -42.5284	  173.4930
6.822	 2.51	 2	 -41.7843	  174.1164
6.823	 2.28	 1	 -42.0357	  174.1394
6.824	 2.71	 1	 -42.4506	  173.1591
6.825	 2.09	 2	 -41.2744	  175.1110
6.825	 3.46	 3	 -42.3831	  173.9330
6.826	 4.08	 3	 -41.9737	  173.9534
6.826	 2.38	 1	 -42.5156	  173.7845
6.827	 2.65	 3	 -42.1962	  173.7571
6.832	 2.32	 1	 -41.9835	  173.7461
6.834	 2.66	 1	 -40.9414	  175.8529
6.836	 2.26	 3	 -41.7252	  174.2108
6.836	 2.72	 1	 -42.3984	  173.8613
6.841	 2.34	 3	 -42.1247	  173.5502
6.848	 2.04	 1	 -42.6402	  172.8974
6.851	 2.28	 1	 -45.8777	  172.1819
6.851	 2.23	 2	 -41.8499	  174.2091
6.852	 2.26	 2	 -42.2849	  173.4879
6.855	 2.28	 2	 -41.9134	  174.2261
6.856	 2.33	 2	 -42.2040	  173.7959
6.858	 2.10	 2	 -42.4645	  172.7423
6.859	 2.48	 1	 -42.4626	  173.8978
6.860	 2.08	 2	 -42.0722	  173.7896
6.860	 2.73	 1	 -42.2252	  173.6289
6.860	 2.70	 1	 -42.1333	  173.7128
6.862	 2.21	 2	 -41.8140	  174.2619
6.862	 2.06	 1	 -42.7126	  173.3942
6.863	 2.96	 1	 -42.2051	  173.6802
6.866	 2.36	 5	 -42.6351	  173.5333
6.866	 2.54	 2	 -41.7075	  174.2095
6.867	 2.21	 1	 -42.4762	  173.7746
6.867	 2.09	 3	 -42.2579	  173.8114
6.871	 2.99	 1	 -41.7419	  174.4493
6.871	 2.38	 2	 -42.3472	  173.4396
6.871	 2.41	 2	 -42.4746	  173.2511
6.872	 2.45	 2	 -42.7713	  173.2618
6.873	 2.48	 1	 -41.9657	  174.3571
6.873	 2.07	 1	 -42.4781	  173.6461
6.875	 2.09	 2	 -42.4809	  173.1748
6.876	 2.23	 1	 -42.5166	  173.4225
6.879	 2.52	 3	 -42.1314	  172.8528
6.880	 2.07	 1	 -42.1408	  173.7073
6.880	 2.13	 1	 -42.1926	  173.5998
6.882	 2.29	 2	 -39.3863	  177.0938
6.883	 2.71	 1	 -42.3852	  173.8267
6.884	 2.29	 1	 -41.8629	  174.0708
6.886	 2.75	 2	 -42.5748	  172.8143
6.886	 2.60	 1	 -42.1312	  173.6937
6.889	 2.66	 1	 -41.7439	  174.2120
6.889	 2.01	 1	 -42.0501	  173.6817
6.889	 2.66	 4	 -42.4013	  173.8940
6.891	 3.08	 2	 -42.2442	  173.5378
6.892	 2.27	 2	 -37.9468	  171.8406
6.894	 2.03	 2	 -42.2727	  173.5876
6.894	 2.19	 2	 -43.1425	  178.1886
6.895	 2.24	 1	 -42.5482	  173.2422
6.898	 2.55	 2	 -41.7454	  174.2037
6.898	 2.02	 1	 -42.3594	  173.5923
6.900	 2.10	 1	 -42.6194	  173.0512
6.901	 2.62	 1	 -42.0057	  173.8949
6.902	 2.22	 1	 -42.1353	  173.6175
6.903	 2.15	 1	 -42.0117	  173.6207
6.903	 2.78	 1	 -41.9951	  173.6665
6.906	 2.00	 2	 -42.5741	  173.1016
6.908	 2.01	 2	 -42.2461	  173.6358
6.910	 2.27	 1	 -41.6828	  174.1060
6.911	 2.75	 2	 -41.7954	  173.9938
6.912	 2.38	 1	 -42.1669	  173.8203
6.913	 2.35	 1	 -41.8621	  173.8969
6.914	 2.87	 1	 -41.8045	  174.4729
6.914	 2.78	 1	 -42.8342	  173.1569
6.915	 2.52	 1	 -42.2686	  173.8847
6.917	 2.98	 2	 -42.5705	  173.2916
6.918	 2.09	 2	 -41.9756	  173.9160
6.919	 2.05	 1	 -42.7619	  173.2285
6.920	 2.44	 1	 -41.6527	  174.2683
6.920	 3.13	 3	 -42.1879	  173.9138
6.922	 2.25	 1	 -42.1852	  173.6963
6.922	 2.45	 1	 -42.3715	  173.7180
6.923	 2.32	 2	 -41.6424	  174.1401
6.923	 2.32	 1	 -42.5830	  173.1028
6.925	 2.07	 2	 -42.3464	  173.9010
6.926	 2.52	 1	 -42.0079	  173.8070
6.926	 2.03	 1	 -42.0785	  173.2961
6.930	 2.50	 1	 -41.8969	  174.0408
6.931	 2.20	 3	 -42.3008	  173.6020
6.938	 2.16	 1	 -41.8004	  172.2417
6.941	 2.44	 1	 -42.4947	  173.4373
6.941	 2.26	 2	 -42.5189	  173.1173
6.944	 2.40	 2	 -41.8550	  173.9335
6.944	 2.37	 1	 -41.7924	  174.2507
6.945	 2.70	 1	 -42.6201	  172.5842
6.946	 2.16	 1	 -42.6080	  174.0475
6.948	 2.71	 1	 -42.6508	  172.7638
6.950	 2.38	 1	 -42.3226	  173.7495
6.950	 2.81	 1	 -42.4126	  173.0830
6.953	 2.61	 1	 -42.5497	  173.7562
6.954	 2.57	 1	 -41.8114	  173.6089
6.955	 2.13	 2	 -42.2562	  173.5662
6.956	 2.84	 1	 -42.1343	  173.5497
6.957	 2.14	 1	 -41.6746	  174.2428
6.960	 2.04	 1	 -41.6811	  174.1938
6.961	 2.57	 2	 -41.8101	  174.2096
6.961	 2.71	 2	 -42.9699	  172.9074
6.965	 2.03	 2	 -42.2872	  173.6602
6.967	 2.76	 1	 -42.1807	  173.5691
6.970	 3.38	 1	 -42.5484	  173.7647
6.970	 2.53	 3	 -42.3124	  173.9989
6.970	 2.04	 1	 -41.7609	  174.1475
6.972	 2.30	 2	 -42.2275	  173.6742
6.972	 2.76	 2	 -42.3457	  173.4829
6.973	 2.31	 1	 -42.3954	  173.8732
6.973	 2.64	 2	 -41.7187	  174.2673
6.975	 3.01	 1	 -41.6593	  174.2848
6.975	 2.49	 1	 -42.2802	  174.1950
6.975	 2.17	 2	 -42.4099	  172.6976
6.979	 2.52	 1	 -42.2097	  173.6129
6.980	 2.24	 2	 -42.4186	  173.0902
6.981	 2.40	 2	 -42.7055	  172.8186
6.983	 2.31	 3	 -42.4287	  173.7950
6.984	 2.02	 3	 -42.2818	  173.7783
6.986	 2.24	 3	 -42.4429	  172.7080
6.989	 2.35	 3	 -41.2136	  172.1933
6.991	 2.08	 1	 -42.3636	  173.4505
6.993	 2.77	 2	 -41.6571	  174.2075
6.997	 2.08	 1	 -42.3242	  173.6701
6.999	 2.13	 1	 -41.6885	  174.2197
6.999	 2.32	 1	 -42.9956	  175.3952
7.009	 2.55	 1	 -41.7820	  173.2983
7.010	 2.23	 1	 -42.8038	  173.6819
7.010	 2.40	 1	 -42.4588	  173.4149
7.010	 2.04	 2	 -42.2288	  173.6516
7.011	 2.12	 2	 -41.7726	  173.2936
7.012	 2.24	 2	 -41.6525	  174.1671
7.014	 2.29	 1	 -42.1339	  173.3621
7.014	 2.17	 2	 -41.2299	  175.0846
7.021	 2.40	 1	 -42.8428	  173.3985
7.024	 2.38	 2	 -42.5806	  172.7766
7.024	 2.14	 1	 -42.6711	  172.9227
7.028	 2.36	 1	 -42.3697	  173.9296
7.029	 2.52	 1	 -42.2302	  173.4514
7.030	 2.41	 1	 -41.7050	  174.3124
7.030	 2.34	 1	 -41.8726	  174.2985
7.038	 2.27	 3	 -41.7400	  174.3071
7.038	 2.56	 2	 -43.5854	  173.0808
7.042	 2.25	 2	 -42.5228	  174.1084
7.043	 2.67	 1	 -42.0188	  173.7247
7.044	 2.11	 2	 -42.2021	  173.6416
7.044	 3.68	 3	 -42.2146	  173.8936
7.045	 2.41	 1	 -41.9446	  173.6143
7.046	 2.08	 1	 -42.1478	  173.8766
7.047	 2.65	 1	 -41.6411	  174.2492
7.049	 2.32	 2	 -42.0024	  173.6818
7.050	 2.19	 2	 -41.8382	  173.7062
7.054	 2.96	 2	 -41.6687	  174.2345
7.055	 2.09	 1	 -42.1585	  173.8022
7.056	 2.42	 3	 -42.2135	  173.7888
7.056	 2.74	 3	 -39.5375	  174.3816
7.057	 2.36	 1	 -42.2097	  173.3532
7.065	 2.01	 3	 -43.5932	  173.1021
7.066	 2.01	 1	 -41.8264	  174.0947
7.067	 2.05	 1	 -41.6791	  174.1859
7.070	 2.14	 1	 -42.3695	  173.7538
7.072	 2.41	 1	 -41.7346	  173.9362
7.073	 2.74	 1	 -42.3732	  173.6670
7.073	 2.27	 5	 -42.3474	  173.8683
7.074	 2.06	 1	 -41.8643	  174.1108
7.074	 2.39	 1	 -42.2467	  173.6814
7.075	 2.05	 2	 -41.9537	  173.7290
7.077	 2.59	 1	 -42.4391	  173.8223
7.080	 4.05	 1	 -42.6918	  173.2686
7.080	 2.77	 3	 -42.2131	  173.6656
7.082	 2.29	 1	 -42.4851	  173.6991
7.085	 2.28	 3	 -41.8198	  174.1137
7.087	 2.02	 1	 -42.3443	  173.8994
7.089	 2.69	 2	 -37.9845	  171.8566
7.090	 2.38	 2	 -42.1197	  173.5874
7.091	 2.18	 1	 -42.2556	  173.3298
7.093	 2.50	 2	 -42.4956	  173.4495
7.094	 2.34	 2	 -42.3383	  173.4845
7.094	 3.51	 2	 -37.9839	  171.8371
7.095	 2.47	 2	 -42.0389	  173.6884
7.098	 2.22	 1	 -42.6753	  172.7247
7.099	 3.04	 1	 -42.5250	  173.0876
7.102	 2.13	 2	 -42.5425	  173.2591
7.102	 2.04	 3	 -41.7626	  173.8910
7.102	 2.26	 2	 -41.8872	  174.1668
7.103	 2.13	 1	 -41.7507	  174.2562
7.104	 2.31	 2	 -41.7952	  173.9761
7.106	 2.01	 1	 -42.3946	  173.6979
7.110	 2.24	 1	 -41.6720	  174.1341
7.110	 2.51	 3	 -42.2667	  173.8249
7.113	 2.39	 1	 -42.3459	  173.8490
7.115	 2.35	 1	 -42.5791	  173.3494
7.118	 2.35	 1	 -42.5387	  173.0947
7.119	 2.13	 1	 -41.8682	  173.7974
7.124	 2.06	 1	 -42.2184	  174.3718
7.125	 2.31	 1	 -41.7527	  174.3196
7.126	 2.04	 1	 -42.0846	  174.2257
7.127	 2.54	 3	 -42.2139	  173.8499
7.129	 2.54	 5	 -42.1080	  173.9309
7.130	 2.12	 2	 -42.3644	  174.0080
7.131	 2.02	 1	 -42.2709	  173.7442
7.132	 2.21	 1	 -41.8864	  174.3007
7.133	 2.36	 1	 -41.6775	  171.1764
7.139	 2.08	 1	 -42.2188	  173.6705
7.141	 2.18	 1	 -41.6941	  174.2886
7.143	 2.25	 1	 -41.6860	  174.2719
7.144	 2.11	 1	 -42.2417	  173.5022
7.146	 3.39	 2	 -41.6883	  174.2124
7.147	 2.23	 1	 -41.3368	  173.5099
7.149	 2.40	 2	 -43.1776	  173.1737
7.153	 2.47	 4	 -42.2344	  173.8333
7.154	 2.77	 1	 -41.8171	  174.1560
7.155	 2.30	 1	 -42.5420	  173.0688
7.155	 2.06	 1	 -42.3994	  173.7545
7.158	 2.19	 1	 -42.0067	  173.6885
7.158	 2.56	 1	 -41.6764	  174.2924
7.159	 2.81	 1	 -41.6513	  174.1926
7.161	 2.45	 2	 -42.5354	  173.3234
7.162	 2.80	 1	 -41.6625	  174.1809
7.162	 2.15	 2	 -42.5513	  173.7574
7.165	 2.63	 3	 -42.1720	  173.4591
7.171	 3.03	 2	 -41.7317	  174.2927
7.172	 3.66	 2	 -41.7905	  174.1055
7.176	 2.58	 5	 -42.6527	  173.8599
7.176	 2.07	 1	 -41.7351	  174.4578
7.177	 3.39	 1	 -41.9042	  174.1707
7.178	 2.62	 1	 -41.7070	  174.2870
7.180	 2.46	 1	 -41.1933	  173.3366
7.184	 2.32	 1	 -42.3220	  173.9132
7.186	 2.02	 5	 -42.3316	  173.8678
7.187	 2.93	 3	 -42.2357	  175.1146
7.188	 2.01	 1	 -42.4320	  173.8027
7.188	 2.48	 1	 -42.0405	  173.8547
7.189	 2.51	 1	 -42.6419	  173.0174
7.189	 2.97	 2	 -42.3697	  174.6980
7.191	 2.13	 1	 -42.4233	  173.6217
7.192	 2.16	 1	 -42.2336	  173.6625
7.194	 3.93	 1	 -42.4424	  173.3323
7.197	 2.21	 1	 -42.2739	  173.5571
7.200	 2.16	 2	 -41.7167	  174.4270
7.202	 2.56	 2	 -41.7950	  173.9240
7.202	 2.98	 1	 -41.6943	  174.2831
7.203	 2.37	 2	 -42.5790	  173.7295
7.204	 2.21	 1	 -42.6879	  173.0293
7.205	 2.76	 1	 -42.3354	  173.8018
7.205	 2.83	 2	 -42.2990	  173.6033
7.213	 2.46	 1	 -42.3972	  174.0197
7.213	 2.47	 1	 -42.3491	  172.7893
7.214	 2.01	 1	 -41.8014	  174.3155
7.222	 2.84	 2	 -41.8474	  174.1309
7.223	 2.08	 1	 -43.0568	  173.6147
7.223	 2.06	 1	 -42.3963	  173.8802
7.224	 2.13	 1	 -41.9674	  173.9759
7.224	 2.88	 2	 -41.5405	  174.1889
7.225	 2.04	 1	 -42.2880	  173.6346
7.225	 2.79	 1	 -41.8052	  174.3567
7.226	 2.08	 2	 -42.6019	  172.4582
7.226	 3.13	 2	 -41.7092	  174.5095
7.227	 3.17	 1	 -42.5556	  173.9224
7.227	 2.42	 2	 -41.8477	  174.1324
7.229	 2.28	 1	 -42.3774	  173.8402
7.229	 2.09	 4	 -41.6217	  174.6137
7.231	 2.40	 2	 -42.6194	  172.8578
7.232	 2.13	 1	 -42.0268	  173.6816
7.233	 2.24	 1	 -41.5588	  173.1756
7.233	 2.14	 1	 -41.8275	  174.2311
7.235	 2.25	 1	 -41.7881	  174.1822
7.236	 2.75	 2	 -42.5131	  173.1949
7.236	 2.32	 1	 -41.7375	  174.1446
7.237	 2.01	 1	 -42.0342	  173.5825
7.237	 2.07	 1	 -41.7467	  174.2447
7.238	 2.68	 1	 -42.5640	  172.9951
7.241	 2.21	 1	 -43.5008	  173.5400
7.242	 6.66	 2	 -42.4937	  173.1682
7.242	 2.49	 3	 -42.5977	  173.1890
7.243	 2.15	 3	 -42.7142	  172.9183
7.243	 2.00	 3	 -42.6338	  173.5023
7.243	 2.18	 2	 -42.5806	  172.8214
7.244	 2.21	 1	 -42.6102	  172.8989
7.245	 2.66	 3	 -44.0596	  170.3866
7.245	 2.33	 1	 -42.3602	  173.9961
7.245	 2.36	 3	 -42.4362	  173.5511
7.245	 2.84	 3	 -42.4913	  172.2609
7.245	 2.01	 3	 -42.2725	  173.4839
7.246	 2.07	 3	 -42.6844	  173.9622
7.247	 3.29	 3	 -44.8796	  171.0052
7.247	 2.45	 1	 -41.8402	  174.3606
7.248	 2.79	 2	 -42.2584	  173.8060
7.249	 2.88	 3	 -42.1531	  172.9447
7.249	 3.08	 3	 -42.4664	  173.2438
7.250	 2.05	 3	 -42.4433	  173.1362
7.250	 2.34	 3	 -42.5587	  173.2332
7.251	 3.22	 3	 -42.6553	  172.9908
7.252	 2.82	 3	 -42.7032	  173.4566
7.252	 2.04	 3	 -42.5685	  173.1714
7.252	 2.07	 1	 -42.2450	  173.6313
7.252	 2.08	 1	 -41.8782	  174.2157
7.256	 2.32	 6	 -42.1932	  173.6984
7.256	 2.17	 2	 -42.0295	  173.5452
7.257	 2.08	 3	 -42.9105	  173.3411
7.257	 2.45	 3	 -42.1916	  173.3425
7.258	 2.23	 3	 -42.5814	  172.9621
7.258	 2.27	 3	 -42.4721	  179.2664
7.258	 2.55	 3	 -42.3655	  173.7235
7.258	 2.52	 3	 -43.0301	  172.9913
7.258	 2.08	 3	 -42.4445	  173.2278
7.258	 2.03	 3	 -42.1642	  172.6870
7.260	 2.28	 3	 -42.4305	  173.1924
7.260	 2.23	 3	 -42.3409	  172.9718
7.260	 3.08	 3	 -42.4833	  173.4142
7.261	 2.71	 1	 -42.1544	  173.5475
7.261	 2.03	 4	 -44.8785	  171.0164
7.261	 3.25	 2	 -42.7033	  172.7883
7.261	 2.79	 1	 -42.2932	  173.7722
7.261	 2.41	 1	 -42.2223	  173.7624
7.262	 2.50	 3	 -42.5146	  173.1702
7.262	 3.55	 1	 -38.2899	  171.7778
7.262	 2.15	 3	 -41.6310	  174.4241
7.263	 2.03	 1	 -41.6227	  174.3240
7.264	 3.61	 3	 -42.3742	  173.2185
7.264	 2.40	 1	 -41.8871	  174.2097
7.266	 3.46	 3	 -42.1538	  173.0958
7.266	 2.60	 3	 -43.2498	  171.9457
7.267	 2.49	 1	 -42.1712	  173.2954
7.268	 2.19	 1	 -41.6811	  174.3741
7.268	 3.59	 3	 -42.4133	  173.2036
7.269	 2.26	 2	 -37.9569	  171.7959
7.269	 3.53	 1	 -42.7092	  172.8615
7.270	 2.58	 1	 -42.3099	  173.9256
7.271	 2.44	 3	 -42.5383	  173.0511
7.272	 2.99	 1	 -42.6173	  172.9653
7.273	 2.12	 3	 -42.4513	  172.6099
7.274	 2.17	 2	 -42.1516	  174.2714
7.275	 2.44	 2	 -42.6966	  172.8720
7.276	 2.17	 3	 -43.2191	  173.4795
7.277	 3.84	 2	 -42.5935	  173.1695
7.277	 2.12	 3	 -42.5239	  173.2167
7.277	 2.25	 3	 -42.4255	  173.0552
7.277	 2.12	 3	 -42.4831	  173.2984
7.280	 2.22	 3	 -42.5271	  173.3407
7.281	 4.49	 3	 -42.4354	  173.3757
7.281	 2.79	 3	 -42.2028	  173.3289
7.282	 2.27	 3	 -42.5133	  173.0785
7.282	 3.43	 3	 -42.4588	  173.3251
7.282	 2.07	 3	 -42.0287	  172.9729
7.282	 2.07	 1	 -41.9681	  173.6514
7.282	 2.39	 3	 -42.4431	  173.0877
7.282	 2.19	 3	 -42.7333	  173.1227
7.283	 3.82	 3	 -42.4647	  172.9873
7.284	 2.02	 3	 -42.5315	  173.4938
7.285	 2.06	 3	 -42.2569	  173.3026
7.285	 2.04	 3	 -41.3788	  172.6537
7.287	 2.34	 3	 -42.1170	  172.6723
7.287	 2.24	 3	 -41.8956	  174.1918
7.287	 2.33	 3	 -42.6200	  173.3489
7.287	 2.74	 3	 -42.4332	  173.1472
7.288	 2.53	 3	 -42.5096	  173.1956
7.289	 2.02	 3	 -42.0531	  171.9047
7.289	 2.09	 3	 -42.8702	  173.2390
7.289	 2.70	 3	 -42.4240	  173.1822
7.290	 2.01	 4	 -42.3531	  173.1028
7.290	 2.89	 2	 -42.1701	  174.5480
7.291	 2.25	 2	 -41.7938	  174.2435
7.291	 2.17	 3	 -42.3445	  173.2849
7.291	 2.23	 3	 -43.1471	  171.8542
7.291	 2.27	 1	 -41.7651	  174.2138
7.294	 2.31	 3	 -42.9377	  172.7802
7.294	 2.73	 3	 -42.5391	  173.2727
7.295	 2.17	 3	 -42.7275	  173.1317
7.295	 2.25	 3	 -42.5714	  173.3651
7.295	 3.48	 3	 -42.4423	  173.1860
7.295	 2.27	 3	 -42.8077	  172.4750
7.295	 3.27	 3	 -42.1362	  173.7801
7.295	 2.24	 3	 -42.5180	  173.2024
7.296	 2.15	 1	 -42.2953	  173.7577
7.296	 2.25	 1	 -41.6671	  174.1757
7.299	 2.09	 3	 -42.4275	  173.0419
7.299	 2.13	 3	 -42.5504	  172.4804
7.300	 2.75	 3	 -42.1009	  174.6460
7.301	 2.13	 1	 -42.1134	  172.9021
7.301	 3.21	 3	 -42.5654	  173.1850
7.301	 2.01	 3	 -42.5550	  173.1996
7.301	 2.28	 3	 -42.5337	  173.2930
7.301	 2.39	 2	 -42.2867	  173.5550
7.302	 2.34	 3	 -42.5071	  173.1183
7.302	 2.14	 3	 -42.5122	  173.4154
7.302	 3.16	 2	 -41.9472	  173.6798
7.302	 3.22	 3	 -42.5359	  173.2853
7.303	 2.03	 3	 -44.4369	  171.9746
7.304	 2.08	 3	 -42.3937	  173.2629
7.304	 2.22	 3	 -41.3691	  173.0469
7.305	 2.02	 3	 -42.4692	  173.2837
7.307	 2.37	 3	 -42.5140	  173.3025
7.307	 2.06	 3	 -42.4133	  173.2859
7.308	 2.23	 3	 -42.6219	  173.1505
7.308	 2.66	 3	 -42.5473	  172.8258
7.309	 2.42	 3	 -43.5562	  175.4990
7.309	 2.17	 2	 -42.5008	  173.2423
7.309	 2.16	 2	 -42.2206	  173.6436
7.310	 2.66	 2	 -41.7852	  174.8163
7.311	 3.86	 3	 -42.5100	  173.0014
7.312	 2.05	 3	 -42.4459	  173.0213
7.312	 2.74	 3	 -42.5056	  173.1957
7.312	 2.25	 1	 -41.7069	  174.2853
7.313	 2.91	 3	 -42.5972	  173.3056
7.313	 2.80	 1	 -41.8150	  174.3454
7.313	 3.71	 3	 -42.4120	  173.0802
7.315	 2.57	 3	 -42.5491	  173.0092
7.317	 2.01	 3	 -39.5707	  168.7477
7.317	 2.75	 3	 -42.5640	  173.0329
7.317	 2.08	 3	 -43.5720	  173.4009
7.317	 2.04	 1	 -42.3341	  173.6938
7.317	 2.12	 3	 -42.4586	  173.1591
7.317	 2.63	 2	 -42.3582	  173.4627
7.318	 2.78	 3	 -42.7074	  172.8173
7.318	 2.13	 1	 -41.8033	  174.2666
7.318	 2.77	 3	 -42.2068	  173.0703
7.318	 2.23	 3	 -42.5383	  172.8167
7.319	 2.36	 3	 -42.5131	  173.3523
7.319	 2.19	 3	 -42.5139	  173.1739
7.319	 3.37	 3	 -42.3931	  173.2504
7.320	 2.14	 2	 -42.4299	  174.0316
7.320	 2.07	 3	 -42.3430	  173.3313
7.320	 2.54	 1	 -42.2931	  173.7204
7.321	 2.06	 3	 -42.3355	  173.2958
7.322	 2.01	 3	 -42.8409	  172.7990
7.322	 2.05	 2	 -41.9839	  174.6049
7.322	 2.11	 1	 -42.3692	  173.6135
7.322	 2.09	 1	 -41.9448	  174.2288
7.323	 2.15	 1	 -42.1955	  174.3630
7.323	 2.14	 3	 -42.4423	  173.2203
7.323	 3.19	 2	 -38.2895	  171.7768
7.323	 2.68	 3	 -42.5310	  173.0496
7.324	 2.07	 3	 -42.7769	  172.6647
7.324	 2.22	 3	 -42.5747	  173.1692
7.326	 2.39	 3	 -42.6382	  173.1621
7.326	 2.12	 1	 -41.8714	  173.9869
7.327	 2.76	 1	 -42.0226	  173.6955
7.328	 2.12	 3	 -42.5781	  173.4976
7.329	 2.25	 1	 -42.1644	  173.8343
7.329	 2.09	 3	 -42.4054	  173.0789
7.329	 2.16	 2	 -42.1776	  173.2953
7.330	 2.36	 1	 -42.3088	  173.6352
7.332	 3.00	 3	 -42.3933	  173.2923
7.333	 2.16	 1	 -42.3292	  173.5496
7.333	 2.22	 3	 -42.4335	  173.2222
7.334	 2.48	 3	 -42.5418	  173.2369
7.335	 2.48	 3	 -42.7344	  172.8803
7.337	 2.83	 1	 -42.2044	  173.6060
7.337	 2.30	 3	 -42.6435	  173.2601
7.338	 2.53	 3	 -42.4950	  173.1044
7.338	 2.19	 3	 -42.7856	  172.3157
7.341	 2.43	 4	 -42.3401	  173.2410
7.341	 3.15	 3	 -43.1007	  173.6280
7.343	 2.29	 3	 -42.4396	  173.1853
7.343	 2.69	 3	 -42.6055	  173.3665
7.344	 2.47	 1	 -42.4639	  173.2976
7.345	 2.72	 1	 -42.1593	  173.5783
7.346	 2.34	 3	 -43.0364	  172.3581
7.346	 2.00	 1	 -42.2831	  173.7203
7.346	 2.01	 3	 -42.5281	  171.9879
7.347	 2.40	 3	 -42.5838	  173.3412
7.347	 2.39	 3	 -42.5525	  173.7561
7.348	 2.30	 3	 -42.4028	  173.2076
7.348	 2.16	 1	 -42.6641	  173.8986
7.349	 2.05	 3	 -42.5243	  173.2913
7.349	 2.32	 3	 -42.5153	  173.1665
7.350	 2.23	 3	 -42.5648	  173.3089
7.351	 2.02	 3	 -42.5962	  173.3493
7.351	 2.54	 3	 -42.2758	  174.1799
7.352	 2.78	 1	 -42.7279	  173.1108
7.352	 2.23	 3	 -42.4735	  173.1472
7.352	 2.59	 3	 -42.4472	  173.2854
7.353	 2.40	 3	 -42.4321	  172.7177
7.353	 2.18	 2	 -41.7232	  174.2388
7.353	 2.42	 3	 -42.4945	  172.7469
7.354	 2.18	 2	 -42.2234	  173.8460
7.355	 2.17	 3	 -42.6931	  172.2969
7.355	 2.23	 3	 -40.9138	  170.5326
7.355	 2.24	 3	 -42.6831	  172.8502
7.355	 2.15	 2	 -42.3100	  173.5030
7.355	 2.04	 3	 -42.6753	  173.0441
7.356	 2.49	 3	 -42.4294	  173.4218
7.356	 2.15	 1	 -42.5986	  173.0243
7.357	 2.26	 3	 -42.6577	  172.9857
7.357	 2.06	 1	 -42.4735	  173.1211
7.359	 2.61	 3	 -42.4774	  173.1479
7.361	 2.72	 1	 -41.9203	  173.7062
7.362	 2.33	 1	 -41.7894	  173.9772
7.363	 2.53	 3	 -42.5328	  173.4592
7.364	 2.14	 1	 -42.4146	  172.6648
7.364	 2.81	 3	 -42.3850	  173.1094
7.365	 2.38	 3	 -42.3437	  174.4536
7.365	 2.53	 1	 -41.7043	  174.2301
7.366	 3.59	 3	 -42.4032	  173.2805
7.366	 2.25	 3	 -43.5883	  171.5035
7.369	 2.38	 2	 -42.2933	  173.6216
7.371	 2.41	 1	 -42.6143	  173.0122
7.372	 2.07	 3	 -42.4234	  173.1864
7.372	 2.02	 3	 -42.1982	  174.9359
7.372	 2.38	 2	 -42.2441	  173.5572
7.372	 2.08	 3	 -42.5745	  172.9424
7.373	 2.82	 3	 -42.3322	  173.2275
7.374	 2.15	 3	 -42.4933	  173.1707
7.375	 2.34	 2	 -42.3795	  174.0022
7.376	 2.30	 1	 -42.5040	  172.9481
7.376	 2.23	 1	 -42.1256	  173.5942
7.376	 2.19	 2	 -42.6691	  172.7758
7.377	 2.19	 2	 -41.6264	  173.8661
7.378	 2.44	 2	 -42.6724	  173.7479
7.379	 2.97	 3	 -42.4860	  172.9356
7.380	 2.45	 1	 -42.7512	  172.9735
7.381	 2.08	 1	 -42.2845	  173.7689
7.381	 2.12	 1	 -42.0819	  174.5105
7.382	 2.62	 4	 -42.3952	  173.3731
7.382	 2.98	 3	 -42.4108	  173.1351
7.383	 2.33	 3	 -42.4237	  173.5137
7.383	 2.24	 1	 -42.9425	  173.3638
7.383	 2.09	 3	 -42.5244	  173.0934
7.383	 2.20	 3	 -42.6206	  173.3066
7.384	 2.46	 3	 -42.4000	  173.2655
7.385	 2.04	 2	 -41.4564	  173.8583
7.386	 2.19	 1	 -42.2525	  173.5852
7.386	 2.18	 3	 -42.7438	  173.6582
7.386	 2.32	 3	 -43.5504	  171.4937
7.388	 2.12	 3	 -42.4247	  172.9599
7.389	 2.71	 1	 -42.3147	  173.7491
7.390	 3.49	 2	 -41.7696	  174.2861
7.392	 2.06	 3	 -42.4392	  173.2565
7.392	 2.17	 3	 -42.1974	  173.7580
7.399	 2.09	 3	 -42.5760	  175.0738
7.399	 2.17	 1	 -41.9904	  174.2080
7.399	 2.52	 3	 -42.4235	  173.1830
7.400	 2.08	 3	 -42.3977	  173.1901
7.400	 3.44	 2	 -42.1543	  173.9257
7.400	 2.77	 3	 -42.4862	  173.1326
7.400	 2.63	 3	 -42.4849	  173.2127
7.401	 2.33	 3	 -42.5566	  173.2545
7.401	 2.09	 2	 -42.4129	  173.4487
7.401	 2.71	 1	 -41.7161	  174.2391
7.402	 2.17	 3	 -42.5218	  173.1607
7.402	 2.82	 3	 -42.2873	  172.5625
7.402	 2.06	 3	 -42.3685	  172.9305
7.403	 2.36	 3	 -42.5835	  173.7934
7.403	 2.23	 2	 -41.7619	  174.1502
7.405	 2.19	 3	 -42.3699	  173.2174
7.406	 2.21	 3	 -41.4700	  174.2833
7.407	 2.17	 3	 -42.4512	  174.4671
7.407	 2.05	 2	 -42.1945	  173.5463
7.407	 2.20	 3	 -42.6446	  172.9950
7.408	 2.02	 1	 -42.3019	  173.6387
7.409	 2.01	 2	 -42.5142	  173.1364
7.409	 2.36	 1	 -42.0423	  173.7271
7.410	 2.44	 2	 -42.2023	  173.4529
7.410	 3.92	 1	 -42.3012	  173.6449
7.411	 2.13	 3	 -42.2101	  172.7936
7.415	 2.54	 3	 -41.6415	  173.2681
7.415	 2.27	 3	 -42.2361	  172.8685
7.415	 2.12	 1	 -41.8857	  174.0908
7.416	 2.39	 2	 -42.3092	  173.6363
7.416	 2.53	 3	 -42.5159	  173.5867
7.416	 2.02	 3	 -42.4681	  173.1785
7.416	 2.51	 3	 -42.4903	  173.1846
7.417	 2.57	 1	 -42.3203	  173.7251
7.417	 2.05	 3	 -37.9973	  173.2220
7.420	 2.08	 1	 -41.7003	  174.2665
7.421	 2.57	 3	 -42.4689	  173.1597
7.422	 2.91	 1	 -42.6207	  173.0162
7.422	 2.07	 3	 -43.3863	  174.0177
7.422	 2.29	 1	 -41.7861	  174.2587
7.423	 2.66	 2	 -42.0788	  173.8613
7.423	 2.17	 3	 -42.5156	  173.1617
7.424	 2.86	 4	 -42.3733	  173.3745
7.425	 2.27	 1	 -42.1644	  173.6072
7.427	 3.20	 2	 -41.9390	  173.6893
7.427	 3.28	 3	 -42.8967	  173.4626
7.428	 2.03	 2	 -42.6765	  172.8688
7.429	 2.82	 3	 -42.3527	  173.1506
7.429	 2.19	 4	 -42.2104	  172.7946
7.429	 2.27	 1	 -42.4307	  173.3537
7.430	 2.45	 1	 -41.7490	  174.1952
7.430	 2.10	 3	 -42.3684	  173.4769
7.430	 2.58	 1	 -42.3747	  173.4931
7.431	 2.48	 3	 -42.1304	  173.0990
7.431	 2.12	 3	 -40.5347	  178.6574
7.431	 2.10	 3	 -42.2514	  172.6984
7.431	 2.07	 3	 -42.3414	  173.1350
7.434	 2.79	 1	 -42.3575	  173.3424
7.436	 2.29	 1	 -42.2115	  173.6461
7.437	 2.39	 1	 -42.6657	  172.7547
7.437	 2.16	 3	 -42.5496	  173.1778
7.438	 2.68	 3	 -41.8367	  174.0938
7.439	 2.64	 2	 -42.7384	  173.1116
7.440	 2.43	 3	 -42.6145	  173.5285
7.441	 2.28	 3	 -42.5017	  172.7338
7.442	 2.02	 1	 -42.2598	  173.4586
7.442	 2.04	 1	 -42.0025	  174.6501
7.443	 2.78	 2	 -41.6533	  174.5237
7.443	 3.20	 3	 -42.2850	  173.7705
7.443	 2.58	 1	 -43.3646	  173.0050
7.444	 2.34	 1	 -42.0452	  173.7254
7.445	 2.17	 1	 -42.3992	  174.2708
7.445	 3.97	 3	 -42.5964	  173.1131
7.446	 2.08	 1	 -42.1154	  174.1738
7.448	 2.03	 1	 -42.4133	  173.5665
7.448	 2.07	 3	 -42.7361	  173.3368
7.448	 2.81	 2	 -42.2222	  173.4446
7.449	 2.18	 3	 -41.7618	  174.3783
7.449	 2.12	 3	 -42.6730	  172.7453
7.450	 2.34	 3	 -41.7648	  174.1468
7.450	 2.13	 3	 -42.5484	  173.1925
7.454	 2.16	 3	 -41.6642	  178.2329
7.454	 2.42	 3	 -42.3478	  173.1255
7.457	 2.06	 2	 -41.1556	  175.0085
7.459	 2.91	 2	 -41.6601	  174.1786
7.461	 3.32	 3	 -42.5843	  173.4090
7.461	 3.42	 3	 -42.7575	  173.2236
7.463	 2.30	 1	 -41.7075	  174.2552
7.463	 3.52	 1	 -42.5754	  172.9441
7.464	 2.13	 4	 -42.5799	  173.6095
7.464	 2.21	 1	 -42.5610	  172.9617
7.466	 2.68	 3	 -42.2616	  173.3009
7.466	 2.42	 4	 -42.1232	  173.7601
7.467	 2.41	 1	 -41.7490	  173.1235
7.467	 2.17	 2	 -42.3536	  173.8782
7.468	 2.24	 3	 -42.6599	  173.5277
7.469	 3.47	 1	 -42.3898	  173.4273
7.470	 2.44	 2	 -41.9605	  173.9896
7.471	 2.39	 1	 -42.2080	  173.5921
7.471	 2.15	 3	 -42.4700	  173.2096
7.472	 2.19	 2	 -41.7332	  174.2232
7.473	 2.71	 3	 -41.6337	  175.6080
7.473	 2.72	 1	 -42.4337	  172.7876
7.474	 2.61	 2	 -42.0461	  174.0231
7.475	 2.04	 3	 -42.6713	  172.9556
7.475	 2.26	 3	 -42.4676	  173.2402
7.475	 2.14	 3	 -42.7352	  172.2949
7.476	 3.86	 3	 -42.4704	  173.3021
7.476	 2.11	 2	 -42.3868	  174.2586
7.478	 2.09	 3	 -43.0823	  173.2833
7.478	 2.18	 3	 -42.6890	  172.8176
7.479	 2.24	 3	 -42.5960	  173.1888
7.479	 2.34	 3	 -42.2767	  173.5046
7.479	 2.15	 2	 -42.6526	  173.6491
7.480	 2.87	 3	 -42.5124	  173.1196
7.481	 2.39	 3	 -42.3321	  172.8059
7.484	 2.21	 1	 -42.0190	  173.3431
7.484	 2.23	 1	 -42.0934	  172.8591
7.484	 2.16	 2	 -42.8424	  176.4408
7.485	 3.06	 4	 -41.8607	  173.7627
7.486	 2.19	 2	 -42.6967	  172.9434
7.488	 2.51	 3	 -42.6190	  172.8603
7.488	 2.05	 2	 -42.8098	  173.1982
7.489	 2.75	 2	 -37.9764	  171.8273
7.491	 2.06	 3	 -42.6695	  173.1471
7.492	 2.48	 2	 -42.3548	  173.7195
7.493	 2.02	 2	 -42.6365	  172.6808
7.494	 2.03	 3	 -42.4784	  173.1768
7.494	 2.23	 2	 -41.7890	  174.2166
7.494	 2.25	 2	 -42.7715	  172.3900
7.495	 2.20	 2	 -41.8417	  174.0183
7.495	 3.04	 3	 -42.3867	  173.2070
7.496	 2.69	 3	 -42.7880	  173.1212
7.496	 2.29	 3	 -42.4740	  173.1358
7.497	 2.23	 2	 -42.2329	  173.8304
7.497	 3.25	 1	 -41.9853	  173.8281
7.497	 3.00	 1	 -42.1043	  173.6532
7.498	 2.35	 3	 -42.4509	  173.1656
7.498	 2.09	 4	 -42.4662	  173.3033
7.500	 2.15	 3	 -44.3997	  170.2523
7.500	 2.17	 1	 -42.4316	  174.1885
7.500	 2.19	 3	 -42.6104	  173.4164
7.500	 3.20	 4	 -42.4857	  173.2326
7.502	 2.04	 3	 -42.4230	  173.4460
7.503	 2.01	 3	 -41.9013	  174.0222
7.504	 3.10	 2	 -41.6462	  174.3705
7.505	 2.03	 1	 -42.3294	  173.8737
7.507	 2.18	 4	 -42.6225	  173.0437
7.507	 2.16	 1	 -41.6827	  174.3052
7.507	 2.09	 4	 -41.3678	  173.0509
7.507	 2.33	 1	 -42.6259	  173.0250
7.508	 2.83	 4	 -42.2463	  175.1151
7.508	 2.11	 3	 -41.9333	  171.9530
7.509	 2.39	 3	 -42.2545	  173.6642
7.510	 2.03	 1	 -41.6932	  174.2881
7.513	 2.49	 2	 -42.1129	  172.8833
7.513	 2.51	 3	 -42.6363	  173.0534
7.515	 3.83	 1	 -41.8299	  174.7249
7.515	 2.09	 3	 -42.4612	  173.2435
7.516	 3.97	 3	 -41.6359	  174.2859
7.516	 2.05	 2	 -42.0912	  172.8051
7.516	 2.18	 4	 -42.2067	  173.9120
7.517	 2.51	 1	 -42.6186	  173.0282
7.520	 2.15	 1	 -42.2100	  173.5555
7.520	 2.18	 3	 -42.3662	  172.9384
7.522	 2.20	 3	 -42.7025	  172.5666
7.523	 3.20	 2	 -41.1898	  173.7000
7.523	 2.26	 4	 -42.5907	  173.0873
7.525	 2.15	 1	 -42.2376	  173.6110
7.525	 2.55	 3	 -41.6364	  174.3761
7.526	 2.13	 2	 -42.2388	  173.7787
7.526	 2.15	 1	 -41.8094	  174.1628
7.526	 2.86	 4	 -41.6026	  174.3512
7.526	 5.16	 4	 -42.0259	  173.2368
7.527	 2.11	 1	 -41.7877	  174.2690
7.527	 2.06	 3	 -42.4418	  172.9574
7.528	 2.26	 1	 -42.2725	  173.5043
7.528	 2.01	 3	 -42.4978	  173.2713
7.529	 2.45	 2	 -41.6725	  174.2606
7.531	 3.40	 3	 -42.7624	  174.4167
7.531	 2.07	 3	 -43.2584	  174.5051
7.534	 2.24	 2	 -42.3097	  174.1801
7.534	 2.32	 2	 -42.7179	  173.0023
7.534	 2.23	 1	 -42.0854	  174.5845
7.537	 2.03	 1	 -41.7433	  174.3374
7.538	 2.99	 2	 -41.9315	  173.6968
7.539	 2.66	 1	 -41.9604	  174.0444
7.539	 2.22	 3	 -42.5430	  173.0711
7.539	 2.40	 1	 -42.5433	  173.0995
7.540	 3.21	 1	 -42.3091	  173.5272
7.545	 2.30	 3	 -41.9826	  173.0618
7.545	 2.26	 2	 -42.4571	  173.9169
7.547	 3.13	 1	 -42.3550	  173.4757
7.547	 2.24	 2	 -41.9285	  173.7166
7.548	 2.11	 5	 -42.0580	  173.1940
7.548	 2.31	 1	 -42.4838	  173.6409
7.549	 3.28	 3	 -42.6274	  173.2626
7.550	 2.05	 3	 -42.4977	  173.0315
7.551	 2.05	 3	 -42.5187	  173.2932
7.551	 2.32	 3	 -42.6278	  173.0761
7.553	 2.58	 1	 -41.7140	  174.1869
7.553	 2.33	 1	 -42.3827	  173.7685
7.557	 2.01	 2	 -42.3011	  173.6380
7.557	 2.91	 1	 -42.6809	  173.0903
7.557	 2.08	 3	 -42.3983	  173.1921
7.558	 2.12	 5	 -42.0097	  173.2679
7.558	 2.50	 3	 -42.1538	  173.7072
7.559	 2.61	 3	 -42.3378	  173.0622
7.560	 2.96	 3	 -42.5326	  173.2560
7.560	 2.18	 1	 -41.8742	  174.1562
7.561	 2.43	 2	 -41.9998	  174.2119
7.561	 2.31	 3	 -43.2723	  172.5760
7.562	 3.24	 2	 -41.4845	  175.8919
7.562	 2.27	 3	 -42.6377	  173.1676
7.563	 2.28	 3	 -42.4580	  173.0823
7.563	 3.51	 1	 -42.2764	  173.6026
7.564	 2.11	 5	 -40.8818	  170.1748
7.564	 2.24	 1	 -42.3722	  173.9552
7.565	 2.82	 3	 -41.6411	  173.9065
7.565	 2.12	 1	 -42.0855	  173.5942
7.566	 2.15	 1	 -42.8504	  173.1580
7.567	 2.63	 1	 -41.7733	  174.2733
7.568	 2.33	 1	 -42.1023	  173.6894
7.571	 2.12	 2	 -42.0180	  173.7124
7.572	 2.14	 3	 -42.1801	  173.1945
7.573	 2.09	 1	 -41.7286	  174.2896
7.577	 3.05	 3	 -42.5195	  172.8706
7.578	 2.61	 3	 -42.2012	  173.1267
7.580	 2.15	 1	 -41.7979	  174.2978
7.581	 2.24	 1	 -41.7635	  174.3397
7.582	 2.38	 2	 -42.5456	  173.1093
7.583	 2.00	 5	 -42.0335	  173.2679
7.584	 2.21	 3	 -42.6021	  173.2551
7.584	 2.43	 1	 -41.9701	  173.6238
7.585	 2.57	 3	 -42.7705	  173.8860
7.586	 2.37	 2	 -41.7362	  174.2766
7.589	 2.00	 2	 -41.9343	  174.0025
7.589	 2.01	 1	 -42.2052	  173.7562
7.590	 2.15	 2	 -41.9071	  173.8851
7.591	 3.53	 1	 -42.2936	  173.9740
7.593	 2.25	 2	 -42.6588	  172.7775
7.593	 2.65	 5	 -42.0256	  173.2289
7.595	 3.73	 3	 -42.4607	  173.1022
7.596	 2.68	 2	 -42.2072	  173.6575
7.597	 2.90	 2	 -42.3794	  173.9028
7.597	 3.26	 1	 -42.3785	  173.3371
7.597	 2.22	 2	 -41.6701	  174.2986
7.597	 2.02	 1	 -42.9713	  173.1962
7.598	 2.15	 4	 -42.5420	  173.5663
7.600	 2.27	 3	 -42.5855	  173.1076
7.600	 2.36	 3	 -42.3043	  172.8705
7.605	 2.04	 1	 -42.3582	  173.6327
7.605	 2.30	 1	 -42.3125	  174.1430
7.605	 2.13	 3	 -42.4852	  173.1410
7.605	 2.08	 1	 -42.7904	  173.8179
7.606	 2.07	 2	 -43.1266	  178.1873
7.606	 2.58	 3	 -42.3014	  173.4833
7.607	 2.68	 3	 -42.4485	  173.1426
7.607	 2.02	 1	 -41.6836	  174.3091
7.609	 2.89	 2	 -42.5534	  173.3102
7.610	 2.88	 3	 -42.5455	  173.2477
7.611	 2.00	 1	 -42.4712	  173.2583
7.613	 2.37	 1	 -42.4459	  172.9498
7.616	 2.37	 4	 -42.4529	  172.9105
7.617	 2.26	 3	 -41.7760	  173.8905
7.618	 2.23	 3	 -42.4928	  173.1928
7.618	 2.26	 3	 -42.4780	  173.3057
7.619	 2.45	 1	 -41.7525	  174.1873
7.619	 3.74	 5	 -41.9744	  173.1362
7.622	 2.20	 2	 -42.5712	  173.3044
7.623	 2.44	 2	 -42.1770	  174.0228
7.623	 2.52	 3	 -42.4110	  173.0987
7.624	 3.18	 4	 -42.4272	  173.0543
7.624	 2.55	 3	 -42.5019	  173.1554
7.625	 2.38	 4	 -42.1534	  172.9426
7.626	 2.66	 3	 -42.5257	  172.8498
7.626	 2.14	 1	 -42.4129	  173.6646
7.627	 2.93	 3	 -42.4643	  173.1396
7.627	 2.12	 1	 -42.2630	  173.6241
7.629	 2.12	 4	 -41.8486	  173.9410
7.630	 2.31	 5	 -42.1060	  173.1094
7.631	 2.33	 2	 -41.8173	  174.1629
7.633	 3.56	 1	 -42.8499	  173.1350
7.637	 2.34	 3	 -41.9309	  173.6763
7.638	 2.00	 2	 -42.2672	  173.7775
7.639	 2.30	 4	 -42.7686	  174.4419
7.639	 2.35	 1	 -42.0550	  173.7772
7.640	 2.15	 3	 -42.7961	  173.1877
7.640	 2.08	 2	 -42.7059	  172.8474
7.641	 2.75	 5	 -42.0006	  173.2597
7.644	 2.69	 4	 -42.6388	  173.2653
7.646	 2.12	 4	 -42.4432	  173.0635
7.646	 2.01	 3	 -42.5430	  173.0700
7.647	 3.89	 1	 -42.7486	  173.1405
7.648	 2.56	 3	 -42.3861	  173.8976
7.648	 2.23	 1	 -42.2058	  173.5597
7.650	 2.27	 3	 -42.5023	  173.2248
7.650	 2.00	 1	 -42.5022	  173.8053
7.650	 2.43	 1	 -41.8551	  174.2463
7.651	 2.22	 1	 -41.9721	  173.7024
7.652	 2.71	 3	 -42.5722	  173.2558
7.653	 2.46	 3	 -42.2375	  172.8151
7.653	 2.19	 3	 -42.5838	  173.0848
7.653	 2.18	 2	 -41.6617	  174.2883
7.653	 2.56	 1	 -42.1580	  173.5040
7.654	 2.10	 4	 -42.4678	  173.3364
7.656	 2.01	 1	 -42.3235	  173.7894
7.661	 2.08	 1	 -42.1955	  173.9100
7.664	 2.06	 2	 -41.8482	  174.3939
7.665	 2.72	 4	 -42.4106	  173.0979
7.665	 2.23	 5	 -42.0103	  173.2018
7.667	 2.29	 3	 -41.4246	  172.4819
7.668	 2.36	 3	 -42.5782	  173.0486
7.669	 2.97	 1	 -42.1444	  172.9355
7.671	 2.02	 1	 -42.1595	  173.7794
7.671	 3.41	 1	 -42.2880	  173.8429
7.672	 2.02	 3	 -42.4015	  173.1078
7.672	 2.38	 3	 -42.7045	  172.5723
7.673	 2.05	 3	 -41.7064	  175.2309
7.676	 2.34	 1	 -41.7906	  174.2304
7.676	 2.06	 3	 -42.4898	  173.3506
7.676	 2.28	 2	 -43.7232	  176.2687
7.677	 2.90	 4	 -42.2898	  173.9130
7.677	 2.57	 3	 -42.4686	  173.0764
7.677	 2.04	 3	 -42.5282	  173.2327
7.680	 2.69	 3	 -42.5826	  173.4846
7.680	 2.41	 1	 -42.0523	  173.7286
7.681	 2.04	 5	 -42.0488	  173.0983
7.681	 2.61	 3	 -42.2617	  173.7003
7.686	 2.59	 1	 -41.8606	  173.9280
7.687	 2.17	 5	 -42.0901	  173.2953
7.687	 2.27	 3	 -42.7969	  173.0262
7.690	 2.18	 4	 -42.3522	  173.0386
7.690	 2.20	 4	 -42.5596	  172.8639
7.690	 2.13	 1	 -42.6479	  173.0741
7.695	 2.51	 3	 -42.9511	  173.6534
7.695	 2.09	 3	 -42.5260	  173.0420
7.697	 2.34	 3	 -42.4895	  173.4739
7.697	 3.03	 3	 -42.4065	  173.1236
7.697	 2.64	 5	 -42.0081	  173.1419
7.697	 3.03	 1	 -42.9527	  173.1213
7.698	 2.97	 1	 -42.1915	  173.6090
7.700	 2.57	 3	 -42.4884	  173.3335
7.701	 2.26	 3	 -42.6638	  173.6599
7.701	 3.78	 3	 -42.6401	  173.2142
7.704	 3.57	 2	 -42.5928	  172.8279
7.706	 2.01	 3	 -42.2435	  173.6250
7.706	 2.02	 2	 -41.9572	  173.9137
7.707	 2.08	 2	 -41.7450	  174.3015
7.710	 2.49	 1	 -42.3159	  174.0433
7.711	 2.56	 2	 -42.3689	  173.4617
7.711	 2.35	 2	 -42.2300	  173.6789
7.711	 2.33	 1	 -41.8019	  174.2594
7.714	 2.86	 3	 -42.5386	  173.2458
7.714	 3.05	 1	 -42.3199	  174.0566
7.716	 2.80	 2	 -41.6164	  174.5165
7.717	 2.15	 4	 -43.0458	  172.3552
7.717	 3.51	 3	 -42.4127	  173.1444
7.718	 3.20	 5	 -42.2075	  173.5968
7.719	 2.42	 3	 -42.4519	  173.0125
7.719	 2.17	 1	 -41.7304	  174.3374
7.721	 3.10	 1	 -42.2358	  173.5979
7.721	 2.37	 3	 -42.4418	  173.1852
7.722	 2.60	 5	 -42.0448	  173.2224
7.722	 3.14	 2	 -42.3864	  173.1941
7.722	 2.49	 2	 -42.4700	  173.5253
7.723	 2.66	 1	 -41.9970	  173.5281
7.723	 2.08	 3	 -42.5833	  173.1473
7.726	 2.85	 3	 -42.5941	  173.1681
7.726	 2.78	 2	 -41.6586	  174.2448
7.728	 2.18	 2	 -42.3496	  173.5729
7.729	 2.16	 4	 -42.4332	  173.3851
7.730	 2.51	 1	 -41.7736	  174.2175
7.730	 2.74	 1	 -42.4223	  173.7968
7.733	 2.04	 1	 -41.6643	  174.3230
7.735	 2.86	 3	 -42.4709	  173.1352
7.735	 2.68	 1	 -42.1309	  174.0451
7.735	 2.34	 4	 -42.3076	  173.8247
7.738	 2.17	 5	 -42.0734	  173.2625
7.740	 2.52	 3	 -42.6396	  173.7129
7.741	 2.09	 3	 -42.3472	  172.5808
7.742	 2.30	 4	 -42.1116	  173.8620
7.744	 2.11	 4	 -42.5401	  173.0505
7.745	 3.01	 3	 -43.2976	  173.3801
7.745	 2.07	 3	 -42.4540	  173.3704
7.746	 3.17	 3	 -42.3467	  172.4241
7.746	 2.70	 1	 -42.6296	  173.1566
7.747	 2.63	 3	 -41.8494	  174.3151
7.749	 2.35	 3	 -42.4870	  173.1333
7.749	 3.83	 2	 -41.7396	  174.7138
7.750	 2.66	 1	 -42.5293	  173.7028
7.753	 2.06	 2	 -42.6150	  173.1575
7.754	 2.10	 2	 -41.8782	  173.9405
7.759	 2.07	 2	 -42.2325	  173.7905
7.763	 2.45	 2	 -42.7133	  173.2670
7.763	 2.27	 1	 -42.2109	  174.0822
7.764	 2.11	 1	 -42.2239	  173.4495
7.764	 2.73	 1	 -42.4175	  172.6102
7.765	 3.75	 2	 -41.8888	  174.0017
7.767	 2.05	 2	 -41.8236	  174.1334
7.768	 2.13	 2	 -41.8199	  174.1678
7.768	 2.17	 2	 -42.1359	  172.8996
7.771	 2.47	 4	 -42.4604	  173.1178
7.771	 2.67	 1	 -42.4232	  173.3396
7.771	 2.04	 3	 -42.5535	  172.8864
7.772	 3.45	 1	 -41.8992	  173.4630
7.775	 2.07	 1	 -42.4114	  173.8528
7.775	 3.01	 1	 -42.5086	  173.8222
7.776	 2.19	 1	 -42.3364	  173.9092
7.777	 2.02	 1	 -42.9616	  174.1234
7.777	 2.85	 4	 -41.6404	  174.2902
7.779	 2.36	 2	 -42.3125	  173.5321
7.781	 2.01	 3	 -42.4696	  173.0362
7.781	 2.14	 2	 -42.3162	  173.9550
7.782	 2.04	 2	 -42.4391	  173.3404
7.784	 2.17	 3	 -42.5194	  173.2037
7.786	 2.16	 5	 -42.0141	  173.2542
7.786	 2.15	 1	 -42.0205	  173.6897
7.787	 2.60	 1	 -42.5719	  173.3281
7.787	 2.22	 3	 -41.9493	  173.6139
7.787	 2.04	 1	 -42.2468	  173.4794
7.790	 2.95	 3	 -42.3307	  173.0603
7.791	 2.41	 1	 -41.7103	  174.2362
7.793	 2.09	 3	 -42.6150	  173.1163
7.794	 2.06	 1	 -42.2786	  173.6917
7.794	 2.59	 2	 -41.8780	  174.2646
7.797	 2.81	 3	 -41.3302	  167.2776
7.797	 2.01	 2	 -41.8840	  174.1660
7.798	 2.03	 3	 -42.4918	  173.3020
7.800	 2.17	 4	 -42.6300	  173.2151
7.800	 3.65	 4	 -42.7495	  174.4419
7.800	 2.58	 4	 -41.8590	  173.9681
7.801	 2.62	 1	 -41.7024	  174.3122
7.801	 2.37	 1	 -42.3449	  174.0156
7.802	 2.41	 1	 -42.5512	  173.0094
7.802	 2.43	 1	 -42.3102	  173.6968
7.803	 2.06	 1	 -42.3128	  173.6151
7.805	 4.07	 1	 -42.3311	  172.3672
7.805	 3.63	 3	 -42.4812	  173.0742
7.805	 2.23	 1	 -42.3729	  173.4301
7.807	 2.89	 1	 -42.3724	  172.9605
7.807	 2.21	 3	 -42.3293	  173.4544
7.810	 2.15	 1	 -42.1273	  173.7424
7.812	 2.03	 5	 -42.4857	  173.2344
7.814	 2.06	 3	 -43.2136	  171.8466
7.815	 2.21	 1	 -42.1658	  173.6192
7.816	 2.09	 2	 -41.8297	  174.0771
7.816	 2.15	 2	 -42.1944	  173.9361
7.816	 2.06	 1	 -41.7609	  174.1916
7.818	 2.21	 1	 -42.3149	  173.4606
7.818	 3.27	 3	 -43.0104	  173.2656
7.818	 2.69	 1	 -42.4903	  173.2538
7.820	 2.70	 3	 -41.7905	  174.9128
7.820	 2.26	 2	 -42.5495	  173.0105
7.820	 2.09	 1	 -41.7987	  174.2436
7.821	 2.07	 5	 -41.9858	  173.3274
7.822	 2.48	 1	 -42.4272	  173.7359
7.822	 2.42	 1	 -42.1613	  173.4402
7.822	 2.31	 3	 -42.3623	  173.2143
7.823	 2.40	 2	 -42.3966	  174.1476
7.823	 2.85	 3	 -42.4230	  173.1915
7.824	 2.52	 1	 -42.1260	  173.5572
7.828	 2.13	 2	 -42.5636	  173.1315
7.830	 2.49	 2	 -41.9718	  173.7074
7.831	 2.29	 4	 -42.5603	  173.1799
7.832	 2.22	 3	 -42.2206	  173.7766
7.836	 2.34	 3	 -42.3967	  173.3477
7.838	 2.24	 2	 -41.9422	  174.2830
7.839	 2.07	 2	 -42.8489	  173.2210
7.843	 3.16	 2	 -41.8847	  173.4793
7.843	 2.84	 1	 -42.4949	  172.9437
7.845	 2.07	 3	 -42.3131	  173.2052
7.847	 2.22	 3	 -41.8834	  173.8727
7.847	 3.60	 1	 -41.8256	  174.2586
7.848	 2.31	 3	 -42.8220	  172.5546
7.849	 2.73	 1	 -42.4679	  173.1682
7.851	 3.93	 1	 -41.7672	  174.4515
7.852	 2.20	 3	 -42.4958	  173.1505
7.852	 2.18	 1	 -42.3019	  174.0195
7.855	 2.02	 1	 -46.3710	  169.5036
7.856	 3.49	 2	 -42.3120	  173.6164
7.857	 2.03	 3	 -41.9346	  173.8434
7.857	 2.41	 3	 -42.4546	  173.2383
7.859	 4.73	 3	 -42.2413	  173.8573
7.859	 2.03	 1	 -41.8093	  174.2120
7.861	 2.30	 3	 -41.8933	  174.1929
7.862	 3.01	 3	 -42.4445	  172.9114
7.862	 2.19	 1	 -42.4064	  173.7761
7.863	 2.42	 1	 -41.9926	  174.4096
7.868	 2.65	 5	 -38.8508	  172.7084
7.871	 2.72	 3	 -42.5807	  172.7538
7.872	 2.14	 1	 -42.1849	  173.7555
7.874	 2.03	 1	 -41.6119	  174.2802
7.874	 2.67	 3	 -41.9196	  174.2776
7.874	 2.41	 5	 -42.7456	  174.3829
7.875	 3.16	 4	 -42.2373	  173.8808
7.876	 2.12	 2	 -41.8593	  173.9875
7.876	 2.17	 1	 -41.9086	  174.0378
7.877	 2.65	 3	 -41.6453	  174.2429
7.881	 2.32	 4	 -42.1339	  173.8184
7.884	 2.30	 1	 -41.8132	  174.2721
7.885	 2.64	 1	 -41.8740	  174.3119
7.886	 2.13	 3	 -41.8864	  173.4608
7.888	 2.04	 3	 -42.2843	  172.9204
7.890	 2.47	 1	 -41.9954	  174.3456
7.890	 2.29	 3	 -42.4197	  173.2363
7.891	 2.24	 1	 -41.8309	  174.1468
7.892	 2.87	 1	 -41.6154	  174.3129
7.893	 2.69	 3	 -42.3944	  173.1099
7.894	 2.23	 4	 -42.2403	  173.8431
7.897	 2.25	 2	 -42.3799	  173.3555
7.900	 2.26	 1	 -42.3775	  173.9964
7.902	 3.08	 3	 -42.4803	  173.1628
7.902	 2.21	 1	 -41.8234	  174.1976
7.902	 2.34	 1	 -42.1159	  173.9332
7.902	 2.70	 3	 -42.5051	  173.2422
7.902	 2.41	 1	 -41.9207	  173.7188
7.903	 2.16	 1	 -41.7883	  174.2295
7.904	 2.34	 3	 -42.4697	  173.2041
7.904	 2.34	 3	 -42.5893	  172.8179
7.905	 2.03	 3	 -42.6494	  173.4068
7.905	 2.47	 4	 -42.2001	  173.8314
7.905	 2.16	 1	 -41.9504	  173.7567
7.905	 2.07	 2	 -41.8118	  173.6105
7.906	 2.08	 3	 -42.4652	  173.1293
7.909	 3.04	 1	 -41.7119	  174.2883
7.909	 2.07	 2	 -42.3978	  174.2563
7.912	 2.26	 3	 -42.4375	  173.5578
7.914	 2.99	 1	 -41.7340	  174.1830
7.915	 2.57	 5	 -42.2317	  172.7142
7.915	 2.42	 3	 -42.4175	  173.0839
7.916	 2.07	 1	 -42.3051	  173.7611
7.917	 2.03	 1	 -42.3346	  173.9156
7.919	 2.46	 2	 -41.6633	  174.2640
7.919	 2.64	 1	 -41.7877	  174.3150
7.919	 2.25	 1	 -41.9548	  173.7817
7.920	 2.08	 3	 -42.4868	  173.0388
7.921	 2.18	 2	 -41.7671	  174.4543
7.923	 2.26	 3	 -42.3925	  173.1664
7.924	 2.77	 3	 -42.5490	  173.0280
7.928	 2.14	 1	 -42.0080	  172.8985
7.930	 2.35	 2	 -42.3015	  173.7966
7.931	 2.17	 1	 -42.8645	  172.8751
7.935	 2.29	 1	 -42.5987	  173.0793
7.938	 2.09	 1	 -42.2686	  173.6042
7.943	 2.76	 3	 -42.5744	  173.0304
7.947	 2.01	 3	 -42.5135	  173.6544
7.948	 2.17	 4	 -41.8305	  174.6028
7.948	 2.84	 3	 -42.2754	  173.6089
7.950	 2.05	 1	 -42.5433	  174.1357
7.951	 3.18	 4	 -41.3301	  167.2787
7.951	 2.32	 1	 -42.3012	  173.6403
7.952	 2.15	 1	 -42.2575	  173.7681
7.953	 2.18	 1	 -42.7575	  172.9024
7.953	 2.01	 1	 -42.0284	  173.7436
7.955	 2.34	 5	 -42.0643	  172.9938
7.955	 2.21	 6	 -42.1114	  173.2698
7.956	 2.24	 3	 -42.2085	  173.5880
7.957	 3.43	 3	 -41.9512	  173.6773
7.957	 2.57	 3	 -42.3322	  173.0571
7.959	 2.04	 2	 -42.2738	  173.5079
7.961	 2.92	 3	 -42.6533	  173.1258
7.961	 2.39	 1	 -41.7148	  174.2781
7.962	 2.57	 2	 -42.2963	  173.9563
7.962	 2.21	 3	 -42.1924	  173.8195
7.965	 2.31	 3	 -42.3701	  173.0502
7.968	 2.14	 1	 -41.7587	  174.4038
7.968	 2.94	 2	 -42.4836	  173.1471
7.969	 4.77	 3	 -41.8484	  173.0633
7.970	 3.43	 2	 -42.6187	  172.9537
7.970	 2.02	 1	 -41.6724	  173.9724
7.971	 2.10	 2	 -42.7506	  173.3114
7.971	 3.71	 4	 -41.8576	  173.0701
7.972	 2.11	 3	 -42.6302	  173.1118
7.972	 2.09	 3	 -42.5528	  173.2727
7.972	 2.04	 1	 -41.8259	  174.2655
7.974	 2.54	 2	 -41.1729	  175.3469
7.974	 2.49	 1	 -41.8220	  174.2302
7.981	 2.29	 1	 -41.4800	  174.4382
7.982	 2.34	 3	 -42.5290	  173.1133
7.986	 2.28	 2	 -42.0507	  174.3376
7.988	 2.03	 1	 -42.1059	  174.0608
7.989	 2.58	 4	 -42.2443	  173.8552
7.991	 2.11	 4	 -41.5814	  174.3102
7.993	 2.17	 2	 -42.3050	  173.7628
7.997	 2.06	 3	 -42.2244	  173.3548
7.998	 2.37	 1	 -41.6651	  174.2564
7.998	 2.09	 2	 -42.3270	  172.3662
7.999	 2.44	 2	 -42.0451	  174.3736
8.000	 2.82	 1	 -42.5496	  173.1878
8.000	 2.11	 5	 -41.3255	  167.2725
8.002	 2.62	 1	 -41.8987	  174.2775
8.003	 2.40	 2	 -42.0325	  174.1412
8.003	 2.74	 4	 -42.7987	  172.8810
8.004	 2.13	 2	 -42.2823	  173.8670
8.004	 3.45	 5	 -42.0298	  173.2573
8.005	 2.16	 1	 -42.2636	  173.8003
8.005	 3.08	 2	 -41.9814	  174.1170
8.007	 2.34	 2	 -41.6882	  174.5402
8.007	 2.08	 4	 -41.7298	  173.0726
8.007	 2.26	 3	 -42.2115	  173.8942
8.007	 2.03	 1	 -41.7990	  173.4535
8.007	 2.02	 1	 -42.4899	  173.9501
8.008	 2.02	 2	 -42.5240	  173.9156
8.009	 2.05	 3	 -42.7739	  173.5936
8.009	 2.24	 5	 -42.3539	  173.8468
8.009	 2.62	 1	 -42.5081	  173.7420
8.010	 2.25	 2	 -41.6811	  174.2919
8.010	 2.53	 4	 -41.8468	  173.0533
8.014	 2.04	 1	 -42.3141	  173.8401
8.017	 2.66	 1	 -44.0943	  174.8221
8.017	 2.14	 1	 -42.5897	  173.1198
8.018	 2.44	 4	 -42.4726	  173.3165
8.018	 3.40	 3	 -42.8224	  172.6626
8.018	 3.75	 3	 -42.2891	  173.2156
8.018	 2.01	 1	 -46.0075	  176.1681
8.019	 2.19	 1	 -41.6909	  174.3776
8.019	 2.01	 3	 -42.5817	  173.0553
8.019	 2.02	 2	 -42.6444	  173.0769
8.020	 3.59	 2	 -42.4552	  172.6210
8.020	 2.89	 3	 -42.5790	  173.2035
8.022	 2.18	 2	 -42.5289	  173.4012
8.023	 2.47	 2	 -41.7061	  174.2245
8.024	 3.78	 1	 -42.6582	  172.7170
8.028	 2.11	 3	 -42.7191	  172.6594
8.028	 2.02	 2	 -42.1925	  173.6089
8.032	 2.45	 1	 -42.1494	  173.8425
8.032	 2.48	 2	 -42.5896	  172.4984
8.034	 2.12	 4	 -42.2312	  173.8464
8.036	 2.40	 2	 -41.8705	  174.1505
8.037	 2.05	 1	 -42.0097	  173.5778
8.038	 2.53	 2	 -42.4772	  173.8675
8.040	 3.02	 3	 -44.2739	  173.3905
8.040	 4.68	 3	 -37.9881	  171.8370
8.041	 2.02	 3	 -42.6665	  173.0751
8.041	 2.21	 1	 -42.0192	  174.1184
8.041	 3.13	 3	 -42.4813	  172.5793
8.042	 2.16	 1	 -42.6503	  172.8082
8.045	 2.27	 3	 -42.5048	  173.0802
8.045	 2.01	 3	 -41.7356	  174.3327
8.046	 2.45	 2	 -41.9124	  173.7039
8.047	 2.07	 1	 -42.5247	  173.2491
8.050	 2.01	 3	 -42.7212	  173.5755
8.051	 2.27	 3	 -46.0281	  175.4801
8.052	 2.29	 2	 -42.2731	  173.7028
8.052	 2.00	 1	 -41.7924	  174.1444
8.053	 2.42	 1	 -43.2725	  173.3540
8.053	 2.39	 4	 -41.5209	  173.2157
8.053	 2.42	 3	 -42.4634	  172.9514
8.053	 2.15	 1	 -42.5627	  172.5277
8.054	 2.14	 4	 -42.4729	  173.1257
8.057	 2.74	 1	 -41.7649	  174.2859
8.059	 2.66	 1	 -42.6497	  173.3628
8.059	 2.49	 2	 -42.5889	  173.2330
8.062	 2.37	 1	 -42.2006	  173.7464
8.065	 2.14	 1	 -41.3694	  173.9278
8.067	 2.19	 1	 -42.3768	  173.7949
8.068	 2.30	 2	 -42.1530	  173.5321
8.068	 2.63	 2	 -42.4731	  173.1675
8.068	 2.33	 3	 -42.4378	  173.2492
8.069	 2.02	 1	 -41.8150	  174.2246
8.069	 3.79	 4	 -37.9307	  171.8408
8.070	 2.02	 3	 -42.4039	  173.2387
8.070	 2.46	 3	 -42.2366	  173.8679
8.071	 2.16	 1	 -42.2529	  173.6916
8.072	 2.31	 2	 -42.2903	  174.1189
8.072	 2.05	 1	 -41.6877	  174.1369
8.072	 2.08	 5	 -42.0038	  173.1988
8.073	 2.44	 3	 -42.4855	  173.1372
8.074	 2.01	 5	 -42.1090	  173.2052
8.076	 2.53	 1	 -42.6262	  172.7453
8.078	 3.40	 2	 -41.7744	  173.2691
8.078	 2.63	 2	 -42.2011	  173.6693
8.079	 2.71	 4	 -37.9780	  171.8263
8.079	 2.23	 2	 -42.6801	  173.0655
8.079	 2.24	 6	 -41.3243	  167.2735
8.081	 2.11	 1	 -42.2099	  173.5927
8.081	 2.62	 2	 -42.0878	  174.3745
8.083	 3.25	 2	 -42.5176	  173.9721
8.086	 2.50	 3	 -42.3361	  173.0758
8.087	 3.93	 1	 -42.2129	  173.6440
8.087	 2.30	 2	 -41.9231	  173.8727
8.087	 2.02	 2	 -41.7346	  174.3779
8.088	 2.77	 1	 -41.1516	  175.0277
8.088	 2.16	 2	 -41.9421	  173.6841
8.089	 2.01	 2	 -42.3069	  173.8953
8.090	 2.24	 4	 -37.9735	  171.8362
8.091	 2.53	 3	 -41.1502	  175.0886
8.091	 2.22	 4	 -41.8607	  173.0341
8.092	 2.27	 4	 -41.8873	  172.9544
8.095	 2.07	 3	 -42.2224	  174.0433
8.095	 2.18	 1	 -42.0572	  173.7939
8.097	 2.14	 1	 -42.4340	  173.6557
8.102	 2.34	 1	 -42.6943	  172.5171
8.102	 2.84	 1	 -42.0594	  174.1857
8.104	 3.17	 1	 -42.2403	  173.8176
8.104	 2.44	 1	 -42.5667	  173.0882
8.105	 2.26	 2	 -42.6722	  172.8089
8.105	 3.72	 2	 -42.5058	  173.5332
8.110	 2.00	 2	 -42.2497	  173.8683
8.111	 2.00	 3	 -42.3433	  173.5317
8.116	 2.16	 1	 -42.0235	  173.7346
8.116	 2.92	 2	 -42.5734	  173.5935
8.117	 2.45	 1	 -42.7715	  172.3645
8.122	 2.24	 1	 -42.6012	  171.9697
8.123	 4.03	 2	 -42.3479	  173.4374
8.124	 2.26	 1	 -42.4716	  173.8557
8.124	 2.03	 2	 -42.5090	  173.7520
8.125	 2.31	 3	 -42.7671	  172.9453
8.128	 2.12	 3	 -42.4438	  172.1155
8.130	 2.42	 3	 -42.1948	  174.2407
8.130	 2.09	 3	 -42.5494	  173.1634
8.131	 2.38	 1	 -42.3460	  173.7904
8.134	 2.68	 3	 -43.3093	  173.0343
8.135	 2.08	 1	 -41.7159	  174.2686
8.138	 2.06	 3	 -42.5171	  173.9740
8.139	 2.37	 1	 -42.6411	  173.4957
8.140	 2.78	 2	 -42.2287	  173.5725
8.140	 2.13	 1	 -41.7791	  174.2153
8.140	 2.21	 1	 -41.6594	  174.1297
8.142	 2.01	 3	 -42.6072	  173.1242
8.147	 3.20	 1	 -41.6659	  174.2041
8.148	 3.04	 3	 -42.3895	  173.3912
8.148	 2.35	 3	 -42.3890	  173.1274
8.150	 2.69	 3	 -42.5029	  173.3642
8.151	 2.44	 1	 -42.0022	  173.6329
8.151	 2.85	 1	 -42.3065	  173.6788
8.152	 2.03	 3	 -42.4742	  173.0490
8.153	 2.05	 1	 -41.7833	  173.9404
8.154	 2.15	 1	 -42.5693	  172.6406
8.154	 2.91	 1	 -41.6277	  173.1530
8.155	 2.95	 3	 -41.6027	  174.2306
8.160	 2.24	 3	 -42.3693	  173.0389
8.160	 2.29	 1	 -42.1622	  173.5653
8.161	 2.17	 2	 -42.2232	  173.6029
8.162	 2.12	 1	 -41.9940	  173.6744
8.163	 2.43	 2	 -41.7086	  174.2573
8.164	 2.09	 4	 -42.2552	  173.7992
8.165	 2.31	 1	 -42.8631	  172.8042
8.165	 2.07	 3	 -41.8945	  174.0090
8.167	 2.29	 2	 -42.2702	  173.9210
8.169	 2.02	 1	 -41.7632	  174.2135
8.172	 2.81	 1	 -41.8917	  174.4080
8.173	 2.74	 1	 -42.3312	  173.6467
8.175	 2.32	 1	 -42.2254	  173.9215
8.176	 2.32	 1	 -42.0119	  174.3732
8.177	 2.59	 1	 -42.1674	  173.5642
8.177	 3.69	 1	 -44.0625	  172.0309
8.179	 2.16	 3	 -41.7345	  174.3103
8.181	 2.70	 1	 -40.5103	  172.5651
8.181	 2.98	 1	 -41.7947	  174.2260
8.183	 2.20	 1	 -42.1633	  173.6288
8.185	 2.03	 2	 -42.2274	  173.5428
8.188	 2.39	 1	 -42.4028	  173.8393
8.190	 2.35	 1	 -42.3019	  173.7335
8.191	 3.57	 1	 -41.6311	  174.3053
8.192	 2.41	 1	 -42.3919	  173.8542
8.193	 2.01	 3	 -42.3063	  173.2929
8.193	 2.23	 4	 -42.2590	  173.8092
8.194	 3.03	 1	 -41.8791	  174.2023
8.195	 2.55	 1	 -42.4709	  174.0825
8.198	 2.05	 1	 -41.7877	  174.1007
8.199	 2.33	 5	 -42.1069	  173.9222
8.201	 2.06	 2	 -41.8652	  174.2160
8.201	 2.06	 4	 -42.2689	  173.4846
8.201	 2.17	 1	 -41.9881	  173.6466
8.202	 2.15	 1	 -41.7296	  174.2782
8.202	 2.11	 1	 -41.7873	  174.2647
8.203	 2.25	 4	 -37.9886	  171.8163
8.206	 2.33	 1	 -42.3076	  173.6808
8.206	 2.25	 2	 -43.1607	  178.1081
8.207	 2.10	 1	 -42.6359	  173.2142
8.207	 2.28	 3	 -42.2700	  173.7769
8.208	 2.43	 1	 -42.2383	  173.7889
8.209	 2.52	 1	 -42.5446	  172.9636
8.214	 2.53	 1	 -42.0345	  173.7856
8.214	 2.11	 3	 -42.4868	  173.2013
8.217	 3.02	 2	 -44.0579	  172.0500
8.220	 2.19	 1	 -42.1929	  173.8792
8.222	 2.03	 4	 -42.4233	  173.1392
8.224	 2.66	 3	 -42.6466	  173.3863
8.225	 2.95	 4	 -41.8811	  173.7952
8.225	 2.01	 3	 -42.5114	  173.3619
8.227	 2.16	 1	 -42.1776	  173.6576
8.228	 2.48	 2	 -42.6595	  172.7239
8.230	 2.55	 1	 -42.7010	  172.7310
8.231	 2.10	 4	 -41.8268	  173.0710
8.231	 2.66	 2	 -42.9363	  172.9012
8.232	 2.14	 2	 -42.9309	  172.8698
8.234	 2.48	 1	 -42.1501	  173.4857
8.236	 2.81	 3	 -42.5028	  172.1097
8.237	 2.02	 2	 -41.8513	  174.0267
8.237	 2.76	 1	 -41.7706	  174.3213
8.239	 2.99	 3	 -42.3973	  173.5518
8.240	 2.54	 2	 -42.6293	  172.9498
8.245	 2.08	 2	 -42.2516	  173.7125
8.245	 2.31	 3	 -41.7647	  173.9464
8.250	 2.54	 2	 -41.7739	  174.2801
8.253	 2.04	 1	 -41.7585	  174.4204
8.254	 2.44	 1	 -42.1851	  173.8777
8.255	 2.50	 1	 -43.6967	  173.3842
8.261	 2.03	 1	 -42.9874	  173.2809
8.261	 3.23	 3	 -47.2409	  171.8922
8.262	 2.17	 3	 -42.5809	  173.1279
8.263	 2.31	 1	 -42.2595	  173.4431
8.263	 2.06	 2	 -39.2713	  177.0040
8.263	 2.05	 4	 -42.4512	  173.3662
8.266	 2.61	 2	 -41.7503	  174.2591
8.266	 2.36	 6	 -41.9751	  173.1389
8.268	 3.45	 3	 -42.4918	  173.3073
8.269	 2.55	 3	 -42.5044	  173.0992
8.270	 2.55	 1	 -42.5719	  172.7312
8.273	 2.44	 2	 -42.2162	  173.7922
8.274	 2.82	 1	 -41.6369	  174.2985
8.278	 2.06	 4	 -47.2331	  171.9103
8.278	 2.18	 2	 -42.7615	  174.0445
8.278	 2.17	 4	 -42.2327	  173.8777
8.280	 2.32	 3	 -41.6635	  174.2598
8.281	 2.81	 1	 -42.4428	  173.0106
8.281	 2.28	 4	 -41.6611	  172.6380
8.284	 2.77	 3	 -42.5774	  173.1764
8.284	 2.42	 3	 -42.3551	  173.0079
8.287	 2.73	 1	 -42.8701	  173.0424
8.288	 2.16	 1	 -41.7021	  174.4173
8.288	 2.66	 2	 -44.0608	  172.0283
8.288	 2.66	 1	 -42.1908	  173.6801
8.288	 2.56	 1	 -42.9268	  173.2563
8.291	 3.53	 3	 -42.6889	  173.0918
8.291	 2.06	 3	 -42.6131	  173.5092
8.292	 2.08	 5	 -41.9866	  173.2844
8.292	 2.09	 3	 -42.5070	  173.1166
8.292	 2.22	 1	 -42.8226	  173.4497
8.294	 2.78	 3	 -42.5556	  173.1955
8.294	 2.07	 4	 -41.8468	  173.0697
8.295	 2.80	 1	 -42.5711	  172.8098
8.295	 2.15	 1	 -42.1396	  173.5369
8.299	 2.31	 3	 -42.7115	  173.4116
8.300	 2.07	 1	 -42.7327	  174.2956
8.301	 2.09	 3	 -42.2093	  173.0498
8.302	 2.00	 1	 -42.8016	  173.0466
8.303	 2.72	 1	 -43.2990	  172.2187
8.303	 2.03	 1	 -41.8199	  174.2100
8.304	 3.46	 1	 -42.3532	  174.0517
8.305	 2.16	 2	 -41.8496	  174.1595
8.305	 2.57	 1	 -41.9086	  173.5838
8.308	 2.03	 1	 -42.7368	  172.3827
8.313	 2.69	 3	 -46.7242	  175.2349
8.315	 2.07	 2	 -41.9770	  174.3957
8.317	 2.65	 1	 -41.6646	  174.7230
8.317	 3.14	 1	 -42.2088	  173.5398
8.318	 2.82	 2	 -43.1478	  175.2071
8.318	 2.23	 1	 -41.7080	  174.2133
8.321	 2.47	 3	 -42.5731	  173.5911
8.323	 2.29	 1	 -42.3256	  174.0580
8.324	 2.04	 2	 -42.3498	  173.6435
8.325	 2.02	 1	 -42.2576	  173.7540
8.325	 2.28	 3	 -42.5445	  173.2319
8.328	 2.74	 3	 -42.3562	  173.5756
8.328	 2.11	 1	 -42.2380	  173.7100
8.329	 3.13	 1	 -42.5126	  172.8160
8.330	 2.37	 1	 -42.4392	  173.1753
8.330	 2.30	 2	 -42.1028	  173.5472
8.333	 4.28	 3	 -41.8011	  174.2555
8.334	 2.03	 3	 -42.5172	  173.1206
8.335	 3.47	 1	 -42.6366	  172.9773
8.337	 2.00	 3	 -42.2525	  173.6686
8.337	 2.10	 4	 -42.2404	  173.8880
8.338	 2.20	 1	 -42.3244	  173.9273
8.338	 2.00	 1	 -42.2325	  173.6841
8.342	 3.05	 1	 -41.7868	  174.1025
8.342	 2.09	 2	 -42.6992	  174.0608
8.343	 3.47	 1	 -42.2810	  173.7232
8.344	 3.00	 1	 -42.2508	  173.7051
8.345	 2.01	 3	 -41.9698	  174.7397
8.345	 2.36	 3	 -42.5537	  173.3638
8.345	 2.33	 1	 -41.9804	  173.8629
8.346	 3.09	 2	 -42.2303	  173.6653
8.350	 2.25	 2	 -42.3954	  173.6561
8.350	 2.66	 2	 -43.1985	  173.2811
8.352	 2.19	 2	 -42.2556	  173.8906
8.353	 2.50	 1	 -42.3400	  174.0721
8.355	 3.04	 2	 -42.6357	  172.9742
8.355	 2.10	 2	 -42.1889	  173.8737
8.357	 2.30	 1	 -42.0061	  173.6423
8.359	 2.25	 4	 -41.8171	  174.2425
8.359	 2.20	 1	 -41.8126	  173.9353
8.363	 2.68	 2	 -42.1766	  172.9582
8.365	 2.11	 3	 -42.2783	  173.9130
8.369	 2.08	 1	 -42.3456	  174.0074
8.370	 2.42	 1	 -42.3851	  180.2135
8.371	 2.01	 2	 -42.0543	  173.4916
8.372	 3.28	 1	 -42.0513	  173.7034
8.373	 2.34	 3	 -42.8290	  173.7843
8.373	 2.12	 1	 -42.1441	  173.5155
8.374	 3.12	 1	 -42.7509	  172.7679
8.374	 2.83	 2	 -43.1621	  173.0592
8.374	 2.25	 3	 -42.5864	  173.0820
8.376	 2.30	 2	 -42.9522	  173.1219
8.377	 2.10	 3	 -42.3370	  172.5435
8.377	 2.26	 1	 -42.2503	  173.8185
8.379	 2.32	 2	 -41.1605	  175.0552
8.380	 2.10	 3	 -42.3385	  173.0492
8.380	 2.25	 3	 -42.1374	  173.6531
8.380	 2.28	 3	 -46.7990	  171.4085
8.381	 2.28	 3	 -42.4812	  172.7759
8.383	 3.03	 1	 -42.0385	  173.6715
8.383	 2.05	 1	 -42.3262	  173.9539
8.385	 2.29	 2	 -41.8252	  174.7542
8.387	 3.59	 3	 -42.6565	  173.6711
8.387	 2.59	 2	 -41.6190	  174.2144
8.389	 2.00	 1	 -41.6118	  174.3781
8.389	 2.62	 1	 -42.1820	  173.7078
8.389	 2.57	 3	 -42.2336	  173.4090
8.390	 2.24	 2	 -41.8095	  174.2564
8.392	 2.23	 1	 -42.4996	  173.7366
8.395	 2.03	 3	 -42.5002	  173.2461
8.396	 2.51	 2	 -42.5469	  173.3308
8.396	 2.44	 2	 -42.3678	  173.1657
8.396	 2.23	 3	 -42.6968	  173.2294
8.396	 2.55	 3	 -42.3911	  173.2633
8.397	 3.42	 1	 -41.8033	  174.1119
8.397	 2.32	 3	 -41.8415	  172.6507
8.401	 2.49	 4	 -42.6564	  173.4245
8.401	 2.09	 1	 -42.2668	  173.6555
8.403	 2.20	 2	 -41.9245	  173.7336
8.403	 4.17	 1	 -42.1216	  173.5274
8.404	 2.32	 3	 -42.5466	  173.3296
8.405	 2.47	 1	 -43.2573	  170.4843
8.405	 2.26	 1	 -42.3217	  173.4776
8.411	 2.38	 2	 -42.4302	  180.1690
8.411	 2.28	 3	 -42.3707	  173.9687
8.412	 2.10	 1	 -41.6981	  174.3000
8.414	 2.50	 1	 -42.5625	  173.1320
8.414	 2.41	 2	 -41.7477	  174.1229
8.414	 2.41	 1	 -42.6514	  172.8136
8.415	 2.84	 4	 -41.6380	  174.2231
8.415	 2.08	 2	 -42.4420	  173.0000
8.416	 2.71	 2	 -39.9196	  171.1637
8.418	 2.54	 1	 -41.8206	  174.0005
8.420	 2.00	 3	 -42.5796	  172.9012
8.420	 2.16	 1	 -42.6598	  172.7804
8.421	 2.04	 1	 -42.0167	  173.7644
8.422	 2.21	 2	 -42.4877	  173.4468
8.423	 2.23	 4	 -42.6762	  173.8099
8.424	 2.71	 4	 -42.4987	  173.3077
8.424	 2.31	 2	 -42.3551	  173.6907
8.424	 2.72	 2	 -41.8896	  174.5515
8.426	 2.21	 3	 -42.3482	  173.4425
8.428	 2.04	 2	 -42.5136	  173.3167
8.433	 2.06	 4	 -41.9003	  174.1844
8.437	 3.09	 2	 -42.0559	  173.6334
8.438	 2.10	 1	 -41.8822	  173.9753
8.438	 3.00	 1	 -41.7987	  174.2098
8.438	 3.59	 4	 -42.5914	  173.1573
8.442	 2.09	 2	 -42.3159	  172.6108
8.443	 2.16	 3	 -42.3517	  173.0351
8.444	 2.04	 3	 -42.2232	  173.8886
8.447	 2.52	 2	 -42.6300	  173.0333
8.448	 3.36	 1	 -42.6356	  173.1050
8.448	 2.02	 1	 -42.1133	  173.5745
8.448	 2.78	 3	 -42.5891	  172.8730
8.450	 2.03	 1	 -42.4682	  173.7937
8.451	 2.05	 3	 -42.5129	  173.3920
8.452	 2.16	 1	 -42.5586	  173.1215
8.454	 2.07	 4	 -42.1052	  173.9257
8.461	 2.08	 3	 -42.5613	  173.1268
8.463	 2.04	 2	 -41.8855	  173.9830
8.463	 2.34	 2	 -41.1942	  175.0537
8.466	 2.21	 1	 -42.4959	  173.7413
8.466	 2.00	 1	 -42.0719	  173.6765
8.469	 2.48	 1	 -42.1474	  173.8618
8.471	 2.48	 1	 -42.1469	  173.4504
8.472	 3.89	 3	 -42.5805	  172.8373
8.472	 2.65	 3	 -42.3542	  174.0320
8.474	 2.89	 1	 -42.1226	  173.6072
8.476	 2.54	 2	 -42.5847	  173.3958
8.477	 2.17	 4	 -42.3911	  173.0487
8.478	 2.18	 1	 -42.4797	  173.7913
8.479	 3.05	 2	 -42.1904	  173.6835
8.480	 2.10	 2	 -41.7273	  174.2570
8.483	 2.01	 2	 -42.3015	  174.0199
8.484	 2.08	 2	 -41.8334	  174.1792
8.484	 2.33	 3	 -42.3714	  173.2448
8.484	 2.11	 3	 -42.6475	  173.1519
8.487	 2.19	 3	 -42.3585	  173.6665
8.488	 2.03	 4	 -38.0640	  171.8213
8.488	 2.13	 1	 -42.6586	  172.8364
8.488	 2.30	 2	 -41.8281	  174.3947
8.496	 2.00	 3	 -42.2895	  173.8878
8.496	 2.30	 1	 -42.5862	  173.1715
8.498	 2.15	 3	 -42.5120	  173.2178
8.499	 2.26	 1	 -42.3218	  173.6345
8.502	 2.19	 3	 -42.8396	  172.3014
8.503	 3.11	 3	 -42.3748	  174.1376
8.508	 2.04	 1	 -42.1107	  173.8202
8.513	 2.24	 1	 -42.1291	  173.7944
8.514	 2.78	 1	 -42.1688	  173.6511
8.515	 2.28	 4	 -42.2184	  173.8720
8.515	 2.15	 3	 -42.2330	  173.4238
8.518	 2.13	 3	 -42.0587	  173.6323
8.519	 2.01	 4	 -42.3825	  173.2043
8.522	 2.61	 1	 -42.3827	  173.5727
8.523	 2.01	 1	 -42.1444	  173.5456
8.524	 2.15	 4	 -41.9052	  173.8705
8.526	 2.03	 4	 -41.8353	  173.0009
8.526	 2.69	 4	 -42.4404	  173.2477
8.526	 2.29	 1	 -42.1774	  173.7537
8.527	 2.23	 1	 -41.8015	  174.1615
8.527	 2.41	 5	 -42.5935	  173.1512
8.530	 2.06	 3	 -42.2386	  173.4222
8.530	 2.09	 3	 -42.3536	  173.4502
8.532	 2.09	 3	 -42.5950	  173.2735
8.532	 2.10	 2	 -42.2592	  173.8408
8.533	 2.62	 4	 -41.7537	  174.0544
8.535	 3.26	 3	 -42.5693	  173.1540
8.535	 2.08	 2	 -42.0645	  173.6877
8.536	 2.09	 4	 -41.8348	  174.1192
8.538	 2.28	 3	 -42.5194	  173.1774
8.539	 2.02	 1	 -42.3618	  174.0075
8.540	 2.35	 3	 -42.4071	  173.4186
8.542	 2.44	 4	 -42.6011	  172.8242
8.543	 2.04	 2	 -42.4956	  173.1790
8.543	 2.19	 3	 -42.2886	  173.4791
8.545	 2.15	 2	 -41.9821	  173.6750
8.545	 2.08	 2	 -42.1549	  173.6005
8.546	 2.26	 1	 -41.4710	  174.3584
8.546	 2.08	 2	 -41.7885	  174.4653
8.548	 2.48	 1	 -41.9353	  173.6965
8.549	 2.33	 1	 -42.6230	  173.0877
8.551	 2.41	 1	 -42.2421	  173.6533
8.552	 2.48	 2	 -42.5612	  173.3118
8.553	 2.13	 1	 -42.2295	  173.8613
8.553	 2.10	 1	 -41.7074	  174.1760
8.554	 2.01	 3	 -42.2793	  174.5450
8.555	 2.61	 3	 -42.2460	  173.6456
8.557	 2.90	 1	 -40.1743	  172.7165
8.557	 2.76	 1	 -42.2077	  173.8247
8.559	 2.33	 1	 -42.3581	  173.8121
8.560	 2.20	 3	 -42.7429	  172.7218
8.560	 2.10	 1	 -42.3528	  173.4480
8.561	 2.49	 1	 -42.4270	  173.9147
8.561	 3.06	 3	 -42.4904	  173.0895
8.562	 2.96	 1	 -42.3486	  173.7744
8.563	 2.23	 1	 -41.7452	  174.2554
8.567	 2.28	 1	 -42.4179	  174.3313
8.571	 2.12	 1	 -41.8144	  174.1204
8.572	 2.93	 2	 -41.6155	  174.3123
8.574	 2.29	 1	 -42.3731	  173.8136
8.575	 2.21	 1	 -42.1185	  173.8351
8.577	 2.29	 3	 -41.7630	  174.2315
8.577	 2.41	 1	 -42.2793	  173.7644
8.578	 2.07	 4	 -42.4498	  173.0157
8.578	 3.13	 2	 -42.3530	  173.7679
8.580	 2.53	 1	 -42.2824	  173.6197
8.584	 2.39	 3	 -42.5963	  173.2766
8.584	 2.10	 3	 -42.4546	  173.2281
8.586	 2.30	 1	 -42.3430	  173.6722
8.586	 2.01	 1	 -41.6462	  174.3027
8.587	 2.27	 2	 -41.4280	  174.5100
8.589	 2.28	 2	 -42.4495	  172.7086
8.589	 2.12	 2	 -42.6044	  172.9560
8.592	 3.17	 2	 -42.3763	  173.3307
8.592	 2.24	 2	 -41.8661	  173.5769
8.592	 2.82	 2	 -41.7365	  174.3221
8.595	 2.69	 2	 -41.9821	  173.9727
8.596	 3.69	 2	 -40.9676	  173.1195
8.596	 2.52	 2	 -42.5031	  173.2659
8.597	 2.22	 2	 -42.4616	  173.4527
8.598	 2.51	 1	 -41.8421	  174.2645
8.599	 2.06	 2	 -42.3342	  173.8117
8.601	 2.11	 3	 -42.3141	  175.1710
8.605	 2.50	 4	 -42.4153	  173.2285
8.606	 2.22	 2	 -42.5161	  173.3014
8.608	 2.12	 1	 -42.3131	  173.8323
8.609	 2.18	 2	 -42.4881	  173.2136
8.612	 2.34	 1	 -41.7708	  174.2802
8.613	 2.42	 3	 -42.5194	  173.1328
8.615	 2.44	 1	 -41.7740	  174.2305
8.617	 2.45	 4	 -42.2818	  173.6703
8.619	 2.15	 3	 -42.5165	  173.5091
8.619	 2.31	 1	 -46.1380	  171.6098
8.621	 2.95	 2	 -42.3827	  173.8521
8.623	 2.12	 3	 -42.4584	  173.3522
8.623	 2.73	 3	 -42.1334	  174.4192
8.623	 2.19	 3	 -42.1635	  170.4695
8.631	 2.07	 1	 -42.1807	  173.7803
8.631	 2.45	 1	 -42.0296	  173.6544
8.632	 2.08	 4	 -37.9713	  171.8198
8.632	 2.93	 1	 -42.6263	  172.9487
8.634	 2.81	 4	 -42.6512	  173.6509
8.636	 2.06	 1	 -41.6796	  174.1102
8.637	 2.09	 3	 -42.5607	  173.3002
8.642	 2.54	 3	 -42.4732	  173.2599
8.643	 2.42	 3	 -42.2997	  174.1178
8.648	 2.25	 3	 -42.5904	  173.0850
8.649	 2.35	 3	 -42.4008	  173.1477
8.649	 3.27	 1	 -41.8903	  173.8685
8.650	 2.24	 3	 -42.6280	  172.9419
8.651	 2.13	 1	 -42.3957	  173.4273
8.652	 2.88	 2	 -42.1001	  173.9629
8.654	 2.37	 3	 -42.7112	  173.2498
8.655	 2.15	 2	 -42.1208	  173.6162
8.655	 2.06	 2	 -42.3266	  173.4642
8.655	 2.10	 3	 -42.3909	  173.2087
8.656	 2.51	 1	 -42.6989	  173.3046
8.659	 3.24	 2	 -42.3016	  173.6256
8.660	 2.96	 4	 -41.8750	  173.0746
8.663	 2.47	 1	 -41.7231	  174.2724
8.670	 2.28	 1	 -42.1915	  173.6767
8.670	 2.19	 1	 -42.5563	  173.1583
8.671	 2.19	 4	 -42.6248	  173.6221
8.672	 3.59	 1	 -42.4760	  173.1374
8.672	 2.27	 4	 -41.8820	  174.3786
8.674	 2.15	 4	 -42.4617	  173.2492
8.674	 2.28	 3	 -41.9813	  173.9728
8.675	 2.02	 2	 -41.8389	  174.2862
8.681	 2.28	 1	 -41.8017	  174.1896
8.681	 2.72	 3	 -41.8257	  174.3263
8.684	 2.24	 3	 -42.0949	  172.5159
8.684	 2.06	 1	 -41.7661	  174.3848
8.686	 2.97	 1	 -41.9623	  173.9795
8.687	 2.16	 4	 -37.9744	  171.8477
8.688	 2.51	 1	 -41.6918	  174.2086
8.689	 2.12	 1	 -42.2942	  173.5743
8.691	 2.54	 1	 -42.3731	  172.9745
8.691	 2.62	 3	 -42.1335	  173.5981
8.695	 2.12	 1	 -42.3326	  173.8157
8.699	 2.25	 3	 -41.6500	  174.3802
8.700	 2.89	 3	 -42.3879	  173.1315
8.700	 2.31	 1	 -41.7148	  176.0559
8.702	 2.06	 4	 -42.6045	  172.8056
8.703	 2.01	 1	 -42.3573	  173.3926
8.705	 2.29	 1	 -42.6175	  173.2703
8.711	 2.44	 1	 -42.2736	  173.6879
8.711	 2.45	 4	 -42.3493	  172.5795
8.712	 2.15	 1	 -42.6099	  173.0348
8.714	 2.44	 1	 -41.7645	  174.2670
8.714	 3.26	 1	 -42.3429	  174.0910
8.715	 2.15	 1	 -41.8321	  174.2124
8.716	 3.19	 1	 -42.3302	  173.7165
8.716	 3.04	 4	 -42.4137	  173.0846
8.717	 2.41	 2	 -42.5373	  173.9476
8.719	 2.72	 3	 -42.8970	  172.8909
8.719	 2.31	 4	 -41.8779	  172.8989
8.720	 2.63	 2	 -42.3629	  173.2979
8.720	 2.56	 2	 -41.8236	  174.2383
8.722	 2.19	 3	 -42.3736	  172.8574
8.722	 2.50	 1	 -42.3611	  174.1109
8.723	 3.04	 2	 -42.4939	  173.8836
8.723	 2.12	 3	 -43.8573	  171.7419
8.724	 2.43	 2	 -41.9459	  173.7169
8.725	 2.41	 2	 -41.8748	  174.1842
8.727	 2.65	 4	 -41.7489	  173.2390
8.727	 2.24	 1	 -42.0311	  173.7130
8.727	 2.23	 1	 -41.7198	  174.2088
8.728	 3.78	 2	 -38.2176	  171.7057
8.729	 2.00	 1	 -42.4105	  173.0981
8.734	 2.01	 1	 -41.9052	  174.1099
8.735	 2.18	 1	 -42.2763	  173.8361
8.740	 2.22	 1	 -41.9236	  174.0524
8.742	 3.40	 5	 -42.0016	  173.2549
8.742	 2.15	 1	 -42.1397	  173.4838
8.742	 2.85	 2	 -44.0989	  172.0435
8.745	 2.24	 1	 -42.0049	  173.2850
8.745	 2.21	 5	 -41.9924	  173.2074
8.748	 2.15	 2	 -41.8323	  174.2118
8.748	 2.60	 2	 -42.4896	  173.7528
8.749	 2.08	 4	 -42.6468	  173.3412
8.752	 2.07	 1	 -41.6727	  174.5156
8.753	 2.33	 3	 -42.4357	  174.4210
8.753	 3.29	 3	 -41.9639	  174.0117
8.753	 2.60	 3	 -42.2507	  173.3746
8.754	 2.28	 1	 -42.6375	  173.3356
8.754	 2.07	 2	 -42.1686	  173.6434
8.756	 2.41	 2	 -42.2107	  173.6522
8.757	 2.59	 1	 -42.3582	  173.4018
8.757	 2.24	 2	 -41.9276	  173.6195
8.761	 2.65	 3	 -42.3746	  172.9798
8.768	 2.07	 3	 -42.3748	  173.3325
8.768	 2.24	 3	 -42.5619	  173.9095
8.770	 2.42	 3	 -41.8121	  179.1960
8.770	 2.27	 1	 -42.3198	  173.0437
8.772	 2.58	 1	 -41.7611	  174.1998
8.773	 2.59	 3	 -42.7355	  171.1114
8.776	 2.64	 2	 -41.7781	  174.9255
8.776	 2.58	 2	 -42.4211	  173.5635
8.777	 2.13	 1	 -42.1142	  173.4749
8.778	 2.77	 2	 -42.3167	  174.0890
8.780	 2.05	 1	 -41.4282	  174.0436
8.782	 2.65	 4	 -41.7110	  172.9056
8.784	 2.04	 3	 -38.2427	  171.7620
8.784	 2.22	 2	 -42.9279	  172.8568
8.785	 2.01	 2	 -42.6696	  173.6648
8.785	 2.31	 1	 -42.1823	  173.5928
8.786	 2.57	 3	 -43.5235	  173.9942
8.792	 3.18	 1	 -42.5081	  173.8181
8.792	 2.29	 4	 -42.3837	  173.9147
8.794	 2.64	 1	 -42.1910	  173.5251
8.795	 2.11	 4	 -42.4582	  173.1100
8.796	 2.79	 1	 -41.7044	  174.3086
8.797	 2.34	 1	 -42.4435	  173.5958
8.797	 2.47	 3	 -42.2692	  173.8000
8.800	 2.49	 3	 -41.6718	  174.2542
8.801	 2.20	 3	 -42.4983	  173.1411
8.804	 2.57	 2	 -42.1544	  173.9131
8.808	 2.39	 3	 -42.6937	  174.1989
8.809	 2.76	 1	 -42.7035	  172.7537
8.810	 2.79	 3	 -42.6591	  172.7272
8.814	 3.35	 3	 -42.4191	  173.3186
8.814	 2.55	 1	 -42.0658	  173.5006
8.817	 2.16	 2	 -42.5294	  174.1146
8.817	 2.60	 3	 -42.2040	  173.9603
8.817	 2.45	 1	 -42.2991	  173.5879
8.818	 2.29	 1	 -42.2631	  173.3702
8.819	 2.51	 1	 -42.2312	  173.5059
8.821	 2.01	 2	 -42.4714	  173.1687
8.821	 2.57	 1	 -42.2542	  173.6060
8.824	 2.84	 2	 -41.6950	  174.2520
8.831	 2.75	 3	 -42.9957	  174.2218
8.832	 2.62	 2	 -42.6764	  172.9932
8.835	 2.01	 2	 -41.7255	  173.9853
8.836	 2.17	 5	 -41.9111	  173.2596
8.836	 2.31	 1	 -42.5740	  173.0740
8.838	 2.81	 1	 -42.6629	  172.2834
8.841	 2.07	 4	 -42.4589	  173.2690
8.842	 2.27	 2	 -41.7352	  174.2914
8.846	 2.48	 2	 -42.3784	  173.9202
8.848	 3.25	 1	 -42.3687	  173.8646
8.848	 2.32	 2	 -41.5093	  174.0808
8.848	 2.07	 4	 -42.2571	  173.8694
8.851	 3.36	 1	 -42.2508	  173.5938
8.851	 2.10	 3	 -41.7803	  174.3601
8.855	 2.04	 3	 -42.3787	  173.9224
8.855	 2.66	 1	 -42.1599	  174.3508
8.856	 2.13	 3	 -42.5057	  173.0352
8.860	 2.88	 2	 -42.2476	  173.5816
8.861	 2.24	 3	 -42.6515	  173.0139
8.861	 2.26	 4	 -42.3233	  173.4454
8.864	 2.03	 3	 -41.2682	  173.6272
8.865	 2.53	 1	 -41.3638	  173.2029
8.869	 2.43	 3	 -42.1955	  172.9729
8.870	 2.32	 2	 -42.6155	  172.7689
8.871	 2.59	 1	 -42.1590	  173.7485
8.873	 2.49	 3	 -42.4076	  173.3381
8.873	 2.61	 1	 -41.9300	  173.7905
8.873	 2.28	 1	 -41.5788	  174.2229
8.874	 2.60	 2	 -41.8057	  173.9308
8.874	 2.27	 1	 -42.0974	  172.9025
8.874	 2.24	 1	 -41.7479	  174.2332
8.875	 2.33	 1	 -42.2895	  173.7415
8.877	 2.33	 1	 -42.5511	  173.0170
8.878	 2.21	 3	 -42.3376	  173.8527
8.878	 2.20	 2	 -42.4533	  173.3104
8.879	 2.01	 2	 -41.6021	  174.2037
8.880	 2.20	 2	 -42.6476	  173.0297
8.880	 2.92	 3	 -41.6983	  173.0477
8.880	 3.44	 3	 -42.4941	  173.0338
8.886	 2.06	 2	 -41.7271	  174.0543
8.887	 2.36	 3	 -39.3748	  174.2331
8.889	 2.03	 1	 -42.1764	  173.9453
8.889	 2.06	 1	 -42.5619	  173.1322
8.890	 2.05	 3	 -38.2296	  171.7093
8.892	 2.33	 3	 -42.6283	  173.2079
8.892	 2.25	 1	 -42.2778	  173.7184
8.897	 2.44	 1	 -41.8896	  174.1734
8.898	 2.41	 1	 -42.6732	  173.2036
8.900	 3.72	 1	 -41.8611	  174.1304
8.901	 2.30	 3	 -41.4720	  174.3147
8.904	 2.16	 4	 -42.3098	  173.8919
8.905	 3.60	 2	 -41.7126	  174.3208
8.906	 2.45	 1	 -42.4200	  173.6473
8.907	 2.01	 3	 -42.1886	  173.3023
8.911	 2.16	 1	 -42.3275	  174.0497
8.911	 3.46	 1	 -42.4916	  173.0348
8.911	 2.89	 2	 -42.8537	  173.8153
8.912	 2.11	 1	 -42.2487	  173.6242
8.913	 2.49	 3	 -42.5476	  173.3630
8.915	 2.02	 5	 -42.0252	  173.2381
8.915	 2.44	 3	 -42.3928	  173.2248
8.917	 2.52	 2	 -41.9408	  173.6899
8.918	 2.44	 2	 -41.4266	  174.1123
8.919	 2.29	 1	 -42.3866	  173.2345
8.921	 3.44	 2	 -42.1937	  173.6812
8.921	 2.20	 3	 -42.0119	  173.9848
8.923	 2.02	 1	 -42.6274	  174.0370
8.923	 2.33	 1	 -42.2946	  173.6876
8.924	 3.63	 3	 -42.2535	  174.2647
8.925	 2.07	 1	 -41.7248	  174.2235
8.925	 2.43	 2	 -41.8454	  174.2413
8.926	 2.19	 4	 -42.4962	  173.0356
8.926	 2.37	 1	 -42.3405	  175.8822
8.932	 2.87	 1	 -41.8400	  173.9123
8.937	 2.53	 3	 -41.1558	  178.9903
8.938	 2.38	 2	 -41.8682	  174.1360
8.942	 2.16	 1	 -42.6478	  172.7848
8.943	 3.23	 1	 -42.5642	  172.8830
8.943	 2.96	 4	 -41.6865	  174.2582
8.946	 2.41	 3	 -42.5070	  173.2084
8.951	 2.19	 1	 -42.2681	  173.4625
8.951	 2.37	 4	 -42.4390	  173.3729
8.951	 2.16	 1	 -42.3609	  173.8938
8.952	 2.10	 1	 -41.5582	  174.1620
8.953	 2.23	 3	 -41.8176	  174.0193
8.955	 2.31	 1	 -41.9369	  173.6890
8.960	 2.62	 1	 -42.3575	  173.6691
8.962	 2.57	 2	 -41.7979	  174.3337
8.963	 2.44	 4	 -37.7188	  172.0725
8.964	 2.13	 2	 -41.7663	  173.4306
8.966	 2.16	 4	 -42.6437	  172.7400
8.966	 2.13	 1	 -41.8478	  173.8575
8.970	 2.56	 1	 -41.8098	  174.2669
8.972	 2.40	 4	 -42.5472	  173.3623
8.978	 2.09	 2	 -42.4725	  173.1707
8.979	 2.61	 2	 -41.7424	  174.1752
8.981	 2.24	 1	 -42.0575	  173.6801
8.984	 2.03	 2	 -42.2094	  173.7448
8.985	 2.67	 2	 -41.5233	  172.6746
8.985	 2.00	 1	 -43.3042	  172.6230
8.986	 2.55	 2	 -42.7044	  172.7891
8.989	 2.07	 2	 -42.1424	  173.5878
8.991	 2.60	 2	 -42.4632	  173.3497
8.993	 2.09	 2	 -41.8263	  174.7106
8.994	 2.15	 2	 -42.1080	  172.9819
8.994	 2.08	 2	 -42.9621	  173.0229
8.995	 2.68	 3	 -42.6887	  173.1167
8.996	 2.24	 1	 -41.9408	  173.5161
8.998	 2.09	 4	 -42.2271	  174.3266
9.000	 2.58	 1	 -42.3370	  173.7500
9.000	 2.53	 3	 -42.4824	  173.1559
9.000	 2.12	 1	 -42.7619	  173.1483
9.001	 2.69	 1	 -42.4673	  173.9175
9.003	 2.13	 2	 -41.6475	  174.5559
9.006	 2.77	 3	 -42.3448	  173.4353
9.012	 2.72	 1	 -41.9186	  173.9787
9.013	 2.19	 2	 -41.9194	  173.9831
9.016	 2.24	 4	 -42.5224	  173.1915
9.016	 2.47	 2	 -41.6947	  174.2414
9.018	 2.17	 3	 -42.4799	  173.1983
9.023	 2.48	 2	 -42.8110	  172.8442
9.027	 2.86	 5	 -38.8138	  173.2414
9.031	 2.61	 4	 -42.5682	  172.8159
9.032	 2.16	 4	 -42.0618	  174.3827
9.032	 2.63	 3	 -41.6359	  174.3032
9.034	 2.37	 1	 -42.2884	  173.7367
9.034	 2.02	 3	 -42.5161	  172.9575
9.036	 2.88	 1	 -41.9507	  173.7076
9.037	 2.58	 3	 -46.8364	  174.7499
9.037	 2.15	 2	 -42.4378	  173.6872
9.038	 2.74	 4	 -41.7730	  174.2368
9.038	 2.33	 2	 -41.9429	  174.5422
9.040	 2.38	 1	 -41.7443	  174.3117
9.045	 2.00	 3	 -42.4636	  173.1145
9.047	 2.04	 4	 -40.0855	  167.8080
9.048	 2.03	 1	 -42.2335	  173.6535
9.048	 2.46	 5	 -37.9122	  171.8485
9.050	 2.11	 4	 -42.2414	  173.8966
9.054	 2.83	 1	 -42.3403	  173.4978
9.055	 3.71	 1	 -47.0349	  174.6107
9.055	 3.60	 1	 -45.0070	  174.2389
9.055	 2.28	 1	 -42.2696	  173.6521
9.057	 2.59	 2	 -42.2934	  173.8243
9.057	 2.04	 4	 -42.6211	  173.2774
9.058	 3.13	 1	 -42.3052	  173.6115
9.059	 2.77	 3	 -42.2824	  172.9493
9.060	 2.75	 2	 -42.3716	  174.4953
9.060	 2.15	 2	 -42.3224	  174.1431
9.063	 2.17	 2	 -42.6265	  172.9466
9.065	 2.71	 2	 -45.0066	  174.2323
9.065	 2.21	 1	 -42.2452	  173.8281
9.066	 2.21	 1	 -42.1561	  173.8484
9.067	 2.19	 1	 -41.0097	  171.9816
9.072	 2.15	 3	 -42.3841	  173.1545
9.072	 2.76	 1	 -41.7124	  174.2936
9.072	 2.16	 1	 -41.6164	  174.2346
9.073	 2.67	 3	 -42.4147	  173.3866
9.073	 2.09	 2	 -42.1403	  173.7716
9.074	 2.78	 3	 -42.7058	  174.0029
9.076	 2.13	 1	 -44.1505	  176.0465
9.078	 3.17	 3	 -41.8783	  172.7097
9.079	 2.08	 3	 -42.4957	  172.9717
9.079	 2.23	 2	 -41.8042	  173.7931
9.079	 2.38	 2	 -42.0273	  173.6513
9.081	 2.43	 3	 -38.2722	  171.7187
9.081	 2.00	 2	 -41.8176	  173.9702
9.082	 3.19	 1	 -42.3122	  173.1073
9.084	 2.21	 2	 -42.3515	  173.1270
9.084	 2.01	 4	 -42.5033	  173.1598
9.086	 3.41	 1	 -41.8228	  174.1374
9.089	 2.26	 1	 -41.7864	  174.2735
9.092	 2.69	 1	 -45.1770	  172.5469
9.092	 2.06	 4	 -37.9903	  171.8445
9.092	 2.02	 2	 -41.8546	  174.1395
9.093	 2.03	 3	 -42.3894	  173.2461
9.093	 2.03	 1	 -42.2794	  173.7712
9.101	 2.16	 1	 -41.7019	  174.0180
9.102	 3.57	 2	 -42.8716	  173.0331
9.106	 2.73	 3	 -41.6394	  174.2518
9.106	 2.28	 1	 -42.4059	  172.8724
9.107	 3.55	 2	 -42.4468	  173.2817
9.112	 2.17	 1	 -41.8201	  174.1997
9.112	 2.05	 2	 -41.3689	  173.1982
9.112	 2.09	 2	 -42.1793	  173.5105
9.113	 2.54	 5	 -42.3414	  173.8640
9.116	 2.49	 1	 -42.3024	  173.9007
9.117	 2.69	 1	 -42.5665	  173.1903
9.118	 2.17	 1	 -41.9600	  174.0301
9.118	 2.53	 1	 -42.9822	  173.1896
9.121	 2.31	 2	 -42.7349	  173.2218
9.123	 3.02	 1	 -46.6927	  173.8895
9.128	 2.32	 3	 -42.4662	  173.1706
9.129	 2.04	 2	 -42.7377	  173.2490
9.130	 2.64	 1	 -41.6209	  173.9742
9.130	 2.27	 2	 -41.6848	  174.2440
9.131	 2.28	 3	 -42.7834	  173.2952
9.133	 2.15	 1	 -42.0065	  173.6262
9.137	 2.32	 4	 -41.7619	  173.9575
9.137	 3.24	 2	 -41.8337	  174.7238
9.141	 2.27	 2	 -41.9192	  173.7220
9.141	 2.30	 3	 -42.5396	  172.9128
9.142	 2.03	 4	 -37.9738	  171.7902
9.143	 2.55	 4	 -41.6366	  174.2512
9.144	 2.12	 2	 -42.0606	  174.1851
9.145	 2.36	 1	 -42.3025	  173.1628
9.145	 2.03	 2	 -42.6736	  173.6573
9.146	 2.06	 4	 -42.5797	  172.8422
9.146	 2.32	 1	 -42.5403	  174.2064
9.146	 2.48	 3	 -42.2590	  173.6292
9.148	 2.12	 4	 -42.5069	  173.0525
9.151	 2.10	 2	 -42.5467	  173.2972
9.152	 2.24	 1	 -42.6652	  172.7955
9.152	 2.13	 3	 -42.4266	  173.0929
9.153	 2.97	 1	 -42.8660	  173.0423
9.154	 2.26	 2	 -42.5517	  173.2882
9.154	 2.12	 3	 -42.4971	  173.0825
9.154	 2.17	 1	 -42.1857	  173.7839
9.155	 2.42	 1	 -42.6507	  172.4924
9.155	 2.16	 3	 -41.8340	  173.4159
9.155	 2.22	 2	 -41.7613	  173.7512
9.156	 3.10	 4	 -41.8007	  174.2605
9.156	 2.09	 1	 -41.6636	  174.3410
9.157	 2.27	 2	 -41.9151	  173.7294
9.157	 2.01	 1	 -42.7756	  173.0151
9.158	 2.21	 1	 -41.8912	  173.9811
9.162	 2.61	 2	 -42.5262	  173.1142
9.163	 2.09	 3	 -42.4209	  173.4748
9.163	 2.65	 1	 -42.7179	  172.7222
9.167	 3.46	 5	 -41.3344	  167.2747
9.168	 2.06	 1	 -42.5547	  173.0898
9.169	 2.19	 1	 -41.5789	  174.3431
9.172	 2.11	 1	 -42.6713	  172.8903
9.174	 2.50	 2	 -42.2118	  173.9681
9.174	 2.27	 1	 -42.2165	  173.6594
9.175	 2.30	 2	 -42.6918	  173.0674
9.176	 3.16	 1	 -42.6333	  173.0822
9.177	 2.04	 3	 -42.5192	  173.1576
9.178	 3.03	 1	 -42.1390	  173.5882
9.181	 2.14	 1	 -42.1651	  173.8681
9.183	 2.14	 4	 -42.5554	  173.4807
9.183	 2.32	 1	 -42.2873	  173.4646
9.187	 2.12	 1	 -42.2391	  173.6292
9.188	 3.05	 5	 -42.5682	  173.1629
9.188	 2.89	 2	 -42.3579	  173.7753
9.189	 2.31	 3	 -42.9085	  172.7979
9.191	 2.64	 1	 -41.6773	  174.3083
9.192	 2.36	 3	 -42.5342	  173.1038
9.193	 2.21	 5	 -41.7395	  172.9968
9.197	 2.68	 1	 -42.9855	  173.3383
9.198	 2.38	 1	 -42.1184	  172.3789
9.198	 2.76	 3	 -41.8666	  174.1864
9.198	 2.09	 1	 -42.8668	  173.0349
9.200	 2.22	 1	 -42.0558	  174.2727
9.203	 2.23	 3	 -42.5638	  173.3230
9.204	 2.25	 1	 -42.3031	  173.7440
9.206	 2.30	 2	 -41.7959	  174.1228
9.206	 2.03	 1	 -42.9788	  173.8366
9.207	 2.80	 3	 -42.5033	  173.0634
9.209	 4.39	 3	 -42.0422	  173.6815
9.209	 2.72	 4	 -41.9807	  173.0650
9.209	 2.29	 4	 -37.9445	  171.7561
9.210	 4.02	 1	 -42.3199	  173.3363
9.211	 2.95	 4	 -42.4202	  172.9739
9.214	 2.04	 3	 -42.4959	  173.3168
9.215	 2.28	 3	 -41.9685	  173.7789
9.215	 2.24	 1	 -42.3703	  174.1241
9.216	 2.05	 2	 -42.6390	  173.0782
9.217	 2.14	 4	 -42.0712	  173.6897
9.217	 2.51	 1	 -42.4359	  173.2289
9.218	 2.72	 2	 -42.4624	  173.1043
9.218	 3.07	 2	 -42.5837	  173.1059
9.219	 2.29	 2	 -42.2010	  173.3738
9.221	 2.04	 1	 -42.1098	  174.0042
9.221	 2.83	 3	 -38.2170	  171.7061
9.222	 3.05	 4	 -41.2094	  174.2050
9.223	 2.18	 1	 -41.8884	  173.9465
9.225	 2.38	 2	 -42.1478	  172.9475
9.231	 2.34	 2	 -42.4251	  173.7171
9.233	 2.44	 2	 -42.2499	  173.5862
9.233	 2.63	 1	 -42.2342	  173.6567
9.235	 2.19	 1	 -41.9850	  173.7041
9.235	 2.03	 4	 -41.7225	  174.2864
9.236	 2.46	 5	 -42.1417	  173.6748
9.238	 3.08	 2	 -42.3060	  173.2998
9.239	 2.36	 1	 -42.6266	  173.5048
9.241	 2.06	 3	 -42.4982	  173.2900
9.242	 2.53	 3	 -42.4899	  173.2389
9.244	 2.02	 1	 -42.1026	  172.8905
9.245	 2.21	 3	 -42.4070	  173.6701
9.246	 2.03	 1	 -42.2398	  173.5832
9.250	 2.97	 2	 -41.7925	  174.1505
9.250	 2.17	 3	 -42.2408	  172.9734
9.251	 2.18	 4	 -42.5694	  173.1545
9.253	 2.01	 1	 -43.0097	  172.7884
9.253	 2.30	 2	 -42.2578	  173.5963
9.254	 3.06	 1	 -42.4460	  173.1821
9.256	 2.64	 2	 -42.2779	  173.6979
9.256	 2.07	 4	 -41.7999	  174.2772
9.258	 2.12	 2	 -41.7160	  174.3030
9.259	 2.03	 4	 -42.0418	  173.6960
9.266	 3.49	 2	 -42.7704	  173.1001
9.267	 3.12	 3	 -42.4819	  173.1270
9.268	 2.03	 1	 -42.6570	  172.9668
9.269	 2.04	 2	 -41.9698	  173.6681
9.270	 2.84	 1	 -42.4072	  173.7961
9.272	 2.20	 1	 -41.9724	  174.0391
9.274	 2.90	 1	 -42.4294	  173.7181
9.274	 2.43	 1	 -42.5220	  173.3744
9.275	 2.39	 1	 -42.0373	  173.7264
9.276	 2.24	 1	 -42.5443	  173.1949
9.276	 2.18	 1	 -42.5744	  174.2699
9.277	 2.76	 1	 -42.4257	  173.8168
9.278	 2.55	 2	 -42.4994	  173.0169
9.281	 2.46	 3	 -42.5432	  173.4651
9.281	 2.43	 1	 -41.7069	  174.2617
9.283	 2.17	 1	 -42.1524	  173.4421
9.283	 2.81	 4	 -42.2595	  173.9042
9.284	 2.09	 2	 -42.2425	  173.6398
9.286	 2.52	 3	 -42.9285	  172.8833
9.288	 2.04	 1	 -41.9655	  174.3992
9.289	 2.21	 1	 -41.7400	  174.0962
9.292	 2.71	 2	 -43.2581	  170.4825
9.293	 2.37	 3	 -42.4433	  173.0502
9.295	 2.11	 3	 -42.5475	  173.2012
9.296	 2.09	 1	 -41.7147	  174.2605
9.298	 2.08	 4	 -42.0389	  173.6806
9.300	 2.74	 1	 -42.3037	  173.9721
9.305	 3.45	 5	 -42.1000	  173.2058
9.306	 2.00	 6	 -42.5780	  173.1030
9.307	 2.23	 1	 -42.4852	  173.9758
9.309	 2.50	 1	 -41.9554	  173.8439
9.309	 2.08	 2	 -42.3956	  173.9268
9.313	 3.27	 4	 -42.1800	  173.8351
9.318	 2.14	 1	 -41.8230	  174.1715
9.319	 2.22	 3	 -42.8839	  173.6278
9.320	 2.11	 3	 -42.3945	  173.0360
9.321	 2.65	 2	 -42.0190	  173.1444
9.321	 2.32	 1	 -42.4418	  173.7494
9.325	 2.29	 1	 -42.2786	  174.2519
9.326	 2.02	 1	 -42.3178	  173.9783
9.326	 2.30	 4	 -42.6656	  172.9375
9.327	 2.46	 2	 -42.3191	  173.8871
9.332	 2.23	 4	 -38.1022	  171.7644
9.334	 2.26	 2	 -42.6343	  173.8979
9.335	 2.10	 2	 -42.2883	  173.8960
9.335	 2.25	 2	 -42.8648	  173.0085
9.336	 2.14	 1	 -42.3615	  173.8856
9.336	 2.18	 1	 -42.0494	  173.6859
9.337	 2.02	 1	 -42.7252	  172.9457
9.340	 2.57	 1	 -41.8915	  173.9881
9.342	 2.07	 4	 -42.1845	  173.3586
9.342	 2.23	 3	 -42.2742	  173.9059
9.342	 2.74	 1	 -43.1726	  172.7824
9.343	 2.33	 3	 -42.6047	  173.3972
9.343	 2.17	 1	 -42.3162	  172.9266
9.343	 2.17	 3	 -42.7486	  173.3112
9.345	 2.72	 3	 -41.7470	  174.1444
9.345	 2.02	 1	 -41.9857	  173.6798
9.347	 2.21	 4	 -42.3732	  173.4701
9.348	 2.05	 2	 -42.8750	  174.1651
9.350	 3.38	 3	 -42.4511	  173.2791
9.351	 2.70	 1	 -41.9847	  173.8710
9.351	 2.76	 1	 -42.0392	  173.6924
9.351	 2.53	 2	 -42.0266	  173.1770
9.361	 2.63	 2	 -41.7024	  174.2689
9.362	 2.46	 1	 -41.8340	  174.2646
9.362	 2.17	 4	 -42.0523	  173.6706
9.363	 2.03	 3	 -43.1995	  173.2813
9.367	 3.80	 3	 -42.4738	  173.1688
9.368	 2.11	 3	 -41.6565	  174.2721
9.369	 2.61	 1	 -41.7342	  174.5179
9.369	 2.84	 2	 -42.3632	  172.2646
9.373	 2.11	 2	 -42.5211	  173.7827
9.376	 3.34	 3	 -42.6668	  173.0768
9.377	 2.59	 3	 -42.4965	  173.2943
9.377	 2.38	 4	 -37.9806	  171.8448
9.378	 2.03	 2	 -42.1370	  173.6047
9.381	 3.13	 1	 -42.5705	  172.3420
9.383	 2.07	 1	 -42.3354	  173.7210
9.383	 2.19	 1	 -42.3586	  173.0854
9.384	 2.03	 1	 -42.3384	  173.7128
9.388	 2.14	 5	 -42.0064	  173.1919
9.388	 2.02	 1	 -41.7708	  174.1847
9.389	 2.40	 2	 -40.9467	  175.8574
9.392	 2.58	 2	 -41.7840	  174.3231
9.392	 2.91	 3	 -41.8440	  174.2803
9.393	 2.45	 4	 -42.9042	  173.4753
9.393	 2.94	 4	 -41.8584	  173.0193
9.393	 2.06	 2	 -42.1158	  173.5320
9.397	 2.43	 4	 -42.2963	  174.2453
9.401	 2.33	 5	 -41.8145	  173.1091
9.401	 2.06	 1	 -42.1776	  173.6921
9.404	 2.01	 2	 -41.6827	  174.1144
9.406	 2.07	 4	 -41.8407	  174.1522
9.407	 2.86	 3	 -42.6957	  173.4287
9.408	 2.19	 4	 -41.8647	  174.1991
9.408	 2.87	 2	 -42.2325	  173.6294
9.410	 2.97	 3	 -42.0707	  173.9186
9.414	 2.09	 3	 -42.6404	  172.8895
9.415	 2.48	 1	 -41.6545	  174.3730
9.415	 3.84	 4	 -41.8096	  173.0656
9.416	 2.03	 1	 -41.8372	  174.2418
9.417	 2.38	 2	 -42.5787	  175.1552
9.417	 2.00	 1	 -42.2134	  173.1435
9.423	 2.89	 2	 -41.9040	  174.0035
9.428	 2.02	 2	 -42.0140	  173.9017
9.431	 2.15	 1	 -41.3487	  172.5409
9.433	 2.44	 4	 -37.9783	  171.8539
9.434	 2.10	 2	 -42.6750	  172.8258
9.435	 2.38	 1	 -42.2327	  173.5983
9.436	 2.28	 3	 -42.7522	  173.1117
9.436	 2.28	 4	 -42.6681	  173.0772
9.440	 2.77	 2	 -42.2429	  173.8388
9.440	 2.66	 4	 -42.4663	  173.1710
9.442	 2.52	 2	 -42.4850	  173.5273
9.443	 2.08	 1	 -42.4826	  173.1152
9.445	 2.06	 1	 -42.1356	  173.6774
9.446	 2.05	 6	 -42.0165	  173.3039
9.448	 2.36	 2	 -42.1267	  173.5022
9.450	 2.33	 3	 -42.3839	  173.1149
9.452	 2.20	 2	 -41.8971	  173.5991
9.453	 2.27	 3	 -42.4428	  173.2388
9.455	 2.49	 3	 -42.6395	  172.6107
9.456	 2.51	 4	 -41.9184	  173.9148
9.457	 2.06	 3	 -41.8541	  173.8704
9.457	 2.05	 3	 -42.6551	  172.5706
9.457	 2.12	 2	 -42.1580	  173.5532
9.460	 2.77	 3	 -42.5707	  173.2894
9.461	 2.14	 1	 -42.6113	  174.5460
9.462	 2.59	 5	 -41.7641	  174.3353
9.464	 2.48	 3	 -42.6645	  173.0133
9.465	 2.87	 1	 -41.8483	  174.3631
9.465	 3.27	 2	 -42.3704	  173.8067
9.466	 2.48	 1	 -42.5092	  173.1181
9.467	 2.77	 5	 -41.8023	  173.0616
9.467	 2.43	 2	 -41.9099	  174.1869
9.468	 2.69	 2	 -42.3332	  173.3461
9.469	 2.32	 3	 -42.7425	  172.9840
9.471	 2.05	 3	 -42.5592	  173.1525
9.471	 2.14	 4	 -42.7512	  173.1146
9.473	 2.26	 2	 -39.1989	  176.9402
9.478	 2.49	 3	 -42.4600	  173.1266
9.479	 2.60	 1	 -42.3589	  173.7608
9.480	 2.01	 2	 -42.3941	  173.4215
9.480	 2.31	 3	 -42.5483	  173.3673
9.480	 2.09	 3	 -42.5748	  172.9471
9.481	 2.14	 1	 -41.7098	  174.1713
9.485	 2.19	 3	 -42.4117	  173.2955
9.486	 2.47	 3	 -46.8199	  171.5051
9.486	 2.18	 3	 -41.8703	  174.1507
9.488	 2.12	 2	 -41.9128	  173.6495
9.489	 2.24	 5	 -42.0187	  173.2145
9.490	 3.00	 1	 -42.2751	  173.6761
9.490	 2.09	 2	 -42.7626	  172.8333
9.490	 2.02	 1	 -42.2176	  173.5967
9.491	 2.25	 1	 -42.2833	  173.3044
9.492	 2.23	 1	 -42.0962	  173.8196
9.492	 2.24	 1	 -42.1543	  173.8438
9.493	 2.05	 3	 -42.0080	  173.6827
9.496	 2.05	 3	 -42.5693	  172.8896
9.496	 2.75	 5	 -41.7734	  174.2356
9.499	 2.15	 2	 -41.6949	  174.2603
9.501	 2.17	 3	 -42.3077	  173.4207
9.503	 2.81	 1	 -42.1380	  173.9032
9.504	 2.40	 2	 -44.0505	  172.0394
9.506	 2.58	 1	 -42.3840	  172.6990
9.506	 2.31	 2	 -42.0255	  173.7849
9.508	 2.18	 1	 -42.6879	  173.2737
9.508	 2.30	 3	 -42.1997	  173.3789
9.509	 2.44	 4	 -42.3832	  173.2523
9.510	 2.02	 1	 -42.3029	  173.7191
9.512	 2.13	 2	 -42.5198	  173.8972
9.513	 2.05	 1	 -43.3430	  173.4344
9.514	 2.17	 2	 -42.3042	  173.9734
9.514	 2.48	 1	 -41.7464	  174.3784
9.516	 2.20	 2	 -42.8567	  173.1380
9.518	 2.08	 1	 -42.5152	  173.0899
9.518	 2.09	 1	 -41.3619	  174.3749
9.519	 2.97	 2	 -43.1329	  178.1901
9.520	 2.19	 1	 -42.3753	  173.7299
9.520	 2.30	 3	 -42.5574	  173.2786
9.521	 2.76	 5	 -42.1823	  173.8397
9.526	 2.13	 3	 -42.8732	  172.8268
9.528	 2.14	 3	 -42.2846	  173.8824
9.529	 2.05	 1	 -42.2648	  173.9041
9.532	 2.18	 3	 -42.4097	  173.0750
9.533	 2.66	 6	 -41.7750	  174.2354
9.536	 2.64	 3	 -42.4043	  173.1138
9.536	 2.01	 2	 -42.1504	  171.8029
9.536	 2.33	 5	 -42.0322	  173.2732
9.538	 2.42	 2	 -42.5255	  173.7642
9.541	 3.28	 1	 -41.8694	  173.7659
9.543	 2.08	 3	 -42.5046	  172.7338
9.548	 2.08	 3	 -42.6115	  172.8491
9.550	 2.01	 1	 -41.8167	  174.2084
9.550	 2.67	 2	 -42.4906	  173.0236
9.553	 2.79	 3	 -42.4155	  173.1003
9.555	 2.18	 1	 -42.0687	  173.4900
9.559	 2.40	 1	 -42.3937	  173.5629
9.561	 2.06	 1	 -42.2019	  173.6279
9.563	 3.60	 2	 -42.4000	  173.1473
9.564	 2.64	 3	 -42.2233	  173.8718
9.565	 2.39	 3	 -42.6614	  172.7885
9.567	 2.82	 2	 -41.7074	  174.3153
9.570	 2.29	 3	 -42.3006	  172.9606
9.572	 2.82	 1	 -42.4870	  173.2669
9.572	 2.17	 2	 -42.4298	  172.7805
9.572	 2.04	 4	 -37.9920	  171.8590
9.574	 2.04	 2	 -42.3053	  173.7715
9.575	 2.03	 1	 -42.1921	  174.0075
9.576	 2.25	 1	 -42.2727	  173.6963
9.576	 2.22	 3	 -42.4074	  173.3492
9.577	 2.88	 2	 -42.6261	  173.0246
9.577	 2.14	 6	 -42.0041	  173.2482
9.579	 2.02	 3	 -42.4384	  173.1105
9.582	 2.01	 1	 -38.3348	  171.2373
9.583	 2.14	 3	 -42.3428	  172.9616
9.587	 2.11	 4	 -43.2399	  171.3815
9.590	 2.32	 1	 -42.1436	  173.6657
9.591	 2.15	 1	 -42.2819	  173.5447
9.592	 2.11	 1	 -42.8386	  173.8445
9.596	 2.74	 1	 -42.1342	  173.8267
9.596	 2.14	 1	 -41.7965	  174.1840
9.597	 2.04	 3	 -42.4050	  172.5852
9.601	 2.11	 3	 -41.9532	  173.1735
9.602	 2.24	 1	 -42.3094	  174.0440
9.602	 2.49	 3	 -42.4449	  173.2813
9.602	 2.13	 1	 -42.0032	  174.0519
9.603	 2.32	 1	 -42.0526	  173.7281
9.603	 2.31	 5	 -42.0427	  173.2067
9.606	 2.09	 2	 -41.9208	  174.5512
9.606	 3.19	 3	 -42.2302	  174.1013
9.607	 2.31	 3	 -42.2119	  172.7141
9.607	 2.56	 4	 -42.5977	  172.9780
9.609	 2.22	 3	 -41.7962	  173.8391
9.611	 2.63	 3	 -41.6496	  174.1187
9.612	 2.45	 3	 -42.5950	  173.3374
9.614	 2.42	 1	 -42.4824	  173.9740
9.617	 2.41	 1	 -42.2762	  173.7131
9.618	 2.43	 1	 -42.0593	  173.7358
9.622	 2.15	 1	 -42.3965	  173.3212
9.625	 2.89	 2	 -42.3054	  173.8063
9.626	 2.03	 3	 -42.4371	  173.1001
9.626	 2.79	 2	 -41.7897	  174.1493
9.634	 2.00	 2	 -42.1894	  173.6365
9.638	 2.03	 1	 -42.2431	  173.6240
9.642	 2.71	 1	 -42.3547	  173.9488
9.654	 3.10	 1	 -42.4404	  173.7328
9.654	 2.12	 2	 -42.0414	  173.6047
9.655	 2.05	 1	 -42.2805	  173.5265
9.657	 2.08	 2	 -41.7451	  174.2755
9.658	 2.16	 1	 -42.2347	  173.5058
9.662	 2.33	 2	 -42.2037	  173.7501
9.665	 2.11	 2	 -42.6699	  173.6667
9.666	 2.85	 3	 -42.4193	  173.3492
9.667	 2.38	 3	 -42.5262	  173.1396
9.668	 2.21	 3	 -41.8638	  174.1456
9.673	 2.58	 1	 -41.8368	  174.1945
9.674	 2.72	 1	 -42.4581	  173.7493
9.674	 2.43	 4	 -41.8067	  173.0795
9.674	 2.23	 1	 -43.0376	  177.8544
9.675	 2.14	 1	 -41.8081	  174.2053
9.675	 2.24	 2	 -42.3695	  173.0309
9.676	 2.04	 3	 -42.4905	  172.6907
9.677	 2.31	 4	 -42.8848	  173.6256
9.677	 2.25	 1	 -42.4075	  174.2087
9.678	 2.09	 1	 -42.9050	  173.3415
9.678	 2.21	 1	 -42.6740	  172.6629
9.679	 2.60	 3	 -46.1487	  176.7203
9.681	 2.21	 1	 -42.2780	  173.9589
9.683	 2.00	 1	 -41.7944	  174.3068
9.685	 2.20	 2	 -41.9029	  174.5524
9.687	 2.26	 2	 -43.1769	  172.9237
9.689	 2.01	 1	 -42.2458	  173.6416
9.691	 2.02	 6	 -41.8110	  173.0650
9.691	 2.02	 1	 -42.7391	  173.0847
9.691	 3.07	 1	 -42.4263	  173.7595
9.692	 2.25	 1	 -41.9618	  174.9182
9.693	 4.10	 1	 -41.8669	  174.0809
9.694	 2.09	 2	 -41.7189	  174.2829
9.695	 2.19	 1	 -42.0663	  173.6817
9.696	 3.37	 1	 -42.5500	  173.0113
9.701	 2.23	 3	 -42.6216	  173.2063
9.702	 2.45	 2	 -42.3218	  172.6238
9.703	 2.97	 1	 -42.4528	  173.1688
9.705	 2.44	 3	 -42.6879	  172.6821
9.706	 2.00	 2	 -42.0921	  173.9647
9.706	 2.82	 3	 -43.4397	  179.1300
9.707	 2.55	 1	 -41.6845	  173.8440
9.709	 2.02	 3	 -42.3176	  173.2734
9.710	 2.76	 4	 -42.0382	  173.7015
9.713	 2.12	 2	 -42.5194	  173.3100
9.717	 2.27	 1	 -41.5523	  172.8996
9.718	 2.98	 1	 -41.7299	  174.3215
9.720	 2.67	 1	 -42.6346	  172.8356
9.720	 2.10	 2	 -41.6472	  173.1266
9.720	 2.37	 3	 -42.3554	  173.7959
9.722	 2.03	 1	 -42.4768	  173.1928
9.722	 2.27	 1	 -41.6883	  174.3141
9.722	 2.22	 4	 -42.6991	  173.1163
9.724	 2.44	 3	 -41.9395	  173.6537
9.726	 2.22	 1	 -43.7711	  172.9814
9.728	 2.27	 2	 -42.2263	  173.6253
9.730	 3.76	 3	 -42.2735	  172.9417
9.731	 2.16	 3	 -44.0966	  173.0693
9.731	 2.01	 3	 -42.3767	  173.0946
9.735	 2.34	 1	 -43.2126	  173.1775
9.739	 2.07	 1	 -41.9588	  173.9879
9.739	 2.11	 1	 -41.8232	  174.2229
9.742	 3.42	 2	 -42.8629	  172.5580
9.744	 2.06	 1	 -42.3459	  173.7535
9.745	 2.05	 2	 -42.1936	  173.5186
9.747	 2.45	 2	 -41.7977	  173.9485
9.749	 2.36	 1	 -42.3593	  173.9998
9.752	 2.28	 1	 -42.2783	  173.7281
9.754	 2.14	 3	 -42.5433	  173.1352
9.758	 2.25	 2	 -41.9418	  173.7175
9.759	 2.03	 2	 -42.6304	  172.8433
9.762	 2.43	 2	 -42.0519	  173.5773
9.762	 2.79	 1	 -42.7142	  173.0038
9.763	 2.38	 1	 -41.7546	  174.1772
9.765	 2.47	 2	 -41.7484	  174.1248
9.769	 2.08	 3	 -42.8659	  172.8781
9.769	 2.60	 2	 -42.1183	  172.9110
9.771	 2.02	 4	 -42.5045	  173.3635
9.772	 2.56	 1	 -41.6525	  174.2366
9.777	 2.03	 1	 -42.3462	  173.8963
9.778	 2.95	 3	 -42.2583	  173.2429
9.778	 3.52	 4	 -41.7581	  174.2759
9.779	 2.59	 2	 -42.5441	  170.8111
9.780	 2.75	 2	 -42.1449	  173.6209
9.781	 2.57	 3	 -42.4239	  173.2027
9.792	 2.46	 2	 -41.9048	  174.5876
9.793	 2.27	 3	 -42.6642	  173.1285
9.795	 2.28	 1	 -42.3537	  173.4473
9.798	 2.09	 1	 -42.6148	  172.9860
9.799	 2.25	 1	 -42.2368	  173.5809
9.805	 2.18	 4	 -42.4121	  173.3128
9.805	 2.23	 3	 -42.5421	  173.2114
9.806	 2.84	 2	 -40.9164	  173.5278
9.816	 2.16	 2	 -42.1351	  175.1923
9.817	 2.15	 2	 -42.7601	  173.0560
9.817	 2.24	 3	 -42.6639	  173.0066
9.820	 2.63	 2	 -42.4735	  173.1635
9.820	 2.82	 2	 -42.1858	  173.7592
9.822	 2.04	 1	 -42.4249	  173.3273
9.823	 2.85	 3	 -41.9344	  174.1624
9.823	 2.37	 2	 -41.7140	  175.0029
9.826	 2.71	 2	 -41.8312	  174.1718
9.826	 2.51	 1	 -42.0573	  174.9631
9.827	 2.11	 3	 -42.4890	  173.0771
9.827	 2.14	 2	 -41.8736	  173.7512
9.829	 2.41	 1	 -42.3129	  171.9554
9.833	 2.20	 1	 -42.4456	  173.8152
9.835	 2.38	 3	 -42.6122	  173.3817
9.838	 2.00	 1	 -42.3375	  173.8485
9.839	 2.21	 3	 -42.0478	  173.5751
9.840	 2.34	 1	 -42.3615	  173.4570
9.842	 2.00	 1	 -40.6572	  173.8450
9.845	 2.41	 1	 -42.0020	  173.7906
9.847	 2.15	 1	 -42.2883	  173.6846
9.848	 2.02	 1	 -41.7057	  174.1303
9.851	 2.44	 2	 -38.0125	  177.7327
9.852	 2.23	 3	 -42.4700	  173.3979
9.853	 2.74	 2	 -41.8110	  174.3976
9.856	 3.47	 2	 -42.0928	  173.5663
9.858	 3.33	 1	 -41.9698	  173.6369
9.859	 2.35	 2	 -42.4998	  173.2784
9.860	 2.10	 1	 -42.2594	  173.9696
9.865	 2.10	 2	 -42.3299	  173.6651
9.865	 2.12	 1	 -41.8643	  173.9486
9.865	 2.03	 2	 -42.5778	  175.1529
9.868	 2.29	 3	 -42.4208	  173.7911
9.870	 2.05	 3	 -42.5396	  173.1477
9.872	 3.11	 3	 -45.0002	  174.2281
9.875	 3.23	 1	 -42.0892	  173.6118
9.876	 4.07	 2	 -41.6171	  174.1132
9.876	 2.02	 3	 -41.8504	  174.2275
9.884	 2.88	 3	 -42.5865	  173.8682
9.885	 2.97	 4	 -41.8096	  174.2353
9.885	 2.37	 3	 -42.4436	  173.0656
9.885	 2.41	 1	 -41.6996	  174.3046
9.887	 2.04	 2	 -42.5658	  172.9904
9.887	 2.31	 1	 -42.5808	  172.8088
9.888	 2.90	 3	 -42.5986	  173.1323
9.888	 2.16	 1	 -42.1051	  174.3440
9.891	 2.22	 1	 -42.3464	  173.7310
9.895	 2.31	 1	 -41.8499	  173.8893
9.896	 2.38	 3	 -41.8148	  174.3181
9.902	 2.09	 1	 -41.9523	  174.2874
9.902	 2.15	 1	 -42.4088	  173.5834
9.903	 2.66	 1	 -42.2985	  173.9986
9.905	 3.26	 1	 -41.7536	  174.4162
9.907	 2.57	 1	 -42.3156	  174.0457
9.907	 2.12	 1	 -41.7128	  174.2322
9.908	 2.90	 3	 -42.3440	  173.3311
9.909	 2.38	 1	 -42.3672	  173.0652
9.913	 2.02	 1	 -42.5994	  173.0197
9.913	 2.46	 1	 -41.6731	  174.5816
9.913	 2.11	 1	 -41.7019	  174.1460
9.921	 2.05	 1	 -41.7860	  174.2502
9.922	 2.73	 1	 -41.7189	  174.3713
9.925	 2.04	 1	 -42.6594	  173.1536
9.927	 2.61	 3	 -43.3369	  171.7950
9.927	 2.01	 4	 -42.0168	  174.3156
9.929	 2.75	 1	 -41.4801	  174.7089
9.932	 2.60	 4	 -42.5978	  173.1325
9.932	 2.78	 1	 -41.7375	  174.2338
9.933	 2.05	 3	 -42.5117	  173.1849
9.933	 2.52	 2	 -41.7632	  174.2244
9.934	 2.59	 1	 -41.7709	  174.2417
9.936	 2.03	 1	 -41.9853	  174.0804
9.937	 2.37	 2	 -41.7145	  174.2655
9.937	 2.36	 1	 -41.9428	  174.3851
9.941	 2.32	 2	 -42.4263	  173.9095
9.947	 2.24	 3	 -42.0503	  173.1436
9.953	 2.11	 2	 -42.3374	  173.8490
9.953	 2.08	 1	 -41.8587	  174.3083
9.955	 2.08	 2	 -41.7440	  174.2626
9.958	 2.04	 1	 -42.2600	  173.6421
9.960	 2.50	 1	 -42.5803	  173.1478
9.962	 2.36	 1	 -41.7394	  174.3503
9.966	 2.05	 3	 -42.5554	  173.0979
9.968	 2.15	 1	 -41.8620	  174.0438
9.970	 2.26	 1	 -42.1220	  173.5929
9.972	 2.22	 3	 -42.5223	  173.2023
9.976	 2.07	 1	 -42.1450	  173.9836
9.978	 2.63	 2	 -42.0370	  173.7423
9.979	 2.05	 1	 -42.4333	  173.7767
9.981	 2.10	 2	 -44.4776	  173.0814
9.982	 3.02	 1	 -42.2163	  174.0813
9.985	 2.47	 1	 -42.1851	  173.4390
9.986	 3.17	 4	 -42.1645	  174.2603
9.988	 2.87	 1	 -40.5728	  175.9853
9.989	 2.05	 2	 -42.3676	  173.9336
9.992	 3.02	 1	 -42.1592	  173.6289
9.994	 2.67	 1	 -41.9950	  173.7413
9.994	 2.16	 5	 -41.7717	  173.5780
9.995	 2.38	 3	 -42.1026	  172.6573
9.995	 2.27	 2	 -42.2120	  173.6465
9.995	 2.07	 1	 -42.2148	  173.5135
9.998	 2.94	 1	 -42.6182	  172.9489
10.011	 2.11	 1	 -41.9702	  174.6979
10.011	 3.20	 1	 -40.0838	  175.0199
10.013	 2.61	 1	 -42.2092	  173.7651
10.017	 2.19	 3	 -42.8985	  172.7905
10.018	 2.75	 2	 -42.1109	  173.4813
10.018	 2.20	 2	 -41.4183	  174.3146
10.022	 2.94	 3	 -42.4598	  173.4874
10.026	 2.19	 3	 -42.5223	  173.3796
10.026	 2.06	 4	 -42.3742	  173.4412
10.029	 2.03	 1	 -42.2731	  173.8372
10.031	 3.03	 3	 -37.9850	  171.3045
10.034	 2.29	 1	 -41.6374	  173.9050
10.035	 2.15	 1	 -41.6273	  174.2495
10.036	 3.58	 1	 -41.9538	  173.5946
10.037	 2.24	 3	 -39.2953	  168.8818
10.041	 3.59	 1	 -42.5509	  172.7260
10.042	 2.34	 3	 -42.5034	  173.1539
10.043	 2.34	 2	 -41.9541	  173.6425
10.047	 2.44	 1	 -42.9405	  174.8609
10.047	 2.72	 5	 -41.9978	  173.2073
10.048	 2.73	 4	 -42.2347	  173.8764
10.049	 2.29	 2	 -42.0880	  173.6152
10.050	 2.04	 2	 -42.7119	  173.0404
10.051	 2.27	 1	 -42.2826	  173.6951
10.053	 2.29	 1	 -42.9865	  179.1269
10.062	 2.09	 1	 -41.7354	  174.2565
10.063	 2.21	 1	 -41.7231	  174.1736
10.063	 2.53	 1	 -41.7223	  174.2012
10.064	 2.09	 2	 -42.6551	  172.8387
10.065	 3.91	 2	 -42.2817	  173.7634
10.067	 2.34	 3	 -41.7416	  174.3802
10.070	 2.14	 3	 -43.3069	  174.5152
10.071	 2.42	 2	 -41.9595	  173.5927
10.074	 2.37	 2	 -41.9680	  173.8812
10.075	 2.57	 2	 -42.1993	  173.9076
10.078	 2.72	 1	 -42.6678	  173.5297
10.078	 2.05	 1	 -42.0873	  173.5602
10.079	 2.18	 1	 -42.2118	  173.5637
10.080	 3.54	 4	 -42.4628	  171.3772
10.082	 2.34	 1	 -42.6558	  173.6170
10.083	 2.25	 2	 -41.9112	  173.7343
10.083	 2.06	 5	 -42.4613	  171.3788
10.085	 2.54	 2	 -42.6228	  173.0417
10.086	 2.21	 1	 -42.2716	  173.5036
10.087	 2.15	 2	 -42.6586	  172.7179
10.088	 2.08	 2	 -42.3859	  173.6193
10.090	 2.88	 4	 -42.0339	  173.6729
10.091	 2.05	 1	 -42.0308	  173.5268
10.092	 2.16	 1	 -41.7176	  174.2369
10.092	 2.46	 3	 -42.2380	  173.6788
10.096	 3.06	 3	 -41.6143	  174.0579
10.096	 2.64	 2	 -42.7419	  173.2479
10.098	 2.36	 1	 -42.2435	  173.8761
10.099	 2.97	 3	 -42.4109	  173.1170
10.103	 2.13	 4	 -41.8409	  174.1378
10.109	 2.16	 3	 -41.9150	  173.8647
10.110	 2.02	 4	 -41.8242	  173.8833
10.112	 2.44	 2	 -42.4106	  173.1393
10.113	 2.03	 2	 -42.7421	  173.6091
10.115	 2.48	 3	 -42.4816	  173.2075
10.116	 2.02	 4	 -41.9219	  173.8317
10.116	 2.43	 1	 -42.4707	  172.6358
10.117	 2.37	 1	 -42.5645	  172.8687
10.118	 2.66	 1	 -41.5664	  174.3277
10.120	 2.22	 1	 -42.5482	  173.0461
10.123	 2.12	 1	 -42.7243	  173.5434
10.124	 2.04	 1	 -42.3552	  173.2595
10.126	 2.11	 1	 -42.4562	  173.8734
10.127	 2.38	 5	 -41.6495	  174.3662
10.128	 2.82	 3	 -41.8608	  172.6686
10.129	 2.45	 4	 -41.8372	  172.9937
10.130	 2.03	 2	 -42.4427	  173.3324
10.131	 2.69	 3	 -42.3100	  173.4268
10.135	 2.09	 2	 -42.1817	  173.7834
10.136	 2.62	 1	 -42.3899	  173.9657
10.139	 2.21	 3	 -42.8798	  173.0186
10.142	 2.28	 1	 -41.8594	  173.9790
10.144	 2.21	 1	 -42.5493	  173.0748
10.146	 2.01	 3	 -42.1343	  172.3189
10.150	 2.04	 3	 -42.4640	  173.5791
10.151	 2.08	 3	 -42.2682	  173.6464
10.151	 3.09	 1	 -42.1137	  173.8081
10.152	 2.72	 1	 -42.1103	  173.4073
10.153	 2.65	 2	 -42.2465	  175.1700
10.153	 2.27	 4	 -42.3872	  174.1490
10.154	 2.62	 1	 -42.0902	  172.9607
10.155	 2.05	 2	 -41.6682	  174.2314
10.157	 2.25	 3	 -41.9413	  173.6605
10.158	 2.04	 1	 -41.9271	  173.7181
10.161	 2.14	 1	 -42.3546	  172.8756
10.163	 2.07	 3	 -42.4799	  173.2881
10.163	 2.03	 1	 -41.6917	  174.3015
10.163	 2.86	 1	 -42.5118	  172.3793
10.165	 2.62	 5	 -42.0209	  173.2531
10.166	 2.47	 3	 -44.2870	  167.5758
10.167	 2.26	 1	 -41.7864	  174.2150
10.168	 2.56	 4	 -42.4577	  173.0630
10.169	 2.16	 4	 -42.4631	  172.9501
10.171	 2.06	 2	 -41.6440	  174.1938
10.171	 2.64	 2	 -42.5682	  172.6457
10.174	 3.17	 1	 -41.8384	  174.0450
10.174	 2.53	 1	 -42.3763	  173.7381
10.178	 2.20	 1	 -41.6535	  174.3740
10.178	 2.34	 1	 -41.7421	  174.2199
10.183	 2.43	 1	 -42.5944	  172.9489
10.185	 2.34	 1	 -42.4549	  173.7257
10.186	 2.24	 1	 -39.0645	  169.4080
10.187	 2.81	 2	 -41.2474	  173.1302
10.187	 2.55	 1	 -42.6137	  173.7868
10.190	 2.57	 3	 -42.3134	  173.4906
10.190	 2.59	 1	 -41.6617	  174.1203
10.193	 2.22	 1	 -43.1743	  173.1614
10.196	 2.17	 1	 -41.9862	  173.8152
10.199	 2.42	 1	 -42.1541	  173.7015
10.199	 2.05	 2	 -42.2775	  173.8683
10.200	 2.26	 5	 -42.0486	  173.2378
10.203	 2.65	 3	 -43.0395	  172.9707
10.214	 2.40	 2	 -42.0102	  173.8410
10.215	 2.32	 1	 -41.9633	  173.6632
10.217	 2.19	 3	 -42.2566	  173.1242
10.220	 2.68	 3	 -41.1816	  175.0686
10.224	 2.08	 3	 -41.9195	  174.1750
10.224	 2.78	 1	 -41.8086	  174.2688
10.225	 2.38	 2	 -42.2447	  173.6044
10.232	 2.12	 2	 -42.5419	  172.3934
10.233	 2.29	 2	 -42.4608	  172.7358
10.233	 2.12	 1	 -42.5929	  173.2704
10.233	 2.43	 1	 -42.0857	  172.9091
10.241	 2.24	 3	 -42.8041	  173.5226
10.242	 2.24	 2	 -41.8505	  171.8581
10.242	 2.42	 5	 -42.1627	  174.2572
10.243	 2.05	 2	 -42.2677	  173.7543
10.244	 2.15	 3	 -42.3543	  173.8799
10.244	 2.00	 4	 -42.5701	  172.9690
10.245	 2.51	 1	 -41.7680	  174.1927
10.245	 2.23	 3	 -42.4572	  172.6256
10.245	 2.12	 2	 -41.6313	  174.2716
10.248	 2.95	 3	 -42.6882	  173.8572
10.250	 2.13	 1	 -42.3265	  173.9051
10.250	 2.83	 4	 -41.9710	  173.9520
10.252	 2.51	 1	 -42.6214	  172.6802
10.252	 2.00	 4	 -42.4839	  173.1263
10.253	 3.03	 3	 -41.9394	  174.0643
10.254	 2.11	 1	 -42.9850	  172.8593
10.259	 2.09	 3	 -42.6662	  172.8868
10.261	 3.51	 3	 -42.4423	  173.2794
10.265	 2.24	 1	 -42.2873	  174.0586
10.270	 2.86	 3	 -42.4778	  173.4579
10.270	 2.78	 1	 -42.4452	  173.0758
10.270	 2.91	 2	 -41.6615	  174.3165
10.271	 2.74	 1	 -41.8498	  174.2905
10.271	 2.11	 1	 -42.7368	  173.0516
10.271	 2.17	 1	 -41.7426	  174.3262
10.273	 2.51	 5	 -41.7578	  174.2694
10.273	 3.34	 4	 -42.0509	  173.7005
10.273	 2.28	 2	 -42.5896	  173.0456
10.274	 2.18	 1	 -42.1553	  173.5482
10.274	 4.29	 1	 -41.7417	  174.1375
10.274	 2.49	 1	 -42.2381	  173.6522
10.276	 2.25	 3	 -42.4122	  172.8565
10.276	 2.06	 3	 -42.6221	  173.1228
10.276	 2.85	 2	 -41.7033	  174.2148
10.278	 2.43	 2	 -42.6554	  173.1583
10.278	 2.29	 3	 -42.4509	  173.7707
10.281	 2.81	 2	 -40.7524	  175.2288
10.282	 2.13	 3	 -42.1936	  173.9019
10.285	 2.55	 1	 -41.7047	  174.2121
10.287	 2.18	 1	 -42.1777	  173.6034
10.289	 2.17	 2	 -40.7286	  172.5479
10.291	 2.05	 2	 -41.5790	  174.2229
10.291	 2.30	 1	 -42.1572	  173.0622
10.294	 2.32	 4	 -42.1339	  173.6497
10.300	 2.37	 1	 -42.7212	  173.3168
10.301	 2.59	 2	 -41.8965	  173.9826
10.303	 2.35	 2	 -41.9569	  173.6714
10.303	 3.10	 1	 -41.9860	  175.3858
10.307	 2.08	 1	 -42.5745	  173.2247
10.308	 2.19	 2	 -42.8454	  168.8797
10.312	 2.13	 3	 -41.6426	  174.1923
10.312	 3.67	 2	 -41.6462	  174.5515
10.313	 2.57	 3	 -43.5370	  172.5664
10.313	 2.35	 1	 -42.2227	  173.7217
10.314	 2.06	 1	 -41.7116	  174.2329
10.317	 2.01	 1	 -41.8640	  173.7964
10.324	 2.01	 3	 -42.7057	  172.8188
10.325	 2.30	 1	 -41.7914	  174.1992
10.328	 2.37	 1	 -42.5348	  173.1430
10.330	 3.14	 1	 -41.7248	  174.2449
10.331	 3.91	 1	 -42.2375	  173.6707
10.333	 2.15	 1	 -42.2638	  173.6892
10.336	 2.30	 3	 -42.3421	  173.4529
10.338	 2.03	 3	 -41.6906	  174.2684
10.340	 2.49	 2	 -41.9152	  174.4329
10.341	 2.88	 2	 -41.9822	  173.8367
10.345	 3.05	 2	 -42.3156	  173.6635
10.347	 2.06	 1	 -42.3353	  173.6003
10.349	 2.13	 3	 -41.5746	  174.3469
10.350	 2.16	 3	 -42.3842	  173.6152
10.353	 2.80	 2	 -41.7043	  174.2227
10.354	 2.01	 1	 -41.6116	  174.3406
10.355	 2.36	 3	 -44.3480	  172.5953
10.357	 2.56	 3	 -41.9485	  173.6023
10.359	 2.18	 1	 -41.6790	  174.3521
10.360	 3.03	 1	 -41.9325	  173.3132
10.361	 2.18	 2	 -42.3282	  173.7218
10.361	 2.69	 4	 -37.6210	  170.9051
10.362	 2.01	 1	 -41.9543	  173.6366
10.364	 2.33	 1	 -42.1572	  173.8666
10.364	 2.75	 1	 -42.3893	  173.4588
10.364	 2.02	 3	 -42.3589	  173.4632
10.365	 2.64	 1	 -41.7745	  174.2964
10.366	 2.24	 3	 -41.7417	  174.3173
10.369	 2.63	 1	 -42.5236	  173.9201
10.369	 3.03	 2	 -42.1834	  173.8344
10.371	 2.18	 3	 -42.0304	  173.3608
10.372	 2.45	 3	 -41.9335	  173.6942
10.373	 2.26	 1	 -41.4383	  173.5693
10.380	 2.10	 2	 -42.6350	  173.1036
10.381	 2.21	 3	 -41.9012	  174.0425
10.384	 2.54	 2	 -42.3297	  173.9321
10.387	 2.49	 2	 -42.1580	  172.8811
10.388	 3.71	 1	 -41.5568	  173.6317
10.389	 2.02	 3	 -42.6087	  172.9879
10.390	 2.16	 2	 -41.3330	  171.7776
10.394	 2.38	 1	 -42.3790	  173.4081
10.395	 2.10	 1	 -42.2029	  173.6009
10.396	 2.23	 1	 -42.4686	  173.6574
10.397	 2.27	 4	 -42.6552	  172.5710
10.399	 2.25	 1	 -42.6770	  173.0829
10.401	 2.35	 1	 -41.8117	  174.1319
10.402	 2.53	 1	 -41.6933	  174.2277
10.411	 2.85	 2	 -41.9367	  173.6336
10.411	 2.00	 5	 -42.4310	  172.9662
10.412	 2.50	 1	 -42.2352	  173.8204
10.412	 3.70	 1	 -42.9986	  173.0329
10.412	 3.53	 3	 -42.3332	  173.9178
10.415	 2.19	 3	 -41.6045	  174.0748
10.415	 2.45	 2	 -42.3844	  173.2113
10.420	 2.13	 1	 -42.1264	  173.6767
10.420	 2.42	 2	 -41.9047	  174.1113
10.420	 2.04	 1	 -41.6731	  174.3306
10.420	 2.16	 1	 -41.7928	  174.1969
10.420	 2.38	 3	 -41.6290	  174.0908
10.421	 2.97	 1	 -42.6274	  172.5107
10.423	 2.74	 3	 -42.2630	  173.7602
10.424	 2.21	 3	 -41.8754	  174.1201
10.425	 2.61	 2	 -42.1970	  173.8511
10.427	 2.39	 1	 -42.1994	  173.6398
10.427	 2.29	 2	 -41.6727	  174.1445
10.428	 2.66	 4	 -41.8643	  173.0655
10.428	 2.37	 3	 -41.7211	  174.2383
10.429	 2.08	 1	 -42.6002	  172.8754
10.430	 2.04	 4	 -42.3126	  173.8961
10.435	 2.89	 3	 -42.5139	  174.4017
10.436	 2.09	 2	 -41.5417	  173.6370
10.436	 2.33	 1	 -42.6743	  172.8607
10.439	 2.75	 1	 -42.1995	  173.7082
10.440	 2.02	 3	 -41.9344	  173.7023
10.440	 2.40	 2	 -41.8041	  174.2497
10.445	 2.35	 3	 -42.1923	  172.9229
10.445	 2.16	 3	 -42.3356	  174.0289
10.447	 2.72	 2	 -41.7653	  174.1966
10.448	 2.44	 1	 -42.5310	  172.4002
10.452	 2.57	 2	 -41.6683	  174.2277
10.454	 2.09	 1	 -42.6127	  173.0085
10.457	 2.60	 3	 -43.1841	  172.8787
10.462	 2.27	 1	 -41.9359	  173.8023
10.462	 2.08	 1	 -41.8112	  174.0760
10.465	 2.37	 1	 -42.3548	  173.5323
10.466	 2.09	 3	 -46.9724	  172.6241
10.470	 2.20	 3	 -42.3422	  172.9546
10.471	 2.80	 1	 -42.3378	  174.0133
10.472	 2.14	 1	 -42.2947	  174.0442
10.474	 2.19	 1	 -43.4473	  173.5619
10.474	 2.36	 3	 -42.3587	  173.3858
10.474	 2.61	 1	 -42.7182	  172.5709
10.475	 2.88	 3	 -42.5176	  173.3736
10.478	 2.05	 3	 -42.4608	  172.7546
10.478	 2.30	 4	 -42.4434	  173.2565
10.486	 3.17	 3	 -41.8113	  174.3461
10.490	 2.13	 1	 -40.7286	  174.6060
10.494	 2.22	 3	 -41.7728	  172.1312
10.496	 2.92	 2	 -41.8995	  173.6985
10.500	 2.01	 2	 -42.0240	  173.7171
10.500	 3.07	 1	 -42.9748	  173.3967
10.501	 3.64	 1	 -41.9715	  174.0368
10.502	 2.06	 1	 -41.9006	  174.2542
10.503	 3.41	 3	 -41.5096	  174.0815
10.507	 2.56	 2	 -42.4842	  174.0438
10.509	 2.32	 1	 -42.0464	  173.6069
10.509	 2.17	 1	 -42.2397	  173.6903
10.518	 2.18	 3	 -42.7323	  172.9239
10.520	 2.92	 2	 -41.8465	  174.1920
10.520	 3.17	 2	 -42.4423	  173.1602
10.521	 2.27	 2	 -41.7793	  173.5585
10.523	 3.06	 2	 -42.2374	  173.6912
10.525	 2.20	 3	 -42.3685	  173.3246
10.526	 2.43	 1	 -41.6847	  174.1821
10.526	 3.49	 2	 -41.6418	  174.1939
10.527	 2.41	 1	 -42.3843	  173.9671
10.532	 2.03	 1	 -42.6948	  172.8602
10.534	 2.48	 1	 -42.0345	  173.6762
10.538	 2.98	 1	 -42.2768	  173.6623
10.542	 2.03	 2	 -41.8890	  174.2070
10.544	 2.36	 2	 -41.5681	  173.6302
10.546	 2.47	 5	 -42.1720	  173.8223
10.546	 2.39	 3	 -42.2326	  173.8382
10.551	 2.08	 2	 -42.5972	  172.8016
10.551	 2.51	 1	 -42.3975	  173.7327
10.551	 2.85	 3	 -42.5896	  173.1674
10.552	 3.90	 4	 -41.8006	  174.3632
10.552	 2.14	 3	 -42.4650	  173.1192
10.552	 2.34	 3	 -42.4395	  173.2185
10.552	 2.52	 4	 -41.6671	  174.5494
10.555	 2.66	 3	 -42.4723	  173.2827
10.556	 2.70	 1	 -41.8031	  174.1735
10.556	 2.28	 2	 -42.4552	  173.6490
10.556	 2.49	 2	 -41.9064	  174.1264
10.560	 2.37	 1	 -42.5861	  173.8839
10.560	 2.23	 1	 -41.6554	  174.2566
10.564	 2.80	 2	 -42.9887	  173.0310
10.564	 2.48	 2	 -42.2912	  173.5752
10.569	 2.24	 3	 -41.7153	  173.7481
10.570	 2.29	 4	 -45.0049	  174.2178
10.571	 2.97	 3	 -41.6106	  174.0171
10.573	 2.65	 2	 -42.5570	  173.1547
10.573	 3.17	 2	 -42.4665	  172.6353
10.578	 2.85	 2	 -42.1649	  173.6194
10.582	 2.11	 1	 -42.2300	  173.6037
10.584	 2.15	 4	 -46.9719	  172.6274
10.586	 2.55	 2	 -41.7040	  174.2583
10.586	 2.35	 1	 -41.7076	  174.3436
10.586	 2.23	 2	 -42.2342	  173.8717
10.586	 2.14	 1	 -41.9960	  173.6555
10.587	 2.40	 1	 -42.3169	  174.0455
10.588	 2.65	 2	 -41.8265	  174.2515
10.588	 2.09	 2	 -42.4416	  173.3352
10.588	 2.16	 1	 -41.6882	  174.3012
10.588	 2.21	 5	 -41.7983	  174.3641
10.590	 2.31	 2	 -42.2701	  173.2429
10.590	 2.43	 2	 -42.5384	  173.8250
10.591	 2.03	 2	 -40.6618	  173.8368
10.593	 2.60	 2	 -41.8123	  174.2496
10.597	 2.75	 3	 -41.8725	  173.8757
10.598	 2.95	 2	 -41.7140	  174.3410
10.600	 2.90	 5	 -41.7939	  173.0416
10.602	 2.04	 1	 -42.2277	  173.7732
10.604	 2.13	 5	 -42.0537	  173.1783
10.606	 3.10	 1	 -42.2934	  173.6695
10.607	 2.08	 2	 -42.8713	  172.7869
10.608	 2.06	 1	 -41.7893	  174.2485
10.611	 2.07	 3	 -41.9337	  174.2752
10.611	 2.14	 1	 -43.5016	  174.2388
10.618	 2.06	 1	 -42.2996	  173.4534
10.619	 2.84	 1	 -42.8937	  172.9354
10.619	 2.68	 2	 -42.2272	  173.7295
10.620	 2.06	 3	 -42.5155	  173.2476
10.632	 2.56	 3	 -42.2615	  173.9516
10.637	 2.39	 2	 -42.2087	  173.6108
10.638	 2.83	 2	 -43.0085	  173.0374
10.640	 2.37	 1	 -42.7189	  172.8912
10.641	 2.38	 3	 -42.5176	  173.1366
10.644	 2.06	 2	 -42.6018	  173.4804
10.646	 2.51	 3	 -42.5067	  173.5688
10.646	 2.20	 2	 -41.7158	  174.2748
10.647	 2.54	 3	 -41.7054	  174.2594
10.647	 2.13	 2	 -42.5518	  173.2497
10.653	 2.63	 4	 -42.4312	  173.2678
10.654	 2.02	 1	 -41.9335	  173.8091
10.655	 2.33	 1	 -42.4590	  173.7888
10.657	 2.17	 5	 -42.2100	  173.6265
10.659	 2.19	 2	 -42.4963	  173.4911
10.660	 3.07	 2	 -42.2142	  173.7700
10.662	 2.26	 3	 -42.5949	  173.6971
10.666	 2.06	 3	 -42.4681	  173.4039
10.668	 2.01	 1	 -42.6459	  173.8435
10.669	 2.70	 2	 -41.6449	  174.2320
10.669	 2.49	 3	 -42.8841	  172.9778
10.671	 2.30	 4	 -42.2425	  173.8244
10.672	 2.11	 2	 -41.6899	  173.0698
10.673	 2.46	 2	 -42.0445	  174.9618
10.674	 2.21	 2	 -42.2223	  173.6686
10.676	 2.04	 6	 -42.0563	  173.1942
10.681	 2.00	 3	 -42.5970	  173.3899
10.681	 2.59	 1	 -42.9953	  172.9697
10.681	 2.22	 1	 -41.7608	  174.3735
10.685	 3.26	 3	 -41.6247	  174.4660
10.686	 2.70	 3	 -42.4848	  173.2113
10.686	 2.84	 2	 -41.9652	  173.7974
10.688	 2.20	 2	 -42.2000	  173.1563
10.689	 2.64	 1	 -42.3652	  173.2922
10.691	 2.05	 5	 -41.3162	  167.2891
10.692	 2.26	 1	 -40.4444	  176.5719
10.693	 2.48	 3	 -42.4808	  173.0048
10.693	 2.89	 3	 -42.5188	  173.2221
10.694	 2.90	 2	 -42.2807	  173.5999
10.694	 2.04	 3	 -42.4964	  173.4755
10.698	 2.83	 1	 -41.7629	  174.2124
10.701	 2.16	 2	 -42.0742	  173.4863
10.702	 2.09	 2	 -39.5489	  168.6528
10.702	 2.04	 1	 -42.4244	  173.3221
10.703	 2.27	 1	 -41.7762	  174.3080
10.703	 2.53	 2	 -41.1914	  174.2653
10.707	 2.06	 2	 -41.8525	  174.1003
10.708	 2.70	 1	 -41.4617	  174.4750
10.708	 2.50	 1	 -41.6670	  174.2941
10.711	 2.98	 4	 -42.6337	  173.2069
10.711	 2.03	 3	 -42.4079	  173.1578
10.715	 2.12	 1	 -41.9823	  173.5062
10.715	 2.15	 1	 -42.7950	  172.6290
10.716	 3.25	 3	 -40.9670	  173.1219
10.716	 2.44	 2	 -42.3491	  173.6148
10.717	 3.53	 4	 -40.9718	  174.8889
10.718	 2.16	 2	 -41.7488	  174.0198
10.719	 3.35	 1	 -42.0064	  173.6683
10.721	 2.16	 3	 -42.2345	  173.7151
10.722	 2.72	 3	 -42.9560	  171.5771
10.722	 2.18	 1	 -41.9035	  173.0985
10.723	 2.14	 1	 -41.8051	  174.2837
10.725	 2.19	 2	 -42.6775	  174.3705
10.729	 2.24	 3	 -41.6224	  174.0517
10.730	 2.35	 2	 -42.4504	  173.7001
10.730	 2.23	 2	 -41.8292	  174.2033
10.730	 2.10	 5	 -41.9525	  173.2584
10.733	 2.27	 2	 -42.5664	  172.8225
10.734	 2.39	 1	 -41.9069	  174.0016
10.743	 2.18	 3	 -42.2157	  172.7212
10.743	 2.95	 1	 -42.2811	  173.6623
10.745	 2.08	 1	 -41.6742	  174.2763
10.750	 2.79	 1	 -42.1017	  174.0340
10.754	 4.07	 1	 -42.2717	  173.6050
10.755	 2.16	 2	 -42.5425	  173.8734
10.756	 2.64	 3	 -42.1422	  172.9662
10.760	 2.28	 1	 -41.7756	  174.1720
10.760	 2.24	 1	 -42.5443	  173.9343
10.761	 4.29	 1	 -42.2878	  173.5264
10.766	 2.48	 3	 -41.9633	  173.7820
10.773	 2.09	 2	 -42.3880	  173.7689
10.774	 2.70	 2	 -42.4659	  173.4554
10.783	 2.19	 3	 -42.4674	  173.3131
10.789	 2.68	 4	 -42.4369	  173.3861
10.790	 2.61	 1	 -42.2195	  173.6660
10.790	 2.26	 2	 -37.9938	  171.8364
10.792	 2.52	 1	 -42.1805	  173.8575
10.796	 2.19	 1	 -41.8385	  174.2988
10.798	 2.42	 1	 -42.6648	  172.9663
10.799	 2.52	 3	 -42.1554	  172.6440
10.799	 2.10	 1	 -41.9704	  173.9214
10.799	 2.44	 3	 -41.7025	  174.2949
10.799	 3.32	 2	 -41.8375	  174.2701
10.801	 2.11	 1	 -41.9744	  173.9820
10.801	 2.03	 2	 -42.3051	  173.4817
10.801	 2.27	 2	 -42.3946	  173.8068
10.801	 2.70	 2	 -42.4857	  173.3291
10.805	 2.01	 4	 -41.8983	  174.6029
10.809	 2.48	 1	 -42.4270	  173.7377
10.809	 2.14	 1	 -42.3449	  173.5293
10.809	 2.86	 3	 -42.3047	  173.1327
10.813	 2.10	 3	 -41.7245	  174.6054
10.813	 2.16	 2	 -42.5168	  173.2926
10.815	 2.67	 1	 -42.2492	  173.7105
10.819	 2.22	 1	 -42.2833	  173.1992
10.822	 2.30	 1	 -44.6763	  176.3008
10.823	 2.20	 3	 -42.8614	  172.5520
10.825	 2.05	 4	 -42.5127	  173.2467
10.826	 2.13	 1	 -42.2756	  173.5818
10.826	 2.45	 1	 -46.2633	  169.3038
10.829	 2.31	 3	 -42.3049	  173.9549
10.832	 2.06	 3	 -41.8894	  173.9707
10.833	 2.35	 2	 -42.3327	  173.4981
10.834	 3.45	 2	 -41.7298	  174.2077
10.840	 2.37	 1	 -42.1258	  173.5647
10.841	 2.04	 2	 -42.2309	  173.6858
10.842	 2.27	 1	 -42.4404	  173.1399
10.846	 3.06	 1	 -42.3923	  173.6350
10.849	 2.33	 4	 -42.2812	  173.4742
10.849	 2.04	 5	 -42.0427	  173.2273
10.850	 2.31	 5	 -42.6133	  173.1890
10.859	 2.94	 2	 -42.2021	  173.6070
10.860	 2.52	 1	 -42.3884	  173.7389
10.861	 2.08	 2	 -41.6387	  174.3082
10.869	 2.36	 3	 -41.9493	  173.1632
10.869	 2.00	 1	 -42.5444	  173.0703
10.873	 2.46	 3	 -42.4694	  172.6322
10.874	 2.44	 2	 -42.7453	  173.1485
10.874	 2.42	 3	 -41.7624	  174.1908
10.876	 2.31	 2	 -41.8297	  174.1627
10.879	 2.34	 2	 -40.6801	  171.7065
10.880	 3.93	 3	 -42.4551	  173.4028
10.880	 3.13	 2	 -42.0521	  173.7077
10.885	 2.29	 1	 -42.5357	  172.8078
10.887	 2.31	 2	 -41.7615	  174.3874
10.889	 2.09	 2	 -42.1862	  173.8572
10.889	 2.75	 1	 -41.7180	  174.2900
10.890	 2.12	 1	 -42.2885	  173.7216
10.894	 2.65	 1	 -42.4883	  173.8974
10.894	 2.10	 3	 -42.7074	  171.1106
10.895	 2.51	 1	 -42.2628	  173.6572
10.897	 2.21	 1	 -42.1509	  172.8181
10.898	 2.09	 2	 -42.3797	  173.9959
10.898	 2.67	 3	 -42.5127	  173.0939
10.899	 2.29	 3	 -41.6403	  173.3295
10.901	 2.69	 1	 -41.7568	  174.3396
10.907	 2.14	 1	 -42.3221	  173.3507
10.908	 2.75	 4	 -42.0586	  173.9673
10.912	 2.31	 2	 -43.0074	  173.0338
10.913	 2.01	 1	 -42.2723	  173.8222
10.913	 2.62	 4	 -42.9910	  174.0196
10.913	 3.11	 3	 -42.3955	  173.1059
10.913	 2.24	 4	 -41.7984	  174.2641
10.914	 2.06	 1	 -42.2464	  173.4918
10.916	 2.15	 3	 -42.5477	  173.4106
10.924	 2.17	 1	 -42.0156	  173.7478
10.924	 2.54	 3	 -42.7000	  172.5634
10.927	 2.14	 1	 -41.9821	  173.7385
10.929	 2.68	 3	 -42.7437	  173.1462
10.932	 2.24	 1	 -41.7055	  174.3296
10.932	 2.16	 3	 -42.7086	  173.1689
10.932	 3.24	 1	 -41.7169	  174.2226
10.934	 2.09	 1	 -42.3747	  173.7136
10.934	 2.18	 2	 -41.7892	  174.1428
10.934	 2.66	 3	 -41.7309	  174.2257
10.934	 2.34	 2	 -42.2992	  173.5255
10.935	 2.14	 1	 -42.3294	  173.4509
10.935	 2.05	 2	 -42.1570	  173.8142
10.939	 2.52	 1	 -41.8905	  172.9487
10.940	 2.13	 3	 -42.5676	  173.8504
10.942	 2.10	 4	 -41.8506	  173.0777
10.942	 2.66	 2	 -42.4765	  173.1349
10.953	 2.05	 1	 -42.0524	  174.0947
10.955	 2.37	 3	 -42.2023	  173.6442
10.956	 2.03	 1	 -42.1690	  173.8143
10.959	 2.97	 1	 -41.8946	  174.1720
10.962	 2.94	 1	 -42.3433	  172.8183
10.962	 2.41	 3	 -42.7292	  173.1852
10.963	 3.39	 2	 -41.8227	  174.2109
10.966	 2.12	 3	 -41.8715	  174.1234
10.969	 2.18	 3	 -42.5190	  174.0004
10.972	 2.20	 1	 -42.0912	  173.7299
10.973	 2.67	 5	 -42.0521	  173.2604
10.977	 2.72	 1	 -41.8957	  174.1938
10.978	 2.19	 2	 -41.6893	  174.3083
10.978	 2.10	 1	 -42.2764	  173.7571
10.981	 2.28	 3	 -42.5064	  173.3358
10.981	 2.91	 3	 -42.1878	  173.8517
10.987	 2.47	 1	 -42.4829	  173.7314
10.987	 2.30	 3	 -42.5509	  173.2598
10.990	 2.02	 1	 -42.1946	  173.8781
10.992	 2.19	 1	 -42.1193	  172.9059
10.995	 3.97	 1	 -42.2172	  173.6483
10.997	 2.02	 4	 -41.9444	  173.9773
10.998	 2.07	 3	 -42.4356	  172.6890
10.998	 2.15	 3	 -42.4918	  172.9740
11.002	 2.58	 4	 -42.5943	  173.1692
11.007	 2.26	 2	 -41.9331	  173.7557
11.008	 2.05	 2	 -41.8343	  174.0777
11.010	 2.06	 1	 -42.6615	  172.8730
11.011	 2.15	 4	 -41.8301	  174.1751
11.012	 2.72	 1	 -41.9977	  173.4347
11.015	 2.19	 1	 -42.2689	  173.5979
11.017	 2.55	 1	 -42.9564	  172.5166
11.018	 2.62	 2	 -41.9576	  173.8136
11.018	 2.25	 3	 -42.5916	  173.2991
11.023	 2.04	 4	 -42.7122	  172.8174
11.034	 2.06	 3	 -42.1797	  173.6495
11.035	 2.17	 2	 -42.3071	  173.7944
11.036	 2.71	 1	 -43.5435	  172.1738
11.036	 2.77	 5	 -42.0353	  173.2258
11.041	 2.05	 1	 -41.7700	  174.3559
11.042	 2.11	 3	 -42.3511	  173.1047
11.045	 2.27	 1	 -42.6455	  173.2338
11.045	 2.58	 2	 -41.9782	  173.9122
11.047	 2.49	 1	 -42.5228	  173.0476
11.052	 2.05	 1	 -42.1868	  172.3832
11.054	 2.46	 2	 -41.7105	  174.3093
11.056	 2.51	 1	 -42.2996	  173.4687
11.057	 2.37	 2	 -41.9298	  174.3665
11.069	 2.34	 1	 -42.4197	  174.1327
11.070	 2.03	 1	 -42.5401	  173.2740
11.071	 2.27	 1	 -41.8301	  173.9645
11.073	 2.04	 1	 -42.4173	  173.9005
11.074	 3.03	 5	 -41.8802	  173.9278
11.076	 2.36	 1	 -42.6197	  172.9431
11.076	 2.03	 3	 -42.5157	  173.3377
11.080	 2.50	 1	 -42.3619	  173.8141
11.080	 2.89	 3	 -42.6189	  173.3070
11.081	 2.45	 1	 -42.5124	  173.0717
11.082	 2.40	 2	 -42.0299	  173.7767
11.083	 2.12	 2	 -40.8582	  173.5162
11.087	 2.00	 1	 -42.1844	  172.7112
11.093	 2.02	 2	 -41.6784	  172.5231
11.094	 2.12	 4	 -42.5115	  173.4027
11.096	 2.16	 1	 -42.6387	  172.9274
11.099	 2.11	 1	 -41.7184	  174.2926
11.100	 2.30	 1	 -41.8343	  172.8069
11.100	 2.48	 1	 -41.7682	  174.1289
11.101	 2.86	 1	 -42.6143	  173.0242
11.101	 2.53	 1	 -42.3153	  173.4897
11.102	 2.13	 2	 -42.1681	  173.5515
11.103	 2.40	 1	 -42.3256	  173.9056
11.104	 2.11	 2	 -41.1893	  175.0800
11.106	 2.84	 3	 -42.5148	  173.2800
11.107	 2.20	 2	 -42.4938	  173.0906
11.108	 2.01	 2	 -42.4244	  172.9349
11.112	 3.12	 1	 -42.1658	  173.5476
11.115	 2.07	 1	 -42.7485	  174.2304
11.115	 2.26	 2	 -42.2682	  173.4611
11.117	 2.13	 4	 -42.6564	  173.6726
11.117	 2.04	 1	 -41.2801	  175.0582
11.118	 2.04	 1	 -42.2604	  173.8742
11.119	 2.44	 1	 -41.7758	  174.1888
11.122	 2.16	 2	 -42.6536	  172.9666
11.123	 2.20	 1	 -42.2510	  173.9145
11.125	 2.76	 1	 -42.3602	  173.9885
11.127	 2.21	 2	 -42.6816	  173.5142
11.128	 2.45	 3	 -42.4573	  173.3504
11.129	 2.35	 4	 -42.5179	  174.0022
11.129	 2.32	 2	 -42.6517	  172.9993
11.129	 2.04	 1	 -41.9138	  173.6268
11.138	 2.43	 3	 -42.6218	  172.9749
11.138	 2.15	 1	 -41.6888	  174.2479
11.139	 2.53	 2	 -42.2956	  173.7284
11.140	 2.90	 2	 -42.6973	  172.7106
11.141	 2.10	 2	 -42.5804	  173.4888
11.142	 2.06	 2	 -41.9029	  174.1662
11.145	 2.22	 1	 -42.2920	  173.6746
11.146	 2.32	 2	 -42.5397	  173.8320
11.150	 2.21	 2	 -41.5129	  174.1722
11.150	 2.04	 1	 -42.3173	  173.8596
11.153	 2.25	 3	 -42.5466	  173.2012
11.154	 2.54	 3	 -42.4529	  173.2800
11.155	 2.01	 3	 -46.8449	  171.6302
11.156	 2.62	 2	 -41.8267	  173.5256
11.158	 2.06	 1	 -42.3613	  173.7823
11.159	 2.26	 1	 -42.0831	  173.7545
11.161	 2.16	 1	 -42.6718	  173.0855
11.163	 2.81	 1	 -42.7954	  173.0725
11.165	 2.01	 2	 -42.2008	  173.8742
11.166	 2.98	 3	 -41.1890	  175.0802
11.173	 2.13	 4	 -42.0938	  172.5149
11.174	 2.01	 3	 -43.6438	  174.1723
11.175	 2.25	 1	 -42.0387	  173.7988
11.176	 2.02	 1	 -41.7971	  174.2994
11.176	 2.90	 1	 -41.8095	  174.2065
11.178	 2.19	 4	 -42.2631	  173.8745
11.179	 3.40	 1	 -42.5830	  174.2746
11.179	 4.10	 2	 -41.7273	  174.2632
11.181	 2.53	 2	 -42.3581	  174.1897
11.181	 3.93	 3	 -42.4507	  173.1102
11.187	 2.03	 3	 -42.3645	  172.9987
11.196	 2.08	 4	 -42.1502	  173.9679
11.197	 2.12	 1	 -41.7222	  174.2136
11.197	 2.01	 1	 -42.1004	  172.7168
11.198	 2.46	 2	 -41.8945	  174.1551
11.199	 3.82	 3	 -42.4270	  172.4548
11.199	 2.18	 2	 -42.5034	  173.3811
11.202	 2.45	 2	 -42.4685	  173.2478
11.203	 2.23	 3	 -42.8433	  172.5366
11.204	 2.39	 1	 -41.7884	  174.1848
11.205	 2.26	 1	 -42.8103	  174.5561
11.210	 2.03	 2	 -43.1872	  171.9043
11.210	 2.13	 1	 -42.1249	  173.5220
11.212	 2.00	 1	 -41.6897	  174.5380
11.213	 2.01	 2	 -42.0492	  173.7968
11.215	 2.52	 1	 -42.8514	  173.5407
11.215	 2.06	 1	 -42.8430	  173.0473
11.216	 2.01	 2	 -42.8487	  173.0051
11.217	 2.38	 3	 -41.6674	  174.1775
11.218	 2.12	 1	 -42.2799	  173.7983
11.219	 2.14	 1	 -42.1154	  173.6773
11.222	 2.71	 4	 -42.4478	  173.1102
11.222	 3.12	 3	 -42.2981	  172.6398
11.223	 2.86	 2	 -42.2343	  173.7451
11.226	 2.30	 1	 -42.3382	  173.8673
11.232	 2.18	 1	 -42.2449	  173.6024
11.232	 2.02	 1	 -42.3094	  173.6912
11.234	 2.52	 2	 -42.0359	  173.6544
11.234	 2.51	 1	 -42.2556	  173.6515
11.237	 2.67	 3	 -41.7986	  174.2163
11.237	 2.60	 1	 -42.2584	  173.4030
11.238	 2.29	 1	 -42.4667	  173.8957
11.238	 2.14	 2	 -41.8760	  174.0730
11.243	 2.14	 4	 -41.8144	  174.2299
11.251	 2.30	 1	 -42.5230	  173.9184
11.254	 2.14	 1	 -42.3300	  173.7228
11.254	 2.03	 4	 -42.4406	  173.1129
11.256	 3.06	 5	 -41.9960	  173.3013
11.257	 2.44	 2	 -42.4670	  173.6549
11.258	 2.87	 1	 -41.6685	  174.2888
11.260	 2.31	 4	 -42.4462	  173.1029
11.261	 2.62	 1	 -41.7966	  174.2582
11.264	 2.81	 2	 -41.7722	  173.9539
11.264	 3.10	 3	 -41.7651	  174.1971
11.264	 2.37	 3	 -42.4405	  173.1080
11.266	 3.17	 2	 -42.1770	  173.5908
11.266	 2.32	 1	 -42.6794	  173.0878
11.266	 2.18	 2	 -42.2230	  173.5402
11.267	 2.72	 3	 -42.5249	  173.3277
11.267	 3.35	 2	 -42.5319	  173.2532
11.270	 2.10	 2	 -42.5919	  173.1843
11.270	 2.33	 2	 -42.3650	  173.7086
11.273	 2.12	 1	 -41.6909	  174.2115
11.274	 2.46	 3	 -42.5182	  173.1944
11.274	 2.41	 3	 -41.6702	  174.1723
11.275	 2.17	 1	 -41.8004	  174.1285
11.275	 2.27	 2	 -42.3471	  173.7132
11.280	 2.34	 1	 -41.6510	  174.3200
11.280	 2.75	 1	 -42.3055	  173.5728
11.282	 2.02	 2	 -42.2841	  173.5250
11.283	 2.09	 2	 -41.4694	  174.4625
11.283	 2.50	 1	 -42.0097	  173.7427
11.283	 2.52	 2	 -38.1107	  171.9443
11.284	 2.28	 1	 -41.6911	  174.2617
11.285	 2.25	 1	 -42.9807	  173.2837
11.288	 2.36	 1	 -42.0241	  173.6768
11.291	 2.44	 3	 -41.7852	  174.2209
11.294	 2.12	 2	 -41.8033	  174.7716
11.296	 2.31	 2	 -42.1389	  174.2109
11.297	 2.18	 2	 -42.9188	  172.8587
11.301	 2.03	 1	 -42.1214	  172.9111
11.302	 2.21	 2	 -42.1916	  173.8804
11.302	 2.35	 1	 -42.3424	  173.1009
11.304	 2.67	 2	 -41.5463	  174.3818
11.305	 2.44	 3	 -41.7475	  174.3300
11.306	 2.32	 2	 -42.4788	  172.9925
11.306	 2.32	 2	 -41.9594	  173.6157
11.309	 2.35	 1	 -42.3342	  173.7349
11.312	 2.61	 1	 -41.7932	  174.4589
11.312	 3.02	 3	 -41.5533	  174.6416
11.318	 2.83	 2	 -42.1555	  173.5656
11.321	 2.01	 3	 -42.4742	  173.1369
11.323	 2.33	 1	 -41.5951	  173.8008
11.325	 2.11	 4	 -42.4265	  172.4646
11.327	 4.29	 2	 -42.2872	  173.7456
11.333	 2.22	 2	 -42.0930	  173.6525
11.333	 2.18	 3	 -42.4116	  174.2295
11.336	 2.14	 3	 -42.3680	  172.6415
11.338	 2.03	 1	 -41.7966	  174.2889
11.341	 2.05	 1	 -41.9794	  174.0878
11.344	 2.91	 1	 -42.2080	  173.6719
11.344	 2.44	 1	 -42.6752	  172.9093
11.346	 2.04	 1	 -42.1921	  173.7947
11.347	 2.48	 2	 -41.6848	  174.1288
11.353	 2.13	 5	 -42.3378	  173.8728
11.355	 2.13	 1	 -42.1785	  173.5983
11.356	 3.26	 2	 -42.6657	  173.5685
11.357	 2.18	 1	 -39.9794	  171.6803
11.359	 2.46	 3	 -42.8664	  172.8332
11.364	 2.27	 3	 -42.7564	  173.1359
11.364	 3.08	 3	 -42.2284	  173.6619
11.365	 3.10	 2	 -42.6143	  173.0246
11.366	 2.91	 1	 -42.5658	  173.0325
11.367	 2.24	 3	 -42.3634	  173.6245
11.367	 2.45	 3	 -43.6572	  170.1586
11.368	 2.48	 2	 -41.7481	  174.3037
11.371	 2.54	 2	 -41.8645	  174.1236
11.375	 2.26	 1	 -42.5757	  172.8185
11.375	 2.99	 5	 -41.9331	  173.1774
11.377	 2.29	 2	 -43.5459	  172.1741
11.380	 2.46	 2	 -42.3222	  173.7997
11.380	 2.79	 3	 -42.4196	  173.0866
11.384	 3.08	 4	 -42.3826	  173.1364
11.385	 3.05	 1	 -42.0710	  173.5363
11.387	 2.52	 3	 -41.7438	  174.1408
11.390	 2.26	 1	 -42.2623	  173.6542
11.391	 2.24	 4	 -41.7556	  174.2535
11.392	 2.41	 3	 -42.4714	  173.0757
11.393	 2.00	 2	 -42.4932	  173.2252
11.396	 2.11	 1	 -43.3203	  173.3301
11.400	 2.38	 1	 -41.7393	  173.5858
11.404	 2.24	 2	 -42.2152	  173.6594
11.405	 2.84	 3	 -41.9535	  173.9221
11.406	 2.55	 1	 -42.2625	  173.6193
11.406	 3.22	 2	 -42.6899	  172.9795
11.409	 2.31	 1	 -42.0564	  173.9612
11.409	 2.35	 1	 -43.0347	  172.8465
11.409	 2.23	 2	 -42.2877	  173.6621
11.410	 2.69	 3	 -42.4053	  173.0277
11.411	 2.29	 5	 -42.4195	  173.1179
11.412	 2.79	 1	 -41.7637	  174.3767
11.415	 2.07	 4	 -41.9472	  173.9301
11.422	 2.75	 1	 -42.6733	  173.3423
11.422	 2.51	 3	 -42.9063	  173.1448
11.423	 2.36	 1	 -42.1327	  174.3545
11.424	 2.31	 1	 -42.1978	  173.5364
11.425	 2.19	 1	 -41.7439	  174.2072
11.428	 2.08	 4	 -42.7928	  174.2232
11.429	 2.44	 1	 -42.6815	  173.2562
11.432	 2.13	 2	 -42.1729	  174.1135
11.432	 2.58	 2	 -42.5023	  172.7042
11.434	 2.26	 1	 -42.5143	  173.1524
11.439	 2.30	 1	 -42.4062	  173.7236
11.440	 2.54	 2	 -41.9156	  173.6542
11.440	 2.20	 2	 -42.0684	  173.9651
11.440	 2.03	 2	 -41.5555	  173.6279
11.441	 2.37	 5	 -41.7727	  174.2369
11.442	 2.16	 1	 -41.6290	  174.2408
11.443	 2.13	 3	 -41.8455	  173.7916
11.449	 2.05	 2	 -41.7273	  174.2320
11.450	 2.36	 2	 -41.9436	  173.7077
11.451	 2.25	 2	 -41.8080	  173.9230
11.459	 4.00	 2	 -41.6959	  173.9641
11.462	 2.10	 3	 -42.7941	  173.2531
11.463	 2.04	 1	 -42.0005	  173.8125
11.464	 2.16	 3	 -42.0982	  173.8357
11.466	 2.02	 3	 -42.4558	  173.1120
11.468	 3.39	 3	 -42.2165	  173.8878
11.468	 2.09	 2	 -42.3207	  174.0654
11.471	 3.43	 1	 -41.7720	  174.2691
11.472	 3.08	 3	 -42.5649	  173.2933
11.479	 2.18	 2	 -42.6332	  172.5086
11.480	 2.03	 1	 -41.8743	  173.9310
11.481	 2.24	 3	 -42.2676	  173.7534
11.484	 2.01	 1	 -42.5441	  173.1051
11.488	 2.27	 3	 -42.5353	  173.1821
11.489	 2.44	 3	 -42.4182	  173.3471
11.489	 2.42	 1	 -41.7304	  174.2565
11.489	 2.11	 3	 -42.4938	  173.2143
11.489	 2.26	 1	 -43.3038	  172.8272
11.493	 2.01	 1	 -42.1006	  173.7926
11.493	 2.34	 3	 -42.3688	  173.1158
11.494	 2.10	 3	 -42.6395	  173.8194
11.495	 3.04	 4	 -42.4045	  173.2772
11.497	 2.21	 1	 -42.6340	  172.9464
11.499	 2.20	 1	 -42.6628	  172.9826
11.499	 2.71	 6	 -42.1163	  173.9576
11.500	 2.03	 1	 -42.4965	  173.8392
11.504	 2.00	 1	 -42.1471	  173.7689
11.510	 2.33	 1	 -42.4260	  173.8195
11.511	 2.45	 2	 -42.2283	  173.8477
11.512	 2.31	 2	 -41.9048	  173.9358
11.512	 2.01	 2	 -41.6762	  174.1695
11.513	 2.79	 1	 -42.5419	  173.8110
11.513	 2.24	 3	 -42.4603	  173.0858
11.514	 2.58	 1	 -42.1617	  173.8265
11.514	 2.73	 2	 -42.3182	  173.8769
11.515	 2.12	 1	 -41.9740	  174.2583
11.516	 2.10	 1	 -41.6630	  174.2636
11.517	 2.35	 2	 -42.4571	  173.9547
11.518	 2.12	 1	 -42.3093	  173.3086
11.522	 2.01	 2	 -41.6661	  174.2400
11.528	 2.30	 2	 -42.0910	  173.8241
11.528	 2.03	 3	 -42.6675	  173.2989
11.530	 2.79	 1	 -41.7839	  174.3456
11.536	 2.12	 1	 -41.6893	  174.2618
11.536	 2.12	 3	 -43.6559	  176.3595
11.536	 2.18	 1	 -42.2511	  173.7106
11.536	 2.31	 1	 -42.0683	  173.8164
11.536	 2.19	 1	 -42.5164	  173.7899
11.538	 2.50	 1	 -42.6919	  173.9573
11.541	 2.06	 2	 -41.8946	  173.4706
11.545	 2.32	 1	 -41.9126	  167.9644
11.547	 2.13	 5	 -42.2560	  173.8694
11.549	 2.21	 1	 -42.5464	  173.1618
11.551	 2.98	 2	 -41.7690	  174.3577
11.552	 2.41	 5	 -42.0563	  173.2960
11.554	 2.18	 5	 -42.9947	  174.0217
11.554	 2.22	 3	 -42.4619	  173.0487
11.556	 2.86	 2	 -42.2321	  173.7008
11.557	 2.89	 2	 -41.7956	  174.1138
11.558	 2.31	 2	 -41.7333	  174.2203
11.558	 2.07	 2	 -42.2135	  173.7104
11.560	 2.41	 2	 -42.5136	  173.1591
11.563	 2.24	 2	 -42.0831	  174.3176
11.567	 2.08	 2	 -42.3245	  173.7097
11.567	 2.22	 3	 -42.2748	  173.7507
11.567	 2.87	 2	 -41.8165	  174.5370
11.568	 2.38	 5	 -42.0437	  173.1948
11.574	 2.49	 1	 -42.6351	  173.1243
11.574	 2.06	 3	 -42.2096	  173.7473
11.578	 2.02	 3	 -42.5217	  173.1303
11.581	 2.16	 2	 -42.3096	  173.7956
11.584	 2.16	 1	 -38.0032	  177.0531
11.588	 2.32	 3	 -41.6632	  174.1891
11.592	 2.11	 3	 -41.7762	  174.9275
11.592	 2.16	 1	 -42.2530	  173.7681
11.597	 2.61	 2	 -42.6744	  173.3437
11.603	 2.19	 1	 -42.6873	  172.9139
11.604	 2.56	 2	 -41.7424	  174.1405
11.609	 2.17	 1	 -42.4372	  175.5885
11.610	 2.01	 2	 -41.5452	  173.9799
11.610	 2.40	 2	 -41.7662	  174.3515
11.610	 2.57	 2	 -41.7929	  174.2605
11.612	 2.71	 2	 -42.0905	  173.2703
11.613	 2.04	 1	 -42.5994	  173.8255
11.613	 2.77	 1	 -42.0634	  172.8172
11.616	 2.21	 1	 -42.2720	  173.5553
11.617	 2.25	 1	 -42.0059	  173.8101
11.620	 2.41	 2	 -41.7512	  174.2661
11.621	 2.11	 2	 -41.6971	  174.4897
11.623	 3.45	 2	 -42.2522	  173.8203
11.625	 3.57	 1	 -42.2417	  173.6426
11.626	 2.01	 3	 -41.9279	  173.6466
11.629	 2.63	 1	 -41.7543	  173.8638
11.632	 2.44	 1	 -42.3021	  173.5345
11.634	 2.15	 3	 -42.7877	  173.6743
11.636	 2.67	 2	 -42.2751	  173.5265
11.637	 2.27	 3	 -42.4150	  172.9953
11.640	 2.57	 1	 -42.0967	  173.3077
11.643	 2.01	 2	 -41.8186	  174.3276
11.644	 2.49	 1	 -42.5516	  173.3498
11.647	 2.34	 3	 -42.3586	  173.4241
11.654	 2.19	 2	 -39.2757	  177.1207
11.655	 2.92	 3	 -42.2210	  173.9085
11.663	 2.09	 1	 -42.2710	  173.9798
11.663	 2.59	 1	 -42.8724	  172.9556
11.664	 2.41	 1	 -42.0381	  174.0244
11.664	 2.01	 2	 -41.8630	  174.3461
11.668	 2.19	 1	 -42.1797	  173.6688
11.671	 2.09	 1	 -42.3059	  173.6745
11.671	 2.79	 1	 -41.6817	  174.1694
11.671	 2.20	 3	 -42.2392	  173.8278
11.675	 2.10	 1	 -42.5399	  173.1308
11.675	 2.21	 3	 -42.3307	  173.3152
11.678	 2.69	 3	 -41.8417	  173.8263
11.681	 2.69	 3	 -41.6615	  174.2270
11.682	 3.19	 2	 -42.4921	  173.7697
11.683	 2.75	 3	 -41.8901	  173.9659
11.684	 2.32	 3	 -41.6601	  174.2412
11.685	 2.21	 1	 -41.7560	  174.0081
11.686	 3.07	 3	 -42.5146	  173.0982
11.687	 2.02	 3	 -42.4482	  173.2584
11.694	 2.64	 4	 -42.6888	  173.1012
11.696	 3.08	 1	 -41.7276	  174.2023
11.698	 2.28	 3	 -42.1753	  174.0757
11.699	 2.13	 2	 -42.0006	  173.6629
11.700	 2.39	 2	 -42.2618	  173.8101
11.700	 2.03	 1	 -42.6105	  173.7293
11.703	 2.09	 2	 -41.6255	  174.2769
11.703	 2.32	 1	 -41.8042	  173.9455
11.703	 2.51	 1	 -41.9869	  173.7708
11.704	 2.23	 2	 -42.3577	  174.0690
11.706	 2.24	 3	 -42.2849	  173.5225
11.706	 3.40	 1	 -42.6491	  172.6784
11.706	 2.12	 3	 -42.7532	  173.8044
11.714	 2.12	 4	 -42.5861	  173.0981
11.724	 2.03	 2	 -42.3008	  173.6479
11.724	 2.03	 1	 -42.5415	  173.2654
11.725	 2.20	 2	 -41.9703	  173.6380
11.725	 3.04	 3	 -41.9018	  173.8198
11.726	 2.23	 3	 -44.3884	  174.7836
11.727	 2.55	 3	 -40.6898	  172.6415
11.728	 2.33	 1	 -41.9269	  173.5403
11.730	 2.70	 1	 -41.7676	  174.3971
11.739	 2.04	 5	 -42.6179	  173.2157
11.742	 2.58	 2	 -42.4318	  173.7414
11.742	 2.13	 1	 -41.9893	  173.7387
11.743	 2.51	 3	 -42.2885	  173.7406
11.746	 2.62	 2	 -42.1820	  174.0333
11.747	 2.01	 4	 -42.8928	  172.7989
11.753	 2.24	 2	 -41.8329	  174.4169
11.754	 2.11	 5	 -40.9698	  174.8908
11.756	 2.39	 4	 -42.4300	  173.0928
11.760	 2.34	 1	 -41.4981	  173.7575
11.765	 2.81	 5	 -41.7952	  174.2414
11.767	 2.10	 2	 -41.6681	  174.3207
11.768	 2.90	 3	 -42.2852	  173.7285
11.769	 2.20	 1	 -41.7006	  174.2640
11.770	 3.47	 4	 -41.8394	  174.1566
11.772	 2.52	 2	 -41.6883	  174.2111
11.777	 3.99	 1	 -42.0797	  173.5908
11.779	 2.15	 3	 -42.6534	  172.9924
11.782	 2.15	 1	 -42.4349	  173.2462
11.782	 2.43	 1	 -42.6080	  173.3304
11.784	 2.41	 1	 -43.1414	  173.0889
11.785	 2.21	 1	 -42.7592	  172.8942
11.791	 2.17	 1	 -41.8167	  173.8902
11.795	 2.33	 3	 -42.2868	  173.7491
11.799	 2.39	 1	 -41.9161	  173.6971
11.800	 2.26	 1	 -42.3290	  173.9819
11.800	 2.04	 2	 -42.1212	  173.5265
11.802	 2.28	 2	 -41.7814	  174.2710
11.804	 2.40	 3	 -42.6828	  173.3420
11.804	 2.09	 1	 -42.3209	  173.0355
11.811	 2.81	 1	 -41.6986	  174.2145
11.811	 2.42	 1	 -42.0848	  173.0539
11.812	 3.06	 1	 -42.0118	  173.6115
11.813	 2.91	 2	 -41.9780	  173.6950
11.814	 2.48	 1	 -41.7648	  174.2830
11.814	 2.19	 1	 -42.4348	  173.1979
11.817	 2.11	 1	 -40.3713	  170.6377
11.818	 2.10	 1	 -42.4543	  173.2139
11.818	 2.16	 3	 -41.8892	  174.1617
11.819	 2.17	 1	 -42.1891	  173.4461
11.821	 2.17	 3	 -42.1178	  173.3007
11.822	 2.12	 3	 -42.0701	  173.6924
11.824	 3.10	 2	 -41.9367	  173.6765
11.825	 2.13	 2	 -42.4784	  172.7008
11.825	 2.80	 3	 -41.6540	  174.2824
11.826	 2.00	 1	 -42.4216	  173.7023
11.829	 2.16	 2	 -41.7074	  174.3011
11.830	 2.29	 2	 -41.6890	  174.2460
11.837	 2.30	 4	 -42.4932	  173.1037
11.840	 2.38	 2	 -42.0616	  173.6006
11.840	 2.44	 1	 -41.6868	  174.2432
11.842	 2.39	 1	 -42.0457	  173.6373
11.844	 3.49	 3	 -42.4634	  173.2309
11.844	 2.11	 3	 -42.2865	  173.7564
11.845	 2.19	 1	 -42.5947	  173.5489
11.845	 3.05	 2	 -41.9702	  173.9147
11.846	 2.15	 1	 -41.7026	  174.2741
11.848	 2.21	 3	 -42.4697	  173.6168
11.850	 2.07	 3	 -41.8095	  174.3064
11.851	 2.05	 1	 -41.7756	  174.0968
11.852	 2.06	 1	 -42.1343	  173.8475
11.857	 2.03	 2	 -42.2049	  173.3732
11.861	 2.06	 2	 -42.0003	  172.4803
11.863	 2.21	 2	 -41.9475	  174.0598
11.864	 2.83	 1	 -41.7667	  174.2806
11.865	 2.52	 3	 -41.6832	  174.2394
11.868	 2.80	 2	 -41.8635	  174.1468
11.870	 2.47	 1	 -42.0770	  173.9090
11.872	 3.05	 4	 -41.8770	  173.9838
11.876	 3.77	 3	 -42.4266	  173.2237
11.881	 2.14	 1	 -42.6435	  172.7066
11.881	 2.93	 4	 -37.9827	  171.3066
11.882	 2.03	 2	 -42.4234	  173.3656
11.896	 2.03	 3	 -41.8841	  173.8038
11.901	 2.06	 3	 -42.4932	  173.0601
11.908	 2.64	 1	 -41.7445	  174.3460
11.908	 2.44	 2	 -42.0723	  173.8094
11.912	 2.03	 3	 -42.2217	  173.8171
11.912	 2.11	 1	 -42.2110	  173.5369
11.912	 2.45	 1	 -42.2169	  173.6574
11.917	 2.87	 3	 -42.4211	  173.2769
11.918	 2.25	 4	 -42.2229	  173.9075
11.919	 2.59	 2	 -41.9431	  173.6907
11.921	 2.53	 2	 -41.8880	  173.8954
11.921	 2.27	 1	 -42.3037	  173.7110
11.921	 2.17	 1	 -42.5489	  173.1339
11.921	 3.67	 2	 -42.0841	  173.7744
11.923	 2.11	 3	 -42.1897	  173.2685
11.932	 2.82	 2	 -42.0863	  174.3301
11.934	 2.06	 1	 -42.0649	  173.8036
11.935	 2.09	 1	 -42.1793	  173.6140
11.935	 2.99	 1	 -42.9984	  172.8192
11.936	 2.45	 2	 -41.7657	  174.3789
11.936	 2.23	 1	 -42.2246	  173.5280
11.937	 2.50	 1	 -42.4602	  174.1371
11.938	 2.49	 3	 -42.4639	  173.3582
11.941	 2.01	 3	 -42.3874	  173.5393
11.947	 2.08	 3	 -42.2091	  173.6486
11.948	 2.19	 1	 -41.8204	  174.0155
11.950	 2.09	 1	 -42.2092	  173.6932
11.951	 2.42	 2	 -41.7939	  174.2555
11.953	 2.10	 1	 -42.7160	  172.9554
11.955	 2.38	 5	 -42.2633	  173.9055
11.956	 2.14	 2	 -41.4407	  174.5550
11.958	 2.16	 1	 -42.4242	  172.8841
11.959	 2.16	 1	 -42.0717	  173.7502
11.962	 2.36	 4	 -42.6373	  173.0428
11.964	 2.63	 2	 -42.5807	  172.7759
11.966	 2.68	 1	 -42.2767	  173.7210
11.969	 2.29	 4	 -38.0346	  171.8192
11.970	 2.19	 2	 -42.0399	  173.5814
11.973	 2.07	 2	 -42.3758	  173.7155
11.974	 2.15	 3	 -41.6192	  174.3037
11.974	 2.44	 2	 -41.6876	  174.1999
11.980	 2.29	 1	 -41.8861	  173.8080
11.981	 2.79	 2	 -42.0365	  173.6763
11.985	 2.21	 3	 -42.2839	  173.7671
11.986	 2.45	 1	 -41.7414	  174.2299
11.987	 2.25	 1	 -42.7435	  172.9459
11.988	 2.65	 1	 -42.5261	  173.1333
11.990	 2.88	 1	 -42.1405	  173.6097
11.994	 2.20	 3	 -43.1380	  173.9383
11.996	 3.43	 2	 -42.2985	  173.7153
11.996	 3.45	 3	 -42.7148	  173.2830
11.999	 2.31	 2	 -41.9309	  173.7925
12.000	 2.26	 1	 -42.2613	  173.6565
12.002	 3.29	 1	 -42.1742	  173.6013
12.004	 2.17	 4	 -42.6799	  173.1967
12.005	 2.08	 1	 -44.0179	  173.9357
12.006	 2.53	 1	 -42.8454	  172.7099
12.011	 2.28	 3	 -42.5290	  173.1372
12.013	 2.15	 3	 -42.4234	  173.1330
12.014	 2.31	 3	 -42.4343	  172.9594
12.014	 2.71	 1	 -41.7236	  174.1510
12.014	 2.36	 1	 -41.9575	  173.7258
12.017	 2.21	 4	 -42.4621	  173.2295
12.017	 2.51	 3	 -42.4513	  173.1232
12.019	 2.10	 3	 -42.3152	  173.8057
12.021	 2.20	 2	 -42.7217	  173.6787
12.026	 3.01	 3	 -41.9026	  173.8777
12.028	 3.56	 1	 -41.7576	  174.5059
12.033	 2.55	 2	 -41.7371	  174.1399
12.035	 2.00	 1	 -42.7119	  173.0806
12.037	 4.19	 3	 -41.8795	  174.1292
12.038	 2.68	 1	 -43.3667	  172.8106
12.045	 2.07	 1	 -42.4048	  173.6535
12.045	 2.31	 2	 -42.0767	  173.5919
12.052	 2.36	 1	 -41.8194	  174.2481
12.056	 3.18	 1	 -42.3982	  173.8353
12.056	 2.52	 2	 -42.2329	  173.6750
12.057	 2.07	 2	 -42.0737	  173.6057
12.057	 2.10	 1	 -42.5470	  172.8670
12.058	 2.10	 1	 -42.8530	  175.2307
12.060	 2.37	 3	 -44.5352	  171.7588
12.064	 2.17	 1	 -41.9278	  174.1627
12.065	 3.04	 1	 -42.1411	  173.6796
12.068	 2.34	 1	 -42.4178	  173.7710
12.071	 2.07	 3	 -42.3737	  173.3172
12.072	 2.14	 3	 -42.2918	  174.1181
12.076	 2.99	 1	 -42.0315	  173.8194
12.086	 2.70	 1	 -42.4438	  172.9686
12.090	 2.43	 4	 -42.4182	  173.0778
12.092	 2.01	 1	 -42.3857	  173.8380
12.092	 2.59	 1	 -42.3769	  174.0175
12.093	 2.19	 4	 -42.4975	  173.3221
12.096	 2.31	 2	 -42.6823	  172.7802
12.097	 2.75	 2	 -41.9506	  173.9491
12.100	 2.57	 2	 -42.9149	  172.7448
12.103	 2.06	 3	 -41.8966	  174.4338
12.107	 2.86	 2	 -41.6934	  174.3609
12.109	 2.34	 1	 -42.2417	  173.6050
12.109	 2.40	 4	 -42.4408	  172.9838
12.111	 2.23	 3	 -44.3136	  167.5917
12.113	 2.81	 1	 -42.5285	  173.1797
12.116	 2.92	 1	 -41.7508	  174.3619
12.117	 2.19	 2	 -41.6508	  174.2538
12.118	 2.47	 1	 -42.2557	  173.6369
12.119	 2.87	 1	 -42.5172	  173.2292
12.122	 2.48	 1	 -42.4001	  173.8604
12.122	 2.41	 3	 -42.5452	  173.1380
12.123	 2.58	 2	 -41.9474	  173.6681
12.124	 2.11	 1	 -42.3446	  173.8041
12.129	 4.70	 3	 -42.3616	  173.1257
12.135	 2.13	 3	 -42.3861	  173.2822
12.135	 2.02	 5	 -42.3196	  173.3523
12.146	 2.10	 3	 -41.8887	  173.7959
12.151	 2.27	 1	 -42.2306	  173.4776
12.151	 2.01	 1	 -42.3495	  174.0597
12.152	 2.08	 5	 -41.6215	  174.1943
12.157	 2.09	 2	 -41.8964	  174.1992
12.158	 2.52	 1	 -42.9851	  172.7883
12.160	 2.06	 4	 -42.2810	  173.0536
12.165	 2.30	 3	 -42.3644	  173.0421
12.167	 2.17	 1	 -41.8677	  173.5651
12.173	 2.51	 1	 -41.7994	  174.1090
12.174	 2.09	 1	 -41.7438	  174.1889
12.174	 2.11	 1	 -42.1849	  173.8621
12.178	 3.55	 2	 -41.5227	  174.2721
12.179	 2.15	 1	 -42.3796	  173.5515
12.180	 2.45	 2	 -42.5865	  172.7102
12.183	 2.14	 3	 -42.4017	  172.9938
12.186	 2.08	 3	 -41.8146	  174.3979
12.190	 2.81	 5	 -41.3174	  167.2943
12.191	 2.95	 4	 -42.0952	  173.5788
12.194	 2.18	 2	 -41.9206	  173.4666
12.194	 2.10	 2	 -42.1334	  172.8847
12.194	 2.02	 1	 -41.6999	  174.2668
12.197	 2.44	 1	 -41.7101	  174.2183
12.198	 2.70	 2	 -42.0137	  173.6079
12.198	 3.67	 4	 -42.3639	  173.1152
12.198	 2.43	 2	 -42.5865	  172.9983
12.199	 2.10	 2	 -42.2116	  174.0905
12.199	 2.15	 2	 -42.5260	  173.1623
12.202	 2.11	 2	 -41.9444	  174.0560
12.205	 3.01	 4	 -42.4803	  173.2127
12.206	 2.38	 4	 -42.2061	  173.8101
12.208	 2.58	 6	 -41.3171	  167.2951
12.209	 2.26	 1	 -41.9723	  173.8085
12.213	 2.67	 1	 -41.8181	  174.1994
12.215	 2.09	 1	 -42.3775	  173.9691
12.216	 2.34	 1	 -41.7753	  174.2182
12.220	 2.69	 1	 -42.9853	  172.8074
12.220	 3.71	 4	 -42.3673	  173.1195
12.221	 2.15	 4	 -41.8430	  173.0810
12.226	 2.19	 4	 -42.3459	  173.0871
12.226	 2.03	 2	 -42.1414	  173.9476
12.228	 2.32	 1	 -42.0978	  173.6624
12.230	 2.23	 2	 -41.7896	  173.9678
12.234	 2.17	 1	 -41.6221	  174.1900
12.237	 2.33	 1	 -42.8649	  172.8910
12.241	 2.05	 2	 -42.7471	  172.7641
12.244	 2.49	 1	 -42.5559	  173.0107
12.247	 2.92	 3	 -41.9482	  173.7822
12.248	 2.84	 1	 -41.9656	  173.6377
12.250	 2.16	 1	 -41.7435	  174.1128
12.256	 2.41	 1	 -42.6515	  172.8347
12.257	 2.09	 2	 -42.8507	  172.8750
12.261	 2.04	 1	 -41.6927	  174.2336
12.263	 2.49	 2	 -41.9165	  173.9077
12.274	 2.13	 1	 -41.6868	  174.1452
12.274	 2.28	 2	 -44.5057	  179.0801
12.275	 2.88	 2	 -42.0270	  173.7850
12.276	 2.10	 3	 -42.6775	  172.2540
12.278	 3.44	 2	 -42.0126	  173.8879
12.280	 3.06	 1	 -42.3500	  173.4533
12.285	 2.08	 3	 -42.2928	  173.7303
12.289	 2.11	 3	 -41.7271	  174.1014
12.289	 2.22	 2	 -42.1395	  173.5863
12.292	 2.45	 2	 -42.2131	  173.8641
12.293	 3.14	 1	 -42.1759	  173.5141
12.293	 2.28	 1	 -42.6319	  172.9823
12.296	 2.12	 1	 -42.6989	  172.9984
12.300	 2.57	 4	 -42.4688	  173.2939
12.300	 2.66	 4	 -42.3732	  173.3195
12.304	 2.26	 2	 -42.8402	  172.9776
12.305	 2.24	 1	 -42.6724	  173.0686
12.307	 2.07	 1	 -41.7754	  174.2764
12.309	 2.13	 2	 -42.5155	  173.1918
12.310	 2.51	 1	 -42.5930	  173.0866
12.310	 2.10	 1	 -42.0541	  173.8630
12.312	 2.99	 1	 -41.7040	  174.3062
12.314	 2.16	 4	 -42.2994	  173.8583
12.320	 2.20	 2	 -42.7044	  172.7732
12.322	 2.45	 1	 -41.7246	  174.2717
12.325	 2.09	 2	 -41.9034	  173.7861
12.331	 2.70	 3	 -42.2462	  173.6455
12.333	 2.55	 1	 -42.1486	  173.8071
12.333	 2.19	 1	 -41.7220	  174.2889
12.337	 2.09	 1	 -41.9394	  173.6609
12.341	 2.00	 1	 -42.5270	  173.0807
12.343	 2.35	 1	 -42.6061	  173.7327
12.344	 2.10	 2	 -41.9122	  174.1054
12.346	 3.38	 3	 -42.5751	  173.0141
12.348	 2.71	 3	 -42.2652	  173.7661
12.351	 2.29	 2	 -42.3271	  173.9996
12.352	 2.36	 1	 -42.1088	  173.2051
12.358	 2.27	 4	 -42.3569	  173.1356
12.361	 2.36	 1	 -42.3183	  173.9006
12.363	 2.36	 1	 -42.2979	  173.4582
12.365	 2.04	 2	 -42.2293	  173.5001
12.367	 2.09	 1	 -42.9140	  173.2366
12.374	 2.11	 2	 -42.6108	  172.7712
12.376	 2.40	 3	 -42.4610	  173.1996
12.377	 2.45	 1	 -42.6775	  172.7776
12.381	 2.71	 1	 -41.7117	  174.2299
12.381	 2.30	 1	 -42.6634	  172.7523
12.382	 2.18	 2	 -42.3469	  174.1218
12.384	 2.52	 2	 -41.7029	  174.3107
12.388	 2.58	 3	 -42.2054	  173.0019
12.388	 2.11	 2	 -41.8743	  173.9644
12.388	 2.06	 2	 -42.6471	  172.8109
12.389	 2.18	 2	 -41.9400	  173.7108
12.390	 2.55	 1	 -41.6771	  173.7418
12.392	 2.26	 2	 -41.7339	  174.0457
12.395	 2.98	 2	 -42.2142	  173.6292
12.395	 2.37	 3	 -42.4303	  173.1991
12.397	 2.13	 1	 -41.8073	  174.0754
12.401	 2.30	 1	 -42.0602	  173.8719
12.413	 2.45	 1	 -42.2479	  173.4173
12.413	 2.76	 5	 -42.0402	  173.2644
12.423	 3.17	 1	 -42.8570	  172.9771
12.423	 2.12	 3	 -42.4050	  172.1832
12.428	 2.81	 2	 -42.0714	  174.5446
12.430	 2.75	 2	 -42.4197	  173.4589
12.433	 2.41	 4	 -42.3568	  173.1495
12.434	 2.25	 1	 -42.5063	  173.2229
12.436	 2.06	 1	 -42.2695	  173.6301
12.437	 3.22	 2	 -42.2593	  173.6525
12.441	 2.02	 1	 -42.6147	  173.1456
12.442	 2.47	 1	 -42.6447	  172.8104
12.446	 2.78	 1	 -41.6135	  174.2251
12.447	 2.08	 1	 -42.3114	  173.8718
12.448	 2.09	 2	 -41.9904	  173.6681
12.449	 2.08	 4	 -42.3499	  173.0699
12.451	 2.65	 1	 -42.5830	  173.0285
12.452	 2.21	 1	 -45.8911	  168.7222
12.452	 2.40	 2	 -42.3180	  173.8410
12.453	 2.13	 3	 -42.4697	  173.0207
12.453	 2.22	 2	 -42.4234	  173.2378
12.468	 2.02	 1	 -41.9271	  173.6826
12.470	 2.99	 2	 -42.7082	  172.7765
12.473	 2.30	 2	 -41.6218	  174.0903
12.475	 2.05	 2	 -42.2110	  173.7079
12.476	 2.98	 1	 -42.0861	  174.2006
12.477	 4.65	 1	 -42.3346	  173.9047
12.485	 2.40	 2	 -41.8991	  174.2639
12.488	 2.33	 1	 -41.7144	  174.2676
12.489	 2.08	 1	 -41.3933	  179.6991
12.490	 2.31	 3	 -42.3060	  173.7933
12.491	 2.19	 1	 -42.4486	  173.1882
12.494	 2.83	 1	 -41.9777	  174.6129
12.501	 2.06	 2	 -42.6186	  173.0038
12.505	 2.17	 1	 -41.6898	  174.2374
12.508	 2.37	 1	 -42.3318	  173.8782
12.510	 2.04	 1	 -42.7090	  173.0088
12.513	 2.11	 2	 -42.3925	  173.3576
12.513	 2.29	 1	 -42.6599	  172.8871
12.515	 2.48	 3	 -42.5148	  172.7844
12.516	 2.49	 2	 -42.3035	  173.5734
12.519	 2.93	 4	 -41.8428	  173.0534
12.525	 2.20	 2	 -42.4041	  173.7264
12.530	 2.26	 3	 -42.7006	  172.7746
12.533	 2.70	 2	 -41.9315	  174.5499
12.533	 2.21	 2	 -42.3299	  173.9573
12.536	 2.13	 1	 -42.3169	  173.7059
12.536	 2.01	 3	 -41.6403	  174.2688
12.537	 2.72	 2	 -42.6629	  172.9761
12.538	 2.73	 1	 -42.3621	  173.6322
12.546	 2.98	 1	 -41.8159	  174.0707
12.546	 2.03	 3	 -42.4807	  173.1224
12.552	 2.14	 2	 -41.3484	  174.3035
12.555	 2.76	 2	 -41.7679	  174.2998
12.559	 2.03	 4	 -41.7708	  173.0106
12.563	 2.01	 2	 -39.3060	  176.9932
12.563	 2.50	 4	 -42.4513	  173.2491
12.565	 2.09	 1	 -42.5733	  173.1296
12.571	 2.16	 1	 -42.8082	  173.3802
12.574	 2.03	 3	 -41.7072	  174.2063
12.574	 2.48	 1	 -42.1582	  173.7653
12.575	 2.11	 2	 -42.3133	  173.5644
12.575	 2.26	 1	 -42.3008	  172.8577
12.578	 2.42	 1	 -42.7358	  173.1489
12.578	 2.21	 3	 -42.2305	  172.9234
12.580	 2.96	 4	 -42.3873	  172.4190
12.581	 2.60	 3	 -41.6558	  174.2297
12.586	 2.59	 3	 -42.9651	  172.5597
12.589	 2.00	 3	 -41.7221	  174.2368
12.591	 2.94	 1	 -42.6816	  173.6367
12.592	 3.26	 1	 -41.8360	  174.2235
12.592	 2.30	 3	 -44.0408	  173.9406
12.595	 3.04	 1	 -41.8974	  173.9244
12.596	 2.32	 1	 -42.0563	  173.7615
12.596	 2.01	 1	 -42.3527	  174.7980
12.596	 2.64	 2	 -42.5663	  173.2953
12.598	 4.35	 1	 -41.9054	  174.2134
12.606	 2.23	 3	 -42.9009	  173.9838
12.606	 2.83	 2	 -42.9765	  172.8195
12.607	 2.14	 2	 -42.5266	  173.1822
12.609	 2.73	 2	 -42.3538	  173.8851
12.610	 2.44	 2	 -42.3916	  174.2333
12.612	 2.31	 2	 -42.6750	  173.6801
12.613	 2.35	 1	 -41.6936	  174.2666
12.620	 2.10	 1	 -42.0358	  173.8083
12.620	 2.24	 1	 -41.7241	  174.3056
12.621	 2.25	 2	 -41.9013	  174.2263
12.623	 4.27	 4	 -41.8168	  174.2522
12.625	 2.16	 4	 -41.8711	  174.1194
12.626	 2.01	 3	 -42.3840	  173.6358
12.627	 2.52	 6	 -41.9343	  173.1782
12.629	 2.03	 1	 -41.8933	  174.0156
12.629	 2.10	 2	 -42.3282	  173.9941
12.630	 2.06	 2	 -41.8275	  174.7327
12.633	 2.37	 4	 -42.2394	  174.1331
12.633	 2.60	 1	 -42.5505	  173.3171
12.635	 2.19	 5	 -41.0517	  175.3209
12.636	 2.11	 1	 -42.2816	  173.5817
12.636	 2.48	 1	 -42.2188	  173.5264
12.638	 2.43	 1	 -42.2196	  173.6257
12.647	 2.06	 1	 -42.1477	  173.5437
12.647	 2.11	 4	 -42.2122	  173.1636
12.647	 2.16	 2	 -41.8163	  174.0718
12.649	 3.23	 1	 -41.9057	  174.0209
12.654	 2.02	 1	 -42.5743	  173.9565
12.654	 2.16	 1	 -42.6733	  172.5020
12.655	 2.44	 1	 -42.2562	  173.7860
12.656	 2.78	 3	 -42.4614	  173.6149
12.663	 2.75	 3	 -41.6164	  174.5161
12.666	 2.20	 3	 -42.6741	  173.1225
12.670	 2.01	 1	 -42.1288	  173.5258
12.670	 2.26	 1	 -41.7587	  174.2662
12.670	 2.80	 1	 -41.7222	  174.3075
12.673	 2.32	 2	 -41.9104	  174.2128
12.674	 2.57	 2	 -41.7247	  174.2398
12.676	 2.48	 5	 -42.4185	  172.5434
12.677	 3.55	 1	 -41.7487	  174.1526
12.678	 3.32	 4	 -42.5220	  172.8631
12.681	 2.46	 2	 -41.7414	  174.1431
12.682	 2.80	 3	 -42.4811	  173.2412
12.683	 2.62	 2	 -42.8321	  173.0550
12.684	 3.00	 4	 -42.1959	  173.8857
12.687	 2.11	 1	 -41.6968	  174.3287
12.692	 2.33	 1	 -42.4506	  173.2558
12.693	 2.11	 2	 -45.0100	  174.2375
12.693	 2.31	 3	 -41.8159	  174.0724
12.695	 2.21	 1	 -42.4773	  173.4972
12.697	 2.45	 1	 -42.2100	  173.6024
12.699	 2.70	 3	 -42.3246	  173.7046
12.701	 5.22	 3	 -38.2944	  170.5195
12.703	 2.53	 6	 -41.3245	  167.3079
12.704	 2.86	 2	 -41.7096	  174.2112
12.706	 2.69	 4	 -38.3185	  170.5161
12.708	 2.66	 4	 -38.2685	  170.5050
12.713	 2.18	 2	 -41.9087	  173.5782
12.713	 2.10	 4	 -38.2633	  170.4951
12.713	 2.73	 2	 -42.3328	  173.6694
12.714	 2.00	 1	 -41.7903	  174.1465
12.714	 2.06	 1	 -41.7431	  174.3349
12.715	 2.20	 1	 -42.4568	  173.8268
12.715	 2.45	 1	 -41.7366	  174.1129
12.716	 2.14	 1	 -41.7382	  174.4882
12.719	 2.02	 5	 -41.9961	  173.3460
12.719	 2.27	 2	 -42.3243	  173.9122
12.725	 2.01	 4	 -38.3072	  170.5025
12.730	 2.59	 2	 -41.9035	  174.2090
12.730	 2.02	 2	 -42.2548	  173.5938
12.732	 2.05	 2	 -41.8941	  173.9861
12.733	 2.31	 1	 -42.2395	  173.6371
12.734	 2.43	 1	 -42.2152	  174.4880
12.737	 2.92	 1	 -41.7102	  174.3947
12.738	 2.22	 1	 -41.8255	  174.2021
12.741	 2.14	 3	 -42.4567	  173.1337
12.742	 2.01	 4	 -38.8689	  170.8246
12.745	 2.26	 4	 -38.3058	  170.5057
12.747	 2.03	 1	 -42.5828	  173.0323
12.751	 2.20	 3	 -42.5055	  173.1890
12.753	 2.45	 1	 -42.1762	  173.6249
12.753	 2.02	 4	 -38.2508	  170.4672
12.753	 2.44	 2	 -42.5453	  173.3146
12.754	 2.13	 2	 -41.5385	  174.4789
12.756	 2.10	 4	 -38.3170	  170.4452
12.756	 2.02	 1	 -42.0449	  173.8094
12.756	 3.40	 4	 -38.2978	  170.5359
12.756	 2.02	 4	 -38.2823	  170.4994
12.757	 2.99	 2	 -41.7043	  174.2851
12.763	 2.25	 3	 -42.6599	  172.9154
12.764	 3.61	 2	 -42.3260	  174.8606
12.766	 2.20	 3	 -41.8820	  174.1508
12.767	 2.41	 2	 -42.1874	  173.7984
12.770	 2.43	 2	 -42.3376	  174.0582
12.774	 2.81	 5	 -41.7391	  174.2001
12.780	 2.45	 1	 -42.2558	  173.7221
12.785	 2.54	 1	 -41.6606	  174.2854
12.789	 2.08	 1	 -42.6856	  172.7153
12.789	 2.19	 1	 -42.3826	  173.7592
12.795	 2.03	 4	 -42.5794	  173.0164
12.799	 2.69	 1	 -41.7924	  174.2279
12.799	 2.56	 5	 -42.3454	  173.8686
12.799	 2.20	 3	 -42.3584	  173.0871
12.799	 2.63	 4	 -38.2798	  170.5276
12.800	 2.20	 2	 -41.9033	  174.2081
12.802	 2.05	 1	 -43.0234	  175.2080
12.802	 2.02	 4	 -38.2782	  170.4837
12.803	 2.94	 4	 -42.4878	  173.0528
12.804	 2.24	 3	 -41.9282	  173.8538
12.808	 2.07	 1	 -42.6445	  173.1238
12.811	 2.12	 1	 -41.9929	  173.6534
12.812	 2.54	 2	 -42.2159	  173.7852
12.812	 2.97	 1	 -42.6268	  173.0712
12.816	 2.24	 4	 -38.3034	  170.5363
12.818	 2.29	 1	 -42.1932	  173.6123
12.820	 2.16	 1	 -42.6093	  173.0856
12.821	 2.23	 4	 -38.3100	  170.4717
12.823	 2.18	 2	 -42.0640	  173.7429
12.828	 2.06	 4	 -38.3806	  171.0506
12.832	 2.10	 3	 -41.9482	  173.6843
12.832	 2.16	 5	 -42.0201	  173.2140
12.834	 4.14	 1	 -42.1966	  173.8492
12.836	 2.57	 1	 -41.9777	  173.3517
12.837	 2.97	 3	 -41.6967	  174.3245
12.837	 2.22	 2	 -42.4156	  172.7208
12.838	 2.33	 5	 -41.8086	  174.1231
12.838	 2.30	 1	 -42.4342	  173.8203
12.839	 2.61	 3	 -42.3529	  173.4372
12.839	 2.25	 1	 -42.5786	  172.6413
12.840	 2.36	 4	 -42.6790	  172.8029
12.840	 2.47	 3	 -42.4533	  173.2976
12.840	 3.63	 1	 -42.0159	  174.8641
12.841	 2.31	 4	 -41.5189	  175.1027
12.842	 2.61	 2	 -41.9514	  174.5350
12.844	 2.69	 3	 -42.5602	  173.1711
12.845	 2.31	 3	 -42.2836	  172.9274
12.847	 2.36	 2	 -42.2623	  173.7903
12.848	 2.30	 2	 -42.9416	  173.3145
12.850	 2.16	 3	 -42.3289	  173.0497
12.850	 2.80	 4	 -38.2525	  170.4854
12.856	 2.26	 3	 -42.3028	  173.3645
12.858	 2.17	 4	 -38.2613	  170.4860
12.864	 2.51	 1	 -42.4172	  173.3879
12.868	 2.46	 3	 -42.3228	  174.8803
12.874	 2.10	 2	 -42.2037	  173.7941
12.875	 2.50	 2	 -41.1864	  175.1006
12.880	 3.08	 4	 -38.3024	  170.5323
12.881	 2.48	 1	 -42.6676	  172.8514
12.886	 2.53	 1	 -42.6804	  172.8035
12.890	 2.76	 5	 -42.8494	  174.6834
12.891	 2.68	 1	 -42.6388	  172.8977
12.893	 2.18	 2	 -41.6886	  174.1274
12.899	 2.51	 3	 -42.4886	  173.1136
12.901	 2.30	 3	 -41.7479	  174.3011
12.902	 2.04	 4	 -38.3107	  170.4302
12.904	 2.70	 1	 -42.1353	  172.9027
12.905	 2.26	 2	 -42.5120	  173.7915
12.907	 2.18	 1	 -42.3389	  174.1052
12.907	 2.70	 2	 -42.3765	  173.5241
12.911	 2.40	 2	 -42.1196	  173.8681
12.915	 2.64	 1	 -42.1011	  173.6103
12.915	 2.10	 4	 -41.8865	  174.1367
12.916	 2.03	 1	 -42.6150	  172.5437
12.919	 2.60	 1	 -42.3133	  174.0269
12.920	 2.17	 1	 -41.9992	  173.5628
12.921	 2.42	 1	 -42.4610	  173.8086
12.921	 2.07	 2	 -42.4202	  174.0094
12.923	 2.03	 1	 -42.4067	  173.4953
12.926	 2.11	 1	 -42.1070	  173.6240
12.931	 2.43	 4	 -38.3420	  170.6079
12.934	 2.88	 2	 -41.8338	  173.8568
12.934	 2.81	 3	 -42.3922	  172.8600
12.934	 2.08	 1	 -41.9616	  173.6736
12.934	 2.06	 2	 -43.0716	  173.0545
12.934	 2.13	 3	 -42.7344	  172.7574
12.937	 2.13	 2	 -42.3573	  173.9799
12.937	 2.36	 2	 -41.6861	  174.2944
12.939	 2.06	 2	 -42.3653	  173.6341
12.939	 2.28	 2	 -42.5713	  173.2563
12.939	 4.45	 1	 -42.1751	  173.6734
12.940	 4.42	 3	 -42.4099	  173.1377
12.941	 2.36	 2	 -42.1476	  173.6831
12.941	 2.12	 4	 -42.4197	  173.1125
12.942	 2.13	 2	 -43.0308	  172.8109
12.943	 2.15	 6	 -42.0118	  173.1919
12.946	 3.32	 1	 -42.6547	  172.8052
12.948	 2.84	 2	 -42.1795	  173.6532
12.949	 3.18	 3	 -41.7663	  174.2900
12.950	 2.17	 1	 -41.7794	  173.1032
12.950	 2.34	 1	 -42.9199	  172.5992
12.951	 3.73	 1	 -41.6610	  173.5662
12.952	 2.22	 2	 -39.9898	  174.1242
12.954	 2.63	 2	 -42.5466	  172.7242
12.954	 2.37	 1	 -41.7659	  174.2471
12.955	 2.30	 4	 -37.9927	  171.8369
12.958	 2.33	 4	 -38.2882	  170.5056
12.959	 2.43	 2	 -42.3290	  173.8962
12.961	 2.25	 4	 -42.4466	  173.1397
12.961	 2.89	 2	 -42.4066	  174.0044
12.961	 2.67	 1	 -40.7287	  174.6206
12.962	 2.58	 1	 -42.3400	  173.6957
12.962	 2.45	 1	 -41.8929	  173.8198
12.963	 2.89	 2	 -42.4242	  172.7329
12.968	 2.15	 1	 -42.4161	  173.7017
12.971	 2.39	 1	 -42.5051	  173.7911
12.977	 2.58	 2	 -41.4621	  174.4753
12.982	 2.21	 1	 -42.7446	  173.0731
12.983	 2.51	 3	 -42.3640	  173.2885
12.985	 2.10	 2	 -41.9008	  174.2187
12.987	 2.47	 1	 -42.3293	  174.1645
12.987	 2.13	 5	 -38.2973	  170.5403
12.988	 3.69	 1	 -42.5058	  173.9876
12.989	 2.02	 1	 -42.6736	  172.6545
12.993	 2.20	 1	 -42.5770	  173.8241
12.995	 3.04	 4	 -42.3794	  173.1668
12.998	 2.00	 1	 -41.7136	  174.2704
13.001	 2.80	 2	 -42.0132	  173.6120
13.005	 2.06	 1	 -40.6875	  172.4597
13.005	 2.17	 4	 -38.2773	  170.5369
13.008	 2.91	 3	 -41.9013	  173.8431
13.010	 3.06	 3	 -42.3902	  174.2019
13.013	 2.04	 2	 -42.2398	  173.7891
13.016	 3.17	 1	 -42.6907	  172.7435
13.017	 2.24	 1	 -42.0750	  173.8895
13.019	 2.17	 2	 -42.1426	  173.7416
13.019	 2.20	 1	 -42.2304	  173.7132
13.021	 2.20	 1	 -41.7118	  174.1875
13.022	 2.25	 4	 -38.3532	  170.5138
13.022	 2.29	 1	 -41.6989	  174.3334
13.029	 2.04	 1	 -41.8079	  174.2288
13.033	 2.04	 1	 -43.0670	  173.2661
13.035	 2.21	 2	 -41.7766	  174.1529
13.036	 2.17	 2	 -42.3468	  173.9482
13.040	 2.18	 1	 -41.7793	  174.2833
13.043	 2.26	 2	 -41.9711	  173.6862
13.046	 2.02	 1	 -41.7703	  174.1558
13.049	 2.35	 1	 -42.1629	  173.8110
13.058	 2.43	 1	 -42.7292	  172.8045
13.059	 2.05	 1	 -42.6551	  173.1276
13.067	 2.90	 5	 -38.3023	  170.5337
13.068	 2.84	 1	 -42.5367	  173.1430
13.070	 2.04	 3	 -42.1389	  173.7494
13.070	 2.25	 2	 -42.2905	  173.6766
13.075	 2.02	 2	 -42.3423	  174.0371
13.079	 2.82	 1	 -42.3835	  173.7616
13.080	 2.03	 1	 -41.9683	  173.7692
13.083	 2.34	 1	 -42.2960	  173.6565
13.086	 2.88	 3	 -42.6538	  173.8714
13.088	 2.65	 2	 -41.9089	  174.2076
13.092	 2.80	 3	 -42.5331	  173.2998
13.096	 2.62	 6	 -41.7724	  174.2371
13.096	 2.57	 4	 -42.2427	  172.9889
13.097	 2.05	 2	 -41.9419	  173.7599
13.098	 2.01	 3	 -42.1873	  173.8227
13.101	 2.25	 4	 -38.3203	  170.5591
13.102	 2.42	 6	 -42.0306	  173.2509
13.109	 4.16	 1	 -46.9385	  171.0083
13.109	 2.19	 1	 -42.1566	  173.6239
13.110	 2.15	 3	 -42.5075	  173.3034
13.111	 2.67	 2	 -41.8280	  174.1463
13.112	 2.27	 1	 -42.5507	  173.7742
13.113	 3.61	 2	 -41.9933	  173.7340
13.117	 2.46	 2	 -42.2595	  173.6404
13.118	 2.10	 3	 -41.9033	  173.9693
13.118	 2.44	 1	 -42.0519	  173.6773
13.121	 2.22	 2	 -42.3985	  173.6949
13.123	 3.77	 2	 -41.9314	  173.7323
13.123	 2.12	 2	 -42.3621	  173.9518
13.123	 2.03	 2	 -41.9072	  174.2042
13.134	 2.51	 2	 -42.4173	  174.1363
13.136	 2.47	 2	 -42.9466	  172.9642
13.137	 2.16	 1	 -41.7798	  174.2146
13.139	 2.09	 4	 -38.2567	  170.3755
13.141	 2.14	 4	 -42.4929	  173.0925
13.142	 2.38	 4	 -42.0392	  173.6754
13.143	 2.29	 1	 -42.1565	  173.7826
13.145	 2.40	 1	 -42.7257	  173.0282
13.146	 2.74	 4	 -42.4585	  173.4047
13.149	 2.62	 4	 -44.1194	  170.5662
13.150	 2.12	 2	 -42.0634	  173.2584
13.157	 3.22	 2	 -42.2160	  173.7060
13.158	 2.34	 4	 -38.2279	  170.5171
13.160	 2.39	 4	 -38.3297	  170.4827
13.162	 2.02	 4	 -42.4065	  173.1127
13.164	 2.04	 2	 -42.5328	  172.6194
13.165	 2.33	 4	 -38.3060	  170.6185
13.166	 2.49	 1	 -42.1066	  173.4535
13.167	 2.02	 1	 -42.3398	  173.5163
13.167	 2.06	 3	 -41.8172	  174.2782
13.167	 2.00	 1	 -42.3524	  173.1429
13.167	 2.07	 2	 -47.2754	  170.7872
13.168	 2.19	 1	 -42.2992	  173.6426
13.169	 2.12	 2	 -42.2435	  173.7274
13.173	 2.11	 1	 -41.9552	  173.8002
13.189	 2.08	 2	 -42.6833	  172.7851
13.194	 2.35	 4	 -42.1558	  172.6476
13.197	 3.24	 1	 -42.5521	  173.4072
13.197	 3.06	 1	 -42.3061	  173.6249
13.198	 2.25	 2	 -41.8528	  173.7738
13.200	 2.05	 1	 -41.7844	  174.0782
13.201	 2.32	 2	 -42.2325	  173.6427
13.204	 2.28	 3	 -41.7570	  174.3136
13.204	 2.64	 2	 -43.1392	  172.9468
13.204	 3.00	 2	 -42.1739	  173.6655
13.211	 2.03	 1	 -41.7689	  174.4226
13.213	 2.03	 1	 -41.7386	  173.8348
13.218	 3.62	 4	 -42.5271	  173.4787
13.219	 2.03	 2	 -42.3055	  173.7720
13.221	 2.34	 2	 -41.6460	  174.2795
13.221	 3.27	 3	 -43.6940	  174.9358
13.223	 2.14	 4	 -38.2836	  170.5381
13.225	 3.57	 1	 -42.3398	  173.8935
13.226	 2.42	 1	 -42.5342	  173.0752
13.226	 3.03	 3	 -42.5339	  173.2071
13.232	 2.38	 1	 -41.9573	  173.7110
13.240	 3.71	 5	 -44.1209	  170.5443
13.243	 2.09	 5	 -42.5246	  173.4382
13.243	 2.08	 2	 -42.6236	  172.9916
13.249	 3.44	 4	 -41.7272	  174.1306
13.249	 2.44	 2	 -42.6248	  172.8180
13.250	 2.17	 1	 -41.8037	  174.0120
13.251	 2.01	 1	 -41.7776	  174.1545
13.251	 2.22	 1	 -41.6526	  174.2823
13.251	 2.27	 3	 -42.6618	  173.2003
13.253	 2.06	 3	 -43.5534	  177.7563
13.255	 2.34	 3	 -44.0489	  173.0514
13.261	 4.89	 1	 -42.2834	  173.7648
13.262	 2.18	 2	 -42.6602	  172.6467
13.270	 2.70	 4	 -42.2720	  173.1138
13.272	 2.22	 2	 -42.2842	  173.7641
13.273	 2.51	 1	 -42.4187	  173.3012
13.274	 2.28	 4	 -38.2310	  170.5457
13.279	 2.47	 2	 -41.6415	  174.2480
13.279	 2.68	 1	 -41.6800	  174.2916
13.281	 2.08	 1	 -41.8530	  174.3940
13.283	 2.15	 2	 -42.2039	  173.8409
13.284	 2.70	 3	 -42.3055	  173.7722
13.286	 2.08	 3	 -42.8405	  179.2484
13.289	 2.10	 4	 -38.3017	  170.4788
13.290	 2.82	 3	 -42.2297	  173.6629
13.291	 2.62	 1	 -41.9358	  173.5952
13.292	 2.76	 4	 -42.4419	  173.1073
13.295	 3.59	 2	 -42.2638	  173.7419
13.299	 3.11	 1	 -41.7901	  173.9747
13.302	 3.31	 2	 -42.1991	  173.6209
13.303	 2.28	 1	 -41.7963	  174.3091
13.305	 2.60	 2	 -41.8740	  173.9541
13.305	 2.16	 2	 -42.1820	  173.6660
13.306	 2.55	 2	 -41.6577	  174.1623
13.308	 2.02	 5	 -42.6427	  173.1933
13.308	 2.30	 5	 -41.8030	  174.1424
13.309	 2.19	 1	 -42.2698	  173.8105
13.313	 2.77	 3	 -42.6451	  172.9919
13.319	 2.03	 2	 -41.5202	  173.5900
13.321	 2.70	 4	 -38.2833	  170.5178
13.321	 2.16	 1	 -42.4006	  173.7610
13.323	 2.02	 4	 -41.9091	  173.9501
13.324	 2.45	 4	 -41.9716	  173.9697
13.324	 2.30	 5	 -41.7164	  174.1172
13.326	 2.52	 1	 -42.2312	  173.5790
13.328	 2.19	 3	 -42.1440	  173.0823
13.333	 2.29	 2	 -41.9321	  173.5883
13.334	 2.03	 2	 -42.3078	  173.7621
13.336	 2.67	 2	 -42.2743	  173.6144
13.336	 2.32	 2	 -41.6529	  174.1183
13.336	 2.13	 1	 -41.6090	  174.1565
13.339	 2.18	 1	 -41.8007	  173.9452
13.339	 2.79	 2	 -41.6446	  174.3875
13.339	 2.44	 2	 -41.6641	  174.3221
13.344	 2.02	 2	 -42.4563	  173.9590
13.346	 2.34	 2	 -42.2649	  173.8862
13.348	 2.27	 1	 -42.5786	  173.0877
13.349	 2.24	 1	 -41.9599	  173.6657
13.351	 2.25	 2	 -42.2692	  173.6563
13.353	 2.51	 1	 -42.7110	  172.8351
13.354	 2.02	 2	 -42.7062	  173.5977
13.354	 2.18	 3	 -41.5025	  174.2187
13.354	 2.56	 1	 -42.8611	  172.7850
13.355	 2.26	 1	 -42.4084	  173.7122
13.357	 2.48	 1	 -41.7412	  173.9748
13.362	 3.10	 1	 -41.8082	  174.1762
13.362	 2.79	 4	 -42.3222	  173.2079
13.363	 2.00	 2	 -42.2070	  173.6669
13.368	 3.10	 3	 -42.3673	  173.7825
13.371	 2.63	 3	 -42.5446	  173.2789
13.373	 2.43	 3	 -42.6883	  173.6655
13.375	 2.07	 3	 -41.8449	  173.8765
13.375	 2.41	 2	 -41.7354	  174.2284
13.377	 2.24	 3	 -42.2955	  173.1503
13.377	 2.02	 2	 -42.2301	  173.8819
13.381	 2.08	 2	 -42.0536	  174.6479
13.383	 2.26	 1	 -42.0098	  173.7090
13.387	 2.30	 2	 -42.5049	  173.9781
13.387	 2.27	 1	 -42.0974	  173.7872
13.388	 2.62	 1	 -41.6912	  174.3040
13.389	 3.28	 3	 -42.3461	  173.9863
13.389	 2.53	 1	 -42.6836	  173.1153
13.389	 2.41	 2	 -42.2370	  173.6152
13.391	 2.45	 3	 -42.6954	  173.6170
13.393	 2.15	 1	 -42.4747	  174.0962
13.394	 2.22	 1	 -42.0549	  173.7266
13.396	 2.27	 4	 -42.5093	  173.2537
13.400	 3.03	 2	 -42.2476	  173.7650
13.402	 3.33	 4	 -42.4082	  173.4201
13.402	 2.58	 2	 -42.2902	  173.6981
13.403	 2.11	 3	 -45.2010	  168.8023
13.407	 2.88	 4	 -42.2807	  172.6385
13.408	 3.05	 2	 -42.2581	  173.7575
13.412	 2.57	 3	 -41.6606	  174.5342
13.412	 2.26	 1	 -41.8005	  174.2064
13.415	 2.13	 1	 -42.5972	  172.8567
13.416	 2.05	 1	 -42.3526	  173.8198
13.416	 3.37	 3	 -41.9531	  173.6782
13.418	 2.25	 1	 -42.5995	  172.8915
13.419	 2.33	 4	 -38.0126	  170.2473
13.421	 2.45	 2	 -43.0930	  172.6043
13.422	 2.19	 2	 -42.3388	  173.7872
13.424	 3.36	 4	 -42.3988	  173.1284
13.424	 2.18	 3	 -41.6888	  173.5251
13.427	 2.56	 1	 -43.7942	  175.3177
13.434	 2.16	 1	 -42.7081	  173.1427
13.439	 3.18	 3	 -41.8661	  173.9012
13.443	 2.06	 1	 -41.7635	  174.3110
13.443	 2.49	 4	 -42.3802	  173.1264
13.444	 3.38	 3	 -42.5230	  173.1931
13.448	 2.03	 1	 -41.9234	  174.1830
13.448	 2.44	 2	 -41.9238	  174.1908
13.449	 2.94	 3	 -42.9876	  173.1288
13.451	 2.48	 1	 -41.7441	  174.3163
13.451	 2.37	 4	 -42.4527	  173.3290
13.451	 2.03	 3	 -41.9733	  174.2698
13.452	 2.39	 1	 -42.0109	  173.7361
13.454	 2.14	 4	 -42.3883	  173.1066
13.456	 2.97	 2	 -42.2548	  173.7088
13.457	 2.11	 3	 -42.5039	  173.2025
13.459	 2.10	 3	 -42.1755	  173.6251
13.460	 2.27	 2	 -41.8066	  173.9392
13.469	 2.42	 2	 -46.9907	  171.5854
13.470	 2.04	 1	 -42.1069	  173.5965
13.470	 2.49	 1	 -41.7173	  173.7330
13.472	 2.18	 2	 -41.9710	  174.1885
13.475	 2.50	 2	 -42.2850	  173.7881
13.475	 2.04	 5	 -41.7842	  173.0850
13.475	 3.98	 1	 -42.3823	  173.5779
13.475	 3.43	 3	 -41.9440	  173.6930
13.477	 2.12	 3	 -41.7458	  174.3307
13.478	 2.07	 1	 -42.2410	  173.6156
13.478	 2.07	 1	 -42.2239	  173.6517
13.481	 3.26	 4	 -41.9396	  173.6739
13.481	 2.33	 2	 -42.3478	  173.2237
13.482	 2.22	 2	 -42.0165	  174.8638
13.483	 2.51	 1	 -42.0369	  173.7283
13.488	 2.51	 4	 -42.6182	  173.3089
13.488	 2.26	 2	 -42.1649	  173.8226
13.491	 2.69	 1	 -41.7012	  174.2504
13.491	 2.34	 1	 -41.7308	  174.3013
13.496	 2.34	 3	 -42.1163	  173.7376
13.497	 2.55	 1	 -42.5547	  173.9682
13.497	 2.24	 4	 -42.3496	  173.9914
13.497	 2.03	 1	 -42.8655	  173.6491
13.498	 2.14	 4	 -38.2852	  170.5170
13.498	 2.03	 3	 -41.9759	  173.7563
13.500	 2.31	 1	 -42.2232	  173.6182
13.506	 2.28	 2	 -41.6225	  174.2410
13.508	 2.67	 2	 -42.7085	  172.8498
13.509	 3.23	 3	 -42.4624	  173.0461
13.511	 2.18	 1	 -42.4805	  173.0265
13.513	 2.09	 3	 -42.5174	  174.3187
13.514	 2.47	 1	 -42.5246	  173.0627
13.514	 2.66	 1	 -43.1172	  174.3602
13.518	 2.02	 1	 -41.3897	  178.7414
13.521	 2.37	 1	 -41.7087	  174.2448
13.522	 2.03	 2	 -42.6913	  173.5213
13.524	 2.09	 2	 -42.3339	  173.7707
13.525	 2.30	 3	 -42.3355	  173.0395
13.532	 2.19	 1	 -41.7579	  174.1758
13.534	 2.88	 1	 -42.2189	  173.6781
13.536	 2.84	 1	 -41.9914	  173.8552
13.536	 3.84	 1	 -41.7966	  173.5605
13.538	 2.07	 2	 -41.6265	  174.1692
13.539	 2.18	 2	 -42.4833	  173.2667
13.543	 2.10	 1	 -42.1686	  173.7289
13.544	 2.69	 2	 -42.5213	  173.3030
13.551	 2.04	 2	 -42.1969	  173.9025
13.552	 2.57	 2	 -41.6792	  173.9224
13.555	 2.49	 1	 -41.5866	  174.4077
13.558	 2.17	 2	 -42.1778	  173.5533
13.560	 2.26	 1	 -42.6963	  172.9585
13.561	 2.97	 2	 -41.7208	  174.3174
13.564	 2.20	 1	 -42.6269	  173.2460
13.565	 2.03	 2	 -42.6068	  172.8660
13.567	 2.31	 2	 -42.8485	  173.1290
13.569	 2.34	 5	 -41.7371	  174.1224
13.573	 3.45	 1	 -42.2005	  173.6000
13.588	 2.18	 1	 -42.2847	  173.7242
13.591	 2.63	 5	 -42.3963	  173.1274
13.592	 2.28	 1	 -42.5188	  172.9995
13.592	 2.71	 2	 -42.3579	  173.4415
13.594	 2.01	 3	 -41.7747	  174.2832
13.597	 2.18	 2	 -42.3543	  173.9088
13.605	 2.31	 1	 -42.2841	  173.9916
13.606	 2.20	 3	 -41.8658	  174.3466
13.610	 2.05	 1	 -41.5846	  172.0503
13.611	 2.37	 1	 -41.7735	  174.0598
13.614	 2.09	 2	 -46.9331	  171.0101
13.616	 2.54	 2	 -42.8570	  172.9766
13.616	 2.01	 2	 -42.6281	  172.9323
13.619	 2.03	 2	 -42.5496	  173.1767
13.620	 2.83	 1	 -43.0034	  172.9114
13.624	 2.69	 1	 -42.5574	  173.9229
13.628	 3.42	 2	 -46.9141	  171.0926
13.628	 2.29	 1	 -41.7082	  174.1809
13.629	 2.25	 2	 -42.2107	  173.6447
13.633	 2.62	 3	 -42.2601	  173.6555
13.635	 2.29	 3	 -42.5311	  173.2783
13.638	 2.39	 4	 -41.7469	  174.1450
13.641	 2.38	 1	 -42.1824	  173.7149
13.641	 2.42	 1	 -41.7557	  174.2417
13.647	 2.10	 2	 -42.3346	  173.7775
13.651	 2.44	 1	 -41.9704	  173.6845
13.651	 2.14	 1	 -41.7515	  174.4002
13.652	 2.20	 1	 -41.7826	  174.2767
13.652	 2.49	 2	 -42.2686	  173.8000
13.657	 2.71	 1	 -42.4695	  172.9834
13.657	 2.34	 1	 -41.7291	  174.2950
13.659	 2.02	 1	 -41.8425	  174.2399
13.661	 2.55	 3	 -42.3875	  173.1047
13.665	 3.03	 3	 -41.8680	  173.8256
13.666	 2.08	 4	 -41.8564	  173.6220
13.666	 2.41	 1	 -41.7073	  174.1626
13.669	 2.22	 4	 -41.9363	  173.6919
13.670	 2.02	 1	 -41.8478	  174.2217
13.671	 3.66	 4	 -46.8541	  174.7464
13.675	 2.29	 1	 -42.1011	  173.5454
13.675	 2.97	 4	 -37.2660	  169.8031
13.676	 2.06	 3	 -41.5856	  174.4262
13.677	 2.32	 1	 -41.9925	  174.7027
13.679	 2.47	 2	 -42.2535	  173.7045
13.680	 2.62	 2	 -42.0866	  174.5837
13.681	 2.97	 1	 -42.0284	  173.3986
13.684	 2.33	 4	 -42.3983	  173.0843
13.684	 2.72	 4	 -43.6979	  174.9440
13.684	 3.67	 1	 -42.6689	  172.7769
13.685	 2.71	 1	 -41.7082	  174.2843
13.686	 2.14	 4	 -42.5413	  173.3249
13.686	 2.49	 2	 -41.4736	  174.8970
13.688	 3.31	 1	 -41.8166	  174.3194
13.689	 2.46	 5	 -46.8447	  174.7158
13.689	 2.37	 1	 -42.6607	  175.5083
13.691	 2.00	 1	 -42.4943	  173.0775
13.693	 2.07	 3	 -42.5623	  173.3203
13.693	 2.07	 1	 -42.6778	  172.8294
13.695	 2.72	 1	 -41.7506	  174.1687
13.695	 3.26	 1	 -42.6159	  173.0781
13.701	 2.47	 5	 -42.5195	  173.3933
13.702	 2.59	 1	 -41.6920	  174.1886
13.705	 2.09	 2	 -41.7967	  174.2937
13.705	 2.29	 1	 -42.0120	  173.9549
13.705	 2.14	 1	 -42.2129	  174.3034
13.707	 2.17	 2	 -42.5040	  173.8185
13.707	 2.16	 1	 -41.7671	  174.2396
13.707	 2.04	 1	 -42.8581	  173.8666
13.708	 2.28	 2	 -42.3226	  172.3616
13.708	 2.03	 1	 -42.0992	  173.8810
13.709	 2.99	 1	 -43.1098	  173.0526
13.709	 2.39	 2	 -42.2254	  173.8769
13.712	 2.00	 4	 -42.0644	  174.3478
13.716	 3.00	 4	 -41.7966	  174.2548
13.716	 2.03	 3	 -42.6813	  173.4141
13.716	 2.94	 2	 -41.6370	  174.1482
13.717	 2.06	 2	 -42.3053	  173.7365
13.717	 2.44	 1	 -41.9795	  173.6564
13.719	 2.11	 2	 -42.3239	  173.7460
13.720	 2.69	 4	 -41.9552	  173.6729
13.720	 2.78	 1	 -41.8170	  174.1631
13.721	 2.03	 1	 -42.4519	  173.9289
13.726	 2.24	 3	 -42.6117	  173.4242
13.726	 2.13	 2	 -42.2250	  173.6190
13.727	 2.82	 1	 -41.7252	  173.9182
13.729	 2.83	 4	 -41.8823	  174.1205
13.731	 2.50	 1	 -41.9700	  174.0260
13.737	 2.09	 1	 -41.7531	  174.2341
13.737	 2.66	 2	 -41.9681	  173.7467
13.738	 2.01	 1	 -42.0412	  173.7195
13.739	 2.00	 3	 -42.0083	  173.7398
13.740	 2.43	 1	 -42.5777	  173.0767
13.742	 2.06	 1	 -41.7880	  174.1983
13.744	 2.28	 1	 -41.8005	  174.2291
13.744	 2.20	 5	 -42.4062	  173.1327
13.745	 2.03	 3	 -47.0009	  171.0109
13.746	 2.25	 3	 -42.4883	  172.5435
13.746	 2.71	 2	 -42.6584	  172.7752
13.748	 2.18	 4	 -38.4372	  170.3705
13.751	 2.12	 3	 -42.3007	  173.2377
13.752	 2.74	 4	 -41.8001	  173.9651
13.752	 2.85	 1	 -41.6558	  174.1404
13.752	 2.48	 2	 -42.3065	  173.3055
13.755	 2.01	 2	 -42.0085	  174.8465
13.758	 2.19	 1	 -42.3260	  173.4739
13.759	 2.30	 5	 -42.1963	  173.8879
13.761	 2.55	 1	 -40.5380	  174.6562
13.764	 2.33	 2	 -41.7179	  174.2356
13.764	 2.42	 2	 -42.0374	  173.3987
13.766	 2.37	 2	 -42.0637	  173.9852
13.768	 2.59	 2	 -41.8315	  173.5623
13.769	 2.25	 4	 -38.3032	  170.5273
13.769	 2.31	 2	 -41.1719	  175.0567
13.781	 2.24	 1	 -41.7621	  174.3357
13.788	 2.40	 2	 -41.7564	  174.2834
13.789	 2.11	 2	 -42.4177	  173.6114
13.792	 2.48	 2	 -42.2267	  173.7994
13.793	 2.36	 2	 -42.0879	  173.3284
13.797	 2.00	 3	 -42.4001	  172.7901
13.798	 2.75	 1	 -41.9130	  174.0457
13.798	 2.14	 4	 -41.8250	  174.3589
13.799	 2.07	 2	 -42.3182	  174.3532
13.800	 2.22	 2	 -42.2780	  173.7891
13.802	 2.42	 5	 -41.9913	  173.2203
13.802	 2.43	 1	 -41.6163	  174.1924
13.804	 3.83	 1	 -41.7077	  174.9182
13.805	 2.70	 1	 -42.4549	  173.1384
13.805	 3.04	 3	 -46.8999	  171.0826
13.808	 2.12	 1	 -42.2740	  173.7420
13.811	 2.69	 1	 -41.8398	  173.8774
13.814	 2.67	 2	 -42.7403	  172.6082
13.819	 2.02	 2	 -41.9032	  173.4733
13.819	 2.76	 4	 -42.3900	  173.1110
13.823	 2.18	 3	 -42.2780	  173.7897
13.826	 2.48	 3	 -43.2101	  173.1037
13.827	 2.16	 4	 -38.3093	  170.4858
13.828	 2.95	 1	 -41.8040	  174.2107
13.828	 2.08	 3	 -41.8990	  173.7536
13.833	 3.32	 1	 -42.2575	  173.6306
13.834	 2.22	 3	 -42.2053	  173.6649
13.835	 2.28	 2	 -42.1870	  173.8375
13.836	 2.24	 1	 -41.6325	  172.9861
13.837	 2.15	 2	 -42.8591	  173.8796
13.840	 2.47	 2	 -42.2307	  173.8860
13.842	 2.06	 2	 -41.6701	  173.9430
13.849	 2.00	 1	 -41.6913	  174.1699
13.850	 2.02	 2	 -41.8185	  174.1445
13.852	 2.49	 2	 -41.7002	  174.0140
13.852	 2.19	 1	 -41.9919	  174.0323
13.854	 2.14	 2	 -42.5042	  172.3792
13.854	 2.02	 2	 -42.2940	  173.7669
13.855	 2.94	 1	 -42.2362	  172.8646
13.856	 2.56	 1	 -41.9993	  173.7799
13.860	 2.21	 4	 -44.7737	  167.9048
13.861	 3.60	 2	 -41.9412	  174.2137
13.862	 2.08	 2	 -42.3503	  173.4106
13.863	 2.20	 1	 -42.2038	  173.5038
13.864	 2.13	 1	 -42.4213	  173.3290
13.866	 2.46	 2	 -42.1800	  174.4404
13.866	 2.14	 1	 -41.7042	  174.2783
13.866	 2.23	 1	 -41.8617	  174.2158
13.868	 2.82	 3	 -42.5208	  172.5287
13.872	 2.44	 2	 -42.7194	  172.6553
13.873	 2.61	 1	 -42.9086	  173.1511
13.875	 2.70	 1	 -41.6500	  174.3745
13.877	 2.33	 2	 -41.9511	  173.9517
13.878	 2.33	 1	 -41.8463	  174.1910
13.879	 2.62	 4	 -42.5354	  173.1340
13.879	 2.63	 1	 -41.7095	  174.2469
13.880	 2.57	 1	 -42.2453	  173.6552
13.882	 2.60	 1	 -42.1628	  173.6677
13.883	 2.10	 4	 -42.3687	  173.1024
13.885	 2.25	 2	 -42.1316	  173.6956
13.885	 2.07	 2	 -42.2895	  172.9405
13.888	 2.19	 3	 -42.4024	  173.0039
13.889	 2.10	 2	 -42.1175	  173.6771
13.891	 2.51	 1	 -41.7386	  174.3399
13.894	 2.06	 1	 -42.2465	  173.0169
13.898	 4.88	 3	 -42.3424	  173.8988
13.899	 2.02	 1	 -42.0049	  173.7041
13.903	 2.10	 4	 -42.4037	  173.0782
13.903	 2.02	 2	 -42.2557	  173.8379
13.905	 2.48	 1	 -42.0695	  173.6389
13.905	 3.55	 1	 -41.6528	  174.2193
13.907	 2.15	 2	 -38.2490	  171.7065
13.913	 2.12	 4	 -42.3147	  173.9410
13.913	 2.16	 1	 -42.2760	  173.5847
13.915	 2.07	 1	 -42.2687	  173.8549
13.918	 2.08	 2	 -41.7888	  173.5787
13.919	 2.40	 4	 -42.2759	  173.7999
13.919	 3.18	 5	 -46.8705	  174.7747
13.921	 2.24	 1	 -42.4760	  172.7717
13.923	 3.59	 1	 -42.7079	  172.9399
13.925	 2.50	 2	 -42.2677	  173.7680
13.925	 3.58	 4	 -38.5424	  170.6498
13.926	 2.25	 1	 -42.1149	  173.6027
13.929	 2.63	 3	 -41.8828	  174.1635
13.931	 2.47	 1	 -38.8224	  176.1371
13.932	 2.50	 5	 -41.8434	  174.1414
13.934	 2.07	 1	 -41.8002	  174.2235
13.937	 2.38	 2	 -41.7350	  174.2528
13.937	 2.15	 5	 -42.0166	  173.1998
13.938	 2.07	 1	 -42.0618	  173.6912
13.939	 2.34	 1	 -41.9513	  173.7104
13.940	 2.35	 1	 -42.2646	  173.6819
13.941	 2.62	 3	 -42.6693	  173.5439
13.942	 2.15	 1	 -42.5033	  173.1442
13.942	 2.77	 2	 -42.0256	  174.8884
13.942	 2.37	 1	 -42.5408	  173.8890
13.943	 2.06	 3	 -42.2719	  173.7583
13.950	 2.27	 2	 -42.1428	  174.2165
13.952	 3.51	 1	 -42.6780	  173.0849
13.952	 2.75	 5	 -41.7415	  174.0215
13.955	 2.02	 2	 -42.1570	  173.6415
13.956	 2.26	 3	 -42.5087	  173.1646
13.957	 2.28	 2	 -41.7015	  174.9366
13.958	 2.65	 4	 -42.2902	  173.9853
13.960	 2.57	 4	 -46.8988	  171.0811
13.961	 2.10	 2	 -41.8013	  173.9450
13.962	 2.35	 1	 -43.0631	  172.5346
13.963	 2.32	 4	 -42.3597	  173.8407
13.966	 2.00	 1	 -42.3532	  173.8037
13.967	 2.80	 2	 -42.2214	  173.0204
13.967	 2.23	 3	 -41.7241	  173.2208
13.975	 4.16	 1	 -42.0916	  172.5404
13.977	 2.57	 4	 -42.7148	  173.2836
13.979	 3.90	 4	 -42.6031	  173.8050
13.979	 2.16	 3	 -42.2914	  173.7493
13.981	 2.59	 1	 -42.4745	  173.3390
13.982	 2.49	 3	 -42.5052	  173.0064
13.984	 2.56	 1	 -42.1500	  173.6000
13.992	 2.11	 2	 -42.2690	  173.5224
13.995	 2.99	 3	 -42.5265	  173.2082
13.995	 2.54	 4	 -38.7056	  170.5507
13.997	 2.84	 2	 -42.2815	  173.6493
13.999	 3.39	 1	 -42.1751	  173.6812
14.001	 2.28	 2	 -42.7987	  173.0703
14.002	 2.34	 1	 -42.3627	  173.3992
14.005	 3.52	 5	 -42.7344	  173.2786
14.009	 2.19	 1	 -42.0524	  173.6223
14.013	 2.77	 2	 -41.6434	  174.4793
14.014	 3.50	 4	 -38.2407	  170.5530
14.014	 2.39	 3	 -42.3654	  173.4248
14.014	 2.05	 1	 -42.3983	  174.0246
14.015	 2.01	 1	 -42.1722	  174.0882
14.017	 2.63	 2	 -42.9186	  173.0306
14.020	 2.79	 3	 -42.4657	  173.1011
14.022	 2.21	 1	 -42.7217	  172.6804
14.025	 2.31	 4	 -42.3264	  173.9902
14.027	 2.04	 2	 -41.7801	  174.2860
14.027	 2.03	 3	 -41.8797	  174.3298
14.027	 2.34	 2	 -41.8886	  173.3889
14.030	 2.53	 2	 -41.2338	  175.0581
14.030	 2.42	 4	 -42.5275	  173.1087
14.031	 3.39	 2	 -41.9179	  172.2190
14.033	 2.11	 1	 -44.8997	  176.3735
14.034	 3.08	 2	 -41.7137	  174.1768
14.034	 2.59	 5	 -41.8215	  174.2680
14.038	 2.00	 1	 -41.7115	  174.2607
14.039	 2.09	 3	 -42.8573	  173.1141
14.041	 2.26	 3	 -42.4257	  173.2596
14.041	 2.54	 4	 -42.2448	  174.2746
14.043	 2.07	 1	 -42.2755	  173.6174
14.050	 2.02	 2	 -42.5080	  173.2624
14.051	 2.96	 2	 -42.0034	  173.6572
14.051	 2.36	 2	 -42.4547	  173.7949
14.054	 2.50	 3	 -42.2120	  173.6266
14.058	 2.28	 3	 -42.4627	  172.8432
14.059	 2.16	 1	 -42.3598	  173.8841
14.059	 2.60	 5	 -38.2236	  170.5659
14.061	 2.52	 1	 -42.7714	  172.9961
14.064	 2.01	 3	 -42.3166	  173.6152
14.069	 2.73	 2	 -46.6889	  171.2702
14.070	 2.03	 2	 -41.6506	  174.2296
14.075	 2.19	 1	 -42.4528	  173.7786
14.077	 2.36	 1	 -43.0751	  173.3677
14.078	 2.50	 3	 -42.4206	  174.3726
14.084	 2.70	 2	 -42.0385	  173.5898
14.085	 2.05	 1	 -41.8268	  173.4947
14.088	 2.42	 1	 -43.4043	  173.8811
14.091	 3.01	 2	 -42.5732	  172.3333
14.091	 2.32	 1	 -41.5097	  173.9736
14.091	 2.52	 2	 -40.2896	  177.2861
14.091	 2.23	 1	 -42.0078	  173.7278
14.096	 2.90	 3	 -42.4333	  173.0318
14.097	 3.53	 1	 -42.5627	  173.1063
14.097	 2.03	 1	 -42.2025	  173.6094
14.099	 2.02	 3	 -42.5687	  172.3300
14.102	 2.41	 2	 -42.3330	  173.4940
14.103	 2.27	 1	 -42.7498	  172.8151
14.104	 2.92	 3	 -42.0756	  173.9813
14.108	 2.02	 1	 -41.7922	  174.0719
14.111	 3.33	 1	 -42.1676	  172.8970
14.111	 2.39	 1	 -42.3374	  173.8277
14.112	 2.98	 1	 -42.7224	  173.1895
14.112	 2.35	 2	 -42.1939	  173.8848
14.113	 2.17	 2	 -42.3886	  173.9567
14.114	 2.21	 2	 -41.8758	  174.2019
14.117	 2.26	 1	 -42.2525	  173.5059
14.119	 2.62	 2	 -42.5576	  172.8517
14.120	 2.46	 3	 -42.4524	  173.2727
14.124	 2.10	 2	 -41.7093	  174.9004
14.124	 2.25	 2	 -41.6685	  174.2157
14.125	 2.08	 1	 -41.7317	  174.2359
14.131	 2.01	 2	 -41.9605	  173.6516
14.134	 3.49	 1	 -42.4858	  173.9776
14.135	 2.10	 4	 -42.2841	  173.2145
14.135	 2.45	 1	 -41.7633	  174.1623
14.135	 2.34	 4	 -42.3957	  173.2574
14.137	 2.19	 3	 -41.6439	  174.3868
14.138	 3.08	 5	 -38.2993	  170.6264
14.141	 2.02	 4	 -42.3365	  173.9070
14.144	 2.75	 2	 -42.1804	  173.6807
14.145	 2.86	 2	 -41.6772	  173.5055
14.145	 2.99	 2	 -42.6358	  173.1010
14.146	 2.04	 1	 -41.8004	  174.2601
14.148	 2.04	 2	 -41.7034	  174.1750
14.149	 2.61	 2	 -42.2629	  173.5934
14.149	 2.09	 1	 -41.9747	  174.1892
14.150	 2.09	 3	 -42.4305	  173.1772
14.152	 2.01	 1	 -46.0694	  176.8708
14.155	 2.53	 2	 -41.7713	  174.1026
14.158	 2.34	 3	 -42.3865	  173.3358
14.161	 2.31	 4	 -38.2874	  170.4659
14.164	 2.14	 1	 -41.7211	  174.2703
14.169	 3.15	 1	 -42.6303	  173.5106
14.169	 2.54	 2	 -42.1744	  173.6246
14.170	 2.63	 1	 -42.5520	  173.3240
14.170	 2.17	 3	 -41.9324	  174.5717
14.172	 2.29	 1	 -42.4651	  173.1323
14.172	 2.83	 5	 -38.5008	  170.6294
14.175	 2.30	 2	 -41.6497	  174.2204
14.177	 2.23	 2	 -42.8810	  173.1062
14.178	 2.33	 3	 -41.8568	  174.0484
14.179	 2.13	 3	 -41.9085	  173.7261
14.179	 2.78	 3	 -42.4860	  173.2418
14.180	 2.18	 2	 -42.4203	  173.7520
14.181	 3.15	 2	 -41.9893	  172.4878
14.181	 2.41	 1	 -42.0585	  173.4368
14.182	 2.02	 2	 -42.1749	  173.7150
14.183	 2.40	 2	 -42.2984	  173.5918
14.186	 2.37	 3	 -42.5535	  173.3203
14.191	 3.04	 3	 -41.7436	  174.1604
14.195	 2.34	 3	 -42.3498	  173.2501
14.200	 2.25	 2	 -42.3022	  173.7892
14.200	 2.15	 1	 -42.1394	  173.8263
14.200	 2.08	 3	 -42.5441	  173.2045
14.204	 2.16	 1	 -42.6615	  172.7508
14.208	 3.28	 4	 -42.3633	  173.3879
14.209	 2.41	 3	 -46.2677	  176.4836
14.209	 2.24	 3	 -38.7065	  172.7551
14.210	 2.28	 1	 -42.2463	  173.7056
14.212	 2.72	 1	 -42.5714	  173.0923
14.218	 2.78	 2	 -42.2274	  173.5542
14.218	 2.10	 1	 -41.6332	  174.3763
14.221	 2.18	 2	 -42.0623	  173.7052
14.222	 2.02	 3	 -41.2385	  175.0693
14.223	 3.42	 1	 -42.4869	  173.5167
14.224	 2.34	 2	 -42.2585	  173.5937
14.224	 2.85	 3	 -41.4279	  172.7699
14.228	 2.31	 4	 -42.3604	  173.9482
14.231	 2.21	 1	 -42.1124	  173.5074
14.237	 2.68	 3	 -42.2958	  173.1008
14.242	 3.30	 1	 -42.2863	  173.0937
14.249	 2.18	 4	 -38.3312	  170.4920
14.249	 2.71	 1	 -42.3260	  173.8709
14.251	 2.30	 1	 -42.5626	  173.0502
14.254	 2.38	 1	 -42.4418	  173.3371
14.254	 2.12	 1	 -42.3181	  174.0719
14.260	 2.06	 1	 -42.4749	  173.0530
14.261	 5.68	 3	 -42.3583	  173.7538
14.263	 2.08	 4	 -42.3516	  173.7891
14.264	 2.35	 4	 -42.3358	  173.6990
14.269	 3.19	 2	 -42.2798	  173.7646
14.270	 3.87	 4	 -42.3455	  173.7194
14.271	 2.32	 2	 -42.1752	  173.6985
14.273	 2.70	 2	 -42.7110	  172.9429
14.278	 2.33	 4	 -42.3584	  173.8077
14.278	 2.48	 3	 -42.3513	  173.4348
14.278	 2.02	 4	 -42.6389	  173.4955
14.279	 2.10	 3	 -42.4299	  173.0846
14.279	 2.31	 4	 -42.1935	  173.7760
14.280	 2.29	 3	 -41.7983	  173.9047
14.281	 2.16	 3	 -41.6453	  173.0113
14.282	 2.70	 3	 -42.5838	  173.8565
14.282	 2.50	 2	 -41.6999	  174.3700
14.284	 2.02	 2	 -42.4960	  172.7109
14.285	 2.23	 4	 -42.4722	  173.7104
14.286	 2.26	 2	 -42.5079	  171.6980
14.287	 2.47	 4	 -42.4983	  173.5670
14.287	 2.44	 4	 -42.5863	  173.7818
14.288	 2.33	 4	 -42.4331	  173.8039
14.291	 2.02	 2	 -45.2162	  168.8364
14.292	 2.15	 3	 -42.4642	  173.1828
14.294	 2.19	 1	 -42.1017	  173.7109
14.294	 2.06	 1	 -42.0134	  173.6627
14.295	 3.56	 1	 -42.3653	  173.2789
14.295	 2.30	 1	 -41.7258	  174.3530
14.296	 2.18	 4	 -42.3634	  173.8394
14.296	 2.00	 4	 -42.4153	  173.8074
14.297	 2.19	 1	 -41.9560	  174.0415
14.299	 3.15	 4	 -42.3074	  173.8952
14.299	 2.12	 1	 -42.1088	  172.5257
14.300	 2.48	 4	 -42.5190	  173.7363
14.301	 2.43	 5	 -42.3168	  173.7316
14.303	 2.74	 4	 -42.3713	  173.7492
14.306	 2.28	 1	 -42.2818	  173.7074
14.309	 2.66	 4	 -42.5631	  173.2917
14.309	 2.18	 1	 -42.1416	  173.2323
14.309	 2.33	 4	 -42.3032	  173.8810
14.312	 2.24	 1	 -42.4046	  173.3645
14.315	 3.02	 2	 -42.2379	  173.6420
14.315	 2.58	 2	 -42.4550	  172.9115
14.316	 2.20	 4	 -42.4255	  173.8535
14.318	 2.26	 1	 -41.7129	  174.3410
14.320	 2.28	 1	 -42.6391	  173.8156
14.320	 2.26	 2	 -41.9702	  173.2160
14.321	 2.43	 4	 -42.4111	  173.6820
14.324	 2.05	 1	 -42.2892	  173.7661
14.324	 2.88	 4	 -42.3611	  173.7651
14.325	 2.08	 4	 -42.3120	  173.7496
14.328	 2.45	 2	 -42.4466	  173.8560
14.333	 2.21	 4	 -42.2937	  173.8554
14.333	 2.20	 3	 -42.4968	  173.0253
14.333	 2.01	 1	 -42.7701	  172.8996
14.334	 2.88	 3	 -41.5412	  174.4797
14.335	 2.03	 4	 -42.3584	  173.8090
14.335	 2.38	 3	 -42.3500	  173.6726
14.335	 2.00	 3	 -41.9461	  174.5115
14.340	 2.38	 5	 -41.8768	  174.2905
14.340	 2.91	 3	 -42.0421	  173.5481
14.343	 2.17	 1	 -41.7759	  174.3745
14.351	 2.15	 4	 -38.9853	  170.5830
14.351	 2.48	 4	 -42.3377	  173.7290
14.354	 2.09	 3	 -42.4761	  173.8239
14.360	 2.26	 1	 -42.1811	  173.8454
14.361	 2.95	 3	 -42.7173	  173.0202
14.361	 2.04	 2	 -42.3334	  173.2774
14.362	 3.26	 4	 -42.3598	  173.7821
14.365	 2.77	 3	 -42.2466	  173.6361
14.365	 2.44	 1	 -41.7909	  174.2896
14.366	 2.00	 1	 -42.9372	  172.4819
14.369	 2.04	 4	 -42.4403	  173.6928
14.370	 2.42	 1	 -42.5837	  172.8301
14.370	 2.14	 4	 -42.1864	  174.7085
14.375	 2.23	 4	 -42.3824	  173.9018
14.375	 2.10	 2	 -42.6875	  172.6470
14.375	 2.69	 4	 -42.3323	  173.7285
14.378	 2.07	 1	 -42.1638	  173.6313
14.379	 2.13	 4	 -37.9679	  170.4975
14.384	 2.18	 4	 -42.2491	  173.8208
14.389	 2.15	 1	 -42.2352	  173.4310
14.390	 3.05	 4	 -42.3122	  173.7439
14.393	 2.04	 4	 -42.3044	  173.6442
14.395	 2.26	 2	 -42.6163	  172.9110
14.398	 2.07	 1	 -42.2339	  173.6685
14.401	 2.72	 1	 -42.0464	  173.6994
14.402	 2.17	 3	 -41.9573	  174.2295
14.403	 2.42	 4	 -45.8656	  177.5619
14.404	 4.37	 1	 -42.1501	  173.6814
14.404	 2.22	 1	 -42.0050	  172.7869
14.405	 2.55	 1	 -42.2331	  173.6827
14.405	 2.21	 1	 -42.6909	  173.0685
14.411	 3.01	 3	 -42.0134	  172.7757
14.411	 2.09	 1	 -41.7273	  174.2774
14.415	 2.16	 2	 -42.0857	  173.6280
14.416	 2.21	 2	 -41.8353	  175.3821
14.416	 2.74	 4	 -42.2979	  173.1062
14.417	 2.32	 4	 -42.2976	  173.6948
14.418	 4.27	 1	 -41.9883	  174.1084
14.418	 2.12	 2	 -41.7808	  173.5805
14.421	 2.49	 3	 -41.8748	  174.3058
14.421	 2.03	 1	 -42.0112	  173.6618
14.421	 2.44	 4	 -42.3261	  173.8070
14.421	 2.09	 2	 -42.2210	  173.6872
14.426	 2.10	 1	 -42.2605	  173.6393
14.427	 2.08	 2	 -41.8049	  173.5796
14.427	 2.42	 2	 -42.2242	  173.6358
14.428	 2.31	 5	 -41.8240	  174.3592
14.430	 2.73	 1	 -42.2844	  173.7339
14.432	 2.21	 4	 -42.2509	  174.1516
14.432	 2.20	 4	 -42.2996	  173.8099
14.433	 2.08	 1	 -42.1064	  173.8155
14.434	 2.59	 4	 -42.3506	  173.7369
14.434	 2.25	 1	 -42.0400	  173.8682
14.435	 2.70	 4	 -42.6275	  173.5400
14.436	 2.03	 2	 -42.0656	  174.1281
14.437	 2.57	 1	 -41.7866	  174.2667
14.438	 2.25	 6	 -38.5017	  170.6306
14.440	 2.37	 2	 -41.9631	  174.1316
14.444	 2.02	 2	 -42.5552	  173.1487
14.446	 2.59	 4	 -42.3478	  173.7124
14.447	 2.83	 4	 -38.3543	  170.5522
14.447	 2.47	 3	 -41.7004	  173.7214
14.448	 2.46	 5	 -42.3339	  176.8488
14.452	 2.11	 3	 -41.7506	  174.2793
14.456	 2.65	 4	 -42.3825	  173.8147
14.456	 2.05	 2	 -41.9907	  174.0978
14.462	 2.43	 4	 -42.1393	  173.6420
14.465	 2.44	 3	 -42.4162	  172.8746
14.466	 2.02	 3	 -42.2419	  173.3341
14.467	 2.08	 4	 -42.3496	  173.6931
14.467	 2.55	 2	 -42.1851	  173.6659
14.467	 2.25	 4	 -42.2689	  173.3700
14.480	 2.19	 1	 -42.2589	  173.9305
14.481	 2.13	 2	 -42.0058	  172.4750
14.481	 2.57	 1	 -41.7538	  174.1030
14.482	 2.33	 1	 -42.2057	  173.6503
14.484	 2.03	 1	 -42.1580	  172.6738
14.485	 2.52	 2	 -41.9017	  174.2338
14.486	 2.36	 1	 -42.3579	  173.9103
14.487	 2.49	 4	 -42.3717	  173.7047
14.494	 2.90	 2	 -41.7541	  174.4713
14.494	 2.58	 4	 -42.3757	  173.7369
14.494	 2.01	 4	 -41.2059	  171.8081
14.498	 2.06	 1	 -42.4863	  172.9773
14.500	 2.19	 4	 -42.2783	  173.6566
