# Simulation 765
# RelativeTime(days) Magnitude Generation Latitude Longitude
Time Mag Gen Lat Lon
2.000	 2.04	 1	 -42.4498	  173.2960
2.000	 2.33	 1	 -42.5408	  173.1809
2.002	 2.13	 1	 -42.6522	  172.8875
2.002	 2.05	 1	 -42.2164	  173.8644
2.002	 2.12	 1	 -42.1063	  173.4644
2.002	 2.04	 1	 -41.7237	  174.2889
2.003	 2.68	 1	 -41.6987	  174.1934
2.004	 3.45	 1	 -42.4023	  173.0769
2.004	 2.83	 1	 -42.3120	  173.7222
2.005	 2.14	 1	 -41.7195	  174.1830
2.005	 2.39	 1	 -41.5955	  174.5696
2.005	 2.61	 1	 -41.8640	  174.3574
2.005	 2.77	 1	 -41.8229	  174.2389
2.006	 2.25	 1	 -42.2030	  173.6670
2.006	 2.09	 1	 -41.5336	  174.1974
2.008	 2.28	 1	 -41.8959	  173.5414
2.009	 2.08	 1	 -42.0926	  173.8191
2.009	 2.20	 1	 -42.2690	  173.4799
2.009	 2.38	 1	 -42.3076	  173.8313
2.010	 3.17	 1	 -41.6293	  174.1966
2.010	 2.01	 1	 -41.7546	  174.2312
2.010	 2.04	 1	 -42.2445	  173.2301
2.011	 2.07	 1	 -42.3059	  173.7388
2.011	 2.44	 1	 -42.5805	  173.1745
2.011	 2.04	 1	 -42.2937	  173.9974
2.011	 2.63	 1	 -42.5180	  173.2408
2.011	 2.65	 1	 -42.2655	  173.8067
2.012	 2.54	 1	 -42.3409	  173.8687
2.012	 2.57	 1	 -42.6975	  172.8618
2.012	 2.94	 1	 -42.8447	  173.3115
2.012	 2.05	 1	 -42.3949	  173.7921
2.012	 2.46	 1	 -41.6891	  174.3172
2.013	 3.45	 1	 -42.2356	  173.8416
2.013	 2.13	 1	 -42.3118	  173.3809
2.013	 2.21	 1	 -41.9973	  173.7255
2.013	 2.76	 1	 -42.3543	  173.9077
2.014	 2.22	 1	 -42.5455	  174.0968
2.014	 2.07	 1	 -42.9659	  173.2373
2.015	 2.77	 1	 -42.3491	  173.3005
2.015	 2.29	 1	 -41.8757	  174.0495
2.015	 2.91	 1	 -41.9847	  173.6401
2.015	 2.11	 1	 -42.6959	  173.4293
2.016	 2.37	 1	 -42.0890	  173.7421
2.016	 2.26	 1	 -42.7922	  172.8435
2.016	 2.86	 1	 -41.7372	  174.1925
2.018	 2.24	 1	 -42.1314	  173.7716
2.018	 2.50	 1	 -41.6979	  174.3534
2.018	 2.17	 1	 -42.7470	  173.3036
2.018	 2.07	 1	 -42.2685	  173.6362
2.019	 2.04	 1	 -42.3991	  173.5900
2.019	 2.23	 1	 -42.0889	  173.8166
2.019	 2.34	 1	 -42.1723	  173.4931
2.021	 3.38	 1	 -42.3056	  173.9539
2.021	 2.45	 1	 -42.2504	  173.8684
2.021	 2.16	 1	 -42.5726	  173.2413
2.022	 2.40	 1	 -41.9915	  173.5815
2.023	 2.36	 1	 -41.6439	  174.2558
2.023	 2.12	 1	 -42.5125	  172.8584
2.024	 2.79	 1	 -42.7202	  172.9825
2.024	 2.08	 1	 -42.4158	  173.3367
2.024	 2.00	 1	 -42.3652	  173.6862
2.025	 2.01	 1	 -42.1485	  173.0975
2.025	 2.31	 1	 -43.2684	  172.5475
2.025	 2.03	 1	 -41.7914	  174.2307
2.025	 2.80	 1	 -41.7034	  174.2647
2.025	 3.03	 1	 -41.6864	  174.2664
2.025	 2.02	 1	 -41.8188	  174.2891
2.025	 2.39	 1	 -41.7221	  174.2132
2.026	 2.04	 1	 -42.2850	  173.8543
2.026	 2.25	 1	 -42.3770	  173.8212
2.026	 2.12	 1	 -42.3267	  173.7847
2.026	 2.20	 1	 -42.5027	  173.1499
2.026	 2.25	 1	 -42.4550	  173.0427
2.026	 2.54	 1	 -42.1736	  174.0358
2.027	 2.71	 1	 -42.6383	  173.0439
2.027	 2.05	 1	 -41.6727	  174.0336
2.028	 3.01	 1	 -41.8778	  173.9590
2.028	 2.53	 1	 -42.3894	  173.3424
2.028	 2.44	 1	 -41.7569	  174.2066
2.029	 2.23	 1	 -42.0972	  173.7413
2.029	 2.17	 1	 -42.0464	  173.6678
2.029	 2.06	 1	 -42.6988	  173.0031
2.030	 2.03	 1	 -42.0299	  173.7557
2.030	 2.11	 1	 -43.6849	  179.0047
2.031	 2.11	 1	 -42.5335	  173.0349
2.031	 2.15	 1	 -42.3896	  173.6987
2.032	 2.08	 1	 -42.2259	  173.5267
2.032	 2.50	 1	 -42.2906	  173.5132
2.032	 2.30	 1	 -41.7291	  173.8965
2.034	 2.13	 1	 -42.2187	  173.6736
2.034	 2.34	 1	 -41.6419	  174.2333
2.034	 2.35	 1	 -41.9950	  173.7025
2.034	 2.66	 1	 -42.5779	  172.8242
2.034	 2.13	 1	 -42.4173	  173.0705
2.034	 2.09	 1	 -42.1295	  173.7535
2.035	 3.20	 1	 -41.7000	  174.2390
2.036	 2.39	 1	 -41.6616	  174.1713
2.037	 3.66	 1	 -42.5108	  173.1336
2.038	 3.91	 1	 -38.5731	  175.4747
2.039	 2.57	 1	 -41.7297	  174.3014
2.040	 2.07	 1	 -41.7562	  174.4619
2.041	 2.56	 1	 -42.5210	  173.3768
2.041	 2.70	 1	 -42.4512	  173.3251
2.041	 3.45	 1	 -42.6392	  174.1896
2.042	 2.16	 1	 -41.7391	  174.1743
2.043	 2.86	 1	 -42.7893	  173.0789
2.044	 2.88	 1	 -43.2843	  172.6214
2.044	 2.44	 1	 -42.3301	  173.6156
2.044	 2.59	 1	 -43.3416	  172.7284
2.044	 2.31	 1	 -44.5696	  176.2130
2.044	 2.01	 1	 -41.9223	  173.6149
2.045	 2.34	 1	 -41.8273	  174.0691
2.045	 2.47	 1	 -42.3423	  173.1000
2.045	 2.38	 1	 -42.2659	  174.0678
2.045	 2.93	 1	 -38.3433	  171.4689
2.045	 2.01	 1	 -42.1065	  173.5768
2.046	 2.15	 1	 -41.7662	  174.2188
2.046	 2.50	 1	 -41.8258	  174.0311
2.046	 2.59	 1	 -42.3221	  173.8602
2.047	 2.02	 2	 -38.4223	  171.4351
2.047	 2.30	 1	 -42.3796	  173.3124
2.047	 2.58	 1	 -42.5371	  173.9084
2.047	 2.95	 1	 -41.6667	  174.2918
2.048	 2.34	 1	 -42.5230	  173.0888
2.048	 2.30	 1	 -42.3478	  173.7623
2.048	 2.21	 1	 -41.7943	  174.2401
2.048	 2.17	 1	 -42.0510	  173.5724
2.048	 2.21	 1	 -41.7003	  174.3897
2.048	 2.15	 1	 -42.3945	  173.4030
2.049	 2.20	 1	 -41.8922	  173.9433
2.049	 2.23	 1	 -42.5525	  173.1283
2.050	 2.03	 1	 -42.0401	  173.6635
2.050	 2.24	 1	 -41.7555	  174.1519
2.050	 2.23	 1	 -42.2435	  173.7770
2.050	 2.55	 1	 -42.1673	  173.8123
2.051	 2.47	 1	 -42.1650	  173.1866
2.051	 2.68	 1	 -42.4879	  173.3034
2.051	 2.12	 1	 -42.7767	  172.5432
2.051	 2.01	 1	 -41.6971	  174.2412
2.052	 2.04	 1	 -42.1503	  173.5632
2.052	 2.26	 1	 -41.6653	  174.2440
2.052	 2.44	 1	 -42.0960	  173.7072
2.052	 2.42	 1	 -41.7222	  174.3629
2.053	 3.18	 1	 -42.4446	  173.7541
2.053	 3.24	 1	 -41.9486	  173.6687
2.053	 2.26	 1	 -41.7936	  174.2702
2.053	 2.43	 1	 -43.3655	  172.9890
2.054	 4.12	 1	 -42.6890	  172.2995
2.055	 2.28	 1	 -41.7724	  174.1183
2.055	 2.33	 1	 -42.0185	  173.6608
2.055	 2.32	 1	 -42.2345	  173.6661
2.056	 2.20	 1	 -42.3241	  173.5110
2.056	 3.21	 1	 -42.5349	  173.3311
2.056	 2.70	 1	 -42.5554	  173.3668
2.056	 3.88	 1	 -41.8110	  174.2142
2.057	 2.22	 1	 -42.2968	  173.8947
2.057	 2.67	 1	 -42.5424	  173.0251
2.057	 2.17	 1	 -41.6537	  174.1974
2.057	 3.03	 1	 -42.1338	  172.8284
2.057	 2.42	 1	 -42.1430	  174.8424
2.057	 2.50	 1	 -42.3167	  173.6505
2.058	 2.38	 1	 -42.2564	  173.8470
2.058	 2.07	 1	 -41.4987	  174.3580
2.059	 2.81	 1	 -42.9881	  174.1934
2.060	 2.49	 1	 -41.8276	  174.2114
2.060	 3.00	 1	 -41.6907	  174.3017
2.060	 2.70	 1	 -42.1586	  173.5580
2.060	 2.04	 1	 -42.7566	  172.7712
2.061	 3.17	 1	 -42.5209	  173.8258
2.062	 2.50	 1	 -41.5627	  172.8512
2.063	 3.10	 1	 -41.8185	  174.2269
2.064	 2.43	 1	 -42.4231	  173.0151
2.064	 2.11	 1	 -41.7092	  174.3031
2.066	 2.35	 1	 -41.7694	  174.1802
2.067	 3.35	 1	 -41.7483	  179.1551
2.067	 2.48	 1	 -41.6478	  174.2806
2.067	 2.65	 1	 -41.4936	  174.1507
2.067	 2.16	 1	 -41.8441	  174.3233
2.068	 2.06	 1	 -41.8045	  174.4370
2.069	 2.55	 1	 -41.5856	  174.0837
2.070	 2.55	 1	 -41.7225	  174.2968
2.072	 2.06	 1	 -42.0833	  173.7093
2.072	 3.03	 1	 -41.4147	  174.8036
2.073	 2.34	 1	 -42.2671	  173.7990
2.074	 2.05	 1	 -42.8835	  167.0684
2.074	 2.21	 1	 -41.6909	  174.2373
2.074	 2.03	 1	 -42.3655	  173.9904
2.075	 2.21	 1	 -42.1365	  173.6372
2.075	 2.56	 1	 -42.5608	  173.3049
2.075	 2.01	 1	 -42.4863	  173.5624
2.076	 3.56	 1	 -42.5746	  173.0084
2.077	 2.35	 1	 -42.2519	  173.6606
2.077	 2.02	 1	 -41.7271	  174.3013
2.077	 2.41	 1	 -42.2892	  173.8797
2.078	 2.48	 1	 -41.8269	  174.1985
2.078	 4.44	 1	 -43.0814	  173.4431
2.078	 2.23	 1	 -43.5252	  172.4570
2.078	 3.22	 1	 -42.2095	  173.7710
2.079	 2.14	 1	 -42.4400	  172.8717
2.079	 2.83	 1	 -42.4216	  174.0677
2.079	 2.07	 1	 -42.2853	  173.8399
2.079	 2.22	 1	 -41.6808	  174.2628
2.081	 2.24	 1	 -41.9479	  174.0751
2.082	 2.40	 1	 -41.6833	  174.3096
2.082	 2.52	 1	 -42.3518	  173.2304
2.083	 2.37	 1	 -42.4049	  173.6099
2.083	 2.60	 1	 -41.7056	  174.2455
2.083	 2.02	 1	 -42.5860	  173.1474
2.083	 2.05	 1	 -41.7141	  174.1248
2.085	 2.37	 1	 -42.5440	  172.8368
2.085	 2.04	 1	 -41.7773	  174.3427
2.085	 3.30	 1	 -41.9986	  173.8493
2.086	 2.52	 1	 -42.6429	  173.0812
2.087	 2.08	 1	 -41.7897	  174.3639
2.087	 2.71	 1	 -39.9183	  171.2065
2.087	 2.02	 1	 -41.6473	  174.2843
2.087	 2.08	 1	 -41.7013	  174.1955
2.087	 2.10	 1	 -42.3324	  173.6216
2.087	 2.36	 1	 -41.7480	  174.2049
2.087	 2.14	 1	 -42.3485	  173.8242
2.088	 2.16	 1	 -41.5310	  173.9529
2.088	 2.70	 2	 -42.6698	  172.2645
2.088	 2.40	 1	 -41.4221	  173.8241
2.089	 2.05	 1	 -41.7794	  174.2568
2.089	 2.03	 1	 -42.4160	  173.7558
2.089	 2.13	 1	 -42.5123	  174.0944
2.089	 2.08	 1	 -42.6044	  172.9777
2.089	 2.33	 1	 -38.9501	  179.0897
2.090	 2.16	 1	 -41.4732	  174.4865
2.090	 2.12	 1	 -42.2806	  173.8397
2.091	 2.14	 1	 -42.2809	  173.9247
2.091	 2.96	 1	 -42.2603	  179.2268
2.091	 2.89	 1	 -42.2420	  173.7614
2.091	 2.21	 1	 -42.7906	  172.7398
2.091	 2.08	 1	 -41.6806	  174.2878
2.091	 2.04	 1	 -42.3293	  173.3452
2.091	 2.02	 1	 -42.4810	  173.1651
2.092	 4.44	 1	 -42.1559	  173.4599
2.093	 2.09	 1	 -41.7966	  173.4747
2.093	 2.60	 1	 -42.8634	  173.5613
2.093	 2.06	 1	 -42.0318	  173.7827
2.094	 2.47	 1	 -42.1046	  173.8501
2.095	 2.54	 1	 -42.1345	  173.7553
2.095	 2.13	 1	 -42.5544	  173.3418
2.095	 2.15	 1	 -41.8578	  174.1451
2.096	 2.77	 1	 -41.6695	  174.3147
2.097	 2.39	 1	 -41.8221	  174.0771
2.098	 2.34	 1	 -42.5275	  173.1850
2.098	 2.45	 1	 -42.2126	  173.6402
2.098	 2.70	 1	 -41.6982	  174.1867
2.098	 2.44	 2	 -42.1587	  173.4353
2.099	 2.93	 1	 -42.1407	  173.7047
2.099	 3.50	 1	 -42.2752	  173.7739
2.100	 2.00	 1	 -42.4078	  173.9224
2.100	 2.28	 1	 -41.8278	  174.1085
2.100	 3.74	 1	 -42.6916	  172.7727
2.100	 5.32	 1	 -41.5096	  174.4181
2.101	 2.10	 1	 -41.8839	  173.5138
2.101	 2.38	 1	 -41.6065	  174.3185
2.101	 3.51	 1	 -41.7539	  174.3076
2.102	 2.52	 1	 -42.3895	  173.3812
2.102	 2.12	 2	 -41.5152	  174.4906
2.102	 2.46	 1	 -42.5343	  173.1517
2.104	 2.19	 1	 -42.2732	  173.8914
2.105	 2.77	 1	 -41.6638	  174.2340
2.105	 2.50	 1	 -41.7603	  174.2186
2.106	 3.33	 1	 -42.3420	  173.8091
2.106	 2.20	 1	 -42.1804	  173.6641
2.106	 2.47	 1	 -41.9122	  172.9787
2.106	 2.58	 1	 -37.8192	  174.4710
2.107	 2.22	 1	 -41.6944	  174.2336
2.108	 2.31	 1	 -42.1934	  173.6378
2.108	 2.45	 1	 -41.7444	  174.2217
2.109	 3.81	 1	 -42.5871	  173.9893
2.109	 2.50	 2	 -41.4206	  174.4275
2.109	 2.82	 1	 -41.4075	  174.4262
2.109	 2.18	 1	 -42.3844	  173.8874
2.110	 2.49	 2	 -41.4875	  174.4167
2.110	 2.53	 1	 -42.5448	  174.1878
2.110	 2.42	 2	 -41.6050	  174.2426
2.110	 2.27	 1	 -41.6749	  174.2791
2.111	 2.33	 1	 -42.0164	  174.0220
2.111	 2.09	 1	 -42.3964	  172.7920
2.111	 2.81	 1	 -41.7388	  174.6911
2.112	 3.47	 1	 -42.3483	  173.7582
2.113	 2.24	 2	 -42.1851	  173.4690
2.113	 3.15	 1	 -42.1094	  173.8062
2.114	 2.58	 2	 -41.5876	  174.3181
2.114	 2.18	 1	 -42.5641	  173.1295
2.115	 3.51	 2	 -42.1500	  173.4727
2.115	 2.12	 2	 -41.5280	  174.4411
2.115	 2.38	 1	 -41.6832	  174.2163
2.116	 2.49	 1	 -41.6476	  174.2355
2.116	 2.09	 1	 -41.7581	  174.2566
2.116	 2.68	 1	 -41.7727	  174.2242
2.116	 2.01	 1	 -41.7183	  174.0762
2.116	 2.23	 1	 -42.3428	  173.8330
2.117	 3.16	 1	 -42.0088	  172.7410
2.118	 2.11	 1	 -42.5455	  172.4233
2.118	 2.11	 1	 -41.7025	  174.1785
2.119	 2.05	 2	 -41.7703	  174.0520
2.119	 2.69	 2	 -42.5377	  173.3327
2.120	 2.04	 1	 -41.6963	  174.2435
2.120	 2.21	 2	 -41.5894	  174.6871
2.120	 2.38	 1	 -42.4603	  173.7114
2.120	 2.05	 1	 -42.0852	  173.8761
2.121	 2.60	 1	 -42.6025	  173.2125
2.121	 2.12	 1	 -42.8122	  173.7654
2.121	 2.14	 1	 -42.3737	  173.7000
2.122	 3.32	 1	 -42.7783	  173.0529
2.122	 3.27	 1	 -41.9249	  174.0383
2.123	 2.47	 1	 -41.7291	  174.0966
2.123	 2.22	 1	 -42.3700	  173.4129
2.123	 2.21	 1	 -41.6816	  174.3080
2.124	 2.86	 1	 -41.7898	  174.5032
2.124	 2.18	 2	 -41.5392	  174.4098
2.124	 2.34	 1	 -41.6878	  174.2905
2.124	 3.27	 1	 -41.8209	  174.2171
2.124	 2.62	 1	 -41.8704	  174.0219
2.125	 2.25	 1	 -41.8959	  174.0685
2.125	 2.40	 1	 -42.3510	  173.9714
2.125	 3.16	 1	 -42.8171	  174.2514
2.127	 2.06	 1	 -41.7758	  174.2690
2.128	 3.13	 1	 -42.5557	  173.3156
2.128	 2.05	 1	 -42.5251	  173.4544
2.128	 2.10	 1	 -41.7603	  174.3015
2.129	 2.16	 1	 -42.2406	  173.5429
2.130	 2.11	 2	 -42.1750	  173.4635
2.130	 2.28	 1	 -42.3595	  173.6976
2.130	 2.94	 1	 -41.8679	  173.9671
2.130	 2.39	 1	 -42.1652	  173.9123
2.131	 2.15	 2	 -41.6365	  174.4550
2.131	 2.43	 1	 -41.6803	  174.2476
2.132	 2.16	 1	 -41.7302	  174.3307
2.132	 3.28	 1	 -42.4784	  173.2381
2.132	 3.71	 2	 -41.3616	  174.9879
2.134	 2.67	 1	 -42.2604	  173.7064
2.134	 2.10	 1	 -42.2036	  173.5016
2.135	 2.15	 1	 -42.2773	  173.6379
2.135	 2.08	 1	 -42.3403	  172.9396
2.136	 2.15	 1	 -42.1469	  173.8200
2.136	 2.30	 2	 -42.1657	  173.4745
2.138	 2.61	 1	 -42.2256	  173.8247
2.138	 2.34	 1	 -42.2976	  173.4379
2.138	 2.18	 1	 -42.3887	  172.9913
2.139	 2.31	 1	 -42.7086	  173.1825
2.140	 3.36	 1	 -41.7295	  174.3160
2.140	 2.05	 1	 -42.7869	  173.0489
2.140	 2.19	 2	 -41.8012	  174.3088
2.140	 2.02	 1	 -42.3582	  173.8563
2.141	 2.10	 1	 -42.3086	  173.7852
2.142	 2.47	 1	 -42.2270	  173.6136
2.142	 2.37	 1	 -41.6336	  174.3332
2.143	 2.04	 1	 -41.5929	  174.2190
2.143	 2.09	 1	 -41.9811	  173.8830
2.143	 2.51	 1	 -42.3981	  173.5427
2.143	 2.41	 1	 -41.7700	  174.1070
2.143	 2.02	 1	 -41.5975	  174.5083
2.144	 2.02	 1	 -42.7332	  172.8045
2.145	 2.60	 1	 -44.4828	  175.1737
2.145	 2.08	 1	 -41.6959	  174.2178
2.145	 2.58	 2	 -42.6749	  172.7959
2.146	 2.82	 1	 -42.3711	  173.5067
2.147	 2.02	 1	 -42.3507	  172.9754
2.148	 3.33	 1	 -42.0899	  172.9052
2.148	 3.78	 1	 -41.9489	  173.9270
2.149	 2.17	 1	 -42.2761	  173.9266
2.149	 2.50	 1	 -42.0040	  173.6379
2.149	 2.68	 1	 -42.7036	  173.2473
2.149	 2.64	 1	 -41.3318	  174.1084
2.150	 2.93	 1	 -41.5349	  174.3939
2.150	 2.21	 1	 -42.4020	  172.8811
2.151	 2.46	 1	 -42.3768	  173.5563
2.151	 2.57	 1	 -42.2706	  173.6811
2.152	 2.21	 1	 -42.2082	  173.6546
2.152	 2.34	 1	 -41.7437	  172.8595
2.152	 2.23	 1	 -41.6373	  167.6544
2.153	 2.44	 1	 -41.7066	  174.3047
2.154	 2.46	 1	 -41.6843	  174.2842
2.154	 2.69	 1	 -42.3267	  173.8552
2.155	 2.08	 1	 -42.5263	  173.1153
2.155	 2.14	 1	 -42.5090	  173.8763
2.155	 2.25	 1	 -42.3916	  173.9951
2.155	 2.29	 2	 -42.1425	  173.4506
2.155	 2.23	 1	 -42.1447	  173.8836
2.157	 2.29	 1	 -42.2076	  173.6615
2.157	 2.11	 1	 -42.4653	  173.0591
2.158	 2.33	 1	 -42.1450	  173.5358
2.158	 2.08	 1	 -42.6029	  173.0214
2.158	 2.31	 1	 -41.8332	  174.2485
2.158	 2.33	 1	 -41.6543	  174.0982
2.158	 2.19	 2	 -42.6951	  173.0086
2.160	 2.68	 1	 -41.7335	  174.1949
2.160	 2.55	 1	 -42.5146	  173.1588
2.160	 2.42	 1	 -41.0000	  175.7122
2.161	 2.14	 1	 -43.3860	  172.7634
2.161	 3.09	 1	 -41.9062	  173.6667
2.163	 3.27	 1	 -42.4197	  173.6214
2.164	 2.83	 1	 -41.7173	  174.3819
2.164	 2.16	 1	 -42.2294	  173.6365
2.165	 2.74	 2	 -42.5756	  173.0122
2.165	 2.34	 1	 -41.8796	  173.9397
2.165	 2.14	 1	 -42.4718	  173.1367
2.166	 2.11	 1	 -41.7771	  174.2431
2.167	 2.01	 1	 -42.1236	  173.5834
2.168	 2.68	 1	 -42.4493	  173.9068
2.168	 3.66	 1	 -41.9539	  174.5121
2.169	 2.01	 1	 -41.4805	  174.4534
2.169	 2.10	 1	 -41.6481	  174.0639
2.169	 2.33	 1	 -42.3637	  174.0654
2.169	 2.45	 1	 -42.7002	  173.0694
2.170	 2.08	 1	 -41.8549	  174.2186
2.170	 5.09	 2	 -41.6042	  174.3850
2.170	 2.13	 1	 -41.7285	  174.1532
2.172	 2.04	 1	 -42.3276	  173.8712
2.172	 3.08	 1	 -41.9820	  174.0443
2.173	 2.14	 1	 -42.4189	  173.8427
2.173	 2.04	 1	 -42.5583	  172.5084
2.174	 4.74	 1	 -41.7877	  174.2210
2.174	 2.20	 1	 -42.1387	  173.6314
2.175	 2.68	 1	 -42.3664	  172.5769
2.175	 2.42	 3	 -41.6097	  174.4147
2.176	 2.85	 3	 -41.4375	  174.3155
2.176	 2.34	 2	 -41.5214	  174.4527
2.176	 2.34	 1	 -42.2360	  173.8511
2.177	 2.39	 1	 -42.7332	  173.5291
2.177	 2.33	 1	 -41.8083	  174.1599
2.178	 2.06	 2	 -42.2878	  173.8455
2.178	 2.17	 3	 -41.5630	  174.4205
2.179	 2.08	 1	 -42.3612	  173.8947
2.180	 2.26	 1	 -42.4397	  173.4743
2.181	 2.12	 1	 -42.4636	  172.8782
2.181	 2.18	 1	 -42.3341	  173.5094
2.182	 2.83	 1	 -42.5532	  173.2820
2.183	 3.14	 1	 -42.6703	  173.6473
2.184	 2.20	 1	 -41.6729	  173.9982
2.185	 2.14	 1	 -42.3540	  173.7890
2.185	 2.08	 2	 -41.8046	  174.1845
2.185	 2.09	 2	 -41.7470	  179.1511
2.186	 2.16	 1	 -41.9100	  174.1222
2.186	 2.53	 1	 -42.3158	  173.7912
2.188	 3.22	 1	 -42.0035	  173.7088
2.189	 2.64	 1	 -42.0918	  173.8335
2.190	 2.12	 1	 -42.1872	  173.5445
2.190	 2.21	 1	 -42.3596	  173.7174
2.191	 2.11	 1	 -42.7959	  173.1537
2.191	 2.17	 1	 -42.2358	  173.7068
2.191	 2.51	 1	 -42.5835	  173.2395
2.191	 2.24	 1	 -41.7100	  174.2602
2.192	 2.20	 1	 -42.2377	  173.5538
2.193	 2.44	 1	 -42.3198	  172.8649
2.194	 2.07	 1	 -41.6988	  174.3003
2.194	 3.60	 1	 -42.4841	  173.1404
2.195	 2.12	 1	 -42.0501	  173.7097
2.195	 2.14	 3	 -41.6177	  174.4146
2.196	 2.45	 2	 -41.4619	  174.3874
2.196	 2.11	 1	 -42.2730	  173.9026
2.197	 2.12	 2	 -42.4067	  173.6099
2.198	 2.67	 1	 -41.7516	  174.1815
2.198	 2.59	 1	 -41.8650	  173.9334
2.198	 2.05	 1	 -41.7284	  174.2884
2.198	 2.18	 1	 -41.7672	  174.2620
2.198	 2.34	 1	 -42.3043	  173.5209
2.199	 2.30	 1	 -42.0066	  173.7657
2.200	 2.90	 1	 -42.2028	  173.4886
2.200	 2.08	 1	 -41.7822	  174.3117
2.200	 2.55	 1	 -42.1501	  173.6099
2.201	 2.55	 1	 -41.8958	  174.1230
2.202	 2.67	 1	 -42.7208	  172.8005
2.203	 2.14	 1	 -42.4281	  173.6622
2.203	 2.27	 1	 -42.4965	  173.1279
2.204	 2.02	 2	 -41.7821	  174.2225
2.204	 2.01	 1	 -41.9175	  174.4386
2.204	 2.82	 1	 -42.5049	  173.1685
2.204	 2.01	 2	 -41.9198	  174.0381
2.205	 3.23	 1	 -42.4176	  173.7655
2.205	 2.90	 1	 -42.0643	  173.9579
2.206	 2.52	 1	 -42.4427	  172.7975
2.206	 2.24	 1	 -41.9290	  173.8469
2.206	 2.54	 1	 -42.8634	  173.4851
2.206	 3.49	 1	 -41.6198	  174.1783
2.207	 2.01	 1	 -42.3257	  173.8511
2.208	 2.11	 1	 -42.1368	  173.4762
2.208	 2.27	 1	 -41.8036	  174.0278
2.209	 2.89	 1	 -42.2481	  173.6335
2.209	 2.23	 1	 -41.6789	  174.2484
2.210	 2.90	 1	 -42.2306	  173.5567
2.211	 2.18	 1	 -42.3649	  172.9465
2.212	 2.26	 1	 -42.4657	  173.4704
2.212	 2.25	 1	 -42.1524	  173.6182
2.213	 3.03	 1	 -42.6141	  172.8330
2.213	 2.86	 2	 -42.5051	  173.1404
2.214	 3.20	 1	 -41.7037	  174.2523
2.214	 2.29	 1	 -41.7052	  174.2621
2.215	 2.33	 1	 -42.1455	  173.5457
2.215	 2.57	 1	 -42.2738	  173.6173
2.215	 3.23	 1	 -42.0011	  173.7301
2.216	 2.18	 1	 -42.2489	  173.5025
2.216	 2.04	 1	 -42.3673	  172.7362
2.216	 2.18	 1	 -42.2568	  173.5941
2.216	 2.64	 1	 -42.3167	  173.7182
2.216	 2.70	 2	 -42.5694	  174.7069
2.217	 2.18	 1	 -41.6259	  174.1878
2.217	 3.09	 1	 -42.6504	  173.7763
2.218	 3.19	 1	 -42.4997	  173.1167
2.218	 2.03	 1	 -41.7204	  174.3252
2.218	 2.72	 1	 -41.7440	  173.4595
2.219	 2.07	 2	 -38.7450	  172.9226
2.219	 2.25	 1	 -42.3206	  174.1344
2.220	 3.83	 1	 -42.0921	  173.6038
2.220	 2.21	 1	 -42.2497	  173.6854
2.220	 2.70	 1	 -41.9640	  173.7237
2.220	 2.08	 1	 -41.7058	  174.2521
2.221	 2.07	 1	 -42.1647	  173.2211
2.221	 2.57	 1	 -41.8736	  174.0291
2.222	 2.18	 1	 -42.3442	  172.7608
2.222	 2.05	 1	 -42.7640	  173.1583
2.223	 3.09	 2	 -41.5117	  174.4063
2.223	 2.01	 1	 -42.2446	  173.5426
2.223	 2.11	 1	 -41.7122	  174.2537
2.223	 2.05	 1	 -42.3867	  173.0711
2.224	 3.03	 1	 -41.8128	  174.0865
2.225	 2.53	 1	 -41.6831	  174.2102
2.225	 2.50	 1	 -42.1842	  173.7078
2.225	 2.07	 1	 -42.0164	  173.5835
2.225	 2.40	 1	 -42.4176	  173.4985
2.225	 2.38	 1	 -42.4675	  173.9392
2.226	 2.25	 1	 -42.0067	  173.7550
2.227	 2.60	 2	 -42.3860	  173.3279
2.227	 2.26	 1	 -42.9440	  173.1655
2.227	 2.70	 1	 -42.3680	  173.5780
2.228	 2.16	 1	 -42.2884	  173.7033
2.228	 2.04	 1	 -41.7769	  174.1992
2.228	 2.37	 1	 -42.1022	  174.0723
2.229	 2.56	 1	 -41.6038	  174.3359
2.229	 2.13	 1	 -42.3418	  173.7160
2.230	 2.03	 1	 -41.6859	  174.3233
2.230	 2.70	 1	 -42.2435	  173.6025
2.231	 2.28	 1	 -42.3208	  173.4315
2.231	 2.24	 1	 -42.4022	  173.9975
2.232	 2.17	 1	 -42.5498	  173.3101
2.232	 2.09	 1	 -42.4111	  172.9597
2.233	 2.70	 1	 -41.7024	  174.4274
2.233	 2.72	 1	 -42.0507	  173.6141
2.233	 2.14	 1	 -42.4562	  173.1590
2.234	 3.08	 1	 -41.7001	  174.3383
2.234	 3.09	 1	 -41.6554	  174.5860
2.234	 2.67	 1	 -43.6408	  173.6119
2.235	 3.46	 1	 -42.2241	  173.6680
2.235	 2.38	 1	 -42.2629	  173.5994
2.236	 2.09	 1	 -42.3560	  173.8727
2.237	 2.29	 1	 -42.3023	  173.8477
2.237	 3.45	 1	 -42.4115	  173.1249
2.237	 2.67	 1	 -41.6990	  174.2767
2.238	 2.02	 1	 -41.7684	  174.2739
2.238	 2.47	 1	 -41.7034	  174.2667
2.239	 2.54	 1	 -41.6576	  174.2114
2.241	 2.72	 1	 -42.9465	  172.5746
2.241	 2.47	 1	 -42.5608	  174.0004
2.242	 2.86	 1	 -42.9192	  173.5605
2.242	 3.39	 1	 -42.6493	  173.0351
2.242	 2.04	 1	 -42.0623	  173.4332
2.244	 2.17	 3	 -41.5853	  174.3236
2.244	 2.58	 3	 -41.5710	  174.3580
2.244	 2.36	 1	 -42.3318	  173.0209
2.245	 2.61	 1	 -41.9896	  174.1380
2.245	 2.39	 1	 -42.5921	  173.2548
2.245	 2.81	 2	 -41.6074	  174.3202
2.245	 2.96	 1	 -42.6422	  173.1319
2.246	 2.76	 1	 -42.3730	  173.7243
2.247	 3.15	 1	 -42.3892	  173.5656
2.247	 2.73	 1	 -42.5777	  173.0917
2.248	 2.01	 1	 -41.5536	  174.3785
2.248	 2.62	 1	 -41.7571	  174.3418
2.248	 2.17	 1	 -42.6767	  172.7904
2.248	 2.09	 1	 -41.6744	  174.2957
2.248	 2.35	 2	 -41.9140	  174.3773
2.249	 3.21	 1	 -43.3032	  173.1143
2.249	 3.48	 1	 -42.3514	  173.9001
2.249	 3.05	 1	 -42.2394	  173.6609
2.249	 2.12	 1	 -43.7010	  173.4598
2.250	 2.49	 1	 -42.0231	  173.6528
2.250	 2.39	 1	 -41.8273	  174.4225
2.250	 2.00	 1	 -42.0356	  173.8203
2.251	 2.32	 1	 -42.2759	  173.8278
2.251	 2.02	 1	 -42.1799	  174.0452
2.252	 2.13	 1	 -42.7139	  172.5577
2.252	 2.24	 1	 -42.2853	  173.7705
2.253	 2.19	 1	 -41.6830	  174.2751
2.255	 2.54	 1	 -42.4078	  174.2594
2.255	 2.16	 1	 -42.1724	  173.7209
2.255	 3.18	 1	 -42.4040	  173.2947
2.255	 2.21	 1	 -43.0894	  173.9484
2.256	 2.45	 1	 -41.6791	  174.2422
2.256	 2.24	 1	 -41.7710	  174.3800
2.256	 2.38	 1	 -42.4196	  173.5634
2.256	 2.12	 1	 -41.9338	  174.0817
2.256	 2.23	 2	 -42.6973	  172.8178
2.256	 2.09	 1	 -42.0877	  173.8242
2.257	 2.83	 2	 -43.1753	  173.2743
2.257	 2.23	 1	 -42.6630	  172.7638
2.257	 2.45	 1	 -42.3295	  173.6765
2.257	 2.06	 1	 -42.0560	  173.9599
2.258	 2.29	 2	 -42.5014	  173.1371
2.258	 2.16	 1	 -42.3224	  173.1511
2.258	 2.25	 1	 -41.7072	  174.0975
2.259	 2.28	 1	 -42.0076	  173.6339
2.259	 2.81	 1	 -42.4464	  173.1835
2.259	 2.03	 1	 -42.3543	  173.6967
2.261	 3.05	 1	 -42.6599	  173.0840
2.262	 2.39	 1	 -41.6078	  174.1100
2.263	 2.12	 1	 -42.1819	  173.8503
2.263	 3.04	 3	 -41.5904	  174.4260
2.263	 2.62	 2	 -42.5652	  173.0093
2.263	 2.30	 1	 -42.5250	  173.3258
2.264	 3.32	 1	 -42.3202	  173.1873
2.264	 2.32	 1	 -42.3566	  174.0726
2.265	 3.58	 1	 -42.4706	  173.0404
2.265	 2.35	 1	 -42.3513	  173.2513
2.265	 3.60	 1	 -41.7024	  174.2580
2.265	 2.60	 1	 -42.5101	  173.1705
2.266	 2.00	 3	 -41.3665	  174.9952
2.266	 3.01	 1	 -42.2762	  173.7274
2.268	 2.16	 1	 -41.7263	  174.3051
2.269	 2.49	 1	 -42.4950	  173.0294
2.270	 2.94	 1	 -42.5312	  172.0611
2.270	 2.49	 1	 -41.7341	  174.3263
2.270	 2.26	 1	 -41.7202	  174.3117
2.272	 2.08	 1	 -41.1099	  170.9728
2.272	 2.30	 1	 -41.6363	  176.6921
2.273	 2.04	 1	 -41.6968	  174.3162
2.273	 2.47	 3	 -41.7502	  173.8790
2.273	 2.11	 1	 -42.6180	  173.9954
2.274	 2.00	 1	 -41.5716	  174.7462
2.274	 2.74	 1	 -42.6479	  172.9130
2.274	 3.27	 1	 -42.1339	  173.7863
2.275	 2.24	 1	 -42.1827	  175.0991
2.275	 2.62	 1	 -42.3869	  173.1379
2.275	 2.01	 1	 -42.0686	  174.0083
2.279	 2.28	 1	 -42.1378	  173.7866
2.280	 3.54	 2	 -42.6567	  173.0966
2.281	 2.08	 1	 -41.6284	  174.2499
2.281	 2.03	 1	 -42.4165	  173.8114
2.281	 2.19	 1	 -41.7762	  174.3008
2.282	 3.01	 1	 -42.4983	  173.2196
2.282	 2.63	 1	 -42.0534	  173.6198
2.282	 2.01	 1	 -42.3140	  174.0294
2.283	 2.21	 1	 -42.4143	  172.8001
2.283	 2.30	 2	 -41.9515	  173.9320
2.283	 2.54	 1	 -41.7256	  174.3432
2.283	 2.40	 2	 -42.1625	  173.4417
2.284	 2.04	 2	 -42.0741	  173.6331
2.285	 2.08	 1	 -42.5209	  173.0344
2.286	 2.15	 1	 -42.5902	  173.2876
2.286	 2.44	 1	 -42.3401	  173.0055
2.286	 2.08	 1	 -42.4162	  173.8311
2.286	 2.17	 1	 -41.6985	  174.2172
2.286	 2.32	 1	 -42.1421	  173.5542
2.287	 2.33	 1	 -42.1303	  173.8073
2.287	 2.66	 1	 -41.8549	  174.1082
2.287	 2.00	 1	 -41.7265	  174.3326
2.288	 3.04	 1	 -42.3266	  173.5100
2.289	 2.09	 1	 -42.3007	  173.6838
2.289	 2.38	 2	 -41.5953	  174.5043
2.289	 2.93	 1	 -42.5368	  173.1230
2.289	 2.43	 1	 -38.0000	  174.9754
2.289	 2.66	 1	 -41.6826	  174.2065
2.290	 2.14	 1	 -42.4088	  173.7248
2.290	 2.12	 2	 -41.5605	  174.3636
2.291	 2.02	 1	 -46.9150	  171.9361
2.291	 2.28	 1	 -42.6656	  172.9290
2.292	 2.12	 1	 -42.3979	  173.0080
2.292	 2.35	 1	 -38.9686	  176.2235
2.292	 2.13	 2	 -42.3101	  173.4156
2.292	 2.29	 2	 -41.5262	  174.3672
2.293	 2.27	 1	 -42.4172	  172.9288
2.293	 2.28	 1	 -42.2751	  173.5885
2.294	 3.09	 1	 -42.2949	  172.9141
2.295	 2.59	 1	 -41.7051	  174.2745
2.296	 2.14	 1	 -41.7539	  174.2272
2.297	 2.57	 1	 -42.5510	  172.8370
2.298	 2.46	 1	 -42.1295	  173.7197
2.299	 2.09	 1	 -42.0429	  173.7070
2.299	 2.11	 1	 -41.9578	  173.7707
2.299	 2.40	 2	 -42.5118	  173.2343
2.300	 2.04	 2	 -41.6237	  174.1980
2.301	 2.40	 1	 -42.7497	  173.1452
2.301	 2.15	 1	 -42.4787	  173.1496
2.301	 2.66	 1	 -42.3610	  174.0243
2.302	 2.13	 1	 -42.2665	  173.9160
2.302	 2.52	 1	 -42.5681	  173.1145
2.303	 2.17	 1	 -42.5087	  173.1893
2.303	 2.23	 1	 -41.7037	  174.3614
2.304	 2.15	 1	 -42.2854	  173.6863
2.304	 3.10	 1	 -44.1789	  175.3935
2.304	 2.04	 1	 -42.9537	  173.3020
2.304	 2.29	 1	 -42.2580	  173.9584
2.305	 2.05	 1	 -42.5439	  171.6734
2.305	 3.53	 1	 -42.3095	  173.0312
2.306	 2.40	 2	 -42.5003	  173.3532
2.307	 2.85	 1	 -42.2243	  173.7732
2.307	 2.25	 1	 -42.3700	  173.1930
2.309	 2.92	 1	 -42.3510	  173.5782
2.309	 2.36	 1	 -42.4675	  173.1091
2.310	 2.59	 1	 -42.1801	  173.1583
2.310	 2.19	 1	 -41.6863	  174.3576
2.311	 2.09	 1	 -41.7360	  174.2500
2.311	 2.08	 1	 -42.6304	  173.0267
2.312	 2.44	 1	 -41.7528	  174.1147
2.312	 2.17	 1	 -42.4094	  173.3725
2.313	 2.09	 1	 -42.6549	  172.9435
2.313	 2.61	 1	 -41.7208	  174.2520
2.314	 2.14	 1	 -42.7700	  173.6636
2.315	 2.04	 1	 -42.2432	  173.7705
2.315	 2.90	 1	 -41.7632	  174.2681
2.316	 2.16	 1	 -42.9159	  173.0540
2.316	 2.68	 1	 -42.0675	  173.7332
2.317	 2.51	 1	 -42.6646	  172.7468
2.317	 2.74	 2	 -41.7293	  174.2834
2.318	 2.08	 1	 -42.6581	  173.1390
2.318	 2.23	 1	 -42.4230	  173.8558
2.318	 2.51	 1	 -42.3486	  174.0089
2.318	 2.60	 1	 -42.6490	  173.2677
2.318	 2.13	 2	 -41.7551	  174.2086
2.319	 2.21	 1	 -42.0442	  172.7943
2.319	 3.05	 2	 -42.3125	  173.0336
2.321	 2.26	 2	 -42.3074	  172.9861
2.321	 2.34	 1	 -43.2945	  173.2556
2.322	 2.06	 1	 -41.9611	  174.1411
2.322	 2.28	 1	 -42.6465	  173.0563
2.323	 2.55	 1	 -42.1451	  173.8960
2.323	 2.73	 1	 -41.6976	  174.2726
2.323	 2.42	 1	 -42.2832	  173.7651
2.324	 2.08	 1	 -43.9934	  171.9709
2.324	 2.93	 1	 -41.9691	  174.0679
2.324	 2.51	 1	 -42.3100	  173.6967
2.325	 3.88	 1	 -42.3493	  173.7756
2.326	 4.31	 1	 -42.5197	  170.9702
2.327	 2.46	 1	 -42.7718	  172.9808
2.327	 2.17	 1	 -42.2928	  173.6737
2.328	 2.52	 1	 -41.9309	  174.1218
2.328	 2.23	 1	 -42.2910	  173.6794
2.328	 2.19	 1	 -42.1776	  173.5666
2.328	 2.38	 1	 -42.2354	  173.8753
2.328	 2.43	 1	 -42.4762	  173.1517
2.329	 2.10	 1	 -42.4672	  173.7855
2.330	 2.00	 1	 -41.7546	  174.1598
2.330	 2.34	 1	 -41.6975	  174.1810
2.330	 3.17	 1	 -41.7634	  174.3833
2.331	 4.58	 1	 -41.8626	  174.2172
2.331	 2.34	 1	 -42.3641	  173.7026
2.331	 4.12	 1	 -41.7726	  174.1178
2.332	 2.11	 1	 -42.0629	  172.9949
2.332	 2.74	 1	 -41.8614	  173.9979
2.332	 2.75	 1	 -42.4791	  173.2047
2.333	 3.84	 1	 -42.3388	  174.0475
2.333	 2.62	 1	 -41.1802	  174.6194
2.333	 2.31	 1	 -42.3180	  173.6922
2.334	 2.01	 1	 -41.6741	  174.2895
2.334	 2.11	 1	 -41.7010	  174.4284
2.334	 2.08	 2	 -41.4290	  174.3926
2.334	 2.97	 1	 -42.5536	  172.9185
2.335	 2.86	 1	 -42.5494	  173.1964
2.336	 2.00	 1	 -41.7197	  174.1469
2.337	 2.67	 1	 -41.8164	  174.2165
2.337	 2.35	 1	 -41.9550	  173.6808
2.337	 2.68	 1	 -42.2016	  173.7077
2.338	 2.62	 1	 -42.2742	  173.8869
2.339	 2.47	 1	 -42.0577	  173.6742
2.339	 2.02	 1	 -42.2447	  173.6110
2.340	 3.34	 1	 -41.6935	  174.2504
2.340	 2.17	 1	 -41.6957	  174.2850
2.341	 2.86	 3	 -41.5421	  174.2445
2.341	 2.03	 1	 -41.6370	  174.3289
2.342	 2.13	 2	 -42.4602	  173.0551
2.342	 2.39	 1	 -42.7216	  173.2201
2.343	 2.07	 2	 -41.6850	  174.4335
2.343	 2.07	 2	 -42.6392	  172.7028
2.344	 2.07	 1	 -42.4230	  173.4045
2.344	 2.15	 1	 -42.9986	  172.8735
2.344	 2.22	 1	 -42.3408	  173.9257
2.344	 2.11	 1	 -42.0385	  173.7437
2.345	 2.12	 1	 -42.6566	  172.9497
2.345	 2.18	 1	 -42.3957	  173.5445
2.346	 2.09	 1	 -42.7034	  173.0276
2.346	 2.62	 1	 -42.0000	  174.2785
2.347	 3.19	 1	 -41.8543	  174.3194
2.347	 3.48	 1	 -44.2922	  169.2543
2.348	 2.30	 1	 -42.7057	  172.7601
2.348	 2.36	 1	 -42.9008	  173.0183
2.350	 2.75	 1	 -42.3077	  173.7139
2.351	 2.93	 1	 -42.2934	  173.7448
2.352	 2.11	 2	 -41.8874	  174.2129
2.352	 2.44	 1	 -41.8011	  174.2299
2.352	 2.13	 1	 -42.3897	  173.5920
2.352	 2.26	 1	 -43.1639	  172.3322
2.352	 3.17	 1	 -41.7155	  174.2903
2.353	 2.00	 1	 -42.0662	  173.3416
2.353	 2.08	 1	 -41.6735	  174.2103
2.353	 2.22	 1	 -41.8173	  174.2549
2.353	 2.05	 2	 -42.6490	  173.0287
2.353	 2.06	 1	 -41.7316	  174.2769
2.354	 2.39	 2	 -41.7285	  173.8973
2.354	 2.17	 1	 -42.6134	  173.0306
2.354	 2.27	 1	 -42.4805	  173.4020
2.355	 2.15	 1	 -42.3751	  173.3737
2.355	 2.20	 1	 -42.3631	  173.4022
2.355	 2.04	 1	 -41.7881	  174.2237
2.355	 2.46	 2	 -42.4158	  172.9817
2.356	 3.25	 1	 -42.3434	  173.6743
2.356	 2.88	 1	 -41.7283	  174.3630
2.357	 2.99	 1	 -42.3641	  174.0656
2.358	 2.40	 1	 -41.7069	  173.7104
2.359	 2.02	 2	 -41.4701	  174.4073
2.359	 2.22	 1	 -41.6654	  174.1486
2.360	 2.31	 1	 -42.4005	  173.3942
2.360	 2.44	 1	 -43.6718	  172.4371
2.360	 2.12	 1	 -41.7247	  174.3115
2.361	 2.70	 1	 -42.3803	  173.8830
2.362	 2.27	 1	 -41.6528	  174.3301
2.362	 2.41	 1	 -41.7564	  174.1402
2.363	 2.46	 1	 -43.5063	  175.2355
2.364	 2.61	 1	 -43.0214	  173.3071
2.365	 2.26	 1	 -42.1879	  173.9319
2.366	 2.34	 1	 -42.5657	  173.8548
2.366	 2.42	 1	 -42.5080	  173.4258
2.366	 2.10	 1	 -42.4709	  174.0982
2.366	 2.47	 1	 -41.8446	  173.9296
2.367	 2.23	 1	 -42.2858	  173.3644
2.368	 2.26	 3	 -41.6359	  174.3689
2.368	 2.15	 1	 -42.5192	  173.1181
2.368	 2.19	 1	 -43.5294	  170.3718
2.368	 2.61	 1	 -41.9895	  174.0281
2.369	 2.75	 1	 -42.0987	  173.9198
2.369	 2.21	 1	 -42.2766	  173.6508
2.369	 2.16	 1	 -42.5735	  173.1457
2.370	 2.02	 1	 -41.7993	  174.4261
2.370	 2.49	 1	 -42.3743	  173.6024
2.370	 2.03	 1	 -42.1620	  173.7810
2.370	 2.15	 1	 -41.7245	  174.2854
2.370	 2.71	 2	 -41.7132	  174.1585
2.370	 2.52	 2	 -41.7343	  174.2698
2.372	 2.49	 1	 -42.0515	  173.6339
2.372	 2.12	 2	 -42.3230	  174.0614
2.372	 2.10	 1	 -41.7366	  174.3181
2.373	 2.24	 2	 -41.7677	  174.2394
2.374	 2.22	 1	 -41.7434	  174.2337
2.376	 2.05	 1	 -40.9294	  172.2871
2.376	 2.19	 3	 -41.5664	  174.3967
2.376	 2.35	 3	 -41.3891	  174.0080
2.376	 2.15	 1	 -42.2630	  173.5455
2.377	 2.26	 1	 -42.3044	  173.4721
2.378	 2.29	 1	 -41.6830	  174.2638
2.378	 2.01	 1	 -42.6484	  173.0572
2.379	 2.17	 1	 -42.7061	  172.9415
2.382	 2.26	 1	 -43.1375	  174.0835
2.382	 2.45	 1	 -42.1479	  174.1154
2.382	 2.12	 1	 -42.5285	  173.0696
2.386	 2.00	 1	 -42.4203	  173.3818
2.386	 2.06	 1	 -42.3910	  173.1008
2.387	 2.28	 2	 -41.8687	  174.2163
2.387	 2.68	 1	 -42.5431	  172.6368
2.387	 2.78	 1	 -44.4728	  173.7558
2.387	 2.49	 1	 -41.7754	  174.3889
2.387	 2.12	 1	 -42.1292	  173.3755
2.388	 2.33	 1	 -41.8085	  174.2330
2.388	 2.41	 1	 -42.2757	  174.0643
2.389	 3.31	 3	 -41.6089	  174.3974
2.389	 2.59	 1	 -41.5551	  174.3828
2.389	 2.17	 3	 -41.6392	  174.3491
2.389	 2.13	 1	 -42.0301	  173.6705
2.390	 2.26	 2	 -41.0135	  175.0126
2.390	 2.28	 1	 -43.0751	  173.9137
2.390	 2.24	 2	 -41.7932	  174.0897
2.390	 2.99	 1	 -41.7266	  174.2024
2.391	 2.09	 1	 -42.0771	  173.7055
2.392	 2.33	 1	 -41.9955	  173.7658
2.392	 2.47	 1	 -41.5281	  174.2629
2.392	 2.14	 2	 -41.7977	  174.2088
2.393	 2.68	 1	 -42.4657	  173.1030
2.393	 2.61	 2	 -42.1149	  173.6124
2.393	 2.13	 1	 -42.2890	  174.7067
2.395	 2.36	 1	 -42.8061	  173.3572
2.395	 2.77	 1	 -41.7953	  174.0575
2.395	 2.33	 1	 -42.2772	  173.8805
2.395	 2.21	 1	 -43.0656	  173.8374
2.395	 2.19	 1	 -42.2087	  173.7649
2.396	 2.11	 1	 -41.6647	  174.1954
2.396	 2.18	 1	 -42.1691	  173.8178
2.397	 2.54	 1	 -42.5873	  172.7901
2.397	 3.18	 1	 -42.5146	  173.1281
2.398	 2.05	 2	 -41.7338	  174.3728
2.398	 2.13	 1	 -41.7973	  174.0109
2.399	 2.26	 1	 -41.8694	  174.1741
2.400	 2.19	 1	 -42.2558	  173.8165
2.400	 2.14	 1	 -42.2540	  174.0869
2.400	 2.20	 1	 -42.3810	  173.3690
2.400	 2.60	 1	 -42.5576	  173.0674
2.401	 2.20	 1	 -41.6073	  174.4514
2.401	 2.00	 1	 -42.6160	  173.7050
2.401	 2.14	 2	 -41.5471	  174.4487
2.401	 2.16	 2	 -42.1412	  173.7763
2.401	 2.00	 1	 -42.7981	  172.9936
2.402	 2.58	 1	 -42.0813	  173.7522
2.403	 2.39	 1	 -41.7246	  174.3888
2.403	 2.48	 1	 -42.6501	  173.0527
2.405	 2.77	 1	 -41.9633	  173.7506
2.405	 2.03	 1	 -38.9451	  170.7825
2.405	 3.55	 2	 -41.4365	  174.9611
2.406	 2.06	 1	 -41.9233	  173.6777
2.406	 3.38	 1	 -42.6944	  172.8558
2.406	 2.55	 1	 -42.8024	  173.0510
2.408	 2.35	 1	 -41.8346	  174.1569
2.410	 2.33	 1	 -41.9568	  173.6591
2.411	 2.19	 2	 -42.1692	  173.6375
2.411	 2.60	 1	 -41.6865	  174.1473
2.411	 2.06	 1	 -42.5101	  172.8246
2.411	 2.56	 1	 -42.7494	  172.7891
2.412	 2.27	 1	 -42.2503	  172.8482
2.412	 2.34	 1	 -42.7970	  173.1205
2.413	 2.26	 1	 -42.4878	  173.9292
2.413	 2.21	 2	 -42.0874	  173.5145
2.414	 2.95	 1	 -42.3461	  173.4399
2.414	 2.08	 2	 -41.4702	  174.4502
2.414	 2.30	 1	 -41.8208	  174.0249
2.415	 2.12	 1	 -42.3373	  173.5430
2.416	 2.43	 2	 -41.5088	  174.4101
2.416	 4.04	 1	 -42.6144	  172.9464
2.417	 2.58	 1	 -42.3922	  173.8490
2.417	 2.25	 2	 -42.3158	  173.7156
2.418	 2.04	 1	 -42.0905	  173.9294
2.418	 2.17	 2	 -42.5944	  172.9434
2.418	 2.04	 1	 -42.4166	  173.3408
2.418	 2.60	 1	 -43.3123	  173.7465
2.418	 2.17	 2	 -41.7494	  174.1099
2.419	 2.09	 2	 -42.3061	  173.0380
2.419	 2.28	 1	 -42.3337	  173.8983
2.419	 2.16	 1	 -42.5503	  172.9306
2.419	 2.12	 1	 -42.3073	  173.6609
2.420	 2.17	 1	 -41.6619	  174.2062
2.420	 2.72	 2	 -41.3499	  174.3553
2.421	 2.98	 1	 -42.4942	  173.0116
2.421	 2.19	 1	 -42.7196	  172.8352
2.421	 3.36	 1	 -41.0441	  175.6259
2.422	 2.37	 1	 -42.4350	  173.1206
2.422	 2.03	 2	 -41.7422	  174.3508
2.423	 2.80	 1	 -42.2746	  173.8495
2.424	 2.64	 1	 -42.3703	  173.2573
2.425	 2.09	 1	 -42.3677	  173.9930
2.425	 2.01	 1	 -42.3991	  172.9124
2.425	 2.10	 1	 -42.5141	  173.4230
2.425	 2.96	 2	 -41.9481	  174.0834
2.426	 2.77	 1	 -42.4179	  173.1183
2.426	 2.13	 1	 -42.8340	  174.0375
2.426	 2.53	 1	 -42.5533	  172.9699
2.427	 3.55	 1	 -42.4241	  173.1587
2.427	 2.04	 1	 -42.3810	  174.1735
2.428	 2.42	 1	 -41.6710	  174.1934
2.428	 2.19	 1	 -41.8392	  174.0366
2.429	 2.20	 1	 -42.3912	  173.8667
2.429	 2.40	 1	 -42.7882	  172.8088
2.430	 2.71	 1	 -42.3193	  173.7165
2.430	 2.03	 1	 -41.7141	  174.3601
2.431	 2.49	 2	 -42.3677	  172.7394
2.431	 2.09	 1	 -42.0884	  173.8596
2.431	 2.02	 1	 -42.2434	  173.6894
2.432	 2.58	 1	 -41.7561	  174.1558
2.432	 2.04	 1	 -42.3835	  174.0040
2.433	 2.06	 1	 -42.2804	  173.7798
2.433	 2.25	 1	 -42.2196	  173.0640
2.434	 2.37	 1	 -42.3678	  173.6682
2.436	 2.04	 1	 -41.8305	  174.1791
2.436	 2.65	 1	 -42.4714	  173.2646
2.437	 2.10	 1	 -41.7474	  174.2327
2.437	 2.09	 1	 -42.3400	  173.0639
2.438	 3.12	 1	 -42.4680	  173.0702
2.438	 2.19	 1	 -42.5815	  172.8791
2.439	 2.28	 2	 -41.8902	  174.2972
2.440	 2.36	 1	 -42.5999	  172.9332
2.441	 2.39	 1	 -41.9982	  173.6208
2.442	 2.46	 1	 -42.2803	  173.6266
2.442	 2.74	 1	 -41.6716	  174.4145
2.443	 2.42	 1	 -41.6364	  173.9314
2.444	 3.72	 1	 -41.3287	  174.6604
2.444	 2.30	 2	 -41.7245	  174.1202
2.445	 2.61	 1	 -41.6863	  174.2677
2.446	 2.18	 2	 -42.7009	  173.2474
2.446	 2.48	 1	 -41.8527	  177.7448
2.446	 2.23	 2	 -42.6996	  172.8640
2.448	 2.56	 1	 -42.3904	  173.1888
2.448	 2.99	 1	 -41.6819	  174.2419
2.448	 2.33	 1	 -44.9645	  174.7430
2.449	 2.39	 1	 -41.6904	  174.3944
2.450	 2.17	 2	 -42.5222	  173.3775
2.450	 2.31	 1	 -42.3046	  173.8339
2.451	 2.41	 2	 -42.5044	  173.0190
2.451	 2.04	 1	 -42.7722	  172.7776
2.451	 2.70	 1	 -42.4254	  173.5943
2.451	 2.10	 1	 -42.2194	  173.7621
2.452	 2.66	 1	 -42.2390	  173.6512
2.452	 2.51	 1	 -41.6889	  174.3624
2.453	 2.04	 1	 -42.4216	  171.2964
2.454	 2.14	 1	 -41.8859	  174.1113
2.454	 2.66	 1	 -42.5581	  173.2120
2.454	 3.11	 1	 -42.3859	  174.2812
2.454	 2.45	 1	 -42.2924	  173.0778
2.456	 2.42	 2	 -41.8709	  174.2080
2.456	 2.06	 2	 -42.2603	  173.6677
2.456	 2.28	 3	 -38.0079	  177.9947
2.456	 2.69	 1	 -41.7164	  174.3095
2.457	 2.01	 1	 -42.0850	  173.7068
2.457	 2.08	 1	 -42.3570	  174.8489
2.457	 3.13	 1	 -42.2360	  173.6785
2.457	 2.38	 1	 -41.7123	  174.2472
2.458	 2.00	 1	 -42.4433	  173.7984
2.460	 2.18	 1	 -42.3746	  172.9280
2.462	 2.27	 1	 -42.9014	  172.8226
2.462	 2.16	 1	 -42.3244	  172.9188
2.463	 2.39	 1	 -46.1021	  176.8193
2.464	 2.15	 2	 -41.5153	  174.3994
2.465	 2.50	 2	 -42.2360	  173.6809
2.465	 2.45	 1	 -42.2737	  173.4072
2.465	 2.39	 1	 -42.3708	  173.9631
2.465	 2.40	 2	 -41.8965	  174.1434
2.466	 2.71	 1	 -42.4495	  174.6718
2.466	 3.66	 1	 -42.2554	  173.7885
2.467	 2.07	 1	 -41.7399	  174.2344
2.468	 2.16	 1	 -42.3672	  174.0273
2.469	 2.17	 1	 -41.6095	  174.2268
2.470	 2.03	 1	 -41.9357	  173.8334
2.470	 2.12	 1	 -42.6028	  173.1330
2.471	 2.54	 2	 -41.4855	  174.4159
2.471	 2.33	 1	 -42.7033	  173.6007
2.472	 2.05	 1	 -42.1119	  173.6678
2.473	 2.17	 3	 -41.4096	  174.4574
2.473	 2.56	 1	 -42.5231	  173.2165
2.474	 3.11	 1	 -42.4390	  173.3464
2.474	 3.00	 1	 -42.1846	  173.5646
2.475	 2.02	 2	 -41.9659	  173.7669
2.475	 2.72	 1	 -42.8975	  172.5538
2.475	 3.77	 2	 -41.7898	  174.2245
2.475	 2.22	 1	 -42.5240	  173.3087
2.475	 2.20	 1	 -41.6466	  174.2210
2.475	 2.03	 1	 -42.4123	  173.8123
2.476	 2.57	 1	 -41.8176	  174.1987
2.477	 2.64	 1	 -41.7676	  174.0114
2.477	 2.09	 1	 -42.0136	  173.7591
2.477	 3.15	 2	 -41.8523	  174.2075
2.478	 2.14	 2	 -41.5548	  174.3634
2.479	 2.06	 1	 -42.1090	  173.5638
2.479	 2.26	 1	 -38.5606	  174.9908
2.479	 2.17	 1	 -42.1301	  173.5289
2.480	 2.20	 1	 -42.5818	  173.0839
2.481	 2.19	 1	 -42.3605	  174.1032
2.481	 2.08	 1	 -41.9059	  173.7123
2.481	 2.28	 1	 -42.2341	  172.0352
2.482	 2.21	 1	 -41.7253	  174.1961
2.482	 2.43	 1	 -42.7529	  173.2187
2.484	 2.26	 1	 -42.6065	  173.0075
2.484	 3.24	 1	 -42.5497	  173.8076
2.485	 2.24	 1	 -42.1644	  173.5427
2.485	 2.13	 1	 -41.7518	  174.5940
2.485	 2.71	 1	 -42.4951	  173.1298
2.485	 2.76	 1	 -42.5090	  173.1421
2.486	 4.34	 1	 -42.3308	  173.8687
2.486	 2.01	 1	 -42.0788	  173.7688
2.488	 2.98	 1	 -42.5587	  173.0973
2.488	 2.84	 2	 -42.6444	  173.1338
2.489	 2.43	 1	 -42.2898	  173.7875
2.489	 2.06	 1	 -41.7433	  174.3046
2.490	 2.58	 1	 -42.5719	  174.0683
2.490	 2.18	 1	 -43.8147	  178.6092
2.491	 2.25	 1	 -42.5495	  173.1700
2.492	 2.82	 1	 -42.2610	  173.7391
2.492	 3.13	 1	 -41.7526	  174.2621
2.492	 2.61	 1	 -41.7212	  174.2730
2.492	 3.01	 1	 -41.8358	  174.2791
2.492	 2.11	 1	 -42.3488	  173.7876
2.493	 2.01	 1	 -41.8664	  172.2266
2.493	 2.31	 1	 -42.3815	  173.5130
2.494	 2.10	 2	 -41.7091	  174.1655
2.494	 2.26	 2	 -42.4416	  173.7788
2.495	 2.21	 1	 -41.7750	  173.9807
2.495	 2.34	 1	 -42.5394	  173.6954
2.495	 2.05	 2	 -41.8734	  173.9158
2.495	 2.86	 1	 -44.0386	  175.7418
2.495	 2.87	 1	 -42.0937	  173.5302
2.496	 2.62	 1	 -42.3036	  173.6935
2.498	 2.06	 1	 -42.3156	  174.0691
2.499	 2.31	 1	 -42.4518	  173.1661
2.499	 2.76	 1	 -41.7654	  174.3851
2.499	 2.07	 1	 -41.8541	  174.1687
2.500	 2.45	 1	 -42.3196	  173.1642
2.500	 2.36	 1	 -41.6185	  174.1698
2.500	 2.22	 1	 -41.7766	  174.2604
2.500	 2.30	 1	 -42.0026	  173.3417
2.500	 2.67	 1	 -42.5553	  173.0725
2.500	 2.61	 1	 -42.5270	  173.7910
2.501	 2.48	 1	 -42.0309	  173.8931
2.501	 2.66	 1	 -42.5002	  173.1677
2.501	 2.03	 1	 -42.2644	  173.7323
2.502	 2.51	 1	 -42.3041	  173.6575
2.503	 2.94	 1	 -42.4483	  173.7469
2.504	 2.84	 1	 -42.3014	  173.8624
2.504	 2.05	 2	 -42.1393	  173.5117
2.504	 2.21	 2	 -42.3146	  173.7059
2.504	 2.10	 1	 -42.2293	  173.6731
2.504	 2.49	 1	 -42.1931	  173.8634
2.504	 2.08	 1	 -41.8004	  174.2419
2.504	 2.19	 1	 -42.6487	  172.7899
2.505	 2.04	 1	 -41.7792	  174.4878
2.505	 2.29	 2	 -41.5190	  174.3924
2.505	 2.09	 1	 -41.6904	  174.6579
2.506	 2.95	 1	 -42.3395	  174.0133
2.506	 2.17	 2	 -41.9328	  174.1643
2.506	 2.25	 1	 -41.7508	  174.3552
2.506	 2.20	 2	 -41.4771	  174.4765
2.507	 3.23	 1	 -42.2648	  173.6505
2.507	 2.07	 1	 -42.3372	  174.0492
2.507	 2.00	 1	 -41.9222	  174.0304
2.507	 2.14	 2	 -42.3436	  173.8662
2.507	 2.24	 1	 -41.9741	  173.7221
2.507	 2.33	 1	 -42.2962	  173.7278
2.508	 2.34	 1	 -43.2244	  173.2411
2.508	 2.19	 1	 -41.5205	  174.1536
2.508	 2.53	 1	 -40.6421	  173.6620
2.508	 3.03	 1	 -41.7059	  174.2230
2.509	 3.04	 1	 -41.9786	  173.6724
2.509	 2.65	 1	 -42.2745	  173.6556
2.510	 2.31	 1	 -42.3924	  173.2335
2.510	 2.09	 1	 -42.5408	  172.8423
2.511	 3.07	 1	 -42.7896	  172.9098
2.511	 2.52	 1	 -41.7288	  174.3098
2.511	 2.14	 1	 -42.4972	  173.0602
2.512	 2.30	 1	 -42.6140	  173.1361
2.513	 2.92	 1	 -42.4971	  173.0065
2.514	 2.04	 1	 -42.2284	  173.2709
2.516	 2.32	 1	 -42.8296	  173.3327
2.516	 2.01	 1	 -41.5394	  174.3939
2.517	 2.35	 1	 -42.3060	  173.6850
2.517	 2.33	 1	 -43.8790	  174.1063
2.519	 2.31	 1	 -42.6679	  173.0508
2.520	 2.61	 1	 -42.0722	  173.4354
2.520	 2.36	 1	 -41.6829	  174.4387
2.520	 2.16	 1	 -42.2844	  173.4155
2.521	 2.38	 1	 -42.3302	  174.0478
2.521	 2.33	 1	 -42.4413	  173.7357
2.521	 2.17	 1	 -42.1238	  173.5309
2.521	 2.03	 1	 -42.0381	  173.6895
2.522	 2.35	 1	 -41.7683	  174.2186
2.522	 2.18	 1	 -41.7339	  174.1880
2.522	 3.14	 1	 -42.6303	  172.8961
2.523	 2.23	 1	 -42.0957	  173.7771
2.525	 2.61	 1	 -42.1835	  173.6808
2.526	 2.10	 1	 -42.8751	  173.0202
2.526	 2.37	 1	 -41.8146	  174.0853
2.526	 2.06	 1	 -42.1066	  172.8204
2.526	 2.80	 1	 -42.2681	  173.1333
2.527	 2.31	 1	 -41.7315	  174.2653
2.527	 2.57	 1	 -42.7528	  173.2122
2.528	 2.21	 1	 -42.2507	  173.4132
2.529	 2.45	 1	 -41.5535	  174.0387
2.529	 2.09	 1	 -42.6544	  173.9881
2.529	 2.17	 1	 -42.4055	  174.7135
2.530	 2.06	 1	 -42.2992	  173.6772
2.530	 2.07	 1	 -42.2883	  173.9288
2.530	 2.15	 1	 -41.7317	  174.1123
2.531	 2.13	 1	 -42.5671	  174.1093
2.532	 2.41	 1	 -41.9392	  173.3538
2.533	 2.29	 1	 -42.3557	  173.1883
2.533	 3.15	 2	 -42.5105	  172.8244
2.535	 2.22	 3	 -41.3166	  173.9644
2.535	 2.52	 1	 -41.7778	  174.2569
2.536	 2.25	 1	 -41.4962	  174.8561
2.536	 2.02	 1	 -42.6021	  172.9529
2.537	 3.16	 1	 -42.2751	  174.5352
2.537	 2.14	 1	 -41.5983	  173.6824
2.538	 3.16	 2	 -42.3533	  173.8836
2.538	 2.23	 1	 -41.9850	  174.0567
2.540	 4.25	 1	 -42.4406	  174.0695
2.540	 3.24	 1	 -42.0708	  174.2863
2.542	 2.16	 1	 -42.5795	  173.0593
2.542	 2.44	 1	 -41.6857	  174.3025
2.543	 2.14	 1	 -42.2417	  172.4984
2.544	 2.69	 3	 -41.5663	  174.4134
2.544	 3.55	 1	 -41.7803	  174.2899
2.546	 3.04	 1	 -41.8373	  174.1106
2.547	 2.01	 1	 -42.4655	  171.8832
2.548	 3.73	 1	 -42.4231	  173.7203
2.549	 2.84	 2	 -42.6993	  172.8639
2.552	 2.34	 1	 -42.0938	  173.5194
2.552	 2.03	 1	 -42.4123	  173.5704
2.553	 2.93	 1	 -41.9470	  173.8305
2.553	 2.54	 1	 -42.1944	  173.8243
2.554	 3.04	 1	 -41.9331	  173.9554
2.555	 2.19	 1	 -42.3139	  173.6019
2.555	 2.56	 1	 -42.1162	  173.4223
2.555	 2.32	 1	 -41.8314	  173.9931
2.555	 3.06	 1	 -41.7810	  174.2133
2.555	 2.57	 1	 -41.6657	  174.2254
2.556	 2.59	 1	 -41.9931	  173.7775
2.556	 2.73	 2	 -42.6917	  172.2862
2.557	 2.48	 1	 -42.5309	  173.4074
2.557	 2.66	 1	 -41.7248	  174.2794
2.558	 2.02	 1	 -41.9512	  173.6291
2.558	 3.01	 1	 -42.1937	  174.0515
2.559	 2.66	 1	 -46.8399	  174.9138
2.560	 2.97	 1	 -42.5501	  173.9682
2.560	 2.80	 1	 -41.7380	  174.3110
2.560	 2.66	 2	 -41.4773	  174.4579
2.561	 2.38	 1	 -42.6271	  173.8736
2.561	 2.49	 1	 -42.5291	  173.2081
2.561	 2.45	 1	 -42.3620	  173.8058
2.562	 2.69	 1	 -42.0177	  173.7730
2.562	 2.44	 1	 -42.4217	  173.1293
2.563	 2.01	 1	 -43.6757	  173.0013
2.564	 2.13	 1	 -42.6382	  172.7822
2.565	 2.18	 1	 -41.7505	  174.2723
2.566	 2.64	 1	 -42.2097	  173.6679
2.567	 2.12	 1	 -41.7316	  174.4544
2.568	 2.55	 1	 -42.4268	  174.0026
2.569	 2.48	 1	 -41.7662	  171.6688
2.569	 2.34	 1	 -42.4589	  172.8759
2.570	 3.03	 1	 -41.8183	  174.2676
2.571	 2.70	 1	 -42.6752	  172.6772
2.572	 2.74	 1	 -42.8214	  173.1157
2.573	 2.33	 2	 -42.4457	  173.7218
2.573	 2.51	 2	 -42.3539	  173.8238
2.574	 3.57	 1	 -38.7598	  169.7692
2.574	 2.19	 2	 -41.8432	  174.2069
2.575	 2.71	 1	 -41.6638	  174.2189
2.575	 2.09	 1	 -41.7166	  174.2294
2.576	 2.25	 1	 -42.6851	  172.7676
2.576	 2.23	 1	 -42.3150	  173.5334
2.577	 2.32	 1	 -42.6122	  172.9423
2.577	 2.18	 1	 -42.4008	  173.6680
2.577	 2.00	 1	 -41.9889	  173.6381
2.579	 2.89	 1	 -42.5701	  173.1283
2.580	 2.29	 1	 -41.6808	  174.2596
2.581	 2.23	 1	 -41.5500	  174.2204
2.581	 2.33	 1	 -42.0261	  173.8861
2.582	 2.49	 1	 -42.2876	  173.6963
2.583	 2.77	 1	 -42.9378	  173.1997
2.583	 2.73	 1	 -42.2221	  173.4179
2.583	 2.21	 2	 -41.4937	  174.3815
2.584	 2.39	 1	 -42.3623	  173.0924
2.585	 2.47	 1	 -42.1719	  173.5915
2.585	 2.10	 1	 -42.5126	  173.5890
2.585	 3.67	 1	 -41.8467	  174.2574
2.585	 2.40	 1	 -41.9124	  174.0833
2.586	 2.42	 1	 -42.4880	  173.6533
2.586	 2.11	 2	 -42.5094	  170.9900
2.586	 2.63	 1	 -41.7852	  174.2350
2.587	 2.12	 2	 -41.9996	  173.7312
2.588	 2.35	 1	 -41.6075	  174.1531
2.589	 3.11	 1	 -42.0388	  170.6849
2.590	 2.18	 1	 -42.2478	  173.6150
2.590	 2.80	 1	 -41.6948	  174.2175
2.591	 2.05	 1	 -41.6015	  174.2012
2.591	 2.18	 2	 -42.3374	  174.0135
2.591	 2.08	 1	 -42.3296	  173.7411
2.592	 2.48	 1	 -42.2486	  173.6651
2.592	 2.05	 1	 -41.7969	  174.3040
2.592	 2.49	 1	 -42.3707	  173.9188
2.592	 2.45	 1	 -42.3547	  174.0270
2.593	 2.43	 1	 -41.7663	  174.3923
2.593	 2.41	 1	 -41.9768	  174.1134
2.593	 2.11	 2	 -42.5010	  173.0832
2.593	 2.10	 1	 -42.4452	  173.1340
2.594	 2.18	 1	 -41.6594	  174.2137
2.594	 2.18	 2	 -42.4403	  174.0854
2.594	 2.14	 1	 -41.7184	  174.3233
2.594	 2.46	 1	 -42.1877	  173.8387
2.595	 2.15	 1	 -42.4366	  173.0551
2.595	 2.18	 1	 -42.9301	  173.8873
2.597	 3.01	 3	 -41.7254	  174.1308
2.599	 2.15	 1	 -42.4653	  173.0584
2.600	 2.76	 1	 -42.3538	  173.4999
2.600	 2.08	 1	 -42.0080	  173.6796
2.601	 2.00	 1	 -42.3175	  173.1156
2.603	 2.35	 1	 -42.5812	  173.2216
2.603	 2.18	 1	 -42.7639	  176.0677
2.604	 2.21	 1	 -42.4867	  173.1979
2.606	 2.18	 1	 -42.2765	  173.6582
2.606	 2.07	 1	 -42.3718	  173.2687
2.607	 2.00	 1	 -41.7340	  174.1972
2.607	 2.19	 1	 -43.4176	  173.3895
2.607	 3.52	 1	 -42.5140	  173.9798
2.607	 3.40	 1	 -41.7440	  174.1723
2.609	 2.53	 1	 -42.0650	  173.7423
2.609	 2.60	 1	 -41.7093	  174.4194
2.610	 2.02	 1	 -41.6879	  174.2009
2.610	 2.26	 1	 -42.5534	  173.2874
2.610	 2.37	 1	 -42.7913	  173.0043
2.610	 2.20	 2	 -38.8002	  169.7327
2.610	 2.19	 1	 -42.5830	  173.1665
2.611	 2.72	 1	 -42.3922	  174.0764
2.612	 2.32	 1	 -41.6790	  174.2287
2.612	 2.06	 1	 -42.4477	  173.8358
2.613	 2.35	 1	 -41.5149	  174.1259
2.613	 2.25	 1	 -41.5828	  174.4404
2.614	 2.17	 1	 -42.1587	  172.9848
2.614	 2.05	 1	 -42.5797	  173.0279
2.615	 2.40	 1	 -41.7645	  174.4251
2.616	 2.10	 2	 -41.7621	  174.1535
2.616	 2.45	 1	 -42.1949	  173.7178
2.617	 2.14	 1	 -42.2074	  173.6896
2.617	 2.35	 1	 -42.3216	  173.7488
2.617	 2.09	 1	 -42.6728	  172.7564
2.617	 2.02	 1	 -42.3285	  173.8490
2.617	 2.08	 1	 -41.6771	  174.2503
2.618	 2.11	 1	 -41.6171	  174.4943
2.618	 2.28	 1	 -42.2788	  173.5642
2.619	 2.50	 1	 -41.7144	  174.2983
2.619	 2.87	 1	 -41.6988	  174.1850
2.620	 2.57	 2	 -42.6432	  172.9724
2.620	 2.55	 1	 -41.9665	  174.0241
2.621	 2.18	 1	 -41.8569	  174.7628
2.623	 2.37	 1	 -41.7542	  174.2521
2.624	 2.02	 1	 -42.3787	  172.9932
2.625	 3.24	 1	 -41.8274	  174.4696
2.625	 2.25	 1	 -42.3301	  173.7352
2.626	 3.82	 1	 -42.4037	  173.1646
2.626	 2.08	 1	 -42.3736	  173.4807
2.627	 2.23	 1	 -42.4499	  172.9565
2.628	 2.13	 1	 -42.3839	  174.0679
2.628	 2.15	 1	 -42.1619	  173.5544
2.628	 2.55	 1	 -42.4406	  173.0483
2.629	 2.40	 2	 -42.3946	  174.0314
2.629	 2.19	 1	 -42.7062	  173.3302
2.630	 2.55	 1	 -42.3506	  173.7599
2.631	 2.36	 1	 -41.6815	  174.2215
2.631	 2.10	 1	 -42.7152	  173.4232
2.631	 2.37	 1	 -42.7840	  172.7597
2.632	 2.37	 1	 -42.4886	  173.1096
2.632	 2.39	 1	 -42.6604	  172.7888
2.633	 2.13	 1	 -42.3045	  173.7027
2.634	 2.29	 2	 -42.1810	  173.6990
2.634	 2.17	 1	 -41.7814	  174.4129
2.634	 2.57	 2	 -42.3814	  173.8822
2.634	 2.02	 2	 -42.4278	  173.7194
2.636	 2.41	 1	 -42.0647	  172.9240
2.637	 2.42	 1	 -42.4494	  173.6543
2.638	 2.01	 1	 -42.5182	  173.7776
2.638	 2.81	 1	 -41.4397	  174.1375
2.639	 2.45	 1	 -42.5548	  172.9657
2.639	 2.79	 1	 -42.4066	  173.5997
2.640	 2.33	 1	 -41.6176	  174.7229
2.641	 2.19	 1	 -42.3537	  171.0251
2.641	 2.18	 1	 -41.6863	  174.3098
2.641	 2.03	 1	 -41.8041	  174.2051
2.642	 2.13	 1	 -42.4068	  173.7445
2.642	 2.12	 1	 -42.6478	  172.9909
2.642	 2.01	 2	 -41.6812	  174.2408
2.644	 2.08	 1	 -42.3403	  173.7284
2.644	 2.04	 1	 -42.0846	  173.8010
2.644	 2.00	 1	 -41.7796	  174.4647
2.646	 2.42	 1	 -41.9490	  173.9937
2.647	 2.19	 2	 -42.5308	  170.9573
2.647	 2.03	 1	 -42.1985	  173.4929
2.647	 2.22	 1	 -42.4678	  173.6402
2.648	 3.08	 1	 -42.7298	  173.0466
2.648	 2.08	 1	 -41.7905	  174.2075
2.650	 2.04	 1	 -42.0009	  173.7737
2.651	 2.02	 1	 -42.6278	  172.8980
2.652	 2.06	 1	 -42.0503	  173.7910
2.654	 2.49	 1	 -43.9326	  173.1155
2.654	 2.13	 1	 -42.6591	  172.9048
2.655	 2.17	 1	 -42.6016	  172.8444
2.656	 2.22	 1	 -41.8191	  174.1773
2.656	 2.30	 1	 -41.7542	  174.2356
2.656	 3.25	 1	 -42.4273	  173.6047
2.657	 2.11	 1	 -42.5707	  172.3365
2.658	 2.02	 1	 -42.5384	  173.7291
2.658	 2.38	 1	 -42.4146	  173.7631
2.658	 2.67	 1	 -42.0543	  173.7684
2.658	 2.93	 1	 -41.6989	  174.2607
2.659	 2.08	 1	 -41.8681	  174.3481
2.659	 2.94	 1	 -44.7315	  178.7822
2.661	 2.67	 2	 -42.8693	  173.5531
2.662	 2.25	 1	 -42.2081	  174.2602
2.663	 2.09	 1	 -41.7563	  174.1912
2.663	 2.05	 1	 -42.5881	  172.8500
2.664	 2.54	 1	 -42.6051	  173.1463
2.664	 2.25	 1	 -42.3577	  173.8592
2.664	 2.12	 1	 -42.5228	  172.9916
2.665	 2.45	 1	 -41.7083	  174.2633
2.665	 3.91	 1	 -42.4856	  173.2297
2.666	 2.04	 1	 -41.7803	  174.2905
2.666	 2.53	 1	 -42.2516	  173.7109
2.667	 2.02	 1	 -41.6335	  174.2905
2.667	 2.99	 1	 -42.4913	  173.1418
2.667	 2.08	 1	 -42.3532	  173.2892
2.668	 2.24	 2	 -42.2802	  174.5432
2.669	 3.46	 2	 -42.4030	  173.1614
2.669	 4.10	 2	 -41.5224	  174.4233
2.670	 2.67	 1	 -41.7432	  174.3360
2.670	 2.03	 2	 -41.4996	  174.6185
2.670	 2.23	 1	 -41.4921	  174.3753
2.670	 2.26	 1	 -41.7924	  174.2551
2.671	 2.24	 1	 -42.2997	  173.8260
2.671	 2.06	 1	 -41.6459	  174.3088
2.672	 2.09	 2	 -42.5605	  173.1419
2.673	 2.80	 1	 -42.6743	  172.7707
2.675	 2.51	 2	 -42.3885	  174.2818
2.676	 2.23	 1	 -41.7715	  174.1885
2.677	 2.50	 2	 -42.4592	  174.0965
2.678	 2.55	 1	 -41.8673	  174.0028
2.678	 2.46	 1	 -42.2313	  173.6210
2.679	 2.18	 1	 -38.2823	  170.2379
2.680	 2.29	 1	 -42.3077	  173.7157
2.680	 2.10	 1	 -42.4060	  173.8176
2.680	 2.82	 1	 -41.7374	  174.3589
2.680	 2.52	 1	 -42.2576	  173.6548
2.681	 2.59	 1	 -40.8386	  171.1471
2.681	 2.23	 1	 -41.6125	  173.5099
2.681	 2.39	 1	 -41.6956	  174.2569
2.682	 2.07	 1	 -41.6379	  174.1839
2.682	 2.21	 1	 -43.1129	  174.8761
2.683	 2.37	 1	 -42.2076	  173.2941
2.683	 2.27	 1	 -42.5676	  173.3198
2.684	 3.01	 1	 -42.4484	  173.9432
2.685	 2.53	 1	 -41.8064	  174.2089
2.686	 2.71	 1	 -41.7387	  174.3989
2.686	 3.00	 1	 -41.7201	  174.1467
2.687	 3.18	 1	 -41.0662	  168.2827
2.688	 2.12	 1	 -42.3505	  173.6223
2.690	 3.18	 3	 -41.5314	  174.4208
2.690	 3.73	 1	 -41.9912	  174.0775
2.691	 2.11	 1	 -42.0540	  173.6320
2.692	 3.23	 2	 -41.4628	  174.3906
2.692	 2.52	 1	 -42.5371	  174.3568
2.692	 2.57	 1	 -42.4496	  173.2453
2.692	 2.14	 1	 -43.0024	  173.6508
2.693	 2.02	 3	 -41.7921	  174.2301
2.693	 3.58	 1	 -41.8571	  173.9406
2.693	 2.25	 2	 -42.3689	  173.5616
2.693	 2.36	 1	 -42.1697	  173.4922
2.694	 2.05	 3	 -41.5820	  174.4144
2.694	 2.16	 2	 -42.1429	  173.4294
2.694	 2.24	 1	 -41.7794	  174.1736
2.694	 2.97	 1	 -42.7325	  173.0986
2.694	 2.11	 1	 -42.6862	  173.0568
2.696	 2.02	 1	 -41.5922	  174.1491
2.696	 4.38	 1	 -41.6934	  174.3122
2.697	 2.07	 1	 -41.7279	  174.3351
2.698	 2.17	 1	 -42.2528	  173.8215
2.698	 2.80	 2	 -42.6307	  172.9579
2.699	 2.06	 1	 -41.7621	  174.3909
2.701	 2.81	 1	 -42.3219	  173.6641
2.701	 2.08	 1	 -41.6859	  174.3062
2.701	 2.73	 1	 -42.7536	  173.0427
2.701	 3.40	 1	 -42.4271	  173.2730
2.702	 2.59	 1	 -44.6785	  172.0560
2.702	 2.27	 1	 -42.2944	  173.8649
2.702	 2.38	 1	 -42.2538	  173.7029
2.702	 2.16	 1	 -42.3562	  173.8671
2.703	 3.02	 1	 -42.3581	  173.7081
2.704	 2.44	 1	 -41.7917	  174.0682
2.704	 2.60	 1	 -42.5784	  173.1176
2.705	 2.03	 1	 -42.0813	  174.2525
2.707	 3.60	 1	 -42.5803	  173.1098
2.707	 3.08	 1	 -42.0439	  173.9804
2.708	 2.25	 1	 -41.4406	  173.6052
2.708	 2.11	 1	 -42.5126	  173.1760
2.708	 2.36	 1	 -42.3869	  174.7896
2.709	 2.32	 1	 -42.1677	  173.6254
2.709	 2.32	 1	 -42.3917	  172.7849
2.709	 2.00	 1	 -42.5531	  173.9926
2.709	 2.95	 2	 -41.8332	  173.9514
2.710	 2.96	 1	 -42.6522	  172.9763
2.710	 2.54	 1	 -42.2106	  173.6581
2.710	 2.50	 2	 -41.8782	  174.2333
2.712	 2.23	 2	 -41.9343	  173.9568
2.712	 2.18	 1	 -42.0044	  173.5506
2.713	 2.21	 1	 -42.2193	  173.6424
2.713	 2.01	 1	 -42.4557	  173.2122
2.714	 2.50	 1	 -42.5017	  173.8018
2.714	 2.18	 1	 -42.2668	  173.9086
2.715	 3.25	 1	 -42.2350	  173.9914
2.715	 2.03	 1	 -42.3110	  174.2071
2.716	 2.36	 1	 -42.0378	  173.8415
2.716	 2.36	 1	 -42.5172	  173.8454
2.717	 4.08	 1	 -42.1186	  172.8978
2.717	 2.26	 1	 -42.6768	  172.7916
2.717	 2.23	 1	 -42.2745	  173.7527
2.718	 2.21	 2	 -41.7015	  174.2951
2.718	 2.00	 1	 -42.3532	  173.0279
2.719	 2.17	 1	 -41.7080	  174.3697
2.719	 3.07	 1	 -42.2926	  173.7703
2.719	 2.51	 1	 -40.2740	  173.7721
2.720	 2.76	 1	 -41.9370	  173.9574
2.720	 2.90	 1	 -42.0072	  173.7159
2.720	 2.47	 1	 -42.5381	  173.2046
2.721	 2.10	 1	 -41.6995	  174.3140
2.721	 2.15	 1	 -41.9797	  174.2693
2.722	 2.59	 1	 -42.2258	  173.6395
2.722	 2.21	 1	 -42.4062	  172.5662
2.722	 2.09	 2	 -42.4765	  173.2139
2.722	 2.51	 2	 -41.6721	  174.2832
2.725	 2.25	 1	 -42.5662	  173.2471
2.725	 2.57	 1	 -41.4676	  175.2908
2.725	 2.46	 1	 -42.3522	  173.6704
2.727	 2.35	 1	 -42.5209	  172.8886
2.728	 2.88	 1	 -42.3179	  174.5912
2.728	 2.14	 1	 -42.6114	  172.9791
2.729	 2.19	 1	 -41.6721	  174.2861
2.730	 2.22	 1	 -43.3147	  172.5367
2.731	 2.02	 1	 -42.4198	  173.4109
2.733	 2.45	 1	 -42.6293	  173.0428
2.734	 2.17	 1	 -41.7396	  174.2812
2.734	 2.07	 1	 -42.5641	  172.9750
2.734	 2.20	 1	 -42.2899	  173.5732
2.735	 2.21	 1	 -42.4042	  173.9135
2.736	 2.08	 1	 -41.9574	  174.0439
2.736	 2.26	 1	 -42.0338	  173.6972
2.739	 2.09	 1	 -41.7755	  174.2937
2.739	 2.11	 1	 -42.2330	  173.5490
2.740	 2.37	 1	 -42.1838	  173.6442
2.741	 2.30	 1	 -42.6024	  172.7804
2.741	 2.11	 1	 -41.5423	  174.4047
2.742	 2.49	 2	 -42.1252	  172.8891
2.743	 2.65	 1	 -42.4484	  172.8777
2.743	 3.16	 1	 -41.9767	  174.0818
2.744	 2.29	 1	 -42.5518	  173.0717
2.744	 2.37	 1	 -42.3835	  173.9393
2.744	 2.57	 1	 -41.8192	  174.0739
2.746	 2.15	 2	 -41.5191	  174.3767
2.746	 2.26	 1	 -41.7533	  174.2825
2.747	 2.61	 1	 -42.5867	  173.2800
2.748	 2.01	 1	 -41.7115	  174.2100
2.748	 2.58	 1	 -42.4871	  173.1314
2.749	 2.47	 1	 -41.4994	  173.9090
2.749	 2.16	 1	 -42.3820	  173.8446
2.749	 2.50	 1	 -42.2427	  173.8880
2.750	 2.53	 1	 -42.5017	  172.5588
2.750	 2.37	 2	 -41.7237	  174.3445
2.753	 2.99	 1	 -42.3666	  173.9455
2.753	 2.23	 1	 -41.6573	  174.2667
2.753	 2.24	 1	 -42.6761	  172.3223
2.755	 2.22	 1	 -41.6754	  174.2614
2.757	 3.03	 1	 -42.6041	  172.8860
2.757	 2.32	 1	 -42.0507	  173.6065
2.758	 2.18	 1	 -42.4945	  173.2904
2.758	 2.00	 1	 -41.5137	  174.3782
2.758	 2.72	 1	 -43.2567	  172.4005
2.758	 2.72	 2	 -42.4150	  173.1131
2.760	 2.75	 1	 -42.2902	  174.0028
2.761	 2.68	 1	 -42.4414	  172.9818
2.761	 2.43	 1	 -42.5868	  172.8049
2.762	 2.11	 1	 -42.7367	  173.0640
2.762	 2.03	 1	 -42.1448	  172.4977
2.763	 2.04	 1	 -41.9095	  174.1073
2.763	 2.07	 1	 -42.1260	  173.8324
2.764	 2.14	 1	 -41.7954	  174.1918
2.764	 2.92	 1	 -42.1869	  173.5553
2.764	 2.29	 1	 -42.3654	  173.0446
2.764	 2.12	 2	 -38.5884	  175.6387
2.765	 2.51	 3	 -41.4887	  174.1745
2.766	 2.11	 1	 -41.5651	  174.4146
2.766	 2.28	 1	 -42.3813	  173.6562
2.766	 2.06	 2	 -42.3683	  173.4721
2.767	 2.50	 1	 -41.9641	  173.6777
2.768	 3.17	 1	 -41.5782	  174.2032
2.768	 2.61	 2	 -41.6664	  174.3378
2.769	 2.27	 2	 -42.0387	  173.9258
2.769	 3.99	 1	 -41.9427	  174.0636
2.770	 2.28	 1	 -41.6508	  174.1699
2.770	 2.24	 1	 -42.2081	  173.6517
2.771	 2.78	 1	 -42.5493	  173.9617
2.771	 2.11	 1	 -42.5209	  173.0859
2.773	 2.60	 1	 -41.7140	  174.3165
2.773	 2.00	 1	 -42.4616	  173.1650
2.774	 2.16	 1	 -42.6248	  173.2297
2.775	 2.69	 1	 -42.4947	  173.1823
2.775	 2.37	 1	 -41.8633	  174.1576
2.775	 2.81	 2	 -41.7937	  174.3400
2.776	 2.72	 1	 -41.7556	  174.1999
2.778	 3.10	 3	 -41.6196	  174.3848
2.778	 2.53	 1	 -42.3671	  173.3714
2.778	 2.39	 2	 -41.5349	  174.3957
2.778	 2.05	 1	 -41.6743	  174.3373
2.779	 3.89	 2	 -42.4774	  173.0423
2.779	 2.19	 1	 -41.7769	  174.4147
2.779	 3.25	 1	 -41.9812	  173.9059
2.780	 2.17	 3	 -43.1141	  173.3043
2.781	 2.61	 1	 -42.5611	  173.1400
2.781	 2.04	 1	 -41.6983	  174.3163
2.781	 3.06	 1	 -42.6121	  173.3076
2.782	 2.84	 1	 -42.2890	  173.6672
2.782	 2.40	 1	 -42.4367	  174.0790
2.785	 2.28	 1	 -42.3165	  173.0936
2.785	 2.08	 1	 -42.6454	  173.0486
2.786	 2.08	 1	 -42.6217	  172.9445
2.787	 2.00	 1	 -42.2747	  173.0515
2.787	 2.23	 1	 -42.5527	  174.1091
2.787	 2.02	 1	 -43.5718	  179.0457
2.787	 2.84	 1	 -41.8849	  173.0097
2.788	 2.98	 1	 -42.0705	  173.7607
2.790	 2.32	 1	 -38.5246	  170.2910
2.790	 2.29	 1	 -41.7575	  174.2948
2.790	 2.18	 2	 -42.5232	  170.9807
2.790	 2.01	 1	 -41.4276	  174.5702
2.793	 2.12	 1	 -43.1367	  173.9585
2.793	 2.08	 1	 -42.1327	  173.6757
2.794	 2.46	 1	 -42.5128	  174.0205
2.796	 2.89	 1	 -41.9444	  174.0294
2.796	 3.33	 1	 -41.9829	  173.8620
2.797	 2.28	 1	 -41.4564	  174.3467
2.797	 2.75	 2	 -41.0437	  175.6231
2.798	 2.10	 1	 -42.3064	  173.5831
2.799	 2.01	 2	 -42.3634	  173.6874
2.799	 2.03	 1	 -41.5480	  173.6950
2.800	 2.79	 2	 -41.8407	  173.9263
2.800	 3.28	 1	 -42.0333	  173.8013
2.801	 2.09	 1	 -46.1178	  174.1089
2.802	 3.19	 1	 -41.5535	  174.4537
2.802	 2.00	 1	 -42.2653	  173.7014
2.803	 3.80	 1	 -41.7034	  174.3111
2.803	 2.06	 1	 -41.7196	  174.2449
2.804	 2.34	 1	 -42.7074	  173.4225
2.804	 2.03	 1	 -41.7685	  174.2049
2.805	 2.03	 1	 -42.5011	  173.2202
2.805	 2.86	 2	 -42.5689	  174.0712
2.806	 2.65	 1	 -42.2975	  173.6240
2.807	 2.28	 1	 -41.7753	  174.0721
2.807	 2.15	 2	 -42.4210	  173.3821
2.807	 2.09	 1	 -41.8377	  174.2701
2.808	 2.87	 1	 -42.2568	  173.6993
2.808	 2.94	 1	 -42.2452	  172.5321
2.808	 2.61	 2	 -41.5547	  174.4519
2.809	 2.05	 1	 -41.7116	  174.2943
2.809	 2.11	 1	 -42.6476	  172.8842
2.810	 2.31	 1	 -42.6748	  172.9329
2.811	 3.05	 1	 -41.8378	  174.2079
2.812	 2.17	 1	 -41.9060	  173.9686
2.813	 2.07	 1	 -41.6331	  174.2542
2.813	 2.37	 1	 -41.6875	  174.2591
2.814	 2.36	 1	 -42.5493	  173.9328
2.814	 2.43	 1	 -42.3870	  176.9459
2.814	 2.29	 2	 -42.2555	  173.6634
2.815	 2.61	 1	 -42.2104	  174.0513
2.815	 2.35	 1	 -41.7770	  174.0614
2.816	 2.17	 1	 -41.8491	  174.1413
2.817	 2.60	 1	 -41.7945	  174.2054
2.817	 2.02	 1	 -42.2214	  173.5530
2.817	 2.12	 1	 -41.6541	  175.1980
2.817	 2.82	 1	 -41.7700	  173.5067
2.817	 2.37	 1	 -42.0989	  173.8709
2.818	 2.16	 1	 -42.0928	  173.6705
2.818	 2.52	 1	 -42.3208	  173.1317
2.819	 2.03	 2	 -42.5559	  172.9654
2.820	 2.05	 1	 -42.3872	  173.8371
2.820	 2.22	 1	 -42.5773	  174.0056
2.821	 2.57	 1	 -41.7674	  174.2789
2.822	 2.10	 1	 -41.7125	  174.2726
2.822	 2.21	 1	 -41.7045	  174.3163
2.822	 3.87	 1	 -42.1990	  173.5957
2.824	 2.16	 1	 -42.2629	  173.7802
2.824	 2.32	 1	 -41.8590	  174.4765
2.825	 2.60	 2	 -42.2242	  174.0079
2.826	 2.76	 1	 -41.7608	  173.6603
2.826	 2.01	 1	 -42.5105	  173.8981
2.826	 2.56	 1	 -42.2581	  173.6847
2.827	 2.22	 3	 -41.5879	  173.9928
2.828	 2.22	 1	 -42.0638	  173.6443
2.828	 2.52	 1	 -42.3365	  173.8977
2.829	 3.33	 2	 -41.7692	  174.1183
2.830	 3.09	 3	 -42.3552	  173.8267
2.831	 2.01	 1	 -41.6512	  174.1949
2.832	 2.33	 1	 -41.6818	  174.3726
2.832	 2.06	 1	 -42.0890	  174.0495
2.832	 2.88	 1	 -42.1412	  174.6139
2.832	 2.36	 1	 -42.6919	  172.8295
2.833	 2.06	 1	 -41.6905	  174.2751
2.834	 2.04	 1	 -41.7422	  173.0050
2.834	 3.40	 1	 -42.3197	  173.7072
2.837	 2.20	 1	 -42.2873	  173.7024
2.837	 2.41	 2	 -41.7435	  174.3825
2.838	 2.83	 1	 -42.6007	  172.9755
2.840	 2.53	 1	 -42.2681	  173.5931
2.840	 2.38	 1	 -41.6388	  174.3108
2.840	 2.97	 1	 -42.2294	  173.5031
2.840	 2.43	 3	 -41.7103	  174.5451
2.840	 2.12	 1	 -41.6709	  174.6498
2.842	 3.59	 1	 -41.4750	  171.9809
2.843	 2.07	 1	 -42.3667	  173.8511
2.844	 2.55	 1	 -42.3530	  173.8277
2.844	 2.66	 1	 -42.1607	  174.5379
2.844	 2.16	 1	 -42.2599	  173.9014
2.845	 2.33	 1	 -41.6063	  172.5547
2.846	 2.01	 2	 -42.3727	  173.3556
2.846	 2.43	 1	 -42.2906	  173.7594
2.848	 2.61	 2	 -42.3316	  173.8757
2.848	 2.55	 1	 -41.7253	  174.3039
2.849	 2.10	 1	 -42.3572	  173.7112
2.850	 2.10	 2	 -41.8184	  174.4659
2.850	 2.06	 2	 -42.2063	  173.6118
2.850	 2.15	 1	 -42.2563	  173.9032
2.851	 2.09	 1	 -42.1918	  173.6652
2.851	 2.26	 1	 -41.7378	  174.3633
2.852	 3.07	 1	 -41.7297	  167.0462
2.852	 2.14	 1	 -41.6895	  173.9861
2.853	 2.11	 1	 -41.9989	  173.9295
2.853	 3.35	 1	 -41.6119	  172.7359
2.855	 2.19	 1	 -42.5791	  173.9377
2.856	 2.54	 1	 -42.6870	  172.8604
2.857	 3.19	 1	 -42.3915	  173.3746
2.857	 3.68	 2	 -42.2834	  173.6791
2.858	 2.23	 1	 -42.0913	  173.6582
2.858	 2.28	 1	 -41.6233	  174.2960
2.858	 2.48	 1	 -41.6838	  174.2052
2.859	 2.14	 1	 -42.1458	  174.7564
2.859	 2.08	 1	 -43.4547	  174.0356
2.859	 2.66	 1	 -42.6809	  172.9532
2.859	 2.27	 1	 -41.8509	  174.3710
2.859	 2.25	 2	 -41.7301	  167.0479
2.860	 2.45	 1	 -42.0496	  173.6046
2.860	 2.38	 2	 -42.7090	  172.2971
2.860	 2.07	 1	 -44.1102	  179.2446
2.861	 2.04	 1	 -43.6468	  172.9281
2.861	 2.39	 2	 -41.5205	  174.6818
2.861	 3.20	 1	 -41.5963	  174.3923
2.862	 2.05	 1	 -42.5572	  172.8296
2.862	 2.15	 1	 -42.3214	  173.7018
2.862	 2.14	 1	 -42.2587	  173.6411
2.863	 2.67	 1	 -42.4434	  173.6540
2.865	 2.24	 1	 -42.1768	  173.7185
2.866	 2.24	 1	 -41.6384	  174.3136
2.866	 2.13	 1	 -42.6536	  173.7050
2.867	 2.91	 2	 -41.6979	  174.2549
2.868	 2.42	 1	 -42.8309	  173.1742
2.868	 2.08	 1	 -41.7947	  174.4442
2.869	 2.27	 1	 -42.9558	  172.6184
2.869	 2.34	 1	 -42.1171	  173.6094
2.870	 2.11	 2	 -38.6597	  175.8362
2.871	 2.20	 1	 -43.0038	  172.4912
2.872	 2.50	 1	 -41.7171	  174.1936
2.872	 2.23	 1	 -42.1802	  173.6887
2.873	 2.34	 1	 -41.9686	  173.4545
2.873	 2.33	 1	 -42.3606	  173.0890
2.873	 2.19	 1	 -41.6707	  174.2703
2.874	 2.34	 2	 -42.7153	  172.3488
2.874	 2.53	 1	 -42.2119	  173.4481
2.874	 2.37	 1	 -41.8992	  173.5728
2.875	 3.80	 1	 -42.4215	  173.4382
2.875	 2.56	 2	 -42.4603	  172.8822
2.876	 2.04	 2	 -43.3693	  173.0065
2.876	 2.08	 1	 -42.8827	  173.0873
2.877	 2.19	 1	 -42.2246	  173.7516
2.878	 2.68	 1	 -42.4838	  173.0480
2.878	 2.33	 1	 -42.1187	  173.8520
2.878	 2.11	 1	 -42.5705	  173.4995
2.878	 2.83	 1	 -41.9244	  173.3158
2.878	 2.60	 1	 -42.0856	  174.1752
2.879	 2.71	 1	 -42.3916	  173.9645
2.879	 2.52	 1	 -41.7116	  174.1893
2.880	 3.40	 1	 -42.2712	  175.0802
2.880	 2.92	 1	 -41.7681	  174.2491
2.880	 2.44	 1	 -42.1120	  174.4553
2.880	 2.03	 1	 -42.3228	  174.0325
2.881	 2.63	 1	 -42.0502	  173.9851
2.881	 2.81	 1	 -42.3965	  174.0561
2.881	 2.02	 1	 -42.4902	  173.8261
2.881	 2.06	 1	 -42.6382	  172.9298
2.882	 2.15	 1	 -42.3756	  172.7221
2.883	 2.05	 1	 -41.8143	  174.2376
2.883	 2.08	 1	 -41.6347	  174.1665
2.884	 2.41	 1	 -42.3547	  173.6574
2.885	 2.29	 1	 -42.1755	  173.5797
2.885	 2.43	 1	 -42.3954	  173.7567
2.886	 2.31	 1	 -42.5712	  173.3987
2.887	 3.19	 1	 -41.7341	  174.2245
2.887	 2.27	 1	 -42.2311	  173.5487
2.888	 2.94	 1	 -42.3473	  174.0774
2.888	 2.38	 1	 -42.6894	  173.0915
2.888	 2.17	 1	 -42.7468	  173.0683
2.889	 2.17	 1	 -42.0499	  173.8026
2.890	 2.18	 1	 -42.1236	  172.9026
2.890	 2.65	 1	 -42.2690	  173.7675
2.890	 2.18	 1	 -41.6701	  174.2620
2.890	 2.10	 1	 -42.6263	  172.9938
2.890	 2.03	 1	 -41.9130	  174.0881
2.891	 3.12	 1	 -42.6633	  172.9561
2.892	 2.39	 1	 -42.2844	  173.6457
2.892	 2.02	 1	 -42.5824	  173.2443
2.892	 2.06	 1	 -43.0407	  173.0688
2.892	 2.28	 1	 -41.8750	  173.9269
2.893	 2.00	 2	 -41.5002	  174.3836
2.893	 2.54	 1	 -42.0296	  173.7100
2.893	 2.98	 1	 -42.0212	  172.4063
2.895	 2.10	 1	 -44.4389	  168.3693
2.895	 2.48	 1	 -42.6489	  172.9511
2.896	 2.05	 1	 -42.3786	  173.6129
2.896	 2.00	 1	 -41.7322	  174.2851
2.897	 2.65	 2	 -41.7096	  174.3739
2.897	 2.45	 1	 -41.6424	  174.3945
2.897	 2.07	 1	 -42.3223	  173.5643
2.898	 2.16	 2	 -41.6954	  174.3126
2.899	 2.40	 1	 -41.8261	  174.2497
2.900	 2.47	 2	 -42.1544	  174.5434
2.901	 2.18	 1	 -42.3550	  173.8931
2.903	 2.07	 1	 -42.2062	  173.5414
2.903	 2.87	 2	 -41.9144	  173.3820
2.904	 2.36	 1	 -42.2146	  173.9054
2.904	 2.72	 1	 -42.4693	  172.9005
2.904	 2.72	 2	 -41.8909	  174.6208
2.905	 2.38	 1	 -41.7254	  174.2787
2.905	 2.01	 1	 -42.8211	  172.8336
2.905	 2.02	 1	 -41.7649	  174.2959
2.906	 2.42	 1	 -42.0072	  173.8919
2.906	 2.40	 1	 -42.6779	  172.7841
2.907	 2.78	 1	 -42.4370	  173.9790
2.907	 2.06	 2	 -41.9493	  173.9346
2.907	 2.22	 1	 -42.8683	  173.0419
2.909	 2.28	 1	 -42.2424	  173.2587
2.910	 2.05	 1	 -42.6535	  174.0536
2.910	 2.32	 2	 -42.4364	  172.9278
2.911	 2.04	 2	 -41.8244	  174.2074
2.912	 2.05	 1	 -42.3314	  172.4120
2.912	 2.19	 1	 -42.3892	  173.4627
2.913	 2.05	 1	 -42.1233	  172.9305
2.913	 3.24	 1	 -41.6994	  174.1712
2.913	 2.85	 1	 -41.9376	  174.2335
2.913	 3.07	 1	 -41.8088	  174.1923
2.913	 2.06	 1	 -41.7143	  174.2840
2.915	 2.02	 3	 -41.7030	  174.2558
2.916	 2.39	 1	 -41.6922	  174.1109
2.917	 2.72	 2	 -41.7404	  174.0909
2.917	 2.09	 1	 -42.5804	  173.2570
2.917	 2.85	 2	 -42.4311	  173.2064
2.918	 2.51	 1	 -42.5302	  173.0897
2.918	 2.18	 1	 -42.7260	  172.9846
2.918	 2.30	 1	 -42.1193	  172.8916
2.918	 2.30	 1	 -42.6847	  170.5114
2.920	 2.17	 1	 -42.0052	  173.6193
2.921	 3.21	 1	 -42.0538	  174.0398
2.922	 2.31	 1	 -41.7649	  174.3334
2.922	 2.07	 1	 -42.6645	  172.8643
2.924	 2.15	 1	 -42.3342	  173.2123
2.924	 2.03	 1	 -42.3656	  173.4911
2.924	 2.18	 1	 -41.7830	  174.0402
2.925	 2.20	 1	 -42.6413	  173.0110
2.926	 2.32	 1	 -42.4397	  173.6779
2.926	 2.29	 1	 -41.8484	  173.1141
2.926	 2.25	 1	 -42.4375	  173.5612
2.927	 2.04	 1	 -41.7456	  174.2106
2.928	 2.12	 1	 -42.1426	  174.1659
2.929	 2.32	 1	 -41.6681	  174.0987
2.929	 2.02	 1	 -42.4201	  173.2027
2.929	 2.02	 1	 -42.3119	  173.4425
2.929	 2.06	 1	 -42.2801	  173.8038
2.929	 2.74	 2	 -43.0545	  173.4396
2.930	 2.10	 2	 -42.1620	  173.6934
2.930	 2.44	 1	 -41.7109	  174.2634
2.930	 2.20	 1	 -41.6442	  174.2609
2.931	 2.17	 2	 -42.7316	  173.0917
2.931	 3.96	 1	 -42.5999	  172.8673
2.931	 2.31	 1	 -41.7156	  174.2754
2.931	 2.49	 3	 -38.6563	  175.8388
2.931	 2.94	 1	 -42.1869	  175.1354
2.932	 2.61	 1	 -42.3035	  173.6311
2.933	 2.41	 2	 -42.0819	  172.8767
2.933	 3.17	 1	 -43.4557	  167.5085
2.933	 2.55	 1	 -42.3661	  173.7345
2.934	 2.44	 1	 -40.2770	  175.4693
2.935	 2.48	 1	 -42.5936	  172.7834
2.935	 2.57	 1	 -42.7035	  172.7605
2.935	 2.39	 1	 -42.2845	  173.6586
2.937	 3.64	 1	 -41.7697	  174.2246
2.938	 2.96	 1	 -40.2969	  167.7977
2.938	 2.14	 1	 -41.6911	  174.0555
2.939	 2.14	 1	 -42.3457	  173.4135
2.939	 2.16	 3	 -42.4279	  173.1919
2.942	 2.04	 2	 -42.0689	  173.7349
2.942	 2.15	 1	 -42.1583	  173.6236
2.943	 2.31	 1	 -42.1188	  173.4843
2.944	 2.49	 1	 -42.3822	  173.1039
2.944	 2.23	 1	 -42.3462	  173.8264
2.945	 2.10	 1	 -42.4437	  173.2157
2.945	 2.63	 1	 -41.9792	  173.7700
2.946	 2.32	 2	 -41.7799	  174.2995
2.946	 2.68	 1	 -42.7966	  173.2228
2.948	 2.84	 2	 -41.7081	  174.3155
2.948	 2.19	 1	 -42.1689	  173.4892
2.948	 2.42	 1	 -43.3590	  172.4284
2.948	 2.00	 1	 -41.7823	  174.2688
2.949	 2.79	 1	 -42.6473	  173.0059
2.949	 2.12	 1	 -42.3949	  173.2995
2.950	 2.48	 1	 -41.9047	  174.2004
2.952	 2.06	 1	 -42.1957	  173.6566
2.952	 2.65	 1	 -41.7349	  174.0398
2.952	 2.08	 1	 -42.3696	  173.8186
2.952	 2.70	 1	 -42.5866	  173.0764
2.953	 3.67	 1	 -40.0132	  174.7889
2.953	 2.04	 2	 -42.3442	  173.8590
2.954	 2.75	 1	 -42.4780	  173.8832
2.955	 2.77	 1	 -42.3998	  173.7846
2.956	 2.06	 1	 -42.2588	  173.5638
2.956	 2.19	 1	 -42.4494	  173.7465
2.958	 2.96	 1	 -42.0982	  173.8442
2.958	 2.11	 1	 -41.6960	  174.1841
2.959	 2.18	 1	 -42.6046	  174.4417
2.959	 2.50	 1	 -41.9757	  174.0999
2.960	 2.47	 1	 -41.8431	  174.7145
2.960	 3.32	 1	 -42.6192	  171.9347
2.960	 2.27	 1	 -42.2249	  173.5827
2.961	 3.00	 1	 -42.4882	  173.1584
2.962	 2.09	 1	 -42.5816	  172.9187
2.964	 2.60	 1	 -42.1184	  173.5748
2.965	 2.11	 1	 -41.7659	  174.3287
2.965	 2.26	 1	 -42.1343	  173.5836
2.966	 2.11	 1	 -41.6549	  174.3285
2.967	 2.89	 1	 -42.3063	  173.5708
2.968	 2.33	 1	 -41.8651	  174.2500
2.968	 2.13	 1	 -42.5893	  173.0051
2.968	 2.10	 1	 -42.1883	  173.7448
2.969	 2.81	 1	 -42.1991	  173.6258
2.969	 2.16	 1	 -42.4358	  174.0513
2.969	 2.62	 1	 -41.9557	  173.8541
2.970	 2.16	 1	 -42.3163	  173.6761
2.970	 2.07	 1	 -42.7205	  173.4971
2.971	 2.37	 1	 -41.7677	  174.3700
2.971	 2.59	 1	 -41.7303	  174.3103
2.973	 2.35	 1	 -42.0022	  173.7092
2.975	 2.13	 1	 -41.7016	  174.1601
2.975	 2.14	 1	 -42.4498	  173.4991
2.976	 2.60	 1	 -41.9905	  174.1218
2.978	 2.73	 1	 -41.7328	  174.2387
2.978	 2.50	 1	 -41.2592	  174.3468
2.978	 3.02	 1	 -41.6625	  174.2496
2.980	 2.21	 2	 -41.6864	  174.3062
2.981	 2.53	 1	 -42.3856	  173.3932
2.982	 4.22	 1	 -42.3193	  173.4521
2.982	 2.79	 3	 -41.5678	  174.3585
2.983	 2.51	 1	 -42.1435	  173.5550
2.984	 2.14	 1	 -42.4265	  173.1645
2.984	 2.35	 1	 -42.4276	  172.2839
2.985	 2.10	 1	 -42.1800	  173.5177
2.985	 2.17	 1	 -41.9049	  174.1818
2.986	 2.14	 1	 -42.3850	  173.6566
2.988	 2.39	 1	 -42.0215	  173.5448
2.988	 2.13	 3	 -41.4614	  174.3424
2.988	 2.41	 2	 -41.8363	  174.2733
2.988	 3.06	 1	 -41.8344	  174.3109
2.991	 2.48	 1	 -42.3862	  173.1341
2.993	 3.30	 1	 -41.8383	  173.6718
2.994	 2.62	 1	 -42.1521	  174.0895
2.994	 2.97	 1	 -42.3708	  173.6792
2.995	 2.13	 2	 -42.4333	  174.0666
2.996	 2.28	 1	 -41.6477	  174.1385
2.996	 2.87	 2	 -42.6330	  173.1682
2.996	 2.10	 2	 -41.8895	  173.9594
2.997	 2.03	 2	 -42.4287	  173.4479
2.998	 2.54	 2	 -41.8506	  174.1141
3.000	 2.14	 1	 -42.6190	  173.1711
3.000	 2.59	 1	 -42.5299	  172.9855
3.001	 2.06	 1	 -42.1978	  173.8018
3.003	 2.05	 1	 -42.0198	  173.6711
3.004	 3.11	 1	 -42.0172	  173.7691
3.005	 2.01	 2	 -42.4915	  173.0801
3.008	 2.18	 1	 -42.5168	  173.5765
3.009	 2.12	 2	 -41.9574	  174.0445
3.010	 2.16	 2	 -42.5795	  173.1189
3.011	 2.21	 1	 -41.7347	  174.2638
3.011	 2.12	 1	 -42.4201	  173.0126
3.012	 2.99	 1	 -41.6768	  174.1941
3.013	 2.50	 1	 -41.6937	  174.0817
3.013	 2.47	 1	 -41.7193	  174.4077
3.016	 2.36	 1	 -41.7742	  174.2334
3.017	 2.61	 1	 -42.7668	  172.9462
3.018	 2.81	 1	 -42.2299	  173.7077
3.018	 2.26	 1	 -41.7130	  174.2676
3.019	 2.78	 1	 -42.4919	  174.0239
3.019	 2.21	 1	 -42.4131	  173.6747
3.020	 2.32	 2	 -42.3091	  173.6885
3.021	 2.54	 1	 -42.2992	  174.1040
3.021	 2.57	 1	 -41.5450	  174.0579
3.021	 2.13	 1	 -42.9751	  175.8682
3.022	 2.02	 1	 -42.5228	  173.9028
3.022	 2.30	 1	 -42.7913	  172.6180
3.022	 2.13	 1	 -42.7160	  173.0772
3.022	 2.01	 1	 -42.3157	  173.6586
3.023	 2.73	 1	 -42.6351	  172.7805
3.023	 2.32	 1	 -42.4352	  173.6681
3.024	 2.47	 1	 -41.6855	  174.3533
3.024	 2.04	 1	 -41.7248	  174.3060
3.024	 2.12	 1	 -39.0773	  172.3214
3.027	 2.94	 1	 -42.1392	  173.5853
3.027	 3.50	 1	 -41.7708	  174.3096
3.028	 2.05	 1	 -42.1245	  172.8976
3.028	 2.07	 1	 -41.7632	  174.2611
3.029	 3.06	 2	 -42.1210	  172.9077
3.029	 2.17	 2	 -41.6585	  174.3209
3.029	 2.90	 1	 -42.4379	  173.7468
3.030	 2.83	 1	 -41.7281	  174.3812
3.030	 2.03	 1	 -41.6719	  174.3014
3.032	 2.47	 1	 -42.0166	  174.0044
3.032	 2.24	 1	 -42.3349	  173.4785
3.033	 2.67	 1	 -41.7985	  174.1945
3.034	 2.19	 1	 -41.8193	  174.2431
3.034	 2.25	 1	 -42.1468	  173.6412
3.036	 2.05	 1	 -42.5259	  174.0583
3.037	 3.12	 1	 -41.6936	  174.2284
3.037	 2.04	 1	 -42.1774	  173.7804
3.037	 2.42	 1	 -41.7210	  174.1170
3.037	 2.38	 1	 -42.6068	  173.0381
3.037	 2.16	 1	 -42.2739	  173.6346
3.038	 3.78	 1	 -42.0932	  173.9864
3.038	 2.36	 1	 -42.6462	  172.9129
3.039	 2.07	 1	 -42.2997	  173.6625
3.039	 3.23	 1	 -42.4991	  173.1996
3.040	 2.64	 1	 -42.2486	  173.2216
3.040	 2.00	 2	 -42.3586	  173.6914
3.040	 2.28	 1	 -42.9496	  171.3923
3.040	 2.09	 2	 -41.7465	  174.2611
3.040	 2.06	 1	 -42.0542	  173.0722
3.041	 2.78	 1	 -42.1038	  173.4552
3.041	 3.26	 1	 -42.3500	  173.1904
3.042	 2.29	 2	 -41.7189	  174.3621
3.044	 2.57	 1	 -42.5715	  174.0159
3.045	 2.13	 1	 -42.1241	  173.6704
3.047	 2.69	 1	 -42.9820	  173.9481
3.047	 2.33	 1	 -42.4920	  173.4139
3.047	 2.11	 1	 -44.2969	  168.3206
3.049	 2.28	 1	 -42.0933	  173.6485
3.050	 2.28	 1	 -42.8214	  172.4776
3.050	 2.38	 1	 -41.1120	  173.3766
3.050	 2.08	 1	 -42.4103	  174.0569
3.052	 2.31	 1	 -42.0390	  173.6851
3.053	 4.25	 2	 -42.5910	  173.9982
3.053	 2.33	 1	 -41.7908	  174.0460
3.054	 2.10	 1	 -43.0278	  173.2995
3.056	 2.59	 2	 -41.7154	  174.2992
3.056	 2.43	 1	 -41.8309	  173.4180
3.056	 2.41	 1	 -42.2161	  173.7584
3.057	 2.22	 1	 -42.4609	  173.8765
3.058	 2.11	 1	 -42.3413	  174.0550
3.058	 2.47	 1	 -42.6237	  172.8833
3.059	 2.03	 1	 -41.7381	  174.3464
3.059	 2.02	 3	 -42.5931	  173.9682
3.059	 2.49	 1	 -41.6754	  173.0701
3.059	 2.91	 1	 -42.7001	  173.1817
3.060	 2.24	 1	 -41.8608	  173.9391
3.060	 2.12	 1	 -42.2322	  174.0204
3.061	 2.20	 1	 -42.7126	  173.1186
3.061	 2.25	 1	 -42.5082	  173.0589
3.061	 2.19	 1	 -42.7501	  173.1186
3.061	 2.29	 1	 -41.9135	  173.6567
3.061	 2.14	 1	 -42.1780	  173.9242
3.062	 2.30	 1	 -41.8251	  174.5681
3.063	 2.81	 1	 -42.1747	  173.6655
3.063	 3.17	 1	 -42.6543	  173.2199
3.063	 2.51	 1	 -41.8830	  174.2865
3.064	 2.80	 1	 -41.7252	  174.3424
3.064	 2.25	 2	 -40.8338	  171.1480
3.064	 2.05	 1	 -42.0632	  173.7141
3.066	 2.47	 1	 -41.7495	  174.2707
3.066	 2.18	 1	 -42.4382	  173.2749
3.066	 2.02	 2	 -43.2501	  172.3895
3.067	 2.12	 1	 -42.4699	  173.6224
3.067	 2.96	 1	 -42.3078	  173.2668
3.068	 2.37	 1	 -42.1226	  173.3155
3.068	 2.39	 1	 -42.2310	  173.5595
3.068	 2.25	 1	 -41.7089	  174.2695
3.069	 3.22	 1	 -42.5126	  173.2780
3.070	 2.06	 1	 -41.5556	  174.3144
3.071	 2.58	 1	 -42.1742	  173.7325
3.072	 2.22	 1	 -42.1508	  173.6334
3.072	 2.12	 1	 -41.0249	  173.8660
3.073	 2.71	 2	 -42.6739	  172.9530
3.073	 2.68	 1	 -42.5301	  172.9567
3.074	 2.32	 1	 -42.3607	  172.7268
3.075	 2.11	 1	 -42.5795	  172.6219
3.075	 2.62	 1	 -41.8128	  174.2700
3.075	 2.28	 1	 -42.0604	  173.7681
3.076	 2.32	 1	 -42.1414	  173.8887
3.077	 2.23	 2	 -41.8061	  174.1869
3.078	 2.46	 1	 -42.1613	  172.8542
3.078	 2.01	 1	 -42.1368	  173.4669
3.080	 3.06	 1	 -42.2066	  173.8936
3.080	 2.52	 2	 -42.2241	  173.5871
3.080	 2.81	 1	 -42.2986	  173.4796
3.080	 2.60	 1	 -42.2182	  173.4253
3.080	 2.28	 1	 -42.4418	  173.1293
3.081	 2.13	 1	 -42.5434	  172.9871
3.081	 2.04	 1	 -42.6561	  173.1025
3.082	 2.03	 1	 -42.2611	  173.9595
3.082	 3.08	 1	 -41.9569	  173.6697
3.083	 3.29	 1	 -42.4091	  174.2537
3.083	 2.15	 1	 -41.7173	  174.0944
3.084	 2.37	 2	 -42.0221	  172.4058
3.085	 2.17	 1	 -42.8833	  173.4206
3.085	 2.07	 1	 -42.2999	  173.6671
3.085	 2.45	 1	 -41.6258	  174.5738
3.086	 3.40	 1	 -41.6665	  174.2375
3.086	 2.44	 1	 -41.7339	  174.2520
3.087	 2.20	 1	 -42.4745	  172.5797
3.087	 2.86	 1	 -42.2352	  173.6659
3.087	 2.44	 1	 -41.8609	  173.5524
3.087	 2.41	 1	 -42.2787	  173.7930
3.088	 2.18	 1	 -41.7844	  174.7761
3.088	 2.53	 1	 -42.2272	  173.7803
3.089	 2.05	 1	 -41.6924	  174.3039
3.091	 2.33	 1	 -41.6666	  174.3553
3.091	 2.17	 1	 -42.8923	  170.1001
3.092	 3.38	 1	 -41.6578	  174.2867
3.094	 2.56	 1	 -41.9094	  174.1930
3.095	 2.03	 1	 -41.7974	  174.1881
3.097	 2.19	 1	 -42.3841	  173.2229
3.097	 2.79	 1	 -42.0991	  173.8693
3.097	 2.10	 1	 -42.9351	  173.2455
3.098	 2.18	 1	 -42.2800	  173.8721
3.101	 2.31	 1	 -42.0519	  173.6339
3.101	 2.48	 2	 -41.6873	  174.1309
3.102	 3.68	 1	 -41.7157	  174.2687
3.102	 2.17	 1	 -41.1030	  173.1768
3.104	 2.41	 1	 -42.5796	  173.2181
3.104	 3.33	 1	 -41.9765	  173.7074
3.105	 2.21	 1	 -42.4035	  173.6920
3.105	 2.96	 1	 -41.8342	  173.8663
3.107	 2.05	 1	 -42.5061	  173.2771
3.107	 2.45	 1	 -42.4227	  173.2593
3.109	 2.61	 1	 -41.8112	  174.1494
3.109	 2.39	 1	 -42.9797	  173.4222
3.109	 3.22	 1	 -41.9547	  173.6907
3.109	 3.10	 3	 -42.6027	  174.0025
3.109	 2.13	 1	 -42.2808	  173.4961
3.112	 2.06	 2	 -42.4891	  173.5376
3.112	 2.11	 1	 -41.7925	  174.3303
3.113	 3.15	 1	 -43.3740	  173.9132
3.113	 2.28	 1	 -41.7542	  174.3053
3.113	 2.41	 1	 -42.2986	  173.7368
3.114	 2.24	 1	 -42.5733	  173.1498
3.118	 2.28	 2	 -42.0359	  173.7692
3.118	 2.18	 2	 -43.1209	  173.4211
3.118	 2.18	 1	 -41.8624	  174.2892
3.118	 2.25	 1	 -42.3918	  173.3532
3.119	 2.11	 1	 -42.8278	  172.7638
3.119	 2.29	 1	 -42.4711	  173.7356
3.119	 2.70	 1	 -42.6618	  173.7509
3.120	 2.74	 1	 -42.8531	  172.7155
3.120	 2.60	 1	 -42.2468	  173.5906
3.121	 2.08	 2	 -41.6967	  174.2984
3.121	 4.39	 1	 -42.4714	  174.6071
3.121	 2.32	 1	 -41.9991	  173.7343
3.122	 2.05	 1	 -41.5878	  174.2103
3.122	 3.14	 1	 -41.9134	  172.5379
3.122	 2.14	 1	 -41.7056	  174.2860
3.122	 2.09	 1	 -43.3501	  173.2360
3.122	 2.05	 1	 -42.3442	  172.9506
3.123	 2.19	 1	 -42.6933	  173.0594
3.124	 2.40	 1	 -41.8263	  174.1726
3.126	 2.15	 1	 -42.0950	  175.0778
3.127	 3.20	 1	 -42.2075	  173.5900
3.128	 2.10	 1	 -42.6337	  173.0734
3.128	 2.04	 1	 -41.8763	  172.2816
3.128	 2.16	 1	 -43.1508	  173.5836
3.129	 3.05	 1	 -42.2836	  173.7280
3.130	 2.20	 1	 -42.6272	  173.0480
3.130	 2.46	 1	 -42.2140	  173.7113
3.130	 2.50	 1	 -42.8381	  173.0822
3.131	 2.05	 1	 -41.7057	  174.3148
3.131	 2.13	 1	 -42.1607	  172.1302
3.132	 2.05	 1	 -41.9396	  174.2462
3.132	 2.09	 2	 -41.5962	  173.6803
3.133	 2.17	 1	 -41.9821	  173.5267
3.133	 2.57	 1	 -42.1950	  173.8610
3.134	 2.04	 1	 -41.8381	  174.2739
3.134	 2.06	 3	 -42.6570	  174.0553
3.134	 2.24	 1	 -43.4903	  172.5204
3.134	 2.27	 1	 -41.8072	  174.1765
3.135	 2.05	 1	 -42.4523	  173.6720
3.136	 2.24	 1	 -42.3181	  173.1936
3.136	 3.48	 1	 -42.2642	  173.8508
3.137	 2.62	 1	 -41.6816	  174.2551
3.138	 3.19	 1	 -42.9812	  173.2091
3.138	 2.74	 2	 -41.6371	  174.0849
3.139	 2.39	 1	 -42.3955	  173.7837
3.139	 2.76	 1	 -42.1019	  173.4562
3.140	 2.35	 1	 -41.7836	  174.1413
3.141	 2.31	 1	 -42.3971	  173.5760
3.142	 2.57	 1	 -42.2942	  173.6119
3.143	 2.74	 1	 -42.5300	  173.1182
3.143	 2.24	 1	 -42.4692	  173.7584
3.144	 2.02	 1	 -42.1834	  173.6235
3.145	 2.91	 1	 -41.9746	  173.8697
3.145	 2.42	 1	 -41.6979	  174.2184
3.145	 2.56	 2	 -42.2312	  173.6464
3.146	 2.52	 1	 -42.3386	  173.9111
3.146	 2.68	 1	 -41.7532	  174.3228
3.148	 3.13	 1	 -41.8949	  174.1190
3.148	 4.82	 1	 -42.2779	  174.1193
3.148	 2.09	 1	 -45.7280	  170.2723
3.149	 2.12	 2	 -42.2706	  174.1492
3.150	 2.54	 1	 -41.6876	  174.2062
3.150	 2.16	 1	 -42.8124	  173.1716
3.151	 2.24	 1	 -42.3648	  174.0053
3.152	 2.17	 1	 -41.7684	  174.3665
3.152	 2.98	 2	 -42.3339	  173.3438
3.153	 2.14	 1	 -41.6969	  174.3320
3.153	 3.38	 1	 -42.5530	  173.2640
3.153	 2.55	 2	 -41.5783	  174.2590
3.155	 2.03	 1	 -41.7542	  174.3256
3.157	 2.52	 1	 -41.8245	  174.2286
3.157	 2.26	 1	 -42.5942	  172.8888
3.158	 2.23	 2	 -41.7843	  174.2133
3.158	 2.20	 1	 -41.7377	  174.3308
3.158	 2.37	 2	 -41.8312	  174.7874
3.158	 2.12	 1	 -42.3299	  172.4063
3.159	 3.02	 1	 -41.2064	  174.1189
3.161	 2.21	 1	 -41.5187	  174.7651
3.162	 2.16	 1	 -41.7940	  174.4578
3.163	 2.16	 1	 -41.8953	  173.8009
3.165	 2.31	 1	 -41.6972	  174.2291
3.166	 2.77	 1	 -42.4321	  173.8776
3.167	 2.22	 2	 -41.6925	  174.4079
3.167	 2.53	 1	 -42.3886	  173.1474
3.169	 2.46	 1	 -41.7689	  174.3224
3.169	 2.01	 1	 -42.3034	  173.8993
3.170	 2.71	 1	 -42.4815	  173.6726
3.171	 2.00	 2	 -42.3308	  172.4129
3.171	 2.34	 1	 -41.7732	  175.4997
3.171	 2.29	 1	 -42.5280	  173.3109
3.172	 2.03	 1	 -42.3397	  173.3105
3.173	 2.09	 1	 -43.4528	  170.2867
3.176	 2.05	 1	 -42.3857	  173.1236
3.177	 2.99	 1	 -42.5977	  172.9326
3.177	 2.20	 1	 -41.7407	  174.2488
3.177	 2.97	 1	 -42.4654	  174.2289
3.177	 2.68	 1	 -42.3845	  173.4202
3.178	 2.06	 1	 -42.0744	  173.6030
3.178	 2.10	 1	 -40.8727	  171.1082
3.179	 2.59	 1	 -42.7788	  173.0973
3.179	 2.01	 1	 -42.3087	  173.8356
3.179	 2.15	 1	 -41.8917	  174.0985
3.180	 3.30	 1	 -42.1186	  173.5398
3.181	 2.01	 1	 -42.3744	  173.4808
3.183	 2.10	 2	 -42.2906	  174.0926
3.183	 2.15	 1	 -41.8462	  174.2562
3.185	 2.32	 2	 -42.2801	  174.1161
3.185	 2.06	 1	 -44.5362	  175.1046
3.185	 3.00	 2	 -43.5734	  179.0428
3.185	 3.05	 1	 -41.7210	  174.1253
3.186	 2.20	 2	 -42.8197	  172.4718
3.187	 2.48	 1	 -41.7811	  174.1903
3.189	 2.44	 1	 -41.7512	  174.1703
3.191	 3.30	 1	 -42.7265	  173.1382
3.192	 2.91	 1	 -41.8139	  174.4867
3.193	 6.79	 2	 -42.5306	  172.9581
3.193	 2.08	 1	 -42.2074	  173.6874
3.193	 2.09	 1	 -42.2029	  173.6833
3.194	 2.07	 1	 -42.3913	  173.8336
3.194	 2.07	 3	 -42.6555	  172.8654
3.195	 2.21	 3	 -42.7820	  172.6464
3.195	 2.23	 1	 -42.4409	  173.6403
3.195	 2.11	 3	 -42.4005	  172.8542
3.196	 2.15	 1	 -41.6537	  174.3240
3.196	 2.62	 3	 -41.9415	  173.5962
3.197	 2.00	 3	 -42.4245	  173.1038
3.197	 2.37	 2	 -41.7465	  174.0154
3.198	 2.14	 3	 -42.4762	  172.7434
3.199	 2.22	 3	 -42.5349	  172.8763
3.199	 2.22	 3	 -41.5397	  174.4312
3.200	 2.09	 1	 -42.6359	  172.9316
3.201	 3.75	 3	 -42.2206	  173.8207
3.202	 2.60	 3	 -42.5865	  172.7375
3.202	 2.24	 3	 -39.4991	  179.1496
3.203	 2.56	 3	 -42.5167	  173.4682
3.203	 2.28	 1	 -42.6291	  173.8872
3.203	 2.26	 3	 -42.5429	  172.9682
3.204	 2.98	 3	 -42.7547	  173.6050
3.204	 2.47	 3	 -42.6231	  172.8060
3.204	 2.49	 3	 -43.4838	  172.0100
3.205	 2.24	 1	 -41.7142	  174.2789
3.205	 2.24	 1	 -41.8078	  174.2473
3.205	 3.02	 3	 -45.4923	  168.3667
3.206	 2.14	 1	 -42.1967	  173.6605
3.206	 2.49	 1	 -42.0119	  172.8833
3.206	 2.04	 1	 -42.9122	  173.2869
3.206	 2.39	 2	 -42.4803	  174.6092
3.206	 2.83	 1	 -42.4372	  173.7715
3.206	 2.50	 3	 -43.2452	  172.6607
3.207	 2.63	 3	 -40.0697	  172.6884
3.207	 2.16	 1	 -42.2967	  174.0705
3.207	 2.44	 1	 -42.8431	  173.0196
3.208	 2.48	 1	 -41.7917	  174.1954
3.208	 3.08	 1	 -42.4786	  173.1767
3.209	 2.42	 1	 -42.3028	  173.5205
3.209	 2.05	 3	 -42.6824	  172.9877
3.210	 3.33	 3	 -42.5074	  172.8712
3.210	 2.42	 3	 -42.6822	  172.8766
3.210	 2.78	 3	 -42.2383	  173.0020
3.211	 2.78	 3	 -42.5390	  173.0513
3.212	 3.44	 4	 -42.5379	  173.0901
3.214	 2.17	 1	 -41.8177	  174.0231
3.214	 2.32	 1	 -41.7455	  174.2306
3.214	 2.61	 2	 -42.1928	  173.5303
3.214	 2.53	 1	 -42.2123	  174.3696
3.214	 2.13	 1	 -42.4039	  173.6074
3.215	 2.05	 1	 -42.3999	  174.1205
3.215	 2.43	 2	 -42.1603	  173.6063
3.216	 2.37	 3	 -44.5345	  172.7098
3.216	 2.12	 2	 -42.2686	  174.1181
3.216	 2.10	 3	 -45.4907	  177.5514
3.217	 2.02	 1	 -42.3629	  173.1317
3.217	 2.09	 1	 -42.3165	  173.8533
3.218	 2.36	 1	 -42.5822	  173.1709
3.219	 2.75	 3	 -42.6008	  172.8304
3.219	 2.45	 2	 -42.2744	  173.3869
3.219	 3.09	 2	 -41.8542	  172.6616
3.220	 2.58	 1	 -42.3331	  174.1305
3.220	 2.91	 3	 -42.6384	  173.2031
3.220	 2.23	 1	 -42.3518	  173.6711
3.220	 2.24	 3	 -42.4841	  173.0146
3.220	 3.08	 3	 -42.4325	  172.9773
3.221	 2.08	 3	 -42.3165	  172.9205
3.221	 2.02	 1	 -42.1744	  173.5572
3.222	 2.43	 1	 -41.8027	  174.1811
3.223	 2.72	 3	 -42.5367	  172.2745
3.223	 2.55	 1	 -42.6681	  172.8416
3.224	 2.05	 3	 -42.9063	  174.1526
3.224	 2.32	 3	 -42.4248	  173.1335
3.225	 2.73	 2	 -42.4685	  174.1805
3.225	 2.13	 3	 -42.0765	  173.1390
3.225	 2.49	 1	 -42.0203	  173.7049
3.225	 2.19	 1	 -41.7475	  174.1899
3.226	 2.05	 3	 -42.3524	  172.9424
3.226	 2.43	 3	 -42.4235	  172.8595
3.226	 2.40	 1	 -41.7271	  174.2945
3.226	 2.26	 1	 -43.5561	  172.0919
3.226	 2.97	 1	 -42.1473	  173.5163
3.227	 2.27	 1	 -41.7984	  173.9773
3.227	 2.80	 1	 -41.7435	  174.2296
3.228	 2.20	 1	 -42.2509	  173.5919
3.228	 2.05	 3	 -42.7410	  172.5962
3.228	 2.24	 1	 -41.6448	  174.4738
3.229	 2.34	 3	 -46.1020	  170.3371
3.229	 2.45	 3	 -42.6445	  172.9922
3.229	 2.87	 3	 -42.6098	  172.8883
3.229	 2.59	 3	 -44.4109	  171.4966
3.230	 3.40	 1	 -42.3700	  173.8546
3.230	 2.05	 1	 -42.1385	  173.7735
3.231	 2.00	 3	 -42.4173	  172.7246
3.232	 2.20	 3	 -43.6428	  173.4965
3.232	 2.22	 3	 -42.3938	  173.1139
3.232	 2.01	 1	 -42.3936	  172.9989
3.232	 2.05	 1	 -42.7020	  172.8914
3.233	 2.94	 3	 -42.6547	  173.0623
3.233	 2.07	 3	 -42.4898	  173.0134
3.234	 2.34	 3	 -42.4566	  172.9612
3.234	 2.26	 3	 -42.4898	  172.8141
3.234	 2.40	 1	 -41.9705	  173.9987
3.234	 2.24	 2	 -42.4308	  173.4532
3.235	 2.30	 3	 -42.6461	  173.0561
3.235	 2.08	 3	 -42.7496	  173.2867
3.236	 3.29	 1	 -42.4591	  172.8258
3.236	 2.78	 1	 -42.5107	  173.0514
3.236	 2.04	 3	 -42.4600	  172.8086
3.236	 2.07	 1	 -41.7882	  174.2403
3.236	 2.26	 1	 -42.3116	  173.8186
3.237	 2.13	 3	 -42.7762	  173.7907
3.237	 2.29	 3	 -42.5270	  172.9092
3.238	 2.02	 2	 -42.3550	  174.2245
3.238	 2.89	 2	 -42.6729	  172.7622
3.238	 2.01	 1	 -41.9767	  174.0732
3.239	 2.30	 1	 -42.2316	  173.5501
3.239	 2.08	 3	 -42.2093	  173.1209
3.240	 2.61	 1	 -42.4811	  173.9185
3.240	 3.20	 1	 -42.7919	  174.0594
3.240	 2.51	 1	 -42.3136	  173.8976
3.241	 2.34	 3	 -42.5529	  172.8156
3.241	 2.08	 2	 -41.6767	  173.0721
3.242	 2.27	 1	 -42.4806	  172.7358
3.243	 2.04	 1	 -42.1468	  173.5432
3.243	 2.18	 1	 -42.7609	  172.8106
3.243	 3.58	 1	 -42.6531	  172.8997
3.244	 2.11	 3	 -42.6300	  172.9249
3.244	 2.39	 1	 -42.6845	  172.7080
3.244	 2.18	 2	 -42.4594	  174.5877
3.244	 2.01	 1	 -42.6129	  173.6209
3.245	 2.59	 1	 -42.5364	  173.7210
3.245	 2.43	 1	 -42.1404	  173.4702
3.246	 2.57	 3	 -42.8035	  172.5318
3.246	 2.29	 1	 -42.4330	  173.0923
3.246	 2.11	 1	 -42.2373	  173.6054
3.246	 2.13	 1	 -42.4187	  173.3605
3.246	 2.05	 3	 -42.6059	  173.4448
3.247	 2.54	 1	 -42.3682	  173.8856
3.247	 2.02	 3	 -42.4914	  172.9527
3.247	 2.63	 2	 -42.4215	  172.8292
3.247	 2.22	 3	 -42.4222	  173.1386
3.247	 2.76	 3	 -42.5861	  172.7525
3.247	 2.51	 1	 -42.0176	  173.5496
3.247	 2.15	 1	 -42.4934	  173.0825
3.248	 2.02	 2	 -42.7772	  173.1307
3.248	 2.41	 1	 -42.6882	  172.9839
3.249	 2.41	 1	 -41.9726	  173.8971
3.249	 2.92	 2	 -41.9085	  174.2049
3.250	 2.10	 1	 -42.5681	  174.0177
3.251	 2.83	 1	 -42.5048	  173.0178
3.251	 2.03	 3	 -42.2884	  172.8756
3.251	 2.71	 1	 -42.6170	  172.2422
3.253	 2.07	 3	 -42.3591	  172.7700
3.253	 2.77	 1	 -41.7448	  174.2141
3.253	 2.11	 1	 -42.5235	  173.0751
3.253	 2.26	 1	 -42.3334	  173.1792
3.253	 2.84	 3	 -42.6552	  172.8830
3.254	 2.13	 1	 -42.0598	  174.2345
3.254	 2.41	 3	 -42.4640	  173.1848
3.254	 2.53	 3	 -42.5176	  172.9641
3.255	 2.35	 1	 -42.2750	  173.8437
3.255	 2.73	 3	 -42.8303	  172.5222
3.255	 2.42	 3	 -42.8991	  172.8595
3.256	 2.11	 1	 -41.6565	  174.2434
3.256	 2.25	 1	 -42.5705	  173.1334
3.256	 2.00	 2	 -41.8466	  174.2594
3.257	 2.29	 1	 -42.5709	  173.3929
3.258	 2.25	 3	 -42.4489	  173.0817
3.258	 3.40	 3	 -42.4332	  172.9619
3.258	 2.19	 3	 -42.5363	  172.8753
3.259	 2.27	 3	 -42.4393	  172.8099
3.259	 2.12	 1	 -42.3486	  173.7268
3.259	 2.17	 3	 -42.2838	  172.9271
3.259	 2.35	 3	 -43.4197	  176.0349
3.260	 4.16	 3	 -42.2117	  172.6705
3.260	 2.07	 1	 -42.1627	  172.7288
3.260	 2.41	 3	 -38.1278	  173.7499
3.261	 2.12	 1	 -42.2995	  173.4609
3.261	 3.14	 1	 -41.7978	  174.2026
3.262	 2.54	 3	 -42.5279	  172.9800
3.263	 2.74	 1	 -42.4528	  173.1355
3.263	 3.03	 1	 -42.6504	  172.8799
3.263	 2.60	 3	 -42.6179	  172.8957
3.264	 2.17	 1	 -41.7984	  174.2177
3.264	 2.99	 3	 -42.4992	  173.0208
3.264	 2.92	 1	 -42.6660	  172.8390
3.264	 2.11	 1	 -42.1911	  174.0320
3.265	 2.65	 3	 -40.5730	  172.6322
3.266	 2.36	 3	 -42.5473	  172.9585
3.266	 2.15	 1	 -42.1861	  174.5360
3.266	 2.67	 1	 -41.7985	  174.1622
3.266	 2.21	 1	 -41.8326	  174.1209
3.267	 2.05	 1	 -41.8144	  174.2411
3.267	 2.05	 1	 -41.9840	  173.7163
3.267	 2.40	 1	 -42.3358	  173.6032
3.267	 4.25	 1	 -42.3766	  174.0107
3.268	 2.02	 3	 -42.5051	  172.8960
3.268	 2.02	 3	 -42.5083	  172.9075
3.268	 2.10	 3	 -42.8352	  173.5283
3.269	 2.43	 1	 -42.4364	  173.6013
3.269	 2.02	 1	 -42.6996	  172.8986
3.270	 3.53	 2	 -42.3580	  173.9847
3.270	 2.76	 1	 -41.6417	  174.1956
3.270	 2.79	 1	 -42.3024	  173.8087
3.271	 3.23	 2	 -42.5683	  173.0823
3.271	 2.29	 1	 -42.1975	  173.5686
3.273	 2.88	 1	 -42.1808	  173.6080
3.274	 2.68	 3	 -42.5761	  173.0625
3.274	 2.44	 3	 -42.3013	  173.4698
3.275	 2.16	 2	 -40.0120	  174.7907
3.275	 2.49	 1	 -41.7469	  174.3436
3.276	 2.21	 2	 -42.0555	  173.6171
3.276	 2.14	 3	 -42.6547	  172.9383
3.276	 2.12	 1	 -41.7213	  174.3850
3.277	 2.55	 3	 -43.0348	  172.8731
3.278	 2.84	 1	 -42.0800	  173.6761
3.278	 2.16	 1	 -42.7088	  173.4122
3.278	 2.09	 1	 -41.5261	  174.3017
3.279	 2.09	 1	 -42.3681	  173.4267
3.280	 2.23	 1	 -42.4675	  173.6402
3.281	 2.18	 1	 -42.1853	  173.5879
3.282	 3.54	 1	 -41.8998	  173.3204
3.282	 2.10	 1	 -42.3301	  173.5664
3.282	 2.28	 1	 -42.3217	  173.6665
3.283	 2.03	 2	 -42.2283	  173.9902
3.283	 2.40	 3	 -42.4959	  172.2745
3.283	 2.82	 1	 -42.6997	  172.9191
3.283	 2.68	 3	 -42.6292	  172.9095
3.284	 2.53	 1	 -41.9396	  176.1806
3.285	 2.30	 1	 -42.5288	  173.0261
3.285	 2.28	 2	 -41.9493	  174.0720
3.286	 2.14	 3	 -42.3591	  173.9848
3.286	 2.00	 1	 -41.9146	  174.3598
3.286	 2.19	 2	 -42.3827	  174.0057
3.287	 2.16	 3	 -41.7980	  172.2632
3.288	 2.61	 3	 -42.3312	  173.2939
3.288	 2.88	 1	 -42.3199	  173.8964
3.288	 2.10	 1	 -41.7194	  177.2507
3.288	 2.18	 3	 -41.8942	  174.6252
3.288	 3.14	 3	 -42.9252	  171.7666
3.288	 2.57	 3	 -42.5336	  172.8417
3.289	 2.31	 1	 -42.2432	  173.6320
3.290	 2.15	 1	 -43.0320	  173.3564
3.290	 2.21	 1	 -42.3727	  172.5736
3.290	 2.24	 3	 -41.5331	  174.4370
3.290	 2.16	 1	 -41.5913	  174.2294
3.291	 2.48	 1	 -42.2315	  173.6600
3.291	 2.52	 1	 -42.4915	  173.3027
3.291	 2.45	 3	 -42.6600	  172.8485
3.292	 3.04	 1	 -42.6817	  172.9837
3.292	 3.52	 1	 -41.6933	  174.2869
3.293	 2.98	 1	 -42.2516	  173.9486
3.294	 2.70	 2	 -42.5561	  174.6853
3.294	 2.49	 1	 -42.4767	  173.1678
3.294	 2.74	 2	 -42.2818	  174.1229
3.295	 3.12	 3	 -42.6199	  172.7287
3.295	 3.07	 1	 -42.0072	  173.8300
3.296	 2.85	 3	 -42.4553	  172.9929
3.297	 2.39	 1	 -42.2540	  173.6506
3.299	 2.25	 1	 -41.6416	  174.2482
3.299	 2.09	 2	 -42.3163	  173.4276
3.299	 3.77	 1	 -43.6479	  174.4584
3.300	 3.46	 1	 -42.7422	  172.9844
3.300	 3.06	 1	 -41.6489	  174.1854
3.300	 2.83	 1	 -41.7689	  174.1022
3.301	 2.55	 1	 -41.7505	  174.1593
3.302	 2.90	 1	 -42.3134	  173.9007
3.302	 2.13	 1	 -41.6242	  174.2327
3.302	 2.51	 2	 -42.3469	  175.1687
3.303	 2.70	 1	 -41.7361	  174.1041
3.303	 2.22	 1	 -42.4906	  173.1401
3.303	 2.06	 1	 -41.9114	  173.9484
3.304	 2.10	 1	 -42.1790	  173.6354
3.304	 2.39	 1	 -41.7231	  174.2826
3.306	 2.01	 1	 -42.6565	  172.7995
3.306	 2.87	 3	 -42.6604	  173.1184
3.307	 2.21	 1	 -42.4749	  173.1413
3.308	 2.55	 1	 -42.5650	  173.2977
3.308	 2.22	 1	 -42.4125	  174.1339
3.309	 2.57	 1	 -41.7507	  174.2694
3.309	 2.82	 3	 -42.1409	  172.6107
3.309	 2.32	 1	 -41.6101	  174.2810
3.309	 2.76	 1	 -42.7575	  173.0970
3.310	 2.09	 2	 -42.7794	  172.8184
3.311	 2.18	 1	 -41.7327	  174.4113
3.311	 2.73	 1	 -41.7381	  174.1964
3.313	 2.01	 3	 -42.4948	  173.0039
3.313	 3.16	 3	 -42.6245	  172.7063
3.313	 2.96	 1	 -42.3619	  173.1857
3.314	 2.76	 1	 -41.9278	  173.7467
3.315	 2.12	 1	 -41.9335	  173.9789
3.315	 2.59	 3	 -39.5462	  172.7950
3.315	 2.03	 3	 -41.6289	  174.3857
3.315	 2.37	 3	 -42.9541	  172.8945
3.316	 2.26	 1	 -42.3139	  173.4424
3.316	 2.34	 1	 -42.8750	  171.9610
3.317	 2.16	 2	 -42.6576	  172.8951
3.317	 2.04	 3	 -42.5685	  172.9090
3.317	 2.18	 3	 -42.3496	  173.0622
3.317	 3.58	 1	 -42.2514	  173.6436
3.317	 2.18	 3	 -42.2651	  172.8763
3.318	 2.14	 1	 -42.3820	  173.7642
3.319	 2.53	 1	 -42.4532	  173.2960
3.321	 2.68	 3	 -42.8640	  173.0006
3.321	 2.46	 1	 -42.3111	  173.5546
3.321	 2.09	 1	 -43.0072	  173.1067
3.321	 2.76	 1	 -42.2006	  173.5674
3.322	 2.51	 1	 -42.4154	  173.8440
3.322	 2.36	 2	 -41.8679	  174.2243
3.323	 3.09	 1	 -41.8406	  173.8479
3.323	 2.67	 3	 -42.1344	  172.7437
3.324	 2.09	 3	 -42.5356	  173.2016
3.324	 2.23	 3	 -42.5443	  172.7991
3.325	 2.17	 3	 -42.6363	  172.4014
3.325	 2.46	 1	 -42.3313	  173.8365
3.325	 2.76	 3	 -42.6726	  173.0930
3.327	 2.04	 3	 -42.4415	  173.1406
3.327	 2.15	 1	 -42.3270	  173.6459
3.327	 2.37	 3	 -42.6697	  172.3279
3.330	 2.23	 1	 -42.3144	  173.2186
3.330	 2.05	 2	 -42.1240	  173.5463
3.331	 2.05	 3	 -42.3273	  172.7130
3.331	 3.77	 3	 -42.5054	  172.9336
3.332	 2.80	 1	 -42.4408	  173.5724
3.333	 3.11	 1	 -41.6936	  174.3158
3.333	 2.10	 5	 -42.5384	  173.0894
3.334	 2.26	 1	 -42.1367	  173.6933
3.334	 3.08	 2	 -42.3216	  173.4483
3.335	 2.60	 1	 -41.7217	  174.1530
3.335	 2.15	 3	 -42.4346	  172.7876
3.335	 2.02	 1	 -42.0889	  172.8916
3.336	 2.44	 1	 -43.7491	  176.0072
3.336	 2.08	 3	 -42.7747	  172.7622
3.336	 3.42	 1	 -41.7494	  174.2774
3.337	 2.20	 3	 -42.5637	  172.9010
3.338	 2.76	 1	 -41.6500	  174.1731
3.338	 2.35	 3	 -41.9260	  173.3018
3.338	 2.02	 1	 -42.1882	  174.2178
3.339	 2.03	 3	 -43.1610	  172.6749
3.339	 2.73	 1	 -42.4304	  173.1453
3.340	 2.15	 1	 -42.1976	  173.8802
3.340	 2.20	 1	 -42.6016	  172.8814
3.341	 2.15	 1	 -42.6776	  172.9215
3.342	 4.19	 3	 -42.5074	  173.1866
3.343	 2.09	 1	 -42.3509	  173.1072
3.343	 2.46	 3	 -42.3335	  173.0156
3.344	 2.46	 3	 -41.5142	  174.0703
3.346	 2.93	 1	 -42.4047	  172.9991
3.346	 2.22	 1	 -41.7172	  173.7253
3.347	 2.25	 2	 -42.4665	  173.1553
3.347	 2.05	 1	 -42.8279	  173.0941
3.347	 2.13	 1	 -42.6328	  172.5492
3.347	 2.21	 1	 -42.4597	  173.8371
3.348	 2.25	 1	 -42.6810	  172.7493
3.348	 2.12	 1	 -42.5428	  173.1900
3.349	 2.01	 1	 -41.7924	  174.0303
3.349	 2.42	 1	 -41.7477	  174.1921
3.350	 2.05	 1	 -41.9163	  174.0692
3.351	 2.35	 1	 -41.7377	  174.3087
3.351	 2.69	 1	 -41.8278	  174.5775
3.351	 2.43	 3	 -42.2995	  172.9644
3.353	 2.18	 2	 -41.6018	  174.1789
3.354	 2.18	 1	 -42.4104	  173.8752
3.354	 2.73	 1	 -41.7173	  174.2271
3.355	 2.28	 3	 -42.4934	  173.1041
3.355	 3.39	 3	 -42.8440	  172.7519
3.357	 2.18	 1	 -41.7041	  174.3895
3.357	 2.19	 1	 -42.3681	  173.4701
3.358	 3.00	 1	 -41.6802	  174.1917
3.358	 2.01	 1	 -42.0565	  173.7103
3.359	 2.65	 4	 -42.2157	  172.3163
3.359	 2.26	 1	 -42.6393	  173.7851
3.359	 3.32	 2	 -42.4754	  172.7334
3.360	 2.56	 1	 -42.6090	  172.8145
3.360	 3.09	 3	 -42.4841	  172.7706
3.360	 3.35	 2	 -41.7785	  173.2238
3.361	 2.15	 1	 -42.3078	  173.8978
3.362	 2.47	 3	 -42.2647	  172.7434
3.362	 2.12	 3	 -41.7529	  173.1800
3.362	 2.40	 3	 -42.5591	  173.1174
3.362	 3.27	 1	 -41.8988	  174.3290
3.363	 2.36	 1	 -42.2908	  172.7709
3.365	 2.08	 3	 -42.1559	  173.4572
3.365	 2.17	 1	 -42.0996	  174.9801
3.367	 2.08	 1	 -43.3033	  172.6555
3.368	 2.19	 3	 -41.6144	  174.3420
3.370	 2.78	 2	 -42.6385	  174.1317
3.370	 2.34	 1	 -42.6753	  172.7922
3.370	 2.14	 1	 -42.8029	  172.8588
3.371	 2.03	 2	 -42.2480	  173.6442
3.371	 2.22	 2	 -42.4601	  173.8392
3.372	 2.26	 3	 -42.4493	  173.7269
3.372	 2.86	 3	 -42.5451	  173.3725
3.373	 2.02	 1	 -42.2315	  173.7132
3.373	 2.82	 3	 -43.5945	  172.0601
3.373	 2.17	 3	 -42.5572	  173.0325
3.373	 2.09	 2	 -42.2911	  174.1521
3.373	 2.09	 3	 -42.5649	  172.9096
3.374	 2.31	 1	 -42.2167	  173.0315
3.374	 2.58	 1	 -41.7640	  174.2846
3.375	 2.13	 3	 -42.6700	  173.1493
3.375	 2.45	 1	 -41.9219	  174.6467
3.377	 2.56	 3	 -42.4114	  172.9344
3.377	 2.34	 1	 -41.5642	  174.3731
3.377	 2.55	 3	 -42.3520	  171.9351
3.377	 2.91	 1	 -41.7686	  174.2007
3.377	 2.02	 1	 -42.2821	  173.6659
3.378	 2.25	 1	 -42.8941	  174.0257
3.379	 2.41	 1	 -46.7403	  173.8866
3.379	 2.36	 1	 -41.5068	  174.9344
3.379	 2.09	 1	 -41.8589	  174.2272
3.380	 2.82	 1	 -41.9186	  173.7756
3.381	 2.41	 1	 -41.7439	  174.2908
3.381	 2.21	 1	 -42.4241	  173.8628
3.381	 2.01	 1	 -42.6515	  173.1835
3.382	 2.43	 1	 -41.6750	  174.2747
3.383	 2.07	 1	 -42.4595	  173.1455
3.384	 2.07	 3	 -42.6593	  172.6813
3.386	 2.40	 2	 -42.2808	  173.6259
3.389	 2.31	 1	 -42.5414	  173.1937
3.390	 2.12	 2	 -41.6635	  174.3109
3.390	 2.39	 1	 -41.6572	  174.2254
3.391	 2.64	 2	 -41.7667	  174.3027
3.391	 2.05	 3	 -40.2350	  173.7383
3.392	 2.03	 1	 -42.3916	  174.0442
3.393	 2.05	 1	 -41.8987	  174.1700
3.393	 2.35	 1	 -42.2571	  173.4547
3.394	 2.13	 3	 -42.7174	  173.1378
3.394	 2.01	 3	 -42.9535	  172.4613
3.394	 2.09	 2	 -42.3913	  173.5666
3.395	 2.01	 1	 -41.1936	  174.2315
3.395	 2.10	 2	 -41.4954	  174.3810
3.397	 2.82	 1	 -44.0778	  175.6703
3.397	 2.91	 1	 -42.3516	  173.9053
3.399	 2.05	 2	 -41.6779	  174.3232
3.400	 2.02	 4	 -42.5443	  172.8313
3.401	 2.24	 1	 -41.5766	  174.2771
3.401	 2.21	 1	 -42.4722	  172.8701
3.402	 2.00	 2	 -42.3801	  174.0245
3.404	 2.10	 1	 -41.8013	  174.0427
3.404	 3.12	 1	 -43.4518	  168.6680
3.404	 2.76	 1	 -41.7039	  174.3503
3.405	 2.32	 1	 -42.2305	  173.7180
3.405	 2.35	 4	 -42.4867	  173.1935
3.406	 2.82	 1	 -42.0666	  173.7092
3.406	 2.46	 3	 -42.4885	  172.9918
3.406	 2.22	 1	 -41.7861	  174.2713
3.407	 2.21	 2	 -43.0100	  173.1035
3.407	 2.61	 1	 -42.1507	  173.5839
3.407	 2.21	 1	 -42.5814	  174.3321
3.409	 2.11	 2	 -42.0000	  174.0724
3.409	 2.08	 1	 -41.7372	  174.2504
3.409	 2.15	 1	 -41.6879	  174.2883
3.410	 2.35	 1	 -41.7540	  174.1636
3.410	 2.60	 3	 -42.4742	  172.9635
3.411	 2.54	 2	 -42.0066	  172.8745
3.413	 2.16	 1	 -42.3170	  173.9019
3.413	 2.63	 1	 -42.1446	  173.8941
3.413	 2.41	 3	 -43.2713	  172.9095
3.415	 2.08	 1	 -41.6741	  174.3160
3.416	 2.64	 1	 -42.3574	  173.0614
3.416	 2.26	 1	 -41.6569	  174.3274
3.416	 2.07	 1	 -41.7849	  174.1200
3.416	 2.10	 3	 -42.1917	  173.0204
3.417	 3.26	 1	 -42.9421	  173.3263
3.417	 2.32	 1	 -42.4160	  173.4698
3.417	 2.15	 1	 -42.5973	  173.3562
3.418	 2.49	 1	 -42.0851	  173.8576
3.420	 2.14	 3	 -42.4747	  173.0129
3.421	 2.00	 1	 -41.9284	  173.9918
3.422	 2.80	 1	 -42.9887	  173.0570
3.422	 2.18	 1	 -41.9587	  173.6315
3.422	 2.61	 1	 -41.6292	  171.6892
3.424	 2.02	 3	 -42.4406	  172.9024
3.424	 2.18	 1	 -42.0948	  172.8344
3.424	 2.18	 1	 -41.8824	  173.8553
3.425	 2.98	 1	 -42.4389	  173.6133
3.426	 3.05	 1	 -42.2507	  173.5265
3.426	 2.52	 1	 -42.2977	  173.6605
3.426	 2.67	 3	 -42.5509	  171.2332
3.427	 2.03	 1	 -41.7217	  174.2377
3.428	 2.11	 3	 -42.5162	  172.8434
3.428	 3.25	 1	 -42.1489	  173.5761
3.428	 2.38	 1	 -41.8067	  174.1701
3.429	 2.75	 1	 -41.8498	  173.9502
3.429	 2.03	 1	 -42.3333	  173.4787
3.429	 2.02	 3	 -42.4583	  172.8952
3.429	 2.40	 2	 -41.5404	  175.4596
3.430	 2.76	 1	 -41.6133	  174.2675
3.431	 2.31	 2	 -42.9213	  173.3559
3.431	 2.06	 3	 -42.5586	  173.1875
3.433	 2.03	 1	 -42.4285	  173.2833
3.433	 2.21	 1	 -42.3407	  173.8540
3.433	 2.08	 1	 -41.7186	  174.3158
3.433	 2.01	 1	 -41.7918	  174.2464
3.434	 2.03	 3	 -42.3817	  173.1293
3.434	 2.04	 2	 -41.5119	  174.3521
3.434	 2.11	 1	 -41.7869	  174.2307
3.434	 2.00	 3	 -42.6653	  172.8630
3.435	 2.15	 1	 -41.7491	  174.2777
3.436	 2.26	 1	 -42.5896	  172.9495
3.437	 2.91	 1	 -41.9919	  173.9532
3.437	 2.01	 1	 -42.4147	  173.3251
3.439	 2.35	 3	 -42.4263	  173.3637
3.439	 2.05	 3	 -44.7312	  178.2793
3.439	 3.49	 1	 -41.7619	  174.1742
3.439	 2.42	 1	 -42.7428	  177.5994
3.439	 2.48	 1	 -41.8652	  173.5630
3.440	 2.26	 1	 -42.5586	  173.1658
3.440	 2.34	 1	 -46.6645	  170.9574
3.441	 2.36	 1	 -42.5286	  173.6869
3.441	 3.10	 2	 -41.8245	  174.0122
3.441	 2.25	 2	 -42.2754	  174.1114
3.442	 2.43	 3	 -42.3865	  173.8667
3.442	 2.06	 1	 -42.2289	  173.7231
3.443	 2.61	 3	 -42.5691	  172.9610
3.443	 2.38	 1	 -41.7021	  174.3463
3.444	 2.09	 4	 -42.2185	  172.6550
3.444	 2.57	 1	 -42.6544	  173.0291
3.445	 2.05	 1	 -41.9573	  173.6821
3.446	 2.69	 1	 -42.7423	  173.0789
3.447	 3.32	 1	 -45.7436	  168.5282
3.448	 2.29	 3	 -42.4225	  173.0757
3.449	 2.01	 1	 -42.3097	  173.9624
3.449	 3.05	 1	 -41.6598	  174.1997
3.450	 2.70	 2	 -41.9449	  173.9136
3.450	 2.43	 1	 -42.3150	  173.9986
3.452	 2.42	 1	 -42.2608	  173.9179
3.452	 2.19	 1	 -41.8379	  174.2329
3.454	 2.50	 1	 -41.7052	  174.2476
3.454	 2.04	 1	 -42.1376	  173.5066
3.455	 2.00	 1	 -42.2644	  173.6701
3.455	 2.72	 1	 -41.7971	  173.4234
3.455	 2.17	 3	 -42.0907	  172.5706
3.456	 2.11	 1	 -42.3539	  173.7021
3.457	 2.08	 2	 -41.6531	  174.1736
3.457	 2.21	 1	 -42.5031	  173.5054
3.457	 2.11	 1	 -41.5330	  178.9330
3.458	 2.26	 1	 -42.3847	  174.1560
3.458	 2.07	 1	 -41.6857	  174.2329
3.459	 2.05	 1	 -41.7661	  174.1518
3.459	 2.17	 1	 -42.3875	  173.8648
3.460	 2.08	 2	 -42.2593	  173.8928
3.461	 3.14	 3	 -38.9313	  172.4792
3.461	 2.84	 2	 -42.2805	  174.1135
3.461	 2.26	 1	 -42.7681	  172.7091
3.462	 2.23	 1	 -42.6001	  172.9623
3.462	 2.07	 2	 -43.3148	  174.0757
3.463	 2.28	 2	 -42.3139	  174.2655
3.465	 2.79	 1	 -42.2097	  173.7208
3.466	 2.09	 1	 -42.6415	  174.1915
3.467	 2.01	 3	 -42.9313	  172.7505
3.467	 2.14	 3	 -41.5917	  174.3547
3.468	 2.06	 1	 -42.7632	  172.7451
3.468	 2.04	 2	 -41.9658	  173.7224
3.468	 2.33	 1	 -41.9781	  173.8797
3.469	 2.43	 1	 -42.4563	  173.2676
3.469	 2.05	 3	 -40.7176	  172.4310
3.470	 2.55	 3	 -42.2223	  172.8427
3.470	 2.03	 3	 -42.6031	  173.2392
3.472	 2.66	 1	 -41.7563	  174.3145
3.472	 2.46	 1	 -42.3251	  173.1189
3.473	 2.42	 1	 -42.1065	  172.6103
3.473	 2.01	 1	 -42.5301	  172.9155
3.474	 2.46	 3	 -41.4796	  173.0006
3.474	 2.52	 1	 -41.7162	  174.2292
3.474	 2.07	 3	 -42.4270	  173.0536
3.476	 2.38	 1	 -42.3882	  174.0537
3.477	 2.77	 1	 -41.9048	  173.9182
3.477	 2.25	 1	 -42.0263	  173.7782
3.478	 2.83	 1	 -42.3670	  172.9035
3.478	 2.14	 1	 -42.4673	  172.9749
3.478	 2.47	 1	 -41.6611	  174.0805
3.480	 2.06	 3	 -42.4117	  172.7383
3.484	 2.11	 1	 -42.8310	  173.9464
3.484	 2.03	 3	 -42.7374	  173.0434
3.486	 2.32	 1	 -41.6294	  174.4537
3.486	 2.92	 3	 -42.6895	  173.0500
3.486	 2.16	 1	 -42.6465	  174.2529
3.487	 2.32	 3	 -41.7068	  173.5401
3.487	 2.15	 1	 -41.6655	  177.4947
3.488	 2.39	 3	 -42.3719	  173.9970
3.488	 2.21	 1	 -42.2748	  173.7920
3.488	 2.37	 1	 -42.1156	  173.7661
3.488	 2.11	 3	 -42.4879	  172.8393
3.489	 2.28	 2	 -42.4904	  173.7309
3.489	 2.11	 1	 -42.4294	  173.7293
3.490	 2.10	 2	 -41.8539	  173.9385
3.491	 2.77	 1	 -41.7284	  174.2514
3.493	 2.08	 3	 -42.0320	  173.0613
3.494	 2.87	 1	 -41.8340	  173.7775
3.495	 2.21	 1	 -42.3209	  173.6624
3.496	 2.04	 3	 -42.6769	  172.7629
3.496	 2.21	 1	 -41.7165	  174.1488
3.497	 2.20	 1	 -41.0894	  174.2591
3.497	 2.07	 1	 -42.4198	  173.7626
3.498	 2.81	 1	 -42.5615	  173.1314
3.498	 2.04	 1	 -41.7998	  174.2004
3.498	 2.40	 1	 -41.8209	  174.2465
3.500	 2.44	 4	 -42.0321	  173.0609
3.501	 3.45	 2	 -42.5126	  173.2559
3.501	 3.04	 3	 -42.3796	  172.7722
3.501	 2.04	 1	 -41.9972	  173.7178
3.502	 2.31	 1	 -41.7192	  174.2096
3.503	 2.78	 3	 -42.6675	  173.8266
3.503	 2.60	 3	 -42.5489	  172.8949
3.504	 2.57	 1	 -41.6866	  174.2719
3.505	 2.94	 1	 -42.4007	  173.8704
3.507	 2.60	 2	 -41.9287	  174.2284
3.507	 2.02	 3	 -42.3877	  173.2260
3.507	 2.26	 2	 -42.8089	  173.0937
3.508	 2.38	 1	 -42.4802	  174.0693
3.508	 2.84	 1	 -42.2634	  173.7188
3.508	 2.19	 1	 -42.5565	  172.8000
3.508	 2.36	 1	 -42.4901	  174.0909
3.509	 2.01	 1	 -41.8436	  174.2025
3.509	 2.32	 1	 -42.5036	  173.7658
3.510	 3.74	 1	 -41.9891	  173.7195
3.512	 2.27	 1	 -42.2473	  173.7012
3.513	 2.16	 2	 -41.9483	  173.7048
3.513	 2.19	 1	 -41.8574	  174.2769
3.514	 2.23	 1	 -42.3057	  173.8229
3.514	 2.36	 1	 -41.7884	  174.3157
3.515	 2.70	 1	 -41.7008	  174.3361
3.515	 2.02	 1	 -42.3284	  173.3713
3.515	 2.01	 1	 -42.6763	  173.4210
3.516	 2.15	 1	 -42.8060	  173.0138
3.517	 2.92	 1	 -41.7608	  174.3337
3.517	 2.56	 1	 -41.9316	  173.8625
3.517	 2.44	 3	 -42.5176	  173.2383
3.518	 2.19	 1	 -42.4186	  173.2721
3.518	 2.04	 1	 -42.2246	  173.7566
3.518	 2.25	 3	 -42.4432	  172.9647
3.518	 2.58	 3	 -42.5357	  172.9677
3.519	 3.17	 1	 -42.4075	  173.9944
3.521	 2.74	 1	 -41.8110	  174.2940
3.522	 2.11	 1	 -42.1862	  173.0172
3.522	 2.94	 1	 -41.6825	  174.2639
3.523	 2.18	 3	 -42.4054	  172.6289
3.523	 2.11	 3	 -42.5107	  172.8778
3.524	 2.19	 3	 -42.6640	  173.1545
3.525	 2.26	 1	 -42.1042	  173.5409
3.525	 2.82	 1	 -42.3909	  174.1120
3.526	 2.37	 1	 -41.9879	  173.6718
3.527	 2.07	 1	 -42.5659	  174.0464
3.528	 2.94	 1	 -44.6289	  170.9222
3.529	 2.08	 1	 -41.7262	  174.2791
3.529	 2.94	 1	 -42.3779	  173.8012
3.529	 2.36	 2	 -41.8947	  174.1218
3.529	 2.02	 1	 -42.0448	  173.7183
3.530	 2.11	 3	 -42.7683	  172.9991
3.530	 2.05	 1	 -41.7961	  174.2108
3.531	 2.85	 1	 -42.0327	  173.6010
3.532	 3.45	 1	 -41.8833	  173.8889
3.532	 2.75	 1	 -41.6516	  174.3076
3.533	 2.04	 1	 -42.5551	  172.7160
3.533	 2.99	 1	 -42.1718	  173.5506
3.535	 3.02	 3	 -42.3823	  173.0529
3.535	 2.38	 1	 -42.7324	  174.0022
3.535	 4.07	 3	 -42.5259	  173.3387
3.536	 2.63	 1	 -41.6885	  174.2458
3.537	 2.24	 2	 -42.4642	  174.6062
3.539	 2.66	 1	 -41.3079	  167.7322
3.539	 2.04	 2	 -41.7763	  174.2172
3.539	 2.19	 3	 -42.5125	  172.8442
3.541	 2.20	 1	 -42.3586	  173.7669
3.541	 2.94	 1	 -41.7358	  174.3458
3.541	 2.54	 2	 -42.1571	  173.9862
3.541	 2.39	 1	 -42.3270	  173.7233
3.542	 2.16	 1	 -42.4585	  173.7302
3.542	 3.23	 1	 -42.2682	  173.6671
3.542	 2.07	 1	 -42.3154	  173.2306
3.542	 2.78	 3	 -42.2610	  173.4953
3.543	 2.57	 1	 -42.3658	  172.9612
3.543	 2.02	 1	 -42.5496	  173.0587
3.543	 3.24	 3	 -42.4943	  171.4959
3.545	 2.19	 1	 -42.4992	  173.6488
3.545	 2.38	 3	 -42.6262	  173.1017
3.545	 2.08	 2	 -42.3337	  173.1629
3.546	 2.22	 2	 -42.3473	  173.8950
3.546	 2.39	 1	 -41.9648	  174.2745
3.548	 2.33	 1	 -42.2943	  173.8714
3.548	 2.07	 1	 -41.7145	  174.1815
3.548	 2.13	 1	 -42.4692	  173.7018
3.549	 2.03	 1	 -42.1471	  173.5945
3.549	 2.04	 3	 -42.1546	  173.0744
3.549	 2.87	 1	 -42.6497	  172.8887
3.551	 2.25	 3	 -42.4186	  172.8349
3.551	 2.27	 4	 -42.5300	  173.3366
3.551	 2.07	 3	 -42.0538	  174.0350
3.553	 2.28	 1	 -42.4765	  173.5848
3.553	 2.07	 1	 -41.6926	  174.0952
3.554	 2.85	 1	 -41.6560	  174.5651
3.555	 2.28	 1	 -42.8148	  175.6884
3.556	 2.16	 2	 -41.6811	  174.2638
3.556	 2.10	 1	 -42.2704	  173.6330
3.556	 2.30	 2	 -41.7667	  174.2290
3.557	 2.64	 3	 -42.4566	  171.0397
3.557	 2.74	 1	 -42.7408	  172.9425
3.558	 2.93	 1	 -41.6691	  174.2412
3.558	 2.93	 1	 -42.4607	  173.7544
3.559	 2.00	 2	 -45.1213	  177.5658
3.561	 2.07	 1	 -42.3654	  173.0530
3.561	 2.22	 1	 -41.6765	  174.3313
3.561	 2.76	 1	 -42.3936	  173.1579
3.561	 2.33	 1	 -42.3902	  173.5786
3.563	 2.71	 3	 -42.3802	  172.9315
3.564	 2.26	 1	 -42.1263	  173.7384
3.564	 2.61	 3	 -42.8966	  173.2249
3.564	 3.06	 1	 -42.0509	  173.7694
3.565	 2.17	 1	 -42.4567	  173.1653
3.565	 2.19	 3	 -41.5463	  174.3024
3.566	 3.18	 1	 -42.3637	  174.0851
3.567	 2.19	 1	 -42.3640	  173.4646
3.567	 2.20	 1	 -42.5162	  173.2363
3.568	 2.16	 1	 -41.6691	  174.3589
3.568	 2.31	 1	 -42.1671	  173.6509
3.569	 2.05	 2	 -41.9805	  173.4740
3.569	 2.58	 1	 -41.9582	  174.1162
3.569	 3.71	 1	 -42.1188	  173.6274
3.570	 2.08	 1	 -41.9062	  174.1136
3.570	 2.52	 2	 -42.1213	  173.6238
3.571	 2.34	 1	 -42.5458	  174.0693
3.572	 3.92	 1	 -42.5737	  173.2424
3.573	 3.11	 1	 -42.1149	  173.9576
3.574	 2.20	 1	 -41.7165	  174.2718
3.575	 2.34	 3	 -42.6673	  173.2852
3.575	 2.21	 1	 -42.4078	  173.3334
3.575	 2.48	 1	 -42.3743	  173.3661
3.576	 2.38	 1	 -42.0688	  173.5063
3.577	 3.10	 4	 -42.1438	  172.7082
3.577	 3.24	 3	 -42.8983	  172.4203
3.577	 2.19	 2	 -41.5364	  174.4362
3.578	 2.06	 3	 -42.3824	  173.1230
3.580	 2.03	 1	 -42.5674	  174.1065
3.581	 2.22	 1	 -41.6848	  174.2226
3.581	 2.01	 1	 -42.4997	  173.9861
3.581	 2.57	 1	 -41.7569	  174.2506
3.583	 2.59	 3	 -42.4351	  173.1032
3.583	 2.37	 1	 -42.2456	  173.5645
3.583	 3.55	 1	 -42.0418	  173.6607
3.584	 2.28	 1	 -41.6508	  174.2642
3.584	 2.23	 3	 -42.6544	  172.9117
3.584	 2.13	 2	 -42.4099	  173.1974
3.586	 2.07	 2	 -42.4193	  173.7717
3.588	 2.58	 1	 -42.6002	  173.0939
3.589	 2.70	 3	 -43.2168	  173.3819
3.590	 2.35	 1	 -41.7442	  174.3164
3.591	 2.40	 1	 -41.7090	  174.2047
3.591	 2.51	 1	 -41.7479	  174.3748
3.591	 2.23	 1	 -42.2802	  173.4571
3.593	 2.05	 1	 -41.8514	  174.1867
3.593	 2.14	 1	 -42.2901	  173.8441
3.594	 2.03	 4	 -42.7661	  173.6127
3.594	 2.07	 1	 -42.3532	  173.7602
3.595	 2.42	 3	 -43.0271	  174.0747
3.597	 2.07	 1	 -41.9277	  173.6715
3.599	 2.76	 3	 -42.5978	  172.9345
3.599	 3.08	 1	 -42.6637	  172.8471
3.600	 2.29	 1	 -42.3856	  173.5714
3.601	 2.36	 1	 -42.3168	  173.6779
3.602	 2.03	 1	 -41.9543	  173.8452
3.602	 2.68	 1	 -42.2586	  173.6286
3.603	 2.37	 1	 -42.3965	  173.8213
3.603	 2.17	 1	 -41.7198	  174.2189
3.603	 2.10	 1	 -41.9549	  174.2135
3.604	 2.14	 3	 -42.6397	  172.4986
3.604	 2.26	 1	 -41.6876	  173.5616
3.604	 2.08	 1	 -38.3133	  176.7929
3.605	 2.48	 1	 -42.4485	  173.3048
3.606	 2.20	 1	 -42.5129	  173.4416
3.606	 2.89	 1	 -42.1678	  173.4265
3.607	 2.57	 1	 -42.4781	  173.6156
3.607	 2.69	 3	 -42.0920	  172.6859
3.608	 2.14	 1	 -42.4927	  173.0714
3.608	 2.17	 1	 -41.7620	  174.2626
3.609	 2.07	 1	 -42.5065	  173.5071
3.610	 2.97	 3	 -42.5847	  172.7856
3.610	 2.07	 1	 -41.7871	  174.3997
3.611	 2.50	 3	 -42.6259	  173.5860
3.612	 2.22	 1	 -42.2873	  173.6335
3.612	 2.06	 1	 -42.0599	  174.0907
3.613	 2.69	 3	 -42.5644	  172.9805
3.613	 2.85	 1	 -42.2504	  173.9875
3.613	 2.41	 1	 -41.7996	  174.2207
3.613	 2.81	 1	 -42.1530	  173.1668
3.613	 2.12	 1	 -42.3816	  173.1396
3.614	 2.02	 1	 -41.7403	  174.3243
3.614	 2.06	 3	 -42.8808	  172.6975
3.615	 2.72	 2	 -41.9279	  174.0695
3.615	 2.15	 1	 -41.5564	  174.2156
3.615	 2.54	 1	 -42.6976	  173.5296
3.615	 3.07	 1	 -42.2018	  173.8042
3.615	 2.18	 1	 -43.4657	  173.7228
3.615	 2.10	 3	 -42.6578	  172.8223
3.616	 2.25	 1	 -41.8382	  174.2147
3.617	 3.20	 1	 -42.2175	  173.7544
3.617	 2.45	 1	 -41.2742	  175.4041
3.619	 2.09	 3	 -42.5852	  172.9248
3.619	 2.65	 1	 -42.0308	  173.7789
3.620	 2.48	 3	 -42.6113	  173.9098
3.620	 2.01	 1	 -42.2858	  173.7100
3.622	 2.81	 3	 -41.5221	  174.4267
3.622	 2.06	 1	 -42.3315	  173.6798
3.622	 2.07	 1	 -42.4484	  173.7909
3.623	 2.71	 3	 -42.4538	  173.2278
3.624	 3.00	 1	 -42.3837	  174.0377
3.626	 2.52	 2	 -41.5455	  174.5258
3.626	 2.42	 1	 -42.3925	  173.0823
3.626	 3.59	 1	 -42.3216	  173.3883
3.627	 2.21	 1	 -42.4431	  173.3260
3.628	 2.20	 1	 -42.5565	  173.1165
3.629	 2.38	 2	 -41.7396	  174.1725
3.630	 4.60	 2	 -42.0515	  173.6612
3.630	 2.23	 1	 -42.3660	  173.0567
3.630	 3.04	 1	 -41.6716	  174.2300
3.631	 2.62	 1	 -41.9406	  173.1165
3.632	 2.49	 1	 -41.8161	  174.3282
3.632	 2.67	 4	 -42.5213	  173.3282
3.632	 2.14	 1	 -42.7761	  173.1092
3.632	 2.56	 1	 -42.3533	  174.0651
3.632	 2.35	 1	 -42.6584	  172.8133
3.634	 2.71	 3	 -38.8106	  169.7409
3.634	 2.38	 1	 -42.4991	  173.0420
3.635	 2.64	 1	 -38.2979	  176.3268
3.635	 2.33	 1	 -42.9522	  172.9305
3.635	 2.00	 2	 -42.7005	  172.8599
3.636	 2.04	 1	 -41.7887	  174.1888
3.636	 2.20	 3	 -42.6087	  172.6878
3.636	 2.65	 1	 -41.9458	  173.9217
3.637	 2.75	 2	 -41.7873	  174.2278
3.637	 2.29	 1	 -41.7066	  174.2532
3.637	 2.42	 2	 -42.0185	  173.7743
3.639	 2.14	 1	 -42.6703	  172.8216
3.639	 2.32	 1	 -42.4506	  173.9980
3.639	 2.30	 1	 -42.3731	  173.4122
3.640	 2.43	 3	 -43.0778	  173.3080
3.640	 2.41	 1	 -42.2180	  172.6094
3.641	 2.37	 1	 -42.4874	  173.8164
3.641	 2.78	 1	 -42.2108	  173.5279
3.642	 2.10	 1	 -41.6587	  174.0800
3.642	 2.18	 1	 -41.8366	  174.2471
3.644	 2.02	 1	 -42.2139	  172.5789
3.644	 2.27	 1	 -41.7759	  174.3030
3.644	 2.41	 1	 -42.1932	  174.0972
3.646	 2.40	 1	 -42.5069	  174.0702
3.646	 3.14	 1	 -42.2010	  173.6777
3.647	 2.34	 1	 -41.8375	  174.0285
3.647	 2.25	 3	 -42.2153	  173.1271
3.648	 2.35	 2	 -41.5191	  174.3807
3.648	 2.42	 1	 -41.6992	  174.3282
3.649	 2.12	 1	 -41.7086	  174.3879
3.651	 2.15	 1	 -42.1344	  173.4202
3.653	 2.80	 2	 -41.8223	  173.6964
3.653	 2.12	 1	 -42.1606	  174.9600
3.653	 2.04	 1	 -42.0759	  173.7584
3.654	 2.35	 1	 -42.3960	  173.7406
3.656	 2.90	 1	 -42.3947	  173.7939
3.657	 2.66	 3	 -42.5734	  172.4666
3.657	 4.53	 1	 -40.2125	  173.9309
3.658	 2.22	 2	 -42.2117	  173.7119
3.658	 2.48	 1	 -42.3427	  173.6531
3.658	 2.03	 1	 -41.7237	  174.1677
3.658	 2.52	 2	 -43.6730	  174.4486
3.658	 3.29	 2	 -42.0297	  173.6699
3.658	 2.36	 2	 -41.8196	  173.7309
3.659	 2.19	 3	 -42.5477	  170.5256
3.660	 2.58	 1	 -42.5650	  172.9727
3.661	 2.55	 1	 -41.7118	  174.2718
3.661	 2.23	 3	 -42.6010	  172.9932
3.662	 2.56	 1	 -42.6791	  173.1141
3.663	 2.35	 3	 -42.3921	  172.9480
3.663	 2.85	 1	 -42.1477	  173.6626
3.664	 2.06	 1	 -42.0831	  173.7665
3.664	 2.09	 2	 -42.2997	  173.4850
3.665	 2.41	 3	 -42.4652	  172.8258
3.666	 2.96	 1	 -42.7474	  173.1006
3.667	 2.24	 1	 -41.7031	  174.1654
3.668	 2.51	 1	 -42.4843	  173.7764
3.668	 2.78	 3	 -42.8088	  172.8834
3.669	 2.53	 1	 -42.3554	  173.3584
3.670	 2.09	 1	 -42.3238	  173.7346
3.672	 2.64	 3	 -42.8869	  172.8863
3.673	 2.11	 1	 -42.1010	  173.9471
3.673	 2.09	 1	 -41.9907	  173.7688
3.674	 3.29	 1	 -41.6493	  174.7859
3.674	 2.15	 1	 -42.7905	  172.0855
3.675	 2.45	 3	 -42.2750	  171.9626
3.675	 2.48	 3	 -42.4955	  172.9433
3.675	 2.10	 1	 -41.1026	  173.9963
3.675	 2.28	 3	 -41.6882	  178.9520
3.675	 2.13	 1	 -41.7573	  174.2478
3.676	 2.27	 1	 -43.9290	  174.1656
3.676	 3.03	 2	 -41.6172	  174.0078
3.677	 2.04	 1	 -41.6972	  174.2368
3.678	 2.08	 2	 -42.1899	  173.6542
3.679	 2.08	 3	 -42.6753	  173.9338
3.682	 2.48	 3	 -42.4067	  173.1795
3.684	 2.49	 1	 -42.3972	  173.5364
3.684	 2.08	 1	 -41.1582	  173.1066
3.685	 2.30	 3	 -42.5270	  172.9845
3.685	 2.04	 2	 -42.6060	  173.7858
3.685	 2.25	 1	 -42.4258	  173.6770
3.685	 2.82	 2	 -40.2263	  173.9550
3.686	 2.39	 1	 -41.6757	  174.1722
3.686	 3.21	 1	 -42.0367	  173.6388
3.686	 2.14	 1	 -42.3615	  173.5932
3.686	 2.29	 3	 -42.2073	  172.9871
3.686	 2.39	 2	 -42.6036	  172.8771
3.687	 2.12	 3	 -42.2872	  173.5967
3.687	 2.11	 3	 -42.6235	  172.8003
3.687	 2.12	 3	 -42.8919	  173.5387
3.689	 2.64	 1	 -42.7153	  172.7634
3.690	 2.23	 1	 -41.8244	  173.4609
3.690	 2.09	 1	 -41.6074	  174.1196
3.692	 3.40	 1	 -39.9074	  169.9327
3.693	 2.11	 2	 -40.2230	  173.9604
3.694	 2.01	 1	 -42.0322	  173.7605
3.694	 2.18	 2	 -41.7940	  173.4600
3.695	 2.04	 1	 -41.9663	  173.6217
3.695	 2.38	 1	 -42.1453	  175.6470
3.696	 2.58	 3	 -42.5210	  172.8734
3.697	 2.22	 1	 -42.1944	  173.5685
3.697	 2.45	 2	 -42.3455	  173.8757
3.698	 2.93	 1	 -42.9596	  173.0787
3.698	 2.16	 1	 -42.3062	  173.8217
3.699	 2.10	 1	 -41.7241	  174.3770
3.699	 2.57	 3	 -41.4795	  172.7737
3.699	 2.02	 2	 -42.4576	  173.8341
3.700	 2.47	 3	 -41.6194	  174.3762
3.702	 2.13	 2	 -42.0523	  173.6655
3.702	 2.10	 1	 -42.1639	  173.5952
3.703	 2.04	 3	 -42.4412	  173.1140
3.704	 2.06	 1	 -42.1973	  173.9816
3.704	 2.23	 1	 -42.6966	  172.8687
3.706	 2.27	 1	 -41.6848	  174.2137
3.707	 2.01	 1	 -41.3407	  174.3293
3.707	 3.04	 1	 -41.7738	  174.1815
3.709	 2.17	 1	 -42.0712	  172.8898
3.709	 2.28	 1	 -42.3179	  173.9190
3.712	 3.72	 1	 -42.2530	  173.8855
3.712	 2.14	 4	 -42.2197	  172.6161
3.713	 2.31	 1	 -41.9328	  173.3374
3.714	 2.61	 3	 -41.5514	  174.4015
3.714	 2.36	 1	 -42.1329	  173.5218
3.718	 2.11	 1	 -41.7991	  174.2772
3.718	 2.07	 2	 -41.9752	  174.0984
3.718	 2.07	 1	 -41.7870	  174.2814
3.719	 2.88	 1	 -42.4320	  173.7136
3.719	 2.63	 1	 -41.8120	  174.2322
3.721	 2.16	 1	 -44.5375	  174.6110
3.721	 2.11	 1	 -41.9032	  174.0383
3.722	 2.06	 3	 -42.4394	  172.9182
3.722	 2.14	 1	 -41.6327	  174.2152
3.722	 2.52	 1	 -42.7703	  172.7700
3.722	 2.35	 1	 -42.2812	  173.6498
3.722	 2.09	 1	 -42.4264	  173.0271
3.722	 2.12	 1	 -42.3267	  173.6882
3.723	 2.46	 1	 -41.4727	  173.8137
3.724	 2.03	 1	 -41.8616	  174.2765
3.724	 2.51	 3	 -42.7250	  173.0232
3.725	 2.58	 1	 -42.2764	  172.9835
3.725	 2.57	 4	 -42.8431	  172.8369
3.726	 2.49	 1	 -41.8154	  174.1830
3.726	 2.12	 1	 -41.7041	  174.2471
3.727	 2.40	 3	 -42.6870	  173.1933
3.729	 2.06	 3	 -42.0826	  173.5881
3.729	 2.18	 1	 -42.3747	  172.6054
3.729	 2.37	 1	 -42.3810	  173.0215
3.731	 2.20	 3	 -43.3018	  171.7455
3.731	 4.14	 3	 -42.0187	  173.6314
3.731	 3.26	 1	 -42.3720	  172.6263
3.732	 2.05	 1	 -42.4316	  173.8020
3.735	 2.42	 1	 -42.2913	  172.8239
3.735	 2.40	 1	 -42.5962	  173.1832
3.737	 2.14	 1	 -42.5459	  173.0886
3.739	 2.10	 1	 -42.6301	  172.8668
3.739	 2.79	 1	 -39.7023	  172.1908
3.739	 2.20	 2	 -42.9596	  173.0780
3.740	 2.69	 3	 -42.3795	  172.7382
3.741	 2.29	 1	 -38.3313	  175.5354
3.741	 2.92	 3	 -42.5298	  172.8616
3.742	 3.10	 3	 -42.3557	  173.0017
3.743	 2.93	 1	 -42.3124	  173.6761
3.744	 2.01	 1	 -42.0554	  173.7917
3.744	 2.05	 1	 -41.9182	  173.9113
3.745	 2.02	 1	 -42.6769	  173.0139
3.746	 2.03	 2	 -42.7717	  173.1011
3.747	 2.10	 1	 -42.4099	  173.5380
3.747	 2.06	 1	 -41.7069	  174.2354
3.747	 2.00	 2	 -42.4342	  173.6140
3.747	 2.35	 1	 -42.3048	  173.8859
3.748	 3.00	 3	 -42.0995	  173.6457
3.749	 2.82	 2	 -42.1984	  173.5230
3.749	 2.65	 1	 -39.2317	  176.9282
3.749	 2.82	 1	 -42.3203	  173.8697
3.749	 2.04	 1	 -42.4116	  173.1225
3.750	 2.47	 3	 -41.8911	  173.3570
3.750	 2.01	 1	 -42.5684	  172.8442
3.750	 3.14	 1	 -41.5313	  173.3044
3.751	 2.28	 1	 -41.4690	  174.1240
3.753	 2.17	 1	 -46.7249	  175.0906
3.753	 2.04	 1	 -41.6849	  174.3395
3.754	 3.13	 1	 -41.5522	  174.1369
3.755	 3.16	 1	 -42.4997	  173.4243
3.755	 2.63	 1	 -42.2000	  173.6605
3.755	 2.70	 1	 -42.0107	  173.7367
3.755	 2.29	 1	 -42.1731	  173.8173
3.757	 2.04	 1	 -41.8227	  174.2418
3.758	 2.14	 2	 -40.0969	  173.3804
3.759	 2.32	 3	 -42.5406	  172.5806
3.759	 2.71	 1	 -42.3623	  173.0902
3.761	 2.75	 1	 -42.1578	  173.6831
3.761	 2.21	 1	 -42.7168	  173.0840
3.761	 2.00	 3	 -42.4782	  173.3543
3.761	 2.37	 1	 -41.7353	  174.2032
3.762	 2.07	 1	 -42.5204	  173.7943
3.762	 2.43	 1	 -42.3424	  173.9205
3.762	 2.18	 1	 -41.6357	  174.1943
3.764	 2.18	 1	 -42.7951	  172.9409
3.765	 2.48	 2	 -41.5236	  174.4525
3.766	 2.28	 1	 -41.7672	  174.1561
3.768	 3.47	 3	 -42.0320	  173.6493
3.768	 2.32	 1	 -42.2898	  173.9020
3.770	 2.01	 1	 -41.6164	  174.2892
3.771	 2.25	 1	 -42.5584	  173.6608
3.772	 3.11	 1	 -41.9157	  174.0800
3.772	 2.31	 3	 -42.7200	  173.1544
3.774	 2.43	 1	 -42.4555	  173.1281
3.775	 2.14	 1	 -42.3072	  171.9135
3.778	 3.12	 3	 -42.7663	  172.4439
3.779	 2.46	 3	 -42.7750	  172.2879
3.779	 2.24	 2	 -42.1554	  173.5852
3.780	 2.40	 3	 -42.6035	  174.0953
3.781	 2.39	 1	 -41.5934	  173.4352
3.781	 2.09	 1	 -42.3628	  173.8437
3.781	 2.66	 1	 -42.3065	  173.7544
3.781	 2.03	 1	 -41.7323	  174.1903
3.781	 2.51	 2	 -40.2174	  173.9388
3.781	 2.52	 3	 -42.4295	  172.9901
3.783	 2.39	 1	 -42.5177	  172.9737
3.783	 2.50	 1	 -42.1854	  173.5445
3.784	 3.24	 1	 -42.6313	  172.7171
3.785	 2.24	 1	 -41.5924	  174.3546
3.786	 2.82	 1	 -42.3376	  173.8376
3.786	 2.11	 1	 -42.2907	  173.3569
3.787	 2.18	 3	 -42.4593	  173.1222
3.787	 2.16	 1	 -42.1644	  173.7609
3.787	 2.19	 1	 -42.0174	  174.0316
3.787	 2.15	 1	 -41.9633	  173.6882
3.788	 2.00	 1	 -42.3800	  173.0347
3.789	 2.34	 1	 -42.4971	  173.0972
3.789	 2.73	 3	 -42.4889	  173.7494
3.790	 2.07	 3	 -42.5018	  172.9969
3.792	 2.25	 2	 -42.4084	  172.6307
3.793	 2.15	 2	 -42.0401	  173.6626
3.794	 2.10	 2	 -42.3224	  174.1958
3.794	 2.15	 2	 -42.4082	  174.1803
3.794	 2.07	 1	 -38.4903	  173.9118
3.795	 2.22	 1	 -42.5307	  173.9325
3.795	 2.15	 1	 -43.4908	  174.0610
3.796	 3.95	 1	 -41.7070	  174.2937
3.797	 2.44	 1	 -42.4185	  173.8446
3.797	 2.03	 1	 -41.7262	  174.2619
3.798	 2.02	 1	 -41.7507	  174.2202
3.798	 2.47	 1	 -42.2832	  173.9729
3.798	 2.34	 1	 -41.6648	  174.3449
3.798	 2.28	 1	 -42.1133	  173.7670
3.799	 2.11	 1	 -42.1107	  174.1449
3.799	 2.05	 1	 -42.4731	  173.9247
3.800	 2.34	 1	 -44.9261	  172.9774
3.800	 3.38	 1	 -42.1000	  173.4782
3.800	 2.52	 4	 -42.4337	  172.8359
3.800	 2.45	 3	 -42.7455	  172.7438
3.802	 2.23	 2	 -42.3400	  173.3937
3.803	 2.23	 1	 -41.6987	  174.2869
3.804	 2.22	 1	 -42.6713	  173.0827
3.805	 2.60	 1	 -41.4743	  174.1673
3.807	 2.01	 3	 -42.6066	  172.9472
3.807	 2.22	 1	 -41.7234	  174.3275
3.809	 2.52	 3	 -42.7116	  172.6903
3.810	 2.11	 1	 -42.4592	  172.1943
3.810	 2.65	 1	 -41.7705	  174.1660
3.810	 3.17	 2	 -41.8158	  174.2527
3.810	 2.64	 1	 -42.4849	  173.1248
3.811	 2.10	 1	 -41.5781	  174.1901
3.812	 2.00	 3	 -42.6086	  173.0579
3.812	 3.31	 1	 -42.1694	  173.5536
3.812	 2.15	 2	 -41.8480	  173.9600
3.812	 2.59	 1	 -42.4663	  173.8099
3.812	 2.05	 1	 -41.8185	  174.2695
3.813	 2.32	 1	 -42.4257	  173.5072
3.813	 2.21	 1	 -42.6619	  172.7650
3.814	 2.31	 3	 -42.6954	  172.8712
3.814	 2.53	 3	 -42.2562	  173.2338
3.814	 2.02	 1	 -42.4221	  173.4577
3.815	 2.14	 3	 -41.5767	  174.3510
3.816	 3.50	 1	 -42.4558	  173.1532
3.816	 2.22	 2	 -42.3311	  173.8765
3.816	 3.16	 1	 -41.9528	  173.9678
3.818	 2.09	 3	 -42.5787	  173.1133
3.820	 2.87	 1	 -41.7530	  174.1728
3.820	 2.86	 1	 -42.2720	  173.7715
3.820	 2.93	 2	 -42.6793	  172.3245
3.822	 2.76	 1	 -42.1367	  173.8346
3.822	 2.10	 2	 -42.4655	  173.8108
3.822	 2.32	 1	 -38.2269	  173.7387
3.825	 2.03	 1	 -43.2041	  172.7540
3.826	 2.48	 2	 -41.6964	  174.2425
3.826	 2.01	 1	 -42.9869	  173.0675
3.826	 2.06	 1	 -42.5559	  173.9438
3.826	 2.38	 1	 -40.9937	  174.7983
3.828	 2.33	 1	 -42.3123	  173.8697
3.828	 2.25	 1	 -41.7287	  174.1973
3.828	 2.32	 1	 -41.9624	  174.1019
3.832	 2.13	 1	 -42.4793	  173.9500
3.833	 2.28	 1	 -42.2839	  173.6944
3.834	 2.58	 1	 -41.7171	  174.2431
3.834	 2.10	 2	 -42.4127	  173.9610
3.835	 3.27	 1	 -42.5242	  173.0644
3.836	 2.07	 1	 -41.8120	  174.0191
3.837	 3.13	 3	 -42.7840	  172.9897
3.837	 2.19	 3	 -42.9998	  172.4805
3.838	 2.00	 1	 -41.7989	  174.2321
3.839	 2.58	 3	 -41.9396	  169.2851
3.840	 3.18	 1	 -42.0825	  173.7225
3.841	 2.12	 1	 -42.3501	  174.0385
3.842	 2.78	 1	 -41.8161	  174.5737
3.842	 3.36	 2	 -41.7183	  174.2165
3.843	 2.20	 1	 -42.5714	  173.0642
3.843	 2.16	 1	 -42.0520	  173.7420
3.844	 2.14	 1	 -42.7293	  173.3252
3.846	 2.30	 3	 -42.3738	  173.7201
3.848	 2.02	 1	 -42.5724	  172.8410
3.848	 2.05	 1	 -41.7802	  174.2998
3.849	 2.42	 1	 -41.7623	  174.2207
3.849	 2.60	 1	 -41.7083	  174.2391
3.850	 2.05	 1	 -41.6918	  174.3212
3.850	 2.75	 1	 -41.7042	  174.1697
3.850	 2.34	 1	 -42.1505	  173.6896
3.851	 2.21	 1	 -42.4547	  174.5676
3.852	 2.19	 1	 -42.2968	  173.6666
3.852	 2.29	 1	 -42.4624	  172.8837
3.853	 3.05	 3	 -42.0403	  173.7140
3.854	 2.87	 3	 -42.0078	  172.8743
3.855	 2.08	 1	 -42.2793	  173.8883
3.857	 2.00	 3	 -42.5227	  172.6174
3.857	 2.08	 1	 -40.6888	  173.4254
3.858	 2.34	 1	 -41.6405	  174.2392
3.859	 2.12	 1	 -42.1387	  173.6086
3.860	 3.20	 3	 -42.2445	  173.1291
3.861	 3.56	 4	 -42.2435	  173.1340
3.863	 2.01	 2	 -41.4718	  174.4289
3.864	 2.34	 1	 -42.6506	  172.8866
3.864	 2.10	 3	 -42.9284	  172.7162
3.864	 2.74	 1	 -41.7502	  174.4239
3.865	 2.29	 1	 -42.6522	  172.9577
3.868	 2.22	 1	 -43.1264	  172.1828
3.869	 2.14	 2	 -41.5119	  174.4272
3.870	 2.03	 2	 -41.6144	  174.1757
3.870	 2.18	 1	 -42.5302	  173.9115
3.871	 2.39	 1	 -41.9605	  173.8360
3.871	 2.04	 3	 -42.5053	  172.9102
3.872	 2.18	 1	 -42.5739	  173.0967
3.872	 3.04	 1	 -42.5259	  173.5917
3.873	 2.05	 4	 -42.5259	  172.8626
3.874	 2.16	 1	 -43.2089	  172.8280
3.874	 2.93	 3	 -41.2850	  173.1111
3.875	 3.38	 3	 -41.5381	  174.3268
3.875	 3.75	 4	 -42.8834	  172.8853
3.875	 2.46	 1	 -42.4150	  173.6204
3.876	 2.48	 1	 -42.3893	  173.3969
3.876	 2.09	 1	 -42.5199	  173.3047
3.877	 2.13	 1	 -41.7383	  174.1762
3.877	 2.04	 1	 -42.4916	  173.0447
3.878	 2.01	 1	 -41.5961	  174.3922
3.878	 4.01	 1	 -42.2910	  173.6565
3.881	 2.22	 1	 -42.7885	  173.2464
3.881	 2.48	 3	 -42.4080	  172.9492
3.882	 2.26	 3	 -42.2020	  173.8906
3.883	 2.20	 1	 -42.4102	  173.3354
3.883	 2.65	 1	 -41.5731	  174.2485
3.883	 2.04	 1	 -41.7718	  174.0304
3.884	 2.01	 1	 -42.2720	  173.6436
3.885	 2.42	 3	 -42.7824	  173.2404
3.886	 2.92	 2	 -42.5624	  173.0697
3.886	 2.24	 1	 -42.2374	  173.6623
3.886	 2.11	 1	 -41.7150	  174.2407
3.887	 2.34	 1	 -42.8918	  173.0750
3.888	 2.66	 1	 -41.5170	  174.3269
3.889	 2.19	 1	 -42.4595	  173.3143
3.889	 2.16	 1	 -41.8584	  173.7227
3.891	 3.12	 2	 -41.7104	  173.7152
3.891	 2.13	 1	 -39.7178	  168.6706
3.892	 2.02	 3	 -42.5856	  172.8802
3.892	 2.81	 1	 -42.3589	  173.4994
3.892	 2.01	 1	 -40.8945	  171.4723
3.892	 2.28	 1	 -42.5884	  174.0225
3.894	 2.68	 1	 -41.9551	  172.7630
3.896	 2.87	 1	 -42.2576	  173.6156
3.896	 2.89	 1	 -42.2039	  173.5964
3.897	 2.34	 1	 -42.2609	  173.6568
3.897	 2.17	 1	 -41.9061	  174.1249
3.898	 2.16	 4	 -42.5035	  171.5075
3.898	 2.18	 3	 -42.4518	  171.5003
3.900	 2.05	 1	 -42.4798	  173.1319
3.900	 2.19	 1	 -41.7188	  174.1273
3.901	 2.64	 1	 -41.9878	  173.6500
3.902	 2.49	 1	 -42.4752	  173.7943
3.902	 2.49	 1	 -42.5623	  173.0226
3.902	 2.87	 2	 -41.7281	  174.3794
3.904	 2.26	 1	 -42.1720	  173.6791
3.906	 2.08	 1	 -43.0923	  173.5081
3.907	 2.28	 1	 -42.3150	  173.4550
3.907	 2.26	 2	 -42.5904	  174.0232
3.907	 2.15	 1	 -41.8776	  173.6035
3.907	 2.42	 1	 -42.9680	  171.6918
3.908	 3.23	 1	 -41.5697	  174.9341
3.908	 2.09	 1	 -41.6598	  174.2745
3.909	 2.03	 2	 -42.3928	  174.0079
3.909	 2.02	 1	 -42.5453	  173.8366
3.909	 2.06	 1	 -42.2275	  173.6980
3.911	 3.44	 2	 -41.8782	  173.9629
3.911	 2.95	 1	 -47.1551	  173.7732
3.912	 2.52	 1	 -42.4172	  174.0479
3.913	 4.78	 2	 -42.3047	  173.4320
3.913	 2.56	 1	 -42.0237	  173.7163
3.913	 2.28	 1	 -42.7792	  168.9619
3.914	 2.47	 2	 -42.9099	  173.3997
3.914	 2.12	 1	 -42.1253	  173.8203
3.914	 2.16	 1	 -41.7310	  174.3126
3.914	 3.32	 1	 -42.3986	  174.0333
3.915	 2.79	 1	 -42.1442	  173.4218
3.916	 2.05	 1	 -41.7144	  173.4949
3.916	 2.61	 1	 -41.7463	  174.3060
3.916	 2.65	 1	 -42.2786	  173.9524
3.917	 2.08	 1	 -42.0233	  174.1079
3.917	 2.46	 2	 -38.3433	  176.3816
3.918	 2.71	 4	 -42.1989	  172.6951
3.920	 2.33	 1	 -42.2910	  173.8720
3.921	 2.05	 3	 -41.1314	  173.9915
3.922	 2.22	 1	 -42.2663	  173.6809
3.923	 3.13	 1	 -42.1828	  174.0614
3.923	 2.66	 2	 -41.6969	  174.3176
3.924	 2.19	 1	 -42.4227	  172.6228
3.925	 2.07	 1	 -41.9168	  174.1756
3.925	 2.07	 1	 -42.6616	  173.1797
3.925	 2.26	 1	 -42.0118	  173.7034
3.926	 2.36	 3	 -42.5176	  172.9545
3.926	 2.07	 1	 -41.6471	  174.2926
3.926	 2.21	 1	 -41.6713	  174.4069
3.927	 2.60	 2	 -41.7070	  174.3046
3.927	 2.32	 3	 -42.7968	  172.7189
3.928	 2.39	 1	 -42.5071	  173.8027
3.928	 2.91	 3	 -42.8032	  171.9805
3.928	 2.67	 1	 -42.3048	  173.8292
3.929	 2.99	 1	 -42.1280	  179.0916
3.930	 2.44	 1	 -42.3932	  173.7687
3.930	 2.09	 1	 -42.3400	  173.6729
3.930	 2.03	 1	 -42.3337	  174.0098
3.930	 2.55	 1	 -42.4312	  174.0538
3.932	 2.37	 3	 -43.5171	  172.1525
3.932	 2.52	 2	 -41.4397	  174.2171
3.932	 2.27	 3	 -42.3230	  172.9160
3.933	 2.97	 1	 -42.4473	  173.2019
3.934	 2.03	 1	 -41.8435	  174.0496
3.935	 2.84	 2	 -41.9758	  173.6818
3.935	 2.63	 3	 -42.0764	  173.2778
3.935	 2.19	 4	 -42.5112	  172.6255
3.936	 3.08	 2	 -41.8228	  174.2489
3.937	 2.28	 1	 -42.0013	  173.7918
3.937	 2.28	 1	 -42.2950	  173.3578
3.937	 2.20	 1	 -41.9398	  174.3408
3.937	 2.38	 3	 -42.5655	  172.6802
3.938	 2.73	 1	 -41.7595	  174.2641
3.938	 2.33	 1	 -42.2523	  173.6649
3.939	 3.21	 1	 -42.7966	  172.7467
3.940	 3.73	 1	 -42.2711	  173.6987
3.941	 2.02	 1	 -42.2562	  172.9212
3.941	 2.46	 1	 -42.4959	  173.3181
3.941	 2.03	 2	 -42.2449	  173.6460
3.942	 2.00	 2	 -42.2077	  173.5239
3.943	 2.18	 1	 -41.7004	  174.1467
3.944	 2.11	 1	 -41.6807	  174.3209
3.944	 2.41	 1	 -42.6366	  173.0839
3.944	 2.07	 2	 -41.7832	  174.1385
3.944	 2.42	 2	 -42.1200	  173.6201
3.946	 2.05	 1	 -42.2259	  173.5718
3.946	 2.10	 3	 -42.4787	  173.1119
3.946	 3.16	 1	 -42.4849	  173.3067
3.947	 2.33	 2	 -42.2232	  173.7563
3.947	 2.11	 1	 -42.3768	  173.9491
3.947	 2.28	 1	 -41.7186	  174.2569
3.947	 2.12	 1	 -42.2869	  173.6839
3.948	 2.66	 1	 -42.4214	  173.1131
3.948	 2.58	 2	 -42.2573	  173.6194
3.948	 2.13	 1	 -42.3718	  173.9562
3.949	 2.16	 3	 -42.2954	  173.4328
3.949	 2.54	 3	 -42.5737	  172.9021
3.949	 2.29	 2	 -41.6843	  174.3038
3.950	 3.26	 2	 -42.5464	  173.1334
3.952	 2.34	 3	 -42.3104	  172.8411
3.952	 2.65	 1	 -42.3082	  173.8418
3.953	 2.41	 1	 -42.4947	  173.0465
3.953	 2.68	 1	 -41.7281	  174.2383
3.953	 2.64	 1	 -41.7152	  174.1391
3.954	 2.14	 3	 -45.9075	  171.3383
3.956	 4.82	 1	 -41.5189	  174.0954
3.956	 2.07	 1	 -42.7828	  172.9622
3.956	 2.45	 1	 -42.5734	  174.1077
3.956	 2.26	 3	 -42.5876	  172.8584
3.958	 2.07	 1	 -42.6832	  173.1140
3.958	 2.60	 1	 -42.1325	  172.8642
3.958	 2.86	 2	 -41.9521	  173.8777
3.958	 2.81	 1	 -42.5856	  173.2650
3.959	 2.19	 1	 -42.6417	  173.3694
3.961	 2.18	 1	 -42.6573	  172.8759
3.961	 2.34	 1	 -41.9696	  173.7712
3.961	 2.41	 1	 -41.6555	  174.2530
3.961	 2.05	 1	 -42.0917	  173.6760
3.961	 2.04	 1	 -42.9134	  173.0176
3.962	 2.01	 1	 -41.8543	  174.2481
3.963	 2.03	 2	 -42.1720	  173.5550
3.965	 2.59	 1	 -42.3591	  173.5543
3.965	 2.62	 4	 -42.7432	  172.9473
3.966	 2.53	 1	 -41.1510	  174.6465
3.966	 2.23	 4	 -42.6898	  172.2116
3.966	 2.01	 1	 -42.8674	  173.0174
3.968	 2.34	 1	 -41.8087	  174.0349
3.969	 2.02	 1	 -42.2132	  173.4988
3.969	 2.39	 1	 -42.4622	  173.4577
3.969	 2.36	 1	 -42.5799	  172.9300
3.969	 2.34	 2	 -41.5197	  174.1091
3.970	 2.00	 1	 -43.5674	  176.2354
3.970	 2.12	 1	 -42.2698	  173.7513
3.971	 2.31	 1	 -42.1786	  173.6649
3.971	 2.12	 1	 -42.2315	  173.8848
3.971	 2.53	 1	 -41.6735	  174.3157
3.973	 2.18	 1	 -43.4102	  173.0459
3.975	 2.31	 3	 -42.3126	  173.4271
3.976	 2.13	 1	 -41.7821	  174.1705
3.977	 2.91	 1	 -40.4236	  173.5013
3.977	 2.65	 1	 -41.7112	  174.0950
3.978	 2.01	 3	 -42.6511	  172.5524
3.980	 2.44	 1	 -42.1098	  173.5545
3.981	 2.19	 1	 -42.6722	  172.7034
3.981	 2.17	 1	 -42.6088	  173.9063
3.982	 2.09	 2	 -41.8070	  174.0345
3.983	 2.26	 1	 -42.4317	  174.2171
3.984	 2.00	 1	 -42.1608	  173.7029
3.987	 2.69	 2	 -42.3185	  173.3822
3.988	 2.07	 1	 -41.5349	  174.4226
3.988	 2.16	 1	 -42.3438	  173.8004
3.989	 2.14	 1	 -42.3446	  174.0308
3.991	 2.35	 1	 -42.5422	  173.0643
3.992	 2.03	 1	 -42.1495	  173.5745
3.993	 2.13	 1	 -42.6239	  173.0403
3.993	 2.38	 1	 -41.7304	  174.3172
3.994	 2.16	 2	 -42.3155	  173.7415
3.995	 3.15	 1	 -41.8152	  174.2047
3.995	 2.78	 2	 -42.6559	  172.8824
3.995	 2.41	 1	 -42.6270	  173.2820
3.995	 3.09	 1	 -41.9740	  174.3528
3.996	 2.60	 4	 -42.0760	  173.2774
3.996	 2.28	 3	 -42.2858	  172.7668
3.996	 2.61	 2	 -42.5505	  173.9727
3.996	 2.23	 3	 -42.6866	  172.7999
3.997	 2.01	 2	 -41.7475	  174.3263
3.997	 2.22	 2	 -41.5176	  174.0942
4.000	 2.19	 2	 -43.4510	  168.6607
4.001	 2.50	 3	 -42.6439	  173.0365
4.001	 2.02	 1	 -42.4383	  173.6177
4.002	 2.21	 1	 -41.7939	  174.2976
4.002	 2.00	 2	 -42.6679	  172.6964
4.002	 2.11	 1	 -42.0525	  173.9078
4.003	 2.18	 1	 -41.6365	  174.3204
4.004	 2.79	 1	 -42.6668	  172.7789
4.005	 2.36	 1	 -42.6762	  173.6332
4.005	 2.18	 1	 -42.5415	  173.0572
4.006	 2.65	 1	 -42.4720	  173.1469
4.007	 2.76	 1	 -42.2045	  173.2468
4.008	 2.11	 2	 -42.0074	  173.7112
4.011	 2.43	 1	 -42.2375	  173.3329
4.011	 2.65	 1	 -41.7100	  174.1685
4.012	 2.13	 1	 -42.2276	  172.6934
4.012	 2.25	 1	 -42.1564	  173.4702
4.012	 2.95	 2	 -38.3071	  176.3071
4.013	 2.48	 1	 -41.8698	  173.6376
4.014	 3.16	 2	 -42.5734	  173.0752
4.014	 2.58	 1	 -42.0030	  173.6991
4.015	 2.26	 1	 -42.0987	  173.9613
4.015	 2.14	 1	 -41.5871	  174.2665
4.015	 2.51	 1	 -42.1430	  173.1375
4.015	 3.14	 1	 -42.4746	  167.6327
4.015	 2.23	 1	 -41.7893	  174.2736
4.015	 2.45	 1	 -42.5302	  173.2412
4.017	 2.18	 2	 -42.5374	  173.1270
4.017	 2.76	 1	 -42.3492	  173.3249
4.019	 2.21	 1	 -42.4065	  173.1536
4.019	 2.42	 1	 -41.6387	  174.2427
4.020	 2.08	 1	 -42.8595	  173.0551
4.021	 2.01	 1	 -42.3701	  173.8459
4.022	 2.61	 2	 -42.4012	  173.1243
4.022	 2.20	 1	 -42.5790	  173.0361
4.023	 2.19	 1	 -41.7721	  174.1997
4.026	 2.02	 1	 -41.7102	  174.2888
4.026	 2.43	 1	 -41.7277	  174.1094
4.027	 2.66	 1	 -42.4245	  173.2315
4.028	 2.25	 1	 -42.5353	  173.2393
4.028	 2.05	 3	 -42.5769	  172.8988
4.029	 2.40	 1	 -42.2441	  174.0255
4.029	 2.95	 1	 -41.8231	  174.1348
4.029	 3.07	 1	 -42.5000	  172.8493
4.030	 2.04	 1	 -41.9794	  174.0807
4.031	 2.14	 1	 -42.2065	  173.8026
4.031	 2.47	 1	 -41.9835	  173.9845
4.031	 2.49	 3	 -42.4908	  172.8452
4.032	 2.66	 2	 -42.1974	  174.0661
4.032	 2.21	 1	 -41.9509	  173.4748
4.033	 2.13	 1	 -42.1778	  173.1455
4.033	 2.55	 3	 -42.3986	  172.9313
4.033	 2.07	 1	 -42.6892	  172.8294
4.033	 3.13	 2	 -41.3291	  174.3912
4.034	 2.39	 1	 -43.8347	  174.0025
4.034	 2.89	 1	 -42.5095	  173.0314
4.035	 2.89	 3	 -42.4448	  172.8541
4.035	 3.28	 2	 -41.5411	  174.1376
4.035	 2.51	 1	 -42.4461	  173.0092
4.035	 2.05	 2	 -41.4108	  174.2593
4.036	 2.18	 1	 -42.6207	  173.3418
4.036	 2.19	 1	 -41.7981	  173.7229
4.037	 2.81	 1	 -41.6863	  173.9448
4.037	 2.18	 1	 -42.2225	  173.7861
4.038	 2.04	 2	 -42.8595	  173.0558
4.038	 2.32	 1	 -42.4947	  173.3674
4.038	 2.90	 1	 -43.3833	  173.9164
4.039	 2.30	 2	 -41.6041	  174.6382
4.039	 2.63	 3	 -42.3005	  173.3513
4.039	 2.34	 2	 -42.2046	  173.6881
4.040	 2.13	 1	 -42.5806	  173.1199
4.040	 2.48	 2	 -42.3493	  173.8261
4.041	 2.37	 1	 -41.7134	  174.2797
4.042	 2.12	 1	 -41.8164	  174.1677
4.043	 2.10	 1	 -41.8220	  173.9884
4.044	 2.02	 1	 -42.5667	  173.7882
4.044	 2.14	 4	 -42.3828	  173.0409
4.045	 2.43	 2	 -41.5188	  174.1120
4.045	 2.50	 2	 -41.5251	  174.0902
4.046	 2.13	 1	 -41.8143	  174.8459
4.046	 2.26	 1	 -42.4361	  173.4248
4.047	 2.08	 1	 -41.5626	  174.2162
4.047	 2.92	 2	 -42.1609	  174.5384
4.048	 3.49	 2	 -41.7308	  174.2056
4.048	 2.65	 1	 -42.6720	  172.8496
4.048	 2.44	 1	 -42.3452	  173.3831
4.049	 3.07	 2	 -42.2568	  174.1416
4.049	 2.18	 3	 -42.5371	  173.0069
4.049	 2.30	 1	 -42.5401	  173.2415
4.051	 2.24	 1	 -42.3216	  173.7278
4.051	 2.14	 2	 -41.7743	  174.3078
4.051	 2.30	 1	 -42.3841	  173.0820
4.053	 2.05	 2	 -42.2607	  174.1796
4.053	 2.48	 1	 -41.8083	  174.0975
4.054	 2.03	 4	 -42.3990	  172.9318
4.055	 2.25	 1	 -42.2924	  173.3259
4.056	 3.69	 2	 -42.2135	  173.2331
4.056	 2.05	 1	 -41.6988	  174.3007
4.056	 2.05	 1	 -42.6275	  172.6622
4.056	 2.21	 2	 -41.4838	  174.0556
4.058	 2.58	 1	 -41.7149	  174.2356
4.058	 2.21	 1	 -42.3428	  173.9918
4.059	 2.31	 1	 -41.8844	  174.1252
4.060	 2.20	 1	 -41.5092	  174.9702
4.061	 2.35	 3	 -42.0804	  173.6286
4.062	 2.30	 1	 -41.6783	  173.0755
4.062	 2.85	 2	 -42.6266	  173.2829
4.063	 2.19	 1	 -42.5318	  173.1458
4.064	 2.02	 1	 -42.1674	  173.5621
4.064	 2.23	 2	 -41.8204	  174.2855
4.064	 2.46	 1	 -42.2346	  174.6828
4.065	 3.31	 1	 -42.4665	  173.4557
4.065	 2.02	 1	 -42.8410	  174.0937
4.066	 2.79	 1	 -42.9522	  173.4397
4.066	 2.15	 1	 -42.5973	  172.9986
4.066	 2.08	 1	 -42.7523	  173.2976
4.067	 2.88	 1	 -42.7309	  172.7064
4.067	 2.29	 2	 -42.4474	  173.2589
4.068	 2.23	 2	 -41.1494	  174.6474
4.068	 2.69	 1	 -41.6611	  174.2810
4.068	 2.23	 1	 -41.9835	  174.0437
4.068	 2.71	 1	 -41.8888	  174.4251
4.069	 2.16	 2	 -41.9880	  174.0782
4.070	 2.16	 3	 -42.3215	  172.6831
4.070	 2.51	 3	 -42.4898	  172.7101
4.070	 2.20	 1	 -42.6547	  172.8473
4.071	 3.18	 1	 -41.7385	  174.1828
4.072	 2.32	 1	 -42.1913	  173.6920
4.072	 3.44	 2	 -41.5173	  174.0976
4.073	 3.04	 2	 -41.4263	  173.0578
4.073	 3.17	 1	 -41.7034	  174.3601
4.074	 2.16	 3	 -42.3134	  173.5203
4.074	 2.62	 1	 -41.7732	  174.0009
4.075	 2.81	 1	 -42.2647	  173.8192
4.075	 2.04	 1	 -41.7674	  174.2271
4.076	 2.09	 1	 -42.0655	  173.7603
4.076	 2.16	 1	 -42.3431	  173.1726
4.077	 2.34	 1	 -42.4167	  173.6982
4.077	 2.57	 1	 -41.5467	  174.6526
4.078	 3.29	 2	 -41.8125	  174.2367
4.078	 2.63	 1	 -42.3531	  173.6808
4.078	 2.21	 3	 -42.5239	  173.0260
4.080	 2.51	 1	 -42.1968	  173.6024
4.081	 2.59	 2	 -42.0091	  173.8327
4.082	 3.09	 1	 -42.9970	  173.4731
4.082	 2.15	 1	 -42.6723	  173.1024
4.083	 2.30	 1	 -42.5195	  173.7520
4.085	 2.42	 3	 -42.7201	  172.8301
4.086	 3.06	 1	 -42.4840	  173.2962
4.086	 2.83	 1	 -42.4894	  173.0804
4.088	 2.44	 1	 -41.6201	  174.2198
4.089	 2.55	 1	 -41.8605	  173.7788
4.091	 2.29	 3	 -42.8876	  172.9428
4.092	 2.62	 1	 -42.2960	  172.5595
4.092	 2.32	 1	 -41.8039	  173.9692
4.092	 2.66	 3	 -42.6675	  172.8402
4.093	 2.10	 1	 -42.5488	  173.2616
4.093	 2.01	 1	 -42.7123	  172.9186
4.094	 2.26	 1	 -42.3419	  173.5563
4.095	 2.07	 2	 -42.3925	  173.3529
4.095	 2.26	 1	 -42.7666	  173.0921
4.095	 2.67	 3	 -42.6685	  172.2640
4.095	 2.50	 2	 -42.4843	  173.3098
4.096	 2.04	 2	 -41.7158	  174.1422
4.096	 2.25	 1	 -41.7369	  174.3796
4.097	 3.47	 3	 -42.4908	  173.3181
4.098	 2.90	 1	 -42.5325	  173.3783
4.100	 2.98	 3	 -43.4421	  175.1215
4.100	 2.04	 1	 -41.7192	  174.3527
4.100	 2.22	 1	 -42.3770	  173.9190
4.101	 3.38	 1	 -42.2325	  174.1776
4.104	 2.15	 1	 -42.1134	  173.6533
4.104	 2.49	 3	 -42.6015	  173.0069
4.105	 2.32	 1	 -41.7268	  174.3245
4.106	 2.24	 1	 -41.8657	  174.3138
4.107	 2.67	 1	 -42.3792	  174.0940
4.109	 2.83	 1	 -42.4837	  173.8515
4.110	 2.01	 1	 -41.9860	  173.7616
4.110	 2.64	 1	 -42.2573	  173.5912
4.110	 2.33	 1	 -42.4056	  172.6980
4.111	 2.36	 1	 -42.1651	  174.0408
4.112	 2.30	 1	 -42.6165	  173.8882
4.112	 2.01	 1	 -42.5061	  173.2195
4.113	 2.30	 1	 -42.7486	  172.9656
4.113	 3.09	 1	 -41.8618	  174.7359
4.114	 2.10	 1	 -42.4478	  173.2590
4.114	 2.01	 1	 -42.7726	  172.8706
4.115	 4.34	 1	 -41.8397	  174.3435
4.116	 2.23	 1	 -41.6840	  174.3758
4.116	 2.01	 1	 -42.4722	  173.1945
4.116	 2.05	 1	 -42.4831	  173.6880
4.117	 2.13	 2	 -41.5328	  174.1080
4.117	 2.13	 2	 -41.6090	  174.7539
4.118	 2.00	 2	 -42.4649	  173.1004
4.119	 2.42	 1	 -42.3906	  173.8573
4.119	 2.71	 1	 -41.7265	  174.2506
4.120	 2.37	 3	 -42.0808	  173.6118
4.121	 2.13	 1	 -42.9081	  172.8140
4.121	 3.40	 1	 -41.9770	  173.8836
4.121	 2.03	 3	 -42.5804	  172.7487
4.122	 2.15	 1	 -42.6489	  173.5598
4.122	 2.24	 1	 -42.4524	  173.0791
4.123	 2.20	 2	 -41.7708	  174.3113
4.123	 2.45	 3	 -42.5287	  174.0153
4.123	 3.18	 1	 -42.3838	  173.0015
4.125	 3.56	 1	 -42.5625	  174.0218
4.126	 2.30	 1	 -42.0896	  174.0479
4.127	 2.47	 2	 -41.5443	  174.0071
4.127	 2.09	 1	 -42.5666	  173.9629
4.127	 3.46	 2	 -41.9380	  174.0617
4.128	 2.81	 2	 -42.3909	  172.6099
4.128	 2.66	 1	 -42.1266	  174.0055
4.129	 2.07	 3	 -42.6068	  172.8551
4.129	 2.55	 1	 -41.6187	  174.1942
4.130	 2.20	 1	 -42.0443	  173.6767
4.130	 2.45	 3	 -44.2246	  173.1932
4.130	 3.72	 1	 -41.6212	  174.3848
4.130	 2.02	 1	 -42.4584	  173.1233
4.131	 2.49	 1	 -42.5740	  173.0520
4.131	 2.40	 1	 -41.8932	  173.9591
4.132	 2.18	 1	 -41.2002	  174.5271
4.132	 2.35	 1	 -41.8832	  174.5562
4.132	 2.22	 1	 -41.7013	  174.1211
4.132	 3.46	 1	 -40.7167	  172.1705
4.133	 2.26	 3	 -42.7651	  173.1867
4.134	 2.86	 2	 -41.8129	  174.2198
4.134	 2.13	 3	 -42.7243	  173.0319
4.135	 2.51	 1	 -42.4529	  172.9984
4.135	 2.16	 1	 -42.6214	  173.1102
4.135	 2.05	 3	 -42.7133	  173.0998
4.135	 2.50	 1	 -43.3705	  174.3639
4.136	 2.16	 1	 -41.7050	  174.2466
4.137	 2.51	 2	 -41.6721	  174.0365
4.137	 2.00	 3	 -42.5756	  173.3386
4.139	 2.28	 4	 -42.7930	  172.8827
4.140	 2.67	 1	 -42.2084	  173.5277
4.142	 2.07	 1	 -42.3697	  173.6146
4.145	 2.43	 3	 -42.2301	  173.4871
4.145	 2.17	 1	 -42.7173	  172.7341
4.146	 2.53	 1	 -41.4998	  174.3808
4.147	 2.52	 1	 -42.2459	  173.8566
4.147	 2.62	 1	 -41.7983	  173.9311
4.147	 2.05	 1	 -43.1915	  174.3598
4.147	 2.10	 3	 -42.0103	  173.7751
4.148	 2.02	 1	 -42.2758	  173.4736
4.148	 2.04	 1	 -42.8011	  172.8794
4.149	 2.10	 1	 -42.4161	  173.8484
4.149	 3.32	 1	 -42.8556	  172.8417
4.150	 2.67	 1	 -42.7115	  173.2722
4.151	 2.19	 1	 -42.0052	  173.8852
4.151	 2.24	 3	 -43.0167	  171.0233
4.151	 2.20	 1	 -42.4634	  173.1674
4.151	 2.15	 1	 -41.6970	  174.3128
4.152	 2.71	 3	 -42.1512	  173.2398
4.152	 2.73	 3	 -42.5173	  173.0041
4.153	 2.15	 1	 -42.2438	  173.6396
4.154	 2.19	 1	 -42.8115	  173.1408
4.154	 2.26	 1	 -42.6643	  173.3859
4.154	 2.45	 3	 -42.2642	  173.2773
4.155	 2.00	 1	 -41.7289	  174.1798
4.156	 2.28	 2	 -41.7041	  174.1665
4.157	 3.15	 2	 -41.3636	  175.0905
4.158	 2.17	 1	 -42.3691	  173.3255
4.158	 2.21	 1	 -42.2672	  173.1388
4.159	 2.10	 1	 -41.6929	  174.3055
4.160	 2.25	 1	 -42.5326	  173.0253
4.162	 3.36	 1	 -41.8252	  173.9958
4.162	 2.15	 1	 -43.7342	  176.2184
4.163	 2.23	 2	 -41.9872	  173.7478
4.163	 2.14	 4	 -42.7490	  172.7641
4.163	 2.05	 1	 -42.4453	  173.0680
4.163	 2.24	 1	 -42.2867	  173.5210
4.164	 2.36	 2	 -41.8686	  174.3939
4.164	 2.36	 1	 -42.0663	  173.7354
4.164	 2.63	 2	 -41.5873	  174.3938
4.166	 2.06	 2	 -41.4692	  174.4679
4.166	 3.08	 3	 -41.5364	  173.8312
4.166	 2.32	 1	 -41.7931	  174.2837
4.167	 2.86	 1	 -42.2462	  173.5551
4.170	 2.91	 1	 -41.7191	  174.3161
4.170	 2.24	 1	 -42.6075	  172.9978
4.172	 2.23	 1	 -42.6918	  172.7295
4.173	 3.79	 1	 -38.0402	  174.2197
4.174	 3.59	 1	 -41.8122	  174.2967
4.175	 2.31	 2	 -41.8501	  174.2967
4.176	 2.37	 2	 -42.3260	  174.0399
4.176	 2.38	 1	 -42.4428	  173.7374
4.176	 2.53	 4	 -42.5259	  173.3406
4.176	 2.38	 1	 -42.3686	  173.8974
4.177	 2.70	 2	 -42.4257	  174.3244
4.178	 2.26	 1	 -42.4515	  172.6636
4.178	 2.05	 3	 -42.3166	  173.4209
4.178	 2.51	 1	 -42.3008	  173.9802
4.179	 2.83	 2	 -41.7597	  174.1769
4.179	 2.21	 1	 -41.7245	  174.3019
4.179	 2.22	 1	 -41.7373	  174.0711
4.179	 2.77	 2	 -40.2099	  173.9246
4.180	 2.37	 1	 -41.7835	  174.1949
4.180	 3.37	 1	 -41.7377	  174.2402
4.182	 2.25	 1	 -42.2197	  174.1705
4.182	 2.34	 2	 -41.5069	  174.1021
4.183	 2.09	 1	 -42.0228	  173.9862
4.183	 2.07	 1	 -42.3464	  173.8906
4.183	 2.18	 2	 -42.3305	  173.6642
4.183	 2.28	 1	 -41.7422	  174.2773
4.184	 2.07	 1	 -41.8730	  174.5290
4.185	 2.15	 1	 -42.6300	  172.9651
4.185	 2.57	 1	 -42.3142	  172.8694
4.186	 2.34	 1	 -42.3504	  174.0080
4.186	 3.10	 1	 -41.7917	  174.4812
4.186	 2.36	 3	 -41.9564	  173.6393
4.187	 2.32	 3	 -42.9137	  172.6511
4.189	 2.57	 1	 -42.1122	  173.6624
4.189	 2.42	 2	 -41.5373	  174.4222
4.190	 2.40	 1	 -42.3243	  173.8865
4.191	 2.42	 1	 -42.2887	  173.7179
4.192	 2.30	 2	 -42.7281	  173.0507
4.193	 2.08	 1	 -42.6616	  172.6634
4.196	 2.33	 1	 -41.6476	  174.3367
4.196	 2.46	 1	 -42.3931	  173.7187
4.196	 2.15	 1	 -42.6240	  172.9171
4.197	 2.19	 3	 -41.8650	  174.3826
4.197	 2.18	 3	 -42.4279	  172.9314
4.199	 2.37	 1	 -42.4949	  173.5871
4.199	 2.11	 1	 -42.3949	  174.1853
4.199	 2.47	 1	 -41.6906	  174.1323
4.200	 2.57	 1	 -42.6140	  172.7948
4.201	 2.24	 2	 -41.8518	  174.3279
4.201	 2.06	 1	 -41.8523	  173.7645
4.203	 2.08	 2	 -41.7686	  173.9746
4.203	 2.58	 1	 -42.3366	  173.8195
4.204	 2.40	 1	 -39.8329	  179.7052
4.204	 2.18	 2	 -42.7809	  173.8136
4.204	 3.66	 3	 -42.5930	  172.8293
4.206	 2.41	 1	 -41.5380	  174.1736
4.206	 2.13	 1	 -41.7993	  174.1567
4.207	 2.91	 1	 -42.2796	  173.5837
4.207	 2.03	 1	 -42.5412	  172.7908
4.208	 2.01	 1	 -42.1946	  174.6864
4.208	 2.22	 1	 -42.4615	  174.1697
4.208	 2.00	 1	 -41.9326	  174.0302
4.209	 2.47	 2	 -41.8255	  174.2432
4.209	 2.75	 1	 -42.5587	  174.0246
4.210	 2.03	 1	 -42.3477	  173.8914
4.210	 2.61	 2	 -41.7022	  174.3248
4.210	 2.11	 1	 -42.1645	  173.8277
4.211	 2.07	 3	 -41.5919	  174.6402
4.212	 3.87	 3	 -42.8966	  173.9233
4.212	 2.00	 1	 -42.7145	  173.0432
4.213	 2.14	 2	 -42.1425	  173.5834
4.213	 2.39	 1	 -42.4110	  173.4055
4.213	 2.29	 1	 -42.7017	  172.9357
4.215	 2.77	 1	 -42.6188	  172.8419
4.216	 2.13	 1	 -41.8304	  174.2888
4.216	 2.76	 1	 -42.4666	  173.3317
4.217	 2.74	 1	 -42.2077	  173.5393
4.217	 3.25	 1	 -43.2178	  173.5615
4.219	 2.06	 3	 -42.6005	  172.7301
4.222	 2.03	 1	 -41.6624	  174.5756
4.222	 2.31	 1	 -42.5408	  172.8084
4.222	 2.23	 3	 -43.1960	  173.3852
4.223	 2.42	 1	 -42.5189	  172.8423
4.223	 2.77	 1	 -41.6966	  174.2681
4.224	 2.75	 1	 -41.7808	  174.1820
4.226	 2.18	 1	 -42.3110	  173.6147
4.226	 2.13	 4	 -42.8051	  171.9776
4.226	 2.86	 1	 -41.9017	  173.6719
4.227	 2.30	 1	 -42.2458	  173.6750
4.230	 2.02	 1	 -42.4749	  173.0945
4.230	 2.15	 1	 -42.3333	  172.8957
4.230	 2.36	 3	 -43.8203	  178.8036
4.230	 2.58	 1	 -42.1405	  173.5970
4.231	 2.28	 3	 -42.1737	  173.1591
4.233	 2.43	 3	 -42.4737	  171.7218
4.234	 3.15	 1	 -41.7884	  174.1049
4.235	 2.29	 1	 -41.6007	  174.3832
4.236	 2.03	 1	 -42.0166	  173.8553
4.237	 2.14	 1	 -42.1786	  173.6508
4.238	 2.02	 1	 -42.8962	  172.8338
4.239	 2.15	 1	 -42.4467	  173.8099
4.240	 2.71	 1	 -42.5368	  172.7875
4.241	 2.40	 1	 -42.1892	  173.7144
4.241	 2.45	 1	 -42.1960	  173.6835
4.242	 2.04	 1	 -42.3092	  173.7275
4.243	 2.28	 1	 -42.5227	  173.2907
4.244	 2.42	 1	 -41.8711	  174.1445
4.245	 2.68	 1	 -41.7027	  174.2878
4.246	 2.20	 2	 -42.3961	  174.0595
4.246	 2.38	 1	 -42.7617	  173.4012
4.247	 3.44	 1	 -42.5802	  173.1123
4.247	 2.54	 1	 -42.6953	  172.8789
4.249	 2.90	 1	 -41.7281	  175.1065
4.250	 2.73	 1	 -41.7488	  174.2674
4.250	 2.33	 3	 -42.4840	  173.0468
4.251	 2.24	 1	 -42.3373	  173.7842
4.252	 2.77	 1	 -42.1963	  172.8300
4.253	 2.23	 1	 -41.6940	  174.1737
4.255	 3.02	 1	 -42.2192	  173.5745
4.256	 3.11	 3	 -42.4136	  173.0608
4.257	 2.02	 1	 -37.9989	  172.0804
4.258	 3.06	 1	 -42.3853	  173.0954
4.258	 2.70	 1	 -42.4125	  173.9673
4.259	 2.21	 1	 -42.7793	  173.3780
4.260	 2.36	 3	 -42.5763	  172.8936
4.260	 2.38	 2	 -43.2822	  173.6359
4.261	 2.04	 3	 -42.5745	  172.7886
4.262	 2.21	 1	 -41.7512	  174.0734
4.263	 2.25	 1	 -42.4347	  173.7146
4.265	 2.08	 1	 -42.2707	  173.6385
4.265	 2.24	 1	 -42.2553	  173.9251
4.265	 2.36	 1	 -41.9189	  173.9104
4.266	 2.27	 3	 -42.2553	  173.8917
4.266	 2.16	 2	 -42.7026	  173.2717
4.270	 2.30	 1	 -42.1471	  173.5777
4.271	 2.02	 1	 -42.5690	  173.4670
4.271	 2.26	 5	 -42.2556	  173.1058
4.272	 2.38	 1	 -42.4554	  173.0153
4.273	 2.06	 1	 -41.9756	  173.9119
4.274	 2.04	 3	 -42.4685	  173.0772
4.274	 2.45	 1	 -42.1398	  173.6727
4.275	 2.17	 2	 -42.5951	  173.2497
4.278	 2.30	 3	 -42.7610	  172.7852
4.278	 2.80	 1	 -42.4003	  173.6994
4.279	 2.06	 1	 -42.8225	  173.5693
4.279	 2.03	 3	 -43.3921	  173.4475
4.279	 2.16	 4	 -42.5225	  172.9521
4.280	 2.18	 3	 -41.4544	  174.2632
4.281	 2.31	 1	 -42.2051	  174.3118
4.282	 2.28	 3	 -42.5993	  172.9908
4.283	 2.01	 3	 -42.5652	  172.9191
4.283	 2.25	 3	 -42.4299	  172.8228
4.284	 2.11	 3	 -42.5443	  173.2936
4.286	 2.58	 1	 -45.1931	  178.1068
4.290	 2.52	 1	 -42.2760	  173.8568
4.291	 2.41	 1	 -41.9729	  174.0433
4.291	 3.18	 2	 -41.3615	  174.7497
4.292	 2.01	 1	 -41.6629	  174.2193
4.292	 2.41	 1	 -42.1308	  173.5854
4.296	 2.49	 1	 -42.6519	  172.9412
4.296	 3.07	 1	 -42.2482	  173.6446
4.296	 3.33	 3	 -42.5046	  173.0163
4.296	 2.53	 1	 -42.2588	  174.1160
4.297	 2.45	 1	 -42.2844	  173.3635
4.297	 2.08	 1	 -41.7691	  174.2385
4.299	 2.00	 1	 -41.8058	  174.2248
4.300	 2.19	 2	 -41.5275	  174.0900
4.301	 2.97	 1	 -41.7244	  174.3051
4.301	 2.37	 1	 -42.2761	  173.6511
4.302	 2.27	 1	 -42.5448	  173.1307
4.303	 3.00	 2	 -40.2049	  173.9242
4.304	 2.32	 1	 -41.7762	  174.1340
4.307	 3.13	 2	 -42.7481	  172.9656
4.307	 2.64	 1	 -43.3409	  175.2060
4.307	 3.25	 1	 -41.7017	  174.2262
4.308	 2.07	 1	 -41.8070	  174.2443
4.308	 2.01	 1	 -42.5364	  174.1565
4.309	 2.11	 3	 -42.7523	  172.4409
4.309	 2.16	 1	 -41.5417	  174.1245
4.309	 2.10	 1	 -42.5069	  173.2296
4.310	 2.52	 1	 -41.7800	  173.9706
4.310	 2.53	 2	 -41.9862	  173.7192
4.310	 3.57	 4	 -42.5428	  173.3730
4.311	 2.47	 3	 -42.5546	  172.8342
4.312	 2.85	 1	 -41.9321	  174.0076
4.313	 2.63	 2	 -42.3117	  173.4688
4.313	 2.08	 4	 -42.6711	  173.0901
4.314	 2.00	 1	 -42.3565	  173.3289
4.314	 2.10	 1	 -42.5983	  174.0501
4.314	 2.33	 4	 -42.4976	  172.9292
4.315	 2.53	 1	 -41.7441	  174.3176
4.315	 3.39	 3	 -42.5608	  173.1798
4.316	 2.77	 1	 -42.2844	  173.6520
4.317	 3.60	 1	 -42.5832	  173.0806
4.317	 2.51	 4	 -42.4028	  173.0626
4.317	 2.70	 2	 -40.2180	  173.9941
4.318	 2.03	 1	 -42.4506	  173.5724
4.318	 2.11	 1	 -42.3207	  173.2139
4.321	 2.44	 2	 -42.4040	  174.1269
4.322	 4.01	 2	 -42.5969	  172.8737
4.322	 2.64	 1	 -42.4473	  173.1508
4.323	 2.90	 1	 -42.8382	  174.7827
4.323	 2.40	 2	 -42.2514	  173.8912
4.323	 2.39	 1	 -41.7322	  174.2834
4.324	 2.27	 1	 -41.8699	  175.6375
4.325	 2.58	 1	 -42.2121	  173.6203
4.325	 2.28	 3	 -46.9831	  172.1056
4.325	 2.29	 1	 -39.9167	  172.8197
4.325	 2.46	 1	 -42.0162	  173.7928
4.326	 2.18	 1	 -42.3159	  173.8495
4.326	 2.61	 1	 -42.1382	  173.7542
4.326	 2.33	 1	 -42.4225	  173.7674
4.327	 2.08	 1	 -41.5610	  174.1468
4.327	 2.12	 1	 -42.2938	  174.1062
4.327	 2.28	 1	 -42.4052	  173.1895
4.327	 2.03	 1	 -42.4789	  173.1867
4.328	 2.04	 1	 -38.7844	  176.0479
4.328	 2.53	 1	 -42.0207	  173.6429
4.329	 2.21	 1	 -42.6822	  173.2397
4.329	 3.08	 1	 -41.4952	  174.6269
4.329	 2.56	 1	 -41.6920	  174.3371
4.331	 2.17	 2	 -42.4031	  173.8426
4.333	 2.06	 1	 -42.2795	  173.0938
4.334	 3.02	 2	 -42.4874	  173.3365
4.334	 2.08	 3	 -42.3595	  173.0606
4.334	 2.93	 1	 -41.7038	  174.2323
4.335	 2.65	 1	 -41.8198	  174.0495
4.335	 2.15	 1	 -42.4360	  173.1691
4.336	 2.62	 1	 -42.4735	  173.9515
4.336	 2.45	 2	 -42.5357	  174.9949
4.337	 2.79	 3	 -42.2524	  173.4849
4.337	 2.01	 1	 -42.6108	  173.0553
4.338	 2.01	 1	 -42.2998	  174.0757
4.339	 2.14	 1	 -41.6865	  174.2892
4.340	 2.21	 1	 -41.6927	  174.2100
4.341	 2.58	 1	 -42.5075	  173.2608
4.342	 2.19	 3	 -41.6151	  174.3799
4.343	 2.20	 1	 -42.6265	  173.2082
4.343	 3.38	 1	 -42.4257	  173.3303
4.345	 2.30	 1	 -42.2693	  179.1128
4.345	 3.57	 2	 -41.4986	  174.4090
4.345	 2.17	 3	 -42.3524	  172.7364
4.346	 2.00	 1	 -42.5423	  173.6615
4.346	 2.81	 1	 -42.6814	  173.0238
4.348	 2.06	 3	 -42.2928	  174.2904
4.348	 2.44	 3	 -42.6678	  173.1740
4.349	 2.56	 2	 -42.2276	  173.6128
4.350	 4.41	 1	 -42.3445	  173.7051
4.351	 2.38	 3	 -42.1165	  172.8897
4.351	 3.40	 4	 -41.5531	  174.3805
4.353	 2.16	 1	 -42.4968	  173.5170
4.354	 2.30	 1	 -42.0369	  173.6793
4.354	 3.10	 1	 -41.7653	  174.1581
4.355	 2.03	 1	 -41.7673	  174.0344
4.355	 2.15	 1	 -41.7868	  174.4105
4.355	 2.03	 2	 -42.2713	  173.5865
4.355	 2.38	 1	 -42.3175	  171.9491
4.355	 2.88	 1	 -41.9249	  173.7149
4.357	 2.22	 1	 -42.4634	  173.2423
4.358	 2.75	 1	 -42.2143	  173.7932
4.358	 2.41	 1	 -41.8716	  174.1936
4.358	 2.19	 1	 -41.8098	  174.0217
4.359	 2.62	 1	 -42.4790	  174.0065
4.359	 2.74	 1	 -42.5153	  173.3964
4.359	 2.16	 1	 -41.8950	  174.0110
4.359	 2.58	 3	 -41.9461	  171.3618
4.362	 2.01	 2	 -41.9896	  173.9884
4.362	 2.05	 3	 -42.7540	  172.9602
4.362	 2.45	 1	 -42.2893	  173.7431
4.363	 2.04	 1	 -42.3562	  174.0045
4.364	 3.42	 1	 -42.3669	  173.0793
4.365	 2.06	 1	 -41.8937	  173.7071
4.365	 2.51	 1	 -42.4012	  174.2608
4.365	 2.43	 1	 -44.3071	  177.0835
4.366	 2.02	 2	 -42.6073	  172.9495
4.367	 2.70	 1	 -41.6421	  174.2642
4.367	 2.05	 1	 -41.8434	  174.0886
4.368	 2.92	 3	 -42.6309	  172.8162
4.369	 2.43	 1	 -42.0627	  173.6898
4.370	 2.39	 1	 -42.5962	  173.1033
4.373	 2.18	 1	 -42.4762	  172.7638
4.373	 2.51	 1	 -42.6576	  173.1819
4.373	 2.10	 3	 -42.4827	  172.9311
4.374	 2.25	 1	 -42.0265	  173.6954
4.375	 4.88	 2	 -41.6136	  174.3950
4.375	 4.19	 1	 -42.1783	  173.7723
4.375	 2.81	 3	 -42.5387	  172.8015
4.375	 2.22	 4	 -42.6644	  172.2783
4.376	 3.29	 1	 -42.2695	  173.8475
4.376	 2.50	 3	 -42.5453	  173.1091
4.378	 2.23	 1	 -42.6615	  173.7095
4.379	 2.02	 3	 -41.4244	  174.8698
4.380	 2.86	 1	 -42.3635	  174.0119
4.380	 2.99	 3	 -41.4939	  174.2153
4.382	 2.20	 1	 -41.8112	  172.9647
4.383	 3.24	 3	 -41.7237	  174.0956
4.384	 2.00	 1	 -42.2088	  173.6780
4.384	 2.64	 1	 -42.9210	  172.7928
4.384	 2.14	 1	 -41.7741	  174.1915
4.385	 3.36	 1	 -42.5750	  173.8521
4.386	 2.03	 1	 -41.6416	  174.2978
4.387	 2.04	 1	 -42.1613	  173.6041
4.387	 2.07	 2	 -41.4857	  174.0998
4.389	 2.35	 1	 -41.8973	  173.4424
4.389	 2.11	 3	 -42.5390	  172.2521
4.390	 2.21	 3	 -42.2383	  173.4570
4.391	 2.17	 1	 -41.6971	  174.3610
4.391	 2.94	 2	 -42.3496	  173.6986
4.393	 2.23	 1	 -42.3035	  173.5267
4.393	 2.90	 1	 -42.5534	  173.0323
4.394	 2.14	 3	 -42.5738	  172.8797
4.396	 2.16	 1	 -41.9920	  173.8504
4.396	 2.03	 1	 -42.4085	  172.7786
4.399	 2.83	 1	 -42.3406	  173.6503
4.399	 2.03	 2	 -42.7894	  174.4579
4.400	 2.89	 2	 -42.4938	  173.1376
4.402	 2.50	 3	 -42.4740	  169.8671
4.403	 2.38	 1	 -42.2847	  173.7906
4.403	 2.67	 3	 -42.4552	  173.1369
4.404	 2.28	 1	 -42.5981	  173.8549
4.404	 2.09	 1	 -42.3908	  173.3958
4.406	 2.19	 1	 -42.5203	  173.2561
4.406	 2.28	 1	 -41.6693	  174.4030
4.406	 2.64	 2	 -42.3993	  173.7083
4.406	 2.94	 1	 -42.4221	  173.7824
4.406	 2.42	 1	 -41.6764	  174.2219
4.406	 3.30	 1	 -41.7502	  173.6873
4.407	 2.45	 1	 -42.1174	  173.5382
4.408	 2.69	 2	 -42.3777	  173.0312
4.408	 2.01	 1	 -42.0801	  173.7689
4.409	 2.69	 1	 -41.9591	  173.5907
4.409	 2.55	 1	 -42.5103	  173.2057
4.410	 2.03	 1	 -41.6702	  174.2723
4.411	 2.80	 1	 -42.2309	  173.5530
4.411	 2.22	 2	 -41.3984	  173.6163
4.413	 2.08	 1	 -42.7142	  172.9010
4.414	 2.41	 3	 -42.4699	  173.0311
4.415	 2.09	 1	 -42.7356	  172.8684
4.416	 2.17	 1	 -42.2970	  172.8437
4.416	 2.71	 3	 -42.6766	  172.5116
4.417	 2.42	 1	 -41.7798	  177.4227
4.418	 2.43	 2	 -42.1750	  173.7713
4.418	 2.94	 3	 -42.1036	  172.8048
4.420	 2.13	 1	 -42.5326	  173.1720
4.421	 2.47	 1	 -41.8621	  174.1333
4.421	 2.43	 1	 -41.9397	  173.9605
4.421	 2.41	 1	 -42.3747	  173.5819
4.422	 2.23	 1	 -41.7763	  174.1337
4.424	 2.08	 2	 -42.9195	  175.1573
4.424	 2.07	 1	 -42.5031	  173.2525
4.425	 2.10	 1	 -41.3248	  174.3009
4.426	 2.20	 1	 -42.1115	  173.8288
4.426	 2.56	 1	 -44.8878	  176.7968
4.426	 2.61	 2	 -42.4707	  173.8931
4.427	 2.67	 2	 -42.3277	  173.8376
4.427	 2.22	 1	 -41.6710	  174.1859
4.427	 2.33	 3	 -42.5087	  173.0711
4.428	 2.03	 2	 -41.9692	  174.3637
4.428	 2.05	 1	 -42.0795	  173.7227
4.430	 2.31	 3	 -41.6018	  174.8033
4.431	 2.67	 1	 -42.3801	  173.1971
4.432	 2.41	 1	 -41.9373	  174.2360
4.432	 2.31	 3	 -42.5913	  173.0047
4.432	 2.14	 1	 -41.8749	  173.6023
4.433	 2.21	 1	 -42.1079	  173.7088
4.433	 2.17	 1	 -42.1758	  173.5071
4.434	 2.56	 1	 -42.4272	  173.8727
4.434	 2.65	 1	 -41.8671	  174.5542
4.435	 2.82	 1	 -42.4982	  173.5375
4.436	 2.07	 1	 -42.2973	  173.8273
4.436	 2.83	 3	 -42.4789	  172.9965
4.436	 2.06	 1	 -41.6497	  174.1864
4.436	 2.20	 2	 -42.5747	  173.1241
4.437	 2.09	 1	 -41.6329	  174.2341
4.437	 2.27	 1	 -41.5764	  174.3064
4.438	 3.35	 3	 -42.7066	  172.7502
4.441	 2.53	 1	 -42.4787	  173.6158
4.441	 2.07	 2	 -42.1803	  173.7542
4.442	 2.34	 1	 -42.3282	  173.6169
4.442	 2.60	 3	 -44.4040	  173.9837
4.445	 2.10	 3	 -42.2920	  173.4474
4.445	 2.28	 1	 -41.7964	  174.1986
4.447	 3.20	 1	 -42.4203	  173.3673
4.448	 2.03	 1	 -41.7514	  174.2757
4.450	 2.10	 1	 -42.7251	  173.0008
4.451	 2.11	 3	 -42.3322	  173.1100
4.452	 2.09	 3	 -42.1399	  173.1553
4.453	 2.05	 1	 -42.5005	  172.3364
4.453	 2.14	 3	 -42.6245	  172.9498
4.454	 2.43	 1	 -42.2939	  173.7186
4.457	 2.55	 2	 -42.4599	  173.0186
4.457	 2.82	 3	 -42.5584	  173.0322
4.458	 2.04	 1	 -41.7088	  174.2763
4.458	 3.33	 1	 -43.7581	  172.0934
4.460	 2.06	 1	 -42.4367	  173.1169
4.460	 2.08	 3	 -42.1394	  173.5117
4.460	 3.06	 1	 -42.2209	  173.9606
4.461	 3.17	 1	 -42.3347	  174.2606
4.462	 2.47	 3	 -42.3751	  173.1097
4.462	 2.29	 1	 -41.6754	  174.1501
4.462	 2.12	 3	 -41.6992	  174.2961
4.464	 2.22	 1	 -41.6783	  174.2831
4.464	 2.14	 1	 -42.2604	  173.5794
4.464	 3.10	 1	 -42.1868	  173.7213
4.465	 2.15	 2	 -41.8541	  174.1198
4.467	 2.03	 1	 -42.2831	  173.6987
4.467	 2.05	 3	 -42.5904	  173.9937
4.468	 2.19	 1	 -41.3853	  172.5782
4.468	 3.73	 1	 -42.4820	  173.2436
4.471	 2.00	 3	 -42.1309	  171.9368
4.473	 2.47	 1	 -42.2879	  173.2845
4.474	 2.89	 4	 -42.5999	  172.8879
4.474	 2.41	 1	 -42.3727	  173.3883
4.474	 2.37	 2	 -42.2471	  173.7203
4.474	 2.16	 1	 -41.7575	  174.2117
4.475	 2.19	 1	 -41.9178	  174.1945
4.476	 3.27	 3	 -42.7123	  172.7782
4.477	 2.41	 3	 -41.6092	  174.3891
4.477	 2.26	 1	 -42.3975	  174.0139
4.477	 2.21	 1	 -42.1906	  173.9128
4.478	 2.74	 1	 -42.4612	  173.1348
4.482	 2.48	 1	 -42.3088	  172.3931
4.483	 2.59	 2	 -41.5809	  174.1824
4.483	 2.31	 4	 -42.4901	  173.2621
4.483	 2.33	 3	 -41.5914	  174.3530
4.483	 2.64	 3	 -42.4311	  172.9170
4.485	 2.02	 4	 -42.2601	  172.7906
4.486	 3.61	 1	 -41.7317	  174.2509
4.487	 2.12	 3	 -42.5038	  172.8092
4.488	 2.03	 1	 -42.3373	  174.0322
4.488	 2.45	 2	 -42.3808	  173.6550
4.489	 4.34	 2	 -41.7953	  174.0954
4.489	 2.38	 1	 -41.7168	  174.3553
4.492	 2.03	 3	 -41.9023	  174.0217
4.493	 4.76	 1	 -41.5872	  174.2521
4.493	 3.11	 1	 -41.9202	  174.1829
4.493	 2.16	 2	 -42.5408	  172.7282
4.494	 2.89	 1	 -42.0920	  173.8409
4.494	 2.24	 3	 -41.5858	  174.4427
4.497	 2.12	 2	 -41.7733	  174.2192
4.497	 2.23	 2	 -42.0875	  173.6773
4.498	 2.76	 1	 -42.6214	  172.3042
4.498	 3.11	 1	 -41.8100	  174.2080
4.500	 2.03	 1	 -42.6884	  172.8507
4.502	 2.03	 3	 -41.6040	  174.3913
4.502	 2.07	 1	 -42.5113	  173.2993
4.502	 2.82	 2	 -42.5002	  172.8499
4.503	 2.86	 1	 -42.3356	  173.0744
4.503	 2.31	 1	 -41.7107	  174.3186
4.504	 2.44	 1	 -42.7055	  173.1348
4.505	 2.03	 1	 -42.0632	  174.6206
4.505	 2.24	 1	 -42.5026	  173.8445
4.506	 2.37	 3	 -41.6153	  174.4047
4.506	 2.12	 1	 -42.6136	  172.8864
4.506	 2.15	 1	 -42.4624	  173.5771
4.507	 2.80	 3	 -43.0659	  173.3934
4.507	 2.23	 1	 -41.6653	  174.3701
4.507	 2.42	 1	 -42.5255	  172.8523
4.508	 2.25	 1	 -42.4908	  173.7589
4.509	 3.32	 3	 -41.8588	  170.6366
4.509	 2.27	 1	 -42.4907	  173.4697
4.510	 2.71	 2	 -41.8009	  173.7260
4.510	 2.42	 3	 -42.4440	  172.9959
4.512	 2.10	 1	 -41.8333	  174.1762
4.512	 2.72	 1	 -42.7100	  173.0562
4.513	 3.26	 1	 -42.4128	  173.3688
4.513	 2.91	 2	 -41.5981	  174.2785
4.515	 2.52	 3	 -42.5130	  172.8723
4.515	 2.03	 3	 -40.1082	  174.3677
4.516	 3.21	 3	 -42.2618	  174.1384
4.516	 2.11	 1	 -41.8799	  174.5077
4.517	 4.19	 2	 -42.4005	  173.8550
4.517	 2.08	 1	 -43.8984	  172.0136
4.518	 2.15	 1	 -41.4872	  167.9912
4.520	 4.20	 1	 -46.0840	  175.6246
4.521	 2.78	 1	 -38.8275	  176.1487
4.523	 2.20	 3	 -42.5365	  172.4837
4.523	 2.05	 1	 -42.0748	  173.5531
4.524	 2.59	 2	 -41.9878	  173.7149
4.526	 2.00	 1	 -42.0119	  173.7631
4.526	 3.17	 2	 -41.5809	  174.2413
4.526	 2.11	 2	 -46.0768	  175.3496
4.526	 2.83	 1	 -42.6696	  172.7940
4.526	 2.14	 2	 -41.5885	  174.5464
4.527	 2.44	 1	 -42.4307	  173.1702
4.532	 2.96	 2	 -42.3363	  173.4596
4.532	 2.07	 2	 -42.4297	  173.3746
4.532	 3.30	 1	 -42.1980	  173.5908
4.534	 2.04	 2	 -41.1683	  173.6196
4.536	 3.26	 3	 -41.7961	  174.1154
4.537	 2.37	 1	 -41.3619	  174.1461
4.537	 2.09	 1	 -42.4054	  174.0528
4.542	 2.24	 1	 -44.0898	  174.6354
4.542	 2.05	 1	 -41.9324	  167.9821
4.545	 2.87	 2	 -41.4844	  174.7966
4.545	 3.66	 1	 -42.2376	  173.0810
4.545	 2.14	 2	 -42.1269	  173.4801
4.546	 2.32	 1	 -41.6936	  174.1880
4.547	 2.17	 1	 -42.3749	  173.5740
4.548	 2.21	 1	 -42.6135	  172.8049
4.548	 2.39	 2	 -42.4651	  173.1287
4.548	 2.73	 1	 -41.7324	  174.3066
4.550	 3.33	 2	 -41.5763	  174.2095
4.550	 2.14	 1	 -42.2270	  173.5657
4.550	 2.21	 2	 -41.5174	  174.3985
4.550	 2.01	 3	 -42.5079	  172.9270
4.551	 2.06	 1	 -42.1330	  173.6741
4.553	 2.04	 2	 -41.6193	  174.2671
4.554	 2.27	 4	 -42.3587	  173.8323
4.554	 2.08	 2	 -40.2109	  173.9227
4.554	 2.03	 1	 -42.0539	  173.7843
4.556	 2.29	 1	 -42.4531	  173.1653
4.559	 2.67	 1	 -42.5227	  173.0393
4.562	 2.41	 2	 -41.4787	  174.4074
4.562	 2.42	 2	 -42.0413	  173.6664
4.562	 2.22	 4	 -42.0221	  173.6324
4.562	 2.53	 1	 -42.4398	  173.1253
4.563	 2.17	 2	 -46.1548	  175.7572
4.564	 2.04	 1	 -42.2314	  173.6480
4.564	 2.02	 1	 -42.1774	  173.5541
4.564	 2.26	 1	 -42.1171	  173.8180
4.565	 2.00	 3	 -42.5967	  173.5619
4.565	 2.11	 2	 -41.5744	  174.2521
4.566	 2.67	 1	 -42.3009	  173.5278
4.566	 2.14	 1	 -42.5277	  173.2093
4.568	 3.31	 1	 -42.2692	  173.4866
4.569	 2.87	 1	 -42.7493	  173.1795
4.569	 2.14	 3	 -42.3286	  173.2466
4.569	 4.02	 1	 -41.8181	  174.0474
4.571	 2.76	 1	 -41.3433	  173.8699
4.572	 3.16	 2	 -41.8125	  174.2959
4.574	 2.10	 1	 -42.1587	  173.6757
4.574	 2.02	 2	 -41.4468	  173.9454
4.574	 2.00	 2	 -42.0955	  173.5949
4.575	 2.18	 2	 -41.6440	  174.2641
4.576	 2.30	 3	 -42.5850	  172.6309
4.577	 2.40	 1	 -41.7011	  174.2122
4.578	 2.01	 1	 -42.2348	  173.6368
4.578	 3.99	 1	 -42.0016	  174.0128
4.579	 2.42	 1	 -43.4296	  172.8375
4.581	 2.18	 1	 -42.4431	  171.6860
4.581	 3.07	 1	 -41.5112	  173.9888
4.582	 2.79	 1	 -41.6093	  174.1400
4.582	 2.44	 1	 -42.7023	  172.7696
4.583	 2.15	 1	 -42.5324	  173.0068
4.584	 2.07	 1	 -42.6387	  172.7325
4.584	 2.20	 1	 -42.3345	  173.8358
4.585	 2.04	 1	 -42.3058	  173.9812
4.586	 2.15	 1	 -43.2549	  172.2320
4.586	 2.29	 1	 -41.6567	  173.9552
4.587	 2.70	 3	 -41.5402	  174.9359
4.587	 2.09	 2	 -41.7607	  174.1422
4.590	 2.48	 2	 -42.1933	  173.5882
4.590	 2.76	 3	 -42.4962	  172.8027
4.593	 3.56	 1	 -42.2798	  173.6400
4.596	 2.09	 1	 -42.3558	  173.7766
4.596	 2.42	 1	 -41.7604	  174.3298
4.597	 2.03	 2	 -41.6452	  174.3230
4.598	 2.67	 1	 -42.1458	  173.8860
4.598	 2.07	 1	 -41.8739	  174.2377
4.598	 2.19	 1	 -42.0319	  174.5091
4.599	 3.89	 1	 -42.4720	  173.1567
4.599	 2.21	 1	 -41.6585	  174.2328
4.599	 2.43	 1	 -41.6807	  174.1218
4.602	 2.60	 1	 -41.9450	  173.8928
4.603	 2.09	 1	 -42.1325	  173.9222
4.603	 2.14	 1	 -42.2339	  173.7710
4.603	 2.06	 2	 -41.6623	  174.4104
4.604	 2.72	 1	 -42.4129	  173.6008
4.605	 2.18	 2	 -42.5207	  173.2435
4.605	 2.33	 1	 -42.2460	  173.4676
4.607	 3.12	 3	 -42.3628	  173.4474
4.607	 2.71	 1	 -41.7308	  174.3213
4.607	 2.09	 2	 -42.3623	  173.7534
4.608	 2.02	 1	 -41.6209	  174.1025
4.608	 2.50	 2	 -42.2150	  173.5612
4.608	 2.16	 2	 -41.8062	  173.7152
4.609	 2.95	 1	 -42.2080	  173.7414
4.610	 2.56	 1	 -42.5570	  173.2285
4.611	 3.14	 1	 -42.6425	  173.1618
4.613	 3.12	 1	 -42.2959	  173.8432
4.613	 2.24	 3	 -42.6596	  173.1143
4.615	 2.72	 1	 -42.3390	  173.7951
4.615	 2.54	 1	 -41.7526	  174.2307
4.618	 3.09	 1	 -41.8886	  173.9111
4.620	 3.36	 3	 -42.7555	  173.1104
4.620	 2.16	 1	 -42.6078	  172.9766
4.621	 2.20	 1	 -41.6713	  174.1807
4.621	 2.81	 1	 -42.5811	  173.0882
4.622	 2.05	 1	 -42.1345	  172.8942
4.622	 2.11	 1	 -41.6855	  174.0843
4.623	 2.16	 1	 -42.2726	  173.7814
4.623	 2.04	 1	 -42.2954	  173.6026
4.624	 2.49	 4	 -42.8896	  173.9176
4.624	 2.12	 2	 -42.2861	  174.1188
4.625	 2.41	 2	 -42.2374	  173.0951
4.625	 2.50	 1	 -42.5911	  172.9762
4.626	 2.85	 1	 -42.5434	  172.9693
4.626	 2.08	 1	 -41.9176	  174.0604
4.627	 2.06	 3	 -42.5302	  173.0920
4.628	 2.23	 3	 -41.7989	  174.1062
4.630	 2.65	 4	 -41.8491	  170.6412
4.630	 2.69	 1	 -41.8841	  174.0253
4.630	 2.07	 1	 -42.6634	  172.9548
4.632	 2.09	 1	 -42.3226	  173.8115
4.632	 4.07	 1	 -42.3101	  172.6682
4.632	 2.78	 1	 -41.5673	  174.4090
4.632	 2.15	 1	 -42.2432	  173.6542
4.635	 2.25	 3	 -42.2567	  173.1476
4.636	 2.33	 2	 -41.5010	  174.4295
4.636	 2.27	 2	 -41.6784	  174.4734
4.637	 2.01	 1	 -42.2156	  173.6160
4.637	 2.12	 1	 -41.6691	  174.3094
4.637	 2.83	 1	 -41.6944	  174.3291
4.638	 2.48	 1	 -42.3749	  173.8108
4.639	 2.98	 3	 -42.1604	  172.7062
4.639	 2.13	 1	 -41.7786	  174.2214
4.639	 3.03	 4	 -42.7570	  173.1198
4.639	 2.53	 1	 -42.2276	  173.7128
4.639	 2.03	 1	 -42.1087	  173.6854
4.640	 2.55	 2	 -41.8027	  174.2070
4.641	 2.27	 1	 -42.4819	  173.1739
4.641	 2.09	 1	 -42.7984	  173.7961
4.641	 4.22	 1	 -41.6727	  174.2091
4.644	 2.64	 1	 -42.2858	  173.9715
4.644	 2.30	 3	 -42.6813	  172.8241
4.645	 2.00	 1	 -42.0759	  173.8374
4.645	 2.26	 1	 -41.7002	  174.2515
4.647	 2.43	 2	 -41.6101	  174.2680
4.648	 3.15	 1	 -41.6981	  174.3211
4.648	 2.08	 1	 -42.6682	  172.7916
4.648	 2.13	 2	 -41.5116	  174.4355
4.650	 2.59	 1	 -42.8430	  173.0880
4.651	 2.87	 1	 -42.5281	  173.7146
4.651	 3.53	 1	 -42.3761	  174.3815
4.654	 2.24	 1	 -41.6969	  174.2437
4.655	 2.01	 2	 -41.9332	  174.0056
4.656	 2.13	 3	 -41.5958	  174.3271
4.657	 2.01	 1	 -42.6120	  173.1781
4.657	 2.06	 1	 -42.5787	  173.0538
4.659	 2.11	 1	 -42.2897	  173.9840
4.660	 2.07	 1	 -42.1992	  173.6986
4.660	 2.30	 1	 -41.9873	  173.7224
4.661	 2.14	 3	 -42.4880	  173.0376
4.661	 2.15	 1	 -42.7377	  172.7344
4.662	 2.77	 2	 -42.3639	  173.3701
4.663	 2.13	 1	 -42.2660	  173.9786
4.663	 2.15	 1	 -42.2574	  173.6124
4.663	 2.01	 1	 -42.3205	  173.3862
4.664	 2.42	 1	 -42.1142	  173.8956
4.665	 2.84	 1	 -42.2249	  173.7738
4.666	 2.57	 1	 -42.2863	  173.8847
4.667	 2.11	 1	 -42.3860	  174.0806
4.668	 2.75	 3	 -42.4215	  173.1015
4.668	 2.78	 1	 -42.2800	  174.1672
4.669	 2.34	 1	 -42.5100	  172.8589
4.670	 3.32	 1	 -43.8445	  173.2443
4.670	 2.17	 1	 -42.1624	  173.8945
4.671	 2.81	 1	 -41.7454	  174.3521
4.672	 3.03	 2	 -41.5881	  174.2056
4.673	 2.52	 1	 -41.7612	  174.2668
4.674	 2.15	 3	 -42.8148	  172.8002
4.675	 2.08	 3	 -42.3449	  173.8664
4.675	 2.77	 2	 -41.7794	  174.2999
4.677	 2.17	 2	 -41.5527	  174.3675
4.681	 2.02	 1	 -41.6615	  174.4448
4.683	 3.24	 1	 -42.0132	  174.1592
4.683	 2.07	 1	 -42.1410	  174.3819
4.685	 2.28	 1	 -42.2509	  173.4961
4.685	 2.06	 3	 -42.0564	  173.2429
4.685	 2.28	 4	 -42.7543	  173.0711
4.686	 2.69	 1	 -41.7236	  174.1803
4.686	 2.45	 1	 -41.7046	  174.2448
4.688	 2.16	 1	 -41.7802	  174.3808
4.689	 2.14	 2	 -42.3155	  172.6943
4.689	 2.56	 3	 -42.4225	  173.8185
4.690	 2.40	 5	 -41.8481	  170.6402
4.690	 2.13	 2	 -42.8461	  174.1154
4.691	 2.23	 1	 -41.9898	  173.0762
4.691	 2.09	 1	 -42.6185	  173.2261
4.691	 2.98	 1	 -42.5746	  172.9382
4.691	 2.05	 1	 -42.1610	  173.9318
4.693	 2.07	 1	 -42.3644	  173.0807
4.693	 2.28	 2	 -42.6423	  172.6613
4.695	 2.31	 3	 -41.7984	  174.1040
4.696	 2.30	 1	 -42.3539	  173.5638
4.696	 3.03	 1	 -42.5328	  173.0124
4.698	 2.43	 1	 -42.4800	  173.1055
4.698	 2.47	 3	 -41.5997	  174.2097
4.699	 3.44	 1	 -42.5772	  174.1574
4.699	 2.05	 3	 -41.4271	  173.9986
4.699	 2.07	 1	 -42.4681	  173.3857
4.700	 3.04	 3	 -42.5805	  172.9029
4.700	 2.07	 1	 -41.6044	  174.2142
4.702	 2.21	 1	 -42.5627	  173.0856
4.702	 2.03	 1	 -42.0060	  173.8252
4.702	 2.54	 2	 -41.8319	  174.3480
4.703	 2.41	 1	 -43.7992	  172.5577
4.705	 3.76	 1	 -42.2293	  173.8326
4.707	 3.30	 2	 -40.1769	  173.9048
4.708	 2.01	 1	 -42.5417	  174.0633
4.708	 2.23	 3	 -42.5444	  172.9947
4.710	 2.39	 1	 -42.3646	  173.0816
4.712	 2.39	 2	 -42.5675	  172.8407
4.713	 2.65	 3	 -42.3087	  173.4239
4.714	 3.08	 1	 -42.5854	  172.7889
4.714	 2.74	 1	 -42.3988	  173.1354
4.716	 2.13	 2	 -42.3468	  173.8525
4.718	 2.37	 1	 -42.4597	  173.8002
4.719	 2.57	 3	 -41.6407	  174.3773
4.720	 2.19	 3	 -42.5383	  172.8494
4.721	 2.14	 4	 -42.6956	  172.7607
4.722	 2.02	 3	 -42.6661	  172.7883
4.723	 2.48	 1	 -42.1548	  173.9740
4.724	 2.22	 3	 -43.0741	  172.3945
4.726	 2.22	 2	 -41.9956	  174.0257
4.726	 2.23	 2	 -40.2266	  173.9743
4.726	 2.03	 1	 -42.3103	  173.8847
4.728	 3.16	 1	 -42.1837	  173.5279
4.728	 2.07	 1	 -41.7348	  174.3609
4.730	 3.56	 1	 -42.4228	  173.0909
4.730	 2.48	 3	 -41.7333	  174.3159
4.731	 2.89	 1	 -42.4727	  173.0537
4.731	 3.25	 1	 -42.3299	  173.3796
4.732	 2.03	 1	 -41.6917	  174.2567
4.732	 2.96	 1	 -42.3436	  173.2838
4.733	 2.13	 1	 -41.9880	  174.1139
4.734	 2.16	 3	 -41.5969	  174.3844
4.734	 2.53	 3	 -41.6210	  174.3638
4.735	 2.01	 2	 -41.7026	  174.1560
4.736	 3.16	 1	 -42.3805	  173.9668
4.736	 2.87	 2	 -42.6785	  173.1335
4.736	 2.29	 1	 -42.3667	  174.0336
4.736	 2.11	 1	 -41.6948	  174.4292
4.737	 2.75	 1	 -42.3708	  174.0182
4.738	 2.28	 1	 -41.8811	  173.9743
4.739	 2.57	 1	 -41.7100	  174.3748
4.741	 2.03	 1	 -41.7828	  174.2522
4.741	 2.60	 1	 -42.1792	  173.7719
4.742	 2.40	 1	 -42.0847	  173.8277
4.743	 2.10	 1	 -42.2477	  173.4912
4.745	 2.69	 1	 -42.6882	  172.9551
4.745	 2.06	 2	 -41.7991	  174.3026
4.745	 2.09	 1	 -41.8781	  173.9081
4.746	 2.71	 1	 -42.3710	  173.0544
4.747	 2.12	 1	 -41.6923	  174.2791
4.747	 3.01	 3	 -42.6155	  172.5561
4.748	 2.58	 1	 -41.7488	  174.3373
4.749	 2.95	 1	 -42.3318	  173.7898
4.750	 2.05	 2	 -43.3422	  175.2060
4.750	 2.14	 1	 -42.3440	  173.8078
4.751	 2.35	 2	 -42.7055	  172.9093
4.752	 2.18	 1	 -41.7966	  174.3628
4.752	 2.16	 3	 -42.8267	  172.6867
4.752	 4.03	 1	 -42.7932	  173.1686
4.753	 2.04	 1	 -41.8878	  174.1804
4.756	 2.94	 1	 -41.2716	  173.9009
4.758	 2.17	 1	 -42.7236	  173.0046
4.760	 2.01	 1	 -41.6656	  174.2758
4.761	 2.11	 2	 -42.4793	  173.8804
4.761	 2.97	 1	 -42.1743	  173.7247
4.763	 2.02	 1	 -41.7480	  174.2473
4.763	 2.17	 2	 -41.7224	  174.2141
4.765	 2.14	 1	 -42.5402	  173.0739
4.765	 2.16	 1	 -42.2215	  173.6883
4.765	 2.50	 2	 -41.6267	  174.2538
4.765	 2.61	 3	 -42.2948	  173.6924
4.765	 2.46	 1	 -42.1019	  173.5122
4.770	 3.18	 1	 -38.4470	  170.1303
4.772	 2.03	 1	 -42.5487	  173.2601
4.772	 2.41	 1	 -41.5978	  173.5267
4.773	 2.11	 1	 -41.8030	  174.2241
4.773	 2.47	 1	 -41.7346	  174.2480
4.773	 3.13	 1	 -41.6500	  174.2171
4.774	 4.52	 1	 -42.4567	  173.8950
4.775	 2.29	 1	 -41.7872	  174.1529
4.776	 2.08	 2	 -42.5703	  174.4699
4.777	 3.16	 1	 -41.7446	  174.2633
4.778	 2.27	 1	 -42.8731	  173.0528
4.780	 2.13	 1	 -41.2078	  171.8500
4.780	 2.18	 2	 -42.2734	  174.0913
4.780	 2.43	 1	 -41.7208	  174.6466
4.781	 2.31	 2	 -46.0852	  175.6283
4.782	 2.48	 2	 -42.5812	  173.1210
4.782	 2.40	 1	 -41.7938	  173.9797
4.783	 2.31	 1	 -42.5331	  172.6011
4.784	 2.47	 3	 -42.4047	  172.9416
4.785	 3.65	 1	 -42.8788	  172.9655
4.790	 2.20	 3	 -41.5905	  174.3858
4.790	 3.44	 1	 -41.9586	  172.9635
4.793	 2.38	 1	 -43.4530	  173.9382
4.794	 2.45	 1	 -42.7578	  172.7790
4.794	 2.67	 1	 -42.3955	  173.5301
4.795	 2.30	 2	 -42.3458	  173.7389
4.796	 2.04	 1	 -42.6004	  173.0672
4.796	 2.21	 2	 -42.4213	  174.2692
4.796	 2.54	 1	 -42.0233	  174.1427
4.797	 3.56	 1	 -42.3569	  173.8861
4.797	 2.08	 1	 -42.5988	  172.8701
4.797	 2.93	 1	 -41.7914	  174.0979
4.798	 2.56	 1	 -42.3682	  174.0786
4.798	 2.40	 2	 -41.5609	  174.4158
4.799	 3.07	 4	 -41.5462	  174.3023
4.801	 3.08	 3	 -40.1741	  173.8223
4.801	 2.39	 1	 -42.1867	  173.5898
4.802	 2.33	 2	 -42.4237	  173.7813
4.803	 2.21	 2	 -40.2177	  173.9268
4.803	 3.06	 1	 -41.9664	  172.1265
4.803	 2.30	 3	 -41.6127	  174.4071
4.804	 4.40	 2	 -42.4902	  173.8711
4.805	 2.55	 1	 -38.9560	  173.8336
4.805	 2.01	 2	 -42.2530	  173.7077
4.807	 3.11	 1	 -41.6659	  174.2408
4.810	 2.98	 1	 -41.9697	  174.3769
4.810	 2.95	 1	 -42.4678	  173.1983
4.813	 2.43	 3	 -42.4129	  172.7503
4.814	 2.32	 2	 -42.4092	  173.2556
4.814	 4.34	 1	 -41.8289	  174.0252
4.814	 2.30	 1	 -42.0774	  173.7307
4.816	 2.56	 1	 -42.5873	  174.0194
4.816	 2.00	 1	 -42.5506	  174.2264
4.817	 2.02	 3	 -42.6065	  173.1036
4.819	 2.11	 1	 -42.2986	  172.6856
4.820	 2.31	 1	 -42.3934	  173.5004
4.821	 2.55	 2	 -41.8950	  173.9871
4.822	 2.03	 1	 -41.9581	  173.7356
4.822	 2.21	 1	 -42.5142	  173.2757
4.822	 3.10	 1	 -42.7112	  174.1983
4.823	 2.16	 1	 -42.3347	  173.7272
4.823	 2.81	 1	 -42.2713	  173.6401
4.823	 2.27	 1	 -42.4636	  173.2918
4.824	 2.20	 2	 -38.4487	  170.1273
4.824	 2.42	 3	 -41.6220	  174.3850
4.825	 2.42	 1	 -41.7007	  174.2090
4.827	 2.18	 1	 -42.2920	  173.5947
4.828	 2.03	 3	 -42.4767	  172.9648
4.828	 2.52	 1	 -42.1997	  173.6381
4.829	 2.01	 1	 -42.1467	  173.8172
4.830	 2.31	 1	 -42.5400	  173.2005
4.830	 2.57	 1	 -41.1444	  174.5404
4.830	 2.09	 1	 -42.3303	  173.4781
4.830	 2.20	 1	 -42.3948	  173.8825
4.831	 2.07	 3	 -40.1415	  174.9288
4.832	 2.27	 1	 -43.6142	  175.5444
4.833	 2.84	 2	 -41.5555	  174.5034
4.834	 2.16	 1	 -42.3184	  173.8023
4.835	 2.21	 1	 -41.7528	  174.4657
4.837	 2.30	 1	 -42.7182	  173.9423
4.838	 2.52	 1	 -41.7740	  174.2638
4.839	 2.14	 4	 -42.6118	  172.9384
4.839	 2.18	 2	 -40.4131	  173.9632
4.840	 2.13	 1	 -42.4629	  173.1229
4.840	 2.04	 1	 -42.4106	  173.8958
4.841	 2.07	 1	 -42.3965	  173.7231
4.841	 2.27	 1	 -41.9626	  173.5977
4.842	 2.39	 2	 -41.7373	  174.0674
4.842	 2.70	 3	 -42.0735	  172.8843
4.843	 2.00	 3	 -43.1230	  174.8971
4.844	 2.40	 1	 -41.7136	  174.2579
4.844	 2.14	 1	 -42.0977	  173.7759
4.845	 2.02	 1	 -41.4417	  173.9259
4.846	 2.51	 3	 -41.7749	  174.0326
4.847	 2.18	 1	 -41.8372	  172.5361
4.848	 2.02	 3	 -41.5966	  174.2952
4.849	 2.21	 1	 -42.4757	  173.7099
4.850	 3.23	 4	 -42.4986	  172.8047
4.851	 2.39	 1	 -41.9348	  173.7157
4.852	 2.23	 1	 -41.9464	  173.8482
4.852	 2.31	 2	 -41.7670	  174.2005
4.853	 2.09	 1	 -42.2892	  173.6558
4.854	 2.06	 3	 -42.0435	  173.6405
4.855	 2.09	 1	 -41.3415	  174.1483
4.855	 2.05	 3	 -42.5351	  172.9174
4.857	 2.58	 3	 -41.5771	  174.3870
4.857	 2.51	 1	 -42.3235	  173.9495
4.858	 2.64	 1	 -41.8510	  174.3842
4.858	 2.71	 1	 -42.4386	  173.1915
4.859	 2.13	 3	 -42.4707	  173.8321
4.859	 3.26	 1	 -41.7130	  174.3477
4.859	 2.67	 1	 -42.3895	  173.8850
4.860	 2.12	 1	 -42.2348	  173.7001
4.861	 2.88	 1	 -41.6919	  174.3470
4.861	 2.08	 2	 -41.6457	  174.7503
4.863	 2.61	 1	 -42.2839	  173.6343
4.865	 3.47	 1	 -41.5751	  174.0759
4.865	 2.22	 2	 -41.4850	  174.6302
4.866	 2.09	 2	 -40.1976	  173.9361
4.867	 2.19	 1	 -43.1658	  174.0418
4.867	 2.34	 1	 -42.2217	  173.7149
4.869	 2.10	 2	 -42.3619	  173.4992
4.870	 2.10	 2	 -42.0999	  172.8976
4.872	 2.08	 4	 -41.5890	  174.3898
4.872	 2.75	 1	 -42.0816	  173.9691
4.872	 2.57	 1	 -41.7216	  174.5869
4.873	 2.35	 1	 -42.5412	  173.7689
4.876	 2.30	 1	 -42.3832	  174.0852
4.876	 2.25	 1	 -42.3563	  172.7400
4.876	 2.38	 1	 -41.9894	  173.6866
4.876	 2.78	 1	 -42.7189	  179.0614
4.877	 2.30	 2	 -41.4846	  174.4170
4.878	 3.08	 1	 -42.2567	  173.8710
4.878	 2.78	 1	 -42.9245	  172.9302
4.878	 2.25	 3	 -42.5167	  172.8599
4.879	 2.51	 1	 -42.2627	  173.8226
4.879	 2.39	 1	 -41.7697	  174.2213
4.880	 2.09	 1	 -42.5962	  172.8892
4.882	 2.11	 2	 -41.8142	  174.0173
4.882	 2.02	 1	 -41.7269	  174.3082
4.884	 2.28	 3	 -41.7851	  174.4460
4.884	 2.24	 3	 -41.8772	  172.7101
4.884	 2.13	 1	 -42.3917	  174.0641
4.887	 2.07	 1	 -41.8103	  173.9226
4.887	 2.27	 1	 -42.0040	  173.6167
4.888	 2.34	 2	 -41.5533	  174.1639
4.888	 2.07	 1	 -43.4908	  173.8580
4.888	 3.58	 1	 -41.9118	  173.9336
4.889	 2.14	 3	 -42.4542	  173.6779
4.889	 2.17	 3	 -41.9225	  172.9335
4.889	 2.55	 2	 -42.4303	  173.3623
4.890	 2.40	 1	 -42.8415	  172.8847
4.890	 2.03	 1	 -42.5651	  173.1699
4.891	 2.69	 1	 -42.6407	  173.0931
4.891	 2.27	 2	 -42.3836	  174.0112
4.891	 2.42	 2	 -42.2975	  173.8224
4.891	 2.42	 1	 -42.2948	  173.3962
4.893	 2.08	 1	 -42.1077	  173.5697
4.894	 2.25	 2	 -41.8106	  174.0033
4.894	 2.01	 1	 -41.7418	  174.3654
4.895	 2.84	 1	 -42.2971	  173.9690
4.895	 2.31	 1	 -42.4332	  173.8074
4.895	 2.53	 1	 -42.5920	  173.1190
4.896	 2.29	 1	 -42.3200	  173.7374
4.896	 2.08	 1	 -42.2175	  173.5872
4.898	 2.50	 1	 -41.1025	  172.3172
4.899	 2.46	 1	 -41.8315	  174.1704
4.905	 2.12	 4	 -42.2968	  172.5618
4.906	 2.03	 2	 -41.7837	  174.3661
4.906	 3.19	 1	 -42.2922	  173.7844
4.906	 2.42	 2	 -42.2830	  173.8443
4.907	 2.17	 2	 -46.1059	  175.6594
4.907	 2.17	 1	 -46.5661	  175.3602
4.907	 2.34	 3	 -42.4993	  173.3331
4.909	 2.58	 1	 -42.0815	  173.9350
4.909	 2.21	 3	 -42.4474	  173.0044
4.911	 2.63	 2	 -42.3198	  173.1836
4.912	 2.20	 1	 -42.5248	  173.1559
4.912	 2.27	 1	 -42.2732	  174.0030
4.912	 2.36	 1	 -42.1859	  173.5014
4.913	 2.02	 1	 -42.0971	  173.4865
4.914	 2.51	 1	 -42.5225	  173.0852
4.916	 2.01	 1	 -42.4732	  173.2614
4.917	 2.30	 2	 -42.3513	  173.7285
4.917	 2.18	 1	 -42.2770	  173.6017
4.917	 2.15	 3	 -42.5250	  173.9933
4.918	 2.62	 3	 -42.5011	  173.8815
4.919	 2.06	 1	 -41.8075	  174.3246
4.920	 2.07	 3	 -42.7718	  173.1020
4.920	 2.10	 1	 -42.5710	  173.1849
4.921	 2.19	 2	 -43.3683	  173.9237
4.921	 2.31	 1	 -41.9412	  174.0296
4.921	 2.31	 1	 -42.0662	  173.3235
4.921	 2.05	 1	 -42.6100	  175.3822
4.922	 2.54	 3	 -42.4387	  172.8608
4.922	 2.93	 3	 -41.8080	  174.2908
4.923	 2.20	 3	 -42.5815	  173.1187
4.923	 2.24	 1	 -41.7547	  174.2266
4.923	 2.32	 1	 -42.0235	  173.7052
4.924	 2.70	 1	 -42.2319	  173.5747
4.925	 3.07	 1	 -42.1384	  173.6156
4.927	 3.17	 2	 -42.6741	  172.1600
4.927	 2.67	 2	 -44.1934	  178.1539
4.927	 2.73	 2	 -46.0577	  175.5483
4.927	 2.17	 2	 -42.2526	  173.8009
4.929	 2.72	 1	 -41.9903	  173.7890
4.929	 2.06	 2	 -40.0148	  174.7911
4.929	 2.17	 1	 -42.0018	  173.7374
4.929	 2.45	 1	 -42.7191	  173.2812
4.931	 2.24	 1	 -42.2931	  173.7150
4.931	 2.35	 3	 -42.3677	  172.6185
4.932	 2.57	 1	 -41.7385	  174.1981
4.932	 2.34	 1	 -42.3738	  173.2775
4.933	 2.09	 1	 -42.5230	  173.8289
4.935	 2.02	 2	 -42.1841	  174.0571
4.935	 2.31	 1	 -41.9914	  173.7287
4.935	 3.38	 3	 -42.6735	  172.1433
4.936	 2.01	 1	 -42.3963	  173.6356
4.936	 2.54	 1	 -41.7867	  174.2550
4.937	 2.00	 2	 -42.4232	  173.9743
4.938	 2.25	 1	 -41.8945	  174.1358
4.939	 2.07	 1	 -42.0031	  173.7813
4.941	 2.11	 1	 -40.8393	  173.7732
4.941	 3.54	 1	 -42.1585	  173.5701
4.942	 2.13	 4	 -42.4726	  173.0148
4.943	 2.51	 2	 -41.5136	  174.4115
4.943	 2.63	 3	 -42.2811	  173.0966
4.943	 2.40	 2	 -41.7900	  174.1041
4.944	 2.92	 1	 -42.2260	  172.7266
4.945	 2.32	 1	 -42.2357	  174.0892
4.945	 2.02	 1	 -42.7852	  173.0601
4.947	 2.35	 2	 -42.1734	  173.7628
4.947	 2.02	 2	 -41.7109	  174.2149
4.949	 2.02	 1	 -42.5742	  173.2848
4.950	 2.18	 1	 -42.6470	  173.2216
4.950	 2.76	 1	 -41.7746	  174.0715
4.950	 2.69	 1	 -45.9384	  171.5725
4.951	 2.59	 1	 -42.2803	  173.8605
4.951	 2.18	 1	 -41.9710	  173.7511
4.952	 2.41	 1	 -42.5707	  172.8458
4.953	 2.05	 3	 -41.7831	  174.2999
4.954	 2.27	 1	 -42.2481	  173.3880
4.954	 2.76	 1	 -42.3948	  173.1670
4.954	 2.05	 2	 -42.8934	  172.9359
4.958	 3.44	 1	 -42.5031	  173.1718
4.958	 2.45	 2	 -42.5700	  172.9278
4.958	 2.32	 2	 -41.4878	  174.4287
4.958	 2.03	 3	 -42.9199	  174.1905
4.961	 2.29	 2	 -42.3374	  173.8370
4.962	 2.08	 1	 -42.4130	  173.1638
4.962	 2.48	 1	 -42.5246	  172.8012
4.964	 2.01	 1	 -41.8593	  174.2288
4.964	 2.25	 1	 -42.2588	  173.6413
4.965	 2.04	 1	 -41.6735	  174.2043
4.966	 2.80	 1	 -42.3155	  173.6537
4.966	 2.76	 2	 -41.9160	  172.5354
4.966	 2.39	 3	 -43.3255	  173.5746
4.967	 2.78	 3	 -40.3466	  175.5060
4.967	 2.13	 1	 -42.3819	  173.0967
4.967	 3.07	 1	 -42.1865	  173.6890
4.970	 3.44	 1	 -42.4970	  173.0246
4.971	 2.21	 1	 -41.6469	  174.1734
4.972	 2.40	 1	 -42.3477	  173.9073
4.974	 2.27	 1	 -41.7510	  174.3112
4.974	 2.96	 3	 -41.7714	  174.3083
4.974	 2.06	 1	 -41.9590	  173.9749
4.976	 2.08	 1	 -42.2365	  173.6641
4.977	 2.11	 1	 -42.3467	  173.2074
4.977	 2.26	 1	 -42.2215	  173.5546
4.977	 2.10	 1	 -40.9881	  174.0833
4.979	 2.57	 1	 -42.5701	  172.9400
4.981	 2.12	 2	 -41.8247	  174.0216
4.981	 2.95	 1	 -42.2838	  173.6732
4.982	 2.40	 1	 -42.5782	  172.9983
4.982	 2.08	 1	 -41.9360	  173.6111
4.983	 2.00	 1	 -41.6721	  174.2501
4.984	 2.02	 1	 -42.2617	  172.8315
4.985	 2.37	 2	 -41.6731	  174.1573
4.985	 2.47	 4	 -42.9414	  173.9073
4.987	 2.28	 1	 -42.5536	  173.1335
4.989	 2.18	 2	 -42.3247	  173.3928
4.990	 2.76	 2	 -42.4638	  173.9051
4.992	 2.35	 1	 -42.0019	  173.5965
4.994	 4.22	 1	 -42.0009	  173.6777
4.994	 2.32	 2	 -41.5488	  174.2365
4.995	 2.87	 1	 -42.2757	  173.8848
4.996	 2.70	 2	 -41.7497	  174.2980
4.996	 2.50	 1	 -42.2977	  173.7242
4.996	 2.20	 1	 -42.3765	  172.9576
4.997	 2.25	 1	 -42.1080	  174.1008
4.997	 2.02	 1	 -41.7949	  174.1998
4.998	 2.00	 1	 -41.8400	  174.2878
4.998	 2.53	 1	 -41.7969	  174.2308
5.000	 2.05	 3	 -42.7212	  172.7222
5.000	 2.17	 2	 -41.8199	  173.9948
5.002	 2.37	 2	 -41.5293	  174.0494
5.006	 2.16	 3	 -42.5193	  172.4813
5.007	 2.01	 1	 -41.7016	  174.2003
5.009	 2.08	 4	 -44.7321	  178.2791
5.010	 2.42	 1	 -42.4400	  173.0585
5.010	 2.04	 2	 -42.2546	  173.8790
5.010	 2.07	 2	 -41.9834	  173.5938
5.010	 2.79	 2	 -42.7947	  172.7474
5.011	 5.09	 1	 -42.3260	  173.9908
5.012	 2.08	 1	 -42.1203	  173.5883
5.012	 2.71	 2	 -43.1491	  174.6646
5.014	 3.16	 2	 -42.6661	  174.1621
5.014	 2.00	 2	 -42.4030	  174.2650
5.014	 2.66	 1	 -42.2525	  173.8437
5.015	 2.02	 1	 -42.8062	  172.7179
5.015	 2.09	 3	 -41.4951	  174.4545
5.015	 2.10	 1	 -41.6812	  174.3146
5.016	 3.54	 1	 -42.3031	  173.7765
5.016	 2.34	 1	 -41.5796	  174.2843
5.017	 2.56	 1	 -41.7312	  174.1919
5.017	 2.78	 1	 -42.0472	  173.8891
5.019	 2.53	 1	 -42.5286	  173.5031
5.021	 2.98	 1	 -42.6541	  173.0693
5.023	 2.35	 2	 -41.6868	  174.2595
5.023	 2.44	 3	 -42.5452	  173.0239
5.023	 2.08	 2	 -42.3366	  174.0262
5.024	 2.31	 3	 -41.6749	  174.4170
5.024	 2.22	 1	 -42.2158	  173.4742
5.025	 2.42	 2	 -41.6394	  174.2163
5.025	 2.36	 2	 -42.4761	  173.1496
5.026	 2.29	 2	 -41.6576	  174.2468
5.027	 2.07	 1	 -42.4144	  173.7566
5.027	 3.45	 3	 -42.2810	  173.4321
5.027	 2.50	 2	 -41.8166	  174.0455
5.028	 2.49	 1	 -42.5307	  173.7988
5.028	 2.37	 1	 -41.8970	  174.3646
5.029	 2.10	 2	 -42.2465	  174.1023
5.029	 2.83	 1	 -41.6811	  174.1960
5.031	 2.02	 3	 -41.6323	  174.3908
5.032	 2.28	 1	 -38.3822	  170.6307
5.033	 3.46	 3	 -42.2787	  173.1446
5.034	 2.97	 1	 -37.8442	  174.9102
5.035	 2.28	 1	 -42.3137	  171.8257
5.036	 2.11	 2	 -41.9954	  173.7108
5.037	 3.02	 1	 -42.5714	  173.1915
5.037	 2.08	 1	 -40.6503	  171.0790
5.037	 2.97	 1	 -42.4950	  174.0549
5.037	 2.17	 3	 -42.6909	  172.7773
5.038	 2.29	 1	 -42.3286	  173.7989
5.038	 2.97	 1	 -42.5360	  172.9604
5.039	 2.15	 3	 -42.6611	  172.1746
5.039	 2.01	 1	 -42.3813	  173.8332
5.040	 2.56	 2	 -42.0803	  179.7687
5.040	 2.74	 1	 -42.4042	  173.5929
5.040	 2.21	 1	 -42.4122	  173.9076
5.042	 2.12	 1	 -42.7594	  172.5829
5.043	 2.07	 2	 -42.2473	  174.1395
5.045	 3.17	 1	 -42.5785	  173.2088
5.046	 2.38	 1	 -42.4560	  173.1768
5.046	 2.12	 2	 -42.5235	  173.0111
5.046	 2.45	 1	 -41.8009	  174.1788
5.047	 3.31	 1	 -42.4089	  173.9790
5.048	 2.14	 1	 -42.3940	  173.0515
5.049	 2.88	 1	 -42.3027	  173.8511
5.050	 2.40	 1	 -42.0989	  173.6124
5.050	 2.11	 3	 -41.6090	  174.3817
5.051	 2.21	 1	 -42.3735	  174.0100
5.051	 2.16	 1	 -41.7704	  174.2128
5.051	 2.30	 1	 -42.3499	  173.6399
5.053	 2.02	 1	 -42.2627	  173.2385
5.053	 2.41	 1	 -42.0126	  173.5983
5.054	 2.05	 1	 -41.7235	  174.2686
5.057	 2.82	 2	 -42.2990	  173.9665
5.057	 2.36	 1	 -41.8971	  172.8587
5.057	 2.20	 5	 -41.8451	  170.6430
5.057	 2.07	 1	 -42.2659	  173.7137
5.058	 2.30	 1	 -42.3310	  173.6306
5.059	 2.04	 1	 -42.6561	  172.7449
5.060	 2.29	 1	 -43.0064	  172.9820
5.061	 2.09	 3	 -42.4888	  173.8618
5.061	 2.09	 2	 -42.3725	  174.0228
5.062	 2.01	 1	 -42.2539	  173.5675
5.062	 2.44	 2	 -41.7024	  174.3154
5.062	 2.09	 1	 -41.7466	  174.4074
5.062	 2.09	 1	 -42.5624	  173.3025
5.063	 2.37	 2	 -42.7021	  172.7712
5.064	 2.86	 1	 -42.5792	  173.2910
5.065	 2.19	 2	 -41.8285	  174.0313
5.065	 2.10	 2	 -42.3006	  173.9980
5.066	 2.10	 1	 -41.8021	  173.9986
5.066	 2.30	 2	 -41.9638	  174.1568
5.067	 2.83	 2	 -42.3032	  173.9005
5.067	 2.03	 2	 -42.1434	  173.6096
5.070	 2.26	 1	 -42.4838	  173.7822
5.070	 2.35	 1	 -41.9714	  173.8751
5.070	 2.04	 2	 -42.3533	  173.4286
5.070	 2.09	 2	 -42.3155	  174.0275
5.070	 2.14	 1	 -42.7736	  173.0842
5.072	 2.39	 1	 -42.4030	  173.2673
5.073	 2.33	 3	 -42.7673	  173.4855
5.073	 2.43	 1	 -42.3165	  173.6873
5.073	 4.11	 2	 -41.6707	  174.3602
5.074	 2.26	 1	 -42.3032	  173.7303
5.074	 2.07	 1	 -42.7857	  172.9306
5.074	 2.02	 1	 -42.3642	  174.0232
5.075	 2.16	 3	 -41.8643	  173.4189
5.078	 2.02	 1	 -41.5592	  174.2657
5.079	 2.87	 1	 -42.2388	  173.8191
5.079	 2.18	 2	 -42.0923	  173.4565
5.081	 2.29	 1	 -42.1812	  173.5840
5.081	 2.02	 2	 -42.3132	  173.9925
5.081	 2.04	 1	 -42.5864	  173.7188
5.083	 2.85	 4	 -42.5279	  173.3207
5.083	 2.19	 1	 -41.7255	  173.8028
5.083	 2.01	 1	 -42.5797	  173.1045
5.086	 2.18	 2	 -39.9747	  175.4556
5.086	 2.14	 1	 -42.4705	  173.2022
5.087	 2.01	 1	 -42.3029	  174.1221
5.087	 2.32	 1	 -41.8290	  173.9803
5.088	 2.05	 3	 -41.8506	  174.0618
5.088	 2.46	 3	 -42.4919	  172.9511
5.089	 2.19	 2	 -42.3661	  174.0609
5.090	 2.47	 2	 -46.0345	  175.6824
5.090	 2.13	 4	 -41.6139	  174.4007
5.090	 2.93	 2	 -41.8667	  174.0400
5.091	 2.85	 1	 -42.6905	  173.1323
5.091	 3.66	 1	 -42.2372	  173.6686
5.093	 2.43	 1	 -42.5218	  173.1630
5.093	 2.13	 1	 -42.3552	  173.6327
5.094	 3.31	 1	 -42.1236	  173.6734
5.095	 2.17	 1	 -41.7090	  174.1199
5.095	 2.14	 2	 -42.2859	  173.4812
5.096	 2.01	 3	 -41.6657	  174.3570
5.097	 2.02	 1	 -42.2770	  173.6703
5.097	 2.20	 1	 -41.3296	  174.1951
5.097	 2.28	 3	 -42.4150	  172.9018
5.099	 2.40	 1	 -42.6212	  173.2584
5.100	 2.16	 1	 -42.2403	  173.6540
5.100	 2.34	 2	 -42.3293	  174.0019
5.101	 2.26	 1	 -42.2926	  173.7910
5.101	 2.05	 1	 -41.6763	  174.4636
5.102	 2.39	 1	 -41.6244	  174.2686
5.102	 2.12	 1	 -42.5960	  173.1064
5.104	 2.20	 2	 -42.3353	  173.9790
5.104	 2.08	 2	 -41.6585	  174.2867
5.104	 2.87	 3	 -42.5119	  173.1928
5.105	 2.54	 1	 -42.7582	  173.2838
5.107	 2.91	 2	 -41.6634	  174.2576
5.107	 2.64	 3	 -42.4061	  173.8528
5.108	 2.52	 2	 -41.5943	  174.2646
5.108	 2.58	 1	 -43.1343	  173.7101
5.109	 2.35	 3	 -42.8197	  173.0430
5.109	 2.60	 1	 -46.7071	  171.1145
5.110	 2.14	 1	 -42.5622	  173.0743
5.110	 2.13	 2	 -42.2434	  173.6102
5.110	 2.17	 4	 -42.3554	  173.0051
5.110	 2.13	 3	 -42.5092	  173.8897
5.111	 2.27	 1	 -47.0825	  171.6980
5.111	 2.36	 1	 -42.7390	  173.2786
5.112	 2.08	 3	 -42.5459	  172.9103
5.112	 2.36	 3	 -41.6749	  174.3648
5.114	 2.03	 1	 -42.5869	  173.0995
5.114	 2.12	 2	 -42.2836	  174.0433
5.115	 2.64	 1	 -42.6610	  174.4788
5.116	 2.04	 2	 -41.4474	  174.4010
5.119	 2.08	 1	 -42.5408	  172.9842
5.120	 2.45	 1	 -41.9210	  174.2111
5.120	 2.15	 1	 -42.0756	  172.4901
5.120	 3.69	 2	 -44.4832	  178.9223
5.121	 2.95	 1	 -41.9623	  174.1311
5.121	 2.04	 1	 -41.8076	  174.2725
5.121	 2.32	 1	 -42.5876	  172.8092
5.122	 2.43	 2	 -41.7536	  174.3023
5.123	 2.14	 1	 -42.1489	  173.8538
5.125	 2.26	 1	 -42.4568	  173.9295
5.127	 2.28	 2	 -42.2589	  173.7066
5.128	 2.22	 1	 -42.0785	  173.2639
5.131	 2.34	 3	 -42.6727	  173.0829
5.132	 2.55	 1	 -42.2135	  173.4806
5.132	 2.15	 1	 -42.6847	  173.3464
5.134	 2.07	 1	 -43.9958	  174.7849
5.135	 2.06	 2	 -42.5702	  173.1547
5.136	 2.56	 1	 -41.9499	  174.0643
5.138	 3.20	 1	 -42.2842	  173.6610
5.140	 2.40	 1	 -41.6972	  174.3458
5.143	 2.41	 1	 -42.4276	  173.1189
5.144	 2.26	 1	 -41.7054	  174.2371
5.146	 2.42	 1	 -42.5281	  173.1791
5.146	 2.04	 3	 -42.2931	  173.3635
5.147	 2.23	 1	 -42.2885	  173.3826
5.149	 2.11	 1	 -42.0801	  173.6210
5.149	 2.22	 1	 -41.8153	  174.2122
5.151	 2.47	 1	 -42.1990	  173.6461
5.151	 2.09	 1	 -41.7876	  174.1973
5.152	 2.16	 1	 -41.7873	  174.2034
5.152	 4.28	 2	 -42.3735	  174.1290
5.153	 2.18	 1	 -42.0350	  173.7773
5.153	 2.96	 1	 -42.5748	  172.6289
5.155	 2.08	 1	 -41.6719	  174.3051
5.156	 2.12	 1	 -42.3185	  173.1743
5.158	 2.96	 4	 -42.5367	  173.1798
5.160	 2.07	 2	 -42.2362	  173.8386
5.160	 2.33	 3	 -41.5936	  174.3523
5.162	 2.43	 3	 -44.4872	  178.9153
5.162	 2.21	 1	 -41.8106	  174.2047
5.162	 3.00	 1	 -42.4069	  173.6829
5.162	 2.33	 1	 -42.4189	  173.1836
5.163	 2.06	 1	 -41.9926	  173.7519
5.163	 3.13	 1	 -42.1243	  173.7105
5.166	 2.11	 1	 -42.6706	  172.8099
5.167	 2.29	 1	 -41.7632	  174.1987
5.168	 2.21	 2	 -41.9923	  173.9070
5.170	 2.31	 1	 -42.6167	  173.0777
5.171	 2.17	 1	 -41.8432	  174.3795
5.171	 2.35	 1	 -42.8080	  172.8896
5.172	 2.02	 1	 -42.4361	  173.1210
5.172	 2.11	 1	 -41.7367	  174.2674
5.173	 3.10	 2	 -41.6651	  174.3994
5.174	 2.25	 2	 -42.7293	  172.3086
5.175	 2.91	 1	 -41.7908	  174.2157
5.176	 2.28	 1	 -42.1015	  173.7571
5.177	 2.00	 2	 -42.3010	  173.9959
5.177	 2.86	 3	 -42.4010	  173.9436
5.178	 3.29	 1	 -42.3315	  173.9256
5.178	 2.35	 1	 -41.7353	  174.2556
5.178	 2.46	 2	 -41.5157	  174.0883
5.178	 2.10	 3	 -42.8612	  172.9289
5.178	 2.40	 1	 -40.0023	  168.1201
5.180	 2.03	 1	 -43.0925	  174.5018
5.181	 2.68	 1	 -43.0430	  173.0436
5.181	 2.46	 1	 -41.7293	  174.2133
5.183	 2.58	 2	 -41.4785	  175.2294
5.184	 2.21	 4	 -42.6581	  172.1411
5.184	 2.40	 1	 -41.6041	  174.2951
5.185	 2.07	 1	 -42.0079	  173.7119
5.185	 2.49	 2	 -41.6743	  174.2607
5.185	 2.43	 1	 -42.2392	  173.6858
5.186	 2.83	 2	 -41.5376	  174.3579
5.187	 2.14	 2	 -42.5508	  173.2104
5.187	 2.87	 1	 -42.8030	  173.1148
5.187	 2.43	 2	 -42.3163	  173.8539
5.188	 2.78	 1	 -42.5934	  173.1421
5.188	 2.31	 1	 -42.5103	  172.8216
5.188	 2.18	 1	 -42.3693	  174.0163
5.189	 3.57	 1	 -42.1360	  173.6259
5.189	 2.30	 1	 -41.7181	  174.2819
5.191	 2.10	 1	 -42.3346	  172.3879
5.191	 2.09	 2	 -43.0579	  173.5311
5.192	 2.38	 1	 -41.5782	  174.2012
5.192	 2.51	 1	 -41.7779	  174.3057
5.193	 2.36	 2	 -41.6111	  174.3951
5.194	 2.16	 1	 -42.2382	  173.7496
5.195	 3.02	 2	 -47.1227	  171.6152
5.196	 2.24	 1	 -42.8081	  172.9099
5.197	 2.40	 3	 -42.3730	  172.2058
5.197	 2.03	 1	 -42.6615	  174.1077
5.197	 2.65	 1	 -41.7079	  174.1959
5.198	 2.50	 2	 -42.6094	  173.0478
5.199	 2.53	 2	 -42.4471	  174.6783
5.201	 2.46	 1	 -45.3102	  178.1189
5.202	 2.50	 1	 -42.0363	  173.7790
5.202	 2.06	 1	 -42.3316	  173.7857
5.203	 4.39	 3	 -42.3086	  172.7258
5.204	 2.86	 1	 -46.0265	  177.1273
5.204	 3.53	 1	 -41.8099	  174.1438
5.206	 2.57	 1	 -42.5028	  173.3844
5.207	 2.05	 1	 -42.4095	  173.6963
5.207	 2.50	 1	 -41.7370	  174.3292
5.208	 2.23	 1	 -42.0059	  174.1350
5.208	 2.38	 2	 -42.3507	  174.0241
5.210	 2.10	 1	 -42.3076	  173.5916
5.210	 3.04	 1	 -42.3722	  173.1803
5.211	 2.40	 1	 -42.5463	  173.1740
5.212	 2.66	 1	 -42.0798	  173.5729
5.212	 2.43	 1	 -42.8766	  172.2117
5.215	 2.48	 1	 -42.6709	  174.0240
5.215	 2.33	 2	 -42.5543	  174.0174
5.216	 2.23	 3	 -44.1843	  178.1529
5.216	 2.41	 1	 -42.3335	  173.6969
5.217	 2.83	 1	 -42.2589	  173.4647
5.217	 2.37	 1	 -42.4802	  173.8033
5.218	 2.32	 2	 -41.7609	  174.2212
5.219	 2.98	 1	 -41.5800	  174.3049
5.219	 3.06	 3	 -41.5013	  174.4313
5.221	 2.05	 2	 -42.2346	  173.4642
5.223	 2.13	 3	 -41.5381	  174.3786
5.223	 3.65	 1	 -42.3769	  173.6597
5.224	 2.69	 1	 -42.0757	  173.5864
5.224	 2.14	 2	 -41.9939	  173.6903
5.225	 2.58	 1	 -42.2368	  173.5765
5.225	 2.11	 3	 -42.1489	  173.4719
5.226	 2.74	 1	 -42.5598	  173.0769
5.226	 2.49	 2	 -42.3148	  173.9474
5.227	 2.17	 1	 -41.6854	  174.2662
5.227	 2.44	 2	 -42.3257	  174.0071
5.227	 2.11	 1	 -42.6408	  173.2649
5.230	 2.02	 3	 -41.6766	  174.2299
5.230	 2.41	 3	 -42.5118	  173.2494
5.231	 2.47	 1	 -42.6397	  173.1610
5.233	 2.04	 1	 -41.6911	  174.2869
5.233	 2.04	 1	 -42.4179	  173.0206
5.234	 2.37	 1	 -42.0312	  173.5783
5.236	 3.66	 1	 -42.0680	  174.0891
5.236	 2.03	 1	 -42.7814	  173.1609
5.237	 2.60	 1	 -41.7067	  174.2527
5.238	 2.43	 1	 -41.6552	  173.0859
5.239	 2.14	 1	 -42.6089	  173.4145
5.241	 2.50	 1	 -44.3178	  167.5833
5.241	 2.36	 2	 -42.5111	  173.0273
5.241	 2.25	 2	 -42.0702	  172.4333
5.242	 2.22	 1	 -42.2833	  173.8278
5.243	 2.85	 1	 -42.6527	  172.8782
5.244	 2.48	 3	 -42.6074	  173.4261
5.245	 2.37	 5	 -42.5356	  173.1790
5.245	 2.01	 4	 -42.2140	  173.5682
5.246	 2.05	 1	 -41.9691	  173.6503
5.246	 2.02	 1	 -42.4334	  173.3012
5.247	 2.33	 1	 -42.8648	  174.1395
5.247	 2.21	 3	 -42.3665	  173.0737
5.250	 2.28	 3	 -41.8701	  172.8042
5.251	 2.59	 4	 -40.3453	  175.4986
5.254	 2.95	 1	 -42.2322	  173.6208
5.254	 2.06	 4	 -42.2777	  173.1994
5.255	 2.09	 1	 -42.8891	  173.7193
5.255	 2.04	 1	 -41.9721	  174.0197
5.256	 2.17	 2	 -42.3458	  173.9629
5.256	 2.17	 2	 -42.3241	  173.9662
5.256	 2.21	 4	 -42.2276	  173.6884
5.257	 2.02	 1	 -41.8547	  174.1378
5.259	 2.39	 2	 -42.2548	  173.6383
5.260	 2.51	 2	 -42.3217	  174.0170
5.260	 2.62	 1	 -41.9025	  173.9704
5.261	 2.95	 1	 -42.2032	  173.5813
5.261	 2.36	 1	 -41.8897	  173.7319
5.262	 2.32	 1	 -41.7858	  174.4345
5.264	 2.43	 5	 -42.2184	  173.4808
5.264	 2.42	 2	 -42.4469	  174.0874
5.264	 3.04	 1	 -41.7906	  174.2532
5.266	 2.12	 1	 -42.2521	  173.4242
5.266	 2.33	 1	 -42.4886	  173.2018
5.266	 2.32	 2	 -42.4351	  173.0202
5.266	 2.33	 1	 -42.0184	  173.8712
5.267	 2.58	 2	 -42.3772	  173.6808
5.268	 2.02	 1	 -42.2885	  173.7869
5.271	 2.01	 2	 -42.1475	  173.4704
5.271	 2.52	 1	 -42.6209	  172.9274
5.272	 2.38	 1	 -42.3101	  172.2870
5.273	 2.80	 1	 -42.4091	  173.5912
5.274	 3.31	 1	 -42.3878	  173.5408
5.275	 2.11	 1	 -42.4391	  173.7452
5.277	 2.00	 2	 -42.4968	  173.0190
5.277	 3.45	 4	 -42.4986	  173.3117
5.278	 2.93	 1	 -42.2261	  173.7725
5.280	 2.70	 2	 -41.8795	  174.0611
5.282	 2.35	 1	 -42.3187	  173.5604
5.283	 2.33	 1	 -42.5737	  173.2809
5.283	 2.39	 2	 -42.3806	  173.0125
5.285	 2.10	 1	 -42.5395	  173.3070
5.286	 2.17	 1	 -42.2878	  173.9667
5.287	 2.02	 1	 -41.7155	  174.2634
5.287	 2.28	 1	 -41.6962	  174.2048
5.288	 2.97	 1	 -41.6950	  174.2758
5.288	 2.45	 3	 -41.6026	  174.4073
5.289	 2.09	 1	 -42.2687	  173.6553
5.289	 2.08	 1	 -42.0283	  174.4432
5.292	 2.76	 3	 -42.6336	  173.3284
5.293	 2.26	 1	 -42.1425	  173.6453
5.293	 2.00	 1	 -42.1225	  173.7906
5.295	 2.79	 2	 -42.5534	  173.2585
5.295	 3.38	 1	 -42.8262	  173.3363
5.295	 2.55	 1	 -42.2497	  173.6579
5.295	 2.44	 1	 -42.3961	  167.3187
5.296	 2.38	 3	 -42.4234	  172.8787
5.297	 2.40	 1	 -42.3993	  173.9715
5.300	 2.28	 1	 -42.6665	  173.0202
5.301	 2.08	 1	 -42.2543	  173.6295
5.301	 3.60	 1	 -41.8083	  174.1853
5.302	 2.09	 1	 -42.1193	  173.9020
5.303	 2.18	 2	 -41.8404	  174.2305
5.303	 2.58	 1	 -42.1757	  173.6460
5.304	 3.97	 2	 -41.7214	  174.1774
5.304	 2.49	 1	 -43.1156	  173.2882
5.304	 2.74	 2	 -41.6803	  174.2010
5.305	 2.98	 2	 -42.0388	  173.8951
5.305	 2.66	 1	 -42.3824	  173.2408
5.306	 2.43	 1	 -42.2436	  173.6676
5.307	 3.40	 2	 -41.6416	  174.3309
5.309	 2.08	 1	 -42.5078	  173.1541
5.311	 2.48	 2	 -42.4711	  173.0542
5.311	 2.28	 1	 -41.8025	  174.2264
5.313	 2.27	 1	 -42.6218	  173.2278
5.314	 3.52	 1	 -42.3099	  173.8217
5.315	 2.43	 1	 -42.2535	  173.6039
5.315	 2.06	 2	 -42.4179	  173.3687
5.316	 2.04	 1	 -42.9311	  175.5507
5.317	 2.33	 1	 -41.9834	  174.6374
5.317	 2.99	 2	 -42.6154	  174.1953
5.319	 2.12	 2	 -42.3786	  173.8004
5.320	 2.92	 1	 -42.5260	  173.8318
5.320	 2.12	 2	 -41.9669	  174.3666
5.321	 2.51	 1	 -42.6120	  172.7616
5.322	 3.00	 4	 -40.0179	  176.2029
5.322	 2.34	 2	 -42.3876	  173.8456
5.323	 2.15	 2	 -42.3502	  173.6979
5.323	 2.72	 1	 -42.3590	  173.7648
5.326	 2.50	 1	 -42.4825	  173.1229
5.327	 2.01	 1	 -38.9729	  176.4596
5.327	 3.30	 1	 -41.8419	  174.2377
5.327	 2.93	 2	 -42.4657	  173.1899
5.327	 2.13	 1	 -42.3935	  173.8384
5.327	 2.06	 1	 -41.6853	  174.2188
5.329	 2.01	 2	 -42.5574	  173.2391
5.330	 2.21	 1	 -42.3332	  173.0902
5.332	 2.00	 1	 -41.9803	  173.6973
5.332	 3.09	 1	 -41.7250	  174.1767
5.333	 2.37	 1	 -42.4350	  173.3108
5.334	 3.48	 3	 -42.5044	  173.9804
5.335	 2.26	 1	 -42.4901	  173.3819
5.336	 2.58	 2	 -41.6312	  174.1772
5.336	 2.56	 2	 -41.5484	  174.2641
5.337	 3.64	 1	 -41.6408	  174.2295
5.337	 2.33	 1	 -41.7405	  174.3080
5.337	 2.02	 1	 -42.9273	  172.4644
5.337	 2.13	 1	 -41.7736	  174.2663
5.338	 2.19	 1	 -42.6120	  172.9476
5.338	 2.33	 1	 -42.6530	  172.8044
5.340	 2.41	 1	 -41.6404	  174.4371
5.341	 2.22	 1	 -41.8152	  174.2804
5.341	 2.31	 1	 -42.2838	  173.9361
5.342	 2.05	 1	 -42.1714	  173.6408
5.342	 2.44	 2	 -41.5955	  174.2976
5.343	 2.87	 1	 -42.3158	  173.7119
5.344	 2.25	 1	 -42.8803	  173.4711
5.344	 2.16	 1	 -42.5910	  173.0903
5.345	 2.16	 1	 -42.4561	  173.4678
5.345	 2.24	 1	 -41.7056	  174.3130
5.345	 2.14	 1	 -41.7293	  174.3665
5.346	 3.14	 1	 -42.3366	  173.0776
5.346	 2.41	 2	 -45.7452	  168.5251
5.346	 2.28	 2	 -41.9025	  174.2958
5.350	 2.15	 2	 -42.3876	  173.5703
5.350	 2.09	 2	 -42.8206	  173.3677
5.355	 2.64	 1	 -41.9760	  173.7459
5.356	 2.03	 1	 -41.5257	  175.1450
5.356	 2.85	 1	 -42.2102	  173.8979
5.357	 3.12	 1	 -41.6264	  174.2549
5.357	 2.78	 2	 -41.8188	  174.2019
5.359	 2.01	 1	 -42.0471	  173.6593
5.359	 2.13	 1	 -42.3290	  172.5266
5.360	 2.17	 1	 -41.6742	  174.2263
5.361	 2.60	 2	 -42.2606	  173.2789
5.361	 2.08	 1	 -42.3684	  173.7044
5.362	 2.10	 2	 -42.5827	  173.0484
5.362	 2.17	 4	 -42.3507	  173.4873
5.362	 2.52	 1	 -42.5142	  173.9049
5.362	 2.43	 1	 -42.1487	  173.6051
5.363	 2.13	 1	 -42.4921	  173.0849
5.363	 2.34	 3	 -42.5733	  172.9104
5.365	 2.26	 1	 -42.5186	  173.0834
5.367	 2.29	 1	 -42.2791	  173.4609
5.368	 2.59	 3	 -42.0556	  173.6623
5.369	 2.53	 1	 -41.7347	  174.2460
5.370	 2.30	 1	 -42.2096	  173.4101
5.372	 2.45	 2	 -42.5302	  173.2218
5.372	 2.04	 1	 -41.8479	  173.9430
5.372	 2.11	 3	 -41.8259	  174.1171
5.373	 2.07	 2	 -42.3310	  174.0258
5.373	 2.30	 1	 -41.7475	  174.2306
5.374	 2.01	 2	 -46.0925	  175.6309
5.375	 2.41	 3	 -42.3288	  173.3727
5.377	 2.00	 1	 -41.9195	  174.2359
5.377	 2.18	 1	 -42.3108	  173.8417
5.377	 2.61	 2	 -42.5787	  174.1595
5.378	 2.58	 1	 -42.0145	  173.8544
5.379	 2.13	 1	 -42.4743	  173.7628
5.380	 2.04	 1	 -41.8179	  174.6852
5.383	 3.43	 1	 -42.7778	  173.3229
5.384	 2.05	 1	 -42.6774	  173.2460
5.385	 2.87	 1	 -41.9172	  173.8353
5.385	 2.64	 1	 -41.8633	  174.0428
5.385	 2.02	 2	 -41.7030	  174.1754
5.389	 3.06	 1	 -42.2144	  173.7495
5.390	 2.46	 1	 -42.2292	  173.7140
5.390	 2.26	 2	 -42.3295	  172.5270
5.390	 2.82	 2	 -41.8134	  174.1877
5.390	 2.69	 1	 -42.0573	  173.8189
5.391	 2.37	 1	 -43.6236	  173.7602
5.393	 2.66	 1	 -41.7925	  174.4417
5.394	 3.48	 1	 -42.0168	  177.6486
5.397	 2.59	 1	 -42.3046	  174.0022
5.397	 2.07	 1	 -42.3126	  173.6548
5.397	 2.37	 1	 -42.5155	  173.1090
5.397	 2.91	 5	 -42.8831	  172.8791
5.398	 2.99	 1	 -42.0132	  174.0572
5.399	 2.21	 6	 -42.8898	  172.8828
5.401	 2.04	 1	 -42.4736	  173.1054
5.401	 2.04	 1	 -41.8574	  174.2128
5.402	 2.42	 1	 -42.5120	  174.0515
5.402	 2.03	 1	 -41.8904	  174.1955
5.402	 2.28	 3	 -41.7098	  174.1809
5.403	 2.48	 2	 -42.4440	  174.0652
5.403	 2.01	 1	 -41.6814	  174.2421
5.404	 2.19	 1	 -41.8291	  174.2292
5.404	 2.07	 3	 -42.4891	  172.9268
5.404	 2.47	 1	 -42.9574	  173.0322
5.405	 2.85	 1	 -41.6226	  174.1933
5.406	 2.95	 1	 -42.4806	  174.0723
5.406	 3.20	 1	 -42.3977	  173.7218
5.409	 2.16	 3	 -42.4874	  172.9153
5.409	 2.23	 1	 -41.8036	  174.3430
5.409	 2.19	 1	 -42.8144	  172.9457
5.409	 2.39	 1	 -42.2773	  173.8426
5.410	 2.72	 1	 -41.5347	  174.0485
5.411	 2.14	 2	 -42.1339	  173.6303
5.414	 2.67	 1	 -42.6319	  172.7763
5.415	 3.33	 1	 -42.4402	  173.7236
5.415	 2.45	 2	 -42.7772	  173.3082
5.415	 2.42	 1	 -41.7832	  174.1975
5.415	 2.25	 1	 -42.4258	  174.3296
5.416	 2.19	 2	 -41.6815	  174.2145
5.417	 2.12	 3	 -44.5346	  173.8329
5.417	 2.08	 1	 -42.4416	  173.2235
5.417	 2.31	 1	 -42.4612	  173.8298
5.417	 2.48	 1	 -42.3641	  173.4907
5.418	 2.29	 3	 -42.3924	  173.8505
5.418	 2.53	 2	 -42.2182	  173.6066
5.419	 2.01	 1	 -42.0780	  173.8482
5.422	 2.67	 2	 -42.5207	  173.4091
5.422	 2.01	 3	 -42.2091	  173.6015
5.423	 2.83	 3	 -42.4108	  172.9240
5.424	 2.35	 1	 -42.5042	  173.2912
5.425	 2.54	 1	 -42.0718	  173.3712
5.426	 2.16	 2	 -42.4450	  174.0050
5.426	 2.16	 1	 -42.1728	  173.5262
5.428	 2.05	 2	 -41.5610	  174.2621
5.429	 2.05	 2	 -41.8770	  174.0800
5.431	 2.04	 1	 -43.3935	  170.8151
5.434	 2.15	 1	 -41.9209	  174.0305
5.435	 2.14	 1	 -41.7842	  174.2936
5.437	 2.47	 2	 -41.9877	  173.7215
5.437	 2.30	 2	 -43.5338	  173.5379
5.438	 2.48	 3	 -42.4419	  172.9442
5.438	 2.31	 1	 -42.3171	  174.1072
5.443	 3.38	 1	 -42.3422	  173.7304
5.443	 2.91	 1	 -41.5801	  174.3604
5.443	 2.34	 1	 -41.6704	  174.1276
5.445	 3.50	 1	 -42.4013	  173.0738
5.446	 2.08	 1	 -41.9512	  173.5524
5.446	 2.76	 1	 -42.8990	  172.6253
5.447	 2.53	 1	 -42.0915	  173.6930
5.452	 4.15	 1	 -41.7009	  174.2452
5.452	 2.11	 4	 -42.4971	  173.9873
5.452	 2.30	 1	 -42.2327	  173.7103
5.454	 2.72	 1	 -42.5697	  172.9016
5.455	 2.26	 2	 -42.3395	  173.9245
5.455	 2.97	 1	 -42.1593	  173.6885
5.455	 2.07	 3	 -42.4723	  173.8892
5.456	 2.18	 1	 -42.4335	  173.7869
5.457	 2.25	 1	 -42.5987	  174.1328
5.457	 2.84	 1	 -41.6441	  174.3056
5.458	 2.43	 1	 -41.7482	  174.1624
5.458	 3.39	 4	 -42.5542	  173.9260
5.459	 2.36	 1	 -42.1271	  173.9387
5.459	 3.15	 2	 -42.5817	  172.8990
5.460	 2.02	 2	 -41.5817	  174.1999
5.460	 2.03	 1	 -41.6939	  174.2312
5.460	 3.27	 1	 -42.2998	  173.8463
5.464	 2.03	 1	 -42.0789	  173.4203
5.467	 2.32	 2	 -42.4604	  173.8804
5.467	 2.42	 1	 -42.4368	  172.7998
5.468	 2.61	 3	 -41.5464	  174.0066
5.468	 2.76	 2	 -42.4566	  173.1327
5.469	 2.70	 1	 -41.6795	  174.2333
5.470	 2.16	 2	 -42.3193	  173.9966
5.470	 2.19	 2	 -42.3669	  173.9723
5.470	 2.69	 1	 -42.0577	  172.7680
5.470	 2.56	 1	 -41.7876	  174.2217
5.471	 2.08	 2	 -41.5770	  174.2480
5.471	 2.13	 3	 -41.7045	  174.3244
5.472	 2.72	 2	 -42.9244	  173.5300
5.473	 2.26	 3	 -42.5929	  172.7279
5.473	 2.86	 1	 -41.5132	  179.6349
5.476	 2.06	 1	 -42.4701	  173.5788
5.476	 2.85	 1	 -42.4220	  173.1106
5.477	 2.85	 1	 -39.3856	  174.5636
5.477	 2.29	 1	 -42.6818	  172.9487
5.478	 2.67	 3	 -42.4160	  174.2518
5.479	 2.08	 3	 -41.4288	  174.3934
5.479	 3.63	 1	 -42.3114	  174.0062
5.480	 2.44	 3	 -41.9899	  172.9749
5.481	 2.15	 2	 -42.3142	  173.9910
5.483	 2.47	 3	 -42.3717	  174.1019
5.484	 2.10	 2	 -42.2826	  173.6330
5.486	 2.19	 1	 -42.3167	  173.6931
5.487	 2.41	 1	 -42.1589	  173.5755
5.488	 2.11	 1	 -42.4621	  173.3347
5.489	 2.75	 1	 -41.6259	  174.1441
5.491	 2.67	 1	 -42.0015	  173.7517
5.491	 2.14	 1	 -42.2457	  173.6226
5.491	 2.19	 1	 -41.7100	  174.1508
5.491	 3.18	 1	 -41.9399	  173.9129
5.491	 2.02	 1	 -42.3846	  173.8270
5.493	 2.73	 3	 -42.3575	  173.8202
5.493	 2.64	 1	 -42.7530	  172.9715
5.494	 2.13	 1	 -42.7005	  172.7158
5.495	 2.68	 1	 -41.6744	  174.3398
5.496	 2.92	 3	 -42.7578	  172.7410
5.498	 2.41	 2	 -41.5751	  174.4605
5.499	 2.60	 1	 -43.4931	  177.2481
5.501	 2.67	 2	 -41.7114	  174.2772
5.502	 2.47	 1	 -42.5267	  173.6062
5.503	 2.40	 2	 -42.2767	  173.6359
5.504	 2.23	 3	 -42.5580	  172.2068
5.504	 3.37	 1	 -42.2265	  173.7137
5.505	 2.14	 1	 -41.8282	  174.2248
5.505	 2.06	 1	 -42.4199	  173.8177
5.506	 2.86	 1	 -42.2827	  173.9502
5.507	 2.09	 1	 -42.7121	  172.7558
5.507	 2.05	 1	 -41.6409	  174.2299
5.508	 2.09	 2	 -42.3441	  174.0084
5.509	 2.20	 2	 -41.7987	  174.2060
5.509	 2.26	 1	 -41.7660	  174.0866
5.510	 2.76	 1	 -41.3822	  174.1122
5.510	 2.41	 1	 -42.3585	  173.9246
5.512	 2.45	 1	 -41.6178	  174.3294
5.512	 2.03	 4	 -41.7259	  174.0861
5.513	 2.11	 3	 -42.3712	  172.9471
5.514	 2.14	 1	 -41.7693	  174.2213
5.516	 2.18	 2	 -42.4425	  173.6043
5.517	 2.09	 1	 -42.4925	  173.2392
5.518	 3.57	 2	 -42.7871	  173.7926
5.520	 2.02	 3	 -43.3455	  172.9640
5.520	 2.32	 1	 -41.9244	  173.7512
5.521	 2.03	 4	 -42.5002	  172.9564
5.521	 2.25	 2	 -42.4799	  173.1145
5.522	 3.38	 1	 -42.4173	  173.7881
5.523	 2.81	 1	 -42.4854	  173.1351
5.524	 2.17	 3	 -42.3263	  173.3888
5.527	 2.43	 1	 -42.5925	  172.9992
5.527	 2.32	 1	 -41.9952	  173.2190
5.529	 2.94	 1	 -42.3563	  173.8678
5.530	 2.36	 2	 -42.2217	  173.6487
5.530	 2.10	 1	 -42.5828	  173.0621
5.533	 2.11	 1	 -41.8121	  174.2442
5.536	 3.91	 2	 -41.3839	  174.7690
5.536	 2.01	 1	 -41.7193	  174.2540
5.537	 2.10	 1	 -42.3435	  173.7548
5.537	 2.13	 4	 -42.8590	  172.7515
5.538	 2.18	 1	 -41.9984	  173.7999
5.539	 2.24	 3	 -42.7249	  172.1209
5.541	 3.30	 4	 -42.7071	  172.8311
5.541	 2.42	 1	 -41.7761	  174.1362
5.542	 2.67	 1	 -41.8117	  174.1620
5.543	 2.57	 1	 -41.7660	  174.3039
5.545	 2.34	 2	 -42.3503	  174.0110
5.546	 2.43	 1	 -42.2022	  173.4610
5.546	 2.19	 1	 -41.7705	  174.2556
5.548	 2.13	 1	 -42.3754	  174.0158
5.550	 2.47	 2	 -42.3309	  173.7407
5.551	 2.12	 1	 -41.8393	  174.0573
5.552	 2.03	 1	 -42.1658	  173.8990
5.552	 2.09	 1	 -41.7390	  174.2467
5.553	 2.45	 1	 -43.2684	  173.0858
5.554	 2.39	 1	 -42.6132	  172.9328
5.555	 2.51	 3	 -44.4820	  178.9247
5.558	 3.14	 1	 -42.3826	  173.1632
5.558	 2.51	 1	 -42.6060	  173.0960
5.558	 2.30	 3	 -41.6969	  174.1755
5.558	 2.06	 2	 -42.6502	  173.0723
5.559	 2.63	 1	 -42.5317	  173.7423
5.559	 2.15	 3	 -42.4951	  173.1883
5.562	 2.32	 1	 -42.0045	  173.8883
5.562	 2.02	 3	 -42.7913	  173.7940
5.562	 2.34	 1	 -41.7875	  174.2096
5.563	 2.13	 1	 -41.7792	  174.3297
5.563	 2.26	 1	 -42.4647	  173.1965
5.565	 2.03	 4	 -42.5069	  173.9749
5.565	 2.01	 1	 -42.5285	  173.0040
5.565	 2.05	 1	 -42.1788	  173.6385
5.566	 3.82	 1	 -42.4068	  173.6891
5.568	 2.08	 2	 -42.1597	  173.6932
5.568	 2.28	 2	 -42.3301	  173.9945
5.570	 2.01	 3	 -41.4732	  174.7254
5.570	 2.56	 1	 -42.6036	  172.8298
5.573	 2.27	 1	 -41.8074	  174.2078
5.574	 2.13	 2	 -42.3678	  173.8297
5.574	 2.42	 2	 -42.4373	  173.8748
5.574	 3.60	 1	 -41.9588	  174.0499
5.575	 2.44	 1	 -41.6531	  174.3491
5.575	 3.32	 2	 -42.2555	  174.1615
5.577	 2.57	 1	 -42.1367	  174.4339
5.578	 2.24	 2	 -42.3568	  172.9844
5.578	 2.11	 1	 -41.6472	  174.3695
5.579	 2.14	 1	 -42.6562	  172.8192
5.580	 2.45	 3	 -42.4844	  173.1878
5.580	 2.07	 1	 -42.7162	  172.8580
5.582	 3.26	 1	 -41.7747	  174.2389
5.584	 2.16	 1	 -41.8940	  174.2354
5.586	 2.02	 1	 -41.8088	  174.1751
5.586	 2.07	 1	 -41.9824	  173.8763
5.588	 2.67	 1	 -42.2691	  173.6040
5.588	 2.63	 1	 -42.2431	  173.3405
5.589	 2.18	 1	 -41.6889	  174.2452
5.590	 2.17	 2	 -42.0986	  173.9289
5.591	 2.19	 3	 -42.3288	  174.2017
5.591	 2.86	 1	 -42.7123	  172.8325
5.592	 2.74	 2	 -42.4237	  173.0735
5.596	 2.61	 1	 -42.3317	  172.9474
5.598	 2.26	 2	 -42.4061	  173.6892
5.600	 3.27	 4	 -42.3893	  173.2607
5.600	 3.05	 1	 -41.7408	  174.1791
5.600	 2.05	 2	 -42.6780	  172.4368
5.602	 2.31	 1	 -41.9484	  173.9842
5.603	 3.48	 1	 -42.9232	  174.9362
5.603	 2.28	 1	 -42.5100	  173.6619
5.604	 2.70	 4	 -41.1611	  174.9553
5.605	 3.27	 1	 -41.9324	  173.7751
5.605	 2.31	 1	 -41.7190	  174.1171
5.605	 2.31	 1	 -41.7073	  174.2265
5.607	 2.80	 2	 -41.4015	  174.3311
5.608	 2.51	 1	 -42.2722	  173.7494
5.608	 2.28	 1	 -42.3472	  173.2227
5.608	 2.19	 1	 -41.9509	  173.8367
5.609	 2.56	 1	 -42.1550	  173.6177
5.610	 2.04	 1	 -41.7047	  174.2331
5.610	 2.28	 1	 -42.5928	  174.3100
5.613	 2.26	 1	 -42.6916	  172.8108
5.613	 2.10	 2	 -42.2264	  173.5336
5.613	 2.76	 2	 -41.9749	  173.6516
5.614	 2.12	 1	 -42.4442	  173.8812
5.614	 3.26	 4	 -42.2302	  173.7336
5.615	 2.68	 2	 -42.3660	  173.4942
5.616	 2.05	 1	 -42.0583	  173.5484
5.616	 2.70	 1	 -42.6656	  173.0675
5.617	 2.52	 1	 -42.8847	  172.7896
5.620	 2.29	 1	 -42.3609	  173.5086
5.621	 2.17	 1	 -41.7679	  174.2312
5.621	 3.48	 2	 -42.2209	  173.8092
5.623	 2.91	 1	 -41.4440	  173.6507
5.623	 2.41	 1	 -42.3388	  173.6349
5.623	 2.32	 3	 -42.5417	  173.1609
5.624	 2.07	 2	 -42.2399	  173.0804
5.625	 2.13	 2	 -41.0374	  174.6161
5.626	 2.34	 1	 -41.7059	  174.3159
5.626	 2.50	 1	 -42.4750	  173.4189
5.626	 2.19	 1	 -42.4201	  173.1375
5.626	 2.05	 1	 -41.8107	  174.1109
5.627	 2.73	 1	 -41.7896	  174.5399
5.628	 2.14	 1	 -42.0727	  173.5360
5.630	 2.06	 1	 -42.5261	  173.0859
5.631	 2.27	 3	 -45.9353	  172.6686
5.631	 2.13	 2	 -42.6126	  172.9339
5.631	 2.12	 1	 -42.3968	  172.4891
5.631	 2.13	 1	 -42.3160	  174.3201
5.631	 2.88	 3	 -42.5653	  172.9629
5.631	 2.27	 1	 -41.7918	  174.0141
5.632	 2.41	 4	 -41.7859	  174.5034
5.632	 2.32	 2	 -41.6965	  174.2426
5.633	 2.20	 1	 -41.8928	  173.7717
5.633	 2.46	 1	 -41.9491	  173.7065
5.634	 2.24	 2	 -42.8269	  173.3378
5.635	 2.01	 1	 -42.1434	  173.0488
5.637	 2.15	 1	 -42.1582	  173.6673
5.637	 2.28	 1	 -42.4225	  173.0920
5.637	 2.58	 3	 -43.0540	  173.4410
5.637	 2.07	 3	 -42.2507	  174.1646
5.639	 2.50	 5	 -41.7857	  174.5036
5.639	 2.94	 1	 -41.9656	  173.6501
5.640	 2.03	 3	 -43.2057	  174.0237
5.640	 2.43	 1	 -42.2753	  173.8807
5.641	 2.07	 1	 -42.1811	  173.6076
5.641	 2.11	 1	 -42.3772	  173.9367
5.643	 2.01	 2	 -42.2889	  173.7888
5.643	 2.03	 1	 -41.7459	  174.1982
5.645	 2.34	 2	 -41.7020	  174.1958
5.645	 2.11	 1	 -42.5352	  173.0790
5.645	 2.46	 2	 -42.8734	  172.1695
5.646	 2.39	 2	 -42.3561	  173.1158
5.646	 2.04	 1	 -42.3622	  174.0034
5.646	 2.89	 1	 -42.3709	  173.6260
5.647	 2.16	 1	 -42.2889	  173.4376
5.647	 2.25	 1	 -45.2505	  171.6023
5.647	 2.04	 1	 -43.3471	  172.0959
5.647	 2.48	 1	 -41.6177	  174.3647
5.648	 3.63	 3	 -42.4453	  172.9471
5.650	 3.00	 3	 -42.3384	  173.0670
5.651	 2.48	 1	 -42.2972	  173.5597
5.651	 2.24	 3	 -41.8618	  172.1180
5.654	 2.54	 1	 -42.3737	  173.7360
5.655	 2.52	 1	 -42.0661	  173.7209
5.656	 2.90	 2	 -42.3381	  173.9601
5.657	 2.64	 2	 -42.3300	  174.0002
5.657	 2.07	 2	 -42.6131	  173.3121
5.657	 2.60	 1	 -41.8330	  174.0152
5.657	 2.13	 1	 -41.6541	  176.0795
5.658	 2.11	 3	 -41.6163	  174.4014
5.658	 2.03	 1	 -42.4219	  173.7081
5.659	 3.54	 2	 -42.4833	  174.5420
5.660	 2.04	 1	 -46.2217	  173.0595
5.660	 2.23	 1	 -41.7068	  174.1842
5.660	 2.08	 2	 -41.7158	  174.2565
5.662	 2.27	 1	 -42.6326	  172.9111
5.664	 2.17	 3	 -42.4027	  174.1270
5.666	 2.28	 2	 -42.3547	  173.9361
5.669	 3.00	 2	 -43.0795	  173.4246
5.671	 2.15	 1	 -41.8935	  174.2880
5.671	 2.44	 1	 -42.2042	  173.5865
5.671	 2.30	 1	 -42.4071	  173.6555
5.672	 2.06	 1	 -42.6683	  173.1890
5.672	 2.07	 2	 -42.2479	  173.9250
5.673	 2.05	 1	 -43.1400	  173.0141
5.675	 2.00	 2	 -42.5808	  174.1644
5.675	 2.70	 1	 -41.7375	  174.2688
5.675	 2.03	 1	 -42.4598	  173.8629
5.677	 2.20	 1	 -42.2396	  173.8515
5.677	 2.03	 2	 -45.9619	  171.5730
5.677	 2.66	 1	 -41.7577	  174.3493
5.681	 2.33	 1	 -42.6959	  172.7826
5.681	 3.36	 1	 -42.0015	  173.6213
5.681	 2.26	 4	 -42.4264	  172.9642
5.683	 2.16	 3	 -42.5768	  172.9739
5.687	 2.04	 3	 -45.7373	  168.5299
5.687	 2.60	 4	 -42.1163	  172.8396
5.688	 2.65	 2	 -42.3185	  173.7545
5.689	 2.23	 1	 -42.0063	  173.9454
5.689	 2.14	 1	 -42.3771	  173.8942
5.689	 2.12	 1	 -42.3559	  173.8421
5.690	 2.30	 5	 -42.2229	  173.7080
5.690	 2.59	 1	 -42.2824	  173.6867
5.691	 2.85	 1	 -42.3766	  173.7380
5.692	 2.34	 1	 -41.3316	  174.4088
5.692	 2.38	 2	 -42.1664	  172.7297
5.692	 3.51	 1	 -42.4143	  173.8508
5.694	 2.61	 1	 -42.0362	  172.9787
5.694	 3.46	 1	 -42.5021	  173.1906
5.694	 2.11	 2	 -42.4449	  174.0760
5.694	 2.02	 2	 -42.0432	  173.8341
5.697	 2.19	 3	 -42.2864	  174.0956
5.697	 2.18	 1	 -41.9815	  173.9628
5.699	 2.04	 1	 -41.4128	  168.2243
5.699	 2.14	 2	 -41.9351	  174.3536
5.700	 2.65	 1	 -42.4592	  173.1415
5.701	 2.51	 1	 -42.0241	  173.9452
5.702	 2.31	 1	 -42.5750	  173.2580
5.703	 3.50	 1	 -41.7412	  174.2551
5.705	 2.79	 1	 -42.6342	  173.7117
5.711	 2.29	 1	 -42.6323	  172.9353
5.711	 2.02	 1	 -42.4519	  173.4271
5.712	 2.22	 1	 -42.3806	  173.4167
5.712	 2.29	 1	 -42.2108	  173.4887
5.712	 2.02	 1	 -41.6839	  174.1530
5.712	 2.41	 1	 -42.2418	  173.7231
5.713	 2.25	 3	 -42.3463	  173.4286
5.714	 2.16	 1	 -42.3505	  173.5109
5.715	 2.26	 1	 -42.2794	  173.6907
5.715	 2.15	 2	 -42.3186	  173.8185
5.716	 2.09	 1	 -41.6450	  174.7600
5.717	 2.22	 1	 -42.3959	  173.6035
5.717	 2.78	 1	 -42.5603	  172.7250
5.718	 2.49	 3	 -42.7142	  173.1424
5.723	 2.22	 1	 -42.7648	  172.6508
5.724	 2.60	 1	 -42.3457	  174.1179
5.726	 2.04	 1	 -41.5684	  174.3969
5.726	 2.68	 2	 -42.4704	  173.0629
5.728	 3.41	 2	 -41.7377	  174.3203
5.728	 2.07	 2	 -41.8780	  173.9345
5.729	 2.29	 2	 -42.2980	  173.8078
5.729	 2.25	 1	 -42.4957	  173.2603
5.730	 3.39	 2	 -42.3269	  173.7219
5.730	 2.28	 1	 -42.0145	  173.9638
5.731	 2.54	 3	 -42.9175	  173.2560
5.732	 3.00	 2	 -41.5799	  174.3650
5.732	 2.67	 1	 -42.1601	  173.4096
5.733	 2.27	 1	 -42.3237	  173.8516
5.733	 2.46	 2	 -42.3196	  173.6952
5.734	 2.24	 1	 -41.6406	  174.1322
5.734	 2.92	 1	 -42.8823	  172.4752
5.734	 2.18	 1	 -42.4000	  173.8927
5.736	 2.35	 3	 -43.3205	  173.4489
5.737	 2.50	 3	 -42.4814	  172.9697
5.740	 2.26	 3	 -42.2265	  173.4121
5.742	 2.04	 1	 -41.8267	  174.1650
5.743	 2.40	 2	 -41.9950	  173.6158
5.745	 3.06	 2	 -42.0052	  174.0379
5.745	 2.61	 1	 -42.4050	  173.9025
5.746	 2.41	 1	 -41.9410	  174.1295
5.749	 3.14	 1	 -42.1686	  173.6058
5.750	 3.91	 1	 -42.1552	  173.5594
5.751	 2.65	 1	 -41.9412	  173.7125
5.751	 2.09	 1	 -42.9573	  173.0771
5.752	 2.73	 1	 -42.7477	  173.0464
5.754	 2.59	 2	 -46.4533	  175.8845
5.755	 3.31	 2	 -41.5964	  174.3731
5.755	 3.38	 2	 -41.8440	  173.3623
5.756	 2.40	 2	 -41.6579	  174.2257
5.756	 5.59	 2	 -42.6219	  172.9984
5.756	 2.41	 3	 -42.6505	  173.0146
5.757	 3.29	 1	 -41.7093	  174.2536
5.758	 2.32	 2	 -41.7577	  173.9458
5.760	 2.21	 1	 -42.2740	  173.2260
5.760	 2.27	 1	 -42.2475	  173.5696
5.761	 2.15	 3	 -41.5991	  174.2892
5.762	 2.10	 1	 -41.6858	  174.2953
5.762	 2.08	 3	 -42.7099	  172.9857
5.765	 3.20	 1	 -42.0364	  173.7606
5.767	 3.06	 1	 -42.2403	  174.0364
5.768	 2.01	 1	 -41.6874	  174.3916
5.769	 2.06	 3	 -41.7186	  172.0554
5.769	 2.16	 1	 -41.9190	  173.6270
5.769	 2.00	 1	 -42.5725	  173.1205
5.770	 2.11	 1	 -42.6191	  172.7992
5.770	 2.05	 1	 -41.9217	  174.0887
5.770	 3.15	 3	 -42.5593	  173.0681
5.773	 2.07	 1	 -41.5744	  174.4163
5.773	 2.03	 2	 -42.3191	  173.7144
5.773	 2.19	 1	 -43.2550	  174.4802
5.775	 2.07	 1	 -41.8953	  174.3626
5.777	 2.54	 3	 -42.8975	  172.9838
5.778	 2.25	 1	 -41.8143	  174.0985
5.779	 2.38	 3	 -42.4241	  173.0585
5.780	 2.37	 1	 -41.9284	  173.7370
5.781	 2.26	 3	 -42.5962	  172.9166
5.781	 2.81	 1	 -42.5143	  172.8497
5.782	 2.98	 3	 -42.5212	  173.7926
5.783	 2.36	 1	 -41.6966	  174.1605
5.785	 2.19	 3	 -42.6330	  173.0345
5.785	 2.17	 2	 -40.2538	  173.8655
5.785	 2.43	 1	 -41.9299	  173.6547
5.786	 2.48	 3	 -42.7463	  172.9880
5.786	 2.00	 2	 -41.8469	  174.1946
5.786	 2.55	 2	 -46.0803	  175.6036
5.787	 3.75	 1	 -42.4382	  173.3454
5.788	 2.48	 1	 -42.3070	  173.7608
5.789	 2.03	 1	 -41.7023	  174.4000
5.789	 2.02	 2	 -41.5837	  174.2482
5.790	 2.93	 2	 -42.2211	  173.6908
5.790	 2.69	 3	 -42.5173	  172.9202
5.790	 2.15	 1	 -42.7162	  173.2511
5.792	 2.01	 3	 -46.0827	  175.6046
5.793	 2.22	 1	 -42.5255	  173.1775
5.794	 2.26	 3	 -42.9345	  172.8857
5.795	 2.10	 1	 -42.2387	  173.9065
5.796	 3.67	 3	 -42.5584	  172.9481
5.798	 2.38	 1	 -42.3609	  173.4455
5.798	 2.10	 1	 -41.6282	  174.3938
5.798	 2.67	 1	 -42.2106	  173.5155
5.798	 3.05	 1	 -42.4423	  173.7236
5.799	 2.18	 1	 -42.5786	  172.9513
5.799	 2.21	 1	 -42.1378	  173.5857
5.800	 2.92	 3	 -42.5262	  172.5872
5.801	 2.00	 1	 -41.7514	  174.1574
5.802	 2.42	 1	 -39.0749	  174.2997
5.803	 2.46	 3	 -42.4460	  172.9408
5.804	 2.11	 1	 -42.1778	  174.0172
5.804	 2.71	 1	 -41.7044	  174.3709
5.806	 2.12	 1	 -41.9158	  170.0519
5.808	 2.10	 3	 -42.9796	  173.6540
5.808	 2.03	 3	 -42.6707	  172.9693
5.809	 3.19	 2	 -42.2824	  174.1226
5.809	 2.48	 4	 -42.5065	  172.6446
5.810	 2.17	 1	 -42.0220	  173.7080
5.811	 2.04	 1	 -41.7634	  174.0538
5.812	 2.49	 3	 -42.3448	  173.1209
5.813	 2.79	 2	 -42.3679	  174.0018
5.813	 2.19	 1	 -42.2020	  173.6718
5.814	 2.41	 4	 -42.5487	  172.9541
5.814	 2.40	 1	 -42.6369	  172.7769
5.814	 2.21	 1	 -42.0009	  173.1997
5.815	 2.39	 1	 -42.1744	  173.6264
5.816	 3.09	 2	 -42.0666	  173.6577
5.816	 2.02	 2	 -42.4828	  173.0947
5.816	 2.37	 1	 -42.1630	  173.5165
5.816	 2.83	 2	 -42.5143	  173.9240
5.817	 3.29	 2	 -42.2859	  173.7854
5.817	 2.48	 1	 -41.8135	  174.0368
5.817	 2.31	 1	 -42.5207	  173.9167
5.818	 2.13	 3	 -42.6110	  173.0460
5.819	 4.05	 1	 -42.3752	  173.7736
5.820	 2.19	 1	 -42.4324	  173.3091
5.821	 2.28	 1	 -42.1975	  173.5313
5.821	 2.33	 1	 -42.3686	  174.0026
5.822	 2.32	 1	 -42.6217	  172.9865
5.822	 2.58	 1	 -42.6749	  173.0728
5.823	 2.34	 1	 -41.7713	  174.1534
5.823	 2.31	 1	 -41.7446	  174.2354
5.824	 2.44	 3	 -42.5135	  172.9441
5.827	 2.55	 1	 -42.2394	  173.6680
5.827	 2.52	 1	 -42.2710	  173.6332
5.828	 2.25	 1	 -38.6176	  171.7680
5.830	 2.09	 3	 -42.8273	  173.1596
5.830	 2.45	 1	 -42.1391	  174.0048
5.831	 2.27	 3	 -42.6156	  172.7707
5.831	 2.03	 4	 -42.5023	  173.1947
5.832	 2.03	 3	 -42.3588	  172.5289
5.833	 2.69	 2	 -42.1091	  173.4971
5.833	 2.12	 1	 -42.2328	  173.3941
5.834	 2.09	 3	 -42.6865	  173.0760
5.834	 2.20	 2	 -41.6901	  174.3088
5.835	 2.42	 2	 -41.4844	  174.3724
5.835	 3.15	 1	 -42.2979	  173.6649
5.836	 2.32	 2	 -42.4213	  173.7220
5.836	 2.12	 1	 -42.4070	  173.3255
5.837	 2.04	 1	 -42.0999	  173.6092
5.837	 2.21	 1	 -42.3536	  173.4846
5.837	 2.36	 1	 -41.7166	  174.3398
5.837	 3.06	 2	 -41.5156	  174.0746
5.838	 2.32	 1	 -42.3911	  173.8571
5.838	 4.25	 1	 -42.2347	  173.7587
5.839	 2.48	 1	 -41.7344	  172.4591
5.841	 2.02	 2	 -42.8591	  172.8414
5.842	 2.02	 1	 -42.0489	  173.4868
5.844	 2.35	 3	 -42.6110	  172.8133
5.846	 3.07	 1	 -42.1822	  173.5817
5.846	 2.51	 1	 -40.2125	  167.8623
5.847	 2.45	 1	 -42.4698	  173.7325
5.849	 3.22	 3	 -42.7318	  172.9404
5.849	 3.30	 1	 -41.7029	  174.2858
5.849	 2.61	 1	 -42.5593	  173.6632
5.850	 2.04	 1	 -42.2541	  173.5588
5.853	 2.08	 3	 -42.1385	  172.9476
5.853	 2.38	 1	 -41.6845	  174.1920
5.854	 2.21	 1	 -41.9423	  173.6617
5.854	 3.15	 1	 -41.7299	  174.0986
5.855	 2.12	 1	 -42.4250	  173.9241
5.857	 2.39	 1	 -41.7640	  174.3100
5.858	 2.15	 1	 -42.1323	  173.8415
5.858	 2.86	 1	 -42.4620	  173.2294
5.859	 2.49	 3	 -42.6259	  173.0332
5.859	 2.74	 3	 -41.6028	  174.3762
5.861	 2.06	 3	 -42.6085	  173.1422
5.861	 2.68	 1	 -41.7020	  174.2226
5.861	 2.80	 1	 -42.2302	  173.6354
5.863	 2.32	 1	 -41.6938	  174.2118
5.865	 2.69	 3	 -43.1800	  173.4358
5.868	 2.26	 1	 -42.3304	  174.0090
5.868	 2.93	 1	 -42.6191	  179.1391
5.868	 2.32	 1	 -41.5820	  174.2362
5.869	 2.33	 1	 -41.7410	  174.2830
5.869	 2.01	 1	 -41.6839	  174.2281
5.870	 2.32	 3	 -42.7111	  172.5657
5.870	 2.07	 1	 -42.2235	  173.7546
5.871	 2.65	 1	 -43.0079	  173.5248
5.872	 2.05	 1	 -42.1028	  173.9756
5.873	 2.05	 1	 -42.2857	  173.8728
5.873	 2.05	 2	 -42.4505	  173.9259
5.875	 3.37	 2	 -42.2998	  173.8227
5.876	 2.27	 1	 -44.9106	  171.1726
5.877	 2.31	 1	 -41.7116	  174.2901
5.878	 3.45	 4	 -42.5427	  173.7947
5.879	 2.17	 3	 -42.6757	  172.9639
5.879	 2.34	 3	 -42.6986	  173.0161
5.881	 2.00	 1	 -41.9771	  173.6502
5.881	 2.16	 3	 -42.6651	  172.9812
5.881	 2.02	 1	 -41.6864	  174.3411
5.883	 2.43	 1	 -41.7303	  174.3256
5.883	 2.72	 3	 -41.5387	  174.1303
5.883	 3.10	 3	 -42.7310	  172.7611
5.884	 3.07	 3	 -42.5881	  172.9078
5.885	 3.62	 1	 -42.1440	  173.5730
5.885	 3.44	 3	 -42.4922	  173.5757
5.885	 3.00	 1	 -42.5783	  173.2806
5.885	 2.20	 1	 -42.0767	  173.8861
5.886	 2.51	 2	 -42.2493	  172.7018
5.887	 2.04	 2	 -42.4401	  173.6022
5.887	 3.35	 1	 -41.6536	  173.9716
5.888	 2.02	 1	 -42.6862	  172.8291
5.889	 2.03	 2	 -41.9783	  173.8724
5.889	 2.26	 1	 -42.2345	  173.7502
5.890	 2.40	 1	 -41.8329	  174.2175
5.890	 2.03	 3	 -43.0981	  173.8015
5.890	 3.35	 3	 -41.7125	  174.1773
5.890	 2.02	 1	 -42.3314	  173.5600
5.891	 2.05	 2	 -42.1168	  173.5487
5.895	 2.24	 1	 -42.2756	  173.6160
5.896	 2.58	 1	 -42.2310	  173.5803
5.896	 2.39	 1	 -42.2976	  173.4750
5.896	 2.20	 3	 -42.6200	  173.0087
5.896	 2.47	 1	 -42.1520	  177.1870
5.897	 2.01	 2	 -42.3402	  173.7239
5.898	 2.59	 3	 -42.6369	  173.0079
5.898	 2.24	 1	 -41.9776	  173.9890
5.899	 2.12	 1	 -41.9149	  174.3406
5.899	 2.02	 2	 -42.3729	  173.6850
5.899	 2.47	 1	 -42.7180	  172.8805
5.900	 3.14	 1	 -41.7059	  174.2377
5.900	 2.47	 3	 -42.5305	  172.9919
5.901	 2.03	 1	 -41.6449	  174.4648
5.902	 2.03	 1	 -41.9247	  173.7274
5.903	 2.56	 3	 -43.3108	  173.5185
5.903	 2.55	 3	 -42.6696	  172.0114
5.907	 2.54	 1	 -42.2166	  173.5702
5.907	 2.39	 1	 -41.9771	  173.7422
5.907	 2.29	 1	 -42.3625	  173.9309
5.907	 2.25	 1	 -42.1955	  173.8524
5.908	 2.24	 3	 -42.8210	  172.5874
5.908	 2.23	 1	 -41.7880	  174.1925
5.909	 2.10	 1	 -42.2559	  173.5539
5.909	 2.42	 1	 -43.4126	  172.9012
5.909	 4.12	 1	 -42.4711	  173.3117
5.910	 2.44	 1	 -41.7270	  179.1504
5.911	 2.46	 3	 -42.7171	  173.0455
5.916	 2.69	 3	 -41.6241	  174.3725
5.916	 2.09	 2	 -42.1545	  173.5475
5.917	 2.08	 1	 -42.5359	  173.4693
5.918	 2.26	 2	 -41.7364	  174.2457
5.919	 2.25	 1	 -42.4690	  173.0917
5.919	 2.48	 1	 -41.6374	  174.1425
5.921	 3.70	 1	 -42.3028	  173.9941
5.922	 2.66	 4	 -42.6086	  172.8916
5.923	 2.06	 3	 -42.6169	  172.9778
5.923	 2.28	 1	 -42.8113	  173.3826
5.924	 2.14	 1	 -42.3554	  174.1281
5.925	 2.16	 2	 -42.2549	  173.9394
5.925	 2.01	 1	 -41.7121	  174.1420
5.925	 3.89	 3	 -44.4792	  178.9128
5.926	 2.64	 1	 -41.1574	  173.7881
5.926	 2.17	 3	 -42.6004	  172.9745
5.927	 2.08	 1	 -41.9353	  174.0050
5.928	 2.21	 1	 -42.4835	  172.9570
5.928	 2.23	 2	 -42.2083	  174.1508
5.929	 2.02	 2	 -43.4909	  174.0617
5.930	 3.16	 1	 -42.2297	  173.6684
5.930	 2.08	 1	 -39.6934	  168.4639
5.931	 2.38	 1	 -41.8105	  174.1702
5.934	 2.00	 1	 -41.6881	  174.2943
5.935	 2.13	 1	 -42.6255	  173.2620
5.935	 2.11	 2	 -42.1090	  173.6054
5.937	 2.06	 1	 -42.0443	  174.9639
5.938	 2.16	 1	 -41.6697	  174.2554
5.938	 2.97	 4	 -41.5422	  174.0960
5.939	 2.45	 1	 -41.7223	  174.1585
5.940	 2.23	 2	 -42.1969	  173.6099
5.940	 2.13	 3	 -42.5919	  173.0249
5.940	 3.09	 2	 -42.3227	  173.8540
5.942	 2.24	 2	 -42.1541	  173.6446
5.942	 2.18	 3	 -42.6348	  173.2194
5.942	 3.10	 1	 -41.6539	  173.9460
5.944	 2.43	 3	 -42.6414	  173.0756
5.946	 2.16	 1	 -42.1866	  173.7613
5.946	 2.01	 1	 -41.8172	  174.1503
5.946	 2.76	 4	 -42.5452	  173.0677
5.949	 2.93	 1	 -42.4880	  173.2530
5.950	 2.08	 1	 -42.5632	  173.0306
5.951	 2.12	 1	 -42.1768	  172.9147
5.952	 2.74	 1	 -42.5339	  173.0932
5.952	 2.69	 1	 -42.2884	  173.6872
5.954	 2.38	 1	 -42.4228	  173.3503
5.954	 2.23	 2	 -41.9295	  173.6522
5.957	 2.27	 2	 -42.3692	  173.4316
5.958	 2.20	 1	 -42.3038	  173.6390
5.958	 2.10	 1	 -41.6630	  172.7145
5.961	 2.50	 3	 -42.6186	  173.2926
5.961	 2.01	 2	 -42.4623	  173.3081
5.963	 2.63	 2	 -42.4401	  173.9044
5.964	 2.23	 2	 -42.0275	  173.5811
5.964	 2.16	 1	 -42.2673	  173.7092
5.965	 2.84	 1	 -42.5700	  173.1546
5.965	 2.33	 2	 -42.4201	  173.1584
5.966	 2.44	 3	 -44.4412	  170.0771
5.966	 2.99	 2	 -41.8504	  174.3120
5.966	 2.46	 1	 -42.3481	  173.6546
5.966	 2.50	 1	 -42.5646	  173.3378
5.967	 2.45	 3	 -42.6001	  173.4707
5.968	 2.13	 3	 -42.4896	  172.6923
5.969	 2.46	 3	 -42.4481	  173.1072
5.970	 2.46	 1	 -42.0906	  173.5643
5.971	 2.28	 1	 -42.6735	  172.7929
5.972	 2.17	 1	 -42.1068	  173.4754
5.973	 2.30	 3	 -42.3181	  173.8303
5.974	 2.29	 3	 -41.6655	  174.3067
5.975	 2.20	 2	 -42.3771	  173.7476
5.976	 2.24	 1	 -42.3498	  173.8249
5.976	 2.13	 3	 -42.3200	  173.8572
5.977	 3.07	 2	 -42.3025	  173.4787
5.977	 2.29	 1	 -42.1586	  173.6816
5.978	 2.17	 1	 -42.3220	  173.6655
5.978	 2.41	 2	 -41.7608	  174.0171
5.978	 2.64	 1	 -42.6786	  172.6774
5.978	 2.78	 1	 -41.9210	  173.8390
5.979	 2.03	 1	 -42.3330	  173.8304
5.980	 2.44	 3	 -42.6014	  173.1197
5.981	 2.23	 1	 -42.4860	  173.0486
5.981	 3.14	 1	 -42.8408	  173.4101
5.982	 2.13	 1	 -41.7072	  174.3522
5.982	 2.12	 1	 -42.3276	  173.9365
5.983	 2.88	 3	 -42.6211	  172.9656
5.985	 2.15	 2	 -41.4347	  174.2660
5.988	 2.10	 2	 -42.2206	  173.7472
5.988	 2.01	 1	 -42.5315	  173.7741
5.988	 2.46	 2	 -41.4891	  174.3597
5.989	 2.08	 3	 -42.5919	  172.9060
5.990	 2.13	 1	 -42.5888	  173.0332
5.990	 2.01	 1	 -47.1884	  172.9093
5.990	 2.49	 3	 -42.6086	  172.7999
5.991	 2.07	 1	 -41.9221	  174.0581
5.991	 2.49	 1	 -42.3580	  172.8939
5.991	 2.04	 1	 -41.8853	  172.6026
5.993	 2.81	 3	 -42.6852	  172.7889
5.995	 2.84	 3	 -43.3050	  174.6124
5.996	 2.27	 3	 -41.7891	  174.0727
5.996	 2.26	 2	 -42.3643	  173.1411
5.998	 3.59	 1	 -42.2308	  175.5995
5.998	 2.59	 1	 -41.7082	  174.2355
6.000	 2.92	 1	 -41.7908	  174.3002
6.000	 3.92	 1	 -41.9423	  173.9103
6.000	 2.12	 2	 -42.0203	  174.1224
6.001	 2.10	 2	 -42.5353	  172.7121
6.002	 2.27	 2	 -42.3571	  174.1142
6.003	 2.34	 1	 -42.7023	  173.1566
6.003	 2.30	 4	 -42.1337	  173.6227
6.004	 3.95	 3	 -41.6831	  174.3359
6.005	 2.79	 1	 -42.0617	  173.6012
6.005	 2.38	 2	 -43.8488	  173.2421
6.006	 2.72	 5	 -42.6962	  172.8250
6.008	 2.28	 3	 -42.6669	  172.9760
6.009	 2.58	 1	 -42.5121	  172.7177
6.010	 2.42	 1	 -42.6531	  172.9034
6.011	 2.28	 2	 -42.4591	  173.3380
6.013	 2.26	 1	 -41.7816	  174.4491
6.014	 3.12	 1	 -42.5670	  173.1693
6.015	 2.26	 1	 -42.5531	  173.0735
6.015	 2.28	 2	 -42.6554	  173.2572
6.018	 2.62	 3	 -41.3603	  174.7919
6.018	 2.56	 1	 -42.5180	  173.2367
6.019	 2.02	 1	 -41.7376	  174.1181
6.019	 2.61	 1	 -41.7434	  174.2690
6.019	 2.04	 2	 -47.2832	  173.9497
6.020	 2.20	 1	 -42.2449	  173.3594
6.023	 2.02	 3	 -42.1204	  173.6196
6.023	 2.47	 3	 -42.4172	  173.1585
6.026	 2.43	 1	 -42.3593	  173.8907
6.028	 2.15	 4	 -42.0949	  173.2770
6.028	 2.69	 1	 -41.6907	  174.2563
6.028	 2.91	 2	 -42.2711	  173.4872
6.030	 2.00	 1	 -42.6266	  173.0222
6.031	 2.89	 3	 -41.8061	  174.2926
6.032	 2.51	 1	 -42.3641	  173.3416
6.033	 2.61	 2	 -42.6269	  172.7112
6.033	 2.05	 1	 -42.7451	  173.2525
6.033	 2.52	 1	 -41.7750	  174.4279
6.036	 2.09	 1	 -42.6376	  174.1261
6.036	 2.22	 2	 -42.1792	  173.7574
6.036	 2.14	 1	 -41.6325	  174.2779
6.036	 2.03	 1	 -42.3021	  173.4975
6.036	 2.15	 2	 -42.2889	  173.6729
6.036	 2.33	 3	 -42.6435	  172.9769
6.039	 2.41	 2	 -42.4573	  174.0997
6.040	 3.20	 1	 -42.4699	  174.1461
6.040	 2.39	 1	 -42.1716	  173.7111
6.041	 2.30	 1	 -41.7079	  174.2443
6.042	 2.44	 1	 -42.1599	  173.6047
6.042	 2.07	 1	 -41.7608	  174.1824
6.042	 2.12	 1	 -42.6795	  172.8481
6.043	 2.72	 1	 -42.3409	  173.9318
6.044	 2.34	 1	 -41.6803	  174.2327
6.044	 2.02	 1	 -41.9013	  174.4656
6.047	 2.07	 1	 -42.1826	  173.9613
6.047	 2.52	 3	 -42.6582	  172.9653
6.048	 2.09	 1	 -41.7609	  174.2246
6.049	 2.24	 1	 -42.5219	  173.2431
6.049	 2.09	 2	 -38.0403	  174.2269
6.050	 3.69	 1	 -41.9453	  174.0051
6.050	 2.56	 1	 -42.5836	  173.1020
6.051	 2.08	 2	 -42.3497	  173.5245
6.055	 2.01	 2	 -42.3389	  174.0110
6.057	 2.31	 1	 -41.9957	  174.0457
6.058	 2.36	 1	 -40.2801	  170.5170
6.059	 2.52	 1	 -42.6573	  173.0079
6.060	 2.51	 3	 -42.1808	  172.8588
6.062	 2.09	 1	 -42.5193	  173.1142
6.066	 2.31	 3	 -38.0392	  173.2514
6.068	 2.17	 1	 -41.9248	  174.2878
6.069	 2.49	 3	 -42.7449	  172.8327
6.071	 2.13	 1	 -42.4402	  173.1947
6.073	 2.08	 1	 -42.2723	  173.8417
6.074	 2.19	 2	 -41.5851	  174.2812
6.074	 2.05	 1	 -42.2195	  173.4809
6.075	 2.23	 3	 -42.0367	  172.4716
6.075	 2.99	 1	 -41.5484	  174.4162
6.075	 2.26	 1	 -41.8091	  173.9990
6.076	 2.11	 1	 -42.3277	  173.5282
6.076	 2.30	 2	 -42.1479	  173.6377
6.077	 2.61	 1	 -42.1977	  173.1565
6.077	 2.14	 1	 -42.1518	  173.7223
6.077	 2.39	 1	 -40.9031	  173.2831
6.080	 2.21	 1	 -41.8810	  172.9473
6.081	 2.84	 3	 -42.6421	  172.9958
6.082	 2.18	 4	 -41.6686	  174.3572
6.085	 2.90	 1	 -41.8159	  174.0661
6.085	 2.23	 1	 -42.5582	  173.1889
6.086	 2.34	 2	 -41.6671	  174.2082
6.087	 2.32	 3	 -42.0534	  173.3034
6.087	 2.27	 3	 -42.3029	  173.3848
6.089	 2.00	 1	 -42.8355	  173.7128
6.090	 2.38	 1	 -42.1758	  173.8170
6.090	 2.33	 1	 -43.0464	  173.0582
6.091	 2.65	 1	 -41.7086	  174.2751
6.092	 2.12	 1	 -42.2641	  173.7739
6.092	 2.56	 1	 -42.5688	  173.3474
6.094	 2.21	 3	 -42.4776	  172.9162
6.095	 2.05	 1	 -42.6066	  172.9527
6.095	 2.05	 1	 -42.2799	  173.6695
6.095	 2.23	 1	 -42.5583	  172.9417
6.098	 2.44	 3	 -42.6434	  173.0046
6.098	 2.14	 1	 -42.1260	  170.8053
6.098	 2.67	 1	 -42.5020	  172.4220
6.100	 2.01	 1	 -41.7260	  174.3459
6.103	 2.32	 2	 -42.4602	  173.8901
6.104	 2.46	 3	 -42.7564	  173.0732
6.105	 2.92	 1	 -41.6663	  174.2117
6.109	 2.25	 2	 -42.1826	  173.6704
6.110	 2.11	 1	 -42.9023	  173.9390
6.111	 2.16	 3	 -42.5150	  173.8658
6.112	 2.49	 1	 -41.7672	  174.8740
6.113	 2.24	 1	 -42.2057	  174.3312
6.113	 2.07	 1	 -41.9699	  173.7834
6.113	 2.76	 1	 -42.3445	  174.0818
6.115	 2.28	 4	 -42.4913	  172.1555
6.117	 2.52	 2	 -41.7270	  174.1310
6.120	 2.03	 2	 -42.2962	  174.0051
6.120	 2.36	 1	 -41.6881	  174.5729
6.121	 2.02	 2	 -41.7533	  174.0450
6.121	 3.43	 1	 -41.7991	  174.3645
6.125	 2.73	 1	 -42.2981	  173.9894
6.128	 2.33	 1	 -42.7428	  174.1440
6.129	 2.04	 1	 -42.5098	  173.1820
6.130	 3.16	 1	 -41.7152	  174.1608
6.132	 3.12	 1	 -42.0796	  173.8430
6.133	 2.08	 1	 -42.4879	  172.4591
6.134	 2.35	 4	 -42.5304	  173.1015
6.137	 2.10	 1	 -42.0399	  173.8269
6.137	 2.54	 1	 -42.2693	  173.9183
6.140	 2.18	 3	 -41.5695	  174.3822
6.141	 4.03	 1	 -41.6784	  174.2727
6.141	 2.26	 2	 -42.6030	  172.9622
6.142	 2.00	 5	 -42.2182	  172.6304
6.143	 2.05	 3	 -42.7875	  173.1125
6.144	 3.04	 1	 -41.8448	  174.1863
6.145	 2.36	 1	 -41.7041	  174.2850
6.145	 2.34	 2	 -42.3241	  173.9925
6.145	 2.97	 1	 -41.9002	  172.0209
6.148	 2.51	 1	 -41.7843	  174.1905
6.150	 2.05	 2	 -41.5073	  174.1172
6.150	 3.53	 2	 -42.0061	  173.6809
6.151	 2.35	 1	 -42.0390	  173.7612
6.151	 2.07	 1	 -42.1451	  173.5427
6.152	 3.07	 1	 -41.9673	  173.5870
6.152	 2.33	 2	 -41.8432	  173.9686
6.152	 2.23	 2	 -41.9037	  173.7716
6.154	 2.86	 2	 -43.0649	  173.4415
6.156	 2.17	 1	 -42.2083	  173.3668
6.156	 2.07	 1	 -42.2770	  173.6211
6.156	 2.39	 1	 -42.5200	  173.2358
6.157	 2.59	 1	 -41.3804	  173.1043
6.158	 2.13	 2	 -42.3076	  173.9812
6.160	 2.22	 2	 -41.7019	  174.1827
6.161	 2.28	 3	 -42.5477	  172.9932
6.162	 2.25	 2	 -41.6846	  174.2663
6.164	 2.62	 2	 -41.5275	  174.4409
6.167	 2.58	 1	 -41.7255	  174.1644
6.168	 2.32	 2	 -41.9379	  174.0013
6.170	 2.90	 2	 -42.3288	  173.9624
6.170	 2.00	 3	 -42.5125	  172.9284
6.170	 2.49	 3	 -43.7648	  173.6695
6.171	 2.68	 1	 -42.5250	  173.5898
6.171	 2.12	 1	 -42.0495	  173.7535
6.171	 2.44	 1	 -42.3450	  173.9188
6.173	 2.10	 1	 -42.5171	  172.5798
6.175	 2.80	 3	 -42.7419	  172.9140
6.175	 2.63	 3	 -42.6150	  173.0180
6.176	 2.01	 1	 -41.8934	  173.8708
6.177	 2.05	 2	 -42.6427	  172.9059
6.178	 2.34	 3	 -42.4076	  172.8941
6.179	 2.76	 1	 -42.5234	  173.1488
6.179	 2.35	 1	 -42.1799	  173.7175
6.179	 2.03	 3	 -42.6160	  173.1049
6.183	 2.25	 1	 -42.5066	  173.7047
6.183	 2.07	 1	 -41.9901	  173.8756
6.183	 2.41	 1	 -41.9751	  173.9815
6.184	 2.13	 1	 -42.3220	  173.0750
6.186	 2.63	 2	 -41.4320	  173.6571
6.186	 2.03	 3	 -44.4704	  172.8023
6.187	 2.09	 1	 -42.2593	  173.7885
6.188	 3.29	 4	 -41.6591	  174.3419
6.189	 2.73	 1	 -41.7377	  174.3311
6.189	 2.25	 1	 -41.3732	  174.1380
6.190	 2.41	 1	 -42.4383	  173.3207
6.191	 2.12	 1	 -42.3929	  174.0056
6.191	 2.16	 1	 -42.1074	  173.5795
6.192	 2.85	 2	 -42.3554	  173.7272
6.192	 2.00	 3	 -42.6064	  172.9716
6.193	 2.13	 2	 -42.5383	  170.9720
6.196	 2.53	 1	 -41.6785	  174.2404
6.196	 2.15	 1	 -42.4162	  173.8106
6.196	 2.15	 1	 -42.9752	  174.7960
6.198	 2.67	 2	 -41.7746	  174.2640
6.203	 2.35	 1	 -42.4436	  173.3399
6.203	 2.19	 4	 -42.5354	  173.3460
6.205	 2.10	 1	 -42.6851	  173.0403
6.206	 2.07	 1	 -41.7267	  174.3263
6.206	 2.67	 2	 -42.1525	  173.8110
6.207	 2.40	 2	 -42.3325	  174.0296
6.207	 2.65	 1	 -41.7227	  174.2899
6.207	 2.03	 1	 -42.3570	  174.0202
6.207	 2.33	 2	 -42.3835	  172.9996
6.208	 2.32	 2	 -42.0433	  173.9915
6.209	 2.11	 1	 -41.7174	  174.4877
6.210	 2.86	 1	 -42.3474	  172.9642
6.211	 2.12	 1	 -41.7849	  174.3067
6.211	 2.22	 1	 -42.2228	  173.7747
6.211	 2.04	 2	 -41.8382	  174.2514
6.211	 2.15	 3	 -42.6678	  172.9706
6.211	 2.28	 1	 -41.8032	  174.2058
6.213	 2.08	 4	 -42.4541	  173.6778
6.213	 2.08	 1	 -41.5549	  174.1227
6.213	 2.25	 1	 -41.7841	  174.2982
6.216	 3.55	 1	 -42.5462	  173.0732
6.218	 2.05	 3	 -42.7405	  173.0121
6.218	 2.59	 3	 -42.3166	  173.9896
6.218	 2.29	 1	 -42.3559	  173.1055
6.221	 2.28	 1	 -42.4447	  173.1354
6.222	 2.19	 1	 -43.0570	  171.9719
6.222	 2.25	 3	 -42.2968	  174.0179
6.222	 2.08	 4	 -42.5118	  173.8135
6.225	 2.14	 3	 -42.4212	  172.9719
6.227	 2.11	 1	 -42.0307	  173.9151
6.229	 2.82	 1	 -41.4244	  174.1645
6.229	 2.13	 1	 -42.1164	  173.7030
6.230	 2.18	 1	 -41.8142	  174.0113
6.230	 2.01	 1	 -42.4785	  173.1447
6.232	 2.27	 1	 -42.0347	  173.6951
6.232	 2.93	 2	 -42.6254	  173.0608
6.235	 2.34	 1	 -41.6382	  174.2635
6.236	 2.80	 1	 -42.0123	  174.0024
6.238	 2.02	 1	 -42.2553	  173.6081
6.239	 2.34	 1	 -42.5545	  173.3142
6.240	 2.01	 1	 -41.7580	  174.2848
6.240	 2.15	 2	 -41.6689	  174.1869
6.241	 2.52	 3	 -42.5420	  173.6484
6.241	 2.24	 1	 -42.6173	  172.5852
6.242	 2.04	 2	 -42.4144	  173.8481
6.243	 2.11	 1	 -42.1967	  173.5507
6.244	 3.81	 1	 -42.6569	  173.5313
6.244	 3.08	 2	 -42.2321	  173.7490
6.246	 2.06	 1	 -42.1390	  172.9049
6.249	 2.21	 1	 -42.4387	  173.8829
6.250	 2.04	 2	 -42.4550	  173.3432
6.251	 2.26	 3	 -42.0200	  174.1393
6.252	 2.36	 1	 -41.9703	  173.6965
6.253	 2.50	 1	 -41.7558	  174.2883
6.257	 2.07	 1	 -42.5502	  173.0228
6.259	 2.17	 1	 -42.1136	  173.8908
6.261	 3.86	 1	 -42.0650	  173.2974
6.261	 2.05	 1	 -42.5231	  173.0436
6.262	 2.32	 2	 -42.2900	  173.8795
6.262	 2.08	 1	 -41.6679	  174.2273
6.262	 2.59	 1	 -42.3993	  174.0014
6.263	 2.06	 1	 -42.5844	  173.2530
6.265	 2.26	 1	 -42.2154	  173.8153
6.267	 2.20	 3	 -42.5296	  173.2711
6.268	 2.15	 3	 -42.7418	  173.2244
6.268	 3.23	 1	 -41.0280	  171.9960
6.268	 2.59	 2	 -43.6510	  174.4635
6.269	 2.71	 1	 -42.9863	  173.5516
6.269	 2.15	 3	 -42.4162	  173.1020
6.269	 2.12	 1	 -42.3850	  173.6447
6.270	 2.05	 1	 -41.8347	  173.6860
6.271	 2.07	 2	 -42.2564	  173.7432
6.271	 2.65	 1	 -42.7515	  172.9407
6.273	 2.73	 1	 -42.4535	  172.3635
6.274	 2.25	 1	 -41.7517	  174.2852
6.274	 2.41	 1	 -41.7408	  174.1949
6.277	 2.66	 2	 -42.5568	  172.5538
6.279	 4.08	 2	 -42.0693	  173.5749
6.279	 2.14	 5	 -42.5392	  173.9315
6.281	 2.58	 1	 -42.8447	  172.6221
6.282	 2.26	 3	 -42.5747	  172.9291
6.282	 2.07	 1	 -42.3023	  173.7725
6.283	 2.09	 3	 -42.6376	  172.9488
6.283	 2.11	 5	 -42.2366	  173.7343
6.283	 2.13	 2	 -42.5157	  173.5902
6.283	 2.44	 1	 -42.8560	  172.7933
6.284	 2.52	 1	 -41.7051	  174.2197
6.284	 2.20	 4	 -41.8037	  174.2930
6.285	 2.47	 1	 -42.5197	  172.8137
6.291	 2.44	 1	 -42.2388	  173.6459
6.292	 2.98	 1	 -42.4476	  173.8011
6.293	 2.78	 3	 -42.5678	  173.0018
6.296	 2.44	 1	 -42.1977	  173.7707
6.297	 2.03	 2	 -41.8672	  174.9014
6.298	 2.25	 1	 -41.7367	  174.2990
6.298	 2.04	 1	 -42.2023	  173.8688
6.298	 2.31	 1	 -42.5606	  173.1359
6.302	 3.10	 1	 -41.8699	  172.6001
6.302	 2.90	 1	 -42.2555	  173.8036
6.303	 2.01	 2	 -42.4064	  173.2167
6.304	 2.52	 1	 -42.1695	  173.5481
6.305	 2.50	 2	 -38.4545	  170.1417
6.305	 2.04	 1	 -41.8013	  173.5361
6.306	 2.03	 3	 -44.0244	  173.6148
6.308	 2.05	 2	 -42.1388	  173.7596
6.309	 2.30	 1	 -42.2593	  173.9251
6.309	 2.22	 2	 -42.5013	  173.5337
6.309	 2.27	 3	 -42.3618	  172.6686
6.309	 2.60	 1	 -42.6890	  174.0875
6.312	 2.01	 1	 -42.6197	  172.8015
6.312	 2.34	 1	 -41.3791	  173.9620
6.314	 2.40	 1	 -42.6685	  173.0745
6.315	 2.42	 1	 -41.9944	  173.7563
6.315	 2.57	 2	 -42.3250	  174.0744
6.316	 2.03	 1	 -44.5394	  178.8557
6.317	 2.30	 1	 -42.1178	  173.8544
6.317	 2.16	 1	 -42.4201	  173.7916
6.318	 2.30	 1	 -41.6811	  174.1803
6.319	 2.35	 1	 -42.4697	  173.5796
6.319	 3.89	 2	 -42.4626	  173.8963
6.321	 3.14	 2	 -42.1013	  173.6608
6.321	 2.02	 1	 -42.1053	  173.8959
6.326	 2.28	 1	 -42.9575	  173.5152
6.329	 2.03	 1	 -42.6560	  172.8831
6.330	 2.86	 1	 -42.1223	  173.7073
6.331	 2.20	 1	 -42.4097	  173.7289
6.331	 2.19	 1	 -41.8158	  174.0504
6.332	 2.20	 2	 -41.4209	  174.3601
6.333	 2.24	 1	 -42.8791	  173.0258
6.334	 2.05	 2	 -42.4447	  173.0629
6.334	 2.11	 2	 -42.1990	  173.5923
6.335	 2.11	 2	 -41.6789	  173.9569
6.339	 3.06	 3	 -42.7713	  173.0264
6.339	 2.71	 2	 -42.0422	  174.5775
6.341	 2.01	 1	 -42.6200	  172.8018
6.342	 2.06	 1	 -42.3376	  173.7201
6.342	 2.95	 1	 -42.6471	  173.0101
6.343	 2.16	 1	 -42.5599	  173.4584
6.343	 2.22	 2	 -41.7219	  174.1790
6.345	 2.16	 1	 -42.4489	  173.8003
6.345	 2.30	 1	 -42.5820	  172.9560
6.346	 2.20	 2	 -41.7835	  172.8180
6.349	 2.26	 1	 -42.0571	  174.3322
6.351	 2.41	 1	 -42.3283	  173.0725
6.351	 2.25	 2	 -42.3900	  174.1552
6.352	 2.06	 2	 -41.4695	  174.4876
6.353	 2.01	 1	 -42.1294	  173.4789
6.353	 2.01	 3	 -39.7701	  172.2845
6.354	 2.16	 2	 -42.2633	  174.1123
6.355	 2.46	 1	 -42.3405	  174.0078
6.355	 2.02	 2	 -42.4653	  173.9123
6.356	 2.04	 3	 -42.5853	  172.9347
6.356	 2.40	 3	 -42.5841	  172.9993
6.358	 3.20	 1	 -42.2547	  174.1761
6.358	 2.71	 1	 -41.6415	  174.2539
6.359	 3.30	 2	 -42.4665	  173.3087
6.359	 2.15	 2	 -42.4356	  173.7182
6.359	 2.09	 1	 -42.5049	  173.1150
6.360	 2.76	 1	 -41.7537	  174.2367
6.362	 2.76	 1	 -41.7134	  174.1348
6.365	 2.15	 2	 -41.8361	  174.1808
6.365	 2.10	 1	 -42.2809	  173.9147
6.366	 2.45	 1	 -41.6808	  174.0936
6.366	 2.59	 1	 -42.1269	  173.8528
6.367	 2.00	 4	 -42.2273	  173.4061
6.372	 2.41	 1	 -41.7261	  174.1782
6.376	 2.41	 2	 -42.2425	  173.5777
6.377	 2.15	 1	 -41.6578	  174.2747
6.377	 2.15	 1	 -42.2302	  174.1308
6.379	 2.02	 1	 -42.2838	  173.6006
6.380	 3.23	 1	 -41.7241	  174.1489
6.381	 2.23	 1	 -41.9292	  173.7829
6.382	 2.44	 1	 -42.5383	  172.9073
6.382	 2.30	 1	 -42.3909	  173.0580
6.383	 3.34	 1	 -41.5844	  174.4038
6.384	 2.83	 1	 -41.7262	  174.2835
6.384	 3.50	 1	 -42.1825	  173.4398
6.386	 2.19	 1	 -42.8086	  173.1130
6.387	 2.36	 1	 -42.3392	  173.6455
6.387	 2.56	 1	 -42.6337	  173.0192
6.388	 2.13	 2	 -42.3045	  174.0003
6.389	 2.11	 3	 -42.5049	  173.6519
6.389	 2.16	 1	 -42.7254	  172.5920
6.390	 2.03	 2	 -41.5511	  174.2933
6.391	 2.05	 1	 -42.6354	  173.0621
6.393	 2.29	 1	 -41.8073	  173.3490
6.394	 2.60	 1	 -41.9844	  174.2385
6.394	 2.24	 3	 -41.8267	  174.4690
6.395	 2.04	 2	 -42.4503	  173.2946
6.395	 2.43	 1	 -44.3750	  173.9227
6.396	 2.29	 2	 -42.4696	  173.3167
6.396	 2.04	 2	 -41.7311	  174.3475
6.396	 2.27	 1	 -42.2339	  173.5955
6.397	 2.36	 2	 -41.6768	  174.2085
6.399	 2.61	 2	 -41.6675	  174.2260
6.400	 2.29	 1	 -42.7207	  173.0210
6.402	 2.36	 1	 -42.6538	  173.2768
6.404	 2.11	 2	 -42.5455	  173.2642
6.404	 2.01	 2	 -42.6693	  173.0735
6.406	 2.70	 3	 -42.5988	  172.7816
6.407	 2.75	 4	 -42.5872	  173.4534
6.409	 2.47	 2	 -41.7974	  174.5578
6.409	 3.19	 1	 -41.6725	  174.0708
6.410	 2.34	 2	 -41.9453	  174.0533
6.416	 2.61	 1	 -41.9769	  174.1096
6.416	 2.07	 2	 -41.9388	  174.0041
6.417	 3.69	 1	 -44.5010	  173.7545
6.419	 2.37	 1	 -42.3563	  173.1426
6.419	 2.56	 1	 -42.0168	  173.7846
6.420	 2.11	 1	 -41.6920	  174.1602
6.421	 2.71	 1	 -42.4722	  173.7585
6.423	 2.11	 3	 -42.5362	  173.1630
6.423	 2.18	 3	 -42.0751	  173.7382
6.424	 2.11	 1	 -42.9594	  173.3535
6.425	 2.00	 1	 -42.2059	  173.5723
6.426	 2.12	 1	 -42.3517	  173.1100
6.426	 2.15	 1	 -41.7464	  174.3112
6.427	 2.15	 1	 -41.7836	  174.1760
6.428	 3.31	 1	 -42.5362	  173.2258
6.430	 2.06	 3	 -42.1927	  173.6464
6.430	 2.04	 1	 -41.9621	  174.1321
6.430	 2.79	 1	 -41.7454	  174.2987
6.430	 2.54	 2	 -42.2623	  173.4625
6.430	 2.73	 1	 -41.7370	  174.2058
6.431	 2.91	 2	 -41.5313	  173.8745
6.432	 2.02	 1	 -42.0136	  173.7038
6.434	 2.27	 2	 -41.4785	  174.4008
6.438	 2.65	 3	 -42.4253	  173.0663
6.439	 2.68	 3	 -42.6487	  172.8204
6.440	 2.57	 1	 -42.5581	  173.0872
6.440	 2.76	 1	 -41.7217	  174.1528
6.443	 2.80	 1	 -42.4772	  172.6139
6.443	 2.47	 1	 -41.7268	  174.1823
6.443	 3.14	 3	 -42.4215	  173.7177
6.444	 2.10	 3	 -42.8347	  173.3182
6.444	 2.46	 3	 -41.4218	  174.4264
6.445	 2.22	 1	 -42.2744	  173.6431
6.446	 2.81	 1	 -42.2889	  173.8915
6.446	 2.64	 1	 -41.9818	  173.9004
6.447	 2.01	 2	 -42.3080	  173.9321
6.447	 2.36	 1	 -42.3661	  173.2831
6.451	 2.25	 1	 -41.7688	  174.3059
6.452	 2.22	 2	 -41.9673	  173.5893
6.454	 2.01	 1	 -42.4225	  173.6023
6.454	 2.52	 1	 -42.1141	  172.8936
6.455	 2.27	 3	 -42.7739	  173.2492
6.457	 2.32	 3	 -42.6077	  172.9629
6.457	 2.92	 1	 -41.7918	  174.1439
6.458	 2.85	 1	 -41.7829	  174.3106
6.461	 2.08	 2	 -41.4946	  174.4408
6.462	 2.58	 4	 -42.4439	  172.9455
6.462	 2.63	 1	 -42.7752	  172.7762
6.463	 2.15	 3	 -42.6514	  173.0466
6.465	 2.15	 1	 -42.2474	  173.7785
6.465	 2.47	 1	 -41.9003	  174.0896
6.466	 2.00	 1	 -42.6462	  172.9157
6.467	 2.81	 3	 -42.4912	  173.0124
6.468	 3.30	 3	 -42.6962	  172.8211
6.468	 2.05	 1	 -42.3561	  173.7046
6.471	 2.34	 2	 -41.8978	  174.0975
6.472	 2.85	 1	 -42.4053	  172.6805
6.472	 2.61	 2	 -42.3416	  174.0396
6.473	 2.01	 1	 -42.3784	  173.9465
6.474	 2.72	 2	 -42.1174	  174.0024
6.476	 2.07	 1	 -41.7220	  174.3388
6.476	 2.42	 1	 -41.8024	  174.2128
6.477	 2.55	 3	 -42.6037	  172.8808
6.477	 2.12	 1	 -42.1621	  173.5602
6.477	 3.30	 2	 -42.4012	  173.6833
6.479	 2.15	 3	 -42.6400	  172.9442
6.483	 2.16	 1	 -42.2847	  173.7974
6.484	 2.09	 1	 -42.3664	  173.3586
6.484	 2.64	 1	 -41.6465	  173.8773
6.485	 2.12	 1	 -42.5118	  173.0401
6.485	 2.37	 1	 -41.7435	  174.3212
6.487	 2.36	 1	 -42.0353	  173.9618
6.489	 2.20	 1	 -41.7703	  174.3238
6.489	 2.18	 1	 -41.8249	  174.3978
6.490	 2.17	 3	 -43.3482	  172.7712
6.490	 2.22	 1	 -42.8692	  172.9228
6.491	 3.54	 1	 -42.3786	  173.8503
6.492	 2.20	 1	 -40.0184	  178.9634
6.492	 2.02	 2	 -41.7016	  174.3663
6.492	 2.52	 1	 -42.4659	  172.1364
6.492	 3.23	 1	 -42.6361	  172.6313
6.493	 2.03	 1	 -42.3137	  173.6674
6.495	 2.07	 1	 -42.4116	  173.7949
6.498	 3.18	 2	 -41.5759	  174.0808
6.499	 2.11	 1	 -42.0969	  173.6129
6.500	 2.06	 3	 -41.5973	  174.3150
6.500	 2.42	 4	 -42.6817	  172.5152
6.500	 2.18	 1	 -41.7673	  174.3817
6.501	 2.37	 2	 -42.2128	  173.9072
6.502	 3.28	 1	 -41.8226	  174.2739
6.502	 2.02	 1	 -42.3511	  173.0578
6.503	 2.10	 5	 -42.6787	  172.5085
6.504	 2.00	 3	 -42.4889	  172.9437
6.504	 2.30	 1	 -41.6957	  174.2439
6.506	 2.04	 4	 -41.8112	  174.2975
6.508	 2.70	 1	 -41.7665	  174.3095
6.509	 2.07	 1	 -42.5680	  173.3583
6.509	 2.08	 1	 -42.0089	  175.6285
6.509	 2.14	 2	 -42.5437	  173.1296
6.510	 2.12	 2	 -42.3096	  173.6712
6.512	 3.43	 3	 -42.5057	  173.1532
6.515	 2.27	 1	 -41.7515	  174.2674
6.515	 2.73	 1	 -42.5506	  173.1228
6.516	 2.39	 1	 -42.1794	  173.8106
6.517	 2.01	 1	 -43.6997	  173.7095
6.518	 2.15	 1	 -42.4078	  173.4910
6.518	 2.59	 1	 -41.7912	  174.3364
6.520	 2.02	 2	 -42.2881	  174.0212
6.522	 2.01	 1	 -42.2653	  173.7653
6.524	 2.07	 1	 -42.5263	  173.1342
6.525	 2.88	 1	 -41.7055	  174.3208
6.526	 2.79	 3	 -42.4235	  172.8954
6.527	 2.13	 1	 -42.4851	  173.5247
6.528	 2.43	 1	 -42.4471	  173.6335
6.529	 2.33	 1	 -42.1971	  173.5462
6.531	 2.15	 1	 -42.2049	  173.3419
6.532	 2.59	 1	 -42.6409	  173.0750
6.533	 2.09	 1	 -41.7445	  174.2759
6.533	 2.18	 1	 -42.3780	  173.9000
6.533	 2.51	 1	 -42.4276	  173.1891
6.535	 2.12	 1	 -42.8697	  173.0864
6.536	 2.27	 1	 -42.2580	  173.6532
6.538	 2.65	 1	 -39.6951	  173.7120
6.538	 2.18	 1	 -42.4555	  173.1205
6.541	 2.26	 3	 -42.5863	  172.5413
6.545	 2.31	 2	 -42.4035	  173.7643
6.548	 2.02	 1	 -45.0677	  176.2749
6.550	 2.05	 1	 -41.4686	  174.7922
6.552	 2.44	 1	 -42.7608	  172.8005
6.552	 2.10	 1	 -42.3941	  173.9859
6.552	 2.07	 1	 -41.6855	  174.2858
6.554	 2.62	 1	 -42.3051	  172.4837
6.554	 2.65	 1	 -41.7250	  174.1767
6.555	 2.06	 2	 -41.6406	  174.2701
6.555	 2.88	 1	 -41.8184	  175.2000
6.558	 2.11	 1	 -42.6387	  172.8125
6.558	 3.27	 2	 -42.4841	  173.4694
6.559	 2.62	 1	 -42.1227	  174.0265
6.560	 2.36	 1	 -42.1736	  172.4568
6.560	 2.06	 2	 -42.6181	  174.4613
6.563	 2.80	 1	 -42.4506	  173.0502
6.563	 3.04	 3	 -42.2892	  173.4265
6.563	 2.46	 3	 -42.7883	  173.8147
6.564	 2.10	 1	 -41.6436	  173.8117
6.565	 2.00	 1	 -42.0406	  173.7635
6.566	 2.55	 3	 -42.3980	  172.9046
6.566	 2.55	 1	 -41.9727	  173.6986
6.571	 2.03	 2	 -41.9724	  173.6033
6.571	 2.55	 1	 -42.3832	  174.0089
6.573	 2.28	 2	 -42.4295	  173.6584
6.574	 2.67	 3	 -42.4787	  173.3285
6.574	 2.56	 1	 -42.8382	  173.2524
6.575	 2.20	 1	 -41.7572	  174.2838
6.576	 2.27	 2	 -41.8376	  174.1343
6.576	 2.55	 4	 -43.1541	  173.4008
6.579	 2.52	 3	 -42.6379	  173.4927
6.579	 2.26	 1	 -42.4058	  173.8223
6.579	 2.01	 1	 -41.8660	  173.7243
6.580	 2.70	 1	 -42.4047	  173.2051
6.582	 2.57	 1	 -41.6004	  174.4604
6.582	 2.00	 3	 -42.4003	  172.9415
6.583	 3.31	 1	 -41.7399	  174.3131
6.583	 2.23	 4	 -42.4581	  173.0053
6.585	 2.07	 3	 -42.5969	  172.9504
6.586	 2.05	 1	 -41.9290	  174.0005
6.587	 2.08	 1	 -42.1614	  173.8148
6.587	 2.59	 1	 -43.9210	  172.9271
6.589	 2.43	 2	 -41.6226	  174.3772
6.589	 2.17	 1	 -42.3852	  173.2333
6.592	 2.50	 3	 -42.4218	  173.3714
6.593	 2.06	 1	 -43.3351	  173.7638
6.595	 2.06	 1	 -42.4817	  173.5301
6.595	 2.65	 1	 -41.7592	  174.1425
6.595	 2.06	 3	 -42.7049	  172.9647
6.597	 2.01	 1	 -42.4840	  173.7366
6.598	 2.01	 1	 -42.4320	  173.3277
6.598	 2.59	 3	 -42.7403	  173.5273
6.598	 2.16	 1	 -42.9267	  173.5017
6.599	 2.16	 1	 -41.9917	  174.0012
6.599	 2.96	 1	 -42.4528	  173.4023
6.601	 2.03	 1	 -42.2121	  173.5465
6.601	 2.93	 1	 -42.7521	  172.8889
6.601	 2.36	 1	 -42.6301	  172.9592
6.602	 2.67	 1	 -42.3588	  173.9978
6.603	 3.58	 1	 -42.6213	  173.9612
6.603	 2.39	 3	 -42.3267	  172.9739
6.606	 2.31	 1	 -41.9281	  174.0008
6.606	 2.04	 1	 -42.7658	  173.0319
6.606	 2.00	 1	 -42.9955	  176.9195
6.611	 2.17	 1	 -42.3181	  173.2962
6.614	 2.35	 1	 -41.6981	  174.2227
6.616	 2.18	 1	 -41.7021	  174.1853
6.617	 2.57	 1	 -42.3206	  173.4823
6.617	 2.73	 1	 -42.5971	  174.0504
6.619	 2.10	 1	 -42.6428	  173.0085
6.619	 2.24	 4	 -42.3495	  173.7646
6.619	 2.10	 1	 -41.8065	  174.3434
6.621	 2.36	 2	 -41.9769	  173.6741
6.622	 2.94	 1	 -42.5462	  173.2543
6.623	 2.51	 1	 -42.6498	  173.3209
6.624	 2.05	 1	 -41.7382	  174.1120
6.624	 2.14	 3	 -43.2847	  172.2523
6.625	 2.52	 4	 -41.5315	  174.4598
6.627	 2.33	 1	 -43.8279	  172.5784
6.629	 2.51	 2	 -42.2323	  173.7099
6.630	 2.49	 3	 -41.6796	  174.3809
6.631	 2.65	 1	 -42.2396	  173.7014
6.631	 2.57	 3	 -42.6411	  172.9280
6.636	 2.44	 1	 -41.7181	  174.1457
6.638	 2.02	 3	 -43.5372	  173.8284
6.640	 2.37	 2	 -41.7702	  174.1470
6.641	 3.18	 1	 -42.4521	  173.4966
6.642	 3.28	 1	 -41.9279	  173.8737
6.642	 2.88	 2	 -42.0923	  172.8862
6.642	 3.14	 1	 -41.7093	  174.2790
6.643	 2.23	 2	 -42.8326	  172.9497
6.644	 2.31	 1	 -41.6637	  174.4852
6.646	 2.32	 1	 -41.8720	  174.2973
6.646	 2.16	 1	 -42.4108	  174.0502
6.646	 2.23	 2	 -41.9305	  173.8730
6.648	 2.15	 2	 -42.3910	  173.0568
6.648	 3.46	 1	 -41.7944	  174.2469
6.649	 2.07	 1	 -42.7851	  173.9947
6.649	 2.12	 3	 -42.6055	  173.0128
6.649	 2.80	 3	 -42.4679	  173.8961
6.650	 2.47	 1	 -42.2984	  173.6288
6.651	 2.92	 1	 -42.4618	  172.9067
6.653	 2.18	 2	 -41.7549	  174.3445
6.655	 3.12	 3	 -42.4478	  172.9643
6.656	 2.17	 1	 -42.2204	  173.8335
6.656	 2.01	 2	 -42.5196	  173.9824
6.656	 2.90	 4	 -42.3621	  172.6697
6.656	 2.25	 1	 -42.3989	  173.3771
6.658	 2.03	 1	 -42.7672	  173.6597
6.658	 2.21	 1	 -42.1261	  173.5898
6.658	 2.20	 1	 -41.9358	  173.7119
6.659	 2.51	 1	 -43.1355	  173.5084
6.659	 2.57	 1	 -45.3660	  175.9803
6.660	 2.07	 2	 -42.4033	  173.1661
6.661	 3.09	 2	 -41.6912	  174.1452
6.661	 2.47	 2	 -42.5342	  172.9073
6.663	 2.79	 1	 -42.3809	  173.4937
6.664	 2.37	 1	 -42.4356	  173.9297
6.668	 2.09	 1	 -42.2483	  173.6187
6.668	 2.72	 1	 -42.5953	  173.1544
6.669	 2.01	 1	 -41.7499	  174.1760
6.670	 2.50	 2	 -42.1603	  173.5410
6.671	 3.48	 2	 -40.2808	  173.8323
6.673	 2.35	 3	 -41.7790	  174.2669
6.674	 2.11	 1	 -42.2088	  173.6907
6.675	 2.75	 1	 -41.9275	  174.0912
6.675	 2.19	 1	 -42.0506	  173.7973
6.675	 2.14	 1	 -42.2238	  173.7345
6.676	 2.24	 2	 -42.2214	  173.7315
6.677	 3.88	 2	 -42.2825	  174.7728
6.677	 2.53	 1	 -42.5765	  173.1970
6.679	 2.13	 1	 -42.4602	  173.3293
6.681	 2.02	 1	 -42.3889	  173.6918
6.682	 2.91	 3	 -42.6312	  173.0220
6.684	 2.36	 1	 -41.9844	  173.7922
6.686	 2.31	 1	 -42.5164	  173.4510
6.687	 2.83	 1	 -42.3319	  173.8443
6.689	 2.07	 2	 -42.6246	  173.9622
6.691	 4.10	 1	 -42.4809	  173.8553
6.693	 2.25	 1	 -41.7776	  174.2442
6.693	 2.01	 1	 -42.4633	  173.1901
6.693	 2.26	 1	 -42.3103	  173.6330
6.694	 2.32	 1	 -42.6755	  172.8596
6.694	 2.02	 1	 -41.7195	  174.2641
6.695	 2.69	 3	 -42.5824	  172.9814
6.696	 2.66	 1	 -42.4176	  173.4973
6.697	 3.83	 2	 -42.2722	  173.8760
6.697	 3.06	 1	 -42.7910	  174.6980
6.698	 2.38	 2	 -41.5088	  174.4267
6.698	 2.01	 1	 -41.8821	  174.1277
6.699	 2.61	 1	 -42.9143	  171.7782
6.701	 2.03	 3	 -42.6458	  172.9520
6.703	 2.71	 1	 -41.9998	  173.9041
6.704	 2.31	 1	 -41.7885	  174.2259
6.705	 2.75	 3	 -42.9883	  172.6733
6.706	 2.30	 1	 -42.3507	  173.1369
6.706	 2.96	 1	 -42.3252	  173.9759
6.708	 2.52	 1	 -42.3788	  173.9747
6.711	 2.39	 3	 -42.6112	  172.9114
6.712	 2.19	 1	 -42.7028	  173.0969
6.713	 3.45	 1	 -42.3344	  173.4274
6.713	 2.15	 1	 -41.7921	  174.3441
6.714	 2.17	 1	 -43.0396	  171.7031
6.716	 2.20	 1	 -41.6510	  173.4570
6.717	 2.16	 1	 -42.3445	  173.5041
6.717	 2.78	 1	 -42.5693	  173.0884
6.720	 4.08	 3	 -42.4953	  172.9415
6.721	 2.16	 1	 -42.4890	  174.2709
6.721	 2.29	 1	 -39.0900	  177.1649
6.722	 2.18	 1	 -41.7551	  174.4051
6.722	 2.00	 2	 -41.8466	  173.6371
6.722	 2.57	 1	 -42.0566	  173.7318
6.724	 2.30	 1	 -42.2640	  173.8947
6.724	 2.07	 1	 -42.0666	  173.9326
6.725	 2.48	 1	 -42.3761	  173.9555
6.725	 2.09	 1	 -43.4262	  172.7733
6.727	 2.41	 2	 -44.4976	  173.7515
6.730	 2.25	 1	 -42.3708	  173.5000
6.730	 2.73	 1	 -42.3783	  174.5573
6.730	 2.78	 1	 -42.1446	  173.5614
6.732	 2.57	 1	 -42.4531	  173.0307
6.732	 2.22	 2	 -42.2253	  173.7784
6.733	 2.43	 1	 -42.6487	  172.7268
6.734	 2.80	 1	 -42.0174	  174.3132
6.734	 2.17	 1	 -42.6517	  173.0606
6.736	 2.48	 1	 -41.8460	  174.2879
6.736	 2.09	 2	 -42.3270	  173.4456
6.743	 2.70	 1	 -42.0561	  174.0905
6.745	 3.36	 2	 -41.9277	  174.0902
6.745	 2.86	 3	 -42.0020	  173.6883
6.745	 2.26	 1	 -42.3530	  173.0922
6.745	 2.15	 1	 -42.3361	  173.6407
6.746	 2.09	 2	 -42.1987	  173.5469
6.746	 2.20	 3	 -42.7221	  172.6502
6.749	 2.67	 1	 -38.5590	  170.0478
6.750	 2.14	 1	 -42.4688	  171.9134
6.750	 2.39	 3	 -42.4897	  173.0892
6.751	 4.50	 2	 -42.5737	  172.9398
6.751	 2.35	 1	 -42.6779	  173.2583
6.753	 2.34	 1	 -42.2097	  173.6460
6.757	 2.62	 3	 -42.7244	  172.8543
6.758	 2.00	 2	 -41.6537	  173.9755
6.760	 2.12	 1	 -42.3734	  173.8060
6.760	 2.42	 1	 -42.6092	  173.3382
6.761	 2.37	 2	 -41.8071	  174.9228
6.762	 2.32	 1	 -42.2881	  173.6762
6.763	 2.15	 1	 -41.8248	  174.3014
6.764	 2.48	 1	 -41.7250	  174.3326
6.764	 2.03	 3	 -41.7306	  174.1213
6.764	 3.03	 1	 -42.0893	  173.7944
6.764	 2.54	 1	 -44.7181	  178.4130
6.766	 2.09	 3	 -42.0593	  173.6341
6.770	 2.70	 1	 -41.7235	  174.2754
6.771	 3.79	 1	 -42.2359	  173.7607
6.774	 2.19	 1	 -42.3156	  172.9663
6.776	 2.15	 1	 -41.0483	  178.7162
6.776	 2.14	 1	 -42.2067	  173.5624
6.779	 2.06	 1	 -42.4661	  173.1380
6.781	 3.30	 1	 -42.3412	  174.0686
6.783	 2.32	 1	 -42.3090	  173.9948
6.785	 2.38	 1	 -42.4548	  173.1231
6.785	 2.41	 3	 -42.7919	  173.7932
6.786	 2.60	 1	 -42.2005	  173.6135
6.786	 2.34	 1	 -42.4602	  173.4881
6.787	 3.27	 1	 -42.5624	  173.8183
6.787	 2.20	 1	 -42.6368	  172.8369
6.787	 2.26	 1	 -41.7680	  174.2522
6.789	 2.06	 1	 -42.9350	  172.7193
6.790	 2.71	 1	 -42.5462	  172.7251
6.791	 2.05	 3	 -42.4478	  169.8669
6.792	 3.16	 1	 -42.2543	  173.5621
6.792	 2.10	 1	 -41.8130	  174.2870
6.794	 3.46	 2	 -41.7879	  174.0468
6.795	 2.52	 1	 -42.5604	  173.2945
6.795	 2.43	 1	 -42.5994	  173.0810
6.797	 2.45	 1	 -42.5573	  173.2730
6.799	 2.47	 2	 -42.6833	  173.9724
6.801	 2.79	 2	 -42.2298	  173.7863
6.802	 2.39	 1	 -42.7193	  172.8792
6.802	 2.50	 1	 -41.7095	  174.2041
6.803	 2.76	 1	 -42.2771	  173.9180
6.803	 2.03	 1	 -41.7872	  174.3056
6.804	 2.02	 3	 -42.3019	  172.9431
6.805	 2.77	 1	 -41.7409	  174.3082
6.805	 2.10	 2	 -41.5408	  174.8289
6.809	 2.13	 1	 -42.1474	  173.9107
6.809	 2.37	 2	 -41.6174	  174.3772
6.810	 2.12	 1	 -41.5752	  174.4109
6.810	 2.14	 1	 -41.7256	  174.3846
6.811	 2.01	 1	 -41.8107	  173.3140
6.811	 2.60	 1	 -42.7670	  173.2309
6.812	 2.13	 3	 -42.8567	  172.9899
6.813	 2.77	 1	 -42.1441	  174.7076
6.813	 2.60	 1	 -41.8736	  174.0187
6.815	 2.25	 1	 -42.3809	  173.5835
6.816	 2.04	 3	 -42.4071	  173.1532
6.816	 2.08	 1	 -41.7110	  174.0689
6.819	 2.81	 1	 -42.5512	  173.1155
6.822	 2.30	 1	 -41.8985	  174.0052
6.825	 2.13	 1	 -41.5349	  175.7089
6.825	 2.60	 1	 -42.5109	  172.4585
6.827	 2.56	 1	 -41.6881	  174.3084
6.828	 2.30	 1	 -41.7139	  174.2906
6.828	 2.19	 1	 -42.3445	  174.0287
6.828	 2.56	 1	 -42.3429	  173.8039
6.830	 2.59	 1	 -42.5332	  173.0292
6.830	 2.38	 1	 -42.3903	  173.2957
6.831	 2.04	 3	 -42.3956	  173.8520
6.832	 2.83	 1	 -41.8717	  174.1601
6.833	 2.22	 3	 -42.3662	  173.3668
6.834	 2.08	 1	 -42.6307	  172.9742
6.834	 2.76	 2	 -42.4633	  173.1694
6.835	 2.06	 1	 -41.8919	  174.0422
6.836	 2.03	 1	 -42.3337	  174.0627
6.836	 2.92	 1	 -42.0935	  173.0566
6.836	 2.31	 3	 -42.7276	  172.8801
6.837	 2.72	 2	 -41.9269	  173.9126
6.840	 2.07	 2	 -43.7924	  172.5965
6.842	 2.41	 3	 -42.5799	  172.9429
6.842	 3.16	 1	 -41.7279	  174.1786
6.843	 2.08	 1	 -42.0365	  174.6349
6.843	 2.03	 1	 -42.6595	  172.6613
6.843	 2.57	 1	 -42.6008	  173.1345
6.844	 2.16	 1	 -42.2561	  173.4064
6.846	 2.05	 3	 -42.5986	  172.8443
6.847	 2.18	 2	 -42.0701	  174.6283
6.849	 2.19	 2	 -45.7445	  168.5348
6.850	 2.07	 3	 -42.7149	  173.0177
6.851	 2.26	 1	 -42.0374	  173.9076
6.852	 2.29	 1	 -41.9777	  174.0727
6.852	 2.26	 3	 -41.9067	  174.3257
6.853	 2.48	 1	 -41.7623	  174.2571
6.855	 2.51	 1	 -42.2106	  173.6889
6.858	 2.50	 1	 -42.2487	  173.7263
6.858	 2.18	 2	 -41.5667	  174.2227
6.859	 2.08	 1	 -42.3555	  172.8830
6.860	 2.60	 2	 -42.3446	  173.0684
6.865	 2.53	 1	 -42.2606	  173.9424
6.865	 2.77	 2	 -41.7726	  174.1895
6.865	 2.10	 2	 -42.2052	  173.7168
6.867	 2.74	 1	 -42.2067	  173.7297
6.870	 3.00	 3	 -42.3011	  174.0387
6.870	 4.03	 3	 -42.2942	  174.1263
6.871	 2.13	 1	 -42.0426	  173.7253
6.872	 2.91	 1	 -42.2992	  173.6047
6.872	 3.04	 1	 -42.0270	  173.7100
6.874	 2.17	 2	 -42.2555	  173.7249
6.874	 2.53	 2	 -42.4543	  173.8515
6.874	 2.35	 2	 -42.2789	  174.1335
6.874	 2.19	 3	 -42.7769	  173.2946
6.875	 2.19	 1	 -42.5288	  172.9720
6.875	 2.55	 2	 -41.8342	  178.6145
6.880	 2.35	 3	 -42.3174	  173.7179
6.880	 2.02	 1	 -41.6930	  174.1949
6.881	 2.03	 1	 -41.7437	  174.2266
6.881	 2.12	 2	 -42.3633	  173.7130
6.884	 2.00	 1	 -42.6168	  172.8973
6.885	 3.44	 3	 -42.6010	  172.9582
6.886	 2.13	 1	 -41.7336	  174.3516
6.887	 2.51	 1	 -42.6191	  172.9107
6.887	 2.21	 3	 -42.7054	  172.8602
6.889	 2.24	 1	 -42.1499	  173.7899
6.889	 2.01	 3	 -43.0559	  172.8626
6.889	 2.09	 1	 -41.7079	  174.2983
6.890	 2.58	 1	 -41.6578	  174.3510
6.890	 2.47	 1	 -41.8451	  174.1492
6.892	 2.25	 3	 -40.2795	  173.8299
6.895	 2.19	 2	 -41.5469	  174.3016
6.897	 2.14	 4	 -42.6059	  173.0367
6.898	 2.50	 1	 -42.3772	  173.9580
6.898	 2.55	 1	 -42.6077	  172.9569
6.898	 2.22	 2	 -42.4952	  173.8569
6.898	 2.08	 1	 -42.7888	  173.7409
6.900	 2.82	 1	 -42.0487	  173.5768
6.903	 2.92	 1	 -41.7296	  174.3202
6.904	 2.51	 2	 -42.2971	  173.6570
6.905	 2.22	 1	 -41.7347	  174.1321
6.906	 2.59	 1	 -41.7562	  174.3573
6.907	 2.03	 1	 -42.3613	  174.0579
6.908	 2.33	 2	 -42.8033	  173.1166
6.909	 2.21	 2	 -42.4463	  174.0794
6.909	 2.08	 1	 -42.3476	  172.9769
6.910	 2.26	 2	 -42.1802	  173.6517
6.910	 2.53	 1	 -41.9083	  173.3454
6.913	 2.85	 1	 -42.1569	  173.5817
6.913	 2.61	 1	 -41.9559	  173.8675
6.913	 2.28	 1	 -42.1330	  173.7184
6.915	 2.31	 1	 -41.7673	  174.3080
6.915	 3.34	 1	 -42.0622	  173.6791
6.916	 2.44	 2	 -41.7094	  174.3029
6.921	 2.29	 2	 -42.5095	  172.8273
6.925	 2.51	 1	 -42.3611	  174.0175
6.925	 2.23	 1	 -42.5188	  173.8373
6.926	 2.34	 1	 -42.1569	  173.4618
6.928	 2.21	 2	 -41.6788	  174.3200
6.929	 2.31	 3	 -42.5107	  172.8277
6.930	 2.01	 1	 -42.3027	  173.4518
6.930	 2.02	 1	 -42.2623	  173.8900
6.932	 3.20	 1	 -41.7678	  174.2965
6.933	 4.24	 1	 -42.6590	  172.7959
6.935	 2.05	 1	 -42.6482	  173.3174
6.937	 2.55	 2	 -42.3695	  173.5965
6.941	 2.02	 1	 -42.0356	  173.7568
6.941	 2.04	 1	 -39.5185	  171.5396
6.942	 2.57	 4	 -42.3203	  168.4767
6.943	 2.58	 1	 -42.5886	  172.8668
6.944	 2.24	 1	 -42.0151	  173.6647
6.944	 2.10	 1	 -41.7628	  174.1520
6.945	 2.04	 2	 -40.9554	  173.2872
6.946	 2.34	 2	 -43.8279	  172.5789
6.948	 2.18	 1	 -42.5005	  173.1809
6.948	 2.22	 2	 -42.6441	  172.8372
6.948	 2.22	 1	 -42.1403	  173.9332
6.948	 2.79	 1	 -42.3030	  173.1445
6.949	 2.31	 1	 -41.7204	  174.2987
6.950	 2.08	 2	 -42.3379	  173.9172
6.951	 2.81	 1	 -42.2727	  173.7306
6.952	 2.01	 1	 -42.4392	  173.3512
6.954	 2.30	 1	 -42.4936	  173.3295
6.954	 2.59	 1	 -42.4001	  173.2144
6.955	 2.36	 3	 -42.5695	  173.8086
6.956	 2.31	 1	 -41.9962	  173.9610
6.957	 2.00	 3	 -42.4593	  172.4886
6.958	 2.79	 2	 -42.2800	  173.6339
6.958	 2.46	 1	 -41.6890	  174.3309
6.958	 2.36	 4	 -42.4901	  173.7492
6.959	 2.18	 1	 -41.7467	  174.0652
6.960	 2.68	 2	 -42.4276	  173.2735
6.960	 2.78	 1	 -42.5479	  173.0206
6.962	 2.09	 1	 -42.5463	  173.0096
6.963	 2.13	 1	 -42.3275	  173.0656
6.964	 2.33	 1	 -41.8693	  174.2583
6.965	 2.26	 1	 -42.6860	  173.0069
6.965	 2.71	 1	 -43.4857	  171.8042
6.966	 3.09	 1	 -42.3115	  173.5887
6.967	 2.45	 1	 -42.1291	  173.5634
6.968	 2.19	 1	 -41.7801	  174.2019
6.968	 2.22	 2	 -42.5899	  173.1968
6.968	 2.34	 1	 -41.7783	  170.0303
6.970	 2.01	 1	 -42.5249	  173.2058
6.970	 2.07	 1	 -42.4102	  173.6137
6.972	 2.22	 1	 -42.7190	  172.6721
6.973	 3.34	 1	 -41.6786	  174.1844
6.973	 2.31	 2	 -41.7511	  174.1023
6.975	 2.65	 1	 -42.3288	  173.9305
6.977	 2.07	 1	 -42.1260	  172.9215
6.978	 2.37	 1	 -42.1449	  173.5089
6.978	 2.97	 2	 -41.7023	  174.1787
6.978	 2.57	 2	 -43.0059	  173.5454
6.981	 2.32	 5	 -42.3845	  172.6429
6.983	 3.46	 1	 -42.2572	  172.8790
6.983	 2.38	 1	 -42.6383	  174.0303
6.983	 2.10	 1	 -42.4571	  173.0627
6.986	 2.31	 1	 -41.7593	  174.3232
6.988	 2.35	 2	 -42.3132	  173.8186
6.988	 3.57	 3	 -42.1509	  174.0139
6.989	 2.44	 1	 -41.8156	  174.3698
6.990	 2.19	 1	 -42.4119	  173.3262
6.991	 2.13	 1	 -41.6845	  174.2229
6.991	 2.15	 1	 -41.8060	  174.2704
6.993	 2.91	 1	 -41.7107	  174.2043
6.994	 2.65	 3	 -41.7587	  175.9451
6.996	 2.18	 1	 -42.5189	  174.0345
6.997	 2.18	 1	 -41.6673	  174.2731
6.998	 2.16	 1	 -42.7174	  172.9586
6.999	 2.14	 1	 -41.5885	  174.3833
7.002	 2.12	 1	 -42.4219	  173.0609
7.002	 2.15	 1	 -41.7644	  174.2183
7.005	 2.20	 3	 -42.2062	  173.9592
7.007	 2.03	 1	 -42.1510	  173.5255
7.007	 2.16	 3	 -42.7697	  173.0816
7.008	 2.48	 4	 -42.2955	  173.4243
7.008	 2.27	 1	 -42.4028	  174.0892
7.009	 3.59	 2	 -42.6588	  172.8935
7.009	 2.24	 2	 -42.5848	  172.8793
7.010	 2.48	 3	 -42.6278	  173.0504
7.014	 2.64	 3	 -41.6730	  174.3512
7.015	 2.44	 2	 -42.1131	  179.0924
7.015	 3.04	 1	 -42.4562	  173.7782
7.017	 2.69	 2	 -42.4767	  173.2569
7.017	 2.01	 2	 -42.6541	  172.8017
7.017	 2.49	 1	 -42.3587	  173.7927
7.018	 2.09	 1	 -41.9341	  173.9524
7.018	 2.30	 2	 -41.9668	  173.5852
7.019	 2.04	 2	 -42.2908	  174.1077
7.019	 2.24	 1	 -42.6636	  174.5072
7.019	 2.37	 1	 -42.6926	  173.0253
7.020	 2.23	 2	 -42.4580	  172.9912
7.021	 2.43	 3	 -42.5819	  173.2239
7.022	 2.14	 1	 -42.1142	  175.2412
7.027	 3.45	 1	 -41.7213	  174.2295
7.028	 2.24	 1	 -41.8842	  174.3007
7.030	 2.46	 2	 -42.0906	  173.3718
7.032	 2.09	 1	 -41.7059	  174.3006
7.032	 2.27	 1	 -41.9177	  174.0256
7.032	 2.09	 1	 -42.9135	  173.3947
7.033	 2.34	 3	 -42.0816	  173.6442
7.035	 2.26	 1	 -41.9487	  174.0890
7.037	 2.36	 1	 -41.9848	  173.6618
7.038	 2.37	 1	 -41.7244	  174.2406
7.039	 2.04	 1	 -42.3009	  173.9829
7.040	 2.67	 2	 -41.6700	  174.2935
7.040	 2.42	 3	 -41.5537	  172.4150
7.041	 2.29	 1	 -42.2096	  173.9092
7.042	 2.20	 1	 -42.5674	  175.2319
7.044	 2.48	 1	 -42.8407	  172.9474
7.046	 2.39	 1	 -42.1730	  173.6857
7.046	 2.64	 1	 -42.2982	  173.7734
7.047	 3.46	 2	 -42.0731	  173.7109
7.048	 2.05	 2	 -42.3942	  173.7786
7.050	 2.31	 2	 -42.1452	  173.6746
7.051	 3.26	 1	 -42.3380	  173.7637
7.052	 2.42	 1	 -42.7140	  173.1904
7.053	 2.16	 1	 -41.9282	  174.0755
7.055	 2.05	 4	 -40.0691	  172.6900
7.055	 2.01	 2	 -42.6616	  172.8854
7.057	 2.58	 2	 -42.6515	  173.5841
7.057	 2.11	 1	 -41.8079	  174.2221
7.057	 2.17	 1	 -42.3059	  174.8482
7.058	 2.03	 3	 -42.3685	  172.7376
7.060	 2.97	 3	 -42.5950	  172.9781
7.061	 2.77	 1	 -41.8842	  173.9468
7.062	 3.00	 1	 -42.2304	  174.2569
7.062	 2.09	 1	 -42.5743	  173.2023
7.065	 2.39	 1	 -41.1019	  172.9773
7.065	 2.63	 1	 -42.4294	  173.4067
7.065	 2.19	 1	 -42.2099	  173.6439
7.066	 2.35	 3	 -42.4835	  172.9300
7.068	 2.79	 1	 -42.4475	  170.7914
7.068	 2.85	 1	 -41.5190	  174.4528
7.069	 2.11	 1	 -42.7312	  172.7748
7.070	 2.71	 2	 -42.2562	  173.8171
7.071	 2.31	 4	 -42.5407	  173.2073
7.071	 2.42	 3	 -42.2900	  173.4116
7.071	 2.15	 2	 -42.1000	  173.5784
7.072	 2.19	 1	 -42.4231	  173.3291
7.072	 2.26	 3	 -42.6335	  173.4417
7.074	 2.28	 1	 -41.7366	  174.3658
7.078	 2.14	 2	 -41.8461	  173.9725
7.080	 2.36	 2	 -42.4531	  173.8992
7.081	 2.01	 1	 -42.5136	  173.2750
7.082	 2.14	 1	 -41.7891	  174.2566
7.083	 2.86	 1	 -42.1736	  173.8861
7.084	 2.02	 1	 -41.9873	  173.8360
7.085	 2.06	 2	 -41.6610	  174.2460
7.087	 2.03	 1	 -42.5941	  173.8657
7.091	 2.65	 1	 -41.7521	  174.3095
7.094	 3.27	 1	 -42.2041	  173.7405
7.094	 2.26	 3	 -42.2529	  173.6400
7.095	 2.17	 1	 -41.9830	  173.7807
7.095	 2.00	 1	 -42.0856	  173.8863
7.096	 2.31	 1	 -41.6896	  174.1972
7.098	 2.31	 1	 -42.2332	  173.7351
7.100	 2.09	 1	 -42.5211	  174.0272
7.101	 2.26	 2	 -41.7342	  174.5769
7.102	 2.05	 1	 -41.9250	  174.4753
7.102	 2.04	 3	 -42.5589	  173.2836
7.105	 2.04	 3	 -42.0741	  173.6865
7.105	 2.97	 1	 -42.5757	  172.6012
7.106	 2.41	 1	 -42.3008	  173.9271
7.107	 2.16	 1	 -42.1334	  173.5987
7.107	 2.47	 5	 -41.7246	  174.3648
7.110	 3.26	 3	 -42.4928	  174.5379
7.112	 2.21	 1	 -42.2794	  173.7170
7.112	 2.16	 1	 -42.2112	  173.6013
7.113	 2.26	 1	 -41.9891	  174.2422
7.115	 3.98	 2	 -42.2133	  173.7419
7.115	 2.27	 1	 -42.5022	  173.1234
7.115	 2.00	 1	 -42.1567	  173.6443
7.116	 2.02	 2	 -41.7194	  174.1572
7.116	 2.26	 3	 -42.8291	  172.8315
7.116	 2.10	 2	 -42.5344	  173.0935
7.117	 3.37	 1	 -41.8318	  174.6614
7.118	 2.65	 1	 -42.3251	  173.9557
7.120	 2.06	 1	 -42.2295	  173.5106
7.126	 2.24	 3	 -42.5432	  172.9072
7.126	 2.52	 1	 -41.7243	  174.1850
7.128	 2.16	 1	 -42.7536	  173.0266
7.128	 2.70	 1	 -42.0879	  174.1125
7.130	 2.25	 1	 -42.5076	  172.7216
7.131	 2.20	 1	 -42.0162	  173.7250
7.134	 4.17	 1	 -42.1059	  173.7157
7.134	 2.10	 2	 -42.7104	  173.0568
7.135	 2.61	 1	 -42.1054	  173.7883
7.135	 2.18	 1	 -42.1005	  173.8179
7.135	 2.43	 2	 -42.2377	  173.5749
7.136	 2.22	 3	 -42.2078	  173.2238
7.137	 2.39	 3	 -42.6630	  173.0009
7.137	 2.09	 1	 -42.3303	  173.7506
7.138	 2.15	 1	 -42.0379	  173.7174
7.139	 3.06	 1	 -42.0780	  173.6372
7.140	 2.55	 1	 -42.3565	  173.4841
7.141	 2.53	 2	 -41.9283	  173.8757
7.144	 2.47	 1	 -42.3289	  173.4271
7.146	 2.08	 1	 -41.9819	  173.7303
7.147	 2.29	 2	 -42.1727	  173.8861
7.148	 2.26	 2	 -41.8834	  173.6332
7.148	 3.03	 3	 -42.6241	  173.0515
7.150	 2.59	 1	 -41.6701	  174.3104
7.152	 2.09	 2	 -41.7186	  174.4008
7.152	 2.66	 2	 -43.4821	  171.8077
7.152	 2.11	 4	 -42.1518	  174.0206
7.153	 2.16	 2	 -42.6586	  172.8195
7.154	 2.22	 1	 -42.3049	  173.7551
7.155	 2.65	 4	 -42.5844	  172.9039
7.155	 2.02	 1	 -41.6968	  174.1416
7.158	 2.60	 1	 -42.3802	  174.0020
7.158	 2.70	 1	 -42.3867	  173.3930
7.159	 2.32	 1	 -42.4801	  172.7020
7.160	 3.04	 2	 -41.8138	  174.0739
7.161	 2.04	 1	 -41.8046	  174.2432
7.164	 2.04	 1	 -42.2859	  173.5711
7.165	 2.67	 1	 -41.7349	  174.2204
7.165	 2.06	 1	 -42.2240	  173.9955
7.170	 2.33	 3	 -42.5426	  172.9614
7.171	 2.32	 1	 -42.8104	  173.8505
7.178	 2.69	 1	 -42.4543	  173.1881
7.178	 2.31	 1	 -41.5779	  174.0801
7.179	 2.01	 2	 -41.8563	  173.9911
7.180	 2.03	 3	 -41.7372	  174.5903
7.181	 2.43	 3	 -42.2168	  172.8705
7.182	 2.19	 1	 -42.5023	  173.1626
7.182	 2.35	 1	 -41.8473	  173.6168
7.182	 2.45	 1	 -41.8627	  174.5500
7.185	 2.08	 2	 -42.5339	  173.9526
7.186	 2.02	 4	 -42.5975	  172.9392
7.186	 2.14	 2	 -42.1785	  173.4406
7.186	 2.08	 1	 -42.6020	  173.1217
7.187	 2.01	 3	 -42.4989	  173.0109
7.188	 2.14	 1	 -42.2442	  173.8372
7.188	 2.63	 2	 -41.7076	  174.2957
7.189	 2.35	 1	 -41.9165	  174.0277
7.194	 2.02	 1	 -42.3841	  173.1593
7.195	 2.20	 1	 -42.3136	  173.7482
7.195	 2.33	 1	 -42.3461	  173.5376
7.198	 2.06	 1	 -43.2357	  174.2697
7.200	 2.16	 1	 -41.9197	  172.3820
7.200	 2.06	 2	 -43.3261	  172.2700
7.201	 3.15	 1	 -41.7960	  174.2502
7.201	 2.24	 2	 -41.5023	  174.4809
7.202	 2.19	 2	 -42.4538	  174.0443
7.203	 2.03	 1	 -42.2136	  173.6530
7.205	 2.16	 1	 -41.7284	  174.2801
7.208	 2.59	 3	 -42.9022	  172.7262
7.209	 2.39	 1	 -41.8223	  174.2886
7.215	 2.36	 2	 -41.8814	  173.9303
7.218	 2.25	 1	 -41.8691	  175.1596
7.219	 2.82	 2	 -42.3883	  173.1656
7.221	 2.71	 1	 -41.7612	  174.3605
7.222	 2.07	 1	 -41.6446	  174.1901
7.225	 2.10	 1	 -42.5517	  173.8808
7.226	 2.17	 4	 -43.3078	  174.6122
7.229	 2.01	 2	 -42.0076	  173.7709
7.230	 2.31	 1	 -41.9366	  174.1274
7.230	 2.97	 3	 -42.2132	  173.7447
7.233	 2.49	 1	 -42.2303	  174.1137
7.237	 2.33	 1	 -42.2787	  173.5454
7.239	 2.04	 2	 -42.0798	  173.7784
7.240	 2.45	 1	 -41.7750	  174.1783
7.244	 2.30	 3	 -42.8170	  173.1502
7.246	 3.12	 1	 -42.3361	  173.9313
7.246	 2.09	 2	 -42.8960	  170.0795
7.246	 2.24	 1	 -42.3305	  173.6155
7.247	 2.12	 4	 -41.8029	  174.2395
7.249	 2.28	 1	 -42.1682	  173.5460
7.250	 2.28	 3	 -42.5341	  172.6960
7.250	 2.86	 1	 -41.7836	  174.3967
7.251	 2.12	 1	 -43.4338	  173.3270
7.252	 2.45	 1	 -42.1461	  173.6254
7.252	 2.16	 1	 -42.2644	  173.8707
7.253	 2.11	 3	 -42.6022	  172.7738
7.254	 3.59	 2	 -42.1379	  173.5772
7.258	 2.11	 3	 -42.3164	  173.5914
7.258	 3.13	 3	 -42.3622	  173.0658
7.259	 2.60	 3	 -42.4538	  172.8106
7.260	 2.30	 1	 -41.8561	  173.2321
7.260	 2.12	 1	 -41.6723	  174.3121
7.264	 2.49	 1	 -42.1613	  173.7527
7.265	 2.21	 3	 -42.6438	  172.1390
7.268	 3.71	 4	 -43.5912	  172.0563
7.268	 2.26	 2	 -42.0493	  173.3112
7.270	 2.86	 5	 -41.7655	  172.7059
7.270	 2.93	 1	 -42.6675	  172.7745
7.271	 2.17	 2	 -41.8758	  174.2346
7.272	 2.48	 3	 -42.5620	  173.3607
7.272	 2.00	 1	 -42.4544	  173.1567
7.272	 2.19	 3	 -42.4558	  168.7068
7.273	 2.08	 1	 -41.7270	  173.5877
7.274	 2.06	 3	 -42.5397	  173.0158
7.275	 2.45	 1	 -42.3815	  173.2926
7.275	 2.73	 3	 -42.2664	  173.8735
7.275	 3.70	 2	 -41.9262	  174.1360
7.279	 2.31	 1	 -41.8195	  174.2931
7.280	 2.20	 1	 -42.4064	  173.6455
7.283	 2.50	 2	 -42.3889	  173.3983
7.285	 2.28	 1	 -41.7029	  174.3512
7.286	 2.31	 1	 -41.3759	  174.0426
7.286	 3.23	 1	 -42.5966	  173.1210
7.287	 2.64	 1	 -42.2283	  174.1173
7.288	 2.23	 1	 -41.7879	  174.3020
7.289	 2.53	 3	 -42.1506	  173.5983
7.289	 2.14	 1	 -42.4392	  173.8244
7.291	 2.38	 1	 -41.8747	  174.5846
7.291	 2.72	 1	 -41.4272	  172.6676
7.292	 2.36	 1	 -41.7035	  174.2040
7.292	 2.72	 2	 -42.2572	  173.8766
7.296	 2.36	 1	 -42.4144	  173.1493
7.296	 2.08	 1	 -41.7770	  174.2798
7.297	 2.01	 2	 -41.8116	  174.3391
7.298	 2.12	 1	 -41.8891	  173.9145
7.301	 2.30	 1	 -44.7738	  169.0238
7.301	 2.31	 1	 -42.5418	  173.1771
7.302	 2.06	 3	 -41.9340	  174.1370
7.304	 2.11	 1	 -42.0763	  173.5920
7.304	 2.30	 1	 -42.3873	  173.5623
7.305	 2.14	 1	 -41.6198	  174.4007
7.305	 2.76	 1	 -41.6980	  174.2260
7.305	 2.56	 3	 -42.3963	  173.1284
7.308	 2.64	 2	 -42.1455	  173.4763
7.310	 2.35	 1	 -42.4280	  173.2510
7.311	 2.89	 1	 -41.0424	  171.3566
7.311	 3.02	 2	 -42.4077	  173.6996
7.311	 2.53	 1	 -41.5397	  173.8681
7.312	 2.69	 1	 -42.0372	  173.7523
7.314	 2.82	 1	 -41.9724	  173.6818
7.314	 2.68	 1	 -41.6723	  174.5110
7.319	 3.26	 1	 -42.0289	  173.4289
7.320	 2.07	 3	 -42.2118	  173.7301
7.320	 2.09	 2	 -41.0579	  171.4736
7.322	 2.62	 3	 -42.5792	  172.9925
7.323	 2.11	 2	 -41.7985	  174.1639
7.325	 2.21	 2	 -41.7003	  174.1974
7.325	 2.21	 1	 -41.7676	  174.2641
7.326	 2.17	 1	 -41.6677	  174.2328
7.327	 2.31	 1	 -41.7853	  174.2371
7.327	 2.46	 3	 -42.5675	  173.0415
7.332	 2.65	 1	 -42.3056	  173.6935
7.335	 2.20	 1	 -42.2910	  173.6761
7.335	 4.03	 1	 -42.4176	  173.7612
7.336	 2.82	 3	 -42.3612	  174.6776
7.339	 2.12	 3	 -41.9272	  173.9150
7.341	 2.64	 2	 -41.4020	  174.3585
7.342	 2.02	 2	 -45.3714	  175.9827
7.342	 2.02	 1	 -42.5582	  172.9328
7.344	 2.45	 3	 -41.5938	  174.2951
7.347	 2.05	 3	 -42.4632	  172.7563
7.347	 2.06	 1	 -42.3174	  173.7050
7.348	 2.55	 1	 -42.2382	  173.6170
7.349	 2.57	 2	 -42.3492	  174.8270
7.350	 2.22	 2	 -42.3791	  173.9933
7.351	 2.34	 4	 -42.5703	  173.8099
7.351	 2.31	 3	 -42.4843	  173.9991
7.352	 2.55	 2	 -42.3476	  173.1937
7.352	 2.27	 1	 -42.1944	  174.0420
7.352	 2.21	 1	 -42.6456	  173.0222
7.353	 2.09	 1	 -42.2839	  173.0420
7.356	 2.56	 2	 -42.2350	  174.1101
7.358	 2.09	 1	 -40.3183	  172.2525
7.358	 2.19	 1	 -41.5473	  174.2544
7.361	 2.68	 2	 -41.8318	  174.3123
7.362	 2.25	 1	 -41.7620	  174.0006
7.363	 3.03	 1	 -42.3607	  173.6445
7.365	 2.15	 1	 -41.6588	  174.2515
7.366	 2.83	 3	 -43.5693	  173.8227
7.368	 2.02	 1	 -42.2708	  173.8620
7.369	 2.06	 1	 -42.4074	  173.1259
7.371	 2.35	 2	 -42.2749	  173.6432
7.373	 2.35	 2	 -42.2448	  173.9373
7.379	 2.72	 1	 -43.1711	  172.4648
7.379	 2.49	 3	 -42.2324	  173.7873
7.379	 2.83	 3	 -42.1305	  173.6810
7.380	 2.03	 2	 -42.4294	  173.7195
7.381	 2.24	 1	 -42.3924	  173.6243
7.383	 2.63	 2	 -41.6965	  174.3423
7.383	 2.01	 2	 -41.6368	  172.7111
7.385	 2.20	 1	 -42.5793	  173.8098
7.386	 3.83	 1	 -42.2984	  173.6147
7.386	 3.13	 2	 -42.3470	  174.0648
7.387	 2.19	 1	 -42.6415	  172.8641
7.387	 2.16	 1	 -42.4350	  173.0265
7.387	 2.35	 1	 -41.7207	  174.1850
7.389	 2.61	 1	 -42.3039	  172.6459
7.389	 2.33	 3	 -42.4514	  172.8965
7.391	 2.03	 1	 -42.0087	  174.0555
7.392	 2.14	 1	 -41.6361	  174.2641
7.392	 2.10	 1	 -42.1611	  173.8610
7.392	 2.11	 1	 -42.4240	  172.9589
7.393	 2.01	 2	 -42.6553	  172.9439
7.395	 2.23	 1	 -41.8171	  174.2567
7.395	 2.67	 3	 -42.3879	  172.6854
7.398	 3.17	 1	 -42.5617	  173.0778
7.399	 2.28	 2	 -41.9522	  173.9592
7.399	 2.20	 2	 -42.3133	  173.9666
7.402	 2.36	 4	 -42.6021	  172.7877
7.405	 2.02	 2	 -41.7815	  174.1771
7.405	 2.67	 3	 -42.6660	  173.0823
7.406	 2.57	 1	 -42.3479	  173.9036
7.408	 2.52	 1	 -41.6967	  173.7687
7.409	 2.49	 1	 -41.8788	  174.0010
7.410	 2.06	 1	 -42.2530	  173.5695
7.411	 2.00	 2	 -42.0600	  173.2976
7.413	 2.07	 1	 -42.5768	  173.3298
7.413	 2.16	 1	 -42.5965	  173.1278
7.414	 2.11	 2	 -42.4811	  173.8689
7.414	 2.02	 3	 -41.9285	  174.1476
7.416	 2.47	 2	 -42.5696	  173.1857
7.416	 2.29	 1	 -41.9579	  173.8635
7.418	 2.20	 2	 -41.8171	  174.2131
7.418	 2.39	 1	 -42.8277	  173.2718
7.419	 2.82	 1	 -41.9502	  174.2700
7.420	 2.00	 3	 -42.4458	  173.7214
7.421	 2.77	 1	 -42.3907	  173.5766
7.421	 2.27	 2	 -42.4306	  173.7741
7.423	 2.65	 3	 -42.5571	  173.0628
7.423	 2.15	 1	 -42.0838	  173.7384
7.424	 2.44	 1	 -42.1016	  173.8112
7.424	 2.16	 1	 -41.7462	  174.2897
7.428	 2.27	 3	 -43.8096	  175.6902
7.431	 2.01	 1	 -42.2239	  172.8932
7.431	 2.04	 2	 -42.2406	  173.6519
7.431	 2.72	 3	 -41.5089	  174.4295
7.434	 3.93	 3	 -42.6328	  173.0309
7.437	 2.50	 1	 -41.3131	  173.6831
7.437	 2.61	 4	 -42.2201	  172.6561
7.438	 4.12	 1	 -42.7645	  172.9984
7.439	 2.96	 4	 -42.1433	  174.0093
7.441	 2.55	 2	 -42.5931	  172.9160
7.446	 2.42	 2	 -42.2938	  173.5661
7.448	 2.24	 3	 -41.6729	  174.1186
7.448	 2.94	 3	 -42.6099	  172.9987
7.451	 2.07	 1	 -41.6528	  174.2467
7.458	 2.31	 2	 -42.3755	  173.7858
7.459	 2.11	 1	 -42.7135	  173.2622
7.460	 2.83	 1	 -42.5937	  172.4644
7.460	 2.08	 1	 -42.3459	  173.0121
7.461	 2.05	 2	 -41.4945	  174.4375
7.463	 2.60	 1	 -42.8803	  172.9311
7.464	 2.31	 2	 -42.2937	  173.7001
7.465	 2.24	 1	 -41.7268	  175.0012
7.467	 2.28	 3	 -42.7583	  172.3110
7.467	 2.08	 1	 -41.7856	  174.1962
7.468	 2.04	 1	 -42.7414	  173.4496
7.469	 2.11	 1	 -41.9526	  174.0148
7.470	 2.26	 3	 -42.6322	  173.0868
7.471	 3.38	 1	 -41.6812	  172.6246
7.471	 2.25	 1	 -41.9772	  173.5563
7.472	 2.09	 1	 -42.5485	  172.8278
7.473	 2.22	 2	 -42.2554	  173.7924
7.475	 2.83	 1	 -42.3249	  174.0465
7.477	 2.15	 1	 -42.0529	  173.7038
7.483	 3.32	 1	 -42.2022	  173.9289
7.483	 2.44	 1	 -42.6649	  172.7944
7.484	 2.17	 1	 -42.5003	  173.7782
7.485	 2.13	 4	 -41.5124	  174.2910
7.486	 2.08	 1	 -41.5247	  171.6110
7.487	 2.10	 1	 -42.2730	  173.5549
7.488	 2.11	 1	 -42.3135	  173.8914
7.488	 2.62	 2	 -42.4631	  173.9221
7.489	 3.69	 1	 -41.8125	  174.0435
7.494	 2.39	 1	 -42.2423	  173.6156
7.494	 2.39	 1	 -41.9897	  173.7001
7.494	 2.68	 1	 -41.9960	  173.7387
7.495	 2.14	 1	 -41.8879	  173.1755
7.496	 2.29	 2	 -42.1699	  173.7846
7.496	 2.10	 1	 -42.4652	  173.3577
7.496	 2.48	 1	 -42.3247	  173.8070
7.498	 2.19	 2	 -43.4930	  171.8175
7.500	 2.00	 2	 -42.6042	  173.1238
7.504	 2.03	 1	 -42.3756	  173.1200
7.505	 2.12	 4	 -42.3880	  172.7737
7.506	 2.10	 1	 -42.8016	  173.0532
7.509	 2.70	 1	 -41.7583	  174.1856
7.509	 2.22	 2	 -41.7261	  173.8424
7.510	 2.22	 1	 -42.2701	  173.5921
7.513	 2.00	 1	 -42.1495	  173.5695
7.514	 2.50	 3	 -41.5078	  174.4296
7.514	 2.47	 2	 -41.9752	  173.7473
7.516	 2.38	 1	 -38.9379	  169.4263
7.518	 2.00	 1	 -42.3167	  173.8380
7.519	 2.28	 3	 -42.5890	  173.0303
7.521	 2.52	 1	 -42.1384	  173.6617
7.522	 4.00	 1	 -41.9484	  173.6579
7.522	 2.08	 1	 -41.9535	  171.7892
7.527	 2.73	 1	 -42.6515	  172.8290
7.527	 2.54	 1	 -42.4163	  173.5992
7.529	 5.77	 2	 -41.9001	  173.6001
7.529	 2.02	 3	 -41.8807	  173.6766
7.529	 2.30	 1	 -42.7222	  173.3974
7.530	 2.87	 1	 -41.7146	  174.1948
7.530	 2.22	 3	 -41.9022	  173.5686
7.531	 2.34	 3	 -41.8110	  173.5880
7.532	 2.40	 3	 -41.9545	  173.6600
7.532	 2.94	 3	 -41.8821	  173.6766
7.532	 3.34	 3	 -41.8952	  173.6207
7.532	 2.04	 1	 -42.5147	  172.5135
7.533	 2.59	 2	 -41.6853	  172.5680
7.535	 2.43	 3	 -41.9052	  173.5993
7.536	 2.97	 1	 -42.2270	  173.4746
7.536	 2.82	 1	 -42.3842	  173.3230
7.538	 2.80	 1	 -42.2267	  173.9958
7.538	 2.06	 3	 -41.9300	  173.5875
7.539	 2.49	 4	 -42.6208	  173.0263
7.541	 2.36	 1	 -41.9986	  173.6433
7.542	 4.46	 1	 -41.8322	  174.3366
7.542	 2.81	 3	 -41.9418	  173.8587
7.543	 2.81	 3	 -41.8671	  173.5022
7.544	 2.66	 1	 -42.6212	  172.9684
7.544	 2.00	 2	 -41.7252	  174.3616
7.544	 2.30	 3	 -41.6200	  173.7957
7.545	 2.45	 3	 -41.9620	  173.5615
7.545	 2.64	 1	 -42.1098	  174.7745
7.545	 2.23	 1	 -42.8397	  173.0377
7.546	 2.40	 1	 -42.5763	  173.4356
7.547	 3.97	 3	 -41.7579	  173.5780
7.548	 2.28	 3	 -41.9310	  173.7593
7.549	 2.63	 2	 -41.7957	  174.3106
7.549	 2.33	 3	 -44.0572	  171.1137
7.550	 2.44	 3	 -41.8994	  173.5612
7.552	 2.35	 1	 -41.9088	  174.1858
7.554	 2.82	 3	 -42.2889	  173.4158
7.555	 2.60	 1	 -42.8006	  172.8915
7.558	 2.36	 3	 -42.1613	  173.5088
7.558	 2.47	 3	 -41.8664	  173.6129
7.559	 2.06	 1	 -41.9855	  173.5999
7.561	 2.36	 3	 -42.7498	  172.5222
7.562	 2.29	 2	 -42.6585	  172.8168
7.563	 2.06	 1	 -42.1888	  173.5326
7.565	 2.59	 2	 -44.7425	  178.7793
7.566	 2.13	 3	 -41.8229	  173.5859
7.566	 3.26	 3	 -41.9013	  173.6250
7.567	 2.07	 1	 -42.2625	  173.7642
7.568	 2.09	 2	 -42.2874	  173.6881
7.569	 3.05	 2	 -41.9488	  173.6771
7.570	 2.54	 1	 -42.3254	  173.7673
7.571	 2.82	 1	 -42.2994	  173.7001
7.571	 2.07	 1	 -41.7448	  174.2575
7.572	 3.08	 2	 -41.8965	  173.5647
7.575	 2.15	 2	 -41.8410	  174.3242
7.577	 2.22	 2	 -41.5039	  174.3838
7.577	 3.26	 2	 -42.6242	  172.9526
7.578	 2.47	 1	 -42.1439	  173.7570
7.580	 2.47	 1	 -42.1838	  173.7431
7.580	 2.14	 1	 -42.4466	  173.2267
7.583	 3.86	 1	 -42.6106	  172.8752
7.583	 2.79	 1	 -41.8833	  173.9938
7.583	 2.20	 2	 -41.7814	  174.2676
7.585	 2.11	 1	 -42.2275	  173.6871
7.587	 2.40	 3	 -41.8245	  173.3381
7.591	 2.76	 1	 -42.1041	  173.8718
7.591	 2.53	 1	 -42.4944	  173.1617
7.591	 2.00	 1	 -42.6167	  172.8978
7.593	 2.53	 1	 -42.0922	  173.9326
7.595	 2.49	 1	 -41.7185	  174.3779
7.595	 2.33	 2	 -41.0497	  171.3756
7.598	 2.04	 3	 -41.9642	  173.4970
7.598	 2.32	 2	 -41.6970	  174.1872
7.601	 3.30	 1	 -42.0694	  174.2986
7.602	 3.02	 1	 -42.0543	  173.5130
7.603	 2.96	 3	 -41.8443	  173.7337
7.603	 2.57	 1	 -41.9881	  173.6588
7.604	 2.23	 2	 -42.5258	  173.0650
7.604	 4.76	 2	 -41.8063	  174.0518
7.605	 2.21	 1	 -42.6175	  173.3271
7.607	 2.31	 2	 -41.9566	  173.6839
7.607	 2.57	 1	 -42.2289	  173.5788
7.608	 3.91	 1	 -42.2321	  173.7349
7.609	 2.19	 1	 -41.9686	  173.7706
7.609	 2.47	 1	 -41.5682	  173.3008
7.610	 2.05	 3	 -37.6744	  171.5346
7.610	 3.23	 3	 -41.9471	  173.7778
7.611	 2.29	 1	 -42.3929	  173.3951
7.612	 3.13	 1	 -42.2674	  174.0151
7.615	 2.08	 3	 -41.7798	  174.0794
7.615	 2.75	 1	 -42.4501	  173.0660
7.615	 2.16	 1	 -41.4868	  174.6710
7.617	 2.17	 1	 -42.4336	  173.1808
7.617	 2.01	 2	 -41.9000	  173.7106
7.618	 3.02	 2	 -42.7449	  172.8406
7.619	 2.60	 1	 -42.0908	  173.8304
7.621	 2.88	 3	 -42.5453	  173.0392
7.621	 3.05	 2	 -42.6785	  172.7873
7.621	 2.13	 1	 -42.4625	  174.0050
7.621	 2.31	 3	 -42.6274	  172.9529
7.623	 2.51	 3	 -41.8757	  173.5817
7.624	 2.33	 3	 -41.6805	  173.8541
7.625	 2.45	 1	 -42.4353	  173.7697
7.628	 2.26	 1	 -42.1472	  173.5935
7.629	 2.20	 1	 -41.5610	  174.1793
7.630	 2.35	 3	 -42.1897	  174.4528
7.630	 2.76	 1	 -42.2894	  173.3629
7.630	 2.49	 4	 -45.7285	  168.5624
7.630	 2.32	 1	 -41.6975	  174.4060
7.632	 2.05	 1	 -42.1836	  173.5773
7.633	 3.30	 2	 -41.8923	  174.3942
7.633	 2.13	 2	 -42.2873	  173.6683
7.634	 2.82	 3	 -42.6259	  173.0245
7.634	 2.08	 3	 -41.7953	  173.8858
7.636	 2.03	 3	 -41.8413	  174.0050
7.638	 2.97	 1	 -42.5930	  173.1178
7.641	 2.24	 3	 -41.8307	  173.4571
7.641	 2.13	 1	 -41.5560	  173.9611
7.645	 2.86	 2	 -43.7772	  174.9936
7.647	 2.06	 1	 -42.4064	  173.3269
7.647	 2.36	 1	 -41.8578	  173.9505
7.647	 2.38	 3	 -44.7293	  178.7880
7.648	 2.34	 3	 -41.9113	  173.5189
7.649	 2.02	 1	 -42.4307	  173.1411
7.649	 2.26	 1	 -42.5741	  172.9301
7.649	 2.18	 1	 -42.3695	  172.8811
7.650	 2.05	 1	 -41.7669	  174.2331
7.650	 2.04	 3	 -45.7948	  176.6194
7.650	 2.01	 1	 -42.8828	  172.8924
7.651	 3.09	 1	 -42.1459	  173.5730
7.652	 2.22	 2	 -42.4193	  174.0231
7.652	 2.17	 1	 -42.4830	  173.3628
7.652	 2.38	 3	 -41.8467	  173.5728
7.653	 2.38	 1	 -42.3402	  173.8429
7.653	 2.25	 4	 -42.5810	  172.9574
7.653	 3.29	 1	 -42.4097	  174.0596
7.658	 2.27	 1	 -42.2224	  173.7259
7.658	 2.42	 2	 -41.7115	  174.2706
7.658	 2.18	 1	 -42.0349	  173.8624
7.659	 2.45	 3	 -44.2931	  173.5377
7.660	 2.04	 1	 -41.7387	  174.3158
7.661	 2.01	 1	 -41.7622	  174.2545
7.661	 2.98	 2	 -42.1824	  173.5832
7.661	 2.54	 2	 -41.7192	  174.1578
7.664	 2.32	 1	 -41.7210	  174.3557
7.667	 3.46	 3	 -41.7650	  173.6331
7.667	 2.55	 1	 -41.8286	  174.3776
7.668	 4.04	 3	 -41.9563	  173.4125
7.668	 2.41	 3	 -41.8943	  173.4032
7.669	 2.49	 3	 -43.1637	  172.7544
7.672	 2.02	 1	 -42.2563	  173.6377
7.672	 2.06	 1	 -42.2589	  172.7687
7.674	 2.61	 2	 -41.8181	  174.2849
7.675	 2.08	 3	 -41.9519	  173.4971
7.676	 2.17	 1	 -41.9392	  173.9465
7.676	 2.14	 2	 -42.2246	  173.6389
7.677	 2.36	 3	 -41.8423	  174.0735
7.677	 2.60	 3	 -41.8770	  173.5858
7.677	 2.19	 2	 -41.8549	  174.3341
7.678	 2.42	 1	 -42.2576	  173.6961
7.678	 2.30	 2	 -41.7965	  174.2535
7.678	 2.05	 1	 -41.9059	  173.7100
7.678	 2.38	 1	 -41.7806	  174.2941
7.679	 2.72	 1	 -42.3343	  173.9795
7.679	 2.03	 1	 -42.6134	  172.9715
7.680	 2.06	 1	 -42.5579	  173.9700
7.681	 2.53	 2	 -42.4122	  173.6079
7.682	 2.22	 1	 -41.7827	  174.4792
7.682	 2.31	 1	 -41.5797	  174.2021
7.682	 2.78	 2	 -41.8403	  174.3409
7.682	 2.66	 1	 -42.3824	  173.6894
7.683	 2.07	 1	 -41.6409	  174.3249
7.683	 2.13	 3	 -41.5647	  174.3862
7.685	 2.28	 2	 -41.7597	  174.3217
7.686	 2.05	 4	 -41.8919	  173.6142
7.687	 2.06	 3	 -41.8771	  173.5614
7.687	 2.07	 1	 -42.3824	  173.7976
7.689	 3.96	 3	 -41.9285	  173.6824
7.689	 2.57	 2	 -42.2407	  173.0804
7.689	 2.14	 1	 -42.7106	  172.3218
7.691	 2.56	 3	 -41.8095	  173.6135
7.692	 2.81	 1	 -41.3277	  174.4392
7.694	 2.07	 2	 -42.6551	  174.3872
7.695	 3.34	 1	 -42.3696	  173.9387
7.695	 2.16	 3	 -41.9075	  173.5563
7.696	 2.24	 2	 -42.3055	  173.8460
7.696	 2.94	 3	 -41.8712	  173.5388
7.697	 3.13	 1	 -42.1988	  173.7254
7.699	 2.06	 1	 -42.5834	  173.0559
7.699	 2.23	 3	 -42.6119	  172.9688
7.699	 2.59	 1	 -42.5769	  172.9328
7.700	 2.47	 1	 -42.3618	  173.5177
7.700	 2.66	 3	 -42.2558	  173.7258
7.701	 2.30	 2	 -42.2926	  174.1086
7.704	 2.13	 3	 -42.5159	  172.9084
7.704	 2.39	 3	 -42.0857	  173.5530
7.705	 2.61	 2	 -41.7097	  174.2459
7.705	 3.15	 3	 -41.8311	  174.3125
7.707	 2.27	 2	 -37.8471	  174.3714
7.707	 2.24	 3	 -41.7763	  174.1369
7.707	 2.46	 4	 -41.8089	  174.3653
7.707	 2.13	 1	 -42.3137	  173.1959
7.708	 2.01	 1	 -42.3121	  173.7734
7.708	 2.43	 1	 -42.1128	  172.9212
7.712	 2.10	 2	 -41.9282	  174.0871
7.712	 2.47	 1	 -42.2422	  173.6240
7.715	 2.29	 1	 -42.2174	  173.8888
7.717	 2.41	 1	 -42.2185	  173.6901
7.719	 2.12	 1	 -42.8963	  174.3548
7.720	 2.14	 3	 -41.6907	  174.1796
7.720	 2.37	 1	 -42.3830	  173.5473
7.720	 2.11	 1	 -42.2461	  173.7375
7.721	 2.08	 1	 -44.9715	  169.4441
7.726	 2.09	 3	 -43.7717	  174.9910
7.726	 2.21	 2	 -42.7743	  173.0361
7.727	 2.51	 3	 -37.8427	  174.3828
7.727	 2.19	 3	 -42.6060	  173.8896
7.728	 2.31	 2	 -42.0156	  174.3295
7.730	 2.25	 3	 -42.7494	  173.4568
7.730	 3.84	 1	 -40.0316	  172.5112
7.733	 2.01	 1	 -42.1804	  173.5597
7.735	 2.37	 1	 -41.6018	  174.2984
7.736	 2.39	 3	 -42.0979	  173.3593
7.736	 2.61	 1	 -41.9511	  173.9709
7.736	 2.00	 2	 -42.6025	  172.8666
7.737	 2.23	 1	 -42.3474	  174.0499
7.738	 2.34	 3	 -41.9444	  173.5968
7.738	 2.13	 2	 -42.4402	  173.3707
7.738	 2.77	 1	 -42.4790	  173.5959
7.742	 3.32	 1	 -42.4718	  173.1274
7.743	 2.85	 1	 -41.7275	  174.4296
7.744	 2.37	 2	 -41.6372	  174.2001
7.746	 2.41	 2	 -42.3043	  173.5970
7.747	 2.27	 2	 -42.1978	  173.6528
7.748	 2.11	 1	 -41.7637	  174.2406
7.751	 2.47	 3	 -40.4166	  167.5726
7.752	 2.01	 2	 -42.4757	  173.0537
7.753	 2.18	 4	 -42.2817	  173.4343
7.753	 2.29	 1	 -43.9435	  172.0663
7.756	 2.59	 3	 -41.9760	  173.0827
7.756	 2.26	 1	 -41.8686	  173.9857
7.757	 2.03	 1	 -41.7326	  174.3017
7.758	 2.39	 1	 -42.8969	  173.0713
7.759	 2.07	 1	 -41.8698	  174.1964
7.762	 2.62	 2	 -41.6689	  174.3097
7.762	 3.31	 3	 -41.9520	  173.8542
7.763	 2.11	 3	 -42.0000	  173.0054
7.765	 2.58	 1	 -42.5670	  173.3170
7.766	 2.77	 2	 -42.3372	  173.8593
7.766	 2.01	 1	 -41.6586	  174.1909
7.767	 2.47	 3	 -41.8880	  174.6060
7.767	 2.00	 3	 -41.9170	  173.5843
7.770	 2.00	 3	 -41.8809	  173.5342
7.771	 2.05	 1	 -41.8648	  174.1333
7.772	 2.07	 2	 -42.3579	  173.8263
7.772	 2.11	 1	 -41.9370	  173.5749
7.774	 2.05	 3	 -41.8237	  173.9942
7.774	 2.27	 5	 -43.6175	  172.0340
7.775	 3.13	 3	 -41.8928	  173.6961
7.778	 2.18	 1	 -41.7969	  174.2433
7.778	 2.08	 3	 -41.8199	  173.6048
7.778	 2.41	 3	 -41.6919	  173.7639
7.780	 2.05	 1	 -41.7421	  174.2556
7.782	 2.28	 1	 -42.2776	  173.7603
7.783	 2.10	 2	 -42.8924	  174.3541
7.785	 2.58	 2	 -42.5606	  173.8175
7.786	 2.53	 3	 -41.8506	  173.6395
7.786	 2.74	 2	 -42.3695	  172.8794
7.786	 2.29	 1	 -41.7152	  174.2625
7.788	 2.20	 1	 -41.9083	  174.0679
7.788	 2.69	 2	 -42.0823	  173.7082
7.788	 2.42	 1	 -42.4322	  173.3820
7.788	 2.32	 1	 -42.4232	  173.7948
7.788	 3.49	 2	 -42.1558	  174.0311
7.789	 2.03	 2	 -41.8174	  174.3391
7.791	 2.82	 1	 -41.6387	  174.2145
7.792	 2.34	 3	 -42.7423	  172.8732
7.793	 2.23	 1	 -41.7137	  174.3963
7.793	 2.38	 1	 -40.7427	  172.8918
7.793	 2.12	 2	 -42.2289	  173.5804
7.794	 3.58	 1	 -42.3433	  173.6648
7.795	 2.07	 3	 -42.2583	  172.9918
7.796	 2.96	 1	 -42.5103	  173.7912
7.796	 4.88	 1	 -42.7589	  173.1098
7.799	 2.01	 2	 -42.3905	  173.1578
7.800	 2.70	 1	 -41.9549	  174.0573
7.802	 2.00	 1	 -41.7907	  174.4876
7.802	 2.32	 3	 -42.2748	  173.4889
7.802	 2.18	 1	 -41.7858	  174.2315
7.802	 2.00	 1	 -42.3355	  173.0965
7.804	 2.95	 2	 -42.6358	  172.6348
7.804	 2.19	 3	 -42.2751	  174.7656
7.804	 2.14	 1	 -42.3653	  173.9460
7.805	 2.05	 3	 -42.5874	  172.9388
7.806	 2.47	 2	 -42.8641	  173.9699
7.807	 2.29	 1	 -41.3583	  174.2921
7.808	 2.17	 2	 -41.8519	  174.3358
7.809	 2.18	 3	 -41.8171	  174.0289
7.810	 2.89	 2	 -42.5301	  173.0279
7.810	 2.03	 1	 -42.1565	  173.6224
7.810	 2.71	 3	 -42.1665	  174.0282
7.811	 2.17	 1	 -42.4874	  173.0214
7.812	 2.17	 3	 -42.3203	  172.8950
7.818	 2.08	 1	 -41.6798	  174.2258
7.819	 3.56	 2	 -42.2510	  173.6598
7.819	 3.06	 3	 -42.5520	  173.3635
7.821	 2.10	 1	 -42.3462	  173.2677
7.824	 2.77	 1	 -45.5532	  169.9566
7.824	 2.15	 3	 -41.9600	  173.6065
7.824	 2.23	 2	 -42.1977	  173.5110
7.826	 3.64	 3	 -42.3671	  172.8446
7.828	 3.14	 2	 -42.7672	  173.1565
7.828	 2.07	 3	 -40.2997	  173.8927
7.828	 2.03	 2	 -42.7658	  173.1160
7.834	 2.34	 1	 -42.8369	  173.0594
7.836	 2.53	 3	 -41.7058	  174.9925
7.836	 2.03	 2	 -42.7712	  173.1511
7.839	 2.10	 4	 -41.9323	  173.7794
7.839	 2.34	 2	 -42.2450	  173.7424
7.840	 2.71	 1	 -42.3192	  173.9639
7.840	 2.68	 1	 -41.7842	  174.3513
7.841	 2.27	 1	 -42.5883	  172.9914
7.845	 2.16	 1	 -43.0889	  172.7557
7.845	 2.38	 3	 -41.8444	  173.4133
7.846	 2.75	 2	 -41.7172	  174.2270
7.846	 2.19	 1	 -42.1935	  173.4178
7.846	 3.24	 2	 -42.3502	  174.0512
7.847	 2.04	 2	 -41.8659	  174.2154
7.848	 2.07	 2	 -42.7969	  173.1239
7.850	 2.65	 2	 -42.3388	  173.7974
7.850	 2.53	 2	 -42.3634	  174.3681
7.850	 2.18	 1	 -42.2181	  173.5533
7.851	 2.03	 3	 -41.9124	  173.6293
7.852	 2.39	 1	 -41.6646	  174.1914
7.853	 2.41	 2	 -41.9374	  173.9004
7.855	 2.11	 1	 -42.0097	  173.6740
7.856	 2.99	 2	 -42.1708	  173.5566
7.856	 2.17	 1	 -42.4041	  173.2079
7.857	 2.36	 1	 -42.1642	  174.0360
7.858	 2.33	 3	 -41.8822	  173.8481
7.859	 2.32	 4	 -42.7374	  172.5065
7.860	 3.48	 3	 -42.4166	  174.0785
7.860	 2.25	 1	 -42.3984	  174.0375
7.861	 2.10	 3	 -41.9163	  173.6136
7.861	 2.89	 1	 -41.5884	  174.3960
7.863	 2.24	 3	 -42.4688	  173.8160
7.864	 2.44	 3	 -41.7772	  174.0685
7.864	 2.23	 3	 -41.7705	  173.4619
7.864	 2.05	 3	 -41.8634	  173.6052
7.865	 2.25	 3	 -42.5863	  172.8856
7.865	 2.02	 2	 -42.7728	  172.7675
7.865	 2.44	 1	 -42.1456	  173.7846
7.866	 2.31	 1	 -42.4529	  173.0593
7.867	 2.03	 3	 -42.3880	  173.5125
7.868	 2.62	 1	 -41.7532	  173.9770
7.868	 2.05	 1	 -42.0817	  173.7048
7.869	 2.88	 1	 -41.8230	  173.8899
7.870	 2.14	 3	 -41.8862	  173.6555
7.870	 2.90	 1	 -42.3010	  173.0337
7.872	 2.01	 1	 -41.7250	  174.2970
7.876	 2.06	 2	 -41.4811	  174.0868
7.877	 2.95	 3	 -41.8317	  173.6820
7.879	 2.45	 3	 -42.2828	  173.8478
7.880	 2.77	 1	 -42.6874	  174.0951
7.880	 2.16	 1	 -41.8329	  173.0193
7.881	 2.18	 1	 -42.7153	  172.7934
7.881	 3.47	 3	 -41.9265	  173.5817
7.882	 2.09	 3	 -41.9097	  173.6312
7.883	 2.23	 2	 -42.7539	  173.1479
7.884	 2.03	 1	 -42.6702	  173.2215
7.884	 2.71	 3	 -42.6482	  172.9957
7.885	 2.03	 3	 -42.5750	  172.9711
7.885	 2.08	 3	 -42.6118	  173.0422
7.886	 2.16	 2	 -41.5809	  174.9641
7.886	 2.47	 1	 -42.6154	  173.0296
7.887	 2.39	 1	 -41.7478	  174.1660
7.888	 2.76	 1	 -42.3926	  173.6070
7.889	 2.25	 1	 -42.4323	  172.9454
7.893	 2.84	 3	 -42.4312	  173.0115
7.896	 2.08	 2	 -42.0901	  173.9882
7.896	 2.57	 3	 -42.1272	  174.0286
7.897	 2.34	 1	 -42.1009	  173.7532
7.898	 2.31	 4	 -41.9195	  173.4256
7.898	 2.80	 2	 -42.4924	  173.1449
7.899	 2.11	 3	 -41.6015	  174.3840
7.903	 2.19	 2	 -42.3059	  173.9552
7.903	 2.05	 2	 -41.9556	  174.3331
7.905	 2.30	 1	 -41.7472	  174.2359
7.906	 2.84	 2	 -41.6070	  174.3951
7.907	 2.25	 1	 -42.3512	  173.7360
7.907	 2.17	 1	 -42.1509	  173.4671
7.908	 2.69	 1	 -42.1761	  173.7093
7.908	 2.73	 3	 -42.5047	  171.6874
7.910	 2.10	 3	 -42.5034	  172.7899
7.911	 2.41	 2	 -42.3805	  174.0181
7.911	 2.49	 1	 -42.5497	  173.2065
7.912	 2.35	 1	 -41.7298	  173.7632
7.912	 2.51	 1	 -41.7204	  174.2290
7.912	 2.11	 1	 -41.7946	  174.0425
7.913	 2.38	 1	 -42.5791	  173.0766
7.914	 2.37	 3	 -41.8084	  174.2539
7.916	 2.40	 1	 -42.3299	  173.3808
7.916	 2.41	 1	 -42.5969	  173.4789
7.917	 2.02	 1	 -42.5804	  173.1734
7.918	 2.16	 2	 -40.0541	  172.5906
7.919	 2.33	 3	 -42.0384	  173.5117
7.920	 2.18	 1	 -41.7144	  174.1400
7.921	 2.24	 1	 -41.6834	  174.2574
7.922	 2.68	 2	 -41.8182	  174.3412
7.923	 2.23	 1	 -42.0962	  173.8647
7.923	 2.23	 2	 -42.4133	  174.0530
7.924	 2.16	 3	 -42.3129	  174.4174
7.925	 2.14	 3	 -42.5867	  173.0922
7.926	 2.08	 1	 -41.7334	  174.4187
7.928	 2.29	 1	 -41.8096	  174.2408
7.929	 2.61	 1	 -42.3476	  173.5673
7.929	 2.08	 1	 -42.4192	  172.9432
7.932	 3.94	 1	 -41.8317	  173.7624
7.932	 2.23	 1	 -42.2488	  173.4628
7.934	 2.18	 3	 -41.9001	  173.5071
7.938	 2.06	 3	 -41.9056	  173.5628
7.939	 2.08	 3	 -41.8943	  173.5675
7.939	 2.68	 3	 -41.9181	  173.5673
7.943	 2.88	 1	 -41.7990	  174.3458
7.945	 2.88	 1	 -42.4561	  173.0555
7.946	 2.05	 1	 -42.8492	  173.3939
7.946	 2.49	 3	 -42.1485	  174.0237
7.947	 2.64	 1	 -42.2469	  173.8384
7.947	 2.40	 1	 -42.5743	  173.9970
7.948	 3.64	 2	 -42.7829	  173.1559
7.950	 2.33	 1	 -41.7053	  174.2969
7.950	 3.30	 1	 -42.5850	  172.9712
7.950	 3.18	 3	 -41.8925	  173.6351
7.950	 3.37	 1	 -41.6128	  174.1700
7.952	 2.82	 3	 -42.0334	  173.6363
7.952	 2.33	 1	 -42.6933	  173.0512
7.954	 3.68	 3	 -42.5929	  172.9980
7.955	 2.54	 1	 -42.7198	  174.1179
7.956	 2.33	 2	 -42.7489	  173.4766
7.956	 2.81	 3	 -42.6508	  173.0548
7.956	 2.08	 2	 -42.7552	  173.1245
7.958	 2.65	 1	 -42.5983	  173.0744
7.958	 2.30	 4	 -41.8473	  173.5737
7.961	 2.25	 1	 -41.5884	  174.4109
7.961	 2.75	 1	 -41.7806	  174.2542
7.963	 3.19	 1	 -41.9783	  173.0494
7.964	 2.15	 3	 -42.6093	  172.9759
7.964	 2.02	 3	 -42.1798	  173.7196
7.965	 2.09	 3	 -41.7773	  174.0585
7.965	 2.34	 1	 -41.7825	  174.2565
7.965	 2.43	 2	 -41.7537	  173.9794
7.967	 2.15	 3	 -41.1660	  172.8156
7.971	 2.27	 1	 -43.2023	  172.6593
7.975	 2.11	 1	 -41.8388	  174.3053
7.975	 2.24	 2	 -42.2379	  173.7962
7.977	 2.18	 1	 -42.3089	  172.9009
7.978	 2.26	 3	 -42.0479	  173.6214
7.980	 2.31	 2	 -43.4333	  171.3451
7.981	 2.02	 1	 -42.2138	  173.5854
7.981	 2.67	 1	 -41.6977	  174.2685
7.982	 2.24	 2	 -42.3427	  173.9817
7.982	 2.05	 1	 -42.4324	  172.8067
7.983	 2.21	 1	 -43.1030	  173.5696
7.984	 2.49	 2	 -41.8437	  173.7238
7.985	 4.06	 2	 -42.7681	  173.1400
7.985	 2.12	 1	 -42.2489	  173.9694
7.986	 2.34	 3	 -43.5768	  173.0268
7.986	 2.15	 4	 -42.5732	  173.0063
7.988	 2.17	 1	 -42.1015	  172.6859
7.988	 2.28	 3	 -42.0110	  172.9075
7.988	 2.31	 3	 -41.9040	  173.6127
7.989	 2.06	 4	 -41.8920	  173.6991
7.992	 2.53	 2	 -42.3986	  174.0086
7.995	 2.09	 1	 -41.7329	  174.2700
7.995	 2.28	 1	 -42.2628	  174.4987
7.995	 2.36	 4	 -42.2297	  173.7837
7.995	 2.00	 1	 -41.8352	  174.1602
7.998	 2.71	 1	 -42.4093	  172.9891
7.998	 2.25	 1	 -42.0083	  173.8069
7.999	 2.76	 2	 -40.0391	  172.5103
8.000	 2.93	 2	 -42.4469	  173.2565
8.001	 2.50	 1	 -41.9976	  173.9240
8.002	 2.46	 3	 -41.8857	  173.5779
8.003	 2.75	 1	 -42.1461	  173.5607
8.004	 2.28	 1	 -42.5331	  172.9276
8.006	 2.14	 1	 -42.2454	  174.0543
8.007	 2.40	 2	 -42.7894	  173.1052
8.008	 2.06	 1	 -42.3380	  173.6010
8.008	 2.35	 3	 -41.8439	  173.7735
8.009	 2.36	 2	 -42.0964	  173.6165
8.016	 2.01	 3	 -41.8953	  173.5674
8.016	 2.07	 2	 -42.3334	  173.5012
8.018	 2.86	 1	 -43.1583	  172.4344
8.018	 2.13	 1	 -41.7275	  174.2196
8.019	 2.83	 2	 -42.0233	  173.6487
8.019	 2.31	 3	 -41.8490	  173.5932
8.021	 2.82	 1	 -42.6538	  173.0882
8.024	 2.40	 3	 -41.8609	  173.4987
8.025	 2.75	 2	 -41.6945	  174.3178
8.027	 2.18	 1	 -42.2428	  173.7965
8.027	 2.24	 1	 -42.0193	  173.7483
8.028	 2.07	 1	 -42.3196	  173.8884
8.028	 2.04	 1	 -43.7614	  174.3226
8.029	 3.05	 3	 -41.6143	  174.2570
8.029	 2.89	 1	 -41.7734	  174.3634
8.030	 2.52	 3	 -41.7928	  173.7415
8.037	 2.03	 1	 -42.4476	  173.4614
8.038	 2.57	 1	 -41.7143	  174.3709
8.041	 2.61	 4	 -42.5520	  173.3653
8.044	 2.59	 2	 -42.7863	  173.1369
8.047	 2.01	 1	 -42.4506	  173.1134
8.048	 2.00	 1	 -40.5405	  173.8943
8.048	 2.05	 1	 -42.2809	  173.8017
8.049	 2.55	 1	 -42.2165	  173.8743
8.051	 2.01	 1	 -42.2062	  173.8727
8.053	 3.09	 1	 -42.2829	  173.6115
8.053	 2.53	 1	 -42.6151	  172.7783
8.053	 2.14	 1	 -41.9845	  173.9017
8.053	 2.76	 2	 -42.2532	  173.6487
8.054	 2.93	 3	 -41.3859	  174.7728
8.054	 2.79	 1	 -41.5884	  174.5646
8.058	 2.32	 1	 -42.4065	  173.4638
8.058	 2.51	 1	 -42.5574	  177.3655
8.059	 2.41	 1	 -41.7130	  174.2818
8.060	 2.08	 3	 -42.0782	  173.6023
8.062	 2.92	 1	 -43.0191	  173.8278
8.062	 2.08	 1	 -42.0486	  172.8000
8.064	 2.45	 3	 -42.2175	  172.5408
8.064	 2.23	 2	 -42.8493	  173.3935
8.065	 2.01	 1	 -41.1505	  171.3187
8.068	 2.48	 1	 -41.8222	  174.1709
8.069	 2.75	 3	 -42.6102	  172.9739
8.071	 2.21	 3	 -41.8942	  173.5882
8.072	 2.35	 3	 -41.3311	  173.6155
8.072	 2.83	 1	 -42.2069	  173.6372
8.074	 2.31	 1	 -42.1244	  173.4925
8.075	 2.26	 1	 -42.3113	  173.8795
8.076	 2.53	 5	 -42.9168	  173.9902
8.078	 2.61	 1	 -42.2654	  173.7044
8.079	 2.02	 1	 -41.6900	  174.2845
8.080	 2.74	 3	 -41.8541	  173.5427
8.081	 2.05	 3	 -41.8128	  174.0738
8.083	 2.01	 1	 -39.9350	  176.8022
8.084	 2.37	 2	 -42.3928	  174.1174
8.084	 2.20	 1	 -42.2390	  174.0353
8.084	 2.16	 1	 -41.7330	  174.2489
8.084	 2.19	 1	 -41.6328	  174.1732
8.086	 2.18	 3	 -41.8982	  173.5699
8.087	 2.50	 1	 -42.6054	  172.9236
8.090	 2.03	 3	 -43.5295	  170.2868
8.094	 2.40	 3	 -41.7912	  173.5096
8.096	 2.21	 3	 -42.0324	  173.6171
8.096	 2.18	 1	 -41.8057	  174.0085
8.097	 2.52	 2	 -41.8355	  174.3193
8.099	 2.52	 3	 -42.1503	  173.5645
8.101	 2.86	 1	 -42.5330	  173.1855
8.102	 2.42	 3	 -41.8622	  173.6381
8.103	 2.14	 1	 -41.7063	  174.2338
8.104	 2.80	 4	 -42.5984	  172.9634
8.105	 2.25	 1	 -41.7773	  174.3056
8.105	 2.09	 3	 -41.9276	  173.5695
8.105	 2.06	 1	 -42.3311	  174.1872
8.105	 2.01	 1	 -41.6564	  174.2464
8.107	 2.07	 2	 -42.3327	  173.5421
8.108	 2.12	 1	 -42.4837	  173.9597
8.108	 2.32	 2	 -43.2086	  172.4445
8.108	 2.23	 3	 -42.2073	  173.5042
8.110	 2.48	 1	 -41.7440	  174.3480
8.110	 2.04	 3	 -42.0224	  173.6529
8.111	 2.79	 1	 -42.8437	  173.3508
8.113	 2.02	 2	 -42.3554	  173.5257
8.114	 2.45	 3	 -41.8742	  173.5799
8.114	 3.20	 1	 -42.5897	  172.9135
8.115	 2.22	 1	 -41.8459	  173.7388
8.115	 2.01	 2	 -42.7701	  173.1390
8.115	 2.08	 2	 -42.5948	  173.2581
8.117	 2.07	 2	 -41.7856	  173.8927
8.117	 2.03	 4	 -41.8111	  174.2485
8.117	 2.20	 1	 -41.6539	  174.0204
8.118	 2.77	 4	 -42.1858	  173.6864
8.119	 2.18	 3	 -41.8791	  173.4097
8.119	 2.18	 1	 -42.2196	  173.6080
8.120	 2.18	 1	 -42.6464	  172.9178
8.120	 2.14	 1	 -41.8236	  174.3002
8.122	 2.18	 2	 -41.5828	  174.2522
8.124	 2.11	 1	 -41.6362	  174.2887
8.125	 2.74	 3	 -41.7578	  173.8094
8.126	 2.18	 3	 -42.3451	  173.4942
8.127	 2.35	 3	 -41.8205	  173.4947
8.128	 2.44	 3	 -42.1725	  173.6927
8.128	 2.05	 1	 -40.1057	  169.9864
8.130	 2.37	 2	 -42.3814	  173.7706
8.130	 2.41	 3	 -41.9199	  173.5351
8.131	 2.35	 1	 -41.8194	  174.1360
8.132	 2.01	 3	 -42.5182	  173.0962
8.133	 2.81	 1	 -42.6484	  173.1349
8.134	 3.26	 1	 -42.0049	  173.7138
8.134	 2.48	 1	 -42.2959	  172.3635
8.135	 3.07	 1	 -41.8079	  174.2646
8.135	 3.02	 1	 -42.3326	  173.6391
8.138	 2.79	 3	 -41.7762	  174.0546
8.139	 3.31	 2	 -42.6225	  172.9671
8.141	 2.38	 1	 -42.0284	  173.6425
8.141	 2.07	 1	 -41.7385	  174.1770
8.141	 2.04	 2	 -41.5551	  174.4443
8.142	 2.17	 3	 -42.5848	  172.9400
8.143	 2.05	 1	 -42.3830	  173.3644
8.144	 2.38	 2	 -42.3100	  173.9911
8.146	 3.44	 2	 -42.5992	  172.8977
8.148	 2.51	 3	 -41.5508	  172.7602
8.148	 2.42	 1	 -42.0045	  173.7788
8.148	 2.18	 1	 -41.7750	  174.2669
8.149	 2.38	 1	 -42.1327	  173.8323
8.150	 4.03	 1	 -42.4263	  173.1684
8.150	 2.43	 2	 -41.7191	  174.1469
8.152	 2.52	 1	 -41.7262	  174.0979
8.153	 2.41	 2	 -42.2893	  173.6478
8.153	 2.25	 2	 -41.8094	  174.0492
8.155	 2.18	 4	 -42.4154	  174.0445
8.155	 2.47	 1	 -41.4712	  174.2696
8.155	 2.48	 1	 -41.7499	  174.3666
8.157	 2.03	 1	 -42.1958	  173.5940
8.159	 2.47	 3	 -41.9877	  174.0697
8.160	 2.20	 2	 -42.2855	  174.3016
8.162	 2.47	 1	 -42.8121	  173.1446
8.166	 2.51	 1	 -42.3460	  172.9935
8.166	 2.60	 2	 -41.6809	  174.2728
8.168	 2.25	 3	 -42.4230	  172.7682
8.168	 2.30	 1	 -42.4841	  172.9500
8.169	 2.02	 2	 -42.5928	  172.8646
8.170	 2.03	 2	 -41.7663	  174.1419
8.170	 2.06	 1	 -41.5909	  174.3888
8.172	 2.17	 2	 -42.8059	  173.0023
8.172	 2.51	 1	 -41.8773	  174.1797
8.173	 2.18	 1	 -41.7825	  174.2448
8.174	 3.53	 1	 -42.3148	  173.7471
8.175	 2.54	 1	 -42.4616	  173.3797
8.175	 2.21	 4	 -42.5044	  173.5445
8.176	 2.24	 3	 -41.9000	  173.6449
8.177	 2.14	 1	 -42.2410	  173.6101
8.177	 2.72	 3	 -41.8548	  173.7080
8.177	 2.04	 1	 -41.7496	  174.3031
8.177	 3.01	 1	 -42.2536	  173.9004
8.179	 2.21	 1	 -41.3471	  173.4190
8.179	 2.34	 1	 -42.3994	  173.0831
8.179	 2.43	 3	 -42.3169	  174.3076
8.182	 2.52	 1	 -41.9958	  173.7191
8.182	 2.15	 1	 -42.5788	  172.7334
8.182	 2.08	 1	 -41.1793	  174.9971
8.182	 3.54	 1	 -42.2989	  173.9773
8.185	 2.57	 3	 -42.1521	  174.0329
8.189	 4.18	 3	 -42.5862	  172.9957
8.190	 3.92	 3	 -41.8853	  173.7742
8.191	 2.32	 3	 -41.0863	  172.8111
8.195	 2.01	 1	 -42.7332	  173.2252
8.195	 2.39	 3	 -42.7342	  173.2327
8.196	 2.18	 3	 -42.6869	  172.9074
8.198	 2.96	 1	 -42.1756	  174.0611
8.199	 2.62	 1	 -41.7758	  173.9540
8.200	 2.34	 1	 -42.2866	  173.6239
8.202	 2.62	 1	 -41.4167	  173.9224
8.202	 2.31	 1	 -41.5647	  174.2276
8.204	 2.23	 2	 -42.7730	  173.0365
8.206	 3.33	 1	 -42.0688	  173.8994
8.206	 2.02	 1	 -42.9372	  173.1270
8.206	 2.06	 2	 -41.7960	  173.8665
8.209	 2.19	 1	 -41.7662	  174.2094
8.210	 3.00	 2	 -42.2964	  172.3628
8.212	 2.15	 1	 -42.1367	  173.8462
8.214	 2.32	 3	 -42.4316	  173.3240
8.215	 2.22	 1	 -41.8953	  174.0030
8.219	 2.53	 1	 -42.5788	  173.3057
8.220	 2.28	 4	 -42.3512	  172.8495
8.221	 3.22	 3	 -41.7850	  174.0633
8.223	 2.20	 1	 -42.4287	  173.7831
8.223	 2.26	 3	 -41.8022	  174.0684
8.224	 2.97	 1	 -41.8925	  173.6402
8.225	 2.01	 1	 -42.6020	  173.0443
8.225	 2.62	 1	 -42.3305	  173.4872
8.227	 2.43	 5	 -42.6461	  172.7145
8.227	 2.62	 1	 -42.3412	  172.9444
8.231	 3.34	 2	 -41.8199	  174.3071
8.231	 3.33	 3	 -42.5243	  173.1379
8.233	 2.41	 2	 -42.7464	  173.1246
8.233	 2.38	 1	 -41.6447	  174.2862
8.234	 2.04	 1	 -41.9420	  173.6667
8.235	 2.58	 1	 -42.6536	  172.6478
8.235	 2.24	 1	 -42.3714	  173.3671
8.235	 2.08	 1	 -41.8516	  174.1630
8.236	 2.15	 3	 -42.5827	  172.8944
8.237	 2.09	 1	 -42.3577	  173.5747
8.238	 2.15	 4	 -41.8846	  173.6411
8.239	 2.11	 3	 -41.9099	  173.6731
8.243	 2.08	 1	 -41.7685	  174.4295
8.244	 2.06	 3	 -43.7784	  174.9906
8.246	 2.34	 3	 -42.7622	  173.1389
8.246	 2.34	 1	 -42.4436	  173.8001
8.247	 2.31	 3	 -42.0669	  173.6597
8.247	 2.09	 1	 -41.8637	  174.1598
8.248	 2.21	 3	 -41.9287	  173.5415
8.249	 2.09	 3	 -42.4692	  172.9266
8.253	 2.26	 1	 -41.7519	  173.9665
8.254	 2.08	 2	 -41.9347	  173.9597
8.255	 2.88	 1	 -41.7084	  174.2415
8.257	 3.55	 4	 -42.4831	  172.9597
8.259	 2.90	 3	 -42.6248	  173.0038
8.261	 2.03	 1	 -41.8268	  174.1608
8.262	 3.69	 3	 -42.3980	  173.7107
8.262	 2.39	 1	 -42.8839	  173.1317
8.265	 2.47	 1	 -42.1700	  172.1034
8.265	 2.43	 1	 -41.7311	  174.2723
8.268	 2.38	 2	 -42.6082	  172.8745
8.268	 3.70	 1	 -41.8358	  174.2696
8.272	 2.05	 3	 -42.0697	  173.1801
8.274	 2.59	 1	 -42.1476	  173.5555
8.275	 2.08	 1	 -42.3252	  173.6019
8.276	 2.42	 1	 -42.6000	  172.4717
8.277	 2.87	 1	 -42.4469	  173.1337
8.278	 2.07	 1	 -42.4137	  173.8222
8.281	 2.10	 1	 -42.3056	  173.6978
8.281	 2.99	 2	 -42.0101	  173.7124
8.281	 2.92	 3	 -42.6309	  173.0317
8.283	 2.02	 3	 -42.0519	  173.5825
8.283	 2.10	 1	 -41.7085	  174.1342
8.286	 2.15	 4	 -41.5661	  174.3875
8.289	 2.54	 1	 -42.5139	  173.1238
8.290	 2.24	 2	 -42.4788	  172.9496
8.291	 3.03	 1	 -42.5410	  173.4483
8.291	 2.51	 1	 -41.6607	  174.2867
8.291	 3.42	 1	 -43.0865	  173.3486
8.292	 2.26	 1	 -41.7812	  174.2451
8.292	 2.10	 1	 -41.6612	  174.3297
8.294	 2.48	 2	 -41.8309	  174.2541
8.294	 2.12	 1	 -42.1392	  172.9391
8.294	 2.14	 1	 -42.3699	  173.9460
8.296	 2.48	 3	 -41.7869	  174.0465
8.296	 2.24	 1	 -42.8199	  173.6506
8.297	 2.11	 4	 -42.5732	  172.9879
8.298	 3.35	 1	 -42.6673	  172.7808
8.300	 2.61	 1	 -42.4194	  173.5438
8.300	 2.35	 2	 -41.8304	  174.3390
8.300	 2.09	 1	 -42.3150	  173.5491
8.300	 2.04	 2	 -42.3920	  173.9648
8.301	 2.16	 3	 -42.3577	  174.1134
8.302	 2.50	 3	 -41.8166	  174.0599
8.302	 2.20	 1	 -42.4001	  173.0394
8.306	 2.23	 2	 -41.7409	  174.1842
8.306	 2.19	 2	 -41.8470	  174.2408
8.309	 2.32	 2	 -41.7365	  174.1733
8.309	 2.06	 1	 -41.7126	  174.3123
8.311	 2.56	 2	 -42.3152	  173.4546
8.311	 2.37	 1	 -41.9164	  173.6027
8.312	 2.12	 3	 -41.9349	  173.6295
8.314	 2.00	 1	 -41.6658	  174.2432
8.318	 2.37	 2	 -41.6070	  174.3475
8.318	 2.10	 1	 -42.3671	  173.8505
8.319	 2.29	 1	 -42.1333	  173.1332
8.320	 2.16	 2	 -41.8784	  173.9750
8.320	 2.12	 1	 -43.0532	  173.8230
8.321	 2.09	 1	 -42.1410	  173.6650
8.323	 2.31	 1	 -42.6697	  172.8508
8.323	 3.16	 3	 -42.2388	  173.0067
8.324	 2.03	 1	 -41.7987	  174.2450
8.325	 2.17	 1	 -40.2372	  173.1609
8.331	 2.57	 1	 -42.0177	  174.3232
8.332	 2.25	 1	 -41.7466	  174.2709
8.334	 2.99	 1	 -42.6109	  173.1948
8.334	 2.44	 1	 -42.4832	  174.1670
8.335	 2.80	 3	 -42.3576	  173.2210
8.336	 2.14	 1	 -41.6928	  174.3023
8.337	 2.11	 3	 -42.6303	  172.8236
8.337	 2.02	 1	 -42.3678	  173.9832
8.339	 2.02	 2	 -42.2017	  173.9250
8.341	 2.73	 1	 -41.8070	  174.0589
8.345	 2.41	 1	 -42.3623	  173.9579
8.346	 2.11	 1	 -42.2256	  173.7849
8.346	 2.07	 3	 -42.4153	  172.9001
8.346	 2.01	 2	 -42.7746	  173.0812
8.347	 2.26	 3	 -42.6227	  172.9759
8.349	 2.19	 1	 -42.0297	  173.5620
8.350	 2.57	 1	 -41.7895	  174.2886
8.351	 2.98	 2	 -41.5827	  174.4060
8.351	 3.30	 1	 -41.8042	  174.2601
8.351	 2.67	 2	 -41.8027	  174.1578
8.353	 2.28	 1	 -42.4985	  173.1206
8.354	 3.39	 1	 -42.2876	  173.1362
8.354	 2.43	 1	 -41.5405	  174.4265
8.355	 3.59	 3	 -41.8720	  173.6064
8.355	 3.35	 1	 -41.9059	  171.6766
8.356	 2.54	 1	 -42.0717	  173.6669
8.359	 3.85	 1	 -43.1739	  172.8435
8.360	 3.18	 1	 -42.4577	  173.2129
8.363	 2.10	 1	 -41.7600	  174.1267
8.364	 3.12	 1	 -42.1920	  173.5622
8.364	 2.54	 1	 -42.1111	  173.5923
8.367	 2.18	 1	 -41.6432	  174.2686
8.368	 2.28	 2	 -42.4216	  173.0869
8.368	 2.12	 2	 -41.5914	  174.2469
8.369	 3.04	 1	 -41.7541	  174.3100
8.371	 2.25	 1	 -42.5471	  173.1334
8.372	 2.61	 2	 -42.1963	  173.5595
8.375	 2.50	 1	 -42.5395	  174.1768
8.376	 2.80	 1	 -41.5509	  174.1800
8.376	 3.98	 2	 -41.6948	  174.2750
8.379	 2.93	 2	 -42.1606	  173.5913
8.381	 2.13	 2	 -42.0669	  173.2984
8.382	 2.17	 2	 -41.6238	  174.1742
8.383	 2.17	 1	 -42.6564	  172.8070
8.388	 2.16	 1	 -41.8167	  174.2553
8.389	 2.01	 1	 -42.3770	  173.6070
8.389	 3.10	 1	 -42.2231	  173.8682
8.390	 2.71	 4	 -42.5143	  172.9816
8.390	 2.32	 2	 -41.7104	  174.3770
8.391	 2.19	 1	 -41.7940	  174.2888
8.392	 2.25	 1	 -42.2786	  173.6447
8.393	 2.61	 1	 -43.0002	  173.2160
8.396	 2.26	 1	 -42.3355	  173.5636
8.397	 3.02	 1	 -43.6592	  179.0144
8.398	 3.29	 1	 -42.3084	  172.5637
8.400	 2.19	 1	 -42.1953	  173.6594
8.402	 3.95	 3	 -42.5277	  172.9973
8.406	 2.43	 1	 -41.8282	  174.3131
8.406	 2.11	 2	 -43.0873	  173.3488
8.408	 2.02	 2	 -42.7318	  173.1845
8.412	 2.44	 1	 -42.9174	  172.7687
8.415	 2.15	 1	 -42.0645	  173.6131
8.417	 3.91	 1	 -41.7887	  174.2982
8.418	 2.12	 3	 -41.9008	  173.5905
8.418	 3.37	 3	 -42.5622	  173.0992
8.420	 2.06	 1	 -42.6672	  172.9189
8.421	 2.57	 1	 -42.4141	  174.0224
8.427	 2.09	 1	 -42.6605	  172.6923
8.427	 2.90	 2	 -42.2015	  174.0617
8.428	 2.35	 4	 -42.4230	  173.0131
8.428	 2.24	 3	 -42.6297	  172.9919
8.430	 2.08	 1	 -42.3674	  173.8524
8.430	 2.25	 1	 -42.2183	  173.4268
8.431	 2.55	 2	 -42.0989	  173.6977
8.431	 2.13	 2	 -44.4559	  178.3861
8.431	 2.06	 1	 -42.5768	  173.1221
8.432	 2.18	 1	 -41.7266	  174.2700
8.432	 2.20	 3	 -41.9160	  173.5400
8.432	 2.15	 2	 -42.1367	  171.7536
8.434	 2.00	 2	 -42.3529	  173.9634
8.434	 2.29	 1	 -42.6933	  172.8924
8.434	 2.32	 1	 -41.7156	  174.2499
8.435	 2.31	 1	 -42.3404	  173.4331
8.435	 2.39	 1	 -41.8794	  173.9699
8.437	 2.92	 2	 -42.7517	  173.1116
8.439	 2.06	 3	 -41.8921	  174.3988
8.440	 2.08	 2	 -41.6377	  174.3456
8.441	 2.05	 4	 -41.8359	  174.3073
8.441	 2.04	 1	 -42.6208	  172.6794
8.442	 2.06	 1	 -41.6989	  174.1739
8.443	 3.23	 1	 -42.5696	  174.0183
8.444	 2.29	 1	 -41.6210	  174.1610
8.445	 2.54	 2	 -41.8056	  174.0290
8.445	 2.29	 2	 -42.3375	  172.9442
8.450	 2.14	 1	 -42.6360	  173.0267
8.451	 2.69	 1	 -41.8626	  174.1921
8.452	 2.53	 2	 -41.7579	  174.3568
8.454	 2.14	 1	 -42.3399	  173.4351
8.456	 3.30	 1	 -42.3318	  173.8359
8.456	 2.23	 2	 -42.1572	  173.6340
8.457	 2.50	 1	 -42.8198	  172.7567
8.458	 3.46	 1	 -42.4003	  173.0908
8.458	 2.02	 1	 -41.8742	  173.9541
8.460	 2.33	 1	 -42.0931	  173.0597
8.461	 2.13	 2	 -42.2865	  173.1349
8.462	 2.15	 2	 -41.9082	  171.6703
8.464	 2.74	 1	 -42.0863	  174.0398
8.465	 2.33	 2	 -42.4204	  173.6971
8.466	 2.07	 1	 -42.5873	  172.7534
8.467	 2.24	 1	 -41.7164	  174.1935
8.468	 2.88	 3	 -42.4550	  173.0609
8.468	 2.21	 3	 -41.7053	  174.3073
8.470	 4.83	 3	 -41.7356	  174.1728
8.470	 3.55	 3	 -42.4999	  173.0274
8.471	 2.11	 4	 -41.6927	  174.1725
8.474	 2.18	 1	 -42.1372	  173.5645
8.475	 2.26	 3	 -41.9277	  173.7411
8.479	 2.59	 1	 -42.4679	  173.6414
8.479	 2.37	 3	 -41.8748	  173.6045
8.480	 2.37	 1	 -42.3545	  173.9091
8.481	 2.63	 2	 -41.9427	  174.1232
8.481	 2.04	 2	 -41.5666	  174.3693
8.481	 2.17	 1	 -42.1380	  174.2620
8.483	 2.20	 2	 -43.2340	  173.1372
8.484	 2.78	 2	 -41.1473	  171.3210
8.486	 2.52	 1	 -41.7705	  174.2319
8.487	 3.61	 2	 -43.1792	  172.8484
8.488	 2.33	 4	 -41.7664	  174.0555
8.488	 3.47	 1	 -41.9924	  173.8478
8.491	 2.51	 3	 -42.6278	  173.0052
8.492	 2.17	 2	 -41.6704	  174.2971
8.492	 2.41	 3	 -42.5833	  173.2623
8.493	 2.27	 2	 -41.8190	  174.2756
8.498	 2.10	 1	 -42.5745	  172.9589
8.499	 2.02	 1	 -42.4202	  172.9169
8.501	 3.00	 3	 -42.4373	  172.9239
8.502	 2.32	 1	 -41.8981	  173.3132
8.503	 2.84	 1	 -42.4208	  173.2348
8.504	 2.07	 1	 -41.7910	  174.2493
8.506	 2.35	 1	 -42.2281	  173.7606
8.506	 2.52	 1	 -42.5219	  173.0889
8.507	 2.47	 1	 -42.2038	  173.6117
8.511	 2.45	 3	 -41.1481	  171.3243
8.512	 3.01	 1	 -41.9056	  174.0297
8.513	 2.16	 3	 -42.6037	  173.0835
8.514	 2.28	 1	 -42.7056	  172.7355
8.515	 2.24	 4	 -42.4321	  172.9296
8.515	 2.05	 1	 -41.2846	  174.4960
8.516	 3.63	 4	 -41.7395	  174.1952
8.516	 2.15	 1	 -42.6969	  174.1519
8.516	 2.78	 2	 -42.2563	  173.0537
8.517	 2.27	 3	 -45.4624	  176.1920
8.517	 2.54	 1	 -41.7031	  174.1961
8.518	 3.19	 1	 -42.3164	  173.6963
8.519	 2.69	 1	 -43.2184	  173.9442
8.519	 2.08	 3	 -42.6382	  172.8549
8.519	 2.72	 2	 -42.3358	  173.7648
8.520	 3.24	 1	 -41.6425	  174.2360
8.521	 2.28	 1	 -42.3590	  173.0445
8.522	 2.32	 2	 -42.9911	  173.1985
8.525	 2.19	 1	 -41.7121	  174.2719
8.527	 2.43	 1	 -41.8096	  174.2155
8.527	 2.59	 2	 -42.3694	  173.9360
8.529	 2.25	 1	 -42.5194	  173.0623
8.530	 2.15	 2	 -42.4246	  173.8080
8.531	 2.10	 2	 -42.3014	  173.9423
8.531	 2.28	 2	 -42.3627	  173.9568
8.531	 2.05	 1	 -42.0854	  173.7133
8.532	 2.50	 2	 -42.6274	  173.2714
8.532	 2.01	 3	 -41.8913	  173.6134
8.532	 2.49	 1	 -41.8171	  174.0636
8.534	 3.36	 2	 -43.1060	  173.3686
8.536	 2.60	 1	 -41.7495	  174.2995
8.536	 2.82	 2	 -42.4152	  174.1429
8.538	 2.06	 1	 -41.9811	  172.9966
8.538	 2.59	 4	 -42.4396	  172.9323
8.539	 2.14	 1	 -42.5164	  173.5840
8.541	 2.68	 1	 -42.6528	  174.4739
8.542	 3.09	 3	 -42.3052	  173.6649
8.543	 2.70	 3	 -42.5918	  173.0409
8.544	 3.01	 4	 -41.6992	  173.6967
8.544	 2.08	 1	 -42.1938	  173.4803
8.545	 2.03	 1	 -42.6655	  172.3968
8.545	 4.59	 2	 -41.7183	  174.6467
8.546	 2.66	 2	 -42.3836	  173.8382
8.548	 2.76	 1	 -41.4462	  174.9135
8.548	 2.52	 1	 -41.8245	  174.2325
8.548	 2.68	 1	 -42.1196	  173.7146
8.550	 2.54	 1	 -41.9139	  174.0410
8.550	 2.30	 1	 -42.8708	  173.2635
8.552	 2.41	 1	 -42.1566	  173.5564
8.555	 2.82	 3	 -41.1438	  171.3013
8.556	 2.21	 1	 -42.1190	  173.5952
8.558	 2.21	 3	 -42.0987	  173.6980
8.559	 2.15	 1	 -42.5081	  173.1513
8.560	 2.43	 1	 -41.6818	  175.0056
8.560	 2.28	 2	 -41.9304	  173.9397
8.562	 3.01	 1	 -41.7643	  174.1977
8.562	 2.17	 1	 -41.7785	  173.6790
8.562	 2.72	 4	 -42.5016	  173.0311
8.563	 2.91	 1	 -42.2350	  173.7032
8.571	 2.05	 3	 -41.8414	  173.4984
8.572	 2.35	 1	 -41.8659	  173.9822
8.572	 2.39	 1	 -41.9036	  173.9938
8.573	 2.12	 3	 -41.6384	  174.6288
8.574	 2.69	 1	 -41.7216	  174.2354
8.575	 2.72	 1	 -42.1618	  173.1872
8.575	 2.44	 2	 -42.4632	  173.9826
8.576	 2.44	 1	 -42.1790	  174.2179
8.577	 3.55	 3	 -41.9384	  173.5740
8.578	 2.22	 4	 -42.3371	  173.6257
8.578	 2.23	 1	 -43.0438	  172.8762
8.579	 2.54	 1	 -42.2617	  173.6488
8.580	 2.50	 1	 -42.3995	  174.2491
8.581	 2.70	 2	 -41.5736	  173.2916
8.581	 2.47	 1	 -42.2778	  173.7008
8.583	 2.63	 3	 -44.0043	  172.2410
8.584	 2.22	 1	 -42.3181	  173.7041
8.585	 3.63	 4	 -41.7014	  174.2367
8.586	 3.06	 3	 -41.7088	  174.6484
8.586	 2.32	 4	 -41.7649	  174.2321
8.587	 2.22	 1	 -41.9530	  173.6529
8.589	 2.61	 1	 -41.7315	  174.0967
8.590	 2.65	 1	 -42.5247	  173.0566
8.591	 2.70	 1	 -42.5643	  173.1027
8.591	 2.23	 4	 -42.4381	  172.8529
8.596	 2.22	 1	 -42.3022	  173.9770
8.597	 2.91	 1	 -42.0831	  173.3273
8.598	 2.48	 3	 -42.5883	  173.0449
8.600	 2.23	 1	 -42.0308	  173.7935
8.603	 2.03	 4	 -41.8909	  173.6323
8.604	 2.14	 3	 -42.4213	  173.0393
8.604	 3.27	 2	 -42.5686	  172.9776
8.607	 2.19	 4	 -41.8363	  173.4157
8.608	 2.02	 1	 -42.0544	  173.9085
8.608	 2.60	 3	 -42.5836	  173.0166
8.609	 2.22	 1	 -42.4141	  173.7892
8.613	 2.01	 3	 -42.5447	  173.2192
8.613	 2.04	 2	 -41.5067	  174.4208
8.614	 2.02	 1	 -41.9610	  173.9599
8.615	 2.00	 2	 -41.5416	  174.3816
8.615	 2.15	 2	 -41.8495	  173.7522
8.617	 3.10	 1	 -42.1207	  173.4339
8.617	 2.55	 2	 -42.6010	  172.6082
8.617	 2.14	 1	 -41.5489	  174.5718
8.619	 2.12	 2	 -41.9580	  173.5882
8.619	 2.13	 2	 -41.5973	  174.2623
8.619	 2.28	 2	 -42.2757	  173.5437
8.620	 2.32	 3	 -41.8491	  174.0418
8.621	 2.27	 1	 -42.2170	  173.9788
8.621	 2.12	 1	 -41.9178	  173.1187
8.621	 3.17	 3	 -41.6859	  174.2653
8.621	 3.45	 1	 -42.2955	  174.1337
8.626	 4.32	 2	 -42.5308	  173.4094
8.628	 2.18	 3	 -42.5918	  172.8785
8.628	 2.17	 3	 -41.6119	  174.4538
8.628	 2.39	 1	 -42.1667	  173.1503
8.632	 2.35	 3	 -41.9428	  173.5692
8.632	 2.14	 2	 -42.3230	  174.0809
8.633	 2.51	 2	 -42.2565	  172.8670
8.633	 2.77	 2	 -42.3978	  173.8076
8.634	 2.84	 4	 -41.7564	  173.8056
8.634	 2.24	 1	 -42.2826	  173.6042
8.634	 2.07	 1	 -41.7866	  174.2648
8.635	 2.84	 1	 -42.7495	  173.0228
8.635	 3.30	 1	 -42.3158	  173.7843
8.636	 2.25	 1	 -42.7694	  172.7194
8.639	 2.93	 2	 -42.2593	  173.8138
8.639	 2.21	 4	 -41.7358	  174.1821
8.642	 2.33	 1	 -41.7481	  174.1903
8.643	 2.37	 1	 -42.3543	  174.0460
8.645	 2.82	 1	 -42.0817	  173.7220
8.646	 2.50	 2	 -42.0844	  173.7187
8.648	 2.21	 1	 -43.8229	  173.4238
8.648	 2.94	 1	 -42.2025	  173.6611
8.648	 2.85	 1	 -42.5834	  173.2139
8.648	 2.50	 3	 -41.9154	  173.5493
8.649	 2.37	 1	 -42.2360	  173.6704
8.650	 2.49	 1	 -41.8618	  173.2601
8.655	 2.02	 2	 -42.1546	  173.5566
8.657	 2.12	 1	 -41.6205	  174.3663
8.657	 2.25	 2	 -41.8014	  174.3122
8.659	 2.35	 1	 -42.6466	  172.2272
8.659	 2.37	 1	 -42.4247	  173.8407
8.660	 2.89	 3	 -42.4264	  173.0250
8.660	 2.30	 1	 -41.9516	  173.7032
8.661	 2.70	 3	 -42.3014	  173.1727
8.661	 2.05	 1	 -42.7000	  172.9190
8.664	 2.07	 1	 -42.2661	  173.8944
8.665	 2.63	 1	 -41.7238	  174.2869
8.666	 2.28	 1	 -42.2051	  173.4171
8.667	 2.86	 1	 -41.8660	  174.1987
8.668	 2.90	 3	 -41.9041	  173.6345
8.668	 2.66	 1	 -42.2408	  174.6710
8.669	 2.78	 4	 -42.6292	  172.9838
8.669	 2.77	 3	 -41.7744	  174.1158
8.669	 2.14	 1	 -41.7194	  174.2466
8.670	 2.39	 1	 -42.5635	  172.7886
8.672	 2.12	 1	 -41.7653	  174.1731
8.674	 2.81	 3	 -42.5698	  172.9295
8.675	 2.28	 1	 -42.0972	  173.8150
8.675	 2.02	 1	 -42.3332	  173.8897
8.675	 3.03	 1	 -41.7730	  174.2774
8.676	 2.13	 2	 -42.6701	  172.7796
8.677	 2.21	 4	 -42.3916	  173.7115
8.680	 2.03	 1	 -42.3742	  173.3611
8.681	 2.14	 1	 -41.7393	  174.2104
8.682	 2.33	 1	 -42.9906	  172.5479
8.684	 2.80	 1	 -42.4658	  173.9896
8.687	 2.28	 1	 -41.6654	  174.1559
8.689	 3.18	 2	 -42.6655	  173.1302
8.690	 2.36	 1	 -42.5580	  173.7543
8.692	 2.35	 2	 -40.5400	  174.0799
8.694	 2.36	 1	 -42.3616	  173.0629
8.694	 2.14	 1	 -42.3210	  173.8391
8.695	 3.09	 1	 -42.0335	  173.6185
8.696	 2.52	 1	 -41.7512	  174.1137
8.697	 2.81	 3	 -42.3564	  175.2575
8.697	 2.79	 3	 -42.6467	  173.0243
8.697	 2.38	 1	 -42.2119	  173.4039
8.698	 2.26	 3	 -41.6957	  174.6417
8.699	 2.33	 2	 -42.3345	  173.9754
8.699	 2.35	 1	 -42.4258	  173.0851
8.701	 3.39	 3	 -41.8455	  173.9200
8.703	 2.38	 4	 -41.7258	  174.1274
8.703	 2.55	 2	 -41.5656	  174.4666
8.703	 2.07	 1	 -42.6508	  173.3597
8.704	 2.00	 1	 -42.3876	  173.6414
8.705	 2.15	 1	 -42.3148	  173.6961
8.705	 2.44	 1	 -41.7625	  174.1180
8.707	 3.21	 1	 -41.7232	  174.3231
8.708	 2.33	 1	 -41.7206	  174.3136
8.711	 2.09	 5	 -42.1880	  173.6880
8.712	 2.29	 1	 -41.8313	  172.7969
8.714	 2.91	 1	 -42.2777	  173.6288
8.714	 2.13	 2	 -42.3086	  174.1201
8.714	 2.27	 1	 -43.4923	  174.8603
8.714	 2.58	 2	 -40.9925	  178.8121
8.715	 2.44	 2	 -42.4071	  173.0852
8.715	 2.02	 1	 -42.0230	  172.8587
8.715	 2.35	 1	 -41.7176	  174.2411
8.716	 2.32	 1	 -42.5799	  172.9836
8.719	 2.26	 2	 -42.3376	  173.8559
8.719	 2.40	 3	 -40.2094	  173.8969
8.721	 2.01	 3	 -42.5568	  173.1208
8.721	 3.02	 1	 -42.9995	  174.0582
8.723	 2.16	 1	 -41.7844	  174.2534
8.724	 3.17	 2	 -41.9444	  173.6642
8.730	 2.43	 4	 -41.5755	  174.3863
8.730	 2.26	 2	 -41.7686	  174.2342
8.730	 2.10	 5	 -41.8141	  174.8586
8.731	 2.07	 3	 -41.6943	  174.6493
8.733	 2.09	 2	 -42.0000	  173.7465
8.733	 4.28	 1	 -42.4682	  173.2372
8.733	 2.50	 3	 -42.6440	  173.1848
8.733	 2.14	 3	 -44.1356	  172.0714
8.734	 2.22	 1	 -42.6641	  173.2686
8.735	 2.22	 1	 -42.2342	  173.6215
8.735	 2.76	 1	 -41.6893	  174.2249
8.737	 2.54	 1	 -42.5983	  173.0003
8.742	 2.46	 1	 -41.6816	  174.1643
8.744	 2.48	 1	 -42.4566	  173.1281
8.745	 2.07	 1	 -42.9319	  172.7981
8.747	 2.01	 1	 -42.3057	  173.7190
8.748	 2.33	 1	 -41.7773	  173.8121
8.749	 4.01	 3	 -42.7142	  172.4549
8.750	 2.60	 2	 -41.7454	  174.1974
8.751	 2.26	 1	 -41.7021	  174.3359
8.753	 2.10	 1	 -41.7583	  174.1035
8.754	 2.18	 4	 -42.4039	  173.7087
8.756	 3.02	 1	 -41.8936	  174.2830
8.757	 2.88	 1	 -42.5787	  173.2471
8.758	 2.28	 1	 -41.7098	  174.2991
8.758	 2.27	 1	 -42.4074	  174.6187
8.761	 2.15	 3	 -42.8048	  172.9672
8.761	 2.46	 2	 -42.4783	  173.2223
8.762	 2.03	 2	 -42.2073	  173.6634
8.762	 2.02	 1	 -41.9470	  174.3611
8.764	 2.38	 4	 -41.7090	  174.2617
8.765	 2.08	 5	 -41.7325	  174.2090
8.765	 2.77	 1	 -41.6735	  174.1882
8.766	 2.07	 1	 -42.0538	  173.7615
8.766	 2.60	 1	 -41.7731	  174.2547
8.768	 2.48	 2	 -41.9531	  173.9633
8.769	 2.64	 1	 -41.8989	  174.4125
8.769	 2.97	 1	 -41.9235	  173.9782
8.769	 2.01	 1	 -42.0506	  173.8028
8.771	 2.24	 4	 -44.4038	  173.9840
8.771	 2.68	 1	 -42.4552	  173.8801
8.773	 2.10	 4	 -40.4118	  167.5988
8.773	 3.59	 1	 -42.2597	  173.8781
8.775	 2.10	 1	 -43.4620	  173.2170
8.776	 2.22	 1	 -42.4208	  173.0402
8.776	 2.01	 3	 -41.2451	  167.6233
8.777	 2.05	 3	 -41.9893	  173.6156
8.777	 2.18	 2	 -41.7529	  174.2145
8.777	 2.20	 3	 -44.5232	  175.0313
8.778	 2.27	 1	 -42.2502	  173.6459
8.779	 2.23	 1	 -41.9951	  174.7102
8.780	 2.55	 3	 -42.4086	  173.6991
8.780	 2.85	 3	 -41.4848	  174.6319
8.781	 2.95	 4	 -41.6006	  174.4195
8.783	 2.60	 2	 -41.7659	  174.2976
8.784	 2.71	 3	 -42.5712	  172.9217
8.785	 2.08	 3	 -41.7401	  174.6539
8.786	 2.14	 1	 -42.2041	  173.0941
8.787	 2.23	 2	 -42.3742	  173.8545
8.788	 2.43	 1	 -42.5652	  173.0625
8.788	 2.09	 1	 -42.3226	  173.0726
8.791	 3.65	 5	 -44.4038	  173.9834
8.792	 2.45	 1	 -42.1640	  173.6606
8.793	 2.53	 2	 -42.3364	  173.6180
8.795	 2.65	 1	 -42.0860	  173.7650
8.795	 2.63	 1	 -41.7185	  174.1379
8.797	 2.58	 1	 -42.2071	  173.5601
8.798	 2.16	 1	 -41.6818	  174.3165
8.801	 3.17	 1	 -41.7201	  174.2890
8.802	 2.72	 1	 -41.7350	  173.7981
8.804	 3.08	 2	 -41.5191	  172.2025
8.805	 3.17	 1	 -42.7132	  172.9361
8.805	 2.48	 1	 -42.9990	  177.2382
8.807	 2.33	 1	 -41.5919	  174.3739
8.808	 2.45	 3	 -41.8576	  173.5825
8.808	 3.20	 2	 -42.5046	  172.4852
8.809	 2.34	 3	 -42.5452	  172.9874
8.810	 2.25	 2	 -42.3951	  173.7438
8.811	 2.07	 1	 -42.3987	  172.9413
8.811	 2.01	 1	 -42.6875	  173.0957
8.811	 2.15	 1	 -41.9215	  173.9486
8.811	 2.27	 3	 -42.6057	  173.0016
8.814	 2.16	 1	 -42.2315	  173.5666
8.816	 2.44	 2	 -42.6995	  173.0660
8.818	 2.36	 1	 -41.7442	  174.3193
8.819	 2.92	 1	 -41.7119	  174.2545
8.821	 2.04	 1	 -42.4497	  173.2253
8.823	 2.44	 5	 -41.6644	  174.2546
8.826	 2.47	 4	 -42.5272	  172.9939
8.826	 2.02	 3	 -42.4744	  173.0043
8.827	 2.21	 1	 -41.7546	  174.2260
8.828	 2.45	 1	 -42.1865	  173.3736
8.828	 2.03	 1	 -42.1317	  173.8458
8.829	 2.35	 2	 -42.6848	  173.0110
8.829	 2.14	 5	 -41.7029	  174.2425
8.831	 2.01	 2	 -42.4091	  173.9988
8.832	 2.50	 2	 -42.3514	  174.1464
8.838	 3.17	 1	 -42.5157	  173.1733
8.840	 3.73	 2	 -41.7098	  174.2519
8.840	 2.36	 3	 -41.9145	  173.5145
8.840	 2.57	 1	 -40.8520	  173.2928
8.841	 2.48	 1	 -41.7924	  174.0392
8.843	 2.02	 1	 -41.7507	  174.0384
8.845	 2.29	 1	 -42.0859	  173.7064
8.846	 2.05	 1	 -42.2925	  173.0339
8.849	 2.08	 3	 -44.0554	  167.2796
8.849	 2.04	 1	 -42.2832	  173.5603
8.851	 2.01	 1	 -42.1998	  173.7277
8.852	 2.49	 1	 -41.1730	  173.9112
8.852	 2.08	 2	 -42.4184	  173.4598
8.852	 2.12	 2	 -42.6683	  172.8217
8.853	 2.01	 1	 -41.6947	  174.2539
8.854	 2.50	 1	 -41.8760	  174.6185
8.854	 2.45	 1	 -41.8899	  173.6737
8.855	 2.11	 3	 -40.1754	  173.9051
8.855	 2.34	 1	 -41.7956	  174.1922
8.856	 2.80	 1	 -42.3995	  173.7799
8.856	 2.10	 1	 -42.3152	  173.5050
8.857	 2.29	 2	 -41.6709	  174.1853
8.858	 3.03	 4	 -41.8270	  174.0905
8.858	 2.47	 1	 -41.6927	  174.3265
8.863	 2.41	 1	 -42.3439	  175.5206
8.864	 2.01	 1	 -42.4234	  173.0552
8.864	 2.41	 1	 -41.7687	  174.0480
8.865	 2.29	 1	 -42.4088	  173.1342
8.865	 2.20	 2	 -41.8414	  173.8416
8.866	 2.54	 2	 -41.7128	  174.2817
8.866	 2.02	 2	 -42.7081	  172.3098
8.868	 2.58	 2	 -42.2532	  174.3807
8.868	 2.26	 1	 -42.2607	  173.6535
8.869	 2.33	 2	 -42.2822	  173.7993
8.869	 3.30	 3	 -43.1706	  172.9609
8.870	 2.55	 3	 -42.3824	  173.0001
8.871	 2.35	 2	 -42.0297	  173.8207
8.872	 2.86	 1	 -42.1694	  173.6840
8.876	 2.06	 1	 -41.7497	  174.1736
8.880	 2.09	 1	 -44.6062	  178.9961
8.880	 2.71	 4	 -41.9418	  173.5803
8.882	 2.22	 3	 -42.5369	  173.4204
8.885	 2.53	 1	 -42.4142	  173.1512
8.889	 3.19	 1	 -41.9596	  173.7267
8.890	 2.09	 1	 -42.2390	  173.7868
8.891	 2.16	 1	 -42.1098	  173.8611
8.891	 2.15	 1	 -42.4231	  173.1164
8.892	 2.35	 2	 -41.7194	  174.2921
8.893	 2.98	 1	 -42.8238	  173.2739
8.893	 3.50	 1	 -42.4311	  173.3518
8.894	 2.94	 3	 -42.7540	  173.1775
8.894	 2.03	 1	 -40.2418	  175.8405
8.894	 2.20	 2	 -41.7360	  174.1820
8.896	 2.21	 3	 -42.6093	  174.0352
8.897	 2.03	 3	 -42.2589	  173.0396
8.899	 3.14	 1	 -41.9329	  173.9980
8.903	 2.85	 3	 -42.8325	  172.8810
8.905	 2.17	 1	 -42.5672	  172.9340
8.906	 2.34	 5	 -41.6760	  174.1799
8.907	 2.88	 3	 -42.4800	  173.8719
8.908	 2.97	 1	 -42.6395	  173.1108
8.911	 2.20	 1	 -42.3163	  173.6992
8.912	 2.27	 1	 -42.4232	  172.6067
8.912	 2.28	 5	 -42.5305	  173.0978
8.916	 2.47	 1	 -42.2862	  173.8878
8.916	 2.08	 1	 -42.6403	  172.7602
8.918	 2.05	 6	 -44.3929	  173.9725
8.919	 2.75	 1	 -42.3467	  173.8662
8.920	 2.11	 2	 -42.2650	  173.8886
8.920	 2.26	 1	 -41.9521	  174.1616
8.923	 2.11	 4	 -42.2044	  173.5052
8.924	 2.09	 3	 -42.7901	  172.7965
8.924	 2.10	 2	 -41.6970	  174.3528
8.924	 2.69	 2	 -42.3219	  173.6751
8.925	 2.39	 2	 -38.9257	  172.3828
8.925	 2.12	 1	 -42.5961	  172.5231
8.929	 3.29	 1	 -42.2561	  173.9070
8.930	 2.04	 1	 -42.4201	  173.7647
8.931	 2.19	 2	 -41.5935	  174.3700
8.932	 2.41	 2	 -42.0211	  173.7785
8.935	 3.84	 1	 -42.7740	  172.9321
8.936	 2.04	 1	 -41.7008	  174.2633
8.938	 2.06	 2	 -42.2709	  173.6382
8.940	 2.36	 1	 -41.7215	  174.2644
8.940	 2.32	 1	 -41.7998	  174.0932
8.941	 2.19	 2	 -42.7516	  173.0235
8.941	 2.01	 5	 -41.7020	  174.2238
8.941	 2.10	 2	 -42.6487	  173.5392
8.942	 2.16	 2	 -42.4704	  173.2441
8.942	 2.15	 1	 -42.3869	  172.9309
8.943	 2.55	 1	 -41.7666	  174.1876
8.943	 2.04	 3	 -42.5311	  171.4398
8.945	 2.05	 1	 -41.8192	  173.7304
8.949	 2.35	 1	 -42.3624	  173.9940
8.952	 2.03	 3	 -42.5206	  172.9124
8.953	 2.61	 1	 -41.7768	  174.3175
8.953	 2.30	 1	 -41.9568	  174.1062
8.954	 2.68	 2	 -42.4732	  173.2615
8.954	 2.89	 1	 -42.2573	  173.8197
8.955	 3.09	 1	 -42.2821	  173.4375
8.956	 2.23	 1	 -42.3666	  173.8447
8.957	 2.21	 1	 -41.2762	  175.6944
8.957	 2.16	 1	 -42.0002	  173.6643
8.964	 3.00	 1	 -41.7316	  174.4442
8.965	 2.08	 1	 -42.3710	  173.6375
8.965	 2.14	 3	 -43.1414	  174.6814
8.965	 2.70	 1	 -42.1468	  173.7185
8.966	 2.28	 3	 -42.4804	  173.0760
8.968	 2.62	 1	 -42.1445	  174.4805
8.968	 2.27	 1	 -41.8271	  174.0847
8.973	 2.33	 1	 -42.3726	  174.0907
8.973	 2.21	 1	 -42.5464	  173.1059
8.974	 3.14	 4	 -42.6835	  172.4334
8.976	 2.13	 1	 -42.0177	  174.0516
8.978	 2.42	 1	 -42.3694	  173.1751
8.981	 2.16	 3	 -41.4500	  172.6297
8.985	 2.62	 1	 -42.1485	  173.8958
8.986	 2.01	 1	 -42.9424	  172.8773
8.987	 2.71	 1	 -42.3840	  174.0399
8.988	 2.26	 1	 -41.7347	  174.1626
8.988	 2.19	 1	 -42.2275	  173.6613
8.988	 2.12	 2	 -42.7406	  173.0684
8.989	 2.62	 1	 -42.3562	  174.0929
8.992	 2.61	 3	 -42.6403	  172.7732
8.993	 2.01	 1	 -42.5050	  173.5396
8.993	 2.89	 2	 -42.3833	  174.0093
8.996	 2.37	 2	 -42.6845	  173.0167
8.999	 2.06	 2	 -41.7299	  174.3608
8.999	 2.14	 1	 -41.7889	  173.9398
8.999	 2.77	 1	 -42.5848	  172.4415
9.000	 2.55	 1	 -42.3049	  173.7555
9.001	 3.46	 2	 -43.0758	  173.4640
9.002	 2.93	 1	 -42.6607	  173.0338
9.003	 2.13	 3	 -41.8709	  173.7034
9.005	 2.22	 1	 -42.1289	  173.5350
9.007	 2.02	 3	 -41.8947	  173.5986
9.008	 2.18	 1	 -42.3465	  173.1013
9.009	 2.43	 4	 -42.4998	  171.4694
9.010	 2.18	 1	 -41.7609	  174.2339
9.012	 2.21	 3	 -41.8233	  174.0524
9.013	 3.20	 3	 -42.3876	  174.8269
9.014	 2.22	 1	 -42.6628	  172.9484
9.015	 2.41	 1	 -42.2610	  173.6061
9.015	 3.16	 1	 -42.1140	  173.5847
9.016	 2.45	 3	 -42.6635	  172.8708
9.017	 2.01	 3	 -41.5502	  174.3026
9.017	 3.44	 4	 -42.3907	  174.8288
9.018	 2.60	 3	 -42.8148	  173.1360
9.020	 2.77	 4	 -41.8781	  173.7908
9.020	 2.32	 1	 -41.6390	  173.5568
9.024	 2.15	 1	 -42.7275	  173.0491
9.025	 2.12	 1	 -42.2592	  173.5316
9.025	 2.00	 2	 -41.8358	  174.4876
9.025	 2.31	 4	 -42.0585	  173.6345
9.027	 2.02	 2	 -42.8030	  173.1846
9.027	 2.06	 1	 -41.6698	  174.0579
9.029	 2.16	 2	 -42.2777	  173.7026
9.029	 2.62	 1	 -42.3058	  173.6656
9.030	 2.04	 2	 -42.0072	  173.6207
9.030	 4.11	 2	 -41.7958	  174.3399
9.031	 2.80	 3	 -42.3194	  173.8421
9.032	 3.34	 1	 -42.4696	  172.9330
9.036	 2.16	 2	 -42.1670	  173.6015
9.039	 2.52	 1	 -41.7345	  174.1484
9.041	 2.83	 2	 -42.7782	  172.9256
9.042	 2.52	 2	 -42.4142	  174.0228
9.045	 2.57	 3	 -42.4599	  172.4349
9.046	 2.49	 1	 -42.6799	  172.7695
9.048	 2.50	 1	 -41.9765	  173.6120
9.049	 2.30	 3	 -41.9065	  173.6165
9.050	 2.75	 1	 -42.1542	  173.2598
9.050	 2.88	 1	 -40.9366	  173.3653
9.051	 2.48	 1	 -41.6752	  174.0238
9.052	 2.49	 2	 -42.7937	  173.0320
9.055	 2.14	 3	 -41.5655	  174.2361
9.055	 2.10	 2	 -42.5093	  173.1332
9.057	 2.11	 1	 -42.3920	  173.5741
9.058	 2.26	 1	 -41.9852	  173.6624
9.060	 2.14	 2	 -42.2076	  173.5600
9.061	 2.16	 1	 -42.4426	  172.9785
9.067	 2.40	 2	 -42.3064	  172.6671
9.067	 2.17	 1	 -42.0322	  173.7498
9.068	 2.00	 1	 -41.8172	  174.2931
9.068	 2.08	 4	 -41.8951	  173.7755
9.069	 2.78	 1	 -42.7260	  172.9373
9.071	 2.20	 1	 -42.2410	  173.4826
9.073	 2.23	 1	 -42.0246	  173.7519
9.074	 3.49	 1	 -41.8984	  174.0538
9.075	 3.43	 2	 -42.6487	  173.1372
9.075	 2.42	 2	 -42.3781	  173.7887
9.075	 2.22	 3	 -42.0766	  173.4689
9.076	 2.02	 2	 -42.3802	  173.7373
9.077	 2.03	 1	 -42.5029	  172.9815
9.078	 3.58	 1	 -42.4158	  173.5734
9.080	 2.14	 1	 -42.2848	  173.7233
9.083	 2.54	 2	 -42.3777	  173.9527
9.084	 2.26	 1	 -42.4066	  173.0387
9.085	 2.29	 1	 -46.0157	  173.8679
9.088	 2.04	 2	 -42.6998	  173.1038
9.088	 2.30	 1	 -41.7868	  174.1918
9.088	 2.13	 4	 -42.7013	  172.8382
9.088	 2.99	 2	 -39.9852	  174.3460
9.089	 2.06	 2	 -42.3360	  173.3215
9.090	 2.00	 3	 -41.0489	  174.0632
9.090	 2.27	 3	 -41.8149	  173.8787
9.090	 2.17	 1	 -42.3951	  173.0116
9.095	 2.14	 3	 -41.4878	  174.0051
9.097	 3.69	 3	 -41.7212	  174.6473
9.100	 2.18	 1	 -42.1025	  171.7957
9.101	 2.17	 1	 -42.5573	  174.1093
9.102	 2.61	 2	 -42.1506	  173.5793
9.103	 2.48	 1	 -41.8166	  174.1272
9.103	 2.54	 1	 -42.2799	  173.7978
9.105	 2.06	 1	 -42.3806	  173.6696
9.107	 2.05	 1	 -41.7183	  174.3401
9.107	 2.07	 4	 -41.7524	  174.0689
9.108	 2.03	 2	 -41.3734	  173.8830
9.111	 3.07	 1	 -41.8816	  173.8170
9.111	 2.45	 1	 -42.0479	  174.1980
9.113	 2.25	 1	 -41.2873	  174.6488
9.113	 3.50	 2	 -41.8802	  174.2997
9.113	 2.04	 3	 -41.9369	  174.5992
9.115	 2.07	 1	 -42.3614	  173.2329
9.116	 2.00	 1	 -42.2372	  173.8288
9.117	 2.23	 1	 -41.8814	  173.9074
9.117	 2.72	 3	 -40.0937	  167.8299
9.119	 2.14	 1	 -42.3038	  173.3176
9.121	 2.12	 1	 -41.8956	  174.5541
9.121	 2.69	 1	 -41.8202	  174.1163
9.121	 2.04	 1	 -41.7491	  174.1758
9.123	 2.15	 1	 -42.3169	  173.5757
9.123	 2.18	 1	 -41.9238	  173.7512
9.123	 2.06	 1	 -42.6567	  172.8895
9.124	 2.20	 1	 -41.9760	  174.0231
9.124	 3.24	 3	 -42.0654	  173.5585
9.126	 2.53	 3	 -42.8331	  172.3836
9.128	 2.73	 1	 -41.7330	  174.2854
9.129	 2.09	 1	 -42.2006	  173.6190
9.130	 2.93	 1	 -42.5471	  173.1442
9.137	 2.59	 5	 -42.2938	  173.4269
9.137	 2.32	 2	 -42.0713	  173.7734
9.137	 2.09	 1	 -41.7319	  174.2346
9.138	 2.27	 1	 -41.7499	  174.2782
9.139	 2.24	 2	 -41.8507	  173.7775
9.139	 2.63	 2	 -41.9503	  173.6546
9.139	 2.11	 2	 -42.3316	  174.0046
9.141	 2.19	 1	 -42.8577	  173.0661
9.141	 2.10	 1	 -42.4797	  173.3141
9.143	 2.53	 2	 -41.8921	  174.0572
9.143	 2.08	 1	 -42.4861	  173.6068
9.144	 2.88	 1	 -42.3472	  173.6473
9.145	 2.31	 1	 -42.3379	  173.9527
9.146	 2.22	 4	 -42.4089	  173.6953
9.147	 2.23	 2	 -41.9023	  174.0661
9.148	 2.35	 1	 -42.0849	  173.6841
9.149	 2.27	 1	 -41.9534	  173.7705
9.149	 2.56	 3	 -41.7082	  174.2533
9.150	 3.40	 1	 -42.2689	  173.7278
9.150	 2.48	 1	 -42.0866	  173.7594
9.150	 2.20	 2	 -42.4817	  174.0166
9.152	 2.72	 2	 -42.4858	  173.2351
9.154	 2.80	 1	 -41.8727	  173.8656
9.156	 2.25	 1	 -42.7841	  173.7489
9.157	 2.54	 1	 -41.7581	  174.2507
9.160	 2.00	 2	 -41.9328	  173.9273
9.163	 3.41	 1	 -42.1572	  173.8269
9.164	 2.42	 2	 -41.8640	  174.2142
9.165	 2.56	 1	 -42.2753	  173.5944
9.166	 4.39	 1	 -42.7816	  173.1777
9.167	 2.27	 1	 -42.5215	  172.6523
9.167	 2.09	 2	 -41.7680	  174.3227
9.167	 2.46	 1	 -42.5161	  173.2376
9.167	 2.25	 1	 -42.0992	  173.8042
9.168	 4.48	 1	 -42.4052	  173.6243
9.168	 2.51	 3	 -41.6940	  174.1642
9.169	 2.19	 1	 -42.4440	  172.9227
9.172	 2.01	 3	 -42.8115	  172.8696
9.173	 2.18	 2	 -42.3489	  173.9084
9.174	 2.70	 1	 -42.8209	  172.8937
9.176	 2.32	 2	 -42.6118	  172.9781
9.177	 2.28	 1	 -42.2676	  173.8252
9.177	 2.72	 1	 -41.8748	  174.2881
9.178	 2.58	 2	 -42.1470	  173.8311
9.179	 2.32	 1	 -41.6711	  174.0242
9.182	 2.10	 1	 -42.1796	  173.4128
9.182	 2.38	 3	 -42.6602	  173.0382
9.183	 2.94	 2	 -41.4680	  174.3896
9.184	 2.09	 1	 -42.3995	  173.9783
9.185	 2.09	 2	 -42.4906	  173.1291
9.187	 2.34	 3	 -42.6288	  172.9794
9.187	 2.63	 3	 -42.3469	  174.0401
9.187	 2.30	 1	 -41.6680	  174.1922
9.187	 2.07	 1	 -41.8273	  174.2889
9.190	 2.34	 1	 -42.7719	  173.0407
9.190	 2.24	 4	 -41.6195	  174.2605
9.191	 2.24	 2	 -42.4263	  174.0230
9.192	 2.36	 1	 -42.3619	  173.8340
9.192	 2.36	 2	 -42.2053	  173.5871
9.194	 2.25	 1	 -41.0066	  173.1759
9.195	 2.30	 1	 -42.3882	  173.1079
9.200	 3.63	 1	 -42.2662	  173.5988
9.200	 3.20	 1	 -41.7390	  174.3714
9.201	 2.54	 4	 -41.8466	  173.9216
9.203	 2.14	 1	 -41.6498	  174.3716
9.203	 2.04	 1	 -42.6521	  173.0362
9.204	 2.17	 1	 -42.3894	  173.7936
9.204	 2.11	 1	 -42.4112	  174.3026
9.204	 2.61	 1	 -41.7350	  174.2662
9.206	 2.15	 4	 -42.3569	  175.2587
9.209	 2.17	 1	 -42.0654	  173.5793
9.210	 2.81	 3	 -42.3992	  173.0397
9.210	 2.48	 1	 -42.4535	  173.1895
9.210	 2.19	 4	 -42.3203	  173.8425
9.211	 2.99	 3	 -42.7414	  173.1758
9.213	 2.50	 2	 -42.1163	  173.4637
9.214	 2.59	 1	 -42.3982	  173.2881
9.215	 2.25	 1	 -42.4508	  173.8069
9.215	 2.35	 2	 -41.7453	  174.2769
9.215	 3.83	 1	 -41.7151	  173.7430
9.219	 2.42	 1	 -42.2439	  173.6027
9.222	 2.48	 3	 -41.8564	  173.5979
9.224	 2.84	 1	 -41.8096	  174.4058
9.224	 2.03	 2	 -42.7794	  173.1642
9.228	 2.15	 1	 -41.6570	  174.2001
9.231	 2.26	 1	 -42.2252	  173.6204
9.233	 2.02	 3	 -43.0435	  172.4289
9.233	 2.79	 1	 -42.2972	  173.3974
9.234	 2.45	 1	 -42.4447	  173.7360
9.234	 2.21	 1	 -41.7230	  174.0456
9.236	 2.20	 1	 -42.6215	  172.9202
9.236	 2.25	 2	 -42.7698	  173.0953
9.238	 2.16	 1	 -42.3423	  173.8347
9.241	 2.04	 1	 -41.7784	  174.0776
9.243	 2.10	 1	 -41.6594	  174.2037
9.245	 2.41	 3	 -41.8568	  174.1827
9.245	 2.81	 1	 -42.2807	  173.5833
9.246	 3.16	 1	 -42.2906	  173.6648
9.246	 2.12	 1	 -41.7439	  174.2896
9.246	 2.24	 4	 -41.9250	  174.1900
9.247	 2.03	 1	 -42.3600	  173.4878
9.247	 2.03	 1	 -42.3813	  173.4381
9.248	 2.45	 3	 -42.6576	  172.8937
9.250	 2.30	 2	 -42.6519	  172.8108
9.251	 2.99	 1	 -42.4194	  173.0217
9.251	 2.30	 2	 -42.4368	  173.3120
9.255	 2.67	 1	 -42.5447	  173.3469
9.255	 2.07	 1	 -42.0714	  173.7775
9.258	 2.07	 1	 -41.9423	  173.9625
9.258	 2.26	 1	 -41.7828	  174.3006
9.258	 2.32	 1	 -42.4944	  173.8983
9.259	 2.23	 1	 -41.7712	  174.2583
9.259	 2.28	 1	 -42.1346	  173.5614
9.260	 2.28	 3	 -41.7008	  174.6553
9.261	 2.16	 3	 -42.4424	  172.9483
9.262	 2.24	 1	 -42.5462	  173.4130
9.262	 3.05	 1	 -42.3351	  173.5567
9.263	 2.10	 4	 -42.5231	  173.1362
9.264	 2.20	 4	 -42.8361	  172.8933
9.266	 2.46	 2	 -42.3526	  173.2957
9.267	 3.03	 3	 -42.3118	  173.4016
9.270	 2.72	 1	 -42.5988	  173.2120
9.271	 2.17	 2	 -42.4410	  173.3277
9.271	 2.41	 2	 -41.9940	  173.9417
9.271	 2.34	 1	 -41.8066	  173.9881
9.272	 2.99	 1	 -42.3646	  173.4593
9.273	 3.18	 2	 -42.3836	  173.6145
9.273	 3.21	 2	 -41.5798	  174.2267
9.273	 2.10	 4	 -42.4379	  172.9809
9.275	 2.54	 1	 -41.8559	  174.2403
9.278	 2.36	 3	 -42.7655	  173.1424
9.278	 3.04	 2	 -42.4136	  172.5887
9.278	 2.21	 4	 -42.6387	  173.0597
9.280	 2.37	 3	 -42.5367	  173.4079
9.280	 2.42	 3	 -42.5728	  173.0200
9.281	 2.14	 2	 -41.3609	  174.4968
9.283	 2.49	 1	 -42.3346	  173.7377
9.287	 2.67	 2	 -42.6145	  172.9382
9.287	 2.64	 2	 -41.7773	  174.2441
9.287	 2.00	 3	 -43.0443	  172.7417
9.289	 2.65	 1	 -42.4647	  173.9689
9.291	 2.00	 4	 -42.3432	  173.3910
9.291	 2.19	 1	 -42.1522	  173.5491
9.292	 2.40	 2	 -42.0693	  173.7744
9.293	 2.14	 2	 -42.3456	  173.4382
9.294	 2.81	 1	 -41.7301	  174.3047
9.294	 2.26	 1	 -41.7475	  174.2765
9.295	 2.50	 1	 -42.4397	  173.2063
9.297	 2.03	 1	 -41.6365	  173.4349
9.298	 2.90	 2	 -41.9891	  173.9442
9.299	 2.01	 3	 -41.9997	  173.7462
9.300	 2.04	 3	 -40.6785	  172.2774
9.301	 2.29	 3	 -42.6455	  172.9597
9.301	 2.43	 3	 -42.1589	  173.5603
9.302	 2.35	 3	 -42.4211	  173.0924
9.302	 2.40	 2	 -42.7023	  173.0824
9.302	 2.97	 3	 -41.8858	  173.8383
9.302	 2.17	 2	 -42.5995	  172.8874
9.304	 2.81	 3	 -42.2079	  173.5866
9.305	 2.14	 1	 -42.7015	  172.8927
9.307	 2.65	 3	 -41.7716	  174.4471
9.308	 2.07	 4	 -41.7106	  174.3059
9.311	 2.62	 1	 -41.6105	  174.1125
9.312	 2.02	 1	 -41.8698	  174.0041
9.313	 2.38	 3	 -42.0065	  173.6908
9.315	 2.36	 1	 -41.7744	  174.2058
9.316	 2.57	 1	 -42.5416	  174.0752
9.320	 2.31	 1	 -41.7782	  174.2830
9.320	 2.78	 4	 -41.0496	  174.0611
9.320	 2.56	 1	 -42.4104	  173.3391
9.321	 3.14	 1	 -42.3003	  174.2703
9.324	 2.28	 1	 -42.2747	  173.5907
9.324	 2.20	 1	 -41.9020	  174.0748
9.325	 2.20	 1	 -41.6953	  174.2676
9.328	 2.67	 2	 -42.3079	  172.6709
9.329	 2.12	 2	 -41.7837	  174.2392
9.329	 2.11	 1	 -41.9400	  174.2317
9.329	 3.41	 1	 -42.3045	  173.9171
9.329	 2.58	 1	 -41.7632	  174.3069
9.329	 2.05	 1	 -42.6019	  173.4646
9.329	 2.15	 1	 -42.6949	  172.9497
9.330	 2.40	 2	 -42.3586	  173.0807
9.330	 2.07	 3	 -41.8538	  174.2285
9.333	 2.72	 1	 -42.3358	  174.0059
9.334	 2.05	 1	 -42.6439	  172.9436
9.334	 2.24	 3	 -41.9141	  173.6361
9.335	 2.57	 2	 -42.2221	  173.1127
9.335	 2.43	 3	 -41.8253	  173.4106
9.335	 2.16	 1	 -42.1322	  173.1715
9.336	 2.39	 2	 -41.8180	  174.0234
9.337	 2.13	 3	 -42.5686	  172.8633
9.340	 2.82	 1	 -42.0551	  173.7519
9.343	 3.56	 4	 -42.3109	  173.4019
9.344	 2.63	 2	 -42.4006	  173.2869
9.345	 2.10	 3	 -41.6904	  173.4246
9.346	 2.89	 1	 -42.2985	  173.8082
9.348	 2.00	 2	 -41.7786	  174.2105
9.348	 2.01	 2	 -42.4106	  173.7585
9.353	 2.92	 3	 -41.8946	  173.5939
9.357	 3.21	 4	 -42.2198	  172.9956
9.357	 2.34	 1	 -42.7892	  173.0672
9.360	 2.22	 1	 -41.7434	  174.2658
9.361	 2.37	 4	 -42.3189	  173.8410
9.362	 2.45	 1	 -42.2975	  173.8485
9.365	 2.28	 2	 -42.4157	  173.0267
9.366	 2.52	 1	 -41.6762	  174.1992
9.367	 2.15	 5	 -42.4925	  173.7485
9.369	 2.19	 1	 -42.0281	  173.9213
9.372	 2.36	 1	 -42.1024	  173.0617
9.373	 2.01	 1	 -41.9915	  173.6437
9.373	 2.62	 3	 -41.9201	  173.6108
9.374	 2.22	 1	 -41.6953	  174.1712
9.374	 2.78	 3	 -42.3808	  174.8412
9.376	 2.18	 1	 -42.6290	  172.8171
9.376	 2.41	 2	 -42.5609	  173.0731
9.377	 3.35	 3	 -41.6389	  174.3448
9.378	 2.33	 2	 -41.6332	  173.7814
9.382	 2.04	 2	 -42.2700	  173.7008
9.383	 2.17	 1	 -42.3616	  173.5512
9.383	 2.27	 1	 -42.4154	  173.5659
9.383	 3.01	 3	 -42.6649	  172.6412
9.388	 2.33	 1	 -41.7573	  174.1869
9.389	 2.03	 3	 -44.4705	  171.3985
9.390	 2.09	 1	 -42.1541	  173.6658
9.391	 2.40	 3	 -41.8216	  174.0465
9.393	 2.18	 2	 -41.9127	  174.0193
9.396	 2.45	 1	 -42.2369	  173.0045
9.397	 2.37	 3	 -43.0708	  173.6669
9.397	 3.75	 1	 -42.8089	  173.5215
9.398	 2.94	 1	 -42.4836	  173.0351
9.398	 2.46	 1	 -43.4262	  174.2462
9.399	 3.04	 1	 -42.0981	  173.5817
9.400	 2.85	 2	 -42.4194	  173.4935
9.401	 2.76	 1	 -41.7240	  174.2804
9.404	 2.11	 1	 -42.2927	  173.8094
9.406	 2.12	 2	 -42.4162	  173.6308
9.407	 2.39	 2	 -40.1783	  173.9965
9.407	 2.16	 3	 -41.9131	  173.5932
9.408	 2.05	 3	 -41.8267	  173.4505
9.412	 2.23	 3	 -42.7980	  173.0394
9.413	 2.19	 2	 -42.0883	  173.6008
9.413	 2.11	 4	 -42.5994	  172.9712
9.413	 2.11	 1	 -41.7734	  174.2889
9.414	 3.22	 3	 -41.8710	  173.2057
9.415	 2.31	 3	 -41.9355	  173.7855
9.415	 2.14	 1	 -42.4738	  173.8743
9.415	 3.81	 1	 -41.6804	  174.2800
9.417	 3.16	 2	 -41.8316	  174.6684
9.419	 2.41	 1	 -41.7228	  174.3284
9.421	 2.61	 3	 -42.3200	  173.9904
9.422	 2.01	 2	 -41.6818	  174.3370
9.422	 2.52	 2	 -42.7652	  173.1326
9.428	 2.74	 1	 -41.9311	  174.0483
9.432	 2.30	 1	 -42.3867	  173.2276
9.433	 2.14	 1	 -41.8043	  174.2288
9.434	 2.01	 2	 -42.1433	  173.5638
9.435	 2.84	 1	 -42.4773	  172.8479
9.440	 2.36	 2	 -41.7737	  174.2384
9.441	 3.32	 1	 -41.7670	  174.3328
9.442	 2.28	 1	 -42.3484	  173.8981
9.444	 2.13	 1	 -42.6202	  178.6077
9.444	 2.01	 1	 -42.2742	  173.6580
9.445	 2.80	 1	 -42.3808	  172.4866
9.445	 2.54	 2	 -41.8664	  173.8766
9.445	 2.05	 2	 -41.8315	  173.6749
9.445	 4.25	 1	 -41.6125	  174.2616
9.447	 2.19	 1	 -42.4457	  173.1071
9.447	 2.34	 1	 -42.6516	  172.7694
9.452	 2.20	 2	 -41.9108	  174.0876
9.453	 2.15	 3	 -40.5271	  173.9855
9.454	 2.20	 1	 -42.4655	  173.1782
9.455	 2.07	 2	 -42.4861	  173.9638
9.458	 2.84	 1	 -41.7595	  174.2681
9.462	 2.71	 4	 -42.4991	  172.7382
9.463	 2.42	 1	 -42.6293	  173.2625
9.467	 2.53	 1	 -43.1343	  172.4439
9.467	 2.05	 2	 -42.1994	  173.6651
9.468	 2.67	 3	 -41.9341	  173.5876
9.475	 2.28	 1	 -42.4720	  173.3041
9.476	 2.19	 3	 -42.6507	  173.0109
9.477	 2.36	 1	 -41.7809	  174.2193
9.478	 2.58	 1	 -42.3996	  173.9636
9.478	 2.36	 4	 -42.7214	  173.1943
9.479	 2.10	 2	 -42.3159	  172.5823
9.480	 2.97	 1	 -41.5791	  174.4849
9.482	 2.24	 1	 -42.4154	  173.2030
9.482	 2.73	 2	 -41.7308	  174.4588
9.482	 2.17	 1	 -41.8427	  174.0480
9.484	 2.59	 2	 -42.3408	  173.7072
9.484	 2.14	 1	 -42.0508	  173.8058
9.489	 2.50	 2	 -41.5532	  174.1003
9.490	 2.40	 4	 -42.7723	  173.0288
9.491	 2.31	 1	 -42.2299	  174.4082
9.494	 2.03	 2	 -42.4774	  172.9433
9.495	 2.80	 1	 -41.8329	  174.0883
9.496	 2.19	 1	 -42.4510	  173.0883
9.497	 2.28	 1	 -42.3689	  174.0188
9.497	 2.12	 1	 -41.6000	  174.3008
9.497	 2.42	 2	 -42.2307	  173.7731
9.502	 2.02	 1	 -42.7915	  173.0227
9.503	 2.19	 1	 -42.6711	  173.1038
9.504	 3.47	 3	 -39.0211	  171.1903
9.508	 2.13	 3	 -41.7845	  174.1163
9.508	 2.21	 2	 -41.9905	  173.9987
9.510	 2.17	 1	 -41.7527	  174.2863
9.512	 2.26	 2	 -42.7951	  172.9397
9.512	 2.52	 1	 -42.5322	  173.7085
9.513	 2.98	 1	 -42.1941	  173.6208
9.517	 2.03	 2	 -42.3019	  173.9148
9.517	 2.57	 1	 -41.6710	  174.3830
9.518	 2.31	 3	 -42.2021	  173.7848
9.519	 2.84	 5	 -41.8617	  173.5690
9.521	 2.14	 2	 -41.7727	  174.3268
9.521	 3.71	 1	 -42.5410	  173.0660
9.521	 2.42	 5	 -41.8751	  173.6244
9.521	 2.15	 3	 -41.4969	  174.2357
9.522	 2.15	 2	 -42.7798	  172.9295
9.523	 2.15	 1	 -41.6727	  174.2584
9.525	 2.48	 2	 -42.3324	  173.8341
9.527	 2.58	 1	 -39.5437	  168.6547
9.528	 2.21	 1	 -41.8762	  177.2251
9.529	 3.21	 1	 -42.2876	  174.0523
9.531	 2.12	 1	 -41.6915	  174.3021
9.532	 2.24	 2	 -41.8093	  174.0369
9.533	 2.83	 1	 -42.1721	  173.6111
9.533	 3.29	 2	 -42.4263	  173.3397
9.533	 2.01	 1	 -38.3053	  177.2142
9.536	 2.06	 1	 -42.7215	  172.2928
9.536	 2.06	 1	 -42.2830	  173.8742
9.538	 2.33	 3	 -42.3701	  172.9861
9.540	 2.42	 1	 -42.1098	  173.7751
9.540	 2.75	 1	 -41.7288	  174.3804
9.541	 2.38	 1	 -42.5513	  174.0101
9.543	 2.37	 3	 -41.9520	  173.5466
9.544	 3.08	 1	 -41.7358	  174.2240
9.546	 2.27	 1	 -41.8642	  174.2128
9.546	 2.08	 1	 -42.0649	  173.4184
9.546	 2.18	 1	 -42.5421	  173.9281
9.547	 3.42	 5	 -42.4564	  171.4898
9.547	 2.33	 2	 -42.4233	  173.7309
9.547	 3.13	 3	 -41.7856	  174.2142
9.547	 2.16	 3	 -42.1612	  173.0538
9.548	 2.11	 1	 -42.4597	  174.5916
9.549	 2.18	 1	 -42.4071	  173.8153
9.553	 2.13	 1	 -42.2400	  173.4700
9.556	 2.40	 1	 -41.8016	  174.1654
9.560	 3.71	 3	 -38.2451	  171.0762
9.561	 2.27	 1	 -41.7842	  174.2281
9.562	 2.47	 1	 -42.1425	  173.7275
9.562	 3.51	 2	 -42.6934	  172.2798
9.564	 2.55	 1	 -42.5678	  173.3311
9.566	 3.21	 2	 -41.4724	  173.9556
9.566	 2.15	 1	 -42.6239	  173.0574
9.566	 2.16	 1	 -42.8519	  173.6050
9.569	 2.04	 1	 -42.3653	  173.9160
9.570	 2.45	 1	 -42.4095	  173.3893
9.570	 2.22	 1	 -41.6938	  174.3004
9.571	 3.48	 1	 -41.7856	  174.1375
9.572	 2.99	 3	 -41.8127	  174.0408
9.572	 2.07	 1	 -42.1611	  173.5224
9.574	 2.88	 4	 -42.3324	  172.7096
9.575	 2.42	 1	 -41.5818	  174.7195
9.575	 2.89	 1	 -41.7449	  174.2452
9.579	 2.89	 3	 -41.9186	  173.6567
9.580	 2.69	 3	 -42.0376	  173.5733
9.580	 3.23	 4	 -42.2479	  173.5382
9.581	 2.04	 2	 -42.3160	  172.8585
9.582	 2.06	 2	 -42.3457	  173.8635
9.583	 2.18	 1	 -42.4325	  173.4459
9.584	 2.08	 4	 -42.4989	  173.0110
9.584	 2.08	 5	 -42.2643	  172.9843
9.585	 3.59	 3	 -45.1894	  175.2074
9.585	 2.00	 1	 -42.4538	  173.7852
9.585	 2.79	 1	 -42.2027	  173.8307
9.586	 2.50	 5	 -42.4972	  172.8000
9.590	 2.46	 1	 -41.6991	  174.2064
9.590	 2.16	 2	 -41.3697	  174.1644
9.591	 2.15	 1	 -42.7917	  173.0668
9.595	 2.49	 3	 -43.4159	  175.6112
9.595	 2.12	 1	 -42.0092	  173.6330
9.595	 2.46	 1	 -41.9998	  173.9014
9.597	 2.15	 1	 -41.6931	  174.3460
9.600	 2.35	 1	 -42.6225	  173.1760
9.606	 2.44	 1	 -41.5954	  174.6951
9.610	 2.43	 2	 -42.4823	  173.2359
9.611	 2.26	 3	 -42.5580	  172.9975
9.613	 2.33	 1	 -41.9843	  173.8915
9.613	 2.10	 2	 -41.9843	  173.0473
9.615	 2.00	 4	 -41.8564	  174.1827
9.616	 3.33	 2	 -41.6362	  173.4364
9.617	 2.17	 3	 -41.9160	  173.6558
9.618	 2.75	 3	 -41.8397	  173.5108
9.619	 2.08	 1	 -42.4363	  173.9387
9.620	 2.72	 3	 -43.0767	  173.5900
9.620	 2.74	 2	 -41.7030	  174.2935
9.623	 2.60	 1	 -41.7654	  174.1213
9.623	 2.02	 1	 -43.7505	  171.2409
9.625	 2.63	 2	 -41.7005	  174.2546
9.627	 2.01	 3	 -42.5063	  172.9916
9.628	 2.60	 3	 -42.5761	  172.9438
9.630	 2.17	 4	 -42.0469	  173.5872
9.634	 2.35	 1	 -41.7363	  174.2147
9.634	 2.25	 1	 -42.3035	  173.6563
9.634	 2.43	 1	 -42.2143	  173.6607
9.636	 2.19	 2	 -42.3403	  173.9156
9.637	 2.10	 4	 -41.7238	  174.1475
9.638	 2.41	 1	 -41.7134	  174.3230
9.639	 2.70	 1	 -42.7138	  172.8117
9.640	 2.23	 1	 -41.5078	  172.9827
9.640	 2.17	 1	 -37.9310	  177.5260
9.643	 2.03	 2	 -42.0719	  173.7377
9.644	 2.25	 1	 -42.5472	  173.7606
9.645	 2.06	 1	 -42.6631	  172.8086
9.646	 2.00	 1	 -42.4162	  173.7978
9.648	 2.45	 1	 -42.2984	  173.9447
9.649	 3.19	 1	 -41.7181	  174.2918
9.649	 2.20	 1	 -42.2987	  173.8326
9.650	 2.09	 2	 -42.2053	  173.8261
9.652	 2.08	 3	 -41.8294	  173.7036
9.654	 3.00	 1	 -42.3243	  174.1375
9.655	 2.13	 4	 -41.7232	  174.6472
9.656	 2.48	 1	 -42.0440	  173.7839
9.656	 2.16	 3	 -41.7178	  174.2198
9.657	 2.47	 1	 -42.4641	  173.8207
9.658	 2.96	 2	 -41.6680	  174.1887
9.659	 2.76	 4	 -42.6204	  172.9145
9.660	 2.54	 1	 -41.8354	  173.9501
9.660	 2.67	 5	 -42.6098	  172.8954
9.660	 2.48	 1	 -41.6720	  174.3033
9.660	 2.86	 1	 -42.5223	  173.4098
9.662	 2.39	 1	 -42.5304	  173.0811
9.662	 2.06	 3	 -42.4565	  173.1926
9.665	 3.25	 1	 -42.6419	  173.0308
9.668	 2.96	 3	 -41.8729	  173.7085
9.670	 2.60	 2	 -42.4976	  173.3130
9.672	 2.06	 1	 -41.6293	  174.2437
9.675	 2.02	 1	 -42.0156	  174.3519
9.675	 2.09	 3	 -41.9181	  173.5889
9.677	 3.63	 2	 -41.8945	  174.0408
9.681	 2.08	 1	 -42.3607	  174.0322
9.682	 2.02	 1	 -42.5965	  173.0484
9.685	 2.35	 3	 -37.4894	  172.4248
9.686	 2.49	 1	 -42.2179	  173.0628
9.686	 2.63	 1	 -43.3835	  172.9722
9.686	 2.20	 1	 -42.3228	  173.4876
9.688	 2.08	 1	 -44.8396	  172.4734
9.688	 2.48	 1	 -41.6888	  174.2905
9.689	 3.16	 1	 -41.8424	  174.2713
9.693	 2.46	 1	 -42.5625	  173.8049
9.696	 2.17	 1	 -42.0558	  174.1656
9.697	 2.22	 3	 -42.7701	  173.1521
9.702	 2.57	 2	 -41.5869	  174.2536
9.705	 2.06	 1	 -42.5758	  173.0215
9.705	 2.04	 1	 -42.2026	  173.7181
9.708	 2.38	 1	 -42.1390	  173.6104
9.708	 3.98	 1	 -42.3651	  173.8712
9.709	 2.27	 5	 -43.5963	  172.0590
9.710	 2.11	 1	 -41.6949	  174.2598
9.712	 4.25	 1	 -42.5948	  172.9211
9.716	 2.67	 1	 -42.5462	  173.8920
9.717	 3.36	 1	 -42.5997	  172.9211
9.719	 2.20	 2	 -42.6707	  172.8403
9.720	 2.15	 1	 -41.9589	  174.0817
9.721	 2.24	 2	 -42.6611	  172.8909
9.721	 2.04	 1	 -38.6659	  173.8959
9.721	 2.98	 3	 -41.9003	  174.0804
9.722	 2.21	 3	 -42.3009	  173.4295
9.722	 2.00	 4	 -41.6921	  174.1426
9.722	 2.03	 3	 -41.9944	  173.7926
9.724	 2.11	 1	 -41.7888	  174.3307
9.725	 2.65	 1	 -42.3917	  173.7656
9.725	 2.22	 4	 -42.7184	  172.4563
9.726	 2.34	 2	 -42.6067	  172.9441
9.729	 2.23	 2	 -42.3672	  173.8709
9.734	 2.98	 2	 -42.5481	  173.7603
9.735	 2.47	 2	 -42.0379	  173.6362
9.735	 2.58	 1	 -41.8321	  174.4411
9.735	 2.02	 1	 -41.6810	  174.3916
9.736	 2.32	 2	 -42.1570	  173.5518
9.738	 2.16	 1	 -42.6184	  173.0098
9.741	 2.93	 2	 -41.5711	  174.4962
9.741	 2.09	 1	 -42.3160	  173.1392
9.742	 2.17	 1	 -41.7826	  174.2666
9.743	 4.22	 1	 -42.5285	  173.2102
9.746	 2.58	 1	 -42.3491	  173.5906
9.748	 2.40	 3	 -41.8159	  173.8025
9.750	 2.87	 1	 -41.6493	  174.3140
9.752	 2.08	 1	 -46.6559	  172.4828
9.752	 3.10	 1	 -42.2761	  173.9947
9.754	 2.02	 1	 -41.9879	  173.8317
9.754	 2.04	 1	 -41.8495	  174.1185
9.755	 2.64	 4	 -42.0664	  173.5618
9.757	 2.03	 3	 -43.2260	  174.9932
9.757	 3.20	 1	 -41.7263	  174.2975
9.759	 2.63	 1	 -42.0095	  173.0260
9.760	 2.03	 1	 -41.8475	  173.7342
9.761	 2.16	 1	 -45.9052	  176.4912
9.761	 2.37	 1	 -42.4606	  173.6047
9.762	 2.07	 2	 -42.5398	  173.3339
9.762	 2.01	 1	 -42.2580	  173.6376
9.763	 3.43	 2	 -41.6067	  174.2486
9.765	 2.59	 2	 -42.2061	  173.5941
9.770	 2.98	 2	 -40.9860	  173.2472
9.771	 2.32	 1	 -42.2316	  173.8988
9.777	 2.62	 1	 -42.3516	  173.6741
9.779	 2.75	 1	 -41.4825	  174.4745
9.780	 2.44	 1	 -41.5207	  173.8364
9.782	 2.02	 1	 -42.6641	  172.9928
9.783	 2.29	 2	 -41.8132	  174.2525
9.784	 2.26	 1	 -41.7153	  174.3823
9.785	 2.14	 1	 -43.1682	  172.8885
9.785	 2.00	 1	 -42.4453	  173.1826
9.789	 2.72	 3	 -42.0226	  173.6006
9.789	 2.84	 2	 -42.6583	  172.8146
9.793	 2.24	 4	 -41.6404	  174.3400
9.794	 4.45	 1	 -42.5144	  173.0461
9.796	 2.27	 3	 -41.7849	  173.1791
9.797	 2.37	 3	 -42.7399	  172.8872
9.798	 2.21	 3	 -42.7325	  173.2384
9.799	 2.83	 2	 -41.7246	  174.3784
9.800	 2.03	 1	 -42.4526	  172.8632
9.804	 5.04	 2	 -41.6692	  174.4032
9.805	 2.08	 2	 -42.6307	  173.0532
9.808	 2.32	 1	 -42.3652	  173.0947
9.809	 2.31	 1	 -42.7846	  173.0826
9.809	 2.74	 3	 -42.6857	  173.0327
9.810	 2.25	 3	 -41.8355	  173.2543
9.810	 2.51	 3	 -41.6605	  174.3934
9.811	 2.10	 1	 -42.2816	  173.7296
9.811	 2.25	 1	 -42.0263	  174.1748
9.813	 2.20	 3	 -42.3709	  173.2173
9.814	 2.02	 1	 -42.2217	  173.5057
9.814	 2.02	 3	 -42.6509	  173.0586
9.815	 2.08	 4	 -42.4984	  172.9350
9.815	 2.52	 1	 -42.9576	  173.0190
9.815	 2.05	 2	 -42.0704	  173.3002
9.815	 2.99	 3	 -41.8326	  173.5814
9.816	 2.49	 1	 -42.8584	  172.8631
9.817	 2.09	 1	 -41.8305	  174.2292
9.819	 3.27	 3	 -42.0602	  173.6376
9.820	 2.05	 2	 -42.5273	  173.1346
9.820	 2.28	 1	 -41.8355	  174.2342
9.820	 2.06	 3	 -41.6664	  174.4040
9.823	 3.17	 1	 -42.5272	  172.9377
9.823	 2.18	 1	 -42.2398	  173.1222
9.823	 2.05	 3	 -41.5030	  173.8079
9.826	 2.39	 2	 -42.5309	  173.0428
9.826	 2.37	 1	 -42.0136	  172.2159
9.827	 2.06	 2	 -42.4690	  173.2545
9.828	 2.11	 1	 -42.2681	  173.3550
9.831	 2.88	 1	 -43.7034	  172.3359
9.835	 2.14	 1	 -42.1217	  173.6714
9.836	 2.13	 2	 -42.5384	  173.0570
9.836	 2.19	 2	 -42.3540	  173.9849
9.837	 2.04	 1	 -42.5988	  173.0355
9.838	 3.06	 1	 -42.3557	  173.6209
9.842	 2.15	 1	 -41.6942	  174.2142
9.842	 3.46	 2	 -42.5273	  173.0297
9.843	 2.58	 2	 -42.7858	  173.1607
9.844	 2.39	 3	 -43.5877	  168.9590
9.844	 2.89	 1	 -43.6639	  179.0126
9.847	 2.54	 1	 -41.7851	  174.3067
9.847	 2.13	 2	 -42.0891	  173.7558
9.847	 2.98	 3	 -41.6253	  174.3729
9.848	 2.23	 1	 -42.4697	  173.1523
9.848	 2.11	 1	 -42.2403	  173.9105
9.850	 2.12	 1	 -42.0065	  173.6842
9.853	 2.30	 1	 -42.5309	  173.9341
9.854	 2.02	 1	 -42.3933	  171.0746
9.855	 2.55	 3	 -43.1434	  172.9846
9.858	 2.17	 1	 -42.2605	  173.4761
9.862	 2.12	 1	 -41.6884	  174.3552
9.863	 2.00	 1	 -42.6195	  173.2714
9.863	 2.30	 1	 -42.2347	  173.5605
9.865	 2.07	 2	 -42.5265	  172.8563
9.865	 2.70	 3	 -42.3766	  174.1164
9.866	 2.06	 3	 -42.7855	  172.9531
9.866	 2.71	 1	 -42.1824	  173.5749
9.866	 2.18	 3	 -41.6785	  174.2585
9.869	 2.22	 1	 -42.5147	  173.0452
9.873	 2.21	 2	 -41.9378	  174.0186
9.877	 2.50	 1	 -42.0027	  173.8254
9.880	 2.13	 2	 -42.3610	  173.8562
9.882	 2.12	 1	 -42.1070	  173.8531
9.883	 2.82	 1	 -42.2689	  173.8344
9.884	 2.05	 1	 -42.1819	  173.4508
9.884	 2.86	 1	 -42.6521	  172.8833
9.884	 2.10	 2	 -42.3623	  173.0948
9.889	 2.01	 2	 -42.1802	  173.4521
9.890	 2.01	 1	 -41.8299	  174.2126
9.890	 3.11	 1	 -42.6100	  172.6109
9.891	 2.12	 2	 -42.2005	  173.5002
9.892	 2.12	 3	 -41.7382	  174.3072
9.892	 2.11	 1	 -41.9348	  173.7925
9.894	 2.12	 1	 -42.3436	  173.9556
9.897	 2.81	 4	 -41.5770	  174.2226
9.903	 2.15	 2	 -41.4746	  174.4759
9.907	 2.14	 1	 -42.1796	  173.6725
9.907	 2.48	 1	 -42.5776	  173.0448
9.909	 2.09	 1	 -42.5717	  173.1226
9.913	 2.70	 1	 -42.7228	  172.9018
9.914	 2.01	 2	 -41.8287	  174.0053
9.915	 2.31	 1	 -42.3173	  173.8580
9.918	 2.18	 2	 -42.3657	  173.8967
9.918	 2.52	 3	 -41.6915	  174.3187
9.922	 3.02	 2	 -41.8649	  174.2596
9.924	 3.42	 3	 -42.5176	  172.9226
9.925	 2.24	 1	 -41.7737	  174.2690
9.927	 2.60	 3	 -41.6190	  174.2319
9.929	 3.18	 1	 -42.1375	  173.8126
9.929	 2.72	 1	 -42.2934	  173.6576
9.930	 2.04	 5	 -42.7422	  173.1053
9.930	 2.39	 2	 -42.4715	  173.2203
9.932	 3.01	 1	 -42.6016	  172.9311
9.933	 2.99	 3	 -41.6653	  174.4262
9.934	 2.17	 3	 -42.6990	  172.4593
9.934	 2.87	 1	 -41.5311	  172.2190
9.935	 3.21	 1	 -41.7888	  173.4541
9.938	 2.16	 3	 -41.8742	  173.6330
9.938	 3.43	 1	 -41.7315	  174.2469
9.944	 2.21	 1	 -41.6840	  174.3800
9.944	 2.39	 3	 -41.6141	  174.4331
9.945	 2.03	 5	 -42.1265	  172.7088
9.945	 2.42	 1	 -41.9587	  173.8788
9.946	 2.08	 1	 -41.7690	  174.3721
9.949	 2.13	 3	 -42.3679	  172.8141
9.951	 2.92	 2	 -41.9495	  173.6536
9.953	 2.09	 1	 -42.5834	  172.8159
9.954	 2.65	 1	 -41.7210	  174.3917
9.954	 4.09	 2	 -42.7276	  173.1369
9.956	 2.05	 3	 -42.7870	  172.7763
9.957	 2.08	 4	 -42.3905	  173.5034
9.960	 2.71	 1	 -42.3134	  173.9228
9.961	 2.68	 2	 -43.1244	  173.7052
9.963	 2.26	 1	 -42.4361	  174.0891
9.964	 2.42	 2	 -42.6369	  172.8488
9.966	 2.35	 2	 -41.7105	  173.7281
9.969	 4.08	 1	 -41.6987	  174.1582
9.969	 3.21	 2	 -42.8031	  173.2016
9.969	 2.23	 3	 -41.9030	  173.5870
9.969	 2.04	 1	 -42.3107	  173.6325
9.970	 2.39	 1	 -42.4524	  173.9771
9.971	 2.15	 1	 -41.7644	  174.3879
9.971	 2.20	 4	 -41.7395	  174.3083
9.975	 2.47	 2	 -41.8272	  174.3360
9.975	 2.23	 2	 -42.2066	  173.7276
9.977	 2.64	 4	 -42.6108	  172.9729
9.978	 2.40	 1	 -41.8952	  173.7681
9.979	 2.24	 1	 -42.7139	  173.1070
9.979	 2.57	 1	 -42.7026	  173.1800
9.979	 2.33	 3	 -42.4852	  174.2050
9.981	 2.32	 3	 -41.8809	  173.6365
9.982	 2.54	 3	 -42.6551	  173.0729
9.983	 2.16	 3	 -42.3881	  172.8382
9.985	 2.10	 2	 -42.5096	  173.0661
9.989	 2.21	 3	 -41.6999	  174.4063
9.992	 2.16	 2	 -42.5805	  172.9499
9.993	 2.55	 3	 -41.4755	  174.3938
9.999	 2.22	 1	 -42.1549	  173.5396
10.001	 2.21	 3	 -37.8368	  172.7649
10.002	 2.28	 2	 -42.1180	  173.7685
10.002	 2.13	 1	 -41.7150	  174.2762
10.003	 2.30	 2	 -42.7742	  173.1977
10.003	 2.20	 1	 -42.4636	  173.1588
10.004	 3.16	 2	 -42.0753	  172.4908
10.005	 3.24	 5	 -42.2468	  173.5311
10.006	 2.77	 1	 -41.7011	  174.2545
10.006	 2.13	 1	 -42.3297	  173.1673
10.007	 2.10	 3	 -42.4311	  173.7245
10.007	 2.48	 2	 -42.4440	  173.1830
10.010	 2.12	 1	 -42.2295	  172.6752
10.011	 2.04	 1	 -41.9595	  173.8700
10.011	 2.18	 3	 -42.6899	  173.1255
10.011	 2.48	 2	 -41.5284	  174.0346
10.011	 2.24	 1	 -42.2532	  173.1989
10.011	 2.07	 2	 -42.5477	  173.2261
10.012	 2.25	 1	 -41.7925	  174.2035
10.014	 2.24	 3	 -42.8197	  173.1827
10.014	 2.10	 1	 -41.7498	  174.2365
10.015	 2.17	 1	 -42.7208	  172.9258
10.015	 2.11	 2	 -41.7167	  174.1460
10.018	 2.36	 4	 -42.8942	  172.4228
10.018	 2.12	 1	 -41.7514	  174.3873
10.020	 2.26	 1	 -42.2780	  173.7442
10.020	 2.25	 1	 -42.2534	  173.6655
10.020	 3.06	 3	 -41.6994	  173.5693
10.021	 3.54	 3	 -42.3594	  172.8674
10.022	 2.06	 1	 -42.3350	  174.0913
10.022	 2.15	 3	 -43.1187	  173.7183
10.022	 2.06	 1	 -41.6346	  172.7595
10.023	 2.41	 1	 -42.5753	  173.4246
10.023	 2.28	 4	 -41.1281	  175.0132
10.025	 3.71	 2	 -42.4576	  173.8984
10.027	 3.08	 1	 -43.2211	  172.9476
10.028	 2.33	 1	 -42.4311	  173.9408
10.030	 2.10	 1	 -42.2789	  173.0250
10.033	 2.11	 1	 -42.4041	  174.0508
10.033	 2.82	 3	 -41.7742	  173.4597
10.034	 2.23	 1	 -41.6984	  174.1892
10.035	 2.18	 5	 -42.3304	  172.7052
10.035	 2.78	 4	 -41.8370	  173.5872
10.036	 2.08	 2	 -42.0270	  174.0664
10.039	 2.55	 1	 -40.8315	  179.4718
10.039	 2.22	 2	 -42.6366	  173.0477
10.040	 2.18	 2	 -42.4127	  173.0509
10.042	 2.78	 1	 -42.5188	  172.8024
10.042	 2.45	 1	 -42.1915	  173.5536
10.043	 2.62	 1	 -42.3023	  173.4700
10.043	 2.02	 1	 -42.4419	  173.9910
10.043	 2.68	 1	 -41.7799	  174.2557
10.043	 2.05	 1	 -42.2957	  173.7313
10.045	 2.00	 1	 -42.6810	  173.0141
10.047	 2.15	 1	 -42.3183	  173.5925
10.047	 2.63	 1	 -41.6731	  174.2790
10.049	 3.56	 2	 -41.7171	  174.1174
10.049	 2.71	 1	 -41.9703	  173.8982
10.049	 2.16	 1	 -42.6121	  172.9126
10.050	 2.71	 1	 -42.2761	  173.9310
10.050	 3.11	 2	 -42.0820	  173.7015
10.051	 2.52	 2	 -42.5748	  173.0642
10.051	 2.64	 2	 -42.4451	  173.1374
10.052	 2.02	 1	 -42.2869	  173.6605
10.052	 2.44	 2	 -42.2556	  174.1955
10.052	 2.21	 4	 -42.4339	  172.9614
10.055	 2.02	 2	 -41.9721	  174.3748
10.055	 2.08	 1	 -42.2452	  173.6720
10.055	 3.04	 2	 -41.5986	  174.2166
10.057	 2.01	 1	 -42.4050	  172.8010
10.058	 2.81	 1	 -42.3146	  173.4158
10.060	 3.20	 1	 -41.7555	  174.3213
10.061	 2.11	 1	 -41.3295	  174.4497
10.063	 2.05	 1	 -42.6045	  173.9281
10.065	 2.42	 3	 -42.4297	  173.9393
10.065	 2.78	 1	 -42.1265	  173.5473
10.065	 2.05	 2	 -42.5992	  172.5973
10.067	 2.26	 1	 -42.5863	  173.0994
10.068	 2.77	 2	 -42.4500	  173.8384
10.068	 2.13	 1	 -42.5543	  173.1550
10.068	 2.15	 3	 -41.7745	  174.3646
10.070	 2.46	 1	 -42.5714	  173.4549
10.071	 3.94	 2	 -42.2925	  174.5003
10.073	 2.45	 1	 -41.7614	  174.0632
10.073	 2.71	 3	 -40.1750	  173.9108
10.077	 2.26	 2	 -42.0169	  173.7695
10.077	 2.02	 1	 -42.2772	  173.9858
10.077	 2.68	 3	 -41.8110	  174.3497
10.080	 2.06	 2	 -42.5089	  173.1287
10.080	 2.02	 3	 -42.0982	  173.6984
10.082	 2.03	 2	 -42.5273	  173.9430
10.084	 2.23	 3	 -41.9339	  173.5720
10.087	 2.50	 1	 -42.0447	  173.7958
10.088	 2.01	 1	 -42.7165	  172.9744
10.090	 2.25	 2	 -41.9387	  173.7944
10.090	 2.31	 1	 -42.5619	  173.1814
10.091	 2.59	 1	 -42.2673	  174.1118
10.092	 2.51	 1	 -42.6750	  172.7504
10.094	 2.55	 1	 -42.0260	  173.7158
10.095	 2.55	 1	 -47.1439	  173.8881
10.095	 2.07	 1	 -42.2670	  173.7040
10.097	 2.51	 1	 -42.5750	  172.8118
10.097	 2.52	 1	 -46.2471	  176.4460
10.099	 2.40	 2	 -42.3814	  173.8856
10.102	 2.03	 3	 -41.6981	  174.4125
10.104	 2.44	 1	 -41.7033	  172.8993
10.104	 2.50	 1	 -42.2036	  173.5336
10.113	 2.09	 3	 -41.9018	  173.5890
10.116	 2.05	 1	 -41.8429	  173.4461
10.117	 3.14	 2	 -42.7885	  173.0754
10.118	 2.09	 4	 -41.8994	  174.0687
10.119	 3.05	 3	 -42.5818	  172.9421
10.119	 2.12	 2	 -41.6643	  174.2928
10.119	 2.20	 1	 -42.2694	  173.0599
10.121	 2.11	 1	 -42.0426	  173.6871
10.122	 2.32	 1	 -42.3135	  173.5330
10.124	 2.24	 3	 -41.9401	  173.6218
10.125	 2.34	 2	 -41.7384	  173.9563
10.126	 2.13	 1	 -41.7842	  174.2842
10.126	 2.47	 1	 -42.5139	  173.8092
10.128	 3.53	 1	 -42.2791	  173.6869
10.130	 2.44	 1	 -42.0805	  174.0392
10.131	 2.15	 1	 -41.8252	  174.1986
10.132	 2.65	 1	 -42.5834	  173.1295
10.132	 2.01	 1	 -42.3824	  173.8836
10.132	 2.38	 1	 -42.2599	  174.1719
10.135	 2.16	 4	 -42.2093	  173.5925
10.135	 3.20	 1	 -42.0193	  174.1954
10.139	 3.18	 2	 -42.6913	  173.1654
10.140	 2.16	 3	 -41.5221	  174.1026
10.142	 2.25	 2	 -41.7388	  174.3317
10.142	 2.47	 1	 -42.4172	  173.6089
10.142	 2.21	 2	 -41.9243	  174.2307
10.144	 2.36	 1	 -41.8015	  174.1425
10.145	 2.41	 1	 -41.4944	  175.1035
10.146	 2.46	 1	 -43.2043	  172.8746
10.147	 2.11	 1	 -42.2370	  173.7265
10.147	 2.45	 1	 -41.7282	  174.3006
10.148	 2.15	 2	 -41.3417	  172.3085
10.149	 3.04	 3	 -42.2928	  174.5029
10.150	 2.61	 3	 -42.3577	  173.9561
10.151	 2.21	 2	 -41.7146	  174.1064
10.155	 2.28	 3	 -41.6688	  174.4071
10.156	 2.06	 1	 -41.9624	  173.8949
10.156	 2.09	 2	 -42.2111	  173.7212
10.157	 2.08	 2	 -41.9370	  173.8908
10.161	 3.06	 4	 -42.4867	  174.2055
10.161	 2.30	 1	 -42.1887	  173.7118
10.162	 3.21	 1	 -41.7262	  174.1495
10.163	 2.26	 3	 -41.7190	  174.3782
10.168	 2.06	 3	 -42.7665	  173.2971
10.168	 2.29	 2	 -42.3697	  173.9371
10.169	 2.81	 3	 -41.6424	  174.3036
10.171	 2.21	 1	 -42.1779	  173.1687
10.172	 2.50	 1	 -42.2957	  172.9599
10.174	 2.04	 3	 -41.8775	  173.5716
10.176	 2.02	 2	 -41.7085	  174.2545
10.181	 2.50	 6	 -42.2541	  173.5311
10.181	 2.08	 1	 -41.9830	  173.8176
10.188	 2.91	 1	 -42.4371	  173.0683
10.189	 2.74	 1	 -41.7337	  174.3766
10.191	 2.11	 3	 -41.8899	  173.6619
10.193	 2.73	 1	 -42.5714	  173.1310
10.195	 2.11	 1	 -42.0232	  173.8204
10.198	 2.34	 1	 -42.5831	  173.6816
10.200	 2.53	 1	 -42.1552	  173.6345
10.201	 2.28	 1	 -41.7472	  174.2031
10.202	 2.53	 1	 -42.7863	  173.0379
10.203	 2.02	 4	 -41.3855	  174.7888
10.204	 2.55	 1	 -42.7749	  173.0966
10.204	 3.03	 3	 -41.8221	  173.5936
10.205	 3.10	 1	 -41.9434	  173.7092
10.205	 2.44	 3	 -41.6715	  174.4133
10.206	 2.40	 1	 -42.1376	  173.2586
10.206	 2.01	 3	 -41.9085	  174.0204
10.207	 2.01	 1	 -42.3500	  173.4099
10.207	 2.68	 3	 -42.4736	  173.9615
10.208	 2.75	 2	 -42.4055	  173.6831
10.209	 2.09	 3	 -42.6868	  173.0521
10.209	 2.21	 3	 -42.4130	  172.9523
10.211	 2.02	 2	 -42.2219	  173.6864
10.212	 2.24	 3	 -41.3048	  174.9116
10.214	 2.35	 1	 -42.6477	  172.7982
10.214	 2.38	 3	 -42.0052	  173.9359
10.215	 2.37	 1	 -42.4908	  173.2595
10.216	 2.81	 3	 -42.7139	  173.0116
10.220	 2.10	 1	 -41.8690	  173.8706
10.221	 2.61	 1	 -42.1115	  173.3758
10.224	 2.11	 1	 -41.8663	  174.3081
10.224	 2.30	 1	 -41.7607	  174.1249
10.225	 2.08	 2	 -42.2686	  173.7150
10.226	 2.58	 1	 -42.2303	  173.6903
10.227	 2.54	 1	 -42.4778	  173.2377
10.228	 2.88	 2	 -41.7614	  174.1250
10.231	 2.14	 1	 -42.2174	  173.5897
10.231	 2.25	 4	 -41.7318	  174.1847
10.234	 2.18	 1	 -42.2931	  173.7042
10.235	 2.29	 3	 -42.7169	  172.2925
10.236	 2.05	 4	 -42.4482	  172.9659
10.238	 2.17	 2	 -42.0166	  174.1772
10.238	 2.03	 1	 -42.5659	  172.4854
10.239	 2.09	 1	 -42.5987	  173.2000
10.242	 2.47	 3	 -41.6027	  174.2612
10.242	 2.66	 1	 -42.3973	  173.9890
10.243	 2.91	 2	 -41.8307	  173.8720
10.246	 2.10	 3	 -42.7274	  173.1455
10.246	 2.32	 1	 -41.8944	  173.9190
10.246	 2.14	 2	 -37.9409	  177.5158
10.246	 3.50	 3	 -42.5036	  172.8543
10.246	 2.30	 1	 -42.1449	  174.3322
10.249	 2.51	 3	 -42.2571	  173.5101
10.249	 2.15	 2	 -41.9933	  173.7841
10.250	 2.86	 1	 -42.3303	  173.7380
10.250	 2.50	 2	 -42.4093	  173.9921
10.254	 2.50	 1	 -42.2821	  173.6918
10.254	 2.72	 1	 -41.9885	  173.7133
10.254	 3.82	 1	 -42.0090	  173.7795
10.257	 3.47	 2	 -41.8046	  174.2832
10.259	 2.13	 1	 -42.1620	  173.6730
10.261	 2.41	 4	 -42.6627	  172.1151
10.261	 2.02	 1	 -40.6136	  175.0035
10.261	 2.34	 2	 -42.5105	  173.4886
10.261	 2.85	 1	 -41.7902	  174.2617
10.264	 2.16	 1	 -42.3289	  173.8089
10.265	 2.39	 1	 -42.5759	  172.9968
10.266	 2.03	 4	 -42.7095	  173.1524
10.266	 2.28	 1	 -41.5153	  174.2561
10.266	 2.00	 3	 -42.7567	  173.1354
10.268	 2.22	 1	 -41.9521	  174.0784
10.268	 2.35	 1	 -42.3484	  173.1164
10.270	 2.13	 4	 -41.8903	  173.6605
10.271	 2.14	 1	 -42.0201	  173.7009
10.271	 2.52	 1	 -41.7207	  174.2788
10.271	 5.34	 1	 -41.7985	  174.2744
10.272	 2.35	 2	 -41.8212	  174.2413
10.273	 2.35	 1	 -41.6857	  174.3407
10.273	 2.16	 2	 -41.8177	  174.2148
10.273	 2.40	 2	 -41.7005	  174.4025
10.274	 2.58	 1	 -42.7278	  173.1841
10.275	 2.01	 2	 -41.7997	  174.3071
10.275	 2.01	 1	 -42.1586	  173.7157
10.276	 2.26	 1	 -42.3306	  173.9812
10.276	 2.07	 4	 -42.7619	  173.0254
10.277	 2.96	 2	 -42.1819	  172.8639
10.278	 2.42	 1	 -42.7408	  173.1736
10.279	 2.02	 3	 -41.6167	  174.3538
10.280	 2.11	 2	 -41.8127	  174.2193
10.280	 2.10	 2	 -41.7857	  174.1357
10.282	 2.27	 3	 -41.9121	  173.6061
10.282	 2.04	 2	 -41.8328	  173.7771
10.283	 3.50	 2	 -41.7933	  174.2767
10.287	 2.02	 2	 -41.6914	  174.3195
10.287	 2.69	 2	 -41.7715	  174.1770
10.288	 3.17	 1	 -42.2366	  173.5569
10.289	 2.06	 2	 -42.5399	  173.2097
10.289	 3.75	 1	 -41.7700	  174.2553
10.291	 2.71	 1	 -42.2873	  173.6487
10.292	 2.90	 2	 -42.3605	  172.6902
10.293	 3.38	 1	 -41.9967	  173.4706
10.295	 2.51	 1	 -41.9672	  174.0747
10.296	 2.62	 2	 -41.7893	  174.1309
10.296	 2.04	 5	 -41.7394	  174.1891
10.297	 2.08	 2	 -42.3992	  173.1645
10.299	 2.06	 2	 -41.8101	  174.3068
10.299	 2.64	 2	 -42.3515	  173.9691
10.300	 3.42	 4	 -41.8203	  173.5861
10.301	 2.61	 1	 -41.7298	  174.3104
10.302	 2.09	 1	 -42.1122	  172.8756
10.302	 2.20	 2	 -41.7348	  174.2694
10.303	 2.62	 3	 -42.3184	  173.8511
10.303	 2.26	 3	 -41.8251	  173.7125
10.303	 2.65	 2	 -42.5372	  173.2000
10.303	 2.15	 4	 -38.2495	  171.0750
10.305	 2.87	 5	 -42.3924	  173.2663
10.306	 2.67	 2	 -41.7501	  174.3372
10.306	 2.11	 3	 -42.5513	  172.9747
10.307	 2.12	 2	 -42.3693	  174.3265
10.308	 2.46	 2	 -42.9627	  172.8467
10.309	 2.33	 2	 -41.7814	  174.2564
10.309	 2.66	 2	 -41.7707	  174.2590
10.309	 5.08	 2	 -42.5149	  173.0085
10.310	 2.02	 3	 -42.5405	  173.0847
10.310	 2.03	 3	 -42.4944	  173.0068
10.311	 2.07	 2	 -42.0236	  174.2029
10.313	 2.52	 1	 -42.4035	  173.9415
10.315	 2.60	 2	 -42.5589	  173.2284
10.317	 2.00	 1	 -42.5809	  173.2329
10.317	 2.04	 2	 -41.9095	  174.0201
10.317	 2.08	 2	 -41.7285	  174.1667
10.318	 2.35	 2	 -42.4962	  172.9720
10.319	 2.07	 2	 -41.4672	  173.8435
10.319	 2.88	 1	 -41.9901	  174.2400
10.320	 2.49	 1	 -42.4077	  172.0174
10.320	 3.33	 2	 -41.9993	  173.7855
10.321	 2.21	 2	 -41.7942	  174.2564
10.321	 2.51	 3	 -42.6686	  172.9121
10.325	 2.04	 1	 -41.8265	  174.0255
10.326	 2.01	 1	 -42.6469	  172.6876
10.326	 2.30	 1	 -44.6057	  171.6861
10.328	 2.14	 1	 -41.5481	  174.4708
10.328	 2.31	 3	 -42.5012	  172.4877
10.329	 2.36	 2	 -40.0357	  172.5038
10.330	 2.37	 1	 -42.5484	  173.0768
10.330	 2.82	 1	 -41.8594	  174.1922
10.337	 2.21	 3	 -41.9296	  173.6194
10.337	 2.43	 2	 -41.7205	  174.1508
10.337	 2.26	 1	 -41.5529	  174.1488
10.338	 2.53	 2	 -42.7127	  173.1568
10.340	 2.08	 1	 -42.3923	  173.5633
10.340	 2.07	 2	 -42.7714	  173.0851
10.341	 2.00	 2	 -41.3997	  174.3895
10.341	 2.04	 1	 -42.0554	  173.7860
10.343	 2.14	 2	 -42.5451	  172.9755
10.344	 2.26	 2	 -42.0072	  173.8428
10.345	 2.40	 1	 -42.5994	  172.9703
10.345	 2.73	 2	 -42.2226	  173.8193
10.347	 2.86	 3	 -42.5201	  173.0126
10.348	 2.38	 1	 -42.5847	  173.2814
10.348	 2.20	 1	 -42.3079	  173.6995
10.348	 2.41	 1	 -41.9308	  173.8935
10.351	 2.16	 1	 -42.6874	  172.8184
10.351	 2.33	 2	 -42.8795	  172.9553
10.352	 3.07	 1	 -42.6696	  172.8677
10.353	 2.00	 2	 -41.7048	  174.1322
10.353	 2.67	 1	 -42.4513	  173.1740
10.353	 2.20	 1	 -42.2104	  173.8630
10.354	 2.29	 1	 -42.6800	  172.8797
10.356	 2.32	 2	 -41.7393	  174.1874
10.357	 3.00	 4	 -42.6276	  173.0137
10.360	 2.48	 2	 -42.4221	  173.1110
10.360	 3.99	 1	 -41.6310	  174.2331
10.360	 2.66	 3	 -42.6933	  173.2362
10.362	 2.31	 4	 -41.9270	  173.5787
10.363	 2.35	 3	 -41.9582	  174.4880
10.370	 2.50	 2	 -42.6874	  172.2933
10.370	 2.22	 1	 -42.4992	  173.0245
10.371	 3.22	 3	 -42.5081	  173.0608
10.373	 2.10	 2	 -42.3546	  174.0066
10.376	 3.34	 1	 -42.8064	  172.8443
10.376	 2.08	 1	 -42.6181	  173.7762
10.376	 2.14	 1	 -41.6847	  174.2703
10.376	 2.00	 1	 -41.8285	  174.2167
10.377	 2.30	 3	 -42.4707	  172.9904
10.377	 2.30	 2	 -41.6079	  174.1527
10.380	 2.04	 2	 -42.4071	  173.6442
10.381	 2.10	 3	 -42.5199	  172.9746
10.384	 2.94	 3	 -43.0149	  166.8917
10.384	 3.52	 3	 -42.5153	  172.9207
10.384	 2.38	 2	 -41.7320	  174.1440
10.384	 2.70	 1	 -41.7232	  174.3160
10.385	 3.90	 3	 -41.8866	  173.5840
10.385	 2.27	 1	 -41.7059	  174.2539
10.385	 2.23	 2	 -41.8040	  174.2863
10.386	 2.64	 3	 -42.5665	  172.9315
10.387	 2.69	 1	 -42.9283	  176.1101
10.388	 3.84	 1	 -42.1681	  173.8708
10.392	 2.54	 1	 -42.7676	  172.8414
10.392	 2.40	 3	 -42.4577	  173.0038
10.396	 2.74	 3	 -41.6056	  174.1525
10.396	 2.24	 1	 -42.6511	  173.0742
10.397	 2.12	 1	 -42.2688	  173.6408
10.397	 2.07	 2	 -41.8337	  174.2204
10.398	 2.53	 3	 -41.9020	  174.0474
10.400	 2.11	 2	 -42.2818	  173.8410
10.402	 2.77	 2	 -41.7351	  174.3772
10.403	 2.37	 2	 -42.0432	  173.6960
10.403	 2.16	 1	 -42.3502	  173.9360
10.405	 2.20	 2	 -42.0544	  173.7598
10.407	 2.87	 1	 -41.7909	  174.1739
10.409	 3.00	 2	 -41.6659	  174.2777
10.409	 2.02	 1	 -42.0447	  173.8221
10.409	 2.69	 1	 -41.7843	  174.2831
10.411	 2.06	 1	 -41.7040	  174.3173
10.415	 2.11	 2	 -42.0811	  173.8654
10.415	 2.47	 4	 -43.0161	  166.8998
10.418	 2.06	 1	 -42.2333	  173.7082
10.419	 2.19	 2	 -41.7054	  172.2052
10.420	 2.78	 2	 -41.5521	  174.3244
10.421	 2.01	 2	 -42.2308	  173.5816
10.421	 2.31	 2	 -41.8046	  174.2327
10.423	 2.20	 1	 -42.4051	  173.1973
10.425	 2.69	 1	 -42.4950	  173.0313
10.428	 3.22	 3	 -42.5587	  172.9096
10.429	 2.02	 1	 -42.3340	  173.5632
10.433	 2.14	 1	 -42.3518	  173.4422
10.434	 2.36	 2	 -42.2715	  172.9992
10.434	 4.34	 4	 -41.8793	  173.6332
10.434	 2.24	 2	 -41.6994	  174.3519
10.434	 2.12	 1	 -42.3589	  173.9890
10.434	 2.75	 1	 -41.7904	  174.1796
10.434	 2.12	 1	 -42.0602	  174.2405
10.435	 2.32	 4	 -41.9002	  173.7664
10.435	 2.63	 1	 -42.2194	  173.5528
10.436	 2.17	 1	 -41.9287	  173.8727
10.439	 2.04	 3	 -42.4684	  172.8744
10.439	 2.76	 2	 -42.2324	  173.4689
10.442	 2.31	 1	 -41.7585	  174.1561
10.442	 2.20	 5	 -41.8951	  173.6924
10.443	 2.14	 1	 -41.6345	  174.2183
10.443	 2.44	 2	 -41.8158	  174.0496
10.445	 2.76	 2	 -41.6930	  172.9208
10.446	 2.06	 1	 -42.5989	  172.6129
10.446	 2.13	 1	 -42.4152	  173.4503
10.447	 2.30	 4	 -42.4171	  173.1585
10.448	 3.95	 2	 -42.5714	  173.9409
10.449	 2.60	 2	 -41.8101	  174.2903
10.449	 2.15	 2	 -41.7375	  174.2813
10.452	 2.24	 1	 -41.6606	  174.1605
10.453	 2.25	 1	 -41.7414	  173.9689
10.455	 2.42	 3	 -42.5491	  173.0514
10.457	 2.22	 1	 -42.1948	  173.0833
10.458	 2.21	 1	 -42.4322	  173.7510
10.459	 3.31	 2	 -41.5403	  174.4664
10.461	 2.08	 1	 -41.7687	  174.4661
10.461	 2.15	 1	 -41.9866	  174.0865
10.462	 2.30	 1	 -41.6398	  174.2844
10.462	 2.25	 2	 -42.7617	  173.1133
10.463	 2.10	 2	 -46.2338	  176.6395
10.463	 2.22	 2	 -42.5510	  174.0126
10.464	 2.01	 1	 -41.6733	  174.1962
10.465	 2.52	 3	 -42.1477	  173.2786
10.468	 2.07	 1	 -42.2687	  173.6311
10.469	 3.14	 3	 -42.4208	  174.7688
10.470	 2.09	 1	 -42.4677	  172.9663
10.472	 2.17	 4	 -41.7539	  174.1748
10.474	 2.24	 1	 -42.4177	  173.7567
10.478	 2.84	 2	 -42.1655	  173.6540
10.479	 3.12	 3	 -42.6067	  173.0126
10.479	 2.12	 2	 -41.7871	  174.2980
10.480	 2.23	 1	 -42.2621	  173.3721
10.480	 2.15	 3	 -42.5590	  172.9967
10.481	 2.07	 1	 -41.7157	  174.3416
10.483	 2.83	 2	 -42.0724	  173.8861
10.484	 2.89	 1	 -42.4372	  173.8931
10.488	 2.28	 1	 -41.7671	  174.3189
10.495	 2.61	 1	 -42.3873	  173.6909
10.496	 2.29	 1	 -42.1077	  172.9090
10.497	 2.27	 1	 -41.8004	  174.1872
10.497	 2.10	 2	 -42.2822	  173.6920
10.497	 2.38	 1	 -42.6781	  172.8480
10.498	 3.88	 1	 -41.7986	  173.5112
10.498	 2.38	 1	 -41.6655	  174.0849
10.498	 2.54	 3	 -41.8977	  173.5485
10.501	 2.39	 1	 -42.2104	  173.5785
10.502	 2.29	 3	 -42.5429	  173.4117
10.508	 2.58	 1	 -41.7148	  174.2761
10.509	 2.01	 3	 -42.7310	  173.1323
10.511	 2.02	 3	 -41.6036	  174.3677
10.512	 2.37	 2	 -41.8923	  174.2169
10.513	 2.51	 2	 -42.5132	  173.0410
10.517	 2.03	 2	 -41.7719	  174.2292
10.517	 2.16	 1	 -42.5268	  173.9063
10.521	 2.43	 4	 -41.7417	  174.1699
10.521	 2.01	 2	 -42.6013	  172.9312
10.521	 2.65	 1	 -42.7085	  172.9733
10.522	 2.50	 3	 -41.5050	  174.3447
10.522	 2.58	 3	 -43.2987	  172.8395
10.522	 3.50	 2	 -41.8283	  174.1915
10.524	 3.17	 1	 -42.6427	  173.5766
10.525	 2.02	 1	 -41.6680	  174.2310
10.526	 2.21	 2	 -41.7647	  174.2016
10.528	 2.35	 3	 -42.5153	  173.0039
10.531	 2.67	 1	 -42.4614	  173.7125
10.532	 2.38	 3	 -41.9557	  173.5687
10.532	 2.56	 2	 -42.7382	  173.1059
10.532	 2.21	 1	 -42.5780	  173.1749
10.533	 2.13	 1	 -41.7497	  174.0852
10.534	 2.59	 1	 -41.9916	  173.6262
10.534	 2.32	 2	 -42.3849	  173.6977
10.534	 2.21	 2	 -42.3081	  173.6671
10.535	 2.65	 4	 -42.8287	  172.9186
10.537	 2.04	 3	 -42.5225	  172.9826
10.537	 2.06	 1	 -41.7066	  174.2789
10.538	 2.33	 3	 -42.6871	  173.1100
10.543	 2.50	 2	 -42.7544	  173.0781
10.546	 2.19	 3	 -42.6490	  173.0007
10.546	 2.56	 3	 -41.8708	  173.5982
10.546	 2.82	 3	 -42.6017	  173.0881
10.547	 2.59	 3	 -41.8331	  173.9128
10.548	 2.45	 1	 -42.6135	  172.9389
10.548	 2.04	 3	 -41.6021	  174.4323
10.548	 2.09	 2	 -42.3137	  173.9082
10.554	 2.27	 2	 -43.1869	  172.8255
10.555	 2.37	 2	 -42.7995	  173.1773
10.558	 2.44	 1	 -42.4668	  173.1343
10.559	 2.78	 2	 -42.1823	  173.5524
10.559	 2.49	 5	 -41.9158	  173.6804
10.559	 2.43	 2	 -41.8150	  174.2789
10.560	 2.77	 1	 -41.6537	  174.2280
10.560	 2.26	 3	 -42.5040	  173.0176
10.562	 3.56	 1	 -42.0963	  173.2070
10.563	 2.18	 1	 -42.3814	  173.3083
10.566	 2.16	 4	 -42.5638	  172.9151
10.568	 2.26	 1	 -41.7222	  174.6400
10.569	 2.02	 1	 -42.7804	  173.1741
10.571	 2.93	 2	 -41.7425	  174.1416
10.571	 2.19	 1	 -42.5232	  172.8273
10.574	 2.30	 1	 -42.5745	  173.0749
10.577	 2.98	 1	 -41.9918	  173.1823
10.579	 2.22	 1	 -41.7231	  174.2544
10.580	 2.40	 4	 -41.7444	  174.1458
10.584	 2.55	 4	 -42.8467	  166.8096
10.584	 2.01	 1	 -41.6623	  174.2898
10.587	 3.57	 3	 -41.9086	  171.6650
10.589	 2.14	 1	 -42.4312	  173.2565
10.591	 2.34	 2	 -42.6653	  172.9171
10.592	 2.83	 2	 -42.5727	  173.1359
10.596	 2.15	 2	 -41.8490	  174.3517
10.598	 4.13	 1	 -42.0066	  173.7564
10.598	 2.24	 3	 -42.5694	  173.4845
10.598	 2.63	 4	 -42.6047	  173.0255
10.600	 2.14	 1	 -41.5368	  174.0089
10.601	 2.01	 4	 -41.9090	  171.6674
10.606	 2.60	 1	 -41.7331	  174.2789
10.608	 2.11	 3	 -40.9803	  173.2452
10.608	 3.49	 3	 -42.5089	  173.0135
10.609	 2.06	 3	 -41.6791	  174.3791
10.609	 2.62	 1	 -42.6532	  172.8458
10.611	 2.29	 1	 -41.7799	  174.2092
10.611	 3.28	 3	 -41.5460	  174.1806
10.612	 2.05	 1	 -42.5105	  173.3046
10.613	 2.24	 3	 -42.3417	  173.3357
10.613	 2.96	 5	 -41.8822	  173.6363
10.613	 3.47	 1	 -42.2780	  173.8910
10.614	 2.31	 1	 -42.3363	  173.8334
10.615	 2.12	 1	 -42.5287	  173.1434
10.616	 2.08	 1	 -42.3174	  173.4284
10.616	 2.10	 1	 -41.9276	  175.1775
10.617	 2.70	 2	 -41.6512	  176.0637
10.617	 2.25	 1	 -42.2426	  173.7939
10.620	 2.01	 2	 -40.6315	  174.9926
10.621	 2.80	 2	 -41.8025	  174.3356
10.622	 2.59	 1	 -42.0571	  173.7752
10.622	 2.24	 4	 -42.6215	  173.1589
10.623	 2.08	 1	 -42.7147	  173.3125
10.626	 2.22	 3	 -41.8117	  173.5230
10.627	 2.10	 2	 -41.7503	  174.1953
10.627	 2.15	 1	 -41.6893	  174.1442
10.629	 2.27	 2	 -41.7963	  173.4990
10.630	 2.11	 3	 -42.2216	  173.8119
10.631	 2.02	 1	 -41.7562	  174.3701
10.631	 2.32	 1	 -43.0788	  174.8742
10.635	 2.57	 2	 -41.6135	  174.1975
10.636	 2.76	 1	 -42.5434	  173.0544
10.637	 2.42	 1	 -42.2628	  173.6409
10.637	 2.39	 2	 -41.7327	  174.2465
10.638	 2.46	 1	 -41.6625	  174.3057
10.638	 2.04	 3	 -41.8961	  173.5692
10.641	 2.18	 1	 -41.8909	  174.0913
10.642	 2.02	 1	 -41.5650	  174.3468
10.643	 2.17	 1	 -41.6722	  174.2353
10.643	 2.05	 2	 -42.5403	  170.6358
10.645	 3.08	 2	 -41.6955	  174.2911
10.650	 2.33	 1	 -42.0741	  173.8209
10.650	 2.04	 1	 -42.1506	  173.5388
10.650	 2.62	 4	 -42.2847	  173.4281
10.650	 3.02	 1	 -42.4620	  173.2800
10.650	 2.11	 1	 -40.9033	  173.9552
10.651	 2.14	 4	 -41.6919	  174.3530
10.656	 2.21	 3	 -43.7175	  178.8867
10.656	 2.64	 1	 -42.2300	  173.7038
10.659	 2.19	 1	 -41.8643	  173.9298
10.660	 2.25	 1	 -42.3258	  173.8641
10.661	 2.36	 3	 -42.2230	  173.5055
10.661	 2.23	 1	 -42.0106	  173.7441
10.662	 2.32	 2	 -42.3137	  173.7054
10.663	 2.15	 4	 -42.6342	  173.0432
10.663	 2.62	 1	 -41.6045	  174.4734
10.665	 2.18	 4	 -41.7792	  174.1594
10.666	 2.87	 2	 -42.6665	  172.7546
10.669	 2.55	 1	 -42.0724	  173.7220
10.671	 2.57	 3	 -42.4860	  173.1007
10.673	 2.21	 1	 -41.8305	  174.2282
10.673	 2.05	 1	 -42.0371	  173.7445
10.674	 2.10	 1	 -41.5962	  174.1675
10.675	 2.30	 1	 -41.7674	  174.3235
10.675	 2.42	 2	 -41.7157	  173.9340
10.675	 2.65	 2	 -41.7745	  174.2924
10.677	 2.50	 1	 -42.2523	  173.9156
10.678	 2.11	 2	 -42.3051	  173.9389
10.680	 2.30	 2	 -41.8993	  173.3094
10.681	 2.25	 1	 -42.3241	  174.0744
10.681	 2.42	 1	 -42.2920	  173.6934
10.682	 2.07	 2	 -42.2082	  173.8984
10.683	 2.77	 1	 -42.5602	  173.2032
10.683	 2.26	 1	 -42.3662	  173.6537
10.683	 3.87	 1	 -41.7321	  173.4632
10.683	 2.08	 3	 -42.1462	  172.7700
10.684	 2.59	 3	 -41.9152	  173.9428
10.685	 2.02	 3	 -41.8505	  173.4530
10.687	 2.43	 1	 -42.3438	  174.0550
10.688	 2.08	 2	 -42.6136	  173.0507
10.688	 2.62	 1	 -42.8654	  173.1109
10.688	 2.66	 3	 -42.6813	  172.9655
10.690	 2.69	 2	 -41.9605	  177.1765
10.692	 3.52	 2	 -41.9766	  173.7579
10.692	 2.17	 1	 -42.3305	  173.8833
10.694	 2.23	 1	 -42.6753	  173.3566
10.695	 2.03	 1	 -42.0362	  173.7987
10.699	 2.64	 1	 -41.8944	  174.2514
10.700	 2.63	 1	 -42.3906	  173.0267
10.700	 2.31	 1	 -42.2480	  173.5989
10.703	 4.20	 3	 -41.7809	  174.6828
10.704	 2.26	 2	 -41.8697	  174.2105
10.705	 2.10	 1	 -41.9160	  173.8302
10.705	 2.19	 2	 -41.7809	  174.2571
10.705	 2.52	 3	 -41.7003	  174.3947
10.706	 2.12	 1	 -42.4336	  173.4309
10.706	 2.41	 1	 -41.7611	  173.7755
10.707	 2.28	 1	 -42.2294	  174.2154
10.708	 2.15	 4	 -42.3561	  172.8598
10.711	 2.70	 1	 -42.4059	  174.2480
10.712	 2.08	 2	 -41.7530	  173.7167
10.712	 2.79	 2	 -42.1470	  173.5806
10.713	 2.34	 2	 -42.2330	  173.8909
10.713	 2.50	 2	 -41.6121	  174.5701
10.715	 2.17	 2	 -42.7650	  173.2859
10.715	 2.77	 2	 -41.7580	  174.3098
10.716	 2.04	 3	 -42.3839	  173.6144
10.717	 5.26	 1	 -42.5786	  173.8061
10.718	 2.54	 1	 -42.5269	  173.3762
10.718	 2.15	 3	 -41.6636	  173.5275
10.718	 2.02	 3	 -42.2019	  173.5201
10.719	 3.46	 3	 -42.4719	  172.9544
10.719	 2.11	 1	 -41.6984	  174.4063
10.719	 3.53	 1	 -41.6965	  174.2227
10.721	 2.00	 1	 -42.0313	  173.6338
10.723	 2.36	 2	 -41.8125	  174.0173
10.724	 2.01	 3	 -41.5716	  174.3813
10.724	 2.13	 2	 -42.5851	  173.5294
10.724	 2.22	 1	 -42.3034	  173.8633
10.724	 2.02	 1	 -41.8620	  174.0072
10.725	 3.05	 3	 -41.6068	  174.2944
10.725	 2.03	 2	 -42.6490	  173.8444
10.727	 2.03	 1	 -42.1573	  173.5536
10.728	 4.07	 1	 -41.6464	  174.2736
10.728	 2.14	 1	 -42.2282	  173.6739
10.730	 2.22	 4	 -41.6377	  175.0471
10.731	 2.12	 4	 -42.5102	  173.0142
10.733	 2.03	 2	 -42.6779	  173.3554
10.734	 2.56	 3	 -41.5761	  174.2316
10.734	 2.29	 2	 -42.5694	  173.8453
10.734	 2.07	 1	 -41.9407	  174.0387
10.734	 2.63	 3	 -42.5663	  173.0572
10.735	 2.09	 2	 -42.1024	  173.6337
10.739	 2.61	 1	 -41.7106	  174.3410
10.741	 2.52	 1	 -43.1382	  171.1375
10.741	 3.08	 2	 -42.7411	  173.8841
10.741	 2.48	 1	 -42.5938	  173.1257
10.742	 2.07	 1	 -42.5295	  173.2165
10.743	 3.60	 1	 -42.3958	  173.4493
10.743	 2.39	 1	 -42.6060	  172.7778
10.746	 2.86	 1	 -42.5443	  173.1587
10.750	 2.32	 4	 -41.8562	  173.5729
10.750	 2.85	 2	 -41.6724	  174.1891
10.750	 2.02	 1	 -42.4606	  173.2887
10.750	 2.71	 1	 -41.7984	  174.1594
10.756	 2.75	 3	 -41.8951	  173.5659
10.757	 2.26	 1	 -42.0825	  173.7444
10.757	 2.36	 2	 -42.7379	  173.1179
10.758	 2.30	 2	 -42.2029	  173.6100
10.760	 2.01	 2	 -42.5750	  173.8572
10.760	 2.44	 3	 -42.4887	  173.8661
10.761	 2.22	 1	 -42.4385	  173.8296
10.763	 2.45	 1	 -41.7160	  174.3785
10.763	 2.07	 2	 -42.5745	  173.1120
10.763	 2.27	 1	 -42.1227	  173.4470
10.764	 2.07	 2	 -42.6096	  173.8846
10.766	 2.37	 3	 -41.7170	  174.2214
10.767	 2.81	 2	 -42.5676	  173.2187
10.768	 2.51	 1	 -42.9513	  173.6043
10.769	 2.31	 2	 -42.5770	  173.8211
10.770	 2.91	 4	 -42.5036	  173.0170
10.770	 2.12	 1	 -42.3585	  173.9410
10.772	 2.10	 3	 -42.5224	  173.3113
10.773	 2.06	 2	 -41.9977	  173.6360
10.779	 2.64	 2	 -41.7066	  174.2783
10.780	 2.76	 1	 -41.8023	  174.0312
10.781	 2.76	 3	 -42.3776	  172.9571
10.782	 2.18	 1	 -42.6608	  173.0735
10.783	 2.16	 4	 -42.2079	  173.2241
10.783	 2.17	 1	 -42.0297	  173.7056
10.784	 3.92	 2	 -42.7838	  172.9504
10.786	 2.43	 2	 -42.1204	  172.8992
10.787	 2.36	 1	 -42.7077	  173.0668
10.788	 2.72	 2	 -41.6283	  174.2352
10.789	 2.15	 1	 -42.6845	  172.6754
10.791	 3.22	 1	 -41.7510	  174.3182
10.791	 2.61	 2	 -42.4730	  173.3237
10.792	 3.69	 3	 -42.7096	  173.0039
10.793	 2.21	 1	 -42.0085	  173.2284
10.793	 2.05	 1	 -41.6062	  174.0746
10.793	 2.74	 1	 -42.6194	  173.5767
10.794	 2.33	 2	 -42.5824	  173.8478
10.795	 2.43	 2	 -42.6342	  173.8102
10.795	 2.18	 3	 -41.6082	  174.3768
10.795	 2.23	 3	 -41.6593	  174.8827
10.798	 3.15	 3	 -42.4965	  172.9895
10.799	 2.25	 2	 -42.6488	  173.0155
10.800	 2.12	 2	 -42.5751	  173.8083
10.801	 3.13	 2	 -42.5509	  173.8052
10.802	 2.77	 2	 -41.8914	  173.9477
10.804	 2.06	 3	 -42.2709	  173.8434
10.807	 2.01	 3	 -42.0777	  173.6139
10.807	 3.07	 3	 -41.8154	  173.5945
10.807	 2.01	 3	 -42.5600	  172.9249
10.808	 2.40	 1	 -41.8153	  174.1669
10.813	 2.27	 1	 -42.3269	  173.5448
10.813	 2.53	 1	 -41.7427	  173.9873
10.815	 2.42	 2	 -42.5252	  172.8342
10.815	 2.65	 1	 -42.0590	  173.5679
10.817	 2.04	 1	 -40.5620	  175.4350
10.817	 2.13	 1	 -42.4512	  174.0936
10.819	 2.98	 1	 -42.2053	  173.6690
10.819	 2.87	 3	 -42.4566	  173.0226
10.820	 2.02	 1	 -42.0237	  173.6344
10.820	 2.06	 1	 -41.6955	  174.2507
10.822	 2.94	 3	 -42.3612	  172.6009
10.824	 2.05	 2	 -41.5807	  174.3725
10.826	 2.12	 1	 -42.5195	  173.0024
10.826	 2.19	 1	 -42.1233	  172.8938
10.826	 2.12	 1	 -41.7053	  174.3182
10.826	 2.20	 1	 -46.9996	  171.2646
10.827	 2.37	 1	 -41.7020	  174.3004
10.830	 2.08	 2	 -42.5709	  172.8370
10.831	 2.22	 2	 -41.8320	  174.3920
10.831	 2.00	 2	 -41.8127	  174.2845
10.832	 2.98	 2	 -41.9870	  173.6791
10.833	 2.77	 3	 -42.2139	  173.4865
10.833	 2.45	 3	 -41.5311	  174.4314
10.833	 2.65	 3	 -41.6419	  174.3593
10.833	 2.84	 2	 -41.5610	  174.3406
10.834	 2.11	 2	 -42.5774	  173.7786
10.835	 2.74	 2	 -41.7579	  174.1821
10.836	 2.39	 2	 -42.1972	  173.6818
10.836	 2.36	 1	 -41.6700	  174.2693
10.836	 2.81	 2	 -42.1269	  173.7852
10.837	 3.00	 2	 -41.7407	  173.4930
10.838	 3.36	 1	 -41.9505	  174.6283
10.842	 2.59	 2	 -42.5875	  173.7932
10.844	 2.56	 1	 -42.5296	  173.3579
10.845	 2.51	 5	 -42.8456	  172.9065
10.846	 2.12	 2	 -42.5667	  173.9091
10.847	 4.04	 2	 -41.9188	  174.0042
10.847	 2.66	 3	 -42.5724	  173.9883
10.848	 2.35	 1	 -42.4487	  173.3153
10.849	 2.33	 2	 -42.5635	  173.7938
10.850	 3.02	 3	 -42.4821	  173.0045
10.851	 3.04	 1	 -42.5297	  173.2029
10.852	 2.93	 2	 -41.9158	  174.5796
10.852	 2.50	 2	 -42.3167	  173.4094
10.853	 2.49	 1	 -41.6893	  174.2197
10.854	 2.14	 3	 -41.8176	  174.1477
10.854	 2.61	 1	 -42.3644	  172.7348
10.855	 2.46	 2	 -42.3913	  173.3781
10.855	 2.05	 1	 -42.2708	  173.6532
10.856	 2.90	 2	 -42.6346	  173.7482
10.856	 2.03	 1	 -42.7364	  172.8214
10.857	 2.18	 1	 -42.2629	  173.8904
10.857	 2.18	 1	 -42.4675	  173.1152
10.857	 2.97	 2	 -41.6046	  174.4685
10.859	 2.15	 1	 -42.3278	  173.5776
10.859	 2.20	 1	 -42.3550	  173.9732
10.862	 2.06	 1	 -41.6867	  174.4940
10.863	 2.10	 1	 -41.9622	  174.0782
10.863	 2.26	 3	 -41.9195	  174.0290
10.868	 2.83	 2	 -42.5973	  173.8471
10.868	 2.57	 1	 -42.0302	  173.6949
10.869	 2.38	 2	 -41.8030	  174.2222
10.869	 2.69	 2	 -41.8269	  174.3035
10.871	 2.11	 2	 -41.7896	  174.2887
10.871	 2.16	 2	 -42.3401	  172.9637
10.874	 2.17	 2	 -41.7728	  174.2553
10.875	 2.55	 2	 -41.7356	  173.4650
10.875	 3.09	 3	 -41.6279	  174.4034
10.877	 2.32	 1	 -42.4092	  173.7460
10.877	 2.12	 2	 -42.6068	  173.9362
10.877	 2.08	 2	 -45.4983	  177.4616
10.878	 2.14	 2	 -42.3928	  174.0459
10.880	 2.57	 4	 -41.9040	  174.0798
10.885	 2.05	 2	 -39.0238	  177.1881
10.886	 2.18	 1	 -42.4009	  174.4146
10.886	 2.15	 3	 -42.0797	  173.5637
10.887	 2.23	 4	 -42.3513	  173.0395
10.887	 2.48	 3	 -41.8670	  173.5186
10.889	 2.16	 2	 -41.5457	  174.0958
10.890	 2.15	 1	 -42.1859	  173.6554
10.891	 3.05	 1	 -41.7367	  174.1558
10.892	 2.72	 2	 -41.8249	  174.2686
10.893	 2.11	 2	 -42.5832	  173.8001
10.895	 2.49	 3	 -42.5792	  172.9992
10.896	 2.09	 1	 -42.4066	  172.9747
10.897	 2.23	 1	 -41.8054	  174.2192
10.898	 2.27	 5	 -42.3311	  173.5158
10.899	 2.67	 1	 -43.0164	  173.7310
10.899	 2.66	 2	 -42.3351	  174.5666
10.899	 2.07	 3	 -42.8614	  173.2721
10.901	 2.13	 3	 -43.0206	  173.2002
10.903	 2.10	 1	 -41.9184	  173.5192
10.905	 2.10	 3	 -42.4282	  173.7986
10.908	 2.10	 2	 -41.6474	  174.2445
10.908	 2.32	 3	 -42.4604	  172.9759
10.909	 2.09	 1	 -42.6665	  172.9803
10.911	 3.33	 1	 -42.5783	  173.1337
10.913	 2.95	 2	 -42.3719	  174.1147
10.914	 2.67	 2	 -41.7968	  174.3793
10.916	 2.23	 1	 -42.4368	  172.6811
10.916	 3.29	 3	 -42.4144	  174.0233
10.919	 2.54	 2	 -42.5361	  173.7583
10.919	 2.03	 2	 -42.2865	  174.0172
10.921	 2.81	 1	 -42.0167	  173.7073
10.921	 2.89	 1	 -41.6832	  174.3459
10.923	 2.16	 1	 -42.1454	  173.7097
10.925	 2.04	 3	 -41.5796	  174.3649
10.925	 2.02	 1	 -42.2035	  173.7705
10.929	 2.18	 2	 -41.8465	  174.3302
10.934	 2.00	 2	 -41.6570	  174.4097
10.935	 2.14	 2	 -42.6530	  173.7490
10.935	 2.43	 1	 -41.0463	  170.6633
10.938	 2.13	 2	 -42.5767	  173.8210
10.940	 2.00	 2	 -41.9617	  174.0446
10.941	 2.17	 1	 -42.6959	  173.1455
10.941	 2.95	 3	 -41.8757	  173.5975
10.942	 2.38	 2	 -42.2397	  173.6699
10.944	 2.40	 1	 -41.7856	  174.2678
10.947	 2.28	 4	 -41.7087	  174.6288
10.948	 2.13	 6	 -42.3844	  172.6427
10.949	 2.14	 1	 -41.7025	  174.3577
10.950	 2.49	 3	 -42.3977	  174.0414
10.951	 2.17	 2	 -41.6832	  174.2637
10.953	 2.06	 1	 -42.4911	  173.3117
10.955	 2.14	 2	 -42.5401	  173.8531
10.956	 2.60	 1	 -42.0234	  173.7150
10.958	 2.11	 4	 -42.2182	  173.4439
10.961	 2.00	 2	 -42.3966	  173.7766
10.961	 2.30	 1	 -42.2052	  173.5244
10.962	 2.36	 2	 -42.5388	  173.0860
10.962	 2.30	 1	 -42.2891	  173.5773
10.962	 3.35	 5	 -41.8609	  173.6138
10.963	 2.56	 2	 -42.6871	  172.7749
10.963	 2.59	 3	 -42.6740	  173.2188
10.966	 2.11	 3	 -41.6682	  174.3476
10.967	 2.10	 1	 -42.4174	  173.7627
10.969	 2.13	 2	 -41.7309	  173.4679
10.970	 3.06	 1	 -42.2539	  173.7109
10.971	 2.24	 1	 -42.3786	  173.0577
10.971	 2.02	 1	 -42.2229	  173.3972
10.973	 2.47	 3	 -42.4923	  173.8588
10.975	 2.38	 1	 -41.3101	  173.9904
10.975	 2.70	 2	 -41.6955	  174.3019
10.976	 2.08	 1	 -42.3089	  173.6880
10.976	 2.73	 4	 -42.5858	  172.9930
10.977	 2.05	 1	 -42.6676	  172.7621
10.979	 2.43	 3	 -41.6445	  174.4064
10.979	 2.06	 1	 -42.2427	  173.6137
10.980	 2.30	 1	 -42.0361	  173.7365
10.981	 2.39	 1	 -42.2632	  173.8381
10.982	 3.89	 2	 -42.0997	  173.4784
10.983	 3.58	 2	 -42.3129	  172.9585
10.986	 2.18	 1	 -42.4833	  173.2597
10.986	 2.03	 2	 -42.4115	  173.7912
10.988	 2.01	 3	 -42.4492	  172.9264
10.991	 2.12	 1	 -41.6749	  174.2936
10.992	 2.25	 1	 -41.7756	  174.2489
10.994	 2.37	 2	 -42.5693	  172.9455
10.995	 2.95	 2	 -42.5107	  170.9902
10.996	 3.17	 1	 -41.7927	  174.2970
10.996	 2.03	 2	 -42.0098	  173.7560
10.997	 3.17	 1	 -41.4846	  174.3267
10.998	 2.22	 2	 -40.1909	  174.0569
10.998	 2.87	 5	 -41.8850	  173.6309
11.000	 2.41	 2	 -42.5651	  173.8096
11.001	 2.40	 2	 -42.3514	  174.0588
11.001	 2.75	 3	 -42.5110	  173.0037
11.001	 2.38	 1	 -42.4195	  174.0353
11.002	 2.60	 3	 -42.5569	  172.8025
11.002	 2.36	 4	 -41.5403	  173.8276
11.004	 3.56	 1	 -41.7326	  174.3155
11.006	 2.81	 3	 -42.5593	  173.9012
11.007	 2.43	 1	 -42.4001	  173.7696
11.007	 2.51	 3	 -41.9296	  173.6265
11.007	 2.57	 1	 -41.6493	  174.0325
11.008	 2.01	 1	 -42.4536	  173.0237
11.010	 2.03	 2	 -41.7345	  174.2907
11.010	 2.05	 1	 -45.3931	  170.8074
11.011	 2.18	 2	 -41.7600	  174.1013
11.011	 2.79	 4	 -41.7876	  173.4253
11.011	 2.02	 1	 -42.7268	  172.8886
11.015	 2.77	 2	 -42.0083	  173.7848
11.016	 2.54	 2	 -41.4617	  174.3215
11.019	 2.18	 1	 -42.5860	  173.6853
11.020	 2.35	 1	 -42.3330	  173.9102
11.021	 2.91	 1	 -42.0521	  174.1768
11.021	 2.07	 2	 -42.2499	  173.8309
11.022	 2.24	 3	 -43.0920	  173.6348
11.023	 2.17	 2	 -42.5502	  173.8120
11.024	 2.24	 3	 -42.7634	  173.0367
11.024	 2.21	 2	 -42.0849	  173.8589
11.024	 2.18	 1	 -42.6792	  172.8877
11.026	 2.08	 2	 -42.2539	  173.8723
11.027	 2.09	 4	 -42.5567	  173.0203
11.031	 2.66	 1	 -42.2297	  173.4071
11.032	 2.27	 2	 -41.6437	  174.3036
11.033	 2.19	 2	 -42.4088	  173.4367
11.034	 2.34	 4	 -41.5464	  174.3837
11.034	 2.10	 1	 -41.3871	  173.9294
11.037	 2.08	 1	 -42.2369	  173.4569
11.039	 2.38	 1	 -42.3337	  173.3103
11.044	 2.75	 3	 -42.3823	  173.9503
11.046	 2.37	 2	 -42.5919	  173.7314
11.047	 2.00	 3	 -41.9132	  173.6179
11.051	 2.27	 1	 -42.5429	  173.1200
11.051	 2.30	 1	 -42.1066	  174.2565
11.054	 3.52	 1	 -42.4177	  173.7935
11.055	 2.35	 3	 -44.9704	  177.1785
11.055	 2.01	 2	 -42.5152	  173.0332
11.058	 2.46	 3	 -41.7305	  173.4681
11.060	 3.05	 1	 -42.2587	  173.8824
11.060	 2.96	 1	 -42.3453	  174.1353
11.060	 2.72	 2	 -41.8608	  174.9204
11.060	 2.61	 1	 -42.7354	  172.9985
11.062	 2.06	 1	 -42.2764	  173.0724
11.063	 2.84	 3	 -41.7886	  174.2666
11.065	 2.04	 1	 -41.6307	  174.1945
11.065	 2.46	 1	 -40.2364	  167.8436
11.067	 2.23	 2	 -42.5162	  172.9230
11.069	 2.01	 2	 -37.9222	  173.6777
11.070	 4.04	 1	 -42.4302	  174.3983
11.071	 2.11	 1	 -42.0589	  173.7378
11.074	 2.49	 2	 -41.7834	  174.2500
11.077	 2.59	 3	 -42.4282	  173.0138
11.079	 2.03	 1	 -42.1687	  173.7100
11.081	 2.18	 1	 -42.7029	  173.0543
11.081	 2.22	 3	 -42.4962	  173.0279
11.083	 2.23	 2	 -41.5205	  174.4032
11.085	 2.22	 3	 -42.0823	  173.4723
11.086	 2.48	 1	 -42.0247	  173.6664
11.086	 3.86	 3	 -41.8479	  174.0377
11.086	 2.31	 3	 -42.5869	  172.8974
11.089	 2.22	 1	 -41.8158	  174.2335
11.089	 2.09	 1	 -42.2688	  173.6320
11.089	 2.62	 3	 -41.6409	  174.3799
11.094	 2.55	 2	 -42.4172	  174.3426
11.095	 2.39	 4	 -42.7025	  173.0125
11.096	 2.00	 2	 -42.0246	  173.8281
11.096	 2.80	 1	 -43.1357	  169.5227
11.097	 2.81	 1	 -41.7252	  174.2985
11.097	 2.27	 2	 -42.7210	  173.6655
11.097	 2.06	 4	 -41.6512	  174.7141
11.100	 2.18	 3	 -42.7422	  172.9533
11.102	 2.15	 4	 -41.9385	  173.5659
11.103	 2.95	 2	 -42.8241	  173.3356
11.105	 2.72	 3	 -41.9047	  173.6259
11.105	 2.21	 1	 -42.4543	  173.8870
11.107	 3.63	 3	 -42.4909	  173.4821
11.108	 3.69	 1	 -41.9448	  174.4428
11.110	 2.45	 1	 -42.4605	  173.1484
11.113	 2.30	 5	 -41.9011	  173.7664
11.113	 2.71	 1	 -41.8053	  174.2978
11.115	 2.58	 1	 -42.7795	  174.8776
11.116	 2.05	 1	 -42.7384	  173.3247
11.118	 2.55	 3	 -42.6410	  172.9252
11.118	 2.20	 1	 -41.8950	  173.7018
11.119	 2.17	 4	 -41.8498	  174.0365
11.119	 2.07	 1	 -42.3997	  173.3940
11.119	 2.14	 2	 -41.7900	  174.1670
11.120	 2.53	 1	 -42.2788	  173.6340
11.122	 2.16	 3	 -41.5229	  174.4252
11.123	 3.05	 1	 -41.7034	  174.3070
11.126	 2.32	 1	 -42.2738	  173.0403
11.128	 2.24	 1	 -42.5962	  172.9816
11.128	 2.34	 4	 -41.6178	  174.3149
11.129	 2.02	 1	 -42.6571	  172.7872
11.133	 2.03	 2	 -42.5309	  173.5978
11.133	 2.45	 2	 -41.2329	  173.9004
11.138	 2.01	 1	 -42.2495	  173.6867
11.139	 2.10	 4	 -42.4630	  173.4747
11.140	 2.49	 1	 -41.6362	  174.2148
11.141	 2.72	 3	 -42.7792	  173.0634
11.142	 2.16	 2	 -42.4428	  173.6235
11.143	 2.27	 1	 -42.2303	  173.4992
11.143	 2.28	 2	 -42.5726	  173.8716
11.144	 2.74	 3	 -41.7126	  174.5971
11.146	 2.25	 1	 -42.5619	  173.8502
11.146	 3.40	 1	 -42.2751	  173.7697
11.146	 3.20	 1	 -42.4999	  172.5349
11.147	 2.07	 2	 -42.5037	  173.0355
11.148	 2.48	 1	 -42.0116	  174.1619
11.149	 2.43	 1	 -42.3803	  173.4157
11.151	 3.67	 2	 -42.1227	  173.7762
11.151	 2.05	 4	 -42.3511	  173.7216
11.153	 2.25	 3	 -41.6017	  174.5525
11.153	 2.19	 1	 -41.8523	  173.8978
11.155	 2.73	 1	 -41.7745	  174.2679
11.157	 2.27	 2	 -42.7950	  172.8302
11.158	 3.31	 3	 -42.0752	  173.7162
11.160	 2.11	 4	 -42.7434	  173.1734
11.161	 2.68	 3	 -42.1611	  173.8001
11.161	 2.03	 3	 -41.6983	  174.3007
11.162	 2.25	 1	 -42.0556	  173.6780
11.162	 2.57	 1	 -41.7895	  174.0743
11.164	 2.24	 3	 -43.2790	  172.0011
11.164	 2.19	 1	 -42.4297	  173.1823
11.168	 2.01	 2	 -41.6537	  174.2414
11.170	 3.39	 1	 -42.2773	  173.6378
11.170	 2.23	 1	 -42.6145	  173.1381
11.171	 2.16	 2	 -42.3794	  173.7683
11.171	 2.30	 2	 -42.5188	  173.8640
11.172	 2.02	 1	 -42.2069	  173.6854
11.173	 2.72	 1	 -42.3482	  173.6806
11.174	 2.04	 1	 -42.0395	  173.7695
11.175	 2.03	 1	 -40.6072	  174.1229
11.175	 2.12	 2	 -42.1247	  173.5509
11.176	 2.30	 1	 -42.5043	  172.1866
11.176	 2.38	 1	 -41.8947	  172.3535
11.177	 2.00	 2	 -41.7885	  174.2770
11.177	 2.40	 2	 -42.2953	  173.6101
11.177	 2.32	 3	 -42.2920	  173.7928
11.178	 2.36	 2	 -42.4392	  173.1197
11.181	 2.99	 4	 -41.6308	  174.2933
11.181	 2.15	 1	 -42.2283	  173.5717
11.184	 2.71	 1	 -41.7058	  174.1808
11.185	 2.24	 4	 -41.8618	  174.0394
11.187	 2.64	 3	 -41.1026	  172.9015
11.187	 2.06	 4	 -41.8238	  174.6698
11.187	 2.06	 2	 -41.7867	  174.2330
11.188	 2.20	 4	 -42.3710	  174.1681
11.188	 2.08	 1	 -42.0693	  173.3058
11.189	 2.69	 4	 -42.5193	  173.5300
11.193	 2.97	 1	 -42.7781	  172.7776
11.196	 2.27	 2	 -41.6123	  174.2088
11.199	 2.41	 1	 -42.6333	  172.8009
11.201	 2.18	 1	 -42.5198	  174.2206
11.201	 2.10	 2	 -41.6352	  174.2625
11.202	 2.35	 1	 -42.3529	  173.7680
11.202	 2.69	 1	 -42.3061	  173.6216
11.202	 2.19	 3	 -39.9545	  174.4080
11.205	 2.01	 3	 -42.5854	  173.9689
11.205	 2.69	 1	 -42.6718	  172.8679
11.209	 2.39	 2	 -42.2955	  173.6193
11.210	 2.37	 2	 -41.6426	  173.7241
11.210	 2.07	 2	 -41.4760	  174.3450
11.211	 2.33	 1	 -41.6396	  174.1656
11.214	 3.71	 4	 -39.7714	  172.2895
11.216	 2.49	 1	 -41.7252	  173.6376
11.217	 2.36	 2	 -41.7712	  174.2733
11.218	 2.63	 1	 -43.1669	  173.4741
11.219	 2.04	 2	 -42.5763	  173.6822
11.220	 2.27	 1	 -42.9906	  172.4923
11.222	 2.06	 4	 -43.2227	  172.8545
11.223	 2.70	 2	 -39.2519	  174.7888
11.224	 3.16	 4	 -41.7777	  174.6918
11.228	 3.27	 2	 -42.2809	  173.6288
11.229	 2.44	 2	 -42.0750	  174.0167
11.231	 2.15	 3	 -41.8580	  174.1292
11.233	 2.11	 3	 -42.5937	  172.9746
11.234	 2.09	 2	 -42.2502	  173.9037
11.235	 2.02	 1	 -42.6740	  172.9020
11.235	 2.59	 1	 -42.4785	  173.4023
11.237	 3.34	 1	 -41.5596	  174.3121
11.237	 2.45	 3	 -41.9388	  173.6000
11.239	 2.08	 1	 -41.9048	  174.3086
11.241	 2.17	 2	 -42.5749	  173.7880
11.242	 2.79	 1	 -41.8457	  174.0947
11.246	 2.98	 1	 -42.1640	  172.9277
11.247	 2.64	 4	 -41.7890	  174.6775
11.247	 3.24	 1	 -44.2029	  173.9079
11.248	 2.77	 2	 -41.7543	  174.2984
11.248	 2.29	 2	 -42.4613	  172.8709
11.251	 2.27	 2	 -42.8934	  173.0746
11.255	 2.27	 2	 -42.8186	  173.3308
11.255	 2.39	 2	 -41.6175	  174.1815
11.256	 2.07	 1	 -42.3483	  173.4914
11.257	 2.45	 1	 -41.7086	  174.3354
11.257	 2.82	 3	 -41.7380	  174.1797
11.259	 2.06	 1	 -42.4583	  172.6108
11.261	 2.02	 1	 -42.2871	  173.6437
11.262	 2.00	 3	 -42.3504	  171.4939
11.263	 2.50	 2	 -44.2034	  173.9119
11.263	 2.05	 2	 -41.8350	  174.4801
11.263	 2.15	 1	 -42.7518	  172.3868
11.264	 2.12	 1	 -43.0603	  173.0934
11.265	 3.65	 1	 -42.2331	  173.6960
11.266	 2.16	 1	 -41.7014	  174.2249
11.267	 2.63	 1	 -42.2551	  173.9761
11.270	 2.11	 4	 -41.3051	  173.1244
11.273	 2.11	 1	 -41.8082	  174.3241
11.274	 2.65	 4	 -41.9657	  173.5834
11.275	 2.28	 3	 -42.5397	  173.0154
11.277	 3.63	 3	 -42.5126	  172.9918
11.278	 2.62	 4	 -42.5271	  173.1331
11.278	 2.15	 1	 -42.5517	  173.8197
11.280	 3.15	 2	 -41.5355	  174.4627
11.280	 2.22	 1	 -42.3955	  173.4835
11.280	 2.36	 1	 -42.3035	  173.6307
11.282	 2.74	 3	 -42.4923	  172.9994
11.283	 2.26	 1	 -43.3812	  173.1896
11.283	 3.02	 2	 -43.1626	  173.4693
11.284	 2.03	 3	 -42.2861	  173.6162
11.284	 2.06	 1	 -42.1487	  173.6161
11.287	 2.33	 1	 -41.7304	  174.2753
11.288	 2.93	 3	 -42.7266	  173.4351
11.289	 2.22	 4	 -41.7855	  174.6791
11.289	 2.07	 1	 -45.1891	  171.0065
11.290	 2.14	 1	 -41.9480	  173.9847
11.290	 2.16	 5	 -41.9084	  173.6308
11.292	 2.10	 2	 -42.8943	  173.2937
11.293	 2.24	 1	 -42.5193	  173.6132
11.294	 2.43	 2	 -41.8270	  173.7614
11.294	 2.40	 1	 -42.5288	  174.1034
11.295	 2.19	 2	 -40.7076	  172.9606
11.296	 2.84	 1	 -41.7803	  174.2549
11.296	 2.57	 2	 -42.4837	  173.6167
11.298	 2.60	 2	 -41.8033	  174.2739
11.300	 3.00	 3	 -41.4671	  174.4717
11.301	 2.51	 2	 -40.3134	  178.6601
11.301	 2.02	 2	 -42.7017	  173.0502
11.304	 2.53	 1	 -41.8299	  174.2753
11.305	 2.76	 2	 -41.7410	  174.3691
11.305	 2.04	 4	 -42.5769	  172.9897
11.307	 2.34	 3	 -41.8512	  173.5107
11.309	 2.08	 3	 -41.7127	  174.1085
11.312	 2.26	 2	 -42.5395	  173.1730
11.314	 2.27	 2	 -42.5251	  173.0730
11.315	 2.51	 2	 -42.3415	  173.7696
11.315	 2.01	 3	 -42.2810	  174.7524
11.316	 2.36	 2	 -42.4610	  173.2964
11.318	 2.80	 1	 -42.4148	  174.0641
11.320	 2.49	 3	 -42.6227	  173.0262
11.321	 2.14	 1	 -42.4291	  173.7567
11.322	 2.47	 1	 -42.3877	  174.0374
11.322	 2.40	 4	 -42.8241	  172.5868
11.326	 2.11	 1	 -42.3429	  174.0289
11.326	 2.12	 3	 -41.9270	  174.2282
11.326	 2.21	 1	 -42.2984	  173.6826
11.327	 2.03	 1	 -42.7929	  172.8477
11.329	 3.94	 1	 -41.7600	  174.2570
11.329	 2.97	 1	 -42.0940	  173.8196
11.330	 2.22	 1	 -42.3520	  173.6282
11.330	 2.57	 1	 -42.1639	  173.5688
11.331	 2.93	 1	 -42.3323	  172.9631
11.333	 2.13	 4	 -42.4686	  172.9932
11.334	 2.36	 1	 -42.4300	  173.3369
11.338	 2.42	 1	 -43.3880	  173.2638
11.338	 2.10	 6	 -41.6954	  174.2294
11.339	 2.71	 2	 -41.6396	  174.3020
11.339	 2.72	 1	 -42.3265	  173.7216
11.340	 2.69	 2	 -42.1370	  173.6636
11.341	 2.25	 1	 -42.7080	  172.6453
11.344	 3.59	 2	 -42.3038	  174.0717
11.344	 2.21	 1	 -41.7139	  174.1364
11.344	 3.10	 2	 -42.9215	  174.9455
11.346	 2.53	 1	 -42.4599	  173.0758
11.346	 2.10	 1	 -41.6928	  174.3492
11.348	 2.04	 4	 -41.7212	  174.1617
11.352	 2.12	 2	 -41.9295	  173.7854
11.352	 3.53	 2	 -42.5620	  173.8252
11.354	 2.99	 2	 -42.1395	  173.5405
11.354	 2.13	 1	 -42.4038	  173.3011
11.354	 2.76	 2	 -43.0610	  173.0931
11.355	 2.21	 1	 -42.6296	  172.1690
11.356	 3.34	 2	 -42.9909	  173.5304
11.360	 2.02	 1	 -42.1642	  173.8313
11.362	 2.46	 1	 -42.6610	  172.7612
11.364	 2.21	 2	 -41.7580	  174.2825
11.366	 2.49	 1	 -42.4636	  173.7977
11.368	 2.28	 1	 -42.4266	  173.1360
11.369	 2.01	 1	 -42.4109	  173.2428
11.369	 2.16	 1	 -42.7265	  174.4071
11.371	 2.20	 2	 -42.6093	  173.7804
11.374	 2.58	 5	 -39.7613	  172.3463
11.375	 2.14	 1	 -42.3162	  173.3209
11.376	 2.09	 2	 -42.3073	  173.9367
11.380	 3.01	 2	 -41.8403	  173.6709
11.381	 2.00	 1	 -42.1806	  173.3693
11.385	 2.02	 3	 -42.1266	  173.7904
11.388	 2.12	 2	 -41.7053	  174.2428
11.395	 2.11	 3	 -42.4907	  172.9036
11.395	 2.13	 2	 -42.5989	  172.8725
11.397	 2.41	 5	 -42.2137	  173.0104
11.400	 2.67	 1	 -41.9526	  173.7898
11.401	 2.20	 1	 -43.0515	  175.4822
11.401	 2.01	 2	 -42.4581	  173.5483
11.403	 2.54	 1	 -42.5944	  172.8158
11.404	 3.18	 4	 -41.6324	  173.4964
11.405	 2.47	 1	 -42.2464	  174.1249
11.406	 2.74	 1	 -41.6926	  174.2018
11.407	 2.04	 3	 -41.7491	  174.4131
11.409	 2.34	 2	 -42.4961	  173.0949
11.409	 2.99	 1	 -41.7237	  174.2443
11.409	 2.01	 3	 -41.7138	  174.2784
11.410	 2.50	 1	 -41.4942	  173.2361
11.411	 2.64	 1	 -41.7737	  174.2609
11.414	 2.25	 3	 -42.5303	  173.0210
11.415	 2.16	 1	 -41.8080	  174.2259
11.416	 2.63	 2	 -41.9835	  173.7585
11.417	 3.41	 1	 -42.2301	  173.7271
11.419	 2.40	 1	 -42.1656	  173.5135
11.419	 2.35	 2	 -42.2333	  173.5484
11.421	 2.32	 2	 -42.5665	  173.9472
11.421	 2.69	 1	 -38.6690	  170.2907
11.424	 2.02	 1	 -42.1740	  173.9310
11.424	 2.01	 3	 -41.4676	  173.9553
11.425	 2.53	 1	 -41.6687	  174.2791
11.425	 2.81	 3	 -39.6680	  179.6506
11.426	 2.83	 1	 -41.6686	  174.2179
11.426	 2.16	 3	 -42.5779	  172.9304
11.428	 2.76	 1	 -42.5323	  172.8869
11.428	 2.29	 2	 -41.6953	  174.2717
11.430	 2.72	 2	 -41.6680	  174.3168
11.430	 2.10	 3	 -42.5578	  173.8312
11.430	 2.43	 2	 -42.1562	  173.5563
11.435	 2.19	 1	 -42.6816	  174.1597
11.435	 2.25	 1	 -41.6683	  174.1604
11.438	 2.05	 1	 -41.9837	  173.6496
11.440	 2.21	 2	 -41.6456	  174.2093
11.441	 2.08	 1	 -42.4604	  173.1597
11.443	 2.45	 3	 -41.6591	  176.0517
11.444	 2.26	 4	 -42.0222	  173.6527
11.444	 2.07	 1	 -42.9554	  172.8418
11.445	 3.36	 1	 -42.6359	  172.7806
11.445	 2.29	 1	 -41.7369	  174.2379
11.446	 2.63	 2	 -41.2581	  174.5358
11.451	 2.34	 1	 -42.5047	  174.1050
11.455	 2.59	 2	 -42.1266	  173.5921
11.455	 2.47	 1	 -42.1894	  173.9222
11.457	 2.10	 1	 -41.6813	  174.3528
11.459	 3.16	 2	 -41.8813	  174.2922
11.459	 2.09	 1	 -42.2764	  173.8915
11.461	 2.10	 1	 -41.7740	  167.1145
11.463	 2.35	 2	 -41.5529	  174.3134
11.466	 2.04	 1	 -41.6777	  174.2604
11.467	 3.60	 1	 -42.2427	  173.6902
11.468	 2.14	 3	 -41.8208	  173.5076
11.468	 2.02	 2	 -42.7480	  173.1406
11.472	 2.14	 1	 -42.1002	  174.1072
11.476	 3.05	 2	 -43.3852	  173.9182
11.476	 2.03	 2	 -41.5615	  174.3229
11.479	 3.31	 1	 -42.5328	  173.0915
11.481	 2.66	 1	 -42.6110	  173.8818
11.481	 2.32	 1	 -42.5891	  173.2429
11.482	 2.24	 1	 -41.9590	  173.9427
11.482	 2.16	 1	 -41.7124	  174.3076
11.483	 2.44	 2	 -41.7782	  174.2556
11.483	 2.55	 1	 -43.0878	  173.0112
11.484	 2.86	 1	 -42.4504	  173.8872
11.485	 2.14	 1	 -41.7497	  174.3510
11.486	 2.37	 5	 -39.7720	  172.2842
11.486	 3.51	 3	 -41.8164	  173.5429
11.489	 2.14	 3	 -41.5899	  174.4004
11.490	 2.22	 1	 -43.6282	  172.4334
11.490	 3.30	 1	 -42.3803	  173.8534
11.490	 3.51	 1	 -42.4267	  173.4419
11.492	 2.15	 1	 -42.2581	  173.8383
11.492	 2.11	 2	 -42.1763	  173.6376
11.493	 2.06	 1	 -41.7378	  174.3535
11.494	 2.09	 2	 -42.2211	  173.8142
11.495	 2.78	 1	 -42.5937	  173.1227
11.495	 2.71	 1	 -42.2562	  173.5413
11.501	 2.17	 2	 -42.3985	  173.6185
11.503	 2.09	 1	 -42.1937	  173.7061
11.504	 3.70	 3	 -42.0928	  173.4719
11.506	 2.43	 2	 -42.3312	  173.9852
11.507	 2.20	 2	 -41.7582	  174.3396
11.507	 2.53	 2	 -41.7708	  174.3802
11.508	 2.02	 4	 -41.8776	  173.5609
11.509	 2.29	 3	 -41.8965	  174.3059
11.510	 2.07	 1	 -42.0720	  173.7698
11.511	 3.06	 4	 -41.9273	  173.5537
11.514	 2.59	 3	 -42.6019	  172.9122
11.517	 2.71	 1	 -42.4760	  173.1393
11.518	 2.11	 3	 -42.5515	  173.8107
11.518	 2.10	 1	 -42.0877	  173.7652
11.522	 2.30	 2	 -41.7761	  174.2365
11.525	 2.03	 1	 -42.2565	  173.7436
11.525	 3.88	 1	 -41.6051	  174.0509
11.529	 2.26	 4	 -42.0474	  174.5412
11.529	 2.19	 1	 -42.4653	  173.1105
11.531	 2.31	 2	 -41.9319	  173.3689
11.533	 3.05	 2	 -42.5280	  173.3554
11.533	 2.63	 1	 -41.7307	  174.3734
11.536	 2.94	 5	 -42.6053	  173.0363
11.537	 2.32	 1	 -41.9700	  174.0119
11.540	 2.02	 1	 -41.7659	  174.3068
11.542	 3.24	 1	 -42.4786	  175.0674
11.542	 2.79	 1	 -42.2285	  173.8664
11.545	 2.80	 1	 -41.7918	  174.1896
11.554	 2.13	 1	 -41.7240	  174.4243
11.554	 2.22	 1	 -42.9878	  172.3593
11.555	 2.20	 1	 -42.6943	  173.1574
11.557	 3.18	 1	 -42.3422	  173.8145
11.561	 2.28	 1	 -42.5622	  173.0881
11.562	 2.09	 3	 -42.0149	  174.3291
11.564	 2.07	 1	 -42.6118	  172.6609
11.564	 2.03	 3	 -42.6798	  173.0670
11.564	 2.71	 1	 -42.3167	  174.0262
11.565	 3.14	 1	 -42.7286	  173.4265
11.565	 2.05	 1	 -42.5024	  173.4971
11.566	 2.03	 1	 -42.6572	  172.9028
11.568	 3.38	 1	 -42.3421	  173.9014
11.569	 2.00	 1	 -42.2821	  173.7525
11.570	 2.69	 1	 -42.6351	  173.0580
11.571	 2.06	 2	 -42.3940	  174.4169
11.572	 2.20	 2	 -41.9459	  173.6557
11.572	 2.90	 1	 -41.9475	  174.1050
11.572	 2.10	 1	 -42.1367	  173.6854
11.572	 2.12	 2	 -42.5729	  173.8124
11.572	 2.46	 1	 -42.5527	  173.3054
11.573	 2.44	 2	 -42.5525	  172.9689
11.577	 2.53	 1	 -42.5495	  173.2166
11.578	 3.00	 2	 -41.7214	  174.2294
11.580	 3.38	 2	 -41.7786	  174.2608
11.582	 2.10	 1	 -41.9305	  174.1604
11.583	 2.18	 1	 -41.8301	  174.1668
11.584	 2.11	 1	 -41.7359	  174.1669
11.585	 2.13	 1	 -42.3708	  173.4669
11.585	 2.08	 2	 -42.6754	  173.3569
11.585	 2.32	 1	 -41.7322	  174.2953
11.586	 2.43	 2	 -41.7954	  174.2815
11.588	 2.39	 3	 -42.7509	  172.9187
11.589	 2.45	 1	 -41.7912	  174.2781
11.591	 2.47	 1	 -41.7249	  174.1859
11.592	 3.19	 1	 -41.7115	  174.2180
11.592	 2.47	 1	 -42.0344	  172.5910
11.594	 2.51	 1	 -42.6742	  172.8851
11.596	 2.27	 1	 -42.1651	  173.6352
11.596	 2.33	 2	 -42.6800	  172.8114
11.597	 2.95	 3	 -42.1142	  173.4803
11.597	 2.15	 1	 -41.6828	  174.2198
11.599	 2.39	 1	 -41.7288	  174.2891
11.600	 2.25	 1	 -42.0900	  173.7545
11.602	 2.37	 2	 -42.7664	  173.3944
11.603	 3.12	 1	 -42.1574	  173.6143
11.603	 2.40	 2	 -42.5064	  173.2050
11.606	 2.15	 1	 -42.5355	  173.0856
11.609	 2.59	 2	 -42.7521	  174.1552
11.610	 3.53	 1	 -41.9818	  174.0484
11.610	 2.71	 1	 -42.1462	  173.7545
11.612	 2.52	 2	 -41.8259	  174.2573
11.612	 2.18	 1	 -42.6848	  172.8946
11.613	 2.02	 2	 -42.5646	  173.7440
11.614	 2.89	 2	 -42.5141	  172.9926
11.615	 2.45	 1	 -42.4370	  173.0503
11.615	 2.28	 1	 -42.6457	  173.0066
11.616	 2.61	 1	 -42.3679	  173.0804
11.618	 2.23	 3	 -42.5753	  173.0475
11.621	 2.65	 2	 -41.7757	  174.2457
11.621	 2.45	 1	 -43.0399	  173.2427
11.621	 2.92	 1	 -41.9091	  174.0163
11.624	 3.05	 1	 -42.4515	  173.5696
11.624	 2.57	 1	 -42.1466	  172.8205
11.635	 2.37	 3	 -42.4999	  172.8740
11.635	 2.17	 2	 -42.7554	  173.2028
11.635	 2.17	 1	 -42.6931	  172.9179
11.636	 2.38	 1	 -42.3108	  173.6032
11.636	 2.05	 2	 -42.5213	  173.9920
11.637	 2.26	 3	 -42.3338	  173.7690
11.638	 2.23	 2	 -42.4283	  173.4528
11.639	 2.17	 1	 -42.2693	  174.0347
11.639	 2.59	 1	 -42.3007	  173.7104
11.640	 2.19	 1	 -41.6679	  174.2065
11.641	 2.12	 3	 -41.9123	  173.6082
11.642	 2.76	 3	 -41.6889	  174.6243
11.645	 2.82	 1	 -41.9949	  173.8074
11.646	 2.54	 1	 -42.1721	  173.4727
11.647	 2.15	 1	 -42.1166	  173.6714
11.648	 2.69	 2	 -42.3079	  173.8212
11.650	 3.37	 1	 -41.7593	  174.2531
11.651	 2.12	 1	 -41.9151	  174.3495
11.654	 2.05	 1	 -41.7259	  174.2944
11.656	 2.01	 1	 -41.6684	  174.3311
11.656	 2.02	 2	 -42.1641	  173.5631
11.658	 2.12	 2	 -42.4245	  174.1502
11.658	 2.55	 3	 -42.5128	  173.0563
11.658	 2.02	 2	 -42.3961	  174.0516
11.660	 2.01	 1	 -41.7759	  174.3038
11.660	 2.26	 3	 -42.4818	  172.9691
11.662	 2.75	 1	 -42.5938	  172.7472
11.664	 2.22	 2	 -42.4322	  173.0610
11.668	 2.62	 5	 -41.8970	  173.6411
11.670	 3.12	 1	 -41.6919	  174.2878
11.673	 2.03	 3	 -41.6781	  174.3947
11.673	 2.63	 3	 -41.9734	  173.7637
11.675	 3.56	 1	 -42.5170	  173.9646
11.678	 2.04	 2	 -41.7983	  174.2764
11.678	 2.20	 2	 -47.0720	  173.5744
11.678	 2.21	 2	 -42.4846	  172.9499
11.679	 2.15	 1	 -42.4531	  173.1425
11.679	 2.15	 2	 -41.5969	  174.0324
11.680	 2.76	 2	 -41.7578	  174.2986
11.681	 2.29	 1	 -41.6705	  174.2260
11.684	 2.86	 2	 -42.0885	  173.5990
11.686	 2.01	 3	 -41.3988	  175.0110
11.686	 2.73	 3	 -43.0621	  173.2579
11.687	 2.02	 1	 -42.3925	  175.5728
11.689	 2.79	 1	 -41.7650	  174.3230
11.690	 2.11	 1	 -41.9541	  173.6486
11.691	 2.10	 1	 -42.4949	  173.1580
11.694	 2.05	 1	 -42.2437	  173.4742
11.697	 3.56	 2	 -41.9988	  173.7418
11.697	 2.10	 1	 -41.7091	  174.3188
11.703	 2.21	 1	 -42.2851	  173.6941
11.705	 2.34	 1	 -41.7895	  174.0210
11.706	 2.02	 1	 -42.2944	  173.6486
11.707	 2.41	 1	 -41.8805	  174.0379
11.708	 2.08	 2	 -41.8649	  174.2114
11.710	 2.09	 2	 -41.7707	  174.2575
11.713	 2.38	 1	 -42.3738	  172.9360
11.715	 2.06	 3	 -42.9090	  172.7795
11.715	 2.25	 1	 -42.6571	  172.8896
11.721	 3.62	 1	 -41.7403	  174.2559
11.722	 2.28	 1	 -41.9448	  173.7243
11.723	 3.60	 2	 -42.3091	  174.8492
11.725	 2.36	 1	 -42.2316	  173.8547
11.726	 2.64	 1	 -42.8494	  172.9214
11.728	 2.61	 3	 -42.7280	  173.9083
11.728	 2.31	 2	 -42.5640	  173.7939
11.731	 2.74	 3	 -41.7304	  174.3325
11.736	 2.62	 3	 -42.5146	  172.9104
11.738	 2.45	 2	 -42.1590	  173.8269
11.739	 3.00	 2	 -41.8271	  174.2890
11.739	 2.06	 1	 -42.2613	  173.6517
11.741	 2.49	 1	 -39.0708	  177.3615
11.743	 2.03	 1	 -41.7090	  174.2516
11.744	 2.16	 1	 -42.3490	  174.0163
11.744	 2.09	 1	 -41.9963	  173.7184
11.745	 2.02	 4	 -42.4962	  173.0871
11.746	 2.01	 1	 -42.1801	  173.4017
11.747	 3.35	 2	 -42.0077	  173.7537
11.747	 2.78	 2	 -41.7383	  174.2521
11.748	 2.05	 2	 -41.0104	  174.5848
11.751	 2.30	 1	 -41.7159	  174.1899
11.752	 2.08	 3	 -42.3866	  173.7569
11.753	 2.65	 1	 -42.6536	  175.0697
11.755	 2.86	 1	 -42.3286	  174.0059
11.755	 2.54	 2	 -41.7687	  174.3014
11.756	 2.55	 2	 -42.3586	  174.2691
11.756	 2.06	 2	 -41.7286	  174.2602
11.758	 2.01	 3	 -41.5812	  174.5284
11.758	 2.03	 2	 -41.5941	  174.0099
11.761	 2.47	 1	 -42.6025	  173.0361
11.761	 2.29	 1	 -42.3307	  174.1178
11.762	 2.14	 2	 -41.7400	  174.2544
11.764	 2.10	 1	 -42.0664	  174.2219
11.765	 3.20	 1	 -41.7568	  174.2146
11.767	 2.31	 1	 -42.4987	  173.1199
11.767	 2.20	 2	 -42.3766	  173.8499
11.769	 2.26	 1	 -42.2307	  173.8379
11.771	 2.19	 3	 -41.8759	  173.6246
11.774	 2.02	 3	 -41.8763	  174.2674
11.775	 2.43	 1	 -42.1620	  173.3047
11.775	 3.07	 3	 -42.0212	  173.7554
11.775	 2.50	 2	 -41.8964	  174.2810
11.779	 2.02	 1	 -41.9508	  174.3552
11.779	 2.36	 1	 -41.8696	  174.2409
11.779	 2.02	 3	 -41.7919	  174.0964
11.779	 2.13	 1	 -42.4709	  173.6311
11.782	 2.17	 1	 -42.4279	  173.7839
11.783	 2.42	 3	 -42.5977	  173.0249
11.785	 2.47	 1	 -42.4549	  173.3605
11.786	 3.08	 3	 -42.3200	  174.8643
11.787	 2.06	 2	 -41.8709	  173.8222
11.787	 2.08	 2	 -42.6743	  172.9704
11.791	 2.04	 2	 -42.4034	  173.2201
11.792	 2.38	 3	 -41.5281	  174.0914
11.792	 2.03	 1	 -42.5096	  173.1481
11.792	 2.31	 1	 -42.2603	  173.8814
11.793	 2.73	 2	 -42.4572	  173.2247
11.793	 2.17	 1	 -42.4154	  174.1067
11.794	 2.57	 1	 -41.9218	  174.1115
11.798	 2.26	 2	 -41.7561	  174.2982
11.799	 2.44	 1	 -42.6870	  173.3467
11.805	 2.56	 2	 -41.8852	  174.0325
11.807	 2.33	 2	 -42.1556	  174.0305
11.809	 2.11	 1	 -42.0076	  173.6722
11.810	 2.28	 3	 -41.9091	  173.6877
11.817	 3.97	 3	 -42.5196	  172.9819
11.818	 2.38	 1	 -45.8082	  171.8680
11.820	 3.86	 2	 -41.7742	  174.2473
11.821	 3.49	 1	 -41.9798	  174.0890
11.821	 2.01	 1	 -41.9455	  173.6909
11.822	 2.19	 1	 -42.4404	  172.7932
11.823	 2.41	 4	 -41.6358	  174.3440
11.823	 3.09	 1	 -42.4540	  173.1474
11.823	 2.01	 2	 -42.7053	  173.9869
11.827	 2.01	 2	 -41.8199	  174.3186
11.828	 2.22	 3	 -41.9507	  173.6216
11.829	 2.04	 2	 -41.9219	  174.1101
11.834	 2.70	 5	 -42.5535	  173.0210
11.838	 2.30	 4	 -42.3936	  173.6585
11.839	 2.13	 1	 -42.6721	  172.7700
11.839	 3.33	 1	 -41.7766	  174.2223
11.842	 2.03	 3	 -46.9347	  171.7265
11.842	 2.92	 5	 -41.9116	  173.5059
11.842	 2.22	 1	 -41.8569	  174.2785
11.843	 3.43	 4	 -41.8935	  173.5795
11.844	 2.05	 1	 -42.0057	  173.7248
11.846	 3.19	 2	 -42.4313	  174.3979
11.846	 2.14	 1	 -41.7044	  174.2198
11.849	 2.36	 1	 -42.6569	  172.9622
11.852	 2.75	 2	 -42.2619	  173.8799
11.853	 2.08	 2	 -42.1187	  173.6496
11.853	 2.43	 2	 -41.9118	  173.0862
11.854	 2.22	 1	 -41.8490	  173.6871
11.855	 2.86	 3	 -42.5478	  173.1030
11.860	 2.69	 4	 -41.6299	  174.3417
11.861	 2.15	 2	 -41.7171	  174.2945
11.861	 2.05	 2	 -42.6232	  172.7440
11.862	 2.71	 1	 -41.6879	  174.1927
11.862	 2.04	 1	 -41.9983	  173.7047
11.863	 2.12	 1	 -43.0955	  172.9769
11.864	 2.41	 1	 -42.3456	  172.3116
11.865	 2.08	 1	 -41.8438	  174.1907
11.867	 2.39	 1	 -42.1375	  172.9843
11.869	 2.25	 3	 -42.1218	  173.6836
11.871	 2.51	 5	 -41.8823	  173.5712
11.872	 2.01	 1	 -42.3245	  173.4749
11.884	 2.38	 1	 -42.1810	  173.5641
11.884	 3.51	 3	 -41.6729	  174.4583
11.887	 2.35	 1	 -42.3359	  173.3329
11.888	 2.39	 3	 -41.6431	  174.4421
11.890	 2.22	 2	 -42.5719	  173.7479
11.890	 3.45	 1	 -41.6860	  174.3103
11.891	 2.50	 2	 -42.2507	  174.1797
11.891	 2.86	 2	 -42.1604	  172.9315
11.892	 2.93	 1	 -41.8098	  174.1944
11.895	 2.60	 2	 -42.2306	  174.1178
11.898	 2.32	 1	 -41.7540	  174.3037
11.901	 2.09	 2	 -42.2372	  173.7584
11.902	 2.20	 2	 -42.7050	  172.8734
11.903	 2.27	 1	 -42.6563	  172.7840
11.907	 2.44	 2	 -41.8281	  174.2068
11.908	 2.15	 1	 -43.0588	  173.9980
11.909	 2.52	 1	 -41.9688	  174.0452
11.913	 2.29	 4	 -41.6700	  174.4844
11.915	 2.47	 1	 -42.1914	  174.0694
11.915	 3.39	 1	 -42.1484	  173.6010
11.916	 2.30	 3	 -42.5837	  173.0666
11.917	 2.30	 1	 -41.7470	  174.2251
11.922	 2.93	 1	 -42.2270	  173.7868
11.922	 3.35	 2	 -42.5429	  173.1586
11.923	 3.26	 1	 -42.4869	  173.9090
11.923	 2.11	 2	 -41.7014	  174.2034
11.926	 2.00	 1	 -41.8585	  174.1478
11.928	 2.06	 1	 -42.0638	  174.9673
11.933	 2.71	 1	 -42.2608	  173.7507
11.935	 2.15	 2	 -41.4183	  173.9217
11.935	 2.34	 1	 -42.5766	  172.5853
11.939	 2.22	 1	 -42.6789	  172.9127
11.939	 2.07	 1	 -41.7119	  174.2771
11.940	 2.34	 2	 -42.2024	  174.0182
11.941	 2.02	 3	 -41.9962	  172.8590
11.941	 2.68	 3	 -41.6990	  174.1253
11.944	 2.03	 5	 -41.9042	  173.5557
11.949	 2.06	 2	 -42.4921	  173.8969
11.950	 2.02	 1	 -42.5164	  173.1781
11.952	 3.12	 2	 -41.5219	  173.8351
11.953	 2.30	 1	 -42.2487	  173.4958
11.953	 2.68	 1	 -42.3102	  173.8785
11.953	 2.33	 1	 -43.1577	  170.9095
11.954	 2.57	 3	 -42.7126	  173.2724
11.954	 2.29	 1	 -42.2298	  173.7011
11.955	 2.40	 1	 -42.6252	  172.6849
11.956	 2.88	 1	 -41.6996	  174.2167
11.959	 2.01	 1	 -42.1842	  173.6074
11.961	 2.52	 1	 -41.8687	  174.3074
11.962	 2.53	 2	 -42.1100	  174.2692
11.965	 2.01	 1	 -41.9249	  174.1080
11.968	 2.17	 3	 -42.4594	  172.7079
11.971	 2.46	 2	 -42.3480	  173.1959
11.972	 2.45	 3	 -41.5831	  174.6116
11.976	 2.05	 3	 -42.0528	  173.4157
11.977	 2.12	 1	 -43.5850	  173.4410
11.984	 2.03	 1	 -42.6649	  172.9513
11.985	 2.17	 1	 -42.4069	  173.7283
11.986	 3.09	 1	 -42.2221	  173.5842
11.990	 2.27	 3	 -41.8906	  174.2574
11.991	 3.75	 3	 -42.5536	  172.9782
11.992	 2.02	 3	 -43.1300	  173.3637
11.993	 2.01	 2	 -41.8249	  174.1948
11.994	 2.15	 2	 -42.1165	  172.9010
11.996	 3.38	 2	 -42.4084	  173.0822
11.996	 3.17	 2	 -41.6996	  174.2192
11.999	 2.62	 1	 -42.2178	  173.4660
12.000	 2.57	 3	 -42.7151	  172.2852
12.000	 2.06	 1	 -41.3913	  173.6010
12.001	 2.24	 2	 -41.7033	  174.3053
12.001	 2.65	 1	 -42.2813	  173.7119
12.002	 2.10	 3	 -41.8923	  173.9476
12.003	 2.69	 2	 -41.6141	  174.0596
12.005	 2.04	 1	 -44.6735	  172.2455
12.008	 2.49	 4	 -43.2972	  172.8400
12.013	 2.14	 3	 -41.9288	  173.6443
12.015	 2.08	 4	 -42.3333	  173.0660
12.018	 2.10	 3	 -42.3142	  173.3665
12.019	 2.18	 2	 -42.3915	  173.1505
12.021	 2.39	 2	 -42.7660	  173.0991
12.021	 3.75	 2	 -44.7180	  178.4131
12.023	 2.05	 2	 -42.4599	  173.0639
12.023	 2.02	 1	 -41.7949	  174.5134
12.024	 3.33	 2	 -42.6287	  173.9122
12.028	 2.23	 2	 -42.4226	  172.3239
12.028	 2.74	 2	 -42.1578	  173.7153
12.032	 3.06	 1	 -42.5451	  172.7985
12.033	 2.36	 2	 -41.7473	  174.2192
12.033	 3.40	 1	 -42.6422	  172.9738
12.036	 2.38	 3	 -41.7800	  174.2997
12.036	 2.02	 1	 -41.9760	  173.7615
12.037	 2.02	 3	 -42.5435	  173.1612
12.037	 4.02	 4	 -42.7033	  172.2820
12.039	 2.23	 1	 -41.9055	  173.8401
12.040	 2.15	 1	 -42.6626	  172.9678
12.044	 2.25	 1	 -42.4588	  173.9771
12.046	 2.08	 3	 -42.5641	  172.9908
12.046	 2.53	 1	 -41.6790	  174.2636
12.047	 2.11	 1	 -42.9910	  173.4432
12.047	 2.95	 1	 -41.7370	  174.0900
12.048	 2.92	 2	 -42.3060	  173.9392
12.050	 3.44	 2	 -42.3544	  173.6439
12.051	 2.02	 2	 -41.5106	  174.2126
12.052	 2.04	 2	 -42.4604	  173.9224
12.053	 2.08	 1	 -42.3022	  173.5580
12.055	 2.59	 1	 -42.4075	  173.6600
12.055	 2.29	 1	 -42.5321	  173.2246
12.058	 2.85	 2	 -42.3450	  173.9151
12.059	 2.07	 3	 -41.7912	  173.5571
12.062	 3.19	 2	 -41.7201	  174.2936
12.064	 2.15	 1	 -41.8121	  174.0254
12.064	 2.20	 2	 -46.0862	  175.6062
12.066	 2.01	 1	 -42.6092	  172.9993
12.066	 2.22	 1	 -42.3730	  173.5484
12.067	 2.29	 1	 -42.7976	  172.9229
12.067	 2.25	 1	 -41.6354	  174.2112
12.068	 2.79	 1	 -42.5047	  173.2070
12.069	 2.36	 1	 -41.7038	  174.1654
12.071	 2.21	 3	 -42.5388	  173.2028
12.071	 2.10	 1	 -41.8142	  174.2434
12.072	 2.06	 3	 -42.2948	  173.4216
12.074	 2.08	 1	 -42.3990	  173.5833
12.074	 2.00	 3	 -42.5768	  173.0114
12.075	 2.53	 1	 -42.3478	  173.9535
12.076	 2.00	 1	 -42.3041	  173.6599
12.077	 2.53	 4	 -42.5022	  172.8503
12.077	 2.75	 1	 -42.4188	  173.4650
12.077	 2.59	 2	 -42.6405	  173.8175
12.078	 3.11	 1	 -41.8092	  174.1563
12.083	 2.59	 1	 -42.2693	  173.6673
12.083	 2.24	 2	 -42.3057	  173.7798
12.084	 2.92	 2	 -42.3524	  173.7796
12.087	 2.96	 1	 -42.6994	  173.2476
12.091	 2.06	 3	 -42.4018	  173.0659
12.092	 3.47	 1	 -42.1904	  173.8130
12.093	 2.51	 1	 -42.2185	  173.6889
12.093	 2.10	 4	 -42.3254	  172.9815
12.094	 2.01	 3	 -41.7075	  174.6575
12.095	 2.07	 2	 -42.5431	  173.8117
12.095	 2.17	 3	 -42.4095	  174.0156
12.095	 2.04	 1	 -42.5345	  173.1313
12.097	 2.31	 2	 -42.5901	  173.8058
12.097	 2.01	 2	 -42.3019	  173.6582
12.098	 3.26	 1	 -42.5741	  173.5088
12.103	 2.07	 1	 -41.7216	  174.2876
12.105	 2.59	 3	 -42.5432	  172.9049
12.107	 3.30	 1	 -41.7993	  174.2912
12.108	 2.35	 1	 -42.8244	  173.3144
12.113	 2.61	 2	 -42.5790	  173.8060
12.113	 2.59	 1	 -42.5824	  173.1898
12.114	 2.10	 1	 -41.7900	  174.2760
12.115	 2.10	 2	 -42.3781	  173.8902
12.117	 2.04	 1	 -42.2546	  173.6122
12.119	 2.73	 1	 -42.3221	  173.6564
12.121	 2.70	 3	 -41.7211	  174.2267
12.123	 2.07	 1	 -41.4788	  173.6302
12.124	 2.21	 3	 -42.2554	  173.8858
12.125	 3.24	 1	 -43.4679	  173.5985
12.127	 2.36	 2	 -42.1966	  173.8824
12.130	 3.36	 1	 -42.1055	  173.6801
12.131	 3.34	 5	 -42.6633	  172.1152
12.132	 2.28	 2	 -42.5945	  173.7715
12.133	 2.51	 3	 -41.9262	  173.6136
12.134	 2.52	 2	 -42.4011	  173.7659
12.135	 2.03	 4	 -41.7563	  173.5742
12.137	 3.56	 1	 -42.3547	  173.8561
12.137	 2.74	 3	 -41.4715	  173.9614
12.137	 2.81	 4	 -42.2083	  173.5898
12.141	 2.50	 2	 -42.1420	  173.8132
12.142	 2.33	 2	 -42.2793	  173.6874
12.145	 2.61	 1	 -42.2494	  173.8649
12.146	 2.15	 2	 -43.1588	  170.9098
12.146	 2.27	 1	 -42.4645	  173.2730
12.147	 2.87	 2	 -41.8268	  174.6586
12.148	 2.58	 1	 -42.2605	  173.6469
12.150	 2.20	 1	 -41.7310	  174.3015
12.151	 2.56	 1	 -41.7475	  174.2983
12.151	 3.24	 2	 -42.3331	  173.8435
12.151	 2.05	 4	 -42.5184	  173.7950
12.152	 2.01	 1	 -41.7627	  174.5481
12.153	 2.87	 1	 -42.5197	  172.9924
12.153	 2.61	 1	 -42.2305	  173.4739
12.158	 2.25	 3	 -42.5986	  172.8708
12.160	 2.19	 1	 -42.1889	  173.7403
12.160	 3.52	 4	 -41.5290	  174.0912
12.160	 2.49	 1	 -43.6474	  174.0228
12.161	 2.12	 2	 -41.7297	  174.2834
12.162	 2.04	 1	 -41.9861	  173.7704
12.165	 2.15	 1	 -42.7142	  173.5978
12.165	 2.05	 1	 -42.5759	  174.0178
12.166	 2.13	 1	 -42.3454	  173.7845
12.166	 3.27	 3	 -41.7490	  174.6272
12.167	 2.47	 2	 -42.2779	  173.9361
12.173	 2.33	 2	 -40.0018	  172.3982
12.173	 2.54	 1	 -42.2679	  175.6203
12.175	 3.07	 1	 -42.1934	  173.4888
12.175	 2.20	 3	 -42.2836	  172.9389
12.177	 2.01	 3	 -42.7491	  174.1465
12.179	 2.28	 1	 -41.7134	  174.2844
12.182	 2.06	 3	 -42.2911	  174.0939
12.184	 2.31	 1	 -42.1987	  173.6359
12.184	 3.03	 1	 -41.8263	  174.4896
12.184	 2.06	 2	 -42.5114	  173.5836
12.185	 2.62	 2	 -42.2522	  173.6850
12.187	 2.36	 4	 -41.5472	  174.1816
12.188	 2.35	 1	 -42.5209	  173.0783
12.189	 2.36	 2	 -42.5858	  173.8110
12.190	 2.26	 4	 -42.5834	  172.9995
12.191	 2.27	 2	 -41.8431	  174.0364
12.191	 4.07	 1	 -41.5503	  174.0130
12.191	 2.36	 1	 -42.7240	  173.2235
12.192	 2.15	 1	 -41.8649	  174.1831
12.193	 2.03	 2	 -41.8778	  173.6409
12.196	 2.91	 2	 -42.5638	  173.8454
12.197	 3.66	 2	 -41.8039	  173.9571
12.202	 2.58	 1	 -42.6023	  172.9597
12.206	 2.05	 2	 -42.3745	  173.9554
12.207	 3.42	 1	 -41.7191	  174.2654
12.207	 2.70	 1	 -41.1545	  174.3534
12.208	 2.67	 1	 -42.7385	  172.8826
12.211	 2.59	 2	 -42.7936	  172.9202
12.212	 2.32	 1	 -42.3874	  173.2332
12.214	 2.03	 1	 -41.9227	  174.7568
12.215	 2.12	 2	 -42.1206	  171.9966
12.216	 2.12	 2	 -41.8245	  174.4689
12.223	 2.14	 1	 -42.0356	  174.0401
12.228	 2.13	 2	 -41.8463	  174.2557
12.228	 2.05	 1	 -41.7747	  174.2829
12.228	 2.10	 4	 -42.7504	  173.0204
12.228	 2.20	 1	 -42.4490	  173.7425
12.230	 2.35	 1	 -42.2030	  173.3787
12.232	 2.31	 2	 -42.6018	  172.8618
12.234	 2.02	 1	 -41.7171	  174.2102
12.235	 2.12	 2	 -41.5525	  174.4107
12.236	 2.78	 2	 -41.7503	  174.2341
12.236	 2.52	 1	 -42.0578	  173.6429
12.236	 2.17	 2	 -42.3425	  173.8082
12.242	 2.93	 3	 -41.8415	  174.2928
12.242	 2.04	 1	 -41.5587	  174.2988
12.244	 2.53	 1	 -42.2116	  173.8230
12.245	 3.33	 1	 -42.4808	  173.6767
12.246	 2.23	 5	 -39.7875	  172.3053
12.248	 2.42	 1	 -41.7200	  174.2117
12.251	 2.54	 2	 -42.0091	  173.7472
12.251	 2.06	 1	 -42.5556	  173.5231
12.253	 2.41	 2	 -42.7101	  172.9750
12.255	 2.08	 1	 -41.7308	  174.2180
12.258	 2.24	 1	 -42.3403	  173.0941
12.260	 2.27	 1	 -42.5552	  173.0506
12.261	 3.16	 1	 -42.3808	  173.2689
12.261	 2.04	 1	 -42.8210	  174.9473
12.261	 2.27	 3	 -41.7737	  174.2461
12.261	 2.72	 1	 -42.2787	  174.1161
12.262	 2.04	 1	 -42.1319	  173.5532
12.262	 2.96	 1	 -42.6416	  172.7957
12.264	 3.07	 1	 -42.1226	  173.7529
12.264	 2.08	 1	 -42.5167	  173.0780
12.266	 2.58	 2	 -42.6564	  173.8206
12.266	 2.88	 1	 -42.6529	  172.9010
12.268	 2.14	 1	 -42.5294	  173.1807
12.272	 2.02	 2	 -42.6219	  173.0958
12.272	 2.13	 3	 -42.3396	  173.8290
12.273	 2.15	 2	 -41.9342	  174.0064
12.273	 2.00	 1	 -42.6049	  173.2740
12.274	 2.22	 3	 -42.5647	  172.9968
12.275	 2.27	 3	 -42.5135	  172.9758
12.276	 2.01	 2	 -42.7449	  173.4115
12.278	 3.19	 2	 -42.0648	  173.4661
12.278	 2.61	 1	 -42.1834	  173.6779
12.279	 2.73	 3	 -41.8496	  174.1801
12.279	 2.17	 1	 -41.9560	  173.9603
12.281	 3.47	 1	 -42.4901	  173.2831
12.281	 3.54	 2	 -42.3356	  173.8710
12.284	 2.73	 1	 -41.2298	  174.2155
12.284	 2.35	 1	 -41.8764	  173.9804
12.285	 2.47	 1	 -42.6201	  173.0099
12.285	 2.07	 3	 -41.6048	  174.3864
12.287	 2.38	 2	 -41.7590	  174.2731
12.288	 2.19	 3	 -42.0231	  172.5742
12.292	 2.77	 2	 -42.2449	  174.1207
12.295	 2.25	 1	 -42.5343	  173.0470
12.296	 2.20	 1	 -42.2923	  174.2362
12.299	 3.17	 1	 -41.8049	  174.2333
12.302	 2.02	 1	 -42.3668	  174.0011
12.306	 2.09	 2	 -42.5188	  173.9183
12.307	 2.69	 1	 -45.1782	  178.1517
12.307	 2.86	 1	 -41.9039	  174.0164
12.309	 2.26	 1	 -40.3997	  172.8955
12.310	 2.84	 1	 -41.9696	  173.8490
12.313	 2.20	 1	 -42.3027	  173.7163
12.317	 2.22	 4	 -42.7106	  172.9580
12.319	 2.07	 1	 -41.8020	  174.2451
12.319	 2.29	 2	 -43.0842	  172.8064
12.320	 2.32	 2	 -42.0975	  173.9611
12.320	 3.06	 1	 -42.5753	  173.0136
12.322	 2.46	 1	 -42.2230	  173.7974
12.324	 2.34	 3	 -41.9188	  173.5718
12.326	 2.68	 1	 -41.7348	  174.1947
12.327	 2.32	 1	 -43.7570	  174.2400
12.331	 2.57	 1	 -42.4455	  173.1560
12.332	 2.25	 2	 -41.8198	  174.2334
12.333	 4.30	 2	 -42.5774	  173.4755
12.333	 2.56	 3	 -42.5401	  172.5801
12.333	 2.06	 3	 -42.7421	  173.8846
12.335	 2.76	 1	 -41.7335	  174.2215
12.336	 2.07	 1	 -41.8118	  174.2883
12.337	 2.49	 3	 -41.9211	  173.6251
12.339	 2.62	 1	 -42.3814	  173.8399
12.339	 2.25	 1	 -42.2065	  173.6747
12.340	 2.26	 3	 -41.9509	  172.6016
12.340	 2.47	 3	 -42.4795	  172.7512
12.340	 2.42	 3	 -41.8118	  173.9293
12.341	 2.12	 1	 -41.6985	  174.2032
12.342	 3.71	 3	 -44.4573	  174.8023
12.343	 2.43	 1	 -41.9639	  174.4714
12.344	 3.57	 1	 -42.3353	  173.6530
12.345	 2.06	 1	 -41.5848	  174.1919
12.347	 2.52	 1	 -41.9752	  173.7884
12.348	 2.24	 2	 -41.9477	  173.8380
12.351	 2.21	 1	 -42.0534	  173.4253
12.351	 2.70	 1	 -41.8058	  174.2620
12.352	 2.67	 1	 -42.6355	  173.1043
12.353	 2.11	 2	 -42.4261	  173.2775
12.359	 2.15	 2	 -42.2244	  173.7896
12.361	 2.08	 2	 -42.7991	  173.5016
12.362	 2.13	 1	 -42.2816	  173.6843
12.365	 3.03	 1	 -41.9104	  173.3425
12.367	 2.24	 4	 -41.7767	  174.6660
12.369	 2.77	 3	 -42.5749	  173.4865
12.371	 2.09	 2	 -40.8352	  173.2292
12.371	 2.39	 1	 -41.7295	  174.4697
12.371	 3.06	 3	 -42.5652	  172.6708
12.371	 2.07	 1	 -42.4074	  172.4209
12.372	 2.05	 2	 -43.0721	  173.4476
12.373	 2.46	 3	 -41.8292	  174.1959
12.374	 3.57	 3	 -42.5611	  173.5425
12.375	 2.66	 1	 -41.7396	  174.2424
12.377	 2.29	 1	 -42.3957	  173.9520
12.381	 2.47	 1	 -42.3290	  173.6717
12.381	 3.09	 1	 -42.5416	  173.0721
12.382	 2.15	 2	 -42.5482	  173.0752
12.385	 2.16	 1	 -42.5063	  173.5855
12.385	 2.48	 1	 -42.6204	  174.0742
12.386	 2.44	 1	 -37.6529	  175.3987
12.387	 2.67	 1	 -42.3835	  173.7549
12.388	 3.23	 1	 -41.8532	  174.1088
12.389	 2.51	 3	 -41.5934	  174.2189
12.390	 2.10	 4	 -44.4554	  174.7814
12.394	 2.44	 2	 -43.2479	  173.5742
12.394	 2.29	 3	 -41.9017	  173.4358
12.394	 4.19	 2	 -41.6048	  174.0368
12.394	 2.23	 3	 -42.4694	  173.1161
12.395	 2.27	 1	 -41.8583	  171.6455
12.396	 3.29	 3	 -41.5815	  174.4283
12.398	 2.71	 1	 -42.4462	  173.7591
12.399	 2.61	 2	 -42.3316	  173.8724
12.399	 2.23	 2	 -42.2998	  173.6578
12.401	 2.85	 1	 -42.3082	  172.9936
12.401	 2.56	 4	 -42.4184	  172.8680
12.404	 2.07	 1	 -42.2504	  173.8165
12.405	 2.31	 1	 -42.4535	  173.2077
12.407	 2.12	 1	 -42.2228	  173.6449
12.407	 2.92	 1	 -42.2622	  174.2509
12.411	 2.91	 2	 -42.7119	  172.9768
12.411	 2.16	 1	 -41.6103	  174.2351
12.416	 2.22	 2	 -42.6126	  173.7585
12.416	 2.28	 1	 -39.8347	  173.9771
12.416	 3.09	 2	 -42.4538	  174.0500
12.417	 2.11	 2	 -41.7706	  174.2505
12.418	 2.05	 1	 -42.5897	  173.4157
12.420	 2.06	 1	 -42.7023	  172.9246
12.421	 2.01	 4	 -42.5790	  172.9983
12.422	 2.67	 2	 -42.7488	  172.8824
12.423	 2.32	 2	 -41.7194	  174.3647
12.423	 2.08	 1	 -42.4516	  173.4254
12.423	 2.31	 4	 -42.6906	  173.0536
12.424	 2.02	 2	 -42.3071	  174.4167
12.432	 2.41	 1	 -42.1893	  172.9834
12.432	 3.86	 3	 -41.5609	  174.3401
12.434	 2.00	 1	 -42.3531	  174.0272
12.436	 2.24	 1	 -42.0836	  172.9255
12.436	 2.18	 2	 -42.5461	  172.0995
12.436	 2.53	 3	 -42.4603	  173.3280
12.437	 2.26	 3	 -41.6900	  174.3289
12.438	 2.95	 2	 -41.1991	  174.7540
12.440	 2.66	 4	 -41.6145	  174.2814
12.441	 2.11	 1	 -41.9243	  173.7228
12.442	 2.56	 1	 -41.7979	  171.9886
12.443	 2.05	 1	 -41.7576	  174.1720
12.447	 2.07	 1	 -42.6373	  172.9244
12.449	 2.27	 1	 -42.4401	  173.2409
12.450	 2.02	 1	 -42.5273	  173.2400
12.451	 2.33	 1	 -42.2708	  174.0181
12.453	 2.18	 1	 -42.3713	  173.1674
12.455	 2.34	 1	 -41.6756	  170.8661
12.459	 2.12	 3	 -42.7392	  172.9010
12.459	 2.17	 1	 -42.7691	  172.9903
12.461	 2.28	 4	 -42.0244	  173.7538
12.462	 2.59	 1	 -42.4006	  173.3322
12.462	 3.33	 1	 -44.0863	  175.2700
12.463	 2.89	 1	 -42.2116	  173.6867
12.463	 2.10	 1	 -42.1703	  173.2943
12.465	 2.07	 1	 -41.6766	  174.2041
12.469	 2.08	 1	 -42.0644	  173.7122
12.469	 3.40	 4	 -41.6402	  174.5042
12.475	 2.12	 3	 -42.3393	  173.8444
12.476	 2.15	 1	 -42.9086	  173.6657
12.476	 2.28	 2	 -41.7646	  174.2434
12.478	 2.30	 1	 -42.4616	  173.1722
12.480	 2.05	 5	 -41.8129	  173.5962
12.481	 2.54	 1	 -42.3620	  173.8536
12.482	 2.47	 3	 -41.5988	  174.3781
12.484	 2.21	 1	 -41.6914	  173.8329
12.484	 2.21	 1	 -42.0477	  174.0511
12.486	 2.88	 2	 -41.7722	  174.2194
12.487	 2.56	 1	 -42.2653	  173.8124
12.488	 2.11	 2	 -41.7380	  174.2581
12.493	 2.12	 3	 -41.6580	  174.3815
12.495	 2.06	 2	 -42.2791	  173.8208
12.497	 2.09	 1	 -42.5410	  173.1967
12.498	 2.04	 1	 -42.3955	  173.7618
12.498	 2.37	 1	 -42.3528	  173.8748
12.499	 2.04	 1	 -42.5839	  173.1296
12.499	 2.05	 1	 -42.0946	  173.8277
12.503	 2.36	 3	 -41.5952	  174.0269
12.504	 2.03	 2	 -42.3492	  173.4471
12.505	 2.23	 1	 -41.6436	  174.1869
12.506	 2.44	 2	 -42.0520	  173.2989
12.508	 2.72	 3	 -42.9494	  174.2335
12.509	 2.12	 1	 -42.4679	  173.1744
12.512	 2.53	 1	 -42.4807	  173.4928
12.512	 2.81	 1	 -42.3861	  173.7327
12.513	 2.44	 1	 -42.0503	  174.3945
12.514	 3.09	 1	 -42.5546	  172.4735
12.515	 2.33	 1	 -42.0290	  174.0304
12.516	 2.19	 1	 -42.0633	  174.2498
12.517	 2.58	 1	 -42.3392	  173.7306
12.520	 2.05	 1	 -42.0258	  173.8344
12.522	 2.17	 1	 -42.2354	  173.6547
12.523	 2.02	 1	 -42.3068	  173.5259
12.525	 2.58	 2	 -43.4666	  173.6026
12.525	 3.31	 3	 -42.4981	  173.2027
12.529	 2.07	 2	 -42.0260	  173.4694
12.532	 3.87	 1	 -42.7435	  173.0886
12.536	 3.08	 3	 -42.3194	  173.9966
12.537	 2.51	 2	 -41.9538	  173.5021
12.541	 2.19	 4	 -44.4458	  174.8073
12.542	 2.47	 1	 -41.5887	  173.5990
12.543	 2.94	 1	 -42.5045	  173.2548
12.543	 2.02	 1	 -41.9132	  174.2040
12.547	 2.58	 2	 -41.7157	  174.1989
12.547	 2.29	 1	 -41.7290	  174.1089
12.550	 2.05	 2	 -42.5084	  173.0947
12.553	 2.26	 1	 -42.2907	  173.4440
12.560	 2.49	 2	 -41.8147	  174.4633
12.560	 2.49	 3	 -41.6053	  174.4058
12.561	 2.65	 1	 -42.2301	  173.6040
12.562	 2.21	 3	 -42.6082	  173.4756
12.564	 2.16	 1	 -42.5267	  172.6822
12.565	 2.02	 1	 -41.7878	  174.2311
12.573	 2.60	 4	 -42.5774	  172.9940
12.573	 2.31	 4	 -42.6946	  172.9985
12.574	 2.03	 1	 -42.5446	  173.0836
12.574	 2.05	 1	 -41.7494	  174.2634
12.575	 2.06	 1	 -42.5913	  172.7745
12.575	 2.12	 1	 -41.7185	  174.3678
12.578	 2.01	 4	 -41.7459	  174.1877
12.578	 2.16	 1	 -41.7704	  174.2423
12.578	 2.52	 1	 -41.7515	  174.2621
12.580	 2.11	 1	 -42.1604	  173.5650
12.582	 2.25	 1	 -41.6797	  174.0339
12.585	 2.05	 1	 -38.0660	  173.7223
12.585	 2.35	 2	 -41.7793	  174.2577
12.586	 2.23	 1	 -42.3962	  174.1054
12.587	 2.21	 1	 -42.4388	  173.4649
12.588	 2.15	 1	 -41.7087	  174.2466
12.594	 2.09	 1	 -41.7129	  174.2561
12.597	 2.27	 1	 -41.8658	  174.0411
12.598	 2.27	 1	 -41.8941	  173.0189
12.607	 3.59	 1	 -42.7635	  172.9804
12.608	 2.05	 1	 -41.8539	  173.9475
12.608	 2.64	 1	 -42.5865	  174.4938
12.609	 2.89	 1	 -41.6935	  174.2663
12.612	 2.21	 1	 -42.5962	  173.1816
12.613	 2.04	 2	 -41.7594	  173.7446
12.614	 2.30	 1	 -41.6803	  174.1728
12.616	 2.76	 1	 -41.9394	  173.6614
12.616	 2.19	 1	 -40.3064	  175.5063
12.617	 2.18	 1	 -42.0665	  172.4287
12.619	 2.09	 1	 -42.4898	  173.9168
12.622	 2.55	 2	 -42.2000	  173.6801
12.623	 2.24	 1	 -41.6312	  174.5866
12.623	 2.15	 1	 -41.9809	  173.8584
12.623	 2.56	 3	 -42.6142	  173.1601
12.624	 2.31	 2	 -41.9006	  174.3486
12.627	 2.34	 4	 -42.4800	  172.9742
12.627	 2.18	 2	 -44.5035	  173.7677
12.629	 2.67	 3	 -42.5409	  172.9881
12.629	 2.56	 4	 -41.8507	  173.5098
12.630	 3.18	 1	 -41.7186	  174.2438
12.632	 2.68	 2	 -41.7417	  174.2782
12.636	 2.69	 1	 -42.9190	  172.9561
12.639	 2.51	 1	 -42.3785	  172.2386
12.640	 2.34	 3	 -42.6149	  172.9686
12.640	 2.94	 1	 -42.4848	  173.1311
12.641	 2.86	 2	 -42.4491	  173.4593
12.643	 2.24	 1	 -41.7751	  173.9433
12.646	 2.16	 3	 -42.3370	  173.1294
12.648	 2.06	 2	 -42.4384	  173.2326
12.650	 3.28	 1	 -42.0549	  173.5631
12.650	 2.30	 2	 -42.4487	  173.2275
12.650	 2.35	 3	 -42.4106	  173.4019
12.651	 2.46	 1	 -42.3329	  173.8981
12.651	 2.02	 4	 -42.5457	  173.2214
12.652	 2.76	 1	 -42.0412	  173.7309
12.653	 2.35	 1	 -42.3337	  173.8882
12.655	 2.02	 2	 -42.2492	  173.5966
12.655	 2.01	 3	 -42.4625	  173.0414
12.657	 2.08	 3	 -41.6078	  174.3947
12.665	 2.19	 2	 -42.7097	  173.8927
12.670	 2.58	 2	 -42.1739	  173.4705
12.672	 2.48	 1	 -41.7823	  174.2673
12.676	 2.54	 4	 -41.6616	  174.4561
12.678	 2.85	 1	 -41.7691	  174.1619
12.678	 2.30	 2	 -42.4658	  174.6018
12.683	 2.50	 1	 -44.0092	  172.8338
12.684	 2.48	 1	 -41.7163	  174.2050
12.684	 2.31	 3	 -41.8617	  173.6707
12.685	 2.43	 1	 -41.6487	  174.3163
12.686	 2.33	 1	 -41.7026	  174.1409
12.689	 2.01	 1	 -42.4236	  173.9109
12.690	 2.08	 1	 -42.6106	  172.9850
12.690	 2.36	 2	 -42.0541	  173.5693
12.694	 2.27	 2	 -42.5088	  173.2862
12.695	 2.31	 1	 -42.2449	  174.1380
12.697	 2.83	 1	 -41.8090	  174.2901
12.698	 2.47	 1	 -41.5064	  172.8011
12.698	 2.38	 2	 -41.2291	  174.2143
12.699	 2.05	 4	 -42.6162	  172.9671
12.701	 4.12	 3	 -41.9420	  174.2516
12.702	 2.22	 6	 -41.7889	  174.8500
12.706	 4.07	 1	 -41.7178	  174.2718
12.707	 3.91	 2	 -42.5204	  173.2119
12.708	 2.87	 1	 -42.4594	  173.9608
12.709	 2.02	 1	 -42.2408	  173.6587
12.711	 2.58	 1	 -42.3069	  173.4845
12.711	 2.05	 2	 -42.5611	  174.0134
12.711	 2.43	 2	 -40.2174	  173.9247
12.713	 2.31	 1	 -42.1669	  173.6954
12.713	 2.33	 2	 -41.7004	  174.2620
12.714	 2.11	 3	 -42.5184	  173.2349
12.715	 3.31	 2	 -42.2201	  173.8625
12.715	 2.08	 2	 -42.3417	  173.6657
12.719	 2.01	 1	 -41.7345	  174.0779
12.719	 2.40	 4	 -41.8580	  173.1852
12.727	 2.83	 1	 -41.7915	  174.1747
12.727	 2.11	 3	 -42.5356	  172.9891
12.728	 2.18	 1	 -41.9538	  173.7448
12.729	 2.62	 3	 -41.8853	  173.6547
12.729	 2.14	 2	 -42.5226	  173.9779
12.732	 2.28	 2	 -42.5745	  173.0197
12.734	 2.29	 3	 -41.7831	  173.6038
12.735	 2.37	 1	 -41.5671	  174.2201
12.735	 2.28	 2	 -41.9119	  173.3488
12.740	 2.54	 1	 -41.8475	  174.1601
12.745	 2.38	 2	 -42.0167	  173.7075
12.745	 3.00	 2	 -41.5387	  174.3079
12.746	 2.94	 1	 -41.9910	  173.6892
12.748	 2.42	 1	 -42.4514	  173.1645
12.750	 2.61	 1	 -41.6614	  174.0681
12.750	 2.95	 3	 -42.6052	  172.9548
12.751	 2.41	 1	 -41.7073	  174.1911
12.753	 2.98	 1	 -41.7884	  173.6413
12.754	 2.22	 3	 -41.3925	  174.4800
12.765	 2.06	 1	 -42.5214	  173.1271
12.768	 2.33	 1	 -41.6964	  174.1945
12.769	 2.44	 4	 -42.4020	  173.0659
12.771	 2.11	 3	 -42.4959	  172.9735
12.772	 2.45	 1	 -43.0125	  173.7632
12.774	 2.08	 2	 -42.5840	  172.9688
12.775	 2.23	 2	 -42.0520	  173.5764
12.775	 2.05	 1	 -41.7375	  174.3851
12.777	 2.36	 3	 -41.9140	  173.6499
12.778	 2.03	 3	 -42.3248	  172.7873
12.780	 2.19	 3	 -42.5746	  172.8916
12.781	 2.16	 3	 -42.4943	  172.6322
12.782	 3.21	 4	 -41.9569	  174.2796
12.783	 2.18	 4	 -41.9213	  174.2504
12.783	 2.37	 1	 -41.9641	  173.7153
12.787	 2.38	 3	 -41.8817	  173.7574
12.787	 2.46	 4	 -42.3543	  173.2668
12.787	 2.44	 1	 -41.8823	  175.3671
12.793	 2.30	 3	 -42.1579	  173.5985
12.793	 2.31	 3	 -42.2027	  173.8556
12.794	 2.00	 1	 -42.3795	  174.0986
12.795	 2.73	 2	 -42.5066	  173.8079
12.798	 2.45	 1	 -42.2821	  174.1020
12.801	 2.79	 1	 -42.5715	  173.1463
12.804	 2.61	 3	 -42.3992	  173.8557
12.806	 2.17	 1	 -42.2243	  173.5871
12.807	 2.85	 2	 -41.9786	  174.0415
12.807	 2.38	 1	 -42.0571	  173.9346
12.809	 2.11	 1	 -42.7289	  173.4235
12.824	 2.21	 3	 -41.9040	  173.6375
12.828	 2.41	 1	 -41.8693	  174.0734
12.829	 2.28	 1	 -42.8058	  172.3712
12.833	 3.49	 1	 -42.1182	  173.7689
12.833	 2.23	 2	 -42.0497	  173.7369
12.835	 2.05	 1	 -41.8243	  174.2596
12.836	 2.18	 1	 -41.9954	  173.7934
12.841	 2.35	 1	 -42.8666	  172.6615
12.844	 2.63	 2	 -42.1963	  173.4056
12.845	 2.25	 2	 -41.8244	  174.3213
12.847	 2.30	 1	 -42.4078	  172.7267
12.849	 2.08	 3	 -42.6467	  172.9992
12.850	 2.59	 1	 -42.2380	  173.6990
12.850	 2.19	 2	 -42.7487	  173.1638
12.851	 2.32	 1	 -42.3025	  173.2157
12.851	 2.13	 4	 -40.6132	  174.5643
12.852	 2.36	 3	 -42.5826	  172.9126
12.852	 2.32	 3	 -41.8383	  173.6644
12.853	 2.41	 1	 -45.7301	  177.0151
12.854	 3.11	 1	 -41.6914	  174.2471
12.856	 3.08	 2	 -42.2304	  173.7264
12.856	 3.29	 2	 -42.5425	  173.7518
12.862	 2.20	 2	 -42.3226	  173.9954
12.864	 3.49	 3	 -42.6273	  172.9798
12.865	 2.45	 1	 -42.1367	  173.9889
12.865	 2.67	 1	 -42.3038	  173.3379
12.870	 2.21	 1	 -42.3179	  173.8205
12.870	 2.11	 1	 -42.5555	  173.1468
12.871	 2.57	 1	 -41.7894	  174.2054
12.872	 2.11	 1	 -42.6915	  173.1399
12.872	 3.31	 4	 -42.0890	  174.4639
12.873	 2.03	 2	 -41.6287	  174.1788
12.874	 2.91	 3	 -41.9247	  174.0026
12.875	 2.19	 3	 -41.6401	  173.7808
12.876	 2.30	 1	 -42.2911	  173.5692
12.877	 2.52	 1	 -41.7677	  174.2035
12.880	 2.06	 1	 -41.7532	  174.2670
12.881	 2.08	 2	 -42.3334	  173.8976
12.888	 2.01	 2	 -42.2906	  173.9822
12.889	 2.03	 1	 -42.3434	  172.7357
12.890	 2.04	 1	 -42.3132	  173.8871
12.891	 2.50	 3	 -42.3321	  173.4055
12.893	 2.48	 2	 -41.8179	  174.2197
12.894	 2.45	 1	 -42.5135	  173.2366
12.894	 2.31	 2	 -42.4354	  173.8919
12.894	 2.02	 2	 -41.7589	  174.2180
12.899	 2.97	 1	 -42.0141	  173.7248
12.901	 2.26	 1	 -42.3074	  173.6665
12.903	 2.43	 4	 -41.7908	  174.6774
12.904	 2.02	 2	 -42.4968	  173.9842
12.906	 3.27	 3	 -42.5359	  172.9750
12.907	 2.18	 1	 -41.7091	  174.3308
12.908	 2.78	 1	 -41.9758	  174.0438
12.909	 2.24	 3	 -42.5945	  172.5965
12.914	 2.73	 1	 -42.7692	  173.7402
12.919	 2.33	 1	 -42.6335	  172.5569
12.920	 2.01	 1	 -42.3920	  173.0198
12.920	 2.40	 2	 -41.6919	  174.2453
12.922	 2.00	 2	 -42.1332	  173.5499
12.923	 2.80	 1	 -42.3345	  173.8975
12.923	 2.68	 1	 -41.7313	  174.2178
12.925	 2.96	 1	 -41.7720	  174.2193
12.926	 2.77	 2	 -42.6474	  172.8133
12.927	 2.00	 1	 -42.2390	  173.5694
12.930	 2.18	 2	 -42.3387	  172.6292
12.931	 2.11	 2	 -41.9405	  174.4454
12.937	 2.86	 1	 -41.8333	  174.0307
12.939	 2.33	 1	 -42.4724	  173.6681
12.944	 2.01	 1	 -42.3118	  173.6629
12.945	 2.25	 3	 -42.4394	  173.0487
12.945	 2.25	 1	 -42.7299	  172.9373
12.948	 2.78	 4	 -42.6106	  172.9266
12.951	 2.35	 2	 -42.3103	  173.8790
12.951	 2.63	 2	 -41.9953	  173.7984
12.952	 2.37	 3	 -42.5153	  173.0888
12.952	 2.77	 1	 -41.7736	  174.2952
12.956	 2.49	 1	 -42.0629	  173.6976
12.957	 2.40	 3	 -41.5596	  173.9939
12.958	 2.12	 1	 -42.1079	  173.9014
12.958	 2.12	 4	 -42.3544	  171.5092
12.961	 2.05	 1	 -42.0185	  173.8033
12.962	 2.12	 3	 -42.6164	  173.4743
12.963	 3.02	 1	 -42.1408	  173.5993
12.965	 2.10	 1	 -42.4662	  173.1986
12.968	 2.24	 1	 -42.8019	  174.0448
12.968	 2.36	 1	 -45.8316	  177.1789
12.968	 2.13	 1	 -41.6394	  173.8526
12.969	 2.16	 2	 -42.0426	  173.7301
12.972	 2.14	 1	 -41.6809	  174.2450
12.973	 2.13	 1	 -42.3937	  173.4292
12.975	 2.98	 3	 -41.9157	  174.0030
12.978	 2.77	 1	 -42.5101	  173.9450
12.979	 2.09	 2	 -42.8166	  172.7689
12.982	 2.04	 1	 -42.3519	  173.7470
12.982	 2.78	 1	 -42.1246	  173.8985
12.982	 2.05	 2	 -41.7476	  174.4020
12.984	 2.89	 1	 -42.2847	  173.9497
12.985	 2.00	 1	 -41.7273	  174.2006
12.985	 2.65	 1	 -41.6710	  174.2310
12.988	 2.33	 1	 -42.6016	  173.0573
12.988	 2.11	 2	 -41.9611	  173.7471
12.989	 2.29	 4	 -41.3157	  173.9660
12.990	 2.17	 2	 -41.5539	  174.3905
12.995	 3.16	 2	 -41.7271	  173.9543
12.995	 2.99	 1	 -42.7327	  172.7169
12.995	 2.16	 1	 -42.6900	  173.1898
12.999	 2.11	 2	 -42.5914	  173.8112
13.000	 2.47	 1	 -41.9000	  173.9206
13.001	 2.37	 2	 -42.5740	  173.7949
13.002	 2.39	 1	 -42.4799	  173.7020
13.004	 2.18	 1	 -42.2530	  173.9288
13.004	 2.63	 1	 -40.6984	  172.2726
13.006	 2.06	 2	 -41.7106	  174.2644
13.006	 2.27	 1	 -41.8598	  174.1235
13.008	 2.60	 1	 -42.2597	  174.0197
13.008	 2.32	 3	 -42.4462	  173.0628
13.011	 2.10	 2	 -41.6990	  174.1589
13.011	 2.11	 2	 -42.4033	  173.5854
13.012	 2.70	 1	 -41.6305	  174.3524
13.012	 2.34	 1	 -41.7300	  174.2414
13.017	 2.81	 1	 -42.4226	  174.0460
13.017	 2.05	 1	 -42.4650	  173.1850
13.018	 2.18	 1	 -41.6853	  174.2141
13.018	 2.09	 2	 -42.3802	  173.8556
13.020	 2.13	 1	 -42.0294	  174.1581
13.020	 2.01	 3	 -41.9189	  173.6012
13.021	 4.00	 1	 -42.0220	  173.7162
13.028	 2.13	 1	 -41.8892	  173.7615
13.028	 2.32	 1	 -42.0610	  173.7432
13.028	 2.28	 1	 -41.9230	  173.7819
13.029	 2.26	 1	 -42.6117	  173.0204
13.030	 2.07	 3	 -42.7941	  173.0432
13.031	 2.62	 2	 -41.8294	  174.3072
13.032	 2.75	 3	 -42.3489	  173.1268
13.033	 2.07	 4	 -41.6116	  174.3747
13.038	 2.28	 2	 -42.0917	  173.7388
13.041	 3.40	 3	 -42.4777	  172.8790
13.042	 2.33	 3	 -42.5309	  173.4245
13.044	 2.40	 1	 -42.4782	  173.7846
13.045	 2.44	 3	 -43.3592	  175.6352
13.046	 2.30	 2	 -42.4844	  173.7142
13.047	 2.51	 1	 -42.9581	  173.2017
13.050	 2.09	 1	 -42.5681	  173.3431
13.051	 2.06	 2	 -42.3298	  173.7351
13.051	 2.18	 1	 -41.8072	  174.0123
13.056	 2.04	 2	 -40.9659	  173.9476
13.062	 2.10	 1	 -41.9335	  173.7726
13.063	 2.18	 1	 -41.7222	  174.2682
13.064	 2.78	 1	 -42.5473	  173.0973
13.068	 2.84	 1	 -42.0556	  173.8149
13.070	 2.81	 3	 -42.5924	  173.1909
13.070	 2.13	 1	 -42.4731	  173.5214
13.072	 2.61	 3	 -42.2210	  173.8730
13.073	 2.98	 3	 -42.2485	  172.1754
13.075	 2.03	 3	 -42.4065	  172.8747
13.084	 2.03	 1	 -42.7463	  173.1068
13.084	 2.18	 2	 -42.3418	  173.9296
13.088	 2.48	 1	 -42.3371	  173.8103
13.089	 2.04	 3	 -41.7244	  174.6535
13.092	 2.08	 1	 -40.6289	  178.3959
13.093	 2.23	 3	 -42.5161	  170.9962
13.094	 2.10	 1	 -41.7017	  174.1645
13.099	 2.51	 2	 -41.8076	  174.2045
13.101	 2.02	 2	 -42.5922	  173.8060
13.101	 2.03	 3	 -41.6696	  174.4366
13.104	 2.45	 2	 -41.9892	  173.7699
13.104	 2.46	 1	 -42.3471	  174.0830
13.105	 2.39	 1	 -43.7170	  172.9553
13.105	 2.05	 1	 -41.7732	  174.2392
13.105	 2.56	 1	 -41.7031	  174.2388
13.106	 2.28	 1	 -42.0939	  173.1147
13.107	 2.46	 2	 -41.7996	  174.3055
13.107	 2.02	 1	 -41.6569	  174.3208
13.107	 2.43	 3	 -42.2951	  173.6204
13.109	 2.10	 1	 -42.8270	  172.8981
13.109	 3.06	 2	 -42.2025	  174.0637
13.111	 2.17	 1	 -42.3431	  173.5506
13.113	 2.37	 1	 -42.2437	  174.1877
13.113	 3.69	 3	 -42.4500	  172.8745
13.114	 2.24	 1	 -42.5658	  172.8260
13.116	 2.38	 2	 -42.0056	  173.7249
13.117	 4.04	 1	 -41.6575	  174.3203
13.117	 2.45	 2	 -41.7921	  174.2794
13.120	 2.00	 2	 -41.5423	  174.2671
13.120	 2.69	 2	 -42.5011	  174.1425
13.121	 2.28	 1	 -42.1606	  173.6692
13.124	 2.21	 1	 -41.8922	  174.4033
13.125	 2.27	 1	 -42.3613	  173.7032
13.126	 2.25	 1	 -41.0769	  172.7126
13.127	 2.42	 1	 -42.5352	  173.9777
13.130	 2.31	 2	 -42.3138	  173.6664
13.132	 3.83	 1	 -45.7181	  171.5626
13.133	 2.67	 1	 -42.5544	  173.0824
13.134	 2.50	 1	 -41.8880	  173.9518
13.134	 2.39	 1	 -42.2857	  173.7830
13.136	 2.01	 2	 -42.4208	  173.2203
13.136	 2.83	 3	 -43.9211	  172.5117
13.137	 2.79	 3	 -42.3844	  173.1026
13.141	 2.06	 1	 -42.3253	  173.6666
13.142	 3.13	 2	 -41.4446	  174.2686
13.143	 2.02	 2	 -45.7174	  171.5620
13.143	 2.43	 1	 -42.4451	  173.7753
13.144	 2.37	 1	 -41.7036	  174.1348
13.144	 2.11	 1	 -41.7171	  174.3643
13.146	 2.06	 3	 -42.2967	  172.9978
13.151	 3.44	 1	 -42.3674	  173.8595
13.152	 2.20	 1	 -42.6271	  172.9393
13.153	 2.10	 1	 -41.7186	  174.1995
13.155	 2.49	 1	 -42.5984	  172.7781
13.158	 2.06	 1	 -42.9445	  172.6993
13.159	 2.37	 1	 -42.4240	  173.3540
13.159	 2.42	 1	 -42.0209	  173.7532
13.160	 2.13	 1	 -42.4928	  173.4585
13.160	 2.12	 1	 -41.9898	  173.6401
13.167	 2.07	 1	 -42.2813	  173.8063
13.168	 3.97	 2	 -42.1845	  173.7488
13.169	 2.31	 4	 -41.8024	  173.7332
13.170	 2.06	 1	 -42.5295	  173.2282
13.172	 2.33	 1	 -42.3589	  173.9199
13.172	 2.19	 1	 -42.7298	  173.2162
13.175	 2.20	 1	 -42.0397	  173.7325
13.176	 2.24	 2	 -41.7340	  174.1579
13.176	 2.00	 1	 -41.7205	  174.2868
13.176	 3.96	 4	 -42.5250	  172.9376
13.178	 2.57	 2	 -41.7977	  174.2810
13.179	 3.02	 2	 -41.7683	  174.2738
13.179	 2.30	 2	 -41.8881	  173.9513
13.180	 2.34	 1	 -43.9685	  169.4012
13.180	 2.28	 3	 -42.5305	  172.5133
13.184	 2.82	 2	 -41.9223	  173.6574
13.184	 2.05	 1	 -41.5464	  174.1171
13.185	 2.19	 1	 -41.6813	  174.3539
13.186	 2.13	 1	 -46.6911	  175.8206
13.189	 2.13	 1	 -42.0261	  173.9485
13.192	 2.84	 3	 -41.8744	  173.5371
13.195	 2.43	 1	 -42.4830	  173.6563
13.201	 2.14	 1	 -42.3948	  173.1488
13.203	 2.80	 1	 -41.7940	  174.1372
13.204	 2.03	 2	 -42.4024	  173.1231
13.205	 2.11	 3	 -41.6945	  174.3937
13.208	 2.06	 3	 -41.7275	  174.8342
13.208	 2.02	 3	 -44.7200	  178.4305
13.209	 2.06	 5	 -42.5258	  172.9401
13.210	 2.20	 1	 -42.3931	  173.0273
13.210	 2.13	 2	 -42.0533	  173.5600
13.225	 2.91	 1	 -42.4194	  173.7996
13.225	 4.03	 1	 -42.3462	  173.9114
13.227	 2.04	 1	 -42.3017	  173.2187
13.227	 2.08	 1	 -41.8017	  174.2889
13.227	 2.43	 3	 -41.7679	  174.2568
13.227	 2.15	 1	 -42.0901	  173.6070
13.229	 2.00	 2	 -42.5223	  173.9213
13.229	 2.72	 2	 -41.5547	  174.4021
13.231	 2.80	 1	 -42.5420	  173.1864
13.233	 2.02	 3	 -42.1596	  173.5408
13.233	 3.64	 3	 -42.7159	  172.9792
13.243	 2.04	 2	 -42.4412	  173.2407
13.244	 2.44	 1	 -42.3388	  173.7911
13.245	 2.19	 1	 -43.0866	  172.5693
13.246	 2.09	 2	 -42.3711	  173.3631
13.248	 2.03	 1	 -42.4188	  173.3327
13.249	 2.06	 1	 -42.9605	  174.4577
13.249	 2.85	 2	 -42.5696	  173.2136
13.253	 2.66	 3	 -41.5737	  174.4368
13.255	 2.66	 1	 -41.8014	  173.9757
13.258	 2.32	 1	 -41.8192	  174.1788
13.258	 3.33	 1	 -42.0973	  174.0624
13.258	 2.05	 1	 -41.6733	  174.0681
13.259	 2.36	 4	 -42.5410	  172.9954
13.259	 2.29	 3	 -41.8858	  174.2966
13.259	 2.34	 1	 -41.6000	  174.3072
13.260	 2.25	 1	 -42.3299	  173.6887
13.262	 2.12	 3	 -41.5238	  173.8313
13.262	 2.12	 2	 -42.6167	  172.7989
13.264	 2.21	 1	 -41.9592	  173.8875
13.265	 2.83	 1	 -42.7850	  173.4592
13.265	 2.12	 1	 -42.1451	  173.4758
13.269	 2.59	 1	 -41.7618	  174.3739
13.270	 2.09	 1	 -41.3654	  172.8521
13.272	 2.17	 2	 -42.3441	  173.9150
13.273	 2.09	 1	 -43.2610	  172.6833
13.274	 2.25	 1	 -42.6301	  173.4001
13.274	 2.36	 1	 -41.7539	  174.3337
13.278	 2.44	 1	 -41.6066	  174.3201
13.279	 2.14	 2	 -42.9160	  174.4602
13.283	 2.10	 1	 -41.6565	  173.7082
13.284	 2.62	 3	 -42.0540	  173.4728
13.287	 2.50	 1	 -42.2484	  173.8310
13.287	 5.26	 1	 -42.5223	  173.8799
13.287	 2.01	 3	 -41.8832	  174.4026
13.288	 2.12	 1	 -42.6543	  173.0148
13.289	 2.98	 2	 -42.4737	  173.8975
13.289	 2.71	 3	 -42.5000	  172.8116
13.291	 2.03	 1	 -43.8750	  173.2620
13.292	 2.70	 2	 -42.5262	  173.9209
13.293	 2.61	 1	 -42.0624	  173.7353
13.295	 2.45	 1	 -43.3636	  173.9803
13.300	 2.47	 2	 -42.3960	  173.8942
13.301	 2.04	 1	 -42.4220	  173.3854
13.301	 2.12	 1	 -42.6730	  173.0386
13.301	 2.09	 2	 -42.5513	  173.9141
13.303	 2.06	 3	 -41.0116	  174.5814
13.303	 2.23	 2	 -42.5690	  173.8984
13.305	 2.25	 2	 -41.9157	  173.7868
13.307	 2.37	 2	 -41.8627	  173.5814
13.310	 3.11	 2	 -42.5004	  173.9236
13.311	 2.18	 1	 -42.3247	  173.6960
13.311	 2.05	 1	 -44.7087	  168.7273
13.312	 2.69	 4	 -41.9267	  173.9812
13.314	 2.26	 1	 -41.7754	  174.3568
13.314	 2.40	 1	 -42.2756	  173.7736
13.315	 2.19	 1	 -42.6277	  172.9041
13.318	 2.17	 2	 -41.7459	  174.2578
13.318	 2.72	 2	 -42.3844	  173.8070
13.319	 2.12	 1	 -42.3282	  173.6190
13.320	 3.83	 2	 -42.5195	  173.8928
13.320	 2.22	 1	 -42.8945	  173.1612
13.321	 2.45	 4	 -41.9334	  173.6908
13.321	 2.01	 1	 -42.4078	  173.1084
13.323	 2.53	 1	 -42.2263	  173.5540
13.323	 2.34	 2	 -42.1766	  173.8955
13.323	 2.18	 2	 -42.4367	  173.7607
13.324	 2.07	 2	 -42.4916	  173.8450
13.324	 2.25	 4	 -42.6438	  172.9239
13.325	 2.55	 1	 -42.2038	  173.7189
13.327	 3.06	 2	 -42.5288	  173.8508
13.327	 3.41	 2	 -42.1881	  173.9791
13.328	 2.25	 1	 -42.6456	  172.9113
13.329	 2.29	 1	 -41.9510	  173.8886
13.330	 2.31	 5	 -42.5797	  172.9942
13.333	 2.48	 2	 -42.3812	  173.9274
13.333	 2.09	 1	 -42.0167	  173.7167
13.334	 2.40	 1	 -42.2573	  173.8012
13.335	 2.10	 1	 -42.3275	  173.9428
13.336	 2.79	 1	 -42.4959	  173.2171
13.337	 3.05	 4	 -41.6004	  174.3267
13.338	 2.45	 1	 -42.5167	  173.1154
13.338	 2.23	 2	 -42.4414	  173.9399
13.339	 2.01	 3	 -38.9696	  177.1527
13.340	 2.07	 2	 -42.4955	  173.2424
13.340	 2.29	 1	 -42.3294	  173.6530
13.341	 2.48	 2	 -41.8650	  174.1255
13.342	 2.21	 2	 -41.7584	  174.2523
13.343	 3.33	 2	 -41.5825	  174.2449
13.343	 3.57	 5	 -42.7116	  172.2692
13.346	 2.23	 1	 -41.6650	  173.1819
13.346	 2.51	 2	 -41.7099	  174.2576
13.347	 2.81	 2	 -42.6865	  173.0567
13.347	 2.33	 2	 -42.5398	  173.7828
13.350	 2.10	 3	 -41.8896	  173.3844
13.355	 2.22	 1	 -42.3772	  173.4016
13.355	 2.23	 2	 -42.5521	  173.1566
13.356	 2.40	 1	 -42.3992	  173.1732
13.358	 2.70	 1	 -42.4370	  172.9620
13.359	 3.28	 1	 -42.8670	  172.7747
13.359	 2.82	 1	 -42.5221	  172.8105
13.360	 2.07	 1	 -42.1721	  173.5434
13.361	 2.11	 2	 -42.1770	  173.7154
13.363	 2.43	 1	 -42.3557	  173.9977
13.364	 2.29	 2	 -42.5265	  173.8958
13.365	 3.82	 2	 -38.0968	  177.9913
13.366	 3.83	 3	 -41.9238	  173.6273
13.367	 2.29	 1	 -41.7819	  174.2740
13.374	 2.08	 1	 -42.5281	  173.8684
13.375	 2.18	 2	 -42.5619	  173.7766
13.376	 2.56	 2	 -45.7024	  171.7853
13.376	 2.70	 2	 -42.2418	  173.7639
13.377	 2.49	 1	 -42.4623	  173.0391
13.378	 3.31	 2	 -41.9528	  173.7707
13.379	 2.38	 2	 -42.5349	  173.8670
13.381	 2.15	 1	 -42.4985	  172.8485
13.383	 2.59	 2	 -42.5643	  173.9236
13.387	 3.38	 1	 -41.8598	  173.9969
13.388	 2.79	 1	 -42.5098	  173.0935
13.389	 2.07	 2	 -42.5543	  173.9585
13.392	 2.22	 1	 -42.4583	  173.3338
13.393	 2.12	 3	 -38.0314	  177.9674
13.394	 2.28	 1	 -41.8117	  174.3133
13.395	 2.13	 2	 -42.6410	  173.7433
13.396	 2.31	 1	 -41.3700	  172.6882
13.397	 2.26	 1	 -42.2968	  173.6891
13.402	 2.72	 1	 -41.9794	  173.6323
13.404	 2.09	 2	 -42.3606	  173.5783
13.405	 2.66	 3	 -42.1463	  172.2625
13.405	 2.82	 3	 -42.5281	  172.9792
13.405	 3.13	 2	 -41.7955	  174.2889
13.407	 2.42	 2	 -41.8292	  174.3337
13.409	 2.67	 2	 -41.5635	  174.4269
13.412	 2.75	 1	 -42.0877	  173.8339
13.418	 2.37	 3	 -41.8031	  174.3362
13.418	 2.18	 2	 -41.9964	  173.8100
13.418	 2.08	 2	 -42.6278	  174.5814
13.422	 2.22	 1	 -42.5727	  173.0230
13.423	 2.08	 2	 -42.0428	  173.7011
13.425	 2.16	 1	 -42.0557	  174.0930
13.426	 2.14	 3	 -42.5456	  172.9278
13.429	 2.43	 3	 -42.3561	  172.8091
13.431	 2.28	 2	 -41.6779	  174.0801
13.433	 2.63	 1	 -42.2912	  173.8569
13.434	 2.03	 2	 -42.7764	  173.0011
13.434	 2.61	 2	 -42.2693	  173.7288
13.435	 2.11	 4	 -42.6719	  173.0773
13.437	 2.03	 1	 -42.4226	  173.1303
13.437	 3.35	 1	 -42.5524	  173.0220
13.437	 2.11	 1	 -42.2495	  173.6418
13.438	 2.24	 2	 -42.5076	  173.9165
13.438	 2.82	 1	 -42.3384	  173.7195
13.438	 2.04	 1	 -42.4828	  173.7894
13.439	 2.08	 1	 -42.6311	  173.5902
13.439	 2.19	 3	 -41.7526	  174.2567
13.441	 2.23	 2	 -42.4969	  173.8022
13.441	 2.68	 1	 -41.8357	  174.2482
13.442	 2.09	 3	 -41.9915	  173.5405
13.442	 3.63	 1	 -42.2725	  173.6608
13.444	 2.00	 1	 -42.3259	  173.6386
13.445	 2.58	 1	 -42.9653	  173.0279
13.447	 2.32	 1	 -42.5645	  172.9947
13.450	 2.09	 2	 -41.6855	  174.2673
13.455	 2.25	 2	 -41.9740	  173.2893
13.456	 2.85	 3	 -42.4116	  173.1334
13.458	 2.45	 2	 -42.5444	  173.9033
13.458	 2.04	 1	 -42.3136	  173.7331
13.458	 2.04	 1	 -42.0200	  173.4898
13.461	 2.71	 1	 -41.8792	  174.1160
13.462	 3.31	 1	 -41.8294	  174.2420
13.463	 2.93	 1	 -41.6916	  174.2091
13.469	 2.16	 1	 -41.6847	  174.2587
13.473	 2.13	 1	 -42.6369	  172.8840
13.478	 2.14	 1	 -42.4034	  173.1765
13.479	 2.59	 1	 -41.1979	  175.8470
13.481	 3.37	 1	 -41.7879	  174.2857
13.481	 2.03	 1	 -41.8040	  174.2396
13.484	 2.27	 3	 -42.0373	  173.8220
13.484	 2.13	 2	 -42.7137	  173.1050
13.485	 2.45	 1	 -42.2225	  173.6481
13.486	 2.03	 1	 -42.2451	  173.5510
13.486	 3.97	 1	 -42.6457	  173.0629
13.489	 2.12	 3	 -42.8160	  172.7706
13.490	 3.30	 2	 -41.9851	  174.0534
13.490	 2.33	 1	 -42.5401	  173.6785
13.491	 2.33	 2	 -41.9209	  174.0488
13.492	 2.13	 3	 -42.1123	  173.7788
13.493	 3.43	 4	 -41.6681	  174.4491
13.493	 2.52	 2	 -42.3840	  173.5606
13.495	 4.65	 1	 -41.7914	  174.4144
13.495	 2.34	 2	 -42.2714	  173.8457
13.499	 2.20	 2	 -42.6428	  173.8828
13.499	 2.08	 3	 -42.5623	  173.2115
13.502	 2.47	 4	 -42.7351	  173.2307
13.502	 2.38	 1	 -40.4304	  175.2670
13.503	 2.08	 1	 -42.8577	  173.6083
13.505	 2.32	 2	 -41.4810	  174.9045
13.506	 2.02	 1	 -42.2867	  173.6115
13.509	 2.79	 1	 -41.6794	  174.1850
13.510	 2.28	 2	 -41.7744	  174.4409
13.513	 3.15	 3	 -40.3750	  174.1742
13.513	 2.10	 3	 -42.7838	  172.7646
13.514	 2.34	 2	 -42.1225	  173.3921
13.515	 2.03	 2	 -41.4948	  174.3173
13.517	 3.10	 1	 -42.5561	  173.0082
13.519	 2.23	 1	 -42.3697	  173.6891
13.520	 3.51	 2	 -42.4789	  173.8255
13.520	 2.70	 1	 -42.5063	  173.1545
13.521	 2.09	 3	 -42.7832	  173.6690
13.522	 2.36	 1	 -42.2648	  173.8742
13.525	 2.31	 4	 -41.6885	  174.1769
13.525	 2.12	 4	 -42.5338	  172.9811
13.528	 2.15	 3	 -42.6841	  172.8642
13.528	 2.94	 1	 -41.9795	  173.8877
13.530	 2.02	 2	 -41.7914	  174.4122
13.531	 3.10	 3	 -42.4614	  172.7172
13.531	 2.04	 1	 -42.5119	  173.1860
13.533	 2.16	 1	 -42.1850	  173.7787
13.534	 2.07	 2	 -41.7303	  173.4674
13.534	 2.22	 4	 -42.6470	  173.6114
13.535	 2.21	 1	 -42.9970	  172.4619
13.536	 2.10	 2	 -42.5165	  173.9352
13.539	 2.94	 2	 -42.4987	  173.8562
13.539	 2.21	 4	 -42.5986	  172.9761
13.540	 2.85	 1	 -42.3805	  173.2758
13.543	 2.07	 1	 -41.9635	  173.7502
13.544	 2.85	 2	 -42.1109	  173.7234
13.549	 2.04	 5	 -42.4810	  172.9520
13.551	 2.44	 2	 -41.7223	  174.2957
13.554	 4.23	 1	 -42.0214	  173.7689
13.560	 2.38	 1	 -42.2285	  173.9847
13.561	 2.01	 3	 -42.4388	  173.8762
13.565	 3.25	 3	 -41.9086	  173.6219
13.567	 2.07	 4	 -42.2860	  172.8546
13.567	 2.10	 1	 -42.2231	  173.7035
13.567	 2.06	 2	 -41.7717	  174.3999
13.567	 2.02	 5	 -41.6674	  173.7027
13.568	 2.57	 1	 -41.7843	  174.2429
13.568	 2.65	 4	 -42.4836	  172.9318
13.569	 2.21	 1	 -42.2292	  173.7428
13.572	 2.11	 1	 -42.0191	  173.8390
13.576	 3.12	 1	 -41.6971	  174.3506
13.578	 3.41	 1	 -41.6925	  174.2022
13.580	 2.55	 1	 -42.4931	  173.1889
13.580	 2.84	 1	 -41.7933	  174.2582
13.583	 2.21	 4	 -42.3161	  172.7217
13.584	 3.24	 1	 -42.2393	  173.5776
13.585	 2.15	 3	 -42.1852	  173.7457
13.586	 2.09	 3	 -42.6421	  172.9552
13.586	 4.41	 1	 -41.6546	  174.2534
13.588	 2.70	 5	 -42.0738	  174.4808
13.588	 2.30	 3	 -41.6933	  174.0424
13.590	 3.12	 1	 -44.4993	  173.3575
13.593	 2.31	 2	 -42.0450	  173.7861
13.596	 2.61	 2	 -41.6338	  174.0639
13.599	 2.32	 2	 -41.9384	  173.8977
13.599	 2.19	 2	 -41.6504	  174.2450
13.601	 2.33	 1	 -42.4970	  173.2249
13.602	 2.06	 1	 -42.3516	  173.8079
13.602	 2.39	 1	 -42.1205	  173.8201
13.603	 2.44	 1	 -41.7759	  174.2383
13.603	 2.48	 1	 -42.4697	  173.3556
13.603	 3.19	 1	 -42.6583	  172.9886
13.604	 2.83	 1	 -42.1490	  174.1131
13.605	 2.40	 1	 -42.4391	  173.7248
13.605	 2.14	 2	 -42.4694	  173.8700
13.606	 3.54	 2	 -42.5925	  173.1920
13.606	 2.26	 2	 -42.4676	  173.9293
13.607	 2.28	 4	 -41.9632	  173.6271
13.607	 2.21	 1	 -42.7263	  173.0518
13.610	 2.48	 1	 -41.6798	  174.2807
13.611	 2.55	 1	 -41.8172	  174.3554
13.612	 2.32	 1	 -41.7086	  174.1292
13.612	 2.01	 1	 -42.5795	  172.9420
13.613	 2.16	 1	 -41.6985	  174.1919
13.614	 2.32	 4	 -42.5580	  173.0103
13.615	 2.01	 4	 -41.6696	  174.3255
13.616	 2.14	 1	 -41.7042	  174.2940
13.621	 2.36	 1	 -41.6384	  174.1832
13.621	 2.00	 3	 -41.7898	  174.0380
13.621	 2.49	 3	 -41.7104	  173.7276
13.622	 2.28	 1	 -42.8937	  171.8137
13.623	 2.15	 1	 -42.4038	  173.2163
13.625	 2.06	 4	 -41.7825	  174.6694
13.626	 2.53	 1	 -41.8228	  174.1407
13.629	 2.92	 2	 -42.5300	  173.8378
13.630	 2.19	 1	 -42.5098	  172.8184
13.631	 2.64	 2	 -41.5583	  174.3076
13.631	 2.25	 1	 -42.2389	  173.6860
13.633	 2.03	 3	 -41.7851	  174.0390
13.634	 2.55	 1	 -42.3373	  173.4607
13.636	 2.33	 2	 -47.0077	  173.7461
13.637	 2.18	 3	 -42.3277	  173.8358
13.641	 2.49	 1	 -41.4191	  174.5973
13.641	 2.41	 2	 -42.7162	  173.1032
13.641	 2.12	 1	 -41.7625	  174.2893
13.646	 2.28	 1	 -41.7668	  174.2136
13.646	 3.32	 1	 -41.7944	  174.0250
13.647	 3.28	 1	 -42.4438	  172.9669
13.647	 2.11	 2	 -41.6622	  174.3193
13.649	 2.13	 2	 -41.5660	  173.9995
13.658	 2.60	 4	 -42.4763	  173.2085
13.659	 2.00	 2	 -42.1828	  173.8814
13.659	 2.07	 1	 -42.3479	  174.2649
13.663	 2.61	 3	 -42.4769	  173.8239
13.665	 2.38	 2	 -42.2365	  173.7007
13.666	 2.48	 2	 -41.7608	  174.4156
13.668	 2.07	 3	 -42.1715	  174.0053
13.669	 2.51	 2	 -42.3181	  172.6742
13.670	 3.03	 2	 -42.5234	  173.8364
13.671	 3.06	 2	 -41.7944	  174.4220
13.673	 2.34	 1	 -41.6914	  174.2294
13.675	 2.23	 2	 -42.4393	  173.1862
13.677	 2.00	 3	 -42.9233	  173.1797
13.680	 2.78	 3	 -42.0664	  173.1969
13.683	 2.01	 2	 -42.3154	  174.1752
13.684	 2.70	 1	 -42.4534	  173.3005
13.684	 2.08	 2	 -41.9802	  173.8931
13.684	 2.18	 2	 -42.4658	  173.5395
13.685	 2.61	 4	 -42.4881	  172.9628
13.691	 2.27	 2	 -42.5351	  173.8940
13.693	 2.13	 1	 -42.2759	  173.6370
13.696	 2.06	 1	 -41.5796	  174.2776
13.697	 4.17	 2	 -41.7527	  174.2593
13.699	 2.34	 1	 -41.6859	  174.2200
13.702	 2.55	 1	 -42.2792	  173.7073
13.705	 2.65	 1	 -42.5452	  173.1893
13.705	 2.54	 1	 -42.2935	  173.9505
13.707	 2.24	 3	 -42.5020	  173.9034
13.709	 2.09	 4	 -42.4984	  172.6651
13.709	 2.08	 6	 -41.9734	  174.5868
13.709	 2.02	 2	 -42.5452	  173.2285
13.714	 2.10	 1	 -41.8555	  174.1657
13.717	 2.32	 2	 -42.5332	  173.8746
13.719	 2.18	 1	 -42.1953	  173.5699
13.720	 2.10	 1	 -42.4372	  173.2523
13.720	 2.10	 5	 -42.5321	  172.9583
13.722	 2.26	 1	 -42.3436	  173.6328
13.722	 2.24	 1	 -42.8813	  172.1241
13.722	 2.70	 1	 -42.1052	  173.5740
13.724	 2.18	 4	 -42.7722	  172.4645
13.725	 2.97	 1	 -42.3361	  173.9076
13.727	 2.02	 3	 -41.7985	  174.4225
13.728	 2.11	 1	 -43.0505	  172.8804
13.729	 2.39	 2	 -41.8044	  174.2583
13.730	 2.51	 1	 -41.9702	  173.8543
13.731	 2.16	 1	 -42.4809	  173.1697
13.735	 2.46	 1	 -42.2880	  174.0171
13.737	 2.26	 3	 -42.1045	  173.6221
13.738	 2.39	 3	 -42.2879	  173.7095
13.738	 2.39	 2	 -42.8794	  175.8065
13.742	 2.41	 1	 -42.2731	  173.9221
13.744	 3.96	 3	 -41.7452	  174.2585
13.746	 2.81	 1	 -42.4748	  173.1810
13.747	 2.49	 2	 -42.5661	  173.8189
13.747	 2.08	 4	 -41.7034	  174.6622
13.750	 2.58	 1	 -41.6280	  174.3320
13.750	 2.49	 1	 -41.6609	  174.2438
13.752	 2.01	 2	 -42.5288	  173.1340
13.754	 2.15	 1	 -42.5510	  173.0596
13.754	 2.10	 3	 -42.7303	  173.1463
13.755	 2.80	 1	 -41.5758	  173.7852
13.756	 2.07	 1	 -42.2092	  173.6052
13.757	 2.16	 1	 -42.2372	  173.6184
13.757	 2.29	 2	 -41.8233	  175.3749
13.758	 2.36	 2	 -42.1637	  173.5479
13.759	 2.35	 1	 -41.5426	  174.3490
13.762	 2.13	 1	 -38.1723	  171.3731
13.764	 2.77	 2	 -42.2555	  174.2194
13.764	 2.81	 2	 -42.1111	  173.9017
13.769	 2.29	 1	 -42.5813	  173.2975
13.771	 2.10	 3	 -42.7728	  173.6913
13.771	 2.11	 1	 -42.3236	  173.9452
13.772	 2.30	 1	 -42.2448	  173.8193
13.772	 2.24	 2	 -41.8058	  174.4970
13.774	 2.25	 2	 -41.7347	  174.3257
13.780	 2.29	 1	 -41.1328	  172.9223
13.780	 2.66	 3	 -41.7457	  174.2302
13.782	 2.89	 3	 -42.4481	  173.4583
13.782	 2.83	 3	 -41.7493	  174.2597
13.785	 2.20	 2	 -42.5899	  173.7697
13.786	 2.92	 1	 -42.2597	  173.5056
13.788	 2.55	 2	 -42.0815	  173.8715
13.789	 2.09	 2	 -41.5869	  173.6074
13.791	 2.19	 2	 -41.6199	  174.8561
13.793	 2.02	 1	 -42.4352	  173.2628
13.794	 2.45	 4	 -42.2955	  174.1181
13.796	 2.80	 1	 -41.9535	  174.0339
13.801	 2.68	 2	 -42.4845	  173.5320
13.803	 2.04	 1	 -41.7891	  174.2651
13.806	 3.05	 1	 -42.3063	  173.7039
13.807	 2.76	 1	 -41.6995	  174.2822
13.809	 2.25	 1	 -42.0634	  174.4675
13.810	 2.08	 2	 -41.7686	  174.1580
13.810	 2.12	 3	 -42.5922	  172.9050
13.811	 2.13	 2	 -42.2286	  173.8147
13.812	 2.00	 1	 -41.9672	  173.9391
13.813	 2.12	 1	 -41.7775	  174.3209
13.820	 2.06	 1	 -42.6061	  173.3256
13.821	 2.16	 1	 -42.0167	  173.9145
13.821	 2.14	 1	 -42.6327	  173.2673
13.821	 2.04	 4	 -41.7054	  173.6005
13.823	 2.23	 1	 -42.4195	  173.3362
13.823	 2.58	 1	 -41.7290	  174.3340
13.823	 2.26	 4	 -41.6249	  174.3292
13.824	 2.14	 3	 -41.7621	  174.2319
13.824	 2.35	 3	 -41.7333	  174.3307
13.826	 2.11	 1	 -42.1998	  173.5707
13.828	 2.20	 2	 -41.6512	  174.2800
13.828	 4.27	 1	 -42.6650	  172.8489
13.828	 2.12	 1	 -41.8643	  174.2480
13.831	 2.77	 4	 -42.4382	  172.7005
13.831	 2.27	 1	 -42.8017	  173.0525
13.832	 2.88	 1	 -43.1828	  173.8706
13.834	 2.03	 1	 -42.1890	  173.7637
13.836	 2.08	 3	 -41.7721	  174.4012
13.838	 2.75	 2	 -42.6455	  173.0764
13.839	 2.24	 1	 -41.9750	  173.1204
13.839	 2.03	 1	 -42.2846	  173.6604
13.840	 2.21	 1	 -42.0510	  173.7478
13.841	 2.03	 3	 -42.5564	  172.5589
13.841	 2.71	 3	 -42.1943	  173.9812
13.842	 2.62	 2	 -42.7631	  173.1122
13.844	 2.13	 2	 -42.4432	  172.9662
13.846	 2.18	 2	 -42.5459	  173.7176
13.846	 2.14	 4	 -42.4570	  173.0192
13.850	 2.13	 1	 -41.7439	  174.0163
13.850	 2.49	 2	 -42.0294	  173.7766
13.851	 2.46	 3	 -42.1122	  172.9866
13.853	 2.78	 1	 -41.9857	  173.6924
13.854	 2.01	 1	 -42.4931	  173.3688
13.856	 2.87	 1	 -42.3809	  173.5612
13.857	 2.65	 2	 -42.5517	  173.8527
13.869	 2.54	 2	 -41.9475	  174.0817
13.872	 2.22	 1	 -42.4103	  173.7576
13.873	 2.12	 1	 -42.4650	  172.7526
13.874	 2.27	 1	 -40.5481	  177.3774
13.876	 2.12	 1	 -41.7419	  174.3444
13.880	 2.15	 2	 -42.7908	  172.8472
13.880	 2.11	 1	 -41.7652	  174.1769
13.881	 2.08	 2	 -42.3649	  173.8000
13.882	 2.26	 1	 -41.7884	  174.1034
13.883	 2.36	 1	 -42.6031	  173.4514
13.884	 2.47	 1	 -42.6679	  172.9890
13.886	 2.13	 2	 -42.5459	  173.7668
13.896	 2.10	 2	 -42.3592	  173.8448
13.897	 2.32	 1	 -40.8371	  174.8217
13.899	 2.92	 1	 -41.7507	  174.2420
13.900	 2.04	 1	 -42.6003	  173.4056
13.902	 2.56	 2	 -41.4924	  174.4498
13.904	 2.44	 1	 -41.8144	  174.0513
13.906	 2.04	 2	 -42.6995	  172.8625
13.907	 2.65	 1	 -42.5389	  173.4055
13.907	 2.14	 1	 -42.6845	  172.8765
13.908	 3.11	 1	 -41.7098	  174.3211
13.909	 2.34	 1	 -42.3729	  173.3359
13.909	 2.15	 4	 -42.5274	  172.7465
13.909	 3.37	 2	 -42.6423	  174.1910
13.911	 2.84	 1	 -41.8228	  174.2284
13.912	 2.64	 1	 -42.6031	  173.9874
13.912	 2.10	 1	 -41.8314	  174.2297
13.914	 2.08	 2	 -42.5147	  174.0604
13.917	 3.18	 1	 -42.5231	  173.1635
13.918	 2.28	 1	 -42.4629	  173.5953
13.919	 2.58	 3	 -42.6797	  172.8687
13.920	 2.47	 1	 -42.5562	  173.0178
13.920	 2.40	 1	 -41.7767	  174.2480
13.921	 2.02	 2	 -41.6579	  174.2430
13.921	 2.81	 2	 -42.2477	  173.7104
13.923	 2.15	 2	 -42.3481	  173.9123
13.927	 2.02	 1	 -42.6359	  172.9826
13.933	 2.42	 1	 -42.4807	  174.0695
13.935	 2.82	 1	 -41.8199	  174.1440
13.936	 2.88	 2	 -41.8066	  173.9879
13.937	 3.16	 2	 -42.5822	  173.8380
13.937	 2.34	 1	 -42.7991	  174.2267
13.939	 2.45	 2	 -42.4162	  173.3321
13.939	 2.78	 1	 -42.8440	  172.3557
13.943	 2.15	 2	 -44.5828	  173.6365
13.947	 2.07	 1	 -42.2328	  173.7062
13.951	 2.52	 2	 -42.3823	  173.3476
13.951	 2.88	 3	 -41.8631	  174.9203
13.953	 2.11	 3	 -42.4991	  172.9960
13.957	 2.14	 1	 -42.5652	  173.3381
13.958	 2.52	 1	 -42.3270	  173.8891
13.963	 2.06	 3	 -42.3300	  173.2442
13.964	 2.18	 1	 -42.2185	  173.7137
13.964	 2.09	 3	 -42.5036	  172.8944
13.965	 2.27	 1	 -41.1290	  176.7158
13.968	 2.33	 1	 -41.6574	  174.3501
13.968	 2.01	 1	 -42.3606	  173.5959
13.968	 2.71	 1	 -41.7583	  174.3406
13.970	 2.06	 3	 -41.7268	  174.6495
13.973	 2.39	 1	 -40.6354	  172.9539
13.977	 4.00	 1	 -41.6925	  174.2151
13.980	 2.19	 2	 -41.6319	  174.2245
13.984	 2.25	 2	 -42.0820	  174.1562
13.986	 2.30	 3	 -42.2923	  174.5099
13.986	 2.35	 1	 -42.2274	  173.6843
13.988	 2.82	 1	 -42.4891	  174.0553
13.988	 2.07	 1	 -41.8407	  173.9446
13.988	 2.56	 2	 -41.7232	  174.2325
13.991	 3.15	 1	 -42.2948	  173.1190
13.993	 3.78	 3	 -41.6902	  174.2446
13.994	 2.29	 1	 -42.1546	  173.7717
13.997	 2.37	 4	 -41.3611	  174.9992
13.999	 2.19	 3	 -42.1852	  174.0022
14.002	 2.11	 1	 -42.5121	  173.4173
14.003	 2.75	 1	 -42.4027	  173.7083
14.003	 2.98	 3	 -41.8043	  174.0636
14.003	 3.36	 1	 -42.4742	  174.0681
14.006	 2.30	 3	 -42.4321	  173.7194
14.006	 2.56	 2	 -41.4928	  174.2828
14.010	 2.24	 2	 -41.7316	  174.2474
14.013	 2.27	 2	 -41.7291	  174.1559
14.013	 2.03	 3	 -41.7153	  174.2610
14.015	 2.26	 1	 -42.1139	  173.8601
14.017	 2.23	 1	 -41.9619	  173.7802
14.017	 2.61	 3	 -41.7984	  173.6801
14.019	 2.10	 2	 -41.7134	  174.1259
14.020	 2.00	 1	 -42.0268	  173.9201
14.021	 2.14	 2	 -41.6647	  174.2339
14.022	 2.12	 1	 -42.4948	  173.1967
14.030	 3.00	 1	 -42.2027	  173.6818
14.031	 3.25	 2	 -42.5063	  173.9133
14.032	 3.16	 5	 -41.6181	  174.4075
14.035	 2.24	 1	 -42.5808	  173.0440
14.035	 2.77	 2	 -42.5855	  173.8234
14.038	 2.46	 2	 -41.8018	  173.5116
14.042	 2.21	 2	 -42.4854	  173.8815
14.042	 2.65	 2	 -41.7883	  174.4023
14.043	 2.08	 2	 -41.8111	  174.0001
14.047	 2.12	 1	 -42.3841	  173.8025
14.052	 2.16	 2	 -43.2059	  172.7019
14.052	 2.38	 1	 -42.3417	  173.6207
14.054	 2.24	 3	 -42.6991	  173.0719
14.055	 2.27	 3	 -42.6009	  173.5392
14.055	 2.38	 3	 -42.6595	  173.0769
14.056	 2.02	 3	 -41.5182	  173.8418
14.059	 2.03	 2	 -41.7176	  174.2697
14.060	 3.16	 1	 -42.5271	  173.3432
14.065	 2.90	 3	 -41.4834	  174.4119
14.065	 2.04	 1	 -41.8704	  174.3853
14.066	 2.04	 2	 -41.7120	  174.2100
14.069	 2.58	 4	 -42.1867	  173.9878
14.070	 2.24	 3	 -41.5931	  174.2655
14.071	 2.30	 1	 -41.7649	  174.5417
14.076	 2.79	 1	 -42.5196	  173.7250
14.078	 2.60	 2	 -42.5248	  173.0612
14.078	 2.08	 3	 -42.6016	  173.0293
14.079	 2.05	 1	 -42.6217	  173.5075
14.082	 2.74	 1	 -42.5054	  173.2738
14.083	 2.11	 1	 -42.3728	  173.5359
14.084	 3.54	 1	 -41.6999	  174.2752
14.084	 2.63	 2	 -41.7183	  174.3842
14.086	 3.13	 3	 -42.5107	  173.1828
14.087	 2.33	 1	 -42.6952	  172.5654
14.088	 2.59	 1	 -42.3720	  175.5622
14.090	 2.52	 4	 -44.4869	  178.9123
14.091	 2.32	 1	 -41.8085	  174.2725
14.094	 2.10	 1	 -42.1676	  174.0716
14.096	 2.00	 1	 -42.4035	  174.0272
14.098	 2.47	 2	 -42.4690	  173.2986
14.101	 2.04	 1	 -42.8165	  173.2009
14.103	 2.09	 2	 -41.7866	  174.4487
14.104	 2.06	 1	 -41.7748	  174.2831
14.104	 2.98	 4	 -41.8763	  173.6817
14.105	 2.02	 2	 -42.1469	  173.5557
14.106	 2.56	 1	 -41.7967	  174.0498
14.107	 2.01	 1	 -41.2700	  174.3527
14.109	 3.09	 2	 -41.6603	  174.3013
14.109	 3.26	 2	 -42.4394	  172.9591
14.109	 2.39	 2	 -42.4957	  174.4144
14.110	 2.27	 4	 -42.1278	  173.4318
14.110	 2.02	 2	 -42.5925	  173.7423
14.112	 2.16	 2	 -42.5989	  173.8297
14.115	 2.11	 3	 -41.8142	  174.0764
14.117	 2.18	 1	 -42.5153	  173.1616
14.120	 2.31	 1	 -42.4285	  173.8475
14.121	 2.20	 3	 -41.8764	  173.5558
14.121	 2.91	 4	 -42.0773	  173.7186
14.122	 2.10	 2	 -42.3403	  173.9058
14.122	 2.93	 4	 -41.7082	  173.9905
14.123	 2.59	 1	 -41.9779	  174.0671
14.129	 2.56	 1	 -41.6243	  174.2993
14.130	 2.33	 3	 -42.7253	  173.8325
14.130	 2.09	 2	 -41.7499	  174.6923
14.134	 2.06	 1	 -43.3648	  173.1143
14.135	 2.44	 1	 -42.0353	  173.7466
14.136	 2.78	 1	 -42.6851	  172.8485
14.139	 2.03	 2	 -41.7882	  174.4114
14.141	 2.01	 1	 -41.4497	  174.3121
14.144	 2.13	 3	 -46.3695	  169.7808
14.148	 2.52	 1	 -41.6951	  174.1956
14.153	 2.33	 2	 -41.6928	  174.3103
14.154	 2.52	 2	 -41.6646	  174.2345
14.155	 2.79	 1	 -42.5690	  173.3684
14.158	 2.15	 2	 -42.7808	  173.8401
14.160	 2.47	 1	 -41.9907	  173.8366
14.161	 2.33	 1	 -42.2310	  173.6723
14.162	 2.04	 3	 -44.0119	  173.1696
14.163	 2.22	 1	 -42.4395	  173.4542
14.167	 2.22	 2	 -42.3584	  173.6282
14.169	 2.93	 2	 -41.7952	  174.2848
14.170	 2.11	 2	 -41.8078	  174.3118
14.171	 2.91	 1	 -42.4841	  173.1452
14.176	 2.19	 1	 -42.0968	  173.8030
14.177	 2.07	 2	 -42.5951	  173.7598
14.178	 2.14	 4	 -41.5953	  174.2659
14.178	 2.60	 2	 -42.5539	  173.8360
14.180	 2.20	 4	 -38.8134	  169.7423
14.180	 2.58	 2	 -41.6132	  174.3985
14.185	 2.32	 2	 -42.5446	  173.8875
14.187	 2.71	 1	 -43.4931	  172.3547
14.188	 2.06	 1	 -42.6967	  172.9245
14.188	 3.06	 3	 -41.7291	  174.2455
14.189	 2.20	 1	 -42.6637	  172.7475
14.193	 2.10	 2	 -42.2641	  173.8785
14.194	 2.21	 2	 -41.8491	  173.4186
14.195	 2.33	 1	 -42.2094	  173.6591
14.196	 2.12	 1	 -42.2179	  173.5861
14.197	 2.62	 1	 -42.0515	  173.8207
14.201	 2.10	 1	 -42.2464	  173.5921
14.207	 2.34	 1	 -42.4244	  173.0215
14.210	 4.88	 5	 -41.6547	  174.2935
14.211	 2.16	 1	 -42.4234	  173.3131
14.212	 2.45	 6	 -41.7126	  174.3604
14.213	 2.15	 3	 -41.6845	  174.2050
14.216	 2.04	 1	 -42.6345	  172.9109
14.217	 2.15	 6	 -41.6577	  174.2944
14.218	 2.16	 1	 -42.6805	  172.7248
14.219	 2.58	 2	 -41.7546	  174.3770
14.221	 2.20	 1	 -42.8051	  172.8602
14.222	 2.10	 2	 -42.5458	  173.8766
14.223	 2.03	 2	 -42.6542	  172.8555
14.223	 2.25	 1	 -42.2525	  173.5963
14.224	 2.32	 2	 -42.1050	  173.7825
14.228	 2.22	 3	 -41.8425	  173.5672
14.229	 2.26	 1	 -42.2981	  172.3381
14.230	 2.01	 1	 -41.9329	  173.9545
14.230	 2.97	 1	 -41.7400	  174.3229
14.238	 2.50	 1	 -41.4544	  172.7805
14.244	 2.23	 3	 -41.8397	  172.9262
14.244	 3.34	 3	 -41.9874	  173.3353
14.247	 2.80	 2	 -42.0809	  173.8385
14.248	 2.19	 3	 -42.6126	  173.0775
14.252	 3.46	 1	 -41.8824	  173.9837
14.252	 2.53	 4	 -42.7319	  172.9898
14.257	 2.04	 1	 -41.7150	  174.3255
14.259	 2.18	 2	 -42.2139	  173.6526
14.259	 2.10	 1	 -42.2006	  173.9634
14.259	 2.21	 1	 -42.3458	  173.6415
14.260	 2.56	 1	 -42.6535	  172.7683
14.261	 2.05	 4	 -41.8621	  173.8858
14.262	 2.12	 1	 -41.6756	  174.2742
14.262	 2.48	 6	 -41.6414	  174.3682
14.263	 2.10	 3	 -42.7572	  174.2374
14.264	 2.34	 5	 -41.7554	  174.2018
14.265	 2.10	 1	 -42.3529	  172.2570
14.268	 2.26	 1	 -41.7394	  174.2192
14.272	 2.11	 1	 -44.5707	  172.1568
14.272	 2.46	 1	 -42.4770	  173.3647
14.273	 2.01	 1	 -42.3231	  172.3496
14.274	 2.25	 1	 -42.2256	  173.7814
14.275	 3.69	 3	 -42.3979	  173.6186
14.276	 2.56	 1	 -42.4504	  173.8378
14.277	 3.95	 6	 -41.3737	  174.0638
14.279	 2.19	 1	 -42.1415	  173.0373
14.281	 2.29	 1	 -41.6749	  174.1968
14.284	 3.09	 1	 -41.9502	  173.7289
14.285	 2.19	 1	 -42.3612	  173.6283
14.286	 3.59	 1	 -41.3690	  174.6905
14.286	 2.26	 1	 -41.8005	  174.4024
14.287	 2.46	 1	 -42.5686	  173.9210
14.287	 2.73	 1	 -41.7569	  174.2557
14.288	 2.74	 1	 -43.3376	  173.5986
14.290	 2.47	 2	 -42.3646	  173.8950
14.292	 2.27	 3	 -41.6459	  173.0905
14.293	 2.71	 2	 -42.5161	  173.8132
14.293	 2.20	 4	 -41.9049	  173.6176
14.294	 2.65	 1	 -42.4724	  175.1333
14.294	 2.31	 3	 -42.4975	  174.2919
14.295	 2.14	 1	 -42.7096	  172.7619
14.295	 2.34	 1	 -42.3417	  173.8083
14.295	 2.65	 3	 -42.2501	  174.0742
14.297	 2.26	 2	 -42.4103	  173.0277
14.297	 2.77	 2	 -42.3562	  173.7242
14.298	 2.96	 1	 -42.8504	  172.5823
14.298	 2.87	 1	 -41.8222	  174.1446
14.299	 2.06	 1	 -42.6875	  172.7694
14.300	 2.72	 1	 -41.6139	  174.1785
14.300	 2.04	 2	 -41.5752	  174.1779
14.304	 2.12	 1	 -42.4847	  173.7740
14.304	 2.13	 1	 -41.7464	  174.1921
14.306	 2.24	 1	 -41.6395	  173.3446
14.306	 2.16	 3	 -42.5469	  173.8790
14.306	 2.15	 2	 -42.6358	  173.1471
14.307	 2.78	 1	 -42.5615	  173.1627
14.310	 2.55	 1	 -41.6948	  174.1557
14.310	 2.14	 1	 -42.2862	  173.6000
14.312	 2.01	 1	 -42.0142	  173.8089
14.312	 2.60	 2	 -41.7917	  174.4271
14.312	 2.45	 1	 -41.8389	  174.1790
14.313	 2.25	 1	 -42.0706	  173.8372
14.314	 2.01	 6	 -41.6411	  174.2958
14.314	 2.91	 2	 -41.7311	  174.2369
14.315	 2.15	 1	 -42.3284	  173.1090
14.315	 2.21	 1	 -42.8256	  172.9228
14.318	 2.23	 1	 -42.5624	  173.3958
14.318	 2.77	 1	 -42.4729	  173.9461
14.319	 2.87	 1	 -41.9822	  174.0160
14.321	 2.24	 3	 -42.6005	  172.8605
14.325	 2.16	 2	 -42.3052	  173.7658
14.326	 2.84	 1	 -41.9397	  173.7497
14.331	 2.08	 1	 -42.3656	  173.8489
14.333	 2.59	 1	 -41.8043	  174.2191
14.333	 2.16	 1	 -42.6334	  173.0683
14.334	 2.06	 1	 -42.3152	  173.8781
14.336	 2.38	 2	 -41.6853	  174.2676
14.338	 2.60	 1	 -41.6905	  174.3450
14.344	 2.63	 1	 -42.1503	  173.5539
14.345	 3.04	 1	 -41.5907	  174.2131
14.346	 2.08	 1	 -42.3508	  173.4425
14.346	 2.08	 1	 -42.1913	  173.4700
14.347	 2.23	 1	 -41.7200	  174.1652
14.350	 2.00	 1	 -41.7773	  174.2264
14.351	 2.02	 2	 -42.3628	  173.3959
14.353	 2.38	 4	 -42.4646	  173.1082
14.353	 2.05	 1	 -40.3644	  167.7483
14.353	 3.05	 1	 -42.8975	  172.9372
14.356	 2.32	 1	 -42.4327	  173.6434
14.356	 2.38	 6	 -41.6557	  174.2625
14.359	 2.47	 1	 -43.2682	  170.2640
14.363	 3.20	 1	 -42.5528	  172.9995
14.364	 2.24	 2	 -42.5737	  173.0133
14.364	 2.17	 6	 -41.5462	  174.0673
14.365	 2.02	 3	 -41.7101	  173.7152
14.367	 2.15	 4	 -42.5218	  173.9899
14.370	 2.64	 2	 -42.3425	  174.3593
14.370	 2.38	 2	 -42.3556	  173.9975
14.372	 2.73	 2	 -42.1329	  174.0770
14.377	 2.83	 1	 -41.7172	  174.3304
14.378	 2.03	 3	 -42.5461	  173.9014
14.378	 2.24	 2	 -42.8085	  173.4990
14.380	 2.20	 1	 -42.2690	  173.5341
14.381	 2.29	 2	 -42.4430	  174.0855
14.386	 2.04	 3	 -42.1652	  173.3322
14.391	 2.42	 1	 -42.1344	  173.6180
14.391	 2.11	 1	 -42.5594	  173.0949
14.393	 2.22	 1	 -41.6388	  174.2823
14.394	 3.39	 6	 -41.6499	  174.3135
14.395	 2.02	 1	 -42.4939	  174.4014
14.395	 5.11	 1	 -42.2069	  172.9710
14.396	 2.49	 2	 -41.8969	  174.3467
14.397	 2.43	 1	 -42.6017	  173.0723
14.398	 2.08	 1	 -41.8421	  174.1703
14.400	 2.90	 4	 -42.2775	  173.4423
14.402	 2.01	 1	 -41.7746	  174.0515
14.410	 2.37	 2	 -41.7786	  174.2670
14.412	 2.20	 2	 -41.3251	  174.1099
14.415	 2.20	 4	 -41.8124	  174.3274
14.416	 2.91	 2	 -42.0494	  173.6299
14.417	 3.90	 1	 -42.4763	  173.7638
14.418	 2.08	 1	 -42.5193	  173.4133
14.418	 2.42	 5	 -42.2957	  173.3965
14.418	 3.23	 1	 -42.1765	  173.4644
14.421	 2.31	 1	 -42.2203	  173.6760
14.421	 2.06	 1	 -42.5483	  173.1572
14.422	 2.18	 2	 -42.3306	  172.9478
14.428	 2.10	 1	 -41.7064	  174.2316
14.430	 2.64	 2	 -41.9931	  173.7769
14.433	 3.58	 6	 -41.6310	  174.2340
14.436	 2.38	 2	 -42.6539	  172.8518
14.441	 3.01	 2	 -43.0118	  173.4201
14.441	 2.20	 1	 -42.3898	  173.4775
14.441	 2.05	 2	 -42.1637	  173.2094
14.444	 2.24	 3	 -42.6218	  173.2460
14.444	 2.12	 2	 -42.3366	  172.3364
14.446	 2.36	 2	 -41.6876	  174.3118
14.447	 2.52	 4	 -42.5192	  172.4807
14.449	 2.17	 4	 -41.6871	  174.4404
14.451	 2.33	 2	 -42.2144	  172.9537
14.451	 2.06	 1	 -42.5318	  173.1384
14.453	 3.57	 1	 -43.0711	  172.9120
14.456	 2.08	 3	 -41.9381	  173.6297
14.459	 2.10	 1	 -42.2339	  173.6922
14.461	 2.75	 5	 -42.5423	  173.2616
14.461	 2.82	 2	 -41.4825	  174.4025
14.464	 2.60	 3	 -41.7094	  174.6501
14.466	 2.26	 1	 -42.3005	  173.7341
14.466	 2.48	 2	 -41.7816	  174.4654
14.467	 2.05	 1	 -42.1356	  173.6855
14.467	 3.00	 2	 -42.2084	  172.9846
14.469	 2.33	 1	 -42.1731	  174.0263
14.472	 2.44	 1	 -42.0975	  173.8398
14.473	 2.31	 6	 -41.6457	  174.3070
14.474	 2.05	 1	 -42.3255	  173.6924
14.476	 2.21	 2	 -41.9734	  172.8191
14.476	 2.17	 2	 -42.4285	  173.4408
14.476	 2.27	 2	 -42.4137	  173.7974
14.480	 2.13	 1	 -42.3219	  173.8255
14.481	 2.04	 1	 -42.2388	  173.6359
14.485	 2.62	 1	 -42.3170	  173.7004
14.485	 2.38	 1	 -42.0264	  173.6879
14.486	 2.96	 2	 -42.5252	  173.2258
14.486	 2.70	 1	 -42.2089	  173.5466
14.486	 2.01	 3	 -41.7352	  174.6374
14.490	 2.36	 2	 -42.5255	  173.0416
14.491	 2.37	 1	 -42.4142	  177.3303
14.491	 2.34	 1	 -42.4127	  173.2999
14.492	 2.22	 2	 -42.5637	  173.7168
14.492	 3.79	 2	 -40.4332	  173.6309
14.492	 2.02	 1	 -42.1954	  173.8370
14.493	 2.18	 2	 -42.1884	  173.9494
14.494	 2.04	 1	 -41.5706	  174.2357
14.494	 2.02	 1	 -42.8156	  172.9786
14.496	 2.08	 2	 -41.6365	  173.5780
14.496	 2.31	 2	 -42.1986	  172.9285
