# Simulation 685
# RelativeTime(days) Magnitude Generation Latitude Longitude
Time Mag Gen Lat Lon
2.000	 2.10	 1	 -43.5991	  173.7503
2.001	 2.23	 1	 -42.5280	  173.7813
2.001	 2.77	 1	 -42.6649	  172.8846
2.002	 2.83	 1	 -42.3744	  173.3385
2.003	 2.12	 1	 -41.8875	  174.1528
2.003	 2.05	 1	 -42.3567	  173.3861
2.003	 4.77	 1	 -42.2099	  173.7067
2.003	 2.60	 1	 -41.6654	  174.3313
2.003	 2.06	 1	 -42.8086	  175.8539
2.005	 2.03	 1	 -41.7690	  174.2598
2.005	 2.99	 1	 -42.6707	  173.3205
2.006	 2.51	 1	 -42.1403	  173.7735
2.006	 2.60	 1	 -41.8446	  174.1644
2.007	 2.15	 1	 -42.4443	  173.7906
2.007	 2.04	 1	 -41.7923	  174.3511
2.008	 2.05	 2	 -42.1163	  173.7265
2.009	 3.14	 1	 -41.7142	  174.3502
2.010	 2.78	 1	 -42.2526	  173.6143
2.010	 2.03	 1	 -42.4001	  173.7099
2.010	 2.16	 1	 -41.8054	  174.7028
2.011	 3.32	 1	 -42.3319	  173.3758
2.011	 2.14	 1	 -41.6884	  174.1574
2.011	 2.35	 1	 -42.0524	  173.7691
2.011	 2.91	 1	 -41.8089	  174.4317
2.013	 2.26	 1	 -42.3869	  173.9967
2.015	 3.50	 1	 -42.5818	  173.0589
2.015	 2.01	 1	 -41.9734	  173.9159
2.015	 2.07	 1	 -41.7271	  174.2637
2.015	 2.38	 1	 -42.3410	  173.8875
2.015	 2.19	 1	 -42.2530	  173.6651
2.015	 2.26	 1	 -41.8021	  174.1534
2.016	 2.42	 1	 -41.9935	  173.6955
2.016	 2.32	 1	 -42.3577	  173.5440
2.016	 2.04	 1	 -42.6609	  173.0390
2.017	 2.61	 1	 -42.2293	  173.6105
2.017	 2.29	 1	 -42.3072	  173.7207
2.017	 2.48	 1	 -42.2339	  173.6770
2.017	 2.05	 1	 -41.7607	  174.2972
2.018	 2.59	 1	 -41.4191	  174.3784
2.018	 2.22	 1	 -41.7638	  174.0488
2.018	 2.92	 1	 -41.9844	  173.8556
2.019	 2.06	 1	 -42.0991	  173.8468
2.019	 2.29	 1	 -42.3315	  173.4490
2.020	 2.33	 1	 -42.6762	  172.7367
2.020	 3.26	 1	 -42.3277	  173.5691
2.021	 2.40	 1	 -42.3780	  173.6925
2.021	 2.10	 1	 -42.4566	  173.1732
2.021	 2.35	 1	 -41.6878	  174.3372
2.021	 2.85	 1	 -42.6650	  173.3922
2.021	 2.04	 1	 -42.2304	  173.8873
2.021	 2.36	 1	 -42.0153	  173.7668
2.022	 2.84	 1	 -42.5519	  173.0909
2.022	 2.09	 1	 -41.5586	  174.1005
2.023	 3.01	 1	 -41.7646	  174.3671
2.023	 2.19	 1	 -42.0362	  173.7642
2.023	 2.18	 1	 -42.4253	  173.1325
2.024	 2.69	 1	 -41.7365	  174.2247
2.024	 2.40	 1	 -42.5958	  174.2591
2.024	 2.52	 1	 -41.6978	  174.1837
2.025	 2.41	 1	 -41.7164	  174.2824
2.025	 2.17	 1	 -42.6916	  173.5366
2.027	 2.72	 1	 -42.1581	  173.6238
2.027	 3.90	 1	 -42.0465	  172.8157
2.027	 2.49	 1	 -41.5133	  174.2137
2.028	 3.53	 1	 -42.3293	  173.3496
2.028	 2.68	 1	 -42.4474	  173.2486
2.029	 2.65	 1	 -42.2272	  173.0173
2.029	 2.07	 1	 -42.1534	  173.0604
2.029	 2.56	 1	 -42.3177	  173.6111
2.029	 2.53	 2	 -42.2175	  173.6929
2.029	 2.43	 1	 -42.2459	  173.6968
2.030	 2.05	 1	 -42.5542	  173.6919
2.031	 2.62	 1	 -42.3441	  173.7481
2.032	 2.93	 1	 -42.6486	  173.0499
2.032	 2.40	 1	 -43.1903	  173.0766
2.033	 2.23	 1	 -42.2646	  174.0264
2.033	 2.18	 1	 -41.7099	  174.3199
2.034	 2.39	 1	 -42.3342	  173.6722
2.035	 2.02	 1	 -41.6879	  174.1426
2.036	 2.25	 1	 -42.4595	  173.4173
2.036	 2.35	 1	 -42.6163	  173.2621
2.036	 2.00	 1	 -41.5607	  174.2818
2.037	 2.51	 1	 -42.4273	  173.4630
2.037	 2.19	 1	 -42.8677	  172.9064
2.037	 2.63	 1	 -43.3582	  173.0475
2.037	 2.28	 1	 -42.5840	  173.2460
2.038	 2.50	 1	 -41.9403	  173.9755
2.039	 2.19	 1	 -42.9494	  172.9108
2.039	 2.27	 1	 -42.2452	  174.1525
2.040	 2.14	 1	 -42.3904	  174.0212
2.040	 2.86	 1	 -42.5024	  173.7225
2.040	 2.11	 1	 -42.4278	  173.9205
2.040	 2.32	 1	 -42.6203	  172.9706
2.041	 2.08	 1	 -42.4607	  173.0660
2.042	 2.09	 1	 -42.5781	  173.0573
2.043	 2.01	 1	 -43.5269	  173.6523
2.043	 2.27	 1	 -42.3258	  173.7415
2.044	 2.08	 1	 -42.2228	  172.7027
2.044	 2.33	 1	 -44.0631	  172.7672
2.044	 2.21	 1	 -41.7152	  174.1531
2.045	 3.07	 1	 -42.3628	  173.4624
2.046	 2.03	 1	 -41.7229	  174.2209
2.048	 2.54	 1	 -42.7082	  173.1233
2.048	 2.77	 1	 -42.3019	  173.5788
2.049	 2.06	 1	 -42.6724	  172.8024
2.050	 2.15	 1	 -41.6954	  174.3132
2.050	 3.42	 1	 -42.2917	  173.9379
2.050	 2.56	 1	 -42.2418	  173.6658
2.051	 2.34	 1	 -42.6030	  173.0206
2.051	 2.21	 1	 -42.3620	  173.0462
2.051	 2.66	 1	 -41.6745	  174.4137
2.052	 2.24	 1	 -42.3288	  173.4307
2.053	 2.85	 1	 -42.2441	  173.5022
2.054	 3.34	 1	 -42.3124	  173.8338
2.054	 2.42	 1	 -42.3399	  174.0876
2.055	 2.46	 1	 -42.3307	  173.6736
2.055	 2.15	 1	 -41.7238	  174.3365
2.055	 2.36	 1	 -41.7826	  173.5042
2.056	 2.97	 1	 -42.6530	  172.9445
2.056	 2.15	 1	 -41.6298	  174.2195
2.056	 2.85	 1	 -42.4176	  173.9605
2.056	 2.26	 2	 -42.7489	  173.1239
2.057	 2.06	 1	 -41.7699	  174.1385
2.057	 2.01	 1	 -42.4717	  173.1879
2.057	 2.47	 1	 -42.0793	  173.7295
2.059	 2.63	 1	 -42.3608	  173.4665
2.060	 2.11	 1	 -42.2266	  174.4661
2.061	 2.06	 1	 -42.4377	  173.8273
2.061	 2.42	 1	 -42.8216	  173.6629
2.062	 2.74	 1	 -41.6452	  174.1565
2.062	 4.89	 1	 -42.4367	  174.3597
2.062	 2.17	 1	 -41.6666	  174.2608
2.064	 2.90	 1	 -42.6046	  172.8406
2.064	 2.26	 1	 -41.6462	  174.0523
2.064	 2.74	 1	 -42.7929	  172.2507
2.064	 2.56	 1	 -42.6348	  172.6716
2.065	 2.60	 1	 -42.2929	  173.6649
2.066	 2.50	 1	 -42.5023	  173.7419
2.066	 2.67	 1	 -41.7032	  174.2949
2.066	 2.22	 1	 -42.0462	  173.9830
2.067	 2.26	 1	 -42.2273	  174.0033
2.067	 2.38	 1	 -42.8982	  173.4710
2.067	 2.18	 1	 -41.8225	  174.1748
2.068	 2.43	 1	 -42.4981	  173.1034
2.068	 2.93	 1	 -41.7504	  174.0411
2.068	 2.12	 1	 -42.9101	  172.5749
2.068	 2.34	 1	 -43.5133	  172.7267
2.069	 3.79	 1	 -42.1306	  174.3677
2.069	 2.11	 1	 -42.5281	  172.9443
2.069	 2.75	 2	 -42.3986	  174.2706
2.070	 2.73	 1	 -41.9769	  174.4188
2.070	 2.29	 1	 -42.3539	  173.9480
2.070	 2.22	 1	 -42.2674	  173.6509
2.071	 2.63	 1	 -42.0416	  173.6286
2.071	 2.25	 2	 -41.9878	  172.7301
2.072	 2.08	 1	 -42.1636	  173.8622
2.072	 2.15	 1	 -41.9770	  173.6926
2.073	 2.12	 1	 -42.2737	  173.9901
2.073	 2.49	 1	 -42.2834	  173.6704
2.074	 2.01	 1	 -41.7399	  174.2767
2.074	 2.58	 1	 -42.0386	  173.7168
2.075	 2.88	 1	 -41.8381	  174.1703
2.075	 2.23	 1	 -42.6492	  172.9929
2.076	 2.18	 1	 -42.7623	  173.2649
2.076	 2.90	 1	 -41.7745	  174.0793
2.076	 3.65	 1	 -41.7160	  175.5319
2.076	 2.16	 1	 -41.9425	  173.9299
2.076	 2.56	 1	 -41.7094	  174.2066
2.078	 2.42	 1	 -42.2828	  173.9743
2.078	 2.21	 1	 -42.4603	  173.0290
2.078	 2.11	 1	 -42.4141	  173.7280
2.079	 2.43	 1	 -41.7994	  174.2163
2.079	 2.03	 1	 -42.8508	  172.7878
2.081	 2.23	 1	 -42.6041	  173.3844
2.081	 2.35	 1	 -41.8297	  174.0562
2.081	 2.49	 1	 -41.3174	  174.6031
2.081	 2.05	 1	 -42.2391	  173.9102
2.082	 2.14	 1	 -42.2708	  173.2982
2.082	 2.89	 1	 -41.7948	  174.0721
2.082	 2.52	 1	 -41.9232	  174.1640
2.083	 2.10	 1	 -42.1070	  173.3103
2.083	 2.36	 1	 -42.1187	  173.8205
2.083	 2.15	 1	 -42.5353	  173.3248
2.083	 2.45	 1	 -42.2321	  173.8299
2.083	 2.71	 1	 -42.3521	  173.6289
2.083	 2.25	 1	 -42.2905	  173.0694
2.084	 3.13	 1	 -42.4854	  172.5845
2.084	 2.38	 1	 -42.5019	  173.0726
2.085	 2.71	 1	 -42.4902	  170.7318
2.085	 2.72	 1	 -41.7538	  174.2596
2.087	 2.81	 1	 -41.6620	  174.2909
2.088	 2.74	 1	 -42.6336	  173.1039
2.089	 3.00	 1	 -42.3456	  173.9439
2.092	 2.33	 1	 -41.6777	  174.4796
2.092	 2.36	 1	 -41.9658	  173.6489
2.092	 2.51	 1	 -42.6600	  173.0420
2.093	 2.48	 1	 -42.6215	  172.9668
2.094	 2.05	 1	 -42.2983	  173.5911
2.094	 2.31	 1	 -42.0212	  173.9354
2.094	 2.37	 1	 -42.6869	  172.9395
2.094	 2.16	 1	 -42.0526	  173.7512
2.095	 2.31	 1	 -42.4177	  173.7324
2.096	 2.01	 1	 -41.4516	  174.5178
2.097	 2.08	 1	 -42.4573	  173.1299
2.098	 2.07	 1	 -42.6773	  172.7603
2.099	 2.08	 1	 -41.7472	  174.4254
2.099	 2.16	 1	 -42.5592	  173.5278
2.100	 2.20	 1	 -41.7727	  174.3765
2.100	 2.12	 1	 -42.4004	  173.4102
2.101	 2.08	 1	 -40.9211	  174.2141
2.101	 2.37	 1	 -41.6885	  174.2458
2.102	 2.07	 1	 -42.1981	  173.5152
2.103	 2.01	 1	 -42.0210	  173.4126
2.104	 2.37	 2	 -42.4288	  174.4339
2.104	 2.12	 1	 -42.1990	  174.0108
2.104	 2.84	 1	 -42.3697	  173.8395
2.105	 2.33	 1	 -42.2252	  173.5844
2.105	 2.99	 1	 -41.8318	  174.1980
2.105	 2.12	 1	 -42.3559	  173.1289
2.106	 2.18	 1	 -42.9775	  173.4524
2.106	 3.27	 1	 -42.3994	  173.4877
2.107	 3.78	 1	 -41.7001	  174.3514
2.107	 2.19	 1	 -41.7554	  174.3267
2.108	 2.50	 1	 -42.0402	  177.6782
2.109	 2.19	 1	 -42.7088	  172.9288
2.109	 2.09	 1	 -42.2701	  173.8874
2.109	 2.48	 1	 -42.0984	  173.8220
2.110	 2.26	 1	 -42.2796	  173.7835
2.111	 2.37	 1	 -41.4526	  173.7759
2.111	 2.55	 1	 -42.2186	  173.8178
2.112	 2.13	 1	 -42.4328	  173.8093
2.113	 2.20	 1	 -42.3555	  173.6904
2.113	 2.99	 2	 -42.4432	  174.3571
2.114	 2.38	 1	 -41.6767	  174.2146
2.114	 2.10	 1	 -41.8528	  173.6897
2.114	 2.02	 1	 -42.5068	  173.0428
2.114	 2.66	 1	 -41.8009	  173.4537
2.115	 2.33	 1	 -42.6537	  173.8768
2.115	 2.63	 1	 -42.5470	  172.8681
2.115	 2.65	 1	 -42.4875	  173.2129
2.115	 2.40	 1	 -41.7370	  174.0991
2.116	 2.81	 1	 -42.2167	  173.5204
2.116	 2.00	 1	 -42.5973	  172.3257
2.116	 2.97	 1	 -41.6957	  174.2306
2.116	 2.73	 2	 -42.4892	  170.7275
2.117	 2.68	 1	 -42.7113	  173.2837
2.117	 2.13	 1	 -41.6153	  174.2786
2.118	 2.01	 1	 -42.0014	  173.7709
2.118	 2.17	 1	 -42.8434	  172.9990
2.118	 2.30	 1	 -41.6992	  174.2557
2.119	 3.94	 1	 -42.3421	  173.1800
2.119	 2.04	 1	 -42.5292	  174.0116
2.119	 2.36	 1	 -41.8028	  174.2439
2.120	 2.19	 2	 -41.7070	  174.3507
2.120	 2.27	 1	 -42.3376	  173.9845
2.121	 2.25	 1	 -42.4678	  173.8499
2.121	 2.13	 1	 -42.2985	  173.5087
2.123	 2.00	 1	 -42.1496	  173.5956
2.123	 2.39	 1	 -42.0832	  173.5971
2.123	 2.59	 2	 -42.2150	  173.7018
2.123	 2.46	 1	 -42.2650	  173.7584
2.123	 2.64	 1	 -42.0904	  173.7690
2.124	 2.05	 2	 -42.4766	  174.3266
2.125	 2.34	 1	 -42.5703	  173.1200
2.125	 2.25	 1	 -42.3925	  174.1559
2.125	 2.68	 1	 -41.6015	  174.2087
2.126	 2.18	 1	 -42.3393	  173.6866
2.126	 2.13	 1	 -42.3804	  173.1310
2.126	 2.35	 1	 -41.6952	  174.2243
2.126	 2.13	 1	 -42.1554	  173.4168
2.127	 2.29	 2	 -42.4523	  174.2088
2.129	 2.35	 1	 -42.3209	  173.9199
2.129	 2.07	 1	 -41.7753	  174.2331
2.129	 3.42	 1	 -42.4769	  172.8430
2.130	 2.18	 1	 -42.5156	  173.3662
2.130	 2.02	 1	 -42.4261	  173.3764
2.130	 2.03	 1	 -42.4202	  173.7861
2.130	 2.34	 1	 -42.9937	  172.6616
2.131	 2.05	 2	 -42.0205	  172.8723
2.131	 4.62	 1	 -42.5540	  172.9281
2.132	 2.06	 1	 -42.3485	  174.0806
2.132	 2.06	 1	 -41.7009	  174.0372
2.132	 2.45	 1	 -41.8926	  173.5473
2.133	 2.03	 1	 -42.3600	  173.7394
2.133	 2.13	 1	 -41.6567	  174.2317
2.134	 2.29	 1	 -41.7366	  174.3968
2.134	 2.11	 1	 -46.4378	  171.4727
2.136	 2.83	 1	 -42.1447	  172.7844
2.136	 2.15	 1	 -42.4744	  173.7941
2.136	 2.14	 1	 -41.7663	  174.1458
2.138	 2.03	 1	 -42.6806	  173.0053
2.138	 2.60	 1	 -41.6691	  174.2465
2.139	 2.21	 1	 -42.5315	  173.4061
2.140	 2.07	 1	 -42.3613	  173.6630
2.140	 2.55	 1	 -41.9238	  174.0405
2.141	 2.51	 1	 -42.4546	  174.5107
2.141	 2.03	 1	 -42.9397	  173.4305
2.141	 2.25	 1	 -42.2630	  174.2004
2.141	 3.27	 1	 -41.6035	  170.6418
2.142	 2.58	 1	 -42.5067	  173.4206
2.142	 2.19	 1	 -41.8799	  174.3603
2.142	 2.37	 1	 -42.3543	  173.4548
2.143	 2.08	 1	 -42.3280	  173.9094
2.143	 2.30	 1	 -42.2765	  172.9743
2.143	 2.00	 1	 -41.4475	  169.1982
2.144	 2.35	 1	 -42.2269	  173.8798
2.145	 2.22	 1	 -41.8527	  174.2494
2.146	 2.35	 1	 -42.0771	  173.8270
2.147	 3.26	 1	 -42.3443	  174.0606
2.147	 3.13	 1	 -41.5397	  174.3808
2.147	 2.60	 1	 -42.3327	  173.0373
2.148	 2.14	 1	 -42.3399	  172.9682
2.148	 2.04	 1	 -41.9376	  173.7846
2.148	 2.58	 1	 -41.7307	  174.2788
2.148	 2.16	 1	 -41.6340	  174.3031
2.149	 2.60	 1	 -42.3539	  173.1868
2.149	 2.33	 1	 -41.7199	  174.3283
2.149	 2.59	 2	 -42.3400	  173.1982
2.149	 2.99	 1	 -41.7396	  174.1984
2.149	 2.65	 1	 -42.2777	  173.7931
2.150	 2.15	 1	 -41.7835	  174.2397
2.151	 2.62	 1	 -41.7256	  174.2550
2.151	 2.35	 1	 -42.5662	  174.0838
2.151	 2.60	 1	 -42.3955	  174.5901
2.152	 2.93	 1	 -41.7228	  174.2568
2.153	 2.78	 1	 -42.3389	  174.0715
2.153	 2.14	 1	 -41.6086	  174.5101
2.154	 2.17	 1	 -44.5557	  169.2435
2.155	 2.03	 1	 -42.3223	  172.5595
2.155	 2.86	 1	 -41.7291	  174.2974
2.155	 2.81	 1	 -42.6580	  172.9852
2.156	 2.07	 1	 -42.0727	  174.2787
2.156	 2.69	 1	 -42.1848	  173.7602
2.156	 2.06	 1	 -42.0687	  173.5921
2.157	 2.94	 1	 -41.7054	  174.1488
2.157	 2.60	 1	 -42.2672	  173.6486
2.158	 2.09	 1	 -41.9194	  173.8385
2.158	 2.04	 1	 -41.9685	  173.6445
2.159	 2.53	 1	 -42.4289	  173.2405
2.160	 2.45	 1	 -41.7825	  173.8349
2.160	 3.55	 1	 -42.5034	  173.8068
2.161	 2.15	 1	 -41.9738	  173.4947
2.161	 2.04	 1	 -41.7860	  173.8436
2.161	 2.37	 1	 -42.3658	  174.0168
2.161	 2.68	 1	 -42.3372	  173.9721
2.162	 2.07	 1	 -42.3609	  173.8852
2.162	 2.58	 1	 -42.1528	  173.4610
2.162	 2.34	 1	 -42.8458	  173.1493
2.162	 2.12	 1	 -41.8290	  174.2791
2.162	 4.51	 1	 -42.7107	  173.5061
2.162	 2.24	 1	 -41.8712	  173.9562
2.163	 2.00	 1	 -41.8995	  174.2731
2.163	 2.49	 1	 -41.7808	  173.9909
2.165	 2.45	 1	 -41.7369	  174.2734
2.165	 2.05	 1	 -41.8202	  174.0807
2.165	 2.61	 1	 -42.0799	  173.6825
2.165	 2.51	 1	 -42.0709	  173.6262
2.165	 2.06	 1	 -41.9373	  173.4461
2.166	 2.09	 1	 -41.9326	  174.2782
2.167	 2.01	 1	 -41.7594	  174.0685
2.167	 2.59	 1	 -42.0895	  173.8357
2.168	 2.25	 1	 -41.7081	  174.2571
2.168	 2.48	 1	 -42.7180	  173.1890
2.168	 2.93	 1	 -42.3477	  173.9810
2.168	 2.09	 1	 -42.3470	  173.7000
2.168	 2.12	 1	 -42.9383	  173.5118
2.169	 2.01	 1	 -41.7802	  174.2159
2.169	 2.97	 1	 -42.6595	  172.8344
2.169	 3.45	 2	 -42.5291	  172.9069
2.170	 2.20	 1	 -42.5059	  172.9374
2.170	 2.01	 1	 -42.3603	  173.1377
2.170	 2.02	 1	 -42.3794	  174.0159
2.170	 2.58	 1	 -41.6279	  174.2752
2.171	 2.62	 1	 -41.7942	  174.2501
2.172	 2.03	 1	 -41.7504	  174.3248
2.172	 2.15	 1	 -42.2201	  173.7938
2.173	 2.10	 1	 -42.6403	  173.0872
2.173	 2.07	 1	 -42.4195	  174.0655
2.173	 2.04	 1	 -42.6305	  173.7540
2.173	 2.09	 1	 -41.7873	  174.2192
2.174	 2.01	 1	 -42.2774	  173.9401
2.175	 2.23	 1	 -41.7640	  174.2307
2.176	 2.40	 1	 -41.8821	  172.8236
2.176	 2.67	 1	 -41.7177	  174.5966
2.177	 2.91	 1	 -41.6758	  174.2839
2.177	 2.01	 1	 -41.7213	  174.1417
2.177	 2.64	 1	 -41.7944	  174.2269
2.177	 2.42	 1	 -41.8889	  173.5672
2.178	 3.26	 1	 -42.1211	  173.5686
2.178	 2.87	 1	 -42.5539	  173.1564
2.178	 2.17	 1	 -42.3688	  173.5280
2.179	 2.93	 1	 -42.3767	  173.5500
2.179	 2.23	 1	 -43.2319	  172.8428
2.180	 2.07	 1	 -42.3105	  173.8243
2.181	 2.47	 1	 -42.2146	  173.5810
2.181	 2.48	 1	 -42.4357	  173.3274
2.181	 2.97	 1	 -42.1948	  173.6400
2.182	 2.23	 1	 -42.3955	  173.5882
2.182	 2.05	 1	 -42.3285	  173.5264
2.183	 2.08	 1	 -42.3325	  173.9369
2.183	 2.34	 1	 -42.0128	  174.0170
2.184	 2.32	 1	 -41.9963	  173.2123
2.184	 2.15	 1	 -41.6768	  175.0612
2.184	 2.19	 1	 -42.2676	  173.5548
2.184	 2.67	 1	 -41.7904	  174.1998
2.185	 2.20	 1	 -41.9973	  173.7361
2.185	 2.19	 2	 -42.7262	  173.4975
2.186	 2.01	 1	 -42.4391	  173.5734
2.186	 3.19	 1	 -42.6524	  172.7597
2.186	 2.14	 1	 -41.5717	  173.6074
2.186	 2.06	 2	 -42.3437	  173.1800
2.187	 2.06	 1	 -42.5896	  173.1479
2.187	 2.99	 1	 -42.1678	  173.8822
2.187	 2.19	 1	 -41.7847	  174.1848
2.187	 2.47	 1	 -41.7093	  174.3710
2.188	 2.64	 1	 -42.4363	  173.8257
2.188	 2.13	 1	 -42.3998	  173.6109
2.189	 2.23	 1	 -41.6620	  174.2538
2.190	 2.75	 1	 -42.1789	  173.5746
2.190	 2.50	 1	 -42.2574	  173.5362
2.190	 2.63	 1	 -42.4128	  173.7653
2.190	 2.00	 1	 -42.4359	  173.8020
2.191	 2.30	 1	 -41.7674	  174.3410
2.191	 2.39	 1	 -42.1216	  173.6702
2.192	 2.87	 1	 -41.6985	  174.2554
2.193	 2.55	 1	 -42.2689	  173.6696
2.194	 2.35	 1	 -42.0063	  173.9154
2.195	 2.68	 1	 -41.9605	  173.6994
2.195	 2.01	 1	 -41.9043	  173.9380
2.195	 2.20	 1	 -42.1790	  173.6862
2.195	 2.48	 1	 -42.5696	  172.8564
2.196	 2.24	 1	 -41.7094	  174.3461
2.196	 2.02	 2	 -42.4770	  172.8412
2.196	 2.41	 1	 -42.4544	  172.6851
2.198	 2.37	 1	 -41.7972	  174.2691
2.198	 2.18	 1	 -41.8881	  174.0994
2.199	 2.47	 1	 -42.0898	  173.5902
2.199	 2.24	 1	 -42.2403	  173.7460
2.201	 2.05	 1	 -42.0946	  173.8926
2.201	 3.31	 1	 -41.8098	  174.2791
2.202	 2.36	 1	 -41.6453	  174.2612
2.202	 2.20	 1	 -42.2962	  173.6588
2.204	 2.15	 1	 -41.7478	  174.3381
2.204	 2.10	 1	 -42.5941	  173.0601
2.204	 2.10	 2	 -42.6345	  173.9251
2.204	 2.14	 1	 -42.5243	  173.1141
2.205	 2.64	 1	 -42.2975	  174.0789
2.206	 2.40	 1	 -41.7095	  174.3135
2.206	 2.50	 1	 -42.2634	  173.9328
2.206	 2.91	 1	 -42.4353	  173.3147
2.207	 2.76	 1	 -41.6854	  174.3628
2.207	 2.22	 1	 -42.0852	  173.6264
2.208	 2.91	 1	 -42.6442	  172.9256
2.208	 2.29	 1	 -42.2241	  173.6063
2.209	 2.15	 1	 -42.4219	  173.7293
2.209	 2.28	 1	 -41.8088	  174.6145
2.209	 3.01	 1	 -42.0182	  173.6839
2.209	 2.16	 1	 -41.6742	  174.2759
2.210	 2.20	 1	 -41.7277	  174.3771
2.211	 4.55	 1	 -41.6329	  174.6989
2.211	 2.08	 1	 -42.3323	  174.0290
2.211	 2.10	 1	 -40.1182	  174.8489
2.214	 2.33	 1	 -42.5047	  173.0789
2.214	 5.18	 1	 -41.7045	  173.1300
2.214	 2.04	 1	 -41.9615	  173.6797
2.214	 2.02	 1	 -41.9891	  173.6788
2.214	 2.34	 1	 -42.3312	  174.3657
2.214	 2.19	 2	 -42.4404	  173.9674
2.214	 2.35	 2	 -42.3577	  173.7653
2.215	 5.20	 1	 -42.1220	  173.8668
2.216	 2.18	 1	 -42.1987	  173.7341
2.217	 3.71	 1	 -42.4567	  173.2444
2.217	 2.25	 1	 -42.5815	  173.9175
2.218	 2.24	 2	 -41.7058	  175.5023
2.218	 2.47	 1	 -41.6852	  174.1694
2.219	 2.41	 1	 -42.7275	  172.9479
2.219	 2.88	 1	 -41.6285	  174.1805
2.219	 2.12	 1	 -41.6829	  174.2059
2.222	 2.19	 1	 -42.3037	  172.6998
2.222	 2.28	 1	 -42.5580	  174.0286
2.222	 2.26	 1	 -42.5509	  173.1883
2.223	 2.14	 1	 -41.4226	  171.7959
2.223	 2.53	 1	 -41.7640	  174.3002
2.223	 2.73	 1	 -41.9022	  174.2465
2.224	 2.76	 1	 -44.7140	  174.0121
2.224	 2.77	 1	 -41.5380	  174.1145
2.224	 2.44	 2	 -42.6416	  173.1005
2.225	 2.00	 1	 -42.0892	  173.6377
2.225	 2.37	 1	 -42.4695	  173.2107
2.225	 2.28	 1	 -46.5958	  169.9847
2.226	 2.03	 1	 -41.8099	  174.2527
2.226	 2.60	 1	 -41.5453	  174.1837
2.227	 2.17	 1	 -41.8155	  174.2710
2.227	 2.32	 1	 -42.4409	  173.0550
2.227	 2.28	 2	 -42.2302	  173.5917
2.228	 2.50	 1	 -43.0446	  172.9533
2.229	 2.39	 1	 -42.2880	  173.6478
2.229	 2.11	 1	 -42.6881	  172.8162
2.229	 2.07	 2	 -42.3537	  173.1741
2.229	 2.69	 1	 -41.7054	  174.1928
2.230	 3.12	 1	 -42.4693	  173.9681
2.230	 2.91	 1	 -41.8841	  174.0819
2.230	 2.54	 1	 -41.9610	  174.3144
2.231	 2.01	 1	 -42.4653	  173.7719
2.232	 2.72	 1	 -42.0859	  173.7281
2.233	 3.51	 1	 -41.7202	  174.1722
2.233	 2.02	 1	 -41.8753	  172.2662
2.233	 3.23	 1	 -42.3921	  173.1654
2.234	 2.97	 1	 -42.6423	  172.7989
2.234	 2.10	 1	 -42.2058	  173.8446
2.235	 2.60	 1	 -41.7480	  174.2578
2.235	 2.54	 2	 -42.1598	  173.9564
2.235	 2.28	 2	 -41.6944	  173.1538
2.237	 2.60	 1	 -43.0033	  172.0439
2.237	 2.78	 1	 -42.3876	  174.2042
2.239	 2.14	 1	 -41.6726	  174.2518
2.240	 2.02	 1	 -41.8382	  174.3766
2.240	 2.45	 1	 -41.7903	  173.9990
2.241	 2.11	 1	 -42.5392	  173.0859
2.241	 2.45	 1	 -41.7164	  174.3005
2.242	 3.78	 1	 -42.6510	  173.8250
2.242	 2.08	 1	 -42.3769	  173.9697
2.243	 2.24	 1	 -41.8492	  173.9165
2.244	 2.37	 1	 -41.7137	  174.4379
2.244	 2.03	 1	 -41.5708	  174.1624
2.245	 3.14	 1	 -41.5209	  174.1787
2.246	 2.46	 1	 -41.6595	  174.3449
2.246	 4.79	 1	 -42.3022	  173.1626
2.246	 2.05	 1	 -42.3842	  173.7566
2.246	 2.06	 1	 -42.5954	  173.7103
2.247	 2.50	 1	 -42.5062	  172.9158
2.247	 2.19	 1	 -42.4341	  173.1184
2.247	 2.11	 1	 -42.3370	  173.4432
2.247	 3.34	 1	 -42.1648	  174.0095
2.248	 2.79	 1	 -42.5183	  173.2193
2.248	 2.15	 2	 -41.6833	  173.3225
2.248	 2.09	 1	 -42.0974	  173.9245
2.249	 2.17	 1	 -41.5796	  174.6208
2.249	 2.06	 1	 -42.3310	  173.9050
2.250	 2.95	 1	 -42.5886	  173.8381
2.250	 2.35	 1	 -42.3898	  173.2107
2.251	 2.29	 1	 -41.4540	  174.4855
2.251	 2.43	 1	 -41.7626	  174.1833
2.251	 2.09	 1	 -42.6443	  172.6418
2.252	 2.31	 1	 -42.7463	  172.9387
2.253	 2.56	 2	 -41.8394	  174.3058
2.253	 2.42	 1	 -41.6454	  174.1115
2.253	 2.22	 2	 -41.7084	  173.0620
2.254	 2.03	 1	 -41.8309	  174.3451
2.255	 2.23	 2	 -41.6973	  173.0938
2.255	 2.18	 1	 -41.8078	  174.1402
2.256	 2.00	 1	 -42.7468	  172.9303
2.256	 2.15	 1	 -42.0051	  173.9170
2.256	 2.07	 1	 -42.1661	  172.9116
2.256	 2.05	 2	 -41.6919	  174.7449
2.256	 2.22	 1	 -41.7571	  174.2083
2.257	 2.14	 1	 -42.3514	  173.9392
2.257	 2.04	 1	 -41.7092	  174.4055
2.257	 2.23	 1	 -42.3334	  174.1933
2.258	 2.04	 1	 -41.7101	  174.2040
2.259	 2.29	 2	 -41.5567	  174.7263
2.260	 2.13	 1	 -42.2779	  174.3678
2.261	 2.46	 1	 -42.3959	  174.0253
2.261	 2.02	 1	 -42.1099	  172.8699
2.261	 2.69	 1	 -42.4871	  173.9750
2.262	 2.18	 1	 -42.5817	  173.9999
2.263	 2.79	 1	 -42.5156	  173.0537
2.263	 2.05	 1	 -42.4244	  173.0066
2.263	 3.14	 1	 -42.3230	  173.7020
2.263	 3.24	 2	 -42.5442	  174.3949
2.264	 2.53	 1	 -42.2715	  173.5915
2.265	 2.18	 1	 -42.3227	  173.5119
2.266	 2.12	 1	 -42.3274	  174.0466
2.267	 2.10	 2	 -41.6839	  173.1280
2.268	 3.30	 1	 -41.7335	  174.2792
2.268	 2.39	 2	 -41.7032	  173.1360
2.269	 2.22	 1	 -41.7415	  174.2921
2.270	 2.82	 1	 -41.8996	  173.5639
2.270	 2.76	 1	 -42.3940	  173.6992
2.271	 2.32	 1	 -42.6163	  172.9608
2.271	 2.25	 1	 -42.4658	  173.2778
2.271	 2.31	 1	 -42.6473	  172.7470
2.271	 2.02	 1	 -41.9770	  173.8712
2.271	 2.31	 1	 -42.1514	  174.5462
2.271	 2.25	 1	 -41.7504	  174.1701
2.271	 3.41	 1	 -41.7302	  173.7384
2.272	 2.14	 1	 -41.5971	  174.3976
2.272	 2.51	 1	 -42.4010	  173.3668
2.273	 2.44	 1	 -42.5792	  172.2227
2.273	 2.55	 1	 -42.2730	  173.8094
2.273	 2.00	 1	 -42.0162	  173.6867
2.273	 2.15	 1	 -41.7484	  174.2438
2.274	 2.61	 1	 -42.3875	  173.5466
2.275	 3.45	 1	 -41.7252	  174.2127
2.275	 2.55	 1	 -42.8858	  172.9494
2.275	 2.85	 2	 -42.6958	  173.3335
2.276	 2.56	 1	 -42.1505	  173.5422
2.276	 2.28	 1	 -42.2224	  173.6628
2.277	 2.05	 1	 -41.8231	  174.1405
2.277	 2.13	 1	 -42.2880	  174.0265
2.277	 2.50	 1	 -42.2597	  173.4747
2.278	 2.58	 1	 -41.7072	  174.2536
2.278	 2.04	 1	 -41.8553	  174.2153
2.279	 2.05	 2	 -41.9090	  173.1665
2.280	 2.40	 1	 -41.8767	  174.3305
2.281	 2.27	 1	 -41.6984	  174.2061
2.281	 2.04	 1	 -42.1528	  173.8518
2.281	 2.10	 2	 -42.3033	  173.1298
2.282	 2.25	 1	 -42.5597	  175.3554
2.282	 2.19	 1	 -42.9257	  172.4753
2.283	 2.48	 1	 -41.5458	  174.1677
2.283	 3.02	 2	 -42.1307	  173.9147
2.284	 2.18	 1	 -42.1971	  172.8682
2.284	 2.05	 1	 -42.5038	  172.9211
2.284	 2.28	 1	 -42.3563	  173.4330
2.285	 3.76	 1	 -41.6721	  174.3022
2.285	 2.84	 2	 -42.1284	  173.9509
2.285	 2.50	 1	 -42.7280	  172.8972
2.286	 2.04	 1	 -42.3383	  173.8817
2.286	 2.06	 1	 -41.6926	  174.1089
2.286	 2.11	 1	 -41.7718	  174.1837
2.286	 3.32	 1	 -41.7560	  174.2507
2.286	 2.50	 1	 -42.2449	  173.5375
2.287	 2.16	 1	 -41.6405	  174.1951
2.289	 3.63	 1	 -42.2705	  173.6850
2.289	 2.38	 1	 -41.7909	  174.3473
2.289	 2.76	 1	 -41.7581	  174.3359
2.289	 2.07	 1	 -42.3058	  173.9817
2.291	 2.09	 1	 -42.0897	  173.6506
2.291	 2.86	 1	 -41.6978	  174.2713
2.292	 2.01	 1	 -41.8221	  174.0454
2.293	 2.35	 1	 -42.2335	  173.6997
2.294	 2.62	 1	 -41.8932	  174.3731
2.294	 2.40	 1	 -42.3048	  173.7270
2.295	 2.62	 1	 -42.3661	  173.5161
2.296	 3.74	 1	 -41.8278	  174.2865
2.297	 2.45	 1	 -42.3892	  174.0294
2.297	 2.77	 1	 -42.4221	  173.7794
2.297	 2.17	 1	 -42.5322	  172.9785
2.298	 2.27	 1	 -41.6792	  174.1274
2.298	 2.06	 1	 -41.4280	  173.6948
2.299	 2.58	 1	 -42.2550	  173.6492
2.299	 2.17	 1	 -42.1429	  173.6286
2.299	 2.97	 2	 -41.7095	  173.0660
2.299	 2.08	 1	 -41.7361	  174.2317
2.299	 2.34	 1	 -42.9322	  173.1936
2.300	 2.26	 1	 -41.7202	  174.1541
2.301	 2.50	 1	 -42.2918	  173.7900
2.301	 2.34	 1	 -42.1167	  173.8320
2.302	 2.48	 1	 -42.6314	  172.9865
2.302	 2.94	 1	 -42.0684	  173.7224
2.302	 2.49	 1	 -41.8605	  174.1941
2.304	 2.23	 1	 -42.6782	  172.9194
2.304	 2.74	 1	 -41.8994	  174.1674
2.304	 2.29	 1	 -42.1556	  173.5580
2.304	 2.18	 1	 -42.6514	  172.4588
2.304	 2.59	 1	 -42.4141	  174.0744
2.304	 2.20	 1	 -41.9424	  173.8289
2.305	 2.04	 1	 -42.3465	  173.5292
2.305	 2.25	 2	 -42.3552	  173.3087
2.306	 2.17	 1	 -41.7612	  174.1648
2.306	 2.84	 2	 -42.4926	  172.5926
2.306	 2.13	 1	 -42.1758	  173.6366
2.307	 2.10	 1	 -42.3062	  173.8116
2.308	 2.71	 2	 -42.6421	  172.9312
2.308	 2.02	 1	 -42.4886	  173.9269
2.308	 2.44	 1	 -42.3310	  174.0412
2.310	 3.07	 1	 -42.5855	  173.2751
2.310	 2.01	 1	 -42.4225	  173.3472
2.310	 2.48	 1	 -41.5086	  174.0835
2.310	 2.77	 1	 -41.8576	  174.0992
2.311	 2.17	 1	 -42.5979	  173.0081
2.312	 2.35	 1	 -40.0053	  170.9040
2.313	 2.49	 1	 -41.7030	  173.9861
2.313	 2.01	 1	 -42.6270	  172.8360
2.314	 2.13	 1	 -41.7908	  174.3266
2.314	 2.71	 1	 -41.8070	  174.2785
2.314	 3.36	 2	 -42.2962	  173.3605
2.315	 2.17	 1	 -41.8985	  173.7060
2.316	 2.52	 1	 -42.2879	  173.7368
2.316	 2.24	 3	 -42.5439	  174.3954
2.317	 2.19	 1	 -42.3832	  173.8630
2.318	 2.06	 1	 -42.3565	  173.8801
2.319	 2.02	 1	 -44.0153	  171.3151
2.319	 2.07	 1	 -42.4673	  173.1376
2.320	 2.03	 2	 -42.1219	  173.5576
2.320	 2.57	 1	 -42.2677	  173.7781
2.320	 3.40	 1	 -42.8281	  172.8647
2.321	 2.01	 1	 -41.9863	  173.9872
2.321	 3.11	 1	 -42.4338	  173.9474
2.321	 2.23	 1	 -42.5694	  173.9737
2.321	 3.37	 1	 -42.6558	  172.9256
2.322	 2.22	 1	 -42.1789	  173.8322
2.322	 2.13	 1	 -42.2531	  173.6964
2.322	 2.24	 1	 -41.6667	  174.2482
2.322	 2.13	 1	 -41.8977	  173.9418
2.323	 3.58	 1	 -41.8158	  174.1290
2.323	 2.03	 1	 -42.1873	  173.6958
2.323	 2.98	 2	 -42.1104	  173.8573
2.323	 2.14	 1	 -42.2871	  173.6065
2.324	 2.53	 1	 -42.5534	  173.3573
2.324	 2.34	 1	 -41.7108	  174.1391
2.325	 2.50	 1	 -42.3688	  173.9787
2.325	 2.33	 1	 -42.0193	  174.0873
2.325	 2.82	 2	 -42.4644	  173.9597
2.326	 2.47	 1	 -42.2716	  173.6416
2.326	 2.81	 2	 -42.4559	  174.3887
2.326	 2.47	 1	 -42.3196	  173.4319
2.327	 2.36	 1	 -42.3677	  174.0804
2.327	 3.31	 1	 -42.5262	  173.0042
2.329	 2.20	 1	 -42.4006	  173.0641
2.329	 2.32	 1	 -41.7339	  174.4657
2.330	 2.65	 1	 -41.7947	  174.3430
2.330	 2.34	 2	 -42.4335	  174.3466
2.330	 2.33	 1	 -42.4459	  173.2611
2.331	 2.06	 2	 -41.6307	  173.1986
2.331	 2.15	 1	 -42.8015	  173.9180
2.332	 2.08	 1	 -42.1437	  173.6351
2.332	 3.94	 1	 -42.1900	  173.9096
2.332	 2.19	 1	 -41.7893	  174.2181
2.332	 2.30	 1	 -42.3045	  173.6147
2.332	 2.08	 1	 -42.0395	  173.7488
2.333	 2.56	 1	 -41.8754	  174.3964
2.334	 2.41	 2	 -42.1162	  173.8405
2.336	 2.91	 1	 -42.7311	  172.9392
2.337	 2.53	 1	 -41.7823	  174.2235
2.337	 2.11	 2	 -42.2727	  173.3234
2.337	 2.23	 1	 -42.4736	  173.0911
2.338	 2.33	 1	 -42.3571	  173.1768
2.338	 2.36	 1	 -42.3275	  173.8418
2.338	 2.08	 1	 -42.0656	  173.1467
2.338	 2.01	 1	 -42.8096	  172.6517
2.338	 2.35	 1	 -41.9526	  173.6877
2.338	 2.70	 1	 -41.5545	  174.1157
2.338	 2.13	 1	 -42.4964	  173.7366
2.339	 2.04	 1	 -41.8658	  174.0828
2.339	 2.53	 1	 -42.2250	  173.6400
2.339	 2.94	 1	 -42.4452	  173.9487
2.340	 2.13	 1	 -42.1205	  173.6672
2.341	 2.00	 1	 -42.3500	  173.7546
2.341	 2.03	 1	 -41.8910	  173.9745
2.342	 2.11	 1	 -41.7422	  174.2965
2.343	 2.26	 1	 -42.3462	  173.8831
2.344	 2.27	 1	 -39.5467	  173.2410
2.345	 2.27	 1	 -42.4108	  173.0539
2.345	 2.86	 1	 -41.9386	  174.0627
2.346	 2.09	 1	 -42.6821	  172.8255
2.346	 2.03	 1	 -42.0518	  173.8496
2.347	 2.07	 1	 -42.3763	  173.4939
2.347	 2.78	 1	 -42.3018	  173.7465
2.347	 2.06	 1	 -41.5875	  174.1723
2.348	 3.46	 1	 -41.6702	  174.4232
2.348	 2.41	 1	 -42.4632	  173.2739
2.348	 2.08	 1	 -42.5684	  173.3558
2.349	 2.23	 2	 -41.7793	  174.0867
2.349	 2.65	 1	 -42.4362	  173.7708
2.349	 2.44	 1	 -42.7658	  172.4695
2.349	 2.33	 1	 -41.9966	  173.7036
2.350	 2.84	 1	 -42.2661	  173.7455
2.350	 2.36	 1	 -42.0191	  173.6941
2.351	 4.21	 1	 -41.7503	  174.2833
2.352	 2.19	 2	 -42.1446	  173.8578
2.352	 2.34	 1	 -42.2535	  173.8526
2.352	 2.13	 1	 -42.5301	  173.4458
2.352	 3.48	 1	 -42.1551	  173.5076
2.352	 2.35	 1	 -42.1823	  173.8865
2.353	 2.26	 2	 -41.4938	  174.3725
2.353	 2.46	 1	 -42.4578	  173.8184
2.354	 2.52	 1	 -41.6604	  174.2287
2.354	 2.14	 1	 -42.4658	  173.0245
2.355	 2.01	 1	 -42.3885	  173.8806
2.356	 2.38	 1	 -42.0282	  173.9611
2.356	 2.37	 1	 -41.7042	  174.3033
2.356	 2.13	 1	 -42.0796	  173.7242
2.356	 2.62	 1	 -42.4671	  173.8902
2.357	 2.69	 1	 -42.4857	  173.1152
2.357	 2.17	 1	 -42.2302	  173.6343
2.357	 2.12	 2	 -41.7623	  173.1064
2.357	 4.26	 1	 -42.5786	  172.8228
2.357	 2.02	 1	 -41.7925	  174.1830
2.357	 2.20	 1	 -42.5670	  173.0827
2.359	 2.04	 1	 -41.6371	  174.3277
2.359	 2.02	 1	 -42.3004	  173.7134
2.359	 2.01	 1	 -42.3839	  173.7892
2.359	 2.04	 1	 -42.1042	  173.7992
2.360	 2.45	 1	 -42.6309	  172.8649
2.361	 2.58	 1	 -41.6889	  174.1895
2.362	 2.15	 1	 -42.1547	  173.7267
2.363	 2.03	 1	 -42.8747	  173.5214
2.363	 2.27	 1	 -42.2554	  173.8758
2.364	 2.94	 1	 -42.2780	  173.9709
2.364	 2.56	 1	 -41.7924	  174.1927
2.365	 2.52	 1	 -42.3027	  173.7268
2.365	 2.25	 1	 -42.3793	  173.5945
2.366	 3.09	 2	 -42.2543	  173.7231
2.367	 3.09	 1	 -42.2921	  173.7352
2.367	 2.02	 1	 -42.9589	  172.5546
2.367	 2.77	 1	 -42.5759	  173.0377
2.367	 2.00	 1	 -42.1522	  173.6154
2.368	 2.31	 1	 -42.3204	  173.4208
2.370	 2.64	 1	 -42.2892	  173.8367
2.370	 2.10	 1	 -42.1397	  173.8146
2.370	 2.07	 1	 -42.1544	  173.8778
2.371	 3.40	 1	 -42.2879	  173.7818
2.372	 2.29	 1	 -42.0000	  173.8499
2.373	 2.02	 1	 -42.4029	  173.1948
2.374	 2.33	 1	 -42.2723	  173.5191
2.374	 2.22	 2	 -42.5212	  173.0562
2.374	 2.14	 1	 -42.0081	  173.7693
2.374	 2.02	 2	 -42.0955	  173.7763
2.375	 2.84	 1	 -42.3009	  173.6856
2.375	 2.63	 1	 -42.4556	  172.6752
2.375	 2.08	 1	 -41.6584	  173.9255
2.377	 2.33	 1	 -42.2800	  173.7313
2.377	 2.26	 1	 -42.3593	  173.3566
2.378	 2.03	 1	 -41.4526	  174.1624
2.378	 2.14	 1	 -42.7493	  172.9575
2.378	 2.12	 2	 -42.1164	  173.8382
2.379	 2.50	 1	 -41.6659	  174.3379
2.379	 2.72	 1	 -42.1404	  173.5956
2.380	 2.07	 1	 -42.3183	  173.9471
2.380	 2.15	 1	 -42.3012	  173.7496
2.380	 2.35	 1	 -42.5098	  173.3135
2.380	 2.19	 1	 -41.6027	  174.3388
2.381	 2.74	 2	 -42.3260	  174.0076
2.381	 3.38	 1	 -41.6760	  174.2362
2.381	 2.13	 1	 -41.7013	  174.3005
2.381	 2.33	 2	 -42.3009	  173.6845
2.381	 2.36	 1	 -42.1814	  173.8368
2.383	 2.27	 2	 -41.3664	  173.2076
2.383	 2.38	 1	 -42.9395	  172.9906
2.383	 2.46	 1	 -42.2379	  173.7890
2.383	 2.04	 1	 -42.3201	  173.6435
2.384	 2.66	 1	 -42.4184	  173.2439
2.384	 2.91	 2	 -42.7184	  173.4489
2.385	 2.62	 1	 -41.7916	  174.3728
2.386	 2.07	 1	 -42.4054	  174.2484
2.386	 2.32	 1	 -42.3046	  173.8429
2.387	 2.40	 1	 -41.9905	  173.7588
2.388	 2.09	 1	 -42.3433	  173.7321
2.388	 2.35	 1	 -42.5827	  172.8401
2.389	 2.79	 1	 -41.6580	  174.2168
2.389	 2.69	 2	 -42.0564	  173.6851
2.389	 2.12	 2	 -42.0402	  173.7487
2.390	 2.82	 2	 -41.6660	  174.2883
2.390	 3.43	 1	 -42.3493	  173.8230
2.391	 2.01	 1	 -42.2035	  173.5323
2.391	 2.15	 1	 -41.6598	  174.2475
2.394	 2.02	 1	 -41.6393	  174.6182
2.395	 2.35	 1	 -41.6987	  174.2419
2.396	 2.31	 1	 -42.5541	  173.1344
2.396	 2.07	 1	 -42.5131	  173.1307
2.396	 2.35	 1	 -41.7005	  174.1846
2.396	 2.03	 1	 -42.6382	  172.7537
2.396	 2.56	 1	 -42.4332	  173.7658
2.396	 2.05	 1	 -42.1632	  173.5925
2.396	 2.37	 2	 -42.4301	  174.3761
2.397	 2.53	 1	 -41.6876	  174.2198
2.398	 2.03	 1	 -40.2022	  174.5731
2.398	 2.09	 1	 -42.4714	  173.2224
2.399	 2.17	 1	 -42.3746	  173.9976
2.400	 2.82	 1	 -42.2108	  174.2352
2.400	 3.63	 1	 -41.8703	  173.9583
2.400	 2.55	 1	 -42.3337	  173.8875
2.401	 2.41	 2	 -41.7222	  173.2135
2.401	 3.85	 1	 -41.3478	  172.6560
2.401	 2.02	 2	 -41.7218	  173.1565
2.402	 2.09	 1	 -42.9249	  173.0403
2.402	 2.50	 2	 -41.7226	  173.1670
2.403	 2.25	 1	 -46.1062	  172.8645
2.403	 2.57	 1	 -42.8828	  172.6889
2.404	 2.59	 1	 -42.5701	  173.1817
2.405	 2.09	 1	 -42.3405	  174.0159
2.406	 2.77	 1	 -42.6983	  173.7854
2.406	 3.62	 1	 -42.5963	  173.2558
2.407	 2.85	 1	 -41.5599	  174.4227
2.407	 2.30	 1	 -42.3900	  173.3920
2.408	 2.14	 1	 -42.0234	  174.0671
2.409	 2.20	 1	 -41.7718	  174.2142
2.410	 2.80	 1	 -42.4417	  173.7005
2.410	 2.76	 1	 -42.2014	  173.8152
2.410	 2.88	 1	 -41.7810	  174.2317
2.410	 2.45	 1	 -42.4301	  172.9890
2.410	 2.51	 1	 -42.3267	  173.9077
2.411	 2.31	 1	 -42.2494	  173.6117
2.413	 2.44	 2	 -41.7130	  173.1386
2.413	 2.12	 1	 -42.7080	  173.3013
2.415	 2.01	 1	 -42.7693	  172.7043
2.415	 2.37	 1	 -42.1236	  173.9552
2.416	 2.28	 1	 -41.4921	  175.8772
2.416	 2.11	 2	 -41.5976	  174.1660
2.417	 2.17	 1	 -41.7281	  174.3128
2.417	 2.52	 1	 -42.7172	  172.7477
2.417	 2.02	 2	 -41.7471	  173.0982
2.418	 3.10	 1	 -41.8586	  174.1469
2.418	 2.64	 1	 -41.8171	  174.2748
2.419	 3.06	 2	 -41.7112	  173.1726
2.419	 2.16	 1	 -42.5795	  173.0746
2.419	 2.06	 1	 -42.1608	  174.0116
2.422	 2.21	 1	 -42.0566	  173.7382
2.422	 2.03	 1	 -42.1659	  173.8146
2.426	 2.18	 1	 -42.4161	  173.8289
2.426	 2.04	 1	 -41.9596	  174.0003
2.427	 2.64	 2	 -41.7019	  173.1165
2.427	 2.14	 1	 -42.1486	  173.8015
2.428	 2.95	 1	 -40.1915	  173.7460
2.428	 2.22	 1	 -41.7441	  174.3065
2.429	 2.08	 1	 -42.9160	  172.2069
2.429	 2.38	 1	 -42.2094	  173.9534
2.430	 2.56	 1	 -42.4037	  173.5653
2.430	 2.11	 2	 -42.4444	  173.9478
2.430	 2.30	 1	 -42.1874	  173.5664
2.430	 2.04	 1	 -41.7281	  174.1881
2.430	 2.33	 1	 -41.9590	  174.1862
2.430	 2.11	 1	 -42.0024	  173.7724
2.431	 2.40	 1	 -41.6707	  174.2831
2.431	 2.06	 1	 -41.7528	  174.2785
2.431	 2.61	 1	 -41.7693	  174.3295
2.431	 3.08	 1	 -42.3506	  174.1569
2.431	 2.05	 2	 -42.5025	  172.0661
2.431	 2.58	 1	 -43.0358	  173.2288
2.431	 2.08	 1	 -42.4933	  173.1418
2.431	 2.35	 1	 -40.4601	  176.0256
2.431	 2.97	 1	 -42.6227	  173.3931
2.431	 2.49	 1	 -43.0098	  172.5271
2.432	 2.97	 1	 -41.9353	  174.0787
2.432	 2.48	 1	 -40.6635	  173.7336
2.433	 2.27	 1	 -42.3295	  173.8200
2.433	 2.26	 1	 -42.3293	  173.6532
2.433	 3.24	 2	 -42.2825	  173.1928
2.433	 2.03	 2	 -41.6714	  173.1345
2.433	 2.38	 1	 -41.9315	  173.5470
2.434	 2.25	 1	 -41.8740	  174.0173
2.434	 2.09	 1	 -42.1756	  173.6063
2.434	 2.44	 1	 -42.3405	  173.7595
2.435	 2.30	 2	 -42.1220	  173.8757
2.435	 2.20	 1	 -41.6775	  174.2228
2.435	 2.07	 1	 -41.8980	  173.6904
2.435	 3.24	 1	 -42.0580	  173.6156
2.435	 2.28	 1	 -42.3138	  173.5641
2.436	 2.18	 1	 -42.4024	  173.3133
2.436	 2.82	 1	 -42.3830	  173.0534
2.436	 2.08	 1	 -42.3262	  173.8060
2.437	 3.46	 1	 -42.3520	  173.4995
2.437	 2.50	 1	 -45.4394	  168.1786
2.438	 2.30	 1	 -42.5105	  173.2050
2.438	 2.23	 1	 -42.2493	  173.7116
2.439	 2.19	 1	 -42.3267	  173.6369
2.439	 2.24	 1	 -42.3618	  173.5031
2.440	 3.21	 1	 -42.9597	  173.2448
2.440	 3.09	 1	 -41.7090	  174.2051
2.441	 2.01	 1	 -42.3682	  174.0169
2.441	 2.01	 1	 -41.8709	  174.0212
2.442	 2.15	 1	 -42.2416	  173.9378
2.442	 3.16	 1	 -42.4633	  174.2718
2.443	 2.33	 1	 -42.0091	  174.3989
2.443	 2.17	 1	 -42.5772	  173.3555
2.443	 3.01	 1	 -41.6783	  174.1931
2.443	 2.07	 1	 -43.2718	  173.6198
2.444	 2.91	 1	 -42.6771	  172.8869
2.445	 2.13	 1	 -41.7125	  174.3700
2.445	 2.02	 1	 -41.8062	  174.0234
2.445	 2.49	 1	 -41.7162	  174.2975
2.446	 2.17	 2	 -42.1281	  174.3691
2.446	 2.16	 1	 -41.7461	  174.2106
2.447	 2.14	 1	 -42.3728	  173.6965
2.447	 2.35	 1	 -42.3460	  173.8427
2.447	 2.01	 1	 -42.4807	  173.7548
2.448	 2.34	 1	 -42.4426	  173.7859
2.448	 2.20	 1	 -42.4282	  173.1582
2.448	 2.24	 1	 -42.5519	  173.8921
2.450	 2.06	 2	 -41.7683	  173.2099
2.450	 2.16	 2	 -42.6013	  172.9578
2.450	 2.01	 1	 -42.2785	  173.8558
2.451	 2.32	 1	 -42.3786	  173.3710
2.452	 2.08	 1	 -42.4184	  174.0889
2.452	 2.00	 1	 -42.1650	  173.4970
2.453	 2.01	 1	 -42.1503	  173.5311
2.454	 2.21	 1	 -42.2903	  173.6842
2.455	 2.33	 1	 -42.2090	  173.9934
2.456	 3.23	 1	 -42.1078	  173.6941
2.456	 2.80	 1	 -42.2533	  173.5731
2.457	 2.01	 1	 -41.8811	  174.2336
2.457	 2.02	 2	 -41.7544	  173.1497
2.458	 2.57	 1	 -41.6998	  174.0409
2.458	 2.30	 1	 -43.3700	  174.6703
2.458	 3.24	 1	 -41.8342	  174.1947
2.458	 2.65	 1	 -42.1484	  173.5453
2.458	 2.02	 1	 -41.7613	  174.2492
2.459	 2.18	 1	 -41.7266	  174.2725
2.459	 2.36	 2	 -41.6755	  174.4045
2.460	 2.82	 1	 -42.2339	  173.5303
2.461	 2.88	 1	 -41.7128	  173.9309
2.461	 2.24	 1	 -42.3382	  173.7424
2.461	 2.14	 1	 -44.5372	  171.0330
2.462	 2.24	 1	 -41.8251	  174.0385
2.462	 3.36	 1	 -41.6821	  174.1587
2.463	 2.50	 1	 -42.5507	  173.2408
2.463	 2.42	 2	 -42.4708	  173.9656
2.463	 3.81	 1	 -42.5192	  173.1824
2.463	 2.38	 1	 -42.3498	  174.0532
2.465	 2.37	 2	 -42.6330	  173.8381
2.465	 2.35	 1	 -41.8084	  174.0763
2.465	 2.18	 1	 -42.5919	  173.7610
2.466	 3.00	 1	 -42.5165	  173.2891
2.467	 2.16	 1	 -42.8809	  172.3942
2.467	 2.72	 1	 -42.8270	  173.2331
2.468	 3.41	 2	 -42.0972	  173.8406
2.468	 3.53	 1	 -41.7226	  174.2454
2.469	 3.79	 1	 -41.7157	  174.2435
2.469	 2.57	 1	 -42.3465	  173.6242
2.469	 2.16	 1	 -42.2519	  173.7179
2.470	 2.11	 1	 -41.7098	  174.3678
2.470	 2.07	 1	 -42.3723	  173.4432
2.470	 2.56	 1	 -41.1532	  173.3174
2.471	 2.13	 1	 -42.2193	  173.9437
2.471	 2.56	 1	 -42.3361	  173.6131
2.472	 2.41	 1	 -42.5144	  174.0833
2.472	 2.31	 1	 -41.6980	  174.3174
2.472	 4.15	 1	 -42.3521	  173.7811
2.473	 2.83	 1	 -42.1819	  173.5601
2.473	 2.41	 1	 -41.6817	  174.2391
2.473	 2.31	 1	 -42.1772	  173.6380
2.474	 2.07	 1	 -41.7764	  174.2925
2.474	 2.17	 2	 -42.2623	  173.8011
2.474	 2.25	 1	 -42.5939	  172.9087
2.475	 2.20	 1	 -41.7366	  174.2869
2.476	 2.09	 1	 -42.3025	  173.6316
2.476	 2.47	 1	 -42.3829	  173.7725
2.477	 2.32	 1	 -42.5968	  172.8490
2.478	 2.97	 2	 -42.8956	  172.8473
2.478	 2.47	 2	 -42.3788	  173.4762
2.478	 3.76	 1	 -41.7970	  174.2238
2.479	 2.04	 1	 -41.7504	  174.1493
2.480	 2.02	 1	 -42.1699	  173.0840
2.480	 2.65	 1	 -42.3886	  173.9956
2.481	 2.29	 1	 -41.8080	  174.2049
2.481	 2.05	 2	 -41.9345	  174.0817
2.481	 2.30	 1	 -42.4186	  173.1593
2.482	 2.00	 1	 -41.9638	  173.9765
2.482	 3.24	 1	 -42.2480	  173.6050
2.483	 2.23	 1	 -42.3025	  173.7513
2.483	 2.01	 1	 -42.1404	  173.4667
2.483	 2.55	 1	 -41.4802	  174.0044
2.484	 2.68	 2	 -42.1246	  173.8833
2.484	 2.01	 1	 -42.4523	  173.7864
2.484	 2.27	 1	 -42.4873	  173.0888
2.485	 2.13	 1	 -42.6169	  172.7542
2.485	 2.19	 2	 -41.7737	  174.2696
2.487	 4.67	 1	 -42.2277	  173.5609
2.487	 2.07	 1	 -42.2131	  173.7915
2.487	 2.34	 2	 -41.6689	  173.0829
2.488	 2.44	 1	 -42.5989	  172.8577
2.488	 2.43	 1	 -41.5656	  174.7618
2.489	 2.05	 1	 -42.2254	  174.0004
2.489	 2.83	 1	 -41.7900	  174.1864
2.489	 2.13	 1	 -42.4940	  173.5159
2.490	 2.05	 1	 -42.7415	  173.3664
2.490	 2.65	 1	 -42.5186	  173.2071
2.490	 2.28	 2	 -41.3279	  172.6454
2.490	 2.23	 1	 -41.9364	  174.0049
2.491	 2.03	 1	 -41.6421	  174.3071
2.491	 2.86	 1	 -41.7040	  173.7897
2.492	 2.03	 1	 -42.7455	  173.1458
2.493	 2.14	 1	 -41.4808	  174.2980
2.495	 2.66	 1	 -41.7939	  174.2691
2.495	 2.08	 1	 -42.9736	  173.9827
2.495	 2.11	 1	 -41.9663	  173.7033
2.496	 2.12	 1	 -41.7310	  174.2423
2.497	 2.11	 2	 -41.9454	  173.5102
2.498	 2.10	 2	 -42.8051	  174.1995
2.498	 2.29	 1	 -42.6268	  173.0209
2.499	 2.88	 1	 -42.7166	  172.8530
2.499	 2.47	 1	 -41.6672	  174.2305
2.500	 2.45	 1	 -41.4406	  172.9520
2.500	 2.19	 1	 -41.6663	  174.3020
2.500	 2.04	 1	 -42.6143	  173.8694
2.501	 2.69	 1	 -41.7707	  174.2162
2.501	 2.13	 1	 -41.7328	  174.1921
2.503	 3.52	 1	 -43.2449	  173.5628
2.503	 2.02	 1	 -41.9956	  173.7654
2.504	 3.02	 1	 -42.3020	  173.3863
2.504	 2.01	 1	 -42.4549	  173.4965
2.504	 2.56	 1	 -42.2095	  173.8924
2.504	 2.30	 1	 -42.1764	  173.6085
2.505	 2.95	 1	 -42.6155	  173.0212
2.505	 2.94	 3	 -42.4193	  174.4136
2.506	 3.36	 1	 -42.3185	  173.5987
2.506	 2.32	 1	 -42.3003	  173.6256
2.506	 3.24	 1	 -42.1856	  173.6667
2.507	 2.25	 1	 -41.8813	  174.3409
2.507	 2.61	 1	 -41.6742	  174.2060
2.509	 2.22	 1	 -41.8483	  173.5598
2.509	 2.19	 2	 -42.3048	  173.1593
2.510	 2.44	 1	 -41.7085	  174.1863
2.510	 2.31	 2	 -41.6756	  174.2536
2.511	 2.18	 1	 -42.2562	  174.6020
2.512	 2.21	 1	 -42.3684	  173.7307
2.512	 2.22	 1	 -41.3142	  174.6938
2.513	 3.49	 1	 -41.9254	  174.1958
2.513	 2.53	 2	 -42.0649	  173.7151
2.513	 2.20	 1	 -42.2667	  173.5510
2.514	 2.19	 1	 -43.7767	  172.6400
2.514	 2.62	 1	 -42.4781	  173.1542
2.515	 2.14	 1	 -41.6886	  174.2050
2.515	 2.01	 3	 -42.6992	  173.3270
2.515	 2.14	 1	 -42.3730	  173.8293
2.517	 2.12	 1	 -42.7816	  172.7586
2.517	 2.75	 1	 -42.5326	  173.1840
2.517	 2.52	 1	 -41.7081	  174.2756
2.517	 2.04	 1	 -42.0365	  174.2662
2.518	 2.85	 1	 -41.7343	  174.2410
2.518	 2.09	 1	 -42.3391	  173.8597
2.518	 2.36	 1	 -42.2492	  172.6962
2.519	 2.74	 1	 -42.5221	  173.1420
2.520	 2.02	 1	 -42.3044	  173.8150
2.521	 2.10	 2	 -41.8224	  174.1158
2.522	 2.01	 1	 -42.3493	  174.0200
2.522	 2.21	 1	 -41.9578	  173.7507
2.523	 2.99	 1	 -41.9098	  174.4136
2.523	 3.24	 1	 -42.3259	  174.0350
2.523	 2.05	 1	 -41.6525	  174.3568
2.525	 2.15	 2	 -41.6994	  173.1215
2.525	 2.99	 1	 -41.7389	  174.3006
2.526	 2.05	 1	 -42.5275	  174.1979
2.526	 2.17	 1	 -42.6164	  173.0214
2.527	 2.08	 1	 -42.2957	  173.6503
2.527	 2.24	 1	 -42.3854	  173.8962
2.527	 2.59	 1	 -42.4421	  173.1680
2.528	 2.44	 1	 -41.9845	  174.0789
2.529	 2.44	 1	 -41.8120	  174.1799
2.529	 3.35	 1	 -42.4148	  173.6384
2.530	 2.04	 1	 -42.7526	  172.9086
2.530	 2.34	 1	 -41.6968	  174.2646
2.531	 2.19	 1	 -41.9459	  173.7929
2.532	 2.69	 1	 -42.2891	  173.9373
2.532	 2.06	 1	 -41.9470	  173.8855
2.532	 2.51	 1	 -41.8154	  174.2274
2.534	 2.06	 1	 -41.9914	  173.8850
2.534	 2.08	 1	 -42.0643	  173.5566
2.534	 2.04	 1	 -42.3439	  173.7994
2.535	 2.36	 1	 -41.7476	  174.3841
2.536	 2.36	 1	 -42.1606	  173.5858
2.537	 2.58	 1	 -41.7073	  174.3300
2.537	 2.39	 1	 -42.2303	  173.8067
2.537	 2.28	 1	 -41.7754	  174.4225
2.539	 2.52	 1	 -41.7378	  174.2225
2.539	 2.16	 1	 -42.3842	  173.6068
2.539	 2.08	 2	 -42.2079	  174.2363
2.540	 2.74	 1	 -41.7070	  174.3294
2.540	 2.13	 1	 -42.3572	  173.9148
2.540	 2.08	 1	 -41.7375	  174.2353
2.540	 2.12	 1	 -41.7931	  174.2306
2.541	 2.50	 1	 -42.5398	  173.0667
2.543	 2.09	 1	 -42.4812	  173.2164
2.543	 2.23	 1	 -42.4555	  173.1340
2.545	 2.43	 1	 -42.3401	  173.0508
2.545	 2.13	 2	 -42.3190	  174.1919
2.545	 2.07	 1	 -42.2291	  173.7289
2.545	 2.32	 1	 -42.5377	  172.9619
2.546	 2.28	 1	 -41.6839	  174.2471
2.546	 2.55	 1	 -42.4596	  173.2078
2.548	 2.33	 1	 -42.8882	  173.2132
2.548	 2.69	 1	 -42.2540	  173.6484
2.548	 2.02	 1	 -42.8726	  174.2238
2.548	 2.14	 1	 -42.2335	  172.9234
2.548	 2.15	 1	 -42.2203	  170.1654
2.549	 2.09	 1	 -41.8402	  173.8584
2.549	 2.97	 1	 -43.2451	  172.5002
2.549	 2.53	 1	 -41.7144	  174.1272
2.549	 2.06	 2	 -41.6246	  174.7110
2.551	 2.06	 1	 -42.4061	  173.7789
2.551	 2.17	 1	 -42.2485	  173.6999
2.552	 2.85	 2	 -42.3333	  173.6258
2.552	 2.02	 1	 -42.1329	  173.6384
2.552	 2.18	 1	 -42.2209	  173.8138
2.553	 2.07	 1	 -42.2949	  173.7134
2.553	 3.32	 1	 -41.6832	  174.2835
2.553	 2.14	 1	 -42.1346	  173.0921
2.554	 2.09	 1	 -42.0226	  173.6101
2.554	 2.27	 1	 -41.5296	  174.3027
2.555	 2.14	 1	 -42.0933	  173.4434
2.555	 2.15	 1	 -42.4809	  173.1922
2.556	 2.19	 2	 -38.8460	  169.4752
2.556	 2.83	 1	 -42.0973	  172.9503
2.556	 2.14	 2	 -42.0360	  173.0875
2.557	 2.47	 2	 -42.5384	  172.9453
2.557	 2.07	 1	 -41.7884	  174.2202
2.557	 2.17	 1	 -42.3703	  173.8148
2.558	 3.01	 1	 -42.2640	  173.6456
2.558	 2.13	 1	 -42.5249	  173.8070
2.558	 3.30	 1	 -41.7173	  174.2139
2.559	 3.78	 1	 -43.1141	  173.1143
2.559	 2.05	 1	 -41.9275	  174.1266
2.559	 2.45	 1	 -42.9188	  173.9366
2.559	 2.05	 2	 -43.0844	  173.1426
2.560	 2.23	 1	 -42.7979	  172.9038
2.560	 2.24	 2	 -41.9340	  174.0814
2.560	 2.32	 1	 -42.2764	  173.6338
2.561	 3.44	 1	 -42.5183	  173.0942
2.562	 3.38	 1	 -41.6902	  174.1660
2.562	 2.05	 1	 -42.2300	  173.5373
2.563	 3.08	 1	 -41.9860	  173.8611
2.563	 2.08	 1	 -41.9329	  174.0800
2.563	 2.03	 1	 -41.7703	  174.2447
2.563	 2.11	 1	 -42.4501	  173.7627
2.564	 2.53	 1	 -41.3286	  174.1154
2.564	 2.76	 1	 -40.2000	  169.2139
2.564	 2.27	 1	 -40.8567	  173.2783
2.565	 2.03	 1	 -42.8381	  172.8933
2.567	 2.04	 2	 -41.6717	  173.2134
2.569	 2.42	 1	 -42.5900	  172.9836
2.569	 3.10	 1	 -42.3077	  173.5927
2.570	 3.11	 1	 -42.0480	  173.9431
2.570	 2.15	 1	 -41.5045	  174.6331
2.571	 2.20	 2	 -41.7943	  174.2777
2.571	 2.12	 1	 -43.7354	  167.8969
2.572	 3.15	 1	 -42.4858	  174.1324
2.572	 2.27	 1	 -41.6725	  174.3446
2.572	 2.96	 1	 -41.7003	  174.2808
2.573	 2.07	 1	 -42.0355	  173.6827
2.574	 2.81	 1	 -42.1070	  173.7402
2.574	 2.24	 1	 -42.2990	  173.7305
2.575	 2.34	 1	 -42.5402	  173.3598
2.575	 2.80	 1	 -42.2541	  173.2039
2.576	 2.11	 1	 -41.7662	  174.1747
2.576	 2.33	 1	 -43.6489	  170.0925
2.577	 2.10	 1	 -42.6094	  173.1400
2.579	 2.70	 1	 -42.2332	  173.7451
2.579	 2.04	 1	 -41.7776	  174.2335
2.579	 2.23	 1	 -42.5431	  173.6928
2.580	 2.49	 1	 -42.5175	  173.0232
2.581	 2.16	 1	 -41.7093	  173.7781
2.581	 2.89	 2	 -42.7007	  173.4491
2.582	 2.26	 1	 -41.9122	  173.9886
2.583	 2.05	 1	 -41.7711	  174.4504
2.584	 2.17	 1	 -42.4244	  173.1013
2.585	 2.03	 1	 -42.7941	  172.7187
2.585	 2.78	 1	 -42.7746	  172.7759
2.585	 2.07	 2	 -41.6859	  173.1515
2.585	 2.00	 1	 -42.0920	  173.6935
2.586	 2.29	 1	 -42.0189	  172.7129
2.586	 2.28	 1	 -41.7427	  174.2750
2.586	 2.12	 1	 -43.5472	  171.1516
2.586	 2.09	 2	 -42.7289	  172.9648
2.586	 2.06	 1	 -42.9635	  173.7950
2.587	 2.37	 1	 -42.2693	  173.6315
2.588	 2.59	 1	 -41.6809	  174.2773
2.588	 2.03	 1	 -42.1183	  173.5397
2.589	 2.59	 1	 -41.6703	  174.1797
2.590	 2.30	 1	 -42.3446	  173.4173
2.591	 2.06	 1	 -43.2235	  172.1349
2.593	 2.88	 1	 -42.2483	  173.6047
2.593	 3.80	 1	 -42.8880	  172.7835
2.593	 2.72	 1	 -42.1681	  173.8232
2.593	 4.35	 1	 -42.2627	  173.2241
2.595	 2.28	 1	 -42.3790	  173.9673
2.595	 2.94	 1	 -41.7712	  174.2537
2.596	 2.04	 1	 -41.8208	  174.1666
2.596	 2.06	 1	 -44.4315	  174.9116
2.596	 2.12	 1	 -41.4231	  174.4287
2.596	 2.05	 1	 -42.7324	  173.0907
2.597	 2.28	 1	 -41.9652	  173.8755
2.597	 3.77	 1	 -41.7218	  174.1656
2.597	 2.36	 1	 -41.7317	  174.2819
2.598	 2.03	 2	 -42.8223	  172.7537
2.599	 2.02	 2	 -42.3898	  173.2026
2.599	 2.78	 1	 -42.1825	  173.6160
2.600	 2.52	 1	 -41.7219	  174.2237
2.600	 2.70	 1	 -42.4250	  173.1741
2.600	 2.44	 1	 -42.5857	  174.0751
2.601	 2.45	 1	 -42.2903	  172.9002
2.601	 2.72	 1	 -42.1547	  173.6828
2.602	 2.03	 1	 -42.4458	  172.3390
2.602	 2.69	 2	 -42.4929	  174.1395
2.602	 2.03	 1	 -41.8139	  174.2698
2.602	 2.50	 1	 -42.0010	  174.0308
2.602	 2.32	 2	 -42.1023	  173.8561
2.602	 2.36	 1	 -42.5327	  173.1632
2.605	 2.15	 1	 -41.7317	  174.3353
2.605	 4.07	 1	 -41.7599	  174.3161
2.605	 2.09	 2	 -42.6135	  173.3949
2.606	 2.83	 1	 -42.4789	  173.0773
2.606	 2.29	 1	 -42.6218	  173.3186
2.606	 2.45	 2	 -42.2415	  173.5313
2.607	 2.12	 2	 -41.7553	  174.2884
2.607	 2.09	 1	 -41.7197	  174.3000
2.607	 3.85	 1	 -42.1580	  173.5372
2.608	 2.26	 1	 -41.6900	  174.2214
2.608	 2.32	 1	 -41.9852	  174.1484
2.608	 2.24	 1	 -41.5605	  174.4290
2.610	 2.21	 1	 -42.3901	  173.9824
2.611	 4.25	 1	 -41.7707	  174.2889
2.612	 2.37	 1	 -42.2070	  173.7659
2.612	 2.97	 1	 -42.5046	  173.2240
2.614	 2.23	 1	 -42.3196	  173.7155
2.614	 3.16	 1	 -41.6417	  174.1584
2.615	 2.60	 1	 -46.8383	  174.5572
2.615	 2.08	 1	 -42.0102	  173.7475
2.616	 3.12	 1	 -41.8097	  173.8722
2.616	 2.10	 1	 -42.4609	  173.7206
2.616	 2.15	 1	 -42.4796	  173.7496
2.616	 2.27	 1	 -42.9150	  172.8030
2.618	 2.03	 1	 -41.6629	  174.2239
2.618	 3.75	 1	 -42.5019	  173.1645
2.618	 2.60	 1	 -42.5990	  173.1571
2.619	 2.13	 2	 -41.8582	  174.1021
2.619	 2.11	 1	 -41.6198	  174.1454
2.619	 2.63	 1	 -42.2717	  173.8795
2.620	 2.37	 1	 -42.3605	  173.5322
2.620	 2.81	 1	 -42.0492	  173.0764
2.621	 2.41	 1	 -42.2481	  173.7322
2.622	 2.05	 1	 -42.4314	  173.3623
2.623	 2.05	 2	 -41.9318	  174.0626
2.623	 2.02	 1	 -42.4699	  172.6155
2.623	 2.45	 1	 -42.4359	  173.1067
2.624	 2.04	 1	 -42.1706	  173.9950
2.624	 2.17	 2	 -42.2257	  173.5927
2.624	 2.43	 1	 -42.2635	  173.7609
2.624	 2.26	 2	 -42.0835	  173.6289
2.625	 2.32	 1	 -42.4346	  173.8828
2.625	 2.52	 1	 -40.4924	  168.4858
2.626	 2.26	 1	 -41.6841	  174.1759
2.626	 2.28	 1	 -41.5660	  174.6742
2.626	 2.31	 2	 -41.7064	  173.1184
2.626	 2.10	 1	 -42.7131	  172.7150
2.627	 2.06	 1	 -41.7513	  174.0228
2.627	 2.19	 1	 -42.2159	  173.6374
2.629	 2.18	 1	 -42.9720	  172.0110
2.629	 3.58	 1	 -42.5499	  173.7438
2.629	 3.07	 2	 -42.6285	  173.0146
2.630	 2.00	 1	 -41.9174	  173.9456
2.630	 2.11	 2	 -41.7598	  174.2800
2.630	 2.02	 1	 -41.6910	  174.3201
2.631	 2.09	 1	 -42.3617	  173.9178
2.632	 2.08	 1	 -42.3347	  174.0763
2.632	 2.74	 2	 -42.5818	  173.0556
2.632	 2.05	 1	 -41.7438	  174.3376
2.632	 2.10	 1	 -41.7054	  174.3352
2.632	 2.08	 1	 -42.3301	  174.0319
2.633	 2.17	 2	 -42.2697	  173.2280
2.633	 2.05	 1	 -42.1947	  173.5570
2.634	 2.04	 1	 -42.7534	  173.0149
2.634	 2.08	 1	 -41.9609	  173.2713
2.635	 2.20	 1	 -43.9657	  172.3700
2.636	 2.48	 1	 -41.9986	  171.9145
2.636	 2.30	 1	 -42.3138	  173.7379
2.636	 2.05	 1	 -42.4906	  174.0532
2.637	 2.11	 1	 -41.7306	  174.2387
2.637	 2.01	 1	 -42.4711	  173.3422
2.637	 2.34	 1	 -42.1981	  173.5412
2.637	 2.85	 1	 -41.8514	  174.1309
2.639	 2.35	 1	 -41.8444	  173.9205
2.639	 2.28	 1	 -42.0993	  172.9114
2.640	 2.05	 2	 -41.7093	  174.5992
2.641	 2.59	 1	 -42.4057	  173.1318
2.642	 2.21	 1	 -42.4205	  173.1944
2.642	 2.30	 1	 -42.4796	  173.2353
2.642	 2.14	 1	 -42.4411	  173.2061
2.643	 2.10	 2	 -42.2617	  173.2220
2.643	 2.18	 1	 -41.8512	  173.5870
2.643	 2.38	 1	 -41.7662	  174.0982
2.643	 2.41	 2	 -42.2555	  173.7592
2.645	 2.11	 1	 -42.3491	  174.0534
2.645	 2.25	 2	 -42.0467	  173.7693
2.646	 2.27	 1	 -42.6208	  173.4785
2.646	 2.88	 1	 -42.2307	  173.9262
2.647	 2.02	 1	 -41.8507	  173.9776
2.647	 2.60	 1	 -42.4102	  173.0526
2.650	 2.30	 1	 -44.7614	  175.7703
2.650	 2.03	 1	 -41.5135	  174.5232
2.651	 2.17	 2	 -41.0674	  176.3276
2.651	 2.23	 1	 -42.2789	  173.5239
2.652	 2.55	 1	 -42.2117	  173.7444
2.652	 2.20	 1	 -42.3242	  173.8702
2.653	 2.59	 1	 -41.6986	  174.2267
2.653	 2.16	 1	 -41.7261	  174.3333
2.653	 2.71	 1	 -42.5077	  173.6986
2.654	 2.54	 3	 -42.5404	  174.3964
2.654	 2.41	 1	 -42.6969	  172.8968
2.654	 2.27	 1	 -41.8987	  173.9574
2.655	 2.11	 1	 -42.5207	  173.7629
2.655	 2.80	 1	 -41.5377	  174.5031
2.655	 2.28	 1	 -42.4949	  173.6236
2.656	 2.01	 2	 -42.1964	  173.8058
2.657	 2.01	 1	 -42.3045	  173.8723
2.659	 2.26	 1	 -42.4581	  173.0066
2.660	 2.38	 2	 -42.0607	  173.8768
2.661	 2.25	 1	 -42.1706	  173.9109
2.661	 2.88	 2	 -41.6692	  173.0881
2.661	 2.54	 2	 -42.4859	  174.1332
2.662	 2.85	 1	 -42.3512	  173.4960
2.662	 2.01	 1	 -42.4322	  173.9100
2.663	 2.44	 1	 -43.4320	  176.5134
2.664	 3.27	 1	 -42.2577	  173.8713
2.664	 2.21	 1	 -42.5351	  173.1287
2.664	 2.39	 1	 -42.3571	  173.8965
2.665	 2.17	 1	 -42.3255	  173.7258
2.665	 2.18	 1	 -42.3445	  174.3119
2.665	 2.40	 2	 -42.3322	  173.9387
2.666	 2.06	 2	 -43.1182	  173.1088
2.666	 2.07	 1	 -41.9412	  173.7453
2.667	 2.32	 1	 -43.9322	  175.5933
2.668	 2.18	 1	 -41.6765	  174.1924
2.668	 2.39	 1	 -42.0592	  175.0466
2.668	 2.34	 1	 -42.5192	  173.2902
2.669	 2.40	 1	 -42.4226	  173.7032
2.671	 4.41	 1	 -41.8252	  174.2178
2.671	 2.01	 1	 -41.9448	  173.6171
2.672	 2.09	 1	 -42.2619	  173.6200
2.673	 2.03	 1	 -41.7392	  174.2769
2.673	 2.15	 1	 -42.5731	  172.9626
2.673	 3.00	 1	 -41.8221	  174.2401
2.674	 2.10	 1	 -41.6651	  174.1567
2.674	 2.82	 2	 -42.1477	  173.8664
2.675	 2.44	 2	 -41.8172	  174.2115
2.675	 2.25	 1	 -41.8660	  174.1094
2.676	 2.01	 1	 -42.4065	  174.0338
2.678	 2.06	 1	 -41.7248	  174.2280
2.678	 2.84	 1	 -42.0629	  173.7235
2.680	 2.42	 1	 -41.6667	  174.2721
2.681	 2.26	 1	 -42.1407	  173.8490
2.681	 2.10	 1	 -42.5668	  173.0031
2.681	 2.15	 1	 -41.6926	  176.5457
2.681	 2.88	 2	 -42.2518	  173.4370
2.682	 2.54	 1	 -42.3421	  173.8323
2.682	 2.07	 1	 -41.8354	  174.2640
2.682	 2.41	 1	 -41.8719	  174.4466
2.682	 3.67	 1	 -42.7682	  173.0386
2.682	 2.14	 1	 -42.1726	  173.6693
2.682	 2.83	 1	 -42.2104	  172.9817
2.683	 2.21	 1	 -42.2439	  173.8833
2.683	 2.16	 1	 -42.0168	  173.7929
2.683	 2.08	 1	 -41.7142	  174.2530
2.683	 2.47	 1	 -42.7899	  172.4201
2.684	 2.53	 1	 -43.0123	  172.0642
2.685	 2.60	 1	 -42.3092	  173.6696
2.685	 2.70	 1	 -42.3526	  174.0480
2.686	 2.29	 1	 -42.2857	  173.6418
2.686	 2.22	 2	 -41.7836	  173.3396
2.686	 2.58	 1	 -43.0295	  174.8196
2.687	 3.28	 1	 -41.7758	  174.0969
2.688	 3.54	 2	 -41.1380	  173.9458
2.688	 2.25	 1	 -41.6537	  174.1288
2.689	 2.85	 1	 -42.2635	  173.6430
2.690	 2.30	 1	 -42.3592	  173.1142
2.690	 2.10	 1	 -41.7423	  174.2081
2.691	 2.44	 1	 -42.6018	  172.9748
2.691	 3.07	 2	 -41.7446	  174.2623
2.691	 2.26	 1	 -42.5056	  173.7808
2.692	 2.01	 1	 -42.0565	  173.7128
2.692	 3.07	 1	 -41.7502	  174.2888
2.692	 2.01	 1	 -41.8475	  174.0677
2.693	 2.71	 1	 -41.7536	  174.2085
2.693	 2.55	 1	 -42.2873	  173.1610
2.694	 2.29	 1	 -42.4290	  173.5413
2.694	 2.03	 1	 -42.1327	  173.5472
2.695	 2.82	 1	 -41.7315	  173.8561
2.695	 2.18	 2	 -42.0067	  173.6595
2.695	 3.26	 1	 -41.7217	  174.1675
2.695	 2.37	 1	 -42.4588	  173.1556
2.696	 2.12	 1	 -42.1413	  174.2185
2.696	 2.31	 1	 -42.3649	  174.0014
2.698	 2.09	 1	 -41.9198	  173.7548
2.698	 3.12	 1	 -41.7909	  174.1945
2.699	 2.29	 1	 -42.2906	  174.0144
2.699	 3.06	 1	 -41.8264	  174.1786
2.700	 2.74	 1	 -42.3282	  172.7933
2.700	 2.53	 1	 -41.7652	  174.2629
2.701	 2.05	 1	 -41.9956	  174.2447
2.701	 2.35	 1	 -42.3406	  174.0554
2.703	 2.92	 1	 -41.9974	  173.3698
2.703	 3.11	 1	 -42.3243	  173.6121
2.703	 2.15	 1	 -41.7474	  174.2973
2.703	 2.35	 1	 -42.1120	  172.2813
2.704	 3.04	 1	 -42.3408	  173.8817
2.705	 2.47	 1	 -42.2390	  173.8513
2.705	 2.44	 1	 -41.7730	  174.4379
2.707	 2.33	 1	 -41.9631	  174.0249
2.707	 2.59	 1	 -42.3200	  173.4768
2.707	 2.05	 1	 -41.9809	  174.0786
2.707	 2.04	 1	 -42.3805	  173.6080
2.708	 2.00	 1	 -42.2826	  173.7352
2.709	 2.75	 1	 -42.7676	  172.7644
2.709	 2.21	 2	 -42.2171	  173.6015
2.710	 2.12	 1	 -42.3467	  173.4591
2.710	 3.01	 1	 -42.4012	  173.7694
2.711	 2.29	 1	 -42.5066	  173.1077
2.712	 3.18	 2	 -42.2923	  174.0659
2.712	 2.09	 1	 -42.1830	  173.4147
2.712	 2.82	 1	 -42.1088	  173.8137
2.713	 2.72	 1	 -42.4490	  173.1650
2.713	 2.34	 2	 -41.7915	  174.3464
2.714	 3.09	 2	 -41.6992	  174.2728
2.714	 2.26	 1	 -41.9545	  173.7248
2.714	 2.59	 1	 -42.5037	  173.7727
2.715	 2.04	 1	 -42.5293	  173.1513
2.716	 2.27	 1	 -42.4624	  173.3421
2.716	 2.21	 1	 -42.6154	  172.9337
2.717	 2.10	 1	 -42.7852	  173.4392
2.718	 2.01	 1	 -41.7696	  174.2811
2.719	 2.06	 1	 -42.3458	  173.7529
2.720	 2.80	 1	 -42.6882	  173.2394
2.720	 2.10	 2	 -41.8874	  174.4672
2.720	 2.01	 1	 -42.3950	  173.7179
2.721	 2.31	 1	 -41.6384	  174.2630
2.721	 2.08	 1	 -41.7321	  174.2378
2.722	 2.65	 2	 -41.8240	  174.0539
2.723	 2.45	 1	 -42.4356	  173.4874
2.723	 3.01	 1	 -41.7305	  174.2333
2.723	 2.15	 1	 -42.4870	  172.9439
2.723	 2.06	 1	 -43.0855	  172.7066
2.723	 2.62	 1	 -42.3598	  173.7829
2.724	 2.92	 1	 -41.7297	  174.1952
2.724	 4.24	 2	 -42.7951	  173.0667
2.727	 2.61	 1	 -42.3017	  173.8569
2.727	 2.83	 1	 -42.3257	  173.4347
2.728	 2.03	 1	 -42.3614	  173.3368
2.729	 2.77	 1	 -41.5073	  174.3488
2.729	 3.06	 1	 -42.3090	  173.8824
2.729	 2.36	 1	 -41.9856	  173.8792
2.730	 2.28	 1	 -42.3614	  173.7400
2.730	 2.36	 1	 -43.0840	  173.7664
2.730	 2.18	 1	 -41.5967	  174.1983
2.731	 2.76	 2	 -41.3157	  174.6071
2.732	 2.34	 2	 -41.6858	  174.2140
2.732	 2.02	 1	 -42.1660	  172.7682
2.733	 2.04	 1	 -41.8490	  174.2638
2.733	 2.31	 1	 -42.5003	  173.6710
2.734	 2.26	 1	 -45.6158	  177.4869
2.734	 2.70	 2	 -42.6898	  173.4570
2.735	 2.27	 1	 -42.3547	  173.8855
2.736	 2.52	 2	 -43.5628	  172.5527
2.737	 2.38	 1	 -41.9711	  173.7325
2.737	 2.40	 1	 -42.8453	  172.5172
2.738	 2.38	 1	 -42.5368	  173.0932
2.738	 3.66	 1	 -42.4790	  173.2045
2.739	 2.23	 2	 -41.8158	  167.8185
2.739	 2.24	 1	 -41.9039	  174.0343
2.739	 2.21	 1	 -42.5706	  173.7141
2.740	 2.62	 1	 -42.2175	  173.5624
2.740	 2.08	 1	 -42.4836	  173.1201
2.740	 2.02	 1	 -41.9549	  173.6547
2.741	 2.02	 1	 -42.2406	  173.6052
2.742	 2.68	 2	 -41.8809	  174.2128
2.743	 2.28	 2	 -42.2240	  173.5437
2.743	 2.01	 1	 -41.7343	  174.3125
2.743	 2.34	 2	 -42.2457	  174.9944
2.743	 3.49	 1	 -41.6068	  174.2401
2.745	 2.15	 1	 -42.0310	  173.6596
2.745	 2.29	 1	 -42.3771	  173.8384
2.745	 2.90	 2	 -40.4903	  168.4829
2.747	 2.25	 1	 -42.7654	  172.4508
2.747	 2.82	 1	 -42.5494	  173.4880
2.748	 2.00	 1	 -42.1073	  173.8072
2.748	 2.65	 1	 -41.5434	  174.4399
2.748	 2.39	 1	 -43.0576	  172.5405
2.749	 2.83	 1	 -42.1580	  173.4252
2.749	 2.25	 3	 -42.1282	  173.8340
2.749	 2.42	 1	 -42.6316	  172.8906
2.749	 2.69	 2	 -41.6681	  174.2306
2.749	 2.80	 1	 -42.5292	  173.8000
2.750	 2.17	 1	 -41.4436	  173.6808
2.750	 2.03	 1	 -42.4864	  173.1875
2.750	 2.13	 1	 -42.2404	  173.6518
2.751	 2.45	 1	 -42.5575	  172.8227
2.751	 2.51	 1	 -42.0425	  173.7270
2.751	 2.02	 1	 -41.9459	  174.0732
2.752	 3.50	 2	 -41.7033	  173.1349
2.752	 2.33	 1	 -41.8841	  174.2060
2.752	 2.33	 1	 -42.0341	  173.7237
2.754	 2.43	 1	 -42.5633	  173.0957
2.754	 2.08	 1	 -41.8163	  174.2838
2.754	 2.10	 1	 -42.2378	  173.6431
2.755	 2.78	 1	 -42.1802	  173.5573
2.756	 2.96	 1	 -41.7339	  174.2568
2.756	 2.13	 1	 -41.7521	  174.3437
2.757	 2.39	 1	 -42.0311	  173.8457
2.757	 2.52	 1	 -41.8465	  174.1075
2.758	 2.14	 2	 -41.7962	  174.3008
2.759	 3.04	 1	 -42.7664	  173.7537
2.759	 2.22	 1	 -41.7765	  174.2943
2.760	 2.19	 1	 -42.2327	  173.5987
2.760	 2.56	 1	 -41.7117	  174.1025
2.760	 2.40	 1	 -41.7427	  174.2661
2.762	 2.08	 2	 -41.7625	  174.3376
2.764	 2.32	 1	 -42.5755	  174.0092
2.764	 2.22	 1	 -42.4947	  173.3189
2.765	 2.74	 1	 -42.0596	  173.6442
2.766	 2.12	 1	 -42.2925	  173.3746
2.767	 4.12	 1	 -41.7328	  174.2881
2.767	 2.18	 1	 -42.8750	  173.1265
2.769	 2.44	 1	 -42.4222	  173.7696
2.769	 2.26	 2	 -42.8962	  173.1898
2.770	 2.11	 1	 -41.7107	  174.2397
2.771	 2.46	 1	 -42.4554	  173.1110
2.772	 2.62	 1	 -42.2565	  173.8942
2.772	 2.05	 1	 -41.9054	  173.0812
2.773	 2.19	 2	 -42.3292	  173.5944
2.773	 2.69	 1	 -41.7831	  174.2647
2.774	 2.71	 1	 -42.3557	  173.8908
2.774	 2.15	 1	 -42.5042	  173.2613
2.774	 2.95	 1	 -42.4310	  173.3485
2.775	 4.57	 1	 -42.2553	  174.0163
2.776	 2.29	 1	 -42.2218	  173.7698
2.777	 2.62	 1	 -41.7079	  173.8123
2.778	 2.23	 2	 -41.6875	  172.9771
2.778	 2.90	 1	 -42.1999	  173.3533
2.778	 2.11	 1	 -42.4000	  173.7054
2.779	 3.02	 1	 -42.1038	  173.8345
2.780	 2.15	 1	 -42.5124	  173.2359
2.781	 2.70	 1	 -42.5349	  173.3163
2.781	 2.26	 1	 -42.3226	  173.2480
2.781	 2.02	 1	 -41.6822	  174.3452
2.782	 2.52	 1	 -41.8569	  174.0718
2.783	 2.85	 1	 -42.2479	  173.6221
2.783	 2.58	 1	 -42.2794	  173.8686
2.785	 2.14	 2	 -41.7693	  174.3372
2.785	 2.50	 1	 -41.7201	  174.3083
2.786	 2.28	 1	 -41.8683	  174.1850
2.787	 2.64	 1	 -42.3493	  174.0422
2.787	 2.11	 2	 -42.4264	  174.3841
2.787	 2.14	 1	 -43.2370	  174.3743
2.787	 3.39	 2	 -42.2165	  173.9135
2.787	 2.84	 2	 -42.0946	  172.9504
2.789	 2.79	 1	 -42.4367	  173.7645
2.791	 2.01	 1	 -42.5344	  173.0925
2.791	 2.39	 1	 -43.1595	  179.1069
2.793	 2.55	 1	 -41.8326	  174.1619
2.793	 2.13	 1	 -41.7823	  174.0578
2.793	 2.08	 1	 -42.2350	  173.5438
2.794	 2.19	 1	 -42.5012	  173.0551
2.794	 2.63	 1	 -42.5866	  173.2580
2.794	 2.90	 1	 -41.6698	  174.4007
2.795	 2.05	 1	 -42.1220	  173.7468
2.795	 2.08	 1	 -42.2063	  173.7779
2.795	 2.72	 1	 -42.7103	  173.6414
2.795	 2.35	 1	 -41.7272	  174.4505
2.796	 2.01	 1	 -41.7490	  174.3376
2.796	 2.19	 1	 -42.3257	  173.5987
2.796	 2.03	 1	 -42.3859	  173.8531
2.796	 2.14	 1	 -41.9206	  174.3660
2.797	 3.25	 1	 -43.5851	  172.7912
2.798	 2.92	 1	 -42.5804	  173.0747
2.798	 3.49	 1	 -42.4472	  174.0588
2.799	 2.75	 1	 -41.7283	  174.3789
2.799	 3.08	 1	 -42.5776	  173.0422
2.799	 2.05	 1	 -44.1234	  172.5344
2.799	 2.86	 1	 -42.2066	  173.5824
2.801	 2.16	 1	 -42.3405	  173.7183
2.801	 2.19	 1	 -42.4725	  174.2177
2.802	 2.05	 1	 -42.5372	  172.8092
2.802	 2.08	 1	 -41.6067	  173.6738
2.803	 2.23	 1	 -42.5236	  172.7962
2.803	 2.58	 1	 -41.6807	  174.2392
2.804	 2.23	 1	 -41.7072	  174.2621
2.804	 2.00	 1	 -42.8251	  172.7870
2.804	 2.26	 1	 -41.7864	  174.2862
2.805	 2.37	 1	 -41.6361	  174.2628
2.805	 3.33	 1	 -42.2942	  173.9602
2.806	 2.43	 1	 -42.9587	  173.9254
2.806	 2.74	 1	 -42.2884	  173.6198
2.808	 2.33	 2	 -41.7168	  173.1321
2.808	 2.15	 1	 -42.1507	  173.8284
2.808	 2.73	 1	 -41.5535	  174.0737
2.809	 2.11	 1	 -42.6266	  173.7590
2.809	 2.98	 1	 -43.5441	  174.1160
2.810	 2.23	 2	 -42.2980	  173.5083
2.810	 2.70	 1	 -41.7124	  174.2413
2.810	 2.60	 1	 -42.3588	  173.9565
2.810	 3.51	 1	 -42.4192	  174.0549
2.811	 2.53	 2	 -42.3510	  173.7800
2.811	 2.18	 1	 -42.6213	  173.2205
2.811	 2.37	 2	 -42.0604	  173.8926
2.812	 2.27	 1	 -41.7034	  174.3370
2.812	 3.09	 1	 -42.1384	  173.8388
2.813	 2.62	 2	 -41.6535	  174.1285
2.813	 2.93	 1	 -42.1967	  173.4536
2.813	 2.73	 1	 -41.6294	  174.3409
2.814	 2.63	 1	 -42.3359	  173.1866
2.815	 2.01	 1	 -42.0034	  174.3720
2.815	 2.60	 1	 -41.8452	  174.2118
2.816	 2.03	 1	 -41.7433	  174.3169
2.817	 3.31	 1	 -42.4401	  173.8198
2.817	 3.32	 2	 -41.6761	  172.9247
2.817	 2.08	 1	 -41.7976	  174.2527
2.817	 2.16	 1	 -41.7399	  174.2483
2.818	 2.27	 1	 -41.4881	  174.3823
2.819	 2.13	 1	 -41.6915	  174.2227
2.819	 3.33	 1	 -41.6443	  174.3021
2.819	 2.07	 1	 -42.2868	  173.7210
2.820	 2.30	 1	 -42.4395	  173.4953
2.820	 2.16	 1	 -42.4230	  172.6945
2.820	 2.27	 3	 -41.6717	  173.2140
2.821	 2.13	 2	 -43.9696	  172.7711
2.821	 2.18	 1	 -42.3945	  173.6488
2.823	 2.08	 1	 -41.7734	  174.2565
2.824	 2.13	 1	 -41.9887	  173.3139
2.824	 3.31	 1	 -41.8385	  174.2250
2.825	 2.03	 1	 -42.3184	  174.0043
2.827	 2.06	 1	 -42.1869	  173.7351
2.827	 2.14	 2	 -41.3187	  173.7336
2.827	 3.46	 1	 -42.2638	  173.6459
2.829	 2.23	 2	 -41.6788	  173.1525
2.830	 2.04	 2	 -42.5871	  172.8244
2.831	 2.01	 1	 -41.6865	  174.2913
2.831	 2.54	 1	 -42.6040	  173.1619
2.832	 2.15	 1	 -42.3261	  173.6702
2.832	 2.79	 1	 -41.7244	  174.2729
2.832	 2.66	 1	 -39.6371	  173.0597
2.832	 2.23	 1	 -42.1275	  173.8049
2.833	 2.02	 1	 -42.1073	  172.9004
2.833	 2.20	 1	 -41.8917	  173.8998
2.833	 2.31	 1	 -41.6405	  174.2510
2.834	 2.18	 1	 -41.6432	  174.3780
2.834	 2.08	 1	 -42.5691	  173.0821
2.835	 2.01	 1	 -43.4272	  172.9977
2.836	 3.12	 1	 -42.3750	  173.4297
2.836	 2.86	 1	 -42.7419	  173.1338
2.836	 2.94	 1	 -42.2934	  173.6928
2.837	 2.96	 1	 -41.6871	  174.2266
2.838	 2.08	 1	 -43.1129	  171.7357
2.839	 2.11	 1	 -42.1142	  173.9713
2.839	 2.25	 1	 -42.4189	  173.3078
2.840	 2.60	 1	 -38.2174	  172.4251
2.841	 2.45	 1	 -42.3246	  173.9004
2.841	 2.20	 1	 -42.3826	  173.8502
2.842	 2.13	 1	 -41.7191	  174.1550
2.842	 2.43	 1	 -41.9236	  173.7097
2.842	 2.21	 1	 -42.6465	  175.5642
2.842	 2.76	 1	 -41.8146	  174.1929
2.842	 2.55	 1	 -41.9950	  174.0748
2.843	 2.77	 1	 -41.7765	  172.9995
2.843	 2.47	 1	 -41.6877	  174.1315
2.843	 2.13	 1	 -42.5963	  172.8039
2.844	 3.07	 1	 -41.7037	  174.2223
2.845	 2.29	 1	 -42.3061	  173.9739
2.845	 3.18	 1	 -42.9316	  173.1518
2.846	 3.08	 1	 -42.4738	  173.6440
2.847	 2.29	 1	 -42.0378	  173.6242
2.847	 2.89	 2	 -41.7271	  174.1998
2.847	 2.48	 1	 -42.2213	  173.5778
2.848	 2.06	 1	 -43.7567	  173.9195
2.849	 2.23	 1	 -42.3731	  173.8988
2.849	 2.16	 1	 -41.8206	  174.2192
2.850	 3.52	 1	 -42.4722	  173.2229
2.850	 2.31	 1	 -42.4240	  173.2931
2.850	 2.47	 1	 -42.0948	  173.7003
2.851	 2.33	 1	 -41.7285	  174.2135
2.852	 2.42	 2	 -41.8232	  174.1742
2.852	 4.96	 1	 -42.6300	  173.5004
2.853	 2.09	 1	 -42.5881	  173.0974
2.853	 2.19	 2	 -42.6627	  173.4715
2.854	 2.04	 1	 -42.3995	  173.3219
2.854	 2.61	 1	 -42.1409	  173.4936
2.854	 2.17	 1	 -41.6796	  174.3103
2.854	 3.35	 1	 -41.9093	  173.9712
2.856	 2.61	 1	 -42.6896	  172.9209
2.856	 2.02	 1	 -42.1580	  173.6983
2.857	 2.70	 1	 -41.7266	  174.0347
2.857	 2.29	 1	 -41.8008	  174.1723
2.858	 2.32	 1	 -41.7861	  174.6097
2.858	 2.95	 1	 -42.3991	  173.5639
2.859	 2.97	 1	 -41.9939	  174.2001
2.860	 2.08	 1	 -42.5984	  172.9218
2.860	 3.65	 1	 -41.7699	  174.2749
2.861	 2.21	 1	 -42.7798	  172.9385
2.861	 2.05	 2	 -42.1175	  173.7594
2.862	 2.42	 1	 -42.4600	  173.4341
2.864	 2.81	 1	 -41.7176	  174.3564
2.864	 2.01	 1	 -42.5638	  173.3303
2.865	 2.32	 2	 -42.4465	  173.0652
2.865	 2.02	 1	 -42.4926	  173.4159
2.866	 2.08	 1	 -41.9211	  174.1545
2.867	 2.91	 1	 -42.7215	  172.1064
2.867	 3.45	 1	 -41.6872	  174.2461
2.868	 2.23	 2	 -42.4410	  174.4016
2.868	 2.94	 1	 -41.7179	  174.1115
2.869	 3.10	 1	 -42.7957	  173.4710
2.869	 2.61	 1	 -42.3503	  173.4693
2.870	 2.40	 1	 -42.2643	  174.1458
2.870	 2.34	 1	 -42.3708	  173.3733
2.871	 2.17	 1	 -42.3059	  174.0414
2.872	 2.22	 1	 -41.8264	  174.1213
2.873	 2.17	 3	 -42.8079	  173.1124
2.873	 2.13	 2	 -42.6960	  173.2404
2.873	 2.55	 1	 -41.6664	  174.3061
2.874	 2.73	 1	 -42.1699	  173.4725
2.874	 2.33	 1	 -41.8407	  174.4993
2.874	 2.21	 1	 -41.7731	  174.6484
2.874	 2.64	 1	 -41.7029	  174.3503
2.875	 2.47	 1	 -42.3195	  173.6753
2.875	 2.55	 1	 -42.4816	  173.0117
2.875	 2.26	 1	 -41.6567	  174.3304
2.875	 2.06	 1	 -42.5177	  173.0114
2.876	 2.13	 1	 -42.0274	  173.8718
2.876	 2.21	 1	 -41.7208	  174.2396
2.877	 2.02	 2	 -42.2546	  173.3893
2.878	 2.32	 1	 -42.0930	  173.8507
2.878	 2.02	 1	 -42.2584	  173.6530
2.879	 2.18	 1	 -42.3489	  173.6454
2.879	 2.04	 2	 -42.3336	  173.2541
2.881	 2.13	 1	 -41.7802	  174.1020
2.881	 2.57	 1	 -42.3670	  173.8019
2.882	 2.34	 1	 -42.4765	  173.0505
2.882	 2.70	 1	 -42.2341	  173.7107
2.882	 2.54	 1	 -42.5430	  173.1010
2.883	 2.06	 1	 -41.6952	  174.2041
2.885	 2.51	 1	 -42.2247	  173.7071
2.885	 2.16	 1	 -41.8266	  173.8475
2.886	 3.52	 1	 -39.6285	  177.0419
2.887	 2.05	 2	 -42.5798	  173.2560
2.887	 2.27	 1	 -43.0949	  172.7744
2.887	 2.71	 1	 -42.4847	  172.9601
2.887	 2.15	 1	 -41.7938	  174.0782
2.887	 2.22	 1	 -42.3612	  173.9137
2.887	 2.06	 1	 -41.7931	  174.4023
2.889	 2.96	 2	 -42.2077	  173.5815
2.891	 3.21	 1	 -41.6889	  174.2784
2.891	 2.40	 2	 -42.2338	  173.9701
2.891	 2.60	 1	 -42.7862	  172.7905
2.892	 2.21	 1	 -42.6971	  172.7812
2.892	 2.65	 1	 -41.8187	  174.3388
2.894	 2.10	 1	 -42.1797	  173.5914
2.894	 2.21	 1	 -42.3523	  173.9054
2.894	 2.11	 1	 -42.4299	  173.1619
2.896	 2.50	 1	 -42.3463	  173.0802
2.897	 2.09	 1	 -42.4136	  173.2069
2.898	 2.01	 2	 -42.2235	  173.5850
2.898	 2.31	 1	 -42.2142	  173.6035
2.899	 3.00	 1	 -42.1065	  173.6861
2.899	 2.13	 1	 -41.7379	  174.0048
2.899	 2.76	 1	 -42.5015	  173.0142
2.899	 2.40	 2	 -42.2436	  173.5430
2.901	 2.26	 2	 -42.7729	  173.0433
2.901	 3.75	 1	 -42.2874	  173.6813
2.902	 2.34	 1	 -41.6970	  174.1601
2.902	 2.15	 1	 -42.2538	  173.6861
2.902	 3.00	 1	 -42.6626	  172.9338
2.902	 2.13	 1	 -41.7679	  174.2528
2.902	 2.32	 1	 -42.5320	  173.2661
2.902	 2.97	 1	 -41.7480	  174.5286
2.903	 2.46	 1	 -41.9485	  174.0423
2.904	 2.04	 1	 -41.8162	  174.2962
2.905	 2.54	 2	 -41.6694	  174.3412
2.905	 2.58	 2	 -41.7351	  174.2891
2.905	 2.11	 1	 -41.5206	  174.2197
2.906	 2.18	 1	 -41.9688	  173.9632
2.906	 2.06	 1	 -42.5952	  173.8697
2.907	 3.77	 2	 -41.9310	  175.4384
2.907	 3.41	 1	 -42.3728	  173.9011
2.907	 2.04	 1	 -42.5649	  173.1138
2.908	 2.62	 1	 -42.2401	  173.6664
2.908	 2.39	 1	 -42.4193	  172.9868
2.908	 2.43	 1	 -42.2470	  174.0458
2.908	 2.16	 1	 -41.9022	  173.5958
2.908	 2.10	 1	 -42.1816	  173.5408
2.909	 2.04	 1	 -41.7092	  174.1469
2.909	 2.03	 1	 -42.2907	  173.8453
2.910	 2.01	 1	 -42.1506	  172.7059
2.910	 2.21	 1	 -41.6899	  174.2710
2.910	 2.57	 2	 -41.9051	  173.9703
2.912	 2.04	 1	 -41.6630	  174.2636
2.912	 2.29	 1	 -42.1970	  173.7139
2.914	 2.55	 2	 -42.6091	  173.4680
2.914	 2.30	 1	 -41.9128	  174.1416
2.914	 2.35	 2	 -42.3038	  173.6146
2.915	 3.31	 2	 -42.2340	  173.7105
2.915	 2.50	 1	 -42.3444	  173.0577
2.915	 2.46	 1	 -41.6995	  174.3085
2.916	 2.37	 1	 -41.5008	  173.6655
2.917	 2.31	 1	 -42.2522	  173.7125
2.918	 4.20	 2	 -42.5688	  172.8147
2.918	 3.26	 1	 -42.3825	  172.7312
2.918	 2.05	 1	 -42.7162	  171.9695
2.919	 2.58	 1	 -42.3072	  173.6460
2.919	 2.20	 1	 -45.0473	  172.6830
2.920	 2.01	 1	 -41.6180	  174.6250
2.920	 3.67	 2	 -42.1664	  173.5464
2.921	 2.93	 1	 -41.9479	  173.6747
2.921	 2.64	 1	 -42.4641	  173.5870
2.921	 2.45	 2	 -41.7407	  174.2476
2.922	 2.16	 1	 -41.7585	  174.3513
2.922	 2.31	 1	 -42.2385	  173.7635
2.922	 2.02	 1	 -42.3515	  174.2044
2.922	 3.05	 2	 -42.0500	  173.9273
2.922	 2.71	 1	 -42.7771	  173.2798
2.923	 2.16	 1	 -41.7819	  174.2764
2.924	 3.63	 1	 -42.3522	  173.7361
2.924	 2.16	 2	 -42.3114	  173.1427
2.924	 3.04	 1	 -41.8968	  174.1786
2.925	 2.39	 1	 -42.5752	  173.2402
2.926	 2.17	 1	 -41.7299	  174.2625
2.926	 3.03	 1	 -41.6841	  174.2342
2.927	 2.38	 1	 -42.2798	  173.9763
2.927	 2.45	 3	 -42.0950	  172.9494
2.927	 2.34	 2	 -42.0964	  173.8633
2.927	 2.90	 1	 -42.3644	  173.4579
2.928	 2.55	 1	 -41.8043	  174.6141
2.928	 2.56	 1	 -42.4722	  173.8305
2.929	 2.15	 1	 -41.7919	  174.2696
2.929	 2.22	 1	 -42.5249	  173.0562
2.929	 2.04	 2	 -42.6051	  173.4715
2.929	 2.16	 2	 -42.7893	  172.7834
2.929	 2.42	 1	 -41.5550	  174.2814
2.930	 2.41	 1	 -42.4482	  173.0636
2.930	 2.38	 1	 -42.5761	  173.0990
2.931	 2.88	 2	 -39.6373	  173.0611
2.931	 2.41	 1	 -42.4341	  173.2065
2.933	 3.69	 1	 -42.2793	  173.9509
2.934	 2.03	 2	 -42.1996	  173.6630
2.934	 2.59	 1	 -40.9917	  172.1232
2.935	 2.10	 1	 -42.4512	  173.0806
2.935	 2.22	 1	 -42.4512	  174.0667
2.935	 2.27	 1	 -41.6427	  174.3196
2.937	 2.65	 1	 -42.2769	  173.6922
2.938	 2.31	 2	 -42.1607	  173.5372
2.938	 2.43	 1	 -42.1394	  173.6681
2.938	 2.17	 1	 -42.2588	  173.5276
2.938	 2.57	 1	 -42.2107	  173.8094
2.939	 2.06	 1	 -41.9589	  173.9231
2.939	 2.15	 1	 -42.3968	  173.4862
2.939	 2.27	 1	 -42.4847	  173.2496
2.939	 2.84	 1	 -42.9240	  174.1703
2.940	 2.70	 1	 -42.1739	  174.0919
2.941	 2.17	 1	 -43.7442	  173.3523
2.942	 2.01	 1	 -41.9644	  174.2657
2.942	 2.14	 1	 -42.7476	  172.8722
2.942	 3.22	 1	 -42.6224	  172.9516
2.944	 2.64	 1	 -41.7019	  174.2689
2.944	 2.08	 1	 -42.5560	  173.5151
2.945	 2.88	 2	 -42.2921	  173.7290
2.945	 2.37	 1	 -42.0804	  173.5062
2.946	 2.17	 1	 -42.3822	  173.8521
2.946	 2.49	 1	 -40.9733	  176.1839
2.946	 2.22	 1	 -41.9510	  174.0230
2.946	 2.09	 1	 -42.2961	  173.8872
2.946	 2.46	 1	 -42.4454	  174.1863
2.947	 2.56	 1	 -42.3774	  173.9035
2.947	 2.75	 1	 -42.2654	  173.8436
2.947	 3.23	 1	 -42.4074	  173.4458
2.948	 2.06	 1	 -42.4328	  173.1964
2.948	 2.90	 1	 -42.4562	  173.0197
2.949	 2.64	 1	 -42.1833	  173.6587
2.950	 3.33	 1	 -42.2209	  173.6482
2.950	 2.18	 1	 -42.2330	  173.7271
2.950	 2.03	 1	 -41.9639	  173.7861
2.950	 2.40	 1	 -42.1220	  173.6263
2.951	 2.10	 2	 -42.4392	  174.0507
2.952	 2.21	 1	 -42.2447	  174.0771
2.952	 2.01	 1	 -42.3975	  173.3467
2.954	 3.24	 1	 -41.5330	  173.6260
2.954	 2.01	 2	 -42.2923	  173.1946
2.954	 2.73	 1	 -41.7646	  174.1940
2.954	 2.25	 1	 -42.1358	  173.5803
2.954	 2.39	 1	 -41.7431	  174.1469
2.955	 3.36	 1	 -41.7470	  174.3408
2.956	 2.50	 2	 -42.0789	  173.8274
2.957	 2.30	 1	 -42.5100	  172.8700
2.957	 2.12	 1	 -41.9905	  173.8709
2.958	 2.12	 2	 -41.7482	  173.5758
2.958	 2.09	 1	 -42.4278	  174.0751
2.959	 2.12	 1	 -42.3487	  173.9196
2.959	 2.31	 2	 -42.3689	  173.4543
2.960	 2.10	 1	 -42.3548	  173.3556
2.961	 2.10	 2	 -42.2021	  173.7059
2.961	 2.33	 1	 -43.0034	  172.9782
2.961	 2.26	 1	 -42.2752	  173.2681
2.962	 2.13	 1	 -42.4695	  173.1939
2.962	 4.44	 1	 -42.6680	  172.9602
2.963	 2.18	 2	 -42.3895	  173.2049
2.963	 2.28	 1	 -42.6978	  172.5993
2.963	 2.94	 1	 -41.8385	  174.2840
2.964	 2.64	 1	 -42.3492	  173.7741
2.964	 2.14	 1	 -41.9507	  173.9841
2.964	 2.04	 1	 -41.6206	  174.4413
2.964	 2.19	 1	 -41.7217	  174.2298
2.964	 5.23	 1	 -42.5326	  173.1049
2.965	 2.25	 1	 -41.7542	  174.3355
2.965	 2.61	 1	 -41.7570	  174.4122
2.966	 2.02	 1	 -41.9257	  173.6521
2.967	 2.46	 1	 -41.8815	  174.1386
2.967	 2.37	 1	 -41.8704	  174.1799
2.967	 2.18	 1	 -41.7752	  174.2379
2.968	 2.26	 1	 -42.5049	  173.2725
2.968	 2.51	 1	 -40.5160	  173.4010
2.969	 2.35	 1	 -42.2955	  174.0316
2.969	 2.16	 1	 -42.2461	  173.8383
2.969	 2.44	 1	 -42.2304	  173.8194
2.969	 2.13	 2	 -42.6350	  173.5087
2.971	 3.26	 1	 -42.5587	  172.9605
2.971	 3.81	 1	 -43.0342	  172.6279
2.971	 2.01	 1	 -42.6602	  172.9545
2.972	 2.50	 1	 -42.1633	  173.6675
2.972	 2.18	 1	 -42.2343	  173.5031
2.972	 2.66	 2	 -42.5442	  173.0515
2.972	 3.20	 1	 -41.1981	  173.1838
2.973	 2.54	 1	 -41.7296	  174.2590
2.973	 2.17	 1	 -42.6440	  172.7963
2.973	 2.10	 1	 -42.0354	  173.6176
2.974	 2.19	 1	 -42.1537	  173.7582
2.975	 2.22	 1	 -41.4334	  174.3842
2.975	 2.13	 1	 -42.5025	  173.1169
2.976	 2.87	 1	 -41.8076	  174.2530
2.976	 2.03	 1	 -41.9216	  173.6784
2.976	 2.02	 2	 -42.3367	  173.8808
2.977	 2.56	 1	 -41.8998	  173.9718
2.978	 2.72	 3	 -42.2006	  175.4455
2.978	 2.14	 2	 -42.6952	  172.9491
2.978	 2.28	 1	 -42.8281	  173.3178
2.979	 3.12	 1	 -41.6943	  174.1418
2.979	 2.30	 1	 -41.8960	  173.7604
2.979	 2.74	 1	 -42.1219	  173.5577
2.979	 2.35	 2	 -41.8037	  174.6748
2.979	 2.40	 2	 -42.7630	  174.1651
2.980	 2.35	 1	 -41.8590	  174.0960
2.981	 2.85	 1	 -41.6882	  174.2767
2.982	 2.69	 1	 -42.2085	  173.6435
2.982	 2.14	 2	 -42.3422	  174.0472
2.982	 2.52	 1	 -41.6899	  174.1994
2.983	 2.91	 1	 -42.5669	  173.9966
2.984	 2.42	 3	 -42.7992	  172.7859
2.985	 2.17	 1	 -41.5309	  170.2239
2.987	 2.40	 2	 -42.5610	  173.0702
2.987	 2.08	 1	 -42.6216	  172.9819
2.988	 2.27	 1	 -42.3698	  174.0722
2.988	 2.24	 1	 -42.9135	  174.7573
2.989	 2.67	 1	 -41.7438	  174.2093
2.990	 2.15	 1	 -42.7412	  173.2229
2.990	 2.31	 1	 -42.9141	  172.7169
2.991	 2.41	 1	 -41.8064	  174.3186
2.992	 2.07	 1	 -42.6734	  173.0467
2.992	 2.14	 1	 -41.7481	  174.3638
2.993	 2.05	 1	 -41.9614	  173.3286
2.994	 2.14	 1	 -42.2172	  173.9578
2.994	 3.83	 1	 -42.3493	  173.0864
2.994	 2.30	 1	 -42.2821	  173.5389
2.994	 2.84	 1	 -42.2929	  173.7107
2.994	 2.26	 2	 -42.4412	  174.2995
2.995	 2.10	 1	 -41.8577	  174.1422
2.995	 2.23	 1	 -42.0434	  173.7202
2.995	 2.13	 2	 -42.2532	  173.9085
2.995	 2.20	 1	 -41.9387	  174.0253
2.995	 2.98	 1	 -41.9778	  172.8279
2.996	 2.05	 1	 -42.4518	  173.5391
2.996	 3.36	 1	 -41.8024	  174.2804
2.996	 2.05	 1	 -42.4988	  173.1635
2.996	 2.06	 1	 -41.8872	  174.2372
2.997	 2.01	 1	 -42.0979	  173.4466
2.998	 2.58	 1	 -41.6631	  174.2848
2.998	 2.31	 1	 -42.2333	  173.6566
2.998	 2.01	 1	 -42.3220	  173.7606
2.998	 2.11	 1	 -42.6067	  173.2736
2.999	 2.26	 2	 -42.3774	  172.8376
2.999	 2.23	 1	 -42.4053	  173.7099
3.000	 2.60	 1	 -42.5284	  173.1062
3.002	 2.94	 2	 -41.0349	  172.1573
3.002	 2.25	 1	 -42.2881	  173.6365
3.002	 2.27	 1	 -42.3377	  173.8727
3.003	 2.28	 1	 -41.7710	  174.2678
3.003	 3.51	 3	 -42.5439	  173.0483
3.004	 2.24	 1	 -42.7300	  172.2415
3.004	 2.84	 2	 -43.0300	  172.6463
3.005	 2.58	 1	 -42.5854	  172.8992
3.005	 2.16	 1	 -42.4679	  173.1113
3.006	 2.06	 1	 -42.0956	  173.4573
3.006	 2.28	 2	 -42.5609	  173.1995
3.006	 2.98	 1	 -42.4101	  173.0058
3.008	 2.54	 1	 -41.7082	  174.2557
3.009	 2.05	 2	 -42.3732	  173.8932
3.009	 2.65	 1	 -41.6855	  174.2499
3.009	 2.92	 1	 -42.9638	  172.3228
3.010	 2.36	 1	 -42.5521	  173.1110
3.010	 2.79	 1	 -42.4338	  173.3308
3.010	 2.34	 2	 -41.2387	  174.2160
3.011	 2.18	 1	 -41.7940	  174.1947
3.011	 2.08	 1	 -41.7806	  174.2564
3.011	 2.22	 1	 -42.4529	  173.1443
3.016	 2.51	 1	 -42.6928	  173.9741
3.016	 2.49	 1	 -42.4322	  173.1931
3.017	 2.12	 1	 -42.0466	  173.6969
3.017	 2.07	 1	 -39.7498	  174.2506
3.017	 3.12	 1	 -42.5319	  172.9590
3.017	 2.10	 1	 -41.7945	  174.1315
3.017	 2.15	 2	 -42.6148	  173.3486
3.018	 2.24	 1	 -42.4608	  173.6555
3.019	 2.34	 1	 -41.7475	  174.3423
3.019	 2.29	 1	 -41.7136	  174.2399
3.020	 2.47	 1	 -43.7767	  172.4526
3.021	 2.10	 1	 -42.2319	  173.3565
3.021	 2.01	 1	 -41.6986	  174.1821
3.022	 2.76	 1	 -42.1656	  173.5891
3.022	 2.06	 1	 -42.1344	  173.5712
3.022	 2.62	 1	 -42.3908	  173.6458
3.022	 3.01	 1	 -42.0042	  173.6001
3.022	 3.31	 1	 -41.9182	  174.4517
3.022	 2.43	 1	 -41.7892	  174.2413
3.022	 2.28	 1	 -42.9305	  173.2743
3.023	 3.33	 1	 -41.6459	  173.7641
3.024	 3.74	 1	 -42.5344	  173.0893
3.024	 2.94	 1	 -42.2258	  173.7177
3.025	 2.26	 2	 -42.7119	  173.5042
3.025	 2.22	 1	 -42.4666	  173.0266
3.026	 2.65	 1	 -42.5851	  172.9457
3.027	 2.02	 1	 -42.2501	  173.6733
3.027	 2.28	 1	 -42.1092	  173.7480
3.028	 2.26	 1	 -41.7304	  174.3888
3.028	 2.27	 1	 -41.9780	  173.7247
3.028	 2.15	 1	 -42.2114	  173.5642
3.028	 2.09	 1	 -42.3692	  173.8190
3.029	 2.01	 1	 -42.2302	  173.2742
3.029	 2.33	 1	 -42.6083	  172.8499
3.030	 2.22	 1	 -42.1261	  174.0744
3.030	 2.09	 1	 -42.1506	  173.9068
3.031	 2.18	 1	 -40.7584	  171.1653
3.031	 2.04	 1	 -41.7643	  173.5556
3.031	 2.08	 1	 -42.7125	  172.9056
3.031	 2.38	 1	 -42.3533	  173.1002
3.032	 2.20	 1	 -42.5346	  173.7654
3.034	 2.07	 1	 -42.2093	  173.6696
3.034	 2.16	 1	 -38.9742	  176.4622
3.034	 2.82	 2	 -42.5708	  173.0972
3.034	 2.23	 1	 -41.7529	  174.2555
3.034	 2.55	 1	 -42.0305	  174.1574
3.035	 2.45	 1	 -42.2825	  173.8665
3.035	 2.40	 1	 -41.8303	  174.4404
3.035	 2.05	 1	 -42.7446	  173.9107
3.036	 2.32	 1	 -42.1080	  173.3806
3.036	 2.20	 1	 -42.5058	  174.7157
3.036	 2.50	 1	 -42.2682	  173.6924
3.036	 3.19	 1	 -41.9813	  173.7531
3.036	 2.87	 1	 -42.2733	  174.0082
3.037	 2.14	 1	 -42.1609	  173.7786
3.037	 2.11	 1	 -41.9564	  173.9757
3.037	 2.20	 1	 -42.4309	  174.4329
3.037	 2.11	 1	 -40.4656	  176.2097
3.038	 2.11	 1	 -42.4009	  173.0520
3.038	 2.30	 1	 -41.9983	  173.7131
3.038	 2.06	 2	 -42.2289	  173.5954
3.038	 2.26	 1	 -41.9165	  173.9900
3.039	 2.21	 1	 -42.2265	  173.5712
3.039	 2.43	 1	 -41.8709	  173.4901
3.040	 2.25	 1	 -41.9248	  174.0341
3.040	 2.70	 2	 -42.1701	  173.5150
3.041	 4.97	 1	 -42.0159	  173.6803
3.041	 2.15	 1	 -37.4200	  175.8060
3.043	 2.78	 1	 -41.8245	  174.0315
3.043	 2.07	 1	 -41.6973	  174.2667
3.043	 2.03	 2	 -41.7757	  174.2964
3.045	 2.56	 2	 -42.6613	  173.1060
3.045	 3.04	 1	 -42.3941	  173.9117
3.045	 3.33	 1	 -42.7272	  173.1819
3.046	 2.25	 1	 -42.3590	  173.8927
3.047	 2.42	 1	 -42.6235	  173.7663
3.047	 2.90	 1	 -42.3261	  173.0883
3.047	 3.51	 1	 -41.8446	  174.2611
3.048	 3.22	 1	 -42.3456	  173.4967
3.048	 3.42	 2	 -42.5818	  172.8282
3.048	 2.20	 2	 -42.0295	  173.6853
3.049	 2.39	 1	 -41.7104	  174.3049
3.049	 3.29	 1	 -42.5609	  173.3356
3.049	 2.01	 2	 -42.5212	  173.2867
3.049	 2.11	 1	 -41.7698	  174.1447
3.049	 2.70	 1	 -40.1547	  174.2490
3.050	 2.13	 1	 -42.3703	  173.9997
3.050	 2.25	 1	 -42.4424	  173.1789
3.051	 2.34	 1	 -42.4852	  174.0824
3.052	 2.13	 2	 -42.3949	  173.5155
3.053	 2.24	 1	 -41.6895	  174.3595
3.053	 2.06	 2	 -42.3188	  173.9184
3.054	 2.52	 1	 -42.0522	  173.7825
3.054	 2.26	 1	 -42.1055	  173.8486
3.055	 2.18	 1	 -41.8962	  174.1316
3.055	 2.33	 2	 -41.7572	  174.2841
3.056	 2.42	 2	 -42.5570	  172.9622
3.057	 3.49	 1	 -42.3614	  173.9979
3.057	 2.17	 1	 -42.2073	  173.6711
3.058	 2.65	 1	 -42.5807	  173.1307
3.058	 3.11	 1	 -41.6185	  174.1154
3.058	 2.62	 1	 -41.7311	  174.1998
3.059	 2.77	 1	 -41.4514	  173.6975
3.060	 2.23	 1	 -42.3711	  173.7660
3.060	 2.23	 1	 -41.8307	  174.3947
3.060	 2.84	 2	 -42.6716	  172.9438
3.061	 2.24	 2	 -41.7744	  174.3377
3.061	 2.09	 1	 -42.3702	  173.9435
3.061	 2.01	 1	 -42.0203	  173.8665
3.063	 2.86	 1	 -41.8288	  174.3791
3.063	 2.32	 1	 -41.7093	  174.1480
3.064	 2.26	 1	 -42.3905	  174.3676
3.065	 2.04	 1	 -42.2813	  173.6506
3.065	 2.29	 2	 -42.6161	  173.4994
3.065	 2.06	 1	 -42.3521	  173.6797
3.066	 2.02	 1	 -42.3864	  173.6516
3.066	 2.19	 2	 -42.5008	  173.0695
3.067	 2.01	 1	 -41.8039	  174.3062
3.067	 2.26	 1	 -42.3577	  174.1123
3.068	 2.24	 1	 -42.3774	  173.0536
3.068	 3.67	 1	 -42.6466	  172.9617
3.068	 2.63	 1	 -40.7128	  173.9887
3.068	 2.06	 1	 -42.5931	  174.0039
3.069	 2.04	 1	 -42.3253	  173.9911
3.072	 2.34	 1	 -42.1543	  173.5969
3.072	 2.33	 1	 -42.6667	  172.6996
3.072	 3.03	 1	 -41.7345	  174.3444
3.073	 2.14	 1	 -42.4375	  173.4943
3.074	 2.55	 1	 -41.8124	  174.3841
3.074	 2.06	 1	 -42.8685	  172.4285
3.075	 2.81	 1	 -42.2669	  173.6944
3.075	 2.85	 1	 -42.2467	  173.6840
3.075	 2.47	 1	 -42.3582	  173.9289
3.075	 2.10	 1	 -41.7051	  174.3515
3.076	 3.37	 1	 -42.2648	  173.3048
3.076	 2.41	 1	 -41.8337	  174.1814
3.076	 2.02	 2	 -42.2970	  173.6441
3.077	 2.77	 1	 -42.3870	  173.7963
3.077	 2.20	 1	 -42.4383	  173.6445
3.078	 2.36	 1	 -41.7270	  174.1474
3.078	 2.24	 1	 -42.4616	  174.0158
3.079	 2.17	 1	 -42.6016	  172.6829
3.080	 2.51	 1	 -41.8000	  174.2572
3.081	 2.24	 2	 -41.8808	  174.0828
3.081	 2.40	 1	 -46.4482	  174.2289
3.082	 2.33	 2	 -42.5721	  172.8109
3.083	 2.95	 2	 -41.9956	  173.6201
3.083	 2.27	 1	 -42.2658	  173.6196
3.083	 2.29	 1	 -42.0042	  173.6894
3.083	 2.17	 1	 -42.3509	  173.1369
3.084	 2.26	 1	 -42.6923	  173.0330
3.084	 2.54	 1	 -42.0607	  173.7073
3.085	 2.15	 2	 -42.3890	  173.6463
3.086	 2.25	 1	 -42.1600	  173.6857
3.087	 2.08	 2	 -42.2047	  173.7895
3.090	 2.88	 1	 -42.2687	  173.5524
3.092	 2.47	 2	 -42.0734	  174.0970
3.092	 2.09	 1	 -42.8243	  172.9697
3.093	 2.44	 1	 -42.2730	  173.4532
3.093	 2.19	 2	 -41.6066	  174.2308
3.095	 3.78	 1	 -40.2439	  171.0621
3.095	 2.04	 1	 -41.9400	  173.8200
3.096	 2.09	 1	 -41.8750	  174.3167
3.096	 3.09	 2	 -42.4160	  173.1605
3.096	 2.37	 1	 -42.2692	  173.5836
3.097	 2.05	 1	 -41.5517	  174.2976
3.097	 2.10	 1	 -41.4724	  173.8872
3.097	 2.01	 1	 -41.5744	  174.0241
3.097	 2.78	 1	 -42.2192	  174.3249
3.098	 2.14	 2	 -42.4101	  173.4475
3.098	 2.26	 2	 -42.7711	  172.7654
3.099	 2.17	 1	 -42.5905	  173.5865
3.100	 2.25	 2	 -41.7054	  174.3651
3.101	 2.05	 2	 -42.2641	  173.6951
3.101	 3.31	 1	 -42.3526	  173.3870
3.103	 2.27	 1	 -42.2359	  173.6289
3.103	 2.37	 2	 -42.3752	  174.0080
3.104	 2.29	 1	 -42.9656	  172.2728
3.105	 2.92	 2	 -42.3891	  173.9284
3.105	 2.55	 1	 -42.4414	  172.6336
3.105	 2.69	 1	 -42.4425	  173.8058
3.106	 2.68	 1	 -42.2201	  173.9512
3.107	 2.32	 1	 -41.5500	  173.7784
3.107	 2.49	 1	 -42.1989	  173.6152
3.107	 3.75	 1	 -42.5793	  173.8996
3.107	 3.00	 1	 -42.4721	  173.1379
3.107	 2.14	 1	 -41.6148	  173.6703
3.107	 2.50	 1	 -42.4297	  173.3872
3.107	 2.47	 1	 -41.7099	  174.2931
3.107	 3.95	 1	 -41.6981	  174.2535
3.107	 2.13	 1	 -41.8164	  174.1369
3.108	 2.10	 1	 -42.5816	  174.0663
3.109	 2.55	 1	 -42.3977	  173.3400
3.109	 2.07	 2	 -42.0145	  173.6820
3.109	 2.19	 1	 -42.8614	  172.8659
3.111	 2.73	 1	 -42.3099	  173.4911
3.111	 2.38	 2	 -42.4240	  173.5192
3.111	 2.58	 1	 -42.1777	  173.8733
3.112	 2.12	 1	 -42.2664	  173.6385
3.112	 3.49	 1	 -41.5752	  174.3195
3.114	 3.24	 1	 -41.7286	  174.2981
3.114	 2.03	 1	 -42.4218	  173.1610
3.114	 2.31	 1	 -42.2576	  173.5365
3.115	 2.69	 1	 -41.9446	  173.6061
3.115	 2.45	 1	 -41.6975	  174.4251
3.116	 2.56	 1	 -41.9649	  174.6108
3.116	 2.09	 1	 -42.1334	  173.3341
3.116	 2.33	 1	 -42.4052	  174.0640
3.117	 2.10	 1	 -42.5093	  173.0882
3.118	 2.48	 1	 -41.8004	  174.3736
3.119	 2.92	 1	 -42.6194	  173.0620
3.119	 2.80	 1	 -41.1138	  174.3600
3.120	 2.23	 1	 -41.6755	  174.1631
3.120	 3.09	 1	 -43.6849	  172.7447
3.120	 2.68	 1	 -41.7481	  174.3661
3.121	 2.18	 1	 -42.5774	  172.8349
3.121	 2.02	 1	 -42.3168	  174.0801
3.121	 2.41	 1	 -41.6835	  174.2596
3.122	 2.01	 2	 -42.4919	  173.0961
3.123	 2.58	 1	 -42.4274	  173.7781
3.124	 3.04	 2	 -42.1286	  173.5740
3.125	 2.26	 1	 -41.9335	  174.2557
3.125	 2.11	 1	 -41.7674	  174.2867
3.125	 2.30	 2	 -41.9338	  174.0802
3.125	 2.42	 1	 -42.4218	  173.1952
3.127	 2.23	 1	 -41.9094	  173.9068
3.129	 2.08	 1	 -41.4636	  172.2339
3.130	 2.11	 1	 -42.2768	  173.5648
3.133	 2.23	 1	 -42.4905	  173.3255
3.133	 2.61	 1	 -42.3239	  173.7281
3.133	 2.33	 2	 -42.2908	  173.9337
3.134	 2.55	 2	 -42.5446	  173.1418
3.135	 2.21	 1	 -42.2033	  173.8449
3.136	 2.11	 1	 -45.2743	  169.1820
3.137	 2.23	 1	 -42.5880	  172.7168
3.138	 2.15	 1	 -42.1893	  173.5325
3.138	 2.15	 1	 -42.3955	  173.5647
3.139	 3.08	 1	 -41.9150	  173.9809
3.139	 2.35	 1	 -42.3170	  173.9031
3.139	 2.02	 1	 -42.4003	  173.7778
3.140	 2.12	 1	 -41.7170	  174.2417
3.140	 3.64	 1	 -41.8809	  174.3553
3.141	 2.04	 2	 -42.5750	  172.8179
3.142	 2.36	 1	 -42.3832	  173.9751
3.142	 2.16	 1	 -43.4187	  172.9029
3.142	 2.25	 2	 -42.2039	  173.3542
3.143	 2.11	 1	 -42.9119	  174.2121
3.143	 2.33	 1	 -42.4207	  173.1816
3.143	 2.83	 1	 -41.8119	  174.3425
3.143	 2.16	 3	 -42.2335	  173.7114
3.144	 2.27	 1	 -42.1603	  173.7480
3.145	 2.20	 1	 -42.4189	  173.8945
3.147	 2.06	 1	 -42.5795	  173.0865
3.148	 2.47	 2	 -42.3431	  173.1846
3.149	 2.77	 1	 -42.0626	  173.6944
3.149	 2.03	 1	 -42.3411	  173.5860
3.151	 2.25	 1	 -42.5426	  173.1423
3.151	 2.13	 1	 -42.0519	  173.7489
3.153	 2.38	 1	 -42.0926	  173.0026
3.153	 2.01	 1	 -42.7877	  173.0210
3.154	 2.21	 1	 -41.6831	  174.3379
3.154	 2.20	 2	 -41.9690	  173.8799
3.156	 3.27	 1	 -42.5348	  173.4080
3.157	 2.99	 2	 -41.6950	  174.2676
3.157	 2.22	 2	 -42.2467	  173.6885
3.157	 2.03	 1	 -41.8953	  174.1615
3.157	 2.04	 1	 -41.7316	  174.2083
3.157	 2.48	 1	 -42.5198	  173.4801
3.158	 2.66	 1	 -42.6533	  173.1378
3.160	 2.69	 1	 -43.2139	  172.7849
3.161	 2.04	 1	 -42.5952	  173.8010
3.162	 2.99	 1	 -42.3834	  173.3692
3.164	 2.13	 1	 -42.2671	  174.1293
3.164	 2.20	 1	 -41.9207	  174.0985
3.165	 3.05	 1	 -41.6294	  174.2780
3.165	 2.35	 1	 -42.4204	  174.0142
3.166	 2.01	 1	 -41.7361	  174.2474
3.167	 2.24	 1	 -42.0614	  173.8828
3.169	 2.03	 1	 -42.3476	  172.9726
3.170	 2.09	 1	 -42.6499	  172.6985
3.171	 2.21	 1	 -42.0659	  174.5699
3.173	 2.36	 1	 -42.5533	  173.4262
3.173	 2.54	 1	 -42.4229	  173.5961
3.173	 2.49	 1	 -42.7656	  172.7889
3.174	 2.21	 1	 -41.6892	  174.3067
3.175	 2.34	 1	 -40.6743	  174.0143
3.176	 2.46	 1	 -42.5697	  173.0871
3.177	 2.11	 2	 -42.5079	  173.1067
3.178	 2.89	 1	 -42.6653	  173.0583
3.179	 3.08	 2	 -42.5422	  173.0692
3.180	 2.32	 1	 -42.3621	  173.6869
3.180	 2.11	 1	 -44.2194	  178.8097
3.181	 2.32	 1	 -41.6697	  174.2380
3.181	 3.42	 2	 -42.5856	  173.5233
3.181	 2.31	 1	 -42.4115	  173.8297
3.181	 2.19	 1	 -41.8766	  174.1420
3.182	 2.03	 2	 -42.3104	  173.8162
3.183	 2.51	 2	 -41.6833	  173.7049
3.183	 2.14	 1	 -41.7136	  174.3370
3.187	 2.08	 2	 -41.9976	  173.7592
3.188	 2.04	 2	 -41.7220	  174.2698
3.188	 2.36	 1	 -42.2301	  173.2199
3.188	 2.87	 2	 -42.4048	  174.3992
3.189	 2.76	 1	 -42.6460	  172.9641
3.189	 2.19	 1	 -41.7195	  174.3669
3.190	 2.81	 2	 -42.1572	  173.7421
3.190	 2.01	 2	 -41.7316	  174.3484
3.191	 3.14	 1	 -41.7456	  174.2753
3.191	 3.75	 2	 -42.5831	  173.8711
3.191	 2.07	 1	 -43.8790	  172.4377
3.192	 2.45	 1	 -41.6896	  174.2972
3.192	 3.34	 1	 -41.9606	  174.3788
3.193	 2.10	 1	 -42.3578	  173.2253
3.193	 2.26	 1	 -42.3316	  173.1272
3.193	 2.01	 1	 -42.4159	  173.5662
3.194	 2.41	 1	 -42.3988	  172.8772
3.194	 2.00	 1	 -42.1775	  173.8449
3.195	 4.40	 1	 -42.7209	  172.6184
3.195	 3.01	 1	 -42.2598	  173.8702
3.196	 2.05	 1	 -41.5608	  174.3888
3.197	 2.23	 1	 -42.3688	  173.0945
3.197	 2.73	 1	 -42.3371	  173.5900
3.197	 2.03	 1	 -42.1513	  173.6505
3.197	 2.08	 1	 -42.5946	  173.4532
3.198	 2.14	 1	 -41.8056	  173.9688
3.198	 2.10	 1	 -41.9130	  173.8699
3.198	 2.09	 1	 -41.9445	  174.0313
3.199	 3.96	 1	 -42.3642	  173.8740
3.200	 2.58	 1	 -42.4685	  173.7223
3.200	 2.25	 1	 -41.7052	  174.3887
3.200	 2.56	 2	 -42.1244	  173.7966
3.201	 2.01	 2	 -42.6764	  172.8874
3.201	 2.03	 2	 -41.7023	  173.1457
3.201	 2.38	 1	 -42.1543	  174.2712
3.201	 2.10	 2	 -42.4224	  173.8179
3.202	 3.61	 1	 -42.3333	  172.9584
3.202	 2.16	 2	 -42.5916	  173.4889
3.202	 2.21	 1	 -42.2952	  173.6171
3.202	 2.52	 1	 -42.5145	  173.0393
3.204	 2.61	 1	 -42.2902	  173.5653
3.204	 2.32	 1	 -41.8898	  175.7867
3.204	 2.17	 1	 -42.6935	  172.6135
3.204	 2.51	 1	 -42.6664	  172.8781
3.205	 2.83	 1	 -42.0101	  173.5793
3.206	 2.10	 1	 -42.2032	  173.5723
3.207	 2.12	 1	 -42.8174	  173.3007
3.207	 2.15	 1	 -41.5559	  174.3913
3.208	 2.50	 1	 -41.7588	  174.2163
3.208	 2.47	 1	 -42.3137	  173.6178
3.208	 2.10	 2	 -42.0725	  173.6323
3.208	 2.12	 1	 -42.2771	  173.8134
3.209	 2.09	 1	 -42.3736	  173.3965
3.209	 2.37	 1	 -42.3853	  173.6258
3.211	 2.20	 2	 -42.5757	  173.8787
3.211	 2.28	 1	 -41.5335	  174.1284
3.211	 2.02	 2	 -42.0419	  173.8471
3.212	 2.03	 1	 -42.2569	  173.9424
3.212	 2.40	 1	 -41.7007	  174.3275
3.213	 2.01	 1	 -42.2254	  173.6443
3.214	 2.15	 1	 -41.9804	  174.1378
3.214	 2.06	 1	 -42.6260	  173.2990
3.214	 2.07	 1	 -41.9848	  173.3617
3.214	 2.61	 1	 -42.0121	  173.7328
3.214	 2.44	 2	 -41.7022	  173.1174
3.214	 2.26	 1	 -42.2930	  173.9169
3.215	 2.51	 1	 -42.2408	  173.6937
3.215	 2.31	 1	 -40.9365	  171.8796
3.216	 2.04	 1	 -42.3918	  173.9382
3.216	 2.24	 1	 -42.2353	  173.7817
3.216	 2.08	 1	 -41.8118	  174.1610
3.217	 2.36	 1	 -42.8391	  173.1778
3.217	 2.05	 1	 -42.2161	  173.5637
3.218	 3.17	 1	 -40.8491	  174.4859
3.219	 2.29	 1	 -43.4823	  172.3102
3.219	 2.67	 1	 -41.5544	  174.3797
3.219	 2.40	 1	 -42.1874	  173.9984
3.219	 2.05	 1	 -41.7197	  174.1765
3.219	 3.32	 2	 -41.6365	  174.3124
3.220	 2.28	 2	 -42.5100	  174.2057
3.221	 2.51	 1	 -41.7799	  174.2761
3.221	 2.59	 1	 -42.0850	  173.4572
3.221	 2.91	 1	 -41.9532	  173.6703
3.221	 2.67	 1	 -42.5862	  173.0001
3.221	 2.01	 1	 -42.1640	  173.8566
3.222	 2.39	 1	 -42.3896	  173.3743
3.222	 2.22	 1	 -42.3829	  173.5443
3.223	 2.15	 1	 -42.3449	  174.0364
3.223	 2.02	 2	 -45.6159	  177.4833
3.223	 2.23	 1	 -41.7630	  174.2855
3.223	 2.26	 1	 -41.9283	  174.1067
3.224	 2.86	 1	 -42.2226	  173.6812
3.226	 2.08	 2	 -41.6251	  174.3156
3.226	 2.99	 1	 -42.1192	  174.2906
3.226	 2.02	 1	 -42.4073	  173.3354
3.227	 2.47	 1	 -42.3907	  173.1366
3.228	 2.04	 1	 -41.8203	  174.2545
3.229	 3.63	 1	 -41.6247	  174.7099
3.230	 2.78	 1	 -42.2029	  173.4392
3.230	 2.12	 1	 -41.3751	  173.3375
3.230	 4.32	 1	 -42.2985	  173.9033
3.230	 2.06	 1	 -42.5928	  173.1012
3.231	 2.15	 1	 -41.8753	  173.8418
3.231	 2.38	 2	 -42.4315	  174.4323
3.231	 2.71	 1	 -42.2742	  174.0549
3.232	 2.10	 1	 -42.3485	  173.1194
3.233	 2.01	 1	 -42.0861	  173.7689
3.233	 2.09	 2	 -41.8304	  174.2935
3.234	 2.87	 1	 -42.4450	  173.1836
3.234	 3.32	 1	 -42.4103	  173.3976
3.235	 2.25	 1	 -41.6809	  174.1796
3.235	 2.33	 1	 -42.2080	  174.1871
3.235	 2.09	 1	 -41.7220	  174.2689
3.236	 2.08	 1	 -41.7381	  174.2220
3.236	 2.07	 1	 -42.3342	  173.8189
3.237	 2.34	 2	 -42.6642	  173.4153
3.237	 2.60	 2	 -42.5325	  173.0117
3.238	 2.12	 2	 -42.2351	  173.5697
3.239	 2.42	 1	 -41.9442	  173.7927
3.239	 2.09	 2	 -42.1428	  173.8331
3.240	 2.04	 1	 -42.2460	  173.8087
3.240	 2.40	 1	 -42.2067	  173.7281
3.240	 2.74	 1	 -42.2511	  173.5307
3.240	 2.72	 1	 -42.6432	  173.2380
3.241	 2.65	 1	 -42.5336	  173.1195
3.242	 2.07	 1	 -42.0155	  173.4133
3.242	 2.24	 1	 -42.4286	  173.3798
3.243	 2.79	 2	 -41.9838	  173.6481
3.243	 2.08	 2	 -42.5845	  173.9234
3.244	 2.35	 2	 -41.9595	  173.8471
3.245	 2.17	 1	 -42.5745	  173.0802
3.245	 2.31	 2	 -42.1854	  173.7161
3.245	 2.22	 1	 -41.6936	  174.2497
3.245	 2.19	 2	 -42.2201	  173.6444
3.245	 2.57	 1	 -41.8909	  173.9960
3.246	 3.44	 2	 -43.1171	  171.8468
3.246	 2.05	 1	 -42.4195	  173.3216
3.246	 2.08	 1	 -41.5703	  174.2993
3.247	 2.09	 2	 -41.6566	  174.3680
3.248	 2.13	 1	 -41.7784	  173.4559
3.248	 2.45	 2	 -42.3652	  173.1555
3.248	 2.39	 1	 -39.2571	  172.8493
3.249	 2.00	 1	 -41.8132	  174.2117
3.250	 2.10	 3	 -42.4517	  173.8614
3.251	 2.49	 2	 -42.1198	  173.8925
3.253	 2.17	 2	 -42.5297	  174.1955
3.253	 2.80	 1	 -41.7602	  174.2666
3.254	 2.98	 2	 -42.2816	  173.2482
3.254	 2.27	 1	 -41.6434	  174.0112
3.255	 2.29	 2	 -46.1497	  172.7101
3.255	 2.19	 1	 -42.4395	  173.1945
3.255	 3.39	 1	 -42.3977	  173.5487
3.255	 2.51	 1	 -42.3910	  173.9478
3.256	 3.30	 1	 -42.1416	  173.0295
3.256	 2.14	 1	 -41.6717	  174.2764
3.256	 2.29	 2	 -42.4451	  174.3531
3.256	 2.28	 2	 -41.8107	  174.1298
3.257	 2.51	 1	 -41.7018	  174.1349
3.257	 2.07	 1	 -42.2477	  173.7934
3.257	 2.39	 1	 -42.3694	  172.8860
3.258	 2.27	 1	 -42.5088	  173.9721
3.260	 2.28	 1	 -42.5918	  174.5938
3.262	 3.08	 1	 -42.1968	  173.7918
3.263	 2.37	 1	 -42.2065	  173.5994
3.264	 2.24	 1	 -42.2609	  173.0740
3.264	 2.39	 1	 -42.4034	  173.7917
3.267	 2.26	 1	 -42.4124	  174.0440
3.267	 2.45	 1	 -42.3745	  174.0261
3.267	 2.20	 2	 -42.4656	  173.6704
3.268	 2.26	 1	 -42.0407	  173.7819
3.268	 2.28	 1	 -42.4387	  173.0730
3.268	 2.28	 1	 -41.5636	  173.9796
3.269	 2.09	 1	 -42.3545	  174.0834
3.270	 2.12	 1	 -42.4518	  173.3441
3.270	 2.05	 1	 -42.4501	  173.1971
3.271	 2.56	 1	 -41.6634	  174.2057
3.271	 2.38	 1	 -42.2225	  173.6686
3.272	 2.79	 1	 -41.9037	  174.2311
3.275	 2.56	 1	 -42.0991	  174.5177
3.276	 2.46	 2	 -41.6782	  174.1775
3.276	 2.42	 2	 -42.2891	  173.9971
3.276	 2.22	 2	 -42.7324	  173.5243
3.276	 2.02	 3	 -41.6381	  173.8470
3.277	 2.02	 1	 -42.2668	  173.6938
3.277	 2.20	 1	 -42.5154	  173.1417
3.277	 2.05	 1	 -41.3320	  174.4499
3.279	 2.00	 3	 -42.5832	  173.8630
3.279	 2.66	 1	 -42.3453	  174.0976
3.279	 2.26	 1	 -41.7786	  174.2820
3.281	 2.17	 2	 -42.2016	  173.6943
3.281	 2.65	 1	 -41.2496	  178.3850
3.281	 2.98	 2	 -41.7041	  174.2060
3.282	 2.00	 1	 -42.0446	  173.5470
3.282	 2.22	 1	 -42.4868	  173.7788
3.282	 2.22	 1	 -42.7547	  173.4128
3.283	 2.49	 1	 -42.6638	  173.3209
3.284	 2.30	 2	 -42.1428	  173.8675
3.284	 2.52	 1	 -45.6948	  177.0865
3.284	 2.42	 1	 -41.6664	  174.2697
3.285	 2.17	 1	 -41.6820	  174.2045
3.285	 2.01	 1	 -42.4828	  174.4998
3.286	 2.17	 1	 -42.1001	  174.2277
3.286	 2.12	 1	 -42.4417	  173.7834
3.287	 2.11	 2	 -42.4502	  173.6396
3.287	 2.06	 1	 -41.8981	  173.9324
3.288	 2.06	 1	 -41.8310	  174.2654
3.288	 2.22	 1	 -41.9730	  173.9000
3.288	 2.20	 1	 -42.1924	  172.7974
3.289	 2.08	 1	 -42.3860	  173.4676
3.289	 2.82	 2	 -42.5151	  173.1812
3.289	 2.08	 1	 -41.7101	  174.1306
3.289	 2.15	 1	 -42.2698	  173.6802
3.290	 2.15	 1	 -42.1279	  173.6102
3.290	 2.19	 1	 -42.2416	  173.6263
3.290	 2.63	 1	 -42.0629	  173.9049
3.291	 2.40	 2	 -42.2591	  173.6585
3.291	 4.06	 1	 -42.4385	  173.9919
3.292	 2.58	 3	 -42.5777	  172.8338
3.293	 2.10	 1	 -42.2865	  173.7206
3.294	 2.01	 2	 -42.2998	  173.3677
3.294	 2.49	 1	 -42.5962	  173.2379
3.295	 2.79	 1	 -42.5159	  172.4930
3.295	 2.55	 1	 -42.9722	  171.3852
3.297	 2.06	 1	 -42.0112	  173.8725
3.297	 2.49	 1	 -43.0243	  173.1425
3.297	 2.27	 2	 -42.7317	  172.6295
3.298	 2.61	 1	 -41.6824	  174.2905
3.299	 2.22	 1	 -42.7168	  172.8217
3.300	 2.53	 1	 -42.1682	  174.1739
3.300	 2.93	 1	 -41.6890	  174.3473
3.300	 2.91	 1	 -43.1017	  176.5069
3.301	 2.17	 2	 -42.1961	  173.8224
3.301	 2.15	 1	 -41.6059	  174.4170
3.302	 2.27	 1	 -42.4624	  172.9661
3.302	 2.01	 2	 -42.4592	  174.3425
3.302	 2.15	 2	 -41.5691	  174.3224
3.303	 2.17	 1	 -42.4045	  172.5825
3.304	 2.14	 1	 -41.6868	  174.4749
3.304	 2.25	 3	 -42.7932	  174.2703
3.304	 2.24	 1	 -41.7720	  174.2393
3.305	 2.16	 2	 -42.0424	  173.6841
3.305	 2.16	 1	 -41.7076	  174.2490
3.305	 2.56	 1	 -42.1040	  172.8814
3.306	 2.07	 1	 -41.8063	  174.2982
3.307	 2.06	 1	 -41.8273	  174.1102
3.307	 2.25	 1	 -43.3542	  174.4938
3.308	 2.20	 2	 -43.2394	  172.4990
3.309	 2.29	 1	 -42.1785	  173.1444
3.309	 2.13	 1	 -45.7479	  177.0914
3.310	 2.06	 1	 -42.6098	  172.9899
3.310	 2.43	 1	 -42.6951	  172.7508
3.311	 2.12	 3	 -42.3263	  174.0065
3.311	 2.41	 1	 -42.2523	  174.1723
3.311	 2.86	 1	 -41.7216	  174.1848
3.312	 2.29	 1	 -42.2351	  174.1042
3.312	 2.08	 1	 -41.7516	  174.3605
3.313	 2.07	 1	 -42.0190	  173.7471
3.314	 3.01	 1	 -41.8326	  173.6665
3.314	 2.32	 1	 -42.1720	  174.4380
3.314	 2.04	 2	 -42.4577	  172.6688
3.315	 3.72	 1	 -42.2618	  172.8188
3.315	 2.47	 1	 -42.6038	  172.8987
3.315	 2.43	 2	 -42.5046	  173.1679
3.315	 2.04	 2	 -41.7144	  173.1136
3.315	 2.87	 2	 -42.1423	  173.0293
3.315	 3.07	 3	 -42.5611	  173.0558
3.315	 2.08	 1	 -42.4049	  173.0160
3.315	 3.23	 1	 -43.0943	  173.0417
3.316	 2.56	 1	 -42.4346	  173.5404
3.316	 2.02	 2	 -42.4578	  173.2430
3.317	 2.41	 2	 -42.2551	  173.2216
3.317	 2.45	 1	 -42.4204	  172.9794
3.318	 2.34	 1	 -42.5906	  173.1310
3.320	 2.19	 1	 -41.8130	  174.7308
3.322	 2.18	 1	 -42.1434	  173.6601
3.323	 3.15	 1	 -42.5309	  173.0602
3.323	 2.45	 2	 -42.2540	  173.7345
3.324	 2.49	 1	 -42.5205	  173.2114
3.324	 2.11	 2	 -42.6164	  174.5893
3.325	 2.20	 1	 -42.4238	  173.8182
3.326	 3.72	 1	 -42.3590	  173.5155
3.327	 2.06	 1	 -41.6888	  174.1234
3.328	 2.03	 2	 -41.7029	  174.7907
3.329	 2.30	 2	 -42.8062	  172.6345
3.330	 2.19	 1	 -41.8061	  174.2764
3.331	 2.01	 1	 -42.1615	  173.5969
3.331	 2.18	 1	 -42.4052	  173.1683
3.332	 3.45	 1	 -42.4463	  173.7305
3.332	 2.31	 1	 -42.5583	  173.2014
3.332	 2.10	 1	 -42.0781	  173.7914
3.332	 2.06	 1	 -42.2167	  173.6053
3.333	 2.13	 1	 -41.0356	  176.5789
3.333	 2.39	 1	 -42.7307	  173.0721
3.333	 2.42	 1	 -41.8627	  174.0298
3.333	 2.26	 1	 -42.4057	  173.7630
3.334	 2.23	 1	 -42.2558	  173.6504
3.334	 3.04	 1	 -40.9611	  175.7159
3.334	 2.19	 1	 -41.7464	  174.3673
3.334	 2.29	 1	 -42.8288	  172.5229
3.335	 2.16	 1	 -41.9874	  175.8711
3.336	 2.01	 2	 -42.3272	  173.1782
3.336	 2.72	 1	 -42.2311	  173.6220
3.337	 2.07	 1	 -42.2444	  173.7790
3.337	 2.46	 1	 -42.2639	  173.8280
3.339	 2.54	 2	 -42.4825	  174.6665
3.339	 2.61	 1	 -42.1500	  173.4768
3.339	 2.40	 2	 -41.6585	  174.3488
3.340	 2.24	 1	 -42.0808	  173.0926
3.340	 2.79	 1	 -42.2974	  173.6971
3.340	 2.49	 1	 -42.3941	  172.4748
3.341	 2.25	 1	 -42.0646	  173.7460
3.341	 2.01	 1	 -41.7096	  174.3093
3.341	 2.24	 1	 -42.4838	  173.0002
3.342	 2.34	 1	 -42.2138	  173.5070
3.344	 2.00	 1	 -41.7903	  174.0815
3.344	 2.10	 1	 -41.7285	  174.3705
3.345	 2.97	 1	 -41.7469	  174.3430
3.345	 2.02	 1	 -41.7100	  174.2492
3.347	 2.22	 1	 -42.3921	  173.2680
3.347	 2.21	 1	 -42.2175	  173.8414
3.347	 2.15	 1	 -42.1546	  173.7729
3.347	 2.70	 1	 -41.8624	  173.9999
3.347	 3.20	 2	 -42.5345	  173.0986
3.348	 2.55	 1	 -41.9541	  174.2083
3.349	 2.88	 2	 -42.6271	  173.4736
3.351	 2.72	 1	 -42.5545	  173.2583
3.352	 2.10	 1	 -42.4046	  172.4490
3.353	 2.11	 2	 -42.7579	  172.7013
3.353	 2.40	 2	 -42.3910	  173.6527
3.354	 2.04	 1	 -42.4047	  174.0080
3.354	 2.27	 1	 -42.3708	  173.7060
3.355	 2.52	 1	 -42.0414	  173.7821
3.355	 3.23	 1	 -41.7835	  174.1584
3.357	 2.55	 2	 -41.8517	  173.2180
3.358	 2.61	 1	 -42.5537	  173.1352
3.358	 2.05	 1	 -41.9351	  173.6666
3.358	 2.26	 1	 -41.7781	  174.1935
3.359	 2.24	 1	 -42.5228	  173.3525
3.359	 4.16	 1	 -41.7618	  174.1627
3.359	 2.57	 1	 -42.2309	  173.7500
3.360	 2.21	 1	 -44.2953	  173.5467
3.361	 2.94	 1	 -42.0186	  174.6750
3.361	 2.52	 2	 -46.8294	  174.5880
3.361	 2.41	 1	 -41.7295	  174.2078
3.361	 2.39	 2	 -42.7313	  172.7537
3.361	 2.75	 1	 -42.4783	  173.1676
3.362	 2.87	 1	 -41.7985	  173.7139
3.362	 2.56	 1	 -42.2549	  173.7110
3.362	 2.15	 1	 -41.7786	  174.2869
3.362	 2.57	 1	 -42.3546	  174.0091
3.362	 3.07	 1	 -42.6125	  172.8468
3.362	 3.23	 1	 -42.5172	  173.0981
3.363	 2.01	 2	 -42.2701	  172.8138
3.364	 2.27	 1	 -42.5331	  173.1789
3.364	 3.00	 1	 -41.7877	  174.2190
3.364	 2.20	 2	 -42.4355	  173.1174
3.364	 2.39	 1	 -42.6071	  174.0389
3.365	 2.38	 2	 -41.8065	  174.1664
3.365	 3.04	 1	 -41.7593	  174.4348
3.365	 2.25	 1	 -42.2897	  173.6224
3.366	 2.20	 1	 -41.9350	  173.6854
3.366	 2.15	 2	 -42.6113	  173.2371
3.366	 2.10	 1	 -42.3452	  173.0360
3.367	 2.04	 1	 -41.7164	  174.2087
3.367	 2.41	 3	 -42.2361	  173.7154
3.367	 2.33	 1	 -41.9167	  172.9092
3.367	 2.25	 1	 -42.4039	  173.8713
3.368	 2.53	 1	 -42.4450	  173.0263
3.368	 2.05	 1	 -42.5691	  173.2037
3.368	 2.86	 1	 -42.2700	  173.6303
3.370	 2.19	 1	 -42.3454	  173.6774
3.370	 2.17	 1	 -41.8575	  174.0854
3.371	 2.30	 1	 -42.3869	  173.5321
3.371	 2.30	 1	 -42.5115	  173.9099
3.371	 2.34	 1	 -42.2372	  173.8143
3.372	 2.13	 1	 -42.5616	  173.9490
3.374	 2.45	 1	 -42.5560	  173.0148
3.374	 2.15	 1	 -41.7340	  174.7313
3.376	 2.29	 1	 -42.2227	  173.8540
3.377	 3.01	 1	 -42.4830	  172.9134
3.377	 2.09	 1	 -41.7430	  174.2223
3.377	 3.60	 2	 -41.5604	  174.1669
3.379	 2.16	 1	 -41.6983	  174.3248
3.379	 2.00	 1	 -41.8486	  174.2254
3.380	 2.10	 1	 -41.8992	  173.9419
3.381	 2.58	 2	 -41.7250	  173.0305
3.381	 4.04	 1	 -41.8304	  174.3029
3.382	 2.28	 2	 -41.8410	  174.2816
3.382	 2.29	 1	 -41.8448	  174.0769
3.382	 3.16	 1	 -41.7287	  174.1790
3.383	 2.98	 1	 -41.8037	  173.6715
3.383	 2.13	 2	 -42.7192	  173.5150
3.384	 2.27	 3	 -41.7069	  173.1343
3.384	 2.07	 1	 -42.4856	  173.5859
3.384	 2.34	 1	 -44.3667	  167.5038
3.385	 2.07	 2	 -42.0273	  173.9614
3.385	 3.40	 1	 -42.3430	  173.4494
3.385	 2.01	 2	 -42.3075	  173.1648
3.385	 2.16	 1	 -42.1409	  173.5615
3.386	 2.32	 1	 -41.7676	  174.5023
3.386	 2.32	 1	 -42.3089	  174.0513
3.386	 2.05	 1	 -41.7673	  174.2706
3.386	 2.06	 1	 -42.1545	  173.4396
3.387	 2.18	 1	 -42.1904	  173.9936
3.388	 2.25	 2	 -41.7019	  173.1050
3.388	 2.38	 1	 -42.3359	  173.1522
3.389	 2.02	 2	 -42.1219	  173.3379
3.389	 2.38	 1	 -42.5850	  172.8817
3.391	 2.15	 2	 -42.6805	  172.9302
3.391	 2.14	 1	 -42.4449	  173.7723
3.392	 2.79	 2	 -42.5794	  173.4764
3.392	 2.37	 1	 -42.4016	  173.9423
3.392	 2.10	 1	 -42.6712	  172.5384
3.392	 2.09	 1	 -41.7323	  174.2720
3.392	 2.74	 1	 -42.1234	  173.7216
3.393	 4.03	 1	 -41.8549	  174.2822
3.394	 2.40	 1	 -42.3338	  174.0070
3.394	 3.07	 1	 -42.0986	  172.6749
3.397	 2.01	 1	 -42.4856	  173.2251
3.397	 2.52	 1	 -41.7607	  174.2929
3.398	 2.40	 3	 -42.2991	  173.3687
3.400	 3.41	 1	 -41.9525	  173.7410
3.400	 3.05	 2	 -41.9884	  173.6993
3.402	 2.12	 1	 -42.3464	  173.2308
3.403	 2.03	 1	 -42.1077	  173.5266
3.403	 2.31	 1	 -42.0568	  173.6711
3.404	 2.14	 3	 -42.3190	  173.5353
3.404	 2.32	 1	 -42.1696	  173.6756
3.404	 2.01	 1	 -42.4908	  173.1223
3.404	 2.56	 1	 -41.6926	  174.1810
3.404	 2.87	 1	 -42.2718	  173.8794
3.405	 2.78	 1	 -42.4958	  173.1326
3.406	 2.29	 1	 -43.6135	  168.9971
3.407	 2.07	 2	 -42.6075	  173.0585
3.407	 2.18	 2	 -42.0369	  173.6472
3.410	 2.43	 2	 -41.8006	  174.2855
3.410	 2.03	 2	 -42.1018	  173.8518
3.411	 2.16	 1	 -41.6552	  174.2134
3.412	 2.40	 1	 -42.4403	  173.7237
3.412	 3.02	 2	 -41.6685	  174.2090
3.412	 2.08	 1	 -41.8226	  174.3217
3.413	 2.23	 1	 -42.3419	  173.8129
3.415	 2.09	 2	 -42.2364	  173.1157
3.415	 2.66	 1	 -42.2336	  173.5519
3.416	 2.00	 1	 -42.2694	  173.9344
3.416	 2.96	 1	 -42.3259	  173.6264
3.417	 2.25	 1	 -41.7634	  174.2055
3.417	 2.31	 1	 -41.7101	  174.2225
3.417	 2.44	 1	 -41.7934	  173.4441
3.418	 2.48	 1	 -42.4774	  173.2910
3.418	 2.40	 1	 -42.0083	  174.0586
3.419	 2.15	 1	 -42.0542	  173.3499
3.420	 2.11	 1	 -42.5634	  172.8219
3.421	 2.01	 2	 -42.6138	  173.5785
3.421	 2.06	 1	 -41.6266	  174.2046
3.422	 2.64	 1	 -40.9898	  177.7303
3.423	 2.11	 2	 -42.2652	  174.0406
3.423	 2.44	 1	 -41.6785	  174.3081
3.423	 2.20	 1	 -41.8013	  174.2816
3.423	 2.54	 1	 -42.7138	  173.3123
3.425	 2.44	 3	 -42.7936	  173.0435
3.425	 2.52	 1	 -41.7805	  174.3555
3.426	 2.27	 1	 -42.4446	  173.7638
3.426	 2.05	 1	 -42.1783	  173.7580
3.426	 2.70	 1	 -44.1738	  179.3913
3.427	 2.66	 2	 -41.7931	  174.3506
3.428	 2.11	 1	 -42.4688	  173.1424
3.428	 2.32	 1	 -42.2296	  173.6737
3.428	 2.66	 1	 -42.3280	  173.4889
3.429	 2.17	 1	 -42.3921	  173.6647
3.429	 2.25	 1	 -42.2887	  173.9040
3.429	 2.35	 1	 -42.4865	  173.1130
3.429	 2.90	 1	 -42.6514	  173.4039
3.430	 2.74	 2	 -42.4509	  173.1816
3.430	 2.11	 1	 -42.6871	  172.7833
3.431	 3.80	 2	 -42.9363	  173.2589
3.432	 2.82	 1	 -42.5128	  173.1306
3.432	 2.16	 1	 -41.6751	  174.3145
3.433	 2.74	 1	 -42.2533	  173.4641
3.434	 3.14	 3	 -41.8076	  174.1665
3.434	 2.03	 1	 -42.1466	  173.8529
3.434	 2.17	 1	 -42.8080	  173.2344
3.436	 2.18	 1	 -41.6563	  174.2744
3.436	 2.62	 1	 -42.3912	  173.9270
3.436	 2.09	 1	 -42.1599	  173.6867
3.439	 2.00	 1	 -42.5765	  173.0988
3.439	 2.14	 2	 -42.2402	  173.5616
3.440	 2.14	 1	 -42.1891	  173.7614
3.440	 2.29	 1	 -41.6903	  174.3581
3.440	 2.55	 1	 -42.2942	  173.2031
3.440	 2.22	 1	 -42.8813	  177.0219
3.441	 2.38	 1	 -40.3097	  179.1548
3.441	 2.40	 1	 -42.5236	  173.1831
3.442	 2.76	 1	 -43.2334	  173.4928
3.442	 2.44	 2	 -42.4246	  173.0968
3.443	 2.46	 1	 -42.3391	  173.6902
3.443	 2.72	 1	 -42.3453	  173.4419
3.443	 3.51	 2	 -42.2138	  173.4488
3.443	 2.26	 1	 -42.4270	  173.0806
3.444	 2.04	 1	 -42.1228	  173.6863
3.444	 2.23	 1	 -42.0404	  173.6763
3.444	 2.46	 1	 -42.7148	  172.8568
3.445	 2.03	 1	 -42.8813	  173.3364
3.446	 2.79	 1	 -42.1822	  173.8507
3.446	 2.19	 1	 -42.5246	  173.0843
3.447	 2.16	 1	 -42.1315	  173.8780
3.448	 3.53	 1	 -42.8642	  172.5187
3.449	 2.08	 1	 -41.9198	  173.9768
3.451	 2.32	 2	 -41.7340	  174.2583
3.452	 2.13	 1	 -42.1756	  173.6454
3.452	 2.12	 1	 -41.7512	  174.4146
3.452	 2.21	 1	 -41.7596	  174.1647
3.453	 2.35	 1	 -42.1266	  173.7793
3.454	 3.22	 1	 -41.8077	  174.3591
3.455	 2.08	 1	 -42.6074	  173.4169
3.455	 2.25	 1	 -41.6847	  174.2467
3.456	 2.29	 1	 -41.7428	  174.2089
3.457	 2.81	 1	 -42.6543	  172.8565
3.457	 2.15	 1	 -42.1161	  173.6154
3.457	 2.03	 1	 -42.7950	  173.8409
3.458	 2.17	 1	 -41.8326	  174.1782
3.458	 2.44	 2	 -41.7926	  175.8226
3.459	 2.45	 1	 -41.9658	  174.0259
3.459	 3.25	 1	 -42.5518	  173.3370
3.459	 2.34	 1	 -41.7483	  174.3057
3.459	 2.84	 2	 -42.2499	  173.4783
3.459	 2.10	 1	 -42.4111	  173.4122
3.459	 2.61	 2	 -41.7319	  174.2897
3.461	 2.05	 1	 -42.3694	  172.6735
3.461	 2.25	 1	 -42.6338	  173.3189
3.462	 2.14	 4	 -41.8238	  174.1292
3.463	 2.52	 1	 -41.8389	  174.3259
3.464	 2.36	 1	 -41.9622	  173.5480
3.464	 2.02	 1	 -41.9661	  173.6432
3.464	 3.15	 1	 -42.2378	  173.8626
3.464	 3.23	 1	 -41.7569	  174.0958
3.465	 2.26	 1	 -41.9613	  173.7301
3.465	 2.82	 1	 -42.4980	  173.1623
3.467	 2.05	 1	 -42.2903	  173.5651
3.469	 2.06	 1	 -42.2485	  173.7206
3.469	 2.26	 1	 -42.4223	  173.7948
3.470	 2.26	 1	 -42.3221	  173.6460
3.470	 2.31	 1	 -42.5594	  172.7018
3.470	 2.17	 1	 -41.9903	  173.6359
3.471	 2.14	 1	 -42.2119	  173.8082
3.472	 2.06	 1	 -42.5513	  172.9788
3.473	 2.65	 1	 -42.5696	  173.8496
3.474	 2.09	 1	 -41.7066	  174.2722
3.475	 3.50	 1	 -43.0068	  173.1244
3.475	 2.13	 2	 -41.7152	  173.1270
3.476	 3.52	 1	 -41.7267	  174.1193
3.476	 2.48	 1	 -41.8264	  174.0636
3.476	 2.08	 2	 -42.4855	  173.3237
3.477	 2.02	 1	 -42.7153	  173.0911
3.478	 2.06	 1	 -42.2819	  173.1530
3.479	 2.49	 1	 -42.3176	  173.8558
3.479	 2.71	 1	 -41.9987	  173.7643
3.480	 3.90	 1	 -41.9225	  173.6664
3.480	 2.75	 1	 -42.4614	  173.2466
3.481	 2.24	 1	 -42.2757	  173.9228
3.481	 2.14	 3	 -42.6861	  173.5027
3.481	 2.74	 2	 -42.4934	  173.1416
3.482	 3.37	 1	 -42.4056	  173.0050
3.484	 3.20	 1	 -42.2418	  173.6009
3.485	 2.39	 1	 -41.7353	  174.2408
3.485	 3.30	 1	 -42.3369	  173.8194
3.486	 2.18	 1	 -41.6065	  174.0104
3.486	 2.29	 1	 -42.5124	  174.0554
3.486	 2.46	 1	 -41.9945	  173.9105
3.487	 2.40	 1	 -42.1863	  173.8102
3.488	 2.02	 1	 -41.5431	  174.3645
3.488	 3.01	 2	 -41.7039	  173.1406
3.488	 2.33	 1	 -41.6852	  174.3321
3.488	 2.31	 2	 -42.5170	  173.0876
3.489	 2.94	 1	 -42.2184	  173.6214
3.490	 2.63	 1	 -41.9362	  173.3323
3.491	 2.07	 1	 -42.2138	  173.6276
3.491	 2.54	 1	 -41.7631	  174.2362
3.491	 4.08	 1	 -42.6574	  172.8611
3.492	 2.34	 1	 -42.3672	  172.9516
3.492	 2.16	 2	 -42.2566	  174.0484
3.493	 2.29	 1	 -41.0127	  174.4758
3.493	 3.57	 1	 -42.2061	  173.8315
3.494	 3.71	 1	 -41.4847	  174.3062
3.495	 2.13	 1	 -42.3142	  174.0374
3.496	 2.04	 1	 -42.7907	  173.6629
3.497	 2.46	 1	 -42.4795	  173.1721
3.499	 2.04	 1	 -42.3338	  173.9248
3.499	 2.49	 2	 -42.7537	  173.4924
3.499	 2.85	 1	 -41.7234	  174.2844
3.499	 2.07	 3	 -41.7077	  173.1894
3.501	 2.11	 1	 -42.5090	  173.1024
3.501	 2.51	 2	 -42.5571	  172.9942
3.503	 2.51	 1	 -42.4939	  171.9867
3.504	 2.36	 2	 -42.1947	  173.7132
3.506	 2.53	 1	 -42.8411	  173.0103
3.506	 2.88	 1	 -41.8867	  173.7300
3.506	 2.20	 1	 -42.1501	  173.7670
3.507	 2.74	 2	 -42.5740	  172.9309
3.507	 2.07	 2	 -41.8518	  174.2674
3.508	 2.04	 2	 -42.5576	  173.0921
3.509	 2.12	 1	 -41.2829	  178.8316
3.509	 2.35	 1	 -41.6876	  174.1333
3.509	 2.66	 2	 -42.1093	  173.8556
3.510	 2.12	 1	 -42.2628	  173.1827
3.511	 3.24	 2	 -42.1223	  173.8781
3.512	 2.74	 1	 -42.3864	  173.2448
3.513	 2.07	 1	 -41.4909	  174.0383
3.513	 2.49	 2	 -42.3527	  173.0921
3.515	 2.19	 1	 -42.6088	  172.9009
3.515	 3.35	 1	 -41.6535	  174.1937
3.515	 2.49	 1	 -42.5171	  173.0576
3.516	 2.58	 1	 -42.3643	  173.3244
3.516	 2.11	 2	 -42.5195	  173.1405
3.516	 2.04	 1	 -41.7144	  174.2713
3.517	 2.12	 1	 -41.7185	  174.2723
3.519	 2.40	 2	 -41.7852	  174.1858
3.519	 2.12	 1	 -41.9795	  174.0348
3.519	 3.41	 2	 -41.7650	  174.1667
3.520	 2.04	 1	 -42.7839	  172.6911
3.520	 2.23	 1	 -41.6713	  174.3409
3.521	 3.36	 1	 -42.1963	  174.0751
3.521	 2.59	 1	 -42.1996	  173.5705
3.522	 2.02	 2	 -42.5552	  173.1348
3.522	 2.87	 1	 -42.8299	  174.2664
3.523	 2.51	 1	 -42.1600	  173.6500
3.523	 2.02	 2	 -42.2540	  173.9947
3.523	 2.15	 1	 -42.3445	  173.4563
3.524	 2.07	 2	 -41.7156	  174.3363
3.524	 2.82	 1	 -42.5148	  173.3451
3.524	 2.11	 1	 -41.9991	  173.6818
3.526	 2.57	 1	 -42.4909	  172.8054
3.526	 2.03	 1	 -41.6890	  174.2224
3.526	 2.37	 1	 -41.9620	  173.8071
3.527	 2.30	 1	 -41.9448	  174.0187
3.528	 2.56	 1	 -42.1139	  172.8934
3.528	 2.36	 1	 -42.4636	  173.8476
3.529	 2.22	 1	 -40.6418	  175.1519
3.530	 2.17	 1	 -42.3280	  173.6049
3.530	 2.16	 1	 -42.8405	  173.0513
3.530	 2.43	 1	 -42.3716	  173.1385
3.531	 2.06	 1	 -42.1886	  173.6010
3.531	 2.13	 1	 -42.1179	  173.8573
3.532	 2.61	 1	 -42.5276	  173.1004
3.532	 2.01	 1	 -41.6612	  174.2453
3.532	 2.40	 1	 -46.9770	  171.1652
3.532	 2.22	 1	 -42.1247	  173.5759
3.532	 2.39	 1	 -41.7127	  174.2391
3.534	 2.06	 1	 -42.3267	  173.4831
3.534	 2.17	 1	 -41.9175	  173.7798
3.534	 2.30	 1	 -41.7676	  174.2091
3.535	 3.54	 2	 -41.7761	  174.2960
3.536	 2.26	 1	 -42.4321	  173.4819
3.537	 2.13	 1	 -41.9831	  173.9304
3.538	 2.04	 1	 -41.8819	  174.2150
3.538	 2.08	 1	 -41.9747	  174.0095
3.539	 2.05	 1	 -42.2187	  173.5625
3.541	 2.13	 1	 -39.5199	  168.8425
3.541	 2.09	 1	 -42.4102	  173.9013
3.542	 2.94	 2	 -42.3439	  173.6268
3.542	 2.45	 1	 -42.5833	  173.2392
3.542	 2.34	 1	 -42.4988	  173.2475
3.543	 2.12	 1	 -42.0266	  173.6718
3.543	 4.10	 1	 -42.4500	  174.0201
3.544	 2.10	 1	 -41.7882	  174.1913
3.544	 2.85	 1	 -42.4545	  173.7619
3.547	 2.60	 1	 -42.4411	  173.9295
3.548	 2.00	 1	 -41.7677	  174.2937
3.549	 2.36	 1	 -41.8145	  174.4321
3.550	 2.06	 1	 -41.7742	  174.2338
3.550	 3.55	 1	 -42.1449	  173.4696
3.550	 2.89	 1	 -42.4491	  173.4962
3.551	 2.01	 2	 -41.9098	  173.9516
3.551	 2.27	 1	 -41.6795	  174.2966
3.551	 2.80	 1	 -41.7748	  174.2178
3.552	 2.50	 1	 -41.7263	  174.3015
3.553	 2.76	 3	 -41.9955	  173.6190
3.554	 2.13	 1	 -41.7223	  174.1610
3.554	 2.21	 1	 -42.5292	  173.4293
3.555	 3.35	 2	 -42.2067	  173.7393
3.556	 2.31	 1	 -42.2883	  173.7549
3.557	 2.08	 1	 -41.7560	  174.3248
3.557	 2.01	 1	 -41.7726	  174.2976
3.557	 2.43	 2	 -42.1863	  173.7086
3.559	 2.45	 1	 -42.5132	  173.2913
3.559	 2.22	 1	 -41.7812	  174.2473
3.560	 3.26	 2	 -42.5067	  174.0905
3.563	 2.71	 2	 -42.4082	  173.6660
3.564	 2.13	 2	 -42.2819	  173.9717
3.564	 2.45	 2	 -41.7331	  173.0223
3.564	 2.74	 1	 -42.2747	  173.6736
3.564	 2.14	 1	 -42.0679	  174.3576
3.564	 2.14	 1	 -42.2982	  170.8185
3.565	 2.07	 1	 -42.1464	  173.8990
3.565	 2.34	 1	 -42.7243	  172.8787
3.565	 2.63	 1	 -41.9309	  173.8966
3.566	 2.22	 1	 -41.6778	  174.3466
3.566	 2.05	 1	 -42.0334	  174.0230
3.566	 2.00	 1	 -41.6629	  174.3032
3.567	 4.27	 2	 -41.7024	  171.4843
3.567	 2.36	 1	 -41.6734	  174.2069
3.567	 2.78	 1	 -42.4147	  173.1634
3.568	 3.43	 1	 -42.2451	  173.7240
3.568	 2.24	 1	 -42.3796	  173.7195
3.569	 2.61	 1	 -42.5355	  173.0902
3.569	 2.48	 2	 -41.7501	  174.3071
3.570	 2.06	 1	 -42.2898	  173.2934
3.570	 2.02	 2	 -42.3573	  173.5130
3.570	 2.40	 2	 -42.2602	  173.5593
3.570	 4.32	 1	 -42.4369	  173.2855
3.571	 2.74	 1	 -42.0372	  173.7575
3.572	 2.26	 2	 -42.3152	  173.1871
3.572	 3.26	 2	 -41.7841	  174.1106
3.573	 2.26	 1	 -42.1248	  174.2302
3.573	 2.07	 1	 -41.8396	  174.2537
3.573	 2.22	 1	 -42.2456	  173.5941
3.573	 2.07	 1	 -42.3453	  173.8115
3.575	 2.73	 1	 -42.5574	  173.3467
3.575	 2.73	 2	 -42.7171	  172.6066
3.575	 2.08	 1	 -42.5674	  173.2736
3.576	 2.36	 2	 -42.9907	  173.1166
3.577	 2.23	 3	 -41.7080	  171.4895
3.578	 2.21	 1	 -41.8476	  173.9254
3.580	 2.94	 1	 -41.7354	  174.2662
3.580	 2.76	 1	 -42.1637	  173.7140
3.581	 2.71	 2	 -41.7859	  174.2852
3.582	 2.04	 1	 -43.4259	  172.5452
3.582	 2.32	 1	 -42.3444	  173.0182
3.583	 2.72	 1	 -42.4996	  173.0592
3.583	 2.94	 1	 -41.9666	  173.6597
3.585	 3.03	 1	 -42.6108	  174.0933
3.585	 2.20	 1	 -42.0128	  174.8540
3.586	 2.07	 1	 -41.7010	  174.4150
3.586	 2.51	 1	 -41.9580	  174.0455
3.588	 2.20	 1	 -42.3353	  174.2461
3.588	 2.23	 1	 -41.7039	  174.2536
3.589	 2.45	 1	 -41.7546	  174.7831
3.589	 2.14	 1	 -41.5565	  174.4082
3.590	 3.10	 1	 -42.2418	  173.5595
3.590	 2.28	 1	 -41.7130	  174.1664
3.590	 2.51	 1	 -42.4097	  173.8157
3.591	 2.09	 1	 -42.1167	  173.2101
3.591	 3.20	 1	 -42.0525	  173.8128
3.591	 2.31	 2	 -42.2332	  173.8157
3.591	 2.16	 1	 -42.8314	  172.9514
3.592	 2.38	 1	 -41.7001	  174.3587
3.593	 2.06	 1	 -41.8172	  174.1922
3.593	 2.47	 1	 -42.3624	  174.0258
3.593	 2.34	 1	 -41.6849	  174.4304
3.593	 2.37	 1	 -41.9582	  174.1233
3.594	 2.05	 1	 -41.8785	  173.8921
3.594	 2.32	 1	 -42.3708	  173.7523
3.595	 2.32	 1	 -44.2623	  172.6251
3.596	 2.72	 2	 -41.7062	  173.1237
3.597	 2.73	 1	 -41.6205	  174.3299
3.597	 4.36	 1	 -41.6837	  174.3352
3.598	 2.23	 1	 -41.8906	  174.1112
3.599	 2.44	 2	 -42.3758	  174.3162
3.600	 2.61	 1	 -41.7193	  174.2834
3.600	 2.58	 1	 -41.7562	  174.2820
3.601	 2.59	 1	 -42.5605	  173.3192
3.602	 2.51	 1	 -41.8231	  174.2010
3.603	 2.03	 1	 -42.4026	  173.8980
3.604	 3.13	 1	 -42.1996	  172.6527
3.604	 2.62	 1	 -41.6076	  174.3597
3.604	 2.09	 1	 -42.3891	  173.4930
3.605	 2.07	 1	 -41.6956	  174.1472
3.606	 2.62	 1	 -42.3563	  173.9881
3.607	 2.34	 2	 -42.0196	  173.7151
3.608	 2.06	 1	 -42.3441	  174.0574
3.608	 2.40	 1	 -41.8451	  174.2346
3.609	 2.35	 1	 -42.3276	  173.6002
3.609	 2.29	 1	 -42.4337	  173.2911
3.609	 2.39	 2	 -42.0931	  173.7894
3.610	 2.00	 1	 -41.8393	  174.0145
3.610	 2.28	 2	 -41.6995	  173.1265
3.610	 2.16	 1	 -42.4394	  173.7855
3.611	 2.04	 1	 -42.3383	  174.0193
3.611	 2.32	 3	 -43.5746	  172.5609
3.612	 2.56	 2	 -42.3476	  173.8923
3.612	 2.42	 3	 -41.7893	  174.1132
3.612	 2.20	 1	 -42.1209	  173.7115
3.614	 3.83	 2	 -42.3593	  173.5247
3.614	 2.27	 1	 -41.7354	  174.2146
3.616	 2.13	 1	 -42.3422	  174.1240
3.616	 2.54	 1	 -42.2001	  173.6527
3.617	 2.37	 2	 -42.2304	  174.0028
3.617	 2.17	 2	 -41.7541	  173.1903
3.618	 2.33	 1	 -42.2756	  173.7727
3.618	 2.31	 2	 -42.1924	  174.0740
3.619	 2.10	 2	 -41.8137	  174.2765
3.620	 2.43	 1	 -41.6892	  174.2461
3.620	 2.13	 2	 -41.7061	  174.1824
3.621	 2.13	 2	 -42.0178	  173.6617
3.622	 2.52	 1	 -41.9551	  173.2880
3.623	 2.53	 1	 -42.3754	  173.9415
3.624	 2.07	 1	 -42.5584	  173.0385
3.625	 2.07	 1	 -42.4053	  173.6564
3.626	 2.91	 1	 -41.7687	  174.2773
3.626	 2.17	 1	 -41.7878	  174.2836
3.628	 2.81	 2	 -42.4836	  173.8437
3.630	 2.19	 4	 -42.5663	  173.0484
3.631	 2.04	 1	 -41.7813	  174.2923
3.632	 5.43	 1	 -41.9441	  173.7819
3.632	 3.25	 2	 -42.2388	  173.6793
3.633	 2.13	 1	 -42.0505	  173.7603
3.633	 2.06	 2	 -43.5687	  177.1421
3.633	 2.79	 1	 -41.8831	  174.2145
3.634	 2.44	 2	 -41.7553	  174.5311
3.634	 3.75	 2	 -41.7515	  174.1546
3.634	 2.19	 1	 -43.0987	  172.6647
3.635	 2.02	 1	 -41.8083	  174.3611
3.637	 2.16	 1	 -42.8364	  171.4941
3.638	 2.04	 1	 -42.3329	  173.3758
3.638	 2.10	 1	 -41.7451	  174.0262
3.638	 2.11	 1	 -42.2179	  173.6594
3.638	 2.56	 1	 -41.3035	  172.8850
3.639	 2.44	 1	 -42.2602	  173.9692
3.640	 2.36	 1	 -41.7130	  174.3165
3.641	 2.32	 1	 -42.0282	  173.8390
3.641	 2.08	 1	 -41.6989	  173.8274
3.642	 2.42	 1	 -41.6594	  174.2317
3.642	 2.19	 1	 -41.8403	  174.2181
3.642	 2.51	 1	 -42.2341	  173.6082
3.643	 2.00	 1	 -42.2790	  173.6490
3.644	 2.13	 1	 -42.7402	  173.3652
3.644	 2.98	 1	 -42.1680	  173.5785
3.644	 2.39	 1	 -41.8152	  174.4956
3.645	 5.16	 1	 -42.4566	  173.7938
3.646	 2.47	 1	 -42.3598	  173.9834
3.646	 2.28	 1	 -42.0675	  173.9239
3.647	 2.45	 1	 -42.4173	  173.7747
3.647	 2.08	 1	 -42.4674	  173.9959
3.647	 2.12	 1	 -43.0768	  169.4824
3.647	 2.29	 2	 -42.4510	  173.7930
3.647	 2.38	 1	 -42.3183	  173.8160
3.648	 2.01	 1	 -42.5075	  173.0911
3.648	 2.03	 1	 -43.4156	  172.9559
3.648	 2.08	 1	 -42.0373	  173.4604
3.649	 2.12	 1	 -42.2926	  173.7154
3.649	 2.23	 1	 -46.2855	  176.9084
3.649	 2.39	 2	 -42.4505	  173.8720
3.650	 2.34	 1	 -41.7727	  174.1090
3.650	 2.01	 1	 -41.7577	  174.4482
3.650	 2.35	 1	 -41.7341	  174.2335
3.651	 2.06	 2	 -42.2941	  173.3132
3.651	 3.38	 3	 -42.5755	  172.7930
3.652	 2.46	 1	 -42.3078	  173.3531
3.652	 2.04	 3	 -41.7720	  174.2823
3.652	 2.08	 1	 -42.4558	  173.2934
3.652	 2.07	 2	 -41.6720	  174.1479
3.653	 2.21	 1	 -41.7181	  174.3169
3.653	 2.17	 1	 -42.8846	  173.0395
3.653	 2.22	 1	 -41.6331	  174.2945
3.654	 2.72	 1	 -41.8057	  174.1969
3.654	 2.97	 1	 -41.7737	  174.2958
3.655	 2.60	 1	 -41.8134	  174.3630
3.655	 2.33	 4	 -42.5847	  172.7938
3.656	 2.11	 2	 -42.5078	  173.2009
3.656	 2.15	 1	 -41.7114	  174.1449
3.656	 2.51	 1	 -42.0904	  173.4501
3.657	 2.26	 1	 -42.2838	  173.9733
3.659	 2.08	 1	 -41.5929	  174.3293
3.659	 2.47	 1	 -42.5839	  173.0740
3.660	 2.22	 2	 -42.2537	  173.5724
3.661	 2.59	 2	 -42.6119	  172.9856
3.662	 2.41	 1	 -41.7227	  174.3745
3.662	 2.67	 1	 -41.7282	  174.3967
3.662	 2.61	 1	 -42.2975	  173.8664
3.663	 3.29	 1	 -42.0344	  174.0372
3.663	 2.50	 2	 -42.2034	  173.5691
3.663	 2.21	 1	 -42.3989	  173.3709
3.663	 2.12	 1	 -42.2020	  173.7840
3.664	 2.12	 2	 -41.8656	  173.4783
3.664	 2.51	 3	 -42.0359	  173.2364
3.665	 2.87	 3	 -42.7519	  173.4916
3.665	 2.38	 2	 -41.7280	  174.2489
3.665	 2.34	 2	 -42.4575	  173.7704
3.666	 2.21	 1	 -42.1914	  173.8151
3.666	 2.20	 2	 -43.6660	  174.5199
3.667	 2.34	 1	 -42.5806	  173.2101
3.668	 2.08	 1	 -41.6412	  174.3475
3.668	 2.87	 1	 -42.4405	  174.0697
3.669	 2.23	 2	 -42.0253	  173.8374
3.669	 2.01	 1	 -41.7232	  174.1674
3.670	 2.43	 1	 -41.7929	  173.5546
3.671	 2.98	 2	 -41.7569	  174.3174
3.671	 2.24	 1	 -42.4262	  175.6117
3.672	 2.75	 1	 -42.2684	  173.7583
3.672	 2.29	 2	 -42.5571	  173.3469
3.672	 3.56	 1	 -42.4709	  173.7485
3.673	 2.47	 1	 -42.5045	  173.0810
3.673	 2.25	 1	 -42.6305	  172.6083
3.674	 3.71	 1	 -42.4369	  173.8211
3.674	 2.57	 1	 -42.0911	  173.6682
3.674	 2.08	 2	 -38.9284	  169.5991
3.675	 2.09	 2	 -41.9681	  173.8291
3.675	 2.48	 1	 -41.9712	  173.6840
3.676	 2.12	 1	 -42.1796	  173.9102
3.676	 2.05	 1	 -42.0768	  173.2530
3.677	 2.30	 1	 -41.6600	  174.1161
3.677	 2.43	 1	 -41.7291	  173.3331
3.678	 2.24	 1	 -41.7031	  174.3002
3.678	 2.07	 1	 -41.9882	  173.6967
3.678	 2.10	 1	 -41.7230	  174.3506
3.679	 3.55	 1	 -41.8106	  174.0680
3.680	 2.27	 1	 -41.6179	  174.2452
3.681	 2.03	 1	 -42.2066	  173.5496
3.682	 2.11	 1	 -41.6424	  174.5137
3.683	 2.13	 2	 -42.5129	  173.7964
3.683	 3.17	 1	 -41.7176	  174.3069
3.684	 2.05	 1	 -42.5704	  173.3152
3.685	 2.38	 1	 -42.3217	  173.4057
3.685	 2.11	 1	 -41.7232	  174.3174
3.685	 2.43	 1	 -41.9645	  174.0085
3.686	 2.10	 1	 -42.2765	  173.6829
3.687	 2.51	 2	 -42.6005	  172.5771
3.687	 2.72	 1	 -41.9797	  173.6443
3.687	 2.51	 2	 -42.4124	  173.6990
3.688	 2.12	 1	 -42.2019	  172.1786
3.690	 2.02	 1	 -42.2774	  173.5770
3.691	 2.66	 2	 -42.4701	  173.8255
3.691	 2.43	 1	 -42.0536	  173.8051
3.691	 2.09	 1	 -41.7482	  174.3082
3.692	 2.20	 1	 -41.7843	  174.2472
3.692	 2.16	 1	 -42.0495	  172.7362
3.693	 2.43	 1	 -42.8405	  173.1460
3.693	 2.55	 1	 -42.2406	  173.7937
3.694	 2.54	 1	 -42.5014	  173.6521
3.694	 2.05	 1	 -42.3947	  173.5605
3.694	 2.08	 2	 -41.6614	  174.2076
3.694	 2.09	 2	 -41.9468	  173.9669
3.695	 3.55	 1	 -41.6797	  174.2057
3.696	 2.02	 1	 -41.6869	  174.1601
3.696	 2.22	 2	 -41.7316	  173.1196
3.697	 2.72	 1	 -41.6641	  174.0551
3.698	 2.20	 1	 -41.9280	  173.9858
3.699	 3.28	 1	 -41.7899	  174.0098
3.701	 2.02	 1	 -41.8279	  174.5100
3.702	 2.59	 1	 -42.3300	  174.0667
3.703	 3.54	 2	 -42.3539	  173.1052
3.704	 2.27	 1	 -42.4961	  173.1330
3.704	 2.56	 1	 -41.9185	  173.7618
3.704	 2.38	 3	 -42.2577	  173.9885
3.706	 2.14	 1	 -42.4147	  173.3244
3.707	 2.60	 1	 -41.8005	  174.1784
3.708	 2.75	 2	 -42.3189	  173.1803
3.709	 2.56	 1	 -42.5442	  173.1353
3.710	 2.05	 1	 -42.6506	  172.7939
3.711	 2.22	 1	 -42.6837	  172.8460
3.713	 2.44	 2	 -41.6902	  173.2810
3.713	 2.42	 1	 -42.4508	  173.7632
3.714	 2.22	 1	 -42.5028	  173.0144
3.715	 2.28	 1	 -42.2801	  173.7655
3.715	 2.60	 1	 -42.1229	  172.5675
3.716	 2.64	 1	 -41.6833	  174.2274
3.716	 2.05	 1	 -41.6293	  174.2748
3.717	 2.11	 1	 -42.0062	  172.8572
3.717	 2.08	 1	 -42.3987	  172.8928
3.718	 2.16	 1	 -42.5363	  173.2216
3.720	 3.99	 1	 -42.8879	  172.9229
3.720	 3.18	 1	 -42.3558	  174.3371
3.723	 2.19	 1	 -41.7347	  174.3289
3.724	 2.73	 2	 -42.6116	  173.4057
3.729	 3.59	 3	 -41.7393	  174.1762
3.730	 2.17	 1	 -41.7465	  174.2444
3.731	 2.35	 1	 -42.3432	  173.8865
3.732	 2.57	 2	 -42.4134	  173.4111
3.732	 2.69	 2	 -41.9385	  173.7828
3.732	 2.24	 2	 -41.9931	  173.7339
3.732	 2.06	 1	 -41.7110	  174.2293
3.733	 2.61	 1	 -42.3235	  173.7624
3.734	 2.32	 2	 -41.9530	  173.7704
3.734	 2.03	 1	 -44.2220	  169.9530
3.734	 2.07	 1	 -41.9953	  173.8376
3.734	 2.04	 1	 -42.5638	  173.1987
3.734	 2.74	 2	 -41.7395	  174.2384
3.734	 2.55	 1	 -42.3227	  173.7854
3.735	 3.38	 2	 -42.3676	  173.3900
3.735	 2.39	 1	 -41.7132	  174.2175
3.735	 2.02	 1	 -41.7233	  174.2614
3.736	 2.32	 1	 -42.5030	  173.0690
3.736	 3.22	 1	 -42.2643	  173.6616
3.736	 2.09	 1	 -41.9215	  174.0946
3.737	 2.11	 1	 -42.2862	  173.9074
3.739	 3.13	 1	 -42.5271	  173.3650
3.739	 2.95	 1	 -42.4505	  172.6190
3.740	 3.44	 1	 -42.5374	  173.3341
3.741	 2.77	 1	 -42.6351	  173.0931
3.742	 3.06	 1	 -41.6843	  174.2834
3.742	 2.43	 1	 -42.4129	  173.5983
3.743	 2.29	 1	 -42.4189	  173.4656
3.743	 2.33	 1	 -41.7078	  174.1373
3.744	 2.02	 1	 -41.7485	  174.2517
3.746	 2.52	 1	 -42.5127	  173.7971
3.746	 2.11	 2	 -42.3310	  173.6060
3.747	 2.01	 1	 -42.7168	  173.2579
3.747	 2.31	 1	 -42.4120	  173.9846
3.747	 2.05	 1	 -42.2434	  173.6095
3.749	 2.41	 1	 -41.7165	  174.3262
3.749	 2.11	 3	 -42.3844	  173.9255
3.750	 2.01	 2	 -42.3340	  172.9427
3.750	 2.34	 1	 -42.1276	  173.5364
3.751	 2.22	 1	 -42.3320	  173.6091
3.751	 2.30	 1	 -41.3984	  174.1138
3.751	 2.30	 2	 -41.8577	  173.9517
3.752	 2.03	 1	 -42.0068	  173.7010
3.753	 2.44	 1	 -41.9387	  174.0350
3.753	 2.30	 2	 -41.9450	  173.7809
3.754	 2.43	 2	 -41.7536	  174.1636
3.756	 2.20	 1	 -42.3549	  173.1241
3.756	 2.28	 2	 -41.6039	  174.7015
3.757	 2.57	 1	 -42.5128	  173.3145
3.758	 2.00	 1	 -42.1875	  173.6625
3.758	 2.17	 2	 -41.7972	  174.3199
3.759	 2.36	 1	 -43.6961	  173.2183
3.762	 3.60	 2	 -41.7580	  174.4434
3.762	 2.01	 1	 -42.3460	  173.8819
3.763	 3.07	 1	 -42.4065	  173.1499
3.763	 2.03	 1	 -42.4302	  174.0461
3.763	 2.26	 1	 -42.4308	  173.2600
3.764	 2.10	 1	 -41.6958	  174.2322
3.764	 3.42	 1	 -42.0175	  174.0249
3.764	 2.17	 1	 -42.1766	  173.7918
3.764	 2.46	 2	 -42.4057	  173.8242
3.765	 2.09	 1	 -41.7607	  174.2298
3.767	 2.14	 1	 -42.5343	  173.6259
3.767	 2.37	 1	 -42.4621	  173.7773
3.768	 2.04	 1	 -42.2881	  173.6276
3.768	 2.68	 2	 -42.4520	  173.9702
3.769	 2.06	 1	 -42.7797	  172.8820
3.771	 2.37	 2	 -42.5428	  173.1033
3.771	 2.02	 1	 -42.5629	  172.8624
3.771	 2.19	 2	 -42.4464	  173.8283
3.773	 2.47	 1	 -42.1772	  173.7957
3.774	 4.94	 1	 -42.5635	  173.3742
3.776	 2.47	 1	 -43.4595	  174.1070
3.777	 2.22	 2	 -42.5580	  173.9522
3.777	 2.04	 2	 -42.3362	  173.3733
3.778	 2.96	 1	 -41.7678	  174.2172
3.781	 2.07	 2	 -42.4676	  173.7814
3.781	 3.04	 2	 -41.9473	  173.8076
3.785	 2.00	 2	 -42.6283	  173.5391
3.786	 2.02	 1	 -42.4658	  173.5754
3.786	 2.44	 2	 -42.4669	  173.7875
3.787	 3.19	 1	 -42.4452	  174.0476
3.787	 2.31	 2	 -41.7782	  174.1452
3.788	 2.06	 2	 -41.8571	  173.9973
3.789	 2.12	 1	 -41.9249	  173.5192
3.790	 2.93	 1	 -44.9971	  171.8860
3.791	 2.16	 2	 -42.3926	  173.9388
3.791	 3.04	 1	 -42.1108	  173.5899
3.793	 2.69	 1	 -42.4925	  173.1453
3.795	 2.25	 1	 -42.2844	  173.6617
3.798	 2.37	 1	 -42.2227	  173.6024
3.799	 3.11	 3	 -42.3538	  173.0845
3.799	 2.27	 1	 -41.6504	  174.3773
3.800	 2.27	 1	 -42.2364	  173.7217
3.801	 2.07	 2	 -41.6695	  174.1032
3.802	 2.09	 1	 -42.5357	  174.0236
3.802	 2.76	 2	 -42.0543	  173.8944
3.802	 2.90	 1	 -42.1928	  173.6975
3.802	 2.17	 1	 -42.4744	  173.7318
3.802	 3.14	 1	 -42.0072	  174.3656
3.802	 2.26	 1	 -42.3325	  173.7572
3.803	 2.35	 1	 -42.6404	  173.6407
3.803	 2.31	 1	 -41.8928	  174.3759
3.803	 2.17	 1	 -41.9527	  173.9843
3.805	 2.66	 1	 -42.1370	  173.4294
3.806	 2.62	 1	 -42.4182	  173.5874
3.806	 2.21	 1	 -42.3613	  173.0376
3.806	 2.87	 1	 -42.0104	  173.5289
3.807	 2.47	 1	 -42.2734	  173.7530
3.808	 2.58	 1	 -42.4216	  173.7256
3.809	 2.05	 1	 -42.0850	  173.6313
3.809	 2.40	 1	 -42.1099	  173.7318
3.810	 2.17	 1	 -41.8445	  174.1504
3.811	 2.06	 1	 -42.1354	  173.3997
3.813	 2.37	 2	 -41.9399	  173.7655
3.813	 2.02	 1	 -42.5060	  173.2208
3.814	 2.26	 1	 -42.5617	  173.3963
3.815	 2.54	 1	 -42.3390	  173.7274
3.815	 2.11	 1	 -41.8263	  173.9970
3.817	 2.02	 1	 -44.8907	  172.1034
3.817	 2.52	 1	 -42.1240	  173.5278
3.817	 2.57	 1	 -41.6739	  174.1620
3.818	 2.03	 1	 -41.7548	  174.2057
3.819	 3.04	 1	 -42.0216	  173.6884
3.821	 2.09	 1	 -41.8537	  174.0351
3.823	 2.62	 3	 -42.8127	  173.0761
3.823	 3.45	 1	 -41.9615	  173.6684
3.823	 2.69	 1	 -41.7648	  174.2540
3.823	 2.27	 1	 -42.2173	  173.8633
3.824	 2.18	 4	 -42.4819	  172.6915
3.826	 2.09	 1	 -41.8340	  173.9343
3.826	 2.06	 1	 -42.9703	  173.4145
3.827	 2.42	 2	 -41.9524	  173.7722
3.827	 2.58	 1	 -42.4477	  173.4496
3.828	 2.12	 2	 -42.8884	  173.4279
3.829	 3.84	 1	 -41.6821	  174.3544
3.831	 2.31	 1	 -41.1968	  171.6729
3.831	 2.45	 1	 -42.6992	  173.7545
3.831	 2.05	 2	 -42.3419	  173.7509
3.831	 2.47	 2	 -42.0610	  173.8691
3.831	 2.79	 1	 -41.8544	  173.5918
3.832	 2.42	 2	 -42.5721	  173.3786
3.832	 2.00	 2	 -42.2529	  173.1205
3.832	 2.06	 1	 -42.2505	  173.7593
3.834	 2.60	 1	 -42.2619	  173.7212
3.834	 2.63	 1	 -42.2405	  173.9938
3.834	 2.58	 1	 -41.9814	  174.0694
3.834	 2.01	 1	 -42.3260	  173.7123
3.834	 2.11	 1	 -42.2632	  173.8565
3.836	 2.34	 1	 -41.5633	  174.2412
3.837	 2.61	 1	 -42.0367	  173.6908
3.838	 2.04	 1	 -42.4027	  173.3814
3.839	 2.59	 1	 -42.4397	  173.9046
3.841	 2.17	 1	 -42.1127	  173.6399
3.841	 2.33	 3	 -42.3147	  173.1881
3.841	 2.47	 1	 -42.7304	  173.2680
3.842	 3.62	 2	 -41.7320	  174.2873
3.842	 2.18	 1	 -42.5456	  172.7940
3.843	 2.49	 2	 -42.4351	  174.3864
3.843	 2.73	 2	 -42.5769	  173.3781
3.844	 3.32	 1	 -42.6556	  172.8172
3.844	 3.04	 2	 -41.9978	  173.7779
3.845	 2.16	 1	 -41.7360	  174.1647
3.845	 2.33	 1	 -42.1614	  173.7942
3.846	 2.33	 1	 -41.6830	  174.1945
3.846	 2.45	 2	 -42.0203	  173.5837
3.847	 4.81	 1	 -42.3441	  172.7967
3.848	 2.37	 2	 -42.3336	  173.7598
3.848	 2.86	 1	 -42.2495	  173.8870
3.849	 2.17	 2	 -42.5183	  173.1338
3.849	 2.02	 1	 -42.4153	  173.3831
3.850	 2.90	 1	 -41.8844	  173.9844
3.851	 2.29	 1	 -42.3496	  173.5873
3.851	 2.38	 1	 -42.3593	  173.1469
3.852	 2.23	 1	 -42.2464	  173.1275
3.852	 2.03	 2	 -42.4055	  173.6558
3.852	 2.87	 2	 -42.2160	  173.9961
3.853	 3.45	 1	 -42.5515	  173.3953
3.853	 2.71	 1	 -41.6994	  174.2919
3.853	 2.02	 1	 -41.6269	  173.2414
3.853	 2.38	 1	 -41.7265	  174.2505
3.854	 2.78	 2	 -42.3008	  173.9033
3.854	 2.17	 1	 -41.9572	  174.0203
3.854	 2.24	 1	 -42.3887	  173.3975
3.855	 2.07	 1	 -42.2066	  173.6962
3.856	 2.48	 2	 -45.6953	  177.0866
3.856	 2.10	 1	 -41.6829	  174.2337
3.860	 2.78	 1	 -42.5353	  173.8180
3.860	 2.02	 1	 -42.1714	  173.6499
3.860	 2.10	 1	 -42.1359	  172.8102
3.861	 2.45	 2	 -41.9067	  174.6669
3.862	 3.04	 1	 -42.3409	  173.1534
3.863	 2.34	 1	 -42.1935	  175.8796
3.863	 2.65	 1	 -42.5778	  173.6345
3.864	 2.37	 1	 -42.5187	  173.0158
3.864	 2.06	 2	 -42.4069	  173.8233
3.865	 2.32	 1	 -41.6576	  174.1898
3.865	 2.27	 1	 -42.1094	  173.8809
3.865	 2.35	 1	 -41.7141	  174.2741
3.866	 2.61	 1	 -41.5758	  174.0694
3.867	 2.56	 2	 -42.0199	  173.6821
3.867	 2.08	 1	 -41.8521	  174.2891
3.868	 3.03	 1	 -42.3400	  173.9792
3.869	 2.51	 1	 -42.4072	  172.8924
3.869	 2.09	 1	 -42.2950	  173.9906
3.869	 2.21	 1	 -42.7119	  172.7680
3.869	 2.16	 1	 -42.5560	  174.0179
3.870	 2.95	 2	 -43.9913	  172.8627
3.871	 2.70	 2	 -41.7109	  173.1296
3.871	 3.58	 1	 -42.0044	  173.8470
3.872	 3.11	 1	 -42.3166	  174.2871
3.873	 2.32	 1	 -42.1674	  173.5408
3.873	 5.34	 1	 -42.4357	  173.7749
3.873	 2.19	 1	 -41.7292	  174.2167
3.874	 2.32	 2	 -42.4148	  173.2805
3.874	 2.22	 1	 -42.2522	  174.0009
3.875	 2.19	 1	 -42.0278	  173.7973
3.875	 2.32	 1	 -42.6395	  172.8203
3.875	 2.92	 1	 -42.5547	  173.6788
3.876	 2.28	 2	 -42.2314	  173.6166
3.878	 2.38	 1	 -41.7264	  174.2414
3.879	 2.03	 1	 -42.0131	  173.9430
3.879	 2.16	 3	 -42.5799	  173.3831
3.879	 2.21	 1	 -42.0760	  172.5132
3.879	 2.15	 1	 -41.4241	  172.6079
3.880	 2.36	 1	 -41.8634	  173.9006
3.880	 4.42	 1	 -42.3271	  174.0346
3.881	 2.38	 2	 -41.9450	  170.2281
3.883	 2.01	 1	 -42.2787	  173.7026
3.884	 2.39	 1	 -41.7054	  174.3164
3.884	 2.25	 1	 -41.9926	  173.6483
3.885	 2.33	 2	 -41.9466	  173.8102
3.885	 2.92	 1	 -42.2529	  173.9007
3.886	 3.11	 2	 -42.5071	  173.1267
3.886	 2.20	 1	 -42.2932	  173.7025
3.887	 2.36	 2	 -41.6247	  173.9343
3.887	 2.19	 2	 -42.3578	  172.7719
3.887	 2.63	 2	 -42.0248	  173.6371
3.889	 3.26	 1	 -42.2062	  174.3092
3.889	 2.16	 1	 -42.1735	  173.6254
3.889	 2.16	 2	 -42.4482	  173.9795
3.890	 2.03	 2	 -41.8903	  173.8156
3.891	 2.01	 1	 -41.8281	  174.3534
3.892	 2.24	 3	 -42.2057	  173.0182
3.892	 2.18	 2	 -43.9517	  179.1914
3.892	 2.48	 2	 -42.5298	  173.1321
3.893	 2.49	 1	 -42.5011	  173.2216
3.894	 2.14	 1	 -41.6841	  174.2088
3.894	 2.09	 1	 -41.6768	  174.2300
3.894	 2.17	 1	 -40.9711	  175.4839
3.894	 2.23	 2	 -42.4497	  173.8129
3.895	 2.54	 2	 -42.1523	  173.4854
3.895	 3.04	 1	 -41.8179	  174.2911
3.896	 2.83	 3	 -42.2010	  174.0077
3.896	 2.06	 1	 -42.1651	  173.5560
3.896	 2.07	 1	 -42.1212	  174.8480
3.896	 2.10	 1	 -41.7684	  174.2296
3.898	 2.33	 1	 -41.7200	  174.3009
3.898	 2.24	 1	 -42.4797	  173.9059
3.898	 2.64	 1	 -42.1733	  173.5849
3.900	 2.23	 2	 -41.9341	  173.7146
3.900	 2.60	 1	 -41.7140	  174.2766
3.901	 2.33	 1	 -41.5557	  174.3971
3.902	 2.79	 1	 -41.9162	  172.9628
3.903	 2.29	 1	 -42.6145	  173.2893
3.904	 2.40	 1	 -42.2704	  173.7014
3.904	 2.01	 1	 -43.3856	  170.9438
3.905	 2.10	 1	 -42.3536	  174.0417
3.905	 2.84	 2	 -42.9135	  174.2051
3.905	 2.29	 4	 -42.4304	  174.4121
3.906	 3.28	 1	 -41.0909	  173.9553
3.906	 2.07	 1	 -42.2121	  179.5303
3.907	 2.47	 1	 -41.8520	  174.1964
3.907	 2.30	 1	 -43.6111	  172.3923
3.909	 2.01	 1	 -42.3827	  173.7801
3.909	 2.02	 2	 -41.7330	  174.1405
3.909	 2.08	 2	 -42.0379	  173.4658
3.911	 2.14	 2	 -42.1794	  173.4867
3.912	 2.28	 1	 -41.8171	  174.0407
3.912	 2.03	 2	 -42.5584	  173.3521
3.912	 2.07	 1	 -42.3231	  173.7114
3.912	 2.60	 1	 -42.1311	  173.8068
3.913	 2.12	 1	 -41.7325	  174.3198
3.914	 2.22	 1	 -42.7635	  172.8951
3.914	 2.12	 1	 -42.2749	  173.9162
3.914	 2.38	 2	 -41.7296	  174.1462
3.915	 2.00	 1	 -43.0800	  173.6651
3.915	 3.43	 1	 -42.2559	  173.4318
3.916	 2.96	 1	 -41.8842	  174.1376
3.917	 2.33	 1	 -42.9126	  172.5526
3.917	 3.32	 2	 -42.4218	  173.7891
3.918	 2.17	 2	 -41.8161	  174.3131
3.918	 3.00	 1	 -41.7211	  174.1310
3.919	 2.06	 2	 -42.0491	  173.8910
3.919	 2.71	 2	 -43.0363	  173.0667
3.919	 2.16	 1	 -41.7492	  172.0613
3.919	 2.51	 2	 -41.4017	  174.6893
3.919	 2.23	 2	 -41.6974	  174.4190
3.919	 2.45	 1	 -41.7792	  174.0593
3.919	 2.20	 1	 -42.4317	  173.7909
3.919	 2.86	 1	 -41.8327	  174.1594
3.919	 2.55	 1	 -41.7267	  174.1601
3.919	 2.83	 1	 -42.3348	  173.4292
3.920	 2.25	 2	 -41.5860	  174.6951
3.921	 3.84	 1	 -42.5458	  173.3646
3.922	 2.77	 1	 -41.6987	  174.0238
3.923	 2.23	 1	 -41.7430	  174.1191
3.923	 2.24	 1	 -42.1764	  173.8340
3.925	 2.37	 3	 -45.3031	  174.3908
3.925	 2.03	 1	 -41.9832	  173.8348
3.925	 2.08	 2	 -42.5559	  173.4832
3.927	 2.10	 2	 -42.2288	  173.4467
3.927	 2.05	 2	 -41.9476	  173.8458
3.928	 2.76	 2	 -42.6334	  173.9846
3.928	 2.42	 1	 -41.7579	  174.3134
3.928	 2.29	 1	 -41.7265	  174.3511
3.928	 4.00	 2	 -42.6423	  172.9500
3.929	 2.03	 1	 -41.7312	  174.2068
3.929	 2.25	 2	 -42.4592	  173.6800
3.930	 2.24	 1	 -42.3611	  173.8862
3.931	 3.41	 2	 -42.5651	  173.4691
3.931	 2.17	 1	 -42.2449	  173.8479
3.933	 2.48	 2	 -42.5719	  174.0286
3.934	 3.21	 3	 -41.7320	  174.2893
3.934	 2.93	 2	 -41.8098	  173.3939
3.934	 3.22	 1	 -42.1551	  173.6694
3.935	 2.64	 3	 -43.0607	  173.0988
3.935	 2.52	 1	 -42.2881	  173.9277
3.936	 2.85	 1	 -46.3715	  170.6261
3.936	 2.69	 1	 -42.2074	  173.3317
3.937	 3.28	 2	 -42.0248	  173.6846
3.937	 3.03	 2	 -42.3461	  172.8174
3.937	 2.10	 1	 -42.3353	  173.6492
3.938	 2.29	 1	 -42.4207	  173.2726
3.939	 2.38	 1	 -45.0045	  167.7749
3.939	 2.06	 1	 -41.7917	  174.1751
3.939	 2.09	 1	 -42.2971	  173.8689
3.939	 2.19	 1	 -42.3464	  173.8221
3.940	 2.15	 2	 -42.3093	  174.0144
3.940	 3.41	 1	 -42.4371	  173.4596
3.941	 2.22	 2	 -42.3686	  170.9171
3.943	 3.08	 1	 -42.4252	  173.7324
3.943	 2.66	 2	 -42.9129	  172.8954
3.943	 3.48	 1	 -42.6600	  174.0201
3.943	 2.33	 1	 -42.2895	  173.6410
3.943	 2.47	 1	 -42.5923	  173.2511
3.944	 3.37	 1	 -42.4540	  173.2887
3.944	 2.10	 2	 -42.5862	  173.6707
3.944	 2.93	 2	 -42.5287	  173.8089
3.944	 2.32	 1	 -42.3114	  174.0056
3.945	 3.29	 1	 -42.4485	  173.1556
3.945	 2.16	 2	 -42.5136	  173.0626
3.945	 2.37	 2	 -42.2444	  172.8163
3.946	 2.57	 1	 -42.2755	  173.4949
3.946	 2.32	 2	 -42.3652	  173.8315
3.947	 2.86	 2	 -42.6799	  173.4988
3.947	 2.01	 1	 -42.0555	  173.6450
3.947	 2.32	 2	 -41.7711	  174.2868
3.948	 2.06	 1	 -42.4298	  173.2058
3.949	 2.15	 1	 -42.2267	  173.5767
3.949	 2.02	 1	 -42.0496	  173.7834
3.949	 2.40	 1	 -42.7700	  172.7231
3.949	 2.75	 1	 -42.1571	  173.6304
3.950	 2.49	 2	 -42.4594	  173.8057
3.950	 2.01	 1	 -42.4525	  172.9343
3.951	 2.00	 1	 -41.7948	  174.3608
3.951	 3.70	 2	 -42.2108	  173.6963
3.951	 2.46	 1	 -41.9502	  170.7905
3.951	 2.28	 4	 -42.4201	  174.4082
3.952	 2.03	 1	 -42.0834	  179.0835
3.952	 2.25	 2	 -41.7299	  173.7368
3.953	 2.08	 1	 -42.0223	  174.6745
3.954	 2.28	 4	 -42.5382	  172.7388
3.954	 2.41	 2	 -42.3187	  172.7586
3.955	 2.01	 2	 -43.0601	  170.7350
3.955	 2.04	 1	 -42.3727	  173.9099
3.955	 2.09	 1	 -42.1380	  173.7287
3.955	 2.27	 1	 -42.4591	  173.4251
3.956	 2.49	 2	 -41.8241	  174.0949
3.956	 2.70	 1	 -42.5175	  173.2317
3.956	 2.09	 1	 -42.3352	  173.5187
3.956	 2.18	 1	 -42.4203	  173.3099
3.957	 2.40	 2	 -41.8635	  174.0572
3.957	 2.15	 2	 -42.4223	  173.8017
3.958	 3.37	 2	 -41.7841	  174.3784
3.958	 2.13	 2	 -42.3810	  173.8257
3.958	 2.21	 2	 -41.9200	  173.7608
3.959	 2.11	 3	 -42.5485	  173.0468
3.959	 2.39	 2	 -42.4944	  173.0637
3.959	 3.19	 1	 -42.3018	  173.6783
3.960	 2.51	 2	 -42.5710	  173.2184
3.960	 2.51	 1	 -42.3713	  173.0672
3.961	 2.10	 2	 -42.5071	  173.1748
3.962	 2.75	 1	 -42.4187	  173.1671
3.962	 3.15	 1	 -42.3993	  173.7594
3.963	 2.20	 2	 -42.3256	  174.0309
3.963	 2.27	 1	 -42.6750	  172.9125
3.964	 2.00	 1	 -41.8973	  174.1864
3.965	 2.03	 1	 -41.6773	  174.2548
3.966	 3.25	 1	 -42.6731	  172.7701
3.966	 2.80	 1	 -42.0439	  173.6383
3.966	 3.37	 1	 -41.6874	  174.2439
3.968	 2.44	 1	 -41.9124	  173.9843
3.969	 2.22	 2	 -42.3217	  172.9686
3.969	 3.33	 1	 -42.3185	  173.4724
3.970	 2.12	 1	 -42.1311	  173.6723
3.970	 2.14	 2	 -42.1965	  172.6539
3.970	 2.25	 1	 -42.0742	  173.6134
3.972	 2.12	 2	 -41.9395	  173.7847
3.973	 4.13	 1	 -42.2805	  173.7606
3.973	 2.11	 1	 -41.6694	  174.3079
3.974	 2.31	 1	 -42.7574	  173.9004
3.975	 2.97	 1	 -42.4032	  173.0116
3.975	 2.54	 2	 -42.4228	  173.7628
3.975	 2.01	 2	 -42.3218	  173.8887
3.977	 3.07	 1	 -42.0997	  173.4330
3.977	 2.16	 2	 -42.5423	  172.9872
3.977	 2.54	 1	 -41.6895	  174.2749
3.978	 3.57	 1	 -42.3323	  173.4480
3.978	 2.55	 2	 -42.4354	  173.9808
3.978	 2.17	 2	 -42.4399	  173.2829
3.979	 2.55	 2	 -42.4605	  173.8047
3.979	 2.98	 1	 -41.9477	  174.1013
3.980	 2.32	 2	 -41.9412	  173.7940
3.980	 2.22	 2	 -42.3446	  173.4462
3.980	 2.10	 1	 -42.1808	  173.8587
3.981	 2.44	 1	 -42.1386	  173.5925
3.981	 2.41	 1	 -42.4574	  173.7013
3.981	 2.21	 2	 -41.7219	  174.3280
3.981	 2.64	 1	 -42.3816	  173.5666
3.981	 2.01	 1	 -42.4543	  173.3605
3.982	 2.78	 1	 -41.7100	  174.2664
3.984	 2.25	 2	 -43.4757	  174.0776
3.984	 2.69	 1	 -42.2234	  173.7622
3.985	 2.26	 1	 -41.9028	  173.9019
3.986	 2.76	 2	 -42.5966	  173.3684
3.987	 2.01	 1	 -42.2434	  173.2770
3.987	 2.34	 1	 -42.5066	  174.0161
3.987	 2.05	 2	 -41.7694	  174.3287
3.988	 2.23	 1	 -42.2159	  173.8636
3.988	 2.36	 2	 -41.9231	  173.7462
3.988	 2.41	 1	 -41.7726	  174.2471
3.989	 2.40	 1	 -41.9616	  174.1769
3.990	 2.07	 3	 -42.5573	  172.9298
3.990	 2.01	 2	 -42.4327	  173.7040
3.990	 2.13	 1	 -42.2002	  173.6794
3.992	 2.73	 1	 -42.2098	  173.6723
3.993	 2.52	 1	 -42.3546	  174.0944
3.994	 2.40	 2	 -41.9292	  173.8586
3.994	 2.61	 1	 -41.6815	  174.1819
3.994	 2.14	 1	 -42.1309	  173.6441
3.996	 3.33	 1	 -42.3376	  174.0618
3.996	 2.01	 1	 -42.3410	  173.8372
3.997	 2.70	 1	 -42.7101	  173.2331
3.997	 2.13	 1	 -42.1136	  173.1326
3.999	 2.19	 1	 -41.7202	  174.2424
3.999	 2.80	 1	 -41.7011	  174.2393
3.999	 2.02	 1	 -42.3342	  173.0451
4.000	 2.09	 1	 -42.6039	  172.8839
4.001	 2.27	 1	 -42.0415	  174.4810
4.002	 2.10	 2	 -41.9839	  173.8051
4.002	 3.21	 1	 -42.4166	  173.5247
4.004	 2.19	 1	 -41.6729	  173.0738
4.004	 2.11	 1	 -42.5829	  173.1968
4.004	 3.90	 1	 -41.7089	  174.2691
4.005	 2.27	 1	 -42.6678	  173.1035
4.005	 2.34	 1	 -43.2427	  174.2111
4.006	 2.31	 1	 -42.8919	  173.4332
4.007	 2.02	 1	 -42.5865	  173.9124
4.008	 2.43	 1	 -41.7830	  174.4402
4.008	 2.23	 2	 -42.4511	  173.7701
4.009	 2.24	 1	 -42.5290	  173.2121
4.010	 2.23	 1	 -42.4735	  173.0322
4.010	 2.19	 1	 -43.0764	  173.3716
4.011	 2.05	 2	 -42.8420	  172.5273
4.011	 2.44	 1	 -42.2591	  173.1340
4.011	 2.26	 2	 -43.2173	  172.7830
4.011	 3.36	 1	 -41.7142	  174.1647
4.012	 3.22	 1	 -41.7380	  174.3983
4.015	 2.11	 2	 -41.8918	  173.8820
4.016	 2.18	 2	 -42.3752	  173.8236
4.017	 2.35	 2	 -41.7638	  174.1381
4.018	 2.21	 1	 -42.1028	  173.6064
4.018	 2.07	 1	 -42.1157	  173.5740
4.018	 2.09	 2	 -42.6298	  173.4847
4.019	 2.58	 1	 -41.7443	  174.2527
4.019	 2.23	 1	 -42.1979	  173.7646
4.020	 2.12	 1	 -42.6432	  173.3553
4.020	 2.10	 3	 -42.3155	  174.2257
4.020	 3.23	 1	 -42.5104	  173.5494
4.021	 2.39	 2	 -42.1961	  173.4722
4.021	 2.92	 1	 -42.2157	  174.0723
4.021	 2.84	 2	 -41.8894	  173.7888
4.022	 2.24	 2	 -42.1562	  173.5305
4.022	 3.00	 1	 -41.9873	  173.7394
4.022	 2.03	 1	 -42.3740	  173.6387
4.023	 3.62	 1	 -42.6300	  172.8726
4.024	 2.92	 1	 -42.2480	  173.6157
4.025	 2.07	 2	 -41.9547	  173.7602
4.026	 2.69	 1	 -42.0059	  173.9612
4.026	 2.01	 1	 -41.6884	  174.3522
4.027	 2.44	 1	 -42.5610	  172.7149
4.027	 2.73	 2	 -42.3560	  173.6547
4.027	 2.81	 4	 -41.7284	  174.2922
4.027	 2.24	 1	 -42.3473	  173.7571
4.028	 2.85	 1	 -41.8085	  174.2305
4.028	 2.06	 2	 -41.7197	  174.2796
4.029	 3.04	 1	 -41.6134	  174.2277
4.030	 3.03	 2	 -42.3452	  173.8120
4.031	 2.76	 1	 -42.0143	  173.7693
4.031	 2.34	 1	 -41.8481	  173.9790
4.031	 2.19	 2	 -44.2631	  172.7223
4.031	 2.93	 1	 -42.0867	  172.8089
4.031	 2.58	 2	 -42.2398	  174.0603
4.032	 2.13	 2	 -42.1344	  173.9035
4.032	 2.19	 1	 -41.6983	  174.2724
4.033	 2.32	 1	 -42.6272	  172.9638
4.035	 2.13	 2	 -41.6792	  174.2876
4.035	 3.46	 1	 -42.4127	  172.9930
4.035	 3.05	 1	 -42.2536	  173.6094
4.036	 2.84	 1	 -42.5229	  172.9919
4.036	 2.41	 1	 -43.4674	  172.3979
4.037	 2.07	 1	 -41.6842	  174.2526
4.037	 2.31	 1	 -42.0205	  173.8641
4.037	 2.02	 1	 -42.4351	  173.1181
4.038	 2.08	 1	 -42.2296	  173.7007
4.039	 2.04	 1	 -42.5561	  173.0693
4.039	 3.47	 2	 -41.6925	  174.3604
4.039	 2.14	 1	 -42.3826	  174.0884
4.039	 2.10	 2	 -42.5620	  173.0090
4.040	 2.18	 2	 -42.2670	  173.6737
4.040	 3.02	 1	 -41.7938	  174.1289
4.040	 2.11	 2	 -41.8265	  174.1999
4.040	 2.01	 1	 -42.2154	  173.6158
4.041	 2.14	 1	 -39.1921	  172.6539
4.041	 3.20	 1	 -42.5447	  173.8807
4.041	 2.18	 3	 -42.7964	  173.0529
4.043	 2.09	 1	 -42.2041	  173.7129
4.043	 2.74	 2	 -39.5230	  168.8315
4.043	 2.04	 2	 -42.2034	  173.6107
4.044	 2.64	 1	 -42.4103	  173.3401
4.044	 2.10	 1	 -42.7354	  172.9999
4.045	 3.29	 1	 -42.3425	  173.2088
4.045	 2.47	 1	 -42.4470	  173.5804
4.047	 2.85	 1	 -41.6780	  174.2928
4.047	 2.12	 1	 -42.2399	  173.7458
4.047	 2.60	 3	 -42.9918	  173.1161
4.047	 2.25	 1	 -41.6882	  173.4290
4.048	 2.18	 1	 -42.4265	  173.7894
4.049	 2.94	 1	 -42.3849	  174.0505
4.049	 2.35	 1	 -41.9953	  173.3992
4.050	 2.04	 1	 -42.1881	  173.6658
4.050	 2.78	 1	 -42.5034	  173.0859
4.051	 2.25	 2	 -41.6245	  174.3027
4.051	 2.02	 2	 -42.5144	  172.9134
4.051	 2.88	 1	 -42.4176	  173.7818
4.052	 2.70	 1	 -41.7206	  174.3355
4.053	 2.06	 1	 -41.6266	  174.2315
4.053	 2.79	 1	 -41.5598	  174.3468
4.053	 3.58	 1	 -42.6042	  173.0716
4.054	 2.26	 3	 -42.6507	  173.4516
4.055	 3.71	 1	 -41.7585	  174.3105
4.056	 2.18	 2	 -41.6979	  174.3383
4.057	 2.15	 1	 -42.4734	  173.3577
4.057	 2.79	 1	 -42.5027	  172.9544
4.057	 2.09	 1	 -42.4501	  173.5703
4.057	 2.04	 1	 -41.7236	  174.1992
4.057	 2.45	 2	 -41.8141	  174.0743
4.058	 2.08	 1	 -42.3924	  173.8077
4.058	 2.51	 2	 -41.9644	  173.8080
4.059	 2.34	 2	 -42.5144	  173.7771
4.059	 2.08	 1	 -42.3139	  173.7528
4.061	 2.04	 2	 -42.1647	  173.5204
4.062	 2.16	 1	 -42.2459	  173.7725
4.062	 2.04	 1	 -43.1245	  173.2219
4.063	 2.20	 2	 -42.3002	  173.6700
4.064	 2.90	 1	 -42.4898	  173.2710
4.064	 2.01	 1	 -41.9618	  173.8457
4.064	 2.01	 1	 -41.9742	  173.9747
4.064	 2.73	 2	 -42.3730	  172.8013
4.065	 2.18	 1	 -42.3120	  173.6847
4.066	 2.62	 1	 -42.5251	  172.8690
4.066	 4.04	 2	 -42.4135	  173.8218
4.066	 2.87	 2	 -42.6930	  173.9819
4.066	 2.46	 1	 -42.3321	  173.8158
4.067	 2.35	 1	 -41.8515	  173.5035
4.068	 2.02	 1	 -42.6155	  172.9433
4.069	 2.18	 1	 -41.7601	  174.3047
4.070	 2.57	 1	 -41.9525	  173.7944
4.071	 2.45	 1	 -42.6698	  172.8100
4.071	 2.05	 1	 -42.4706	  173.3492
4.071	 2.26	 1	 -41.6283	  174.5346
4.072	 2.24	 1	 -42.7355	  173.0420
4.072	 2.80	 1	 -42.6774	  173.2292
4.072	 2.03	 1	 -42.1114	  173.9220
4.074	 2.36	 2	 -42.1021	  173.8585
4.074	 2.33	 2	 -42.2198	  173.7469
4.075	 2.61	 1	 -42.3268	  173.7144
4.075	 2.35	 1	 -42.0634	  173.6997
4.076	 3.79	 1	 -42.1380	  173.4780
4.078	 3.13	 1	 -42.5278	  173.1242
4.078	 2.21	 1	 -41.8868	  173.9756
4.078	 2.21	 1	 -42.2650	  173.6330
4.079	 2.13	 2	 -42.8578	  173.6996
4.079	 2.77	 1	 -42.2633	  173.5687
4.080	 2.04	 1	 -42.4260	  173.6842
4.081	 2.27	 1	 -42.4353	  173.5921
4.081	 2.15	 2	 -42.3495	  173.5018
4.082	 2.00	 1	 -41.7640	  174.2554
4.082	 2.10	 1	 -42.4503	  173.7294
4.083	 2.45	 1	 -42.5436	  172.9624
4.084	 2.13	 1	 -42.2331	  173.4848
4.085	 2.21	 1	 -42.3756	  173.6433
4.086	 2.15	 2	 -42.6321	  172.8823
4.086	 2.20	 2	 -42.2391	  173.9835
4.086	 2.07	 3	 -41.6567	  174.1322
4.087	 2.04	 1	 -42.3206	  173.4846
4.088	 2.48	 2	 -42.8780	  172.7533
4.088	 2.21	 1	 -42.7842	  172.7134
4.088	 4.12	 2	 -42.2716	  173.7763
4.089	 2.10	 1	 -42.3122	  173.8781
4.091	 3.37	 2	 -42.2578	  173.5406
4.091	 2.10	 4	 -41.7191	  175.1757
4.092	 2.10	 1	 -42.3322	  173.9271
4.094	 2.29	 1	 -41.6903	  174.2664
4.094	 2.08	 1	 -42.0872	  173.5933
4.095	 2.13	 1	 -46.2810	  176.6553
4.095	 2.38	 1	 -42.2135	  172.9068
4.095	 3.02	 3	 -41.7320	  174.2914
4.095	 2.31	 2	 -42.3538	  172.8269
4.096	 3.00	 1	 -42.2222	  173.5776
4.096	 2.26	 1	 -42.3829	  168.8043
4.096	 2.63	 1	 -41.7381	  174.3720
4.097	 2.79	 1	 -42.4620	  172.8733
4.097	 3.28	 2	 -42.2620	  173.6518
4.097	 2.42	 1	 -41.7135	  174.2424
4.097	 2.08	 1	 -41.2885	  171.7442
4.098	 3.55	 1	 -42.4124	  173.0560
4.098	 2.94	 2	 -41.7181	  174.3061
4.098	 2.15	 2	 -42.4602	  173.7751
4.098	 2.07	 3	 -41.8398	  174.3027
4.098	 2.00	 1	 -42.4214	  173.0827
4.099	 2.27	 1	 -41.8799	  174.0258
4.100	 2.82	 2	 -41.9974	  173.8063
4.100	 2.35	 2	 -42.3248	  172.7819
4.103	 2.21	 1	 -41.9042	  173.9970
4.104	 2.01	 4	 -41.7455	  174.0943
4.105	 3.85	 1	 -42.0041	  173.8900
4.106	 2.03	 2	 -41.7550	  174.0897
4.106	 2.25	 2	 -42.3744	  173.3501
4.106	 2.22	 1	 -41.9235	  173.9887
4.107	 2.80	 1	 -41.7183	  174.2619
4.108	 2.21	 2	 -42.4071	  173.1506
4.108	 2.33	 1	 -41.6101	  174.3469
4.109	 2.22	 1	 -41.8140	  174.2630
4.110	 2.23	 2	 -42.2675	  173.5204
4.110	 2.01	 2	 -41.6848	  174.2223
4.111	 2.05	 1	 -42.4880	  173.0766
4.111	 2.67	 1	 -41.7909	  174.2507
4.111	 3.00	 2	 -41.7692	  174.1035
4.112	 2.11	 1	 -42.3296	  173.8386
4.112	 2.55	 1	 -41.7771	  174.3407
4.113	 2.30	 1	 -42.5484	  171.9720
4.113	 2.11	 3	 -42.1547	  173.5477
4.114	 2.80	 1	 -41.5683	  173.5645
4.115	 4.23	 2	 -42.6248	  173.5316
4.115	 3.18	 1	 -41.7557	  174.2461
4.117	 2.22	 1	 -42.1992	  174.3866
4.117	 2.41	 1	 -42.5003	  173.8108
4.118	 2.32	 2	 -42.6691	  172.5636
4.118	 2.29	 2	 -42.4397	  173.9050
4.118	 2.00	 2	 -42.2898	  174.0270
4.120	 2.83	 1	 -42.3659	  173.4393
4.120	 2.48	 1	 -42.4666	  172.9023
4.121	 2.82	 2	 -41.6633	  174.2776
4.121	 2.16	 2	 -41.7746	  174.4173
4.123	 2.00	 1	 -42.5658	  173.1081
4.124	 2.32	 1	 -42.0160	  174.2223
4.125	 3.52	 2	 -42.2332	  172.9167
4.126	 2.70	 1	 -41.9897	  174.1739
4.126	 2.15	 1	 -42.3970	  173.5817
4.126	 2.00	 2	 -41.9507	  173.9830
4.127	 2.15	 1	 -42.2528	  173.8114
4.127	 3.07	 2	 -41.7237	  174.2559
4.128	 2.01	 1	 -41.4287	  174.4978
4.128	 2.34	 1	 -42.4433	  173.8130
4.128	 2.35	 1	 -41.7239	  174.0616
4.128	 2.10	 1	 -42.4573	  173.8186
4.128	 2.80	 1	 -42.3296	  173.4779
4.129	 2.82	 1	 -42.3681	  173.7618
4.130	 2.28	 3	 -41.7601	  174.4427
4.130	 2.29	 1	 -42.5388	  173.6600
4.130	 2.08	 2	 -42.4644	  174.0486
4.130	 2.01	 5	 -41.9454	  174.7950
4.131	 3.38	 1	 -42.3882	  173.2012
4.131	 2.81	 2	 -42.4321	  173.7390
4.132	 2.30	 1	 -42.4287	  173.8128
4.132	 2.48	 1	 -42.5764	  173.0997
4.133	 2.06	 2	 -41.6926	  174.1575
4.134	 2.11	 1	 -41.7128	  174.3002
4.135	 2.30	 1	 -41.7231	  174.2805
4.135	 2.18	 1	 -42.1463	  173.9034
4.135	 2.01	 2	 -42.2637	  173.7985
4.136	 2.06	 2	 -42.2083	  174.0627
4.136	 2.31	 1	 -42.5283	  173.0754
4.137	 3.96	 2	 -41.8390	  173.0450
4.139	 2.11	 2	 -41.7094	  173.1190
4.139	 2.57	 2	 -42.3427	  173.1523
4.140	 2.12	 1	 -42.3033	  173.6598
4.140	 3.35	 1	 -42.2412	  173.6183
4.140	 2.32	 1	 -42.1462	  172.8920
4.142	 2.50	 1	 -42.0706	  173.6720
4.142	 2.10	 1	 -42.3853	  174.9820
4.142	 2.12	 1	 -41.7774	  174.1284
4.143	 2.59	 1	 -42.0710	  173.6949
4.144	 2.26	 1	 -42.4070	  172.8671
4.144	 2.10	 2	 -42.2203	  173.7664
4.145	 2.18	 1	 -42.8868	  173.3144
4.145	 2.04	 1	 -42.5462	  173.2246
4.147	 2.26	 2	 -41.7619	  174.3223
4.147	 2.46	 1	 -41.7457	  174.6053
4.148	 2.04	 1	 -42.4295	  173.5389
4.149	 2.33	 1	 -42.1828	  174.7041
4.149	 2.53	 1	 -42.1654	  173.7681
4.149	 2.43	 1	 -42.0476	  172.8043
4.150	 3.22	 1	 -42.1328	  173.5931
4.150	 2.32	 2	 -42.4549	  173.9399
4.150	 2.60	 1	 -41.7180	  172.2032
4.150	 2.04	 1	 -41.9932	  173.3948
4.152	 2.43	 2	 -41.9918	  173.6517
4.153	 2.19	 1	 -41.7926	  174.1685
4.153	 2.51	 1	 -42.2324	  173.7524
4.154	 2.14	 1	 -42.1519	  173.7926
4.154	 2.02	 1	 -42.4517	  172.6418
4.154	 2.05	 1	 -41.7588	  174.2604
4.155	 3.40	 1	 -42.4136	  172.8373
4.158	 2.24	 1	 -42.1851	  173.3034
4.158	 2.39	 2	 -42.4323	  173.7996
4.158	 2.92	 2	 -42.4222	  173.7544
4.158	 2.34	 1	 -42.9884	  173.0404
4.158	 2.60	 2	 -41.8931	  173.8121
4.159	 2.44	 1	 -42.1495	  173.9931
4.160	 2.49	 1	 -42.7389	  172.8323
4.162	 2.29	 1	 -41.7849	  174.2785
4.162	 2.04	 1	 -43.5707	  173.9324
4.162	 2.08	 2	 -42.4298	  173.7704
4.163	 2.09	 2	 -42.1048	  173.7145
4.165	 3.23	 2	 -42.4928	  173.7594
4.165	 2.22	 1	 -41.9578	  173.6336
4.166	 2.54	 3	 -42.2743	  173.7565
4.167	 2.28	 1	 -41.6529	  174.0386
4.167	 2.11	 1	 -42.5569	  173.1030
4.167	 2.12	 2	 -41.8219	  173.6760
4.168	 2.30	 1	 -42.2045	  173.8172
4.168	 2.05	 1	 -42.4953	  173.4466
4.169	 2.41	 2	 -42.6000	  173.0718
4.169	 2.05	 1	 -42.4811	  173.4065
4.169	 2.10	 1	 -41.9873	  173.8314
4.170	 2.07	 1	 -42.5687	  172.6882
4.170	 2.08	 1	 -41.7765	  174.1515
4.172	 2.40	 2	 -42.4555	  174.3554
4.172	 2.23	 1	 -42.3532	  173.0146
4.172	 2.53	 1	 -42.5251	  174.3263
4.173	 2.10	 1	 -41.7207	  174.2816
4.174	 2.17	 1	 -41.7793	  174.3512
4.174	 2.07	 2	 -42.3613	  172.7628
4.175	 2.07	 2	 -42.7194	  172.6211
4.176	 2.53	 2	 -41.7979	  174.2127
4.176	 2.07	 1	 -42.2401	  174.0117
4.176	 2.18	 1	 -42.9979	  172.1911
4.177	 2.28	 1	 -42.2636	  174.0643
4.177	 2.30	 1	 -42.2704	  173.5459
4.177	 2.29	 2	 -42.4320	  173.7412
4.178	 2.07	 2	 -42.5244	  173.0657
4.179	 2.37	 1	 -41.7735	  174.3179
4.179	 2.08	 1	 -41.7552	  174.3399
4.179	 2.98	 1	 -42.6954	  173.4378
4.181	 2.65	 1	 -42.2204	  173.9930
4.182	 2.00	 1	 -41.8476	  174.5858
4.183	 2.12	 2	 -42.4396	  173.7877
4.183	 2.22	 1	 -42.4734	  173.1116
4.184	 2.71	 1	 -42.3757	  173.1861
4.184	 2.20	 2	 -41.4467	  174.6494
4.184	 3.99	 1	 -42.1411	  173.6068
4.184	 2.17	 1	 -42.5383	  173.1489
4.184	 2.16	 2	 -41.6293	  174.1513
4.184	 2.33	 2	 -42.5436	  173.1271
4.185	 2.16	 1	 -42.1717	  174.3348
4.187	 2.10	 2	 -41.2891	  174.7309
4.187	 2.12	 1	 -42.5630	  173.0833
4.188	 2.13	 1	 -42.5187	  173.2400
4.188	 2.20	 1	 -41.8879	  173.3996
4.189	 2.77	 1	 -42.3192	  173.4712
4.190	 2.41	 1	 -42.2057	  174.1170
4.191	 3.17	 1	 -41.7874	  174.2059
4.192	 2.52	 1	 -42.2700	  173.6639
4.192	 2.96	 1	 -42.2867	  173.7698
4.193	 3.20	 1	 -42.2533	  173.6568
4.196	 2.36	 1	 -42.6143	  172.9194
4.196	 2.33	 2	 -42.4564	  174.2886
4.196	 2.60	 1	 -42.2785	  173.8585
4.197	 2.21	 3	 -42.4041	  173.8107
4.198	 2.25	 1	 -41.2402	  174.6152
4.198	 2.30	 2	 -41.8465	  174.0417
4.198	 2.06	 2	 -42.1884	  173.6440
4.198	 2.29	 1	 -42.3374	  173.2234
4.199	 2.29	 2	 -41.9760	  173.8051
4.199	 2.06	 1	 -43.4030	  173.3811
4.200	 2.62	 3	 -42.5335	  173.4015
4.200	 2.18	 2	 -42.5234	  173.1020
4.200	 2.67	 1	 -42.0611	  173.7359
4.201	 2.49	 1	 -41.7745	  174.2638
4.201	 2.03	 2	 -42.4602	  173.7762
4.203	 2.56	 1	 -42.6401	  173.0534
4.204	 2.70	 1	 -41.9721	  173.6197
4.204	 2.51	 1	 -42.6160	  173.2315
4.207	 2.18	 1	 -42.2315	  173.7509
4.208	 3.12	 2	 -41.9890	  173.7205
4.209	 2.03	 2	 -42.2558	  173.5402
4.209	 2.87	 1	 -41.9644	  173.8724
4.209	 2.10	 1	 -41.7075	  174.3044
4.210	 2.14	 1	 -41.8521	  174.1647
4.210	 2.27	 1	 -42.4929	  173.3508
4.213	 2.27	 2	 -42.3462	  173.0576
4.214	 2.36	 2	 -41.8053	  174.2189
4.215	 2.14	 1	 -42.5785	  173.8048
4.215	 2.04	 2	 -42.5125	  173.1056
4.216	 2.64	 1	 -41.9816	  173.8129
4.217	 2.44	 2	 -41.9678	  173.8015
4.218	 2.38	 1	 -42.0155	  173.6387
4.219	 2.30	 1	 -42.1848	  173.7501
4.220	 2.06	 2	 -42.3013	  173.1717
4.221	 2.13	 2	 -42.6283	  174.0274
4.221	 2.14	 1	 -40.9771	  172.4069
4.222	 3.55	 3	 -41.7108	  174.2196
4.222	 2.58	 1	 -42.0347	  174.0254
4.223	 2.59	 2	 -41.9170	  173.7448
4.223	 2.03	 1	 -42.4206	  173.5098
4.225	 2.18	 1	 -42.5261	  173.1294
4.225	 2.22	 3	 -42.3863	  173.6535
4.225	 2.14	 1	 -42.2913	  173.8511
4.226	 2.21	 1	 -42.2471	  173.5284
4.226	 2.62	 1	 -46.8918	  171.4554
4.226	 2.01	 1	 -41.9505	  173.8505
4.227	 2.11	 1	 -42.6544	  172.8474
4.227	 2.02	 2	 -42.4276	  173.7822
4.227	 2.00	 1	 -41.8724	  174.0946
4.227	 2.70	 1	 -42.3014	  173.7760
4.228	 2.10	 2	 -42.4314	  173.6846
4.228	 3.03	 2	 -42.6306	  172.8718
4.231	 2.12	 2	 -42.2278	  173.8534
4.231	 2.36	 1	 -42.1382	  173.6384
4.231	 2.17	 1	 -42.7848	  172.5630
4.233	 2.95	 1	 -42.3188	  173.9409
4.234	 2.21	 2	 -41.9482	  173.7587
4.234	 2.34	 2	 -42.3237	  173.6776
4.235	 2.16	 1	 -42.5100	  173.0587
4.235	 2.12	 1	 -42.5834	  173.0850
4.235	 2.13	 1	 -42.4091	  173.7402
4.236	 2.18	 2	 -42.5468	  173.6512
4.236	 2.84	 1	 -42.2620	  173.6476
4.237	 2.71	 2	 -41.6819	  174.1595
4.238	 2.54	 1	 -41.7492	  173.9255
4.239	 2.28	 1	 -42.3947	  173.7276
4.239	 2.29	 1	 -42.4528	  173.6101
4.239	 2.31	 1	 -41.5492	  174.5287
4.239	 4.03	 1	 -42.6699	  172.2843
4.240	 3.39	 2	 -41.9620	  173.7594
4.241	 2.31	 1	 -42.0046	  173.7491
4.242	 2.47	 1	 -42.7811	  173.0823
4.243	 2.09	 1	 -41.6291	  174.4331
4.245	 2.14	 2	 -42.7714	  172.9797
4.246	 2.48	 2	 -41.7722	  174.2690
4.247	 2.21	 1	 -42.3475	  173.6802
4.247	 2.31	 1	 -41.7095	  174.2488
4.248	 3.25	 2	 -42.1312	  173.5978
4.248	 2.29	 2	 -42.5546	  173.4204
4.249	 2.07	 1	 -42.2666	  173.6547
4.250	 2.29	 1	 -41.7004	  174.3151
4.251	 2.43	 1	 -42.2113	  173.5792
4.251	 2.70	 1	 -42.3421	  174.0506
4.251	 2.91	 1	 -41.8493	  174.2879
4.252	 2.63	 2	 -42.4325	  173.4428
4.252	 2.29	 1	 -42.4917	  173.1803
4.254	 2.76	 2	 -42.8866	  172.9270
4.256	 2.34	 1	 -41.7166	  174.4780
4.256	 2.03	 1	 -41.7126	  174.2346
4.257	 2.17	 2	 -42.6053	  173.2596
4.257	 2.34	 1	 -41.3759	  169.0432
4.257	 2.65	 2	 -42.2770	  173.8758
4.259	 2.14	 2	 -42.5541	  173.3215
4.260	 2.12	 1	 -42.4496	  173.1588
4.261	 2.88	 1	 -41.7476	  174.3003
4.261	 2.02	 1	 -42.6819	  173.6541
4.261	 2.83	 1	 -41.7379	  174.2867
4.262	 2.69	 1	 -41.6479	  174.2038
4.264	 2.52	 1	 -41.7109	  174.0650
4.265	 2.47	 1	 -42.2932	  173.7160
4.265	 3.08	 1	 -42.9128	  172.8300
4.265	 2.04	 1	 -42.3910	  173.8931
4.265	 2.04	 1	 -42.2315	  173.6966
4.266	 2.09	 1	 -42.5465	  173.9672
4.266	 2.86	 1	 -41.8240	  173.9320
4.267	 2.02	 1	 -42.2655	  173.7431
4.268	 2.10	 1	 -41.7092	  174.2854
4.268	 2.14	 1	 -42.7179	  172.7894
4.268	 2.85	 1	 -42.4140	  173.4948
4.269	 2.79	 3	 -42.2581	  173.5054
4.269	 2.06	 1	 -42.3796	  173.9744
4.269	 3.66	 1	 -42.2684	  173.0529
4.270	 2.48	 1	 -42.1006	  173.5518
4.270	 2.11	 1	 -42.3079	  173.6532
4.271	 2.31	 1	 -42.3842	  173.9496
4.273	 2.00	 1	 -41.7095	  174.3367
4.273	 2.17	 1	 -41.6756	  174.2178
4.273	 2.17	 2	 -42.0343	  173.6696
4.274	 2.34	 2	 -41.7592	  174.2277
4.275	 2.24	 1	 -42.2933	  173.5779
4.276	 2.07	 3	 -42.2408	  173.6786
4.276	 2.12	 1	 -42.6486	  173.8526
4.277	 2.78	 2	 -41.9036	  173.7645
4.278	 2.97	 1	 -42.4652	  173.3045
4.278	 2.07	 2	 -42.2343	  173.7350
4.279	 2.22	 1	 -41.7870	  174.2390
4.279	 2.49	 1	 -42.4470	  173.3071
4.280	 3.71	 1	 -42.3516	  173.5148
4.280	 2.44	 2	 -42.6269	  173.2342
4.281	 2.08	 2	 -42.4278	  173.7638
4.282	 2.29	 1	 -41.6391	  174.2475
4.282	 2.38	 1	 -42.3941	  173.7883
4.283	 2.74	 1	 -41.7409	  174.2805
4.283	 2.22	 2	 -41.9023	  172.9166
4.284	 2.64	 1	 -41.9594	  173.6729
4.285	 2.30	 2	 -42.2961	  174.0321
4.286	 2.57	 2	 -42.5157	  173.3914
4.288	 2.98	 1	 -42.5557	  173.1161
4.289	 2.56	 1	 -41.3607	  174.1437
4.289	 2.30	 1	 -42.3461	  174.0269
4.289	 2.02	 1	 -41.4710	  174.1856
4.290	 2.00	 2	 -42.4452	  173.7513
4.291	 2.21	 2	 -42.3834	  173.0513
4.293	 2.03	 1	 -41.7002	  174.2199
4.294	 2.02	 2	 -41.6452	  174.2160
4.294	 2.43	 3	 -42.4602	  173.9698
4.294	 2.29	 1	 -42.0145	  173.6645
4.296	 2.38	 2	 -41.8335	  174.2574
4.296	 2.80	 1	 -42.4559	  173.7348
4.296	 3.04	 1	 -41.9320	  173.7274
4.297	 2.05	 2	 -41.7421	  173.4529
4.297	 2.27	 2	 -42.0044	  173.7792
4.298	 2.31	 1	 -41.8882	  174.1885
4.299	 3.11	 1	 -41.8627	  174.2699
4.300	 2.31	 2	 -42.4073	  173.7921
4.300	 2.51	 2	 -42.1980	  173.4502
4.300	 2.97	 2	 -42.6619	  172.8587
4.300	 2.31	 3	 -42.4679	  173.8251
4.300	 2.59	 2	 -41.7171	  174.2981
4.300	 2.06	 2	 -41.6857	  174.2446
4.302	 2.39	 2	 -42.0840	  173.8465
4.302	 4.33	 1	 -42.7251	  173.0827
4.303	 2.80	 1	 -42.2564	  173.9194
4.303	 2.17	 1	 -42.3746	  173.7985
4.304	 2.75	 1	 -41.7880	  174.2444
4.304	 2.15	 1	 -42.6567	  172.6023
4.304	 2.66	 1	 -41.7254	  174.2585
4.304	 2.85	 1	 -42.4646	  172.8484
4.305	 2.34	 1	 -41.7937	  174.0732
4.305	 3.52	 1	 -42.4166	  172.7549
4.305	 3.13	 1	 -41.7218	  174.2455
4.305	 3.05	 2	 -42.5367	  173.1227
4.307	 2.81	 1	 -42.5725	  173.2818
4.307	 2.10	 1	 -42.1992	  173.7230
4.307	 2.39	 1	 -41.9760	  174.1093
4.307	 2.47	 1	 -41.8028	  174.2095
4.308	 3.62	 1	 -42.3831	  173.5807
4.309	 2.16	 2	 -42.2734	  173.0981
4.310	 2.28	 1	 -42.6416	  172.7228
4.310	 2.46	 1	 -42.1510	  173.3298
4.310	 2.24	 2	 -41.7816	  174.3500
4.312	 3.08	 1	 -41.6918	  174.2512
4.314	 2.55	 1	 -42.1872	  173.7083
4.314	 2.78	 1	 -42.5078	  173.2293
4.315	 2.88	 2	 -41.0855	  172.4887
4.315	 2.07	 1	 -42.7853	  173.1508
4.316	 2.14	 1	 -42.5743	  173.1274
4.316	 2.52	 1	 -42.0927	  173.6092
4.316	 2.78	 1	 -42.2064	  173.9144
4.317	 2.35	 1	 -41.6938	  174.2693
4.317	 2.45	 2	 -41.7661	  174.1461
4.318	 3.96	 3	 -42.4143	  173.8249
4.319	 3.08	 1	 -42.4795	  173.8255
4.319	 2.38	 1	 -41.9635	  173.3890
4.319	 2.06	 1	 -42.2025	  173.4495
4.319	 2.05	 1	 -41.6709	  174.2184
4.319	 2.28	 1	 -42.1807	  173.9588
4.321	 2.26	 1	 -41.8778	  173.8451
4.321	 2.03	 1	 -42.2526	  173.7916
4.321	 2.09	 1	 -42.2621	  173.6950
4.321	 2.01	 1	 -42.3879	  174.0424
4.323	 2.39	 1	 -41.7701	  174.2775
4.326	 2.76	 1	 -42.2170	  173.7621
4.326	 2.73	 2	 -42.4329	  173.6292
4.326	 2.15	 1	 -42.0668	  173.6768
4.327	 2.05	 1	 -42.4394	  173.1594
4.327	 2.46	 3	 -42.6432	  173.5030
4.327	 2.05	 1	 -42.6575	  173.0408
4.328	 2.04	 3	 -42.0423	  173.3786
4.329	 2.40	 2	 -41.7346	  174.2275
4.330	 2.05	 1	 -42.2598	  173.7383
4.331	 2.06	 1	 -41.7915	  174.2142
4.331	 2.05	 2	 -41.4275	  174.6356
4.333	 2.72	 1	 -42.3375	  173.5235
4.334	 3.33	 1	 -41.7074	  174.1183
4.334	 2.20	 1	 -42.3358	  173.7252
4.335	 2.50	 2	 -42.1819	  172.8837
4.335	 2.11	 2	 -42.0247	  173.6990
4.335	 2.11	 3	 -42.0923	  173.8441
4.336	 3.34	 1	 -42.4527	  173.8274
4.336	 2.58	 2	 -42.0646	  173.6275
4.336	 2.39	 1	 -41.2760	  174.8477
4.337	 2.48	 3	 -42.4909	  173.7555
4.337	 2.44	 1	 -42.3896	  174.0590
4.338	 2.44	 2	 -42.7514	  173.6625
4.338	 2.37	 1	 -42.0786	  173.7655
4.339	 2.76	 1	 -41.8216	  173.6993
4.339	 2.13	 1	 -41.5059	  173.8321
4.339	 2.11	 2	 -41.6615	  174.4110
4.339	 2.16	 1	 -42.2406	  173.8732
4.340	 2.04	 1	 -41.7404	  174.2728
4.341	 2.18	 1	 -41.8175	  174.0791
4.341	 2.27	 1	 -41.7117	  174.1829
4.341	 2.67	 1	 -42.2637	  173.6669
4.341	 2.21	 1	 -42.5107	  173.2063
4.343	 3.73	 1	 -42.2784	  174.0730
4.343	 3.23	 1	 -41.7808	  174.2660
4.343	 2.20	 1	 -41.7298	  174.3235
4.343	 2.28	 2	 -41.9684	  174.0734
4.344	 4.10	 1	 -42.5324	  173.5185
4.344	 2.12	 1	 -41.6885	  174.2144
4.344	 2.05	 1	 -42.4007	  173.9616
4.345	 2.28	 1	 -42.7426	  173.1379
4.346	 2.29	 1	 -41.7724	  174.2311
4.346	 2.66	 1	 -41.6635	  174.2472
4.348	 2.30	 1	 -42.2110	  173.7975
4.348	 2.68	 2	 -41.8012	  173.7186
4.349	 2.28	 1	 -42.6848	  173.0455
4.350	 2.10	 1	 -42.5109	  172.7372
4.351	 2.33	 2	 -41.7317	  174.2394
4.351	 2.35	 1	 -41.7658	  174.2800
4.351	 2.01	 1	 -42.4433	  174.0833
4.352	 2.50	 1	 -41.5647	  174.3833
4.352	 3.57	 1	 -42.6516	  172.7687
4.353	 3.49	 2	 -42.4237	  173.7477
4.353	 2.97	 2	 -42.4506	  173.3301
4.354	 2.72	 2	 -42.2808	  174.0627
4.354	 2.17	 1	 -42.7099	  172.9409
4.355	 2.21	 1	 -41.3909	  174.3907
4.356	 2.15	 2	 -41.8630	  173.9007
4.357	 3.00	 1	 -42.3835	  173.7856
4.357	 2.51	 2	 -42.5137	  173.2904
4.358	 3.39	 1	 -42.6828	  172.7774
4.358	 2.66	 1	 -42.1327	  173.5666
4.358	 2.68	 1	 -42.4025	  173.9747
4.360	 2.86	 1	 -42.3197	  173.1250
4.361	 3.48	 1	 -42.2806	  173.6045
4.361	 3.74	 1	 -42.4197	  173.3146
4.361	 2.19	 2	 -42.0141	  173.6738
4.362	 2.51	 1	 -42.2555	  173.6585
4.362	 2.38	 1	 -41.7470	  174.1004
4.365	 2.19	 1	 -41.9880	  173.8006
4.365	 2.40	 1	 -42.8633	  173.0700
4.366	 2.16	 1	 -42.5033	  172.9415
4.366	 3.17	 1	 -41.9809	  174.0172
4.367	 2.36	 2	 -42.3489	  174.0316
4.367	 2.04	 1	 -41.7195	  174.2493
4.368	 2.17	 1	 -41.9706	  174.0818
4.368	 2.55	 1	 -42.7017	  172.8760
4.369	 2.02	 1	 -42.4590	  173.1012
4.369	 3.31	 1	 -42.4987	  173.0149
4.370	 2.37	 1	 -42.2788	  173.6115
4.370	 2.42	 2	 -42.4752	  172.5739
4.370	 2.01	 2	 -41.9272	  173.7344
4.370	 2.03	 1	 -42.7465	  173.8745
4.370	 2.05	 1	 -42.2699	  174.0454
4.371	 2.28	 1	 -42.0292	  173.7211
4.371	 2.37	 2	 -42.1347	  173.8829
4.372	 3.08	 1	 -42.0034	  173.9587
4.372	 2.35	 1	 -42.2690	  173.4551
4.372	 2.28	 1	 -42.5270	  173.4818
4.373	 2.90	 1	 -42.1838	  174.0221
4.374	 2.23	 2	 -42.1118	  173.8601
4.375	 2.04	 1	 -42.3106	  173.8759
4.375	 2.56	 2	 -41.9373	  173.7161
4.377	 2.42	 1	 -42.4463	  173.0846
4.379	 2.54	 1	 -42.0115	  173.5041
4.380	 2.98	 2	 -42.0027	  173.9447
4.381	 2.04	 1	 -42.3864	  173.4943
4.381	 2.12	 1	 -42.0163	  173.5106
4.382	 2.09	 1	 -42.2214	  173.6772
4.382	 2.82	 1	 -42.3701	  173.4098
4.383	 2.14	 3	 -42.6694	  172.5633
4.383	 2.08	 2	 -42.4410	  173.5879
4.383	 4.04	 2	 -42.5315	  173.1031
4.384	 2.06	 2	 -42.4456	  174.3808
4.385	 2.44	 2	 -42.3897	  173.5831
4.385	 2.34	 1	 -42.5381	  173.3351
4.386	 2.20	 2	 -44.9865	  171.8900
4.386	 2.92	 1	 -42.3771	  173.9962
4.386	 2.16	 1	 -42.4760	  172.9681
4.387	 3.43	 1	 -42.4902	  173.6696
4.387	 2.24	 2	 -42.6594	  172.9776
4.387	 2.50	 1	 -41.6840	  174.2720
4.388	 2.41	 1	 -41.7455	  174.2101
4.390	 2.06	 1	 -41.6510	  174.3258
4.392	 2.05	 1	 -42.0746	  173.4099
4.392	 2.15	 1	 -42.7199	  173.2338
4.393	 2.06	 1	 -42.3727	  173.8648
4.393	 2.54	 2	 -42.3906	  173.3965
4.395	 2.57	 1	 -42.7088	  172.9050
4.395	 2.39	 1	 -41.6239	  174.1895
4.396	 2.32	 1	 -41.7032	  174.2585
4.396	 3.08	 2	 -42.5785	  173.1031
4.398	 2.05	 1	 -42.2552	  173.6017
4.399	 2.08	 1	 -42.3726	  173.9996
4.400	 2.18	 1	 -41.7036	  174.3713
4.400	 3.33	 1	 -46.2317	  171.7768
4.401	 2.28	 1	 -42.5386	  173.1163
4.401	 3.13	 1	 -41.7854	  174.2371
4.401	 2.04	 1	 -41.8722	  173.3964
4.402	 2.07	 1	 -42.2527	  173.4755
4.402	 2.99	 1	 -41.7152	  174.2697
4.404	 2.15	 2	 -42.5722	  173.4153
4.404	 2.09	 2	 -42.2277	  173.6972
4.404	 2.09	 2	 -42.1552	  173.8249
4.405	 2.76	 1	 -42.1212	  173.4649
4.406	 3.06	 1	 -42.4536	  172.8879
4.407	 2.24	 1	 -42.3263	  173.4613
4.407	 3.08	 1	 -42.3394	  173.8662
4.407	 3.12	 1	 -42.3565	  174.0545
4.408	 2.12	 1	 -42.1950	  173.7096
4.408	 2.34	 1	 -41.6702	  174.2910
4.408	 2.08	 1	 -42.3591	  173.5094
4.409	 2.31	 1	 -41.8471	  174.2614
4.410	 2.77	 1	 -41.7052	  174.1539
4.410	 2.10	 1	 -41.7445	  174.2826
4.410	 2.07	 1	 -42.3202	  173.6621
4.410	 2.49	 2	 -42.3840	  172.7498
4.411	 2.15	 1	 -42.1565	  173.5780
4.412	 2.24	 2	 -41.7489	  174.3128
4.412	 2.54	 1	 -41.9134	  173.9550
4.412	 2.13	 2	 -41.7831	  174.3718
4.413	 2.31	 1	 -42.3249	  173.9107
4.413	 2.67	 1	 -42.2663	  173.8605
4.413	 3.16	 3	 -44.8228	  176.4629
4.413	 2.40	 1	 -42.4271	  173.9207
4.414	 2.15	 2	 -41.7918	  174.2520
4.415	 2.41	 1	 -42.0095	  173.9203
4.415	 2.26	 1	 -41.7414	  174.2452
4.415	 2.04	 1	 -41.7702	  174.0983
4.416	 2.01	 1	 -42.0575	  173.6863
4.416	 2.60	 2	 -42.5100	  173.5199
4.417	 3.38	 2	 -42.2817	  174.0762
4.417	 2.02	 1	 -42.3034	  173.6210
4.418	 2.36	 3	 -42.0272	  175.1553
4.419	 3.09	 1	 -41.7960	  174.2172
4.419	 2.42	 1	 -41.6590	  174.2646
4.420	 2.41	 2	 -41.7049	  173.7875
4.422	 2.14	 1	 -41.7467	  174.1983
4.422	 2.19	 1	 -41.8841	  173.7881
4.423	 2.00	 1	 -41.7093	  174.1514
4.423	 2.38	 1	 -42.2000	  172.5287
4.424	 2.49	 1	 -41.7067	  174.2545
4.424	 2.24	 1	 -42.4235	  174.1735
4.426	 2.65	 1	 -42.1455	  172.8489
4.427	 2.05	 1	 -42.6068	  173.1291
4.427	 2.16	 1	 -42.2593	  173.8135
4.427	 3.00	 1	 -41.7729	  174.2690
4.428	 2.35	 1	 -42.3783	  173.5395
4.429	 2.15	 2	 -41.9845	  174.0881
4.430	 2.07	 1	 -42.5806	  172.9074
4.430	 2.12	 2	 -41.5858	  173.2314
4.430	 2.03	 1	 -42.3623	  173.9098
4.430	 2.04	 2	 -41.8103	  172.9462
4.431	 2.44	 1	 -42.5959	  173.0328
4.432	 2.19	 1	 -42.3033	  173.9723
4.433	 2.45	 1	 -41.7773	  174.2256
4.433	 2.59	 2	 -41.7653	  174.1776
4.434	 2.67	 1	 -41.8333	  174.1575
4.436	 3.13	 1	 -41.8187	  174.2314
4.436	 2.51	 2	 -42.4510	  172.6421
4.436	 2.25	 1	 -42.4337	  173.1001
4.438	 2.14	 1	 -42.7569	  172.9905
4.439	 2.12	 1	 -42.7466	  173.3500
4.439	 2.23	 1	 -42.4328	  173.3617
4.440	 2.44	 2	 -42.0161	  173.6904
4.440	 2.05	 1	 -42.6313	  173.0862
4.440	 2.41	 1	 -42.2703	  173.9011
4.443	 2.17	 1	 -42.4580	  174.1825
4.443	 2.09	 1	 -41.7721	  174.0888
4.444	 2.36	 1	 -41.8779	  173.9010
4.445	 2.43	 2	 -42.3900	  173.7814
4.446	 2.37	 1	 -42.7463	  172.8427
4.446	 2.23	 1	 -41.6913	  174.2415
4.447	 2.30	 2	 -42.7589	  173.1197
4.450	 2.67	 1	 -42.1134	  173.5904
4.450	 2.03	 1	 -41.6598	  173.6058
4.451	 2.30	 2	 -41.9636	  173.8240
4.451	 2.02	 2	 -42.1148	  173.8860
4.451	 2.48	 1	 -42.1858	  173.6244
4.453	 2.49	 2	 -42.0087	  173.4023
4.454	 2.46	 2	 -42.0828	  173.5462
4.454	 2.22	 1	 -42.7251	  173.1561
4.454	 2.20	 1	 -41.7787	  174.2653
4.454	 4.31	 1	 -42.2889	  173.6700
4.455	 2.64	 1	 -42.3284	  173.9409
4.455	 2.37	 1	 -41.9124	  173.5446
4.456	 2.14	 1	 -41.8816	  173.9525
4.456	 3.32	 2	 -43.3258	  174.0795
4.458	 2.26	 2	 -42.6444	  172.7548
4.458	 3.77	 1	 -41.7489	  174.1984
4.459	 2.08	 1	 -42.2930	  174.0913
4.462	 3.64	 1	 -41.7194	  174.2550
4.462	 2.93	 1	 -42.2673	  173.6666
4.463	 2.03	 3	 -42.6298	  172.9178
4.464	 2.28	 2	 -41.6762	  174.2442
4.464	 2.79	 1	 -42.4650	  173.7496
4.464	 2.64	 1	 -42.3406	  173.6523
4.466	 2.49	 2	 -41.7238	  174.2248
4.466	 2.57	 2	 -42.5599	  173.1026
4.467	 2.22	 1	 -42.2662	  173.6134
4.467	 2.32	 1	 -41.7491	  174.2771
4.467	 2.09	 1	 -42.2116	  173.8060
4.468	 2.32	 1	 -42.2831	  173.5558
4.470	 2.68	 1	 -41.9713	  173.1921
4.470	 2.02	 1	 -42.6351	  172.9231
4.471	 3.32	 1	 -42.0069	  173.9466
4.471	 2.45	 1	 -42.5825	  173.1317
4.471	 2.80	 1	 -42.2854	  173.7274
4.472	 2.75	 1	 -41.7776	  174.2357
4.472	 3.59	 1	 -40.3717	  173.9690
4.473	 2.12	 1	 -41.7171	  174.2749
4.473	 2.35	 1	 -42.5812	  173.1259
4.474	 2.08	 2	 -42.1347	  173.5791
4.474	 2.57	 1	 -42.6558	  172.6446
4.475	 2.53	 1	 -42.3416	  173.3840
4.476	 3.31	 1	 -42.2347	  173.5279
4.476	 2.12	 2	 -41.9577	  173.7949
4.477	 2.90	 1	 -43.0296	  173.5211
4.477	 2.07	 1	 -42.5146	  173.2569
4.477	 2.29	 2	 -41.7628	  173.5622
4.477	 2.24	 1	 -41.7327	  174.3206
4.477	 2.15	 1	 -41.8942	  174.2117
4.478	 2.67	 1	 -42.3293	  173.7444
4.478	 2.73	 1	 -40.3097	  168.1791
4.479	 2.71	 1	 -42.2496	  173.6614
4.481	 4.12	 1	 -41.7556	  174.2900
4.481	 2.36	 2	 -41.6931	  173.1563
4.481	 2.37	 1	 -41.7270	  174.1595
4.481	 2.70	 1	 -41.8792	  174.2737
4.481	 2.05	 1	 -42.6606	  172.8398
4.482	 2.09	 2	 -42.6521	  172.6391
4.482	 2.41	 1	 -42.2165	  173.8669
4.484	 2.11	 1	 -41.7602	  174.1167
4.485	 2.26	 2	 -42.4868	  173.7674
4.485	 4.55	 1	 -41.7206	  174.3437
4.486	 2.88	 1	 -42.3048	  173.5470
4.486	 2.61	 1	 -41.6901	  174.3567
4.487	 2.48	 2	 -41.7079	  174.3078
4.488	 2.16	 3	 -42.1561	  173.8335
4.489	 2.03	 1	 -42.1125	  173.8467
4.489	 2.01	 1	 -42.2461	  173.6554
4.489	 2.10	 1	 -42.2145	  173.5562
4.489	 2.18	 1	 -42.5308	  173.1013
4.490	 4.18	 3	 -42.1807	  173.7401
4.491	 2.46	 1	 -42.5013	  173.4337
4.494	 2.43	 2	 -41.7076	  174.3313
4.494	 2.94	 1	 -42.8770	  173.6415
4.494	 2.69	 1	 -42.2542	  173.7862
4.494	 2.36	 1	 -41.3112	  174.2316
4.495	 2.63	 1	 -41.8403	  173.9427
4.497	 2.00	 1	 -42.5644	  173.4823
4.497	 2.54	 1	 -41.7028	  174.4729
4.497	 2.07	 1	 -41.6730	  173.8600
4.500	 2.12	 2	 -41.9373	  173.5740
4.501	 2.19	 2	 -41.7008	  174.1400
4.502	 2.07	 2	 -41.9456	  173.7573
4.502	 4.66	 2	 -41.7150	  174.3382
4.502	 2.59	 1	 -42.3190	  174.0604
4.502	 2.66	 1	 -41.7786	  174.3009
4.503	 2.26	 1	 -42.1894	  173.6064
4.504	 2.37	 1	 -42.2785	  173.2176
4.504	 2.00	 1	 -42.2198	  174.1806
4.505	 2.08	 1	 -42.0005	  175.7338
4.505	 2.03	 1	 -41.9753	  173.6998
4.505	 2.05	 1	 -42.4249	  173.8264
4.506	 2.87	 1	 -44.0162	  167.1368
4.506	 2.82	 1	 -41.6846	  174.2478
4.507	 2.86	 1	 -41.5270	  174.3373
4.508	 2.01	 1	 -41.8298	  174.1391
4.509	 2.07	 1	 -42.2463	  173.8055
4.511	 2.03	 1	 -42.3795	  174.0069
4.512	 2.07	 1	 -41.9780	  174.0226
4.513	 2.23	 2	 -42.5672	  172.9408
4.515	 2.03	 1	 -41.9956	  174.0120
4.515	 2.99	 1	 -42.4575	  173.6626
4.516	 2.03	 1	 -41.8969	  174.0465
4.516	 2.16	 1	 -41.7983	  174.2813
4.516	 2.12	 2	 -41.7302	  174.2874
4.517	 2.12	 1	 -41.7869	  174.0319
4.517	 2.90	 1	 -42.0994	  173.7619
4.517	 2.14	 1	 -41.5623	  174.2355
4.518	 2.14	 1	 -41.8148	  174.2390
4.518	 2.71	 2	 -42.7239	  173.0891
4.518	 2.25	 2	 -42.4291	  173.7818
4.520	 2.12	 1	 -42.6885	  172.8489
4.521	 2.34	 2	 -42.3921	  173.7791
4.521	 2.45	 1	 -42.4628	  173.7382
4.523	 2.07	 1	 -42.9737	  174.1955
4.523	 2.38	 2	 -42.6132	  173.0505
4.524	 2.55	 1	 -42.8291	  173.1106
4.525	 2.37	 1	 -41.7753	  174.1928
4.525	 2.66	 1	 -42.3724	  173.6097
4.525	 2.52	 1	 -41.8582	  174.0909
4.525	 2.67	 1	 -42.3100	  173.6971
4.526	 2.01	 1	 -41.6865	  174.1749
4.526	 2.46	 2	 -42.5119	  173.2295
4.526	 2.83	 2	 -42.5170	  173.0163
4.529	 2.23	 1	 -41.6798	  174.2087
4.530	 2.22	 1	 -44.1584	  172.7184
4.530	 2.13	 1	 -42.1485	  173.6779
4.531	 2.52	 3	 -41.7232	  174.3295
4.531	 2.62	 1	 -41.6344	  174.0508
4.532	 2.08	 1	 -42.9942	  173.2806
4.532	 2.76	 3	 -42.0129	  174.3647
4.532	 3.08	 1	 -42.9802	  173.0287
4.533	 3.08	 2	 -41.7663	  173.1576
4.535	 2.66	 2	 -42.2342	  173.8571
4.536	 2.35	 1	 -41.9571	  172.9758
4.536	 2.30	 1	 -41.8431	  174.1483
4.536	 2.65	 2	 -41.7293	  174.2783
4.537	 2.35	 1	 -41.7346	  174.4097
4.539	 2.12	 2	 -42.0195	  173.8345
4.540	 2.43	 2	 -41.8094	  174.2060
4.541	 4.00	 1	 -42.4933	  173.2420
4.541	 2.18	 2	 -42.7196	  173.0961
4.541	 3.08	 2	 -42.3957	  173.3718
4.542	 2.18	 1	 -42.2476	  173.8554
4.543	 2.04	 1	 -41.7634	  174.2944
4.544	 2.77	 1	 -42.4417	  173.1993
4.545	 2.13	 1	 -41.7607	  174.2612
4.546	 3.44	 1	 -42.2005	  173.5306
4.546	 2.24	 1	 -41.9727	  173.8798
4.547	 4.80	 2	 -41.7303	  174.1950
4.547	 2.41	 2	 -41.7578	  174.1158
4.549	 3.80	 1	 -42.4704	  173.1251
4.549	 2.21	 1	 -42.7028	  172.9423
4.551	 2.34	 1	 -42.3124	  173.8921
4.551	 2.53	 1	 -41.7018	  174.2767
4.551	 2.24	 1	 -42.3460	  173.8523
4.554	 2.25	 2	 -42.4048	  173.8070
4.554	 2.34	 2	 -41.4754	  175.7967
4.555	 3.80	 2	 -41.6958	  174.3850
4.555	 2.30	 1	 -42.4571	  173.6466
4.556	 2.45	 1	 -41.7697	  174.2128
4.557	 2.36	 1	 -42.4356	  174.0612
4.557	 2.32	 2	 -42.4057	  173.7650
4.559	 2.25	 1	 -42.4738	  173.7005
4.560	 2.25	 1	 -41.9201	  174.0801
4.560	 2.06	 1	 -42.5950	  172.5720
4.560	 2.60	 1	 -42.3767	  173.0762
4.561	 2.04	 1	 -42.1018	  172.9348
4.562	 2.19	 1	 -42.3846	  172.8430
4.562	 2.03	 1	 -41.9966	  173.7389
4.564	 3.28	 1	 -42.3210	  173.5090
4.564	 2.02	 1	 -42.4388	  173.5354
4.564	 2.02	 3	 -42.4238	  173.1749
4.564	 2.88	 1	 -42.6936	  172.8483
4.564	 2.33	 1	 -42.7447	  172.8530
4.565	 2.21	 3	 -42.3575	  172.7699
4.566	 2.14	 1	 -42.5605	  173.7307
4.566	 2.20	 1	 -42.2941	  173.6471
4.566	 2.02	 1	 -42.2822	  173.6831
4.567	 2.28	 1	 -41.9815	  173.8884
4.567	 2.40	 2	 -42.6866	  173.3327
4.567	 2.02	 2	 -42.3934	  173.8192
4.570	 2.05	 1	 -42.3327	  174.0802
4.571	 2.31	 1	 -41.6813	  174.2033
4.572	 2.11	 1	 -42.7910	  173.1265
4.572	 2.16	 1	 -41.6838	  174.2730
4.572	 2.75	 1	 -41.7599	  174.2056
4.573	 2.69	 2	 -41.8211	  173.6976
4.574	 2.04	 1	 -41.6581	  174.1470
4.574	 2.46	 1	 -42.3364	  173.8952
4.574	 2.03	 1	 -42.4295	  172.9532
4.574	 2.09	 2	 -42.3896	  173.4296
4.576	 2.49	 1	 -42.5658	  173.0380
4.576	 2.02	 1	 -42.3426	  173.3740
4.578	 2.27	 1	 -42.4817	  173.8193
4.579	 2.01	 1	 -42.3503	  173.6862
4.580	 2.13	 1	 -42.2514	  173.3392
4.581	 4.89	 1	 -41.7885	  174.2150
4.582	 2.34	 2	 -42.5303	  173.6832
4.583	 2.56	 1	 -42.3208	  173.8288
4.583	 2.10	 1	 -41.2672	  174.2451
4.583	 2.05	 1	 -42.3888	  173.5397
4.583	 2.44	 1	 -42.3858	  173.8021
4.583	 2.70	 3	 -42.2839	  173.1853
4.584	 2.06	 1	 -41.7529	  174.0635
4.585	 2.67	 1	 -42.6656	  172.7504
4.586	 2.04	 1	 -42.8348	  172.7652
4.586	 2.05	 1	 -42.3595	  174.0808
4.587	 3.05	 1	 -41.1912	  174.1155
4.588	 2.21	 1	 -42.0839	  173.6993
4.588	 2.36	 3	 -42.2325	  173.6910
4.588	 2.02	 1	 -41.7785	  174.1862
4.588	 2.57	 1	 -42.4736	  173.0625
4.589	 2.03	 3	 -41.7416	  174.1670
4.590	 3.13	 2	 -42.3642	  173.8904
4.591	 2.18	 1	 -42.5403	  173.7706
4.591	 2.43	 3	 -41.7241	  174.2738
4.592	 2.07	 1	 -42.5728	  172.9738
4.593	 2.21	 1	 -41.8956	  174.0589
4.593	 2.90	 1	 -42.0299	  173.7206
4.594	 2.97	 1	 -42.3914	  173.9904
4.594	 2.03	 2	 -41.9731	  173.8817
4.594	 2.41	 1	 -42.2026	  173.7024
4.594	 2.95	 1	 -42.5371	  172.9453
4.595	 2.32	 3	 -41.7128	  174.4423
4.595	 3.25	 1	 -41.7644	  174.2879
4.595	 2.21	 2	 -44.4289	  178.9869
4.596	 2.82	 1	 -42.0048	  173.7532
4.597	 2.29	 1	 -41.7063	  174.1040
4.597	 2.06	 2	 -41.9965	  173.3588
4.598	 2.79	 1	 -42.5777	  174.0262
4.598	 2.90	 2	 -41.6886	  174.1620
4.601	 2.01	 1	 -42.2263	  173.7189
4.601	 2.06	 1	 -42.2042	  173.7859
4.603	 2.11	 1	 -41.9607	  173.7384
4.603	 2.39	 1	 -42.8189	  174.4617
4.603	 2.18	 1	 -41.9546	  174.1691
4.603	 2.21	 1	 -42.2023	  173.6094
4.605	 2.52	 1	 -41.7965	  174.5593
4.606	 2.54	 1	 -41.7178	  174.2385
4.607	 2.50	 1	 -42.5481	  173.1755
4.607	 2.11	 2	 -42.6376	  173.4663
4.607	 2.23	 2	 -42.4248	  172.7622
4.608	 5.21	 3	 -42.7345	  173.1818
4.609	 2.09	 1	 -42.1868	  173.6142
4.610	 2.02	 2	 -41.8633	  174.4590
4.612	 2.07	 1	 -41.5520	  174.4168
4.612	 2.00	 4	 -42.6878	  173.3416
4.612	 2.10	 4	 -42.9194	  173.0927
4.612	 2.01	 2	 -42.5751	  173.3560
4.612	 2.57	 2	 -41.6856	  174.3484
4.614	 2.16	 1	 -42.4235	  173.0872
4.614	 2.23	 1	 -42.6825	  172.1084
4.615	 2.39	 1	 -41.7280	  174.4194
4.616	 2.49	 1	 -41.6768	  174.3183
4.616	 2.28	 1	 -42.1804	  173.6012
4.617	 2.36	 3	 -42.2430	  173.8637
4.617	 2.59	 1	 -42.2958	  173.8469
4.617	 2.17	 3	 -41.7569	  174.3181
4.618	 2.63	 3	 -42.5441	  173.1103
4.620	 2.45	 1	 -42.3529	  174.2974
4.620	 2.15	 1	 -42.2587	  173.6429
4.620	 2.07	 1	 -41.8837	  174.2423
4.622	 3.08	 2	 -41.9286	  173.7899
4.622	 2.03	 3	 -42.3647	  173.8920
4.623	 2.51	 4	 -42.7537	  173.1614
4.623	 2.27	 1	 -42.0698	  173.6973
4.624	 2.66	 1	 -41.8007	  174.3310
4.624	 2.10	 1	 -41.6240	  174.1982
4.624	 2.59	 4	 -42.1751	  173.7459
4.625	 2.27	 4	 -42.7783	  173.1007
4.626	 2.44	 1	 -42.5251	  173.0982
4.626	 2.28	 1	 -42.3919	  173.5812
4.627	 2.04	 2	 -42.3312	  172.9618
4.628	 2.35	 1	 -42.7059	  172.9147
4.629	 2.25	 1	 -41.8384	  174.2403
4.629	 2.14	 1	 -42.6237	  172.7881
4.631	 2.37	 1	 -42.5327	  173.0978
4.631	 2.16	 4	 -42.7348	  173.1786
4.632	 2.22	 1	 -42.2584	  173.6369
4.633	 2.04	 1	 -41.6589	  174.1027
4.635	 2.42	 1	 -41.8302	  174.0659
4.635	 2.49	 2	 -42.2304	  172.9797
4.637	 2.63	 1	 -42.5809	  172.9992
4.637	 2.13	 2	 -42.2461	  174.0039
4.638	 3.62	 1	 -42.2204	  173.5152
4.638	 2.46	 3	 -41.7263	  174.1934
4.638	 2.26	 1	 -42.5161	  173.7560
4.639	 2.02	 1	 -42.2762	  173.5969
4.640	 2.05	 1	 -41.8458	  174.0864
4.643	 2.21	 1	 -41.8671	  174.6342
4.643	 2.74	 1	 -42.0954	  173.8815
4.643	 2.52	 1	 -42.5040	  173.0161
4.644	 2.59	 3	 -42.6744	  173.4676
4.644	 3.98	 2	 -41.8792	  173.9255
4.644	 2.01	 1	 -41.9353	  173.6584
4.644	 2.52	 1	 -41.7402	  173.9879
4.645	 2.32	 1	 -42.2112	  173.5562
4.646	 3.73	 1	 -42.5274	  173.1810
4.646	 2.79	 1	 -42.0493	  173.9427
4.646	 2.67	 1	 -42.2195	  173.7614
4.646	 2.57	 3	 -41.7025	  173.1063
4.646	 2.16	 2	 -42.3503	  172.8060
4.647	 2.12	 1	 -42.4751	  173.1372
4.648	 2.80	 1	 -42.3436	  173.6568
4.648	 2.41	 1	 -42.5765	  172.7776
4.651	 2.46	 1	 -41.9892	  173.9810
4.651	 2.06	 3	 -41.7247	  173.1316
4.651	 2.59	 1	 -42.2104	  173.6173
4.653	 2.19	 1	 -42.4574	  172.8480
4.653	 2.38	 2	 -42.4522	  173.6673
4.653	 2.40	 1	 -41.4974	  174.3102
4.654	 2.02	 1	 -42.2728	  173.8205
4.654	 2.72	 1	 -42.8246	  174.2021
4.654	 2.25	 3	 -42.0293	  174.0207
4.654	 2.00	 1	 -41.6993	  174.2918
4.654	 2.40	 1	 -41.7657	  174.1850
4.655	 2.31	 1	 -42.0148	  173.9674
4.655	 2.61	 3	 -42.2818	  174.0635
4.655	 2.77	 2	 -41.6881	  173.1185
4.656	 2.06	 1	 -41.7349	  174.2016
4.656	 2.67	 3	 -42.5224	  173.1275
4.658	 2.36	 2	 -42.0227	  173.6875
4.660	 3.78	 1	 -42.3659	  173.2097
4.663	 2.05	 1	 -42.2088	  173.7211
4.664	 2.12	 1	 -41.6493	  174.1182
4.664	 2.35	 2	 -42.6038	  173.1660
4.664	 3.39	 1	 -41.9428	  174.3740
4.666	 2.03	 3	 -41.8899	  173.8965
4.666	 2.10	 1	 -42.3145	  173.6234
4.667	 2.79	 2	 -41.7517	  173.7756
4.668	 3.30	 2	 -41.7014	  174.1275
4.669	 2.07	 4	 -42.7473	  173.4939
4.669	 2.02	 1	 -42.4356	  174.0477
4.669	 2.04	 1	 -41.9712	  173.9271
4.670	 2.39	 2	 -42.2393	  173.9938
4.674	 2.18	 1	 -41.7341	  174.2877
4.674	 2.13	 1	 -42.3808	  173.8589
4.675	 2.26	 1	 -42.2518	  173.5768
4.676	 2.18	 2	 -42.3694	  172.6654
4.676	 2.14	 2	 -42.4470	  174.0113
4.676	 2.19	 1	 -42.2278	  173.6279
4.676	 2.03	 4	 -42.7672	  173.1472
4.677	 3.00	 2	 -47.2302	  177.1755
4.677	 2.32	 1	 -38.4409	  175.8566
4.677	 2.32	 2	 -42.2284	  173.7564
4.677	 2.74	 1	 -43.6837	  172.7135
4.678	 2.39	 1	 -42.7438	  172.8814
4.679	 2.17	 3	 -41.8412	  173.8994
4.679	 2.25	 2	 -42.4609	  173.8066
4.680	 2.26	 1	 -42.4469	  174.0033
4.681	 2.96	 1	 -41.7788	  174.2626
4.682	 2.07	 1	 -42.3170	  173.8044
4.683	 2.27	 2	 -42.3291	  172.7991
4.683	 2.30	 2	 -42.5619	  173.1250
4.683	 2.26	 1	 -42.3070	  173.2092
4.685	 2.44	 1	 -41.7021	  174.3288
4.685	 2.70	 1	 -42.3733	  174.0113
4.686	 2.45	 1	 -41.7034	  174.3369
4.686	 2.03	 1	 -41.8078	  174.2641
4.687	 2.13	 1	 -41.8190	  174.2092
4.687	 2.01	 2	 -42.3875	  173.5777
4.689	 2.42	 1	 -42.1679	  173.1365
4.689	 3.33	 1	 -42.3877	  173.9971
4.689	 2.54	 2	 -41.8527	  174.2772
4.689	 2.62	 2	 -41.6934	  173.1316
4.690	 3.56	 1	 -42.5467	  173.3714
4.691	 2.19	 1	 -42.3351	  173.9048
4.691	 2.35	 2	 -42.4683	  173.0473
4.691	 2.26	 1	 -41.7292	  174.3064
4.691	 2.09	 3	 -41.7269	  174.1943
4.692	 2.10	 1	 -40.4326	  173.8316
4.693	 2.08	 1	 -42.6807	  179.5751
4.693	 2.09	 1	 -41.7018	  174.2662
4.694	 2.59	 1	 -41.9604	  173.9005
4.694	 2.28	 2	 -42.3602	  173.7980
4.694	 2.02	 2	 -42.3840	  174.0660
4.695	 2.23	 1	 -38.0521	  174.3054
4.696	 2.27	 1	 -41.8964	  172.2271
4.697	 2.60	 1	 -42.2856	  173.6441
4.698	 3.08	 2	 -41.9906	  173.6853
4.698	 2.33	 1	 -42.5585	  173.2299
4.699	 2.65	 1	 -42.2476	  173.4952
4.700	 2.05	 1	 -42.3050	  173.2841
4.700	 2.53	 2	 -42.6734	  171.6015
4.700	 2.01	 2	 -42.4465	  172.6210
4.701	 2.90	 1	 -42.1339	  168.8972
4.702	 2.31	 1	 -42.0080	  173.8550
4.704	 2.35	 1	 -42.1987	  173.5274
4.705	 2.44	 2	 -42.2971	  173.1290
4.707	 2.84	 3	 -41.5534	  174.2856
4.707	 2.45	 1	 -41.7654	  174.2649
4.708	 2.69	 1	 -42.1034	  173.6788
4.708	 2.02	 1	 -41.7256	  174.3663
4.709	 2.71	 1	 -42.2363	  173.6344
4.710	 2.13	 1	 -41.6509	  174.2036
4.710	 2.29	 4	 -42.7268	  173.1801
4.710	 2.02	 1	 -41.6280	  180.3088
4.710	 2.17	 2	 -41.9599	  173.7439
4.710	 2.72	 3	 -41.8790	  173.9266
4.710	 2.09	 1	 -42.2360	  173.1278
4.711	 2.07	 1	 -41.7964	  174.3030
4.711	 2.19	 3	 -41.7106	  174.3222
4.712	 2.17	 1	 -42.4126	  174.3899
4.713	 3.09	 1	 -42.7500	  172.8238
4.714	 2.49	 2	 -42.2810	  173.6802
4.714	 2.06	 2	 -42.6457	  173.7945
4.714	 2.38	 1	 -42.1859	  173.6576
4.715	 2.11	 3	 -41.4852	  174.3103
4.715	 2.50	 1	 -42.3658	  173.5921
4.716	 3.13	 1	 -42.2406	  173.6908
4.716	 2.24	 1	 -41.7074	  174.1677
4.719	 2.93	 1	 -43.7452	  174.6915
4.720	 2.12	 1	 -42.2703	  173.8708
4.720	 2.11	 1	 -41.5622	  174.5241
4.721	 2.80	 1	 -41.7702	  174.4506
4.721	 2.14	 1	 -42.3249	  173.4664
4.723	 2.01	 1	 -42.3580	  173.8086
4.723	 2.25	 1	 -43.0795	  173.9091
4.723	 2.90	 1	 -41.6836	  174.2683
4.724	 2.33	 1	 -42.7159	  174.1282
4.724	 2.11	 2	 -41.9757	  174.5383
4.725	 2.89	 1	 -42.3125	  173.3458
4.725	 2.41	 1	 -42.4729	  174.1235
4.725	 4.14	 3	 -42.2436	  173.7099
4.725	 2.22	 1	 -42.2694	  173.6935
4.727	 2.27	 2	 -42.4719	  173.3599
4.727	 2.17	 2	 -42.4349	  173.1929
4.727	 3.14	 1	 -41.6157	  175.3350
4.728	 2.37	 1	 -42.7262	  173.0709
4.729	 2.03	 1	 -42.5034	  173.7537
4.731	 2.45	 2	 -41.6760	  174.3128
4.732	 2.71	 1	 -42.4564	  172.5864
4.732	 2.03	 1	 -42.3976	  173.8702
4.732	 2.05	 2	 -42.3387	  173.6222
4.732	 2.35	 3	 -41.7055	  174.2025
4.732	 2.50	 2	 -42.3640	  174.0243
4.733	 3.92	 2	 -42.3892	  173.8008
4.733	 2.04	 1	 -42.2936	  173.4638
4.734	 4.26	 1	 -41.7481	  174.2461
4.736	 2.15	 2	 -41.9047	  173.9772
4.736	 2.22	 1	 -41.5941	  174.4270
4.737	 3.12	 1	 -42.4935	  173.1379
4.737	 2.30	 1	 -41.6913	  174.2762
4.738	 2.18	 3	 -42.6938	  173.9827
4.739	 2.25	 1	 -41.8182	  174.1288
4.739	 2.85	 1	 -41.9858	  172.7122
4.740	 2.08	 1	 -41.7502	  174.2253
4.740	 2.08	 1	 -42.2986	  173.5968
4.742	 2.24	 1	 -42.3625	  173.9014
4.742	 2.01	 2	 -42.3691	  173.6962
4.743	 2.63	 2	 -42.0351	  174.3576
4.744	 2.17	 1	 -42.6425	  172.9518
4.744	 2.25	 3	 -41.8159	  174.3114
4.745	 2.36	 1	 -42.4491	  173.7646
4.745	 2.87	 3	 -42.6369	  172.9530
4.745	 2.50	 3	 -41.7838	  174.1163
4.746	 2.26	 1	 -41.7331	  171.1144
4.746	 2.34	 1	 -41.7657	  174.3288
4.746	 2.00	 1	 -42.3161	  173.7639
4.747	 2.63	 1	 -42.3660	  173.9872
4.748	 2.56	 2	 -42.2976	  174.0955
4.748	 2.05	 2	 -41.7011	  174.7569
4.748	 3.00	 1	 -42.2370	  173.6095
4.748	 2.65	 1	 -41.3185	  174.2059
4.748	 2.36	 2	 -41.7703	  174.2491
4.749	 2.05	 1	 -41.7068	  174.1863
4.749	 2.77	 4	 -42.6812	  173.9773
4.749	 2.41	 1	 -42.6086	  173.0541
4.749	 2.02	 1	 -42.5445	  172.5532
4.751	 2.74	 1	 -42.5391	  173.2153
4.751	 2.08	 1	 -42.5062	  173.0690
4.752	 2.09	 1	 -42.3069	  173.5664
4.754	 2.21	 1	 -42.4865	  173.3978
4.754	 2.42	 1	 -42.2806	  174.1328
4.755	 2.24	 1	 -41.8321	  172.5370
4.755	 2.29	 2	 -42.5698	  173.3579
4.756	 2.01	 1	 -42.7492	  172.9537
4.757	 2.04	 2	 -42.1323	  173.8118
4.758	 2.29	 4	 -42.2576	  173.6611
4.758	 2.00	 1	 -42.4460	  173.6307
4.758	 2.15	 1	 -42.6651	  172.8906
4.758	 2.63	 1	 -42.2022	  172.3522
4.758	 2.35	 1	 -41.6752	  174.4905
4.759	 2.76	 1	 -42.1387	  172.9068
4.760	 2.30	 1	 -42.2783	  173.7912
4.760	 2.07	 2	 -41.7682	  174.2747
4.761	 2.06	 2	 -41.9704	  173.7247
4.761	 2.92	 1	 -42.6899	  172.7496
4.762	 2.95	 2	 -42.5192	  173.4385
4.763	 2.09	 1	 -41.6999	  174.3056
4.763	 2.45	 2	 -42.3954	  173.8110
4.764	 2.02	 1	 -42.2764	  173.3344
4.765	 3.07	 2	 -41.7582	  174.2106
4.766	 2.26	 1	 -42.4283	  173.8138
4.766	 2.51	 1	 -41.9809	  173.7117
4.767	 2.66	 2	 -41.9132	  173.7377
4.768	 2.03	 1	 -41.4612	  175.0496
4.770	 2.29	 1	 -41.7309	  174.2034
4.771	 2.18	 2	 -42.6479	  173.5981
4.771	 2.28	 1	 -42.5629	  173.3966
4.772	 2.09	 1	 -42.3801	  173.1160
4.772	 2.24	 1	 -41.7192	  174.4314
4.773	 2.84	 1	 -43.3253	  173.2789
4.773	 2.40	 1	 -42.2889	  174.4787
4.774	 2.28	 2	 -42.4603	  174.0214
4.774	 2.39	 1	 -42.0851	  174.0510
4.775	 2.04	 1	 -42.6402	  172.9604
4.776	 2.04	 2	 -42.0930	  173.7481
4.776	 2.07	 2	 -42.0976	  173.8607
4.776	 2.49	 1	 -42.3608	  173.8089
4.777	 2.64	 1	 -41.7019	  174.1240
4.778	 2.19	 1	 -42.6303	  172.9882
4.778	 2.20	 2	 -45.0859	  178.4259
4.779	 2.02	 2	 -42.5516	  173.4011
4.779	 2.47	 1	 -42.3567	  173.6886
4.781	 2.26	 3	 -41.7211	  174.3137
4.782	 3.00	 1	 -41.7998	  174.3405
4.782	 2.31	 2	 -41.9480	  173.8582
4.784	 2.40	 2	 -42.4517	  173.7754
4.785	 3.18	 1	 -42.7980	  172.4795
4.785	 2.07	 2	 -42.3788	  172.7807
4.786	 2.00	 2	 -42.3374	  173.4446
4.787	 2.31	 1	 -42.4239	  173.0059
4.788	 2.19	 2	 -42.1274	  173.8982
4.788	 2.57	 1	 -42.6581	  172.8013
4.789	 2.06	 1	 -42.0963	  172.9324
4.789	 2.03	 3	 -41.6776	  174.3337
4.789	 2.29	 2	 -42.4051	  172.7296
4.790	 2.18	 2	 -41.7487	  174.0026
4.791	 3.90	 1	 -42.0749	  173.7032
4.791	 2.26	 1	 -41.9934	  174.0379
4.792	 2.10	 1	 -42.3987	  173.2137
4.792	 2.53	 2	 -42.0913	  172.9080
4.793	 2.33	 1	 -41.6756	  174.3026
4.793	 3.03	 1	 -42.3311	  173.4099
4.794	 2.50	 3	 -42.6274	  173.5213
4.794	 2.22	 2	 -41.7696	  174.2315
4.795	 2.39	 1	 -41.6811	  174.3016
4.795	 2.30	 2	 -42.2745	  173.5779
4.796	 2.64	 1	 -42.0905	  173.7618
4.797	 2.36	 1	 -41.6212	  176.5059
4.798	 2.16	 1	 -42.8114	  173.0544
4.799	 2.62	 2	 -42.3215	  173.6504
4.799	 2.99	 2	 -42.0835	  173.8951
4.801	 2.60	 1	 -41.1197	  169.1208
4.803	 2.16	 1	 -41.6970	  174.2780
4.804	 3.12	 1	 -42.8184	  174.9492
4.804	 3.17	 1	 -42.5899	  173.1624
4.805	 2.07	 1	 -42.2282	  173.5595
4.806	 2.07	 1	 -42.4450	  173.0025
4.806	 2.20	 1	 -42.9736	  171.3725
4.806	 2.08	 1	 -41.7790	  174.2483
4.806	 2.96	 1	 -41.8467	  173.9689
4.807	 2.22	 1	 -42.6174	  173.0853
4.808	 2.08	 2	 -41.6992	  174.0271
4.809	 2.60	 1	 -41.8987	  173.9126
4.809	 2.36	 2	 -42.5537	  173.3708
4.810	 2.56	 1	 -41.7957	  174.2294
4.811	 2.09	 1	 -42.2332	  173.6369
4.812	 2.22	 1	 -42.3331	  173.2215
4.813	 3.03	 1	 -42.3266	  173.3876
4.813	 2.35	 1	 -43.0674	  173.5433
4.814	 2.75	 1	 -42.5733	  173.0342
4.816	 2.34	 2	 -42.0062	  173.5950
4.816	 3.49	 1	 -42.2146	  174.0239
4.816	 2.65	 1	 -42.7476	  174.3270
4.817	 2.13	 1	 -42.7165	  172.9374
4.818	 2.66	 4	 -42.7541	  173.0586
4.823	 2.00	 2	 -42.4195	  173.0094
4.823	 2.01	 1	 -42.4495	  174.0236
4.824	 2.36	 2	 -42.0052	  173.7721
4.824	 2.10	 1	 -42.2707	  173.7934
4.824	 2.20	 3	 -42.4095	  173.8258
4.824	 2.83	 4	 -43.6993	  174.6194
4.825	 2.94	 1	 -42.4359	  173.7768
4.826	 2.24	 1	 -41.9213	  173.9538
4.827	 3.22	 1	 -42.4301	  173.4514
4.828	 3.32	 2	 -42.3338	  174.0432
4.829	 2.24	 1	 -42.2763	  173.7664
4.829	 3.34	 1	 -42.2952	  173.4686
4.829	 3.46	 1	 -42.4480	  173.3158
4.830	 2.21	 2	 -41.6686	  174.0115
4.832	 2.49	 1	 -41.7082	  174.3784
4.834	 2.57	 1	 -42.1196	  173.6832
4.835	 2.01	 1	 -41.8469	  174.1791
4.836	 2.55	 1	 -42.2334	  173.5945
4.836	 2.12	 1	 -41.7441	  174.2193
4.837	 2.28	 3	 -41.9599	  175.4537
4.837	 2.81	 1	 -42.5807	  173.3795
4.838	 2.07	 1	 -42.2152	  173.6187
4.838	 2.38	 1	 -41.7744	  174.1067
4.839	 3.19	 1	 -41.8432	  173.2945
4.840	 2.29	 2	 -41.7513	  174.2914
4.842	 2.69	 2	 -42.2845	  173.4822
4.844	 2.36	 1	 -42.2427	  173.7039
4.844	 2.42	 1	 -41.6931	  174.1790
4.844	 2.22	 2	 -42.4545	  172.7047
4.846	 2.31	 3	 -41.7233	  174.2099
4.846	 2.11	 1	 -42.0256	  173.7197
4.847	 3.16	 1	 -42.3859	  172.9703
4.847	 2.71	 2	 -41.7432	  174.3296
4.847	 2.13	 1	 -42.1271	  173.3116
4.848	 2.43	 1	 -42.4171	  173.2715
4.848	 2.19	 1	 -41.2557	  172.0039
4.848	 2.30	 1	 -42.3238	  173.6922
4.848	 3.10	 1	 -41.7255	  174.2187
4.849	 3.18	 1	 -42.3345	  173.8068
4.849	 2.31	 1	 -41.8720	  173.9390
4.850	 2.08	 1	 -42.0501	  173.8864
4.850	 2.67	 1	 -41.6931	  173.9757
4.850	 2.02	 1	 -41.6464	  174.3194
4.852	 2.53	 1	 -42.3794	  173.5411
4.852	 2.01	 1	 -41.6728	  174.2710
4.854	 2.02	 2	 -42.6675	  172.2856
4.855	 2.56	 1	 -42.4111	  173.2352
4.856	 2.08	 1	 -42.4342	  173.7968
4.856	 2.04	 1	 -42.2286	  173.5658
4.856	 2.37	 1	 -41.7832	  174.1901
4.856	 3.18	 2	 -42.3373	  172.7613
4.857	 2.27	 3	 -42.5999	  172.5557
4.857	 2.14	 1	 -42.1044	  173.8597
4.858	 2.11	 1	 -41.7551	  174.3777
4.859	 2.03	 2	 -42.4090	  173.2292
4.859	 2.40	 2	 -42.3706	  173.8424
4.860	 2.17	 1	 -42.2664	  173.5789
4.861	 3.33	 1	 -42.1384	  173.5760
4.861	 4.04	 1	 -42.5110	  173.6042
4.861	 2.46	 2	 -41.6793	  174.2311
4.863	 2.33	 2	 -42.0702	  173.7080
4.863	 2.47	 2	 -42.5175	  173.6077
4.864	 3.11	 1	 -42.6177	  173.2085
4.864	 2.52	 2	 -42.5876	  173.1495
4.864	 2.15	 1	 -41.9973	  173.7862
4.866	 2.15	 2	 -42.4025	  173.7984
4.868	 2.74	 1	 -42.3484	  173.7837
4.868	 2.02	 2	 -42.4376	  173.7790
4.868	 2.43	 1	 -42.3909	  173.8076
4.869	 2.15	 2	 -42.2095	  173.6125
4.869	 2.34	 1	 -41.8708	  173.7796
4.870	 2.26	 1	 -42.3573	  173.4630
4.873	 2.20	 1	 -42.2542	  173.6897
4.873	 3.19	 2	 -42.0029	  173.9430
4.874	 3.37	 1	 -42.2663	  173.4330
4.874	 2.09	 1	 -42.2764	  173.8624
4.876	 2.15	 3	 -43.1177	  171.8401
4.876	 3.81	 1	 -42.6484	  172.3703
4.876	 2.50	 1	 -41.7909	  174.3381
4.877	 2.22	 1	 -42.5506	  173.1325
4.877	 2.49	 1	 -41.7138	  174.3236
4.879	 2.14	 2	 -41.8797	  174.3576
4.879	 2.19	 2	 -41.9666	  173.7675
4.879	 2.00	 1	 -42.2222	  173.9165
4.879	 2.43	 1	 -41.9635	  173.8592
4.881	 2.09	 1	 -41.7847	  173.9713
4.881	 2.47	 4	 -42.3218	  173.1017
4.881	 4.02	 1	 -41.6854	  174.1920
4.882	 2.27	 1	 -41.8085	  174.1663
4.884	 3.74	 1	 -42.2659	  174.0305
4.884	 2.84	 3	 -43.0748	  171.8500
4.884	 2.10	 2	 -41.7024	  174.3804
4.885	 2.24	 1	 -42.6121	  173.0319
4.886	 2.27	 1	 -41.6850	  174.3628
4.886	 2.63	 1	 -41.7983	  174.1834
4.887	 2.23	 1	 -41.9502	  173.6575
4.888	 2.81	 1	 -42.1202	  173.5759
4.888	 2.40	 1	 -41.9541	  173.6967
4.889	 2.30	 1	 -42.3294	  173.4175
4.889	 2.10	 1	 -42.2422	  173.6367
4.892	 3.49	 1	 -42.4477	  173.7620
4.892	 2.11	 1	 -42.4247	  174.0426
4.892	 2.27	 3	 -42.4224	  173.8177
4.892	 2.01	 1	 -42.2473	  174.2241
4.893	 2.40	 2	 -41.6461	  173.1166
4.893	 2.25	 2	 -42.4599	  173.7832
4.893	 2.60	 1	 -41.8379	  174.9794
4.895	 2.04	 1	 -42.4357	  173.2326
4.895	 2.01	 1	 -42.1410	  173.5796
4.895	 2.24	 1	 -42.3981	  173.5901
4.895	 2.44	 1	 -42.4489	  173.1005
4.896	 3.08	 1	 -41.7674	  174.2629
4.896	 2.72	 1	 -42.2302	  173.6586
4.897	 2.89	 1	 -42.3852	  173.3472
4.898	 2.31	 1	 -41.6726	  174.2052
4.899	 2.14	 2	 -41.7678	  174.4297
4.901	 2.24	 4	 -42.7261	  173.2101
4.902	 2.70	 1	 -42.3885	  174.0073
4.903	 2.37	 1	 -42.1771	  173.4594
4.904	 2.72	 1	 -42.8109	  173.0402
4.904	 2.40	 1	 -42.6079	  172.8641
4.906	 2.44	 1	 -41.6883	  174.1507
4.906	 2.57	 1	 -41.7435	  174.1379
4.906	 2.32	 1	 -42.1644	  173.5944
4.906	 2.32	 1	 -42.3417	  174.0640
4.908	 2.97	 2	 -42.2607	  173.2127
4.908	 2.26	 1	 -41.6486	  174.0617
4.909	 2.25	 1	 -42.4047	  174.0119
4.910	 2.00	 2	 -41.7434	  174.3197
4.912	 2.26	 2	 -42.4693	  173.7517
4.913	 2.97	 1	 -42.5656	  173.1985
4.914	 2.10	 1	 -42.5668	  173.1349
4.915	 2.01	 1	 -42.5652	  173.0411
4.915	 2.48	 2	 -41.6824	  174.3242
4.915	 2.43	 3	 -42.4220	  173.9836
4.916	 2.07	 1	 -42.8481	  176.2354
4.916	 3.23	 1	 -42.5821	  172.9775
4.916	 2.16	 1	 -42.3441	  173.8862
4.916	 2.28	 1	 -41.7554	  174.2030
4.918	 2.33	 1	 -42.2639	  173.6000
4.918	 2.00	 1	 -42.2650	  173.6549
4.919	 2.81	 2	 -42.0561	  174.1009
4.919	 3.63	 2	 -42.3717	  173.2164
4.919	 2.04	 1	 -42.4844	  173.3076
4.919	 3.16	 2	 -41.9870	  173.7615
4.921	 2.01	 1	 -42.2488	  173.5191
4.921	 2.30	 1	 -41.5490	  174.0407
4.921	 2.13	 1	 -42.7023	  173.1951
4.922	 2.12	 1	 -42.2683	  173.8654
4.923	 2.13	 1	 -38.4799	  170.7829
4.923	 2.56	 1	 -42.0157	  173.6218
4.923	 2.18	 1	 -42.4415	  173.2059
4.924	 2.06	 3	 -41.7190	  174.3684
4.925	 2.05	 1	 -41.6656	  174.2493
4.925	 2.00	 2	 -42.7429	  172.6303
4.926	 3.31	 3	 -41.8887	  173.9072
4.928	 3.06	 1	 -41.9246	  173.8790
4.928	 2.09	 1	 -42.3764	  173.6659
4.929	 2.91	 1	 -41.8326	  174.1976
4.930	 2.41	 1	 -41.9296	  173.8987
4.932	 2.17	 1	 -42.3508	  172.9623
4.933	 2.49	 2	 -41.9169	  174.4227
4.933	 2.17	 1	 -41.8750	  170.9791
4.933	 2.21	 1	 -41.7932	  174.2626
4.934	 2.21	 2	 -42.1106	  173.8457
4.935	 2.01	 1	 -42.0447	  173.7232
4.935	 2.40	 1	 -42.0907	  173.7970
4.935	 2.11	 1	 -41.7672	  174.2367
4.937	 2.26	 2	 -42.2044	  173.5619
4.937	 2.17	 1	 -41.6641	  174.3280
4.939	 2.28	 1	 -41.8052	  174.2480
4.939	 4.78	 1	 -42.2552	  173.6449
4.939	 2.05	 1	 -42.0649	  173.7545
4.940	 2.35	 1	 -41.7538	  174.3263
4.941	 2.31	 1	 -42.3929	  173.0063
4.942	 2.20	 1	 -41.7203	  174.2622
4.942	 2.16	 2	 -42.5197	  173.1304
4.942	 2.87	 1	 -42.2392	  173.6177
4.943	 2.07	 1	 -41.8017	  174.2622
4.944	 2.75	 1	 -41.9628	  174.0430
4.944	 2.09	 1	 -43.0297	  171.9690
4.944	 2.11	 1	 -42.5766	  172.9774
4.944	 4.08	 1	 -42.3797	  174.0378
4.945	 2.12	 1	 -42.3649	  173.7718
4.946	 2.48	 1	 -42.2994	  174.3586
4.946	 2.08	 1	 -42.5029	  172.7829
4.947	 2.26	 1	 -42.0361	  173.8687
4.948	 2.04	 2	 -42.2179	  173.5067
4.948	 3.62	 1	 -42.2358	  172.5625
4.949	 2.17	 2	 -42.0944	  174.5513
4.949	 3.02	 2	 -42.2062	  173.4344
4.950	 2.92	 1	 -42.7388	  172.8152
4.950	 3.88	 2	 -41.7300	  174.2945
4.950	 2.45	 1	 -41.7391	  174.1508
4.951	 2.15	 2	 -42.1580	  174.0295
4.952	 2.06	 1	 -42.7990	  173.3591
4.954	 2.56	 1	 -42.4421	  173.7737
4.954	 2.55	 2	 -42.7165	  172.6185
4.954	 2.28	 3	 -42.2771	  174.0640
4.954	 2.22	 1	 -42.1925	  173.5946
4.954	 3.86	 1	 -42.2708	  173.6510
4.954	 2.03	 2	 -41.9484	  174.3908
4.955	 2.25	 2	 -42.5502	  173.3501
4.955	 2.81	 2	 -41.6409	  174.6960
4.956	 2.41	 1	 -42.3859	  173.0478
4.957	 2.79	 1	 -41.7158	  174.3306
4.957	 2.82	 1	 -41.9704	  173.1020
4.957	 2.59	 1	 -42.5129	  166.9785
4.958	 2.04	 1	 -42.5266	  173.1508
4.959	 2.62	 1	 -41.6270	  174.2937
4.959	 2.74	 2	 -41.5965	  174.7138
4.959	 2.23	 1	 -42.5865	  172.7676
4.959	 2.37	 2	 -42.4045	  173.1559
4.961	 2.10	 2	 -42.2757	  173.6840
4.961	 2.04	 1	 -41.8330	  174.2074
4.961	 2.26	 2	 -41.2950	  173.6724
4.961	 2.02	 1	 -42.1863	  173.5800
4.963	 2.95	 1	 -41.9307	  173.9867
4.964	 2.19	 1	 -41.8608	  174.2500
4.965	 2.62	 1	 -42.5466	  173.3320
4.965	 3.08	 2	 -42.3835	  174.0386
4.966	 2.30	 1	 -42.5332	  173.1802
4.966	 2.07	 2	 -42.5448	  173.8800
4.968	 2.39	 1	 -42.3381	  173.8317
4.969	 2.09	 1	 -42.0433	  173.8216
4.969	 2.94	 1	 -41.8292	  174.2028
4.970	 2.01	 1	 -42.5305	  173.1244
4.970	 2.46	 1	 -41.9128	  173.3028
4.971	 2.07	 1	 -41.8176	  174.0270
4.971	 2.05	 4	 -42.7203	  173.1891
4.972	 2.05	 1	 -38.4606	  177.0411
4.972	 2.24	 1	 -41.6526	  174.2990
4.973	 2.12	 1	 -41.6530	  174.5643
4.974	 3.12	 3	 -42.7174	  173.4422
4.975	 2.32	 1	 -41.6965	  174.3054
4.977	 2.04	 1	 -42.2802	  173.4975
4.979	 2.14	 3	 -41.7140	  174.3180
4.979	 2.52	 3	 -42.0450	  174.1017
4.980	 2.13	 1	 -41.6585	  174.4284
4.980	 2.31	 1	 -42.6626	  172.8055
4.981	 2.28	 2	 -42.6661	  172.2466
4.981	 2.21	 1	 -42.3917	  173.9724
4.981	 2.15	 2	 -41.7696	  174.1876
4.982	 2.20	 1	 -42.3194	  173.2553
4.982	 2.49	 3	 -42.2689	  173.7421
4.983	 2.07	 1	 -42.6023	  172.8349
4.984	 2.32	 4	 -42.5722	  173.0853
4.984	 3.35	 1	 -41.9377	  173.8766
4.985	 2.16	 2	 -41.6963	  173.1087
4.985	 2.20	 2	 -42.6852	  172.7521
4.985	 2.94	 1	 -43.2808	  170.5317
4.987	 2.07	 1	 -42.4222	  174.0488
4.987	 2.39	 1	 -41.6825	  174.2329
4.988	 2.13	 4	 -42.2492	  173.1115
4.988	 2.03	 1	 -41.8016	  173.9855
4.988	 2.61	 2	 -41.7494	  174.3429
4.989	 2.34	 1	 -42.1980	  173.7230
4.989	 2.18	 1	 -42.4337	  173.1816
4.989	 2.08	 1	 -42.5032	  173.6831
4.990	 2.37	 2	 -41.6347	  174.7018
4.990	 2.04	 2	 -41.6787	  174.2081
4.990	 2.61	 1	 -41.9860	  173.7386
4.992	 2.05	 1	 -41.7180	  174.1225
4.992	 2.05	 1	 -42.4233	  173.3572
4.993	 2.63	 1	 -42.5596	  173.0456
4.993	 2.28	 1	 -42.3253	  173.1940
4.994	 2.86	 1	 -43.1525	  174.5096
4.995	 2.37	 1	 -41.6881	  174.2980
4.996	 2.67	 1	 -42.1675	  173.6013
4.996	 2.11	 1	 -41.6319	  174.2447
4.997	 2.76	 1	 -41.6758	  174.1793
4.997	 2.09	 2	 -41.5996	  174.0187
4.997	 2.26	 1	 -42.8415	  172.9937
4.998	 2.04	 1	 -43.2858	  174.2193
4.998	 2.82	 1	 -41.5194	  173.9687
4.999	 2.24	 1	 -42.5346	  173.0893
5.000	 2.15	 1	 -42.6145	  173.1476
5.001	 2.32	 1	 -41.6364	  174.5475
5.002	 2.04	 1	 -41.9262	  174.0066
5.003	 2.17	 1	 -42.2592	  173.8361
5.003	 3.50	 1	 -41.8220	  174.2533
5.004	 2.17	 1	 -41.6313	  173.7640
5.004	 2.28	 1	 -42.4183	  173.7924
5.005	 2.06	 4	 -42.7229	  173.4441
5.007	 2.14	 1	 -42.2755	  173.8862
5.009	 2.08	 2	 -42.3179	  173.8373
5.009	 2.08	 2	 -42.1815	  173.5717
5.010	 2.17	 1	 -41.7522	  174.1814
5.010	 2.12	 2	 -42.2449	  173.0390
5.010	 2.34	 2	 -42.4505	  173.8071
5.011	 2.14	 2	 -42.4531	  173.7893
5.012	 2.65	 1	 -42.1326	  173.5383
5.012	 2.90	 1	 -38.3133	  171.6335
5.013	 2.16	 1	 -42.3182	  173.6284
5.013	 3.27	 2	 -42.3293	  173.8367
5.015	 2.40	 1	 -41.8291	  174.0880
5.015	 2.18	 2	 -42.1025	  172.7415
5.016	 2.12	 1	 -42.5728	  172.7535
5.016	 2.08	 1	 -41.8111	  174.1399
5.017	 2.24	 1	 -42.3846	  174.0295
5.018	 2.08	 1	 -42.1952	  173.9064
5.018	 2.06	 2	 -42.2789	  173.6577
5.018	 2.11	 2	 -41.8043	  174.3421
5.020	 3.96	 1	 -42.4097	  173.1765
5.021	 2.25	 1	 -42.6024	  173.1982
5.022	 3.29	 2	 -42.5032	  173.7841
5.025	 2.23	 2	 -42.4733	  173.6604
5.025	 2.48	 4	 -42.2453	  173.7088
5.026	 2.30	 2	 -42.0252	  173.9052
5.026	 2.21	 2	 -42.2497	  172.5452
5.026	 2.27	 2	 -42.0501	  174.0350
5.026	 3.44	 1	 -42.5789	  172.8799
5.026	 2.80	 1	 -41.9821	  173.7334
5.026	 2.43	 2	 -42.3981	  174.2047
5.027	 2.57	 1	 -42.0541	  174.3209
5.027	 2.77	 2	 -41.8331	  174.2133
5.028	 2.31	 2	 -41.7427	  174.2924
5.029	 2.71	 3	 -42.6890	  172.7408
5.031	 2.34	 1	 -42.3777	  173.8334
5.033	 2.88	 1	 -42.9003	  173.0133
5.033	 3.35	 2	 -42.3344	  174.1884
5.033	 2.79	 1	 -41.8092	  174.2678
5.033	 2.06	 1	 -42.0480	  173.4155
5.034	 2.14	 1	 -42.2129	  173.8671
5.035	 2.32	 1	 -41.7904	  174.2592
5.036	 2.24	 1	 -42.1927	  173.6523
5.037	 2.60	 4	 -42.7126	  173.2022
5.037	 2.21	 1	 -41.1007	  171.4220
5.038	 2.06	 1	 -41.7414	  174.2724
5.039	 2.08	 1	 -42.5463	  173.1140
5.040	 2.10	 4	 -42.9425	  173.2889
5.040	 2.69	 2	 -42.3396	  173.8197
5.041	 3.56	 2	 -42.2172	  173.6361
5.042	 2.71	 1	 -42.3431	  173.8592
5.043	 2.03	 1	 -42.7611	  172.8570
5.043	 2.20	 2	 -43.2376	  173.4658
5.044	 2.18	 1	 -42.0492	  173.7220
5.045	 2.48	 2	 -41.7248	  174.1197
5.045	 2.85	 2	 -41.9402	  173.7481
5.046	 2.09	 1	 -42.4726	  174.0935
5.046	 2.15	 1	 -42.3949	  173.0278
5.047	 2.04	 1	 -42.4198	  173.8411
5.048	 3.87	 1	 -42.2201	  173.6120
5.048	 2.44	 1	 -42.2435	  173.7237
5.050	 2.20	 2	 -41.6766	  174.3485
5.051	 3.08	 2	 -42.2111	  173.8878
5.051	 2.49	 1	 -41.7360	  174.3836
5.053	 2.08	 1	 -42.6068	  174.0853
5.055	 2.04	 1	 -44.4466	  176.2300
5.056	 2.59	 1	 -41.9979	  173.6110
5.056	 3.07	 1	 -41.7584	  174.2964
5.059	 2.61	 1	 -42.5570	  173.1944
5.059	 2.84	 1	 -42.9545	  172.5096
5.060	 2.33	 1	 -42.7140	  172.9781
5.060	 2.05	 2	 -42.4446	  174.0088
5.060	 2.13	 1	 -41.8002	  174.2246
5.061	 2.76	 1	 -42.1553	  173.4779
5.062	 2.02	 1	 -41.7389	  174.2474
5.062	 4.34	 2	 -42.2628	  174.0392
5.065	 2.46	 4	 -43.0228	  174.4309
5.065	 2.22	 2	 -41.5472	  174.3445
5.066	 2.52	 1	 -42.1978	  173.9397
5.066	 2.68	 2	 -41.6157	  175.3350
5.067	 3.12	 1	 -42.4645	  173.2104
5.067	 2.51	 1	 -41.7050	  174.4557
5.067	 2.26	 2	 -42.3735	  173.8327
5.068	 2.13	 1	 -41.6512	  174.1802
5.068	 3.51	 1	 -42.3741	  173.8098
5.069	 3.03	 1	 -42.0447	  173.6306
5.070	 2.56	 1	 -41.6990	  174.2663
5.070	 2.02	 1	 -41.8575	  174.1360
5.071	 2.15	 1	 -42.3631	  174.0403
5.072	 2.26	 1	 -41.6893	  174.2840
5.073	 3.56	 1	 -42.3478	  172.7115
5.074	 2.22	 1	 -42.4753	  173.6111
5.074	 2.19	 1	 -41.9559	  173.7173
5.074	 2.19	 1	 -41.7730	  174.2780
5.075	 2.21	 2	 -41.9297	  173.8161
5.077	 2.52	 2	 -41.6299	  174.1801
5.077	 2.14	 2	 -42.2262	  174.4409
5.079	 2.00	 1	 -42.0847	  173.6337
5.079	 2.98	 1	 -42.3037	  173.8299
5.079	 2.17	 1	 -43.6319	  173.1062
5.082	 2.46	 1	 -41.7828	  174.2088
5.083	 2.42	 2	 -42.5030	  173.0144
5.083	 2.04	 2	 -41.7585	  174.2940
5.084	 2.03	 1	 -42.5459	  173.1400
5.084	 2.28	 1	 -42.5698	  171.2586
5.084	 2.11	 1	 -42.8516	  173.6552
5.089	 2.44	 1	 -42.3480	  173.9255
5.089	 2.16	 1	 -41.7967	  174.2564
5.090	 2.55	 2	 -41.9352	  173.7628
5.090	 2.43	 1	 -42.4903	  173.7184
5.090	 2.64	 2	 -42.2218	  173.6971
5.091	 3.04	 2	 -42.6523	  173.0633
5.091	 2.26	 1	 -42.3573	  173.7229
5.091	 2.29	 2	 -42.2428	  172.5651
5.092	 2.43	 1	 -42.0212	  174.0141
5.093	 2.15	 1	 -42.6853	  172.7903
5.093	 3.22	 2	 -42.3506	  172.8123
5.093	 2.00	 1	 -41.7213	  174.3493
5.096	 3.13	 1	 -41.9860	  173.8884
5.096	 2.18	 2	 -41.7379	  173.1272
5.096	 2.09	 3	 -42.4480	  173.6092
5.097	 2.30	 1	 -42.6901	  172.9552
5.098	 2.01	 1	 -42.5016	  172.9344
5.099	 2.30	 1	 -42.6059	  173.5089
5.101	 2.35	 1	 -42.1999	  173.1021
5.101	 4.70	 1	 -42.3930	  174.1182
5.102	 2.53	 1	 -39.8951	  173.1687
5.103	 2.69	 1	 -41.7304	  174.2573
5.104	 2.20	 2	 -42.0919	  173.7677
5.104	 2.01	 1	 -42.3902	  173.3697
5.105	 2.20	 1	 -42.3213	  172.3138
5.106	 2.06	 1	 -42.0178	  173.6592
5.106	 2.82	 1	 -42.6292	  173.0724
5.107	 2.12	 1	 -42.4174	  173.9545
5.111	 2.09	 1	 -42.1460	  173.6070
5.112	 2.17	 1	 -42.0016	  173.7112
5.113	 2.26	 1	 -42.4694	  173.3821
5.113	 2.28	 2	 -42.3872	  173.4652
5.114	 2.92	 2	 -42.6440	  172.9700
5.114	 2.93	 1	 -41.5320	  174.3926
5.115	 2.06	 3	 -41.8664	  173.4773
5.116	 2.38	 2	 -42.1115	  173.8361
5.116	 2.05	 2	 -42.3465	  173.9243
5.116	 2.13	 1	 -41.9008	  173.6546
5.117	 3.61	 2	 -42.3348	  172.7998
5.117	 2.41	 2	 -42.5372	  174.0155
5.119	 4.10	 2	 -42.5277	  173.5156
5.119	 2.33	 2	 -42.5369	  173.7921
5.119	 2.09	 2	 -42.5477	  172.9435
5.120	 2.85	 1	 -42.2432	  173.6484
5.120	 2.34	 2	 -42.3815	  174.0658
5.121	 3.31	 2	 -42.5635	  173.1787
5.121	 3.09	 1	 -43.1441	  173.5679
5.122	 2.37	 1	 -42.3892	  173.9902
5.123	 2.63	 1	 -41.7412	  174.3327
5.123	 2.26	 1	 -41.6931	  174.2277
5.123	 2.01	 1	 -41.6572	  174.2746
5.126	 2.19	 2	 -42.3626	  174.0003
5.127	 2.07	 1	 -42.4935	  173.1964
5.127	 2.44	 1	 -41.7199	  174.2424
5.128	 2.37	 1	 -42.5437	  173.0256
5.129	 2.03	 1	 -42.5657	  173.6641
5.129	 2.14	 1	 -42.3303	  173.5305
5.130	 2.48	 1	 -42.7057	  172.9419
5.131	 2.14	 1	 -42.5377	  173.9049
5.132	 2.21	 1	 -43.2735	  174.9021
5.132	 2.53	 2	 -43.3149	  172.2788
5.133	 3.58	 1	 -42.3375	  173.7755
5.134	 2.34	 1	 -38.9280	  176.9009
5.134	 2.76	 1	 -41.9880	  173.7497
5.134	 2.78	 1	 -42.2865	  174.0156
5.134	 2.27	 1	 -42.7646	  173.8165
5.134	 2.43	 2	 -42.0664	  173.7127
5.135	 2.74	 1	 -41.7077	  174.2827
5.135	 2.54	 2	 -41.9265	  173.6651
5.136	 3.14	 1	 -42.3276	  173.8114
5.138	 2.33	 1	 -42.2472	  173.9223
5.139	 2.08	 1	 -41.7276	  174.3119
5.140	 2.00	 1	 -41.6841	  174.4240
5.141	 2.99	 1	 -41.9540	  173.4383
5.141	 2.10	 1	 -42.4890	  173.1880
5.143	 2.85	 3	 -41.7283	  174.3494
5.144	 2.41	 1	 -42.3801	  173.4493
5.144	 2.49	 1	 -41.5296	  172.9589
5.144	 2.18	 1	 -42.0486	  173.7726
5.145	 3.75	 1	 -41.6934	  174.2769
5.147	 2.28	 1	 -41.4903	  175.1684
5.150	 2.02	 1	 -42.1846	  173.6299
5.151	 2.22	 1	 -41.8866	  173.6726
5.152	 2.17	 2	 -42.5320	  173.1122
5.152	 2.04	 1	 -42.6856	  172.9348
5.153	 2.24	 2	 -41.6802	  173.1163
5.153	 2.35	 1	 -42.5989	  173.2299
5.154	 2.80	 1	 -41.7998	  174.2601
5.154	 2.04	 3	 -41.7313	  174.2193
5.154	 2.06	 1	 -41.6512	  174.2946
5.155	 2.12	 3	 -42.2461	  174.1003
5.155	 2.43	 1	 -42.3817	  172.7464
5.156	 2.12	 1	 -42.3895	  172.6598
5.158	 3.51	 1	 -41.7290	  174.2103
5.158	 2.23	 1	 -42.1762	  173.6617
5.158	 2.47	 1	 -42.4760	  173.1272
5.158	 2.01	 1	 -42.5495	  172.4389
5.158	 2.00	 1	 -42.0391	  173.8607
5.160	 2.16	 2	 -42.3141	  173.9241
5.160	 2.03	 3	 -41.7679	  174.2273
5.163	 2.03	 1	 -41.7229	  174.0649
5.164	 4.54	 1	 -42.0620	  173.7541
5.164	 2.99	 2	 -42.4275	  174.1315
5.166	 2.91	 3	 -41.7028	  174.3835
5.166	 2.11	 1	 -42.6287	  172.9951
5.168	 2.67	 1	 -42.2587	  173.6581
5.169	 2.21	 2	 -42.3514	  173.3522
5.170	 2.96	 1	 -42.8204	  172.4769
5.171	 2.04	 2	 -42.1007	  173.8502
5.171	 2.41	 1	 -42.1827	  173.7152
5.172	 2.64	 1	 -42.2546	  173.7772
5.173	 2.00	 2	 -42.1348	  168.8921
5.175	 2.29	 2	 -42.1918	  173.6700
5.175	 2.05	 2	 -41.7019	  174.3577
5.176	 2.17	 1	 -41.5981	  174.2191
5.176	 2.42	 1	 -41.8477	  173.5429
5.177	 2.04	 1	 -42.2545	  173.5352
5.177	 2.42	 2	 -42.2554	  173.6413
5.177	 2.49	 4	 -42.4733	  173.0827
5.178	 3.51	 1	 -41.7514	  174.2074
5.179	 2.19	 1	 -42.3604	  171.7124
5.180	 2.10	 1	 -41.7382	  174.2506
5.180	 3.23	 1	 -42.4381	  172.7586
5.180	 2.43	 1	 -42.2795	  173.6387
5.183	 2.47	 1	 -41.7493	  174.3003
5.183	 2.16	 1	 -41.7217	  174.2743
5.185	 4.15	 1	 -42.2082	  173.8308
5.185	 2.10	 1	 -42.1397	  173.6291
5.186	 3.18	 1	 -42.2696	  173.6436
5.186	 2.78	 1	 -42.3426	  173.7350
5.187	 3.20	 1	 -41.7444	  174.2147
5.188	 2.32	 1	 -41.7122	  174.2487
5.189	 3.27	 1	 -41.6779	  174.2223
5.190	 2.58	 2	 -42.4297	  174.3711
5.190	 2.32	 1	 -42.3066	  173.8510
5.192	 2.22	 2	 -42.2540	  173.2222
5.192	 3.85	 3	 -42.5493	  173.5150
5.194	 2.14	 1	 -42.8400	  173.0297
5.194	 2.11	 2	 -41.9194	  173.9604
5.195	 2.08	 2	 -42.3130	  174.1334
5.197	 2.11	 3	 -41.7142	  174.3383
5.198	 2.09	 1	 -42.5063	  171.6476
5.200	 2.05	 1	 -41.7618	  173.0240
5.201	 2.26	 1	 -41.6769	  174.6336
5.202	 2.56	 4	 -42.1795	  173.7455
5.202	 2.32	 3	 -42.6364	  173.5249
5.203	 2.00	 1	 -42.3756	  173.3831
5.203	 2.22	 1	 -41.7564	  174.3135
5.203	 2.01	 2	 -42.7676	  173.5831
5.203	 2.17	 2	 -42.5818	  172.9856
5.204	 2.07	 1	 -42.2266	  173.5764
5.204	 2.00	 2	 -42.3177	  173.1642
5.206	 2.24	 2	 -41.7963	  174.2085
5.208	 2.95	 2	 -41.9680	  177.2840
5.208	 2.73	 1	 -42.2487	  173.1773
5.209	 2.11	 2	 -42.4174	  174.0642
5.209	 2.04	 2	 -41.7734	  174.2318
5.210	 2.52	 1	 -42.5195	  173.0291
5.213	 2.96	 1	 -41.3313	  173.0480
5.213	 2.13	 2	 -42.4742	  172.9381
5.213	 2.01	 3	 -42.3364	  172.8186
5.214	 2.36	 1	 -42.2672	  173.8246
5.214	 2.33	 1	 -41.9412	  174.0788
5.216	 2.26	 2	 -42.2818	  173.6758
5.217	 2.03	 1	 -41.6712	  174.2361
5.218	 2.05	 1	 -42.2207	  172.8362
5.218	 2.53	 2	 -41.6549	  174.2003
5.218	 2.99	 1	 -41.9593	  174.1171
5.220	 2.35	 2	 -42.1263	  173.7095
5.220	 2.62	 1	 -41.9942	  174.1250
5.221	 2.12	 1	 -42.3591	  174.0430
5.221	 2.39	 1	 -41.7381	  174.2022
5.222	 2.37	 1	 -41.7683	  174.3177
5.223	 2.26	 3	 -41.7222	  174.3623
5.223	 2.29	 1	 -42.5739	  173.1029
5.223	 2.15	 2	 -41.7878	  174.1915
5.224	 2.11	 1	 -42.5792	  173.4202
5.225	 2.15	 2	 -42.0653	  173.6894
5.225	 2.51	 1	 -42.2480	  173.6019
5.226	 2.03	 1	 -41.8720	  174.1862
5.226	 2.34	 2	 -42.2009	  173.3883
5.229	 2.05	 1	 -41.6141	  174.4808
5.229	 2.33	 1	 -42.4043	  173.7899
5.229	 2.48	 4	 -42.7601	  173.2011
5.233	 2.05	 1	 -42.2710	  173.7132
5.233	 2.26	 1	 -42.8876	  172.3862
5.234	 2.31	 2	 -41.9402	  173.7933
5.236	 2.03	 2	 -41.7304	  174.4007
5.238	 2.64	 1	 -41.7524	  174.4309
5.238	 2.31	 2	 -42.2672	  174.0353
5.239	 2.13	 1	 -41.7477	  174.3580
5.239	 2.15	 2	 -42.3297	  173.1120
5.240	 3.71	 1	 -42.5616	  174.0667
5.240	 2.80	 1	 -41.9191	  174.0628
5.240	 2.60	 1	 -41.8141	  174.2916
5.240	 2.01	 1	 -42.4223	  173.2959
5.241	 3.03	 2	 -42.0531	  173.7598
5.241	 2.01	 1	 -43.0582	  171.9188
5.243	 2.42	 1	 -42.8892	  173.0762
5.244	 3.92	 2	 -41.9791	  173.8040
5.244	 3.03	 1	 -42.6339	  173.2004
5.244	 2.77	 1	 -41.9929	  173.6684
5.244	 2.04	 1	 -42.5801	  173.6791
5.245	 2.10	 1	 -41.9112	  173.8968
5.245	 2.01	 2	 -43.0351	  172.6343
5.246	 2.93	 1	 -41.6882	  174.2421
5.247	 2.16	 1	 -42.1995	  173.5933
5.248	 2.20	 1	 -43.2818	  173.7444
5.248	 2.11	 3	 -42.5785	  173.4756
5.249	 2.12	 2	 -42.5177	  173.5912
5.249	 2.11	 2	 -42.6943	  172.2790
5.249	 2.72	 1	 -41.7067	  174.2432
5.251	 2.10	 1	 -42.3559	  173.2144
5.253	 2.33	 1	 -41.7391	  174.5878
5.253	 2.03	 2	 -42.4494	  173.7865
5.255	 2.14	 1	 -41.9587	  173.7784
5.256	 2.64	 1	 -38.7417	  170.1009
5.257	 2.47	 1	 -42.1164	  173.6727
5.258	 2.07	 2	 -42.2540	  173.6335
5.258	 2.34	 1	 -41.6950	  174.2366
5.258	 2.14	 2	 -42.2893	  173.1378
5.258	 2.46	 2	 -41.8334	  174.1897
5.259	 2.51	 2	 -42.6711	  173.2065
5.260	 2.21	 1	 -41.7600	  174.0993
5.260	 2.30	 1	 -42.5633	  173.3008
5.261	 2.01	 2	 -41.6629	  173.0897
5.262	 2.30	 1	 -42.3483	  174.1753
5.262	 2.13	 1	 -41.0455	  170.5835
5.263	 2.32	 1	 -41.8521	  173.9744
5.265	 2.46	 1	 -42.2782	  173.5013
5.265	 2.44	 1	 -41.9648	  173.4409
5.267	 2.11	 2	 -42.2358	  173.7453
5.267	 2.41	 4	 -42.7442	  173.1471
5.268	 2.19	 1	 -42.7466	  172.9876
5.268	 2.82	 3	 -42.3744	  173.2291
5.269	 3.17	 1	 -42.6691	  172.9247
5.271	 2.70	 1	 -42.4350	  173.0727
5.271	 2.04	 1	 -41.6905	  174.1870
5.271	 3.18	 1	 -41.7140	  174.4225
5.272	 2.89	 3	 -42.3607	  173.3872
5.272	 2.13	 1	 -42.2522	  173.8843
5.273	 2.23	 2	 -41.9172	  173.7881
5.273	 2.05	 1	 -42.0299	  173.5326
5.274	 2.05	 2	 -41.6994	  173.1523
5.274	 2.08	 1	 -40.8628	  172.6865
5.275	 2.60	 1	 -43.0053	  173.1956
5.276	 2.10	 1	 -42.2724	  173.7285
5.277	 2.47	 2	 -42.1469	  173.9033
5.277	 2.02	 2	 -42.3008	  173.4243
5.277	 2.22	 1	 -42.6490	  172.7466
5.278	 2.20	 1	 -42.0023	  173.6766
5.279	 2.27	 2	 -41.7733	  174.4448
5.279	 2.82	 3	 -41.7142	  174.3466
5.279	 2.34	 2	 -42.5333	  173.1084
5.280	 2.50	 1	 -41.6806	  174.1367
5.281	 2.90	 2	 -42.5382	  173.0901
5.281	 2.61	 1	 -42.3693	  174.0959
5.281	 2.66	 3	 -42.2921	  174.0108
5.282	 2.00	 1	 -41.7163	  174.2809
5.282	 2.00	 1	 -42.0582	  173.7011
5.283	 2.90	 2	 -41.7593	  172.9998
5.284	 2.01	 1	 -41.6137	  174.1207
5.284	 3.34	 1	 -42.8110	  173.8707
5.285	 2.75	 1	 -44.6316	  174.4901
5.285	 2.06	 1	 -42.4882	  172.9147
5.286	 2.27	 1	 -42.6323	  172.9919
5.286	 2.62	 1	 -42.2686	  173.9311
5.286	 2.22	 1	 -41.7573	  174.2809
5.288	 3.16	 1	 -41.9572	  174.0453
5.288	 2.31	 3	 -41.7090	  174.3251
5.288	 2.07	 2	 -41.7373	  174.3113
5.289	 2.39	 1	 -42.9600	  171.9496
5.289	 3.73	 1	 -42.6810	  172.7618
5.289	 2.18	 1	 -42.2926	  173.7420
5.289	 2.81	 1	 -42.2377	  173.6644
5.290	 2.28	 3	 -41.7007	  174.3867
5.291	 2.10	 1	 -42.0672	  173.7895
5.292	 2.19	 1	 -41.9340	  173.7158
5.292	 2.29	 1	 -41.7899	  174.5793
5.293	 2.38	 1	 -42.5874	  173.1581
5.293	 2.56	 1	 -41.8095	  174.2143
5.293	 2.63	 2	 -42.2868	  173.7852
5.293	 2.59	 1	 -41.6795	  174.4834
5.295	 2.22	 2	 -42.2051	  173.8409
5.295	 2.06	 1	 -41.7174	  174.1548
5.296	 2.06	 1	 -41.7847	  174.2034
5.297	 2.16	 2	 -42.0977	  173.7109
5.298	 2.62	 1	 -42.3415	  173.5145
5.299	 2.06	 2	 -41.8482	  173.5394
5.300	 2.07	 2	 -41.7954	  174.0727
5.300	 3.09	 2	 -43.0431	  173.1876
5.300	 2.86	 1	 -41.6954	  174.2376
5.300	 2.38	 1	 -42.2342	  174.1190
5.301	 2.60	 3	 -42.5937	  172.8211
5.302	 2.75	 2	 -42.7526	  174.3150
5.302	 2.19	 1	 -42.1219	  173.7845
5.302	 2.13	 1	 -41.7862	  174.0402
5.302	 2.06	 1	 -42.5157	  173.3693
5.303	 2.46	 1	 -41.6818	  173.4179
5.304	 2.79	 1	 -41.8474	  173.9464
5.304	 2.18	 2	 -42.1285	  173.7803
5.305	 2.01	 3	 -42.0940	  173.7501
5.306	 2.09	 1	 -41.6640	  174.2527
5.306	 2.05	 2	 -42.2862	  174.0033
5.306	 2.46	 1	 -42.5467	  173.1601
5.306	 2.06	 1	 -42.3201	  173.9792
5.307	 2.48	 1	 -42.1341	  173.7563
5.308	 3.41	 1	 -42.4421	  173.6424
5.310	 2.45	 1	 -42.6458	  172.7212
5.310	 2.22	 2	 -42.2579	  173.6470
5.311	 2.03	 2	 -42.3870	  173.5868
5.312	 2.46	 1	 -41.9905	  173.7559
5.312	 4.04	 1	 -42.2194	  178.1114
5.313	 2.10	 1	 -40.9928	  174.1356
5.314	 3.31	 1	 -42.3206	  173.2579
5.315	 2.14	 2	 -42.3336	  173.4082
5.315	 2.36	 1	 -42.3917	  173.1235
5.315	 2.26	 2	 -42.3792	  173.5653
5.316	 2.34	 1	 -42.4088	  173.1181
5.318	 2.08	 1	 -42.5719	  174.0142
5.318	 4.22	 1	 -42.2921	  174.1084
5.318	 2.34	 1	 -42.2232	  173.7121
5.318	 2.00	 1	 -42.5452	  173.0855
5.318	 3.00	 1	 -41.8384	  174.3822
5.318	 2.17	 1	 -41.8901	  173.6470
5.319	 2.08	 2	 -42.5661	  173.9455
5.319	 2.01	 3	 -41.7856	  174.1565
5.319	 2.39	 1	 -42.0630	  173.9966
5.320	 3.14	 2	 -42.0593	  173.7404
5.320	 2.01	 2	 -42.6748	  172.9471
5.320	 4.16	 1	 -38.3016	  170.8360
5.321	 3.48	 2	 -42.0700	  173.8385
5.321	 2.14	 1	 -42.3070	  174.0407
5.322	 2.31	 1	 -42.0064	  173.6902
5.322	 2.60	 1	 -41.7784	  174.2748
5.322	 2.60	 2	 -42.2195	  178.1099
5.322	 2.20	 1	 -42.2425	  173.5767
5.322	 2.26	 1	 -42.1299	  173.5694
5.323	 2.70	 1	 -42.0862	  175.7816
5.324	 2.31	 2	 -41.8808	  174.0818
5.324	 2.54	 1	 -41.7884	  174.2039
5.325	 2.15	 2	 -42.5662	  173.1764
5.325	 2.14	 1	 -42.3605	  173.9113
5.325	 2.13	 1	 -41.7662	  174.2899
5.326	 2.25	 1	 -41.9327	  173.7190
5.326	 2.32	 2	 -41.7568	  174.2017
5.327	 2.09	 2	 -42.3629	  173.0714
5.327	 2.22	 2	 -42.3677	  174.0315
5.328	 3.16	 1	 -42.4418	  173.5982
5.329	 2.14	 1	 -42.4028	  173.6906
5.329	 2.17	 2	 -41.9605	  173.7513
5.330	 2.72	 1	 -42.1734	  173.8435
5.331	 3.60	 1	 -44.5041	  171.8387
5.332	 3.29	 1	 -42.2335	  173.4579
5.333	 2.25	 1	 -42.0822	  173.5746
5.333	 2.89	 1	 -42.4570	  173.2907
5.333	 2.32	 2	 -42.4915	  173.2361
5.334	 2.82	 2	 -42.5332	  173.1883
5.335	 2.56	 1	 -41.8015	  174.2427
5.335	 2.44	 1	 -41.9834	  174.0333
5.336	 2.05	 2	 -38.2939	  170.8463
5.337	 2.96	 1	 -41.9471	  173.7688
5.337	 2.17	 1	 -41.6909	  174.2383
5.337	 2.25	 2	 -37.9548	  171.1503
5.338	 2.03	 1	 -41.6693	  174.2153
5.339	 2.04	 1	 -41.6352	  172.5594
5.339	 2.27	 1	 -42.3023	  173.6534
5.339	 2.03	 1	 -42.0994	  173.3565
5.340	 2.36	 1	 -41.8379	  174.3899
5.341	 2.62	 2	 -42.2944	  173.9752
5.343	 2.10	 2	 -42.3772	  174.0981
5.343	 2.59	 1	 -42.2860	  173.8987
5.344	 3.24	 1	 -41.7106	  174.2529
5.345	 2.06	 1	 -41.4536	  173.7668
5.346	 2.85	 1	 -42.0401	  173.7025
5.346	 2.49	 1	 -42.2616	  173.6823
5.347	 2.44	 1	 -41.7867	  174.2734
5.347	 2.57	 1	 -42.3098	  173.8956
5.348	 2.80	 2	 -41.5151	  174.1999
5.348	 2.27	 1	 -42.1790	  173.6785
5.348	 2.06	 1	 -42.1979	  173.7777
5.349	 2.12	 2	 -40.3465	  173.9687
5.350	 2.21	 1	 -41.2232	  174.5271
5.350	 2.82	 2	 -42.1675	  173.6509
5.350	 2.91	 2	 -40.9611	  175.7173
5.350	 2.07	 1	 -42.6874	  172.6470
5.350	 2.03	 1	 -42.6237	  173.0227
5.352	 3.02	 1	 -42.6104	  173.2055
5.352	 2.69	 1	 -42.1302	  173.4383
5.354	 2.03	 2	 -41.9242	  173.5206
5.355	 2.02	 1	 -41.7067	  174.2919
5.355	 2.38	 1	 -42.1624	  173.5865
5.356	 2.20	 1	 -42.0342	  173.5025
5.356	 2.23	 1	 -42.4403	  173.0661
5.356	 2.37	 1	 -42.3754	  173.9122
5.356	 2.60	 1	 -42.3094	  173.8018
5.358	 2.38	 3	 -41.7211	  174.3562
5.358	 2.43	 1	 -41.6675	  174.3116
5.360	 2.05	 2	 -42.3301	  174.1329
5.362	 2.23	 1	 -42.5456	  173.0703
5.363	 2.21	 1	 -42.5017	  173.9510
5.363	 2.05	 1	 -42.0356	  173.7727
5.366	 2.40	 1	 -41.6625	  174.2673
5.367	 3.16	 2	 -38.7003	  177.1666
5.369	 2.14	 1	 -41.8244	  173.9376
5.370	 2.18	 4	 -42.6921	  172.7416
5.370	 2.06	 2	 -41.8172	  174.1505
5.371	 3.57	 1	 -42.3034	  173.7642
5.371	 2.16	 1	 -42.5763	  173.1878
5.372	 2.45	 2	 -42.1022	  173.8757
5.373	 2.63	 1	 -41.7223	  174.2354
5.373	 2.43	 1	 -42.6269	  172.9362
5.373	 2.24	 1	 -39.7109	  174.9434
5.373	 2.43	 1	 -42.8430	  172.6061
5.374	 2.09	 1	 -42.2018	  174.1240
5.375	 2.80	 2	 -42.8157	  171.5230
5.377	 2.46	 1	 -41.7772	  174.2473
5.377	 2.18	 1	 -42.3081	  173.8423
5.378	 2.56	 1	 -42.3446	  174.0656
5.379	 2.04	 1	 -41.0204	  171.0657
5.380	 2.08	 1	 -41.7223	  174.2401
5.381	 2.02	 2	 -42.4514	  173.7225
5.382	 2.80	 1	 -42.2178	  173.1391
5.382	 2.15	 1	 -42.8129	  173.2441
5.383	 2.41	 1	 -41.8336	  173.0556
5.384	 2.23	 1	 -42.2425	  173.6555
5.384	 3.90	 1	 -42.3596	  174.0855
5.385	 2.38	 2	 -42.1488	  174.0284
5.386	 2.07	 1	 -42.2207	  173.9611
5.386	 2.41	 1	 -42.3352	  173.7146
5.386	 2.09	 2	 -42.3262	  173.0878
5.388	 2.19	 1	 -41.6997	  174.2230
5.388	 2.29	 1	 -42.6187	  175.0206
5.389	 2.57	 2	 -38.3004	  170.8452
5.390	 2.18	 2	 -42.3632	  173.7383
5.390	 2.02	 1	 -42.4521	  173.2050
5.390	 2.04	 1	 -41.5235	  174.3919
5.391	 2.53	 2	 -42.2098	  178.1103
5.393	 2.49	 1	 -42.4564	  173.1071
5.393	 3.54	 1	 -42.6411	  172.7805
5.394	 2.53	 1	 -42.4953	  173.9703
5.394	 2.47	 1	 -42.6814	  172.7915
5.395	 2.16	 3	 -42.8183	  171.5295
5.396	 2.12	 1	 -42.1202	  173.6554
5.396	 2.08	 1	 -42.1751	  173.7969
5.397	 3.20	 2	 -42.3553	  174.0553
5.397	 2.02	 2	 -41.9063	  173.7844
5.398	 2.58	 1	 -40.9876	  170.4077
5.398	 2.02	 2	 -41.7453	  174.2865
5.398	 2.01	 1	 -41.6847	  174.3180
5.399	 2.69	 1	 -41.7127	  174.2448
5.400	 2.07	 1	 -42.5268	  173.0801
5.400	 2.29	 3	 -42.1937	  173.8353
5.401	 2.21	 2	 -42.3334	  173.8847
5.401	 2.00	 1	 -42.4086	  174.1192
5.401	 2.42	 2	 -42.1734	  173.7029
5.402	 2.17	 1	 -41.6884	  174.3402
5.402	 2.77	 2	 -42.2334	  173.6903
5.403	 3.50	 1	 -42.1826	  173.5215
5.406	 2.27	 1	 -42.5337	  173.2127
5.407	 2.48	 1	 -42.4899	  173.9651
5.407	 3.34	 1	 -42.5122	  173.1893
5.407	 2.87	 3	 -41.8629	  173.9039
5.408	 2.22	 1	 -42.6059	  172.2437
5.408	 2.12	 1	 -42.2763	  172.6306
5.410	 2.32	 1	 -42.2375	  172.9834
5.411	 2.16	 1	 -42.6899	  172.6258
5.412	 2.23	 4	 -42.7785	  173.1393
5.412	 2.28	 2	 -41.6362	  174.7019
5.413	 2.67	 1	 -42.3356	  173.1384
5.414	 2.12	 1	 -42.6183	  172.9138
5.416	 2.45	 1	 -42.1936	  173.8706
5.418	 2.15	 1	 -42.2056	  173.6573
5.419	 2.43	 1	 -41.6795	  174.3162
5.419	 2.14	 1	 -42.0865	  174.0179
5.421	 2.17	 1	 -42.5152	  172.9089
5.421	 2.07	 1	 -42.1418	  173.7577
5.422	 2.14	 2	 -42.2862	  174.1158
5.422	 3.08	 1	 -42.2647	  173.6781
5.423	 2.66	 1	 -42.1239	  173.6311
5.423	 3.62	 1	 -42.1399	  173.4937
5.424	 2.30	 1	 -42.5189	  173.0329
5.424	 2.74	 1	 -42.8104	  174.0995
5.424	 2.37	 1	 -41.5815	  174.1744
5.425	 2.42	 1	 -42.2007	  174.0087
5.427	 2.67	 1	 -42.0451	  173.7388
5.427	 2.57	 1	 -42.6927	  174.1716
5.427	 2.31	 1	 -42.6979	  172.5638
5.429	 2.59	 1	 -41.8421	  173.5999
5.430	 2.16	 1	 -42.2812	  173.9315
5.431	 2.06	 1	 -42.8081	  173.1765
5.433	 2.55	 1	 -42.1361	  172.8140
5.433	 2.04	 1	 -42.1116	  174.0888
5.434	 2.79	 2	 -42.0880	  173.7742
5.434	 2.02	 2	 -42.2510	  173.8915
5.436	 2.58	 1	 -41.9814	  173.8904
5.437	 2.18	 1	 -42.5340	  173.1577
5.437	 2.09	 1	 -42.2922	  173.8337
5.437	 2.45	 2	 -42.0306	  173.8170
5.438	 2.42	 1	 -41.7993	  174.2044
5.438	 2.36	 1	 -41.9238	  174.0486
5.439	 3.38	 3	 -42.3745	  173.7114
5.440	 2.36	 3	 -41.6874	  173.6952
5.441	 2.40	 3	 -41.7128	  174.3221
5.442	 2.56	 1	 -41.7179	  174.0757
5.442	 2.06	 2	 -41.8088	  173.1088
5.442	 2.33	 1	 -41.6142	  174.2012
5.444	 2.54	 1	 -42.0578	  174.0411
5.444	 2.05	 1	 -42.2352	  173.6579
5.446	 2.24	 1	 -41.8153	  173.9950
5.447	 2.01	 2	 -42.3857	  173.7374
5.452	 3.08	 2	 -42.4906	  173.2210
5.453	 2.80	 1	 -42.0336	  173.8529
5.454	 2.17	 3	 -42.2586	  173.6964
5.455	 2.10	 1	 -41.7486	  174.2978
5.455	 2.92	 1	 -41.7381	  174.3392
5.456	 2.02	 1	 -42.2696	  173.7774
5.456	 2.45	 1	 -42.3792	  173.4641
5.457	 2.07	 1	 -41.8226	  174.1963
5.460	 2.33	 1	 -41.8727	  174.1823
5.462	 2.36	 2	 -42.5993	  172.7847
5.462	 2.02	 1	 -42.1339	  173.5691
5.463	 2.22	 1	 -42.3514	  173.8753
5.463	 2.12	 1	 -42.5641	  174.1339
5.465	 2.01	 1	 -42.5590	  173.3394
5.466	 2.98	 1	 -42.6362	  172.7420
5.466	 3.03	 1	 -44.3683	  167.3450
5.466	 2.39	 2	 -42.2890	  172.8284
5.468	 3.50	 4	 -42.2806	  173.6871
5.469	 2.90	 2	 -43.7027	  176.0124
5.472	 2.07	 1	 -42.6969	  172.9287
5.472	 2.03	 3	 -42.4091	  173.1440
5.472	 2.61	 4	 -42.7247	  173.1937
5.473	 2.06	 1	 -41.9103	  173.4849
5.474	 2.41	 1	 -42.1810	  173.5664
5.474	 2.12	 2	 -42.8177	  172.6266
5.474	 2.71	 1	 -42.2278	  173.9544
5.475	 2.87	 1	 -41.6664	  174.2847
5.475	 2.25	 2	 -41.7811	  174.2791
5.476	 2.30	 2	 -42.4971	  174.1253
5.477	 2.19	 1	 -42.3394	  173.9416
5.477	 2.20	 1	 -42.2840	  173.6523
5.478	 3.29	 3	 -41.9562	  173.8414
5.478	 2.02	 1	 -41.6586	  174.3412
5.479	 2.91	 1	 -41.7148	  174.2657
5.482	 2.10	 2	 -42.4226	  174.0363
5.483	 2.23	 2	 -42.4150	  174.1086
5.483	 2.26	 1	 -41.6967	  174.3442
5.483	 2.43	 1	 -42.4120	  173.2495
5.485	 3.09	 1	 -42.6882	  173.3320
5.485	 2.15	 2	 -41.5571	  174.2767
5.486	 2.63	 1	 -42.2952	  173.6965
5.486	 2.02	 1	 -42.5854	  174.0820
5.487	 2.03	 1	 -42.1723	  174.2675
5.487	 2.46	 1	 -42.1658	  171.9659
5.487	 2.22	 1	 -42.1322	  173.6685
5.487	 2.52	 1	 -42.3485	  174.1443
5.488	 2.33	 2	 -42.0837	  173.7049
5.488	 2.46	 1	 -42.7154	  172.8300
5.489	 2.60	 1	 -42.5626	  173.0294
5.490	 2.47	 1	 -41.7393	  174.2928
5.491	 2.05	 1	 -42.8845	  173.5569
5.494	 2.01	 1	 -42.1434	  173.7623
5.494	 2.32	 1	 -42.4940	  172.4113
5.495	 2.52	 1	 -41.7457	  174.2007
5.496	 2.22	 1	 -41.7355	  174.2193
5.497	 2.06	 1	 -42.3962	  173.8408
5.499	 2.84	 1	 -42.6567	  173.1377
5.500	 3.25	 1	 -41.6922	  174.3220
5.502	 2.27	 1	 -41.7844	  174.2296
5.502	 2.27	 1	 -41.9443	  173.9601
5.503	 2.01	 1	 -42.5505	  172.8160
5.504	 3.78	 1	 -42.2812	  173.5919
5.505	 2.45	 3	 -42.6506	  172.9367
5.505	 2.35	 1	 -42.8759	  173.9404
5.505	 2.18	 1	 -42.2958	  173.9206
5.506	 2.02	 1	 -41.7995	  174.2307
5.506	 3.24	 1	 -42.4787	  172.8142
5.506	 2.07	 1	 -43.2296	  173.4525
5.507	 2.14	 1	 -42.2966	  173.8340
5.507	 2.36	 1	 -42.1552	  173.5971
5.508	 2.06	 1	 -42.5709	  173.9204
5.509	 2.49	 2	 -41.7128	  173.1003
5.509	 3.83	 1	 -42.1531	  173.5383
5.510	 2.55	 1	 -41.7587	  174.5322
5.511	 2.37	 2	 -41.8525	  174.3096
5.512	 2.19	 2	 -42.1442	  173.2834
5.512	 2.05	 1	 -42.4111	  172.4855
5.513	 2.12	 1	 -42.8678	  173.2475
5.514	 2.08	 2	 -42.0040	  173.9691
5.514	 2.02	 1	 -42.6346	  172.8928
5.514	 2.48	 1	 -42.5831	  173.2416
5.514	 2.04	 1	 -42.8172	  172.7978
5.515	 2.32	 1	 -41.9423	  173.9913
5.515	 2.00	 1	 -38.7172	  175.9549
5.515	 2.50	 1	 -42.4748	  173.6506
5.516	 2.07	 1	 -42.0632	  173.7008
5.518	 2.53	 2	 -42.2870	  174.0912
5.518	 2.45	 2	 -42.0971	  173.6097
5.518	 2.55	 2	 -42.0061	  173.1324
5.519	 3.99	 1	 -41.9282	  173.7976
5.520	 2.09	 2	 -42.4016	  173.5804
5.520	 2.13	 2	 -41.8717	  173.6363
5.521	 2.25	 1	 -42.3828	  173.3883
5.522	 2.38	 1	 -42.3145	  173.5213
5.523	 2.39	 1	 -42.2869	  173.6597
5.524	 2.29	 1	 -41.7374	  174.4940
5.524	 2.54	 2	 -42.3744	  173.8103
5.524	 2.02	 1	 -41.5902	  174.2744
5.528	 2.63	 1	 -42.3013	  173.8862
5.529	 2.79	 2	 -42.2624	  173.5454
5.529	 2.37	 1	 -42.2748	  173.7066
5.530	 2.38	 1	 -41.6950	  174.2037
5.531	 2.32	 2	 -41.8018	  174.2576
5.531	 2.49	 1	 -41.7165	  174.2114
5.535	 2.13	 1	 -41.6692	  174.4897
5.538	 2.54	 2	 -42.2563	  173.6217
5.541	 2.59	 1	 -42.7784	  173.1202
5.542	 2.98	 2	 -42.4358	  173.2244
5.542	 2.29	 1	 -41.6984	  174.2256
5.544	 4.08	 1	 -41.8862	  173.7993
5.546	 2.50	 1	 -41.7416	  174.2971
5.546	 2.49	 1	 -42.4319	  173.2111
5.546	 2.33	 1	 -42.3053	  173.8844
5.548	 2.23	 3	 -42.7521	  173.0115
5.549	 2.07	 2	 -42.4357	  173.7447
5.549	 2.02	 2	 -42.4637	  172.8467
5.550	 2.17	 1	 -42.3334	  173.9096
5.551	 2.23	 1	 -42.2500	  174.1499
5.552	 2.32	 2	 -42.2886	  173.8716
5.552	 2.15	 2	 -42.2501	  173.7990
5.553	 2.89	 2	 -42.3465	  173.0858
5.555	 2.01	 1	 -42.0072	  173.4027
5.556	 2.07	 1	 -41.7035	  174.2312
5.556	 2.97	 1	 -42.5462	  173.3122
5.556	 2.92	 2	 -42.1662	  173.5506
5.558	 2.25	 2	 -42.2680	  173.7625
5.560	 2.33	 1	 -41.7140	  174.2149
5.561	 2.19	 1	 -42.4322	  173.0842
5.561	 2.97	 2	 -42.4073	  173.5935
5.561	 2.34	 1	 -41.7777	  174.2248
5.561	 2.33	 1	 -42.0993	  173.4843
5.561	 3.03	 2	 -42.3816	  172.9699
5.564	 2.44	 1	 -41.9753	  173.9728
5.565	 3.57	 1	 -42.5719	  173.0886
5.566	 2.38	 2	 -41.8970	  173.8022
5.569	 2.68	 1	 -42.7198	  172.7699
5.569	 2.43	 3	 -41.6999	  171.4836
5.570	 2.31	 1	 -41.6722	  174.2375
5.571	 2.45	 1	 -41.9155	  173.9550
5.572	 2.30	 1	 -42.3477	  173.7001
5.572	 2.16	 2	 -41.7318	  173.1392
5.573	 2.01	 1	 -42.0159	  173.7930
5.574	 2.28	 1	 -42.2641	  173.7902
5.575	 2.76	 1	 -42.3221	  173.1365
5.575	 2.32	 1	 -42.4108	  173.7102
5.576	 3.49	 1	 -42.5974	  173.2807
5.577	 2.18	 4	 -42.8642	  173.2300
5.577	 2.26	 3	 -41.8946	  173.9292
5.577	 2.19	 1	 -41.6421	  174.2441
5.578	 2.05	 3	 -41.8844	  174.1481
5.578	 2.52	 3	 -43.2828	  176.1213
5.579	 3.14	 1	 -41.6922	  174.2610
5.579	 2.93	 2	 -42.0928	  173.5978
5.580	 2.22	 1	 -41.7557	  174.2276
5.581	 3.53	 3	 -42.0977	  173.7491
5.581	 2.27	 1	 -41.7525	  174.2002
5.581	 2.39	 1	 -41.7031	  174.3427
5.582	 2.59	 1	 -42.2116	  173.5951
5.582	 2.32	 1	 -41.8701	  173.8325
5.582	 2.36	 1	 -42.2047	  173.6944
5.582	 2.34	 2	 -42.5273	  173.1620
5.583	 2.03	 1	 -42.1970	  173.8137
5.583	 2.02	 1	 -42.4270	  173.7087
5.585	 2.05	 1	 -41.9633	  173.6811
5.586	 2.31	 2	 -42.4289	  173.7022
5.587	 2.59	 1	 -41.9045	  173.8691
5.589	 2.06	 1	 -42.0553	  173.6651
5.590	 2.67	 2	 -42.0986	  173.5828
5.590	 2.27	 1	 -42.3549	  174.0821
5.592	 3.07	 1	 -42.4796	  173.9843
5.593	 2.28	 1	 -41.7209	  174.2533
5.593	 2.69	 1	 -42.3776	  173.2699
5.593	 2.27	 2	 -41.6438	  174.0109
5.594	 2.07	 1	 -41.8495	  174.3400
5.594	 2.20	 2	 -42.4705	  174.0195
5.596	 2.37	 1	 -42.0927	  174.1454
5.596	 2.01	 1	 -42.4388	  173.1334
5.597	 2.19	 1	 -41.7163	  174.2139
5.597	 2.34	 1	 -41.7013	  174.2574
5.598	 3.12	 1	 -41.7344	  174.4348
5.599	 2.01	 3	 -41.9265	  173.7912
5.601	 2.07	 1	 -42.6401	  172.7306
5.603	 2.29	 1	 -42.2009	  173.7073
5.603	 2.02	 2	 -41.7386	  173.1219
5.603	 2.69	 2	 -42.4352	  173.7845
5.603	 2.05	 1	 -41.6988	  174.3378
5.603	 2.12	 1	 -41.2825	  171.5669
5.604	 2.22	 1	 -41.7037	  174.1308
5.604	 2.39	 2	 -41.7161	  174.2253
5.604	 2.43	 1	 -42.3823	  172.9877
5.605	 2.75	 1	 -42.1347	  174.0871
5.605	 3.08	 3	 -42.2629	  173.6597
5.607	 2.27	 1	 -41.6540	  174.2128
5.608	 2.22	 1	 -42.9114	  173.4479
5.608	 2.01	 1	 -42.5503	  172.9240
5.608	 2.09	 1	 -42.0900	  173.5359
5.609	 2.99	 1	 -41.7339	  174.3031
5.610	 2.39	 1	 -41.9764	  173.8764
5.611	 2.38	 1	 -41.7713	  174.3303
5.613	 2.16	 2	 -42.4721	  173.8407
5.613	 2.49	 1	 -41.7780	  174.2202
5.614	 2.20	 2	 -42.1329	  173.6232
5.615	 2.39	 3	 -41.8745	  174.0777
5.615	 2.55	 2	 -42.5049	  173.0875
5.616	 2.10	 1	 -42.2395	  173.7028
5.616	 3.23	 1	 -42.2942	  173.7722
5.619	 2.61	 2	 -42.0676	  173.7483
5.619	 2.44	 1	 -41.6280	  174.2543
5.619	 2.08	 1	 -42.2177	  173.7117
5.621	 2.10	 2	 -42.2259	  173.5726
5.622	 2.21	 2	 -41.8588	  173.7447
5.625	 2.70	 2	 -42.3500	  173.8346
5.625	 2.20	 2	 -42.4110	  172.8913
5.626	 2.69	 1	 -43.3584	  170.4489
5.627	 2.04	 2	 -42.3735	  174.0229
5.629	 2.31	 3	 -42.5790	  173.8780
5.630	 2.04	 1	 -42.5775	  172.8580
5.630	 2.30	 2	 -43.0875	  172.8161
5.630	 2.34	 2	 -40.9940	  174.1361
5.631	 2.28	 1	 -41.6906	  174.2444
5.632	 2.02	 1	 -42.5223	  173.7892
5.633	 2.39	 1	 -42.0846	  173.5659
5.633	 2.06	 1	 -42.2145	  173.5813
5.634	 2.11	 2	 -42.6458	  172.7505
5.636	 2.15	 1	 -42.3729	  174.0815
5.637	 2.03	 1	 -41.9836	  173.7512
5.637	 2.39	 1	 -46.5048	  169.7780
5.638	 2.12	 1	 -42.8690	  173.2815
5.638	 2.23	 1	 -42.1355	  173.6194
5.638	 2.13	 1	 -41.9966	  173.9259
5.639	 2.18	 1	 -42.3657	  174.0760
5.640	 2.89	 1	 -42.4796	  173.1956
5.640	 2.95	 2	 -42.2639	  174.0187
5.640	 2.20	 2	 -42.5419	  173.1581
5.641	 2.44	 2	 -42.2567	  173.9001
5.643	 5.78	 2	 -41.6306	  174.7091
5.643	 2.14	 2	 -42.3584	  173.8897
5.644	 2.40	 2	 -41.6492	  173.1337
5.646	 2.18	 3	 -41.6025	  174.7879
5.647	 2.15	 1	 -41.7189	  174.1741
5.648	 2.14	 1	 -42.2550	  173.9883
5.648	 2.27	 4	 -42.7361	  173.1656
5.648	 3.04	 1	 -42.3433	  173.1463
5.648	 2.49	 2	 -41.7270	  174.2549
5.649	 2.04	 3	 -41.2135	  174.7457
5.651	 2.24	 3	 -42.3979	  173.8185
5.651	 4.13	 3	 -41.6416	  174.7461
5.652	 2.79	 2	 -41.7089	  174.2246
5.652	 2.10	 3	 -41.5176	  174.6931
5.653	 2.16	 2	 -42.4837	  172.8387
5.653	 2.36	 2	 -42.5195	  173.1059
5.653	 2.72	 1	 -42.2471	  173.6488
5.654	 2.35	 2	 -41.7060	  174.4237
5.654	 2.13	 1	 -42.3466	  174.0054
5.654	 2.09	 1	 -41.6977	  174.3916
5.655	 2.96	 2	 -42.3490	  173.7869
5.655	 2.69	 3	 -41.6659	  174.8140
5.656	 2.17	 2	 -42.3043	  174.1200
5.656	 2.86	 1	 -42.2940	  173.6679
5.657	 3.10	 3	 -41.4476	  175.0864
5.658	 2.31	 3	 -41.6176	  174.7486
5.660	 2.09	 1	 -42.2017	  173.5800
5.660	 2.23	 2	 -41.7875	  173.2088
5.660	 2.94	 2	 -42.5071	  173.5761
5.661	 2.15	 1	 -42.3054	  173.4634
5.662	 3.32	 4	 -43.0966	  173.0145
5.662	 2.46	 4	 -42.1891	  173.7303
5.663	 2.04	 1	 -42.5882	  173.1458
5.663	 2.04	 1	 -42.0685	  173.8000
5.665	 2.05	 1	 -42.2676	  173.6348
5.665	 2.44	 1	 -42.5262	  173.0417
5.666	 2.25	 1	 -42.4396	  173.0380
5.666	 2.01	 1	 -41.6714	  174.2069
5.667	 2.11	 2	 -42.4613	  173.7071
5.668	 2.67	 2	 -42.3953	  173.7566
5.668	 2.19	 1	 -41.9066	  173.8999
5.669	 2.32	 2	 -42.6928	  173.8547
5.669	 2.29	 1	 -44.6462	  167.5119
5.670	 2.09	 1	 -41.7860	  174.1542
5.670	 2.18	 3	 -41.6036	  174.4834
5.672	 3.49	 2	 -42.0281	  173.8720
5.673	 2.13	 1	 -42.1333	  173.4762
5.673	 2.23	 2	 -42.4844	  173.7968
5.674	 2.08	 1	 -41.7948	  173.5201
5.675	 2.10	 3	 -41.6339	  174.7507
5.675	 2.66	 1	 -41.8890	  173.9138
5.675	 2.06	 1	 -42.0699	  173.8422
5.677	 2.63	 1	 -41.8158	  174.0542
5.677	 2.36	 1	 -42.3035	  174.2794
5.677	 2.10	 1	 -42.5489	  173.0555
5.678	 2.27	 1	 -41.8203	  174.0927
5.678	 2.13	 1	 -41.6454	  174.2927
5.678	 2.13	 1	 -42.4727	  173.5002
5.679	 2.16	 1	 -41.7794	  174.2851
5.679	 2.26	 2	 -42.2484	  173.6363
5.682	 2.12	 2	 -42.2942	  173.7831
5.682	 2.54	 3	 -41.7632	  174.3779
5.684	 2.04	 1	 -42.5025	  173.8041
5.684	 2.54	 3	 -41.5734	  174.8891
5.685	 2.19	 3	 -41.6033	  174.6854
5.685	 2.65	 1	 -42.3967	  173.3932
5.685	 2.12	 2	 -41.5371	  174.1112
5.686	 2.20	 1	 -42.2862	  173.5508
5.687	 2.11	 1	 -42.1178	  173.5872
5.687	 2.24	 1	 -42.0499	  174.2107
5.688	 2.88	 1	 -42.5936	  172.8699
5.688	 2.04	 1	 -42.4929	  174.0877
5.689	 2.80	 2	 -42.4958	  173.2466
5.689	 2.06	 2	 -41.9368	  173.3322
5.689	 2.44	 2	 -42.3135	  174.0214
5.690	 3.40	 2	 -41.8237	  174.0923
5.690	 2.78	 1	 -42.1443	  173.7965
5.690	 2.72	 3	 -41.6294	  174.8313
5.690	 2.02	 2	 -42.2162	  173.1414
5.691	 2.04	 1	 -42.6867	  172.8140
5.691	 2.28	 4	 -41.7569	  174.2944
5.692	 2.58	 1	 -41.7544	  174.3317
5.692	 2.91	 1	 -42.5358	  173.7887
5.693	 2.62	 2	 -42.2953	  174.1123
5.693	 2.28	 2	 -42.4347	  174.3619
5.694	 2.39	 1	 -42.3553	  173.4367
5.695	 3.09	 1	 -41.7812	  174.3888
5.696	 2.09	 2	 -41.9216	  173.6181
5.696	 2.71	 1	 -41.6891	  174.2759
5.697	 2.09	 3	 -41.8198	  174.8699
5.697	 2.43	 2	 -42.4466	  173.8264
5.697	 3.25	 1	 -42.2754	  173.6649
5.698	 2.74	 1	 -42.2395	  173.6940
5.700	 2.85	 3	 -42.9127	  168.9428
5.700	 2.20	 1	 -42.7159	  172.8409
5.701	 2.56	 1	 -42.3170	  174.0652
5.701	 2.13	 2	 -42.5229	  173.1171
5.703	 2.08	 4	 -42.0993	  173.7542
5.703	 2.15	 1	 -42.0683	  173.6677
5.704	 2.25	 1	 -42.8006	  173.8335
5.705	 2.13	 1	 -42.0785	  173.6542
5.705	 2.76	 2	 -42.5012	  173.6425
5.705	 3.36	 3	 -41.7347	  174.7010
5.706	 2.66	 1	 -42.1065	  173.5653
5.706	 2.00	 1	 -42.5162	  173.9070
5.707	 2.77	 1	 -42.5679	  173.2135
5.707	 2.89	 3	 -41.7357	  175.0390
5.708	 2.17	 1	 -42.3636	  173.1066
5.708	 2.14	 1	 -42.4730	  173.3326
5.708	 2.51	 2	 -41.9431	  173.7770
5.708	 2.74	 1	 -42.6199	  172.9666
5.708	 2.41	 1	 -42.3596	  173.9214
5.711	 2.09	 2	 -41.6357	  174.6919
5.712	 2.49	 3	 -41.5312	  174.7390
5.712	 2.89	 2	 -41.7201	  174.1819
5.713	 3.05	 2	 -42.5222	  173.1376
5.714	 2.02	 3	 -41.9275	  173.6640
5.715	 2.11	 1	 -41.5336	  174.4098
5.715	 2.49	 1	 -43.1241	  178.6829
5.718	 2.01	 1	 -42.0060	  173.6116
5.721	 2.04	 2	 -42.0634	  173.7453
5.721	 2.54	 1	 -42.2847	  173.7101
5.722	 2.46	 1	 -42.0621	  173.6744
5.723	 3.51	 1	 -41.6969	  174.1900
5.723	 2.51	 1	 -42.2910	  173.3417
5.723	 2.93	 2	 -42.4402	  173.8075
5.723	 2.09	 2	 -42.6346	  173.7241
5.724	 2.51	 1	 -42.3154	  171.9359
5.724	 2.38	 3	 -42.9476	  173.1051
5.724	 2.46	 1	 -42.3349	  173.9290
5.725	 2.44	 2	 -42.1676	  173.8827
5.726	 2.81	 1	 -42.4821	  173.0602
5.726	 3.04	 3	 -42.0084	  174.9825
5.726	 2.07	 1	 -42.2178	  174.2245
5.727	 2.56	 2	 -42.2965	  174.1307
5.728	 2.13	 2	 -42.6522	  172.3948
5.729	 2.18	 3	 -41.5434	  175.0545
5.729	 2.08	 1	 -42.3907	  173.5394
5.730	 2.52	 2	 -42.8003	  172.9319
5.730	 2.23	 2	 -42.3609	  173.8827
5.730	 2.01	 1	 -42.3671	  173.9641
5.731	 2.02	 2	 -42.4038	  174.1139
5.732	 3.06	 1	 -42.2859	  173.6502
5.732	 3.95	 3	 -41.6143	  174.8168
5.733	 2.55	 2	 -41.7370	  174.2341
5.735	 2.00	 3	 -42.3504	  172.7889
5.735	 2.11	 2	 -42.5350	  173.1419
5.735	 2.40	 2	 -42.4104	  173.8587
5.735	 2.56	 1	 -42.0153	  173.6755
5.736	 2.76	 1	 -42.4844	  172.5369
5.737	 3.31	 3	 -41.6210	  174.6291
5.739	 2.30	 1	 -41.9481	  174.1690
5.739	 3.03	 1	 -42.5909	  172.8420
5.739	 2.28	 1	 -42.2802	  173.7800
5.739	 2.16	 1	 -42.4618	  173.1276
5.741	 2.54	 2	 -42.1617	  173.8660
5.741	 2.22	 2	 -42.6738	  173.4192
5.743	 2.52	 1	 -42.2462	  173.5399
5.744	 2.28	 1	 -41.8526	  173.5789
5.745	 3.60	 1	 -41.6832	  174.1989
5.746	 4.48	 3	 -44.2082	  169.7797
5.746	 2.14	 2	 -42.4358	  175.2135
5.747	 2.29	 1	 -42.4146	  173.4837
5.748	 2.24	 1	 -41.9547	  173.9885
5.748	 2.17	 1	 -42.6667	  172.7710
5.748	 2.50	 1	 -42.3913	  173.9154
5.749	 2.19	 1	 -43.0067	  172.8012
5.749	 2.38	 3	 -41.7213	  175.1007
5.751	 2.20	 1	 -41.6520	  174.2524
5.752	 2.28	 1	 -42.0336	  173.6322
5.753	 2.22	 2	 -41.9646	  174.2499
5.754	 2.50	 2	 -42.4978	  173.1407
5.754	 2.52	 1	 -41.6610	  174.3342
5.754	 2.01	 1	 -41.6890	  174.2845
5.755	 2.20	 2	 -42.5075	  174.0625
5.757	 2.79	 1	 -41.7317	  174.2702
5.759	 2.11	 3	 -41.6188	  174.6849
5.760	 2.25	 1	 -41.7018	  174.1724
5.760	 2.20	 1	 -42.0026	  174.2802
5.761	 2.14	 1	 -41.7163	  174.3741
5.762	 2.17	 1	 -42.5134	  173.0771
5.763	 2.24	 1	 -42.4031	  173.2626
5.764	 2.75	 1	 -41.5562	  174.4039
5.764	 2.22	 3	 -41.6517	  174.7242
5.764	 2.13	 1	 -42.3650	  173.8184
5.766	 2.57	 1	 -42.2503	  173.6086
5.767	 2.34	 1	 -42.9157	  174.4874
5.768	 2.13	 4	 -43.7252	  169.7026
5.769	 4.46	 2	 -41.8172	  173.4807
5.769	 2.08	 3	 -41.2260	  174.6954
5.770	 3.66	 1	 -42.5532	  172.7544
5.771	 2.30	 1	 -42.3871	  173.6012
5.771	 2.01	 3	 -41.6007	  174.7599
5.771	 3.15	 1	 -42.3183	  175.0496
5.772	 2.31	 1	 -42.2375	  173.8004
5.772	 2.23	 2	 -42.1348	  173.8872
5.773	 2.31	 1	 -42.4670	  173.5706
5.774	 2.57	 1	 -42.6587	  172.9108
5.778	 2.10	 1	 -41.7491	  174.2975
5.778	 2.27	 1	 -41.9681	  174.3646
5.778	 2.03	 1	 -42.0511	  173.7206
5.779	 2.04	 1	 -41.4697	  174.3800
5.780	 2.60	 1	 -41.7981	  174.2400
5.783	 2.33	 3	 -41.5868	  174.8053
5.783	 2.50	 2	 -41.7721	  174.3002
5.783	 2.96	 3	 -41.6973	  174.5629
5.784	 2.31	 1	 -42.3318	  174.0974
5.785	 3.29	 1	 -42.4400	  174.0826
5.786	 2.21	 2	 -41.6944	  174.2506
5.787	 2.00	 1	 -42.6052	  172.8642
5.787	 2.44	 3	 -42.4512	  174.0576
5.787	 2.41	 1	 -42.2784	  173.6116
5.788	 2.74	 1	 -42.2386	  173.6910
5.791	 2.03	 2	 -41.8783	  173.8641
5.792	 3.16	 3	 -42.5331	  173.5901
5.793	 2.10	 3	 -41.6163	  174.6901
5.793	 2.23	 1	 -42.4324	  173.1077
5.794	 2.88	 1	 -41.7249	  174.3126
5.796	 2.41	 1	 -41.6872	  174.2614
5.796	 3.03	 1	 -46.9462	  172.6278
5.796	 2.20	 1	 -42.6054	  172.9991
5.797	 2.24	 1	 -41.6528	  174.1922
5.797	 2.33	 3	 -41.9901	  173.6445
5.798	 2.48	 1	 -42.4565	  173.0484
5.799	 2.28	 3	 -41.6256	  174.7835
5.802	 2.22	 1	 -41.7161	  174.2637
5.803	 2.47	 3	 -41.6946	  174.8638
5.803	 2.09	 3	 -41.5455	  174.7141
5.803	 2.03	 1	 -41.6829	  174.2854
5.803	 2.51	 1	 -42.2824	  173.8467
5.804	 2.74	 1	 -42.4414	  173.1865
5.804	 2.26	 2	 -41.9278	  173.7793
5.804	 2.28	 3	 -41.6417	  174.7250
5.805	 4.13	 3	 -41.6375	  174.7410
5.808	 2.43	 3	 -41.7123	  174.7312
5.808	 2.35	 3	 -41.5743	  174.7870
5.808	 2.86	 2	 -41.7574	  174.2899
5.809	 2.58	 2	 -42.1345	  173.4738
5.809	 2.04	 1	 -42.3669	  173.6751
5.809	 4.17	 1	 -42.1686	  173.7809
5.810	 2.27	 1	 -42.3592	  174.1172
5.810	 3.12	 3	 -41.6743	  174.6496
5.810	 2.56	 2	 -42.0009	  173.6579
5.810	 2.22	 1	 -41.9811	  173.5681
5.811	 3.13	 2	 -42.5553	  174.0180
5.811	 2.04	 1	 -42.4150	  173.8460
5.812	 2.02	 1	 -41.6948	  174.2176
5.813	 2.08	 1	 -41.7736	  174.1983
5.813	 2.21	 1	 -42.7731	  174.2382
5.814	 2.20	 1	 -42.5546	  174.1000
5.814	 2.13	 1	 -41.7148	  174.1075
5.814	 2.91	 1	 -42.4408	  173.0156
5.814	 2.83	 2	 -42.1479	  173.8273
5.816	 2.55	 1	 -42.0419	  173.4655
5.816	 2.26	 3	 -41.4298	  174.9641
5.817	 2.43	 2	 -42.2512	  173.8486
5.819	 2.16	 2	 -42.2824	  174.1076
5.819	 2.82	 3	 -41.6440	  174.5663
5.819	 2.58	 1	 -42.7615	  173.5746
5.821	 2.44	 3	 -41.6078	  174.7357
5.822	 2.00	 4	 -42.7293	  173.1429
5.823	 2.18	 4	 -44.2268	  169.8365
5.824	 2.03	 2	 -42.3103	  173.7056
5.824	 2.01	 1	 -41.6762	  174.2151
5.824	 2.23	 1	 -42.2019	  173.6599
5.824	 2.72	 1	 -42.0273	  173.6917
5.824	 2.28	 1	 -43.1584	  173.2015
5.826	 2.07	 2	 -41.6580	  174.7014
5.827	 2.14	 1	 -42.4708	  173.9690
5.827	 2.53	 2	 -42.2713	  173.8779
5.827	 2.11	 1	 -41.8381	  174.0196
5.828	 2.01	 1	 -42.6400	  172.5827
5.829	 2.96	 1	 -42.1191	  173.7026
5.830	 2.15	 1	 -43.2021	  173.7391
5.831	 2.66	 1	 -42.1012	  173.6587
5.831	 2.42	 4	 -42.0315	  173.2424
5.833	 2.12	 2	 -41.7582	  174.2847
5.834	 2.12	 1	 -41.9502	  174.2187
5.834	 3.47	 2	 -42.2088	  174.0306
5.834	 3.21	 3	 -41.9001	  174.6982
5.835	 2.43	 1	 -42.4263	  173.5678
5.835	 3.04	 2	 -42.5739	  173.1030
5.837	 2.21	 1	 -42.3014	  173.4663
5.840	 2.61	 3	 -41.6552	  174.6901
5.841	 2.01	 1	 -41.7022	  174.3167
5.841	 2.36	 1	 -42.2280	  173.6955
5.841	 2.33	 2	 -40.4699	  168.7417
5.842	 2.02	 1	 -42.4451	  173.7526
5.843	 2.51	 1	 -42.3371	  173.8884
5.844	 2.22	 3	 -41.5527	  174.1897
5.845	 2.54	 1	 -41.8403	  174.6652
5.845	 2.49	 2	 -42.3736	  172.7144
5.845	 2.04	 1	 -42.6657	  172.8577
5.846	 2.05	 3	 -42.0706	  173.8069
5.846	 2.15	 2	 -42.4882	  174.1328
5.846	 2.15	 1	 -42.3261	  173.9433
5.847	 2.81	 1	 -42.6616	  174.0668
5.847	 2.49	 1	 -42.2582	  174.0870
5.847	 2.07	 1	 -42.2812	  173.6385
5.847	 2.58	 1	 -42.5811	  173.3541
5.848	 2.76	 2	 -42.1786	  173.7538
5.849	 2.40	 2	 -42.5689	  173.0688
5.850	 3.00	 1	 -42.0903	  173.8093
5.851	 2.25	 1	 -41.7350	  174.1818
5.851	 2.32	 2	 -41.7382	  174.2180
5.851	 2.73	 1	 -41.4248	  173.6302
5.852	 2.50	 2	 -42.2161	  178.0963
5.852	 3.51	 2	 -41.7523	  174.2903
5.852	 2.01	 1	 -41.6855	  174.1970
5.853	 2.87	 4	 -42.0091	  174.9805
5.853	 2.08	 2	 -42.7025	  173.0884
5.853	 2.04	 1	 -41.7673	  174.3036
5.854	 2.21	 1	 -41.9762	  174.0145
5.856	 2.07	 1	 -41.7604	  173.8278
5.857	 3.12	 1	 -40.9071	  174.3305
5.858	 2.13	 1	 -42.1422	  173.8315
5.859	 2.21	 1	 -41.7114	  174.1902
5.859	 2.00	 1	 -41.6897	  174.2327
5.860	 2.11	 1	 -41.8431	  174.0668
5.860	 2.37	 1	 -41.7471	  174.1102
5.860	 2.74	 1	 -42.1479	  173.5706
5.861	 2.77	 3	 -41.8974	  173.7999
5.861	 2.01	 1	 -42.2344	  173.5897
5.862	 2.47	 3	 -41.9140	  173.9669
5.863	 2.51	 2	 -42.5018	  173.2011
5.864	 2.18	 1	 -42.4247	  173.9356
5.868	 2.17	 2	 -42.5025	  173.0667
5.870	 2.07	 1	 -42.6220	  171.7842
5.871	 2.05	 1	 -42.4292	  173.7581
5.872	 2.20	 1	 -41.9748	  173.9237
5.872	 2.17	 1	 -42.3046	  173.8720
5.872	 2.18	 1	 -42.3906	  173.6831
5.873	 2.44	 3	 -41.6364	  174.6661
5.874	 2.58	 1	 -42.9007	  173.2348
5.875	 2.28	 1	 -42.2539	  173.8054
5.875	 2.77	 1	 -42.1915	  173.5037
5.876	 2.38	 1	 -41.7154	  174.2275
5.877	 2.05	 3	 -41.7182	  174.4952
5.877	 2.10	 1	 -42.1903	  173.9719
5.878	 2.25	 1	 -42.9895	  173.5132
5.879	 2.11	 1	 -42.3148	  173.7307
5.881	 2.21	 1	 -41.7710	  174.2495
5.881	 2.31	 1	 -42.3866	  173.5022
5.882	 2.51	 1	 -41.8336	  174.2402
5.882	 2.06	 1	 -41.6971	  174.1680
5.883	 2.13	 1	 -42.3665	  173.8931
5.884	 3.24	 1	 -42.4159	  173.2622
5.885	 2.12	 2	 -42.5284	  173.3497
5.885	 2.86	 1	 -42.5387	  173.3815
5.885	 3.36	 2	 -42.4098	  173.1593
5.885	 2.01	 1	 -42.6757	  172.7882
5.886	 2.14	 1	 -42.1820	  173.7063
5.887	 2.07	 2	 -42.3389	  173.6989
5.890	 2.25	 3	 -41.7875	  173.2081
5.890	 2.31	 1	 -42.0002	  173.6756
5.891	 2.94	 1	 -41.7749	  174.2697
5.893	 2.71	 1	 -42.4690	  173.5725
5.894	 2.53	 1	 -43.3345	  177.4773
5.896	 2.26	 1	 -46.1999	  175.5440
5.896	 2.44	 1	 -42.5798	  172.7629
5.897	 4.17	 1	 -42.4218	  173.6837
5.897	 2.10	 1	 -41.9163	  174.1201
5.899	 2.21	 1	 -42.4134	  173.3929
5.900	 2.52	 2	 -42.2462	  173.6578
5.900	 2.75	 2	 -42.3082	  173.7182
5.902	 2.95	 1	 -41.7181	  174.3702
5.903	 2.26	 1	 -41.7940	  174.3355
5.904	 2.32	 1	 -42.0782	  173.9522
5.905	 2.08	 1	 -42.3299	  173.7696
5.905	 2.03	 2	 -41.6481	  173.0735
5.907	 3.65	 1	 -42.4498	  173.4266
5.907	 2.24	 3	 -41.7081	  174.9353
5.909	 2.60	 1	 -41.7773	  174.3267
5.910	 2.28	 2	 -42.0691	  173.5665
5.912	 2.10	 1	 -42.2569	  173.7201
5.913	 2.46	 2	 -41.5642	  174.7302
5.913	 2.56	 1	 -41.0369	  173.0663
5.914	 2.41	 3	 -41.6772	  174.1912
5.914	 2.67	 1	 -41.9740	  174.0996
5.914	 3.51	 1	 -41.8145	  174.3682
5.914	 2.08	 1	 -42.1112	  173.6068
5.916	 2.75	 1	 -42.0038	  174.2447
5.916	 2.41	 1	 -41.6981	  174.2190
5.916	 2.43	 2	 -41.5288	  174.5019
5.917	 2.27	 2	 -42.3081	  173.6204
5.918	 2.59	 2	 -42.2497	  173.6175
5.918	 2.01	 1	 -42.3399	  173.9205
5.918	 2.05	 1	 -42.2029	  173.9127
5.919	 2.20	 3	 -41.6247	  174.6511
5.919	 2.44	 1	 -41.7791	  174.2445
5.919	 2.10	 2	 -41.9376	  173.7775
5.920	 3.05	 1	 -41.7659	  174.2372
5.920	 2.36	 2	 -41.9102	  174.2507
5.920	 2.15	 3	 -41.7910	  174.3427
5.921	 3.19	 1	 -42.8006	  173.4357
5.922	 2.28	 1	 -42.3174	  173.9191
5.922	 3.32	 1	 -42.2592	  173.6944
5.922	 2.34	 3	 -41.5542	  174.7250
5.923	 2.23	 1	 -42.3984	  173.8398
5.923	 3.05	 1	 -42.3948	  173.7128
5.924	 2.53	 1	 -42.1613	  173.6542
5.924	 2.11	 1	 -41.8026	  174.4334
5.924	 2.79	 2	 -42.3806	  173.1062
5.925	 2.31	 3	 -41.7076	  171.3652
5.928	 2.10	 1	 -41.9779	  173.6146
5.928	 3.03	 1	 -42.1517	  173.5950
5.929	 2.13	 1	 -41.7972	  174.2729
5.929	 2.32	 1	 -41.8040	  174.1838
5.929	 2.52	 1	 -42.4766	  173.4123
5.930	 2.13	 2	 -42.6899	  173.4224
5.931	 2.13	 2	 -42.3839	  174.0471
5.932	 3.34	 2	 -42.3623	  173.9239
5.933	 2.12	 2	 -42.3392	  174.0589
5.933	 2.21	 1	 -42.3257	  173.7756
5.933	 2.26	 1	 -42.4555	  173.7899
5.935	 2.25	 1	 -42.5649	  173.0033
5.935	 2.53	 3	 -41.5846	  174.7785
5.935	 2.26	 3	 -41.6793	  174.5099
5.936	 3.37	 1	 -42.3694	  173.1165
5.936	 2.28	 1	 -42.3690	  173.8791
5.937	 2.87	 1	 -42.3433	  173.7550
5.937	 3.23	 3	 -41.6342	  174.6470
5.938	 2.59	 1	 -42.3817	  173.7323
5.938	 2.16	 1	 -41.4784	  174.3537
5.939	 4.07	 1	 -41.7901	  174.1490
5.939	 2.52	 2	 -42.0976	  173.7353
5.939	 3.29	 3	 -42.0835	  173.8946
5.939	 2.32	 3	 -42.2685	  174.0394
5.941	 2.32	 1	 -43.1995	  166.9627
5.941	 2.25	 3	 -41.9707	  174.7933
5.941	 2.41	 1	 -42.4192	  174.0132
5.941	 2.07	 1	 -41.6789	  174.2779
5.942	 2.24	 1	 -41.7454	  174.4675
5.942	 2.66	 1	 -41.7070	  174.2173
5.943	 2.06	 3	 -41.8552	  173.0461
5.943	 2.45	 3	 -42.8045	  173.0922
5.943	 2.31	 1	 -41.7373	  174.2627
5.943	 2.47	 1	 -42.2691	  173.9771
5.944	 2.08	 1	 -42.0309	  174.0488
5.944	 2.85	 2	 -41.6502	  174.0187
5.944	 2.02	 3	 -41.6486	  174.7135
5.944	 2.03	 1	 -41.9862	  174.4887
5.945	 2.01	 3	 -41.6241	  174.5435
5.946	 2.00	 2	 -42.2389	  173.9685
5.948	 2.04	 1	 -41.6454	  174.2256
5.949	 2.57	 1	 -42.5666	  174.0056
5.950	 2.10	 2	 -42.2594	  173.6513
5.952	 2.06	 1	 -42.3000	  173.9169
5.952	 2.71	 1	 -42.3971	  173.2520
5.954	 2.21	 2	 -42.4190	  173.1747
5.954	 2.07	 2	 -42.3952	  173.5811
5.955	 2.78	 1	 -42.4806	  173.0128
5.955	 2.19	 1	 -42.5063	  173.0729
5.956	 2.32	 5	 -43.0507	  173.2692
5.956	 2.26	 1	 -42.3009	  173.7404
5.957	 2.11	 1	 -42.5524	  172.8208
5.958	 2.29	 1	 -42.5995	  172.9839
5.959	 2.83	 1	 -42.1689	  173.5639
5.960	 2.50	 1	 -42.2634	  173.6234
5.960	 2.52	 1	 -42.3260	  173.2255
5.961	 2.23	 1	 -41.8583	  174.2496
5.961	 2.27	 1	 -41.7049	  174.2294
5.961	 2.37	 1	 -42.3963	  174.0519
5.962	 3.33	 2	 -41.9434	  173.7401
5.962	 2.65	 1	 -42.3268	  173.9827
5.962	 2.36	 1	 -41.8409	  174.1033
5.964	 2.42	 2	 -42.2991	  173.6877
5.965	 3.18	 1	 -41.7875	  174.2473
5.965	 2.01	 1	 -41.6992	  173.9406
5.965	 2.23	 1	 -42.4297	  173.3988
5.965	 2.37	 1	 -42.5767	  173.0304
5.966	 2.31	 1	 -41.7092	  174.3278
5.966	 2.46	 1	 -41.6241	  174.3121
5.966	 2.33	 3	 -41.9149	  174.6124
5.966	 2.33	 1	 -42.3915	  173.2045
5.967	 4.67	 1	 -43.1856	  172.8898
5.967	 2.09	 1	 -42.5244	  173.3726
5.967	 2.41	 1	 -42.1648	  172.9695
5.967	 2.03	 1	 -42.0328	  173.8642
5.968	 2.52	 3	 -41.9481	  173.7143
5.968	 2.04	 1	 -41.7149	  174.3330
5.968	 2.27	 1	 -41.6914	  174.2590
5.969	 2.46	 1	 -38.6403	  169.7897
5.969	 2.13	 1	 -37.9486	  174.1667
5.970	 2.16	 2	 -42.2997	  173.6086
5.970	 2.03	 1	 -43.1253	  173.0390
5.972	 2.51	 3	 -41.6490	  174.7025
5.972	 2.46	 2	 -46.9675	  172.6570
5.973	 2.69	 1	 -41.7462	  174.2790
5.973	 2.14	 1	 -41.9816	  174.2479
5.974	 2.51	 2	 -42.0174	  174.0313
5.977	 2.07	 1	 -42.0778	  173.4322
5.978	 2.06	 1	 -42.1063	  173.6442
5.978	 2.24	 2	 -41.9510	  173.7937
5.979	 2.01	 2	 -42.2470	  173.6063
5.979	 2.68	 1	 -42.5823	  173.2328
5.982	 2.12	 1	 -41.7743	  174.1722
5.982	 2.31	 1	 -42.2904	  173.7198
5.982	 2.08	 1	 -41.8462	  174.2343
5.983	 2.25	 1	 -42.3448	  173.6835
5.983	 2.20	 1	 -42.5704	  173.8634
5.983	 2.04	 1	 -42.5164	  172.8135
5.983	 3.34	 2	 -41.8278	  173.6355
5.984	 2.08	 1	 -42.4273	  172.9798
5.986	 2.62	 2	 -42.5864	  174.0591
5.986	 2.03	 2	 -42.2949	  174.0779
5.987	 2.56	 1	 -41.9981	  173.8028
5.988	 2.07	 1	 -42.4473	  173.8291
5.988	 2.95	 1	 -42.0624	  173.6643
5.989	 2.19	 2	 -42.3861	  174.1335
5.989	 2.04	 1	 -42.6073	  172.9644
5.989	 2.49	 1	 -42.3858	  173.4214
5.989	 2.05	 2	 -42.3158	  173.1252
5.990	 2.04	 1	 -42.6742	  172.9444
5.990	 2.18	 4	 -42.7626	  173.1485
5.990	 2.97	 1	 -41.8259	  173.5374
5.990	 2.66	 1	 -41.6843	  174.4268
5.991	 2.27	 1	 -42.2472	  173.8114
5.991	 2.78	 3	 -41.6191	  174.7012
5.992	 2.14	 1	 -42.4344	  173.2121
5.993	 2.29	 1	 -41.9079	  175.4184
5.993	 3.59	 3	 -41.9395	  173.7405
5.994	 2.02	 2	 -42.4628	  173.8354
5.994	 2.10	 2	 -42.7938	  173.0065
5.995	 2.31	 1	 -41.8618	  173.9066
5.996	 3.88	 1	 -41.4525	  174.1054
5.996	 2.39	 3	 -41.6292	  174.8976
5.998	 2.18	 1	 -42.5214	  172.8217
6.001	 2.82	 1	 -41.7159	  174.2242
6.002	 2.58	 2	 -42.0044	  173.7527
6.002	 2.05	 1	 -42.6305	  172.9096
6.002	 3.16	 3	 -41.6948	  174.9481
6.002	 2.07	 1	 -43.2043	  175.3216
6.002	 2.28	 1	 -42.6475	  173.5150
6.002	 2.24	 2	 -41.6496	  174.2121
6.003	 2.96	 2	 -42.3683	  173.6670
6.004	 2.04	 1	 -42.3676	  173.9591
6.005	 3.11	 2	 -42.3368	  172.8136
6.009	 2.02	 1	 -41.9711	  174.0584
6.010	 2.08	 2	 -42.3191	  172.8177
6.011	 2.12	 4	 -42.8373	  173.0417
6.012	 2.78	 2	 -42.4846	  173.8906
6.012	 2.30	 1	 -42.3205	  174.0334
6.012	 2.62	 1	 -42.6240	  173.0778
6.013	 2.21	 1	 -41.6227	  173.7887
6.014	 2.67	 2	 -42.2842	  173.6395
6.015	 2.28	 1	 -41.9368	  173.7260
6.015	 2.19	 1	 -42.3827	  174.1772
6.016	 2.24	 2	 -42.4913	  173.6331
6.016	 2.84	 1	 -41.7708	  174.2379
6.016	 2.19	 1	 -41.9907	  173.6505
6.019	 2.40	 1	 -41.7976	  174.0581
6.019	 2.14	 2	 -41.7535	  174.3057
6.019	 2.78	 1	 -41.9911	  173.7708
6.020	 2.95	 1	 -41.9293	  172.5057
6.021	 2.20	 3	 -41.7509	  174.3586
6.021	 2.07	 1	 -42.2202	  174.0263
6.021	 2.04	 1	 -41.7362	  174.2030
6.022	 3.04	 1	 -42.4440	  173.2338
6.022	 2.01	 2	 -41.7314	  174.2468
6.022	 2.84	 1	 -42.1366	  173.6561
6.023	 2.36	 2	 -42.4015	  173.1666
6.023	 2.53	 2	 -42.5830	  173.1536
6.023	 2.41	 3	 -41.8028	  173.4579
6.024	 2.48	 1	 -42.8228	  172.8107
6.024	 3.71	 1	 -42.1316	  173.6192
6.024	 3.45	 1	 -42.4109	  173.1599
6.025	 2.12	 2	 -41.8463	  174.1368
6.026	 2.03	 1	 -42.3103	  173.9760
6.026	 2.25	 1	 -42.1491	  173.5197
6.027	 2.28	 1	 -41.7916	  174.1823
6.027	 2.10	 2	 -42.5887	  172.2525
6.027	 2.46	 1	 -41.4512	  173.7062
6.029	 2.13	 1	 -42.6504	  172.8022
6.030	 2.03	 1	 -42.1909	  173.7194
6.030	 2.24	 2	 -41.7480	  174.2205
6.034	 3.56	 1	 -42.7963	  173.0026
6.035	 2.18	 2	 -42.2951	  172.9306
6.036	 2.46	 2	 -42.4558	  173.2203
6.037	 2.54	 3	 -41.9633	  173.8075
6.037	 2.94	 1	 -41.8590	  173.9446
6.038	 2.77	 1	 -42.4320	  173.7243
6.038	 2.05	 1	 -44.0438	  173.8716
6.039	 2.14	 1	 -42.4351	  173.0893
6.040	 2.57	 2	 -42.2963	  173.7408
6.041	 2.49	 1	 -42.3259	  173.8309
6.043	 2.41	 1	 -41.7645	  174.2262
6.044	 3.11	 1	 -41.2863	  174.4774
6.045	 2.38	 2	 -42.5408	  173.3262
6.045	 3.18	 2	 -41.9904	  173.5881
6.046	 2.06	 1	 -41.4173	  174.6299
6.046	 2.58	 2	 -42.4141	  174.0865
6.047	 2.59	 1	 -42.6195	  173.6430
6.047	 2.01	 2	 -42.3899	  174.1052
6.047	 2.63	 1	 -41.9809	  173.8024
6.048	 2.06	 1	 -42.2893	  174.0857
6.049	 2.13	 4	 -41.7432	  174.7082
6.050	 2.23	 1	 -42.5624	  173.1323
6.051	 2.33	 1	 -42.0042	  173.6736
6.051	 2.33	 2	 -41.3202	  172.6882
6.053	 2.66	 1	 -41.8056	  174.2959
6.054	 3.63	 1	 -42.2801	  173.6686
6.055	 2.17	 1	 -42.2321	  173.1776
6.055	 3.24	 2	 -42.4358	  173.7689
6.057	 2.57	 1	 -42.2456	  173.6693
6.058	 3.06	 2	 -41.4545	  174.1049
6.059	 2.42	 2	 -42.2596	  173.6482
6.059	 2.38	 3	 -42.2087	  174.0281
6.059	 4.16	 1	 -42.0278	  173.2351
6.059	 2.15	 1	 -42.2210	  173.5670
6.061	 2.60	 1	 -42.4773	  173.8234
6.064	 3.02	 2	 -42.2023	  173.9474
6.066	 2.02	 1	 -41.6351	  174.2311
6.066	 2.14	 3	 -41.6236	  174.6581
6.066	 3.47	 2	 -42.3363	  172.8825
6.067	 2.03	 1	 -42.6716	  172.7839
6.067	 2.44	 2	 -42.2875	  173.6906
6.068	 2.49	 1	 -42.5166	  171.8358
6.069	 2.02	 4	 -41.9544	  173.8476
6.069	 2.46	 1	 -42.1477	  173.6015
6.070	 3.26	 1	 -42.5539	  173.0508
6.070	 2.15	 1	 -42.4610	  173.2504
6.073	 2.12	 1	 -41.6808	  174.6367
6.073	 2.32	 1	 -41.8917	  173.7757
6.073	 2.54	 1	 -41.8881	  174.1192
6.073	 2.34	 1	 -42.2022	  173.8590
6.074	 2.04	 2	 -42.1573	  173.5545
6.074	 2.20	 1	 -42.5288	  173.9085
6.075	 2.23	 1	 -41.8585	  173.9915
6.075	 2.24	 3	 -41.7835	  178.3964
6.075	 2.37	 1	 -42.1915	  173.6459
6.076	 2.16	 1	 -42.3432	  173.3069
6.077	 2.02	 1	 -42.6871	  173.0285
6.077	 2.04	 2	 -42.0977	  173.9242
6.079	 2.83	 1	 -41.7784	  174.2784
6.082	 2.16	 1	 -42.0212	  173.6298
6.082	 2.11	 1	 -42.2974	  173.7301
6.083	 2.58	 1	 -42.4851	  173.0739
6.083	 2.31	 1	 -42.6497	  172.9447
6.087	 2.04	 1	 -41.8525	  173.9354
6.087	 2.08	 3	 -41.7254	  174.5981
6.088	 2.35	 1	 -42.3180	  173.9204
6.088	 2.22	 2	 -42.5742	  173.2970
6.088	 3.32	 4	 -42.6921	  173.2516
6.089	 2.08	 3	 -41.6913	  174.7442
6.090	 2.56	 2	 -42.5673	  173.6136
6.090	 2.41	 1	 -41.4602	  174.2637
6.091	 2.13	 1	 -41.9211	  173.6340
6.092	 2.18	 1	 -41.7416	  174.3542
6.092	 2.34	 3	 -41.6203	  174.7170
6.093	 2.03	 4	 -41.7419	  174.1785
6.094	 2.16	 2	 -42.6594	  172.9168
6.097	 2.25	 1	 -42.4071	  173.6793
6.097	 2.43	 3	 -42.4919	  173.7875
6.098	 2.64	 1	 -41.8454	  174.3380
6.099	 2.07	 4	 -42.7313	  173.1783
6.099	 2.11	 2	 -41.8104	  174.1830
6.100	 2.13	 1	 -42.1686	  173.5801
6.100	 2.34	 2	 -42.7613	  173.8148
6.100	 2.03	 2	 -42.6591	  173.5082
6.101	 3.04	 2	 -42.4471	  173.8005
6.101	 2.46	 1	 -41.9158	  173.6622
6.102	 2.04	 1	 -42.1686	  173.4987
6.103	 2.71	 1	 -41.7550	  174.2623
6.103	 2.15	 2	 -41.8881	  173.7902
6.103	 3.20	 4	 -42.3101	  173.6392
6.103	 2.36	 1	 -42.3416	  173.7738
6.104	 2.02	 1	 -42.3420	  173.2794
6.104	 2.04	 2	 -41.5532	  174.2380
6.104	 2.31	 1	 -42.4164	  174.2658
6.105	 3.11	 1	 -42.3141	  173.5639
6.105	 2.31	 1	 -42.3737	  173.3851
6.105	 2.76	 1	 -42.2450	  173.8514
6.105	 2.16	 1	 -42.0030	  174.4631
6.106	 2.84	 3	 -41.5343	  174.7690
6.107	 2.07	 1	 -41.9998	  174.0336
6.107	 2.31	 1	 -41.8041	  174.2483
6.108	 2.38	 2	 -41.7206	  174.3700
6.109	 2.02	 2	 -42.2737	  173.5397
6.110	 2.37	 1	 -42.6142	  173.6015
6.110	 2.26	 1	 -41.8740	  174.0996
6.111	 2.22	 1	 -41.7108	  174.2640
6.112	 2.45	 2	 -41.6948	  174.2440
6.113	 2.76	 1	 -42.5396	  172.7468
6.113	 2.18	 2	 -41.9865	  173.5648
6.113	 2.71	 1	 -42.0627	  173.6422
6.113	 2.97	 2	 -42.3741	  173.7062
6.113	 2.94	 2	 -42.2472	  173.6642
6.115	 2.18	 1	 -42.3775	  173.6105
6.115	 2.18	 1	 -41.7337	  174.2746
6.116	 2.24	 1	 -42.2657	  173.7715
6.116	 2.08	 1	 -42.1303	  173.8310
6.117	 2.25	 3	 -42.5318	  173.0973
6.118	 2.04	 5	 -42.0521	  175.0288
6.118	 2.70	 1	 -42.3455	  174.1113
6.118	 2.11	 2	 -42.1111	  172.9870
6.119	 2.64	 2	 -42.2575	  173.6335
6.120	 2.01	 1	 -42.1385	  174.2494
6.121	 2.87	 1	 -42.3434	  173.8683
6.123	 2.42	 1	 -42.3327	  174.0471
6.123	 2.39	 1	 -42.4037	  173.3410
6.123	 2.35	 1	 -41.9644	  173.9281
6.124	 2.01	 2	 -41.5206	  174.1735
6.124	 2.43	 2	 -42.5144	  173.5457
6.126	 2.47	 2	 -42.1582	  172.7778
6.127	 2.59	 1	 -41.8292	  174.3195
6.128	 2.11	 1	 -42.2654	  173.6903
6.128	 2.43	 3	 -41.8022	  173.2976
6.128	 2.30	 2	 -42.4317	  173.7278
6.128	 2.07	 3	 -41.6117	  174.7010
6.129	 2.08	 1	 -41.8030	  174.0894
6.130	 2.66	 1	 -42.0080	  173.4502
6.131	 2.38	 3	 -42.7436	  174.7500
6.131	 2.16	 1	 -42.5658	  173.0477
6.131	 2.72	 1	 -42.3777	  173.9845
6.133	 2.52	 1	 -42.4045	  173.5932
6.133	 2.92	 1	 -41.7655	  174.1460
6.133	 2.80	 1	 -40.0465	  170.5983
6.134	 2.40	 1	 -41.7118	  174.1886
6.135	 2.95	 2	 -41.8162	  173.6749
6.135	 2.38	 1	 -41.7219	  174.1707
6.136	 2.01	 1	 -41.6989	  174.3123
6.136	 2.78	 1	 -42.4931	  173.1098
6.137	 2.22	 1	 -42.3068	  173.7644
6.139	 2.18	 1	 -41.7143	  174.2455
6.141	 2.32	 1	 -42.3046	  173.6299
6.141	 3.82	 1	 -40.1204	  174.7566
6.142	 2.12	 3	 -41.6105	  174.6970
6.142	 2.11	 3	 -42.2576	  174.0437
6.143	 2.30	 1	 -41.8021	  174.2429
6.143	 2.34	 1	 -42.5829	  173.2431
6.143	 2.20	 1	 -42.0594	  173.8788
6.143	 2.22	 3	 -41.8096	  173.4575
6.145	 2.49	 1	 -43.9327	  172.0976
6.145	 2.09	 2	 -40.3881	  174.0963
6.148	 2.06	 2	 -42.3764	  174.0435
6.148	 2.95	 1	 -42.1371	  173.8096
6.149	 3.36	 1	 -42.2606	  173.8636
6.151	 2.42	 4	 -43.1175	  171.8404
6.154	 2.76	 1	 -42.8218	  175.2614
6.156	 2.75	 1	 -42.9298	  173.3390
6.156	 2.27	 2	 -43.2778	  172.9184
6.158	 2.30	 1	 -42.5486	  174.3471
6.160	 2.56	 2	 -42.4206	  173.7829
6.161	 4.17	 1	 -41.8291	  174.1943
6.162	 2.33	 3	 -41.8080	  173.5184
6.165	 2.72	 2	 -42.4504	  173.2950
6.166	 2.10	 2	 -41.7307	  174.2800
6.166	 2.13	 1	 -42.1526	  174.0443
6.167	 2.06	 3	 -41.8124	  174.2482
6.168	 2.52	 1	 -42.5686	  174.0825
6.169	 2.36	 2	 -41.5574	  174.2599
6.169	 2.83	 1	 -42.1359	  173.5849
6.172	 2.28	 2	 -42.4991	  173.0151
6.173	 2.76	 1	 -41.7056	  174.2663
6.174	 2.53	 3	 -41.6552	  174.7305
6.174	 2.32	 1	 -41.7461	  174.3870
6.175	 3.05	 1	 -42.3653	  173.5599
6.175	 2.04	 4	 -42.9073	  172.9861
6.177	 2.38	 1	 -41.7782	  174.1976
6.177	 2.98	 1	 -42.2631	  173.6778
6.178	 2.04	 2	 -41.7258	  173.1017
6.178	 2.36	 2	 -42.3545	  174.0581
6.178	 2.41	 1	 -40.8828	  172.8020
6.179	 3.02	 1	 -44.8824	  178.2490
6.179	 2.27	 1	 -41.1953	  175.0461
6.179	 2.53	 3	 -41.5960	  174.6932
6.183	 2.86	 1	 -41.6758	  172.6783
6.184	 2.13	 1	 -42.2373	  173.6678
6.185	 2.29	 1	 -42.5031	  172.8853
6.187	 2.12	 3	 -41.6752	  174.8342
6.187	 3.25	 1	 -41.9426	  172.9036
6.187	 2.03	 2	 -43.3594	  170.4509
6.187	 2.02	 2	 -42.5561	  172.9291
6.188	 2.56	 1	 -42.2707	  173.6843
6.188	 2.05	 3	 -41.7632	  174.7633
6.190	 2.53	 2	 -42.5792	  173.5397
6.190	 2.02	 1	 -42.3904	  173.0189
6.191	 2.10	 1	 -41.8071	  174.2749
6.191	 2.31	 2	 -41.7879	  174.1629
6.193	 2.69	 1	 -41.5969	  174.3520
6.196	 2.74	 3	 -41.7112	  171.1822
6.196	 2.05	 2	 -42.3616	  173.0348
6.197	 2.01	 1	 -43.2191	  172.8382
6.197	 2.22	 1	 -42.1531	  173.8780
6.199	 2.41	 1	 -41.6239	  174.3537
6.200	 2.58	 1	 -42.3408	  174.0280
6.202	 2.15	 4	 -42.1467	  173.6943
6.205	 2.32	 1	 -42.5074	  173.0771
6.205	 2.27	 1	 -41.8543	  173.7682
6.206	 2.77	 1	 -42.1941	  174.0657
6.206	 2.25	 1	 -41.6965	  174.2022
6.206	 2.20	 1	 -42.2630	  173.6410
6.206	 2.26	 1	 -42.1097	  174.5075
6.209	 2.67	 1	 -41.6721	  174.2006
6.211	 2.04	 1	 -41.9380	  173.7786
6.211	 2.55	 1	 -42.5551	  173.9460
6.214	 3.25	 2	 -42.6539	  173.8138
6.216	 2.31	 1	 -42.6195	  173.1923
6.217	 3.26	 2	 -41.7828	  173.5150
6.217	 2.01	 3	 -41.7076	  173.0695
6.218	 2.49	 1	 -42.0516	  173.9169
6.218	 4.26	 1	 -42.2776	  173.6129
6.219	 2.27	 1	 -42.2469	  173.6657
6.219	 2.02	 1	 -42.5891	  172.9397
6.219	 2.83	 4	 -42.7486	  173.1830
6.219	 2.29	 1	 -41.7864	  174.1752
6.220	 2.06	 2	 -43.2203	  172.3101
6.220	 2.01	 1	 -41.9309	  173.9833
6.221	 2.57	 1	 -42.5153	  170.7826
6.221	 2.26	 1	 -42.0422	  173.8040
6.222	 2.13	 2	 -41.6790	  174.2326
6.223	 2.27	 2	 -42.2595	  173.8625
6.223	 2.30	 1	 -42.1994	  173.6354
6.224	 2.23	 1	 -42.4481	  173.2444
6.224	 3.06	 2	 -42.1836	  173.1072
6.225	 2.24	 1	 -43.1013	  173.3508
6.229	 2.19	 2	 -42.5494	  173.3790
6.229	 2.20	 1	 -41.7707	  174.1808
6.229	 2.26	 1	 -42.3214	  173.9421
6.230	 2.29	 1	 -42.2538	  173.6704
6.230	 2.11	 2	 -41.4788	  174.3185
6.231	 2.03	 1	 -42.1227	  172.8544
6.232	 2.01	 1	 -41.7301	  174.2849
6.233	 2.17	 2	 -42.3113	  174.0700
6.233	 2.27	 3	 -41.8338	  173.0394
6.233	 3.00	 2	 -42.4459	  173.1584
6.234	 2.09	 1	 -42.3324	  173.5672
6.234	 2.68	 1	 -42.4342	  172.7124
6.235	 2.03	 2	 -42.0144	  173.6642
6.235	 2.08	 1	 -42.4337	  173.6809
6.236	 2.72	 1	 -42.1500	  173.5906
6.236	 2.01	 1	 -41.9996	  174.0231
6.236	 2.11	 1	 -41.9988	  173.7248
6.237	 2.08	 1	 -42.5375	  173.3468
6.238	 2.28	 1	 -42.3700	  173.9829
6.239	 3.00	 1	 -42.5807	  174.0030
6.240	 2.01	 1	 -41.7330	  174.1611
6.240	 2.17	 1	 -41.6990	  174.3090
6.240	 2.73	 1	 -42.3384	  173.9528
6.240	 2.03	 1	 -41.7345	  174.1854
6.240	 3.34	 4	 -41.6012	  174.8335
6.244	 2.76	 1	 -42.3870	  174.0350
6.246	 2.62	 1	 -42.1820	  173.5556
6.246	 2.30	 2	 -42.3010	  174.0595
6.247	 2.09	 1	 -44.1548	  172.7413
6.248	 2.10	 2	 -42.3786	  173.7407
6.248	 2.81	 2	 -42.3638	  173.8641
6.248	 2.27	 1	 -42.3256	  173.9163
6.250	 3.00	 1	 -42.3207	  173.1113
6.250	 3.02	 1	 -42.1993	  173.4441
6.250	 2.77	 1	 -41.9344	  174.2031
6.252	 2.58	 1	 -42.4003	  173.2217
6.253	 2.88	 3	 -41.7191	  171.4907
6.254	 2.05	 2	 -42.4554	  173.7800
6.254	 3.44	 2	 -42.3508	  172.7713
6.255	 2.06	 2	 -42.4853	  173.0645
6.255	 2.07	 1	 -41.7944	  174.1625
6.257	 3.97	 1	 -42.3799	  174.0168
6.257	 2.13	 3	 -41.6283	  174.7115
6.259	 2.30	 1	 -42.2727	  173.6076
6.259	 3.05	 1	 -42.2550	  173.8785
6.260	 2.07	 2	 -42.5249	  173.3759
6.260	 2.00	 1	 -41.6983	  174.1976
6.260	 2.04	 1	 -41.8553	  174.5155
6.261	 2.18	 1	 -42.2872	  173.6866
6.262	 2.02	 2	 -41.4064	  173.8908
6.263	 2.38	 1	 -42.5253	  172.9775
6.264	 2.90	 3	 -41.6255	  174.6402
6.264	 2.07	 1	 -41.9399	  173.5597
6.265	 2.19	 1	 -41.7246	  174.3784
6.265	 2.46	 1	 -42.5293	  173.0537
6.267	 2.30	 3	 -41.6572	  174.6528
6.267	 2.21	 1	 -41.5993	  174.3743
6.268	 2.38	 3	 -41.6253	  174.6843
6.268	 2.35	 1	 -41.9644	  174.0022
6.268	 3.42	 3	 -41.3935	  174.3661
6.270	 2.51	 3	 -42.4877	  173.0653
6.270	 2.00	 2	 -42.5207	  173.1237
6.270	 2.95	 2	 -43.3799	  172.9215
6.271	 2.01	 1	 -41.7789	  173.9507
6.272	 2.36	 1	 -41.7086	  174.1738
6.274	 2.50	 1	 -42.2499	  173.5444
6.275	 2.03	 3	 -41.8439	  173.5012
6.275	 2.15	 1	 -42.4678	  174.1196
6.276	 2.62	 4	 -42.3455	  173.7375
6.276	 3.43	 2	 -42.0901	  173.5566
6.277	 2.88	 2	 -41.9107	  173.7782
6.278	 2.29	 1	 -41.7960	  174.2410
6.278	 2.05	 1	 -42.3435	  173.6133
6.278	 2.20	 1	 -42.4841	  173.2126
6.279	 2.14	 3	 -41.5887	  174.7134
6.280	 2.08	 2	 -42.5420	  173.2103
6.281	 2.58	 1	 -41.9781	  174.0731
6.282	 2.16	 2	 -42.9168	  173.1877
6.284	 2.66	 2	 -41.5588	  174.3877
6.284	 2.35	 2	 -42.6055	  173.0464
6.284	 2.15	 1	 -41.7569	  174.3143
6.288	 2.53	 1	 -41.6937	  173.8233
6.289	 2.18	 1	 -41.0939	  169.8940
6.291	 2.42	 1	 -42.3596	  174.0430
6.291	 2.67	 1	 -41.6885	  174.1808
6.291	 3.05	 1	 -41.6833	  174.2574
6.293	 3.69	 2	 -42.8425	  173.1489
6.296	 2.03	 3	 -42.6991	  173.1075
6.297	 2.29	 1	 -42.0111	  173.7116
6.298	 2.56	 1	 -42.4584	  173.1617
6.298	 2.16	 1	 -41.6789	  174.2701
6.299	 2.14	 3	 -41.7358	  174.9742
6.299	 2.65	 1	 -42.6783	  174.0891
6.300	 2.37	 2	 -41.7534	  174.1495
6.300	 2.57	 3	 -41.8009	  173.4939
6.302	 2.39	 1	 -41.7680	  173.4931
6.303	 2.66	 3	 -41.6551	  174.8459
6.303	 2.37	 1	 -42.2006	  173.7038
6.305	 2.23	 2	 -42.4883	  173.7540
6.307	 2.44	 1	 -42.0712	  172.4328
6.308	 2.48	 1	 -42.2790	  173.7387
6.308	 2.03	 1	 -41.8135	  174.2517
6.309	 2.39	 2	 -41.6815	  174.2081
6.309	 2.54	 2	 -42.1209	  173.7470
6.310	 2.43	 1	 -42.1540	  173.5620
6.310	 2.30	 1	 -42.1826	  173.6896
6.310	 2.71	 1	 -42.2983	  173.7558
6.310	 2.04	 2	 -42.5584	  173.4998
6.311	 3.50	 2	 -41.4384	  173.7592
6.311	 2.58	 2	 -42.5746	  173.0890
6.312	 2.16	 5	 -43.0978	  173.0158
6.314	 2.12	 1	 -41.7921	  174.3726
6.314	 2.33	 1	 -41.9541	  174.0485
6.316	 2.28	 1	 -41.9231	  172.0210
6.317	 2.48	 2	 -41.6931	  174.2227
6.317	 2.04	 4	 -43.6394	  173.8837
6.318	 2.22	 2	 -41.8213	  174.2340
6.318	 2.21	 1	 -42.2264	  173.6244
6.319	 2.51	 1	 -42.1744	  173.5971
6.319	 2.87	 3	 -41.5425	  174.6824
6.320	 2.18	 2	 -42.1466	  175.8250
6.321	 2.39	 2	 -42.5404	  174.3474
6.322	 2.05	 2	 -42.5057	  173.0887
6.322	 2.17	 1	 -41.7420	  174.3118
6.325	 2.42	 1	 -41.8554	  174.1342
6.327	 2.18	 2	 -42.5898	  173.6805
6.327	 2.56	 1	 -42.7996	  173.1880
6.327	 2.48	 1	 -42.5095	  172.5210
6.330	 2.29	 1	 -42.5507	  173.0615
6.330	 2.13	 2	 -41.7032	  174.1792
6.331	 2.40	 1	 -42.1964	  173.8198
6.331	 2.08	 2	 -41.7510	  174.2036
6.331	 2.10	 1	 -42.4232	  173.1795
6.332	 2.03	 1	 -42.1582	  173.5862
6.332	 2.24	 1	 -42.4947	  173.5742
6.332	 2.56	 2	 -41.9641	  173.9284
6.333	 2.46	 1	 -42.0980	  173.5437
6.334	 2.41	 4	 -42.7315	  173.1562
6.334	 3.10	 1	 -42.4708	  173.2856
6.335	 2.74	 2	 -42.2783	  173.6985
6.336	 2.02	 2	 -41.7259	  174.2371
6.336	 2.03	 1	 -41.7311	  174.2553
6.336	 2.36	 3	 -41.5946	  174.5488
6.336	 2.07	 1	 -42.6805	  173.4283
6.336	 4.41	 1	 -42.2350	  173.6859
6.337	 2.15	 2	 -42.4118	  173.1719
6.338	 2.57	 1	 -43.3926	  174.4761
6.339	 2.25	 1	 -42.3159	  173.6248
6.339	 2.06	 2	 -42.4595	  174.2687
6.339	 2.54	 1	 -41.7771	  174.1959
6.339	 2.35	 3	 -42.6724	  173.4217
6.340	 3.00	 3	 -42.2788	  173.5309
6.341	 2.04	 2	 -41.6531	  173.1207
6.341	 2.18	 1	 -41.6282	  174.2421
6.342	 2.46	 1	 -42.5997	  172.4164
6.343	 2.08	 1	 -44.0996	  174.2400
6.344	 2.31	 1	 -43.7594	  172.6853
6.345	 2.03	 1	 -42.0412	  173.7382
6.345	 2.29	 1	 -42.4642	  173.8244
6.346	 2.22	 1	 -43.0541	  172.5703
6.346	 2.06	 1	 -42.5004	  173.3791
6.348	 2.10	 1	 -41.8782	  173.8263
6.348	 2.56	 1	 -41.9586	  173.7721
6.348	 2.10	 1	 -42.0292	  173.6878
6.349	 2.50	 4	 -42.4561	  173.6067
6.350	 2.37	 2	 -41.8837	  173.8036
6.350	 2.22	 1	 -42.5175	  173.0882
6.350	 2.30	 2	 -41.8615	  173.7066
6.351	 2.33	 2	 -41.8583	  174.2458
6.352	 2.16	 2	 -42.4215	  174.0446
6.352	 2.37	 1	 -42.2218	  173.5904
6.355	 2.08	 2	 -41.7297	  174.0834
6.357	 2.62	 1	 -42.2413	  173.5720
6.357	 2.10	 1	 -42.0790	  173.8477
6.357	 2.34	 3	 -41.7528	  174.7063
6.358	 2.21	 1	 -42.8914	  174.7582
6.358	 2.65	 1	 -41.7717	  174.2659
6.359	 2.41	 1	 -42.1822	  173.2992
6.359	 2.20	 3	 -41.6431	  174.5670
6.361	 2.36	 2	 -42.2058	  173.4461
6.365	 2.14	 1	 -41.7282	  174.0775
6.365	 2.44	 2	 -42.0381	  173.7775
6.366	 2.35	 2	 -42.1075	  173.8405
6.367	 2.08	 1	 -42.4284	  173.4573
6.367	 2.32	 2	 -42.1997	  173.4441
6.370	 2.56	 1	 -42.3882	  173.3846
6.370	 2.02	 1	 -42.6177	  173.0541
6.370	 2.08	 1	 -42.5818	  172.9647
6.373	 2.23	 1	 -42.7743	  172.8699
6.374	 3.79	 2	 -42.3878	  173.8253
6.374	 2.44	 1	 -41.7020	  174.2448
6.374	 2.03	 1	 -40.0905	  168.0327
6.374	 2.03	 1	 -42.3367	  174.0107
6.375	 3.63	 1	 -41.7295	  174.2139
6.378	 2.90	 1	 -42.5296	  173.1655
6.380	 3.05	 2	 -42.2368	  173.6691
6.382	 2.49	 1	 -42.6088	  174.4250
6.384	 2.17	 1	 -42.6663	  172.8002
6.384	 2.30	 1	 -42.4272	  173.2878
6.386	 2.87	 1	 -42.3193	  173.6525
6.386	 2.01	 1	 -42.2627	  174.0084
6.388	 2.29	 2	 -42.4195	  174.0874
6.390	 2.09	 1	 -42.8033	  179.1381
6.391	 2.20	 1	 -42.2226	  175.2591
6.392	 2.36	 3	 -41.8643	  174.1718
6.394	 2.40	 1	 -42.2725	  173.6364
6.394	 3.68	 2	 -42.5160	  172.4947
6.396	 4.69	 1	 -42.2746	  173.9029
6.396	 2.90	 2	 -42.5906	  173.4952
6.397	 2.22	 1	 -41.5735	  174.4254
6.398	 2.36	 1	 -41.6278	  174.2045
6.398	 2.53	 1	 -42.6999	  173.1620
6.402	 2.43	 3	 -42.1533	  173.5519
6.402	 2.94	 1	 -42.7849	  173.3174
6.402	 2.77	 2	 -42.2781	  173.9130
6.404	 2.27	 2	 -42.5328	  173.7807
6.404	 2.00	 1	 -41.9296	  173.9516
6.405	 2.58	 2	 -42.4713	  174.0482
6.405	 2.37	 1	 -42.2094	  173.6555
6.405	 2.18	 1	 -42.6359	  172.9940
6.406	 2.20	 1	 -42.4426	  173.7255
6.406	 2.22	 3	 -42.2108	  173.6120
6.407	 2.43	 3	 -41.6616	  174.5960
6.407	 2.18	 3	 -42.3111	  173.1843
6.408	 2.23	 2	 -41.7132	  174.2433
6.411	 2.92	 1	 -41.7209	  174.2774
6.412	 2.35	 3	 -41.5952	  174.7415
6.413	 2.02	 1	 -41.5992	  174.2341
6.413	 2.45	 1	 -41.6700	  174.0952
6.414	 3.13	 3	 -41.7150	  174.3124
6.415	 2.00	 2	 -42.2802	  173.7610
6.415	 2.07	 2	 -41.8583	  173.7962
6.416	 2.09	 1	 -42.0187	  173.7698
6.416	 2.43	 2	 -42.3363	  174.1145
6.417	 2.54	 1	 -42.3478	  173.9191
6.421	 2.51	 1	 -42.4360	  173.8531
6.422	 2.17	 1	 -42.1447	  173.5443
6.423	 4.00	 3	 -41.6234	  174.6641
6.424	 2.21	 1	 -43.7309	  173.7135
6.424	 2.25	 1	 -42.3916	  173.0646
6.425	 2.54	 1	 -41.7014	  174.3038
6.425	 2.97	 1	 -42.3331	  173.4353
6.426	 2.60	 4	 -41.6324	  174.6716
6.427	 2.55	 2	 -42.3273	  173.9177
6.427	 2.26	 1	 -41.7187	  174.2306
6.427	 2.43	 2	 -42.3559	  173.5125
6.427	 2.47	 1	 -41.8308	  174.1544
6.427	 2.09	 2	 -42.2416	  173.9242
6.428	 2.15	 2	 -41.9911	  173.3058
6.429	 2.14	 1	 -44.1671	  175.7121
6.429	 2.04	 2	 -42.3102	  173.7273
6.429	 2.19	 1	 -42.0505	  173.5941
6.429	 2.84	 1	 -42.7639	  173.1326
6.429	 2.03	 1	 -41.6634	  174.3995
6.431	 2.03	 1	 -41.5173	  174.0309
6.432	 2.01	 1	 -42.4382	  173.8726
6.432	 2.13	 2	 -41.7923	  174.3661
6.434	 2.64	 1	 -41.7191	  174.0880
6.435	 2.33	 1	 -41.7542	  174.1672
6.436	 2.55	 1	 -42.5916	  173.8168
6.437	 2.17	 1	 -42.1702	  173.8833
6.437	 2.92	 3	 -42.5354	  173.5217
6.437	 3.42	 2	 -41.9627	  173.7950
6.438	 2.11	 2	 -42.0498	  173.7027
6.438	 2.18	 1	 -42.3598	  173.7894
6.439	 3.14	 1	 -41.6410	  174.2228
6.440	 2.56	 1	 -46.5633	  175.2843
6.444	 2.59	 1	 -42.2594	  173.8133
6.445	 2.33	 1	 -42.2675	  173.6220
6.446	 2.14	 1	 -42.3571	  173.8282
6.447	 2.36	 2	 -41.7610	  174.1769
6.447	 2.78	 1	 -41.9906	  173.7654
6.448	 2.04	 1	 -42.6974	  172.7114
6.449	 2.03	 2	 -43.6806	  173.7431
6.451	 2.13	 2	 -42.1408	  173.8695
6.453	 3.24	 2	 -42.4525	  173.7746
6.454	 2.91	 2	 -42.2625	  174.9650
6.454	 2.47	 4	 -41.5202	  174.5633
6.455	 2.99	 1	 -41.8781	  174.0335
6.456	 2.05	 1	 -41.9471	  173.6528
6.457	 3.29	 1	 -41.6949	  174.2169
6.458	 2.16	 1	 -42.1967	  173.8097
6.459	 2.54	 2	 -42.2581	  173.7108
6.459	 2.16	 2	 -42.5294	  173.0701
6.459	 2.75	 1	 -42.3399	  173.5504
6.459	 2.83	 1	 -42.0320	  173.5025
6.460	 2.63	 1	 -43.0253	  176.9742
6.460	 2.09	 2	 -41.7519	  174.1925
6.460	 2.41	 2	 -42.2305	  173.6799
6.461	 2.43	 1	 -42.1514	  173.5563
6.461	 2.75	 2	 -41.6895	  174.2222
6.462	 2.11	 1	 -41.8555	  174.0072
6.462	 2.16	 1	 -42.5128	  172.4811
6.462	 2.08	 1	 -41.7891	  174.2716
6.463	 2.13	 2	 -42.2538	  173.6918
6.466	 2.35	 3	 -41.6005	  174.6551
6.466	 2.29	 1	 -42.5641	  173.3617
6.466	 2.67	 1	 -42.2352	  173.7954
6.467	 3.36	 2	 -42.3412	  173.9957
6.468	 2.00	 1	 -42.3603	  173.9686
6.468	 2.63	 1	 -41.9804	  173.8537
6.469	 3.59	 1	 -42.3503	  173.0999
6.470	 2.30	 1	 -41.7206	  174.2882
6.470	 2.09	 1	 -42.6436	  174.1168
6.470	 2.50	 1	 -41.9171	  174.5617
6.471	 2.78	 1	 -42.1503	  173.1961
6.471	 2.49	 1	 -42.6810	  173.1448
6.471	 2.05	 1	 -42.4614	  173.4121
6.471	 2.76	 1	 -42.5379	  173.1361
6.472	 2.47	 1	 -42.5529	  173.4458
6.475	 2.11	 1	 -42.3344	  173.7657
6.476	 2.14	 1	 -42.4921	  173.3017
6.476	 4.19	 1	 -41.7835	  174.3349
6.477	 2.50	 1	 -42.4509	  173.1731
6.477	 2.68	 2	 -41.8601	  174.1964
6.478	 2.95	 1	 -42.1981	  173.7013
6.478	 2.86	 1	 -42.5635	  172.7829
6.479	 2.02	 1	 -41.7465	  174.2905
6.479	 2.08	 2	 -42.3188	  173.8496
6.480	 2.20	 1	 -42.4158	  173.5508
6.480	 2.50	 1	 -42.0699	  173.3796
6.481	 2.74	 2	 -41.9648	  173.8092
6.481	 2.11	 1	 -42.0039	  173.6778
6.482	 3.29	 1	 -42.3576	  174.6781
6.482	 2.01	 1	 -42.8142	  173.0060
6.483	 2.52	 1	 -41.8227	  174.2475
6.483	 2.06	 1	 -42.2549	  173.8515
6.485	 2.13	 1	 -42.4976	  174.0891
6.485	 2.08	 2	 -41.7233	  174.4043
6.486	 2.28	 1	 -42.4280	  172.9514
6.486	 2.88	 1	 -42.0586	  173.7916
6.487	 2.30	 1	 -41.9736	  174.1546
6.488	 2.98	 2	 -41.6806	  173.1129
6.488	 2.68	 1	 -42.3218	  174.0183
6.489	 2.23	 1	 -41.7835	  174.3255
6.489	 3.44	 2	 -42.5973	  172.8235
6.490	 2.35	 1	 -42.4383	  173.3752
6.490	 2.18	 1	 -42.5016	  172.9316
6.491	 2.56	 1	 -42.2461	  173.6907
6.492	 2.01	 2	 -41.5691	  174.3304
6.492	 2.69	 1	 -43.1853	  172.8099
6.493	 2.95	 1	 -41.7914	  174.1837
6.493	 2.19	 1	 -42.3889	  173.6274
6.493	 2.91	 1	 -43.1067	  173.2942
6.494	 2.06	 1	 -42.9430	  174.1393
6.494	 2.75	 3	 -41.6702	  174.6335
6.496	 3.42	 2	 -42.6195	  172.9651
6.497	 2.09	 3	 -41.6421	  174.7320
6.497	 3.56	 1	 -41.6181	  173.2482
6.500	 3.09	 2	 -41.8216	  174.3854
6.502	 2.08	 2	 -41.6105	  174.2324
6.503	 2.38	 3	 -41.7983	  173.4964
6.505	 2.05	 3	 -41.6637	  174.7545
6.506	 2.07	 1	 -42.3798	  173.4724
6.506	 2.18	 2	 -42.2693	  173.9083
6.507	 2.42	 1	 -42.3781	  173.5781
6.507	 2.58	 1	 -41.7408	  174.2870
6.509	 2.15	 1	 -42.6254	  172.9888
6.509	 2.07	 1	 -41.6789	  174.3603
6.510	 3.35	 1	 -41.9769	  173.7267
6.510	 2.73	 3	 -41.7912	  174.3789
6.511	 4.20	 1	 -42.4019	  173.5893
6.511	 2.04	 1	 -42.5211	  173.6544
6.511	 2.23	 1	 -40.3752	  170.7783
6.512	 2.16	 5	 -42.2805	  173.6872
6.512	 2.05	 2	 -41.8135	  175.4718
6.514	 2.29	 1	 -42.8676	  173.1866
6.514	 2.39	 1	 -41.7981	  174.2193
6.515	 2.21	 1	 -42.4231	  173.1085
6.515	 2.28	 1	 -41.5278	  174.3325
6.515	 2.21	 1	 -42.4538	  173.1215
6.516	 2.77	 1	 -42.4206	  173.7995
6.517	 2.38	 1	 -42.3914	  173.7766
6.517	 2.76	 1	 -42.2681	  173.9243
6.519	 2.97	 2	 -43.1773	  172.8355
6.521	 2.22	 1	 -42.4933	  173.1717
6.521	 2.08	 2	 -42.3004	  173.0935
6.521	 2.69	 2	 -42.0855	  173.4230
6.522	 2.42	 1	 -42.1359	  172.8632
6.522	 2.33	 4	 -42.2464	  173.7299
6.523	 2.03	 1	 -42.3429	  173.9571
6.524	 2.99	 1	 -42.6779	  172.7910
6.525	 2.05	 2	 -41.9966	  173.8470
6.525	 2.00	 3	 -41.7087	  174.6932
6.525	 2.19	 1	 -42.1602	  173.7037
6.527	 3.07	 2	 -42.2529	  173.6528
6.529	 2.67	 1	 -41.7567	  174.2736
6.529	 2.51	 1	 -42.4728	  174.0586
6.529	 2.88	 2	 -42.2633	  173.8429
6.530	 2.71	 2	 -42.6271	  173.0386
6.530	 2.09	 3	 -41.5691	  174.6989
6.531	 2.00	 1	 -42.6674	  172.7345
6.532	 2.66	 2	 -42.5259	  173.0422
6.532	 2.12	 1	 -41.9965	  173.7028
6.533	 2.16	 2	 -41.6854	  173.1999
6.533	 2.82	 2	 -41.6728	  174.1650
6.534	 2.14	 1	 -42.0926	  174.1756
6.534	 2.31	 1	 -42.7335	  173.4668
6.535	 2.50	 1	 -42.7698	  173.0340
6.535	 2.12	 3	 -41.6473	  174.6893
6.537	 2.06	 1	 -42.3867	  173.8144
6.537	 2.10	 1	 -42.1665	  173.5670
6.538	 2.10	 1	 -42.1681	  173.4733
6.539	 2.16	 1	 -42.4747	  173.1023
6.540	 2.05	 1	 -42.1995	  173.7655
6.540	 2.03	 1	 -42.4245	  172.8306
6.544	 2.03	 1	 -42.3269	  173.3899
6.546	 2.06	 1	 -44.8911	  178.2975
6.546	 2.22	 1	 -42.0271	  173.6118
6.546	 2.40	 1	 -43.0786	  172.4209
6.548	 3.08	 1	 -41.9678	  173.5806
6.548	 2.20	 1	 -41.9163	  174.0140
6.549	 2.52	 2	 -43.1020	  176.5083
6.550	 2.01	 1	 -41.9311	  173.9640
6.551	 2.40	 1	 -41.7102	  174.2843
6.551	 2.04	 2	 -41.7980	  174.4511
6.551	 2.32	 1	 -41.7299	  174.2278
6.551	 2.07	 3	 -42.5432	  172.9870
6.552	 3.18	 2	 -42.3253	  173.8135
6.552	 3.62	 1	 -42.6559	  172.6808
6.552	 2.75	 1	 -41.6641	  174.3563
6.553	 2.03	 1	 -41.3592	  173.8619
6.554	 2.93	 2	 -42.1531	  168.7231
6.555	 2.18	 2	 -42.4005	  173.6980
6.558	 2.04	 1	 -42.5745	  173.0468
6.559	 2.38	 5	 -42.3222	  173.7066
6.560	 2.34	 1	 -42.5709	  173.1145
6.560	 3.04	 1	 -42.3611	  175.5993
6.561	 2.01	 1	 -39.2233	  178.4906
6.562	 2.34	 1	 -42.5467	  173.6953
6.564	 3.11	 1	 -42.2475	  174.1522
6.564	 2.09	 2	 -43.2793	  170.5376
6.564	 2.05	 1	 -42.2500	  173.8234
6.565	 2.16	 1	 -41.6310	  174.3755
6.567	 2.06	 2	 -41.9698	  173.6284
6.569	 2.61	 2	 -42.4612	  173.9573
6.569	 2.05	 1	 -42.1559	  173.6271
6.572	 4.52	 3	 -41.8495	  174.8910
6.572	 2.19	 1	 -42.2262	  173.2074
6.572	 3.54	 2	 -42.2662	  173.7514
6.573	 3.32	 1	 -42.2650	  173.8213
6.574	 2.65	 1	 -43.0400	  172.7418
6.575	 2.47	 1	 -42.1876	  174.3364
6.575	 2.99	 1	 -41.7089	  174.3146
6.580	 2.09	 1	 -42.6809	  172.8225
6.581	 2.16	 1	 -41.7377	  174.1875
6.583	 2.00	 2	 -42.3156	  173.7534
6.583	 2.51	 2	 -41.4476	  172.5151
6.584	 2.28	 1	 -41.7807	  173.9708
6.585	 2.05	 1	 -42.2953	  173.8079
6.585	 2.27	 1	 -42.2892	  173.6887
6.585	 2.07	 1	 -42.7869	  173.0365
6.587	 2.69	 1	 -41.7301	  174.1847
6.588	 2.02	 2	 -41.8814	  173.1271
6.588	 2.78	 1	 -42.1625	  173.7555
6.590	 2.56	 1	 -42.2806	  173.6638
6.590	 2.40	 1	 -41.7320	  174.1394
6.590	 2.04	 1	 -42.3611	  173.9821
6.590	 2.32	 2	 -41.8302	  174.3841
6.590	 2.43	 2	 -42.2500	  173.2101
6.591	 2.32	 1	 -41.7801	  174.2686
6.591	 2.10	 3	 -41.6731	  174.5735
6.592	 2.16	 1	 -42.5571	  173.1040
6.592	 2.20	 1	 -42.7486	  173.5329
6.593	 2.07	 3	 -41.6335	  174.7296
6.594	 3.74	 4	 -41.6198	  174.6609
6.594	 2.38	 1	 -42.2634	  173.5012
6.595	 2.19	 2	 -42.8049	  179.1381
6.596	 2.15	 1	 -42.1562	  173.5507
6.596	 2.06	 1	 -42.3670	  173.6420
6.597	 2.01	 1	 -42.2732	  173.6331
6.597	 2.40	 1	 -42.0915	  173.8345
6.597	 2.85	 1	 -42.3132	  173.4838
6.599	 2.01	 2	 -40.0716	  174.7890
6.601	 2.42	 1	 -41.7105	  174.1868
6.601	 2.37	 1	 -41.6955	  174.1406
6.601	 2.74	 2	 -42.4769	  173.8841
6.604	 2.41	 2	 -42.3799	  174.0219
6.604	 2.42	 1	 -41.7018	  174.2577
6.604	 2.21	 1	 -41.6733	  174.1351
6.606	 2.65	 1	 -42.5888	  173.6460
6.606	 2.39	 1	 -42.1700	  173.5799
6.607	 2.04	 1	 -42.0381	  174.0525
6.607	 2.36	 1	 -41.8474	  174.3429
6.608	 2.81	 1	 -41.6142	  174.2904
6.609	 3.08	 4	 -41.6637	  174.7095
6.609	 2.17	 1	 -42.1398	  173.6683
6.609	 2.56	 1	 -41.8537	  174.1484
6.609	 2.18	 1	 -42.5021	  173.0987
6.611	 2.06	 3	 -41.4817	  174.6976
6.611	 2.33	 2	 -41.7665	  174.3355
6.612	 2.11	 1	 -41.7857	  174.1939
6.613	 2.13	 3	 -41.6313	  174.7778
6.613	 2.44	 2	 -42.2845	  173.6130
6.614	 2.12	 1	 -45.4665	  170.9513
6.614	 3.25	 3	 -42.2338	  173.6897
6.614	 2.13	 1	 -41.9259	  173.7517
6.615	 3.12	 3	 -41.5583	  174.6987
6.615	 2.02	 3	 -42.4131	  173.5969
6.615	 2.48	 1	 -42.4129	  173.8740
6.615	 2.56	 1	 -41.9990	  173.6740
6.616	 2.45	 1	 -42.1755	  173.6288
6.617	 2.48	 1	 -41.7233	  174.4252
6.617	 2.21	 2	 -42.4394	  173.4613
6.619	 2.80	 1	 -42.5066	  173.8048
6.619	 3.03	 2	 -42.2501	  173.9861
6.619	 2.14	 1	 -42.5064	  173.8141
6.620	 2.17	 1	 -42.4839	  173.0202
6.621	 2.70	 2	 -42.0947	  173.7785
6.623	 2.12	 2	 -42.6071	  173.1602
6.625	 2.04	 1	 -42.2536	  173.6245
6.625	 2.37	 2	 -42.3312	  173.8585
6.626	 2.08	 1	 -42.4170	  173.8278
6.626	 2.63	 1	 -41.8042	  174.3309
6.627	 2.02	 2	 -41.6485	  174.0368
6.627	 2.41	 1	 -41.9173	  173.9579
6.628	 3.73	 3	 -42.3010	  173.7451
6.629	 2.23	 1	 -43.6710	  173.6065
6.629	 2.76	 3	 -41.6560	  174.7449
6.629	 2.68	 2	 -42.2317	  173.9437
6.630	 2.12	 1	 -42.7291	  172.9537
6.630	 2.38	 1	 -42.3099	  173.3098
6.631	 2.04	 1	 -42.2646	  173.6337
6.631	 2.36	 2	 -41.7369	  174.2081
6.632	 2.11	 1	 -41.9586	  174.2003
6.633	 2.09	 1	 -41.9125	  174.3448
6.634	 2.30	 1	 -42.0712	  173.6576
6.634	 2.31	 2	 -41.9484	  173.7661
6.634	 2.02	 1	 -41.7510	  174.3609
6.635	 2.02	 1	 -41.7094	  174.3645
6.635	 2.01	 1	 -41.6065	  174.1738
6.636	 2.09	 2	 -42.2707	  173.5601
6.636	 2.49	 1	 -42.4067	  173.3348
6.637	 2.20	 3	 -41.6068	  174.7710
6.637	 2.61	 1	 -42.2082	  173.7748
6.638	 2.41	 3	 -42.6162	  172.9581
6.639	 2.03	 2	 -42.3521	  173.8022
6.639	 2.35	 1	 -41.7319	  174.2742
6.639	 2.80	 1	 -41.7314	  174.2640
6.639	 2.11	 2	 -42.6358	  173.5225
6.639	 3.36	 2	 -41.8485	  173.9848
6.640	 2.70	 1	 -42.3435	  173.4995
6.640	 2.66	 1	 -41.6054	  174.1788
6.641	 2.65	 1	 -42.1702	  173.2327
6.641	 2.26	 3	 -41.6537	  174.4718
6.642	 2.15	 1	 -42.9581	  172.7249
6.643	 2.70	 1	 -42.2989	  173.9686
6.643	 2.19	 2	 -42.0309	  173.5008
6.643	 2.94	 1	 -41.9618	  173.7727
6.643	 3.10	 1	 -41.7209	  174.1872
6.644	 2.26	 2	 -42.9803	  172.1843
6.645	 2.46	 1	 -41.7430	  174.3070
6.645	 2.14	 1	 -42.3100	  173.3795
6.645	 2.60	 1	 -41.9020	  173.9717
6.645	 2.11	 1	 -43.5410	  170.7637
6.646	 2.00	 1	 -42.7050	  173.4849
6.647	 2.39	 1	 -42.1317	  173.6504
6.648	 2.43	 1	 -42.2221	  173.3913
6.648	 2.05	 1	 -42.3607	  174.0009
6.650	 4.17	 1	 -42.3082	  173.8782
6.651	 2.18	 1	 -42.7004	  173.0117
6.652	 3.00	 1	 -41.8087	  174.2780
6.652	 2.76	 1	 -42.7514	  173.3777
6.653	 2.33	 1	 -42.4868	  173.2459
6.654	 2.90	 2	 -42.2776	  173.8136
6.654	 2.67	 1	 -42.3361	  173.9155
6.654	 2.01	 2	 -41.8033	  174.3967
6.657	 2.12	 1	 -42.0725	  173.6325
6.657	 2.53	 1	 -42.2412	  173.4852
6.658	 2.84	 2	 -42.5249	  173.0741
6.659	 2.11	 2	 -44.8858	  178.2331
6.661	 2.65	 4	 -41.6264	  174.7148
6.662	 2.36	 1	 -42.2335	  172.5088
6.662	 2.47	 2	 -41.6632	  174.4001
6.663	 2.16	 4	 -42.7195	  173.1976
6.663	 2.69	 2	 -41.6583	  174.1153
6.664	 2.08	 1	 -42.2814	  173.4202
6.665	 2.07	 2	 -41.8319	  174.1992
6.665	 2.21	 1	 -42.4876	  173.9095
6.665	 2.67	 1	 -41.7439	  174.3835
6.667	 2.30	 1	 -41.9203	  173.6329
6.667	 2.39	 3	 -42.6613	  175.6985
6.668	 2.95	 2	 -42.5029	  173.6790
6.668	 2.20	 1	 -42.6963	  172.9166
6.668	 2.64	 1	 -43.7797	  173.4806
6.669	 3.46	 1	 -42.6899	  173.4364
6.669	 4.60	 2	 -42.2097	  173.7622
6.670	 2.74	 2	 -42.4187	  173.1683
6.671	 2.32	 1	 -42.3397	  173.5194
6.671	 2.42	 1	 -42.1806	  173.8145
6.672	 2.74	 3	 -41.6207	  174.6925
6.674	 2.15	 1	 -41.7671	  174.2797
6.675	 2.64	 1	 -42.5266	  173.6418
6.677	 3.98	 1	 -42.6317	  172.2846
6.677	 2.39	 1	 -41.7325	  174.2938
6.679	 3.16	 2	 -41.7743	  173.6637
6.679	 2.25	 1	 -42.5123	  173.1838
6.680	 2.34	 1	 -42.3382	  173.4288
6.680	 2.54	 1	 -42.8117	  173.3639
6.680	 4.46	 4	 -41.5458	  174.9503
6.680	 2.37	 1	 -43.4138	  171.9202
6.681	 2.03	 1	 -41.7049	  174.2680
6.681	 2.74	 4	 -41.6101	  174.7587
6.682	 2.14	 1	 -41.7084	  173.6507
6.683	 2.08	 1	 -41.7871	  174.3923
6.683	 3.91	 1	 -42.2747	  173.6425
6.684	 2.79	 2	 -41.9748	  173.5856
6.684	 2.82	 1	 -41.8666	  173.6612
6.685	 2.84	 1	 -42.3536	  174.0428
6.686	 2.85	 3	 -41.6093	  174.6831
6.686	 2.31	 1	 -42.2257	  173.6228
6.687	 2.52	 1	 -41.9193	  174.0154
6.688	 3.08	 1	 -41.8113	  174.2144
6.688	 3.74	 1	 -41.6204	  174.3438
6.691	 2.02	 1	 -41.7984	  174.5045
6.691	 2.23	 1	 -41.7315	  174.3311
6.692	 2.17	 1	 -42.3228	  173.5764
6.693	 2.14	 1	 -42.3451	  173.9835
6.693	 2.81	 1	 -42.1736	  173.3280
6.694	 2.24	 1	 -42.2407	  173.8339
6.694	 2.01	 2	 -41.8617	  173.8903
6.695	 2.18	 1	 -41.7414	  174.1176
6.695	 2.67	 1	 -42.4322	  173.1584
6.696	 2.93	 2	 -41.7548	  174.2382
6.698	 2.75	 2	 -42.2680	  173.6389
6.699	 2.18	 1	 -42.0042	  173.7043
6.702	 3.68	 1	 -41.6786	  174.2659
6.703	 2.10	 3	 -41.6526	  174.0200
6.704	 2.11	 1	 -42.4305	  173.7484
6.705	 2.67	 2	 -42.2856	  173.9355
6.705	 2.55	 1	 -41.9242	  173.3495
6.706	 2.03	 1	 -42.2234	  173.6032
6.708	 2.51	 1	 -41.7624	  174.1783
6.709	 2.36	 1	 -42.2196	  173.7353
6.709	 2.47	 2	 -42.2130	  173.7970
6.709	 2.36	 2	 -44.0627	  172.7655
6.710	 2.03	 1	 -41.7164	  174.3235
6.710	 2.08	 1	 -41.6915	  174.3201
6.710	 2.79	 1	 -42.1847	  173.4487
6.715	 2.07	 1	 -41.8378	  173.7208
6.716	 3.52	 1	 -42.2592	  173.6328
6.718	 2.83	 2	 -42.3349	  172.7764
6.718	 2.10	 2	 -42.2983	  173.8728
6.718	 5.04	 2	 -42.4360	  174.0561
6.719	 2.26	 1	 -42.2540	  172.9227
6.719	 2.18	 1	 -42.6650	  172.6995
6.720	 2.03	 1	 -42.2684	  173.7052
6.720	 2.44	 1	 -42.4307	  173.6861
6.720	 2.19	 1	 -41.8762	  172.9586
6.721	 2.27	 1	 -41.4407	  174.3155
6.721	 2.12	 2	 -41.8275	  174.1992
6.721	 2.50	 2	 -42.4769	  173.8733
6.722	 2.64	 2	 -41.8478	  174.2499
6.723	 2.41	 3	 -41.6996	  174.2610
6.724	 2.45	 3	 -42.4419	  174.0486
6.724	 2.79	 1	 -42.4481	  173.3055
6.724	 2.47	 1	 -41.8823	  173.7777
6.725	 2.25	 1	 -45.6555	  171.9715
6.727	 2.15	 2	 -41.7964	  174.1616
6.728	 2.78	 1	 -41.3839	  174.0824
6.729	 2.03	 2	 -42.5609	  173.5773
6.729	 2.72	 1	 -42.4458	  173.1477
6.729	 2.24	 1	 -42.4975	  173.1685
6.729	 2.01	 1	 -43.0151	  173.2782
6.730	 2.35	 2	 -42.6862	  172.6313
6.730	 2.12	 3	 -41.7382	  173.6682
6.730	 2.12	 1	 -42.2193	  172.6840
6.731	 2.90	 1	 -42.1761	  173.5178
6.731	 2.33	 2	 -42.1554	  173.4807
6.731	 2.59	 1	 -42.2842	  173.7363
6.731	 2.68	 1	 -41.9996	  176.0059
6.731	 2.18	 2	 -42.4009	  174.1612
6.733	 2.60	 1	 -41.9035	  174.2641
6.734	 2.13	 1	 -42.2410	  173.2748
6.735	 2.14	 1	 -42.4280	  173.2922
6.735	 2.49	 2	 -42.0615	  173.7647
6.736	 2.62	 1	 -42.0031	  174.5418
6.736	 2.30	 1	 -40.5896	  168.0258
6.737	 3.33	 3	 -42.3506	  174.1376
6.737	 2.08	 5	 -41.5812	  174.9240
6.737	 2.34	 1	 -42.3567	  173.2840
6.738	 2.07	 1	 -42.6008	  172.8525
6.738	 2.16	 1	 -41.8036	  174.2372
6.739	 2.74	 1	 -42.2977	  173.8216
6.740	 2.67	 1	 -42.5938	  172.8778
6.740	 2.13	 1	 -42.5261	  173.6671
6.742	 2.42	 1	 -42.5080	  173.2435
6.743	 2.08	 3	 -41.6619	  174.8805
6.743	 2.09	 1	 -41.7479	  174.0808
6.743	 2.05	 1	 -42.4339	  173.1715
6.745	 2.31	 1	 -42.1175	  171.9919
6.745	 3.21	 1	 -42.2479	  173.4702
6.746	 2.77	 1	 -42.5240	  173.1777
6.747	 2.64	 1	 -42.5087	  173.0297
6.748	 2.30	 2	 -42.2562	  173.4307
6.748	 2.09	 2	 -42.0737	  174.3567
6.752	 3.32	 2	 -42.4140	  173.1361
6.752	 2.01	 2	 -42.2152	  173.6893
6.754	 2.06	 2	 -41.6804	  174.2046
6.754	 2.66	 2	 -41.7613	  174.1774
6.755	 2.27	 2	 -41.7409	  174.2348
6.756	 2.77	 2	 -42.2824	  173.6516
6.757	 2.66	 1	 -42.4915	  173.0761
6.757	 2.41	 2	 -42.3411	  173.1100
6.758	 2.32	 1	 -41.8993	  173.9576
6.759	 2.30	 2	 -42.2645	  173.8069
6.759	 2.09	 1	 -42.2596	  173.1651
6.761	 2.45	 1	 -42.3123	  173.6210
6.761	 2.29	 1	 -42.6452	  172.9930
6.763	 2.40	 1	 -39.7768	  172.9446
6.763	 2.42	 2	 -42.2297	  173.6896
6.764	 3.13	 1	 -42.7209	  172.7956
6.765	 2.17	 5	 -42.7292	  173.1782
6.766	 2.49	 1	 -41.7419	  174.3020
6.766	 2.00	 2	 -42.3914	  173.8019
6.767	 2.23	 2	 -41.8033	  174.2249
6.767	 2.15	 1	 -42.5194	  173.1605
6.768	 2.19	 1	 -41.6589	  174.2529
6.768	 2.37	 1	 -42.2930	  173.2422
6.768	 2.24	 1	 -42.0821	  173.7320
6.769	 2.10	 2	 -42.4352	  173.2897
6.770	 2.20	 3	 -41.6339	  174.6949
6.770	 2.66	 1	 -42.2646	  173.9484
6.770	 2.03	 2	 -42.0936	  173.4194
6.771	 2.05	 2	 -42.6395	  173.5237
6.771	 2.31	 1	 -42.8995	  172.9153
6.771	 2.05	 1	 -42.9969	  173.0944
6.771	 2.08	 1	 -42.0123	  173.7755
6.771	 2.04	 1	 -42.4823	  172.9562
6.772	 2.20	 1	 -41.9862	  174.0255
6.772	 2.26	 2	 -41.7065	  173.1301
6.773	 2.20	 2	 -41.7586	  174.3141
6.773	 2.59	 1	 -41.8002	  174.4317
6.774	 2.53	 2	 -44.5018	  171.8269
6.774	 2.22	 2	 -42.3740	  174.1035
6.774	 2.04	 1	 -41.7573	  174.2025
6.774	 2.58	 4	 -42.7474	  173.2108
6.775	 2.40	 1	 -42.1788	  173.6671
6.775	 2.03	 2	 -43.1217	  173.5297
6.776	 3.95	 1	 -42.9593	  172.5298
6.777	 2.14	 3	 -41.6500	  173.3527
6.777	 2.29	 3	 -40.7866	  175.3771
6.777	 2.16	 1	 -41.9202	  173.9853
6.778	 2.82	 3	 -42.4357	  172.6313
6.779	 2.44	 1	 -41.7136	  174.1961
6.780	 2.44	 2	 -41.7016	  174.1886
6.780	 2.17	 1	 -42.4849	  173.2516
6.781	 2.22	 1	 -42.4577	  172.8761
6.781	 3.04	 2	 -42.0152	  173.5101
6.782	 2.12	 2	 -42.4529	  173.3030
6.783	 2.29	 2	 -41.8833	  174.4597
6.784	 2.42	 2	 -42.6119	  172.2956
6.785	 2.53	 1	 -42.3893	  173.1529
6.785	 2.87	 1	 -41.7900	  174.3071
6.785	 2.12	 1	 -42.4511	  172.0040
6.786	 2.40	 1	 -41.9008	  173.7347
6.786	 2.05	 1	 -42.2029	  173.6295
6.786	 2.05	 2	 -41.8368	  173.8391
6.786	 2.15	 2	 -42.1545	  174.2710
6.786	 2.23	 1	 -42.2739	  173.6646
6.787	 2.33	 1	 -41.8002	  174.2527
6.787	 2.25	 2	 -42.5213	  173.6182
6.789	 2.01	 2	 -41.5145	  174.3560
6.790	 2.21	 2	 -42.5211	  173.5118
6.794	 2.72	 3	 -41.8726	  175.4155
6.797	 2.02	 1	 -42.2516	  173.5886
6.797	 3.45	 1	 -42.3779	  173.4135
6.797	 2.12	 1	 -42.2824	  172.8173
6.799	 2.50	 1	 -42.4590	  173.3988
6.800	 2.11	 2	 -42.5638	  172.9183
6.801	 2.34	 1	 -42.5292	  173.1093
6.801	 2.29	 2	 -42.2811	  173.9172
6.801	 3.22	 1	 -42.0277	  173.6936
6.802	 2.13	 2	 -41.7910	  174.2291
6.802	 2.23	 1	 -41.7187	  174.2840
6.805	 2.04	 1	 -42.5438	  173.1105
6.807	 2.22	 2	 -42.3635	  173.7678
6.807	 2.33	 1	 -41.7701	  174.3204
6.807	 2.51	 3	 -41.4095	  173.7568
6.807	 2.04	 1	 -41.8222	  174.3545
6.808	 2.12	 3	 -41.7396	  174.1966
6.809	 2.07	 3	 -42.6110	  173.9638
6.809	 2.22	 1	 -42.3692	  174.0236
6.810	 2.18	 1	 -41.5688	  174.4070
6.812	 2.69	 3	 -41.6326	  174.7392
6.813	 2.11	 2	 -41.6956	  174.0310
6.813	 3.21	 1	 -42.7655	  173.2411
6.814	 2.49	 2	 -42.3074	  173.8871
6.814	 2.22	 1	 -42.1642	  173.7238
6.815	 2.32	 2	 -42.7014	  172.8761
6.815	 2.44	 3	 -41.4487	  175.1528
6.816	 2.02	 1	 -41.7646	  174.3199
6.816	 2.72	 1	 -41.7809	  174.2457
6.816	 2.04	 1	 -42.3817	  174.0627
6.817	 2.37	 2	 -41.7667	  174.2712
6.818	 2.03	 5	 -41.5187	  174.9623
6.819	 2.61	 1	 -42.2176	  173.6295
6.819	 2.14	 1	 -42.5490	  173.0501
6.820	 2.39	 2	 -42.6005	  173.0740
6.821	 2.95	 1	 -41.6883	  174.1458
6.822	 2.35	 1	 -42.2611	  173.7263
6.823	 2.18	 1	 -42.0992	  173.6651
6.828	 2.28	 1	 -43.0596	  173.0688
6.828	 2.04	 1	 -42.7718	  172.7152
6.829	 2.18	 1	 -42.3848	  173.8124
6.831	 2.02	 1	 -41.7415	  174.2850
6.832	 2.20	 2	 -41.9019	  174.0241
6.832	 2.87	 1	 -42.4322	  173.7638
6.832	 2.03	 1	 -41.7887	  174.3406
6.833	 2.07	 1	 -41.8247	  174.1965
6.834	 2.15	 2	 -42.3085	  173.8830
6.834	 3.42	 1	 -43.1272	  172.0295
6.834	 2.49	 2	 -41.9643	  173.8136
6.834	 2.40	 1	 -41.9233	  174.0369
6.834	 3.08	 1	 -41.7648	  174.2482
6.836	 2.39	 2	 -42.6938	  171.2838
6.839	 2.15	 1	 -42.1312	  173.6771
6.839	 2.18	 2	 -42.2567	  173.6129
6.840	 2.30	 2	 -42.7089	  172.6597
6.841	 2.53	 1	 -42.3023	  173.7332
6.841	 2.03	 1	 -42.3610	  173.7336
6.841	 2.16	 2	 -43.1292	  172.0278
6.841	 2.01	 3	 -42.1313	  174.1211
6.843	 2.08	 1	 -42.6833	  172.9533
6.844	 2.39	 3	 -41.5945	  174.6302
6.844	 3.59	 2	 -42.5021	  173.2375
6.844	 2.32	 2	 -41.6079	  174.3741
6.845	 2.76	 1	 -41.9420	  174.0433
6.846	 2.56	 1	 -41.8592	  174.4550
6.848	 2.01	 1	 -41.8390	  174.2029
6.849	 2.59	 1	 -42.2411	  173.8008
6.849	 2.04	 4	 -41.8516	  174.8655
6.850	 2.18	 2	 -42.0516	  173.7350
6.850	 2.80	 1	 -41.6845	  174.2579
6.850	 2.59	 2	 -41.9961	  173.8046
6.851	 2.32	 1	 -41.6301	  174.2396
6.851	 2.65	 1	 -41.7488	  173.9872
6.852	 2.80	 3	 -41.7243	  171.5034
6.852	 2.01	 3	 -42.3969	  172.9693
6.854	 2.18	 1	 -41.6950	  174.1698
6.857	 2.13	 1	 -42.3268	  173.7442
6.857	 2.61	 2	 -42.3293	  173.8172
6.859	 2.35	 1	 -42.2287	  173.0824
6.859	 2.15	 1	 -41.9760	  173.8723
6.861	 2.27	 1	 -41.6099	  174.2309
6.861	 2.44	 2	 -42.4111	  173.4533
6.862	 3.09	 1	 -42.1546	  173.5396
6.863	 2.31	 1	 -42.6577	  172.9651
6.864	 2.04	 1	 -41.7681	  174.2104
6.865	 2.80	 1	 -42.5156	  173.2411
6.866	 2.15	 2	 -42.2722	  173.9767
6.866	 3.00	 2	 -42.4394	  173.8230
6.867	 2.21	 2	 -42.2753	  173.6444
6.867	 2.02	 1	 -42.7870	  172.9195
6.868	 2.15	 1	 -41.8560	  174.2999
6.869	 2.43	 1	 -41.7621	  173.5578
6.869	 2.19	 2	 -41.8923	  173.9473
6.871	 2.27	 1	 -42.6537	  172.8896
6.872	 2.06	 1	 -42.4867	  172.9937
6.874	 2.12	 2	 -42.3483	  173.2383
6.874	 2.74	 1	 -42.3784	  173.8904
6.874	 2.20	 3	 -42.2171	  173.7579
6.875	 2.07	 1	 -42.4041	  173.7625
6.878	 4.00	 3	 -42.4313	  174.0827
6.878	 2.41	 1	 -41.9061	  173.9085
6.878	 2.63	 3	 -41.6296	  174.7340
6.880	 2.17	 1	 -42.1494	  173.8219
6.882	 2.02	 3	 -42.6231	  174.0510
6.882	 3.00	 1	 -42.2546	  173.7668
6.883	 2.82	 2	 -42.6362	  173.0923
6.883	 2.01	 1	 -42.6759	  172.7123
6.883	 2.10	 2	 -42.2267	  173.6062
6.884	 2.85	 1	 -42.5686	  172.8621
6.888	 2.52	 2	 -43.1769	  172.8789
6.889	 2.38	 1	 -42.3759	  172.6089
6.889	 2.15	 1	 -42.3582	  173.3286
6.891	 2.18	 1	 -42.1805	  173.6300
6.891	 2.83	 1	 -42.5300	  172.9790
6.891	 2.14	 1	 -41.7326	  174.2108
6.892	 2.16	 1	 -42.1353	  173.5276
6.893	 2.63	 2	 -42.5762	  172.8052
6.893	 2.08	 2	 -42.3363	  173.1787
6.894	 2.01	 1	 -42.3848	  173.9102
6.894	 2.81	 1	 -41.5272	  174.7971
6.895	 2.02	 3	 -42.8092	  173.0496
6.895	 2.36	 1	 -42.0472	  173.8663
6.896	 2.63	 1	 -41.7859	  174.2186
6.896	 2.61	 3	 -42.9177	  172.8913
6.898	 3.87	 1	 -41.5999	  174.3510
6.898	 2.39	 2	 -42.5187	  173.0568
6.898	 2.28	 3	 -42.5241	  173.2784
6.899	 3.14	 4	 -41.6946	  174.9471
6.899	 2.01	 2	 -41.0873	  173.9575
6.900	 2.05	 1	 -45.0270	  176.2187
6.900	 2.09	 1	 -42.4101	  173.1357
6.901	 2.35	 2	 -41.6764	  174.2056
6.902	 2.90	 2	 -41.5934	  174.3484
6.903	 2.35	 3	 -41.6673	  174.7553
6.903	 2.01	 1	 -41.6861	  174.1797
6.903	 2.01	 3	 -42.4436	  174.0371
6.906	 2.27	 1	 -42.0644	  173.7349
6.908	 2.21	 1	 -41.6755	  174.2834
6.908	 2.60	 1	 -41.6970	  174.3291
6.908	 2.32	 1	 -42.3153	  173.8439
6.909	 2.36	 1	 -41.3044	  174.0145
6.910	 2.57	 2	 -42.4582	  174.0241
6.910	 2.11	 1	 -42.3613	  174.0272
6.911	 2.37	 3	 -43.0479	  174.9763
6.912	 2.18	 2	 -41.6886	  174.3679
6.912	 2.18	 1	 -41.7966	  174.2188
6.913	 2.50	 2	 -41.9739	  173.6872
6.914	 2.23	 2	 -41.7479	  172.8756
6.914	 3.09	 1	 -42.4875	  173.2457
6.915	 2.17	 1	 -41.6349	  174.4390
6.917	 2.50	 2	 -42.6060	  173.0698
6.918	 2.46	 1	 -42.5578	  173.2308
6.918	 2.15	 1	 -42.5479	  172.9506
6.918	 2.15	 1	 -42.4533	  173.4487
6.918	 2.07	 1	 -42.7053	  171.1965
6.919	 2.75	 3	 -41.7670	  174.6575
6.920	 3.08	 2	 -41.7550	  174.1235
6.920	 2.18	 1	 -41.7497	  174.2382
6.924	 2.17	 2	 -42.4913	  173.9068
6.924	 2.06	 1	 -42.6023	  172.7672
6.925	 2.39	 2	 -42.3433	  173.1951
6.926	 2.21	 1	 -46.0794	  170.5478
6.927	 3.68	 1	 -41.7104	  174.2465
6.928	 2.21	 1	 -42.0535	  173.2947
6.929	 2.77	 3	 -41.6919	  175.4310
6.929	 2.36	 2	 -42.6024	  173.0729
6.930	 2.63	 3	 -42.4573	  173.2193
6.930	 2.00	 1	 -42.3881	  173.0628
6.931	 3.21	 1	 -42.4065	  174.2186
6.932	 2.66	 1	 -42.5160	  173.8183
6.932	 2.43	 1	 -42.4090	  173.3336
6.934	 2.58	 2	 -41.9832	  173.7569
6.934	 2.82	 3	 -43.2759	  170.5401
6.934	 2.97	 1	 -42.4081	  173.1892
6.934	 3.64	 1	 -42.6379	  173.0417
6.935	 2.17	 2	 -42.5285	  173.3373
6.937	 2.23	 1	 -44.1554	  172.6023
6.938	 2.40	 2	 -42.3002	  173.7049
6.938	 2.13	 2	 -42.2012	  173.3895
6.940	 2.18	 2	 -42.5710	  173.3596
6.941	 2.83	 3	 -41.3630	  174.7192
6.941	 2.24	 1	 -38.1192	  176.0837
6.942	 2.83	 1	 -42.0146	  173.8119
6.943	 2.11	 1	 -42.2028	  173.6232
6.943	 2.17	 2	 -42.4778	  173.7441
6.944	 2.41	 4	 -42.4333	  174.1109
6.945	 2.02	 1	 -41.6706	  174.3284
6.945	 2.00	 1	 -41.7066	  174.2689
6.950	 2.59	 1	 -42.5554	  173.0608
6.951	 2.52	 3	 -41.6511	  174.8297
6.953	 2.07	 3	 -41.8601	  174.7107
6.954	 2.11	 2	 -42.4453	  173.7540
6.956	 2.14	 1	 -41.6534	  174.1849
6.957	 2.17	 2	 -42.4830	  173.6630
6.957	 3.06	 1	 -42.3077	  173.6506
6.958	 2.03	 1	 -42.0392	  173.7533
6.958	 3.74	 1	 -42.2266	  172.5865
6.959	 2.49	 2	 -42.4386	  173.7610
6.960	 2.26	 1	 -42.5110	  173.2673
6.962	 2.78	 1	 -41.8027	  174.2792
6.963	 2.47	 2	 -38.7409	  170.0993
6.965	 2.53	 3	 -42.3200	  173.8561
6.965	 2.46	 1	 -42.3044	  173.4801
6.965	 2.04	 3	 -42.4339	  174.0579
6.965	 2.32	 1	 -42.4186	  173.7872
6.966	 2.22	 1	 -42.3717	  173.5143
6.966	 2.43	 2	 -42.7102	  173.0521
6.966	 2.34	 2	 -40.3463	  174.2134
6.967	 2.20	 1	 -41.7524	  174.3117
6.968	 2.02	 1	 -42.5999	  172.9985
6.968	 2.14	 2	 -42.2529	  173.6450
6.969	 2.35	 1	 -42.7505	  174.3825
6.969	 2.23	 1	 -42.5569	  173.2233
6.971	 2.07	 1	 -41.7679	  174.2341
6.972	 2.26	 2	 -42.2324	  173.5341
6.972	 2.16	 2	 -42.5262	  173.7781
6.973	 2.29	 2	 -42.4162	  173.1720
6.973	 2.10	 2	 -41.7861	  174.3474
6.974	 2.05	 1	 -42.1473	  173.6046
6.974	 2.98	 1	 -42.6730	  172.8880
6.974	 2.19	 2	 -41.7834	  174.4474
6.976	 2.50	 3	 -41.7089	  174.2236
6.978	 3.06	 1	 -41.6869	  174.3619
6.980	 2.41	 1	 -42.9330	  173.3495
6.981	 2.04	 2	 -42.2408	  173.6490
6.982	 2.15	 3	 -42.1900	  173.6386
6.982	 2.08	 1	 -42.0831	  173.5362
6.983	 2.38	 2	 -42.4086	  173.8066
6.984	 2.51	 2	 -42.4295	  173.5410
6.984	 2.39	 1	 -41.9453	  173.7147
6.985	 3.04	 2	 -43.2151	  172.9340
6.987	 2.30	 1	 -42.6788	  172.7808
6.987	 2.33	 1	 -42.1406	  173.4348
6.987	 2.58	 1	 -42.3305	  173.5563
6.988	 2.01	 2	 -41.8257	  173.4215
6.988	 2.38	 3	 -42.2801	  173.2792
6.989	 2.06	 1	 -41.7231	  174.2467
6.989	 2.46	 1	 -42.3559	  173.5057
6.989	 2.22	 1	 -39.5957	  177.6433
6.989	 2.53	 2	 -42.3184	  173.9192
6.990	 2.63	 1	 -41.9275	  173.7226
6.991	 2.69	 1	 -42.9115	  173.2185
6.991	 2.39	 1	 -41.6848	  174.2941
6.992	 3.46	 2	 -42.9042	  172.8260
6.992	 3.28	 1	 -42.6053	  172.8591
6.994	 2.02	 1	 -42.1969	  173.6237
6.994	 2.50	 2	 -41.9444	  173.8619
6.994	 2.04	 2	 -42.4406	  173.5636
6.995	 2.01	 1	 -41.7152	  174.2403
6.996	 4.20	 1	 -41.7335	  174.2707
6.996	 2.54	 1	 -42.2158	  173.7213
6.996	 2.22	 1	 -42.4896	  172.6397
6.997	 2.35	 4	 -41.8543	  174.8688
6.998	 3.06	 2	 -41.9295	  173.7956
6.998	 2.44	 1	 -41.7629	  174.3390
6.999	 2.07	 2	 -42.3632	  173.7590
7.000	 2.08	 1	 -42.2970	  173.8636
7.001	 2.90	 3	 -46.1469	  172.7062
7.001	 2.60	 1	 -41.7810	  174.1478
7.003	 2.59	 3	 -42.5489	  173.1779
7.003	 2.09	 2	 -42.6691	  173.2510
7.004	 2.09	 1	 -42.3734	  173.8448
7.004	 2.42	 1	 -42.6595	  172.7975
7.005	 2.24	 3	 -41.6346	  174.5854
7.005	 2.89	 2	 -42.4743	  173.2319
7.006	 2.35	 1	 -41.7735	  173.6964
7.007	 2.41	 1	 -41.8222	  174.3969
7.009	 2.03	 1	 -42.4571	  173.7899
7.009	 2.52	 2	 -41.4094	  173.1625
7.009	 2.08	 2	 -42.3670	  173.3555
7.009	 2.10	 1	 -42.3153	  173.3200
7.010	 2.14	 3	 -41.4417	  173.1846
7.010	 2.35	 2	 -42.0937	  174.1844
7.011	 2.28	 1	 -41.6566	  174.1669
7.011	 2.25	 2	 -41.7378	  174.3142
7.012	 2.97	 1	 -41.7955	  174.2102
7.013	 2.45	 2	 -42.5424	  173.1659
7.013	 3.18	 1	 -42.1314	  173.5761
7.013	 2.22	 2	 -42.1365	  173.7752
7.015	 2.28	 1	 -41.8283	  174.4303
7.017	 2.40	 1	 -42.3546	  173.7775
7.018	 2.05	 1	 -42.2769	  173.6420
7.019	 2.13	 1	 -42.1801	  173.6653
7.020	 2.32	 1	 -39.6945	  179.6464
7.020	 2.42	 1	 -41.6924	  174.2021
7.021	 2.51	 1	 -41.6816	  174.2599
7.021	 2.07	 1	 -42.1450	  173.6082
7.021	 2.04	 3	 -41.6275	  174.8086
7.023	 2.02	 2	 -42.6412	  173.4179
7.024	 3.52	 1	 -42.1429	  173.5565
7.024	 2.10	 1	 -42.0606	  173.6449
7.025	 2.07	 1	 -42.6686	  172.8509
7.027	 2.09	 1	 -42.3842	  173.7251
7.029	 2.11	 1	 -42.3463	  174.0586
7.031	 2.24	 1	 -42.1506	  174.3146
7.031	 2.21	 2	 -42.3177	  173.2267
7.031	 2.40	 1	 -42.4484	  173.2528
7.032	 2.24	 1	 -42.2286	  173.8537
7.032	 2.12	 1	 -42.6208	  172.9445
7.032	 2.52	 4	 -41.8798	  174.8785
7.033	 2.16	 1	 -41.7283	  174.2556
7.033	 2.07	 1	 -42.1682	  172.3746
7.033	 2.01	 1	 -41.6542	  174.3496
7.034	 2.25	 1	 -42.3627	  173.8220
7.034	 2.56	 1	 -42.2840	  173.7940
7.035	 3.38	 1	 -42.6780	  174.1105
7.035	 2.19	 1	 -42.6178	  173.5742
7.035	 3.02	 1	 -42.5058	  171.9762
7.036	 2.27	 1	 -41.5171	  174.7422
7.039	 2.32	 1	 -42.5803	  172.9068
7.040	 2.25	 2	 -42.2327	  173.6575
7.040	 2.25	 3	 -42.4456	  174.0865
7.041	 2.02	 1	 -41.6697	  174.3490
7.041	 2.74	 3	 -42.5058	  173.6699
7.044	 2.09	 2	 -42.9577	  172.5249
7.046	 2.11	 2	 -41.9852	  173.6812
7.046	 2.71	 2	 -41.6972	  174.1891
7.047	 2.32	 2	 -41.7872	  173.9712
7.048	 2.06	 1	 -42.4141	  173.2120
7.050	 2.51	 1	 -42.3991	  173.7494
7.050	 2.12	 3	 -43.2158	  172.9348
7.051	 2.05	 1	 -41.8194	  174.0246
7.051	 2.70	 2	 -42.3266	  173.4524
7.052	 2.40	 2	 -42.3658	  173.4030
7.052	 2.82	 4	 -42.7006	  173.0671
7.053	 2.38	 1	 -42.0311	  173.9993
7.054	 2.25	 1	 -42.3427	  174.0047
7.055	 2.29	 1	 -42.1024	  173.7032
7.055	 2.77	 1	 -41.7919	  174.2735
7.055	 2.31	 1	 -42.4946	  173.2813
7.056	 3.43	 1	 -42.2455	  172.7032
7.057	 2.53	 1	 -42.1732	  173.5612
7.058	 2.86	 1	 -42.7027	  172.7785
7.059	 2.53	 1	 -41.6834	  174.2652
7.059	 2.06	 1	 -42.2758	  173.6415
7.059	 2.13	 1	 -42.0577	  173.6294
7.060	 2.72	 5	 -41.6005	  174.9023
7.062	 2.37	 3	 -41.7364	  174.1875
7.064	 2.16	 1	 -42.2734	  173.7619
7.065	 3.00	 3	 -41.7193	  174.3434
7.065	 3.35	 2	 -42.4358	  173.8739
7.065	 2.35	 2	 -42.0975	  173.9635
7.066	 2.18	 1	 -42.7418	  173.1300
7.066	 2.25	 1	 -42.2954	  173.5193
7.067	 3.08	 2	 -41.8386	  174.3018
7.068	 3.34	 1	 -42.7170	  172.7361
7.069	 2.89	 1	 -42.3123	  173.3796
7.069	 2.52	 1	 -41.6928	  174.2654
7.072	 2.21	 1	 -42.2059	  173.6284
7.073	 2.33	 4	 -42.7286	  173.1678
7.073	 2.33	 3	 -41.8562	  174.0061
7.073	 2.06	 1	 -42.0039	  172.6632
7.074	 2.10	 1	 -42.9188	  173.1329
7.074	 2.33	 1	 -42.1993	  173.6831
7.074	 2.11	 1	 -42.1018	  173.7296
7.075	 3.01	 1	 -42.1374	  173.8141
7.075	 2.35	 1	 -41.5258	  174.4731
7.077	 2.15	 1	 -42.2744	  174.0439
7.079	 2.09	 1	 -42.4934	  173.0553
7.080	 2.34	 2	 -41.6545	  174.3169
7.080	 2.41	 1	 -42.5914	  172.8773
7.080	 2.69	 4	 -42.7067	  173.1728
7.080	 2.37	 2	 -42.2246	  173.5674
7.081	 2.12	 3	 -42.2842	  174.0420
7.082	 2.45	 2	 -41.7569	  174.2810
7.082	 2.56	 2	 -42.3408	  173.3697
7.082	 2.51	 2	 -42.2858	  173.9063
7.082	 2.26	 2	 -42.4737	  173.0528
7.082	 2.12	 2	 -38.2857	  170.8925
7.083	 4.07	 1	 -42.6791	  173.0418
7.084	 2.31	 1	 -42.0292	  172.5856
7.086	 2.05	 1	 -42.1970	  173.6460
7.087	 2.09	 1	 -42.0607	  174.6934
7.089	 2.89	 1	 -42.7656	  172.8650
7.090	 2.58	 1	 -41.6794	  174.2976
7.090	 2.03	 1	 -41.7163	  174.2542
7.090	 2.30	 1	 -42.3308	  173.8359
7.090	 3.01	 1	 -42.3052	  173.9818
7.091	 2.25	 1	 -41.7052	  174.2298
7.091	 2.07	 1	 -41.7503	  174.2565
7.091	 2.45	 4	 -42.4169	  174.0522
7.092	 2.64	 1	 -42.0502	  173.9029
7.093	 2.07	 1	 -41.8318	  174.1104
7.094	 2.67	 1	 -42.3116	  173.7502
7.094	 2.04	 1	 -42.2291	  173.7374
7.095	 2.17	 1	 -42.4239	  173.2175
7.096	 2.06	 1	 -41.8591	  174.0509
7.096	 2.61	 2	 -43.1846	  172.9007
7.096	 2.13	 1	 -42.3213	  172.8360
7.097	 2.85	 1	 -42.7540	  173.4664
7.097	 2.62	 1	 -42.5822	  173.0910
7.098	 2.35	 2	 -42.1520	  173.5393
7.098	 2.41	 1	 -42.0188	  173.7883
7.098	 2.36	 2	 -41.9836	  173.8641
7.099	 3.29	 1	 -42.5172	  173.1049
7.100	 2.67	 1	 -42.2066	  173.8301
7.101	 2.86	 1	 -42.3562	  173.3152
7.103	 2.34	 1	 -41.7229	  174.1716
7.104	 2.12	 1	 -41.7628	  174.3591
7.104	 2.31	 2	 -42.4488	  173.8453
7.105	 2.69	 1	 -46.3266	  176.3192
7.106	 2.13	 1	 -42.4196	  173.7086
7.109	 2.10	 2	 -42.0063	  173.2962
7.109	 2.03	 1	 -41.7783	  174.2389
7.110	 2.03	 2	 -42.3563	  173.7459
7.111	 2.08	 1	 -41.7335	  174.2927
7.112	 2.12	 1	 -42.3450	  173.7142
7.113	 2.15	 3	 -41.8087	  173.4911
7.113	 2.53	 1	 -42.0515	  173.6848
7.114	 2.15	 2	 -42.2556	  173.9243
7.115	 2.30	 1	 -42.3712	  172.6846
7.116	 2.16	 1	 -42.4417	  174.0798
7.116	 2.05	 2	 -41.8805	  173.5371
7.116	 3.56	 1	 -41.7003	  174.2133
7.116	 2.89	 1	 -41.8044	  174.4601
7.117	 2.49	 1	 -42.3577	  173.7608
7.119	 2.05	 1	 -42.3508	  173.8134
7.119	 2.03	 1	 -41.9680	  173.8885
7.120	 2.30	 1	 -41.6889	  174.1845
7.120	 3.02	 1	 -41.7859	  174.2045
7.121	 2.01	 2	 -42.6781	  173.0518
7.122	 2.08	 1	 -42.2676	  173.7645
7.124	 2.01	 2	 -42.1414	  172.9286
7.124	 2.22	 1	 -42.4598	  173.1805
7.128	 2.49	 2	 -42.6601	  173.0419
7.128	 2.09	 1	 -42.1485	  173.6442
7.131	 2.67	 1	 -41.8442	  173.6087
7.132	 2.26	 1	 -42.3005	  173.6929
7.133	 2.67	 1	 -41.7274	  174.2995
7.134	 2.37	 1	 -42.6431	  172.7775
7.136	 2.11	 1	 -42.1521	  173.8790
7.136	 2.56	 2	 -39.8836	  173.9752
7.137	 2.78	 1	 -42.2812	  173.6806
7.139	 2.44	 1	 -42.4199	  173.2825
7.140	 2.45	 1	 -42.0363	  174.4499
7.141	 2.61	 3	 -41.5569	  174.6987
7.141	 2.03	 1	 -41.9655	  174.0512
7.141	 2.53	 1	 -41.6466	  174.3055
7.142	 3.19	 1	 -41.6899	  174.2417
7.142	 2.36	 1	 -42.9650	  173.0252
7.142	 2.76	 1	 -42.7848	  173.1951
7.143	 2.02	 1	 -41.9655	  173.9932
7.144	 2.02	 1	 -42.0310	  174.1523
7.144	 2.03	 1	 -41.9971	  174.0628
7.144	 2.09	 1	 -42.2568	  173.5088
7.148	 2.23	 2	 -41.6697	  174.0953
7.148	 2.61	 1	 -41.4600	  174.2051
7.148	 2.37	 2	 -41.7659	  173.9245
7.149	 2.67	 2	 -42.1810	  173.5299
7.150	 2.68	 2	 -41.6612	  174.2774
7.150	 2.19	 1	 -42.3704	  173.3333
7.151	 2.08	 2	 -42.3049	  173.9788
7.151	 2.12	 1	 -42.0043	  173.1014
7.152	 3.67	 1	 -41.7629	  174.2956
7.154	 2.30	 1	 -41.8952	  174.1667
7.156	 2.01	 1	 -41.7128	  174.2765
7.156	 2.63	 2	 -42.5652	  172.9238
7.157	 2.32	 2	 -41.5129	  170.6156
7.159	 2.17	 1	 -41.7091	  174.2464
7.160	 2.93	 1	 -41.6768	  174.1814
7.162	 2.63	 1	 -42.3307	  173.8567
7.163	 2.06	 1	 -41.9845	  173.6204
7.165	 2.29	 2	 -42.4773	  173.7128
7.166	 2.19	 1	 -42.2124	  173.7707
7.167	 2.74	 1	 -39.6764	  168.9028
7.168	 2.69	 4	 -42.7464	  173.2690
7.168	 2.09	 2	 -41.7913	  174.2406
7.170	 2.64	 3	 -41.3254	  175.1981
7.171	 3.70	 1	 -41.7685	  174.4208
7.171	 3.13	 1	 -42.1702	  173.6238
7.174	 2.35	 1	 -42.3668	  173.8275
7.174	 2.18	 1	 -42.3385	  173.2808
7.174	 2.02	 3	 -41.3795	  175.0295
7.175	 2.26	 1	 -41.7029	  174.2647
7.175	 2.27	 1	 -41.6781	  174.2369
7.175	 4.38	 2	 -41.4544	  175.0187
7.176	 2.21	 1	 -42.4118	  173.2515
7.177	 2.32	 2	 -41.7388	  173.1727
7.177	 3.96	 3	 -42.2050	  173.5678
7.178	 3.86	 1	 -42.3736	  173.9906
7.178	 2.62	 2	 -42.3454	  173.6102
7.179	 2.63	 1	 -41.7195	  174.1362
7.180	 2.13	 1	 -42.3354	  173.8226
7.181	 2.52	 1	 -41.6673	  174.2085
7.181	 2.26	 1	 -43.3261	  172.6536
7.182	 2.03	 1	 -42.3705	  173.0701
7.183	 2.00	 1	 -42.5674	  173.3216
7.185	 2.09	 3	 -37.8358	  171.4818
7.185	 2.24	 1	 -42.6251	  173.1345
7.186	 2.28	 2	 -42.5020	  173.2492
7.186	 2.61	 1	 -41.9005	  173.9144
7.186	 2.03	 3	 -41.5511	  174.6604
7.187	 2.10	 1	 -41.7596	  174.2082
7.188	 2.89	 1	 -41.6108	  174.4285
7.190	 2.10	 2	 -42.2339	  173.7077
7.190	 2.24	 1	 -42.5618	  173.0728
7.190	 2.46	 1	 -41.8422	  174.0163
7.191	 2.22	 1	 -42.7690	  173.1720
7.191	 2.53	 1	 -41.7639	  174.2454
7.193	 2.83	 3	 -41.7092	  174.0175
7.194	 2.18	 1	 -42.5344	  173.2762
7.195	 2.12	 1	 -41.6545	  174.0313
7.195	 2.42	 1	 -42.0911	  173.8218
7.196	 2.31	 1	 -42.1911	  173.7594
7.196	 2.39	 3	 -41.6044	  174.8153
7.197	 2.06	 1	 -42.2688	  173.6760
7.197	 2.41	 1	 -42.5573	  172.9377
7.198	 2.33	 3	 -41.6383	  174.7673
7.199	 2.15	 3	 -42.4516	  173.7750
7.199	 2.05	 1	 -42.5084	  173.3999
7.199	 2.26	 1	 -41.6745	  174.3400
7.200	 2.67	 2	 -41.4766	  174.3066
7.200	 2.26	 2	 -42.7811	  173.1952
7.200	 2.08	 2	 -41.8259	  174.2184
7.200	 2.10	 1	 -41.8770	  174.0860
7.201	 2.23	 2	 -42.2362	  173.6598
7.201	 2.13	 1	 -42.4047	  173.1481
7.202	 2.05	 1	 -42.2793	  173.6033
7.202	 2.56	 1	 -42.5127	  172.7607
7.202	 2.16	 2	 -42.1305	  173.7567
7.203	 2.28	 1	 -42.4087	  173.5172
7.203	 2.07	 1	 -42.1967	  173.6906
7.204	 2.07	 1	 -42.4852	  173.1237
7.204	 2.05	 1	 -42.2690	  173.7093
7.204	 2.45	 1	 -41.8113	  174.2565
7.205	 2.02	 3	 -41.6342	  174.6907
7.206	 2.26	 1	 -42.1396	  173.5875
7.206	 2.31	 3	 -42.3926	  173.7355
7.207	 2.41	 4	 -41.7078	  174.2128
7.207	 3.94	 1	 -42.4009	  173.0466
7.208	 2.68	 1	 -42.2322	  173.6804
7.211	 2.06	 1	 -42.6062	  173.4385
7.213	 2.48	 1	 -42.2720	  173.8745
7.216	 2.08	 1	 -42.3867	  173.7887
7.216	 2.33	 2	 -42.4239	  173.7245
7.217	 3.09	 3	 -41.6181	  174.7103
7.218	 4.30	 1	 -41.6814	  174.2363
7.218	 2.32	 1	 -41.7328	  174.3548
7.219	 2.50	 2	 -43.1637	  172.7603
7.220	 2.57	 1	 -42.4555	  173.1809
7.220	 2.55	 2	 -42.6678	  172.9705
7.220	 2.61	 1	 -42.9962	  173.3385
7.220	 2.10	 2	 -41.6891	  174.1627
7.220	 2.35	 2	 -42.4487	  173.2513
7.221	 2.65	 1	 -42.4548	  173.4505
7.221	 2.79	 3	 -41.6090	  174.7816
7.222	 2.92	 1	 -42.5560	  172.9800
7.222	 2.60	 1	 -42.5391	  173.0714
7.222	 2.72	 1	 -42.3550	  174.0492
7.224	 3.22	 2	 -42.1475	  173.5520
7.224	 2.57	 2	 -41.7667	  174.2642
7.227	 2.34	 1	 -42.5860	  174.0329
7.228	 2.14	 2	 -42.5615	  172.7100
7.228	 2.42	 1	 -42.1372	  173.5950
7.229	 2.06	 1	 -42.6181	  173.9200
7.229	 2.17	 1	 -42.3836	  173.6651
7.232	 2.63	 3	 -42.8010	  173.1036
7.234	 2.36	 1	 -41.9609	  173.7877
7.234	 2.46	 2	 -42.3368	  173.8622
7.234	 2.35	 1	 -42.3756	  173.2014
7.234	 2.17	 1	 -42.4716	  173.9775
7.235	 2.52	 3	 -41.1679	  178.9021
7.236	 2.13	 1	 -42.3942	  174.0998
7.237	 2.72	 1	 -42.9139	  173.7890
7.237	 2.08	 1	 -42.2800	  173.6984
7.238	 3.21	 1	 -41.6107	  174.3592
7.238	 2.06	 1	 -42.5704	  172.9994
7.238	 2.15	 1	 -42.3749	  174.0041
7.238	 2.14	 2	 -42.3835	  173.0739
7.239	 2.05	 1	 -42.1579	  173.9493
7.240	 2.62	 2	 -42.6109	  173.2014
7.240	 2.14	 1	 -42.3206	  173.6369
7.241	 2.58	 1	 -42.1177	  173.4474
7.241	 2.18	 1	 -41.6742	  174.5652
7.243	 2.12	 1	 -42.4678	  173.3769
7.243	 2.90	 1	 -42.3870	  173.8607
7.244	 2.07	 2	 -42.4594	  174.3880
7.244	 2.31	 1	 -42.1282	  174.1640
7.245	 2.75	 1	 -43.7153	  174.5466
7.245	 2.41	 1	 -41.8500	  174.3372
7.246	 2.55	 3	 -41.6189	  174.7315
7.248	 2.63	 3	 -42.2020	  173.9351
7.248	 2.20	 2	 -42.0638	  173.7333
7.249	 2.63	 1	 -42.0531	  173.7499
7.249	 2.33	 5	 -41.3701	  174.7362
7.249	 2.18	 1	 -42.2527	  173.6854
7.250	 2.37	 2	 -42.0327	  173.6873
7.250	 2.52	 1	 -42.4679	  173.8926
7.250	 2.10	 1	 -42.5281	  173.8224
7.250	 2.22	 1	 -42.3298	  173.7139
7.252	 2.28	 1	 -42.2593	  173.8392
7.253	 2.39	 1	 -42.2529	  173.6923
7.254	 2.30	 1	 -42.2989	  175.0636
7.255	 2.43	 1	 -42.6294	  173.0565
7.258	 2.68	 1	 -42.2001	  173.6211
7.259	 3.07	 4	 -42.2923	  174.0129
7.259	 2.30	 1	 -42.3334	  173.7870
7.259	 2.29	 2	 -42.0297	  173.6865
7.261	 2.07	 1	 -41.8008	  174.1991
7.261	 2.38	 1	 -41.6712	  174.2578
7.262	 2.06	 1	 -41.6985	  174.2975
7.263	 2.09	 3	 -42.2787	  173.5398
7.265	 2.16	 1	 -41.7859	  174.1693
7.266	 2.57	 1	 -41.9171	  173.5483
7.268	 3.47	 1	 -42.7531	  173.9992
7.269	 2.09	 2	 -41.7922	  174.2543
7.269	 2.07	 1	 -42.5815	  172.5550
7.271	 2.45	 3	 -41.2106	  175.0963
7.272	 2.10	 1	 -42.6659	  173.0877
7.272	 2.52	 1	 -41.8355	  174.2886
7.272	 2.18	 1	 -42.1660	  173.5838
7.273	 2.13	 2	 -41.4857	  175.4058
7.273	 2.98	 1	 -42.1563	  173.5094
7.273	 2.11	 2	 -42.4390	  174.1097
7.275	 2.53	 1	 -41.7393	  174.0391
7.276	 2.55	 1	 -40.9949	  176.3514
7.277	 2.20	 1	 -42.7245	  173.6120
7.278	 2.28	 1	 -42.5254	  172.7608
7.278	 2.45	 3	 -42.2126	  173.6059
7.279	 2.36	 1	 -41.7208	  174.3565
7.280	 2.06	 1	 -41.7896	  174.4593
7.282	 2.58	 2	 -42.2596	  174.0786
7.283	 2.05	 1	 -41.7916	  174.4724
7.283	 2.23	 2	 -42.1416	  173.9143
7.283	 2.52	 2	 -41.9527	  173.5654
7.283	 2.20	 1	 -42.2232	  173.6720
7.284	 2.90	 1	 -41.8051	  174.2731
7.284	 2.17	 1	 -42.2901	  173.6978
7.286	 2.22	 2	 -42.4059	  173.5263
7.286	 2.72	 3	 -42.4627	  174.0596
7.286	 2.61	 2	 -42.3337	  173.6773
7.287	 2.45	 3	 -41.7367	  174.4029
7.287	 2.03	 1	 -41.6511	  174.2309
7.288	 2.79	 1	 -41.8715	  173.9277
7.289	 2.05	 2	 -42.5688	  173.0809
7.289	 2.93	 2	 -41.9887	  173.7677
7.290	 2.29	 1	 -42.3778	  173.4933
7.290	 2.64	 1	 -42.0410	  173.7788
7.290	 2.22	 1	 -42.0813	  173.7420
7.292	 2.75	 2	 -42.2513	  173.6935
7.294	 2.05	 5	 -41.5215	  174.9488
7.294	 2.22	 1	 -42.3022	  173.7405
7.295	 2.70	 2	 -42.5308	  173.6432
7.295	 2.30	 2	 -42.3433	  174.0055
7.296	 2.19	 3	 -41.7020	  173.1397
7.297	 2.48	 2	 -42.1432	  173.5228
7.299	 2.41	 2	 -41.6816	  174.3499
7.300	 2.33	 1	 -42.2761	  173.6057
7.300	 2.02	 1	 -42.9271	  173.2454
7.301	 2.35	 1	 -41.6228	  174.2354
7.301	 2.12	 2	 -42.2812	  170.7901
7.301	 2.77	 4	 -42.7989	  173.3199
7.301	 3.07	 1	 -42.2486	  173.7109
7.302	 3.01	 2	 -42.5823	  172.8947
7.302	 2.50	 2	 -41.9708	  173.7488
7.304	 2.29	 1	 -42.4728	  172.7407
7.304	 3.49	 1	 -42.4441	  172.7034
7.307	 2.25	 1	 -41.9321	  174.0278
7.307	 2.19	 1	 -42.5205	  173.1368
7.308	 2.55	 1	 -42.0946	  173.6382
7.308	 2.10	 1	 -42.4041	  173.3230
7.308	 2.31	 1	 -43.0040	  172.6937
7.309	 2.67	 1	 -41.7474	  174.3282
7.309	 2.46	 2	 -42.5416	  173.1725
7.310	 3.21	 1	 -39.6608	  175.0615
7.312	 2.16	 1	 -42.4898	  173.6874
7.313	 2.62	 1	 -42.3369	  173.6996
7.316	 2.15	 2	 -43.2070	  172.8930
7.316	 2.04	 1	 -41.7057	  174.2863
7.316	 2.31	 4	 -44.2696	  169.6947
7.316	 2.31	 4	 -41.7997	  174.8162
7.317	 2.33	 2	 -42.1463	  173.5988
7.317	 2.45	 2	 -41.6876	  174.2462
7.317	 2.07	 1	 -41.9890	  176.1827
7.318	 2.18	 1	 -41.7644	  174.2890
7.320	 4.50	 1	 -42.0767	  174.2314
7.320	 3.28	 2	 -41.7354	  174.2344
7.320	 2.12	 1	 -42.3458	  173.8589
7.320	 2.15	 1	 -41.7271	  174.0434
7.321	 3.95	 1	 -42.1677	  173.5573
7.322	 2.45	 3	 -42.5692	  172.8184
7.323	 2.90	 1	 -42.5178	  173.9592
7.324	 2.18	 1	 -42.5303	  173.1191
7.325	 2.96	 3	 -42.2111	  173.7600
7.325	 2.56	 1	 -42.5547	  173.0962
7.325	 2.20	 1	 -41.9741	  174.1040
7.326	 2.19	 3	 -41.6175	  174.7042
7.328	 2.16	 1	 -41.9417	  172.9930
7.330	 2.40	 2	 -42.3338	  173.3990
7.330	 2.33	 2	 -41.7092	  174.3404
7.331	 2.82	 2	 -42.0821	  174.2327
7.332	 2.35	 1	 -42.3063	  173.4618
7.332	 2.00	 1	 -41.7176	  173.4257
7.333	 2.63	 1	 -41.6801	  174.2668
7.333	 2.12	 6	 -42.7915	  175.0738
7.334	 3.88	 2	 -42.6311	  173.5299
7.335	 2.52	 3	 -42.4410	  174.0750
7.335	 3.25	 1	 -41.7778	  174.2049
7.335	 2.17	 1	 -42.3305	  173.7315
7.335	 2.09	 1	 -42.5566	  172.8194
7.335	 2.69	 2	 -41.6597	  174.2647
7.336	 2.50	 1	 -41.9775	  174.0461
7.337	 2.00	 1	 -42.5460	  173.9198
7.337	 2.14	 1	 -41.6848	  174.2602
7.340	 2.50	 1	 -42.4674	  173.1392
7.340	 2.68	 1	 -42.4016	  173.1856
7.341	 2.06	 3	 -42.2653	  173.9342
7.341	 2.55	 2	 -42.2852	  173.9571
7.341	 2.10	 1	 -41.2788	  173.9520
7.342	 2.60	 2	 -42.0187	  173.7901
7.343	 2.58	 2	 -42.5072	  172.9292
7.343	 2.27	 2	 -41.7950	  174.2237
7.343	 2.11	 2	 -41.9248	  173.7470
7.344	 2.63	 1	 -41.6713	  174.2030
7.344	 2.03	 1	 -41.8279	  174.2060
7.344	 2.13	 1	 -41.8153	  174.2424
7.345	 2.84	 1	 -42.3030	  173.7177
7.345	 2.15	 3	 -41.1919	  174.2563
7.346	 2.03	 1	 -42.5676	  172.6440
7.346	 2.05	 1	 -42.4517	  173.7092
7.346	 3.63	 1	 -42.4656	  173.7422
7.347	 2.30	 2	 -41.7288	  174.2872
7.347	 2.20	 2	 -41.9444	  174.1016
7.347	 2.94	 1	 -42.2504	  173.6732
7.347	 2.70	 1	 -42.0414	  173.7319
7.348	 2.05	 1	 -42.2344	  173.6900
7.348	 2.48	 1	 -41.7536	  174.3582
7.348	 2.40	 1	 -41.6798	  174.1995
7.348	 2.19	 1	 -41.6671	  174.4240
7.350	 2.40	 1	 -42.3337	  173.5233
7.351	 2.97	 1	 -42.1073	  172.7630
7.351	 2.59	 1	 -42.4735	  173.3353
7.353	 2.00	 2	 -42.5704	  173.3818
7.354	 2.12	 1	 -42.2336	  173.6317
7.355	 2.13	 1	 -41.6996	  174.3142
7.355	 2.63	 1	 -42.3409	  173.4335
7.356	 2.77	 1	 -42.5530	  173.1986
7.356	 2.25	 2	 -42.7483	  172.9901
7.359	 2.01	 1	 -41.7897	  174.2432
7.359	 3.76	 1	 -42.6273	  173.0191
7.359	 3.22	 2	 -42.8813	  173.7729
7.359	 2.08	 1	 -41.8257	  174.1019
7.359	 2.23	 4	 -41.6650	  171.4231
7.360	 2.27	 2	 -41.6794	  174.2405
7.362	 2.47	 1	 -42.2586	  173.6825
7.363	 2.11	 2	 -42.0694	  174.2585
7.364	 2.44	 1	 -41.7830	  174.1785
7.364	 2.07	 2	 -42.5662	  173.1368
7.366	 2.22	 2	 -42.2966	  173.9140
7.367	 2.53	 3	 -41.6110	  173.5008
7.369	 3.10	 3	 -42.1680	  173.5468
7.370	 2.02	 2	 -42.2875	  173.6669
7.370	 2.14	 2	 -42.1530	  174.2404
7.371	 2.48	 1	 -41.8417	  173.5510
7.373	 2.13	 1	 -41.9980	  173.7121
7.373	 2.23	 2	 -42.0810	  174.2352
7.373	 2.32	 1	 -42.5516	  173.0043
7.373	 2.14	 1	 -42.2865	  173.7712
7.375	 2.03	 3	 -41.6517	  174.7095
7.376	 2.18	 1	 -42.4333	  173.5459
7.378	 2.31	 2	 -42.7505	  173.9999
7.382	 3.86	 1	 -41.7010	  174.3093
7.382	 2.05	 1	 -41.6682	  174.2047
7.382	 2.19	 1	 -41.5873	  174.4528
7.383	 2.16	 3	 -42.2527	  174.1857
7.384	 2.95	 1	 -41.6616	  174.2850
7.384	 2.77	 2	 -42.2621	  172.8155
7.385	 2.38	 2	 -41.8176	  174.2921
7.385	 3.02	 1	 -42.6192	  173.1768
7.389	 2.16	 1	 -41.7021	  174.2991
7.391	 2.63	 2	 -40.1035	  170.6058
7.391	 2.00	 1	 -41.7463	  174.5256
7.391	 2.14	 1	 -42.4356	  173.1955
7.392	 2.23	 2	 -42.0709	  174.2257
7.393	 2.31	 2	 -42.2221	  173.7114
7.393	 2.21	 2	 -41.9124	  173.6563
7.393	 2.32	 2	 -42.4827	  173.2624
7.394	 2.07	 1	 -42.3760	  173.4624
7.394	 2.03	 2	 -41.6640	  174.2218
7.395	 2.61	 1	 -41.7155	  174.2011
7.397	 2.29	 2	 -42.2728	  172.9340
7.398	 2.19	 1	 -41.6401	  174.1808
7.398	 2.51	 1	 -42.0519	  173.7483
7.401	 2.16	 1	 -42.8054	  173.6248
7.403	 2.44	 2	 -42.7396	  173.9949
7.404	 2.38	 1	 -41.7808	  174.4316
7.405	 2.26	 2	 -42.9026	  173.4447
7.405	 2.03	 1	 -41.7042	  174.2110
7.406	 2.72	 2	 -42.3317	  173.7329
7.406	 2.52	 2	 -41.8429	  174.0221
7.406	 2.03	 1	 -41.7503	  174.4138
7.409	 2.54	 1	 -41.9148	  173.8474
7.410	 2.47	 1	 -41.8740	  174.0961
7.411	 2.33	 1	 -42.4846	  172.7261
7.412	 2.58	 3	 -41.6870	  174.6609
7.412	 2.03	 1	 -42.2349	  173.8177
7.412	 3.36	 5	 -42.7282	  173.2337
7.413	 2.56	 1	 -42.1900	  173.7455
7.414	 2.28	 1	 -42.5912	  173.6128
7.414	 2.32	 1	 -42.0410	  173.5469
7.415	 2.68	 1	 -42.7018	  172.7966
7.415	 2.37	 1	 -42.3973	  173.8926
7.415	 2.19	 1	 -42.5118	  173.2610
7.416	 2.31	 1	 -41.1845	  176.5273
7.416	 2.10	 1	 -42.4530	  173.0623
7.416	 2.39	 3	 -42.2336	  173.8393
7.417	 2.12	 3	 -41.6685	  174.7001
7.418	 2.23	 2	 -41.7030	  174.2549
7.419	 2.12	 2	 -42.7820	  173.1566
7.419	 2.65	 3	 -42.7387	  173.0741
7.420	 2.00	 1	 -44.0642	  174.4342
7.422	 2.11	 2	 -42.0975	  172.7338
7.422	 4.44	 1	 -42.6325	  172.9653
7.423	 2.01	 2	 -41.7597	  174.2024
7.425	 2.28	 2	 -42.5738	  173.7230
7.426	 2.36	 2	 -42.2017	  178.0424
7.426	 2.92	 1	 -41.7453	  173.2910
7.429	 2.65	 1	 -42.2729	  173.6530
7.430	 2.16	 2	 -41.7485	  174.3593
7.430	 2.29	 1	 -42.6036	  172.9972
7.430	 2.17	 1	 -41.8043	  174.2235
7.433	 3.74	 1	 -41.9530	  173.6977
7.433	 2.04	 1	 -42.2396	  173.8678
7.434	 2.48	 1	 -42.5671	  174.0028
7.435	 2.37	 2	 -41.7692	  174.4324
7.436	 2.08	 1	 -42.5480	  172.8386
7.436	 2.96	 1	 -41.8188	  174.3168
7.438	 2.40	 1	 -42.2028	  173.6552
7.438	 3.76	 1	 -42.6007	  173.2466
7.439	 2.31	 1	 -42.6820	  172.9192
7.439	 2.33	 1	 -42.0011	  173.9248
7.440	 2.19	 2	 -41.9543	  173.8262
7.442	 2.01	 1	 -42.5980	  172.9583
7.443	 2.09	 2	 -42.1231	  173.3758
7.444	 2.01	 1	 -41.9955	  173.8646
7.448	 2.35	 2	 -42.2915	  173.0932
7.449	 2.96	 2	 -42.4219	  173.7319
7.450	 2.31	 2	 -42.5928	  172.9164
7.451	 2.73	 2	 -42.6441	  173.0751
7.452	 2.11	 3	 -41.5794	  174.3339
7.454	 2.65	 1	 -42.2371	  173.6514
7.456	 2.05	 1	 -42.8316	  171.7979
7.456	 2.03	 1	 -42.4172	  173.0314
7.457	 2.09	 3	 -42.4317	  173.9820
7.458	 2.53	 1	 -42.2659	  173.7666
7.459	 2.15	 1	 -42.3343	  173.4296
7.461	 2.61	 3	 -42.4402	  174.0721
7.462	 2.44	 2	 -41.7467	  174.2430
7.463	 2.15	 1	 -41.8490	  174.1479
7.464	 2.28	 1	 -41.7028	  174.1354
7.464	 2.17	 1	 -41.9266	  174.0431
7.465	 2.81	 2	 -42.4464	  173.7175
7.466	 2.26	 1	 -41.7940	  174.2690
7.468	 2.04	 1	 -42.1829	  173.6565
7.470	 2.15	 2	 -41.7417	  174.3547
7.471	 2.33	 1	 -42.5240	  173.5941
7.471	 2.86	 2	 -43.7967	  172.4514
7.472	 2.26	 2	 -42.8101	  173.4865
7.473	 2.72	 1	 -42.4533	  173.4422
7.473	 2.69	 2	 -42.5222	  173.2191
7.474	 2.42	 1	 -41.6093	  174.3083
7.475	 2.32	 1	 -41.7665	  174.2668
7.475	 2.50	 1	 -41.8251	  172.5052
7.475	 2.61	 3	 -41.5576	  174.7172
7.476	 2.43	 3	 -42.4334	  173.7628
7.477	 2.35	 1	 -42.3659	  173.5406
7.478	 2.32	 3	 -41.9192	  173.7954
7.479	 2.66	 1	 -42.6324	  172.9832
7.480	 2.07	 2	 -42.7232	  172.6437
7.481	 2.33	 1	 -41.7960	  174.2071
7.481	 2.25	 4	 -42.4508	  172.6280
7.482	 2.32	 3	 -42.2705	  173.9095
7.483	 2.20	 1	 -41.7178	  174.2638
7.483	 2.10	 2	 -42.6545	  173.0755
7.484	 2.31	 1	 -42.4223	  173.8716
7.484	 2.16	 2	 -42.5146	  173.0551
7.484	 2.50	 1	 -42.5761	  173.9279
7.485	 2.70	 2	 -42.7330	  173.0187
7.486	 2.52	 1	 -42.4402	  173.6964
7.486	 2.66	 2	 -42.6622	  172.2306
7.486	 2.36	 1	 -42.7365	  172.7601
7.487	 2.34	 1	 -41.8215	  174.0340
7.487	 2.28	 3	 -42.3985	  173.9506
7.488	 2.40	 4	 -41.7847	  174.1898
7.488	 2.52	 2	 -43.9435	  174.0360
7.488	 2.20	 3	 -40.9606	  175.7171
7.488	 2.11	 3	 -42.4514	  173.9286
7.488	 2.27	 1	 -42.8763	  172.8975
7.489	 2.31	 1	 -42.5581	  172.7906
7.490	 2.29	 1	 -42.6377	  172.8481
7.491	 2.32	 1	 -41.7308	  174.2914
7.491	 2.30	 2	 -41.6839	  174.2011
7.491	 2.29	 1	 -42.6422	  173.2152
7.491	 2.06	 1	 -42.6771	  172.9820
7.494	 2.33	 1	 -42.5831	  172.1730
7.495	 2.17	 1	 -41.4873	  175.0062
7.496	 2.00	 1	 -42.4126	  173.1765
7.498	 2.18	 1	 -41.6271	  174.2090
7.498	 2.53	 1	 -41.7992	  174.3496
7.499	 2.66	 2	 -42.2884	  173.6760
7.499	 2.55	 3	 -42.1928	  173.7336
7.501	 2.38	 2	 -42.3871	  173.1581
7.502	 2.23	 2	 -42.2502	  173.6445
7.505	 2.05	 1	 -41.7251	  174.2710
7.507	 2.33	 1	 -42.5157	  173.1259
7.508	 2.31	 1	 -41.7801	  174.2121
7.508	 3.24	 2	 -41.9875	  174.1852
7.510	 2.28	 2	 -42.2125	  173.6924
7.511	 3.76	 1	 -42.4357	  173.4332
7.511	 2.45	 3	 -41.7033	  174.8605
7.511	 3.11	 1	 -42.2608	  173.6585
7.512	 2.03	 1	 -42.1448	  173.5235
7.513	 2.65	 1	 -42.1467	  173.3035
7.513	 2.13	 3	 -41.6418	  174.5538
7.514	 2.21	 1	 -42.7818	  172.7677
7.516	 2.42	 4	 -42.3534	  174.1166
7.517	 2.05	 1	 -42.6373	  172.9554
7.518	 2.59	 1	 -42.0527	  173.8129
7.518	 2.12	 1	 -41.7368	  173.3961
7.519	 2.36	 3	 -42.5217	  173.0761
7.522	 2.34	 1	 -43.5413	  176.3584
7.522	 2.09	 1	 -42.4334	  173.9932
7.523	 2.28	 1	 -42.3593	  173.5414
7.525	 2.06	 2	 -42.1512	  174.4735
7.526	 2.20	 3	 -42.0244	  173.8613
7.527	 2.18	 1	 -42.4018	  173.6939
7.527	 2.42	 2	 -42.5351	  173.0116
7.528	 2.27	 2	 -42.8037	  172.4535
7.529	 2.05	 1	 -42.2757	  173.5644
7.530	 2.69	 2	 -42.5034	  172.8891
7.531	 2.26	 1	 -42.8648	  172.4199
7.532	 2.05	 1	 -41.7285	  174.1367
7.533	 3.11	 2	 -42.4328	  173.7878
7.533	 2.72	 1	 -42.2181	  173.6882
7.534	 2.83	 2	 -42.2311	  173.2812
7.534	 2.40	 2	 -42.4322	  173.5465
7.534	 2.62	 1	 -42.4646	  172.6718
7.534	 2.20	 1	 -42.0782	  173.7467
7.535	 2.63	 1	 -42.6569	  172.7919
7.536	 2.58	 1	 -42.5663	  173.3924
7.537	 2.04	 1	 -42.9460	  173.3943
7.538	 2.53	 3	 -41.5986	  174.6734
7.538	 2.32	 1	 -42.5208	  173.1584
7.541	 2.17	 2	 -42.8985	  172.9879
7.541	 2.75	 2	 -42.6200	  172.1167
7.542	 2.40	 1	 -42.3694	  173.8615
7.543	 2.26	 1	 -41.6316	  174.3864
7.544	 2.09	 1	 -42.1342	  173.6837
7.544	 2.11	 1	 -42.4783	  173.4111
7.544	 2.72	 1	 -42.5390	  173.8302
7.547	 2.48	 1	 -41.7251	  174.2762
7.547	 2.74	 2	 -41.5326	  174.3895
7.548	 2.31	 1	 -42.1792	  173.2692
7.549	 2.34	 1	 -41.6823	  174.2991
7.549	 2.02	 1	 -42.2398	  173.5437
7.551	 2.32	 1	 -41.7956	  174.2058
7.551	 2.06	 1	 -42.0644	  173.7241
7.551	 2.02	 1	 -42.4533	  173.8357
7.552	 2.25	 1	 -41.7911	  174.2827
7.553	 2.61	 3	 -42.6266	  173.5378
7.554	 2.08	 3	 -41.6081	  174.6167
7.556	 2.34	 3	 -41.6500	  174.7501
7.556	 2.29	 1	 -42.7709	  173.8681
7.556	 2.06	 1	 -42.0475	  174.1329
7.559	 2.14	 2	 -41.7423	  174.3979
7.560	 2.66	 2	 -41.7168	  174.1768
7.561	 2.44	 1	 -42.1123	  173.7330
7.561	 2.26	 2	 -42.3468	  173.5166
7.561	 2.12	 1	 -42.4816	  173.2940
7.561	 2.03	 1	 -40.4763	  173.4079
7.562	 3.02	 1	 -42.7561	  172.8121
7.563	 2.16	 1	 -41.6542	  172.6044
7.563	 3.25	 1	 -41.6943	  174.2404
7.563	 2.55	 2	 -42.3257	  173.3720
7.564	 2.27	 1	 -42.4103	  174.0003
7.565	 2.15	 2	 -42.6226	  172.9667
7.566	 2.74	 1	 -42.4379	  173.1456
7.567	 2.25	 1	 -42.2497	  174.3786
7.569	 2.76	 1	 -42.5519	  173.1293
7.569	 3.07	 2	 -42.2907	  173.5167
7.569	 2.35	 1	 -42.2689	  173.6058
7.571	 2.24	 2	 -41.7480	  174.3005
7.572	 2.50	 1	 -42.3307	  173.5947
7.572	 2.16	 1	 -42.6957	  172.9267
7.574	 2.01	 1	 -41.6925	  174.2866
7.575	 2.36	 1	 -41.9282	  174.1253
7.576	 2.03	 1	 -42.0766	  173.5438
7.577	 3.23	 3	 -42.3118	  173.7198
7.577	 2.98	 3	 -42.4792	  174.0969
7.579	 2.24	 2	 -42.3216	  173.2102
7.580	 2.82	 1	 -41.7802	  174.2688
7.582	 2.35	 2	 -42.6395	  173.0555
7.582	 2.06	 1	 -41.7706	  174.1653
7.584	 2.00	 2	 -42.5515	  172.9697
7.584	 2.29	 2	 -41.8644	  173.8073
7.584	 2.25	 4	 -41.6380	  174.6480
7.585	 3.64	 1	 -42.3168	  174.0672
7.585	 2.03	 1	 -42.2452	  173.7704
7.585	 2.00	 1	 -40.1067	  176.4306
7.586	 2.01	 1	 -42.2380	  173.8533
7.587	 2.19	 2	 -42.6664	  173.3251
7.588	 2.85	 1	 -42.0253	  173.2773
7.589	 2.67	 1	 -42.6442	  173.0179
7.589	 2.43	 1	 -42.9137	  172.7094
7.592	 2.44	 1	 -42.8618	  173.0193
7.592	 2.44	 2	 -42.7373	  172.7405
7.592	 2.51	 1	 -43.1345	  174.5884
7.592	 2.16	 1	 -41.9632	  173.4729
7.593	 2.43	 2	 -42.2233	  173.8736
7.593	 2.31	 1	 -41.7568	  174.3719
7.594	 2.12	 1	 -42.1960	  173.6767
7.594	 2.00	 2	 -42.1872	  173.7541
7.596	 2.20	 2	 -42.4375	  174.4098
7.597	 2.44	 1	 -41.7551	  174.3555
7.598	 2.18	 1	 -42.7618	  173.0315
7.598	 2.90	 2	 -41.6840	  174.2574
7.598	 2.68	 1	 -42.3291	  173.7086
7.599	 3.19	 1	 -42.3745	  173.3683
7.599	 2.76	 1	 -42.5790	  173.0867
7.600	 2.37	 1	 -42.2365	  174.0553
7.600	 2.23	 1	 -41.7347	  174.3191
7.602	 2.69	 2	 -42.2992	  172.8887
7.603	 2.00	 2	 -42.4968	  174.7749
7.605	 2.27	 1	 -42.2004	  173.6363
7.606	 2.55	 1	 -42.3659	  174.0569
7.607	 2.07	 3	 -41.7500	  174.2450
7.609	 2.12	 3	 -41.4283	  174.3097
7.611	 2.07	 2	 -42.5603	  173.4128
7.611	 2.08	 2	 -42.3837	  174.0128
7.612	 2.06	 1	 -42.7491	  173.0019
7.613	 2.20	 4	 -41.6340	  174.7083
7.613	 4.12	 2	 -42.4200	  173.7506
7.613	 2.25	 1	 -42.0318	  174.3442
7.614	 2.33	 1	 -41.8111	  174.2549
7.614	 2.03	 3	 -41.6733	  174.6223
7.614	 2.08	 4	 -42.4390	  174.0731
7.617	 2.31	 2	 -42.2516	  173.6706
7.618	 2.42	 1	 -42.4167	  173.5442
7.618	 2.04	 3	 -42.5250	  173.5224
7.620	 2.48	 2	 -42.7271	  173.7347
7.622	 2.19	 2	 -41.7057	  174.2303
7.625	 2.08	 2	 -42.5304	  172.9476
7.626	 2.38	 2	 -42.2908	  173.1711
7.626	 2.04	 2	 -42.3850	  174.0752
7.626	 2.31	 2	 -42.2783	  173.6076
7.628	 2.72	 1	 -42.1034	  173.8139
7.628	 4.03	 1	 -41.6410	  174.2800
7.631	 2.01	 1	 -42.5745	  173.0389
7.631	 2.06	 1	 -39.8706	  177.7852
7.632	 2.00	 2	 -41.7812	  174.2376
7.633	 2.45	 3	 -41.5537	  174.7454
7.633	 2.08	 3	 -42.0792	  174.2328
7.634	 2.60	 2	 -41.6194	  174.9168
7.635	 2.20	 1	 -41.9827	  173.8957
7.636	 2.95	 2	 -42.2713	  173.8190
7.636	 2.02	 1	 -41.3421	  174.4880
7.637	 2.10	 1	 -42.7513	  172.8690
7.637	 2.39	 2	 -42.2602	  173.3176
7.637	 2.26	 1	 -42.4709	  173.2356
7.638	 2.41	 1	 -42.1183	  173.6503
7.639	 2.16	 3	 -41.7156	  175.1050
7.640	 2.04	 2	 -42.2355	  173.6720
7.641	 2.21	 2	 -42.4886	  173.9655
7.642	 2.83	 1	 -42.6569	  173.0121
7.642	 2.14	 1	 -41.7643	  174.2251
7.643	 2.62	 1	 -41.8024	  174.0714
7.643	 2.78	 3	 -42.4359	  174.0677
7.645	 2.68	 1	 -42.4417	  173.0334
7.645	 2.03	 2	 -42.4065	  173.3355
7.645	 3.04	 1	 -42.9805	  173.1250
7.645	 2.71	 1	 -42.4647	  173.6866
7.646	 2.04	 1	 -41.5399	  174.1380
7.647	 2.41	 1	 -42.3884	  173.7617
7.648	 3.42	 1	 -42.5095	  173.5698
7.650	 2.04	 1	 -45.6687	  175.7717
7.654	 2.21	 1	 -41.5610	  174.4160
7.654	 2.98	 2	 -42.4618	  173.2503
7.654	 2.09	 1	 -43.0257	  172.8167
7.654	 2.36	 1	 -41.9041	  173.7227
7.654	 2.12	 1	 -41.7875	  173.6331
7.655	 2.59	 2	 -41.6308	  174.4012
7.657	 2.25	 1	 -42.0482	  173.6961
7.659	 2.38	 1	 -42.5080	  172.8209
7.660	 2.14	 1	 -41.7311	  174.2817
7.662	 2.60	 1	 -41.8414	  174.1324
7.663	 2.36	 2	 -42.0920	  173.5944
7.664	 2.54	 2	 -41.7050	  173.0653
7.664	 2.09	 3	 -41.7182	  174.2637
7.664	 2.13	 1	 -41.7160	  174.3038
7.665	 2.64	 1	 -42.3487	  173.1491
7.666	 2.31	 1	 -41.7593	  174.2367
7.666	 2.29	 2	 -42.4291	  173.8802
7.667	 2.18	 2	 -42.5363	  173.2083
7.668	 2.31	 1	 -42.4996	  173.1770
7.670	 2.04	 1	 -42.6366	  172.8248
7.671	 2.30	 2	 -42.3583	  174.0548
7.672	 2.28	 1	 -42.0056	  173.7556
7.673	 2.45	 2	 -42.5046	  173.0855
7.674	 2.04	 2	 -42.6335	  172.8802
7.674	 2.07	 2	 -42.2720	  174.1981
7.676	 2.55	 2	 -42.5394	  173.3678
7.677	 2.03	 2	 -42.6473	  172.9638
7.678	 2.10	 1	 -41.8727	  174.0813
7.680	 2.06	 2	 -42.1994	  173.6211
7.681	 2.62	 3	 -42.4361	  173.2655
7.682	 2.41	 2	 -42.2763	  173.8868
7.683	 2.23	 1	 -42.3999	  173.4290
7.684	 2.58	 3	 -41.6416	  174.7163
7.685	 3.34	 1	 -42.3218	  173.0828
7.685	 2.26	 2	 -41.7871	  174.2342
7.685	 2.76	 1	 -41.7997	  174.3211
7.686	 2.13	 1	 -41.5945	  174.7605
7.687	 2.53	 2	 -41.6408	  173.2509
7.687	 3.12	 1	 -41.7809	  174.2402
7.687	 2.45	 1	 -42.3882	  174.0014
7.688	 2.21	 1	 -41.7805	  174.4909
7.688	 2.19	 2	 -42.3593	  174.3119
7.689	 2.12	 2	 -42.4298	  173.5437
7.689	 2.61	 1	 -41.7864	  174.0631
7.691	 2.02	 1	 -42.1360	  173.6931
7.692	 2.19	 1	 -42.3309	  173.8586
7.699	 3.17	 2	 -41.7820	  174.2440
7.699	 2.40	 1	 -42.4437	  173.1328
7.699	 2.08	 1	 -46.2432	  170.9849
7.700	 2.27	 2	 -43.4102	  174.5638
7.700	 2.85	 1	 -43.2104	  172.8841
7.700	 2.05	 1	 -41.7049	  174.2407
7.700	 2.17	 2	 -42.5135	  173.8800
7.701	 2.96	 1	 -42.3153	  174.0792
7.701	 3.40	 1	 -42.3327	  173.4726
7.703	 2.17	 2	 -42.2934	  173.8734
7.703	 2.75	 1	 -41.7457	  174.3826
7.703	 3.08	 5	 -41.4764	  174.8838
7.704	 2.37	 3	 -41.7053	  174.1918
7.704	 2.99	 1	 -42.7345	  173.2531
7.704	 2.35	 1	 -41.6864	  174.2260
7.706	 2.08	 1	 -41.7230	  174.4895
7.706	 3.07	 1	 -41.6667	  174.2000
7.707	 2.08	 1	 -41.8013	  173.9918
7.708	 2.17	 1	 -42.0934	  173.7981
7.708	 2.22	 1	 -42.5465	  172.8455
7.709	 2.23	 1	 -42.5066	  173.2995
7.709	 2.08	 1	 -42.2187	  172.9539
7.709	 2.04	 1	 -42.0923	  173.9601
7.711	 2.46	 1	 -41.9172	  172.9018
7.714	 2.18	 2	 -42.3321	  173.1742
7.714	 2.78	 1	 -41.9168	  173.9732
7.714	 2.37	 2	 -42.9886	  173.1168
7.715	 2.01	 1	 -42.4687	  173.8357
7.716	 3.26	 1	 -42.5643	  172.6251
7.716	 2.23	 1	 -41.9304	  174.3542
7.717	 2.05	 2	 -42.1674	  173.7663
7.718	 2.19	 1	 -42.6378	  173.9975
7.718	 2.41	 1	 -42.0231	  173.8163
7.719	 2.09	 2	 -41.8534	  174.1702
7.720	 2.74	 2	 -42.4990	  173.1214
7.722	 2.60	 1	 -42.2960	  173.6382
7.723	 2.24	 2	 -42.2500	  173.4574
7.726	 2.42	 2	 -42.5583	  172.9163
7.726	 2.09	 1	 -42.1711	  173.1086
7.727	 2.44	 1	 -41.7665	  174.2877
7.729	 2.04	 2	 -41.6799	  173.5347
7.729	 2.04	 3	 -41.6806	  174.7444
7.730	 3.01	 1	 -41.9692	  173.4591
7.733	 2.07	 2	 -42.5304	  173.4240
7.734	 3.74	 2	 -42.4191	  172.9848
7.736	 2.26	 1	 -42.4495	  173.1621
7.738	 2.14	 1	 -42.3604	  174.0015
7.738	 2.23	 1	 -42.5715	  173.1309
7.741	 2.65	 3	 -37.6399	  177.4815
7.741	 2.26	 3	 -42.4693	  174.0400
7.743	 2.16	 1	 -41.7167	  174.3234
7.743	 2.10	 1	 -41.6403	  174.3023
7.744	 2.93	 1	 -42.5852	  172.8757
7.746	 2.43	 3	 -43.0010	  173.8436
7.748	 2.94	 1	 -38.7234	  176.5177
7.748	 2.39	 3	 -42.4823	  173.2620
7.748	 2.10	 1	 -42.4758	  173.1946
7.750	 2.10	 1	 -42.0164	  173.5564
7.750	 3.82	 2	 -42.6987	  172.2727
7.750	 2.67	 2	 -42.3373	  173.9389
7.751	 2.38	 1	 -42.0529	  173.5453
7.751	 2.15	 1	 -42.9120	  173.2209
7.752	 2.84	 1	 -42.3052	  174.0030
7.754	 2.03	 1	 -42.6110	  173.0956
7.754	 2.03	 2	 -42.3450	  173.0812
7.754	 2.03	 6	 -41.4812	  175.0013
7.755	 2.06	 2	 -42.5183	  174.3561
7.756	 2.54	 3	 -41.8047	  173.2325
7.757	 2.00	 1	 -42.1679	  173.9025
7.757	 3.61	 1	 -42.0298	  172.8223
7.758	 2.19	 2	 -42.7665	  172.8708
7.758	 2.26	 1	 -41.7924	  174.0158
7.760	 2.73	 2	 -42.7031	  173.1295
7.761	 3.46	 1	 -42.2509	  174.1892
7.762	 2.08	 2	 -41.7122	  173.1394
7.762	 2.33	 2	 -42.5302	  173.8763
7.762	 2.22	 2	 -42.4163	  173.7958
7.763	 2.32	 1	 -41.4322	  174.3584
7.763	 2.11	 2	 -41.4231	  171.7958
7.764	 2.35	 1	 -42.3942	  173.7711
7.764	 2.44	 3	 -42.5938	  173.5008
7.764	 3.17	 2	 -41.7313	  174.1302
7.766	 2.13	 1	 -42.4784	  173.7014
7.770	 2.07	 1	 -42.1075	  173.1627
7.770	 2.07	 1	 -41.9815	  176.5515
7.771	 2.60	 3	 -41.6729	  172.9298
7.772	 2.05	 1	 -42.5044	  173.0138
7.773	 2.01	 2	 -42.3144	  174.0710
7.774	 2.14	 2	 -42.6910	  173.4807
7.774	 2.12	 1	 -42.2190	  173.8092
7.774	 2.47	 1	 -42.5662	  172.9684
7.775	 2.94	 1	 -42.3958	  173.7118
7.775	 2.37	 1	 -41.7406	  174.1845
7.776	 2.60	 5	 -41.5555	  174.9628
7.776	 2.15	 1	 -42.1192	  172.8826
7.778	 3.43	 2	 -42.3758	  173.9332
7.778	 3.02	 1	 -41.6722	  174.2312
7.778	 2.09	 1	 -42.0735	  173.8210
7.779	 2.54	 1	 -41.7404	  174.1878
7.780	 2.21	 1	 -42.2531	  173.6487
7.780	 2.69	 1	 -42.7917	  172.7145
7.781	 2.04	 1	 -42.8848	  173.8536
7.782	 2.26	 1	 -42.3553	  173.1981
7.785	 2.24	 1	 -41.7772	  174.0568
7.785	 3.25	 1	 -42.1482	  174.0342
7.787	 2.45	 1	 -42.3595	  173.4806
7.788	 2.17	 3	 -42.4234	  173.7532
7.790	 2.01	 2	 -42.4852	  172.7230
7.791	 3.05	 1	 -41.7279	  174.2846
7.791	 2.72	 1	 -41.7303	  174.4054
7.791	 2.57	 2	 -42.3594	  173.6479
7.792	 2.31	 2	 -42.6643	  172.9675
7.794	 3.25	 2	 -41.8530	  173.8170
7.795	 2.55	 1	 -43.1883	  170.1284
7.795	 3.22	 1	 -42.0966	  173.5747
7.796	 2.04	 1	 -42.2710	  173.5716
7.796	 2.25	 1	 -42.5403	  175.4678
7.796	 2.24	 1	 -42.6354	  172.9550
7.798	 2.06	 4	 -41.7131	  174.3160
7.799	 2.17	 1	 -41.7665	  174.1460
7.799	 2.10	 2	 -42.5294	  173.1960
7.801	 2.16	 3	 -42.3918	  173.7555
7.801	 2.18	 1	 -42.3614	  172.8417
7.801	 2.04	 1	 -41.8184	  174.2310
7.803	 2.42	 1	 -42.6957	  172.7139
7.803	 2.03	 1	 -41.6807	  174.2267
7.804	 2.24	 1	 -42.3448	  173.1017
7.804	 2.17	 1	 -41.7078	  174.3211
7.806	 2.19	 1	 -42.5067	  173.2151
7.806	 2.27	 2	 -42.0325	  172.8905
7.808	 2.27	 1	 -41.6617	  174.6493
7.809	 2.34	 2	 -42.1325	  174.0149
7.810	 3.20	 1	 -42.0162	  173.7155
7.810	 2.32	 1	 -42.3061	  173.7295
7.811	 2.30	 2	 -41.7428	  173.2838
7.811	 2.04	 1	 -41.7659	  174.3256
7.814	 2.45	 2	 -42.5733	  173.1394
7.815	 2.91	 2	 -42.2543	  173.7660
7.817	 2.50	 1	 -42.2433	  173.7163
7.818	 2.17	 2	 -41.7753	  174.0892
7.819	 2.13	 1	 -42.1459	  173.5731
7.819	 2.31	 2	 -42.5717	  173.3618
7.820	 2.00	 1	 -42.3499	  173.8396
7.821	 2.55	 2	 -42.2171	  173.8999
7.822	 2.26	 1	 -42.3297	  173.9161
7.822	 2.56	 2	 -42.3545	  173.0258
7.823	 2.39	 3	 -41.6263	  174.9672
7.824	 2.10	 1	 -42.8894	  173.0334
7.824	 3.03	 2	 -42.1783	  173.7295
7.824	 2.30	 3	 -41.6023	  174.7162
7.824	 2.75	 2	 -42.1682	  173.5682
7.825	 2.36	 1	 -42.5619	  172.9075
7.827	 2.85	 2	 -42.5473	  173.3688
7.830	 2.17	 1	 -42.4792	  173.3309
7.830	 2.05	 3	 -42.2602	  173.7440
7.830	 2.57	 1	 -42.4765	  173.7778
7.831	 2.23	 1	 -42.2447	  173.8422
7.834	 2.02	 1	 -41.7874	  174.1729
7.835	 2.47	 1	 -41.9966	  173.8241
7.837	 2.45	 1	 -41.6866	  174.2665
7.841	 2.02	 1	 -41.7910	  174.2199
7.844	 2.06	 1	 -42.0966	  173.6471
7.844	 2.37	 3	 -41.6441	  174.6886
7.846	 2.48	 2	 -42.0042	  174.2333
7.846	 2.11	 1	 -42.1248	  173.8809
7.847	 3.45	 2	 -41.7485	  174.0886
7.847	 4.49	 1	 -41.9835	  173.7095
7.848	 2.08	 1	 -41.8628	  174.1546
7.850	 2.49	 2	 -42.1657	  173.8784
7.851	 2.16	 1	 -41.7683	  174.3375
7.851	 2.75	 1	 -42.6562	  172.7130
7.853	 2.11	 1	 -42.4551	  173.4687
7.854	 2.07	 2	 -42.6259	  173.4442
7.855	 2.45	 2	 -41.5764	  173.1398
7.855	 2.24	 2	 -41.5247	  173.9693
7.856	 3.14	 1	 -43.0082	  173.5834
7.857	 2.05	 1	 -41.7719	  174.3707
7.857	 2.04	 2	 -42.5552	  173.3847
7.858	 2.13	 1	 -41.6712	  174.5559
7.858	 2.24	 1	 -41.7455	  173.8826
7.859	 2.06	 1	 -42.4673	  173.8941
7.859	 2.17	 1	 -41.7364	  174.2295
7.862	 2.39	 1	 -41.7463	  174.1500
7.864	 2.91	 3	 -42.6277	  172.8824
7.865	 2.01	 1	 -41.8200	  174.2245
7.866	 2.37	 1	 -41.9709	  173.7363
7.867	 2.02	 1	 -41.7873	  174.1813
7.868	 2.11	 1	 -42.4894	  173.2016
7.869	 2.10	 2	 -42.7526	  173.4666
7.872	 2.42	 1	 -42.5948	  173.1535
7.873	 2.13	 2	 -41.8207	  174.0404
7.873	 2.22	 1	 -42.3316	  174.0284
7.874	 2.25	 2	 -42.6986	  172.8571
7.874	 2.05	 3	 -42.9662	  172.0045
7.874	 2.23	 2	 -41.6936	  174.3358
7.874	 2.27	 3	 -41.6972	  174.6382
7.875	 2.15	 1	 -41.8003	  174.2148
7.875	 2.26	 1	 -41.6976	  174.2902
7.876	 2.33	 2	 -41.7151	  173.1141
7.876	 2.11	 1	 -41.4745	  175.0981
7.877	 2.10	 1	 -42.2603	  173.7038
7.878	 2.74	 1	 -42.2741	  173.9945
7.879	 2.20	 2	 -42.0093	  172.6677
7.880	 2.65	 1	 -42.7412	  167.0535
7.882	 2.10	 1	 -42.6039	  173.0227
7.882	 2.02	 2	 -42.3421	  173.8719
7.882	 2.13	 1	 -42.4359	  173.8582
7.883	 2.16	 2	 -42.2398	  174.0852
7.883	 2.57	 1	 -42.2617	  174.1907
7.884	 2.27	 3	 -41.7935	  174.4058
7.885	 2.06	 2	 -42.6756	  173.7787
7.888	 2.17	 1	 -42.4875	  173.2148
7.889	 2.38	 1	 -42.1493	  173.7425
7.889	 2.02	 1	 -42.4222	  173.2938
7.890	 2.07	 1	 -42.0139	  173.5820
7.891	 2.52	 1	 -42.0276	  173.7309
7.892	 2.31	 1	 -41.5951	  173.9703
7.892	 2.10	 1	 -43.5819	  172.6911
7.892	 2.96	 1	 -42.4401	  174.0783
7.893	 2.05	 1	 -41.8221	  174.2091
7.894	 2.39	 1	 -41.7012	  174.2303
7.894	 2.17	 1	 -42.4306	  173.8906
7.894	 2.16	 1	 -41.6992	  174.0045
7.895	 2.22	 1	 -42.1979	  173.9052
7.897	 2.18	 3	 -42.2284	  173.7555
7.897	 2.02	 1	 -42.0439	  173.5922
7.898	 2.13	 1	 -42.6599	  173.0424
7.899	 2.18	 1	 -41.8479	  174.0884
7.899	 2.12	 2	 -43.2090	  172.8836
7.900	 2.20	 1	 -41.9533	  173.6690
7.901	 2.63	 1	 -42.2716	  174.1178
7.902	 2.11	 2	 -42.0886	  174.2274
7.902	 2.21	 2	 -42.9104	  172.5550
7.904	 2.28	 4	 -42.5305	  173.9239
7.904	 2.09	 2	 -42.2530	  173.6498
7.904	 2.00	 5	 -42.6912	  173.2523
7.908	 2.96	 1	 -41.7028	  174.3839
7.909	 3.83	 1	 -42.5666	  173.1000
7.909	 2.00	 2	 -42.3668	  173.8936
7.909	 2.30	 1	 -41.6824	  174.2480
7.909	 2.34	 1	 -42.1962	  173.6130
7.909	 2.62	 1	 -41.7837	  174.1596
7.911	 2.31	 2	 -41.7682	  174.2617
7.912	 2.44	 1	 -42.5628	  173.1779
7.912	 2.02	 1	 -42.6440	  173.1054
7.912	 2.43	 3	 -41.5571	  174.1647
7.915	 2.40	 1	 -42.1111	  173.6623
7.916	 2.29	 1	 -41.5984	  174.3315
7.918	 3.12	 2	 -41.7644	  174.1427
7.918	 2.92	 4	 -42.4957	  174.0048
7.920	 2.10	 1	 -41.7503	  174.3998
7.920	 2.07	 1	 -42.2283	  173.6543
7.920	 2.12	 1	 -42.3121	  173.2246
7.923	 2.33	 3	 -42.6229	  173.4440
7.923	 2.21	 1	 -42.0041	  173.6793
7.924	 2.00	 1	 -42.2455	  173.7087
7.924	 2.22	 4	 -41.6222	  174.9582
7.925	 2.01	 1	 -41.6607	  174.2991
7.926	 2.53	 2	 -42.1246	  173.6359
7.926	 2.16	 1	 -42.0622	  173.5177
7.926	 2.48	 1	 -41.7054	  174.3987
7.927	 2.21	 2	 -41.8966	  173.8612
7.928	 2.47	 1	 -42.5504	  173.1308
7.930	 2.54	 1	 -41.6658	  173.0289
7.931	 2.03	 2	 -42.1760	  173.5549
7.932	 2.12	 1	 -42.2733	  173.5584
7.933	 2.20	 1	 -41.8059	  173.9501
7.933	 2.21	 1	 -42.3291	  173.6027
7.936	 2.48	 1	 -42.4609	  174.5416
7.936	 2.08	 1	 -42.1682	  173.6256
7.938	 2.16	 3	 -41.5741	  174.6753
7.939	 2.33	 2	 -42.4629	  173.8125
7.940	 2.70	 1	 -41.8136	  174.3194
7.942	 2.15	 4	 -41.5844	  174.7367
7.942	 2.06	 1	 -42.3770	  173.7348
7.942	 2.06	 1	 -42.2721	  173.6072
7.942	 3.12	 1	 -41.7066	  174.3471
7.943	 2.40	 1	 -42.5339	  172.8507
7.943	 2.10	 2	 -41.9754	  173.7890
7.947	 2.24	 1	 -41.7052	  174.2394
7.949	 2.04	 2	 -42.5045	  173.8251
7.950	 3.32	 2	 -42.9677	  172.5442
7.950	 2.03	 2	 -42.3547	  172.8009
7.950	 2.06	 4	 -42.7341	  173.1671
7.951	 2.11	 1	 -42.3121	  173.7542
7.953	 3.48	 1	 -42.5081	  173.3362
7.953	 2.28	 1	 -40.8586	  170.2305
7.953	 2.03	 1	 -41.8549	  173.9526
7.953	 2.50	 4	 -42.3640	  173.3778
7.954	 2.02	 2	 -42.0938	  173.3669
7.956	 2.33	 1	 -42.2470	  173.5910
7.957	 2.45	 1	 -41.9760	  173.8483
7.958	 2.01	 1	 -41.7865	  174.1827
7.958	 2.04	 1	 -41.7185	  174.2276
7.958	 2.97	 1	 -42.2772	  173.6766
7.959	 2.54	 1	 -42.5470	  173.2209
7.959	 2.69	 1	 -42.2294	  174.3309
7.962	 2.01	 1	 -42.1698	  173.5572
7.963	 2.41	 1	 -42.2516	  174.0096
7.964	 2.36	 2	 -42.5603	  174.0662
7.965	 2.37	 2	 -42.7746	  172.9007
7.966	 2.10	 2	 -42.0059	  173.7948
7.966	 2.25	 1	 -42.1827	  173.6379
7.967	 3.13	 1	 -41.6955	  174.2933
7.973	 2.19	 2	 -42.3018	  173.2855
7.973	 2.42	 1	 -41.9614	  173.7373
7.973	 2.45	 1	 -41.8661	  174.1847
7.974	 2.37	 4	 -41.6201	  174.7069
7.975	 2.25	 1	 -42.4742	  172.8142
7.976	 2.25	 3	 -41.4985	  174.9214
7.976	 2.39	 2	 -41.8020	  174.3212
7.977	 2.45	 3	 -42.1865	  173.8406
7.977	 2.09	 1	 -42.0340	  174.0284
7.977	 2.89	 1	 -41.7380	  174.5818
7.978	 2.02	 1	 -41.6786	  174.3988
7.978	 2.24	 1	 -41.9921	  173.1792
7.980	 3.33	 1	 -41.9885	  173.4503
7.981	 2.37	 1	 -41.7596	  174.1768
7.981	 3.17	 3	 -42.3990	  173.8057
7.982	 2.90	 1	 -41.6996	  174.2747
7.982	 2.02	 1	 -42.2432	  173.5584
7.982	 2.36	 3	 -41.7421	  174.2150
7.982	 2.59	 1	 -41.7290	  174.3290
7.982	 2.34	 2	 -42.6244	  172.9822
7.984	 2.86	 1	 -42.3448	  173.8174
7.984	 2.06	 3	 -41.7313	  174.1898
7.985	 2.30	 1	 -41.9480	  174.1095
7.985	 2.75	 1	 -42.4595	  173.9542
7.987	 2.20	 1	 -42.3848	  173.3185
7.988	 2.01	 4	 -42.7090	  173.0598
7.988	 2.19	 1	 -42.6535	  172.8009
7.988	 2.05	 1	 -41.7448	  174.1169
7.991	 2.10	 1	 -41.7736	  174.4233
7.991	 3.11	 2	 -42.1076	  173.7690
7.992	 2.12	 2	 -41.7977	  173.8469
7.992	 2.03	 1	 -42.4461	  173.2329
7.994	 2.30	 1	 -41.6968	  173.4562
7.995	 2.51	 2	 -42.3007	  173.7417
7.996	 2.28	 2	 -42.4545	  174.1733
7.997	 2.24	 1	 -42.5113	  173.2272
7.997	 2.52	 1	 -41.6603	  174.2140
7.997	 2.02	 1	 -42.1299	  173.8301
7.998	 2.83	 1	 -42.2698	  173.7021
7.998	 2.35	 2	 -42.2652	  173.2193
7.999	 2.38	 1	 -41.9864	  173.8869
8.000	 2.15	 4	 -41.7687	  171.5270
8.001	 3.15	 1	 -42.4564	  173.0475
8.002	 2.60	 2	 -42.5518	  173.4209
8.004	 2.80	 1	 -42.0760	  173.8260
8.004	 2.34	 1	 -41.7058	  174.1615
8.004	 2.30	 1	 -42.1651	  173.6424
8.005	 2.36	 1	 -41.7374	  174.2369
8.007	 3.40	 3	 -41.5323	  174.3909
8.007	 3.42	 2	 -41.8031	  174.3309
8.008	 2.17	 2	 -42.2240	  173.7174
8.008	 2.05	 1	 -42.4053	  173.4901
8.012	 2.86	 1	 -43.8614	  174.1268
8.013	 2.25	 1	 -41.7535	  174.2967
8.014	 2.02	 1	 -42.2455	  173.6113
8.014	 2.58	 2	 -42.2779	  173.6153
8.015	 2.10	 1	 -41.5640	  172.9679
8.016	 2.17	 1	 -41.7139	  174.2548
8.017	 2.11	 2	 -41.7134	  174.2607
8.017	 2.21	 1	 -42.7506	  173.2568
8.017	 2.62	 1	 -41.9071	  174.1720
8.017	 2.47	 3	 -41.7431	  174.7141
8.019	 2.66	 2	 -42.3369	  173.8345
8.019	 2.56	 1	 -41.6633	  174.0587
8.021	 2.16	 4	 -41.6173	  174.7027
8.022	 2.04	 2	 -41.9211	  173.8551
8.022	 2.57	 1	 -42.5410	  173.0982
8.025	 2.09	 1	 -41.8030	  174.2138
8.025	 2.07	 2	 -41.9755	  173.7257
8.026	 2.24	 1	 -41.7360	  174.1948
8.026	 2.35	 1	 -41.8188	  174.1763
8.026	 2.38	 2	 -42.4462	  173.7712
8.027	 2.61	 2	 -41.8029	  174.0713
8.029	 2.26	 1	 -42.3726	  173.3285
8.030	 3.14	 2	 -43.1303	  172.0271
8.030	 2.57	 1	 -42.3807	  173.6198
8.031	 2.88	 1	 -41.9126	  173.9808
8.032	 2.03	 1	 -42.0293	  173.8477
8.032	 2.08	 1	 -41.8503	  174.3830
8.033	 3.24	 1	 -41.7073	  174.0310
8.035	 2.38	 3	 -42.3961	  173.7994
8.035	 2.51	 1	 -42.6137	  171.7963
8.037	 2.09	 2	 -42.3383	  172.7870
8.038	 2.15	 1	 -42.2925	  173.6456
8.040	 2.89	 2	 -40.4854	  174.1585
8.041	 2.04	 1	 -42.3187	  173.6740
8.041	 2.07	 1	 -41.7236	  174.2026
8.041	 2.62	 1	 -42.2134	  173.7286
8.042	 2.01	 1	 -42.1152	  174.0721
8.043	 2.09	 1	 -41.6504	  174.2398
8.043	 2.01	 2	 -42.3817	  174.1234
8.043	 2.73	 1	 -41.8835	  173.7054
8.045	 2.83	 1	 -41.5560	  173.6770
8.045	 2.32	 1	 -41.9370	  174.1276
8.045	 3.49	 2	 -42.1333	  173.4353
8.047	 2.22	 1	 -41.7492	  174.3665
8.047	 2.30	 3	 -42.5147	  173.0783
8.048	 2.19	 1	 -42.5185	  172.7574
8.048	 2.03	 1	 -42.0204	  174.1507
8.048	 2.85	 1	 -41.7148	  174.2662
8.049	 2.75	 1	 -41.9563	  173.9266
8.051	 2.16	 1	 -42.6709	  172.7554
8.051	 2.72	 2	 -42.4101	  174.1446
8.051	 2.04	 1	 -42.1911	  174.0991
8.055	 2.24	 1	 -41.8228	  174.2208
8.056	 2.19	 2	 -42.6429	  172.3700
8.057	 2.26	 1	 -42.0735	  173.7708
8.058	 2.14	 1	 -42.5124	  173.1151
8.058	 2.13	 1	 -42.1693	  173.5972
8.060	 2.01	 1	 -42.3126	  173.7056
8.064	 2.43	 4	 -42.7325	  173.2095
8.065	 2.49	 1	 -42.3703	  173.8092
8.066	 2.00	 1	 -42.5990	  172.7429
8.067	 2.50	 1	 -42.3114	  173.8565
8.067	 2.11	 1	 -41.7533	  174.1411
8.067	 2.05	 2	 -42.4089	  172.7464
8.067	 2.07	 1	 -42.6616	  173.0764
8.069	 3.24	 1	 -42.0123	  173.2211
8.069	 2.41	 2	 -42.8297	  173.6642
8.070	 2.19	 2	 -42.0126	  173.5906
8.073	 2.94	 1	 -42.7129	  173.7178
8.073	 2.25	 2	 -41.7509	  174.3984
8.074	 2.94	 1	 -41.7224	  174.3941
8.077	 2.93	 2	 -42.2257	  173.5689
8.077	 2.19	 2	 -42.5336	  173.5151
8.078	 2.49	 1	 -41.5138	  174.4523
8.078	 2.27	 1	 -42.2622	  173.7153
8.079	 2.08	 1	 -41.8693	  174.0800
8.079	 2.00	 1	 -41.0611	  180.1486
8.080	 2.66	 1	 -41.8728	  174.1459
8.080	 2.55	 3	 -41.6555	  174.6558
8.081	 3.38	 1	 -42.2589	  173.6784
8.083	 2.89	 2	 -42.1323	  173.8961
8.085	 3.24	 2	 -42.2692	  173.6012
8.086	 2.24	 1	 -42.4965	  174.0927
8.086	 3.63	 1	 -42.2180	  173.8150
8.086	 3.17	 1	 -42.2976	  173.8622
8.088	 2.01	 1	 -41.7913	  174.2917
8.089	 2.35	 2	 -41.7310	  174.2816
8.091	 2.09	 3	 -42.3753	  173.7085
8.092	 2.02	 1	 -41.8588	  173.9689
8.093	 2.12	 2	 -42.3918	  173.6259
8.095	 2.01	 1	 -42.7117	  172.8195
8.096	 2.12	 4	 -42.5581	  172.8231
8.097	 2.06	 1	 -41.9920	  173.4985
8.100	 2.81	 1	 -41.8556	  174.2392
8.100	 2.09	 1	 -42.6808	  173.1660
8.101	 2.15	 1	 -42.5631	  173.3643
8.101	 3.82	 2	 -42.6903	  172.8092
8.101	 2.12	 3	 -41.8318	  173.0576
8.101	 2.31	 1	 -42.9678	  173.4901
8.102	 2.48	 3	 -42.3879	  173.8245
8.103	 2.39	 2	 -41.6425	  174.2791
8.104	 2.12	 1	 -42.1417	  173.8449
8.104	 2.21	 1	 -42.4251	  173.0270
8.105	 2.23	 3	 -41.6184	  174.6003
8.105	 3.50	 3	 -41.5638	  174.5776
8.106	 2.48	 1	 -42.4352	  173.8002
8.106	 2.08	 1	 -42.0829	  173.6345
8.107	 2.04	 2	 -41.7177	  174.3978
8.108	 2.33	 1	 -42.4461	  172.9008
8.109	 2.59	 1	 -41.7244	  174.2715
8.109	 2.24	 2	 -42.5983	  173.2460
8.110	 2.20	 1	 -42.4198	  173.7668
8.111	 2.70	 1	 -41.7143	  174.2685
8.112	 2.80	 1	 -41.6234	  174.2415
8.112	 2.08	 1	 -42.1539	  173.6055
8.113	 2.06	 1	 -42.2708	  174.2016
8.115	 2.14	 1	 -42.7024	  173.0088
8.117	 2.39	 4	 -42.2092	  173.5670
8.118	 2.41	 1	 -42.5835	  172.9421
8.119	 2.64	 1	 -38.5609	  170.1929
8.120	 2.80	 1	 -41.8667	  173.9746
8.120	 2.15	 2	 -42.4856	  173.8324
8.123	 2.11	 1	 -41.8931	  174.0177
8.124	 2.05	 1	 -41.7489	  174.3592
8.125	 2.60	 1	 -41.7058	  174.2383
8.126	 2.59	 1	 -41.2377	  174.7379
8.127	 2.05	 2	 -39.0943	  176.7370
8.128	 2.18	 1	 -39.0445	  177.0938
8.128	 2.24	 1	 -42.0697	  173.6952
8.128	 2.24	 1	 -42.3423	  173.6789
8.129	 4.22	 2	 -42.4114	  173.5989
8.131	 2.07	 1	 -41.6422	  174.5058
8.131	 3.42	 1	 -42.4112	  173.1063
8.131	 2.84	 1	 -42.6453	  172.8629
8.131	 3.22	 2	 -42.1119	  173.7207
8.132	 2.21	 1	 -42.2323	  172.8081
8.133	 2.81	 1	 -41.7036	  174.3017
8.134	 2.89	 1	 -41.6837	  174.3070
8.135	 2.04	 1	 -41.7963	  174.2500
8.139	 2.33	 2	 -38.3281	  170.8828
8.140	 2.60	 2	 -42.3822	  174.1392
8.140	 2.12	 2	 -41.7629	  174.1793
8.140	 2.33	 2	 -41.7469	  174.2328
8.140	 2.17	 1	 -41.7706	  174.2677
8.141	 2.49	 1	 -42.2037	  173.3256
8.142	 2.11	 1	 -42.2880	  173.7284
8.143	 2.27	 2	 -41.8218	  174.2518
8.144	 2.21	 2	 -41.7235	  173.0099
8.144	 2.31	 1	 -41.7291	  174.1815
8.145	 2.07	 1	 -42.3615	  173.9607
8.145	 2.62	 1	 -42.0899	  173.9492
8.146	 2.51	 1	 -41.9900	  173.6138
8.146	 2.03	 2	 -42.1376	  173.6581
8.147	 2.03	 1	 -41.7040	  174.2907
8.148	 2.39	 2	 -41.9655	  173.7203
8.149	 2.01	 1	 -42.2425	  173.6526
8.149	 2.14	 1	 -42.4490	  173.9445
8.150	 2.68	 1	 -42.3353	  173.9435
8.151	 2.11	 1	 -42.0703	  173.6629
8.152	 2.05	 1	 -42.7928	  173.4217
8.153	 2.03	 1	 -42.5182	  174.6571
8.154	 2.24	 1	 -41.9648	  173.6712
8.155	 2.07	 1	 -43.3681	  174.1550
8.155	 2.02	 3	 -42.4137	  173.7583
8.155	 3.12	 1	 -41.1663	  172.9389
8.157	 2.19	 2	 -42.7502	  173.6563
8.157	 2.37	 1	 -42.4217	  173.7802
8.157	 2.18	 2	 -42.2470	  173.5971
8.157	 2.02	 2	 -42.1493	  173.7646
8.158	 2.80	 2	 -42.1774	  173.6402
8.159	 2.03	 1	 -42.4515	  173.4466
8.160	 2.11	 1	 -42.3243	  173.7682
8.161	 2.11	 2	 -42.0264	  173.3843
8.162	 2.51	 4	 -41.5545	  174.5596
8.162	 2.06	 2	 -41.9483	  172.9895
8.164	 2.12	 1	 -41.9337	  174.2918
8.164	 3.20	 1	 -42.2421	  173.3724
8.165	 2.45	 1	 -41.6828	  174.3000
8.167	 2.16	 1	 -42.1679	  174.0439
8.167	 2.22	 1	 -42.1279	  173.2924
8.167	 2.00	 1	 -42.3873	  173.1936
8.167	 2.48	 1	 -41.6858	  174.3023
8.167	 2.47	 1	 -42.5994	  173.0234
8.168	 2.20	 1	 -42.2947	  173.4516
8.168	 3.25	 3	 -41.7560	  174.4452
8.168	 2.65	 1	 -42.3565	  173.9005
8.168	 3.24	 2	 -41.8348	  174.2855
8.170	 2.63	 2	 -42.2617	  173.6689
8.175	 2.17	 2	 -38.2478	  170.8089
8.175	 3.76	 2	 -41.7637	  174.2857
8.176	 2.24	 1	 -41.8925	  173.9603
8.177	 2.53	 1	 -42.0363	  173.7500
8.179	 2.17	 1	 -42.3312	  173.2944
8.179	 2.14	 1	 -42.5900	  173.0685
8.180	 2.06	 1	 -42.2584	  173.5016
8.181	 2.56	 1	 -42.3466	  173.7046
8.181	 2.05	 1	 -42.7860	  173.1619
8.182	 2.81	 3	 -41.6655	  173.7287
8.183	 2.07	 2	 -42.4124	  173.0366
8.183	 2.01	 1	 -41.7760	  174.3200
8.183	 2.52	 1	 -42.2819	  173.4117
8.183	 2.00	 3	 -41.4291	  175.0185
8.186	 2.28	 2	 -42.0150	  174.1790
8.186	 2.03	 1	 -42.0058	  173.7019
8.187	 2.14	 1	 -42.4862	  173.1865
8.188	 3.67	 5	 -41.5839	  175.0996
8.188	 2.17	 1	 -41.6293	  174.4115
8.190	 2.07	 2	 -42.7082	  173.1205
8.192	 2.15	 2	 -41.7385	  174.2629
8.192	 2.34	 1	 -42.6414	  173.1969
8.192	 2.00	 1	 -42.1573	  173.9142
8.193	 4.34	 1	 -42.5441	  173.1662
8.193	 2.11	 2	 -42.2676	  173.6658
8.194	 2.09	 1	 -42.3080	  173.8994
8.195	 2.31	 2	 -42.3748	  173.1194
8.196	 2.20	 1	 -42.3099	  173.6382
8.196	 2.09	 1	 -42.2624	  173.7023
8.196	 2.23	 1	 -41.6950	  174.2576
8.198	 3.18	 1	 -42.2541	  174.0857
8.199	 2.10	 1	 -41.6958	  174.3604
8.201	 2.86	 1	 -41.7375	  174.1838
8.201	 2.06	 1	 -41.7131	  174.2856
8.201	 2.13	 1	 -42.6327	  172.9422
8.201	 3.29	 2	 -42.6080	  173.5292
8.202	 2.60	 1	 -42.0177	  173.8614
8.203	 2.39	 1	 -42.2669	  173.7810
8.203	 2.42	 1	 -42.5798	  173.2484
8.204	 2.02	 1	 -41.7140	  174.3749
8.204	 2.32	 1	 -42.7334	  173.0435
8.208	 3.24	 3	 -41.7382	  174.7282
8.208	 2.31	 1	 -42.2579	  173.0520
8.211	 2.23	 2	 -42.6547	  172.9545
8.213	 2.05	 2	 -41.7089	  174.0342
8.214	 2.00	 1	 -42.7821	  172.8299
8.215	 2.30	 1	 -42.5553	  173.1858
8.216	 2.50	 2	 -42.4610	  173.7724
8.216	 2.59	 1	 -41.7855	  174.1943
8.218	 2.10	 2	 -42.8041	  172.8108
8.218	 2.08	 1	 -41.2817	  174.4592
8.219	 2.56	 1	 -42.6508	  172.9629
8.219	 2.29	 1	 -42.6291	  172.9628
8.223	 2.14	 3	 -42.7054	  172.2606
8.224	 2.07	 1	 -42.5421	  173.0599
8.225	 2.04	 2	 -41.5967	  173.7181
8.226	 2.94	 1	 -42.4618	  173.4323
8.227	 2.56	 2	 -41.8266	  174.2351
8.227	 2.74	 2	 -42.5721	  173.3854
8.228	 2.04	 1	 -42.1304	  173.8246
8.230	 2.82	 1	 -42.6458	  173.0403
8.231	 2.02	 1	 -42.8134	  173.4015
8.231	 3.41	 1	 -41.8493	  174.2302
8.235	 2.27	 2	 -41.8733	  174.4236
8.236	 2.14	 4	 -41.8464	  174.8025
8.236	 2.32	 2	 -42.3164	  173.2549
8.237	 2.33	 1	 -41.9443	  173.7577
8.237	 2.16	 1	 -41.7552	  174.3366
8.238	 2.42	 2	 -42.3319	  173.6978
8.239	 2.45	 1	 -41.7220	  174.2704
8.239	 2.08	 2	 -41.9620	  173.7906
8.239	 2.16	 1	 -42.2014	  174.3499
8.240	 2.31	 2	 -41.8281	  174.1626
8.240	 2.03	 1	 -42.4077	  172.5729
8.240	 2.07	 2	 -41.7060	  174.4603
8.242	 2.09	 2	 -42.5775	  173.0748
8.244	 2.43	 3	 -42.4328	  173.8040
8.245	 3.28	 1	 -42.4495	  172.9974
8.246	 2.59	 1	 -42.3772	  174.0911
8.246	 2.57	 1	 -42.3465	  173.9952
8.247	 2.55	 1	 -42.3535	  173.5679
8.247	 2.14	 2	 -42.2741	  173.6446
8.247	 2.04	 1	 -41.9319	  173.7197
8.248	 2.05	 1	 -42.3640	  173.6983
8.248	 2.00	 3	 -42.1568	  173.7250
8.248	 2.03	 4	 -41.6339	  174.6665
8.250	 2.88	 2	 -42.4494	  173.4272
8.251	 2.37	 1	 -42.2437	  173.4196
8.252	 2.62	 1	 -41.7001	  174.1524
8.252	 2.07	 1	 -42.6067	  173.0058
8.255	 2.40	 1	 -42.4151	  173.7447
8.256	 3.98	 1	 -42.2806	  173.9094
8.256	 2.26	 1	 -41.6783	  174.3423
8.256	 2.01	 1	 -41.7157	  174.2802
8.256	 2.66	 1	 -42.0739	  173.4825
8.256	 2.12	 1	 -42.4633	  173.3550
8.258	 2.14	 3	 -42.4117	  173.0356
8.262	 2.21	 1	 -42.3922	  173.5299
8.264	 3.73	 1	 -41.7733	  174.1302
8.266	 2.06	 1	 -42.2954	  173.9433
8.267	 2.27	 1	 -42.1457	  173.6595
8.268	 2.34	 1	 -41.7235	  174.4520
8.269	 2.05	 1	 -41.9013	  173.9054
8.269	 2.41	 1	 -42.3159	  173.6307
8.269	 3.07	 1	 -42.6513	  172.8496
8.273	 3.30	 1	 -42.4356	  174.0778
8.273	 2.62	 2	 -41.7675	  174.4155
8.273	 2.68	 1	 -41.6897	  174.3205
8.275	 2.06	 3	 -40.9468	  174.1299
8.276	 2.00	 1	 -42.1281	  173.4524
8.276	 2.15	 1	 -42.4953	  173.8306
8.276	 2.52	 2	 -42.4993	  173.8130
8.277	 2.20	 1	 -42.7336	  172.4400
8.278	 2.07	 2	 -42.7731	  173.2794
8.279	 2.84	 1	 -42.4053	  173.7978
8.279	 2.75	 1	 -42.1475	  173.9529
8.279	 2.37	 1	 -42.0236	  173.7613
8.280	 2.10	 1	 -42.1909	  174.0535
8.281	 2.32	 1	 -42.7616	  173.6643
8.281	 2.01	 1	 -42.0136	  173.7205
8.284	 2.05	 1	 -41.7806	  174.2488
8.285	 2.51	 1	 -41.7400	  174.4046
8.285	 2.87	 1	 -42.1966	  173.6357
8.287	 2.31	 3	 -41.6561	  174.6669
8.287	 2.13	 1	 -42.4200	  173.3546
8.287	 2.42	 1	 -42.3542	  173.4375
8.289	 3.19	 1	 -42.7365	  172.8781
8.290	 2.55	 1	 -41.7095	  174.1667
8.290	 2.47	 2	 -39.7768	  172.9445
8.292	 2.72	 1	 -42.4029	  173.7922
8.293	 2.53	 1	 -42.6217	  173.2299
8.294	 2.11	 1	 -42.5132	  173.6015
8.294	 2.39	 2	 -42.8539	  172.8846
8.295	 2.53	 2	 -41.8096	  174.2369
8.296	 2.75	 1	 -41.6889	  174.1518
8.297	 2.45	 2	 -42.4389	  173.4306
8.299	 2.35	 1	 -42.3121	  173.1863
8.301	 2.02	 1	 -42.5626	  173.9023
8.301	 2.32	 1	 -42.4846	  173.0657
8.302	 2.86	 1	 -42.2531	  173.7811
8.304	 2.11	 3	 -42.6339	  173.9843
8.304	 2.17	 1	 -42.4706	  173.2196
8.305	 2.01	 1	 -42.6182	  173.1115
8.307	 2.28	 1	 -41.6285	  173.7785
8.307	 2.26	 1	 -42.3384	  173.7683
8.309	 2.44	 2	 -42.3272	  174.3401
8.311	 2.25	 2	 -42.2701	  172.8657
8.315	 2.32	 2	 -41.7758	  174.1557
8.315	 3.26	 4	 -41.6507	  174.6512
8.317	 2.10	 1	 -42.2845	  173.7660
8.317	 2.03	 1	 -42.6628	  173.4144
8.320	 2.14	 1	 -42.2937	  173.9079
8.322	 2.11	 1	 -41.7428	  174.1919
8.323	 2.41	 1	 -41.8020	  173.7003
8.324	 2.11	 2	 -42.4279	  174.0243
8.326	 2.44	 1	 -42.4894	  173.5022
8.328	 2.35	 1	 -41.9224	  173.6530
8.329	 2.04	 2	 -42.0907	  173.6326
8.331	 3.36	 1	 -42.1166	  172.9108
8.331	 2.23	 1	 -41.7808	  174.1884
8.333	 3.94	 1	 -41.4305	  172.7888
8.333	 2.18	 1	 -42.1245	  172.8413
8.337	 2.24	 1	 -41.6167	  174.3022
8.337	 2.45	 2	 -42.3247	  173.7667
8.337	 2.04	 1	 -42.5889	  173.6882
8.339	 3.51	 1	 -41.8056	  174.2184
8.340	 2.37	 2	 -42.3275	  173.3446
8.341	 2.55	 2	 -41.7100	  174.2555
8.341	 2.07	 1	 -42.5448	  173.2044
8.341	 3.51	 1	 -41.7016	  174.2656
8.342	 2.04	 1	 -42.5618	  172.8179
8.343	 2.11	 1	 -42.3738	  174.0230
8.343	 2.35	 2	 -42.0439	  173.6713
8.344	 2.20	 1	 -42.6299	  173.0795
8.345	 2.02	 3	 -41.8878	  173.8064
8.345	 3.25	 1	 -42.6997	  173.1849
8.346	 2.52	 2	 -42.0678	  174.2314
8.346	 2.33	 1	 -42.2283	  173.8526
8.349	 2.38	 2	 -42.5133	  173.0952
8.351	 2.24	 1	 -41.4449	  175.4232
8.351	 2.06	 1	 -42.3968	  174.0653
8.352	 3.18	 1	 -42.4433	  173.7619
8.354	 2.11	 1	 -41.7946	  174.1954
8.354	 2.96	 3	 -41.0052	  173.9059
8.354	 3.33	 1	 -42.5674	  173.0777
8.357	 2.04	 2	 -41.7762	  174.2662
8.357	 3.80	 1	 -42.9559	  173.7965
8.358	 2.57	 1	 -42.5163	  172.6414
8.359	 2.16	 2	 -41.7462	  173.0392
8.361	 2.81	 2	 -42.5335	  173.1800
8.361	 2.15	 2	 -42.4939	  173.1708
8.361	 2.11	 2	 -42.4333	  173.9285
8.361	 2.28	 2	 -42.4521	  172.8782
8.363	 2.78	 1	 -41.7743	  174.0668
8.364	 2.06	 3	 -41.7445	  174.3160
8.365	 2.46	 3	 -41.9317	  173.7871
8.367	 2.43	 1	 -41.7411	  174.1857
8.367	 2.14	 2	 -42.6427	  173.4278
8.368	 3.81	 2	 -42.1440	  173.7829
8.368	 2.90	 2	 -42.9614	  172.0261
8.372	 2.24	 1	 -42.2216	  173.6232
8.372	 2.80	 2	 -42.1075	  173.8672
8.373	 2.19	 1	 -42.5197	  176.1165
8.375	 2.36	 3	 -42.9630	  172.0258
8.376	 2.19	 1	 -42.4903	  174.8298
8.376	 2.29	 2	 -43.1687	  172.8820
8.376	 2.32	 1	 -41.8802	  174.4262
8.378	 2.72	 1	 -41.8256	  174.2020
8.379	 3.35	 1	 -41.9126	  173.9827
8.379	 2.28	 3	 -42.1083	  173.8694
8.379	 2.55	 1	 -41.8027	  174.2926
8.379	 2.07	 2	 -41.7809	  174.0586
8.380	 2.92	 1	 -41.7094	  174.2106
8.383	 2.54	 1	 -41.9741	  173.7339
8.386	 2.64	 1	 -42.1894	  173.5330
8.386	 3.05	 3	 -41.8298	  173.4166
8.387	 2.02	 1	 -42.5414	  173.8896
8.387	 2.56	 1	 -42.4709	  173.7877
8.388	 2.11	 2	 -41.6982	  173.1596
8.388	 2.30	 1	 -42.2717	  173.9392
8.390	 2.72	 2	 -41.9287	  173.8008
8.391	 2.16	 1	 -42.6828	  173.0351
8.391	 2.00	 2	 -41.7883	  174.3227
8.391	 2.13	 1	 -41.6625	  174.2520
8.393	 2.30	 1	 -41.6851	  174.2682
8.393	 2.04	 1	 -42.7887	  174.3942
8.393	 2.12	 1	 -42.5371	  173.0540
8.397	 3.28	 1	 -42.3649	  173.6190
8.400	 2.23	 1	 -41.4077	  171.4770
8.402	 2.02	 1	 -42.2575	  173.9107
8.402	 2.55	 1	 -42.5360	  172.8829
8.403	 2.48	 2	 -42.3922	  173.0538
8.405	 2.84	 1	 -42.2667	  173.7490
8.405	 3.01	 1	 -42.2712	  173.5345
8.408	 2.01	 2	 -42.5439	  173.1726
8.408	 2.18	 1	 -42.1805	  173.5002
8.409	 2.10	 1	 -41.6285	  173.0074
8.411	 3.03	 1	 -42.3267	  173.6942
8.412	 2.52	 1	 -41.6813	  174.2545
8.413	 2.18	 1	 -42.6090	  172.9305
8.415	 3.09	 2	 -42.5109	  173.3039
8.415	 2.14	 1	 -41.8618	  174.0534
8.416	 2.02	 1	 -42.0806	  173.9347
8.417	 2.44	 1	 -42.3685	  172.7523
8.420	 2.26	 1	 -43.2952	  173.1095
8.421	 2.43	 1	 -41.9521	  174.0429
8.421	 2.83	 2	 -42.3375	  173.7383
8.423	 2.21	 1	 -42.2748	  173.9024
8.424	 2.70	 1	 -42.1553	  173.4648
8.425	 2.38	 1	 -41.7386	  174.3588
8.427	 2.68	 1	 -42.0195	  173.6434
8.427	 2.26	 1	 -42.5257	  173.3170
8.427	 2.08	 2	 -42.1592	  173.5706
8.427	 2.39	 1	 -42.2985	  173.7332
8.428	 2.22	 1	 -42.4535	  173.1508
8.429	 2.45	 1	 -42.5846	  173.4504
8.429	 2.11	 1	 -41.7619	  174.2594
8.430	 2.26	 1	 -41.6756	  174.3321
8.431	 3.20	 3	 -42.6423	  172.9445
8.431	 2.01	 1	 -41.6687	  174.2692
8.432	 3.21	 3	 -41.4686	  175.0567
8.434	 2.18	 1	 -41.6779	  174.2442
8.434	 2.33	 1	 -42.5555	  173.8165
8.435	 2.36	 1	 -42.3426	  173.0370
8.436	 2.64	 1	 -42.5061	  172.8134
8.437	 2.24	 1	 -41.7266	  174.2333
8.438	 2.85	 2	 -42.1872	  173.8181
8.438	 2.59	 1	 -42.3993	  173.5155
8.439	 2.35	 1	 -42.1497	  173.5872
8.439	 2.27	 2	 -42.3762	  173.4411
8.440	 2.19	 2	 -42.2595	  173.8918
8.440	 2.57	 1	 -41.9960	  173.5437
8.440	 2.42	 1	 -42.2827	  173.8213
8.441	 2.53	 1	 -42.1544	  173.5722
8.442	 2.05	 2	 -42.9972	  173.5937
8.443	 2.88	 4	 -40.9609	  175.7176
8.444	 2.44	 3	 -41.9135	  173.7969
8.446	 2.44	 2	 -41.7408	  174.2380
8.447	 2.05	 1	 -41.7669	  174.2435
8.447	 3.05	 1	 -42.4595	  173.0363
8.448	 2.01	 1	 -42.3931	  173.5859
8.449	 2.41	 3	 -41.6925	  174.3812
8.450	 2.37	 1	 -42.0111	  173.6151
8.450	 2.31	 2	 -41.9344	  173.6948
8.451	 2.02	 3	 -41.7271	  174.2563
8.451	 2.21	 1	 -41.6761	  174.6668
8.454	 2.27	 3	 -42.5125	  173.9623
8.454	 2.08	 2	 -41.6209	  174.3529
8.454	 2.76	 1	 -42.2850	  173.7881
8.455	 2.71	 1	 -42.5440	  173.0069
8.455	 3.16	 1	 -42.6346	  172.8689
8.456	 2.32	 4	 -43.0593	  180.7050
8.458	 2.25	 2	 -42.3254	  173.6833
8.459	 2.06	 1	 -42.3552	  173.0805
8.461	 2.57	 1	 -42.3666	  173.7275
8.462	 3.00	 2	 -42.5321	  173.4472
8.466	 2.43	 1	 -41.9451	  173.6818
8.466	 2.01	 3	 -42.6259	  172.1947
8.467	 3.35	 4	 -41.6598	  174.4166
8.467	 3.27	 3	 -42.2060	  173.7587
8.467	 2.38	 1	 -42.6755	  172.8066
8.468	 2.07	 2	 -42.1183	  172.9080
8.468	 2.01	 2	 -42.2791	  174.2832
8.468	 2.27	 1	 -42.5267	  173.2843
8.470	 2.15	 1	 -41.8024	  174.2649
8.471	 2.78	 1	 -41.6369	  174.9675
8.472	 2.22	 1	 -41.6175	  174.2359
8.472	 2.54	 1	 -42.3906	  173.0692
8.473	 2.05	 3	 -42.4831	  174.0825
8.473	 2.37	 3	 -41.5906	  174.7802
8.474	 2.15	 2	 -42.2592	  173.6767
8.475	 2.38	 3	 -42.2571	  173.4279
8.476	 2.07	 1	 -41.7287	  174.2336
8.476	 2.71	 3	 -41.5809	  174.6014
8.476	 2.06	 2	 -41.6897	  174.2910
8.476	 2.58	 1	 -42.1891	  173.5777
8.477	 2.45	 3	 -41.6086	  174.5844
8.477	 2.48	 1	 -42.1776	  173.0880
8.478	 2.38	 1	 -43.0654	  173.1126
8.480	 2.58	 1	 -41.9548	  173.8526
8.480	 3.24	 1	 -42.5806	  173.4905
8.481	 2.70	 1	 -42.1708	  173.9783
8.482	 2.58	 1	 -42.5628	  173.0487
8.483	 2.69	 1	 -42.3856	  173.5775
8.484	 3.21	 3	 -41.8089	  173.4770
8.485	 3.02	 1	 -42.2302	  173.5537
8.486	 2.05	 1	 -42.4815	  173.8321
8.486	 2.19	 1	 -41.7637	  174.1295
8.488	 2.10	 1	 -41.7916	  174.4374
8.489	 2.20	 1	 -42.5246	  176.1879
8.491	 2.30	 3	 -41.6445	  174.7055
8.492	 2.38	 1	 -42.4511	  174.3263
8.492	 2.49	 2	 -42.0582	  173.8808
8.494	 2.44	 1	 -43.0617	  173.6129
8.494	 2.91	 1	 -42.6172	  173.0642
8.497	 2.96	 1	 -42.3032	  173.8689
8.498	 2.34	 1	 -42.1938	  173.6012
8.499	 2.25	 1	 -42.2976	  173.6676
8.501	 2.33	 1	 -41.7052	  174.2861
8.503	 2.55	 2	 -42.2099	  173.5947
8.504	 2.05	 1	 -42.0666	  173.8766
8.507	 2.18	 1	 -42.1546	  173.6366
8.507	 2.30	 3	 -41.6616	  174.6922
8.508	 2.20	 1	 -42.4088	  173.7546
8.508	 2.09	 2	 -42.5158	  173.1285
8.509	 2.56	 1	 -41.0888	  172.2429
8.509	 2.01	 1	 -42.5621	  173.3260
8.510	 2.07	 1	 -41.6829	  174.3015
8.511	 2.23	 1	 -42.3605	  173.8130
8.511	 2.03	 2	 -41.9314	  174.1979
8.512	 2.33	 1	 -42.6080	  173.2332
8.513	 2.31	 1	 -42.3437	  173.1465
8.515	 2.72	 2	 -42.6294	  172.8725
8.521	 2.38	 1	 -41.8158	  174.1697
8.522	 2.51	 1	 -41.9765	  173.6162
8.522	 2.25	 1	 -41.7383	  174.3397
8.522	 2.41	 1	 -42.4394	  173.6340
8.524	 2.87	 1	 -42.3717	  173.6223
8.524	 2.17	 1	 -41.7035	  174.2344
8.527	 2.11	 2	 -41.6746	  174.2375
8.527	 2.11	 2	 -42.4995	  173.7790
8.527	 2.22	 1	 -42.3060	  173.5560
8.527	 2.11	 1	 -41.7824	  174.3254
8.528	 2.02	 1	 -41.7511	  174.3065
8.529	 2.40	 1	 -42.3259	  173.6053
8.530	 3.59	 1	 -42.0476	  173.7004
8.530	 2.38	 1	 -42.4626	  173.7586
8.531	 2.37	 3	 -41.9393	  173.6952
8.531	 3.79	 1	 -41.1086	  170.7475
8.534	 2.63	 3	 -41.4247	  173.7507
8.535	 2.62	 2	 -41.7658	  174.3220
8.537	 2.10	 2	 -42.3082	  173.4729
8.537	 2.13	 1	 -42.7730	  170.8398
8.538	 2.63	 2	 -42.2589	  173.6378
8.539	 2.96	 1	 -41.7429	  174.2723
8.539	 2.12	 2	 -42.1294	  173.6298
8.541	 2.49	 2	 -41.6612	  174.4388
8.542	 2.47	 3	 -41.6411	  174.7555
8.543	 3.09	 1	 -41.6857	  174.2390
8.544	 2.41	 2	 -42.0129	  173.6371
8.544	 2.05	 2	 -42.3570	  173.8013
8.544	 2.42	 1	 -42.6676	  171.3378
8.544	 2.29	 2	 -41.7503	  174.3412
8.544	 2.24	 1	 -42.0270	  173.7224
8.547	 2.25	 1	 -42.1444	  173.6022
8.547	 2.40	 1	 -41.9336	  173.4685
8.549	 2.56	 4	 -41.4244	  173.8340
8.549	 2.32	 1	 -42.3588	  173.8530
8.550	 2.03	 1	 -42.2852	  173.6248
8.551	 2.16	 1	 -41.6664	  174.3263
8.552	 2.22	 1	 -41.7353	  174.1227
8.552	 2.53	 1	 -41.7506	  173.4225
8.552	 2.33	 2	 -41.0867	  172.1706
8.553	 3.01	 3	 -41.8591	  174.3337
8.557	 2.47	 1	 -41.8189	  174.2178
8.557	 2.53	 1	 -41.7278	  174.1180
8.557	 3.05	 1	 -42.9834	  173.0529
8.558	 2.15	 1	 -42.3493	  173.9284
8.562	 3.00	 1	 -42.1383	  173.6619
8.562	 2.87	 2	 -42.5296	  173.0637
8.563	 2.26	 2	 -42.3463	  173.9984
8.564	 2.50	 1	 -41.6822	  174.1618
8.566	 2.25	 2	 -42.6253	  172.8228
8.566	 3.36	 1	 -42.2630	  174.0331
8.567	 2.58	 1	 -42.3814	  173.8767
8.567	 2.98	 1	 -42.2931	  173.6912
8.567	 2.07	 2	 -41.6942	  174.2377
8.570	 2.63	 4	 -41.5233	  174.3874
8.570	 2.96	 2	 -42.2662	  173.9006
8.571	 2.27	 1	 -42.6850	  172.7767
8.572	 3.07	 2	 -42.4727	  173.7820
8.573	 2.46	 2	 -42.1950	  174.1325
8.573	 2.03	 3	 -42.6297	  172.8729
8.574	 2.19	 1	 -42.1547	  173.5456
8.574	 2.29	 2	 -42.9561	  173.7978
8.574	 2.07	 1	 -42.5728	  173.0389
8.575	 2.14	 1	 -41.4335	  174.2445
8.576	 2.21	 3	 -42.7504	  172.6317
8.579	 2.78	 2	 -43.1608	  172.6009
8.580	 2.07	 1	 -42.6111	  173.0963
8.580	 2.27	 1	 -43.0095	  171.8709
8.582	 2.61	 3	 -42.5105	  172.8320
8.583	 2.17	 3	 -42.1114	  173.7599
8.583	 2.32	 3	 -42.5281	  173.2004
8.584	 2.01	 1	 -42.3373	  173.6879
8.585	 2.02	 1	 -42.5452	  173.0900
8.585	 2.45	 1	 -41.7183	  174.2634
8.589	 2.12	 1	 -42.0945	  173.6786
8.590	 2.27	 2	 -42.3456	  173.4361
8.592	 2.20	 1	 -41.7572	  174.1727
8.593	 3.02	 1	 -42.1433	  173.6386
8.594	 2.34	 2	 -42.2874	  174.0754
8.595	 2.95	 1	 -41.8017	  174.3113
8.598	 2.12	 1	 -41.7532	  174.1513
8.598	 2.32	 2	 -42.4223	  173.7883
8.598	 2.22	 2	 -42.2557	  172.8215
8.600	 2.14	 3	 -42.4717	  173.7824
8.601	 2.01	 2	 -42.1619	  173.6320
8.601	 2.31	 1	 -41.8555	  174.2447
8.603	 2.62	 3	 -42.3183	  173.8409
8.603	 2.25	 1	 -42.5317	  173.3164
8.604	 2.19	 1	 -42.2976	  173.7108
8.604	 2.04	 1	 -42.2996	  173.8578
8.604	 2.33	 1	 -41.6687	  173.9593
8.604	 3.29	 2	 -42.3186	  173.3456
8.606	 2.38	 1	 -41.9165	  174.4327
8.607	 2.02	 1	 -41.8425	  174.1996
8.607	 2.32	 1	 -42.2865	  173.6559
8.609	 2.64	 1	 -41.8881	  173.9549
8.610	 2.06	 1	 -42.4539	  173.1707
8.610	 2.30	 1	 -43.0994	  172.9999
8.610	 2.75	 1	 -41.0117	  174.0406
8.612	 2.15	 1	 -42.2030	  173.5493
8.612	 2.00	 1	 -42.2860	  173.4946
8.613	 2.73	 1	 -42.0653	  173.8028
8.614	 2.22	 2	 -42.5594	  173.3780
8.615	 2.59	 2	 -41.7004	  174.2617
8.615	 2.10	 2	 -42.4544	  173.6930
8.615	 2.35	 1	 -41.7542	  174.2911
8.616	 3.44	 1	 -42.2476	  173.8125
8.618	 2.81	 1	 -41.7317	  174.2158
8.618	 2.01	 1	 -42.5421	  173.1601
8.618	 2.01	 1	 -41.8830	  174.0398
8.619	 2.10	 1	 -42.4251	  174.1941
8.621	 2.28	 2	 -42.4056	  173.5378
8.622	 2.03	 1	 -41.9649	  174.0617
8.623	 2.06	 1	 -42.6692	  172.8500
8.623	 4.48	 1	 -42.0354	  174.0247
8.624	 2.26	 1	 -41.7147	  174.2654
8.626	 2.42	 2	 -42.3157	  173.6105
8.626	 2.10	 1	 -43.3794	  173.5500
8.626	 3.36	 1	 -42.2313	  173.8071
8.627	 2.14	 3	 -41.6686	  174.6269
8.627	 2.26	 1	 -42.2163	  173.8949
8.627	 2.91	 2	 -41.6929	  174.1348
8.630	 2.03	 2	 -41.7656	  174.2610
8.630	 5.00	 2	 -41.6481	  174.1998
8.635	 2.70	 3	 -42.4215	  173.7871
8.635	 2.22	 1	 -41.7382	  174.3285
8.636	 2.07	 3	 -41.6558	  174.1902
8.636	 2.25	 1	 -42.3783	  173.9127
8.636	 4.14	 1	 -42.0089	  173.6835
8.636	 2.29	 2	 -42.5507	  173.4194
8.636	 3.48	 2	 -42.5244	  173.3755
8.638	 2.04	 2	 -41.6881	  173.1178
8.639	 2.49	 1	 -42.1510	  173.8124
8.640	 2.13	 1	 -41.7496	  174.2658
8.641	 2.35	 1	 -41.6865	  174.1764
8.643	 3.02	 3	 -41.9646	  173.7923
8.643	 2.09	 1	 -43.1025	  172.5926
8.645	 2.04	 1	 -41.8187	  174.3019
8.647	 2.72	 2	 -42.1345	  173.8138
8.647	 2.04	 1	 -42.1800	  173.6586
8.648	 2.68	 1	 -42.5026	  173.1355
8.648	 2.55	 3	 -42.2778	  173.6120
8.652	 2.30	 4	 -41.7685	  174.4420
8.652	 2.81	 1	 -42.1086	  174.0553
8.653	 2.27	 1	 -42.1533	  173.1424
8.653	 3.13	 2	 -42.4989	  173.8083
8.653	 2.20	 2	 -42.5120	  173.3421
8.654	 2.17	 1	 -41.7272	  174.2935
8.655	 2.22	 1	 -42.3409	  174.0102
8.657	 2.81	 1	 -42.0356	  173.7960
8.659	 2.62	 1	 -42.7899	  174.7784
8.659	 2.99	 1	 -42.5324	  173.8685
8.659	 2.88	 1	 -41.6643	  174.2868
8.660	 2.02	 2	 -42.2549	  173.6699
8.660	 2.03	 1	 -42.3812	  174.0209
8.661	 3.15	 1	 -41.8529	  171.3356
8.663	 2.94	 1	 -42.1635	  173.5844
8.663	 2.32	 1	 -42.3584	  173.9344
8.664	 2.38	 1	 -41.6782	  174.2341
8.665	 2.36	 3	 -42.2668	  173.8993
8.666	 2.06	 1	 -42.3951	  173.9344
8.666	 3.17	 1	 -42.3746	  173.9217
8.667	 2.42	 4	 -44.2097	  169.7788
8.667	 2.52	 1	 -41.7703	  174.0340
8.667	 2.28	 3	 -42.2117	  174.0349
8.667	 2.30	 1	 -41.6751	  173.5752
8.668	 2.05	 1	 -41.4463	  174.3781
8.669	 3.08	 1	 -41.9777	  173.6939
8.669	 2.40	 2	 -42.0803	  174.5999
8.670	 2.12	 1	 -42.2172	  173.7454
8.670	 2.09	 2	 -41.6673	  174.2274
8.672	 2.15	 1	 -41.7974	  174.4244
8.676	 2.50	 1	 -41.7715	  174.1758
8.679	 2.43	 1	 -42.3221	  173.4755
8.680	 2.14	 1	 -42.1482	  174.0315
8.681	 2.02	 1	 -41.7819	  174.1061
8.683	 2.08	 3	 -42.4086	  173.5988
8.683	 2.80	 3	 -41.6261	  174.6786
8.686	 2.05	 1	 -41.6059	  174.2984
8.689	 2.80	 1	 -42.6665	  173.3723
8.689	 3.82	 1	 -42.4928	  173.0297
8.690	 2.03	 1	 -41.6317	  174.2792
8.691	 3.56	 2	 -42.3693	  173.0495
8.692	 2.57	 1	 -42.4388	  174.0459
8.692	 5.00	 2	 -41.7008	  174.2169
8.693	 2.20	 3	 -41.6773	  174.1877
8.694	 2.16	 2	 -42.0505	  172.8433
8.696	 3.12	 1	 -42.5031	  173.1957
8.696	 2.64	 1	 -41.8176	  174.2768
8.697	 2.37	 1	 -43.8750	  171.0969
8.698	 2.29	 2	 -40.2016	  173.7546
8.699	 2.26	 2	 -42.2743	  173.6537
8.699	 2.52	 3	 -42.4156	  173.1330
8.700	 2.30	 1	 -41.6577	  174.2760
8.702	 2.59	 1	 -42.5170	  173.1521
8.702	 3.81	 1	 -42.2039	  173.9699
8.702	 6.13	 2	 -42.4810	  173.7836
8.703	 2.45	 2	 -42.3529	  174.0558
8.703	 2.78	 1	 -41.9576	  173.8636
8.704	 2.01	 3	 -41.7005	  174.2117
8.704	 2.75	 3	 -43.2818	  167.7840
8.705	 3.47	 1	 -42.1844	  173.6695
8.705	 2.27	 1	 -42.5997	  172.4133
8.705	 2.25	 1	 -42.2587	  173.8736
8.705	 2.49	 2	 -42.1066	  173.7924
8.705	 2.18	 2	 -41.8880	  173.0398
8.707	 2.05	 1	 -42.7773	  172.2094
8.707	 2.13	 1	 -41.9639	  173.6859
8.707	 2.83	 3	 -42.2355	  174.6830
8.708	 3.06	 1	 -42.4119	  173.3395
8.709	 3.28	 1	 -42.3788	  173.8917
8.709	 2.20	 1	 -42.6144	  173.2554
8.710	 2.03	 2	 -42.9686	  172.7263
8.713	 2.27	 3	 -42.4941	  173.9034
8.713	 3.03	 1	 -42.1159	  173.8301
8.713	 2.19	 1	 -42.5429	  173.1294
8.713	 2.98	 3	 -42.4972	  174.1159
8.715	 3.12	 3	 -42.6288	  173.7431
8.715	 2.79	 1	 -42.2184	  173.7953
8.715	 3.28	 2	 -39.6542	  175.0775
8.716	 2.16	 3	 -42.4665	  173.8805
8.716	 2.27	 1	 -42.4184	  173.7707
8.717	 2.42	 1	 -42.3627	  173.5184
8.719	 2.29	 1	 -42.5336	  173.2225
8.720	 2.74	 2	 -42.5345	  173.1789
8.720	 3.31	 2	 -41.9163	  173.6730
8.720	 3.08	 2	 -43.1897	  172.9747
8.720	 2.06	 3	 -41.7929	  174.7804
8.720	 2.20	 1	 -41.7985	  174.1785
8.721	 3.65	 2	 -41.7889	  173.3491
8.723	 2.02	 2	 -41.7215	  173.1361
8.724	 2.74	 1	 -41.6820	  174.2469
8.724	 2.13	 3	 -42.4886	  173.7947
8.726	 3.09	 3	 -42.4549	  173.8809
8.726	 3.37	 1	 -42.3793	  174.0205
8.727	 2.13	 1	 -42.0823	  172.8030
8.728	 3.42	 3	 -42.4674	  173.8588
8.728	 2.06	 3	 -41.9291	  173.0851
8.731	 2.07	 4	 -42.2535	  173.6453
8.732	 2.65	 3	 -42.6057	  173.2183
8.732	 2.48	 1	 -42.1894	  173.5864
8.732	 2.24	 2	 -42.4737	  173.6154
8.732	 2.68	 1	 -42.1763	  173.8576
8.735	 3.62	 3	 -42.6123	  173.8778
8.735	 2.13	 2	 -42.6131	  172.9794
8.736	 2.40	 1	 -41.7208	  174.2625
8.736	 2.31	 3	 -41.6361	  174.6841
8.737	 2.75	 3	 -42.2084	  173.8488
8.738	 2.08	 3	 -42.4451	  173.7480
8.738	 2.09	 1	 -42.1672	  173.0719
8.740	 2.65	 3	 -42.4826	  174.2415
8.740	 2.27	 3	 -42.5401	  173.7429
8.740	 2.49	 1	 -42.4543	  173.5527
8.741	 3.56	 1	 -42.5472	  173.8414
8.742	 2.51	 1	 -42.0095	  174.1945
8.742	 3.17	 1	 -42.0595	  175.3310
8.742	 2.96	 2	 -42.5329	  173.4099
8.744	 2.23	 1	 -42.7296	  173.1195
8.744	 3.70	 2	 -41.6580	  174.3200
8.744	 2.04	 3	 -42.5618	  173.8504
8.745	 2.16	 1	 -42.0868	  173.7049
8.745	 2.31	 3	 -42.4376	  173.8401
8.746	 2.03	 1	 -41.9275	  173.7067
8.747	 2.04	 4	 -42.5921	  173.4911
8.747	 2.34	 3	 -42.4939	  173.7217
8.747	 2.11	 2	 -42.2942	  173.9008
8.747	 3.16	 1	 -42.3106	  172.9900
8.748	 2.45	 3	 -42.4876	  173.6390
8.749	 2.13	 3	 -42.4435	  173.8025
8.751	 2.20	 2	 -41.7933	  174.2739
8.752	 2.36	 1	 -41.7364	  174.1157
8.752	 2.59	 1	 -42.5023	  173.9783
8.752	 2.07	 1	 -42.9502	  174.0514
8.752	 2.16	 1	 -45.5335	  168.6815
8.753	 2.15	 1	 -42.3712	  173.9982
8.753	 2.29	 3	 -43.0073	  172.7993
8.753	 2.18	 1	 -41.9229	  174.0967
8.753	 2.14	 1	 -42.4079	  173.7455
8.753	 2.48	 4	 -42.0266	  173.8262
8.753	 2.97	 3	 -42.3722	  173.9686
8.753	 2.30	 2	 -42.1897	  173.8849
8.754	 2.10	 1	 -42.5271	  172.9297
8.755	 2.97	 3	 -42.4389	  173.9210
8.756	 2.09	 1	 -42.3061	  173.3263
8.757	 2.13	 2	 -41.1079	  170.7440
8.757	 2.04	 1	 -41.8821	  174.2261
8.759	 2.02	 3	 -41.6929	  174.2054
8.759	 2.23	 4	 -42.5994	  173.2120
8.759	 3.38	 5	 -41.6264	  174.6957
8.759	 2.05	 2	 -42.4462	  173.7644
8.760	 2.26	 3	 -42.6243	  173.4707
8.760	 3.72	 1	 -42.9422	  173.5859
8.761	 2.08	 3	 -42.6701	  173.5098
8.762	 2.10	 1	 -42.5198	  173.1322
8.763	 2.28	 1	 -41.8918	  173.3663
8.764	 2.49	 2	 -42.5627	  172.9525
8.765	 2.58	 1	 -41.7781	  174.0558
8.766	 2.64	 1	 -41.5550	  174.2527
8.766	 2.42	 3	 -42.1680	  173.8354
8.767	 2.36	 2	 -42.2381	  173.7029
8.767	 2.00	 2	 -42.0583	  175.3277
8.767	 2.03	 1	 -41.5763	  174.3081
8.767	 2.05	 3	 -42.4133	  173.8147
8.768	 2.24	 3	 -42.4928	  173.9311
8.768	 2.09	 3	 -42.5079	  173.7565
8.768	 2.54	 4	 -42.6014	  173.8838
8.768	 2.07	 3	 -42.7547	  173.2601
8.768	 2.10	 3	 -42.4785	  174.0478
8.769	 2.35	 3	 -42.2895	  173.6770
8.770	 2.42	 3	 -42.7240	  173.4858
8.770	 2.47	 1	 -41.7507	  174.3874
8.770	 2.09	 3	 -42.3552	  173.5598
8.770	 2.43	 1	 -42.1132	  174.0895
8.770	 2.22	 3	 -42.5530	  173.8004
8.771	 2.19	 1	 -41.8053	  174.2625
8.771	 2.21	 2	 -42.5757	  174.0788
8.772	 2.17	 1	 -42.8853	  173.3075
8.772	 2.31	 1	 -42.4587	  176.5246
8.772	 2.11	 2	 -42.2723	  173.7185
8.773	 2.47	 1	 -41.5265	  173.6806
8.775	 2.02	 1	 -42.3340	  173.9145
8.775	 2.37	 2	 -41.9254	  173.9515
8.776	 2.16	 3	 -42.4213	  173.7806
8.776	 2.04	 3	 -42.4128	  173.6842
8.776	 2.87	 2	 -42.2383	  173.6903
8.777	 2.75	 1	 -42.5109	  173.1148
8.777	 2.05	 1	 -42.2432	  173.6601
8.777	 2.16	 1	 -42.1767	  173.6691
8.778	 2.11	 2	 -42.5561	  172.6288
8.778	 2.14	 2	 -42.2457	  173.9948
8.779	 2.37	 2	 -41.7316	  174.2702
8.779	 2.04	 1	 -42.2970	  173.1431
8.780	 2.06	 2	 -42.4117	  173.3374
8.780	 2.42	 3	 -42.6277	  174.2314
8.780	 2.34	 4	 -42.7224	  173.3185
8.780	 2.14	 1	 -42.3066	  173.9841
8.781	 2.70	 1	 -41.6825	  174.0999
8.781	 2.35	 2	 -42.5105	  173.6600
8.782	 2.58	 1	 -41.8318	  174.0909
8.782	 2.15	 1	 -42.5021	  171.7488
8.782	 2.20	 1	 -42.9746	  172.4854
8.783	 2.47	 3	 -42.4938	  173.9623
8.783	 2.19	 2	 -42.2712	  173.4812
8.783	 2.08	 3	 -42.2406	  173.8395
8.783	 2.89	 1	 -42.1854	  173.6462
8.783	 2.05	 3	 -42.9868	  171.7512
8.784	 3.22	 3	 -42.1042	  173.9603
8.784	 3.23	 1	 -41.6973	  174.2780
8.784	 2.03	 1	 -41.7280	  174.3530
8.785	 2.05	 3	 -42.5676	  173.9895
8.786	 2.16	 5	 -41.7114	  175.0083
8.787	 4.53	 3	 -41.7047	  174.1540
8.787	 2.10	 1	 -41.7834	  174.2940
8.789	 2.19	 3	 -42.4278	  173.7142
8.789	 3.28	 2	 -42.6150	  173.7084
8.789	 3.67	 3	 -42.5902	  173.9209
8.790	 3.64	 1	 -42.1313	  173.5972
8.792	 2.26	 1	 -41.6353	  174.0511
8.793	 2.34	 3	 -42.6111	  173.4475
8.794	 2.92	 1	 -42.5526	  173.4141
8.794	 2.15	 1	 -41.9261	  173.9100
8.795	 2.09	 2	 -42.6812	  173.6798
8.795	 2.08	 3	 -42.4063	  173.9024
8.795	 2.61	 3	 -46.9246	  172.8500
8.795	 2.39	 3	 -42.4241	  173.7675
8.795	 2.18	 1	 -41.9418	  174.0185
8.796	 2.01	 3	 -42.8785	  173.9168
8.796	 2.03	 1	 -41.7083	  174.4072
8.796	 2.54	 3	 -42.4867	  173.8650
8.796	 2.39	 3	 -42.2660	  173.6656
8.797	 2.19	 1	 -42.7818	  173.8735
8.798	 2.16	 3	 -41.6883	  174.1767
8.799	 2.31	 1	 -41.6741	  174.1483
8.800	 2.46	 2	 -41.7777	  173.6215
8.800	 2.16	 3	 -42.5470	  173.8182
8.800	 2.31	 1	 -41.3617	  173.8368
8.801	 2.28	 1	 -42.3811	  174.0115
8.802	 2.10	 2	 -42.7241	  173.5062
8.802	 2.50	 3	 -42.4578	  173.9923
8.802	 2.14	 3	 -41.6289	  174.2099
8.802	 2.31	 3	 -42.5284	  173.8487
8.802	 2.52	 1	 -42.2714	  174.0379
8.802	 2.90	 3	 -42.7810	  173.9595
8.803	 3.13	 3	 -42.5891	  174.0325
8.803	 2.20	 1	 -42.5214	  173.3350
8.803	 2.88	 3	 -42.2054	  173.8327
8.803	 2.71	 1	 -42.2471	  173.5358
8.804	 3.23	 3	 -42.5968	  173.7926
8.804	 2.09	 1	 -42.3687	  173.6170
8.804	 2.72	 2	 -41.7160	  174.2735
8.805	 2.97	 1	 -41.7639	  174.2703
8.806	 2.67	 1	 -42.3304	  173.6884
8.807	 2.15	 2	 -42.8448	  173.4017
8.809	 3.04	 3	 -42.5483	  173.8444
8.809	 2.20	 3	 -42.9321	  173.9980
8.810	 2.51	 1	 -43.4155	  171.7202
8.811	 3.17	 3	 -41.6771	  174.6665
8.811	 2.15	 1	 -41.7845	  174.9410
8.812	 2.72	 3	 -42.4545	  173.7909
8.813	 2.12	 3	 -42.2960	  173.8739
8.813	 2.16	 2	 -42.2636	  174.0365
8.815	 2.29	 2	 -42.3273	  173.6842
8.815	 2.67	 2	 -42.2752	  174.0432
8.817	 2.71	 3	 -42.0452	  174.2607
8.817	 2.20	 3	 -42.6543	  173.6187
8.818	 2.34	 4	 -42.5647	  173.8257
8.818	 2.03	 1	 -42.2564	  173.7477
8.821	 2.00	 2	 -41.4144	  172.8018
8.822	 2.08	 2	 -42.3024	  173.1595
8.823	 2.00	 3	 -42.7189	  172.6173
8.823	 2.08	 1	 -42.3058	  173.4249
8.823	 2.61	 3	 -42.4657	  173.8924
8.823	 2.07	 1	 -42.4059	  173.4673
8.823	 2.08	 2	 -41.7348	  174.1223
8.825	 2.32	 1	 -42.4739	  173.6610
8.825	 2.87	 3	 -42.4873	  173.7812
8.826	 2.74	 1	 -42.3229	  173.6011
8.827	 2.27	 3	 -41.6416	  174.1596
8.827	 2.86	 1	 -42.5476	  173.1055
8.827	 2.03	 2	 -42.3515	  173.0886
8.828	 3.09	 3	 -42.5225	  173.7772
8.828	 2.48	 1	 -42.5497	  174.0336
8.829	 2.24	 3	 -42.5442	  173.8048
8.829	 2.26	 1	 -41.8773	  173.9801
8.830	 2.70	 1	 -41.8129	  174.0677
8.831	 2.33	 2	 -41.8330	  173.9918
8.831	 3.38	 1	 -42.1450	  173.6800
8.832	 2.26	 1	 -41.7135	  173.5284
8.833	 2.26	 1	 -41.8839	  174.5207
8.834	 2.86	 2	 -41.7479	  174.3738
8.834	 2.15	 3	 -42.2077	  173.8844
8.834	 2.54	 1	 -42.8419	  172.6330
8.835	 2.06	 3	 -41.7039	  174.1553
8.835	 2.50	 1	 -42.4938	  173.0469
8.835	 2.41	 3	 -42.3503	  173.8081
8.836	 3.14	 1	 -42.3974	  173.4924
8.836	 2.21	 3	 -42.4704	  173.8483
8.836	 2.06	 1	 -42.0712	  173.4967
8.836	 2.60	 1	 -42.1197	  173.7191
8.838	 2.44	 1	 -41.7075	  174.2410
8.838	 2.76	 1	 -42.5038	  173.0486
8.838	 2.06	 4	 -41.6763	  174.7421
8.838	 2.64	 1	 -41.7797	  174.2304
8.839	 2.06	 3	 -41.5580	  174.1675
8.839	 2.40	 1	 -42.2965	  173.7419
8.839	 2.02	 1	 -42.5326	  173.0777
8.839	 2.14	 3	 -41.5999	  176.2690
8.840	 2.02	 1	 -42.4783	  173.1961
8.840	 2.31	 1	 -41.8601	  173.9933
8.840	 2.24	 1	 -42.7286	  172.6905
8.841	 2.45	 3	 -41.5616	  174.7623
8.843	 2.75	 1	 -42.5431	  173.1494
8.844	 2.34	 3	 -42.3328	  173.8602
8.844	 2.63	 1	 -41.6871	  174.2792
8.845	 2.31	 3	 -42.4269	  173.7416
8.846	 2.01	 3	 -41.6992	  174.7178
8.846	 2.57	 1	 -42.4740	  173.1493
8.846	 3.03	 2	 -42.3958	  173.4760
8.847	 2.13	 1	 -42.3920	  174.5989
8.847	 2.11	 2	 -41.8421	  174.3181
8.848	 2.01	 3	 -42.4689	  173.7632
8.848	 2.01	 1	 -42.0553	  173.3321
8.848	 2.69	 3	 -42.4753	  173.7376
8.849	 2.05	 3	 -42.5259	  173.8361
8.849	 3.00	 1	 -42.3819	  173.2158
8.849	 2.46	 3	 -42.5096	  173.7696
8.850	 2.11	 2	 -41.7244	  174.2031
8.851	 2.70	 2	 -42.2706	  173.6171
8.851	 2.37	 3	 -41.6516	  174.5904
8.852	 2.78	 2	 -41.8988	  174.4414
8.853	 2.55	 2	 -42.3346	  172.7662
8.853	 2.00	 1	 -41.7907	  174.2188
8.854	 4.14	 3	 -42.5000	  173.8361
8.854	 2.26	 2	 -42.6563	  172.8189
8.854	 2.04	 2	 -42.3260	  173.6152
8.854	 2.12	 1	 -42.5037	  173.3530
8.855	 2.06	 3	 -42.4983	  173.7081
8.855	 2.69	 1	 -42.1287	  170.4198
8.856	 2.62	 3	 -42.4582	  173.9203
8.857	 3.09	 1	 -42.5324	  173.0192
8.859	 2.15	 3	 -42.3915	  173.8046
8.859	 3.04	 1	 -42.3508	  173.0770
8.859	 2.16	 1	 -42.6024	  172.8365
8.861	 2.05	 2	 -42.6568	  172.8193
8.861	 2.40	 1	 -42.6157	  173.7005
8.861	 2.50	 1	 -42.4750	  173.0231
8.862	 2.70	 2	 -42.3330	  172.6999
8.862	 2.89	 1	 -42.4764	  173.1585
8.862	 2.67	 3	 -42.4978	  173.7440
8.864	 2.22	 1	 -42.1730	  174.8781
8.864	 2.31	 2	 -42.4363	  174.0777
8.864	 2.19	 3	 -42.5336	  173.7059
8.865	 2.02	 1	 -42.3288	  173.9032
8.867	 2.03	 3	 -42.4652	  173.8354
8.868	 2.02	 1	 -42.2901	  173.1005
8.869	 2.44	 1	 -42.5441	  173.7038
8.870	 2.18	 1	 -41.7803	  174.2838
8.871	 2.61	 1	 -41.7623	  174.0810
8.872	 2.55	 1	 -42.2644	  173.7386
8.872	 2.19	 1	 -42.2676	  173.7148
8.874	 2.73	 1	 -42.2720	  173.7838
8.875	 3.60	 1	 -42.6038	  172.8690
8.875	 2.21	 2	 -41.8706	  173.6271
8.876	 2.04	 1	 -42.1161	  173.8807
8.876	 2.57	 1	 -42.4831	  173.6241
8.876	 2.38	 1	 -41.7427	  174.2550
8.877	 2.52	 2	 -42.6310	  172.9650
8.877	 2.27	 3	 -42.4985	  173.7765
8.878	 2.54	 1	 -42.8367	  172.6427
8.878	 2.50	 3	 -42.4223	  173.7828
8.879	 2.26	 3	 -42.2013	  173.9132
8.880	 2.63	 3	 -41.8677	  173.6303
8.881	 2.08	 2	 -41.5579	  174.2510
8.882	 2.27	 4	 -42.5009	  173.8408
8.882	 2.55	 1	 -42.3828	  173.7964
8.883	 2.16	 3	 -41.7469	  174.0920
8.883	 2.19	 1	 -41.7750	  174.2401
8.884	 2.17	 3	 -42.6005	  173.8603
8.886	 2.38	 3	 -42.5878	  173.7824
8.888	 2.15	 1	 -42.6566	  173.3717
8.888	 2.18	 2	 -41.7545	  174.1340
8.889	 2.51	 2	 -42.5380	  173.0854
8.889	 2.13	 3	 -42.4354	  173.7116
8.890	 2.19	 2	 -42.1247	  174.2142
8.891	 3.02	 3	 -42.4172	  174.0857
8.891	 2.41	 3	 -42.6821	  172.7954
8.891	 2.42	 3	 -41.5957	  174.1884
8.891	 2.11	 1	 -41.7669	  174.1867
8.892	 3.00	 1	 -42.3425	  173.6444
8.893	 2.31	 2	 -42.5374	  173.3405
8.893	 2.21	 1	 -41.5596	  174.4098
8.893	 2.59	 4	 -42.4394	  173.6068
8.893	 2.11	 3	 -42.5641	  173.8268
8.893	 2.66	 2	 -42.1823	  174.2972
8.894	 2.03	 3	 -42.5654	  173.9516
8.896	 2.75	 4	 -42.4155	  173.4268
8.896	 2.39	 2	 -42.2846	  173.7826
8.898	 2.46	 1	 -42.1106	  173.2765
8.899	 2.66	 2	 -41.8366	  174.2230
8.899	 2.25	 1	 -41.7634	  174.4576
8.899	 2.15	 1	 -43.2492	  173.1867
8.902	 2.04	 1	 -42.7965	  171.3238
8.902	 2.60	 1	 -41.2807	  174.9422
8.905	 2.76	 2	 -42.5576	  173.2325
8.906	 2.62	 3	 -42.1731	  173.6685
8.906	 2.05	 1	 -42.2628	  173.8315
8.908	 2.18	 3	 -41.7704	  174.6794
8.908	 2.26	 1	 -41.9809	  173.7037
8.908	 2.02	 1	 -41.7051	  174.1584
8.910	 2.09	 2	 -41.6836	  174.3319
8.910	 2.11	 1	 -42.5945	  174.0578
8.910	 2.16	 2	 -42.2608	  173.1141
8.910	 3.11	 1	 -42.5361	  172.7711
8.911	 2.14	 1	 -42.0714	  173.6570
8.911	 2.00	 2	 -42.3721	  173.9640
8.912	 2.42	 2	 -42.6397	  173.4069
8.912	 2.01	 1	 -42.3750	  174.0050
8.914	 2.27	 1	 -41.9516	  172.9556
8.916	 2.12	 2	 -42.0655	  173.7956
8.916	 2.09	 3	 -42.3804	  173.8397
8.918	 3.54	 3	 -42.5219	  173.7306
8.918	 2.01	 1	 -41.7893	  173.9921
8.918	 2.94	 1	 -42.0956	  173.7103
8.920	 2.27	 3	 -42.5376	  173.7383
8.922	 2.43	 3	 -42.5550	  173.8449
8.922	 2.18	 2	 -42.4708	  173.6309
8.923	 2.44	 3	 -41.7027	  174.2003
8.923	 3.54	 3	 -42.4842	  173.8553
8.925	 2.28	 3	 -42.4834	  173.9005
8.925	 2.29	 4	 -42.4985	  173.8425
8.925	 3.17	 1	 -41.6692	  174.2227
8.926	 2.47	 1	 -42.5667	  173.2487
8.927	 2.20	 3	 -42.3086	  171.6344
8.928	 2.09	 1	 -42.2072	  173.6194
8.928	 2.41	 1	 -42.1408	  173.6294
8.928	 2.49	 3	 -42.5031	  173.7414
8.929	 2.45	 1	 -41.7405	  174.2232
8.930	 2.01	 1	 -42.3428	  173.0934
8.930	 2.45	 3	 -42.3964	  173.7834
8.931	 2.58	 3	 -42.4482	  174.0166
8.932	 2.32	 2	 -42.5583	  173.3777
8.933	 2.52	 1	 -42.3547	  174.0084
8.933	 3.02	 3	 -41.4874	  175.1224
8.936	 2.97	 1	 -42.2434	  173.6585
8.937	 2.44	 1	 -42.5827	  174.0387
8.937	 2.73	 3	 -42.6085	  173.8280
8.938	 2.44	 1	 -42.1833	  173.6261
8.938	 2.10	 3	 -42.5180	  173.7612
8.939	 2.36	 2	 -42.4681	  173.9982
8.939	 2.41	 1	 -42.2399	  173.6019
8.939	 2.57	 3	 -42.2936	  173.7381
8.940	 2.38	 1	 -41.7901	  174.2662
8.940	 2.24	 1	 -46.7415	  174.6319
8.941	 2.28	 3	 -41.6427	  174.2194
8.942	 2.01	 4	 -42.1581	  175.0011
8.943	 2.03	 1	 -41.8412	  174.0842
8.943	 2.21	 1	 -42.5015	  173.1124
8.943	 2.32	 1	 -42.3297	  173.8725
8.943	 2.20	 1	 -42.0461	  173.9498
8.944	 2.25	 2	 -42.0596	  175.3100
8.944	 2.58	 1	 -41.7169	  174.2117
8.946	 2.87	 3	 -42.3748	  173.8848
8.948	 2.12	 2	 -42.5451	  173.1688
8.948	 2.02	 1	 -41.9812	  174.1477
8.948	 2.46	 2	 -42.0749	  175.3185
8.948	 2.31	 1	 -42.1377	  173.9111
8.949	 2.13	 1	 -41.7129	  174.1978
8.950	 2.35	 2	 -46.2010	  174.8553
8.952	 2.59	 3	 -42.5519	  173.4134
8.953	 3.24	 3	 -42.5608	  174.1058
8.954	 3.26	 1	 -41.8860	  171.8856
8.955	 3.37	 3	 -42.5438	  173.5309
8.955	 2.15	 1	 -42.4527	  173.5642
8.956	 2.33	 3	 -42.1101	  173.9823
8.957	 2.26	 3	 -42.9664	  172.5481
8.957	 2.62	 1	 -41.7599	  174.1465
8.958	 2.35	 1	 -41.6316	  174.4407
8.958	 2.38	 1	 -42.2472	  173.5844
8.958	 2.11	 3	 -42.4630	  173.8104
8.960	 2.26	 1	 -42.4102	  173.5904
8.960	 2.22	 4	 -42.2908	  173.7320
8.960	 2.07	 3	 -42.4579	  174.0692
8.961	 2.42	 4	 -41.6598	  174.2269
8.961	 2.02	 1	 -45.9069	  169.9163
8.962	 2.12	 3	 -42.5131	  173.6743
8.963	 2.10	 1	 -42.2004	  173.6072
8.963	 2.12	 3	 -41.6950	  174.7789
8.963	 2.03	 3	 -42.3480	  174.4587
8.965	 3.14	 1	 -41.9511	  174.0255
8.965	 2.55	 2	 -42.5612	  173.2947
8.965	 2.14	 3	 -41.7109	  174.3362
8.966	 2.19	 2	 -42.4178	  173.4499
8.966	 2.37	 1	 -42.2661	  173.7437
8.968	 2.30	 1	 -42.2449	  173.6572
8.968	 2.57	 1	 -42.9581	  173.4604
8.969	 2.36	 2	 -42.2705	  173.5724
8.970	 2.22	 1	 -42.6257	  173.2269
8.971	 2.12	 2	 -42.5733	  173.0743
8.973	 2.04	 1	 -41.7926	  174.2092
8.974	 2.11	 3	 -42.4947	  173.7105
8.975	 2.40	 1	 -42.0132	  173.9436
8.976	 2.04	 3	 -42.3946	  174.2090
8.976	 2.04	 3	 -41.5822	  174.1420
8.976	 2.61	 3	 -42.5841	  174.2451
8.977	 2.45	 1	 -43.6414	  173.7935
8.977	 2.17	 1	 -42.3583	  173.6744
8.977	 3.02	 2	 -42.3409	  174.0492
8.977	 2.21	 1	 -41.9746	  173.6973
8.978	 2.13	 1	 -42.4085	  173.0648
8.978	 2.02	 3	 -42.4110	  173.7614
8.979	 2.50	 1	 -42.6794	  172.8893
8.979	 2.32	 1	 -42.2114	  173.5627
8.980	 2.30	 3	 -41.4543	  175.0069
8.981	 3.24	 1	 -42.6039	  174.4583
8.981	 2.53	 1	 -42.4061	  173.6012
8.981	 2.05	 3	 -41.6455	  174.7078
8.982	 2.36	 3	 -40.6822	  174.9721
8.982	 2.21	 3	 -41.6101	  174.0912
8.982	 2.33	 2	 -42.5496	  172.8955
8.983	 2.52	 1	 -42.6407	  173.0471
8.983	 2.87	 3	 -42.3741	  173.7193
8.983	 2.35	 1	 -42.1405	  173.9416
8.984	 2.46	 2	 -42.3942	  173.4907
8.985	 2.23	 3	 -41.7584	  174.3151
8.985	 2.83	 1	 -41.8727	  174.1670
8.988	 2.41	 1	 -42.1610	  173.8552
8.990	 2.43	 3	 -42.3598	  173.5206
8.990	 2.30	 4	 -42.6104	  173.4489
8.991	 2.24	 1	 -40.9618	  172.5058
8.992	 2.78	 3	 -42.6215	  172.8388
8.992	 2.26	 1	 -42.4131	  173.2668
8.993	 2.20	 1	 -41.6497	  174.1419
8.995	 2.35	 1	 -42.3906	  173.9841
8.995	 2.01	 2	 -42.2721	  173.7617
8.995	 2.68	 1	 -43.1770	  172.4986
8.996	 3.34	 2	 -42.3897	  173.1311
8.997	 2.09	 1	 -41.7367	  174.2165
8.997	 2.04	 2	 -42.5249	  173.0687
9.000	 2.56	 1	 -42.3695	  173.5094
9.002	 2.36	 1	 -41.9411	  173.9711
9.002	 2.06	 1	 -42.6757	  173.2330
9.002	 2.42	 1	 -42.2655	  173.6278
9.003	 2.43	 1	 -41.6739	  174.2601
9.007	 2.17	 3	 -42.4456	  173.8487
9.007	 2.04	 3	 -42.5463	  173.1359
9.007	 2.40	 3	 -42.5669	  173.7225
9.008	 2.80	 3	 -42.4451	  173.8383
9.011	 3.37	 5	 -41.5528	  174.9532
9.011	 2.02	 1	 -42.6871	  172.7675
9.012	 2.06	 3	 -42.3364	  174.0296
9.012	 2.06	 1	 -42.0495	  173.6457
9.012	 2.00	 2	 -42.4423	  173.7127
9.013	 2.10	 1	 -42.8999	  172.1672
9.013	 2.40	 2	 -42.1454	  174.0353
9.013	 2.64	 1	 -42.0378	  173.6155
9.014	 2.14	 2	 -42.2571	  173.6413
9.014	 2.05	 2	 -42.4945	  173.0459
9.014	 2.30	 1	 -41.7634	  174.2569
9.014	 2.08	 1	 -43.2454	  172.3939
9.014	 4.00	 1	 -41.9514	  174.6180
9.015	 2.47	 1	 -42.3732	  174.0477
9.015	 2.15	 1	 -42.0127	  174.2034
9.017	 2.58	 1	 -42.1137	  173.9311
9.017	 2.28	 1	 -42.4529	  174.0249
9.017	 2.29	 3	 -42.6044	  172.8178
9.018	 2.09	 2	 -42.5476	  173.8492
9.020	 3.42	 1	 -41.7159	  174.2119
9.022	 2.04	 3	 -42.4542	  173.7856
9.026	 2.98	 1	 -42.6491	  174.1276
9.026	 2.35	 3	 -41.6851	  174.2188
9.028	 2.08	 5	 -42.3603	  174.1276
9.028	 2.06	 2	 -42.9843	  173.0492
9.029	 2.18	 3	 -41.6936	  174.2645
9.031	 2.68	 1	 -41.6760	  174.1342
9.031	 3.16	 1	 -42.3999	  174.2698
9.032	 2.59	 1	 -41.4942	  174.8441
9.032	 2.14	 1	 -42.1297	  174.5733
9.032	 2.02	 1	 -42.3416	  173.9077
9.033	 2.52	 2	 -41.9205	  173.8710
9.033	 2.59	 3	 -42.4602	  173.8275
9.033	 2.62	 2	 -41.6481	  174.2364
9.033	 2.10	 3	 -42.4969	  173.6385
9.033	 2.03	 1	 -41.6809	  173.6446
9.037	 2.54	 1	 -42.5106	  173.2118
9.038	 2.24	 1	 -42.2538	  173.9583
9.038	 2.06	 3	 -42.4827	  173.6578
9.038	 3.27	 3	 -42.5742	  173.8136
9.038	 4.09	 1	 -42.1566	  170.2811
9.038	 2.29	 1	 -41.6680	  174.2334
9.040	 2.37	 1	 -41.8238	  174.7287
9.041	 3.72	 3	 -42.3623	  173.7711
9.042	 2.33	 2	 -42.5385	  172.9708
9.043	 2.11	 1	 -42.5795	  173.3105
9.043	 2.43	 1	 -41.9360	  174.1896
9.043	 3.18	 3	 -42.4233	  174.0605
9.044	 2.36	 1	 -43.1873	  171.9992
9.044	 2.30	 2	 -41.6367	  174.3138
9.046	 2.01	 1	 -41.7253	  174.3032
9.047	 2.59	 1	 -41.7512	  174.1438
9.047	 2.05	 1	 -41.7529	  174.2572
9.048	 3.67	 1	 -44.1236	  176.9211
9.048	 2.50	 1	 -42.1393	  173.5837
9.048	 2.10	 1	 -41.8645	  173.9331
9.050	 2.04	 1	 -42.3137	  173.6274
9.051	 5.17	 1	 -42.3202	  173.9904
9.052	 2.00	 1	 -41.6903	  174.3537
9.054	 2.13	 2	 -42.4509	  173.1261
9.055	 2.57	 3	 -42.5018	  173.3204
9.055	 2.02	 2	 -42.0046	  173.5835
9.055	 3.98	 1	 -42.2908	  173.7998
9.056	 2.67	 1	 -41.6325	  174.3880
9.057	 2.09	 1	 -42.4807	  173.0867
9.057	 2.16	 1	 -41.9624	  173.7167
9.058	 2.04	 2	 -42.4295	  173.7622
9.058	 2.80	 1	 -42.6510	  172.8170
9.059	 2.12	 1	 -42.4837	  173.3556
9.061	 2.02	 3	 -42.4326	  173.7638
9.061	 2.49	 3	 -42.4743	  173.7358
9.064	 2.93	 2	 -42.0608	  173.8011
9.064	 2.51	 3	 -42.4671	  173.7178
9.064	 2.51	 2	 -42.3258	  173.7132
9.064	 2.97	 3	 -42.6121	  173.9364
9.065	 2.04	 2	 -42.2509	  174.0872
9.067	 2.11	 2	 -42.6667	  173.0786
9.067	 2.47	 4	 -43.0003	  173.8432
9.067	 2.19	 1	 -41.8689	  173.9382
9.067	 2.22	 1	 -42.1964	  173.7177
9.068	 2.25	 2	 -42.1020	  173.5877
9.069	 2.49	 1	 -41.7692	  174.3779
9.069	 2.64	 1	 -42.3419	  173.8896
9.071	 2.01	 2	 -41.6575	  174.2004
9.074	 2.48	 1	 -41.8337	  173.5995
9.075	 2.47	 1	 -42.2299	  173.3444
9.077	 2.02	 2	 -42.0004	  174.5406
9.077	 2.41	 1	 -42.2689	  173.7285
9.077	 2.22	 3	 -41.8279	  174.1623
9.077	 2.70	 1	 -42.3122	  173.8022
9.079	 2.96	 1	 -41.8183	  174.0944
9.080	 4.46	 1	 -41.8536	  172.6295
9.080	 2.99	 1	 -41.7834	  174.3345
9.080	 2.16	 3	 -42.4589	  173.6311
9.080	 2.16	 3	 -42.2524	  174.0049
9.082	 2.39	 1	 -41.9966	  173.6555
9.082	 3.01	 3	 -41.5132	  174.8008
9.085	 2.12	 2	 -41.5859	  173.9302
9.085	 2.08	 3	 -41.7067	  174.2152
9.086	 2.78	 3	 -42.5745	  173.7725
9.087	 2.45	 1	 -41.6676	  174.0050
9.089	 2.29	 3	 -42.4325	  173.3921
9.089	 2.14	 4	 -42.6169	  173.3338
9.091	 2.13	 2	 -41.7224	  174.1037
9.091	 2.72	 4	 -41.6018	  174.8264
9.091	 3.81	 4	 -42.6702	  173.5102
9.093	 3.53	 1	 -42.3462	  173.9595
9.094	 2.26	 2	 -42.1690	  173.9249
9.094	 2.56	 1	 -42.1549	  173.6982
9.094	 2.02	 1	 -42.7811	  173.3320
9.095	 2.35	 2	 -42.4437	  174.0469
9.095	 2.05	 3	 -42.5064	  173.8503
9.096	 2.05	 3	 -42.1125	  173.9122
9.096	 3.34	 1	 -42.1709	  173.5683
9.097	 2.08	 1	 -41.7739	  174.3980
9.097	 2.26	 2	 -41.3734	  172.8830
9.099	 2.01	 1	 -41.4477	  174.0329
9.100	 2.06	 1	 -41.8442	  174.1000
9.101	 2.67	 2	 -42.3056	  173.7515
9.101	 2.63	 1	 -41.7252	  174.2173
9.102	 3.37	 3	 -42.3967	  173.8760
9.103	 2.13	 3	 -42.5642	  173.8435
9.107	 3.34	 2	 -41.9524	  174.6256
9.107	 2.53	 1	 -41.8013	  174.2994
9.107	 2.84	 1	 -42.2870	  173.7688
9.107	 3.11	 2	 -42.2695	  173.6622
9.108	 2.06	 3	 -42.4867	  173.6194
9.109	 2.25	 2	 -42.3754	  172.8845
9.109	 2.48	 3	 -42.4580	  173.7493
9.112	 3.15	 2	 -44.5015	  171.8403
9.113	 2.12	 3	 -42.5221	  174.2003
9.113	 2.91	 1	 -42.4870	  173.0822
9.114	 2.15	 3	 -42.6912	  172.2749
9.114	 3.51	 2	 -42.2809	  173.6524
9.114	 2.01	 1	 -42.6109	  173.0159
9.114	 2.08	 1	 -42.0578	  173.6297
9.117	 2.36	 3	 -42.2234	  172.9687
9.117	 2.39	 1	 -42.5888	  172.9357
9.118	 2.01	 2	 -42.3162	  173.9248
9.119	 2.05	 1	 -42.3176	  173.3734
9.119	 2.89	 1	 -42.1831	  174.6929
9.120	 2.88	 2	 -42.4049	  173.2653
9.121	 2.60	 1	 -41.8012	  174.2071
9.122	 2.04	 1	 -42.1679	  173.7880
9.123	 2.65	 1	 -42.5487	  172.9532
9.123	 2.03	 1	 -42.5059	  173.7328
9.123	 2.37	 4	 -44.2228	  169.7838
9.124	 2.33	 2	 -42.4393	  173.9746
9.125	 2.57	 1	 -42.2923	  173.5643
9.125	 2.35	 2	 -42.3283	  173.7427
9.128	 2.30	 1	 -41.5494	  174.3931
9.128	 2.07	 1	 -41.9551	  174.0576
9.128	 2.15	 3	 -42.5416	  173.8589
9.129	 2.37	 3	 -42.4534	  173.8147
9.131	 2.37	 1	 -42.1498	  173.5959
9.132	 2.67	 2	 -42.3139	  173.9554
9.134	 2.64	 1	 -42.4090	  173.8219
9.136	 2.07	 1	 -41.8767	  174.5677
9.137	 2.08	 1	 -40.4955	  167.6843
9.137	 2.08	 3	 -41.6937	  174.1585
9.139	 2.36	 3	 -41.4619	  168.2029
9.139	 2.11	 1	 -41.6560	  174.4421
9.139	 2.41	 2	 -42.6090	  173.6128
9.140	 2.84	 1	 -42.8278	  173.2015
9.141	 2.45	 1	 -42.1580	  173.5916
9.141	 2.10	 2	 -42.6134	  172.8594
9.142	 2.61	 4	 -42.3664	  173.7626
9.142	 2.56	 3	 -42.5156	  173.7932
9.144	 2.74	 1	 -42.2974	  173.6756
9.147	 2.55	 5	 -42.7313	  173.2980
9.149	 2.19	 1	 -42.3696	  173.4109
9.149	 2.02	 1	 -42.6523	  172.8461
9.151	 2.10	 3	 -42.5514	  173.7489
9.154	 3.04	 3	 -42.4958	  173.8148
9.155	 2.03	 2	 -42.3854	  173.6696
9.155	 2.15	 2	 -42.1800	  173.6087
9.155	 2.83	 2	 -42.0385	  174.0092
9.156	 2.11	 1	 -40.9608	  173.4234
9.157	 2.01	 4	 -42.7266	  173.1530
9.158	 2.64	 1	 -41.9264	  174.1205
9.159	 2.86	 1	 -42.5028	  173.1847
9.160	 2.08	 3	 -42.0949	  173.8341
9.161	 2.42	 3	 -43.1515	  172.8462
9.161	 2.22	 2	 -42.2949	  173.9778
9.162	 2.79	 1	 -41.8202	  174.2617
9.162	 2.21	 1	 -41.7816	  174.0659
9.163	 2.59	 4	 -42.5820	  174.0345
9.163	 2.39	 3	 -42.2226	  174.2277
9.164	 2.66	 1	 -42.7000	  173.0983
9.164	 2.07	 1	 -41.7516	  174.2957
9.164	 2.41	 1	 -41.7123	  174.3233
9.165	 2.84	 1	 -41.5521	  174.3992
9.166	 3.40	 3	 -41.7831	  173.7094
9.166	 2.14	 2	 -41.6236	  174.4058
9.167	 2.16	 3	 -42.2953	  173.7955
9.168	 2.91	 3	 -42.1080	  173.7047
9.168	 2.16	 1	 -41.6859	  174.2628
9.169	 2.73	 3	 -42.4312	  173.8212
9.170	 3.13	 1	 -43.0172	  172.9559
9.170	 2.12	 1	 -42.5583	  172.3205
9.170	 2.24	 2	 -42.3723	  173.9848
9.170	 2.07	 1	 -41.6152	  174.1909
9.171	 3.37	 1	 -41.7710	  173.0266
9.171	 2.07	 1	 -42.2677	  173.9434
9.171	 2.66	 2	 -41.9488	  173.8927
9.172	 2.27	 1	 -40.7321	  172.7020
9.173	 2.51	 1	 -42.1859	  173.9464
9.173	 3.04	 1	 -41.9647	  173.7775
9.173	 2.04	 2	 -42.3179	  173.9759
9.173	 2.03	 2	 -42.3217	  174.0048
9.174	 2.41	 3	 -43.9516	  179.1913
9.174	 2.19	 2	 -42.6149	  173.2610
9.175	 2.51	 1	 -41.7020	  174.1638
9.175	 2.26	 2	 -42.5033	  174.3470
9.176	 2.30	 1	 -42.6526	  172.9825
9.177	 2.42	 1	 -41.5223	  174.3079
9.177	 2.34	 1	 -42.5953	  173.0407
9.177	 2.98	 3	 -37.1672	  174.7018
9.178	 2.59	 1	 -42.2710	  173.9324
9.178	 3.62	 3	 -42.5371	  173.8124
9.178	 2.03	 2	 -42.5281	  173.1244
9.179	 2.09	 2	 -42.2046	  173.9734
9.179	 2.11	 2	 -42.1984	  173.9358
9.179	 2.21	 3	 -42.4784	  173.8066
9.179	 2.65	 1	 -42.7587	  173.0787
9.180	 2.34	 3	 -40.4926	  168.5412
9.181	 2.25	 1	 -41.6423	  173.9245
9.181	 2.99	 2	 -39.6446	  176.2317
9.182	 2.72	 3	 -42.4327	  173.7451
9.182	 2.52	 1	 -42.6591	  173.2523
9.182	 4.29	 3	 -42.4890	  173.8456
9.185	 2.76	 1	 -41.7110	  174.2492
9.186	 2.46	 1	 -41.6968	  174.2195
9.187	 2.12	 1	 -41.9639	  173.6902
9.187	 2.25	 2	 -43.2988	  179.5486
9.190	 2.30	 2	 -42.0022	  173.6583
9.191	 2.04	 1	 -42.3917	  173.8825
9.191	 2.59	 1	 -42.4104	  172.8936
9.193	 2.48	 2	 -42.3401	  173.9707
9.194	 2.30	 3	 -42.3866	  173.3761
9.194	 3.08	 1	 -41.6463	  174.1640
9.195	 2.88	 1	 -42.4643	  173.8846
9.196	 2.19	 1	 -41.6952	  174.1752
9.197	 2.48	 1	 -41.6884	  174.2663
9.197	 2.24	 3	 -41.6251	  174.6919
9.199	 2.28	 2	 -41.9231	  173.8072
9.200	 2.04	 1	 -41.7884	  174.2776
9.201	 2.98	 2	 -41.7922	  174.1936
9.203	 2.06	 3	 -42.6372	  174.6092
9.203	 2.49	 3	 -41.6589	  174.2252
9.204	 2.18	 2	 -41.9035	  174.5562
9.206	 2.44	 1	 -42.5984	  173.2242
9.207	 2.31	 2	 -41.5188	  174.3066
9.208	 2.15	 1	 -41.6617	  174.2586
9.208	 2.21	 2	 -41.8743	  174.1887
9.209	 3.34	 1	 -42.8329	  172.9013
9.210	 2.16	 1	 -42.3813	  173.4888
9.213	 2.46	 2	 -41.0827	  170.7728
9.213	 2.16	 2	 -42.0434	  173.2339
9.215	 2.10	 2	 -42.6504	  172.3663
9.215	 4.34	 1	 -42.3388	  173.1513
9.216	 2.72	 3	 -42.6004	  173.6971
9.216	 2.87	 2	 -42.4673	  173.8980
9.217	 2.01	 1	 -41.7917	  174.2852
9.217	 2.21	 3	 -42.5095	  173.7879
9.218	 2.25	 2	 -41.6820	  174.1210
9.218	 2.27	 1	 -41.5752	  174.3147
9.219	 2.17	 1	 -42.2552	  173.5931
9.219	 2.19	 1	 -43.9211	  172.3158
9.221	 2.27	 1	 -41.8523	  174.2183
9.221	 2.55	 1	 -41.9912	  173.6737
9.221	 3.18	 2	 -42.4666	  172.9507
9.222	 2.11	 1	 -42.3919	  172.7951
9.223	 2.29	 2	 -42.2882	  174.0038
9.223	 3.07	 1	 -42.0895	  174.1209
9.224	 2.35	 1	 -42.1946	  173.6246
9.224	 3.38	 3	 -42.7397	  172.7961
9.225	 2.14	 1	 -41.5378	  174.4169
9.225	 2.86	 1	 -42.7660	  173.1472
9.227	 2.26	 1	 -43.1519	  174.1692
9.229	 2.13	 2	 -42.0963	  173.7483
9.230	 2.09	 3	 -41.5404	  174.7803
9.230	 2.24	 1	 -42.3921	  174.0862
9.230	 2.48	 2	 -42.3198	  173.8485
9.230	 2.43	 3	 -42.4790	  173.8449
9.230	 2.37	 1	 -42.4842	  173.1392
9.232	 2.87	 2	 -42.0188	  173.6946
9.237	 2.44	 1	 -41.7153	  174.2612
9.237	 3.12	 2	 -42.5326	  173.8673
9.239	 2.67	 1	 -41.9464	  174.1047
9.239	 2.45	 2	 -42.1421	  173.5963
9.239	 2.55	 1	 -41.9588	  174.2103
9.240	 2.18	 2	 -41.6624	  174.5443
9.243	 2.04	 1	 -42.0681	  173.7337
9.244	 2.18	 1	 -42.4137	  173.3939
9.246	 2.35	 2	 -43.4018	  172.9154
9.247	 2.04	 1	 -42.0372	  173.8210
9.248	 2.10	 3	 -42.4250	  173.7531
9.249	 2.09	 1	 -41.6138	  174.4251
9.249	 2.08	 3	 -42.6380	  173.5761
9.249	 2.38	 1	 -42.4193	  173.9998
9.249	 2.53	 1	 -43.0351	  173.2271
9.250	 2.03	 2	 -42.9861	  173.7826
9.252	 2.09	 1	 -42.0806	  173.7014
9.252	 2.34	 2	 -42.8704	  172.9184
9.254	 2.15	 1	 -42.3606	  173.8914
9.254	 2.35	 1	 -41.9123	  174.2737
9.255	 2.24	 3	 -42.7029	  173.4355
9.256	 2.18	 1	 -41.7664	  174.3289
9.257	 2.02	 3	 -41.6524	  174.6974
9.258	 2.04	 3	 -42.4440	  173.7754
9.258	 3.51	 1	 -42.5084	  173.1387
9.259	 2.61	 1	 -42.0435	  173.7102
9.260	 2.03	 1	 -41.4390	  176.3841
9.262	 3.59	 1	 -41.7398	  174.2801
9.263	 2.48	 3	 -42.5463	  173.7654
9.263	 2.09	 4	 -42.5745	  173.8178
9.264	 4.36	 2	 -42.1049	  173.9466
9.264	 2.28	 2	 -42.5162	  174.4775
9.266	 2.28	 1	 -42.6478	  173.5627
9.267	 2.67	 1	 -42.3817	  173.6987
9.267	 2.72	 2	 -42.1770	  173.9212
9.268	 2.08	 1	 -42.4241	  173.9290
9.270	 2.19	 2	 -42.2050	  174.0346
9.270	 2.01	 3	 -42.3799	  173.9330
9.270	 2.40	 1	 -41.7979	  174.2548
9.272	 2.43	 1	 -42.2302	  173.7642
9.272	 2.11	 3	 -43.3645	  172.4326
9.273	 2.55	 2	 -42.0771	  173.5055
9.273	 2.64	 2	 -42.5927	  172.8151
9.274	 2.12	 1	 -42.7289	  173.0677
9.275	 3.48	 1	 -42.2819	  173.6139
9.275	 2.27	 1	 -42.4066	  174.0675
9.275	 2.07	 1	 -42.7404	  170.9880
9.277	 2.31	 2	 -41.9390	  173.4799
9.279	 2.08	 3	 -42.5550	  173.7496
9.281	 2.88	 1	 -42.3039	  173.3819
9.281	 2.82	 2	 -42.4531	  172.9928
9.283	 2.31	 1	 -42.1960	  173.4406
9.284	 4.32	 1	 -42.2435	  173.9252
9.285	 2.87	 2	 -42.2519	  173.7248
9.285	 2.03	 2	 -42.3248	  173.9757
9.286	 3.01	 3	 -42.5970	  173.9227
9.286	 2.25	 1	 -41.7077	  174.1992
9.288	 2.08	 3	 -41.6174	  174.6168
9.289	 3.26	 1	 -42.3291	  173.6112
9.289	 2.36	 1	 -41.7989	  174.0908
9.290	 2.57	 2	 -42.2513	  173.9217
9.290	 2.56	 4	 -42.5623	  173.8448
9.290	 2.54	 3	 -42.3240	  173.2786
9.293	 2.23	 4	 -41.6333	  174.7327
9.294	 2.76	 1	 -41.7525	  174.1266
9.295	 2.50	 1	 -42.4202	  173.1747
9.295	 2.06	 2	 -42.4673	  173.7724
9.295	 2.24	 2	 -43.0063	  173.5622
9.295	 2.35	 1	 -42.5552	  173.1550
9.296	 2.12	 3	 -44.7239	  169.9105
9.298	 2.82	 3	 -42.0450	  175.5544
9.298	 3.98	 1	 -42.4200	  173.8480
9.300	 2.14	 3	 -41.7251	  174.3407
9.300	 2.43	 1	 -42.7832	  172.6471
9.300	 2.31	 1	 -42.3364	  173.0124
9.301	 2.24	 1	 -42.4609	  173.1760
9.302	 2.34	 1	 -42.6170	  172.8247
9.302	 2.40	 3	 -41.6783	  174.2567
9.303	 2.16	 2	 -42.4581	  173.7727
9.303	 2.51	 2	 -41.7966	  174.6469
9.303	 2.32	 3	 -42.2741	  173.7646
9.303	 2.19	 3	 -42.4808	  172.9841
9.304	 2.89	 2	 -42.5038	  173.5656
9.305	 3.63	 2	 -41.7096	  174.2563
9.306	 2.45	 4	 -42.6419	  173.8038
9.306	 2.39	 1	 -41.7282	  174.3365
9.307	 3.34	 1	 -42.4183	  173.8532
9.307	 2.54	 3	 -41.7849	  174.2579
9.308	 2.49	 1	 -42.3509	  173.9669
9.308	 4.27	 3	 -42.5359	  173.7440
9.310	 2.89	 5	 -43.0996	  173.0151
9.310	 2.57	 2	 -41.8628	  172.6470
9.313	 2.75	 1	 -43.8635	  167.3441
9.313	 2.03	 1	 -41.6793	  174.3466
9.313	 2.14	 3	 -42.4882	  172.7283
9.314	 2.37	 6	 -41.6434	  174.6721
9.314	 2.04	 2	 -41.9839	  173.5908
9.316	 2.76	 1	 -42.1595	  173.6868
9.317	 2.34	 3	 -42.4571	  173.8191
9.319	 2.03	 2	 -41.8367	  172.6662
9.320	 2.04	 1	 -41.6637	  174.2800
9.320	 2.65	 4	 -42.4639	  173.8668
9.321	 2.08	 1	 -41.6777	  174.3324
9.322	 2.09	 3	 -41.6656	  174.7462
9.324	 2.38	 1	 -41.5631	  174.0197
9.325	 2.18	 2	 -42.2593	  173.8151
9.325	 2.80	 2	 -42.3017	  173.7359
9.328	 2.82	 4	 -42.2038	  173.7351
9.329	 2.19	 2	 -43.6363	  172.3540
9.330	 2.10	 3	 -42.5875	  173.8465
9.332	 2.02	 2	 -42.2736	  173.8038
9.332	 2.84	 1	 -42.8548	  172.6052
9.333	 2.03	 3	 -42.4106	  173.9203
9.334	 2.15	 3	 -41.6678	  174.6606
9.335	 2.71	 2	 -41.8504	  174.1718
9.335	 2.04	 2	 -42.2483	  173.6059
9.335	 2.34	 1	 -42.4118	  174.6598
9.336	 2.01	 2	 -42.4118	  174.1076
9.338	 3.03	 1	 -41.7726	  174.2072
9.338	 2.58	 2	 -41.6187	  174.1133
9.340	 2.57	 1	 -42.4874	  173.0488
9.342	 3.65	 3	 -42.1879	  173.8155
9.342	 2.02	 2	 -42.4898	  173.0117
9.342	 3.03	 3	 -41.3777	  172.7737
9.343	 2.41	 1	 -42.1213	  171.8111
9.344	 3.01	 1	 -41.6761	  174.3894
9.345	 2.10	 1	 -41.8985	  174.2732
9.345	 2.57	 3	 -42.6602	  173.7582
9.345	 2.59	 4	 -42.4877	  173.8484
9.346	 2.29	 2	 -42.0316	  173.4534
9.347	 2.95	 3	 -41.3038	  174.5234
9.347	 4.20	 1	 -42.0002	  173.6992
9.347	 2.77	 3	 -41.6958	  174.1795
9.348	 2.18	 1	 -41.7258	  174.1543
9.349	 2.37	 2	 -42.3916	  174.1139
9.349	 2.67	 1	 -42.3943	  173.4599
9.350	 2.12	 2	 -42.0455	  173.7172
9.350	 2.22	 2	 -41.8419	  174.6069
9.350	 2.01	 4	 -42.4798	  173.8387
9.352	 2.13	 3	 -42.3884	  173.8606
9.352	 2.63	 4	 -41.6953	  174.1565
9.352	 2.47	 1	 -42.0031	  174.0062
9.353	 2.17	 3	 -42.8473	  173.4086
9.353	 2.21	 1	 -41.8818	  173.0479
9.355	 3.06	 3	 -37.9907	  174.1066
9.357	 2.22	 1	 -41.8490	  173.5491
9.359	 2.55	 3	 -42.5237	  173.7895
9.361	 2.11	 2	 -42.1870	  173.8890
9.361	 2.67	 1	 -41.6491	  174.2764
9.362	 2.21	 1	 -42.0793	  173.7042
9.363	 3.55	 2	 -42.0715	  174.0349
9.363	 2.16	 3	 -42.5242	  173.7456
9.363	 2.83	 2	 -42.5028	  173.1840
9.365	 2.22	 3	 -41.7281	  174.1065
9.365	 2.70	 3	 -42.9477	  173.0491
9.366	 2.26	 1	 -42.5273	  173.0927
9.366	 2.09	 1	 -42.3457	  172.9939
9.366	 2.05	 4	 -41.3740	  172.7698
9.367	 2.03	 2	 -42.2820	  173.8773
9.367	 2.31	 2	 -42.3766	  174.0014
9.368	 2.05	 3	 -42.4936	  173.9235
9.368	 2.86	 2	 -42.5662	  173.3580
9.368	 2.04	 1	 -42.3611	  173.7562
9.369	 2.04	 3	 -42.5605	  173.7704
9.370	 2.72	 1	 -41.9918	  173.6529
9.371	 2.50	 3	 -43.1781	  172.8365
9.372	 2.79	 2	 -42.5615	  173.1930
9.372	 2.26	 1	 -41.5056	  174.2364
9.373	 2.29	 1	 -41.7156	  174.1071
9.374	 2.47	 1	 -42.1728	  173.5599
9.374	 2.08	 3	 -42.4712	  173.7830
9.375	 2.88	 1	 -41.6625	  174.3155
9.376	 2.19	 3	 -42.8014	  173.2761
9.376	 2.08	 3	 -43.4636	  172.9416
9.377	 2.37	 2	 -41.9712	  173.6385
9.378	 2.49	 1	 -42.2354	  173.6746
9.379	 2.57	 3	 -42.5398	  173.7032
9.380	 3.74	 2	 -41.8068	  174.1792
9.381	 2.33	 1	 -41.6948	  172.6680
9.381	 2.26	 1	 -41.9836	  174.0363
9.382	 2.03	 3	 -42.6579	  173.7917
9.382	 2.59	 1	 -41.6787	  174.2154
9.383	 2.52	 1	 -42.5650	  173.1045
9.385	 2.23	 3	 -41.6703	  174.5533
9.386	 2.02	 1	 -42.4105	  173.7829
9.387	 2.62	 1	 -42.4251	  173.7796
9.387	 2.08	 2	 -41.7831	  173.8033
9.388	 2.05	 1	 -42.3811	  173.7542
9.388	 2.21	 2	 -42.0459	  173.7883
9.389	 2.69	 1	 -41.7626	  174.1568
9.389	 2.00	 3	 -41.7810	  174.3557
9.390	 2.42	 1	 -42.2479	  173.5990
9.391	 2.14	 3	 -42.5476	  173.6044
9.391	 2.81	 3	 -42.5082	  173.8013
9.392	 2.20	 1	 -42.2724	  173.9101
9.393	 3.19	 1	 -42.0057	  173.6498
9.393	 2.26	 2	 -43.1327	  172.0336
9.394	 2.08	 1	 -42.4052	  173.7796
9.395	 2.32	 1	 -42.2887	  173.7330
9.396	 3.25	 2	 -41.6971	  173.5296
9.397	 2.31	 1	 -41.6791	  174.3400
9.397	 2.63	 3	 -42.2541	  172.3382
9.398	 2.95	 1	 -42.6038	  173.0484
9.399	 2.19	 1	 -42.5256	  173.2213
9.399	 3.04	 3	 -42.3942	  173.9505
9.400	 2.01	 1	 -42.4562	  173.3617
9.403	 2.20	 1	 -42.3116	  173.8423
9.403	 2.05	 1	 -42.2190	  173.4914
9.404	 2.20	 2	 -44.1285	  176.9137
9.406	 3.74	 1	 -42.4850	  173.7203
9.407	 2.48	 2	 -41.9072	  174.4962
9.407	 2.88	 3	 -40.9241	  173.2917
9.407	 3.09	 3	 -42.3730	  173.8369
9.408	 3.03	 1	 -41.6998	  174.2720
9.409	 2.11	 2	 -41.9231	  173.7572
9.409	 2.52	 1	 -42.3570	  173.0720
9.409	 2.33	 3	 -42.5181	  173.7678
9.409	 2.85	 2	 -42.2903	  173.9330
9.410	 2.16	 1	 -41.8722	  173.9452
9.413	 2.10	 1	 -41.3162	  174.6880
9.413	 2.33	 2	 -42.3140	  173.9823
9.414	 2.46	 3	 -42.4592	  174.4091
9.414	 2.19	 2	 -42.6465	  173.1503
9.415	 2.76	 1	 -42.8875	  173.3841
9.416	 2.46	 2	 -41.6578	  174.2499
9.417	 2.46	 3	 -42.5227	  173.7975
9.417	 3.44	 1	 -41.7608	  174.2723
9.417	 2.62	 2	 -42.3377	  174.0334
9.418	 2.30	 1	 -42.4927	  173.3457
9.418	 2.23	 2	 -42.3729	  173.9661
9.419	 2.94	 2	 -43.1480	  174.5089
9.419	 2.55	 1	 -42.6715	  172.7824
9.419	 2.26	 3	 -42.4883	  174.0021
9.421	 2.56	 2	 -42.2539	  174.0036
9.421	 2.06	 2	 -42.2913	  173.3876
9.422	 2.00	 1	 -42.5182	  173.3059
9.422	 2.03	 1	 -42.6040	  173.1420
9.422	 2.64	 1	 -41.7676	  174.2489
9.423	 2.33	 3	 -41.4783	  174.3607
9.424	 3.48	 2	 -42.9230	  173.6011
9.425	 2.97	 1	 -42.2496	  173.6322
9.425	 2.02	 1	 -41.6481	  174.3275
9.429	 2.48	 1	 -42.2214	  173.8580
9.430	 2.51	 3	 -42.4221	  173.9138
9.432	 2.50	 1	 -41.7316	  174.1332
9.432	 2.52	 1	 -42.5523	  173.2285
9.432	 2.20	 4	 -41.7072	  174.1832
9.432	 2.15	 3	 -42.5341	  173.7044
9.434	 2.13	 2	 -41.6869	  174.3208
9.435	 2.63	 1	 -41.7111	  174.1887
9.435	 2.01	 1	 -42.4844	  172.9841
9.435	 2.05	 1	 -42.6158	  174.3033
9.436	 2.16	 2	 -42.0035	  173.7697
9.440	 2.63	 1	 -42.7034	  173.2895
9.441	 2.00	 3	 -41.6706	  174.6721
9.441	 2.27	 1	 -41.7543	  174.3636
9.442	 2.05	 1	 -42.0759	  173.5364
9.444	 2.48	 1	 -42.8218	  172.7882
9.445	 2.05	 1	 -41.6042	  173.2767
9.445	 2.16	 3	 -42.1684	  174.8981
9.448	 2.53	 1	 -41.9295	  174.0193
9.448	 2.19	 1	 -42.5261	  173.1086
9.449	 2.82	 1	 -42.6053	  172.9806
9.450	 3.55	 2	 -42.0733	  173.1719
9.450	 2.04	 1	 -42.0230	  173.6544
9.452	 2.88	 2	 -41.6851	  174.2932
9.455	 2.52	 2	 -42.3398	  173.9798
9.456	 2.08	 1	 -41.7438	  174.2354
9.457	 2.22	 1	 -41.6980	  174.2769
9.458	 3.83	 3	 -41.6532	  174.1807
9.459	 2.42	 1	 -42.2758	  173.6259
9.459	 2.65	 1	 -42.7537	  172.3144
9.459	 2.49	 1	 -42.5612	  173.3598
9.460	 2.54	 3	 -42.4374	  173.7177
9.460	 2.20	 1	 -41.8055	  174.2252
9.461	 2.18	 2	 -42.2189	  173.7909
9.462	 3.21	 1	 -41.7490	  174.3444
9.463	 2.01	 1	 -42.3318	  173.1525
9.463	 4.81	 1	 -42.2010	  173.9348
9.464	 2.04	 1	 -42.3430	  173.6687
9.464	 2.27	 2	 -42.0397	  174.0074
9.464	 2.01	 3	 -42.2900	  173.9352
9.465	 2.32	 3	 -42.3760	  173.6746
9.466	 2.00	 4	 -42.7348	  173.1868
9.466	 2.46	 1	 -41.7308	  174.2378
9.467	 2.27	 2	 -42.3056	  173.9798
9.470	 2.54	 2	 -41.3104	  174.2307
9.470	 2.89	 2	 -42.3232	  173.9428
9.470	 2.00	 4	 -46.9569	  172.8815
9.470	 3.75	 3	 -42.3979	  173.1902
9.471	 2.18	 1	 -42.3200	  173.6135
9.474	 3.14	 3	 -42.5969	  173.7641
9.474	 4.58	 3	 -42.2528	  173.6875
9.475	 2.01	 1	 -41.7793	  174.1933
9.479	 3.07	 1	 -42.4605	  173.3366
9.479	 2.06	 3	 -42.6744	  173.7373
9.480	 2.12	 1	 -42.1801	  173.8084
9.480	 2.23	 1	 -42.3042	  173.5885
9.480	 2.13	 2	 -41.6774	  174.3890
9.481	 2.56	 1	 -41.7384	  174.0050
9.482	 2.05	 3	 -42.4287	  173.7946
9.483	 2.04	 2	 -42.4927	  174.0850
9.484	 2.38	 1	 -41.8449	  174.1372
9.485	 2.07	 3	 -42.4787	  173.8050
9.486	 2.14	 3	 -41.6608	  174.7297
9.486	 2.01	 3	 -41.7074	  174.2156
9.486	 2.54	 2	 -42.4412	  173.7638
9.487	 2.78	 1	 -41.6958	  174.1760
9.487	 2.47	 1	 -41.7389	  174.3615
9.488	 2.11	 1	 -42.2508	  173.8668
9.488	 2.52	 3	 -41.4045	  174.6371
9.490	 2.24	 3	 -42.5876	  173.9969
9.490	 2.63	 2	 -42.0548	  173.7099
9.491	 2.69	 3	 -42.4508	  173.7211
9.491	 2.11	 1	 -41.9499	  174.0725
9.491	 2.30	 2	 -41.9107	  173.8243
9.491	 2.12	 1	 -42.4801	  173.6605
9.491	 3.08	 1	 -42.1922	  173.6446
9.492	 2.29	 4	 -42.5682	  173.0462
9.493	 2.01	 2	 -41.7923	  173.7008
9.493	 2.28	 2	 -41.8112	  174.3497
9.493	 3.29	 2	 -41.7585	  174.1159
9.494	 2.70	 4	 -42.4361	  173.1982
9.495	 2.34	 2	 -41.8877	  173.2480
9.496	 2.00	 2	 -42.3404	  173.9957
9.496	 2.13	 3	 -41.6911	  174.1385
9.497	 2.10	 1	 -42.1377	  173.5533
9.497	 2.12	 1	 -43.2461	  173.9682
9.500	 2.05	 1	 -42.2451	  173.6948
9.501	 2.15	 1	 -42.5695	  172.8567
9.501	 3.12	 2	 -42.6039	  173.0031
9.501	 2.11	 1	 -42.5664	  173.0764
9.502	 2.51	 3	 -42.4430	  173.6918
9.502	 2.21	 3	 -42.3852	  173.7614
9.504	 2.48	 3	 -41.3693	  175.0411
9.504	 2.27	 3	 -42.6612	  174.0588
9.505	 2.44	 1	 -41.7502	  174.2489
9.506	 2.17	 3	 -43.1525	  173.4295
9.507	 2.55	 1	 -42.6569	  172.8838
9.507	 2.13	 2	 -41.7637	  174.1941
9.508	 2.09	 4	 -42.4596	  173.7609
9.508	 2.06	 3	 -41.8624	  173.9385
9.509	 2.16	 4	 -42.1035	  173.9490
9.511	 2.12	 1	 -42.2452	  173.7207
9.511	 2.37	 3	 -42.0725	  173.1571
9.512	 2.14	 3	 -42.7847	  173.7151
9.514	 2.06	 2	 -42.4187	  173.7895
9.514	 3.72	 1	 -43.0031	  172.5665
9.514	 2.31	 3	 -42.5283	  173.7084
9.516	 2.11	 1	 -42.7869	  172.9630
9.517	 2.14	 1	 -41.3843	  174.4966
9.518	 2.61	 3	 -42.5838	  173.8877
9.521	 2.43	 3	 -42.4949	  173.7879
9.522	 2.25	 4	 -41.7272	  174.2697
9.524	 2.24	 1	 -42.2449	  173.9707
9.524	 2.26	 4	 -42.7521	  173.2218
9.525	 2.01	 1	 -41.7982	  174.2519
9.526	 2.02	 4	 -42.4074	  173.9286
9.526	 2.31	 1	 -42.1422	  173.5652
9.526	 2.03	 2	 -41.8192	  174.3048
9.527	 2.02	 3	 -42.0832	  173.7976
9.528	 2.30	 2	 -41.9303	  173.7573
9.529	 3.01	 1	 -42.5199	  173.3518
9.530	 2.08	 1	 -42.3764	  172.9137
9.530	 2.78	 3	 -41.5498	  174.8403
9.531	 2.55	 3	 -42.4861	  173.8182
9.533	 2.35	 2	 -42.2834	  173.6481
9.536	 2.46	 1	 -42.4606	  173.1056
9.536	 2.37	 1	 -43.2160	  173.7841
9.537	 2.26	 1	 -41.6966	  174.3729
9.538	 3.51	 3	 -41.6798	  174.7072
9.539	 2.49	 1	 -42.3503	  173.9202
9.539	 2.22	 2	 -42.0310	  172.8325
9.539	 2.18	 2	 -42.4541	  173.1763
9.539	 2.16	 4	 -42.2957	  173.7489
9.540	 2.09	 2	 -42.6452	  173.0412
9.541	 3.47	 1	 -42.3374	  173.9092
9.542	 2.77	 1	 -41.9796	  173.6819
9.543	 2.18	 2	 -42.5059	  173.1284
9.544	 2.06	 1	 -42.2987	  173.9486
9.545	 2.01	 2	 -42.8470	  172.8916
9.546	 2.08	 3	 -41.7096	  174.2549
9.547	 2.48	 2	 -42.3680	  173.1469
9.548	 2.29	 3	 -42.2384	  173.7035
9.548	 2.00	 1	 -41.7819	  174.2194
9.548	 2.17	 1	 -42.4976	  173.7557
9.551	 2.09	 2	 -42.4828	  173.1218
9.551	 2.39	 2	 -42.1705	  173.9355
9.552	 2.51	 2	 -42.1944	  173.8713
9.552	 3.48	 1	 -42.3216	  173.7272
9.552	 2.77	 1	 -41.9784	  174.0918
9.554	 3.13	 1	 -43.5701	  172.7773
9.554	 2.20	 3	 -41.7721	  174.3425
9.555	 3.06	 1	 -41.9086	  173.9527
9.556	 2.31	 1	 -41.7258	  174.2767
9.556	 2.05	 1	 -41.8970	  174.1115
9.559	 2.59	 2	 -42.4009	  173.7831
9.560	 2.31	 3	 -42.6286	  173.6692
9.560	 2.37	 1	 -41.7578	  174.2312
9.561	 2.03	 2	 -41.6543	  174.3831
9.562	 2.07	 3	 -41.7119	  173.4446
9.562	 2.11	 3	 -41.6324	  175.0215
9.563	 2.68	 2	 -42.0457	  173.9771
9.565	 2.01	 1	 -41.7330	  174.2950
9.567	 2.27	 1	 -41.7118	  174.2851
9.569	 2.37	 1	 -42.4269	  173.2857
9.570	 2.09	 1	 -41.7569	  174.2122
9.570	 2.55	 4	 -42.4817	  173.8275
9.573	 2.13	 1	 -42.4279	  173.7248
9.575	 3.03	 1	 -41.7192	  174.0946
9.576	 2.01	 1	 -42.3122	  173.7221
9.576	 2.39	 3	 -41.6887	  174.7262
9.577	 2.21	 2	 -42.0552	  173.5120
9.578	 2.25	 1	 -42.1877	  173.6981
9.579	 2.04	 1	 -41.7399	  174.2780
9.579	 2.15	 2	 -42.3699	  173.5911
9.580	 3.20	 1	 -42.2521	  173.6228
9.580	 2.91	 4	 -41.6770	  174.6683
9.580	 2.85	 3	 -41.1751	  174.1247
9.580	 2.22	 1	 -42.4494	  173.7554
9.581	 2.67	 1	 -41.9991	  174.0178
9.583	 3.69	 2	 -41.6465	  174.1272
9.583	 2.46	 1	 -42.0254	  173.6502
9.585	 2.50	 1	 -42.3715	  174.0888
9.585	 2.64	 1	 -42.7808	  173.5670
9.585	 2.26	 1	 -42.4055	  174.0656
9.585	 2.52	 1	 -42.4654	  173.1158
9.586	 2.41	 4	 -42.5905	  173.7728
9.586	 3.02	 1	 -42.0402	  173.6782
9.586	 2.02	 3	 -42.3395	  173.7034
9.587	 2.04	 1	 -42.3893	  173.8118
9.587	 2.13	 1	 -40.0694	  178.2957
9.588	 2.55	 2	 -41.9726	  173.7636
9.589	 2.36	 2	 -42.3845	  173.3214
9.590	 2.14	 2	 -41.9502	  173.7962
9.590	 2.21	 1	 -42.5879	  174.0726
9.591	 2.12	 2	 -42.4457	  174.3715
9.592	 2.56	 4	 -42.6297	  173.2737
9.592	 3.26	 1	 -42.5388	  173.3058
9.593	 2.28	 2	 -42.2009	  173.4355
9.594	 2.61	 1	 -41.7766	  174.1902
9.594	 2.07	 1	 -41.8509	  174.3428
9.595	 2.81	 3	 -41.6347	  174.7321
9.596	 3.14	 1	 -42.3421	  173.6693
9.597	 2.36	 2	 -42.4644	  173.1164
9.597	 2.33	 1	 -45.1288	  168.4443
9.598	 2.47	 2	 -41.7142	  173.1311
9.598	 2.71	 3	 -41.6384	  174.1912
9.601	 2.40	 1	 -41.6999	  174.1836
9.602	 2.41	 3	 -41.7240	  174.1454
9.603	 2.51	 4	 -42.5412	  173.7436
9.604	 2.62	 1	 -41.6603	  174.4054
9.604	 2.29	 2	 -41.9192	  173.6668
9.604	 2.78	 2	 -41.7837	  174.1528
9.605	 2.31	 3	 -42.5472	  173.6468
9.606	 2.26	 1	 -41.8358	  173.5226
9.606	 3.53	 2	 -41.9387	  174.0257
9.606	 2.07	 3	 -42.6999	  172.7995
9.607	 2.14	 1	 -42.5166	  172.8813
9.607	 2.22	 1	 -42.8929	  172.6661
9.608	 2.10	 2	 -41.7729	  173.0301
9.608	 2.22	 1	 -41.7975	  174.1650
9.611	 2.24	 1	 -42.2722	  173.6308
9.612	 2.10	 1	 -42.2995	  173.8572
9.612	 2.11	 1	 -42.4166	  173.6193
9.613	 3.40	 4	 -42.3822	  173.1394
9.615	 3.44	 1	 -42.1212	  175.4104
9.615	 2.02	 2	 -41.6609	  174.4033
9.616	 3.46	 1	 -42.5957	  174.1927
9.616	 2.45	 4	 -42.7551	  173.1978
9.618	 2.82	 3	 -41.7196	  174.2789
9.619	 2.08	 3	 -42.4050	  173.8692
9.622	 2.12	 2	 -43.1768	  171.9670
9.623	 2.14	 2	 -42.2611	  173.5732
9.623	 2.43	 3	 -41.5345	  174.9117
9.623	 2.00	 3	 -42.4002	  173.6993
9.623	 2.00	 1	 -42.7558	  173.1099
9.624	 2.17	 2	 -42.3690	  174.0095
9.624	 2.36	 3	 -44.8651	  174.2183
9.625	 2.18	 1	 -41.6881	  174.2798
9.625	 2.27	 1	 -42.3593	  173.5773
9.625	 3.28	 1	 -42.5331	  173.1580
9.626	 2.06	 1	 -42.8184	  173.3244
9.626	 2.52	 1	 -42.3042	  174.0060
9.626	 2.64	 1	 -41.6844	  174.2748
9.626	 2.60	 2	 -42.4913	  173.0554
9.627	 2.18	 1	 -41.8105	  174.2757
9.630	 2.35	 2	 -41.9272	  173.6589
9.631	 3.34	 1	 -41.5680	  174.5540
9.631	 3.37	 1	 -42.3593	  173.0937
9.631	 2.18	 2	 -42.4819	  173.1098
9.632	 2.13	 3	 -42.5825	  173.9170
9.632	 2.03	 1	 -42.4552	  173.1271
9.633	 2.62	 1	 -42.3758	  173.2734
9.633	 3.34	 2	 -42.0019	  173.7036
9.635	 2.39	 1	 -42.3716	  173.9170
9.637	 4.47	 2	 -41.7734	  174.2004
9.638	 2.19	 3	 -41.7035	  174.2539
9.639	 2.53	 1	 -42.1933	  173.5946
9.640	 2.25	 1	 -42.2481	  173.5665
9.641	 2.03	 1	 -42.0152	  173.8550
9.641	 2.45	 1	 -41.7044	  174.3380
9.641	 2.78	 2	 -42.0654	  173.6982
9.641	 2.25	 4	 -42.1832	  173.6698
9.644	 2.21	 2	 -42.5251	  173.2086
9.645	 2.17	 3	 -42.4795	  173.8566
9.646	 2.37	 1	 -41.7453	  174.2823
9.647	 2.75	 1	 -42.2932	  173.6987
9.647	 3.42	 4	 -41.8475	  174.9067
9.648	 2.12	 1	 -42.2665	  173.7336
9.650	 2.21	 2	 -41.7174	  174.2012
9.650	 2.34	 2	 -42.1732	  170.2800
9.651	 2.04	 2	 -41.3219	  173.3934
9.652	 2.02	 1	 -41.9433	  173.7464
9.653	 3.37	 3	 -42.5090	  173.7865
9.655	 2.82	 2	 -42.4806	  173.7935
9.655	 2.58	 1	 -46.0789	  176.1540
9.655	 2.25	 3	 -42.5251	  174.0419
9.655	 2.24	 2	 -42.1793	  173.9383
9.657	 2.73	 2	 -42.0248	  173.6818
9.657	 2.06	 1	 -42.6532	  172.6924
9.658	 2.14	 1	 -42.0509	  173.6574
9.658	 2.53	 1	 -42.3706	  173.7182
9.658	 2.11	 2	 -42.3945	  173.5945
9.659	 2.38	 1	 -42.5857	  173.0278
9.659	 4.51	 3	 -42.4750	  173.8083
9.660	 2.47	 1	 -41.7536	  174.0896
9.660	 2.20	 1	 -42.4600	  173.1513
9.660	 2.35	 1	 -41.7093	  174.2025
9.661	 2.37	 2	 -42.3034	  173.8183
9.662	 3.09	 3	 -41.7091	  174.2966
9.662	 2.12	 1	 -42.2610	  173.0482
9.663	 2.14	 2	 -43.5778	  172.7817
9.663	 2.04	 1	 -41.7482	  174.2040
9.665	 3.22	 3	 -42.4773	  173.6812
9.667	 2.05	 1	 -42.0173	  173.7116
9.668	 2.30	 1	 -42.5169	  173.1061
9.668	 2.67	 2	 -42.5000	  173.3398
9.670	 2.70	 3	 -42.1293	  173.7047
9.671	 2.72	 1	 -42.6136	  173.2859
9.671	 3.18	 2	 -42.3157	  173.3928
9.674	 2.02	 1	 -42.7695	  173.0994
9.674	 2.82	 2	 -42.3789	  173.6780
9.679	 2.16	 1	 -42.4465	  173.1222
9.680	 2.53	 1	 -42.2987	  173.9114
9.680	 2.41	 4	 -46.9260	  172.8495
9.680	 2.40	 1	 -42.2431	  173.5479
9.681	 2.24	 3	 -42.2091	  173.7705
9.682	 2.17	 1	 -42.3987	  173.7547
9.683	 2.20	 2	 -41.7515	  174.2520
9.688	 2.43	 2	 -41.6319	  174.4625
9.688	 2.10	 1	 -42.3180	  173.7157
9.688	 2.50	 2	 -42.5251	  173.1180
9.691	 2.70	 1	 -42.5858	  173.3235
9.691	 2.11	 2	 -42.3409	  173.3653
9.691	 2.67	 2	 -42.2670	  173.7326
9.692	 2.05	 1	 -42.2724	  173.6068
9.693	 2.31	 4	 -42.4676	  173.7971
9.695	 2.26	 1	 -42.0489	  174.1749
9.696	 2.01	 2	 -42.1570	  173.6866
9.696	 2.62	 1	 -41.7726	  174.2173
9.697	 3.19	 1	 -42.0026	  174.0107
9.697	 2.51	 1	 -40.3654	  171.8677
9.699	 2.26	 2	 -42.4120	  173.9065
9.699	 2.14	 2	 -41.6836	  174.2845
9.700	 2.49	 1	 -41.7010	  174.2651
9.700	 2.29	 3	 -41.8117	  173.9036
9.701	 2.61	 4	 -41.6874	  174.1538
9.701	 2.15	 1	 -42.4531	  172.3699
9.703	 2.52	 3	 -42.5196	  173.8364
9.705	 2.59	 1	 -41.8092	  174.0245
9.705	 2.04	 3	 -42.4340	  174.3646
9.705	 2.21	 1	 -41.7488	  174.2811
9.706	 2.48	 1	 -42.6380	  173.5862
9.707	 2.16	 1	 -42.3808	  173.4152
9.708	 2.42	 1	 -42.7729	  172.3371
9.709	 2.45	 2	 -41.5401	  173.8205
9.709	 2.00	 2	 -42.3268	  174.1005
9.710	 2.32	 1	 -41.8026	  174.4140
9.711	 2.10	 2	 -42.4086	  173.7058
9.713	 2.05	 1	 -42.4771	  173.4283
9.714	 2.92	 3	 -42.6963	  172.2672
9.714	 2.53	 1	 -41.5478	  174.1778
9.714	 2.63	 2	 -42.2146	  173.8739
9.715	 2.63	 1	 -42.5967	  173.8818
9.715	 3.54	 1	 -41.7309	  174.2283
9.715	 2.45	 2	 -42.0317	  174.0334
9.715	 2.62	 1	 -42.4367	  173.9025
9.719	 2.11	 1	 -42.3011	  173.9680
9.720	 2.32	 1	 -41.7373	  174.3289
9.720	 2.69	 2	 -42.7775	  174.0597
9.722	 2.62	 4	 -42.2489	  173.8271
9.723	 2.68	 1	 -43.5895	  174.4463
9.723	 3.17	 4	 -42.4046	  173.1848
9.724	 2.53	 2	 -41.5704	  174.2602
9.725	 2.10	 3	 -42.4954	  173.8220
9.727	 2.12	 1	 -42.2667	  173.6519
9.729	 2.52	 3	 -42.4290	  173.6884
9.729	 2.45	 1	 -41.7421	  174.3035
9.729	 2.26	 1	 -42.3112	  173.7582
9.730	 2.31	 2	 -42.1867	  173.8292
9.732	 2.67	 1	 -42.1429	  173.7486
9.733	 2.79	 1	 -41.0963	  172.5665
9.734	 2.12	 1	 -41.6677	  174.2130
9.735	 2.15	 1	 -42.2870	  173.8789
9.736	 2.19	 3	 -42.3038	  173.7336
9.737	 3.03	 2	 -42.5260	  173.0953
9.738	 2.29	 1	 -42.6955	  172.9073
9.740	 2.16	 1	 -42.2388	  173.6969
9.740	 2.05	 1	 -42.6673	  172.9247
9.741	 3.00	 1	 -42.5050	  173.9891
9.741	 2.67	 3	 -41.8517	  174.1726
9.742	 2.43	 1	 -42.4789	  173.6415
9.743	 2.36	 1	 -42.6669	  173.5655
9.743	 2.35	 1	 -41.8358	  174.2675
9.743	 2.69	 1	 -41.7876	  173.9909
9.743	 2.94	 3	 -42.2037	  168.5793
9.744	 2.29	 1	 -41.8262	  174.2656
9.744	 2.46	 3	 -42.4809	  173.8517
9.745	 2.08	 1	 -42.2809	  174.2484
9.749	 2.06	 2	 -41.9057	  173.8496
9.750	 2.42	 2	 -41.6956	  174.2044
9.750	 2.45	 1	 -42.4277	  172.4742
9.752	 2.05	 1	 -42.2921	  173.7356
9.753	 2.18	 2	 -42.1408	  173.8770
9.754	 2.29	 1	 -42.2505	  173.8651
9.756	 2.10	 4	 -41.7242	  174.3528
9.756	 2.33	 3	 -42.5667	  173.2705
9.757	 2.20	 1	 -41.7390	  174.1026
9.758	 2.27	 1	 -42.3498	  174.0256
9.758	 2.08	 2	 -42.9977	  172.5782
9.758	 2.18	 2	 -42.4237	  174.1150
9.758	 2.42	 4	 -42.0247	  174.4653
9.758	 2.30	 2	 -42.4024	  173.2288
9.759	 2.02	 1	 -41.6530	  174.2655
9.759	 2.99	 3	 -42.3951	  173.8607
9.761	 2.01	 2	 -42.2509	  173.0624
9.761	 2.48	 1	 -42.3081	  173.8482
9.763	 2.60	 1	 -41.6769	  174.4110
9.764	 3.08	 1	 -42.6625	  172.8404
9.764	 2.46	 1	 -42.9436	  173.7913
9.764	 2.03	 3	 -42.4189	  173.2195
9.765	 2.31	 2	 -41.5998	  173.9812
9.766	 2.22	 1	 -42.8546	  173.6530
9.766	 2.14	 2	 -42.2717	  174.0862
9.766	 2.12	 1	 -41.6984	  173.2820
9.766	 2.87	 1	 -42.0702	  173.8225
9.766	 2.34	 2	 -41.9212	  173.8169
9.766	 2.55	 1	 -42.4045	  173.7954
9.767	 2.03	 1	 -42.4789	  172.9720
9.767	 2.36	 3	 -42.5098	  173.9636
9.767	 2.94	 2	 -41.9641	  174.5563
9.768	 2.26	 3	 -41.7480	  174.4162
9.770	 3.63	 1	 -42.3711	  174.0436
9.771	 3.27	 3	 -42.2594	  173.5402
9.771	 2.16	 3	 -41.6320	  174.5948
9.772	 2.11	 4	 -42.4875	  173.7785
9.773	 2.83	 1	 -41.8401	  174.3868
9.773	 2.30	 3	 -42.0579	  173.6243
9.776	 2.09	 1	 -41.7096	  174.3102
9.776	 2.29	 3	 -41.7345	  174.1977
9.777	 2.04	 2	 -42.0500	  174.0001
9.777	 2.44	 2	 -42.2443	  173.2042
9.777	 2.02	 3	 -42.4382	  173.7706
9.777	 3.41	 1	 -41.7391	  174.2053
9.777	 3.03	 1	 -42.4660	  173.1606
9.777	 2.21	 3	 -42.3111	  172.9256
9.778	 2.71	 3	 -41.6263	  174.2136
9.778	 2.17	 2	 -41.6765	  174.3893
9.778	 2.70	 1	 -42.4669	  173.1520
9.779	 2.01	 1	 -41.9031	  173.0106
9.779	 2.80	 1	 -42.2758	  173.6395
9.780	 2.40	 1	 -41.7439	  174.2241
9.780	 3.00	 1	 -42.5124	  173.1339
9.781	 2.54	 1	 -41.7508	  174.3030
9.781	 2.07	 3	 -42.5289	  173.6703
9.782	 2.05	 1	 -41.9143	  173.9545
9.783	 2.57	 1	 -42.3568	  173.4706
9.784	 2.08	 2	 -42.1224	  173.7924
9.786	 2.24	 3	 -42.4185	  172.9804
9.786	 2.01	 1	 -42.1581	  173.6567
9.786	 2.39	 2	 -42.1746	  173.9035
9.787	 3.27	 2	 -42.2039	  174.0094
9.790	 2.10	 2	 -42.5642	  173.0904
9.790	 2.07	 1	 -41.9751	  173.7520
9.792	 2.21	 1	 -42.2632	  173.8864
9.794	 2.28	 1	 -41.7449	  174.2814
9.794	 2.13	 1	 -42.6195	  172.9012
9.796	 2.12	 1	 -42.4555	  173.9003
9.796	 2.66	 2	 -41.7143	  174.2415
9.796	 3.25	 2	 -42.3470	  173.8148
9.797	 2.05	 2	 -42.4557	  173.5272
9.797	 2.53	 2	 -42.2321	  173.5636
9.798	 2.34	 1	 -41.7240	  174.0991
9.798	 2.45	 1	 -42.2039	  173.6542
9.798	 2.72	 1	 -42.4223	  173.1307
9.799	 2.21	 3	 -41.5619	  174.1494
9.800	 2.02	 2	 -42.4761	  173.8126
9.801	 2.60	 2	 -42.0313	  174.0400
9.801	 2.33	 3	 -42.4383	  173.6980
9.801	 2.57	 1	 -42.5727	  173.3995
9.802	 2.04	 1	 -42.6698	  172.8843
9.803	 2.07	 1	 -41.8505	  174.0638
9.804	 2.05	 3	 -42.0287	  173.8076
9.804	 2.96	 5	 -41.8623	  174.9113
9.805	 2.66	 2	 -42.4218	  173.8400
9.805	 2.09	 2	 -42.4325	  172.4730
9.805	 3.94	 1	 -42.6769	  172.7988
9.806	 2.47	 2	 -40.9055	  174.2393
9.806	 2.12	 1	 -42.3897	  173.4814
9.807	 2.79	 1	 -42.3089	  172.7629
9.807	 2.25	 1	 -42.2418	  173.4933
9.807	 2.02	 3	 -41.8008	  174.6311
9.807	 3.13	 2	 -42.5323	  173.0808
9.808	 2.67	 4	 -41.5394	  174.8314
9.808	 2.10	 2	 -42.3895	  172.8199
9.808	 2.41	 2	 -41.7018	  174.2651
9.808	 2.50	 2	 -42.5839	  173.3967
9.809	 2.03	 3	 -42.1017	  173.9527
9.809	 2.25	 1	 -42.2095	  173.6086
9.810	 2.02	 1	 -42.1890	  173.1460
9.813	 2.19	 1	 -41.7783	  174.1456
9.814	 2.70	 2	 -42.0325	  173.6568
9.816	 2.47	 1	 -42.5380	  174.0593
9.817	 2.08	 1	 -42.7273	  173.0894
9.817	 2.55	 2	 -42.6056	  173.2506
9.818	 2.25	 2	 -41.7904	  174.2718
9.819	 2.15	 3	 -42.4696	  173.7094
9.820	 2.00	 2	 -42.2592	  173.6458
9.820	 2.17	 3	 -42.0992	  172.9623
9.820	 2.93	 2	 -42.6430	  172.9897
9.822	 2.04	 4	 -41.6480	  174.1541
9.823	 3.19	 2	 -42.4428	  173.4161
9.825	 2.50	 1	 -42.6585	  172.8237
9.827	 2.48	 2	 -42.4709	  172.9078
9.828	 2.63	 3	 -42.4449	  173.7601
9.828	 2.07	 1	 -42.0169	  173.7444
9.829	 2.24	 2	 -42.0951	  173.7185
9.831	 2.42	 1	 -42.1075	  173.6162
9.831	 2.46	 1	 -42.3251	  173.8697
9.833	 2.07	 2	 -41.6742	  174.2135
9.834	 2.22	 1	 -42.1361	  173.5688
9.834	 3.09	 1	 -42.6497	  173.2156
9.835	 2.84	 1	 -40.1741	  172.1946
9.835	 2.03	 1	 -41.8084	  174.0092
9.836	 2.30	 2	 -42.1287	  173.5922
9.837	 2.28	 1	 -42.3349	  173.8926
9.838	 2.01	 1	 -42.3082	  173.8543
9.838	 2.23	 3	 -41.9580	  174.5604
9.839	 2.17	 3	 -42.5954	  173.5539
9.839	 2.45	 3	 -42.1098	  173.9447
9.840	 2.01	 2	 -42.6543	  172.9467
9.840	 2.04	 3	 -41.6918	  174.7127
9.840	 3.68	 1	 -42.3810	  173.4522
9.842	 3.30	 1	 -44.7786	  173.6435
9.842	 2.62	 2	 -42.9396	  172.4102
9.843	 2.58	 2	 -41.8337	  173.5172
9.844	 2.34	 2	 -42.4156	  172.9903
9.844	 2.36	 1	 -42.0523	  173.6802
9.844	 2.56	 1	 -42.7807	  172.9473
9.844	 2.13	 2	 -41.7542	  174.1383
9.845	 3.25	 3	 -42.3017	  173.8299
9.848	 2.52	 2	 -42.6236	  172.2620
9.850	 2.36	 1	 -41.9146	  174.0016
9.852	 3.73	 2	 -42.3454	  173.7061
9.853	 2.63	 3	 -42.7510	  172.8475
9.853	 2.07	 1	 -41.7397	  174.2991
9.854	 2.83	 1	 -41.7578	  174.3641
9.855	 2.79	 2	 -42.1192	  174.8037
9.857	 2.03	 1	 -41.5643	  174.5107
9.857	 2.74	 1	 -41.7261	  174.3208
9.857	 3.08	 2	 -40.6799	  174.0820
9.858	 2.09	 2	 -41.9360	  173.8146
9.858	 2.12	 3	 -42.5581	  173.3781
9.859	 2.22	 4	 -42.4906	  174.1481
9.859	 2.03	 2	 -42.4343	  174.3573
9.859	 2.45	 3	 -42.4981	  173.8479
9.860	 2.69	 1	 -42.3926	  174.0259
9.860	 2.56	 1	 -42.5463	  172.9801
9.860	 2.14	 1	 -41.8810	  174.3583
9.860	 2.04	 2	 -42.5788	  174.0223
9.861	 2.53	 1	 -42.4207	  173.2330
9.862	 2.50	 2	 -42.3879	  173.7329
9.862	 2.14	 2	 -42.3991	  173.1874
9.863	 2.40	 3	 -41.6135	  174.7463
9.863	 2.26	 2	 -42.5464	  173.4715
9.863	 2.51	 1	 -42.0319	  175.1337
9.864	 3.24	 1	 -42.5118	  173.2499
9.865	 2.00	 1	 -42.3594	  173.9109
9.867	 2.80	 2	 -41.7661	  174.3130
9.868	 2.06	 1	 -42.3854	  173.7477
9.869	 2.08	 1	 -42.4721	  173.0786
9.869	 2.21	 3	 -42.1438	  173.4906
9.870	 2.09	 3	 -42.4791	  173.8914
9.870	 2.42	 1	 -42.4022	  174.0579
9.870	 2.01	 2	 -42.2083	  173.6951
9.875	 2.50	 3	 -42.5123	  173.6570
9.875	 2.44	 2	 -42.1370	  173.6118
9.876	 2.04	 2	 -42.4384	  173.5574
9.876	 2.15	 1	 -41.9653	  175.4164
9.876	 3.24	 1	 -41.8049	  174.2724
9.877	 2.32	 2	 -41.8763	  172.5667
9.877	 2.19	 2	 -42.3177	  174.0131
9.877	 2.44	 2	 -42.1152	  173.7111
9.877	 2.22	 3	 -42.5274	  173.7585
9.878	 2.20	 3	 -42.4868	  173.7977
9.878	 2.21	 3	 -42.5174	  173.8244
9.879	 2.16	 1	 -42.3347	  173.1220
9.881	 2.03	 1	 -41.7023	  174.2674
9.883	 2.23	 1	 -42.5119	  173.8472
9.883	 3.50	 2	 -42.3861	  173.7490
9.886	 2.07	 1	 -42.0246	  173.6882
9.887	 2.02	 1	 -42.0560	  173.6955
9.888	 3.24	 1	 -42.1965	  173.5265
9.889	 3.69	 1	 -42.4796	  173.3115
9.889	 2.03	 1	 -41.7895	  174.2784
9.889	 3.69	 1	 -41.8430	  174.1169
9.890	 2.31	 2	 -42.1736	  173.8015
9.891	 2.08	 1	 -42.9151	  172.8529
9.891	 2.25	 1	 -41.6901	  174.2531
9.891	 2.58	 3	 -42.6179	  173.4089
9.893	 2.32	 1	 -43.2129	  173.0054
9.894	 2.29	 4	 -41.6815	  174.7063
9.896	 2.10	 2	 -43.3039	  173.5358
9.898	 2.74	 1	 -41.8939	  174.3480
9.898	 2.81	 1	 -42.1501	  173.7237
9.898	 3.24	 1	 -42.1591	  173.7241
9.899	 2.52	 1	 -42.2971	  173.7295
9.899	 3.21	 3	 -42.5035	  173.7921
9.901	 2.06	 3	 -41.8358	  174.2645
9.901	 2.73	 4	 -42.2613	  173.6891
9.902	 2.32	 1	 -41.9817	  173.8936
9.902	 2.79	 1	 -41.9581	  173.9969
9.903	 2.32	 3	 -42.6053	  173.8173
9.903	 2.22	 1	 -42.5585	  173.0745
9.904	 2.12	 1	 -41.7388	  174.1454
9.905	 2.30	 2	 -42.1214	  173.5967
9.906	 2.29	 2	 -42.3847	  174.0316
9.906	 2.08	 3	 -42.2834	  173.5082
9.907	 2.26	 1	 -42.7210	  173.1101
9.907	 2.05	 2	 -42.4378	  173.4929
9.907	 2.09	 2	 -41.8940	  173.8044
9.907	 2.05	 1	 -42.4059	  173.7019
9.908	 2.35	 2	 -41.9710	  173.7741
9.908	 2.24	 1	 -42.6619	  172.7528
9.909	 2.59	 3	 -41.6598	  174.7386
9.911	 2.41	 2	 -44.8901	  172.1032
9.912	 3.62	 4	 -42.5369	  173.7747
9.912	 2.04	 1	 -41.9745	  173.7101
9.913	 2.16	 2	 -42.4461	  173.6852
9.913	 3.75	 1	 -41.7176	  174.2871
9.914	 2.18	 2	 -42.2160	  173.6052
9.914	 2.31	 1	 -42.4733	  174.0207
9.914	 2.14	 1	 -42.2099	  171.8479
9.915	 2.93	 2	 -42.3615	  173.9266
9.915	 2.06	 4	 -41.6302	  174.1650
9.916	 2.23	 1	 -42.2556	  173.7957
9.917	 2.48	 2	 -42.4625	  173.8840
9.917	 2.03	 3	 -42.4887	  173.8693
9.917	 2.34	 2	 -42.4802	  173.4070
9.917	 2.64	 2	 -42.6523	  172.8096
9.919	 2.40	 3	 -42.9535	  173.8696
9.920	 4.04	 1	 -42.3261	  173.8547
9.921	 2.29	 1	 -43.8066	  172.1817
9.922	 2.75	 1	 -42.1039	  175.4062
9.922	 2.06	 2	 -42.3377	  173.0996
9.922	 2.14	 2	 -42.0029	  173.6425
9.923	 2.00	 1	 -42.3275	  173.5303
9.924	 2.14	 1	 -41.7296	  174.2627
9.925	 3.61	 3	 -42.6811	  173.6803
9.925	 2.19	 3	 -42.4011	  173.8189
9.925	 2.03	 2	 -42.5618	  172.6189
9.929	 2.24	 3	 -42.4156	  174.0855
9.932	 2.18	 2	 -42.4002	  173.9954
9.933	 3.57	 1	 -41.8039	  174.2325
9.933	 2.17	 3	 -41.7794	  174.2990
9.936	 2.93	 2	 -42.3530	  173.9885
9.938	 2.27	 3	 -42.5271	  173.8226
9.939	 4.15	 2	 -42.6116	  173.0284
9.940	 2.23	 3	 -41.8217	  174.6426
9.940	 2.15	 1	 -41.7491	  174.1191
9.940	 2.23	 2	 -42.9613	  173.2312
9.941	 2.04	 2	 -42.2324	  173.9579
9.941	 2.93	 2	 -42.3087	  173.8632
9.941	 2.94	 1	 -41.7798	  174.0988
9.941	 2.09	 2	 -41.6828	  173.1325
9.942	 2.31	 2	 -41.6990	  173.2823
9.942	 2.08	 4	 -42.5409	  173.7639
9.943	 2.08	 3	 -41.0861	  174.6199
9.944	 2.13	 1	 -41.7098	  174.2200
9.944	 2.61	 2	 -42.3068	  173.9682
9.948	 2.69	 2	 -41.7422	  174.2497
9.948	 2.20	 2	 -40.1416	  172.1505
9.949	 2.73	 2	 -41.7105	  174.2648
9.949	 2.15	 1	 -41.7685	  174.2911
9.949	 2.53	 1	 -42.0427	  173.6580
9.951	 2.29	 1	 -41.7611	  174.2280
9.952	 2.17	 1	 -42.2953	  173.8569
9.954	 2.58	 1	 -42.5630	  173.2258
9.954	 2.07	 3	 -41.6287	  174.1271
9.954	 2.10	 2	 -42.1657	  173.9634
9.957	 2.91	 1	 -42.0768	  173.8707
9.957	 2.02	 1	 -42.6172	  172.8941
9.960	 2.52	 4	 -42.5041	  173.8069
9.960	 2.40	 2	 -42.2882	  173.6836
9.961	 2.76	 1	 -42.6624	  172.7486
9.961	 3.00	 1	 -41.7349	  174.4546
9.961	 2.02	 2	 -41.7563	  174.3716
9.962	 2.62	 2	 -41.7278	  174.2168
9.963	 2.48	 1	 -42.3269	  174.1338
9.963	 2.78	 1	 -42.3180	  173.2580
9.965	 2.27	 1	 -42.3474	  174.0054
9.965	 2.81	 3	 -41.6867	  174.6211
9.965	 2.25	 3	 -41.7043	  174.2140
9.965	 2.67	 2	 -41.7010	  174.2350
9.966	 2.44	 4	 -42.4837	  173.7901
9.966	 2.02	 1	 -40.2922	  171.8929
9.967	 2.10	 1	 -41.8593	  174.0731
9.968	 2.10	 2	 -42.4465	  173.2468
9.968	 2.06	 1	 -42.5075	  172.8887
9.969	 2.04	 1	 -42.5606	  173.9960
9.970	 3.38	 2	 -41.9672	  173.8645
9.971	 2.22	 1	 -41.8779	  174.2959
9.971	 2.71	 1	 -41.8410	  174.2304
9.972	 2.03	 2	 -41.6966	  174.2087
9.973	 2.12	 4	 -42.4793	  173.8237
9.975	 2.42	 2	 -42.5959	  173.3422
9.975	 2.53	 1	 -42.3839	  174.4628
9.977	 2.04	 1	 -42.6067	  173.9664
9.979	 2.09	 1	 -41.7318	  174.2674
9.979	 2.55	 2	 -41.7136	  174.2855
9.981	 2.12	 1	 -41.9470	  173.9879
9.984	 2.33	 1	 -42.3824	  172.8813
9.984	 2.18	 1	 -41.7693	  174.1451
9.984	 4.33	 1	 -41.7257	  174.2791
9.984	 2.52	 2	 -42.1015	  173.7622
9.986	 2.40	 3	 -41.5063	  174.6865
9.987	 2.30	 2	 -42.6925	  173.4363
9.988	 2.42	 1	 -41.8296	  174.1905
9.991	 2.25	 1	 -42.6709	  173.5779
9.992	 2.05	 2	 -42.0075	  173.6821
9.993	 2.10	 3	 -42.4285	  173.7888
9.993	 2.46	 1	 -42.4709	  173.4884
9.994	 2.31	 3	 -41.6500	  174.7444
9.994	 2.13	 1	 -42.2555	  173.6747
9.995	 2.40	 2	 -42.1091	  175.4267
9.996	 2.59	 1	 -41.3165	  171.3479
9.996	 2.80	 1	 -41.8262	  174.2284
9.999	 4.71	 1	 -42.2664	  173.6641
10.000	 2.68	 2	 -42.9930	  172.5667
10.000	 2.27	 2	 -41.7174	  174.2872
10.000	 2.09	 1	 -41.8133	  173.9223
10.001	 2.43	 4	 -42.7397	  173.2078
10.002	 2.53	 3	 -41.6570	  174.1401
10.003	 2.29	 1	 -41.7113	  174.2586
10.003	 2.26	 1	 -42.3900	  173.2044
10.004	 2.35	 3	 -42.4935	  173.8082
10.004	 2.20	 1	 -42.0813	  173.8338
10.006	 2.16	 1	 -42.6227	  172.9602
10.007	 2.37	 2	 -42.2391	  173.6169
10.008	 2.74	 4	 -41.7347	  173.9348
10.009	 2.19	 1	 -42.3406	  173.5321
10.010	 2.57	 1	 -42.4506	  173.0735
10.010	 2.38	 4	 -42.4743	  173.8215
10.010	 2.53	 1	 -42.4715	  173.0894
10.011	 2.08	 1	 -42.3085	  173.8830
10.012	 2.61	 1	 -41.6371	  174.3443
10.013	 2.28	 1	 -42.1109	  172.8907
10.013	 2.42	 1	 -42.6161	  172.8418
10.013	 3.21	 1	 -41.7643	  174.4220
10.013	 2.33	 1	 -42.4239	  173.3875
10.013	 2.28	 1	 -41.7739	  174.1143
10.014	 2.28	 2	 -42.7144	  172.6191
10.015	 2.72	 1	 -41.7820	  174.1160
10.018	 2.28	 3	 -42.4544	  173.7445
10.018	 2.23	 2	 -42.3091	  174.0397
10.018	 3.23	 2	 -42.2776	  174.0562
10.018	 2.12	 2	 -42.9515	  172.9143
10.018	 2.19	 1	 -42.2563	  173.7164
10.019	 2.28	 3	 -41.7183	  174.2856
10.019	 2.45	 3	 -41.6157	  174.6723
10.019	 2.02	 1	 -42.6341	  173.2886
10.019	 2.33	 1	 -41.7193	  174.2531
10.020	 2.33	 3	 -42.3921	  173.6051
10.020	 2.33	 3	 -41.7291	  174.2127
10.021	 2.52	 3	 -41.6885	  174.2114
10.022	 3.26	 1	 -42.0719	  173.7877
10.023	 2.42	 1	 -41.7289	  174.2801
10.023	 2.52	 1	 -41.8176	  173.6491
10.025	 2.26	 2	 -42.3074	  173.9977
10.028	 2.53	 2	 -42.4887	  173.8504
10.028	 2.11	 2	 -41.9337	  174.0797
10.029	 2.32	 2	 -42.2279	  173.6945
10.029	 3.40	 1	 -41.7494	  174.1667
10.030	 2.42	 2	 -42.2297	  173.8804
10.031	 2.51	 1	 -42.6730	  173.5571
10.031	 2.73	 2	 -42.3164	  174.0197
10.032	 2.02	 1	 -41.8113	  174.0954
10.032	 2.15	 1	 -42.2272	  174.0457
10.033	 2.31	 2	 -42.4999	  173.6807
10.033	 2.48	 2	 -42.2472	  173.6661
10.034	 2.63	 1	 -42.3133	  173.2649
10.034	 2.03	 3	 -42.1964	  173.5100
10.036	 2.98	 4	 -41.3016	  172.6951
10.036	 2.08	 4	 -42.6921	  173.6412
10.038	 2.28	 1	 -42.2126	  173.5454
10.040	 2.16	 4	 -42.7338	  173.1753
10.041	 2.02	 3	 -41.9594	  173.8283
10.042	 2.39	 1	 -40.2804	  172.6527
10.043	 2.24	 1	 -41.8093	  173.6088
10.043	 2.31	 2	 -42.3158	  174.2744
10.045	 2.16	 1	 -41.7468	  174.2140
10.045	 2.65	 2	 -41.9246	  173.7347
10.045	 2.17	 2	 -41.9881	  173.4515
10.045	 2.45	 1	 -42.4074	  174.1179
10.045	 2.70	 1	 -41.8394	  174.3928
10.045	 2.08	 1	 -41.6298	  174.6587
10.046	 2.11	 1	 -41.6544	  174.2669
10.046	 2.50	 1	 -42.5733	  173.0231
10.047	 2.34	 3	 -41.6965	  173.0845
10.048	 2.01	 1	 -42.5437	  172.1477
10.048	 2.47	 3	 -42.4888	  173.8620
10.048	 3.01	 1	 -41.5209	  174.3718
10.049	 2.63	 1	 -41.2020	  174.0966
10.050	 2.90	 3	 -42.5201	  174.9673
10.050	 3.00	 3	 -41.6467	  174.6743
10.051	 2.49	 1	 -42.6472	  172.8252
10.052	 2.08	 3	 -40.3080	  168.4457
10.052	 2.60	 1	 -42.6604	  172.7522
10.052	 3.26	 2	 -42.3165	  173.2578
10.053	 2.08	 3	 -42.4829	  173.7296
10.054	 2.65	 4	 -42.6012	  173.8318
10.054	 2.06	 1	 -42.0135	  172.8601
10.054	 3.38	 1	 -42.6189	  172.9450
10.054	 2.16	 1	 -42.0080	  173.9698
10.055	 2.33	 1	 -42.2412	  173.6842
10.056	 2.64	 2	 -41.6137	  174.0461
10.056	 2.09	 2	 -42.5268	  173.2516
10.057	 2.49	 1	 -41.7850	  174.2598
10.058	 2.46	 1	 -42.3272	  173.5003
10.058	 2.38	 1	 -42.4724	  173.7617
10.060	 2.25	 2	 -42.0061	  173.7241
10.061	 3.06	 1	 -42.8176	  173.0400
10.062	 2.39	 2	 -42.3896	  173.8561
10.062	 2.06	 3	 -42.3831	  173.8822
10.064	 2.36	 3	 -41.7158	  174.3302
10.064	 2.45	 1	 -41.9933	  173.7316
10.065	 2.96	 2	 -42.2651	  173.7742
10.065	 2.44	 2	 -41.7828	  173.7724
10.066	 2.15	 2	 -42.0070	  173.7068
10.066	 2.06	 2	 -42.2315	  173.7113
10.067	 2.52	 1	 -41.7660	  174.2730
10.067	 2.31	 1	 -41.2552	  171.2247
10.068	 2.30	 1	 -42.2764	  173.6000
10.069	 2.26	 1	 -42.3776	  173.9710
10.069	 2.23	 1	 -41.6379	  174.0478
10.069	 3.35	 2	 -41.8172	  174.1767
10.070	 2.28	 2	 -41.8182	  174.0918
10.071	 2.82	 1	 -42.3994	  174.2056
10.071	 2.04	 1	 -41.8888	  174.1520
10.072	 2.07	 1	 -42.2796	  173.8750
10.073	 2.32	 1	 -42.8124	  173.4592
10.075	 3.01	 1	 -42.3738	  173.7081
10.076	 2.47	 1	 -42.6132	  172.9324
10.076	 2.42	 1	 -41.7147	  174.0578
10.077	 2.07	 3	 -42.5364	  173.7983
10.081	 2.69	 3	 -41.6959	  174.2164
10.082	 2.31	 3	 -42.1436	  174.2857
10.082	 2.05	 2	 -41.3445	  173.8906
10.082	 2.19	 3	 -42.4209	  173.7429
10.083	 2.44	 2	 -42.2620	  173.6329
10.084	 2.07	 3	 -42.4512	  173.7231
10.085	 2.36	 3	 -42.3446	  173.7115
10.086	 3.06	 3	 -41.7127	  174.2630
10.086	 2.44	 1	 -42.5106	  173.2624
10.087	 2.01	 1	 -42.2427	  173.4896
10.087	 2.74	 1	 -42.1845	  172.8208
10.088	 2.91	 4	 -41.7331	  174.0740
10.090	 2.54	 1	 -42.1236	  172.7992
10.095	 2.48	 2	 -42.2584	  173.6372
10.096	 2.23	 1	 -42.5362	  173.5887
10.096	 2.05	 1	 -41.6924	  174.3456
10.097	 2.07	 1	 -42.6564	  172.7611
10.097	 2.69	 1	 -42.6175	  172.8433
10.098	 2.27	 1	 -42.4570	  173.1637
10.098	 2.16	 1	 -42.0270	  173.6882
10.099	 2.33	 2	 -43.5234	  171.6731
10.100	 2.76	 1	 -42.4069	  172.1098
10.100	 2.20	 2	 -42.2687	  173.5196
10.101	 2.42	 2	 -41.8506	  174.1480
10.101	 2.26	 1	 -41.7299	  174.2488
10.101	 2.45	 3	 -42.6228	  173.7624
10.102	 2.25	 1	 -42.4315	  173.5627
10.103	 2.42	 2	 -42.4738	  173.7244
10.103	 2.01	 2	 -40.1860	  172.2181
10.104	 2.02	 1	 -41.7389	  174.1942
10.104	 2.35	 1	 -42.5582	  173.3822
10.105	 3.03	 1	 -42.3792	  173.1747
10.108	 2.06	 3	 -41.6856	  174.1523
10.108	 2.50	 1	 -41.2724	  167.2175
10.108	 2.41	 2	 -42.5186	  173.0616
10.109	 3.31	 2	 -42.4235	  173.7776
10.110	 3.36	 1	 -41.9698	  173.6082
10.110	 2.10	 1	 -42.0598	  173.9116
10.112	 3.18	 2	 -42.2555	  174.1132
10.113	 2.15	 1	 -42.2528	  173.6144
10.114	 2.75	 3	 -42.5421	  173.0882
10.117	 2.10	 1	 -42.3951	  173.4146
10.118	 2.01	 1	 -41.7070	  174.3210
10.118	 2.11	 1	 -42.1729	  173.6934
10.120	 2.53	 3	 -42.2035	  173.7231
10.121	 4.66	 3	 -42.5739	  173.7873
10.122	 2.02	 2	 -41.7333	  174.2762
10.123	 2.52	 2	 -42.2726	  173.8748
10.124	 2.54	 4	 -42.3953	  174.2276
10.127	 2.17	 2	 -42.1804	  173.9080
10.127	 2.03	 1	 -41.7958	  173.7320
10.127	 2.83	 3	 -42.0318	  174.0390
10.127	 2.14	 1	 -42.7082	  173.0302
10.128	 3.06	 1	 -41.7623	  174.5142
10.128	 2.30	 2	 -42.4246	  173.6397
10.129	 2.10	 1	 -41.8300	  174.1375
10.129	 2.34	 4	 -42.5093	  173.1708
10.129	 3.34	 5	 -41.6134	  174.7279
10.131	 2.05	 1	 -42.6833	  173.4014
10.132	 2.99	 1	 -42.4275	  173.1279
10.132	 2.04	 2	 -42.6054	  173.2774
10.134	 2.40	 1	 -41.6857	  174.3204
10.135	 2.48	 2	 -42.3314	  173.6037
10.135	 2.66	 2	 -42.1505	  173.6956
10.137	 2.07	 3	 -42.5495	  173.7203
10.137	 2.32	 1	 -41.6925	  174.2844
10.140	 2.50	 1	 -41.5669	  174.3849
10.141	 2.13	 1	 -41.8650	  174.2325
10.141	 2.46	 2	 -41.9560	  173.7669
10.141	 2.19	 1	 -42.3956	  174.0341
10.141	 2.60	 2	 -42.3176	  174.0334
10.141	 3.25	 2	 -42.3208	  173.6299
10.142	 2.31	 2	 -42.3290	  173.1806
10.142	 2.73	 1	 -41.6835	  174.2206
10.142	 2.41	 3	 -42.5150	  173.6798
10.143	 2.25	 2	 -41.7543	  174.5047
10.145	 2.77	 4	 -42.7492	  173.1154
10.146	 2.18	 1	 -42.3641	  173.7773
10.146	 2.26	 1	 -42.1417	  173.5699
10.147	 2.07	 1	 -42.4671	  173.3861
10.148	 2.10	 4	 -42.7050	  173.1730
10.149	 2.04	 2	 -42.4986	  174.1112
10.150	 2.06	 1	 -42.2054	  173.5494
10.150	 2.98	 1	 -41.9964	  173.6598
10.151	 3.06	 1	 -42.5328	  173.1213
10.151	 2.15	 1	 -42.4693	  173.0729
10.152	 2.24	 1	 -41.8996	  173.8532
10.152	 2.07	 2	 -42.4427	  173.7226
10.155	 2.61	 1	 -41.8320	  174.1225
10.157	 2.01	 3	 -42.6216	  173.5328
10.157	 2.29	 2	 -41.6799	  174.2350
10.157	 2.59	 2	 -42.3243	  173.8172
10.157	 2.20	 4	 -41.7169	  174.1564
10.157	 3.30	 2	 -42.6325	  173.4926
10.159	 2.13	 1	 -41.9741	  173.7190
10.159	 2.63	 3	 -42.6539	  173.6268
10.160	 2.23	 2	 -41.7474	  174.1683
10.162	 2.11	 2	 -42.5206	  173.0851
10.162	 2.37	 1	 -41.8681	  173.0328
10.162	 2.26	 1	 -41.7513	  174.3140
10.163	 2.76	 2	 -43.0260	  172.5044
10.163	 2.14	 2	 -41.8460	  174.1113
10.166	 2.82	 4	 -42.4273	  173.6885
10.167	 2.29	 1	 -41.7835	  174.2368
10.167	 2.29	 1	 -42.5276	  173.2690
10.168	 2.01	 1	 -42.2226	  173.9427
10.168	 2.36	 1	 -41.6816	  174.2757
10.168	 2.32	 3	 -41.6976	  173.5244
10.169	 2.27	 3	 -42.4774	  173.7458
10.171	 2.03	 2	 -42.3122	  173.7318
10.171	 2.14	 3	 -42.4530	  173.7658
10.172	 2.58	 2	 -42.3528	  173.5120
10.173	 2.14	 1	 -41.8042	  174.2421
10.174	 2.49	 1	 -42.2684	  173.6207
10.175	 2.14	 2	 -42.8631	  172.7102
10.176	 2.52	 1	 -42.4808	  173.0912
10.177	 2.04	 2	 -42.3210	  173.8275
10.178	 2.05	 1	 -41.7076	  174.3893
10.178	 3.79	 3	 -41.7725	  174.2014
10.180	 2.51	 1	 -42.8725	  173.7770
10.180	 2.04	 3	 -42.4994	  173.6801
10.182	 2.34	 4	 -42.5619	  173.7747
10.183	 3.36	 3	 -42.4945	  173.6358
10.184	 2.63	 3	 -42.5700	  173.9062
10.185	 2.19	 1	 -41.6938	  174.2750
10.186	 2.17	 2	 -42.1983	  173.5799
10.188	 2.28	 3	 -42.2805	  173.8654
10.190	 2.38	 3	 -42.1774	  173.7234
10.190	 2.15	 1	 -42.3821	  173.7040
10.191	 2.67	 1	 -41.4986	  173.9681
10.192	 2.37	 4	 -42.5191	  173.7473
10.192	 2.18	 1	 -42.3832	  173.7664
10.194	 2.55	 1	 -41.8047	  174.1227
10.194	 2.59	 1	 -42.0206	  173.9187
10.195	 2.25	 1	 -42.6637	  172.7520
10.197	 4.26	 3	 -42.4107	  174.1114
10.197	 2.86	 4	 -42.9908	  173.1139
10.198	 3.20	 1	 -42.2732	  173.6839
10.199	 2.02	 4	 -41.7790	  173.7103
10.201	 3.35	 1	 -41.9893	  173.6341
10.201	 2.14	 2	 -41.7691	  174.2231
10.201	 2.03	 1	 -42.3742	  173.8675
10.201	 2.86	 1	 -41.6596	  174.2351
10.202	 2.12	 1	 -42.1770	  173.6566
10.202	 2.19	 3	 -42.1631	  174.8253
10.203	 2.29	 3	 -41.6409	  174.1205
10.205	 2.29	 1	 -41.9568	  174.1048
10.205	 2.53	 3	 -42.3100	  173.7159
10.206	 2.55	 2	 -42.2022	  173.8318
10.206	 3.01	 1	 -41.8688	  174.2910
10.208	 2.26	 1	 -41.6909	  174.2578
10.210	 2.27	 1	 -42.2625	  173.8912
10.211	 2.38	 1	 -41.1511	  173.7253
10.212	 2.08	 2	 -42.1960	  173.5257
10.212	 2.09	 1	 -42.4129	  173.7485
10.213	 3.81	 1	 -42.2333	  173.6492
10.214	 2.46	 1	 -41.9002	  173.9622
10.215	 2.78	 2	 -42.3130	  173.2637
10.216	 4.43	 3	 -42.3458	  173.7085
10.216	 2.60	 1	 -43.0329	  172.8970
10.216	 2.61	 3	 -42.5390	  173.7839
10.217	 2.14	 1	 -42.4491	  173.0996
10.218	 2.29	 1	 -42.2619	  171.9383
10.219	 2.41	 1	 -42.2515	  173.6701
10.220	 2.17	 2	 -42.4155	  173.6908
10.221	 2.82	 2	 -42.2764	  173.6264
10.223	 2.09	 2	 -42.2859	  174.0158
10.223	 2.19	 1	 -42.3655	  174.0132
10.223	 2.06	 1	 -42.6530	  173.7524
10.223	 3.41	 1	 -42.4402	  173.3960
10.224	 2.60	 2	 -42.1855	  173.6706
10.225	 2.20	 3	 -42.2607	  173.6068
10.226	 2.95	 1	 -42.3130	  173.6901
10.228	 2.69	 3	 -42.4915	  173.8887
10.228	 2.37	 1	 -41.6796	  174.3620
10.229	 2.10	 1	 -42.5625	  173.0260
10.229	 2.76	 4	 -42.3496	  173.6990
10.230	 2.83	 4	 -42.5283	  173.7078
10.231	 2.56	 2	 -41.9947	  173.6811
10.231	 3.25	 1	 -41.9803	  173.7878
10.232	 2.11	 1	 -42.3687	  174.3185
10.233	 3.52	 2	 -41.6667	  174.7298
10.233	 2.84	 1	 -41.6886	  174.2230
10.233	 2.58	 2	 -41.8599	  174.1950
10.234	 2.14	 1	 -42.3404	  173.9024
10.235	 2.03	 1	 -42.6583	  172.7943
10.236	 2.16	 2	 -41.8105	  173.7837
10.237	 2.21	 3	 -42.3350	  173.3244
10.239	 2.26	 2	 -42.3457	  172.7067
10.240	 2.66	 1	 -41.8171	  174.1945
10.241	 2.06	 1	 -41.6589	  174.4638
10.241	 2.23	 4	 -42.5754	  173.7961
10.241	 2.04	 1	 -42.3036	  173.2955
10.243	 2.09	 2	 -42.3650	  173.7336
10.246	 2.62	 1	 -42.4231	  173.3209
10.247	 2.08	 3	 -42.5715	  173.0518
10.250	 2.35	 2	 -42.6384	  172.9699
10.253	 2.16	 1	 -42.2560	  173.6539
10.254	 2.17	 1	 -42.3405	  173.8369
10.255	 2.38	 4	 -42.2495	  173.6754
10.255	 2.15	 1	 -41.9815	  173.2549
10.256	 2.31	 1	 -42.6202	  172.7640
10.258	 5.32	 2	 -42.0795	  173.6948
10.258	 2.22	 1	 -42.5608	  172.9903
10.259	 2.34	 1	 -42.4382	  172.7393
10.259	 3.08	 2	 -41.9125	  173.7569
10.259	 2.17	 1	 -42.5419	  173.1610
10.259	 2.46	 2	 -42.3505	  173.1388
10.260	 2.90	 3	 -42.0878	  173.7296
10.261	 2.12	 4	 -42.3224	  173.6884
10.261	 2.01	 1	 -41.7165	  174.2879
10.261	 2.29	 3	 -42.3196	  173.9908
10.261	 2.43	 2	 -42.5821	  173.4794
10.262	 2.59	 1	 -42.7838	  172.9128
10.263	 2.67	 1	 -42.4994	  173.7638
10.263	 2.22	 2	 -42.1292	  174.8989
10.264	 3.00	 1	 -41.7392	  174.1874
10.264	 2.21	 3	 -42.2831	  173.8703
10.264	 2.31	 2	 -41.8211	  174.2361
10.265	 2.78	 2	 -42.3129	  173.1868
10.266	 2.43	 1	 -42.3805	  174.0489
10.266	 2.34	 1	 -42.2147	  174.3074
10.267	 2.56	 1	 -42.4302	  173.5693
10.268	 2.03	 4	 -41.7134	  174.1578
10.270	 2.13	 1	 -42.3058	  174.1554
10.271	 2.26	 2	 -42.3022	  173.7222
10.271	 2.38	 1	 -42.5325	  173.8759
10.271	 2.30	 1	 -42.5717	  173.2439
10.272	 2.01	 1	 -39.4547	  168.7769
10.273	 3.16	 1	 -42.6568	  172.8903
10.275	 2.06	 1	 -41.8148	  174.3021
10.275	 2.30	 2	 -42.3767	  173.4453
10.276	 2.05	 4	 -41.6614	  174.1803
10.277	 2.03	 3	 -42.0791	  173.7103
10.277	 2.27	 1	 -42.2187	  173.6929
10.277	 2.83	 2	 -41.6318	  174.2842
10.279	 2.49	 2	 -42.2977	  173.9758
10.282	 2.46	 2	 -42.4415	  173.8074
10.283	 2.03	 3	 -42.0600	  173.6404
10.284	 2.30	 3	 -42.0369	  173.7361
10.285	 2.40	 2	 -42.1420	  174.0337
10.288	 2.06	 4	 -42.4802	  173.8904
10.288	 2.56	 4	 -42.3814	  171.1870
10.288	 2.07	 1	 -41.6781	  174.2458
10.288	 2.36	 1	 -42.3322	  173.7987
10.288	 2.00	 3	 -42.3507	  173.7038
10.289	 2.65	 1	 -41.7222	  174.3386
10.289	 2.38	 1	 -42.3422	  172.9228
10.290	 2.02	 1	 -42.4523	  173.4752
10.290	 2.66	 1	 -41.7402	  174.2631
10.291	 2.36	 2	 -42.3822	  173.9835
10.291	 2.04	 2	 -41.7350	  173.1319
10.291	 2.26	 4	 -42.5336	  173.7356
10.292	 2.50	 3	 -42.1106	  173.7060
10.293	 2.26	 1	 -41.6698	  174.3089
10.294	 2.16	 3	 -42.4445	  173.7494
10.294	 3.39	 1	 -42.4279	  174.0528
10.294	 2.51	 2	 -42.0350	  173.2094
10.295	 2.12	 2	 -43.1125	  175.1385
10.296	 2.38	 1	 -42.6171	  172.8797
10.296	 2.31	 3	 -42.0790	  173.7338
10.297	 2.53	 2	 -41.7343	  174.2935
10.300	 2.04	 2	 -41.5385	  173.7607
10.301	 2.12	 1	 -42.5402	  173.8973
10.301	 2.11	 1	 -41.5997	  173.9355
10.302	 2.08	 2	 -42.2389	  173.4566
10.302	 2.22	 1	 -41.9596	  173.7424
10.302	 2.20	 1	 -41.7395	  174.3400
10.303	 2.39	 2	 -41.7253	  174.2804
10.303	 2.15	 3	 -42.0029	  173.9432
10.303	 2.11	 1	 -42.5496	  172.8550
10.303	 3.17	 2	 -42.2303	  173.5606
10.304	 2.34	 1	 -42.3134	  173.6669
10.307	 2.00	 2	 -41.7251	  174.2322
10.307	 2.31	 1	 -42.3017	  173.6861
10.308	 2.79	 2	 -42.2293	  173.5826
10.308	 2.19	 3	 -42.4350	  173.7188
10.309	 2.73	 1	 -42.3384	  173.8951
10.311	 2.29	 1	 -42.1394	  173.8126
10.311	 2.58	 1	 -42.3557	  173.3385
10.312	 2.03	 3	 -42.4606	  173.8014
10.312	 2.01	 4	 -42.4837	  173.7832
10.312	 2.95	 1	 -42.4543	  172.9869
10.314	 2.81	 2	 -42.3792	  173.1759
10.316	 2.37	 1	 -42.3090	  173.9032
10.317	 3.34	 3	 -42.4285	  173.8320
10.317	 2.17	 1	 -42.3952	  173.7188
10.317	 2.15	 2	 -42.2539	  173.8827
10.318	 2.41	 1	 -41.6777	  174.2720
10.318	 2.18	 1	 -42.0112	  173.8192
10.319	 2.79	 1	 -42.5232	  173.1635
10.323	 2.62	 1	 -41.7108	  174.2396
10.323	 2.04	 1	 -42.5894	  173.0099
10.325	 2.52	 1	 -42.0939	  173.8702
10.327	 2.25	 4	 -40.6926	  174.9614
10.327	 2.35	 2	 -41.7227	  174.2907
10.327	 2.44	 2	 -42.3898	  173.7253
10.327	 2.35	 2	 -41.7485	  174.2861
10.330	 2.78	 1	 -41.9766	  174.0454
10.330	 2.92	 2	 -42.2962	  173.7554
10.331	 2.22	 2	 -42.3371	  173.9711
10.331	 2.27	 1	 -42.1355	  173.7074
10.333	 2.03	 1	 -42.2208	  173.6451
10.333	 2.16	 4	 -42.5008	  173.6161
10.334	 2.06	 3	 -42.3177	  174.0138
10.334	 2.06	 2	 -42.3242	  173.9688
10.335	 2.37	 3	 -42.0533	  173.7158
10.337	 2.45	 3	 -41.7644	  174.2029
10.337	 2.15	 1	 -41.7793	  174.4213
10.339	 2.02	 1	 -42.7410	  173.1265
10.339	 2.02	 1	 -42.3435	  173.7474
10.340	 2.67	 1	 -42.0332	  174.7108
10.341	 2.23	 2	 -42.9037	  172.9904
10.341	 2.07	 1	 -42.2671	  173.6515
10.342	 2.95	 2	 -41.8524	  174.3713
10.342	 2.24	 2	 -42.9243	  173.6091
10.342	 2.19	 1	 -42.4373	  173.7366
10.343	 2.46	 2	 -41.8091	  174.1327
10.343	 2.14	 1	 -42.1694	  173.6025
10.343	 2.49	 1	 -42.3666	  173.4849
10.343	 2.42	 1	 -42.4816	  174.0849
10.344	 2.17	 1	 -42.6862	  173.6216
10.346	 2.03	 1	 -41.8324	  173.5811
10.348	 2.12	 1	 -41.7293	  174.2654
10.349	 2.17	 3	 -42.0784	  173.7010
10.350	 2.12	 1	 -42.3385	  173.6347
10.351	 2.69	 3	 -42.4712	  173.7683
10.351	 2.06	 3	 -42.5728	  173.8416
10.351	 2.14	 2	 -41.6782	  174.1665
10.351	 3.00	 1	 -42.2792	  173.8860
10.351	 2.35	 3	 -41.6532	  174.6206
10.352	 2.28	 1	 -42.4456	  179.7412
10.352	 2.54	 1	 -42.5521	  173.0752
10.352	 2.51	 1	 -42.1602	  173.7641
10.352	 2.05	 1	 -41.7557	  174.2047
10.353	 3.51	 3	 -42.4062	  173.7376
10.353	 2.06	 4	 -41.6436	  174.7340
10.354	 2.03	 3	 -42.3104	  173.8167
10.355	 2.34	 1	 -41.7868	  174.1570
10.355	 2.18	 1	 -42.5001	  173.1152
10.355	 2.30	 2	 -41.5542	  174.5471
10.356	 2.43	 2	 -41.8471	  174.1741
10.357	 2.14	 3	 -42.0910	  173.7165
10.357	 2.64	 2	 -42.4103	  173.5617
10.358	 2.49	 2	 -43.1098	  173.3216
10.361	 3.20	 1	 -42.2321	  173.6780
10.362	 3.53	 1	 -42.2353	  173.7081
10.362	 3.26	 1	 -42.7549	  173.3219
10.363	 2.00	 4	 -42.4373	  174.0947
10.363	 2.88	 1	 -42.5483	  173.0776
10.366	 2.64	 2	 -41.9204	  173.8018
10.366	 2.04	 2	 -43.1902	  172.9550
10.367	 2.32	 1	 -42.2407	  174.2482
10.369	 2.10	 2	 -42.2048	  173.7917
10.371	 2.73	 3	 -42.9584	  173.1617
10.372	 2.47	 2	 -41.7572	  174.3109
10.372	 2.69	 1	 -42.2528	  173.4880
10.373	 2.91	 1	 -42.2531	  173.6617
10.373	 2.13	 3	 -42.2706	  173.6005
10.374	 3.37	 1	 -42.6620	  172.8450
10.375	 2.37	 4	 -42.5368	  173.7840
10.376	 2.37	 1	 -42.5402	  172.9798
10.377	 2.54	 1	 -41.7154	  174.3309
10.378	 2.29	 1	 -41.6633	  174.2692
10.378	 2.22	 2	 -41.9025	  172.6272
10.378	 2.98	 1	 -41.7841	  174.2587
10.382	 2.22	 1	 -42.4267	  174.0685
10.383	 2.74	 1	 -42.3037	  173.6424
10.384	 2.06	 3	 -42.5752	  172.8340
10.384	 2.20	 3	 -41.7162	  174.2944
10.384	 2.03	 4	 -42.3952	  173.9486
10.384	 2.05	 1	 -42.5881	  172.9175
10.384	 3.33	 2	 -42.4751	  174.3515
10.386	 3.10	 1	 -42.6924	  172.9572
10.386	 3.42	 3	 -41.5075	  174.6598
10.386	 2.20	 3	 -42.4000	  174.0578
10.388	 2.04	 4	 -42.3370	  173.7109
10.388	 2.30	 1	 -42.0549	  173.8499
10.389	 2.19	 3	 -42.5111	  173.6931
10.391	 2.05	 3	 -42.0963	  173.8283
10.392	 2.24	 3	 -42.3277	  174.0158
10.393	 2.49	 2	 -41.6204	  174.6944
10.393	 2.15	 2	 -42.2613	  174.1050
10.394	 2.49	 1	 -42.4524	  172.6616
10.395	 2.22	 3	 -41.6937	  174.6978
10.396	 2.97	 2	 -42.1584	  173.5428
10.396	 2.63	 2	 -42.3686	  173.1597
10.397	 2.13	 4	 -42.4268	  174.1219
10.400	 2.15	 3	 -42.4931	  173.8240
10.400	 2.05	 2	 -42.9742	  174.1944
10.400	 3.00	 1	 -41.6760	  174.3183
10.400	 2.59	 1	 -42.0958	  172.8546
10.401	 3.14	 1	 -42.0300	  173.9363
10.401	 2.23	 1	 -42.1854	  173.7094
10.402	 2.22	 1	 -42.6318	  173.5551
10.402	 2.49	 4	 -42.3441	  173.7197
10.402	 2.41	 1	 -42.6989	  172.9111
10.402	 2.19	 4	 -42.4506	  174.0848
10.403	 2.96	 3	 -43.1668	  172.9737
10.405	 2.93	 1	 -41.6570	  174.3530
10.405	 2.06	 2	 -42.5551	  172.9779
10.405	 2.78	 3	 -41.6130	  174.6543
10.408	 2.44	 1	 -41.5396	  174.2806
10.408	 2.17	 2	 -41.9891	  173.6351
10.409	 2.00	 2	 -42.4302	  173.7595
10.409	 2.72	 1	 -42.3111	  174.4262
10.410	 2.22	 1	 -43.2624	  172.0589
10.411	 2.47	 2	 -42.2324	  173.6475
10.412	 2.24	 1	 -42.5068	  173.0574
10.413	 4.32	 3	 -41.4854	  175.1103
10.415	 2.03	 2	 -42.7116	  173.7621
10.415	 2.40	 2	 -42.8873	  172.9086
10.415	 2.75	 1	 -46.4483	  171.9769
10.416	 2.22	 3	 -42.3222	  174.0045
10.417	 2.26	 3	 -42.2830	  173.8484
10.418	 2.36	 1	 -42.4815	  173.7474
10.419	 2.30	 1	 -41.7075	  174.2929
10.420	 2.51	 2	 -41.8338	  174.3015
10.420	 2.40	 3	 -42.0649	  173.6593
10.422	 3.28	 1	 -41.6697	  174.3689
10.422	 2.09	 1	 -41.7158	  174.2460
10.423	 2.17	 1	 -42.3471	  174.1442
10.425	 2.05	 2	 -42.3919	  173.6895
10.425	 2.34	 1	 -41.8171	  174.2848
10.426	 2.57	 1	 -41.7141	  174.1295
10.427	 2.62	 2	 -42.5952	  174.1938
10.429	 2.69	 1	 -42.3073	  173.7178
10.429	 2.25	 1	 -41.8821	  173.9495
10.430	 2.94	 5	 -42.4221	  173.1299
10.431	 2.22	 3	 -41.6340	  174.6420
10.431	 3.21	 1	 -42.2566	  173.6324
10.431	 2.15	 2	 -42.9800	  172.9084
10.432	 2.38	 2	 -42.5893	  173.3872
10.434	 2.22	 3	 -41.8331	  174.7280
10.434	 2.01	 2	 -42.6143	  173.5117
10.436	 2.09	 1	 -41.5120	  174.5352
10.440	 2.08	 2	 -42.2424	  174.0351
10.441	 2.28	 2	 -41.7136	  174.2743
10.443	 2.07	 1	 -42.1558	  173.8841
10.445	 2.25	 3	 -42.5112	  173.5777
10.445	 2.01	 4	 -41.4935	  175.1060
10.445	 2.21	 1	 -42.3753	  173.9997
10.446	 2.32	 3	 -41.6513	  174.6801
10.446	 2.43	 3	 -41.7031	  174.2056
10.447	 3.09	 1	 -42.6520	  172.8454
10.451	 2.51	 3	 -42.5968	  173.8235
10.451	 2.63	 1	 -42.5496	  174.0056
10.452	 2.15	 2	 -42.5004	  173.4066
10.455	 2.45	 2	 -42.2558	  173.6539
10.457	 2.70	 1	 -40.1393	  172.1604
10.458	 2.55	 1	 -42.3413	  173.9422
10.459	 2.85	 4	 -41.5066	  175.1094
10.460	 2.18	 2	 -41.6748	  174.3178
10.460	 3.24	 3	 -42.7117	  173.7975
10.462	 2.37	 1	 -42.5822	  173.1131
10.462	 2.18	 3	 -42.4384	  173.9040
10.462	 2.03	 2	 -41.6984	  174.2406
10.462	 2.21	 3	 -42.1167	  173.6123
10.462	 2.85	 1	 -42.2247	  173.6222
10.462	 2.30	 3	 -42.6161	  173.6575
10.462	 2.57	 2	 -42.3301	  173.8698
10.463	 2.16	 3	 -42.2560	  173.6685
10.464	 2.65	 5	 -42.3427	  173.7178
10.465	 2.60	 1	 -42.2739	  173.6254
10.465	 2.89	 1	 -42.6944	  172.9803
10.467	 2.64	 4	 -41.8778	  174.1347
10.467	 2.42	 1	 -41.9598	  173.8952
10.468	 2.23	 2	 -41.7834	  174.0668
10.468	 2.33	 1	 -41.6654	  174.1638
10.468	 2.00	 4	 -42.5762	  173.6460
10.469	 2.02	 3	 -42.4590	  174.0784
10.469	 2.06	 3	 -42.4809	  173.7487
10.469	 2.17	 1	 -41.7411	  174.2623
10.469	 2.67	 3	 -42.4761	  173.8051
10.469	 2.11	 4	 -42.4090	  174.1189
10.470	 2.23	 2	 -42.2697	  173.6469
10.470	 2.25	 2	 -42.3153	  173.9154
10.470	 2.60	 1	 -41.9553	  174.2763
10.473	 2.45	 2	 -41.7364	  173.9859
10.473	 3.09	 4	 -42.7269	  173.2151
10.474	 2.16	 1	 -42.7067	  175.2673
10.474	 2.24	 3	 -41.9506	  173.7956
10.475	 2.59	 2	 -42.5609	  172.9310
10.476	 2.81	 1	 -41.7436	  173.8887
10.477	 2.12	 2	 -42.8846	  172.9265
10.477	 2.24	 5	 -42.4014	  173.4318
10.478	 2.51	 1	 -41.8173	  174.0218
10.478	 2.00	 2	 -42.3607	  173.4333
10.479	 3.04	 3	 -42.0599	  173.6942
10.479	 2.36	 3	 -42.3489	  173.8288
10.483	 2.04	 2	 -42.3238	  173.6840
10.485	 2.97	 1	 -42.1528	  173.6646
10.485	 2.09	 2	 -42.6630	  172.8646
10.487	 2.55	 2	 -41.7876	  174.2185
10.488	 2.89	 1	 -42.7394	  167.0533
10.489	 2.10	 2	 -42.5587	  172.9155
10.491	 3.40	 2	 -42.3113	  174.0110
10.491	 2.37	 1	 -42.4372	  174.0033
10.491	 2.22	 1	 -42.4004	  173.6074
10.491	 2.40	 3	 -42.5999	  173.3716
10.492	 2.13	 2	 -42.3071	  173.7765
10.493	 2.26	 1	 -42.4321	  174.0302
10.493	 2.61	 2	 -42.2343	  172.5631
10.494	 2.04	 1	 -43.0017	  172.4818
10.494	 2.30	 4	 -42.3220	  173.2811
10.496	 2.08	 3	 -42.4537	  173.7628
10.497	 2.08	 1	 -42.2134	  173.5831
10.497	 2.35	 1	 -41.9774	  173.9343
10.498	 2.02	 4	 -42.1979	  173.8256
10.500	 2.12	 1	 -42.5625	  173.0918
10.501	 2.03	 1	 -41.6914	  174.2971
10.502	 2.05	 4	 -42.2713	  173.7026
10.502	 2.56	 2	 -42.6558	  172.8869
10.503	 2.12	 3	 -42.0731	  173.6862
10.505	 2.40	 4	 -42.6155	  173.1329
10.506	 2.17	 3	 -41.6657	  174.7306
10.507	 2.30	 1	 -43.1566	  174.5985
10.507	 2.01	 1	 -42.0240	  173.7460
10.508	 2.11	 2	 -42.6380	  173.4820
10.508	 2.27	 1	 -42.3667	  174.0954
10.509	 2.13	 1	 -41.7051	  174.2986
10.510	 2.11	 1	 -42.2778	  173.6000
10.511	 2.04	 2	 -42.2245	  173.7479
10.512	 2.68	 1	 -42.5205	  174.0978
10.514	 3.28	 1	 -42.0438	  173.7300
10.515	 3.60	 1	 -42.5881	  172.9356
10.516	 2.61	 3	 -41.7687	  174.1666
10.517	 2.12	 1	 -41.9315	  173.7674
10.518	 2.52	 2	 -42.6477	  173.4792
10.519	 2.04	 3	 -42.2923	  174.1247
10.520	 2.21	 2	 -42.3191	  173.2591
10.520	 2.37	 2	 -42.3826	  173.9981
10.522	 2.39	 2	 -42.0639	  172.8318
10.524	 2.01	 2	 -42.6334	  172.9918
10.525	 2.37	 2	 -42.3211	  173.8548
10.525	 2.07	 1	 -42.3545	  173.8338
10.527	 2.02	 4	 -42.4226	  173.6719
10.528	 2.23	 2	 -41.9043	  173.4633
10.529	 2.28	 3	 -42.1015	  173.7092
10.530	 2.23	 3	 -42.0214	  173.6933
10.530	 2.27	 3	 -42.2936	  173.7602
10.530	 2.51	 2	 -42.5731	  173.3850
10.534	 3.09	 2	 -41.7379	  174.2860
10.535	 2.69	 4	 -42.4133	  174.1060
10.535	 2.77	 3	 -42.5065	  173.7807
10.536	 2.60	 2	 -41.8708	  173.8502
10.537	 5.65	 1	 -43.2927	  172.9212
10.537	 2.03	 1	 -42.3378	  173.6387
10.537	 2.11	 1	 -42.3105	  173.8474
10.537	 2.07	 2	 -42.4046	  173.1897
10.541	 2.06	 3	 -41.6677	  174.7355
10.544	 2.26	 4	 -41.6492	  174.1759
10.546	 2.09	 2	 -42.5620	  173.1639
10.546	 2.40	 3	 -41.5906	  174.8818
10.547	 2.03	 1	 -41.6890	  173.9579
10.547	 2.12	 2	 -42.5668	  173.4193
10.547	 2.54	 3	 -41.8024	  174.3360
10.548	 2.22	 2	 -43.4268	  172.9479
10.549	 2.57	 1	 -42.4942	  173.1272
10.549	 2.65	 1	 -41.7888	  174.3456
10.549	 2.08	 2	 -42.3141	  173.9920
10.549	 2.02	 1	 -42.1436	  173.5509
10.550	 2.27	 1	 -42.5406	  173.3138
10.551	 2.11	 2	 -41.6398	  174.3643
10.551	 2.32	 1	 -42.1168	  173.4746
10.552	 2.18	 1	 -42.2605	  173.5933
10.553	 2.90	 1	 -41.8556	  174.1821
10.554	 3.89	 3	 -42.5464	  173.5590
10.555	 2.40	 2	 -42.6424	  173.2957
10.555	 2.24	 1	 -41.7299	  174.2952
10.555	 2.13	 3	 -42.0740	  173.8255
10.557	 2.11	 4	 -41.7273	  174.6410
10.557	 2.38	 2	 -43.1903	  172.9686
10.558	 2.23	 2	 -41.6999	  174.2898
10.559	 2.18	 2	 -42.2666	  173.6713
10.560	 2.33	 2	 -43.2173	  172.4420
10.560	 2.09	 2	 -43.2996	  172.9290
10.563	 2.18	 1	 -42.6318	  172.8569
10.564	 2.83	 1	 -42.5528	  173.7796
10.565	 3.44	 2	 -43.0059	  172.7769
10.565	 2.22	 2	 -41.7365	  174.3300
10.566	 2.55	 1	 -41.7590	  174.1789
10.566	 2.35	 1	 -41.9563	  173.6996
10.567	 2.18	 2	 -43.4719	  172.8939
10.567	 2.16	 2	 -42.1903	  173.6998
10.568	 2.01	 1	 -42.6829	  172.8801
10.569	 2.59	 2	 -43.3012	  172.9303
10.569	 3.68	 2	 -42.2026	  173.9455
10.569	 2.24	 3	 -42.0679	  173.6861
10.570	 2.17	 2	 -42.4370	  174.0446
10.570	 2.29	 2	 -42.2553	  173.6962
10.571	 2.37	 1	 -41.9307	  173.5544
10.572	 2.77	 1	 -42.4465	  173.4957
10.572	 2.54	 2	 -42.4630	  173.5930
10.572	 3.20	 1	 -42.5465	  173.4192
10.573	 2.04	 2	 -43.1591	  172.9145
10.573	 2.58	 2	 -42.2877	  173.9324
10.574	 2.71	 1	 -42.5036	  173.0712
10.574	 2.39	 2	 -42.5008	  173.0354
10.574	 2.44	 1	 -42.3945	  173.1137
10.575	 2.44	 2	 -42.5622	  173.4934
10.576	 2.11	 1	 -42.3401	  172.7419
10.576	 3.75	 2	 -41.7316	  174.2897
10.577	 2.31	 4	 -42.4983	  173.8141
10.578	 2.13	 1	 -42.6136	  172.8089
10.579	 2.94	 1	 -42.3626	  173.1350
10.581	 2.53	 2	 -42.3546	  173.8838
10.581	 2.15	 1	 -41.7671	  174.1202
10.581	 2.17	 2	 -43.3097	  172.9597
10.581	 2.43	 1	 -42.3476	  173.8680
10.582	 2.50	 1	 -42.3683	  172.9359
10.582	 2.41	 3	 -42.4585	  173.7106
10.582	 2.07	 1	 -41.6152	  174.0757
10.582	 2.10	 2	 -42.3092	  173.7233
10.585	 2.77	 1	 -42.4142	  173.4035
10.585	 2.27	 1	 -42.5245	  174.1280
10.585	 2.29	 2	 -41.6193	  174.2058
10.587	 2.27	 1	 -39.6650	  168.5072
10.587	 2.87	 1	 -41.6976	  174.2518
10.589	 3.22	 1	 -41.9508	  174.1906
10.589	 3.76	 3	 -41.6466	  174.1282
10.590	 2.49	 1	 -41.7566	  174.3023
10.591	 2.25	 4	 -41.4673	  175.1253
10.591	 2.39	 1	 -45.4752	  177.8278
10.591	 2.31	 2	 -42.2124	  173.6190
10.592	 2.55	 2	 -42.1112	  174.0139
10.593	 2.01	 1	 -41.9757	  173.6746
10.594	 2.03	 3	 -42.8550	  172.6847
10.595	 2.09	 2	 -42.0525	  174.0251
10.596	 3.33	 3	 -40.0687	  174.7948
10.598	 2.28	 2	 -42.3562	  173.0980
10.598	 2.11	 1	 -42.3422	  173.6151
10.600	 2.22	 2	 -41.7635	  174.2267
10.602	 2.01	 3	 -41.4826	  174.2279
10.604	 2.05	 1	 -42.0278	  173.5938
10.607	 2.59	 2	 -42.2488	  173.5599
10.608	 2.24	 3	 -43.3146	  174.8963
10.611	 2.03	 1	 -42.2083	  173.6885
10.611	 2.23	 1	 -42.6819	  172.8527
10.611	 2.79	 3	 -42.1927	  173.7891
10.612	 2.44	 2	 -41.7798	  174.1421
10.613	 2.04	 6	 -41.5842	  174.6337
10.614	 2.31	 1	 -41.6663	  174.3320
10.617	 2.04	 1	 -41.7232	  174.2918
10.617	 2.02	 2	 -42.0371	  174.0296
10.618	 2.66	 3	 -42.5781	  173.6145
10.619	 2.76	 1	 -42.7847	  173.0732
10.621	 2.11	 1	 -41.8459	  174.0733
10.622	 2.43	 1	 -42.6550	  172.9022
10.622	 3.04	 1	 -41.7763	  174.1940
10.623	 3.14	 1	 -42.1378	  173.7248
10.624	 2.50	 3	 -42.0929	  173.7004
10.625	 2.32	 1	 -42.4710	  173.9964
10.625	 2.54	 1	 -42.2408	  173.4589
10.626	 2.14	 1	 -42.3327	  172.9759
10.627	 2.88	 2	 -41.6485	  174.7504
10.627	 2.07	 1	 -42.4649	  173.0961
10.627	 2.25	 3	 -42.4481	  173.8412
10.628	 2.90	 1	 -42.1272	  173.7827
10.628	 2.15	 2	 -42.6764	  172.2791
10.628	 2.03	 2	 -41.6962	  174.2905
10.628	 3.61	 1	 -42.3762	  173.4873
10.629	 2.13	 2	 -41.6883	  174.4691
10.629	 2.09	 1	 -41.7048	  174.3131
10.629	 2.19	 1	 -42.2644	  173.8150
10.630	 2.02	 1	 -42.4571	  173.4712
10.630	 2.23	 1	 -42.1999	  173.5588
10.631	 2.15	 2	 -42.5213	  174.1088
10.632	 2.26	 3	 -42.2593	  173.6528
10.632	 3.12	 2	 -42.3643	  173.2014
10.634	 2.07	 2	 -43.2807	  172.9295
10.634	 2.14	 1	 -41.6265	  174.3557
10.635	 2.44	 4	 -42.3754	  173.9354
10.635	 2.11	 3	 -42.4241	  173.7955
10.635	 2.86	 3	 -42.3200	  173.5979
10.635	 2.15	 5	 -41.4961	  174.9623
10.636	 2.14	 3	 -41.6284	  174.7142
10.639	 3.02	 1	 -42.1480	  173.5995
10.639	 2.32	 1	 -42.6283	  173.3015
10.641	 2.03	 3	 -42.4669	  173.7811
10.641	 2.11	 2	 -42.6532	  172.8365
10.642	 3.10	 2	 -43.2789	  172.9088
10.644	 2.37	 3	 -38.1912	  175.6116
10.644	 2.09	 1	 -42.2949	  173.6583
10.644	 2.79	 3	 -42.4939	  173.7809
10.644	 2.01	 2	 -43.3213	  172.9277
10.646	 2.22	 1	 -42.6762	  173.4778
10.646	 2.05	 3	 -41.4960	  174.2554
10.650	 2.02	 2	 -43.2562	  172.8087
10.650	 2.48	 1	 -42.6228	  172.9564
10.651	 2.00	 1	 -41.7024	  174.2780
10.651	 2.05	 1	 -41.7075	  174.3084
10.651	 2.30	 2	 -42.3351	  173.1532
10.651	 2.10	 1	 -42.5962	  173.0104
10.652	 2.08	 2	 -41.1747	  174.1112
10.652	 2.71	 2	 -42.2396	  173.9447
10.652	 2.25	 1	 -43.6094	  174.5503
10.653	 3.77	 1	 -42.3520	  173.3481
10.653	 2.33	 1	 -42.4670	  173.0694
10.654	 2.00	 4	 -41.4849	  175.1006
10.654	 2.07	 2	 -42.5194	  173.2295
10.655	 2.53	 2	 -42.4989	  173.7569
10.656	 2.08	 1	 -42.2395	  173.4762
10.656	 3.69	 2	 -42.5843	  173.7301
10.657	 2.18	 2	 -42.3720	  173.6864
10.657	 2.23	 1	 -42.3226	  173.8207
10.657	 2.17	 1	 -42.3053	  173.6655
10.658	 2.24	 3	 -41.9219	  173.8194
10.658	 2.33	 2	 -42.3450	  173.1486
10.659	 2.02	 3	 -41.9694	  173.8689
10.659	 2.20	 3	 -42.3497	  173.2374
10.661	 2.63	 2	 -43.6855	  171.7970
10.663	 2.33	 1	 -42.0358	  173.8162
10.663	 2.86	 1	 -42.2496	  174.1414
10.663	 2.80	 2	 -44.0124	  172.8857
10.663	 2.11	 1	 -42.7950	  173.0705
10.666	 2.57	 1	 -42.8013	  173.2422
10.666	 2.23	 2	 -42.2799	  173.8837
10.666	 2.38	 1	 -42.2742	  173.5823
10.667	 2.15	 1	 -42.3920	  173.9975
10.667	 2.18	 2	 -43.2826	  172.9889
10.667	 2.13	 3	 -41.9757	  173.4704
10.668	 2.72	 3	 -41.7430	  174.2398
10.669	 2.47	 3	 -42.3950	  173.4755
10.669	 2.59	 3	 -42.3638	  173.9846
10.671	 2.43	 2	 -43.2896	  172.8365
10.672	 2.02	 1	 -40.5097	  169.2084
10.672	 2.02	 3	 -41.9762	  174.7618
10.673	 2.34	 2	 -42.1694	  173.4746
10.673	 2.40	 1	 -41.9414	  172.0193
10.675	 2.58	 1	 -42.0819	  173.9510
10.675	 2.58	 1	 -42.3096	  173.9879
10.675	 2.24	 1	 -42.1870	  173.6142
10.675	 2.13	 1	 -41.7799	  174.2136
10.676	 2.21	 2	 -41.5573	  174.1196
10.676	 3.21	 1	 -42.3580	  173.9243
10.678	 2.12	 2	 -42.4602	  172.6015
10.678	 2.23	 3	 -41.6281	  174.6685
10.678	 2.42	 2	 -42.3859	  174.4695
10.679	 2.01	 2	 -42.5525	  173.1871
10.680	 2.10	 1	 -41.7182	  174.1918
10.682	 2.08	 1	 -42.3938	  174.0333
10.684	 2.14	 1	 -42.3930	  173.8369
10.684	 2.00	 2	 -42.1440	  173.6549
10.684	 2.30	 3	 -42.2503	  174.1117
10.685	 2.70	 2	 -41.8180	  172.6444
10.687	 2.11	 3	 -42.0102	  173.9398
10.688	 2.06	 1	 -41.6850	  174.2282
10.692	 2.33	 1	 -42.4498	  173.8167
10.692	 2.19	 3	 -41.0145	  168.2018
10.693	 2.36	 1	 -42.3686	  173.4775
10.694	 2.06	 2	 -42.3391	  172.8044
10.696	 2.82	 1	 -42.5032	  173.1105
10.696	 2.97	 2	 -41.8595	  174.3049
10.699	 2.87	 1	 -42.5382	  172.9779
10.699	 2.88	 2	 -43.2848	  173.0003
10.700	 2.70	 1	 -43.2123	  172.9544
10.701	 2.37	 1	 -41.8362	  174.4109
10.701	 2.32	 2	 -42.3213	  174.0250
10.702	 2.44	 1	 -42.7063	  173.4327
10.703	 2.21	 1	 -42.5977	  173.0813
10.704	 3.70	 1	 -41.9658	  172.6431
10.706	 2.36	 1	 -42.3888	  173.2014
10.706	 2.36	 1	 -42.4211	  173.1795
10.706	 2.22	 2	 -41.7211	  174.2889
10.708	 2.36	 3	 -41.9731	  174.8016
10.709	 2.18	 1	 -42.3428	  173.6199
10.709	 2.32	 1	 -42.8759	  173.2142
10.710	 2.05	 2	 -42.2691	  173.6609
10.711	 2.21	 1	 -42.3397	  173.7026
10.715	 2.22	 1	 -42.5795	  172.6363
10.715	 2.27	 1	 -42.6013	  172.7447
10.715	 2.20	 1	 -42.2002	  173.8860
10.716	 2.02	 1	 -41.6227	  174.4352
10.717	 2.11	 1	 -42.3135	  173.8503
10.718	 2.10	 4	 -41.5135	  174.6664
10.720	 2.15	 1	 -42.2657	  173.6633
10.720	 2.27	 2	 -41.9459	  173.8064
10.720	 3.40	 1	 -42.0093	  173.7542
10.720	 2.50	 1	 -42.0512	  173.6860
10.721	 2.35	 2	 -42.2507	  173.6358
10.721	 3.13	 1	 -42.3680	  173.6919
10.722	 2.35	 1	 -42.6115	  173.0262
10.723	 2.24	 1	 -42.2318	  173.6497
10.723	 2.34	 1	 -42.5325	  173.5447
10.723	 3.96	 1	 -41.5676	  173.8131
10.724	 2.42	 1	 -41.6437	  176.2564
10.725	 2.03	 2	 -42.2334	  172.5668
10.726	 2.21	 1	 -41.6849	  174.1741
10.730	 2.29	 2	 -42.2030	  173.5448
10.731	 2.42	 1	 -42.5320	  173.1939
10.732	 2.23	 2	 -43.2760	  172.9772
10.733	 2.46	 4	 -42.6597	  175.7002
10.733	 2.22	 1	 -42.3200	  173.6308
10.733	 2.13	 2	 -42.1493	  173.6651
10.734	 2.43	 2	 -41.8684	  174.2586
10.734	 2.66	 1	 -41.6916	  174.1601
10.734	 2.37	 3	 -42.1674	  173.5306
10.735	 2.06	 1	 -42.2092	  173.6455
10.735	 2.32	 1	 -42.6514	  173.1222
10.737	 2.16	 1	 -43.4298	  172.5066
10.737	 2.62	 1	 -41.9410	  174.3210
10.739	 2.18	 2	 -42.4825	  172.7290
10.740	 2.13	 3	 -42.6329	  173.4959
10.741	 3.78	 4	 -41.6456	  174.7404
10.742	 2.39	 1	 -42.6170	  175.5447
10.742	 2.21	 2	 -42.4946	  173.9700
10.742	 2.99	 2	 -42.3073	  172.7544
10.743	 2.39	 2	 -42.3132	  173.9898
10.743	 2.08	 2	 -42.5897	  173.0493
10.745	 3.76	 1	 -41.9930	  173.0119
10.745	 2.87	 1	 -41.8755	  174.1838
10.745	 2.77	 2	 -42.2821	  173.6716
10.746	 2.57	 2	 -43.3114	  173.0425
10.747	 2.18	 2	 -43.2482	  170.0767
10.747	 2.33	 3	 -42.5104	  172.4897
10.747	 2.34	 2	 -43.2712	  172.9200
10.747	 2.02	 1	 -42.2754	  174.5566
10.750	 2.33	 1	 -42.1366	  173.8471
10.750	 2.17	 1	 -42.0256	  173.5247
10.752	 2.39	 1	 -42.6635	  172.7402
10.752	 2.19	 1	 -41.8048	  174.2984
10.754	 3.12	 1	 -42.2489	  173.6445
10.754	 2.87	 4	 -42.3647	  173.5184
10.760	 2.78	 1	 -42.3556	  173.5443
10.760	 2.20	 1	 -41.6840	  174.1741
10.760	 2.05	 4	 -41.8717	  173.6230
10.760	 2.09	 1	 -42.5479	  173.6999
10.760	 2.09	 4	 -42.4244	  173.6875
10.761	 2.45	 3	 -41.6664	  174.7115
10.762	 2.73	 1	 -42.2458	  173.9209
10.762	 2.56	 1	 -42.2761	  173.6470
10.762	 2.07	 3	 -41.7831	  173.5171
10.763	 2.15	 2	 -42.2528	  173.9145
10.764	 2.22	 1	 -41.8597	  174.2813
10.765	 2.40	 2	 -41.9778	  173.7412
10.765	 2.12	 1	 -41.7800	  174.2667
10.766	 2.72	 2	 -42.3416	  173.5841
10.767	 2.75	 2	 -42.6464	  172.9468
10.768	 2.31	 1	 -42.3241	  173.8977
10.769	 2.35	 2	 -42.4218	  173.3179
10.770	 3.18	 3	 -42.7205	  173.8426
10.770	 3.04	 1	 -42.2324	  173.5690
10.770	 2.62	 4	 -42.5427	  173.7479
10.771	 2.10	 3	 -42.7345	  173.6822
10.771	 2.22	 1	 -41.8703	  174.2026
10.772	 2.93	 1	 -42.2544	  173.6289
10.774	 2.10	 2	 -42.3742	  174.0504
10.774	 2.47	 3	 -43.5791	  176.5413
10.774	 2.62	 1	 -41.7614	  174.1734
10.775	 2.11	 1	 -43.0286	  173.0822
10.776	 2.26	 3	 -42.5227	  173.7865
10.776	 3.04	 2	 -42.1980	  173.9251
10.776	 2.46	 1	 -42.5868	  172.9853
10.776	 3.40	 3	 -42.2428	  172.9241
10.777	 2.10	 3	 -41.5023	  174.5811
10.779	 2.33	 2	 -43.2071	  172.9687
10.779	 2.39	 2	 -43.2706	  172.9655
10.781	 2.43	 1	 -42.2554	  173.6137
10.781	 2.02	 1	 -42.4336	  173.7460
10.782	 3.42	 2	 -43.3001	  173.3219
10.782	 2.25	 4	 -41.7285	  174.1717
10.785	 2.09	 3	 -42.7816	  173.0135
10.785	 2.33	 3	 -42.5483	  173.7663
10.786	 2.34	 2	 -42.4047	  173.5855
10.786	 2.25	 1	 -42.4332	  173.7622
10.786	 2.54	 2	 -41.6410	  174.1364
10.787	 3.17	 4	 -41.6533	  174.1409
10.788	 2.48	 1	 -41.9933	  174.0946
10.790	 2.62	 1	 -43.7580	  171.9697
10.790	 2.61	 2	 -42.1882	  173.5343
10.791	 2.01	 1	 -42.6205	  172.9292
10.793	 2.14	 1	 -42.4523	  173.8603
10.793	 2.22	 3	 -44.4914	  171.8283
10.795	 2.70	 1	 -41.7512	  174.3059
10.795	 2.50	 2	 -41.6647	  173.0257
10.795	 2.58	 1	 -41.8098	  174.2264
10.796	 2.37	 2	 -43.3479	  172.8778
10.796	 2.21	 1	 -42.6723	  173.1046
10.796	 2.06	 1	 -42.6280	  172.8396
10.796	 2.97	 2	 -42.4470	  173.3927
10.796	 3.01	 1	 -42.4312	  173.3117
10.796	 2.66	 2	 -43.2855	  172.9044
10.797	 2.08	 1	 -42.3153	  173.8313
10.797	 2.21	 1	 -42.5094	  173.1689
10.798	 2.12	 1	 -42.2869	  173.6550
10.799	 3.57	 1	 -42.8505	  174.2884
10.801	 2.64	 3	 -41.6833	  174.1973
10.801	 2.86	 1	 -41.7376	  174.1724
10.803	 2.62	 4	 -41.5766	  175.1295
10.803	 2.08	 1	 -42.3292	  173.4901
10.803	 2.06	 4	 -42.3511	  173.6926
10.806	 3.10	 1	 -42.2501	  173.6942
10.807	 2.42	 1	 -41.8464	  174.2026
10.808	 2.16	 2	 -43.2722	  173.0035
10.808	 2.52	 1	 -41.7216	  174.2921
10.808	 2.14	 2	 -41.6343	  174.2872
10.809	 3.08	 3	 -41.5674	  174.1048
10.809	 2.30	 2	 -43.2539	  173.0429
10.809	 2.12	 1	 -41.7372	  174.3599
10.810	 3.17	 2	 -42.4115	  173.3903
10.810	 2.04	 1	 -41.8268	  174.1654
10.812	 4.70	 3	 -42.4582	  173.8678
10.812	 2.61	 3	 -42.4953	  173.9039
10.813	 2.14	 1	 -42.1004	  172.9272
10.814	 2.92	 3	 -42.4514	  173.7055
10.816	 2.27	 2	 -42.7262	  172.6741
10.817	 2.66	 4	 -42.4782	  173.8317
10.819	 2.06	 2	 -41.9929	  174.0961
10.819	 2.15	 2	 -42.4122	  173.7735
10.820	 2.19	 1	 -42.3971	  173.5982
10.821	 2.37	 1	 -41.5672	  174.1588
10.821	 3.61	 1	 -42.2713	  173.7161
10.823	 2.18	 2	 -42.2146	  173.5274
10.823	 2.12	 1	 -42.3688	  173.6287
10.823	 2.54	 2	 -42.1621	  170.2612
10.823	 2.02	 3	 -42.5543	  173.7372
10.824	 2.82	 4	 -42.4556	  173.7281
10.825	 3.46	 1	 -42.3015	  173.5480
10.825	 2.04	 2	 -41.7232	  173.1298
10.826	 2.13	 1	 -42.1095	  173.2420
10.826	 2.86	 1	 -42.4945	  173.5896
10.827	 2.27	 2	 -42.5950	  173.5643
10.828	 2.25	 1	 -42.2593	  173.9302
10.828	 3.10	 2	 -42.3986	  173.7448
10.829	 2.28	 1	 -42.1424	  173.6680
10.830	 2.72	 2	 -42.3782	  173.7047
10.830	 3.20	 2	 -43.2708	  172.8056
10.831	 2.44	 1	 -42.1775	  173.4963
10.832	 2.35	 1	 -41.7992	  173.9643
10.832	 2.19	 4	 -42.4781	  173.8656
10.834	 2.95	 1	 -42.1872	  173.7146
10.835	 2.18	 1	 -42.2899	  174.0558
10.836	 2.84	 2	 -42.3554	  173.3484
10.836	 2.49	 2	 -41.8173	  174.2198
10.837	 2.33	 1	 -42.1122	  173.9491
10.839	 2.24	 1	 -42.2502	  173.7969
10.840	 2.50	 1	 -41.6991	  174.2320
10.840	 2.46	 2	 -41.8324	  174.2547
10.840	 2.11	 4	 -42.9491	  173.0538
10.841	 2.16	 1	 -42.4510	  173.4734
10.841	 2.05	 4	 -42.5835	  173.6102
10.843	 2.27	 1	 -41.9627	  173.6281
10.843	 2.83	 1	 -42.4348	  173.1297
10.845	 2.33	 2	 -41.6816	  173.2119
10.845	 2.29	 2	 -41.7497	  174.3466
10.845	 2.33	 2	 -43.3126	  172.9945
10.846	 2.06	 1	 -42.4949	  173.1130
10.846	 3.10	 1	 -42.7978	  173.0408
10.846	 2.11	 3	 -42.5467	  173.3714
10.847	 2.15	 1	 -41.7005	  174.2258
10.847	 2.49	 1	 -42.2335	  173.6745
10.847	 2.10	 2	 -42.5922	  173.5800
10.848	 2.06	 1	 -41.7762	  174.2622
10.849	 2.12	 1	 -42.3324	  173.7282
10.850	 2.82	 1	 -42.5451	  172.3341
10.850	 2.07	 1	 -42.2872	  173.6313
10.852	 2.21	 6	 -41.5836	  175.0977
10.852	 2.39	 2	 -42.0550	  173.7051
10.853	 2.50	 3	 -41.7605	  174.3255
10.854	 2.49	 1	 -42.5918	  174.0845
10.854	 2.40	 2	 -42.3466	  173.9134
10.854	 2.91	 3	 -43.1623	  172.6013
10.856	 2.69	 6	 -42.3299	  174.0913
10.857	 2.05	 2	 -43.3230	  172.8897
10.858	 2.54	 1	 -42.2888	  167.0467
10.858	 2.03	 3	 -41.8952	  173.6167
10.860	 2.29	 3	 -41.6385	  174.2049
10.860	 2.41	 2	 -43.2591	  172.8785
10.861	 2.76	 5	 -41.5552	  174.9354
10.862	 2.36	 1	 -42.4990	  173.9619
10.863	 2.10	 2	 -42.5472	  173.3315
10.864	 2.14	 3	 -42.4315	  173.8347
10.865	 2.11	 2	 -42.5165	  173.8013
10.865	 3.04	 2	 -43.1275	  173.0172
10.866	 2.01	 1	 -42.6532	  172.8922
10.867	 3.20	 1	 -41.6864	  174.2961
10.868	 2.33	 3	 -41.9362	  174.0872
10.868	 2.18	 1	 -41.9204	  173.9000
10.869	 2.93	 1	 -41.7522	  174.2789
10.870	 2.41	 1	 -41.6811	  174.3509
10.871	 2.39	 3	 -42.1409	  173.5982
10.872	 2.11	 3	 -42.3448	  173.8809
10.873	 2.12	 2	 -43.2836	  172.9288
10.875	 2.03	 1	 -42.1200	  173.2829
10.875	 2.43	 1	 -42.1458	  174.3118
10.876	 2.49	 4	 -42.4601	  173.7814
10.876	 3.40	 1	 -42.4920	  173.1315
10.876	 3.48	 1	 -42.2220	  173.7865
10.877	 2.68	 1	 -41.6879	  174.2909
10.877	 2.22	 1	 -42.5678	  173.6565
10.877	 2.01	 1	 -42.4112	  173.5155
10.879	 2.56	 2	 -41.7582	  174.2924
10.879	 2.05	 1	 -42.4145	  173.7126
10.879	 2.04	 1	 -40.7871	  173.4169
10.881	 2.46	 3	 -42.5769	  174.1166
10.883	 2.16	 2	 -43.2789	  172.9394
10.884	 2.20	 2	 -42.2783	  173.6750
10.886	 2.48	 2	 -41.7242	  174.2137
10.886	 2.74	 1	 -42.5292	  173.3417
10.888	 2.23	 1	 -42.3814	  173.6859
10.888	 2.34	 2	 -42.1521	  173.4007
10.890	 2.08	 2	 -42.2911	  173.4067
10.891	 2.16	 4	 -41.7124	  174.2986
10.894	 3.49	 2	 -41.8752	  173.8010
10.895	 2.91	 1	 -42.2184	  173.6809
10.896	 2.31	 1	 -41.8872	  173.9673
10.897	 2.13	 2	 -41.8344	  173.2981
10.898	 3.10	 2	 -41.5877	  174.1412
10.899	 2.06	 1	 -41.8022	  174.4707
10.900	 2.59	 1	 -40.2057	  169.1960
10.900	 2.33	 2	 -42.8445	  174.1285
10.901	 2.00	 1	 -42.2760	  173.4833
10.901	 2.27	 1	 -41.7691	  174.3061
10.902	 2.85	 3	 -43.2750	  173.9929
10.902	 2.21	 3	 -42.5151	  173.8818
10.902	 2.20	 1	 -41.8831	  172.9953
10.903	 2.01	 2	 -42.4989	  173.1383
10.904	 2.45	 2	 -43.2757	  172.9658
10.904	 2.03	 3	 -42.5135	  173.7094
10.905	 2.52	 1	 -41.6814	  174.2928
10.905	 2.55	 2	 -41.6926	  174.2858
10.908	 3.09	 4	 -42.6275	  173.6137
10.908	 2.46	 1	 -41.8608	  173.9749
10.910	 2.07	 1	 -41.9326	  174.0992
10.910	 2.56	 2	 -41.8430	  173.6957
10.910	 4.64	 3	 -41.7441	  174.2998
10.911	 2.20	 1	 -42.3478	  173.9099
10.912	 2.31	 1	 -43.0913	  167.1014
10.914	 2.11	 1	 -41.7299	  174.2170
10.916	 2.39	 3	 -42.8278	  180.0066
10.916	 3.37	 3	 -42.5970	  174.0051
10.916	 2.71	 1	 -42.0453	  174.0269
10.916	 2.40	 2	 -42.3896	  173.7141
10.917	 2.70	 1	 -42.1041	  173.8411
10.919	 2.43	 1	 -42.4818	  173.6861
10.922	 2.51	 1	 -39.8788	  175.7528
10.922	 2.14	 1	 -42.1029	  173.5456
10.922	 2.12	 2	 -42.2717	  174.3747
10.923	 2.53	 1	 -41.8175	  174.2476
10.923	 2.26	 2	 -41.7479	  173.7310
10.928	 3.15	 4	 -41.7697	  174.6182
10.928	 2.08	 2	 -42.6497	  172.7931
10.929	 2.60	 1	 -42.2509	  173.7977
10.930	 3.07	 1	 -42.4893	  173.2673
10.931	 2.62	 2	 -42.2314	  173.7869
10.932	 2.46	 1	 -41.7192	  174.3828
10.932	 2.10	 2	 -42.3481	  173.1039
10.935	 3.49	 1	 -42.5701	  172.8743
10.936	 2.19	 2	 -41.9005	  174.1379
10.936	 2.21	 2	 -43.2982	  172.6264
10.936	 2.01	 1	 -41.7957	  174.3168
10.937	 3.17	 1	 -40.8672	  167.4311
10.938	 2.35	 1	 -42.6973	  172.7780
10.938	 2.01	 1	 -41.7015	  174.2166
10.938	 2.58	 2	 -41.6200	  174.3448
10.939	 2.09	 1	 -41.6416	  174.2763
10.939	 2.03	 2	 -42.6044	  174.0810
10.939	 2.45	 2	 -42.3938	  174.1070
10.939	 3.15	 1	 -42.2880	  173.7779
10.940	 2.82	 3	 -42.3696	  173.7926
10.940	 2.16	 3	 -42.5670	  173.8412
10.942	 2.49	 3	 -41.6470	  174.1303
10.943	 2.40	 1	 -42.1707	  173.0472
10.943	 2.75	 4	 -41.7571	  174.2986
10.945	 2.26	 2	 -41.9395	  172.9850
10.946	 2.36	 2	 -42.5329	  173.1419
10.946	 2.39	 1	 -42.3180	  173.7281
10.946	 2.02	 1	 -42.5793	  173.3308
10.947	 2.12	 3	 -41.7367	  174.2000
10.947	 2.31	 2	 -43.2971	  172.8684
10.949	 2.12	 1	 -42.1397	  173.3065
10.950	 3.71	 1	 -42.4265	  173.7789
10.951	 3.07	 3	 -41.7138	  174.2745
10.952	 2.25	 1	 -42.2587	  173.5360
10.953	 2.11	 2	 -42.3185	  173.4692
10.954	 2.70	 2	 -42.5874	  173.6117
10.955	 2.46	 1	 -41.7382	  174.3398
10.955	 2.02	 3	 -42.5124	  174.1178
10.956	 2.96	 2	 -43.3180	  172.8941
10.958	 2.09	 2	 -42.2711	  173.6344
10.960	 2.81	 1	 -42.2973	  173.6769
10.960	 2.52	 1	 -41.7175	  174.1944
10.961	 2.01	 4	 -41.7453	  174.7414
10.961	 2.39	 1	 -42.1915	  173.9465
10.963	 2.09	 1	 -42.3993	  172.8235
10.964	 2.13	 3	 -42.4920	  173.7746
10.967	 2.33	 2	 -42.9344	  172.6105
10.967	 2.15	 3	 -42.1283	  173.2627
10.967	 2.26	 3	 -42.6286	  173.5477
10.970	 2.25	 1	 -42.1497	  173.8565
10.972	 2.07	 1	 -42.4248	  174.0926
10.972	 2.07	 3	 -42.0944	  173.6682
10.973	 2.74	 1	 -42.0942	  173.6062
10.974	 2.73	 1	 -42.3958	  173.7823
10.974	 2.32	 2	 -42.9125	  172.8295
10.974	 2.01	 1	 -41.7466	  174.3054
10.975	 2.50	 3	 -41.9495	  173.9795
10.976	 2.23	 1	 -41.7618	  174.2587
10.976	 2.53	 2	 -42.1710	  173.5723
10.977	 2.29	 1	 -42.0125	  174.1253
10.977	 2.74	 5	 -42.4566	  173.7288
10.978	 2.00	 2	 -42.3440	  174.1359
10.979	 2.14	 1	 -42.3331	  173.7006
10.979	 3.42	 4	 -42.4548	  173.9345
10.979	 2.46	 2	 -42.4962	  174.1848
10.980	 2.62	 1	 -42.7547	  173.6752
10.980	 2.69	 2	 -41.9666	  173.7394
10.980	 2.18	 2	 -43.6284	  172.7133
10.980	 2.35	 3	 -42.4693	  173.4919
10.981	 2.43	 2	 -43.2644	  172.8939
10.982	 2.19	 1	 -42.6507	  173.3270
10.982	 2.02	 4	 -42.2451	  173.6907
10.983	 2.39	 2	 -41.7595	  174.2000
10.983	 2.48	 4	 -41.6655	  174.6317
10.984	 2.28	 1	 -42.2773	  173.8036
10.984	 2.71	 1	 -41.7738	  174.2374
10.984	 2.54	 2	 -38.5639	  170.1910
10.985	 2.54	 2	 -42.2399	  173.6888
10.985	 2.17	 1	 -42.6811	  172.7392
10.987	 3.14	 1	 -42.4847	  173.3466
10.988	 2.35	 1	 -42.3842	  173.4406
10.989	 3.27	 3	 -41.5590	  174.5241
10.989	 2.20	 2	 -42.3478	  173.5056
10.990	 2.51	 2	 -42.5803	  172.8888
10.990	 2.02	 1	 -41.7786	  174.1752
10.991	 2.16	 3	 -42.6084	  173.8292
10.991	 2.89	 2	 -42.3237	  173.6219
10.991	 2.06	 4	 -42.4753	  173.8605
10.992	 2.02	 2	 -43.9892	  175.3992
10.992	 2.40	 2	 -42.7959	  179.1596
10.995	 2.61	 2	 -42.3060	  173.6680
10.996	 2.32	 1	 -42.3793	  173.6002
10.996	 2.04	 1	 -42.4273	  173.1485
10.996	 2.37	 4	 -42.5008	  174.2373
10.997	 2.82	 3	 -42.6086	  173.7141
10.997	 2.09	 1	 -41.8169	  174.0883
10.998	 2.94	 2	 -42.5424	  173.4702
10.998	 2.84	 1	 -42.0525	  172.8226
11.000	 2.63	 2	 -42.3908	  172.9493
11.001	 2.05	 2	 -43.0427	  173.4946
11.002	 2.25	 4	 -42.4172	  173.7191
11.002	 3.22	 3	 -41.6048	  174.7319
11.003	 2.09	 3	 -41.9698	  174.0949
11.003	 2.13	 2	 -42.2148	  178.1095
11.004	 3.51	 1	 -42.4351	  173.0656
11.004	 2.57	 1	 -41.7583	  174.2626
11.005	 2.44	 1	 -41.7818	  174.2396
11.005	 3.71	 4	 -41.7196	  174.2776
11.006	 2.53	 2	 -41.6745	  174.3042
11.009	 3.47	 2	 -42.4386	  173.0486
11.011	 2.71	 4	 -42.4719	  173.8647
11.011	 2.61	 1	 -42.1611	  173.6188
11.011	 2.00	 2	 -42.1875	  173.6562
11.012	 2.03	 2	 -42.2993	  173.5026
11.012	 2.36	 1	 -41.9575	  173.6761
11.014	 3.08	 1	 -41.7610	  174.3301
11.016	 2.25	 1	 -42.0138	  173.7703
11.017	 2.61	 2	 -43.0034	  172.9802
11.017	 3.04	 2	 -42.7239	  174.7547
11.017	 2.13	 2	 -42.0571	  173.7551
11.018	 2.12	 1	 -42.1751	  173.8471
11.019	 2.15	 1	 -42.6255	  173.0502
11.019	 3.24	 1	 -41.9174	  172.7311
11.019	 2.30	 1	 -41.4452	  173.8646
11.020	 2.04	 1	 -42.6643	  173.3032
11.020	 2.22	 2	 -42.0777	  174.2118
11.021	 4.54	 3	 -42.7196	  173.6866
11.023	 2.16	 1	 -42.2766	  173.4706
11.023	 2.36	 2	 -42.6330	  173.4828
11.025	 2.27	 2	 -42.5369	  172.9534
11.025	 2.38	 4	 -42.0486	  173.6787
11.025	 2.50	 4	 -42.2748	  173.7549
11.026	 2.61	 2	 -42.3579	  173.6750
11.027	 2.16	 1	 -42.5525	  173.1155
11.029	 2.47	 2	 -41.9450	  173.7924
11.030	 2.78	 2	 -41.5275	  174.7974
11.030	 2.13	 1	 -41.6824	  174.2300
11.030	 2.43	 1	 -42.5202	  173.0098
11.031	 2.66	 2	 -41.7960	  174.3839
11.032	 2.43	 4	 -42.4079	  173.7230
11.032	 2.03	 2	 -43.2821	  172.8845
11.034	 2.33	 1	 -42.0166	  179.2027
11.034	 3.26	 1	 -42.5003	  173.2053
11.036	 2.85	 1	 -42.6588	  174.6210
11.036	 2.58	 3	 -42.3781	  173.7059
11.036	 2.35	 1	 -41.9183	  173.9437
11.038	 2.17	 1	 -42.3120	  173.5816
11.040	 2.19	 2	 -42.4411	  173.7523
11.040	 3.01	 1	 -42.7488	  173.2920
11.040	 2.21	 3	 -41.9997	  173.4808
11.041	 2.03	 2	 -40.7867	  173.4184
11.041	 2.48	 2	 -42.0882	  173.5102
11.043	 2.04	 1	 -42.2851	  173.9015
11.045	 2.41	 1	 -41.7040	  174.1869
11.045	 2.53	 1	 -42.4166	  173.9920
11.045	 2.33	 2	 -42.3135	  173.5060
11.045	 2.56	 1	 -41.6682	  174.2440
11.046	 2.24	 1	 -41.7600	  174.2784
11.047	 2.31	 2	 -42.4710	  173.6588
11.049	 2.03	 1	 -42.0876	  173.2617
11.049	 2.11	 1	 -41.6754	  174.2505
11.051	 2.04	 1	 -42.3261	  173.4192
11.051	 2.54	 2	 -42.3208	  174.0341
11.052	 2.03	 1	 -42.3070	  173.7407
11.054	 2.78	 3	 -42.6778	  173.9336
11.057	 2.13	 2	 -41.6537	  174.3373
11.057	 2.02	 1	 -42.1883	  174.4399
11.058	 2.67	 1	 -42.1199	  173.7846
11.059	 2.33	 5	 -42.7345	  173.1752
11.060	 2.36	 1	 -42.2603	  172.5898
11.062	 2.97	 2	 -43.2759	  172.9686
11.063	 2.96	 2	 -41.6987	  174.1728
11.063	 3.23	 6	 -42.7346	  173.1768
11.063	 3.35	 3	 -42.4673	  173.7720
11.064	 2.04	 1	 -41.7494	  174.1738
11.066	 2.82	 3	 -42.5815	  172.8146
11.066	 3.15	 3	 -42.4827	  173.8811
11.066	 2.12	 1	 -42.0981	  173.5033
11.067	 2.12	 1	 -42.5334	  172.9108
11.068	 2.24	 1	 -42.6263	  173.0366
11.071	 2.88	 1	 -42.1371	  173.6664
11.072	 2.30	 1	 -42.0248	  173.7336
11.072	 2.75	 2	 -42.3437	  173.8604
11.073	 2.18	 3	 -42.4512	  173.9432
11.073	 2.60	 2	 -43.9565	  172.9824
11.074	 3.11	 2	 -42.6933	  173.0898
11.074	 2.05	 1	 -42.0757	  173.7710
11.076	 2.04	 1	 -41.7159	  174.2983
11.076	 2.75	 1	 -42.6288	  173.0421
11.076	 2.01	 1	 -42.0292	  173.7353
11.078	 2.52	 2	 -42.2219	  173.7849
11.078	 2.23	 1	 -42.6215	  172.9501
11.079	 2.54	 1	 -41.7449	  174.2571
11.079	 2.23	 1	 -42.5278	  173.2293
11.080	 2.35	 2	 -42.0649	  173.7120
11.080	 2.17	 1	 -41.8396	  174.0197
11.080	 2.03	 1	 -42.5372	  173.0711
11.080	 2.06	 1	 -41.6881	  174.2679
11.082	 2.12	 3	 -41.6811	  174.1308
11.083	 2.16	 3	 -42.5353	  173.6270
11.083	 2.27	 3	 -42.3766	  173.9498
11.084	 2.06	 2	 -42.2625	  173.6776
11.085	 2.54	 4	 -41.7442	  174.2840
11.086	 2.15	 3	 -41.9000	  174.5598
11.087	 2.90	 1	 -42.0168	  173.9344
11.088	 2.11	 1	 -38.4444	  170.4090
11.089	 2.74	 3	 -41.5804	  174.7430
11.094	 2.08	 1	 -41.6551	  173.1212
11.095	 2.10	 4	 -41.9450	  174.1063
11.095	 2.09	 2	 -42.2052	  173.5295
11.096	 2.22	 2	 -43.2975	  172.8944
11.099	 2.17	 3	 -41.5637	  174.7253
11.099	 2.15	 3	 -42.5268	  173.7095
11.100	 2.29	 1	 -42.5459	  173.0756
11.100	 2.39	 1	 -42.5463	  173.6301
11.101	 2.37	 2	 -42.6302	  173.5245
11.102	 2.28	 4	 -42.2492	  173.7081
11.104	 2.01	 1	 -42.5935	  173.0659
11.106	 3.95	 3	 -41.9461	  173.5085
11.110	 3.97	 2	 -43.5364	  178.1849
11.112	 2.05	 1	 -41.8898	  174.1524
11.114	 2.30	 3	 -42.5990	  174.2833
11.115	 2.56	 3	 -42.1737	  173.9335
11.116	 2.54	 1	 -41.8702	  173.9663
11.117	 4.20	 1	 -42.2797	  173.8909
11.118	 2.20	 2	 -42.2900	  173.9978
11.120	 2.38	 2	 -43.1795	  172.9333
11.120	 3.28	 1	 -42.7581	  172.4865
11.120	 2.08	 3	 -41.9353	  173.7621
11.120	 2.06	 3	 -42.1560	  173.5963
11.121	 2.32	 2	 -41.8857	  174.0250
11.121	 2.48	 1	 -42.7230	  172.7912
11.121	 2.48	 2	 -42.0406	  173.7086
11.121	 2.88	 1	 -40.1428	  176.8837
11.122	 2.82	 1	 -41.7026	  174.3187
11.123	 2.66	 3	 -42.4945	  173.8330
11.124	 2.20	 1	 -41.7811	  174.2735
11.124	 3.96	 1	 -41.9071	  173.7147
11.124	 2.67	 3	 -42.4110	  173.5516
11.124	 2.07	 4	 -42.7344	  173.7023
11.125	 2.18	 2	 -42.3957	  173.9726
11.128	 2.17	 1	 -41.7615	  174.1442
11.128	 2.21	 1	 -41.7728	  174.2267
11.133	 2.62	 3	 -42.4990	  173.7636
11.134	 2.68	 2	 -43.2910	  173.0261
11.136	 2.14	 2	 -41.7142	  174.2141
11.136	 2.04	 1	 -42.6436	  172.8089
11.137	 2.49	 1	 -42.4657	  173.1494
11.137	 2.31	 1	 -42.1390	  173.8515
11.139	 3.97	 2	 -42.0414	  173.9178
11.140	 2.04	 1	 -41.8159	  174.0686
11.141	 2.05	 3	 -42.5298	  173.8180
11.142	 2.97	 2	 -43.2432	  172.9464
11.142	 2.38	 2	 -41.8911	  173.7014
11.145	 2.01	 1	 -42.2509	  173.8210
11.146	 2.49	 4	 -42.3996	  173.8802
11.146	 2.65	 1	 -42.6076	  173.1586
11.146	 3.30	 2	 -41.4148	  172.9377
11.146	 2.04	 2	 -41.5689	  174.1608
11.148	 2.65	 2	 -42.0242	  173.6506
11.148	 2.58	 2	 -42.1282	  175.4132
11.151	 2.46	 1	 -41.6947	  174.2251
11.152	 2.71	 3	 -42.5039	  172.8935
11.152	 2.01	 4	 -42.5466	  173.5923
11.153	 2.19	 1	 -41.9866	  174.0775
11.155	 2.08	 3	 -42.5497	  173.7438
11.157	 2.32	 1	 -42.1098	  173.7698
11.160	 2.15	 4	 -42.4132	  173.8659
11.161	 3.47	 1	 -42.0622	  173.6703
11.161	 2.06	 2	 -42.5467	  173.0048
11.163	 2.72	 2	 -41.8207	  174.2394
11.166	 2.01	 2	 -42.4181	  173.8627
11.167	 3.65	 1	 -42.1642	  173.9344
11.168	 2.06	 4	 -42.5014	  173.8930
11.168	 2.18	 1	 -42.4480	  173.3306
11.168	 2.57	 1	 -42.1508	  173.4522
11.169	 2.72	 1	 -42.1603	  173.5973
11.171	 2.74	 3	 -42.3982	  173.6171
11.171	 2.30	 3	 -42.7936	  173.0671
11.171	 2.09	 1	 -42.3843	  174.0348
11.173	 3.60	 3	 -41.8665	  174.2236
11.174	 2.02	 1	 -42.2524	  173.4167
11.176	 4.01	 3	 -42.0753	  173.6731
11.176	 2.08	 3	 -41.4404	  173.7586
11.177	 2.76	 5	 -42.3129	  173.6335
11.178	 2.59	 1	 -41.6658	  174.2270
11.179	 2.32	 1	 -41.9570	  173.6835
11.180	 2.30	 4	 -42.5002	  173.6563
11.180	 2.10	 1	 -42.1601	  173.7413
11.181	 2.06	 2	 -42.3949	  174.0434
11.181	 3.22	 1	 -41.9619	  175.1651
11.181	 2.29	 1	 -42.7598	  173.2304
11.181	 2.16	 1	 -41.6724	  174.3509
11.181	 2.61	 1	 -42.3425	  173.8197
11.183	 2.48	 6	 -42.3973	  173.1311
11.183	 2.27	 1	 -44.6870	  174.0924
11.184	 2.17	 2	 -42.0086	  173.9991
11.184	 2.17	 4	 -42.5695	  173.7907
11.185	 4.00	 1	 -42.4108	  173.0558
11.186	 2.54	 2	 -42.3290	  173.7136
11.186	 2.02	 4	 -41.6271	  174.2062
11.187	 2.29	 2	 -43.2936	  172.8411
11.188	 2.20	 2	 -42.1510	  173.5941
11.189	 2.00	 2	 -43.2927	  172.7265
11.191	 2.85	 4	 -41.4899	  175.1082
11.192	 2.50	 4	 -41.5672	  174.6172
11.192	 2.44	 3	 -42.6489	  173.3910
11.192	 2.30	 2	 -42.2635	  173.4749
11.193	 2.11	 1	 -42.8561	  173.1666
11.193	 2.92	 3	 -42.3147	  174.0318
11.193	 2.02	 2	 -42.4147	  174.0669
11.195	 3.04	 2	 -42.2820	  173.8915
11.195	 2.21	 2	 -41.6221	  172.9318
11.196	 2.02	 2	 -43.3668	  172.7880
11.196	 3.14	 1	 -42.3840	  173.6736
11.197	 3.27	 1	 -42.4372	  173.9620
11.199	 2.10	 2	 -43.6698	  166.7652
11.200	 2.70	 1	 -41.7548	  174.2562
11.200	 2.17	 2	 -41.9957	  173.7245
11.202	 3.85	 1	 -41.6966	  174.2141
11.203	 3.30	 1	 -42.2453	  173.7020
11.205	 2.90	 2	 -41.7289	  174.0653
11.207	 3.36	 1	 -41.7370	  174.2480
11.208	 2.68	 1	 -42.5754	  173.9689
11.208	 2.67	 1	 -42.1254	  173.4063
11.209	 2.42	 3	 -42.4554	  173.7892
11.209	 2.06	 1	 -42.1564	  173.1259
11.210	 2.04	 1	 -42.4056	  173.6653
11.210	 2.47	 1	 -42.2499	  173.5894
11.210	 2.07	 1	 -42.4529	  173.1772
11.210	 2.89	 4	 -41.7080	  174.3807
11.211	 2.16	 1	 -41.7643	  174.3211
11.212	 2.78	 2	 -42.4640	  173.1506
11.213	 3.46	 1	 -42.3225	  173.7241
11.213	 2.34	 1	 -42.8666	  172.7002
11.214	 2.00	 4	 -41.7220	  174.2350
11.214	 2.92	 2	 -42.3770	  174.0247
11.214	 2.20	 1	 -42.4330	  173.9141
11.215	 3.43	 1	 -42.3396	  173.8989
11.215	 2.09	 2	 -42.0602	  173.6696
11.217	 2.79	 4	 -42.7276	  173.1423
11.217	 2.51	 1	 -41.6968	  174.3476
11.219	 2.25	 1	 -41.6351	  174.2491
11.220	 2.84	 4	 -41.7695	  174.3760
11.222	 2.09	 2	 -42.4310	  173.6024
11.222	 2.18	 3	 -42.6025	  173.8237
11.226	 2.43	 1	 -42.7951	  172.7119
11.227	 2.12	 3	 -42.1306	  173.7856
11.228	 2.05	 1	 -42.2551	  173.7090
11.229	 2.03	 1	 -41.7561	  174.2170
11.229	 2.41	 1	 -42.1625	  174.1057
11.234	 3.34	 4	 -42.7398	  173.2369
11.237	 2.38	 5	 -42.4970	  173.7693
11.238	 2.79	 2	 -42.6208	  172.6888
11.238	 2.18	 3	 -41.7973	  174.2009
11.239	 2.64	 4	 -43.0607	  173.0946
11.240	 2.56	 1	 -41.9324	  173.9443
11.241	 2.06	 2	 -41.9829	  173.9334
11.242	 2.52	 1	 -41.6947	  174.2831
11.243	 2.22	 3	 -42.1304	  173.7569
11.243	 2.06	 1	 -42.3236	  173.6101
11.244	 2.06	 2	 -42.3410	  173.9158
11.244	 2.22	 2	 -43.2056	  172.9009
11.244	 2.83	 1	 -41.7395	  174.2685
11.245	 2.08	 4	 -42.3519	  173.9575
11.245	 2.17	 2	 -42.3058	  173.8922
11.247	 2.86	 1	 -42.3469	  172.6736
11.248	 2.66	 2	 -42.0538	  172.8227
11.250	 2.53	 1	 -41.7193	  174.2117
11.251	 2.01	 1	 -43.1430	  173.8011
11.253	 2.55	 1	 -42.5904	  173.3181
11.253	 2.01	 2	 -42.4958	  173.1427
11.253	 2.16	 3	 -41.6502	  174.3407
11.255	 2.28	 1	 -41.7505	  174.3491
11.255	 2.11	 3	 -42.3793	  173.8238
11.255	 2.06	 1	 -42.5472	  173.3297
11.256	 2.72	 1	 -41.9312	  174.3187
11.257	 2.06	 1	 -42.2558	  173.6874
11.259	 2.18	 1	 -42.2943	  173.6786
11.260	 2.77	 2	 -43.1051	  172.9201
11.263	 2.43	 1	 -41.6757	  170.6677
11.264	 2.39	 1	 -42.4237	  173.7616
11.265	 2.30	 2	 -42.6629	  172.8430
11.266	 2.23	 3	 -42.1337	  173.4351
11.267	 2.15	 4	 -42.4521	  174.1777
11.267	 2.16	 1	 -42.8559	  171.8269
11.267	 2.21	 1	 -42.5965	  173.2054
11.269	 2.23	 4	 -41.5003	  175.0880
11.269	 2.03	 5	 -42.3883	  173.1153
11.269	 3.06	 1	 -42.6584	  172.8143
11.271	 2.19	 1	 -42.3564	  173.8899
11.272	 2.82	 1	 -42.6419	  173.0264
11.272	 2.62	 1	 -41.7146	  174.3896
11.272	 2.57	 1	 -41.9911	  173.7686
11.273	 2.15	 4	 -42.2606	  172.9806
11.274	 2.20	 2	 -42.4333	  173.7600
11.274	 2.26	 1	 -42.4687	  173.0619
11.275	 3.14	 2	 -42.4048	  173.5947
11.275	 2.23	 4	 -42.5584	  173.7715
11.275	 2.35	 2	 -43.4604	  173.1119
11.281	 2.13	 1	 -42.0391	  173.6117
11.281	 2.01	 3	 -42.6053	  173.8848
11.282	 2.12	 1	 -42.4423	  173.6089
11.282	 2.64	 2	 -44.8433	  173.3777
11.282	 2.12	 1	 -41.7531	  174.5364
11.282	 2.02	 3	 -42.6670	  173.5022
11.282	 3.52	 1	 -42.2796	  173.6502
11.283	 2.07	 1	 -41.7252	  174.1355
11.283	 2.29	 1	 -41.6635	  174.4254
11.285	 2.16	 1	 -41.6892	  174.2802
11.285	 2.01	 2	 -43.2963	  172.9329
11.285	 2.31	 1	 -41.8141	  174.2509
11.285	 2.13	 1	 -42.4048	  174.7636
11.286	 5.47	 2	 -42.4914	  174.6333
11.286	 2.72	 3	 -41.5269	  174.3215
11.287	 2.13	 3	 -42.4239	  174.5424
11.287	 2.78	 2	 -42.5788	  172.9591
11.288	 2.03	 1	 -41.9843	  173.9861
11.289	 2.06	 2	 -43.3674	  172.8631
11.290	 2.22	 3	 -42.4474	  174.0546
11.291	 2.30	 2	 -43.5548	  172.8502
11.292	 2.10	 3	 -41.4289	  174.6420
11.292	 2.24	 1	 -41.8988	  173.9690
11.293	 2.38	 1	 -42.0001	  174.0800
11.293	 2.18	 1	 -41.8270	  174.1832
11.293	 2.06	 1	 -42.1343	  173.5732
11.295	 2.22	 2	 -42.4799	  173.5956
11.295	 2.01	 1	 -42.0368	  173.8537
11.296	 2.00	 2	 -41.9424	  172.6887
11.298	 2.18	 2	 -42.3491	  173.7614
11.298	 2.32	 1	 -42.2507	  173.6928
11.299	 2.47	 4	 -42.5600	  173.7119
11.301	 2.97	 3	 -42.5711	  173.8705
11.301	 2.68	 1	 -42.0612	  173.7557
11.302	 2.25	 1	 -41.8154	  174.2187
11.302	 2.16	 3	 -42.4602	  174.7767
11.302	 2.29	 2	 -42.2674	  173.6270
11.303	 2.39	 3	 -41.5269	  174.5808
11.303	 2.17	 1	 -42.5703	  173.0797
11.303	 2.89	 1	 -41.7281	  174.1981
11.306	 2.04	 3	 -42.4752	  174.6137
11.306	 2.14	 1	 -41.8997	  173.9690
11.307	 2.81	 1	 -42.0374	  173.7158
11.307	 2.02	 2	 -42.2873	  173.9431
11.308	 2.46	 3	 -42.4180	  173.6393
11.308	 2.17	 3	 -42.4849	  174.6244
11.308	 2.04	 1	 -42.6337	  173.9086
11.309	 2.01	 3	 -42.4657	  174.6402
11.309	 2.22	 1	 -42.1712	  173.7761
11.309	 3.66	 2	 -42.4330	  173.9787
11.310	 2.05	 1	 -42.1205	  173.3474
11.311	 2.02	 1	 -42.6055	  173.0005
11.312	 2.00	 3	 -42.6921	  172.8830
11.312	 2.83	 4	 -41.9473	  173.4949
11.315	 2.45	 1	 -41.9885	  174.1149
11.316	 2.22	 4	 -41.7241	  174.1907
11.316	 2.55	 2	 -42.3993	  173.9174
11.318	 2.40	 3	 -42.4856	  174.5070
11.318	 2.41	 1	 -41.9451	  173.6440
11.319	 3.03	 1	 -41.7889	  174.2964
11.320	 2.49	 1	 -42.4753	  173.9107
11.321	 2.43	 1	 -42.2606	  173.6241
11.321	 2.12	 1	 -42.1727	  174.1197
11.323	 2.67	 5	 -42.9937	  173.1071
11.323	 2.82	 4	 -41.7042	  174.1535
11.323	 2.06	 2	 -43.0864	  172.8050
11.324	 2.06	 1	 -41.7591	  174.2823
11.324	 2.07	 2	 -42.3416	  173.9962
11.324	 2.22	 3	 -42.6309	  174.1088
11.324	 2.14	 1	 -42.4274	  173.4887
11.324	 2.09	 1	 -43.3302	  174.0756
11.324	 3.00	 1	 -41.5798	  175.6308
11.325	 2.39	 1	 -41.8313	  174.1649
11.327	 2.38	 1	 -42.4942	  173.8088
11.327	 2.58	 2	 -43.4841	  172.7233
11.328	 2.50	 4	 -42.6531	  173.6482
11.330	 2.01	 3	 -42.5202	  174.8498
11.331	 3.54	 1	 -41.4967	  174.1532
11.332	 2.07	 1	 -42.1805	  173.7683
11.333	 2.02	 1	 -41.7967	  174.1623
11.334	 2.23	 1	 -42.3447	  174.0964
11.335	 2.78	 1	 -42.3108	  174.0159
11.335	 2.05	 2	 -41.8579	  172.6340
11.336	 2.12	 1	 -42.2483	  173.7710
11.336	 2.91	 2	 -42.4570	  173.8127
11.337	 2.17	 2	 -42.1929	  174.1236
11.338	 3.71	 2	 -42.3312	  173.8733
11.339	 2.88	 3	 -42.5033	  174.6509
11.339	 2.05	 1	 -41.7884	  174.4095
11.341	 2.09	 1	 -42.6190	  173.3239
11.341	 2.23	 1	 -41.7500	  174.2523
11.341	 2.01	 2	 -42.3429	  173.5802
11.341	 2.22	 3	 -42.7394	  175.0227
11.341	 2.02	 1	 -41.8089	  174.2080
11.341	 2.12	 1	 -41.7922	  174.3102
11.341	 4.29	 2	 -42.3748	  174.0988
11.342	 2.13	 3	 -41.5778	  174.7274
11.343	 4.02	 2	 -41.6978	  174.3674
11.343	 2.62	 7	 -42.7359	  173.1700
11.343	 2.11	 1	 -42.8648	  173.7302
11.344	 3.55	 3	 -42.3847	  174.0285
11.345	 2.27	 1	 -42.5097	  173.1273
11.348	 2.33	 1	 -42.2635	  173.8716
11.348	 3.03	 1	 -42.1955	  173.4663
11.350	 2.47	 1	 -42.3185	  173.8326
11.350	 2.92	 1	 -42.0852	  174.1089
11.351	 2.09	 3	 -42.4757	  174.6705
11.351	 2.18	 1	 -41.7048	  174.1223
11.353	 2.38	 1	 -42.2255	  173.6567
11.355	 2.17	 1	 -42.1396	  173.7330
11.356	 2.57	 2	 -41.7063	  174.2892
11.357	 2.47	 1	 -41.8154	  174.2975
11.359	 2.04	 1	 -42.4935	  172.5462
11.359	 2.58	 3	 -42.4914	  174.6331
11.360	 2.64	 1	 -42.3424	  173.8711
11.360	 2.88	 1	 -41.7313	  174.2924
11.361	 2.97	 2	 -42.9762	  173.5429
11.361	 2.05	 1	 -41.7687	  173.9311
11.362	 2.06	 3	 -42.4397	  174.9057
11.362	 2.20	 4	 -42.2360	  173.6980
11.362	 3.09	 5	 -42.3547	  173.5526
11.363	 2.50	 4	 -41.7393	  174.3508
11.363	 2.49	 1	 -42.6464	  172.8018
11.366	 2.20	 1	 -42.2985	  173.5163
11.368	 2.06	 3	 -42.5308	  173.8382
11.368	 2.06	 2	 -42.2570	  173.8720
11.369	 2.14	 1	 -42.5268	  173.8757
11.370	 2.04	 1	 -42.3297	  174.0716
11.371	 2.59	 4	 -41.6905	  171.4911
11.372	 2.15	 3	 -42.4145	  173.7798
11.372	 2.04	 2	 -43.2463	  172.8944
11.374	 2.58	 2	 -42.5725	  173.3532
11.375	 3.33	 4	 -44.2594	  169.6906
11.375	 2.34	 2	 -42.0051	  173.1312
11.375	 2.06	 2	 -41.6979	  174.1328
11.376	 2.01	 2	 -42.3116	  173.9848
11.377	 2.19	 1	 -42.4811	  173.0273
11.378	 2.30	 3	 -42.3230	  175.1177
11.378	 2.22	 3	 -42.2614	  174.0332
11.378	 2.11	 5	 -41.5466	  174.9581
11.379	 2.02	 2	 -42.0502	  172.6610
11.380	 3.03	 3	 -42.4539	  173.0099
11.381	 2.06	 1	 -42.2944	  173.5153
11.382	 2.68	 1	 -42.4308	  173.1365
11.384	 2.19	 2	 -42.3266	  178.2559
11.385	 3.31	 2	 -42.3294	  173.1565
11.386	 3.26	 1	 -41.7100	  174.3911
11.387	 2.04	 1	 -42.2706	  173.6154
11.389	 2.12	 1	 -42.3217	  173.7338
11.390	 2.18	 1	 -42.3667	  173.7777
11.392	 2.32	 1	 -42.3263	  173.7816
11.393	 3.41	 1	 -42.7562	  174.0127
11.393	 2.19	 1	 -42.5000	  173.5476
11.395	 2.00	 1	 -42.3630	  173.5072
11.396	 2.22	 1	 -42.5741	  172.7924
11.396	 2.01	 5	 -44.2673	  169.6791
11.396	 2.07	 5	 -41.4934	  175.1052
11.397	 2.25	 2	 -42.5872	  172.9459
11.397	 2.27	 5	 -42.5382	  173.7715
11.397	 2.34	 2	 -41.8034	  173.0446
11.397	 3.19	 1	 -42.5916	  173.0312
11.397	 2.64	 1	 -42.2779	  173.8223
11.398	 2.82	 4	 -42.2639	  172.9462
11.399	 2.20	 1	 -41.5823	  174.4214
11.399	 2.04	 3	 -41.6173	  174.6969
11.400	 2.80	 4	 -41.6955	  174.2610
11.401	 3.11	 2	 -42.1668	  173.7950
11.402	 3.69	 2	 -42.3534	  174.1091
11.404	 2.33	 2	 -42.4899	  172.7918
11.404	 2.26	 1	 -42.1035	  173.6834
11.405	 2.29	 3	 -42.4757	  174.5761
11.406	 2.31	 2	 -41.8592	  172.6249
11.406	 2.02	 4	 -42.7126	  173.7030
11.408	 2.65	 1	 -42.3218	  173.7012
11.408	 2.05	 1	 -42.1898	  173.4816
11.409	 2.07	 1	 -41.7736	  174.4293
11.410	 2.24	 3	 -41.7241	  174.6914
11.412	 2.00	 1	 -44.4000	  173.9706
11.414	 2.36	 3	 -42.4494	  173.5110
11.414	 3.15	 3	 -42.5726	  173.5517
11.414	 2.25	 2	 -41.9409	  173.7934
11.414	 2.10	 1	 -41.8006	  174.4139
11.415	 2.61	 2	 -42.1365	  173.8560
11.415	 2.09	 3	 -42.4809	  172.8983
11.416	 2.01	 2	 -42.3084	  173.7638
11.416	 2.21	 1	 -42.4316	  173.9910
11.418	 2.47	 3	 -42.3295	  174.1008
11.418	 2.42	 1	 -42.0682	  173.9688
11.419	 2.00	 1	 -45.5585	  169.5643
11.420	 3.05	 1	 -41.6767	  174.4026
11.420	 2.03	 1	 -41.7955	  174.4577
11.421	 2.36	 3	 -42.0018	  173.6742
11.421	 2.14	 4	 -42.4424	  172.5743
11.421	 2.14	 3	 -42.5582	  173.7714
11.422	 2.45	 2	 -42.5208	  173.0965
11.422	 2.36	 4	 -42.5812	  173.8756
11.423	 2.41	 3	 -42.6116	  173.9964
11.423	 2.02	 1	 -42.6471	  173.0202
11.424	 2.06	 2	 -43.8343	  175.1038
11.425	 2.20	 1	 -41.7210	  174.1613
11.425	 2.85	 2	 -41.7733	  174.1287
11.426	 2.18	 1	 -42.5576	  173.9908
11.426	 2.13	 1	 -41.9048	  173.7758
11.426	 2.46	 2	 -43.3133	  173.0202
11.427	 2.37	 1	 -41.7337	  174.8287
11.427	 2.02	 1	 -42.2969	  173.6453
11.428	 2.38	 4	 -40.0581	  174.7921
11.428	 2.75	 3	 -42.6607	  172.8644
11.429	 2.07	 2	 -41.7574	  174.3656
11.429	 2.89	 1	 -42.2307	  173.8138
11.430	 2.60	 5	 -41.2714	  174.8634
11.430	 2.01	 1	 -42.2137	  173.8061
11.430	 2.13	 3	 -42.4938	  174.7215
11.431	 2.66	 1	 -41.6676	  174.2360
11.432	 2.01	 2	 -42.4249	  173.0587
11.432	 2.01	 2	 -41.7334	  174.2979
11.432	 2.20	 1	 -42.2086	  173.6902
11.434	 3.05	 1	 -42.3916	  173.1512
11.435	 2.18	 2	 -42.6899	  173.1353
11.435	 3.05	 2	 -41.8018	  174.2918
11.436	 2.38	 1	 -42.4517	  173.1156
11.436	 2.69	 2	 -46.1532	  177.4569
11.436	 2.03	 1	 -42.5713	  173.5203
11.437	 2.07	 2	 -42.2447	  173.6425
11.438	 3.23	 3	 -42.5558	  172.9300
11.439	 2.70	 2	 -41.8166	  174.2137
11.439	 2.49	 1	 -41.7162	  174.2374
11.440	 2.47	 1	 -42.3538	  173.1875
11.441	 2.52	 2	 -41.7677	  173.2904
11.441	 2.44	 1	 -41.8290	  174.2854
11.442	 2.44	 2	 -40.1359	  170.6341
11.443	 2.03	 1	 -41.7542	  174.2838
11.444	 2.06	 2	 -41.7518	  173.7367
11.446	 2.11	 1	 -42.3282	  173.8220
11.446	 2.11	 3	 -42.2701	  173.6873
11.446	 2.64	 1	 -41.5462	  174.5919
11.448	 2.23	 3	 -42.5131	  174.6129
11.448	 2.37	 2	 -43.2155	  172.9119
11.448	 2.24	 2	 -41.9633	  175.1673
11.448	 2.11	 1	 -42.2221	  173.1467
11.448	 3.15	 2	 -43.2871	  173.0002
11.449	 2.20	 1	 -42.3558	  173.2336
11.449	 2.24	 2	 -42.3981	  173.2154
11.449	 2.46	 4	 -42.7334	  173.7225
11.449	 4.85	 3	 -42.6390	  172.7073
11.450	 2.18	 1	 -42.5133	  173.0957
11.451	 2.70	 1	 -41.8834	  173.9454
11.454	 2.04	 1	 -42.2190	  173.1799
11.454	 2.07	 2	 -41.8058	  174.1306
11.455	 2.61	 2	 -42.3667	  173.6604
11.456	 2.02	 3	 -42.4551	  174.6314
11.457	 2.59	 1	 -41.8187	  174.1942
11.457	 2.06	 1	 -41.9442	  173.4870
11.458	 2.56	 1	 -41.8569	  174.0987
11.461	 2.32	 1	 -42.7404	  172.7683
11.461	 2.01	 4	 -45.2198	  167.7017
11.461	 2.22	 1	 -43.2471	  174.3952
11.462	 2.16	 1	 -42.1062	  173.7753
11.462	 2.11	 2	 -42.2557	  173.6403
11.464	 2.45	 1	 -42.7103	  172.9706
11.465	 2.02	 1	 -42.4294	  173.7652
11.465	 2.15	 2	 -42.4021	  173.7459
11.466	 2.45	 2	 -41.7584	  174.2685
11.466	 2.37	 4	 -42.4518	  173.0086
11.466	 2.14	 2	 -42.2387	  173.8707
11.466	 2.91	 3	 -42.0098	  174.0003
11.466	 2.34	 2	 -42.3673	  174.0397
11.468	 2.78	 3	 -42.4612	  173.8612
11.469	 2.43	 1	 -41.0799	  173.4702
11.469	 2.70	 1	 -42.5103	  173.1643
11.470	 2.03	 1	 -41.7062	  174.0926
11.471	 2.25	 1	 -42.3157	  173.8036
11.471	 2.93	 1	 -42.0248	  173.7624
11.472	 3.11	 2	 -42.6414	  172.1498
11.473	 2.37	 1	 -41.8685	  173.9783
11.474	 2.02	 1	 -42.2465	  173.4105
11.474	 2.56	 2	 -43.2915	  172.9383
11.475	 3.24	 1	 -42.3781	  173.2309
11.477	 2.16	 1	 -41.7684	  174.2086
11.479	 2.06	 4	 -42.6419	  172.7095
11.481	 2.11	 1	 -39.1694	  179.2756
11.481	 2.35	 2	 -42.2547	  173.5934
11.481	 2.33	 2	 -42.4560	  172.8700
11.482	 2.06	 4	 -42.6796	  172.7073
11.483	 2.26	 3	 -42.4398	  174.7020
11.483	 2.96	 1	 -41.7293	  174.4173
11.483	 2.11	 1	 -42.1155	  174.0521
11.484	 2.05	 2	 -42.5954	  173.0344
11.484	 2.71	 1	 -41.8120	  172.7573
11.484	 2.23	 1	 -41.6358	  174.1838
11.487	 3.09	 1	 -42.4785	  173.1387
11.487	 2.07	 1	 -42.1951	  173.6006
11.490	 2.57	 2	 -41.5332	  174.1277
11.490	 2.72	 2	 -42.6430	  172.9930
11.491	 2.14	 2	 -42.3929	  173.1584
11.491	 2.22	 3	 -42.1457	  173.3880
11.493	 2.30	 1	 -42.3991	  174.0147
11.493	 2.31	 3	 -42.2420	  173.8702
11.493	 2.44	 4	 -42.8046	  173.0229
11.494	 2.87	 3	 -42.4669	  173.8100
11.495	 2.46	 1	 -42.3265	  173.3400
11.495	 2.21	 1	 -42.1219	  174.4202
11.497	 2.17	 3	 -43.0026	  175.9128
11.498	 2.82	 3	 -41.9444	  172.9981
11.498	 2.01	 1	 -41.9106	  173.9855
11.498	 3.21	 2	 -42.3629	  173.9933
11.500	 2.41	 3	 -42.5076	  174.6779
11.501	 2.99	 5	 -41.5048	  175.1063
11.501	 2.43	 1	 -41.6867	  174.5695
11.501	 2.96	 2	 -42.6864	  172.7936
11.502	 2.13	 3	 -42.4710	  172.9628
11.509	 2.16	 1	 -41.9248	  173.9514
11.509	 2.06	 1	 -41.2873	  174.8931
11.510	 2.50	 1	 -42.3456	  173.0773
11.510	 3.17	 1	 -41.3743	  173.8509
11.511	 2.24	 3	 -42.0849	  173.6971
11.513	 2.17	 1	 -42.5936	  173.1879
11.514	 2.14	 1	 -42.7871	  172.7232
11.515	 2.93	 3	 -42.1388	  173.7123
11.516	 2.16	 1	 -41.7111	  174.2174
11.516	 2.10	 1	 -41.7504	  174.2258
11.517	 3.55	 2	 -42.1436	  173.7826
11.517	 2.46	 3	 -42.4573	  173.7290
11.517	 2.24	 1	 -41.8062	  174.0080
11.518	 2.22	 2	 -42.0560	  174.1897
11.518	 2.77	 4	 -41.8607	  174.8332
11.519	 2.11	 3	 -42.3665	  173.6602
11.521	 2.10	 1	 -42.4302	  173.2894
11.524	 2.01	 4	 -41.7433	  174.1714
11.524	 2.51	 2	 -42.3607	  173.9779
11.525	 2.01	 3	 -42.4812	  173.7819
11.528	 2.57	 1	 -42.3585	  173.7839
11.531	 2.16	 4	 -42.6045	  172.7398
11.532	 2.36	 3	 -42.5051	  174.6282
11.532	 2.70	 1	 -42.6775	  172.9444
11.533	 3.65	 1	 -39.3100	  175.3722
11.533	 2.27	 2	 -42.3428	  173.9895
11.534	 2.06	 3	 -42.5122	  173.6693
11.535	 2.80	 2	 -41.4618	  175.0511
11.536	 2.61	 1	 -42.7769	  173.0518
11.537	 2.26	 3	 -42.4064	  174.7517
11.539	 2.17	 1	 -42.1432	  173.5223
11.539	 2.68	 4	 -41.5026	  175.0971
11.540	 3.19	 2	 -42.2768	  173.4199
11.540	 3.32	 2	 -43.1766	  172.9077
11.540	 2.72	 1	 -42.0455	  172.8131
11.541	 2.35	 2	 -42.4587	  173.4401
11.542	 2.01	 4	 -42.0132	  173.6933
11.543	 2.08	 2	 -41.7955	  174.1780
11.546	 2.14	 2	 -41.6755	  174.3766
11.546	 2.15	 1	 -42.1453	  173.7358
11.547	 2.08	 1	 -42.6824	  172.9613
11.548	 2.42	 1	 -42.0357	  174.0116
11.548	 3.52	 1	 -41.9293	  173.6590
11.549	 2.35	 1	 -40.0129	  175.1672
11.549	 2.09	 2	 -42.2339	  173.6825
11.550	 2.12	 2	 -44.6034	  174.4574
11.551	 2.04	 1	 -42.4612	  173.0741
11.552	 4.57	 2	 -42.2590	  173.6365
11.552	 2.20	 3	 -42.1200	  173.7155
11.553	 2.10	 2	 -42.3275	  174.0023
11.557	 3.76	 2	 -41.6494	  174.3689
11.559	 2.03	 3	 -41.5652	  173.6740
11.560	 2.03	 1	 -42.3716	  173.8997
11.561	 2.61	 1	 -42.3200	  173.4440
11.561	 2.02	 3	 -42.5214	  173.7177
11.562	 2.18	 1	 -42.4424	  173.0532
11.562	 2.46	 1	 -42.6726	  172.7617
11.566	 2.93	 2	 -42.5168	  171.8340
11.567	 2.37	 1	 -41.7496	  174.2490
11.569	 2.77	 1	 -42.5276	  174.0182
11.569	 2.61	 2	 -42.4145	  173.2148
11.570	 2.53	 1	 -42.3497	  173.8095
11.571	 3.73	 3	 -42.2704	  173.5911
11.572	 2.08	 2	 -42.5383	  172.9224
11.573	 2.89	 1	 -42.4008	  173.9087
11.573	 2.57	 2	 -42.4462	  173.4940
11.574	 4.19	 1	 -42.2659	  173.5697
11.576	 2.57	 2	 -42.4725	  173.9098
11.576	 2.26	 2	 -41.9372	  173.7088
11.577	 2.25	 2	 -42.2890	  173.9355
11.579	 2.10	 2	 -42.5791	  173.2371
11.580	 2.44	 2	 -42.2874	  173.9065
11.580	 2.02	 2	 -41.8184	  174.3133
11.583	 2.35	 2	 -42.5355	  173.3038
11.583	 2.03	 1	 -41.7528	  174.2737
11.584	 2.66	 1	 -41.6586	  173.3069
11.584	 2.97	 3	 -42.5476	  174.4940
11.587	 2.05	 2	 -41.7119	  174.2749
11.587	 2.04	 1	 -41.8645	  173.7436
11.588	 2.21	 1	 -41.7239	  174.3714
11.592	 2.23	 3	 -42.5145	  174.6814
11.592	 2.18	 3	 -42.3700	  174.0986
11.596	 2.02	 3	 -42.5114	  174.5664
11.596	 2.73	 2	 -42.2268	  173.2852
11.596	 2.09	 1	 -42.4346	  173.5341
11.597	 3.16	 3	 -43.1518	  172.8739
11.598	 2.07	 1	 -42.5633	  173.0780
11.598	 2.12	 1	 -41.6771	  174.2861
11.600	 2.42	 2	 -42.4706	  173.8488
11.601	 2.44	 1	 -42.5344	  173.2089
11.602	 2.43	 2	 -43.3164	  172.9680
11.603	 2.16	 3	 -42.4224	  172.8061
11.603	 2.24	 3	 -41.2748	  173.3833
11.604	 2.24	 4	 -42.6412	  172.7222
11.605	 2.21	 3	 -42.4796	  173.7204
11.606	 3.18	 1	 -42.1147	  173.5910
11.607	 2.24	 3	 -41.6786	  174.6241
11.608	 2.84	 2	 -41.7279	  174.1927
11.609	 4.07	 4	 -41.5602	  174.0768
11.609	 3.32	 4	 -41.7351	  174.3346
11.610	 2.36	 4	 -41.5045	  174.8334
11.611	 2.30	 1	 -42.4603	  173.3692
11.611	 2.11	 1	 -42.4325	  172.9936
11.613	 2.16	 2	 -42.2746	  173.8135
11.613	 2.77	 2	 -43.2753	  172.9219
11.614	 2.38	 4	 -37.1594	  174.6952
11.615	 2.06	 1	 -42.5507	  173.7839
11.616	 2.90	 1	 -42.2332	  173.6093
11.617	 2.22	 3	 -41.7919	  175.2436
11.619	 2.45	 1	 -42.0570	  173.9360
11.622	 2.91	 6	 -42.3220	  173.7195
11.622	 2.44	 1	 -42.1306	  173.6976
11.622	 2.56	 4	 -41.8235	  174.2487
11.625	 2.56	 2	 -42.9515	  173.7934
11.626	 2.06	 4	 -42.6674	  173.6868
11.627	 2.25	 2	 -42.3421	  173.6827
11.629	 2.11	 3	 -42.2751	  173.6647
11.630	 2.10	 1	 -37.8895	  172.9418
11.630	 2.36	 3	 -42.4451	  173.8381
11.632	 4.34	 1	 -41.9287	  174.1040
11.632	 3.01	 1	 -42.2883	  173.6928
11.632	 2.47	 3	 -42.4062	  173.5659
11.633	 2.52	 3	 -41.6375	  174.7279
11.636	 2.15	 6	 -42.4308	  173.1272
11.636	 2.58	 3	 -42.0615	  173.6973
11.638	 2.21	 1	 -41.7760	  174.4383
11.638	 2.11	 3	 -42.2001	  174.0826
11.639	 2.34	 1	 -42.4623	  174.2108
11.640	 3.65	 2	 -42.6586	  173.0231
11.642	 2.01	 1	 -42.0029	  173.6836
11.642	 2.47	 3	 -42.9274	  172.8225
11.643	 2.28	 2	 -42.0026	  173.6702
11.644	 2.27	 2	 -42.9187	  174.1609
11.645	 2.04	 1	 -41.7591	  174.2363
11.645	 2.19	 1	 -42.1142	  173.6328
11.648	 2.30	 1	 -43.1757	  174.6215
11.648	 2.11	 3	 -42.4917	  174.6379
11.649	 3.41	 2	 -41.7506	  174.1565
11.650	 2.18	 1	 -42.3221	  173.7687
11.650	 2.10	 1	 -42.4210	  173.6151
11.653	 2.62	 1	 -42.4587	  173.9827
11.653	 3.17	 4	 -42.4195	  173.9057
11.653	 2.03	 1	 -42.6047	  172.9238
11.654	 2.58	 1	 -42.2581	  173.8574
11.655	 3.05	 1	 -41.8723	  173.9060
11.656	 2.25	 4	 -42.6290	  172.7156
11.656	 2.55	 1	 -42.2141	  173.6071
11.657	 2.03	 2	 -42.2825	  174.0002
11.657	 2.39	 2	 -42.6033	  173.0271
11.660	 2.04	 1	 -42.1932	  173.7838
11.660	 2.57	 1	 -41.8064	  174.3518
11.661	 2.68	 2	 -41.6699	  174.2756
11.661	 2.14	 2	 -41.9351	  174.0678
11.662	 2.93	 2	 -43.2106	  173.3952
11.663	 2.41	 1	 -42.4657	  173.9296
11.663	 2.05	 2	 -44.5608	  172.8066
11.665	 2.42	 1	 -42.2338	  173.6464
11.665	 2.36	 1	 -42.4666	  172.6088
11.665	 2.60	 1	 -41.9950	  173.7212
11.666	 2.39	 3	 -42.4253	  173.6098
11.669	 2.24	 4	 -42.6856	  173.1717
11.669	 2.23	 1	 -42.3982	  173.4491
11.671	 2.70	 1	 -41.7583	  174.2751
11.671	 2.04	 2	 -41.8263	  174.1647
11.672	 2.12	 3	 -42.1704	  173.5255
11.673	 2.85	 1	 -41.7800	  174.2890
11.673	 2.08	 4	 -41.7080	  174.2974
11.676	 2.18	 1	 -43.1302	  172.4718
11.676	 2.72	 4	 -42.6289	  172.7431
11.676	 2.06	 3	 -42.5081	  174.6980
11.677	 2.79	 1	 -42.4603	  173.1224
11.677	 2.01	 3	 -41.8667	  174.2265
11.677	 2.27	 3	 -42.4048	  174.0940
11.679	 2.25	 1	 -42.6967	  169.9169
11.681	 2.97	 4	 -42.4935	  174.2834
11.681	 2.24	 1	 -42.3272	  174.0207
11.682	 2.08	 4	 -42.4861	  173.8430
11.682	 2.64	 2	 -42.3872	  174.0073
11.683	 2.36	 3	 -42.1811	  174.0802
11.684	 2.74	 1	 -42.1676	  174.8416
11.685	 2.21	 1	 -42.5265	  173.4333
11.687	 2.18	 3	 -42.3347	  173.8751
11.687	 2.02	 1	 -41.4959	  172.9791
11.688	 2.07	 1	 -42.5903	  172.6532
11.689	 2.16	 2	 -43.3499	  172.8987
11.691	 2.11	 1	 -42.4507	  173.6885
11.692	 2.24	 1	 -42.2477	  173.7554
11.693	 2.26	 1	 -40.7983	  171.8564
11.693	 2.83	 3	 -42.3267	  174.0009
11.694	 2.13	 2	 -42.4756	  173.1055
11.694	 3.56	 1	 -42.3551	  173.7234
11.695	 2.16	 1	 -41.9408	  174.1968
11.695	 2.58	 2	 -41.9181	  173.6586
11.697	 2.41	 1	 -42.4162	  173.3471
11.697	 3.15	 1	 -42.7700	  173.8496
11.698	 2.22	 2	 -43.1236	  173.0167
11.698	 2.44	 4	 -42.2730	  173.5885
11.698	 2.15	 1	 -42.1554	  173.5871
11.699	 2.19	 1	 -41.8190	  174.1715
11.699	 2.31	 3	 -42.5556	  174.6054
11.700	 2.66	 1	 -41.8706	  174.0081
11.700	 2.29	 2	 -41.9800	  173.7126
11.703	 2.48	 1	 -42.3187	  173.9205
11.705	 2.22	 1	 -42.2078	  173.6446
11.706	 2.13	 3	 -42.5128	  174.5993
11.706	 2.79	 1	 -42.5672	  173.1538
11.708	 2.46	 3	 -42.2780	  173.7152
11.709	 2.39	 3	 -42.7001	  172.2829
11.711	 2.24	 2	 -42.0440	  173.7651
11.711	 4.63	 2	 -43.4991	  172.4244
11.711	 2.05	 4	 -42.4748	  173.8276
11.712	 2.15	 1	 -42.2729	  173.6436
11.713	 2.25	 3	 -42.4375	  173.7473
11.713	 2.20	 3	 -42.4267	  173.7437
11.713	 2.69	 3	 -41.6700	  174.7854
11.713	 2.33	 3	 -43.4887	  172.4236
11.716	 2.22	 3	 -42.4983	  173.7601
11.717	 2.34	 3	 -42.6678	  173.7829
11.719	 2.05	 2	 -42.3795	  172.9570
11.720	 2.23	 1	 -42.2515	  173.5597
11.721	 2.46	 2	 -42.1310	  173.8673
11.721	 2.22	 2	 -46.4098	  171.9694
11.721	 2.32	 2	 -41.3612	  173.0016
11.722	 2.75	 3	 -42.4736	  174.6635
11.722	 2.26	 3	 -41.6215	  174.7333
11.723	 3.12	 1	 -42.3841	  173.1225
11.724	 2.05	 5	 -41.7914	  174.8146
11.726	 2.43	 1	 -41.8314	  174.2579
11.726	 2.21	 3	 -42.5198	  173.8393
11.726	 2.41	 3	 -42.3956	  174.0542
11.727	 2.43	 1	 -42.7670	  172.9469
11.728	 2.61	 3	 -42.5459	  174.6152
11.730	 2.33	 4	 -42.4768	  173.7363
11.731	 2.54	 1	 -42.2600	  173.6201
11.731	 2.39	 2	 -42.4769	  173.1164
11.731	 2.21	 4	 -41.7679	  174.2118
11.732	 2.55	 1	 -40.9841	  171.0818
11.734	 2.00	 4	 -41.6142	  174.7239
11.735	 2.22	 1	 -42.3275	  173.6779
11.735	 2.39	 2	 -42.4051	  173.1294
11.736	 2.78	 1	 -42.1146	  173.2708
11.736	 2.73	 5	 -42.3369	  174.1287
11.736	 2.07	 3	 -42.6668	  174.2567
11.736	 3.20	 1	 -42.6302	  172.9030
11.737	 2.79	 1	 -41.7046	  174.3109
11.739	 3.40	 1	 -42.6089	  172.9563
11.739	 2.58	 3	 -41.7584	  174.0087
11.740	 3.15	 1	 -42.1965	  173.6331
11.741	 2.01	 1	 -42.6131	  173.4604
11.742	 2.06	 2	 -42.0342	  173.1526
11.743	 2.61	 2	 -43.2459	  172.9257
11.743	 2.32	 1	 -41.7034	  174.2372
11.743	 2.03	 3	 -43.4657	  172.4321
11.744	 2.38	 3	 -41.6938	  174.2193
11.745	 2.70	 1	 -42.1930	  173.6322
11.746	 2.03	 2	 -41.7310	  173.1317
11.747	 2.89	 2	 -42.5141	  173.2142
11.748	 2.25	 1	 -42.3697	  173.7550
11.749	 2.87	 3	 -42.3942	  173.8457
11.749	 3.04	 1	 -41.7264	  174.2545
11.750	 2.41	 1	 -41.8451	  174.1513
11.751	 2.57	 1	 -41.7670	  174.2577
11.752	 2.33	 1	 -42.2751	  173.7112
11.752	 2.00	 1	 -42.4806	  173.4544
11.753	 2.07	 2	 -42.6672	  172.5809
11.755	 2.14	 1	 -42.6013	  173.0450
11.756	 2.32	 2	 -42.9826	  173.1225
11.756	 2.80	 2	 -42.0476	  173.4470
11.757	 2.38	 3	 -42.4728	  173.7860
11.758	 2.20	 1	 -42.2605	  173.6263
11.759	 2.57	 2	 -41.2922	  174.6370
11.759	 2.25	 1	 -41.8050	  174.2127
11.759	 2.80	 3	 -42.1711	  173.7567
11.761	 2.60	 2	 -42.5884	  173.0823
11.762	 2.42	 3	 -41.9438	  173.8089
11.763	 2.21	 1	 -42.4293	  173.8329
11.764	 2.43	 1	 -41.9039	  173.9089
11.766	 2.03	 1	 -40.7796	  172.5121
11.767	 2.10	 2	 -42.3964	  173.9270
11.767	 2.01	 2	 -43.3721	  172.8373
11.768	 2.56	 2	 -42.6627	  174.1123
11.769	 2.10	 2	 -42.2812	  173.8684
11.769	 2.61	 2	 -42.0074	  173.5834
11.770	 2.21	 1	 -41.6679	  174.2159
11.771	 2.01	 2	 -41.7390	  174.2177
11.772	 2.69	 1	 -42.4260	  173.8525
11.773	 2.81	 3	 -42.6404	  172.9575
11.773	 2.27	 2	 -43.3212	  172.9531
11.774	 2.33	 2	 -42.3167	  173.9745
11.774	 2.30	 4	 -41.5308	  174.7708
11.774	 2.24	 2	 -42.1542	  173.7811
11.775	 3.23	 1	 -41.7937	  174.2376
11.777	 2.24	 3	 -43.1409	  173.2576
11.778	 2.51	 3	 -42.4601	  173.7261
11.778	 2.03	 2	 -41.8335	  173.6686
11.778	 2.24	 1	 -42.3381	  173.9301
11.778	 2.81	 1	 -41.6815	  174.2623
11.782	 2.92	 2	 -41.2937	  174.0722
11.784	 2.10	 2	 -41.8390	  174.3882
11.785	 2.82	 1	 -41.9273	  173.9528
11.789	 2.54	 1	 -42.5271	  173.1899
11.789	 2.38	 2	 -41.8071	  174.2663
11.790	 2.02	 2	 -42.5061	  173.7236
11.790	 2.08	 1	 -42.6351	  173.0375
11.790	 2.65	 2	 -41.9050	  174.3479
11.791	 2.64	 3	 -43.5012	  172.4200
11.793	 2.17	 4	 -42.8029	  173.2784
11.793	 2.38	 1	 -42.4713	  173.3940
11.795	 2.01	 2	 -42.9984	  173.1584
11.795	 2.29	 2	 -42.3161	  173.8939
11.796	 2.15	 1	 -41.6708	  174.5024
11.797	 2.18	 3	 -42.3885	  173.1317
11.798	 2.06	 1	 -41.7683	  174.2529
11.798	 2.56	 3	 -41.8574	  172.6343
11.798	 2.31	 1	 -42.3231	  173.5005
11.798	 2.03	 3	 -41.9911	  173.7743
11.799	 2.40	 3	 -42.6572	  179.8760
11.800	 2.03	 1	 -42.0447	  173.8277
11.801	 2.16	 2	 -41.9290	  174.1385
11.802	 2.01	 3	 -41.6048	  174.5582
11.804	 2.33	 1	 -43.3473	  172.3356
11.805	 2.06	 3	 -42.1656	  173.2159
11.805	 2.30	 1	 -41.7256	  174.3119
11.806	 2.06	 1	 -41.7194	  174.2234
11.808	 2.26	 3	 -42.2126	  173.6684
11.809	 2.15	 5	 -42.2530	  173.4594
11.809	 2.42	 4	 -42.5742	  174.6615
11.811	 2.20	 1	 -41.7157	  174.1802
11.812	 2.29	 1	 -42.4049	  173.2444
11.813	 2.72	 1	 -41.3763	  173.9551
11.814	 2.52	 1	 -41.3842	  174.1134
11.814	 2.15	 1	 -42.0983	  173.8622
11.816	 2.32	 1	 -41.7894	  174.1839
11.817	 2.26	 3	 -42.4834	  174.6519
11.817	 2.34	 4	 -42.6583	  173.7493
11.817	 2.09	 2	 -42.0069	  173.6959
11.817	 2.13	 4	 -42.4220	  174.1359
11.817	 2.00	 3	 -42.4169	  173.8204
11.818	 2.81	 1	 -42.3370	  173.8531
11.818	 2.04	 4	 -42.7242	  172.6591
11.818	 2.01	 1	 -42.3625	  173.9941
11.820	 2.26	 1	 -42.0694	  173.7014
11.822	 2.01	 1	 -42.1983	  173.5389
11.823	 2.11	 1	 -41.6952	  174.2836
11.824	 2.26	 1	 -42.5654	  172.9920
11.825	 2.27	 1	 -41.7873	  174.1267
11.826	 2.56	 1	 -41.7723	  174.1848
11.827	 3.14	 1	 -42.3675	  174.0370
11.828	 2.24	 1	 -42.1628	  173.4756
11.828	 2.30	 5	 -41.6030	  174.0721
11.828	 2.19	 2	 -42.2778	  173.6269
11.829	 2.40	 4	 -42.7376	  173.1837
11.830	 2.61	 3	 -42.1028	  173.7608
11.832	 2.34	 4	 -41.8191	  174.4074
11.833	 2.03	 3	 -40.6761	  175.0355
11.833	 2.73	 1	 -42.0347	  173.8396
11.835	 3.06	 2	 -42.6073	  174.0484
11.835	 2.53	 1	 -41.7694	  174.1494
11.840	 2.77	 3	 -41.6485	  174.3729
11.840	 2.66	 2	 -42.2130	  173.7482
11.841	 2.23	 3	 -41.6018	  174.5859
11.841	 2.34	 1	 -42.2615	  173.0086
11.842	 2.43	 4	 -42.2446	  173.7084
11.842	 2.12	 2	 -41.7822	  174.2668
11.843	 2.08	 1	 -42.3415	  173.8994
11.844	 2.26	 1	 -42.0569	  173.6378
11.845	 2.05	 1	 -41.6543	  174.2161
11.845	 3.22	 2	 -42.6590	  173.0449
11.846	 2.33	 3	 -42.4636	  173.8080
11.846	 2.71	 2	 -41.7799	  174.1989
11.847	 2.10	 1	 -42.4628	  173.7964
11.848	 2.22	 1	 -42.6358	  173.5230
11.849	 2.16	 2	 -41.8127	  174.2373
11.849	 2.45	 2	 -42.2156	  174.0183
11.850	 2.16	 1	 -43.6412	  168.2875
11.851	 2.20	 1	 -41.7225	  174.3442
11.852	 2.37	 1	 -41.6953	  174.2942
11.853	 2.16	 1	 -41.1065	  172.7889
11.853	 2.12	 1	 -42.4140	  173.6206
11.855	 2.90	 3	 -41.8136	  173.9968
11.856	 2.65	 2	 -42.6095	  173.5849
11.859	 2.23	 2	 -42.3537	  173.9727
11.859	 3.01	 2	 -41.6022	  174.1694
11.859	 2.02	 3	 -42.0146	  173.4848
11.862	 2.15	 2	 -43.0987	  173.0034
11.865	 2.36	 2	 -42.2271	  173.7358
11.865	 2.08	 2	 -43.3497	  172.9160
11.870	 2.21	 1	 -42.4085	  174.0359
11.870	 2.30	 2	 -43.3639	  172.9614
11.871	 2.31	 3	 -42.4382	  173.6993
11.871	 3.00	 2	 -42.1076	  173.2451
11.872	 2.26	 4	 -42.7406	  171.7079
11.876	 2.10	 1	 -41.7154	  174.2228
11.876	 3.02	 4	 -42.2757	  173.5921
11.878	 2.33	 1	 -42.6808	  172.8210
11.878	 2.32	 1	 -42.3486	  173.4815
11.878	 2.65	 1	 -42.1877	  174.1113
11.879	 2.42	 2	 -41.5708	  174.6685
11.879	 2.01	 3	 -41.7677	  174.3128
11.880	 2.28	 1	 -42.1724	  173.8645
11.881	 2.35	 1	 -42.1338	  173.6782
11.881	 2.15	 4	 -42.6980	  173.6795
11.882	 2.87	 3	 -42.3620	  174.0999
11.884	 2.48	 3	 -41.7362	  174.5673
11.885	 2.77	 5	 -42.7276	  173.2178
11.885	 3.67	 1	 -42.8958	  172.9603
11.886	 2.96	 2	 -43.2906	  172.8427
11.886	 2.38	 1	 -42.5234	  173.3018
11.887	 2.22	 3	 -42.6357	  173.9996
11.887	 2.09	 2	 -41.8596	  172.6609
11.888	 2.29	 3	 -41.6400	  174.2026
11.889	 2.53	 1	 -42.1677	  173.5963
11.890	 2.09	 3	 -42.4917	  174.6754
11.890	 2.27	 2	 -41.7425	  174.2984
11.890	 2.21	 1	 -41.6792	  174.2605
11.892	 3.05	 3	 -42.2766	  173.5701
11.892	 2.78	 5	 -41.7119	  174.2834
11.893	 2.34	 1	 -42.1737	  173.5814
11.894	 2.31	 4	 -42.5470	  171.5939
11.895	 2.17	 1	 -42.5433	  173.1242
11.895	 2.09	 1	 -42.7014	  172.9191
11.897	 2.43	 3	 -42.5231	  174.5599
11.899	 3.61	 1	 -42.2837	  173.7865
11.901	 2.01	 1	 -42.2456	  173.6929
11.904	 2.13	 3	 -43.5029	  172.3552
11.904	 2.25	 2	 -42.3062	  173.7402
11.905	 2.66	 1	 -41.7701	  174.2578
11.905	 2.93	 1	 -42.0609	  172.8810
11.907	 2.06	 1	 -41.9561	  173.8359
11.908	 3.46	 2	 -41.7073	  174.2201
11.908	 2.31	 1	 -41.8793	  174.4024
11.908	 2.04	 1	 -42.1798	  173.5220
11.910	 2.14	 1	 -42.0025	  173.7125
11.910	 2.01	 1	 -42.0684	  173.7241
11.911	 2.35	 1	 -42.3496	  173.6728
11.912	 2.31	 2	 -43.2868	  172.9664
11.912	 2.42	 2	 -42.0571	  172.8616
11.912	 2.22	 2	 -41.7282	  174.2508
11.913	 2.11	 1	 -42.3858	  173.9710
11.913	 2.31	 4	 -42.7114	  173.8091
11.914	 2.91	 1	 -41.9252	  174.1083
11.914	 2.29	 2	 -41.8469	  174.0439
11.915	 2.39	 1	 -41.7138	  174.2671
11.915	 2.47	 1	 -42.5123	  173.0352
11.915	 2.14	 1	 -42.0988	  173.0210
11.916	 2.22	 1	 -40.8445	  172.4722
11.917	 2.23	 1	 -41.6665	  174.1902
11.917	 2.74	 2	 -42.2965	  173.6732
11.917	 2.14	 4	 -41.5227	  174.8566
11.919	 3.33	 1	 -42.6661	  172.7892
11.920	 2.01	 2	 -43.3159	  172.9242
11.921	 2.21	 1	 -41.9880	  173.7681
11.921	 2.08	 1	 -42.2920	  173.6412
11.922	 2.00	 2	 -42.5595	  173.0918
11.923	 2.08	 2	 -41.7276	  174.2765
11.923	 2.01	 1	 -42.1280	  173.5489
11.924	 2.67	 1	 -41.7016	  174.3221
11.925	 4.06	 1	 -41.9592	  174.7584
11.925	 2.17	 4	 -43.1955	  175.1790
11.926	 2.19	 2	 -42.0459	  173.7208
11.927	 2.22	 1	 -42.5414	  173.0616
11.927	 2.09	 2	 -41.8680	  171.8481
11.928	 2.25	 2	 -43.0489	  172.8236
11.929	 2.03	 2	 -42.5320	  173.2755
11.930	 2.21	 1	 -42.6810	  173.2220
11.932	 2.19	 2	 -42.3660	  173.0852
11.935	 2.16	 3	 -42.5504	  173.5198
11.935	 2.18	 1	 -42.4313	  173.1966
11.935	 3.31	 3	 -41.8797	  174.1129
11.936	 2.26	 2	 -42.1322	  173.8556
11.936	 2.00	 1	 -42.4906	  173.2751
11.940	 2.34	 1	 -42.0322	  173.8353
11.941	 2.12	 1	 -39.2273	  178.1742
11.941	 2.11	 1	 -42.6082	  172.9567
11.944	 2.52	 1	 -42.3472	  173.0799
11.946	 2.78	 4	 -41.8473	  174.2232
11.947	 2.10	 1	 -41.7009	  174.2615
11.947	 2.24	 1	 -42.4082	  173.2209
11.948	 2.49	 2	 -43.3047	  172.9659
11.948	 2.99	 3	 -42.4633	  173.8669
11.950	 2.29	 4	 -42.7744	  173.2932
11.950	 2.17	 1	 -42.1168	  173.6619
11.952	 3.45	 2	 -41.6813	  173.0043
11.952	 2.15	 4	 -40.6780	  175.0372
11.952	 2.09	 1	 -41.9303	  174.1350
11.953	 3.31	 2	 -42.2365	  173.6547
11.953	 2.15	 1	 -42.2826	  173.8905
11.953	 2.56	 1	 -42.3725	  172.9921
11.953	 2.36	 2	 -41.6645	  173.2324
11.955	 3.10	 3	 -42.4898	  173.8441
11.956	 2.37	 1	 -41.8332	  174.2681
11.957	 2.31	 1	 -42.4249	  173.7339
11.960	 2.85	 1	 -42.6179	  173.2711
11.960	 2.02	 3	 -41.7527	  174.1947
11.961	 3.79	 3	 -41.9134	  173.6818
11.963	 2.02	 1	 -42.3991	  173.7609
11.963	 2.07	 3	 -42.6808	  173.9144
11.964	 2.42	 1	 -42.5628	  173.1013
11.964	 2.67	 1	 -42.1975	  173.2558
11.965	 2.90	 6	 -42.4191	  173.1282
11.965	 2.70	 1	 -42.6322	  172.9963
11.967	 2.08	 1	 -42.0192	  173.7420
11.968	 2.32	 2	 -43.2984	  172.8862
11.971	 2.00	 3	 -42.0545	  173.7428
11.971	 2.20	 1	 -41.7232	  174.2444
11.971	 2.95	 1	 -41.8114	  174.0304
11.971	 2.11	 2	 -42.3949	  174.2851
11.972	 2.95	 1	 -41.9040	  178.5817
11.973	 2.26	 2	 -41.6861	  174.3600
11.973	 3.20	 3	 -43.4651	  172.4496
11.973	 2.51	 4	 -42.6497	  172.6079
11.974	 3.55	 2	 -43.3070	  172.9469
11.975	 2.74	 1	 -42.4755	  173.9223
11.976	 2.20	 3	 -42.4764	  174.6300
11.977	 2.07	 1	 -43.1100	  172.9862
11.978	 2.25	 1	 -45.0373	  175.9454
11.978	 2.12	 1	 -41.7102	  174.2919
11.980	 2.63	 2	 -42.2435	  172.2854
11.981	 2.29	 1	 -41.9133	  173.8476
11.983	 2.26	 1	 -42.1861	  173.3411
11.984	 2.99	 1	 -42.5258	  173.1735
11.984	 3.32	 1	 -42.4173	  173.7514
11.985	 2.62	 2	 -42.6228	  173.0421
11.986	 3.36	 1	 -41.6995	  174.2467
11.986	 2.45	 1	 -42.6658	  173.2188
11.987	 2.15	 3	 -42.4656	  174.6493
11.988	 2.15	 1	 -41.7475	  174.3508
11.991	 2.77	 1	 -42.4293	  174.0361
11.992	 2.66	 1	 -42.8896	  173.3886
11.994	 2.49	 2	 -42.4421	  173.7833
11.995	 2.28	 3	 -42.7314	  172.8633
11.995	 2.88	 1	 -42.5703	  172.9835
11.997	 2.20	 1	 -42.2863	  173.6794
11.997	 2.50	 2	 -42.2676	  174.0907
11.998	 3.11	 2	 -41.8528	  173.9707
11.998	 2.59	 1	 -41.6626	  174.2200
12.000	 2.27	 1	 -42.6009	  173.4157
12.001	 2.08	 1	 -41.7727	  174.2128
12.001	 3.23	 2	 -42.3567	  173.8943
12.002	 2.73	 2	 -43.2626	  173.0335
12.003	 3.39	 2	 -42.2459	  174.0710
12.004	 2.18	 3	 -41.5708	  174.6622
12.004	 2.04	 1	 -41.5388	  174.1143
12.004	 2.24	 2	 -42.4636	  173.2699
12.005	 2.07	 1	 -41.7757	  174.2852
12.006	 2.17	 1	 -43.0696	  173.1597
12.007	 2.00	 1	 -42.1915	  173.6683
12.007	 2.22	 1	 -42.8442	  173.3389
12.007	 2.14	 2	 -42.3285	  173.0534
12.009	 2.26	 1	 -42.3088	  173.8772
12.010	 2.39	 1	 -42.1141	  173.8035
12.010	 2.05	 3	 -42.5073	  173.6715
12.012	 2.10	 3	 -42.0961	  175.4435
12.012	 2.18	 1	 -42.5164	  173.7916
12.013	 2.28	 1	 -41.6870	  174.3819
12.014	 2.25	 3	 -41.8965	  173.8679
12.014	 2.42	 4	 -41.9541	  173.6071
12.015	 2.33	 1	 -42.3244	  173.7110
12.016	 2.47	 1	 -42.0128	  173.6768
12.016	 2.42	 1	 -41.8383	  174.0251
12.016	 3.36	 1	 -42.2702	  174.2455
12.016	 2.13	 3	 -41.8039	  174.1768
12.017	 2.25	 1	 -42.2289	  173.4725
12.017	 2.30	 1	 -41.7193	  174.2738
12.018	 2.24	 2	 -42.4800	  173.0132
12.018	 2.05	 1	 -42.2019	  173.5495
12.020	 3.13	 1	 -41.7330	  174.1562
12.020	 2.21	 3	 -42.3599	  173.1100
12.021	 2.38	 3	 -41.5843	  174.7453
12.021	 2.28	 1	 -42.2851	  173.6679
12.022	 2.71	 2	 -42.0249	  173.6515
12.022	 2.05	 4	 -42.4552	  173.8593
12.023	 2.28	 3	 -39.7774	  172.9461
12.025	 2.05	 1	 -42.4388	  173.1846
12.025	 3.71	 2	 -41.7619	  174.2941
12.026	 2.55	 2	 -42.5274	  172.7845
12.026	 2.36	 1	 -41.7077	  174.2716
12.027	 2.59	 2	 -43.5585	  173.2298
12.029	 3.25	 1	 -45.4275	  175.4440
12.029	 2.03	 1	 -42.8688	  170.8939
12.030	 2.02	 2	 -41.9337	  175.1535
12.031	 2.17	 1	 -42.1580	  173.7862
12.033	 2.62	 3	 -41.5943	  174.3463
12.035	 2.98	 2	 -42.1768	  173.1536
12.038	 2.89	 1	 -41.9551	  173.6839
12.039	 2.19	 3	 -41.6401	  174.6759
12.040	 2.95	 1	 -42.3595	  173.9807
12.043	 2.50	 1	 -41.9524	  174.0939
12.043	 2.90	 3	 -42.6428	  173.4281
12.043	 2.00	 3	 -42.4642	  173.9935
12.044	 2.27	 1	 -41.5908	  174.1913
12.045	 3.10	 4	 -42.5736	  173.7945
12.046	 2.23	 2	 -41.8647	  174.2342
12.047	 2.25	 1	 -42.4113	  173.3332
12.048	 2.97	 3	 -47.2299	  177.1856
12.048	 2.04	 1	 -41.7799	  174.2358
12.048	 2.10	 1	 -41.7217	  174.0942
12.049	 2.21	 1	 -41.8075	  174.2451
12.050	 2.19	 3	 -42.0879	  173.6984
12.051	 2.01	 1	 -42.3026	  172.9371
12.052	 3.13	 1	 -41.7695	  174.1756
12.053	 2.48	 1	 -41.6985	  174.1840
12.054	 2.00	 1	 -42.5469	  173.1196
12.056	 2.25	 1	 -41.6941	  174.2595
12.056	 2.66	 4	 -42.4487	  173.9033
12.057	 2.42	 1	 -41.9587	  173.6861
12.058	 2.28	 1	 -42.2823	  173.6472
12.058	 2.47	 1	 -41.7060	  174.1536
12.059	 2.14	 2	 -42.2886	  173.9960
12.059	 2.12	 1	 -42.2414	  173.6891
12.060	 3.40	 2	 -42.2437	  173.9153
12.060	 2.70	 1	 -42.0657	  173.8013
12.060	 2.86	 1	 -42.3366	  173.2985
12.062	 2.47	 2	 -43.2014	  173.2609
12.063	 2.01	 2	 -42.3303	  173.6974
12.063	 2.08	 2	 -42.2796	  173.7634
12.065	 2.00	 4	 -41.2712	  173.3794
12.065	 3.27	 2	 -42.3159	  173.8698
12.068	 2.41	 1	 -42.1675	  173.6993
12.068	 2.15	 1	 -41.6276	  173.9443
12.069	 2.21	 4	 -41.9263	  173.7414
12.070	 2.56	 1	 -41.8128	  174.3502
12.071	 2.15	 5	 -42.4188	  173.9048
12.072	 2.27	 1	 -42.2632	  174.0959
12.073	 2.27	 1	 -41.7212	  174.7243
12.074	 2.69	 1	 -42.5141	  173.1984
12.075	 2.44	 3	 -42.2264	  173.6681
12.075	 2.39	 2	 -41.4701	  174.1055
12.077	 2.95	 3	 -42.4444	  173.7990
12.078	 2.98	 1	 -41.7548	  174.2923
12.078	 2.03	 1	 -41.7201	  174.2926
12.079	 2.15	 3	 -43.5239	  172.4176
12.079	 2.04	 3	 -42.5182	  173.7563
12.080	 2.30	 3	 -42.4893	  173.8232
12.081	 2.38	 3	 -43.4851	  172.3314
12.083	 2.08	 1	 -42.4265	  173.1251
12.083	 2.64	 1	 -41.7114	  174.3582
12.083	 2.18	 1	 -41.9689	  173.7846
12.084	 2.47	 2	 -42.3279	  173.9665
12.085	 2.03	 1	 -41.6658	  174.2026
12.085	 2.04	 1	 -42.6017	  173.2617
12.085	 2.71	 1	 -42.6911	  172.7029
12.085	 2.98	 1	 -42.2505	  173.6400
12.086	 2.28	 2	 -42.6980	  172.9742
12.089	 2.05	 3	 -41.6950	  174.3681
12.090	 2.50	 3	 -42.6717	  173.4842
12.091	 2.03	 1	 -42.4108	  173.7026
12.091	 2.46	 1	 -41.7906	  174.2745
12.094	 2.23	 1	 -41.7633	  174.2570
12.094	 3.04	 3	 -42.4401	  173.8858
12.096	 2.16	 1	 -42.0293	  173.7819
12.098	 2.29	 1	 -42.5299	  173.2255
12.099	 2.24	 2	 -41.9258	  173.6680
12.101	 2.69	 2	 -43.3113	  172.9198
12.102	 2.32	 3	 -42.1085	  173.9435
12.102	 2.20	 1	 -41.7458	  173.9529
12.102	 2.29	 1	 -42.4179	  174.0540
12.103	 2.11	 3	 -43.0938	  173.0156
12.103	 2.53	 3	 -42.5024	  173.8150
12.104	 2.40	 1	 -42.4371	  173.0464
12.105	 2.49	 1	 -42.0269	  173.6889
12.105	 2.09	 2	 -41.7345	  174.2844
12.106	 2.21	 1	 -42.5763	  173.2616
12.106	 2.02	 2	 -41.9611	  174.7687
12.106	 2.37	 1	 -42.6593	  172.8061
12.108	 2.09	 1	 -42.3092	  173.2725
12.109	 2.94	 2	 -42.3112	  173.8583
12.109	 2.44	 1	 -42.3680	  173.2691
12.110	 2.00	 3	 -42.0261	  173.9196
12.110	 2.29	 1	 -41.6744	  174.2686
12.111	 3.70	 4	 -41.7893	  174.8430
12.112	 2.13	 1	 -42.5118	  173.1116
12.112	 2.73	 1	 -41.7393	  174.1790
12.112	 2.78	 3	 -42.0394	  173.9152
12.113	 2.97	 1	 -42.0681	  173.3282
12.115	 2.07	 1	 -42.2627	  173.8349
12.115	 2.64	 1	 -40.8457	  176.7953
12.115	 2.00	 2	 -43.0898	  172.6205
12.116	 2.05	 3	 -42.6261	  173.5190
12.120	 2.19	 1	 -41.7286	  174.3431
12.120	 2.25	 2	 -42.3431	  173.9802
12.121	 2.15	 1	 -41.9997	  173.7722
12.124	 2.40	 1	 -42.5891	  172.8576
12.124	 3.41	 1	 -41.9280	  174.7202
12.127	 2.74	 4	 -41.9335	  173.6862
12.127	 2.45	 4	 -41.7077	  174.3392
12.127	 2.01	 2	 -41.8274	  174.1927
12.128	 2.07	 1	 -42.6165	  172.7976
12.129	 2.05	 4	 -42.6287	  172.7086
12.130	 2.53	 1	 -42.3414	  173.9861
12.130	 2.40	 2	 -42.2540	  173.6826
12.130	 2.26	 1	 -42.6840	  172.6920
12.131	 2.40	 2	 -42.8601	  173.8061
12.131	 2.17	 1	 -42.2801	  173.6737
12.132	 2.52	 2	 -42.4840	  174.1089
12.135	 2.35	 3	 -42.5276	  174.5444
12.135	 2.23	 1	 -42.9443	  172.9080
12.135	 2.35	 2	 -41.5606	  174.3943
12.138	 2.23	 3	 -42.5339	  173.1463
12.138	 2.11	 1	 -42.3535	  173.6796
12.139	 2.03	 1	 -44.9163	  178.0887
12.139	 2.47	 2	 -41.9605	  174.6280
12.140	 2.14	 1	 -41.7307	  174.2587
12.142	 3.29	 1	 -42.4059	  173.2540
12.143	 2.72	 5	 -41.5287	  174.3849
12.145	 2.79	 2	 -41.6990	  173.1248
12.145	 3.31	 1	 -41.6821	  174.2152
12.146	 2.96	 1	 -42.2144	  173.7494
12.146	 2.24	 1	 -42.4515	  168.9689
12.147	 2.18	 2	 -38.0474	  171.7079
12.148	 2.31	 3	 -42.6195	  173.8864
12.148	 2.05	 2	 -44.0599	  174.4400
12.149	 2.92	 1	 -41.6800	  174.2442
12.150	 3.19	 3	 -42.5657	  172.7912
12.152	 2.01	 1	 -42.2235	  173.5936
12.152	 2.37	 3	 -40.9820	  171.7540
12.156	 2.38	 2	 -41.7422	  174.3820
12.157	 2.68	 3	 -42.4477	  174.0880
12.157	 2.39	 2	 -41.8704	  174.2227
12.157	 2.71	 1	 -42.6909	  172.7926
12.158	 2.37	 1	 -42.5718	  173.8298
12.158	 2.02	 1	 -41.9382	  173.7736
12.159	 2.25	 1	 -41.9574	  174.3982
12.161	 2.29	 2	 -41.7243	  174.3294
12.162	 2.16	 1	 -42.5971	  172.9479
12.162	 2.01	 1	 -42.2929	  173.8414
12.164	 2.04	 1	 -42.2564	  173.6681
12.165	 2.80	 4	 -42.5572	  173.7306
12.165	 2.51	 2	 -42.2143	  173.3749
12.165	 2.14	 1	 -41.6688	  174.3016
12.168	 2.82	 2	 -42.3728	  173.9001
12.169	 2.16	 2	 -41.6416	  174.6973
12.171	 2.74	 2	 -42.4252	  173.7698
12.171	 3.08	 1	 -42.1292	  173.5640
12.171	 2.18	 1	 -41.7337	  174.2859
12.171	 2.11	 1	 -42.3355	  173.7295
12.172	 2.43	 1	 -42.1916	  173.6669
12.172	 2.24	 2	 -41.7563	  174.2563
12.174	 2.12	 1	 -42.2639	  173.5468
12.177	 2.25	 1	 -42.2666	  173.9865
12.179	 2.24	 1	 -42.3867	  173.9620
12.179	 2.06	 4	 -42.4804	  173.8271
12.181	 2.94	 3	 -41.6193	  174.5550
12.183	 2.34	 1	 -41.7253	  174.2432
12.185	 2.64	 1	 -42.2243	  172.9139
12.185	 2.27	 3	 -41.7149	  174.3664
12.185	 2.38	 3	 -41.7048	  174.2240
12.186	 2.99	 2	 -42.3166	  173.9581
12.186	 2.18	 1	 -41.9342	  174.0954
12.186	 2.41	 1	 -42.5508	  173.1989
12.188	 2.44	 2	 -41.9287	  173.7699
12.190	 2.26	 3	 -42.2874	  174.0596
12.191	 2.69	 3	 -42.4534	  173.8167
12.195	 2.03	 4	 -42.7241	  173.2280
12.195	 2.97	 1	 -41.6951	  174.3326
12.197	 2.07	 1	 -42.5469	  173.1321
12.198	 2.26	 1	 -41.7029	  174.2667
12.199	 2.42	 1	 -42.3543	  174.1730
12.200	 2.03	 4	 -42.2646	  173.7835
12.201	 2.17	 2	 -42.0434	  174.3020
12.203	 2.28	 4	 -41.9563	  173.9235
12.203	 3.95	 1	 -42.6816	  173.7978
12.204	 2.38	 3	 -42.4809	  173.6839
12.205	 2.53	 1	 -42.2446	  173.6273
12.205	 2.08	 1	 -42.5082	  174.6510
12.205	 2.07	 1	 -42.3233	  173.7646
12.205	 2.39	 2	 -41.8996	  173.7882
12.206	 3.18	 2	 -41.7431	  174.3224
12.207	 2.06	 3	 -41.7307	  174.8724
12.207	 2.17	 1	 -42.6844	  173.0246
12.208	 2.02	 4	 -42.4408	  173.7601
12.209	 2.24	 1	 -42.0545	  173.5077
12.209	 2.81	 3	 -41.7684	  174.3264
12.210	 2.02	 2	 -42.0394	  173.7629
12.210	 2.03	 1	 -42.5088	  173.1210
12.211	 2.58	 3	 -42.8294	  174.3430
12.211	 2.84	 3	 -42.2602	  173.8108
12.213	 2.10	 4	 -44.1679	  176.1332
12.213	 2.25	 1	 -42.2457	  174.1151
12.214	 2.03	 1	 -42.0238	  173.7439
12.215	 2.11	 3	 -45.3877	  177.5882
12.215	 2.07	 1	 -42.5760	  173.3454
12.216	 2.22	 2	 -42.5561	  173.6726
12.217	 2.41	 1	 -42.3950	  173.8029
12.217	 2.97	 3	 -42.1861	  172.8063
12.219	 2.24	 1	 -41.6428	  174.1685
12.220	 2.15	 3	 -42.5398	  173.6869
12.220	 2.09	 1	 -42.3712	  173.1992
12.223	 3.50	 1	 -42.3718	  174.0293
12.226	 2.02	 2	 -42.6358	  173.1990
12.226	 2.16	 1	 -42.3476	  173.5970
12.227	 2.82	 1	 -41.9429	  174.2318
12.228	 2.20	 1	 -41.7532	  174.2868
12.229	 2.01	 1	 -41.9890	  173.9996
12.231	 2.28	 2	 -41.7002	  173.5795
12.234	 2.49	 1	 -42.4637	  173.7768
12.237	 2.18	 3	 -42.4745	  174.6252
12.238	 3.72	 1	 -42.8006	  172.7885
12.239	 2.09	 1	 -41.9302	  173.6819
12.240	 2.16	 2	 -42.5395	  172.7500
12.241	 2.40	 1	 -41.7112	  174.1278
12.242	 3.15	 1	 -42.3043	  173.9601
12.242	 2.32	 1	 -41.7254	  174.2279
12.242	 2.36	 1	 -41.7755	  174.4411
12.243	 2.22	 2	 -41.7442	  174.2858
12.244	 2.65	 2	 -42.5091	  172.7382
12.244	 2.18	 2	 -41.8414	  174.1831
12.244	 2.06	 1	 -41.6997	  174.1822
12.245	 2.71	 3	 -42.9364	  173.2605
12.246	 2.45	 3	 -42.0784	  173.9307
12.246	 2.13	 2	 -41.7415	  174.2462
12.246	 2.25	 1	 -42.5880	  173.0531
12.247	 2.88	 1	 -42.3265	  173.6405
12.248	 2.22	 1	 -42.2422	  173.6429
12.249	 2.07	 1	 -41.6627	  174.2900
12.249	 2.44	 2	 -46.8295	  174.5904
12.253	 2.72	 3	 -41.7681	  174.2317
12.255	 2.52	 2	 -42.3307	  173.6880
12.255	 2.15	 2	 -42.4059	  173.5799
12.256	 2.55	 3	 -42.5009	  173.8224
12.256	 2.11	 2	 -42.5611	  172.9060
12.258	 2.23	 2	 -42.0021	  173.7708
12.259	 2.00	 2	 -43.2713	  173.0640
12.259	 2.28	 3	 -42.0747	  173.7035
12.259	 2.03	 1	 -42.2336	  173.5765
12.260	 2.66	 1	 -42.2496	  173.6596
12.260	 2.11	 2	 -43.1919	  173.0062
12.260	 2.07	 1	 -42.7358	  173.0075
12.260	 2.66	 1	 -42.2683	  173.1932
12.262	 2.25	 3	 -42.1484	  173.8664
12.263	 2.07	 1	 -42.1754	  173.5995
12.263	 3.11	 1	 -42.2355	  173.8673
12.264	 2.51	 3	 -42.3585	  173.5194
12.264	 2.69	 1	 -41.5789	  174.7831
12.265	 2.10	 1	 -41.6914	  174.2801
12.266	 2.29	 2	 -42.4742	  174.3371
12.266	 2.14	 1	 -42.1572	  173.6135
12.267	 2.19	 1	 -42.2242	  173.5978
12.270	 2.79	 2	 -43.2706	  172.9268
12.270	 2.10	 4	 -42.6396	  174.0267
12.272	 2.26	 1	 -42.1489	  173.6234
12.272	 3.60	 1	 -41.7313	  174.1280
12.274	 2.31	 1	 -41.3955	  172.6931
12.278	 2.72	 1	 -42.0593	  173.7487
12.278	 2.06	 2	 -42.6976	  173.1850
12.278	 2.34	 2	 -42.9163	  172.9489
12.279	 2.14	 1	 -41.7290	  174.2595
12.280	 2.15	 1	 -42.2416	  173.5980
12.280	 2.38	 2	 -42.3842	  172.9825
12.281	 2.54	 3	 -41.7001	  174.4003
12.281	 2.36	 1	 -42.3636	  173.5756
12.281	 2.67	 3	 -41.7797	  174.3093
12.282	 2.22	 2	 -41.8700	  173.9228
12.284	 2.08	 1	 -42.3278	  173.8937
12.285	 2.46	 2	 -42.6154	  173.2470
12.287	 2.16	 1	 -42.4069	  173.8692
12.288	 2.02	 1	 -42.0779	  174.0561
12.290	 2.27	 4	 -41.2953	  172.0600
12.291	 3.95	 1	 -42.4290	  174.0400
12.293	 2.33	 1	 -42.4909	  173.1166
12.293	 3.26	 2	 -42.2680	  173.5624
12.293	 2.46	 2	 -42.4630	  173.0325
12.293	 2.26	 2	 -42.4880	  173.1247
12.293	 3.38	 1	 -43.7998	  175.4272
12.295	 2.33	 2	 -41.9118	  174.0212
12.296	 2.15	 1	 -41.6709	  174.2106
12.296	 2.05	 1	 -42.3200	  173.7081
12.297	 2.31	 3	 -41.6049	  174.6543
12.297	 2.00	 1	 -42.2973	  174.6357
12.302	 2.03	 2	 -41.9664	  174.1466
12.302	 2.54	 1	 -42.2371	  173.8822
12.302	 2.45	 1	 -42.5513	  174.0625
12.302	 2.16	 1	 -42.2967	  173.6825
12.303	 2.89	 2	 -42.2315	  173.7150
12.304	 2.03	 1	 -41.9065	  173.5213
12.305	 2.39	 2	 -42.2634	  173.0863
12.307	 2.65	 1	 -42.3742	  174.0326
12.307	 2.34	 2	 -42.2515	  173.6508
12.311	 2.11	 1	 -41.9622	  173.6993
12.312	 3.90	 2	 -42.4218	  173.0554
12.313	 2.58	 1	 -41.9346	  174.0439
12.313	 2.80	 2	 -41.7803	  174.1233
12.314	 2.59	 2	 -42.0735	  173.8748
12.314	 3.14	 2	 -42.5531	  173.0969
12.315	 2.11	 3	 -41.9464	  173.5101
12.315	 2.12	 1	 -42.4568	  172.7464
12.315	 2.33	 2	 -41.9774	  172.8438
12.316	 2.12	 2	 -42.0455	  173.2513
12.317	 2.46	 1	 -42.1778	  174.1403
12.318	 2.37	 1	 -41.8660	  173.9483
12.320	 2.33	 1	 -42.6259	  173.0970
12.321	 2.75	 1	 -41.8924	  174.0505
12.322	 2.51	 1	 -41.7667	  174.4362
12.322	 2.66	 3	 -41.9888	  173.6845
12.323	 2.17	 2	 -41.5374	  174.2625
12.324	 2.48	 1	 -42.3379	  173.9402
12.325	 2.16	 3	 -41.6959	  174.2724
12.325	 2.63	 2	 -41.9595	  174.6748
12.329	 2.32	 1	 -41.6675	  174.2421
12.329	 2.02	 1	 -42.5959	  173.1210
12.330	 2.05	 1	 -41.6870	  174.2210
12.330	 2.30	 2	 -41.7051	  174.2005
12.331	 2.11	 1	 -41.7691	  174.3380
12.332	 2.02	 3	 -43.4971	  172.4603
12.333	 3.51	 3	 -42.3431	  173.7086
12.334	 2.37	 2	 -42.2920	  173.8403
12.334	 2.24	 1	 -42.8837	  173.2797
12.334	 2.24	 3	 -42.0786	  173.7212
12.334	 2.29	 1	 -42.2188	  173.7921
12.335	 2.95	 2	 -41.6715	  174.2161
12.335	 2.40	 2	 -41.5819	  174.7764
12.335	 2.34	 1	 -42.3175	  173.6373
12.336	 3.12	 1	 -42.1925	  173.7824
12.337	 2.46	 2	 -42.0430	  172.5428
12.338	 2.08	 1	 -42.4397	  172.9874
12.339	 2.55	 3	 -42.5993	  173.0256
12.339	 3.10	 1	 -42.2529	  173.6210
12.340	 2.28	 2	 -41.7186	  174.2932
12.342	 3.22	 1	 -42.0858	  173.6525
12.343	 2.59	 2	 -43.3088	  172.8865
12.344	 2.08	 1	 -42.1975	  173.5313
12.344	 2.45	 1	 -42.1437	  173.6891
12.344	 2.72	 3	 -42.5685	  173.8882
12.344	 3.64	 2	 -41.4261	  172.7879
12.345	 2.08	 4	 -42.8184	  173.1979
12.345	 2.10	 3	 -42.2074	  173.6900
12.346	 2.83	 3	 -43.5797	  172.4452
12.346	 2.95	 1	 -42.5714	  172.7752
12.347	 2.82	 4	 -42.5815	  173.7848
12.347	 2.74	 2	 -41.6736	  174.2329
12.347	 2.14	 3	 -42.0403	  173.9211
12.347	 2.75	 1	 -42.6730	  172.8183
12.348	 2.22	 2	 -42.6314	  174.9042
12.352	 2.77	 5	 -42.4129	  174.1050
12.353	 2.23	 2	 -43.2612	  172.8537
12.353	 2.02	 1	 -42.8361	  172.7388
12.355	 2.18	 1	 -41.9970	  173.7208
12.356	 2.03	 2	 -42.2910	  173.8843
12.358	 3.03	 1	 -42.6368	  173.7538
12.359	 2.66	 5	 -41.6929	  174.2421
12.360	 2.24	 4	 -42.4258	  173.8031
12.361	 2.27	 3	 -42.3124	  173.6254
12.361	 2.02	 4	 -42.3889	  173.7706
12.362	 2.07	 3	 -42.2713	  173.6111
12.363	 2.43	 1	 -42.0011	  173.8378
12.363	 2.73	 4	 -42.6878	  173.6758
12.363	 2.28	 2	 -42.3341	  173.8843
12.366	 2.22	 1	 -42.3757	  174.0395
12.368	 2.43	 3	 -41.6082	  174.6547
12.369	 2.04	 1	 -41.9713	  173.5777
12.370	 2.17	 2	 -42.3039	  173.7602
12.371	 2.14	 1	 -42.6404	  172.7644
12.371	 2.71	 2	 -41.9723	  173.9375
12.371	 2.04	 2	 -43.3022	  172.9035
12.372	 2.70	 3	 -42.1517	  173.5559
12.373	 2.18	 1	 -42.5310	  173.3748
12.375	 3.91	 2	 -42.2487	  173.6903
12.375	 2.20	 2	 -41.7102	  174.2519
12.376	 4.02	 2	 -41.7596	  174.2561
12.377	 2.88	 2	 -42.3752	  173.8619
12.378	 2.46	 2	 -42.2029	  173.9219
12.378	 2.61	 2	 -42.0694	  173.4936
12.379	 2.47	 1	 -45.5993	  174.4401
12.379	 2.06	 1	 -41.6630	  174.2441
12.380	 2.11	 1	 -42.4011	  173.3351
12.380	 2.37	 2	 -41.7813	  174.2406
12.382	 3.60	 3	 -42.4402	  173.7248
12.382	 2.79	 1	 -42.2492	  173.5535
12.384	 2.02	 3	 -41.9652	  173.8442
12.384	 3.64	 3	 -42.3714	  174.0429
12.384	 2.07	 1	 -41.6940	  174.4041
12.387	 2.14	 1	 -41.8098	  174.4861
12.388	 2.62	 2	 -41.9471	  174.0869
12.388	 2.47	 2	 -43.2710	  173.0040
12.388	 2.26	 1	 -41.7042	  174.0184
12.389	 2.18	 3	 -42.9153	  173.6926
12.390	 2.24	 3	 -42.2267	  173.6814
12.391	 2.00	 1	 -42.1444	  173.6722
12.391	 2.36	 1	 -42.4356	  173.2712
12.391	 2.64	 1	 -42.5756	  173.3020
12.393	 2.11	 2	 -41.7731	  173.0276
12.393	 2.08	 3	 -42.3964	  173.5520
12.393	 2.09	 1	 -42.5833	  173.0498
12.393	 2.43	 2	 -42.7258	  172.6205
12.396	 2.32	 1	 -41.7128	  174.2369
12.398	 2.05	 2	 -42.9802	  173.0452
12.398	 2.00	 3	 -42.4105	  173.5622
12.400	 3.46	 1	 -41.9340	  173.6860
12.401	 2.04	 1	 -42.4923	  173.1043
12.401	 2.29	 1	 -42.0287	  173.8157
12.401	 2.49	 3	 -42.6012	  173.7304
12.404	 3.54	 1	 -41.8158	  174.2285
12.405	 2.34	 2	 -42.0062	  173.6792
12.406	 2.19	 1	 -41.9777	  173.9440
12.408	 2.16	 1	 -41.7638	  174.0099
12.409	 2.04	 1	 -42.3247	  173.7289
12.410	 2.16	 1	 -42.6190	  173.9506
12.410	 2.52	 1	 -42.2681	  173.6371
12.411	 3.16	 1	 -42.1132	  173.8591
12.412	 2.55	 2	 -42.2164	  173.8324
12.412	 2.96	 1	 -41.7214	  174.3089
12.413	 2.32	 1	 -41.7077	  174.2218
12.414	 2.08	 3	 -42.5471	  174.6470
12.414	 2.23	 3	 -41.6462	  174.7476
12.414	 2.32	 2	 -42.5656	  173.1572
12.414	 2.08	 1	 -41.9089	  173.1828
12.415	 2.05	 2	 -41.9628	  173.7595
12.416	 2.81	 1	 -42.4055	  173.9015
12.416	 2.15	 1	 -42.6544	  173.0165
12.417	 2.06	 1	 -41.9582	  173.2187
12.419	 2.59	 1	 -42.2229	  173.9621
12.419	 2.36	 3	 -41.7103	  174.3273
12.419	 2.14	 2	 -42.4442	  173.7797
12.420	 2.11	 3	 -42.2607	  173.3446
12.421	 2.23	 4	 -42.6461	  172.7196
12.422	 2.21	 1	 -42.3494	  173.7608
12.422	 2.39	 1	 -42.6081	  172.9497
12.422	 2.19	 1	 -42.5499	  173.0235
12.424	 2.50	 1	 -42.5105	  173.7714
12.424	 2.32	 3	 -43.1808	  173.0658
12.424	 2.13	 1	 -42.5373	  173.0273
12.425	 2.08	 3	 -42.5267	  173.7788
12.427	 3.32	 2	 -42.3878	  173.9892
12.427	 3.74	 4	 -42.2635	  172.8981
12.428	 2.15	 2	 -42.3506	  173.8512
12.428	 3.38	 1	 -41.7467	  174.2176
12.430	 2.44	 4	 -41.4753	  175.1317
12.431	 2.33	 2	 -41.9943	  173.6294
12.431	 2.59	 1	 -41.8046	  174.3828
12.432	 2.56	 4	 -41.7542	  174.2856
12.432	 2.33	 1	 -42.3117	  174.8767
12.433	 2.07	 3	 -42.8374	  173.9672
12.434	 2.20	 2	 -43.1766	  172.6316
12.434	 2.12	 2	 -42.6816	  172.8938
12.434	 2.22	 1	 -42.1076	  174.0665
12.434	 2.31	 2	 -41.6735	  174.1672
12.435	 2.21	 1	 -42.4793	  173.9591
12.435	 2.55	 3	 -41.9506	  173.8450
12.436	 2.56	 1	 -41.7554	  174.3319
12.436	 2.32	 1	 -42.0649	  173.7612
12.436	 2.53	 2	 -41.9563	  173.6874
12.436	 2.18	 1	 -42.1950	  173.7303
12.436	 2.48	 1	 -42.1596	  172.6743
12.437	 2.44	 1	 -42.3805	  173.2448
12.438	 2.43	 1	 -42.3955	  173.7650
12.438	 2.75	 3	 -42.4946	  174.6050
12.438	 2.66	 5	 -42.7329	  173.2397
12.439	 2.08	 1	 -42.7609	  172.9767
12.440	 2.53	 4	 -42.7109	  173.4988
12.440	 2.56	 3	 -42.4755	  173.8226
12.443	 2.29	 1	 -41.1168	  173.1112
12.443	 2.25	 1	 -42.6222	  173.2301
12.444	 2.70	 3	 -42.5657	  173.5463
12.445	 3.58	 1	 -42.0427	  173.7570
12.447	 4.32	 1	 -42.1409	  173.5999
12.447	 2.38	 1	 -42.2427	  173.7976
12.447	 2.05	 1	 -41.7569	  174.2218
12.448	 2.44	 1	 -42.0549	  173.6448
12.449	 2.20	 2	 -42.3452	  173.6313
12.449	 2.54	 2	 -42.1431	  172.2990
12.450	 2.24	 1	 -42.1280	  173.6194
12.451	 3.25	 2	 -41.9623	  173.6835
12.451	 2.00	 2	 -41.7115	  174.3567
12.453	 2.12	 1	 -42.4008	  173.8420
12.454	 2.08	 3	 -45.8191	  177.8686
12.455	 2.46	 2	 -45.6647	  177.3800
12.455	 2.01	 3	 -42.3700	  174.7391
12.456	 3.24	 2	 -42.6073	  173.5042
12.457	 2.21	 1	 -42.4104	  173.4457
12.458	 2.93	 2	 -42.3114	  173.6880
12.458	 2.17	 1	 -42.4730	  173.0137
12.458	 2.33	 3	 -42.6374	  174.2659
12.459	 2.22	 3	 -42.5390	  172.8741
12.459	 2.51	 3	 -43.6698	  166.7629
12.460	 2.03	 3	 -42.4862	  173.8768
12.460	 2.02	 1	 -42.3180	  173.6774
12.460	 2.21	 1	 -41.6990	  174.2672
12.461	 2.11	 2	 -42.5161	  172.8841
12.463	 2.07	 3	 -41.6914	  174.3760
12.464	 2.67	 1	 -41.7996	  174.2509
12.464	 3.08	 2	 -41.8235	  174.2147
12.465	 2.09	 2	 -42.2315	  173.5529
12.465	 2.87	 2	 -42.4245	  173.4541
12.466	 2.37	 2	 -41.9898	  173.7545
12.466	 2.18	 1	 -41.8160	  174.0424
12.466	 2.04	 3	 -42.4855	  174.6271
12.467	 2.22	 1	 -41.9281	  174.0345
12.467	 2.98	 2	 -42.3677	  173.8429
12.468	 2.28	 1	 -41.8418	  174.2041
12.469	 3.26	 1	 -42.3293	  174.8311
12.471	 2.12	 3	 -42.1443	  173.9636
12.472	 2.32	 7	 -42.7185	  173.1399
12.472	 2.21	 4	 -42.5121	  173.6843
12.472	 2.01	 2	 -42.4430	  173.1588
12.474	 2.18	 2	 -42.0071	  173.6684
12.474	 3.15	 3	 -41.7842	  174.2349
12.474	 2.63	 2	 -42.1383	  173.9565
12.475	 2.18	 2	 -41.4118	  172.7930
12.475	 2.28	 2	 -42.3439	  173.8595
12.477	 3.25	 1	 -41.8042	  174.2747
12.479	 2.01	 2	 -42.6526	  172.8458
12.480	 3.26	 1	 -42.3944	  173.3859
12.481	 2.76	 1	 -41.6469	  174.2737
12.481	 2.33	 1	 -42.5707	  173.1267
12.481	 2.04	 4	 -42.6964	  173.2881
12.483	 2.58	 1	 -42.4705	  173.2741
12.483	 4.14	 1	 -41.8086	  173.3364
12.484	 2.61	 2	 -42.5871	  175.5261
12.487	 2.02	 1	 -42.3254	  173.5039
12.490	 3.08	 1	 -42.8293	  172.9205
12.491	 2.60	 1	 -41.7447	  174.3620
12.493	 2.11	 4	 -41.6228	  174.2000
12.493	 2.33	 3	 -42.5824	  173.9048
12.494	 2.68	 2	 -42.4293	  173.8654
12.496	 2.03	 1	 -42.2566	  173.6739
12.497	 2.11	 1	 -40.3415	  174.4595
12.497	 2.27	 3	 -42.3641	  174.0969
12.498	 2.29	 4	 -42.7150	  173.6827
12.500	 2.14	 1	 -41.7421	  174.2887
12.500	 3.87	 1	 -42.5981	  172.9347
12.501	 2.36	 1	 -42.3812	  173.5225
12.504	 2.21	 1	 -41.7616	  174.3314
12.505	 2.17	 1	 -41.7355	  174.3064
12.508	 2.51	 1	 -42.4563	  172.5411
12.509	 2.13	 1	 -42.4215	  173.5645
12.511	 2.12	 3	 -42.2472	  174.0465
12.512	 2.28	 1	 -42.0877	  173.7559
12.515	 2.09	 1	 -41.7235	  174.0626
12.519	 2.46	 2	 -42.2199	  173.6610
12.520	 2.02	 3	 -42.4485	  173.7186
12.521	 2.28	 1	 -42.6589	  172.9093
12.523	 3.07	 1	 -42.7794	  173.2867
12.523	 3.39	 2	 -42.3179	  173.6376
12.523	 3.24	 2	 -42.4578	  174.4017
12.525	 2.37	 2	 -42.5364	  173.0950
12.526	 2.40	 2	 -43.2454	  172.5023
12.527	 2.03	 3	 -41.6975	  174.0768
12.528	 2.67	 3	 -42.6208	  174.3305
12.528	 2.13	 1	 -41.5315	  176.1300
12.529	 2.17	 3	 -42.5646	  172.8037
12.529	 2.12	 1	 -42.6133	  173.0244
12.531	 2.16	 2	 -41.7093	  174.2818
12.534	 2.01	 1	 -42.7326	  173.6442
12.536	 2.08	 2	 -42.0267	  173.6940
12.536	 2.19	 1	 -41.9105	  171.0519
12.537	 2.72	 1	 -41.8974	  174.0250
12.538	 2.32	 1	 -41.9536	  173.6928
12.540	 2.09	 2	 -41.9118	  173.9797
12.541	 2.04	 1	 -42.4235	  173.6478
12.541	 2.42	 4	 -42.6901	  173.7706
12.541	 2.40	 1	 -41.6729	  174.2507
12.542	 2.34	 1	 -42.2260	  173.8525
12.543	 2.91	 2	 -42.1652	  173.7037
12.544	 4.35	 3	 -42.0512	  173.8300
12.545	 2.34	 3	 -41.7740	  174.2381
12.545	 2.12	 2	 -43.1620	  172.8881
12.547	 2.02	 2	 -42.4692	  173.9672
12.547	 2.22	 2	 -42.6099	  173.2410
12.547	 2.45	 1	 -41.8506	  174.2186
12.550	 2.38	 2	 -41.7578	  174.3001
12.551	 2.08	 3	 -41.6687	  174.2028
12.552	 4.08	 5	 -42.7045	  173.1819
12.552	 2.38	 1	 -41.9254	  173.7493
12.552	 2.09	 2	 -42.8015	  172.3137
12.553	 2.03	 3	 -43.3163	  172.9227
12.554	 2.42	 1	 -42.0911	  173.8846
12.554	 2.32	 3	 -42.3987	  173.5896
12.556	 2.13	 2	 -42.4116	  173.7757
12.557	 2.10	 3	 -41.9382	  174.8293
12.557	 2.23	 1	 -41.7506	  174.3543
12.557	 3.60	 1	 -41.6738	  174.2839
12.559	 2.87	 1	 -42.1261	  173.6687
12.560	 2.79	 1	 -42.6667	  172.8598
12.560	 2.27	 3	 -42.6583	  173.3994
12.560	 2.98	 2	 -43.0894	  174.1444
12.561	 2.27	 1	 -42.6573	  173.2819
12.564	 2.23	 2	 -42.1377	  173.5337
12.564	 2.67	 2	 -41.7460	  174.2770
12.566	 2.16	 1	 -41.3596	  173.8879
12.566	 2.66	 3	 -42.0424	  172.5421
12.568	 2.15	 3	 -42.4662	  174.7274
12.568	 4.31	 1	 -42.0502	  174.0878
12.569	 2.25	 2	 -43.3829	  172.7906
12.569	 3.36	 4	 -41.6195	  174.5549
12.570	 2.90	 2	 -42.0962	  173.7141
12.571	 2.12	 1	 -43.0662	  173.5149
12.572	 2.00	 1	 -42.0358	  174.2581
12.572	 4.33	 1	 -42.2264	  173.5689
12.572	 2.46	 1	 -41.9416	  173.7143
12.572	 3.95	 2	 -42.6241	  172.9032
12.572	 2.22	 3	 -41.5844	  174.5787
12.573	 2.27	 1	 -42.1699	  173.5976
12.574	 2.47	 1	 -41.7978	  174.8496
12.575	 2.49	 1	 -42.6115	  172.9413
12.576	 3.41	 2	 -41.7787	  174.2414
12.577	 2.10	 4	 -42.7006	  172.6127
12.577	 2.05	 1	 -42.5856	  172.7890
12.580	 2.06	 3	 -42.1254	  173.4579
12.581	 2.15	 1	 -43.3457	  174.0835
12.581	 3.28	 3	 -42.3954	  174.0119
12.583	 3.08	 3	 -42.6342	  172.9257
12.583	 2.38	 4	 -42.3359	  174.0319
12.583	 2.25	 1	 -39.9463	  172.7849
12.584	 2.03	 1	 -41.4957	  174.2764
12.585	 2.68	 5	 -41.6191	  174.5457
12.586	 2.22	 2	 -42.0150	  173.6848
12.587	 2.60	 1	 -39.9126	  168.4807
12.588	 2.17	 1	 -42.3205	  174.0145
12.592	 2.51	 1	 -42.5557	  174.1513
12.593	 2.45	 3	 -42.2419	  173.5508
12.593	 2.26	 1	 -42.1749	  173.6906
12.593	 2.85	 3	 -42.5344	  174.5892
12.593	 2.17	 2	 -41.6968	  174.2508
12.595	 2.12	 1	 -42.4284	  173.1570
12.595	 2.03	 2	 -42.1937	  173.6780
12.596	 2.19	 1	 -42.2547	  173.4868
12.596	 2.40	 2	 -42.1105	  174.1201
12.598	 2.14	 1	 -42.4924	  173.7783
12.598	 2.27	 3	 -42.4842	  173.7907
12.599	 2.43	 3	 -42.5937	  173.8269
12.599	 2.23	 1	 -41.7413	  174.1223
12.601	 2.28	 4	 -42.0248	  173.9816
12.605	 3.91	 3	 -42.4766	  174.6417
12.611	 2.11	 1	 -41.7387	  174.1617
12.612	 2.02	 1	 -42.3318	  173.8294
12.613	 2.74	 2	 -41.8052	  174.2651
12.613	 2.28	 2	 -42.1079	  173.5951
12.616	 2.15	 1	 -42.3584	  173.8847
12.619	 2.19	 2	 -42.4932	  173.2064
12.619	 2.55	 1	 -42.6073	  173.4705
12.624	 2.02	 3	 -41.7393	  174.1747
12.625	 3.25	 2	 -42.3305	  174.0226
12.626	 2.92	 3	 -42.1227	  173.7348
12.626	 2.16	 1	 -41.6743	  174.2320
12.626	 2.19	 1	 -42.1968	  172.9091
12.626	 3.29	 3	 -42.4640	  174.6109
12.626	 2.33	 1	 -41.7207	  174.3427
12.627	 2.49	 2	 -41.8908	  173.9816
12.627	 2.14	 4	 -41.6332	  174.6686
12.627	 2.34	 2	 -41.1703	  170.7458
12.632	 2.10	 1	 -42.4339	  173.0632
12.633	 2.55	 1	 -41.7177	  174.3146
12.633	 2.14	 3	 -41.7797	  173.6223
12.633	 3.19	 1	 -42.4788	  173.1958
12.635	 2.37	 1	 -41.8366	  174.1412
12.635	 2.50	 1	 -41.9349	  174.0781
12.636	 2.30	 3	 -42.2380	  173.8187
12.636	 2.07	 2	 -42.2577	  173.6362
12.637	 2.97	 4	 -42.1194	  173.7343
12.637	 2.59	 6	 -42.4072	  174.1008
12.638	 2.03	 2	 -41.8434	  174.1619
12.640	 3.23	 1	 -41.7614	  174.2597
12.641	 2.08	 2	 -41.8257	  174.3457
12.641	 2.32	 1	 -43.3309	  174.7305
12.642	 2.40	 2	 -43.2967	  172.8489
12.643	 2.60	 3	 -42.5609	  172.9409
12.643	 2.37	 1	 -42.2370	  173.6139
12.645	 2.36	 2	 -43.2861	  172.9278
12.645	 2.30	 1	 -41.7136	  174.2616
12.646	 2.65	 2	 -42.0782	  173.5550
12.646	 2.12	 1	 -41.8741	  173.9570
12.646	 2.33	 1	 -42.8363	  173.2664
12.647	 2.16	 1	 -42.5406	  173.7356
12.647	 2.89	 1	 -42.1941	  173.6154
12.648	 2.44	 3	 -42.5208	  174.5772
12.648	 3.19	 2	 -41.6363	  174.2772
12.649	 2.27	 2	 -42.4290	  173.6975
12.650	 2.03	 2	 -42.2725	  173.8945
12.650	 2.24	 2	 -43.4556	  173.3257
12.650	 2.01	 1	 -41.7371	  174.3169
12.650	 2.22	 1	 -42.2019	  172.9864
12.651	 2.10	 1	 -41.7644	  174.2569
12.655	 2.31	 1	 -42.1757	  173.6687
12.655	 2.58	 3	 -42.6518	  174.3543
12.657	 3.77	 3	 -42.6505	  173.9094
12.657	 2.33	 1	 -42.0135	  173.9292
12.657	 2.20	 1	 -41.7230	  174.1127
12.658	 2.05	 3	 -42.3110	  173.6858
12.660	 2.34	 2	 -43.3166	  172.8829
12.660	 2.26	 1	 -42.5593	  172.5779
12.662	 2.21	 3	 -42.4849	  173.7554
12.662	 2.72	 1	 -42.2560	  173.6675
12.663	 2.21	 4	 -42.4243	  174.0608
12.663	 2.42	 2	 -41.7096	  174.2510
12.663	 2.63	 3	 -41.7204	  174.2452
12.664	 2.05	 1	 -42.6558	  172.7987
12.664	 2.59	 2	 -43.2804	  172.9820
12.665	 2.05	 1	 -41.6458	  174.2181
12.667	 2.23	 2	 -41.7432	  174.1323
12.669	 2.30	 1	 -42.1633	  174.0600
12.670	 2.92	 3	 -42.3964	  173.8618
12.670	 2.74	 3	 -42.7380	  174.2745
12.670	 2.02	 2	 -42.0861	  173.7442
12.670	 2.72	 1	 -41.9600	  174.3390
12.673	 3.24	 3	 -42.0807	  173.6794
12.673	 2.80	 1	 -42.1597	  173.5658
12.674	 3.08	 1	 -42.1101	  173.8564
12.675	 2.27	 1	 -41.7370	  174.2519
12.675	 2.30	 3	 -42.6554	  173.5265
12.676	 2.11	 2	 -42.8114	  173.2933
12.678	 2.69	 3	 -42.4682	  174.6885
12.679	 2.46	 2	 -42.4322	  172.5806
12.681	 3.11	 2	 -41.7662	  174.2531
12.681	 2.05	 4	 -42.2019	  173.6767
12.682	 2.60	 2	 -39.5561	  169.4729
12.685	 2.32	 1	 -42.5837	  173.1355
12.686	 2.21	 3	 -42.5372	  172.9064
12.686	 2.37	 1	 -43.5974	  173.2820
12.687	 2.12	 2	 -42.2548	  173.6487
12.687	 2.27	 1	 -42.9851	  173.6081
12.687	 2.38	 1	 -41.8641	  174.2981
12.689	 2.27	 3	 -42.4200	  173.9645
12.689	 2.67	 1	 -41.6198	  174.5480
12.690	 2.33	 4	 -42.2500	  172.9292
12.693	 3.47	 3	 -42.4750	  173.7777
12.693	 2.32	 2	 -42.0602	  174.2221
12.694	 2.27	 4	 -42.3843	  174.0414
12.694	 2.09	 1	 -42.3906	  173.7679
12.695	 2.36	 2	 -41.7669	  174.2640
12.695	 2.20	 1	 -41.9913	  173.8701
12.698	 2.38	 1	 -42.6719	  173.0116
12.698	 2.29	 2	 -42.2200	  173.3092
12.699	 2.15	 2	 -41.8101	  174.2247
12.699	 3.15	 1	 -42.9175	  173.0089
12.700	 2.49	 1	 -42.2972	  173.9439
12.700	 2.01	 2	 -42.4768	  173.7702
12.701	 2.50	 1	 -42.1894	  173.6598
12.703	 3.00	 1	 -41.7364	  174.2882
12.706	 2.03	 1	 -41.7273	  174.3349
12.708	 2.65	 1	 -41.8458	  173.9594
12.708	 2.10	 4	 -42.5137	  173.8765
12.709	 2.74	 5	 -42.4773	  173.8353
12.709	 2.14	 2	 -41.9035	  171.3570
12.709	 2.20	 4	 -41.6564	  174.6627
12.710	 2.13	 2	 -46.6813	  174.5432
12.710	 2.02	 1	 -41.7276	  173.3118
12.711	 2.49	 2	 -42.9988	  173.1991
12.712	 2.05	 1	 -42.3316	  173.9005
12.712	 2.02	 1	 -41.6968	  174.2653
12.712	 2.52	 3	 -42.4710	  173.9953
12.715	 2.17	 2	 -42.1724	  173.8555
12.716	 2.14	 2	 -41.9701	  173.5757
12.717	 2.62	 1	 -42.6661	  173.3091
12.719	 2.04	 1	 -42.2175	  173.7222
12.720	 2.39	 1	 -41.9545	  173.6626
12.721	 2.19	 1	 -42.2533	  173.8938
12.722	 2.17	 2	 -42.5022	  173.1615
12.723	 2.77	 1	 -42.0522	  173.7336
12.723	 2.80	 1	 -42.4685	  172.9970
12.725	 2.21	 1	 -42.3429	  173.7759
12.725	 3.44	 2	 -39.2278	  178.1758
12.725	 2.06	 2	 -41.9808	  173.7150
12.726	 2.12	 1	 -41.1547	  175.2369
12.727	 2.26	 1	 -42.3738	  173.2493
12.727	 2.24	 1	 -42.1567	  173.7707
12.727	 2.66	 1	 -42.1961	  173.6351
12.728	 2.81	 1	 -41.9880	  174.0942
12.728	 2.68	 2	 -42.4644	  174.8473
12.729	 2.13	 1	 -42.1142	  173.6566
12.729	 2.53	 1	 -41.7709	  174.2057
12.730	 3.28	 2	 -40.3710	  173.9647
12.730	 2.54	 3	 -42.9636	  173.4868
12.731	 3.14	 1	 -42.1309	  173.6185
12.733	 2.17	 1	 -42.4853	  173.7665
12.733	 2.19	 2	 -41.7793	  174.2693
12.734	 2.56	 2	 -41.7629	  174.1423
12.735	 3.44	 1	 -41.7773	  174.2530
12.735	 2.92	 3	 -43.2268	  172.9217
12.736	 3.06	 1	 -42.4602	  173.3379
12.736	 2.06	 1	 -41.9670	  174.2107
12.736	 2.48	 2	 -42.6838	  172.8447
12.737	 2.65	 1	 -42.3639	  173.4831
12.738	 3.27	 4	 -42.3034	  173.8391
12.738	 2.86	 1	 -42.3357	  173.9929
12.738	 2.42	 1	 -42.4221	  173.1692
12.739	 2.41	 4	 -41.7350	  174.4999
12.739	 2.41	 1	 -41.7017	  174.1472
12.740	 2.26	 2	 -42.7301	  173.1326
12.741	 2.38	 1	 -41.7638	  174.2224
12.742	 2.06	 2	 -42.2250	  173.5024
12.743	 2.34	 2	 -46.2291	  171.7776
12.744	 2.08	 3	 -42.4281	  173.6475
12.744	 2.47	 1	 -41.7500	  174.2410
12.746	 2.35	 1	 -41.7629	  174.2394
12.746	 2.67	 1	 -42.1204	  173.8483
12.748	 2.04	 1	 -41.8024	  174.2346
12.748	 2.53	 1	 -42.3634	  173.7410
12.749	 2.36	 1	 -42.1964	  173.9818
12.753	 2.05	 1	 -42.1556	  173.9090
12.755	 2.82	 1	 -42.2547	  173.7485
12.755	 2.03	 3	 -42.3441	  173.2008
12.755	 3.43	 2	 -41.9370	  173.6898
12.756	 2.46	 1	 -42.3980	  173.2002
12.756	 2.12	 2	 -42.1986	  173.9151
12.757	 2.48	 1	 -42.2373	  173.9786
12.757	 2.03	 3	 -42.3479	  172.8341
12.758	 2.16	 1	 -41.6787	  174.2521
12.759	 2.43	 1	 -42.4873	  173.1257
12.761	 2.40	 1	 -41.7903	  174.2521
12.761	 2.84	 1	 -42.2314	  173.6931
12.762	 2.39	 1	 -42.2135	  173.5941
12.763	 2.10	 4	 -42.4686	  173.4907
12.763	 2.69	 1	 -42.2508	  173.5343
12.764	 2.79	 3	 -42.0675	  174.3362
12.765	 2.07	 4	 -42.6513	  173.9079
12.767	 2.10	 1	 -42.2771	  173.6662
12.768	 2.42	 2	 -42.4114	  172.9560
12.768	 2.37	 1	 -42.7968	  173.0969
12.769	 2.25	 1	 -42.1380	  173.8826
12.769	 2.23	 1	 -41.7335	  174.2813
12.770	 2.50	 4	 -42.4787	  174.6374
12.771	 2.35	 2	 -43.3231	  172.8685
12.771	 2.13	 4	 -42.6167	  173.7816
12.772	 2.08	 2	 -42.2978	  174.6389
12.772	 3.05	 2	 -41.8482	  174.3686
12.776	 2.34	 3	 -42.3251	  172.8044
12.781	 3.50	 1	 -42.2587	  172.8074
12.783	 2.10	 2	 -42.5592	  173.1200
12.784	 2.25	 1	 -42.6055	  172.9681
12.785	 2.77	 3	 -42.9374	  173.2580
12.787	 2.78	 1	 -42.5707	  173.9990
12.788	 2.37	 3	 -41.7344	  174.2074
12.789	 2.22	 4	 -41.9449	  173.6178
12.789	 2.04	 1	 -42.4242	  174.0139
12.790	 2.11	 1	 -41.6472	  174.2072
12.791	 2.16	 1	 -42.9258	  173.1786
12.792	 3.15	 3	 -42.2408	  173.6894
12.792	 3.23	 2	 -42.2870	  173.9069
12.796	 3.16	 1	 -42.5652	  173.3519
12.798	 2.13	 1	 -42.3605	  174.0131
12.798	 2.19	 1	 -41.7833	  174.2991
12.799	 2.58	 1	 -41.8545	  174.0092
12.799	 2.11	 3	 -42.7035	  173.1321
12.800	 2.52	 3	 -42.5353	  173.7194
12.801	 2.02	 2	 -42.2026	  173.5265
12.802	 2.14	 2	 -42.1905	  173.5630
12.803	 4.07	 3	 -42.4650	  173.8618
12.803	 2.22	 1	 -42.4049	  174.0014
12.805	 2.45	 2	 -42.5606	  173.3644
12.805	 2.02	 4	 -42.6515	  173.9144
12.809	 2.43	 3	 -41.6981	  174.2533
12.809	 2.04	 1	 -42.0716	  173.6760
12.811	 2.10	 5	 -41.7160	  173.9299
12.812	 2.27	 3	 -42.8389	  173.6298
12.813	 2.17	 1	 -41.7175	  174.1505
12.814	 2.06	 4	 -42.6423	  173.9141
12.814	 2.04	 2	 -41.7452	  174.3620
12.815	 3.02	 3	 -42.4064	  173.5733
12.815	 2.78	 2	 -42.4662	  173.2128
12.815	 2.21	 3	 -42.3785	  173.9981
12.816	 2.08	 2	 -41.6262	  174.6795
12.816	 2.15	 2	 -42.2343	  173.5606
12.816	 2.41	 4	 -42.4609	  173.8632
12.817	 2.18	 1	 -41.6923	  174.2276
12.819	 2.87	 1	 -41.7161	  174.1422
12.821	 2.10	 3	 -41.0775	  174.0084
12.821	 2.02	 1	 -42.1382	  172.4428
12.822	 2.84	 3	 -42.0692	  173.6922
12.822	 2.32	 1	 -42.6330	  173.0143
12.822	 2.34	 1	 -43.2689	  173.3764
12.822	 2.20	 2	 -42.5010	  173.7949
12.824	 2.58	 1	 -41.9657	  174.0885
12.826	 2.07	 1	 -42.4320	  173.0983
12.827	 2.41	 1	 -41.7510	  174.2001
12.829	 2.18	 2	 -41.6501	  174.2752
12.831	 2.14	 1	 -42.2812	  173.6632
12.831	 2.73	 1	 -42.3734	  173.3691
12.831	 2.03	 3	 -40.9118	  173.8217
12.831	 2.04	 1	 -42.2649	  173.7389
12.832	 2.69	 2	 -42.6273	  173.0526
12.832	 2.04	 1	 -42.2942	  173.9157
12.832	 2.29	 4	 -41.7975	  179.0556
12.833	 2.01	 1	 -42.0953	  173.7278
12.834	 2.10	 3	 -41.9907	  173.6256
12.836	 3.72	 1	 -41.8222	  174.2460
12.836	 2.06	 2	 -41.6597	  174.2697
12.837	 2.30	 2	 -42.2939	  173.7221
12.838	 2.29	 3	 -41.7136	  174.9084
12.838	 2.20	 3	 -41.7857	  174.9813
12.841	 2.42	 2	 -42.2818	  173.5209
12.841	 2.26	 4	 -42.3589	  173.7006
12.842	 2.37	 1	 -42.8008	  172.6950
12.844	 2.09	 1	 -41.9755	  173.6035
12.844	 2.00	 1	 -41.6452	  174.1252
12.845	 2.13	 1	 -42.8482	  173.3161
12.845	 2.35	 1	 -41.7641	  174.1826
12.845	 2.37	 1	 -41.5482	  173.0939
12.845	 2.14	 1	 -41.7212	  174.2553
12.846	 2.63	 1	 -41.9834	  173.9113
12.846	 2.06	 1	 -41.6851	  174.2316
12.846	 2.61	 1	 -41.3902	  173.8827
12.847	 2.38	 3	 -42.3445	  173.6557
12.848	 2.15	 4	 -42.7242	  173.1649
12.851	 2.42	 4	 -42.6515	  173.9078
12.852	 2.02	 2	 -45.4331	  175.4641
12.852	 3.56	 1	 -41.6936	  174.3309
12.852	 2.04	 3	 -42.2370	  173.7023
12.852	 2.52	 3	 -40.9066	  173.6288
12.854	 2.82	 1	 -41.7045	  174.2218
12.854	 2.98	 2	 -41.7068	  174.2443
12.857	 2.13	 3	 -42.5424	  173.4708
12.859	 2.25	 2	 -42.5974	  172.9744
12.859	 2.16	 1	 -42.2612	  173.6659
12.861	 2.86	 1	 -43.7153	  172.4709
12.863	 2.36	 4	 -41.7940	  174.8682
12.865	 2.66	 1	 -42.3684	  174.0642
12.867	 3.10	 3	 -42.4866	  173.3611
12.867	 2.97	 1	 -42.4347	  173.0676
12.867	 3.29	 1	 -42.5051	  173.3841
12.869	 2.04	 4	 -42.0743	  173.8594
12.869	 2.06	 1	 -41.8733	  174.0251
12.871	 3.22	 1	 -42.5319	  173.0755
12.871	 2.82	 2	 -42.5083	  173.6126
12.872	 2.28	 1	 -41.9829	  173.7149
12.874	 2.64	 3	 -41.4508	  175.0304
12.874	 2.09	 1	 -42.5628	  173.3998
12.875	 2.01	 3	 -42.5862	  173.6113
12.876	 2.71	 1	 -42.2567	  173.6348
12.876	 2.54	 1	 -42.1211	  173.6686
12.879	 3.47	 1	 -42.3240	  173.0181
12.881	 3.08	 1	 -42.5092	  173.6235
12.881	 4.04	 1	 -42.2382	  173.4331
12.882	 3.15	 3	 -42.5254	  173.8208
12.883	 2.55	 2	 -43.3169	  173.0084
12.883	 2.03	 2	 -42.0105	  173.7468
12.885	 2.80	 1	 -42.0017	  173.7080
12.885	 2.36	 1	 -41.7537	  174.1938
12.886	 2.06	 1	 -41.7055	  174.3137
12.886	 2.52	 3	 -42.4850	  173.5929
12.888	 2.35	 2	 -42.4659	  173.6426
12.890	 2.01	 4	 -42.6126	  173.7202
12.891	 2.12	 1	 -42.5541	  173.0679
12.892	 3.03	 1	 -42.1719	  173.7594
12.898	 2.08	 3	 -42.4422	  173.8779
12.898	 2.37	 1	 -42.3792	  173.5937
12.898	 2.51	 2	 -42.6361	  173.0762
12.899	 2.27	 3	 -42.0727	  173.8047
12.899	 2.61	 1	 -42.4345	  173.7193
12.900	 2.21	 1	 -42.2263	  173.8873
12.900	 3.22	 1	 -42.6603	  173.0026
12.900	 2.11	 1	 -41.9429	  174.1584
12.900	 2.05	 1	 -42.4200	  173.1468
12.901	 2.09	 2	 -43.0385	  173.1747
12.903	 2.71	 2	 -43.2884	  172.9908
12.904	 4.58	 1	 -42.3522	  173.4374
12.904	 2.27	 1	 -42.3971	  173.7186
12.904	 2.42	 2	 -42.8709	  172.8716
12.905	 2.16	 1	 -41.7677	  174.3256
12.907	 2.14	 2	 -42.2286	  173.4460
12.909	 2.86	 3	 -42.4722	  173.7624
12.910	 2.55	 3	 -41.9629	  173.6793
12.912	 2.95	 1	 -42.1715	  173.6806
12.912	 2.12	 3	 -42.4265	  173.9725
12.915	 2.29	 1	 -42.4508	  173.7932
12.915	 2.87	 1	 -42.4225	  173.5693
12.916	 3.42	 4	 -42.4576	  173.8474
12.916	 2.20	 1	 -42.1709	  173.8604
12.916	 2.24	 1	 -42.0499	  173.8298
12.917	 2.71	 3	 -41.8831	  173.8632
12.917	 2.09	 3	 -42.4748	  173.7762
12.918	 2.39	 1	 -41.9861	  173.9721
12.919	 2.82	 4	 -43.4950	  172.4197
12.920	 2.19	 2	 -41.7384	  174.0835
12.920	 3.05	 1	 -42.8856	  172.8317
12.922	 2.09	 1	 -42.6093	  172.9227
12.923	 2.42	 3	 -42.3212	  173.9198
12.925	 2.61	 2	 -42.0387	  172.4724
12.926	 2.11	 1	 -42.3628	  171.8468
12.927	 2.08	 2	 -42.3745	  173.4455
12.928	 2.04	 4	 -42.5347	  173.0791
12.929	 3.06	 1	 -42.2332	  173.5852
12.929	 2.35	 2	 -43.1450	  172.8614
12.930	 2.00	 3	 -42.9521	  172.7687
12.932	 2.49	 3	 -42.1317	  173.5957
12.932	 2.26	 1	 -42.2444	  173.5748
12.934	 2.24	 1	 -42.9748	  171.8137
12.934	 2.67	 1	 -42.1134	  173.8815
12.934	 2.22	 1	 -42.2926	  172.5979
12.937	 2.33	 1	 -42.2046	  173.5781
12.937	 2.25	 3	 -41.9571	  173.8415
12.938	 2.06	 1	 -41.7158	  174.2365
12.940	 2.17	 2	 -41.2905	  174.4707
12.940	 2.27	 2	 -42.3453	  173.8081
12.940	 2.15	 1	 -42.2283	  173.8037
12.941	 2.53	 2	 -42.6423	  173.1995
12.941	 2.84	 3	 -42.4739	  174.6043
12.941	 2.63	 1	 -42.5152	  173.0862
12.942	 2.21	 2	 -42.1924	  173.5185
12.943	 2.25	 1	 -42.5533	  173.1805
12.944	 2.31	 4	 -41.7031	  174.9220
12.944	 2.06	 1	 -42.6579	  173.4277
12.945	 2.09	 2	 -42.2565	  174.2561
12.945	 2.63	 3	 -42.2025	  173.6158
12.946	 2.40	 2	 -41.6430	  174.7744
12.946	 2.76	 1	 -41.7199	  174.1862
12.947	 2.13	 2	 -42.3502	  173.7664
12.947	 2.51	 3	 -41.7710	  174.4432
12.949	 2.41	 3	 -41.6983	  174.1833
12.951	 2.08	 3	 -42.4537	  174.5432
12.951	 2.25	 2	 -41.7308	  173.8922
12.951	 2.23	 1	 -42.4771	  173.1572
12.951	 2.91	 1	 -42.2364	  173.3972
12.952	 2.12	 2	 -42.3652	  173.2883
12.952	 2.05	 2	 -42.3691	  173.1301
12.953	 2.06	 2	 -41.9932	  173.9399
12.956	 3.01	 4	 -42.7688	  173.6990
12.960	 3.38	 1	 -41.7091	  174.2236
12.960	 3.61	 1	 -42.2468	  173.5085
12.961	 2.01	 2	 -41.7410	  174.3986
12.961	 3.09	 2	 -42.3052	  173.8275
12.961	 2.44	 1	 -42.4093	  174.0060
12.962	 3.40	 1	 -41.7105	  174.1658
12.962	 2.07	 1	 -42.3997	  173.8217
12.963	 2.41	 1	 -42.2542	  173.6481
12.963	 2.08	 3	 -42.0891	  173.6033
12.964	 2.89	 1	 -41.7998	  174.2377
12.964	 2.10	 3	 -42.1499	  173.7867
12.965	 2.67	 2	 -42.4462	  174.3300
12.966	 2.02	 3	 -42.6386	  173.6496
12.969	 2.25	 1	 -41.7621	  174.1669
12.971	 2.06	 2	 -42.0483	  174.0824
12.971	 2.16	 3	 -42.5291	  173.7541
12.973	 2.55	 2	 -41.9244	  174.0978
12.973	 2.31	 1	 -41.5878	  172.6677
12.973	 2.54	 3	 -43.3018	  173.3207
12.973	 2.42	 3	 -42.2555	  174.2551
12.974	 2.84	 2	 -42.2828	  173.9368
12.976	 2.60	 1	 -43.0792	  172.6546
12.977	 2.09	 2	 -41.9879	  173.7628
12.979	 2.27	 3	 -42.5084	  173.7448
12.979	 3.06	 2	 -41.7090	  174.2534
12.980	 2.13	 1	 -41.7185	  174.3444
12.980	 2.51	 1	 -40.7954	  175.6527
12.981	 2.67	 1	 -42.4317	  173.8497
12.982	 2.12	 1	 -43.4585	  172.4818
12.983	 2.30	 1	 -42.2266	  173.7143
12.984	 2.18	 3	 -41.8684	  174.4146
12.984	 2.56	 2	 -42.5182	  173.2138
12.985	 2.39	 2	 -42.3277	  173.5061
12.985	 2.57	 3	 -42.2043	  173.8615
12.985	 2.37	 1	 -41.7983	  174.0885
12.985	 2.57	 2	 -42.2497	  173.5922
12.987	 2.58	 1	 -41.7115	  174.2280
12.988	 2.94	 4	 -42.4442	  173.7023
12.988	 3.14	 1	 -42.6949	  172.7927
12.989	 2.28	 2	 -41.6931	  174.3069
12.990	 2.11	 2	 -41.8231	  174.2576
12.990	 2.31	 3	 -42.0711	  173.2580
12.991	 2.61	 3	 -44.8446	  173.3772
12.991	 2.88	 3	 -41.6967	  174.6533
12.991	 2.14	 1	 -42.3225	  173.7328
12.992	 2.13	 1	 -42.3071	  174.0446
12.994	 2.27	 1	 -42.2350	  173.5150
12.994	 2.04	 2	 -42.2541	  173.5005
12.995	 2.17	 2	 -42.0998	  173.5425
12.996	 2.18	 1	 -41.7745	  174.2550
12.996	 2.65	 2	 -41.8672	  173.3912
12.998	 2.15	 2	 -41.8011	  174.2236
12.998	 2.13	 2	 -42.5041	  173.7785
13.000	 2.12	 1	 -42.0041	  173.6450
13.001	 2.08	 1	 -41.7285	  174.3218
13.002	 2.44	 1	 -41.9847	  173.5315
13.002	 2.43	 1	 -41.7515	  174.0581
13.003	 3.05	 2	 -42.2475	  173.4453
13.003	 2.39	 1	 -42.5103	  174.3240
13.004	 2.03	 1	 -42.0088	  173.8943
13.004	 2.03	 1	 -41.7704	  174.0509
13.005	 2.04	 3	 -42.3446	  173.6998
13.005	 2.15	 5	 -42.9926	  173.1155
13.005	 2.20	 1	 -42.5341	  172.9912
13.007	 2.36	 1	 -41.7343	  174.2420
13.008	 2.17	 2	 -41.9659	  173.9620
13.010	 2.11	 5	 -42.3028	  173.8415
13.010	 2.11	 1	 -42.5179	  173.3790
13.011	 2.30	 3	 -42.0712	  173.6611
13.011	 2.02	 2	 -42.5532	  173.3985
13.012	 2.05	 2	 -42.5864	  173.1236
13.012	 2.05	 1	 -42.0582	  173.6899
13.013	 2.00	 2	 -42.4098	  174.3268
13.014	 2.33	 1	 -41.8018	  174.3422
13.016	 2.46	 1	 -42.5181	  173.0352
13.016	 2.09	 2	 -42.2379	  173.5816
13.017	 2.24	 3	 -42.5796	  172.8251
13.018	 2.04	 3	 -41.7280	  174.2841
13.021	 3.06	 1	 -42.4628	  174.2757
13.024	 2.20	 1	 -41.7346	  174.3276
13.025	 2.90	 2	 -42.1379	  173.9057
13.027	 2.59	 1	 -42.4343	  173.6667
13.027	 2.40	 2	 -43.1062	  173.1015
13.027	 2.15	 1	 -41.7210	  174.1763
13.028	 2.31	 3	 -38.0029	  171.1380
13.029	 2.30	 3	 -41.7020	  174.1856
13.031	 2.45	 1	 -42.5625	  173.2542
13.031	 2.39	 4	 -42.3047	  173.7486
13.031	 2.13	 1	 -41.7658	  174.1531
13.034	 2.16	 2	 -42.6729	  173.0058
13.036	 2.16	 1	 -41.8300	  174.1309
13.036	 2.23	 2	 -42.4214	  173.1674
13.039	 2.06	 2	 -42.5969	  173.5628
13.039	 2.05	 1	 -42.7770	  173.3223
13.040	 2.40	 4	 -42.6020	  173.8234
13.040	 2.08	 1	 -42.5411	  175.1012
13.041	 2.98	 3	 -42.3490	  173.5286
13.042	 2.22	 1	 -42.1812	  174.1516
13.043	 2.40	 1	 -41.9775	  173.2170
13.044	 2.20	 2	 -42.4294	  174.0418
13.045	 2.08	 1	 -42.4257	  173.8104
13.045	 2.43	 1	 -42.2846	  173.6418
13.045	 2.40	 2	 -42.0023	  173.7082
13.045	 2.70	 3	 -42.5708	  173.8611
13.045	 2.60	 1	 -42.6285	  172.9034
13.045	 2.08	 3	 -41.6527	  174.5921
13.046	 2.23	 1	 -42.3175	  173.8233
13.049	 2.37	 3	 -42.4354	  173.6333
13.049	 2.42	 2	 -42.7233	  172.7640
13.050	 2.76	 1	 -41.9645	  173.2991
13.050	 2.21	 1	 -42.5257	  173.9346
13.051	 2.93	 1	 -42.6563	  173.0097
13.052	 2.85	 1	 -42.6370	  173.0807
13.054	 2.36	 2	 -42.1977	  173.6017
13.054	 2.40	 4	 -42.6345	  172.7005
13.057	 2.21	 2	 -43.0411	  174.4892
13.058	 2.15	 2	 -42.3520	  173.6142
13.058	 2.60	 2	 -42.3629	  173.5925
13.063	 2.22	 2	 -42.1514	  173.5490
13.063	 2.21	 1	 -41.9365	  173.5787
13.064	 2.03	 2	 -42.4371	  173.2774
13.070	 2.00	 2	 -41.7014	  174.3368
13.070	 2.35	 2	 -41.9266	  173.8158
13.072	 2.21	 1	 -41.5554	  174.1284
13.072	 2.18	 1	 -41.7462	  174.2332
13.073	 2.40	 1	 -41.7470	  174.2943
13.076	 2.19	 1	 -41.2751	  174.1853
13.076	 2.20	 2	 -42.1722	  173.7161
13.077	 2.02	 2	 -42.2272	  173.8594
13.077	 2.14	 1	 -41.2729	  173.9256
13.077	 3.88	 2	 -42.0623	  174.0166
13.078	 2.14	 3	 -44.0767	  175.9207
13.079	 2.55	 1	 -42.4422	  173.3584
13.080	 2.00	 2	 -42.6966	  172.9147
13.080	 3.36	 1	 -42.2652	  173.2847
13.085	 2.45	 2	 -42.3208	  174.1625
13.086	 2.31	 2	 -42.3538	  172.8767
13.088	 2.44	 1	 -39.6933	  177.5802
13.089	 2.31	 2	 -42.9107	  174.2462
13.090	 2.03	 1	 -41.8415	  174.1212
13.091	 3.37	 3	 -42.2651	  173.7838
13.092	 3.16	 2	 -41.9911	  175.1445
13.094	 2.15	 2	 -42.5326	  173.5203
13.094	 2.06	 1	 -41.6957	  174.1355
13.095	 2.31	 2	 -42.2638	  173.6437
13.095	 2.37	 1	 -42.3079	  174.2874
13.096	 2.77	 2	 -41.8322	  174.2592
13.096	 2.15	 1	 -42.4931	  173.2660
13.099	 2.44	 1	 -42.2339	  173.7173
13.099	 2.04	 1	 -42.4945	  173.0426
13.099	 2.88	 2	 -42.2647	  173.6295
13.100	 2.45	 2	 -42.5404	  173.3801
13.100	 2.26	 1	 -43.0024	  174.7590
13.101	 2.35	 1	 -42.5247	  174.0575
13.103	 2.24	 1	 -41.6990	  174.5137
13.103	 2.46	 1	 -41.7360	  174.2497
13.104	 2.55	 3	 -42.4338	  173.7761
13.106	 2.12	 4	 -42.7006	  173.1367
13.108	 2.13	 3	 -42.3336	  172.8815
13.108	 2.56	 1	 -42.2971	  173.6273
13.108	 2.30	 2	 -41.9799	  173.7202
13.108	 2.85	 1	 -41.7691	  174.2220
13.109	 2.01	 2	 -42.1349	  173.6757
13.111	 2.17	 4	 -42.4912	  173.7552
13.112	 2.61	 2	 -42.0004	  174.0340
13.113	 2.77	 1	 -42.4536	  173.8753
13.113	 2.23	 1	 -42.2924	  173.6266
13.113	 2.22	 1	 -42.2250	  173.5334
13.114	 2.53	 2	 -42.2427	  173.8737
13.114	 2.44	 2	 -41.8553	  174.1158
13.115	 2.03	 1	 -42.1808	  172.4404
13.115	 2.12	 1	 -42.5821	  172.9229
13.116	 2.23	 2	 -41.9392	  173.2129
13.117	 2.73	 1	 -42.5365	  173.3756
13.118	 3.78	 1	 -41.8169	  174.0411
13.119	 2.76	 1	 -42.6056	  172.9363
13.120	 2.64	 4	 -42.0867	  173.6713
13.121	 2.79	 1	 -41.7987	  174.2483
13.121	 2.24	 1	 -42.3200	  173.7684
13.122	 3.84	 6	 -41.5760	  174.8284
13.123	 2.05	 1	 -41.6939	  174.2249
13.124	 2.11	 7	 -42.3304	  174.0849
13.124	 2.71	 1	 -40.8683	  180.1704
13.125	 3.25	 1	 -42.1153	  173.4905
13.126	 3.04	 1	 -42.5274	  173.7699
13.128	 2.01	 2	 -41.9244	  173.6914
13.129	 2.27	 2	 -42.5470	  173.8524
13.131	 3.57	 1	 -42.4644	  173.1835
13.131	 2.42	 2	 -42.2679	  173.5322
13.131	 2.01	 3	 -42.6019	  173.8546
13.132	 2.31	 2	 -42.3227	  173.0199
13.133	 3.18	 2	 -42.3467	  172.6801
13.134	 2.04	 1	 -42.3650	  173.9505
13.134	 2.55	 3	 -41.3237	  174.5942
13.136	 2.15	 2	 -42.6716	  172.6637
13.137	 2.56	 1	 -41.7599	  174.3143
13.137	 2.92	 3	 -42.4180	  174.5902
13.140	 2.08	 1	 -42.3393	  173.7517
13.140	 2.61	 3	 -42.3222	  173.0141
13.141	 2.00	 1	 -42.6349	  172.9162
13.141	 2.03	 1	 -42.2973	  173.8484
13.142	 2.30	 1	 -42.6012	  173.0025
13.146	 2.18	 2	 -42.4703	  173.7003
13.146	 2.43	 2	 -42.2407	  173.9189
13.147	 2.23	 2	 -41.6838	  174.0324
13.148	 2.07	 2	 -42.1636	  173.1467
13.151	 2.35	 4	 -42.3381	  173.9990
13.151	 2.10	 2	 -42.4669	  173.1672
13.152	 2.12	 1	 -42.6749	  173.6235
13.153	 2.70	 2	 -43.2743	  172.9223
13.154	 2.07	 1	 -43.3892	  173.7071
13.154	 3.33	 3	 -41.2871	  173.6281
13.154	 2.70	 1	 -41.7209	  174.2328
13.154	 2.46	 1	 -42.5280	  173.1241
13.155	 3.54	 2	 -40.1883	  174.7784
13.155	 2.80	 3	 -42.4846	  173.6958
13.156	 2.21	 1	 -39.3927	  168.7440
13.156	 2.00	 1	 -42.1598	  174.1963
13.156	 2.05	 1	 -42.0450	  173.2382
13.157	 2.10	 2	 -43.3216	  172.9323
13.159	 2.00	 1	 -44.1380	  171.0012
13.160	 2.75	 1	 -42.3051	  173.0052
13.161	 2.16	 3	 -42.4748	  173.7982
13.163	 2.87	 5	 -41.5431	  174.9500
13.165	 2.61	 1	 -41.0925	  173.2454
13.165	 2.37	 2	 -41.9206	  173.7931
13.169	 2.49	 1	 -41.6053	  173.3195
13.169	 2.70	 3	 -41.3011	  175.6587
13.169	 2.33	 1	 -42.5027	  173.1482
13.169	 2.03	 1	 -42.3225	  173.2688
13.170	 2.08	 3	 -42.0360	  174.2917
13.170	 2.11	 1	 -42.2586	  174.1580
13.171	 2.27	 1	 -42.0866	  173.6084
13.171	 2.34	 1	 -42.7007	  172.9417
13.174	 2.38	 4	 -42.6635	  172.7339
13.174	 2.61	 3	 -40.1693	  174.8500
13.174	 2.76	 4	 -41.9846	  173.9006
13.177	 4.34	 1	 -41.8850	  174.1739
13.178	 2.71	 2	 -42.7313	  173.2672
13.179	 2.00	 3	 -43.0860	  174.1532
13.180	 2.53	 4	 -42.1093	  173.8002
13.180	 2.28	 2	 -41.7489	  173.9795
13.181	 2.40	 1	 -42.2924	  173.8205
13.182	 2.48	 1	 -41.6697	  174.3144
13.183	 2.14	 3	 -42.1455	  173.8546
13.183	 2.03	 1	 -41.8680	  173.9770
13.184	 2.14	 1	 -41.3828	  173.5301
13.185	 2.31	 3	 -42.4525	  173.7352
13.186	 2.57	 1	 -43.9947	  179.7070
13.190	 3.31	 1	 -40.6155	  170.4272
13.191	 2.08	 3	 -42.5094	  173.9931
13.191	 4.23	 4	 -42.3873	  173.8603
13.192	 2.26	 2	 -41.8984	  174.3545
13.192	 2.00	 2	 -42.3275	  174.0213
13.193	 2.62	 1	 -42.2285	  173.7078
13.197	 2.21	 1	 -42.1471	  173.5939
13.198	 2.08	 1	 -42.9737	  171.7117
13.199	 2.06	 1	 -42.2225	  173.5813
13.199	 2.36	 4	 -42.3154	  173.3089
13.199	 2.72	 2	 -41.5871	  173.7873
13.199	 2.08	 1	 -41.7987	  174.4652
13.200	 2.11	 3	 -42.0181	  173.9758
13.200	 2.98	 3	 -42.5885	  174.7672
13.201	 2.32	 3	 -42.5031	  173.7623
13.201	 2.10	 4	 -41.7083	  174.1702
13.203	 2.34	 1	 -42.2950	  173.8868
13.203	 2.01	 2	 -42.6608	  172.2807
13.203	 2.73	 1	 -42.3347	  173.5641
13.203	 2.21	 1	 -41.7670	  174.1163
13.207	 2.02	 3	 -43.3105	  172.9413
13.210	 2.49	 3	 -42.4056	  173.5517
13.211	 2.64	 1	 -41.9839	  173.7405
13.215	 2.21	 2	 -41.6908	  173.9778
13.216	 2.05	 1	 -41.5246	  174.2996
13.217	 2.37	 2	 -41.8417	  174.4120
13.218	 3.43	 1	 -42.6497	  172.6368
13.219	 2.40	 1	 -43.2754	  174.1202
13.219	 2.68	 1	 -42.2957	  173.5845
13.220	 2.71	 2	 -41.7325	  174.2424
13.222	 2.03	 2	 -42.4356	  173.0707
13.224	 3.76	 1	 -42.4651	  173.9807
13.224	 2.13	 2	 -42.4667	  173.9698
13.226	 2.82	 3	 -42.4669	  174.7625
13.227	 3.63	 1	 -42.3553	  174.0030
13.228	 2.38	 4	 -42.2056	  173.7323
13.230	 2.23	 1	 -41.9741	  173.6697
13.230	 2.07	 3	 -42.8492	  176.6446
13.231	 2.22	 3	 -42.3516	  174.1268
13.232	 2.31	 2	 -42.1521	  173.5998
13.233	 2.18	 2	 -43.3229	  172.7985
13.234	 2.22	 1	 -42.1788	  173.5930
13.234	 2.22	 1	 -42.8863	  173.3557
13.235	 2.17	 1	 -41.7268	  173.5432
13.236	 3.52	 4	 -42.4755	  173.7749
13.236	 2.20	 1	 -42.3924	  173.6781
13.237	 2.25	 3	 -42.3571	  173.0621
13.237	 2.13	 2	 -43.0559	  172.6105
13.240	 2.03	 1	 -42.4575	  173.9619
13.240	 2.19	 1	 -41.9336	  173.7621
13.241	 3.01	 1	 -42.2228	  173.6969
13.243	 2.10	 2	 -42.3810	  173.3804
13.243	 2.30	 1	 -42.0413	  173.6716
13.243	 2.00	 1	 -42.6959	  173.1091
13.245	 3.17	 1	 -42.4405	  173.8334
13.249	 2.31	 1	 -42.5569	  173.0341
13.249	 2.37	 3	 -42.8102	  173.8913
13.251	 2.47	 2	 -43.2287	  172.8189
13.251	 2.01	 1	 -42.4736	  173.2380
13.251	 2.71	 1	 -41.7613	  174.3086
13.252	 2.50	 1	 -42.5829	  173.1382
13.252	 2.87	 1	 -42.4843	  173.7486
13.252	 2.00	 2	 -42.6191	  173.8431
13.253	 2.28	 5	 -42.2645	  172.8975
13.254	 2.28	 2	 -42.2345	  173.4000
13.254	 3.94	 1	 -42.4219	  172.9505
13.255	 2.88	 1	 -42.1468	  173.9261
13.256	 2.16	 1	 -41.8980	  174.0342
13.257	 2.62	 4	 -41.6382	  174.7486
13.258	 2.14	 1	 -42.5522	  172.7647
13.259	 2.64	 2	 -41.9385	  173.7730
13.259	 2.76	 1	 -41.7389	  174.2042
13.260	 2.05	 2	 -42.2376	  173.4355
13.262	 2.03	 5	 -42.4319	  173.8381
13.262	 2.93	 2	 -42.2286	  173.6553
13.262	 2.28	 2	 -41.8298	  174.1999
13.262	 2.52	 1	 -42.2982	  173.6287
13.263	 2.21	 1	 -41.7055	  174.3075
13.263	 2.09	 1	 -41.9548	  174.0591
13.264	 2.22	 1	 -41.8987	  174.3387
13.265	 2.61	 1	 -41.7527	  176.6616
13.266	 2.11	 1	 -41.7539	  174.1369
13.266	 2.45	 1	 -42.3481	  174.0554
13.267	 2.38	 2	 -41.6541	  174.2481
13.268	 4.09	 5	 -42.7507	  173.1958
13.268	 2.82	 1	 -42.2609	  171.2535
13.268	 2.03	 4	 -42.4467	  173.8728
13.269	 3.48	 1	 -42.3133	  173.4669
13.270	 2.23	 5	 -42.3227	  173.6284
13.271	 2.11	 1	 -42.4785	  173.1887
13.271	 2.49	 1	 -41.7108	  174.4239
13.273	 2.37	 2	 -41.7061	  173.4472
13.274	 2.14	 1	 -41.7311	  174.2129
13.274	 2.48	 1	 -42.0220	  173.7196
13.275	 2.47	 2	 -42.2752	  173.9467
13.277	 2.02	 1	 -41.8051	  174.1796
13.278	 2.50	 3	 -41.8522	  174.3697
13.279	 2.15	 1	 -42.5982	  173.4979
13.279	 2.33	 1	 -42.4807	  174.0889
13.280	 2.18	 3	 -42.4567	  173.9855
13.281	 2.79	 3	 -42.5097	  173.1555
13.283	 2.28	 2	 -43.2424	  172.7311
13.285	 2.88	 2	 -43.2311	  173.0354
13.286	 2.02	 3	 -42.4658	  174.0139
13.287	 2.03	 3	 -42.4984	  173.8326
13.287	 3.29	 1	 -42.0095	  173.9517
13.288	 2.24	 1	 -42.3857	  173.7411
13.289	 2.71	 3	 -42.3791	  173.1070
13.290	 2.19	 3	 -41.9824	  175.1358
13.290	 2.59	 1	 -42.4019	  173.7747
13.291	 2.40	 3	 -42.4194	  173.9929
13.293	 2.51	 3	 -41.8932	  173.2160
13.293	 2.46	 3	 -42.3153	  173.8709
13.296	 2.16	 3	 -42.6476	  172.9601
13.296	 2.06	 1	 -43.8870	  173.2087
13.296	 2.07	 1	 -42.6493	  173.1027
13.296	 2.66	 2	 -42.5400	  172.9325
13.296	 2.42	 1	 -42.4785	  173.7256
13.298	 2.01	 2	 -41.7430	  174.2366
13.299	 2.22	 3	 -41.8863	  174.1952
13.299	 2.27	 2	 -41.8637	  173.8279
13.301	 2.40	 3	 -42.4039	  173.5810
13.302	 2.04	 1	 -42.4405	  173.1460
13.308	 3.02	 2	 -42.4734	  173.2380
13.309	 2.47	 5	 -42.3022	  174.0496
13.310	 2.28	 2	 -42.3279	  173.9033
13.311	 2.35	 4	 -42.0729	  174.3340
13.311	 2.02	 2	 -41.7174	  174.1646
13.314	 2.25	 1	 -42.2132	  174.0030
13.315	 2.14	 2	 -43.2701	  172.9946
13.316	 2.76	 1	 -41.8149	  174.2691
13.316	 2.28	 1	 -42.3898	  174.0285
13.316	 2.03	 2	 -41.7323	  174.3985
13.317	 2.33	 1	 -42.6051	  172.6421
13.318	 2.08	 4	 -42.4694	  173.8794
13.318	 2.38	 1	 -41.7425	  174.2669
13.319	 2.74	 1	 -41.7611	  174.2754
13.319	 2.39	 1	 -42.1259	  173.8017
13.320	 2.11	 2	 -43.2595	  172.9261
13.320	 2.47	 1	 -41.6777	  174.2943
13.321	 2.08	 1	 -42.5427	  173.6293
13.321	 2.46	 2	 -42.4659	  173.9486
13.324	 2.17	 2	 -42.7482	  173.0982
13.326	 2.44	 2	 -42.1432	  173.5956
13.326	 2.15	 1	 -41.5008	  173.5390
13.326	 2.25	 1	 -42.3166	  174.1226
13.327	 3.48	 2	 -42.3811	  173.6305
13.327	 2.08	 1	 -42.3206	  173.8957
13.327	 2.40	 1	 -42.2902	  173.7203
13.328	 2.20	 2	 -42.5380	  173.8168
13.329	 2.76	 3	 -42.4865	  173.7228
13.329	 2.13	 2	 -41.5839	  173.8096
13.330	 2.40	 2	 -42.2053	  174.1855
13.330	 2.01	 3	 -41.9709	  173.3788
13.330	 3.83	 1	 -42.6391	  172.9552
13.332	 2.15	 2	 -41.7317	  174.2905
13.332	 2.40	 2	 -41.5504	  173.7618
13.332	 2.24	 2	 -41.9836	  173.7041
13.333	 3.42	 2	 -42.1805	  173.4022
13.333	 2.08	 2	 -42.6277	  172.9649
13.334	 2.59	 2	 -42.2418	  173.6834
13.334	 2.27	 3	 -42.7163	  172.8900
13.336	 2.08	 4	 -42.3446	  173.7080
13.336	 2.96	 4	 -42.6789	  173.9328
13.336	 2.23	 2	 -42.1796	  173.6844
13.337	 2.14	 3	 -42.3712	  173.9338
13.337	 2.01	 2	 -43.3473	  172.9268
13.338	 2.33	 2	 -42.6104	  173.9491
13.339	 2.54	 2	 -42.1695	  170.2814
13.339	 2.01	 1	 -42.5931	  173.0056
13.339	 2.41	 1	 -37.3133	  175.0948
13.339	 2.70	 1	 -42.2739	  173.6405
13.341	 2.75	 1	 -42.4137	  174.0820
13.341	 2.28	 3	 -41.6621	  174.2192
13.341	 2.56	 1	 -42.0017	  173.3730
13.342	 2.44	 1	 -42.4907	  173.7575
13.342	 2.26	 1	 -42.0871	  173.8847
13.342	 2.22	 1	 -41.7927	  173.9730
13.343	 2.10	 2	 -42.2360	  173.6482
13.344	 2.05	 2	 -42.0033	  173.9519
13.344	 2.75	 1	 -41.3264	  173.0804
13.346	 3.21	 2	 -43.2777	  173.4161
13.347	 2.66	 2	 -42.5863	  174.0977
13.347	 2.04	 1	 -42.5437	  173.1423
13.348	 2.06	 3	 -43.5187	  172.4100
13.349	 2.14	 2	 -41.1164	  173.2455
13.349	 2.53	 2	 -42.2395	  174.0912
13.349	 2.03	 4	 -42.5541	  173.9083
13.351	 2.32	 3	 -42.4650	  173.8050
13.351	 2.79	 3	 -42.3423	  173.9361
13.351	 2.37	 1	 -41.9528	  172.8717
13.351	 2.81	 1	 -42.4413	  173.0004
13.352	 2.19	 2	 -43.2337	  172.9778
13.353	 2.44	 2	 -42.4031	  173.4317
13.353	 2.32	 1	 -42.3053	  173.8826
13.354	 2.70	 4	 -42.4668	  173.5763
13.355	 2.99	 3	 -41.8902	  173.9191
13.356	 2.00	 3	 -41.7191	  173.1286
13.357	 3.09	 1	 -41.7594	  174.2679
13.357	 2.32	 1	 -42.1627	  173.8737
13.359	 2.40	 1	 -42.5001	  173.2538
13.359	 2.05	 1	 -42.2199	  174.0591
13.359	 2.21	 1	 -42.1334	  173.7660
13.360	 2.01	 1	 -42.1853	  173.2590
13.360	 2.92	 2	 -41.8936	  174.0897
13.363	 2.19	 3	 -42.5477	  173.6668
13.363	 2.46	 1	 -41.7797	  173.9816
13.363	 2.42	 3	 -42.5703	  174.3044
13.364	 2.38	 4	 -42.4481	  173.8525
13.364	 2.36	 3	 -42.3633	  173.7169
13.364	 2.93	 1	 -42.5813	  172.8067
13.365	 2.30	 3	 -42.8679	  172.0335
13.365	 2.45	 4	 -42.4891	  172.8383
13.366	 2.15	 3	 -44.7159	  178.7411
13.366	 2.16	 1	 -42.2655	  173.5951
13.367	 2.32	 2	 -41.7794	  173.9818
13.367	 2.25	 4	 -42.5086	  173.1549
13.369	 2.13	 1	 -41.7209	  174.2157
13.369	 2.06	 1	 -42.3177	  173.9521
13.370	 2.35	 1	 -41.7435	  174.2644
13.372	 2.59	 2	 -42.2707	  173.8104
13.372	 2.10	 1	 -42.0193	  173.3949
13.373	 2.08	 4	 -42.4110	  174.5561
13.374	 2.16	 4	 -42.3866	  173.6196
13.375	 2.38	 1	 -41.6583	  174.2271
13.376	 2.37	 3	 -41.9467	  174.3669
13.377	 2.32	 1	 -42.2937	  173.8972
13.378	 2.29	 2	 -42.2208	  173.7803
13.379	 2.14	 1	 -37.9091	  174.5571
13.379	 2.12	 1	 -41.1879	  170.8265
13.380	 2.01	 1	 -42.2879	  173.9560
13.380	 2.08	 3	 -42.2230	  173.6428
13.380	 2.29	 1	 -41.7393	  174.0462
13.380	 2.37	 2	 -42.3504	  173.6655
13.381	 2.05	 1	 -42.2204	  173.6532
13.382	 2.44	 1	 -42.3814	  173.1592
13.383	 2.07	 3	 -41.7654	  174.2809
13.383	 3.24	 4	 -41.4943	  175.1137
13.385	 3.68	 2	 -44.0987	  176.9314
13.385	 2.57	 2	 -43.2694	  172.9161
13.386	 2.24	 1	 -42.3765	  173.8728
13.386	 2.31	 1	 -42.2472	  173.8657
13.387	 2.20	 3	 -42.6101	  173.9514
13.387	 3.51	 4	 -42.4972	  173.8452
13.387	 2.04	 1	 -42.0762	  173.5635
13.388	 2.18	 4	 -42.5119	  173.8846
13.389	 2.08	 3	 -42.4750	  173.7506
13.389	 2.39	 1	 -42.4154	  173.8156
13.390	 2.11	 1	 -42.0697	  173.8615
13.392	 3.45	 1	 -41.8066	  174.1844
13.392	 2.57	 1	 -42.2914	  173.8518
13.392	 2.42	 1	 -42.3035	  173.2842
13.393	 2.19	 1	 -42.5878	  172.6304
13.393	 2.02	 1	 -42.4339	  173.4577
13.394	 2.58	 1	 -41.7869	  174.1796
13.396	 2.08	 1	 -42.5498	  173.3862
13.396	 2.05	 2	 -41.6545	  173.1395
13.397	 2.77	 2	 -41.7335	  174.1378
13.397	 2.12	 4	 -41.2746	  173.5882
13.398	 2.03	 3	 -42.4202	  174.0758
13.399	 2.22	 1	 -42.6085	  172.8831
13.399	 2.81	 4	 -42.4724	  173.8607
13.400	 2.00	 4	 -41.7337	  174.2068
13.401	 2.31	 1	 -41.7643	  174.1967
13.401	 2.53	 3	 -42.4058	  173.7064
13.404	 2.26	 1	 -41.1830	  174.1349
13.404	 2.59	 2	 -42.7610	  173.3757
13.405	 2.38	 1	 -42.6880	  172.9154
13.406	 2.18	 3	 -42.2160	  173.0820
13.407	 2.43	 3	 -42.2525	  174.1043
13.407	 2.03	 2	 -42.3311	  173.0824
13.407	 2.15	 2	 -42.6458	  173.5192
13.408	 2.05	 1	 -42.1790	  174.0608
13.409	 2.00	 3	 -42.5371	  174.6306
13.409	 2.28	 2	 -42.4991	  173.9609
13.410	 2.18	 3	 -41.7609	  174.2474
13.411	 2.07	 3	 -41.4290	  172.7887
13.411	 2.54	 2	 -41.5224	  174.3422
13.411	 2.09	 2	 -42.3868	  173.2158
13.412	 2.05	 3	 -42.3844	  173.9687
13.412	 2.45	 1	 -41.8037	  174.1356
13.413	 2.39	 1	 -41.9657	  173.7574
13.414	 2.20	 1	 -41.7438	  174.1936
13.414	 2.13	 1	 -41.9636	  174.0486
13.415	 2.27	 2	 -42.4360	  173.8279
13.415	 2.08	 2	 -42.4830	  173.6166
13.416	 2.05	 2	 -42.1141	  173.4907
13.418	 2.22	 1	 -41.8678	  174.0164
13.419	 2.34	 1	 -39.2708	  175.4189
13.419	 3.64	 1	 -42.2696	  173.5998
13.420	 2.34	 1	 -41.8429	  174.0843
13.421	 2.57	 5	 -42.9858	  173.1095
13.422	 2.05	 1	 -42.6680	  172.8969
13.423	 2.24	 2	 -42.8244	  172.3631
13.424	 3.65	 1	 -41.6759	  174.2917
13.426	 2.36	 3	 -42.4925	  174.4168
13.427	 2.00	 2	 -41.1850	  174.1068
13.429	 2.07	 2	 -42.5077	  172.7707
13.431	 2.52	 2	 -42.5571	  173.2872
13.432	 3.64	 1	 -41.9484	  173.7372
13.432	 2.32	 4	 -42.3918	  173.6351
13.434	 2.05	 1	 -42.0318	  173.7214
13.434	 2.61	 2	 -41.9245	  173.7823
13.434	 2.11	 3	 -41.7059	  174.3440
13.435	 2.11	 1	 -42.6514	  172.8176
13.435	 2.25	 1	 -41.7132	  174.2047
13.436	 2.21	 2	 -42.2750	  173.6400
13.437	 2.82	 3	 -42.5543	  173.0975
13.438	 2.07	 3	 -41.7178	  174.3510
13.440	 2.35	 2	 -42.2081	  173.7964
13.441	 2.22	 2	 -42.2038	  172.9870
13.442	 2.18	 2	 -46.0259	  171.1884
13.442	 2.07	 3	 -42.0560	  173.6451
13.442	 2.29	 1	 -42.1306	  173.5819
13.443	 2.08	 1	 -42.6720	  172.8250
13.443	 2.14	 1	 -42.0196	  173.6508
13.447	 2.78	 2	 -43.2777	  172.9239
13.448	 2.45	 3	 -41.8540	  172.6383
13.450	 2.13	 1	 -41.7933	  174.2208
13.454	 2.24	 3	 -42.3149	  173.2618
13.455	 2.37	 1	 -41.7703	  173.8007
13.457	 2.03	 1	 -42.3495	  174.2553
13.458	 2.32	 2	 -42.1908	  173.9118
13.459	 2.69	 1	 -42.3214	  173.7908
13.460	 2.63	 1	 -41.6972	  174.3071
13.461	 2.79	 3	 -43.5037	  172.4124
13.462	 2.03	 4	 -42.4026	  173.7733
13.462	 2.28	 1	 -42.1631	  174.0240
13.463	 2.24	 2	 -39.9132	  168.4431
13.467	 2.81	 1	 -42.5396	  174.8996
13.467	 2.52	 2	 -42.4556	  173.4431
13.470	 2.18	 2	 -41.6956	  174.1353
13.473	 2.09	 2	 -42.0720	  173.6318
13.473	 2.17	 2	 -42.3052	  173.6258
13.473	 2.01	 1	 -41.8745	  173.8347
13.475	 2.37	 2	 -42.3319	  172.7830
13.475	 2.32	 4	 -42.6565	  174.3441
13.475	 2.25	 1	 -42.5110	  173.5825
13.476	 2.23	 2	 -41.4955	  175.9197
13.477	 2.39	 1	 -41.8322	  174.1940
13.478	 2.91	 1	 -42.4516	  173.9509
13.481	 2.72	 1	 -41.7572	  174.3292
13.482	 3.64	 4	 -42.0425	  173.8360
13.482	 2.91	 2	 -41.7791	  174.2129
13.485	 2.48	 1	 -42.4941	  173.4651
13.487	 2.02	 1	 -41.9227	  173.6942
13.487	 2.08	 2	 -42.4350	  172.9364
13.488	 2.15	 2	 -42.8845	  172.9174
13.489	 2.48	 3	 -42.6237	  172.8936
13.490	 2.41	 3	 -41.1398	  173.4628
13.492	 2.00	 2	 -42.0850	  173.7486
13.492	 3.08	 1	 -42.3848	  173.5713
13.493	 2.22	 1	 -41.6768	  174.2170
13.493	 2.65	 1	 -41.9582	  173.6668
13.495	 3.13	 2	 -42.0177	  173.6110
13.495	 2.66	 2	 -41.5068	  173.7940
13.495	 2.01	 1	 -41.6427	  174.5790
13.496	 3.06	 1	 -41.7645	  174.1833
13.497	 3.01	 1	 -42.2948	  173.0237
13.498	 2.08	 1	 -42.2054	  172.9458
13.498	 2.24	 1	 -41.3943	  174.4087
13.500	 2.92	 1	 -42.4116	  173.0458
13.501	 2.80	 2	 -42.2578	  173.6197
13.502	 2.29	 1	 -42.5171	  173.8917
13.502	 2.33	 2	 -41.2698	  172.7739
13.503	 2.61	 2	 -43.2275	  172.8247
13.504	 2.83	 1	 -41.8562	  174.2251
13.504	 2.42	 2	 -42.2520	  173.6807
13.505	 2.20	 1	 -42.5523	  173.2954
13.505	 2.91	 1	 -41.6854	  174.2771
13.508	 2.45	 2	 -42.2078	  173.9287
13.508	 2.66	 2	 -42.6087	  173.6553
13.510	 2.02	 2	 -41.6604	  174.3559
13.512	 2.01	 1	 -42.3827	  173.3875
13.513	 2.43	 1	 -42.6637	  172.8430
13.513	 3.78	 3	 -42.0825	  173.9926
13.514	 2.47	 1	 -41.7119	  174.3498
13.515	 2.43	 1	 -42.1682	  173.9483
13.518	 2.04	 2	 -41.9823	  173.2551
13.521	 2.01	 3	 -41.9080	  173.3036
13.522	 2.50	 1	 -41.8249	  174.2925
13.524	 2.10	 1	 -42.7838	  173.7575
13.524	 2.02	 3	 -42.3787	  173.7607
13.528	 2.42	 2	 -43.6040	  173.8695
13.529	 2.51	 2	 -41.9851	  173.3880
13.529	 2.48	 1	 -42.3297	  173.9436
13.530	 2.39	 2	 -43.3569	  172.9318
13.531	 2.07	 2	 -42.7555	  173.6302
13.531	 2.67	 6	 -42.7818	  173.1263
13.532	 2.17	 3	 -42.2646	  173.6299
13.533	 2.04	 2	 -42.6344	  172.8953
13.537	 2.44	 1	 -41.6911	  174.3394
13.537	 2.31	 4	 -42.2847	  174.0275
13.537	 2.58	 1	 -42.5707	  173.8391
13.537	 2.48	 2	 -41.7094	  174.1395
13.538	 2.25	 2	 -42.2244	  173.6491
13.538	 2.17	 1	 -42.6498	  173.0961
13.539	 2.72	 2	 -42.2318	  174.3617
13.540	 2.39	 2	 -42.2919	  173.0278
13.542	 2.05	 2	 -42.5922	  173.6833
13.542	 2.06	 1	 -42.5381	  173.3638
13.542	 2.88	 4	 -42.0474	  173.8097
13.543	 2.37	 1	 -42.3240	  173.0633
13.544	 2.28	 1	 -42.2260	  173.5424
13.544	 2.16	 1	 -42.2677	  172.3980
13.544	 2.04	 1	 -41.7548	  173.4504
13.546	 2.58	 1	 -41.7312	  174.2757
13.546	 2.04	 1	 -41.7772	  174.2831
13.549	 2.15	 2	 -41.8408	  174.2593
13.549	 2.01	 3	 -42.6513	  173.8158
13.550	 3.13	 1	 -42.1177	  173.6111
13.551	 2.23	 1	 -42.4035	  173.9027
13.554	 2.39	 1	 -41.3088	  175.4516
13.554	 2.17	 3	 -41.7197	  174.6514
13.555	 2.50	 1	 -41.7396	  174.1646
13.555	 2.28	 2	 -42.2305	  173.9227
13.556	 2.33	 2	 -42.4598	  173.9776
13.557	 2.42	 2	 -41.9191	  173.8516
13.557	 2.06	 3	 -42.4954	  174.5990
13.559	 2.19	 2	 -42.2539	  173.6318
13.559	 2.01	 1	 -42.9187	  173.5858
13.559	 2.19	 1	 -42.2876	  173.2082
13.559	 2.91	 3	 -41.6910	  174.6501
13.559	 2.16	 3	 -42.4970	  173.1419
13.560	 2.19	 1	 -42.6785	  173.7555
13.560	 2.73	 1	 -42.0385	  173.2261
13.560	 2.18	 2	 -42.5674	  172.8796
13.561	 2.34	 2	 -42.3412	  173.4623
13.563	 2.59	 3	 -41.7053	  171.4935
13.564	 2.02	 3	 -42.4430	  173.8573
13.565	 2.01	 1	 -42.4888	  173.8050
13.565	 2.78	 1	 -42.1436	  173.8417
13.565	 2.44	 2	 -42.1150	  173.6506
13.565	 2.41	 1	 -41.6857	  174.3599
13.567	 2.03	 2	 -41.9123	  173.8232
13.569	 2.01	 2	 -42.4309	  173.2001
13.572	 2.33	 3	 -41.7785	  174.2833
13.574	 2.12	 2	 -42.0754	  173.8503
13.577	 2.70	 3	 -42.4637	  173.7960
13.578	 2.25	 5	 -41.5286	  174.0683
13.579	 2.05	 3	 -42.4252	  173.7570
13.579	 2.19	 2	 -42.1328	  173.5896
13.580	 3.58	 3	 -42.5110	  175.0193
13.581	 3.07	 4	 -41.7118	  174.1961
13.581	 2.07	 1	 -41.7055	  174.2181
13.582	 2.06	 1	 -41.3364	  174.7149
13.583	 2.10	 2	 -42.7979	  173.2515
13.583	 2.09	 3	 -42.7420	  173.3974
13.584	 2.42	 3	 -42.5005	  173.7715
13.585	 3.15	 3	 -42.0496	  173.9082
13.585	 2.13	 1	 -41.9350	  174.1665
13.590	 2.36	 2	 -41.2528	  174.1444
13.591	 4.24	 2	 -42.4461	  173.7655
13.591	 2.09	 1	 -41.7332	  174.2546
13.592	 2.32	 1	 -41.7099	  174.3205
13.592	 2.30	 2	 -41.8508	  171.3306
13.593	 2.33	 3	 -42.4880	  174.6241
13.594	 2.19	 1	 -41.6892	  174.2287
13.595	 2.80	 2	 -42.6697	  172.8021
13.598	 2.75	 1	 -41.8109	  174.3733
13.598	 2.06	 2	 -42.6330	  173.0888
13.599	 2.57	 3	 -42.5005	  174.6196
13.599	 2.52	 2	 -41.8798	  174.1742
13.600	 2.82	 1	 -42.4227	  173.4527
13.601	 2.01	 1	 -42.1412	  173.8306
13.602	 2.67	 1	 -42.7597	  173.4514
13.603	 2.60	 1	 -41.7548	  174.1812
13.605	 2.17	 1	 -42.1521	  173.7214
13.605	 2.12	 1	 -42.4664	  173.3436
13.608	 2.02	 1	 -41.9473	  174.5649
13.608	 3.02	 5	 -42.0433	  173.8387
13.608	 3.42	 4	 -42.0708	  173.6703
13.609	 2.43	 2	 -42.6125	  172.8973
13.610	 2.10	 3	 -43.5088	  172.4623
13.611	 2.18	 3	 -46.2521	  174.9141
13.612	 2.32	 2	 -42.8423	  172.6328
13.613	 2.64	 1	 -42.5384	  173.3258
13.613	 2.18	 1	 -42.3801	  174.0499
13.614	 2.20	 2	 -41.7251	  174.2709
13.616	 2.25	 2	 -42.2250	  173.5334
13.617	 2.66	 1	 -41.6847	  174.2338
13.617	 2.78	 1	 -42.4393	  173.3036
13.618	 2.00	 2	 -38.9887	  176.3763
13.618	 2.77	 2	 -41.6648	  174.2371
13.620	 2.04	 4	 -42.2970	  173.6022
13.620	 2.48	 1	 -42.3118	  173.6940
13.621	 2.02	 3	 -42.4963	  173.8513
13.623	 2.76	 1	 -42.3625	  173.8844
13.626	 3.05	 3	 -41.7235	  173.1347
13.628	 2.00	 3	 -42.1237	  173.5781
13.628	 2.65	 1	 -42.0199	  173.8601
13.630	 2.38	 4	 -42.2422	  173.6894
13.630	 2.96	 2	 -42.0499	  174.0938
13.631	 2.19	 2	 -42.0473	  174.2519
13.631	 2.80	 1	 -42.3365	  173.4792
13.631	 2.39	 1	 -42.6206	  173.1114
13.632	 2.51	 2	 -42.1575	  173.5686
13.635	 2.24	 1	 -42.5643	  173.1521
13.639	 2.05	 2	 -41.8490	  173.9577
13.640	 2.12	 1	 -41.6850	  174.4146
13.643	 2.36	 1	 -42.0775	  174.6907
13.644	 2.02	 1	 -42.2358	  172.8050
13.644	 2.67	 3	 -40.8630	  172.3423
13.645	 2.24	 2	 -43.1199	  172.8982
13.645	 3.86	 1	 -41.7008	  174.2715
13.647	 2.79	 1	 -42.6156	  173.1063
13.647	 2.69	 2	 -42.4991	  173.2515
13.647	 2.02	 2	 -42.4424	  173.7284
13.651	 2.10	 1	 -43.1700	  173.4580
13.651	 2.13	 2	 -41.7114	  173.0988
13.651	 2.57	 1	 -42.2565	  173.5588
13.651	 2.00	 1	 -42.3684	  174.0326
13.652	 2.21	 1	 -42.3482	  173.6373
13.652	 2.56	 1	 -42.2672	  173.7886
13.652	 2.03	 3	 -42.5692	  173.3563
13.653	 2.54	 1	 -42.4349	  173.2697
13.654	 3.07	 1	 -42.6138	  172.9660
13.655	 2.35	 3	 -41.6870	  174.9093
13.656	 2.29	 2	 -42.6615	  172.9317
13.657	 2.33	 2	 -41.1184	  173.2864
13.657	 2.11	 2	 -42.7804	  172.7132
13.659	 2.65	 5	 -42.6629	  173.4335
13.660	 2.18	 1	 -42.6749	  172.7864
13.660	 2.22	 4	 -42.7157	  173.1819
13.665	 2.41	 4	 -41.6515	  174.7455
13.666	 2.05	 1	 -41.7785	  174.2487
13.667	 2.48	 1	 -42.3499	  173.5249
13.667	 2.53	 2	 -42.1648	  173.9347
13.667	 2.09	 1	 -42.1585	  173.6682
13.667	 2.05	 3	 -42.3763	  172.9900
13.668	 2.03	 1	 -41.8215	  174.5109
13.668	 2.46	 1	 -41.7000	  174.2785
13.669	 2.24	 1	 -42.5745	  173.6745
13.672	 2.34	 1	 -42.4452	  173.1011
13.672	 2.08	 2	 -43.3360	  172.9096
13.672	 2.08	 2	 -38.2921	  170.8593
13.673	 3.72	 1	 -42.2285	  173.7280
13.673	 2.60	 2	 -41.6323	  174.2462
13.673	 3.28	 2	 -42.0698	  173.8206
13.674	 2.58	 1	 -41.9787	  173.6673
13.676	 2.03	 3	 -42.2756	  173.6657
13.677	 2.57	 1	 -41.7128	  174.1758
13.677	 2.21	 2	 -42.2862	  173.2100
13.679	 2.12	 2	 -42.6061	  172.9001
13.680	 2.69	 1	 -42.6621	  172.7325
13.681	 2.92	 2	 -41.9769	  173.2173
13.681	 2.45	 1	 -42.9244	  173.3645
13.681	 2.22	 2	 -42.2884	  173.4888
13.681	 2.25	 2	 -42.2338	  172.6851
13.682	 2.16	 3	 -41.6460	  174.3718
13.682	 2.11	 1	 -41.4126	  172.8845
13.683	 2.14	 1	 -42.5672	  173.2366
13.683	 2.14	 2	 -42.3465	  173.9733
13.684	 2.07	 1	 -41.9550	  172.7553
13.684	 2.29	 3	 -41.4376	  173.7987
13.684	 2.29	 1	 -42.2997	  173.7831
13.685	 3.49	 1	 -42.2274	  174.2897
13.686	 2.10	 3	 -42.1705	  173.7313
13.686	 2.52	 1	 -41.9934	  173.6516
13.686	 3.31	 3	 -41.7016	  174.1252
13.688	 2.05	 1	 -42.4640	  173.7285
13.692	 2.38	 1	 -43.0735	  173.3499
13.693	 2.22	 4	 -42.4613	  174.0262
13.695	 2.87	 1	 -42.9019	  175.5080
13.698	 3.44	 1	 -42.5095	  173.2459
13.699	 2.34	 3	 -42.2747	  174.0479
13.699	 2.84	 1	 -41.7181	  174.2263
13.701	 3.04	 1	 -41.1204	  176.6510
13.701	 2.39	 1	 -41.6804	  174.3702
13.703	 2.36	 2	 -41.7647	  174.3092
13.703	 2.12	 2	 -42.4445	  173.5607
13.705	 2.27	 2	 -41.6582	  174.2271
13.705	 2.50	 2	 -43.1946	  172.9216
13.706	 2.21	 2	 -42.0417	  173.7642
13.706	 2.29	 2	 -42.5669	  173.3198
13.706	 2.81	 1	 -42.0014	  174.0061
13.707	 2.34	 2	 -42.1307	  173.5148
13.709	 2.18	 2	 -42.2697	  173.5691
13.709	 2.20	 2	 -42.4486	  173.4929
13.709	 2.02	 2	 -41.8066	  174.2795
13.710	 2.28	 1	 -42.3585	  173.8173
13.710	 2.05	 2	 -42.6658	  172.9884
13.710	 4.54	 3	 -42.4524	  173.8532
13.710	 2.99	 1	 -42.2241	  173.4218
13.710	 2.28	 4	 -42.7193	  173.6862
13.711	 2.11	 1	 -41.1901	  174.4996
13.712	 2.26	 2	 -41.8905	  174.1837
13.713	 2.39	 1	 -42.3001	  173.9870
13.714	 2.96	 3	 -42.2246	  172.6937
13.714	 3.04	 2	 -42.5563	  173.7809
13.716	 2.45	 1	 -41.8924	  174.0799
13.716	 2.02	 5	 -41.3115	  172.7198
13.716	 2.28	 2	 -41.8154	  174.1529
13.716	 2.10	 1	 -42.6485	  172.8608
13.718	 2.73	 1	 -41.6861	  174.1664
13.719	 2.64	 1	 -41.6688	  174.1143
13.720	 3.56	 3	 -43.5130	  172.4339
13.721	 2.93	 2	 -42.5512	  173.0815
13.722	 2.14	 2	 -41.7084	  174.3774
13.729	 2.15	 3	 -43.0143	  173.2501
13.730	 2.97	 1	 -42.0457	  173.8215
13.732	 2.51	 1	 -42.0140	  173.6478
13.734	 2.59	 1	 -42.6087	  172.8408
13.737	 2.68	 3	 -42.4886	  173.5406
13.737	 2.32	 2	 -41.7045	  174.2768
13.738	 2.02	 1	 -42.4427	  173.7254
13.738	 3.01	 2	 -41.9184	  173.9422
13.740	 2.18	 1	 -41.6588	  174.1640
13.743	 2.15	 2	 -43.5895	  172.6205
13.743	 2.31	 1	 -42.2335	  171.6049
13.746	 2.57	 1	 -41.9585	  172.7091
13.746	 2.10	 1	 -41.7587	  174.1606
13.749	 2.41	 4	 -41.4888	  175.1223
13.749	 2.68	 1	 -41.7472	  174.4691
13.750	 2.59	 1	 -42.7049	  173.1953
13.753	 2.96	 2	 -42.0504	  174.3596
13.754	 3.21	 1	 -42.0682	  174.2488
13.754	 2.65	 4	 -42.4576	  173.8315
13.754	 2.77	 1	 -42.4508	  174.0192
13.755	 2.47	 1	 -42.4904	  174.0596
13.755	 3.08	 2	 -42.3237	  173.6488
13.756	 4.35	 3	 -42.2802	  173.7822
13.757	 3.62	 1	 -42.6170	  172.7226
13.759	 2.36	 3	 -41.8386	  173.6752
13.760	 2.04	 2	 -42.4979	  173.0925
13.761	 2.46	 1	 -42.3088	  173.8951
13.761	 2.04	 2	 -41.8562	  174.1019
13.761	 2.21	 1	 -42.5953	  174.0005
13.762	 2.21	 4	 -41.1676	  178.8987
13.762	 2.72	 1	 -42.4531	  174.1612
13.762	 2.29	 1	 -42.7690	  173.2371
13.766	 2.88	 4	 -42.2776	  173.8026
13.770	 2.44	 3	 -42.1022	  173.7679
13.771	 2.53	 2	 -42.6682	  173.0212
13.772	 2.19	 1	 -42.2452	  173.2672
13.774	 3.03	 2	 -42.1971	  174.1349
13.776	 2.46	 4	 -42.5138	  173.8837
13.777	 2.25	 1	 -44.0162	  175.4942
13.778	 2.12	 1	 -41.7758	  174.2732
13.780	 2.37	 1	 -41.0551	  175.0195
13.783	 3.27	 2	 -42.5280	  173.1039
13.786	 2.82	 2	 -42.2413	  173.9129
13.787	 2.68	 1	 -42.6370	  171.6861
13.789	 2.62	 3	 -41.9187	  173.8407
13.789	 3.00	 1	 -42.3322	  173.9093
13.790	 2.75	 2	 -41.5549	  173.6745
13.791	 2.16	 1	 -42.1968	  173.7602
13.791	 2.23	 1	 -41.8080	  174.0191
13.792	 2.29	 2	 -41.5407	  173.8917
13.792	 2.65	 1	 -42.5886	  172.8804
13.794	 2.75	 2	 -41.5895	  174.4868
13.794	 2.28	 2	 -42.5362	  173.2909
13.795	 2.01	 5	 -42.5692	  172.7570
13.796	 3.33	 5	 -42.2688	  172.9047
13.796	 2.00	 1	 -42.3245	  173.7381
13.799	 2.85	 2	 -42.2112	  173.6854
13.801	 3.58	 3	 -42.1284	  173.7689
13.802	 2.38	 3	 -41.6394	  174.6333
13.802	 2.15	 1	 -42.2291	  173.7249
13.803	 2.98	 1	 -41.9643	  173.8699
13.806	 2.42	 1	 -42.2103	  173.6528
13.807	 2.07	 4	 -42.4939	  173.7623
13.817	 2.65	 1	 -41.8701	  174.0365
13.818	 2.06	 3	 -42.1945	  173.9593
13.819	 2.18	 2	 -41.3592	  171.4408
13.819	 2.91	 1	 -42.4641	  173.8044
13.820	 2.16	 3	 -42.0868	  173.9727
13.821	 2.45	 1	 -41.7478	  174.2762
13.821	 2.55	 2	 -41.7483	  174.1940
13.822	 2.27	 3	 -42.4804	  174.6172
13.822	 2.49	 1	 -42.7133	  173.0522
13.825	 2.67	 2	 -42.2333	  173.5654
13.826	 2.07	 2	 -41.7766	  174.1837
13.826	 2.24	 1	 -41.6288	  173.5417
13.827	 2.04	 1	 -42.3127	  173.7526
13.828	 2.19	 1	 -42.5765	  173.2216
13.830	 2.22	 1	 -42.3167	  173.6032
13.833	 2.05	 1	 -42.6180	  174.1864
13.833	 2.10	 1	 -42.4687	  173.1666
13.833	 2.14	 2	 -42.2205	  173.5246
13.835	 2.59	 1	 -41.6807	  174.2952
13.837	 2.08	 4	 -41.4856	  175.1129
13.837	 3.13	 1	 -42.5094	  173.1963
13.838	 2.15	 1	 -42.1205	  173.8778
13.840	 2.13	 2	 -41.7145	  174.2718
13.841	 2.60	 3	 -42.0627	  173.6185
13.841	 2.15	 1	 -42.6048	  174.3459
13.841	 2.70	 2	 -41.9512	  173.8147
13.841	 2.03	 3	 -42.5135	  173.8544
13.843	 2.36	 3	 -42.4977	  174.1830
13.844	 2.55	 1	 -41.7860	  174.2377
13.844	 2.09	 2	 -42.0358	  173.7400
13.847	 2.42	 2	 -41.8911	  174.1804
13.847	 2.33	 5	 -42.6776	  173.4509
13.848	 2.51	 2	 -41.9751	  173.7780
13.849	 2.62	 1	 -40.5942	  167.6113
13.849	 2.02	 1	 -42.3689	  173.5895
13.851	 3.37	 1	 -42.3454	  173.6472
13.855	 2.01	 2	 -42.2706	  174.0437
13.855	 2.81	 1	 -42.2334	  173.6169
13.856	 2.03	 2	 -42.4357	  173.5413
13.857	 3.66	 4	 -41.7062	  171.4905
13.859	 3.72	 1	 -42.4493	  174.0662
13.859	 2.09	 1	 -41.7851	  174.3013
13.861	 2.10	 1	 -42.5901	  173.1799
13.862	 2.01	 1	 -41.6958	  174.1790
13.867	 2.31	 2	 -41.4057	  174.1265
13.867	 2.39	 1	 -41.9585	  174.0766
13.869	 2.29	 2	 -42.0131	  174.0124
13.870	 2.14	 3	 -42.6394	  173.1312
13.870	 2.02	 1	 -41.6787	  174.2895
13.870	 2.01	 1	 -42.9796	  172.2143
13.872	 3.17	 1	 -42.6124	  172.8927
13.873	 2.57	 3	 -42.2756	  173.6608
13.874	 2.33	 3	 -41.7123	  174.2368
13.874	 2.43	 2	 -42.5885	  173.5037
13.874	 2.18	 1	 -42.1049	  173.7313
13.876	 2.15	 1	 -43.8191	  173.7396
13.877	 2.05	 1	 -42.6643	  173.0196
13.880	 2.28	 2	 -42.3551	  173.8189
13.883	 2.03	 1	 -42.3842	  173.1866
13.885	 2.57	 1	 -42.0219	  173.5792
13.886	 2.74	 4	 -41.5980	  174.2564
13.887	 2.34	 2	 -41.7232	  174.3440
13.887	 2.45	 1	 -41.7189	  174.2506
13.888	 2.18	 1	 -42.1678	  173.5539
13.888	 2.03	 3	 -43.7039	  176.0172
13.892	 2.47	 3	 -42.4269	  173.8117
13.893	 2.16	 1	 -42.4703	  173.1994
13.894	 2.17	 1	 -42.5028	  173.8080
13.894	 2.28	 1	 -41.8379	  174.3173
13.894	 2.09	 2	 -42.3922	  173.0215
13.895	 2.12	 1	 -41.8459	  174.2497
13.897	 2.85	 1	 -42.1702	  174.1446
13.897	 3.26	 1	 -41.7502	  174.3339
13.897	 2.02	 2	 -41.6931	  174.2658
13.899	 2.23	 2	 -43.3279	  173.0589
13.900	 2.18	 2	 -42.2632	  173.8367
13.900	 2.53	 2	 -41.8472	  174.2512
13.902	 2.14	 3	 -41.9860	  173.9980
13.903	 2.04	 2	 -41.9627	  173.7829
13.903	 2.39	 1	 -42.2320	  173.6192
13.904	 2.19	 4	 -42.6219	  172.6566
13.905	 3.97	 1	 -41.6892	  174.2652
13.905	 2.24	 2	 -42.2817	  173.9372
13.905	 2.06	 1	 -42.1607	  173.8657
13.905	 2.76	 3	 -42.3163	  173.9021
13.905	 2.77	 1	 -42.7595	  172.9493
13.906	 2.00	 1	 -41.7616	  174.4133
13.907	 2.00	 2	 -42.3320	  172.9709
13.908	 2.43	 2	 -41.9468	  173.7869
13.908	 2.07	 3	 -42.3997	  174.0414
13.909	 2.01	 1	 -41.7359	  174.2323
13.912	 3.05	 6	 -41.4553	  175.8752
13.913	 2.00	 2	 -42.3495	  173.7591
13.915	 2.10	 6	 -42.7630	  173.1875
13.915	 2.95	 3	 -41.6503	  174.7183
13.916	 2.42	 5	 -42.3912	  173.8617
13.916	 2.54	 1	 -42.1338	  173.7052
13.917	 2.46	 6	 -42.7798	  173.2640
13.917	 2.32	 4	 -41.8181	  174.8931
13.918	 2.19	 2	 -42.2281	  173.9355
13.919	 2.03	 1	 -41.9486	  174.2135
13.921	 2.21	 1	 -42.2609	  173.8836
13.922	 2.04	 1	 -41.9604	  173.9584
13.922	 2.06	 3	 -42.0689	  173.8357
13.923	 2.21	 2	 -42.5189	  172.9408
13.924	 2.07	 3	 -41.7915	  173.3483
13.924	 2.13	 2	 -42.6343	  173.0944
13.925	 2.39	 2	 -42.7514	  172.7536
13.925	 2.27	 1	 -41.7754	  174.1794
13.927	 3.30	 3	 -42.2182	  173.5692
13.928	 2.04	 1	 -42.2171	  173.6119
13.931	 2.73	 1	 -41.7637	  174.0976
13.932	 2.15	 1	 -42.2493	  173.8974
13.933	 2.14	 1	 -42.5146	  173.3356
13.934	 2.04	 1	 -42.3689	  173.6361
13.934	 2.55	 2	 -42.5411	  172.9784
13.934	 2.06	 1	 -42.5183	  172.5040
13.934	 3.09	 1	 -41.7468	  174.3707
13.936	 2.00	 2	 -42.7965	  172.9904
13.938	 2.08	 1	 -42.3441	  173.6608
13.939	 2.12	 1	 -41.7313	  174.2384
13.939	 3.25	 4	 -41.2074	  173.9541
13.940	 2.08	 1	 -41.9139	  174.0963
13.941	 2.41	 1	 -41.5277	  174.4847
13.942	 2.22	 2	 -42.5168	  172.8163
13.944	 2.64	 2	 -42.4541	  173.7016
13.944	 2.06	 1	 -42.5705	  172.9143
13.948	 2.01	 1	 -42.0178	  176.8374
13.948	 2.41	 3	 -43.0992	  173.6858
13.949	 2.03	 1	 -42.3305	  173.8772
13.952	 2.28	 2	 -42.4018	  172.9959
13.952	 2.16	 1	 -41.9074	  173.9732
13.957	 2.23	 2	 -42.6341	  172.8302
13.958	 2.84	 4	 -41.6000	  174.6535
13.958	 2.15	 1	 -42.4672	  173.1027
13.960	 2.10	 1	 -42.2071	  173.5124
13.960	 2.24	 1	 -41.8073	  174.2935
13.960	 2.17	 1	 -42.3509	  173.6262
13.960	 2.34	 1	 -42.6951	  172.7829
13.961	 2.53	 1	 -42.4117	  172.4657
13.966	 2.43	 1	 -42.2548	  173.6635
13.967	 2.96	 1	 -41.8971	  174.0601
13.970	 2.72	 1	 -41.7040	  174.3202
13.970	 2.02	 1	 -42.6156	  173.0226
13.970	 2.44	 4	 -42.4715	  174.7606
13.970	 2.30	 1	 -41.6973	  174.3338
13.971	 2.00	 2	 -42.6249	  173.0991
13.971	 2.21	 2	 -41.4634	  170.5591
13.972	 2.44	 3	 -43.5662	  178.2007
13.972	 2.05	 2	 -42.2754	  173.7844
13.972	 2.01	 3	 -41.9531	  174.7485
13.977	 2.02	 4	 -42.6543	  172.7563
13.981	 2.59	 2	 -41.9585	  173.7433
13.981	 2.18	 2	 -42.1519	  173.5847
13.982	 3.40	 2	 -42.0168	  174.2918
13.982	 3.13	 2	 -42.3504	  173.4448
13.982	 2.49	 2	 -42.1971	  173.7179
13.983	 2.89	 3	 -41.6937	  174.1973
13.984	 3.67	 1	 -41.8595	  175.2342
13.984	 2.28	 1	 -41.8351	  174.2038
13.984	 2.06	 2	 -42.6484	  173.2193
13.985	 3.25	 2	 -42.6526	  172.9518
13.985	 2.08	 2	 -42.2346	  173.6971
13.986	 3.25	 1	 -42.4848	  173.7106
13.986	 2.06	 3	 -42.5580	  173.8995
13.986	 2.99	 2	 -41.9500	  173.7895
13.986	 2.58	 3	 -41.6302	  174.7165
13.987	 2.37	 1	 -41.7882	  174.3724
13.987	 2.07	 3	 -42.2484	  173.7960
13.988	 2.93	 3	 -42.3964	  173.7444
13.988	 3.53	 1	 -42.5267	  173.0383
13.989	 2.43	 1	 -42.2442	  173.3777
13.990	 2.32	 4	 -42.3626	  173.8496
13.991	 2.22	 3	 -42.5645	  173.7254
13.991	 2.24	 1	 -42.1908	  173.4724
13.991	 2.12	 2	 -42.3947	  173.4077
13.992	 2.09	 2	 -42.4631	  174.1124
13.997	 2.07	 1	 -42.5189	  173.4070
13.997	 2.11	 1	 -42.3754	  173.7772
13.997	 2.26	 1	 -42.6987	  172.7433
13.999	 2.84	 2	 -42.3791	  173.4378
13.999	 2.07	 3	 -43.4925	  172.4238
14.001	 2.08	 4	 -43.5343	  172.4465
14.002	 3.32	 1	 -42.4511	  173.7363
14.003	 2.10	 1	 -41.8693	  174.0893
14.003	 2.10	 1	 -44.4881	  174.0169
14.005	 2.18	 3	 -41.9449	  173.7996
14.005	 2.28	 2	 -41.7744	  174.3119
14.005	 2.12	 2	 -42.3537	  173.8712
14.005	 3.25	 2	 -41.8274	  174.2329
14.007	 2.40	 1	 -41.6741	  174.1660
14.007	 2.66	 2	 -41.6861	  174.1617
14.010	 2.23	 2	 -42.1903	  173.6633
14.010	 3.80	 2	 -41.6819	  170.6619
14.011	 2.46	 1	 -42.6743	  173.1328
14.014	 2.54	 4	 -42.2850	  173.6312
14.015	 4.29	 3	 -42.5184	  173.6871
14.016	 2.02	 1	 -42.6259	  172.8401
14.017	 2.11	 2	 -42.5733	  173.1042
14.017	 2.47	 4	 -42.7203	  173.6729
14.017	 2.08	 1	 -43.4172	  173.2042
14.020	 2.45	 2	 -42.3920	  173.1601
14.022	 2.34	 2	 -42.0132	  174.0620
14.022	 3.72	 2	 -43.2742	  172.9437
14.022	 2.44	 1	 -41.8337	  174.1857
14.023	 2.03	 1	 -41.6994	  174.3007
14.023	 2.04	 1	 -42.2023	  173.8138
14.024	 2.43	 1	 -42.5161	  173.8205
14.024	 2.19	 1	 -39.2268	  169.1242
14.025	 2.75	 3	 -42.4275	  173.7372
14.026	 3.43	 2	 -42.4764	  173.1946
14.028	 2.42	 4	 -42.5701	  173.3186
14.030	 2.20	 1	 -41.7691	  174.0798
14.030	 2.36	 5	 -42.4854	  173.8442
14.030	 2.33	 3	 -42.6097	  173.6164
14.031	 2.23	 1	 -41.8225	  174.2749
14.031	 2.55	 1	 -41.7238	  174.1334
14.031	 2.05	 3	 -42.4338	  173.7075
14.032	 2.11	 3	 -42.0545	  173.7903
14.033	 3.11	 2	 -43.2773	  172.9425
14.035	 3.92	 1	 -42.3562	  173.9021
14.036	 2.10	 2	 -41.7084	  174.2322
14.038	 2.48	 2	 -41.8443	  174.2469
14.040	 2.31	 4	 -42.4155	  173.6341
14.041	 3.13	 2	 -42.4576	  173.8058
14.043	 2.13	 1	 -41.7249	  174.3003
14.043	 2.36	 2	 -42.4713	  173.1817
14.044	 3.44	 3	 -42.4561	  173.8080
14.044	 2.27	 5	 -41.2404	  173.9654
14.044	 2.11	 2	 -42.2608	  172.8044
14.045	 2.16	 2	 -41.3857	  174.2813
14.046	 2.54	 1	 -42.2751	  173.7625
14.048	 2.20	 1	 -42.0853	  173.8057
14.049	 2.90	 2	 -42.4132	  173.5014
14.050	 2.49	 2	 -42.4834	  173.6931
14.050	 2.14	 1	 -42.3302	  173.4003
14.051	 2.09	 2	 -43.2590	  172.9568
14.051	 2.75	 2	 -42.4554	  173.6875
14.052	 2.19	 4	 -42.4077	  174.7501
14.054	 2.11	 3	 -42.3988	  174.3926
14.056	 2.02	 2	 -42.4764	  173.7777
14.058	 2.15	 1	 -41.6612	  174.3851
14.059	 2.72	 4	 -42.4708	  173.7895
14.059	 2.03	 1	 -41.8991	  174.1685
14.059	 2.65	 2	 -42.1436	  174.3274
14.061	 2.46	 3	 -42.4921	  173.2332
14.064	 2.63	 3	 -42.7747	  175.1246
14.064	 2.19	 2	 -41.7348	  174.2094
14.065	 2.06	 2	 -41.8481	  174.2017
14.066	 2.30	 2	 -43.2590	  172.8497
14.069	 2.17	 1	 -41.7306	  174.3051
14.070	 2.00	 2	 -42.4801	  173.2449
14.071	 2.13	 1	 -41.7056	  174.2001
14.072	 2.12	 2	 -42.3508	  173.5903
14.073	 2.28	 1	 -41.7774	  174.2941
14.073	 2.20	 2	 -41.8363	  174.2343
14.073	 2.00	 1	 -42.4408	  172.8591
14.074	 2.02	 3	 -43.5438	  178.1806
14.076	 2.19	 3	 -41.9215	  174.0364
14.077	 2.75	 1	 -42.3530	  173.6119
14.078	 2.31	 1	 -41.5668	  174.0421
14.079	 2.12	 2	 -42.4853	  173.0858
14.079	 2.52	 2	 -42.3645	  173.2363
14.081	 2.08	 1	 -42.0612	  173.8464
14.081	 3.23	 1	 -42.6693	  173.9363
14.081	 3.18	 1	 -41.9267	  174.0265
14.081	 2.02	 2	 -42.4192	  173.0497
14.083	 2.14	 2	 -41.9289	  173.6936
14.083	 2.18	 1	 -42.5485	  173.1241
14.083	 2.39	 3	 -42.3690	  173.8748
14.084	 2.14	 2	 -42.6504	  172.3434
14.087	 2.50	 1	 -42.5652	  174.0318
14.089	 2.20	 1	 -42.5936	  173.0697
14.090	 2.31	 3	 -42.5363	  173.9743
14.090	 2.72	 2	 -42.2782	  173.6489
14.091	 2.13	 1	 -42.3811	  173.6070
14.094	 2.39	 2	 -42.9072	  172.9149
14.094	 2.55	 1	 -42.2555	  173.3555
14.095	 2.24	 2	 -42.5588	  172.9372
14.096	 2.47	 3	 -42.4824	  173.8445
14.096	 2.84	 3	 -43.1768	  172.8872
14.096	 3.17	 1	 -41.7022	  174.2327
14.097	 2.35	 1	 -42.5136	  173.1342
14.097	 2.13	 2	 -42.4891	  173.7837
14.097	 2.35	 1	 -42.3425	  173.9742
14.100	 2.10	 3	 -41.7745	  174.1622
14.101	 2.16	 1	 -41.9767	  173.9234
14.101	 2.44	 4	 -42.4665	  173.8651
14.101	 2.36	 3	 -42.4518	  174.0780
14.102	 2.28	 1	 -42.5534	  173.0413
14.102	 2.23	 1	 -42.2885	  173.9614
14.103	 2.59	 1	 -41.6858	  174.2658
14.104	 2.00	 1	 -41.9923	  173.8710
14.105	 2.27	 2	 -42.4846	  173.7026
14.106	 2.58	 2	 -42.4030	  173.2420
14.108	 2.57	 2	 -42.4039	  173.5911
14.108	 4.54	 1	 -41.7403	  174.2583
14.110	 2.35	 4	 -42.1994	  173.3501
14.111	 2.59	 1	 -42.4237	  173.4596
14.115	 2.47	 2	 -42.1445	  173.8792
14.115	 2.11	 3	 -42.5117	  173.9259
14.115	 2.18	 2	 -42.2573	  173.6727
14.118	 2.07	 3	 -42.4076	  174.0735
14.118	 2.77	 2	 -42.6918	  173.3766
14.120	 2.03	 3	 -44.1221	  176.8925
14.120	 2.20	 1	 -42.3194	  173.8164
14.121	 2.56	 2	 -41.9129	  174.0230
14.122	 2.28	 1	 -44.1582	  171.8879
14.122	 2.51	 3	 -42.5151	  173.4083
14.123	 2.84	 1	 -42.7559	  173.0015
14.123	 2.90	 1	 -41.7165	  174.3563
14.124	 2.09	 3	 -42.9293	  173.6057
14.126	 3.07	 1	 -41.6971	  174.3744
14.128	 2.35	 4	 -42.2232	  173.5712
14.129	 3.69	 4	 -42.2266	  173.7785
14.129	 2.12	 1	 -41.7899	  174.2530
14.130	 2.03	 2	 -43.1678	  172.8906
14.130	 2.12	 2	 -42.5979	  172.9452
14.131	 2.19	 2	 -42.4691	  173.7402
14.132	 2.00	 1	 -42.2755	  173.9189
14.134	 2.29	 4	 -42.4217	  173.7842
14.136	 2.35	 1	 -42.6098	  172.9656
14.137	 2.16	 1	 -41.8742	  174.3041
14.138	 2.77	 1	 -42.3954	  173.5682
14.139	 2.02	 2	 -42.5944	  174.1938
14.140	 2.19	 1	 -42.3395	  173.8586
14.140	 3.55	 1	 -42.3841	  173.9503
14.140	 3.59	 1	 -41.6027	  174.2905
14.141	 2.13	 4	 -42.0265	  173.8917
14.141	 2.79	 4	 -43.5221	  172.4610
14.142	 2.34	 1	 -42.1306	  173.6628
14.143	 2.90	 1	 -42.1567	  173.5580
14.144	 2.54	 2	 -42.2102	  173.9037
14.145	 3.23	 1	 -42.2467	  173.8142
14.149	 3.04	 2	 -42.3685	  174.0494
14.149	 2.22	 3	 -41.9596	  173.8125
14.150	 2.76	 1	 -41.7319	  174.3757
14.152	 2.34	 1	 -42.6036	  172.8547
14.153	 2.17	 3	 -42.0682	  173.1734
14.154	 2.24	 3	 -42.3796	  173.8385
14.154	 2.08	 1	 -42.2860	  173.8137
14.155	 2.50	 1	 -41.6077	  174.3905
14.155	 2.01	 3	 -42.4126	  172.7594
14.155	 2.99	 1	 -41.3769	  174.2692
14.159	 3.16	 2	 -41.8398	  173.6736
14.160	 2.69	 1	 -42.7778	  173.4509
14.162	 2.28	 1	 -42.2016	  173.7652
14.162	 3.17	 1	 -42.2551	  173.8726
14.163	 2.46	 1	 -42.0748	  173.5742
14.164	 2.25	 1	 -41.6926	  174.1969
14.166	 2.77	 3	 -42.5063	  173.8371
14.166	 2.34	 1	 -41.7034	  174.3202
14.167	 2.02	 1	 -42.2350	  173.2179
14.168	 2.35	 1	 -42.2007	  173.8076
14.169	 2.60	 2	 -42.6573	  173.3391
14.170	 2.11	 4	 -41.7235	  174.1037
14.170	 2.19	 1	 -41.9969	  173.9451
14.171	 2.42	 2	 -42.4639	  174.2415
14.172	 2.15	 2	 -42.3010	  173.7311
14.173	 3.15	 1	 -42.6246	  172.7354
14.173	 2.36	 1	 -42.5527	  173.1827
14.173	 2.22	 4	 -41.6498	  174.1299
14.175	 2.32	 2	 -42.7182	  172.6483
14.176	 2.32	 1	 -41.7395	  174.2880
14.176	 3.22	 3	 -42.2516	  173.0628
14.176	 2.06	 4	 -42.3618	  173.9916
14.178	 2.24	 2	 -41.8552	  174.2858
14.179	 2.08	 2	 -42.3273	  173.9487
14.180	 2.12	 1	 -42.8067	  173.1097
14.181	 3.03	 2	 -42.5410	  174.8987
14.182	 2.68	 2	 -42.4419	  173.0969
14.182	 2.72	 1	 -42.2865	  173.1765
14.182	 2.13	 1	 -41.6198	  174.2270
14.183	 2.14	 1	 -41.8185	  174.1565
14.183	 2.31	 1	 -41.8205	  174.0970
14.183	 2.04	 1	 -41.7550	  174.3326
14.187	 2.15	 1	 -42.2802	  172.7939
14.187	 2.02	 2	 -42.2669	  173.7878
14.188	 4.10	 2	 -42.1867	  174.0748
14.189	 2.49	 2	 -41.8482	  174.2848
14.190	 2.20	 3	 -42.4384	  174.3505
14.191	 2.88	 1	 -41.7244	  174.3023
14.191	 2.61	 3	 -42.5732	  173.5982
14.193	 2.08	 4	 -42.7535	  173.1751
14.196	 2.66	 3	 -41.7814	  174.1583
14.198	 2.14	 1	 -42.1223	  173.4385
14.199	 2.30	 1	 -42.4906	  173.0347
14.199	 2.07	 1	 -42.2946	  174.1224
14.199	 2.85	 1	 -41.7242	  174.1721
14.199	 2.03	 2	 -42.3739	  173.8687
14.200	 2.59	 1	 -42.3873	  172.8701
14.201	 3.38	 1	 -41.6955	  174.2648
14.201	 2.49	 1	 -42.6467	  172.8007
14.202	 2.00	 2	 -41.5746	  174.1363
14.203	 2.04	 2	 -42.0212	  173.6791
14.203	 2.32	 3	 -42.5999	  173.3681
14.203	 2.84	 3	 -42.4180	  173.7630
14.204	 2.49	 3	 -42.5477	  173.8149
14.204	 2.38	 2	 -42.3671	  173.3970
14.205	 2.08	 1	 -42.2930	  173.6423
14.206	 2.11	 1	 -42.7462	  172.9962
14.209	 2.01	 2	 -41.7350	  174.1688
14.209	 2.04	 1	 -41.7448	  174.2748
14.210	 2.02	 3	 -42.4741	  173.8848
14.211	 4.57	 1	 -42.2411	  173.8705
14.211	 2.16	 1	 -41.8979	  173.8647
14.213	 2.73	 2	 -42.1619	  173.6349
14.213	 2.57	 1	 -42.5878	  173.2002
14.214	 2.91	 4	 -41.7201	  174.2846
14.217	 2.61	 1	 -41.8141	  174.2468
14.217	 2.25	 1	 -41.8447	  174.1124
14.219	 2.23	 1	 -42.0539	  174.3582
14.222	 2.24	 2	 -42.3093	  173.9640
14.223	 2.26	 2	 -41.9548	  173.9508
14.223	 2.32	 2	 -43.9934	  173.7261
14.225	 2.16	 1	 -42.0480	  173.6816
14.227	 2.46	 1	 -41.9978	  173.7294
14.228	 3.67	 2	 -41.6934	  174.1612
14.228	 2.28	 2	 -42.2606	  173.8107
14.229	 2.07	 1	 -42.0919	  172.9333
14.230	 2.01	 2	 -42.4805	  173.0904
14.230	 2.04	 2	 -43.2752	  172.9370
14.230	 2.07	 1	 -41.8321	  174.1892
14.232	 2.16	 1	 -42.4245	  173.5636
14.236	 2.70	 1	 -42.3914	  173.7731
14.236	 2.74	 1	 -42.6128	  173.0439
14.238	 2.03	 3	 -41.7100	  174.3136
14.239	 2.11	 1	 -41.9083	  173.9891
14.242	 2.08	 2	 -42.3192	  173.8826
14.243	 2.31	 2	 -42.1457	  173.0443
14.244	 2.02	 1	 -41.7423	  174.2987
14.246	 2.55	 1	 -42.1742	  173.6801
14.247	 3.10	 2	 -42.3493	  172.8256
14.248	 2.00	 1	 -42.2870	  172.4738
14.249	 2.31	 1	 -42.2142	  173.5512
14.250	 2.26	 2	 -41.7203	  174.2927
14.251	 2.79	 2	 -38.2691	  170.7661
14.259	 2.64	 2	 -42.3974	  173.9128
14.260	 3.72	 4	 -42.3095	  173.6014
14.260	 2.68	 1	 -42.5383	  173.8438
14.261	 2.26	 2	 -42.4148	  173.7576
14.261	 2.05	 1	 -41.2950	  173.6465
14.261	 2.73	 1	 -43.6017	  173.8332
14.262	 2.97	 3	 -42.7103	  173.0520
14.263	 2.04	 1	 -41.5819	  174.9198
14.263	 2.94	 1	 -42.2527	  173.5002
14.265	 2.32	 3	 -42.5189	  173.8003
14.267	 3.37	 1	 -42.2556	  173.5682
14.269	 2.34	 1	 -41.8237	  173.6026
14.269	 2.28	 2	 -42.4366	  172.6212
14.270	 2.49	 1	 -42.6629	  172.9139
14.270	 2.06	 3	 -42.4258	  173.6967
14.271	 2.45	 2	 -41.7618	  174.1474
14.271	 2.51	 3	 -42.4850	  173.8442
14.271	 2.39	 1	 -42.0230	  173.6983
14.272	 2.37	 2	 -42.3004	  173.9083
14.273	 2.04	 2	 -43.3046	  172.9810
14.275	 2.13	 1	 -42.1309	  175.1476
14.276	 3.16	 4	 -42.5809	  173.7904
14.277	 3.88	 1	 -41.9639	  173.6970
14.278	 2.23	 1	 -42.6196	  173.1727
14.279	 2.81	 2	 -42.4613	  173.8650
14.279	 2.15	 3	 -42.4516	  174.7219
14.281	 2.89	 1	 -41.6295	  174.4119
14.281	 2.08	 2	 -42.2179	  173.8832
14.282	 3.63	 2	 -42.6662	  172.9996
14.283	 2.05	 1	 -41.8574	  174.2366
14.284	 3.16	 2	 -43.3038	  172.8489
14.285	 3.04	 2	 -41.7488	  174.2885
14.287	 2.37	 1	 -42.6143	  173.0385
14.288	 3.09	 1	 -42.1521	  173.5572
14.290	 2.16	 1	 -42.5158	  173.8999
14.290	 2.43	 1	 -41.8384	  174.2623
14.291	 2.26	 1	 -42.5072	  173.7886
14.291	 2.16	 1	 -41.9944	  173.7067
14.291	 2.18	 3	 -42.2406	  174.6357
14.292	 2.15	 6	 -41.6846	  174.2316
14.292	 2.09	 1	 -41.7484	  174.2393
14.294	 2.11	 1	 -41.9421	  174.0949
14.295	 2.04	 2	 -41.9673	  173.7396
14.296	 2.13	 3	 -42.5226	  173.4851
14.296	 2.01	 1	 -42.3932	  173.4464
14.297	 4.11	 1	 -42.3974	  173.9186
14.297	 2.05	 3	 -42.4687	  174.4057
14.305	 2.99	 1	 -42.2359	  173.2014
14.305	 2.03	 2	 -42.0058	  173.6803
14.307	 2.75	 2	 -41.7244	  174.3041
14.307	 2.12	 1	 -42.4172	  173.9626
14.308	 2.35	 2	 -42.6308	  172.8447
14.308	 2.45	 1	 -39.1873	  175.3962
14.309	 2.61	 1	 -42.5223	  173.2843
14.310	 2.39	 3	 -42.7882	  174.2944
14.313	 2.31	 3	 -41.6836	  174.1733
14.313	 2.75	 1	 -41.9562	  173.6618
14.314	 3.69	 1	 -41.8000	  174.1608
14.314	 2.20	 2	 -41.6652	  174.4167
14.315	 2.13	 2	 -42.2207	  173.5566
14.319	 2.67	 2	 -41.7336	  174.6107
14.320	 2.03	 1	 -41.7186	  174.3833
14.321	 2.33	 2	 -41.7512	  174.1711
14.324	 2.07	 2	 -42.4484	  174.0501
14.324	 2.41	 1	 -42.3410	  173.9985
14.325	 2.17	 1	 -43.9077	  167.4662
14.325	 2.04	 2	 -42.1333	  173.8549
14.327	 2.72	 2	 -41.6535	  174.2200
14.327	 2.14	 2	 -42.9581	  173.6129
14.328	 2.36	 2	 -41.7178	  174.2050
14.329	 3.78	 3	 -41.7194	  174.1152
14.330	 2.16	 1	 -42.2872	  173.9078
14.330	 2.78	 2	 -42.1856	  173.8729
14.331	 2.40	 2	 -42.5908	  172.9336
14.333	 2.05	 1	 -42.5623	  172.7685
14.334	 2.01	 2	 -42.3061	  173.7269
14.335	 2.19	 4	 -42.4770	  173.7061
14.335	 3.35	 3	 -42.0897	  173.7101
14.335	 2.52	 2	 -43.2303	  172.9366
14.336	 2.14	 4	 -42.4802	  173.6811
14.336	 2.52	 2	 -42.1014	  173.8508
14.337	 2.03	 1	 -42.1798	  173.4644
14.337	 4.92	 1	 -42.1682	  173.7347
14.337	 3.70	 3	 -42.4366	  173.8854
14.339	 2.34	 5	 -42.4223	  173.5707
14.339	 2.84	 5	 -41.7182	  174.0973
14.340	 2.70	 2	 -42.2397	  173.8613
14.341	 2.22	 3	 -41.7412	  174.5765
14.341	 2.41	 1	 -42.5730	  172.3700
14.341	 2.13	 1	 -41.5710	  174.4196
14.342	 2.00	 3	 -41.9617	  173.8204
14.342	 2.20	 1	 -42.4799	  173.5286
14.342	 2.32	 1	 -42.2336	  173.7093
14.344	 2.01	 1	 -41.7689	  174.2252
14.344	 3.04	 1	 -42.8714	  171.8072
14.346	 3.23	 4	 -42.5005	  173.9231
14.346	 2.89	 2	 -42.1525	  173.5938
14.347	 2.00	 3	 -42.3047	  173.2570
14.347	 2.12	 3	 -41.7049	  174.1513
14.351	 2.93	 2	 -43.2871	  172.8989
14.352	 2.39	 1	 -42.4097	  172.9810
14.352	 2.24	 3	 -42.5167	  173.5677
14.353	 2.34	 1	 -42.1682	  173.6440
14.355	 2.75	 1	 -42.5127	  173.1063
14.355	 2.07	 5	 -41.7271	  171.5183
14.356	 2.34	 1	 -41.7292	  174.2280
14.357	 2.12	 4	 -42.4428	  173.8193
14.358	 3.18	 2	 -41.4600	  171.8826
14.361	 2.42	 2	 -42.0862	  174.0320
14.364	 2.75	 3	 -42.5010	  174.6160
14.367	 2.00	 4	 -41.6314	  174.8544
14.367	 3.14	 2	 -41.8028	  174.2301
14.371	 3.49	 1	 -42.3844	  174.2864
14.372	 2.18	 1	 -41.6764	  174.1492
14.372	 2.17	 2	 -42.3173	  173.9494
14.372	 2.79	 1	 -42.0259	  174.0205
14.373	 2.08	 2	 -41.8302	  174.3080
14.374	 2.06	 5	 -43.7272	  169.7009
14.375	 2.41	 1	 -42.5640	  173.2020
14.378	 2.38	 1	 -42.2844	  173.8147
14.378	 2.39	 3	 -42.6518	  172.9473
14.379	 2.26	 2	 -41.7408	  174.2422
14.382	 2.20	 1	 -41.7327	  174.3585
14.382	 2.86	 1	 -40.6814	  167.9779
14.384	 2.18	 1	 -41.8543	  173.9460
14.384	 3.08	 3	 -42.8007	  173.0347
14.385	 2.13	 3	 -42.2111	  173.7447
14.385	 3.10	 2	 -42.1623	  173.7196
14.385	 2.21	 2	 -41.8584	  175.2329
14.385	 2.69	 2	 -42.1183	  173.7891
14.386	 2.07	 1	 -43.6910	  174.5425
14.392	 2.36	 2	 -42.2850	  173.7516
14.393	 2.52	 1	 -42.1860	  173.6639
14.394	 2.14	 2	 -42.3700	  174.6523
14.395	 2.27	 4	 -43.1107	  174.7339
14.397	 2.57	 1	 -42.7780	  174.2654
14.397	 2.47	 1	 -41.7104	  174.1678
14.398	 2.36	 1	 -41.8758	  174.0054
14.398	 2.78	 3	 -42.3157	  172.8069
14.399	 2.99	 3	 -42.4947	  173.7520
14.401	 2.33	 1	 -43.2508	  173.2681
14.402	 2.02	 2	 -42.0394	  173.2373
14.403	 2.27	 1	 -42.4812	  173.1288
14.403	 2.27	 1	 -42.4862	  172.8819
14.404	 2.23	 4	 -42.3015	  173.8566
14.405	 2.16	 1	 -42.0547	  173.7854
14.405	 2.09	 1	 -42.0969	  174.7489
14.405	 2.18	 4	 -42.5188	  173.9099
14.405	 2.40	 1	 -41.7217	  175.0842
14.409	 2.52	 2	 -41.7461	  174.3141
14.411	 2.45	 1	 -42.3829	  174.0808
14.411	 2.16	 1	 -42.6612	  172.9888
14.411	 2.31	 3	 -40.2009	  174.7281
14.412	 2.19	 2	 -42.2031	  174.1216
14.413	 2.12	 1	 -42.7722	  173.3207
14.414	 2.66	 2	 -43.2492	  172.9504
14.415	 2.55	 2	 -42.1869	  173.7577
14.416	 2.06	 2	 -42.3639	  172.8046
14.418	 2.15	 3	 -42.3501	  172.8098
14.418	 2.55	 2	 -42.3115	  173.4793
14.421	 3.05	 2	 -42.1087	  173.5600
14.421	 2.07	 1	 -41.7194	  174.2836
14.422	 2.22	 2	 -41.9240	  174.3385
14.423	 2.50	 2	 -39.2257	  169.5780
14.424	 4.14	 1	 -41.7100	  174.2770
14.425	 2.11	 4	 -42.4390	  173.8898
14.425	 2.55	 5	 -41.7780	  174.8625
14.426	 2.17	 3	 -42.4975	  173.2102
14.426	 2.00	 1	 -41.6331	  173.7847
14.426	 2.04	 3	 -42.4751	  172.9637
14.427	 2.81	 1	 -42.4576	  173.8114
14.427	 2.14	 2	 -43.3724	  172.8738
14.429	 2.72	 3	 -41.6772	  174.6867
14.431	 2.13	 6	 -42.7564	  173.2049
14.432	 2.02	 3	 -41.7233	  174.0684
14.432	 2.02	 1	 -42.0965	  173.7107
14.432	 2.76	 2	 -43.3347	  172.9117
14.433	 2.92	 1	 -41.6152	  174.1957
14.437	 2.93	 2	 -43.3229	  173.0365
14.438	 3.57	 1	 -41.8633	  174.1639
14.438	 2.32	 1	 -42.2209	  173.7795
14.438	 2.37	 1	 -41.6685	  173.5022
14.438	 2.86	 3	 -41.5984	  173.0074
14.440	 2.91	 2	 -42.6292	  173.4807
14.440	 2.23	 1	 -41.7265	  174.2973
14.441	 2.01	 2	 -41.6404	  174.4131
14.442	 2.39	 1	 -42.3349	  173.7133
14.446	 2.77	 4	 -42.5084	  173.7923
14.447	 2.32	 2	 -42.5599	  173.1130
14.449	 2.00	 1	 -41.9591	  173.7737
14.449	 2.08	 1	 -42.5487	  173.5725
14.453	 2.35	 1	 -42.3729	  173.7202
14.455	 2.40	 1	 -42.2213	  173.7817
14.456	 2.37	 1	 -42.4171	  173.3748
14.456	 2.73	 2	 -41.0455	  170.6989
14.458	 2.07	 3	 -42.5673	  174.6534
14.458	 3.82	 5	 -41.6513	  174.1276
14.459	 3.50	 3	 -41.6801	  170.6582
14.460	 2.60	 3	 -42.3532	  174.0030
14.461	 2.88	 3	 -42.1969	  173.6948
14.462	 2.85	 2	 -42.4446	  173.9700
14.464	 2.07	 1	 -42.4544	  173.2095
14.466	 2.53	 2	 -42.2913	  173.1268
14.466	 2.02	 4	 -42.7265	  173.1741
14.466	 2.10	 1	 -42.1623	  173.5719
14.467	 2.13	 1	 -42.3039	  173.6711
14.467	 2.62	 2	 -42.0285	  173.9843
14.468	 2.78	 1	 -42.6914	  173.2572
14.469	 2.15	 1	 -41.7052	  168.1982
14.471	 2.22	 4	 -42.2613	  173.7671
14.472	 2.62	 1	 -42.3863	  173.5960
14.472	 2.47	 1	 -41.9315	  173.7182
14.474	 3.30	 2	 -42.1663	  173.6335
14.474	 2.57	 3	 -42.3744	  172.8850
14.476	 2.46	 2	 -42.2623	  173.6872
14.479	 2.04	 1	 -42.2993	  173.9228
14.479	 2.13	 2	 -42.3278	  173.5017
14.481	 2.12	 1	 -41.7133	  174.3148
14.481	 2.05	 1	 -42.3708	  173.0274
14.482	 2.16	 2	 -41.7531	  174.3200
14.482	 2.50	 2	 -42.6721	  172.8223
14.484	 3.11	 1	 -42.3718	  173.7948
14.487	 2.61	 1	 -42.4817	  173.1830
14.488	 2.77	 1	 -42.6944	  172.9198
14.488	 2.31	 4	 -42.4365	  173.7807
14.489	 2.12	 1	 -41.9036	  174.1295
14.490	 2.05	 2	 -41.9214	  173.9690
14.491	 2.61	 1	 -41.7888	  174.0657
14.492	 2.91	 3	 -42.5778	  173.4722
14.493	 2.04	 2	 -41.7078	  174.3312
14.493	 2.72	 3	 -42.2934	  173.6351
14.493	 2.08	 1	 -41.8465	  174.3002
14.493	 2.49	 1	 -42.3898	  173.4822
14.494	 2.07	 1	 -42.1931	  173.6172
14.495	 2.75	 3	 -42.6605	  173.5762
14.498	 2.55	 2	 -42.1679	  173.7188
14.498	 2.63	 4	 -42.6329	  172.6778
14.499	 2.58	 3	 -42.1153	  173.7920
14.499	 2.09	 1	 -42.4285	  173.3070
