# Simulation 266
# RelativeTime(days) Magnitude Generation Latitude Longitude
Time Mag Gen Lat Lon
2.000	 2.28	 1	 -42.3419	  173.8526
2.001	 2.09	 1	 -42.5836	  173.0871
2.001	 2.18	 1	 -42.8098	  172.8889
2.002	 3.33	 1	 -42.3393	  173.8215
2.002	 2.92	 1	 -41.6944	  174.3358
2.003	 2.81	 1	 -42.3266	  173.8446
2.003	 3.08	 1	 -41.7987	  174.2318
2.003	 2.09	 1	 -42.5252	  174.0700
2.004	 2.83	 1	 -42.7746	  173.1296
2.004	 2.28	 1	 -41.6576	  174.2632
2.004	 2.60	 1	 -42.0218	  173.7545
2.005	 3.87	 1	 -42.6104	  173.0112
2.005	 2.07	 1	 -41.6980	  174.2331
2.005	 2.35	 1	 -42.0478	  173.7362
2.006	 2.21	 1	 -42.3390	  173.1142
2.007	 3.59	 1	 -42.4545	  172.9238
2.008	 2.21	 1	 -42.3406	  173.6959
2.008	 2.39	 1	 -42.2964	  173.8086
2.009	 2.42	 1	 -42.3746	  173.8760
2.009	 2.24	 1	 -42.2237	  174.0509
2.010	 2.75	 1	 -42.4753	  173.5384
2.010	 2.42	 1	 -43.0182	  171.3859
2.011	 2.28	 1	 -42.4533	  173.2043
2.011	 2.37	 1	 -41.8655	  173.7595
2.012	 2.17	 1	 -42.3224	  173.6632
2.013	 2.63	 1	 -41.7709	  174.1825
2.013	 2.56	 1	 -42.6810	  172.9992
2.013	 2.16	 1	 -41.7946	  174.2690
2.013	 2.29	 1	 -42.7070	  172.6709
2.013	 2.58	 1	 -42.2810	  173.7029
2.014	 3.01	 1	 -42.2709	  173.8584
2.014	 2.20	 1	 -41.9762	  174.1412
2.014	 2.02	 1	 -42.2414	  173.6449
2.015	 2.46	 1	 -42.5383	  173.8991
2.015	 2.36	 1	 -42.5262	  172.9694
2.015	 2.05	 1	 -42.4556	  173.8335
2.015	 2.27	 1	 -41.9906	  174.0121
2.016	 2.06	 1	 -41.7362	  174.1478
2.017	 2.20	 1	 -42.3224	  173.9226
2.017	 2.22	 1	 -42.1308	  173.7286
2.019	 2.11	 1	 -42.6266	  172.8818
2.019	 2.04	 1	 -42.5984	  172.7048
2.020	 2.12	 1	 -42.3031	  173.5562
2.020	 2.10	 1	 -42.0140	  173.7050
2.020	 2.11	 1	 -43.5521	  174.3501
2.022	 2.37	 1	 -42.7400	  172.8231
2.022	 2.28	 1	 -45.8602	  177.1347
2.022	 3.47	 1	 -41.6459	  174.2532
2.022	 2.82	 1	 -42.0235	  174.5873
2.023	 2.82	 1	 -41.7207	  174.1611
2.023	 2.01	 1	 -42.1599	  173.8209
2.024	 2.15	 1	 -42.1879	  173.1646
2.024	 3.36	 1	 -42.2987	  173.7513
2.024	 2.46	 1	 -42.6242	  173.1383
2.025	 2.17	 1	 -42.1389	  173.8248
2.025	 2.47	 1	 -42.6118	  173.2511
2.026	 2.26	 1	 -42.6597	  173.1963
2.026	 2.30	 2	 -42.4745	  173.5394
2.026	 2.03	 1	 -42.1553	  173.8675
2.026	 2.10	 1	 -42.3725	  172.9751
2.027	 2.27	 1	 -41.6720	  174.3690
2.027	 2.47	 1	 -42.6131	  173.0273
2.027	 2.42	 1	 -41.7100	  174.2237
2.027	 2.67	 1	 -42.1485	  173.6357
2.028	 2.44	 1	 -42.7232	  173.0236
2.028	 2.32	 1	 -41.8924	  174.4196
2.028	 2.41	 1	 -42.4491	  173.1645
2.029	 2.50	 1	 -42.1911	  173.6048
2.029	 2.47	 1	 -42.2882	  173.6427
2.029	 3.11	 1	 -41.6570	  174.2602
2.029	 2.52	 1	 -42.8766	  172.6375
2.030	 2.10	 1	 -42.3837	  173.8400
2.030	 2.12	 1	 -42.3890	  174.1886
2.032	 2.40	 1	 -41.5197	  172.8981
2.033	 2.08	 1	 -42.3018	  173.7322
2.033	 2.13	 1	 -42.0899	  172.2847
2.034	 2.61	 1	 -42.1861	  173.6856
2.035	 2.12	 1	 -41.9383	  174.0183
2.035	 2.45	 1	 -42.3904	  173.4956
2.036	 2.14	 1	 -42.7715	  173.4008
2.037	 3.70	 1	 -42.4853	  173.0505
2.037	 2.35	 1	 -42.4159	  172.9934
2.038	 2.71	 1	 -42.5148	  173.1129
2.038	 2.25	 1	 -42.4047	  173.5835
2.039	 2.37	 1	 -41.5828	  171.8298
2.040	 2.08	 1	 -42.0838	  173.7225
2.040	 2.02	 1	 -42.2746	  173.9366
2.041	 2.32	 1	 -42.4016	  173.7305
2.041	 2.14	 1	 -42.3407	  173.8562
2.042	 2.07	 1	 -41.8236	  174.4298
2.042	 2.87	 1	 -41.6393	  174.2663
2.043	 2.25	 1	 -41.6782	  174.2302
2.044	 2.39	 1	 -41.8668	  174.2361
2.044	 2.87	 1	 -41.4821	  173.8227
2.044	 2.53	 1	 -41.7201	  174.3660
2.044	 3.09	 2	 -42.6176	  173.0218
2.045	 2.26	 1	 -41.8409	  173.1912
2.045	 2.11	 1	 -41.8886	  173.6330
2.046	 2.80	 1	 -42.4655	  173.3876
2.046	 2.95	 1	 -41.7849	  173.6360
2.046	 2.23	 1	 -42.6993	  172.9253
2.047	 2.94	 1	 -41.7328	  174.1137
2.047	 3.03	 2	 -42.3014	  173.7656
2.047	 2.27	 1	 -42.5157	  173.8166
2.047	 2.21	 1	 -41.7393	  174.3491
2.047	 2.47	 1	 -42.1306	  173.4629
2.047	 3.21	 1	 -41.9725	  174.0122
2.047	 2.23	 1	 -42.2486	  173.6380
2.047	 2.16	 1	 -41.7095	  174.3185
2.048	 2.57	 1	 -42.7182	  173.1035
2.049	 2.13	 1	 -42.1106	  173.7215
2.049	 2.00	 1	 -42.2320	  173.3819
2.049	 2.23	 1	 -42.3862	  173.3607
2.049	 2.34	 1	 -42.4935	  173.2952
2.050	 2.34	 1	 -41.6433	  174.3654
2.051	 2.63	 1	 -41.8011	  174.2749
2.051	 2.26	 1	 -42.8322	  172.9955
2.052	 2.67	 1	 -45.6604	  170.8368
2.052	 2.11	 1	 -42.1943	  173.6451
2.052	 2.06	 1	 -42.4518	  173.2714
2.052	 2.17	 1	 -42.5577	  172.7253
2.052	 4.52	 1	 -41.6872	  174.2144
2.053	 2.22	 1	 -42.0333	  173.6733
2.053	 2.32	 1	 -41.6595	  174.1325
2.053	 2.03	 1	 -41.6743	  174.2561
2.054	 2.25	 1	 -41.9734	  173.7650
2.054	 2.93	 1	 -41.6551	  174.3140
2.054	 2.19	 1	 -42.7092	  173.0357
2.055	 2.10	 1	 -41.7870	  174.2306
2.055	 2.13	 1	 -39.9741	  174.0250
2.055	 2.10	 1	 -41.7282	  174.2241
2.057	 3.06	 1	 -42.7252	  173.0103
2.057	 2.39	 1	 -42.3011	  173.6897
2.057	 2.03	 1	 -43.1218	  171.8963
2.057	 2.12	 1	 -42.5838	  172.8259
2.058	 2.44	 1	 -41.6819	  174.2399
2.058	 2.55	 1	 -41.7285	  174.2966
2.059	 2.11	 1	 -41.7643	  174.2996
2.060	 2.18	 1	 -42.4592	  172.9693
2.060	 3.32	 2	 -42.2880	  173.6452
2.060	 3.14	 1	 -42.3531	  173.8846
2.060	 2.21	 1	 -42.1344	  173.6487
2.060	 2.64	 1	 -42.2490	  173.5532
2.060	 3.03	 1	 -41.9027	  173.6843
2.061	 2.42	 1	 -42.1240	  173.5945
2.061	 2.20	 1	 -42.4876	  173.7485
2.062	 2.05	 1	 -42.0754	  173.2874
2.062	 3.19	 1	 -42.3992	  173.0056
2.062	 2.25	 1	 -42.2727	  173.4698
2.062	 2.30	 2	 -42.0984	  174.3211
2.063	 2.57	 1	 -42.6474	  172.5784
2.063	 2.36	 1	 -42.0468	  173.8011
2.064	 2.06	 1	 -41.8762	  174.3529
2.064	 4.43	 1	 -42.5129	  172.9458
2.064	 3.29	 1	 -42.4594	  173.1058
2.064	 2.04	 1	 -43.6704	  173.5957
2.065	 2.21	 1	 -42.5094	  172.9488
2.065	 2.19	 1	 -41.7027	  174.2918
2.066	 2.38	 1	 -42.5034	  173.8743
2.066	 2.56	 1	 -41.6570	  174.2462
2.067	 2.81	 1	 -42.4700	  173.0368
2.068	 2.27	 1	 -42.2487	  174.0440
2.068	 2.49	 1	 -42.1034	  173.7979
2.068	 2.04	 1	 -42.1860	  174.0895
2.069	 3.15	 1	 -42.1469	  173.8187
2.069	 2.08	 1	 -40.0797	  172.4117
2.070	 2.03	 1	 -41.6820	  174.2101
2.070	 2.12	 1	 -42.5441	  173.1100
2.071	 2.84	 1	 -42.2811	  173.5474
2.071	 2.17	 1	 -42.5928	  173.0220
2.072	 2.08	 1	 -41.8045	  173.9839
2.072	 2.05	 1	 -42.7607	  172.7654
2.072	 3.07	 1	 -42.3083	  173.8282
2.073	 2.68	 1	 -42.2904	  173.9336
2.073	 2.59	 1	 -41.8928	  173.8501
2.074	 2.39	 1	 -41.9298	  173.7602
2.074	 2.27	 1	 -42.0421	  173.6198
2.074	 2.92	 1	 -42.4529	  173.0549
2.075	 2.49	 1	 -41.7467	  174.2601
2.075	 2.32	 1	 -41.5683	  172.3791
2.075	 2.26	 1	 -42.4220	  174.0897
2.075	 2.18	 1	 -41.6824	  174.2034
2.076	 2.83	 1	 -41.8108	  174.1947
2.076	 2.27	 1	 -42.4463	  173.3772
2.076	 2.26	 1	 -44.3203	  172.3489
2.077	 2.13	 1	 -42.5828	  173.0015
2.077	 2.04	 1	 -42.6485	  173.0545
2.077	 2.11	 1	 -41.7271	  174.0677
2.077	 3.18	 1	 -41.5787	  174.3182
2.077	 2.56	 1	 -42.2726	  173.5619
2.078	 2.02	 1	 -41.6759	  174.2669
2.078	 2.45	 1	 -42.1243	  173.5777
2.079	 2.74	 1	 -42.2539	  173.6083
2.079	 2.16	 1	 -41.6863	  174.2291
2.079	 2.29	 2	 -42.2123	  173.7157
2.079	 2.26	 1	 -42.3174	  173.7979
2.079	 2.59	 1	 -42.4674	  173.1619
2.080	 2.17	 1	 -41.8072	  174.2271
2.081	 2.38	 1	 -42.2676	  173.7809
2.081	 2.03	 1	 -42.3838	  173.8505
2.082	 2.73	 1	 -42.5312	  174.3055
2.082	 2.15	 1	 -41.7723	  174.1987
2.082	 2.04	 1	 -42.5753	  173.2375
2.083	 2.26	 1	 -37.7566	  172.6813
2.083	 2.01	 1	 -42.0531	  173.7234
2.083	 3.10	 1	 -41.6720	  174.1410
2.084	 2.11	 1	 -42.4173	  174.0210
2.084	 2.47	 1	 -42.1468	  176.5667
2.084	 2.01	 1	 -42.4254	  173.8329
2.084	 2.07	 1	 -43.2627	  173.7972
2.085	 3.02	 1	 -41.7352	  174.3663
2.085	 2.71	 1	 -42.0698	  173.6459
2.085	 2.91	 1	 -42.5189	  173.0892
2.086	 2.05	 1	 -41.8747	  173.4766
2.086	 2.50	 1	 -41.6811	  174.2591
2.087	 2.29	 1	 -42.3018	  173.6678
2.087	 4.06	 1	 -41.3139	  178.0127
2.088	 2.04	 1	 -44.3435	  178.6759
2.089	 2.88	 1	 -42.1733	  173.5237
2.089	 2.21	 1	 -42.2215	  173.8664
2.090	 3.31	 1	 -42.7876	  173.1577
2.090	 2.53	 1	 -42.4549	  173.1902
2.091	 2.08	 1	 -42.1077	  173.9797
2.092	 3.13	 1	 -41.8912	  174.2357
2.092	 3.05	 1	 -42.5727	  173.3858
2.092	 2.38	 1	 -42.4421	  173.6321
2.093	 2.23	 1	 -43.3658	  174.5621
2.093	 2.18	 1	 -41.6943	  174.1332
2.095	 2.11	 1	 -42.2692	  173.6982
2.095	 2.33	 1	 -42.7145	  174.7015
2.095	 2.13	 1	 -41.5595	  174.3697
2.095	 2.74	 1	 -41.9862	  173.9098
2.095	 2.50	 1	 -42.0373	  174.1333
2.095	 2.22	 1	 -42.3191	  174.0559
2.095	 3.14	 1	 -41.7265	  174.4741
2.095	 2.90	 1	 -41.7990	  174.2843
2.096	 2.58	 2	 -41.3502	  177.9327
2.096	 2.13	 1	 -42.8544	  173.0405
2.097	 2.91	 1	 -41.7587	  174.2536
2.098	 2.83	 1	 -41.6668	  174.1818
2.098	 2.69	 1	 -42.6665	  173.0413
2.099	 2.30	 1	 -42.3464	  173.8190
2.100	 2.16	 1	 -41.7815	  174.2587
2.100	 2.43	 1	 -42.9957	  173.0042
2.100	 2.47	 1	 -42.7402	  172.3492
2.101	 2.02	 1	 -41.6866	  174.2164
2.101	 2.15	 1	 -42.8192	  173.6036
2.101	 2.45	 1	 -42.3861	  174.0030
2.101	 2.01	 2	 -41.6898	  174.2246
2.101	 2.02	 1	 -42.4230	  173.0065
2.102	 2.67	 1	 -42.2790	  174.1898
2.102	 2.36	 1	 -41.7232	  174.4349
2.102	 3.57	 1	 -42.6020	  173.0627
2.102	 2.35	 1	 -41.9669	  174.0698
2.102	 2.78	 1	 -42.3134	  173.7354
2.103	 2.44	 1	 -42.3322	  173.8433
2.103	 2.05	 1	 -42.2943	  172.9526
2.104	 2.08	 1	 -42.0620	  172.8714
2.104	 2.64	 2	 -41.6852	  174.2205
2.106	 2.03	 1	 -41.7948	  174.2359
2.107	 3.16	 1	 -42.6898	  172.8184
2.108	 2.19	 1	 -41.6524	  174.3081
2.108	 2.15	 1	 -42.9730	  180.1657
2.108	 4.55	 1	 -42.2706	  173.5030
2.110	 2.17	 1	 -41.7465	  174.3331
2.111	 2.12	 1	 -42.6525	  172.0619
2.111	 2.54	 1	 -42.2036	  175.0934
2.111	 2.38	 1	 -42.5168	  173.9907
2.112	 2.78	 1	 -42.2495	  173.1045
2.112	 2.42	 1	 -42.2924	  173.9652
2.113	 2.51	 1	 -42.0750	  173.7292
2.113	 2.51	 1	 -42.8504	  174.6050
2.114	 2.60	 1	 -42.2686	  173.6689
2.115	 2.71	 1	 -41.6199	  174.2150
2.115	 2.26	 1	 -42.6874	  173.8888
2.115	 2.40	 1	 -41.5966	  174.2340
2.115	 2.57	 1	 -42.0117	  173.7502
2.116	 2.04	 1	 -41.8466	  174.1146
2.117	 2.01	 1	 -42.3889	  173.7268
2.117	 2.08	 1	 -42.0383	  173.7511
2.118	 2.10	 1	 -41.8859	  173.9864
2.118	 2.08	 1	 -42.4405	  173.8626
2.120	 2.23	 2	 -41.2840	  178.0438
2.120	 2.07	 1	 -42.7148	  174.3874
2.120	 2.05	 1	 -42.0020	  173.8524
2.121	 2.26	 1	 -45.9725	  171.5933
2.121	 2.71	 1	 -42.2718	  173.8453
2.122	 2.11	 1	 -41.7085	  174.2912
2.123	 2.24	 1	 -43.0476	  172.4290
2.124	 2.07	 1	 -42.6753	  172.6718
2.124	 2.78	 2	 -43.6445	  173.8125
2.124	 2.35	 1	 -41.7210	  174.3262
2.124	 4.07	 2	 -41.6903	  174.2978
2.125	 2.13	 1	 -41.6571	  174.1398
2.125	 2.62	 1	 -41.9676	  173.6991
2.125	 2.18	 1	 -42.4281	  173.2237
2.126	 2.42	 1	 -41.7248	  174.2562
2.126	 2.21	 1	 -42.4125	  173.0855
2.126	 2.84	 2	 -41.6838	  174.2176
2.127	 2.45	 1	 -41.5620	  173.9913
2.128	 2.50	 1	 -42.0502	  173.8754
2.128	 2.09	 1	 -41.7461	  174.4025
2.128	 2.04	 1	 -42.5698	  173.1157
2.129	 2.14	 1	 -42.1882	  173.6784
2.130	 2.57	 1	 -41.6880	  174.3080
2.131	 2.11	 1	 -42.5640	  173.3273
2.131	 2.05	 1	 -42.4882	  173.7716
2.133	 2.05	 1	 -42.1357	  173.4379
2.133	 2.05	 1	 -41.7821	  174.1769
2.133	 2.07	 1	 -41.7435	  174.3673
2.134	 2.24	 1	 -41.7925	  174.2211
2.134	 3.16	 1	 -41.9771	  174.1111
2.134	 2.26	 1	 -41.7048	  175.4773
2.135	 2.30	 1	 -41.9151	  173.7328
2.136	 2.36	 1	 -42.0033	  173.7478
2.136	 2.71	 1	 -41.7711	  174.2449
2.136	 2.50	 1	 -42.5078	  173.9152
2.136	 2.06	 1	 -42.6518	  172.9398
2.136	 3.74	 1	 -41.9822	  174.0643
2.137	 2.37	 1	 -42.4369	  173.1620
2.137	 2.22	 1	 -41.6197	  174.2284
2.138	 2.16	 1	 -43.1506	  174.6905
2.138	 2.09	 1	 -42.2638	  173.7230
2.138	 2.16	 1	 -41.8315	  174.4659
2.138	 3.08	 2	 -43.2058	  180.6366
2.139	 2.17	 1	 -41.8225	  174.0912
2.139	 2.07	 1	 -42.4413	  172.8345
2.139	 2.23	 1	 -42.0136	  173.6815
2.139	 2.99	 1	 -42.2127	  173.6219
2.140	 2.05	 1	 -42.1556	  173.5701
2.140	 2.49	 1	 -42.4507	  173.2899
2.140	 2.29	 1	 -42.4741	  173.4055
2.140	 2.10	 1	 -42.2516	  173.7556
2.141	 2.11	 1	 -42.5959	  172.7840
2.141	 3.62	 1	 -42.6453	  173.3384
2.141	 2.32	 1	 -42.2879	  173.6532
2.142	 2.10	 1	 -41.7643	  174.2828
2.142	 2.30	 1	 -41.8060	  173.5697
2.143	 3.43	 1	 -39.2526	  179.2836
2.143	 2.89	 1	 -42.0896	  173.8617
2.143	 2.87	 1	 -42.3173	  174.7372
2.143	 2.81	 1	 -42.2690	  173.9300
2.144	 2.05	 1	 -42.7594	  173.2841
2.144	 2.21	 1	 -43.7399	  177.9869
2.144	 2.21	 1	 -42.2355	  173.8369
2.144	 2.13	 1	 -41.8260	  174.2221
2.145	 3.18	 1	 -41.9602	  173.7487
2.145	 2.32	 1	 -42.3257	  173.5763
2.146	 3.02	 1	 -42.0546	  173.7002
2.146	 3.36	 1	 -41.7045	  174.2686
2.146	 2.20	 1	 -42.4143	  173.8151
2.147	 2.61	 1	 -41.8437	  173.4537
2.148	 3.10	 1	 -42.3999	  173.6257
2.149	 2.02	 1	 -41.7721	  174.2862
2.149	 2.35	 1	 -42.8302	  173.0397
2.150	 3.04	 1	 -41.8476	  172.3327
2.150	 2.25	 1	 -42.5824	  173.3024
2.152	 2.22	 1	 -38.8452	  172.6189
2.153	 2.14	 1	 -44.6009	  173.2154
2.153	 2.99	 1	 -41.8615	  174.1252
2.153	 2.63	 1	 -41.6794	  174.3154
2.154	 2.02	 1	 -41.7191	  174.1389
2.154	 2.66	 2	 -41.6829	  174.2099
2.154	 2.11	 1	 -42.6671	  173.0405
2.155	 2.06	 1	 -41.9189	  174.0340
2.155	 2.07	 2	 -41.6451	  174.3662
2.157	 2.70	 1	 -42.1825	  174.0479
2.157	 2.13	 1	 -41.7671	  174.1978
2.157	 2.05	 1	 -42.9417	  172.8568
2.158	 2.34	 1	 -41.7996	  173.9391
2.158	 2.68	 1	 -42.0957	  173.6468
2.161	 2.61	 1	 -41.7631	  173.7266
2.161	 6.21	 1	 -41.9172	  178.3565
2.161	 2.64	 1	 -42.3939	  173.3905
2.161	 2.15	 1	 -41.2452	  174.7554
2.161	 2.57	 1	 -42.3246	  173.7433
2.161	 2.42	 1	 -41.6687	  174.1934
2.161	 2.71	 2	 -42.0433	  178.5445
2.162	 2.04	 1	 -42.5409	  174.1757
2.163	 2.13	 1	 -42.2533	  173.9208
2.163	 2.60	 1	 -42.0567	  173.5370
2.163	 2.25	 1	 -42.2333	  172.8628
2.164	 2.10	 1	 -41.9573	  173.6760
2.164	 2.36	 1	 -42.3486	  173.8053
2.164	 2.35	 2	 -42.4749	  179.0887
2.164	 2.16	 1	 -42.4355	  174.0952
2.165	 2.42	 1	 -42.3002	  174.0122
2.165	 2.22	 1	 -42.3396	  173.8277
2.165	 2.50	 1	 -42.6132	  173.1458
2.165	 2.72	 1	 -42.8867	  173.3280
2.165	 2.27	 1	 -42.1992	  173.5869
2.166	 2.56	 2	 -41.8174	  178.4762
2.166	 2.40	 2	 -41.9311	  178.3502
2.167	 2.23	 2	 -41.7984	  178.7974
2.167	 2.18	 1	 -42.6017	  174.0341
2.167	 2.01	 2	 -41.9023	  178.3752
2.167	 2.49	 1	 -41.7201	  174.1553
2.167	 3.52	 2	 -42.0566	  178.2917
2.167	 2.02	 2	 -41.9239	  178.5041
2.167	 2.41	 1	 -42.1298	  173.7850
2.168	 2.04	 2	 -41.9261	  178.2079
2.168	 2.00	 2	 -41.8660	  178.3239
2.168	 2.91	 2	 -41.5010	  178.8262
2.168	 2.14	 2	 -41.8176	  178.3674
2.168	 2.32	 1	 -42.4048	  174.0213
2.169	 2.32	 1	 -41.6490	  174.2392
2.169	 2.40	 1	 -42.2433	  173.8880
2.170	 2.27	 1	 -42.2977	  173.7718
2.170	 2.41	 2	 -41.1443	  175.6021
2.171	 2.02	 2	 -42.4736	  173.4067
2.171	 2.31	 1	 -41.8149	  174.2867
2.171	 2.02	 1	 -42.6142	  172.9733
2.171	 2.02	 1	 -42.1853	  173.5697
2.172	 2.20	 1	 -41.7049	  174.2319
2.172	 2.31	 1	 -41.6406	  174.8443
2.173	 2.66	 1	 -42.5607	  174.0120
2.173	 2.63	 2	 -41.6200	  177.9173
2.173	 2.14	 1	 -42.3077	  173.6431
2.173	 2.77	 2	 -42.1532	  173.8286
2.173	 2.26	 1	 -42.2469	  173.7465
2.174	 2.28	 1	 -41.5615	  172.5226
2.174	 2.15	 1	 -42.7523	  172.9295
2.174	 2.04	 1	 -41.7597	  174.2221
2.174	 2.22	 1	 -42.2744	  173.8549
2.174	 2.65	 2	 -41.7195	  174.1766
2.174	 2.31	 2	 -41.9167	  178.4092
2.174	 2.15	 2	 -42.1232	  178.6214
2.175	 2.22	 1	 -41.8106	  174.3554
2.175	 3.63	 1	 -42.2837	  173.7251
2.175	 2.94	 1	 -41.7717	  174.1841
2.175	 2.69	 1	 -41.7866	  172.9749
2.176	 2.06	 1	 -42.2960	  173.6709
2.176	 2.04	 2	 -41.8135	  178.2014
2.176	 2.22	 2	 -41.9299	  178.2391
2.176	 2.14	 1	 -42.3155	  174.0165
2.176	 2.16	 1	 -42.6787	  173.3862
2.176	 2.46	 1	 -42.5204	  173.2244
2.177	 2.07	 1	 -42.3648	  173.0325
2.177	 2.27	 1	 -42.4303	  173.1739
2.177	 3.35	 2	 -42.2684	  173.5030
2.178	 4.05	 1	 -42.6251	  172.9178
2.178	 2.59	 1	 -41.7622	  174.3622
2.178	 2.27	 1	 -41.9209	  173.4164
2.178	 2.24	 1	 -42.2467	  173.6859
2.179	 2.43	 1	 -42.3895	  173.6629
2.179	 2.26	 1	 -41.7606	  174.1202
2.180	 2.12	 2	 -42.0487	  178.1607
2.180	 2.11	 1	 -41.6973	  174.1784
2.180	 2.56	 3	 -42.0433	  178.1645
2.180	 2.48	 1	 -42.6744	  172.8441
2.180	 2.21	 2	 -41.8700	  178.3735
2.180	 2.24	 1	 -42.3623	  173.9091
2.180	 2.07	 2	 -41.9980	  178.6811
2.181	 2.29	 2	 -42.0218	  178.4617
2.182	 2.28	 1	 -42.2867	  174.9106
2.183	 2.25	 2	 -41.9365	  178.4343
2.183	 2.45	 1	 -41.7304	  174.2046
2.183	 2.06	 2	 -41.9400	  178.3002
2.183	 2.25	 1	 -41.7516	  174.2479
2.184	 2.39	 1	 -42.4229	  173.2874
2.184	 2.06	 2	 -41.7433	  177.9724
2.184	 4.00	 2	 -41.8821	  178.1695
2.184	 2.18	 1	 -41.7063	  174.2124
2.185	 2.24	 2	 -41.8176	  178.3540
2.185	 2.68	 1	 -41.7029	  174.2191
2.186	 3.06	 1	 -42.7773	  172.7416
2.186	 2.96	 1	 -42.4087	  173.5352
2.186	 2.64	 1	 -42.5579	  174.0906
2.187	 2.08	 1	 -42.2570	  173.0181
2.187	 2.09	 2	 -42.6201	  178.2440
2.188	 2.26	 1	 -42.7162	  173.1102
2.188	 2.39	 2	 -42.2473	  174.0382
2.188	 2.35	 2	 -42.2113	  177.4288
2.189	 2.72	 2	 -41.8957	  178.3088
2.189	 2.18	 1	 -43.1453	  175.1474
2.189	 2.05	 1	 -42.1130	  174.8977
2.190	 2.04	 1	 -41.6773	  174.2364
2.190	 2.06	 1	 -42.3741	  174.0887
2.191	 3.19	 1	 -42.3198	  173.6314
2.191	 2.04	 1	 -42.2767	  173.8342
2.191	 2.30	 1	 -42.2831	  173.4956
2.192	 2.05	 1	 -41.6632	  174.3231
2.192	 2.74	 1	 -43.3039	  173.3690
2.193	 3.06	 2	 -42.3314	  178.3510
2.193	 2.85	 1	 -42.2004	  173.7899
2.195	 3.67	 1	 -42.4233	  173.0694
2.195	 2.10	 1	 -42.4388	  173.7821
2.195	 2.26	 2	 -41.8407	  178.5372
2.196	 3.72	 2	 -41.9190	  178.4249
2.196	 2.28	 1	 -42.3070	  173.9520
2.196	 2.14	 2	 -42.0122	  178.8446
2.196	 2.23	 1	 -42.5624	  173.0891
2.197	 2.13	 1	 -42.5650	  172.6319
2.198	 2.35	 1	 -41.8415	  174.0235
2.198	 2.35	 1	 -42.2813	  173.7885
2.199	 2.45	 1	 -42.4481	  174.0098
2.199	 2.82	 1	 -42.5075	  173.1804
2.200	 2.16	 2	 -38.6001	  174.2766
2.200	 2.21	 1	 -43.6030	  169.5345
2.200	 2.83	 1	 -42.7295	  172.6855
2.201	 2.07	 2	 -42.0193	  178.4257
2.202	 2.02	 1	 -42.7524	  172.9421
2.202	 2.09	 1	 -42.4704	  173.2054
2.203	 2.01	 1	 -42.5283	  173.1922
2.203	 2.68	 2	 -42.0778	  179.1092
2.203	 2.47	 1	 -41.7745	  174.3807
2.203	 2.86	 1	 -41.5248	  174.3143
2.204	 3.03	 1	 -42.1876	  173.6549
2.204	 3.19	 2	 -41.5486	  178.5231
2.204	 2.23	 2	 -41.9512	  178.3883
2.204	 2.68	 1	 -42.3986	  173.1473
2.204	 2.22	 2	 -41.7764	  178.6884
2.204	 2.07	 2	 -42.6276	  180.7137
2.204	 2.26	 2	 -41.9524	  178.3774
2.205	 2.28	 1	 -41.6481	  174.1730
2.206	 2.02	 2	 -41.5474	  177.8374
2.206	 3.03	 1	 -42.3085	  174.0419
2.206	 2.26	 1	 -42.2322	  174.2308
2.206	 2.63	 1	 -42.3147	  173.8879
2.207	 2.15	 1	 -42.4784	  173.9853
2.207	 2.50	 1	 -42.2748	  173.8459
2.207	 2.15	 2	 -41.9693	  177.8844
2.207	 2.21	 1	 -42.5906	  172.9821
2.208	 2.19	 2	 -42.0957	  178.4615
2.208	 2.09	 1	 -42.3767	  173.0887
2.208	 2.06	 1	 -42.3415	  173.5918
2.208	 2.27	 1	 -41.7565	  174.1132
2.209	 2.29	 2	 -41.9106	  178.1724
2.209	 2.56	 1	 -42.5376	  173.1173
2.209	 2.14	 1	 -42.2768	  173.6575
2.209	 3.28	 2	 -42.6150	  172.9137
2.210	 2.01	 2	 -41.7119	  178.2941
2.210	 2.63	 2	 -42.0524	  178.5056
2.210	 2.16	 1	 -42.4374	  173.5012
2.211	 4.69	 1	 -42.2086	  173.6379
2.211	 2.41	 1	 -42.3470	  172.7389
2.211	 2.32	 1	 -42.2929	  173.8865
2.211	 2.93	 1	 -41.5273	  174.1876
2.211	 2.10	 2	 -41.9520	  178.3730
2.212	 2.08	 1	 -41.9430	  174.2338
2.212	 2.32	 2	 -41.9834	  178.3765
2.213	 2.29	 1	 -42.5609	  174.4072
2.213	 2.37	 1	 -42.5064	  173.7304
2.213	 3.55	 1	 -42.3422	  173.8247
2.213	 4.24	 1	 -42.2725	  173.8120
2.214	 3.92	 1	 -42.3281	  173.8934
2.214	 2.68	 1	 -41.8893	  174.3900
2.214	 2.06	 1	 -41.9237	  174.0249
2.214	 2.79	 1	 -41.5263	  174.0151
2.214	 3.16	 2	 -41.8942	  178.3120
2.214	 2.47	 2	 -42.1880	  173.6517
2.214	 4.26	 2	 -41.7990	  178.3961
2.215	 2.39	 1	 -41.7459	  174.0374
2.215	 2.37	 3	 -41.7888	  178.4163
2.215	 3.76	 2	 -42.4520	  172.9214
2.216	 2.10	 2	 -42.0346	  178.2832
2.216	 3.84	 2	 -41.9439	  178.3840
2.216	 2.37	 1	 -41.8394	  174.2211
2.216	 2.09	 2	 -41.7785	  178.1396
2.216	 2.12	 1	 -41.7098	  174.1548
2.216	 2.12	 2	 -42.0214	  178.2791
2.217	 3.11	 1	 -42.2989	  173.0929
2.217	 2.05	 2	 -41.7878	  178.4404
2.217	 2.03	 1	 -38.4630	  170.8566
2.217	 2.80	 1	 -41.9144	  174.0954
2.218	 2.62	 1	 -42.0642	  173.7318
2.218	 2.04	 1	 -42.3873	  173.5720
2.219	 2.32	 2	 -41.8776	  178.1212
2.219	 2.04	 1	 -42.4397	  173.7410
2.219	 2.83	 1	 -41.4767	  172.8154
2.220	 2.11	 2	 -41.8813	  178.2721
2.220	 2.18	 1	 -42.1739	  173.6796
2.220	 2.17	 1	 -41.7775	  174.1107
2.220	 2.84	 1	 -41.7822	  174.1955
2.220	 2.46	 2	 -42.0028	  178.3676
2.220	 3.00	 2	 -41.3045	  178.3710
2.221	 2.50	 1	 -40.1700	  174.4530
2.221	 2.52	 2	 -41.9532	  178.3838
2.221	 2.96	 1	 -42.5287	  173.0536
2.221	 2.58	 1	 -41.7089	  174.2374
2.221	 2.50	 1	 -42.5634	  172.9067
2.222	 2.13	 1	 -42.3545	  173.6615
2.222	 2.45	 2	 -41.9982	  178.3953
2.222	 2.14	 2	 -41.8855	  178.2627
2.223	 3.32	 1	 -42.4955	  173.2103
2.223	 2.64	 1	 -42.3316	  173.4124
2.223	 2.17	 2	 -41.9294	  178.3457
2.223	 3.47	 2	 -41.5420	  178.6946
2.223	 4.82	 2	 -41.9136	  178.3565
2.223	 2.39	 1	 -42.6108	  173.0565
2.224	 2.22	 1	 -42.6550	  172.8563
2.224	 3.19	 1	 -42.2299	  173.7026
2.224	 2.66	 1	 -42.4376	  173.0451
2.224	 2.04	 1	 -42.2917	  173.5114
2.224	 2.37	 2	 -42.5574	  173.0780
2.224	 2.85	 1	 -43.3874	  173.1707
2.224	 2.25	 2	 -42.2752	  178.4941
2.225	 2.13	 1	 -41.6788	  174.3101
2.225	 2.37	 2	 -41.8028	  178.1555
2.226	 2.08	 1	 -41.7454	  174.3164
2.226	 2.40	 1	 -42.3693	  173.8739
2.226	 2.30	 1	 -43.3948	  176.3390
2.226	 2.24	 1	 -42.5117	  173.2331
2.226	 2.30	 1	 -42.7608	  173.0441
2.227	 3.41	 1	 -42.5160	  173.3431
2.229	 2.26	 1	 -42.0523	  173.2066
2.229	 2.17	 1	 -42.5879	  172.9707
2.229	 2.81	 1	 -42.8382	  173.1682
2.229	 2.34	 1	 -42.2182	  173.8657
2.229	 2.12	 1	 -42.3142	  173.6308
2.229	 2.05	 1	 -42.5540	  172.7765
2.230	 2.02	 2	 -41.9098	  178.3589
2.230	 2.80	 1	 -41.7422	  174.3199
2.231	 2.39	 2	 -41.9673	  178.4305
2.231	 2.01	 1	 -43.4210	  175.0864
2.232	 3.25	 1	 -42.3614	  173.7197
2.233	 2.45	 2	 -41.8870	  177.6366
2.233	 3.04	 1	 -42.0480	  173.6906
2.233	 2.64	 2	 -41.9275	  178.5518
2.233	 2.70	 1	 -41.6840	  174.1981
2.234	 2.23	 1	 -41.6368	  174.1358
2.235	 2.05	 1	 -42.4740	  172.8375
2.236	 4.11	 1	 -42.4495	  173.9847
2.236	 2.28	 1	 -41.6969	  174.2518
2.236	 2.12	 2	 -41.6361	  178.5567
2.237	 2.44	 1	 -42.4343	  173.2729
2.237	 2.34	 1	 -42.6116	  172.9670
2.237	 2.01	 1	 -41.6095	  174.3462
2.237	 3.40	 1	 -42.9566	  173.1756
2.237	 2.03	 2	 -41.9077	  178.2961
2.238	 2.13	 1	 -41.6797	  174.2967
2.238	 2.51	 1	 -42.7425	  174.3007
2.238	 2.70	 1	 -41.7823	  174.3223
2.238	 3.34	 1	 -41.6286	  174.3098
2.238	 2.10	 1	 -42.3113	  173.8945
2.239	 2.25	 1	 -41.7259	  174.2693
2.239	 3.75	 1	 -41.8755	  173.7805
2.239	 2.04	 1	 -42.1753	  173.5327
2.239	 2.34	 1	 -41.6902	  174.2799
2.239	 3.47	 2	 -41.8981	  178.3927
2.240	 2.71	 1	 -42.8113	  174.9467
2.240	 2.22	 2	 -42.0289	  178.4037
2.240	 2.03	 2	 -41.8461	  173.7655
2.241	 2.17	 2	 -41.6718	  178.5857
2.241	 2.06	 2	 -41.9653	  178.1562
2.242	 2.18	 2	 -41.9793	  178.2574
2.242	 2.79	 2	 -41.8525	  178.4671
2.242	 2.24	 1	 -42.5491	  173.4070
2.243	 2.14	 1	 -42.1526	  174.4931
2.243	 2.49	 1	 -42.0057	  173.7622
2.243	 2.57	 1	 -42.8899	  172.9321
2.244	 2.44	 2	 -41.9422	  178.3303
2.244	 3.13	 1	 -42.3118	  173.8458
2.245	 2.01	 1	 -41.6590	  174.3062
2.245	 2.23	 1	 -42.4688	  172.8931
2.245	 4.07	 1	 -42.4597	  173.0408
2.245	 2.75	 3	 -41.9196	  178.3768
2.245	 2.46	 1	 -41.6823	  174.3128
2.246	 2.19	 2	 -41.7630	  178.5285
2.246	 2.62	 1	 -46.3493	  171.1871
2.247	 2.52	 1	 -41.6423	  174.2879
2.247	 2.23	 2	 -42.1889	  178.8649
2.247	 2.40	 2	 -41.8586	  178.3628
2.247	 2.69	 2	 -42.1759	  173.5536
2.247	 2.00	 3	 -41.1715	  178.6931
2.247	 2.61	 3	 -42.0447	  178.5449
2.248	 2.17	 2	 -41.8795	  178.3059
2.249	 2.25	 1	 -42.7882	  172.7560
2.249	 2.33	 1	 -42.3356	  173.0742
2.250	 2.05	 2	 -41.9568	  178.3231
2.250	 2.02	 2	 -41.9540	  178.3475
2.250	 2.98	 1	 -42.7068	  172.8777
2.251	 2.25	 1	 -41.5144	  174.2404
2.251	 2.24	 1	 -42.2108	  173.3991
2.251	 2.17	 1	 -42.3738	  173.8825
2.251	 2.10	 2	 -41.9077	  178.0656
2.251	 2.51	 2	 -42.3310	  173.3626
2.252	 2.36	 1	 -41.9249	  172.9907
2.252	 2.56	 2	 -41.5370	  178.4017
2.252	 2.62	 3	 -41.7904	  178.4507
2.252	 2.31	 1	 -41.7820	  173.5092
2.252	 2.46	 2	 -41.8981	  178.1505
2.253	 2.20	 3	 -41.8215	  178.3681
2.253	 2.09	 1	 -42.4630	  173.3013
2.253	 2.43	 1	 -41.7089	  174.2307
2.254	 2.44	 1	 -42.3887	  173.8483
2.254	 2.24	 1	 -42.7337	  173.1081
2.254	 2.23	 1	 -42.3036	  173.7361
2.254	 2.64	 1	 -41.7086	  174.2520
2.254	 2.63	 1	 -42.5792	  173.1709
2.254	 2.49	 1	 -42.4116	  173.2435
2.255	 2.26	 1	 -42.5142	  173.0873
2.255	 2.58	 3	 -42.2890	  173.6429
2.256	 2.18	 2	 -41.9092	  178.3629
2.256	 2.20	 3	 -41.9532	  178.3508
2.256	 2.09	 1	 -41.7055	  174.1715
2.256	 2.65	 3	 -41.8916	  178.2051
2.256	 3.05	 1	 -42.5466	  173.2080
2.256	 2.98	 1	 -41.9988	  173.7182
2.257	 3.33	 2	 -42.0130	  178.3914
2.257	 2.50	 1	 -42.3185	  173.8280
2.257	 2.49	 2	 -42.2579	  173.5203
2.258	 2.01	 1	 -41.6539	  174.1703
2.258	 2.58	 1	 -41.9748	  173.9953
2.258	 2.00	 1	 -42.3181	  173.5341
2.259	 2.00	 1	 -42.5561	  173.5921
2.259	 2.72	 2	 -42.1230	  178.2827
2.259	 2.08	 1	 -41.7308	  174.1926
2.259	 2.07	 1	 -42.6235	  172.9965
2.259	 2.32	 1	 -41.6684	  174.1927
2.259	 2.21	 2	 -41.7189	  178.5392
2.260	 2.63	 1	 -41.9320	  174.1014
2.260	 2.44	 1	 -42.7364	  172.9382
2.260	 2.21	 2	 -41.9621	  178.3425
2.261	 2.35	 1	 -42.4196	  173.2058
2.261	 2.23	 2	 -41.9736	  178.5042
2.261	 2.18	 1	 -42.2154	  173.5758
2.262	 2.85	 2	 -41.9786	  178.3382
2.262	 2.24	 1	 -42.6904	  173.6414
2.262	 2.21	 2	 -41.9192	  178.4006
2.263	 2.98	 3	 -41.7958	  178.6659
2.263	 2.11	 1	 -41.6989	  174.2329
2.264	 2.07	 1	 -41.8429	  174.0823
2.264	 2.53	 1	 -42.1631	  173.5968
2.264	 2.80	 1	 -42.6976	  173.0513
2.265	 2.33	 1	 -42.7753	  172.9760
2.266	 2.16	 1	 -42.4087	  173.8747
2.266	 2.00	 2	 -41.9580	  178.3802
2.266	 2.10	 2	 -42.2085	  173.6213
2.266	 2.86	 1	 -41.7949	  173.9341
2.267	 2.29	 2	 -41.8589	  178.2182
2.268	 2.65	 1	 -42.7068	  173.0951
2.269	 2.08	 1	 -42.3416	  174.0357
2.269	 2.32	 1	 -44.1031	  178.8311
2.269	 2.42	 1	 -42.3734	  173.5478
2.270	 2.53	 2	 -42.0644	  178.3662
2.270	 3.11	 1	 -42.2090	  173.5381
2.271	 2.34	 1	 -42.3873	  173.8891
2.271	 2.66	 2	 -41.8117	  178.5110
2.272	 2.12	 1	 -42.4810	  173.2428
2.273	 2.18	 1	 -42.6380	  173.0202
2.273	 2.35	 2	 -41.8305	  178.3453
2.273	 2.18	 1	 -42.4543	  174.0574
2.273	 2.28	 2	 -41.8117	  178.3070
2.273	 2.71	 2	 -42.5920	  172.7842
2.273	 2.88	 2	 -42.4972	  173.1309
2.273	 2.10	 2	 -41.7717	  178.6226
2.274	 2.30	 1	 -42.5654	  173.8582
2.274	 2.66	 1	 -42.7381	  172.3602
2.275	 3.10	 1	 -42.3339	  173.7457
2.275	 2.90	 2	 -43.8987	  175.4390
2.275	 2.26	 1	 -41.7690	  174.0360
2.275	 2.28	 1	 -41.7201	  174.3264
2.275	 2.22	 1	 -41.6931	  174.2045
2.275	 2.34	 1	 -42.2986	  173.7771
2.275	 2.73	 2	 -41.8185	  178.3095
2.276	 2.32	 2	 -42.0142	  178.2711
2.277	 2.08	 2	 -42.2619	  173.4457
2.279	 2.29	 2	 -42.0290	  178.5574
2.280	 2.53	 1	 -42.6129	  173.1180
2.280	 2.25	 1	 -42.2821	  173.8996
2.280	 2.75	 1	 -42.3505	  173.0321
2.280	 2.13	 2	 -41.8854	  178.6140
2.281	 2.00	 1	 -42.3104	  173.8205
2.281	 2.19	 1	 -41.6932	  174.2167
2.281	 2.17	 1	 -41.7560	  174.1943
2.281	 2.03	 2	 -41.8324	  178.5311
2.284	 2.68	 1	 -41.6779	  174.4093
2.284	 2.08	 2	 -42.0812	  178.4146
2.284	 2.37	 1	 -41.6975	  174.2661
2.284	 2.10	 2	 -41.8828	  178.3435
2.284	 2.57	 1	 -42.1380	  173.6296
2.284	 2.25	 1	 -42.8228	  173.0132
2.284	 2.23	 1	 -41.7802	  174.1285
2.285	 2.79	 1	 -42.4645	  173.7883
2.286	 2.30	 1	 -42.4464	  173.7320
2.286	 2.90	 1	 -41.6895	  174.2819
2.286	 2.01	 1	 -42.2996	  173.8176
2.287	 2.45	 1	 -42.0416	  173.9810
2.288	 2.07	 1	 -41.9879	  173.6620
2.288	 2.48	 2	 -41.9267	  178.3729
2.289	 2.01	 2	 -41.9904	  174.0624
2.289	 2.47	 1	 -42.2144	  173.5858
2.289	 2.13	 1	 -42.1420	  173.8625
2.290	 2.21	 1	 -41.8640	  174.1291
2.291	 2.04	 1	 -42.0039	  173.8047
2.291	 3.38	 2	 -41.9278	  178.3661
2.293	 2.90	 1	 -42.4565	  173.7485
2.293	 2.03	 2	 -42.2868	  173.5672
2.293	 2.46	 1	 -42.2433	  173.7242
2.295	 2.15	 1	 -42.5186	  173.0835
2.295	 2.09	 1	 -41.7062	  174.2934
2.295	 2.26	 2	 -41.9113	  178.3171
2.295	 2.73	 1	 -41.1758	  172.8809
2.295	 2.23	 1	 -42.2758	  174.1135
2.296	 2.15	 1	 -41.6138	  174.2309
2.297	 2.23	 1	 -42.2753	  173.6522
2.298	 2.06	 2	 -41.9964	  178.1656
2.298	 2.45	 2	 -41.8958	  177.8878
2.298	 2.07	 1	 -42.9208	  173.5192
2.299	 2.35	 2	 -42.3319	  173.0816
2.300	 2.14	 1	 -41.6800	  174.1791
2.300	 2.13	 2	 -41.9461	  178.4544
2.301	 2.01	 1	 -41.9189	  174.3837
2.301	 2.96	 1	 -42.0972	  178.3728
2.303	 2.17	 1	 -42.5809	  173.1601
2.303	 2.27	 1	 -42.6328	  173.1116
2.304	 2.69	 1	 -41.7049	  174.3580
2.304	 2.15	 1	 -42.2577	  173.9210
2.304	 2.01	 1	 -42.3325	  173.7231
2.305	 2.09	 1	 -42.3788	  174.1251
2.305	 2.15	 2	 -42.5137	  173.3375
2.306	 2.16	 1	 -41.8970	  174.2903
2.306	 2.91	 1	 -40.9400	  174.6377
2.306	 2.16	 1	 -42.2898	  173.6396
2.307	 2.08	 1	 -41.7148	  174.2020
2.307	 2.42	 2	 -42.2758	  173.4930
2.307	 2.34	 1	 -42.6416	  173.5969
2.307	 2.26	 1	 -41.6504	  174.3200
2.308	 2.18	 1	 -42.6650	  172.8009
2.308	 2.90	 2	 -41.9919	  178.2968
2.308	 2.05	 2	 -41.8643	  178.4527
2.309	 2.36	 2	 -42.0316	  178.3882
2.310	 2.19	 2	 -41.9577	  178.3692
2.311	 2.08	 1	 -42.4739	  173.4471
2.311	 2.90	 2	 -42.8209	  173.0142
2.312	 4.55	 1	 -42.4069	  173.8159
2.312	 2.47	 2	 -42.0078	  178.4015
2.312	 2.21	 2	 -41.4963	  177.8271
2.312	 2.04	 3	 -41.9272	  178.5509
2.313	 2.14	 2	 -41.8633	  178.3544
2.313	 2.99	 1	 -42.3170	  173.9283
2.313	 3.10	 1	 -42.4429	  173.5311
2.314	 2.41	 1	 -42.7088	  173.9759
2.314	 2.05	 2	 -41.8371	  178.3824
2.314	 2.05	 1	 -41.8106	  174.0217
2.314	 3.15	 1	 -42.5998	  172.9017
2.315	 2.31	 1	 -42.2302	  173.6085
2.315	 2.15	 1	 -42.4458	  174.0830
2.315	 2.69	 1	 -42.4762	  173.4685
2.316	 2.00	 1	 -41.4078	  173.9747
2.316	 3.83	 2	 -42.0205	  178.5251
2.316	 2.19	 1	 -43.0717	  173.6926
2.316	 3.01	 1	 -42.0179	  172.6558
2.316	 2.30	 1	 -42.0659	  174.0224
2.317	 2.45	 1	 -43.3567	  173.0214
2.317	 3.06	 1	 -42.3441	  174.0557
2.318	 2.17	 2	 -42.4177	  173.8258
2.318	 2.07	 1	 -42.4163	  173.1885
2.318	 2.11	 2	 -42.1097	  177.9501
2.319	 3.33	 1	 -42.2874	  173.9348
2.319	 2.47	 1	 -41.8030	  174.2866
2.319	 2.40	 1	 -42.3268	  173.7345
2.319	 2.10	 1	 -41.8753	  174.2713
2.320	 3.63	 2	 -42.3123	  173.4975
2.321	 2.29	 2	 -42.3789	  177.2336
2.321	 2.01	 1	 -41.6727	  174.1436
2.322	 2.06	 2	 -42.4021	  173.6813
2.322	 2.48	 1	 -42.0597	  172.8242
2.323	 2.43	 1	 -42.5159	  174.0684
2.323	 2.02	 1	 -42.3056	  173.6729
2.323	 2.06	 1	 -41.9731	  173.6768
2.324	 2.55	 2	 -41.8726	  178.2729
2.324	 2.28	 1	 -42.5272	  173.1836
2.325	 3.58	 1	 -41.6651	  174.2310
2.325	 2.29	 1	 -42.4213	  173.8052
2.326	 2.15	 3	 -41.7168	  174.2824
2.326	 2.69	 1	 -42.3884	  173.9003
2.326	 2.48	 1	 -42.5406	  173.1807
2.327	 2.44	 1	 -41.9611	  173.6710
2.327	 2.09	 2	 -41.9680	  178.3303
2.328	 2.30	 2	 -41.8699	  178.2970
2.328	 2.36	 1	 -42.3724	  173.8090
2.328	 2.27	 1	 -41.6530	  174.2627
2.329	 2.20	 2	 -42.4364	  177.0795
2.329	 2.07	 1	 -42.1400	  173.7252
2.329	 2.16	 2	 -41.6978	  174.3599
2.329	 2.24	 2	 -41.9207	  178.3793
2.330	 2.27	 1	 -42.2614	  173.9029
2.330	 5.10	 2	 -41.9649	  178.2320
2.331	 2.18	 4	 -41.7147	  174.2772
2.333	 2.47	 1	 -41.9100	  173.8375
2.333	 2.02	 2	 -42.2757	  174.1080
2.334	 2.49	 2	 -41.9722	  178.5021
2.334	 2.61	 2	 -42.3362	  174.1527
2.335	 2.70	 1	 -42.2797	  173.3772
2.335	 2.09	 1	 -41.6736	  174.1552
2.335	 2.31	 1	 -42.9062	  173.0650
2.335	 2.92	 1	 -41.6253	  174.1387
2.336	 2.01	 2	 -41.9121	  178.4257
2.336	 2.12	 1	 -42.1964	  173.9604
2.336	 2.13	 1	 -42.3978	  173.7269
2.336	 2.20	 2	 -41.6760	  174.1738
2.336	 2.26	 1	 -42.0679	  176.6526
2.337	 2.17	 1	 -41.7815	  174.3132
2.337	 2.21	 3	 -42.4524	  177.2677
2.337	 2.11	 1	 -42.7394	  172.8231
2.338	 2.20	 2	 -41.8974	  178.3630
2.338	 2.06	 1	 -41.7151	  174.3596
2.338	 2.57	 1	 -41.7708	  174.2007
2.338	 3.28	 1	 -41.8877	  174.1812
2.339	 2.89	 1	 -42.3050	  173.7771
2.339	 2.25	 1	 -42.1869	  173.5053
2.340	 2.15	 1	 -41.8666	  173.9032
2.340	 2.52	 1	 -42.2850	  173.6643
2.341	 2.06	 1	 -41.5900	  172.7064
2.341	 2.81	 1	 -42.6491	  173.0467
2.341	 2.51	 1	 -41.8854	  174.1650
2.341	 2.23	 1	 -42.3707	  173.7496
2.341	 2.26	 1	 -42.2546	  173.6287
2.343	 2.45	 1	 -41.8140	  174.2258
2.344	 2.12	 1	 -41.7140	  174.2085
2.344	 3.20	 1	 -41.5430	  174.4296
2.345	 2.41	 1	 -42.6452	  174.3458
2.346	 2.08	 2	 -41.6914	  174.2218
2.347	 2.29	 1	 -41.6473	  174.4467
2.348	 2.57	 2	 -41.4448	  178.6071
2.348	 2.56	 2	 -41.8619	  178.2599
2.348	 2.23	 1	 -41.8788	  173.6948
2.349	 2.20	 1	 -42.6687	  172.7359
2.349	 2.11	 2	 -41.9468	  178.3301
2.349	 3.45	 1	 -41.8353	  174.3216
2.349	 2.11	 1	 -42.3196	  173.0246
2.349	 2.54	 2	 -42.1122	  178.4477
2.350	 2.26	 1	 -41.9585	  174.0703
2.352	 2.09	 1	 -42.5354	  173.5677
2.352	 2.91	 2	 -41.0660	  177.2296
2.353	 2.26	 2	 -41.5694	  177.1790
2.353	 2.43	 2	 -41.9753	  178.3935
2.353	 2.37	 1	 -42.2453	  173.9245
2.353	 2.13	 1	 -42.5539	  173.1429
2.354	 2.07	 1	 -41.6656	  174.3138
2.354	 2.93	 3	 -41.9807	  178.2464
2.355	 2.17	 1	 -42.3618	  173.9114
2.355	 2.39	 3	 -41.9410	  178.3888
2.356	 2.09	 1	 -42.0373	  173.6553
2.356	 2.09	 1	 -41.7885	  174.2949
2.357	 2.18	 1	 -41.8140	  174.2130
2.357	 2.21	 1	 -42.8259	  172.7088
2.358	 2.47	 1	 -42.5479	  172.8148
2.359	 2.49	 1	 -41.7660	  173.6089
2.360	 3.15	 2	 -41.7921	  174.3051
2.361	 2.10	 1	 -41.8230	  174.3008
2.361	 2.57	 1	 -42.7225	  172.7802
2.362	 3.07	 1	 -42.2412	  173.4500
2.363	 2.23	 1	 -43.5303	  172.1334
2.363	 2.44	 2	 -41.8745	  178.5909
2.363	 3.52	 1	 -42.2497	  173.5715
2.364	 4.13	 1	 -42.4475	  173.4508
2.364	 2.00	 1	 -42.3824	  173.3947
2.364	 2.89	 1	 -42.3047	  173.6207
2.364	 2.62	 2	 -41.8178	  178.6185
2.365	 3.50	 1	 -42.6163	  173.0575
2.366	 2.05	 1	 -42.6531	  172.9363
2.366	 2.14	 1	 -42.3615	  173.1252
2.367	 2.36	 1	 -42.6073	  172.9515
2.367	 2.97	 1	 -41.7943	  174.2339
2.368	 2.64	 2	 -41.8299	  178.8239
2.368	 2.19	 2	 -41.8013	  178.1013
2.369	 2.05	 2	 -41.8720	  178.4805
2.369	 2.59	 1	 -42.6835	  173.2536
2.369	 2.01	 2	 -42.2022	  178.4786
2.370	 2.10	 1	 -42.0932	  172.6298
2.370	 2.18	 1	 -42.3608	  173.5091
2.370	 2.59	 1	 -41.6851	  174.1196
2.371	 2.66	 2	 -41.7823	  174.1772
2.371	 2.01	 1	 -42.5342	  173.1356
2.371	 2.41	 1	 -42.2082	  173.9918
2.372	 2.24	 1	 -41.7347	  174.2672
2.372	 3.08	 1	 -41.7442	  174.4428
2.373	 2.09	 1	 -42.3933	  173.5502
2.373	 2.17	 1	 -42.0664	  172.1419
2.373	 2.27	 1	 -41.7356	  174.3482
2.373	 2.12	 1	 -42.4692	  173.5445
2.374	 2.07	 2	 -41.6490	  178.2032
2.374	 2.32	 3	 -41.9532	  178.2395
2.375	 2.24	 2	 -41.9156	  177.9348
2.375	 2.02	 1	 -41.9935	  173.2232
2.375	 2.06	 1	 -41.9227	  173.6442
2.376	 3.43	 1	 -42.3660	  173.6476
2.376	 2.46	 2	 -41.9358	  178.2106
2.376	 2.11	 1	 -41.9333	  172.0072
2.376	 2.18	 2	 -41.8873	  178.5020
2.377	 2.27	 1	 -42.3012	  173.8087
2.377	 3.01	 1	 -42.4778	  173.4704
2.378	 2.10	 3	 -41.9625	  178.3023
2.378	 2.28	 2	 -41.9542	  178.2031
2.378	 2.72	 2	 -37.6574	  180.2919
2.379	 2.03	 1	 -41.7697	  174.4489
2.379	 2.18	 2	 -42.1449	  178.6202
2.379	 2.59	 2	 -41.9376	  178.3293
2.380	 2.55	 2	 -42.0553	  178.5483
2.380	 2.09	 2	 -41.8690	  178.1492
2.380	 2.36	 2	 -41.8496	  178.2900
2.381	 2.02	 1	 -42.2199	  173.6425
2.381	 2.19	 2	 -42.3491	  173.8479
2.382	 2.35	 2	 -42.6160	  172.9042
2.382	 2.08	 1	 -42.5245	  173.1424
2.382	 2.32	 1	 -41.9285	  173.9451
2.382	 2.27	 1	 -41.9025	  174.1923
2.382	 2.61	 1	 -42.5007	  173.2560
2.383	 4.33	 1	 -41.9419	  173.7066
2.383	 2.55	 2	 -41.6697	  178.5181
2.385	 2.81	 1	 -42.2569	  173.6410
2.385	 2.02	 1	 -42.2060	  174.2765
2.386	 2.52	 1	 -41.7269	  174.3983
2.386	 2.31	 1	 -42.3898	  174.0184
2.386	 4.28	 2	 -42.4789	  173.4150
2.387	 4.49	 2	 -41.9799	  178.5074
2.389	 2.26	 2	 -41.9060	  178.3516
2.389	 2.74	 1	 -42.2543	  174.1025
2.390	 2.31	 1	 -41.6383	  174.3181
2.391	 2.56	 1	 -42.3044	  173.8092
2.391	 2.04	 1	 -43.2660	  175.2677
2.391	 2.17	 1	 -42.3828	  174.1217
2.391	 2.23	 1	 -42.1481	  179.2179
2.392	 2.19	 1	 -41.7146	  174.1891
2.393	 2.38	 2	 -42.4211	  173.7896
2.394	 2.09	 1	 -42.0334	  173.7221
2.394	 2.64	 2	 -42.5189	  173.0024
2.394	 2.29	 2	 -42.2244	  178.4923
2.395	 4.21	 1	 -42.5484	  173.0070
2.395	 2.99	 1	 -41.6896	  174.3681
2.396	 2.62	 1	 -42.6452	  173.2651
2.396	 2.20	 1	 -41.7368	  173.3036
2.396	 2.02	 1	 -42.3953	  174.0339
2.397	 2.71	 2	 -42.3684	  173.6372
2.397	 2.49	 1	 -42.6897	  172.8508
2.397	 3.41	 2	 -41.9422	  178.3501
2.397	 2.59	 1	 -42.3171	  173.8425
2.397	 2.78	 1	 -43.5813	  177.1369
2.397	 2.41	 1	 -41.0046	  171.3440
2.397	 2.31	 2	 -41.9069	  178.3009
2.397	 2.09	 1	 -42.3554	  173.9455
2.399	 2.34	 1	 -42.0677	  172.1685
2.399	 2.16	 1	 -41.8455	  174.1906
2.399	 2.24	 1	 -41.7863	  174.3189
2.399	 2.02	 2	 -42.3866	  173.7811
2.400	 2.66	 2	 -41.8157	  178.3354
2.400	 2.33	 1	 -42.2032	  173.6387
2.401	 2.75	 1	 -42.0994	  173.7211
2.401	 4.31	 1	 -41.9289	  174.0244
2.403	 2.50	 1	 -42.6129	  173.7199
2.404	 2.50	 3	 -42.0412	  178.5761
2.404	 2.13	 1	 -42.2545	  173.8003
2.407	 2.45	 1	 -42.3127	  173.3362
2.408	 2.27	 1	 -41.7159	  174.3094
2.408	 2.60	 1	 -42.3566	  173.9776
2.408	 3.10	 2	 -41.8256	  178.1258
2.409	 2.54	 1	 -42.2609	  173.9165
2.409	 2.48	 1	 -42.5920	  173.1894
2.409	 2.49	 1	 -42.2587	  173.9246
2.409	 2.04	 1	 -42.3238	  173.8809
2.409	 2.16	 1	 -42.3672	  173.9915
2.410	 2.40	 3	 -41.6767	  174.2203
2.410	 2.98	 1	 -42.3783	  174.0215
2.411	 2.68	 1	 -42.3631	  174.0087
2.411	 2.06	 2	 -42.0787	  178.5232
2.412	 2.36	 1	 -42.6756	  172.8892
2.412	 2.91	 1	 -42.2847	  173.5818
2.413	 2.40	 1	 -42.4690	  172.8147
2.414	 2.15	 3	 -42.1664	  178.4650
2.414	 2.51	 1	 -42.8297	  173.0990
2.414	 2.45	 1	 -42.7377	  172.9117
2.415	 2.07	 1	 -41.6785	  174.2535
2.416	 2.43	 1	 -42.3437	  173.9389
2.417	 2.38	 1	 -41.7890	  174.2441
2.417	 2.32	 1	 -42.3220	  173.9035
2.417	 2.11	 1	 -41.8107	  174.3979
2.417	 2.41	 1	 -42.2842	  173.8783
2.418	 2.39	 1	 -42.2920	  173.7174
2.418	 3.73	 1	 -42.3837	  174.0254
2.418	 2.31	 1	 -41.8489	  174.3143
2.418	 2.21	 2	 -41.9888	  178.2824
2.419	 2.35	 1	 -42.4328	  173.4487
2.419	 2.10	 2	 -42.2030	  173.6389
2.419	 2.70	 1	 -42.3993	  173.8023
2.419	 2.07	 1	 -42.0115	  173.9374
2.420	 2.08	 1	 -41.7142	  174.2401
2.420	 2.12	 1	 -42.3285	  174.0452
2.420	 2.33	 1	 -42.1833	  173.8519
2.420	 2.14	 1	 -41.8270	  174.4687
2.421	 2.20	 2	 -41.8450	  178.2641
2.421	 2.05	 1	 -42.2377	  173.9210
2.422	 2.12	 2	 -42.0083	  178.3171
2.422	 2.94	 2	 -40.8710	  177.8098
2.422	 2.15	 2	 -41.8805	  178.2611
2.422	 3.05	 1	 -42.4963	  173.0610
2.423	 2.24	 1	 -41.7441	  174.2295
2.424	 2.29	 1	 -42.4184	  173.5180
2.424	 2.78	 1	 -42.2118	  173.5816
2.425	 2.13	 1	 -42.4540	  172.9567
2.425	 2.38	 1	 -42.4978	  173.0618
2.425	 2.58	 1	 -42.0724	  173.6742
2.425	 2.33	 2	 -42.0019	  173.7858
2.426	 2.06	 2	 -42.6568	  173.1832
2.426	 2.01	 1	 -42.0946	  174.2103
2.426	 2.39	 2	 -44.4641	  178.9949
2.427	 2.35	 1	 -42.8684	  173.1219
2.427	 2.63	 1	 -42.2724	  175.8809
2.427	 2.04	 1	 -42.1219	  173.4406
2.427	 2.47	 1	 -42.6134	  174.1281
2.428	 2.56	 2	 -41.8098	  178.2039
2.428	 2.26	 1	 -42.7725	  173.2178
2.428	 3.08	 1	 -41.9655	  173.7236
2.428	 3.07	 1	 -42.4921	  173.0480
2.429	 2.41	 1	 -42.3707	  173.8066
2.431	 3.05	 1	 -41.6280	  174.4706
2.431	 2.09	 2	 -41.8104	  178.3922
2.432	 2.63	 3	 -42.0996	  178.2349
2.432	 2.55	 1	 -42.2938	  173.8093
2.432	 2.77	 1	 -41.8004	  173.9609
2.432	 2.64	 1	 -42.6650	  172.8864
2.432	 2.26	 1	 -42.2165	  173.4489
2.433	 2.43	 1	 -39.8464	  177.7585
2.434	 2.67	 1	 -41.7701	  174.2205
2.434	 2.02	 2	 -41.6089	  178.7872
2.435	 2.27	 1	 -42.2085	  173.6503
2.435	 2.01	 1	 -41.8134	  174.0352
2.435	 2.05	 1	 -42.0372	  173.7097
2.435	 2.97	 1	 -42.4369	  173.1806
2.436	 2.39	 1	 -42.7683	  173.3694
2.436	 2.61	 2	 -41.9058	  179.8208
2.437	 2.86	 2	 -42.6640	  173.3659
2.437	 2.05	 1	 -42.3336	  173.6610
2.437	 2.30	 1	 -42.1812	  172.9351
2.437	 2.08	 1	 -42.3558	  173.2151
2.437	 2.23	 1	 -41.7088	  174.2522
2.438	 2.92	 1	 -42.5275	  173.3024
2.438	 2.46	 1	 -42.1705	  173.5815
2.438	 2.18	 1	 -42.3631	  174.1871
2.438	 3.11	 1	 -42.1901	  173.5315
2.438	 3.07	 1	 -41.5819	  173.9849
2.438	 2.96	 1	 -41.6667	  174.5067
2.438	 2.12	 1	 -42.2181	  173.5789
2.439	 3.13	 1	 -42.0939	  173.1147
2.440	 2.04	 2	 -41.8631	  178.3322
2.441	 2.52	 1	 -42.0890	  173.5948
2.441	 2.46	 3	 -41.9307	  178.4508
2.441	 2.76	 1	 -47.0331	  173.7211
2.441	 2.32	 1	 -42.7311	  173.0785
2.443	 2.25	 1	 -41.6776	  174.1394
2.443	 2.00	 1	 -42.2609	  173.5451
2.443	 2.10	 1	 -42.2741	  173.9310
2.444	 2.12	 1	 -41.6643	  174.4050
2.444	 2.27	 1	 -42.0078	  173.7425
2.444	 2.22	 1	 -42.6235	  172.9107
2.445	 2.04	 3	 -41.9545	  178.3335
2.445	 2.51	 1	 -42.2380	  173.8728
2.446	 2.04	 1	 -42.4808	  173.3000
2.446	 2.03	 1	 -42.3890	  173.0336
2.446	 2.65	 1	 -42.2711	  173.8400
2.446	 2.61	 1	 -41.6847	  174.2271
2.447	 2.21	 1	 -42.3684	  174.0386
2.448	 2.02	 1	 -42.4994	  173.3949
2.448	 3.39	 1	 -42.2566	  172.9557
2.448	 2.36	 1	 -41.6745	  174.2542
2.449	 2.18	 2	 -42.3381	  173.7417
2.449	 2.11	 1	 -42.5026	  173.2376
2.449	 2.14	 1	 -42.1600	  173.5091
2.450	 2.33	 2	 -41.9531	  178.3872
2.450	 2.42	 1	 -41.7224	  174.2810
2.451	 2.02	 1	 -42.3370	  173.8571
2.451	 2.12	 2	 -41.6957	  174.3804
2.452	 2.07	 1	 -42.3952	  174.0128
2.452	 2.08	 1	 -42.2553	  173.8780
2.452	 2.83	 2	 -41.5526	  178.4641
2.452	 2.14	 1	 -42.2630	  173.2304
2.453	 2.05	 1	 -42.2223	  173.3752
2.453	 2.05	 1	 -42.3109	  173.8643
2.453	 3.08	 1	 -41.7351	  174.3922
2.454	 2.13	 2	 -41.8766	  178.4607
2.455	 2.71	 1	 -42.4420	  173.0425
2.455	 2.19	 1	 -41.8984	  174.1214
2.455	 2.32	 2	 -41.8734	  178.5322
2.455	 2.29	 1	 -42.3740	  173.7033
2.456	 2.89	 1	 -41.6819	  174.2247
2.457	 2.26	 2	 -40.9430	  174.6347
2.457	 4.59	 1	 -42.7727	  172.8035
2.458	 2.17	 1	 -41.8091	  174.2363
2.459	 2.06	 2	 -42.5439	  172.9909
2.460	 2.64	 1	 -42.1203	  173.2382
2.460	 2.03	 1	 -42.3605	  173.6666
2.460	 2.45	 1	 -42.2830	  173.6793
2.460	 2.92	 1	 -41.6538	  174.2853
2.460	 2.39	 1	 -41.6540	  174.3302
2.460	 2.20	 2	 -41.8827	  178.4138
2.461	 2.00	 2	 -41.9378	  178.1221
2.461	 2.65	 2	 -41.9612	  178.1684
2.461	 2.04	 2	 -41.8335	  178.1490
2.462	 2.93	 1	 -42.7745	  172.7732
2.462	 3.49	 1	 -42.6515	  172.9761
2.462	 2.10	 1	 -41.7329	  174.2584
2.462	 2.21	 1	 -42.6675	  172.6760
2.462	 2.81	 1	 -42.6218	  173.7410
2.463	 2.97	 1	 -42.1269	  173.7617
2.463	 2.34	 1	 -41.4269	  174.3502
2.463	 2.75	 1	 -42.3408	  173.5593
2.464	 2.57	 1	 -42.2675	  173.1529
2.464	 2.40	 1	 -42.5699	  172.8512
2.464	 2.32	 1	 -42.1080	  172.7932
2.465	 2.10	 1	 -45.3389	  177.8452
2.466	 2.55	 1	 -42.0835	  173.7876
2.466	 2.23	 1	 -42.4072	  173.5644
2.467	 2.04	 1	 -42.0180	  173.8341
2.467	 2.80	 1	 -41.5534	  171.4601
2.468	 2.04	 1	 -42.1327	  173.5716
2.469	 2.26	 1	 -41.7196	  174.1192
2.469	 2.03	 2	 -41.6688	  178.3037
2.469	 2.39	 1	 -41.6575	  174.2972
2.469	 2.01	 2	 -41.9896	  178.4625
2.470	 3.47	 1	 -42.5324	  173.0112
2.470	 2.51	 1	 -41.8590	  174.2500
2.470	 2.64	 2	 -42.0068	  176.0992
2.471	 2.17	 1	 -42.4008	  173.7249
2.471	 2.23	 1	 -42.6959	  173.1460
2.471	 2.04	 1	 -41.8164	  174.2892
2.471	 2.12	 1	 -42.1433	  173.3234
2.473	 2.98	 1	 -41.8750	  174.0627
2.473	 2.03	 1	 -42.5446	  173.6533
2.474	 2.45	 2	 -42.2987	  173.7838
2.474	 3.26	 1	 -42.2266	  173.6026
2.475	 2.04	 1	 -41.6968	  174.4524
2.475	 2.04	 2	 -41.8056	  178.3942
2.476	 2.57	 2	 -42.8117	  172.8083
2.476	 2.09	 1	 -41.4643	  173.3278
2.476	 2.78	 2	 -41.8576	  178.1671
2.478	 2.13	 1	 -42.2203	  173.7669
2.478	 2.39	 1	 -42.4174	  173.2164
2.478	 3.48	 3	 -42.0050	  178.3617
2.479	 3.45	 2	 -41.6739	  178.7746
2.480	 5.03	 2	 -41.9044	  178.3510
2.480	 2.84	 3	 -42.0865	  177.7619
2.480	 2.29	 3	 -41.8811	  178.3782
2.480	 2.41	 1	 -42.3067	  173.9971
2.480	 3.04	 2	 -42.0215	  178.6631
2.480	 2.45	 1	 -41.6169	  174.3010
2.481	 2.29	 1	 -41.7467	  174.1807
2.481	 2.11	 1	 -41.4553	  170.9538
2.481	 2.46	 1	 -41.8990	  174.0591
2.482	 2.96	 1	 -42.3651	  173.0096
2.482	 3.38	 1	 -41.7575	  174.4678
2.482	 3.42	 1	 -41.9461	  174.0829
2.483	 2.48	 2	 -41.9560	  178.3375
2.483	 2.55	 1	 -42.5466	  173.0031
2.483	 2.08	 3	 -42.4832	  173.3901
2.484	 2.01	 2	 -42.6025	  172.9641
2.485	 2.15	 1	 -42.6539	  172.8320
2.485	 2.16	 1	 -42.0193	  173.7152
2.485	 2.20	 1	 -41.7465	  174.4555
2.485	 2.32	 1	 -42.1122	  173.8597
2.486	 2.59	 1	 -41.7684	  173.0951
2.486	 2.09	 1	 -42.3252	  173.6369
2.486	 2.06	 1	 -42.4580	  173.0471
2.486	 2.72	 1	 -42.4648	  173.5548
2.486	 2.19	 2	 -41.9853	  178.6917
2.487	 3.00	 1	 -41.7028	  174.2625
2.487	 2.46	 1	 -42.0290	  173.8227
2.488	 2.06	 2	 -41.9722	  178.4564
2.488	 2.38	 1	 -42.3582	  173.5044
2.488	 2.11	 1	 -42.0981	  173.7361
2.489	 2.11	 1	 -41.6996	  174.2220
2.489	 2.24	 1	 -42.0937	  173.8054
2.489	 2.31	 2	 -41.7503	  178.1056
2.489	 2.15	 1	 -42.5578	  173.0798
2.490	 2.32	 1	 -42.0672	  173.5753
2.490	 2.14	 2	 -41.8947	  178.0442
2.491	 3.56	 1	 -41.9529	  173.6020
2.491	 2.29	 1	 -41.9264	  174.1059
2.492	 2.38	 1	 -41.6389	  174.3396
2.492	 2.31	 1	 -42.7878	  173.0880
2.492	 2.23	 1	 -42.3772	  173.8578
2.492	 2.36	 1	 -42.4420	  173.3377
2.493	 2.05	 2	 -42.3128	  178.3500
2.494	 2.15	 2	 -41.9132	  178.3326
2.495	 2.56	 1	 -42.3964	  173.9630
2.495	 2.29	 2	 -42.7783	  172.7722
2.498	 2.46	 1	 -42.1494	  173.6912
2.498	 2.35	 3	 -41.9657	  178.1563
2.498	 3.59	 1	 -42.0096	  173.6284
2.499	 2.07	 1	 -42.6258	  173.5851
2.499	 2.47	 2	 -41.8831	  178.3918
2.500	 2.47	 1	 -42.3235	  173.9464
2.500	 3.14	 1	 -42.4598	  173.4603
2.501	 2.35	 1	 -41.8928	  173.9758
2.501	 2.50	 1	 -41.8401	  174.0863
2.501	 2.74	 2	 -41.7669	  174.2687
2.501	 2.28	 1	 -41.7563	  174.2878
2.501	 2.17	 1	 -42.4622	  172.7767
2.501	 2.20	 1	 -42.0235	  173.7202
2.501	 2.10	 1	 -42.3761	  173.3168
2.502	 2.21	 1	 -42.2379	  173.5919
2.502	 2.33	 1	 -41.8951	  173.8574
2.503	 2.27	 2	 -41.8488	  178.3833
2.504	 2.54	 1	 -42.3064	  173.9928
2.504	 2.00	 2	 -42.2091	  173.6405
2.504	 2.05	 1	 -41.7250	  174.2848
2.505	 2.06	 1	 -42.0506	  173.8135
2.505	 2.11	 1	 -42.3200	  173.8343
2.505	 2.04	 1	 -41.8951	  173.6586
2.506	 2.32	 2	 -41.8913	  178.4113
2.506	 2.10	 1	 -42.4077	  173.1124
2.506	 3.22	 1	 -41.7697	  174.2930
2.506	 2.09	 2	 -41.8592	  178.3982
2.507	 4.06	 1	 -41.6932	  174.2930
2.507	 2.30	 1	 -42.3945	  173.1726
2.507	 2.01	 1	 -41.9700	  179.1960
2.508	 2.73	 1	 -45.7669	  169.8182
2.508	 2.54	 3	 -42.0026	  178.2796
2.509	 2.38	 2	 -42.6195	  173.2260
2.509	 2.34	 1	 -42.1899	  173.8540
2.510	 2.05	 2	 -41.7669	  174.3190
2.511	 2.09	 1	 -42.6581	  172.5425
2.511	 2.19	 1	 -41.9033	  174.0390
2.511	 3.30	 1	 -42.5156	  172.9464
2.512	 2.41	 1	 -41.7096	  174.2772
2.512	 2.52	 2	 -41.9336	  173.6913
2.512	 2.56	 1	 -42.7623	  172.7840
2.513	 2.52	 1	 -38.9893	  174.2582
2.513	 2.91	 1	 -41.8135	  174.0232
2.513	 2.06	 1	 -42.0521	  173.5629
2.513	 2.92	 1	 -42.6552	  173.0701
2.513	 2.54	 1	 -41.6852	  174.2256
2.513	 2.10	 1	 -42.7397	  172.3116
2.513	 2.00	 3	 -41.9710	  178.5283
2.513	 2.10	 2	 -42.2703	  173.8590
2.514	 2.38	 1	 -42.8781	  172.1453
2.514	 2.02	 2	 -41.9386	  178.3455
2.515	 3.05	 3	 -41.9555	  178.1996
2.515	 2.38	 2	 -41.9104	  178.4326
2.515	 3.45	 2	 -41.9320	  178.3626
2.516	 2.16	 1	 -41.8201	  174.3362
2.516	 2.07	 1	 -42.4506	  173.4606
2.516	 2.09	 1	 -42.9252	  173.0371
2.516	 2.37	 1	 -41.6527	  174.2347
2.517	 2.16	 1	 -41.7836	  174.2988
2.517	 2.43	 1	 -42.5542	  173.0936
2.518	 2.02	 1	 -42.3416	  173.3792
2.519	 2.66	 1	 -42.5260	  173.3089
2.520	 2.29	 1	 -42.6425	  173.8123
2.520	 2.64	 1	 -41.7117	  174.2417
2.521	 2.11	 1	 -42.3475	  173.8326
2.521	 2.42	 1	 -41.6800	  174.2693
2.521	 2.21	 1	 -42.5485	  173.1716
2.522	 2.41	 1	 -42.4055	  173.5398
2.523	 2.24	 1	 -42.6364	  173.3054
2.524	 3.33	 2	 -41.9729	  178.3728
2.524	 3.49	 1	 -42.3443	  173.7749
2.524	 2.17	 1	 -41.6660	  174.3237
2.525	 2.35	 2	 -42.3653	  173.7574
2.525	 3.10	 2	 -41.9070	  178.3125
2.526	 2.15	 2	 -42.2664	  173.0808
2.526	 2.50	 1	 -42.1457	  173.5131
2.527	 2.03	 1	 -41.7245	  174.2772
2.527	 2.07	 1	 -42.3378	  173.8812
2.527	 2.34	 1	 -42.1751	  173.6407
2.529	 2.96	 1	 -42.2772	  173.6800
2.530	 2.38	 1	 -42.0335	  172.7999
2.530	 2.64	 3	 -41.8657	  178.3421
2.530	 2.05	 2	 -41.8924	  178.3468
2.531	 2.04	 1	 -41.5853	  173.2376
2.531	 2.04	 1	 -42.3606	  173.4271
2.532	 2.78	 2	 -41.6895	  174.3353
2.532	 2.25	 1	 -41.5761	  174.4384
2.533	 2.64	 1	 -43.1832	  171.7239
2.533	 2.45	 1	 -42.4911	  173.0026
2.534	 3.01	 1	 -41.8282	  174.1622
2.534	 2.22	 2	 -42.1470	  173.8199
2.535	 2.04	 1	 -41.7124	  174.3464
2.535	 2.87	 1	 -41.8224	  174.0720
2.535	 2.37	 1	 -42.0603	  173.7254
2.535	 2.11	 2	 -41.9267	  178.3145
2.537	 2.84	 1	 -41.8993	  174.4376
2.537	 2.91	 1	 -42.4923	  173.1297
2.538	 2.08	 1	 -41.7793	  174.0928
2.538	 2.01	 2	 -42.0047	  178.3154
2.538	 2.08	 1	 -42.3227	  173.8485
2.538	 2.25	 1	 -41.7479	  174.3454
2.539	 2.14	 1	 -42.6814	  173.1646
2.539	 2.44	 3	 -41.8527	  178.3220
2.540	 2.16	 2	 -42.2759	  173.6775
2.540	 2.61	 1	 -42.2290	  173.6985
2.540	 2.39	 2	 -42.4998	  172.9219
2.541	 3.24	 2	 -42.0535	  173.7023
2.541	 2.71	 1	 -42.2912	  173.6427
2.542	 2.13	 1	 -42.5003	  173.4158
2.542	 2.09	 1	 -42.4717	  173.1372
2.543	 2.09	 1	 -41.6921	  174.2405
2.543	 2.64	 1	 -41.8427	  174.0571
2.543	 3.26	 1	 -41.7455	  174.2978
2.544	 3.71	 2	 -42.7922	  177.2494
2.544	 2.01	 1	 -42.5403	  172.6898
2.544	 2.81	 1	 -42.4700	  173.9687
2.546	 2.18	 1	 -41.6966	  174.2482
2.546	 2.05	 1	 -42.1184	  173.6318
2.546	 2.60	 1	 -42.2340	  173.9238
2.546	 2.25	 1	 -42.0220	  173.6459
2.546	 2.10	 2	 -41.9228	  178.3513
2.547	 2.09	 2	 -42.0971	  178.7994
2.547	 2.02	 2	 -42.7285	  172.7502
2.547	 2.06	 4	 -41.8953	  178.1888
2.549	 2.60	 2	 -41.7514	  178.3958
2.549	 4.11	 3	 -41.9806	  178.3405
2.550	 2.03	 1	 -42.3920	  173.1218
2.551	 2.06	 1	 -43.4503	  175.2419
2.551	 2.62	 4	 -41.9793	  178.3360
2.551	 2.09	 1	 -42.2964	  172.7555
2.551	 2.46	 2	 -41.9404	  178.1427
2.552	 2.03	 1	 -41.6671	  174.1549
2.553	 3.04	 2	 -42.7703	  172.6705
2.553	 2.48	 1	 -44.0690	  170.0683
2.553	 2.92	 1	 -42.5920	  173.2508
2.553	 2.06	 2	 -41.9811	  178.4151
2.553	 2.07	 2	 -41.9723	  178.1991
2.553	 2.08	 1	 -41.7405	  174.3024
2.554	 3.30	 1	 -42.4502	  173.2452
2.555	 2.08	 2	 -41.8945	  178.3138
2.556	 2.14	 1	 -42.4127	  173.2741
2.556	 2.13	 1	 -42.1066	  173.5572
2.556	 2.02	 1	 -42.5037	  173.0295
2.558	 2.20	 1	 -42.5814	  173.2608
2.558	 2.12	 1	 -42.2660	  173.6759
2.559	 2.22	 1	 -42.2257	  173.9952
2.559	 3.90	 1	 -42.5499	  173.3003
2.560	 2.39	 1	 -41.8951	  174.8112
2.560	 2.05	 1	 -41.7516	  174.2303
2.561	 2.16	 2	 -41.9929	  178.3530
2.562	 2.06	 1	 -41.7417	  172.6853
2.562	 2.14	 3	 -41.9077	  178.3463
2.562	 2.16	 1	 -41.8961	  174.1579
2.562	 2.60	 1	 -42.3121	  173.6029
2.563	 2.20	 2	 -41.8683	  178.3743
2.563	 2.52	 2	 -42.4010	  173.7967
2.563	 2.17	 1	 -42.4773	  173.5848
2.563	 3.13	 2	 -42.3760	  173.5515
2.564	 2.10	 1	 -42.2997	  173.9142
2.564	 2.87	 1	 -42.7803	  172.9504
2.564	 2.07	 1	 -42.4943	  173.2577
2.565	 2.49	 3	 -42.0316	  178.6270
2.565	 2.86	 2	 -41.8404	  178.2660
2.565	 3.20	 1	 -42.2821	  173.7923
2.566	 2.75	 2	 -42.6405	  173.3510
2.566	 2.64	 1	 -42.9014	  173.2822
2.566	 2.40	 1	 -41.7052	  174.2452
2.566	 2.63	 2	 -41.8324	  178.2786
2.567	 2.39	 1	 -41.9914	  173.7860
2.568	 2.72	 1	 -39.5643	  175.8428
2.569	 2.55	 2	 -42.7981	  172.8095
2.569	 2.63	 1	 -41.9570	  173.7804
2.569	 2.10	 1	 -41.7241	  174.2967
2.570	 2.49	 1	 -41.6642	  174.2988
2.570	 3.35	 1	 -42.2979	  173.7762
2.570	 2.45	 2	 -42.0253	  178.3465
2.571	 2.06	 1	 -42.7105	  173.0844
2.571	 2.19	 2	 -41.8641	  178.5868
2.571	 3.37	 1	 -41.7640	  174.2599
2.571	 2.02	 1	 -42.6466	  173.2679
2.572	 2.79	 1	 -42.2665	  173.6982
2.572	 3.56	 1	 -42.3915	  173.3669
2.573	 2.44	 2	 -42.3023	  173.8103
2.573	 2.37	 1	 -42.2750	  173.5307
2.575	 2.67	 1	 -42.2510	  173.6452
2.575	 2.00	 1	 -42.5054	  173.0475
2.576	 2.06	 1	 -42.7331	  172.6088
2.576	 2.20	 2	 -42.3054	  173.7761
2.577	 2.65	 1	 -42.1763	  173.7817
2.577	 2.17	 1	 -42.2507	  173.6805
2.578	 2.58	 1	 -41.7795	  174.1900
2.578	 2.01	 1	 -41.7313	  174.0662
2.578	 2.65	 1	 -42.4926	  173.1161
2.578	 3.36	 2	 -41.9110	  178.3102
2.578	 2.40	 2	 -41.3095	  177.7705
2.578	 2.48	 2	 -42.4357	  173.6878
2.579	 2.31	 1	 -41.7192	  174.2633
2.579	 2.48	 1	 -42.3830	  174.0501
2.579	 2.05	 1	 -41.7181	  174.1671
2.579	 2.08	 1	 -42.2128	  173.6702
2.579	 2.08	 1	 -42.3861	  173.1434
2.580	 2.07	 2	 -41.9315	  178.3151
2.580	 2.17	 1	 -42.6149	  173.4708
2.580	 2.14	 3	 -41.9810	  178.2082
2.581	 3.07	 1	 -42.2176	  173.4742
2.581	 2.91	 1	 -42.8748	  172.6665
2.581	 2.47	 2	 -43.1009	  174.7772
2.581	 2.43	 2	 -41.9520	  178.5502
2.581	 2.23	 1	 -42.2975	  173.6225
2.581	 2.47	 1	 -41.7170	  174.2061
2.582	 2.41	 2	 -42.8329	  179.2416
2.582	 2.26	 1	 -42.2210	  174.4764
2.583	 2.69	 2	 -41.8791	  178.2529
2.583	 2.03	 1	 -42.0523	  173.7527
2.583	 2.78	 1	 -42.4814	  173.0205
2.583	 2.08	 1	 -41.6914	  174.2343
2.584	 2.36	 1	 -41.9432	  174.2052
2.584	 2.52	 1	 -41.6807	  174.2064
2.584	 2.33	 1	 -41.9778	  173.8121
2.585	 2.48	 1	 -42.2800	  173.5720
2.585	 2.19	 1	 -43.5913	  172.6204
2.585	 2.36	 1	 -42.4376	  173.1822
2.586	 3.86	 2	 -41.9305	  173.6982
2.586	 3.03	 2	 -42.2780	  173.4680
2.586	 2.88	 1	 -42.5212	  173.7298
2.586	 2.08	 1	 -41.6637	  174.0438
2.587	 2.72	 1	 -42.3097	  173.4553
2.587	 2.64	 1	 -42.3175	  173.5914
2.588	 2.52	 1	 -41.7680	  174.0966
2.588	 2.05	 2	 -41.8807	  178.4252
2.589	 2.34	 1	 -41.6873	  174.2261
2.589	 2.36	 1	 -41.6403	  173.8626
2.589	 2.23	 2	 -42.4325	  173.4107
2.590	 2.21	 2	 -41.6522	  174.3187
2.590	 3.03	 1	 -41.7909	  174.2305
2.592	 2.31	 2	 -41.9407	  178.4661
2.592	 3.86	 2	 -41.4098	  177.0622
2.592	 2.36	 2	 -44.0266	  177.9077
2.592	 2.01	 1	 -42.4423	  174.0614
2.594	 2.17	 1	 -42.5160	  173.6112
2.595	 2.97	 3	 -42.4566	  172.9228
2.595	 2.42	 1	 -41.6539	  174.3302
2.595	 2.11	 1	 -42.7576	  172.7020
2.595	 2.59	 1	 -42.3289	  173.7378
2.595	 2.27	 1	 -42.6068	  173.7717
2.595	 2.64	 1	 -41.8818	  173.6081
2.596	 2.43	 1	 -43.0194	  173.3854
2.597	 3.62	 1	 -41.8066	  174.2039
2.597	 2.46	 1	 -42.5792	  172.9234
2.598	 3.04	 1	 -42.9153	  173.1640
2.599	 2.14	 2	 -41.9687	  173.8530
2.600	 2.07	 1	 -42.0105	  174.0693
2.600	 2.44	 1	 -41.5575	  173.1364
2.600	 2.46	 1	 -41.9598	  173.6601
2.600	 2.35	 1	 -41.7878	  174.4176
2.601	 2.08	 2	 -41.9155	  174.0930
2.601	 2.45	 1	 -42.3787	  173.8211
2.601	 3.37	 4	 -41.9675	  178.3804
2.601	 2.01	 1	 -41.7189	  174.2300
2.602	 3.30	 1	 -41.7563	  174.2444
2.602	 2.41	 1	 -42.6731	  173.2326
2.603	 2.73	 1	 -42.0889	  173.8503
2.604	 2.23	 1	 -42.5379	  172.9577
2.605	 2.23	 1	 -41.7909	  174.1838
2.605	 2.18	 3	 -42.7878	  177.2366
2.606	 2.01	 2	 -42.5516	  173.3127
2.607	 2.51	 2	 -41.8977	  178.2259
2.608	 2.06	 1	 -42.2714	  173.6893
2.609	 2.19	 1	 -42.3473	  173.8558
2.609	 2.27	 3	 -42.2828	  173.4657
2.610	 2.05	 1	 -42.0396	  173.6908
2.611	 3.04	 1	 -42.4432	  173.1672
2.611	 2.78	 1	 -42.3670	  173.8534
2.611	 2.19	 1	 -41.6861	  174.0777
2.612	 3.68	 2	 -42.0034	  178.1980
2.612	 2.90	 1	 -42.5526	  173.1830
2.612	 2.27	 1	 -42.3374	  173.4214
2.613	 2.86	 1	 -42.5075	  173.9105
2.613	 2.48	 2	 -41.8607	  178.3405
2.613	 2.60	 1	 -42.0378	  173.7598
2.614	 2.89	 1	 -42.7962	  172.8908
2.615	 2.27	 1	 -42.3559	  174.0541
2.615	 2.17	 1	 -42.4184	  173.9580
2.616	 2.44	 1	 -42.2900	  174.1310
2.616	 2.35	 1	 -42.3353	  173.6607
2.616	 2.95	 1	 -42.4564	  173.0126
2.617	 2.27	 1	 -43.1077	  172.8768
2.617	 2.06	 3	 -41.9119	  178.3116
2.617	 2.03	 1	 -41.7500	  174.3192
2.617	 2.06	 1	 -41.7019	  174.1420
2.618	 3.05	 1	 -42.6655	  172.9834
2.618	 2.31	 1	 -42.4956	  173.4421
2.618	 2.51	 1	 -41.8950	  174.2325
2.621	 2.13	 1	 -42.3930	  173.8138
2.621	 2.50	 1	 -42.5083	  173.3207
2.622	 2.08	 3	 -42.0346	  178.1916
2.622	 2.31	 2	 -42.3063	  173.8269
2.623	 2.64	 1	 -42.4410	  173.1711
2.624	 2.53	 3	 -42.0139	  178.3946
2.624	 2.33	 1	 -42.3411	  173.8318
2.625	 2.11	 1	 -42.4855	  174.0146
2.625	 2.01	 2	 -41.9318	  178.3791
2.627	 2.13	 2	 -41.7382	  182.6418
2.628	 2.45	 1	 -42.2729	  173.6378
2.628	 2.41	 1	 -41.5864	  174.1199
2.629	 2.19	 1	 -42.3530	  173.8680
2.631	 2.07	 1	 -42.2888	  173.4902
2.631	 2.54	 3	 -42.0787	  179.9982
2.632	 2.39	 1	 -42.3605	  173.8878
2.632	 2.42	 2	 -42.6762	  172.6786
2.633	 2.55	 1	 -42.0275	  173.4290
2.634	 2.78	 2	 -41.8672	  177.8238
2.634	 2.05	 2	 -42.0039	  178.3741
2.634	 2.41	 1	 -42.1908	  173.5859
2.634	 2.65	 3	 -41.2452	  178.1506
2.634	 2.31	 1	 -41.8377	  173.9736
2.635	 2.40	 1	 -42.6956	  173.0044
2.635	 2.68	 2	 -41.3373	  177.9903
2.635	 2.11	 1	 -41.8628	  173.8714
2.635	 2.21	 1	 -42.4039	  173.3107
2.636	 2.77	 1	 -42.2614	  173.8712
2.636	 2.07	 1	 -43.4030	  174.0660
2.637	 2.04	 2	 -42.0018	  178.3450
2.637	 2.86	 2	 -41.6713	  178.2775
2.638	 2.47	 1	 -41.7487	  174.3949
2.638	 2.03	 1	 -42.3731	  173.2892
2.639	 2.22	 2	 -42.6128	  173.3911
2.640	 2.17	 3	 -41.9782	  178.2136
2.640	 2.01	 2	 -41.6747	  174.2467
2.641	 2.51	 1	 -41.7292	  174.2659
2.641	 2.14	 1	 -41.9752	  173.9855
2.641	 2.72	 1	 -42.4954	  173.8206
2.642	 2.24	 1	 -42.4862	  173.2569
2.642	 2.15	 1	 -41.7601	  174.2702
2.642	 2.29	 1	 -42.2646	  173.5786
2.643	 2.61	 1	 -42.0532	  173.6857
2.643	 2.13	 1	 -42.3657	  173.8687
2.644	 2.42	 2	 -42.3835	  173.7104
2.645	 2.02	 1	 -42.0368	  173.9661
2.645	 3.06	 2	 -42.7597	  172.8689
2.645	 2.17	 2	 -41.7553	  173.7780
2.646	 2.88	 1	 -41.6440	  174.1710
2.646	 2.03	 1	 -41.6668	  174.2113
2.647	 2.01	 2	 -42.1995	  173.5835
2.647	 2.17	 1	 -42.5650	  173.7124
2.647	 2.13	 1	 -42.5249	  173.8565
2.648	 3.17	 1	 -42.2660	  173.6299
2.648	 2.20	 1	 -41.6688	  174.2163
2.650	 3.11	 2	 -41.8454	  174.1062
2.651	 2.01	 1	 -42.4656	  172.9326
2.652	 2.28	 1	 -42.3715	  173.8482
2.652	 2.99	 1	 -41.7451	  174.8013
2.652	 2.28	 1	 -42.2685	  173.9262
2.652	 2.91	 1	 -41.8273	  174.2293
2.652	 2.13	 1	 -42.3485	  174.0952
2.653	 2.31	 3	 -41.9811	  178.3996
2.653	 2.14	 2	 -41.7219	  178.1917
2.653	 2.02	 1	 -41.7240	  174.1604
2.654	 2.61	 1	 -42.6752	  173.3692
2.655	 2.06	 1	 -42.6486	  172.8102
2.655	 2.35	 1	 -42.3684	  172.2693
2.655	 2.35	 2	 -41.8596	  178.5195
2.656	 2.25	 1	 -41.9128	  173.7708
2.658	 2.45	 1	 -42.2762	  173.6184
2.658	 2.23	 1	 -41.7028	  174.3443
2.659	 2.12	 1	 -42.7855	  172.7487
2.660	 2.21	 2	 -41.9297	  178.6670
2.660	 2.06	 3	 -41.8606	  178.0352
2.661	 2.21	 1	 -42.1917	  173.4111
2.661	 2.10	 1	 -41.6977	  174.1731
2.662	 2.08	 3	 -41.8234	  178.4270
2.662	 2.83	 1	 -41.9874	  173.7386
2.663	 2.99	 2	 -41.9289	  178.0150
2.663	 2.30	 2	 -42.2673	  173.7783
2.663	 2.07	 1	 -42.7126	  173.8186
2.663	 4.06	 2	 -41.8545	  178.4070
2.664	 2.50	 2	 -41.7382	  174.1382
2.666	 2.07	 1	 -41.7443	  174.0492
2.666	 2.05	 1	 -42.3719	  174.0465
2.668	 2.58	 1	 -42.4497	  173.1244
2.669	 3.06	 3	 -42.4757	  173.4117
2.670	 2.05	 1	 -42.4307	  173.4682
2.670	 2.65	 2	 -41.7366	  173.3044
2.671	 2.26	 1	 -41.9650	  174.0768
2.671	 2.02	 1	 -42.3043	  173.3372
2.672	 2.19	 1	 -41.6942	  174.2626
2.672	 3.05	 1	 -42.4266	  173.7669
2.672	 2.11	 1	 -42.5435	  172.9361
2.672	 2.13	 1	 -42.1514	  173.8143
2.673	 2.80	 2	 -41.6630	  173.7791
2.673	 2.02	 1	 -37.8490	  176.1247
2.673	 2.22	 1	 -42.1813	  173.7378
2.673	 2.52	 1	 -41.7397	  174.1412
2.674	 2.19	 1	 -42.5248	  173.3077
2.674	 2.05	 2	 -41.6814	  174.2190
2.674	 2.07	 1	 -42.0187	  173.7953
2.675	 2.31	 1	 -41.6486	  174.0379
2.675	 2.46	 1	 -43.4466	  173.8311
2.676	 2.32	 1	 -42.0438	  173.7862
2.676	 2.21	 1	 -42.3913	  168.7504
2.676	 2.19	 3	 -41.8730	  178.3616
2.677	 2.35	 1	 -42.6395	  172.9000
2.677	 2.23	 1	 -41.7505	  174.2117
2.677	 2.31	 3	 -42.0173	  178.3316
2.678	 3.87	 1	 -42.5212	  173.8304
2.678	 2.15	 1	 -42.7841	  173.1222
2.679	 2.11	 1	 -41.7652	  174.2985
2.679	 2.20	 1	 -41.6672	  174.3339
2.680	 3.07	 1	 -41.7127	  174.2697
2.680	 2.12	 1	 -41.6345	  174.3732
2.681	 2.51	 1	 -42.2432	  173.8251
2.681	 3.39	 1	 -41.5745	  174.4211
2.681	 2.14	 2	 -42.3375	  173.8161
2.682	 2.27	 3	 -41.4089	  177.0591
2.682	 2.06	 2	 -41.9124	  178.3402
2.682	 2.05	 3	 -41.9346	  178.3629
2.682	 2.25	 3	 -41.8968	  178.3822
2.684	 2.09	 1	 -41.7061	  174.3548
2.684	 2.01	 1	 -42.1688	  173.5595
2.685	 2.65	 1	 -42.6251	  172.9769
2.686	 2.06	 1	 -42.0841	  173.1163
2.686	 2.01	 1	 -42.4904	  173.4745
2.686	 3.50	 2	 -41.9665	  178.4375
2.688	 2.05	 1	 -45.6625	  177.4771
2.688	 2.21	 2	 -42.3113	  173.8408
2.688	 2.03	 1	 -41.7284	  174.2968
2.688	 2.16	 1	 -42.0842	  173.6496
2.688	 4.06	 1	 -41.7038	  174.2154
2.688	 2.01	 1	 -41.3928	  173.0334
2.688	 2.15	 1	 -42.2341	  173.9007
2.689	 3.50	 1	 -42.5285	  172.9589
2.689	 2.09	 2	 -42.2149	  173.6534
2.691	 3.40	 1	 -41.7088	  174.2794
2.691	 2.14	 2	 -41.8517	  178.3452
2.692	 2.11	 1	 -42.5321	  172.9302
2.692	 2.61	 1	 -42.3738	  173.5307
2.693	 2.45	 1	 -41.7437	  174.2768
2.694	 2.04	 1	 -41.7449	  174.7194
2.694	 2.58	 1	 -42.2634	  173.7587
2.695	 3.22	 1	 -42.2709	  173.8747
2.695	 2.05	 1	 -41.7360	  174.1922
2.696	 2.36	 1	 -42.5120	  173.5987
2.696	 2.19	 2	 -42.7843	  172.8468
2.696	 2.01	 1	 -42.2052	  173.8698
2.697	 2.08	 2	 -41.9271	  173.9955
2.697	 2.58	 1	 -41.6801	  174.2404
2.697	 3.85	 1	 -41.8956	  174.1957
2.698	 2.03	 1	 -41.6626	  174.2628
2.701	 2.08	 2	 -41.9362	  173.7134
2.703	 2.71	 1	 -42.3714	  174.1144
2.703	 2.02	 1	 -42.3578	  173.7774
2.704	 2.30	 1	 -41.9568	  173.7150
2.704	 2.01	 1	 -42.4805	  174.2242
2.705	 2.16	 2	 -41.6680	  178.1266
2.705	 2.03	 1	 -42.3546	  172.4790
2.705	 2.05	 1	 -41.2816	  172.1881
2.706	 2.69	 1	 -42.1992	  173.6066
2.707	 2.09	 1	 -41.7749	  174.3844
2.707	 2.05	 2	 -41.9642	  173.7093
2.707	 2.03	 1	 -42.1816	  173.7922
2.707	 2.27	 1	 -41.7120	  174.2383
2.707	 2.34	 2	 -41.7136	  174.2217
2.709	 2.11	 1	 -41.5798	  174.2489
2.709	 2.01	 1	 -42.3327	  173.0739
2.709	 3.36	 1	 -42.1687	  173.5707
2.709	 3.58	 2	 -42.4571	  173.4560
2.709	 2.16	 1	 -42.3721	  173.7209
2.710	 2.23	 1	 -42.5329	  173.0105
2.710	 2.55	 1	 -41.8017	  174.1820
2.710	 2.39	 1	 -42.4135	  173.3365
2.710	 2.56	 1	 -41.6550	  174.3035
2.711	 2.08	 1	 -42.5545	  174.1197
2.713	 2.44	 2	 -40.7953	  178.2084
2.714	 2.00	 1	 -42.1089	  173.8014
2.714	 2.67	 1	 -42.4401	  172.6418
2.715	 2.35	 1	 -41.7683	  174.2997
2.716	 4.13	 1	 -42.5158	  172.5510
2.716	 3.66	 1	 -42.7113	  172.6751
2.717	 2.48	 1	 -42.2432	  173.6072
2.718	 2.09	 1	 -42.0003	  173.6010
2.719	 2.29	 2	 -42.7128	  172.5627
2.721	 2.50	 1	 -42.1367	  173.6821
2.721	 2.05	 3	 -41.9806	  178.3749
2.722	 4.26	 1	 -42.5899	  172.8658
2.722	 2.03	 1	 -42.3630	  174.1487
2.722	 2.01	 2	 -42.4325	  177.9827
2.723	 2.21	 1	 -41.9582	  174.8785
2.724	 2.56	 1	 -41.6984	  174.2464
2.724	 2.06	 1	 -42.3244	  173.9001
2.726	 2.19	 3	 -41.8753	  178.5781
2.727	 3.06	 1	 -42.6029	  172.8220
2.728	 2.42	 2	 -41.9411	  178.4342
2.728	 2.58	 1	 -42.4577	  173.8684
2.728	 4.28	 2	 -42.6225	  172.8603
2.729	 2.15	 1	 -41.7494	  174.2013
2.730	 2.61	 2	 -41.9145	  178.3564
2.731	 2.21	 1	 -42.0876	  173.5108
2.732	 2.14	 3	 -41.7923	  178.8004
2.732	 2.37	 1	 -41.6441	  174.2054
2.732	 2.76	 1	 -42.2927	  173.6474
2.732	 2.68	 2	 -41.9049	  178.3615
2.732	 2.77	 3	 -41.9414	  178.3680
2.733	 2.23	 1	 -42.5235	  173.6003
2.734	 2.03	 1	 -42.3415	  173.0706
2.735	 2.13	 3	 -41.4397	  177.0296
2.735	 2.15	 1	 -42.4700	  173.4203
2.737	 3.98	 1	 -42.6729	  173.3893
2.737	 2.35	 1	 -42.3228	  174.1127
2.738	 2.26	 1	 -42.1021	  173.2825
2.738	 2.51	 1	 -42.6504	  172.7839
2.738	 2.46	 1	 -42.4216	  173.7380
2.738	 3.12	 1	 -42.7361	  172.5647
2.738	 2.95	 1	 -42.2936	  173.7007
2.738	 2.04	 2	 -42.4477	  173.9430
2.739	 2.68	 1	 -41.7293	  174.2561
2.741	 2.09	 1	 -43.0816	  173.6158
2.741	 2.15	 1	 -42.3211	  173.1205
2.741	 2.17	 3	 -42.6416	  173.3490
2.741	 2.13	 1	 -43.3775	  173.4781
2.742	 2.01	 1	 -41.9603	  173.7885
2.742	 2.22	 2	 -41.8972	  178.3678
2.745	 2.33	 1	 -42.2696	  173.6082
2.745	 2.17	 1	 -41.9583	  173.7783
2.746	 2.82	 1	 -42.7799	  166.9055
2.747	 2.02	 1	 -42.4957	  173.1305
2.748	 2.87	 1	 -41.6076	  174.8106
2.748	 2.10	 1	 -42.2526	  173.4626
2.749	 2.00	 1	 -41.7522	  174.5822
2.749	 2.02	 1	 -42.0496	  174.0424
2.750	 2.28	 2	 -41.8801	  178.3818
2.750	 2.64	 1	 -41.6991	  174.0444
2.750	 2.24	 1	 -42.5374	  172.9054
2.750	 2.51	 1	 -42.0193	  173.5179
2.751	 2.12	 1	 -42.3318	  173.4666
2.752	 2.86	 1	 -41.6977	  174.2472
2.752	 2.32	 1	 -42.8568	  173.1058
2.754	 3.11	 1	 -44.2512	  171.5931
2.754	 3.57	 2	 -41.9719	  178.2855
2.754	 2.74	 1	 -42.2692	  173.8725
2.754	 2.39	 1	 -42.5422	  173.1291
2.755	 2.36	 3	 -42.8083	  177.2499
2.756	 2.05	 1	 -42.6184	  172.8992
2.757	 3.12	 1	 -42.3270	  173.8264
2.757	 2.09	 4	 -42.0933	  178.6640
2.758	 2.04	 1	 -42.5784	  173.1308
2.758	 2.08	 1	 -42.6025	  173.1327
2.758	 2.03	 1	 -41.6774	  174.2207
2.758	 2.74	 1	 -41.7205	  174.2795
2.758	 3.27	 1	 -42.7481	  173.1624
2.758	 2.70	 1	 -41.7122	  174.1971
2.758	 2.74	 2	 -42.8087	  172.6940
2.759	 2.78	 2	 -41.7269	  178.3322
2.760	 2.41	 2	 -41.9470	  173.7198
2.760	 2.05	 2	 -40.7411	  178.3611
2.761	 2.01	 1	 -41.7169	  174.2283
2.761	 2.17	 1	 -42.5287	  172.7882
2.761	 2.12	 1	 -42.5537	  173.8461
2.761	 2.35	 2	 -42.3113	  173.7296
2.762	 2.96	 2	 -42.0177	  178.3705
2.763	 2.04	 1	 -38.6210	  175.6187
2.763	 2.18	 1	 -41.6977	  174.2318
2.763	 2.08	 4	 -41.9554	  178.3218
2.764	 2.09	 1	 -42.3020	  173.8562
2.764	 2.30	 1	 -42.0089	  173.7753
2.764	 2.41	 1	 -41.7148	  174.1326
2.765	 2.27	 1	 -42.0129	  173.8837
2.765	 2.87	 2	 -41.9208	  178.6433
2.767	 2.21	 2	 -41.9765	  178.4422
2.768	 3.66	 2	 -41.8973	  178.3961
2.768	 3.60	 1	 -42.1596	  173.5614
2.772	 2.18	 2	 -41.8034	  178.2958
2.773	 2.45	 2	 -41.9898	  178.2430
2.773	 2.10	 2	 -41.8678	  178.3858
2.774	 2.53	 1	 -42.6179	  173.0214
2.774	 2.31	 2	 -41.9216	  173.7177
2.775	 2.28	 1	 -42.3873	  174.0157
2.776	 2.06	 1	 -41.8350	  173.9153
2.776	 2.49	 1	 -42.1524	  173.6049
2.777	 2.07	 1	 -42.0696	  175.9612
2.778	 4.00	 1	 -41.7405	  174.3616
2.778	 2.40	 1	 -41.7812	  174.1441
2.778	 3.54	 1	 -42.1661	  173.5813
2.779	 2.72	 1	 -41.8254	  174.1699
2.779	 2.03	 1	 -42.5219	  173.0302
2.779	 2.07	 3	 -41.6853	  174.2185
2.779	 2.47	 2	 -41.7354	  174.3566
2.779	 2.22	 1	 -41.7109	  174.3326
2.780	 2.09	 1	 -42.3860	  173.0656
2.780	 2.50	 2	 -42.6247	  173.1775
2.782	 2.83	 2	 -42.3538	  173.3422
2.782	 2.12	 1	 -42.3070	  173.8691
2.782	 2.17	 2	 -41.9628	  178.3333
2.782	 3.01	 1	 -41.7170	  174.3329
2.783	 2.02	 2	 -41.9294	  174.0230
2.784	 2.29	 1	 -42.3433	  173.4798
2.785	 2.02	 1	 -43.1019	  171.7755
2.786	 2.23	 1	 -42.5357	  172.8193
2.786	 3.24	 2	 -42.3195	  173.6231
2.786	 2.26	 1	 -39.5154	  168.5371
2.786	 2.82	 3	 -42.2115	  177.4288
2.786	 2.12	 2	 -42.4622	  173.0411
2.786	 2.72	 2	 -42.8385	  172.7638
2.786	 3.20	 1	 -41.7590	  172.8517
2.787	 2.74	 2	 -42.0516	  178.1635
2.788	 2.21	 1	 -42.6702	  172.9881
2.788	 2.57	 1	 -41.8066	  171.8101
2.788	 2.25	 1	 -41.8505	  173.1573
2.788	 2.19	 1	 -41.9404	  173.7428
2.789	 2.02	 1	 -41.7199	  174.2166
2.789	 3.15	 1	 -41.9468	  173.7849
2.790	 2.35	 1	 -41.9729	  173.7278
2.790	 2.55	 1	 -41.8280	  174.2516
2.790	 2.25	 1	 -43.6087	  173.8559
2.791	 2.06	 1	 -42.6072	  172.9292
2.791	 2.14	 1	 -41.9544	  173.4498
2.792	 3.21	 2	 -42.0234	  174.1373
2.792	 2.16	 2	 -41.9822	  178.0540
2.792	 2.40	 2	 -41.9575	  178.5961
2.792	 2.08	 1	 -42.1006	  173.4764
2.792	 2.07	 2	 -42.1962	  173.6344
2.792	 2.15	 1	 -41.7127	  174.2946
2.793	 2.18	 2	 -41.7507	  178.4972
2.793	 2.18	 2	 -42.7724	  172.7480
2.794	 2.32	 2	 -43.1839	  172.0517
2.795	 2.09	 3	 -41.8961	  178.3128
2.795	 2.16	 1	 -41.8109	  174.2992
2.795	 2.88	 2	 -42.0486	  178.7418
2.795	 2.11	 1	 -41.7355	  174.1878
2.795	 2.37	 1	 -42.2710	  173.9300
2.795	 2.19	 1	 -41.7754	  174.0506
2.795	 2.31	 2	 -41.9387	  178.2991
2.796	 2.14	 2	 -41.9133	  174.2323
2.796	 3.89	 1	 -42.2812	  174.1241
2.796	 3.06	 1	 -42.2334	  173.7503
2.796	 2.17	 2	 -41.5701	  174.4310
2.797	 2.27	 2	 -41.8147	  178.3584
2.798	 3.00	 2	 -41.9024	  178.3159
2.798	 2.23	 3	 -42.7452	  172.5965
2.799	 2.04	 2	 -42.1608	  173.5599
2.799	 3.64	 1	 -42.3507	  174.0453
2.799	 3.55	 1	 -41.6912	  174.3110
2.800	 2.21	 1	 -41.1857	  172.0360
2.801	 2.40	 1	 -42.7859	  173.2879
2.801	 2.36	 1	 -41.7865	  174.2445
2.802	 2.11	 2	 -41.9591	  178.4198
2.802	 2.17	 1	 -41.7186	  174.3105
2.803	 3.47	 1	 -42.4827	  172.7959
2.804	 2.25	 1	 -42.2354	  173.7968
2.804	 2.22	 3	 -41.9479	  178.2115
2.804	 2.07	 1	 -42.5997	  172.9098
2.804	 2.08	 1	 -42.2748	  173.7281
2.805	 2.18	 2	 -42.2354	  178.6305
2.805	 2.44	 2	 -41.8329	  178.3757
2.806	 3.72	 2	 -42.0945	  173.1057
2.806	 2.10	 1	 -42.3144	  173.6788
2.806	 2.04	 3	 -41.9085	  179.8139
2.806	 2.56	 1	 -42.6048	  173.1503
2.806	 3.59	 1	 -42.1537	  173.8181
2.808	 2.50	 1	 -42.4344	  173.2042
2.809	 2.35	 2	 -42.5394	  172.9692
2.809	 2.32	 1	 -41.7586	  174.3071
2.809	 2.48	 1	 -42.2929	  173.2420
2.809	 4.09	 1	 -42.5225	  174.3545
2.810	 2.09	 2	 -42.5878	  172.8724
2.811	 3.19	 2	 -42.2527	  174.1531
2.812	 2.40	 2	 -41.6217	  174.1990
2.812	 2.10	 1	 -41.7501	  174.1750
2.812	 2.09	 2	 -41.9700	  178.3143
2.813	 2.03	 1	 -42.2494	  173.6112
2.813	 2.04	 2	 -41.9051	  178.3161
2.813	 2.08	 1	 -42.6364	  172.8629
2.813	 2.37	 2	 -41.8913	  174.0303
2.814	 2.79	 1	 -42.5795	  173.1786
2.814	 2.31	 1	 -41.9448	  173.6441
2.814	 2.15	 1	 -42.5169	  173.0689
2.815	 2.19	 1	 -42.1461	  173.6042
2.815	 2.41	 1	 -42.6859	  172.9879
2.815	 2.83	 1	 -41.6891	  174.3027
2.816	 2.44	 1	 -43.1795	  173.5619
2.816	 2.56	 1	 -41.8009	  174.1013
2.816	 2.42	 1	 -41.7291	  174.1355
2.816	 2.06	 1	 -41.7103	  174.2621
2.816	 2.25	 3	 -41.9301	  178.3329
2.817	 2.23	 1	 -42.2234	  173.7771
2.817	 3.00	 1	 -42.3179	  173.6989
2.817	 2.05	 1	 -42.4274	  173.1359
2.818	 2.17	 3	 -41.8382	  178.3600
2.818	 2.35	 1	 -42.3113	  173.6235
2.819	 2.04	 1	 -42.7571	  172.5429
2.819	 2.04	 1	 -42.4473	  173.5119
2.819	 2.04	 3	 -42.1623	  178.2829
2.819	 2.02	 2	 -40.9142	  176.4328
2.821	 2.42	 2	 -41.8838	  178.3294
2.821	 2.04	 2	 -41.8322	  178.0701
2.822	 3.39	 1	 -41.6952	  174.3051
2.823	 2.58	 2	 -42.7717	  173.3427
2.823	 2.06	 1	 -42.3240	  173.5979
2.824	 2.01	 2	 -42.2671	  173.6411
2.824	 3.42	 1	 -41.7958	  173.9341
2.824	 2.12	 3	 -41.9585	  178.5990
2.826	 2.04	 1	 -42.3225	  173.5072
2.826	 2.48	 2	 -42.5752	  172.8958
2.826	 2.12	 1	 -42.3816	  173.6280
2.827	 2.64	 1	 -42.6243	  173.2747
2.827	 2.41	 2	 -41.9615	  178.3961
2.827	 2.19	 1	 -41.8779	  174.8216
2.827	 2.23	 1	 -42.3913	  173.6046
2.827	 2.81	 2	 -41.8985	  178.4986
2.828	 2.22	 1	 -42.4175	  173.7987
2.830	 2.78	 1	 -42.3966	  173.6883
2.830	 2.12	 2	 -42.2188	  178.5996
2.831	 2.70	 1	 -42.5649	  173.2490
2.831	 2.54	 1	 -41.9509	  172.2143
2.832	 2.01	 1	 -41.7565	  174.2257
2.833	 2.51	 1	 -41.9831	  174.1346
2.833	 2.40	 2	 -41.9060	  178.3660
2.833	 2.29	 1	 -41.7206	  174.2972
2.833	 2.05	 1	 -42.6300	  172.9518
2.833	 2.52	 2	 -42.7091	  172.8002
2.834	 3.58	 1	 -42.4750	  173.0529
2.834	 2.16	 1	 -42.5191	  173.1798
2.835	 2.14	 1	 -41.7411	  174.2518
2.835	 2.09	 1	 -42.3874	  173.6317
2.836	 2.46	 1	 -42.4236	  173.9603
2.836	 2.07	 1	 -41.7616	  174.2479
2.837	 2.27	 1	 -42.2274	  173.6413
2.837	 2.71	 1	 -42.3671	  173.0860
2.838	 2.28	 1	 -41.7752	  174.2626
2.839	 3.15	 2	 -41.7563	  172.8562
2.840	 2.33	 3	 -41.9227	  178.3400
2.840	 2.21	 1	 -41.6796	  174.2864
2.841	 3.04	 2	 -41.8081	  178.1058
2.841	 2.02	 1	 -42.2598	  173.6366
2.842	 2.19	 2	 -41.6371	  174.4866
2.842	 2.26	 1	 -41.8170	  174.2962
2.845	 2.18	 1	 -42.3444	  172.8605
2.845	 2.08	 1	 -41.8076	  174.2184
2.845	 2.35	 2	 -42.2008	  178.3799
2.846	 2.70	 1	 -41.8061	  174.1302
2.846	 2.18	 2	 -41.9329	  178.4374
2.846	 2.85	 2	 -42.6043	  173.1491
2.847	 2.52	 1	 -43.9418	  178.8952
2.847	 2.38	 1	 -42.2492	  173.5751
2.848	 2.05	 1	 -41.8921	  173.6884
2.848	 2.20	 1	 -42.9442	  172.9313
2.849	 2.61	 1	 -41.8462	  174.2182
2.849	 2.03	 2	 -41.7552	  172.8655
2.849	 2.86	 1	 -41.9702	  174.0789
2.850	 2.16	 3	 -41.8633	  178.3994
2.850	 2.10	 2	 -41.9392	  178.2700
2.850	 2.29	 2	 -39.2746	  179.1731
2.851	 2.53	 2	 -41.8222	  174.2025
2.852	 2.61	 1	 -42.1895	  173.6798
2.852	 2.00	 2	 -42.4651	  173.0276
2.852	 2.85	 3	 -41.9598	  178.4868
2.852	 2.55	 1	 -42.3851	  173.4947
2.855	 2.04	 1	 -41.9241	  174.2096
2.855	 4.45	 1	 -41.7776	  174.2151
2.855	 2.02	 2	 -42.4216	  173.0005
2.855	 2.36	 1	 -41.8494	  173.7359
2.855	 2.44	 1	 -41.6597	  174.1949
2.855	 2.87	 1	 -42.4919	  173.5237
2.856	 2.05	 1	 -42.1408	  172.4706
2.858	 2.48	 1	 -42.3075	  173.6268
2.858	 2.51	 1	 -42.3915	  174.0235
2.858	 2.52	 1	 -42.6314	  173.5794
2.859	 2.09	 3	 -41.8146	  178.4798
2.860	 2.59	 1	 -42.6490	  172.7277
2.860	 2.07	 2	 -42.0273	  178.6762
2.861	 2.55	 1	 -41.7152	  174.2850
2.862	 3.19	 1	 -41.7513	  174.4091
2.862	 2.31	 1	 -41.6512	  174.2048
2.862	 2.22	 1	 -41.8385	  174.5580
2.862	 3.23	 1	 -42.6183	  172.8706
2.862	 2.32	 1	 -37.9729	  173.4002
2.863	 2.48	 1	 -42.6694	  173.1725
2.863	 2.24	 2	 -41.8519	  178.2933
2.863	 2.76	 1	 -42.6209	  173.0577
2.863	 2.18	 1	 -42.3831	  173.9883
2.864	 2.28	 2	 -42.8054	  172.8320
2.864	 2.36	 1	 -42.7195	  172.6463
2.865	 3.29	 3	 -41.9283	  178.1391
2.866	 2.50	 1	 -42.4383	  173.0226
2.867	 2.53	 2	 -41.9724	  178.6815
2.867	 2.11	 1	 -42.7401	  173.0597
2.867	 2.19	 1	 -41.8108	  174.4008
2.867	 2.08	 2	 -40.3681	  178.8056
2.868	 2.32	 1	 -42.0306	  173.6193
2.868	 2.26	 2	 -41.9391	  178.4609
2.868	 2.47	 1	 -42.1833	  172.9600
2.870	 2.00	 1	 -41.7803	  174.3013
2.871	 2.19	 1	 -41.7782	  174.0802
2.871	 2.12	 1	 -41.7403	  174.3283
2.871	 2.41	 2	 -41.9793	  178.3652
2.875	 2.09	 1	 -42.3706	  173.3129
2.875	 3.03	 1	 -40.3439	  176.7181
2.875	 2.72	 3	 -42.7458	  172.6809
2.875	 2.46	 1	 -41.6343	  174.3321
2.876	 2.16	 1	 -42.4994	  172.7893
2.876	 2.87	 1	 -42.1582	  173.5719
2.877	 2.01	 1	 -41.7114	  174.2867
2.878	 2.44	 1	 -42.3254	  173.8356
2.878	 2.17	 1	 -42.4826	  173.7642
2.878	 2.27	 1	 -42.3718	  173.7594
2.878	 3.10	 2	 -41.7780	  174.2540
2.879	 2.64	 3	 -41.9427	  178.5112
2.879	 2.28	 1	 -41.7478	  174.3051
2.880	 2.49	 1	 -41.6577	  174.1967
2.880	 2.84	 1	 -42.6279	  172.9755
2.880	 2.12	 1	 -41.9847	  173.6544
2.881	 2.50	 1	 -42.6719	  174.6868
2.881	 2.94	 1	 -42.5238	  173.1955
2.881	 2.16	 2	 -42.3081	  173.0154
2.881	 3.29	 3	 -41.8837	  178.3646
2.882	 2.83	 2	 -42.8076	  172.8685
2.882	 2.06	 1	 -42.2653	  173.6596
2.882	 3.27	 1	 -42.1996	  174.2356
2.883	 3.91	 1	 -41.6679	  174.3093
2.883	 2.85	 1	 -41.7493	  174.2301
2.884	 2.62	 1	 -41.5765	  174.3812
2.884	 2.54	 1	 -42.0089	  174.0235
2.885	 2.02	 1	 -41.7966	  174.2387
2.885	 3.04	 1	 -42.4350	  173.1690
2.885	 2.03	 1	 -42.6142	  172.8375
2.886	 2.89	 1	 -42.7593	  172.7451
2.886	 2.31	 1	 -41.6315	  174.0498
2.886	 2.26	 1	 -41.8081	  174.4200
2.887	 2.07	 1	 -41.6959	  174.2720
2.887	 2.03	 1	 -41.6819	  174.3290
2.887	 2.38	 1	 -43.4427	  171.5240
2.888	 2.93	 1	 -42.5401	  173.1366
2.888	 2.25	 1	 -42.7137	  173.0928
2.889	 2.43	 2	 -41.8947	  178.4094
2.889	 2.17	 2	 -39.0103	  180.4996
2.889	 2.08	 1	 -42.4371	  173.2744
2.891	 2.09	 1	 -42.5486	  173.1090
2.891	 2.00	 2	 -41.7316	  174.1306
2.892	 5.05	 1	 -41.7611	  174.3919
2.892	 2.07	 1	 -42.7426	  172.7073
2.893	 2.02	 1	 -42.1928	  173.6261
2.894	 2.06	 1	 -42.3562	  173.7857
2.895	 2.72	 2	 -41.7742	  178.1652
2.895	 3.53	 1	 -42.2049	  173.8210
2.896	 2.38	 1	 -42.5743	  173.5061
2.896	 2.36	 1	 -42.4403	  173.8073
2.896	 3.34	 2	 -42.2604	  173.8559
2.896	 2.74	 2	 -41.7755	  174.2127
2.896	 3.24	 2	 -42.2044	  173.6454
2.896	 2.10	 1	 -42.2659	  173.8007
2.897	 2.59	 2	 -41.7515	  174.4289
2.897	 2.41	 2	 -41.7953	  174.2110
2.897	 2.79	 1	 -42.2958	  173.8811
2.897	 2.24	 1	 -41.7784	  174.2390
2.898	 2.10	 2	 -41.6460	  174.1509
2.899	 2.18	 3	 -41.9167	  178.3630
2.899	 2.51	 1	 -41.7109	  174.1927
2.900	 2.79	 1	 -42.1356	  173.6191
2.900	 2.12	 2	 -41.8144	  174.3713
2.901	 2.35	 2	 -41.6848	  174.4234
2.901	 2.27	 1	 -41.6875	  172.8778
2.901	 2.27	 1	 -41.6853	  174.2228
2.902	 2.17	 2	 -41.9590	  173.7859
2.902	 2.10	 1	 -42.3942	  173.0949
2.902	 2.45	 2	 -41.9533	  178.3403
2.902	 2.04	 1	 -41.7717	  174.2663
2.902	 3.74	 3	 -42.0255	  178.3461
2.902	 2.92	 3	 -41.9684	  178.4574
2.903	 2.17	 1	 -41.5734	  174.3496
2.904	 2.23	 1	 -42.1681	  173.7611
2.904	 3.34	 1	 -42.2529	  173.4690
2.904	 2.42	 3	 -41.8901	  178.4127
2.904	 2.23	 1	 -41.7115	  174.0605
2.906	 2.10	 1	 -42.2524	  173.6101
2.907	 2.02	 3	 -42.2020	  173.6545
2.907	 2.44	 1	 -44.3007	  172.1176
2.908	 2.30	 2	 -41.8400	  178.4207
2.909	 2.24	 1	 -42.3477	  171.4051
2.910	 2.58	 1	 -42.3287	  173.7724
2.910	 2.20	 2	 -41.4988	  176.9235
2.912	 2.08	 1	 -41.6732	  174.4048
2.913	 2.17	 1	 -41.5931	  174.3256
2.913	 2.79	 2	 -41.7531	  174.3843
2.914	 2.18	 2	 -42.4048	  173.8286
2.914	 2.20	 1	 -42.5615	  173.8345
2.915	 2.06	 1	 -41.7446	  174.2585
2.915	 2.74	 1	 -42.2330	  173.8812
2.915	 2.10	 1	 -42.3841	  173.7432
2.916	 3.57	 2	 -41.3419	  174.5684
2.916	 2.26	 1	 -41.6757	  174.3219
2.916	 2.58	 1	 -42.2019	  173.5680
2.916	 2.31	 1	 -42.2184	  173.8747
2.916	 2.01	 1	 -42.3108	  173.8496
2.916	 2.24	 1	 -42.4525	  173.8315
2.916	 2.44	 1	 -41.8315	  174.2096
2.917	 2.21	 2	 -42.3451	  173.8421
2.917	 2.17	 3	 -41.2853	  178.0469
2.917	 3.51	 1	 -42.4475	  172.5672
2.917	 2.41	 2	 -41.6820	  178.4479
2.919	 2.23	 2	 -40.0802	  179.9831
2.919	 2.19	 2	 -42.1922	  173.5731
2.919	 2.25	 1	 -42.4232	  173.1885
2.920	 3.76	 3	 -41.9038	  178.3399
2.920	 2.02	 2	 -42.0342	  178.3882
2.922	 2.69	 2	 -42.6762	  173.3810
2.924	 2.03	 1	 -42.1547	  173.8931
2.924	 2.11	 1	 -41.8958	  174.0531
2.925	 2.05	 1	 -42.3408	  173.3622
2.925	 2.15	 1	 -42.9650	  172.3725
2.926	 2.72	 2	 -42.3583	  173.9798
2.926	 3.12	 1	 -42.7868	  172.8653
2.927	 2.12	 3	 -41.9724	  178.2842
2.928	 2.08	 2	 -42.1900	  173.6539
2.928	 2.89	 2	 -41.7888	  174.2131
2.929	 2.78	 1	 -41.7074	  174.2277
2.929	 2.47	 2	 -42.0410	  174.7081
2.930	 2.16	 1	 -42.5338	  173.2914
2.930	 2.00	 1	 -42.3200	  173.8996
2.931	 2.02	 3	 -41.6778	  178.2692
2.931	 2.15	 1	 -42.4795	  173.2850
2.931	 2.29	 1	 -41.7971	  174.0075
2.931	 2.69	 1	 -42.3317	  173.9803
2.932	 2.56	 1	 -41.9207	  174.1182
2.933	 6.16	 1	 -42.8396	  173.2713
2.933	 2.52	 1	 -41.6615	  174.3835
2.933	 2.43	 1	 -43.1875	  179.7814
2.933	 2.41	 2	 -44.0654	  172.3222
2.933	 2.15	 1	 -41.6810	  174.2091
2.933	 2.44	 1	 -42.3637	  173.7488
2.934	 2.12	 1	 -41.5884	  174.2554
2.934	 2.52	 2	 -42.8292	  173.2927
2.934	 2.75	 2	 -42.8628	  173.2495
2.934	 2.06	 1	 -41.7081	  174.2481
2.934	 2.24	 2	 -42.5292	  172.7569
2.935	 2.80	 2	 -41.9309	  178.3202
2.936	 2.35	 2	 -42.9414	  173.2971
2.937	 4.33	 1	 -42.0399	  173.6142
2.937	 2.54	 2	 -42.8045	  173.2983
2.937	 2.19	 2	 -42.4503	  172.5614
2.937	 2.07	 2	 -43.1272	  174.8904
2.938	 2.40	 1	 -41.7239	  174.3129
2.938	 2.04	 1	 -42.1385	  173.5391
2.938	 2.14	 2	 -42.0514	  173.6079
2.939	 2.05	 1	 -42.2396	  173.7198
2.939	 2.26	 2	 -42.7435	  173.2598
2.939	 2.18	 1	 -42.0099	  173.8516
2.939	 2.26	 2	 -42.7259	  173.4029
2.939	 2.62	 1	 -42.0694	  173.4239
2.939	 2.29	 2	 -42.0366	  178.3377
2.940	 2.13	 2	 -42.4002	  173.8325
2.940	 2.26	 2	 -42.5724	  173.9916
2.940	 2.94	 2	 -42.8310	  173.2091
2.940	 2.10	 1	 -42.2700	  174.1184
2.941	 2.12	 1	 -42.6195	  173.2387
2.941	 2.74	 2	 -42.2359	  173.4928
2.942	 2.52	 1	 -42.2695	  173.8761
2.942	 3.00	 2	 -42.8193	  173.4283
2.942	 2.08	 1	 -42.3488	  173.9820
2.943	 2.35	 2	 -42.9255	  173.1673
2.943	 2.33	 1	 -41.7097	  174.3232
2.943	 2.15	 1	 -41.7372	  174.3129
2.943	 3.22	 1	 -41.6741	  174.3709
2.943	 2.43	 1	 -42.2428	  173.7907
2.943	 2.00	 2	 -42.7856	  173.1484
2.944	 2.31	 1	 -42.3083	  173.8166
2.944	 2.55	 2	 -42.7248	  173.1484
2.944	 2.00	 1	 -41.6848	  174.0973
2.945	 2.68	 2	 -42.9371	  173.2997
2.945	 2.07	 2	 -42.7975	  173.1957
2.946	 2.57	 1	 -42.2296	  173.4438
2.946	 2.22	 1	 -42.5260	  173.8107
2.946	 2.22	 2	 -42.8057	  173.2749
2.946	 2.00	 2	 -42.8524	  173.3224
2.946	 2.22	 1	 -42.5142	  173.5054
2.949	 2.01	 2	 -42.3018	  175.2198
2.949	 2.78	 1	 -42.2716	  173.7035
2.949	 2.42	 3	 -41.8493	  178.1268
2.949	 2.96	 1	 -42.2280	  173.6460
2.949	 2.28	 1	 -42.2422	  173.5989
2.949	 2.75	 2	 -42.8206	  173.2688
2.949	 3.04	 2	 -41.8534	  178.4635
2.950	 4.14	 1	 -42.3308	  173.7410
2.950	 2.09	 2	 -42.9246	  173.1384
2.950	 2.00	 1	 -41.6671	  174.2780
2.950	 2.22	 1	 -42.6049	  172.9821
2.950	 2.15	 1	 -42.5695	  172.9032
2.950	 2.82	 1	 -42.7819	  173.1515
2.952	 2.41	 1	 -42.2183	  173.4480
2.953	 2.20	 2	 -41.8887	  178.3339
2.953	 3.07	 2	 -41.5893	  174.4876
2.953	 2.14	 1	 -41.4579	  174.1980
2.953	 2.16	 1	 -42.5714	  173.2236
2.953	 2.13	 1	 -42.2548	  173.7796
2.954	 2.20	 5	 -41.9749	  178.3744
2.954	 2.14	 2	 -42.0413	  173.6088
2.954	 2.39	 1	 -42.0387	  173.6654
2.954	 2.02	 2	 -42.8568	  173.1856
2.955	 2.39	 1	 -41.8265	  173.4936
2.955	 2.07	 2	 -42.8199	  173.2455
2.955	 2.13	 2	 -42.8485	  173.2572
2.955	 2.02	 3	 -41.9842	  178.2728
2.956	 2.02	 2	 -43.0367	  173.4686
2.957	 2.29	 2	 -41.9135	  178.3612
2.957	 2.60	 2	 -42.9247	  173.2776
2.959	 2.36	 2	 -43.1220	  174.5294
2.959	 2.12	 2	 -38.8260	  173.2221
2.959	 2.22	 1	 -42.2243	  173.7608
2.960	 2.94	 1	 -42.4715	  173.1224
2.961	 2.02	 2	 -42.8751	  173.2596
2.961	 2.50	 1	 -42.0437	  173.7136
2.962	 2.69	 2	 -42.7764	  173.2552
2.962	 2.05	 1	 -41.7966	  174.2772
2.963	 2.31	 1	 -43.0581	  172.5183
2.963	 2.73	 2	 -42.2510	  173.4695
2.963	 2.78	 1	 -42.0908	  173.7952
2.964	 2.38	 1	 -42.0554	  173.7411
2.965	 2.22	 2	 -42.8458	  173.2503
2.965	 2.17	 1	 -41.8529	  173.9617
2.965	 3.11	 1	 -41.6998	  174.0826
2.965	 2.80	 2	 -42.7534	  173.3773
2.966	 2.23	 2	 -42.0617	  173.6041
2.966	 2.48	 3	 -42.8115	  173.2914
2.966	 2.01	 1	 -41.7624	  174.1691
2.966	 2.19	 1	 -41.6906	  174.2231
2.966	 2.18	 3	 -41.8617	  178.9672
2.967	 2.37	 2	 -42.8175	  173.2226
2.967	 2.29	 2	 -42.4077	  173.8215
2.968	 3.04	 2	 -41.8956	  178.2573
2.968	 2.55	 2	 -42.8470	  173.3173
2.969	 2.59	 1	 -42.1426	  173.6170
2.969	 2.09	 1	 -42.2330	  173.3318
2.970	 2.26	 2	 -41.8287	  178.3314
2.970	 2.06	 2	 -40.5993	  178.1341
2.971	 2.15	 2	 -41.5117	  177.7908
2.971	 2.75	 1	 -42.1697	  173.5325
2.972	 2.26	 1	 -41.7204	  174.2730
2.972	 3.05	 1	 -42.2402	  173.6320
2.972	 2.54	 2	 -43.4966	  172.4629
2.972	 2.64	 1	 -42.0994	  173.6260
2.976	 2.17	 2	 -41.7182	  174.2893
2.977	 2.48	 1	 -42.2253	  173.6206
2.977	 2.08	 2	 -41.7692	  174.4642
2.979	 2.01	 2	 -42.9922	  173.4003
2.979	 2.03	 1	 -42.3324	  173.3762
2.979	 2.30	 1	 -41.6523	  174.2231
2.980	 2.52	 1	 -42.4663	  173.1195
2.980	 2.73	 1	 -43.0663	  173.1749
2.981	 3.09	 1	 -42.4041	  173.7407
2.982	 2.11	 2	 -42.8763	  173.1542
2.982	 3.43	 1	 -41.5570	  174.5117
2.983	 2.98	 1	 -42.2089	  173.6072
2.984	 2.14	 2	 -43.0887	  173.5275
2.984	 2.27	 1	 -41.6584	  174.1711
2.984	 3.24	 2	 -40.7528	  172.5197
2.985	 2.47	 1	 -42.5368	  174.6936
2.986	 2.91	 1	 -41.6902	  174.1956
2.986	 2.67	 1	 -41.4309	  173.3964
2.986	 2.59	 1	 -41.7442	  174.2546
2.987	 2.03	 2	 -42.8244	  173.1138
2.987	 2.32	 1	 -42.1080	  173.7974
2.987	 2.44	 1	 -41.6761	  174.4111
2.987	 2.38	 2	 -42.9012	  173.3541
2.989	 2.38	 2	 -42.3735	  173.6610
2.990	 2.72	 1	 -43.8266	  173.4039
2.990	 2.22	 1	 -42.7301	  173.1126
2.990	 2.37	 2	 -42.0107	  178.3122
2.991	 2.26	 2	 -41.6882	  174.2982
2.992	 2.07	 1	 -42.4838	  173.0517
2.992	 3.21	 1	 -42.1468	  173.5848
2.992	 2.96	 1	 -42.2476	  173.4519
2.992	 2.40	 2	 -41.8134	  178.2740
2.992	 3.12	 2	 -42.0289	  178.3618
2.993	 2.13	 2	 -43.0050	  173.3773
2.993	 2.27	 2	 -42.8015	  173.2140
2.993	 3.04	 2	 -42.7550	  173.2363
2.993	 2.70	 2	 -42.8959	  173.2539
2.993	 2.01	 1	 -42.5859	  173.0162
2.993	 3.48	 1	 -42.3372	  173.7038
2.995	 2.61	 2	 -42.7284	  172.7478
2.996	 2.33	 2	 -42.8596	  173.1599
2.997	 2.14	 2	 -42.8675	  173.0869
2.998	 2.58	 2	 -42.9619	  173.4615
2.998	 2.55	 2	 -42.4703	  173.9184
2.999	 2.01	 2	 -42.7371	  173.3917
2.999	 2.09	 1	 -42.7045	  172.8235
2.999	 2.62	 1	 -41.8009	  174.2366
2.999	 2.19	 2	 -42.2153	  173.6548
2.999	 3.69	 1	 -42.5198	  173.1215
3.000	 2.15	 2	 -41.9213	  178.3960
3.000	 2.05	 2	 -42.2268	  173.9598
3.000	 2.10	 2	 -42.8908	  172.6874
3.000	 2.13	 2	 -41.9459	  178.5696
3.001	 2.01	 2	 -42.8059	  173.5610
3.001	 2.17	 1	 -42.4583	  173.8197
3.001	 2.18	 2	 -41.8131	  177.5526
3.001	 2.14	 2	 -42.5137	  173.1648
3.001	 2.13	 1	 -42.0144	  173.8434
3.002	 2.30	 2	 -41.8479	  178.2731
3.002	 2.31	 1	 -42.6569	  172.7762
3.003	 2.81	 2	 -42.8514	  173.2200
3.003	 2.24	 2	 -42.6104	  172.7204
3.003	 2.11	 1	 -41.6815	  174.2495
3.005	 3.09	 1	 -43.8516	  173.1945
3.005	 2.44	 3	 -42.8188	  172.8643
3.005	 2.09	 1	 -42.5265	  172.7882
3.005	 2.37	 1	 -42.3263	  173.6136
3.006	 2.35	 3	 -42.7559	  172.7246
3.006	 2.62	 1	 -41.5451	  174.3807
3.007	 2.07	 1	 -42.2618	  173.6467
3.007	 2.59	 1	 -42.3167	  173.5472
3.008	 2.23	 2	 -42.5099	  173.4622
3.008	 2.10	 1	 -42.0164	  173.7524
3.009	 2.32	 1	 -42.4855	  173.7971
3.009	 2.03	 2	 -42.3452	  173.7789
3.009	 3.45	 2	 -42.7994	  173.2846
3.009	 3.27	 2	 -43.2381	  173.0036
3.009	 2.09	 2	 -42.8851	  173.3375
3.011	 2.31	 2	 -43.1892	  173.6512
3.011	 2.09	 1	 -42.2760	  172.8752
3.011	 3.03	 2	 -42.8868	  173.2742
3.013	 2.00	 3	 -41.8084	  178.3879
3.013	 2.41	 1	 -42.4494	  173.3244
3.013	 2.60	 1	 -42.4448	  173.1842
3.013	 4.01	 1	 -42.9115	  174.6484
3.013	 2.24	 2	 -42.8147	  173.2757
3.013	 2.04	 1	 -40.5761	  174.5024
3.015	 2.31	 1	 -42.4239	  172.6217
3.015	 2.07	 2	 -42.7955	  173.2657
3.016	 2.39	 2	 -42.6279	  172.9193
3.016	 2.53	 3	 -41.9513	  178.4350
3.017	 3.74	 1	 -41.8529	  174.1842
3.017	 2.85	 1	 -42.1383	  173.7797
3.017	 2.06	 2	 -42.7444	  173.2621
3.018	 2.26	 2	 -42.7683	  173.3478
3.019	 2.03	 1	 -41.8450	  174.0981
3.019	 2.10	 1	 -41.7497	  173.4671
3.019	 2.03	 1	 -42.4267	  173.4117
3.019	 2.63	 1	 -41.9000	  173.6456
3.020	 3.13	 2	 -41.6090	  178.0832
3.021	 2.64	 1	 -42.1199	  173.7439
3.022	 2.04	 1	 -41.7498	  174.1716
3.023	 2.16	 1	 -42.5597	  173.0091
3.023	 2.87	 2	 -41.7425	  174.1971
3.023	 2.42	 1	 -42.4701	  173.1666
3.023	 2.07	 1	 -42.5310	  172.8953
3.024	 2.25	 1	 -43.8736	  174.4969
3.024	 2.01	 2	 -42.2809	  173.7036
3.024	 2.12	 2	 -42.1763	  173.6751
3.025	 2.03	 1	 -42.4265	  173.3092
3.026	 2.08	 2	 -41.9581	  178.2244
3.027	 3.38	 1	 -41.9680	  173.7558
3.027	 2.01	 2	 -42.8045	  172.7541
3.027	 2.72	 1	 -42.7054	  173.0555
3.027	 2.16	 2	 -42.5184	  174.3540
3.028	 2.31	 1	 -42.2837	  173.9050
3.029	 2.05	 1	 -42.3602	  173.7381
3.029	 3.34	 1	 -42.5316	  173.8117
3.029	 2.09	 2	 -41.9016	  174.1506
3.030	 2.49	 1	 -42.2989	  173.6478
3.030	 2.37	 2	 -43.0050	  173.1796
3.030	 2.40	 1	 -41.6834	  174.2760
3.030	 2.06	 1	 -42.1902	  173.6175
3.031	 2.36	 2	 -42.8658	  173.2262
3.031	 2.61	 1	 -42.4515	  173.2248
3.031	 3.20	 2	 -41.7337	  174.3976
3.032	 2.91	 2	 -42.7946	  173.2458
3.032	 2.56	 1	 -42.4999	  173.0378
3.032	 2.11	 1	 -42.3706	  174.1220
3.032	 2.12	 1	 -42.3301	  173.7059
3.033	 2.43	 1	 -41.8696	  174.2875
3.033	 3.56	 1	 -43.6287	  172.8744
3.033	 2.25	 1	 -42.1197	  173.9900
3.033	 3.05	 1	 -42.7359	  174.7018
3.034	 2.21	 2	 -41.6467	  174.3430
3.034	 2.07	 2	 -42.7996	  173.3971
3.034	 2.26	 1	 -42.5931	  173.0023
3.035	 2.07	 1	 -42.0134	  173.8232
3.036	 2.37	 1	 -42.1069	  173.6468
3.036	 2.15	 2	 -43.0669	  173.1473
3.036	 2.28	 1	 -42.1009	  173.6600
3.036	 2.84	 2	 -42.7473	  173.2067
3.036	 2.11	 1	 -42.1568	  173.5307
3.036	 2.39	 2	 -42.7179	  173.4622
3.037	 2.03	 2	 -42.6192	  173.0757
3.037	 2.11	 2	 -42.5249	  174.2492
3.039	 2.59	 2	 -42.9109	  173.3313
3.039	 2.41	 2	 -41.9809	  178.3412
3.039	 2.22	 2	 -42.5277	  172.6124
3.040	 2.38	 1	 -42.2561	  173.7065
3.040	 2.08	 2	 -41.7942	  178.4949
3.040	 3.51	 2	 -42.7889	  173.3188
3.041	 2.44	 1	 -42.5495	  173.3945
3.042	 2.11	 2	 -42.4853	  173.2273
3.042	 2.19	 2	 -41.6078	  174.8156
3.043	 2.08	 2	 -42.3774	  173.1720
3.043	 2.21	 1	 -42.7824	  174.3184
3.043	 2.56	 2	 -42.8444	  173.2720
3.043	 2.41	 1	 -42.4597	  173.9326
3.043	 2.43	 1	 -41.7395	  174.2323
3.044	 2.03	 1	 -41.7223	  174.4206
3.044	 2.55	 1	 -42.6131	  173.1700
3.044	 2.18	 1	 -41.7441	  174.1002
3.046	 2.92	 2	 -42.0581	  178.3656
3.046	 2.26	 1	 -42.3092	  173.6155
3.047	 2.29	 1	 -42.5391	  173.0680
3.047	 2.18	 1	 -42.6550	  173.0935
3.050	 2.05	 1	 -41.4269	  173.7495
3.051	 3.42	 2	 -42.8578	  173.2805
3.051	 2.05	 2	 -42.5132	  172.9466
3.051	 2.12	 1	 -41.7094	  174.1199
3.052	 3.38	 2	 -42.7793	  173.2964
3.052	 2.24	 1	 -41.5432	  174.2205
3.052	 2.60	 2	 -42.8476	  173.1694
3.053	 2.08	 1	 -42.0905	  173.5750
3.053	 2.25	 1	 -42.6020	  172.8603
3.053	 2.15	 2	 -42.8128	  173.3352
3.054	 2.61	 2	 -42.9036	  173.1510
3.054	 2.29	 2	 -42.7721	  173.0796
3.055	 2.61	 2	 -42.8596	  173.2255
3.056	 2.16	 1	 -42.1157	  173.2494
3.057	 2.14	 1	 -41.6966	  174.1942
3.057	 2.36	 3	 -42.2640	  179.0235
3.058	 2.22	 1	 -42.2988	  173.0758
3.058	 2.61	 2	 -42.7431	  173.2386
3.059	 2.01	 2	 -42.9723	  173.3578
3.059	 2.38	 2	 -41.9309	  174.0278
3.059	 3.43	 2	 -41.9705	  178.3563
3.059	 2.48	 1	 -42.4463	  173.3661
3.059	 2.69	 1	 -42.4558	  173.3289
3.059	 2.26	 2	 -43.0904	  173.0690
3.059	 3.72	 1	 -41.8028	  174.2100
3.062	 2.65	 1	 -42.2779	  173.6989
3.062	 2.40	 2	 -42.0169	  178.2181
3.063	 2.43	 1	 -42.2921	  173.7468
3.064	 2.44	 2	 -41.9335	  178.2885
3.066	 2.17	 1	 -42.1191	  174.4195
3.066	 2.30	 2	 -42.8999	  173.3335
3.066	 2.01	 1	 -42.5009	  173.1831
3.067	 2.68	 2	 -42.9889	  173.4735
3.068	 2.28	 2	 -42.8553	  173.2816
3.068	 2.77	 1	 -42.2514	  173.6231
3.068	 2.81	 2	 -43.1004	  173.3791
3.069	 2.11	 1	 -42.7664	  172.5883
3.069	 2.37	 2	 -41.8975	  178.4161
3.069	 2.77	 3	 -41.7292	  174.1584
3.069	 2.04	 1	 -42.2782	  172.6318
3.070	 3.61	 2	 -42.7378	  173.6236
3.070	 2.77	 1	 -41.7288	  174.3008
3.070	 2.07	 1	 -41.7430	  173.7517
3.072	 3.23	 1	 -42.9434	  172.6484
3.072	 2.13	 2	 -42.8197	  173.1930
3.073	 2.11	 1	 -42.2889	  173.6173
3.073	 2.13	 1	 -42.2135	  180.4229
3.073	 2.71	 1	 -41.7152	  174.4056
3.074	 2.81	 1	 -41.8091	  174.3180
3.074	 2.02	 1	 -42.7565	  170.3940
3.075	 2.02	 2	 -42.8510	  173.2942
3.076	 2.84	 1	 -42.3874	  174.0659
3.076	 2.21	 2	 -41.8220	  178.4505
3.076	 2.32	 1	 -41.8645	  174.3647
3.077	 3.14	 2	 -42.7822	  173.2971
3.077	 2.33	 1	 -42.6257	  173.3028
3.078	 2.29	 1	 -41.7369	  174.3334
3.078	 2.49	 1	 -42.1505	  173.8058
3.079	 2.73	 1	 -41.6929	  174.2876
3.080	 2.39	 1	 -42.1779	  173.8518
3.082	 2.17	 1	 -42.3545	  173.3312
3.082	 2.33	 1	 -42.5293	  173.0321
3.082	 2.23	 2	 -42.2216	  173.6504
3.083	 2.04	 3	 -41.7949	  178.2757
3.083	 2.00	 1	 -41.6790	  174.4085
3.084	 2.65	 1	 -41.7454	  174.1400
3.084	 2.16	 1	 -41.8088	  174.0854
3.084	 2.20	 1	 -41.6633	  174.2563
3.084	 2.17	 1	 -41.9569	  173.9073
3.084	 2.46	 1	 -42.5580	  173.1007
3.084	 2.97	 1	 -42.7920	  172.6106
3.084	 2.03	 4	 -41.7966	  178.7984
3.084	 2.47	 2	 -42.8486	  173.1363
3.084	 2.74	 1	 -42.2483	  172.9554
3.085	 2.19	 3	 -41.8082	  178.2596
3.085	 2.22	 2	 -42.8293	  173.3142
3.086	 2.43	 1	 -42.2351	  173.8918
3.086	 2.48	 2	 -43.1116	  173.3352
3.087	 2.02	 1	 -41.7833	  174.1076
3.087	 2.41	 1	 -42.0798	  173.5182
3.088	 2.25	 1	 -42.2638	  173.3658
3.088	 2.06	 1	 -41.8619	  174.2467
3.088	 2.14	 1	 -46.6942	  172.7796
3.089	 2.45	 1	 -42.0972	  173.7784
3.089	 3.45	 1	 -42.7811	  173.0399
3.089	 2.01	 1	 -42.4846	  173.2003
3.090	 3.21	 1	 -41.7639	  174.3097
3.090	 2.47	 2	 -41.6281	  174.1365
3.090	 2.73	 2	 -42.8836	  173.2307
3.090	 2.20	 1	 -42.5932	  173.9449
3.091	 2.06	 2	 -42.0148	  174.4632
3.091	 2.34	 1	 -42.2550	  173.8436
3.091	 2.29	 3	 -41.6007	  178.0386
3.092	 2.43	 2	 -41.7425	  173.7162
3.093	 2.37	 1	 -43.0386	  176.2055
3.093	 2.41	 1	 -41.7482	  174.2488
3.093	 2.10	 2	 -42.0864	  170.5057
3.094	 2.86	 1	 -42.3734	  173.1751
3.094	 2.46	 2	 -42.7622	  173.3062
3.094	 2.82	 1	 -42.7145	  173.0666
3.096	 2.99	 3	 -42.2646	  173.7701
3.096	 2.02	 1	 -42.4765	  172.5836
3.096	 2.08	 3	 -41.9343	  178.3946
3.096	 2.40	 2	 -42.1562	  173.8186
3.097	 2.14	 1	 -41.8269	  174.2452
3.097	 2.64	 1	 -42.3145	  173.9513
3.097	 2.05	 1	 -41.9771	  174.0786
3.098	 3.19	 1	 -41.7108	  174.3195
3.098	 2.36	 1	 -42.1264	  173.8015
3.098	 2.24	 1	 -42.5550	  173.3108
3.098	 2.29	 2	 -42.7985	  173.2100
3.098	 2.10	 2	 -42.8258	  173.1862
3.099	 2.20	 1	 -41.7904	  174.3083
3.099	 2.06	 1	 -42.5042	  173.3043
3.099	 2.44	 2	 -41.7703	  178.3548
3.101	 2.29	 2	 -42.4576	  172.9547
3.101	 2.07	 2	 -42.2900	  173.7463
3.102	 2.09	 2	 -42.8105	  173.2506
3.102	 2.02	 2	 -42.8603	  173.2560
3.102	 3.56	 1	 -42.4533	  173.2294
3.103	 2.29	 1	 -42.4590	  173.1803
3.103	 2.01	 3	 -42.0817	  178.2726
3.103	 2.17	 2	 -42.8186	  173.1960
3.104	 3.09	 2	 -41.9495	  173.0791
3.104	 2.32	 1	 -41.7372	  174.1424
3.105	 3.42	 1	 -41.8157	  174.2877
3.105	 2.11	 1	 -42.2613	  173.7219
3.105	 2.44	 2	 -42.7698	  172.7705
3.106	 2.69	 1	 -41.1036	  171.4647
3.106	 2.62	 2	 -42.5485	  172.9471
3.106	 3.27	 2	 -42.9032	  173.2025
3.107	 2.69	 1	 -42.1982	  173.8034
3.107	 2.43	 1	 -42.4884	  173.6661
3.107	 2.46	 2	 -42.8835	  173.3481
3.108	 2.18	 2	 -43.0559	  173.1651
3.108	 2.19	 1	 -41.8428	  172.3567
3.109	 3.37	 2	 -42.8597	  173.2141
3.109	 2.12	 2	 -41.9745	  178.0785
3.109	 2.18	 1	 -38.4256	  172.5169
3.110	 2.17	 1	 -42.5734	  173.8448
3.110	 2.58	 1	 -42.0026	  173.6994
3.111	 2.91	 1	 -42.1926	  173.7226
3.111	 2.05	 1	 -42.6475	  172.8758
3.111	 2.12	 1	 -42.3680	  173.0390
3.112	 2.07	 1	 -41.2176	  174.0592
3.112	 2.02	 1	 -42.6658	  173.4474
3.112	 2.91	 1	 -42.0806	  174.2873
3.112	 2.21	 1	 -41.6489	  174.1467
3.112	 2.63	 1	 -41.7529	  174.3500
3.113	 2.39	 3	 -41.9643	  178.4098
3.113	 2.16	 1	 -43.1414	  173.1234
3.113	 2.06	 1	 -42.4346	  173.7770
3.114	 3.44	 3	 -41.9645	  178.3630
3.115	 2.15	 2	 -41.7888	  174.2147
3.115	 2.23	 3	 -42.8668	  173.2254
3.116	 2.51	 1	 -41.9406	  173.9925
3.116	 2.05	 2	 -42.1939	  177.9366
3.117	 2.20	 2	 -42.8291	  173.2964
3.117	 2.18	 1	 -41.9948	  171.9594
3.119	 2.06	 2	 -41.7636	  178.8084
3.119	 2.44	 1	 -42.1011	  174.2781
3.119	 2.13	 2	 -41.7805	  174.3632
3.119	 2.18	 1	 -42.6964	  172.8753
3.120	 2.01	 1	 -42.5152	  173.1402
3.120	 3.09	 1	 -42.1278	  173.5416
3.121	 2.53	 2	 -43.3950	  174.5563
3.121	 2.19	 1	 -41.7939	  174.2587
3.121	 2.17	 1	 -43.1869	  174.1592
3.121	 2.26	 2	 -42.6798	  173.1167
3.123	 2.70	 1	 -41.6969	  174.2863
3.123	 2.36	 3	 -42.2262	  174.1643
3.124	 2.22	 1	 -42.7032	  173.2992
3.125	 2.13	 1	 -41.8863	  173.6035
3.126	 2.91	 2	 -42.7122	  172.9453
3.126	 2.26	 2	 -41.6997	  174.3435
3.127	 2.90	 1	 -41.7625	  174.5310
3.127	 2.23	 1	 -42.2580	  174.3357
3.129	 2.03	 1	 -42.5088	  174.0852
3.129	 2.58	 1	 -42.7406	  172.8914
3.130	 2.09	 1	 -42.2762	  174.1329
3.130	 2.51	 1	 -42.4219	  173.3656
3.131	 2.18	 1	 -41.6891	  174.1172
3.131	 2.90	 1	 -42.3698	  172.9525
3.131	 2.25	 1	 -41.8367	  174.2661
3.132	 2.44	 2	 -41.8157	  178.3417
3.133	 2.00	 1	 -42.2306	  173.4797
3.134	 2.39	 1	 -41.9588	  174.0718
3.134	 2.09	 2	 -43.0907	  173.0999
3.134	 2.43	 1	 -41.8180	  174.1656
3.134	 3.17	 1	 -42.3681	  173.6657
3.134	 2.37	 1	 -42.3180	  173.1794
3.135	 2.12	 2	 -42.0104	  173.7014
3.135	 2.04	 1	 -42.5099	  172.8527
3.135	 2.69	 1	 -42.3976	  173.5942
3.136	 2.46	 1	 -41.7990	  174.1853
3.136	 2.07	 3	 -41.7955	  178.0926
3.136	 2.62	 1	 -42.0563	  173.6812
3.136	 2.36	 1	 -42.2833	  173.7172
3.136	 2.49	 3	 -42.7664	  172.8431
3.137	 2.15	 1	 -41.9801	  173.8741
3.138	 2.10	 1	 -42.5597	  173.0499
3.138	 2.04	 2	 -42.8003	  173.3279
3.139	 2.19	 1	 -42.4771	  173.9377
3.140	 3.03	 1	 -42.7030	  172.9388
3.140	 2.07	 1	 -42.6678	  172.7979
3.141	 3.20	 3	 -41.9428	  178.4348
3.141	 2.29	 2	 -42.5135	  172.9351
3.141	 2.07	 1	 -42.5549	  173.1606
3.141	 2.43	 1	 -41.6863	  174.1780
3.142	 2.25	 1	 -41.9723	  174.0323
3.142	 3.01	 2	 -47.2328	  172.3063
3.143	 2.42	 2	 -42.8177	  173.3306
3.144	 2.31	 1	 -41.7834	  174.2214
3.144	 2.02	 1	 -41.7572	  174.2622
3.144	 2.58	 3	 -41.9733	  178.1507
3.144	 3.46	 3	 -42.8993	  173.1987
3.144	 2.72	 1	 -41.5877	  174.4160
3.145	 2.22	 1	 -42.4260	  173.3397
3.145	 2.51	 1	 -42.5298	  173.1270
3.147	 2.07	 2	 -41.8380	  174.3661
3.149	 2.00	 1	 -44.0988	  171.1053
3.149	 2.08	 1	 -42.3084	  173.7048
3.149	 2.44	 2	 -41.9707	  178.3546
3.149	 2.67	 1	 -42.8964	  172.5567
3.150	 2.43	 1	 -42.1928	  173.5932
3.150	 2.15	 1	 -42.3161	  173.6312
3.151	 4.45	 2	 -42.8453	  173.2964
3.151	 2.45	 1	 -42.6754	  173.2025
3.151	 2.25	 1	 -42.2977	  173.6910
3.151	 2.51	 1	 -42.0655	  173.6409
3.151	 2.54	 1	 -43.2954	  173.5549
3.152	 2.00	 1	 -41.8892	  173.5338
3.153	 2.44	 2	 -42.8648	  173.2932
3.153	 2.19	 1	 -41.8580	  174.3296
3.154	 2.23	 1	 -41.7346	  174.3256
3.154	 2.21	 1	 -42.4818	  173.0745
3.155	 3.00	 1	 -42.3606	  174.0401
3.155	 2.30	 1	 -42.4125	  173.1851
3.156	 2.14	 1	 -41.8183	  174.3725
3.156	 2.15	 1	 -38.0883	  171.6990
3.159	 2.18	 2	 -42.0374	  174.1295
3.159	 2.04	 1	 -43.0050	  173.2070
3.159	 2.45	 1	 -42.0063	  173.6174
3.160	 2.12	 2	 -41.5174	  178.0606
3.160	 2.41	 1	 -42.2571	  173.4173
3.160	 3.33	 2	 -43.7536	  173.1889
3.160	 2.11	 1	 -42.2075	  173.6777
3.161	 2.44	 1	 -42.6314	  172.9284
3.163	 2.36	 1	 -42.2686	  173.7939
3.163	 2.90	 2	 -41.7465	  174.4889
3.164	 2.12	 2	 -41.9378	  173.7428
3.165	 2.11	 1	 -41.6150	  174.1729
3.165	 2.04	 1	 -42.2630	  173.8548
3.166	 2.09	 2	 -42.8887	  173.3080
3.167	 2.02	 1	 -42.2667	  173.3478
3.167	 2.31	 2	 -41.8873	  174.5603
3.167	 2.39	 2	 -42.3167	  173.7143
3.168	 3.35	 1	 -42.3190	  173.0448
3.168	 2.90	 1	 -42.4800	  173.1092
3.168	 2.04	 1	 -41.7585	  174.2225
3.168	 2.07	 2	 -42.8583	  173.2487
3.168	 2.05	 2	 -42.5820	  172.9296
3.168	 2.17	 1	 -42.3233	  173.3640
3.169	 3.75	 1	 -42.4553	  173.7838
3.169	 2.21	 1	 -42.6549	  172.8561
3.169	 2.51	 1	 -42.2252	  173.5140
3.170	 2.64	 2	 -41.9204	  178.3852
3.170	 2.72	 1	 -42.7511	  174.6379
3.170	 2.29	 1	 -42.0030	  173.7032
3.171	 2.07	 1	 -42.3324	  173.6863
3.171	 2.17	 2	 -42.5618	  173.5802
3.171	 2.98	 2	 -42.3908	  173.0820
3.171	 2.51	 1	 -41.9905	  173.5722
3.171	 2.51	 1	 -42.2618	  173.5543
3.173	 2.31	 1	 -41.5876	  174.3265
3.173	 2.07	 3	 -42.0577	  178.3615
3.173	 2.84	 2	 -41.2303	  177.1502
3.174	 2.36	 2	 -41.7829	  174.1044
3.174	 2.76	 1	 -41.7035	  174.2793
3.174	 3.05	 1	 -42.4051	  173.1219
3.174	 2.53	 1	 -42.1043	  172.8634
3.174	 2.41	 1	 -42.7893	  174.6005
3.174	 3.30	 2	 -41.8824	  178.4083
3.175	 2.59	 3	 -41.9745	  173.0838
3.175	 2.34	 1	 -42.5752	  172.8897
3.176	 2.66	 1	 -42.5368	  172.7008
3.176	 2.06	 1	 -42.1533	  173.6815
3.176	 5.93	 1	 -42.4997	  173.0814
3.177	 2.04	 2	 -43.2759	  173.6014
3.177	 2.08	 2	 -42.7010	  173.1568
3.177	 2.37	 1	 -41.7076	  174.1175
3.178	 2.11	 1	 -42.2570	  173.9252
3.178	 2.50	 2	 -42.1718	  173.7567
3.179	 3.58	 1	 -42.3888	  173.3747
3.179	 2.12	 2	 -42.3458	  174.0505
3.179	 2.17	 1	 -41.6246	  174.2621
3.179	 2.47	 1	 -42.5330	  173.2594
3.179	 2.07	 1	 -42.1274	  173.8250
3.180	 2.42	 2	 -42.4443	  173.1284
3.180	 2.08	 2	 -42.4841	  174.3631
3.181	 2.10	 2	 -42.8477	  173.2403
3.181	 2.34	 1	 -42.2097	  173.6403
3.181	 2.19	 1	 -42.4129	  173.8320
3.181	 2.43	 2	 -42.4107	  173.2092
3.181	 2.47	 1	 -42.4274	  173.0512
3.182	 3.51	 1	 -41.7176	  174.2368
3.182	 2.41	 1	 -43.2024	  170.1598
3.184	 2.16	 2	 -42.8331	  173.2989
3.184	 2.74	 1	 -41.7236	  174.3007
3.185	 2.94	 2	 -42.7959	  173.2297
3.185	 2.02	 1	 -41.7110	  174.1762
3.186	 2.60	 2	 -42.5516	  173.0811
3.186	 3.41	 2	 -42.7708	  172.8973
3.186	 2.32	 2	 -40.8891	  172.3048
3.186	 2.36	 2	 -43.1662	  172.7253
3.187	 2.75	 1	 -42.3705	  172.6730
3.187	 2.94	 1	 -41.9821	  173.7629
3.187	 2.02	 2	 -41.6186	  172.3212
3.187	 2.39	 3	 -43.2437	  173.0682
3.188	 2.13	 3	 -41.7117	  173.7197
3.188	 2.04	 2	 -41.9372	  178.3380
3.188	 2.78	 1	 -41.7333	  174.3496
3.189	 2.01	 2	 -43.3410	  174.1815
3.189	 2.14	 2	 -41.5168	  174.5808
3.190	 2.02	 2	 -42.5576	  173.0141
3.190	 2.73	 4	 -41.9587	  178.4400
3.190	 2.22	 1	 -41.6800	  174.2264
3.191	 2.13	 2	 -42.4667	  173.1926
3.191	 2.12	 2	 -42.8823	  173.2745
3.191	 2.37	 1	 -41.5999	  174.0739
3.191	 2.93	 1	 -42.2488	  173.8803
3.191	 2.29	 1	 -42.4344	  173.4559
3.192	 3.15	 2	 -43.1061	  173.4569
3.192	 2.80	 2	 -41.7925	  173.9289
3.192	 2.45	 1	 -41.8346	  174.2498
3.192	 2.15	 1	 -42.2712	  173.9142
3.193	 3.07	 1	 -42.2771	  173.5949
3.193	 2.12	 1	 -41.6845	  174.2231
3.193	 2.10	 1	 -42.3230	  174.0185
3.194	 2.05	 1	 -41.7031	  174.3027
3.195	 2.12	 2	 -41.8463	  178.3715
3.195	 2.19	 3	 -41.7742	  174.4336
3.195	 2.56	 2	 -42.3134	  173.1063
3.195	 2.19	 1	 -42.0167	  173.8475
3.196	 2.11	 2	 -42.4971	  173.0535
3.196	 3.96	 3	 -41.8728	  178.4141
3.196	 2.64	 2	 -42.8368	  173.3810
3.196	 2.58	 1	 -41.6915	  174.2795
3.197	 2.07	 1	 -41.9965	  173.9782
3.197	 2.38	 1	 -41.9486	  174.4095
3.197	 2.68	 2	 -42.5073	  173.1626
3.197	 2.55	 2	 -42.8410	  173.3285
3.198	 2.58	 1	 -42.6599	  172.8094
3.199	 2.52	 1	 -42.2614	  173.7129
3.200	 4.06	 1	 -43.5406	  172.7487
3.200	 2.57	 2	 -42.8306	  173.3623
3.200	 2.34	 2	 -42.5195	  173.5690
3.200	 2.36	 1	 -46.0590	  170.4843
3.200	 2.60	 1	 -42.5934	  172.8282
3.201	 2.74	 3	 -42.0520	  178.1620
3.201	 2.23	 2	 -44.1359	  172.5002
3.202	 2.05	 3	 -42.6874	  172.9138
3.203	 2.68	 1	 -42.0752	  173.8034
3.203	 2.01	 2	 -42.6691	  173.9846
3.204	 2.38	 2	 -42.6994	  172.9279
3.204	 2.20	 1	 -42.1977	  173.6204
3.204	 2.25	 2	 -42.8239	  173.3319
3.204	 2.93	 1	 -42.1606	  173.5893
3.204	 2.08	 2	 -42.3868	  173.3649
3.205	 2.75	 2	 -42.4717	  173.0971
3.205	 3.04	 2	 -42.5301	  173.1517
3.205	 2.05	 1	 -42.4405	  173.5840
3.205	 2.99	 1	 -41.6601	  174.2803
3.205	 2.80	 2	 -42.8117	  173.3676
3.206	 2.27	 2	 -42.8490	  173.2440
3.206	 3.02	 2	 -42.5172	  173.0862
3.206	 2.06	 1	 -42.1674	  173.4618
3.206	 2.85	 1	 -41.8046	  174.3412
3.207	 2.03	 2	 -42.4019	  173.1031
3.209	 3.39	 2	 -42.6804	  173.1989
3.209	 2.37	 2	 -42.6878	  173.2272
3.209	 2.45	 2	 -42.5387	  173.0537
3.209	 2.74	 1	 -41.7088	  173.8654
3.210	 2.13	 1	 -42.6428	  172.8976
3.212	 2.17	 1	 -41.6965	  174.2493
3.212	 2.63	 1	 -41.9335	  173.7469
3.213	 2.31	 2	 -42.8588	  173.1692
3.213	 2.14	 1	 -42.0715	  173.9086
3.214	 2.23	 1	 -41.7536	  174.3315
3.214	 2.00	 2	 -42.4464	  173.1605
3.214	 2.19	 2	 -42.6051	  172.8529
3.214	 2.28	 2	 -43.5424	  182.4998
3.214	 2.31	 1	 -42.0579	  173.3924
3.215	 2.33	 1	 -42.2727	  173.9706
3.217	 2.14	 1	 -42.7900	  172.9742
3.218	 2.02	 2	 -42.4536	  173.0565
3.218	 4.46	 2	 -42.6825	  173.2693
3.219	 2.38	 2	 -41.7372	  174.2721
3.220	 2.00	 2	 -42.5871	  172.8822
3.220	 3.07	 2	 -42.4807	  173.1289
3.221	 2.38	 1	 -41.8351	  174.2061
3.221	 2.03	 2	 -42.5144	  173.1883
3.221	 2.99	 2	 -42.4674	  173.0719
3.221	 2.16	 1	 -42.4388	  173.1175
3.222	 2.88	 2	 -42.1111	  172.4564
3.223	 3.25	 2	 -41.9732	  178.4289
3.223	 2.16	 1	 -42.4943	  173.6737
3.224	 2.74	 1	 -42.5153	  173.1219
3.224	 2.06	 2	 -42.4586	  173.0545
3.224	 2.12	 2	 -41.9859	  174.0841
3.224	 2.31	 2	 -42.0327	  178.4153
3.225	 2.32	 1	 -41.6879	  174.4760
3.225	 2.08	 2	 -42.5997	  173.1016
3.225	 2.20	 2	 -42.7807	  173.0380
3.225	 2.00	 1	 -42.6179	  173.6669
3.225	 2.05	 1	 -41.8507	  172.8461
3.225	 2.25	 1	 -42.1421	  173.6555
3.226	 2.20	 2	 -42.8970	  173.4430
3.226	 2.51	 1	 -41.7607	  174.2661
3.226	 2.79	 1	 -41.7188	  174.3809
3.226	 2.06	 1	 -41.7238	  174.2793
3.226	 2.55	 1	 -42.5391	  173.1536
3.227	 2.08	 2	 -42.7291	  172.5628
3.227	 2.13	 1	 -42.2311	  174.0008
3.228	 2.20	 1	 -42.6274	  173.4172
3.228	 2.11	 1	 -42.3770	  174.0263
3.228	 3.89	 2	 -42.7299	  173.1006
3.228	 2.36	 2	 -42.5023	  173.1732
3.228	 2.16	 1	 -40.7896	  176.1608
3.229	 2.53	 1	 -41.8026	  174.2960
3.229	 2.30	 1	 -41.7963	  173.2627
3.229	 2.27	 1	 -42.5014	  173.0438
3.229	 2.16	 2	 -42.7618	  173.3089
3.229	 3.72	 2	 -42.0167	  178.2794
3.229	 2.56	 2	 -42.8200	  173.3447
3.229	 2.16	 2	 -42.4973	  173.0106
3.230	 2.74	 2	 -42.5217	  173.0363
3.231	 2.38	 2	 -42.4771	  172.9710
3.231	 2.12	 1	 -41.9429	  173.6853
3.231	 2.23	 1	 -41.9710	  174.4506
3.232	 2.94	 1	 -41.9573	  173.8371
3.232	 2.73	 1	 -42.6769	  172.7947
3.234	 2.61	 1	 -42.2531	  174.1965
3.234	 2.70	 1	 -42.3528	  174.0082
3.234	 2.01	 2	 -42.9807	  173.4335
3.234	 2.04	 1	 -42.5305	  173.1249
3.234	 2.83	 1	 -42.6250	  172.7873
3.235	 2.12	 2	 -42.8576	  173.3020
3.236	 2.11	 2	 -42.4631	  173.1153
3.237	 2.00	 1	 -42.3587	  173.4986
3.237	 2.37	 1	 -41.6959	  175.3528
3.237	 2.12	 2	 -42.8917	  173.2755
3.237	 2.05	 2	 -41.7086	  174.3372
3.238	 2.17	 1	 -41.8021	  174.4352
3.239	 2.06	 2	 -41.8464	  178.2637
3.239	 2.30	 1	 -41.7606	  174.3233
3.239	 2.11	 3	 -42.1132	  173.1110
3.240	 2.02	 2	 -42.9240	  173.3870
3.240	 2.24	 2	 -42.7642	  172.7959
3.240	 2.09	 2	 -42.8429	  173.0930
3.240	 2.01	 1	 -42.2113	  173.6099
3.241	 2.22	 1	 -41.9732	  173.8737
3.241	 2.98	 2	 -42.4387	  172.6781
3.242	 2.64	 1	 -42.1857	  173.5069
3.242	 3.25	 1	 -41.7556	  173.5791
3.243	 2.96	 2	 -42.5899	  173.1851
3.244	 2.34	 1	 -42.4662	  173.8512
3.244	 2.01	 2	 -42.8749	  173.2515
3.244	 3.75	 2	 -42.7546	  173.1779
3.244	 2.28	 1	 -41.8857	  174.0022
3.245	 2.88	 1	 -42.5471	  173.1338
3.245	 2.02	 1	 -42.4273	  173.6697
3.246	 2.21	 2	 -42.2198	  173.6707
3.246	 2.17	 1	 -42.4316	  173.6480
3.246	 2.30	 1	 -42.3686	  173.4341
3.246	 2.78	 1	 -43.3301	  173.1629
3.247	 2.78	 1	 -42.1702	  173.8910
3.247	 2.24	 2	 -42.6681	  173.0358
3.248	 2.33	 1	 -41.6161	  174.5061
3.248	 2.04	 2	 -41.8981	  178.4437
3.249	 2.11	 2	 -41.7726	  174.4154
3.249	 2.66	 2	 -42.4862	  172.9950
3.249	 2.01	 1	 -42.5257	  173.1424
3.250	 2.90	 1	 -42.4145	  173.8416
3.250	 2.00	 1	 -42.2849	  173.8811
3.251	 2.92	 2	 -42.0139	  178.2399
3.251	 3.83	 3	 -42.9134	  173.1869
3.251	 2.60	 2	 -42.5028	  173.1010
3.252	 2.16	 1	 -42.4252	  173.9060
3.252	 2.37	 2	 -42.6113	  173.0298
3.253	 2.28	 2	 -42.2623	  173.8029
3.255	 2.09	 2	 -42.8585	  172.7393
3.255	 2.20	 1	 -42.7402	  172.9774
3.255	 3.79	 2	 -42.9401	  173.3387
3.256	 4.44	 1	 -42.3002	  173.9325
3.257	 2.29	 2	 -42.8631	  173.3799
3.257	 2.22	 1	 -41.6852	  174.2182
3.258	 2.23	 2	 -42.7244	  172.9422
3.258	 2.09	 2	 -42.9046	  173.4347
3.259	 2.03	 1	 -41.6207	  174.1931
3.259	 2.55	 2	 -42.8270	  173.2903
3.260	 2.18	 2	 -42.4071	  173.7331
3.260	 2.51	 1	 -42.2980	  173.8408
3.261	 2.32	 1	 -43.4658	  173.8071
3.261	 2.12	 1	 -43.0441	  173.6155
3.261	 2.32	 2	 -43.0017	  173.3382
3.262	 2.02	 2	 -41.9461	  174.2054
3.262	 3.15	 1	 -41.7427	  174.2265
3.262	 2.35	 1	 -42.3233	  173.8784
3.263	 2.85	 2	 -41.7493	  174.3919
3.265	 2.15	 2	 -43.1044	  174.4617
3.266	 2.26	 2	 -42.6381	  173.1716
3.266	 2.38	 2	 -41.6963	  174.3799
3.267	 2.22	 1	 -42.7619	  178.9411
3.267	 3.24	 2	 -42.8754	  173.2464
3.268	 2.65	 2	 -42.4510	  173.1046
3.269	 2.09	 2	 -41.9435	  178.3382
3.269	 2.97	 2	 -43.1369	  173.5828
3.269	 2.36	 2	 -42.9045	  173.1336
3.269	 2.95	 2	 -42.5492	  173.4963
3.270	 2.07	 1	 -41.8052	  174.2527
3.270	 2.11	 1	 -42.5859	  173.7412
3.271	 2.25	 2	 -41.7183	  174.2147
3.271	 2.11	 2	 -41.8908	  178.4856
3.271	 2.81	 1	 -41.8323	  173.7181
3.271	 2.64	 2	 -42.4755	  173.0894
3.272	 2.17	 1	 -42.2246	  173.9699
3.272	 2.01	 1	 -38.1249	  177.7991
3.272	 2.21	 1	 -42.6166	  173.6974
3.273	 2.11	 1	 -42.0300	  173.8540
3.273	 2.27	 1	 -41.8112	  174.1577
3.273	 2.58	 1	 -41.9166	  174.3406
3.274	 2.47	 2	 -40.0328	  178.5285
3.274	 2.08	 1	 -42.6306	  172.9743
3.274	 2.35	 1	 -42.6203	  172.6685
3.275	 2.06	 2	 -42.7668	  173.2446
3.275	 2.43	 3	 -42.2425	  178.6276
3.276	 2.48	 1	 -41.7516	  174.3407
3.277	 2.95	 1	 -42.4837	  173.6379
3.278	 2.29	 2	 -42.5681	  173.1288
3.278	 2.02	 2	 -42.5332	  173.0772
3.278	 2.38	 3	 -41.8340	  178.3004
3.278	 2.03	 2	 -42.3921	  173.0494
3.278	 2.10	 1	 -42.2884	  173.3434
3.278	 2.07	 1	 -43.9497	  173.4719
3.278	 2.93	 2	 -42.7284	  173.1913
3.278	 2.08	 1	 -41.8239	  174.2788
3.279	 2.08	 2	 -42.0859	  173.9902
3.280	 2.84	 3	 -42.7856	  173.2613
3.281	 2.05	 2	 -45.5780	  174.3100
3.281	 2.36	 2	 -42.6367	  173.0052
3.281	 2.78	 4	 -42.6702	  173.3071
3.282	 2.07	 1	 -42.4906	  173.4089
3.282	 3.01	 2	 -42.4735	  173.1272
3.282	 2.30	 1	 -42.5318	  173.1492
3.283	 2.05	 2	 -42.7072	  173.2602
3.283	 2.21	 2	 -42.6784	  173.1549
3.283	 2.37	 1	 -45.9126	  170.2406
3.283	 2.24	 2	 -42.8422	  173.3614
3.284	 2.26	 2	 -42.4232	  173.8170
3.284	 2.46	 1	 -41.6911	  174.1614
3.284	 2.02	 1	 -42.8161	  172.6539
3.284	 2.06	 2	 -42.7418	  173.3864
3.285	 2.58	 1	 -42.4126	  173.3446
3.285	 2.25	 1	 -42.2933	  174.1350
3.285	 2.33	 2	 -42.9548	  173.3186
3.286	 2.12	 2	 -42.6154	  173.2404
3.287	 2.19	 1	 -42.3988	  173.9985
3.287	 2.20	 2	 -42.7050	  173.1631
3.287	 2.97	 1	 -42.3479	  173.8884
3.289	 2.19	 3	 -42.5288	  173.1521
3.290	 2.33	 1	 -42.4996	  173.2240
3.290	 2.20	 2	 -41.8181	  178.3138
3.290	 2.26	 1	 -42.1958	  173.6966
3.291	 2.33	 1	 -42.8034	  172.9175
3.291	 2.43	 2	 -42.3043	  173.2145
3.291	 2.40	 2	 -42.9934	  173.7272
3.291	 2.45	 2	 -40.8776	  167.3932
3.292	 2.48	 1	 -42.2367	  173.6700
3.292	 2.26	 1	 -42.5320	  173.0095
3.292	 2.40	 1	 -42.5040	  172.8951
3.292	 2.64	 2	 -42.4797	  173.0737
3.293	 2.59	 1	 -42.3432	  173.3828
3.293	 3.17	 1	 -42.0125	  174.1114
3.293	 2.40	 1	 -42.1288	  173.8399
3.293	 2.07	 2	 -42.5042	  173.1429
3.293	 2.58	 2	 -42.5426	  173.3522
3.294	 2.05	 1	 -42.2644	  174.0853
3.294	 2.20	 2	 -42.8097	  173.1017
3.294	 2.20	 2	 -42.7491	  173.0103
3.294	 2.76	 1	 -41.7400	  174.2691
3.295	 2.29	 1	 -41.7143	  174.2967
3.296	 2.95	 3	 -41.6751	  178.6682
3.296	 2.40	 1	 -42.1298	  173.8354
3.296	 2.39	 2	 -42.7787	  172.9436
3.297	 2.45	 1	 -42.1227	  173.4639
3.298	 2.28	 2	 -43.2001	  173.1547
3.299	 2.09	 2	 -42.8673	  173.2332
3.299	 2.27	 1	 -42.2336	  173.6281
3.302	 2.39	 4	 -41.7304	  174.1786
3.302	 2.35	 2	 -42.7078	  173.3701
3.302	 3.11	 1	 -42.7756	  172.9345
3.303	 2.80	 1	 -42.2381	  173.5278
3.303	 2.74	 1	 -41.7566	  174.2960
3.303	 2.02	 1	 -42.1155	  173.8314
3.306	 3.20	 1	 -42.3380	  173.8171
3.307	 2.05	 2	 -42.7661	  173.2757
3.308	 2.17	 2	 -41.9688	  178.2237
3.309	 2.20	 1	 -42.5374	  173.7677
3.309	 2.15	 1	 -42.4025	  173.8122
3.309	 2.84	 2	 -42.5089	  173.0063
3.309	 2.58	 3	 -41.8065	  178.3941
3.311	 3.07	 1	 -42.3924	  174.0297
3.312	 3.54	 2	 -42.5240	  173.0730
3.312	 2.01	 2	 -43.3675	  175.9187
3.313	 2.05	 1	 -41.7323	  174.2838
3.313	 2.58	 1	 -42.5804	  173.3967
3.313	 2.18	 1	 -42.1804	  173.9421
3.313	 2.27	 2	 -42.3647	  173.1980
3.315	 2.44	 2	 -42.7524	  173.2749
3.315	 2.21	 2	 -42.4948	  173.0540
3.316	 3.07	 2	 -42.2523	  173.5720
3.316	 2.09	 2	 -42.2256	  179.1586
3.316	 2.07	 2	 -41.7513	  174.4420
3.317	 2.11	 1	 -42.3494	  173.0265
3.317	 2.11	 2	 -41.8661	  174.3088
3.317	 2.17	 1	 -41.7920	  174.3053
3.318	 2.11	 2	 -42.3274	  174.0342
3.318	 2.69	 1	 -41.9902	  174.8268
3.318	 2.02	 1	 -41.7070	  174.2739
3.319	 2.05	 1	 -42.5251	  173.0793
3.319	 2.27	 2	 -42.7386	  173.5935
3.319	 2.47	 2	 -42.4751	  173.1748
3.320	 2.10	 2	 -42.9203	  172.8044
3.320	 3.13	 1	 -41.7869	  174.2415
3.320	 2.07	 2	 -42.3189	  173.2836
3.321	 2.14	 2	 -42.7479	  173.3573
3.322	 2.27	 1	 -41.8355	  174.2628
3.323	 2.03	 2	 -43.3856	  172.9130
3.323	 2.65	 2	 -42.5314	  173.0658
3.324	 2.01	 1	 -42.2261	  173.0753
3.324	 2.60	 1	 -42.3943	  173.8401
3.324	 2.20	 1	 -42.3299	  173.8946
3.324	 2.84	 1	 -42.6599	  173.0602
3.325	 2.05	 2	 -42.4793	  173.1297
3.326	 2.46	 2	 -42.0825	  178.0637
3.326	 2.76	 2	 -41.7146	  173.5820
3.327	 4.77	 1	 -41.8928	  174.1634
3.327	 2.18	 2	 -42.9095	  173.0948
3.328	 2.87	 1	 -42.0746	  173.8692
3.328	 2.92	 1	 -42.3845	  173.8275
3.328	 2.42	 1	 -41.6580	  174.1495
3.328	 2.16	 1	 -41.7136	  174.0900
3.329	 2.02	 2	 -42.2541	  173.4709
3.329	 2.82	 1	 -41.6567	  174.4114
3.329	 2.05	 1	 -42.4254	  173.7588
3.330	 2.15	 1	 -42.3455	  174.0239
3.330	 2.34	 2	 -42.5949	  173.0766
3.330	 2.01	 1	 -42.5535	  172.9744
3.330	 3.42	 1	 -42.2841	  173.7537
3.330	 2.41	 2	 -42.7269	  173.4936
3.331	 2.03	 3	 -41.8729	  178.1960
3.332	 2.11	 1	 -42.2698	  173.8827
3.332	 2.21	 1	 -42.5122	  173.4851
3.332	 3.18	 2	 -42.5520	  173.0804
3.332	 2.29	 1	 -42.0414	  172.3092
3.333	 2.14	 2	 -42.5119	  173.0287
3.333	 2.11	 1	 -42.2308	  173.5746
3.333	 2.31	 1	 -42.5420	  173.1277
3.334	 2.04	 2	 -42.5090	  173.1650
3.334	 2.47	 1	 -42.4499	  173.7003
3.334	 2.49	 1	 -42.6915	  173.1147
3.334	 2.20	 2	 -42.7682	  173.2123
3.334	 2.10	 1	 -42.3415	  173.5529
3.335	 2.10	 1	 -41.7201	  174.2644
3.336	 3.34	 2	 -42.5465	  173.0012
3.336	 2.89	 1	 -41.6993	  174.2281
3.336	 2.04	 2	 -41.8035	  178.4118
3.337	 2.06	 2	 -42.7723	  173.1086
3.337	 2.14	 1	 -42.2095	  173.5586
3.337	 2.15	 1	 -41.7646	  174.0994
3.337	 2.16	 2	 -42.5142	  173.0809
3.337	 2.06	 1	 -42.6548	  172.7773
3.339	 2.40	 1	 -42.2669	  173.9049
3.339	 2.02	 3	 -42.8669	  173.2240
3.339	 2.11	 1	 -41.7191	  174.3143
3.340	 2.44	 1	 -42.0662	  174.1567
3.340	 2.16	 1	 -41.7350	  174.2073
3.340	 2.66	 1	 -42.3061	  173.7337
3.341	 2.88	 1	 -42.5855	  173.2660
3.341	 2.17	 3	 -42.6418	  173.3419
3.342	 2.47	 1	 -42.2847	  173.6862
3.342	 2.24	 1	 -42.0612	  173.9646
3.342	 2.36	 1	 -42.2998	  173.8341
3.342	 2.04	 1	 -41.8236	  174.2037
3.343	 2.19	 2	 -43.3772	  173.5067
3.343	 2.10	 1	 -42.5430	  173.2060
3.343	 2.14	 2	 -43.3373	  173.3595
3.344	 2.01	 1	 -42.6061	  173.8827
3.344	 2.36	 1	 -42.3965	  173.0204
3.344	 3.15	 1	 -42.4821	  173.1473
3.344	 2.23	 2	 -44.2349	  172.2688
3.344	 3.77	 1	 -41.7359	  174.3772
3.346	 2.64	 1	 -41.7745	  174.2899
3.347	 2.15	 3	 -41.7432	  174.4941
3.349	 2.16	 2	 -42.3601	  178.0778
3.349	 2.13	 2	 -42.8082	  173.1910
3.350	 2.38	 2	 -42.2841	  173.9072
3.350	 2.57	 1	 -42.0783	  173.7644
3.350	 2.29	 1	 -42.2414	  173.6480
3.351	 2.21	 1	 -43.2233	  172.3792
3.351	 2.20	 2	 -41.3452	  169.4946
3.351	 2.26	 1	 -41.8957	  173.9914
3.351	 2.58	 1	 -42.2622	  173.7439
3.352	 2.88	 1	 -41.7326	  174.1749
3.352	 2.07	 1	 -42.3393	  173.5272
3.354	 2.13	 2	 -42.2960	  173.9357
3.354	 2.31	 2	 -42.5000	  173.0651
3.355	 2.12	 1	 -42.1345	  173.8407
3.355	 2.33	 2	 -42.8021	  173.4370
3.355	 2.10	 2	 -43.0220	  173.8036
3.356	 2.48	 2	 -42.5383	  173.1223
3.356	 2.23	 1	 -42.3282	  173.8106
3.356	 2.79	 2	 -42.4897	  172.9839
3.356	 2.45	 2	 -42.8249	  173.2825
3.356	 2.90	 1	 -42.6268	  173.5067
3.357	 2.16	 2	 -41.9197	  174.2000
3.357	 2.40	 2	 -42.8537	  173.3271
3.357	 2.16	 3	 -42.4792	  173.4203
3.358	 3.00	 2	 -41.8234	  177.9189
3.359	 2.06	 1	 -42.6400	  173.1765
3.359	 3.14	 1	 -42.5557	  173.0891
3.360	 3.70	 1	 -41.8546	  173.5599
3.360	 2.08	 1	 -42.5236	  173.0857
3.360	 2.58	 1	 -41.7013	  174.3138
3.360	 3.18	 2	 -42.0516	  173.6360
3.361	 2.40	 1	 -42.2917	  173.6396
3.361	 2.02	 1	 -42.1070	  173.8447
3.362	 2.19	 2	 -41.7367	  178.2199
3.363	 2.24	 2	 -42.4752	  173.0073
3.363	 2.05	 2	 -42.8575	  173.3586
3.363	 2.65	 1	 -42.6773	  172.9339
3.363	 2.04	 1	 -42.3201	  173.9400
3.363	 2.05	 2	 -42.3877	  173.3534
3.363	 2.02	 2	 -41.9961	  173.7020
3.366	 2.46	 1	 -42.4105	  174.8066
3.366	 2.30	 1	 -42.3153	  172.5084
3.366	 2.35	 2	 -42.8557	  173.2160
3.367	 2.03	 1	 -41.9054	  173.9950
3.367	 2.30	 1	 -42.7781	  173.4382
3.368	 2.46	 2	 -43.5637	  172.7691
3.368	 2.30	 2	 -41.9459	  173.7043
3.368	 2.87	 1	 -42.2313	  173.6365
3.368	 2.58	 1	 -42.4802	  173.2126
3.368	 2.76	 1	 -39.9960	  172.8111
3.368	 2.44	 2	 -42.4367	  173.1227
3.369	 2.12	 2	 -42.9115	  173.2191
3.370	 2.08	 2	 -42.8068	  173.2359
3.371	 2.67	 1	 -42.3710	  173.8604
3.371	 2.67	 1	 -41.8327	  174.4111
3.372	 3.18	 2	 -41.2996	  177.8008
3.373	 2.97	 2	 -42.9813	  173.0695
3.373	 2.24	 3	 -42.4920	  173.1320
3.374	 2.64	 2	 -42.5099	  173.2569
3.374	 2.13	 2	 -41.7213	  174.3187
3.375	 2.29	 1	 -43.6287	  174.9346
3.375	 2.07	 1	 -41.7126	  174.1524
3.376	 4.17	 2	 -42.8270	  173.3022
3.376	 3.33	 1	 -41.8594	  174.0145
3.376	 2.26	 2	 -42.8319	  173.0467
3.376	 2.29	 1	 -41.6964	  174.2786
3.376	 2.09	 2	 -42.7442	  173.3897
3.377	 2.53	 1	 -42.4751	  173.1881
3.377	 2.37	 2	 -42.9073	  173.1163
3.377	 2.09	 2	 -42.8283	  173.3297
3.377	 2.12	 2	 -42.7896	  173.2839
3.377	 2.12	 2	 -43.0609	  171.6812
3.377	 2.19	 1	 -41.7144	  174.2450
3.378	 2.72	 2	 -42.7077	  172.6780
3.378	 2.65	 1	 -42.4025	  174.0182
3.379	 3.20	 2	 -42.9296	  173.1601
3.379	 2.72	 2	 -42.5495	  173.0083
3.379	 2.69	 1	 -41.8264	  174.2873
3.379	 2.34	 2	 -42.5396	  173.2103
3.380	 2.52	 2	 -42.5733	  173.1582
3.380	 2.97	 1	 -42.9121	  173.2966
3.381	 2.24	 1	 -42.6944	  172.8619
3.381	 3.31	 2	 -42.3362	  178.0592
3.382	 3.45	 1	 -42.4627	  173.0936
3.382	 2.48	 1	 -41.7239	  174.2342
3.383	 2.19	 1	 -42.8364	  172.9106
3.383	 2.59	 2	 -41.7565	  174.2274
3.384	 2.11	 2	 -42.9396	  173.4266
3.384	 2.05	 2	 -42.7157	  173.3606
3.384	 2.16	 1	 -41.2913	  174.4647
3.384	 2.24	 1	 -42.7876	  173.1754
3.384	 2.17	 2	 -41.7353	  174.3954
3.385	 2.18	 1	 -41.7186	  174.2915
3.386	 2.21	 2	 -42.9264	  173.6728
3.387	 2.00	 2	 -42.2153	  173.4618
3.387	 2.76	 1	 -41.9457	  173.6955
3.388	 2.13	 1	 -42.3830	  173.9958
3.389	 2.09	 1	 -42.0828	  174.1849
3.389	 2.30	 1	 -41.0966	  174.4233
3.389	 2.49	 1	 -42.3772	  173.1138
3.390	 3.66	 2	 -42.6871	  173.1675
3.390	 2.37	 1	 -42.2313	  173.5240
3.390	 2.29	 1	 -42.2573	  173.5368
3.391	 2.03	 1	 -41.7902	  174.3669
3.392	 2.39	 1	 -41.7841	  174.4047
3.392	 2.06	 3	 -42.8136	  173.2958
3.393	 2.15	 1	 -41.7538	  174.1278
3.393	 2.38	 1	 -41.6788	  173.6366
3.394	 2.24	 1	 -41.6781	  174.4239
3.394	 2.06	 3	 -42.6971	  173.1954
3.395	 2.56	 1	 -42.5583	  173.8266
3.396	 2.03	 2	 -42.4897	  173.0804
3.397	 2.53	 2	 -41.9316	  178.4081
3.397	 3.28	 3	 -42.1553	  173.8165
3.397	 2.26	 2	 -42.4779	  173.1078
3.397	 2.04	 3	 -41.9975	  173.7050
3.398	 2.11	 1	 -42.5853	  173.6095
3.399	 2.12	 1	 -41.6941	  174.2365
3.399	 2.67	 1	 -42.2718	  173.8979
3.400	 2.03	 1	 -42.7728	  172.8388
3.401	 2.06	 1	 -42.2956	  173.8009
3.401	 2.16	 2	 -41.9018	  178.4094
3.402	 3.65	 2	 -42.5192	  173.0968
3.402	 3.92	 3	 -41.0368	  177.7178
3.402	 2.11	 2	 -41.6480	  174.2470
3.403	 2.43	 2	 -43.1806	  173.0406
3.405	 2.15	 1	 -42.4485	  173.0832
3.405	 2.18	 2	 -42.8068	  173.2159
3.405	 2.42	 1	 -41.5165	  174.4094
3.407	 2.48	 2	 -42.7972	  173.3414
3.407	 2.31	 2	 -41.9104	  174.1557
3.408	 2.16	 1	 -42.4549	  173.1704
3.408	 3.46	 1	 -42.6842	  172.9263
3.409	 2.20	 1	 -42.4273	  173.5576
3.409	 2.34	 3	 -41.8726	  178.3674
3.409	 2.26	 1	 -42.5450	  173.3716
3.410	 2.03	 2	 -41.7578	  173.5829
3.410	 2.08	 2	 -41.9603	  178.3305
3.410	 2.13	 1	 -42.3729	  173.9935
3.410	 2.71	 2	 -38.1957	  177.0323
3.411	 2.15	 2	 -41.8703	  174.0669
3.412	 2.59	 3	 -41.9886	  178.2850
3.412	 2.83	 1	 -42.3363	  173.6061
3.413	 2.36	 2	 -41.9113	  178.3490
3.413	 2.78	 2	 -42.7806	  173.2848
3.414	 2.02	 2	 -42.8645	  173.3459
3.414	 2.37	 1	 -44.0601	  172.7691
3.414	 2.29	 1	 -42.2019	  173.2208
3.415	 2.49	 2	 -41.9314	  178.4499
3.416	 2.86	 1	 -41.8429	  174.1581
3.416	 2.02	 1	 -42.8374	  173.2292
3.417	 2.05	 1	 -42.4088	  174.0897
3.417	 2.57	 2	 -42.3022	  173.7400
3.418	 2.06	 1	 -42.5337	  172.9297
3.418	 2.31	 2	 -41.8922	  174.1652
3.418	 2.16	 1	 -41.4581	  174.2827
3.421	 2.11	 2	 -42.8379	  173.3030
3.421	 2.53	 1	 -42.0705	  173.7998
3.421	 2.67	 1	 -42.3626	  173.7223
3.421	 3.40	 1	 -42.1502	  173.7788
3.421	 2.84	 2	 -42.8557	  173.1898
3.421	 3.39	 1	 -41.6705	  174.1402
3.423	 2.89	 3	 -42.6970	  173.3046
3.423	 2.14	 1	 -42.2264	  173.7849
3.423	 2.40	 2	 -42.4718	  172.9985
3.423	 2.84	 1	 -42.1490	  173.6087
3.423	 2.00	 1	 -41.7807	  174.2303
3.424	 2.66	 1	 -42.3663	  173.0327
3.425	 2.79	 2	 -42.5047	  173.1160
3.425	 2.35	 1	 -42.2753	  174.0550
3.426	 3.54	 2	 -42.4457	  173.0876
3.426	 4.17	 2	 -41.7325	  174.3420
3.426	 3.04	 1	 -42.2086	  173.6353
3.426	 2.77	 1	 -42.3618	  173.3988
3.427	 3.22	 1	 -42.8688	  173.5513
3.428	 2.05	 2	 -42.5184	  173.1839
3.428	 2.28	 3	 -41.9092	  178.2794
3.429	 2.01	 2	 -42.5046	  173.0708
3.430	 3.00	 1	 -42.2638	  173.6521
3.430	 2.45	 2	 -42.8300	  173.3183
3.430	 2.51	 1	 -43.2000	  173.0262
3.430	 2.81	 2	 -42.3036	  175.6694
3.430	 2.25	 2	 -42.8844	  173.1898
3.431	 2.33	 2	 -43.0192	  173.3853
3.431	 2.47	 2	 -42.6823	  172.9292
3.431	 2.02	 2	 -42.8710	  173.3567
3.431	 2.75	 1	 -42.6718	  173.1595
3.431	 2.76	 1	 -42.3620	  173.8763
3.432	 2.60	 5	 -42.6645	  173.2969
3.435	 2.70	 2	 -41.7794	  174.3741
3.435	 2.04	 1	 -42.5743	  172.6958
3.435	 2.04	 1	 -42.5707	  173.0401
3.436	 2.16	 2	 -42.8193	  172.6466
3.439	 2.68	 2	 -42.8612	  173.3593
3.439	 2.23	 1	 -41.9856	  174.0661
3.439	 2.40	 3	 -42.5088	  173.1632
3.440	 2.23	 1	 -42.1776	  173.3002
3.441	 2.28	 1	 -42.6533	  173.3236
3.441	 2.14	 1	 -42.1166	  173.8182
3.441	 2.02	 2	 -42.4848	  173.4936
3.441	 2.05	 2	 -42.8342	  173.2533
3.442	 2.10	 1	 -41.7985	  174.1129
3.443	 2.28	 2	 -42.7470	  173.2901
3.444	 2.65	 1	 -42.3434	  173.0703
3.445	 2.94	 2	 -42.5180	  173.1898
3.445	 2.35	 2	 -42.2759	  173.8454
3.445	 2.10	 2	 -42.2621	  173.0025
3.446	 2.20	 1	 -42.5834	  173.1277
3.446	 2.44	 1	 -42.2614	  173.5788
3.446	 2.45	 2	 -42.8015	  173.1757
3.447	 2.41	 2	 -42.8124	  173.3604
3.447	 2.48	 2	 -42.9866	  172.1153
3.447	 2.08	 3	 -42.8373	  173.2628
3.449	 2.21	 3	 -42.8471	  173.2494
3.450	 2.34	 2	 -42.0133	  174.1014
3.451	 2.97	 1	 -43.0380	  173.3906
3.452	 2.56	 2	 -42.7596	  173.3584
3.452	 2.02	 2	 -42.5004	  173.1345
3.452	 2.12	 1	 -42.2493	  173.6751
3.452	 2.10	 2	 -42.1790	  173.7045
3.453	 2.53	 1	 -41.7947	  174.1836
3.455	 2.00	 1	 -41.5486	  174.2173
3.455	 2.64	 1	 -41.5312	  173.3722
3.455	 2.30	 1	 -42.4212	  173.4601
3.457	 2.07	 1	 -42.3792	  172.9583
3.457	 2.53	 2	 -42.8662	  173.2389
3.459	 3.11	 2	 -42.8368	  173.3309
3.459	 2.64	 2	 -41.8946	  174.1612
3.459	 2.25	 1	 -42.2060	  173.5256
3.459	 2.10	 1	 -42.3219	  173.9570
3.459	 2.91	 2	 -41.9505	  178.4209
3.460	 2.40	 1	 -42.5906	  172.9971
3.460	 2.10	 2	 -42.5597	  174.0963
3.462	 2.55	 1	 -41.4643	  174.1680
3.463	 2.19	 1	 -41.8269	  174.2118
3.463	 2.10	 1	 -42.6508	  173.1566
3.464	 2.96	 1	 -42.3540	  173.8607
3.464	 3.32	 2	 -42.4924	  173.1303
3.464	 2.05	 2	 -42.6774	  173.0516
3.464	 2.89	 1	 -41.9475	  174.0726
3.464	 2.38	 1	 -42.3736	  173.6981
3.466	 2.68	 1	 -41.7260	  174.2340
3.467	 2.64	 1	 -42.6184	  172.9840
3.467	 2.04	 2	 -42.8314	  173.3804
3.469	 2.23	 3	 -42.4804	  173.1346
3.469	 2.49	 1	 -42.4508	  174.0109
3.470	 2.10	 3	 -41.5373	  178.6906
3.471	 2.12	 1	 -41.5456	  173.4513
3.472	 3.12	 1	 -41.7458	  175.1050
3.472	 2.46	 2	 -42.4599	  173.8664
3.472	 2.32	 2	 -42.8853	  173.2995
3.473	 2.44	 1	 -42.2110	  173.5143
3.474	 2.10	 2	 -41.9179	  178.3332
3.474	 2.51	 1	 -41.7761	  174.4265
3.474	 2.50	 1	 -42.4854	  172.6545
3.475	 2.26	 1	 -42.3983	  173.9440
3.476	 2.12	 3	 -41.7434	  174.3324
3.476	 2.06	 1	 -42.3941	  173.9547
3.476	 2.53	 1	 -42.4799	  173.2291
3.477	 2.45	 1	 -42.6620	  173.8560
3.477	 3.18	 1	 -42.8624	  173.2099
3.478	 3.06	 2	 -42.4853	  173.8242
3.478	 2.53	 1	 -41.9159	  174.2126
3.478	 2.05	 2	 -41.2996	  177.5760
3.478	 2.14	 1	 -42.1877	  173.5031
3.478	 2.60	 1	 -42.6323	  172.9315
3.479	 2.88	 1	 -42.5623	  173.3625
3.481	 2.02	 1	 -42.4110	  173.7591
3.481	 2.02	 2	 -42.4198	  173.0558
3.482	 2.58	 1	 -41.6847	  174.2217
3.483	 2.58	 3	 -41.9453	  178.4119
3.483	 2.32	 2	 -42.5633	  173.0993
3.485	 3.08	 2	 -42.8988	  173.3735
3.485	 2.26	 1	 -42.0338	  173.7740
3.485	 2.68	 1	 -41.7225	  174.1625
3.485	 2.30	 2	 -43.1739	  173.7768
3.486	 2.51	 1	 -42.5119	  174.0241
3.487	 2.22	 1	 -41.7029	  173.9202
3.487	 2.72	 1	 -42.8019	  173.0055
3.487	 2.41	 2	 -42.5734	  173.4189
3.488	 2.10	 2	 -42.6589	  173.3556
3.488	 2.07	 1	 -41.8496	  174.3257
3.488	 2.39	 1	 -43.3856	  172.1024
3.488	 2.02	 1	 -42.0919	  173.4502
3.488	 2.26	 3	 -41.8830	  178.4079
3.489	 2.30	 2	 -41.7379	  174.2293
3.489	 2.31	 1	 -41.9273	  173.8991
3.489	 2.09	 2	 -42.5005	  173.0891
3.490	 2.72	 2	 -42.2856	  172.9704
3.490	 2.34	 2	 -41.8312	  178.4385
3.491	 2.55	 1	 -41.3950	  174.5760
3.491	 2.23	 1	 -42.5232	  173.2067
3.492	 2.15	 1	 -42.0767	  173.6162
3.492	 2.35	 3	 -43.2371	  173.0058
3.492	 2.08	 1	 -42.8215	  170.9175
3.492	 2.35	 2	 -40.8121	  177.2300
3.492	 2.01	 1	 -42.3734	  173.6189
3.493	 2.51	 2	 -41.9652	  173.8785
3.493	 2.20	 1	 -42.2482	  173.6897
3.494	 2.93	 2	 -42.5111	  173.1966
3.495	 2.12	 1	 -42.4088	  172.9705
3.496	 2.01	 2	 -41.8905	  178.4102
3.497	 2.85	 1	 -41.7462	  174.2869
3.498	 3.61	 3	 -42.0060	  178.2093
3.498	 2.61	 1	 -42.9531	  174.0417
3.498	 2.07	 1	 -42.3562	  173.8448
3.498	 2.18	 1	 -42.3520	  174.0794
3.499	 2.08	 1	 -41.6636	  174.2399
3.499	 2.17	 2	 -42.3855	  172.9207
3.500	 2.42	 1	 -42.8803	  172.9165
3.500	 2.84	 1	 -42.3937	  173.3499
3.500	 2.04	 1	 -42.5210	  173.4456
3.501	 2.04	 1	 -41.7195	  174.2844
3.502	 2.21	 2	 -41.8394	  178.2660
3.502	 2.15	 2	 -42.3117	  173.8871
3.502	 3.08	 1	 -41.9897	  174.0744
3.502	 2.38	 1	 -42.4571	  173.7080
3.502	 2.20	 2	 -42.5213	  173.1001
3.502	 2.07	 1	 -42.6301	  173.6687
3.502	 2.82	 1	 -42.4155	  173.8361
3.504	 2.17	 2	 -42.8812	  173.2104
3.504	 2.14	 2	 -43.0704	  173.1922
3.505	 2.07	 1	 -42.5178	  173.0750
3.506	 2.01	 2	 -43.0123	  173.2630
3.507	 2.48	 1	 -42.3980	  173.5672
3.507	 2.49	 2	 -42.5460	  173.0341
3.508	 2.43	 1	 -42.1726	  173.5272
3.508	 2.75	 2	 -42.3498	  173.4388
3.509	 2.14	 2	 -42.4738	  174.2753
3.510	 2.10	 2	 -42.2451	  174.1064
3.510	 2.09	 1	 -41.9684	  173.7372
3.510	 2.25	 2	 -41.6672	  174.2933
3.511	 2.18	 1	 -41.8188	  173.9874
3.511	 2.02	 2	 -42.6190	  173.0997
3.511	 2.06	 2	 -42.1968	  173.7177
3.512	 2.10	 1	 -42.3766	  173.7275
3.512	 2.01	 3	 -42.8281	  173.2648
3.513	 3.29	 1	 -42.2676	  173.6180
3.514	 2.58	 1	 -41.8779	  174.0468
3.514	 2.23	 2	 -41.8322	  178.3598
3.515	 2.22	 1	 -40.0209	  169.4835
3.515	 2.30	 1	 -41.9146	  174.2070
3.516	 3.10	 1	 -42.1917	  173.3795
3.516	 2.07	 1	 -42.9041	  173.1935
3.517	 2.10	 1	 -42.3308	  173.4168
3.518	 2.38	 2	 -42.5366	  174.3638
3.518	 2.81	 1	 -42.4046	  173.9306
3.518	 2.26	 1	 -41.0092	  173.5848
3.518	 2.01	 1	 -41.7128	  174.3560
3.518	 2.09	 2	 -42.2223	  173.6504
3.519	 2.55	 1	 -42.3241	  173.7571
3.520	 2.32	 2	 -42.4787	  172.9227
3.520	 2.19	 2	 -42.4498	  173.2261
3.521	 2.84	 2	 -42.8604	  173.0931
3.521	 2.65	 1	 -41.7519	  174.2242
3.522	 2.36	 1	 -41.7506	  174.1052
3.522	 2.40	 1	 -42.3346	  173.4444
3.523	 2.22	 1	 -42.4714	  173.1834
3.523	 3.47	 1	 -41.9589	  173.8503
3.524	 2.58	 1	 -41.6503	  174.2493
3.527	 2.30	 2	 -41.9966	  178.4885
3.529	 2.50	 1	 -42.1784	  173.3357
3.529	 2.32	 1	 -41.9176	  172.7409
3.529	 2.05	 1	 -42.3396	  174.7655
3.529	 2.58	 1	 -42.1473	  173.5674
3.530	 2.40	 2	 -42.7697	  173.0581
3.530	 2.39	 1	 -41.6597	  174.3403
3.530	 2.02	 2	 -42.4892	  173.1300
3.533	 2.12	 1	 -42.2576	  173.6967
3.533	 2.21	 2	 -42.8241	  173.3241
3.533	 2.36	 1	 -42.1322	  172.8038
3.534	 2.11	 1	 -42.3918	  173.9996
3.535	 2.10	 2	 -41.2037	  172.7568
3.535	 3.00	 1	 -42.2740	  173.6684
3.536	 2.09	 2	 -42.3518	  173.9297
3.536	 2.46	 2	 -45.6733	  170.1080
3.537	 2.80	 1	 -42.4587	  174.0474
3.537	 2.83	 1	 -41.7735	  174.2766
3.537	 3.34	 1	 -42.3688	  172.9603
3.537	 2.28	 1	 -41.7451	  174.2848
3.537	 2.84	 1	 -42.0188	  172.9631
3.538	 2.27	 1	 -41.7416	  174.1757
3.538	 3.48	 1	 -42.2457	  173.7511
3.540	 2.27	 1	 -42.0335	  173.9039
3.540	 2.80	 1	 -42.6946	  173.0770
3.540	 2.17	 2	 -42.4966	  172.8840
3.541	 2.03	 1	 -41.8596	  174.0929
3.541	 2.32	 2	 -42.7770	  173.2178
3.541	 2.68	 1	 -42.3599	  173.4885
3.542	 2.83	 2	 -43.5650	  173.0695
3.542	 2.20	 1	 -42.3278	  173.7144
3.542	 2.22	 1	 -41.9112	  174.4024
3.543	 3.80	 1	 -42.6458	  172.9484
3.543	 2.48	 1	 -44.4964	  176.6000
3.544	 3.54	 1	 -42.2272	  173.8491
3.544	 2.42	 1	 -42.2506	  173.6002
3.544	 3.00	 2	 -42.7593	  173.3669
3.544	 2.11	 2	 -42.4642	  172.9794
3.545	 2.19	 2	 -42.2666	  174.1791
3.546	 2.02	 3	 -42.5078	  172.9490
3.546	 2.09	 2	 -42.4581	  173.0925
3.546	 2.29	 1	 -42.1180	  172.9467
3.549	 2.47	 1	 -42.3356	  173.6759
3.549	 2.48	 1	 -42.6747	  172.8857
3.551	 2.16	 3	 -42.8536	  173.3275
3.552	 2.00	 2	 -42.4962	  172.9516
3.553	 2.18	 2	 -42.4905	  173.0120
3.553	 2.32	 1	 -41.9504	  173.6581
3.553	 3.49	 1	 -42.0845	  174.0659
3.553	 2.13	 1	 -42.8013	  172.9352
3.554	 2.02	 1	 -41.8115	  174.2245
3.554	 2.23	 1	 -42.2378	  173.8312
3.554	 2.85	 2	 -42.5104	  173.1976
3.555	 2.31	 2	 -42.1106	  178.5028
3.555	 2.72	 2	 -41.8735	  173.7485
3.556	 2.64	 1	 -42.1622	  173.8833
3.556	 2.16	 1	 -42.6178	  172.7023
3.556	 2.25	 2	 -42.4525	  173.5323
3.557	 2.17	 1	 -41.7154	  174.2723
3.558	 2.77	 2	 -42.5516	  172.8280
3.558	 2.36	 2	 -42.2913	  172.2955
3.561	 2.73	 2	 -42.3489	  173.4978
3.561	 2.37	 2	 -42.8858	  173.1691
3.562	 2.06	 2	 -42.7602	  177.3501
3.563	 2.17	 2	 -41.9349	  178.2434
3.564	 2.16	 2	 -42.7350	  173.3222
3.564	 2.41	 2	 -42.0986	  178.3715
3.564	 2.39	 2	 -42.9476	  173.2598
3.565	 2.30	 2	 -41.1610	  178.8923
3.565	 3.85	 2	 -42.5725	  173.1136
3.566	 2.74	 1	 -41.7683	  174.4361
3.566	 2.91	 1	 -41.5993	  174.2239
3.567	 2.47	 1	 -41.7527	  174.2711
3.567	 2.73	 1	 -41.9079	  173.7731
3.567	 2.89	 2	 -41.6734	  178.4561
3.567	 2.55	 1	 -41.9431	  172.3745
3.568	 2.04	 1	 -41.7197	  174.3123
3.569	 2.40	 2	 -42.3978	  174.0305
3.570	 3.15	 1	 -42.2869	  173.7125
3.571	 2.18	 1	 -41.8303	  174.2063
3.572	 2.68	 2	 -42.4976	  173.0675
3.572	 2.44	 2	 -42.9574	  173.0340
3.572	 3.20	 1	 -42.4449	  173.2113
3.572	 2.21	 1	 -41.6875	  174.1518
3.572	 2.24	 2	 -42.2963	  179.2546
3.573	 2.25	 1	 -43.1106	  172.7623
3.573	 2.04	 1	 -42.3860	  173.9723
3.573	 3.21	 2	 -42.5206	  173.1877
3.573	 2.06	 2	 -42.8082	  173.3328
3.573	 2.55	 1	 -42.6822	  173.2570
3.573	 2.31	 1	 -42.0044	  173.7154
3.574	 3.43	 2	 -42.4961	  172.9840
3.574	 3.09	 2	 -42.5071	  173.0108
3.574	 2.09	 3	 -42.8555	  173.1824
3.575	 2.15	 2	 -39.5418	  169.1026
3.576	 2.41	 1	 -42.4144	  173.8148
3.576	 2.59	 1	 -42.5522	  173.9678
3.576	 3.13	 1	 -42.2552	  173.7641
3.576	 2.21	 2	 -42.4109	  173.8459
3.577	 2.21	 2	 -42.7918	  173.2733
3.577	 2.21	 2	 -42.5286	  173.0215
3.577	 2.41	 3	 -42.0777	  177.4308
3.578	 2.01	 1	 -41.1336	  174.1069
3.578	 3.40	 1	 -41.7102	  174.3010
3.579	 2.94	 2	 -43.7391	  173.6519
3.579	 2.57	 2	 -41.6215	  174.6205
3.580	 2.37	 1	 -41.8225	  175.3509
3.580	 2.08	 1	 -42.3233	  173.7296
3.580	 2.35	 2	 -42.4753	  173.0766
3.582	 4.32	 1	 -42.6022	  173.7881
3.583	 2.03	 1	 -40.6929	  174.7236
3.583	 2.47	 1	 -39.5244	  175.0625
3.584	 2.31	 2	 -42.3282	  172.3595
3.585	 2.24	 2	 -42.9022	  173.9643
3.585	 2.34	 1	 -41.7805	  174.1730
3.585	 2.28	 1	 -41.7711	  174.2984
3.585	 3.16	 2	 -42.5456	  173.0168
3.585	 2.42	 1	 -42.4847	  173.0486
3.585	 2.10	 2	 -42.4068	  173.0694
3.586	 2.06	 1	 -42.7922	  173.3110
3.586	 2.34	 1	 -41.8539	  173.5922
3.587	 2.77	 2	 -41.9924	  173.8423
3.587	 2.90	 2	 -42.5687	  173.8269
3.588	 2.09	 2	 -42.6867	  172.9269
3.588	 2.90	 1	 -42.1720	  173.7331
3.589	 2.10	 1	 -41.8468	  172.2160
3.590	 2.38	 2	 -42.5389	  173.0072
3.591	 2.78	 2	 -38.3494	  173.5982
3.591	 2.02	 1	 -42.5347	  172.8939
3.592	 2.14	 2	 -42.7995	  173.2810
3.593	 2.20	 2	 -42.2425	  173.4554
3.594	 2.53	 3	 -41.8792	  178.3557
3.594	 2.98	 1	 -41.8296	  174.1714
3.595	 2.34	 1	 -41.4942	  174.3928
3.595	 2.03	 2	 -41.7336	  174.4342
3.595	 2.52	 1	 -42.5919	  172.9164
3.596	 3.30	 2	 -42.8342	  173.1231
3.598	 2.16	 1	 -42.5044	  173.1953
3.599	 2.56	 2	 -42.2177	  173.7757
3.601	 2.24	 1	 -42.2353	  173.8265
3.601	 2.88	 2	 -41.6382	  174.3380
3.601	 2.06	 1	 -41.7522	  174.1927
3.601	 2.51	 2	 -42.9687	  173.1770
3.601	 3.62	 2	 -41.8832	  174.1878
3.602	 2.25	 1	 -42.0361	  173.6876
3.603	 2.03	 3	 -41.7351	  174.3357
3.603	 2.08	 1	 -42.7366	  172.8895
3.603	 3.26	 1	 -44.8073	  169.3391
3.604	 2.14	 1	 -42.7029	  172.6470
3.605	 2.27	 2	 -42.6138	  172.9769
3.606	 2.94	 2	 -41.8951	  174.1011
3.606	 2.52	 2	 -41.8837	  178.3732
3.606	 2.05	 1	 -42.4804	  173.2206
3.606	 2.10	 1	 -43.0056	  172.2442
3.607	 2.29	 2	 -42.3427	  173.8209
3.608	 3.71	 1	 -42.4154	  173.6250
3.608	 2.55	 1	 -42.5861	  172.8783
3.608	 2.02	 1	 -41.9883	  173.7026
3.609	 2.20	 1	 -42.3478	  174.0001
3.609	 2.48	 2	 -41.9093	  178.2818
3.609	 2.43	 1	 -42.4005	  173.5403
3.610	 2.28	 1	 -42.4989	  173.1650
3.610	 2.15	 1	 -42.4498	  172.8451
3.612	 2.20	 1	 -42.4273	  174.0370
3.612	 2.85	 3	 -42.9613	  173.1762
3.612	 2.44	 2	 -41.9462	  178.3448
3.612	 2.11	 3	 -42.2341	  173.7669
3.613	 2.06	 1	 -41.8059	  174.1587
3.613	 2.48	 3	 -42.9453	  173.1957
3.614	 3.03	 1	 -42.0769	  173.6215
3.614	 3.01	 2	 -42.8745	  173.2707
3.615	 2.05	 2	 -42.4922	  173.0292
3.616	 3.45	 3	 -42.5152	  173.3736
3.616	 2.02	 1	 -42.0186	  173.9386
3.616	 2.98	 1	 -42.7552	  173.1371
3.616	 2.07	 1	 -41.7548	  174.2794
3.617	 2.26	 2	 -42.5164	  173.0218
3.618	 2.47	 1	 -42.2612	  173.6636
3.619	 2.06	 1	 -41.7424	  174.3687
3.619	 2.74	 1	 -42.3053	  173.0730
3.620	 2.30	 1	 -42.1374	  173.5114
3.620	 2.12	 1	 -42.1604	  173.4530
3.620	 2.49	 1	 -42.1501	  174.3744
3.620	 2.57	 2	 -42.9272	  173.2985
3.621	 2.14	 2	 -42.5660	  173.1109
3.621	 3.13	 2	 -41.8603	  178.0768
3.622	 2.16	 1	 -42.1279	  173.9883
3.622	 2.33	 2	 -42.3201	  173.1904
3.624	 2.09	 2	 -41.9476	  178.4356
3.624	 2.36	 2	 -42.7630	  173.1108
3.624	 2.15	 2	 -42.8672	  173.3474
3.625	 2.54	 1	 -41.6910	  174.2819
3.626	 2.45	 2	 -42.4942	  172.9346
3.626	 3.03	 1	 -42.8042	  173.3056
3.628	 2.48	 1	 -42.4553	  173.0564
3.629	 2.66	 2	 -42.4418	  173.7695
3.630	 2.14	 1	 -42.2319	  173.6586
3.630	 3.34	 1	 -42.2345	  173.5875
3.631	 2.31	 1	 -43.2994	  172.7095
3.631	 2.52	 1	 -41.8092	  174.1042
3.632	 2.10	 1	 -40.7307	  170.3510
3.632	 2.09	 1	 -42.9314	  173.2073
3.633	 2.43	 1	 -42.4588	  173.7457
3.634	 2.01	 1	 -44.4767	  173.5715
3.634	 2.73	 1	 -42.4879	  173.8339
3.635	 2.12	 1	 -42.4488	  173.1520
3.636	 2.48	 1	 -42.3987	  173.0685
3.637	 2.20	 3	 -41.3241	  174.5444
3.637	 3.07	 1	 -42.5494	  173.2744
3.637	 2.51	 2	 -42.2942	  173.7041
3.638	 2.34	 1	 -42.3399	  173.7241
3.638	 2.22	 2	 -42.1428	  177.9057
3.638	 2.01	 1	 -41.7949	  174.3175
3.640	 2.34	 1	 -42.2701	  173.7172
3.640	 2.20	 2	 -41.7869	  174.3995
3.641	 2.38	 1	 -42.0237	  173.8165
3.641	 2.08	 1	 -42.1492	  173.5666
3.641	 2.19	 2	 -41.8166	  174.2942
3.642	 2.10	 2	 -42.4799	  173.0556
3.643	 2.62	 1	 -42.5750	  174.0177
3.643	 2.06	 2	 -42.7947	  174.4924
3.643	 2.20	 3	 -42.8492	  173.1426
3.643	 3.04	 1	 -43.3418	  174.1318
3.644	 2.00	 1	 -41.7401	  174.3082
3.644	 2.02	 2	 -41.9758	  174.1053
3.645	 3.07	 2	 -41.8900	  174.1432
3.645	 3.27	 2	 -41.9812	  178.2898
3.646	 2.09	 1	 -41.9978	  173.8574
3.647	 2.05	 2	 -42.8510	  173.4036
3.648	 2.19	 2	 -42.4149	  173.0720
3.649	 2.36	 2	 -42.3463	  173.8990
3.650	 2.46	 2	 -42.8702	  173.1431
3.651	 2.23	 2	 -42.8852	  173.1495
3.651	 2.16	 1	 -42.6439	  172.8117
3.652	 2.32	 2	 -42.8757	  173.1637
3.652	 2.24	 2	 -41.8320	  178.4759
3.653	 2.15	 1	 -42.4159	  173.6995
3.653	 2.69	 1	 -42.3703	  173.1771
3.653	 2.22	 1	 -42.5880	  173.0413
3.653	 2.12	 2	 -42.5206	  172.4570
3.654	 2.57	 1	 -41.8270	  174.1794
3.654	 2.92	 2	 -41.7766	  174.3653
3.655	 2.09	 2	 -41.9018	  174.2261
3.655	 2.09	 1	 -42.5736	  172.1020
3.655	 2.78	 1	 -41.6752	  174.2924
3.656	 2.09	 2	 -42.8651	  173.5623
3.656	 2.40	 1	 -42.0102	  173.8095
3.658	 3.72	 2	 -41.9734	  177.8631
3.658	 3.39	 1	 -41.6186	  174.5192
3.659	 2.31	 1	 -42.1856	  173.4161
3.659	 2.27	 1	 -42.5595	  173.2510
3.661	 2.22	 1	 -42.1575	  173.5131
3.661	 2.32	 3	 -41.3197	  177.8281
3.661	 2.78	 1	 -41.7351	  174.2980
3.662	 2.56	 1	 -42.0843	  173.8513
3.662	 2.06	 1	 -41.8853	  174.2386
3.662	 2.20	 1	 -42.9220	  173.3755
3.662	 2.44	 1	 -42.2629	  173.5860
3.662	 2.44	 2	 -41.9993	  178.3596
3.663	 2.54	 2	 -42.4616	  172.9062
3.664	 2.28	 1	 -42.7006	  172.8644
3.664	 2.09	 2	 -42.8214	  173.4150
3.665	 2.09	 2	 -42.8017	  173.2645
3.665	 2.05	 1	 -42.2707	  173.8890
3.665	 2.27	 1	 -41.5480	  174.3015
3.666	 2.42	 2	 -42.4525	  173.0821
3.666	 2.19	 2	 -42.8517	  173.1323
3.666	 2.44	 2	 -42.6279	  173.1315
3.667	 2.84	 1	 -42.2398	  173.6804
3.667	 2.10	 2	 -41.8491	  173.5603
3.667	 3.39	 1	 -41.7167	  174.2267
3.668	 3.27	 1	 -41.7221	  174.2068
3.668	 2.85	 2	 -42.8411	  173.1235
3.669	 2.86	 2	 -42.5144	  173.1089
3.669	 2.50	 1	 -42.5732	  173.1139
3.671	 2.42	 2	 -41.9222	  178.3146
3.671	 2.05	 2	 -42.7868	  173.4006
3.672	 2.60	 2	 -42.8900	  173.3625
3.672	 2.68	 1	 -41.8075	  174.0436
3.673	 2.20	 2	 -42.5217	  173.7290
3.673	 2.52	 2	 -42.7582	  173.4387
3.673	 2.43	 1	 -43.3708	  173.1258
3.673	 2.23	 1	 -42.3725	  173.1965
3.674	 2.44	 1	 -42.3873	  173.9041
3.676	 2.72	 1	 -42.5226	  173.9490
3.676	 2.35	 1	 -41.7979	  174.2159
3.676	 2.28	 1	 -41.9489	  173.6860
3.676	 2.68	 2	 -41.9352	  178.2569
3.677	 2.27	 2	 -42.0800	  178.4861
3.677	 2.42	 3	 -42.2203	  174.2027
3.678	 2.41	 1	 -42.2771	  173.6695
3.678	 2.16	 1	 -42.0448	  174.0656
3.678	 2.52	 1	 -41.6475	  174.1723
3.678	 2.36	 2	 -42.2681	  173.9032
3.679	 2.60	 1	 -41.7501	  174.2893
3.679	 3.26	 2	 -43.3618	  172.8186
3.681	 2.02	 3	 -41.9449	  178.2274
3.681	 2.04	 2	 -41.6874	  174.3081
3.681	 2.20	 1	 -42.5633	  173.0819
3.682	 2.02	 1	 -42.6107	  173.0034
3.683	 2.18	 1	 -42.0341	  173.7468
3.683	 2.24	 1	 -40.4893	  176.2410
3.683	 2.49	 3	 -41.8735	  173.9087
3.683	 2.93	 2	 -41.7112	  174.2831
3.684	 2.02	 2	 -42.0561	  178.1014
3.684	 2.06	 1	 -42.5104	  174.0886
3.685	 2.55	 1	 -42.4940	  173.9280
3.686	 3.10	 2	 -42.4873	  173.0979
3.686	 2.06	 2	 -41.8239	  178.2500
3.686	 2.31	 2	 -42.1839	  173.9540
3.686	 2.40	 1	 -42.8771	  174.1230
3.687	 2.72	 4	 -41.0430	  177.6918
3.687	 2.20	 1	 -41.9599	  173.7735
3.688	 2.20	 1	 -42.2543	  173.6857
3.689	 2.13	 1	 -42.4929	  172.9283
3.689	 3.50	 1	 -42.5906	  173.5121
3.690	 2.09	 1	 -42.6413	  173.2181
3.690	 2.53	 3	 -41.5541	  178.5232
3.690	 2.33	 1	 -42.0305	  173.7301
3.692	 2.12	 4	 -42.8840	  173.2054
3.692	 2.36	 1	 -41.6902	  174.2578
3.693	 2.04	 3	 -43.0598	  171.6784
3.693	 2.00	 1	 -42.3384	  173.9962
3.693	 2.11	 1	 -41.6736	  174.2673
3.695	 2.22	 1	 -42.4290	  173.6329
3.695	 2.01	 1	 -42.2320	  172.9108
3.696	 2.38	 2	 -42.9282	  173.3076
3.696	 2.08	 1	 -42.0750	  173.6892
3.696	 2.26	 1	 -42.5488	  173.7725
3.696	 3.53	 2	 -41.9246	  178.3248
3.696	 2.08	 2	 -42.0168	  178.3486
3.697	 2.06	 3	 -43.3863	  172.8187
3.698	 2.15	 1	 -41.6042	  174.2091
3.699	 2.21	 3	 -41.9603	  178.1964
3.699	 2.34	 1	 -42.7638	  172.8017
3.699	 2.59	 1	 -42.6358	  173.0378
3.700	 2.24	 1	 -41.6834	  173.7967
3.701	 4.13	 1	 -42.6092	  172.9939
3.701	 3.00	 1	 -42.1285	  173.6070
3.702	 2.56	 3	 -41.2350	  177.0531
3.702	 2.08	 1	 -41.7533	  174.4798
3.704	 2.44	 1	 -42.1938	  173.6865
3.704	 2.38	 2	 -42.3691	  178.6752
3.704	 2.12	 2	 -42.4926	  173.1568
3.706	 2.22	 1	 -41.4230	  172.5743
3.707	 2.41	 1	 -42.2409	  173.6505
3.707	 2.05	 1	 -42.5988	  173.0186
3.707	 3.06	 1	 -41.6801	  174.1642
3.708	 2.18	 1	 -41.7016	  174.2745
3.708	 2.02	 1	 -42.5266	  173.0023
3.708	 2.43	 1	 -42.2978	  173.6855
3.709	 2.20	 1	 -42.0280	  173.7350
3.710	 2.30	 1	 -41.8127	  174.2555
3.712	 2.01	 2	 -42.5346	  173.2750
3.712	 4.37	 1	 -42.2842	  173.7815
3.712	 2.25	 1	 -41.8997	  174.1525
3.712	 2.42	 1	 -42.5993	  172.8333
3.713	 2.23	 1	 -42.2877	  173.8151
3.713	 2.14	 3	 -41.6059	  178.6182
3.713	 2.13	 2	 -42.8848	  173.2850
3.714	 2.08	 1	 -42.1648	  173.3688
3.715	 2.17	 2	 -42.5503	  173.1208
3.715	 2.03	 2	 -42.0706	  178.1470
3.716	 2.36	 1	 -42.0852	  173.7916
3.716	 2.78	 2	 -42.8750	  173.2578
3.716	 2.17	 1	 -42.1149	  173.6472
3.717	 3.18	 2	 -42.7999	  173.2654
3.717	 2.15	 2	 -42.5741	  172.7900
3.717	 2.15	 1	 -41.6621	  174.4315
3.717	 2.09	 2	 -41.5986	  178.2562
3.718	 2.09	 1	 -41.6935	  174.2489
3.718	 2.15	 2	 -42.5658	  174.0931
3.718	 2.13	 2	 -42.9053	  173.1644
3.718	 2.56	 1	 -42.3999	  173.9427
3.719	 2.49	 2	 -42.2655	  173.9204
3.719	 3.38	 4	 -41.0370	  177.7834
3.720	 2.22	 1	 -41.7255	  174.2406
3.720	 2.31	 1	 -41.7492	  173.9471
3.720	 2.09	 1	 -41.6333	  174.3306
3.720	 2.20	 2	 -42.4791	  173.0193
3.720	 2.44	 1	 -42.5784	  173.0469
3.721	 2.43	 1	 -41.6721	  174.2554
3.722	 2.28	 1	 -42.4992	  173.8512
3.724	 2.26	 2	 -41.9570	  178.3997
3.724	 2.14	 1	 -42.3117	  173.6266
3.724	 2.49	 1	 -41.9890	  173.7189
3.724	 2.64	 1	 -42.6043	  172.9523
3.725	 2.34	 1	 -41.9031	  174.0300
3.725	 2.02	 1	 -43.7107	  173.3074
3.725	 2.04	 2	 -41.7202	  174.2198
3.726	 2.26	 1	 -41.9402	  173.9968
3.727	 2.08	 1	 -42.8710	  173.5775
3.727	 2.22	 2	 -41.7722	  174.1483
3.727	 2.28	 1	 -42.6995	  172.8018
3.728	 2.30	 2	 -42.3780	  174.0297
3.729	 2.04	 2	 -41.4700	  173.2192
3.729	 2.50	 2	 -41.9361	  174.0381
3.729	 2.21	 1	 -42.5516	  173.0690
3.729	 2.27	 2	 -42.8918	  173.1849
3.730	 2.47	 1	 -41.9429	  173.6365
3.731	 2.19	 1	 -42.2314	  173.6871
3.731	 2.03	 1	 -41.7843	  174.1998
3.731	 2.02	 2	 -41.8250	  178.5617
3.734	 2.08	 1	 -41.5374	  174.5579
3.735	 3.42	 1	 -42.5474	  172.2598
3.736	 2.19	 2	 -41.7814	  174.2099
3.737	 2.70	 1	 -41.7892	  174.3056
3.737	 2.00	 1	 -41.7527	  174.2071
3.737	 2.48	 2	 -42.9268	  173.1642
3.739	 2.00	 2	 -41.7991	  174.0184
3.739	 2.49	 1	 -42.0393	  173.9493
3.739	 2.81	 1	 -41.6641	  174.2614
3.739	 2.38	 2	 -42.9168	  174.6212
3.739	 2.47	 1	 -42.3135	  173.4929
3.740	 2.20	 1	 -41.7791	  174.2819
3.740	 2.10	 1	 -41.6890	  174.3430
3.741	 2.21	 4	 -41.9202	  178.3672
3.741	 2.18	 2	 -41.5581	  174.5101
3.742	 2.24	 1	 -41.8700	  173.9155
3.742	 2.51	 2	 -42.2847	  173.6333
3.743	 2.45	 2	 -42.1176	  178.0901
3.744	 2.52	 2	 -41.8913	  174.0997
3.745	 2.19	 1	 -42.7452	  173.2855
3.746	 2.31	 1	 -42.1945	  173.7411
3.746	 2.17	 1	 -42.6693	  172.9529
3.746	 2.12	 1	 -41.7021	  174.1820
3.746	 2.49	 1	 -42.0141	  173.7087
3.746	 2.32	 2	 -42.8441	  173.1660
3.747	 2.71	 1	 -42.0473	  173.6473
3.747	 2.01	 1	 -41.9778	  173.9160
3.748	 2.88	 1	 -41.7031	  174.2274
3.748	 2.55	 2	 -41.9719	  173.9589
3.748	 2.07	 1	 -42.5833	  172.8499
3.749	 2.92	 2	 -42.8162	  173.3684
3.749	 2.22	 2	 -39.5012	  177.3796
3.751	 2.86	 1	 -41.7174	  174.3265
3.751	 2.11	 2	 -41.8193	  174.0374
3.752	 2.67	 3	 -42.6234	  172.8519
3.752	 2.73	 1	 -42.3182	  173.6371
3.752	 2.62	 2	 -42.7840	  173.2587
3.753	 2.39	 1	 -42.5758	  173.0793
3.753	 2.02	 1	 -42.4141	  173.6018
3.754	 3.13	 1	 -43.6622	  173.2987
3.756	 2.47	 3	 -42.7354	  173.3945
3.757	 2.66	 1	 -42.4718	  173.3641
3.758	 2.40	 1	 -41.9399	  174.0837
3.758	 2.87	 1	 -41.8887	  173.8028
3.758	 2.13	 1	 -41.6719	  174.3326
3.759	 2.07	 2	 -42.7745	  172.7912
3.760	 2.07	 2	 -42.0624	  173.8215
3.760	 2.15	 1	 -42.3658	  173.8675
3.760	 2.02	 1	 -42.3658	  173.1708
3.761	 2.02	 1	 -42.2996	  174.1271
3.762	 2.32	 1	 -42.3578	  173.0909
3.762	 2.25	 2	 -42.8130	  173.0941
3.762	 2.58	 1	 -42.0322	  174.2531
3.762	 3.53	 1	 -41.6770	  173.9492
3.762	 5.03	 2	 -41.9250	  173.7523
3.763	 2.43	 1	 -42.5962	  173.0045
3.763	 2.95	 2	 -42.8689	  173.3058
3.763	 2.11	 3	 -41.9015	  173.7685
3.763	 2.42	 1	 -42.4289	  174.1268
3.764	 3.43	 2	 -42.6376	  173.2245
3.765	 2.20	 1	 -42.4359	  173.1268
3.766	 2.02	 2	 -40.9778	  172.1652
3.767	 2.07	 1	 -42.4901	  174.0003
3.767	 2.15	 1	 -42.7409	  173.3532
3.768	 2.09	 1	 -41.9670	  173.6944
3.769	 2.18	 2	 -43.0475	  173.2021
3.770	 2.06	 2	 -42.6171	  172.9954
3.770	 2.63	 2	 -42.6037	  173.0072
3.771	 2.04	 2	 -41.6257	  174.1520
3.771	 2.23	 2	 -41.6800	  178.4149
3.772	 2.49	 2	 -42.7129	  173.5993
3.773	 2.16	 1	 -42.6573	  172.8801
3.774	 2.01	 3	 -43.3019	  168.3820
3.774	 2.34	 2	 -42.4070	  166.9838
3.774	 2.29	 2	 -42.5191	  173.0353
3.774	 2.04	 1	 -42.3277	  173.7781
3.775	 2.36	 1	 -41.7135	  174.3483
3.775	 2.21	 2	 -41.8878	  178.4416
3.775	 2.31	 1	 -42.4613	  173.4762
3.775	 2.69	 1	 -42.4515	  174.1124
3.776	 2.06	 2	 -42.9599	  173.3045
3.778	 2.84	 2	 -42.8475	  172.9213
3.779	 2.57	 1	 -42.4699	  173.1122
3.779	 2.10	 1	 -42.6684	  173.4479
3.780	 2.13	 1	 -42.2781	  173.6543
3.780	 2.28	 1	 -42.0702	  173.2737
3.780	 2.00	 1	 -42.0998	  173.5392
3.781	 2.34	 3	 -42.0436	  178.1817
3.782	 2.35	 1	 -42.2004	  173.6563
3.782	 2.15	 1	 -41.9528	  173.7236
3.782	 2.19	 1	 -42.4508	  173.9032
3.783	 2.51	 1	 -41.9444	  173.8615
3.783	 2.48	 1	 -42.3305	  172.9117
3.783	 3.13	 2	 -41.6570	  174.1828
3.786	 2.12	 2	 -42.8050	  173.3374
3.786	 2.73	 1	 -42.2076	  173.4896
3.787	 2.21	 1	 -42.4119	  173.8169
3.788	 2.50	 1	 -42.2463	  174.1131
3.788	 2.25	 2	 -43.0434	  173.6149
3.789	 3.22	 1	 -42.6487	  172.9686
3.789	 2.35	 1	 -42.2600	  173.9080
3.789	 2.15	 1	 -41.7645	  174.1911
3.789	 2.48	 2	 -42.5451	  173.1062
3.790	 2.18	 2	 -41.7050	  174.2570
3.790	 3.42	 1	 -42.3619	  173.8755
3.790	 2.25	 1	 -41.7059	  174.1169
3.791	 2.04	 1	 -42.2389	  173.6903
3.791	 2.68	 1	 -41.6731	  174.3029
3.791	 2.81	 1	 -42.6201	  173.5662
3.791	 2.42	 1	 -41.8372	  174.1032
3.791	 2.15	 3	 -41.9396	  173.8257
3.791	 2.31	 2	 -42.7988	  173.3315
3.792	 2.26	 2	 -42.8424	  173.3534
3.792	 2.04	 1	 -42.3220	  173.7075
3.793	 2.56	 1	 -42.3461	  173.5570
3.794	 2.44	 1	 -41.6086	  174.2867
3.795	 2.25	 1	 -41.5349	  174.3010
3.796	 2.08	 1	 -42.2481	  173.6369
3.796	 2.06	 1	 -42.5530	  173.0649
3.796	 2.28	 2	 -41.8926	  178.4388
3.796	 2.70	 1	 -43.1270	  170.8437
3.796	 2.72	 2	 -42.2753	  173.8975
3.797	 2.00	 3	 -41.9699	  178.3571
3.798	 2.14	 3	 -41.9703	  178.4425
3.799	 2.46	 1	 -41.3263	  173.3950
3.799	 2.24	 1	 -41.7695	  174.0722
3.800	 2.93	 1	 -42.3191	  173.4160
3.800	 2.13	 1	 -42.4620	  174.0136
3.800	 2.49	 3	 -41.9155	  173.7397
3.800	 2.18	 1	 -43.2809	  173.3932
3.801	 3.33	 3	 -42.0803	  178.6822
3.801	 2.07	 1	 -42.0348	  174.0250
3.801	 2.50	 1	 -41.7354	  174.3260
3.802	 2.02	 1	 -42.2605	  175.8617
3.804	 2.31	 1	 -42.5328	  173.0546
3.804	 2.44	 1	 -41.6947	  174.1553
3.804	 4.51	 1	 -42.5169	  173.2276
3.805	 2.50	 2	 -41.4823	  178.0837
3.806	 2.04	 1	 -41.9726	  174.3396
3.807	 2.16	 1	 -42.4249	  173.8376
3.807	 2.32	 1	 -42.6347	  174.0458
3.807	 2.05	 2	 -43.2033	  170.1530
3.807	 2.24	 3	 -42.4736	  173.4137
3.809	 2.45	 1	 -42.5055	  173.7273
3.810	 2.02	 1	 -42.5310	  172.9706
3.810	 2.29	 1	 -42.4181	  173.4530
3.811	 2.26	 2	 -42.6470	  172.9698
3.812	 2.15	 2	 -41.8332	  178.3377
3.812	 2.05	 1	 -42.4734	  174.0772
3.813	 3.67	 3	 -41.6824	  174.9483
3.814	 2.54	 1	 -42.2259	  173.6832
3.814	 2.10	 1	 -41.6109	  174.3046
3.815	 3.50	 1	 -42.2884	  173.5690
3.815	 2.44	 1	 -42.2699	  173.5043
3.816	 2.32	 1	 -42.4877	  173.5916
3.817	 3.11	 1	 -42.5153	  173.0712
3.818	 2.09	 2	 -42.2082	  174.2560
3.819	 2.01	 1	 -42.6963	  174.3817
3.819	 2.78	 1	 -42.1220	  172.8026
3.821	 3.04	 1	 -42.4487	  173.3826
3.821	 2.00	 2	 -42.8492	  173.2143
3.821	 2.36	 1	 -42.4387	  173.1714
3.822	 2.20	 1	 -41.9566	  173.8811
3.822	 2.31	 2	 -42.8281	  173.4783
3.822	 2.69	 1	 -42.5233	  172.9982
3.823	 2.00	 2	 -41.8470	  174.1344
3.823	 2.01	 1	 -41.7053	  174.4533
3.824	 2.15	 2	 -41.8888	  174.1683
3.824	 2.11	 1	 -42.0555	  173.6670
3.825	 2.04	 1	 -40.8018	  175.4654
3.826	 2.06	 1	 -42.7882	  172.8333
3.827	 2.52	 2	 -43.3619	  174.8011
3.827	 2.90	 1	 -42.1869	  173.4755
3.828	 3.12	 1	 -41.7502	  174.2664
3.829	 2.32	 2	 -42.5820	  173.0640
3.830	 3.14	 2	 -42.5317	  173.0049
3.830	 3.19	 2	 -42.8325	  173.2785
3.830	 2.82	 1	 -41.7393	  174.1638
3.831	 2.21	 4	 -42.0081	  178.2100
3.833	 2.16	 1	 -42.1680	  173.4966
3.833	 2.08	 1	 -42.1006	  173.8634
3.835	 2.23	 1	 -41.7660	  174.0644
3.836	 2.02	 2	 -42.4109	  172.9741
3.836	 2.11	 1	 -42.3055	  173.9221
3.837	 2.87	 1	 -41.9722	  173.8869
3.838	 2.19	 2	 -42.4879	  173.0055
3.838	 2.36	 1	 -42.0973	  173.8245
3.838	 2.29	 2	 -41.7440	  174.1768
3.839	 3.17	 2	 -42.4315	  174.1249
3.841	 2.47	 1	 -42.0590	  173.7168
3.842	 2.57	 1	 -42.3240	  174.0532
3.842	 2.61	 3	 -46.8297	  176.0957
3.842	 2.31	 1	 -42.2790	  173.8151
3.842	 2.74	 1	 -42.1874	  173.4601
3.843	 2.10	 1	 -41.7723	  174.2439
3.843	 2.04	 1	 -42.2065	  173.6748
3.844	 2.25	 3	 -45.6708	  170.1127
3.844	 3.14	 1	 -42.3712	  173.3640
3.845	 2.57	 1	 -41.7693	  174.4159
3.846	 2.59	 1	 -42.2690	  173.8659
3.846	 2.02	 3	 -42.0203	  173.8761
3.849	 2.02	 2	 -41.7878	  178.2087
3.849	 2.16	 1	 -41.8379	  174.3295
3.850	 4.32	 1	 -42.2149	  173.7146
3.851	 2.20	 3	 -41.9332	  173.7666
3.852	 2.39	 1	 -42.2113	  173.6447
3.853	 2.48	 1	 -41.7824	  174.1651
3.853	 2.32	 2	 -42.5477	  173.8088
3.853	 2.72	 2	 -42.4393	  174.0167
3.854	 2.54	 1	 -42.5258	  173.1962
3.854	 2.03	 1	 -41.8624	  173.7063
3.856	 2.67	 1	 -42.3393	  173.3884
3.856	 2.36	 2	 -42.1740	  174.0540
3.856	 2.35	 1	 -41.9938	  173.6595
3.857	 2.05	 2	 -42.4756	  173.0832
3.858	 2.87	 1	 -41.8633	  174.0250
3.859	 2.60	 2	 -42.1089	  178.3338
3.859	 2.80	 1	 -41.7352	  174.3680
3.859	 2.23	 1	 -42.2457	  173.7451
3.859	 2.16	 2	 -42.2839	  173.9507
3.860	 2.33	 2	 -42.6093	  173.8247
3.860	 2.28	 1	 -41.7524	  174.2968
3.860	 2.56	 3	 -41.9312	  178.4511
3.860	 2.14	 1	 -40.7282	  175.0958
3.860	 3.26	 1	 -42.1056	  172.8562
3.862	 2.25	 1	 -41.7746	  174.0773
3.864	 2.62	 1	 -42.4261	  173.2081
3.865	 2.04	 1	 -42.6303	  172.7328
3.865	 2.62	 1	 -42.5899	  173.6263
3.865	 5.71	 1	 -42.2271	  174.4073
3.866	 2.18	 4	 -42.6119	  172.3192
3.866	 2.83	 2	 -42.3281	  174.3212
3.867	 2.81	 2	 -42.2042	  173.5334
3.868	 2.18	 2	 -42.5337	  173.0788
3.868	 2.07	 1	 -41.8458	  174.0890
3.868	 2.33	 2	 -42.2500	  174.3987
3.868	 3.35	 1	 -42.3005	  173.9063
3.869	 2.03	 2	 -42.2429	  174.8541
3.869	 2.19	 1	 -42.4597	  173.5007
3.870	 2.15	 2	 -42.2792	  174.5531
3.870	 2.30	 2	 -42.3128	  174.3583
3.871	 2.04	 1	 -42.4659	  172.9992
3.871	 2.15	 1	 -41.7502	  174.2939
3.871	 2.38	 1	 -42.5691	  172.8445
3.872	 2.53	 1	 -42.5766	  173.3463
3.872	 2.89	 1	 -42.3586	  173.7677
3.872	 3.71	 2	 -42.8134	  173.3501
3.872	 2.19	 1	 -42.3939	  173.7879
3.873	 2.25	 2	 -42.7709	  173.2291
3.873	 2.78	 2	 -42.2939	  174.3259
3.873	 2.58	 1	 -41.6901	  174.4135
3.873	 2.36	 2	 -41.9725	  174.3801
3.874	 2.27	 1	 -42.2845	  174.1148
3.875	 3.08	 2	 -42.5936	  173.5284
3.875	 2.15	 1	 -42.6225	  173.0837
3.875	 3.45	 2	 -42.2451	  173.6363
3.877	 2.34	 1	 -42.4482	  173.3054
3.878	 2.10	 2	 -42.2293	  174.4055
3.878	 2.03	 1	 -42.5018	  173.8195
3.878	 2.77	 2	 -43.5686	  173.1829
3.878	 3.53	 2	 -42.2718	  174.4681
3.879	 2.15	 2	 -42.2957	  173.5968
3.879	 2.28	 2	 -42.8037	  173.3048
3.880	 2.37	 2	 -42.2448	  174.4015
3.880	 2.20	 2	 -42.2279	  173.7039
3.881	 2.03	 2	 -42.6370	  174.0667
3.881	 2.37	 1	 -42.3178	  173.8091
3.881	 3.02	 2	 -42.4131	  173.7855
3.881	 2.21	 2	 -42.9037	  173.1945
3.881	 2.39	 1	 -42.4383	  173.7921
3.883	 2.26	 2	 -42.2098	  174.4079
3.883	 2.43	 2	 -42.6621	  172.7822
3.883	 2.22	 2	 -42.3246	  173.9716
3.884	 2.71	 2	 -42.4700	  173.0922
3.884	 2.23	 2	 -42.8286	  173.2830
3.884	 2.41	 1	 -42.4179	  173.7842
3.885	 2.15	 1	 -41.6816	  174.2331
3.885	 2.20	 1	 -41.7629	  174.2116
3.886	 3.76	 1	 -42.4470	  172.9837
3.887	 3.94	 2	 -42.1423	  174.2644
3.887	 2.28	 1	 -42.3104	  173.6905
3.887	 2.84	 2	 -42.0153	  174.3526
3.888	 2.09	 2	 -42.2203	  174.2664
3.888	 2.80	 2	 -41.9981	  175.0066
3.888	 2.05	 1	 -42.0461	  173.5769
3.889	 2.72	 2	 -41.7572	  174.3892
3.889	 3.26	 2	 -42.3280	  174.3146
3.889	 3.01	 1	 -42.5426	  173.2007
3.889	 2.08	 1	 -41.6862	  174.2591
3.890	 2.37	 3	 -42.7453	  173.1568
3.890	 2.19	 2	 -42.1041	  173.5733
3.890	 2.48	 2	 -42.5108	  173.3668
3.890	 2.17	 2	 -42.6791	  173.1727
3.890	 2.35	 1	 -41.7094	  174.1648
3.891	 2.06	 1	 -41.9066	  174.1037
3.891	 2.23	 1	 -42.6502	  172.7739
3.891	 2.16	 2	 -41.8958	  174.1947
3.891	 2.04	 1	 -42.1124	  173.7600
3.892	 2.46	 2	 -42.3138	  174.3533
3.893	 3.13	 2	 -42.2376	  174.3758
3.893	 2.07	 3	 -42.4941	  172.9337
3.893	 2.26	 1	 -42.1898	  173.5743
3.893	 2.21	 1	 -42.3638	  174.0648
3.894	 2.13	 1	 -42.8276	  172.9552
3.894	 2.21	 1	 -42.2394	  173.5586
3.895	 2.03	 2	 -42.0618	  174.1365
3.896	 3.65	 1	 -41.6386	  174.1770
3.897	 2.37	 2	 -42.8783	  173.3101
3.898	 2.03	 3	 -42.8766	  173.1631
3.898	 2.24	 2	 -42.0863	  174.4311
3.899	 2.04	 2	 -42.2765	  174.4224
3.899	 2.63	 2	 -41.6426	  174.1700
3.899	 2.07	 2	 -42.0481	  173.6442
3.899	 2.77	 4	 -42.9255	  173.2394
3.899	 2.32	 1	 -42.5774	  172.9953
3.901	 2.25	 1	 -41.7552	  174.3053
3.901	 2.25	 2	 -42.2204	  174.4151
3.902	 2.20	 2	 -42.7669	  172.7995
3.902	 2.37	 1	 -41.7544	  174.1805
3.902	 2.64	 2	 -42.2128	  174.4465
3.902	 2.13	 2	 -41.6634	  178.7970
3.903	 2.07	 3	 -41.9344	  173.7733
3.904	 2.29	 2	 -41.9837	  173.7104
3.904	 2.40	 2	 -41.7793	  174.3594
3.904	 2.23	 1	 -42.3103	  173.9294
3.905	 2.12	 1	 -41.6591	  174.3377
3.905	 2.03	 1	 -41.6543	  174.1273
3.905	 2.10	 1	 -42.0474	  172.8435
3.906	 2.00	 1	 -42.5574	  173.6755
3.906	 2.08	 1	 -42.4797	  173.8167
3.906	 2.63	 2	 -42.1650	  174.6290
3.907	 2.54	 1	 -43.0043	  172.8600
3.907	 2.69	 1	 -38.5896	  175.5254
3.907	 2.29	 1	 -40.1374	  178.3527
3.908	 2.40	 4	 -41.9535	  178.3884
3.909	 2.03	 1	 -42.4161	  172.6287
3.910	 2.03	 1	 -42.2611	  172.8206
3.910	 2.45	 2	 -42.8273	  172.6496
3.910	 3.75	 1	 -41.6467	  174.0470
3.911	 2.13	 1	 -42.2039	  173.6050
3.911	 2.32	 2	 -42.2472	  172.3299
3.911	 2.10	 1	 -42.5848	  173.8811
3.912	 2.03	 1	 -42.0029	  174.0575
3.912	 2.18	 1	 -41.8753	  174.0490
3.912	 2.01	 2	 -42.3377	  174.4177
3.913	 2.08	 1	 -42.4451	  173.9361
3.913	 2.47	 1	 -41.6533	  174.3091
3.914	 2.01	 2	 -42.5307	  173.0440
3.914	 2.16	 1	 -42.2865	  173.7121
3.915	 2.31	 2	 -42.1517	  174.3965
3.915	 2.14	 2	 -42.0214	  178.4683
3.915	 2.66	 3	 -41.9611	  178.2542
3.917	 2.41	 1	 -42.4641	  173.1483
3.917	 2.08	 2	 -42.4517	  172.9663
3.918	 2.00	 1	 -42.5706	  173.0736
3.919	 2.02	 1	 -42.5977	  173.0571
3.919	 2.17	 2	 -42.3699	  174.3143
3.919	 2.51	 2	 -42.2008	  174.4877
3.920	 2.26	 1	 -43.0163	  172.8786
3.920	 2.12	 1	 -42.3004	  173.6171
3.920	 2.07	 1	 -42.3178	  173.5714
3.922	 2.11	 2	 -42.2224	  174.3332
3.922	 2.23	 1	 -42.6770	  172.9668
3.922	 2.34	 3	 -43.2056	  172.9729
3.923	 2.31	 1	 -42.5631	  173.2094
3.924	 2.33	 1	 -41.9554	  173.7261
3.924	 2.29	 1	 -41.5769	  172.0050
3.924	 2.00	 2	 -42.6941	  173.2092
3.924	 2.26	 1	 -42.4289	  173.0268
3.925	 2.03	 2	 -42.5451	  173.1942
3.925	 2.08	 1	 -42.2793	  173.7436
3.927	 2.09	 1	 -41.8035	  174.2641
3.928	 2.62	 1	 -42.2735	  173.5436
3.928	 2.31	 1	 -42.6620	  173.7707
3.928	 2.13	 2	 -42.2386	  174.4826
3.929	 2.79	 1	 -42.4143	  173.9804
3.929	 2.03	 3	 -42.5811	  173.0259
3.929	 2.09	 2	 -42.5721	  173.7909
3.929	 2.12	 2	 -42.8326	  173.3209
3.930	 2.31	 2	 -41.7711	  178.5089
3.930	 2.39	 1	 -41.9591	  174.1813
3.930	 2.24	 1	 -42.3876	  173.8356
3.930	 2.05	 1	 -41.7602	  174.3399
3.932	 2.00	 1	 -42.7384	  172.8123
3.933	 2.20	 1	 -42.1999	  173.3166
3.935	 2.35	 2	 -42.3261	  173.9709
3.935	 3.52	 3	 -41.9110	  173.7740
3.935	 2.86	 1	 -41.8431	  174.2796
3.935	 2.50	 2	 -42.2882	  173.4658
3.936	 3.83	 1	 -41.9868	  173.9255
3.937	 2.17	 1	 -43.3005	  172.3508
3.938	 2.58	 2	 -42.1261	  174.3029
3.938	 3.28	 1	 -42.8498	  173.0128
3.939	 2.15	 2	 -41.8959	  178.2601
3.939	 3.13	 3	 -42.2261	  174.4214
3.940	 2.12	 1	 -41.7175	  174.3685
3.940	 2.50	 1	 -42.0185	  173.5426
3.940	 2.02	 1	 -42.3190	  167.5992
3.941	 2.01	 2	 -42.8526	  173.2151
3.941	 2.14	 3	 -42.5940	  173.5327
3.941	 2.34	 1	 -42.2686	  173.6997
3.941	 2.09	 2	 -41.8661	  178.5357
3.941	 2.21	 2	 -42.7521	  172.6855
3.941	 2.18	 1	 -42.5972	  173.6351
3.942	 2.06	 2	 -42.8072	  173.2370
3.942	 2.15	 2	 -42.9655	  173.3947
3.942	 2.30	 2	 -42.2257	  174.3217
3.943	 3.92	 2	 -42.2697	  174.4648
3.943	 2.28	 1	 -41.6383	  173.8285
3.943	 2.07	 1	 -42.4018	  173.9938
3.945	 2.64	 1	 -41.1834	  174.4556
3.945	 2.36	 1	 -41.9715	  174.0952
3.945	 2.50	 2	 -42.6835	  173.1113
3.945	 2.60	 2	 -41.7838	  174.4062
3.945	 2.46	 3	 -41.9074	  173.7588
3.945	 2.78	 2	 -42.1670	  174.3495
3.946	 2.30	 2	 -42.0162	  173.8321
3.946	 2.26	 2	 -41.9541	  178.3616
3.947	 3.02	 1	 -42.4773	  173.2058
3.947	 2.32	 2	 -42.1643	  174.4136
3.948	 2.36	 2	 -41.9700	  174.7470
3.948	 2.13	 2	 -42.4780	  173.2533
3.948	 2.00	 2	 -42.3632	  173.1670
3.948	 2.42	 2	 -42.7856	  173.2118
3.948	 2.07	 2	 -42.2783	  174.1229
3.949	 2.55	 1	 -42.3255	  173.8604
3.950	 2.24	 2	 -42.8049	  173.2809
3.950	 2.43	 1	 -42.3308	  173.1269
3.951	 2.31	 1	 -42.7429	  172.7197
3.951	 3.25	 1	 -42.4066	  173.4384
3.951	 2.30	 1	 -42.8280	  173.0926
3.952	 2.04	 2	 -42.2301	  174.4299
3.953	 2.18	 1	 -42.7956	  173.6150
3.953	 2.01	 3	 -42.1697	  174.2005
3.953	 2.40	 2	 -41.6957	  174.2998
3.954	 2.24	 1	 -42.3810	  173.3447
3.954	 2.28	 1	 -42.2290	  173.9276
3.954	 3.64	 2	 -42.7459	  172.4211
3.955	 2.03	 2	 -42.6658	  173.1275
3.957	 2.01	 1	 -42.0816	  173.5854
3.957	 2.28	 2	 -42.4653	  173.1140
3.958	 2.18	 2	 -42.5458	  173.1330
3.958	 2.97	 2	 -42.9424	  173.3068
3.959	 2.55	 1	 -42.9225	  172.3623
3.959	 2.89	 2	 -42.8299	  173.2357
3.960	 3.30	 1	 -41.7851	  174.2471
3.961	 2.28	 1	 -42.3474	  173.9080
3.961	 2.21	 2	 -42.9264	  172.5213
3.962	 2.32	 1	 -42.0761	  173.9359
3.964	 2.54	 1	 -42.3996	  173.7179
3.965	 2.28	 1	 -42.3680	  173.6244
3.965	 2.31	 1	 -41.7880	  174.4386
3.966	 2.74	 1	 -41.7211	  174.2126
3.966	 2.66	 1	 -41.5710	  172.8776
3.966	 2.36	 2	 -41.9941	  174.6128
3.966	 2.26	 1	 -37.4516	  175.4962
3.967	 2.59	 1	 -43.5026	  167.2064
3.967	 3.33	 1	 -42.6012	  173.1594
3.968	 2.21	 2	 -43.5402	  172.7263
3.968	 3.06	 1	 -42.3962	  173.9683
3.969	 2.08	 2	 -42.5563	  173.2751
3.969	 2.72	 1	 -42.3399	  173.0754
3.969	 2.67	 3	 -41.9344	  178.2292
3.970	 2.11	 1	 -42.1880	  173.7273
3.970	 3.64	 2	 -42.9193	  173.2231
3.970	 2.40	 2	 -42.3673	  173.8887
3.970	 2.50	 1	 -42.1070	  173.5564
3.970	 2.39	 1	 -41.8116	  174.1014
3.971	 2.26	 1	 -42.1900	  172.5778
3.972	 2.22	 2	 -41.2791	  173.6909
3.973	 2.29	 3	 -41.9473	  173.7349
3.973	 2.21	 2	 -42.7818	  173.1624
3.976	 2.72	 1	 -42.4322	  172.9962
3.976	 2.14	 1	 -42.5585	  173.0687
3.977	 2.48	 1	 -41.6920	  174.1676
3.977	 3.55	 2	 -41.9524	  178.2057
3.977	 2.99	 1	 -42.3517	  173.8806
3.977	 2.23	 3	 -42.8190	  172.9534
3.978	 2.05	 1	 -42.5713	  173.2196
3.978	 2.29	 1	 -41.7726	  174.2464
3.979	 2.14	 1	 -42.4352	  173.7686
3.979	 2.34	 1	 -41.7958	  174.2054
3.979	 2.44	 2	 -42.2180	  174.4023
3.980	 2.19	 1	 -42.5490	  173.3470
3.980	 2.59	 2	 -42.2720	  173.1023
3.982	 2.38	 2	 -42.1962	  174.2893
3.983	 2.22	 2	 -41.6361	  174.3332
3.984	 2.19	 2	 -42.1700	  174.5153
3.984	 3.26	 2	 -42.2478	  174.3965
3.985	 2.09	 2	 -42.9516	  173.0597
3.985	 2.53	 1	 -42.3428	  173.9371
3.986	 2.34	 2	 -42.4842	  173.0939
3.987	 2.86	 1	 -42.2857	  173.6371
3.987	 2.26	 1	 -41.4800	  173.8289
3.988	 2.80	 2	 -42.2755	  173.7453
3.989	 2.01	 2	 -42.4187	  173.3490
3.990	 2.02	 1	 -42.3771	  173.9147
3.990	 2.71	 1	 -42.1853	  173.5707
3.992	 2.14	 2	 -42.1268	  174.1394
3.992	 3.08	 1	 -42.3737	  173.8118
3.992	 2.48	 1	 -41.8264	  174.2679
3.993	 2.35	 2	 -42.2602	  173.4664
3.994	 2.58	 2	 -41.8061	  178.4707
3.994	 2.81	 1	 -42.7206	  172.7579
3.995	 2.26	 3	 -41.9156	  178.3518
3.995	 2.22	 1	 -41.7619	  174.2761
3.995	 2.10	 2	 -42.2244	  173.6319
3.996	 2.12	 1	 -42.6516	  172.9880
3.998	 2.29	 2	 -42.3063	  174.4483
4.001	 2.22	 2	 -42.1247	  174.3264
4.002	 2.14	 2	 -42.9534	  172.7442
4.002	 2.11	 1	 -42.5726	  173.4207
4.003	 2.71	 2	 -43.1144	  173.2703
4.004	 2.93	 2	 -42.2640	  174.3571
4.004	 2.86	 2	 -42.0418	  173.6098
4.004	 2.20	 2	 -42.1065	  174.4668
4.004	 2.59	 2	 -42.5249	  173.9497
4.005	 2.06	 1	 -42.4327	  173.2630
4.005	 2.21	 1	 -41.6862	  174.1924
4.006	 2.05	 1	 -45.9504	  176.1099
4.006	 2.42	 1	 -42.6150	  172.8678
4.006	 2.19	 1	 -42.6964	  172.9806
4.007	 2.22	 1	 -42.0392	  173.7120
4.007	 3.07	 2	 -42.9878	  173.2629
4.008	 2.61	 1	 -41.7532	  174.2761
4.008	 2.27	 1	 -41.6911	  174.2999
4.009	 2.18	 2	 -42.5879	  172.8746
4.009	 3.85	 2	 -42.4591	  173.0390
4.009	 2.35	 1	 -42.1504	  173.4208
4.010	 2.05	 3	 -41.8071	  173.7421
4.010	 2.97	 1	 -42.1652	  173.7408
4.011	 2.47	 1	 -42.2844	  173.6581
4.011	 2.69	 1	 -42.0091	  174.0591
4.011	 2.40	 2	 -41.8905	  173.8724
4.012	 2.67	 1	 -42.1809	  174.0057
4.012	 3.08	 1	 -42.2851	  174.2010
4.013	 2.26	 1	 -42.3208	  173.7137
4.013	 2.15	 1	 -41.7378	  174.1909
4.013	 2.01	 2	 -42.4671	  173.1109
4.014	 2.02	 1	 -42.4701	  173.8085
4.016	 2.46	 1	 -41.5092	  174.3225
4.016	 2.14	 1	 -42.0647	  173.6661
4.016	 2.07	 3	 -41.8952	  178.3502
4.017	 2.13	 1	 -41.6965	  174.3312
4.017	 2.08	 1	 -42.5349	  173.0636
4.018	 2.03	 2	 -42.8695	  173.3046
4.019	 3.56	 3	 -42.1504	  174.2776
4.019	 2.48	 1	 -45.0154	  169.8584
4.019	 2.24	 1	 -42.4340	  173.2265
4.020	 2.30	 2	 -41.8823	  178.4597
4.020	 2.25	 1	 -41.6284	  174.1660
4.020	 2.08	 1	 -41.8412	  173.4949
4.020	 3.03	 2	 -38.6515	  169.9263
4.020	 2.08	 1	 -42.4566	  173.1683
4.021	 2.43	 1	 -43.1080	  173.4464
4.022	 2.04	 1	 -42.3188	  174.0556
4.023	 2.27	 2	 -41.8326	  178.2697
4.023	 2.37	 1	 -41.7636	  173.6590
4.023	 2.17	 2	 -42.2152	  173.5766
4.023	 2.09	 1	 -42.2071	  173.7823
4.025	 2.40	 1	 -42.3050	  174.0419
4.026	 2.07	 2	 -42.8285	  174.5757
4.027	 2.15	 1	 -41.7154	  174.2693
4.029	 3.77	 2	 -41.9067	  178.3684
4.030	 2.13	 1	 -42.1891	  173.6429
4.030	 2.28	 2	 -46.6209	  169.9528
4.030	 2.75	 3	 -42.0064	  173.8229
4.031	 2.04	 2	 -41.9863	  178.1777
4.032	 2.36	 2	 -41.7872	  179.0033
4.032	 2.42	 3	 -42.4061	  173.7664
4.032	 2.72	 1	 -42.1370	  173.4536
4.032	 2.10	 1	 -42.5883	  173.1718
4.033	 2.94	 2	 -42.3333	  173.2813
4.035	 2.03	 1	 -42.5551	  173.1108
4.035	 2.53	 1	 -41.8271	  174.0815
4.036	 2.29	 1	 -42.2943	  173.4200
4.036	 2.00	 1	 -41.6964	  174.1499
4.037	 2.01	 1	 -41.7062	  174.2848
4.037	 2.11	 1	 -42.4613	  174.2555
4.037	 2.11	 1	 -42.0056	  173.8484
4.037	 2.09	 2	 -42.2544	  174.5180
4.038	 2.61	 1	 -41.7395	  174.2924
4.039	 2.21	 1	 -42.6232	  172.9591
4.040	 2.04	 1	 -41.8758	  173.8804
4.041	 2.12	 1	 -41.7572	  174.2672
4.042	 3.50	 2	 -42.3491	  177.3880
4.043	 4.15	 2	 -42.6759	  174.3215
4.044	 2.98	 2	 -42.7040	  173.7758
4.045	 2.10	 1	 -42.2104	  173.4390
4.045	 2.26	 1	 -42.1065	  173.7153
4.048	 2.76	 2	 -42.5043	  173.1832
4.049	 2.03	 2	 -42.1374	  172.7545
4.049	 2.29	 2	 -41.6862	  173.6764
4.050	 2.16	 2	 -42.6314	  173.4255
4.050	 2.39	 2	 -42.2379	  174.3298
4.051	 2.06	 1	 -41.7073	  174.2385
4.051	 2.04	 1	 -42.1068	  173.8008
4.051	 2.03	 1	 -41.7852	  174.2823
4.052	 2.33	 1	 -42.4892	  172.9583
4.052	 2.51	 1	 -42.1382	  173.5911
4.053	 2.11	 3	 -42.5210	  173.1914
4.053	 2.09	 2	 -41.8753	  174.4257
4.054	 2.11	 1	 -42.0388	  173.8176
4.054	 2.64	 1	 -41.8724	  173.4819
4.054	 2.11	 2	 -42.3709	  173.8092
4.054	 2.01	 3	 -42.5370	  173.1130
4.055	 2.29	 1	 -41.7341	  174.0656
4.055	 2.13	 1	 -42.3790	  174.0877
4.055	 2.03	 2	 -42.1541	  173.8199
4.055	 2.63	 2	 -42.7679	  173.2131
4.057	 2.26	 4	 -41.9476	  178.4406
4.057	 2.65	 2	 -42.2886	  174.3949
4.057	 4.67	 1	 -42.3298	  173.8663
4.057	 2.10	 1	 -41.7633	  174.2604
4.057	 2.18	 2	 -42.6611	  173.4529
4.057	 2.81	 3	 -41.9101	  173.4739
4.057	 2.50	 1	 -41.9509	  174.1486
4.058	 2.05	 1	 -42.0561	  173.7691
4.058	 2.27	 1	 -46.1713	  169.6854
4.058	 2.37	 1	 -42.2768	  173.8197
4.059	 2.06	 2	 -42.5793	  172.9000
4.060	 2.06	 1	 -41.6695	  174.4403
4.060	 2.44	 1	 -41.9536	  173.8667
4.061	 2.23	 1	 -42.8726	  172.8729
4.061	 3.04	 2	 -42.8573	  172.8381
4.062	 2.09	 2	 -42.3213	  173.8038
4.062	 3.08	 2	 -42.4988	  173.0744
4.062	 3.76	 1	 -42.6825	  173.0575
4.063	 2.45	 1	 -42.5421	  173.2985
4.063	 2.37	 1	 -42.5016	  172.6433
4.063	 2.10	 2	 -42.2099	  174.2002
4.064	 2.23	 2	 -42.2070	  178.0455
4.065	 2.88	 1	 -41.5509	  170.8162
4.065	 2.26	 1	 -42.3175	  173.6373
4.065	 2.21	 3	 -42.9876	  173.2648
4.065	 2.04	 1	 -42.6799	  173.8192
4.066	 2.51	 1	 -42.0384	  172.5936
4.066	 2.43	 1	 -41.6593	  174.1868
4.067	 2.41	 1	 -42.3888	  173.3017
4.067	 2.13	 1	 -42.5302	  173.5869
4.068	 2.02	 4	 -42.0071	  178.3637
4.069	 2.06	 1	 -41.7932	  173.9666
4.069	 2.24	 2	 -42.3228	  173.8654
4.070	 2.62	 2	 -42.1679	  173.6487
4.071	 2.13	 2	 -41.9059	  178.3526
4.071	 2.22	 1	 -42.4044	  173.7617
4.072	 2.12	 2	 -42.6001	  173.7769
4.072	 2.14	 1	 -41.7911	  173.6428
4.073	 2.16	 1	 -42.3333	  173.6440
4.073	 2.07	 3	 -41.9326	  173.7256
4.073	 2.39	 2	 -42.1553	  174.3266
4.074	 2.09	 1	 -42.7328	  172.7252
4.074	 2.20	 2	 -41.5244	  174.2005
4.075	 2.25	 3	 -42.1402	  174.2163
4.076	 2.42	 2	 -42.4807	  177.7615
4.076	 4.28	 1	 -41.7708	  174.2918
4.077	 2.02	 3	 -42.7438	  173.1809
4.077	 2.05	 1	 -41.9902	  173.7739
4.078	 2.41	 1	 -42.6712	  169.5939
4.078	 2.16	 3	 -41.5471	  177.8389
4.080	 3.26	 3	 -41.9128	  173.7024
4.083	 2.59	 1	 -42.5921	  173.8745
4.083	 2.29	 3	 -46.2476	  170.8683
4.083	 2.50	 1	 -42.4092	  173.1869
4.083	 2.23	 2	 -42.2997	  174.2719
4.084	 2.72	 1	 -42.2784	  173.5967
4.084	 3.41	 1	 -41.5878	  173.1194
4.086	 2.90	 1	 -42.0689	  173.5939
4.086	 3.04	 2	 -41.9763	  178.3605
4.087	 2.47	 1	 -42.3465	  173.6355
4.087	 2.52	 1	 -41.8530	  173.9827
4.088	 2.04	 2	 -42.8212	  173.3257
4.088	 2.16	 3	 -41.7803	  174.3726
4.089	 2.41	 1	 -41.9705	  174.0041
4.089	 2.22	 3	 -41.9499	  178.2727
4.091	 4.40	 1	 -41.9445	  173.9845
4.092	 2.77	 1	 -42.4712	  173.2211
4.092	 2.12	 1	 -42.6836	  173.0066
4.093	 2.84	 1	 -41.6918	  174.3470
4.093	 2.66	 1	 -42.4246	  173.7034
4.094	 2.59	 3	 -41.9285	  178.3735
4.094	 2.08	 2	 -42.5173	  173.0621
4.096	 2.31	 2	 -42.9364	  173.3439
4.096	 2.07	 1	 -42.8592	  173.1528
4.096	 2.09	 1	 -42.5414	  173.7930
4.096	 2.34	 1	 -42.6890	  172.5740
4.096	 2.80	 2	 -41.8460	  172.2124
4.097	 2.18	 2	 -41.8408	  178.3647
4.098	 2.03	 2	 -41.9581	  173.9887
4.098	 2.72	 1	 -42.2672	  173.6455
4.098	 2.43	 2	 -41.6001	  175.1020
4.098	 3.79	 1	 -42.3931	  173.8167
4.099	 2.28	 2	 -42.8362	  173.2711
4.099	 2.19	 3	 -42.0469	  173.9291
4.100	 2.40	 2	 -42.1042	  174.2490
4.101	 2.08	 1	 -42.5953	  173.1047
4.101	 3.80	 2	 -41.7031	  174.3979
4.103	 2.19	 1	 -42.2397	  174.0319
4.103	 2.25	 2	 -42.2628	  174.3945
4.106	 2.46	 1	 -42.2834	  172.7823
4.106	 2.22	 2	 -42.8911	  173.3290
4.106	 2.63	 2	 -42.3062	  173.8592
4.106	 2.08	 1	 -41.7538	  174.3504
4.107	 2.16	 3	 -42.8853	  173.3554
4.107	 2.31	 1	 -42.1525	  173.6452
4.108	 2.25	 1	 -42.2364	  174.0885
4.108	 2.32	 1	 -42.0638	  173.6656
4.108	 2.11	 2	 -42.8458	  173.2462
4.108	 2.22	 1	 -41.7474	  174.2494
4.109	 2.03	 1	 -41.9588	  173.1404
4.109	 2.97	 1	 -41.7148	  174.1664
4.110	 2.12	 1	 -42.7441	  172.7146
4.110	 2.43	 1	 -42.5446	  173.0907
4.110	 2.23	 1	 -42.4097	  173.5336
4.111	 2.23	 1	 -41.5395	  174.0269
4.111	 2.04	 1	 -42.4831	  172.9467
4.111	 2.57	 1	 -42.2345	  173.7920
4.112	 2.37	 1	 -41.6827	  174.2843
4.113	 2.95	 1	 -42.5334	  174.3749
4.113	 2.09	 2	 -42.1844	  174.3076
4.113	 2.91	 2	 -41.9307	  178.4008
4.113	 2.57	 1	 -42.6719	  172.8856
4.114	 2.06	 1	 -42.1402	  173.7617
4.116	 2.78	 1	 -42.1888	  173.4371
4.116	 2.12	 1	 -42.3601	  173.1531
4.116	 2.51	 2	 -42.8870	  173.2154
4.116	 2.11	 1	 -41.7648	  174.3114
4.117	 2.78	 2	 -42.5846	  172.9906
4.117	 2.24	 3	 -42.6405	  173.2741
4.118	 2.03	 2	 -42.6747	  169.5533
4.119	 2.56	 1	 -42.5202	  174.4538
4.120	 3.04	 1	 -42.5056	  173.1622
4.121	 2.20	 1	 -41.6827	  173.8912
4.122	 2.46	 1	 -41.7770	  174.2150
4.123	 2.04	 1	 -42.3009	  173.4156
4.123	 3.29	 1	 -40.2656	  175.5918
4.124	 4.15	 2	 -44.7975	  169.3436
4.124	 2.88	 2	 -42.3294	  173.8690
4.125	 2.12	 1	 -42.2910	  173.0319
4.125	 2.36	 4	 -41.8858	  173.7441
4.126	 3.20	 2	 -41.9206	  174.0049
4.126	 2.57	 2	 -41.9347	  178.4119
4.126	 2.59	 3	 -42.6670	  173.2354
4.126	 2.31	 1	 -42.4122	  172.9823
4.128	 2.02	 1	 -42.4127	  173.2322
4.129	 2.38	 1	 -42.3192	  173.1112
4.129	 2.45	 1	 -42.2897	  173.5174
4.131	 2.03	 2	 -42.2263	  174.4189
4.131	 2.36	 2	 -42.2882	  173.7899
4.132	 2.44	 2	 -42.5911	  173.4459
4.133	 2.24	 3	 -42.6069	  173.8277
4.134	 2.65	 2	 -41.2760	  175.0896
4.134	 2.78	 2	 -42.6458	  172.9411
4.134	 2.01	 2	 -41.9292	  178.3496
4.135	 2.29	 1	 -41.8768	  174.1910
4.136	 2.00	 1	 -42.3460	  173.6755
4.136	 2.01	 1	 -42.5665	  173.2303
4.137	 2.86	 1	 -42.4223	  173.7325
4.139	 2.10	 3	 -41.6756	  178.9386
4.139	 2.38	 2	 -45.0058	  180.2076
4.140	 2.11	 1	 -42.9070	  172.5073
4.141	 2.52	 3	 -44.7949	  169.3412
4.141	 2.39	 2	 -43.0445	  173.3166
4.142	 3.02	 2	 -42.9951	  173.4460
4.142	 2.04	 2	 -41.9817	  173.0516
4.143	 2.84	 3	 -41.7397	  174.3692
4.144	 2.08	 2	 -42.9061	  173.1834
4.146	 2.41	 1	 -41.6482	  174.1055
4.147	 2.56	 3	 -41.9000	  178.2844
4.147	 2.56	 1	 -42.5473	  173.0741
4.148	 2.99	 1	 -42.9763	  172.6647
4.148	 2.40	 2	 -42.2355	  174.4816
4.148	 2.34	 2	 -41.7432	  174.3759
4.150	 2.19	 2	 -42.1591	  173.7127
4.150	 2.53	 2	 -41.7581	  174.1029
4.150	 2.47	 2	 -42.8187	  173.3088
4.150	 2.06	 1	 -41.8051	  174.1798
4.151	 2.52	 4	 -41.9334	  173.7252
4.151	 2.44	 2	 -42.2472	  174.3849
4.152	 4.05	 1	 -42.4800	  173.0517
4.153	 2.48	 1	 -42.8650	  173.2657
4.155	 2.67	 2	 -41.7135	  174.3005
4.155	 2.35	 1	 -42.2086	  173.7381
4.155	 2.08	 1	 -42.3617	  173.0459
4.155	 2.46	 1	 -42.1733	  174.3040
4.156	 2.08	 2	 -41.8472	  178.3038
4.156	 2.09	 2	 -42.4249	  172.7254
4.156	 2.26	 2	 -42.2357	  174.2584
4.157	 2.44	 1	 -42.5544	  173.1879
4.158	 2.03	 1	 -42.3877	  173.1217
4.158	 2.08	 2	 -41.8014	  174.1088
4.158	 2.36	 2	 -42.4593	  174.0380
4.159	 2.10	 2	 -42.0469	  178.9506
4.159	 2.32	 1	 -42.3126	  174.2017
4.160	 2.14	 2	 -42.8079	  173.2605
4.161	 2.78	 1	 -42.2189	  173.6758
4.161	 2.07	 3	 -42.7210	  174.3000
4.162	 2.05	 1	 -42.5804	  173.4070
4.163	 2.58	 2	 -41.8819	  178.4397
4.163	 2.59	 1	 -42.3192	  173.8630
4.163	 2.13	 1	 -42.1100	  173.8194
4.165	 2.11	 3	 -41.9341	  173.6534
4.165	 2.83	 1	 -41.4293	  173.9851
4.165	 2.80	 1	 -41.7299	  174.2363
4.166	 2.38	 2	 -42.3290	  173.8082
4.167	 2.05	 1	 -41.8784	  174.0458
4.167	 2.35	 1	 -42.3302	  173.8134
4.168	 2.04	 3	 -44.7882	  169.3403
4.168	 2.12	 2	 -42.2335	  174.3702
4.168	 2.09	 1	 -42.8340	  173.9057
4.169	 2.63	 2	 -41.9212	  174.4340
4.169	 2.00	 1	 -42.2350	  174.1070
4.170	 2.33	 1	 -42.7655	  173.0497
4.170	 2.65	 2	 -42.3555	  173.8645
4.171	 2.23	 1	 -41.6679	  174.3472
4.173	 3.09	 2	 -41.9962	  173.4640
4.173	 2.29	 2	 -41.1122	  178.9482
4.173	 2.13	 2	 -42.4908	  173.1243
4.174	 2.64	 1	 -45.1373	  174.6805
4.174	 2.64	 1	 -40.6667	  173.8722
4.175	 2.99	 1	 -42.0493	  174.5844
4.176	 2.12	 1	 -41.9828	  173.7576
4.176	 2.17	 2	 -42.2104	  178.3154
4.176	 4.06	 1	 -42.6221	  172.8046
4.178	 2.80	 3	 -41.7704	  174.3759
4.180	 2.22	 1	 -41.9303	  174.1650
4.181	 2.43	 1	 -41.8540	  174.2233
4.181	 2.88	 2	 -42.8370	  173.5399
4.181	 2.42	 1	 -42.2915	  173.6587
4.181	 2.20	 2	 -42.9546	  172.5527
4.182	 2.94	 3	 -42.4754	  173.3853
4.182	 2.34	 1	 -41.7199	  174.2996
4.184	 2.57	 2	 -41.7595	  174.0751
4.184	 2.09	 2	 -42.2496	  174.4047
4.185	 2.35	 1	 -42.3587	  174.1041
4.186	 2.14	 1	 -42.3471	  173.3181
4.187	 2.15	 2	 -42.7615	  172.8100
4.188	 2.88	 1	 -42.7123	  172.9393
4.189	 2.45	 1	 -42.3892	  173.6102
4.190	 2.54	 2	 -41.8091	  174.2833
4.190	 2.03	 2	 -42.6068	  172.8373
4.191	 2.30	 1	 -42.5232	  172.7695
4.191	 3.63	 2	 -42.6083	  173.7683
4.193	 3.58	 1	 -42.2796	  173.6663
4.193	 3.09	 3	 -38.6525	  169.9273
4.193	 2.02	 1	 -42.2566	  173.6618
4.194	 2.12	 2	 -42.7837	  173.2925
4.194	 2.05	 1	 -41.7226	  174.2975
4.195	 2.40	 2	 -41.7841	  174.2996
4.196	 2.04	 2	 -42.4878	  173.0592
4.196	 3.11	 1	 -41.5747	  174.3116
4.196	 2.21	 1	 -42.2027	  173.5632
4.196	 2.24	 2	 -42.6628	  173.2414
4.197	 2.33	 2	 -41.9438	  173.6506
4.197	 2.47	 1	 -42.4909	  173.8718
4.198	 2.41	 3	 -42.6767	  173.4652
4.198	 2.20	 1	 -42.1700	  173.4044
4.198	 2.13	 1	 -41.9187	  174.1723
4.198	 2.42	 1	 -42.5996	  173.7273
4.199	 2.27	 2	 -42.0510	  173.7830
4.199	 2.28	 1	 -41.6608	  174.2008
4.200	 2.77	 2	 -42.4653	  173.7826
4.200	 2.71	 3	 -42.7971	  173.3281
4.200	 2.45	 1	 -41.7897	  174.2064
4.201	 2.76	 2	 -42.2297	  174.4109
4.201	 2.36	 2	 -42.2353	  174.3794
4.202	 2.14	 1	 -40.7007	  177.5733
4.202	 2.63	 1	 -42.8337	  172.9021
4.202	 2.06	 1	 -42.2924	  173.7171
4.203	 2.41	 2	 -42.3478	  173.8959
4.203	 2.35	 2	 -41.7917	  178.4870
4.203	 2.10	 3	 -42.5986	  173.7901
4.204	 2.03	 2	 -42.2063	  173.7130
4.205	 2.50	 2	 -42.5074	  173.0570
4.205	 2.43	 2	 -41.7702	  178.4962
4.206	 2.17	 1	 -41.6453	  174.2569
4.208	 3.07	 2	 -42.4772	  173.1132
4.209	 2.02	 1	 -42.4270	  173.7145
4.209	 3.03	 1	 -42.6977	  172.8933
4.209	 2.71	 2	 -41.9335	  178.3827
4.209	 2.27	 3	 -41.7237	  174.4987
4.209	 2.50	 2	 -42.1035	  173.7640
4.210	 2.22	 1	 -42.2492	  173.7743
4.210	 2.26	 1	 -42.3661	  173.0253
4.211	 2.21	 2	 -42.3149	  173.3354
4.211	 2.30	 1	 -41.9754	  173.9218
4.211	 2.14	 1	 -42.3784	  173.5044
4.212	 2.43	 2	 -42.2984	  173.9208
4.212	 2.40	 1	 -41.5176	  174.2909
4.212	 2.95	 1	 -42.1063	  173.7518
4.214	 2.04	 1	 -42.5654	  172.9489
4.214	 2.15	 2	 -41.7768	  174.4447
4.215	 2.28	 2	 -42.5777	  173.1753
4.215	 2.64	 2	 -42.9161	  173.8266
4.215	 2.14	 1	 -42.6042	  172.8676
4.215	 2.14	 2	 -42.9233	  172.3599
4.215	 2.17	 1	 -42.1476	  173.5179
4.216	 2.14	 2	 -42.8606	  173.3567
4.217	 2.62	 2	 -42.4798	  173.0558
4.217	 2.29	 1	 -42.7860	  173.4495
4.218	 2.74	 1	 -41.8101	  174.2075
4.218	 2.25	 1	 -41.7020	  174.2310
4.218	 3.23	 1	 -41.8531	  173.7999
4.218	 3.74	 1	 -42.1867	  172.5067
4.219	 3.08	 1	 -42.4550	  173.7529
4.219	 2.99	 2	 -42.3576	  173.8752
4.219	 2.30	 1	 -41.5409	  174.2620
4.223	 2.12	 1	 -42.3267	  173.8298
4.223	 2.92	 1	 -41.8020	  174.1741
4.226	 2.27	 3	 -42.6780	  174.3304
4.228	 2.45	 1	 -42.0521	  173.8182
4.229	 2.11	 2	 -42.5024	  173.0059
4.231	 3.70	 1	 -42.1601	  173.0089
4.231	 2.52	 1	 -42.4449	  173.0676
4.232	 2.28	 1	 -42.6260	  172.9916
4.232	 2.29	 2	 -42.1362	  174.3631
4.233	 2.05	 1	 -42.5207	  173.2236
4.233	 2.43	 1	 -42.3368	  174.0435
4.233	 2.20	 1	 -42.1787	  173.7266
4.234	 2.89	 2	 -41.5760	  172.8732
4.234	 2.03	 2	 -40.1895	  168.2136
4.234	 2.06	 2	 -41.8786	  178.2968
4.234	 2.72	 1	 -41.7125	  174.2463
4.234	 2.74	 1	 -41.6658	  174.1736
4.235	 2.20	 1	 -42.4426	  173.0906
4.236	 2.02	 1	 -43.4868	  173.2249
4.237	 2.02	 2	 -42.3716	  174.0370
4.237	 2.61	 1	 -42.4316	  173.6426
4.238	 2.15	 2	 -41.7472	  178.3856
4.239	 2.06	 2	 -40.2103	  175.5406
4.239	 2.58	 1	 -42.5727	  173.0526
4.239	 2.37	 1	 -42.5099	  173.3080
4.240	 2.22	 1	 -42.4741	  173.9843
4.240	 3.17	 1	 -42.2258	  173.5256
4.240	 2.40	 1	 -42.7319	  173.3232
4.241	 2.49	 2	 -42.9253	  173.2002
4.241	 2.05	 2	 -41.9900	  178.4566
4.241	 2.78	 2	 -42.2664	  174.4785
4.241	 2.30	 1	 -42.2838	  173.7514
4.242	 2.11	 1	 -42.0071	  173.9682
4.243	 2.01	 3	 -42.3305	  173.8701
4.243	 2.10	 3	 -41.9709	  173.7563
4.245	 2.01	 1	 -42.2441	  173.8310
4.246	 2.82	 1	 -42.1236	  173.6769
4.247	 2.38	 2	 -42.3784	  174.0020
4.249	 2.04	 2	 -42.6534	  173.6750
4.249	 2.10	 1	 -42.4529	  173.4227
4.250	 2.56	 2	 -46.2810	  177.0349
4.251	 2.31	 2	 -42.8829	  173.1864
4.252	 2.24	 1	 -41.0067	  168.8778
4.252	 2.22	 3	 -41.4851	  178.0796
4.252	 2.01	 1	 -42.4050	  174.0077
4.254	 2.98	 1	 -41.9591	  174.0572
4.255	 2.33	 1	 -42.3353	  173.5321
4.255	 2.00	 2	 -42.6810	  173.0582
4.256	 2.53	 3	 -41.9991	  173.8768
4.256	 2.17	 1	 -42.4168	  173.5786
4.257	 2.18	 1	 -42.4188	  173.3360
4.258	 2.75	 2	 -42.0830	  174.4145
4.258	 2.36	 2	 -43.0307	  173.8438
4.260	 2.16	 1	 -42.4852	  173.6636
4.261	 2.71	 1	 -42.6054	  172.8277
4.261	 2.54	 3	 -43.3611	  174.8103
4.262	 2.04	 3	 -41.9405	  173.7598
4.262	 2.69	 2	 -42.5840	  173.0775
4.262	 2.04	 2	 -40.6672	  173.9055
4.262	 2.99	 2	 -42.7268	  172.9590
4.263	 2.54	 2	 -42.3184	  174.3133
4.263	 2.12	 2	 -41.9377	  173.9688
4.263	 2.12	 2	 -42.9126	  173.1738
4.263	 2.13	 2	 -41.9206	  178.2843
4.264	 2.52	 2	 -41.9761	  177.7142
4.264	 2.46	 1	 -41.7071	  174.2169
4.264	 2.32	 2	 -41.4332	  178.3900
4.265	 2.39	 1	 -42.1396	  173.6514
4.266	 2.06	 1	 -42.5613	  173.0344
4.267	 2.31	 1	 -41.7400	  174.2767
4.267	 2.08	 1	 -42.4448	  173.4972
4.268	 2.07	 1	 -42.0259	  173.9926
4.268	 2.21	 2	 -42.5085	  173.3435
4.268	 2.61	 1	 -41.8971	  174.1688
4.268	 3.00	 1	 -42.1438	  173.6304
4.269	 3.43	 1	 -42.0480	  173.6997
4.270	 2.48	 1	 -42.4942	  173.1658
4.270	 2.41	 1	 -41.9819	  174.0224
4.270	 2.37	 1	 -42.7319	  172.9327
4.271	 2.49	 1	 -42.5924	  172.8800
4.272	 2.03	 1	 -41.9047	  174.0212
4.274	 2.73	 1	 -40.3854	  175.5542
4.275	 2.06	 3	 -41.9522	  178.2047
4.275	 3.36	 1	 -42.6539	  173.3466
4.277	 2.23	 1	 -41.7912	  174.2667
4.277	 2.11	 2	 -42.1122	  178.2991
4.278	 2.14	 1	 -41.6672	  174.5691
4.278	 2.04	 1	 -42.4428	  173.5858
4.279	 2.09	 1	 -42.6608	  172.6758
4.279	 2.43	 1	 -42.2183	  173.5497
4.280	 2.01	 1	 -42.3520	  173.9968
4.280	 2.12	 2	 -42.2427	  174.2100
4.283	 2.10	 2	 -42.2975	  174.2891
4.285	 2.37	 2	 -42.2462	  173.5067
4.285	 2.19	 2	 -42.7561	  173.6745
4.286	 2.32	 2	 -42.5667	  172.8922
4.286	 2.06	 1	 -42.5267	  173.0943
4.286	 2.31	 1	 -42.5572	  174.0068
4.286	 2.10	 2	 -42.8758	  173.1995
4.286	 2.60	 2	 -42.2972	  174.3873
4.287	 2.38	 1	 -42.3114	  173.7421
4.288	 4.03	 2	 -41.8829	  174.1705
4.288	 2.86	 2	 -41.8898	  178.4150
4.288	 2.25	 1	 -42.1077	  174.3010
4.288	 2.49	 1	 -41.8657	  174.3048
4.289	 2.37	 1	 -42.3872	  173.6869
4.289	 2.19	 1	 -42.3606	  173.0336
4.289	 2.28	 2	 -42.2311	  174.4288
4.290	 2.32	 1	 -41.7476	  174.2743
4.291	 2.64	 2	 -41.9925	  178.5564
4.291	 2.85	 2	 -42.8152	  173.1921
4.292	 2.05	 1	 -42.7439	  173.0921
4.292	 2.22	 1	 -42.9592	  173.2989
4.293	 2.21	 2	 -42.1637	  173.0155
4.296	 2.06	 1	 -41.9568	  173.7545
4.296	 2.10	 1	 -42.7275	  172.9744
4.296	 2.12	 1	 -42.0375	  173.6949
4.297	 2.83	 2	 -42.0860	  178.3077
4.299	 2.05	 2	 -41.5928	  173.1212
4.299	 2.25	 2	 -42.2706	  174.3960
4.300	 2.30	 2	 -41.8546	  178.4424
4.300	 5.01	 1	 -42.1105	  173.8898
4.301	 2.61	 2	 -42.4715	  173.0631
4.301	 2.10	 3	 -42.4467	  173.0483
4.301	 3.20	 1	 -41.7750	  173.9661
4.302	 2.97	 2	 -42.4788	  173.1094
4.303	 2.24	 2	 -42.1829	  172.4944
4.303	 2.27	 1	 -42.3540	  173.7309
4.303	 2.15	 2	 -41.9080	  174.1439
4.303	 2.25	 2	 -41.8555	  178.3721
4.303	 3.42	 2	 -42.2515	  173.6154
4.306	 3.00	 1	 -41.9524	  174.1651
4.306	 2.36	 1	 -42.2669	  173.6599
4.306	 2.31	 3	 -41.9182	  174.0089
4.306	 2.39	 1	 -42.1813	  173.6052
4.307	 2.45	 2	 -42.1024	  173.9341
4.307	 3.63	 1	 -42.8141	  173.9581
4.308	 2.13	 1	 -41.7759	  174.2222
4.308	 2.13	 1	 -41.7644	  174.3105
4.310	 2.20	 2	 -42.3633	  173.6682
4.311	 2.06	 2	 -42.7255	  173.3398
4.311	 2.32	 2	 -42.7001	  176.7175
4.311	 2.40	 2	 -42.2509	  174.1326
4.312	 2.45	 3	 -42.5122	  173.0791
4.312	 2.45	 2	 -42.1056	  173.8680
4.312	 2.92	 1	 -41.7072	  174.3160
4.313	 2.55	 2	 -42.8479	  173.2200
4.315	 2.45	 1	 -41.8198	  174.3429
4.315	 3.21	 1	 -42.6660	  173.3653
4.315	 2.02	 2	 -42.1081	  173.8985
4.318	 2.53	 1	 -42.3446	  173.6544
4.318	 2.27	 3	 -41.8196	  178.3389
4.320	 2.15	 1	 -42.5466	  173.4899
4.320	 2.24	 1	 -42.9001	  172.1277
4.321	 2.23	 2	 -41.7450	  174.3553
4.321	 2.06	 3	 -41.9429	  178.3859
4.321	 2.26	 1	 -41.8477	  174.2529
4.321	 2.43	 1	 -42.2865	  174.0396
4.321	 2.07	 2	 -42.1077	  173.9084
4.322	 2.39	 1	 -41.6692	  174.2949
4.322	 2.17	 1	 -42.2997	  173.6191
4.323	 2.59	 1	 -41.7589	  174.2734
4.323	 2.99	 1	 -42.1973	  173.8104
4.323	 2.50	 1	 -42.4122	  173.8508
4.323	 2.46	 1	 -42.6323	  173.1727
4.323	 2.20	 1	 -41.6839	  174.2462
4.324	 2.14	 2	 -41.9822	  173.8163
4.324	 2.38	 1	 -41.8458	  174.2225
4.325	 3.32	 1	 -42.7969	  172.6668
4.326	 3.29	 1	 -42.4489	  173.1494
4.326	 2.20	 1	 -41.7684	  174.3516
4.326	 2.18	 1	 -42.2354	  173.5188
4.326	 2.35	 1	 -41.9347	  174.3325
4.327	 2.28	 1	 -42.3745	  173.0878
4.327	 2.23	 1	 -41.5361	  174.0671
4.329	 2.29	 2	 -42.4935	  173.2279
4.329	 3.09	 2	 -42.4489	  174.0787
4.331	 2.37	 2	 -42.1659	  173.8008
4.331	 2.86	 1	 -42.5473	  173.7973
4.331	 2.02	 2	 -42.3537	  173.6879
4.332	 2.91	 1	 -42.4917	  173.6435
4.332	 2.06	 3	 -42.6053	  173.1550
4.332	 2.01	 1	 -42.4298	  173.3125
4.333	 3.43	 1	 -41.7331	  174.2985
4.334	 2.93	 2	 -41.3842	  177.8178
4.334	 3.44	 3	 -42.4231	  173.2056
4.334	 3.07	 1	 -41.7917	  174.2251
4.335	 2.25	 1	 -42.1757	  174.6818
4.336	 2.01	 2	 -41.7822	  174.2769
4.337	 2.19	 1	 -42.3593	  172.8416
4.337	 2.58	 1	 -42.4829	  172.9446
4.337	 2.79	 1	 -41.7530	  174.1646
4.337	 2.55	 3	 -42.8252	  173.3097
4.337	 2.30	 2	 -42.3965	  173.8170
4.339	 2.01	 1	 -42.4909	  174.1790
4.342	 2.11	 2	 -42.8216	  173.0794
4.342	 2.02	 1	 -41.7776	  174.3355
4.344	 2.75	 2	 -41.6426	  174.1503
4.344	 2.00	 1	 -42.4814	  174.2171
4.345	 3.09	 1	 -42.3803	  173.8309
4.345	 2.20	 1	 -41.5508	  174.3991
4.346	 2.99	 3	 -41.9350	  174.1347
4.347	 3.38	 1	 -42.1008	  173.7442
4.348	 3.12	 2	 -42.2727	  173.6561
4.349	 2.09	 1	 -41.8123	  174.3826
4.349	 4.92	 2	 -42.1132	  173.9378
4.350	 2.80	 2	 -44.2724	  173.8802
4.351	 2.06	 2	 -41.9737	  173.9992
4.352	 2.19	 2	 -42.4019	  173.7665
4.353	 2.03	 2	 -42.8654	  173.5031
4.353	 4.17	 2	 -42.7290	  173.3367
4.354	 3.36	 1	 -41.8867	  172.7688
4.354	 2.74	 1	 -42.5634	  172.9269
4.355	 2.42	 2	 -42.1730	  174.5338
4.356	 2.04	 1	 -42.2155	  173.7872
4.357	 2.07	 1	 -41.9746	  173.6736
4.357	 2.22	 2	 -42.6245	  172.7894
4.357	 2.11	 1	 -42.4131	  173.2243
4.358	 2.10	 3	 -42.1715	  174.2685
4.359	 2.13	 1	 -41.7458	  174.2123
4.359	 3.63	 2	 -42.5173	  172.9738
4.361	 2.25	 2	 -42.9537	  173.0425
4.362	 2.55	 2	 -41.4315	  173.9807
4.362	 2.16	 1	 -42.5574	  173.9698
4.362	 2.91	 1	 -42.2478	  173.6412
4.366	 2.23	 2	 -42.4557	  173.4373
4.367	 2.33	 2	 -42.6072	  172.8337
4.369	 3.52	 2	 -42.2522	  174.3438
4.370	 2.15	 3	 -42.7374	  173.1044
4.370	 2.19	 2	 -42.5279	  173.1877
4.371	 2.29	 2	 -42.0949	  173.8229
4.371	 2.20	 1	 -41.4914	  174.3156
4.372	 2.36	 1	 -42.2699	  173.7567
4.372	 2.39	 1	 -42.4296	  173.1521
4.372	 2.07	 3	 -42.9892	  173.2599
4.372	 2.04	 1	 -41.7580	  173.7513
4.373	 2.98	 1	 -43.1135	  172.9336
4.373	 2.06	 2	 -41.0966	  178.1085
4.374	 2.36	 3	 -42.7535	  173.3494
4.375	 2.51	 1	 -41.7466	  174.0146
4.375	 2.15	 2	 -42.1031	  173.8937
4.376	 2.42	 2	 -42.7293	  173.5173
4.377	 2.75	 1	 -41.6244	  174.2353
4.378	 2.05	 2	 -42.1993	  174.4267
4.379	 2.21	 2	 -42.4902	  173.0359
4.379	 2.02	 1	 -42.5546	  173.1734
4.380	 2.16	 1	 -42.5283	  173.0624
4.381	 2.28	 1	 -42.4003	  173.5712
4.381	 2.29	 2	 -42.8776	  173.2420
4.383	 2.42	 3	 -42.7188	  173.3216
4.384	 3.12	 2	 -42.2820	  174.1139
4.385	 2.33	 1	 -41.6810	  174.2842
4.386	 2.20	 2	 -42.4474	  174.5702
4.387	 2.09	 1	 -41.7061	  174.1030
4.387	 2.74	 2	 -42.5757	  173.2567
4.388	 2.03	 1	 -41.7139	  174.2805
4.388	 4.54	 1	 -42.4339	  173.3628
4.389	 4.21	 1	 -45.7094	  177.7574
4.389	 2.00	 1	 -41.8005	  174.2593
4.390	 2.76	 1	 -42.9952	  174.1233
4.390	 2.43	 1	 -41.8730	  174.1187
4.390	 3.53	 3	 -41.9464	  173.7630
4.391	 2.25	 1	 -42.9531	  173.1023
4.391	 2.58	 1	 -42.4565	  173.2574
4.392	 2.58	 3	 -42.2256	  173.9633
4.393	 2.24	 1	 -42.2598	  173.4818
4.394	 2.36	 2	 -42.3227	  173.9211
4.394	 2.27	 2	 -42.2410	  174.3430
4.395	 2.03	 2	 -41.9028	  178.3756
4.395	 2.90	 2	 -42.4939	  173.8655
4.395	 2.58	 2	 -42.1481	  174.4132
4.396	 2.34	 2	 -41.9399	  178.3905
4.396	 2.08	 2	 -41.8768	  174.1127
4.396	 2.41	 2	 -41.7843	  178.3703
4.396	 2.11	 1	 -42.2587	  172.0718
4.396	 2.94	 1	 -41.7781	  174.3212
4.397	 2.52	 1	 -42.0101	  173.7781
4.397	 2.38	 1	 -42.5519	  172.8775
4.398	 2.57	 2	 -42.4446	  174.0087
4.398	 3.04	 3	 -42.8128	  174.9006
4.399	 2.09	 2	 -42.0551	  174.0410
4.399	 3.71	 2	 -42.7577	  173.2748
4.400	 2.18	 1	 -42.5106	  173.1998
4.400	 2.16	 2	 -42.1322	  173.8730
4.401	 3.51	 2	 -42.2346	  174.4056
4.402	 2.19	 1	 -41.6480	  174.2710
4.407	 2.74	 1	 -42.2777	  173.5509
4.407	 2.35	 2	 -41.7518	  174.4190
4.408	 2.02	 2	 -41.7728	  178.3469
4.408	 2.49	 1	 -41.8465	  174.1976
4.408	 3.29	 1	 -41.0333	  173.1770
4.409	 2.39	 3	 -42.5755	  172.8797
4.409	 2.79	 1	 -42.8398	  173.0279
4.409	 2.18	 1	 -42.5424	  173.7009
4.410	 2.07	 1	 -43.2254	  173.3968
4.412	 2.03	 1	 -42.2327	  173.6328
4.412	 2.10	 1	 -41.8847	  173.9574
4.412	 2.94	 1	 -41.7296	  174.2683
4.413	 2.11	 1	 -41.8075	  174.2311
4.414	 2.15	 1	 -42.0112	  174.1821
4.416	 2.17	 1	 -41.6707	  174.2073
4.416	 2.13	 2	 -41.8938	  172.7533
4.416	 2.12	 3	 -42.6279	  172.8896
4.417	 2.52	 3	 -42.8556	  173.3614
4.417	 3.81	 2	 -42.5416	  173.1110
4.417	 2.04	 1	 -42.1842	  173.7343
4.417	 2.65	 2	 -42.0373	  173.9986
4.418	 3.04	 1	 -41.7817	  173.2546
4.418	 3.02	 1	 -42.5437	  173.0900
4.418	 2.88	 1	 -41.8506	  174.0157
4.418	 2.35	 2	 -42.6104	  173.0945
4.420	 2.01	 1	 -42.6649	  172.7645
4.420	 2.77	 1	 -42.5292	  173.3158
4.420	 2.41	 2	 -42.6113	  173.8286
4.421	 3.25	 2	 -42.0067	  178.4973
4.421	 2.48	 2	 -41.3630	  174.4534
4.421	 2.18	 1	 -42.3804	  174.0958
4.421	 3.69	 2	 -42.1499	  173.3763
4.421	 2.10	 2	 -42.9376	  173.1631
4.422	 2.63	 3	 -42.1772	  173.7568
4.422	 2.86	 3	 -41.9934	  178.6038
4.423	 2.31	 1	 -42.1101	  173.8867
4.423	 2.21	 1	 -42.1777	  173.5461
4.423	 2.13	 2	 -42.6092	  173.7759
4.425	 2.20	 1	 -41.6784	  174.2449
4.426	 2.31	 1	 -43.5297	  173.5274
4.427	 2.39	 1	 -41.9234	  174.0922
4.427	 2.55	 1	 -41.6881	  174.3250
4.428	 2.13	 2	 -42.4867	  173.0681
4.430	 2.68	 3	 -42.6225	  173.7585
4.430	 2.70	 1	 -42.7834	  173.0940
4.430	 2.06	 1	 -42.4316	  173.5268
4.431	 2.09	 1	 -42.3179	  173.7284
4.432	 2.63	 1	 -42.3269	  173.6342
4.433	 2.23	 1	 -42.4399	  173.3402
4.433	 2.01	 2	 -42.2628	  174.4110
4.434	 2.38	 2	 -42.4479	  173.0659
4.434	 2.56	 2	 -41.6321	  179.1665
4.435	 2.00	 2	 -42.0197	  178.3508
4.435	 2.95	 1	 -42.2237	  173.9777
4.435	 3.21	 1	 -40.2174	  172.2155
4.435	 2.74	 2	 -42.4449	  173.0409
4.436	 2.46	 1	 -41.7825	  174.3000
4.437	 2.90	 1	 -41.8590	  173.6863
4.437	 2.29	 2	 -42.8560	  173.4212
4.437	 2.36	 1	 -42.2828	  173.9314
4.437	 2.27	 3	 -42.7699	  173.1134
4.437	 2.62	 1	 -42.2969	  173.7264
4.439	 2.70	 1	 -41.7211	  174.2873
4.439	 2.48	 2	 -42.2190	  173.9719
4.439	 2.55	 3	 -41.9661	  178.4751
4.439	 2.06	 1	 -41.7797	  173.7939
4.442	 2.05	 2	 -42.0347	  178.5329
4.442	 2.89	 2	 -43.0422	  173.2832
4.442	 2.35	 1	 -42.2609	  173.5310
4.442	 2.06	 1	 -42.5613	  173.1596
4.444	 2.83	 2	 -42.2466	  174.4982
4.444	 2.79	 2	 -41.5952	  173.1659
4.444	 2.03	 1	 -42.3205	  173.7721
4.444	 2.11	 1	 -41.9524	  174.0669
4.446	 2.83	 2	 -42.2503	  173.7487
4.446	 2.47	 1	 -42.5440	  173.2733
4.446	 2.02	 2	 -42.2352	  174.3755
4.447	 2.26	 1	 -42.2761	  173.6362
4.447	 3.80	 2	 -42.3479	  173.6520
4.448	 2.06	 1	 -42.1521	  173.6133
4.448	 4.36	 2	 -42.1958	  173.7122
4.448	 2.00	 2	 -42.0114	  173.8377
4.449	 2.65	 3	 -41.9606	  178.2415
4.450	 2.37	 1	 -41.7004	  174.2641
4.453	 2.03	 2	 -42.7550	  173.2155
4.453	 2.12	 1	 -42.0135	  173.6893
4.453	 3.86	 3	 -42.1281	  173.9363
4.454	 2.44	 1	 -42.3956	  173.5797
4.454	 2.53	 2	 -42.5075	  173.2324
4.454	 2.52	 1	 -41.9044	  174.0952
4.455	 2.16	 3	 -41.7563	  172.8678
4.456	 2.01	 1	 -42.4226	  173.9691
4.457	 2.07	 1	 -42.5169	  173.1053
4.457	 2.11	 2	 -41.8600	  178.5095
4.458	 2.67	 2	 -43.0195	  173.2400
4.458	 2.04	 4	 -41.9747	  178.3325
4.459	 2.62	 1	 -42.3094	  174.1222
4.459	 2.04	 4	 -42.0037	  178.2044
4.459	 2.05	 1	 -42.1435	  173.7840
4.461	 2.46	 2	 -42.1216	  173.8667
4.461	 2.35	 1	 -41.8257	  174.4080
4.461	 2.14	 1	 -42.3819	  174.1728
4.462	 2.23	 1	 -41.6734	  172.7377
4.462	 2.95	 3	 -42.1114	  173.9318
4.462	 2.26	 1	 -42.6966	  173.3182
4.462	 2.03	 1	 -42.1379	  173.6043
4.462	 2.89	 2	 -41.8826	  178.3385
4.463	 2.05	 2	 -42.4756	  173.0835
4.463	 2.05	 3	 -42.3419	  173.6443
4.463	 2.34	 1	 -41.7749	  174.2901
4.463	 2.24	 2	 -41.7247	  174.2163
4.464	 2.75	 1	 -41.9040	  174.0481
4.465	 3.96	 1	 -42.5241	  173.1529
4.466	 2.32	 1	 -42.0257	  173.5811
4.467	 2.30	 1	 -42.3458	  173.6925
4.467	 2.02	 1	 -41.6938	  174.2329
4.467	 2.00	 2	 -41.7573	  174.3747
4.469	 2.36	 1	 -41.5218	  174.3850
4.469	 2.37	 1	 -42.3260	  173.7003
4.469	 2.65	 1	 -41.6613	  174.1887
4.470	 2.00	 2	 -43.4271	  172.1791
4.471	 2.71	 1	 -42.3255	  172.9787
4.472	 2.01	 1	 -41.6939	  174.2884
4.472	 2.10	 2	 -42.4423	  173.6386
4.472	 2.12	 2	 -42.1719	  174.4040
4.474	 2.75	 1	 -43.1666	  173.9631
4.475	 2.18	 2	 -41.8277	  174.2749
4.477	 3.56	 2	 -42.8070	  173.3497
4.477	 2.94	 2	 -42.1816	  174.0218
4.477	 2.84	 1	 -42.2498	  173.5875
4.478	 2.34	 1	 -42.7224	  172.9126
4.478	 2.58	 2	 -42.5432	  172.5664
4.479	 2.85	 3	 -41.9250	  178.5097
4.479	 2.07	 1	 -41.8046	  174.1494
4.479	 2.14	 1	 -42.1923	  173.5445
4.480	 2.35	 1	 -43.3154	  176.9201
4.481	 3.28	 2	 -37.5639	  176.8432
4.481	 2.97	 2	 -41.7541	  173.6530
4.482	 3.93	 3	 -42.1645	  173.7097
4.482	 3.18	 1	 -42.9110	  173.1577
4.483	 2.92	 3	 -42.2929	  174.3887
4.483	 2.86	 1	 -42.5008	  173.3609
4.484	 3.51	 2	 -42.3084	  173.8075
4.484	 2.05	 3	 -41.8610	  178.3791
4.485	 2.16	 1	 -42.6889	  172.9068
4.485	 2.16	 1	 -42.3435	  173.9307
4.486	 2.25	 3	 -42.7273	  173.7783
4.486	 2.57	 2	 -41.5217	  173.1762
4.487	 2.27	 2	 -42.2390	  173.0827
4.488	 2.17	 1	 -41.8133	  174.2311
4.490	 2.12	 3	 -42.5861	  173.6355
4.490	 2.29	 2	 -42.2800	  173.7496
4.490	 2.86	 1	 -41.8559	  174.1899
4.491	 2.75	 2	 -41.9588	  178.3728
4.492	 2.35	 1	 -42.7532	  172.5793
4.492	 2.65	 3	 -42.8054	  173.3475
4.493	 2.91	 2	 -42.0117	  178.2537
4.493	 2.54	 1	 -42.4764	  173.2963
4.494	 2.14	 2	 -42.2584	  174.4366
4.495	 2.65	 2	 -42.3745	  173.2492
4.495	 2.30	 1	 -42.5569	  173.1505
4.496	 2.40	 2	 -42.5265	  173.1676
4.497	 3.15	 1	 -41.6969	  174.2320
4.497	 2.57	 2	 -42.4507	  173.3730
4.498	 2.21	 1	 -41.7598	  174.2398
4.498	 2.53	 1	 -42.7045	  172.8690
4.499	 2.65	 1	 -42.6710	  173.3644
4.499	 2.22	 1	 -41.8217	  174.2261
4.500	 2.05	 1	 -42.1995	  172.6262
4.500	 2.20	 2	 -42.2024	  174.3408
4.500	 2.44	 4	 -42.6797	  174.3349
4.501	 2.08	 2	 -42.1695	  173.0129
4.502	 2.78	 1	 -42.5639	  172.7535
4.502	 2.12	 2	 -39.6668	  173.5024
4.502	 2.04	 1	 -42.5844	  172.8964
4.505	 2.06	 1	 -42.2157	  173.8944
4.506	 2.01	 2	 -42.8314	  173.3253
4.507	 2.19	 1	 -41.7035	  174.2710
4.507	 2.42	 3	 -41.7509	  173.6621
4.508	 2.84	 1	 -42.1711	  173.0931
4.508	 2.91	 1	 -42.3492	  172.9093
4.509	 2.77	 1	 -41.9572	  174.4325
4.509	 2.99	 2	 -42.6362	  172.7401
4.509	 2.07	 3	 -41.5277	  174.5970
4.509	 2.22	 1	 -42.1722	  172.7476
4.510	 2.37	 2	 -42.8327	  173.1434
4.511	 2.71	 1	 -42.0335	  173.8852
4.512	 2.39	 4	 -42.1286	  173.9342
4.512	 2.08	 1	 -41.6852	  174.0509
4.512	 2.88	 1	 -41.6658	  174.2553
4.512	 2.04	 1	 -42.1576	  173.6080
4.512	 2.17	 1	 -42.3060	  172.7107
4.513	 2.12	 1	 -40.9694	  173.1022
4.513	 2.25	 2	 -42.3462	  173.6625
4.514	 2.36	 1	 -42.1627	  174.0241
4.514	 2.74	 3	 -42.8196	  173.2784
4.514	 2.04	 4	 -41.9870	  178.2827
4.515	 2.26	 1	 -42.3546	  173.5924
4.515	 2.22	 3	 -42.4142	  173.2616
4.515	 2.45	 1	 -42.6331	  173.0423
4.515	 2.08	 4	 -42.7208	  173.7193
4.517	 2.89	 1	 -42.5079	  173.3325
4.517	 2.42	 1	 -42.5858	  172.9488
4.518	 2.47	 2	 -41.5416	  174.0242
4.520	 2.52	 2	 -42.5983	  173.2276
4.520	 2.46	 3	 -42.2140	  174.2466
4.521	 2.05	 1	 -42.2958	  173.8075
4.521	 2.37	 4	 -41.8433	  178.3956
4.522	 2.39	 1	 -41.6697	  171.5983
4.523	 2.04	 1	 -42.3067	  173.4476
4.523	 2.14	 1	 -42.1607	  173.6171
4.523	 2.14	 2	 -42.3350	  173.8743
4.524	 2.43	 1	 -41.7298	  174.0606
4.525	 2.12	 2	 -42.1909	  173.7725
4.525	 2.07	 1	 -42.5780	  173.1064
4.526	 2.12	 1	 -42.5602	  173.8629
4.526	 2.30	 2	 -42.3940	  173.0078
4.526	 2.02	 2	 -42.8014	  173.2231
4.526	 2.32	 1	 -42.3051	  173.7055
4.526	 2.84	 1	 -42.4690	  173.3300
4.526	 2.10	 1	 -41.7196	  174.1380
4.527	 2.18	 1	 -42.3553	  173.5718
4.527	 2.90	 2	 -41.8858	  178.3499
4.528	 2.11	 1	 -41.7039	  174.1342
4.528	 2.07	 1	 -42.4305	  173.8920
4.530	 2.24	 1	 -42.0520	  175.9442
4.530	 2.10	 3	 -41.9665	  178.2254
4.531	 4.53	 2	 -42.8285	  173.1535
4.531	 2.29	 2	 -42.6045	  173.1123
4.531	 2.07	 1	 -42.6586	  172.6835
4.532	 2.33	 2	 -42.0922	  173.8594
4.533	 2.96	 1	 -42.0184	  173.7533
4.533	 2.52	 1	 -42.6537	  172.7953
4.533	 2.32	 1	 -41.7712	  174.2762
4.534	 2.08	 2	 -42.1522	  173.5958
4.537	 2.05	 2	 -42.1156	  174.2688
4.538	 2.05	 2	 -42.4729	  173.1494
4.539	 3.19	 2	 -41.9117	  177.8956
4.539	 2.63	 1	 -41.6748	  174.3658
4.540	 2.32	 4	 -41.6756	  178.6692
4.542	 2.29	 1	 -43.0106	  173.1224
4.543	 2.36	 1	 -41.7601	  174.3520
4.547	 2.46	 1	 -41.8835	  173.7092
4.547	 2.06	 1	 -41.7629	  174.0805
4.548	 2.15	 1	 -41.9479	  173.8950
4.548	 2.28	 1	 -42.4912	  173.7719
4.548	 2.20	 2	 -42.0031	  174.5765
4.549	 2.05	 4	 -41.0105	  177.7278
4.550	 2.27	 1	 -41.7724	  174.2859
4.550	 2.44	 1	 -42.1501	  173.5352
4.550	 2.23	 1	 -41.9304	  173.9664
4.550	 2.24	 1	 -41.8872	  173.9294
4.551	 2.11	 3	 -42.3487	  173.6494
4.551	 2.63	 2	 -42.5068	  172.8557
4.552	 2.40	 1	 -42.6114	  172.8306
4.555	 2.42	 3	 -41.8735	  178.3324
4.555	 2.42	 2	 -43.0061	  173.2575
4.555	 2.04	 1	 -41.7192	  174.4507
4.557	 2.04	 1	 -42.4832	  173.6708
4.557	 2.28	 4	 -42.6320	  173.2380
4.558	 2.81	 2	 -42.5316	  173.2219
4.558	 2.03	 2	 -45.7162	  177.7603
4.559	 2.03	 3	 -37.5583	  176.8503
4.559	 2.67	 1	 -42.2749	  173.9517
4.559	 3.18	 2	 -42.5551	  173.0026
4.560	 2.53	 2	 -42.4425	  172.5755
4.562	 2.66	 1	 -42.4092	  173.3914
4.562	 3.04	 1	 -42.3063	  173.5550
4.563	 2.17	 1	 -42.0601	  173.0658
4.564	 2.49	 2	 -42.2924	  174.1823
4.565	 2.01	 3	 -43.1369	  173.5817
4.565	 2.22	 1	 -41.8506	  174.2761
4.565	 2.01	 1	 -42.4354	  173.6179
4.566	 2.17	 2	 -42.1898	  174.4695
4.567	 2.04	 1	 -42.9326	  173.0111
4.568	 2.61	 1	 -41.6548	  174.2322
4.573	 2.12	 1	 -41.6944	  174.2555
4.573	 2.08	 1	 -41.7113	  174.1845
4.574	 2.01	 1	 -42.4747	  173.9821
4.575	 2.17	 1	 -42.6637	  173.1062
4.575	 2.15	 1	 -42.2830	  173.7746
4.575	 2.07	 2	 -42.9452	  173.3171
4.575	 2.39	 1	 -42.5380	  172.5847
4.577	 2.20	 2	 -42.1684	  174.4716
4.578	 2.20	 1	 -42.5348	  173.1822
4.578	 2.01	 2	 -42.3837	  174.0631
4.579	 2.05	 1	 -41.9574	  174.0809
4.580	 2.61	 2	 -42.8160	  173.1531
4.582	 2.56	 1	 -42.9051	  172.9515
4.582	 2.22	 1	 -42.2902	  173.8809
4.584	 2.30	 3	 -41.9196	  178.3863
4.585	 2.23	 2	 -42.0251	  178.4479
4.586	 2.14	 3	 -42.5397	  173.0415
4.587	 2.81	 2	 -42.0958	  173.8872
4.588	 2.31	 2	 -41.8274	  174.2907
4.589	 2.08	 3	 -42.4488	  173.3730
4.591	 2.81	 3	 -41.8550	  178.4587
4.591	 2.24	 1	 -42.0164	  173.5630
4.591	 2.06	 1	 -41.7858	  174.2050
4.591	 2.09	 2	 -42.4631	  173.0833
4.592	 2.33	 1	 -42.5277	  173.5173
4.592	 2.67	 2	 -41.6864	  171.5789
4.592	 2.36	 2	 -42.8780	  173.0896
4.593	 2.20	 1	 -42.2808	  173.2163
4.594	 2.20	 2	 -42.1570	  173.5898
4.594	 2.42	 1	 -41.4097	  174.0073
4.594	 2.22	 1	 -41.7105	  174.2065
4.595	 2.57	 1	 -41.8335	  174.3591
4.595	 2.27	 2	 -42.1224	  173.8805
4.596	 2.55	 1	 -41.7714	  174.2593
4.596	 2.14	 3	 -42.5406	  172.5605
4.598	 2.31	 2	 -41.8830	  178.3542
4.601	 2.18	 2	 -41.9032	  178.4237
4.601	 2.50	 1	 -42.3603	  173.0952
4.601	 2.63	 1	 -42.3842	  173.6952
4.602	 2.73	 2	 -43.1073	  173.5642
4.602	 2.01	 3	 -42.3124	  173.7954
4.604	 2.14	 1	 -41.6852	  174.2529
4.604	 2.11	 1	 -42.3682	  174.0598
4.604	 2.35	 2	 -42.0481	  173.8427
4.605	 2.56	 4	 -42.1465	  173.9385
4.605	 2.35	 2	 -42.1391	  174.4853
4.606	 2.04	 2	 -41.2441	  173.8005
4.607	 2.59	 2	 -42.6141	  172.4976
4.607	 2.59	 3	 -42.4184	  173.7867
4.609	 2.20	 3	 -42.0065	  178.4427
4.609	 2.43	 1	 -41.6775	  174.3195
4.610	 2.16	 1	 -42.3506	  174.0350
4.612	 2.41	 2	 -41.8577	  178.3240
4.613	 2.52	 1	 -42.2588	  173.6629
4.614	 2.84	 2	 -42.4565	  173.1407
4.615	 2.01	 1	 -42.0984	  173.6334
4.616	 2.33	 3	 -42.0773	  173.8400
4.618	 2.69	 3	 -41.7379	  174.3578
4.620	 2.31	 2	 -42.9302	  173.5326
4.621	 2.09	 2	 -42.2260	  174.4112
4.623	 2.54	 1	 -42.9590	  173.1807
4.624	 2.39	 1	 -41.7240	  174.3025
4.625	 2.17	 2	 -42.8506	  173.0011
4.625	 2.14	 1	 -42.3244	  172.9051
4.625	 2.68	 1	 -42.2934	  173.4990
4.626	 2.10	 1	 -42.6870	  173.0694
4.626	 2.15	 2	 -41.7477	  174.2091
4.626	 3.31	 3	 -42.2167	  173.7531
4.627	 2.10	 1	 -39.3602	  172.0286
4.629	 2.24	 1	 -42.2447	  173.7093
4.630	 2.50	 1	 -42.4874	  173.0273
4.631	 2.06	 1	 -42.1589	  173.5919
4.632	 2.14	 1	 -43.0823	  173.2337
4.632	 2.17	 2	 -43.0835	  173.9948
4.632	 2.02	 1	 -41.6825	  174.2505
4.633	 2.14	 1	 -41.7450	  174.1866
4.633	 2.28	 1	 -42.1469	  174.0329
4.634	 2.37	 2	 -40.3467	  180.7100
4.634	 2.29	 2	 -42.4632	  172.7407
4.635	 2.26	 2	 -41.6232	  174.3138
4.635	 2.10	 1	 -42.3450	  173.9984
4.636	 2.18	 1	 -42.5450	  172.8693
4.636	 2.33	 1	 -42.1276	  173.6888
4.637	 2.12	 1	 -42.2966	  173.6210
4.637	 2.43	 3	 -42.3902	  172.8237
4.638	 2.07	 1	 -42.5390	  173.0275
4.638	 2.62	 2	 -43.9505	  173.8709
4.640	 2.28	 1	 -42.3748	  173.7148
4.641	 2.33	 1	 -42.6596	  172.7881
4.642	 2.66	 2	 -41.6207	  174.2237
4.642	 2.20	 2	 -42.1336	  174.6193
4.642	 2.88	 1	 -42.1911	  173.5784
4.643	 2.64	 1	 -42.5169	  173.0952
4.644	 2.02	 2	 -42.5704	  173.1600
4.644	 2.11	 2	 -41.6174	  174.3831
4.645	 2.31	 1	 -42.4023	  173.9860
4.647	 2.63	 2	 -42.1180	  174.4080
4.647	 2.43	 1	 -42.1878	  173.8179
4.647	 2.30	 2	 -42.8933	  173.3275
4.648	 2.04	 1	 -42.3464	  174.0017
4.648	 2.74	 2	 -37.9632	  173.3189
4.649	 2.14	 1	 -41.6846	  174.2399
4.649	 2.11	 2	 -41.9375	  178.4626
4.649	 2.19	 1	 -41.7036	  174.4532
4.650	 2.10	 2	 -42.3921	  173.0545
4.650	 2.18	 1	 -41.9642	  173.5129
4.651	 2.17	 1	 -42.0606	  172.7167
4.652	 2.55	 1	 -42.4739	  173.0957
4.653	 2.60	 1	 -41.8847	  174.3950
4.654	 2.05	 1	 -41.7455	  174.0274
4.655	 2.14	 2	 -42.1498	  174.5010
4.655	 2.21	 2	 -42.6886	  173.4709
4.656	 4.47	 1	 -42.2348	  174.3063
4.657	 2.11	 3	 -42.8435	  173.1525
4.658	 2.02	 2	 -42.2291	  174.4006
4.660	 2.92	 1	 -42.8615	  173.0841
4.660	 2.48	 1	 -42.6030	  173.7665
4.661	 2.16	 1	 -41.7727	  174.2512
4.661	 2.12	 1	 -42.5592	  173.2711
4.662	 2.13	 1	 -42.1275	  173.6589
4.662	 2.26	 1	 -44.7396	  172.1382
4.662	 2.11	 2	 -42.7686	  173.2720
4.662	 2.09	 1	 -41.8828	  174.1220
4.663	 2.25	 1	 -41.8071	  174.2961
4.664	 2.75	 2	 -42.2664	  173.4753
4.664	 2.41	 1	 -42.3605	  173.8803
4.665	 2.03	 1	 -41.8531	  174.0856
4.667	 2.91	 1	 -41.7880	  174.3609
4.668	 2.14	 1	 -42.5638	  173.1767
4.668	 2.48	 1	 -41.7511	  174.2895
4.668	 2.13	 2	 -42.7145	  173.9616
4.668	 2.40	 1	 -42.0274	  173.7834
4.669	 2.18	 2	 -42.8721	  173.2063
4.670	 2.81	 2	 -42.1213	  173.8428
4.671	 3.42	 1	 -42.2377	  173.8236
4.672	 2.29	 4	 -42.3903	  172.8236
4.673	 3.07	 1	 -42.1687	  174.3761
4.673	 2.05	 2	 -42.5188	  173.1037
4.673	 2.16	 1	 -42.1643	  173.5820
4.677	 2.36	 2	 -42.2139	  174.3893
4.677	 2.53	 1	 -41.8106	  174.3860
4.678	 2.49	 2	 -43.7514	  175.0400
4.678	 2.03	 1	 -42.1399	  173.7781
4.679	 2.29	 2	 -42.3222	  172.9330
4.680	 2.56	 1	 -42.2278	  173.6859
4.680	 3.11	 1	 -41.8266	  174.1666
4.680	 3.48	 2	 -41.9696	  174.1556
4.681	 2.93	 1	 -41.5288	  174.2743
4.681	 2.44	 1	 -41.9718	  174.2504
4.682	 2.26	 1	 -42.5191	  174.0453
4.682	 2.71	 1	 -41.7912	  174.2619
4.683	 2.05	 1	 -41.9837	  173.6740
4.684	 2.44	 4	 -42.1291	  173.9318
4.684	 2.14	 1	 -41.3934	  172.9656
4.685	 2.78	 1	 -41.6551	  174.2898
4.686	 2.07	 2	 -42.5868	  172.9228
4.686	 2.01	 1	 -42.4183	  172.9937
4.686	 2.48	 1	 -41.9927	  173.8925
4.686	 2.41	 1	 -41.7025	  174.3197
4.687	 2.04	 1	 -42.9911	  174.2870
4.690	 2.03	 1	 -42.2356	  173.8478
4.692	 2.08	 1	 -42.2701	  173.8044
4.692	 2.12	 2	 -42.2447	  173.8905
4.692	 2.52	 1	 -42.1517	  173.6281
4.692	 2.87	 1	 -42.6557	  173.2762
4.694	 2.28	 1	 -41.7648	  174.3102
4.694	 2.15	 1	 -42.3549	  173.0921
4.695	 2.38	 3	 -42.8106	  173.2329
4.697	 2.40	 1	 -42.4111	  172.9818
4.697	 2.46	 2	 -42.6979	  172.4719
4.698	 3.16	 1	 -42.5898	  173.8598
4.699	 2.61	 1	 -42.3247	  174.0118
4.699	 2.20	 2	 -42.5306	  173.1599
4.699	 2.07	 1	 -41.8927	  174.3758
4.700	 2.23	 2	 -42.5613	  173.0800
4.700	 2.30	 2	 -42.0982	  178.6445
4.700	 2.28	 1	 -41.8345	  174.2067
4.701	 2.03	 1	 -41.6930	  174.2789
4.702	 2.05	 3	 -42.2642	  174.4877
4.702	 3.68	 2	 -42.5234	  173.0928
4.703	 5.43	 2	 -42.6328	  172.6094
4.705	 2.03	 2	 -41.8930	  174.2181
4.705	 2.72	 1	 -42.4257	  174.0170
4.707	 2.11	 3	 -42.6141	  172.5398
4.710	 2.08	 2	 -42.4996	  173.4121
4.711	 2.47	 3	 -42.3291	  173.4025
4.711	 2.61	 3	 -42.8872	  172.6214
4.711	 2.96	 2	 -42.3102	  173.3675
4.711	 2.26	 2	 -42.6529	  173.2787
4.712	 2.22	 3	 -42.6427	  172.5430
4.713	 2.32	 3	 -41.9792	  178.0638
4.713	 2.08	 3	 -42.8132	  173.1120
4.715	 2.06	 1	 -41.3659	  171.5971
4.715	 3.73	 3	 -42.2151	  173.8487
4.716	 3.54	 2	 -42.8390	  173.4083
4.718	 2.54	 2	 -41.9776	  178.2440
4.718	 2.35	 2	 -41.7957	  178.7424
4.718	 2.96	 2	 -41.7791	  174.4028
4.719	 2.43	 1	 -44.8222	  170.8793
4.719	 2.92	 2	 -42.2114	  174.3802
4.719	 4.58	 1	 -46.3031	  176.6686
4.720	 2.23	 2	 -42.8476	  173.3380
4.720	 2.46	 3	 -41.9354	  178.3136
4.721	 3.03	 2	 -42.3398	  174.5175
4.723	 2.28	 1	 -42.4360	  173.4287
4.725	 2.02	 1	 -42.1191	  173.9149
4.726	 2.11	 1	 -41.7329	  174.9456
4.726	 2.35	 2	 -42.7985	  172.8512
4.726	 2.37	 3	 -44.3129	  166.9401
4.726	 2.05	 1	 -41.9755	  173.7909
4.726	 2.21	 3	 -42.8062	  172.5573
4.727	 2.17	 1	 -42.4459	  173.1749
4.729	 2.60	 1	 -42.6713	  172.3743
4.730	 2.62	 2	 -42.2343	  174.3082
4.730	 2.62	 1	 -41.7007	  174.2921
4.731	 2.05	 1	 -42.2658	  173.5266
4.734	 2.58	 2	 -41.8708	  178.3548
4.734	 3.23	 3	 -42.8078	  173.2281
4.734	 2.20	 1	 -42.4475	  173.1624
4.735	 2.42	 2	 -46.2825	  176.6576
4.735	 2.18	 3	 -41.3481	  169.4939
4.736	 2.07	 1	 -42.8064	  173.0753
4.736	 2.19	 3	 -42.8312	  173.2400
4.736	 2.20	 3	 -41.9584	  178.2285
4.736	 2.06	 1	 -42.5151	  173.1296
4.737	 3.44	 1	 -41.7450	  174.1465
4.738	 2.05	 1	 -42.3073	  173.8788
4.738	 2.39	 2	 -42.2281	  173.6333
4.738	 2.04	 3	 -42.6332	  172.6104
4.739	 2.13	 3	 -42.8912	  173.7753
4.739	 2.07	 1	 -42.4682	  173.9404
4.740	 2.28	 1	 -41.6967	  174.1640
4.741	 2.08	 3	 -42.6455	  172.6138
4.741	 2.19	 2	 -42.3788	  174.0283
4.741	 2.89	 3	 -42.2415	  173.6510
4.742	 2.37	 1	 -41.7245	  174.2702
4.742	 2.24	 2	 -41.7650	  174.2911
4.742	 2.51	 1	 -42.2648	  173.3213
4.742	 2.63	 3	 -42.8056	  173.2293
4.742	 2.34	 1	 -42.2744	  173.6159
4.744	 2.81	 3	 -42.6320	  172.6073
4.744	 2.03	 1	 -42.5119	  173.2457
4.745	 2.65	 1	 -43.0173	  173.5913
4.745	 2.04	 3	 -41.9705	  174.2053
4.746	 2.10	 1	 -42.0956	  173.8323
4.746	 2.38	 2	 -42.6288	  173.4375
4.748	 2.03	 1	 -41.7971	  174.4873
4.748	 2.36	 2	 -42.5199	  172.5849
4.750	 2.22	 2	 -42.5356	  173.0986
4.750	 2.09	 3	 -42.8042	  173.3051
4.750	 2.12	 2	 -42.2694	  174.3807
4.750	 2.16	 1	 -42.4293	  173.8055
4.750	 2.33	 3	 -41.8593	  174.0200
4.751	 2.05	 1	 -41.7160	  174.2814
4.751	 2.40	 1	 -41.6931	  174.2610
4.751	 2.24	 1	 -42.2582	  170.6472
4.751	 2.79	 3	 -42.7364	  172.5912
4.752	 3.28	 1	 -42.2349	  173.8276
4.752	 2.34	 1	 -41.7072	  174.2505
4.752	 2.02	 1	 -43.2068	  173.1854
4.754	 2.04	 1	 -42.4528	  173.9975
4.754	 2.28	 1	 -42.4400	  173.8447
4.755	 2.80	 1	 -41.9880	  173.6776
4.755	 2.20	 1	 -41.6590	  174.2428
4.756	 2.42	 1	 -40.1688	  178.3782
4.756	 2.15	 3	 -42.1567	  173.6483
4.756	 2.67	 1	 -42.5011	  173.8230
4.757	 2.34	 3	 -42.4309	  173.0209
4.757	 2.55	 1	 -42.2948	  173.4792
4.757	 2.07	 2	 -41.6945	  174.4503
4.758	 2.23	 1	 -42.6731	  173.2878
4.758	 2.62	 3	 -41.4369	  178.3915
4.758	 2.45	 2	 -42.0856	  174.4224
4.761	 2.33	 1	 -42.5201	  173.1371
4.761	 4.93	 1	 -42.6406	  172.8169
4.761	 2.27	 4	 -42.8094	  174.8707
4.761	 2.65	 1	 -42.1863	  173.6817
4.762	 2.68	 1	 -42.3576	  173.5675
4.762	 2.49	 2	 -42.6547	  173.8585
4.763	 3.50	 2	 -42.5551	  173.0443
4.763	 3.04	 1	 -41.9725	  173.6854
4.763	 2.17	 1	 -42.3803	  172.8926
4.764	 2.21	 2	 -42.7102	  173.5715
4.765	 2.15	 2	 -40.6504	  178.9493
4.768	 2.03	 2	 -41.7963	  178.4796
4.768	 2.70	 1	 -42.0636	  173.7251
4.769	 2.20	 1	 -42.2668	  173.7226
4.770	 2.18	 1	 -42.4063	  174.0518
4.770	 2.43	 1	 -42.1296	  174.0321
4.770	 2.07	 2	 -42.1305	  174.3180
4.770	 2.10	 2	 -42.3971	  173.6441
4.772	 2.29	 1	 -42.4332	  173.8965
4.772	 2.19	 2	 -42.5513	  173.1501
4.774	 2.13	 3	 -42.6869	  173.2706
4.775	 2.11	 1	 -42.2937	  173.8008
4.776	 2.41	 3	 -42.5260	  173.1090
4.776	 2.19	 1	 -41.8651	  173.2368
4.776	 2.13	 1	 -43.0647	  169.7987
4.777	 2.07	 1	 -41.9962	  173.6941
4.777	 2.20	 2	 -41.5419	  174.4336
4.778	 2.46	 1	 -42.4528	  173.3625
4.778	 2.70	 1	 -42.2929	  173.8624
4.778	 2.23	 1	 -41.7227	  173.8700
4.779	 2.29	 1	 -42.0425	  173.6022
4.782	 3.56	 1	 -42.6076	  172.8910
4.782	 2.35	 3	 -42.6932	  172.6949
4.782	 2.64	 2	 -42.0721	  178.5288
4.782	 2.54	 1	 -42.0497	  173.7379
4.783	 2.39	 1	 -41.7769	  174.3042
4.783	 2.12	 1	 -42.3187	  173.7137
4.784	 2.32	 2	 -42.8346	  173.2706
4.784	 2.09	 1	 -41.6623	  174.2558
4.784	 2.08	 3	 -42.6316	  172.6770
4.785	 4.40	 2	 -42.3570	  173.8845
4.786	 2.25	 3	 -42.2949	  173.9249
4.787	 2.57	 1	 -42.5868	  173.1414
4.787	 3.03	 2	 -41.8341	  174.1505
4.789	 2.69	 4	 -41.7726	  174.3772
4.790	 2.56	 1	 -42.5815	  173.4574
4.791	 2.37	 1	 -41.8130	  174.2944
4.791	 2.53	 1	 -42.2594	  173.2150
4.792	 2.31	 2	 -42.1976	  173.6874
4.792	 2.49	 1	 -42.2611	  174.4990
4.793	 2.57	 1	 -41.9539	  173.6482
4.794	 2.10	 2	 -42.3546	  174.6655
4.795	 2.11	 2	 -42.5353	  172.1992
4.796	 2.05	 2	 -41.6096	  174.4886
4.797	 2.22	 1	 -42.5925	  172.9690
4.797	 2.93	 2	 -41.9431	  178.4056
4.797	 2.27	 3	 -44.8090	  169.3437
4.798	 2.06	 1	 -43.1341	  172.4223
4.798	 2.34	 2	 -42.2546	  173.9259
4.799	 2.09	 2	 -42.6550	  172.8283
4.800	 2.74	 1	 -42.0812	  173.9133
4.801	 2.11	 3	 -37.5767	  176.8135
4.802	 3.20	 1	 -42.6333	  172.7800
4.802	 2.45	 2	 -42.5191	  173.0055
4.804	 2.50	 1	 -42.4899	  173.1543
4.804	 3.05	 1	 -41.7884	  174.1585
4.804	 2.03	 2	 -42.6327	  172.8266
4.805	 4.02	 1	 -42.5255	  173.3266
4.807	 3.70	 3	 -42.5979	  172.5808
4.807	 2.56	 1	 -42.5561	  174.1856
4.807	 2.60	 2	 -42.2108	  172.4305
4.809	 2.39	 4	 -41.9487	  173.7707
4.810	 2.09	 1	 -42.3528	  173.6320
4.810	 2.23	 3	 -42.6818	  172.5078
4.812	 2.06	 2	 -42.5969	  173.3695
4.813	 2.14	 1	 -42.0281	  173.6416
4.814	 2.12	 1	 -41.4996	  173.8590
4.815	 2.47	 3	 -43.3767	  172.8156
4.816	 2.19	 2	 -41.8027	  174.1920
4.816	 2.33	 1	 -41.9649	  174.2141
4.817	 2.28	 1	 -41.8139	  174.2348
4.817	 2.86	 2	 -43.2570	  173.7860
4.817	 2.10	 1	 -41.9600	  174.0300
4.818	 2.08	 3	 -42.5497	  172.1160
4.818	 2.13	 3	 -42.6576	  172.8017
4.818	 2.00	 2	 -42.7687	  172.7430
4.818	 2.27	 1	 -41.6634	  174.0837
4.819	 2.22	 2	 -46.3470	  176.7136
4.819	 2.73	 3	 -42.6642	  172.6349
4.820	 2.10	 2	 -42.4260	  173.1572
4.820	 2.28	 2	 -42.5028	  173.3520
4.820	 3.69	 2	 -41.9594	  178.3168
4.822	 2.06	 2	 -42.6298	  172.8101
4.823	 4.58	 2	 -42.5377	  173.1980
4.823	 5.13	 1	 -42.3960	  173.9066
4.823	 2.04	 3	 -42.0820	  173.9355
4.823	 2.12	 1	 -42.1665	  173.5075
4.824	 2.86	 1	 -42.4233	  173.5242
4.825	 2.16	 2	 -41.9694	  178.1935
4.825	 2.43	 1	 -41.8188	  174.2476
4.825	 2.01	 1	 -42.2203	  171.5209
4.826	 2.08	 1	 -41.7104	  174.2315
4.827	 2.09	 2	 -41.9537	  178.1658
4.827	 2.56	 2	 -41.1717	  178.6128
4.828	 2.29	 1	 -41.7563	  174.3776
4.828	 2.45	 2	 -42.5890	  173.1349
4.829	 2.63	 1	 -42.2662	  173.6779
4.829	 2.46	 1	 -42.6493	  173.0843
4.830	 2.10	 2	 -42.4651	  173.2464
4.830	 3.75	 1	 -43.5555	  172.6102
4.830	 2.35	 1	 -42.2787	  173.6778
4.830	 2.32	 1	 -41.8439	  174.2206
4.830	 2.02	 3	 -42.0387	  173.8733
4.830	 2.02	 3	 -42.6313	  172.6071
4.830	 2.44	 1	 -42.2806	  173.9162
4.830	 2.06	 2	 -41.6533	  178.3419
4.831	 2.03	 3	 -42.6583	  172.7335
4.831	 2.10	 1	 -42.1147	  173.5953
4.833	 2.35	 2	 -42.8324	  173.2560
4.834	 2.03	 2	 -41.6244	  174.2358
4.834	 4.61	 1	 -41.7786	  174.1880
4.835	 2.11	 1	 -41.7640	  174.3213
4.836	 2.75	 1	 -42.3718	  173.8099
4.836	 2.16	 4	 -42.1870	  173.8737
4.836	 2.86	 2	 -42.6369	  172.7854
4.839	 2.18	 2	 -41.8253	  174.2102
4.840	 2.14	 1	 -42.7075	  172.9922
4.840	 3.45	 1	 -42.3987	  173.9505
4.840	 2.22	 3	 -42.9483	  173.2542
4.840	 2.73	 3	 -42.6599	  172.6497
4.840	 2.41	 1	 -42.4464	  173.1955
4.841	 5.58	 2	 -41.8823	  178.3641
4.842	 2.43	 1	 -41.8608	  174.6746
4.842	 2.99	 2	 -42.2890	  173.8424
4.843	 2.49	 1	 -42.4350	  173.4017
4.843	 2.32	 1	 -41.7928	  174.2618
4.845	 2.12	 1	 -41.6958	  174.1409
4.846	 3.10	 1	 -41.9422	  174.0913
4.846	 2.23	 2	 -40.2107	  178.3636
4.847	 2.83	 1	 -41.4986	  174.0800
4.847	 2.12	 3	 -41.9562	  179.4136
4.847	 3.00	 3	 -42.1063	  173.8732
4.847	 5.10	 3	 -42.0818	  178.0950
4.847	 2.29	 3	 -42.3539	  173.9397
4.848	 2.23	 1	 -42.6145	  173.0016
4.848	 2.08	 1	 -42.4099	  173.8081
4.850	 2.03	 2	 -42.6233	  172.8154
4.851	 2.22	 4	 -42.1267	  178.1635
4.851	 4.15	 3	 -41.9466	  178.3796
4.852	 2.15	 1	 -42.5163	  173.0900
4.852	 2.58	 1	 -42.5556	  173.5512
4.853	 2.68	 3	 -41.9034	  178.3660
4.854	 2.13	 1	 -42.3931	  173.7710
4.855	 2.23	 2	 -42.6450	  172.8379
4.856	 2.00	 3	 -41.8799	  178.4082
4.856	 2.53	 2	 -42.4273	  173.2054
4.857	 2.31	 3	 -42.5440	  172.6185
4.857	 2.06	 1	 -41.7749	  174.2814
4.857	 2.05	 2	 -42.5011	  173.1583
4.859	 2.25	 1	 -41.7776	  174.2082
4.860	 2.23	 3	 -41.8846	  178.2934
4.860	 2.06	 2	 -42.3698	  174.1510
4.862	 2.25	 2	 -42.4552	  173.9674
4.863	 2.03	 3	 -41.9096	  178.3652
4.863	 2.09	 1	 -42.4867	  173.7725
4.864	 2.54	 3	 -41.8420	  178.1798
4.864	 2.27	 1	 -42.2547	  173.6558
4.864	 2.10	 1	 -41.7190	  174.2549
4.864	 2.19	 2	 -41.6564	  178.3838
4.864	 2.18	 1	 -41.9545	  174.0385
4.865	 2.47	 3	 -42.6270	  172.1891
4.866	 2.23	 3	 -42.6533	  172.6929
4.867	 2.09	 2	 -42.4245	  173.8522
4.868	 2.23	 1	 -42.2801	  173.6207
4.868	 2.82	 2	 -41.7555	  174.1969
4.868	 2.61	 3	 -41.9297	  178.3807
4.869	 2.79	 2	 -42.2052	  174.2588
4.870	 2.68	 4	 -41.9567	  178.3783
4.872	 2.11	 1	 -42.2319	  173.9789
4.872	 2.35	 1	 -41.8375	  174.1265
4.872	 2.05	 4	 -42.4060	  173.2095
4.874	 2.36	 2	 -42.1936	  172.5158
4.874	 2.73	 3	 -42.8556	  173.3123
4.875	 2.39	 2	 -42.4958	  173.1064
4.875	 3.95	 3	 -42.4600	  173.0252
4.875	 2.28	 1	 -42.4234	  173.2438
4.876	 2.02	 1	 -42.1771	  173.6914
4.876	 2.56	 2	 -42.6341	  172.8451
4.877	 2.35	 4	 -42.0831	  178.0880
4.877	 2.54	 1	 -41.9953	  173.7881
4.877	 2.30	 2	 -42.9195	  173.3426
4.878	 2.82	 1	 -42.7732	  172.7383
4.878	 2.62	 2	 -42.7106	  173.3244
4.878	 2.20	 1	 -41.6660	  174.1644
4.878	 2.66	 2	 -41.7748	  178.3663
4.878	 2.15	 3	 -41.7788	  174.4021
4.879	 2.40	 2	 -41.7709	  174.1929
4.880	 2.01	 4	 -42.3357	  173.0450
4.880	 3.09	 2	 -42.2552	  171.5941
4.881	 2.26	 1	 -41.6999	  174.3201
4.882	 2.43	 1	 -42.2080	  173.5965
4.882	 3.12	 1	 -41.6715	  173.0900
4.883	 2.70	 1	 -42.2528	  173.7898
4.883	 2.21	 1	 -42.4398	  174.0351
4.883	 2.19	 3	 -41.8647	  178.3674
4.885	 2.48	 3	 -41.9046	  178.2588
4.885	 2.06	 2	 -42.8004	  173.4319
4.885	 2.27	 1	 -41.9582	  173.6384
4.886	 2.09	 3	 -42.5188	  173.1952
4.887	 2.37	 1	 -41.5220	  174.3551
4.888	 2.18	 1	 -41.6783	  174.2792
4.888	 2.03	 1	 -42.6054	  172.9813
4.888	 2.02	 2	 -41.9430	  173.9865
4.889	 2.37	 1	 -42.3609	  173.0929
4.889	 2.06	 2	 -42.6754	  172.8109
4.889	 2.25	 1	 -42.7006	  172.8279
4.889	 2.61	 2	 -42.8987	  173.2305
4.890	 2.32	 2	 -41.7083	  174.1476
4.891	 3.29	 3	 -42.5061	  173.1682
4.892	 2.02	 3	 -41.9250	  178.4540
4.892	 2.41	 1	 -41.6914	  174.1780
4.893	 2.14	 2	 -42.7052	  172.9860
4.894	 3.06	 4	 -42.0927	  178.1344
4.894	 2.47	 3	 -42.5757	  172.6809
4.894	 2.71	 1	 -41.9006	  174.1457
4.894	 2.38	 2	 -42.2790	  172.8109
4.895	 2.08	 1	 -41.7963	  173.7919
4.897	 2.09	 1	 -42.0012	  173.9576
4.898	 2.36	 1	 -42.5120	  173.2231
4.898	 2.14	 2	 -42.6189	  172.8156
4.898	 2.02	 2	 -41.7510	  178.1604
4.898	 2.35	 2	 -42.6394	  172.7902
4.898	 2.30	 1	 -42.4447	  173.1513
4.898	 2.26	 1	 -42.1771	  173.9104
4.898	 2.16	 1	 -42.1908	  173.5422
4.899	 2.68	 3	 -42.1008	  173.9608
4.900	 2.20	 1	 -41.7912	  173.3060
4.900	 2.08	 1	 -42.4627	  173.9694
4.900	 2.36	 3	 -41.9274	  178.1875
4.901	 2.08	 1	 -42.2988	  173.9586
4.901	 2.45	 1	 -42.5210	  173.7386
4.901	 2.09	 1	 -42.2159	  173.3766
4.901	 2.42	 1	 -42.0684	  172.9199
4.903	 2.45	 3	 -41.8765	  178.3476
4.905	 2.48	 1	 -42.3326	  173.4599
4.905	 3.21	 3	 -42.6888	  174.3354
4.906	 2.10	 1	 -41.7329	  174.3012
4.906	 2.20	 1	 -42.3953	  173.2846
4.907	 2.03	 2	 -41.6289	  174.2239
4.907	 2.07	 3	 -41.8742	  178.3430
4.907	 2.94	 3	 -41.9726	  178.3575
4.908	 2.22	 1	 -42.1620	  173.5908
4.908	 2.47	 3	 -41.9522	  173.4604
4.909	 2.33	 2	 -42.2398	  174.3540
4.909	 3.25	 1	 -42.3351	  173.4214
4.909	 3.25	 3	 -41.8757	  178.4293
4.909	 2.16	 1	 -38.6774	  170.6387
4.910	 2.19	 3	 -42.1128	  174.6312
4.910	 2.57	 1	 -42.3605	  173.4751
4.912	 2.36	 3	 -40.7881	  178.5657
4.912	 3.20	 1	 -42.3459	  172.7669
4.912	 3.13	 2	 -42.1229	  173.8674
4.913	 2.30	 2	 -42.4151	  173.8947
4.914	 2.53	 1	 -41.7654	  174.0401
4.915	 2.89	 2	 -41.7501	  174.1761
4.915	 2.96	 2	 -41.9319	  179.9991
4.915	 2.13	 1	 -42.5876	  172.8521
4.917	 2.85	 1	 -41.8374	  174.2646
4.917	 2.07	 2	 -41.8339	  174.3281
4.919	 3.41	 2	 -46.2461	  176.6547
4.920	 3.37	 1	 -43.6025	  173.0087
4.921	 3.32	 1	 -42.0004	  174.2084
4.921	 2.47	 1	 -41.6888	  174.2708
4.922	 2.11	 1	 -42.3497	  173.7894
4.922	 2.28	 1	 -42.4151	  173.0930
4.922	 2.52	 1	 -42.2999	  173.7521
4.924	 2.93	 1	 -42.7691	  173.3741
4.924	 2.15	 1	 -41.8253	  174.0836
4.925	 2.99	 1	 -42.6339	  172.7800
4.925	 3.76	 2	 -42.2888	  173.7827
4.928	 2.28	 3	 -41.9833	  178.4826
4.928	 3.09	 1	 -41.2568	  174.5249
4.929	 2.04	 2	 -41.2965	  178.7371
4.929	 2.10	 3	 -42.0406	  178.3877
4.929	 2.41	 2	 -42.5692	  173.0508
4.930	 2.38	 1	 -42.3725	  173.9973
4.930	 2.34	 2	 -42.3899	  173.8501
4.931	 2.52	 1	 -42.1637	  174.1377
4.931	 2.23	 2	 -42.6122	  173.9024
4.931	 2.86	 1	 -42.7819	  173.0431
4.933	 2.11	 1	 -41.6917	  174.2262
4.933	 2.50	 3	 -42.5420	  173.1814
4.933	 3.66	 1	 -42.0137	  173.9185
4.934	 2.26	 1	 -41.7152	  174.2799
4.934	 2.04	 3	 -41.8751	  178.3336
4.935	 2.23	 1	 -42.8081	  173.1393
4.935	 3.54	 1	 -41.8105	  174.0358
4.936	 2.07	 1	 -42.0059	  171.2322
4.936	 3.11	 3	 -42.1700	  174.3974
4.936	 2.49	 1	 -42.0032	  173.5288
4.936	 2.22	 2	 -42.0001	  174.2072
4.937	 2.11	 1	 -42.0412	  173.7361
4.940	 2.67	 1	 -42.4226	  173.7683
4.940	 2.56	 2	 -43.5787	  172.6045
4.941	 2.11	 1	 -42.6001	  173.7694
4.941	 2.02	 2	 -42.5807	  173.4579
4.941	 2.23	 2	 -42.2517	  174.6331
4.941	 2.00	 2	 -41.9724	  174.4281
4.941	 2.10	 3	 -41.8897	  178.0832
4.942	 2.00	 3	 -41.2493	  178.9322
4.942	 2.02	 2	 -42.3046	  173.9019
4.942	 3.12	 4	 -41.9202	  177.9676
4.942	 2.13	 1	 -42.7374	  173.4839
4.943	 2.32	 1	 -42.7423	  173.3218
4.944	 2.06	 3	 -42.2980	  173.7817
4.945	 2.30	 2	 -42.7678	  173.3632
4.946	 2.02	 2	 -41.6621	  174.2597
4.947	 2.65	 2	 -42.2046	  174.3993
4.947	 2.47	 3	 -42.5131	  173.2410
4.947	 2.10	 2	 -42.9027	  173.1506
4.948	 2.58	 2	 -42.3879	  172.7388
4.949	 2.20	 3	 -41.9602	  178.4500
4.949	 2.38	 1	 -42.0509	  173.6228
4.950	 2.25	 2	 -42.6363	  172.7820
4.951	 2.08	 3	 -42.4656	  173.0721
4.951	 2.56	 1	 -41.7002	  174.2669
4.953	 3.13	 1	 -42.7296	  172.8424
4.953	 2.67	 2	 -42.0037	  178.2156
4.954	 2.09	 1	 -42.3690	  172.8380
4.954	 2.37	 1	 -42.5294	  173.3648
4.954	 2.57	 2	 -42.5978	  173.0189
4.955	 2.63	 1	 -42.5646	  173.2467
4.955	 2.30	 1	 -41.6523	  174.3393
4.956	 2.22	 1	 -41.7232	  174.2761
4.956	 2.37	 4	 -42.0131	  178.1917
4.957	 3.48	 3	 -42.6333	  172.6041
4.957	 2.06	 1	 -42.2761	  173.6330
4.957	 2.81	 2	 -42.9138	  173.4432
4.958	 2.30	 3	 -42.0005	  178.3917
4.960	 2.05	 1	 -42.5074	  173.0168
4.960	 2.05	 1	 -42.6062	  173.1661
4.961	 2.21	 1	 -42.6104	  174.1434
4.961	 3.10	 2	 -42.1921	  174.4045
4.962	 2.27	 2	 -42.3540	  174.0170
4.963	 2.40	 1	 -42.3179	  173.1998
4.964	 3.01	 1	 -42.5388	  173.1082
4.964	 2.37	 1	 -42.2299	  174.6230
4.965	 2.09	 1	 -42.1356	  173.9926
4.965	 2.09	 2	 -41.9815	  174.0222
4.965	 2.16	 1	 -41.7208	  174.3426
4.966	 2.00	 2	 -42.8421	  173.2437
4.966	 2.22	 1	 -41.8696	  174.1573
4.966	 2.84	 1	 -42.7811	  172.2906
4.967	 2.27	 2	 -41.8981	  173.6331
4.967	 2.18	 2	 -42.3879	  173.8906
4.968	 2.06	 1	 -42.5283	  173.2338
4.969	 2.26	 1	 -42.6624	  173.3329
4.970	 2.59	 2	 -41.8569	  174.2248
4.971	 2.14	 1	 -42.4486	  173.1152
4.971	 2.66	 1	 -41.9354	  174.2026
4.971	 2.31	 1	 -42.3705	  173.8063
4.972	 2.09	 1	 -42.7849	  172.8805
4.972	 2.03	 1	 -42.3462	  173.5704
4.972	 2.05	 2	 -45.7218	  177.8202
4.972	 2.32	 2	 -41.7130	  173.8630
4.974	 2.00	 2	 -42.1567	  173.7421
4.975	 2.42	 2	 -41.7625	  174.3457
4.975	 2.64	 2	 -42.4070	  173.0187
4.975	 2.03	 1	 -42.2188	  173.8881
4.976	 2.43	 2	 -42.9437	  173.2450
4.976	 2.29	 2	 -43.1269	  170.8488
4.976	 3.46	 2	 -41.5328	  174.0901
4.977	 2.67	 2	 -42.0342	  178.4039
4.978	 2.08	 2	 -42.3230	  173.4685
4.978	 3.99	 1	 -41.7715	  174.3477
4.979	 2.31	 3	 -41.6170	  173.1891
4.979	 2.18	 1	 -41.7269	  174.2737
4.980	 2.47	 1	 -42.4889	  173.0603
4.980	 2.05	 1	 -42.7372	  171.3808
4.982	 2.06	 1	 -43.4605	  172.6816
4.982	 2.16	 3	 -41.8797	  178.3725
4.982	 2.37	 2	 -41.9107	  174.0092
4.983	 2.31	 3	 -41.8186	  177.8215
4.984	 2.18	 1	 -41.7804	  174.2174
4.984	 2.34	 3	 -41.7447	  174.3351
4.984	 2.05	 4	 -42.0984	  178.1064
4.984	 2.25	 2	 -46.3004	  176.6671
4.985	 2.51	 1	 -41.9955	  174.0326
4.987	 2.50	 2	 -42.0744	  173.2099
4.988	 2.36	 1	 -42.3415	  173.8001
4.989	 2.68	 1	 -42.5906	  173.0697
4.989	 2.64	 1	 -42.2609	  173.8054
4.989	 2.54	 1	 -42.9360	  175.0893
4.990	 2.24	 2	 -41.8960	  178.4677
4.990	 2.36	 3	 -42.6170	  172.7031
4.990	 2.40	 2	 -42.3486	  174.0293
4.992	 2.69	 1	 -41.9221	  173.8996
4.993	 2.15	 2	 -41.8905	  178.4063
4.994	 3.24	 2	 -42.2323	  173.5862
4.994	 2.01	 2	 -42.2559	  174.0287
4.995	 2.36	 2	 -41.9415	  177.9136
4.996	 2.01	 2	 -42.5062	  173.2392
4.997	 2.15	 1	 -42.6418	  172.8951
4.997	 2.55	 2	 -42.5627	  173.0497
4.997	 2.29	 1	 -42.3453	  173.7468
4.997	 3.24	 1	 -42.2858	  173.7433
4.997	 2.51	 3	 -41.8571	  178.3715
4.998	 2.28	 1	 -41.9705	  174.0037
4.998	 2.45	 1	 -42.2765	  173.5948
4.999	 2.07	 2	 -42.3921	  173.8651
4.999	 3.25	 1	 -46.1929	  169.1820
5.000	 2.06	 3	 -41.9583	  178.3461
5.002	 2.06	 1	 -42.3483	  173.6861
5.003	 2.12	 3	 -42.0051	  178.5128
5.003	 2.16	 2	 -42.8415	  173.0903
5.003	 2.68	 1	 -42.3746	  173.8056
5.004	 2.85	 2	 -41.8901	  178.4244
5.004	 2.42	 1	 -41.7709	  174.2939
5.004	 2.24	 2	 -41.7563	  172.8519
5.004	 2.33	 1	 -42.3190	  173.6532
5.005	 2.02	 3	 -42.5538	  172.5714
5.005	 2.30	 4	 -42.0483	  178.0294
5.005	 2.72	 1	 -41.6638	  174.3496
5.006	 2.32	 1	 -42.1570	  173.8887
5.007	 2.43	 2	 -41.6991	  174.1394
5.007	 2.72	 1	 -42.6355	  172.8142
5.007	 2.34	 3	 -41.8982	  178.3579
5.007	 2.63	 2	 -42.8630	  173.3805
5.008	 2.63	 3	 -42.1228	  173.8691
5.008	 2.26	 2	 -42.4567	  173.3590
5.008	 2.57	 2	 -42.8486	  172.7770
5.008	 2.16	 2	 -46.1845	  176.6808
5.013	 2.60	 1	 -42.9012	  173.5636
5.014	 2.07	 3	 -41.9034	  178.3869
5.014	 2.63	 2	 -42.5651	  174.3401
5.015	 2.30	 1	 -42.6642	  172.7390
5.015	 2.36	 2	 -42.4061	  173.8891
5.016	 2.32	 1	 -42.2242	  173.6718
5.016	 2.36	 1	 -42.3091	  173.7335
5.016	 2.11	 3	 -42.5488	  172.3680
5.016	 2.69	 4	 -42.1247	  178.1465
5.017	 2.27	 1	 -42.3993	  173.4920
5.017	 2.28	 1	 -43.8394	  171.6204
5.017	 2.06	 2	 -41.6002	  173.8510
5.018	 2.01	 1	 -42.3175	  173.5761
5.018	 2.21	 1	 -42.2731	  173.8062
5.019	 2.28	 1	 -42.7345	  173.2054
5.020	 3.16	 2	 -42.3863	  173.0835
5.020	 2.01	 1	 -42.2073	  173.5492
5.020	 2.42	 1	 -41.6573	  174.3219
5.021	 2.08	 1	 -42.7432	  172.8527
5.021	 2.53	 2	 -42.8681	  173.2401
5.021	 2.39	 1	 -42.0999	  173.7206
5.021	 2.14	 1	 -41.7049	  174.2826
5.023	 2.09	 2	 -41.9058	  178.3522
5.024	 2.86	 2	 -42.4986	  172.8097
5.024	 2.48	 3	 -42.4893	  172.7587
5.024	 2.42	 2	 -43.1674	  173.3007
5.025	 2.61	 2	 -42.1590	  174.3368
5.025	 3.29	 2	 -43.0381	  173.0586
5.025	 2.17	 1	 -44.0472	  171.4078
5.025	 2.40	 1	 -41.8507	  174.4832
5.026	 2.46	 5	 -41.9510	  178.4100
5.026	 2.16	 4	 -42.0662	  178.1566
5.027	 2.27	 1	 -41.7809	  174.2388
5.029	 2.00	 1	 -41.8427	  174.1548
5.029	 2.20	 1	 -42.6196	  173.4235
5.030	 2.28	 1	 -41.7804	  174.2644
5.030	 2.16	 1	 -42.6262	  173.3602
5.030	 2.70	 1	 -42.5332	  172.9544
5.031	 2.24	 1	 -42.3286	  173.6010
5.031	 2.11	 1	 -42.4757	  173.7897
5.031	 2.84	 1	 -41.6658	  174.5472
5.032	 2.21	 3	 -41.9174	  178.3352
5.032	 2.07	 1	 -42.5589	  173.7641
5.032	 2.07	 1	 -42.1958	  173.6290
5.033	 2.14	 4	 -42.4879	  172.7587
5.033	 2.17	 1	 -41.7046	  174.3017
5.033	 2.71	 1	 -41.7305	  174.1457
5.034	 2.68	 3	 -41.9443	  178.3972
5.035	 2.18	 2	 -42.5371	  172.9115
5.035	 2.03	 3	 -42.6087	  172.6103
5.036	 2.93	 1	 -42.1751	  172.7582
5.036	 2.81	 3	 -41.8839	  178.4929
5.038	 2.12	 2	 -42.9477	  173.2174
5.039	 2.45	 1	 -42.3099	  173.7633
5.039	 2.83	 1	 -41.8416	  174.2155
5.040	 2.07	 1	 -41.6513	  174.3373
5.040	 2.09	 1	 -42.5519	  173.2339
5.041	 2.12	 1	 -42.0865	  173.8432
5.041	 2.00	 2	 -42.6378	  172.8064
5.041	 2.26	 1	 -41.7055	  172.5554
5.042	 2.09	 2	 -41.9721	  178.3759
5.042	 2.23	 2	 -42.5028	  173.1402
5.043	 2.53	 2	 -42.6931	  173.2636
5.043	 2.82	 1	 -41.6752	  174.2259
5.043	 2.21	 1	 -42.2175	  173.8935
5.044	 4.19	 1	 -41.8209	  174.2349
5.045	 2.33	 1	 -42.1736	  173.7294
5.046	 2.85	 3	 -41.9234	  178.2918
5.047	 2.11	 3	 -41.9391	  178.3250
5.048	 2.15	 1	 -42.6464	  174.2070
5.049	 2.38	 1	 -42.3394	  173.6618
5.049	 2.33	 1	 -42.2597	  173.5907
5.050	 2.29	 1	 -41.6657	  174.1721
5.050	 2.42	 2	 -42.4494	  173.9857
5.050	 2.14	 1	 -42.7137	  173.5394
5.050	 2.43	 2	 -42.2840	  173.6879
5.051	 2.02	 1	 -41.4724	  174.3068
5.052	 2.02	 1	 -42.5780	  172.9867
5.053	 2.13	 3	 -41.9069	  178.3863
5.053	 2.20	 2	 -42.1964	  174.5053
5.053	 2.03	 1	 -42.4120	  173.5353
5.053	 2.08	 2	 -46.4135	  178.2871
5.054	 4.10	 1	 -42.1939	  173.6911
5.056	 2.28	 4	 -41.7051	  178.2035
5.056	 2.01	 2	 -41.9701	  174.1677
5.056	 2.69	 1	 -42.2752	  173.5912
5.057	 2.64	 3	 -42.5861	  172.5533
5.057	 2.56	 2	 -42.4077	  174.0601
5.058	 2.12	 1	 -42.3861	  173.7861
5.058	 2.21	 1	 -42.2357	  173.4145
5.059	 2.69	 1	 -41.7313	  174.1768
5.060	 2.00	 2	 -41.8886	  178.3028
5.062	 2.35	 2	 -42.6254	  172.8063
5.063	 2.34	 2	 -41.7538	  174.3985
5.063	 2.18	 2	 -41.6527	  174.2657
5.063	 3.08	 3	 -42.4628	  173.4391
5.064	 2.11	 2	 -42.0431	  173.6024
5.064	 2.26	 2	 -42.2296	  174.4215
5.064	 2.66	 1	 -42.3783	  173.0725
5.066	 2.30	 1	 -42.3247	  173.8764
5.067	 2.16	 1	 -42.5452	  172.8869
5.068	 2.07	 2	 -41.7771	  175.0364
5.068	 2.85	 1	 -42.5730	  172.6238
5.069	 3.03	 1	 -42.3362	  173.7402
5.069	 2.07	 1	 -43.6174	  174.3526
5.069	 2.57	 1	 -42.6281	  172.8690
5.069	 2.11	 2	 -42.5941	  172.8082
5.069	 2.63	 2	 -42.8699	  173.2757
5.070	 2.23	 2	 -42.2038	  173.6647
5.070	 2.26	 3	 -41.7762	  178.1855
5.071	 2.02	 1	 -41.7169	  174.2266
5.071	 2.07	 1	 -42.7145	  172.7657
5.071	 2.01	 2	 -42.1838	  173.9512
5.072	 2.41	 1	 -42.2009	  173.7027
5.072	 2.90	 1	 -41.6856	  174.3499
5.074	 2.13	 1	 -42.3813	  174.0290
5.074	 2.07	 2	 -41.7766	  174.3184
5.075	 2.31	 1	 -42.2707	  173.2333
5.075	 2.14	 1	 -42.3199	  173.7834
5.076	 2.38	 1	 -42.2484	  173.6028
5.076	 2.03	 2	 -42.3335	  173.8440
5.077	 2.27	 2	 -41.7517	  174.3943
5.078	 2.99	 3	 -42.6449	  173.0526
5.079	 2.14	 1	 -41.8221	  174.2078
5.079	 3.14	 1	 -42.2571	  173.7229
5.079	 2.47	 1	 -42.4412	  173.1934
5.079	 2.53	 2	 -42.3477	  173.5557
5.080	 3.39	 1	 -42.2272	  173.5702
5.080	 3.25	 3	 -41.5570	  178.7454
5.081	 2.15	 2	 -42.4958	  173.0522
5.081	 2.08	 2	 -41.9073	  178.5876
5.081	 2.33	 1	 -42.3061	  173.7560
5.081	 3.76	 2	 -41.9014	  178.3879
5.082	 2.22	 2	 -42.8303	  173.1245
5.084	 2.19	 2	 -43.0666	  173.1758
5.085	 2.89	 1	 -42.3800	  173.5299
5.085	 2.02	 2	 -42.6969	  172.7077
5.087	 2.29	 1	 -42.5105	  173.4252
5.087	 2.57	 3	 -41.9539	  178.2440
5.088	 2.26	 3	 -42.6186	  172.5937
5.088	 2.27	 3	 -42.6396	  173.4579
5.089	 2.11	 3	 -41.8749	  178.3975
5.090	 2.90	 1	 -42.4995	  173.1693
5.091	 2.04	 1	 -42.3841	  173.5811
5.091	 2.60	 3	 -42.5066	  173.0534
5.093	 3.13	 2	 -42.7929	  173.3543
5.093	 2.92	 3	 -44.4155	  171.9228
5.094	 2.34	 2	 -41.7319	  174.2558
5.094	 3.04	 1	 -42.1279	  172.9680
5.095	 2.56	 1	 -42.3472	  173.8379
5.095	 2.47	 2	 -42.7265	  173.2241
5.095	 2.10	 2	 -42.4543	  173.9066
5.095	 2.29	 3	 -41.8705	  178.4828
5.096	 2.05	 1	 -42.2190	  173.5545
5.096	 2.69	 3	 -41.8177	  178.4937
5.096	 2.68	 2	 -42.7734	  173.3811
5.096	 2.06	 1	 -42.4759	  173.8566
5.097	 2.19	 1	 -42.2163	  171.4996
5.098	 2.93	 3	 -42.7854	  173.4764
5.099	 2.41	 2	 -42.2691	  173.6701
5.101	 2.64	 1	 -42.1636	  173.6284
5.102	 2.06	 2	 -41.8799	  172.7446
5.103	 2.35	 2	 -42.0096	  177.9044
5.103	 2.01	 1	 -43.4021	  172.0649
5.103	 2.83	 2	 -42.3847	  173.9319
5.104	 2.08	 1	 -41.7151	  174.2062
5.106	 2.03	 1	 -42.7852	  173.0114
5.106	 2.73	 3	 -42.2014	  178.3805
5.107	 2.55	 3	 -41.8967	  178.2725
5.108	 2.79	 1	 -42.3480	  173.7676
5.109	 2.11	 1	 -42.3128	  173.1297
5.110	 3.10	 1	 -42.6903	  173.3398
5.110	 2.15	 1	 -41.9887	  174.0662
5.112	 3.42	 2	 -46.2482	  176.6400
5.112	 2.76	 2	 -42.1435	  173.8879
5.113	 2.84	 1	 -41.7719	  173.7011
5.114	 3.16	 1	 -42.6228	  172.1917
5.115	 2.06	 1	 -42.3544	  172.9043
5.115	 2.88	 1	 -41.9952	  173.7938
5.115	 2.05	 2	 -41.6660	  174.3111
5.115	 2.35	 1	 -42.4886	  172.7408
5.116	 2.05	 1	 -41.7107	  173.4516
5.117	 2.31	 1	 -41.6628	  174.2707
5.118	 2.08	 2	 -42.1744	  172.9105
5.118	 3.27	 2	 -41.8609	  178.3727
5.119	 2.34	 1	 -42.4701	  173.0849
5.120	 2.59	 2	 -41.8075	  174.1560
5.120	 2.57	 2	 -41.6680	  174.1815
5.121	 2.35	 2	 -42.3333	  173.4923
5.122	 2.65	 1	 -42.3456	  174.0361
5.122	 2.33	 2	 -42.1349	  173.8990
5.123	 3.10	 2	 -42.8344	  173.2640
5.123	 2.59	 1	 -41.7117	  174.2416
5.123	 2.52	 2	 -42.6292	  173.1570
5.123	 3.43	 3	 -42.5532	  172.7868
5.123	 2.25	 1	 -42.0201	  174.0302
5.123	 3.11	 1	 -42.2888	  173.8167
5.124	 2.48	 1	 -42.7306	  173.3471
5.125	 2.15	 1	 -42.1815	  173.6508
5.126	 2.16	 2	 -42.3065	  174.5014
5.126	 2.68	 2	 -41.7596	  178.5550
5.126	 2.26	 3	 -42.8686	  173.0939
5.127	 2.09	 2	 -42.4725	  173.0882
5.127	 2.13	 1	 -42.0664	  173.7105
5.127	 2.92	 2	 -42.7271	  173.3198
5.128	 2.28	 1	 -42.5547	  173.1452
5.129	 2.30	 1	 -42.3533	  172.9624
5.129	 2.00	 2	 -42.2291	  173.6476
5.132	 2.28	 1	 -42.6277	  173.0414
5.132	 2.44	 2	 -42.8202	  173.3882
5.132	 2.02	 1	 -42.0133	  173.5034
5.132	 3.01	 1	 -42.7787	  172.6144
5.133	 2.25	 1	 -41.6601	  174.2758
5.133	 2.74	 3	 -42.8377	  173.0924
5.134	 2.15	 2	 -42.0263	  173.6489
5.136	 2.20	 3	 -42.2849	  173.6871
5.139	 2.54	 1	 -41.6909	  174.1984
5.139	 2.39	 4	 -42.1775	  178.1062
5.140	 2.67	 1	 -41.7877	  174.2253
5.140	 2.39	 3	 -41.9714	  180.0151
5.140	 2.30	 1	 -42.7111	  172.8055
5.142	 2.17	 2	 -42.8408	  173.2421
5.143	 2.08	 3	 -42.3049	  173.8172
5.143	 2.26	 2	 -42.6774	  172.8604
5.144	 2.15	 1	 -41.8684	  173.1285
5.144	 2.17	 2	 -41.9950	  178.4131
5.144	 2.17	 2	 -42.6957	  173.0446
5.145	 2.02	 1	 -42.5006	  173.2851
5.146	 2.17	 2	 -41.8981	  178.3949
5.146	 2.61	 1	 -44.1614	  179.3873
5.146	 2.07	 1	 -42.1613	  173.4239
5.147	 2.12	 2	 -42.8439	  173.4755
5.147	 2.02	 1	 -42.4152	  173.8510
5.148	 2.21	 1	 -41.7890	  174.1245
5.148	 2.02	 3	 -42.8749	  173.2459
5.148	 2.02	 1	 -41.7869	  174.2307
5.148	 2.49	 2	 -42.3183	  173.8536
5.148	 2.75	 2	 -41.3762	  173.8040
5.148	 2.04	 2	 -42.7210	  172.7614
5.150	 2.38	 2	 -42.3793	  173.9025
5.150	 2.65	 1	 -41.6982	  172.6915
5.152	 2.75	 1	 -42.7778	  173.0999
5.152	 2.71	 1	 -41.7199	  174.2217
5.153	 2.80	 2	 -42.2393	  174.3858
5.153	 3.36	 2	 -42.0150	  173.9286
5.153	 2.03	 3	 -42.1878	  180.6631
5.155	 3.73	 1	 -42.1006	  173.8549
5.155	 2.57	 1	 -42.1605	  173.7205
5.156	 2.41	 1	 -42.6931	  172.8527
5.156	 2.25	 1	 -41.8825	  173.9986
5.157	 2.66	 1	 -42.3698	  173.6859
5.157	 2.21	 2	 -42.4566	  173.1442
5.157	 2.96	 1	 -42.6953	  172.9225
5.158	 2.98	 3	 -41.8550	  178.3828
5.158	 2.30	 1	 -42.6043	  173.2080
5.158	 2.13	 1	 -41.8128	  174.3906
5.159	 2.31	 1	 -42.1261	  173.5537
5.159	 2.07	 1	 -42.3429	  173.7007
5.159	 2.37	 1	 -42.2060	  173.8944
5.159	 2.03	 1	 -41.7476	  174.2687
5.160	 2.22	 1	 -42.6251	  172.9420
5.160	 2.53	 3	 -41.9389	  178.4319
5.160	 2.31	 3	 -42.6558	  172.6510
5.161	 2.24	 2	 -41.7522	  174.3931
5.161	 2.08	 2	 -42.6813	  174.3996
5.161	 2.41	 1	 -41.3681	  174.5295
5.162	 2.69	 1	 -42.3446	  173.8188
5.162	 2.03	 4	 -41.6168	  173.1887
5.163	 2.00	 3	 -42.2900	  173.4905
5.163	 2.40	 2	 -42.5168	  173.5070
5.163	 2.19	 1	 -41.6685	  174.6075
5.163	 2.13	 2	 -42.7185	  173.0868
5.164	 2.49	 2	 -41.6672	  174.2215
5.165	 2.11	 2	 -42.8566	  173.2374
5.166	 2.81	 1	 -41.7396	  174.2104
5.166	 3.09	 1	 -42.4529	  173.8236
5.166	 2.23	 1	 -42.3371	  173.3422
5.166	 2.06	 3	 -41.9006	  178.3663
5.166	 3.90	 2	 -42.2065	  173.6481
5.167	 3.41	 4	 -42.0771	  178.1398
5.167	 2.51	 2	 -42.5132	  173.0131
5.167	 2.30	 1	 -41.8533	  174.0133
5.167	 2.04	 2	 -42.3654	  173.8890
5.167	 2.02	 1	 -41.8679	  174.0000
5.168	 2.05	 1	 -41.7192	  173.7269
5.168	 2.22	 1	 -41.9243	  174.1254
5.168	 2.56	 3	 -41.9858	  178.2003
5.169	 2.59	 2	 -42.1257	  174.4344
5.169	 3.01	 1	 -42.3864	  173.7193
5.169	 2.01	 1	 -42.6990	  172.8837
5.172	 2.07	 2	 -46.3063	  176.6639
5.172	 3.00	 1	 -42.0589	  173.6728
5.173	 3.75	 3	 -42.7476	  172.4874
5.173	 2.47	 3	 -41.9197	  178.5534
5.174	 2.21	 1	 -41.9022	  173.5524
5.174	 2.40	 3	 -42.2068	  173.6506
5.175	 2.41	 1	 -45.4634	  171.6600
5.175	 2.34	 1	 -42.0195	  173.8688
5.176	 2.02	 3	 -42.1360	  173.8909
5.176	 2.11	 1	 -45.7686	  176.9033
5.176	 2.02	 1	 -42.6849	  172.7922
5.176	 2.46	 1	 -42.1360	  173.5376
5.177	 2.50	 4	 -42.9188	  173.2065
5.177	 2.02	 1	 -41.7362	  174.2882
5.178	 2.38	 2	 -42.2178	  173.6986
5.178	 2.28	 3	 -41.8760	  178.3529
5.179	 2.00	 1	 -42.5100	  173.3038
5.179	 2.51	 1	 -42.3808	  173.3325
5.180	 2.25	 1	 -42.5605	  172.9686
5.181	 2.00	 1	 -42.6517	  172.9993
5.181	 2.31	 1	 -42.5062	  172.9811
5.183	 2.29	 1	 -42.3193	  173.6859
5.184	 2.24	 3	 -41.1727	  178.6146
5.186	 2.10	 1	 -39.7364	  177.6321
5.186	 2.15	 3	 -41.8765	  178.3679
5.188	 2.54	 3	 -41.7299	  178.3431
5.188	 2.23	 2	 -42.9608	  173.3777
5.188	 2.48	 1	 -41.7122	  174.2758
5.191	 2.47	 3	 -42.2049	  173.6640
5.192	 2.45	 3	 -42.2839	  174.3819
5.194	 2.53	 2	 -42.4773	  173.9334
5.195	 2.10	 2	 -42.5622	  173.1642
5.195	 2.59	 1	 -42.2773	  173.3144
5.195	 2.00	 1	 -40.7131	  174.8350
5.195	 2.82	 2	 -42.8642	  173.2602
5.196	 2.61	 1	 -42.8034	  173.2074
5.196	 2.31	 2	 -42.8955	  173.2984
5.197	 2.96	 1	 -42.2227	  173.7067
5.198	 2.01	 2	 -42.5215	  173.0946
5.199	 2.54	 3	 -41.8919	  178.3096
5.199	 2.09	 3	 -42.0149	  178.3917
5.200	 2.20	 4	 -41.9187	  178.4422
5.200	 2.47	 1	 -42.6730	  172.7757
5.202	 2.27	 1	 -41.7334	  174.2990
5.202	 2.38	 2	 -41.6843	  174.1945
5.204	 2.03	 3	 -41.9046	  178.3851
5.206	 2.10	 1	 -42.5554	  173.4258
5.207	 2.10	 1	 -42.1665	  173.8628
5.208	 2.10	 2	 -41.8203	  174.2307
5.209	 2.01	 2	 -42.6463	  173.2541
5.209	 3.90	 1	 -41.7696	  174.2202
5.209	 2.44	 3	 -41.8879	  178.3634
5.209	 2.30	 1	 -41.8093	  174.2341
5.209	 2.10	 2	 -42.8494	  173.1916
5.209	 3.49	 1	 -42.8011	  172.8279
5.209	 3.08	 3	 -42.6494	  172.6659
5.211	 2.37	 2	 -42.6499	  172.8292
5.212	 2.48	 3	 -42.5377	  172.7366
5.213	 2.55	 4	 -42.1220	  178.1351
5.214	 2.10	 2	 -42.2658	  174.4594
5.215	 3.01	 2	 -42.4826	  173.0585
5.215	 2.90	 1	 -41.9041	  174.4681
5.218	 2.52	 1	 -42.3564	  173.5960
5.218	 2.16	 1	 -42.3953	  174.0363
5.218	 2.15	 2	 -42.2131	  174.2665
5.219	 2.16	 2	 -41.8151	  174.2213
5.219	 3.04	 2	 -42.9857	  173.1364
5.220	 2.07	 3	 -41.9168	  178.3149
5.220	 2.29	 2	 -42.8976	  173.4409
5.220	 3.98	 2	 -42.2447	  172.0502
5.220	 3.50	 2	 -44.9353	  169.3574
5.221	 2.05	 1	 -41.8732	  174.7312
5.221	 2.12	 1	 -42.6248	  172.9674
5.221	 2.56	 2	 -41.6609	  174.3416
5.223	 2.08	 2	 -42.1980	  173.5888
5.224	 2.20	 2	 -41.8889	  178.3118
5.224	 2.50	 1	 -42.4128	  173.5709
5.225	 2.50	 1	 -41.7087	  174.1584
5.226	 2.45	 1	 -42.5650	  174.0233
5.227	 2.07	 3	 -41.9749	  178.4890
5.227	 2.27	 1	 -41.2400	  174.4422
5.228	 2.64	 3	 -41.8490	  174.0649
5.229	 3.02	 3	 -44.7907	  169.3317
5.229	 2.03	 2	 -42.3597	  173.7793
5.231	 2.67	 2	 -42.2921	  173.7123
5.233	 2.30	 2	 -42.5184	  172.6521
5.234	 2.08	 2	 -42.4418	  172.5622
5.234	 3.15	 1	 -42.4008	  173.7313
5.234	 2.35	 3	 -42.7221	  172.7246
5.234	 2.38	 1	 -42.5663	  173.3332
5.235	 2.20	 3	 -42.1303	  174.0222
5.236	 2.17	 2	 -42.7872	  173.0449
5.238	 2.59	 1	 -42.3952	  173.1484
5.238	 2.02	 1	 -42.0107	  174.2702
5.238	 2.50	 4	 -41.9062	  178.4354
5.239	 2.72	 2	 -42.3178	  174.3234
5.239	 2.65	 2	 -42.5470	  173.1333
5.240	 3.03	 2	 -42.1655	  173.5655
5.241	 2.79	 2	 -42.5325	  173.0046
5.242	 2.12	 1	 -41.9935	  174.0802
5.244	 2.13	 2	 -41.8514	  174.2786
5.245	 2.36	 1	 -41.8593	  173.9494
5.247	 2.89	 2	 -43.4391	  170.5057
5.248	 2.02	 3	 -41.6359	  174.3354
5.251	 2.12	 1	 -42.2436	  173.6541
5.251	 2.21	 1	 -41.6542	  174.2276
5.251	 2.33	 1	 -42.2668	  173.6007
5.252	 2.54	 1	 -41.3834	  174.0339
5.253	 2.18	 3	 -41.7547	  178.5643
5.253	 2.75	 2	 -42.4164	  172.5057
5.254	 2.20	 2	 -42.0368	  178.3363
5.257	 2.24	 3	 -43.0452	  166.5233
5.260	 2.68	 1	 -42.0997	  173.1683
5.261	 2.42	 1	 -41.6723	  174.2734
5.261	 2.24	 4	 -41.1807	  179.3108
5.262	 2.74	 3	 -41.8628	  178.3643
5.262	 2.60	 3	 -41.8691	  178.3941
5.262	 2.00	 4	 -42.2281	  178.1035
5.262	 2.39	 1	 -42.2316	  173.5610
5.263	 2.06	 1	 -41.7333	  174.2054
5.263	 2.02	 1	 -43.2523	  172.6823
5.263	 2.71	 1	 -42.1677	  174.0841
5.263	 2.35	 1	 -40.5762	  171.6705
5.264	 2.88	 3	 -42.6377	  172.4911
5.265	 2.13	 2	 -41.8530	  178.3229
5.265	 3.12	 4	 -42.0811	  178.0967
5.265	 2.15	 1	 -42.2556	  172.8920
5.266	 4.14	 1	 -42.7445	  173.1609
5.266	 2.01	 2	 -41.9044	  178.2541
5.266	 3.09	 1	 -41.7765	  174.2431
5.267	 2.05	 2	 -41.1832	  178.6182
5.268	 2.34	 2	 -41.8287	  174.2783
5.268	 2.23	 2	 -42.4758	  172.9506
5.268	 2.44	 3	 -42.5311	  173.2079
5.268	 3.22	 2	 -45.7118	  177.7371
5.268	 2.11	 1	 -41.2618	  174.2883
5.269	 2.17	 2	 -42.2896	  173.1046
5.269	 2.04	 1	 -43.1510	  173.5614
5.269	 2.02	 2	 -42.0449	  173.4831
5.271	 2.16	 3	 -42.8608	  173.3322
5.271	 2.23	 1	 -42.1852	  173.5307
5.276	 2.21	 2	 -42.2294	  174.7383
5.276	 3.39	 2	 -41.7766	  174.2045
5.276	 2.11	 2	 -41.9087	  178.1173
5.277	 2.25	 2	 -41.7816	  174.3308
5.278	 2.11	 1	 -41.7746	  173.9810
5.278	 2.10	 1	 -42.3619	  173.8818
5.278	 3.77	 4	 -41.5617	  178.7435
5.279	 2.22	 1	 -41.6996	  174.2669
5.279	 2.05	 1	 -42.3025	  174.1084
5.283	 2.86	 2	 -42.6196	  172.8168
5.283	 2.83	 2	 -45.7039	  177.7629
5.283	 2.08	 2	 -42.2433	  174.3569
5.284	 2.28	 2	 -42.8129	  173.3119
5.285	 2.15	 3	 -42.1042	  173.9360
5.286	 2.06	 1	 -41.8405	  174.1493
5.286	 2.00	 1	 -42.5814	  172.9958
5.288	 2.05	 1	 -42.5039	  173.4140
5.289	 2.20	 2	 -41.8053	  174.2016
5.289	 2.60	 1	 -42.3675	  173.9479
5.290	 2.44	 1	 -41.5950	  174.1200
5.292	 3.98	 1	 -42.3665	  172.9850
5.294	 2.43	 5	 -42.0918	  178.0959
5.294	 2.62	 2	 -43.2874	  173.6624
5.295	 2.42	 1	 -41.9352	  173.7421
5.295	 2.90	 4	 -41.9903	  178.6045
5.295	 2.26	 1	 -42.4019	  173.1918
5.296	 2.39	 1	 -42.6109	  172.9333
5.296	 2.06	 2	 -42.4571	  173.8936
5.296	 2.29	 3	 -41.7843	  174.2027
5.297	 2.00	 2	 -42.6633	  172.7751
5.298	 2.07	 2	 -41.7237	  174.2846
5.300	 2.52	 2	 -42.1224	  173.9091
5.302	 2.17	 1	 -41.6459	  174.2303
5.302	 2.30	 2	 -42.2822	  174.1155
5.304	 2.17	 1	 -42.4077	  173.7511
5.304	 2.16	 3	 -42.6415	  172.6129
5.307	 2.47	 1	 -42.3669	  174.1082
5.310	 2.15	 3	 -42.6775	  172.6639
5.310	 2.10	 2	 -42.2599	  173.2166
5.310	 2.62	 2	 -42.7854	  173.0195
5.311	 2.16	 3	 -42.6877	  179.6224
5.311	 2.01	 2	 -42.8490	  173.6690
5.312	 2.76	 2	 -42.2153	  173.3788
5.313	 2.42	 2	 -41.7091	  174.2971
5.314	 2.05	 3	 -41.9900	  173.8750
5.314	 2.14	 1	 -41.7452	  174.2151
5.315	 2.12	 3	 -42.5888	  172.6930
5.317	 2.95	 1	 -42.7885	  173.0302
5.317	 3.34	 1	 -41.5863	  173.1078
5.319	 2.43	 1	 -42.2974	  173.6452
5.319	 2.23	 3	 -42.1172	  173.8591
5.320	 2.61	 1	 -41.7413	  174.3466
5.320	 2.62	 1	 -42.2884	  173.5701
5.320	 2.78	 3	 -42.0741	  178.2790
5.323	 2.16	 2	 -41.8748	  178.2465
5.325	 2.37	 2	 -46.1964	  176.8506
5.325	 2.77	 1	 -41.7566	  174.0813
5.325	 2.04	 4	 -42.0488	  178.0992
5.327	 2.13	 2	 -42.3655	  172.9817
5.328	 2.79	 1	 -41.8297	  174.0947
5.332	 3.62	 3	 -41.8936	  178.3513
5.332	 2.19	 3	 -42.2104	  178.0773
5.336	 2.03	 2	 -41.7911	  178.4974
5.338	 2.68	 1	 -42.2897	  173.8493
5.338	 2.69	 2	 -41.9717	  178.3674
5.338	 2.02	 1	 -42.2707	  173.6249
5.339	 2.43	 2	 -42.8884	  173.2402
5.339	 2.40	 1	 -41.9835	  173.9433
5.339	 2.53	 1	 -42.1347	  173.6059
5.342	 3.28	 1	 -42.3909	  173.5418
5.342	 2.65	 2	 -41.9675	  178.5225
5.343	 2.99	 4	 -42.6478	  172.6601
5.344	 2.07	 1	 -42.0860	  173.1246
5.345	 2.18	 1	 -42.0367	  173.7328
5.345	 2.29	 2	 -42.6945	  175.5162
5.346	 2.60	 2	 -46.3571	  176.7682
5.347	 3.90	 1	 -42.4490	  173.0957
5.348	 2.64	 3	 -41.8267	  178.3938
5.349	 2.23	 1	 -43.0255	  172.8122
5.349	 2.01	 1	 -42.1501	  173.6220
5.349	 2.44	 3	 -41.9516	  178.4082
5.349	 2.07	 1	 -42.1292	  173.5497
5.351	 2.12	 1	 -42.2865	  173.7160
5.353	 2.29	 2	 -41.7694	  174.2257
5.353	 2.15	 1	 -41.9087	  173.7422
5.355	 2.00	 1	 -42.4088	  173.7438
5.355	 2.14	 1	 -42.2816	  173.7844
5.355	 2.39	 2	 -42.1127	  173.9116
5.356	 2.20	 2	 -42.2052	  174.3679
5.356	 2.04	 2	 -45.7413	  177.8037
5.357	 2.07	 2	 -42.5015	  173.1897
5.357	 2.38	 3	 -42.6086	  172.8975
5.358	 2.95	 1	 -42.3358	  173.1372
5.359	 2.33	 1	 -41.6206	  174.4906
5.359	 2.04	 2	 -42.9317	  173.2135
5.361	 3.03	 2	 -41.9419	  178.7334
5.361	 2.22	 2	 -42.2627	  174.4219
5.362	 2.39	 3	 -42.0002	  178.4918
5.362	 2.51	 3	 -41.9175	  178.3927
5.363	 2.06	 3	 -41.7503	  174.3903
5.363	 2.67	 1	 -41.9935	  173.5056
5.364	 2.03	 3	 -42.2751	  173.7887
5.364	 2.14	 2	 -42.2202	  173.6137
5.364	 2.31	 2	 -42.8024	  173.2463
5.364	 2.69	 1	 -42.3402	  173.1152
5.366	 2.71	 3	 -42.7642	  172.4403
5.368	 2.14	 5	 -42.1223	  178.1349
5.370	 2.10	 1	 -42.3233	  173.7584
5.372	 2.31	 3	 -42.1775	  173.5521
5.372	 2.29	 1	 -42.5885	  173.1434
5.372	 2.83	 4	 -41.9372	  178.3838
5.374	 2.77	 1	 -42.1378	  173.7404
5.374	 2.60	 1	 -41.7860	  174.1953
5.375	 3.08	 2	 -42.4037	  173.9037
5.376	 2.31	 1	 -42.2998	  173.7476
5.376	 2.10	 2	 -42.2850	  174.4620
5.377	 2.29	 2	 -42.2466	  173.6523
5.377	 2.55	 3	 -42.4911	  172.9679
5.378	 2.69	 4	 -42.0853	  178.0979
5.381	 2.04	 1	 -42.2835	  173.8365
5.382	 2.60	 1	 -41.8097	  174.2015
5.383	 3.12	 2	 -42.3888	  173.5202
5.384	 4.29	 1	 -41.9979	  174.0461
5.384	 2.01	 2	 -42.0000	  174.0498
5.387	 2.19	 1	 -42.2812	  173.6651
5.387	 3.40	 1	 -41.6784	  174.3581
5.388	 2.14	 2	 -41.7469	  174.1433
5.389	 2.09	 2	 -42.1831	  173.7277
5.389	 2.57	 1	 -42.5594	  173.1240
5.390	 2.08	 2	 -41.7906	  174.3919
5.391	 2.10	 3	 -42.1634	  173.4844
5.391	 2.18	 1	 -42.5445	  173.3054
5.391	 2.01	 2	 -41.9055	  178.3016
5.393	 2.26	 1	 -42.4028	  173.9132
5.393	 2.27	 3	 -41.9129	  178.4403
5.395	 2.10	 2	 -43.4339	  173.2001
5.395	 2.05	 1	 -42.2542	  173.9721
5.395	 2.33	 1	 -42.4415	  173.1609
5.396	 3.23	 2	 -45.7098	  177.7629
5.396	 2.10	 2	 -42.1542	  173.6752
5.398	 2.02	 1	 -42.0923	  173.2183
5.398	 2.04	 3	 -41.8913	  178.2093
5.399	 2.39	 1	 -41.6296	  173.3480
5.401	 3.46	 1	 -41.9983	  173.8796
5.401	 2.79	 1	 -41.5476	  174.4110
5.402	 2.12	 2	 -43.0210	  172.6444
5.403	 2.55	 2	 -42.1496	  173.9927
5.403	 2.28	 1	 -42.4520	  174.0093
5.404	 2.08	 1	 -42.7756	  173.4089
5.406	 2.28	 2	 -42.4808	  173.1811
5.406	 2.84	 1	 -42.0444	  173.8100
5.406	 2.17	 1	 -42.3434	  174.0502
5.407	 2.10	 1	 -42.2118	  173.6372
5.407	 2.31	 2	 -41.7276	  174.1445
5.408	 2.09	 3	 -43.8523	  173.8347
5.409	 2.11	 2	 -42.1129	  173.8639
5.409	 2.05	 2	 -42.4782	  173.1117
5.410	 2.41	 2	 -42.4022	  173.9273
5.410	 2.25	 3	 -41.9063	  178.3719
5.412	 2.06	 1	 -42.2632	  173.5285
5.413	 3.36	 3	 -41.9309	  173.7458
5.413	 2.05	 1	 -42.4360	  173.2412
5.414	 2.14	 1	 -41.9905	  173.7306
5.414	 2.47	 1	 -42.6013	  173.8037
5.415	 2.10	 1	 -42.9864	  173.4101
5.416	 2.09	 2	 -42.8852	  173.2782
5.416	 2.11	 1	 -41.7816	  173.5308
5.417	 3.08	 1	 -41.7866	  174.2568
5.417	 2.05	 2	 -42.5542	  173.1411
5.418	 2.70	 2	 -42.7423	  173.1370
5.418	 2.24	 2	 -42.5609	  173.1891
5.418	 2.09	 1	 -41.8027	  174.2790
5.418	 2.06	 2	 -42.1656	  174.3638
5.420	 2.18	 2	 -42.5389	  173.0836
5.420	 2.15	 2	 -42.5442	  173.0047
5.420	 2.09	 3	 -42.7573	  173.3583
5.420	 2.73	 3	 -41.9841	  173.7342
5.421	 2.43	 1	 -42.2931	  173.5197
5.423	 2.51	 1	 -42.4573	  172.5375
5.424	 2.19	 1	 -41.7650	  174.2779
5.424	 2.11	 1	 -42.3008	  173.4036
5.426	 3.36	 1	 -44.2856	  174.0821
5.426	 2.66	 1	 -41.9720	  174.1026
5.427	 2.03	 2	 -44.1161	  178.6788
5.427	 2.68	 1	 -42.2817	  173.6286
5.427	 2.16	 1	 -42.7045	  172.9691
5.430	 2.10	 2	 -41.6040	  178.2735
5.430	 2.26	 1	 -42.4293	  173.1029
5.430	 2.56	 2	 -41.8492	  178.1999
5.431	 2.01	 1	 -42.4489	  173.1671
5.431	 3.10	 3	 -42.4006	  173.8888
5.433	 2.25	 1	 -42.2192	  174.0148
5.433	 2.85	 3	 -42.6719	  174.3083
5.433	 2.03	 3	 -42.2376	  173.6506
5.435	 2.04	 1	 -41.6784	  174.2180
5.435	 2.32	 1	 -42.6187	  173.2096
5.436	 2.29	 1	 -42.1789	  173.5042
5.436	 2.42	 1	 -41.2243	  174.0114
5.437	 2.13	 3	 -45.7144	  177.7676
5.439	 2.09	 3	 -43.7394	  173.1954
5.439	 2.06	 3	 -42.0694	  173.9439
5.440	 2.70	 1	 -41.6616	  174.0759
5.440	 2.35	 1	 -41.7890	  174.2504
5.442	 2.16	 2	 -42.6234	  173.7832
5.443	 2.15	 2	 -42.8776	  173.0339
5.443	 2.72	 1	 -42.6926	  173.3531
5.444	 2.43	 1	 -42.2432	  173.7182
5.445	 2.29	 1	 -42.0346	  174.0825
5.446	 2.44	 3	 -41.8777	  178.4020
5.447	 2.47	 1	 -43.0193	  173.6577
5.447	 3.10	 2	 -41.6878	  178.2013
5.447	 2.30	 3	 -41.9297	  173.6816
5.447	 2.41	 3	 -41.8924	  178.4652
5.447	 2.44	 3	 -41.9617	  178.3927
5.447	 3.49	 1	 -41.8292	  174.1351
5.448	 2.25	 2	 -41.7799	  175.3938
5.450	 2.02	 2	 -42.3560	  173.9268
5.451	 2.10	 3	 -42.8819	  173.3331
5.451	 2.04	 3	 -42.1645	  173.6852
5.451	 2.15	 1	 -42.3317	  174.0135
5.452	 2.04	 1	 -41.9859	  173.7242
5.452	 2.17	 2	 -42.4077	  173.9611
5.452	 2.54	 2	 -42.6271	  173.2656
5.453	 2.17	 3	 -42.0644	  178.3131
5.453	 2.36	 2	 -42.8504	  173.2936
5.454	 2.38	 4	 -42.6559	  172.6520
5.454	 2.52	 3	 -42.2776	  173.9124
5.456	 2.01	 3	 -42.2734	  173.5300
5.457	 2.03	 2	 -42.8369	  173.1303
5.458	 2.00	 2	 -41.7614	  174.1704
5.458	 2.02	 3	 -41.9371	  178.3404
5.458	 2.36	 1	 -42.6054	  173.1717
5.461	 2.34	 1	 -41.9589	  173.7483
5.462	 2.47	 1	 -42.4301	  173.6107
5.463	 2.35	 1	 -42.3476	  174.0232
5.463	 2.41	 1	 -42.3193	  173.0491
5.464	 2.33	 1	 -43.0846	  173.4840
5.465	 2.27	 3	 -42.8661	  172.8548
5.465	 2.00	 1	 -40.2023	  174.2210
5.466	 2.47	 1	 -42.8354	  173.1215
5.467	 2.52	 1	 -41.6257	  174.6282
5.468	 2.05	 3	 -42.2171	  173.6743
5.468	 2.20	 1	 -41.6621	  174.0723
5.469	 2.74	 1	 -42.3621	  173.4869
5.469	 2.44	 1	 -42.3664	  173.1636
5.469	 2.26	 1	 -41.8687	  173.7285
5.470	 2.76	 1	 -42.6398	  173.7515
5.470	 2.16	 3	 -41.8690	  178.4532
5.471	 2.64	 1	 -42.4250	  173.2133
5.472	 2.17	 2	 -42.3699	  173.1939
5.472	 2.00	 2	 -42.2927	  173.7712
5.472	 4.05	 1	 -41.7305	  174.0863
5.474	 2.84	 2	 -42.7674	  173.3064
5.477	 3.18	 1	 -42.1126	  173.4852
5.477	 2.05	 2	 -41.8801	  178.3357
5.477	 2.44	 1	 -42.1721	  173.6385
5.479	 2.20	 2	 -41.3691	  175.1347
5.479	 3.94	 1	 -42.7961	  173.7018
5.480	 2.78	 3	 -41.8198	  173.8676
5.480	 2.08	 1	 -42.2020	  173.7702
5.482	 2.38	 1	 -42.9124	  173.3746
5.484	 2.23	 1	 -42.5031	  173.4001
5.484	 2.32	 1	 -42.5840	  173.2580
5.486	 2.33	 1	 -42.2932	  173.6221
5.487	 2.05	 1	 -42.4989	  173.6083
5.487	 2.04	 2	 -41.9236	  178.4620
5.487	 2.53	 2	 -42.7843	  173.2308
5.487	 2.53	 1	 -38.3212	  174.4561
5.488	 2.20	 1	 -42.7303	  173.5626
5.488	 2.85	 1	 -42.5747	  173.1366
5.489	 2.66	 2	 -42.3696	  173.8475
5.490	 2.22	 1	 -42.5180	  173.8270
5.490	 2.12	 2	 -41.9979	  174.0347
5.492	 2.45	 1	 -42.2030	  174.1698
5.493	 2.04	 2	 -42.8502	  173.3006
5.493	 2.65	 3	 -41.8393	  178.3060
5.494	 2.48	 2	 -42.2577	  174.4463
5.495	 2.24	 1	 -41.8090	  174.2527
5.496	 2.47	 2	 -41.6957	  174.0873
5.496	 2.09	 2	 -42.5559	  172.6606
5.496	 2.07	 1	 -42.3026	  173.8472
5.497	 2.31	 2	 -41.8437	  174.1588
5.497	 2.17	 1	 -42.4327	  172.9281
5.500	 2.47	 2	 -43.0659	  173.1739
5.501	 3.03	 1	 -42.3240	  173.1401
5.501	 2.67	 3	 -42.1030	  173.2055
5.502	 2.03	 1	 -42.5363	  173.7967
5.504	 2.45	 1	 -42.4273	  173.3189
5.505	 2.40	 2	 -42.2892	  173.0114
5.505	 2.11	 1	 -42.4632	  173.0922
5.507	 2.35	 1	 -42.3820	  174.0372
5.508	 2.41	 1	 -41.6589	  174.1214
5.508	 2.83	 1	 -41.7438	  173.4996
5.509	 2.10	 1	 -42.7100	  172.9238
5.510	 2.12	 3	 -42.2716	  174.3794
5.510	 2.39	 2	 -42.4719	  173.1611
5.511	 2.22	 3	 -42.6602	  172.8446
5.512	 2.19	 1	 -42.4427	  174.4388
5.512	 2.34	 3	 -42.1976	  173.6514
5.512	 3.10	 1	 -41.8193	  174.1732
5.512	 2.12	 1	 -43.0670	  172.4741
5.513	 2.01	 3	 -42.3265	  174.3270
5.513	 2.54	 2	 -42.4288	  173.8985
5.515	 2.15	 1	 -42.5494	  173.6604
5.517	 2.52	 1	 -42.5587	  173.0423
5.518	 3.14	 3	 -41.8015	  178.3821
5.518	 2.18	 1	 -42.3896	  173.6737
5.519	 2.18	 1	 -42.2722	  173.6475
5.520	 2.13	 2	 -41.7712	  178.0805
5.520	 3.22	 1	 -42.9658	  172.9787
5.520	 2.57	 2	 -40.9382	  175.8101
5.520	 2.40	 1	 -42.1110	  173.7798
5.521	 2.01	 2	 -42.5122	  173.0294
5.522	 3.08	 2	 -42.5288	  173.1431
5.522	 3.27	 1	 -41.6852	  174.1019
5.525	 3.07	 2	 -42.6569	  172.8188
5.525	 2.38	 1	 -42.2706	  173.6979
5.528	 2.15	 1	 -41.7381	  174.2737
5.529	 2.46	 1	 -41.6903	  174.2507
5.529	 2.13	 1	 -42.2977	  173.9554
5.529	 3.00	 1	 -42.2970	  173.7847
5.531	 2.57	 1	 -42.3896	  174.0390
5.533	 2.11	 1	 -42.5254	  173.1471
5.534	 4.80	 4	 -42.6408	  172.5796
5.534	 2.69	 1	 -42.5762	  172.9466
5.535	 2.00	 1	 -42.1474	  172.6433
5.536	 2.10	 2	 -42.5154	  172.9379
5.536	 2.12	 2	 -42.7685	  172.1685
5.536	 2.78	 3	 -41.8853	  178.3779
5.538	 2.46	 1	 -41.9042	  173.9240
5.538	 2.87	 3	 -41.9752	  177.8676
5.538	 2.10	 1	 -43.1753	  172.8299
5.539	 2.24	 1	 -41.9601	  173.8979
5.539	 2.22	 5	 -42.6400	  172.5968
5.540	 2.01	 1	 -41.7769	  174.2409
5.540	 2.32	 1	 -46.3109	  175.8026
5.543	 2.04	 1	 -42.2752	  173.8065
5.545	 2.06	 2	 -42.5031	  173.4118
5.546	 2.09	 1	 -42.1278	  172.9397
5.546	 2.02	 1	 -42.5553	  173.4310
5.547	 2.50	 3	 -42.8560	  173.2559
5.547	 2.08	 1	 -41.9242	  173.6748
5.548	 2.50	 1	 -41.8044	  174.3569
5.549	 2.10	 1	 -42.5329	  172.9025
5.549	 2.18	 2	 -42.0062	  173.8808
5.549	 2.71	 1	 -38.7171	  177.2163
5.552	 2.32	 2	 -42.8076	  173.2855
5.552	 2.68	 2	 -41.7988	  174.1916
5.553	 2.09	 3	 -42.6990	  172.7052
5.553	 2.20	 2	 -42.1314	  173.8754
5.553	 2.28	 3	 -42.5269	  173.1761
5.553	 3.13	 1	 -41.8907	  174.3662
5.554	 2.80	 2	 -41.9779	  178.4738
5.554	 3.21	 2	 -41.9297	  174.0177
5.556	 2.00	 1	 -41.6547	  174.5716
5.556	 2.01	 2	 -46.2810	  176.7233
5.556	 2.43	 1	 -41.6063	  174.4122
5.557	 3.62	 2	 -42.3865	  173.9000
5.557	 2.38	 5	 -42.6353	  172.6099
5.557	 2.73	 1	 -42.2159	  173.5505
5.558	 3.04	 1	 -42.5965	  173.1451
5.559	 2.03	 1	 -41.7521	  174.1553
5.559	 3.51	 5	 -42.6136	  172.5842
5.559	 2.17	 2	 -42.4882	  172.9696
5.559	 2.74	 2	 -43.1680	  173.9635
5.561	 2.69	 1	 -42.5074	  172.5000
5.561	 2.24	 1	 -42.7083	  173.0414
5.562	 2.25	 2	 -42.5333	  173.0733
5.562	 2.01	 1	 -42.0206	  173.0877
5.562	 2.53	 2	 -41.2574	  174.5243
5.563	 2.12	 1	 -42.2290	  175.0059
5.563	 2.33	 1	 -41.9663	  173.7181
5.564	 2.20	 1	 -41.7761	  174.1932
5.565	 2.15	 1	 -41.9779	  173.7239
5.566	 2.97	 2	 -41.7464	  174.2696
5.569	 2.02	 1	 -41.7572	  174.1741
5.569	 2.57	 2	 -42.1628	  170.8660
5.569	 2.21	 2	 -42.1212	  173.6682
5.570	 2.24	 1	 -43.1946	  171.3893
5.570	 2.24	 1	 -42.1382	  172.0053
5.572	 2.78	 2	 -43.5941	  173.9942
5.572	 2.16	 1	 -42.3913	  173.8500
5.573	 2.19	 3	 -42.2545	  172.0464
5.575	 2.18	 5	 -42.6734	  172.5687
5.575	 3.51	 1	 -42.3782	  173.5410
5.576	 2.15	 1	 -42.4548	  172.7044
5.576	 2.08	 3	 -41.9618	  178.3079
5.577	 2.62	 2	 -42.2210	  173.5376
5.577	 2.45	 1	 -41.7143	  174.2221
5.579	 2.07	 2	 -42.5032	  173.2233
5.580	 2.08	 1	 -42.3088	  173.2667
5.580	 2.25	 1	 -42.6456	  172.8498
5.581	 2.20	 1	 -42.5094	  173.3008
5.582	 2.56	 1	 -41.9257	  173.8915
5.583	 2.53	 2	 -42.6409	  172.7665
5.583	 2.17	 1	 -42.3123	  173.1166
5.584	 2.64	 1	 -42.5982	  172.6733
5.586	 2.16	 1	 -42.2842	  173.6246
5.587	 3.25	 1	 -42.3443	  173.9957
5.587	 2.01	 2	 -42.1147	  178.4081
5.588	 2.12	 4	 -42.1348	  173.2270
5.589	 2.11	 1	 -42.2877	  173.2412
5.589	 2.10	 1	 -41.8429	  174.2964
5.590	 2.23	 1	 -42.5232	  173.8493
5.590	 2.03	 2	 -42.1992	  174.4500
5.591	 2.07	 3	 -42.6313	  172.5448
5.595	 3.04	 3	 -42.4834	  173.1061
5.597	 2.36	 2	 -41.7216	  173.9746
5.597	 2.22	 1	 -42.5221	  173.2249
5.597	 2.79	 1	 -42.1288	  173.6732
5.597	 3.35	 1	 -42.5191	  173.8128
5.597	 2.79	 1	 -41.7491	  174.4403
5.598	 2.13	 2	 -43.0887	  171.7969
5.598	 2.34	 1	 -42.0639	  173.0246
5.599	 2.15	 1	 -38.1966	  172.9178
5.600	 2.30	 1	 -42.7700	  172.3271
5.600	 2.11	 1	 -41.6851	  174.3010
5.600	 2.36	 2	 -42.7953	  173.3111
5.601	 2.37	 2	 -41.8944	  178.0966
5.602	 2.37	 1	 -44.0392	  174.2368
5.602	 2.58	 1	 -42.2118	  173.7305
5.604	 2.15	 1	 -42.0749	  173.0054
5.604	 2.15	 2	 -42.2022	  174.3240
5.605	 2.11	 2	 -42.4471	  173.0069
5.606	 2.25	 1	 -42.3527	  172.9846
5.609	 2.12	 2	 -41.6632	  174.3439
5.609	 2.34	 2	 -42.4031	  173.8198
5.609	 2.83	 4	 -42.1021	  178.1485
5.611	 2.00	 1	 -42.4613	  173.9089
5.612	 3.31	 2	 -42.5111	  173.0073
5.613	 3.05	 1	 -42.3094	  173.1066
5.613	 2.34	 2	 -42.4036	  173.9135
5.616	 2.01	 1	 -41.8698	  174.1255
5.617	 2.35	 2	 -42.0111	  174.0235
5.618	 2.12	 1	 -41.8150	  174.2338
5.618	 2.13	 1	 -41.7663	  174.5358
5.618	 2.68	 2	 -42.6091	  173.7814
5.619	 2.59	 2	 -41.5406	  173.4609
5.620	 3.57	 2	 -42.4684	  173.0767
5.620	 2.11	 1	 -42.6132	  173.9283
5.621	 2.26	 1	 -42.0631	  173.6748
5.621	 3.38	 2	 -42.6507	  173.2091
5.621	 3.15	 1	 -40.0178	  175.9231
5.623	 2.05	 2	 -42.4402	  173.3542
5.624	 2.55	 4	 -41.0088	  179.5142
5.624	 2.02	 1	 -42.5260	  173.1137
5.625	 2.16	 1	 -41.8120	  172.7997
5.625	 2.15	 1	 -42.4541	  174.0291
5.626	 2.58	 5	 -42.6399	  172.6001
5.626	 2.67	 2	 -42.7829	  172.5198
5.626	 2.81	 1	 -42.3480	  173.7497
5.627	 2.44	 2	 -42.6734	  172.9117
5.628	 2.09	 2	 -42.5199	  172.5212
5.631	 2.09	 1	 -42.6594	  172.9795
5.632	 2.16	 2	 -42.8212	  173.3255
5.632	 2.59	 2	 -42.7372	  172.8359
5.632	 3.61	 2	 -41.7158	  174.0820
5.633	 2.93	 1	 -42.2554	  173.6736
5.634	 2.00	 2	 -42.6826	  179.1753
5.635	 2.27	 1	 -41.7212	  174.0776
5.635	 2.46	 1	 -41.8421	  174.2068
5.636	 2.35	 2	 -42.3896	  173.6626
5.636	 2.31	 1	 -42.4375	  172.9792
5.638	 2.60	 1	 -42.2943	  173.5300
5.639	 2.85	 3	 -41.9066	  178.3223
5.640	 2.14	 1	 -42.2224	  173.4957
5.640	 2.67	 1	 -43.4440	  174.9525
5.641	 2.51	 1	 -41.7778	  174.1832
5.641	 2.44	 3	 -41.8814	  174.1653
5.642	 2.07	 2	 -42.4344	  174.4948
5.642	 3.19	 1	 -46.1385	  172.6673
5.642	 2.42	 2	 -42.2348	  174.3990
5.642	 3.18	 1	 -42.0239	  173.6853
5.642	 2.03	 1	 -42.2421	  173.8131
5.644	 2.83	 1	 -42.4511	  173.2292
5.644	 3.43	 1	 -41.7625	  174.2531
5.648	 2.24	 3	 -41.7107	  173.5760
5.650	 2.13	 1	 -42.5232	  173.0101
5.651	 2.17	 1	 -42.5049	  173.6452
5.652	 2.27	 2	 -42.0062	  173.9088
5.652	 2.23	 3	 -41.8907	  178.3556
5.655	 2.03	 1	 -41.7681	  174.2086
5.655	 2.19	 2	 -42.3665	  173.6255
5.656	 2.27	 3	 -41.8532	  174.2164
5.658	 3.03	 4	 -42.4559	  172.9240
5.658	 2.07	 1	 -42.2994	  173.6623
5.660	 2.86	 2	 -42.3004	  174.5449
5.660	 2.46	 1	 -41.7146	  174.2596
5.660	 2.43	 3	 -42.4359	  174.5215
5.661	 2.03	 1	 -41.8635	  174.1716
5.662	 2.71	 1	 -41.7736	  174.2122
5.662	 2.06	 1	 -43.2146	  173.0258
5.662	 2.09	 2	 -42.8843	  173.1095
5.663	 2.91	 2	 -42.4406	  173.0455
5.664	 2.00	 1	 -41.9737	  173.7845
5.664	 2.15	 3	 -41.9679	  178.3685
5.664	 4.78	 5	 -42.1249	  178.1517
5.668	 2.31	 1	 -42.3542	  173.9493
5.669	 2.01	 3	 -41.9868	  178.0801
5.670	 2.94	 1	 -41.6671	  174.1295
5.671	 2.12	 1	 -41.6942	  174.2698
5.671	 2.37	 3	 -42.8378	  173.2905
5.672	 2.14	 2	 -42.8560	  173.2464
5.674	 2.07	 2	 -41.7412	  174.4312
5.674	 2.74	 1	 -41.7256	  174.1300
5.676	 2.71	 2	 -42.0840	  173.9499
5.677	 3.41	 1	 -42.4403	  173.1951
5.678	 2.10	 6	 -41.9615	  178.3313
5.678	 2.58	 2	 -42.6517	  173.0953
5.678	 2.83	 1	 -42.4294	  173.7705
5.678	 2.01	 1	 -41.6973	  174.2890
5.678	 2.11	 3	 -41.9607	  178.3077
5.679	 2.00	 1	 -41.7184	  174.2934
5.679	 2.92	 2	 -42.1115	  173.8764
5.681	 2.14	 1	 -42.2680	  174.1644
5.682	 2.06	 1	 -42.0013	  172.7990
5.682	 2.08	 1	 -42.5425	  173.8262
5.683	 2.05	 5	 -41.5553	  178.7428
5.683	 2.25	 2	 -42.2987	  173.9588
5.684	 2.62	 1	 -46.0545	  176.8095
5.684	 2.32	 1	 -41.7319	  174.2322
5.686	 2.00	 1	 -41.7074	  174.0503
5.687	 2.02	 2	 -42.4504	  173.7301
5.688	 2.23	 1	 -41.7242	  174.1812
5.690	 3.43	 1	 -42.7101	  172.7931
5.691	 2.12	 6	 -42.1420	  178.1395
5.691	 2.02	 1	 -41.7770	  174.3290
5.692	 2.21	 1	 -42.2527	  173.6578
5.693	 2.02	 2	 -42.4508	  173.4583
5.693	 2.07	 1	 -41.9891	  173.7723
5.695	 2.42	 3	 -41.8995	  178.3763
5.695	 2.17	 1	 -42.2854	  173.6045
5.697	 3.77	 2	 -42.5895	  172.7798
5.698	 2.42	 2	 -43.1509	  173.7092
5.698	 2.28	 1	 -42.4331	  174.0114
5.699	 2.27	 2	 -42.4169	  173.8437
5.699	 2.50	 2	 -42.2381	  174.0091
5.700	 2.75	 3	 -41.8955	  178.3194
5.700	 2.17	 1	 -41.9769	  173.6880
5.700	 2.46	 1	 -41.8665	  174.2504
5.700	 2.01	 2	 -41.6611	  174.2835
5.701	 2.61	 2	 -42.0079	  173.5517
5.702	 2.12	 1	 -42.5996	  172.9340
5.702	 2.51	 2	 -42.7590	  173.0670
5.703	 2.88	 3	 -41.9189	  178.3868
5.704	 4.23	 1	 -42.5008	  172.6404
5.704	 4.47	 1	 -42.5147	  173.8235
5.705	 2.29	 2	 -42.6988	  173.3576
5.705	 2.25	 2	 -41.7314	  174.2330
5.706	 2.04	 2	 -42.3375	  174.2975
5.706	 2.27	 6	 -42.1304	  178.1450
5.706	 2.69	 2	 -41.9718	  178.1889
5.711	 2.22	 1	 -42.2072	  173.9568
5.712	 2.61	 2	 -42.4442	  173.3433
5.713	 2.07	 2	 -42.5292	  173.8105
5.713	 3.38	 1	 -46.1238	  176.5700
5.713	 3.51	 5	 -42.6493	  172.5593
5.714	 2.46	 5	 -42.6316	  172.5965
5.714	 3.15	 2	 -41.9655	  173.8136
5.714	 2.03	 1	 -42.4837	  173.2842
5.715	 2.22	 3	 -42.7699	  172.8987
5.715	 2.48	 2	 -42.5031	  172.6472
5.716	 2.25	 2	 -42.9320	  173.1311
5.717	 2.95	 1	 -42.8563	  173.5524
5.719	 2.05	 1	 -41.9065	  174.0192
5.719	 2.11	 1	 -41.7838	  173.8837
5.719	 2.10	 2	 -42.1341	  173.8214
5.720	 2.66	 1	 -42.0306	  173.7338
5.721	 2.16	 1	 -42.9571	  172.9050
5.722	 2.13	 1	 -42.2776	  173.1222
5.723	 2.16	 6	 -42.1132	  178.1295
5.725	 2.09	 3	 -42.3448	  173.4473
5.725	 2.03	 2	 -44.2307	  171.5434
5.726	 2.22	 1	 -41.7069	  174.3181
5.726	 2.11	 1	 -42.6718	  172.8833
5.726	 2.64	 6	 -42.1060	  178.1065
5.727	 2.99	 2	 -44.6637	  173.8383
5.729	 2.57	 2	 -42.4814	  172.6583
5.731	 2.09	 3	 -42.1840	  178.3231
5.731	 2.45	 2	 -42.2449	  174.4213
5.731	 2.38	 1	 -41.6545	  174.3441
5.732	 2.40	 2	 -42.0017	  173.9566
5.732	 2.41	 2	 -42.1708	  173.9536
5.732	 2.45	 1	 -42.3925	  174.0602
5.733	 3.11	 3	 -42.1145	  173.9201
5.733	 2.25	 2	 -42.3024	  173.7536
5.733	 2.46	 3	 -41.9055	  178.3710
5.734	 2.09	 2	 -42.4197	  173.9053
5.736	 2.44	 2	 -41.8166	  178.6637
5.740	 2.49	 1	 -42.7352	  172.5861
5.740	 2.05	 2	 -42.5188	  173.6763
5.741	 2.05	 3	 -41.8320	  178.3684
5.742	 2.27	 1	 -42.4437	  173.2289
5.742	 3.30	 2	 -41.8095	  174.1576
5.742	 2.69	 2	 -41.9578	  178.4033
5.743	 2.39	 6	 -42.1298	  178.1939
5.744	 2.63	 1	 -43.8017	  172.2186
5.744	 2.75	 1	 -42.3080	  173.7216
5.745	 2.16	 1	 -42.5151	  173.0615
5.745	 2.11	 1	 -41.3590	  174.1566
5.747	 2.20	 2	 -41.5480	  174.5353
5.747	 2.02	 2	 -42.5245	  173.8589
5.748	 2.15	 1	 -41.7183	  174.2300
5.748	 2.14	 1	 -42.2554	  173.6543
5.749	 2.14	 2	 -42.3563	  173.8501
5.751	 2.07	 2	 -42.5211	  173.8238
5.751	 2.03	 2	 -42.3473	  174.4587
5.752	 2.00	 1	 -42.5539	  173.4033
5.752	 4.22	 3	 -42.6604	  173.2266
5.752	 2.66	 4	 -42.6594	  173.1892
5.753	 2.03	 1	 -42.1352	  173.5794
5.753	 2.67	 1	 -42.3093	  173.5828
5.753	 2.10	 1	 -42.7128	  172.6684
5.754	 2.83	 1	 -41.6948	  174.3031
5.755	 2.02	 1	 -42.4960	  173.6700
5.755	 2.60	 2	 -42.7494	  173.4240
5.757	 2.84	 2	 -42.8717	  173.2176
5.757	 2.03	 1	 -42.8580	  172.5113
5.759	 2.46	 1	 -42.5340	  173.3624
5.759	 2.41	 1	 -42.8887	  174.0832
5.759	 2.08	 5	 -42.7622	  172.6666
5.759	 2.51	 1	 -42.4438	  173.4569
5.761	 2.52	 3	 -42.0565	  178.7251
5.762	 2.68	 1	 -41.5661	  174.2858
5.762	 2.29	 1	 -41.7533	  174.2727
5.763	 2.38	 4	 -42.0681	  178.1096
5.764	 2.55	 1	 -42.7866	  173.4088
5.765	 3.12	 2	 -42.0269	  174.2383
5.766	 3.00	 3	 -41.8664	  178.3570
5.768	 2.92	 1	 -42.7300	  173.2022
5.768	 2.11	 1	 -41.9596	  174.2293
5.769	 3.38	 1	 -42.3872	  173.0098
5.769	 4.02	 1	 -42.0989	  172.9881
5.770	 2.48	 1	 -42.3102	  173.6486
5.770	 2.40	 1	 -42.6472	  172.9312
5.771	 2.10	 2	 -42.2732	  173.7480
5.771	 2.18	 2	 -42.4908	  173.0449
5.771	 2.11	 6	 -42.1061	  178.1709
5.772	 2.16	 1	 -41.8243	  174.2470
5.773	 2.57	 1	 -42.3357	  173.1547
5.773	 2.06	 4	 -42.1148	  173.9209
5.775	 2.17	 5	 -41.8971	  178.3693
5.776	 2.35	 1	 -41.8310	  174.2597
5.776	 2.04	 2	 -42.4386	  173.0635
5.776	 2.06	 1	 -42.4111	  172.9821
5.777	 2.37	 3	 -41.7347	  178.1802
5.778	 2.48	 1	 -41.8688	  173.9743
5.778	 2.07	 2	 -42.2029	  174.4176
5.779	 3.17	 1	 -41.7631	  174.2998
5.779	 2.43	 1	 -42.7051	  172.8969
5.779	 2.22	 3	 -42.6680	  177.7895
5.779	 2.20	 1	 -42.2101	  173.3102
5.781	 2.06	 1	 -41.8296	  174.0109
5.782	 3.01	 2	 -42.3790	  174.4836
5.782	 2.43	 1	 -42.5579	  173.1174
5.784	 2.01	 2	 -42.3001	  174.3470
5.784	 2.28	 2	 -42.3887	  173.0280
5.784	 2.30	 3	 -42.6802	  173.2796
5.785	 2.41	 1	 -41.6655	  174.4077
5.786	 2.02	 2	 -41.9202	  178.3665
5.787	 2.40	 2	 -42.2022	  177.7674
5.788	 3.08	 2	 -43.4444	  174.9558
5.789	 2.31	 1	 -42.3433	  173.4978
5.792	 2.26	 2	 -42.2281	  173.6322
5.792	 2.12	 2	 -42.8404	  173.2405
5.793	 2.27	 2	 -42.0353	  173.8763
5.794	 2.09	 2	 -45.6924	  177.7592
5.795	 2.28	 1	 -42.4093	  173.0418
5.795	 2.27	 2	 -42.0985	  173.8493
5.797	 2.73	 2	 -41.9802	  173.9747
5.797	 2.24	 1	 -41.6884	  169.4242
5.798	 2.37	 1	 -42.8132	  172.9053
5.798	 2.06	 3	 -42.6435	  172.6068
5.798	 2.08	 2	 -42.3810	  173.9095
5.800	 2.14	 1	 -41.6307	  174.1926
5.801	 2.73	 1	 -41.7914	  173.9799
5.801	 2.67	 2	 -42.8056	  174.7358
5.801	 2.10	 1	 -42.5198	  173.1331
5.803	 2.23	 3	 -41.7266	  177.5617
5.804	 2.93	 2	 -42.6566	  173.1150
5.805	 2.43	 2	 -41.7424	  178.4336
5.806	 2.23	 2	 -42.6471	  172.9303
5.806	 4.24	 2	 -42.9548	  172.9026
5.806	 2.03	 1	 -42.6579	  172.8871
5.806	 4.28	 1	 -42.6875	  173.3053
5.806	 2.31	 1	 -42.8037	  173.2632
5.807	 2.47	 1	 -42.3311	  173.6814
5.807	 2.43	 2	 -42.3016	  173.3217
5.807	 2.90	 1	 -42.5937	  172.9818
5.808	 2.55	 4	 -41.5962	  178.4187
5.808	 3.30	 6	 -42.1326	  178.1590
5.809	 2.31	 2	 -42.3956	  173.1723
5.809	 2.01	 2	 -42.1566	  174.4624
5.810	 2.10	 1	 -42.7026	  173.2746
5.811	 2.98	 1	 -42.1783	  173.6523
5.813	 2.02	 2	 -42.0929	  174.4101
5.814	 2.14	 2	 -42.3839	  173.6994
5.816	 2.05	 2	 -42.7946	  173.2384
5.817	 2.07	 2	 -42.4347	  173.0581
5.820	 2.49	 2	 -41.7599	  174.2856
5.820	 2.82	 2	 -42.2096	  174.3924
5.821	 2.21	 2	 -42.6489	  172.5421
5.822	 2.33	 1	 -42.4093	  173.3490
5.822	 2.46	 1	 -42.5811	  173.0243
5.823	 2.17	 1	 -41.9540	  173.6950
5.825	 2.30	 2	 -42.1887	  173.7215
5.825	 2.88	 3	 -42.4436	  173.3503
5.825	 2.30	 3	 -44.6711	  173.8326
5.825	 2.24	 2	 -42.4674	  173.3249
5.826	 2.86	 3	 -41.8493	  173.4274
5.826	 2.66	 1	 -42.4912	  172.9955
5.826	 2.02	 2	 -42.1336	  173.8947
5.827	 2.14	 1	 -42.2799	  173.6992
5.828	 2.94	 1	 -42.2129	  173.5611
5.828	 2.07	 1	 -42.3310	  173.7545
5.828	 2.54	 5	 -42.6497	  172.5688
5.830	 3.75	 2	 -42.4824	  173.8430
5.830	 2.08	 2	 -41.5433	  174.4268
5.831	 3.11	 1	 -42.1262	  173.4960
5.833	 2.88	 3	 -42.7582	  173.2702
5.837	 2.58	 6	 -42.1502	  178.1521
5.839	 2.88	 1	 -42.7378	  172.8172
5.839	 2.69	 1	 -41.7189	  174.2547
5.840	 2.45	 2	 -42.0308	  178.3182
5.841	 3.06	 3	 -42.7975	  173.2819
5.842	 2.17	 1	 -42.4298	  173.2147
5.844	 2.24	 4	 -41.9279	  178.1356
5.845	 2.84	 1	 -41.9623	  173.7516
5.845	 2.41	 1	 -42.5581	  172.3254
5.847	 2.00	 2	 -42.4948	  173.2236
5.847	 2.37	 2	 -42.2264	  174.3606
5.849	 2.25	 3	 -42.1771	  173.7104
5.850	 2.10	 2	 -42.2139	  174.4628
5.850	 2.31	 1	 -42.0150	  173.6115
5.850	 2.41	 1	 -42.3537	  172.6183
5.851	 2.15	 1	 -42.5109	  173.3424
5.851	 3.40	 2	 -42.5256	  173.2201
5.852	 2.18	 1	 -42.3745	  173.7465
5.852	 2.11	 2	 -42.4711	  173.2738
5.852	 2.50	 2	 -41.2349	  184.3295
5.853	 2.06	 1	 -41.7950	  174.2490
5.853	 2.09	 1	 -42.7829	  174.3394
5.853	 2.06	 1	 -42.5772	  173.5540
5.855	 2.10	 1	 -41.6894	  174.2715
5.855	 2.05	 1	 -42.3681	  173.1762
5.855	 2.05	 4	 -42.0496	  178.7558
5.856	 2.37	 1	 -41.7165	  174.1781
5.856	 2.24	 1	 -42.3986	  173.8110
5.857	 3.08	 1	 -42.6079	  174.0249
5.857	 2.06	 1	 -42.2673	  173.7738
5.857	 2.32	 2	 -42.5074	  172.6545
5.863	 2.09	 1	 -41.6795	  174.3551
5.864	 2.36	 1	 -41.9128	  174.0443
5.865	 2.23	 1	 -41.6974	  174.0916
5.872	 2.14	 1	 -41.9586	  173.6915
5.872	 2.23	 2	 -41.8056	  174.2709
5.875	 2.73	 4	 -42.0741	  178.6666
5.876	 2.21	 1	 -42.6686	  173.3794
5.876	 2.27	 1	 -44.6870	  173.1847
5.879	 2.19	 1	 -42.1866	  173.5630
5.880	 2.42	 2	 -42.6098	  172.8880
5.880	 2.98	 2	 -42.5675	  173.0132
5.881	 2.04	 5	 -42.1444	  178.0751
5.882	 2.56	 1	 -41.7204	  174.2194
5.882	 2.04	 1	 -42.4038	  173.1077
5.883	 3.28	 1	 -42.3707	  173.1924
5.884	 2.46	 1	 -41.9564	  173.6318
5.886	 3.03	 3	 -41.9461	  173.6501
5.886	 2.82	 4	 -42.0721	  178.0641
5.888	 2.26	 2	 -43.0100	  173.0169
5.888	 2.97	 1	 -42.2700	  173.6451
5.892	 2.36	 1	 -41.6323	  174.2542
5.894	 2.04	 2	 -41.6024	  174.2392
5.896	 2.42	 1	 -42.2843	  173.7187
5.896	 2.27	 1	 -42.6098	  173.4465
5.896	 2.18	 1	 -43.8280	  171.8000
5.896	 2.26	 3	 -42.5004	  172.5875
5.896	 2.21	 1	 -42.5388	  173.7589
5.896	 3.09	 1	 -40.4951	  176.1245
5.897	 2.17	 1	 -41.6754	  174.2021
5.898	 3.14	 1	 -42.2044	  173.4511
5.899	 2.62	 1	 -41.7119	  174.0957
5.899	 2.23	 4	 -45.7007	  168.7215
5.899	 2.41	 2	 -41.7948	  174.3168
5.899	 2.08	 2	 -42.5315	  173.8535
5.899	 2.54	 2	 -42.5922	  173.1276
5.900	 2.08	 2	 -41.7653	  174.4143
5.901	 2.23	 3	 -41.8534	  178.3721
5.901	 2.07	 1	 -42.4788	  173.2687
5.902	 2.38	 1	 -42.1847	  173.6663
5.903	 2.29	 3	 -41.5767	  172.8732
5.904	 2.33	 3	 -42.4268	  173.8926
5.907	 2.02	 3	 -42.5027	  173.0441
5.907	 2.14	 1	 -42.4955	  173.1725
5.907	 2.20	 1	 -41.6964	  174.1598
5.907	 2.33	 2	 -41.7683	  174.1985
5.909	 2.38	 2	 -42.5246	  173.1904
5.910	 2.24	 2	 -42.7149	  173.3444
5.911	 2.34	 1	 -41.6842	  174.2302
5.912	 2.38	 1	 -41.6913	  175.1490
5.912	 2.02	 2	 -42.8347	  173.3183
5.913	 3.21	 1	 -42.1094	  173.3116
5.914	 2.73	 1	 -41.6634	  174.3145
5.914	 2.35	 1	 -42.5452	  173.0026
5.914	 2.14	 1	 -42.2850	  173.9760
5.915	 2.35	 2	 -41.8924	  174.1734
5.915	 2.21	 1	 -41.9374	  173.8383
5.915	 2.21	 2	 -41.9233	  179.2899
5.917	 2.77	 2	 -42.2285	  173.7033
5.918	 2.51	 2	 -42.7137	  173.2969
5.918	 2.30	 1	 -41.6923	  174.3320
5.918	 2.28	 2	 -42.7536	  173.2122
5.919	 2.55	 1	 -42.4395	  173.2067
5.919	 2.10	 1	 -41.6749	  174.2584
5.920	 2.48	 1	 -42.6508	  173.9730
5.920	 2.30	 1	 -42.0059	  173.8211
5.922	 2.61	 4	 -42.6621	  173.2400
5.923	 2.10	 1	 -40.7567	  174.7502
5.923	 2.10	 1	 -40.7317	  174.4025
5.923	 2.08	 2	 -41.9082	  178.3529
5.923	 2.26	 3	 -42.6381	  172.6255
5.924	 2.25	 1	 -42.2097	  173.5886
5.924	 2.24	 2	 -42.8793	  173.2536
5.925	 2.07	 2	 -41.8907	  178.3299
5.925	 2.26	 1	 -42.2806	  173.6049
5.927	 2.02	 1	 -41.6871	  174.2399
5.929	 2.27	 1	 -41.9204	  174.2496
5.930	 2.47	 1	 -42.6033	  172.8760
5.930	 3.69	 2	 -42.1022	  173.8811
5.931	 2.37	 3	 -41.8953	  178.3783
5.932	 2.26	 1	 -42.0252	  173.8176
5.933	 2.43	 1	 -42.4428	  173.3215
5.934	 2.35	 1	 -41.8158	  173.3336
5.935	 2.66	 1	 -41.7022	  174.1669
5.937	 2.17	 3	 -41.8799	  173.7163
5.938	 2.64	 1	 -42.4648	  173.2361
5.938	 2.14	 2	 -42.2640	  174.4975
5.939	 3.95	 1	 -41.6173	  174.0702
5.940	 2.02	 4	 -41.9427	  173.7616
5.941	 2.63	 2	 -42.8933	  173.2763
5.944	 2.20	 2	 -41.7806	  174.3786
5.944	 2.91	 1	 -42.0560	  173.8646
5.945	 2.39	 1	 -42.2144	  173.6422
5.946	 4.24	 1	 -42.2772	  173.6546
5.946	 3.70	 1	 -42.4630	  173.7554
5.947	 2.25	 5	 -42.5285	  172.8524
5.947	 2.37	 3	 -41.8454	  178.3707
5.947	 2.10	 5	 -42.6490	  172.2451
5.949	 2.17	 3	 -42.1745	  171.4017
5.949	 3.59	 1	 -42.6583	  172.7992
5.951	 3.45	 1	 -42.3230	  173.7300
5.951	 2.48	 1	 -42.4457	  173.2972
5.951	 2.12	 1	 -42.8649	  174.1919
5.954	 2.35	 2	 -43.3142	  173.1567
5.955	 2.31	 1	 -42.0006	  174.0270
5.955	 2.17	 5	 -42.4992	  172.4964
5.955	 2.18	 3	 -41.8560	  178.3296
5.956	 2.03	 2	 -42.9761	  173.0465
5.956	 2.37	 1	 -42.4273	  173.0562
5.957	 2.66	 1	 -41.9877	  173.8627
5.957	 2.85	 1	 -42.3687	  173.2131
5.958	 2.21	 3	 -42.6499	  172.5529
5.959	 2.34	 3	 -42.6703	  173.1064
5.959	 2.23	 1	 -42.6171	  173.0565
5.960	 2.40	 3	 -42.5989	  172.6653
5.960	 2.18	 3	 -42.8115	  173.1264
5.960	 2.30	 4	 -41.9181	  178.3950
5.962	 2.03	 1	 -41.7974	  174.2691
5.962	 2.30	 1	 -42.6941	  173.7841
5.963	 2.27	 2	 -41.9320	  178.5757
5.963	 3.48	 1	 -41.7713	  174.2488
5.963	 2.02	 1	 -42.3990	  173.4893
5.965	 2.13	 2	 -41.8980	  178.2533
5.965	 2.22	 3	 -41.9139	  178.3677
5.965	 2.16	 1	 -41.7118	  174.0551
5.967	 2.92	 1	 -42.4792	  173.7216
5.969	 2.28	 1	 -42.3365	  173.8690
5.970	 2.27	 1	 -42.1491	  174.1124
5.971	 2.05	 1	 -42.5363	  173.0377
5.971	 2.41	 3	 -41.9146	  178.3114
5.971	 2.43	 1	 -41.1825	  175.1360
5.972	 3.77	 1	 -39.6075	  177.2362
5.972	 2.47	 1	 -42.4952	  173.5637
5.974	 2.89	 2	 -42.5611	  172.9879
5.976	 2.05	 1	 -43.3356	  172.8944
5.976	 2.17	 1	 -42.6504	  172.8487
5.976	 2.44	 2	 -41.7602	  174.2207
5.977	 2.10	 1	 -42.2317	  173.9043
5.977	 2.14	 2	 -42.2522	  173.1391
5.977	 2.62	 2	 -42.2216	  171.5213
5.979	 2.14	 2	 -41.9068	  178.2434
5.979	 2.08	 2	 -41.8853	  173.6577
5.980	 2.02	 2	 -42.4399	  173.0049
5.981	 2.83	 1	 -42.6052	  173.0706
5.981	 2.13	 1	 -41.8121	  173.7533
5.982	 3.02	 1	 -41.7307	  174.2163
5.983	 2.18	 3	 -43.0622	  173.2550
5.983	 2.39	 2	 -41.9368	  174.1021
5.983	 2.47	 3	 -41.8872	  178.3387
5.984	 2.87	 2	 -42.3257	  174.8921
5.985	 2.38	 1	 -42.5648	  173.2809
5.986	 2.80	 2	 -41.7311	  174.2502
5.989	 2.58	 2	 -42.4649	  173.1579
5.989	 2.07	 1	 -42.3971	  173.7976
5.991	 2.08	 2	 -41.8315	  174.2912
5.992	 3.18	 1	 -42.6411	  173.0712
5.992	 2.13	 3	 -42.8915	  173.2753
5.994	 2.19	 1	 -42.6062	  173.2286
5.994	 3.77	 3	 -41.8375	  173.8590
5.995	 2.01	 2	 -41.8990	  178.5350
5.996	 2.10	 3	 -41.8149	  178.5518
5.996	 2.81	 3	 -42.8654	  173.2270
5.999	 2.05	 1	 -41.7441	  174.2775
5.999	 2.34	 2	 -42.2557	  172.9267
5.999	 2.14	 1	 -42.4469	  173.1093
6.001	 2.01	 2	 -42.3963	  173.1875
6.005	 2.30	 1	 -41.8076	  174.2866
6.006	 2.16	 2	 -42.8469	  173.3102
6.008	 2.15	 1	 -42.3901	  173.2170
6.010	 2.16	 2	 -42.5212	  172.9387
6.010	 2.13	 2	 -42.1724	  173.6581
6.011	 2.37	 1	 -41.8928	  174.1870
6.012	 2.07	 2	 -42.5308	  173.1050
6.013	 2.20	 1	 -42.3598	  173.3568
6.013	 2.64	 3	 -42.4790	  173.8479
6.013	 2.03	 2	 -42.4959	  172.9473
6.013	 2.20	 1	 -41.8115	  174.1094
6.013	 2.05	 2	 -41.8402	  178.6214
6.014	 2.45	 1	 -42.3431	  172.4498
6.014	 2.74	 2	 -42.2648	  173.6813
6.015	 2.23	 3	 -41.9977	  173.6971
6.015	 2.16	 3	 -42.4226	  172.9320
6.015	 2.08	 1	 -41.7965	  174.2130
6.016	 2.80	 1	 -42.2854	  173.9624
6.016	 2.44	 1	 -42.6119	  173.4211
6.016	 2.79	 2	 -42.3676	  173.8559
6.016	 2.11	 2	 -42.3376	  174.6061
6.017	 2.08	 3	 -42.8924	  173.9328
6.017	 2.61	 1	 -42.0503	  173.7331
6.017	 2.09	 1	 -42.0515	  173.6999
6.019	 3.31	 1	 -41.8493	  173.9289
6.019	 2.12	 2	 -41.8539	  174.1554
6.022	 2.20	 2	 -42.8837	  173.2744
6.023	 2.44	 1	 -41.6631	  174.2603
6.024	 2.48	 1	 -41.8241	  174.2582
6.025	 2.76	 1	 -42.2639	  173.5846
6.025	 2.06	 2	 -42.6590	  172.8095
6.025	 2.14	 3	 -42.6999	  172.9251
6.025	 2.15	 2	 -42.9374	  173.2607
6.028	 2.61	 1	 -42.4260	  173.1136
6.030	 2.12	 2	 -42.7998	  172.9023
6.031	 2.04	 1	 -41.7430	  174.3224
6.033	 2.61	 1	 -42.6264	  172.5993
6.036	 2.38	 1	 -41.7767	  174.2861
6.037	 2.94	 2	 -42.4802	  173.0711
6.037	 2.00	 2	 -41.7954	  173.9183
6.039	 2.65	 1	 -41.6385	  174.4933
6.039	 2.21	 2	 -41.8550	  174.2218
6.040	 2.09	 2	 -43.5889	  172.6204
6.040	 2.45	 2	 -42.1012	  174.3242
6.042	 2.25	 1	 -41.8077	  174.0049
6.042	 2.26	 3	 -42.6813	  172.6854
6.044	 2.47	 2	 -42.7927	  174.4392
6.045	 2.09	 1	 -39.4046	  175.9021
6.045	 2.02	 1	 -42.2691	  173.6801
6.046	 2.43	 2	 -42.3748	  173.5624
6.051	 3.20	 2	 -42.4758	  173.4753
6.051	 2.15	 1	 -41.7915	  174.0496
6.052	 2.91	 2	 -42.2780	  173.6556
6.053	 2.41	 3	 -42.8224	  172.8159
6.053	 2.07	 2	 -41.7492	  174.3422
6.054	 4.02	 1	 -42.9024	  172.9158
6.054	 2.17	 1	 -41.7173	  174.1262
6.056	 2.12	 1	 -42.4808	  173.7626
6.057	 2.30	 1	 -41.8093	  173.7085
6.058	 2.03	 2	 -42.4909	  173.2237
6.058	 2.26	 2	 -41.8060	  174.5175
6.060	 2.14	 2	 -42.2910	  173.9351
6.060	 2.27	 1	 -41.9012	  173.7308
6.062	 2.34	 2	 -42.1462	  174.3384
6.062	 2.40	 2	 -42.4890	  172.9458
6.063	 2.06	 2	 -45.3692	  175.2232
6.063	 2.99	 1	 -42.3301	  173.4985
6.064	 2.97	 1	 -42.3234	  173.9108
6.064	 3.43	 4	 -41.7961	  173.8126
6.065	 2.79	 1	 -42.3606	  173.8760
6.065	 2.13	 2	 -41.8350	  178.3038
6.065	 2.11	 2	 -42.2349	  174.7451
6.066	 2.45	 3	 -41.8562	  174.1624
6.067	 2.05	 5	 -42.6140	  172.5917
6.068	 2.10	 1	 -42.7321	  173.1329
6.068	 2.27	 2	 -42.7115	  173.1410
6.068	 2.01	 3	 -42.5302	  173.0057
6.069	 3.52	 2	 -42.9463	  173.3820
6.069	 2.31	 1	 -42.5136	  173.0674
6.070	 2.45	 2	 -42.2575	  173.1658
6.070	 2.42	 3	 -41.5790	  174.1104
6.071	 2.25	 1	 -41.7151	  174.2309
6.073	 2.14	 2	 -42.5078	  173.8210
6.074	 2.93	 1	 -41.6830	  174.1920
6.074	 3.17	 1	 -42.3307	  173.8401
6.074	 2.45	 1	 -42.0325	  174.1711
6.075	 3.47	 1	 -43.0625	  174.0685
6.075	 2.73	 1	 -42.4764	  173.8967
6.078	 2.02	 1	 -41.9030	  174.0538
6.078	 2.04	 3	 -42.3998	  173.8837
6.080	 3.03	 1	 -41.8180	  173.6263
6.081	 2.05	 1	 -42.3459	  173.2929
6.081	 2.09	 2	 -42.9424	  173.2896
6.081	 2.27	 2	 -42.3690	  172.9324
6.082	 2.07	 2	 -42.1037	  173.7565
6.084	 2.05	 1	 -41.7449	  174.2166
6.084	 3.19	 1	 -41.7034	  174.2652
6.086	 2.02	 1	 -42.9299	  173.2988
6.089	 2.38	 1	 -42.1462	  173.7337
6.092	 2.90	 2	 -41.9413	  178.4497
6.092	 2.97	 2	 -41.6239	  174.0837
6.092	 2.11	 2	 -42.5296	  173.1306
6.095	 2.61	 1	 -42.0226	  174.0600
6.095	 2.10	 2	 -42.7795	  173.2214
6.095	 2.34	 2	 -41.9072	  178.2468
6.098	 2.32	 3	 -42.7683	  173.3863
6.099	 2.16	 2	 -42.6814	  174.2888
6.100	 2.15	 6	 -42.1250	  178.1400
6.101	 2.24	 2	 -42.7081	  172.8356
6.102	 2.74	 1	 -43.4554	  173.3405
6.103	 2.34	 1	 -41.8388	  174.0340
6.103	 2.77	 3	 -42.4385	  173.1189
6.103	 2.18	 1	 -42.0062	  173.6641
6.103	 2.67	 1	 -41.9685	  173.9012
6.104	 2.23	 1	 -41.7181	  174.8267
6.107	 2.62	 1	 -41.4610	  171.9742
6.107	 2.12	 1	 -41.8605	  173.9138
6.108	 2.02	 1	 -42.2658	  173.7880
6.108	 2.08	 1	 -41.8446	  174.2609
6.108	 3.01	 3	 -42.8825	  173.2372
6.108	 2.52	 1	 -42.2453	  173.6623
6.109	 2.98	 1	 -42.4235	  173.6030
6.109	 2.12	 2	 -42.2106	  174.4072
6.111	 2.21	 5	 -42.6705	  172.6885
6.112	 2.12	 1	 -42.3268	  173.7324
6.112	 2.68	 1	 -42.3654	  173.7720
6.113	 2.12	 2	 -41.6606	  174.2424
6.114	 2.30	 3	 -42.0517	  173.8993
6.117	 2.05	 4	 -42.1318	  178.1118
6.118	 2.43	 1	 -41.8666	  174.2937
6.119	 2.17	 2	 -46.4537	  176.9200
6.119	 2.03	 1	 -41.8465	  174.2083
6.119	 2.30	 1	 -42.1630	  173.5635
6.119	 2.36	 1	 -42.2524	  173.8834
6.120	 2.93	 2	 -42.4506	  173.1001
6.121	 2.84	 2	 -41.8701	  178.3982
6.122	 2.73	 2	 -41.8197	  178.3885
6.122	 3.89	 1	 -42.2631	  172.7732
6.122	 2.62	 3	 -43.2730	  172.9868
6.122	 2.18	 6	 -42.1155	  178.1426
6.123	 2.07	 1	 -42.5063	  172.9686
6.123	 2.93	 1	 -42.6929	  173.2245
6.123	 2.06	 3	 -41.6626	  174.3449
6.124	 2.30	 2	 -42.2838	  173.7838
6.124	 2.14	 1	 -41.8434	  174.0677
6.126	 2.78	 1	 -42.9210	  172.9943
6.126	 3.29	 1	 -41.7391	  174.2233
6.127	 2.09	 1	 -42.5303	  173.1316
6.127	 2.85	 1	 -38.4712	  175.4168
6.127	 2.01	 1	 -42.0737	  173.8256
6.127	 2.20	 1	 -42.4153	  173.5868
6.128	 3.37	 1	 -43.0798	  171.9172
6.129	 2.16	 4	 -41.9585	  178.1569
6.130	 2.80	 1	 -42.5052	  173.1172
6.131	 2.85	 1	 -41.7104	  174.2960
6.131	 2.10	 1	 -42.3780	  173.1170
6.131	 2.00	 2	 -43.2868	  173.4041
6.132	 2.29	 1	 -42.3197	  173.7569
6.132	 2.44	 2	 -43.1294	  172.6029
6.132	 2.70	 1	 -43.0500	  174.2796
6.133	 2.48	 2	 -41.7054	  174.1476
6.139	 2.18	 5	 -41.9031	  178.4753
6.139	 2.21	 1	 -42.4376	  172.9780
6.140	 2.74	 1	 -42.2876	  173.6561
6.140	 2.14	 2	 -42.1336	  174.2025
6.140	 2.12	 1	 -42.4126	  173.8290
6.141	 2.05	 1	 -41.5216	  174.1592
6.142	 2.18	 1	 -41.6894	  174.4839
6.143	 2.34	 1	 -42.3303	  173.8799
6.143	 2.40	 4	 -41.0374	  177.7172
6.144	 2.80	 2	 -42.9764	  173.2542
6.144	 3.00	 1	 -42.1212	  172.3088
6.144	 2.23	 2	 -41.9024	  174.1685
6.145	 2.85	 2	 -42.5011	  172.6358
6.145	 2.26	 2	 -42.8327	  172.9942
6.146	 2.43	 1	 -42.2527	  174.3413
6.146	 3.01	 1	 -41.9758	  173.7032
6.146	 2.56	 1	 -42.6047	  172.6620
6.146	 2.10	 1	 -44.6574	  169.9067
6.146	 2.04	 1	 -42.3854	  173.1397
6.146	 3.10	 2	 -42.5835	  172.9817
6.147	 2.47	 2	 -42.1417	  173.9157
6.147	 2.00	 1	 -42.0787	  173.8801
6.147	 2.36	 1	 -41.6878	  174.2249
6.149	 2.56	 1	 -42.8912	  172.8837
6.151	 2.74	 1	 -41.5545	  174.3093
6.154	 3.48	 3	 -41.9183	  177.8990
6.157	 2.50	 1	 -42.0028	  173.4558
6.160	 2.27	 3	 -41.9102	  174.2293
6.160	 2.51	 2	 -41.6396	  173.7620
6.160	 2.06	 3	 -41.9166	  178.3542
6.161	 2.60	 2	 -42.6214	  172.7834
6.161	 2.02	 3	 -42.6470	  172.6064
6.162	 2.32	 1	 -42.6309	  172.8454
6.162	 2.49	 1	 -42.3308	  173.5967
6.165	 2.14	 1	 -41.9409	  173.7439
6.165	 2.18	 2	 -42.2950	  174.3806
6.166	 2.18	 1	 -42.3021	  174.3515
6.166	 2.01	 1	 -42.4631	  174.0569
6.166	 2.04	 4	 -42.2195	  174.2040
6.174	 2.04	 1	 -41.8485	  174.3419
6.175	 2.26	 2	 -42.4130	  174.4028
6.175	 2.66	 1	 -42.0632	  173.8773
6.175	 2.88	 1	 -42.2956	  173.7508
6.176	 2.74	 1	 -42.5474	  174.0038
6.176	 2.45	 1	 -41.8019	  174.2502
6.177	 2.26	 1	 -41.8945	  174.1192
6.177	 2.19	 1	 -42.8258	  173.1506
6.178	 2.14	 3	 -41.7439	  174.2610
6.178	 2.26	 1	 -42.2758	  173.6573
6.179	 2.14	 1	 -42.0341	  173.5807
6.180	 2.56	 1	 -42.2334	  173.6615
6.180	 3.34	 1	 -42.2587	  173.7903
6.180	 2.40	 1	 -41.7430	  174.1902
6.180	 2.11	 1	 -42.1038	  173.1882
6.181	 2.07	 1	 -42.8667	  171.9484
6.182	 2.30	 2	 -42.0535	  173.8882
6.183	 2.01	 1	 -42.4337	  173.3775
6.183	 2.21	 1	 -42.3673	  173.5266
6.183	 2.85	 1	 -41.9264	  173.8594
6.183	 3.14	 1	 -42.4599	  173.2284
6.184	 2.61	 1	 -42.7764	  173.0570
6.184	 2.02	 1	 -42.5042	  173.7386
6.185	 2.02	 1	 -41.7243	  174.2254
6.186	 3.50	 1	 -41.8416	  174.3627
6.186	 2.20	 3	 -41.8475	  178.4046
6.186	 2.14	 2	 -42.7477	  173.1454
6.187	 2.08	 1	 -42.2717	  173.6670
6.188	 2.38	 1	 -42.6239	  173.0579
6.188	 2.39	 1	 -42.6625	  172.6848
6.189	 2.95	 1	 -42.4603	  170.6587
6.189	 2.42	 2	 -42.7017	  172.7445
6.191	 2.17	 1	 -42.2448	  173.5815
6.192	 3.13	 1	 -42.2201	  173.7906
6.193	 2.11	 2	 -42.6688	  172.3766
6.193	 2.12	 1	 -42.3934	  173.4176
6.196	 2.99	 1	 -41.9775	  173.7022
6.197	 2.23	 2	 -42.9113	  172.9084
6.197	 3.84	 3	 -42.6027	  173.0163
6.197	 2.31	 1	 -41.7225	  174.2823
6.198	 2.33	 1	 -41.9688	  173.5017
6.199	 2.11	 3	 -41.9363	  178.5542
6.200	 2.02	 2	 -42.4883	  173.1708
6.200	 2.20	 1	 -42.5937	  174.3288
6.202	 2.03	 1	 -42.7626	  172.9106
6.202	 2.80	 2	 -42.4633	  173.1276
6.202	 2.55	 1	 -42.3115	  173.8481
6.203	 2.12	 2	 -41.7568	  174.0451
6.204	 3.91	 1	 -42.4137	  173.3941
6.204	 2.19	 1	 -42.1656	  173.7681
6.206	 2.18	 2	 -41.8738	  174.1939
6.207	 2.60	 2	 -41.9939	  178.4236
6.207	 2.37	 2	 -42.3695	  173.2122
6.208	 3.18	 1	 -41.7627	  174.3006
6.210	 2.07	 3	 -44.6594	  173.8382
6.212	 2.47	 1	 -42.6351	  172.8133
6.212	 2.17	 2	 -42.9160	  173.6943
6.212	 2.04	 1	 -42.2324	  173.9964
6.212	 2.99	 1	 -42.1338	  173.7620
6.213	 2.49	 1	 -42.6503	  172.8413
6.214	 3.36	 1	 -42.6781	  172.9008
6.214	 2.02	 2	 -42.3223	  172.9776
6.215	 2.05	 1	 -42.3253	  174.0822
6.215	 2.08	 2	 -42.6581	  173.3245
6.215	 2.22	 2	 -42.0253	  173.8214
6.216	 2.13	 1	 -42.4376	  173.3507
6.217	 2.11	 2	 -42.3877	  173.9285
6.219	 2.13	 2	 -41.9472	  175.9710
6.220	 2.00	 1	 -42.3962	  172.7033
6.220	 2.53	 3	 -42.6060	  173.2218
6.220	 2.01	 2	 -42.2878	  173.7786
6.221	 2.48	 1	 -42.2832	  173.4828
6.222	 2.03	 2	 -42.7497	  173.2439
6.223	 2.66	 1	 -42.5617	  173.2452
6.224	 2.23	 3	 -42.5098	  173.0599
6.225	 2.44	 4	 -42.1440	  178.0724
6.225	 3.03	 1	 -42.5798	  173.4055
6.226	 2.68	 2	 -42.4610	  173.3918
6.227	 2.06	 1	 -42.3920	  173.8725
6.227	 2.51	 4	 -42.7734	  172.5242
6.228	 2.22	 1	 -42.2638	  173.6276
6.229	 2.02	 2	 -42.8497	  173.2474
6.229	 2.49	 1	 -42.8013	  173.0006
6.229	 2.12	 1	 -42.5227	  173.0849
6.230	 2.10	 1	 -42.3141	  173.7057
6.231	 2.17	 4	 -41.9332	  178.4542
6.233	 2.00	 1	 -42.0294	  173.9310
6.234	 2.12	 1	 -42.0548	  173.6795
6.234	 2.18	 5	 -42.7706	  172.6251
6.235	 2.26	 1	 -41.6842	  174.2666
6.235	 2.29	 1	 -42.0561	  173.7125
6.236	 2.07	 3	 -40.3234	  172.6991
6.236	 2.27	 2	 -42.8590	  173.2232
6.237	 2.38	 3	 -42.5942	  172.5686
6.237	 2.28	 4	 -42.5949	  173.0092
6.238	 2.07	 3	 -41.9489	  178.1966
6.239	 2.12	 7	 -41.9408	  178.7528
6.240	 2.41	 1	 -42.4229	  173.8172
6.241	 2.91	 2	 -42.4980	  172.6429
6.242	 2.02	 1	 -41.5931	  174.1939
6.242	 2.20	 1	 -42.6761	  172.7787
6.243	 2.52	 2	 -41.7855	  178.3260
6.243	 2.13	 1	 -42.4919	  173.3410
6.244	 2.62	 2	 -42.3399	  173.5184
6.244	 2.35	 1	 -42.4649	  173.4152
6.246	 2.69	 1	 -42.3127	  173.6975
6.246	 2.20	 1	 -44.8740	  170.8851
6.246	 2.05	 3	 -42.2383	  174.3872
6.247	 2.08	 2	 -42.2905	  173.5670
6.247	 2.26	 1	 -42.1581	  173.5753
6.249	 2.18	 3	 -41.7607	  174.0627
6.250	 2.16	 3	 -42.0633	  178.3985
6.250	 2.15	 1	 -42.3423	  173.7217
6.251	 2.81	 1	 -42.3129	  173.7628
6.252	 2.41	 1	 -42.1340	  172.9108
6.255	 2.23	 1	 -42.1394	  173.6748
6.257	 2.14	 1	 -42.0212	  174.0545
6.259	 2.04	 2	 -42.7555	  173.0794
6.259	 2.20	 2	 -42.4115	  173.3858
6.260	 2.16	 1	 -42.1792	  173.9259
6.263	 2.04	 2	 -41.9864	  173.6857
6.264	 2.46	 3	 -41.8683	  173.9581
6.268	 2.19	 2	 -42.0763	  173.7517
6.272	 2.68	 2	 -42.5795	  173.1928
6.273	 2.96	 1	 -41.9657	  173.9891
6.273	 2.15	 3	 -41.8868	  178.4176
6.274	 2.12	 2	 -42.5060	  173.1110
6.274	 2.17	 2	 -42.5335	  173.8217
6.275	 2.11	 1	 -42.9866	  172.9919
6.275	 2.73	 3	 -43.0879	  171.7964
6.275	 2.19	 1	 -42.0696	  173.8734
6.277	 2.73	 1	 -41.8916	  173.6089
6.278	 2.04	 2	 -42.6211	  173.0917
6.279	 2.43	 1	 -42.4524	  173.2012
6.279	 2.07	 2	 -42.3342	  173.7334
6.279	 2.35	 1	 -42.5922	  173.7278
6.282	 2.05	 2	 -42.7073	  173.2426
6.282	 2.26	 1	 -42.5156	  173.2480
6.282	 4.15	 2	 -42.9221	  173.2237
6.284	 2.18	 1	 -42.2073	  173.5923
6.284	 2.07	 2	 -41.6849	  174.2148
6.284	 2.13	 1	 -42.1579	  173.6196
6.284	 2.50	 1	 -42.4709	  173.2873
6.287	 3.30	 2	 -42.3066	  178.5627
6.288	 2.22	 2	 -42.6921	  173.3013
6.289	 2.57	 1	 -42.8208	  173.0606
6.290	 2.15	 2	 -42.0532	  173.7364
6.292	 2.52	 4	 -42.7198	  172.4926
6.292	 2.24	 1	 -42.6241	  173.1788
6.294	 2.38	 1	 -42.2870	  173.8087
6.294	 2.15	 2	 -41.9494	  178.3384
6.295	 2.16	 3	 -42.5134	  172.8009
6.295	 2.68	 1	 -42.6454	  172.7790
6.296	 2.25	 2	 -42.4448	  173.4273
6.299	 2.07	 2	 -42.3852	  174.0253
6.300	 4.17	 1	 -41.9810	  171.0257
6.301	 2.59	 3	 -42.3540	  173.8649
6.302	 2.14	 1	 -41.7077	  174.2245
6.302	 2.16	 1	 -42.4094	  173.8237
6.302	 2.59	 1	 -42.1542	  175.1946
6.303	 3.40	 1	 -42.3007	  174.0087
6.304	 3.07	 2	 -44.2017	  172.3364
6.304	 2.67	 3	 -41.8886	  174.3685
6.305	 2.17	 2	 -42.2278	  173.8434
6.305	 2.70	 1	 -42.5238	  173.8441
6.306	 2.58	 3	 -42.5963	  172.6077
6.306	 2.65	 2	 -43.0293	  173.0277
6.307	 2.39	 2	 -42.2832	  174.4478
6.309	 3.58	 1	 -41.6876	  174.2307
6.311	 2.31	 1	 -42.6757	  174.1169
6.312	 2.13	 2	 -42.2693	  173.7962
6.313	 2.02	 1	 -41.6980	  174.2436
6.313	 2.19	 2	 -42.3417	  173.8694
6.314	 3.12	 1	 -42.4500	  173.8261
6.314	 2.02	 2	 -41.9803	  178.2538
6.315	 2.80	 4	 -42.7363	  172.8699
6.315	 2.28	 1	 -42.4060	  173.5973
6.315	 2.02	 3	 -41.8851	  178.3527
6.316	 2.44	 1	 -42.0171	  173.4920
6.317	 2.35	 1	 -42.4709	  171.3480
6.317	 2.10	 3	 -42.6660	  172.6386
6.317	 2.03	 1	 -41.6353	  174.4926
6.317	 2.08	 2	 -42.2257	  174.3725
6.318	 2.01	 1	 -42.6451	  172.8871
6.318	 2.95	 2	 -42.8087	  176.7361
6.319	 2.57	 1	 -42.6450	  173.2977
6.319	 2.67	 1	 -42.3716	  174.0106
6.319	 2.65	 2	 -42.2305	  174.3029
6.319	 2.01	 1	 -41.7021	  174.1925
6.320	 2.28	 3	 -41.8751	  178.2957
6.322	 2.12	 1	 -42.5491	  172.9828
6.322	 2.48	 1	 -42.1474	  172.9468
6.322	 2.57	 1	 -42.2643	  172.7336
6.324	 2.74	 1	 -42.7367	  173.2552
6.324	 2.85	 2	 -42.4189	  173.1038
6.325	 2.09	 1	 -42.5180	  173.2788
6.325	 2.48	 1	 -41.7669	  174.3336
6.330	 2.10	 2	 -42.3225	  174.4477
6.330	 2.10	 1	 -42.0527	  173.9881
6.330	 2.19	 3	 -42.5926	  173.5320
6.331	 3.02	 2	 -42.7853	  173.1612
6.332	 2.00	 2	 -42.2850	  173.7971
6.332	 2.04	 1	 -42.9290	  172.9764
6.333	 2.13	 2	 -42.2252	  178.6748
6.334	 2.82	 3	 -41.8910	  178.3613
6.336	 2.09	 5	 -42.6313	  172.5781
6.336	 2.28	 1	 -42.3074	  174.0341
6.339	 3.14	 4	 -42.1463	  178.0324
6.339	 2.48	 1	 -42.2050	  173.6431
6.339	 2.60	 2	 -42.4396	  173.9284
6.341	 3.63	 2	 -42.5889	  172.8576
6.345	 2.26	 1	 -42.3922	  173.9194
6.346	 2.44	 3	 -42.3016	  173.7944
6.348	 2.72	 3	 -42.6613	  173.2355
6.349	 2.14	 1	 -42.3351	  172.9384
6.349	 2.52	 1	 -42.3506	  173.7417
6.350	 2.10	 5	 -42.6388	  172.6049
6.350	 2.28	 1	 -45.1810	  171.8306
6.352	 2.28	 1	 -40.5994	  172.9290
6.352	 2.18	 3	 -41.3241	  171.2929
6.352	 2.44	 1	 -41.6692	  174.2904
6.353	 2.63	 2	 -42.3387	  173.7315
6.353	 2.09	 1	 -42.0776	  173.7448
6.354	 2.93	 2	 -41.9261	  178.2824
6.355	 2.02	 2	 -39.6016	  177.1443
6.355	 2.24	 1	 -42.2265	  173.6218
6.356	 2.82	 1	 -42.1878	  173.4984
6.357	 2.55	 1	 -42.5591	  173.1091
6.357	 2.11	 1	 -42.5447	  173.1144
6.358	 2.19	 2	 -42.3004	  174.0863
6.361	 2.39	 4	 -42.3687	  177.9635
6.364	 2.41	 1	 -41.6696	  173.7918
6.364	 2.21	 1	 -42.2290	  173.6105
6.367	 2.01	 1	 -42.3326	  173.0321
6.367	 2.42	 1	 -41.7265	  174.1783
6.367	 2.07	 2	 -42.2652	  173.6501
6.367	 2.09	 1	 -42.2542	  173.7323
6.367	 2.23	 1	 -42.4116	  173.2118
6.368	 2.58	 2	 -42.4656	  173.1226
6.370	 2.03	 1	 -41.7819	  174.2938
6.370	 3.44	 1	 -42.6068	  173.0815
6.371	 2.30	 1	 -42.5574	  173.2686
6.371	 2.10	 2	 -42.2109	  172.4125
6.373	 2.11	 1	 -42.4007	  173.2249
6.373	 2.43	 1	 -41.9911	  174.1584
6.373	 2.43	 1	 -42.1043	  172.7884
6.373	 3.16	 2	 -41.9871	  178.4714
6.375	 2.08	 2	 -42.5419	  173.1767
6.375	 3.35	 2	 -42.9790	  172.8152
6.375	 2.47	 1	 -42.6761	  172.9773
6.376	 2.06	 3	 -42.0695	  173.9183
6.376	 2.14	 1	 -41.6922	  174.2237
6.377	 2.23	 1	 -41.6622	  174.2137
6.377	 2.04	 1	 -41.6805	  174.2612
6.378	 2.38	 3	 -42.5427	  172.7195
6.379	 2.15	 3	 -42.9324	  173.2162
6.380	 2.39	 1	 -41.6833	  174.2522
6.381	 2.98	 3	 -42.9105	  173.1553
6.382	 3.42	 1	 -41.7578	  174.1737
6.382	 2.67	 1	 -41.8133	  174.2444
6.383	 3.82	 2	 -42.2632	  173.7439
6.383	 3.10	 1	 -42.2631	  173.7627
6.385	 2.69	 1	 -42.0536	  173.3708
6.385	 2.51	 1	 -42.6359	  172.8335
6.388	 2.84	 1	 -42.3803	  173.7584
6.389	 2.12	 2	 -41.9081	  173.6113
6.390	 2.38	 2	 -42.2665	  173.7638
6.391	 2.62	 2	 -42.8395	  168.3914
6.392	 2.17	 2	 -41.8397	  174.2330
6.392	 2.39	 1	 -42.3876	  173.7160
6.392	 3.10	 2	 -42.3221	  173.7315
6.393	 4.70	 1	 -42.6066	  172.9452
6.394	 2.18	 2	 -42.5461	  173.0538
6.395	 2.04	 2	 -42.5910	  172.9480
6.395	 2.20	 2	 -41.6544	  174.2051
6.396	 3.04	 2	 -42.4476	  173.9885
6.397	 2.19	 2	 -42.2757	  173.6205
6.398	 3.34	 1	 -41.7230	  174.1367
6.398	 2.37	 2	 -42.7344	  172.7804
6.398	 2.23	 3	 -42.6704	  172.7534
6.398	 2.33	 3	 -42.7790	  173.2976
6.399	 2.51	 1	 -42.1228	  172.8109
6.400	 2.30	 3	 -41.9385	  173.7194
6.401	 2.09	 2	 -41.7612	  174.2555
6.403	 2.49	 3	 -41.6449	  174.3667
6.404	 2.29	 1	 -41.6766	  174.4420
6.404	 2.04	 1	 -41.0257	  172.1642
6.405	 2.06	 2	 -42.5985	  172.9616
6.405	 2.53	 1	 -42.3452	  173.0114
6.406	 2.04	 1	 -42.6146	  172.9676
6.406	 2.42	 1	 -41.7177	  174.3658
6.408	 2.26	 1	 -42.5299	  173.2290
6.408	 2.55	 3	 -41.7437	  178.3740
6.409	 2.19	 2	 -41.8194	  178.3308
6.410	 2.20	 1	 -41.7838	  174.3462
6.410	 2.30	 1	 -42.7425	  172.8440
6.410	 2.11	 1	 -42.9709	  172.9942
6.410	 2.09	 1	 -42.1870	  173.6911
6.411	 2.25	 2	 -42.3667	  173.3325
6.411	 2.35	 1	 -42.3294	  173.4339
6.411	 2.23	 2	 -42.5846	  172.8974
6.412	 2.30	 3	 -41.9152	  178.3664
6.414	 2.85	 1	 -42.3815	  174.0173
6.417	 2.14	 3	 -41.8814	  178.3318
6.417	 2.08	 2	 -42.6749	  172.9077
6.417	 2.37	 4	 -40.3249	  172.7004
6.418	 2.79	 1	 -42.0960	  173.7229
6.419	 2.21	 2	 -41.8391	  174.0343
6.419	 2.08	 2	 -42.2218	  173.4491
6.421	 2.90	 3	 -42.6185	  172.7841
6.422	 2.19	 1	 -42.0201	  173.7264
6.423	 2.12	 1	 -41.7898	  174.4763
6.423	 2.10	 2	 -42.1329	  174.6114
6.425	 2.77	 2	 -42.2716	  174.1393
6.425	 2.33	 3	 -42.8335	  173.1489
6.426	 2.31	 2	 -43.0233	  173.4404
6.426	 2.24	 1	 -41.7138	  173.6405
6.427	 2.22	 2	 -43.5500	  172.6340
6.427	 3.17	 3	 -42.3797	  173.9460
6.429	 2.10	 1	 -42.5537	  173.8868
6.429	 2.15	 1	 -42.3020	  173.9844
6.430	 2.35	 3	 -42.9512	  172.7262
6.430	 2.27	 3	 -42.4454	  173.0911
6.430	 2.73	 2	 -42.1888	  173.6368
6.434	 3.14	 1	 -42.4412	  173.1871
6.435	 2.15	 1	 -42.6785	  173.1041
6.436	 2.44	 2	 -42.5540	  173.1503
6.437	 2.36	 2	 -42.4373	  172.6252
6.437	 2.12	 1	 -42.5206	  173.1416
6.442	 2.07	 2	 -42.2772	  173.3123
6.442	 2.43	 2	 -42.2005	  173.6107
6.442	 4.08	 3	 -42.4752	  173.4166
6.442	 2.43	 3	 -42.2080	  174.2874
6.442	 2.05	 2	 -45.6779	  177.7002
6.444	 4.13	 1	 -41.8485	  174.3615
6.446	 2.12	 3	 -42.2644	  173.7342
6.447	 2.00	 1	 -42.7746	  172.9874
6.448	 2.52	 1	 -41.9475	  173.6448
6.448	 2.06	 3	 -42.7593	  173.2727
6.449	 2.13	 1	 -41.8513	  174.0272
6.449	 2.30	 2	 -42.8090	  173.2571
6.450	 2.32	 1	 -45.6423	  175.2951
6.450	 2.83	 1	 -42.2818	  173.6571
6.450	 2.12	 1	 -42.6543	  173.2241
6.450	 2.49	 2	 -41.6831	  174.2529
6.451	 2.20	 1	 -42.0608	  173.9720
6.451	 2.12	 4	 -42.6193	  172.6774
6.451	 2.17	 1	 -41.7109	  174.2833
6.453	 2.29	 4	 -41.9926	  178.3914
6.453	 2.21	 2	 -42.7606	  173.2965
6.453	 2.84	 2	 -42.5253	  172.9621
6.454	 2.86	 2	 -43.2478	  172.6798
6.456	 2.55	 4	 -42.5927	  172.9778
6.456	 2.39	 6	 -42.0292	  178.6441
6.457	 2.05	 1	 -42.2721	  173.6631
6.457	 3.08	 1	 -42.0653	  173.7240
6.457	 2.06	 4	 -41.9755	  178.3093
6.458	 2.32	 4	 -41.9206	  177.8996
6.458	 2.93	 1	 -42.3288	  173.6441
6.459	 2.12	 3	 -42.9276	  173.1991
6.459	 2.28	 4	 -42.8241	  172.8154
6.460	 2.21	 1	 -41.7425	  174.3097
6.462	 2.10	 1	 -42.3795	  173.2620
6.462	 2.10	 2	 -42.6293	  173.1032
6.462	 2.08	 1	 -41.8782	  174.0891
6.464	 3.37	 2	 -41.7151	  178.1909
6.464	 2.13	 2	 -42.5211	  174.0457
6.466	 2.55	 1	 -42.5064	  173.1290
6.466	 2.50	 1	 -42.4895	  173.1881
6.467	 2.57	 2	 -42.4184	  173.8447
6.467	 2.17	 2	 -42.5022	  172.6299
6.468	 2.12	 1	 -41.9423	  173.9961
6.468	 2.10	 2	 -42.7708	  173.3691
6.468	 2.19	 3	 -41.8100	  178.2681
6.468	 2.09	 1	 -41.9603	  173.8809
6.469	 2.58	 3	 -41.9099	  178.3546
6.470	 2.52	 1	 -41.7781	  174.2176
6.470	 3.35	 1	 -41.8259	  174.4730
6.471	 2.56	 2	 -39.6793	  177.2434
6.472	 2.18	 2	 -41.7412	  178.2121
6.473	 2.01	 3	 -41.6657	  178.5439
6.473	 2.10	 2	 -42.7924	  173.3124
6.474	 2.39	 2	 -42.6066	  172.9161
6.474	 2.74	 1	 -41.8092	  174.1184
6.475	 2.44	 1	 -46.0119	  170.8645
6.475	 2.09	 1	 -41.7208	  174.2642
6.476	 2.87	 1	 -41.7152	  174.2657
6.477	 2.56	 1	 -42.0583	  174.0282
6.477	 2.25	 1	 -42.3694	  174.0209
6.477	 2.25	 2	 -42.3910	  173.8361
6.477	 2.31	 1	 -41.5015	  172.7176
6.478	 2.54	 2	 -42.8446	  173.4974
6.480	 2.92	 1	 -42.6767	  172.8640
6.480	 2.79	 2	 -41.6741	  174.2558
6.480	 3.56	 2	 -41.2949	  179.4045
6.483	 2.52	 1	 -41.7920	  174.2665
6.483	 2.29	 1	 -41.9322	  173.7406
6.483	 2.58	 3	 -41.8950	  178.4434
6.485	 2.13	 3	 -41.8837	  178.3835
6.486	 2.07	 2	 -42.6086	  172.9673
6.487	 2.37	 3	 -40.5489	  177.5273
6.487	 2.83	 1	 -42.0005	  173.9726
6.488	 3.20	 1	 -42.3382	  173.1296
6.488	 3.14	 1	 -41.6934	  174.2508
6.489	 2.57	 1	 -42.0815	  173.8131
6.490	 3.19	 1	 -42.2709	  173.5692
6.490	 2.49	 2	 -41.5507	  170.8112
6.490	 2.49	 2	 -42.4656	  173.7523
6.491	 2.37	 1	 -43.7144	  173.8137
6.491	 2.15	 3	 -42.2674	  174.4688
6.491	 2.27	 1	 -42.2556	  173.6274
6.491	 2.19	 1	 -42.1750	  174.0338
6.492	 2.13	 1	 -42.4786	  173.1333
6.492	 2.54	 1	 -41.7869	  174.2453
6.492	 3.19	 1	 -42.5607	  173.9753
6.494	 2.07	 1	 -42.0932	  173.6462
6.494	 2.78	 1	 -41.7941	  174.2149
6.496	 3.13	 4	 -42.2426	  173.9040
6.496	 2.17	 4	 -42.1777	  178.4775
6.496	 2.38	 3	 -42.5247	  173.3602
6.497	 2.02	 1	 -42.5283	  173.2444
6.499	 2.08	 3	 -42.6828	  173.0546
6.501	 2.23	 1	 -42.2251	  173.7756
6.501	 2.42	 2	 -42.2353	  174.3831
6.504	 2.31	 2	 -42.8202	  173.2442
6.505	 2.27	 1	 -42.3566	  173.8810
6.507	 2.32	 1	 -42.4909	  172.8657
6.508	 2.20	 3	 -41.8803	  178.4037
6.508	 3.09	 2	 -41.7376	  174.2242
6.508	 2.24	 1	 -41.6714	  174.0978
6.508	 2.97	 3	 -45.7104	  177.7637
6.509	 2.56	 3	 -42.6512	  172.6555
6.510	 2.42	 2	 -42.8311	  173.3060
6.510	 4.91	 3	 -42.7691	  173.2850
6.511	 3.61	 1	 -42.2695	  174.0352
6.513	 3.56	 3	 -42.5118	  173.2485
6.513	 2.68	 1	 -42.2276	  173.5878
6.514	 2.29	 2	 -42.6185	  173.4583
6.515	 2.07	 2	 -41.8795	  174.1952
6.517	 2.06	 1	 -42.9805	  173.1715
6.517	 2.62	 2	 -42.5168	  173.1125
6.518	 2.25	 3	 -42.2593	  176.9161
6.519	 2.26	 1	 -41.7824	  173.9978
6.519	 2.40	 4	 -41.9435	  178.4605
6.520	 2.44	 2	 -42.6725	  172.9821
6.520	 2.44	 3	 -41.7852	  178.3620
6.521	 2.60	 1	 -41.6797	  174.1281
6.522	 2.43	 1	 -41.7579	  174.3167
6.522	 2.18	 2	 -41.7385	  174.2353
6.523	 2.35	 1	 -42.1370	  173.6685
6.523	 2.31	 1	 -41.7873	  174.2805
6.525	 2.89	 1	 -41.9997	  173.7275
6.526	 2.07	 1	 -41.5144	  172.9618
6.526	 2.08	 1	 -41.8058	  174.2036
6.526	 2.18	 1	 -41.6336	  174.0730
6.528	 2.21	 1	 -43.2341	  176.0096
6.529	 2.23	 1	 -42.3104	  173.6714
6.529	 2.18	 1	 -41.8051	  174.2737
6.531	 2.56	 1	 -42.3846	  174.0636
6.535	 3.25	 1	 -42.6293	  172.9223
6.535	 2.07	 1	 -41.7513	  174.2723
6.535	 3.00	 1	 -41.6876	  174.2889
6.535	 2.10	 2	 -42.1540	  175.1908
6.538	 2.21	 2	 -41.7131	  174.2450
6.538	 2.29	 1	 -41.8209	  174.2647
6.538	 2.41	 2	 -42.4589	  172.9542
6.539	 3.17	 2	 -42.3458	  173.7687
6.541	 4.33	 1	 -41.7757	  174.2791
6.541	 2.04	 1	 -43.9591	  174.5087
6.542	 2.04	 1	 -41.9646	  172.7943
6.543	 2.77	 1	 -42.1810	  173.7404
6.544	 2.17	 1	 -42.7811	  172.8944
6.545	 3.35	 1	 -41.8881	  174.0805
6.545	 2.06	 1	 -41.8469	  174.1456
6.545	 2.28	 1	 -42.2167	  172.5468
6.548	 2.08	 2	 -42.7253	  173.1207
6.549	 2.05	 2	 -42.5540	  173.8635
6.550	 2.87	 2	 -42.7296	  173.3279
6.551	 3.02	 1	 -42.3135	  173.4857
6.551	 2.28	 1	 -42.2705	  173.7076
6.552	 2.31	 3	 -41.8960	  173.3410
6.552	 2.20	 1	 -42.5369	  173.0437
6.552	 2.10	 3	 -42.8287	  174.5753
6.552	 3.04	 2	 -42.9017	  172.8944
6.553	 2.16	 4	 -42.6847	  173.3205
6.553	 2.17	 2	 -42.4782	  173.7217
6.553	 2.07	 2	 -41.6512	  174.1515
6.554	 2.66	 1	 -42.1257	  173.9242
6.554	 2.73	 1	 -42.4955	  174.1626
6.555	 2.12	 2	 -42.5124	  173.0723
6.556	 2.69	 1	 -42.2941	  172.3793
6.556	 2.67	 1	 -41.8143	  174.0916
6.557	 2.12	 3	 -42.7488	  173.2433
6.559	 2.26	 1	 -41.9831	  173.6899
6.559	 2.56	 1	 -41.5381	  174.9817
6.560	 3.12	 3	 -42.4783	  173.7206
6.561	 2.34	 1	 -42.1536	  171.8102
6.561	 3.18	 3	 -42.1897	  173.7254
6.562	 2.49	 2	 -42.5803	  172.9467
6.563	 2.11	 1	 -42.6445	  172.7748
6.564	 2.20	 1	 -41.7025	  174.2245
6.565	 2.15	 2	 -42.2962	  173.7506
6.565	 2.18	 2	 -42.7256	  172.6996
6.566	 2.09	 2	 -41.8259	  173.6338
6.566	 2.57	 2	 -42.4418	  172.9791
6.566	 2.24	 3	 -41.6942	  178.2053
6.566	 2.46	 1	 -41.6924	  174.3067
6.568	 3.12	 3	 -42.6612	  172.8102
6.568	 2.33	 2	 -41.7340	  174.0517
6.569	 3.61	 1	 -42.7541	  174.1213
6.569	 2.64	 2	 -42.2076	  174.4655
6.569	 2.03	 1	 -42.6478	  172.8661
6.571	 2.34	 1	 -42.8843	  172.8694
6.572	 2.41	 1	 -41.7682	  174.2578
6.572	 2.45	 1	 -42.2968	  173.0627
6.574	 2.49	 1	 -42.4070	  174.0130
6.575	 2.03	 1	 -42.5399	  173.3126
6.575	 2.31	 4	 -41.7613	  177.8448
6.579	 2.03	 1	 -41.8132	  174.2407
6.580	 2.42	 2	 -42.2660	  174.0419
6.581	 2.30	 1	 -42.0457	  173.5817
6.583	 2.10	 2	 -41.7656	  178.4807
6.584	 2.02	 2	 -42.5236	  172.6310
6.585	 3.41	 1	 -42.6114	  173.0497
6.585	 2.15	 1	 -42.3656	  174.7594
6.585	 2.28	 1	 -42.2338	  173.7284
6.586	 2.16	 1	 -42.0852	  173.7234
6.587	 2.22	 1	 -40.8454	  170.5555
6.588	 2.37	 1	 -41.7783	  174.1306
6.589	 2.37	 1	 -38.5436	  170.6633
6.590	 2.55	 2	 -42.3616	  173.8755
6.591	 2.05	 1	 -41.6861	  174.2881
6.592	 3.22	 3	 -42.5420	  172.9992
6.592	 2.32	 1	 -41.7904	  174.3109
6.592	 2.24	 1	 -42.1010	  173.9195
6.592	 3.00	 2	 -41.8993	  174.1832
6.593	 2.20	 3	 -41.8416	  178.2790
6.595	 2.16	 2	 -42.3342	  173.9868
6.596	 2.08	 2	 -42.0332	  173.6215
6.599	 2.13	 2	 -42.5525	  172.9238
6.600	 2.93	 4	 -42.8152	  173.2933
6.601	 2.07	 3	 -42.8884	  173.3000
6.601	 2.19	 2	 -41.7644	  174.2396
6.602	 2.31	 1	 -42.7424	  173.0668
6.602	 2.71	 1	 -42.1900	  173.6386
6.605	 2.32	 1	 -42.5493	  172.6848
6.606	 2.58	 1	 -42.4326	  173.8313
6.606	 3.66	 1	 -42.3473	  172.9304
6.608	 3.10	 1	 -42.5554	  173.1545
6.608	 2.52	 1	 -41.8414	  174.2240
6.609	 2.72	 1	 -42.0101	  173.7903
6.611	 2.25	 2	 -42.1383	  177.9448
6.611	 2.09	 1	 -42.1028	  173.8811
6.613	 2.07	 1	 -42.4578	  173.3420
6.614	 2.43	 1	 -41.6792	  174.2163
6.614	 2.09	 2	 -41.6489	  174.3648
6.615	 3.24	 2	 -42.7487	  173.3795
6.618	 2.21	 1	 -41.7712	  174.2896
6.619	 2.16	 1	 -42.6523	  172.7945
6.619	 3.48	 5	 -41.9563	  173.7521
6.620	 2.50	 2	 -42.1197	  174.5724
6.620	 2.35	 3	 -42.5738	  173.1187
6.621	 2.44	 3	 -42.9720	  172.8971
6.622	 2.33	 1	 -42.4670	  173.1201
6.622	 2.34	 1	 -43.0114	  172.6165
6.623	 2.33	 1	 -41.8016	  174.1474
6.623	 2.15	 1	 -42.1531	  173.6256
6.624	 3.02	 2	 -42.0031	  173.6230
6.624	 2.32	 1	 -41.8118	  174.2191
6.625	 2.82	 2	 -42.2514	  174.4217
6.627	 2.21	 4	 -41.6445	  174.3675
6.628	 2.38	 1	 -41.7242	  174.0590
6.629	 2.65	 1	 -42.3640	  173.3362
6.629	 2.16	 2	 -44.2857	  174.0848
6.630	 2.82	 1	 -42.3326	  173.9031
6.630	 3.15	 2	 -42.8401	  173.3042
6.633	 2.31	 1	 -42.2211	  173.1081
6.633	 2.70	 4	 -41.9373	  178.3400
6.634	 2.33	 1	 -41.9150	  173.7740
6.636	 2.71	 2	 -42.6525	  173.5214
6.636	 2.32	 3	 -41.8674	  178.3589
6.637	 2.08	 5	 -42.6710	  172.6533
6.640	 2.12	 1	 -41.7283	  174.3812
6.641	 2.65	 1	 -42.4350	  173.5419
6.642	 2.93	 3	 -41.8526	  178.3530
6.643	 2.08	 1	 -38.1239	  172.0155
6.644	 2.81	 1	 -41.9969	  173.9029
6.645	 3.85	 2	 -41.8391	  178.1008
6.645	 2.00	 1	 -42.3146	  173.8279
6.645	 2.07	 4	 -42.0975	  178.1560
6.645	 2.28	 1	 -41.9980	  173.8839
6.646	 2.26	 2	 -41.7561	  178.2296
6.646	 2.15	 1	 -41.8459	  174.2209
6.646	 2.04	 1	 -42.2937	  173.6489
6.647	 2.76	 1	 -42.5472	  173.0309
6.648	 2.71	 1	 -41.7090	  174.1779
6.649	 2.17	 2	 -41.7711	  174.2794
6.650	 3.19	 3	 -37.7337	  172.5632
6.650	 2.65	 2	 -43.2390	  174.1746
6.651	 2.28	 2	 -42.7769	  173.3051
6.652	 2.57	 2	 -42.4897	  173.7776
6.653	 3.85	 5	 -41.8279	  173.7948
6.654	 2.02	 1	 -42.3425	  173.6897
6.654	 2.55	 3	 -42.6392	  172.6498
6.654	 2.51	 4	 -42.1048	  178.1968
6.657	 2.43	 2	 -46.1530	  169.2524
6.657	 2.08	 1	 -42.4092	  172.5164
6.658	 2.36	 1	 -42.1290	  173.8328
6.660	 2.03	 1	 -42.3043	  173.7415
6.662	 2.52	 2	 -42.4387	  173.6046
6.662	 3.91	 1	 -42.2475	  173.6699
6.663	 2.08	 2	 -41.9881	  173.9077
6.663	 2.03	 1	 -41.8496	  174.2370
6.664	 3.35	 2	 -41.8441	  174.1241
6.666	 2.36	 1	 -42.2512	  173.0921
6.667	 2.01	 2	 -42.5800	  173.7984
6.669	 2.21	 1	 -41.8997	  173.9931
6.672	 2.64	 1	 -42.5595	  174.0126
6.672	 3.31	 2	 -42.2717	  173.8190
6.673	 2.18	 2	 -42.2887	  173.7923
6.673	 2.36	 1	 -42.1334	  172.6580
6.674	 2.10	 2	 -42.5439	  172.9308
6.674	 2.23	 1	 -42.1699	  173.5981
6.675	 2.42	 2	 -42.6430	  172.9676
6.675	 2.05	 4	 -42.7973	  173.2092
6.676	 2.08	 1	 -41.6693	  174.2185
6.677	 2.38	 1	 -42.0366	  173.8033
6.677	 2.35	 3	 -44.1884	  172.3506
6.678	 3.09	 2	 -42.1016	  173.8560
6.678	 2.92	 3	 -41.9117	  178.2165
6.681	 2.18	 1	 -42.4007	  173.9395
6.681	 2.31	 1	 -42.0089	  173.8495
6.682	 2.29	 2	 -41.3623	  171.5950
6.683	 2.89	 5	 -42.6418	  172.4714
6.683	 2.05	 1	 -42.2726	  173.4625
6.685	 2.02	 1	 -42.1326	  173.7654
6.687	 2.56	 1	 -42.5554	  173.0022
6.687	 2.28	 4	 -42.6779	  173.0076
6.688	 2.11	 1	 -41.6837	  174.2007
6.688	 2.03	 2	 -42.3846	  174.0637
6.688	 2.41	 1	 -41.7121	  174.1950
6.690	 2.09	 3	 -43.0136	  173.0813
6.691	 2.48	 4	 -42.7598	  173.2836
6.691	 2.76	 1	 -42.2972	  173.6325
6.691	 2.71	 1	 -41.7186	  174.1487
6.692	 2.17	 1	 -42.5611	  173.0867
6.693	 2.30	 2	 -42.8490	  173.3460
6.693	 3.34	 1	 -41.6778	  174.1472
6.693	 2.15	 3	 -42.6100	  172.6037
6.694	 2.33	 2	 -42.8400	  173.2341
6.696	 2.05	 4	 -42.6598	  172.3884
6.697	 2.70	 1	 -42.5272	  173.0750
6.697	 4.52	 1	 -42.5227	  173.0887
6.697	 2.08	 6	 -41.8181	  173.8141
6.697	 2.25	 1	 -42.2736	  173.9950
6.697	 2.20	 1	 -44.3907	  173.9729
6.700	 2.56	 1	 -42.1760	  173.8041
6.700	 2.41	 1	 -42.3717	  174.0036
6.702	 2.24	 2	 -42.6084	  173.0509
6.705	 2.12	 1	 -41.6753	  174.2801
6.705	 3.44	 3	 -41.9849	  178.3412
6.707	 4.02	 2	 -41.9749	  174.3405
6.707	 2.28	 4	 -41.9204	  177.9063
6.709	 2.02	 1	 -42.1460	  173.5243
6.710	 2.66	 2	 -41.8077	  178.3011
6.712	 2.18	 2	 -42.5555	  173.0043
6.712	 2.02	 2	 -41.8113	  174.3489
6.713	 2.09	 2	 -41.9167	  178.3064
6.714	 2.26	 2	 -42.2645	  172.7738
6.715	 3.97	 3	 -42.5222	  173.2761
6.716	 2.03	 1	 -41.7116	  174.3475
6.717	 2.26	 1	 -41.7273	  174.4897
6.718	 2.23	 2	 -41.8906	  174.1302
6.719	 2.18	 4	 -42.5147	  173.2802
6.720	 2.36	 3	 -41.9359	  178.2132
6.720	 2.25	 1	 -42.2890	  173.6109
6.722	 2.18	 6	 -41.8272	  173.7885
6.723	 2.00	 3	 -42.0423	  178.3417
6.723	 2.56	 2	 -41.7242	  174.3007
6.723	 2.14	 1	 -42.0531	  173.7474
6.724	 2.02	 2	 -43.0967	  173.3615
6.724	 2.04	 1	 -41.9574	  173.9055
6.725	 2.03	 1	 -42.4554	  172.8734
6.725	 2.02	 1	 -42.4678	  174.0585
6.726	 2.03	 1	 -42.6642	  173.2232
6.726	 2.03	 1	 -41.6640	  174.2634
6.726	 2.67	 3	 -42.3645	  173.8398
6.726	 2.81	 2	 -42.2802	  173.9929
6.727	 2.36	 2	 -42.1861	  173.7030
6.727	 2.15	 1	 -41.7817	  173.9542
6.729	 2.89	 2	 -41.9255	  178.5843
6.730	 2.95	 1	 -41.6799	  174.3174
6.730	 2.21	 3	 -41.8626	  178.4272
6.731	 2.28	 1	 -42.2191	  173.2368
6.734	 3.98	 3	 -41.8141	  178.1846
6.735	 2.12	 2	 -42.2045	  173.6212
6.735	 2.46	 1	 -42.5758	  172.6375
6.736	 3.22	 6	 -42.6214	  172.6021
6.736	 2.66	 1	 -42.6535	  172.8538
6.737	 2.01	 1	 -42.5269	  173.2349
6.737	 2.65	 1	 -42.0621	  173.6083
6.738	 2.09	 3	 -42.1315	  173.7009
6.738	 2.88	 1	 -43.8757	  177.0798
6.738	 2.78	 1	 -42.8171	  173.1630
6.739	 2.12	 2	 -41.6824	  174.2796
6.740	 2.32	 3	 -41.9764	  174.3227
6.740	 2.00	 1	 -42.4493	  173.1119
6.741	 2.19	 2	 -42.7846	  173.1615
6.741	 2.07	 1	 -42.3327	  173.0070
6.741	 2.10	 2	 -42.1764	  174.4401
6.741	 2.23	 1	 -42.3987	  173.9701
6.741	 3.81	 1	 -41.7999	  174.2613
6.742	 2.04	 1	 -41.6780	  174.2552
6.742	 3.30	 2	 -42.5398	  173.1030
6.743	 2.01	 3	 -42.1090	  173.6898
6.743	 2.27	 2	 -42.5178	  173.1535
6.744	 2.45	 3	 -42.1290	  174.2544
6.744	 2.67	 2	 -42.8262	  173.1237
6.745	 2.02	 1	 -42.3927	  174.0460
6.745	 2.12	 2	 -41.6524	  171.9940
6.747	 2.03	 2	 -42.2431	  173.1246
6.747	 2.40	 1	 -41.7931	  174.2711
6.747	 2.20	 2	 -42.8537	  173.1143
6.747	 2.90	 1	 -42.5256	  173.1484
6.749	 2.85	 4	 -42.0696	  178.1005
6.750	 3.26	 5	 -42.9774	  173.0438
6.750	 2.06	 1	 -41.8276	  174.2459
6.751	 2.12	 1	 -42.4532	  173.7509
6.751	 2.22	 1	 -42.1254	  173.6681
6.752	 2.36	 1	 -42.6456	  172.7151
6.752	 2.36	 2	 -42.5809	  173.0207
6.752	 2.89	 2	 -42.5039	  172.6420
6.753	 2.39	 1	 -42.0451	  173.6657
6.755	 2.33	 2	 -42.3269	  173.8976
6.755	 2.28	 3	 -42.4502	  173.4295
6.755	 2.55	 2	 -41.7436	  174.2486
6.756	 2.29	 1	 -42.5973	  177.3525
6.756	 2.44	 1	 -42.5567	  173.9823
6.758	 2.26	 1	 -41.8091	  174.0338
6.758	 2.00	 2	 -42.5824	  172.9429
6.758	 2.14	 1	 -41.6504	  174.3315
6.759	 2.06	 2	 -41.7355	  174.2976
6.760	 2.91	 2	 -42.7910	  173.2609
6.760	 2.07	 3	 -41.9419	  178.3510
6.761	 2.09	 1	 -41.4394	  174.2813
6.762	 2.47	 3	 -41.7051	  178.5275
6.763	 2.75	 1	 -41.8029	  174.1643
6.764	 2.74	 1	 -41.7630	  174.4630
6.764	 2.07	 1	 -41.7928	  173.9421
6.765	 2.54	 1	 -42.1756	  173.7858
6.766	 2.61	 1	 -41.7656	  174.3098
6.766	 2.10	 1	 -42.5837	  172.9814
6.768	 2.00	 1	 -42.6298	  172.8730
6.769	 2.83	 1	 -41.7185	  174.2102
6.769	 2.15	 1	 -41.5834	  174.2160
6.770	 3.07	 1	 -42.3558	  174.0064
6.770	 2.95	 3	 -42.5866	  172.8497
6.770	 3.15	 1	 -41.7668	  174.2034
6.772	 2.73	 1	 -42.9084	  172.9880
6.772	 2.14	 2	 -42.1209	  170.9815
6.772	 2.32	 3	 -41.5538	  178.1832
6.774	 2.08	 3	 -41.9358	  178.4138
6.774	 2.32	 2	 -42.8094	  173.3485
6.777	 2.32	 1	 -42.4452	  173.6884
6.778	 2.13	 3	 -42.6108	  173.1695
6.778	 2.93	 1	 -42.3947	  173.2149
6.778	 3.08	 1	 -41.8554	  174.1889
6.778	 2.34	 1	 -41.8883	  172.5888
6.780	 2.07	 5	 -41.4872	  178.8082
6.780	 2.08	 2	 -42.0059	  171.0319
6.780	 2.21	 2	 -42.4084	  172.9977
6.781	 2.74	 3	 -41.8926	  178.3272
6.781	 2.16	 2	 -42.3289	  173.7362
6.781	 2.32	 2	 -42.5012	  173.1563
6.781	 2.09	 2	 -42.8467	  173.4470
6.782	 2.13	 6	 -42.1234	  178.1134
6.782	 2.43	 2	 -42.5548	  173.0682
6.782	 2.14	 3	 -42.2797	  173.7753
6.785	 2.45	 2	 -42.7337	  173.3590
6.787	 3.57	 2	 -42.8152	  173.2411
6.788	 2.35	 2	 -42.6050	  173.0855
6.788	 3.18	 1	 -42.5599	  173.0779
6.789	 2.13	 1	 -42.5632	  173.4622
6.790	 2.12	 1	 -42.3266	  173.4946
6.790	 2.42	 3	 -42.5452	  172.6027
6.790	 3.16	 1	 -42.2602	  173.7375
6.791	 2.10	 2	 -42.5363	  173.2834
6.791	 2.74	 3	 -42.5407	  173.1719
6.794	 2.34	 1	 -42.3243	  173.7095
6.795	 2.51	 1	 -41.9625	  173.7072
6.795	 2.27	 2	 -42.8841	  173.2154
6.796	 3.15	 2	 -41.8070	  174.0986
6.797	 2.23	 1	 -42.4886	  172.4625
6.797	 2.54	 1	 -42.6525	  173.6980
6.798	 2.39	 2	 -42.6076	  172.9047
6.799	 2.43	 2	 -42.5830	  173.3304
6.800	 2.17	 2	 -42.0106	  178.3674
6.800	 2.29	 1	 -42.2553	  173.6879
6.800	 3.03	 2	 -42.3533	  173.8112
6.800	 2.08	 2	 -42.6007	  173.1724
6.801	 2.14	 1	 -41.7075	  174.2432
6.801	 2.49	 2	 -42.3823	  173.8521
6.802	 2.74	 2	 -41.8855	  178.3511
6.803	 2.72	 1	 -42.4563	  173.7956
6.804	 4.01	 2	 -42.7914	  173.2055
6.804	 2.07	 1	 -42.3017	  172.9762
6.805	 2.50	 6	 -41.9384	  173.7406
6.806	 4.10	 3	 -42.6267	  172.5427
6.807	 2.42	 3	 -42.8750	  173.2276
6.807	 2.04	 1	 -41.7770	  174.3057
6.809	 2.05	 1	 -42.3970	  173.3061
6.809	 2.47	 1	 -43.2413	  173.9980
6.810	 2.05	 1	 -42.8284	  173.3628
6.810	 3.81	 4	 -42.5220	  173.2971
6.811	 2.01	 2	 -42.5231	  173.0888
6.812	 2.86	 1	 -42.2818	  173.4650
6.813	 2.68	 2	 -41.8148	  174.2298
6.814	 2.12	 1	 -43.3836	  174.9271
6.816	 2.35	 2	 -42.8400	  173.3016
6.816	 2.99	 1	 -42.4935	  173.6159
6.819	 2.11	 3	 -41.5240	  174.4103
6.819	 2.28	 1	 -41.7304	  174.2175
6.820	 2.29	 2	 -42.5023	  173.7082
6.820	 2.23	 3	 -41.8027	  174.0981
6.820	 2.17	 3	 -42.6208	  172.6190
6.820	 2.20	 3	 -42.6105	  172.9922
6.821	 2.24	 2	 -43.0978	  173.4216
6.821	 2.07	 4	 -42.6177	  172.5295
6.822	 2.01	 4	 -42.7929	  173.0752
6.823	 3.43	 1	 -42.0097	  173.5833
6.823	 2.05	 1	 -42.4769	  173.7565
6.824	 2.03	 1	 -42.5492	  173.3939
6.825	 2.47	 2	 -41.9965	  173.9236
6.825	 2.11	 4	 -42.5569	  172.7821
6.826	 3.20	 1	 -41.7503	  174.2825
6.827	 2.01	 1	 -46.7795	  173.3996
6.828	 2.29	 1	 -42.3797	  172.9467
6.829	 2.30	 2	 -41.9872	  173.8823
6.829	 4.56	 2	 -42.3272	  173.8625
6.829	 2.31	 1	 -41.7835	  174.2938
6.829	 2.30	 2	 -41.6872	  174.2022
6.830	 3.16	 2	 -42.6636	  173.3628
6.832	 2.44	 1	 -42.2349	  172.9553
6.832	 2.44	 1	 -42.4294	  173.7765
6.832	 2.06	 1	 -42.0356	  173.7215
6.833	 2.48	 2	 -42.3548	  173.0242
6.834	 2.07	 3	 -42.3109	  173.7291
6.835	 2.84	 2	 -41.9046	  178.3521
6.835	 3.29	 1	 -42.1615	  173.6490
6.835	 2.48	 1	 -41.7920	  174.0900
6.837	 2.62	 1	 -42.4849	  173.6633
6.838	 2.49	 2	 -42.8089	  173.2133
6.839	 2.32	 2	 -41.9710	  174.0233
6.840	 2.59	 1	 -42.3568	  173.1873
6.840	 2.83	 2	 -42.2988	  174.5082
6.842	 2.37	 1	 -42.6647	  172.9752
6.843	 2.00	 1	 -41.8202	  174.3148
6.845	 2.10	 1	 -42.5933	  173.0218
6.846	 2.14	 3	 -41.9458	  178.4084
6.846	 2.33	 3	 -41.8913	  178.3134
6.849	 2.66	 1	 -42.7040	  172.7793
6.850	 3.05	 3	 -42.1092	  173.9517
6.850	 2.57	 1	 -42.4411	  173.1778
6.852	 2.02	 3	 -41.9797	  174.3533
6.852	 3.21	 1	 -41.7093	  174.2970
6.855	 2.05	 2	 -41.4832	  178.7653
6.857	 2.78	 3	 -42.5358	  173.0208
6.858	 2.17	 1	 -41.6785	  174.3150
6.858	 2.08	 1	 -41.8774	  173.6567
6.859	 2.18	 1	 -42.3971	  173.8636
6.861	 2.04	 1	 -42.1604	  173.5528
6.861	 3.87	 2	 -42.0646	  173.8040
6.863	 2.13	 2	 -41.7399	  174.2362
6.865	 2.69	 2	 -41.3523	  174.6081
6.866	 2.80	 1	 -43.3458	  173.2269
6.867	 2.15	 1	 -43.9709	  168.9356
6.867	 2.14	 1	 -42.1192	  172.1149
6.867	 2.79	 1	 -41.9127	  172.3211
6.868	 2.54	 1	 -41.6897	  174.4493
6.868	 2.44	 1	 -41.8187	  174.2439
6.869	 2.40	 2	 -42.9163	  173.2577
6.870	 2.16	 1	 -41.9374	  174.0318
6.870	 2.45	 1	 -41.9909	  173.7397
6.873	 3.24	 1	 -42.1292	  173.6800
6.873	 2.09	 1	 -42.2750	  173.8791
6.874	 2.10	 3	 -42.2774	  173.9975
6.876	 2.66	 1	 -41.7788	  174.2084
6.878	 2.81	 2	 -41.8951	  178.4588
6.878	 2.14	 2	 -42.5253	  173.0763
6.879	 2.04	 2	 -42.7717	  173.1091
6.880	 2.06	 1	 -41.7306	  174.4699
6.881	 2.19	 1	 -42.4697	  173.1129
6.881	 2.35	 1	 -42.4003	  173.3618
6.882	 2.60	 2	 -41.8533	  178.3701
6.883	 2.56	 1	 -42.0640	  174.2895
6.885	 2.14	 2	 -41.7755	  174.4156
6.886	 2.07	 1	 -41.8804	  173.9570
6.887	 2.49	 1	 -42.6465	  173.1397
6.887	 2.81	 4	 -42.4789	  173.1613
6.888	 2.11	 1	 -42.5149	  173.1281
6.889	 2.12	 2	 -42.7239	  173.1859
6.890	 2.13	 4	 -41.7383	  178.3706
6.892	 2.61	 1	 -42.6394	  173.2063
6.892	 2.93	 2	 -42.3280	  172.1609
6.894	 2.93	 1	 -42.3038	  173.4290
6.896	 2.40	 1	 -41.6839	  174.1907
6.897	 2.25	 4	 -41.7962	  178.2140
6.898	 3.51	 3	 -42.2686	  173.8403
6.898	 2.01	 1	 -42.5950	  173.0295
6.898	 2.37	 2	 -42.5085	  172.6299
6.898	 2.23	 1	 -42.5807	  173.2612
6.898	 2.15	 4	 -42.7614	  173.0704
6.900	 2.19	 3	 -42.6874	  173.2271
6.901	 2.10	 3	 -42.1397	  178.4559
6.902	 2.05	 3	 -42.9269	  173.2100
6.902	 2.28	 1	 -42.4670	  172.9243
6.903	 2.17	 3	 -41.8932	  180.0236
6.906	 2.46	 1	 -42.3728	  173.6270
6.906	 3.66	 1	 -42.7058	  173.1860
6.907	 2.31	 1	 -42.3753	  173.1441
6.908	 2.49	 1	 -41.6879	  174.4526
6.908	 2.91	 1	 -42.1160	  173.8623
6.914	 2.42	 3	 -42.8388	  173.3086
6.915	 2.23	 1	 -42.1107	  173.8468
6.915	 2.18	 1	 -42.1923	  173.7294
6.916	 2.14	 1	 -42.4806	  173.2654
6.917	 2.29	 1	 -42.2737	  173.5465
6.918	 2.12	 3	 -41.9658	  178.2082
6.918	 2.40	 2	 -42.1770	  174.3795
6.918	 2.09	 2	 -41.8727	  178.2091
6.919	 2.46	 1	 -42.1971	  173.5812
6.919	 2.49	 2	 -42.6907	  173.1801
6.921	 3.06	 1	 -42.8216	  172.5522
6.921	 2.25	 2	 -42.4890	  173.0823
6.922	 2.35	 1	 -42.3792	  174.0180
6.922	 2.74	 2	 -41.7146	  174.1607
6.925	 2.15	 1	 -42.2918	  173.6050
6.927	 2.28	 3	 -41.9709	  178.3632
6.927	 2.08	 1	 -42.5824	  173.3121
6.929	 2.69	 4	 -42.0230	  178.3200
6.931	 2.30	 3	 -41.9729	  178.5208
6.931	 3.09	 2	 -42.1718	  173.7646
6.931	 2.47	 4	 -42.6309	  172.5509
6.932	 2.58	 2	 -41.9685	  171.0126
6.934	 2.96	 2	 -42.3263	  173.7501
6.939	 2.24	 1	 -40.5896	  174.3945
6.941	 2.05	 2	 -42.7011	  173.3117
6.942	 3.66	 2	 -42.3319	  173.0330
6.942	 2.27	 4	 -41.9822	  174.3266
6.943	 2.43	 1	 -42.1646	  173.6133
6.944	 2.10	 4	 -42.6598	  172.8099
6.945	 2.12	 1	 -41.5740	  173.9592
6.946	 2.67	 2	 -41.7518	  174.3363
6.946	 2.13	 1	 -42.4369	  173.6195
6.948	 2.01	 1	 -42.0163	  173.6567
6.948	 3.28	 3	 -42.2351	  174.4558
6.948	 2.08	 1	 -41.7408	  174.2824
6.948	 3.23	 2	 -41.8877	  173.9397
6.950	 2.63	 2	 -42.3035	  173.9290
6.951	 3.20	 1	 -42.2665	  173.6890
6.951	 2.09	 1	 -42.3769	  172.8376
6.953	 2.19	 2	 -42.5892	  172.9215
6.954	 2.46	 2	 -42.8957	  173.4856
6.955	 2.26	 2	 -42.7583	  173.1461
6.955	 2.47	 1	 -42.7632	  173.0163
6.956	 2.37	 1	 -41.8556	  174.1501
6.958	 2.98	 1	 -42.2524	  173.5751
6.960	 2.13	 5	 -42.4572	  172.2502
6.962	 2.10	 1	 -41.7142	  174.3022
6.962	 2.12	 2	 -42.2630	  174.0366
6.962	 2.42	 1	 -42.3841	  173.7863
6.964	 2.25	 1	 -41.7067	  174.2978
6.965	 3.01	 1	 -41.7379	  174.1809
6.966	 2.37	 2	 -42.6165	  172.9395
6.966	 2.09	 2	 -42.6550	  173.2647
6.966	 2.40	 2	 -42.4896	  173.0667
6.967	 2.03	 2	 -41.9305	  178.3971
6.969	 2.56	 1	 -42.0584	  173.7221
6.969	 2.02	 1	 -41.8543	  174.1673
6.972	 2.58	 1	 -41.6640	  174.3448
6.973	 2.62	 1	 -41.6389	  174.2227
6.973	 2.07	 2	 -43.9851	  171.8186
6.973	 2.04	 3	 -41.8616	  178.2915
6.974	 2.24	 1	 -41.8452	  173.8323
6.976	 2.13	 1	 -42.0963	  173.4435
6.977	 2.31	 1	 -42.4406	  173.1282
6.978	 2.60	 2	 -41.7667	  174.0060
6.978	 2.18	 2	 -43.5548	  172.6066
6.979	 2.78	 1	 -41.7523	  174.2712
6.979	 2.36	 2	 -41.9560	  178.5024
6.979	 2.04	 2	 -42.2976	  177.3568
6.980	 2.02	 1	 -42.5385	  173.3354
6.980	 2.40	 4	 -42.6056	  172.7782
6.983	 2.85	 3	 -42.5399	  173.1022
6.985	 2.63	 1	 -44.9536	  176.4749
6.986	 2.06	 2	 -41.7038	  174.3232
6.986	 2.20	 2	 -42.1730	  173.5230
6.987	 2.30	 1	 -41.9969	  173.7054
6.988	 2.29	 1	 -42.2629	  173.7637
6.988	 2.01	 2	 -42.1672	  174.1433
6.989	 3.37	 1	 -42.3279	  174.0575
6.990	 2.15	 1	 -41.7724	  174.3017
6.990	 2.06	 1	 -41.5992	  173.0879
6.993	 2.81	 1	 -42.5809	  172.9382
6.994	 2.05	 3	 -41.8503	  174.1788
6.995	 2.08	 2	 -41.8568	  178.5302
6.995	 2.40	 1	 -42.2447	  173.5696
6.996	 2.56	 1	 -42.3470	  173.8484
6.998	 2.72	 2	 -42.2083	  174.3224
6.998	 2.02	 2	 -41.8273	  173.9492
6.999	 2.37	 2	 -42.5426	  173.0347
7.001	 2.19	 2	 -42.6715	  173.2997
7.001	 2.01	 2	 -42.8391	  172.9160
7.002	 2.06	 1	 -41.9262	  174.0585
7.002	 2.31	 2	 -42.1168	  173.8730
7.002	 2.23	 1	 -42.8005	  173.1203
7.002	 2.27	 2	 -42.4702	  173.9585
7.003	 2.76	 2	 -42.0180	  173.7646
7.003	 2.08	 1	 -42.2533	  173.9082
7.006	 2.92	 2	 -43.6228	  179.4457
7.009	 3.70	 1	 -42.3484	  173.0502
7.010	 2.47	 2	 -41.9185	  178.4291
7.011	 4.61	 1	 -41.6247	  174.3475
7.012	 3.20	 1	 -42.2728	  173.9334
7.012	 2.85	 2	 -41.6293	  174.3444
7.017	 2.67	 1	 -42.2475	  173.8224
7.017	 2.85	 2	 -42.6487	  172.9296
7.018	 2.22	 1	 -42.2526	  173.7431
7.020	 2.30	 2	 -42.2572	  172.3746
7.021	 2.16	 1	 -41.7230	  174.2258
7.023	 2.72	 3	 -42.4934	  172.9843
7.025	 2.43	 3	 -42.9627	  172.8907
7.025	 2.21	 1	 -42.7066	  172.9073
7.026	 2.45	 4	 -42.0024	  178.3719
7.027	 2.44	 3	 -42.3041	  173.9199
7.030	 2.08	 2	 -42.3383	  173.1002
7.031	 2.13	 1	 -41.8351	  174.1023
7.031	 2.27	 1	 -42.0609	  173.8644
7.032	 2.40	 2	 -42.8092	  173.3344
7.033	 2.39	 3	 -41.8855	  178.4362
7.034	 2.05	 1	 -42.4875	  173.1844
7.035	 2.53	 3	 -42.1665	  173.7965
7.036	 2.24	 2	 -41.8582	  178.3158
7.036	 2.49	 2	 -42.7842	  173.2759
7.037	 2.11	 2	 -42.7220	  173.2081
7.038	 3.23	 1	 -42.1339	  173.7247
7.039	 2.22	 2	 -42.5316	  173.4642
7.039	 2.27	 2	 -41.8679	  174.1114
7.040	 2.67	 1	 -41.7780	  174.3002
7.041	 2.65	 1	 -42.3900	  173.0343
7.042	 2.35	 1	 -41.4706	  172.6810
7.042	 2.24	 2	 -42.5953	  173.0154
7.042	 2.24	 2	 -41.7532	  174.3961
7.042	 2.04	 1	 -41.0745	  172.2634
7.043	 2.60	 2	 -41.6808	  178.0442
7.044	 2.78	 2	 -42.2769	  173.6763
7.045	 2.93	 2	 -42.5422	  173.4656
7.045	 2.21	 3	 -41.8933	  178.6414
7.045	 2.29	 2	 -42.4009	  173.8619
7.048	 2.42	 1	 -42.9986	  173.1908
7.050	 2.28	 1	 -42.5408	  173.8327
7.053	 2.29	 1	 -41.7874	  174.3220
7.057	 2.39	 3	 -41.6268	  174.3586
7.059	 2.34	 1	 -42.5444	  172.9715
7.059	 3.06	 2	 -41.9909	  173.7856
7.061	 2.52	 2	 -41.7081	  174.2274
7.062	 2.21	 1	 -41.7187	  174.3166
7.062	 2.13	 2	 -42.3494	  173.0524
7.063	 2.41	 1	 -42.3371	  174.0459
7.063	 2.21	 2	 -41.6487	  174.3135
7.064	 2.12	 1	 -41.7884	  174.1698
7.065	 2.96	 2	 -42.5054	  173.0565
7.068	 2.10	 3	 -42.4571	  173.1053
7.072	 2.70	 1	 -41.6959	  172.9549
7.073	 2.25	 4	 -42.7901	  173.2774
7.077	 2.10	 3	 -42.5077	  173.0548
7.078	 2.17	 1	 -41.8069	  174.2270
7.078	 2.12	 2	 -41.6221	  174.3458
7.081	 2.14	 1	 -41.7570	  174.2893
7.082	 2.04	 1	 -42.3278	  173.6090
7.083	 2.40	 3	 -43.6866	  173.9044
7.083	 2.06	 2	 -42.4143	  172.9770
7.083	 2.34	 2	 -42.8665	  173.2118
7.084	 2.56	 2	 -42.8414	  173.2565
7.084	 2.25	 1	 -42.2932	  174.0917
7.085	 2.19	 1	 -42.5642	  173.0604
7.086	 2.64	 1	 -42.5865	  173.8586
7.087	 2.12	 1	 -42.3524	  174.0178
7.087	 2.47	 1	 -41.8369	  174.0407
7.087	 2.23	 2	 -42.5226	  173.3196
7.088	 2.47	 2	 -42.3418	  173.8429
7.088	 2.27	 1	 -42.7824	  173.5948
7.089	 2.37	 1	 -42.2730	  173.6724
7.090	 2.26	 1	 -41.7791	  174.2543
7.092	 2.00	 1	 -41.7270	  174.3418
7.092	 2.71	 6	 -42.7150	  172.5506
7.093	 2.30	 1	 -42.2448	  173.6840
7.095	 3.04	 1	 -42.3100	  173.7072
7.098	 2.04	 1	 -42.6184	  172.9470
7.099	 2.52	 1	 -41.9876	  173.6335
7.099	 3.83	 1	 -42.2240	  173.7427
7.100	 2.18	 1	 -43.3364	  172.7955
7.101	 2.55	 3	 -42.9538	  173.3739
7.101	 2.77	 2	 -42.5041	  172.8806
7.101	 2.46	 3	 -42.2865	  175.0596
7.102	 2.52	 1	 -42.3096	  173.6693
7.103	 2.08	 1	 -42.2726	  173.5800
7.104	 2.33	 1	 -41.9036	  174.4361
7.109	 3.15	 1	 -41.7081	  174.4073
7.111	 2.07	 1	 -42.5995	  172.9014
7.112	 3.31	 1	 -42.5824	  173.0235
7.113	 2.62	 1	 -42.1592	  173.6212
7.113	 2.58	 2	 -42.0783	  178.4871
7.114	 2.29	 1	 -42.4928	  173.1148
7.115	 2.17	 1	 -42.5511	  173.5794
7.116	 2.10	 2	 -41.7302	  174.3277
7.116	 2.06	 1	 -42.4106	  173.0575
7.117	 2.25	 1	 -42.2043	  172.5478
7.117	 2.50	 5	 -42.6451	  172.6166
7.117	 2.52	 1	 -41.9846	  173.7041
7.118	 2.14	 1	 -42.4369	  173.4060
7.118	 2.08	 1	 -41.9972	  173.8459
7.119	 2.08	 2	 -41.6711	  174.1751
7.119	 2.31	 1	 -42.2997	  173.6846
7.120	 2.18	 2	 -41.6103	  174.3510
7.121	 2.03	 2	 -44.4833	  173.1075
7.123	 2.53	 3	 -41.8823	  178.2806
7.123	 2.05	 1	 -42.2259	  173.5543
7.123	 2.60	 1	 -42.5245	  173.3228
7.124	 2.64	 3	 -41.9616	  175.9605
7.124	 2.56	 1	 -42.3600	  174.0052
7.126	 2.53	 1	 -42.0389	  173.7406
7.128	 2.94	 2	 -42.5311	  173.0517
7.131	 2.30	 3	 -42.8034	  173.2266
7.131	 2.25	 1	 -41.6913	  174.2178
7.133	 2.58	 2	 -42.3885	  173.6120
7.136	 2.55	 1	 -41.7780	  174.2008
7.136	 2.16	 2	 -42.6940	  172.7267
7.140	 2.50	 2	 -42.1886	  174.3975
7.140	 2.17	 2	 -42.0173	  178.1732
7.141	 2.18	 1	 -41.6816	  174.3057
7.141	 2.04	 1	 -42.0646	  173.6563
7.142	 2.81	 1	 -42.3261	  173.8624
7.143	 2.78	 1	 -41.8113	  174.4427
7.143	 2.02	 1	 -42.5053	  173.3164
7.144	 2.48	 2	 -42.8632	  172.8792
7.144	 2.06	 1	 -42.3953	  173.1861
7.145	 2.26	 1	 -42.0154	  173.7580
7.145	 2.18	 1	 -42.3895	  173.7641
7.146	 2.62	 2	 -42.6984	  173.1628
7.147	 3.18	 2	 -42.4592	  172.9691
7.147	 2.60	 2	 -41.7673	  174.3109
7.148	 2.06	 2	 -42.6253	  173.7443
7.148	 2.23	 3	 -41.8675	  178.3685
7.149	 2.86	 1	 -42.1219	  172.9205
7.149	 2.52	 2	 -42.1311	  173.7190
7.150	 2.80	 1	 -42.9087	  172.9697
7.152	 2.20	 1	 -42.2719	  173.4953
7.152	 2.73	 3	 -41.9927	  174.3679
7.154	 2.21	 3	 -42.7384	  173.3474
7.155	 2.30	 1	 -42.3522	  173.0902
7.156	 2.18	 1	 -42.2477	  173.6383
7.156	 2.18	 1	 -41.6782	  174.2857
7.157	 2.18	 1	 -41.5221	  174.1786
7.157	 2.21	 1	 -42.2595	  173.6970
7.158	 2.01	 1	 -41.9552	  174.2529
7.159	 2.01	 1	 -42.3343	  173.7340
7.159	 3.45	 1	 -42.2571	  173.8897
7.160	 2.20	 1	 -41.7338	  174.2224
7.160	 2.27	 3	 -42.3296	  173.0326
7.161	 2.26	 1	 -40.7678	  175.4010
7.161	 2.05	 1	 -41.8236	  173.9509
7.164	 2.21	 1	 -42.5550	  173.1585
7.164	 2.82	 1	 -42.6401	  172.8967
7.165	 2.44	 7	 -42.6217	  172.5998
7.165	 2.32	 1	 -42.3853	  174.0125
7.165	 2.23	 2	 -42.6897	  172.8098
7.167	 3.05	 1	 -42.2694	  173.6132
7.167	 2.06	 1	 -41.8799	  174.1441
7.168	 2.13	 1	 -41.5115	  174.3286
7.170	 2.16	 1	 -42.7656	  172.8311
7.170	 2.44	 2	 -42.5248	  173.8285
7.170	 2.37	 1	 -42.3800	  173.7932
7.171	 2.39	 1	 -42.5417	  173.6076
7.171	 2.12	 3	 -42.2214	  173.6857
7.171	 2.17	 2	 -42.9586	  173.4278
7.171	 2.31	 1	 -42.3104	  173.5531
7.171	 2.17	 3	 -42.6140	  172.8147
7.172	 2.33	 1	 -42.3761	  173.5759
7.173	 2.64	 1	 -42.0357	  173.6801
7.173	 2.16	 1	 -41.7865	  174.2497
7.174	 2.59	 1	 -42.3421	  174.0119
7.175	 2.31	 1	 -42.3940	  172.9651
7.176	 2.41	 1	 -42.7148	  172.9018
7.179	 2.21	 1	 -42.0056	  173.6248
7.179	 2.15	 2	 -42.8615	  173.3972
7.180	 2.01	 1	 -42.5673	  173.0065
7.181	 2.46	 2	 -41.7043	  174.2825
7.182	 2.57	 1	 -42.4252	  173.6547
7.183	 2.07	 2	 -46.5228	  175.2996
7.184	 2.32	 1	 -43.1122	  174.2708
7.185	 2.52	 1	 -42.3219	  173.8478
7.186	 2.45	 2	 -41.9733	  173.9929
7.187	 2.35	 2	 -41.5537	  171.4744
7.189	 2.20	 1	 -42.5618	  174.0790
7.190	 2.13	 5	 -42.5915	  172.5920
7.190	 2.93	 1	 -42.3996	  173.1467
7.190	 2.63	 3	 -42.4740	  173.0757
7.190	 2.17	 1	 -41.7821	  174.3653
7.192	 2.15	 2	 -41.7683	  174.1770
7.192	 2.75	 1	 -42.1246	  173.8419
7.194	 2.98	 2	 -42.2901	  173.4210
7.194	 2.20	 3	 -41.6344	  177.9148
7.197	 2.44	 1	 -42.1276	  172.8431
7.197	 2.84	 2	 -41.8793	  174.1956
7.198	 2.27	 1	 -42.3375	  172.0530
7.198	 2.33	 1	 -42.2747	  173.9960
7.199	 2.10	 1	 -42.4326	  173.4585
7.200	 3.21	 3	 -42.3442	  173.7730
7.200	 2.86	 1	 -42.5257	  173.1493
7.202	 2.24	 1	 -41.9305	  174.0524
7.202	 2.47	 3	 -44.8048	  169.3450
7.203	 2.38	 1	 -41.6703	  174.2780
7.205	 2.67	 2	 -42.6240	  172.9605
7.205	 2.37	 3	 -41.9538	  178.3428
7.207	 2.99	 2	 -42.2678	  173.5626
7.207	 2.66	 2	 -42.4791	  176.1027
7.209	 2.24	 2	 -41.4175	  174.7480
7.210	 2.23	 1	 -42.6862	  172.7509
7.210	 2.27	 2	 -42.7074	  173.5011
7.212	 2.66	 1	 -42.8699	  172.6250
7.212	 3.51	 1	 -42.3515	  173.5778
7.212	 2.85	 1	 -42.1642	  173.4815
7.215	 2.40	 1	 -42.3455	  173.6355
7.217	 2.16	 1	 -42.1045	  173.8008
7.217	 2.02	 1	 -42.0402	  174.1680
7.219	 2.28	 2	 -42.4468	  174.0292
7.219	 2.81	 1	 -42.4279	  172.4019
7.219	 2.65	 1	 -42.0465	  172.6529
7.220	 2.57	 1	 -42.0283	  173.7916
7.221	 2.14	 1	 -42.5862	  173.0481
7.224	 2.11	 1	 -42.7384	  170.9159
7.224	 2.66	 2	 -42.1014	  174.6773
7.225	 3.00	 2	 -42.5995	  173.0031
7.226	 2.00	 1	 -41.9353	  174.3913
7.226	 2.03	 2	 -42.5239	  173.2449
7.227	 2.14	 4	 -42.7725	  173.3259
7.227	 2.94	 1	 -41.6994	  174.2092
7.228	 2.38	 2	 -41.8363	  173.3154
7.229	 2.02	 1	 -42.4720	  173.1978
7.231	 2.10	 2	 -42.5789	  172.6383
7.231	 2.11	 1	 -42.6696	  172.9731
7.233	 2.35	 2	 -42.1265	  174.3737
7.234	 3.66	 1	 -42.8394	  172.3350
7.234	 2.89	 2	 -42.8440	  173.2559
7.238	 2.07	 3	 -42.3427	  173.0207
7.240	 2.02	 1	 -42.4350	  173.3106
7.240	 2.96	 1	 -41.6842	  174.2811
7.241	 2.03	 2	 -42.2812	  173.6053
7.243	 2.28	 2	 -42.5924	  172.8674
7.243	 2.47	 1	 -41.6928	  174.2110
7.244	 2.88	 1	 -38.3075	  171.3151
7.246	 2.73	 2	 -42.4100	  172.9510
7.246	 2.43	 3	 -42.5648	  173.0010
7.246	 2.02	 2	 -42.9018	  173.2018
7.247	 2.17	 2	 -42.8994	  173.1862
7.247	 3.52	 1	 -42.2268	  173.8522
7.249	 2.13	 1	 -42.2361	  173.8016
7.249	 2.23	 3	 -42.0418	  178.2726
7.251	 2.04	 1	 -42.7411	  173.2258
7.251	 2.49	 3	 -42.3216	  173.8568
7.253	 2.07	 1	 -41.7693	  174.3019
7.256	 2.17	 1	 -41.9671	  173.6058
7.260	 3.31	 2	 -42.1228	  172.9202
7.261	 2.92	 3	 -42.2509	  173.4687
7.263	 2.18	 2	 -42.8244	  173.2780
7.268	 2.39	 2	 -41.6627	  174.3020
7.268	 2.21	 1	 -42.3847	  174.0896
7.270	 2.01	 2	 -42.4820	  174.0905
7.270	 2.65	 2	 -42.4952	  173.0636
7.271	 2.13	 1	 -41.7963	  173.8822
7.271	 2.20	 2	 -42.4941	  172.9564
7.271	 2.05	 1	 -42.5950	  173.0377
7.271	 2.39	 1	 -41.8167	  174.2287
7.272	 2.17	 2	 -41.6659	  174.1741
7.274	 2.39	 1	 -42.6811	  172.9015
7.277	 2.18	 4	 -42.1067	  173.9553
7.279	 2.25	 4	 -42.6548	  173.2306
7.280	 2.02	 4	 -41.9924	  174.3693
7.280	 2.96	 2	 -41.8780	  178.2247
7.280	 2.14	 1	 -41.7542	  174.2281
7.281	 2.06	 2	 -42.3469	  173.0652
7.282	 3.42	 2	 -42.1004	  173.8129
7.282	 2.13	 1	 -42.1496	  173.6239
7.283	 2.15	 1	 -42.3207	  173.7718
7.284	 2.42	 1	 -42.2399	  173.6442
7.284	 2.10	 1	 -40.5829	  170.2737
7.284	 2.37	 2	 -42.6471	  172.7925
7.284	 2.49	 1	 -42.6659	  173.1875
7.285	 2.56	 5	 -42.6045	  172.4930
7.285	 2.19	 1	 -42.4101	  173.3442
7.286	 2.09	 1	 -41.8247	  174.2060
7.287	 2.05	 2	 -42.9341	  173.4379
7.287	 2.93	 1	 -41.9502	  174.1393
7.287	 2.78	 4	 -42.7595	  173.2804
7.287	 2.01	 1	 -42.2954	  173.9430
7.288	 2.47	 2	 -41.7464	  174.1874
7.289	 2.39	 1	 -42.1187	  173.5370
7.289	 3.72	 1	 -42.5707	  172.8369
7.292	 2.26	 5	 -42.6306	  172.5588
7.292	 2.03	 1	 -41.7869	  174.1881
7.293	 2.91	 1	 -42.2741	  173.5418
7.293	 3.72	 4	 -42.0559	  178.1706
7.295	 2.33	 1	 -42.1565	  173.8223
7.296	 2.04	 2	 -41.6916	  174.1885
7.297	 2.07	 1	 -41.5844	  174.2189
7.298	 2.45	 1	 -42.3291	  173.3803
7.300	 2.09	 1	 -42.0207	  173.8152
7.300	 2.03	 1	 -41.7759	  174.1858
7.301	 2.49	 2	 -41.9260	  179.2513
7.305	 2.29	 2	 -42.5393	  173.1273
7.305	 2.15	 3	 -42.4321	  172.9827
7.306	 2.46	 2	 -42.3034	  174.5177
7.306	 2.21	 1	 -42.1415	  173.6058
7.309	 3.70	 2	 -42.2027	  173.5192
7.309	 2.16	 1	 -42.1365	  173.5961
7.310	 2.66	 1	 -41.9759	  173.7051
7.311	 2.98	 1	 -41.9788	  174.0491
7.312	 2.87	 2	 -42.5815	  173.1960
7.312	 2.37	 2	 -42.1884	  174.3716
7.313	 2.30	 2	 -42.6148	  172.7990
7.313	 2.89	 1	 -43.9305	  173.6095
7.313	 2.87	 2	 -42.5277	  173.1518
7.315	 2.22	 1	 -41.7760	  174.2564
7.316	 3.78	 2	 -42.1204	  174.3994
7.318	 2.26	 2	 -41.9877	  173.8990
7.319	 2.80	 2	 -41.7536	  174.2972
7.319	 2.34	 1	 -42.1534	  173.3049
7.320	 2.36	 1	 -42.7829	  173.2712
7.320	 2.18	 2	 -42.3047	  173.9921
7.320	 2.31	 1	 -41.7166	  174.2985
7.321	 2.54	 1	 -45.7484	  177.3029
7.321	 2.12	 1	 -41.9606	  174.2571
7.322	 2.14	 1	 -42.5632	  174.8266
7.323	 2.11	 1	 -42.1870	  173.6116
7.323	 2.19	 2	 -42.2637	  173.5878
7.324	 2.89	 2	 -42.1863	  173.4912
7.325	 2.68	 1	 -41.9498	  173.7573
7.326	 2.14	 1	 -42.9264	  172.6272
7.327	 2.14	 2	 -42.3386	  173.6037
7.327	 2.59	 2	 -41.5469	  174.1572
7.328	 2.18	 1	 -42.3095	  173.2761
7.331	 2.67	 1	 -41.8057	  173.9939
7.331	 2.72	 1	 -42.1685	  173.7265
7.332	 2.30	 2	 -42.6367	  172.9223
7.333	 2.08	 1	 -42.3992	  173.9408
7.333	 2.29	 3	 -42.3386	  173.1011
7.334	 2.87	 4	 -42.3688	  173.8415
7.334	 2.22	 1	 -42.2737	  173.7148
7.334	 2.28	 1	 -42.1031	  173.8610
7.335	 2.42	 1	 -42.0582	  173.6889
7.335	 2.02	 1	 -42.2423	  173.7365
7.338	 2.97	 1	 -42.4726	  173.4765
7.338	 3.86	 2	 -41.8080	  174.2233
7.339	 2.25	 2	 -41.7203	  170.6068
7.339	 2.07	 2	 -42.4436	  178.6448
7.341	 2.37	 1	 -42.6365	  173.6278
7.341	 2.03	 2	 -42.2899	  173.8923
7.341	 2.65	 7	 -41.9771	  178.9009
7.341	 2.34	 1	 -42.4737	  173.3418
7.342	 2.20	 4	 -42.1245	  178.1160
7.343	 2.51	 1	 -41.8156	  174.0403
7.345	 2.22	 2	 -42.3873	  173.3096
7.346	 2.13	 2	 -41.9698	  173.8925
7.347	 2.37	 1	 -41.9704	  173.7141
7.348	 2.03	 2	 -42.4454	  173.2098
7.349	 2.04	 1	 -42.4064	  173.2299
7.349	 2.25	 2	 -41.7330	  174.2988
7.350	 2.35	 1	 -41.6788	  174.2455
7.350	 2.81	 2	 -42.0405	  173.6175
7.351	 2.81	 1	 -41.8268	  174.2485
7.352	 2.77	 1	 -41.8819	  174.2659
7.353	 2.32	 1	 -42.5310	  173.2407
7.354	 3.18	 1	 -41.7875	  174.3081
7.354	 2.33	 1	 -42.3433	  173.9920
7.355	 2.33	 1	 -42.1504	  173.8021
7.357	 2.19	 1	 -41.7458	  174.1952
7.357	 2.58	 2	 -42.4975	  172.6521
7.358	 3.49	 1	 -42.6459	  172.8974
7.360	 2.47	 1	 -41.7034	  174.1631
7.360	 2.17	 1	 -41.7177	  174.3589
7.361	 2.53	 2	 -42.3458	  174.5248
7.361	 2.18	 1	 -41.8162	  174.1781
7.362	 2.64	 1	 -42.0635	  172.8731
7.363	 2.63	 1	 -42.4588	  173.1543
7.363	 2.05	 1	 -41.7787	  174.3478
7.363	 2.12	 1	 -42.3364	  173.5962
7.364	 2.67	 1	 -41.7095	  174.3443
7.364	 2.13	 3	 -42.8245	  173.1720
7.366	 2.03	 1	 -41.7269	  174.4180
7.366	 2.21	 1	 -41.3510	  172.7027
7.368	 2.03	 2	 -42.3660	  173.7184
7.368	 2.04	 3	 -41.7598	  174.0750
7.368	 2.25	 2	 -42.1849	  174.3904
7.368	 2.09	 3	 -42.4012	  173.8613
7.371	 3.39	 3	 -42.2430	  173.7363
7.371	 2.07	 1	 -41.7060	  174.3450
7.374	 2.16	 2	 -42.7834	  173.3273
7.375	 2.34	 2	 -42.1896	  173.8544
7.375	 2.35	 2	 -41.8426	  174.2520
7.375	 2.11	 1	 -42.4121	  173.4667
7.375	 2.33	 2	 -41.9705	  178.3480
7.376	 2.32	 1	 -42.0288	  173.6716
7.378	 3.19	 3	 -42.8945	  173.2342
7.379	 2.05	 1	 -41.8594	  173.9007
7.379	 2.17	 1	 -42.5442	  172.7685
7.380	 2.10	 3	 -42.0101	  173.7459
7.380	 2.26	 1	 -42.7436	  171.5996
7.380	 2.13	 2	 -42.2042	  173.6232
7.380	 2.23	 1	 -42.7095	  174.3578
7.381	 2.02	 1	 -42.0767	  173.9455
7.382	 2.84	 1	 -42.4976	  174.6145
7.383	 2.04	 3	 -42.7109	  172.5913
7.383	 3.67	 1	 -42.2411	  173.8144
7.383	 2.40	 1	 -41.8154	  174.2682
7.385	 2.73	 4	 -42.3849	  172.9691
7.385	 2.27	 1	 -41.7925	  174.1504
7.386	 2.16	 2	 -42.1631	  173.6114
7.387	 2.14	 1	 -42.3330	  173.6788
7.387	 2.02	 1	 -41.8377	  174.2019
7.389	 2.19	 3	 -40.8202	  178.2335
7.389	 2.04	 1	 -42.2705	  173.7061
7.389	 2.49	 2	 -42.8369	  172.3332
7.389	 2.14	 1	 -42.0279	  173.8927
7.390	 2.11	 2	 -42.1875	  173.6656
7.391	 3.12	 1	 -44.8679	  168.9420
7.392	 2.06	 3	 -42.3553	  173.9031
7.393	 2.37	 2	 -41.6890	  171.5799
7.393	 2.52	 1	 -41.6326	  173.7054
7.394	 2.08	 1	 -42.3296	  173.8760
7.395	 2.03	 1	 -41.6696	  175.5675
7.397	 2.35	 1	 -41.6968	  174.2846
7.397	 2.22	 2	 -42.2733	  173.8001
7.399	 2.01	 1	 -42.4452	  173.7176
7.402	 2.03	 3	 -41.9027	  178.3501
7.404	 2.56	 2	 -42.5257	  173.1479
7.405	 2.05	 1	 -42.4045	  172.9844
7.405	 2.20	 2	 -42.4778	  172.8042
7.405	 2.03	 1	 -41.9515	  174.0741
7.405	 2.01	 3	 -41.8565	  174.1889
7.406	 2.52	 2	 -42.6376	  172.9267
7.408	 2.04	 1	 -42.1127	  173.5154
7.408	 2.07	 1	 -42.3257	  173.7332
7.409	 2.62	 1	 -42.3072	  173.8579
7.410	 2.10	 2	 -42.2337	  173.4057
7.411	 4.25	 3	 -42.0126	  178.3450
7.411	 2.01	 1	 -41.8553	  174.2203
7.412	 2.03	 1	 -39.8928	  168.2349
7.413	 2.26	 1	 -42.2010	  173.5673
7.414	 2.30	 7	 -42.0246	  178.6532
7.414	 2.05	 1	 -42.5805	  173.0276
7.414	 3.53	 1	 -41.7905	  174.2587
7.416	 2.43	 2	 -42.2305	  173.8463
7.417	 2.37	 2	 -42.3186	  173.8742
7.419	 2.15	 1	 -42.1565	  173.0244
7.419	 2.02	 2	 -42.1644	  173.0081
7.419	 2.09	 2	 -41.7396	  173.7338
7.419	 2.26	 3	 -42.8222	  173.2974
7.420	 2.05	 1	 -42.5137	  172.9767
7.422	 2.74	 1	 -42.3962	  173.2625
7.424	 2.11	 1	 -42.2103	  173.6431
7.425	 2.10	 3	 -41.7975	  174.0841
7.427	 2.54	 1	 -42.0610	  173.7350
7.427	 3.07	 1	 -41.7294	  174.2972
7.427	 2.00	 1	 -42.2571	  173.7363
7.433	 2.64	 2	 -41.6909	  174.2731
7.433	 3.09	 1	 -42.5799	  173.8245
7.434	 2.91	 1	 -42.4805	  173.0860
7.434	 2.19	 1	 -42.7190	  172.8733
7.435	 2.20	 2	 -41.9428	  173.7238
7.436	 2.20	 1	 -42.4753	  173.6889
7.436	 2.26	 2	 -42.4002	  173.8855
7.437	 2.18	 2	 -42.3812	  173.6934
7.438	 2.03	 3	 -42.5812	  173.3431
7.439	 2.01	 3	 -42.3428	  173.2449
7.440	 2.53	 2	 -42.5552	  172.6221
7.440	 2.39	 2	 -42.3920	  173.0164
7.441	 2.26	 1	 -41.7083	  174.2396
7.443	 2.48	 2	 -41.3801	  174.0357
7.446	 2.49	 3	 -42.7460	  172.6886
7.448	 2.14	 2	 -42.9528	  172.8553
7.449	 2.28	 1	 -41.6937	  174.2482
7.450	 2.02	 1	 -41.6752	  174.2654
7.451	 3.19	 1	 -42.0230	  166.9725
7.454	 2.35	 2	 -41.8791	  178.2861
7.454	 2.06	 3	 -41.9075	  178.4015
7.454	 2.03	 4	 -42.7937	  173.2617
7.454	 2.36	 2	 -42.3289	  173.9085
7.455	 3.26	 4	 -42.2393	  178.1194
7.457	 2.18	 2	 -42.3879	  173.2619
7.459	 2.33	 2	 -42.2309	  173.8518
7.460	 2.61	 5	 -42.2548	  178.1111
7.463	 2.27	 2	 -41.9373	  174.4362
7.464	 2.68	 1	 -42.2820	  173.7002
7.466	 2.05	 1	 -42.4029	  173.9788
7.468	 3.00	 1	 -42.2830	  173.7441
7.468	 2.24	 1	 -42.4418	  173.2390
7.469	 2.27	 3	 -42.6040	  173.2379
7.470	 2.06	 1	 -42.6454	  173.9430
7.477	 2.51	 2	 -42.6261	  172.9362
7.477	 2.96	 1	 -42.2573	  173.9065
7.477	 2.42	 2	 -41.6771	  177.1588
7.479	 2.56	 4	 -42.2172	  173.8496
7.480	 2.06	 2	 -42.5560	  173.1619
7.484	 2.11	 1	 -42.2235	  173.8127
7.484	 2.02	 1	 -42.5710	  172.6343
7.485	 2.16	 2	 -42.0279	  166.9756
7.486	 2.06	 3	 -42.2655	  173.6511
7.487	 2.03	 1	 -42.1110	  173.6098
7.487	 2.02	 1	 -42.6175	  171.9337
7.487	 3.11	 1	 -42.4078	  173.3445
7.487	 2.16	 1	 -42.5211	  173.1486
7.489	 2.01	 3	 -42.1110	  174.4139
7.489	 2.44	 1	 -42.5483	  173.7107
7.490	 2.09	 1	 -41.7624	  174.4207
7.496	 2.14	 2	 -42.4528	  173.1139
7.497	 3.62	 3	 -42.2568	  173.7372
7.498	 2.04	 1	 -41.7892	  174.1735
7.499	 2.23	 1	 -42.3003	  173.6801
7.499	 2.08	 1	 -42.4541	  173.3769
7.502	 3.45	 5	 -41.5546	  178.7570
7.503	 2.14	 3	 -42.8662	  173.5577
7.503	 2.38	 1	 -42.2778	  174.0034
7.504	 2.16	 3	 -42.6408	  172.6147
7.506	 2.39	 2	 -41.6209	  174.3631
7.507	 2.05	 4	 -41.8686	  173.8590
7.510	 2.08	 1	 -42.5993	  174.2171
7.511	 2.07	 1	 -43.7582	  173.8403
7.512	 2.07	 1	 -42.3287	  173.7887
7.512	 2.34	 1	 -41.9489	  173.7397
7.514	 2.04	 1	 -41.9553	  173.9342
7.515	 2.61	 1	 -42.1047	  173.6725
7.516	 2.62	 6	 -42.1943	  178.1564
7.518	 2.87	 2	 -41.9390	  173.9706
7.518	 2.00	 1	 -42.3686	  173.3354
7.518	 2.18	 1	 -42.1892	  174.0284
7.519	 2.77	 2	 -41.5939	  174.3582
7.520	 2.23	 3	 -41.8043	  174.0929
7.520	 2.66	 1	 -42.4787	  174.1645
7.521	 2.33	 1	 -42.2015	  173.5277
7.522	 2.01	 1	 -42.3631	  173.0277
7.522	 2.20	 1	 -41.6771	  174.4444
7.522	 2.80	 3	 -42.0993	  173.8123
7.524	 2.71	 1	 -41.8686	  174.0944
7.525	 3.34	 1	 -43.4088	  168.6935
7.527	 2.16	 1	 -41.9660	  173.6812
7.528	 2.85	 2	 -42.5554	  172.8226
7.529	 2.91	 4	 -41.9564	  178.3960
7.533	 2.28	 3	 -42.9394	  172.8979
7.535	 2.74	 2	 -42.2396	  173.7840
7.535	 2.30	 1	 -42.4690	  173.3997
7.536	 2.61	 1	 -41.6514	  174.2831
7.537	 2.25	 1	 -42.0720	  173.6720
7.538	 2.31	 2	 -43.3967	  168.6794
7.539	 2.40	 1	 -42.1351	  173.5465
7.539	 2.60	 1	 -42.2603	  174.2121
7.541	 2.80	 2	 -41.9830	  174.0244
7.542	 2.00	 4	 -42.0678	  178.3846
7.543	 2.59	 1	 -41.5348	  174.1338
7.544	 3.50	 1	 -42.3557	  173.1658
7.544	 2.19	 2	 -41.9099	  178.3887
7.545	 2.78	 1	 -42.2919	  173.7709
7.547	 2.31	 1	 -41.7736	  174.1922
7.547	 2.66	 1	 -42.6689	  173.1274
7.548	 2.09	 1	 -42.2157	  173.8533
7.548	 2.00	 2	 -42.2563	  173.8426
7.548	 2.17	 1	 -41.7929	  174.3035
7.548	 2.52	 1	 -42.1940	  173.5289
7.549	 2.25	 1	 -42.3909	  173.5203
7.551	 2.20	 2	 -42.3342	  174.0624
7.552	 2.44	 2	 -41.6779	  174.4433
7.552	 2.00	 1	 -42.6139	  173.1806
7.555	 2.12	 2	 -42.4865	  173.0299
7.558	 2.39	 2	 -42.5031	  173.1735
7.558	 2.13	 1	 -42.5219	  173.0709
7.559	 2.07	 2	 -42.4955	  173.0956
7.561	 2.17	 1	 -42.6633	  172.8378
7.561	 2.28	 1	 -42.0293	  173.6657
7.561	 2.15	 1	 -42.3009	  173.7405
7.562	 2.06	 2	 -42.3174	  172.8878
7.563	 2.81	 2	 -41.8153	  174.1687
7.565	 2.09	 2	 -42.6196	  172.8056
7.565	 3.14	 1	 -42.2566	  173.9182
7.566	 2.16	 2	 -41.7409	  178.4574
7.568	 2.15	 2	 -41.9342	  173.9812
7.568	 2.20	 2	 -42.1600	  173.7827
7.570	 2.84	 1	 -42.1564	  173.8487
7.570	 2.26	 1	 -41.9872	  173.6888
7.571	 2.13	 1	 -43.6187	  172.6519
7.573	 2.19	 1	 -41.7898	  174.2478
7.573	 2.02	 2	 -42.4321	  173.3529
7.573	 2.12	 1	 -42.3645	  173.0765
7.574	 2.64	 1	 -42.2421	  173.9200
7.574	 2.40	 2	 -42.0983	  173.8660
7.574	 2.06	 1	 -41.6756	  174.1450
7.576	 2.02	 3	 -42.0115	  178.8438
7.577	 2.87	 1	 -41.9547	  174.0067
7.578	 2.01	 2	 -42.3851	  174.0779
7.580	 2.17	 1	 -42.3128	  173.2848
7.581	 2.41	 1	 -41.9348	  174.2094
7.581	 2.60	 1	 -42.3365	  173.7882
7.581	 2.49	 2	 -42.3172	  173.4718
7.582	 2.15	 3	 -42.6274	  172.6317
7.582	 3.26	 3	 -42.7679	  172.5360
7.583	 4.17	 1	 -42.7561	  172.5108
7.584	 2.26	 2	 -42.9057	  172.9206
7.584	 2.56	 1	 -41.9982	  173.7972
7.587	 2.15	 1	 -41.7491	  173.1197
7.590	 2.10	 3	 -41.8086	  174.2311
7.591	 2.24	 1	 -42.4057	  174.1014
7.591	 2.17	 1	 -42.0016	  173.7748
7.591	 2.29	 2	 -38.6170	  179.4271
7.591	 2.28	 4	 -42.0061	  178.3476
7.593	 2.32	 1	 -42.6977	  172.7655
7.593	 2.04	 1	 -42.2860	  173.6202
7.594	 2.05	 1	 -43.6573	  174.7432
7.594	 2.03	 2	 -42.2448	  173.5142
7.594	 3.27	 3	 -41.3829	  174.0307
7.595	 2.05	 1	 -42.2393	  173.8743
7.596	 2.68	 2	 -41.9007	  178.3060
7.596	 2.36	 1	 -41.7280	  173.9702
7.597	 2.30	 2	 -42.2159	  173.6151
7.597	 2.18	 1	 -41.7854	  174.2777
7.598	 2.02	 1	 -42.6924	  173.0191
7.598	 2.04	 4	 -42.4310	  173.0552
7.599	 2.34	 1	 -42.5635	  173.3765
7.599	 2.06	 2	 -42.3311	  174.5157
7.600	 2.09	 2	 -42.6730	  173.0224
7.600	 2.44	 2	 -42.1615	  173.6458
7.601	 2.08	 3	 -41.7279	  174.2612
7.602	 2.55	 2	 -41.7079	  174.3971
7.605	 2.34	 1	 -42.7824	  174.9805
7.605	 2.33	 4	 -42.7941	  173.2730
7.608	 2.07	 1	 -42.3174	  173.5486
7.608	 2.26	 1	 -41.7155	  174.4632
7.609	 2.71	 1	 -42.1434	  172.8194
7.610	 2.01	 1	 -41.7453	  171.4024
7.610	 2.08	 1	 -42.4533	  173.1545
7.610	 2.08	 1	 -41.7126	  174.2807
7.611	 2.43	 1	 -41.7016	  174.1844
7.611	 2.05	 1	 -42.2315	  173.9636
7.611	 2.55	 1	 -42.2204	  173.8866
7.612	 2.02	 3	 -42.8138	  173.2837
7.613	 2.59	 1	 -42.1895	  173.6732
7.614	 2.15	 1	 -42.4496	  173.9644
7.614	 2.08	 1	 -42.3036	  174.1750
7.619	 2.07	 1	 -42.3641	  173.8659
7.620	 2.17	 1	 -42.4258	  173.5458
7.620	 3.43	 2	 -42.6780	  172.7948
7.620	 3.36	 2	 -42.2521	  174.0192
7.621	 2.37	 1	 -41.4486	  174.2751
7.622	 2.09	 3	 -42.2379	  172.0631
7.622	 2.46	 3	 -42.4359	  173.9906
7.623	 2.24	 2	 -42.6677	  172.8397
7.623	 2.81	 1	 -42.2906	  173.3933
7.625	 2.33	 1	 -42.0644	  173.8380
7.625	 2.25	 1	 -41.8573	  174.1696
7.627	 2.31	 1	 -42.6619	  172.9230
7.628	 2.20	 2	 -41.6695	  174.3174
7.628	 2.15	 3	 -41.8785	  178.3543
7.628	 2.07	 2	 -42.2627	  173.7359
7.628	 2.98	 2	 -41.7993	  174.2633
7.629	 2.92	 1	 -42.7930	  172.9650
7.630	 2.96	 1	 -42.4189	  173.9064
7.631	 2.71	 1	 -42.4908	  173.4335
7.632	 2.10	 1	 -42.3459	  173.1016
7.632	 2.19	 3	 -41.8707	  178.3961
7.636	 2.14	 2	 -42.0612	  178.1631
7.636	 2.08	 2	 -42.4786	  173.0811
7.637	 2.43	 1	 -42.3859	  173.8692
7.637	 2.14	 1	 -44.4441	  170.3032
7.638	 2.59	 2	 -41.5439	  174.2200
7.639	 2.01	 3	 -42.2030	  173.5445
7.641	 2.99	 1	 -42.2772	  173.7650
7.642	 2.40	 2	 -41.9519	  167.0279
7.642	 2.62	 2	 -42.0347	  178.3745
7.642	 2.81	 1	 -42.3987	  173.5590
7.645	 2.30	 2	 -42.8044	  173.2663
7.646	 2.39	 4	 -42.7439	  172.5528
7.647	 2.01	 2	 -42.1223	  178.7389
7.647	 2.31	 1	 -42.4210	  173.2007
7.649	 2.71	 1	 -43.6708	  173.2552
7.649	 2.52	 2	 -42.5111	  172.8506
7.650	 2.21	 1	 -42.1571	  173.6674
7.651	 2.16	 2	 -41.6798	  174.3132
7.651	 3.39	 2	 -42.2094	  173.8865
7.653	 2.49	 2	 -41.9354	  174.0200
7.653	 2.24	 2	 -42.1534	  174.3157
7.655	 2.48	 1	 -42.3491	  173.9648
7.659	 2.91	 2	 -41.7867	  174.2350
7.660	 2.92	 3	 -41.9396	  178.3356
7.660	 2.07	 2	 -41.7807	  174.2555
7.663	 2.35	 1	 -41.7284	  174.3013
7.663	 4.14	 2	 -42.9997	  172.8609
7.668	 2.15	 1	 -42.3448	  173.7967
7.669	 2.21	 3	 -42.6389	  172.5993
7.669	 3.66	 1	 -42.4141	  173.2068
7.669	 2.14	 4	 -42.1096	  178.0102
7.670	 2.51	 1	 -42.4154	  173.8466
7.673	 2.02	 1	 -41.6722	  174.2022
7.674	 2.51	 1	 -42.0047	  173.9147
7.675	 2.10	 3	 -41.8610	  178.4084
7.682	 2.02	 3	 -42.1308	  173.6545
7.683	 2.10	 1	 -42.2478	  173.7771
7.685	 2.14	 4	 -42.0468	  178.1019
7.685	 2.19	 2	 -42.1029	  174.2821
7.687	 3.19	 1	 -42.2588	  173.6714
7.689	 2.26	 2	 -42.7109	  174.1289
7.691	 2.07	 2	 -42.0857	  173.6657
7.692	 2.25	 1	 -42.5920	  172.9930
7.692	 2.18	 2	 -42.2681	  173.7973
7.694	 2.36	 4	 -42.0874	  178.0800
7.695	 2.11	 1	 -42.3280	  173.7218
7.698	 2.37	 1	 -42.1921	  174.1060
7.700	 2.15	 3	 -41.7497	  178.4656
7.700	 2.00	 1	 -42.2390	  173.5826
7.701	 2.17	 3	 -41.7564	  174.4604
7.703	 2.91	 1	 -41.8234	  174.1905
7.703	 2.37	 1	 -42.4210	  173.6488
7.703	 2.38	 2	 -41.5883	  173.1670
7.705	 2.01	 2	 -42.5646	  173.1288
7.706	 2.16	 1	 -42.4875	  173.2974
7.706	 2.97	 4	 -42.7421	  173.3103
7.708	 2.17	 1	 -45.7140	  176.1696
7.708	 2.22	 1	 -41.9034	  174.3863
7.710	 2.02	 1	 -42.4185	  173.3410
7.711	 2.13	 2	 -41.7061	  174.2267
7.713	 2.37	 5	 -42.4663	  177.9341
7.713	 2.10	 2	 -42.2049	  174.4221
7.713	 2.11	 2	 -42.5485	  173.0187
7.715	 2.17	 1	 -42.0098	  173.7312
7.715	 2.32	 1	 -42.4117	  173.3259
7.717	 2.30	 1	 -42.3813	  173.7021
7.718	 2.32	 2	 -41.6311	  174.3328
7.718	 2.70	 1	 -42.7684	  172.7439
7.719	 3.11	 1	 -42.5899	  173.7260
7.719	 2.06	 6	 -42.1148	  178.1551
7.721	 2.05	 1	 -42.5171	  173.7849
7.723	 2.06	 2	 -41.8377	  174.2734
7.724	 3.11	 1	 -42.9369	  172.4573
7.727	 2.02	 2	 -42.3607	  173.8985
7.728	 2.91	 1	 -41.7130	  174.2149
7.728	 2.16	 1	 -42.4746	  173.8882
7.731	 2.20	 1	 -42.3604	  173.9613
7.732	 3.08	 1	 -42.3797	  173.9982
7.732	 2.54	 2	 -42.7811	  172.8204
7.734	 2.34	 4	 -41.8006	  178.4727
7.734	 2.94	 1	 -42.6061	  172.8085
7.735	 2.15	 2	 -42.6949	  173.3548
7.736	 2.57	 1	 -42.3121	  174.0852
7.739	 2.37	 2	 -41.6654	  174.2345
7.740	 2.38	 2	 -42.2371	  174.4013
7.741	 2.42	 1	 -42.6108	  172.9176
7.742	 2.35	 3	 -41.8520	  178.4123
7.743	 2.33	 1	 -41.9729	  174.1702
7.744	 2.13	 2	 -42.5524	  173.0711
7.745	 2.06	 3	 -42.5072	  173.4579
7.745	 2.01	 2	 -42.4298	  173.8007
7.747	 3.29	 1	 -42.8419	  172.9131
7.747	 2.69	 3	 -42.1829	  174.0203
7.749	 2.23	 2	 -42.2529	  173.7892
7.749	 2.44	 2	 -42.6020	  173.0863
7.752	 2.18	 1	 -42.1432	  173.4501
7.755	 2.11	 4	 -42.4722	  173.7330
7.756	 2.10	 4	 -42.5364	  173.0209
7.757	 2.23	 1	 -42.4523	  173.8093
7.758	 2.11	 1	 -43.6945	  175.0211
7.759	 2.08	 1	 -42.1549	  173.5383
7.760	 2.19	 1	 -42.3915	  174.0360
7.760	 2.22	 1	 -41.9700	  173.7058
7.764	 2.10	 1	 -42.2436	  173.6371
7.765	 2.00	 1	 -42.1716	  173.5712
7.765	 3.22	 1	 -42.3579	  172.9192
7.765	 2.18	 1	 -41.7899	  174.2643
7.767	 2.57	 2	 -42.2439	  173.7563
7.768	 2.09	 3	 -42.8386	  173.3747
7.769	 2.08	 1	 -41.7371	  174.3254
7.770	 2.04	 4	 -37.7421	  172.5609
7.770	 2.42	 1	 -42.0285	  173.4928
7.773	 2.15	 1	 -41.8685	  174.1876
7.773	 2.37	 3	 -42.4204	  173.1047
7.776	 2.12	 2	 -42.5639	  173.0105
7.777	 2.11	 2	 -42.5557	  172.9871
7.780	 2.19	 2	 -42.8661	  173.2262
7.781	 2.32	 1	 -42.4211	  173.9073
7.783	 2.23	 1	 -42.3639	  173.5818
7.785	 2.20	 1	 -42.4717	  173.1169
7.786	 2.42	 3	 -42.3750	  173.8100
7.787	 2.41	 1	 -41.7022	  174.2976
7.787	 2.43	 1	 -41.8316	  172.7366
7.787	 2.20	 2	 -42.1764	  174.6226
7.788	 2.60	 1	 -41.6149	  174.3016
7.788	 2.35	 1	 -42.3084	  174.0495
7.789	 2.30	 1	 -42.5037	  173.3457
7.791	 2.29	 2	 -41.5001	  178.2616
7.793	 3.29	 2	 -42.0016	  173.4597
7.793	 3.13	 1	 -42.3317	  173.7567
7.793	 2.19	 3	 -41.6903	  174.4497
7.794	 2.41	 3	 -42.6275	  172.6117
7.794	 2.06	 3	 -42.1026	  173.9710
7.795	 2.75	 1	 -42.7502	  173.0482
7.795	 2.27	 2	 -42.1932	  178.2552
7.797	 2.07	 3	 -42.6425	  172.8212
7.797	 2.28	 1	 -42.5000	  173.1370
7.798	 2.28	 2	 -43.0106	  173.0431
7.798	 2.48	 1	 -42.2170	  173.4822
7.798	 2.19	 1	 -42.4266	  173.1593
7.799	 2.01	 3	 -42.5513	  173.1913
7.800	 2.30	 1	 -43.3009	  172.8318
7.801	 3.08	 1	 -42.4155	  173.6844
7.805	 2.01	 3	 -42.4961	  173.0937
7.806	 2.97	 1	 -42.6870	  172.8606
7.807	 2.10	 1	 -42.1763	  173.6911
7.808	 2.49	 1	 -41.7719	  174.4244
7.808	 3.30	 1	 -42.2610	  173.6277
7.809	 2.08	 4	 -42.0486	  178.1419
7.810	 2.58	 1	 -41.7562	  174.2273
7.812	 2.25	 2	 -41.7654	  174.0404
7.814	 2.01	 1	 -41.6960	  173.8013
7.815	 2.03	 1	 -42.4717	  173.1427
7.816	 2.08	 2	 -41.7565	  174.1575
7.817	 2.25	 1	 -41.8502	  174.1585
7.817	 2.15	 1	 -42.3562	  173.0541
7.817	 2.99	 1	 -42.6936	  172.9967
7.818	 2.18	 3	 -42.6045	  172.2717
7.818	 2.28	 1	 -42.2617	  173.6641
7.820	 3.40	 1	 -38.4901	  176.0375
7.820	 3.49	 2	 -42.3049	  173.6169
7.824	 2.71	 1	 -41.5171	  173.7394
7.824	 2.27	 2	 -42.4641	  173.1295
7.827	 2.35	 1	 -41.9356	  171.7583
7.827	 2.15	 1	 -41.7418	  174.3000
7.827	 2.66	 2	 -41.7418	  174.2209
7.828	 2.21	 1	 -42.5358	  173.0919
7.829	 2.69	 2	 -42.4907	  172.7512
7.829	 3.46	 1	 -42.5438	  173.0104
7.829	 2.03	 1	 -41.7897	  174.3152
7.831	 3.13	 1	 -41.9251	  174.0205
7.833	 2.09	 3	 -42.4359	  173.0500
7.836	 2.21	 1	 -42.0637	  173.7387
7.836	 2.21	 3	 -42.9986	  172.8596
7.836	 2.27	 2	 -42.4319	  178.1299
7.836	 2.65	 1	 -42.5991	  173.0064
7.837	 4.53	 4	 -42.5262	  173.2669
7.837	 2.89	 1	 -42.4130	  173.3439
7.837	 3.65	 3	 -42.7488	  172.8533
7.838	 2.22	 1	 -41.7128	  174.2722
7.838	 3.09	 3	 -42.5944	  172.6017
7.839	 2.41	 2	 -42.2594	  174.2086
7.841	 2.34	 1	 -42.0994	  173.6037
7.841	 2.32	 1	 -42.3201	  173.0272
7.843	 2.40	 3	 -46.2975	  176.5527
7.844	 2.14	 5	 -42.6691	  172.5812
7.845	 2.14	 2	 -42.7714	  173.2769
7.845	 2.44	 1	 -42.1114	  173.6158
7.845	 2.28	 1	 -42.6364	  173.0608
7.845	 2.35	 2	 -41.6612	  174.2140
7.846	 2.14	 2	 -41.6480	  175.0030
7.847	 2.15	 1	 -41.7559	  174.2063
7.848	 2.29	 1	 -42.1720	  173.6399
7.848	 2.48	 1	 -41.7020	  174.2522
7.848	 2.65	 2	 -42.2461	  173.6696
7.849	 2.10	 2	 -42.5419	  173.0065
7.849	 2.88	 1	 -42.7429	  173.4852
7.850	 2.11	 4	 -41.8391	  173.8882
7.851	 2.43	 5	 -42.6012	  173.2076
7.852	 2.98	 3	 -42.6704	  172.6530
7.853	 2.05	 1	 -42.5381	  173.1778
7.853	 3.11	 1	 -42.6525	  173.0803
7.855	 2.65	 1	 -42.8654	  173.3757
7.855	 2.06	 2	 -42.6829	  173.2955
7.855	 2.26	 1	 -42.0840	  174.5266
7.855	 2.20	 1	 -42.4716	  173.5935
7.856	 2.09	 3	 -41.9617	  178.3121
7.857	 2.10	 1	 -42.6512	  173.0968
7.857	 2.31	 3	 -41.7852	  174.1955
7.858	 2.14	 2	 -41.7691	  174.2773
7.860	 2.74	 1	 -42.2854	  173.8882
7.861	 2.51	 1	 -42.1759	  173.6182
7.861	 3.49	 1	 -42.1166	  173.8875
7.861	 2.37	 1	 -42.3813	  173.7929
7.862	 2.17	 2	 -42.5427	  173.0134
7.862	 2.14	 3	 -42.6038	  173.0016
7.863	 2.22	 3	 -41.8381	  178.1056
7.865	 2.00	 1	 -42.0862	  173.8262
7.865	 2.56	 3	 -41.9438	  178.4067
7.866	 2.88	 5	 -42.6809	  173.2865
7.866	 2.80	 1	 -42.3241	  173.7247
7.867	 2.19	 2	 -42.6396	  172.8227
7.867	 2.14	 2	 -41.7748	  178.0664
7.868	 2.04	 2	 -42.7568	  172.4857
7.869	 2.97	 2	 -42.0987	  178.0972
7.869	 2.42	 1	 -42.0314	  173.7454
7.870	 2.34	 2	 -41.6552	  174.3609
7.870	 2.37	 2	 -42.8517	  173.4564
7.871	 2.04	 3	 -42.8562	  173.3218
7.871	 2.20	 1	 -42.2812	  174.0457
7.872	 2.62	 1	 -42.1636	  173.6790
7.874	 2.10	 2	 -42.1698	  173.8449
7.878	 2.10	 1	 -41.7656	  174.2531
7.879	 2.11	 1	 -42.4399	  173.2442
7.879	 2.35	 1	 -42.5740	  172.6058
7.882	 3.57	 2	 -42.9461	  173.4609
7.886	 2.37	 1	 -41.6631	  174.2751
7.889	 2.04	 2	 -42.3872	  174.0610
7.889	 2.18	 1	 -42.7739	  173.2496
7.890	 2.09	 2	 -44.8479	  168.9509
7.891	 2.43	 2	 -42.7859	  180.2026
7.891	 3.07	 2	 -41.9214	  174.0290
7.891	 2.35	 2	 -42.2268	  173.8430
7.892	 2.77	 1	 -42.2503	  173.6959
7.894	 2.09	 1	 -41.8137	  174.3296
7.894	 2.96	 1	 -45.9232	  176.3843
7.896	 2.16	 1	 -43.1125	  173.1385
7.896	 2.86	 1	 -42.8158	  172.5544
7.898	 2.14	 6	 -42.2515	  178.1064
7.899	 2.20	 1	 -42.3617	  174.0035
7.900	 2.72	 1	 -42.5213	  173.1107
7.901	 3.17	 3	 -41.7267	  174.2784
7.902	 2.97	 1	 -42.3225	  173.7509
7.904	 2.89	 2	 -42.5032	  172.8156
7.905	 2.13	 1	 -41.6260	  174.2439
7.905	 2.54	 1	 -42.4889	  172.9903
7.906	 2.09	 2	 -41.6260	  174.3491
7.907	 3.65	 2	 -46.2908	  176.6448
7.907	 3.55	 3	 -42.8035	  173.3430
7.907	 2.22	 3	 -42.7991	  173.3396
7.909	 2.24	 1	 -42.2573	  173.6629
7.909	 2.22	 2	 -42.1782	  174.4195
7.910	 2.05	 1	 -41.9460	  174.1196
7.911	 2.51	 2	 -41.9309	  178.3255
7.911	 2.32	 1	 -42.2557	  173.7498
7.912	 2.77	 2	 -41.5924	  174.4117
7.912	 2.39	 1	 -41.6974	  174.2888
7.914	 2.05	 2	 -42.3902	  173.7654
7.915	 3.22	 1	 -41.9125	  173.6512
7.915	 2.57	 2	 -41.9686	  173.7022
7.916	 2.01	 2	 -42.3887	  173.3491
7.918	 2.24	 2	 -42.5250	  173.0573
7.918	 2.25	 1	 -42.4390	  173.8573
7.919	 2.09	 1	 -42.1856	  173.8049
7.921	 2.35	 1	 -42.4952	  173.1053
7.923	 2.27	 5	 -42.6469	  172.6470
7.923	 3.57	 1	 -42.3178	  173.9723
7.924	 2.25	 1	 -42.3377	  173.3309
7.927	 2.08	 2	 -42.1548	  173.8902
7.929	 2.15	 1	 -42.3380	  173.8992
7.929	 2.22	 1	 -42.4643	  173.2949
7.930	 2.28	 2	 -42.9392	  172.4634
7.931	 2.01	 1	 -42.7460	  172.9618
7.931	 2.50	 2	 -42.2643	  174.4035
7.932	 2.81	 1	 -42.8274	  173.2099
7.932	 2.14	 1	 -42.3788	  173.9653
7.932	 2.23	 2	 -42.6569	  172.9012
7.933	 2.89	 3	 -42.1746	  174.3301
7.934	 2.88	 1	 -41.7495	  174.2566
7.935	 2.02	 3	 -41.9481	  174.2751
7.936	 2.45	 2	 -42.3006	  172.7315
7.936	 2.02	 2	 -42.0851	  178.3632
7.936	 2.56	 6	 -42.6472	  172.6065
7.936	 2.04	 1	 -42.1310	  173.6440
7.936	 2.08	 2	 -42.7316	  173.1324
7.937	 2.11	 1	 -41.6692	  174.1836
7.939	 2.28	 2	 -41.6621	  178.3146
7.939	 2.52	 2	 -42.5122	  173.1011
7.942	 2.91	 1	 -42.3545	  172.9516
7.944	 2.44	 1	 -41.7184	  174.2462
7.944	 2.13	 1	 -42.5674	  173.0634
7.945	 3.02	 1	 -41.7041	  174.1533
7.945	 2.40	 1	 -41.7133	  174.2996
7.946	 3.37	 2	 -42.1256	  172.3700
7.947	 3.00	 3	 -42.9487	  173.1440
7.948	 2.14	 1	 -42.0248	  173.7772
7.948	 2.32	 1	 -42.1458	  173.5846
7.952	 3.72	 2	 -42.0377	  173.6944
7.952	 3.24	 3	 -42.3115	  173.8662
7.952	 3.08	 1	 -42.2764	  173.4914
7.953	 2.28	 3	 -38.6163	  181.4430
7.954	 2.15	 1	 -41.6807	  174.3253
7.954	 2.21	 2	 -42.4272	  173.2206
7.954	 3.41	 1	 -42.1410	  173.7486
7.954	 2.31	 4	 -41.9497	  173.7965
7.954	 2.08	 1	 -42.3154	  173.3356
7.954	 2.15	 2	 -41.9347	  174.0148
7.955	 2.05	 3	 -46.3075	  176.6558
7.956	 2.49	 2	 -42.8780	  173.4165
7.957	 2.13	 2	 -44.0460	  172.9249
7.959	 2.51	 1	 -42.5758	  173.0564
7.959	 2.17	 2	 -42.4369	  173.7512
7.961	 2.24	 1	 -42.4942	  173.0714
7.963	 2.02	 4	 -42.8050	  173.3103
7.964	 2.13	 3	 -42.5895	  173.1938
7.965	 2.14	 1	 -42.3613	  172.7757
7.965	 2.62	 3	 -42.3678	  172.9317
7.966	 2.36	 1	 -42.4862	  173.1772
7.967	 3.26	 2	 -42.4521	  175.0748
7.968	 2.02	 2	 -42.2535	  174.3687
7.969	 2.52	 1	 -41.9107	  172.9699
7.971	 2.15	 2	 -41.9555	  171.0145
7.971	 2.32	 2	 -42.3046	  173.4473
7.973	 2.42	 2	 -42.1487	  174.3737
7.973	 2.11	 2	 -42.7850	  172.8621
7.973	 4.25	 2	 -42.1837	  174.4399
7.974	 2.25	 2	 -42.6058	  173.3530
7.974	 2.26	 6	 -42.7282	  172.6744
7.976	 2.49	 3	 -42.4653	  175.0533
7.977	 2.02	 1	 -42.3821	  173.8493
7.979	 2.07	 2	 -42.8336	  173.2190
7.980	 2.86	 2	 -42.1594	  173.6762
7.982	 2.50	 3	 -41.8554	  178.2994
7.982	 2.10	 1	 -42.2856	  172.2350
7.982	 2.13	 1	 -42.4444	  173.5849
7.984	 2.11	 2	 -42.7155	  173.5361
7.984	 2.80	 2	 -42.5803	  172.9803
7.988	 2.02	 1	 -41.8329	  174.2075
7.989	 2.30	 2	 -41.9748	  178.3480
7.989	 2.38	 2	 -42.5135	  174.0505
7.989	 2.09	 3	 -42.8050	  173.1718
7.989	 2.15	 1	 -41.8526	  173.9548
7.989	 2.44	 1	 -41.6373	  174.2452
7.990	 2.22	 4	 -42.7634	  172.5096
7.992	 2.44	 1	 -41.7969	  174.2153
7.993	 2.59	 2	 -42.4879	  173.1824
7.993	 2.21	 2	 -41.7023	  174.1320
7.994	 2.24	 3	 -41.9641	  178.2309
7.996	 2.98	 1	 -42.2579	  173.8598
8.000	 2.28	 1	 -41.6351	  174.3235
8.000	 4.59	 1	 -41.9989	  173.9057
8.000	 2.09	 2	 -42.3875	  173.7300
8.001	 2.10	 4	 -42.7980	  172.8210
8.005	 2.53	 1	 -42.3915	  173.7420
8.005	 2.03	 5	 -42.6461	  172.1653
8.005	 2.06	 3	 -41.5718	  178.5898
8.006	 2.43	 1	 -41.5978	  174.2601
8.007	 2.00	 3	 -41.9173	  178.5732
8.007	 2.16	 2	 -42.3403	  174.2198
8.008	 2.54	 2	 -42.3936	  173.8404
8.009	 3.29	 1	 -42.4592	  173.1704
8.010	 3.01	 2	 -41.7754	  174.3026
8.011	 2.52	 1	 -41.8160	  175.1460
8.012	 2.26	 2	 -42.5978	  172.9846
8.012	 2.04	 1	 -41.9791	  174.1230
8.013	 2.31	 1	 -42.0504	  173.7215
8.013	 2.96	 2	 -42.9533	  173.1456
8.013	 2.01	 1	 -41.9089	  174.0739
8.014	 2.00	 1	 -42.7171	  172.8071
8.014	 2.00	 2	 -42.9149	  173.2359
8.018	 2.98	 1	 -42.0143	  173.9111
8.020	 2.09	 1	 -41.2115	  175.3511
8.020	 2.58	 2	 -42.2651	  173.8844
8.020	 2.50	 1	 -41.7835	  174.2211
8.021	 2.23	 1	 -42.0407	  173.7315
8.022	 2.19	 1	 -42.3506	  173.0979
8.025	 2.29	 1	 -41.6841	  174.1797
8.026	 2.31	 5	 -42.5163	  173.2344
8.027	 2.38	 1	 -41.8621	  174.0937
8.029	 2.57	 1	 -41.7116	  174.2944
8.029	 3.11	 2	 -42.1076	  174.6423
8.029	 2.29	 1	 -42.0454	  174.2290
8.032	 2.34	 2	 -41.8994	  178.3551
8.033	 2.19	 2	 -42.2194	  173.6897
8.035	 2.24	 1	 -42.4703	  173.1896
8.035	 2.13	 1	 -42.1273	  174.0306
8.041	 2.71	 2	 -41.4522	  174.2597
8.041	 2.41	 2	 -42.0101	  178.3377
8.042	 2.54	 1	 -41.7975	  174.2171
8.042	 2.13	 2	 -42.1519	  173.6028
8.043	 2.31	 3	 -42.0311	  178.3857
8.043	 2.17	 1	 -41.6272	  174.2533
8.045	 2.10	 2	 -41.9525	  178.6516
8.045	 2.72	 4	 -41.8021	  178.3889
8.048	 2.24	 2	 -42.3377	  173.8594
8.048	 2.50	 1	 -42.2969	  173.8412
8.051	 2.76	 2	 -41.6421	  174.2872
8.052	 2.14	 1	 -42.3339	  173.6761
8.052	 2.36	 2	 -42.8107	  173.2204
8.052	 3.37	 1	 -42.5060	  173.8186
8.052	 3.15	 1	 -42.5567	  174.0944
8.053	 2.82	 3	 -42.2403	  174.1622
8.053	 2.05	 4	 -45.7064	  177.7459
8.054	 2.20	 1	 -42.2337	  173.8910
8.056	 2.49	 2	 -42.5029	  173.0599
8.057	 2.06	 1	 -42.7507	  172.8897
8.057	 2.98	 2	 -42.7714	  173.2789
8.058	 2.36	 2	 -42.8679	  173.3059
8.059	 2.06	 2	 -41.9641	  173.8943
8.059	 2.12	 1	 -41.6313	  174.0533
8.060	 2.14	 1	 -42.4954	  173.1347
8.060	 2.44	 1	 -41.6770	  174.3497
8.061	 2.12	 1	 -42.3074	  173.8681
8.063	 2.18	 1	 -42.0566	  173.8057
8.065	 2.77	 2	 -42.5228	  172.9384
8.065	 2.11	 1	 -42.6767	  173.5826
8.065	 3.91	 3	 -42.6182	  173.3719
8.066	 2.20	 1	 -42.4070	  173.3391
8.068	 2.46	 1	 -42.9056	  172.6420
8.068	 2.40	 4	 -42.0967	  178.0563
8.068	 2.10	 2	 -41.7467	  174.3232
8.069	 2.38	 1	 -42.3650	  173.9037
8.072	 2.07	 1	 -41.6848	  174.2665
8.072	 2.15	 4	 -42.7860	  173.2550
8.073	 2.17	 1	 -42.2869	  173.8461
8.077	 2.10	 4	 -41.6911	  174.4567
8.078	 2.19	 1	 -42.2150	  173.5997
8.078	 3.99	 1	 -42.1980	  173.5851
8.080	 2.19	 1	 -41.7175	  174.1963
8.083	 2.11	 2	 -42.3758	  173.2258
8.085	 2.16	 3	 -42.7135	  172.7313
8.086	 2.42	 4	 -42.0283	  178.3022
8.087	 3.15	 2	 -39.5862	  177.2298
8.088	 2.05	 2	 -42.6799	  172.8116
8.088	 2.02	 1	 -42.4605	  173.7988
8.088	 2.06	 2	 -41.9914	  173.8993
8.090	 2.24	 1	 -41.7581	  173.9925
8.092	 2.53	 2	 -42.2877	  174.1443
8.092	 3.27	 1	 -41.7289	  174.3699
8.093	 3.29	 1	 -42.3148	  173.9487
8.094	 2.15	 3	 -42.6149	  173.2043
8.094	 2.04	 1	 -41.6847	  174.2210
8.095	 2.35	 1	 -42.0381	  173.7548
8.097	 2.08	 3	 -41.8602	  178.4551
8.100	 2.05	 3	 -43.0355	  172.8801
8.100	 2.54	 4	 -42.0106	  178.3364
8.101	 2.31	 1	 -42.4863	  173.2469
8.101	 2.19	 1	 -42.1319	  173.9655
8.101	 2.23	 1	 -41.7479	  174.0667
8.101	 2.28	 1	 -42.2244	  173.6976
8.102	 3.53	 3	 -42.2171	  173.6444
8.105	 3.80	 1	 -41.7470	  174.2536
8.105	 2.89	 1	 -41.8017	  173.7427
8.106	 2.08	 4	 -42.5693	  173.0054
8.106	 2.29	 1	 -42.2796	  173.6082
8.107	 2.21	 2	 -42.5638	  172.8330
8.107	 2.82	 2	 -42.0256	  173.7889
8.107	 2.26	 1	 -42.5076	  173.2121
8.112	 2.87	 1	 -42.1161	  173.6709
8.113	 2.76	 2	 -42.7686	  172.5118
8.113	 2.15	 3	 -41.9965	  178.1786
8.115	 3.70	 1	 -41.4478	  167.1434
8.116	 3.05	 1	 -42.6040	  172.9139
8.117	 3.32	 2	 -42.7943	  173.6997
8.118	 2.34	 5	 -42.8593	  173.1763
8.119	 2.12	 4	 -42.6159	  173.3751
8.120	 2.85	 1	 -41.6989	  174.2701
8.120	 2.37	 1	 -42.1733	  173.5457
8.121	 2.94	 1	 -42.2330	  173.5087
8.121	 3.14	 2	 -41.6912	  174.2224
8.122	 2.95	 1	 -42.2393	  173.6372
8.123	 3.18	 2	 -42.4648	  173.1204
8.123	 2.97	 1	 -42.5487	  173.8389
8.124	 2.28	 3	 -42.8015	  173.3005
8.126	 2.69	 1	 -41.7812	  174.3312
8.128	 3.44	 3	 -42.1074	  173.9485
8.128	 2.31	 1	 -40.8132	  172.3041
8.129	 2.21	 2	 -38.0729	  175.2218
8.130	 2.98	 2	 -41.4571	  167.1577
8.132	 2.11	 1	 -41.8037	  174.2614
8.132	 2.09	 5	 -42.0704	  178.1935
8.135	 2.32	 1	 -42.4512	  173.4538
8.137	 2.06	 5	 -42.5401	  173.2838
8.137	 2.16	 1	 -42.0964	  173.6138
8.139	 2.12	 2	 -42.2058	  174.3075
8.139	 2.96	 2	 -41.8953	  178.3349
8.141	 2.14	 1	 -41.7571	  174.1625
8.142	 2.00	 4	 -42.0429	  173.9166
8.143	 2.10	 2	 -42.0335	  178.1987
8.143	 3.03	 1	 -41.9980	  173.7641
8.145	 2.19	 2	 -41.7260	  174.3177
8.146	 2.18	 1	 -42.0898	  173.7338
8.147	 2.02	 3	 -42.0207	  178.2149
8.149	 2.83	 4	 -42.1161	  178.1226
8.150	 2.06	 1	 -42.1086	  173.5450
8.151	 2.08	 1	 -42.3760	  173.1054
8.151	 2.40	 1	 -42.4625	  172.6979
8.152	 2.04	 1	 -42.5440	  173.5163
8.152	 2.87	 2	 -42.5465	  172.9979
8.152	 2.14	 1	 -41.6263	  174.0973
8.152	 2.24	 1	 -41.7950	  174.1524
8.153	 2.30	 1	 -41.6843	  174.1922
8.154	 2.23	 2	 -42.6104	  172.6609
8.154	 2.31	 1	 -42.6278	  172.8136
8.157	 2.00	 2	 -41.8894	  178.3700
8.157	 2.09	 1	 -41.7090	  174.2702
8.161	 2.05	 1	 -42.4177	  173.3192
8.161	 2.67	 2	 -41.7786	  174.2636
8.161	 2.05	 3	 -46.2769	  176.6526
8.162	 3.04	 3	 -42.0781	  173.9301
8.162	 2.04	 1	 -42.0117	  173.9483
8.162	 2.05	 2	 -42.8640	  172.6930
8.167	 2.34	 1	 -42.6717	  173.9084
8.167	 2.39	 1	 -42.8125	  173.1558
8.169	 2.17	 1	 -42.3315	  173.6703
8.171	 2.01	 1	 -42.3522	  173.8055
8.171	 2.19	 3	 -42.1021	  173.8208
8.174	 2.01	 4	 -42.5121	  173.2896
8.176	 2.38	 1	 -41.6822	  174.2456
8.176	 3.14	 3	 -42.6529	  172.5710
8.179	 2.13	 1	 -41.7912	  174.0681
8.180	 2.09	 2	 -41.7752	  178.4094
8.180	 2.36	 1	 -41.8942	  171.5399
8.181	 2.01	 1	 -42.2375	  173.6442
8.184	 3.35	 2	 -42.8412	  173.2878
8.185	 2.87	 3	 -42.9368	  174.1168
8.185	 2.83	 1	 -41.0891	  179.8554
8.185	 2.22	 1	 -41.7254	  174.3146
8.185	 2.73	 2	 -42.4783	  174.6909
8.187	 2.08	 3	 -42.1449	  173.3732
8.187	 4.13	 3	 -42.4701	  177.7399
8.190	 2.13	 3	 -42.5173	  173.1703
8.190	 2.88	 1	 -42.3152	  173.8648
8.191	 2.56	 1	 -41.6712	  174.1517
8.192	 2.21	 2	 -41.9147	  173.7479
8.193	 2.26	 1	 -46.4763	  175.8930
8.194	 2.35	 1	 -42.0030	  173.7408
8.195	 2.37	 3	 -46.2511	  176.6525
8.196	 2.29	 1	 -42.2815	  174.2007
8.196	 3.19	 2	 -42.2074	  173.5954
8.196	 2.19	 2	 -42.4457	  173.1455
8.197	 2.00	 2	 -42.7484	  172.9532
8.198	 2.09	 1	 -42.3732	  173.9545
8.198	 2.16	 3	 -42.8807	  173.2735
8.199	 2.03	 1	 -42.4121	  173.6882
8.199	 3.60	 2	 -42.1874	  173.6931
8.199	 2.66	 2	 -42.3131	  173.9496
8.202	 2.15	 1	 -41.5959	  174.4506
8.202	 2.20	 3	 -42.2409	  178.3353
8.203	 2.08	 2	 -40.9575	  179.4572
8.203	 2.85	 1	 -41.7145	  174.2829
8.204	 2.22	 2	 -42.3634	  173.0059
8.204	 2.01	 1	 -43.0529	  172.7114
8.204	 2.56	 1	 -41.3596	  173.1910
8.205	 2.22	 1	 -42.2681	  173.6384
8.205	 2.03	 2	 -42.9273	  173.2818
8.206	 2.18	 3	 -42.6610	  173.8313
8.206	 3.88	 2	 -42.4498	  173.0610
8.208	 2.79	 3	 -42.5313	  173.0645
8.209	 2.42	 1	 -42.6184	  173.2845
8.212	 2.12	 1	 -42.2809	  173.6393
8.215	 2.05	 1	 -42.0212	  175.0341
8.215	 2.23	 2	 -42.7915	  173.0390
8.218	 2.67	 3	 -41.8452	  178.3129
8.219	 2.63	 4	 -42.7892	  173.2897
8.219	 2.79	 1	 -41.8120	  174.1937
8.222	 2.25	 3	 -42.0127	  178.3598
8.222	 2.13	 2	 -42.5443	  173.1982
8.223	 2.11	 5	 -42.7968	  173.2452
8.225	 2.06	 1	 -42.0707	  173.7603
8.225	 2.36	 3	 -42.8075	  173.1817
8.225	 2.22	 1	 -42.0591	  174.0947
8.225	 2.80	 1	 -42.5835	  172.9321
8.226	 2.36	 1	 -42.3417	  173.8610
8.227	 2.07	 2	 -46.0984	  176.5425
8.228	 2.37	 1	 -42.5762	  173.1743
8.229	 2.08	 1	 -41.7223	  174.1964
8.230	 2.13	 1	 -42.2539	  173.6882
8.230	 2.03	 3	 -41.8433	  178.1027
8.231	 2.00	 2	 -42.3094	  173.8689
8.231	 2.31	 1	 -41.6749	  174.2674
8.231	 2.40	 1	 -41.7646	  174.2367
8.233	 2.02	 1	 -42.7496	  170.5273
8.234	 2.52	 1	 -42.0873	  173.6403
8.235	 3.01	 3	 -42.1732	  174.4002
8.236	 2.16	 2	 -42.3891	  173.5830
8.237	 2.01	 2	 -41.9044	  174.4357
8.239	 2.01	 1	 -42.1308	  173.7811
8.239	 2.07	 2	 -42.3098	  173.9484
8.241	 2.11	 2	 -42.1069	  173.6753
8.243	 2.57	 1	 -42.6467	  172.9513
8.244	 2.67	 1	 -42.4180	  173.0956
8.245	 2.33	 1	 -42.1265	  176.1423
8.245	 2.23	 4	 -42.1782	  174.0193
8.246	 2.28	 1	 -42.6671	  173.3669
8.246	 2.76	 1	 -42.0623	  173.6579
8.247	 2.14	 5	 -42.4857	  173.2877
8.247	 2.68	 2	 -41.8121	  174.1949
8.247	 2.41	 4	 -42.1025	  173.9451
8.247	 2.07	 1	 -42.6366	  173.2067
8.248	 4.44	 1	 -42.2471	  173.5388
8.248	 2.02	 3	 -42.6205	  172.6337
8.249	 2.02	 1	 -41.7734	  174.2495
8.250	 2.15	 1	 -41.8078	  174.2013
8.250	 3.05	 1	 -41.7901	  174.2061
8.254	 2.02	 3	 -41.9148	  178.4338
8.257	 2.64	 1	 -42.3230	  173.9493
8.258	 2.12	 2	 -42.4409	  172.8459
8.261	 2.94	 3	 -42.0555	  178.2216
8.261	 2.39	 1	 -41.6968	  174.2948
8.261	 2.53	 2	 -41.7846	  178.3683
8.261	 2.10	 2	 -42.2064	  173.5742
8.261	 2.75	 3	 -41.8980	  178.2623
8.262	 2.78	 1	 -42.3658	  173.2579
8.264	 2.17	 2	 -42.2358	  173.7281
8.264	 2.39	 1	 -42.7641	  172.9960
8.265	 2.92	 2	 -42.2804	  173.5208
8.265	 2.01	 1	 -42.6351	  173.2303
8.266	 2.34	 3	 -41.8794	  178.3397
8.269	 2.02	 2	 -41.8160	  174.4675
8.270	 2.26	 1	 -41.7203	  174.3185
8.273	 2.08	 2	 -42.4968	  173.9471
8.273	 2.16	 1	 -42.0077	  173.9534
8.273	 2.06	 1	 -42.3665	  173.6141
8.274	 2.61	 3	 -42.2023	  174.4118
8.276	 2.26	 1	 -42.1300	  173.5658
8.276	 2.12	 2	 -41.7752	  174.2717
8.277	 2.16	 4	 -42.4531	  177.7090
8.277	 2.52	 1	 -42.6333	  174.3482
8.280	 2.21	 3	 -41.6890	  174.2008
8.280	 2.17	 2	 -41.7225	  173.7779
8.281	 2.06	 2	 -42.5463	  173.8237
8.282	 2.77	 1	 -42.3259	  174.4207
8.283	 2.67	 3	 -42.6682	  173.2639
8.283	 2.33	 1	 -42.5837	  173.1694
8.284	 2.24	 3	 -42.2152	  174.3878
8.285	 2.22	 4	 -42.7818	  173.2614
8.285	 3.31	 1	 -42.0552	  174.4738
8.286	 4.03	 4	 -42.8012	  173.3334
8.291	 2.14	 1	 -41.8358	  174.1458
8.291	 2.50	 1	 -42.1716	  173.9144
8.292	 2.35	 3	 -41.8155	  178.4969
8.292	 3.44	 1	 -42.5806	  173.2533
8.293	 2.14	 1	 -42.5511	  173.1575
8.294	 2.33	 2	 -42.4320	  173.8149
8.295	 2.20	 1	 -42.5566	  173.0814
8.295	 2.23	 3	 -42.4544	  172.8703
8.298	 2.63	 1	 -42.1164	  173.6838
8.298	 2.01	 3	 -42.4636	  173.7797
8.299	 2.93	 1	 -41.6740	  174.2124
8.300	 3.15	 2	 -41.6879	  174.2959
8.300	 2.63	 2	 -42.5916	  172.8955
8.302	 2.38	 2	 -41.7894	  174.0683
8.304	 2.03	 2	 -42.1214	  173.8690
8.304	 2.60	 4	 -42.6135	  173.0199
8.308	 2.79	 1	 -39.3848	  177.1664
8.309	 2.32	 4	 -42.0868	  178.0925
8.311	 2.03	 1	 -44.1734	  175.4602
8.311	 2.03	 2	 -42.5211	  173.3136
8.313	 2.97	 1	 -42.9889	  172.6668
8.315	 3.85	 1	 -42.4306	  173.0593
8.315	 2.81	 2	 -42.1125	  178.5302
8.315	 2.33	 1	 -42.0835	  173.8579
8.315	 3.57	 1	 -38.5634	  176.1669
8.316	 2.23	 5	 -42.8014	  173.3522
8.316	 2.31	 2	 -42.5753	  173.3438
8.316	 2.12	 1	 -42.1700	  173.3047
8.317	 2.23	 1	 -42.6743	  172.8750
8.318	 2.41	 1	 -41.8295	  174.2759
8.319	 3.34	 1	 -42.3501	  173.5715
8.320	 2.01	 1	 -42.2728	  173.7060
8.321	 2.54	 2	 -42.2219	  174.4198
8.322	 3.03	 1	 -42.5633	  172.9340
8.322	 2.10	 1	 -40.5278	  170.2778
8.323	 2.68	 1	 -41.5939	  173.9003
8.323	 2.08	 1	 -42.5092	  173.0827
8.323	 2.79	 3	 -42.1771	  174.4527
8.326	 2.31	 3	 -42.1059	  173.8449
8.326	 2.02	 2	 -42.5215	  173.8540
8.326	 3.24	 2	 -41.5923	  173.8979
8.327	 2.17	 1	 -41.7772	  174.2373
8.328	 2.19	 1	 -39.4297	  171.3305
8.328	 2.48	 1	 -41.9799	  173.6355
8.329	 2.09	 2	 -41.3359	  174.2438
8.329	 2.40	 1	 -42.6470	  173.0367
8.330	 2.08	 1	 -42.3167	  173.0042
8.331	 2.75	 2	 -42.2452	  173.4331
8.332	 2.21	 5	 -41.8013	  178.3939
8.332	 2.05	 3	 -42.3542	  173.6576
8.333	 3.40	 2	 -42.7376	  173.3827
8.333	 2.67	 1	 -41.6787	  174.2122
8.334	 2.63	 4	 -42.6737	  172.6093
8.335	 2.06	 2	 -39.8931	  173.3166
8.337	 2.53	 4	 -41.9621	  178.5372
8.338	 2.20	 3	 -42.3590	  173.8739
8.338	 2.60	 2	 -42.3813	  174.7270
8.339	 2.04	 1	 -41.7204	  174.2355
8.340	 2.42	 2	 -41.8592	  174.1916
8.340	 2.01	 1	 -42.6246	  173.4239
8.341	 2.00	 1	 -42.3721	  174.0200
8.342	 2.44	 1	 -41.7120	  173.9686
8.343	 3.42	 2	 -42.3800	  172.8146
8.343	 2.14	 1	 -42.2860	  173.7010
8.343	 2.10	 2	 -38.9476	  171.7222
8.344	 2.52	 3	 -42.6060	  172.7610
8.344	 2.61	 2	 -42.5822	  173.2672
8.345	 3.57	 1	 -42.8137	  172.9360
8.349	 2.86	 1	 -42.3694	  172.8544
8.349	 2.36	 3	 -41.9072	  178.4382
8.350	 2.15	 2	 -42.1012	  174.5597
8.350	 2.21	 3	 -42.6160	  172.6678
8.350	 3.84	 2	 -41.7428	  174.2768
8.351	 2.33	 2	 -42.5745	  173.0520
8.351	 2.10	 2	 -38.5654	  176.1662
8.352	 2.06	 1	 -41.7992	  174.2065
8.352	 2.04	 1	 -42.6620	  172.8929
8.352	 2.33	 1	 -42.2112	  173.7241
8.353	 2.16	 3	 -41.6244	  174.0305
8.353	 2.22	 2	 -39.4745	  177.2310
8.354	 2.52	 2	 -42.3205	  173.6677
8.354	 2.15	 1	 -41.9492	  173.6451
8.357	 2.18	 2	 -42.3901	  172.1183
8.357	 2.38	 1	 -41.7635	  174.3259
8.359	 2.93	 3	 -42.3250	  173.1551
8.359	 2.01	 4	 -41.5452	  178.7393
8.361	 2.77	 1	 -42.5287	  173.1756
8.362	 2.33	 1	 -41.9855	  173.9983
8.363	 3.13	 3	 -41.8775	  178.2999
8.364	 2.22	 1	 -42.1374	  173.6015
8.364	 3.85	 3	 -42.6328	  172.4420
8.366	 2.24	 1	 -43.1107	  174.2772
8.367	 2.22	 1	 -46.9217	  170.9436
8.368	 2.31	 1	 -41.8197	  174.0861
8.369	 2.82	 2	 -42.2866	  173.7013
8.370	 2.17	 1	 -41.7428	  174.1854
8.372	 2.40	 1	 -42.7672	  173.0322
8.373	 2.20	 1	 -42.2442	  173.6980
8.374	 2.86	 1	 -42.2018	  173.5462
8.381	 2.38	 1	 -42.5396	  173.0671
8.382	 2.55	 1	 -42.2367	  173.6948
8.383	 2.16	 1	 -42.3387	  173.8297
8.385	 2.86	 1	 -42.5233	  173.0938
8.386	 2.76	 1	 -42.3140	  174.1500
8.389	 2.23	 1	 -42.1337	  173.5800
8.389	 2.39	 3	 -42.5661	  173.3123
8.389	 2.03	 3	 -42.1544	  174.4359
8.391	 2.64	 4	 -41.6499	  178.1972
8.392	 2.70	 2	 -42.9046	  173.2297
8.394	 2.22	 2	 -41.9077	  173.6079
8.394	 2.10	 1	 -41.9859	  174.1108
8.395	 2.39	 1	 -42.2804	  173.7513
8.395	 2.25	 4	 -41.9094	  178.2792
8.396	 2.05	 3	 -42.5925	  173.1843
8.396	 2.26	 1	 -42.3049	  173.4223
8.397	 2.08	 2	 -42.2605	  173.6883
8.400	 2.03	 2	 -42.8499	  173.3907
8.400	 2.45	 1	 -42.4919	  173.0500
8.400	 2.98	 2	 -41.0831	  173.2293
8.403	 2.20	 1	 -42.6250	  173.3736
8.404	 2.34	 2	 -41.6166	  174.0707
8.404	 3.18	 4	 -42.8766	  173.2442
8.408	 2.11	 2	 -42.5241	  173.0884
8.408	 2.28	 2	 -41.9920	  174.8255
8.409	 3.84	 2	 -41.7465	  174.2544
8.409	 2.39	 1	 -42.4330	  173.6169
8.409	 2.79	 2	 -42.5141	  173.0985
8.412	 3.39	 1	 -42.4449	  173.8354
8.412	 2.04	 2	 -42.8796	  173.1403
8.412	 2.63	 1	 -42.3968	  173.7857
8.414	 2.43	 1	 -42.0602	  174.5078
8.414	 2.58	 2	 -41.8920	  178.2821
8.416	 2.12	 3	 -41.9434	  173.7245
8.416	 2.01	 2	 -42.5007	  173.0849
8.417	 2.12	 3	 -42.3402	  173.8804
8.418	 2.45	 1	 -41.8120	  174.2668
8.421	 2.31	 1	 -42.9940	  172.1993
8.425	 2.01	 2	 -42.4263	  174.0069
8.425	 2.22	 3	 -41.7573	  174.2520
8.427	 3.82	 3	 -41.8842	  178.3633
8.428	 2.15	 1	 -42.5220	  173.0476
8.428	 2.48	 2	 -42.2357	  174.4242
8.429	 2.25	 3	 -42.5372	  174.3683
8.430	 2.76	 2	 -42.2223	  173.5329
8.432	 2.80	 1	 -41.7083	  174.2760
8.432	 4.06	 5	 -42.6484	  172.5969
8.434	 2.08	 3	 -42.5479	  173.8220
8.434	 2.50	 1	 -42.4402	  173.1721
8.434	 2.39	 1	 -42.7388	  171.5553
8.434	 3.14	 1	 -42.2458	  173.5966
8.436	 3.38	 1	 -41.6645	  174.1972
8.439	 2.14	 2	 -42.5030	  173.0296
8.440	 2.33	 2	 -42.5820	  173.1207
8.440	 2.20	 1	 -42.2036	  173.7959
8.442	 2.29	 1	 -42.4280	  173.2949
8.443	 2.75	 1	 -42.3938	  173.6735
8.443	 2.04	 1	 -42.2463	  173.5013
8.446	 2.10	 3	 -42.1694	  173.8180
8.446	 2.43	 2	 -42.1566	  178.1875
8.450	 2.20	 1	 -41.7453	  174.1763
8.450	 2.20	 1	 -42.2902	  173.8096
8.453	 3.69	 3	 -41.8583	  178.2831
8.453	 2.27	 2	 -41.9534	  178.4711
8.455	 2.08	 1	 -42.3420	  173.9991
8.455	 2.10	 1	 -42.0611	  173.6211
8.457	 2.43	 4	 -42.5443	  173.3332
8.458	 2.47	 4	 -41.9235	  178.3968
8.461	 2.99	 1	 -42.4235	  173.6040
8.461	 2.04	 1	 -41.7277	  174.1470
8.462	 3.07	 1	 -42.6812	  172.7994
8.462	 2.05	 2	 -42.7984	  173.2336
8.464	 2.14	 2	 -42.1651	  173.6134
8.464	 2.04	 1	 -42.2407	  173.8886
8.465	 2.20	 1	 -41.8686	  174.0158
8.465	 2.47	 1	 -42.2394	  173.6537
8.466	 2.17	 1	 -42.4758	  173.7520
8.466	 2.36	 4	 -43.0833	  173.2760
8.467	 2.07	 2	 -42.4450	  173.8352
8.468	 2.28	 1	 -42.5817	  174.0398
8.469	 2.23	 1	 -42.6258	  173.1082
8.469	 3.25	 2	 -41.7486	  174.1328
8.470	 2.01	 1	 -42.1344	  173.7910
8.472	 2.20	 2	 -41.8141	  178.3573
8.474	 2.06	 3	 -41.8103	  178.2150
8.474	 2.21	 2	 -42.4557	  173.7532
8.476	 2.10	 2	 -42.2783	  173.4949
8.477	 2.23	 1	 -42.3707	  173.9029
8.478	 2.41	 1	 -41.8104	  174.8141
8.478	 2.17	 1	 -42.2764	  173.9879
8.479	 2.78	 1	 -41.7871	  174.1962
8.481	 2.27	 1	 -42.4853	  173.2703
8.482	 2.11	 3	 -42.7370	  173.3842
8.482	 2.59	 2	 -42.5369	  173.8050
8.484	 2.07	 1	 -41.7330	  174.3046
8.484	 2.07	 2	 -41.8893	  178.4039
8.487	 2.19	 2	 -42.3303	  174.0275
8.488	 2.66	 2	 -42.0577	  173.9402
8.491	 2.58	 1	 -42.5952	  173.0902
8.492	 2.27	 6	 -42.0913	  178.1115
8.494	 2.25	 1	 -40.6697	  173.7244
8.494	 2.74	 4	 -42.2377	  174.1580
8.495	 2.73	 3	 -42.7383	  173.3838
8.496	 2.61	 1	 -42.4202	  174.5659
8.497	 2.67	 2	 -42.3942	  173.8298
8.498	 2.43	 2	 -42.8645	  173.3232
8.500	 2.14	 4	 -42.1908	  174.4922
8.501	 2.29	 2	 -42.7403	  173.3701
8.504	 2.22	 2	 -42.1208	  178.7025
8.505	 3.52	 1	 -41.8604	  173.9379
8.509	 2.17	 2	 -42.2219	  173.6768
8.509	 2.09	 2	 -41.8716	  178.4778
8.509	 2.51	 2	 -41.7066	  174.2979
8.511	 2.15	 3	 -42.4493	  172.8107
8.511	 2.25	 2	 -42.0310	  173.0011
8.512	 2.09	 2	 -41.7115	  173.9713
8.513	 2.12	 1	 -42.5766	  173.2541
8.515	 2.21	 3	 -42.6543	  172.6908
8.517	 2.69	 3	 -42.5348	  173.8400
8.518	 4.04	 2	 -42.0474	  173.6037
8.518	 2.54	 1	 -42.2924	  173.5890
8.520	 2.22	 3	 -42.8366	  173.3569
8.520	 2.38	 1	 -41.8081	  173.5718
8.521	 2.07	 2	 -42.4507	  173.4817
8.523	 2.26	 2	 -42.6515	  172.8258
8.524	 2.18	 1	 -42.1671	  173.6442
8.525	 4.02	 1	 -42.2614	  173.8446
8.529	 2.08	 2	 -42.3025	  173.8632
8.532	 2.15	 1	 -42.4579	  173.7567
8.532	 2.05	 2	 -42.2557	  172.9803
8.534	 2.22	 3	 -42.2137	  173.6008
8.535	 2.08	 6	 -42.6307	  172.5355
8.536	 2.33	 1	 -42.3840	  174.0395
8.537	 2.02	 2	 -42.5325	  173.0326
8.538	 2.05	 1	 -42.2490	  173.6750
8.538	 2.05	 3	 -41.8793	  174.1968
8.538	 2.21	 3	 -42.7911	  173.0407
8.541	 2.74	 2	 -42.2505	  173.7834
8.542	 2.34	 1	 -41.6918	  174.1477
8.545	 2.80	 1	 -40.2759	  173.4088
8.546	 4.16	 5	 -42.5241	  173.2561
8.549	 3.02	 1	 -42.3168	  173.9585
8.552	 2.19	 1	 -42.4461	  173.0013
8.552	 2.12	 2	 -42.7797	  173.3108
8.554	 2.80	 1	 -41.6915	  174.1735
8.554	 2.49	 4	 -42.7852	  173.4784
8.556	 2.17	 1	 -41.2148	  173.7144
8.558	 2.33	 4	 -41.9409	  178.4245
8.559	 2.13	 2	 -42.1502	  174.3945
8.559	 2.06	 1	 -42.5057	  173.7523
8.562	 2.77	 2	 -41.9558	  173.6964
8.562	 2.29	 1	 -42.6180	  173.2422
8.564	 3.16	 1	 -41.7868	  173.4870
8.567	 2.19	 2	 -42.3171	  173.8856
8.568	 2.86	 2	 -42.5107	  173.0079
8.570	 2.83	 1	 -42.0942	  173.6348
8.570	 2.00	 1	 -42.2177	  173.5922
8.572	 2.43	 1	 -41.8149	  174.1640
8.572	 2.54	 1	 -42.3134	  174.0298
8.574	 2.07	 1	 -42.7971	  172.7031
8.575	 2.81	 1	 -41.6932	  174.2453
8.577	 2.38	 2	 -42.4634	  173.1631
8.577	 2.24	 4	 -42.4735	  177.7377
8.577	 2.80	 2	 -41.7488	  174.3807
8.578	 2.52	 5	 -42.5284	  173.2688
8.578	 2.05	 2	 -41.8066	  174.2552
8.578	 2.05	 3	 -42.5168	  172.9607
8.579	 2.12	 2	 -42.2853	  173.8690
8.581	 2.37	 4	 -41.8567	  178.3607
8.582	 2.35	 4	 -42.1328	  173.8248
8.583	 3.47	 1	 -41.6823	  174.3242
8.587	 2.76	 2	 -42.5421	  173.0476
8.588	 2.13	 3	 -46.2897	  176.6304
8.588	 2.31	 1	 -42.3434	  173.6852
8.589	 2.37	 1	 -42.3007	  174.0097
8.590	 2.59	 2	 -42.4888	  173.6552
8.590	 2.77	 1	 -42.0058	  173.7764
8.590	 2.07	 2	 -43.1608	  173.0970
8.593	 2.29	 1	 -42.1753	  174.7513
8.595	 2.43	 1	 -46.4585	  170.3348
8.597	 2.05	 2	 -43.3022	  173.1503
8.599	 2.17	 1	 -42.3630	  173.6622
8.600	 2.60	 2	 -41.7707	  174.4182
8.602	 2.06	 1	 -42.5093	  173.1324
8.606	 2.56	 1	 -42.0850	  173.5224
8.607	 3.85	 2	 -42.2761	  173.8408
8.607	 2.65	 6	 -42.5458	  173.2595
8.608	 2.37	 1	 -41.9439	  173.7510
8.609	 2.31	 1	 -42.5741	  173.2710
8.610	 2.47	 2	 -42.1935	  173.6944
8.610	 2.07	 2	 -42.8459	  173.2839
8.613	 2.59	 1	 -42.4156	  173.1690
8.614	 2.10	 1	 -42.3405	  174.0561
8.615	 2.44	 2	 -42.2196	  173.7482
8.616	 3.23	 2	 -41.8080	  174.2191
8.617	 2.03	 2	 -42.1574	  173.4487
8.617	 2.07	 1	 -41.8920	  173.7817
8.617	 2.37	 3	 -42.2650	  173.6945
8.617	 2.22	 2	 -41.8461	  174.1534
8.617	 2.40	 2	 -42.1734	  173.5477
8.618	 2.15	 2	 -42.9116	  173.2577
8.619	 2.08	 1	 -41.8158	  174.3060
8.619	 2.18	 3	 -42.5109	  173.2534
8.622	 2.31	 1	 -42.4935	  173.5609
8.623	 2.77	 3	 -41.2901	  175.0171
8.624	 3.39	 2	 -42.2748	  173.9567
8.625	 2.02	 1	 -42.2862	  173.5354
8.626	 2.04	 1	 -42.3878	  173.7220
8.627	 3.84	 2	 -41.9372	  174.0484
8.629	 2.00	 1	 -41.7047	  174.4201
8.630	 2.12	 3	 -42.1493	  173.9683
8.635	 2.20	 3	 -41.9227	  173.7935
8.635	 2.03	 2	 -42.6476	  172.9493
8.635	 2.04	 1	 -42.5593	  172.9323
8.636	 2.27	 1	 -41.8933	  174.0244
8.638	 2.84	 1	 -42.1879	  173.6431
8.639	 2.14	 2	 -42.4625	  173.7605
8.640	 2.63	 2	 -42.8045	  173.9910
8.640	 2.53	 1	 -41.8084	  174.1674
8.640	 2.38	 1	 -41.7859	  174.4260
8.640	 2.78	 6	 -42.5258	  173.2635
8.641	 3.34	 1	 -41.7652	  174.2717
8.641	 2.54	 1	 -41.6948	  174.3990
8.643	 2.06	 1	 -41.5920	  174.5556
8.643	 2.04	 2	 -41.4440	  178.0707
8.644	 2.30	 2	 -42.7958	  172.9714
8.644	 2.06	 1	 -41.8917	  174.4174
8.644	 2.38	 1	 -41.6178	  174.4192
8.645	 2.17	 2	 -42.2195	  174.4573
8.649	 2.08	 6	 -42.7115	  173.2482
8.650	 2.16	 1	 -42.6312	  172.9351
8.651	 2.05	 1	 -42.5167	  173.1732
8.653	 2.03	 1	 -41.7378	  176.2471
8.654	 2.51	 2	 -41.7859	  173.4740
8.654	 2.21	 2	 -41.8009	  174.2065
8.655	 2.68	 2	 -42.9082	  173.4225
8.656	 2.25	 1	 -42.7668	  178.7684
8.656	 2.22	 2	 -42.0567	  173.6191
8.657	 2.69	 1	 -42.3628	  174.1076
8.659	 2.09	 1	 -42.0527	  173.8543
8.660	 2.16	 1	 -42.3936	  174.0232
8.664	 2.30	 2	 -42.3253	  174.4207
8.665	 2.02	 5	 -42.6741	  172.6071
8.666	 2.02	 2	 -41.7953	  173.3067
8.666	 2.26	 2	 -42.9516	  173.1955
8.668	 3.13	 1	 -42.0823	  173.8457
8.668	 2.48	 1	 -42.7722	  174.1756
8.668	 2.07	 1	 -44.8085	  170.2970
8.668	 2.65	 1	 -41.6232	  174.3437
8.668	 2.20	 1	 -42.3965	  174.0427
8.670	 2.05	 2	 -41.6548	  174.2267
8.670	 2.07	 2	 -42.5859	  172.8398
8.672	 2.41	 1	 -41.4874	  173.7804
8.673	 4.67	 2	 -42.4527	  173.1498
8.674	 2.36	 1	 -42.3292	  173.1476
8.674	 2.88	 1	 -43.2784	  172.7683
8.675	 2.65	 4	 -41.9790	  178.2735
8.677	 2.20	 1	 -41.7288	  174.2708
8.678	 2.50	 3	 -42.9177	  173.2310
8.680	 2.19	 3	 -42.5660	  173.5243
8.682	 2.55	 2	 -45.7547	  177.3060
8.683	 2.06	 1	 -42.2210	  174.6435
8.683	 2.03	 5	 -42.7812	  173.3244
8.684	 2.33	 1	 -42.2405	  173.6480
8.685	 3.56	 1	 -42.4332	  173.2888
8.688	 2.27	 3	 -42.2617	  173.7497
8.688	 2.25	 1	 -42.8079	  171.2704
8.689	 2.10	 1	 -42.2253	  173.6952
8.694	 3.42	 3	 -42.5455	  173.0417
8.694	 4.12	 2	 -42.0649	  174.1318
8.696	 3.27	 3	 -41.8906	  178.4371
8.697	 3.52	 3	 -41.8954	  178.4226
8.697	 2.30	 2	 -41.8145	  174.1924
8.699	 2.49	 2	 -46.9168	  170.9522
8.699	 2.74	 1	 -41.0304	  172.7283
8.699	 2.00	 1	 -42.2986	  173.6998
8.699	 2.56	 2	 -42.5078	  173.0938
8.703	 3.47	 1	 -41.5879	  173.9754
8.703	 2.36	 1	 -41.8010	  174.4361
8.704	 2.49	 1	 -42.0233	  173.2389
8.705	 2.39	 3	 -41.9420	  174.0795
8.705	 2.54	 2	 -42.8734	  173.5470
8.706	 2.34	 1	 -42.4807	  173.4131
8.706	 2.09	 1	 -42.3848	  173.7892
8.707	 2.70	 4	 -40.2846	  174.2262
8.708	 3.44	 1	 -42.3887	  173.9513
8.708	 3.26	 1	 -42.5756	  172.8883
8.710	 2.39	 1	 -42.5848	  172.7371
8.710	 3.14	 1	 -42.6104	  172.6205
8.711	 2.54	 1	 -43.9611	  169.0270
8.712	 2.23	 1	 -42.5692	  173.0313
8.712	 2.52	 2	 -42.5102	  173.0764
8.714	 3.55	 1	 -41.5948	  174.1421
8.715	 2.29	 1	 -41.9807	  173.8295
8.721	 2.10	 3	 -44.8741	  174.2826
8.722	 2.19	 1	 -41.7104	  174.2027
8.724	 2.11	 3	 -41.8065	  174.3388
8.726	 2.15	 2	 -42.5521	  172.9928
8.726	 2.23	 2	 -42.9165	  174.6726
8.730	 2.08	 2	 -42.4902	  173.1344
8.730	 2.53	 2	 -41.8106	  174.2089
8.734	 2.07	 1	 -41.7638	  174.3017
8.737	 3.15	 1	 -42.1235	  173.8339
8.739	 2.13	 2	 -42.4723	  173.7401
8.739	 2.02	 1	 -42.3421	  173.7459
8.740	 2.11	 3	 -42.1381	  173.7021
8.741	 2.04	 1	 -42.7896	  173.5162
8.741	 2.12	 1	 -41.7738	  174.2734
8.745	 2.69	 1	 -42.4719	  173.1467
8.748	 2.01	 2	 -41.8166	  174.1524
8.748	 2.71	 3	 -41.8127	  178.4259
8.751	 2.67	 2	 -41.8339	  178.4434
8.752	 2.13	 1	 -42.5920	  173.0093
8.756	 2.29	 1	 -42.3739	  172.9335
8.756	 2.44	 1	 -43.6488	  179.4965
8.757	 2.26	 2	 -42.7065	  173.1991
8.758	 2.05	 1	 -41.7418	  174.2422
8.759	 2.45	 2	 -42.5176	  173.0829
8.760	 4.11	 3	 -42.6608	  172.5386
8.760	 2.21	 2	 -41.9180	  178.5040
8.763	 2.14	 1	 -41.9094	  174.2927
8.764	 2.08	 2	 -42.4692	  173.7660
8.765	 2.42	 1	 -41.7043	  174.2834
8.767	 2.23	 6	 -42.6715	  172.7254
8.768	 2.99	 2	 -42.3898	  173.5424
8.768	 2.73	 1	 -41.9820	  174.0411
8.768	 2.20	 2	 -42.4150	  173.1342
8.769	 2.11	 2	 -41.7632	  174.3792
8.769	 2.73	 4	 -45.7031	  177.7456
8.771	 2.66	 1	 -42.4112	  173.8879
8.772	 2.39	 1	 -41.7620	  174.1936
8.772	 2.40	 1	 -41.4992	  174.4526
8.772	 2.05	 1	 -42.3534	  173.3769
8.772	 3.92	 1	 -42.3293	  173.8404
8.775	 3.56	 5	 -42.2403	  178.1238
8.778	 2.15	 2	 -42.1087	  174.3150
8.783	 2.05	 2	 -42.2901	  174.1519
8.783	 2.05	 1	 -42.6198	  172.9873
8.785	 2.09	 1	 -42.6223	  172.6529
8.787	 2.20	 3	 -42.2047	  174.2592
8.788	 2.03	 1	 -42.3212	  173.4749
8.789	 2.54	 1	 -42.6632	  173.0394
8.790	 2.61	 1	 -42.4499	  173.7592
8.791	 2.29	 1	 -42.2964	  173.6866
8.792	 2.12	 1	 -41.4041	  174.3508
8.793	 3.25	 2	 -41.7166	  179.0669
8.793	 2.48	 1	 -42.6530	  173.0038
8.797	 3.46	 1	 -42.3750	  173.6764
8.798	 3.72	 2	 -41.9063	  178.4530
8.798	 2.28	 4	 -42.4760	  177.7362
8.798	 2.33	 2	 -42.2827	  173.9473
8.798	 3.13	 1	 -41.7060	  174.4307
8.798	 3.33	 2	 -42.8345	  172.9100
8.804	 3.62	 5	 -42.5273	  173.2641
8.806	 2.03	 3	 -42.8211	  173.2668
8.807	 2.82	 1	 -42.3021	  173.5916
8.809	 2.25	 1	 -41.9754	  173.4045
8.809	 2.14	 4	 -42.2223	  173.6393
8.815	 2.06	 3	 -42.7744	  180.2426
8.817	 2.13	 1	 -42.4752	  173.1587
8.817	 2.32	 1	 -42.7987	  173.5276
8.818	 2.50	 2	 -41.6808	  174.1036
8.818	 2.41	 2	 -41.8709	  174.2961
8.818	 2.34	 2	 -42.2179	  173.9723
8.819	 2.53	 1	 -42.7925	  172.8723
8.820	 2.73	 2	 -41.8076	  174.4967
8.820	 2.90	 1	 -41.7670	  174.3846
8.821	 3.27	 1	 -41.9514	  173.9357
8.822	 2.10	 1	 -42.1895	  173.9890
8.822	 3.41	 1	 -41.7099	  174.2929
8.822	 2.07	 1	 -41.7320	  174.1573
8.824	 2.24	 1	 -42.3584	  173.0889
8.825	 2.00	 2	 -41.0040	  181.3540
8.825	 2.10	 1	 -42.3218	  173.9184
8.825	 2.27	 4	 -42.6842	  173.6017
8.828	 2.65	 1	 -43.1100	  172.5524
8.829	 2.53	 2	 -41.6017	  174.5849
8.830	 2.09	 1	 -41.9929	  174.3559
8.830	 2.18	 2	 -42.3825	  173.0701
8.831	 2.37	 3	 -42.4889	  173.9353
8.831	 2.26	 1	 -42.0144	  173.8739
8.831	 2.56	 1	 -42.1537	  172.9161
8.832	 2.70	 1	 -42.9881	  173.3581
8.834	 2.08	 6	 -42.6087	  173.1853
8.835	 2.26	 1	 -42.1228	  173.5562
8.836	 2.08	 2	 -41.5387	  174.3717
8.837	 2.08	 4	 -41.8768	  178.4187
8.837	 2.31	 3	 -42.5732	  173.2826
8.839	 2.47	 1	 -42.0488	  173.9987
8.839	 2.00	 3	 -41.8099	  174.2206
8.840	 2.83	 1	 -41.7145	  174.2456
8.841	 2.59	 1	 -42.5598	  173.1089
8.841	 2.45	 6	 -41.9581	  177.9740
8.841	 2.05	 1	 -42.3351	  174.0989
8.843	 2.41	 1	 -42.3601	  174.0284
8.843	 2.06	 1	 -42.3317	  173.4270
8.844	 2.07	 2	 -42.2327	  173.5667
8.846	 2.44	 1	 -41.8786	  174.2740
8.847	 2.79	 1	 -42.7995	  173.6255
8.847	 2.12	 1	 -42.0115	  173.7886
8.848	 3.00	 3	 -42.6408	  172.6482
8.848	 2.30	 3	 -42.0492	  173.6772
8.849	 3.28	 1	 -42.0945	  173.6147
8.849	 2.24	 1	 -42.5864	  173.1375
8.849	 2.13	 1	 -42.4649	  173.2527
8.850	 2.11	 2	 -42.3395	  173.4921
8.852	 2.15	 1	 -42.8970	  172.9139
8.853	 2.13	 1	 -42.0375	  173.7660
8.853	 2.37	 1	 -42.3360	  173.2394
8.855	 2.24	 1	 -42.3803	  173.2500
8.856	 2.20	 2	 -46.3853	  169.8247
8.858	 2.19	 4	 -41.8683	  178.6841
8.858	 2.15	 1	 -42.5428	  173.1045
8.860	 2.15	 2	 -41.9012	  178.3281
8.860	 2.09	 1	 -42.2997	  173.6559
8.860	 2.25	 3	 -42.5199	  173.3295
8.861	 2.80	 1	 -46.7965	  170.5219
8.861	 2.10	 1	 -42.1572	  174.1612
8.862	 2.23	 4	 -42.6425	  172.4321
8.864	 2.18	 1	 -41.9730	  173.7924
8.864	 2.55	 2	 -42.4368	  172.9147
8.867	 3.39	 2	 -42.3923	  173.9254
8.868	 2.08	 2	 -41.6811	  174.1994
8.868	 2.27	 1	 -42.5110	  173.1348
8.868	 2.70	 1	 -42.4434	  173.3625
8.869	 2.34	 3	 -42.7691	  173.2640
8.880	 3.20	 1	 -42.0448	  173.7415
8.881	 2.68	 2	 -41.5967	  174.1490
8.882	 2.00	 1	 -42.4097	  174.0837
8.882	 2.23	 1	 -42.0645	  173.4011
8.883	 2.13	 3	 -42.0899	  172.2664
8.885	 2.06	 1	 -42.3649	  172.9020
8.886	 2.55	 2	 -42.2260	  173.9846
8.886	 2.11	 3	 -41.6847	  174.3063
8.887	 2.30	 4	 -42.6320	  172.6381
8.890	 2.02	 1	 -42.1862	  174.0624
8.890	 2.07	 2	 -42.2848	  173.7254
8.892	 2.09	 1	 -42.2807	  173.7800
8.893	 2.19	 1	 -42.3344	  173.9865
8.895	 3.81	 1	 -42.9476	  172.9518
8.895	 2.17	 3	 -42.7686	  173.2724
8.896	 2.28	 2	 -42.7776	  173.2988
8.897	 2.24	 2	 -42.3219	  174.1111
8.897	 2.65	 1	 -41.9463	  173.7996
8.897	 2.09	 3	 -41.7434	  174.2820
8.900	 2.27	 2	 -41.8352	  178.3214
8.900	 2.10	 4	 -41.8939	  178.4169
8.902	 2.05	 1	 -42.2045	  173.5185
8.903	 2.56	 1	 -46.2356	  175.1931
8.904	 2.48	 2	 -42.4190	  173.6215
8.907	 2.33	 1	 -42.2756	  173.4067
8.908	 2.03	 1	 -42.0518	  173.7746
8.909	 2.16	 2	 -41.8056	  174.2457
8.909	 2.30	 1	 -37.6367	  176.4412
8.910	 2.15	 3	 -42.0360	  173.4939
8.915	 2.34	 1	 -42.6531	  172.7926
8.916	 3.18	 3	 -42.1143	  173.9885
8.917	 2.33	 2	 -41.9903	  171.0756
8.917	 2.35	 1	 -42.5353	  173.1502
8.917	 2.38	 3	 -42.1039	  173.9907
8.918	 2.85	 3	 -42.5203	  173.1126
8.918	 2.05	 3	 -42.3935	  173.1374
8.920	 2.56	 4	 -42.6456	  172.3322
8.921	 2.68	 1	 -43.0630	  175.7820
8.923	 3.66	 1	 -42.1038	  173.6027
8.923	 2.22	 2	 -42.5072	  173.0743
8.924	 2.05	 2	 -41.6187	  174.3524
8.925	 2.36	 3	 -42.1264	  174.3990
8.926	 2.98	 1	 -42.4183	  173.0081
8.926	 3.43	 2	 -41.1213	  178.0146
8.929	 2.94	 1	 -42.4693	  173.5646
8.930	 3.21	 2	 -42.8425	  173.4429
8.931	 2.12	 3	 -42.6539	  172.5799
8.932	 2.75	 1	 -42.4461	  172.8758
8.932	 2.37	 2	 -42.3707	  173.2587
8.934	 2.11	 2	 -42.4479	  173.1522
8.937	 2.69	 1	 -42.2954	  173.7771
8.938	 2.10	 2	 -42.7954	  172.7738
8.939	 2.02	 2	 -42.8319	  172.9158
8.939	 2.12	 1	 -42.6477	  173.6804
8.940	 2.62	 4	 -42.6621	  173.8297
8.941	 2.92	 3	 -42.0824	  173.9274
8.942	 2.51	 1	 -42.3656	  174.0294
8.942	 2.22	 1	 -42.6185	  172.8180
8.943	 2.88	 1	 -41.7343	  174.3081
8.945	 2.15	 4	 -42.4951	  173.0096
8.949	 2.80	 1	 -42.3888	  174.0302
8.952	 2.14	 3	 -41.8044	  174.1915
8.952	 2.24	 1	 -41.7155	  174.3133
8.953	 2.13	 2	 -42.0276	  174.0362
8.955	 2.63	 1	 -42.6339	  173.0956
8.956	 4.43	 1	 -41.6392	  174.2304
8.956	 2.02	 1	 -42.1129	  173.5496
8.956	 2.02	 3	 -42.5325	  173.2011
8.957	 2.10	 4	 -37.9904	  181.3156
8.958	 2.11	 1	 -42.2589	  173.7258
8.958	 2.62	 1	 -41.3586	  173.9840
8.960	 2.68	 3	 -42.8699	  173.1320
8.962	 2.82	 1	 -42.2313	  174.0944
8.963	 2.55	 2	 -41.9603	  178.3346
8.964	 2.89	 2	 -42.4983	  173.8342
8.964	 2.02	 3	 -41.9081	  178.5421
8.964	 3.39	 2	 -41.6343	  174.2330
8.966	 2.05	 1	 -41.8946	  174.1075
8.967	 2.29	 1	 -41.0531	  174.3221
8.967	 2.07	 2	 -41.6320	  174.2213
8.967	 2.17	 2	 -41.4921	  174.3819
8.969	 2.10	 1	 -41.7440	  174.1759
8.970	 2.02	 3	 -42.1146	  172.9250
8.972	 3.08	 1	 -42.4125	  173.8193
8.973	 2.34	 1	 -41.6446	  174.3027
8.974	 2.11	 1	 -41.9152	  174.0469
8.975	 2.20	 1	 -42.5934	  173.1324
8.976	 2.55	 1	 -41.6212	  174.2548
8.976	 3.56	 1	 -41.8084	  174.6071
8.976	 2.17	 1	 -42.3261	  174.0379
8.977	 2.31	 3	 -42.3583	  173.8503
8.980	 2.38	 2	 -42.5217	  173.1408
8.984	 2.10	 2	 -42.5099	  173.0671
8.986	 2.43	 2	 -41.5036	  173.7833
8.986	 2.60	 1	 -41.6677	  174.2352
8.987	 2.46	 1	 -42.2578	  173.6140
8.991	 2.34	 2	 -42.1465	  178.3244
8.991	 2.95	 3	 -42.0365	  173.8600
8.992	 2.17	 1	 -42.3107	  174.0074
8.993	 2.72	 3	 -42.5909	  172.8938
8.994	 2.32	 2	 -42.3904	  173.0212
8.995	 2.28	 2	 -42.9144	  173.2685
8.996	 2.27	 2	 -41.9375	  174.0278
8.996	 2.58	 1	 -42.6663	  172.9030
9.002	 2.18	 1	 -41.8725	  174.2732
9.002	 2.42	 1	 -41.8406	  174.4673
9.002	 3.23	 1	 -41.6947	  174.3016
9.003	 2.68	 2	 -42.2163	  174.4086
9.004	 2.41	 1	 -42.2429	  173.1891
9.004	 2.34	 2	 -42.2642	  173.5377
9.005	 2.16	 2	 -41.7971	  174.1546
9.008	 2.12	 1	 -42.4332	  173.1807
9.009	 2.07	 1	 -41.8888	  173.8116
9.009	 2.17	 2	 -42.1512	  173.5166
9.009	 2.88	 2	 -42.4764	  173.1441
9.009	 2.25	 2	 -42.5795	  172.8401
9.014	 2.03	 2	 -42.3881	  172.8150
9.016	 2.65	 1	 -41.8789	  174.4251
9.018	 2.80	 1	 -42.4618	  173.1041
9.019	 2.43	 2	 -41.6319	  174.2138
9.021	 2.39	 1	 -42.1262	  173.8909
9.021	 2.25	 3	 -42.4691	  173.1106
9.024	 2.54	 1	 -42.4144	  173.0343
9.025	 2.01	 1	 -40.7404	  167.5083
9.026	 2.55	 2	 -42.4966	  174.6209
9.027	 4.34	 1	 -41.7259	  174.2405
9.028	 2.03	 1	 -41.7601	  174.2106
9.029	 3.05	 1	 -42.2677	  173.6433
9.030	 2.52	 1	 -41.7053	  174.2262
9.030	 2.13	 4	 -42.7536	  172.8557
9.033	 2.07	 1	 -42.2430	  174.1353
9.034	 2.47	 1	 -40.5499	  168.3900
9.035	 2.25	 1	 -41.6708	  174.1580
9.036	 2.98	 1	 -41.9016	  174.0140
9.039	 2.04	 2	 -43.0120	  173.3740
9.039	 2.01	 1	 -41.9796	  173.6282
9.039	 2.51	 2	 -42.1901	  173.5103
9.040	 2.33	 2	 -42.7114	  173.0194
9.045	 2.30	 1	 -41.8685	  174.4444
9.045	 2.59	 2	 -42.6399	  173.1033
9.048	 2.45	 1	 -42.2888	  173.4888
9.050	 2.54	 1	 -42.1631	  173.6258
9.051	 2.12	 4	 -42.4783	  177.7808
9.051	 2.05	 3	 -42.4504	  173.2234
9.055	 3.02	 1	 -42.5608	  173.1516
9.056	 2.38	 2	 -42.3357	  173.2393
9.057	 2.66	 1	 -42.4962	  173.2229
9.058	 2.47	 1	 -41.8755	  173.9035
9.058	 2.76	 1	 -42.1607	  173.7868
9.060	 2.10	 1	 -42.3420	  173.0730
9.061	 2.15	 3	 -42.1848	  173.4889
9.064	 2.08	 3	 -42.4729	  172.9547
9.065	 2.23	 1	 -42.3294	  173.8033
9.066	 2.44	 1	 -42.2214	  173.9270
9.067	 2.31	 2	 -42.2765	  173.9904
9.068	 2.59	 1	 -42.5387	  173.1782
9.070	 2.28	 3	 -41.9156	  178.3381
9.071	 2.44	 2	 -41.7234	  174.2457
9.072	 2.02	 1	 -41.8534	  173.8786
9.076	 2.14	 4	 -42.1299	  174.2644
9.077	 2.07	 1	 -41.6821	  174.2668
9.077	 2.59	 1	 -42.0406	  173.8108
9.078	 2.21	 2	 -42.6116	  173.0952
9.079	 2.06	 1	 -42.0319	  173.7395
9.079	 2.22	 2	 -42.6463	  172.7962
9.080	 2.06	 1	 -42.2080	  174.1980
9.081	 2.05	 3	 -41.9020	  178.4559
9.081	 2.90	 1	 -41.7617	  174.2813
9.083	 2.03	 1	 -41.5769	  174.0490
9.085	 3.40	 1	 -42.0178	  173.6899
9.086	 2.33	 1	 -42.2325	  173.7975
9.086	 2.69	 2	 -42.0120	  173.8851
9.087	 2.43	 1	 -42.1649	  173.7692
9.087	 2.69	 1	 -41.7445	  174.3222
9.088	 3.24	 3	 -42.3806	  173.5479
9.088	 2.60	 1	 -42.5275	  173.2988
9.089	 2.17	 3	 -42.1279	  173.6992
9.091	 3.39	 3	 -42.2699	  173.4834
9.091	 2.28	 1	 -41.9091	  174.3168
9.093	 4.45	 1	 -42.1856	  173.7993
9.094	 2.23	 3	 -42.3499	  173.9000
9.095	 2.83	 2	 -41.8236	  178.3455
9.096	 2.06	 1	 -42.1212	  173.5994
9.096	 2.64	 2	 -42.1966	  173.8130
9.101	 3.44	 2	 -42.0840	  173.8740
9.101	 2.07	 1	 -42.1798	  173.3009
9.104	 2.20	 1	 -42.7114	  172.9277
9.107	 2.17	 1	 -42.4678	  173.1084
9.109	 2.08	 2	 -43.5281	  172.4798
9.109	 2.25	 2	 -41.7173	  174.2834
9.111	 2.13	 1	 -42.4241	  173.7157
9.111	 2.07	 2	 -41.7997	  174.4384
9.112	 2.32	 2	 -42.3661	  172.8412
9.112	 2.66	 1	 -42.1880	  173.7988
9.113	 2.41	 2	 -42.7750	  173.4089
9.114	 2.17	 1	 -42.4165	  173.3568
9.116	 2.08	 2	 -41.6582	  174.3873
9.117	 2.13	 1	 -42.0303	  173.7243
9.117	 2.28	 2	 -41.7327	  174.4662
9.117	 2.35	 1	 -44.8085	  173.8115
9.118	 2.29	 1	 -42.3883	  173.7141
9.120	 3.26	 1	 -42.5983	  173.9570
9.121	 2.36	 1	 -42.1003	  173.7238
9.121	 2.13	 1	 -41.7436	  174.2732
9.123	 2.72	 5	 -42.8013	  173.3302
9.123	 2.15	 3	 -42.6602	  172.6306
9.125	 2.00	 1	 -41.9578	  174.1744
9.125	 2.24	 3	 -42.4943	  173.8319
9.126	 2.01	 1	 -42.5449	  173.0807
9.126	 2.72	 1	 -41.7395	  174.2818
9.127	 2.66	 2	 -41.9682	  178.3087
9.127	 2.04	 1	 -42.6232	  173.2555
9.128	 2.72	 2	 -42.1998	  173.8694
9.128	 2.25	 3	 -42.8304	  173.2909
9.129	 2.24	 3	 -42.4502	  173.1464
9.135	 2.83	 2	 -43.1635	  173.2876
9.139	 2.17	 1	 -42.3887	  173.8793
9.140	 3.30	 2	 -42.6065	  172.9425
9.140	 2.45	 2	 -41.6079	  174.4102
9.141	 2.48	 2	 -41.8568	  174.0953
9.141	 2.06	 3	 -42.0515	  174.1622
9.141	 2.38	 1	 -41.7759	  174.2102
9.142	 2.06	 2	 -42.1590	  174.1580
9.142	 2.27	 1	 -41.7405	  174.2753
9.143	 2.84	 4	 -41.9220	  173.7931
9.145	 2.92	 1	 -42.3367	  173.4525
9.149	 4.14	 2	 -42.1196	  174.4125
9.152	 2.04	 2	 -41.8332	  178.4428
9.158	 2.79	 3	 -41.9318	  173.7505
9.159	 2.32	 2	 -42.2101	  174.4078
9.159	 2.18	 2	 -41.8066	  174.6087
9.159	 2.40	 2	 -41.8324	  172.9122
9.159	 2.09	 2	 -42.8193	  173.2368
9.159	 2.45	 1	 -42.5050	  173.5159
9.161	 2.29	 2	 -42.0771	  173.6272
9.163	 2.30	 1	 -42.1198	  173.7525
9.164	 2.14	 1	 -42.3443	  173.1072
9.165	 2.77	 1	 -42.5257	  173.9367
9.165	 2.19	 1	 -42.4610	  173.1488
9.166	 2.28	 1	 -42.6315	  173.1577
9.167	 2.16	 1	 -42.3642	  173.9261
9.168	 2.48	 1	 -41.8117	  174.0326
9.171	 3.15	 2	 -44.5436	  174.1903
9.172	 2.50	 3	 -41.7389	  174.2491
9.173	 2.81	 1	 -41.7501	  174.2764
9.173	 2.21	 1	 -42.4335	  173.4550
9.175	 2.57	 1	 -41.8699	  174.1057
9.180	 2.26	 1	 -42.4384	  174.0645
9.181	 2.04	 1	 -42.3445	  174.0091
9.182	 2.00	 1	 -42.8540	  172.7123
9.182	 2.32	 1	 -42.2553	  173.6801
9.184	 2.36	 1	 -42.2924	  173.3770
9.186	 2.43	 1	 -42.0184	  173.8683
9.186	 2.12	 1	 -42.4578	  173.9966
9.186	 2.20	 1	 -44.2925	  170.5197
9.187	 2.13	 1	 -41.7158	  174.3010
9.187	 2.09	 1	 -42.0825	  173.9107
9.187	 2.42	 2	 -41.9233	  178.2812
9.187	 2.91	 2	 -42.4502	  173.3584
9.187	 2.47	 2	 -41.7730	  174.2016
9.187	 2.02	 3	 -42.5007	  172.6320
9.189	 2.89	 2	 -41.7453	  174.2217
9.192	 2.27	 2	 -42.1062	  178.5482
9.193	 3.21	 2	 -42.5363	  173.6638
9.194	 2.11	 1	 -41.7684	  174.1818
9.194	 2.12	 2	 -41.6523	  174.2439
9.195	 2.08	 2	 -41.7742	  178.1388
9.196	 2.34	 1	 -42.2920	  173.7553
9.196	 3.00	 1	 -42.5197	  173.9301
9.196	 2.99	 1	 -41.6960	  174.2938
9.199	 2.94	 2	 -42.7864	  173.7133
9.200	 2.01	 1	 -41.8112	  174.2146
9.201	 2.16	 1	 -41.9089	  173.8243
9.203	 2.28	 1	 -41.6530	  174.3194
9.205	 2.66	 1	 -42.5291	  172.9503
9.205	 2.74	 3	 -42.4903	  173.4817
9.206	 2.15	 1	 -42.4911	  173.0536
9.206	 2.13	 3	 -39.1509	  176.5680
9.209	 2.26	 1	 -42.3637	  173.8470
9.209	 2.08	 2	 -42.4908	  173.0903
9.210	 2.35	 3	 -42.7400	  173.4098
9.214	 2.71	 4	 -42.4694	  173.1111
9.216	 2.07	 1	 -42.5257	  173.0669
9.217	 2.14	 2	 -41.6711	  173.9466
9.220	 2.03	 1	 -42.6414	  173.0599
9.227	 2.24	 1	 -42.8142	  172.7194
9.228	 2.06	 3	 -42.6042	  177.5489
9.231	 2.33	 2	 -42.5191	  172.9440
9.232	 2.17	 1	 -41.6970	  174.2703
9.233	 2.02	 1	 -42.3671	  173.2402
9.233	 2.27	 2	 -42.6681	  172.9907
9.237	 2.30	 2	 -41.8561	  174.1540
9.238	 3.12	 3	 -42.2187	  173.9711
9.242	 2.40	 1	 -42.1809	  173.6650
9.245	 2.02	 2	 -41.7969	  178.1167
9.245	 2.47	 1	 -41.6652	  174.2816
9.246	 2.01	 3	 -42.5055	  172.8488
9.246	 4.09	 1	 -43.0080	  174.1713
9.247	 2.17	 1	 -41.6687	  174.2367
9.248	 2.21	 1	 -42.5710	  172.9648
9.248	 2.65	 1	 -42.7958	  172.8020
9.248	 2.70	 3	 -42.5557	  173.1265
9.249	 2.07	 1	 -41.7918	  174.2426
9.250	 2.37	 1	 -42.4013	  173.4018
9.251	 2.85	 2	 -41.6277	  173.5520
9.251	 3.32	 1	 -41.6908	  173.4891
9.252	 2.51	 3	 -41.7691	  174.2640
9.252	 2.26	 1	 -42.0861	  173.6052
9.258	 2.73	 3	 -42.3011	  173.7860
9.260	 2.09	 4	 -42.6051	  173.0206
9.263	 2.11	 1	 -42.5000	  173.7505
9.264	 2.09	 1	 -42.4627	  172.5906
9.264	 2.43	 1	 -41.7372	  174.3137
9.265	 2.25	 3	 -41.9687	  178.1863
9.266	 2.10	 1	 -41.6780	  174.2733
9.267	 2.64	 1	 -42.8172	  167.6130
9.267	 2.05	 4	 -41.9354	  173.8241
9.268	 2.15	 1	 -42.0578	  173.7824
9.268	 2.30	 3	 -42.4694	  173.4167
9.272	 2.55	 1	 -42.1567	  173.6046
9.274	 2.74	 1	 -42.2843	  173.9276
9.275	 3.09	 2	 -42.2521	  174.4091
9.277	 2.05	 2	 -41.7599	  178.4690
9.281	 2.17	 2	 -42.7967	  172.7993
9.281	 3.70	 1	 -42.5280	  174.0397
9.281	 3.02	 1	 -42.3621	  173.9320
9.282	 2.11	 1	 -41.7092	  174.3881
9.286	 2.90	 2	 -42.8122	  173.1724
9.288	 2.41	 2	 -42.6644	  172.7235
9.290	 2.15	 1	 -41.6884	  174.3288
9.290	 2.02	 2	 -42.8817	  173.5492
9.292	 3.21	 2	 -42.6460	  173.9436
9.292	 2.34	 2	 -42.3817	  173.8137
9.293	 2.00	 5	 -42.6770	  172.6519
9.293	 2.57	 2	 -42.8265	  173.2671
9.295	 3.36	 2	 -42.2337	  173.8795
9.295	 2.25	 2	 -42.3843	  179.1249
9.295	 3.00	 2	 -42.7459	  172.8797
9.295	 2.82	 2	 -41.7002	  174.2886
9.298	 2.18	 1	 -42.5953	  173.0174
9.298	 2.26	 1	 -42.3595	  174.0478
9.299	 2.70	 2	 -42.6275	  173.0829
9.300	 2.30	 3	 -41.8657	  174.1085
9.300	 2.63	 1	 -41.6895	  174.1319
9.301	 2.10	 1	 -42.4029	  173.5975
9.302	 2.51	 3	 -42.7535	  172.8757
9.302	 2.69	 1	 -42.4246	  173.7772
9.305	 2.47	 1	 -42.5076	  173.1487
9.307	 2.84	 3	 -41.8235	  178.3613
9.307	 2.02	 1	 -42.1332	  172.8640
9.308	 2.54	 2	 -42.2277	  174.3555
9.309	 2.86	 1	 -42.3325	  173.5970
9.309	 2.18	 1	 -42.3025	  173.6185
9.311	 2.03	 1	 -42.3190	  173.7181
9.312	 3.29	 1	 -42.6578	  172.8457
9.316	 3.04	 3	 -42.8227	  173.1227
9.317	 2.24	 1	 -42.2894	  173.7362
9.320	 2.27	 1	 -42.3068	  173.7988
9.322	 2.08	 2	 -42.2568	  173.9104
9.324	 2.69	 2	 -42.4264	  173.3611
9.325	 3.01	 1	 -42.5833	  174.0379
9.327	 2.77	 1	 -41.6468	  174.3018
9.328	 2.18	 1	 -42.5992	  173.1595
9.331	 2.39	 3	 -42.1201	  173.8664
9.332	 4.11	 2	 -42.5310	  172.6503
9.333	 2.39	 2	 -42.5765	  172.9943
9.335	 2.48	 1	 -41.7285	  174.1531
9.337	 2.12	 1	 -42.4649	  173.7463
9.341	 2.17	 1	 -41.8045	  174.3781
9.342	 2.29	 2	 -42.3968	  173.6806
9.343	 2.40	 1	 -42.1780	  173.4609
9.344	 2.36	 2	 -42.4537	  173.3339
9.345	 2.28	 3	 -42.4363	  173.1369
9.345	 2.66	 1	 -41.6933	  174.2399
9.345	 2.51	 4	 -42.6314	  172.4448
9.347	 2.40	 1	 -41.7467	  174.3014
9.347	 2.63	 2	 -41.9709	  173.8701
9.351	 2.39	 4	 -42.9504	  173.1424
9.352	 2.24	 2	 -42.1405	  173.8239
9.352	 2.27	 2	 -42.1848	  173.8014
9.353	 2.31	 1	 -41.8914	  174.2698
9.353	 2.39	 1	 -42.5121	  173.9025
9.355	 2.14	 2	 -42.2273	  173.6804
9.359	 2.77	 1	 -42.5658	  174.0430
9.360	 2.68	 1	 -42.6211	  173.0021
9.360	 2.27	 3	 -42.4649	  173.4592
9.360	 3.62	 1	 -42.2842	  173.9693
9.361	 2.03	 2	 -41.8693	  178.3826
9.362	 2.20	 2	 -42.8656	  173.3576
9.364	 2.09	 3	 -41.7914	  178.4102
9.364	 2.00	 1	 -42.7375	  173.2594
9.365	 2.56	 2	 -41.9369	  178.4322
9.371	 2.06	 2	 -42.4167	  173.0177
9.372	 2.02	 1	 -42.2771	  173.6387
9.372	 2.04	 1	 -42.4652	  173.0653
9.372	 2.16	 1	 -42.4595	  173.7126
9.375	 2.60	 1	 -42.5876	  172.8215
9.378	 2.61	 2	 -42.5010	  173.2018
9.381	 2.07	 2	 -43.1490	  170.7626
9.381	 2.34	 2	 -42.7035	  174.6587
9.381	 2.10	 1	 -38.5706	  175.4669
9.381	 2.65	 1	 -42.3556	  174.0049
9.382	 2.80	 1	 -42.5208	  173.0794
9.384	 2.08	 2	 -41.8243	  178.4661
9.387	 2.49	 1	 -42.8832	  173.3626
9.388	 2.40	 1	 -41.6888	  174.3376
9.389	 2.38	 2	 -41.3268	  178.0212
9.391	 2.00	 3	 -42.3524	  172.9449
9.391	 2.34	 1	 -41.7270	  174.2693
9.394	 2.66	 1	 -41.9606	  174.0488
9.395	 2.50	 1	 -42.3252	  173.8916
9.395	 2.31	 3	 -41.9405	  174.0553
9.399	 2.09	 2	 -41.5969	  174.1335
9.400	 2.04	 2	 -42.8341	  173.3484
9.401	 2.04	 2	 -42.7629	  173.2294
9.403	 2.06	 2	 -42.3297	  173.7238
9.405	 2.27	 3	 -42.4367	  173.2083
9.407	 2.25	 1	 -42.3651	  173.9975
9.408	 2.70	 1	 -42.4881	  174.2118
9.409	 2.03	 3	 -42.4393	  172.8526
9.411	 2.01	 1	 -42.5044	  173.0228
9.412	 2.34	 3	 -42.1203	  173.9566
9.414	 2.05	 2	 -42.3664	  173.6642
9.414	 2.78	 1	 -42.2198	  173.6730
9.418	 2.06	 5	 -42.7272	  172.5459
9.419	 2.09	 1	 -41.9084	  174.0190
9.420	 2.26	 1	 -42.3720	  173.7864
9.421	 2.07	 3	 -41.9028	  177.8837
9.421	 2.09	 2	 -42.8252	  173.2825
9.423	 2.09	 1	 -42.3053	  172.9501
9.424	 2.69	 1	 -38.0746	  171.8225
9.425	 2.37	 2	 -41.7312	  174.1421
9.425	 2.34	 1	 -43.3604	  173.5042
9.426	 2.06	 1	 -42.3204	  173.7030
9.426	 2.05	 3	 -42.2367	  174.4176
9.426	 2.03	 2	 -41.9575	  172.9719
9.426	 2.11	 1	 -42.4744	  173.3737
9.427	 2.25	 4	 -42.3063	  172.9416
9.428	 2.89	 2	 -42.2884	  173.9940
9.428	 2.45	 1	 -42.3584	  173.3417
9.428	 2.77	 2	 -41.7356	  174.1492
9.429	 2.81	 1	 -42.1364	  173.6940
9.432	 2.30	 2	 -42.5124	  173.0679
9.432	 2.72	 1	 -42.4307	  173.3721
9.433	 2.45	 1	 -42.3483	  173.0007
9.433	 2.14	 1	 -41.7114	  174.2688
9.435	 2.08	 1	 -42.3508	  173.9503
9.436	 3.27	 1	 -42.8104	  172.9324
9.438	 2.17	 1	 -42.2165	  173.6300
9.443	 2.00	 3	 -42.4402	  173.0807
9.443	 2.43	 2	 -42.0039	  173.8987
9.444	 3.57	 4	 -42.1901	  173.9381
9.447	 2.92	 1	 -42.5148	  173.6712
9.448	 2.88	 1	 -42.1552	  173.8119
9.448	 2.01	 1	 -41.6868	  174.3909
9.451	 2.95	 1	 -42.4513	  171.9604
9.451	 2.05	 1	 -41.9865	  173.9252
9.451	 3.11	 1	 -42.4844	  173.9030
9.452	 2.17	 3	 -41.7980	  174.1552
9.454	 2.18	 1	 -41.7636	  174.0630
9.454	 2.16	 2	 -43.1748	  173.5165
9.454	 3.20	 1	 -42.3936	  174.0548
9.455	 2.19	 2	 -42.8044	  173.6906
9.456	 2.03	 1	 -42.5134	  173.3569
9.456	 2.50	 1	 -42.5018	  173.6192
9.458	 2.50	 1	 -42.5383	  172.8212
9.460	 2.37	 1	 -42.3873	  173.5538
9.463	 2.71	 2	 -42.1874	  173.6302
9.464	 2.54	 1	 -41.8663	  173.9706
9.467	 2.22	 1	 -41.8770	  174.2312
9.467	 2.31	 2	 -42.8663	  172.7657
9.469	 2.20	 1	 -42.8247	  172.9966
9.469	 2.15	 1	 -42.2259	  173.5708
9.473	 2.10	 2	 -42.2676	  173.4915
9.473	 2.40	 2	 -41.9130	  178.4496
9.474	 3.18	 2	 -42.4484	  173.1345
9.474	 2.14	 1	 -42.2708	  173.8361
9.475	 2.27	 1	 -42.4151	  173.1824
9.475	 2.33	 3	 -42.0828	  173.8767
9.477	 2.50	 1	 -42.3995	  173.8726
9.478	 2.02	 3	 -42.7135	  173.3228
9.478	 2.53	 1	 -41.8123	  173.6653
9.480	 3.63	 2	 -42.1106	  173.9165
9.480	 2.97	 2	 -42.4537	  173.2323
9.480	 2.36	 1	 -43.0039	  173.5850
9.481	 2.13	 5	 -41.9587	  178.3970
9.482	 2.10	 3	 -42.0120	  178.4942
9.483	 2.67	 1	 -41.7767	  174.2117
9.483	 2.25	 1	 -42.7342	  173.0278
9.484	 2.36	 2	 -41.7762	  174.2000
9.486	 2.44	 2	 -42.5140	  173.0876
9.487	 2.10	 4	 -42.7662	  172.5302
9.490	 2.50	 1	 -42.1312	  173.7285
9.490	 2.34	 1	 -42.0461	  173.7418
9.495	 2.37	 2	 -42.1238	  173.9243
9.495	 2.03	 3	 -42.1240	  173.8206
9.499	 2.45	 1	 -42.0760	  173.5954
9.501	 2.10	 1	 -41.9878	  173.7690
9.501	 2.50	 2	 -41.8588	  173.9363
9.501	 2.32	 1	 -41.7900	  173.8795
9.502	 2.57	 1	 -42.6542	  172.9895
9.504	 2.24	 1	 -42.2876	  173.9392
9.505	 3.78	 1	 -41.8377	  174.2137
9.505	 2.89	 2	 -41.5929	  174.2304
9.506	 2.82	 1	 -42.6334	  173.2365
9.507	 2.85	 1	 -42.6542	  173.0055
9.509	 2.24	 1	 -42.4635	  173.8816
9.509	 2.26	 1	 -41.7620	  174.2140
9.510	 2.47	 2	 -42.5819	  173.0207
9.512	 2.81	 1	 -42.3670	  174.0509
9.512	 3.07	 2	 -42.8231	  173.2852
9.513	 2.02	 2	 -41.9975	  173.8977
9.517	 2.10	 1	 -42.3925	  174.0488
9.518	 2.90	 1	 -42.5739	  172.9106
9.520	 2.09	 2	 -41.8497	  174.0885
9.520	 3.31	 1	 -42.3098	  172.9384
9.520	 2.37	 2	 -42.3117	  173.5984
9.522	 2.33	 2	 -41.6515	  174.2854
9.523	 3.42	 1	 -41.6502	  174.2939
9.523	 3.43	 1	 -42.2796	  173.4918
9.524	 2.06	 4	 -42.0830	  178.0928
9.528	 2.07	 1	 -41.0191	  175.8201
9.529	 2.39	 1	 -41.8086	  173.9625
9.529	 2.61	 1	 -42.2425	  173.8649
9.529	 2.13	 2	 -41.7396	  174.3642
9.529	 2.54	 3	 -41.9539	  178.2753
9.531	 2.21	 1	 -42.1161	  173.4933
9.534	 2.18	 3	 -41.9330	  178.1938
9.534	 2.14	 2	 -41.8493	  174.0840
9.534	 3.63	 2	 -46.3137	  176.6890
9.534	 2.35	 1	 -41.6934	  174.2201
9.535	 2.43	 3	 -42.2266	  173.8429
9.536	 2.05	 2	 -41.8597	  178.3341
9.537	 3.85	 1	 -41.7090	  174.2653
9.538	 2.40	 4	 -41.7447	  173.5954
9.540	 2.77	 2	 -42.1870	  173.8052
9.540	 2.26	 1	 -41.7002	  174.2963
9.542	 2.00	 1	 -42.3051	  173.9953
9.544	 2.33	 3	 -42.5797	  172.6807
9.545	 2.29	 2	 -41.9209	  178.2235
9.548	 2.00	 1	 -41.9121	  176.2324
9.551	 2.13	 1	 -42.0997	  172.8961
9.551	 3.55	 3	 -42.8534	  173.2348
9.552	 2.12	 2	 -41.6941	  174.1732
9.554	 2.01	 3	 -42.2019	  173.1862
9.554	 2.09	 4	 -42.8450	  173.1144
9.555	 2.11	 1	 -41.9578	  170.7378
9.555	 2.11	 1	 -42.3715	  173.3117
9.555	 2.19	 2	 -42.5154	  173.7968
9.556	 2.59	 2	 -42.5803	  174.4704
9.556	 2.32	 3	 -42.1883	  173.6310
9.557	 2.09	 1	 -42.3689	  174.2783
9.561	 2.12	 1	 -42.0241	  173.8269
9.564	 2.36	 1	 -43.9943	  175.4879
9.564	 2.07	 2	 -42.5376	  173.0933
9.566	 2.56	 4	 -42.7712	  172.9055
9.568	 2.96	 1	 -42.3655	  173.7117
9.568	 2.06	 2	 -42.0782	  178.0892
9.571	 2.09	 1	 -42.5684	  172.5680
9.572	 2.46	 1	 -42.5469	  173.1246
9.575	 2.08	 1	 -42.3776	  173.2784
9.575	 2.12	 1	 -41.8117	  173.6421
9.576	 2.45	 1	 -41.8035	  174.3052
9.577	 2.09	 3	 -41.9931	  173.8441
9.577	 2.43	 1	 -42.5649	  173.0063
9.578	 2.02	 1	 -42.4279	  173.7505
9.578	 2.72	 3	 -42.4847	  173.0546
9.579	 2.19	 1	 -42.4409	  172.9503
9.580	 2.56	 2	 -42.1984	  174.4118
9.581	 2.04	 1	 -42.3889	  173.6827
9.581	 2.41	 1	 -42.4110	  173.2290
9.583	 2.81	 2	 -41.9465	  178.3781
9.584	 2.71	 1	 -42.6936	  173.1826
9.586	 2.12	 2	 -42.1716	  173.7758
9.587	 2.47	 1	 -42.7920	  173.0426
9.588	 2.40	 2	 -42.7369	  173.3145
9.589	 2.75	 2	 -41.7069	  173.5015
9.589	 2.59	 3	 -42.2434	  174.4673
9.589	 2.58	 1	 -42.2403	  173.8847
9.590	 2.96	 1	 -42.2456	  173.6459
9.592	 2.53	 1	 -42.3045	  173.9194
9.592	 2.72	 5	 -42.1602	  173.9477
9.592	 2.33	 1	 -41.8898	  174.1719
9.593	 2.85	 1	 -42.8353	  173.1205
9.593	 2.40	 1	 -41.9774	  173.9052
9.594	 2.04	 2	 -42.9335	  173.2710
9.594	 2.46	 1	 -42.5094	  173.3540
9.596	 3.50	 2	 -42.5574	  172.9868
9.598	 3.51	 2	 -42.3372	  173.8788
9.598	 2.59	 1	 -41.4637	  174.3339
9.599	 2.61	 3	 -42.4723	  172.6868
9.600	 2.03	 3	 -42.1454	  173.9577
9.601	 2.00	 2	 -42.4524	  173.9299
9.602	 2.18	 1	 -41.8744	  174.3954
9.603	 2.04	 2	 -41.6175	  174.0766
9.605	 2.06	 2	 -42.4602	  173.0898
9.606	 2.02	 1	 -42.7188	  172.8071
9.607	 2.46	 1	 -42.3234	  173.0971
9.612	 2.14	 1	 -43.1140	  173.1274
9.613	 2.74	 1	 -42.2632	  173.2011
9.613	 2.06	 2	 -42.7950	  175.1868
9.616	 2.19	 4	 -42.1007	  173.9372
9.618	 2.18	 1	 -42.3496	  174.0146
9.618	 2.04	 1	 -42.3139	  173.2166
9.619	 2.23	 2	 -42.4885	  173.8980
9.619	 2.17	 2	 -41.6378	  174.2248
9.621	 2.26	 4	 -45.7142	  178.4381
9.621	 2.11	 1	 -43.2303	  171.8787
9.621	 2.12	 1	 -42.2595	  173.6915
9.622	 2.02	 1	 -41.9826	  174.0664
9.622	 2.56	 3	 -42.2963	  173.5375
9.623	 2.51	 2	 -42.2913	  173.9782
9.623	 2.70	 3	 -42.5245	  172.6754
9.625	 2.37	 2	 -42.1536	  173.4468
9.625	 2.65	 1	 -42.4977	  173.1177
9.627	 2.53	 1	 -42.3445	  173.0795
9.628	 2.24	 1	 -42.4752	  173.8287
9.630	 2.42	 3	 -42.8315	  172.9143
9.631	 2.97	 1	 -42.3806	  173.5937
9.631	 2.42	 2	 -42.8900	  174.3949
9.633	 2.03	 3	 -42.2143	  173.8664
9.635	 2.82	 2	 -42.9045	  173.4677
9.635	 2.16	 1	 -42.8142	  173.4937
9.635	 2.64	 4	 -42.6488	  172.5313
9.639	 2.05	 3	 -42.3179	  173.3557
9.640	 2.15	 2	 -42.8121	  173.2638
9.641	 2.18	 6	 -42.6428	  172.6031
9.642	 2.24	 3	 -46.3765	  176.6903
9.643	 2.51	 3	 -42.4829	  173.2973
9.645	 2.45	 1	 -42.3766	  173.8335
9.647	 2.20	 1	 -42.3453	  173.2967
9.649	 2.34	 2	 -42.4182	  173.3745
9.649	 2.11	 2	 -41.9930	  174.2309
9.651	 2.08	 1	 -42.3740	  173.7144
9.651	 2.12	 1	 -42.3202	  173.9197
9.654	 2.22	 1	 -41.9178	  173.6126
9.655	 2.36	 2	 -42.2868	  173.2820
9.655	 2.48	 3	 -42.3357	  173.8834
9.657	 2.07	 1	 -41.4282	  173.3158
9.663	 2.17	 2	 -42.9833	  173.2902
9.666	 2.65	 1	 -42.2923	  173.3873
9.669	 2.35	 3	 -42.6765	  172.9927
9.670	 2.25	 3	 -42.8407	  173.1836
9.671	 2.14	 2	 -41.5132	  175.0210
9.671	 2.20	 2	 -42.5078	  173.0811
9.672	 2.35	 1	 -42.7856	  173.3328
9.673	 2.06	 2	 -41.8392	  174.5196
9.675	 2.29	 3	 -41.7445	  174.2140
9.676	 2.74	 1	 -42.7546	  172.3482
9.678	 2.96	 2	 -42.2762	  173.7014
9.678	 2.95	 2	 -42.4415	  173.8582
9.678	 2.27	 1	 -42.1521	  172.9254
9.680	 2.05	 1	 -42.2848	  173.8538
9.680	 2.32	 1	 -42.2137	  173.6108
9.681	 2.55	 1	 -41.8019	  174.2974
9.682	 2.12	 3	 -38.7346	  174.1147
9.683	 3.22	 2	 -41.7486	  173.5938
9.683	 2.60	 1	 -42.2380	  176.4790
9.685	 2.52	 3	 -41.8860	  178.3332
9.685	 2.07	 1	 -41.8117	  174.2419
9.688	 2.38	 2	 -41.6084	  174.0583
9.691	 2.41	 1	 -42.2636	  173.6624
9.693	 2.40	 1	 -41.9524	  173.9587
9.695	 2.14	 3	 -42.2789	  174.0342
9.696	 2.40	 1	 -42.2142	  173.8345
9.697	 2.08	 2	 -41.7783	  174.2934
9.699	 2.61	 4	 -42.6441	  172.6148
9.700	 2.61	 2	 -42.7731	  172.7731
9.705	 2.21	 3	 -41.8489	  178.3539
9.713	 2.25	 2	 -41.7843	  174.1832
9.715	 2.48	 1	 -44.8220	  170.5914
9.717	 2.49	 1	 -42.2892	  173.7149
9.720	 2.06	 3	 -42.3274	  173.8607
9.721	 2.30	 1	 -42.2055	  173.6607
9.721	 2.03	 1	 -41.7357	  174.1274
9.722	 2.15	 1	 -42.5629	  173.1548
9.722	 3.16	 1	 -42.3661	  173.1998
9.722	 3.88	 1	 -42.6859	  173.3566
9.723	 2.33	 2	 -45.3716	  168.3683
9.724	 2.09	 2	 -42.1098	  173.4332
9.726	 2.17	 2	 -41.6173	  174.2495
9.727	 2.44	 1	 -42.2144	  173.6413
9.730	 2.38	 1	 -42.3240	  173.5751
9.732	 3.61	 3	 -42.9932	  172.8658
9.734	 3.75	 1	 -42.0332	  173.7350
9.738	 2.16	 1	 -41.7359	  174.3074
9.741	 2.26	 1	 -42.3957	  174.0249
9.741	 2.13	 1	 -42.4625	  173.0734
9.743	 2.09	 2	 -41.8893	  178.3371
9.744	 2.13	 1	 -41.5889	  174.3460
9.745	 2.45	 2	 -42.7697	  173.1552
9.746	 2.43	 4	 -42.2044	  173.6625
9.746	 2.02	 2	 -42.2174	  174.4397
9.749	 2.20	 1	 -42.5284	  173.8336
9.750	 2.87	 2	 -41.8040	  173.5680
9.753	 2.17	 1	 -41.7192	  174.2437
9.754	 2.09	 2	 -42.2162	  173.4823
9.754	 2.46	 2	 -41.7691	  174.2679
9.755	 2.29	 1	 -41.8250	  174.2231
9.757	 2.60	 2	 -41.9219	  178.4124
9.759	 2.94	 2	 -41.9548	  173.8345
9.759	 2.44	 3	 -42.0905	  174.3589
9.760	 2.18	 2	 -42.8674	  173.2791
9.761	 2.13	 1	 -42.9403	  173.5353
9.764	 2.32	 1	 -42.4645	  173.0719
9.764	 2.58	 3	 -42.3244	  173.6157
9.764	 2.58	 1	 -41.7982	  174.0448
9.765	 2.63	 2	 -42.5120	  173.2314
9.765	 2.25	 1	 -42.5880	  173.0346
9.766	 2.26	 1	 -41.8874	  172.7595
9.771	 2.03	 2	 -42.1065	  172.8696
9.772	 2.19	 2	 -42.5968	  172.7409
9.775	 2.41	 2	 -42.3767	  173.6046
9.776	 2.71	 2	 -42.5269	  174.0038
9.780	 2.42	 1	 -42.5302	  172.8373
9.780	 2.27	 1	 -42.2421	  173.7611
9.781	 2.71	 1	 -41.8043	  174.3469
9.782	 3.12	 4	 -43.0077	  172.8847
9.782	 2.02	 4	 -41.7241	  174.2900
9.784	 2.38	 2	 -42.5580	  173.1190
9.785	 2.65	 1	 -42.3882	  173.9807
9.785	 2.13	 2	 -41.9121	  178.4226
9.786	 2.05	 1	 -42.5690	  173.2306
9.787	 2.16	 1	 -42.1458	  173.5555
9.787	 2.15	 1	 -42.0171	  173.7967
9.788	 2.40	 1	 -41.8053	  174.1869
9.789	 2.02	 1	 -41.7841	  174.2815
9.789	 2.43	 1	 -42.7148	  173.8411
9.791	 2.90	 1	 -42.1669	  172.7907
9.792	 2.96	 2	 -42.4030	  174.2175
9.793	 2.04	 2	 -42.8014	  173.3195
9.795	 2.21	 1	 -42.4026	  173.7405
9.795	 3.04	 1	 -42.4053	  173.1492
9.797	 2.46	 1	 -42.4176	  173.2873
9.798	 2.03	 1	 -42.6647	  173.1435
9.800	 2.14	 1	 -41.7612	  174.3799
9.801	 2.06	 4	 -42.7449	  172.8585
9.801	 2.07	 2	 -42.4455	  173.1497
9.801	 2.27	 2	 -42.5422	  173.8075
9.802	 2.59	 2	 -41.9934	  173.8972
9.805	 2.52	 1	 -42.1825	  173.5223
9.807	 2.02	 2	 -42.7124	  172.9690
9.807	 3.35	 1	 -42.5427	  173.3260
9.807	 2.87	 1	 -41.6487	  174.3549
9.809	 2.68	 1	 -41.8874	  174.1195
9.809	 2.18	 2	 -41.8017	  174.2594
9.809	 2.22	 1	 -42.1508	  173.9113
9.809	 2.48	 2	 -42.5650	  172.9827
9.810	 2.03	 2	 -41.4884	  173.9028
9.810	 2.47	 1	 -41.7384	  174.3745
9.810	 2.48	 1	 -42.3758	  173.5257
9.811	 3.36	 1	 -41.5363	  174.3992
9.814	 2.44	 1	 -42.5345	  173.0644
9.814	 2.66	 2	 -42.4579	  173.7502
9.814	 2.08	 1	 -43.0954	  167.1021
9.814	 2.14	 1	 -42.3352	  172.9500
9.815	 2.28	 1	 -41.7322	  174.3248
9.817	 3.37	 2	 -42.6822	  173.0550
9.817	 3.06	 3	 -42.4695	  173.2153
9.818	 2.10	 1	 -42.6762	  172.7940
9.819	 2.35	 2	 -42.3044	  173.7076
9.819	 2.56	 1	 -41.6017	  174.1453
9.819	 2.27	 1	 -41.9814	  172.8212
9.821	 2.61	 2	 -42.2207	  177.7266
9.821	 2.25	 3	 -41.5126	  175.0210
9.821	 3.02	 2	 -42.2907	  173.5560
9.825	 3.95	 2	 -41.6486	  174.2462
9.825	 2.23	 3	 -41.8383	  178.3346
9.826	 2.61	 1	 -42.2138	  173.6594
9.826	 2.45	 1	 -41.7368	  174.2296
9.829	 2.24	 2	 -42.3821	  173.6668
9.830	 2.83	 3	 -42.2175	  173.9723
9.831	 3.01	 2	 -41.9599	  174.1710
9.833	 2.85	 1	 -42.3382	  174.0490
9.834	 2.40	 1	 -42.3370	  173.9243
9.834	 2.19	 2	 -41.7448	  174.2706
9.836	 2.11	 2	 -43.0522	  174.2115
9.836	 2.36	 2	 -42.8533	  173.2760
9.838	 2.39	 2	 -42.3405	  173.2886
9.840	 2.19	 2	 -41.7262	  174.4661
9.840	 2.25	 2	 -42.2920	  173.3875
9.841	 2.15	 1	 -42.2826	  173.6033
9.842	 2.51	 2	 -42.4674	  173.0697
9.842	 2.26	 1	 -42.4459	  173.1295
9.843	 2.15	 1	 -41.6974	  174.2626
9.843	 2.20	 6	 -42.5793	  173.2603
9.845	 2.67	 1	 -42.2589	  173.6455
9.845	 2.01	 1	 -41.7650	  174.1206
9.847	 2.04	 2	 -42.4361	  171.9629
9.847	 2.20	 1	 -41.7180	  174.3249
9.849	 2.02	 3	 -41.9313	  173.9213
9.850	 2.28	 4	 -42.1924	  173.9581
9.850	 2.52	 4	 -41.8583	  178.3333
9.850	 2.14	 1	 -42.5687	  173.5992
9.851	 2.19	 1	 -42.0161	  175.2707
9.853	 2.37	 1	 -42.2627	  173.7558
9.854	 2.44	 4	 -42.0834	  178.2738
9.854	 2.14	 3	 -41.8796	  178.3732
9.854	 2.15	 1	 -41.7097	  174.3007
9.856	 2.07	 2	 -42.2737	  173.6565
9.856	 2.09	 2	 -41.4038	  178.4829
9.861	 2.39	 1	 -42.5762	  173.8716
9.864	 2.84	 1	 -42.4854	  173.0419
9.868	 2.37	 1	 -41.9866	  173.6191
9.870	 2.70	 1	 -42.2668	  173.6688
9.870	 2.43	 2	 -42.5762	  174.1040
9.871	 2.27	 3	 -41.9689	  178.2606
9.871	 2.13	 1	 -42.8929	  173.1973
9.871	 2.75	 1	 -42.4443	  173.8586
9.872	 2.30	 1	 -42.3505	  173.6605
9.873	 2.08	 1	 -42.0001	  173.7782
9.874	 2.72	 3	 -42.5029	  173.0619
9.878	 2.24	 1	 -42.5638	  171.9402
9.879	 2.74	 1	 -42.4084	  173.4794
9.885	 2.30	 3	 -42.2024	  172.5570
9.887	 2.53	 2	 -42.2507	  177.8877
9.887	 2.24	 2	 -41.8584	  178.3351
9.887	 2.30	 1	 -41.6947	  174.2234
9.887	 2.32	 3	 -42.6432	  173.0931
9.890	 2.23	 3	 -42.3629	  172.6832
9.891	 2.13	 1	 -41.7195	  174.2542
9.897	 2.65	 2	 -42.7862	  173.7557
9.898	 3.45	 1	 -42.4412	  173.9094
9.900	 3.34	 4	 -42.4557	  173.1222
9.900	 2.22	 2	 -43.6724	  172.3283
9.901	 2.54	 3	 -42.2133	  174.2743
9.904	 2.64	 2	 -42.2542	  173.6837
9.905	 2.14	 1	 -42.5392	  173.1095
9.905	 2.13	 2	 -42.4370	  173.0915
9.905	 2.43	 1	 -41.7500	  174.1764
9.906	 2.26	 1	 -42.2940	  173.1005
9.907	 2.06	 1	 -42.4618	  173.8124
9.910	 2.86	 4	 -42.4683	  172.9418
9.913	 2.25	 1	 -42.7598	  173.0833
9.913	 2.14	 1	 -43.1150	  175.3790
9.913	 2.72	 3	 -43.0284	  172.8747
9.917	 2.08	 3	 -42.2513	  173.7798
9.922	 2.45	 2	 -42.4092	  173.3541
9.924	 2.06	 3	 -41.9967	  173.9790
9.925	 2.22	 2	 -42.0918	  173.6176
9.925	 3.19	 2	 -42.1051	  173.8372
9.927	 2.16	 3	 -42.5138	  173.1966
9.929	 2.05	 2	 -42.7601	  173.2900
9.929	 2.00	 1	 -42.6453	  172.8216
9.931	 2.30	 2	 -42.4566	  173.6012
9.931	 2.10	 1	 -41.7927	  174.2643
9.932	 2.08	 1	 -41.7505	  174.2242
9.932	 2.16	 1	 -42.0556	  173.8627
9.935	 2.02	 1	 -42.3337	  173.6694
9.935	 2.33	 1	 -41.6733	  174.2290
9.936	 2.72	 2	 -41.5404	  173.7963
9.938	 2.34	 2	 -42.1830	  173.7951
9.939	 2.30	 5	 -42.5682	  172.5896
9.939	 2.75	 2	 -41.6763	  174.4738
9.941	 2.15	 1	 -42.5951	  174.0008
9.941	 2.27	 1	 -41.7133	  174.3501
9.944	 2.38	 3	 -42.1911	  174.4463
9.946	 3.05	 1	 -41.9026	  173.9999
9.947	 2.89	 6	 -42.5236	  173.2590
9.948	 2.46	 1	 -42.3937	  174.0184
9.949	 2.04	 1	 -41.6839	  174.1806
9.950	 3.13	 1	 -42.5089	  173.0511
9.950	 2.01	 2	 -42.4353	  173.3736
9.951	 2.53	 2	 -41.8923	  173.3342
9.954	 2.32	 2	 -43.0383	  172.8100
9.954	 2.73	 1	 -42.2698	  173.8060
9.955	 2.63	 2	 -41.7849	  174.2608
9.955	 2.14	 4	 -42.3283	  172.9234
9.957	 2.60	 1	 -42.2568	  173.5386
9.957	 3.22	 1	 -41.7709	  174.1506
9.958	 2.19	 1	 -41.8201	  174.1952
9.959	 2.19	 1	 -41.6809	  173.9970
9.959	 2.36	 1	 -42.2277	  173.5616
9.962	 2.03	 1	 -41.6407	  174.3724
9.962	 3.27	 2	 -42.5727	  172.9647
9.963	 2.12	 2	 -41.6903	  178.4407
9.965	 2.79	 1	 -42.5616	  173.5051
9.966	 2.10	 1	 -42.4464	  173.7906
9.968	 2.30	 1	 -42.4606	  173.5380
9.969	 2.73	 2	 -42.2181	  173.8550
9.969	 2.30	 1	 -41.7054	  174.2238
9.971	 2.09	 2	 -42.8699	  173.1598
9.973	 2.15	 2	 -42.3818	  173.5776
9.974	 2.11	 1	 -42.2721	  173.8185
9.975	 3.06	 1	 -42.3516	  174.1208
9.975	 2.09	 1	 -42.3409	  173.3014
9.976	 2.17	 1	 -42.3830	  173.7875
9.977	 2.01	 3	 -41.7552	  174.3606
9.978	 2.14	 1	 -41.6836	  174.2761
9.979	 3.65	 2	 -42.3473	  173.8842
9.984	 2.36	 3	 -41.9338	  178.2455
9.984	 2.07	 2	 -41.7323	  174.0755
9.985	 2.24	 3	 -42.1199	  174.6004
9.987	 2.05	 1	 -42.0491	  173.7139
9.989	 2.40	 2	 -41.9644	  177.7199
9.990	 2.02	 1	 -42.1914	  173.5917
9.992	 2.79	 3	 -42.0842	  173.1113
9.992	 2.09	 1	 -41.7451	  174.1780
9.994	 2.54	 3	 -42.3158	  173.4978
9.995	 2.14	 1	 -41.9878	  174.6479
9.998	 3.23	 6	 -42.5246	  173.2690
9.999	 2.16	 1	 -42.4932	  173.3348
10.000	 2.30	 1	 -42.4171	  173.7651
10.004	 2.57	 2	 -42.2606	  173.6893
10.007	 2.51	 1	 -42.5671	  174.0469
10.009	 2.45	 1	 -42.3096	  174.0571
10.010	 2.25	 3	 -42.4449	  173.8623
10.010	 2.02	 5	 -42.5717	  173.3276
10.010	 2.00	 3	 -42.1720	  174.5527
10.012	 2.14	 1	 -41.8023	  174.3738
10.013	 3.39	 2	 -42.8894	  173.3465
10.014	 2.07	 3	 -42.4483	  173.1335
10.014	 2.39	 1	 -42.4502	  172.0371
10.016	 2.38	 2	 -42.4047	  173.7358
10.017	 2.14	 2	 -42.8120	  173.4741
10.017	 2.34	 5	 -42.3279	  172.9245
10.018	 2.21	 1	 -42.6507	  172.9803
10.019	 3.17	 1	 -42.1458	  173.3392
10.020	 2.11	 2	 -42.7793	  173.5435
10.020	 2.25	 3	 -42.0121	  174.0241
10.022	 2.25	 1	 -42.4154	  173.6403
10.024	 2.09	 1	 -42.3990	  173.9474
10.025	 3.48	 1	 -42.4101	  173.7486
10.025	 2.14	 1	 -42.5918	  171.9276
10.026	 2.46	 3	 -42.4868	  173.4272
10.028	 2.37	 1	 -41.6802	  174.2374
10.028	 2.34	 1	 -42.3606	  173.8889
10.028	 2.60	 1	 -44.6383	  172.8865
10.028	 2.22	 1	 -41.7330	  174.1340
10.028	 2.09	 2	 -41.4992	  174.4475
10.031	 3.94	 3	 -43.4627	  171.4914
10.032	 2.49	 1	 -42.0155	  173.3441
10.033	 2.27	 1	 -41.8636	  174.1874
10.033	 2.44	 1	 -42.5172	  173.8024
10.035	 2.70	 1	 -41.3891	  174.2208
10.036	 2.61	 1	 -42.6912	  172.7914
10.038	 2.22	 1	 -41.7035	  174.2665
10.039	 2.54	 3	 -42.6049	  172.9442
10.039	 2.22	 2	 -42.4615	  174.0571
10.040	 2.12	 1	 -42.2521	  173.3973
10.040	 2.26	 4	 -42.0959	  173.8408
10.042	 2.02	 2	 -42.5109	  172.6505
10.044	 2.37	 1	 -41.7463	  174.6025
10.045	 2.79	 1	 -42.0138	  173.7735
10.048	 2.15	 1	 -42.3505	  173.8332
10.050	 3.61	 3	 -41.8862	  178.3667
10.054	 2.63	 2	 -41.6502	  174.2069
10.056	 2.00	 2	 -42.2632	  173.6622
10.056	 2.79	 2	 -41.7694	  174.2310
10.057	 2.03	 1	 -42.0144	  173.7463
10.058	 2.90	 3	 -41.8664	  178.3577
10.060	 2.08	 2	 -42.4608	  174.7086
10.061	 2.29	 1	 -41.7188	  174.2325
10.062	 3.03	 2	 -41.7958	  174.1905
10.063	 2.63	 3	 -41.9402	  178.2357
10.063	 2.25	 2	 -42.2584	  173.9628
10.065	 3.11	 1	 -42.5962	  172.9780
10.067	 3.36	 3	 -42.5759	  172.9644
10.067	 2.52	 1	 -42.5269	  173.3553
10.067	 2.05	 1	 -42.4475	  173.5156
10.067	 2.24	 3	 -42.1902	  173.6839
10.068	 2.41	 3	 -41.9347	  173.7605
10.070	 2.06	 2	 -42.3429	  173.0364
10.070	 2.70	 1	 -42.6761	  173.1499
10.071	 2.18	 4	 -41.9576	  178.1495
10.072	 2.17	 1	 -42.3846	  173.3064
10.072	 2.67	 1	 -42.5970	  173.2236
10.073	 2.34	 2	 -42.3345	  172.9506
10.077	 2.07	 2	 -41.6457	  178.2886
10.078	 2.10	 1	 -42.2918	  173.8156
10.078	 4.11	 1	 -41.5848	  174.1086
10.079	 2.34	 1	 -44.1305	  167.2256
10.080	 2.05	 3	 -41.9106	  178.3551
10.080	 2.12	 2	 -43.6591	  167.7233
10.081	 2.04	 2	 -42.3672	  173.6710
10.081	 2.07	 5	 -42.5358	  173.3134
10.081	 2.12	 1	 -42.8487	  173.2390
10.084	 2.31	 1	 -42.3355	  173.0548
10.084	 2.96	 2	 -41.8317	  174.3515
10.088	 2.18	 2	 -41.9680	  178.2998
10.090	 2.24	 1	 -42.6045	  172.9510
10.091	 2.46	 2	 -41.8528	  174.0905
10.093	 2.76	 1	 -42.3073	  173.4566
10.094	 2.47	 2	 -42.7684	  173.2743
10.095	 2.32	 1	 -41.7553	  174.3013
10.098	 3.26	 1	 -42.2800	  173.6314
10.098	 3.26	 3	 -41.7705	  178.5084
10.098	 2.07	 2	 -43.5823	  172.3061
10.099	 2.69	 1	 -42.2635	  173.5785
10.099	 2.49	 3	 -42.4307	  173.1959
10.100	 3.17	 1	 -41.7650	  174.3614
10.100	 2.44	 1	 -42.5921	  172.8015
10.101	 2.04	 2	 -41.7292	  174.4047
10.101	 2.18	 2	 -42.1990	  173.6505
10.101	 2.01	 1	 -42.4983	  173.2960
10.101	 2.08	 3	 -42.2901	  173.5563
10.102	 2.10	 1	 -42.1256	  174.1418
10.104	 2.12	 1	 -41.7616	  174.2235
10.105	 2.17	 2	 -42.6364	  174.3347
10.105	 3.71	 1	 -41.6785	  174.2554
10.106	 3.01	 3	 -42.6593	  172.6495
10.106	 3.65	 1	 -41.9420	  175.2525
10.106	 2.29	 2	 -42.1497	  173.8106
10.106	 2.11	 1	 -42.4166	  173.6022
10.108	 2.30	 1	 -42.2629	  173.8982
10.109	 2.86	 6	 -42.4551	  177.9055
10.110	 3.04	 1	 -42.5812	  173.9773
10.110	 2.06	 1	 -42.0518	  173.6894
10.112	 2.03	 2	 -41.9594	  173.1703
10.116	 4.96	 1	 -46.1928	  176.6259
10.117	 2.24	 2	 -46.0874	  176.7554
10.117	 3.21	 2	 -42.0406	  173.7311
10.117	 2.46	 1	 -42.3049	  172.8965
10.117	 2.50	 3	 -42.1264	  174.3026
10.120	 2.29	 2	 -41.5601	  174.1038
10.121	 2.10	 2	 -42.5456	  173.2990
10.121	 2.35	 2	 -42.2498	  173.7949
10.121	 2.15	 2	 -42.8792	  173.3093
10.123	 3.58	 3	 -42.6836	  172.6540
10.123	 2.02	 2	 -42.3560	  173.7497
10.124	 2.01	 1	 -41.7163	  174.1815
10.124	 2.13	 4	 -42.0685	  178.0621
10.125	 2.52	 2	 -42.6092	  172.8910
10.126	 2.40	 1	 -41.8682	  174.0122
10.127	 2.40	 1	 -41.8001	  174.1189
10.127	 2.20	 2	 -43.0909	  173.4956
10.128	 2.52	 1	 -42.3616	  173.9174
10.128	 2.57	 2	 -46.1753	  176.6405
10.131	 2.04	 2	 -41.8984	  178.3350
10.131	 2.42	 1	 -41.5906	  172.6470
10.133	 2.21	 2	 -41.9214	  174.0172
10.133	 3.51	 1	 -41.6785	  174.1912
10.134	 2.01	 3	 -42.2216	  173.7414
10.136	 2.16	 1	 -42.3426	  173.7507
10.140	 2.26	 2	 -42.4914	  173.0829
10.140	 2.11	 1	 -41.9456	  173.6976
10.145	 2.77	 2	 -42.6195	  172.8746
10.147	 2.30	 1	 -42.1171	  173.5863
10.147	 3.35	 3	 -43.5783	  172.2507
10.148	 2.69	 1	 -42.4676	  173.2074
10.148	 2.39	 1	 -42.6572	  172.8548
10.149	 2.01	 1	 -38.9421	  176.3971
10.150	 2.46	 1	 -42.4083	  173.0899
10.151	 2.53	 2	 -42.9487	  172.9539
10.152	 2.86	 1	 -42.2596	  173.7799
10.152	 2.90	 1	 -42.5605	  172.9870
10.153	 2.76	 2	 -42.0360	  178.3864
10.154	 2.23	 1	 -42.2294	  173.6109
10.156	 2.59	 4	 -42.6839	  172.6638
10.157	 2.07	 3	 -41.8990	  178.3551
10.158	 3.28	 2	 -42.1242	  173.7605
10.159	 3.19	 3	 -42.6553	  172.5829
10.161	 2.00	 2	 -41.8687	  178.3854
10.161	 2.71	 1	 -41.9263	  173.6704
10.162	 2.12	 1	 -42.4147	  173.2355
10.164	 2.36	 2	 -46.2089	  176.6840
10.164	 2.03	 2	 -41.9007	  178.1181
10.166	 2.31	 1	 -42.9221	  173.1512
10.169	 2.01	 1	 -41.6842	  174.2029
10.171	 2.35	 1	 -42.3813	  173.0571
10.171	 2.87	 1	 -41.8371	  174.2328
10.172	 2.52	 5	 -42.6737	  172.6483
10.173	 2.55	 2	 -42.7929	  173.2552
10.173	 3.77	 1	 -42.0950	  173.5934
10.176	 2.01	 1	 -40.9904	  175.7948
10.177	 2.03	 1	 -42.5802	  172.9916
10.178	 2.36	 1	 -42.6281	  173.1263
10.179	 2.39	 2	 -42.4273	  172.0405
10.180	 2.78	 2	 -41.6759	  174.3109
10.182	 2.74	 2	 -41.8925	  178.3544
10.184	 2.40	 1	 -42.2884	  173.6424
10.185	 2.07	 3	 -42.3200	  174.1056
10.185	 2.11	 1	 -42.2482	  173.6183
10.185	 2.99	 2	 -42.3180	  173.5838
10.186	 2.25	 2	 -41.6955	  174.2416
10.187	 3.98	 1	 -41.7741	  174.2104
10.187	 2.09	 1	 -41.7238	  174.3631
10.188	 2.17	 1	 -41.7543	  174.3075
10.189	 2.29	 1	 -42.1851	  173.4176
10.190	 3.86	 2	 -42.5737	  173.8582
10.191	 2.85	 3	 -42.2418	  171.5805
10.193	 2.02	 2	 -42.1389	  173.4464
10.194	 2.39	 4	 -42.1655	  173.7048
10.196	 2.49	 1	 -42.4012	  173.3382
10.197	 2.26	 2	 -41.7845	  174.3282
10.197	 2.07	 1	 -42.5569	  173.2345
10.199	 2.16	 2	 -42.8818	  173.3444
10.200	 2.30	 2	 -46.2586	  175.8512
10.203	 2.48	 2	 -43.0901	  173.0633
10.203	 2.02	 1	 -42.3876	  173.9928
10.206	 2.68	 2	 -42.3900	  173.2292
10.207	 2.73	 2	 -41.6499	  174.2348
10.207	 2.02	 1	 -42.6729	  172.7630
10.207	 2.59	 2	 -43.3374	  172.5527
10.208	 2.08	 1	 -41.7169	  173.9907
10.210	 2.21	 2	 -42.2729	  172.7513
10.211	 3.06	 1	 -41.6821	  174.1941
10.212	 2.62	 3	 -41.8999	  178.3633
10.212	 2.65	 2	 -45.7155	  177.7730
10.212	 2.19	 2	 -41.6259	  174.3495
10.213	 2.50	 1	 -39.0600	  174.3721
10.214	 2.70	 1	 -41.7974	  174.2824
10.214	 3.29	 3	 -42.8860	  173.3576
10.215	 2.98	 2	 -46.1947	  176.6185
10.215	 2.11	 1	 -42.4546	  173.2882
10.217	 2.94	 1	 -41.8247	  174.2970
10.217	 2.53	 1	 -42.6070	  172.8242
10.218	 2.13	 1	 -41.8475	  173.9622
10.218	 4.52	 1	 -43.3228	  174.0223
10.218	 3.82	 1	 -42.1846	  172.9348
10.221	 2.42	 1	 -41.9544	  173.7186
10.221	 2.58	 3	 -42.0682	  174.2352
10.222	 2.09	 4	 -41.8894	  178.3672
10.223	 2.66	 2	 -42.0105	  173.7715
10.223	 2.29	 2	 -42.2824	  173.7361
10.225	 2.02	 2	 -42.9861	  174.1954
10.225	 2.24	 2	 -42.1837	  173.8203
10.226	 2.15	 4	 -41.8860	  177.9317
10.226	 2.78	 2	 -41.9251	  174.0079
10.227	 2.92	 1	 -41.4925	  174.5784
10.228	 2.17	 2	 -41.3225	  172.4235
10.228	 2.42	 1	 -41.7207	  174.2938
10.230	 3.02	 2	 -41.9432	  173.7118
10.233	 2.25	 2	 -46.3233	  176.5832
10.233	 2.19	 3	 -41.5337	  173.4567
10.234	 3.18	 2	 -41.8890	  172.7715
10.236	 2.20	 1	 -42.1752	  173.8250
10.236	 2.45	 2	 -43.3173	  173.9959
10.238	 2.48	 2	 -42.1348	  173.8448
10.238	 2.42	 6	 -42.1153	  178.1581
10.239	 2.02	 4	 -42.6456	  172.6741
10.241	 2.49	 3	 -42.6066	  172.9220
10.242	 2.04	 4	 -41.8640	  178.2876
10.242	 2.02	 3	 -42.8191	  173.3575
10.243	 2.26	 1	 -42.5533	  173.1051
10.245	 2.21	 2	 -41.8367	  178.2715
10.247	 2.28	 1	 -42.6589	  172.7882
10.249	 3.35	 1	 -42.5387	  172.7017
10.250	 2.38	 2	 -41.7991	  173.9796
10.252	 2.02	 1	 -41.7022	  174.3385
10.255	 2.10	 1	 -42.1071	  173.6023
10.255	 2.28	 3	 -41.8561	  178.3953
10.255	 2.23	 3	 -42.1213	  174.4161
10.256	 2.19	 4	 -43.5195	  172.2211
10.257	 2.43	 1	 -42.2500	  173.8539
10.257	 2.32	 1	 -42.5349	  173.3469
10.258	 2.29	 2	 -42.0106	  173.8872
10.260	 2.45	 2	 -46.2357	  176.5289
10.262	 2.89	 2	 -42.0504	  178.3811
10.266	 2.11	 4	 -42.2709	  174.4087
10.266	 2.06	 1	 -41.7668	  174.1936
10.267	 2.39	 1	 -42.3790	  173.0611
10.268	 2.11	 1	 -41.7124	  174.2620
10.269	 2.13	 1	 -41.7226	  174.2915
10.269	 2.65	 1	 -41.7402	  174.3051
10.270	 2.22	 1	 -42.5188	  172.8920
10.270	 2.02	 1	 -42.2908	  179.1155
10.270	 2.18	 1	 -42.9864	  172.8970
10.270	 2.02	 1	 -42.2951	  172.9114
10.271	 2.17	 2	 -42.7200	  173.1658
10.271	 2.77	 3	 -42.0690	  173.9102
10.272	 2.12	 2	 -41.7082	  174.2764
10.272	 2.60	 2	 -42.3840	  173.9297
10.272	 2.93	 2	 -41.6822	  174.3128
10.275	 2.38	 1	 -42.3335	  173.7601
10.277	 2.19	 3	 -41.7830	  174.1586
10.278	 2.06	 2	 -42.2569	  173.8568
10.278	 2.19	 1	 -41.8714	  173.5145
10.281	 2.22	 2	 -41.7710	  178.6178
10.281	 3.22	 4	 -42.5285	  173.0233
10.283	 2.44	 2	 -42.3781	  173.9930
10.283	 2.13	 1	 -41.9172	  173.5585
10.286	 2.62	 3	 -41.8053	  173.5685
10.287	 2.40	 1	 -42.5113	  173.2820
10.288	 2.05	 3	 -42.8385	  172.9106
10.290	 2.19	 1	 -42.2331	  173.6772
10.291	 2.67	 1	 -42.1891	  173.7350
10.291	 3.70	 1	 -42.3230	  173.5528
10.295	 2.49	 2	 -41.8743	  178.3897
10.296	 2.57	 4	 -42.7571	  172.8714
10.299	 2.43	 3	 -41.5984	  174.0648
10.300	 2.85	 1	 -42.1683	  173.8409
10.301	 2.09	 1	 -42.0525	  172.8971
10.302	 2.22	 2	 -46.1843	  176.6457
10.303	 2.20	 2	 -41.9396	  173.9444
10.303	 2.71	 2	 -41.8003	  174.3472
10.304	 2.17	 6	 -42.0067	  178.1499
10.306	 2.18	 2	 -42.2111	  173.7052
10.307	 2.09	 2	 -43.5488	  172.7423
10.307	 2.26	 1	 -41.6296	  174.1852
10.309	 2.55	 2	 -42.8289	  173.1847
10.310	 2.41	 3	 -42.9272	  173.2206
10.312	 2.66	 1	 -41.9743	  174.2084
10.312	 2.05	 1	 -41.9175	  173.6676
10.313	 3.18	 1	 -41.9810	  174.0411
10.314	 2.36	 3	 -42.8282	  173.3491
10.314	 2.42	 3	 -42.6658	  173.7415
10.315	 2.82	 1	 -42.1975	  173.5979
10.315	 2.36	 2	 -42.6101	  173.0753
10.316	 2.31	 2	 -42.5763	  172.7712
10.319	 2.05	 4	 -43.4928	  171.6589
10.320	 2.15	 1	 -42.2852	  174.8563
10.321	 2.20	 4	 -42.0240	  178.3452
10.326	 2.13	 1	 -42.4541	  173.1876
10.328	 2.73	 2	 -42.0975	  173.1142
10.328	 2.22	 1	 -42.3211	  173.7491
10.329	 2.08	 2	 -42.6474	  173.4610
10.334	 2.30	 2	 -42.5664	  173.0643
10.335	 2.39	 1	 -45.9606	  174.0529
10.336	 2.06	 2	 -42.0275	  173.9077
10.337	 2.41	 2	 -43.3325	  174.0186
10.338	 2.15	 2	 -45.9610	  174.0513
10.341	 3.44	 1	 -42.5534	  172.9890
10.342	 2.55	 1	 -41.7408	  174.2338
10.343	 2.20	 3	 -41.8641	  178.3903
10.346	 2.40	 1	 -42.5651	  173.4211
10.349	 2.12	 1	 -41.7098	  174.2280
10.352	 2.10	 1	 -42.5123	  173.1658
10.353	 2.49	 2	 -42.1974	  173.6335
10.354	 2.21	 1	 -42.3060	  173.7744
10.355	 2.06	 2	 -42.9517	  172.9496
10.355	 2.16	 1	 -42.4044	  173.9620
10.359	 2.33	 2	 -42.3272	  173.5532
10.362	 2.47	 1	 -41.7600	  173.9483
10.364	 2.62	 2	 -42.3009	  174.4310
10.365	 2.05	 1	 -42.2255	  174.2404
10.365	 2.03	 1	 -42.2909	  174.0540
10.365	 2.22	 2	 -42.0979	  173.8426
10.366	 2.21	 1	 -42.3706	  172.9782
10.367	 3.20	 2	 -42.3767	  173.7103
10.368	 3.39	 2	 -42.8554	  173.5622
10.368	 2.51	 1	 -42.4122	  173.1321
10.369	 2.29	 1	 -41.6748	  174.0766
10.369	 2.51	 2	 -43.2380	  180.7619
10.370	 2.11	 3	 -42.3754	  173.7117
10.371	 2.03	 2	 -42.5902	  172.9817
10.372	 2.15	 1	 -41.7047	  174.1698
10.375	 2.08	 2	 -42.4810	  173.0193
10.375	 3.16	 3	 -41.7522	  173.6385
10.375	 2.17	 2	 -42.2790	  174.5007
10.376	 2.41	 1	 -42.6746	  172.8869
10.378	 2.06	 1	 -42.3133	  173.4859
10.378	 2.19	 3	 -46.1891	  176.6205
10.378	 2.29	 1	 -41.7990	  174.3514
10.379	 2.39	 3	 -41.8069	  174.2012
10.380	 2.03	 1	 -41.6602	  174.2199
10.380	 2.32	 1	 -41.7065	  174.2955
10.381	 2.57	 3	 -41.8548	  178.4260
10.382	 3.44	 1	 -41.7721	  174.2373
10.383	 2.07	 2	 -41.9734	  174.2071
10.383	 2.33	 2	 -42.8652	  173.2659
10.383	 2.12	 1	 -42.4197	  172.9708
10.383	 2.11	 2	 -42.8391	  173.2209
10.384	 3.32	 2	 -42.9450	  172.8405
10.384	 2.46	 3	 -42.6383	  173.2537
10.385	 2.38	 2	 -43.1823	  173.9446
10.386	 3.25	 1	 -41.8672	  174.0288
10.388	 2.79	 2	 -42.1084	  178.4929
10.389	 2.17	 2	 -43.2110	  172.4622
10.389	 2.20	 1	 -42.3359	  173.7446
10.390	 2.37	 1	 -41.7675	  174.2986
10.391	 2.06	 2	 -42.8635	  173.2488
10.391	 2.08	 1	 -41.9775	  173.6812
10.395	 2.36	 2	 -46.1939	  176.6895
10.397	 2.14	 2	 -46.2072	  176.6292
10.398	 2.01	 1	 -42.0474	  173.7842
10.398	 2.42	 1	 -42.3678	  173.7367
10.399	 2.68	 3	 -42.4440	  173.1128
10.399	 2.50	 3	 -42.4511	  173.7407
10.400	 2.17	 1	 -42.4792	  174.0904
10.403	 2.02	 2	 -42.4926	  173.0101
10.404	 2.66	 3	 -42.1679	  173.6256
10.405	 2.27	 1	 -42.4324	  173.7924
10.405	 2.08	 2	 -46.1264	  176.6630
10.406	 4.33	 1	 -41.7667	  174.2773
10.406	 3.87	 1	 -43.5582	  176.4685
10.408	 2.35	 2	 -42.7383	  173.1617
10.410	 2.88	 1	 -41.6547	  174.3483
10.413	 2.27	 2	 -41.9058	  178.4639
10.416	 2.69	 2	 -46.2460	  176.6036
10.416	 2.53	 1	 -42.0838	  174.0605
10.417	 3.14	 1	 -42.2972	  173.1007
10.425	 2.51	 1	 -41.8755	  174.0320
10.425	 2.07	 1	 -41.8570	  174.1750
10.427	 3.10	 4	 -42.9791	  173.1740
10.429	 2.02	 3	 -42.3807	  173.1722
10.432	 2.24	 2	 -42.4055	  173.9367
10.432	 2.59	 2	 -42.3541	  173.0792
10.436	 2.50	 1	 -42.6058	  172.8435
10.436	 2.09	 1	 -41.6248	  174.3346
10.438	 2.54	 2	 -42.8792	  173.5825
10.439	 4.47	 1	 -41.9878	  173.6922
10.439	 2.04	 1	 -42.1532	  173.5624
10.440	 2.29	 2	 -42.2137	  174.3934
10.443	 2.01	 3	 -46.2457	  176.6022
10.444	 2.17	 1	 -42.1825	  173.5804
10.445	 2.29	 6	 -42.1643	  178.2656
10.448	 3.31	 1	 -41.6970	  174.2634
10.448	 2.16	 1	 -42.1560	  173.5897
10.448	 2.17	 1	 -41.6674	  174.2556
10.448	 2.52	 1	 -42.4281	  173.5395
10.449	 2.56	 2	 -41.7678	  174.2987
10.451	 2.17	 1	 -41.8917	  173.9119
10.453	 2.01	 1	 -42.2754	  173.6441
10.454	 2.08	 1	 -41.8838	  173.9829
10.454	 2.85	 1	 -42.6852	  172.8385
10.454	 2.36	 3	 -41.8849	  178.4017
10.456	 2.61	 2	 -42.0061	  173.6810
10.456	 2.44	 2	 -41.7457	  174.3076
10.457	 3.70	 1	 -42.8944	  173.3801
10.461	 2.39	 2	 -42.7311	  173.2738
10.463	 2.30	 1	 -41.3790	  174.7306
10.463	 2.82	 1	 -41.8386	  174.2550
10.463	 2.23	 2	 -41.6309	  174.2210
10.464	 2.69	 4	 -42.5593	  177.7750
10.464	 2.01	 4	 -42.2694	  173.7324
10.466	 2.58	 2	 -46.0667	  176.7616
10.468	 3.55	 2	 -41.9115	  178.2695
10.469	 2.06	 1	 -41.8010	  174.4801
10.472	 2.05	 1	 -42.3250	  174.0423
10.473	 2.37	 3	 -41.7589	  178.2668
10.474	 3.05	 1	 -42.3067	  173.4423
10.476	 2.14	 2	 -41.7355	  174.2580
10.476	 2.01	 1	 -42.4514	  173.1437
10.478	 2.57	 1	 -42.6750	  173.4213
10.478	 2.04	 1	 -42.3783	  173.9987
10.482	 2.11	 1	 -41.7976	  174.0589
10.482	 2.14	 1	 -41.6935	  174.2376
10.482	 2.47	 1	 -42.5791	  173.9580
10.484	 2.05	 4	 -42.5427	  172.8196
10.485	 2.70	 3	 -42.5231	  172.5765
10.485	 2.04	 1	 -41.9675	  173.7793
10.485	 3.16	 3	 -41.8450	  178.3702
10.487	 2.16	 2	 -41.8901	  174.3557
10.488	 2.11	 1	 -41.6258	  174.3780
10.488	 2.29	 1	 -42.1801	  173.7988
10.489	 2.32	 1	 -41.4278	  174.4488
10.489	 2.96	 2	 -41.8087	  174.1752
10.490	 2.00	 2	 -42.1816	  174.2540
10.491	 2.37	 5	 -42.8090	  174.8720
10.492	 2.39	 1	 -41.7838	  174.2797
10.494	 2.16	 1	 -42.3429	  173.9154
10.495	 2.10	 1	 -41.7693	  174.2639
10.496	 2.29	 2	 -41.9925	  173.7132
10.498	 2.74	 2	 -42.5720	  172.8284
10.498	 2.34	 1	 -42.0504	  172.2189
10.499	 2.03	 1	 -42.2073	  173.7245
10.499	 2.36	 1	 -42.4377	  173.2047
10.500	 2.03	 1	 -42.1700	  173.8733
10.503	 2.28	 1	 -42.2134	  174.1086
10.503	 2.02	 2	 -41.6860	  174.2137
10.507	 2.70	 1	 -42.3315	  174.0311
10.508	 2.28	 3	 -42.2733	  173.8883
10.508	 2.27	 2	 -41.9498	  174.6528
10.508	 2.22	 1	 -42.2268	  173.7657
10.510	 2.01	 1	 -42.2177	  173.6038
10.511	 2.07	 1	 -42.5418	  173.1755
10.512	 3.14	 2	 -42.4163	  173.0595
10.514	 2.45	 1	 -42.6667	  172.9229
10.515	 2.89	 1	 -41.4772	  174.3682
10.516	 2.09	 2	 -42.1918	  173.9392
10.517	 2.00	 2	 -41.7475	  174.1759
10.517	 2.01	 2	 -42.9102	  173.4591
10.517	 2.18	 1	 -41.9230	  173.9114
10.518	 2.36	 2	 -42.0159	  173.6939
10.518	 3.20	 1	 -42.1033	  173.8712
10.519	 2.34	 1	 -42.5885	  172.9481
10.520	 2.88	 2	 -42.8049	  172.1960
10.521	 2.51	 1	 -41.3684	  171.4028
10.522	 2.55	 1	 -41.8475	  174.1488
10.524	 2.04	 1	 -41.8317	  174.2761
10.525	 2.01	 2	 -41.4315	  174.4586
10.526	 2.05	 2	 -41.6320	  174.0796
10.528	 2.10	 1	 -42.3071	  173.7557
10.529	 2.06	 1	 -42.2664	  173.6026
10.532	 2.13	 1	 -42.2445	  173.5491
10.533	 2.00	 2	 -41.8989	  174.0977
10.534	 2.23	 1	 -42.2635	  173.6959
10.536	 2.40	 1	 -41.8411	  173.8302
10.536	 2.54	 2	 -41.7945	  178.3307
10.538	 2.17	 3	 -42.9112	  173.3332
10.539	 2.20	 1	 -42.4448	  173.2710
10.540	 2.96	 3	 -42.5780	  173.1264
10.540	 2.20	 1	 -42.5508	  173.1930
10.540	 2.34	 1	 -41.8778	  173.9609
10.544	 2.03	 3	 -41.7729	  174.2307
10.547	 2.51	 1	 -42.2339	  173.7158
10.550	 2.03	 3	 -42.3710	  173.2650
10.550	 2.26	 3	 -42.1370	  173.9383
10.554	 2.66	 1	 -42.4970	  173.6008
10.559	 2.27	 2	 -42.2641	  174.4586
10.562	 2.17	 2	 -41.6979	  174.2637
10.564	 3.37	 2	 -42.5415	  174.3368
10.566	 2.26	 2	 -41.7012	  174.2074
10.568	 2.35	 1	 -41.8755	  173.9844
10.570	 2.63	 4	 -42.8786	  173.3226
10.578	 2.64	 3	 -42.6257	  172.6000
10.581	 2.10	 2	 -42.8699	  173.5684
10.586	 2.01	 1	 -42.2797	  173.6586
10.586	 3.32	 2	 -42.7683	  173.3672
10.587	 2.06	 2	 -41.7143	  174.2177
10.588	 2.36	 2	 -41.7987	  174.2805
10.589	 2.21	 1	 -42.2559	  174.0402
10.590	 2.96	 1	 -41.7292	  174.2278
10.591	 3.83	 1	 -42.2737	  174.1889
10.594	 2.04	 2	 -42.5540	  173.3687
10.595	 2.17	 2	 -42.8083	  174.4019
10.596	 2.03	 1	 -41.6946	  174.2156
10.596	 2.42	 2	 -41.9791	  178.0547
10.597	 3.49	 1	 -42.3383	  173.7301
10.597	 2.06	 1	 -42.4942	  173.1166
10.603	 2.37	 1	 -42.4037	  173.9848
10.604	 2.15	 1	 -42.0183	  173.8587
10.604	 2.29	 6	 -42.1291	  178.1322
10.606	 2.19	 1	 -42.4524	  173.1800
10.608	 2.10	 2	 -41.5665	  174.2854
10.612	 2.21	 3	 -42.4518	  173.0432
10.612	 2.84	 2	 -41.7368	  174.3359
10.614	 2.57	 2	 -42.5121	  173.2366
10.615	 2.30	 2	 -42.1806	  173.8092
10.615	 4.20	 1	 -41.6184	  174.3831
10.618	 2.65	 1	 -42.5413	  173.8392
10.618	 2.53	 3	 -42.5391	  173.2155
10.619	 2.20	 1	 -42.5615	  172.9489
10.620	 2.30	 2	 -42.3553	  181.1620
10.620	 2.34	 2	 -41.9791	  173.6945
10.621	 2.87	 1	 -40.8426	  173.5522
10.621	 2.01	 1	 -41.7168	  174.1894
10.624	 2.28	 3	 -42.7304	  172.7524
10.625	 2.13	 2	 -39.1737	  176.2233
10.628	 4.71	 1	 -42.2977	  173.8595
10.629	 2.41	 2	 -42.3087	  173.8601
10.629	 2.10	 2	 -42.7871	  172.4233
10.631	 2.64	 2	 -42.3291	  173.0121
10.637	 2.10	 3	 -41.7992	  173.6853
10.637	 2.14	 1	 -41.9304	  174.3392
10.639	 2.50	 1	 -43.2263	  171.2782
10.640	 2.80	 1	 -42.6050	  172.9863
10.640	 2.11	 1	 -42.2360	  173.7003
10.641	 3.27	 1	 -42.0836	  173.0951
10.641	 2.38	 1	 -41.6702	  174.3616
10.644	 2.43	 1	 -42.4906	  174.2723
10.646	 3.06	 1	 -42.0775	  173.9319
10.647	 2.37	 1	 -42.4961	  173.6765
10.647	 2.45	 2	 -42.3427	  173.8843
10.649	 2.57	 1	 -41.7369	  174.0888
10.651	 2.83	 2	 -41.7205	  174.2291
10.651	 2.16	 2	 -42.5046	  173.0900
10.652	 2.02	 1	 -42.0260	  172.5057
10.652	 2.21	 1	 -41.8734	  174.3432
10.653	 2.31	 1	 -42.8112	  172.8022
10.653	 2.46	 1	 -42.5707	  173.3607
10.654	 2.05	 1	 -42.6909	  173.2222
10.654	 2.23	 1	 -42.5068	  173.7966
10.655	 2.13	 2	 -42.2679	  173.8845
10.655	 2.96	 2	 -41.3102	  178.2585
10.657	 2.79	 2	 -42.3222	  173.8472
10.658	 2.21	 1	 -41.4276	  174.3985
10.658	 2.91	 2	 -41.7169	  174.2684
10.659	 2.57	 2	 -42.4899	  173.6028
10.660	 2.02	 1	 -42.2362	  173.6801
10.660	 2.54	 3	 -41.7215	  167.1366
10.661	 2.28	 2	 -46.3025	  176.7799
10.662	 2.02	 1	 -42.6462	  172.8203
10.663	 2.07	 2	 -42.4854	  173.0520
10.663	 2.39	 3	 -41.4705	  173.9130
10.666	 3.40	 2	 -41.7075	  174.2117
10.666	 2.08	 1	 -42.4622	  173.0944
10.667	 2.26	 1	 -42.8631	  172.4540
10.667	 2.67	 1	 -42.7883	  173.0450
10.669	 3.12	 1	 -42.0132	  173.7942
10.670	 2.28	 2	 -41.3945	  173.5082
10.670	 2.64	 1	 -41.8203	  174.3986
10.670	 2.08	 2	 -41.6175	  174.3997
10.672	 2.62	 1	 -42.6505	  173.0173
10.673	 2.14	 1	 -41.9172	  172.3963
10.674	 2.15	 2	 -42.3460	  173.9016
10.677	 2.13	 1	 -41.7543	  174.3138
10.677	 2.87	 6	 -41.8780	  178.1913
10.679	 2.52	 1	 -42.1858	  173.6723
10.679	 2.19	 1	 -42.2390	  173.4614
10.680	 3.14	 1	 -41.9930	  173.7211
10.681	 2.16	 1	 -42.2762	  173.9206
10.681	 2.02	 1	 -42.4741	  173.0233
10.683	 2.17	 3	 -42.5816	  173.0401
10.683	 2.06	 1	 -42.3581	  173.0724
10.683	 3.24	 1	 -42.2350	  173.6657
10.684	 2.32	 2	 -42.2657	  174.1879
10.684	 2.31	 2	 -41.9337	  178.2775
10.684	 2.23	 1	 -42.1108	  172.8787
10.685	 2.70	 7	 -41.7874	  178.1369
10.686	 2.19	 2	 -42.4364	  173.3649
10.687	 2.64	 2	 -41.6965	  174.1844
10.687	 2.24	 1	 -42.5080	  173.9091
10.687	 2.54	 2	 -42.5025	  172.8648
10.688	 2.16	 2	 -41.8683	  174.3416
10.690	 2.03	 1	 -41.8490	  174.0532
10.691	 2.44	 1	 -43.0478	  172.9305
10.697	 2.13	 1	 -42.6886	  172.7529
10.699	 2.65	 3	 -42.0959	  178.5174
10.699	 2.21	 1	 -42.2533	  173.5987
10.700	 2.26	 1	 -43.6767	  175.1610
10.701	 2.29	 1	 -41.7606	  174.2734
10.701	 2.64	 2	 -41.6225	  174.3875
10.702	 2.13	 2	 -42.4019	  173.3752
10.702	 2.02	 2	 -46.2666	  176.5595
10.704	 2.12	 4	 -41.8668	  178.4321
10.708	 2.09	 2	 -42.1885	  173.7939
10.710	 2.27	 8	 -41.7108	  178.3151
10.712	 2.21	 1	 -42.3463	  174.0674
10.714	 2.04	 1	 -42.3574	  173.5007
10.717	 2.61	 1	 -41.7746	  174.2776
10.721	 2.73	 2	 -42.0938	  173.9741
10.721	 2.12	 1	 -42.5442	  173.0612
10.722	 2.12	 2	 -41.9434	  178.3530
10.724	 2.48	 1	 -41.7834	  174.1856
10.724	 2.54	 1	 -42.3402	  173.5309
10.726	 2.28	 2	 -41.9723	  174.1381
10.727	 2.09	 1	 -42.3801	  174.0707
10.728	 2.30	 1	 -42.0247	  173.7008
10.728	 2.13	 2	 -42.4628	  173.3006
10.729	 2.12	 2	 -41.8911	  178.3764
10.732	 2.02	 4	 -42.7605	  173.3105
10.734	 2.42	 2	 -42.0696	  173.5959
10.734	 2.43	 1	 -44.1372	  172.3522
10.735	 2.01	 1	 -42.0043	  174.2829
10.737	 2.54	 1	 -42.1843	  173.9746
10.739	 3.21	 1	 -41.6708	  174.4084
10.739	 2.00	 1	 -42.5482	  173.8585
10.740	 2.50	 2	 -42.4453	  173.5875
10.741	 2.32	 1	 -42.2455	  173.9920
10.741	 2.56	 1	 -42.5689	  173.2564
10.742	 2.87	 4	 -42.5824	  172.9693
10.746	 2.46	 3	 -42.0781	  173.6271
10.747	 2.31	 1	 -42.7351	  176.7336
10.750	 2.35	 3	 -42.6149	  172.9183
10.753	 2.04	 2	 -42.1302	  173.6698
10.753	 2.02	 1	 -41.9103	  173.8812
10.753	 2.90	 2	 -41.6163	  174.3122
10.755	 2.01	 1	 -41.6437	  174.3747
10.760	 2.13	 4	 -42.6619	  173.2247
10.762	 2.28	 4	 -42.0544	  173.8447
10.763	 2.70	 1	 -42.2218	  173.4723
10.763	 2.05	 1	 -42.9128	  172.8725
10.772	 2.69	 1	 -42.5527	  172.7330
10.772	 2.20	 2	 -42.8942	  172.8410
10.774	 2.83	 1	 -42.3292	  173.7067
10.776	 2.85	 1	 -41.7487	  174.0254
10.776	 2.00	 3	 -43.7694	  177.1290
10.777	 2.09	 2	 -42.8336	  173.1313
10.777	 2.10	 1	 -42.6156	  173.0324
10.779	 2.22	 1	 -41.3954	  173.0697
10.780	 2.11	 1	 -41.9585	  173.1211
10.784	 2.09	 1	 -42.1702	  173.5600
10.784	 2.00	 2	 -41.8186	  174.1697
10.784	 2.01	 2	 -41.8703	  174.1044
10.786	 3.07	 1	 -42.6318	  175.1590
10.789	 2.27	 2	 -42.1016	  173.8923
10.789	 2.76	 2	 -41.8312	  173.5841
10.794	 2.18	 1	 -42.7188	  173.0218
10.795	 2.38	 2	 -43.3376	  173.9515
10.795	 2.81	 1	 -42.2614	  173.8583
10.796	 2.27	 2	 -42.4138	  173.0793
10.799	 2.41	 2	 -42.4433	  173.1731
10.800	 2.09	 2	 -42.0789	  173.8956
10.802	 3.48	 1	 -42.5882	  173.9526
10.803	 2.03	 2	 -42.6054	  172.9739
10.805	 3.59	 1	 -41.8282	  171.9568
10.806	 3.40	 2	 -42.3813	  174.4382
10.806	 2.79	 5	 -42.6764	  172.6094
10.810	 2.16	 2	 -42.1316	  173.5288
10.811	 2.11	 2	 -41.5836	  174.1079
10.812	 2.60	 1	 -41.7989	  174.2360
10.812	 2.01	 1	 -41.6938	  174.0868
10.816	 2.02	 1	 -42.2148	  173.6293
10.818	 2.03	 2	 -42.3628	  173.5042
10.820	 2.59	 1	 -41.9562	  174.0615
10.821	 2.53	 5	 -42.2413	  178.1145
10.822	 3.21	 2	 -42.3284	  173.6791
10.824	 2.21	 2	 -43.5677	  176.4601
10.825	 2.09	 2	 -42.2267	  174.3962
10.827	 2.20	 1	 -42.0714	  172.7872
10.828	 2.10	 1	 -42.2333	  173.6953
10.828	 2.32	 2	 -42.5955	  173.9533
10.829	 2.25	 1	 -42.5034	  173.8117
10.830	 2.13	 2	 -42.3448	  173.1491
10.830	 2.10	 1	 -42.5035	  173.0848
10.832	 2.60	 1	 -41.9341	  174.0015
10.832	 3.39	 2	 -42.3035	  173.8760
10.834	 2.05	 3	 -42.6217	  174.0450
10.835	 2.04	 3	 -42.1051	  173.9391
10.835	 2.37	 5	 -42.4206	  173.0987
10.836	 3.37	 1	 -41.7672	  174.2591
10.837	 2.34	 2	 -42.1544	  172.9287
10.838	 2.62	 1	 -41.7943	  174.1697
10.839	 2.90	 1	 -42.9241	  174.5096
10.839	 2.16	 1	 -42.4546	  173.7928
10.839	 2.49	 5	 -41.9475	  173.7727
10.840	 2.30	 3	 -42.3011	  173.8770
10.845	 2.41	 2	 -43.0406	  173.2778
10.845	 2.06	 1	 -42.2621	  173.5881
10.847	 2.62	 2	 -42.0706	  178.2044
10.848	 2.41	 2	 -42.3158	  173.6523
10.850	 3.40	 1	 -42.1960	  173.8411
10.852	 2.02	 2	 -41.8932	  173.7485
10.855	 2.18	 1	 -41.9819	  173.6507
10.857	 2.15	 1	 -42.3975	  173.3143
10.859	 2.07	 3	 -41.9443	  178.4056
10.860	 2.21	 1	 -42.2911	  173.8043
10.861	 2.27	 3	 -42.4645	  173.1782
10.862	 2.29	 3	 -42.4078	  173.3555
10.864	 2.07	 1	 -42.3088	  173.6645
10.864	 3.50	 1	 -41.6953	  174.1989
10.865	 3.32	 1	 -42.5181	  173.2191
10.870	 2.13	 4	 -42.0900	  178.0701
10.870	 2.21	 1	 -42.7303	  173.1132
10.873	 2.64	 1	 -42.5384	  173.9683
10.873	 2.17	 2	 -42.6848	  172.8032
10.873	 2.00	 2	 -46.4279	  176.8928
10.876	 2.33	 1	 -42.4585	  173.4728
10.877	 2.08	 1	 -39.4440	  172.5453
10.878	 2.41	 1	 -42.4022	  174.0720
10.878	 3.84	 3	 -42.4955	  173.0613
10.883	 2.26	 2	 -41.8210	  174.1690
10.884	 2.05	 1	 -42.3177	  174.0829
10.884	 2.35	 4	 -41.7838	  174.2346
10.884	 2.12	 1	 -42.4007	  173.1414
10.884	 2.25	 3	 -42.5275	  174.0038
10.885	 2.63	 1	 -42.1067	  173.8360
10.886	 2.19	 1	 -42.2524	  173.8621
10.887	 2.06	 1	 -41.9086	  173.6529
10.887	 2.03	 1	 -42.3816	  174.0302
10.887	 2.17	 1	 -41.8188	  174.1855
10.890	 3.40	 1	 -42.6163	  173.7973
10.891	 2.96	 3	 -41.6435	  174.2546
10.891	 2.88	 3	 -42.8922	  173.3504
10.894	 2.03	 2	 -42.3956	  173.8776
10.899	 4.58	 1	 -42.5414	  173.4233
10.899	 2.49	 1	 -41.7606	  174.2729
10.899	 2.08	 1	 -42.3661	  173.7746
10.899	 2.75	 1	 -41.7492	  174.2568
10.900	 2.36	 2	 -41.4276	  174.4492
10.900	 3.40	 1	 -41.7752	  174.2896
10.901	 2.11	 2	 -42.3677	  173.3531
10.903	 2.02	 1	 -42.6107	  173.0610
10.904	 3.99	 1	 -42.8103	  173.0814
10.905	 2.32	 2	 -42.3073	  173.7864
10.906	 2.03	 2	 -42.9221	  174.6542
10.907	 2.16	 5	 -42.2462	  173.9060
10.907	 2.83	 1	 -42.0471	  173.7123
10.909	 2.57	 1	 -42.5192	  173.4364
10.909	 2.06	 2	 -41.9187	  178.4505
10.910	 2.36	 2	 -42.6298	  172.8739
10.911	 2.07	 1	 -41.7127	  177.2367
10.915	 2.27	 1	 -44.5011	  179.1831
10.915	 2.03	 1	 -42.2589	  173.6428
10.916	 2.56	 1	 -42.3602	  172.0211
10.916	 2.18	 1	 -42.4684	  173.3892
10.917	 3.23	 2	 -42.4687	  173.1268
10.917	 2.09	 2	 -42.6312	  172.6731
10.919	 2.04	 1	 -43.1782	  175.0608
10.919	 3.10	 3	 -41.6772	  177.1582
10.919	 2.31	 2	 -42.4582	  173.3834
10.921	 2.18	 2	 -42.3870	  173.7279
10.923	 2.35	 2	 -42.6460	  172.8044
10.924	 2.10	 1	 -41.9490	  174.0553
10.926	 2.16	 1	 -42.5230	  174.0060
10.926	 2.18	 1	 -41.8900	  173.9837
10.929	 2.52	 2	 -42.7032	  172.3370
10.931	 2.60	 2	 -42.2144	  173.7767
10.932	 2.68	 2	 -42.7984	  173.0428
10.933	 2.65	 1	 -42.2524	  173.6004
10.934	 2.96	 2	 -43.6743	  175.1573
10.935	 2.90	 1	 -41.8396	  174.2092
10.936	 2.47	 2	 -42.0100	  173.7879
10.936	 2.27	 2	 -42.6176	  173.4111
10.937	 2.68	 4	 -42.0354	  178.3471
10.939	 2.21	 2	 -42.3203	  173.8911
10.941	 2.54	 1	 -42.3946	  172.7514
10.942	 2.01	 1	 -42.1561	  173.8225
10.942	 2.23	 1	 -43.2395	  170.2690
10.942	 2.51	 2	 -42.5645	  172.7970
10.944	 2.21	 4	 -42.0744	  178.0889
10.944	 2.63	 1	 -42.3402	  173.0090
10.947	 2.38	 2	 -40.2621	  175.5898
10.948	 2.06	 2	 -42.4584	  172.9184
10.950	 2.67	 1	 -42.0745	  173.5515
10.954	 2.50	 1	 -42.6838	  172.9309
10.954	 2.58	 2	 -42.4985	  173.0987
10.955	 2.32	 1	 -41.7622	  174.1784
10.956	 2.06	 1	 -41.9849	  174.0732
10.957	 2.65	 1	 -41.7547	  174.3551
10.958	 2.55	 1	 -42.2710	  173.5337
10.958	 2.01	 1	 -41.7917	  174.2895
10.959	 2.23	 2	 -43.5488	  176.4793
10.962	 2.18	 2	 -41.8489	  174.2516
10.968	 2.01	 1	 -42.2562	  173.5835
10.969	 3.11	 1	 -41.7550	  174.2886
10.969	 2.80	 2	 -41.9258	  175.2367
10.971	 2.04	 2	 -41.7862	  173.7296
10.972	 2.48	 2	 -42.3937	  173.9428
10.973	 2.07	 4	 -42.7676	  173.2680
10.974	 2.19	 2	 -42.5191	  173.0785
10.975	 2.14	 4	 -42.4516	  173.8495
10.975	 2.09	 1	 -42.5663	  172.9818
10.976	 2.06	 1	 -42.2665	  173.5123
10.978	 2.14	 3	 -41.9597	  178.7084
10.980	 2.10	 1	 -42.4111	  172.7527
10.981	 2.51	 2	 -42.5465	  173.3825
10.981	 2.62	 2	 -42.6041	  173.7692
10.981	 2.46	 3	 -43.7491	  168.2283
10.983	 2.95	 1	 -42.3428	  173.9305
10.984	 2.78	 3	 -42.6490	  173.8972
10.986	 2.48	 2	 -43.3028	  174.0183
10.991	 2.51	 1	 -42.7067	  172.7712
10.993	 2.38	 2	 -41.7993	  178.3925
10.997	 3.21	 1	 -42.5985	  173.0009
10.998	 2.20	 1	 -42.1011	  174.1571
11.001	 2.64	 1	 -41.6908	  174.3039
11.002	 2.15	 2	 -42.0832	  174.3412
11.003	 3.03	 2	 -42.2578	  173.5550
11.003	 2.67	 2	 -41.8583	  174.2495
11.004	 2.54	 1	 -42.0333	  173.9027
11.005	 2.00	 1	 -42.0572	  173.7284
11.006	 2.62	 2	 -42.0887	  173.6607
11.007	 2.42	 2	 -42.5564	  173.4077
11.007	 2.21	 1	 -41.1612	  174.4608
11.010	 2.52	 1	 -42.4562	  173.1398
11.012	 2.38	 3	 -41.6277	  178.0395
11.014	 2.33	 1	 -41.8810	  174.0063
11.015	 2.14	 1	 -41.6006	  174.2621
11.016	 2.13	 1	 -41.7488	  174.2942
11.016	 2.78	 1	 -42.3433	  174.0284
11.018	 2.27	 2	 -41.7749	  174.2792
11.022	 2.77	 1	 -41.7826	  174.3099
11.025	 2.13	 2	 -39.6249	  177.2342
11.025	 2.21	 2	 -42.0771	  173.8215
11.026	 2.12	 2	 -42.2728	  173.8589
11.026	 2.50	 1	 -42.5327	  172.8957
11.029	 2.62	 2	 -41.8810	  178.4035
11.030	 2.05	 7	 -42.1465	  178.2714
11.030	 2.17	 1	 -42.6659	  173.1880
11.031	 3.52	 2	 -42.8674	  173.2950
11.032	 2.43	 3	 -42.8293	  173.1838
11.032	 2.24	 1	 -41.9747	  173.7582
11.033	 2.50	 1	 -41.9267	  175.1806
11.034	 2.72	 2	 -41.7493	  173.9446
11.038	 3.05	 1	 -42.7798	  174.9202
11.039	 2.42	 2	 -41.7371	  174.0799
11.040	 2.26	 1	 -41.6752	  174.2422
11.041	 2.08	 1	 -41.6920	  174.2469
11.042	 2.32	 2	 -41.9850	  173.9339
11.043	 2.10	 3	 -41.6989	  174.2117
11.046	 2.89	 1	 -42.3599	  174.0906
11.048	 2.95	 1	 -42.4713	  173.8386
11.048	 2.24	 4	 -42.1655	  173.8263
11.048	 2.37	 3	 -41.7746	  178.3417
11.050	 2.57	 2	 -42.4334	  173.1024
11.051	 2.35	 2	 -42.5171	  173.1162
11.051	 2.52	 2	 -41.9595	  173.8744
11.053	 2.30	 1	 -42.0814	  173.7345
11.055	 2.86	 1	 -42.5009	  172.9158
11.056	 2.38	 2	 -44.9422	  176.4502
11.056	 2.18	 1	 -41.8932	  174.3363
11.057	 2.09	 3	 -42.9153	  173.2396
11.057	 4.40	 2	 -41.8236	  174.2637
11.059	 2.66	 3	 -41.6789	  174.4354
11.065	 2.12	 1	 -42.8337	  173.1138
11.067	 2.17	 2	 -42.5738	  173.1230
11.069	 2.23	 2	 -42.3534	  173.3085
11.069	 2.22	 2	 -42.4629	  173.3288
11.070	 2.16	 1	 -42.2995	  173.6084
11.071	 2.29	 1	 -42.8094	  172.7324
11.072	 2.13	 2	 -41.9882	  173.8305
11.073	 3.73	 1	 -42.5219	  173.1561
11.074	 2.15	 1	 -42.1769	  174.2275
11.074	 2.30	 2	 -41.7992	  174.2115
11.075	 2.17	 1	 -41.6877	  174.4065
11.076	 2.19	 2	 -42.5626	  173.4975
11.076	 2.08	 3	 -41.6692	  174.3180
11.076	 2.22	 1	 -42.5796	  173.1584
11.079	 2.01	 1	 -42.4515	  173.2651
11.079	 2.23	 3	 -41.9091	  178.3731
11.080	 2.09	 2	 -41.6273	  174.2551
11.084	 2.01	 1	 -41.8101	  174.2101
11.085	 3.24	 2	 -42.3237	  173.7659
11.086	 2.92	 1	 -42.5739	  172.9795
11.086	 3.01	 2	 -42.5454	  173.1094
11.086	 2.74	 2	 -42.5473	  173.1814
11.087	 2.01	 1	 -41.7044	  174.2224
11.088	 2.26	 4	 -42.5913	  173.0318
11.090	 2.35	 1	 -42.1791	  173.7061
11.092	 2.31	 3	 -41.6725	  174.4159
11.095	 2.43	 2	 -41.8694	  178.3812
11.095	 2.54	 2	 -41.9483	  175.2561
11.098	 2.66	 1	 -41.7494	  174.3207
11.099	 2.73	 2	 -41.9709	  178.4762
11.101	 2.09	 1	 -42.5597	  173.1747
11.102	 2.01	 1	 -42.4253	  172.8526
11.103	 3.57	 1	 -41.6849	  174.3087
11.109	 3.01	 2	 -42.0119	  173.9044
11.112	 2.34	 2	 -41.9633	  173.9823
11.115	 3.16	 2	 -42.3627	  174.0864
11.115	 2.85	 2	 -42.4641	  173.2730
11.116	 2.10	 1	 -40.7878	  168.3560
11.117	 2.11	 1	 -42.5401	  173.1838
11.117	 2.11	 2	 -41.7541	  174.3217
11.121	 2.89	 1	 -41.6297	  174.2925
11.121	 2.43	 1	 -41.7265	  174.2286
11.122	 2.75	 3	 -42.1493	  173.9017
11.125	 3.34	 1	 -42.5650	  172.7107
11.128	 2.32	 1	 -42.6823	  172.8707
11.133	 2.28	 2	 -41.6881	  174.2126
11.133	 2.42	 4	 -42.9097	  173.3749
11.136	 2.83	 2	 -42.1686	  173.3307
11.136	 3.45	 1	 -40.9309	  173.4180
11.136	 2.62	 3	 -42.0646	  174.1433
11.138	 2.74	 1	 -42.2939	  173.8071
11.143	 2.16	 1	 -41.6084	  174.2702
11.143	 2.28	 1	 -42.5199	  173.3878
11.145	 2.61	 1	 -40.5930	  172.1241
11.147	 2.05	 3	 -41.8521	  170.3008
11.148	 2.32	 1	 -41.6918	  174.1399
11.149	 2.15	 1	 -42.2515	  172.3001
11.149	 2.06	 1	 -41.7939	  174.1305
11.150	 2.03	 1	 -41.7353	  174.2066
11.150	 2.53	 2	 -42.9304	  173.3371
11.153	 2.36	 1	 -42.1314	  173.7685
11.156	 3.06	 2	 -42.9788	  173.1798
11.158	 2.05	 1	 -41.8358	  173.9641
11.158	 2.18	 1	 -42.3358	  173.9300
11.159	 2.26	 2	 -42.4094	  173.0951
11.159	 2.09	 2	 -42.3360	  173.7923
11.161	 2.51	 1	 -43.3885	  172.9623
11.164	 2.59	 1	 -42.2832	  173.5814
11.166	 2.49	 1	 -43.1417	  172.6915
11.166	 2.15	 2	 -42.8070	  172.9561
11.166	 2.25	 2	 -41.7574	  174.4032
11.168	 3.39	 2	 -42.4867	  174.5618
11.168	 2.04	 2	 -42.4487	  172.9640
11.171	 2.49	 3	 -41.9460	  178.2090
11.173	 2.77	 3	 -41.7233	  178.8911
11.174	 2.13	 2	 -42.3727	  174.7375
11.174	 2.78	 1	 -42.3879	  173.6917
11.175	 2.22	 1	 -41.8002	  174.0403
11.176	 2.95	 2	 -41.9066	  178.4371
11.177	 2.50	 2	 -41.9320	  174.0107
11.177	 2.22	 1	 -42.0264	  173.6588
11.180	 2.25	 1	 -41.7352	  174.2424
11.180	 2.57	 1	 -42.4571	  173.7344
11.183	 2.06	 1	 -42.1317	  173.5480
11.184	 2.31	 2	 -42.5502	  173.0524
11.185	 2.34	 2	 -42.5198	  173.2255
11.186	 3.09	 3	 -42.5517	  173.0891
11.188	 2.35	 1	 -41.7635	  174.2508
11.190	 2.17	 1	 -41.8523	  174.0439
11.191	 2.70	 2	 -42.4648	  173.8076
11.191	 2.91	 2	 -42.6543	  173.3619
11.194	 2.01	 2	 -40.9387	  173.4268
11.194	 2.12	 3	 -42.5279	  174.5356
11.194	 4.08	 2	 -42.0019	  173.6929
11.195	 2.38	 1	 -42.3518	  173.0163
11.195	 2.08	 3	 -41.8494	  178.4645
11.196	 2.10	 3	 -41.9078	  178.3816
11.197	 2.08	 1	 -42.2818	  173.8808
11.200	 2.29	 3	 -41.8097	  178.3731
11.200	 2.41	 4	 -41.8055	  178.5305
11.201	 3.73	 1	 -42.8844	  172.4342
11.203	 2.07	 1	 -42.0465	  173.7110
11.204	 2.04	 3	 -41.9301	  178.3334
11.205	 2.64	 1	 -41.7417	  174.1399
11.208	 3.18	 3	 -42.2352	  173.1835
11.209	 2.49	 2	 -41.9815	  173.9334
11.210	 4.98	 3	 -42.0045	  173.9019
11.212	 2.23	 2	 -42.2351	  173.8109
11.212	 2.65	 3	 -42.3608	  174.0796
11.212	 2.11	 2	 -41.7067	  177.2358
11.213	 2.35	 3	 -41.8486	  174.2521
11.213	 2.12	 4	 -42.0232	  173.8891
11.214	 2.81	 2	 -41.9383	  173.6295
11.214	 2.16	 1	 -42.2251	  173.6599
11.215	 2.23	 3	 -41.2993	  177.7996
11.217	 2.03	 2	 -42.3393	  174.0139
11.218	 3.15	 2	 -41.9097	  174.1741
11.218	 2.09	 2	 -42.8178	  173.2686
11.218	 2.03	 2	 -41.9672	  172.8766
11.219	 2.20	 1	 -41.7019	  174.2252
11.220	 2.02	 2	 -42.6028	  172.8206
11.221	 2.32	 3	 -42.1272	  173.9683
11.221	 2.71	 3	 -42.3749	  174.7722
11.223	 2.66	 4	 -42.5646	  173.2535
11.224	 2.06	 4	 -41.8889	  174.0887
11.224	 2.85	 2	 -43.2866	  174.0470
11.225	 2.60	 1	 -41.7771	  173.4879
11.226	 2.37	 1	 -42.3459	  173.6413
11.226	 2.15	 1	 -41.8584	  173.9401
11.228	 2.23	 2	 -43.0639	  173.9616
11.229	 2.60	 1	 -42.5407	  173.3019
11.230	 2.14	 1	 -40.9178	  175.1324
11.233	 2.18	 1	 -41.7251	  174.1390
11.234	 2.42	 2	 -42.8615	  173.1243
11.235	 2.75	 2	 -41.7236	  174.2600
11.236	 2.52	 1	 -41.7842	  174.2901
11.236	 2.26	 2	 -42.3872	  173.1674
11.237	 2.16	 2	 -42.3783	  174.1096
11.239	 2.07	 3	 -42.4285	  174.0602
11.239	 2.32	 2	 -41.6706	  174.3014
11.240	 2.46	 2	 -42.5596	  172.8874
11.240	 2.03	 1	 -42.6749	  172.8000
11.240	 2.35	 1	 -42.2897	  173.6099
11.245	 2.26	 2	 -41.8730	  178.4424
11.246	 2.18	 1	 -42.7095	  172.8662
11.253	 2.48	 1	 -42.0176	  173.7824
11.253	 2.29	 2	 -42.2435	  174.4045
11.253	 2.34	 2	 -42.4273	  173.0716
11.254	 3.50	 2	 -42.5509	  173.4855
11.255	 2.05	 2	 -43.0169	  174.1785
11.255	 2.06	 1	 -42.1334	  173.6510
11.255	 2.20	 1	 -42.4127	  173.4953
11.256	 2.35	 1	 -42.2595	  173.6480
11.256	 2.54	 2	 -42.9530	  173.1061
11.258	 2.09	 3	 -42.1874	  173.7050
11.263	 2.35	 1	 -41.7717	  174.2733
11.263	 2.48	 1	 -43.3911	  173.1818
11.263	 2.23	 1	 -41.6050	  174.3072
11.268	 2.47	 2	 -42.4962	  173.0394
11.269	 2.16	 2	 -42.0429	  173.7005
11.270	 2.10	 2	 -42.7736	  173.4141
11.271	 2.23	 2	 -42.8807	  173.3887
11.271	 2.75	 3	 -41.7763	  174.3392
11.272	 3.24	 1	 -42.2116	  174.2149
11.274	 2.63	 1	 -42.5187	  173.8383
11.277	 2.04	 2	 -42.2571	  173.6933
11.277	 2.03	 2	 -42.4750	  173.7493
11.280	 2.04	 1	 -41.9092	  173.4419
11.283	 3.00	 3	 -42.1050	  174.2997
11.286	 2.26	 3	 -41.9276	  178.2989
11.286	 2.23	 3	 -42.3340	  174.0675
11.288	 2.10	 2	 -42.2982	  173.9081
11.290	 2.35	 1	 -42.6737	  172.6916
11.290	 2.17	 2	 -42.8752	  173.3148
11.291	 2.45	 4	 -42.0080	  173.9065
11.292	 2.50	 1	 -41.6879	  173.7134
11.293	 2.14	 2	 -42.8162	  172.9805
11.293	 2.18	 1	 -41.6805	  174.2553
11.293	 2.24	 1	 -41.8775	  173.7244
11.295	 2.05	 1	 -42.2004	  173.6118
11.295	 2.05	 3	 -42.8182	  173.2432
11.296	 2.57	 4	 -41.9622	  173.8774
11.297	 2.78	 4	 -42.4831	  173.0534
11.300	 2.26	 1	 -42.4572	  173.8883
11.304	 4.38	 2	 -42.8630	  173.1718
11.305	 2.26	 2	 -42.5907	  173.7343
11.305	 2.95	 4	 -41.9107	  173.7986
11.307	 2.14	 1	 -42.4935	  173.0950
11.308	 2.21	 1	 -42.4137	  173.7760
11.311	 2.58	 3	 -41.6183	  174.3184
11.311	 2.01	 2	 -41.7990	  174.2135
11.312	 2.70	 2	 -41.8933	  178.1930
11.313	 2.08	 1	 -44.3827	  170.3896
11.315	 2.36	 1	 -41.7521	  174.3452
11.315	 2.18	 2	 -46.1768	  176.6173
11.316	 3.30	 3	 -42.6943	  174.3199
11.317	 2.68	 4	 -42.0107	  173.9008
11.318	 3.90	 2	 -41.9821	  173.8667
11.319	 2.52	 2	 -42.0680	  173.8833
11.319	 3.01	 1	 -42.2122	  173.6726
11.320	 2.68	 2	 -42.5224	  171.2606
11.321	 2.15	 2	 -41.7753	  178.4364
11.325	 2.15	 2	 -41.6880	  173.7120
11.326	 3.92	 2	 -42.2524	  173.5431
11.327	 2.07	 1	 -42.6173	  172.7950
11.327	 2.29	 1	 -42.6866	  172.7882
11.330	 2.06	 3	 -42.7181	  172.4313
11.331	 2.44	 2	 -41.5932	  174.3255
11.332	 2.84	 1	 -42.6772	  172.8253
11.332	 2.77	 2	 -41.8133	  178.2149
11.333	 2.02	 1	 -41.9827	  173.6471
11.334	 2.25	 1	 -42.4183	  174.1625
11.334	 2.96	 1	 -42.2325	  173.6849
11.337	 2.80	 3	 -42.5727	  173.0438
11.338	 2.23	 2	 -42.1877	  173.6837
11.339	 2.20	 1	 -42.0064	  173.6803
11.341	 2.46	 2	 -42.5577	  173.4307
11.341	 2.26	 3	 -42.0384	  173.8758
11.341	 2.76	 1	 -41.5598	  172.6761
11.344	 2.64	 1	 -41.7131	  174.0519
11.344	 2.22	 1	 -42.5249	  173.9064
11.345	 2.32	 2	 -43.0328	  174.1744
11.346	 3.00	 1	 -42.3062	  173.8795
11.347	 2.42	 1	 -42.4071	  173.9003
11.349	 2.31	 5	 -41.9627	  178.3864
11.349	 2.97	 1	 -42.0248	  173.7602
11.350	 2.54	 1	 -43.3734	  173.3359
11.351	 2.23	 2	 -42.4639	  173.3424
11.352	 2.03	 2	 -42.5533	  173.3087
11.354	 2.06	 1	 -43.0365	  173.8666
11.354	 2.60	 3	 -42.5373	  173.2013
11.354	 2.23	 3	 -41.7531	  174.4525
11.355	 2.36	 3	 -41.7765	  178.3339
11.356	 2.03	 1	 -41.7057	  174.2519
11.358	 2.19	 2	 -46.1873	  176.6426
11.360	 2.49	 2	 -42.1230	  173.6621
11.360	 2.81	 1	 -42.4468	  173.7437
11.360	 2.49	 1	 -41.7106	  174.2534
11.361	 2.14	 3	 -42.1803	  173.6761
11.361	 2.87	 1	 -41.7938	  174.2422
11.364	 2.12	 2	 -42.0285	  173.6180
11.365	 2.48	 1	 -41.8937	  173.9693
11.368	 2.19	 3	 -41.9818	  173.8637
11.368	 2.71	 1	 -41.6864	  174.1277
11.370	 2.09	 3	 -42.7718	  173.6583
11.370	 2.55	 1	 -41.7357	  174.2758
11.370	 2.02	 2	 -41.9169	  178.5034
11.373	 2.01	 1	 -42.2726	  172.7958
11.375	 2.02	 1	 -42.5234	  173.1615
11.379	 2.52	 3	 -41.8545	  178.3963
11.380	 2.99	 3	 -42.2915	  173.8281
11.381	 2.23	 1	 -41.9781	  173.7041
11.386	 2.68	 3	 -46.1805	  176.6463
11.387	 2.03	 2	 -42.4772	  172.9883
11.388	 2.36	 1	 -40.9472	  178.3500
11.389	 2.81	 4	 -41.9931	  173.8886
11.390	 2.04	 4	 -42.7861	  172.3815
11.391	 2.17	 2	 -42.3651	  172.9282
11.392	 2.84	 1	 -42.7426	  172.5455
11.392	 2.32	 3	 -42.2287	  173.5599
11.392	 2.19	 2	 -42.7916	  173.3779
11.394	 2.45	 1	 -41.7955	  174.2187
11.394	 2.01	 1	 -42.9432	  173.1148
11.395	 2.68	 1	 -42.3778	  173.9742
11.396	 2.87	 1	 -41.6401	  173.9341
11.398	 2.63	 1	 -42.6074	  172.9407
11.398	 2.04	 2	 -42.9648	  174.0550
11.398	 2.02	 2	 -43.1295	  173.0371
11.402	 2.38	 1	 -42.0067	  173.8010
11.402	 2.21	 1	 -42.3181	  173.7932
11.403	 2.18	 1	 -42.3245	  173.2990
11.406	 2.01	 1	 -42.1890	  173.5233
11.407	 2.32	 1	 -41.6854	  174.5960
11.409	 2.14	 1	 -42.3319	  173.5073
11.413	 2.08	 1	 -42.6410	  173.1766
11.413	 2.70	 1	 -42.6040	  173.0492
11.413	 2.08	 2	 -41.7844	  174.2143
11.414	 2.16	 3	 -41.9544	  178.1735
11.415	 2.09	 2	 -42.3316	  173.7392
11.421	 2.85	 5	 -41.7962	  173.8089
11.422	 2.82	 2	 -42.5315	  172.9663
11.424	 2.62	 1	 -41.7793	  174.1859
11.425	 2.98	 2	 -42.5021	  173.6163
11.427	 2.19	 1	 -42.2286	  173.8123
11.427	 3.75	 1	 -41.7975	  174.3433
11.429	 2.04	 1	 -43.0309	  173.1032
11.430	 2.22	 1	 -42.4292	  173.8881
11.432	 2.09	 4	 -42.0178	  173.8718
11.434	 2.20	 1	 -41.6632	  174.8488
11.437	 2.24	 6	 -42.5419	  173.2680
11.438	 2.14	 1	 -41.7497	  174.2543
11.439	 2.06	 1	 -41.8357	  172.9602
11.440	 2.38	 1	 -41.8215	  174.1971
11.443	 2.06	 1	 -41.4165	  174.2484
11.444	 2.02	 1	 -42.5419	  172.9456
11.445	 2.51	 2	 -41.9306	  178.3774
11.445	 2.05	 1	 -41.7713	  174.3456
11.445	 2.04	 3	 -41.9285	  178.3631
11.446	 2.57	 1	 -42.8258	  173.0094
11.446	 2.13	 3	 -42.8037	  173.9740
11.448	 2.12	 3	 -41.7568	  174.3015
11.451	 2.02	 2	 -41.7824	  174.1427
11.455	 2.60	 2	 -41.7631	  174.4325
11.456	 3.12	 2	 -42.3582	  172.0152
11.458	 2.02	 2	 -42.5921	  171.9282
11.459	 2.17	 2	 -41.7121	  174.0549
11.459	 2.12	 1	 -41.6382	  174.0961
11.460	 3.39	 2	 -43.5377	  172.7692
11.461	 2.67	 2	 -42.1247	  173.8551
11.461	 2.32	 1	 -42.4663	  173.0054
11.463	 3.48	 2	 -42.2565	  174.1339
11.463	 2.08	 1	 -42.4981	  173.5214
11.464	 2.03	 1	 -42.7218	  172.8952
11.465	 2.48	 1	 -42.2384	  173.6165
11.466	 2.23	 3	 -47.2344	  172.3077
11.466	 2.12	 1	 -42.0954	  173.8689
11.467	 2.03	 2	 -41.0813	  176.7734
11.467	 2.03	 3	 -41.9588	  178.2062
11.467	 2.24	 2	 -42.2634	  173.6368
11.468	 2.31	 3	 -41.8052	  174.2383
11.468	 2.46	 1	 -42.9751	  175.9117
11.469	 2.19	 1	 -42.7233	  172.4517
11.470	 2.04	 1	 -42.5040	  172.8397
11.473	 2.32	 1	 -42.1969	  173.8129
11.477	 2.20	 1	 -42.3893	  173.9935
11.479	 2.52	 1	 -42.6045	  172.5362
11.481	 2.39	 1	 -42.3061	  173.7173
11.482	 2.26	 1	 -42.4096	  173.8459
11.483	 2.51	 1	 -41.6952	  174.2663
11.485	 2.09	 4	 -41.9390	  173.8127
11.488	 3.29	 1	 -42.3626	  173.7039
11.490	 2.18	 1	 -42.7159	  172.9332
11.490	 2.03	 2	 -41.8010	  174.3334
11.492	 2.47	 1	 -42.3400	  173.8835
11.493	 2.29	 3	 -41.8947	  178.3752
11.494	 2.36	 2	 -41.8126	  174.2808
11.496	 2.25	 2	 -41.8488	  178.3481
11.496	 2.56	 2	 -42.3539	  173.9162
11.501	 3.02	 2	 -42.0023	  173.9409
11.502	 2.01	 2	 -41.6570	  174.3505
11.504	 2.28	 1	 -42.5154	  173.3185
11.504	 2.30	 3	 -42.9072	  173.1970
11.506	 2.23	 1	 -41.8119	  174.2357
11.506	 2.89	 4	 -42.8288	  173.1897
11.507	 2.79	 2	 -41.8054	  174.1932
11.507	 3.87	 1	 -42.3918	  174.1130
11.509	 2.07	 1	 -41.7325	  174.2342
11.511	 2.09	 2	 -43.6260	  176.3951
11.512	 2.09	 1	 -42.6245	  172.9355
11.514	 2.97	 1	 -42.1763	  173.6470
11.515	 2.54	 1	 -42.3665	  173.0227
11.518	 3.66	 2	 -41.7412	  174.2189
11.519	 2.72	 1	 -41.0940	  173.0667
11.519	 2.56	 4	 -41.8141	  178.5545
11.522	 2.05	 2	 -42.7829	  173.2407
11.523	 3.40	 3	 -41.9928	  173.8775
11.523	 2.04	 3	 -42.8030	  172.1952
11.523	 3.25	 1	 -41.8613	  173.9332
11.523	 3.20	 1	 -42.4391	  173.6411
11.524	 2.10	 1	 -42.6996	  173.1062
11.524	 2.15	 1	 -42.8927	  171.9868
11.525	 2.06	 1	 -42.4619	  173.1000
11.526	 2.88	 2	 -42.0973	  173.8182
11.527	 3.70	 3	 -42.0171	  173.7095
11.528	 2.25	 4	 -42.0198	  178.3347
11.532	 2.09	 2	 -42.5202	  172.9769
11.534	 2.02	 3	 -42.7791	  173.5432
11.537	 2.23	 1	 -41.7487	  174.2602
11.538	 2.06	 1	 -41.7503	  174.3668
11.539	 2.05	 2	 -42.7818	  173.3201
11.539	 2.00	 1	 -41.6687	  174.2795
11.543	 2.04	 2	 -42.6053	  172.9391
11.545	 2.17	 1	 -42.5554	  173.0556
11.546	 2.59	 1	 -42.4438	  170.9267
11.547	 2.72	 3	 -41.7394	  174.2968
11.547	 2.55	 1	 -41.5430	  174.1466
11.548	 3.13	 1	 -42.2629	  173.9061
11.550	 2.41	 2	 -42.4151	  174.0961
11.553	 2.50	 2	 -45.3576	  174.4655
11.554	 2.28	 3	 -41.6684	  174.1772
11.554	 2.19	 6	 -42.6803	  172.6525
11.556	 2.24	 3	 -42.8448	  173.1850
11.559	 2.28	 3	 -42.1209	  174.3971
11.560	 2.38	 5	 -42.6485	  172.5312
11.560	 2.38	 1	 -42.3408	  173.6321
11.562	 2.29	 1	 -42.6305	  173.0609
11.562	 2.28	 1	 -42.0645	  172.8196
11.562	 2.69	 1	 -43.8579	  168.8785
11.562	 2.05	 1	 -42.7542	  172.8970
11.565	 2.88	 2	 -41.7493	  174.2222
11.566	 2.06	 1	 -41.9410	  173.1483
11.566	 2.25	 1	 -41.8902	  173.8817
11.566	 2.07	 1	 -43.0811	  172.6910
11.568	 2.10	 1	 -41.7750	  174.1888
11.569	 2.23	 1	 -43.7917	  171.8762
11.569	 2.74	 3	 -42.1065	  174.4158
11.570	 2.48	 3	 -42.6153	  172.9299
11.570	 3.39	 2	 -42.2646	  173.9096
11.573	 2.04	 2	 -41.7677	  174.2173
11.576	 2.27	 1	 -41.6694	  174.1658
11.581	 2.53	 2	 -41.6492	  174.2092
11.582	 2.06	 1	 -42.0772	  175.7043
11.584	 2.04	 2	 -42.2768	  173.9759
11.586	 3.55	 2	 -41.6675	  174.1376
11.587	 2.80	 3	 -42.8320	  173.1473
11.588	 2.52	 1	 -41.9298	  174.0890
11.589	 2.04	 4	 -41.9592	  178.3899
11.591	 2.10	 2	 -42.2791	  173.0067
11.594	 2.98	 2	 -42.3415	  172.9425
11.594	 2.21	 1	 -42.1860	  173.5462
11.596	 2.13	 1	 -42.4522	  173.1506
11.598	 2.26	 1	 -42.4751	  174.0369
11.600	 2.62	 2	 -42.2382	  173.8330
11.606	 2.21	 2	 -42.2636	  173.9052
11.606	 2.33	 1	 -42.5877	  172.6061
11.613	 2.93	 3	 -42.0126	  173.7019
11.614	 2.39	 1	 -42.5182	  173.3775
11.616	 2.06	 2	 -46.1809	  176.6069
11.621	 2.23	 1	 -42.3497	  173.4450
11.622	 2.05	 3	 -42.3994	  173.1519
11.623	 2.37	 2	 -42.8076	  173.2149
11.625	 3.22	 1	 -42.2310	  173.7658
11.630	 2.05	 1	 -42.6251	  173.3589
11.631	 2.23	 2	 -38.4014	  175.5909
11.632	 2.06	 1	 -42.5100	  173.8532
11.632	 2.31	 1	 -41.6452	  174.3753
11.634	 2.50	 1	 -42.1181	  173.5289
11.635	 2.95	 2	 -42.7672	  172.7981
11.636	 2.61	 2	 -42.9022	  171.9813
11.640	 2.04	 3	 -42.5442	  173.1404
11.641	 2.77	 2	 -42.2673	  173.4815
11.641	 2.45	 1	 -42.4012	  173.1446
11.642	 2.25	 1	 -42.5533	  172.7077
11.642	 2.06	 1	 -41.8090	  174.3895
11.644	 2.13	 1	 -41.7428	  174.3201
11.646	 2.10	 4	 -42.2099	  174.2708
11.647	 2.19	 3	 -42.4472	  172.9332
11.648	 2.40	 3	 -42.8373	  173.1780
11.649	 2.70	 1	 -41.7022	  174.2724
11.650	 2.92	 2	 -42.5443	  173.7926
11.651	 2.32	 3	 -42.5191	  173.1169
11.653	 2.39	 1	 -41.9728	  173.6638
11.653	 2.16	 3	 -41.9101	  173.7821
11.654	 2.36	 1	 -42.4725	  172.9953
11.655	 2.16	 1	 -41.9401	  174.0166
11.657	 2.38	 3	 -42.4921	  173.5984
11.658	 2.07	 2	 -41.7946	  174.2358
11.659	 2.83	 1	 -42.7350	  172.8141
11.660	 2.07	 1	 -42.1350	  173.6653
11.661	 2.13	 2	 -42.8402	  173.3489
11.665	 2.89	 1	 -42.5427	  175.8546
11.665	 2.15	 2	 -41.9495	  175.1736
11.665	 2.84	 1	 -41.9452	  174.0642
11.665	 2.01	 1	 -41.9309	  168.2670
11.668	 2.33	 2	 -42.3588	  173.7164
11.670	 2.19	 2	 -42.1870	  172.9758
11.672	 2.64	 1	 -42.3503	  173.5786
11.672	 2.60	 2	 -42.4315	  173.5176
11.672	 2.98	 2	 -42.4321	  173.3677
11.673	 2.25	 1	 -41.7366	  174.2668
11.673	 2.41	 1	 -42.4849	  172.2717
11.678	 2.20	 1	 -41.7100	  174.3033
11.682	 2.02	 1	 -42.1775	  173.7262
11.684	 2.66	 2	 -42.7709	  172.4911
11.685	 2.39	 2	 -42.8372	  173.2233
11.685	 2.03	 1	 -41.6674	  174.3987
11.688	 2.80	 3	 -42.7897	  173.3476
11.689	 2.43	 4	 -42.1460	  178.3024
11.689	 2.01	 2	 -42.2739	  173.9900
11.689	 2.44	 2	 -42.3458	  172.2014
11.691	 2.21	 1	 -41.8908	  174.2195
11.693	 3.08	 2	 -41.7906	  174.2574
11.694	 2.68	 1	 -42.2655	  173.7498
11.699	 2.76	 2	 -41.8878	  174.2208
11.699	 2.03	 1	 -42.7588	  174.1143
11.702	 2.59	 1	 -42.2159	  173.8449
11.708	 2.03	 2	 -42.3889	  173.8660
11.708	 2.31	 2	 -42.5088	  173.0483
11.709	 2.43	 1	 -41.9102	  174.1663
11.712	 2.54	 2	 -41.8823	  178.3718
11.712	 2.99	 1	 -43.3410	  173.0876
11.713	 2.11	 7	 -42.1868	  178.1770
11.714	 2.42	 1	 -42.3920	  173.7205
11.716	 2.33	 1	 -41.7852	  174.2956
11.717	 2.08	 1	 -42.4427	  172.5681
11.718	 2.73	 1	 -41.7764	  174.3575
11.722	 2.11	 1	 -42.3741	  173.1403
11.723	 2.12	 2	 -41.9685	  173.8432
11.724	 2.59	 1	 -42.2108	  173.3652
11.725	 2.27	 1	 -41.9467	  173.9083
11.727	 2.03	 1	 -42.4297	  173.7648
11.727	 2.16	 1	 -42.2432	  173.5903
11.728	 2.08	 2	 -46.2698	  176.5069
11.728	 2.35	 2	 -42.0938	  178.4251
11.730	 2.04	 2	 -41.6714	  174.3953
11.732	 2.35	 1	 -42.4544	  173.4100
11.733	 2.37	 2	 -42.7897	  173.3453
11.733	 2.58	 2	 -41.7299	  174.2180
11.734	 2.85	 1	 -42.5002	  173.7818
11.735	 2.00	 2	 -42.5306	  173.2263
11.735	 2.01	 5	 -42.8293	  173.1900
11.737	 2.31	 1	 -41.7178	  174.2825
11.739	 2.56	 4	 -42.0203	  173.9175
11.741	 2.04	 1	 -41.2067	  167.7375
11.742	 2.77	 1	 -42.3801	  173.7186
11.745	 3.44	 3	 -41.7402	  174.1517
11.745	 4.16	 1	 -43.0379	  173.5954
11.748	 2.40	 4	 -42.4671	  173.4233
11.749	 2.56	 1	 -41.7147	  174.3150
11.749	 2.29	 1	 -41.8428	  174.2930
11.750	 2.10	 1	 -43.3887	  172.9956
11.750	 3.33	 4	 -42.0104	  173.9447
11.751	 3.93	 1	 -41.6023	  174.3163
11.754	 2.29	 2	 -42.9644	  172.6665
11.755	 2.20	 1	 -42.2634	  173.7042
11.757	 2.33	 1	 -41.7894	  173.8997
11.758	 2.85	 1	 -42.6408	  172.7807
11.758	 2.19	 2	 -41.8828	  178.3802
11.759	 2.03	 2	 -42.5546	  173.1859
11.760	 2.34	 2	 -42.7621	  172.7845
11.761	 2.07	 1	 -41.7451	  174.2287
11.762	 3.38	 1	 -42.2908	  173.6507
11.763	 2.27	 2	 -42.6091	  173.7325
11.765	 2.12	 2	 -42.6757	  173.1984
11.767	 2.37	 3	 -42.3287	  173.8750
11.770	 2.16	 2	 -41.9456	  173.9720
11.771	 2.17	 4	 -42.6158	  172.9286
11.772	 3.40	 1	 -41.8172	  173.9564
11.772	 3.64	 1	 -42.4545	  172.7754
11.773	 2.19	 3	 -41.9689	  178.2434
11.775	 2.09	 2	 -42.0798	  173.7341
11.776	 2.13	 1	 -41.6543	  174.1967
11.778	 2.98	 1	 -41.7544	  171.4925
11.779	 2.07	 2	 -43.0402	  173.6182
11.780	 2.10	 2	 -41.7067	  174.3863
11.781	 2.21	 2	 -42.4200	  172.7969
11.782	 2.45	 1	 -42.5940	  173.0731
11.786	 2.16	 2	 -42.4785	  172.8357
11.787	 2.03	 3	 -42.3441	  173.9301
11.791	 2.89	 1	 -41.6714	  174.1915
11.791	 2.03	 2	 -42.3681	  173.2146
11.794	 4.31	 1	 -42.3069	  173.9328
11.798	 2.00	 1	 -42.6804	  172.9335
11.799	 2.07	 2	 -42.8315	  173.2404
11.799	 2.05	 1	 -42.2651	  173.8328
11.799	 2.60	 1	 -41.9517	  173.9148
11.799	 2.01	 3	 -41.8333	  174.3522
11.802	 2.14	 2	 -42.6673	  173.1886
11.804	 3.11	 2	 -41.9914	  178.3512
11.804	 2.14	 5	 -42.6463	  172.6716
11.806	 2.54	 2	 -41.6689	  174.2058
11.807	 3.06	 1	 -42.6801	  173.2376
11.807	 2.58	 2	 -41.9937	  173.7144
11.812	 2.51	 2	 -42.8507	  172.8974
11.813	 2.01	 2	 -42.5198	  173.3236
11.814	 2.64	 4	 -42.0057	  173.8783
11.817	 2.08	 2	 -41.5619	  174.5018
11.817	 2.98	 1	 -42.2988	  173.8110
11.818	 2.14	 2	 -41.8162	  174.0203
11.822	 2.36	 3	 -42.7291	  173.3893
11.824	 2.02	 1	 -41.7087	  174.2703
11.824	 2.06	 3	 -42.6957	  173.1471
11.825	 2.07	 6	 -42.6084	  172.7168
11.826	 2.29	 1	 -41.6723	  174.3967
11.827	 2.20	 2	 -42.3126	  174.0979
11.829	 2.65	 2	 -42.4486	  173.2515
11.829	 2.65	 1	 -41.9944	  173.7783
11.831	 2.26	 4	 -42.7046	  174.3775
11.835	 2.22	 1	 -42.1542	  173.6362
11.838	 2.06	 2	 -41.8867	  178.3352
11.838	 2.39	 1	 -42.2145	  173.8858
11.839	 2.34	 1	 -42.4919	  173.0276
11.840	 2.42	 2	 -42.5257	  173.0744
11.840	 3.81	 1	 -42.3233	  173.8493
11.840	 2.17	 2	 -42.3249	  173.8551
11.840	 2.05	 2	 -41.7553	  174.2120
11.841	 2.11	 3	 -42.8415	  172.8544
11.842	 2.52	 1	 -42.5219	  173.0852
11.843	 2.16	 4	 -42.1217	  174.4189
11.845	 3.35	 4	 -42.0784	  173.9683
11.846	 2.09	 3	 -41.5625	  174.5092
11.849	 2.95	 1	 -41.9630	  174.0263
11.850	 2.37	 2	 -42.5457	  172.9820
11.852	 2.14	 3	 -42.0700	  173.9148
11.853	 2.29	 2	 -42.5616	  173.2426
11.854	 2.00	 1	 -42.5139	  172.9852
11.856	 2.07	 2	 -42.3120	  173.9790
11.858	 2.52	 1	 -41.8152	  174.2348
11.861	 2.38	 3	 -42.1316	  173.9661
11.864	 2.37	 2	 -42.6841	  180.9035
11.866	 2.65	 3	 -42.0147	  178.2863
11.868	 2.25	 2	 -42.0056	  173.7214
11.871	 2.24	 3	 -41.8020	  174.2230
11.875	 2.47	 1	 -42.1516	  173.6298
11.876	 2.07	 3	 -42.8744	  173.2184
11.877	 2.09	 2	 -42.1045	  173.8833
11.878	 2.34	 2	 -46.0865	  176.6505
11.879	 2.06	 3	 -42.0264	  178.3474
11.879	 2.10	 1	 -41.7496	  174.2881
11.880	 3.96	 1	 -41.6800	  174.2846
11.880	 2.57	 1	 -42.1983	  173.6532
11.885	 2.29	 1	 -42.0561	  173.6852
11.887	 2.28	 1	 -41.9963	  173.7899
11.890	 2.36	 6	 -42.7658	  172.4263
11.895	 2.57	 2	 -42.1086	  174.4786
11.895	 2.56	 1	 -41.8424	  174.0676
11.895	 2.69	 1	 -42.3202	  173.4541
11.895	 2.04	 1	 -42.4482	  173.1547
11.898	 2.13	 3	 -41.8147	  174.1844
11.900	 2.01	 4	 -42.0090	  173.8713
11.902	 2.06	 2	 -41.9932	  173.6919
11.904	 2.10	 2	 -42.3968	  173.8984
11.904	 2.66	 1	 -42.4973	  173.7652
11.906	 2.08	 2	 -41.7696	  174.2740
11.907	 3.00	 1	 -41.7212	  174.3581
11.907	 2.52	 1	 -42.5790	  172.5048
11.908	 2.36	 1	 -42.0828	  173.5793
11.911	 2.19	 1	 -42.4205	  173.3150
11.913	 2.01	 1	 -42.3487	  173.4202
11.919	 2.54	 2	 -42.8412	  173.1942
11.921	 2.20	 2	 -42.1615	  173.7663
11.926	 2.44	 1	 -42.1244	  172.7428
11.928	 2.20	 2	 -43.1776	  173.6143
11.929	 3.24	 1	 -42.7172	  172.9520
11.929	 2.26	 2	 -42.4479	  173.1544
11.930	 2.12	 2	 -46.2210	  176.5961
11.931	 2.31	 3	 -42.8893	  173.1929
11.934	 2.15	 2	 -42.5295	  173.8120
11.937	 2.09	 2	 -42.3005	  173.9425
11.938	 2.51	 2	 -42.3401	  173.9369
11.939	 2.31	 2	 -42.9770	  172.9046
11.940	 2.16	 2	 -41.7464	  174.1695
11.942	 2.57	 4	 -41.9064	  178.2637
11.945	 2.00	 1	 -42.2597	  173.7014
11.945	 2.11	 1	 -43.1818	  173.1048
11.946	 2.30	 2	 -42.5843	  173.0253
11.948	 2.05	 3	 -41.8252	  174.2621
11.950	 2.50	 1	 -42.3938	  173.3683
11.953	 2.01	 2	 -42.2562	  173.9211
11.954	 2.47	 1	 -42.3379	  173.6485
11.960	 2.19	 1	 -42.8543	  173.0001
11.961	 2.33	 2	 -41.6234	  174.3245
11.961	 2.07	 2	 -41.3240	  178.0427
11.962	 2.40	 2	 -42.5231	  173.1551
11.962	 2.09	 2	 -42.0983	  173.8058
11.965	 2.12	 2	 -42.2498	  173.6035
11.967	 3.31	 2	 -42.8025	  173.1235
11.968	 2.68	 3	 -41.7578	  173.6111
11.969	 2.30	 1	 -42.2362	  173.6899
11.969	 2.33	 2	 -42.0764	  173.6420
11.970	 2.41	 2	 -41.9849	  173.6987
11.974	 2.25	 3	 -42.3311	  172.3368
11.974	 2.25	 1	 -41.7691	  174.3401
11.974	 2.08	 3	 -42.1170	  172.9189
11.974	 2.16	 1	 -41.6364	  174.2986
11.975	 2.04	 4	 -42.0111	  178.3401
11.975	 2.42	 1	 -42.1589	  173.6592
11.976	 2.09	 1	 -41.8711	  174.3319
11.980	 2.64	 1	 -42.4205	  173.1924
11.981	 2.15	 1	 -42.2384	  173.6557
11.983	 2.09	 1	 -42.6995	  172.4995
11.983	 2.09	 1	 -41.7433	  174.3080
11.985	 2.52	 1	 -41.9963	  173.8696
11.989	 2.27	 1	 -42.3353	  173.6786
11.990	 2.07	 2	 -42.3189	  173.9536
11.992	 2.87	 1	 -42.3611	  173.4277
11.992	 2.24	 1	 -42.2797	  173.8875
11.994	 2.02	 1	 -41.6644	  174.2736
11.995	 2.30	 2	 -40.7720	  171.8284
11.996	 2.13	 2	 -42.9498	  173.3648
11.999	 2.68	 1	 -42.5842	  172.9230
11.999	 2.76	 2	 -42.0245	  173.7892
12.000	 2.08	 2	 -41.9669	  173.9253
12.000	 2.91	 1	 -42.4111	  173.5757
12.002	 2.34	 2	 -42.1838	  173.1024
12.003	 2.23	 1	 -42.6973	  174.0476
12.003	 2.82	 2	 -42.4039	  173.7286
12.003	 2.55	 2	 -41.8661	  173.9721
12.003	 2.55	 1	 -41.7527	  174.1452
12.005	 2.27	 1	 -41.8043	  173.5501
12.005	 2.53	 2	 -42.4775	  173.2141
12.008	 3.45	 1	 -42.7746	  173.0334
12.012	 2.10	 1	 -42.6362	  173.2227
12.015	 2.03	 1	 -41.7722	  174.4098
12.015	 2.20	 3	 -42.8020	  173.0532
12.017	 2.30	 2	 -41.7013	  174.2371
12.019	 2.21	 4	 -41.9466	  173.8762
12.021	 2.20	 3	 -42.6506	  172.8223
12.022	 2.57	 5	 -42.4999	  173.0957
12.023	 2.05	 1	 -42.2024	  173.8470
12.025	 2.52	 1	 -42.2044	  173.8095
12.025	 2.01	 2	 -41.7055	  174.2897
12.026	 2.11	 1	 -42.0439	  173.8346
12.026	 2.17	 3	 -42.7776	  173.1064
12.026	 2.19	 1	 -41.7314	  174.3303
12.026	 2.79	 1	 -41.6425	  174.3301
12.028	 3.29	 1	 -41.8224	  174.2749
12.029	 2.22	 1	 -42.4659	  173.3290
12.030	 2.01	 1	 -42.2240	  173.1185
12.030	 2.33	 1	 -41.7228	  174.2067
12.030	 2.35	 1	 -42.3050	  173.5911
12.031	 2.33	 2	 -42.2497	  173.7626
12.032	 2.15	 3	 -41.8877	  178.3555
12.033	 2.29	 1	 -42.3646	  173.7289
12.035	 2.80	 2	 -41.6963	  174.1478
12.036	 2.30	 1	 -42.7305	  173.9087
12.038	 2.46	 2	 -45.9720	  177.5768
12.038	 2.00	 2	 -41.9533	  173.9235
12.041	 2.18	 2	 -42.8552	  173.5831
12.041	 2.23	 1	 -42.4449	  172.9871
12.042	 2.42	 1	 -42.5235	  173.1833
12.043	 2.08	 2	 -42.5126	  173.1237
12.044	 2.65	 3	 -42.4569	  173.7473
12.046	 3.06	 1	 -42.2409	  173.5384
12.049	 4.04	 2	 -42.8715	  173.2869
12.051	 2.19	 1	 -41.7694	  174.2658
12.052	 2.38	 2	 -42.2371	  173.1012
12.052	 2.50	 3	 -42.8041	  173.0182
12.058	 2.08	 3	 -42.2576	  173.5538
12.059	 2.74	 1	 -42.4102	  173.2160
12.060	 2.74	 2	 -42.7952	  173.3415
12.062	 2.16	 2	 -41.9036	  178.4098
12.064	 2.07	 1	 -42.6135	  172.9514
12.065	 2.02	 1	 -43.2833	  173.3731
12.066	 2.66	 2	 -42.3380	  173.9140
12.068	 3.41	 2	 -42.6549	  172.8400
12.070	 2.05	 1	 -42.2661	  173.6929
12.070	 3.20	 1	 -41.5989	  174.3912
12.070	 2.11	 1	 -42.3215	  173.7111
12.070	 2.11	 3	 -41.8150	  174.0145
12.072	 2.10	 1	 -41.9857	  173.9041
12.072	 2.19	 3	 -42.5495	  172.3676
12.074	 3.15	 1	 -42.0539	  173.4880
12.076	 3.43	 1	 -42.4490	  172.7612
12.076	 2.10	 3	 -42.7686	  173.2797
12.077	 2.33	 3	 -42.5885	  172.8629
12.080	 2.00	 3	 -42.2532	  174.1378
12.081	 2.01	 2	 -41.9831	  173.7256
12.083	 2.18	 3	 -41.4754	  178.1881
12.084	 2.83	 3	 -42.8354	  173.1498
12.088	 2.17	 1	 -42.4659	  173.4012
12.089	 2.43	 2	 -42.7574	  173.2046
12.090	 2.39	 1	 -41.9916	  173.7859
12.090	 2.24	 1	 -42.2388	  173.5953
12.091	 2.63	 1	 -42.4991	  174.0508
12.096	 2.18	 1	 -42.5585	  173.4065
12.097	 2.94	 2	 -46.2751	  176.6416
12.098	 2.21	 2	 -42.8824	  173.2185
12.098	 2.64	 1	 -41.7602	  174.2165
12.099	 2.33	 2	 -42.2530	  173.8524
12.103	 2.20	 2	 -41.7684	  174.2779
12.103	 2.21	 2	 -42.9229	  172.9109
12.103	 2.70	 2	 -42.4124	  173.3041
12.103	 2.45	 3	 -41.8456	  178.4631
12.104	 2.28	 1	 -41.7032	  174.2267
12.105	 2.59	 2	 -42.5082	  172.9501
12.105	 2.24	 1	 -42.5295	  173.6662
12.107	 2.27	 1	 -42.3023	  173.6586
12.107	 4.82	 3	 -41.9578	  173.8779
12.109	 2.57	 2	 -42.7229	  173.0483
12.109	 2.57	 1	 -41.6840	  174.2632
12.109	 2.52	 4	 -41.9339	  173.9002
12.110	 2.61	 1	 -42.3736	  173.5780
12.111	 2.08	 4	 -41.9813	  173.6131
12.112	 2.12	 3	 -41.3937	  174.0365
12.113	 2.06	 4	 -41.8245	  173.7722
12.113	 2.02	 1	 -41.8178	  174.1322
12.113	 2.10	 1	 -41.9393	  174.0498
12.114	 2.06	 4	 -42.0003	  174.0147
12.114	 2.69	 1	 -41.7720	  174.4012
12.114	 2.54	 2	 -42.3525	  173.8590
12.115	 2.40	 1	 -42.3010	  173.5552
12.116	 2.31	 1	 -41.6516	  174.1763
12.117	 2.32	 1	 -42.1897	  173.6302
12.120	 2.23	 2	 -42.7339	  173.0826
12.122	 3.05	 2	 -42.6767	  172.8856
12.123	 2.44	 2	 -41.6843	  174.1267
12.127	 2.05	 2	 -42.8326	  173.2064
12.127	 2.75	 1	 -42.5071	  173.0571
12.128	 2.32	 1	 -42.6389	  172.9915
12.131	 3.27	 3	 -41.6192	  174.2504
12.132	 2.02	 3	 -42.8542	  173.5586
12.135	 2.32	 1	 -41.8384	  174.1932
12.137	 2.04	 2	 -42.8027	  173.4092
12.138	 2.29	 2	 -42.2048	  174.6710
12.138	 2.01	 1	 -41.6815	  174.3160
12.138	 2.76	 2	 -41.6852	  174.2819
12.140	 2.52	 1	 -43.3284	  174.0852
12.141	 2.06	 3	 -41.9116	  178.4014
12.142	 2.20	 1	 -42.5508	  173.1009
12.143	 2.04	 1	 -42.3059	  173.8506
12.145	 2.44	 2	 -41.5695	  174.1978
12.147	 2.20	 2	 -41.7495	  174.3591
12.148	 3.17	 3	 -41.8691	  173.6586
12.152	 2.52	 1	 -42.2715	  173.5117
12.152	 2.09	 3	 -42.8427	  173.1842
12.152	 2.01	 5	 -42.0629	  178.1524
12.154	 2.56	 3	 -41.7802	  174.0752
12.154	 2.23	 1	 -41.6458	  174.0347
12.156	 2.27	 3	 -42.1830	  178.6243
12.158	 3.02	 1	 -42.6007	  173.0121
12.158	 2.22	 3	 -41.8181	  178.3630
12.159	 2.15	 1	 -42.2782	  173.6830
12.161	 2.32	 1	 -42.2894	  173.6506
12.161	 2.07	 4	 -41.8903	  178.0925
12.164	 2.35	 1	 -42.2550	  173.7832
12.165	 2.21	 3	 -42.8779	  173.2787
12.165	 2.06	 2	 -42.0175	  173.8619
12.165	 2.01	 2	 -41.8348	  174.2378
12.166	 2.40	 1	 -42.2377	  173.7458
12.167	 2.98	 1	 -42.2848	  173.8413
12.169	 2.20	 2	 -45.7096	  177.7263
12.173	 2.48	 3	 -42.3575	  172.0159
12.175	 2.52	 1	 -42.6435	  172.8512
12.177	 2.13	 1	 -42.3780	  174.0190
12.179	 2.07	 1	 -41.8175	  174.1194
12.180	 2.13	 2	 -42.8695	  173.3877
12.180	 2.73	 4	 -42.0121	  173.9393
12.180	 2.08	 2	 -42.5648	  173.0518
12.180	 2.20	 1	 -42.8947	  173.2173
12.180	 2.26	 1	 -42.0905	  173.8390
12.181	 2.98	 1	 -42.4761	  173.8016
12.182	 2.41	 1	 -42.1687	  173.7876
12.183	 3.44	 1	 -43.1468	  172.6300
12.183	 2.19	 2	 -42.7633	  173.0282
12.184	 2.18	 3	 -41.9739	  178.3038
12.184	 2.27	 1	 -42.3451	  173.7270
12.185	 2.90	 2	 -41.9053	  174.1904
12.185	 2.19	 4	 -41.9444	  173.8581
12.186	 2.07	 1	 -42.4090	  173.6258
12.188	 2.01	 2	 -42.8954	  172.4186
12.188	 2.35	 1	 -42.4572	  173.0615
12.190	 2.02	 4	 -41.9703	  173.8727
12.191	 2.51	 3	 -41.8689	  178.3972
12.191	 2.25	 1	 -42.6200	  173.0396
12.192	 2.94	 1	 -42.4346	  173.9759
12.196	 2.18	 2	 -42.4081	  173.5677
12.197	 2.37	 1	 -42.3164	  174.4565
12.198	 2.14	 1	 -42.0630	  173.6090
12.199	 2.34	 5	 -41.9484	  173.8642
12.201	 2.84	 1	 -42.3602	  173.7061
12.201	 2.87	 1	 -41.9195	  173.3512
12.202	 2.33	 3	 -42.6127	  172.6304
12.203	 2.61	 4	 -41.9120	  173.9088
12.203	 2.61	 1	 -41.6897	  174.1075
12.203	 2.74	 2	 -42.4759	  173.0806
12.203	 3.20	 1	 -42.5768	  173.0643
12.207	 2.81	 1	 -41.6584	  174.2758
12.208	 2.13	 1	 -42.6263	  173.0658
12.211	 3.10	 2	 -42.1094	  173.8529
12.211	 2.05	 3	 -42.3111	  173.5395
12.212	 2.95	 1	 -42.2634	  173.9332
12.213	 3.51	 1	 -42.5196	  173.0852
12.214	 2.24	 1	 -42.0581	  173.7591
12.214	 2.61	 3	 -41.8191	  174.1908
12.214	 2.12	 1	 -42.3972	  173.9640
12.218	 2.53	 1	 -42.0709	  173.7272
12.220	 2.10	 1	 -42.5035	  173.1357
12.220	 2.12	 3	 -42.2471	  174.4744
12.222	 2.86	 3	 -42.4954	  177.5107
12.224	 2.96	 5	 -42.8769	  173.2410
12.227	 2.57	 3	 -42.3608	  173.7745
12.228	 2.40	 1	 -41.8598	  174.3340
12.229	 2.42	 1	 -41.7551	  174.2826
12.230	 2.18	 4	 -42.4689	  177.7363
12.230	 2.44	 1	 -41.7107	  174.2809
12.232	 2.10	 2	 -41.6993	  174.4110
12.233	 2.62	 1	 -41.9135	  174.0449
12.236	 2.42	 1	 -41.6548	  174.2653
12.236	 2.41	 2	 -41.7594	  174.3270
12.237	 2.02	 1	 -42.1320	  173.1809
12.237	 2.10	 2	 -42.3696	  174.2764
12.238	 2.28	 2	 -41.6463	  174.3251
12.238	 2.08	 4	 -42.0198	  174.7713
12.239	 2.48	 1	 -41.7267	  174.3223
12.239	 2.13	 1	 -42.3364	  173.7503
12.243	 2.24	 4	 -42.4482	  177.7103
12.243	 2.36	 4	 -41.9392	  173.9034
12.245	 2.06	 1	 -42.2658	  173.6544
12.245	 2.06	 1	 -42.5821	  173.2906
12.248	 2.48	 1	 -43.8819	  171.6818
12.248	 2.34	 2	 -42.3336	  173.7113
12.248	 2.28	 4	 -42.9134	  173.1891
12.250	 2.29	 1	 -41.6603	  174.3726
12.251	 2.20	 1	 -41.8317	  174.1103
12.251	 2.09	 2	 -42.3362	  173.9578
12.251	 2.06	 3	 -42.2734	  174.4649
12.253	 4.51	 3	 -41.8230	  174.2466
12.253	 2.13	 1	 -41.3306	  173.2588
12.254	 2.94	 1	 -42.7030	  173.2973
12.256	 2.05	 4	 -42.2833	  178.2863
12.257	 2.06	 2	 -41.9305	  174.0304
12.257	 2.12	 2	 -42.9068	  173.2222
12.259	 2.10	 4	 -42.4833	  173.0775
12.259	 2.38	 2	 -42.2563	  173.6192
12.262	 2.53	 2	 -42.2531	  174.3385
12.263	 2.50	 1	 -41.8344	  174.2547
12.263	 2.39	 2	 -46.1757	  176.5915
12.263	 2.35	 1	 -41.9798	  173.8929
12.266	 2.13	 1	 -42.4112	  173.5530
12.267	 2.54	 2	 -42.8364	  173.2910
12.272	 3.06	 4	 -42.9263	  173.2189
12.274	 2.03	 2	 -42.8679	  173.2292
12.275	 2.23	 1	 -42.2919	  173.9056
12.276	 2.18	 4	 -42.0112	  173.7034
12.277	 2.58	 2	 -42.7609	  173.2854
12.277	 3.74	 1	 -42.9301	  173.0153
12.279	 2.39	 1	 -42.6840	  172.9906
12.279	 2.44	 1	 -41.9908	  173.5640
12.284	 2.40	 1	 -42.7345	  172.6945
12.285	 2.29	 1	 -42.6906	  173.0073
12.285	 2.91	 1	 -41.9504	  173.9147
12.286	 2.06	 3	 -41.9908	  173.8977
12.289	 2.66	 2	 -41.6767	  174.2906
12.298	 2.90	 6	 -42.5453	  173.2680
12.299	 2.18	 3	 -42.2591	  172.7384
12.300	 3.45	 2	 -42.0994	  174.6064
12.300	 2.70	 2	 -42.2538	  173.5165
12.302	 2.32	 2	 -41.6594	  174.3759
12.302	 2.75	 3	 -42.4402	  173.1592
12.304	 2.01	 1	 -42.3626	  173.8682
12.304	 2.26	 4	 -41.9547	  173.9364
12.304	 2.22	 1	 -41.8169	  174.1346
12.306	 2.39	 2	 -42.7087	  172.9391
12.306	 2.15	 2	 -41.8149	  178.1516
12.309	 2.40	 1	 -42.3044	  173.7966
12.309	 2.64	 2	 -42.6705	  172.8907
12.313	 3.24	 1	 -42.3476	  173.4925
12.317	 2.16	 1	 -42.2632	  173.4040
12.319	 2.08	 1	 -41.7777	  174.0787
12.319	 3.11	 1	 -42.0763	  173.6045
12.319	 2.04	 2	 -42.1896	  173.8033
12.321	 2.08	 1	 -42.3905	  173.6001
12.323	 2.63	 2	 -42.5016	  173.0967
12.323	 2.10	 2	 -42.4577	  173.9082
12.324	 2.26	 1	 -42.4600	  173.1672
12.326	 2.06	 1	 -42.5024	  173.1271
12.335	 2.57	 2	 -41.7295	  174.2731
12.337	 2.27	 1	 -42.4174	  173.8303
12.338	 2.26	 1	 -41.7131	  174.2970
12.339	 2.30	 1	 -41.9288	  174.6523
12.340	 2.14	 3	 -41.9676	  178.4723
12.341	 2.21	 1	 -42.4071	  173.0211
12.341	 2.62	 4	 -41.8156	  174.2465
12.342	 2.25	 1	 -42.1137	  173.6893
12.343	 2.54	 2	 -42.1596	  173.8069
12.345	 2.30	 2	 -41.9853	  178.0244
12.347	 2.03	 1	 -41.7074	  174.1907
12.354	 2.12	 1	 -42.3519	  173.8114
12.355	 2.18	 2	 -41.7479	  174.3756
12.356	 2.89	 4	 -41.8226	  174.2704
12.357	 2.27	 1	 -42.4180	  173.5479
12.357	 2.04	 2	 -42.2084	  173.8920
12.359	 2.05	 5	 -42.0779	  173.9666
12.360	 2.60	 2	 -42.6529	  172.7693
12.361	 2.23	 4	 -42.0146	  178.2871
12.363	 2.05	 2	 -41.5942	  174.0617
12.364	 2.01	 2	 -42.3925	  174.1221
12.365	 2.40	 1	 -38.6241	  172.4642
12.366	 2.41	 2	 -41.4175	  167.1046
12.367	 2.90	 1	 -42.3541	  174.0080
12.368	 2.70	 1	 -41.7694	  174.2456
12.368	 2.84	 1	 -42.0964	  173.6399
12.374	 2.05	 1	 -41.5372	  174.4348
12.374	 2.56	 2	 -42.1382	  172.2451
12.374	 2.91	 2	 -41.9453	  178.2482
12.375	 2.44	 3	 -42.7580	  172.8595
12.379	 2.92	 1	 -41.7276	  173.9007
12.379	 2.17	 4	 -42.7532	  173.3171
12.383	 2.34	 1	 -42.5485	  173.0579
12.389	 2.26	 2	 -41.7938	  174.0670
12.391	 2.46	 1	 -42.3704	  173.2493
12.393	 2.09	 1	 -41.7870	  174.2771
12.398	 2.53	 2	 -41.6244	  174.3769
12.398	 2.39	 2	 -42.4548	  172.7733
12.402	 2.88	 1	 -42.2564	  173.9190
12.404	 2.24	 6	 -41.7900	  173.8519
12.408	 2.12	 4	 -41.8139	  174.3005
12.410	 2.19	 2	 -41.9532	  174.4286
12.412	 2.28	 2	 -42.7119	  172.9545
12.412	 2.07	 4	 -41.9569	  173.9228
12.414	 2.18	 4	 -41.9513	  173.8680
12.415	 2.23	 1	 -42.3405	  174.5495
12.416	 2.17	 1	 -42.0484	  172.8157
12.417	 2.00	 1	 -42.4219	  172.9539
12.419	 2.22	 2	 -41.8192	  178.0219
12.419	 2.22	 3	 -42.8940	  172.8425
12.421	 2.28	 2	 -42.4486	  173.0454
12.424	 2.76	 1	 -41.7217	  174.2264
12.425	 2.56	 2	 -42.2252	  174.4288
12.427	 2.25	 3	 -42.1888	  173.7524
12.430	 2.37	 1	 -42.0685	  173.5198
12.430	 3.36	 2	 -42.9416	  172.6520
12.433	 2.37	 1	 -42.1301	  173.8674
12.433	 2.05	 1	 -42.3534	  173.0965
12.435	 2.71	 5	 -41.8313	  174.2653
12.436	 2.09	 1	 -42.2418	  173.9256
12.437	 2.16	 3	 -42.3974	  173.1873
12.439	 2.22	 1	 -42.2353	  173.9886
12.440	 2.73	 1	 -41.7500	  174.2168
12.441	 2.18	 2	 -42.1104	  173.9306
12.441	 2.04	 3	 -42.5573	  173.4307
12.441	 2.57	 1	 -42.5930	  173.8317
12.441	 2.09	 1	 -41.7844	  174.2374
12.442	 2.27	 2	 -42.4468	  172.7820
12.442	 2.44	 1	 -41.5332	  174.0670
12.443	 2.51	 2	 -42.5273	  173.1385
12.448	 3.21	 1	 -42.6192	  173.0692
12.448	 2.01	 1	 -42.2240	  172.8613
12.448	 2.07	 1	 -41.6744	  174.1908
12.449	 2.03	 2	 -41.7099	  174.2640
12.449	 2.22	 1	 -41.8734	  174.1563
12.449	 2.12	 1	 -42.9589	  172.8004
12.450	 2.46	 1	 -42.5544	  173.1963
12.451	 2.02	 1	 -42.2355	  173.9112
12.454	 3.36	 1	 -41.6267	  178.9656
12.454	 2.07	 1	 -42.7568	  172.7867
12.456	 2.11	 2	 -42.0443	  174.0091
12.458	 2.00	 1	 -41.7266	  174.2561
12.458	 2.08	 2	 -42.5142	  173.0891
12.459	 2.45	 1	 -42.7855	  173.1932
12.460	 2.20	 1	 -41.7828	  174.0831
12.463	 2.64	 2	 -42.0956	  173.9034
12.464	 2.01	 1	 -42.7640	  172.8987
12.464	 2.12	 2	 -42.8410	  173.3473
12.465	 2.93	 3	 -41.7565	  174.4246
12.466	 2.04	 1	 -42.3080	  173.0432
12.467	 2.15	 3	 -42.3829	  174.4433
12.468	 4.56	 2	 -42.2391	  173.8541
12.469	 2.57	 2	 -42.1359	  174.2124
12.469	 2.21	 5	 -42.6383	  172.5712
12.473	 2.54	 3	 -43.7550	  173.1372
12.474	 2.25	 2	 -41.6229	  174.3361
12.474	 2.04	 1	 -42.0161	  173.7234
12.474	 2.64	 2	 -41.7745	  174.4314
12.475	 2.14	 2	 -42.2402	  173.8516
12.476	 3.39	 3	 -41.7865	  173.7300
12.477	 2.11	 1	 -42.4716	  173.1673
12.480	 2.12	 2	 -41.7201	  174.2559
12.480	 2.08	 4	 -42.4361	  173.0400
12.481	 2.17	 2	 -42.3999	  173.7333
12.482	 2.40	 2	 -42.8406	  173.3193
12.482	 2.17	 1	 -42.6706	  173.3843
12.486	 2.51	 3	 -42.2400	  173.8626
12.487	 2.41	 2	 -42.5112	  173.0289
12.487	 2.44	 1	 -41.7534	  174.2096
12.488	 2.89	 1	 -42.8008	  173.0353
12.488	 2.00	 2	 -41.9349	  178.3451
12.488	 2.28	 1	 -42.2600	  173.7734
12.489	 2.53	 1	 -41.8103	  174.4193
12.491	 2.83	 2	 -41.7847	  174.3562
12.491	 2.10	 2	 -42.3597	  173.3575
12.493	 2.28	 1	 -42.3578	  173.1890
12.494	 2.35	 1	 -41.6649	  174.2324
12.494	 3.79	 3	 -42.2094	  173.8036
12.497	 2.47	 3	 -41.8425	  174.3532
12.498	 2.16	 2	 -42.0573	  173.9863
12.498	 2.32	 4	 -41.9369	  178.2898
12.504	 2.06	 1	 -41.9042	  174.0219
12.505	 2.02	 3	 -42.5923	  172.5895
12.506	 2.28	 2	 -46.6926	  176.4329
12.507	 2.10	 2	 -41.6403	  174.3391
12.508	 2.18	 2	 -41.7134	  178.7966
12.509	 2.41	 3	 -41.9385	  178.3836
12.510	 2.35	 1	 -43.1696	  171.4936
12.512	 3.24	 3	 -41.7374	  174.2201
12.513	 2.32	 1	 -41.7471	  174.1466
12.514	 2.68	 3	 -41.9414	  178.2957
12.518	 2.34	 3	 -41.8853	  178.3683
12.518	 2.76	 4	 -42.2066	  173.7348
12.527	 2.33	 1	 -42.2502	  173.8485
12.528	 2.04	 3	 -42.1545	  173.6434
12.528	 2.12	 1	 -41.6768	  174.0958
12.529	 2.34	 1	 -42.4875	  173.0314
12.530	 2.02	 3	 -41.7222	  178.3129
12.531	 2.12	 1	 -41.7176	  174.2399
12.534	 2.16	 1	 -41.9627	  174.0300
12.536	 2.57	 2	 -38.9947	  175.8759
12.538	 2.13	 2	 -42.4796	  173.4520
12.539	 2.58	 1	 -42.4151	  173.2207
12.539	 2.36	 2	 -41.8108	  174.2070
12.540	 2.23	 2	 -41.6753	  174.4755
12.540	 2.01	 2	 -42.6320	  173.1640
12.542	 2.43	 1	 -41.7602	  174.2277
12.544	 2.02	 1	 -42.2025	  173.8715
12.547	 2.13	 4	 -41.8367	  173.7292
12.548	 2.10	 1	 -42.4182	  173.3263
12.548	 2.09	 1	 -42.7615	  172.7467
12.548	 2.20	 1	 -41.9663	  174.0370
12.550	 2.02	 1	 -41.3861	  175.2444
12.550	 2.30	 1	 -45.1030	  172.4367
12.550	 2.15	 1	 -42.0530	  173.8791
12.551	 2.38	 2	 -46.1911	  176.5910
12.552	 2.42	 1	 -41.9639	  173.9813
12.555	 2.36	 2	 -42.8251	  173.3680
12.555	 2.18	 1	 -41.6984	  174.3242
12.559	 3.06	 3	 -42.1032	  173.0914
12.560	 2.01	 2	 -42.4955	  172.5761
12.562	 2.86	 1	 -42.0534	  173.8213
12.562	 2.54	 1	 -42.4844	  173.7115
12.562	 3.43	 2	 -42.4889	  173.8712
12.565	 2.15	 3	 -42.4200	  173.8358
12.569	 2.09	 1	 -41.8031	  173.3422
12.570	 2.03	 1	 -42.6102	  173.3025
12.570	 2.27	 1	 -41.7321	  174.3001
12.574	 2.86	 1	 -42.7586	  172.7209
12.574	 2.66	 2	 -42.2275	  173.7494
12.574	 2.62	 1	 -42.3191	  173.6528
12.575	 2.42	 4	 -41.8901	  178.4330
12.577	 2.02	 2	 -42.0310	  173.6090
12.580	 2.63	 2	 -41.4461	  179.0816
12.581	 2.39	 4	 -42.7462	  172.8585
12.584	 2.09	 2	 -42.4862	  173.0278
12.587	 2.68	 1	 -42.3072	  172.8689
12.587	 2.17	 1	 -42.2664	  173.5880
12.587	 2.50	 3	 -42.2415	  173.8768
12.588	 3.13	 1	 -43.9539	  175.3888
12.590	 2.40	 1	 -42.3655	  173.9676
12.592	 3.26	 1	 -41.8397	  174.4033
12.593	 2.03	 2	 -41.7154	  174.2963
12.595	 2.93	 1	 -41.3635	  173.7364
12.595	 2.29	 3	 -42.3603	  173.2057
12.597	 2.65	 1	 -42.4713	  173.2096
12.597	 2.07	 1	 -42.8666	  172.6697
12.598	 3.21	 2	 -42.4661	  173.8051
12.599	 2.03	 3	 -42.7611	  173.0220
12.601	 2.09	 1	 -41.7870	  174.2749
12.605	 3.06	 1	 -41.8028	  174.6002
12.608	 2.26	 1	 -42.5518	  173.3479
12.610	 2.07	 1	 -42.4873	  173.0826
12.611	 2.14	 1	 -42.3263	  173.4834
12.614	 2.02	 1	 -42.1595	  173.7391
12.614	 2.41	 1	 -41.6786	  174.3062
12.615	 2.76	 1	 -43.4910	  174.8746
12.617	 2.14	 1	 -42.4993	  173.8112
12.618	 2.00	 4	 -41.9608	  173.9231
12.619	 2.27	 2	 -42.4984	  173.1233
12.620	 2.07	 2	 -41.7575	  174.2696
12.621	 2.11	 2	 -42.4019	  173.1156
12.622	 3.74	 1	 -42.0761	  173.5791
12.622	 2.76	 1	 -42.4657	  174.1091
12.623	 2.77	 2	 -42.0925	  173.9160
12.625	 2.76	 2	 -42.6118	  172.8667
12.629	 2.33	 2	 -42.1980	  173.8245
12.630	 2.08	 4	 -42.0914	  178.0770
12.630	 2.33	 1	 -42.7040	  173.0759
12.638	 2.15	 1	 -41.8707	  174.1388
12.642	 2.10	 1	 -41.7158	  174.1731
12.643	 2.09	 2	 -41.6683	  174.3102
12.644	 2.96	 1	 -42.1504	  173.6338
12.645	 2.11	 2	 -42.4351	  173.1837
12.645	 2.04	 3	 -41.8572	  178.4109
12.646	 2.12	 2	 -42.3456	  173.0979
12.646	 2.01	 4	 -41.7447	  174.2006
12.647	 2.57	 3	 -44.9372	  169.3569
12.648	 2.24	 4	 -42.2373	  173.5973
12.649	 2.02	 1	 -41.8208	  174.2720
12.650	 2.43	 2	 -42.3457	  173.4920
12.650	 2.48	 1	 -42.8987	  172.7962
12.651	 2.02	 3	 -42.4602	  173.8059
12.653	 2.47	 1	 -42.5675	  173.1703
12.654	 2.09	 1	 -39.7466	  176.7159
12.660	 2.20	 1	 -42.0781	  173.7700
12.663	 2.26	 1	 -42.4904	  173.2284
12.666	 3.12	 2	 -42.8453	  173.0756
12.668	 2.73	 1	 -42.5468	  173.6149
12.668	 2.22	 2	 -41.8359	  173.9654
12.669	 2.04	 1	 -42.5135	  174.2208
12.671	 2.62	 2	 -42.4104	  173.8252
12.674	 2.18	 1	 -41.6911	  174.2775
12.675	 2.47	 1	 -42.6134	  172.9416
12.675	 2.81	 4	 -42.2868	  174.0261
12.676	 2.62	 2	 -42.5822	  173.9740
12.677	 2.19	 4	 -41.8231	  174.1618
12.679	 2.04	 2	 -41.6465	  174.1720
12.679	 2.45	 3	 -42.4586	  173.8228
12.683	 2.69	 1	 -41.9571	  173.6398
12.685	 2.37	 4	 -41.6462	  174.2069
12.687	 2.17	 1	 -42.3698	  173.6995
12.689	 2.11	 3	 -42.0580	  173.6127
12.691	 2.33	 2	 -42.8182	  172.9663
12.691	 2.58	 3	 -41.8360	  178.4870
12.693	 2.02	 2	 -42.6199	  173.0499
12.693	 2.22	 3	 -42.7227	  173.2498
12.695	 2.20	 2	 -42.9542	  179.7268
12.695	 2.07	 1	 -42.0265	  173.7921
12.695	 2.05	 1	 -42.1579	  173.5253
12.697	 2.11	 1	 -42.4813	  173.1159
12.699	 2.18	 1	 -42.0100	  173.7434
12.699	 2.47	 1	 -41.7295	  174.2491
12.700	 2.40	 1	 -40.2818	  178.1864
12.701	 3.06	 1	 -41.6891	  174.2133
12.703	 3.04	 2	 -41.9006	  178.3219
12.704	 2.04	 2	 -42.5582	  172.9993
12.704	 2.06	 1	 -42.1537	  173.5579
12.705	 2.67	 1	 -42.1140	  173.5630
12.705	 2.41	 2	 -41.6977	  174.2863
12.706	 3.03	 3	 -42.3943	  173.6856
12.707	 2.18	 1	 -42.8190	  172.0424
12.707	 2.05	 2	 -41.8996	  174.0684
12.708	 2.05	 1	 -41.9805	  173.9557
12.709	 2.28	 2	 -42.0888	  173.7684
12.710	 2.47	 2	 -41.5884	  174.4204
12.713	 2.68	 1	 -41.5889	  174.1886
12.714	 2.58	 4	 -41.9494	  173.8586
12.715	 2.00	 1	 -41.7065	  171.2999
12.717	 2.07	 1	 -41.7011	  174.3286
12.719	 3.07	 2	 -42.4151	  173.5807
12.720	 2.48	 1	 -42.3483	  173.4574
12.724	 2.19	 1	 -41.9107	  174.0578
12.725	 2.18	 2	 -42.2619	  173.1874
12.727	 2.13	 2	 -42.0036	  178.3639
12.728	 2.24	 4	 -41.9954	  173.9840
12.733	 2.22	 2	 -46.1432	  176.6788
12.736	 2.96	 2	 -41.9719	  173.9822
12.736	 2.01	 2	 -41.7670	  177.8655
12.736	 3.01	 1	 -41.6697	  174.2119
12.737	 2.08	 4	 -41.7160	  178.8858
12.737	 2.58	 2	 -42.7873	  178.4766
12.739	 2.21	 2	 -42.5922	  172.8825
12.740	 2.73	 2	 -42.4709	  172.8732
12.744	 2.52	 1	 -42.4858	  173.2494
12.747	 2.74	 2	 -42.2892	  173.0940
12.750	 2.11	 2	 -41.7033	  174.3091
12.752	 2.06	 1	 -42.2755	  173.7294
12.752	 2.02	 4	 -41.8253	  174.2408
12.754	 2.35	 1	 -41.6236	  174.1926
12.754	 2.85	 2	 -41.9929	  178.3565
12.756	 2.86	 1	 -41.6855	  174.1722
12.759	 2.37	 4	 -42.1850	  173.7436
12.762	 2.07	 2	 -42.6260	  173.0957
12.767	 2.01	 2	 -42.4029	  173.1420
12.768	 2.02	 1	 -42.8555	  173.0211
12.772	 2.21	 1	 -41.7903	  174.3741
12.779	 2.45	 1	 -42.5436	  172.8705
12.779	 2.19	 4	 -42.6090	  173.6978
12.781	 2.31	 3	 -41.9024	  178.4520
12.782	 2.27	 1	 -42.9864	  173.0423
12.784	 2.21	 1	 -41.7018	  174.2592
12.785	 2.51	 1	 -42.4215	  174.0210
12.785	 3.76	 5	 -42.2714	  173.9926
12.787	 2.33	 5	 -42.5604	  172.9306
12.790	 2.31	 2	 -42.5880	  172.9200
12.791	 2.04	 2	 -41.6799	  174.3573
12.791	 2.11	 1	 -43.3851	  171.1554
12.792	 2.10	 2	 -41.8473	  178.4396
12.792	 2.90	 1	 -41.5365	  169.6877
12.793	 2.19	 1	 -41.9731	  174.0932
12.795	 2.12	 1	 -41.8767	  174.2513
12.795	 2.61	 1	 -41.6644	  174.2749
12.795	 2.13	 2	 -42.1057	  173.6940
12.801	 2.78	 1	 -41.6843	  174.2730
12.804	 3.68	 1	 -42.4605	  173.6597
12.805	 2.23	 1	 -42.1454	  173.5577
12.807	 2.16	 1	 -41.7404	  174.2877
12.808	 2.37	 2	 -42.5703	  173.4246
12.810	 2.04	 3	 -42.6942	  178.7880
12.810	 2.22	 2	 -41.6899	  174.2134
12.812	 2.27	 1	 -41.7805	  174.2039
12.814	 2.79	 6	 -42.2685	  173.9983
12.816	 2.13	 1	 -42.3632	  173.0723
12.817	 2.03	 1	 -42.2971	  173.6146
12.818	 2.18	 1	 -42.3821	  173.6804
12.819	 3.10	 3	 -42.4668	  177.2358
12.819	 2.22	 1	 -42.3434	  173.8104
12.819	 2.24	 1	 -42.7855	  173.0985
12.820	 2.06	 2	 -42.2663	  173.9282
12.820	 2.40	 2	 -42.9067	  172.9171
12.820	 2.36	 1	 -42.2410	  173.6091
12.823	 2.14	 1	 -41.6864	  174.1658
12.824	 2.08	 1	 -42.4578	  173.7656
12.826	 2.22	 1	 -41.9467	  173.8751
12.826	 2.63	 2	 -42.6801	  171.9149
12.827	 2.53	 1	 -42.3715	  174.0842
12.828	 2.03	 1	 -42.1562	  173.1407
12.828	 2.02	 1	 -43.2629	  170.3656
12.830	 2.49	 2	 -42.0234	  173.7149
12.832	 2.12	 1	 -42.2880	  173.3437
12.833	 2.85	 1	 -42.6228	  173.4789
12.833	 2.10	 1	 -41.6073	  174.2522
12.834	 2.06	 1	 -42.0774	  173.8827
12.834	 2.10	 1	 -41.7098	  174.2873
12.836	 3.97	 1	 -42.4780	  172.9313
12.837	 2.49	 2	 -42.9245	  173.1030
12.837	 3.24	 3	 -42.0955	  178.4229
12.839	 2.25	 5	 -42.1925	  173.9263
12.839	 2.02	 1	 -42.5710	  173.1032
12.840	 2.03	 1	 -42.6510	  173.9133
12.842	 2.64	 2	 -41.7596	  174.2348
12.844	 2.06	 2	 -41.8457	  178.3484
12.847	 2.65	 1	 -38.2502	  176.9741
12.847	 2.20	 2	 -42.8510	  173.2318
12.848	 3.63	 2	 -42.2786	  173.9488
12.848	 3.26	 1	 -41.9231	  173.7854
12.850	 2.01	 3	 -42.8636	  173.1442
12.853	 2.23	 2	 -42.0913	  173.6596
12.853	 2.43	 2	 -41.7983	  175.1393
12.861	 2.14	 3	 -42.8716	  173.2861
12.861	 2.12	 2	 -42.1804	  173.6487
12.862	 3.47	 1	 -41.9906	  173.6832
12.862	 2.46	 1	 -41.9784	  173.9044
12.863	 2.02	 2	 -38.5723	  176.2340
12.865	 2.21	 4	 -41.9861	  173.7270
12.866	 2.04	 1	 -42.2390	  173.5578
12.866	 2.46	 2	 -42.5027	  173.2630
12.866	 2.08	 1	 -41.7298	  174.2545
12.868	 3.14	 1	 -41.6807	  174.2696
12.870	 2.67	 1	 -41.7685	  173.8962
12.870	 2.92	 1	 -42.3149	  173.9076
12.870	 2.56	 3	 -42.9248	  173.1013
12.874	 2.45	 1	 -42.0374	  172.7451
12.874	 2.92	 4	 -41.9356	  173.9400
12.874	 2.07	 1	 -42.4334	  173.0642
12.876	 2.82	 2	 -42.6629	  172.7852
12.877	 2.53	 1	 -42.2116	  173.5652
12.881	 2.22	 3	 -42.8606	  173.2597
12.881	 2.27	 3	 -41.8530	  178.1173
12.882	 2.41	 4	 -41.8218	  178.2022
12.882	 2.42	 1	 -42.6869	  172.9550
12.883	 2.02	 2	 -42.4563	  173.6477
12.885	 2.10	 1	 -42.6370	  172.7764
12.885	 2.02	 1	 -42.2897	  173.8438
12.886	 2.10	 1	 -42.6174	  173.0486
12.887	 2.20	 2	 -42.0694	  174.1088
12.888	 2.48	 1	 -41.6837	  174.3301
12.891	 2.09	 1	 -41.9145	  174.2002
12.891	 2.33	 2	 -42.3296	  173.1475
12.893	 2.34	 2	 -42.3513	  172.9474
12.894	 2.11	 1	 -41.8687	  173.9656
12.896	 2.23	 2	 -41.8864	  172.7691
12.896	 2.11	 1	 -41.9506	  174.0172
12.901	 2.89	 1	 -41.9802	  174.0911
12.904	 2.17	 2	 -42.4220	  173.2107
12.904	 2.10	 1	 -42.3189	  173.9393
12.905	 2.45	 2	 -42.3853	  173.0403
12.907	 4.18	 4	 -41.8721	  173.9045
12.907	 2.01	 1	 -41.7155	  174.3819
12.910	 2.04	 1	 -45.8166	  169.0733
12.911	 2.12	 3	 -42.8480	  173.1646
12.911	 2.44	 2	 -42.4818	  173.2063
12.914	 2.10	 3	 -42.2489	  173.5614
12.915	 2.73	 1	 -42.0751	  173.6808
12.916	 3.92	 2	 -41.6547	  178.1115
12.917	 2.79	 2	 -38.7164	  177.2178
12.917	 2.01	 1	 -41.5269	  174.3904
12.920	 2.03	 1	 -42.7154	  173.3843
12.921	 2.24	 3	 -42.5475	  172.6481
12.923	 2.22	 2	 -41.3930	  173.4633
12.924	 2.27	 1	 -41.8250	  173.9949
12.926	 2.10	 4	 -42.3759	  173.7503
12.927	 2.14	 2	 -42.8369	  173.0976
12.930	 2.62	 3	 -42.8380	  173.0998
12.934	 2.03	 1	 -44.1255	  168.3992
12.936	 2.25	 3	 -42.1104	  173.9150
12.937	 2.40	 1	 -42.2614	  173.7551
12.939	 2.08	 1	 -42.4649	  173.7578
12.942	 2.16	 2	 -42.3892	  174.0112
12.944	 2.03	 2	 -41.8060	  174.0953
12.945	 2.08	 1	 -41.6812	  174.2211
12.945	 2.13	 1	 -42.2531	  173.6044
12.946	 2.13	 1	 -41.7435	  174.8564
12.946	 2.13	 2	 -42.4609	  173.4669
12.947	 2.32	 1	 -42.4007	  173.4650
12.948	 4.05	 1	 -42.3921	  173.5775
12.948	 2.06	 2	 -42.1300	  178.2789
12.952	 2.49	 2	 -46.1230	  176.6455
12.952	 2.83	 1	 -42.5560	  173.3266
12.953	 2.41	 1	 -42.5811	  173.1493
12.953	 2.80	 1	 -42.2761	  173.7333
12.954	 2.64	 1	 -42.2989	  173.6240
12.957	 2.31	 2	 -42.3604	  173.5756
12.959	 2.49	 1	 -41.7558	  174.3618
12.965	 2.12	 2	 -42.1057	  173.6381
12.965	 2.08	 2	 -42.5021	  173.1799
12.966	 2.19	 1	 -42.6284	  172.9854
12.968	 2.13	 3	 -42.1580	  173.6744
12.968	 2.87	 1	 -42.3340	  173.9131
12.969	 2.43	 2	 -42.6295	  173.7829
12.970	 2.12	 1	 -42.3406	  173.0786
12.970	 2.14	 1	 -42.2123	  173.5322
12.971	 2.01	 2	 -41.6774	  174.2779
12.972	 2.19	 1	 -41.6960	  174.1573
12.972	 2.07	 3	 -42.5464	  173.7981
12.972	 2.20	 1	 -41.9160	  174.1098
12.978	 2.09	 1	 -41.7020	  174.1948
12.978	 2.18	 1	 -42.5849	  173.4114
12.978	 2.43	 1	 -42.3440	  174.0708
12.981	 2.17	 1	 -42.1602	  173.5733
12.985	 2.27	 1	 -42.3882	  173.5403
12.985	 2.77	 1	 -42.6263	  172.9521
12.985	 2.76	 1	 -42.8409	  173.1164
12.988	 2.59	 1	 -42.2535	  173.7431
12.993	 2.24	 2	 -43.3288	  174.1489
12.995	 2.28	 2	 -41.8762	  178.3975
12.997	 2.39	 2	 -41.7889	  173.9227
12.997	 2.20	 2	 -45.1123	  172.3922
12.997	 2.81	 4	 -42.7052	  173.1828
13.000	 2.79	 1	 -42.5187	  173.8036
13.005	 2.17	 4	 -42.0409	  173.9488
13.011	 2.37	 3	 -42.6813	  171.9095
13.011	 3.93	 2	 -42.7511	  172.9714
13.014	 2.16	 3	 -41.7930	  174.2299
13.017	 2.47	 1	 -42.6387	  172.1871
13.017	 3.07	 4	 -42.0033	  173.8300
13.019	 2.24	 2	 -42.2261	  173.8177
13.019	 2.04	 4	 -42.2080	  174.3083
13.020	 2.82	 1	 -41.7085	  174.2965
13.020	 2.19	 3	 -41.9976	  178.4663
13.021	 2.07	 1	 -41.8199	  174.1934
13.021	 2.40	 1	 -42.5469	  172.3060
13.022	 2.00	 1	 -42.6069	  172.8445
13.022	 2.19	 1	 -42.4701	  173.1612
13.023	 2.46	 1	 -41.8454	  174.4003
13.024	 2.40	 5	 -42.0897	  173.7315
13.025	 3.59	 3	 -42.4228	  173.0858
13.028	 2.50	 1	 -42.7234	  173.5984
13.029	 2.33	 1	 -42.0854	  173.5486
13.030	 2.42	 2	 -42.0932	  173.6301
13.030	 2.06	 2	 -43.2948	  174.0069
13.031	 2.08	 3	 -42.8504	  173.0886
13.031	 2.25	 3	 -40.9566	  173.0986
13.032	 2.07	 1	 -42.4999	  173.5248
13.033	 2.17	 1	 -41.7847	  174.2768
13.036	 2.23	 1	 -42.2445	  173.7043
13.040	 2.08	 2	 -42.3721	  174.0182
13.046	 2.28	 2	 -42.4829	  173.0724
13.046	 3.36	 1	 -41.8318	  176.8226
13.047	 2.32	 1	 -42.8218	  171.7797
13.050	 3.33	 1	 -41.6124	  174.2576
13.051	 2.22	 3	 -42.5184	  173.0944
13.051	 2.19	 1	 -42.0935	  173.7592
13.051	 2.56	 1	 -42.3722	  173.0997
13.055	 2.31	 1	 -41.5886	  174.2589
13.057	 2.06	 1	 -42.9279	  173.1152
13.057	 2.37	 2	 -42.5357	  172.8169
13.058	 2.41	 1	 -42.2550	  173.3869
13.059	 2.83	 1	 -41.6889	  174.1832
13.060	 2.23	 4	 -43.4950	  171.4898
13.062	 2.11	 1	 -42.5855	  173.1397
13.063	 2.31	 1	 -42.2723	  173.6402
13.063	 2.83	 2	 -42.5199	  173.8154
13.065	 2.01	 1	 -42.4344	  173.4898
13.067	 2.39	 2	 -42.0620	  178.4000
13.068	 2.46	 1	 -42.6047	  173.1209
13.073	 2.46	 2	 -42.2467	  173.8293
13.078	 2.97	 3	 -42.3992	  173.9053
13.079	 2.06	 3	 -41.6107	  174.2808
13.081	 2.50	 1	 -43.5083	  173.7091
13.082	 2.80	 1	 -41.7496	  174.2778
13.083	 2.16	 2	 -41.8205	  178.3388
13.083	 2.96	 4	 -41.9494	  173.8817
13.084	 5.20	 3	 -41.7589	  174.2400
13.084	 2.40	 1	 -42.4146	  173.1716
13.084	 2.57	 2	 -38.5879	  176.1709
13.084	 2.77	 4	 -41.8194	  174.2469
13.085	 2.26	 1	 -42.2608	  173.6851
13.086	 2.28	 2	 -42.6342	  172.8342
13.086	 2.54	 3	 -42.3368	  173.6860
13.087	 2.43	 3	 -41.9473	  173.9308
13.088	 4.20	 1	 -41.9237	  173.9996
13.090	 2.02	 2	 -42.4132	  173.2084
13.090	 2.03	 1	 -42.9828	  172.9590
13.091	 2.44	 2	 -42.0016	  173.9408
13.092	 2.67	 3	 -42.3012	  174.0100
13.093	 2.16	 3	 -42.4296	  173.2526
13.094	 2.71	 1	 -42.3009	  173.6831
13.097	 2.17	 1	 -42.0956	  174.1538
13.098	 2.10	 4	 -42.0881	  178.1222
13.102	 2.30	 2	 -41.6954	  174.2846
13.102	 2.02	 4	 -41.7420	  174.2393
13.102	 2.91	 3	 -42.4474	  173.4215
13.103	 2.04	 1	 -42.6767	  173.7102
13.103	 2.97	 1	 -46.3147	  170.0997
13.104	 2.53	 1	 -42.1807	  173.9119
13.105	 2.26	 3	 -42.1196	  178.4478
13.105	 2.04	 1	 -41.5548	  174.0236
13.105	 2.04	 2	 -41.7189	  174.2326
13.105	 2.76	 3	 -41.6071	  178.1192
13.108	 3.01	 2	 -41.9381	  178.4986
13.108	 2.74	 1	 -42.1847	  172.7783
13.111	 2.32	 4	 -41.7210	  174.1669
13.112	 2.05	 3	 -43.0291	  172.8473
13.112	 2.26	 1	 -42.5969	  172.9342
13.112	 2.08	 4	 -41.7564	  174.2304
13.115	 2.53	 1	 -42.3932	  173.7215
13.116	 2.00	 5	 -41.8204	  174.2598
13.117	 2.33	 4	 -41.7977	  174.2489
13.119	 2.06	 2	 -41.5965	  174.3191
13.120	 3.22	 4	 -41.9596	  173.8973
13.124	 2.31	 2	 -46.1977	  176.7163
13.126	 2.27	 3	 -42.0243	  178.4964
13.128	 2.15	 1	 -42.4955	  173.1801
13.130	 3.02	 5	 -41.6499	  177.4909
13.132	 2.13	 4	 -41.7143	  174.2109
13.133	 2.09	 2	 -45.0308	  173.2242
13.134	 3.29	 4	 -41.7444	  174.2574
13.135	 2.62	 2	 -41.8839	  178.3429
13.137	 2.56	 1	 -42.6070	  173.2413
13.138	 2.26	 2	 -42.9869	  173.2342
13.139	 2.01	 1	 -42.2492	  173.6281
13.140	 2.25	 1	 -42.3945	  173.7637
13.141	 2.28	 4	 -41.7803	  174.2427
13.143	 2.44	 1	 -41.7175	  174.3149
13.143	 2.06	 2	 -41.9022	  174.0069
13.145	 2.18	 4	 -41.7459	  174.2231
13.151	 2.61	 1	 -42.1763	  173.5451
13.153	 2.18	 5	 -41.7859	  173.8031
13.154	 2.29	 2	 -41.7383	  174.2484
13.154	 2.18	 2	 -42.8702	  173.3351
13.156	 2.24	 3	 -41.9086	  173.7200
13.157	 2.08	 1	 -42.3639	  174.0661
13.157	 2.05	 4	 -42.0054	  178.3562
13.162	 2.16	 1	 -41.7647	  174.2768
13.164	 2.01	 1	 -42.3517	  173.6920
13.166	 2.12	 2	 -42.8157	  173.0745
13.167	 3.59	 1	 -42.5010	  173.0402
13.170	 2.46	 4	 -41.7572	  174.1817
13.171	 2.21	 1	 -42.4967	  173.0582
13.171	 2.27	 2	 -41.8965	  178.4184
13.171	 2.39	 1	 -41.7092	  174.2097
13.173	 2.23	 4	 -41.7297	  174.2963
13.174	 2.60	 1	 -42.1914	  173.5421
13.175	 2.05	 3	 -42.5116	  172.1646
13.176	 3.41	 2	 -42.1042	  173.6555
13.176	 2.48	 1	 -42.5041	  172.7704
13.176	 2.07	 1	 -42.2225	  173.7763
13.177	 3.14	 2	 -42.1658	  173.7334
13.182	 2.34	 1	 -43.1052	  172.3249
13.182	 2.59	 3	 -42.2025	  174.4512
13.184	 2.11	 2	 -42.3427	  173.8685
13.184	 2.12	 4	 -41.7884	  174.2329
13.185	 2.07	 3	 -42.8768	  173.2430
13.185	 2.66	 4	 -41.7819	  174.2466
13.185	 2.64	 2	 -42.7647	  174.5448
13.187	 3.91	 2	 -41.9189	  174.0507
13.191	 2.06	 1	 -42.3520	  173.3731
13.191	 2.48	 1	 -41.4687	  174.4269
13.192	 2.48	 1	 -42.2929	  173.7807
13.192	 2.30	 2	 -42.5870	  173.0843
13.194	 2.08	 4	 -41.7395	  174.2538
13.194	 2.38	 1	 -41.6662	  174.3056
13.199	 2.28	 2	 -41.7984	  174.0783
13.200	 2.46	 3	 -42.7544	  172.9731
13.203	 2.37	 1	 -41.6908	  174.3064
13.204	 2.03	 1	 -41.7892	  174.1587
13.204	 2.07	 1	 -41.7008	  174.1474
13.205	 2.21	 1	 -42.5558	  172.6189
13.207	 2.20	 1	 -42.5959	  172.8986
13.209	 3.18	 1	 -42.5393	  173.3962
13.209	 2.73	 1	 -42.4725	  173.1127
13.209	 3.30	 4	 -41.9195	  174.2090
13.210	 2.43	 2	 -42.2672	  173.8150
13.212	 2.50	 1	 -41.8287	  174.3580
13.212	 3.12	 3	 -42.2106	  173.8755
13.213	 2.54	 2	 -42.5413	  173.0656
13.215	 2.40	 1	 -42.4893	  173.0504
13.216	 2.15	 2	 -42.2026	  174.3321
13.220	 2.72	 4	 -41.7813	  174.1987
13.221	 2.16	 1	 -41.7693	  174.1095
13.223	 2.05	 2	 -42.2840	  173.9651
13.224	 2.27	 2	 -43.3639	  173.2691
13.224	 2.51	 2	 -42.6648	  172.8038
13.224	 2.81	 1	 -41.7853	  174.2776
13.226	 2.00	 1	 -41.5824	  174.1400
13.228	 2.08	 3	 -42.2431	  173.1202
13.229	 2.30	 2	 -42.2378	  173.9679
13.230	 2.04	 1	 -42.1281	  173.7098
13.233	 2.10	 2	 -42.9751	  173.6843
13.235	 2.55	 1	 -42.2517	  173.8532
13.236	 2.76	 1	 -41.8015	  174.2664
13.242	 2.02	 4	 -41.9702	  173.9294
13.246	 2.48	 1	 -42.2812	  173.5802
13.246	 2.33	 2	 -42.8892	  172.9420
13.246	 2.44	 1	 -41.8229	  174.4633
13.248	 2.39	 1	 -41.9276	  173.9527
13.249	 2.18	 1	 -42.4150	  172.8701
13.249	 2.04	 1	 -42.7334	  173.2357
13.250	 2.76	 2	 -42.4571	  173.1534
13.250	 2.78	 1	 -42.5553	  174.0006
13.250	 2.25	 1	 -42.5307	  173.7659
13.251	 2.14	 1	 -41.7182	  174.2990
13.252	 2.23	 1	 -41.7797	  174.1863
13.256	 2.69	 1	 -42.3795	  173.7135
13.257	 2.87	 1	 -38.4406	  174.9035
13.258	 2.07	 1	 -41.6954	  174.3654
13.259	 2.15	 1	 -42.4593	  174.0753
13.259	 2.68	 2	 -41.7178	  174.3504
13.260	 2.15	 1	 -42.0943	  173.6709
13.261	 2.97	 2	 -42.4394	  173.0635
13.263	 2.07	 1	 -41.9765	  174.6851
13.266	 2.29	 2	 -41.9252	  173.9992
13.266	 2.62	 2	 -42.5017	  173.0806
13.267	 2.39	 3	 -42.2571	  173.8655
13.268	 2.32	 3	 -42.8384	  173.4482
13.270	 2.57	 1	 -42.3677	  173.7473
13.272	 2.61	 1	 -42.3865	  174.2800
13.272	 2.58	 4	 -41.7428	  174.2412
13.274	 2.01	 3	 -41.9035	  174.1978
13.275	 3.26	 1	 -42.3000	  173.7234
13.275	 2.07	 4	 -41.8480	  174.3582
13.276	 2.04	 3	 -41.7357	  174.3374
13.278	 3.07	 1	 -42.4999	  173.4671
13.279	 2.91	 2	 -42.9157	  172.9970
13.281	 2.37	 1	 -42.1273	  173.8703
13.281	 2.64	 1	 -41.8123	  174.0244
13.282	 2.09	 1	 -42.6338	  173.1064
13.282	 2.59	 2	 -42.3077	  173.9903
13.288	 2.42	 1	 -42.4143	  173.4012
13.289	 2.40	 1	 -42.0590	  173.8382
13.289	 3.12	 4	 -42.4980	  173.0614
13.295	 2.67	 2	 -42.1119	  174.4601
13.297	 2.33	 1	 -42.1764	  173.7921
13.299	 2.24	 1	 -41.7601	  174.3161
13.299	 2.67	 2	 -42.2357	  173.5897
13.304	 2.37	 2	 -42.7420	  171.6000
13.304	 2.33	 2	 -42.4900	  172.9369
13.307	 2.14	 2	 -42.3770	  173.7836
13.307	 3.18	 2	 -43.0895	  173.6310
13.307	 2.06	 1	 -42.2993	  173.7066
13.308	 2.07	 1	 -38.2071	  173.4536
13.311	 2.70	 2	 -42.0873	  173.5932
13.311	 2.32	 2	 -41.8360	  178.2244
13.311	 2.03	 1	 -42.3291	  173.8443
13.313	 2.23	 4	 -41.9996	  173.7904
13.314	 2.71	 1	 -41.6831	  174.2712
13.315	 2.35	 1	 -42.2528	  173.7023
13.318	 2.08	 1	 -42.5959	  173.0914
13.321	 2.29	 1	 -41.5416	  174.4163
13.324	 2.11	 1	 -41.4479	  170.0054
13.328	 2.33	 2	 -42.3463	  173.6417
13.331	 2.65	 2	 -42.2118	  173.5791
13.332	 2.19	 5	 -41.7383	  174.2206
13.333	 2.14	 4	 -41.8421	  174.2498
13.333	 2.82	 3	 -42.2128	  173.8441
13.336	 2.53	 1	 -42.3072	  173.3509
13.336	 2.53	 4	 -42.7544	  173.2521
13.338	 2.82	 1	 -42.4179	  173.0975
13.339	 2.13	 2	 -42.1744	  173.7818
13.342	 2.98	 2	 -42.6274	  173.0764
13.342	 3.06	 1	 -41.8393	  174.1572
13.345	 2.03	 3	 -42.7629	  172.9656
13.346	 3.30	 1	 -42.2415	  173.6921
13.346	 2.06	 2	 -42.8463	  173.0815
13.349	 2.60	 1	 -42.4901	  172.9857
13.359	 2.03	 4	 -41.8401	  178.4862
13.360	 2.04	 1	 -42.1879	  173.6084
13.360	 2.25	 3	 -42.8809	  173.3881
13.360	 2.08	 1	 -42.4494	  175.1557
13.362	 2.64	 2	 -42.6350	  174.0437
13.365	 2.31	 3	 -41.7157	  174.2826
13.367	 2.49	 3	 -42.4463	  173.4216
13.368	 2.27	 1	 -42.4007	  173.9468
13.368	 2.25	 4	 -41.8764	  173.7227
13.371	 2.13	 1	 -38.2921	  170.7810
13.373	 2.10	 2	 -41.9321	  174.1378
13.373	 2.48	 2	 -41.6834	  174.1992
13.377	 2.19	 3	 -41.9147	  172.7806
13.378	 2.19	 6	 -42.1064	  178.1344
13.378	 2.16	 1	 -41.7992	  174.2316
13.380	 2.42	 2	 -41.9084	  178.3303
13.381	 2.09	 1	 -42.6150	  173.1958
13.385	 2.00	 1	 -41.7169	  174.2474
13.385	 2.02	 1	 -42.6028	  173.1054
13.386	 2.52	 1	 -42.1870	  173.6737
13.390	 2.06	 1	 -42.2922	  173.6968
13.392	 2.45	 2	 -42.4776	  172.9379
13.396	 2.03	 2	 -42.9593	  173.1937
13.396	 2.61	 1	 -42.6382	  173.5007
13.396	 2.80	 2	 -42.9091	  173.3383
13.401	 2.16	 1	 -43.3031	  173.0532
13.402	 2.11	 3	 -42.7507	  172.4268
13.402	 2.58	 1	 -41.6421	  174.2837
13.406	 2.43	 1	 -42.1408	  173.3892
13.406	 2.27	 1	 -41.7010	  174.1498
13.408	 2.01	 2	 -42.7674	  173.0531
13.410	 2.33	 1	 -43.0432	  173.1971
13.411	 2.97	 2	 -42.8663	  173.3401
13.414	 2.57	 1	 -42.0069	  173.7530
13.417	 2.07	 1	 -42.3679	  173.7457
13.419	 2.32	 2	 -41.6935	  174.3666
13.420	 2.52	 3	 -42.5521	  173.0099
13.420	 2.56	 4	 -41.8008	  174.2687
13.420	 2.00	 2	 -42.5352	  173.2964
13.421	 2.22	 4	 -41.0241	  178.4472
13.421	 2.34	 1	 -42.4351	  173.1798
13.422	 2.09	 2	 -42.4967	  173.0491
13.425	 2.02	 3	 -41.6501	  174.2057
13.425	 2.02	 1	 -42.3807	  174.0179
13.427	 2.11	 1	 -42.4044	  173.9699
13.427	 2.44	 2	 -42.4095	  173.9186
13.429	 2.05	 3	 -41.8099	  174.2814
13.430	 2.29	 4	 -41.9929	  174.1030
13.430	 3.17	 1	 -42.3519	  174.0714
13.430	 2.09	 2	 -42.8827	  172.9426
13.431	 2.38	 4	 -41.8871	  173.8684
13.432	 2.21	 2	 -41.8354	  174.1822
13.432	 2.03	 2	 -42.3260	  173.8607
13.433	 2.14	 1	 -42.4800	  173.0986
13.433	 2.27	 1	 -42.3924	  173.6920
13.436	 2.25	 2	 -43.2302	  175.1645
13.436	 2.98	 1	 -42.6648	  172.9388
13.437	 2.07	 1	 -42.6484	  172.7569
13.439	 2.20	 1	 -42.2811	  173.6302
13.444	 2.07	 6	 -42.3424	  173.9536
13.446	 2.34	 1	 -42.5950	  172.9843
13.449	 4.34	 1	 -42.2550	  173.9163
13.451	 2.07	 2	 -42.4267	  173.7857
13.455	 2.14	 2	 -46.2501	  176.6554
13.455	 2.83	 4	 -41.7437	  173.8462
13.456	 2.01	 1	 -41.7035	  174.3003
13.458	 2.18	 3	 -41.6497	  178.1051
13.462	 2.34	 1	 -41.8554	  173.8188
13.462	 2.09	 1	 -42.0401	  173.5113
13.463	 2.99	 2	 -42.6452	  173.4962
13.464	 2.72	 2	 -42.3050	  173.5154
13.465	 2.32	 2	 -42.5024	  173.4707
13.466	 3.01	 2	 -42.4100	  173.6950
13.467	 2.11	 3	 -42.4440	  173.3643
13.468	 2.21	 2	 -42.5522	  172.9860
13.473	 2.47	 1	 -42.6520	  172.7169
13.474	 2.02	 4	 -41.8883	  173.8569
13.476	 2.46	 2	 -41.9950	  173.3076
13.477	 2.28	 1	 -42.1530	  173.5847
13.477	 2.14	 1	 -41.7444	  174.2498
13.478	 2.80	 1	 -42.2092	  173.8506
13.479	 2.26	 2	 -42.8961	  173.3345
13.479	 2.59	 2	 -41.7803	  174.2522
13.480	 2.59	 1	 -42.5136	  173.2824
13.481	 2.27	 2	 -42.6731	  173.1321
13.483	 2.16	 1	 -42.0773	  173.6358
13.484	 2.67	 1	 -42.7024	  172.8224
13.488	 2.92	 2	 -42.2789	  173.8043
13.490	 2.09	 2	 -42.2642	  174.1331
13.494	 2.13	 2	 -41.9245	  173.8565
13.500	 2.40	 3	 -41.9279	  178.3397
13.500	 2.15	 3	 -42.7805	  172.8163
13.501	 2.08	 4	 -39.8040	  176.4170
13.502	 2.17	 2	 -42.2963	  173.6757
13.504	 2.31	 3	 -42.4604	  173.1246
13.505	 2.80	 1	 -42.3088	  173.6101
13.505	 2.24	 2	 -42.4838	  173.5765
13.506	 2.12	 1	 -42.4467	  173.3652
13.507	 2.59	 2	 -42.1839	  174.4316
13.507	 3.05	 1	 -41.8108	  174.1265
13.509	 2.12	 3	 -45.0249	  177.7848
13.509	 2.21	 3	 -42.7525	  172.9531
13.509	 2.07	 1	 -42.4016	  173.7449
13.510	 2.04	 3	 -42.5014	  173.2741
13.510	 2.29	 1	 -42.4837	  173.0672
13.512	 2.01	 4	 -42.4695	  173.5806
13.512	 2.25	 2	 -41.9113	  174.2781
13.515	 2.50	 3	 -42.0954	  174.0912
13.517	 2.78	 1	 -42.3241	  173.9512
13.517	 2.23	 1	 -41.8726	  174.3504
13.517	 2.11	 2	 -42.8052	  172.8064
13.520	 2.47	 2	 -42.5042	  173.9122
13.521	 2.18	 2	 -42.2155	  173.3674
13.524	 2.17	 3	 -41.7863	  174.1305
13.524	 2.54	 2	 -42.6149	  172.9624
13.524	 2.63	 2	 -42.2463	  173.9202
13.525	 3.36	 1	 -42.2701	  173.6883
13.527	 2.73	 1	 -41.6756	  174.2613
13.528	 2.00	 2	 -41.9446	  178.2917
13.528	 2.14	 1	 -42.6584	  172.9218
13.530	 3.87	 1	 -42.2720	  173.7184
13.531	 2.74	 2	 -42.3505	  173.1963
13.533	 2.29	 4	 -42.5484	  173.0468
13.541	 2.15	 3	 -42.0904	  173.9169
13.541	 3.19	 1	 -42.2548	  174.1663
13.543	 2.47	 1	 -44.0048	  173.6079
13.544	 2.34	 3	 -42.0583	  178.2898
13.550	 2.04	 1	 -42.4317	  173.6567
13.550	 2.50	 2	 -42.5207	  173.0883
13.550	 2.14	 3	 -43.3626	  173.2730
13.550	 2.05	 2	 -41.9788	  178.3660
13.550	 2.10	 2	 -42.4911	  172.9979
13.553	 2.49	 2	 -42.5914	  172.7652
13.556	 2.31	 1	 -42.4829	  173.4118
13.558	 4.98	 1	 -42.7331	  172.9171
13.559	 2.22	 2	 -42.7628	  178.9161
13.561	 2.07	 3	 -41.8468	  174.2199
13.562	 2.96	 1	 -42.2900	  173.6382
13.564	 2.24	 2	 -42.7596	  173.0270
13.565	 2.42	 1	 -42.1877	  173.5014
13.567	 2.89	 1	 -41.5722	  173.6976
13.569	 2.04	 1	 -41.6380	  174.4174
13.571	 2.19	 1	 -43.2346	  172.6678
13.571	 2.35	 4	 -41.6101	  174.1924
13.571	 3.07	 1	 -41.8221	  174.3363
13.572	 2.11	 2	 -42.7393	  172.9156
13.572	 2.65	 1	 -41.7197	  174.3620
13.574	 2.14	 2	 -42.7234	  173.1149
13.575	 2.11	 2	 -42.8547	  173.2563
13.575	 2.23	 1	 -42.0812	  173.5875
13.576	 2.01	 2	 -41.9503	  178.4012
13.576	 2.06	 1	 -42.2817	  173.6337
13.577	 2.06	 1	 -42.4355	  173.1510
13.580	 2.42	 2	 -41.9098	  179.9037
13.582	 2.29	 2	 -42.4956	  173.2101
13.583	 2.74	 1	 -42.5609	  173.1164
13.584	 3.71	 1	 -42.2479	  173.8203
13.587	 2.25	 4	 -42.6088	  172.8959
13.591	 2.64	 2	 -42.5892	  172.8974
13.591	 3.07	 2	 -42.1763	  172.9590
13.591	 2.29	 3	 -42.2870	  173.8877
13.594	 4.53	 1	 -41.7550	  174.2427
13.595	 2.09	 4	 -41.9433	  178.4585
13.596	 2.06	 1	 -42.2066	  173.6906
13.599	 2.08	 4	 -42.4088	  173.3598
13.602	 2.28	 2	 -42.6756	  173.0560
13.603	 2.32	 2	 -42.2718	  172.9985
13.604	 2.11	 2	 -42.6124	  173.0018
13.607	 3.70	 2	 -41.7491	  174.2306
13.608	 2.04	 2	 -46.1007	  176.5876
13.612	 2.22	 2	 -41.9340	  178.3954
13.615	 2.13	 2	 -42.4045	  173.7215
13.615	 2.65	 2	 -42.7283	  172.8202
13.618	 2.45	 1	 -42.2507	  173.9670
13.618	 2.12	 2	 -41.8903	  177.9809
13.618	 2.33	 1	 -42.5662	  173.1427
13.620	 2.01	 1	 -42.9789	  173.0608
13.625	 2.12	 1	 -42.6164	  172.5795
13.626	 3.53	 1	 -42.7534	  172.7855
13.627	 2.01	 3	 -42.8056	  172.9378
13.628	 2.03	 2	 -42.8369	  173.2092
13.631	 3.29	 1	 -42.3574	  173.0241
13.631	 2.82	 1	 -42.6383	  173.2678
13.632	 2.12	 1	 -42.7568	  173.9273
13.634	 2.86	 4	 -42.7933	  172.9227
13.635	 2.13	 3	 -42.4926	  173.0611
13.636	 2.27	 1	 -42.3733	  173.8322
13.636	 2.93	 3	 -42.1332	  173.9296
13.639	 2.10	 1	 -41.8495	  174.0942
13.641	 2.89	 2	 -41.6655	  174.2632
13.641	 3.00	 2	 -42.7216	  172.9058
13.641	 2.05	 1	 -41.9090	  174.0207
13.642	 2.18	 3	 -42.6229	  173.0502
13.642	 3.68	 2	 -41.7539	  174.3064
13.643	 2.26	 1	 -41.8748	  174.0133
13.644	 2.02	 1	 -41.7317	  174.2664
13.644	 2.45	 2	 -42.3585	  173.7386
13.645	 2.35	 1	 -42.3515	  174.0364
13.645	 2.03	 2	 -42.6771	  172.9966
13.645	 3.00	 1	 -42.5962	  173.2697
13.646	 2.12	 3	 -43.0147	  179.9780
13.648	 2.19	 1	 -43.9850	  173.9530
13.650	 2.44	 1	 -41.6993	  174.1866
13.651	 2.00	 2	 -42.5987	  173.0855
13.651	 3.21	 1	 -42.3655	  174.0408
13.651	 2.20	 1	 -41.7097	  174.1166
13.653	 2.65	 3	 -41.6577	  178.1388
13.653	 2.52	 2	 -42.5077	  173.0851
13.654	 2.70	 1	 -42.5897	  173.0940
13.654	 2.26	 1	 -41.8246	  174.2377
13.655	 2.48	 1	 -42.6972	  172.8509
13.657	 2.04	 2	 -42.2601	  173.7035
13.660	 2.64	 2	 -42.2625	  173.6823
13.663	 2.09	 1	 -42.1010	  173.6671
13.664	 2.07	 1	 -41.9830	  173.6737
13.668	 2.27	 1	 -41.9095	  173.9445
13.669	 2.19	 4	 -41.7386	  174.1892
13.669	 2.02	 4	 -41.7947	  174.1690
13.673	 2.12	 3	 -42.0099	  178.3571
13.674	 2.37	 1	 -42.2898	  173.6933
13.676	 2.01	 2	 -42.2506	  173.9108
13.676	 2.43	 4	 -42.4663	  177.7207
13.677	 2.09	 1	 -42.3010	  173.8207
13.678	 2.12	 2	 -42.2785	  173.9088
13.680	 2.04	 2	 -42.3229	  173.8224
13.682	 2.06	 2	 -42.3483	  174.0783
13.687	 2.47	 3	 -41.7849	  174.2323
13.687	 2.41	 2	 -41.8413	  174.4431
13.691	 2.21	 4	 -41.9802	  173.8886
13.693	 3.43	 1	 -43.0853	  173.5537
13.695	 2.15	 2	 -42.6137	  175.7263
13.695	 2.92	 1	 -41.6948	  174.2603
13.696	 2.09	 1	 -42.0852	  173.8210
13.697	 2.27	 2	 -42.2510	  173.5363
13.697	 2.41	 1	 -41.6553	  174.2806
13.698	 2.14	 5	 -41.8163	  173.9150
13.700	 2.28	 1	 -42.4100	  173.1149
13.701	 2.10	 4	 -41.9423	  173.8467
13.701	 2.65	 1	 -41.7870	  174.7865
13.704	 2.29	 2	 -41.6495	  174.2334
13.704	 3.10	 1	 -42.2998	  173.6764
13.704	 2.14	 4	 -41.7799	  174.2607
13.704	 2.58	 2	 -40.5737	  168.8236
13.707	 2.26	 1	 -41.6653	  174.2223
13.709	 3.08	 2	 -41.7563	  174.1773
13.710	 2.06	 1	 -42.0294	  173.6146
13.712	 2.28	 1	 -42.1754	  173.5340
13.713	 2.30	 2	 -41.7851	  174.7809
13.722	 2.20	 1	 -46.1440	  176.9434
13.726	 2.90	 2	 -41.7505	  174.2156
13.726	 2.09	 1	 -41.6489	  174.1370
13.727	 3.52	 3	 -42.0304	  178.4606
13.731	 2.27	 1	 -42.2221	  173.6874
13.731	 2.27	 1	 -41.9566	  172.7270
13.737	 2.06	 4	 -41.9925	  178.3395
13.741	 2.13	 5	 -42.4058	  173.3605
13.741	 3.48	 1	 -42.0461	  173.8275
13.742	 2.14	 2	 -41.7303	  174.4477
13.742	 2.44	 2	 -42.4739	  173.3694
13.742	 2.04	 3	 -42.2471	  173.8968
13.743	 2.78	 1	 -41.7946	  174.2457
13.744	 2.35	 2	 -41.8184	  173.8398
13.744	 3.45	 1	 -41.8150	  174.3754
13.748	 2.39	 3	 -42.5689	  173.1181
13.749	 2.57	 1	 -41.7530	  174.2643
13.749	 2.16	 5	 -42.4856	  173.5071
13.749	 2.27	 3	 -42.8868	  173.2294
13.749	 2.07	 1	 -42.6699	  173.6068
13.751	 3.16	 1	 -42.1089	  173.6138
13.754	 3.81	 1	 -42.3936	  173.6358
13.754	 2.66	 1	 -42.3413	  173.0563
13.757	 2.15	 4	 -41.9699	  173.9333
13.760	 2.08	 1	 -42.4276	  172.8178
13.766	 2.11	 1	 -42.1600	  173.5989
13.768	 2.32	 2	 -44.7707	  173.6862
13.771	 2.38	 1	 -42.6075	  173.2709
13.771	 2.13	 2	 -46.0923	  176.9394
13.775	 2.29	 4	 -41.6621	  174.1476
13.776	 2.07	 1	 -41.8075	  174.2557
13.780	 3.23	 1	 -42.1836	  173.6162
13.783	 2.06	 2	 -42.4046	  173.7821
13.785	 2.07	 2	 -42.9378	  173.1859
13.785	 2.80	 3	 -41.8180	  173.9920
13.789	 2.00	 1	 -42.4863	  173.6410
13.790	 2.54	 2	 -41.9473	  178.2997
13.796	 2.23	 3	 -42.3517	  173.8109
13.796	 2.87	 5	 -42.6541	  172.6625
13.797	 2.57	 1	 -41.8886	  174.0209
13.797	 3.17	 1	 -41.9681	  173.7478
13.799	 2.82	 2	 -42.6643	  173.7714
13.799	 2.02	 2	 -42.2024	  173.6398
13.801	 2.44	 1	 -41.9585	  174.0355
13.803	 2.88	 2	 -41.7589	  174.3747
13.804	 2.11	 2	 -42.6483	  172.7942
13.808	 2.07	 2	 -41.8092	  174.2241
13.809	 2.58	 4	 -42.7611	  173.2737
13.810	 2.30	 1	 -42.5918	  173.0195
13.812	 2.11	 3	 -42.0663	  173.8575
13.812	 2.41	 4	 -42.4805	  172.7614
13.816	 2.24	 1	 -42.7440	  172.8744
13.818	 2.36	 4	 -41.9482	  178.1720
13.818	 2.14	 2	 -42.2232	  174.0966
13.821	 2.09	 1	 -42.5409	  173.7491
13.821	 2.07	 3	 -42.2245	  174.0060
13.823	 3.01	 1	 -41.8768	  174.0914
13.824	 2.97	 1	 -42.0023	  173.7225
13.825	 2.69	 3	 -41.8603	  178.3700
13.826	 2.57	 1	 -42.3495	  174.0620
13.827	 2.36	 2	 -41.9384	  173.7104
13.828	 2.05	 2	 -41.7083	  174.2789
13.828	 2.52	 2	 -42.4164	  173.4010
13.831	 2.12	 5	 -42.5267	  173.3223
13.834	 3.43	 1	 -42.5088	  173.1455
13.835	 3.46	 3	 -42.1657	  173.7366
13.835	 2.76	 1	 -41.8807	  174.2724
13.837	 2.29	 2	 -42.5929	  174.3242
13.837	 2.70	 3	 -42.0582	  173.7933
13.837	 2.57	 1	 -41.2281	  174.4759
13.840	 2.34	 3	 -41.9066	  173.7404
13.841	 2.16	 1	 -41.7095	  174.1987
13.844	 2.00	 3	 -41.7841	  174.3570
13.847	 2.38	 1	 -42.2296	  173.6801
13.848	 2.91	 4	 -42.1558	  173.9523
13.849	 2.23	 4	 -42.7987	  173.2348
13.850	 2.11	 1	 -41.7322	  174.1392
13.853	 2.34	 1	 -41.6791	  174.2627
13.853	 2.21	 1	 -42.2924	  173.7896
13.854	 2.50	 1	 -42.2130	  172.6460
13.855	 2.52	 4	 -41.9080	  173.9712
13.858	 2.35	 2	 -41.8115	  173.9417
13.858	 2.36	 1	 -41.8215	  174.4449
13.858	 2.12	 1	 -41.6712	  174.3798
13.864	 3.17	 3	 -42.5928	  173.0021
13.864	 2.02	 2	 -41.7324	  178.6456
13.865	 2.28	 1	 -42.3067	  174.2680
13.869	 2.10	 1	 -42.0947	  173.9671
13.873	 2.26	 2	 -41.7144	  174.2925
13.875	 2.94	 4	 -42.1014	  174.2987
13.876	 2.53	 2	 -42.7263	  172.8610
13.877	 2.15	 2	 -42.0231	  166.9756
13.878	 2.65	 3	 -42.5203	  173.2167
13.879	 2.02	 4	 -42.8589	  173.1952
13.880	 2.33	 3	 -41.8675	  178.3574
13.884	 2.36	 2	 -42.3397	  173.7259
13.884	 3.09	 1	 -42.5790	  173.4082
13.885	 3.24	 1	 -42.0248	  173.6658
13.885	 2.30	 2	 -41.7813	  174.2673
13.886	 2.09	 1	 -42.4956	  172.9171
13.887	 2.27	 2	 -41.8403	  174.1851
13.889	 2.06	 3	 -42.6681	  173.4975
13.889	 2.15	 1	 -41.7679	  174.2343
13.900	 2.24	 1	 -42.6536	  173.0124
13.906	 2.10	 1	 -41.9628	  173.6259
13.908	 2.57	 2	 -43.0030	  173.1271
13.911	 2.05	 2	 -41.7616	  174.2551
13.914	 2.69	 1	 -41.8006	  174.2453
13.914	 3.59	 2	 -42.8578	  173.3406
13.915	 2.14	 1	 -41.7892	  174.1945
13.918	 2.09	 2	 -42.3564	  173.9400
13.919	 2.94	 1	 -41.8023	  174.4478
13.919	 2.11	 1	 -41.8936	  173.7000
13.920	 8.25	 2	 -41.9095	  178.3432
13.920	 2.30	 3	 -40.1246	  177.1171
13.920	 2.23	 3	 -42.2836	  177.9896
13.921	 2.79	 3	 -42.6051	  176.7661
13.921	 4.28	 3	 -43.5353	  180.2171
13.922	 2.06	 3	 -42.6709	  178.9776
13.922	 2.72	 3	 -42.1642	  176.8975
13.922	 2.21	 3	 -41.5004	  179.2229
13.923	 2.31	 3	 -37.4156	  178.5549
13.923	 3.30	 3	 -41.7814	  178.4249
13.923	 2.36	 3	 -42.0827	  177.3016
13.924	 2.01	 3	 -42.0499	  179.9260
13.925	 2.61	 3	 -44.5037	  176.4261
13.925	 2.24	 3	 -41.5219	  176.8967
13.925	 2.07	 3	 -43.2221	  178.1785
13.925	 2.13	 3	 -41.5670	  177.2716
13.925	 2.42	 3	 -41.6179	  176.7190
13.925	 2.66	 3	 -43.0514	  178.3364
13.927	 2.52	 3	 -41.8354	  176.4074
13.927	 2.02	 3	 -39.0928	  179.2598
13.927	 2.48	 3	 -39.6712	  173.1028
13.928	 2.22	 1	 -42.1846	  173.7983
13.928	 2.24	 3	 -41.3558	  177.8316
13.928	 2.06	 2	 -42.2938	  175.9092
13.928	 2.02	 3	 -41.8811	  179.2879
13.930	 2.12	 3	 -44.4017	  173.7436
13.930	 2.09	 3	 -41.0025	  175.2149
13.930	 2.01	 3	 -42.6387	  178.4276
13.931	 2.24	 3	 -43.1816	  172.5479
13.931	 2.44	 1	 -42.2193	  173.6131
13.931	 2.53	 3	 -41.3470	  179.4246
13.931	 4.03	 3	 -43.6761	  181.3814
13.931	 2.08	 3	 -42.4381	  178.2031
13.931	 2.13	 1	 -42.0366	  173.7479
13.931	 2.01	 3	 -42.3900	  178.1777
13.932	 2.33	 2	 -42.8042	  173.0796
13.932	 2.18	 3	 -42.2803	  179.1927
13.933	 2.60	 3	 -41.5261	  177.1603
13.933	 2.12	 3	 -41.5960	  178.3443
13.933	 2.91	 3	 -41.4899	  179.0949
13.934	 2.07	 3	 -40.8720	  177.3106
13.934	 3.13	 3	 -41.9252	  179.3645
13.935	 2.05	 2	 -42.8377	  173.3294
13.935	 2.13	 3	 -40.9625	  178.4526
13.935	 2.27	 3	 -41.3721	  177.7359
13.935	 2.71	 3	 -40.9608	  179.6389
13.935	 2.12	 2	 -41.7130	  174.2417
13.936	 2.44	 3	 -41.7435	  179.0290
13.936	 3.06	 3	 -42.4947	  179.9648
13.936	 2.07	 2	 -42.3084	  173.8862
13.936	 2.03	 3	 -42.1494	  177.5687
13.936	 2.23	 3	 -42.1953	  178.8320
13.937	 2.35	 2	 -42.1632	  173.6397
13.937	 3.02	 3	 -45.8800	  179.4302
13.937	 2.06	 3	 -43.2525	  184.1096
13.937	 2.49	 3	 -39.0116	  177.3592
13.937	 2.68	 3	 -42.0899	  178.9715
13.938	 2.45	 3	 -41.6578	  179.3752
13.938	 2.43	 3	 -41.5138	  178.5720
13.938	 2.21	 3	 -37.8783	  175.6661
13.939	 2.21	 3	 -42.3971	  177.4303
13.939	 2.59	 3	 -41.6964	  177.8983
13.939	 2.53	 3	 -40.5078	  176.4047
13.939	 2.23	 3	 -39.4278	  175.8133
13.940	 2.02	 4	 -40.4336	  176.3577
13.940	 2.75	 3	 -42.0196	  178.6499
13.941	 2.14	 3	 -42.3947	  178.1712
13.941	 2.55	 2	 -42.1650	  174.4480
13.941	 2.49	 3	 -40.0392	  178.4720
13.941	 2.07	 3	 -45.3085	  174.3876
13.941	 2.30	 3	 -40.2464	  178.3709
13.943	 2.04	 3	 -41.6921	  176.0041
13.943	 2.63	 3	 -40.4294	  178.3345
13.944	 2.28	 2	 -41.8348	  178.3730
13.944	 2.04	 3	 -42.1138	  177.8893
13.944	 3.72	 4	 -42.3127	  177.9755
13.944	 2.94	 3	 -42.0408	  178.6253
13.944	 2.64	 3	 -39.8207	  178.7001
13.946	 2.37	 3	 -43.1354	  178.8725
13.946	 2.22	 1	 -41.6393	  174.2167
13.946	 2.18	 3	 -41.7039	  179.4019
13.947	 2.17	 1	 -42.5085	  173.3507
13.947	 2.18	 3	 -42.5574	  176.5534
13.947	 2.32	 3	 -41.3218	  179.7039
13.948	 2.05	 3	 -42.5320	  177.0681
13.948	 2.44	 3	 -42.7393	  179.0828
13.948	 2.30	 1	 -42.7585	  173.8373
13.949	 2.56	 3	 -41.6600	  172.3103
13.949	 2.67	 4	 -41.7400	  174.2471
13.949	 2.18	 3	 -43.9208	  183.7216
13.949	 2.07	 1	 -42.2768	  173.7452
13.950	 2.23	 3	 -42.7346	  172.4037
13.950	 2.25	 3	 -41.2157	  179.5711
13.950	 2.68	 1	 -41.7010	  174.2044
13.950	 2.12	 3	 -41.9315	  173.1839
13.950	 2.70	 3	 -41.8259	  178.3209
13.951	 2.12	 3	 -39.9757	  176.7724
13.951	 2.00	 3	 -42.3947	  178.1451
13.951	 3.35	 3	 -41.2940	  176.2321
13.952	 2.33	 3	 -42.1335	  179.0683
13.952	 2.08	 3	 -41.5990	  174.9346
13.952	 2.44	 3	 -42.1191	  180.4823
13.953	 2.56	 3	 -37.6985	  180.4625
13.953	 2.03	 2	 -42.0608	  173.8484
13.953	 2.02	 3	 -41.9203	  177.6555
13.954	 2.63	 3	 -41.7173	  178.2518
13.954	 2.69	 3	 -43.6511	  176.9048
13.954	 2.51	 3	 -42.4387	  178.4187
13.954	 2.05	 3	 -41.2566	  176.6053
13.954	 2.37	 2	 -46.2752	  170.0942
13.954	 3.26	 3	 -42.1455	  178.1248
13.955	 2.02	 3	 -40.8841	  178.7856
13.955	 2.21	 1	 -42.4508	  172.9678
13.955	 2.49	 3	 -42.0845	  178.3140
13.956	 3.08	 3	 -41.0918	  180.1447
13.956	 2.35	 3	 -41.9164	  178.9569
13.956	 2.18	 3	 -40.8743	  176.5604
13.956	 2.52	 3	 -43.4316	  179.4562
13.957	 2.00	 3	 -41.6497	  178.0375
13.957	 2.20	 1	 -41.7107	  174.2452
13.958	 2.68	 3	 -40.6665	  177.8772
13.958	 2.29	 3	 -42.4607	  176.8399
13.958	 2.30	 3	 -41.0795	  179.2832
13.959	 2.22	 3	 -41.6120	  178.7786
13.959	 2.00	 3	 -40.9992	  178.7981
13.959	 2.38	 3	 -38.2166	  181.7907
13.959	 2.21	 3	 -42.5957	  177.2343
13.960	 2.30	 3	 -41.0834	  179.2340
13.960	 2.14	 3	 -38.0236	  181.3837
13.961	 3.44	 3	 -42.2525	  178.9418
13.961	 2.46	 3	 -43.2811	  177.0582
13.961	 2.32	 3	 -42.2048	  178.6864
13.961	 2.21	 3	 -46.4009	  178.0545
13.962	 2.91	 3	 -44.7055	  181.7662
13.962	 2.48	 1	 -42.2341	  173.6630
13.962	 2.05	 3	 -42.0900	  178.0007
13.963	 2.27	 3	 -40.5154	  179.5681
13.963	 2.83	 3	 -41.2943	  177.4720
13.963	 2.14	 3	 -44.2695	  176.5390
13.963	 2.65	 2	 -41.8635	  174.4292
13.964	 2.84	 2	 -41.9809	  173.7086
13.964	 2.29	 3	 -40.5432	  178.5408
13.964	 2.21	 2	 -42.6588	  173.3361
13.964	 2.16	 3	 -41.1959	  176.7620
13.965	 3.01	 3	 -41.2748	  177.7173
13.965	 2.43	 3	 -41.5278	  178.6830
13.965	 2.25	 3	 -42.4815	  178.7138
13.966	 2.21	 1	 -41.4644	  173.8862
13.966	 2.31	 3	 -43.9186	  177.6402
13.966	 2.08	 1	 -42.3388	  174.1093
13.966	 2.29	 3	 -41.1948	  179.1512
13.966	 2.84	 2	 -41.7133	  174.3386
13.967	 2.05	 3	 -43.1002	  177.4060
13.967	 3.45	 3	 -45.7498	  179.8293
13.967	 2.37	 1	 -41.7203	  174.2962
13.968	 2.01	 3	 -39.9765	  179.7611
13.968	 2.58	 3	 -42.1161	  178.3058
13.968	 2.00	 2	 -41.6567	  173.5096
13.968	 2.16	 3	 -41.1503	  178.7315
13.969	 2.48	 1	 -42.6347	  173.5944
13.969	 2.67	 3	 -41.3948	  177.6651
13.969	 2.10	 3	 -41.8853	  178.4820
13.970	 2.32	 1	 -42.1758	  173.5939
13.970	 2.26	 3	 -41.9783	  178.2888
13.970	 2.63	 3	 -41.9190	  178.5844
13.970	 2.23	 3	 -41.7393	  178.4464
13.971	 2.71	 3	 -41.8522	  178.1138
13.971	 2.23	 4	 -42.0186	  178.6129
13.971	 2.23	 3	 -42.6164	  180.7560
13.971	 2.53	 2	 -41.9804	  173.6280
13.972	 2.54	 2	 -41.5137	  174.3337
13.972	 2.14	 3	 -42.3808	  177.9654
13.973	 2.44	 3	 -41.8290	  178.1077
13.973	 3.19	 3	 -44.8325	  173.7518
13.974	 2.16	 1	 -43.0821	  173.3313
13.974	 2.27	 3	 -41.3426	  178.8253
13.976	 2.05	 3	 -39.8945	  172.9416
13.976	 2.71	 3	 -40.5732	  179.0580
13.977	 2.44	 3	 -46.3851	  178.9264
13.977	 2.51	 3	 -41.9076	  177.5936
13.977	 2.06	 3	 -43.8239	  175.1356
13.977	 2.04	 1	 -43.4879	  172.1566
13.978	 2.71	 2	 -42.6730	  173.6614
13.978	 3.22	 3	 -42.0998	  178.7495
13.978	 2.61	 3	 -41.9924	  179.6447
13.979	 2.07	 3	 -38.7620	  174.0280
13.980	 2.97	 3	 -43.2350	  184.1169
13.980	 2.09	 1	 -42.2999	  173.8344
13.981	 2.52	 2	 -42.7331	  172.8969
13.981	 2.54	 3	 -42.0840	  178.9352
13.981	 2.24	 4	 -41.9298	  179.3757
13.981	 2.08	 3	 -42.2940	  178.1645
13.982	 2.21	 3	 -42.6736	  178.9255
13.982	 2.27	 3	 -44.0591	  179.5787
13.983	 2.01	 3	 -42.4582	  176.8056
13.983	 2.08	 3	 -43.2007	  177.1875
13.983	 2.60	 3	 -42.0824	  177.8625
13.984	 2.08	 2	 -42.2145	  173.4340
13.984	 2.47	 2	 -42.1989	  173.5186
13.984	 2.34	 3	 -43.2164	  177.4791
13.985	 2.53	 3	 -41.1315	  176.7080
13.985	 2.10	 3	 -41.4572	  177.3905
13.985	 2.28	 2	 -41.7022	  174.2027
13.987	 2.06	 3	 -41.5499	  176.4978
13.987	 2.18	 3	 -42.2126	  177.5714
13.987	 2.58	 1	 -42.4695	  173.6463
13.987	 2.43	 3	 -44.7488	  180.4615
13.988	 2.36	 2	 -42.8706	  173.2804
13.988	 4.96	 3	 -41.8615	  178.5934
13.989	 2.05	 2	 -41.7401	  174.2346
13.989	 2.16	 3	 -41.8859	  178.4886
13.989	 2.02	 3	 -45.6580	  181.6803
13.989	 3.34	 1	 -42.5761	  173.4241
13.989	 2.13	 3	 -42.5286	  177.9030
13.989	 2.25	 3	 -42.6781	  178.3638
13.990	 2.25	 3	 -41.6249	  177.2932
13.990	 2.30	 3	 -41.9676	  178.7370
13.990	 2.16	 4	 -41.8569	  178.6052
13.990	 2.53	 3	 -41.2446	  178.7434
13.991	 2.12	 3	 -43.4685	  177.9649
13.991	 4.90	 3	 -40.3473	  180.8887
13.991	 2.10	 3	 -41.7481	  177.1454
13.991	 2.07	 2	 -41.7989	  178.3635
13.992	 2.16	 3	 -43.1378	  178.6311
13.992	 2.02	 3	 -42.1711	  173.7377
13.992	 3.45	 3	 -41.7002	  178.8513
13.993	 2.21	 3	 -42.3655	  173.8726
13.993	 2.77	 1	 -42.4504	  173.2064
13.993	 2.22	 1	 -42.2685	  173.6306
13.994	 3.24	 3	 -42.9700	  180.7392
13.994	 2.82	 3	 -41.3126	  177.5413
13.994	 2.37	 3	 -41.2243	  176.6904
13.994	 2.56	 3	 -43.0981	  180.5405
13.994	 2.19	 2	 -41.6948	  174.3638
13.995	 2.01	 3	 -42.3125	  178.7519
13.995	 2.26	 1	 -42.3892	  173.3196
13.995	 2.19	 2	 -41.7655	  174.1814
13.995	 2.76	 3	 -41.8452	  178.9143
13.995	 3.32	 3	 -42.2694	  178.1759
13.996	 2.35	 3	 -41.8790	  180.8075
13.997	 2.84	 3	 -42.8392	  177.2109
13.998	 2.85	 3	 -44.2322	  179.6529
13.999	 2.29	 3	 -42.1308	  178.0596
13.999	 2.02	 3	 -44.6090	  180.4961
13.999	 2.52	 3	 -40.9493	  179.9894
13.999	 2.95	 2	 -42.4772	  173.7700
14.000	 2.16	 3	 -40.7470	  181.9146
14.000	 2.08	 3	 -43.8507	  174.7002
14.001	 2.35	 3	 -41.9548	  177.4360
14.001	 2.42	 3	 -42.9757	  182.4916
14.001	 2.14	 3	 -42.2104	  178.0132
14.001	 2.16	 3	 -37.8518	  175.7393
14.001	 2.08	 3	 -42.2916	  174.3778
14.002	 2.00	 4	 -41.8498	  178.6147
14.003	 2.26	 3	 -42.0392	  180.3516
14.003	 2.93	 3	 -41.5741	  177.9134
14.003	 3.20	 1	 -41.9789	  173.8389
14.003	 2.02	 2	 -42.4657	  174.0999
14.003	 3.38	 4	 -41.8521	  178.6034
14.003	 2.11	 3	 -42.1841	  178.5846
14.004	 2.37	 3	 -41.1765	  179.5976
14.004	 3.30	 3	 -41.5454	  178.0206
14.004	 2.16	 2	 -42.0924	  173.6129
14.004	 3.22	 3	 -42.1265	  178.3038
14.004	 2.07	 3	 -41.6375	  178.1130
14.004	 2.14	 1	 -41.9240	  173.7744
14.004	 2.19	 4	 -42.1126	  177.9950
14.005	 2.05	 3	 -40.1554	  183.9068
14.005	 2.10	 3	 -42.5712	  177.1584
14.005	 2.30	 3	 -41.6162	  176.6958
14.006	 3.87	 4	 -45.7538	  179.8340
14.006	 2.01	 3	 -41.5736	  177.7223
14.006	 2.47	 3	 -41.7265	  177.6649
14.006	 2.48	 3	 -37.4255	  178.7964
14.007	 2.92	 4	 -40.3226	  180.6266
14.007	 2.19	 3	 -42.1941	  178.6099
14.007	 2.03	 3	 -40.4086	  182.6702
14.008	 2.24	 3	 -41.8225	  178.3737
14.009	 2.41	 3	 -44.7424	  180.1234
14.010	 2.75	 1	 -42.3586	  173.8496
14.010	 2.40	 1	 -42.2840	  173.4515
14.010	 2.51	 3	 -40.4688	  178.4309
14.011	 2.09	 3	 -44.3290	  176.0398
14.011	 2.05	 3	 -40.0620	  176.4895
14.011	 2.57	 3	 -37.5246	  177.0044
14.012	 2.25	 4	 -40.4049	  180.9090
14.012	 2.38	 3	 -42.9106	  178.1704
14.012	 2.95	 3	 -43.4206	  179.3085
14.013	 2.93	 3	 -42.2229	  178.2739
14.013	 2.69	 1	 -41.7009	  174.3156
14.013	 2.75	 3	 -41.4973	  177.6669
14.014	 2.57	 3	 -42.3619	  178.5244
14.014	 2.20	 3	 -40.4053	  179.4827
14.014	 2.74	 3	 -40.2296	  183.9480
14.015	 2.79	 3	 -40.4545	  178.6864
14.015	 2.37	 3	 -44.5867	  183.1978
14.015	 3.42	 3	 -41.2528	  184.3206
14.017	 2.01	 5	 -41.9423	  173.8465
14.017	 2.34	 1	 -42.3141	  173.9254
14.017	 2.13	 3	 -43.7673	  172.8409
14.017	 2.40	 3	 -42.9376	  178.2563
14.017	 2.22	 3	 -42.0471	  176.7364
14.017	 2.35	 3	 -41.8948	  178.6045
14.017	 2.21	 3	 -40.5348	  177.7661
14.018	 2.77	 3	 -41.0583	  178.1561
14.018	 3.19	 3	 -45.2881	  175.7257
14.018	 2.32	 3	 -40.8059	  178.4058
14.018	 3.15	 3	 -42.1567	  179.0076
14.018	 2.12	 3	 -45.2498	  182.3882
14.019	 2.44	 3	 -42.1356	  179.4295
14.019	 2.01	 4	 -41.7264	  174.2352
14.020	 2.40	 5	 -42.3033	  177.9700
14.020	 2.99	 3	 -42.0682	  178.4475
14.020	 2.12	 3	 -41.9277	  178.9309
14.020	 2.39	 4	 -44.8380	  179.1160
14.021	 2.09	 4	 -43.5165	  180.2144
14.021	 2.11	 4	 -42.0866	  173.8961
14.022	 2.18	 3	 -41.9570	  178.3993
14.022	 2.03	 3	 -41.3602	  179.0885
14.022	 2.94	 2	 -41.8022	  174.4974
14.022	 2.22	 3	 -42.2388	  184.3692
14.022	 3.38	 3	 -42.1672	  184.3755
14.023	 2.12	 3	 -41.3757	  178.3455
14.023	 2.03	 3	 -40.8691	  178.2055
14.023	 2.08	 3	 -42.1708	  178.5782
14.023	 2.97	 3	 -41.8443	  174.5186
14.023	 2.66	 3	 -42.0311	  178.8400
14.023	 2.77	 2	 -42.4019	  173.1725
14.024	 2.01	 3	 -42.0749	  178.7758
14.024	 2.07	 3	 -42.1219	  178.9924
14.024	 2.74	 3	 -41.8765	  179.2155
14.024	 2.02	 4	 -42.4266	  173.8704
14.024	 2.08	 4	 -40.3493	  180.8633
14.025	 4.44	 4	 -42.0456	  178.5764
14.025	 2.79	 3	 -42.4049	  179.8921
14.025	 2.17	 3	 -42.1442	  184.3772
14.025	 2.46	 3	 -42.0247	  180.1986
14.026	 2.80	 2	 -42.2816	  173.6651
14.026	 2.37	 2	 -42.0010	  178.3699
14.026	 2.25	 2	 -41.8477	  174.3631
14.026	 2.45	 3	 -41.6805	  179.2467
14.027	 2.19	 3	 -41.8910	  178.5555
14.027	 2.16	 2	 -42.7512	  173.0023
14.028	 2.37	 3	 -37.4775	  179.3639
14.028	 2.10	 2	 -41.9622	  173.6281
14.028	 2.09	 7	 -41.7884	  173.8462
14.029	 2.18	 3	 -41.4342	  181.0495
14.029	 2.54	 1	 -42.4738	  173.0857
14.029	 2.33	 3	 -42.7568	  175.5542
14.029	 2.63	 3	 -42.8001	  175.1245
14.029	 3.02	 4	 -41.8549	  178.5694
14.030	 2.09	 2	 -42.4133	  173.2423
14.030	 2.29	 3	 -38.7542	  174.0402
14.031	 2.29	 3	 -40.7650	  178.3349
14.031	 2.21	 3	 -42.2470	  172.3181
14.031	 2.00	 3	 -41.7680	  178.3346
14.032	 2.64	 3	 -42.4161	  178.3369
14.032	 2.08	 3	 -41.6187	  178.8320
14.032	 2.17	 3	 -41.6133	  178.9898
14.032	 2.31	 3	 -40.9320	  176.0527
14.033	 2.21	 3	 -43.2566	  177.9628
14.033	 2.25	 1	 -42.0844	  174.2453
14.033	 3.30	 3	 -42.8311	  180.2492
14.034	 2.00	 3	 -42.2626	  178.1567
14.034	 2.58	 3	 -41.6302	  176.0896
14.035	 2.16	 3	 -42.5448	  179.6164
14.035	 2.50	 4	 -41.1730	  179.5990
14.035	 2.19	 1	 -41.7060	  174.2360
14.037	 2.69	 3	 -41.5782	  178.3432
14.037	 2.20	 3	 -42.8502	  177.4730
14.037	 2.13	 1	 -41.7905	  174.3487
14.037	 2.90	 3	 -38.3558	  179.9207
14.038	 2.38	 3	 -38.7188	  182.6007
14.038	 2.65	 3	 -38.0441	  178.3089
14.038	 2.25	 3	 -41.2986	  177.6526
14.039	 2.78	 3	 -41.8993	  178.2249
14.039	 2.72	 2	 -42.5878	  173.1703
14.039	 2.60	 3	 -41.3944	  178.4923
14.041	 2.05	 3	 -42.0713	  182.5225
14.041	 2.51	 3	 -41.2254	  179.5768
14.042	 2.11	 1	 -41.8305	  174.2729
14.042	 3.17	 3	 -43.3862	  178.8578
14.042	 2.48	 1	 -41.7374	  174.3632
14.043	 2.06	 3	 -43.7775	  176.6741
14.043	 2.61	 3	 -42.8564	  178.9261
14.043	 2.07	 3	 -41.3625	  184.3406
14.044	 2.33	 3	 -42.6657	  177.7218
14.044	 2.15	 3	 -42.0927	  179.3490
14.045	 2.33	 1	 -42.0130	  173.6479
14.046	 2.03	 3	 -46.0262	  175.9126
14.046	 2.35	 3	 -41.1026	  178.1022
14.046	 2.62	 3	 -42.4190	  178.7469
14.047	 2.04	 3	 -42.9974	  178.3395
14.047	 2.07	 3	 -41.8619	  178.5674
14.048	 2.81	 3	 -40.4987	  183.9379
14.048	 2.50	 2	 -42.2764	  173.8019
14.049	 2.10	 3	 -43.7513	  176.8902
14.049	 2.05	 5	 -42.0227	  178.5863
14.049	 2.28	 3	 -40.5474	  178.9449
14.049	 2.01	 3	 -41.2435	  178.3870
14.050	 2.10	 1	 -42.9560	  173.8738
14.050	 2.39	 3	 -40.6152	  179.4083
14.050	 2.25	 3	 -41.9419	  174.0787
14.050	 2.02	 3	 -42.0879	  178.4891
14.050	 2.11	 1	 -41.4417	  173.9052
14.051	 2.06	 3	 -40.0751	  180.0596
14.051	 2.29	 3	 -40.5877	  176.4348
14.051	 2.13	 4	 -42.0850	  178.1441
14.052	 2.16	 1	 -41.7426	  174.0430
14.052	 2.23	 3	 -41.1493	  180.9949
14.052	 2.84	 3	 -41.5213	  179.8082
14.052	 2.11	 3	 -41.9266	  177.5803
14.053	 2.57	 2	 -41.7428	  174.2708
14.054	 2.31	 1	 -42.3375	  173.8395
14.054	 2.04	 3	 -37.8351	  180.6992
14.054	 2.99	 3	 -41.9519	  178.0689
14.054	 2.02	 4	 -40.3512	  180.8783
14.055	 2.40	 3	 -40.7909	  178.2489
14.056	 2.47	 2	 -41.7466	  174.2713
14.057	 2.38	 3	 -42.4169	  178.7501
14.058	 2.08	 4	 -41.8156	  174.2510
14.059	 2.05	 3	 -42.1971	  178.3284
14.059	 2.21	 3	 -42.0729	  178.1123
14.059	 2.09	 3	 -43.6070	  174.2160
14.060	 2.87	 3	 -43.2398	  178.0274
14.060	 2.44	 3	 -41.1740	  177.7868
14.060	 2.10	 3	 -42.1750	  178.2545
14.061	 2.15	 3	 -44.4282	  173.3379
14.061	 3.71	 3	 -41.8544	  178.6096
14.061	 2.39	 1	 -42.4577	  173.9677
14.062	 2.63	 1	 -42.7824	  174.7192
14.062	 2.26	 3	 -40.0794	  172.8241
14.062	 3.37	 3	 -39.4796	  179.3886
14.063	 2.00	 3	 -41.9350	  178.6686
14.064	 2.00	 1	 -42.1887	  173.6535
14.065	 2.10	 3	 -42.5121	  177.3253
14.065	 3.26	 3	 -40.6254	  178.1426
14.065	 2.02	 3	 -41.7981	  178.4357
14.065	 3.84	 3	 -42.1983	  178.7339
14.065	 2.80	 3	 -43.6229	  178.2384
14.065	 2.04	 3	 -41.6226	  178.5226
14.066	 2.64	 3	 -38.1311	  175.0673
14.066	 2.50	 2	 -41.7417	  174.3113
14.067	 2.91	 3	 -43.1772	  172.5461
14.068	 2.17	 3	 -42.3238	  179.0448
14.068	 2.87	 1	 -42.5629	  173.2382
14.068	 2.31	 3	 -38.6707	  174.1518
14.068	 2.41	 3	 -42.9260	  184.2290
14.068	 2.02	 3	 -41.3319	  179.8273
14.068	 2.13	 1	 -42.3871	  173.7004
14.069	 2.03	 3	 -38.2477	  180.7878
14.071	 2.23	 4	 -41.5526	  178.0243
14.072	 2.13	 3	 -40.9900	  175.6881
14.072	 2.54	 3	 -42.0465	  178.6502
14.072	 2.48	 3	 -42.8920	  173.7769
14.072	 2.13	 3	 -42.3369	  178.0128
14.073	 2.79	 3	 -41.3683	  177.7132
14.074	 2.16	 3	 -42.1043	  178.6473
14.074	 2.13	 3	 -40.3728	  184.0217
14.074	 2.25	 3	 -40.3007	  176.1178
14.074	 4.14	 3	 -40.1807	  178.5455
14.075	 2.19	 3	 -42.0002	  177.9386
14.075	 2.65	 3	 -43.1653	  177.4698
14.075	 2.53	 3	 -41.2033	  179.3099
14.075	 2.29	 3	 -43.6285	  172.7600
14.076	 3.11	 4	 -40.3413	  180.8909
14.076	 2.97	 3	 -41.9488	  179.1256
14.076	 3.84	 3	 -41.8646	  178.5992
14.077	 2.25	 2	 -41.9818	  173.9713
14.077	 2.28	 3	 -42.2282	  178.3572
14.077	 2.04	 3	 -40.6742	  177.9577
14.077	 2.17	 3	 -42.1808	  181.0077
14.077	 2.04	 3	 -41.3774	  178.8164
14.078	 2.51	 3	 -41.7123	  178.8872
14.078	 2.06	 3	 -40.7049	  184.1646
14.078	 2.09	 3	 -42.2440	  173.8481
14.078	 2.55	 2	 -41.8756	  173.9794
14.079	 2.04	 4	 -40.3243	  180.9870
14.079	 2.93	 1	 -42.5501	  172.8428
14.080	 2.22	 2	 -42.5518	  173.4471
14.081	 2.04	 3	 -41.8279	  179.9513
14.081	 2.32	 3	 -40.9600	  177.9175
14.081	 2.20	 3	 -41.5588	  177.9343
14.081	 2.52	 3	 -41.6454	  178.7403
14.081	 2.13	 4	 -42.8703	  173.0626
14.081	 2.27	 1	 -41.6428	  174.2635
14.082	 2.21	 1	 -42.6192	  172.9444
14.083	 2.02	 1	 -41.7761	  174.0543
14.083	 2.17	 3	 -42.2923	  177.0061
14.083	 2.28	 3	 -43.0569	  178.9655
14.084	 2.34	 1	 -42.6863	  173.5071
14.084	 2.86	 3	 -44.0221	  178.4986
14.084	 2.54	 3	 -39.7872	  178.7747
14.084	 2.09	 1	 -43.1348	  173.0601
14.085	 2.74	 3	 -42.0813	  178.5833
14.085	 2.26	 3	 -42.1287	  179.6658
14.086	 2.87	 3	 -45.2824	  182.3390
14.086	 2.68	 3	 -45.5533	  180.9154
14.087	 2.93	 3	 -41.7071	  178.4177
14.090	 2.36	 3	 -42.0583	  178.2537
14.090	 2.04	 3	 -43.4377	  175.2842
14.091	 2.64	 2	 -42.5792	  173.4256
14.091	 3.30	 3	 -41.3719	  178.5949
14.091	 2.03	 3	 -43.5643	  179.8841
14.091	 2.93	 5	 -42.1085	  177.9837
14.091	 2.49	 1	 -41.7087	  174.3371
14.092	 3.50	 3	 -40.9795	  179.4802
14.092	 2.13	 3	 -41.8765	  179.0875
14.092	 2.27	 3	 -41.3674	  178.7550
14.092	 2.35	 3	 -42.3103	  178.6051
14.092	 2.34	 2	 -41.9887	  178.3556
14.092	 3.36	 4	 -40.3521	  180.9195
14.092	 2.02	 3	 -42.0032	  178.8072
14.093	 2.31	 3	 -41.4693	  178.9622
14.093	 2.09	 3	 -42.7059	  178.7263
14.094	 2.22	 3	 -37.6554	  180.3010
14.095	 3.32	 3	 -41.5955	  179.0131
14.097	 3.50	 3	 -41.9652	  177.3227
14.097	 3.24	 2	 -42.3090	  174.1877
14.097	 2.24	 3	 -41.9658	  177.9707
14.097	 2.11	 3	 -41.2974	  176.7372
14.098	 2.06	 3	 -42.0568	  178.0457
14.098	 2.37	 3	 -42.4973	  180.0869
14.098	 2.12	 3	 -42.0135	  178.3871
14.098	 2.20	 1	 -42.4497	  173.6573
14.099	 2.33	 3	 -42.7745	  179.0471
14.099	 3.03	 3	 -41.9836	  173.8584
14.099	 2.45	 3	 -41.7444	  179.0912
14.099	 2.17	 3	 -40.9529	  183.4759
14.099	 2.07	 3	 -42.0024	  178.0875
14.099	 2.52	 3	 -42.5574	  172.8966
14.100	 2.89	 3	 -42.7859	  172.4169
14.100	 2.76	 1	 -41.7354	  174.2795
14.100	 3.25	 3	 -37.4654	  177.4223
14.100	 2.90	 1	 -42.3521	  173.9411
14.100	 2.36	 3	 -40.6376	  172.5478
14.101	 2.02	 4	 -42.0390	  178.4657
14.101	 2.57	 3	 -42.2661	  184.3664
14.101	 3.31	 3	 -42.6633	  183.3041
14.102	 2.11	 3	 -42.2822	  178.6397
14.103	 2.29	 3	 -41.7413	  179.6298
14.104	 2.30	 3	 -41.8969	  178.6564
14.104	 2.18	 3	 -41.8078	  177.3277
14.107	 2.01	 3	 -37.4824	  179.4018
14.107	 2.02	 3	 -42.0084	  178.1702
14.107	 2.36	 3	 -41.6658	  178.8918
14.107	 2.81	 5	 -42.1033	  174.3009
14.107	 2.88	 3	 -42.2062	  179.1089
14.108	 2.09	 5	 -42.0597	  178.8135
14.108	 2.50	 3	 -43.2844	  174.7755
14.108	 2.27	 3	 -46.2648	  176.8407
14.109	 2.35	 3	 -42.2191	  178.1692
14.109	 2.33	 3	 -41.9925	  176.6283
14.110	 2.01	 3	 -38.5745	  182.3962
14.111	 2.31	 3	 -41.8141	  178.1423
14.111	 2.33	 3	 -37.6445	  178.7396
14.112	 2.23	 3	 -40.5918	  178.9307
14.113	 2.74	 1	 -41.7797	  173.1497
14.113	 2.20	 5	 -45.6076	  179.8281
14.113	 3.35	 3	 -41.3818	  177.3233
14.113	 2.08	 3	 -42.2942	  178.7715
14.113	 2.10	 2	 -42.2747	  173.6345
14.113	 2.20	 3	 -41.8815	  177.8013
14.114	 2.76	 3	 -39.5616	  179.9080
14.115	 3.14	 4	 -42.5007	  173.2692
14.116	 2.77	 3	 -42.6320	  179.2334
14.117	 2.11	 1	 -42.5717	  173.3478
14.118	 3.16	 1	 -42.0335	  172.7654
14.118	 2.47	 3	 -37.9992	  175.3598
14.118	 2.05	 3	 -42.7767	  177.1717
14.118	 2.82	 2	 -42.4145	  173.4041
14.120	 2.42	 3	 -41.3921	  178.5303
14.120	 2.35	 3	 -40.9410	  179.4371
14.120	 2.21	 3	 -44.0965	  173.0639
14.120	 2.26	 3	 -41.6793	  178.0153
14.120	 2.74	 3	 -42.2059	  178.1771
14.121	 2.12	 3	 -45.4861	  180.4710
14.121	 2.05	 3	 -37.6834	  179.9819
14.122	 2.08	 3	 -43.7919	  178.2084
14.122	 2.15	 4	 -40.3465	  178.3143
14.122	 2.54	 3	 -41.8751	  177.1999
14.123	 2.54	 3	 -40.6918	  179.6402
14.123	 2.10	 3	 -46.1652	  176.3923
14.123	 2.24	 3	 -40.3007	  177.3060
14.123	 3.09	 3	 -40.1349	  179.5891
14.124	 2.16	 1	 -42.5175	  173.2066
14.124	 2.15	 3	 -41.8555	  178.8498
14.124	 2.26	 3	 -42.5436	  177.5240
14.126	 2.56	 1	 -42.6084	  173.2822
14.127	 2.12	 3	 -42.0683	  177.3164
14.127	 2.54	 3	 -37.9362	  181.1724
14.127	 3.81	 3	 -44.4996	  181.8119
14.128	 2.01	 3	 -41.3927	  179.1237
14.129	 2.02	 3	 -39.7802	  178.1703
14.130	 2.21	 3	 -42.3640	  177.0510
14.130	 2.59	 1	 -42.0767	  172.9040
14.130	 2.18	 4	 -43.5322	  180.2205
14.130	 2.00	 4	 -42.3632	  178.5189
14.130	 2.42	 2	 -42.2625	  178.5226
14.130	 2.09	 3	 -42.0017	  176.7974
14.131	 2.47	 3	 -41.3784	  177.9848
14.132	 2.57	 3	 -43.6138	  177.8144
14.132	 2.75	 3	 -42.4989	  178.1499
14.132	 2.08	 3	 -41.4971	  178.2062
14.132	 2.15	 3	 -37.5182	  177.0432
14.135	 2.51	 3	 -41.0363	  179.9045
14.136	 2.29	 3	 -41.2961	  179.0437
14.136	 2.20	 4	 -42.2370	  173.7739
14.136	 2.27	 1	 -41.7327	  174.3524
14.136	 2.99	 3	 -42.3893	  179.1977
14.137	 2.33	 3	 -42.5220	  177.6361
14.138	 2.08	 3	 -42.2182	  179.1412
14.138	 2.02	 1	 -41.6485	  174.2498
14.140	 3.37	 3	 -42.4486	  178.3233
14.140	 2.46	 2	 -42.3735	  173.1661
14.141	 2.24	 1	 -42.5578	  173.1021
14.142	 2.11	 3	 -42.5085	  178.6095
14.142	 3.02	 3	 -41.6136	  179.0008
14.142	 2.54	 3	 -41.6001	  178.4314
14.142	 2.44	 3	 -41.0963	  177.8664
14.142	 2.81	 4	 -40.3624	  180.9646
14.143	 3.55	 3	 -42.0257	  178.3043
14.144	 3.18	 3	 -41.9512	  175.1994
14.144	 2.89	 1	 -42.3440	  174.0541
14.145	 3.05	 4	 -41.8793	  178.5900
14.146	 3.26	 2	 -42.7192	  172.8541
14.147	 2.35	 3	 -41.0543	  178.0105
14.147	 3.24	 3	 -42.0825	  178.6197
14.148	 2.10	 3	 -42.3699	  178.1001
14.148	 2.24	 3	 -43.8543	  178.2871
14.149	 2.02	 4	 -42.2101	  179.1378
14.150	 3.11	 3	 -42.3735	  179.4706
14.151	 2.28	 3	 -43.1657	  180.1511
14.151	 2.18	 2	 -41.9932	  173.6989
14.152	 4.26	 3	 -42.4336	  179.1988
14.152	 2.24	 3	 -40.4751	  176.0784
14.152	 2.67	 3	 -42.1911	  179.1388
14.153	 2.16	 3	 -41.7147	  174.3443
14.153	 2.59	 3	 -39.0276	  179.1755
14.153	 3.15	 3	 -42.0120	  179.9385
14.155	 2.11	 3	 -41.1695	  176.7798
14.155	 2.02	 5	 -40.3619	  180.8790
14.156	 2.04	 4	 -41.2565	  176.6060
14.156	 2.35	 1	 -41.7005	  174.3329
14.158	 2.59	 3	 -41.9178	  177.4431
14.159	 4.66	 4	 -34.0719	  182.5683
14.159	 2.17	 2	 -42.7852	  172.3747
14.159	 2.13	 2	 -38.5729	  175.9042
14.160	 4.97	 2	 -41.6619	  174.2064
14.160	 2.21	 3	 -42.2779	  173.7660
14.161	 2.43	 2	 -43.0275	  173.5825
14.161	 2.31	 3	 -44.9379	  174.8142
14.163	 2.30	 2	 -42.7383	  172.6345
14.163	 2.23	 3	 -41.6708	  174.2014
14.164	 2.21	 3	 -40.2278	  180.9834
14.164	 2.06	 2	 -41.8160	  174.2565
14.164	 2.13	 3	 -40.9306	  176.7882
14.164	 3.57	 2	 -42.2464	  173.8084
14.165	 2.01	 4	 -40.2264	  178.5313
14.165	 3.23	 2	 -42.2759	  173.9340
14.166	 2.54	 3	 -41.6343	  174.1654
14.166	 2.59	 4	 -41.8142	  178.1416
14.167	 2.32	 3	 -41.9802	  178.5653
14.167	 2.95	 2	 -41.6763	  174.3569
14.167	 2.39	 3	 -42.8271	  177.6753
14.168	 2.17	 2	 -42.4788	  173.8011
14.168	 2.02	 1	 -41.6588	  174.2976
14.168	 2.20	 2	 -42.5029	  173.8156
14.169	 2.27	 3	 -42.3061	  177.7427
14.169	 2.34	 3	 -41.9056	  178.2514
14.169	 2.37	 3	 -41.0709	  178.9208
14.171	 2.18	 3	 -41.8742	  178.5435
14.171	 2.16	 1	 -41.7375	  174.2899
14.171	 2.00	 2	 -41.7417	  175.1343
14.171	 2.79	 3	 -41.8969	  174.0661
14.172	 2.22	 3	 -41.9074	  178.3498
14.172	 2.02	 3	 -42.1469	  178.6311
14.172	 2.13	 4	 -42.1594	  178.5745
14.172	 2.14	 3	 -42.5283	  177.5289
14.173	 2.73	 3	 -42.5520	  179.1024
14.173	 2.24	 1	 -41.8174	  174.2489
14.173	 2.06	 4	 -40.3480	  180.8348
14.174	 2.78	 3	 -43.1316	  178.5038
14.174	 2.26	 1	 -41.7365	  174.2976
14.175	 2.06	 1	 -42.1359	  173.4886
14.175	 2.44	 5	 -42.5219	  173.3392
14.175	 2.68	 3	 -42.7207	  177.9221
14.176	 2.28	 3	 -41.6478	  178.1405
14.176	 2.21	 1	 -42.1800	  173.6734
14.176	 2.77	 3	 -42.2165	  177.3946
14.177	 2.48	 2	 -42.5510	  172.9164
14.177	 3.01	 3	 -41.4771	  177.3425
14.177	 2.42	 3	 -42.1292	  179.5602
14.177	 2.20	 3	 -42.0623	  179.6052
14.177	 2.63	 1	 -42.6963	  173.2608
14.178	 2.08	 5	 -34.0104	  183.7450
14.178	 2.16	 3	 -41.8055	  177.7518
14.179	 2.51	 5	 -34.0703	  182.5685
14.179	 2.59	 3	 -41.8862	  177.7843
14.179	 2.05	 1	 -42.4150	  173.7809
14.180	 2.07	 3	 -41.7856	  179.0377
14.181	 2.05	 3	 -41.6998	  178.1028
14.182	 2.05	 1	 -41.7116	  174.1726
14.182	 2.11	 3	 -41.4834	  179.6961
14.182	 2.16	 3	 -42.4812	  177.7781
14.182	 2.63	 4	 -41.9285	  177.3616
14.183	 2.73	 4	 -42.7497	  183.1291
14.183	 2.45	 3	 -37.4518	  179.1372
14.184	 2.58	 4	 -42.4614	  179.2078
14.185	 2.42	 3	 -39.2951	  176.9139
14.185	 2.13	 4	 -41.9228	  178.7110
14.186	 2.05	 4	 -40.3416	  180.9278
14.187	 2.02	 4	 -41.8595	  178.6169
14.187	 2.02	 1	 -42.4122	  173.3310
14.189	 2.40	 3	 -41.8223	  178.2663
14.189	 2.33	 3	 -40.4586	  177.9041
14.189	 2.45	 3	 -40.6596	  179.3668
14.189	 2.37	 4	 -42.2707	  178.9842
14.190	 2.67	 3	 -41.9179	  179.0618
14.190	 2.15	 4	 -42.1511	  173.7808
14.190	 2.55	 3	 -42.6337	  173.3224
14.191	 2.02	 3	 -41.0277	  175.6905
14.192	 2.73	 3	 -41.7426	  176.4975
14.192	 2.15	 3	 -42.5848	  180.2711
14.192	 2.96	 4	 -41.8592	  178.5735
14.192	 2.04	 3	 -43.1912	  178.1477
14.193	 2.11	 1	 -41.6068	  174.3642
14.194	 2.33	 1	 -41.7554	  174.2694
14.194	 2.58	 1	 -42.5223	  173.3912
14.194	 2.18	 3	 -46.1745	  176.4294
14.195	 2.01	 1	 -42.8156	  172.6201
14.197	 2.39	 5	 -42.7399	  183.1125
14.197	 2.13	 2	 -42.1147	  173.8628
14.197	 2.59	 3	 -46.2488	  176.7591
14.199	 2.00	 3	 -40.6062	  178.4214
14.200	 2.45	 3	 -41.6724	  174.1948
14.201	 2.35	 5	 -34.0912	  182.5539
14.202	 2.80	 3	 -41.7833	  174.2379
14.203	 2.09	 3	 -40.5520	  177.8028
14.203	 2.04	 3	 -40.4425	  179.1489
14.203	 3.00	 3	 -43.1117	  180.0453
14.204	 2.17	 1	 -41.7615	  174.2171
14.204	 2.59	 3	 -41.3425	  178.0838
14.205	 2.12	 2	 -43.3803	  173.3358
14.206	 2.00	 3	 -38.9469	  179.6256
14.207	 2.21	 3	 -41.7312	  174.3041
14.208	 2.13	 4	 -41.7928	  173.9687
14.209	 2.52	 4	 -41.2346	  184.3250
14.209	 2.80	 3	 -41.2552	  177.4267
14.210	 2.20	 4	 -42.4946	  173.3162
14.210	 2.02	 3	 -40.6491	  179.0520
14.210	 2.21	 3	 -40.4936	  176.8380
14.212	 2.55	 3	 -41.7509	  181.5564
14.212	 2.64	 4	 -42.0094	  178.9392
14.212	 2.28	 2	 -43.1292	  173.3990
14.214	 3.12	 3	 -41.5152	  178.4688
14.214	 2.57	 3	 -38.6452	  174.1877
14.215	 2.08	 2	 -42.7175	  172.9089
14.216	 2.13	 2	 -42.3104	  173.0210
14.217	 2.70	 2	 -43.4125	  174.1596
14.217	 2.45	 5	 -29.6430	  181.6301
14.217	 2.50	 1	 -42.5792	  174.1021
14.217	 2.03	 3	 -42.8823	  180.9229
14.218	 2.47	 3	 -41.6987	  178.8810
14.218	 2.04	 4	 -41.3595	  178.5900
14.218	 2.68	 3	 -39.5850	  173.1710
14.219	 3.09	 5	 -41.8579	  178.6000
14.219	 2.75	 3	 -42.2376	  178.3809
14.219	 2.01	 3	 -42.2572	  178.7874
14.220	 2.21	 3	 -42.1149	  178.5394
14.221	 2.11	 3	 -43.3973	  172.6414
14.221	 2.32	 3	 -41.8610	  178.6806
14.221	 3.11	 3	 -40.5160	  175.6909
14.221	 3.01	 3	 -40.5440	  178.2499
14.221	 2.03	 3	 -40.6764	  180.2680
14.222	 2.11	 1	 -42.2843	  173.6776
14.222	 2.96	 1	 -42.6690	  172.9100
14.223	 2.20	 3	 -42.2365	  178.7158
14.224	 2.68	 3	 -42.8589	  172.6853
14.224	 2.07	 1	 -42.5742	  174.0121
14.225	 3.53	 1	 -42.6343	  172.7933
14.225	 3.02	 1	 -42.2525	  173.8039
14.226	 3.24	 3	 -41.8632	  179.3914
14.227	 2.25	 3	 -42.1019	  178.3541
14.227	 2.19	 3	 -41.9377	  178.9971
14.228	 2.39	 1	 -41.6471	  174.2507
14.228	 2.49	 1	 -42.5231	  172.9719
14.228	 2.19	 2	 -42.0613	  173.6082
14.228	 2.12	 4	 -42.0680	  178.0736
14.230	 2.38	 3	 -41.6490	  177.5320
14.230	 3.11	 2	 -41.9003	  178.3762
14.230	 2.01	 3	 -42.8762	  181.1120
14.231	 2.20	 3	 -42.6655	  179.4834
14.231	 2.64	 1	 -41.8514	  173.9587
14.231	 2.40	 3	 -37.8309	  180.8873
14.233	 2.22	 3	 -42.2436	  178.5582
14.233	 2.57	 2	 -42.0457	  173.6291
14.233	 3.00	 3	 -44.3334	  173.2541
14.234	 2.01	 2	 -42.4553	  173.1810
14.234	 2.61	 3	 -42.4758	  177.2596
14.234	 2.18	 3	 -41.7399	  172.3053
14.234	 2.00	 4	 -42.1158	  178.7284
14.234	 2.71	 3	 -41.3091	  180.8330
14.234	 2.15	 2	 -41.9796	  174.1309
14.235	 2.18	 4	 -42.6588	  172.5515
14.235	 3.45	 3	 -41.0164	  179.5719
14.235	 2.18	 3	 -41.7436	  176.3386
14.235	 2.28	 3	 -41.6289	  174.1747
14.235	 2.22	 3	 -42.4680	  178.6710
14.235	 2.90	 3	 -38.6227	  174.2197
14.236	 2.78	 1	 -42.6702	  173.0536
14.236	 2.24	 4	 -41.1015	  180.1353
14.236	 2.20	 3	 -40.8104	  178.6308
14.237	 2.19	 5	 -34.1221	  182.5696
14.238	 2.90	 3	 -41.4258	  179.4430
14.238	 2.62	 3	 -41.3635	  178.5399
14.239	 2.02	 3	 -45.8428	  181.2714
14.239	 3.17	 1	 -41.9055	  173.8641
14.239	 2.38	 3	 -42.8939	  177.7819
14.240	 2.86	 3	 -42.7542	  173.3132
14.241	 2.78	 3	 -42.5195	  172.3569
14.241	 2.67	 3	 -39.0816	  183.0410
14.241	 2.16	 1	 -42.1453	  173.6352
14.242	 2.52	 4	 -41.8300	  178.5609
14.242	 2.34	 3	 -41.3182	  178.6398
14.242	 2.03	 3	 -42.0017	  178.5942
14.243	 2.15	 3	 -42.2176	  177.8390
14.243	 4.73	 3	 -41.2181	  183.4298
14.244	 2.04	 4	 -42.1823	  178.6711
14.244	 3.93	 3	 -41.5332	  177.5999
14.245	 2.23	 1	 -41.7250	  174.2843
14.245	 2.11	 3	 -42.7353	  175.8510
14.245	 2.31	 3	 -40.3985	  177.9454
14.247	 2.16	 3	 -42.7058	  184.2899
14.248	 2.01	 2	 -42.1620	  173.5086
14.248	 3.31	 3	 -41.6508	  179.1906
14.248	 2.82	 1	 -42.6542	  173.1646
14.248	 2.85	 3	 -41.9501	  180.3891
14.249	 3.40	 3	 -43.0874	  179.5562
14.249	 2.32	 2	 -42.5987	  173.0745
14.250	 2.31	 3	 -42.3595	  178.5340
14.250	 2.60	 3	 -39.2548	  173.4664
14.251	 2.04	 3	 -40.5146	  178.2006
14.252	 2.04	 2	 -42.8012	  173.0116
14.252	 2.19	 1	 -43.7679	  167.3033
14.253	 2.78	 4	 -41.8891	  178.6071
14.255	 2.97	 2	 -42.7314	  172.9300
14.256	 2.31	 3	 -42.0590	  179.0534
14.256	 2.13	 3	 -42.1435	  174.5871
14.256	 2.08	 3	 -41.5485	  178.6978
14.257	 3.19	 2	 -42.4583	  173.0915
14.257	 2.50	 3	 -42.5801	  177.2370
14.257	 2.39	 1	 -42.6929	  172.7950
14.257	 2.74	 3	 -41.4013	  177.5674
14.258	 2.03	 3	 -41.6650	  178.1390
14.259	 2.25	 5	 -34.1011	  182.5505
14.260	 2.96	 1	 -42.4021	  173.6371
14.260	 2.14	 2	 -42.7251	  172.9529
14.261	 2.30	 2	 -41.8200	  174.1862
14.261	 2.07	 4	 -42.5243	  179.1764
14.262	 2.10	 3	 -41.1011	  177.9345
14.262	 2.07	 1	 -42.7505	  172.8336
14.264	 2.09	 3	 -42.3327	  178.4309
14.265	 2.65	 3	 -41.4557	  178.2449
14.265	 2.49	 1	 -42.6680	  172.7974
14.266	 2.06	 3	 -41.7052	  178.3119
14.266	 2.46	 1	 -42.1583	  173.6037
14.266	 2.44	 3	 -41.5685	  177.7254
14.268	 2.50	 4	 -42.7205	  177.9252
14.269	 2.09	 3	 -43.2457	  178.0582
14.270	 2.45	 1	 -42.6959	  172.9894
14.271	 2.03	 3	 -41.5686	  179.1235
14.271	 2.10	 4	 -40.2187	  178.5617
14.271	 2.06	 2	 -41.9507	  178.5253
14.272	 2.65	 4	 -41.2197	  183.4619
14.272	 2.21	 3	 -42.9898	  178.4574
14.272	 2.20	 3	 -41.6177	  178.2307
14.273	 2.42	 3	 -41.9219	  177.8071
14.273	 2.39	 1	 -42.4617	  173.0886
14.273	 2.24	 4	 -41.6984	  178.8823
14.274	 2.12	 2	 -43.1890	  174.3496
14.275	 2.00	 1	 -41.7096	  174.2442
14.276	 2.82	 1	 -42.1546	  173.6793
14.276	 2.86	 3	 -41.6762	  178.9256
14.277	 2.23	 3	 -41.8012	  181.5620
14.278	 2.10	 1	 -42.3461	  173.7002
14.279	 2.38	 3	 -42.4712	  179.4408
14.280	 2.05	 3	 -42.2436	  179.0300
14.280	 2.03	 2	 -42.5409	  175.8478
14.281	 2.20	 3	 -41.6243	  174.1468
14.282	 2.02	 3	 -43.3762	  180.8111
14.282	 2.06	 3	 -42.1529	  173.5430
14.283	 2.08	 3	 -42.8170	  173.1536
14.283	 2.68	 2	 -43.1085	  173.2232
14.283	 2.44	 3	 -41.6552	  174.0267
14.284	 2.73	 3	 -41.1994	  182.3185
14.285	 2.56	 3	 -41.1842	  175.7303
14.286	 2.19	 3	 -42.3072	  177.9731
14.286	 2.75	 2	 -41.8077	  174.3136
14.287	 2.02	 3	 -42.1180	  177.6078
14.287	 2.19	 3	 -41.2415	  175.3629
14.287	 2.43	 4	 -43.5612	  180.1552
14.288	 2.04	 3	 -38.8153	  182.7275
14.289	 2.53	 3	 -42.0636	  177.6696
14.290	 2.02	 3	 -41.6210	  179.2679
14.291	 2.22	 3	 -42.9003	  172.5795
14.292	 2.42	 1	 -41.8226	  174.1774
14.292	 2.06	 3	 -41.3552	  178.1469
14.293	 2.97	 3	 -41.5905	  179.5783
14.293	 2.14	 3	 -40.0884	  177.1954
14.294	 2.30	 1	 -41.8611	  173.8351
14.294	 2.39	 3	 -42.4313	  180.7769
14.295	 3.62	 4	 -42.1939	  178.7402
14.295	 2.16	 3	 -42.2926	  173.7189
14.297	 2.66	 3	 -39.1941	  176.9283
14.297	 2.61	 3	 -41.3288	  174.2448
14.298	 2.18	 4	 -42.2734	  173.4875
14.298	 2.77	 1	 -41.7095	  174.2328
14.299	 2.38	 3	 -41.9483	  178.3612
14.300	 2.09	 3	 -42.4622	  176.7190
14.301	 4.06	 3	 -42.4495	  179.8410
14.301	 2.12	 3	 -41.4118	  180.6539
14.301	 2.17	 2	 -41.7015	  174.3145
14.302	 2.90	 3	 -41.8726	  175.4939
14.303	 2.09	 3	 -37.4881	  177.2424
14.303	 2.24	 3	 -39.8416	  177.5808
14.304	 2.26	 2	 -42.2510	  173.6848
14.304	 2.03	 6	 -42.5264	  173.3162
14.304	 3.57	 4	 -41.2332	  183.4129
14.304	 2.23	 3	 -43.3246	  180.4028
14.304	 3.40	 1	 -42.5023	  173.5375
14.305	 2.21	 3	 -42.3684	  173.2282
14.306	 3.11	 2	 -42.6621	  172.9090
14.306	 2.02	 1	 -41.9652	  174.0411
14.307	 2.26	 2	 -42.4011	  173.5910
14.308	 2.30	 4	 -40.3518	  180.8746
14.308	 2.23	 4	 -41.1732	  183.3536
14.308	 2.11	 3	 -41.9802	  178.3662
14.309	 2.35	 3	 -41.7352	  174.2670
14.309	 2.29	 2	 -41.6583	  178.5257
14.309	 2.29	 4	 -42.1636	  184.3734
14.310	 2.39	 1	 -45.2522	  178.0555
14.311	 2.36	 3	 -42.0446	  177.8912
14.311	 2.38	 1	 -42.2823	  173.9823
14.311	 2.24	 1	 -42.3234	  173.4760
14.311	 2.44	 3	 -41.4352	  175.5237
14.314	 2.04	 3	 -41.6401	  174.2299
14.314	 2.77	 3	 -42.4752	  179.0510
14.314	 2.19	 1	 -42.4433	  173.0413
14.315	 2.15	 2	 -42.7064	  172.9326
14.316	 2.03	 1	 -42.3226	  173.7433
14.316	 2.28	 3	 -42.8730	  178.2548
14.317	 2.26	 4	 -44.4362	  181.7995
14.317	 2.67	 2	 -42.7623	  172.9465
14.317	 2.70	 4	 -42.4547	  179.1442
14.317	 2.06	 3	 -42.1324	  173.6504
14.318	 2.22	 3	 -40.6569	  177.7355
14.318	 3.13	 1	 -42.1117	  173.9017
14.319	 2.44	 3	 -42.0041	  178.4755
14.319	 2.34	 2	 -42.3334	  173.1485
14.320	 2.47	 3	 -41.8123	  174.0346
14.321	 2.67	 2	 -42.7364	  173.4112
14.321	 2.02	 3	 -42.3742	  173.8985
14.321	 2.06	 3	 -42.1435	  178.4556
14.323	 3.01	 2	 -42.3350	  173.0865
14.323	 2.09	 3	 -42.1392	  178.2321
14.323	 3.42	 4	 -41.3709	  177.3022
14.323	 2.07	 3	 -44.6914	  173.5962
14.324	 2.23	 2	 -42.7384	  173.3562
14.324	 2.61	 6	 -42.1029	  178.0057
14.324	 2.35	 3	 -41.6761	  178.8724
14.325	 2.20	 2	 -42.0025	  173.2349
14.325	 2.30	 4	 -41.8549	  178.6018
14.328	 2.33	 3	 -41.6160	  179.9287
14.328	 2.52	 4	 -41.9876	  178.5899
14.328	 2.57	 3	 -41.7479	  174.1345
14.329	 2.49	 3	 -41.9529	  179.4622
14.332	 2.16	 3	 -44.2733	  177.9989
14.332	 2.59	 3	 -41.4988	  180.0397
14.333	 2.29	 3	 -39.9248	  179.0532
14.333	 2.12	 3	 -45.6001	  180.7817
14.337	 2.53	 1	 -42.0636	  173.4964
14.338	 2.15	 3	 -42.6200	  172.3770
14.338	 2.07	 3	 -42.5610	  173.9140
14.339	 2.50	 3	 -40.7646	  180.4886
14.339	 2.26	 3	 -41.7549	  180.1488
14.339	 2.12	 3	 -42.1553	  176.9666
14.339	 2.25	 3	 -42.0108	  179.0734
14.342	 2.09	 1	 -41.7350	  174.2285
14.342	 2.18	 3	 -42.3637	  173.6377
14.344	 2.01	 3	 -41.6194	  184.3728
14.346	 2.63	 3	 -40.9929	  177.3031
14.346	 2.55	 2	 -42.5290	  173.8142
14.347	 2.16	 3	 -42.4425	  173.1130
14.350	 2.82	 2	 -41.4615	  174.8092
14.350	 2.15	 3	 -41.4363	  179.1233
14.350	 2.11	 2	 -42.0777	  173.9324
14.350	 2.07	 3	 -42.3884	  184.3511
14.352	 2.02	 3	 -40.2821	  172.7106
14.354	 2.03	 3	 -41.6574	  174.1815
14.354	 2.06	 1	 -41.8168	  174.2679
14.355	 2.17	 1	 -42.2777	  173.6703
14.355	 2.95	 2	 -46.5760	  169.8594
14.356	 2.08	 2	 -41.9088	  173.8632
14.358	 2.51	 3	 -41.8805	  178.2924
14.358	 2.13	 3	 -40.4084	  178.6256
14.359	 2.40	 3	 -42.1326	  178.0894
14.359	 2.06	 3	 -42.0580	  178.0305
14.359	 2.39	 3	 -42.1611	  173.7254
14.360	 2.27	 2	 -42.2886	  173.8487
14.360	 3.74	 1	 -41.6878	  174.2689
14.361	 2.46	 2	 -42.4038	  172.4133
14.361	 2.29	 2	 -42.3426	  173.7549
14.362	 2.18	 2	 -42.2788	  174.5240
14.364	 3.12	 3	 -42.2386	  178.3737
14.364	 2.37	 3	 -42.3420	  178.3560
14.365	 2.20	 1	 -41.7785	  174.1452
14.365	 2.72	 3	 -42.0768	  177.2205
14.365	 2.04	 3	 -42.0443	  178.4229
14.365	 3.49	 3	 -42.5983	  184.3141
14.366	 2.44	 3	 -41.8307	  178.6884
14.366	 3.01	 2	 -42.2540	  173.7884
14.366	 2.52	 6	 -42.2411	  178.1243
14.366	 2.12	 3	 -37.4173	  178.0737
14.366	 2.35	 3	 -41.4644	  178.3388
14.367	 2.23	 2	 -42.0689	  173.5212
14.368	 2.41	 3	 -38.3873	  182.0994
14.368	 2.94	 1	 -42.6333	  173.0677
14.369	 2.11	 2	 -42.6930	  172.5631
14.369	 3.00	 1	 -42.6299	  172.9411
14.369	 2.55	 3	 -42.6356	  179.3217
14.369	 2.98	 3	 -43.0013	  179.2585
14.370	 3.05	 3	 -39.8912	  173.8461
14.370	 2.09	 1	 -42.5751	  173.2428
14.372	 2.20	 1	 -42.3927	  172.9600
14.372	 2.07	 3	 -42.8977	  179.0645
14.372	 2.84	 3	 -43.0785	  175.3995
14.373	 2.53	 1	 -42.4435	  173.7847
14.373	 2.25	 4	 -42.5059	  177.5678
14.374	 3.97	 3	 -40.9327	  177.3702
14.375	 2.99	 1	 -42.2213	  173.1468
14.376	 2.07	 1	 -42.3405	  173.9320
14.376	 2.72	 1	 -42.6448	  173.3403
14.379	 3.42	 3	 -39.7758	  183.6619
14.379	 2.38	 3	 -42.5875	  178.5021
14.380	 2.29	 1	 -42.1259	  173.8199
14.380	 2.07	 3	 -42.1130	  178.2129
14.381	 2.42	 3	 -42.3859	  177.9050
14.382	 2.40	 3	 -42.9431	  172.4629
14.383	 3.40	 3	 -42.3301	  178.4696
14.384	 2.11	 2	 -42.5259	  173.5056
14.385	 3.20	 1	 -41.6974	  173.5339
14.385	 2.42	 3	 -41.9661	  178.2446
14.385	 2.59	 1	 -42.7583	  173.2517
14.385	 2.36	 2	 -42.3333	  173.7502
14.386	 2.07	 1	 -42.8058	  172.8599
14.387	 2.10	 1	 -42.6411	  173.2377
14.387	 2.24	 3	 -42.0814	  178.1103
14.387	 2.28	 1	 -41.8593	  174.1666
14.387	 2.31	 3	 -41.8472	  177.9034
14.388	 2.29	 3	 -41.5654	  174.1230
14.389	 3.02	 3	 -41.7486	  174.2465
14.389	 2.48	 3	 -41.4158	  176.2263
14.390	 2.77	 5	 -41.3599	  177.2994
14.390	 2.15	 3	 -46.3386	  179.3861
14.392	 2.03	 1	 -42.5227	  173.0325
14.393	 2.05	 3	 -41.8556	  179.4776
14.393	 2.39	 4	 -41.2176	  183.4358
14.393	 2.13	 3	 -43.3248	  175.7434
14.394	 3.00	 3	 -41.5430	  180.7033
14.395	 2.88	 3	 -42.3668	  177.9692
14.396	 2.65	 4	 -40.9278	  177.3704
14.397	 2.24	 3	 -41.0987	  178.9436
14.397	 2.21	 3	 -37.6004	  180.0702
14.397	 2.74	 3	 -41.7715	  178.3866
14.397	 2.36	 3	 -41.7793	  176.8479
14.399	 2.45	 2	 -42.2478	  173.8260
14.400	 2.11	 3	 -42.5662	  173.8831
14.402	 2.30	 3	 -41.0966	  179.1930
14.403	 2.11	 3	 -42.5287	  173.7845
14.404	 2.23	 2	 -42.3194	  173.8639
14.405	 2.25	 3	 -41.6525	  178.7369
14.406	 2.09	 1	 -41.8746	  174.1497
14.407	 2.13	 4	 -40.3460	  180.8955
14.408	 2.43	 3	 -42.0037	  178.4891
14.408	 2.60	 1	 -42.4081	  173.4421
14.409	 2.48	 1	 -41.7623	  174.2516
14.409	 2.17	 3	 -42.5422	  178.8573
14.410	 2.05	 3	 -42.2394	  177.1383
14.412	 2.00	 1	 -41.9812	  173.6844
14.412	 2.64	 3	 -43.6292	  178.5584
14.413	 2.89	 4	 -41.8546	  178.0764
14.415	 2.35	 5	 -42.5244	  173.2719
14.415	 2.10	 3	 -41.2246	  184.3149
14.417	 2.89	 3	 -42.9096	  173.3385
14.417	 2.00	 1	 -42.3682	  173.8585
14.418	 2.01	 2	 -42.1152	  172.9305
14.419	 2.22	 3	 -37.4435	  177.6395
14.419	 2.11	 5	 -42.9128	  173.2819
14.420	 2.79	 1	 -42.4758	  173.1685
14.422	 2.10	 3	 -41.8992	  178.4790
14.422	 2.25	 3	 -40.2829	  183.9763
14.423	 2.20	 3	 -41.2745	  178.8789
14.423	 2.21	 1	 -42.1796	  173.1242
14.423	 2.62	 4	 -44.2321	  180.7542
14.424	 2.01	 1	 -42.3392	  174.1295
14.428	 2.02	 2	 -42.4632	  173.6488
14.428	 2.04	 4	 -43.5563	  180.2078
14.429	 2.89	 1	 -42.5416	  173.1360
14.429	 2.56	 3	 -41.8692	  178.1599
14.430	 2.28	 1	 -42.1280	  173.7069
14.430	 2.11	 4	 -41.6948	  179.0033
14.430	 2.81	 5	 -43.5509	  180.1563
14.431	 2.04	 1	 -42.0164	  173.6835
14.431	 2.17	 3	 -40.7267	  180.7195
14.432	 2.07	 5	 -33.9918	  182.5312
14.432	 2.57	 3	 -41.7551	  174.4244
14.433	 2.07	 3	 -45.1445	  175.9361
14.433	 2.48	 3	 -45.9695	  175.7460
14.434	 2.20	 3	 -41.6663	  174.1288
14.435	 3.67	 2	 -41.1330	  178.0859
14.435	 2.99	 1	 -42.6442	  172.9386
14.437	 2.10	 1	 -42.9870	  171.6402
14.438	 3.34	 3	 -41.2393	  172.3685
14.438	 2.14	 4	 -41.8485	  178.5984
14.439	 2.63	 1	 -42.6444	  172.8578
14.440	 4.58	 3	 -37.9296	  181.1555
14.440	 2.47	 4	 -37.9273	  181.1817
14.441	 2.40	 3	 -42.4503	  173.1483
14.441	 2.05	 3	 -42.8276	  172.9658
14.442	 2.03	 3	 -43.3243	  178.5493
14.444	 3.12	 6	 -42.2767	  173.9853
14.444	 2.64	 3	 -40.1496	  179.6219
14.445	 3.28	 1	 -38.9884	  169.2723
14.445	 2.58	 3	 -39.5145	  176.0689
14.445	 2.74	 3	 -42.1636	  181.7877
14.445	 2.14	 3	 -43.0237	  178.0386
14.446	 2.27	 1	 -42.6829	  172.8568
14.446	 3.02	 3	 -42.5122	  179.3237
14.447	 2.09	 3	 -40.2856	  179.7002
14.448	 2.37	 3	 -45.8137	  181.3408
14.448	 2.60	 1	 -41.7223	  174.2388
14.448	 2.76	 3	 -42.2197	  179.8420
14.449	 2.03	 3	 -41.6483	  174.1945
14.449	 2.62	 3	 -40.3774	  180.6475
14.449	 2.22	 3	 -41.4763	  178.5337
14.449	 2.21	 3	 -41.8923	  178.5138
14.449	 2.11	 3	 -41.8594	  178.5333
14.451	 2.04	 4	 -37.9296	  181.1540
14.452	 2.37	 3	 -41.9553	  176.8100
14.452	 2.10	 1	 -41.8081	  173.7468
14.453	 2.24	 2	 -42.0677	  172.7551
14.454	 2.50	 3	 -42.1553	  178.7011
14.454	 2.03	 4	 -41.8661	  178.6143
14.455	 2.51	 1	 -42.4505	  173.4318
14.456	 2.54	 2	 -41.8940	  173.9686
14.459	 3.67	 4	 -42.7677	  173.3856
14.460	 2.59	 1	 -42.0222	  173.6465
14.461	 2.32	 2	 -42.3992	  174.9550
14.462	 2.03	 3	 -43.2268	  173.6294
14.463	 2.29	 1	 -42.2034	  172.8622
14.464	 2.06	 3	 -41.7701	  177.6809
14.464	 2.51	 3	 -41.7152	  178.9684
14.464	 2.14	 3	 -42.5770	  177.9887
14.464	 2.53	 3	 -41.3402	  184.3368
14.465	 2.50	 3	 -41.6669	  178.1499
14.466	 2.82	 2	 -41.7740	  174.2390
14.466	 2.91	 4	 -42.2582	  178.4424
14.467	 2.53	 1	 -42.3134	  173.1456
14.468	 2.02	 3	 -41.6824	  178.5527
14.468	 2.43	 3	 -40.7799	  178.1333
14.469	 2.50	 3	 -41.4224	  179.4395
14.470	 2.00	 3	 -40.7684	  183.2665
14.470	 2.58	 2	 -42.5337	  173.0232
14.471	 2.22	 3	 -40.7811	  173.6785
14.472	 2.01	 4	 -37.9273	  181.1594
14.472	 2.09	 1	 -42.3626	  173.1093
14.472	 2.35	 3	 -42.0973	  177.1781
14.473	 2.09	 1	 -41.7435	  174.2296
14.474	 2.77	 2	 -42.9118	  173.3874
14.475	 2.01	 3	 -45.9460	  177.8949
14.475	 2.77	 1	 -41.9265	  173.7141
14.476	 2.03	 1	 -41.8538	  174.0938
14.477	 2.84	 3	 -44.8565	  173.8459
14.478	 2.00	 1	 -42.4589	  173.7522
14.478	 2.33	 3	 -45.4726	  178.2297
14.479	 2.12	 3	 -44.6012	  183.1833
14.480	 2.11	 4	 -41.9109	  183.5233
14.480	 2.08	 3	 -41.0623	  179.5997
14.481	 2.04	 3	 -41.1223	  179.7980
14.482	 2.10	 3	 -39.3002	  180.2156
14.482	 2.33	 3	 -37.5710	  176.7549
14.483	 2.45	 3	 -42.0089	  176.9926
14.483	 2.05	 3	 -41.4455	  178.0066
14.483	 2.21	 3	 -42.5720	  173.0168
14.483	 2.23	 3	 -42.3639	  179.0449
14.484	 2.00	 3	 -40.4662	  182.1735
14.485	 2.45	 3	 -38.4449	  177.8695
14.486	 2.25	 1	 -42.3367	  173.8294
14.487	 3.53	 3	 -41.7401	  174.1497
14.488	 3.60	 3	 -41.8804	  180.3121
14.489	 2.10	 2	 -41.8543	  174.0944
14.489	 2.67	 3	 -41.5118	  177.2408
14.491	 2.81	 3	 -41.8966	  178.2566
14.491	 2.32	 3	 -41.2687	  180.7643
14.491	 2.89	 2	 -42.8256	  173.0618
14.492	 2.25	 2	 -42.9481	  174.2988
14.493	 2.22	 3	 -42.1036	  177.9205
14.494	 2.09	 3	 -41.9454	  178.3513
14.494	 2.56	 3	 -40.7812	  182.1165
14.494	 2.81	 4	 -43.0017	  179.2594
14.495	 2.42	 3	 -42.7982	  176.6337
14.496	 3.16	 3	 -42.1665	  177.7252
14.499	 2.18	 4	 -41.7516	  174.2453
14.499	 2.13	 3	 -38.9556	  182.8989
