lon,lat,mag,time_string,depth,catalog_id,event_id
173.4568787,-42.37542343,3.804077872,2016-11-27T22:58:21.282000,6.161975384,,2016p897181
172.9374542,-42.95433426,3.674291083,2016-11-27T22:36:18.006000,7.009507656,,2016p897140
174.2047119,-41.60783005,3.52015962,2016-11-27T21:39:29.543000,19.63157082,,2016p897033
173.7698975,-42.03598022,3.140435218,2016-11-27T21:22:10.083000,5.0,,2016p897001
173.547699,-42.21460342,3.001941645,2016-11-27T19:58:38.310000,5.0,,2016p896844
173.8645325,-42.24825287,3.050279864,2016-11-27T18:55:10.483000,5.0,,2016p896725
173.9060822,-42.31276703,3.09891924,2016-11-27T13:39:50.845000,12.0,,2016p896133
173.3201447,-42.50094223,3.505845248,2016-11-27T13:22:16.859000,5.0,,2016p896100
174.2469177,-41.74086761,3.670881635,2016-11-27T12:49:53.718000,8.489433289,,2016p896039
173.1286011,-42.6142807,3.005021583,2016-11-27T12:16:58.543000,8.369292259,,2016p895977
174.272049,-41.73055267,3.505513668,2016-11-27T11:52:34.842000,7.614441395,,2016p895932
173.7428131,-42.06703949,3.351778532,2016-11-27T10:50:53.631000,12.0,,2016p895816
173.7978363,-42.33172226,3.145131303,2016-11-27T09:51:29.320000,7.104823112,,2016p895704
174.1947632,-41.7455368,3.778894148,2016-11-27T09:06:04.494000,15.81293488,,2016p895619
174.2468262,-41.75279617,3.925542982,2016-11-27T09:05:33.288000,7.497797012,,2016p895618
174.254364,-41.73691177,4.890867208,2016-11-27T08:42:16.339000,9.228540421,,2016p895574
174.5695038,-40.92353821,4.530074339,2016-11-27T08:31:11.372000,26.54634285,,2016p895554
173.0349274,-42.59368896,3.019287165,2016-11-27T08:26:18.592000,5.0,,2016p895544
174.3536987,-41.70188904,3.375195813,2016-11-27T08:21:13.140000,8.352389336,,2016p895535
173.4266663,-42.38023758,3.161698984,2016-11-27T07:56:09.881000,4.558705807,,2016p895489
174.0361023,-41.89844513,3.491282365,2016-11-27T07:53:29.688000,15.38036919,,2016p895483
172.9556122,-42.93753052,3.679080671,2016-11-27T07:27:49.632000,5.67479229,,2016p895435
172.9502411,-42.94380569,3.860874503,2016-11-27T07:25:29.180000,6.019042969,,2016p895430
172.9220276,-42.94849014,3.599340688,2016-11-27T07:20:15.487000,7.003866673,,2016p895420
173.5440979,-42.38908005,3.701770737,2016-11-27T06:46:45.773000,7.555152893,,2016p895358
174.4437714,-41.66649246,3.815084609,2016-11-27T06:31:50.873000,12.0,,2016p895329
173.2904968,-43.0153923,3.154781653,2016-11-27T04:43:42.295000,5.0,,2016p895127
173.7246094,-42.10918045,3.082501816,2016-11-27T02:47:49.230000,5.0,,2016p894909
175.2582855,-40.44483948,3.881904187,2016-11-27T02:42:49.859000,5.0,,2016p894900
173.2984009,-42.98994064,3.022915176,2016-11-27T02:26:17.192000,5.0,,2016p894869
176.7752228,-40.58303833,3.171129569,2016-11-27T01:21:37.500000,16.75403595,,2016p894747
173.0875092,-42.59181976,3.405171931,2016-11-27T00:16:53.812000,5.0,,2016p894626
172.4191895,-42.98070908,3.429575409,2016-11-26T23:41:37.067000,5.0,,2016p894560
174.30867,-41.70044708,3.02897613,2016-11-26T23:32:12.438000,11.80160141,,2016p894542
173.7739258,-42.29501724,3.251752896,2016-11-26T23:22:00.601000,8.767251015,,2016p894523
173.7742615,-42.2081337,3.62034733,2016-11-26T22:50:38.433000,5.0,,2016p894464
173.8244324,-42.01338196,3.196898593,2016-11-26T22:47:39.032000,24.51093674,,2016p894458
174.1971436,-41.78076935,3.0599134,2016-11-26T21:24:36.478000,12.85231876,,2016p894302
174.2371979,-41.77415466,4.177563065,2016-11-26T20:33:28.681000,11.96108341,,2016p894206
173.7679901,-42.29090118,3.288047823,2016-11-26T20:10:17.555000,11.80578804,,2016p894163
173.7585754,-42.04361725,3.212795658,2016-11-26T19:37:32.966000,5.0,,2016p894101
172.9584045,-42.95882034,3.05383041,2016-11-26T19:14:55.512000,5.369381905,,2016p894059
173.7412262,-42.07262802,3.273977179,2016-11-26T19:12:01.511000,5.0,,2016p894054
174.1682587,-41.68457031,3.69591693,2016-11-26T18:08:51.391000,9.139285088,,2016p893935
172.7317352,-43.51850891,3.025337231,2016-11-26T17:39:54.385000,3.339511156,,2016p893881
172.9244995,-42.9501915,3.270777936,2016-11-26T17:12:34.173000,6.454620838,,2016p893829
176.6326904,-40.62740326,3.124675863,2016-11-26T16:48:26.222000,14.11206436,,2016p893784
175.3891868,-40.25830462,3.005073732,2016-11-26T15:44:11.028000,20.9375,,2016p893663
173.5304413,-42.18950272,3.756856507,2016-11-26T15:43:29.432000,5.0,,2016p893662
173.6054077,-42.23485184,3.568815405,2016-11-26T15:14:23.526000,5.0,,2016p893608
173.247467,-42.53860092,3.008206192,2016-11-26T14:23:53.364000,5.0,,2016p893513
173.3551331,-42.50064468,3.350110839,2016-11-26T13:45:41.262000,5.0,,2016p893441
173.4387054,-42.4413414,3.269457465,2016-11-26T13:03:57.406000,4.834822655,,2016p893363
172.882019,-42.66155243,3.225861093,2016-11-26T12:56:05.260000,5.0,,2016p893348
174.3013306,-41.71019363,3.88313078,2016-11-26T12:26:37.137000,13.68858528,,2016p893292
173.7411194,-42.30532074,3.036887524,2016-11-26T11:56:34.850000,9.484355927,,2016p893236
173.6489563,-42.21192932,3.027094642,2016-11-26T11:30:06.039000,5.0,,2016p893187
174.9815979,-40.41495132,3.211955934,2016-11-26T11:18:00.928000,28.08832169,,2016p893164
174.9688721,-40.39764023,3.204160277,2016-11-26T11:17:15.028000,29.43013573,,2016p893162
174.2161407,-41.81160355,3.648689456,2016-11-26T11:08:58.145000,4.752194881,,2016p893147
174.22052,-41.68587112,3.023022483,2016-11-26T11:05:41.236000,10.46565819,,2016p893141
176.7587585,-40.54241562,3.00135193,2016-11-26T09:22:08.971000,16.69641876,,2016p892946
174.3506317,-41.73967743,3.577623888,2016-11-26T09:21:03.543000,10.2051897,,2016p892944
173.6704407,-42.33424377,3.002436493,2016-11-26T07:55:22.547000,4.77694416,,2016p892784
177.4870453,-38.71912384,4.917122044,2016-11-26T07:21:43.031000,11.70484924,,2016p892721
174.3368073,-41.67246246,3.223759266,2016-11-26T07:21:25.244000,13.14503765,,2016p892720
173.5623779,-41.84635544,3.090604561,2016-11-26T05:25:34.710000,5.0,,2016p892502
174.2431641,-41.74956131,3.681653709,2016-11-26T04:38:27.391000,8.184418678,,2016p892414
172.8631897,-41.45871353,3.173056291,2016-11-26T04:05:16.455000,92.81185913,,2016p892352
173.2339783,-42.55442429,3.269675137,2016-11-26T02:34:46.391000,5.0,,2016p892182
173.5366211,-42.19573975,3.654504319,2016-11-26T02:19:43.638000,5.0,,2016p892154
173.2584229,-42.53863525,3.393939623,2016-11-26T02:19:23.463000,5.0,,2016p892153
173.635025,-42.14056396,3.395036281,2016-11-26T02:14:30.917000,5.0,,2016p892144
173.8127899,-41.97874451,3.368378163,2016-11-26T02:13:32.081000,10.01098633,,2016p892142
177.8723907,-37.99996185,3.559939195,2016-11-26T01:40:54.403000,25.16144753,,2016p892081
176.6273651,-40.82263184,3.123785654,2016-11-26T01:08:20.907000,22.5784874,,2016p892020
176.7618561,-40.5206871,3.075886562,2016-11-26T00:37:27.860000,17.89036942,,2016p891963
176.7821655,-40.56155396,3.170713272,2016-11-26T00:34:09.971000,19.42620659,,2016p891956
174.2628784,-41.68797302,3.014598426,2016-11-26T00:07:42.436000,9.915138245,,2016p891906
173.7220764,-42.01145172,3.063026306,2016-11-25T23:17:13.120000,5.0,,2016p891811
173.7719421,-42.24274445,3.076327329,2016-11-25T22:59:43.101000,5.0,,2016p891778
174.2975006,-41.70207977,3.227384579,2016-11-25T22:20:11.153000,11.19962311,,2016p891704
174.2313232,-41.8016777,3.272268396,2016-11-25T21:57:26.614000,6.698531628,,2016p891661
174.2823639,-41.71398926,3.574452299,2016-11-25T21:37:22.028000,10.85984135,,2016p891624
174.207077,-41.77403641,3.828962792,2016-11-25T21:26:50.561000,14.88175678,,2016p891604
174.3016052,-41.70380783,3.257938804,2016-11-25T21:13:34.023000,5.601252556,,2016p891579
174.2978821,-41.58285904,3.03835069,2016-11-25T20:49:41.645000,5.0,,2016p891534
173.6758881,-42.21730423,3.06292105,2016-11-25T19:01:59.203000,5.0,,2016p891332
174.1342926,-39.00540543,3.026931089,2016-11-25T17:46:31.629000,5.0,,2016p891190
173.7160187,-42.19411469,3.189751224,2016-11-25T16:31:43.070000,5.0,,2016p891050
174.421402,-41.72173691,3.175794829,2016-11-25T16:26:21.698000,9.686279297,,2016p891040
176.6773529,-40.63184738,3.680454161,2016-11-25T16:21:35.605000,17.82745552,,2016p891031
174.3184814,-41.71537018,3.118615478,2016-11-25T15:35:48.148000,6.152892113,,2016p890945
173.545639,-42.30898285,3.224668843,2016-11-25T15:09:45.279000,5.0,,2016p890896
177.3474104,-38.9441638,3.037649902,2016-11-25T14:22:47.187000,19.0625,,2016p890808
174.482193,-41.47133636,4.653228397,2016-11-25T14:22:02.947000,12.0,,2016p890807
176.8040314,-40.60109711,3.518983251,2016-11-25T14:00:46.970000,16.82772064,,2016p890767
173.6430206,-42.3585701,3.619260669,2016-11-25T13:24:30.841000,8.594596863,,2016p890699
175.5654449,-39.8706131,3.247562057,2016-11-25T13:19:01.379000,5.0,,2016p890688
173.1861115,-42.43412781,4.031361734,2016-11-25T12:36:38.737000,5.0,,2016p890609
176.8043671,-40.82900238,3.819264075,2016-11-25T11:28:42.978000,23.7353363,,2016p890481
173.6891632,-42.34952164,3.271570609,2016-11-25T10:40:09.694000,9.230554581,,2016p890390
173.7277832,-42.06726074,3.032053301,2016-11-25T09:54:56.770000,5.0,,2016p890305
172.4927673,-42.68875885,3.062211359,2016-11-25T09:08:42.029000,5.0,,2016p890218
179.1784973,-37.50072098,3.015682991,2016-11-25T09:06:15.616000,12.0,,2016p890214
176.8817902,-40.85837173,3.122665224,2016-11-25T09:04:41.654000,33.0,,2016p890211
173.8554993,-42.28973389,3.06142267,2016-11-25T09:00:16.149000,12.10486031,,2016p890203
174.7180176,-39.41627884,3.194129671,2016-11-25T07:39:02.549000,20.56299019,,2016p890049
176.7901001,-40.58779144,3.54520772,2016-11-25T07:27:24.314000,20.21714211,,2016p890028
173.4065094,-42.50701523,3.438023562,2016-11-25T07:17:28.938000,5.0,,2016p890010
173.6092529,-42.28101349,3.602591956,2016-11-25T05:00:43.576000,7.20129776,,2016p889753
174.3297577,-41.66979599,3.318119961,2016-11-25T03:04:20.699000,13.452878,,2016p889535
173.4545898,-42.44717407,3.035211717,2016-11-25T02:41:19.584000,4.840795517,,2016p889491
174.2942657,-41.79236984,3.521787413,2016-11-25T02:19:49.094000,10.04000473,,2016p889451
174.292099,-41.78111267,3.141310131,2016-11-25T02:19:13.447000,10.26407719,,2016p889450
173.5874023,-42.15913773,3.171859091,2016-11-25T00:49:21.388000,5.0,,2016p889281
173.7175598,-42.06793213,3.036807126,2016-11-24T23:43:15.461000,5.0,,2016p889157
173.7907257,-42.29733658,3.420718637,2016-11-24T23:40:34.962000,11.20522308,,2016p889152
173.7818146,-42.29982376,3.051726814,2016-11-24T23:38:07.609000,9.902076721,,2016p889148
174.0590973,-41.90856171,3.319908857,2016-11-24T23:36:19.103000,8.401808739,,2016p889144
173.0522614,-41.50925827,3.074441205,2016-11-24T22:21:41.606000,68.46903229,,2016p889005
173.6058655,-42.2037735,3.989716681,2016-11-24T21:03:23.996000,5.0,,2016p888857
173.6584625,-41.9343605,3.15653204,2016-11-24T20:39:38.919000,5.0,,2016p888813
172.6465607,-42.59399414,3.258968345,2016-11-24T20:14:26.074000,5.0,,2016p888765
173.527359,-42.4276886,3.014196971,2016-11-24T19:44:12.490000,5.0,,2016p888709
172.6479797,-42.60333633,3.930088752,2016-11-24T19:30:47.722000,5.0,,2016p888683
172.7711334,-42.66824341,3.374339987,2016-11-24T19:12:51.917000,4.816469669,,2016p888650
173.5254211,-42.1619072,3.033776636,2016-11-24T18:46:49.411000,5.0,,2016p888601
176.1179657,-40.26424026,4.046097823,2016-11-24T18:16:38.249000,32.98833084,,2016p888544
173.5178986,-42.35333633,4.206833087,2016-11-24T15:49:48.583000,8.433743477,,2016p888269
172.9452362,-42.9301796,3.253498947,2016-11-24T15:47:21.440000,7.300034046,,2016p888264
173.2315521,-42.56282806,3.083326368,2016-11-24T15:12:11.569000,5.0,,2016p888198
174.2602386,-41.76825714,3.069563717,2016-11-24T14:57:44.918000,8.740959167,,2016p888171
174.2149811,-41.78802109,3.179934408,2016-11-24T14:45:39.305000,7.813863754,,2016p888148
173.8551788,-42.33050919,3.096557173,2016-11-24T14:24:38.159000,5.0,,2016p888109
173.9060059,-42.35012436,3.007923717,2016-11-24T14:16:51.178000,5.0,,2016p888094
174.2255707,-41.78521347,3.210444053,2016-11-24T14:06:23.167000,7.428519726,,2016p888075
174.377243,-41.80532074,3.151348609,2016-11-24T13:23:25.752000,15.40925789,,2016p887994
178.9660645,-38.34448242,3.365199385,2016-11-24T09:47:07.828000,12.0,,2016p887588
174.2436981,-41.83361435,3.284210004,2016-11-24T09:05:27.737000,9.848298073,,2016p887510
174.3006134,-41.69173431,3.009167898,2016-11-24T08:53:16.197000,9.4897995,,2016p887487
173.7249603,-42.00226212,4.011064311,2016-11-24T08:11:07.557000,5.0,,2016p887408
173.6011047,-42.35343933,3.702138634,2016-11-24T07:45:52.292000,5.089280605,,2016p887360
178.8657074,-37.30735397,3.052588154,2016-11-24T07:32:54.179000,28.01778603,,2016p887336
173.6911316,-42.37730026,3.015765754,2016-11-24T07:06:59.926000,8.015402794,,2016p887287
176.6741486,-40.58734131,3.110142188,2016-11-24T06:19:55.381000,20.75809288,,2016p887199
177.6854706,-38.76394272,3.072450003,2016-11-24T04:59:57.261000,24.37829399,,2016p887049
174.3282166,-41.74142838,3.621608078,2016-11-24T04:43:12.998000,9.360003471,,2016p887018
175.1860352,-40.70825577,3.935748312,2016-11-24T04:02:08.204000,26.57536697,,2016p886940
173.5108032,-42.18417358,3.307322445,2016-11-24T03:18:46.763000,5.0,,2016p886859
174.2180023,-41.69890213,3.261208331,2016-11-24T03:03:59.523000,5.156872749,,2016p886831
173.8496857,-42.26723862,3.318299104,2016-11-24T02:36:39.888000,12.0,,2016p886780
174.1898651,-41.64507294,3.331930262,2016-11-24T02:15:22.695000,12.11999893,,2016p886740
174.055603,-42.54987717,3.182848053,2016-11-24T02:02:28.301000,5.0,,2016p886716
174.9812775,-41.03365707,3.248791557,2016-11-24T01:33:45.511000,34.50414658,,2016p886662
174.3434753,-41.72942352,3.085347466,2016-11-24T01:18:28.974000,8.544184685,,2016p886633
176.1323579,-39.59715057,3.215110722,2016-11-24T00:09:18.093000,6.875,,2016p886503
174.0294189,-41.96645355,4.320128263,2016-11-24T00:08:29.395000,11.68395329,,2016p886502
174.1734619,-41.81624222,3.896277868,2016-11-23T20:35:38.802000,7.459966183,,2016p886102
172.9729156,-42.94226456,3.181402298,2016-11-23T19:57:23.915000,8.136086464,,2016p886030
176.8362732,-40.60335922,3.009033943,2016-11-23T19:26:30.992000,17.621912,,2016p885973
178.2787781,-37.20679855,3.305477489,2016-11-23T18:54:53.498000,29.83159447,,2016p885913
173.7944794,-42.35322952,3.018087254,2016-11-23T18:53:31.710000,7.703608036,,2016p885911
173.2607117,-42.51912689,3.136877547,2016-11-23T18:27:08.669000,5.0,,2016p885861
173.5404968,-42.14465332,3.019952875,2016-11-23T18:07:41.467000,5.0,,2016p885825
173.1902466,-42.50720596,3.114495397,2016-11-23T17:35:50.969000,5.0,,2016p885765
174.2024078,-41.6076622,3.145607544,2016-11-23T17:19:14.183000,20.54502487,,2016p885733
173.0417938,-42.61098862,3.538382375,2016-11-23T15:57:42.025000,5.0,,2016p885581
174.2252655,-41.69108582,3.313027034,2016-11-23T13:32:57.807000,4.803206444,,2016p885309
173.422226,-42.39634705,3.163508689,2016-11-23T10:55:43.958000,5.0,,2016p885014
173.5168915,-42.17362595,4.097731553,2016-11-23T10:46:36.783000,5.0,,2016p884997
173.8282623,-42.01030731,3.220967419,2016-11-23T10:09:41.746000,7.694727421,,2016p884928
174.2528839,-41.71829987,4.417616563,2016-11-23T10:04:12.747000,11.84852695,,2016p884917
173.5116882,-42.15660858,3.337261195,2016-11-23T09:53:42.397000,5.0,,2016p884898
173.7686615,-42.22434235,3.25592497,2016-11-23T08:42:28.026000,12.0,,2016p884764
173.7002716,-42.4040947,3.130085814,2016-11-23T08:38:01.640000,5.380285263,,2016p884755
174.2725067,-41.70095062,3.130338642,2016-11-23T08:21:41.046000,9.714816093,,2016p884725
173.550827,-42.33076477,3.47684272,2016-11-23T07:40:38.741000,4.84348917,,2016p884648
173.7731171,-42.28896332,3.126015375,2016-11-23T07:30:51.721000,8.266724586,,2016p884629
174.3257294,-41.72602463,3.185888206,2016-11-23T07:20:52.237000,9.63774395,,2016p884611
173.6987457,-42.25654602,3.131938902,2016-11-23T07:17:19.691000,9.269965172,,2016p884604
173.8171387,-42.21643448,3.145630036,2016-11-23T06:50:35.711000,5.0,,2016p884554
173.5171051,-42.19714355,3.156410096,2016-11-23T06:40:11.662000,5.0,,2016p884534
173.5296326,-42.21482468,3.085271852,2016-11-23T05:59:41.727000,5.0,,2016p884458
173.4828033,-42.31911087,3.308714928,2016-11-23T05:35:20.675000,5.0,,2016p884413
174.2727814,-41.73160172,3.735800613,2016-11-23T04:49:13.852000,10.77685452,,2016p884326
174.1789703,-41.69611359,3.896980004,2016-11-23T04:10:43.620000,8.527097702,,2016p884254
173.241272,-42.60668945,3.492239011,2016-11-23T04:09:04.271000,5.0,,2016p884251
173.1771088,-42.48579025,3.440039994,2016-11-23T03:53:17.167000,5.0,,2016p884221
174.2684326,-41.70716476,3.564884219,2016-11-23T03:41:22.386000,11.95991707,,2016p884199
173.7027893,-42.00774002,3.646817063,2016-11-23T03:21:42.263000,9.734305382,,2016p884162
173.2659912,-42.58284378,3.380216058,2016-11-23T03:09:37.321000,5.0,,2016p884139
173.6445312,-42.2231636,3.241932526,2016-11-23T02:50:18.004000,9.747653008,,2016p884103
174.6094971,-40.45553207,3.255835629,2016-11-23T02:43:28.247000,59.7133522,,2016p884090
177.2060394,-40.14626694,3.164603978,2016-11-23T01:48:27.933000,24.22676086,,2016p883987
173.7656708,-42.08859634,3.803047006,2016-11-23T01:34:27.152000,5.0,,2016p883961
172.9465027,-42.92871094,3.00286173,2016-11-23T01:12:02.486000,4.777740002,,2016p883918
174.268631,-41.71095276,4.69603937,2016-11-23T01:00:14.765000,11.73171902,,2016p883896
173.1135406,-42.59913254,3.294041307,2016-11-23T00:29:56.100000,5.0,,2016p883839
173.6803131,-42.12819672,3.299988019,2016-11-22T23:42:23.674000,5.0,,2016p883750
172.9052734,-42.92702103,3.816641474,2016-11-22T21:08:32.472000,5.0,,2016p883461
173.6852722,-42.06109238,3.031447563,2016-11-22T20:24:31.525000,5.0,,2016p883379
176.7596436,-40.34250641,4.167670599,2016-11-22T20:03:00.146000,14.59593201,,2016p883338
174.1942291,-41.79834366,3.104094285,2016-11-22T19:50:29.868000,4.882995129,,2016p883315
171.6371973,-43.02510729,3.50318434,2016-11-22T19:39:46.814000,19.0625,,2016p883295
173.7085571,-42.02244568,4.187104515,2016-11-22T19:24:08.068000,12.0,,2016p883266
174.0912933,-41.86535263,3.006838419,2016-11-22T17:23:22.756000,6.67457056,,2016p883039
173.6717224,-42.24563217,3.051094159,2016-11-22T17:10:41.962000,5.0,,2016p883015
171.685379,-42.68712234,3.539719803,2016-11-22T16:57:17.724000,5.0,,2016p882990
171.6880188,-42.66470718,3.440379575,2016-11-22T16:47:17.503000,5.0,,2016p882971
173.536377,-42.42353439,3.105631101,2016-11-22T16:20:28.978000,2.877195358,,2016p882921
174.4464569,-41.5574379,4.372390108,2016-11-22T15:54:12.070000,12.0,,2016p882872
173.6826019,-42.10216522,3.265259461,2016-11-22T15:43:44.565000,5.0,,2016p882852
176.7142029,-40.27655029,3.516406534,2016-11-22T15:35:26.180000,15.2203846,,2016p882836
176.7156525,-40.27535629,3.104536373,2016-11-22T15:10:57.583000,15.3478651,,2016p882790
176.7199249,-40.27448654,3.478506014,2016-11-22T14:40:00.213000,14.01813316,,2016p882732
174.1963654,-41.80303192,3.801640249,2016-11-22T14:04:07.279000,7.598086357,,2016p882664
173.8288422,-42.01945114,3.096129424,2016-11-22T13:14:48.893000,12.25083447,,2016p882572
178.9620514,-37.52993393,3.11847559,2016-11-22T12:47:09.607000,24.97146797,,2016p882520
172.9503937,-42.93756104,3.620148995,2016-11-22T11:15:38.972000,6.132225037,,2016p882349
175.5691376,-39.86284256,3.639032759,2016-11-22T10:59:57.682000,11.59593201,,2016p882319
173.5797424,-42.20991516,3.125207451,2016-11-22T10:58:14.372000,5.0,,2016p882316
172.812851,-42.65476227,3.057016852,2016-11-22T10:48:56.542000,5.0,,2016p882299
172.96521,-42.94399643,4.994489157,2016-11-22T09:49:38.559000,7.8826437,,2016p882187
172.8989563,-42.94668579,4.23459213,2016-11-22T09:46:04.271000,6.385684013,,2016p882181
173.8835449,-42.36077118,3.04082792,2016-11-22T09:45:33.746000,5.0,,2016p882179
173.653183,-42.13353729,3.266344447,2016-11-22T09:43:02.973000,5.0,,2016p882175
172.8061676,-42.67035675,3.236718004,2016-11-22T08:33:27.480000,7.160094261,,2016p882045
172.9454193,-42.93341446,3.23043113,2016-11-22T08:02:18.106000,4.941139698,,2016p881986
172.9528046,-42.94785309,3.109889664,2016-11-22T07:47:56.472000,7.496572971,,2016p881959
172.9559174,-42.92818832,4.297382708,2016-11-22T07:25:00.086000,4.976022243,,2016p881916
172.9564819,-42.91897202,3.939639923,2016-11-22T07:24:06.916000,5.23636961,,2016p881914
172.9385223,-42.92864609,3.479355184,2016-11-22T07:18:58.706000,5.954549789,,2016p881904
173.7676544,-42.08906937,3.675737505,2016-11-22T07:16:33.561000,12.0,,2016p881900
172.9392548,-42.96133041,3.056642659,2016-11-22T07:15:13.769000,5.165833473,,2016p881897
174.6443481,-40.91200256,3.787418358,2016-11-22T07:08:46.130000,27.35644913,,2016p881885
172.9309235,-42.93492889,3.761676162,2016-11-22T06:38:59.686000,5.985906124,,2016p881829
177.4002533,-40.23762512,3.573124261,2016-11-22T06:35:43.176000,33.0,,2016p881823
174.2476349,-41.82188034,3.081563822,2016-11-22T06:14:28.192000,9.720901489,,2016p881783
172.9273376,-42.91556168,3.308899385,2016-11-22T06:05:38.089000,5.0,,2016p881767
172.9505615,-42.94839859,3.664622948,2016-11-22T06:04:21.795000,8.351392746,,2016p881764
172.9194794,-42.93169785,4.64871674,2016-11-22T05:59:55.920000,9.231980324,,2016p881756
172.9390564,-42.92604446,3.911242118,2016-11-22T05:45:52.157000,6.575522423,,2016p881730
172.936264,-42.93306351,4.559829723,2016-11-22T05:44:09.231000,7.285915375,,2016p881727
172.9154205,-42.93259048,4.517094109,2016-11-22T05:31:57.643000,6.299612999,,2016p881704
172.955307,-42.92425537,3.220050323,2016-11-22T05:30:37.738000,7.019121647,,2016p881701
172.954483,-42.93857574,3.621305145,2016-11-22T05:28:27.943000,6.227971554,,2016p881698
172.9328461,-42.93271255,3.617418267,2016-11-22T05:21:07.151000,5.467224598,,2016p881683
172.9574585,-42.93263626,5.806281681,2016-11-22T05:13:34.822000,7.242141724,,2016p881669
172.9608612,-42.93764496,4.756053392,2016-11-22T05:12:11.390000,7.688224316,,2016p881666
173.7779083,-42.26645279,3.201899708,2016-11-22T04:52:06.730000,9.059209824,,2016p881629
173.6902161,-42.00836945,3.020238686,2016-11-22T04:43:31.769000,12.0,,2016p881613
174.2510986,-41.76071548,4.025190183,2016-11-22T04:37:22.307000,9.814066887,,2016p881601
174.2600861,-41.75682449,3.018218894,2016-11-22T04:20:56.528000,12.10190487,,2016p881570
172.9151459,-42.66911697,3.211071631,2016-11-22T03:30:43.689000,6.753746033,,2016p881476
176.7880402,-40.31567764,3.475767623,2016-11-22T02:57:03.867000,17.98684883,,2016p881413
177.2093811,-40.14700699,3.088180911,2016-11-22T02:39:25.600000,21.71975708,,2016p881380
173.7077332,-42.32431412,3.059520763,2016-11-22T02:09:44.251000,4.963340282,,2016p881324
173.6195831,-42.17803955,3.111650166,2016-11-22T00:19:06.001000,7.681853771,,2016p881116
173.339458,-42.5783826,3.346127144,2016-11-22T00:02:56.571000,44.84375,,2016p881086
170.43,-45.36,3.085577681,2016-11-21T23:32:45,0.0,,2016p881029
173.7570953,-42.3699913,3.597544689,2016-11-21T23:14:11.192000,7.745917797,,2016p880995
176.770813,-40.32352829,3.624627299,2016-11-21T22:45:24.439000,18.14172935,,2016p880941
173.9902496,-41.96900177,3.04463613,2016-11-21T22:10:19.869000,9.728263855,,2016p880876
176.7749481,-40.31407928,4.276787665,2016-11-21T22:04:58.251000,13.57351971,,2016p880865
174.1164093,-41.83254242,3.288640454,2016-11-21T21:54:40.458000,13.01843071,,2016p880845
174.0153046,-42.56406784,4.033962963,2016-11-21T21:36:55.907000,12.0,,2016p880812
173.5990448,-42.15525436,3.094670841,2016-11-21T21:25:40.033000,12.0,,2016p880791
174.3070221,-41.741539,3.102987636,2016-11-21T19:27:23.913000,9.38584137,,2016p880569
173.5774689,-42.15847397,3.159177029,2016-11-21T19:11:57.075000,12.0,,2016p880540
173.5819092,-42.15437698,4.975031303,2016-11-21T17:51:37.034000,5.0,,2016p880389
173.4855194,-42.38375854,3.174856782,2016-11-21T17:33:19.032000,5.0,,2016p880355
173.4367981,-42.50471497,3.279632986,2016-11-21T17:07:23.469000,5.0,,2016p880306
173.7819061,-42.00349045,3.070396638,2016-11-21T16:35:43.282000,10.00347137,,2016p880247
176.7294922,-40.31697845,3.020876768,2016-11-21T16:21:06.478000,16.68575859,,2016p880219
173.1994171,-42.49005127,3.473020835,2016-11-21T16:13:43.014000,5.0,,2016p880205
173.1788025,-42.47060013,3.003535116,2016-11-21T16:04:09.353000,5.0,,2016p880187
173.1924438,-42.49108887,4.380321865,2016-11-21T15:58:11.703000,5.0,,2016p880176
172.8440399,-42.64206314,3.512717464,2016-11-21T14:26:59.710000,7.717637062,,2016p880005
176.7159882,-40.31626511,3.852057269,2016-11-21T13:43:46.559000,13.77478409,,2016p879924
174.0675964,-41.86304474,3.424598918,2016-11-21T13:27:19.327000,10.02925205,,2016p879893
173.5102539,-42.21734238,3.862503583,2016-11-21T13:06:45.026000,5.0,,2016p879855
174.1405945,-41.85867691,3.314532281,2016-11-21T12:45:41.771000,5.574015617,,2016p879815
173.7536926,-41.9980545,3.310567079,2016-11-21T11:59:49.972000,5.0,,2016p879729
174.2252502,-41.82071686,4.068404673,2016-11-21T09:57:28.192000,5.312604427,,2016p879499
176.7949982,-40.32136536,3.924947041,2016-11-21T09:33:04.950000,11.83475971,,2016p879454
173.8796539,-42.17480469,3.088991976,2016-11-21T08:43:49.817000,12.0,,2016p879361
176.7300873,-40.29799271,3.262438359,2016-11-21T08:32:38.807000,15.1397543,,2016p879340
173.5534973,-42.2597084,3.522261497,2016-11-21T08:13:36.471000,5.0,,2016p879304
173.0358734,-42.5955925,3.507417098,2016-11-21T07:17:52.482000,5.0,,2016p879201
173.614563,-42.42613983,3.940245063,2016-11-21T07:15:13.974000,5.0,,2016p879195
176.7256622,-40.30015564,3.173202247,2016-11-21T06:47:07.434000,8.123996735,,2016p879142
173.1293182,-42.73039246,3.058224347,2016-11-21T06:35:16.025000,5.0,,2016p879120
176.7181702,-40.2999649,3.768915265,2016-11-21T06:31:38.022000,12.93035793,,2016p879113
177.7127991,-38.29319382,3.343216454,2016-11-21T06:30:15.794000,24.36489487,,2016p879110
176.3558044,-40.1917038,3.420170476,2016-11-21T05:25:26.609000,39.96186066,,2016p878989
174.1150208,-41.78798294,3.671633095,2016-11-21T05:24:47.191000,8.74170208,,2016p878987
174.3706512,-41.60916901,3.639699141,2016-11-21T05:21:43.397000,12.0,,2016p878982
174.0436859,-41.93925095,4.590429625,2016-11-21T05:06:42.137000,10.0601778,,2016p878954
173.734848,-42.22579575,3.184416802,2016-11-21T04:03:23.395000,12.0,,2016p878835
173.9992523,-41.98242569,3.755678857,2016-11-21T03:48:50.714000,10.24980354,,2016p878807
172.8847961,-42.63009262,3.024917363,2016-11-21T02:49:13.626000,5.0,,2016p878695
174.2380524,-41.66401291,4.107304903,2016-11-21T02:47:09.826000,10.77856255,,2016p878692
173.5915833,-42.2707901,3.144856248,2016-11-21T02:30:56.594000,5.0,,2016p878661
173.1938477,-42.43897247,3.366480892,2016-11-21T02:05:44.564000,5.0,,2016p878614
174.1036682,-41.75027466,3.910963365,2016-11-21T01:57:22.150000,12.79550552,,2016p878598
173.4292908,-42.34649277,3.161995103,2016-11-21T01:55:01.779000,5.856388092,,2016p878594
173.8141785,-42.18747711,3.173747641,2016-11-21T01:28:29.573000,5.0,,2016p878544
172.9709778,-42.60756683,3.173409865,2016-11-20T23:34:23.533000,7.083944321,,2016p878330
171.704834,-43.03658295,3.448384548,2016-11-20T22:43:54.523000,5.0,,2016p878235
173.7440186,-42.03662872,3.297142177,2016-11-20T20:35:52.824000,12.1096344,,2016p877995
174.3135376,-41.62202835,3.381963374,2016-11-20T19:50:22.333000,9.186882973,,2016p877909
174.2277374,-41.60167313,3.0991622,2016-11-20T19:30:27.243000,9.12932682,,2016p877872
174.2228546,-41.59366226,3.280201251,2016-11-20T19:29:27.923000,9.703940392,,2016p877870
173.4986572,-42.29985046,3.499497689,2016-11-20T17:37:54.793000,7.831299305,,2016p877661
173.5384674,-42.30366516,3.054122381,2016-11-20T17:21:48.087000,5.0,,2016p877630
174.3130188,-41.70734787,4.069766652,2016-11-20T16:30:19.707000,12.54061794,,2016p877534
173.7514343,-42.33418274,3.577489763,2016-11-20T15:40:41.086000,6.353595734,,2016p877441
174.2654266,-41.7238884,3.080379513,2016-11-20T15:31:24.737000,11.71052551,,2016p877423
174.3259277,-41.69252777,3.838553694,2016-11-20T15:03:53.165000,13.47599506,,2016p877371
174.0499268,-41.93941116,3.075716033,2016-11-20T15:00:37.428000,9.177179337,,2016p877366
173.8651428,-42.27828979,3.47609253,2016-11-20T14:32:40.899000,5.0,,2016p877313
174.3017731,-41.69226074,3.195535565,2016-11-20T14:18:52.807000,7.197167873,,2016p877287
173.8096466,-42.04547882,3.508967682,2016-11-20T13:49:31.136000,8.093679428,,2016p877232
173.692627,-41.96975708,3.494044954,2016-11-20T13:44:50.377000,5.0,,2016p877223
173.1176758,-42.46940231,3.923242201,2016-11-20T13:36:27.719000,5.0,,2016p877208
174.3707123,-41.69899368,3.55964855,2016-11-20T13:09:31.229000,11.10830593,,2016p877157
174.2386017,-41.7160759,3.013972813,2016-11-20T12:22:45.543000,10.56462479,,2016p877069
173.1931,-42.42924118,4.112089341,2016-11-20T11:30:52.883000,5.0,,2016p876972
172.8943176,-42.64045334,3.280519581,2016-11-20T11:24:42.270000,5.0,,2016p876960
173.4681549,-42.34764862,3.008477922,2016-11-20T11:22:19.143000,5.0,,2016p876957
174.3109589,-41.8141861,3.771430903,2016-11-20T11:19:58.868000,11.54621029,,2016p876951
173.2677765,-42.51687622,3.317971167,2016-11-20T11:09:51.354000,5.0,,2016p876932
174.2949524,-41.71073532,3.761636896,2016-11-20T11:07:36.069000,7.171205997,,2016p876928
174.3256836,-41.71452332,3.385991945,2016-11-20T10:07:49.543000,12.77440834,,2016p876816
173.6760864,-42.37129593,3.295116383,2016-11-20T09:03:13.797000,5.0,,2016p876694
174.283783,-41.69184494,3.062988973,2016-11-20T09:00:14.466000,8.760666847,,2016p876689
173.0674591,-42.59024429,3.332968136,2016-11-20T08:27:07.167000,5.0,,2016p876627
173.4721832,-42.39512253,3.101512039,2016-11-20T08:06:24.147000,5.0,,2016p876588
172.7876587,-42.6699295,3.399464803,2016-11-20T08:03:58.064000,7.201455593,,2016p876584
174.1429138,-41.70846176,3.145027985,2016-11-20T07:51:04.993000,9.741256714,,2016p876559
174.2576294,-41.739254,3.100138827,2016-11-20T07:41:02.327000,7.634204865,,2016p876540
173.7044525,-42.37119293,3.045155326,2016-11-20T07:28:14.327000,8.631169319,,2016p876516
173.5960541,-42.2516861,3.045504122,2016-11-20T06:59:15.494000,5.0,,2016p876462
173.3497162,-42.47023392,4.948634062,2016-11-20T06:52:48.406000,5.0,,2016p876450
173.6769714,-42.373703,3.202830802,2016-11-20T06:33:22.251000,9.841233253,,2016p876414
173.4091644,-42.53644562,3.064682758,2016-11-20T05:30:28.536000,5.0,,2016p876295
173.3929138,-42.50141907,3.539287403,2016-11-20T02:55:47.592000,5.0,,2016p876005
173.1463318,-42.54460526,3.132730084,2016-11-20T02:35:15.717000,5.0,,2016p875967
173.4979248,-42.3332634,3.394173613,2016-11-20T02:22:46.979000,5.511393547,,2016p875943
174.2222137,-41.69589233,3.162597192,2016-11-20T01:08:46.208000,4.14285183,,2016p875804
173.846344,-42.32399368,3.295632895,2016-11-20T01:02:54.299000,5.0,,2016p875793
174.320755,-41.69232178,3.047616152,2016-11-20T00:50:57.245000,7.876383305,,2016p875770
174.3834839,-41.63695908,3.661265189,2016-11-19T23:50:10.728000,5.0,,2016p875656
173.1942139,-42.47171783,3.013650109,2016-11-19T23:31:55.087000,5.0,,2016p875622
173.6682739,-42.18740845,3.237857919,2016-11-19T22:36:00.009000,5.0,,2016p875518
173.7267303,-42.06834793,3.71697862,2016-11-19T21:21:32.484000,5.0,,2016p875378
174.3076935,-41.69817352,4.633207705,2016-11-19T20:48:54.281000,11.68447113,,2016p875317
173.7786407,-42.34960938,3.106352356,2016-11-19T20:46:36.801000,5.528924942,,2016p875312
171.6937866,-42.67180252,3.718435686,2016-11-19T20:43:11.585000,5.0,,2016p875306
174.2419434,-41.65431595,3.798155286,2016-11-19T19:47:01.166000,8.910269737,,2016p875200
174.3469696,-41.72117233,3.53756571,2016-11-19T19:27:33.182000,12.60681438,,2016p875164
172.8047333,-42.66263199,3.541326311,2016-11-19T19:19:33.643000,4.697408199,,2016p875149
174.2810516,-41.72691345,3.887716256,2016-11-19T18:51:44.531000,10.19460964,,2016p875097
174.3510437,-41.66263962,3.195874067,2016-11-19T18:01:51.827000,5.0,,2016p875003
173.7399139,-42.26115036,3.274216606,2016-11-19T17:37:23.574000,10.73670578,,2016p874957
173.1269073,-42.3120575,3.702768039,2016-11-19T17:27:46.424000,5.0,,2016p874939
174.083786,-41.8467865,3.145942055,2016-11-19T16:22:59.755000,11.41382504,,2016p874817
173.7782593,-42.01355743,3.193616278,2016-11-19T16:08:45.746000,5.0,,2016p874791
172.8641052,-42.65836716,3.739548095,2016-11-19T15:39:16.233000,5.0,,2016p874736
173.2053223,-42.49869919,3.84723558,2016-11-19T15:05:55.256000,5.0,,2016p874673
174.2857361,-41.7133255,3.469744188,2016-11-19T14:17:14.034000,10.00179386,,2016p874581
173.6981354,-42.01310349,3.86054901,2016-11-19T12:49:42.884000,12.0,,2016p874417
173.559021,-42.22249222,3.180104624,2016-11-19T12:17:37.752000,5.0,,2016p874356
173.5605164,-42.157547,3.124697567,2016-11-19T11:46:30.829000,5.0,,2016p874299
173.6812897,-42.45127106,3.779858596,2016-11-19T11:38:10.015000,5.0,,2016p874283
172.4907227,-42.72073364,3.46147259,2016-11-19T11:22:34.870000,5.0,,2016p874254
173.1360931,-42.54253387,3.023282047,2016-11-19T11:09:18.552000,5.0,,2016p874229
173.2303925,-42.48124313,3.02506991,2016-11-19T10:40:55.709000,5.0,,2016p874175
174.307785,-41.7174263,3.55237996,2016-11-19T10:35:17.017000,11.6403513,,2016p874165
174.148468,-41.84782791,3.504863451,2016-11-19T10:07:08.500000,6.518373013,,2016p874112
174.2597656,-41.67639542,3.003638445,2016-11-19T09:51:44.178000,5.794792652,,2016p874083
173.9928894,-41.87420654,3.443293984,2016-11-19T09:37:57.253000,10.49175644,,2016p874057
173.7633972,-42.29409409,3.366936373,2016-11-19T09:32:26.544000,9.53673172,,2016p874047
174.2267914,-41.71000671,3.172407461,2016-11-19T09:24:59.190000,5.351975441,,2016p874033
173.9618988,-42.01401138,3.096132673,2016-11-19T09:17:45.452000,8.075803757,,2016p874019
174.3923798,-41.72290039,3.050380084,2016-11-19T09:08:07.755000,10.43660069,,2016p874001
174.2165222,-41.70052719,3.304468144,2016-11-19T08:58:45.775000,4.811360359,,2016p873984
174.2447662,-41.69145966,3.527184631,2016-11-19T08:51:30.752000,9.118829727,,2016p873970
174.0183411,-41.9660759,3.255811145,2016-11-19T08:32:20.696000,8.564022064,,2016p873934
174.0308838,-41.95065689,3.047890895,2016-11-19T08:28:47.725000,11.34321404,,2016p873927
173.6730347,-42.21600342,3.212370343,2016-11-19T08:21:12.505000,5.0,,2016p873913
174.0335541,-41.97158051,4.129108557,2016-11-19T08:08:36.863000,9.632219315,,2016p873890
174.2866974,-41.7950058,4.109093775,2016-11-19T07:32:09.405000,12.68017197,,2016p873821
173.7733459,-42.33213806,3.03372749,2016-11-19T07:18:45.183000,6.05066824,,2016p873796
174.1752319,-41.71181107,3.392635709,2016-11-19T06:44:14.400000,16.78753281,,2016p873731
173.3914642,-42.46071243,3.175270687,2016-11-19T06:16:25.700000,5.0,,2016p873679
174.0402527,-41.95722961,3.154215706,2016-11-19T06:10:41.117000,9.18488121,,2016p873668
173.4559631,-42.4150238,3.51212633,2016-11-19T05:50:52.882000,4.972828388,,2016p873631
176.1760101,-40.57917786,3.237459465,2016-11-19T05:45:36.366000,13.79872894,,2016p873621
174.3860321,-41.66548157,3.716225567,2016-11-19T05:02:24.138000,5.0,,2016p873540
173.6931305,-42.01288986,3.211827303,2016-11-19T04:46:31.738000,5.0,,2016p873510
173.6325226,-42.15125275,3.117737975,2016-11-19T04:34:07.260000,5.0,,2016p873487
174.1701202,-41.80610275,3.027217266,2016-11-19T03:48:26.401000,5.949887276,,2016p873401
174.08284,-41.92325592,3.103900867,2016-11-19T03:34:21.506000,9.479709625,,2016p873375
173.8325806,-42.27962494,3.284259323,2016-11-19T03:28:58.291000,5.0,,2016p873365
173.7792969,-42.28090286,3.34117741,2016-11-19T03:22:10.950000,7.876859665,,2016p873352
174.3307953,-41.685112,3.500562382,2016-11-19T03:09:41.002000,13.5646677,,2016p873328
173.7728882,-42.28154373,4.134810556,2016-11-19T03:08:11.003000,5.0,,2016p873325
173.2837067,-42.55368805,3.158354843,2016-11-19T02:50:56.277000,5.0,,2016p873293
174.1956635,-41.91440201,3.084381667,2016-11-19T02:44:58.706000,5.0,,2016p873282
174.2161407,-41.78703308,3.659813924,2016-11-19T02:28:54.224000,13.87044716,,2016p873252
173.3658447,-42.48780823,3.217097659,2016-11-19T02:27:48.741000,5.0,,2016p873250
176.2769928,-39.64861679,3.236566727,2016-11-19T02:17:00.274000,22.43719292,,2016p873230
173.4181671,-42.3431015,3.196563914,2016-11-19T02:06:00.512000,5.0,,2016p873209
174.6116791,-41.22516632,3.395230853,2016-11-19T00:55:27.992000,23.43271637,,2016p873077
173.4618988,-42.361763,3.044894598,2016-11-19T00:54:24.330000,5.0,,2016p873075
173.5267029,-42.18213654,3.64083991,2016-11-19T00:47:00.409000,5.0,,2016p873061
173.5196381,-42.18605804,3.369032616,2016-11-19T00:46:37.264000,5.0,,2016p873060
174.3072052,-41.73072433,3.582172641,2016-11-18T22:57:58.505000,9.297373772,,2016p872856
173.6160126,-42.213871,3.240942151,2016-11-18T22:14:35.542000,5.0,,2016p872775
172.2995758,-41.46291733,3.244683518,2016-11-18T21:42:58.213000,5.0,,2016p872715
173.9148712,-42.15846252,3.158966598,2016-11-18T21:18:51.843000,5.0,,2016p872671
173.1737213,-42.5381813,4.165429172,2016-11-18T20:44:26.436000,5.0,,2016p872605
173.4203796,-42.40040207,3.050304223,2016-11-18T19:47:45.466000,5.473971367,,2016p872499
174.3360443,-41.70508575,3.405116778,2016-11-18T19:09:45.562000,12.12782192,,2016p872428
173.7214966,-41.95223999,3.113774182,2016-11-18T19:05:42.630000,5.0,,2016p872420
173.6642303,-42.35502243,3.129807643,2016-11-18T19:02:26.941000,7.846935749,,2016p872414
173.1074371,-42.51951218,3.545324509,2016-11-18T18:49:50.541000,5.0,,2016p872390
173.9429626,-41.86074448,3.000093665,2016-11-18T18:48:10.324000,9.017606735,,2016p872388
174.3667603,-41.71564484,3.273274792,2016-11-18T17:13:16.059000,10.23446751,,2016p872209
173.5897522,-42.1468277,3.034755955,2016-11-18T17:08:21.619000,5.0,,2016p872200
173.7665405,-42.32168961,3.209135754,2016-11-18T17:06:58.329000,5.0,,2016p872197
174.3879089,-41.72326279,3.130799043,2016-11-18T16:49:52.762000,8.11164856,,2016p872165
173.1535339,-42.51051712,3.020336965,2016-11-18T16:42:50.473000,12.0,,2016p872153
174.2762909,-41.76149368,3.265897213,2016-11-18T16:42:41.661000,9.604010582,,2016p872152
174.2263336,-41.70011902,3.397575595,2016-11-18T16:20:41.324000,5.720304966,,2016p872110
173.8515015,-42.01214218,4.216101461,2016-11-18T16:07:44.492000,8.929696083,,2016p872086
173.0966797,-42.59786606,3.243788597,2016-11-18T15:58:04.835000,5.0,,2016p872068
173.1247864,-42.52101898,4.590247552,2016-11-18T15:55:34.729000,5.0,,2016p872063
173.5856934,-42.43470383,3.097726192,2016-11-18T15:44:39.345000,9.749406815,,2016p872043
174.3923798,-41.70923615,3.040052369,2016-11-18T15:40:52.756000,5.0,,2016p872035
173.7413177,-42.20573425,3.669905917,2016-11-18T15:40:08.519000,5.0,,2016p872034
173.5799408,-42.1840744,3.045198493,2016-11-18T15:37:37.967000,5.0,,2016p872029
174.3891144,-41.72343826,3.668663174,2016-11-18T15:20:19.692000,5.0,,2016p871997
174.3631897,-41.71485901,3.902635593,2016-11-18T15:18:10.197000,5.0,,2016p871993
174.3956757,-41.7291069,4.441727849,2016-11-18T15:17:33.591000,7.568520069,,2016p871992
173.1173248,-42.50095749,3.121137436,2016-11-18T14:54:41.595000,12.0,,2016p871947
173.6008911,-42.16427994,3.078238955,2016-11-18T14:53:22.435000,5.0,,2016p871946
173.1457062,-42.48873138,3.433295679,2016-11-18T14:45:51.885000,5.0,,2016p871932
173.5775299,-42.26958084,3.000308027,2016-11-18T14:43:33.583000,5.0,,2016p871928
173.1140137,-42.50349045,3.281005041,2016-11-18T14:29:03.781000,5.0,,2016p871901
174.2667542,-41.70846939,3.371908226,2016-11-18T14:26:55.928000,8.936950684,,2016p871898
173.170517,-42.46668625,3.583247818,2016-11-18T14:26:36.828000,5.0,,2016p871896
173.1206665,-42.52661133,5.324480789,2016-11-18T14:22:57.595000,5.0,,2016p871889
174.329361,-41.70875549,3.182411432,2016-11-18T14:01:56.693000,9.290272713,,2016p871850
174.3729248,-41.71519852,3.066259942,2016-11-18T14:01:14.704000,7.784705639,,2016p871849
173.6726532,-42.41116333,3.374615497,2016-11-18T13:56:30.543000,7.012001038,,2016p871840
173.6884308,-41.96055222,3.043883466,2016-11-18T13:53:17.848000,5.0,,2016p871834
173.4270172,-42.34142685,4.504485351,2016-11-18T13:30:10.723000,7.145976543,,2016p871791
173.7690582,-42.07920456,3.179750618,2016-11-18T13:27:12.460000,5.0,,2016p871785
174.1523895,-41.73101425,3.033185421,2016-11-18T13:00:09.926000,10.02367306,,2016p871734
173.7706909,-42.31568909,4.204146732,2016-11-18T12:48:20.730000,5.0,,2016p871712
174.1129608,-41.72277069,3.469955994,2016-11-18T12:46:50.739000,10.90455627,,2016p871709
173.4297333,-42.41000366,3.021794867,2016-11-18T12:43:29.175000,5.0,,2016p871703
173.5334778,-42.28210068,3.374995713,2016-11-18T12:41:56.363000,6.688673496,,2016p871700
173.414093,-42.36384201,3.514277502,2016-11-18T12:40:33.446000,5.0,,2016p871697
174.3144379,-41.73828888,3.143236506,2016-11-18T12:23:38.636000,7.775029659,,2016p871666
173.588913,-41.99420547,4.59762086,2016-11-18T12:03:56.860000,5.0,,2016p871629
178.1731873,-38.24582291,3.00412896,2016-11-18T11:56:52.067000,5.0,,2016p871615
174.3845215,-41.74253845,4.242578794,2016-11-18T11:32:15.553000,10.45173931,,2016p871569
174.2758942,-41.70211029,3.164316159,2016-11-18T11:10:44.917000,9.849643707,,2016p871529
173.957962,-41.95794678,3.491046105,2016-11-18T11:03:03.905000,10.9215374,,2016p871514
177.526474,-37.41764069,3.036877835,2016-11-18T10:51:41.353000,65.72319794,,2016p871493
173.2787476,-42.51234436,3.316153455,2016-11-18T10:48:33.779000,12.0,,2016p871487
174.1764679,-41.79534912,3.236145402,2016-11-18T10:39:28.908000,7.237805367,,2016p871470
174.2258911,-41.82397461,3.832415879,2016-11-18T10:23:02.182000,6.68464613,,2016p871439
173.4805145,-42.4986763,3.116683278,2016-11-18T10:21:29.013000,5.0,,2016p871436
174.1660004,-41.70239639,3.500882172,2016-11-18T09:46:11.897000,10.79975796,,2016p871370
173.4925537,-42.46335983,3.085711989,2016-11-18T09:23:53.064000,5.0,,2016p871329
173.1716919,-42.46758652,3.804617617,2016-11-18T09:13:10.066000,30.71920967,,2016p871308
174.2519836,-41.64249802,3.360770377,2016-11-18T09:11:47.202000,5.0,,2016p871306
173.5388489,-42.22030258,3.582016036,2016-11-18T09:06:15.075000,5.0,,2016p871295
173.5975189,-42.37830734,3.1194196,2016-11-18T08:47:52.992000,5.0,,2016p871261
173.6255951,-42.22505188,3.048924532,2016-11-18T08:34:35.353000,5.0,,2016p871236
174.2646027,-41.69590378,3.9959212,2016-11-18T08:00:36.595000,8.115311623,,2016p871172
173.5803986,-42.43945694,3.204234098,2016-11-18T07:45:32.950000,8.039903641,,2016p871143
173.1437836,-42.42761993,4.314359576,2016-11-18T07:43:18.365000,5.0,,2016p871139
173.7915344,-42.24622726,4.100665054,2016-11-18T07:43:14.294000,5.0,,2016p871141
173.5215302,-42.10573578,3.063348556,2016-11-18T07:37:21.663000,5.0,,2016p871128
173.5829926,-42.21463394,3.079153231,2016-11-18T07:26:05.561000,5.0,,2016p871107
174.2362366,-41.68547821,3.825301179,2016-11-18T07:09:44.563000,5.0,,2016p871076
172.7988434,-42.69977188,3.140029048,2016-11-18T06:59:50.431000,4.742761135,,2016p871058
173.4640198,-42.32423401,3.318935843,2016-11-18T06:49:46.644000,5.0,,2016p871039
174.2327576,-41.68877792,3.655363761,2016-11-18T06:02:34.463000,5.0,,2016p870950
173.4316406,-42.40814209,3.621115341,2016-11-18T05:42:26.255000,4.727790833,,2016p870912
173.6356506,-41.99595261,3.716542513,2016-11-18T04:39:56.688000,5.0,,2016p870795
173.6405029,-41.98538208,3.913247555,2016-11-18T04:38:53.748000,5.0,,2016p870793
174.1782074,-41.6687088,3.630207629,2016-11-18T04:08:06.121000,10.35567856,,2016p870736
173.1782227,-42.56650925,3.018322358,2016-11-18T04:07:39.165000,5.0,,2016p870735
173.4311218,-42.35710907,3.544706519,2016-11-18T03:56:44.550000,4.792541504,,2016p870715
173.4678192,-42.34573364,3.315948195,2016-11-18T03:52:38.812000,5.0,,2016p870706
173.8005981,-42.22773743,3.010646687,2016-11-18T03:23:55.217000,5.0,,2016p870652
173.6455688,-42.23057556,3.500789458,2016-11-18T03:01:34.001000,5.0,,2016p870611
177.9062347,-38.56305695,4.067715144,2016-11-18T03:01:09.235000,15.49327469,,2016p870610
174.3777466,-41.60982513,3.071184604,2016-11-18T02:51:22.303000,5.0,,2016p870591
173.704483,-42.37026978,3.245960211,2016-11-18T02:48:07.811000,7.167757034,,2016p870585
173.8000793,-42.39894104,3.741044512,2016-11-18T02:22:25.911000,9.091176987,,2016p870537
173.8316956,-42.4034462,3.93790525,2016-11-18T02:20:38.277000,8.566400528,,2016p870534
173.8227997,-42.41714859,3.470546357,2016-11-18T01:57:49.964000,8.81470108,,2016p870491
173.7963715,-42.37844467,3.389111028,2016-11-18T01:15:17.891000,6.496685982,,2016p870411
174.2809753,-41.76186371,3.453270425,2016-11-18T01:05:13.635000,7.795247555,,2016p870392
174.2814331,-41.67723083,3.094944325,2016-11-18T00:58:25.887000,7.94155407,,2016p870379
174.2275848,-41.76063156,3.612258867,2016-11-18T00:56:12.863000,9.956073761,,2016p870375
174.123764,-41.8406601,3.516922587,2016-11-18T00:45:24.350000,8.400149345,,2016p870355
173.6791534,-42.04563904,3.828954219,2016-11-18T00:27:20.233000,5.0,,2016p870321
173.7859955,-42.39532089,3.395399744,2016-11-18T00:20:37.572000,9.311514854,,2016p870308
174.4147644,-41.68435669,4.538031008,2016-11-18T00:08:47.354000,8.838127136,,2016p870286
173.4258881,-42.4332695,3.294536845,2016-11-18T00:06:31.061000,5.170512676,,2016p870282
173.6995544,-42.42687607,3.674069178,2016-11-17T23:54:18.068000,5.0,,2016p870259
174.0326843,-41.9061203,4.122858394,2016-11-17T23:42:17.501000,11.89614296,,2016p870237
172.6820984,-42.65665436,3.443897443,2016-11-17T23:36:01.215000,5.0,,2016p870225
173.6725311,-42.37997818,3.043760924,2016-11-17T23:35:50.551000,5.0,,2016p870224
173.254364,-42.51987457,3.037479485,2016-11-17T23:28:06.834000,5.0,,2016p870210
173.7151489,-42.33085251,3.31425574,2016-11-17T23:19:11.124000,9.118865013,,2016p870193
174.3645935,-41.75646591,3.188620459,2016-11-17T23:15:05.621000,8.907110214,,2016p870185
173.6548462,-42.14816284,3.421827771,2016-11-17T23:01:33.727000,5.0,,2016p870160
173.4719391,-42.25246048,3.066951407,2016-11-17T22:19:53.458000,5.0,,2016p870082
174.2629547,-41.63178635,3.584272433,2016-11-17T22:15:00.093000,11.61765957,,2016p870073
173.2001953,-42.50518799,3.235635087,2016-11-17T22:09:54.374000,5.0,,2016p870063
173.3434448,-42.40337753,3.099802286,2016-11-17T21:49:21.149000,5.0,,2016p870025
173.8244324,-42.22192383,4.809776007,2016-11-17T21:27:03.164000,5.0,,2016p869983
173.8229218,-42.22406387,3.567419607,2016-11-17T21:26:40.111000,5.0,,2016p869982
174.1076202,-41.74547958,3.280740978,2016-11-17T21:06:35.267000,11.60880852,,2016p869944
173.7771301,-42.29295731,4.143594854,2016-11-17T20:50:11.473000,12.0,,2016p869914
174.2437286,-41.68377686,3.587460511,2016-11-17T20:48:53.181000,8.850990295,,2016p869911
172.5213165,-42.8399086,4.270635367,2016-11-17T20:43:46.562000,5.0,,2016p869902
173.1028595,-42.52444839,3.735557066,2016-11-17T20:36:12.770000,5.0,,2016p869887
173.5191956,-42.20536041,3.094657306,2016-11-17T20:17:12.105000,5.0,,2016p869852
173.7502441,-42.51202774,3.05385111,2016-11-17T19:29:33.818000,12.0,,2016p869762
174.0178528,-41.88245773,3.828081648,2016-11-17T19:26:55.994000,9.034646988,,2016p869757
174.2962341,-41.73011398,3.839813683,2016-11-17T19:26:18.296000,11.21665192,,2016p869756
173.7874298,-42.39464188,3.415578398,2016-11-17T19:07:32.427000,5.0,,2016p869721
173.0545807,-42.63813019,3.431164097,2016-11-17T18:57:26.222000,5.0,,2016p869702
173.7669067,-42.02177429,3.233329027,2016-11-17T18:44:11.749000,12.15133381,,2016p869677
173.9499359,-42.348423,3.673302052,2016-11-17T18:39:28.380000,12.0,,2016p869668
174.1856537,-41.88113785,3.032733033,2016-11-17T18:33:55.539000,9.140827179,,2016p869658
172.632019,-42.58559799,3.254776468,2016-11-17T18:29:27.562000,5.0,,2016p869649
173.7297058,-42.02039337,3.218822897,2016-11-17T18:26:18.442000,5.0,,2016p869643
172.7978821,-42.6968956,4.184546279,2016-11-17T18:04:42.214000,5.0,,2016p869603
173.0808563,-42.59962463,3.093015244,2016-11-17T18:02:42.230000,5.0,,2016p869599
174.2335358,-41.74272156,3.102972051,2016-11-17T17:44:43.088000,8.056622505,,2016p869565
172.8151398,-42.67514038,3.945762701,2016-11-17T17:42:31.047000,5.0,,2016p869561
173.2450104,-42.68467331,3.028409947,2016-11-17T17:28:40.748000,6.72081995,,2016p869535
174.0914612,-42.36258698,3.77113089,2016-11-17T17:26:16.470000,12.0,,2016p869531
172.8446655,-42.66418076,3.047244354,2016-11-17T17:19:24.080000,7.016935825,,2016p869518
173.7043915,-42.21328735,3.338885343,2016-11-17T17:09:29.192000,5.0,,2016p869499
173.3842468,-42.47275162,3.428567033,2016-11-17T16:58:13.718000,5.0,,2016p869478
173.8689728,-42.33429337,3.167166053,2016-11-17T16:56:23.883000,12.0,,2016p869475
174.30336,-41.74467087,3.238671642,2016-11-17T16:49:47.679000,11.95155907,,2016p869462
174.175354,-41.67617416,3.400507899,2016-11-17T16:36:53.336000,10.49124527,,2016p869438
173.8005371,-42.0676384,3.785714252,2016-11-17T16:14:29.378000,5.0,,2016p869395
173.8607483,-42.42968369,3.388379986,2016-11-17T16:13:09.679000,12.0,,2016p869394
173.5214233,-42.14588547,3.599297153,2016-11-17T15:59:56.954000,5.0,,2016p869369
173.5795135,-42.33497238,3.156725616,2016-11-17T15:53:44.667000,5.0,,2016p869357
174.1607361,-41.73963928,3.818010318,2016-11-17T15:09:34.495000,11.35504913,,2016p869274
173.6843872,-42.02503586,3.539068476,2016-11-17T15:04:44.903000,5.0,,2016p869265
173.9124603,-42.3127861,3.332131297,2016-11-17T14:45:53.952000,12.0,,2016p869230
174.135437,-41.70944595,3.638745779,2016-11-17T14:39:58.649000,11.35989761,,2016p869218
173.4991302,-42.36961746,3.08245202,2016-11-17T14:30:10.994000,5.0,,2016p869200
173.5973969,-42.23188019,3.04495015,2016-11-17T14:25:57.634000,5.0,,2016p869192
173.5764465,-42.16982651,3.018014008,2016-11-17T14:10:30.553000,5.0,,2016p869163
173.6758423,-42.0052681,3.070566293,2016-11-17T13:57:56.956000,5.0,,2016p869140
174.1382904,-41.73543167,3.477029894,2016-11-17T13:56:34.845000,9.590212822,,2016p869137
174.1341095,-41.73696136,3.07438803,2016-11-17T13:55:31.558000,10.30957508,,2016p869135
173.401001,-42.48809433,3.013965423,2016-11-17T13:53:44.547000,5.0,,2016p869131
174.2257843,-41.68209839,3.538993432,2016-11-17T13:42:45.019000,8.557059288,,2016p869111
174.1152954,-41.81707382,3.455587103,2016-11-17T13:39:10.861000,13.40677547,,2016p869105
174.0279388,-41.94758224,3.442077324,2016-11-17T13:31:27.486000,9.844202995,,2016p869090
172.8827667,-42.64670944,3.684048915,2016-11-17T13:28:15.602000,5.0,,2016p869085
174.2535706,-41.68241882,3.239497972,2016-11-17T13:21:05.640000,7.833346844,,2016p869071
174.1952362,-41.87778091,3.559600478,2016-11-17T12:58:51.503000,9.586293221,,2016p869029
174.0864105,-41.81525803,3.075464121,2016-11-17T12:00:40.348000,10.93499565,,2016p868920
174.2277222,-41.89123917,3.567432257,2016-11-17T11:52:56.721000,6.970570087,,2016p868905
174.2163849,-41.68588257,3.738891537,2016-11-17T11:24:27.292000,10.21368027,,2016p868852
173.2271729,-42.52452469,3.232835434,2016-11-17T11:23:33.321000,12.0,,2016p868851
174.2408905,-41.69039917,3.269291466,2016-11-17T11:23:23.901000,9.189759254,,2016p868850
173.9044495,-41.99909592,3.240078022,2016-11-17T11:20:50.021000,9.772601128,,2016p868845
173.4214783,-42.42996979,3.249566256,2016-11-17T11:16:53.318000,5.0,,2016p868837
173.7520294,-42.34144592,3.138201818,2016-11-17T10:56:00.004000,12.0,,2016p868798
173.1711426,-42.5282135,3.044220657,2016-11-17T10:47:08.994000,5.0,,2016p868781
173.3468323,-42.44929123,3.166098155,2016-11-17T10:41:58.785000,12.0,,2016p868772
173.9888763,-41.90779114,3.202289603,2016-11-17T10:32:28.492000,9.648501396,,2016p868754
174.3865356,-41.71266937,4.437962255,2016-11-17T10:11:52.276000,10.13559055,,2016p868715
173.5572052,-42.30283737,3.757608997,2016-11-17T10:10:50.249000,12.0,,2016p868713
174.2334595,-41.72284698,3.395166612,2016-11-17T10:03:18.831000,5.418246269,,2016p868699
173.7517395,-42.0070343,3.375013586,2016-11-17T09:39:39.969000,10.52082062,,2016p868655
173.8730774,-42.29773331,3.62206088,2016-11-17T09:37:21.201000,12.0,,2016p868651
173.1163025,-42.50811768,3.162543733,2016-11-17T09:26:16.070000,5.0,,2016p868630
174.2092743,-41.68487167,3.847191493,2016-11-17T09:24:44.874000,6.199326038,,2016p868627
174.0684509,-41.85511017,4.209125299,2016-11-17T09:21:58.931000,9.15826416,,2016p868622
173.1936035,-42.41837692,3.775625768,2016-11-17T09:12:39.255000,5.0,,2016p868604
173.252243,-42.45497131,3.013485883,2016-11-17T09:10:58.300000,5.0,,2016p868601
174.3171997,-41.67553329,3.139919769,2016-11-17T08:48:22.171000,10.50432587,,2016p868559
173.2526703,-42.46051407,3.882807763,2016-11-17T08:31:30.308000,12.0,,2016p868527
173.0944672,-42.54446411,3.011065193,2016-11-17T08:23:02.875000,5.0,,2016p868511
173.6239166,-42.29223251,3.166567173,2016-11-17T08:16:12.452000,5.0,,2016p868498
173.5713348,-42.17700958,3.154113269,2016-11-17T08:13:06.008000,5.0,,2016p868493
173.5611572,-42.37807083,3.069407434,2016-11-17T07:56:46.821000,5.0,,2016p868462
173.6967316,-42.09889984,3.760119577,2016-11-17T07:30:18.979000,5.0,,2016p868412
173.157959,-42.50928497,3.16441258,2016-11-17T07:24:18.300000,5.0,,2016p868401
173.1049652,-42.53603363,3.722974654,2016-11-17T06:25:56.655000,5.0,,2016p868291
173.7543488,-42.07703018,3.377257108,2016-11-17T06:22:29.885000,5.0,,2016p868285
174.2051849,-41.79242706,3.154390037,2016-11-17T06:15:20.022000,7.252224445,,2016p868271
173.2228394,-42.51223755,3.209501601,2016-11-17T06:12:46.406000,5.0,,2016p868267
173.5856476,-42.22240829,4.270906069,2016-11-17T06:01:10.356000,14.97095966,,2016p868245
173.5787048,-42.16064453,3.303870771,2016-11-17T05:44:31.262000,5.0,,2016p868214
172.7808075,-42.67086411,3.354645367,2016-11-17T05:38:57.813000,5.0,,2016p868204
173.6812744,-42.22027588,3.15896005,2016-11-17T05:38:56.970000,11.70031834,,2016p868205
173.8804474,-42.27467346,3.077297865,2016-11-17T05:38:14.584000,5.0,,2016p868202
174.0139771,-41.88192749,3.026591115,2016-11-17T05:25:26.595000,12.44001961,,2016p868178
172.9744568,-42.62680817,3.031190005,2016-11-17T05:22:35.057000,5.0,,2016p868173
174.1036377,-41.91933823,3.320663441,2016-11-17T05:05:49.709000,8.45605278,,2016p868141
174.2212982,-41.73295975,3.046703779,2016-11-17T04:33:13.436000,8.682393074,,2016p868080
174.1858215,-41.9291153,3.046500902,2016-11-17T04:25:24.607000,6.632533073,,2016p868065
174.3372803,-41.72781372,3.108681567,2016-11-17T04:18:16.535000,14.96508121,,2016p868052
174.3869781,-41.74941254,4.623793537,2016-11-17T04:04:05.945000,10.36133003,,2016p868025
173.9639282,-42.42858124,3.016041326,2016-11-17T03:58:28.466000,5.0,,2016p868014
174.1973724,-41.70895767,3.4735081,2016-11-17T03:46:24.124000,11.81086445,,2016p867992
172.783905,-42.67461395,3.678996554,2016-11-17T03:34:32.586000,5.0,,2016p867970
172.9254608,-42.67360306,3.438883503,2016-11-17T03:31:05.514000,8.485675812,,2016p867963
172.868454,-42.67113113,3.219842923,2016-11-17T03:30:05.059000,6.480324745,,2016p867961
173.7547913,-42.29430389,3.589191908,2016-11-17T03:24:55.408000,12.0,,2016p867952
173.1833038,-42.42654037,3.195031135,2016-11-17T03:19:14.536000,5.0,,2016p867941
173.5840149,-42.2698822,4.167980974,2016-11-17T02:32:00.083000,12.0,,2016p867852
173.6569214,-42.35651398,3.364784198,2016-11-17T02:22:20.373000,12.0,,2016p867834
172.7440338,-42.54169464,3.141042535,2016-11-17T02:20:13.018000,5.0,,2016p867830
173.8539886,-42.41038895,3.131553698,2016-11-17T02:03:57.866000,12.0,,2016p867800
172.8055725,-42.67363739,3.378784406,2016-11-17T01:41:09.352000,9.451552391,,2016p867757
173.7461243,-42.29471588,3.03145022,2016-11-17T01:32:38.160000,5.0,,2016p867741
174.3723602,-41.66615295,4.246633305,2016-11-17T01:01:41.932000,5.0,,2016p867683
173.7666626,-42.23976135,3.237124547,2016-11-17T00:45:05.327000,5.0,,2016p867652
173.1244659,-42.47504044,3.144882897,2016-11-17T00:43:45.702000,12.0,,2016p867649
174.3687286,-41.67063904,3.082467754,2016-11-17T00:43:11.519000,5.0,,2016p867648
173.3887939,-42.48447037,3.281968498,2016-11-17T00:42:17.211000,12.0,,2016p867646
173.6679688,-42.33401108,3.344556215,2016-11-17T00:33:41.396000,5.0,,2016p867630
174.3379059,-41.70386505,3.103473513,2016-11-17T00:32:34.821000,12.06223583,,2016p867628
173.9165344,-42.33385086,3.373405899,2016-11-17T00:13:15.472000,12.0,,2016p867592
173.7274933,-42.16795349,3.105319051,2016-11-17T00:10:46.186000,5.0,,2016p867587
173.6452789,-42.1311264,3.000947199,2016-11-17T00:02:38.461000,5.0,,2016p867572
173.6913452,-42.37436676,3.314245789,2016-11-16T23:49:31.651000,12.0,,2016p867548
174.0108795,-41.95858383,3.658613294,2016-11-16T23:44:31.823000,11.07326889,,2016p867538
174.3034058,-41.70462418,4.649850471,2016-11-16T23:39:41.454000,12.82605743,,2016p867529
173.7483826,-42.23450089,4.840577965,2016-11-16T23:13:37.962000,12.0,,2016p867480
177.8857117,-38.61371231,3.056502786,2016-11-16T23:07:37.680000,15.27446079,,2016p867469
173.8507233,-42.00098801,3.655218853,2016-11-16T22:52:30.686000,13.68333054,,2016p867440
173.3473511,-42.48697281,3.850432116,2016-11-16T22:45:01.402000,5.0,,2016p867426
172.8366241,-42.66285706,3.466621223,2016-11-16T22:44:28.466000,6.786323547,,2016p867425
172.9389038,-42.65617371,3.008592693,2016-11-16T22:20:28.293000,5.0,,2016p867380
174.2319946,-41.68852615,3.815601533,2016-11-16T22:18:06.590000,9.231194496,,2016p867376
173.6856232,-42.1662941,3.260749799,2016-11-16T22:12:14.925000,5.0,,2016p867365
174.3387756,-41.70993042,3.942887247,2016-11-16T21:43:15.708000,13.84100246,,2016p867310
173.0952148,-42.58942032,3.912470725,2016-11-16T21:23:35.418000,5.0,,2016p867273
174.1667023,-41.69453049,4.973329122,2016-11-16T21:05:00.919000,11.0755682,,2016p867239
174.4215393,-41.57116699,3.02299475,2016-11-16T20:45:18.424000,5.0,,2016p867201
174.1656189,-41.82151413,3.354883423,2016-11-16T20:41:40.965000,4.996621132,,2016p867195
174.5435333,-41.26524353,3.188447093,2016-11-16T20:29:57.226000,23.21165657,,2016p867173
172.9623108,-42.62996292,3.243473994,2016-11-16T20:01:43.693000,5.0,,2016p867120
173.4312134,-42.47750473,3.043496812,2016-11-16T19:43:21.259000,5.0,,2016p867085
172.7977295,-42.65820312,3.328817004,2016-11-16T19:26:11.786000,6.145432472,,2016p867053
174.4102631,-41.70730591,3.199646577,2016-11-16T19:19:51.468000,8.6143713,,2016p867041
173.1068573,-42.57355499,3.645502985,2016-11-16T19:13:41.899000,5.0,,2016p867030
173.0651245,-42.60980225,3.000658039,2016-11-16T18:46:49.465000,10.44406891,,2016p866980
173.5010376,-42.20256805,3.716870784,2016-11-16T18:41:34.995000,5.0,,2016p866969
173.0404816,-42.60288239,3.165026246,2016-11-16T18:34:58.096000,5.0,,2016p866957
174.1452179,-41.68300629,3.875552666,2016-11-16T18:30:49.671000,9.397087097,,2016p866949
174.3604889,-41.72648239,3.52937615,2016-11-16T18:30:29.903000,12.87853336,,2016p866948
174.2864838,-41.73344421,3.333079367,2016-11-16T18:11:25.721000,11.61689663,,2016p866913
174.3017883,-41.71525574,3.604393431,2016-11-16T18:09:03.039000,7.949399948,,2016p866908
174.2568054,-41.69463348,3.166892262,2016-11-16T17:58:35.814000,8.616147041,,2016p866889
173.274826,-42.58260727,3.589308457,2016-11-16T17:36:38.471000,5.0,,2016p866848
173.0666504,-42.48183441,3.865506221,2016-11-16T17:36:03.259000,4.650352478,,2016p866846
173.2980347,-42.53882217,3.326089671,2016-11-16T17:21:34.065000,5.0,,2016p866819
173.2128754,-42.52898788,3.505428911,2016-11-16T17:17:58.078000,5.0,,2016p866812
173.9627075,-41.89572906,4.180706857,2016-11-16T17:08:23.976000,12.73612976,,2016p866795
172.7316895,-42.70540237,3.640647404,2016-11-16T17:06:29.461000,6.574344158,,2016p866791
174.0466614,-41.81620789,3.178753698,2016-11-16T16:54:41.357000,12.36026382,,2016p866769
173.6427002,-42.35018921,3.576488851,2016-11-16T16:51:33.029000,7.762395859,,2016p866763
173.6881714,-42.1682663,3.218660852,2016-11-16T16:04:17.371000,5.0,,2016p866674
172.8217316,-42.65761566,3.693032742,2016-11-16T16:02:33.090000,5.235192299,,2016p866671
174.1481323,-41.86591339,3.179210301,2016-11-16T15:56:55.656000,9.529589653,,2016p866660
173.7361603,-42.39514542,3.038485898,2016-11-16T15:40:00.402000,5.0,,2016p866629
173.5315247,-42.20755768,4.02564313,2016-11-16T15:29:48.812000,5.0,,2016p866610
174.1741333,-41.78466034,3.166322504,2016-11-16T15:19:25.743000,10.68360519,,2016p866590
173.3717346,-42.47074509,4.777751772,2016-11-16T15:03:49.905000,5.0,,2016p866561
173.7961731,-42.13891983,3.02459738,2016-11-16T14:52:02.069000,12.0,,2016p866539
173.7305145,-42.00967026,3.011577609,2016-11-16T14:47:12.604000,9.553865433,,2016p866530
173.9376831,-41.8795433,4.005713317,2016-11-16T14:41:33.564000,12.79176521,,2016p866519
174.2240295,-41.69563675,3.256174388,2016-11-16T14:39:43.763000,11.31727028,,2016p866516
172.6313629,-42.56938171,3.014377569,2016-11-16T14:29:49.024000,5.0,,2016p866497
173.4879608,-42.47210693,3.175713301,2016-11-16T14:28:16.259000,5.0,,2016p866494
173.5943756,-42.25743866,3.729572539,2016-11-16T14:20:46.795000,5.0,,2016p866480
173.0164948,-42.34865189,3.003302328,2016-11-16T14:20:09.874000,5.0,,2016p866479
174.2091522,-41.77453232,3.146303473,2016-11-16T14:03:55.340000,5.351998806,,2016p866448
173.5290222,-42.37520218,3.704633725,2016-11-16T13:55:32.976000,3.302909851,,2016p866433
174.025116,-41.89480972,3.030092443,2016-11-16T13:53:34.497000,13.11588001,,2016p866429
173.6592712,-42.38069153,3.247016297,2016-11-16T13:48:40.253000,5.0,,2016p866420
172.8626404,-42.80030441,3.519841612,2016-11-16T13:42:19.398000,5.0,,2016p866408
174.3136292,-41.6479187,3.116647982,2016-11-16T13:28:55.367000,12.28392315,,2016p866382
174.1914368,-41.70838547,3.133858321,2016-11-16T13:24:38.617000,11.76452923,,2016p866374
174.1140137,-41.80086517,3.276183642,2016-11-16T13:22:29.260000,13.60905266,,2016p866370
173.6291656,-41.95314407,3.09277602,2016-11-16T13:10:19.343000,5.0,,2016p866348
173.7390137,-42.33504105,3.202127312,2016-11-16T13:09:08.842000,5.0,,2016p866345
174.314743,-41.67808151,4.045476726,2016-11-16T13:05:38.758000,8.794525146,,2016p866339
172.8150787,-42.68714905,3.249764738,2016-11-16T13:05:21.149000,6.314842701,,2016p866338
174.4042816,-41.68619537,3.665642301,2016-11-16T12:54:21.228000,5.0,,2016p866318
173.894455,-42.35733795,3.868969091,2016-11-16T12:37:51.645000,12.0,,2016p866287
171.713623,-42.68225098,4.364921398,2016-11-16T12:19:42.793000,5.0,,2016p866253
174.0686188,-41.75268555,3.401199085,2016-11-16T12:15:27.957000,7.382169724,,2016p866245
173.6741791,-42.37478256,3.423783641,2016-11-16T12:10:57.105000,8.91369915,,2016p866236
173.6748505,-42.37203598,3.152889118,2016-11-16T11:49:10.257000,6.777032375,,2016p866195
173.3174896,-42.53867722,3.46454718,2016-11-16T11:39:57.987000,5.0,,2016p866178
172.8122406,-42.6702652,3.354253218,2016-11-16T11:19:54.505000,5.0,,2016p866140
173.5381012,-42.1742897,3.076736071,2016-11-16T11:18:51.553000,5.0,,2016p866138
173.5431213,-42.36013794,3.046588423,2016-11-16T11:07:17.492000,4.381703377,,2016p866118
173.6243591,-42.22525787,3.053252112,2016-11-16T10:25:52.801000,5.0,,2016p866039
173.5247192,-42.38019562,3.043016762,2016-11-16T10:23:42.341000,5.0,,2016p866035
173.5964661,-42.2669754,3.258177554,2016-11-16T10:14:09.511000,5.0,,2016p866017
173.9731903,-42.37876511,3.431543571,2016-11-16T10:12:12.598000,5.0,,2016p866013
173.7879486,-42.06301498,3.410019013,2016-11-16T09:59:25.652000,5.0,,2016p865989
173.2248688,-42.53434372,4.146793734,2016-11-16T09:53:45.754000,6.403836727,,2016p865978
174.2419128,-41.75953674,3.126661202,2016-11-16T09:35:43.678000,4.908174038,,2016p865945
175.6506653,-41.30108261,4.028579352,2016-11-16T09:15:14.891000,15.54866886,,2016p865907
172.8476257,-42.66442108,3.043288416,2016-11-16T08:59:14.288000,6.625228882,,2016p865876
174.3514862,-41.74707031,3.215419471,2016-11-16T08:54:34.401000,9.595552444,,2016p865868
174.0652618,-41.93956375,3.171533345,2016-11-16T08:50:51.665000,6.684412003,,2016p865861
173.7799072,-42.02352142,3.127159412,2016-11-16T08:38:38.214000,5.0,,2016p865838
174.0483093,-41.9838829,3.360427947,2016-11-16T08:33:54.566000,4.239982605,,2016p865829
173.8378448,-42.25454712,3.684257612,2016-11-16T08:30:00.543000,5.0,,2016p865822
173.465332,-42.35709763,4.051570423,2016-11-16T08:27:28.078000,8.077673912,,2016p865818
172.858551,-42.68618774,3.569716965,2016-11-16T08:27:11.429000,5.0,,2016p865816
173.1702271,-42.50289154,4.039169519,2016-11-16T08:21:39.672000,5.0,,2016p865806
173.0318909,-42.54519653,3.439985212,2016-11-16T08:10:22.663000,5.0,,2016p865785
174.1557007,-41.72518539,3.50824834,2016-11-16T08:08:27.573000,9.041794777,,2016p865781
174.2878113,-41.74836349,3.081558521,2016-11-16T07:37:27.554000,5.28879261,,2016p865723
173.8054962,-42.18464661,3.759706907,2016-11-16T07:12:01.066000,12.0,,2016p865675
173.1260681,-42.53088379,3.087420069,2016-11-16T07:00:34.191000,5.0,,2016p865654
173.8215332,-42.22640228,3.925715248,2016-11-16T06:46:34.288000,12.0,,2016p865627
174.3260956,-41.70162582,3.241197722,2016-11-16T06:38:16.158000,7.954031944,,2016p865612
174.0187683,-42.30718994,3.284656899,2016-11-16T06:33:30.333000,12.0,,2016p865603
174.091095,-41.93659592,3.489432395,2016-11-16T06:31:48.176000,8.958534241,,2016p865600
173.3628845,-42.47268295,3.114445569,2016-11-16T06:28:59.686000,5.0,,2016p865594
173.2646484,-42.50024414,4.04821033,2016-11-16T06:16:51.585000,5.0,,2016p865572
174.4227295,-41.70568848,4.807659863,2016-11-16T06:09:39.435000,5.0,,2016p865557
173.4387817,-42.3529129,3.261308701,2016-11-16T05:55:20.705000,4.749799728,,2016p865531
173.7312317,-42.39593887,3.122176547,2016-11-16T05:43:35.839000,4.991016388,,2016p865510
174.1672516,-41.67026901,3.812152206,2016-11-16T05:35:38.482000,9.060582161,,2016p865494
173.6834412,-42.41630936,3.056256451,2016-11-16T05:24:29.553000,7.413228512,,2016p865474
173.6417084,-42.34747696,3.449942623,2016-11-16T05:24:17.085000,9.122373581,,2016p865473
174.2761536,-41.68644333,3.306203446,2016-11-16T05:21:10.771000,9.140701294,,2016p865467
173.7645416,-42.02295303,3.728891086,2016-11-16T05:13:10.417000,8.657297134,,2016p865452
173.1730042,-42.54691315,3.434299755,2016-11-16T05:11:58.345000,5.0,,2016p865450
172.8029022,-42.65394974,3.18388009,2016-11-16T05:09:33.176000,5.0,,2016p865445
174.2987213,-41.70388031,3.336236954,2016-11-16T05:08:47.420000,7.051944733,,2016p865444
174.3334503,-41.69203949,3.413270495,2016-11-16T05:05:11.055000,5.0,,2016p865436
174.3003693,-41.6921196,4.088550192,2016-11-16T05:01:05.835000,7.511114597,,2016p865429
173.1296234,-42.56838608,3.056376441,2016-11-16T04:59:59.403000,5.0,,2016p865427
174.3801422,-41.61137772,4.41789896,2016-11-16T04:47:30.222000,5.0,,2016p865404
171.7211761,-42.66403198,3.146625123,2016-11-16T04:35:32.451000,5.0,,2016p865381
173.763504,-42.29772568,3.166395576,2016-11-16T04:31:31.258000,5.0,,2016p865374
173.7841492,-42.34643936,3.86488707,2016-11-16T04:22:06.378000,5.0,,2016p865356
174.3162079,-41.76583862,4.366313378,2016-11-16T03:55:15.364000,5.0,,2016p865306
174.1893463,-41.77558899,3.189037552,2016-11-16T03:54:25.805000,14.75603485,,2016p865304
173.7887726,-42.30754852,3.546655551,2016-11-16T03:53:11.626000,5.0,,2016p865301
174.1393127,-41.6969986,3.004690114,2016-11-16T03:52:01.933000,5.564620972,,2016p865300
173.5727844,-42.26332092,3.05642893,2016-11-16T03:46:37.512000,5.0,,2016p865290
174.2832794,-41.675354,3.413289218,2016-11-16T03:42:46.875000,7.92896986,,2016p865283
173.6364899,-42.91152573,4.388571132,2016-11-16T03:31:04.863000,23.7201519,,2016p865261
174.3283844,-41.69045639,3.22424682,2016-11-16T03:08:42.529000,12.61391068,,2016p865219
173.2190857,-42.50975418,3.957657944,2016-11-16T03:07:15.207000,7.514721394,,2016p865216
173.6898346,-41.97848129,3.472589661,2016-11-16T02:56:34.001000,5.0,,2016p865196
173.4001923,-42.48953247,3.155235089,2016-11-16T02:55:07.911000,5.0,,2016p865193
173.5900726,-42.14934158,3.203254368,2016-11-16T02:46:55.909000,5.0,,2016p865177
173.2769928,-42.51964188,3.0502419,2016-11-16T02:38:57.717000,5.0,,2016p865163
173.1705475,-42.57493591,3.059016665,2016-11-16T02:36:37.183000,5.0,,2016p865159
173.6494598,-42.18410492,4.003126862,2016-11-16T02:14:23.197000,7.485888481,,2016p865117
173.1380768,-42.55994415,3.121496269,2016-11-16T02:12:06.808000,5.0,,2016p865112
174.207428,-41.71745682,3.2235406,2016-11-16T02:06:44.656000,7.921245098,,2016p865102
174.2948608,-41.72547913,3.227287415,2016-11-16T01:53:20.278000,12.7026453,,2016p865077
173.7681732,-42.25847244,3.436037475,2016-11-16T01:40:48.302000,7.296540737,,2016p865054
173.7871094,-42.0362587,3.36475765,2016-11-16T01:20:30.878000,5.079444885,,2016p865015
174.0402832,-41.84052277,3.355466876,2016-11-16T01:05:53.901000,13.82197666,,2016p864988
173.159317,-42.58325195,3.217608269,2016-11-16T00:59:16.780000,5.473747253,,2016p864974
172.8202515,-42.64906693,3.020734098,2016-11-16T00:51:12.161000,6.499291897,,2016p864961
173.4781189,-42.31380463,3.645821557,2016-11-16T00:46:36.365000,8.623952866,,2016p864954
173.6842499,-42.38497543,3.752057379,2016-11-16T00:46:27.588000,5.0,,2016p864952
174.6823273,-41.06603241,3.106417485,2016-11-16T00:42:54.720000,21.47596359,,2016p864945
173.3341064,-42.48562622,3.014220728,2016-11-16T00:41:23.918000,5.0,,2016p864942
174.2098236,-41.79358292,3.203407495,2016-11-16T00:21:01.192000,13.98184013,,2016p864904
173.6129608,-42.38289261,3.010010138,2016-11-16T00:14:27.112000,4.122197628,,2016p864891
173.6235352,-42.15158463,3.131935139,2016-11-16T00:12:04.049000,5.0,,2016p864888
174.4545746,-41.08794022,3.189894099,2016-11-16T00:10:41.198000,25.11087227,,2016p864884
174.6699219,-41.07688522,3.43850062,2016-11-16T00:01:03.955000,21.90889168,,2016p864866
174.3001709,-41.72693634,3.402784186,2016-11-15T23:50:46.597000,7.684409142,,2016p864847
174.0157318,-41.80837631,4.598823181,2016-11-15T23:47:51.338000,9.628955841,,2016p864842
173.9370575,-41.9100647,3.73047094,2016-11-15T23:37:24.369000,15.30292034,,2016p864822
174.154541,-41.81652832,3.254530216,2016-11-15T23:36:31.420000,5.336790085,,2016p864820
174.1199799,-41.80036926,3.165535294,2016-11-15T23:32:13.721000,6.844575882,,2016p864812
173.3928986,-42.56838608,3.41664604,2016-11-15T23:27:43.981000,5.313735962,,2016p864803
173.9747009,-41.92715836,3.06163852,2016-11-15T23:24:08.384000,9.294911385,,2016p864797
174.308609,-41.7162056,3.014663686,2016-11-15T23:15:26.671000,6.500845909,,2016p864782
174.247818,-41.71746826,3.063356563,2016-11-15T23:14:44.599000,15.47921944,,2016p864779
172.8662109,-42.67572403,3.133035637,2016-11-15T23:10:30.495000,11.82199383,,2016p864771
174.3095245,-41.68228912,4.270016049,2016-11-15T23:01:08.966000,10.76503277,,2016p864754
173.8212891,-42.30059814,3.798327017,2016-11-15T22:58:32.143000,9.176667213,,2016p864749
173.2246246,-42.48612213,3.408292273,2016-11-15T22:53:21.036000,5.0,,2016p864739
173.5397186,-42.41407776,3.388030618,2016-11-15T22:52:26.911000,7.83069706,,2016p864738
174.0260925,-42.36690903,3.12443331,2016-11-15T22:48:49.410000,5.0,,2016p864731
172.9328766,-42.63015747,3.132486181,2016-11-15T22:46:58.127000,8.234045029,,2016p864727
173.5267029,-42.44415665,3.299945819,2016-11-15T22:45:19.404000,8.230485916,,2016p864724
173.0291748,-42.47927094,3.680467192,2016-11-15T22:41:38.446000,5.0,,2016p864718
174.3151855,-41.7068367,3.497691384,2016-11-15T22:41:09.673000,9.22884655,,2016p864717
174.1918945,-41.84113312,3.564811362,2016-11-15T22:40:41.459000,10.29898739,,2016p864716
173.7512054,-42.40421677,3.020921715,2016-11-15T22:39:29.599000,5.0,,2016p864713
173.8796997,-42.47341537,3.734056891,2016-11-15T22:36:03.313000,10.38501453,,2016p864706
173.9395142,-42.24415588,3.143540703,2016-11-15T22:30:51.540000,5.0,,2016p864697
173.769455,-42.10684586,3.404658179,2016-11-15T22:18:56.955000,6.660261631,,2016p864675
174.2064667,-41.82232666,3.207763886,2016-11-15T22:05:35.068000,5.0,,2016p864649
174.3628998,-41.71745682,3.381943826,2016-11-15T21:57:07.778000,9.909152031,,2016p864634
174.2842865,-41.70041275,3.264366895,2016-11-15T21:50:34.071000,6.849232197,,2016p864621
174.379776,-41.72554398,3.493913224,2016-11-15T21:49:38.269000,6.787479877,,2016p864620
174.1413574,-41.83418655,3.191145517,2016-11-15T21:46:24.903000,10.14754391,,2016p864613
178.8360291,-38.31885529,3.183371233,2016-11-15T21:39:04.207000,12.0,,2016p864600
173.8430328,-42.03003311,3.580229664,2016-11-15T21:36:52.588000,5.0,,2016p864596
173.3600769,-42.51036835,3.471860426,2016-11-15T21:29:23.515000,5.0,,2016p864582
174.2243958,-41.70624161,3.381642896,2016-11-15T21:23:02.135000,10.59182358,,2016p864570
173.5129395,-42.18562317,3.011772261,2016-11-15T21:21:50.952000,7.237707138,,2016p864568
173.8039703,-42.04040146,3.169321233,2016-11-15T21:14:39.240000,7.281005859,,2016p864554
173.7696838,-42.02931976,3.39200717,2016-11-15T21:09:12.579000,4.85518074,,2016p864544
173.7575378,-42.23209381,3.133887797,2016-11-15T21:07:20.553000,7.700974464,,2016p864540
173.9996033,-42.45859909,3.056479981,2016-11-15T21:05:37.342000,8.039888382,,2016p864537
174.3637848,-41.57789993,3.190485217,2016-11-15T21:03:18.783000,8.744147301,,2016p864533
174.1963348,-41.68676376,3.701127066,2016-11-15T20:58:06.487000,8.165913582,,2016p864523
173.9947968,-41.92342377,3.099538232,2016-11-15T20:56:17.855000,6.07376194,,2016p864520
174.2223206,-41.81608582,3.29017395,2016-11-15T20:54:32.714000,13.32737827,,2016p864516
174.2948914,-41.74342728,3.710918176,2016-11-15T20:42:28.055000,6.655508518,,2016p864494
173.9002228,-42.32058716,3.813398109,2016-11-15T20:36:50.395000,12.0,,2016p864483
174.0293274,-41.95404816,3.196956827,2016-11-15T20:36:12.432000,4.793037415,,2016p864482
173.5874786,-42.2387085,3.051297379,2016-11-15T20:33:57.908000,9.674325943,,2016p864478
173.7872925,-42.06138611,3.75041859,2016-11-15T20:32:14.175000,6.297951221,,2016p864474
174.1237335,-41.67900467,3.685861545,2016-11-15T20:24:30.795000,10.09771538,,2016p864460
174.1517334,-41.76139832,4.159643829,2016-11-15T20:21:40.576000,6.997711182,,2016p864454
174.4090424,-41.73519516,3.34412969,2016-11-15T20:16:39.735000,6.134913445,,2016p864445
174.1139374,-41.94618225,3.612593477,2016-11-15T20:11:31.211000,5.796345234,,2016p864436
172.956665,-42.09768677,3.20698763,2016-11-15T20:11:01.745000,4.578279972,,2016p864435
174.2280884,-41.68297958,3.904181188,2016-11-15T20:03:44.649000,9.434430122,,2016p864421
174.4121246,-41.6403923,4.743873903,2016-11-15T19:53:02.744000,8.822173119,,2016p864401
174.2600555,-41.71712494,3.100406261,2016-11-15T19:50:35.877000,7.454117775,,2016p864396
174.2393036,-41.67341995,3.300184782,2016-11-15T19:49:43.155000,9.906913757,,2016p864395
172.878418,-42.65750885,3.495711575,2016-11-15T19:42:07.943000,10.94920635,,2016p864380
174.1976776,-41.71623611,3.684700601,2016-11-15T19:39:20.027000,7.761245251,,2016p864375
173.9463196,-41.92066574,3.12204849,2016-11-15T19:37:55.872000,9.765250206,,2016p864372
173.548996,-42.32221222,3.366794345,2016-11-15T19:36:32.571000,5.0,,2016p864369
173.3913574,-42.44268799,3.353057501,2016-11-15T19:35:38.737000,11.65416718,,2016p864368
174.2095947,-41.70780945,3.027884737,2016-11-15T19:30:03.965000,6.325084686,,2016p864358
174.3130493,-41.72808075,3.804580009,2016-11-15T19:28:32.731000,6.297851562,,2016p864354
173.5568085,-42.15734863,3.78649283,2016-11-15T19:27:47.675000,5.0,,2016p864353
174.138382,-41.92801666,4.128785613,2016-11-15T19:18:54.346000,12.03287792,,2016p864337
173.6559448,-42.20444489,3.17074207,2016-11-15T19:14:01.271000,6.668988228,,2016p864327
174.3481445,-41.70173645,4.710581905,2016-11-15T19:03:58.591000,11.70079231,,2016p864309
173.8158264,-42.02043152,3.172465865,2016-11-15T18:59:44.750000,5.0,,2016p864300
174.2467346,-41.74979019,3.006452398,2016-11-15T18:34:47.396000,0.09370087087,,2016p864254
173.712677,-41.99632645,3.160036819,2016-11-15T18:32:23.627000,9.091501236,,2016p864249
173.6399384,-42.44340897,3.73682803,2016-11-15T18:29:43.389000,9.265242577,,2016p864244
174.0450287,-41.90898895,3.613577998,2016-11-15T18:24:54.252000,8.932193756,,2016p864235
174.2022552,-41.73439407,3.323532772,2016-11-15T18:24:08.916000,16.56885338,,2016p864234
173.714859,-42.47568512,3.032246966,2016-11-15T18:23:35.563000,15.18548107,,2016p864233
173.5161743,-42.59095764,4.217932463,2016-11-15T18:21:20.449000,5.0,,2016p864229
173.4768524,-42.42821121,4.746090854,2016-11-15T18:19:01.745000,5.0,,2016p864224
173.8034515,-42.37662888,3.01600837,2016-11-15T18:15:36.373000,5.0,,2016p864218
174.1190948,-41.70128632,3.194596384,2016-11-15T18:11:19.377000,12.05246925,,2016p864209
173.7732849,-42.05646133,3.169435715,2016-11-15T18:06:45.582000,5.484805584,,2016p864200
173.8983307,-42.35890579,3.23829776,2016-11-15T18:06:10.153000,9.708930016,,2016p864201
174.2291412,-41.77462006,3.001763097,2016-11-15T17:58:52.155000,10.1027441,,2016p864187
174.1502228,-41.90015793,3.425183474,2016-11-15T17:56:23.521000,10.53793335,,2016p864182
174.2506866,-41.69228745,3.387438162,2016-11-15T17:54:39.762000,7.402555943,,2016p864179
173.9220428,-42.53282928,3.457347064,2016-11-15T17:51:28.890000,9.140353203,,2016p864173
173.8513336,-42.46566772,3.156838194,2016-11-15T17:47:12.104000,7.802336693,,2016p864165
173.4934235,-42.34571457,3.151701926,2016-11-15T17:45:35.890000,5.0,,2016p864161
174.384903,-41.70812988,3.418745446,2016-11-15T17:45:02.166000,10.07202148,,2016p864160
173.9926453,-41.9451828,3.486848707,2016-11-15T17:36:16.044000,8.332957268,,2016p864144
174.2640076,-41.77198792,3.019014678,2016-11-15T17:28:16.378000,9.342769623,,2016p864129
174.134491,-42.36403275,3.468733392,2016-11-15T17:23:51.318000,5.0,,2016p864121
174.000473,-42.47053146,3.066660821,2016-11-15T17:17:24.633000,22.46152496,,2016p864109
174.3056793,-41.6965065,3.468518615,2016-11-15T17:14:39.668000,6.325941563,,2016p864103
173.9241028,-42.40305328,3.693351302,2016-11-15T16:56:47.567000,12.0,,2016p864070
174.1435089,-42.377491,3.134270444,2016-11-15T16:55:51.934000,4.578950882,,2016p864068
174.1038818,-42.32453918,3.431848578,2016-11-15T16:52:42.599000,5.868087769,,2016p864062
173.897522,-42.55244446,3.974464211,2016-11-15T16:49:24.921000,12.0,,2016p864057
174.3432617,-41.73117447,3.669797747,2016-11-15T16:48:34.973000,9.771979332,,2016p864055
174.1186371,-42.36593246,3.982318992,2016-11-15T16:43:55.572000,5.0,,2016p864046
173.2277832,-42.57578659,3.586601791,2016-11-15T16:42:01.941000,13.29960728,,2016p864042
174.1039276,-42.36801529,3.469237662,2016-11-15T16:35:58.139000,5.0,,2016p864031
173.6723938,-42.15602875,3.082833303,2016-11-15T16:35:33.247000,11.88625717,,2016p864030
174.0925903,-42.35768509,3.644482928,2016-11-15T16:32:11.504000,5.0,,2016p864024
173.8066559,-42.46271133,3.734189446,2016-11-15T16:25:42.490000,12.13292027,,2016p864012
173.8160248,-42.07695007,3.067645675,2016-11-15T16:16:29.910000,5.0,,2016p863994
172.9803467,-42.55086136,3.080263143,2016-11-15T16:10:24.891000,12.0,,2016p863983
173.146637,-42.53535843,3.277969167,2016-11-15T16:04:21.188000,12.22532845,,2016p863972
173.5121765,-42.26286316,3.352450709,2016-11-15T16:04:06.242000,15.25574875,,2016p863971
173.881424,-42.50628281,3.156719929,2016-11-15T16:03:23.911000,5.0,,2016p863970
174.2810669,-41.66110992,3.285098666,2016-11-15T15:56:40.527000,5.0,,2016p863957
173.8744965,-42.32160187,3.084114086,2016-11-15T15:55:33.349000,5.0,,2016p863955
173.9680176,-42.28863144,3.226336956,2016-11-15T15:44:41.150000,5.0,,2016p863935
174.183609,-41.83883667,3.748424546,2016-11-15T15:21:40.011000,5.0,,2016p863892
174.2807922,-41.71255493,4.400438287,2016-11-15T15:15:56.876000,9.681557655,,2016p863881
174.2294006,-41.72062302,3.700745751,2016-11-15T15:08:04.698000,10.00828266,,2016p863865
173.7677155,-42.10010529,4.18976039,2016-11-15T15:07:19.479000,5.738389015,,2016p863864
173.0377197,-42.52498245,3.390254354,2016-11-15T14:49:33.523000,36.69933701,,2016p863831
173.1508331,-42.55170822,3.08595504,2016-11-15T14:37:47.142000,5.0,,2016p863809
173.8724365,-42.22938156,3.21000783,2016-11-15T14:34:13.883000,5.0,,2016p863802
173.6809387,-41.94265747,3.030800022,2016-11-15T14:33:00.922000,6.744364738,,2016p863800
173.694397,-41.96159744,3.47858186,2016-11-15T14:31:45.746000,9.06223011,,2016p863798
174.2300262,-41.68551636,3.262873241,2016-11-15T14:16:00.780000,9.120005608,,2016p863768
174.1997223,-41.80563354,3.479738188,2016-11-15T14:09:01.241000,8.842445374,,2016p863755
173.7825012,-42.29377365,4.677276058,2016-11-15T14:02:39.848000,7.299888134,,2016p863743
173.7018738,-42.30393219,4.37482332,2016-11-15T14:02:37.527000,6.64603281,,2016p863744
174.3740234,-41.70823669,3.087196248,2016-11-15T13:59:09.342000,8.063592911,,2016p863737
172.9599457,-42.70420456,3.880863766,2016-11-15T13:57:06.127000,7.259589672,,2016p863733
174.1794281,-41.69571304,4.763905394,2016-11-15T13:52:03.230000,11.55106449,,2016p863723
174.1210022,-42.36816406,3.165014444,2016-11-15T13:38:39.863000,5.0,,2016p863698
173.9364166,-42.32961273,3.38705756,2016-11-15T13:35:40.659000,5.0,,2016p863693
173.9651947,-42.32516861,3.668467933,2016-11-15T13:32:06.636000,5.0,,2016p863686
173.1948395,-42.58850861,3.439211467,2016-11-15T13:30:56.944000,5.0,,2016p863683
173.7839508,-42.2670784,3.03827573,2016-11-15T13:22:48.766000,11.29394245,,2016p863669
173.0430603,-42.51372147,3.332179863,2016-11-15T13:17:26.669000,5.0,,2016p863658
174.1660767,-41.71735764,3.291887647,2016-11-15T13:16:38.174000,7.072707176,,2016p863657
174.2406158,-41.79194641,3.605515177,2016-11-15T13:15:18.652000,9.342727661,,2016p863654
174.2927856,-41.73031616,3.836558596,2016-11-15T13:11:59.032000,9.804298401,,2016p863648
173.6251526,-42.05698395,3.733512612,2016-11-15T13:06:10.223000,5.0,,2016p863637
174.1038513,-41.69134521,3.019787733,2016-11-15T13:04:57.290000,10.56038952,,2016p863635
173.2293549,-42.49862671,3.269155341,2016-11-15T13:00:53.637000,5.0,,2016p863627
172.8959656,-42.63352203,4.402111164,2016-11-15T12:56:47.402000,5.190867901,,2016p863621
174.2969513,-41.71158981,4.039484937,2016-11-15T12:56:35.519000,10.91258049,,2016p863619
173.7023773,-42.36584091,3.31674706,2016-11-15T12:56:00.495000,5.0,,2016p863618
174.2116547,-41.69839478,3.205714712,2016-11-15T12:51:21.461000,5.714744091,,2016p863610
174.25914,-41.70849228,3.124878379,2016-11-15T12:50:48.689000,4.542515278,,2016p863609
173.4304199,-42.43009567,3.167580893,2016-11-15T12:46:53.726000,4.958470821,,2016p863601
173.7004089,-42.10165024,3.23703317,2016-11-15T12:45:24.151000,6.365225792,,2016p863598
174.3331299,-41.71647644,3.52301752,2016-11-15T12:43:31.077000,6.963857651,,2016p863595
172.4938507,-42.58033371,3.163006703,2016-11-15T12:42:31.429000,5.0,,2016p863593
173.6392975,-42.06283951,3.707117567,2016-11-15T12:32:18.860000,5.0,,2016p863574
172.774231,-42.67002106,3.005286908,2016-11-15T12:27:32.065000,2.348335266,,2016p863565
173.6795654,-42.20410156,3.496267023,2016-11-15T12:14:14.477000,5.0,,2016p863540
174.193573,-41.70092392,4.04307936,2016-11-15T12:12:05.939000,10.24896908,,2016p863536
174.0903473,-41.81587601,3.128574532,2016-11-15T11:58:46.971000,14.19598007,,2016p863510
173.6768188,-42.30997467,3.210905017,2016-11-15T11:51:19.239000,10.82713699,,2016p863496
173.3446198,-42.57337952,4.113975406,2016-11-15T11:45:25.714000,12.15225601,,2016p863486
173.6859589,-42.15152359,3.829082202,2016-11-15T11:36:53.171000,10.90603256,,2016p863470
174.1640167,-41.844944,3.494897347,2016-11-15T11:36:07.771000,9.158935547,,2016p863468
174.3222198,-41.74786758,3.173706016,2016-11-15T11:16:18.559000,6.146600246,,2016p863432
173.8003082,-41.97912216,3.038800436,2016-11-15T11:08:36.420000,7.578681469,,2016p863416
173.9869385,-42.30658722,3.899929458,2016-11-15T10:54:58.971000,5.0,,2016p863391
174.1404572,-41.70381165,3.390710457,2016-11-15T10:50:18.506000,7.960410118,,2016p863382
173.7313232,-42.03798676,3.386345989,2016-11-15T10:49:13.635000,7.655320644,,2016p863383
173.8265228,-42.41540909,3.543731348,2016-11-15T10:48:41.822000,15.70937634,,2016p863379
173.881012,-42.3328476,3.00758287,2016-11-15T10:46:50.822000,5.0,,2016p863376
173.9003906,-42.40588379,3.252148625,2016-11-15T10:42:11.906000,5.0,,2016p863367
173.9755249,-42.54828262,3.104592501,2016-11-15T10:40:46.351000,6.705108166,,2016p863364
173.6604767,-42.27474594,3.377717818,2016-11-15T10:37:41.860000,14.94922638,,2016p863359
172.8066406,-42.71780396,3.407301647,2016-11-15T10:36:47.854000,12.0,,2016p863357
174.2706909,-41.72783279,3.135637357,2016-11-15T10:33:41.231000,15.626688,,2016p863351
174.12854,-41.69129562,3.717651417,2016-11-15T10:31:57.294000,13.40486813,,2016p863347
172.8773499,-42.42871475,3.551795736,2016-11-15T10:28:04.310000,37.02371979,,2016p863340
173.8596344,-42.38983917,3.547918309,2016-11-15T10:25:14.578000,9.116074562,,2016p863336
173.7331085,-42.06501389,3.55053884,2016-11-15T10:15:33.978000,8.011223793,,2016p863317
174.1212769,-41.8873024,3.156893076,2016-11-15T10:14:38.112000,8.12778759,,2016p863315
173.7224274,-42.08385086,3.370992877,2016-11-15T10:10:56.412000,3.940344572,,2016p863308
174.1412659,-41.87062836,3.679599707,2016-11-15T10:09:24.169000,5.371418476,,2016p863305
173.6364746,-42.29321289,3.125729271,2016-11-15T10:07:18.792000,9.667589188,,2016p863302
172.8033295,-42.0512085,3.905071483,2016-11-15T09:55:13.596000,55.38679504,,2016p863279
174.0778351,-41.85829544,3.323388755,2016-11-15T09:51:38.126000,8.152916908,,2016p863272
173.8114624,-42.37454987,3.299213436,2016-11-15T09:43:33.306000,5.0,,2016p863256
173.1915283,-42.50933456,3.338462403,2016-11-15T09:40:45.226000,6.788446903,,2016p863252
174.3067322,-41.74308777,3.428933487,2016-11-15T09:39:33.857000,8.424983025,,2016p863249
173.3278809,-42.5694809,3.618919755,2016-11-15T09:38:46.918000,14.48559475,,2016p863248
173.0478973,-42.62817001,3.288954329,2016-11-15T09:32:17.129000,5.0,,2016p863236
174.1162415,-41.97254181,3.113927637,2016-11-15T09:24:15.528000,5.028373718,,2016p863221
173.8262329,-42.34365463,3.006229544,2016-11-15T09:21:50.630000,6.886624336,,2016p863216
173.7131348,-42.28475952,3.058018138,2016-11-15T09:18:22.268000,5.0,,2016p863210
173.807373,-42.08958435,3.755501695,2016-11-15T09:12:02.204000,5.0,,2016p863198
173.8251648,-42.09563828,4.108379783,2016-11-15T09:10:03.275000,10.23039818,,2016p863194
174.3050842,-41.65658569,3.013693867,2016-11-15T09:09:16.218000,5.0,,2016p863193
174.0151215,-41.97192001,3.160729645,2016-11-15T09:03:36.422000,7.468263149,,2016p863183
173.8409271,-42.55504227,3.882487277,2016-11-15T08:57:12.935000,5.0,,2016p863170
174.0702057,-41.7251091,3.115582074,2016-11-15T08:56:27.724000,20.83820343,,2016p863169
173.6866302,-42.1949501,3.713476723,2016-11-15T08:56:27.238000,6.894796371,,2016p863168
173.8687897,-42.36465454,4.523564049,2016-11-15T08:51:14.969000,8.242490768,,2016p863159
173.7684174,-42.36366272,3.141868605,2016-11-15T08:50:37.605000,11.79228306,,2016p863158
178.7868652,-38.28495789,3.107200349,2016-11-15T08:46:17.280000,23.52240562,,2016p863149
174.2567444,-41.69927216,4.616904549,2016-11-15T08:42:13.986000,7.120433331,,2016p863142
173.7659454,-42.48074722,3.104812425,2016-11-15T08:29:30.500000,0.7362020016,,2016p863118
174.2304382,-41.68928528,3.018996599,2016-11-15T08:19:17.814000,9.286236763,,2016p863099
173.7936859,-42.43788147,3.013237154,2016-11-15T08:14:48.331000,5.0,,2016p863090
173.5684814,-42.26479721,4.141242357,2016-11-15T08:08:27.549000,9.810491562,,2016p863078
173.3069611,-42.54140472,4.1214697,2016-11-15T08:00:38.121000,22.50485802,,2016p863064
174.2597656,-41.7293129,3.037426227,2016-11-15T07:56:01.200000,13.2595005,,2016p863055
173.8962555,-42.34743881,3.042511772,2016-11-15T07:43:20.801000,5.0,,2016p863031
173.6529999,-42.4806366,3.067854692,2016-11-15T07:43:17.438000,5.0,,2016p863032
174.2247467,-41.70185471,3.419704108,2016-11-15T07:35:19.664000,7.869419098,,2016p863016
174.2874146,-41.76612473,3.664376251,2016-11-15T07:33:08.001000,6.254006863,,2016p863012
173.7882538,-42.28746033,3.952573835,2016-11-15T07:31:18.675000,7.579348087,,2016p863009
173.2706146,-42.51512527,3.629449213,2016-11-15T07:28:59.696000,8.530243874,,2016p863004
173.6248474,-42.0539093,3.570691072,2016-11-15T07:24:28.497000,5.0,,2016p862996
174.2460785,-41.69567108,4.731787607,2016-11-15T07:12:26.681000,9.750073433,,2016p862973
174.2055054,-41.75712967,3.048427703,2016-11-15T07:02:02.851000,11.18580246,,2016p862953
173.8585205,-42.00122452,3.357681755,2016-11-15T06:58:17.797000,8.240145683,,2016p862947
173.1943665,-42.77750015,3.025759115,2016-11-15T06:50:12.802000,12.73663807,,2016p862930
173.8802338,-42.35217285,3.199630383,2016-11-15T06:41:41.630000,10.86047554,,2016p862915
174.1673737,-41.83783722,3.41201701,2016-11-15T06:34:48.902000,5.0,,2016p862903
174.3593445,-41.7233696,3.654910104,2016-11-15T06:34:28.959000,12.5921793,,2016p862902
174.2242432,-41.689888,3.118640107,2016-11-15T06:32:54.135000,5.0,,2016p862896
173.8515778,-42.29529953,5.843717343,2016-11-15T06:30:31.742000,11.07760811,,2016p862895
173.0891724,-42.52861404,4.087848362,2016-11-15T06:27:38.139000,8.851480484,,2016p862889
174.230011,-41.78528595,3.446565976,2016-11-15T06:26:25.739000,10.29530048,,2016p862886
173.6913147,-42.31355286,3.098661224,2016-11-15T06:21:36.322000,12.34130669,,2016p862878
173.8796234,-42.3586731,3.061201066,2016-11-15T06:20:48.452000,5.0,,2016p862876
172.7555847,-42.72063446,3.297557645,2016-11-15T06:18:12.606000,5.0,,2016p862871
174.2276001,-41.69468307,3.210155382,2016-11-15T06:12:39.603000,8.191568375,,2016p862861
174.2331848,-41.70586014,4.366682673,2016-11-15T06:09:35.958000,11.11373329,,2016p862855
174.0222778,-41.86928177,3.16219064,2016-11-15T06:03:35.421000,11.55021763,,2016p862844
172.8161011,-42.67092896,3.110188037,2016-11-15T06:01:35.662000,9.733283997,,2016p862840
173.8914948,-42.44937897,3.246538359,2016-11-15T05:53:35.918000,5.0,,2016p862825
174.0939941,-41.9331665,3.349029861,2016-11-15T05:48:11.156000,8.223786354,,2016p862815
174.0424652,-41.92782974,3.514937232,2016-11-15T05:47:40.670000,5.0,,2016p862814
173.8657837,-42.21672058,4.181463128,2016-11-15T05:45:57.721000,12.0,,2016p862811
172.8356018,-42.66411591,3.095854614,2016-11-15T05:33:21.282000,5.0,,2016p862787
173.6829376,-42.20716095,3.224212753,2016-11-15T05:27:03.169000,9.43510437,,2016p862775
174.2514191,-41.72277832,3.655514019,2016-11-15T05:18:40.111000,10.17958546,,2016p862760
174.2650604,-41.77522278,3.465559906,2016-11-15T05:14:07.137000,9.713320732,,2016p862751
173.6486969,-42.28828812,5.274230579,2016-11-15T05:09:27.646000,11.15705299,,2016p862742
173.7091217,-42.32867432,3.782908961,2016-11-15T05:07:30.985000,12.27719212,,2016p862739
173.0679016,-42.51709747,3.210452802,2016-11-15T05:03:32.903000,5.477615833,,2016p862731
173.8710785,-42.03395081,3.30407677,2016-11-15T05:01:09.396000,7.272444248,,2016p862725
173.094635,-42.60356903,3.044438458,2016-11-15T04:51:56.317000,11.1952877,,2016p862710
173.9686584,-42.55220032,3.901583527,2016-11-15T04:48:24.624000,12.0,,2016p862703
174.3016205,-41.67630005,3.139424322,2016-11-15T04:37:25.324000,6.197189808,,2016p862682
174.0988312,-41.77706528,3.25646329,2016-11-15T04:22:02.903000,8.596728325,,2016p862654
172.8504486,-42.67755508,3.846042076,2016-11-15T04:16:54.027000,8.571809769,,2016p862644
174.2309418,-41.69229889,3.429513285,2016-11-15T04:14:45.236000,7.938084126,,2016p862640
174.012558,-42.56562042,4.868806463,2016-11-15T04:12:45.426000,15.16740704,,2016p862636
174.2401886,-41.79700089,4.297778929,2016-11-15T04:04:43.334000,11.07157421,,2016p862621
174.0635529,-42.40507126,3.189639618,2016-11-15T04:00:03.037000,12.0,,2016p862612
174.3542328,-41.72206879,3.016920626,2016-11-15T03:52:05.644000,6.798926353,,2016p862597
174.3435211,-41.71449661,3.273696983,2016-11-15T03:50:15.233000,9.263521194,,2016p862594
173.4689178,-42.56912613,3.533399885,2016-11-15T03:47:40.562000,5.0,,2016p862589
173.841507,-42.18793106,3.118226462,2016-11-15T03:42:58.094000,5.0,,2016p862580
174.203537,-41.69787216,3.429841568,2016-11-15T03:35:35.088000,12.49724388,,2016p862568
173.2103577,-42.52183151,3.260510058,2016-11-15T03:35:24.483000,12.65299416,,2016p862566
173.8640747,-42.32194519,3.283769652,2016-11-15T03:31:24.471000,5.0,,2016p862558
174.1441345,-41.67577744,3.768480971,2016-11-15T03:29:25.286000,8.873843193,,2016p862554
173.5466309,-42.51944351,3.015649352,2016-11-15T03:27:04.560000,5.0,,2016p862550
173.5673065,-42.40036774,3.282720186,2016-11-15T03:23:40.963000,17.64317513,,2016p862544
173.6463318,-42.43102264,3.329073641,2016-11-15T03:22:56.207000,5.0,,2016p862543
174.1531067,-41.69940567,3.02862822,2016-11-15T03:18:56.091000,8.09826088,,2016p862535
172.959259,-42.6847496,3.265275409,2016-11-15T03:15:50.519000,4.625524998,,2016p862529
174.0726166,-42.53721619,3.242320206,2016-11-15T03:14:09.129000,5.0,,2016p862526
173.8084259,-42.4288559,3.460958697,2016-11-15T03:02:35.916000,5.0,,2016p862504
174.3854523,-41.71393204,3.545751041,2016-11-15T03:01:50.504000,9.475684166,,2016p862503
174.235672,-42.07618332,3.020137634,2016-11-15T03:00:34.974000,12.0,,2016p862500
174.20784,-41.86332321,3.446049795,2016-11-15T02:52:46.506000,12.0,,2016p862486
174.2349091,-41.69097137,3.616545191,2016-11-15T02:48:49.783000,5.0,,2016p862479
173.7660217,-42.03874969,3.594176675,2016-11-15T02:48:01.152000,8.771136284,,2016p862477
174.2039948,-41.67546082,3.566752539,2016-11-15T02:46:51.108000,5.0,,2016p862475
174.286499,-41.66779327,3.365573084,2016-11-15T02:45:57.497000,12.0,,2016p862473
174.23703,-41.68815994,3.864349709,2016-11-15T02:43:58.289000,6.289506435,,2016p862469
174.2137909,-41.71995926,3.206469702,2016-11-15T02:42:30.836000,5.768188477,,2016p862467
174.2017975,-41.70122147,3.199892264,2016-11-15T02:42:03.702000,6.079613686,,2016p862466
172.8188782,-42.73745728,3.528658207,2016-11-15T02:41:08.168000,5.0,,2016p862464
174.2424774,-41.69494247,3.252795481,2016-11-15T02:40:46.810000,6.38270998,,2016p862463
173.4198608,-42.57926178,3.481848816,2016-11-15T02:25:53.839000,8.5607481,,2016p862436
174.2141571,-41.71992111,3.44992614,2016-11-15T02:24:22.147000,5.0,,2016p862431
174.3430939,-41.79098511,4.328142325,2016-11-15T02:23:05.077000,10.66363907,,2016p862430
173.4219666,-42.37168503,3.693388586,2016-11-15T02:18:03.744000,3.481782913,,2016p862421
173.8962402,-42.01247406,3.254211918,2016-11-15T02:17:46.755000,7.869278431,,2016p862420
174.1552887,-41.86182022,3.141335889,2016-11-15T02:16:28.298000,10.26845741,,2016p862418
174.2634277,-41.69392395,3.355675451,2016-11-15T02:15:32.805000,5.158387661,,2016p862416
173.4698181,-42.33732986,3.190093058,2016-11-15T02:11:55.032000,5.0,,2016p862409
174.0862122,-41.9344101,3.047213235,2016-11-15T02:11:24.734000,5.911625385,,2016p862408
174.2478333,-41.68657303,3.049949884,2016-11-15T02:10:10.349000,5.0,,2016p862406
173.7707672,-42.22115326,3.106513677,2016-11-15T02:06:59.346000,13.21311283,,2016p862400
174.1769257,-41.69585037,3.557799323,2016-11-15T02:03:24.886000,8.494158745,,2016p862393
173.717804,-42.04579163,3.058828333,2016-11-15T02:02:50.616000,7.968322277,,2016p862394
174.225708,-41.71522903,3.427220953,2016-11-15T02:01:52.213000,7.528453827,,2016p862392
173.7735901,-42.0691452,3.891144172,2016-11-15T02:00:45.908000,4.844792366,,2016p862388
174.0644989,-42.30533981,3.292796917,2016-11-15T02:00:14.134000,12.0,,2016p862387
173.229538,-42.50617599,3.908724638,2016-11-15T01:57:10.843000,14.76790714,,2016p862383
174.225708,-41.68119431,3.505184472,2016-11-15T01:55:19.079000,6.225874424,,2016p862378
174.2460785,-41.67923737,3.557732797,2016-11-15T01:54:32.535000,7.274629116,,2016p862377
174.1566467,-41.81932068,3.761708671,2016-11-15T01:54:02.141000,11.70412827,,2016p862376
174.204895,-41.69705582,3.347617743,2016-11-15T01:51:52.722000,7.196903229,,2016p862372
174.2201385,-41.68409729,4.496065056,2016-11-15T01:47:53.905000,8.526032448,,2016p862364
173.6677551,-42.26600266,3.526585748,2016-11-15T01:47:16.399000,8.971736908,,2016p862363
174.2470703,-41.67783737,3.980757388,2016-11-15T01:45:17.528000,10.87620354,,2016p862358
174.2591248,-41.67596817,5.173879193,2016-11-15T01:43:52.932000,6.481728554,,2016p862356
174.1768951,-41.6685791,3.197144354,2016-11-15T01:43:09.163000,5.0,,2016p862354
174.227417,-41.68502426,3.142975801,2016-11-15T01:42:46.458000,6.054619312,,2016p862355
174.2480011,-41.69973755,3.136005066,2016-11-15T01:41:42.936000,7.634926319,,2016p862353
174.233963,-41.66999435,3.572629182,2016-11-15T01:39:13.299000,6.454857349,,2016p862349
174.212616,-41.66999817,3.237437555,2016-11-15T01:37:33.681000,5.0,,2016p862348
174.2065125,-41.68147278,4.063238555,2016-11-15T01:36:35.303000,5.0,,2016p862341
174.2327423,-41.6963501,3.961300512,2016-11-15T01:36:11.508000,5.116174698,,2016p862340
174.2169342,-41.68177795,5.817842039,2016-11-15T01:34:45.265000,5.816515923,,2016p862339
174.0759888,-41.84615326,3.112788313,2016-11-15T01:34:07.801000,10.28371429,,2016p862338
173.9289093,-42.44986343,3.723025552,2016-11-15T01:30:23.846000,5.0,,2016p862331
173.9200287,-42.30036545,4.178645952,2016-11-15T01:26:55.925000,9.502997398,,2016p862325
174.111618,-41.80739594,3.060303777,2016-11-15T01:26:35.812000,6.979938984,,2016p862324
172.7418976,-42.69041824,3.200604439,2016-11-15T01:19:04.903000,12.0,,2016p862311
173.5387268,-42.24302292,3.362743856,2016-11-15T01:13:19.837000,5.0,,2016p862299
173.3681946,-42.48157501,3.029348273,2016-11-15T01:07:32.197000,9.266729355,,2016p862288
173.4453735,-42.57030106,3.089744621,2016-11-15T01:00:58.016000,27.02250671,,2016p862276
174.2289429,-41.74390411,3.6226761,2016-11-15T00:59:19.005000,8.534899712,,2016p862273
173.8942871,-42.42969513,3.762039855,2016-11-15T00:46:14.104000,5.0,,2016p862248
173.7308807,-42.40193939,3.456100244,2016-11-15T00:44:52.791000,12.0,,2016p862246
173.7592773,-42.07044601,3.101275887,2016-11-15T00:39:17.283000,5.0,,2016p862235
174.2449341,-41.73014832,3.205990353,2016-11-15T00:34:41.616000,7.442520142,,2016p862226
174.0114594,-42.35345078,3.374826892,2016-11-15T00:32:41.184000,5.0,,2016p862223
172.9368896,-42.59183502,3.173358739,2016-11-15T00:31:38.130000,6.424947739,,2016p862221
172.7682648,-42.77409744,4.517841578,2016-11-15T00:26:26.764000,11.17098904,,2016p862211
173.208313,-42.413311,3.596165925,2016-11-15T00:24:36.033000,5.016866684,,2016p862208
174.2300568,-41.67029572,3.180787444,2016-11-15T00:24:13.848000,9.422117233,,2016p862207
172.9558258,-42.61484146,3.005252442,2016-11-15T00:22:29.853000,10.60438156,,2016p862204
173.7191162,-42.0304184,3.114871944,2016-11-15T00:21:01.785000,12.73944092,,2016p862201
173.9747314,-42.4744339,3.966628774,2016-11-15T00:09:01.449000,23.11872864,,2016p862179
174.3292084,-41.70239258,3.536741411,2016-11-15T00:07:35.447000,13.53984356,,2016p862176
174.3479462,-41.6786232,3.051084747,2016-11-15T00:06:22.620000,10.16891479,,2016p862174
174.278656,-41.70332718,3.043026524,2016-11-15T00:03:56.194000,8.122811317,,2016p862168
173.2680664,-42.48140717,3.358806836,2016-11-14T23:52:38.897000,12.24573517,,2016p862148
174.3005066,-41.73281479,3.722824157,2016-11-14T23:47:20.910000,9.20580864,,2016p862137
173.553299,-42.38867188,3.062152223,2016-11-14T23:45:58.362000,16.41042709,,2016p862135
172.8797913,-42.63939667,3.127308337,2016-11-14T23:44:52.974000,8.650466919,,2016p862133
173.5769958,-42.19689178,3.269007395,2016-11-14T23:37:52.459000,8.96187973,,2016p862120
173.8629303,-42.40124893,3.169062543,2016-11-14T23:36:50.824000,5.0,,2016p862118
173.7854614,-42.26559067,3.593368907,2016-11-14T23:31:01.176000,7.585927486,,2016p862107
173.4809723,-42.38768005,3.083058391,2016-11-14T23:29:03.560000,5.0,,2016p862104
174.0120087,-42.20499802,3.206573988,2016-11-14T23:18:12.263000,5.0,,2016p862084
173.6160736,-42.47790909,3.301962515,2016-11-14T23:17:43.496000,11.9729557,,2016p862082
173.9389191,-42.00664902,3.422832179,2016-11-14T23:13:41.037000,5.381399155,,2016p862075
173.7467346,-42.22363663,3.587922536,2016-11-14T23:11:18.534000,5.0,,2016p862070
174.3143463,-41.70713043,3.134106034,2016-11-14T23:04:11.640000,9.212908745,,2016p862057
173.886261,-42.24256134,3.232961266,2016-11-14T23:00:04.679000,5.0,,2016p862049
173.8692017,-42.31155396,3.109349551,2016-11-14T22:59:08.633000,5.0,,2016p862047
172.8976898,-42.64325333,3.053171195,2016-11-14T22:57:53.260000,6.776497364,,2016p862045
173.0709229,-42.55303192,3.590587371,2016-11-14T22:56:08.730000,10.49620247,,2016p862042
173.9180908,-42.24752808,3.019604593,2016-11-14T22:51:00.532000,5.0,,2016p862032
173.251236,-42.5151062,3.068093418,2016-11-14T22:49:49.501000,5.0,,2016p862031
173.9199066,-42.42040634,3.272489271,2016-11-14T22:48:44.751000,9.55937767,,2016p862028
174.3023987,-41.69515991,3.000033279,2016-11-14T22:45:57.601000,11.1809597,,2016p862022
174.2737274,-41.80342484,3.071668984,2016-11-14T22:41:13.522000,9.059446335,,2016p862014
174.0457916,-42.53678894,3.180506252,2016-11-14T22:36:35.928000,12.0,,2016p862005
174.0707855,-42.17618179,3.102207375,2016-11-14T22:34:21.584000,13.97152233,,2016p862001
174.0875549,-42.55625153,4.318225248,2016-11-14T22:27:13.281000,5.0,,2016p861988
174.0665588,-41.82897568,3.684978872,2016-11-14T22:26:15.416000,5.0,,2016p861986
174.094696,-41.87223434,3.443093518,2016-11-14T22:24:27.862000,6.458407402,,2016p861982
174.1844177,-41.79653168,3.263788211,2016-11-14T22:21:56.504000,9.010831833,,2016p861977
173.8752136,-42.21908951,3.302422087,2016-11-14T22:18:40.391000,5.0,,2016p861971
172.9446564,-42.61930084,3.407033539,2016-11-14T22:16:34.289000,7.63071394,,2016p861968
173.74263,-42.03168488,3.337469267,2016-11-14T22:11:36.393000,12.0,,2016p861958
172.9324188,-42.6625061,3.124098633,2016-11-14T22:09:51.066000,13.06877041,,2016p861955
173.7275391,-42.29469299,3.044461821,2016-11-14T22:07:00.253000,9.957491875,,2016p861950
173.4350281,-42.49827194,3.333260002,2016-11-14T22:05:24.673000,6.382581711,,2016p861947
174.1075287,-41.92637253,3.131220244,2016-11-14T22:02:12.414000,8.036313057,,2016p861941
173.1640625,-42.5877533,3.403858158,2016-11-14T21:58:42.424000,6.839606762,,2016p861934
174.3101654,-41.71738052,3.021367652,2016-11-14T21:57:47.156000,6.041626453,,2016p861932
173.5426025,-42.45452118,3.122502048,2016-11-14T21:52:03.214000,9.928830147,,2016p861921
174.2944641,-41.7493782,3.343341846,2016-11-14T21:48:02.818000,9.928450584,,2016p861914
171.9318237,-42.61988449,3.331309672,2016-11-14T21:45:44.636000,5.0,,2016p861910
173.9792023,-42.30889893,3.871870246,2016-11-14T21:43:53.151000,10.24763584,,2016p861908
173.0033112,-42.61870956,3.381029023,2016-11-14T21:43:42.674000,11.85028458,,2016p861906
174.0157776,-41.9318428,3.431415754,2016-11-14T21:40:54.055000,12.0,,2016p861901
174.0394287,-42.35442734,3.050032082,2016-11-14T21:40:20.637000,5.777271748,,2016p861900
173.2758789,-42.50398254,3.007014742,2016-11-14T21:38:32.075000,14.08543587,,2016p861896
173.2819061,-42.56941605,3.292637644,2016-11-14T21:36:57.809000,12.0,,2016p861893
173.9831085,-42.34666061,3.414778928,2016-11-14T21:34:14.350000,12.0,,2016p861888
173.634201,-42.27323151,3.909135212,2016-11-14T21:32:13.293000,9.861492157,,2016p861884
174.0730743,-41.76937866,3.579125276,2016-11-14T21:29:49.063000,6.134944916,,2016p861880
173.0612793,-42.52070618,3.164115836,2016-11-14T21:29:35.953000,10.22852612,,2016p861879
173.9122925,-41.97609711,3.987941584,2016-11-14T21:26:17.971000,10.87417603,,2016p861873
173.4503632,-42.41657257,3.640299661,2016-11-14T21:24:39.007000,0.0,,2016p861870
172.8710938,-42.62527847,3.264110242,2016-11-14T21:19:17.524000,9.39348793,,2016p861860
173.5709991,-42.22726059,4.424395216,2016-11-14T21:14:09.460000,12.0,,2016p861850
174.1353149,-41.93505096,3.087197922,2016-11-14T21:10:45.125000,9.451683044,,2016p861844
174.1394806,-41.68858719,3.011168237,2016-11-14T21:08:15.163000,4.928103924,,2016p861839
173.5602875,-42.15193558,3.728581555,2016-11-14T21:04:50.853000,5.0,,2016p861833
173.5906067,-42.45820999,3.587258915,2016-11-14T21:03:34.304000,8.678924561,,2016p861831
173.195282,-42.77490997,3.21097144,2016-11-14T21:00:48.248000,4.478569508,,2016p861825
173.4893188,-42.44240952,3.317385216,2016-11-14T20:59:23.943000,13.75297546,,2016p861823
173.0989227,-42.57778931,3.872651015,2016-11-14T20:56:42.237000,8.298805237,,2016p861818
174.1002655,-41.71908188,3.026673027,2016-11-14T20:49:34.954000,6.916964054,,2016p861804
174.0688782,-41.83209991,3.072812624,2016-11-14T20:47:56.829000,14.05644894,,2016p861801
174.1853027,-41.76623917,3.30545449,2016-11-14T20:46:23.205000,5.913881302,,2016p861798
172.8361359,-42.65862274,3.136942063,2016-11-14T20:42:36.819000,7.483445168,,2016p861791
174.272171,-41.73063278,3.24779268,2016-11-14T20:39:55.339000,10.6660862,,2016p861786
174.0742645,-42.48439789,4.166450325,2016-11-14T20:32:53.904000,12.0,,2016p861773
173.756485,-41.97186279,3.791692573,2016-11-14T20:31:55.219000,7.211603642,,2016p861771
174.3612366,-41.76018143,3.420996986,2016-11-14T20:29:54.085000,12.19464684,,2016p861767
173.4054565,-42.48040771,3.500104863,2016-11-14T20:17:29.840000,7.369320393,,2016p861744
174.1599884,-41.77821732,3.157496115,2016-11-14T20:16:43.402000,7.925340176,,2016p861743
173.9026794,-42.35960388,3.713148559,2016-11-14T20:14:52,12.37184238,,2016p861739
174.2289429,-41.72903442,3.071520391,2016-11-14T20:13:27.629000,12.05644321,,2016p861736
174.4238129,-41.70468903,4.140259147,2016-11-14T20:08:39.028000,5.0,,2016p861727
173.107193,-42.52777863,4.204401846,2016-11-14T20:04:12.832000,11.16081429,,2016p861719
173.8802643,-42.16883087,3.994839126,2016-11-14T19:57:40.235000,12.0,,2016p861707
173.5326691,-42.48081207,3.012662224,2016-11-14T19:56:27.321000,13.75603676,,2016p861705
173.0675507,-42.53707504,3.126977592,2016-11-14T19:50:40.593000,6.995483875,,2016p861694
173.9912109,-42.35771179,3.680404743,2016-11-14T19:47:14.830000,12.0,,2016p861687
173.7294464,-42.03166199,3.332643016,2016-11-14T19:45:37.648000,7.853350163,,2016p861684
173.6861877,-42.17847824,3.377364743,2016-11-14T19:45:09.652000,16.42242241,,2016p861683
173.5642853,-42.39508057,3.318623742,2016-11-14T19:41:54.889000,11.81815052,,2016p861677
173.2997894,-42.51559448,3.220413436,2016-11-14T19:39:07.257000,11.83349323,,2016p861672
174.2718201,-41.65923309,3.540518754,2016-11-14T19:37:11.260000,10.30141354,,2016p861668
172.927475,-42.89016724,3.630435944,2016-11-14T19:33:39.004000,6.165671825,,2016p861662
173.8966217,-42.06621552,3.690559886,2016-11-14T19:26:49.139000,5.271551609,,2016p861649
173.7794952,-42.29009628,3.417936342,2016-11-14T19:22:55.111000,9.284113884,,2016p861642
173.6977997,-42.23801804,5.140757593,2016-11-14T19:17:34.290000,5.0,,2016p861632
174.0940399,-41.92347336,3.313815686,2016-11-14T19:07:07.619000,15.1693058,,2016p861612
174.1478577,-41.72365952,4.337666537,2016-11-14T18:58:24.455000,7.59950161,,2016p861596
173.7584381,-42.04758072,3.283074741,2016-11-14T18:52:53.917000,5.0,,2016p861585
173.9086304,-42.37519836,3.866181502,2016-11-14T18:47:26.768000,10.40385818,,2016p861575
173.926651,-41.98265457,3.690983452,2016-11-14T18:44:29.267000,5.435054779,,2016p861569
173.4172668,-42.33349609,3.424241824,2016-11-14T18:39:37.769000,6.031614304,,2016p861560
173.1446686,-42.58629227,3.153861312,2016-11-14T18:39:10.019000,7.954013348,,2016p861559
173.6834869,-42.17210388,3.30310419,2016-11-14T18:36:55.025000,13.12240696,,2016p861555
173.4243011,-42.57563019,3.433536237,2016-11-14T18:32:37.461000,5.0,,2016p861547
174.0016937,-41.91923141,3.154516891,2016-11-14T18:29:29.827000,9.908191681,,2016p861541
173.5388489,-42.21438217,3.003274627,2016-11-14T18:28:47.441000,14.01655102,,2016p861540
173.2497864,-42.54010773,3.063611518,2016-11-14T18:26:52.184000,13.73606396,,2016p861536
173.7269592,-42.31618881,3.301428844,2016-11-14T18:24:15.438000,4.915821075,,2016p861532
173.8351593,-42.38947296,3.239078728,2016-11-14T18:22:57.031000,5.0,,2016p861529
174.2068329,-41.70881653,3.295125992,2016-11-14T18:21:21.336000,5.833457947,,2016p861526
174.3120575,-41.70427704,3.173768686,2016-11-14T18:17:04.707000,5.0,,2016p861518
174.2926636,-41.78171539,3.320614414,2016-11-14T18:15:49.781000,8.119255066,,2016p861516
173.5816345,-42.51493835,4.248813551,2016-11-14T18:13:04.447000,15.20255756,,2016p861511
173.9453278,-42.00983047,3.382615198,2016-11-14T18:11:44.233000,5.0,,2016p861508
173.4084778,-42.52527237,3.150383051,2016-11-14T18:08:09.012000,8.544340134,,2016p861501
174.2080231,-41.8350029,3.149415307,2016-11-14T18:05:52.628000,12.05921364,,2016p861497
174.3335114,-41.70004654,3.693933477,2016-11-14T18:01:17.677000,11.24286175,,2016p861488
174.1007843,-42.0888176,3.246825568,2016-11-14T17:58:02.943000,5.0,,2016p861482
172.8095093,-42.6726532,4.033039542,2016-11-14T17:51:42.814000,9.446372032,,2016p861471
174.029541,-42.03580093,3.394877013,2016-11-14T17:51:20.862000,5.0,,2016p861470
174.208847,-41.77757263,3.213004847,2016-11-14T17:48:03.837000,9.818734169,,2016p861463
173.9573364,-42.36431122,3.130016902,2016-11-14T17:46:39.354000,8.228461266,,2016p861461
173.6167908,-42.03842926,3.72827826,2016-11-14T17:40:27.158000,5.0,,2016p861450
174.3035736,-41.74655151,3.180705987,2016-11-14T17:37:54.228000,5.692324162,,2016p861445
173.4943085,-42.41693497,3.723767523,2016-11-14T17:35:51.343000,14.84945965,,2016p861441
174.3074341,-41.69738007,3.30443066,2016-11-14T17:31:03.169000,11.06144905,,2016p861432
174.204361,-41.84067154,3.26922479,2016-11-14T17:29:21.647000,5.0,,2016p861428
174.174881,-41.76895142,3.164523949,2016-11-14T17:24:05.434000,11.65832043,,2016p861419
174.2828217,-41.73553848,3.924027104,2016-11-14T17:20:09.904000,6.276957512,,2016p861411
173.164566,-42.76122665,3.042983795,2016-11-14T17:16:22.767000,8.668931961,,2016p861404
173.7796631,-42.13519669,3.663892065,2016-11-14T17:13:25.554000,5.0,,2016p861399
173.9948883,-41.94384003,3.285706425,2016-11-14T17:11:55.103000,9.24633503,,2016p861396
172.875,-42.65551376,3.808884846,2016-11-14T17:08:01.900000,6.242170334,,2016p861388
173.1779633,-42.78018951,3.982776881,2016-11-14T17:05:07.374000,5.0,,2016p861383
174.3362579,-41.6803627,3.548283427,2016-11-14T17:02:53.713000,5.0,,2016p861379
174.204071,-41.79840088,3.866950189,2016-11-14T17:01:52.343000,9.418174744,,2016p861376
174.2325287,-41.71793365,3.765610489,2016-11-14T16:57:12.748000,11.38484573,,2016p861368
173.7947845,-42.39393997,3.915444449,2016-11-14T16:53:25.037000,7.822510719,,2016p861361
174.0258636,-41.82850647,3.344074157,2016-11-14T16:52:23.651000,24.17393494,,2016p861359
173.6681824,-42.22932053,3.061447973,2016-11-14T16:43:45.609000,5.0,,2016p861343
174.1789246,-41.74557495,3.394866277,2016-11-14T16:41:37.233000,12.0,,2016p861339
173.7100677,-42.45429611,3.901706996,2016-11-14T16:40:50.433000,5.0,,2016p861337
174.3952637,-41.53538895,3.070913771,2016-11-14T16:39:59.757000,8.196563721,,2016p861335
174.2101746,-41.75301361,3.099337974,2016-11-14T16:38:39.156000,9.380149841,,2016p861333
173.7224426,-42.15142441,3.200788981,2016-11-14T16:36:34.543000,5.0,,2016p861329
174.2902374,-41.83466721,3.246818884,2016-11-14T16:33:01.149000,5.0,,2016p861323
173.8662109,-42.25733566,3.73037285,2016-11-14T16:27:20.382000,12.83323765,,2016p861312
173.7579956,-42.1414299,3.230147582,2016-11-14T16:25:48.613000,5.0,,2016p861309
174.2478333,-41.74739838,3.690855166,2016-11-14T16:20:36.325000,7.855527878,,2016p861299
174.2951355,-41.82260132,3.481494526,2016-11-14T16:13:22.649000,20.9141655,,2016p861286
173.7698975,-42.33963013,3.390076493,2016-11-14T16:06:14.578000,5.0,,2016p861272
173.509964,-42.35772705,3.828057543,2016-11-14T16:04:30.928000,15.72162151,,2016p861269
173.6062927,-42.38137054,4.053172021,2016-11-14T16:01:24.848000,15.9079237,,2016p861263
173.7567139,-42.41830444,3.23594087,2016-11-14T16:00:38.187000,8.003054619,,2016p861262
173.3112488,-42.43251801,3.204164125,2016-11-14T15:59:50.481000,5.0,,2016p861260
174.1458588,-41.71283722,3.107350721,2016-11-14T15:57:41.855000,5.821428299,,2016p861256
173.0394745,-42.49469376,4.747483413,2016-11-14T15:54:55.848000,5.0,,2016p861251
173.5814819,-42.39616013,3.093805969,2016-11-14T15:50:35.955000,15.77315712,,2016p861243
173.8402252,-42.03916168,3.530843398,2016-11-14T15:43:04.751000,7.160772324,,2016p861229
174.1745605,-41.95036697,3.683811704,2016-11-14T15:39:18.812000,5.0,,2016p861222
173.8798218,-42.25944138,3.623896376,2016-11-14T15:35:45.741000,5.0,,2016p861215
173.0491791,-42.63507462,3.450395646,2016-11-14T15:34:36.744000,13.61610985,,2016p861213
174.2427368,-41.64869308,3.315180613,2016-11-14T15:29:57.692000,5.0,,2016p861204
174.0920563,-41.97678757,4.713109806,2016-11-14T15:22:39.875000,10.86295986,,2016p861192
174.1639557,-41.69136047,4.559721032,2016-11-14T15:22:18.158000,12.0,,2016p861190
173.7679138,-42.403759,3.356267105,2016-11-14T15:21:08.308000,12.0,,2016p861188
174.0691681,-41.97364044,3.253954813,2016-11-14T15:18:20.410000,5.0,,2016p861183
174.26651,-41.6861763,3.105160106,2016-11-14T15:16:10.387000,9.095962524,,2016p861178
173.8589325,-42.19648743,3.520409522,2016-11-14T15:13:54.704000,5.0,,2016p861174
173.8317108,-42.24861908,3.235282881,2016-11-14T15:13:02.806000,5.0,,2016p861173
174.3323975,-41.68080902,3.489027,2016-11-14T15:04:10.213000,5.291956902,,2016p861156
174.1637878,-41.69583893,3.522818025,2016-11-14T15:03:01.236000,6.936988354,,2016p861154
174.2210693,-41.6206665,3.287746238,2016-11-14T14:59:26.104000,10.35865116,,2016p861147
173.2880402,-42.52558517,3.591181381,2016-11-14T14:59:21.872000,9.372371674,,2016p861148
174.2670288,-41.73194885,3.645201029,2016-11-14T14:48:33.914000,12.25288105,,2016p861127
173.546463,-42.14290619,3.156419229,2016-11-14T14:46:49.116000,5.0,,2016p861123
174.1550446,-41.6999588,3.871929961,2016-11-14T14:43:39.283000,7.232242107,,2016p861117
173.9218903,-42.26704025,3.662719767,2016-11-14T14:43:03.629000,12.0,,2016p861116
174.3939362,-41.55784225,4.035877296,2016-11-14T14:38:20.278000,12.0,,2016p861107
173.457077,-42.43481445,4.513755425,2016-11-14T14:35:33.101000,18.48610878,,2016p861102
173.6890869,-42.54937363,3.994695384,2016-11-14T14:32:59.207000,5.0,,2016p861099
173.7282257,-42.06037521,3.802699796,2016-11-14T14:32:40.032000,7.549164295,,2016p861097
174.2050781,-41.72282791,3.258898219,2016-11-14T14:31:39.512000,7.074458599,,2016p861095
173.0219116,-42.63973236,4.309225709,2016-11-14T14:26:59.878000,9.413135529,,2016p861086
174.0796814,-41.77537918,3.548566513,2016-11-14T14:25:43.708000,8.39362812,,2016p861084
174.4177704,-41.89554977,4.088587992,2016-11-14T14:24:10.281000,0.573905468,,2016p861081
173.1044006,-42.59989166,3.271742899,2016-11-14T14:22:46.024000,10.28235817,,2016p861078
173.8395538,-42.08318329,3.030354301,2016-11-14T14:21:14.156000,5.0,,2016p861075
173.8144531,-42.29695129,3.465777614,2016-11-14T14:18:28.364000,12.0,,2016p861070
173.9904633,-41.92644882,3.942443661,2016-11-14T14:15:27.583000,9.890135765,,2016p861064
173.8713226,-42.2020874,3.011818884,2016-11-14T14:14:13.521000,5.0,,2016p861062
173.6399078,-42.35379791,3.197673773,2016-11-14T14:10:05.069000,22.18132019,,2016p861054
174.2383575,-41.68963242,3.528063723,2016-11-14T14:08:03.961000,4.666427135,,2016p861051
173.9355927,-42.24842453,3.876220761,2016-11-14T14:06:30.515000,8.197203636,,2016p861048
174.2250366,-41.68973923,3.086081731,2016-11-14T14:04:45.263000,5.840181828,,2016p861044
173.8574982,-42.32414627,4.129460671,2016-11-14T14:00:39.046000,10.81373978,,2016p861037
174.136261,-41.94679642,4.030654548,2016-11-14T14:00:34.870000,39.64330292,,2016p861036
173.957077,-42.31618118,3.037008747,2016-11-14T13:57:33.477000,5.0,,2016p861031
173.9064636,-42.27259827,3.014256595,2016-11-14T13:54:40.667000,5.0,,2016p861025
172.7748413,-42.68756866,3.39579245,2016-11-14T13:53:08.456000,6.775346279,,2016p861022
174.399704,-41.56055832,4.678186303,2016-11-14T13:50:50.695000,12.57973957,,2016p861018
174.4176788,-41.59652328,3.361767156,2016-11-14T13:49:58.943000,5.329967022,,2016p861017
173.1762085,-42.46868134,3.644461063,2016-11-14T13:47:57.850000,12.0,,2016p861014
174.3161469,-41.67015457,3.106371116,2016-11-14T13:46:33.206000,9.205034256,,2016p861010
172.9242706,-42.60449982,3.429816555,2016-11-14T13:42:43.846000,10.45619678,,2016p861003
174.3213806,-41.69563293,3.112335313,2016-11-14T13:39:00.377000,9.686045647,,2016p860996
173.6139221,-42.22208405,3.460819499,2016-11-14T13:34:32.370000,5.0,,2016p860988
174.1249847,-41.93150711,3.031572144,2016-11-14T13:30:31.898000,5.0,,2016p860980
174.2425385,-41.71522903,4.292119026,2016-11-14T13:26:11.499000,16.05687714,,2016p860972
173.6739655,-42.34943771,4.200733368,2016-11-14T13:26:08.208000,17.17570305,,2016p860973
174.2945251,-41.70551682,4.52710259,2016-11-14T13:21:06.503000,9.028079033,,2016p860963
173.0785675,-41.67569733,3.253197148,2016-11-14T13:19:42.158000,5.0,,2016p860960
173.3151245,-42.60078049,3.110010264,2016-11-14T13:15:59.223000,14.38588905,,2016p860953
174.2714081,-41.70510101,3.559350566,2016-11-14T13:11:54.402000,10.85140419,,2016p860947
172.8161163,-42.64292908,3.046141865,2016-11-14T13:11:41.279000,12.55844116,,2016p860945
173.1067047,-42.5872612,3.145677317,2016-11-14T13:05:37.532000,8.848718643,,2016p860933
173.4852142,-42.39022446,3.226703456,2016-11-14T12:57:36.719000,9.260350227,,2016p860918
174.2846985,-41.7165451,3.692096982,2016-11-14T12:55:13.197000,5.187354565,,2016p860914
173.4895172,-42.41370773,3.221832136,2016-11-14T12:51:52.269000,13.69691277,,2016p860908
173.9447174,-42.31791687,3.103707126,2016-11-14T12:49:23.570000,5.0,,2016p860903
173.8025818,-42.38447571,3.533986323,2016-11-14T12:47:09.718000,5.0,,2016p860899
174.2266083,-41.67433929,3.349004842,2016-11-14T12:46:09.764000,4.61088562,,2016p860897
174.2304993,-41.67430878,3.575360536,2016-11-14T12:45:04.642000,5.0,,2016p860895
173.8218231,-42.091259,4.073765562,2016-11-14T12:43:44.218000,7.761336803,,2016p860892
173.467453,-42.41123199,3.055512838,2016-11-14T12:42:39.382000,5.0,,2016p860891
173.4168396,-42.46459579,3.180319042,2016-11-14T12:40:59.817000,12.0,,2016p860887
174.0406494,-42.14326096,3.038600033,2016-11-14T12:38:53.107000,5.0,,2016p860883
173.7431335,-42.22898865,3.259283206,2016-11-14T12:36:52.615000,15.69941235,,2016p860879
174.414566,-41.70537186,3.185921221,2016-11-14T12:31:51.080000,5.0,,2016p860870
173.9788971,-41.89962006,3.236361153,2016-11-14T12:30:38.830000,12.0,,2016p860867
173.6116028,-42.43480682,3.540731019,2016-11-14T12:27:51.040000,3.966644287,,2016p860863
173.8933105,-42.29347992,3.206401821,2016-11-14T12:26:00.849000,5.0,,2016p860859
171.3576965,-42.97515869,3.290229977,2016-11-14T12:19:18.316000,5.0,,2016p860848
173.5047913,-42.36660004,3.732672762,2016-11-14T12:18:45.253000,13.91392994,,2016p860846
174.2236481,-41.73343277,3.175505049,2016-11-14T12:17:49.820000,5.057229042,,2016p860844
174.1150818,-41.73270035,3.56001905,2016-11-14T12:15:53.254000,5.0,,2016p860840
173.5789185,-42.39838028,4.84207645,2016-11-14T12:03:00.722000,15.38399792,,2016p860816
174.277832,-41.68397141,4.343028484,2016-11-14T11:59:43.970000,9.798614502,,2016p860810
173.5700378,-42.38822556,3.092073223,2016-11-14T11:56:03.076000,14.99133587,,2016p860803
172.898407,-42.66397095,3.895330361,2016-11-14T11:52:27.562000,10.47290134,,2016p860796
173.8464661,-42.39800262,3.06708618,2016-11-14T11:48:54.123000,12.0,,2016p860789
173.6678619,-41.99013901,3.117012897,2016-11-14T11:47:50.193000,5.0,,2016p860787
173.7051086,-42.28528595,3.639259556,2016-11-14T11:45:30.700000,6.899114132,,2016p860783
173.9351501,-42.28419495,3.273172842,2016-11-14T11:43:49.827000,11.04552841,,2016p860780
172.8788605,-42.6254158,3.290127419,2016-11-14T11:42:48.741000,5.0,,2016p860778
174.2648773,-41.6557312,3.002035259,2016-11-14T11:40:29.540000,5.0,,2016p860774
173.3521271,-42.49598312,3.228559716,2016-11-14T11:39:11.730000,5.0,,2016p860772
170.9870605,-43.1254921,3.200218514,2016-11-14T11:39:01.415000,4.134603977,,2016p860771
173.8625336,-42.37440491,3.45790059,2016-11-14T11:37:03.610000,11.90165424,,2016p860767
174.2420502,-41.71860886,3.69738724,2016-11-14T11:34:43.173000,8.807025909,,2016p860763
173.647522,-42.29262924,4.03597685,2016-11-14T11:32:10.524000,14.32303715,,2016p860758
174.2756958,-41.67373276,4.374910561,2016-11-14T11:30:36.335000,8.713629723,,2016p860755
173.7700653,-42.01970673,4.49465852,2016-11-14T11:27:55.441000,5.0,,2016p860751
173.4517975,-42.45094299,3.944790047,2016-11-14T11:27:34.593000,6.962342262,,2016p860749
174.0089569,-42.36063004,4.462384886,2016-11-14T11:24:53.269000,5.0,,2016p860744
174.2142639,-41.77006531,3.962332076,2016-11-14T11:22:36.522000,13.23443699,,2016p860740
174.2872925,-41.6908989,3.164695371,2016-11-14T11:21:14.051000,11.34146214,,2016p860737
174.2624207,-41.69561768,5.024858926,2016-11-14T11:16:42.803000,7.950045109,,2016p860729
174.2693024,-41.70938492,4.839725387,2016-11-14T11:14:20.932000,6.381960869,,2016p860725
173.8806152,-41.95303345,3.087557845,2016-11-14T11:13:31.650000,7.246306896,,2016p860723
174.1585388,-41.7264328,3.797864157,2016-11-14T11:11:18.373000,6.946545124,,2016p860719
174.0375824,-41.81113434,3.283852741,2016-11-14T11:06:12.128000,11.05976772,,2016p860709
173.906662,-42.17249298,3.048686796,2016-11-14T11:04:17.335000,12.0,,2016p860706
174.2394562,-41.79373932,3.129526347,2016-11-14T11:01:21.690000,7.826606274,,2016p860700
174.2436981,-41.80017853,3.049359147,2016-11-14T11:00:56.365000,8.080124855,,2016p860699
173.8481598,-42.02993774,3.286327211,2016-11-14T10:59:27.808000,12.0,,2016p860697
172.7964935,-42.66222382,3.276289808,2016-11-14T10:57:20.202000,9.09403038,,2016p860693
174.2133331,-41.72561646,3.392408285,2016-11-14T10:56:03.774000,8.290862083,,2016p860690
174.2700806,-41.72446823,3.609294086,2016-11-14T10:51:40.439000,13.40503597,,2016p860682
174.0908356,-41.80838776,3.397829719,2016-11-14T10:39:46.717000,10.994771,,2016p860660
173.7613831,-42.3222084,3.105414012,2016-11-14T10:37:13.084000,7.557021141,,2016p860655
173.7632446,-42.03319931,3.089339168,2016-11-14T10:34:20.727000,5.0,,2016p860650
173.7293701,-41.97288513,3.705129422,2016-11-14T10:32:27.308000,5.061457157,,2016p860646
173.5681458,-42.33044434,3.626422307,2016-11-14T10:28:13.712000,8.518148422,,2016p860638
173.579834,-42.25083923,3.171657067,2016-11-14T10:26:06.654000,4.510324001,,2016p860634
173.7249908,-41.95963669,3.585561996,2016-11-14T10:24:47.940000,5.0,,2016p860632
173.6192322,-42.43476486,3.065287415,2016-11-14T10:22:56.589000,6.214592934,,2016p860628
173.1235199,-42.51202774,3.204888776,2016-11-14T10:20:21.860000,7.47314167,,2016p860623
173.6772766,-41.9648056,3.005144493,2016-11-14T10:17:39.624000,5.0,,2016p860618
173.6195374,-42.39977646,3.009331596,2016-11-14T10:16:31.456000,2.05057168,,2016p860616
174.3147125,-41.70589447,4.010616249,2016-11-14T10:14:31.385000,11.63610744,,2016p860612
173.3794708,-42.4409256,3.692543055,2016-11-14T10:10:35.306000,16.34758759,,2016p860606
174.2204742,-41.78687286,3.381044265,2016-11-14T10:10:33.337000,8.588573456,,2016p860605
174.2316895,-41.71789551,3.493824822,2016-11-14T10:09:06.796000,6.395177841,,2016p860602
174.1144714,-41.71628571,3.11503829,2016-11-14T10:07:11.789000,14.31260014,,2016p860599
173.2480164,-42.57275772,4.982363569,2016-11-14T10:03:50.252000,11.19238663,,2016p860592
173.6534424,-42.35515594,3.157758281,2016-11-14T09:57:05.770000,4.086357117,,2016p860579
174.0750122,-41.67794037,3.02904211,2016-11-14T09:54:00.717000,13.55687046,,2016p860574
173.7741547,-42.43452454,5.008802034,2016-11-14T09:49:56.794000,9.552521706,,2016p860567
173.7812042,-42.01424789,3.84612452,2016-11-14T09:49:04.745000,7.045051098,,2016p860565
174.2713623,-41.75106812,3.439776451,2016-11-14T09:46:26.126000,8.127562523,,2016p860559
173.7970581,-42.25011063,3.255307903,2016-11-14T09:44:33.588000,12.0,,2016p860556
173.70578,-42.30537033,3.444121422,2016-11-14T09:38:50.756000,6.532164574,,2016p860545
173.6643829,-42.04204178,3.470194291,2016-11-14T09:36:30.781000,5.0,,2016p860541
174.1955872,-41.83359909,3.186034459,2016-11-14T09:35:19.503000,4.262429237,,2016p860539
174.2594757,-41.73288345,3.175841668,2016-11-14T09:34:17.910000,7.197492599,,2016p860537
173.6960297,-42.19452286,3.140931257,2016-11-14T09:31:18.203000,5.145302773,,2016p860531
173.7412872,-42.13525391,3.675017714,2016-11-14T09:29:05.139000,12.0,,2016p860527
173.9056396,-42.42448044,3.495525867,2016-11-14T09:27:48.547000,5.0,,2016p860525
173.7596436,-42.02166748,3.706383769,2016-11-14T09:25:27.511000,5.0,,2016p860520
174.266983,-41.74630737,3.62672974,2016-11-14T09:24:41.556000,7.188922405,,2016p860519
174.2703552,-41.89236069,3.433142164,2016-11-14T09:23:22.431000,23.88176727,,2016p860516
174.3345184,-41.75328445,3.816367787,2016-11-14T09:19:11.051000,10.9845295,,2016p860509
174.2325745,-41.71443558,3.045600005,2016-11-14T09:18:44.715000,9.981365204,,2016p860508
173.7661896,-42.07495117,3.483510319,2016-11-14T09:16:59.997000,12.0,,2016p860504
174.2952118,-41.73579407,3.087159749,2016-11-14T09:15:06.917000,9.784552574,,2016p860501
173.6899109,-42.48245239,3.446216434,2016-11-14T09:13:44.509000,11.99706173,,2016p860498
173.8397522,-42.37215805,3.188785855,2016-11-14T09:10:52.339000,9.035491943,,2016p860493
174.3069611,-41.75518417,3.071444672,2016-11-14T09:05:49.926000,16.76645088,,2016p860483
174.2155762,-41.68710709,3.134187651,2016-11-14T09:04:34.883000,6.006400108,,2016p860481
174.1368256,-41.72194672,3.051379552,2016-11-14T09:02:50.612000,13.65503788,,2016p860479
173.1491699,-42.56119537,3.453963861,2016-11-14T09:00:22.719000,13.18251419,,2016p860473
172.8840027,-42.67512131,3.947304698,2016-11-14T08:59:02.836000,35.32368469,,2016p860471
174.1233978,-41.9091568,3.169786458,2016-11-14T08:59:00.737000,9.581628799,,2016p860470
174.320755,-41.71854401,3.261555337,2016-11-14T08:56:48.430000,5.0,,2016p860466
173.7912445,-42.4108429,3.441166439,2016-11-14T08:54:47.814000,5.162175655,,2016p860463
173.7692108,-42.12481308,3.491085496,2016-11-14T08:53:50.356000,12.0,,2016p860461
174.0766907,-42.37544632,3.049189786,2016-11-14T08:51:07.545000,2.0,,2016p860456
173.5426788,-42.37848663,3.404842956,2016-11-14T08:47:02.340000,14.15949535,,2016p860448
174.3428955,-41.7118988,4.21806309,2016-11-14T08:40:02.466000,12.15611649,,2016p860435
173.5869141,-42.35426712,3.049073952,2016-11-14T08:37:34.268000,5.175197124,,2016p860430
173.5253296,-42.43493652,3.253504168,2016-11-14T08:34:29.145000,12.0,,2016p860425
173.470108,-42.45353317,3.41710924,2016-11-14T08:33:07.345000,4.957669258,,2016p860422
174.1014404,-41.71704865,3.550035475,2016-11-14T08:30:13.774000,11.36450005,,2016p860416
173.1702423,-42.42879868,3.431464541,2016-11-14T08:28:31.655000,8.72052002,,2016p860413
173.9027405,-42.3137207,3.024694515,2016-11-14T08:27:54.581000,8.369742393,,2016p860412
174.2339172,-41.69794846,3.466855623,2016-11-14T08:23:51.685000,8.50381279,,2016p860405
173.169693,-42.52578735,3.314847825,2016-11-14T08:20:24.759000,3.891418695,,2016p860398
173.625946,-42.37631226,3.291434677,2016-11-14T08:19:09.760000,15.70841503,,2016p860396
174.1026764,-41.8673439,3.609557525,2016-11-14T08:17:29.261000,4.83383894,,2016p860393
174.2544098,-41.68106461,3.930637517,2016-11-14T08:16:07.131000,12.20537949,,2016p860389
174.1981659,-41.69198227,3.393431981,2016-11-14T08:13:24.938000,10.1637392,,2016p860385
174.2966461,-41.73493958,3.226574335,2016-11-14T08:11:33.844000,10.43262672,,2016p860382
174.2949066,-41.69505692,3.223814028,2016-11-14T08:08:53.778000,5.141347408,,2016p860377
174.2377167,-41.76490784,3.429609492,2016-11-14T08:07:14.589000,13.77022934,,2016p860373
174.292511,-41.72401428,3.371123942,2016-11-14T08:05:57.529000,7.883394241,,2016p860371
174.2111511,-41.66667938,3.618072191,2016-11-14T08:04:11.575000,6.55745697,,2016p860367
173.2649841,-42.54109955,3.412774611,2016-11-14T08:02:03.098000,10.99104691,,2016p860364
173.8522186,-42.36907959,3.393691435,2016-11-14T08:01:29.601000,2.0,,2016p860363
174.3157043,-41.72399139,3.114436231,2016-11-14T07:59:11.839000,15.5346489,,2016p860359
174.210556,-41.69390488,3.066742548,2016-11-14T07:58:18.587000,5.0,,2016p860357
173.7835541,-42.22455978,3.418022462,2016-11-14T07:55:16.567000,11.56809902,,2016p860351
174.1717377,-41.71173477,3.399369483,2016-11-14T07:53:15.826000,8.673826218,,2016p860346
174.213974,-41.66853333,3.205630375,2016-11-14T07:51:58.442000,7.064385891,,2016p860345
174.2762909,-41.74674988,3.253575888,2016-11-14T07:49:35.725000,15.33064938,,2016p860340
174.0223083,-41.9319458,4.252121907,2016-11-14T07:43:28.787000,6.923217773,,2016p860329
173.278656,-42.54654694,3.400281676,2016-11-14T07:43:09.785000,12.0,,2016p860328
174.2227325,-41.6799202,3.132110322,2016-11-14T07:41:38.605000,6.94203043,,2016p860325
174.232254,-41.68210602,3.491482247,2016-11-14T07:39:03.616000,5.0,,2016p860320
173.9517365,-42.08858871,3.855018969,2016-11-14T07:37:18.175000,8.901565552,,2016p860317
174.2345886,-41.67195892,4.435780027,2016-11-14T07:34:32.175000,5.0,,2016p860311
172.7759094,-42.63615417,3.43493252,2016-11-14T07:33:58.789000,7.195380688,,2016p860312
174.3134613,-41.79049301,3.291250887,2016-11-14T07:29:25.588000,11.64018726,,2016p860303
174.3597412,-41.64878464,3.20477349,2016-11-14T07:26:46.764000,13.82464123,,2016p860297
174.2872314,-41.73667526,5.752227217,2016-11-14T07:21:04.889000,11.48209858,,2016p860287
174.1834106,-41.74446487,3.945764509,2016-11-14T07:20:25.235000,17.82780457,,2016p860286
174.1075134,-42.26805878,4.282771371,2016-11-14T07:17:31.839000,5.0,,2016p860280
173.4067841,-42.47985458,3.864313877,2016-11-14T07:16:36.151000,5.0,,2016p860278
173.7525177,-42.03152084,4.08371505,2016-11-14T07:13:53.229000,11.7416544,,2016p860273
174.0823059,-41.87483597,3.872262208,2016-11-14T07:11:14.359000,8.850850105,,2016p860268
173.5730286,-42.15665817,3.879457428,2016-11-14T07:07:43.479000,12.19374847,,2016p860262
173.9051666,-41.87800598,3.291601045,2016-11-14T07:06:43.519000,12.0,,2016p860259
174.0226746,-41.91366196,3.282742305,2016-11-14T07:02:09.564000,11.84128571,,2016p860251
173.8244324,-42.3446312,3.237985381,2016-11-14T07:01:05.716000,8.66664505,,2016p860249
174.254837,-41.76129532,3.364859521,2016-11-14T07:00:10.042000,11.50738239,,2016p860248
173.7584839,-42.32625961,3.706256355,2016-11-14T06:58:13.263000,12.0,,2016p860244
173.1867523,-42.42734909,4.000655525,2016-11-14T06:55:50.311000,5.0,,2016p860241
174.2243652,-41.77005768,3.986307725,2016-11-14T06:55:49.947000,8.311034203,,2016p860239
174.3078613,-41.74937439,4.507982467,2016-11-14T06:52:53.413000,11.85808372,,2016p860234
174.2165833,-41.73337936,3.440085238,2016-11-14T06:51:59.445000,5.0,,2016p860232
174.0207214,-42.38825607,5.72230256,2016-11-14T06:47:50.814000,16.79718208,,2016p860224
174.2632751,-41.76691055,5.582599545,2016-11-14T06:43:00.476000,13.15195179,,2016p860215
174.0152588,-41.97460938,3.359396292,2016-11-14T06:40:54.897000,8.862351418,,2016p860211
173.7007751,-42.38693237,3.477915438,2016-11-14T06:38:13.835000,5.0,,2016p860206
173.0590057,-42.63076401,3.292362363,2016-11-14T06:37:16.882000,7.880101681,,2016p860205
174.2682648,-41.72825623,3.057645659,2016-11-14T06:36:02.631000,6.18870163,,2016p860202
172.8006592,-42.64987183,3.220706709,2016-11-14T06:34:44.321000,11.11960888,,2016p860200
173.1928101,-42.50089645,3.19491156,2016-11-14T06:33:46.921000,5.0,,2016p860198
173.2250214,-42.41702271,3.299613463,2016-11-14T06:33:28.144000,12.0,,2016p860197
173.4183655,-42.50624466,4.088089284,2016-11-14T06:30:25.247000,15.18791008,,2016p860192
174.2966614,-41.75813675,4.48940346,2016-11-14T06:29:05.067000,7.339066982,,2016p860189
174.4077301,-41.67530823,3.634243848,2016-11-14T06:25:58.134000,7.961318016,,2016p860183
173.1607056,-42.51335526,4.319247491,2016-11-14T06:18:09.420000,4.890272141,,2016p860169
172.9682159,-42.58426666,3.915703647,2016-11-14T06:16:32.090000,10.82821846,,2016p860166
173.5845032,-42.28599548,3.027093685,2016-11-14T06:09:52.657000,10.20336342,,2016p860153
174.2943549,-41.68183315,3.837619717,2016-11-14T06:05:17.798000,17.65625,,2016p860145
174.129425,-41.71055984,3.77962904,2016-11-14T06:02:33.364000,10.09102154,,2016p860139
173.0164032,-42.42036819,3.909893738,2016-11-14T06:01:41.987000,42.05211258,,2016p860138
174.2744751,-41.70404816,3.591356243,2016-11-14T06:00:44.713000,5.885959148,,2016p860136
173.2523956,-42.4547348,3.395248304,2016-11-14T05:59:56.433000,5.0,,2016p860140
174.2993622,-41.77362442,3.231839236,2016-11-14T05:59:40.197000,5.0,,2016p860134
173.3256378,-42.42064667,3.74757015,2016-11-14T05:57:00.654000,5.0,,2016p860129
173.6511993,-42.30035019,3.554441953,2016-11-14T05:56:29.076000,12.0,,2016p860128
173.9203491,-42.37541962,4.367807688,2016-11-14T05:51:36.587000,11.62698936,,2016p860119
174.1358948,-41.72375488,3.459694399,2016-11-14T05:50:31.274000,12.0,,2016p860117
174.0085907,-42.34492874,3.437448295,2016-11-14T05:50:21.503000,4.665256023,,2016p860120
174.3151855,-41.70011139,4.365076218,2016-11-14T05:47:14.245000,4.600730896,,2016p860111
174.1405182,-41.70000458,4.129524041,2016-11-14T05:46:32.515000,9.578052521,,2016p860110
174.2295227,-41.74523544,3.879065616,2016-11-14T05:46:01.947000,14.52792549,,2016p860109
172.7617188,-42.68136978,3.384142163,2016-11-14T05:45:45.453000,11.17425728,,2016p860108
173.045517,-42.62652206,3.24173654,2016-11-14T05:43:10.712000,12.13581467,,2016p860103
173.6968384,-42.41300964,3.003940565,2016-11-14T05:40:39.550000,7.880952835,,2016p860098
173.7909851,-42.32772446,3.112598404,2016-11-14T05:39:01.474000,5.0,,2016p860095
173.7348633,-42.04631805,3.103620801,2016-11-14T05:37:05.117000,10.5579443,,2016p860092
173.5604248,-42.14719772,3.394661113,2016-11-14T05:35:29.170000,4.745728016,,2016p860089
173.6961517,-42.16875076,3.865251116,2016-11-14T05:29:28.274000,5.0,,2016p860077
173.65625,-42.49502563,4.042302114,2016-11-14T05:27:05.963000,7.641549587,,2016p860073
174.2439575,-41.70270538,3.466867649,2016-11-14T05:24:25.647000,6.633060455,,2016p860068
173.0827332,-42.43976593,3.203940674,2016-11-14T05:23:00.366000,5.0,,2016p860065
174.3025665,-41.7224617,3.672999564,2016-11-14T05:21:14.623000,13.28013897,,2016p860062
173.3149872,-42.50513458,3.655981602,2016-11-14T05:20:52.022000,6.72449398,,2016p860061
173.2012024,-42.48644638,3.441030461,2016-11-14T05:19:22.544000,5.0,,2016p860058
173.3909607,-42.39008713,5.160148601,2016-11-14T05:16:32.460000,5.0,,2016p860053
174.3085785,-41.70002747,3.638704476,2016-11-14T05:11:43.613000,8.867957115,,2016p860044
173.8019257,-42.41462326,3.17181673,2016-11-14T05:10:23.848000,8.651193619,,2016p860042
173.7473602,-42.26686478,3.29627726,2016-11-14T05:05:00.271000,10.00557709,,2016p860031
174.2815094,-41.68243027,3.720373852,2016-11-14T05:01:32.739000,10.82730484,,2016p860024
174.3255768,-41.73055267,3.289214007,2016-11-14T04:59:52.642000,14.22992134,,2016p860022
174.1302948,-41.91519165,3.56690203,2016-11-14T04:54:26.872000,5.0,,2016p860012
174.2483521,-41.88079453,3.514001182,2016-11-14T04:54:08.214000,5.0,,2016p860011
173.7586517,-42.06983185,3.212864626,2016-11-14T04:47:53.640000,10.80506039,,2016p859999
173.5626068,-42.42721176,3.397313428,2016-11-14T04:44:13.137000,5.517621517,,2016p859992
174.1467743,-41.71736145,3.563343004,2016-11-14T04:41:57.582000,7.475467205,,2016p859988
173.6893158,-42.39436722,4.194179336,2016-11-14T04:32:50.950000,6.940668106,,2016p859971
173.2304688,-42.47594833,3.460019593,2016-11-14T04:25:43.128000,5.0,,2016p859958
173.8216553,-42.34024811,3.55371393,2016-11-14T04:22:49.162000,14.17365265,,2016p859951
174.3892517,-41.7602005,3.015091773,2016-11-14T04:22:39.511000,12.48647308,,2016p859952
173.8634644,-42.37548065,3.120321358,2016-11-14T04:19:03.568000,5.0,,2016p859946
174.2082214,-41.78065491,3.941967214,2016-11-14T04:15:53.059000,12.65121269,,2016p859940
173.366272,-42.43186951,3.997378264,2016-11-14T04:14:32.902000,5.0,,2016p859937
174.3397369,-41.71520615,3.317226898,2016-11-14T04:13:41.162000,10.00882626,,2016p859935
173.5823517,-42.14295959,5.143930913,2016-11-14T04:10:21.828000,5.0,,2016p859929
173.6381378,-42.26462936,4.752681918,2016-11-14T04:05:47.475000,6.945884228,,2016p859920
174.2304688,-41.69442749,3.008375325,2016-11-14T04:02:24.043000,7.00900507,,2016p859914
173.0134125,-42.4783783,3.46943237,2016-11-14T04:01:22.888000,5.0,,2016p859912
173.5822144,-42.4679985,3.176289386,2016-11-14T03:58:14.093000,5.0,,2016p859906
173.8633728,-42.33996964,3.787027005,2016-11-14T03:55:37.556000,5.0,,2016p859901
174.2801361,-41.71677399,3.009687085,2016-11-14T03:52:31.738000,13.16615009,,2016p859895
173.9273682,-42.32926941,3.12971941,2016-11-14T03:51:00.637000,12.18654442,,2016p859893
174.179657,-41.77566528,3.482933682,2016-11-14T03:48:48.682000,5.547394276,,2016p859888
174.1946411,-41.91914749,3.327785664,2016-11-14T03:47:05.472000,6.438619137,,2016p859885
174.0984955,-41.941082,3.984722719,2016-11-14T03:44:26.131000,5.484278679,,2016p859880
174.3499908,-41.73059464,4.791970176,2016-11-14T03:40:18.721000,9.192276955,,2016p859872
174.318222,-41.71303177,3.841963928,2016-11-14T03:36:09.870000,7.706362247,,2016p859865
174.2435455,-41.68216705,3.638554402,2016-11-14T03:34:16.949000,6.733399391,,2016p859861
174.0380859,-41.90798187,3.820910617,2016-11-14T03:33:12.523000,7.1197505,,2016p859859
174.2656555,-41.82818604,3.64854738,2016-11-14T03:31:48.448000,5.0,,2016p859856
174.1597137,-42.01127243,3.735109817,2016-11-14T03:27:58.037000,17.35036087,,2016p859849
174.1522064,-41.73460388,3.240745219,2016-11-14T03:26:59.094000,5.996389389,,2016p859844
173.246521,-42.4606514,3.792334485,2016-11-14T03:25:09.296000,11.28078842,,2016p859843
173.7970734,-42.24210739,3.681574284,2016-11-14T03:21:19.992000,8.249025345,,2016p859837
173.2262726,-42.49132538,3.039744191,2016-11-14T03:17:59.531000,12.0,,2016p859830
173.6547241,-42.14759064,3.14784284,2016-11-14T03:14:59.339000,13.40246964,,2016p859825
174.3270111,-41.74289703,3.000011706,2016-11-14T03:12:58.852000,12.76759624,,2016p859821
173.8408051,-42.25151062,3.785133317,2016-11-14T03:10:00.881000,12.0,,2016p859815
173.1592712,-42.50319672,3.609163121,2016-11-14T03:07:20.846000,5.0,,2016p859811
173.806839,-42.33903122,3.815184555,2016-11-14T03:06:01.208000,11.57703495,,2016p859808
172.8906403,-42.65402222,3.672618972,2016-11-14T03:03:12.233000,11.43695641,,2016p859803
174.2614746,-41.74957275,3.595144701,2016-11-14T03:02:23.384000,10.51753807,,2016p859801
173.5204163,-42.53858185,3.809101926,2016-11-14T02:59:15.707000,5.0,,2016p859796
174.2532501,-41.75309372,3.486969236,2016-11-14T02:58:51.223000,7.960107803,,2016p859795
173.609375,-42.41259384,4.216223437,2016-11-14T02:56:06.321000,4.681044102,,2016p859789
174.2480927,-41.75497818,3.517545386,2016-11-14T02:55:25.811000,8.580544472,,2016p859788
173.9411163,-41.89811325,3.434205053,2016-11-14T02:53:34.591000,10.92555523,,2016p859784
174.2645569,-41.68114471,4.104350215,2016-11-14T02:50:49.509000,5.851190567,,2016p859780
173.0485077,-42.51192093,3.316648776,2016-11-14T02:47:36,4.936013222,,2016p859774
173.854126,-41.98134232,3.294546844,2016-11-14T02:45:20.159000,9.30618763,,2016p859769
174.2286987,-41.7396698,3.332589996,2016-11-14T02:44:03.203000,15.52233982,,2016p859766
173.0597839,-42.49911499,3.360419679,2016-11-14T02:43:57.959000,8.077542305,,2016p859770
174.1759186,-42.33235168,3.157593618,2016-11-14T02:43:17.953000,12.0,,2016p859767
174.1781464,-41.77204895,3.438442072,2016-11-14T02:37:09.425000,17.787817,,2016p859754
173.3716888,-42.39806366,3.85335157,2016-11-14T02:35:44.133000,5.0,,2016p859751
174.232132,-41.69810486,3.542103809,2016-11-14T02:34:40.888000,7.449274063,,2016p859749
173.788208,-41.96051025,3.832336799,2016-11-14T02:31:26.574000,4.972561836,,2016p859743
174.2514038,-41.69721222,3.566807188,2016-11-14T02:30:14.963000,10.16580296,,2016p859741
173.8049316,-42.39213943,3.100885755,2016-11-14T02:26:19.494000,5.0,,2016p859734
173.8924713,-42.41099167,3.387176921,2016-11-14T02:23:19.481000,5.0,,2016p859728
173.7591858,-42.13419724,3.075628574,2016-11-14T02:23:00.066000,5.0,,2016p859727
173.7898865,-42.01908112,3.144158878,2016-11-14T02:21:32.360000,5.0,,2016p859725
173.9925842,-41.96553802,4.231659688,2016-11-14T02:18:11.906000,5.726069927,,2016p859719
174.2236481,-41.72600174,3.354465192,2016-11-14T02:17:46.165000,7.063731194,,2016p859718
174.3031006,-41.71442795,3.826721184,2016-11-14T02:13:26.435000,6.638914108,,2016p859709
173.7186279,-42.20445251,3.384548658,2016-11-14T02:12:31.672000,5.0,,2016p859708
173.1899109,-42.40238953,4.384220217,2016-11-14T02:07:44.364000,5.0,,2016p859698
174.2049103,-41.6567421,3.084372997,2016-11-14T02:06:53.884000,4.947373867,,2016p859697
173.849884,-42.38520813,4.378420815,2016-11-14T02:02:58.268000,12.0,,2016p859690
174.1914673,-41.82470322,3.590221877,2016-11-14T02:02:49.911000,6.657408237,,2016p859689
173.8614807,-42.53105545,4.1246688,2016-11-14T02:01:12.490000,10.40297318,,2016p859686
174.24823,-41.69944,3.530665113,2016-11-14T01:58:38.161000,8.021347046,,2016p859681
173.9035187,-41.90433884,4.090977284,2016-11-14T01:56:07.158000,11.30611992,,2016p859677
173.246521,-42.46461487,3.772957139,2016-11-14T01:54:38.641000,5.0,,2016p859674
173.0963593,-42.46766281,3.628802522,2016-11-14T01:53:11.926000,8.007720947,,2016p859671
173.0160522,-42.63257217,3.312047523,2016-11-14T01:49:23.514000,4.667165279,,2016p859664
173.6095886,-42.39953613,3.811794513,2016-11-14T01:47:39.837000,5.0,,2016p859662
173.1627197,-42.57909775,4.294580037,2016-11-14T01:46:19.020000,6.812549114,,2016p859663
173.8807068,-42.45196915,3.395063455,2016-11-14T01:45:22.169000,9.256106377,,2016p859657
174.0411682,-41.76301575,3.020838376,2016-11-14T01:44:00.658000,7.149843216,,2016p859654
173.8199921,-42.4515419,3.350168378,2016-11-14T01:43:51.628000,7.917517185,,2016p859655
174.1833038,-41.69208908,3.550302322,2016-11-14T01:42:25.744000,5.633123398,,2016p859653
173.5888519,-42.1438446,3.67641737,2016-11-14T01:42:12.543000,5.0,,2016p859651
174.2800293,-41.68480682,3.809689237,2016-11-14T01:40:54.759000,8.4742136,,2016p859648
173.7671814,-42.0843277,3.692543111,2016-11-14T01:39:54.981000,5.0,,2016p859646
173.771286,-42.08304214,3.522020341,2016-11-14T01:39:54.287000,9.235850334,,2016p859649
173.7185211,-42.36219025,3.87840231,2016-11-14T01:37:38.783000,3.755968094,,2016p859642
174.2219391,-41.7538414,3.770692086,2016-11-14T01:35:49.872000,6.607935905,,2016p859639
173.4256134,-42.3355751,3.64673188,2016-11-14T01:35:29.456000,9.719845772,,2016p859638
174.120636,-41.6847229,3.084602385,2016-11-14T01:34:01.706000,9.82499218,,2016p859635
173.7338867,-42.33687592,5.38535422,2016-11-14T01:30:14.594000,11.05774117,,2016p859628
173.879425,-41.98282242,5.249665723,2016-11-14T01:28:22.710000,7.596300125,,2016p859625
173.9617615,-42.4084053,3.583674996,2016-11-14T01:27:05.770000,5.0,,2016p859622
173.5533295,-42.21730423,4.136196705,2016-11-14T01:23:39.928000,5.722325325,,2016p859616
174.2323456,-41.69228363,3.310473972,2016-11-14T01:17:06.812000,5.0,,2016p859604
174.1200562,-41.71130371,3.840577005,2016-11-14T01:15:44.011000,8.312335968,,2016p859601
173.8692627,-42.29473495,3.287272351,2016-11-14T01:13:48.253000,11.17241192,,2016p859597
173.229599,-42.48550415,3.600699057,2016-11-14T01:11:24.688000,4.839767456,,2016p859593
173.4871521,-42.38625717,3.957678041,2016-11-14T01:08:42.431000,8.72544384,,2016p859588
173.877243,-42.27676392,4.172779626,2016-11-14T01:06:46.163000,10.2516098,,2016p859584
173.3731689,-42.35915375,4.538891002,2016-11-14T01:03:21.402000,4.961349964,,2016p859578
172.8005219,-42.67287827,4.214218965,2016-11-14T01:02:12.772000,9.301255226,,2016p859576
174.3125305,-41.69152069,4.118473947,2016-11-14T01:00:08.828000,5.7752738,,2016p859572
174.2285614,-41.70093918,4.340158707,2016-11-14T00:59:00.908000,9.520296097,,2016p859570
173.610199,-42.40417862,4.093532954,2016-11-14T00:58:29.167000,13.0,,2016p859569
173.8862305,-42.26683044,4.676559881,2016-11-14T00:54:21.976000,11.09730339,,2016p859561
173.2134552,-42.40974426,3.793503184,2016-11-14T00:51:31.697000,4.678418159,,2016p859555
173.7233887,-42.28352737,3.568769037,2016-11-14T00:48:46.198000,5.0,,2016p859550
173.1705017,-42.46875763,4.111100821,2016-11-14T00:46:34.193000,8.127892494,,2016p859546
174.2572021,-41.74933243,3.437097076,2016-11-14T00:45:50.662000,12.0,,2016p859547
174.1025696,-41.87479019,3.083706933,2016-11-14T00:44:52.735000,5.0,,2016p859545
173.6526489,-41.98581696,3.320628016,2016-11-14T00:44:23.628000,4.821699142,,2016p859543
172.8906555,-42.52505112,3.846656099,2016-11-14T00:43:37.031000,12.91205215,,2016p859541
173.1375732,-42.46536255,6.656748205,2016-11-14T00:34:23.359000,5.0,,2016p859524
173.9798737,-42.05213547,3.048617861,2016-11-14T00:34:10.570000,8.1673069,,2016p859526
173.9140472,-42.30217361,3.434166318,2016-11-14T00:31:01.477000,5.0,,2016p859517
174.0368042,-42.27218628,3.626762347,2016-11-14T00:27:24.760000,5.0,,2016p859510
173.8130951,-42.28559494,3.13651417,2016-11-14T00:25:30.063000,8.979311943,,2016p859507
173.8695679,-42.25969696,3.412801491,2016-11-14T00:23:17.647000,5.0,,2016p859502
173.6261749,-42.23390961,3.193711022,2016-11-14T00:22:16.134000,5.0,,2016p859501
174.3632812,-41.74833298,3.80311913,2016-11-14T00:19:52.090000,8.475423813,,2016p859496
173.2447662,-42.45265961,4.001770915,2016-11-14T00:17:57.905000,12.0,,2016p859493
173.7632751,-42.26001358,4.1236081,2016-11-14T00:15:38.023000,12.0,,2016p859488
174.1551208,-41.8322258,3.599941067,2016-11-14T00:12:38.898000,9.62283802,,2016p859483
174.2556305,-41.70740891,3.82606528,2016-11-14T00:08:05.932000,7.500393391,,2016p859474
173.4251404,-42.43408966,3.738169022,2016-11-14T00:07:26.407000,6.949926376,,2016p859473
173.1820831,-42.50006485,3.656444072,2016-11-14T00:05:38.396000,7.759440899,,2016p859470
173.6572876,-42.11171722,3.418381325,2016-11-14T00:05:06.534000,5.0,,2016p859469
174.3205414,-41.70908737,3.788031132,2016-11-14T00:03:29.999000,11.93058395,,2016p859466
174.1925507,-41.78017044,3.828053344,2016-11-14T00:03:18.635000,9.329057693,,2016p859465
174.4022064,-41.72554779,3.801489132,2016-11-14T00:02:13.821000,5.0,,2016p859463
174.2939606,-41.76956177,3.884812848,2016-11-14T00:01:04.387000,12.35686302,,2016p859461
173.5979156,-42.3804245,3.328687179,2016-11-14T00:00:34.577000,19.02528,,2016p859460
174.3592377,-41.66881561,3.491473552,2016-11-14T00:00:17.813000,5.0,,2016p859459
173.730896,-41.98166275,3.467686754,2016-11-13T23:59:13.740000,4.887394428,,2016p859458
173.1443481,-42.54557037,4.133879971,2016-11-13T23:57:49.457000,11.81089592,,2016p859456
173.8627014,-42.23415756,3.931856377,2016-11-13T23:57:41.123000,11.5242424,,2016p859455
174.3369141,-41.70196533,4.830143565,2016-11-13T23:54:58.341000,11.48480892,,2016p859450
173.1845856,-42.51037598,4.001829898,2016-11-13T23:54:44.799000,8.336535454,,2016p859449
174.3250275,-41.66419983,3.455840874,2016-11-13T23:53:01.913000,5.0,,2016p859446
174.3457489,-41.70961761,5.19361659,2016-11-13T23:49:12.053000,6.91605711,,2016p859439
173.0612488,-42.54059982,3.771512307,2016-11-13T23:48:16.269000,5.0,,2016p859437
174.1907501,-41.7443924,3.053789015,2016-11-13T23:47:11.579000,6.101727962,,2016p859435
172.6906433,-42.65224838,3.899321658,2016-11-13T23:45:18.951000,4.683826447,,2016p859431
174.2801666,-41.73152924,3.280971168,2016-11-13T23:44:37.837000,13.0597744,,2016p859430
173.4961395,-42.3602829,4.301882447,2016-11-13T23:40:51.743000,5.345646381,,2016p859423
173.7465973,-42.051651,3.881056567,2016-11-13T23:39:37.569000,11.95583248,,2016p859424
174.0278931,-41.86376953,3.654905816,2016-11-13T23:39:24.485000,11.82710361,,2016p859421
174.257782,-41.67911911,3.175279391,2016-11-13T23:37:44.353000,6.640631199,,2016p859417
174.2794495,-41.74726105,3.813028402,2016-11-13T23:33:44.797000,9.760034561,,2016p859410
173.2952423,-42.52537537,3.928515127,2016-11-13T23:32:29.681000,12.9283886,,2016p859408
174.2134857,-41.66637802,3.682535578,2016-11-13T23:32:20.387000,7.277005196,,2016p859407
173.7960052,-42.05117035,3.806899144,2016-11-13T23:30:51.697000,7.687776089,,2016p859404
174.0206451,-42.09321213,3.805717361,2016-11-13T23:30:06.485000,5.0,,2016p859403
173.9148407,-42.28898621,4.020155413,2016-11-13T23:27:47.668000,12.8789196,,2016p859398
174.2252197,-41.79460907,3.66551074,2016-11-13T23:27:21.862000,6.28740406,,2016p859397
173.7564697,-41.99682999,3.234805774,2016-11-13T23:23:18.203000,5.0,,2016p859390
173.6770325,-42.27671051,3.823664372,2016-11-13T23:20:56.177000,18.49985123,,2016p859388
173.8517303,-42.08519363,3.756231348,2016-11-13T23:20:53.397000,5.0,,2016p859386
173.8491058,-42.10297394,5.169089164,2016-11-13T23:17:33.343000,9.81598568,,2016p859378
174.0080719,-41.87961197,4.447419547,2016-11-13T23:16:03.284000,11.33967495,,2016p859377
173.7086487,-42.20694351,3.14741931,2016-11-13T23:12:18.241000,5.0,,2016p859369
174.2688599,-41.77544022,3.813461484,2016-11-13T23:09:44.751000,11.42460346,,2016p859364
173.963974,-42.38172913,3.783456647,2016-11-13T23:07:31.612000,11.18017006,,2016p859360
174.2367554,-41.66336441,3.924846499,2016-11-13T23:04:16.797000,5.0,,2016p859354
