# Simulation 770
# RelativeTime(days) Magnitude Generation Latitude Longitude
Time Mag Gen Lat Lon
7.005	 2.53	 1	 -41.7711	  174.2430
7.007	 2.08	 1	 -42.6337	  172.5508
7.008	 3.17	 1	 -42.6600	  172.8631
7.009	 2.41	 1	 -42.7556	  172.7716
7.010	 2.75	 1	 -42.5202	  173.1301
7.010	 2.32	 1	 -41.9642	  174.0432
7.011	 2.15	 1	 -42.8418	  173.1294
7.011	 2.12	 1	 -42.0859	  173.8027
7.012	 2.29	 1	 -42.2266	  173.7065
7.012	 2.26	 1	 -42.4044	  173.3837
7.014	 2.19	 1	 -41.7295	  173.7779
7.015	 3.07	 1	 -42.3430	  173.1213
7.016	 2.62	 1	 -41.7539	  174.3610
7.018	 2.24	 1	 -41.7692	  174.2494
7.019	 2.10	 1	 -42.4179	  173.1704
7.020	 2.07	 1	 -42.6115	  173.0434
7.020	 2.23	 1	 -42.3365	  173.7298
7.022	 2.68	 1	 -41.7727	  174.3388
7.023	 2.07	 1	 -42.1553	  173.6215
7.024	 2.43	 1	 -42.4536	  173.4431
7.025	 2.80	 1	 -42.5135	  173.7607
7.025	 3.18	 1	 -44.0240	  173.9019
7.026	 2.59	 1	 -41.4333	  173.6840
7.027	 2.12	 2	 -41.7703	  174.3336
7.029	 2.88	 1	 -42.5331	  173.1277
7.030	 2.09	 1	 -42.3160	  173.3177
7.032	 2.23	 1	 -42.4802	  173.2587
7.033	 2.44	 1	 -42.2957	  173.7016
7.035	 2.16	 1	 -41.7371	  174.2379
7.035	 2.32	 1	 -39.3558	  168.8275
7.035	 2.03	 1	 -43.2646	  173.6584
7.040	 2.33	 1	 -41.6962	  174.3355
7.041	 2.14	 1	 -41.7313	  174.3985
7.044	 2.18	 1	 -41.9526	  173.7201
7.047	 2.39	 1	 -41.7057	  174.3774
7.049	 2.11	 1	 -42.3729	  173.5016
7.049	 2.34	 1	 -42.6416	  172.7735
7.052	 3.91	 1	 -42.6250	  173.5592
7.053	 2.36	 1	 -42.1316	  173.6267
7.054	 2.12	 1	 -41.9688	  173.6908
7.055	 2.18	 1	 -42.1084	  173.7662
7.056	 2.27	 1	 -42.5097	  173.1026
7.057	 2.42	 1	 -42.7303	  173.0285
7.062	 2.69	 1	 -42.6826	  173.1221
7.064	 2.87	 1	 -41.6753	  174.4371
7.066	 2.93	 1	 -43.1603	  173.2738
7.068	 2.38	 1	 -42.8111	  173.0406
7.069	 2.43	 1	 -42.2736	  173.8939
7.069	 2.13	 1	 -38.8205	  169.6001
7.071	 2.18	 1	 -42.6187	  173.0968
7.073	 2.08	 1	 -42.5015	  173.2070
7.075	 2.02	 1	 -42.2967	  173.7085
7.077	 2.59	 1	 -42.3263	  173.5780
7.079	 2.12	 1	 -42.3383	  173.9039
7.079	 2.54	 1	 -41.6025	  174.1647
7.082	 2.28	 1	 -42.1463	  173.6676
7.083	 2.56	 1	 -41.6860	  174.2596
7.083	 2.46	 1	 -42.2773	  173.5312
7.085	 2.94	 2	 -42.3225	  172.6218
7.085	 2.32	 1	 -42.4690	  174.0614
7.086	 3.24	 1	 -41.7650	  174.0239
7.086	 2.07	 1	 -41.7837	  174.1903
7.089	 2.29	 2	 -41.6785	  174.4396
7.091	 2.11	 1	 -42.3551	  173.4939
7.091	 2.50	 1	 -42.4545	  173.7421
7.091	 3.12	 1	 -41.7305	  174.1890
7.092	 2.40	 2	 -42.6210	  173.5384
7.092	 2.57	 1	 -42.1833	  173.6965
7.093	 2.51	 1	 -42.2903	  172.8476
7.095	 2.82	 1	 -41.9692	  174.0402
7.098	 2.32	 1	 -41.7141	  174.2128
7.100	 2.53	 1	 -42.4370	  173.0393
7.101	 2.27	 1	 -42.5177	  173.7251
7.101	 2.29	 1	 -42.5472	  173.1852
7.102	 2.05	 1	 -42.4671	  172.8670
7.102	 2.35	 1	 -42.6456	  172.7099
7.102	 2.19	 1	 -42.2503	  173.8223
7.104	 2.12	 1	 -41.7180	  174.2974
7.105	 3.08	 1	 -42.5129	  173.0616
7.108	 2.16	 1	 -41.6917	  174.2374
7.109	 2.82	 1	 -42.3360	  173.3456
7.110	 2.06	 1	 -42.5149	  173.1889
7.110	 2.13	 1	 -41.7091	  174.2736
7.115	 2.52	 1	 -42.4418	  173.2661
7.117	 2.57	 1	 -42.3289	  173.9555
7.117	 2.13	 1	 -42.1830	  173.5741
7.118	 2.38	 1	 -42.6487	  172.7599
7.120	 2.22	 1	 -42.5858	  173.2237
7.121	 2.40	 1	 -42.8879	  173.0118
7.122	 2.29	 1	 -42.2674	  173.9118
7.123	 2.90	 1	 -42.3847	  173.6630
7.123	 2.11	 1	 -42.5253	  173.1958
7.125	 2.09	 1	 -42.4758	  173.9968
7.126	 3.06	 1	 -42.2611	  173.5160
7.127	 2.72	 1	 -42.3900	  173.0941
7.127	 2.15	 1	 -41.9188	  174.0421
7.128	 2.28	 1	 -44.9454	  172.4187
7.130	 2.22	 1	 -42.8720	  173.3347
7.132	 2.07	 1	 -44.1033	  171.9701
7.135	 2.12	 1	 -42.5913	  172.9200
7.137	 2.43	 1	 -42.2878	  173.8890
7.141	 2.06	 1	 -41.7267	  174.4737
7.141	 2.18	 1	 -41.4469	  174.3028
7.144	 2.05	 1	 -42.3872	  173.5596
7.145	 2.00	 1	 -42.6975	  173.0297
7.145	 2.76	 1	 -42.3976	  173.2558
7.147	 2.19	 1	 -42.2813	  173.4874
7.148	 2.56	 1	 -41.9331	  173.5162
7.150	 2.12	 1	 -41.7631	  174.3155
7.151	 2.28	 1	 -42.6270	  172.8549
7.151	 2.12	 1	 -42.7754	  172.9148
7.156	 2.41	 1	 -42.4082	  173.4079
7.157	 2.23	 1	 -42.7855	  173.0778
7.159	 2.03	 1	 -39.0702	  170.9686
7.160	 2.50	 1	 -42.6842	  172.7835
7.161	 2.50	 1	 -41.9772	  173.7272
7.161	 2.07	 1	 -42.2934	  173.9991
7.162	 2.57	 1	 -42.0341	  173.6500
7.164	 2.08	 1	 -41.6826	  174.2566
7.165	 2.05	 1	 -41.7546	  174.2548
7.165	 2.28	 1	 -42.4602	  173.7121
7.166	 2.26	 1	 -42.5139	  173.7245
7.166	 2.95	 1	 -41.7347	  174.3456
7.167	 2.09	 1	 -43.9062	  173.7706
7.168	 2.78	 1	 -42.3792	  173.8074
7.170	 2.02	 1	 -41.6792	  174.3651
7.171	 2.57	 1	 -42.5910	  173.0154
7.176	 2.07	 1	 -44.4275	  174.1747
7.176	 2.19	 1	 -42.4429	  172.9559
7.179	 2.31	 1	 -42.0301	  173.5599
7.181	 2.02	 1	 -41.7987	  174.2521
7.182	 4.01	 1	 -41.6480	  174.2963
7.183	 3.23	 1	 -41.7697	  173.6309
7.183	 2.08	 1	 -41.6761	  174.1469
7.184	 2.13	 1	 -42.7088	  173.1462
7.187	 2.31	 1	 -42.4064	  173.8003
7.189	 2.25	 1	 -41.9205	  179.0491
7.192	 2.69	 1	 -42.4925	  172.6680
7.194	 2.05	 1	 -42.5857	  173.4395
7.196	 2.01	 1	 -42.8432	  173.2337
7.198	 2.16	 1	 -42.3842	  174.0005
7.201	 2.80	 1	 -42.2774	  173.7672
7.204	 2.73	 1	 -42.1976	  173.6389
7.208	 2.57	 1	 -42.6252	  173.9121
7.209	 2.47	 1	 -42.4189	  172.9617
7.209	 2.04	 1	 -41.8154	  174.2956
7.210	 3.27	 1	 -42.1554	  173.8309
7.211	 2.32	 2	 -42.5495	  173.1727
7.212	 2.07	 1	 -42.1159	  173.5318
7.213	 2.50	 1	 -42.9553	  173.4416
7.213	 2.28	 1	 -42.4173	  173.6093
7.216	 3.02	 1	 -41.8559	  174.3380
7.220	 2.01	 1	 -42.1465	  173.5615
7.220	 3.04	 1	 -42.4639	  173.1219
7.221	 2.44	 1	 -42.2792	  179.1140
7.223	 2.48	 1	 -41.7223	  174.2711
7.223	 2.59	 1	 -42.6194	  172.9286
7.226	 3.19	 1	 -42.4341	  173.7901
7.226	 3.77	 1	 -42.3170	  173.7363
7.228	 2.72	 1	 -42.5197	  172.7691
7.229	 2.00	 1	 -42.1930	  173.6154
7.229	 3.42	 1	 -41.9486	  174.1879
7.229	 2.02	 1	 -41.7630	  174.2818
7.232	 2.66	 1	 -41.8648	  174.0208
7.233	 2.04	 1	 -42.7515	  173.1967
7.233	 3.09	 1	 -41.9073	  174.2391
7.234	 3.01	 1	 -42.1325	  173.7969
7.237	 2.90	 1	 -42.4700	  173.8261
7.239	 2.63	 1	 -42.5467	  173.1146
7.239	 3.82	 1	 -42.6361	  172.8664
7.243	 2.53	 2	 -42.4727	  173.4162
7.249	 2.62	 1	 -41.7071	  174.2768
7.249	 3.40	 1	 -41.7326	  174.3502
7.250	 3.01	 1	 -41.8660	  173.9372
7.250	 2.98	 1	 -41.7462	  173.3826
7.252	 2.01	 1	 -42.5409	  173.4716
7.252	 2.03	 2	 -42.3120	  173.7339
7.252	 2.82	 2	 -42.5430	  172.9160
7.253	 2.72	 1	 -46.5833	  176.0891
7.256	 2.27	 1	 -42.4508	  172.1395
7.256	 2.61	 1	 -42.3657	  173.0158
7.256	 2.15	 1	 -42.0638	  174.0694
7.264	 2.00	 1	 -42.8451	  172.9896
7.268	 2.60	 1	 -42.3509	  173.3779
7.276	 2.80	 1	 -41.7220	  174.1846
7.280	 2.32	 1	 -42.4491	  173.1369
7.280	 2.05	 1	 -42.3887	  173.4810
7.281	 2.75	 1	 -42.3993	  173.6229
7.281	 2.07	 1	 -42.4830	  174.7821
7.282	 2.00	 1	 -42.5528	  170.4270
7.284	 2.07	 1	 -42.6719	  172.7849
7.285	 2.58	 1	 -42.3906	  173.8194
7.286	 2.14	 1	 -42.1604	  173.5723
7.287	 2.10	 1	 -41.9025	  173.8581
7.289	 2.15	 1	 -42.1060	  173.7289
7.292	 3.12	 1	 -41.6115	  174.3915
7.293	 2.25	 1	 -42.4468	  173.2358
7.295	 2.17	 1	 -42.6494	  173.1889
7.295	 2.24	 1	 -42.0347	  173.7336
7.301	 3.49	 1	 -42.5516	  171.6359
7.303	 2.06	 1	 -42.2539	  173.7048
7.303	 2.57	 1	 -41.8011	  174.2177
7.305	 4.21	 2	 -42.6802	  172.7815
7.307	 2.15	 1	 -41.7719	  174.0167
7.309	 2.55	 1	 -42.4231	  173.1354
7.309	 2.46	 1	 -42.3749	  173.7278
7.310	 2.00	 2	 -42.5415	  171.6217
7.310	 2.07	 1	 -41.7801	  174.2893
7.310	 2.82	 1	 -41.9203	  173.6025
7.310	 2.72	 1	 -42.3061	  173.7735
7.311	 2.43	 1	 -41.8437	  174.2375
7.313	 2.68	 1	 -41.6697	  174.3218
7.314	 2.19	 1	 -42.3139	  173.8844
7.317	 2.23	 1	 -43.9083	  178.9108
7.318	 3.43	 1	 -41.6276	  174.2724
7.322	 2.08	 1	 -42.8186	  172.9972
7.323	 2.27	 1	 -42.5828	  172.9337
7.325	 2.34	 1	 -42.4980	  173.3310
7.325	 2.01	 1	 -42.4577	  173.3956
7.326	 2.16	 1	 -42.4216	  172.1854
7.326	 2.32	 2	 -41.7307	  174.3455
7.327	 2.01	 1	 -42.2832	  173.7294
7.329	 2.08	 1	 -42.0012	  173.4538
7.329	 2.73	 1	 -43.1089	  170.4627
7.331	 2.06	 1	 -42.8228	  172.0026
7.335	 2.03	 1	 -42.3224	  173.4420
7.336	 2.05	 1	 -42.0164	  173.7625
7.337	 2.87	 1	 -42.1860	  173.6951
7.338	 2.32	 1	 -42.4224	  172.7924
7.338	 2.07	 1	 -42.6786	  172.8431
7.340	 2.33	 1	 -41.7598	  174.4650
7.341	 3.07	 1	 -41.8215	  174.2542
7.341	 2.37	 1	 -41.8889	  174.1657
7.342	 2.09	 1	 -43.0292	  171.9328
7.342	 2.17	 1	 -41.7708	  174.3030
7.344	 2.08	 1	 -41.7109	  174.2927
7.345	 2.79	 1	 -42.4922	  173.7977
7.348	 2.04	 1	 -42.2415	  173.4241
7.350	 2.51	 1	 -42.7004	  172.8664
7.355	 2.51	 1	 -42.4660	  173.4113
7.356	 2.54	 1	 -41.6987	  174.2287
7.357	 2.06	 1	 -41.6926	  174.1308
7.358	 2.38	 3	 -42.6772	  172.7952
7.358	 2.69	 1	 -42.5124	  173.1556
7.358	 2.48	 1	 -41.6991	  179.1440
7.359	 2.15	 1	 -42.5122	  173.1805
7.363	 2.85	 1	 -42.4977	  173.2445
7.367	 2.03	 1	 -42.6543	  172.8248
7.368	 2.01	 1	 -41.8308	  174.1044
7.368	 2.57	 1	 -42.4760	  172.9690
7.368	 2.55	 1	 -41.8455	  174.1857
7.368	 2.81	 1	 -42.3298	  173.9252
7.372	 2.04	 2	 -42.5138	  173.0584
7.375	 2.41	 1	 -42.3869	  173.9930
7.376	 2.12	 1	 -42.0678	  173.6880
7.376	 2.19	 1	 -41.6112	  174.2522
7.379	 2.26	 1	 -41.7047	  174.3383
7.382	 2.17	 1	 -42.8801	  172.9307
7.382	 2.03	 1	 -42.2489	  173.7378
7.382	 2.54	 1	 -42.0622	  173.8891
7.387	 2.29	 1	 -41.7183	  174.2664
7.387	 2.13	 1	 -42.5855	  173.4911
7.388	 2.35	 1	 -42.2228	  173.6486
7.392	 2.44	 1	 -42.1053	  173.8340
7.394	 2.03	 1	 -42.1554	  172.7666
7.395	 2.26	 1	 -42.6851	  172.9472
7.395	 2.05	 1	 -42.3757	  174.0104
7.395	 2.04	 2	 -42.3521	  174.0332
7.397	 2.44	 1	 -41.6515	  174.1491
7.398	 2.17	 1	 -41.3839	  174.2354
7.399	 2.97	 1	 -42.2773	  173.4983
7.402	 2.33	 1	 -42.3883	  173.8546
7.403	 2.29	 1	 -42.4305	  173.7600
7.403	 2.27	 1	 -41.7756	  174.2881
7.404	 4.05	 2	 -41.6773	  174.1329
7.404	 2.20	 1	 -42.6142	  172.8943
7.407	 2.10	 1	 -42.2657	  173.6806
7.408	 2.08	 1	 -42.2989	  173.6036
7.409	 2.19	 1	 -41.7272	  174.1701
7.410	 2.03	 1	 -42.6333	  172.8931
7.410	 2.08	 1	 -42.4029	  173.7167
7.411	 2.06	 2	 -42.3139	  173.7371
7.414	 2.01	 1	 -42.2047	  173.1773
7.415	 2.28	 1	 -42.3506	  174.0715
7.417	 2.62	 3	 -41.6870	  174.1294
7.418	 2.42	 1	 -41.6962	  174.3481
7.420	 2.75	 1	 -42.4224	  173.7803
7.426	 2.79	 1	 -41.9565	  174.0660
7.426	 2.78	 1	 -42.2006	  173.6540
7.427	 2.16	 1	 -41.6721	  174.3394
7.429	 2.09	 1	 -41.2878	  175.5748
7.429	 2.29	 1	 -42.3874	  173.7466
7.429	 3.13	 1	 -41.8621	  174.1863
7.429	 2.63	 1	 -42.5563	  173.1190
7.430	 2.02	 1	 -42.3254	  174.0864
7.430	 3.11	 1	 -46.3008	  176.8737
7.431	 2.09	 1	 -42.7034	  173.2769
7.435	 2.61	 1	 -42.2477	  174.0843
7.436	 3.41	 1	 -41.7526	  174.1532
7.437	 2.43	 1	 -42.4475	  172.5570
7.437	 2.14	 1	 -42.3974	  173.1620
7.438	 2.46	 1	 -42.3283	  173.7277
7.438	 2.32	 1	 -41.7358	  174.1631
7.441	 2.13	 1	 -41.9703	  174.0150
7.443	 2.37	 2	 -42.6205	  172.8605
7.443	 2.57	 1	 -42.2454	  173.6334
7.444	 2.06	 1	 -42.2469	  173.7785
7.445	 2.28	 1	 -41.6619	  174.4147
7.449	 3.15	 1	 -41.7705	  174.3233
7.449	 2.16	 1	 -41.7102	  174.3114
7.449	 2.09	 3	 -41.6735	  174.1418
7.455	 2.37	 1	 -42.4641	  173.2131
7.456	 2.21	 1	 -42.5085	  172.9712
7.456	 2.43	 1	 -42.6787	  172.7629
7.458	 2.76	 1	 -42.6896	  173.2715
7.459	 2.04	 1	 -41.7688	  171.5681
7.459	 2.23	 1	 -42.6393	  173.0326
7.461	 2.16	 1	 -42.3383	  173.7672
7.461	 2.72	 1	 -42.4977	  173.6337
7.463	 2.31	 1	 -41.6434	  174.1768
7.466	 3.34	 1	 -42.5491	  172.8150
7.469	 2.26	 1	 -41.6891	  174.2657
7.471	 2.34	 1	 -42.2723	  173.6697
7.473	 2.20	 1	 -42.0209	  173.7718
7.473	 2.10	 1	 -42.7162	  173.0443
7.474	 2.23	 1	 -42.2779	  173.6091
7.477	 2.72	 1	 -41.9883	  172.9026
7.480	 2.17	 1	 -42.6405	  173.0732
7.480	 2.55	 1	 -42.3700	  172.1491
7.483	 2.55	 1	 -42.1713	  173.7659
7.485	 2.01	 1	 -41.7234	  174.1047
7.486	 2.13	 1	 -42.3271	  173.5327
7.487	 2.21	 1	 -41.7444	  174.3011
7.487	 2.94	 1	 -42.6182	  172.9372
7.493	 2.37	 1	 -42.4724	  173.9130
7.493	 2.11	 1	 -41.8175	  173.9711
7.493	 2.53	 1	 -42.1336	  174.2837
7.494	 2.28	 1	 -42.2254	  172.6302
7.497	 2.63	 1	 -42.3557	  173.3180
7.497	 2.04	 1	 -42.4336	  173.2374
7.498	 2.26	 1	 -42.6169	  173.0378
7.499	 2.77	 1	 -41.7351	  174.2029
7.499	 2.40	 1	 -42.3336	  173.4969
7.502	 2.37	 1	 -42.3804	  173.6516
7.502	 2.06	 1	 -41.8665	  174.2447
7.503	 2.68	 1	 -41.5768	  173.4291
7.504	 2.53	 1	 -42.3044	  173.7570
7.505	 2.59	 1	 -42.3518	  174.1905
7.508	 2.07	 1	 -41.6501	  174.2510
7.509	 2.54	 2	 -41.6460	  174.2734
7.512	 2.24	 1	 -41.4419	  172.0177
7.513	 3.07	 1	 -41.8065	  174.2061
7.513	 2.84	 1	 -42.8899	  173.0166
7.513	 2.53	 1	 -41.8835	  174.2867
7.514	 2.05	 1	 -42.3160	  173.0286
7.515	 2.09	 1	 -41.6442	  174.4181
7.516	 3.56	 1	 -42.7477	  173.0173
7.519	 2.11	 1	 -41.7518	  174.6803
7.519	 2.30	 1	 -41.9785	  173.7636
7.519	 3.45	 1	 -42.7464	  173.6022
7.520	 2.71	 1	 -42.3629	  174.0011
7.522	 3.25	 1	 -41.7179	  174.2784
7.523	 3.36	 1	 -41.6897	  174.3089
7.527	 3.00	 1	 -42.1901	  173.3582
7.527	 2.24	 1	 -42.4526	  173.3605
7.531	 2.09	 1	 -42.2976	  173.9735
7.533	 2.81	 1	 -42.1451	  173.6277
7.533	 3.02	 1	 -41.9899	  174.0679
7.534	 2.92	 1	 -42.6871	  172.9113
7.535	 2.27	 2	 -42.2108	  173.7652
7.536	 2.60	 1	 -42.5493	  173.0094
7.537	 2.01	 1	 -42.2298	  173.5354
7.537	 2.69	 1	 -42.3770	  173.5896
7.538	 2.47	 1	 -42.4045	  173.2924
7.538	 2.15	 1	 -45.1469	  171.9750
7.539	 2.07	 1	 -41.5909	  172.6879
7.540	 2.07	 1	 -41.7603	  174.1864
7.541	 2.03	 2	 -41.6392	  174.8199
7.544	 3.05	 1	 -46.8083	  175.4861
7.545	 2.49	 1	 -41.7751	  174.2510
7.546	 2.02	 1	 -41.6810	  174.2119
7.546	 2.20	 1	 -42.6235	  173.1507
7.552	 2.18	 1	 -41.7307	  174.3209
7.553	 2.00	 1	 -42.3391	  173.0980
7.556	 3.66	 1	 -41.5694	  174.3172
7.557	 2.83	 1	 -42.2140	  173.6547
7.560	 2.32	 1	 -41.6846	  174.1913
7.560	 2.56	 1	 -43.6545	  173.4236
7.561	 2.40	 1	 -41.8410	  174.2045
7.561	 2.29	 1	 -42.0044	  173.7940
7.562	 2.88	 1	 -42.5230	  172.7719
7.562	 2.10	 2	 -41.6429	  174.2868
7.564	 2.74	 1	 -43.0598	  173.5952
7.567	 2.03	 1	 -42.8663	  172.7936
7.569	 3.17	 1	 -42.3803	  173.6406
7.570	 2.60	 2	 -42.7588	  173.0396
7.572	 4.03	 1	 -41.9450	  173.6690
7.575	 2.21	 1	 -42.5297	  172.9470
7.577	 2.66	 1	 -41.9904	  173.7102
7.582	 2.35	 1	 -42.5381	  174.0819
7.583	 2.13	 1	 -41.7556	  174.2266
7.584	 2.10	 1	 -42.7630	  174.4046
7.584	 2.07	 1	 -42.4469	  174.0135
7.589	 2.13	 1	 -42.1222	  172.9184
7.590	 2.10	 1	 -42.4166	  173.7990
7.593	 2.52	 1	 -42.2877	  173.6537
7.594	 2.17	 1	 -41.9759	  174.0936
7.597	 2.28	 1	 -42.3598	  174.1723
7.598	 2.07	 1	 -42.7211	  172.7025
7.599	 2.23	 1	 -42.9237	  172.8466
7.599	 2.03	 1	 -41.9398	  174.3484
7.600	 2.31	 2	 -42.7446	  173.5509
7.602	 2.08	 2	 -42.7518	  173.0246
7.603	 2.18	 1	 -42.9991	  173.0055
7.603	 2.71	 1	 -42.3748	  173.9060
7.605	 2.03	 1	 -42.4214	  173.1240
7.605	 2.44	 1	 -42.5958	  173.0082
7.610	 2.19	 1	 -41.0297	  173.9449
7.610	 2.01	 1	 -42.7016	  173.5781
7.610	 2.03	 1	 -42.2209	  174.1406
7.611	 2.32	 2	 -41.9477	  173.6692
7.611	 2.13	 1	 -42.3322	  173.7444
7.613	 2.39	 1	 -42.4300	  173.4597
7.615	 2.39	 1	 -42.3905	  173.0728
7.617	 2.48	 2	 -42.0968	  174.1925
7.618	 2.22	 2	 -41.6735	  174.2629
7.618	 2.11	 1	 -41.8167	  174.2401
7.618	 2.23	 1	 -41.6509	  174.1506
7.620	 2.62	 1	 -42.2762	  173.8083
7.621	 2.31	 1	 -42.3583	  174.1124
7.624	 2.08	 1	 -42.2873	  174.9437
7.628	 2.23	 2	 -42.4725	  173.7920
7.629	 2.21	 1	 -40.9693	  171.9116
7.631	 2.36	 1	 -41.8262	  173.9277
7.631	 2.21	 2	 -41.6648	  174.3512
7.632	 2.08	 1	 -41.6717	  174.2343
7.633	 2.16	 1	 -42.6655	  172.7262
7.633	 2.32	 1	 -42.6660	  173.2456
7.634	 2.56	 1	 -42.4061	  173.4576
7.634	 2.38	 1	 -42.4174	  173.4023
7.636	 2.28	 1	 -42.1043	  173.7777
7.637	 2.22	 1	 -41.8370	  174.2804
7.639	 2.23	 1	 -42.2472	  173.4486
7.643	 2.04	 1	 -42.1556	  173.6117
7.644	 2.05	 1	 -42.1124	  172.7256
7.645	 2.54	 1	 -41.6722	  174.2365
7.646	 3.38	 1	 -42.0921	  174.1549
7.647	 2.12	 1	 -42.7557	  173.0121
7.648	 3.16	 1	 -42.2333	  173.6766
7.649	 2.15	 1	 -42.3725	  174.0175
7.650	 2.20	 1	 -42.2063	  173.6754
7.650	 2.94	 1	 -41.7007	  174.3455
7.650	 3.63	 1	 -41.9355	  173.8137
7.653	 2.09	 1	 -41.7126	  174.3685
7.655	 2.74	 1	 -42.4484	  173.4004
7.657	 2.86	 1	 -41.4688	  171.0721
7.657	 2.13	 1	 -41.8411	  172.6701
7.658	 2.12	 1	 -41.6716	  174.2104
7.660	 2.05	 1	 -41.7225	  174.1721
7.660	 2.23	 1	 -42.2365	  173.6930
7.661	 2.46	 1	 -41.6755	  174.1866
7.665	 2.11	 2	 -41.7215	  174.2912
7.666	 2.33	 1	 -41.6876	  174.3394
7.666	 2.36	 1	 -41.6251	  174.3230
7.667	 2.08	 1	 -42.1310	  173.9723
7.667	 2.32	 1	 -42.4283	  172.4777
7.667	 2.03	 1	 -42.5339	  173.8200
7.668	 2.00	 1	 -43.3092	  173.1834
7.669	 2.30	 1	 -42.8849	  173.0507
7.672	 2.60	 1	 -39.0057	  173.7085
7.674	 2.62	 3	 -41.6687	  174.1354
7.675	 2.20	 1	 -39.3607	  172.8472
7.675	 2.06	 1	 -42.2788	  173.6119
7.676	 2.13	 1	 -41.8246	  174.2119
7.676	 2.04	 1	 -43.2027	  173.3607
7.677	 2.27	 1	 -42.4257	  173.2028
7.677	 2.69	 1	 -41.8931	  172.6430
7.677	 3.07	 1	 -42.4302	  173.3795
7.678	 2.37	 1	 -42.4371	  173.1628
7.678	 2.04	 1	 -41.8209	  174.1650
7.680	 2.22	 1	 -42.8099	  173.6123
7.680	 2.17	 1	 -41.7223	  174.3208
7.683	 3.20	 1	 -41.9981	  173.6902
7.686	 2.35	 1	 -41.7097	  174.3503
7.687	 3.77	 1	 -42.2161	  173.9516
7.687	 2.79	 1	 -41.8412	  173.4724
7.692	 2.89	 1	 -42.7250	  172.8085
7.692	 2.44	 2	 -42.2663	  174.0469
7.693	 2.05	 2	 -41.9986	  173.6877
7.694	 2.40	 1	 -42.5483	  173.1206
7.695	 2.14	 1	 -42.5271	  173.2970
7.695	 2.28	 1	 -42.0143	  173.7338
7.696	 2.31	 1	 -42.2522	  172.3501
7.697	 2.08	 1	 -42.2492	  173.3298
7.698	 2.55	 1	 -42.2047	  173.7548
7.701	 2.12	 1	 -42.0976	  173.6666
7.701	 2.08	 1	 -42.3590	  173.4012
7.702	 2.96	 1	 -42.3807	  173.1421
7.712	 2.09	 1	 -42.5132	  172.3722
7.712	 2.24	 1	 -42.6554	  173.1647
7.713	 2.16	 1	 -41.7791	  174.2650
7.714	 2.14	 2	 -42.6586	  173.1636
7.715	 2.14	 1	 -42.2954	  173.3503
7.717	 3.30	 2	 -42.0974	  174.1463
7.721	 2.38	 1	 -42.3077	  174.0331
7.721	 2.08	 1	 -42.5304	  173.1615
7.721	 2.24	 2	 -42.3772	  173.6586
7.722	 2.13	 1	 -42.3632	  173.8648
7.723	 2.46	 1	 -42.4474	  173.8219
7.724	 2.52	 1	 -42.3628	  173.8848
7.727	 2.13	 1	 -41.6876	  173.9479
7.730	 2.81	 1	 -41.7794	  174.2972
7.733	 2.33	 1	 -42.6387	  172.9108
7.736	 2.10	 1	 -42.3810	  174.0059
7.737	 2.21	 2	 -42.5262	  173.0981
7.737	 2.04	 1	 -42.5388	  173.1791
7.739	 2.24	 1	 -42.3823	  173.7032
7.739	 2.12	 2	 -41.7357	  174.4769
7.741	 2.08	 1	 -37.8161	  177.2538
7.742	 2.20	 1	 -42.2484	  172.6645
7.742	 2.42	 1	 -41.6908	  174.2632
7.745	 2.07	 1	 -42.3105	  173.6032
7.745	 2.16	 2	 -42.1491	  173.7384
7.747	 2.00	 1	 -42.7747	  172.4917
7.747	 2.78	 1	 -41.7036	  174.2504
7.748	 2.70	 1	 -42.3813	  174.1083
7.749	 2.33	 1	 -42.1837	  172.6260
7.751	 2.06	 1	 -42.4666	  173.1549
7.751	 3.41	 1	 -42.2086	  173.6757
7.754	 2.01	 1	 -41.6274	  174.2077
7.756	 2.72	 1	 -42.6692	  172.9918
7.757	 2.18	 1	 -42.6214	  172.8462
7.758	 2.17	 1	 -41.9204	  174.4394
7.758	 2.69	 1	 -42.3165	  173.4885
7.759	 2.58	 1	 -42.1623	  174.2861
7.761	 2.16	 3	 -42.5139	  173.7892
7.763	 2.49	 1	 -43.0065	  173.2240
7.765	 2.26	 1	 -42.2396	  173.8457
7.766	 2.32	 1	 -42.0835	  173.8864
7.766	 2.08	 1	 -41.7055	  174.2672
7.766	 2.30	 1	 -41.7479	  174.1210
7.766	 2.54	 2	 -41.7145	  174.3381
7.767	 2.24	 1	 -42.7760	  172.9852
7.769	 2.52	 1	 -43.5014	  174.0165
7.769	 2.17	 1	 -42.3911	  173.0347
7.770	 2.59	 1	 -42.1881	  173.8655
7.771	 2.20	 1	 -41.9401	  175.0736
7.771	 2.04	 1	 -43.1392	  172.8088
7.772	 2.33	 1	 -42.4960	  173.0745
7.775	 3.00	 1	 -42.4358	  173.2147
7.775	 2.15	 1	 -46.9162	  170.9230
7.776	 3.25	 1	 -41.8785	  173.9862
7.779	 2.04	 1	 -42.8413	  172.7302
7.781	 2.34	 1	 -42.5843	  173.0783
7.781	 2.37	 1	 -42.8766	  172.7411
7.782	 2.16	 1	 -41.6949	  174.2702
7.782	 2.17	 1	 -42.8442	  173.7624
7.783	 2.23	 1	 -42.5856	  172.7772
7.784	 2.61	 1	 -41.8042	  174.2373
7.784	 2.77	 1	 -42.0812	  173.7735
7.785	 2.33	 1	 -42.7872	  173.1294
7.788	 2.43	 1	 -42.3312	  173.9403
7.792	 2.30	 1	 -42.5502	  173.1379
7.793	 3.61	 1	 -42.5815	  172.7465
7.795	 2.45	 1	 -39.5829	  176.2693
7.796	 2.25	 1	 -42.3740	  173.6167
7.796	 3.20	 1	 -44.3173	  172.9479
7.798	 2.27	 3	 -42.6593	  172.7563
7.800	 2.05	 1	 -42.4433	  173.4167
7.800	 2.16	 1	 -42.7389	  173.4533
7.800	 2.00	 1	 -42.2437	  174.3840
7.801	 2.14	 1	 -42.3353	  174.1465
7.801	 2.93	 1	 -43.1613	  169.6448
7.802	 2.83	 1	 -42.3901	  173.4756
7.804	 2.12	 1	 -41.8394	  175.0980
7.806	 2.13	 1	 -41.7953	  174.3869
7.807	 2.11	 1	 -40.6875	  170.9205
7.808	 2.04	 1	 -42.6052	  172.9888
7.808	 2.89	 1	 -42.8702	  172.9371
7.813	 2.45	 1	 -42.2513	  173.1211
7.814	 2.51	 1	 -42.3666	  173.9909
7.816	 2.05	 2	 -41.8168	  174.1393
7.817	 2.16	 1	 -42.1530	  173.6289
7.817	 2.03	 1	 -41.7929	  174.2907
7.820	 2.65	 1	 -42.3600	  172.5490
7.821	 2.12	 1	 -39.1082	  169.0921
7.824	 2.21	 1	 -42.6137	  172.8379
7.824	 2.15	 1	 -41.8765	  174.1691
7.825	 2.43	 1	 -42.4974	  173.0987
7.827	 2.55	 1	 -42.3149	  173.6623
7.828	 2.64	 1	 -43.3065	  173.2246
7.828	 2.32	 2	 -42.2239	  173.9474
7.830	 2.35	 1	 -43.3715	  173.2375
7.831	 2.52	 1	 -42.1891	  173.8821
7.833	 2.05	 1	 -42.4139	  174.0677
7.833	 2.06	 1	 -42.2322	  173.7845
7.833	 2.03	 1	 -42.4347	  173.6139
7.837	 2.44	 1	 -42.2006	  173.9846
7.837	 2.08	 1	 -42.3358	  173.7306
7.837	 2.09	 1	 -41.7024	  174.2443
7.839	 2.10	 1	 -42.3369	  173.8434
7.839	 2.28	 1	 -42.1535	  173.7396
7.839	 2.11	 1	 -41.7462	  174.2631
7.842	 2.41	 1	 -42.7137	  172.9105
7.842	 2.33	 1	 -42.4766	  173.2048
7.842	 2.11	 1	 -42.3363	  173.9166
7.843	 2.11	 1	 -42.1062	  173.8841
7.844	 2.08	 1	 -41.6574	  174.1285
7.845	 2.06	 1	 -42.2406	  173.7540
7.845	 2.40	 1	 -41.8366	  172.5829
7.851	 3.01	 1	 -43.1712	  172.3382
7.851	 3.16	 2	 -41.6033	  174.1644
7.852	 2.63	 1	 -42.5518	  173.1893
7.853	 2.19	 1	 -42.2558	  173.5627
7.853	 2.08	 1	 -42.3257	  172.7028
7.853	 2.11	 1	 -41.6820	  174.2641
7.854	 2.17	 1	 -40.7388	  175.3320
7.859	 2.00	 1	 -42.6523	  172.8422
7.861	 2.03	 1	 -42.5127	  173.2986
7.862	 2.60	 1	 -42.4790	  173.3533
7.866	 2.25	 1	 -42.4152	  173.4587
7.868	 2.59	 1	 -41.8467	  174.2649
7.869	 2.31	 1	 -42.2673	  173.7462
7.869	 3.22	 1	 -41.7285	  174.3809
7.870	 2.46	 2	 -40.9017	  172.8336
7.872	 2.02	 1	 -43.6179	  173.0327
7.873	 2.26	 1	 -42.2522	  173.6429
7.877	 2.46	 1	 -42.0111	  174.4552
7.882	 4.14	 1	 -42.6820	  173.0626
7.883	 2.34	 1	 -42.4793	  173.0730
7.883	 2.20	 1	 -42.3901	  173.8268
7.884	 2.73	 1	 -42.6125	  172.5094
7.889	 2.71	 1	 -42.3495	  173.9559
7.890	 3.11	 1	 -42.3290	  173.5837
7.892	 2.13	 1	 -42.2745	  173.6794
7.892	 2.43	 1	 -41.7711	  174.2590
7.897	 2.62	 1	 -41.8046	  174.4154
7.899	 2.24	 1	 -41.9698	  174.0189
7.900	 2.41	 1	 -42.5701	  174.0691
7.902	 2.10	 1	 -42.3988	  172.6468
7.903	 2.52	 1	 -41.7604	  174.5286
7.903	 2.42	 1	 -41.6833	  174.1784
7.904	 2.48	 1	 -42.1962	  173.6132
7.905	 2.34	 1	 -42.3263	  173.8716
7.905	 2.43	 2	 -41.7181	  172.0761
7.906	 2.71	 1	 -42.1555	  173.4812
7.907	 2.03	 1	 -42.2520	  172.9515
7.909	 2.77	 1	 -41.5823	  167.0937
7.910	 2.30	 1	 -41.8107	  174.0254
7.916	 2.32	 2	 -41.8657	  174.3400
7.918	 2.32	 1	 -42.0622	  174.1409
7.919	 2.48	 1	 -41.7076	  174.2903
7.920	 2.30	 1	 -41.7567	  174.3257
7.921	 2.41	 2	 -42.6897	  173.0765
7.922	 3.01	 1	 -42.5591	  173.0137
7.924	 2.19	 1	 -42.8566	  173.0106
7.924	 3.05	 1	 -42.6822	  172.7847
7.930	 2.33	 1	 -42.6620	  172.4562
7.931	 2.39	 1	 -42.6436	  172.8452
7.931	 2.04	 1	 -42.5837	  172.9850
7.936	 2.55	 1	 -42.6019	  173.2246
7.936	 2.38	 1	 -41.8250	  174.2258
7.937	 2.48	 1	 -42.6441	  173.1753
7.938	 2.06	 1	 -42.2436	  173.8360
7.938	 2.58	 1	 -42.2459	  173.7057
7.939	 2.23	 1	 -42.5967	  173.3891
7.942	 2.78	 1	 -42.9174	  173.4873
7.942	 2.40	 1	 -42.1368	  173.6286
7.943	 2.67	 1	 -42.6813	  173.0550
7.943	 2.74	 1	 -42.3276	  173.2564
7.944	 2.28	 1	 -42.6230	  173.0899
7.944	 3.98	 1	 -41.7022	  174.1528
7.945	 2.35	 1	 -42.1822	  173.6217
7.948	 2.40	 1	 -42.3730	  173.6276
7.949	 2.25	 1	 -42.4850	  172.9871
7.949	 2.13	 1	 -41.6833	  174.2240
7.950	 2.48	 1	 -42.4800	  172.9828
7.951	 2.32	 1	 -42.0439	  174.4737
7.951	 2.54	 1	 -44.1100	  176.0342
7.953	 2.67	 2	 -41.7039	  174.3479
7.954	 2.02	 1	 -42.6584	  172.6875
7.954	 3.33	 1	 -42.6999	  172.9735
7.957	 2.35	 1	 -42.3595	  173.7406
7.959	 2.29	 1	 -40.8972	  178.1640
7.960	 2.08	 1	 -41.6622	  174.1674
7.960	 2.27	 1	 -42.5460	  172.8809
7.960	 2.08	 1	 -41.9858	  174.0941
7.961	 2.00	 3	 -41.6774	  174.2602
7.964	 2.50	 1	 -41.9690	  173.1419
7.967	 2.23	 1	 -42.0545	  173.5961
7.973	 3.50	 1	 -42.3757	  174.1920
7.974	 2.69	 1	 -42.4253	  172.4576
7.975	 2.22	 1	 -41.6143	  174.3245
7.975	 2.12	 1	 -41.7896	  174.3363
7.976	 2.33	 1	 -41.6937	  174.2539
7.978	 3.42	 1	 -41.9090	  173.4844
7.979	 2.50	 2	 -42.3619	  173.9810
7.980	 3.04	 1	 -42.0636	  173.8015
7.984	 2.42	 1	 -42.3680	  173.8000
7.985	 2.01	 1	 -41.9200	  172.8785
7.985	 2.89	 1	 -42.1966	  173.2982
7.986	 2.04	 1	 -42.4206	  173.6526
7.993	 2.22	 1	 -41.8171	  174.3227
8.001	 2.21	 1	 -42.2270	  172.8173
8.002	 3.12	 1	 -42.3014	  173.6637
8.003	 2.19	 1	 -41.7130	  174.2154
8.006	 2.29	 1	 -41.8075	  173.9516
8.006	 2.25	 1	 -41.9233	  173.4342
8.007	 3.05	 1	 -42.4956	  173.0147
8.008	 2.01	 1	 -41.2826	  173.7030
8.016	 2.25	 1	 -42.5615	  173.7971
8.017	 2.09	 2	 -42.3069	  173.6727
8.017	 2.06	 1	 -42.3994	  173.7659
8.018	 2.06	 1	 -42.6752	  172.9658
8.021	 2.09	 1	 -42.4338	  173.7250
8.021	 2.07	 1	 -42.0160	  173.3128
8.021	 2.62	 1	 -42.5948	  173.0270
8.022	 2.00	 1	 -41.7176	  174.3826
8.023	 3.05	 1	 -42.5784	  173.0974
8.024	 2.22	 1	 -42.8617	  172.9436
8.026	 2.72	 1	 -42.4362	  173.4601
8.028	 3.13	 2	 -39.5824	  176.2779
8.029	 2.44	 1	 -42.3994	  173.7222
8.030	 2.27	 1	 -41.8804	  174.3238
8.030	 2.04	 1	 -42.2375	  173.8172
8.031	 2.41	 1	 -42.6060	  172.8986
8.033	 2.06	 1	 -42.0467	  174.0966
8.033	 2.07	 2	 -42.1273	  173.6144
8.034	 2.38	 1	 -42.6642	  172.9783
8.039	 2.33	 1	 -42.4538	  173.4085
8.039	 2.32	 1	 -41.8443	  173.9859
8.039	 2.12	 1	 -42.5789	  172.9971
8.039	 2.83	 1	 -42.4842	  173.7834
8.039	 2.39	 1	 -42.5084	  172.9059
8.040	 2.20	 1	 -41.9027	  172.2881
8.040	 2.70	 1	 -42.5976	  173.3495
8.040	 2.22	 1	 -41.7049	  174.2281
8.044	 3.39	 1	 -41.8988	  174.0769
8.044	 2.64	 1	 -42.3898	  174.4254
8.045	 3.04	 1	 -44.1833	  168.4287
8.047	 2.69	 2	 -42.4485	  173.4137
8.050	 2.42	 1	 -42.1489	  173.5478
8.051	 2.09	 1	 -42.6710	  172.8925
8.051	 3.17	 1	 -41.9903	  173.8928
8.052	 2.16	 1	 -42.2163	  173.8198
8.053	 2.08	 1	 -42.4123	  173.8633
8.053	 2.43	 1	 -42.3440	  173.3327
8.054	 2.53	 1	 -42.3229	  173.9255
8.055	 2.49	 1	 -40.3025	  168.3393
8.056	 2.12	 1	 -42.9475	  173.2413
8.057	 2.97	 1	 -42.4105	  173.3445
8.058	 2.06	 1	 -42.3568	  173.8036
8.059	 2.46	 2	 -41.4526	  174.6821
8.060	 2.04	 1	 -41.8086	  174.1502
8.061	 3.12	 1	 -42.7412	  172.7887
8.061	 2.17	 1	 -42.4777	  173.2060
8.062	 3.14	 1	 -41.7569	  174.3271
8.062	 2.96	 1	 -42.7827	  172.8996
8.063	 2.25	 1	 -42.1923	  173.5946
8.063	 2.40	 1	 -42.3149	  174.0856
8.066	 2.97	 1	 -42.7363	  172.9920
8.067	 2.09	 3	 -41.4540	  174.6740
8.071	 2.13	 1	 -44.5224	  178.5579
8.072	 2.29	 1	 -42.0349	  173.8272
8.073	 3.36	 1	 -42.8327	  173.6579
8.073	 2.15	 2	 -42.6859	  173.0638
8.074	 2.26	 1	 -41.6775	  174.3150
8.075	 2.31	 1	 -42.3136	  173.6052
8.081	 2.36	 1	 -42.0573	  173.4671
8.083	 3.00	 1	 -42.2886	  173.5573
8.083	 2.32	 1	 -41.6385	  172.8405
8.088	 2.18	 1	 -42.1802	  173.5641
8.089	 2.58	 1	 -42.6564	  172.8718
8.089	 2.47	 1	 -42.4861	  173.2157
8.089	 2.18	 1	 -41.5126	  173.2631
8.090	 2.13	 1	 -41.9192	  174.0108
8.091	 2.39	 1	 -41.7268	  173.9318
8.092	 2.15	 3	 -39.5749	  176.2980
8.096	 2.19	 2	 -41.7570	  174.1521
8.098	 2.74	 1	 -42.1153	  173.5645
8.102	 2.24	 1	 -42.7233	  172.8377
8.102	 2.76	 1	 -42.2580	  173.5997
8.102	 2.10	 1	 -42.5616	  172.7398
8.103	 2.20	 1	 -42.6566	  173.1327
8.103	 2.46	 2	 -41.9551	  174.4420
8.105	 2.07	 1	 -41.6722	  173.5152
8.109	 2.15	 1	 -42.3263	  174.0339
8.110	 2.69	 1	 -42.5186	  173.0796
8.111	 2.38	 1	 -42.4774	  173.6609
8.112	 2.47	 1	 -42.3870	  174.0009
8.114	 2.52	 1	 -42.6127	  175.5055
8.115	 2.01	 2	 -42.3806	  173.1412
8.116	 2.23	 1	 -41.9069	  174.1700
8.119	 2.73	 1	 -42.2665	  173.7859
8.120	 2.43	 1	 -41.8450	  173.4742
8.122	 2.54	 1	 -41.6919	  174.2314
8.122	 2.14	 3	 -42.2047	  174.1707
8.125	 2.09	 1	 -41.7515	  174.1589
8.127	 2.25	 1	 -42.8379	  173.2502
8.127	 2.69	 1	 -42.0186	  173.6603
8.128	 2.17	 1	 -42.5741	  173.3402
8.129	 2.39	 1	 -41.6961	  174.2833
8.130	 2.09	 1	 -42.6546	  173.0813
8.132	 2.08	 1	 -41.7029	  170.6946
8.132	 2.47	 1	 -41.9798	  173.9621
8.133	 2.13	 1	 -41.8024	  174.2420
8.135	 2.19	 1	 -42.6120	  173.4890
8.135	 2.03	 1	 -42.3212	  174.2033
8.135	 2.22	 1	 -41.7692	  174.3459
8.136	 2.97	 1	 -41.7371	  174.2673
8.139	 2.06	 1	 -42.6669	  172.9742
8.141	 2.37	 1	 -42.5379	  173.0377
8.142	 2.74	 2	 -42.2516	  173.1310
8.144	 2.20	 1	 -41.8806	  174.0869
8.145	 2.96	 1	 -41.9037	  173.9712
8.146	 2.10	 1	 -41.6928	  174.3371
8.146	 2.30	 1	 -42.2068	  173.7191
8.147	 2.46	 1	 -42.6772	  172.8905
8.149	 2.25	 1	 -42.1476	  173.6387
8.152	 2.03	 1	 -41.6149	  174.1917
8.154	 2.77	 1	 -43.0579	  172.5011
8.154	 2.41	 1	 -42.6941	  173.0532
8.160	 4.12	 1	 -42.4211	  173.1256
8.164	 2.20	 1	 -42.0265	  173.7163
8.164	 2.72	 1	 -40.2057	  178.1192
8.165	 2.19	 1	 -41.8113	  174.2996
8.166	 2.34	 1	 -41.6926	  174.2364
8.169	 4.59	 1	 -42.6071	  173.0766
8.171	 2.05	 2	 -42.6187	  172.9469
8.171	 2.33	 1	 -42.3789	  173.1693
8.175	 2.04	 1	 -42.9787	  171.3529
8.178	 2.47	 1	 -41.6417	  173.8007
8.178	 3.41	 1	 -42.4619	  173.1014
8.179	 2.66	 2	 -41.9350	  173.8144
8.181	 2.13	 1	 -42.6181	  173.0491
8.181	 4.58	 1	 -42.5685	  172.9885
8.182	 2.20	 1	 -42.3447	  173.1042
8.183	 2.81	 1	 -42.4675	  172.3654
8.184	 2.47	 1	 -42.4658	  173.7562
8.184	 2.17	 2	 -42.6136	  173.0803
8.185	 2.74	 1	 -41.8471	  174.0506
8.185	 2.85	 1	 -42.4358	  173.7523
8.185	 2.02	 1	 -41.9157	  173.7077
8.186	 2.24	 1	 -42.6408	  173.1011
8.189	 3.68	 1	 -41.5790	  174.4872
8.191	 2.04	 3	 -41.9351	  173.8139
8.191	 2.10	 1	 -41.6066	  173.9789
8.193	 2.46	 1	 -42.3254	  173.7097
8.195	 2.35	 1	 -41.8708	  173.9599
8.195	 2.08	 1	 -42.2234	  173.6236
8.197	 2.16	 1	 -42.3455	  173.6850
8.198	 2.19	 2	 -42.6619	  173.0617
8.199	 2.46	 1	 -42.2046	  173.6786
8.200	 2.20	 1	 -41.6972	  174.2467
8.202	 2.30	 1	 -42.4169	  173.1143
8.205	 2.85	 1	 -41.9412	  173.2204
8.207	 2.04	 1	 -41.8139	  174.0917
8.211	 2.51	 1	 -42.3170	  173.8442
8.212	 2.14	 1	 -42.3253	  173.4498
8.212	 2.50	 2	 -41.9866	  174.0934
8.214	 2.19	 2	 -41.4040	  173.5924
8.217	 2.52	 1	 -42.2827	  173.8719
8.217	 2.42	 1	 -42.3507	  173.0170
8.220	 2.50	 1	 -41.7386	  174.1100
8.222	 2.79	 2	 -42.4939	  173.7719
8.225	 2.78	 1	 -42.2948	  173.8174
8.225	 2.20	 1	 -41.7007	  174.3312
8.226	 2.01	 2	 -42.6045	  173.0646
8.228	 2.09	 2	 -40.2040	  178.1177
8.231	 3.44	 1	 -41.8406	  174.0092
8.231	 2.45	 1	 -42.6701	  172.8261
8.232	 2.17	 1	 -41.7316	  175.1190
8.233	 3.35	 1	 -42.6659	  173.8350
8.233	 2.26	 1	 -42.3768	  173.8822
8.235	 2.69	 1	 -42.3000	  173.8900
8.239	 2.61	 1	 -42.1519	  173.4348
8.240	 2.01	 1	 -42.2980	  173.9088
8.241	 2.80	 1	 -42.2514	  172.2586
8.241	 2.06	 1	 -42.5254	  173.2963
8.241	 2.93	 1	 -42.6038	  172.7567
8.241	 2.12	 1	 -41.4763	  173.8375
8.244	 2.29	 1	 -42.2770	  173.6712
8.245	 2.03	 2	 -42.5497	  173.1133
8.246	 2.88	 1	 -41.6975	  174.2776
8.246	 2.08	 1	 -41.6576	  174.2701
8.246	 2.12	 1	 -41.9648	  173.5075
8.247	 2.22	 1	 -42.7267	  172.6185
8.247	 2.62	 1	 -41.9041	  173.7412
8.248	 2.77	 1	 -42.1693	  173.7455
8.249	 2.21	 2	 -42.3287	  173.9261
8.250	 3.76	 1	 -39.8578	  178.1035
8.250	 2.10	 1	 -42.4302	  172.6439
8.250	 2.04	 1	 -41.7330	  174.3420
8.253	 2.75	 1	 -42.5897	  173.5223
8.254	 2.36	 1	 -42.3525	  173.9148
8.256	 2.57	 1	 -42.3552	  173.1608
8.257	 2.38	 2	 -41.7595	  174.2196
8.259	 2.18	 1	 -42.0157	  172.8087
8.259	 3.12	 1	 -42.8584	  173.1607
8.260	 2.10	 1	 -41.6870	  174.2455
8.262	 2.40	 1	 -42.1813	  173.6698
8.263	 2.86	 1	 -42.0485	  174.1277
8.264	 2.03	 1	 -42.4679	  172.9352
8.268	 2.25	 1	 -41.9326	  173.7576
8.269	 2.11	 1	 -42.2292	  173.7298
8.271	 3.13	 1	 -42.8039	  173.1265
8.273	 2.19	 2	 -42.6078	  173.0747
8.273	 2.20	 1	 -42.4292	  173.0297
8.273	 2.96	 1	 -42.4207	  173.4031
8.275	 3.25	 1	 -41.7848	  174.4479
8.275	 2.16	 1	 -41.6930	  174.2464
8.277	 2.35	 2	 -41.4745	  172.4431
8.279	 2.22	 1	 -42.3357	  173.2973
8.280	 2.18	 2	 -42.5418	  173.1198
8.280	 2.63	 2	 -42.1848	  173.5948
8.281	 2.16	 1	 -42.4237	  173.4696
8.284	 2.11	 2	 -42.1319	  173.5345
8.285	 2.35	 1	 -42.6888	  173.4332
8.285	 2.70	 2	 -42.8353	  172.7299
8.286	 2.22	 1	 -41.6111	  174.3179
8.286	 2.18	 2	 -42.2126	  173.7547
8.287	 3.47	 2	 -42.6850	  173.0197
8.288	 2.35	 1	 -43.0893	  172.2745
8.288	 2.90	 1	 -42.5739	  173.1371
8.288	 2.57	 1	 -42.4326	  173.1582
8.288	 2.24	 1	 -42.3855	  172.9452
8.288	 2.66	 2	 -42.4363	  174.3889
8.289	 2.01	 1	 -42.8988	  172.4616
8.291	 2.82	 1	 -41.7541	  174.1955
8.292	 2.43	 1	 -42.3717	  173.9199
8.292	 2.14	 1	 -41.8155	  174.1026
8.295	 2.63	 1	 -42.4305	  173.7639
8.296	 2.48	 1	 -42.3843	  174.1744
8.296	 2.16	 1	 -42.5162	  172.9392
8.297	 2.27	 1	 -41.4582	  173.9578
8.297	 2.47	 1	 -42.1128	  174.1046
8.302	 2.28	 2	 -42.3281	  173.2915
8.308	 2.00	 2	 -42.5467	  170.4397
8.308	 2.16	 1	 -42.7643	  174.4732
8.312	 2.43	 1	 -41.7629	  174.1037
8.312	 3.11	 1	 -42.7620	  172.9512
8.313	 2.10	 1	 -42.5899	  172.9340
8.314	 2.23	 1	 -42.3567	  173.6123
8.314	 2.10	 2	 -42.5985	  173.4612
8.315	 2.16	 1	 -42.4022	  173.9207
8.315	 3.00	 1	 -41.9915	  173.6048
8.317	 2.08	 2	 -42.4204	  173.4041
8.322	 3.56	 1	 -42.8029	  174.0799
8.322	 2.11	 2	 -42.3565	  174.1972
8.323	 2.08	 1	 -41.7097	  174.2197
8.325	 2.03	 1	 -42.3827	  172.6360
8.325	 2.04	 1	 -42.9362	  173.0096
8.327	 2.62	 1	 -42.5584	  173.6906
8.329	 2.02	 1	 -42.4973	  173.5535
8.330	 2.23	 1	 -42.5681	  173.1272
8.331	 2.93	 2	 -42.6578	  173.8250
8.332	 2.12	 1	 -42.0604	  173.5665
8.332	 2.22	 1	 -42.3213	  173.7183
8.332	 2.97	 2	 -41.6100	  174.3751
8.336	 2.52	 1	 -42.4771	  173.0712
8.337	 2.65	 2	 -41.8909	  174.0560
8.337	 4.14	 1	 -42.6155	  172.9520
8.339	 2.11	 1	 -42.2194	  173.9962
8.340	 2.12	 1	 -42.7884	  172.7937
8.341	 3.63	 1	 -42.3805	  172.9730
8.343	 2.10	 1	 -42.5003	  173.1028
8.345	 2.48	 1	 -41.9467	  173.2419
8.345	 2.22	 1	 -41.5869	  174.1836
8.349	 4.13	 1	 -42.0535	  173.7155
8.351	 2.01	 1	 -42.5691	  173.3233
8.353	 3.35	 1	 -41.7099	  174.2404
8.354	 2.15	 1	 -41.9874	  173.7167
8.357	 2.15	 1	 -42.0127	  173.8934
8.357	 2.74	 2	 -42.6019	  173.0713
8.358	 2.09	 1	 -42.4387	  173.6575
8.359	 2.52	 1	 -41.5292	  174.8406
8.359	 2.59	 1	 -42.1913	  173.5030
8.360	 2.09	 2	 -41.6908	  174.1472
8.360	 2.30	 2	 -42.2102	  173.4122
8.360	 2.15	 1	 -41.9668	  173.9135
8.370	 2.08	 1	 -41.7886	  174.4532
8.372	 2.19	 2	 -41.8662	  173.9408
8.372	 2.56	 1	 -41.6905	  174.2642
8.373	 2.32	 1	 -43.5412	  173.0050
8.375	 2.04	 1	 -42.6591	  172.9021
8.376	 2.22	 1	 -42.2023	  173.1338
8.379	 2.65	 1	 -42.3376	  173.5689
8.380	 2.33	 1	 -41.8298	  174.2406
8.382	 2.76	 1	 -42.7936	  173.0332
8.383	 2.02	 1	 -41.6497	  174.2874
8.383	 2.31	 1	 -42.2817	  173.7283
8.389	 2.13	 1	 -42.6401	  173.0238
8.389	 2.64	 1	 -42.4916	  173.2652
8.390	 2.46	 1	 -41.5680	  175.0759
8.391	 2.19	 1	 -42.4022	  171.6092
8.395	 2.22	 1	 -41.5790	  174.0785
8.398	 2.15	 1	 -41.7270	  174.3658
8.398	 2.53	 1	 -42.9447	  172.7867
8.398	 2.31	 1	 -43.5754	  173.5993
8.398	 2.39	 3	 -42.6834	  172.7565
8.399	 4.95	 2	 -42.5669	  172.9952
8.399	 2.41	 3	 -42.5949	  173.0494
8.400	 2.58	 2	 -41.7995	  173.7943
8.401	 2.28	 3	 -42.6739	  172.9222
8.404	 2.53	 1	 -42.3920	  173.2454
8.405	 2.18	 1	 -42.6705	  173.0156
8.407	 2.40	 1	 -42.4175	  173.1581
8.407	 2.37	 3	 -42.5726	  173.0071
8.409	 2.45	 2	 -42.6668	  173.1904
8.410	 2.08	 1	 -42.4636	  173.1666
8.414	 2.55	 1	 -41.2451	  175.3127
8.415	 2.73	 3	 -42.5272	  172.9802
8.415	 3.01	 2	 -42.5422	  173.5722
8.417	 2.44	 1	 -41.9236	  174.1299
8.418	 2.08	 1	 -41.8808	  173.7726
8.424	 2.70	 1	 -42.4524	  173.2244
8.426	 2.72	 1	 -41.6409	  173.8806
8.426	 3.05	 2	 -42.0419	  173.7016
8.427	 2.47	 1	 -41.6575	  174.2226
8.428	 2.09	 1	 -41.7191	  174.3114
8.428	 2.45	 1	 -40.9946	  172.8445
8.429	 2.39	 1	 -43.0334	  171.8457
8.431	 2.23	 1	 -42.5960	  173.0285
8.431	 3.82	 2	 -41.2461	  175.3171
8.433	 2.62	 1	 -42.2773	  173.7693
8.433	 2.32	 1	 -42.1864	  173.2700
8.435	 2.08	 1	 -42.2802	  173.6532
8.436	 2.52	 2	 -42.6967	  173.0421
8.437	 2.18	 1	 -42.2985	  172.7596
8.437	 4.03	 1	 -41.6408	  174.1322
8.437	 3.28	 1	 -45.9551	  168.8121
8.441	 2.04	 1	 -41.5060	  174.2452
8.447	 3.18	 1	 -41.8277	  173.8217
8.447	 2.78	 1	 -42.2849	  173.5863
8.449	 2.93	 1	 -41.6694	  174.4792
8.450	 2.18	 2	 -44.0264	  173.9051
8.450	 2.06	 1	 -41.8143	  174.2630
8.451	 2.31	 1	 -41.7892	  174.1768
8.452	 2.14	 1	 -41.8860	  174.3519
8.454	 2.56	 2	 -42.4231	  173.1338
8.456	 2.61	 1	 -42.1367	  173.7322
8.459	 2.21	 1	 -42.7069	  174.8981
8.460	 2.85	 1	 -42.4910	  173.0640
8.464	 2.16	 1	 -42.4946	  173.0583
8.466	 2.17	 1	 -42.4934	  173.0812
8.469	 2.60	 3	 -42.4313	  173.0201
8.481	 2.29	 1	 -42.1858	  173.8251
8.483	 2.15	 2	 -42.5710	  172.9917
8.486	 2.47	 1	 -41.7044	  174.2543
8.486	 2.46	 1	 -41.9323	  174.2456
8.490	 2.27	 1	 -41.6980	  174.4051
8.491	 2.15	 1	 -41.4566	  174.4169
8.492	 2.18	 3	 -42.1983	  172.5617
8.494	 2.14	 1	 -41.6019	  174.3551
8.495	 2.04	 1	 -42.4728	  175.0857
8.496	 2.13	 2	 -42.1746	  173.6217
8.498	 2.08	 1	 -42.6914	  173.1548
8.499	 3.87	 1	 -42.5938	  174.4463
8.501	 2.14	 2	 -41.6278	  174.2763
8.503	 2.43	 2	 -41.7243	  174.2227
8.504	 2.75	 1	 -42.8997	  172.7166
8.506	 2.71	 1	 -41.8832	  173.5547
8.506	 4.89	 1	 -42.5430	  173.1670
8.508	 2.59	 1	 -42.0888	  174.0759
8.508	 2.26	 2	 -42.5628	  173.1924
8.509	 2.62	 1	 -42.5654	  173.1613
8.510	 2.19	 2	 -42.8806	  172.6176
8.511	 2.74	 1	 -42.2756	  173.9585
8.512	 2.53	 1	 -42.4618	  173.5936
8.512	 2.25	 1	 -42.1575	  173.9577
8.516	 2.71	 1	 -43.2363	  174.2028
8.516	 2.31	 1	 -42.0993	  173.0082
8.516	 2.60	 1	 -42.6417	  172.7067
8.516	 2.38	 1	 -41.9322	  173.0981
8.517	 2.70	 1	 -41.6833	  174.2300
8.517	 2.39	 2	 -42.1210	  173.8172
8.518	 2.99	 1	 -42.6336	  173.1779
8.519	 2.60	 1	 -41.8212	  174.2571
8.521	 2.64	 1	 -42.6438	  172.9478
8.521	 2.01	 2	 -42.6906	  172.9619
8.522	 2.53	 1	 -42.4973	  173.8814
8.523	 2.09	 1	 -42.3394	  173.6863
8.523	 2.77	 1	 -42.5325	  173.0785
8.526	 2.95	 1	 -42.5717	  172.0179
8.527	 2.41	 1	 -42.3824	  173.5092
8.528	 2.18	 1	 -42.1605	  173.5333
8.532	 2.02	 1	 -41.9943	  173.7976
8.534	 2.89	 1	 -41.6837	  174.1852
8.535	 2.08	 2	 -41.6893	  174.1676
8.536	 2.09	 1	 -42.4261	  173.3830
8.538	 2.35	 1	 -42.1610	  172.8412
8.539	 2.70	 1	 -42.5366	  173.1792
8.540	 2.08	 1	 -42.6010	  173.3642
8.540	 2.07	 1	 -42.3573	  173.7323
8.541	 2.75	 2	 -41.7266	  174.2124
8.542	 2.01	 2	 -41.5135	  173.2638
8.542	 2.61	 1	 -42.4363	  173.1474
8.543	 2.61	 2	 -42.7732	  174.0983
8.544	 2.43	 1	 -42.1199	  173.2551
8.545	 2.21	 1	 -42.1215	  173.2578
8.545	 2.31	 1	 -42.4134	  173.1908
8.545	 2.01	 1	 -41.7809	  174.0565
8.548	 2.12	 1	 -42.5337	  173.6141
8.548	 2.97	 1	 -41.8994	  174.0886
8.553	 2.37	 3	 -42.6077	  172.9774
8.554	 2.75	 2	 -42.5756	  172.7606
8.558	 2.01	 2	 -42.2762	  173.6570
8.560	 2.67	 1	 -41.9318	  174.2250
8.560	 3.97	 2	 -42.4249	  173.1209
8.562	 2.23	 1	 -41.5769	  174.3552
8.563	 2.36	 1	 -39.4477	  168.7868
8.564	 2.24	 1	 -42.1273	  173.5438
8.565	 2.24	 2	 -41.5794	  173.4361
8.565	 2.32	 1	 -42.2636	  173.5315
8.567	 2.42	 1	 -42.4980	  173.0591
8.569	 2.10	 1	 -42.7399	  174.0143
8.571	 2.12	 1	 -41.9835	  173.9270
8.573	 2.65	 2	 -41.9691	  174.0966
8.575	 2.02	 1	 -42.2236	  173.3226
8.576	 2.25	 2	 -39.3923	  168.8491
8.578	 2.00	 2	 -42.2439	  172.9934
8.579	 3.25	 1	 -41.7616	  174.2299
8.579	 2.60	 1	 -41.7897	  174.2344
8.580	 4.03	 2	 -39.6813	  178.3321
8.582	 2.98	 1	 -41.6651	  173.8170
8.584	 2.57	 1	 -42.2900	  173.1805
8.584	 2.30	 1	 -41.6609	  174.3253
8.586	 2.34	 2	 -45.9569	  168.8116
8.586	 2.40	 1	 -42.1899	  173.5695
8.588	 2.11	 2	 -42.3083	  173.7258
8.589	 2.48	 1	 -42.2588	  174.1224
8.589	 2.26	 1	 -42.1794	  173.9173
8.592	 2.09	 2	 -41.9179	  173.4665
8.592	 2.10	 1	 -42.7146	  173.1750
8.592	 2.19	 2	 -41.6662	  173.7955
8.592	 2.17	 1	 -42.7042	  172.3647
8.594	 2.03	 1	 -41.7444	  174.2344
8.594	 2.05	 1	 -42.5434	  173.0507
8.597	 2.83	 3	 -42.5811	  172.9851
8.597	 2.06	 2	 -42.5823	  173.2298
8.598	 2.91	 3	 -42.5495	  173.2313
8.598	 2.27	 1	 -42.5569	  172.9387
8.598	 2.85	 1	 -42.3625	  174.3401
8.599	 2.59	 2	 -42.6254	  173.0881
8.601	 3.17	 1	 -42.2813	  173.8551
8.601	 3.09	 1	 -41.7200	  174.3568
8.602	 2.36	 2	 -41.6799	  174.1432
8.603	 2.21	 2	 -42.2766	  173.8470
8.604	 2.26	 1	 -41.7118	  174.2295
8.607	 2.36	 2	 -42.5759	  172.0119
8.608	 2.15	 2	 -42.5730	  173.1501
8.609	 2.42	 1	 -42.1376	  173.7296
8.609	 2.10	 1	 -42.4958	  173.8443
8.611	 2.12	 1	 -42.1895	  173.6296
8.615	 2.02	 2	 -42.5479	  173.1664
8.619	 2.70	 1	 -42.8215	  172.8103
8.622	 2.11	 3	 -39.6660	  178.3883
8.622	 2.15	 1	 -42.4174	  173.3143
8.624	 2.92	 1	 -42.8406	  173.5365
8.625	 2.92	 2	 -42.2612	  173.5157
8.625	 2.43	 1	 -42.4300	  173.1377
8.629	 2.84	 1	 -41.6150	  174.3378
8.629	 2.11	 1	 -41.9013	  174.0350
8.633	 2.03	 2	 -41.9979	  173.6964
8.634	 2.19	 1	 -41.7452	  174.1766
8.634	 2.01	 1	 -41.7518	  174.3332
8.635	 2.24	 1	 -42.0339	  173.7551
8.637	 2.08	 1	 -41.9387	  173.6534
8.639	 2.54	 1	 -42.1502	  173.6634
8.642	 2.61	 2	 -42.5493	  173.0181
8.642	 2.31	 1	 -42.3413	  173.6407
8.643	 2.43	 1	 -43.9158	  173.5588
8.643	 2.65	 1	 -41.7905	  174.2422
8.645	 2.76	 1	 -42.8476	  173.3038
8.648	 2.99	 1	 -41.7173	  174.3153
8.648	 2.21	 3	 -42.4252	  173.1269
8.653	 2.47	 2	 -41.8184	  174.2608
8.654	 4.19	 2	 -42.0571	  172.2858
8.658	 2.79	 2	 -43.0899	  172.2841
8.660	 2.15	 1	 -41.6469	  174.1045
8.662	 2.29	 1	 -42.2792	  173.6188
8.663	 2.20	 2	 -42.4679	  173.2149
8.664	 2.37	 1	 -42.6281	  173.0343
8.667	 2.53	 1	 -42.1559	  172.7570
8.669	 2.43	 1	 -41.8635	  174.0393
8.672	 2.27	 1	 -41.7092	  174.2037
8.673	 2.27	 1	 -42.6802	  173.3688
8.675	 2.78	 1	 -42.2810	  173.8612
8.676	 2.88	 1	 -41.8859	  174.4454
8.676	 2.85	 1	 -42.2870	  173.5641
8.677	 3.44	 2	 -41.5812	  174.4946
8.680	 2.81	 1	 -42.0073	  173.7351
8.680	 2.51	 1	 -42.7507	  173.7532
8.680	 2.30	 1	 -42.2990	  173.7659
8.682	 2.66	 1	 -42.5839	  173.0207
8.684	 2.21	 1	 -42.4166	  173.3313
8.686	 2.11	 1	 -42.3614	  174.0142
8.687	 2.11	 2	 -42.4011	  173.6342
8.689	 2.04	 1	 -41.6628	  174.2579
8.690	 2.07	 1	 -42.5178	  173.3799
8.690	 2.65	 1	 -42.4250	  173.1434
8.691	 2.35	 1	 -41.7794	  174.0951
8.692	 2.14	 1	 -42.6393	  172.8634
8.692	 2.80	 1	 -42.5321	  172.9834
8.693	 2.48	 1	 -42.5295	  173.0094
8.695	 2.06	 2	 -42.9285	  173.4489
8.695	 2.24	 2	 -42.5348	  173.1387
8.696	 2.19	 1	 -41.7163	  174.3084
8.696	 2.11	 3	 -42.6680	  173.1920
8.698	 2.24	 1	 -41.6696	  174.2788
8.699	 2.01	 1	 -42.3068	  173.2027
8.700	 2.52	 2	 -42.6041	  173.5135
8.704	 2.38	 1	 -42.6965	  171.1330
8.705	 2.37	 1	 -42.5777	  173.1479
8.705	 2.76	 1	 -42.7452	  173.0563
8.708	 2.37	 3	 -42.1978	  174.2117
8.713	 4.05	 1	 -42.6198	  173.0472
8.716	 2.09	 1	 -42.2238	  173.6192
8.717	 2.35	 1	 -43.3419	  171.5736
8.718	 2.81	 1	 -41.9250	  174.0903
8.719	 2.16	 3	 -39.6376	  178.2859
8.719	 2.43	 1	 -42.1638	  173.6153
8.720	 2.15	 1	 -42.5412	  173.0627
8.720	 2.45	 1	 -42.5721	  173.0488
8.723	 2.10	 1	 -41.7850	  174.1977
8.728	 3.00	 1	 -42.7126	  172.8839
8.729	 2.00	 1	 -41.7033	  173.1000
8.730	 2.11	 1	 -42.6758	  173.1139
8.731	 2.50	 1	 -41.6680	  174.2261
8.732	 2.49	 1	 -42.3698	  173.6707
8.733	 2.58	 2	 -42.5979	  172.9749
8.734	 2.02	 1	 -40.0330	  173.9863
8.734	 3.35	 3	 -42.5572	  172.9943
8.734	 2.74	 1	 -41.8158	  174.2959
8.736	 2.43	 1	 -41.8808	  173.9572
8.740	 2.03	 1	 -42.2951	  173.9415
8.742	 2.52	 3	 -42.7284	  173.4928
8.742	 2.44	 1	 -42.3405	  174.0231
8.742	 2.38	 1	 -42.8162	  173.1672
8.743	 2.04	 1	 -43.0957	  173.3738
8.746	 3.03	 2	 -42.6178	  173.0426
8.749	 2.32	 2	 -42.7197	  172.9712
8.753	 2.47	 1	 -41.6936	  174.3331
8.753	 2.63	 1	 -42.7596	  172.7654
8.754	 2.10	 2	 -41.7638	  173.8639
8.754	 3.92	 1	 -41.8387	  174.6232
8.754	 2.87	 2	 -42.6157	  172.9407
8.755	 2.10	 1	 -41.9904	  173.4996
8.755	 2.37	 1	 -41.7823	  173.9896
8.759	 3.00	 1	 -42.0879	  173.7764
8.759	 2.59	 3	 -41.8898	  172.3737
8.760	 4.05	 2	 -42.6212	  173.0356
8.761	 2.35	 1	 -42.4140	  172.6045
8.763	 2.22	 2	 -42.5024	  173.0809
8.764	 2.01	 1	 -42.1616	  173.6981
8.771	 2.03	 1	 -41.8389	  174.1028
8.774	 2.07	 1	 -42.4531	  172.8520
8.776	 2.21	 3	 -42.5735	  173.0029
8.776	 2.57	 1	 -41.8368	  171.4694
8.779	 2.59	 1	 -42.4278	  173.3075
8.781	 2.33	 1	 -42.2907	  173.6200
8.783	 2.08	 1	 -42.5913	  172.9356
8.783	 4.26	 1	 -42.4317	  173.1844
8.783	 3.05	 1	 -41.8235	  174.1943
8.783	 2.03	 2	 -42.7563	  173.4008
8.784	 2.40	 1	 -41.8054	  174.0007
8.786	 2.09	 1	 -42.3297	  173.8639
8.786	 2.24	 1	 -45.3150	  169.0430
8.788	 2.06	 1	 -42.0398	  173.8938
8.788	 2.23	 1	 -41.7036	  174.3209
8.789	 2.02	 2	 -42.5670	  173.1240
8.793	 2.07	 1	 -42.8162	  173.1987
8.795	 2.06	 1	 -42.6791	  172.8748
8.796	 2.05	 3	 -39.6723	  178.3054
8.796	 2.53	 1	 -41.7292	  174.2883
8.798	 2.30	 1	 -41.4098	  173.2114
8.799	 2.58	 2	 -42.6726	  173.0573
8.800	 2.14	 1	 -42.6593	  172.5165
8.802	 2.29	 2	 -42.0403	  174.1509
8.803	 2.13	 1	 -42.0661	  173.7823
8.804	 2.09	 1	 -42.2383	  173.6767
8.806	 2.19	 1	 -42.7394	  172.9214
8.807	 2.11	 1	 -41.7058	  174.3315
8.807	 2.51	 1	 -38.2387	  173.8641
8.807	 2.38	 1	 -42.5460	  173.0903
8.809	 2.42	 1	 -42.0501	  173.7528
8.810	 2.28	 1	 -42.4620	  173.1402
8.812	 2.26	 1	 -42.2054	  173.6728
8.812	 2.11	 1	 -42.4668	  173.0347
8.813	 2.10	 1	 -42.3711	  172.8239
8.814	 2.16	 1	 -42.5012	  173.2486
8.817	 2.66	 3	 -41.5249	  174.3913
8.818	 2.45	 1	 -41.7089	  174.2432
8.819	 3.69	 1	 -42.3443	  174.1192
8.819	 2.15	 1	 -42.4479	  173.9052
8.826	 2.20	 1	 -42.5211	  173.1883
8.827	 7.11	 1	 -42.7972	  173.2520
8.827	 2.03	 2	 -42.8150	  173.2881
8.828	 2.13	 2	 -42.8265	  173.6152
8.828	 2.01	 1	 -42.4710	  173.1358
8.828	 2.14	 1	 -42.0439	  173.6435
8.829	 2.16	 2	 -42.8439	  172.7113
8.829	 2.34	 2	 -42.6358	  173.3393
8.829	 2.18	 2	 -42.6775	  173.4003
8.830	 2.07	 2	 -42.9330	  173.5013
8.830	 2.31	 1	 -42.3698	  173.4566
8.831	 2.06	 2	 -42.6469	  173.7023
8.831	 2.42	 3	 -42.5560	  173.0363
8.831	 2.50	 2	 -42.8793	  173.3598
8.832	 2.51	 2	 -42.7708	  172.9185
8.832	 2.12	 2	 -42.9454	  173.3506
8.832	 2.60	 1	 -41.7163	  174.3175
8.832	 2.38	 2	 -40.0241	  168.4280
8.832	 2.88	 2	 -42.7784	  173.3053
8.832	 2.51	 2	 -42.5938	  172.7424
8.833	 2.03	 2	 -42.6694	  173.4944
8.834	 2.30	 2	 -41.6248	  179.1682
8.835	 2.48	 3	 -41.9736	  172.4220
8.835	 2.00	 2	 -43.1728	  173.5482
8.835	 2.75	 2	 -42.6025	  171.0391
8.836	 2.08	 1	 -42.6484	  173.2169
8.836	 2.62	 1	 -42.3828	  173.4145
8.837	 2.11	 1	 -42.4967	  173.0339
8.838	 2.03	 2	 -42.8098	  173.2506
8.838	 2.38	 2	 -42.7942	  173.5111
8.838	 2.62	 1	 -42.5012	  173.7976
8.838	 3.03	 1	 -42.7959	  172.8864
8.839	 2.23	 2	 -42.6187	  171.8341
8.839	 2.28	 2	 -42.6955	  174.8431
8.839	 2.13	 4	 -42.5593	  173.2425
8.841	 2.14	 1	 -42.3575	  173.7577
8.841	 2.02	 2	 -42.6155	  172.3633
8.843	 2.59	 2	 -42.6661	  173.3780
8.843	 2.38	 2	 -42.3686	  173.3624
8.845	 2.13	 2	 -41.3142	  174.7649
8.845	 3.10	 2	 -42.7704	  173.3075
8.847	 2.08	 1	 -41.6891	  174.2325
8.847	 2.26	 2	 -42.8160	  172.7238
8.847	 2.40	 2	 -41.2979	  176.8254
8.848	 2.05	 1	 -41.5885	  174.3251
8.848	 2.31	 1	 -42.9232	  173.9274
8.849	 2.74	 2	 -42.7350	  173.3533
8.849	 2.02	 2	 -43.0805	  173.0102
8.849	 2.41	 1	 -42.5435	  173.0229
8.850	 2.75	 2	 -43.0419	  173.0964
8.850	 3.18	 2	 -43.0383	  173.1577
8.850	 2.24	 1	 -42.6935	  172.9083
8.850	 2.56	 2	 -42.8267	  173.5677
8.850	 2.53	 2	 -42.7922	  172.5937
8.850	 2.19	 1	 -41.7911	  174.2342
8.851	 2.56	 1	 -41.8342	  174.2190
8.851	 3.03	 2	 -43.0565	  175.5139
8.852	 2.44	 2	 -42.4739	  173.5041
8.853	 3.03	 1	 -42.1488	  173.7186
8.853	 3.03	 2	 -42.9646	  173.2021
8.854	 2.36	 2	 -42.8222	  173.1259
8.855	 2.17	 2	 -42.5215	  172.4202
8.855	 2.02	 1	 -41.7559	  174.1285
8.856	 2.91	 1	 -41.6878	  174.2440
8.856	 2.20	 2	 -42.2257	  173.1387
8.856	 2.38	 1	 -42.1336	  173.4844
8.857	 3.24	 2	 -42.6939	  173.0830
8.857	 2.08	 2	 -40.3759	  174.8629
8.857	 2.52	 2	 -42.7315	  173.1991
8.858	 3.67	 1	 -41.7129	  174.3096
8.858	 3.22	 2	 -44.3171	  173.9894
8.858	 3.15	 2	 -42.8207	  173.1805
8.858	 2.14	 1	 -42.2614	  173.6335
8.859	 3.03	 1	 -42.6459	  172.8962
8.861	 2.47	 2	 -42.8365	  173.3927
8.862	 2.48	 1	 -42.3933	  173.7642
8.862	 2.23	 2	 -42.8116	  173.2567
8.862	 2.54	 2	 -42.6747	  173.3840
8.863	 2.38	 2	 -41.7029	  174.1495
8.864	 2.12	 2	 -42.6941	  173.3076
8.864	 2.26	 2	 -42.6293	  172.9707
8.864	 2.06	 1	 -41.8108	  174.2062
8.865	 2.01	 2	 -42.7334	  173.5354
8.866	 2.43	 2	 -42.7906	  172.9964
8.867	 2.12	 2	 -42.9682	  173.3468
8.867	 2.29	 2	 -42.4795	  172.8075
8.867	 2.08	 2	 -42.7757	  173.2928
8.867	 3.17	 1	 -42.6579	  173.4084
8.868	 2.70	 2	 -42.6322	  173.5274
8.869	 3.52	 1	 -42.1478	  173.6193
8.869	 3.11	 2	 -42.5288	  171.0225
8.870	 3.58	 1	 -41.6772	  174.3275
8.870	 2.24	 1	 -42.3021	  173.9347
8.871	 2.29	 1	 -41.9895	  173.8792
8.872	 2.36	 1	 -42.5103	  173.1297
8.873	 2.15	 2	 -43.1327	  173.4651
8.873	 2.77	 2	 -42.8593	  172.9048
8.873	 2.31	 2	 -42.5952	  173.2403
8.874	 2.27	 2	 -42.2269	  173.8515
8.875	 2.52	 2	 -42.8804	  173.4876
8.875	 2.42	 2	 -42.9541	  172.5546
8.876	 2.56	 1	 -42.6516	  173.1371
8.876	 2.13	 1	 -41.8711	  173.7754
8.877	 5.28	 1	 -40.3078	  174.4158
8.877	 2.78	 2	 -42.8347	  172.7480
8.878	 2.58	 1	 -42.2015	  173.6106
8.878	 2.42	 2	 -41.9574	  173.5943
8.878	 2.13	 2	 -38.5020	  171.4385
8.880	 2.34	 2	 -40.3246	  174.3951
8.880	 2.11	 1	 -43.0535	  173.1856
8.880	 2.05	 2	 -43.1575	  173.2689
8.882	 2.24	 2	 -42.7914	  172.7498
8.882	 2.59	 2	 -42.7149	  173.3979
8.882	 2.78	 1	 -43.0949	  173.0513
8.884	 2.30	 1	 -42.1661	  173.4792
8.884	 2.31	 2	 -43.0365	  173.3893
8.884	 2.08	 2	 -40.3568	  174.4299
8.885	 2.26	 2	 -43.0390	  173.1071
8.886	 2.79	 2	 -42.4801	  173.0816
8.886	 2.43	 2	 -42.9142	  173.3711
8.886	 3.29	 2	 -41.7297	  174.2486
8.886	 2.52	 2	 -42.9859	  173.0147
8.887	 2.45	 2	 -43.2260	  173.2804
8.887	 2.56	 2	 -42.8539	  173.7922
8.887	 2.05	 2	 -42.7993	  173.3757
8.887	 2.06	 1	 -42.3210	  173.5425
8.887	 2.33	 1	 -42.2917	  173.7085
8.888	 2.15	 2	 -43.3319	  172.9060
8.889	 2.65	 2	 -42.0504	  173.5699
8.889	 2.22	 2	 -42.6061	  172.9270
8.889	 3.45	 2	 -42.6509	  173.4294
8.890	 2.02	 2	 -42.8278	  173.4648
8.891	 3.05	 1	 -41.9523	  173.8470
8.891	 3.29	 1	 -42.6977	  173.1144
8.891	 2.99	 1	 -42.2702	  173.6159
8.893	 2.73	 2	 -42.1033	  172.9156
8.894	 2.26	 2	 -42.8806	  173.0229
8.895	 2.28	 1	 -41.7182	  173.9258
8.895	 2.75	 2	 -42.6304	  173.3530
8.895	 2.21	 1	 -41.8602	  173.6809
8.895	 2.39	 2	 -42.7632	  173.1054
8.895	 2.32	 3	 -42.5892	  173.0575
8.896	 2.07	 1	 -41.8107	  174.3740
8.898	 2.11	 2	 -42.5486	  172.8193
8.898	 2.24	 2	 -41.7191	  174.3277
8.898	 3.66	 2	 -40.2994	  174.4051
8.899	 2.54	 2	 -45.0521	  175.9097
8.899	 2.51	 2	 -40.2617	  174.2809
8.900	 2.95	 2	 -42.6195	  173.1686
8.900	 2.49	 1	 -41.8624	  173.9679
8.900	 2.15	 2	 -43.7356	  174.1256
8.900	 2.44	 1	 -42.2380	  173.7476
8.901	 2.03	 2	 -43.0220	  173.3344
8.901	 2.95	 3	 -42.4301	  172.9303
8.902	 2.09	 1	 -41.4569	  174.6449
8.902	 3.62	 1	 -42.5736	  172.9856
8.902	 2.15	 1	 -42.6543	  173.0603
8.902	 2.75	 2	 -41.9553	  173.8436
8.902	 2.44	 2	 -41.7238	  174.1133
8.903	 2.09	 2	 -41.7906	  174.4515
8.903	 3.31	 2	 -42.2742	  173.7511
8.904	 4.45	 2	 -42.9126	  173.1373
8.904	 2.01	 2	 -40.9094	  170.4801
8.904	 2.93	 2	 -43.7936	  172.7112
8.905	 2.07	 3	 -40.3194	  174.4244
8.906	 2.21	 1	 -42.4978	  172.6579
8.906	 3.44	 3	 -40.2831	  174.3534
8.906	 2.72	 2	 -42.7506	  173.0540
8.907	 2.32	 1	 -42.0793	  173.7373
8.907	 2.33	 2	 -41.7375	  171.3166
8.908	 2.21	 2	 -40.2881	  174.5178
8.908	 2.67	 2	 -40.3506	  174.6628
8.908	 3.54	 2	 -42.6561	  173.9938
8.909	 2.01	 1	 -41.8860	  174.2304
8.911	 2.57	 2	 -43.0161	  173.1169
8.912	 3.12	 2	 -44.4048	  173.8734
8.912	 3.00	 2	 -42.8272	  173.4275
8.913	 2.12	 1	 -42.4316	  173.2346
8.913	 2.11	 2	 -42.6315	  173.6161
8.913	 2.13	 1	 -42.3224	  174.0590
8.913	 2.01	 1	 -41.7851	  174.2696
8.913	 2.08	 2	 -42.7297	  173.3584
8.913	 2.86	 3	 -42.6024	  171.0393
8.914	 2.71	 2	 -40.3178	  174.3713
8.914	 2.24	 1	 -41.8323	  173.9814
8.914	 2.80	 1	 -42.3027	  173.5083
8.915	 2.01	 1	 -42.2850	  173.0418
8.916	 2.09	 2	 -42.4399	  173.3751
8.916	 2.06	 1	 -42.6152	  173.0333
8.917	 3.00	 2	 -40.3094	  174.4219
8.917	 2.47	 1	 -41.7401	  174.2979
8.918	 2.43	 2	 -42.4820	  173.7716
8.918	 2.22	 1	 -41.4612	  174.3266
8.919	 2.69	 2	 -43.1893	  173.6616
8.919	 2.60	 1	 -42.9979	  173.2406
8.921	 2.88	 1	 -42.4224	  173.0909
8.921	 2.38	 2	 -42.9227	  172.2246
8.921	 2.10	 1	 -42.3413	  173.0950
8.922	 2.19	 2	 -42.5925	  174.4410
8.922	 2.49	 2	 -40.2875	  174.5436
8.922	 2.65	 1	 -42.6390	  172.9293
8.922	 2.13	 1	 -41.6569	  174.3200
8.924	 2.14	 2	 -43.0196	  173.6482
8.925	 2.03	 1	 -42.4384	  173.1993
8.925	 2.04	 2	 -42.8311	  173.3082
8.925	 2.08	 1	 -42.1524	  173.6611
8.930	 3.84	 2	 -42.9065	  173.1896
8.931	 2.02	 2	 -42.8332	  173.2174
8.931	 2.20	 3	 -42.8931	  173.1275
8.931	 2.77	 1	 -42.2583	  173.4991
8.931	 2.10	 1	 -43.8684	  174.2204
8.932	 2.06	 2	 -42.9149	  173.3169
8.932	 2.23	 2	 -42.6502	  173.3284
8.932	 2.07	 2	 -40.2395	  174.4187
8.932	 2.05	 1	 -41.7114	  174.3828
8.932	 2.28	 2	 -43.2766	  173.7081
8.933	 2.54	 2	 -40.3176	  174.4819
8.934	 2.10	 1	 -41.5016	  172.5038
8.934	 2.14	 3	 -42.4003	  173.0552
8.934	 2.03	 2	 -42.7308	  173.0033
8.935	 2.72	 1	 -42.4032	  173.7125
8.938	 2.32	 2	 -43.0451	  173.3282
8.938	 2.27	 2	 -42.4773	  173.1165
8.940	 2.42	 2	 -40.3175	  174.3927
8.940	 2.38	 2	 -42.7182	  172.3654
8.941	 2.07	 1	 -42.8950	  173.0345
8.941	 2.23	 2	 -42.0346	  173.7839
8.941	 2.05	 2	 -43.3139	  173.5657
8.941	 2.64	 2	 -42.4321	  172.7142
8.942	 2.10	 2	 -42.9554	  173.4850
8.943	 3.04	 2	 -42.6714	  173.1803
8.943	 2.04	 1	 -43.4546	  172.4764
8.944	 2.30	 2	 -42.0037	  171.4474
8.944	 2.13	 3	 -42.7830	  173.3144
8.945	 2.24	 2	 -42.8717	  173.4354
8.945	 2.99	 2	 -41.0098	  173.9694
8.945	 2.09	 2	 -43.0662	  172.0683
8.946	 2.36	 2	 -42.8400	  173.7171
8.946	 2.05	 1	 -42.6738	  172.4196
8.946	 2.75	 2	 -42.9871	  173.5936
8.947	 2.43	 2	 -42.7515	  173.2703
8.948	 2.19	 1	 -42.6736	  173.2054
8.948	 2.23	 2	 -41.1473	  173.9879
8.950	 2.41	 2	 -42.9467	  173.6202
8.951	 2.35	 2	 -42.9370	  173.2570
8.952	 2.63	 1	 -42.6983	  172.8983
8.952	 2.45	 2	 -41.8643	  173.9360
8.954	 2.48	 2	 -43.0077	  173.4544
8.954	 2.14	 2	 -43.4545	  172.4789
8.955	 2.11	 1	 -42.1297	  173.7313
8.955	 2.32	 1	 -42.3918	  173.0352
8.956	 2.84	 2	 -42.8574	  173.2849
8.956	 2.11	 2	 -42.4267	  173.2819
8.959	 2.07	 1	 -43.0793	  173.4906
8.959	 2.95	 2	 -40.3068	  174.3649
8.959	 2.13	 2	 -42.6318	  173.2456
8.960	 2.98	 2	 -42.3785	  173.3830
8.960	 2.61	 2	 -41.8635	  173.9701
8.960	 2.07	 2	 -42.7457	  173.0437
8.962	 2.22	 1	 -42.2947	  173.5443
8.962	 2.40	 1	 -40.7141	  170.9460
8.964	 3.65	 2	 -42.7720	  173.1523
8.964	 2.75	 1	 -42.7743	  173.6061
8.965	 2.17	 2	 -42.8992	  172.9255
8.965	 2.30	 2	 -43.0186	  173.6926
8.966	 2.70	 2	 -42.2798	  173.6850
8.968	 2.10	 3	 -42.9396	  173.0900
8.969	 2.09	 2	 -42.9779	  173.1869
8.969	 2.07	 1	 -42.6965	  172.7988
8.969	 2.49	 2	 -42.0313	  173.7298
8.969	 2.12	 2	 -42.7117	  173.2894
8.970	 2.08	 2	 -42.8617	  173.2324
8.970	 2.06	 1	 -42.6830	  173.0023
8.971	 2.16	 2	 -42.8009	  173.2788
8.971	 2.51	 1	 -42.5453	  173.1892
8.973	 2.17	 2	 -42.9998	  173.2528
8.973	 2.01	 2	 -43.2497	  174.2008
8.973	 2.25	 2	 -42.9105	  172.5016
8.973	 2.12	 1	 -41.9182	  174.2252
8.973	 2.08	 2	 -43.3727	  173.3347
8.974	 2.06	 2	 -42.6468	  173.1358
8.974	 2.06	 2	 -42.8958	  172.9355
8.975	 3.66	 3	 -42.7029	  173.0921
8.975	 2.26	 2	 -42.9192	  172.9902
8.975	 2.31	 3	 -42.5833	  172.9296
8.976	 2.43	 2	 -40.3391	  174.3896
8.976	 3.59	 1	 -42.3444	  173.4332
8.976	 2.51	 1	 -41.7033	  174.4017
8.977	 2.70	 2	 -42.7315	  173.4701
8.977	 2.86	 2	 -42.7323	  173.5826
8.978	 2.38	 3	 -42.4668	  173.7649
8.979	 2.69	 2	 -42.8993	  173.2327
8.979	 2.12	 2	 -43.1967	  173.8366
8.980	 2.06	 1	 -42.6726	  172.7521
8.980	 2.02	 3	 -42.6252	  172.4718
8.981	 2.28	 2	 -43.0179	  173.1030
8.981	 2.35	 2	 -42.7529	  173.2167
8.981	 2.10	 1	 -41.7788	  174.3148
8.982	 3.26	 2	 -40.2926	  174.4853
8.982	 2.02	 2	 -42.1409	  175.1084
8.982	 2.10	 1	 -42.4370	  173.7554
8.982	 2.13	 2	 -43.9393	  167.3248
8.984	 2.66	 1	 -42.7936	  173.0505
8.984	 2.19	 1	 -41.7265	  174.3999
8.985	 2.08	 2	 -43.0050	  170.1181
8.985	 2.78	 1	 -41.7316	  174.3607
8.985	 2.47	 2	 -42.2789	  179.1135
8.985	 2.78	 2	 -42.3193	  173.5441
8.985	 2.59	 2	 -45.7148	  177.9151
8.987	 2.10	 1	 -41.7986	  174.2729
8.988	 2.55	 2	 -43.1184	  172.8557
8.988	 2.48	 1	 -42.0620	  173.9660
8.989	 2.03	 2	 -41.1969	  172.0459
8.990	 2.82	 2	 -42.5626	  173.3074
8.991	 2.56	 2	 -40.2480	  174.2415
8.991	 2.14	 2	 -43.4852	  176.6237
8.992	 2.86	 1	 -44.8785	  175.6691
8.992	 3.26	 3	 -42.4299	  172.7565
8.995	 2.15	 2	 -42.9441	  173.4975
8.995	 2.33	 1	 -42.4752	  173.3940
8.995	 2.44	 1	 -42.3970	  174.0007
8.997	 2.70	 2	 -42.8821	  173.1920
8.998	 4.79	 2	 -43.0632	  173.2129
8.999	 2.03	 2	 -42.7516	  172.6021
9.000	 2.27	 1	 -42.1061	  172.8920
9.000	 2.02	 2	 -42.4375	  173.2050
9.001	 2.23	 2	 -42.7746	  172.5629
9.003	 2.35	 2	 -43.1547	  173.6365
9.003	 2.43	 1	 -41.8161	  173.9974
9.003	 2.14	 1	 -42.1362	  172.6800
9.004	 2.01	 1	 -42.8064	  172.5609
9.004	 2.25	 1	 -41.7043	  174.2728
9.006	 2.13	 2	 -40.1066	  175.0760
9.006	 2.04	 1	 -41.7330	  174.0715
9.006	 2.14	 1	 -42.2710	  174.1572
9.006	 2.16	 2	 -42.5135	  173.1423
9.007	 3.64	 2	 -42.4498	  173.7243
9.007	 2.87	 2	 -42.7174	  173.5935
9.008	 2.11	 3	 -40.2844	  174.4845
9.008	 2.46	 1	 -42.3377	  172.7392
9.009	 2.87	 2	 -42.9939	  173.2480
9.010	 2.61	 1	 -41.7237	  174.2822
9.011	 2.14	 1	 -41.1452	  174.1601
9.011	 2.35	 2	 -42.8180	  173.1424
9.012	 2.00	 2	 -42.6696	  173.1209
9.012	 2.39	 3	 -43.2555	  173.1419
9.013	 3.82	 1	 -42.3448	  172.9176
9.013	 2.58	 1	 -41.7857	  174.2990
9.013	 2.86	 2	 -42.3119	  173.6692
9.013	 2.14	 1	 -42.6598	  173.0445
9.014	 2.37	 3	 -42.0604	  172.2892
9.014	 2.32	 2	 -42.6715	  173.1968
9.015	 2.06	 2	 -43.5836	  173.1371
9.016	 2.29	 2	 -42.0757	  173.9742
9.016	 2.40	 1	 -41.9538	  173.7435
9.016	 2.39	 1	 -46.9488	  171.0487
9.017	 2.06	 1	 -42.9137	  172.6167
9.017	 3.57	 1	 -41.2683	  172.4798
9.017	 2.10	 1	 -42.0444	  173.7254
9.017	 2.06	 2	 -42.9031	  173.3830
9.018	 2.36	 1	 -42.6603	  173.0229
9.018	 2.74	 3	 -42.9132	  173.1346
9.019	 2.23	 1	 -42.0745	  173.8047
9.022	 3.06	 2	 -42.4006	  173.1205
9.023	 2.46	 2	 -42.4914	  173.7643
9.023	 2.38	 1	 -41.8000	  174.1701
9.024	 2.39	 2	 -42.9704	  172.9329
9.027	 2.86	 2	 -42.1688	  172.7395
9.027	 2.16	 2	 -42.7323	  173.0894
9.028	 2.62	 2	 -46.9416	  171.0583
9.029	 2.04	 2	 -42.7633	  172.8410
9.030	 2.47	 1	 -41.7235	  174.3851
9.030	 2.12	 4	 -42.6501	  172.9758
9.030	 2.12	 1	 -41.7037	  174.2703
9.030	 3.57	 1	 -42.7099	  172.7813
9.031	 3.25	 2	 -42.8653	  173.2817
9.031	 3.49	 2	 -43.1030	  173.7404
9.031	 2.45	 1	 -42.4592	  173.4365
9.031	 2.32	 2	 -42.1870	  173.1124
9.032	 2.81	 3	 -42.5908	  172.9875
9.032	 2.55	 3	 -43.1636	  173.0703
9.032	 2.35	 2	 -42.7678	  173.0939
9.033	 2.79	 2	 -42.9112	  173.5021
9.033	 2.26	 2	 -43.0789	  173.4494
9.035	 3.13	 1	 -42.5023	  173.4189
9.035	 3.09	 2	 -40.3313	  174.4274
9.035	 3.21	 1	 -42.4670	  172.9497
9.036	 2.27	 2	 -46.0059	  177.5453
9.037	 2.25	 2	 -42.8504	  173.1763
9.037	 2.70	 2	 -42.6609	  172.9922
9.038	 2.14	 2	 -43.1671	  171.7784
9.039	 3.20	 1	 -41.7290	  174.3663
9.040	 2.53	 1	 -42.6969	  172.8370
9.041	 2.02	 2	 -40.3170	  174.5111
9.043	 3.10	 1	 -41.9099	  172.5301
9.043	 2.25	 1	 -42.3064	  173.9075
9.047	 2.18	 1	 -42.6011	  173.0194
9.048	 2.05	 2	 -42.7407	  173.3130
9.049	 2.28	 1	 -42.7635	  173.0118
9.050	 2.56	 1	 -42.6832	  172.7399
9.050	 2.21	 3	 -42.7686	  173.3355
9.051	 2.01	 2	 -42.8643	  173.2596
9.051	 2.80	 2	 -43.2142	  173.2256
9.051	 3.14	 1	 -41.6765	  174.1767
9.051	 2.29	 2	 -42.9631	  172.9797
9.052	 2.06	 2	 -42.1412	  171.3011
9.052	 2.10	 2	 -42.1450	  173.6893
9.053	 2.19	 1	 -42.7783	  172.8431
9.053	 2.70	 1	 -42.5851	  173.0508
9.054	 2.16	 1	 -42.6526	  172.9393
9.055	 3.02	 2	 -42.8072	  173.3402
9.056	 2.47	 2	 -42.4325	  172.9344
9.057	 2.04	 2	 -42.5181	  173.4627
9.057	 2.06	 1	 -37.3498	  175.1882
9.058	 2.43	 1	 -42.3118	  173.8766
9.058	 2.29	 1	 -42.3995	  173.7583
9.059	 2.50	 1	 -42.6280	  173.0500
9.059	 2.12	 2	 -42.5054	  174.4205
9.059	 2.46	 3	 -44.4044	  173.8994
9.059	 2.61	 2	 -42.2346	  171.9691
9.060	 2.17	 1	 -42.5639	  173.0091
9.061	 2.10	 3	 -43.0763	  173.1692
9.061	 2.46	 1	 -42.7803	  172.4698
9.062	 2.52	 2	 -40.3142	  174.4899
9.063	 2.61	 1	 -42.5548	  174.0946
9.063	 2.35	 2	 -42.6065	  173.0893
9.064	 2.97	 1	 -42.2344	  173.7383
9.066	 2.17	 1	 -41.8913	  173.8965
9.067	 2.12	 3	 -42.6677	  172.7775
9.067	 2.17	 2	 -42.8268	  173.5040
9.067	 2.02	 1	 -42.4621	  173.1524
9.067	 2.01	 2	 -42.6371	  173.3660
9.067	 2.07	 2	 -42.9294	  173.2639
9.068	 2.81	 1	 -42.1862	  173.5496
9.068	 2.41	 2	 -41.7714	  174.2231
9.069	 2.28	 2	 -40.9448	  174.5977
9.070	 2.96	 2	 -42.3538	  174.0382
9.072	 2.23	 1	 -42.0552	  173.4581
9.074	 3.92	 2	 -42.7987	  173.0933
9.074	 2.44	 2	 -40.2191	  174.5104
9.074	 2.87	 3	 -41.6183	  171.2661
9.075	 2.13	 2	 -42.5527	  173.1577
9.076	 2.59	 1	 -42.6856	  171.8295
9.080	 3.15	 2	 -42.8195	  173.2022
9.080	 2.08	 2	 -42.5809	  173.3550
9.080	 2.42	 1	 -41.9395	  173.8753
9.081	 2.62	 2	 -42.6434	  174.0299
9.081	 2.06	 2	 -43.3105	  173.2235
9.081	 2.12	 2	 -42.5020	  171.0360
9.082	 2.04	 1	 -42.5355	  173.2861
9.082	 2.13	 1	 -42.3569	  173.0086
9.083	 2.36	 2	 -42.5703	  172.9832
9.084	 2.62	 2	 -42.5945	  173.1909
9.086	 2.05	 2	 -43.2698	  173.3965
9.086	 2.32	 2	 -43.9997	  172.6315
9.087	 2.80	 1	 -41.6145	  174.3121
9.087	 2.90	 1	 -42.7630	  173.0652
9.087	 2.18	 1	 -42.3654	  173.4046
9.088	 2.44	 2	 -43.2585	  173.2698
9.089	 2.44	 2	 -42.5573	  174.0994
9.089	 2.74	 1	 -42.7081	  173.1739
9.090	 2.01	 2	 -40.5754	  177.7253
9.091	 2.79	 2	 -42.9912	  173.0300
9.092	 2.51	 1	 -43.1211	  173.1134
9.094	 2.19	 3	 -42.7775	  172.9157
9.095	 2.21	 2	 -42.9675	  173.5149
9.095	 2.13	 2	 -42.4207	  172.6082
9.095	 2.05	 1	 -42.3555	  172.9267
9.096	 2.10	 1	 -42.4533	  173.7992
9.097	 3.03	 1	 -42.7825	  172.9631
9.099	 2.43	 1	 -41.9730	  173.9127
9.100	 2.26	 3	 -43.1344	  173.1767
9.100	 2.13	 1	 -41.6722	  174.2492
9.102	 2.02	 2	 -40.3191	  174.4083
9.103	 3.32	 2	 -42.7838	  172.9649
9.104	 2.28	 2	 -42.5593	  172.8809
9.104	 2.65	 1	 -42.3174	  173.8858
9.105	 2.13	 2	 -42.8349	  173.3038
9.105	 3.20	 2	 -42.7396	  173.3415
9.105	 2.11	 2	 -45.5903	  169.9533
9.106	 2.99	 1	 -41.8876	  174.1740
9.106	 2.42	 2	 -42.7854	  173.3493
9.106	 2.22	 1	 -42.3831	  173.7372
9.106	 2.09	 1	 -42.4338	  173.4908
9.107	 2.32	 2	 -40.2753	  174.3259
9.108	 3.20	 1	 -42.6164	  173.0006
9.109	 2.21	 1	 -42.2410	  173.7400
9.109	 2.10	 2	 -42.4619	  172.9883
9.109	 2.13	 1	 -42.1861	  173.5832
9.109	 2.55	 1	 -42.6239	  173.1743
9.110	 3.26	 2	 -40.3289	  174.3869
9.110	 2.34	 2	 -42.7127	  173.0384
9.110	 2.38	 4	 -42.8104	  173.4671
9.112	 2.57	 2	 -43.5919	  174.1403
9.112	 2.25	 1	 -41.7005	  174.2828
9.114	 5.69	 2	 -42.4683	  173.4292
9.114	 2.50	 1	 -43.0379	  174.4336
9.114	 2.36	 1	 -42.6259	  172.9178
9.114	 2.11	 2	 -40.1680	  174.3869
9.115	 2.15	 1	 -42.0634	  173.5598
9.115	 2.51	 3	 -42.4197	  173.4622
9.115	 2.14	 1	 -42.6801	  172.9187
9.117	 2.72	 1	 -41.8309	  174.2343
9.117	 3.09	 3	 -42.6380	  173.1996
9.119	 2.15	 1	 -41.6551	  174.1966
9.119	 2.43	 1	 -42.6577	  173.4342
9.120	 2.39	 2	 -42.5789	  175.3114
9.122	 2.32	 3	 -42.5059	  173.2881
9.122	 2.10	 1	 -41.6934	  174.2364
9.124	 2.07	 2	 -42.3986	  172.9840
9.125	 2.61	 2	 -42.9078	  173.1944
9.126	 2.00	 1	 -41.7317	  174.2990
9.127	 2.26	 1	 -42.1939	  173.6660
9.127	 2.02	 2	 -41.8365	  174.6184
9.127	 2.18	 3	 -42.3076	  173.4646
9.128	 2.33	 2	 -42.7379	  173.5184
9.128	 2.42	 1	 -42.6247	  173.2498
9.128	 2.38	 1	 -41.6916	  174.2126
9.128	 2.05	 1	 -42.4432	  173.1971
9.129	 2.06	 3	 -42.7784	  173.1521
9.130	 2.15	 1	 -41.7080	  174.3856
9.130	 3.01	 2	 -42.5779	  173.1229
9.130	 2.56	 1	 -42.4853	  173.9419
9.130	 2.73	 2	 -40.2956	  174.4085
9.132	 2.34	 3	 -42.4906	  173.3490
9.132	 2.08	 2	 -42.8921	  172.6457
9.132	 2.73	 3	 -42.4036	  173.1042
9.133	 2.12	 2	 -42.6284	  173.2003
9.134	 2.06	 3	 -42.0847	  174.1121
9.134	 2.85	 2	 -38.3248	  175.7809
9.135	 2.51	 3	 -42.2905	  173.2051
9.136	 2.01	 3	 -41.2144	  174.9169
9.136	 2.11	 1	 -42.2302	  173.5190
9.137	 2.41	 3	 -43.0306	  173.3264
9.137	 2.80	 2	 -43.2724	  173.3375
9.139	 2.21	 1	 -42.1865	  174.5191
9.139	 2.23	 3	 -42.5900	  173.5414
9.140	 2.13	 1	 -42.7628	  173.7602
9.140	 2.45	 3	 -43.0271	  173.2142
9.140	 2.65	 1	 -41.6486	  174.2402
9.141	 2.26	 1	 -42.4251	  174.3132
9.141	 2.49	 3	 -42.8134	  173.3613
9.142	 2.00	 2	 -42.7756	  173.4622
9.143	 3.08	 2	 -42.6193	  173.0785
9.143	 2.18	 3	 -42.5585	  173.4345
9.145	 2.45	 3	 -42.2995	  173.4978
9.145	 2.34	 1	 -42.4517	  173.7209
9.146	 2.37	 1	 -41.7888	  173.9363
9.147	 2.80	 2	 -43.2235	  174.3847
9.147	 2.02	 1	 -41.7124	  174.2852
9.152	 2.36	 1	 -42.6462	  172.5223
9.152	 2.33	 2	 -42.4967	  174.2785
9.152	 2.58	 1	 -41.6300	  172.9505
9.154	 2.05	 3	 -42.5554	  173.2794
9.155	 2.56	 1	 -42.1934	  173.8471
9.157	 2.19	 1	 -42.5871	  172.8607
9.158	 3.77	 1	 -41.7382	  174.2536
9.161	 2.64	 1	 -42.3861	  173.2783
9.161	 2.54	 1	 -42.8865	  174.1609
9.162	 2.35	 2	 -42.8126	  173.1319
9.162	 2.12	 1	 -42.9603	  172.8214
9.164	 2.49	 1	 -42.0267	  173.6705
9.164	 2.17	 3	 -42.4962	  173.4305
9.165	 2.24	 2	 -41.9869	  171.6852
9.165	 2.36	 3	 -42.8908	  173.2343
9.165	 2.10	 1	 -41.7217	  174.3043
9.165	 2.99	 2	 -42.6221	  173.2703
9.165	 2.61	 3	 -42.5366	  173.4555
9.166	 2.96	 1	 -42.0265	  173.7395
9.167	 2.94	 2	 -43.1634	  173.1404
9.168	 2.39	 1	 -42.6694	  173.0797
9.169	 2.13	 2	 -42.7192	  173.5565
9.169	 2.08	 1	 -41.7438	  174.3252
9.172	 2.14	 1	 -42.7062	  173.1443
9.172	 2.14	 1	 -42.4843	  173.0989
9.172	 2.09	 2	 -42.6001	  173.6206
9.173	 2.74	 2	 -44.7430	  171.6606
9.173	 3.04	 3	 -42.4832	  173.3825
9.173	 2.46	 3	 -40.9067	  170.4805
9.175	 2.13	 3	 -42.7062	  173.5540
9.175	 2.65	 3	 -42.5507	  173.0250
9.176	 2.06	 3	 -42.4055	  173.4117
9.177	 2.53	 2	 -43.9363	  172.0060
9.177	 2.65	 3	 -42.2160	  173.5698
9.177	 2.98	 3	 -42.4639	  173.4128
9.178	 3.14	 2	 -41.8329	  174.2542
9.178	 2.10	 2	 -46.8320	  170.5470
9.180	 2.25	 2	 -40.3540	  174.8529
9.181	 2.41	 1	 -41.7766	  173.9771
9.181	 2.33	 1	 -42.1688	  173.5672
9.181	 2.22	 1	 -42.7488	  174.2277
9.183	 2.45	 2	 -42.3847	  172.6891
9.183	 2.02	 1	 -42.4829	  173.4636
9.184	 2.67	 2	 -42.4986	  173.3113
9.184	 2.06	 2	 -42.5242	  172.8739
9.184	 2.11	 1	 -42.6809	  173.3430
9.185	 2.58	 1	 -42.2777	  173.6306
9.186	 2.26	 1	 -42.3357	  174.0068
9.186	 3.12	 1	 -42.7248	  172.6727
9.188	 2.95	 1	 -41.7295	  174.0804
9.188	 2.11	 2	 -42.9253	  173.3570
9.188	 2.38	 3	 -42.9270	  173.1491
9.188	 2.23	 3	 -42.4831	  173.4163
9.188	 2.25	 2	 -42.7468	  173.1199
9.191	 2.53	 2	 -43.1961	  172.5349
9.191	 2.24	 1	 -43.7900	  172.9733
9.192	 2.09	 1	 -42.5357	  172.9363
9.193	 2.26	 3	 -42.4807	  173.3915
9.194	 2.28	 1	 -42.3772	  174.0887
9.194	 2.01	 1	 -41.6946	  174.2455
9.195	 2.16	 1	 -42.3408	  174.0017
9.197	 2.45	 2	 -42.5582	  173.1070
9.198	 2.20	 2	 -43.0287	  173.2697
9.198	 2.62	 3	 -42.8909	  173.9849
9.198	 2.50	 2	 -42.6691	  173.2531
9.198	 3.01	 4	 -40.1100	  174.5991
9.201	 2.30	 1	 -42.3560	  173.4996
9.204	 2.20	 2	 -41.7636	  174.1027
9.204	 2.91	 1	 -42.4853	  173.0695
9.205	 2.20	 1	 -42.5469	  173.3176
9.205	 2.58	 2	 -41.6840	  174.1886
9.205	 2.23	 2	 -42.7761	  173.5110
9.205	 2.77	 2	 -42.7399	  173.2262
9.207	 2.07	 1	 -42.1220	  173.6642
9.208	 3.29	 2	 -42.4914	  172.8993
9.209	 2.00	 2	 -41.4601	  174.3293
9.210	 2.19	 1	 -42.3475	  173.9083
9.211	 2.25	 1	 -42.7770	  172.9420
9.211	 2.01	 1	 -41.7209	  174.3620
9.211	 2.57	 2	 -44.0094	  174.5333
9.212	 2.41	 2	 -40.4334	  168.0389
9.215	 2.16	 2	 -42.6709	  172.8875
9.217	 2.94	 1	 -42.1674	  173.6680
9.217	 2.28	 2	 -42.8940	  173.1071
9.217	 2.06	 1	 -41.7809	  174.3003
9.217	 2.10	 2	 -42.7382	  173.2519
9.221	 2.14	 2	 -42.8189	  173.2942
9.221	 2.70	 3	 -42.4739	  173.4345
9.221	 3.04	 2	 -41.8010	  174.2170
9.222	 3.16	 3	 -42.5060	  173.3422
9.222	 3.96	 2	 -44.0425	  171.1319
9.222	 2.30	 1	 -41.8776	  174.2781
9.222	 2.55	 3	 -42.8119	  173.5330
9.223	 2.80	 1	 -42.6252	  172.9480
9.223	 2.21	 2	 -43.1900	  173.4054
9.227	 3.13	 1	 -42.2970	  173.6624
9.228	 3.20	 2	 -42.6300	  173.4572
9.229	 2.13	 2	 -42.5441	  172.9799
9.229	 2.75	 3	 -41.8177	  174.2353
9.230	 2.16	 1	 -42.5648	  172.9227
9.230	 3.17	 2	 -42.9054	  173.3844
9.231	 2.06	 1	 -41.8813	  173.9169
9.232	 2.55	 1	 -43.3325	  171.6117
9.232	 4.04	 3	 -42.4866	  173.4392
9.232	 2.13	 1	 -41.6901	  174.3137
9.233	 2.04	 1	 -42.6844	  172.8929
9.233	 2.13	 2	 -42.2086	  172.9929
9.233	 2.15	 1	 -41.7357	  174.2945
9.233	 2.27	 2	 -40.1642	  174.8004
9.235	 2.33	 2	 -40.3364	  174.3917
9.237	 2.24	 2	 -42.2632	  173.1875
9.237	 2.26	 2	 -42.2436	  179.3335
9.237	 3.01	 2	 -42.7787	  173.1385
9.238	 2.60	 1	 -42.6387	  173.2158
9.239	 2.49	 1	 -42.3647	  173.9250
9.239	 2.93	 3	 -42.4546	  173.4848
9.239	 2.11	 1	 -42.0281	  174.3454
9.239	 2.26	 3	 -44.3203	  173.9973
9.239	 2.06	 1	 -42.7342	  173.0108
9.240	 2.07	 1	 -41.7707	  174.1662
9.240	 2.87	 2	 -43.0874	  172.9253
9.241	 2.13	 2	 -42.8121	  173.2368
9.242	 2.80	 1	 -42.3875	  173.6620
9.243	 2.18	 2	 -46.1248	  177.3736
9.244	 2.09	 2	 -42.7575	  172.7166
9.244	 2.08	 2	 -42.6436	  174.6480
9.244	 2.06	 1	 -41.9590	  174.0829
9.246	 2.61	 1	 -38.9262	  174.4929
9.247	 2.31	 3	 -42.4454	  173.4729
9.248	 2.18	 3	 -42.3730	  173.9459
9.248	 2.06	 2	 -42.1051	  172.6250
9.248	 2.11	 3	 -42.4151	  173.2316
9.249	 2.30	 3	 -42.4565	  173.4183
9.249	 2.02	 3	 -41.9232	  173.9134
9.249	 2.96	 2	 -42.7462	  173.2818
9.250	 2.42	 1	 -42.0250	  173.7519
9.250	 2.29	 3	 -42.3428	  173.3203
9.251	 2.65	 3	 -42.4748	  173.4430
9.253	 2.02	 1	 -42.6206	  172.9285
9.253	 2.65	 1	 -42.6592	  172.8060
9.254	 2.32	 1	 -42.0068	  174.1441
9.255	 3.47	 2	 -42.8619	  173.2211
9.258	 2.14	 3	 -42.1293	  173.5891
9.259	 2.25	 2	 -43.8335	  175.4208
9.259	 3.61	 1	 -42.4257	  173.9074
9.260	 2.07	 3	 -42.5438	  174.1136
9.261	 2.16	 3	 -42.4734	  173.4215
9.263	 2.10	 1	 -42.4817	  173.2604
9.263	 2.11	 2	 -42.8182	  173.3377
9.266	 2.31	 4	 -42.4809	  173.4317
9.266	 3.23	 3	 -42.7900	  173.0990
9.267	 2.11	 4	 -42.5340	  173.3096
9.267	 2.37	 2	 -40.2997	  174.4310
9.270	 2.89	 2	 -42.6564	  172.6596
9.270	 3.05	 2	 -42.6533	  173.4084
9.270	 2.74	 1	 -41.7135	  174.2067
9.271	 2.46	 1	 -42.4103	  172.5103
9.272	 2.46	 1	 -42.3785	  174.1544
9.272	 2.67	 1	 -41.8392	  174.1816
9.273	 2.25	 1	 -41.6896	  174.7334
9.275	 2.00	 2	 -42.9597	  173.1490
9.276	 2.21	 2	 -43.2941	  172.9877
9.276	 2.67	 1	 -42.4742	  172.9696
9.277	 2.39	 2	 -43.0523	  173.2864
9.278	 2.33	 1	 -41.6912	  174.2359
9.279	 2.43	 3	 -42.4719	  173.3949
9.279	 2.05	 1	 -42.0745	  174.0421
9.280	 2.10	 1	 -42.8173	  172.8747
9.280	 2.14	 5	 -40.1121	  174.5969
9.282	 2.60	 1	 -39.4012	  176.9815
9.284	 2.39	 3	 -42.5232	  173.3045
9.288	 2.10	 2	 -42.5273	  173.1861
9.288	 2.02	 3	 -42.5531	  173.1543
9.288	 2.61	 1	 -41.9802	  173.5687
9.291	 2.51	 2	 -43.1243	  173.2832
9.291	 2.49	 1	 -41.7771	  174.3855
9.292	 2.27	 1	 -42.8332	  172.7227
9.292	 2.13	 1	 -42.3591	  174.0332
9.293	 2.21	 1	 -43.5299	  173.1903
9.293	 2.06	 1	 -42.5866	  172.5420
9.296	 2.07	 1	 -41.7262	  174.1707
9.296	 2.61	 1	 -42.4809	  173.2208
9.297	 2.21	 1	 -45.0109	  169.5957
9.298	 2.15	 3	 -42.4172	  173.4552
9.298	 2.65	 3	 -42.4228	  173.3671
9.299	 2.10	 1	 -42.1351	  173.8524
9.300	 2.48	 1	 -42.5301	  172.9591
9.300	 2.03	 4	 -42.5233	  172.9833
9.300	 2.19	 3	 -40.3240	  174.3749
9.301	 2.17	 2	 -43.5766	  173.0045
9.309	 2.02	 1	 -41.7086	  174.4484
9.309	 3.05	 3	 -43.0188	  173.4017
9.310	 3.35	 2	 -42.7375	  173.0723
9.312	 2.32	 1	 -41.7393	  174.2810
9.312	 2.22	 1	 -42.2361	  173.9353
9.313	 2.57	 2	 -42.6204	  173.3065
9.313	 2.11	 2	 -42.3992	  173.3639
9.314	 2.03	 2	 -40.2954	  174.3413
9.316	 2.26	 1	 -42.3055	  172.7965
9.318	 2.17	 1	 -39.3117	  174.7286
9.318	 2.11	 1	 -42.6019	  172.8135
9.319	 2.51	 1	 -42.4084	  173.7729
9.319	 2.10	 2	 -40.3497	  174.4861
9.323	 3.27	 3	 -42.4290	  173.4007
9.327	 3.75	 1	 -41.8594	  174.3359
9.327	 2.29	 4	 -42.5546	  173.2848
9.328	 2.17	 1	 -41.8172	  174.1561
9.328	 2.10	 1	 -41.9550	  173.9198
9.328	 2.27	 2	 -42.9044	  174.1705
9.329	 2.02	 3	 -42.7171	  173.3865
9.330	 3.75	 2	 -44.8274	  173.7259
9.331	 2.12	 2	 -43.0639	  173.4337
9.331	 2.22	 4	 -42.4856	  173.4519
9.332	 2.25	 2	 -42.7779	  172.9506
9.333	 2.30	 1	 -42.3442	  172.6999
9.333	 2.05	 2	 -39.3967	  176.9745
9.334	 2.40	 1	 -42.6368	  172.9196
9.335	 2.06	 1	 -42.2527	  173.8520
9.337	 2.25	 2	 -42.5659	  173.8860
9.337	 3.54	 1	 -42.1736	  173.9395
9.338	 2.15	 2	 -43.2776	  173.3835
9.339	 2.71	 2	 -43.5229	  173.6106
9.340	 2.07	 2	 -43.0214	  173.1497
9.341	 2.56	 2	 -41.7046	  172.8889
9.342	 2.38	 1	 -41.5740	  174.8775
9.342	 2.07	 2	 -42.5626	  174.1210
9.342	 2.95	 1	 -46.4330	  175.8895
9.342	 2.30	 1	 -42.6391	  173.7680
9.343	 2.08	 3	 -42.3784	  173.4273
9.343	 2.20	 2	 -42.6656	  173.1658
9.343	 4.19	 2	 -46.3395	  169.4772
9.344	 3.44	 2	 -42.9567	  173.1709
9.345	 2.21	 3	 -42.4530	  173.5223
9.346	 2.73	 2	 -42.6108	  173.0602
9.346	 2.98	 3	 -42.3518	  173.4299
9.348	 2.03	 4	 -42.5123	  173.4547
9.348	 2.55	 2	 -42.6757	  172.9401
9.348	 2.14	 1	 -41.7803	  174.2278
9.350	 2.03	 2	 -42.7429	  173.2357
9.350	 2.27	 1	 -42.7585	  173.1752
9.350	 2.34	 3	 -42.5529	  173.1608
9.351	 2.08	 1	 -41.6754	  174.2721
9.351	 2.06	 2	 -42.6406	  172.7678
9.356	 2.13	 2	 -42.3334	  173.6484
9.356	 2.04	 1	 -42.3445	  173.3582
9.358	 2.02	 2	 -41.4536	  173.2834
9.358	 2.29	 1	 -42.2394	  174.6075
9.359	 2.85	 1	 -42.6292	  173.3556
9.359	 4.16	 2	 -42.7927	  173.1645
9.359	 2.35	 3	 -42.5564	  173.4181
9.360	 2.81	 1	 -42.4702	  173.6291
9.360	 2.34	 1	 -42.7057	  166.9044
9.361	 4.33	 2	 -47.2831	  172.8288
9.364	 2.46	 1	 -44.3189	  173.0032
9.364	 2.00	 2	 -40.3430	  174.4292
9.364	 2.08	 2	 -41.8488	  174.1382
9.366	 2.55	 1	 -42.6085	  173.0527
9.366	 2.07	 1	 -42.6849	  172.8669
9.366	 2.28	 2	 -43.0949	  172.1774
9.366	 2.08	 1	 -42.4460	  173.2334
9.366	 2.52	 1	 -42.6184	  173.3640
9.366	 2.30	 1	 -41.7970	  174.1540
9.367	 2.34	 2	 -42.9239	  173.3966
9.370	 2.06	 2	 -43.0145	  173.3706
9.373	 2.46	 2	 -42.7571	  173.0234
9.376	 2.69	 2	 -42.8234	  173.2199
9.376	 2.34	 2	 -42.1079	  172.5117
9.376	 2.08	 1	 -42.7631	  172.8566
9.376	 2.11	 1	 -42.3045	  173.6704
9.378	 2.04	 4	 -42.4861	  173.4354
9.379	 2.05	 2	 -44.7132	  175.6332
9.380	 2.22	 2	 -41.8360	  172.1819
9.380	 2.93	 2	 -42.9284	  173.3461
9.382	 2.19	 2	 -42.7064	  173.0706
9.382	 2.66	 2	 -42.4997	  173.0516
9.382	 2.08	 1	 -42.6207	  172.9960
9.383	 2.10	 2	 -42.8941	  172.8582
9.384	 2.09	 2	 -40.3153	  174.4009
9.384	 2.76	 3	 -44.8581	  173.7197
9.385	 3.05	 1	 -42.6654	  172.1484
9.385	 2.83	 2	 -43.0816	  173.2021
9.386	 2.57	 1	 -42.7936	  172.9697
9.388	 2.10	 2	 -43.2955	  173.3661
9.388	 2.14	 3	 -42.4508	  173.4374
9.389	 2.26	 3	 -47.2106	  172.7922
9.390	 2.12	 3	 -46.2195	  170.8437
9.391	 4.23	 2	 -38.6170	  175.5102
9.391	 2.26	 3	 -42.4031	  173.2849
9.392	 2.31	 2	 -41.7939	  174.2596
9.392	 2.20	 1	 -42.1406	  173.8362
9.393	 2.60	 2	 -42.9841	  172.8594
9.393	 2.32	 1	 -42.5785	  172.4737
9.396	 2.20	 1	 -42.5248	  173.1711
9.397	 2.25	 1	 -42.1410	  173.6063
9.398	 2.10	 2	 -43.4416	  173.3576
9.398	 2.29	 3	 -42.5319	  173.3630
9.399	 2.02	 1	 -42.5564	  174.0181
9.399	 2.10	 2	 -42.8160	  173.0244
9.399	 2.10	 2	 -42.7932	  172.7833
9.401	 2.08	 1	 -42.6885	  173.0740
9.403	 2.86	 2	 -42.8893	  173.4779
9.403	 4.01	 2	 -42.9935	  173.0815
9.404	 2.34	 1	 -42.3314	  173.4273
9.405	 2.11	 1	 -42.4462	  173.3528
9.410	 2.04	 1	 -42.0222	  175.5442
9.411	 2.28	 1	 -42.6371	  173.0133
9.412	 2.04	 3	 -42.4483	  173.3871
9.412	 2.28	 1	 -42.3790	  173.6173
9.413	 2.14	 1	 -42.3480	  173.9129
9.413	 2.06	 3	 -42.9951	  173.0747
9.413	 2.58	 1	 -42.5816	  173.0543
9.415	 2.02	 2	 -40.7742	  178.7250
9.416	 2.42	 1	 -42.0569	  174.0141
9.416	 2.64	 2	 -42.7236	  173.1066
9.416	 2.05	 2	 -42.8448	  173.2088
9.416	 2.08	 1	 -41.8924	  173.6991
9.416	 2.02	 2	 -42.0169	  173.3132
9.417	 2.05	 1	 -42.9206	  173.1179
9.419	 2.03	 2	 -43.4612	  172.7854
9.419	 2.27	 1	 -42.4966	  173.0838
9.420	 2.55	 2	 -42.7196	  173.4734
9.421	 2.70	 1	 -42.0903	  173.6886
9.422	 2.24	 1	 -42.4616	  173.9102
9.422	 2.26	 1	 -42.6367	  172.9867
9.423	 2.38	 1	 -41.7105	  174.2943
9.424	 2.29	 2	 -45.5685	  168.4261
9.424	 2.90	 1	 -42.1671	  173.5948
9.425	 2.02	 1	 -42.2515	  173.8511
9.426	 2.44	 3	 -42.6541	  173.4053
9.426	 2.05	 2	 -42.4405	  172.4608
9.426	 2.15	 3	 -42.0409	  172.2857
9.426	 2.72	 2	 -42.4150	  173.9100
9.427	 2.33	 1	 -42.5127	  173.8264
9.427	 2.32	 1	 -42.3669	  173.5761
9.428	 2.21	 1	 -43.0823	  173.9025
9.428	 2.45	 1	 -42.4233	  173.5572
9.430	 2.04	 1	 -41.9560	  173.9376
9.430	 2.81	 1	 -42.6906	  172.7068
9.431	 2.30	 1	 -42.0509	  174.3890
9.434	 2.47	 3	 -42.9801	  173.0111
9.434	 2.07	 2	 -42.8978	  173.2800
9.435	 2.34	 3	 -40.2313	  178.7172
9.435	 2.05	 1	 -42.3413	  174.0306
9.438	 3.29	 1	 -41.6051	  174.2251
9.439	 2.64	 1	 -42.8072	  172.7584
9.442	 2.46	 1	 -42.7277	  172.8768
9.445	 2.45	 2	 -42.5917	  173.5196
9.446	 2.09	 2	 -42.6525	  173.3741
9.447	 2.14	 1	 -41.7252	  174.2823
9.447	 2.21	 1	 -41.7107	  174.3697
9.448	 2.04	 1	 -42.6657	  172.8843
9.448	 2.14	 3	 -42.4841	  173.4161
9.449	 2.10	 3	 -42.5280	  173.2916
9.450	 2.87	 1	 -42.3721	  173.1407
9.450	 2.34	 1	 -41.6334	  173.8314
9.451	 2.48	 1	 -41.8780	  174.4552
9.452	 3.29	 2	 -40.2027	  174.4026
9.453	 3.54	 1	 -42.1464	  173.6714
9.455	 2.78	 4	 -42.4400	  173.4267
9.455	 2.03	 2	 -42.8287	  173.0101
9.456	 2.30	 1	 -42.4919	  173.2650
9.456	 2.03	 3	 -42.4289	  173.2215
9.456	 2.29	 2	 -41.4470	  169.7619
9.456	 3.08	 1	 -42.6620	  172.8089
9.456	 2.78	 3	 -42.4752	  173.3475
9.457	 2.67	 2	 -42.7014	  172.6452
9.457	 2.96	 1	 -42.4477	  173.2117
9.457	 2.06	 3	 -42.4676	  172.9812
9.458	 2.78	 1	 -42.2084	  173.8497
9.458	 2.03	 1	 -41.8237	  173.9731
9.462	 2.16	 1	 -41.6920	  173.4471
9.464	 2.14	 2	 -41.6828	  174.3168
9.464	 2.03	 2	 -42.8780	  173.3399
9.466	 2.03	 1	 -42.5108	  173.8348
9.467	 2.43	 1	 -41.6643	  174.2276
9.467	 2.62	 1	 -41.9205	  173.8565
9.468	 2.22	 1	 -42.6553	  173.6600
9.470	 2.03	 3	 -43.0542	  173.2062
9.471	 2.17	 1	 -42.3231	  173.0164
9.471	 2.11	 2	 -41.8346	  174.1950
9.472	 2.98	 1	 -42.4097	  173.3689
9.473	 2.20	 3	 -42.4689	  173.4801
9.473	 2.16	 1	 -42.2329	  173.1418
9.474	 2.37	 1	 -42.3961	  172.7769
9.477	 2.25	 2	 -42.7088	  173.1429
9.478	 2.27	 1	 -41.6858	  174.3692
9.478	 2.06	 2	 -41.6171	  173.1636
9.479	 2.09	 1	 -42.5499	  173.2532
9.480	 2.30	 2	 -42.9775	  173.1972
9.480	 2.57	 2	 -43.3397	  172.6899
9.481	 2.14	 1	 -41.7007	  174.2636
9.482	 2.87	 1	 -42.3509	  174.1142
9.482	 4.78	 2	 -43.0146	  172.7896
9.483	 2.43	 2	 -46.2922	  174.1854
9.483	 2.13	 1	 -41.8644	  174.1457
9.483	 2.05	 1	 -41.9390	  173.8911
9.484	 2.31	 2	 -40.2994	  174.4365
9.488	 2.29	 1	 -42.3040	  173.4471
9.488	 2.00	 1	 -41.7018	  174.2348
9.489	 2.26	 1	 -42.3566	  172.8547
9.489	 2.07	 4	 -42.5309	  173.2957
9.490	 2.80	 1	 -42.3706	  173.8529
9.491	 2.79	 1	 -42.5952	  172.8035
9.493	 2.53	 2	 -42.8436	  173.2509
9.493	 2.13	 3	 -42.5231	  173.4538
9.496	 2.34	 1	 -42.4061	  173.7189
9.496	 4.65	 1	 -41.6378	  174.3324
9.497	 2.15	 2	 -42.8941	  173.7072
9.500	 3.36	 1	 -42.3157	  173.5634
9.501	 2.39	 1	 -42.8901	  173.0322
9.501	 2.07	 1	 -42.3650	  174.8321
9.502	 2.04	 1	 -42.0575	  173.6598
9.503	 2.29	 1	 -41.9559	  173.6551
9.504	 2.41	 2	 -42.2192	  173.5326
9.504	 2.09	 1	 -42.5612	  173.2053
9.505	 2.47	 2	 -43.5579	  170.3409
9.505	 2.12	 1	 -42.9945	  173.0321
9.506	 3.69	 1	 -42.4110	  173.8279
9.506	 2.12	 2	 -42.8343	  173.3510
9.506	 2.01	 2	 -42.8348	  173.2421
9.506	 2.32	 2	 -42.1309	  173.9229
9.507	 2.39	 1	 -42.7377	  173.0166
9.508	 2.17	 2	 -40.2346	  174.4368
9.509	 2.15	 1	 -42.6919	  172.8457
9.510	 2.52	 1	 -42.6218	  172.7575
9.510	 2.70	 1	 -42.7202	  172.9870
9.511	 2.58	 3	 -42.3621	  173.2710
9.512	 3.53	 2	 -41.6400	  174.2571
9.513	 2.12	 3	 -44.8292	  173.7250
9.514	 2.23	 2	 -44.8963	  170.1431
9.514	 2.67	 1	 -42.4987	  173.1200
9.516	 2.08	 1	 -42.2012	  173.7220
9.517	 2.04	 2	 -42.2295	  173.4521
9.518	 2.80	 1	 -41.7037	  174.2557
9.518	 2.29	 1	 -42.3507	  172.7924
9.522	 2.22	 2	 -42.3950	  172.9853
9.523	 2.21	 1	 -42.5506	  173.7968
9.526	 2.57	 2	 -42.6494	  173.0265
9.527	 2.12	 2	 -38.5899	  171.0895
9.528	 2.66	 1	 -42.5334	  173.2070
9.529	 2.18	 2	 -42.8504	  173.1670
9.530	 2.02	 2	 -42.4246	  173.1804
9.531	 3.43	 1	 -42.7947	  172.7146
9.533	 2.31	 1	 -42.4871	  173.3350
9.536	 3.48	 1	 -38.9391	  176.3909
9.536	 2.43	 2	 -42.7606	  173.3935
9.537	 3.06	 1	 -42.1784	  172.9529
9.540	 2.32	 3	 -43.0388	  172.8233
9.541	 3.03	 1	 -42.4355	  173.3606
9.541	 2.02	 2	 -42.2604	  173.0924
9.543	 2.63	 3	 -47.2816	  172.8318
9.544	 2.28	 3	 -42.4381	  172.8392
9.546	 2.17	 1	 -42.7110	  173.1020
9.546	 2.07	 3	 -43.0168	  172.7997
9.547	 2.46	 2	 -42.9022	  173.5100
9.547	 2.79	 2	 -42.1880	  172.8626
9.548	 2.59	 2	 -41.5502	  174.1511
9.549	 2.39	 1	 -42.3565	  174.6687
9.549	 2.01	 1	 -41.8207	  174.1215
9.550	 2.11	 3	 -42.8869	  173.0619
9.550	 2.28	 2	 -41.6507	  174.3450
9.551	 2.20	 2	 -43.0587	  172.3239
9.552	 2.18	 2	 -42.7874	  173.5269
9.552	 2.12	 1	 -42.4192	  173.1227
9.552	 2.22	 1	 -42.2711	  174.1120
9.552	 2.37	 1	 -41.6900	  174.3363
9.552	 2.40	 1	 -42.3579	  173.4963
9.553	 2.04	 1	 -41.6892	  174.2982
9.553	 2.08	 1	 -41.9544	  174.0141
9.553	 2.38	 1	 -42.5045	  173.2787
9.554	 2.15	 2	 -42.5837	  173.0512
9.558	 2.03	 1	 -41.9878	  173.7766
9.558	 2.16	 1	 -41.9772	  174.0203
9.558	 2.57	 2	 -42.5473	  173.2484
9.559	 2.02	 2	 -40.3145	  174.3842
9.559	 2.46	 2	 -42.6035	  173.0539
9.559	 2.20	 1	 -42.4985	  173.2839
9.560	 2.23	 1	 -42.9259	  173.4471
9.560	 2.46	 2	 -42.8704	  172.9907
9.560	 2.42	 2	 -42.3868	  173.8005
9.563	 2.12	 2	 -41.7017	  174.2386
9.564	 2.72	 2	 -42.8772	  171.4561
9.564	 2.15	 2	 -42.7833	  172.9655
9.568	 2.38	 1	 -43.0511	  172.7669
9.569	 2.19	 1	 -42.7284	  173.5955
9.571	 2.57	 2	 -42.4417	  173.1349
9.573	 2.30	 2	 -42.4579	  173.4087
9.573	 2.51	 1	 -42.5201	  173.2134
9.573	 2.39	 2	 -42.8722	  173.3582
9.575	 2.12	 2	 -42.5473	  173.0587
9.576	 2.21	 1	 -42.4346	  173.0446
9.576	 2.54	 1	 -42.8364	  173.2031
9.577	 2.50	 1	 -42.9220	  173.0769
9.577	 2.25	 1	 -42.4587	  172.5567
9.578	 2.58	 1	 -41.8094	  174.2653
9.579	 2.48	 2	 -42.8530	  173.1352
9.580	 2.19	 1	 -41.7847	  174.1805
9.580	 2.11	 1	 -41.8670	  173.8821
9.580	 2.83	 1	 -42.5609	  173.2858
9.581	 2.03	 1	 -41.7592	  174.2543
9.581	 2.25	 2	 -41.6997	  174.3148
9.581	 2.31	 2	 -42.6674	  173.5132
9.582	 2.24	 1	 -42.5700	  173.1804
9.582	 2.21	 1	 -42.4990	  173.3592
9.587	 3.27	 1	 -42.3317	  173.1959
9.588	 2.73	 2	 -40.3237	  174.5662
9.588	 2.13	 1	 -42.7976	  172.5541
9.590	 2.39	 1	 -42.7694	  172.9594
9.591	 2.30	 1	 -42.6355	  172.9338
9.592	 2.56	 1	 -41.7673	  174.2863
9.592	 2.38	 2	 -42.6591	  173.2303
9.597	 2.03	 1	 -42.1843	  173.6870
9.597	 2.02	 1	 -41.8020	  174.1202
9.598	 3.22	 2	 -42.6336	  173.1125
9.598	 2.24	 1	 -43.5246	  171.6099
9.601	 2.31	 1	 -42.5950	  173.0455
9.601	 2.30	 1	 -43.4667	  170.2240
9.601	 2.36	 3	 -47.2827	  172.8448
9.604	 2.37	 3	 -42.3968	  173.4936
9.606	 2.26	 1	 -42.0667	  173.9574
9.607	 2.87	 1	 -42.3567	  173.2558
9.607	 2.17	 1	 -41.6863	  174.2444
9.607	 2.13	 2	 -41.7534	  174.1540
9.608	 2.09	 1	 -41.7799	  174.1025
9.608	 2.43	 1	 -41.7767	  174.2372
9.611	 2.15	 1	 -41.7564	  174.2651
9.613	 2.01	 1	 -42.3100	  173.8080
9.614	 3.82	 2	 -43.6327	  172.9908
9.616	 2.33	 1	 -42.3522	  172.7676
9.617	 3.72	 2	 -42.8584	  173.3274
9.617	 2.05	 3	 -42.4564	  173.4952
9.620	 2.06	 2	 -42.5521	  173.5127
9.621	 2.01	 3	 -43.0146	  172.7681
9.624	 2.03	 2	 -40.3249	  174.4457
9.625	 2.81	 2	 -42.9232	  173.1059
9.627	 2.20	 3	 -47.2450	  172.8567
9.627	 2.48	 3	 -42.4295	  173.3485
9.629	 2.02	 1	 -43.4105	  173.8586
9.629	 2.15	 1	 -42.3300	  173.7385
9.632	 2.23	 3	 -43.1048	  173.0829
9.632	 2.20	 2	 -42.8540	  173.4900
9.633	 2.42	 2	 -40.7485	  176.5113
9.633	 2.89	 2	 -42.3936	  173.4058
9.633	 2.43	 1	 -41.9555	  173.9405
9.633	 2.14	 2	 -42.3706	  173.8521
9.634	 2.96	 1	 -42.5086	  174.0340
9.637	 2.12	 2	 -41.6069	  174.3101
9.637	 2.40	 2	 -41.4927	  167.3874
9.638	 2.89	 1	 -42.6523	  174.2564
9.640	 2.17	 1	 -41.9515	  173.3490
9.641	 2.33	 1	 -41.7225	  174.3685
9.641	 2.17	 3	 -42.4769	  173.4002
9.641	 2.66	 2	 -42.7219	  173.0763
9.646	 2.19	 4	 -42.8064	  173.1020
9.646	 2.24	 1	 -41.7602	  174.3155
9.648	 2.31	 1	 -42.6716	  172.9173
9.648	 2.53	 3	 -43.0247	  173.2749
9.648	 2.06	 1	 -42.5318	  173.0961
9.649	 2.19	 1	 -42.2007	  172.9059
9.650	 2.47	 2	 -42.6677	  173.2082
9.652	 2.48	 2	 -42.7965	  173.1566
9.652	 2.38	 1	 -42.5127	  173.5607
9.654	 2.03	 1	 -41.9764	  173.7439
9.654	 2.85	 1	 -43.2848	  173.0172
9.657	 2.65	 1	 -41.7455	  174.2954
9.658	 2.20	 1	 -42.5428	  173.0938
9.660	 2.13	 1	 -42.1291	  173.5727
9.660	 3.35	 1	 -42.3692	  173.8317
9.660	 2.40	 2	 -43.2102	  173.6442
9.661	 2.07	 2	 -42.8806	  173.5827
9.662	 2.93	 2	 -42.9243	  173.1853
9.666	 2.21	 1	 -41.6296	  174.1898
9.666	 2.08	 3	 -42.4574	  173.4090
9.666	 2.12	 2	 -42.9295	  172.6211
9.667	 2.06	 2	 -42.7058	  173.1738
9.667	 2.96	 3	 -41.8358	  177.1932
9.668	 2.36	 1	 -42.3269	  173.5303
9.669	 2.15	 1	 -41.8439	  174.3048
9.669	 2.35	 3	 -42.6693	  173.5115
9.670	 2.01	 2	 -42.5681	  172.9467
9.670	 2.38	 1	 -42.6479	  172.8543
9.670	 2.01	 1	 -42.1458	  173.6208
9.671	 2.24	 3	 -42.4617	  173.4392
9.673	 2.87	 2	 -43.5678	  171.5591
9.674	 2.01	 1	 -42.4408	  173.7904
9.674	 2.19	 2	 -43.1415	  173.6594
9.675	 2.32	 1	 -42.2774	  172.6397
9.675	 2.55	 1	 -42.2469	  173.7619
9.675	 2.71	 2	 -41.5131	  175.0022
9.676	 2.30	 1	 -41.7154	  174.1677
9.678	 2.23	 1	 -42.1720	  173.4811
9.680	 2.27	 3	 -42.4763	  173.4503
9.681	 2.00	 1	 -42.8001	  172.9299
9.685	 3.14	 1	 -42.2463	  173.7318
9.686	 2.89	 2	 -40.3224	  174.3160
9.687	 2.15	 3	 -42.3618	  173.4586
9.687	 3.20	 2	 -42.4562	  173.5870
9.688	 3.46	 2	 -41.6639	  174.3441
9.690	 2.20	 3	 -42.8160	  173.7205
9.692	 2.27	 1	 -41.7737	  174.1898
9.694	 2.73	 1	 -42.8241	  172.8987
9.696	 2.13	 2	 -43.1704	  169.6078
9.697	 3.20	 1	 -42.3544	  172.3350
9.698	 2.52	 4	 -43.0208	  173.4084
9.699	 2.39	 1	 -41.7585	  174.2322
9.699	 2.23	 3	 -42.6432	  173.2309
9.700	 2.00	 1	 -41.8060	  174.0271
9.700	 2.29	 3	 -42.4918	  173.4632
9.701	 2.30	 2	 -42.6851	  173.1004
9.701	 2.44	 1	 -42.3427	  173.1348
9.702	 2.12	 1	 -41.6390	  174.3991
9.702	 2.48	 2	 -42.1164	  173.9813
9.703	 2.80	 2	 -41.9247	  169.1151
9.704	 2.13	 3	 -42.4512	  173.4666
9.707	 3.22	 1	 -42.1060	  172.6769
9.707	 2.78	 2	 -42.7847	  173.2132
9.707	 2.40	 3	 -42.3263	  173.6759
9.708	 2.04	 1	 -43.3548	  173.5620
9.709	 2.55	 2	 -42.7718	  173.7788
9.711	 2.53	 1	 -42.2311	  173.6575
9.711	 3.46	 1	 -42.7615	  172.7410
9.713	 2.19	 1	 -42.3748	  173.3887
9.714	 2.28	 1	 -42.7216	  173.3604
9.714	 2.74	 2	 -42.8308	  173.1139
9.717	 2.52	 2	 -43.0596	  172.8558
9.720	 2.25	 3	 -41.7540	  174.1440
9.721	 2.00	 3	 -42.6167	  173.0380
9.721	 2.22	 1	 -42.3254	  173.8732
9.723	 2.01	 2	 -42.1379	  172.9256
9.723	 2.30	 1	 -41.7991	  174.2869
9.725	 2.78	 3	 -42.4579	  173.1894
9.726	 2.08	 1	 -42.6415	  173.2960
9.726	 2.49	 1	 -42.5779	  173.1393
9.726	 2.42	 1	 -45.6736	  175.9669
9.729	 2.05	 1	 -42.2150	  173.7786
9.730	 2.19	 2	 -42.7806	  173.5213
9.731	 2.87	 3	 -42.4741	  172.9687
9.732	 3.54	 1	 -42.2942	  173.3798
9.733	 2.51	 1	 -42.4859	  173.3070
9.738	 2.19	 1	 -42.3950	  173.3203
9.739	 2.09	 1	 -41.7188	  173.6660
9.739	 2.57	 2	 -42.5498	  173.2194
9.740	 2.27	 2	 -42.8327	  173.6208
9.740	 4.02	 1	 -42.4855	  173.9598
9.742	 2.41	 1	 -41.7797	  174.3076
9.743	 2.00	 1	 -42.1775	  173.6091
9.743	 2.65	 2	 -42.1157	  173.0217
9.745	 2.17	 1	 -43.4399	  171.9010
9.745	 2.01	 2	 -42.5162	  173.0840
9.746	 3.52	 1	 -42.4179	  173.1415
9.748	 2.56	 2	 -42.4849	  173.2854
9.748	 2.17	 3	 -47.6861	  167.4239
9.749	 2.23	 1	 -42.3538	  172.3569
9.750	 2.32	 1	 -42.2916	  173.6554
9.750	 2.73	 2	 -41.7830	  174.3095
9.752	 2.64	 1	 -42.3656	  173.5583
9.753	 2.49	 2	 -42.3831	  173.3865
9.753	 2.21	 1	 -41.5567	  174.3318
9.756	 2.51	 1	 -41.7982	  173.9955
9.757	 2.27	 2	 -42.7823	  173.3910
9.757	 2.84	 1	 -42.3335	  173.8407
9.758	 2.35	 2	 -47.1776	  171.8678
9.759	 2.13	 4	 -42.6730	  172.9236
9.760	 2.65	 1	 -41.7716	  174.3097
9.761	 4.14	 1	 -41.8607	  173.9466
9.761	 2.03	 1	 -41.7209	  174.2559
9.761	 2.51	 1	 -42.7786	  173.1819
9.761	 3.95	 1	 -44.2964	  173.3281
9.762	 2.00	 1	 -42.8244	  172.8228
9.763	 2.26	 2	 -41.7447	  174.2517
9.763	 2.97	 3	 -43.0298	  172.7225
9.764	 2.02	 1	 -42.8237	  173.1763
9.765	 2.15	 1	 -43.9045	  174.1969
9.765	 2.34	 2	 -42.4279	  173.0098
9.765	 2.73	 1	 -42.2463	  173.5519
9.768	 3.06	 2	 -41.7259	  174.2715
9.768	 2.77	 1	 -41.8165	  173.8663
9.768	 2.71	 2	 -42.4892	  172.7682
9.768	 3.16	 1	 -40.9208	  167.3993
9.768	 2.49	 1	 -42.5023	  173.0422
9.769	 3.54	 1	 -42.3298	  173.6918
9.769	 2.96	 1	 -42.4906	  173.2260
9.770	 2.00	 1	 -41.8026	  174.1486
9.772	 2.32	 1	 -41.7508	  174.3804
9.772	 2.40	 3	 -41.6562	  174.2598
9.772	 2.72	 2	 -42.3553	  172.3323
9.773	 2.13	 2	 -42.8101	  173.1465
9.774	 3.45	 2	 -40.5950	  174.9396
9.777	 2.79	 1	 -42.8438	  173.0732
9.778	 2.29	 2	 -42.8852	  172.8545
9.779	 2.46	 2	 -43.9358	  172.8492
9.780	 2.12	 1	 -42.4965	  173.3499
9.780	 2.10	 1	 -42.2367	  173.6924
9.780	 2.11	 1	 -42.4930	  173.1667
9.782	 2.09	 1	 -41.7418	  174.3131
9.783	 3.79	 2	 -42.6546	  173.2171
9.785	 2.37	 2	 -42.6858	  173.1262
9.786	 2.57	 2	 -42.7146	  172.9730
9.786	 2.82	 1	 -41.9466	  174.2349
9.788	 2.59	 2	 -42.3570	  173.2532
9.792	 2.41	 1	 -42.5448	  173.5371
9.793	 2.31	 1	 -41.8858	  173.9088
9.794	 2.53	 2	 -42.6918	  173.3796
9.794	 2.01	 1	 -42.4819	  173.2273
9.795	 2.35	 2	 -42.4860	  173.0566
9.795	 4.74	 1	 -42.1709	  173.7350
9.797	 2.49	 1	 -41.8208	  174.1163
9.801	 2.31	 3	 -42.5959	  173.0159
9.802	 2.35	 1	 -43.0119	  173.7796
9.802	 3.31	 3	 -43.0205	  172.7890
9.802	 2.24	 1	 -43.7943	  170.2578
9.803	 2.04	 2	 -42.7238	  173.3960
9.803	 2.43	 3	 -42.4800	  173.4520
9.804	 2.39	 2	 -42.6555	  172.8060
9.806	 2.92	 1	 -42.5673	  174.0077
9.806	 2.39	 1	 -42.3677	  173.1872
9.807	 2.72	 2	 -42.3553	  172.6461
9.813	 2.35	 1	 -42.3307	  174.0163
9.813	 2.29	 1	 -40.5936	  173.0725
9.814	 2.99	 2	 -42.2358	  173.0756
9.817	 2.19	 1	 -43.1512	  171.8674
9.817	 2.30	 4	 -42.9045	  173.9907
9.818	 2.02	 1	 -42.4187	  173.3375
9.819	 3.11	 1	 -42.4079	  174.2955
9.820	 2.42	 2	 -42.1569	  173.8304
9.820	 3.22	 2	 -43.2705	  172.9191
9.822	 2.27	 1	 -41.6981	  174.2014
9.823	 2.64	 1	 -42.2531	  173.8091
9.827	 2.93	 2	 -42.7484	  172.9919
9.829	 2.57	 1	 -42.5806	  172.9816
9.831	 2.33	 1	 -44.5325	  173.3239
9.833	 2.39	 1	 -42.6272	  172.9309
9.834	 2.17	 1	 -41.7955	  174.1965
9.834	 2.52	 2	 -42.2700	  173.5736
9.836	 2.95	 2	 -42.6514	  173.7535
9.836	 2.40	 2	 -40.3512	  174.6295
9.836	 2.07	 3	 -42.4938	  173.4227
9.836	 2.38	 1	 -42.1233	  172.9206
9.839	 2.30	 1	 -41.8297	  174.1880
9.841	 2.19	 1	 -41.8245	  174.1401
9.842	 2.12	 1	 -41.6976	  174.2660
9.842	 2.26	 2	 -42.5881	  173.0069
9.845	 2.15	 1	 -41.7693	  174.2794
9.845	 2.15	 1	 -41.9798	  173.6824
9.848	 2.42	 2	 -41.6423	  174.2536
9.850	 2.28	 1	 -41.8272	  174.3355
9.852	 2.14	 1	 -42.3058	  173.4722
9.852	 2.03	 1	 -42.2677	  173.9132
9.853	 2.47	 3	 -42.4522	  173.7171
9.854	 2.35	 2	 -42.4777	  173.9588
9.854	 2.94	 2	 -43.2340	  175.2427
9.854	 2.09	 1	 -41.9953	  174.0484
9.855	 2.47	 3	 -43.6725	  172.9985
9.856	 2.24	 3	 -42.4970	  173.3941
9.856	 2.11	 1	 -41.7712	  174.3576
9.856	 2.20	 3	 -42.5496	  172.9558
9.858	 2.18	 1	 -42.3874	  173.3795
9.859	 2.19	 1	 -41.8273	  173.4446
9.860	 2.58	 3	 -41.6252	  179.1718
9.861	 2.95	 1	 -41.6856	  174.2989
9.861	 2.33	 2	 -42.3496	  173.3763
9.864	 2.06	 3	 -42.8074	  173.6772
9.866	 2.22	 2	 -42.7183	  173.1570
9.867	 2.23	 1	 -42.4482	  173.4184
9.867	 2.11	 2	 -42.2917	  173.4955
9.867	 2.90	 3	 -42.5503	  173.2148
9.867	 2.20	 1	 -42.4844	  173.2362
9.871	 2.26	 2	 -42.4820	  173.9633
9.872	 2.24	 1	 -42.1313	  173.8835
9.872	 2.34	 2	 -42.5142	  173.1634
9.872	 3.01	 1	 -42.2490	  173.6505
9.874	 2.10	 1	 -41.5510	  173.4544
9.875	 2.47	 2	 -42.3595	  174.0330
9.877	 2.65	 2	 -43.5676	  173.6778
9.878	 2.00	 2	 -42.1918	  173.6525
9.880	 3.06	 1	 -42.6135	  172.8428
9.881	 2.10	 1	 -42.3261	  173.2408
9.882	 2.99	 1	 -41.7079	  174.1311
9.884	 2.39	 3	 -42.4009	  173.5367
9.884	 2.21	 1	 -41.7889	  174.2335
9.886	 2.04	 1	 -42.2442	  173.8836
9.887	 2.20	 1	 -42.8214	  173.2139
9.889	 3.28	 1	 -42.3064	  173.2567
9.889	 2.13	 1	 -41.6743	  174.0819
9.890	 2.53	 2	 -42.2414	  173.4912
9.890	 2.30	 1	 -42.4827	  174.0011
9.890	 2.09	 1	 -42.1932	  173.6702
9.891	 2.75	 4	 -42.5584	  173.4342
9.892	 2.01	 2	 -41.9163	  173.9063
9.892	 2.50	 3	 -42.6540	  173.2338
9.892	 2.09	 1	 -42.5504	  173.1635
9.896	 3.78	 1	 -42.2668	  173.7680
9.897	 2.22	 2	 -40.2489	  174.3008
9.898	 3.47	 1	 -42.1351	  173.5837
9.898	 2.01	 2	 -42.6416	  173.2960
9.898	 2.04	 1	 -42.3409	  172.9453
9.899	 2.70	 4	 -43.0264	  173.2135
9.901	 2.53	 1	 -42.6264	  173.1111
9.902	 2.83	 1	 -42.7113	  172.4940
9.903	 2.75	 1	 -42.2727	  173.7538
9.903	 3.05	 2	 -41.8577	  173.9407
9.904	 2.47	 2	 -42.1708	  173.7224
9.904	 2.54	 2	 -40.3150	  174.4042
9.904	 2.42	 2	 -42.8604	  173.6210
9.907	 2.28	 2	 -42.3653	  174.8324
9.907	 2.16	 1	 -42.1215	  173.8608
9.908	 2.93	 1	 -42.8028	  173.1144
9.909	 2.06	 2	 -40.0819	  175.4305
9.909	 2.38	 2	 -42.8162	  172.9607
9.912	 3.06	 4	 -42.4745	  173.4441
9.912	 2.11	 2	 -41.8019	  174.4353
9.913	 2.92	 2	 -42.4386	  173.1320
9.914	 2.12	 1	 -42.0734	  173.7346
9.916	 2.26	 3	 -42.4339	  172.7128
9.916	 2.10	 1	 -42.1647	  173.3886
9.917	 2.24	 1	 -41.6603	  174.3472
9.918	 2.32	 1	 -42.5531	  173.3587
9.920	 2.29	 2	 -47.0898	  175.0768
9.923	 2.04	 1	 -43.1778	  172.0180
9.923	 3.68	 1	 -42.1747	  173.5027
9.923	 2.57	 1	 -41.7295	  174.3909
9.925	 2.05	 1	 -41.7604	  174.2202
9.925	 2.26	 2	 -42.6199	  173.0567
9.927	 2.38	 1	 -41.8031	  174.1492
9.928	 2.13	 1	 -42.7446	  173.0013
9.928	 4.25	 2	 -41.8201	  173.9718
9.932	 2.46	 1	 -42.2738	  173.7838
9.932	 2.72	 1	 -42.3923	  174.0160
9.933	 2.07	 3	 -42.3222	  173.0881
9.937	 2.71	 1	 -42.6249	  173.0829
9.937	 2.54	 1	 -42.3689	  173.5922
9.940	 2.25	 3	 -42.4639	  173.4197
9.940	 2.51	 2	 -42.5759	  173.2367
9.942	 2.72	 2	 -43.3167	  172.0159
9.946	 2.47	 2	 -42.2218	  173.8618
9.946	 2.05	 1	 -42.6144	  173.0931
9.946	 2.01	 2	 -42.2970	  173.4282
9.947	 2.07	 2	 -41.6109	  174.2948
9.948	 2.61	 2	 -42.7527	  173.4751
9.949	 2.07	 1	 -42.1604	  173.8629
9.949	 2.27	 1	 -41.8594	  174.1072
9.950	 3.42	 1	 -42.0570	  173.6975
9.950	 2.20	 2	 -41.8995	  173.9512
9.951	 2.17	 1	 -41.5696	  174.4331
9.952	 2.59	 1	 -42.3837	  173.3440
9.954	 3.48	 1	 -42.4005	  173.9299
9.954	 2.03	 1	 -41.8601	  174.2644
9.954	 2.73	 1	 -42.7643	  173.3621
9.955	 2.54	 2	 -40.2886	  174.8072
9.957	 3.29	 1	 -41.6788	  174.2386
9.957	 2.83	 1	 -42.6043	  172.9611
9.958	 2.66	 1	 -42.5322	  173.4178
9.959	 2.43	 1	 -42.4460	  173.9340
9.959	 2.82	 1	 -41.7543	  174.2509
9.960	 2.32	 1	 -39.6177	  179.5996
9.961	 2.12	 2	 -43.1013	  172.9574
9.962	 2.89	 1	 -42.3193	  174.0770
9.962	 2.67	 2	 -41.6945	  173.7732
9.963	 2.06	 1	 -42.7604	  172.5366
9.964	 2.02	 1	 -42.2490	  173.9183
9.966	 3.08	 1	 -43.0358	  173.0152
9.967	 2.83	 3	 -41.8520	  173.9704
9.968	 2.22	 1	 -42.5173	  173.1467
9.968	 2.01	 2	 -42.5975	  173.1213
9.970	 2.20	 1	 -42.5977	  173.9963
9.971	 2.08	 2	 -42.1966	  173.8004
9.971	 2.28	 2	 -45.8703	  177.6291
9.973	 3.33	 1	 -41.7012	  174.2517
9.975	 2.78	 3	 -41.4685	  170.7816
9.977	 3.05	 1	 -43.1379	  174.0750
9.977	 2.01	 3	 -41.6113	  174.2953
9.978	 2.67	 2	 -41.8057	  173.9492
9.979	 2.83	 1	 -42.6276	  172.9252
9.979	 2.34	 1	 -42.5481	  172.8322
9.980	 2.24	 2	 -42.6464	  173.3745
9.980	 2.04	 1	 -42.1109	  173.7387
9.985	 2.06	 2	 -42.1614	  173.7243
9.985	 2.31	 1	 -42.5525	  172.9459
9.986	 2.71	 1	 -41.7500	  174.2028
9.988	 2.04	 2	 -40.2873	  174.3956
9.990	 2.09	 1	 -41.7171	  174.3096
9.992	 2.56	 1	 -42.6311	  172.8918
9.994	 2.12	 2	 -42.9673	  173.0652
9.995	 2.39	 1	 -41.9235	  173.9659
9.995	 2.71	 1	 -42.0926	  169.1271
9.996	 2.55	 1	 -42.5437	  173.2385
9.996	 2.13	 2	 -42.9704	  172.9681
9.996	 2.87	 1	 -41.7995	  174.1704
9.997	 2.67	 1	 -42.3530	  174.0083
9.997	 2.55	 1	 -42.7498	  173.5267
9.997	 3.50	 2	 -42.3533	  173.4430
9.998	 2.33	 2	 -42.4346	  174.0243
9.998	 2.83	 1	 -42.9946	  172.9064
9.999	 2.13	 2	 -42.8576	  173.5512
10.002	 2.83	 2	 -42.6013	  172.8726
10.003	 2.74	 1	 -41.7467	  175.2911
10.003	 3.72	 1	 -41.8377	  174.0066
10.004	 2.51	 1	 -41.6700	  173.7659
10.005	 2.34	 3	 -42.3635	  173.4174
10.006	 2.09	 1	 -42.5631	  172.7345
10.007	 2.53	 2	 -43.0624	  173.0724
10.007	 2.30	 1	 -41.7376	  174.2081
10.008	 2.61	 2	 -40.3299	  174.4038
10.009	 2.50	 1	 -42.3608	  173.5677
10.009	 2.03	 1	 -42.8361	  173.2724
10.010	 4.45	 1	 -42.2496	  173.5952
10.011	 2.55	 1	 -42.8727	  173.0021
10.012	 3.20	 1	 -41.7739	  174.2907
10.014	 2.33	 1	 -41.8233	  174.1504
10.016	 2.34	 4	 -43.0300	  172.7619
10.017	 2.51	 1	 -42.7778	  172.9113
10.017	 2.15	 1	 -41.3508	  173.7840
10.017	 2.16	 2	 -40.2715	  174.3990
10.019	 2.87	 2	 -42.9448	  172.8133
10.021	 2.98	 2	 -42.7204	  173.6296
10.023	 2.12	 2	 -42.2627	  173.5989
10.025	 2.84	 1	 -42.7405	  173.2321
10.025	 2.48	 3	 -42.5537	  173.4287
10.026	 2.01	 1	 -42.3685	  173.2372
10.026	 3.21	 1	 -42.3903	  173.5671
10.027	 2.36	 3	 -42.1630	  173.7135
10.027	 2.04	 3	 -42.7907	  173.1520
10.029	 2.51	 1	 -42.5544	  172.8631
10.032	 2.09	 1	 -41.8116	  174.1223
10.032	 2.32	 1	 -42.7014	  172.4585
10.033	 3.69	 1	 -42.1665	  173.3948
10.033	 2.85	 2	 -42.8710	  173.4583
10.035	 2.27	 1	 -42.4479	  175.6442
10.037	 2.36	 1	 -42.4580	  173.1164
10.037	 2.04	 2	 -42.9436	  173.5094
10.037	 2.22	 1	 -41.6992	  174.2683
10.037	 2.11	 2	 -42.2503	  173.5616
10.037	 2.30	 3	 -42.6494	  173.7517
10.040	 2.32	 1	 -42.3600	  173.6185
10.040	 2.37	 1	 -42.7162	  172.5133
10.042	 2.02	 3	 -42.8815	  173.5155
10.045	 2.03	 2	 -42.3256	  173.5282
10.047	 2.00	 3	 -42.9228	  173.1647
10.048	 2.43	 1	 -42.1070	  173.5468
10.049	 2.21	 2	 -42.9795	  173.4487
10.050	 2.01	 2	 -42.8921	  173.3257
10.051	 2.07	 2	 -42.3756	  173.3713
10.053	 2.71	 3	 -42.9129	  173.1463
10.055	 2.10	 1	 -42.3334	  173.7525
10.057	 2.40	 3	 -42.4984	  173.4227
10.058	 2.60	 2	 -42.3870	  172.7076
10.058	 2.15	 1	 -42.5199	  173.6156
10.059	 3.36	 1	 -42.3004	  173.9685
10.060	 2.06	 4	 -42.6512	  173.3996
10.062	 2.16	 2	 -42.0368	  173.8617
10.063	 2.60	 2	 -42.7727	  173.4433
10.064	 2.22	 1	 -42.3221	  173.7299
10.064	 2.04	 1	 -41.7702	  174.2477
10.065	 3.62	 3	 -43.5229	  173.9362
10.065	 2.54	 1	 -42.4409	  173.6844
10.068	 2.71	 3	 -42.4983	  173.4544
10.069	 2.66	 1	 -42.1783	  173.6311
10.071	 2.46	 1	 -42.6754	  173.1699
10.071	 2.36	 1	 -41.7300	  173.6989
10.071	 2.17	 1	 -42.4313	  173.6991
10.071	 2.64	 1	 -42.1355	  173.5783
10.072	 2.21	 1	 -42.8954	  173.4627
10.073	 2.46	 2	 -42.5502	  173.3141
10.076	 2.98	 1	 -41.7749	  174.2624
10.077	 2.41	 2	 -43.2336	  173.5137
10.078	 2.37	 1	 -42.8076	  173.1185
10.079	 2.44	 2	 -43.4505	  173.7900
10.081	 2.82	 2	 -42.9158	  174.0429
10.081	 2.66	 1	 -42.2528	  173.6397
10.082	 2.03	 3	 -41.8219	  173.9623
10.084	 2.17	 1	 -42.2737	  173.7613
10.086	 2.16	 2	 -43.1146	  173.1686
10.086	 2.39	 1	 -42.7733	  172.8905
10.087	 2.91	 3	 -42.8641	  173.2268
10.087	 2.58	 1	 -42.1738	  171.6514
10.090	 2.54	 1	 -42.5296	  172.9420
10.091	 2.49	 2	 -42.2713	  173.6002
10.092	 3.23	 2	 -41.6830	  174.2883
10.096	 3.32	 1	 -42.7611	  172.6269
10.097	 2.51	 1	 -41.6860	  174.1969
10.098	 2.02	 3	 -42.9084	  173.1288
10.100	 2.66	 2	 -42.2463	  173.6520
10.101	 2.19	 1	 -42.6228	  173.0778
10.101	 3.62	 1	 -41.7057	  174.2119
10.102	 2.40	 1	 -42.3982	  173.3064
10.102	 2.05	 1	 -43.0204	  173.3003
10.102	 2.30	 3	 -42.4408	  173.4465
10.102	 2.10	 1	 -42.2427	  173.8878
10.103	 2.41	 2	 -42.8760	  173.3070
10.104	 2.10	 1	 -42.4324	  174.1562
10.104	 2.51	 1	 -42.8281	  172.8437
10.106	 2.05	 2	 -43.2132	  179.1779
10.106	 2.02	 1	 -42.0035	  173.9408
10.107	 2.07	 2	 -42.8000	  172.9358
10.107	 2.70	 1	 -42.4337	  173.4487
10.107	 2.29	 3	 -43.1210	  173.1505
10.109	 3.01	 1	 -42.7000	  172.9389
10.110	 3.49	 1	 -41.7622	  174.2889
10.110	 2.02	 1	 -40.5041	  180.0494
10.110	 2.56	 3	 -42.4893	  173.3631
10.110	 2.32	 1	 -42.4301	  173.4765
10.112	 2.09	 2	 -43.0693	  173.4403
10.112	 2.54	 2	 -41.7821	  174.0833
10.113	 2.38	 2	 -40.3161	  173.3163
10.114	 2.62	 1	 -42.2570	  173.1026
10.115	 2.60	 2	 -42.5690	  173.2366
10.118	 2.04	 1	 -42.3726	  173.4909
10.120	 2.09	 1	 -42.5955	  173.5893
10.122	 2.06	 2	 -42.5234	  173.0951
10.123	 2.01	 3	 -42.4659	  173.3929
10.123	 2.44	 1	 -42.8100	  173.3363
10.123	 2.04	 3	 -42.6995	  172.6509
10.125	 2.20	 1	 -41.7080	  174.1214
10.126	 2.66	 1	 -41.8567	  174.1695
10.128	 3.07	 1	 -42.0561	  174.0781
10.130	 2.52	 1	 -42.2922	  173.4364
10.130	 2.46	 1	 -41.7703	  174.3024
10.131	 3.18	 2	 -42.8994	  173.2704
10.132	 2.61	 2	 -42.1068	  172.6811
10.132	 2.05	 2	 -42.8438	  173.3892
10.133	 3.00	 1	 -41.8596	  173.9480
10.136	 2.43	 1	 -42.5957	  172.8268
10.140	 2.04	 3	 -41.8165	  173.9586
10.142	 2.04	 2	 -42.8541	  173.1111
10.143	 2.55	 1	 -41.7852	  174.1994
10.143	 3.22	 1	 -41.0381	  173.6963
10.144	 2.72	 1	 -41.7331	  174.2928
10.145	 2.01	 2	 -42.8071	  173.1879
10.146	 2.81	 1	 -42.5065	  172.9610
10.146	 2.04	 2	 -42.5357	  172.9958
10.147	 2.58	 1	 -42.4619	  173.3815
10.147	 2.98	 2	 -41.6800	  174.0510
10.149	 2.23	 3	 -43.0106	  172.7781
10.150	 2.10	 1	 -42.1522	  173.8890
10.150	 3.30	 1	 -41.7430	  179.0020
10.153	 2.10	 1	 -46.9125	  175.1348
10.153	 2.87	 1	 -42.3887	  173.5973
10.153	 2.89	 3	 -42.9471	  173.0992
10.154	 2.53	 1	 -42.6478	  172.8726
10.155	 2.05	 1	 -42.7194	  173.2158
10.155	 3.27	 2	 -42.7595	  173.2679
10.158	 2.20	 2	 -42.5555	  172.8632
10.159	 2.24	 1	 -41.6788	  174.3153
10.160	 2.02	 2	 -42.7667	  173.3525
10.160	 2.02	 1	 -42.7587	  172.9952
10.160	 2.23	 1	 -42.4473	  173.8637
10.165	 2.10	 1	 -41.7200	  174.1564
10.166	 2.34	 3	 -42.4512	  173.7227
10.167	 2.31	 3	 -43.2789	  174.1343
10.167	 2.33	 1	 -42.5658	  172.9992
10.168	 2.31	 3	 -42.2345	  173.0744
10.169	 2.53	 3	 -42.5224	  173.4921
10.170	 2.15	 4	 -42.4931	  173.4333
10.170	 2.02	 1	 -42.0281	  173.7491
10.173	 3.31	 1	 -41.2296	  172.9576
10.173	 2.21	 1	 -42.6543	  173.1677
10.174	 2.84	 2	 -44.3039	  173.3348
10.174	 2.14	 3	 -42.6791	  172.7827
10.175	 2.44	 1	 -42.2580	  173.6022
10.176	 2.05	 2	 -42.7224	  173.2119
10.176	 2.17	 1	 -41.8005	  174.1821
10.177	 2.26	 2	 -42.7017	  173.3113
10.181	 4.09	 2	 -42.6062	  172.8275
10.187	 4.96	 2	 -42.0483	  173.4375
10.188	 2.45	 3	 -42.3333	  173.5247
10.190	 2.25	 1	 -42.0096	  173.9490
10.191	 4.61	 2	 -41.7564	  174.3226
10.192	 2.57	 2	 -41.0725	  173.7127
10.192	 2.88	 2	 -40.3568	  174.3896
10.193	 2.20	 1	 -41.7361	  174.1983
10.193	 2.26	 1	 -42.4913	  173.1956
10.195	 3.68	 3	 -42.0002	  173.3995
10.195	 2.28	 1	 -42.0335	  173.6106
10.195	 2.04	 2	 -42.7055	  173.5569
10.198	 2.68	 1	 -42.3811	  173.5128
10.198	 2.18	 1	 -42.3281	  173.7132
10.198	 2.22	 1	 -41.7264	  174.2896
10.199	 2.21	 1	 -42.5404	  173.1269
10.200	 2.09	 2	 -42.9695	  171.9001
10.201	 2.15	 1	 -42.4535	  173.4520
10.201	 2.35	 3	 -42.0362	  173.4177
10.201	 2.37	 3	 -41.7507	  174.3003
10.201	 2.78	 1	 -42.4775	  172.9720
10.201	 2.18	 1	 -42.1069	  173.5745
10.202	 2.57	 2	 -41.9738	  173.4222
10.206	 2.17	 1	 -42.2034	  173.8608
10.206	 2.47	 2	 -44.3013	  173.3017
10.206	 2.56	 2	 -42.3394	  173.8459
10.208	 2.22	 1	 -42.5794	  172.9997
10.209	 2.24	 1	 -42.5503	  172.3014
10.210	 2.36	 2	 -42.6880	  173.2304
10.211	 2.59	 1	 -42.1032	  173.7290
10.211	 2.15	 1	 -42.9686	  172.4997
10.212	 2.33	 3	 -42.4786	  173.4590
10.212	 2.45	 2	 -42.8135	  173.2579
10.213	 2.12	 2	 -38.3457	  174.1182
10.214	 3.32	 1	 -42.0461	  173.6786
10.218	 2.50	 2	 -42.4224	  174.1575
10.219	 2.15	 2	 -43.1251	  173.5070
10.219	 3.25	 3	 -42.4270	  173.5984
10.220	 2.64	 2	 -42.8633	  173.2083
10.223	 2.30	 1	 -42.2288	  173.7960
10.223	 2.55	 2	 -41.5529	  174.2958
10.223	 2.40	 3	 -41.7634	  174.3581
10.225	 2.66	 2	 -42.6261	  173.6579
10.226	 2.22	 1	 -42.4419	  173.5993
10.228	 2.09	 2	 -40.2397	  174.4241
10.228	 2.07	 1	 -41.6599	  174.1289
10.230	 2.05	 2	 -42.8211	  173.0457
10.232	 2.08	 1	 -42.2393	  173.7496
10.233	 2.11	 1	 -41.0559	  174.2681
10.234	 2.39	 1	 -42.6868	  172.9109
10.235	 2.44	 2	 -40.2999	  174.4359
10.235	 2.49	 1	 -43.0238	  172.9703
10.235	 2.82	 2	 -42.7695	  173.0169
10.235	 2.25	 1	 -41.9853	  174.0580
10.235	 2.05	 1	 -42.2870	  174.0106
10.238	 2.14	 1	 -42.6516	  172.7672
10.238	 2.43	 1	 -42.3726	  173.3181
10.239	 2.21	 2	 -42.4044	  174.2919
10.240	 2.00	 1	 -42.6191	  173.2384
10.241	 2.80	 1	 -42.2662	  173.3848
10.242	 2.09	 3	 -42.3517	  174.0420
10.244	 3.01	 3	 -42.6262	  173.1364
10.244	 2.59	 2	 -43.0321	  172.4379
10.245	 2.21	 2	 -42.3875	  172.9856
10.245	 2.11	 3	 -43.0136	  172.8041
10.246	 2.16	 2	 -42.5336	  175.9955
10.249	 3.02	 1	 -42.5865	  172.7560
10.250	 2.13	 3	 -42.0192	  173.5240
10.250	 3.06	 2	 -40.3138	  174.3967
10.252	 2.30	 1	 -41.7965	  174.2277
10.252	 2.29	 2	 -44.7081	  174.2590
10.253	 2.04	 3	 -41.7337	  174.3191
10.254	 2.05	 1	 -42.2771	  173.7452
10.254	 2.36	 1	 -41.5010	  172.0481
10.254	 2.00	 1	 -46.9802	  174.8653
10.256	 2.86	 1	 -42.5561	  173.1832
10.258	 2.18	 1	 -42.4568	  173.1824
10.258	 2.40	 2	 -41.8999	  174.0761
10.258	 2.05	 1	 -42.6426	  173.4766
10.259	 2.54	 2	 -42.4366	  173.2148
10.260	 2.81	 1	 -42.4682	  173.4915
10.266	 2.09	 1	 -42.4522	  172.5946
10.266	 2.31	 1	 -42.1384	  173.5533
10.266	 3.73	 2	 -42.8133	  172.9824
10.266	 2.13	 2	 -42.6891	  173.2719
10.267	 2.11	 1	 -41.7040	  174.2581
10.267	 2.06	 1	 -41.6983	  174.0736
10.271	 2.15	 1	 -41.7711	  174.2354
10.271	 2.21	 2	 -42.6802	  173.2975
10.271	 2.08	 3	 -42.0442	  173.4538
10.273	 2.46	 1	 -41.6891	  174.2386
10.275	 2.01	 3	 -42.6867	  173.0247
10.278	 2.32	 1	 -41.8034	  174.0734
10.279	 2.87	 2	 -40.2914	  174.5159
10.281	 2.84	 1	 -43.1376	  173.4769
10.281	 3.39	 3	 -44.2548	  173.3844
10.282	 2.15	 2	 -40.9214	  173.3158
10.285	 2.23	 2	 -42.7814	  173.6648
10.287	 2.27	 3	 -42.4653	  173.4626
10.287	 2.92	 3	 -42.3534	  173.4381
10.288	 2.41	 2	 -42.7027	  172.4944
10.290	 2.96	 1	 -42.8229	  173.0674
10.291	 3.83	 1	 -42.4578	  173.1823
10.293	 2.87	 2	 -41.8884	  174.3500
10.293	 2.43	 1	 -41.8828	  173.5202
10.293	 2.49	 1	 -42.6098	  173.0301
10.294	 2.67	 1	 -42.3367	  173.7388
10.295	 2.73	 1	 -42.8357	  172.8535
10.298	 2.19	 1	 -42.6856	  173.1837
10.301	 2.01	 1	 -42.3882	  173.8568
10.302	 2.04	 1	 -42.4919	  173.2267
10.302	 2.49	 1	 -41.8305	  174.3031
10.303	 2.49	 1	 -41.9787	  174.0249
10.303	 2.02	 1	 -42.4098	  173.4170
10.304	 2.08	 2	 -40.2734	  174.3403
10.304	 2.70	 1	 -42.1565	  171.8596
10.308	 2.00	 1	 -42.7537	  172.6220
10.308	 2.50	 2	 -42.4558	  172.5957
10.309	 2.47	 1	 -42.3747	  173.8873
10.313	 2.23	 1	 -42.2001	  173.7439
10.313	 2.39	 2	 -42.4949	  173.3508
10.315	 2.05	 2	 -41.3851	  179.0702
10.315	 2.14	 2	 -42.5479	  171.6314
10.317	 2.71	 1	 -41.9189	  174.1507
10.317	 2.09	 1	 -42.5949	  173.2179
10.318	 2.25	 1	 -42.4640	  173.0713
10.318	 2.04	 1	 -41.7930	  174.2147
10.318	 2.88	 1	 -41.6535	  174.2922
10.322	 2.33	 2	 -42.8822	  173.3491
10.327	 2.18	 1	 -42.3186	  173.8648
10.328	 2.12	 1	 -42.7005	  172.8672
10.329	 2.05	 1	 -41.7141	  174.1189
10.331	 2.16	 1	 -41.6612	  174.2630
10.331	 2.06	 1	 -42.2303	  172.4596
10.332	 3.12	 2	 -40.2955	  174.2790
10.333	 2.39	 2	 -42.5609	  173.3383
10.334	 2.01	 1	 -41.7157	  174.2690
10.337	 2.32	 1	 -41.7077	  174.2189
10.338	 3.88	 1	 -41.6888	  174.2303
10.340	 2.40	 3	 -42.1869	  173.5145
10.340	 2.19	 3	 -42.4873	  173.3458
10.341	 2.21	 4	 -42.4288	  173.5963
10.343	 2.10	 3	 -42.2816	  173.8356
10.345	 2.02	 3	 -42.4572	  173.3963
10.347	 2.55	 1	 -42.7650	  173.3388
10.351	 3.24	 1	 -42.7771	  170.4459
10.352	 2.22	 1	 -41.7944	  174.1853
10.352	 2.51	 1	 -42.3299	  174.0742
10.353	 2.04	 1	 -41.7020	  174.3808
10.357	 2.01	 1	 -42.6731	  173.2317
10.359	 2.82	 2	 -42.5810	  172.9739
10.359	 3.20	 1	 -42.6632	  172.8988
10.359	 2.59	 1	 -42.7750	  172.9157
10.362	 2.58	 1	 -42.7404	  173.3879
10.362	 3.51	 4	 -42.4888	  173.4390
10.365	 2.07	 1	 -41.7231	  174.2864
10.365	 2.55	 3	 -42.6185	  172.8846
10.367	 2.60	 2	 -42.2171	  173.2474
10.368	 2.31	 1	 -42.5042	  173.2754
10.368	 2.23	 1	 -41.6259	  174.2533
10.369	 2.56	 1	 -42.3081	  173.6669
10.370	 2.20	 1	 -42.2151	  173.6455
10.371	 2.30	 1	 -42.6383	  172.8842
10.371	 2.98	 1	 -42.5445	  173.1155
10.372	 2.69	 2	 -43.0542	  173.5323
10.373	 2.06	 2	 -43.5903	  173.9803
10.374	 2.02	 3	 -42.4900	  173.3777
10.376	 2.32	 3	 -42.6677	  173.6432
10.376	 2.02	 1	 -41.7847	  174.2189
10.376	 2.35	 3	 -42.5588	  172.9936
10.377	 2.32	 1	 -43.0815	  173.7458
10.378	 2.31	 1	 -42.6221	  173.0725
10.378	 2.37	 1	 -41.9651	  173.4900
10.380	 2.67	 1	 -42.6175	  172.9627
10.382	 2.45	 1	 -42.4377	  173.3834
10.384	 2.19	 1	 -43.0115	  173.8800
10.384	 2.00	 1	 -41.7677	  174.1694
10.387	 2.14	 2	 -42.9495	  173.2594
10.388	 2.06	 1	 -41.6595	  174.1900
10.389	 2.42	 2	 -42.8806	  173.2511
10.389	 2.23	 3	 -42.5538	  173.0176
10.390	 2.40	 2	 -42.7148	  173.2281
10.390	 2.43	 1	 -42.2610	  173.4835
10.390	 2.83	 2	 -42.2061	  173.8761
10.391	 3.07	 3	 -42.3425	  174.0597
10.393	 2.07	 1	 -42.3098	  173.1698
10.393	 3.30	 1	 -40.9359	  174.2368
10.395	 2.40	 1	 -41.9418	  173.2055
10.395	 2.60	 2	 -42.1522	  173.7202
10.396	 2.18	 1	 -42.6503	  173.0353
10.397	 2.55	 1	 -42.2591	  173.6486
10.399	 2.05	 2	 -42.8556	  173.3058
10.399	 3.13	 3	 -42.0889	  173.3926
10.402	 2.49	 4	 -42.0101	  173.3929
10.402	 2.12	 1	 -42.4561	  173.0135
10.404	 2.02	 3	 -42.0651	  173.4174
10.406	 2.06	 1	 -41.7395	  174.3610
10.407	 2.10	 2	 -42.5027	  173.5329
10.407	 3.04	 2	 -42.5363	  173.1676
10.409	 2.08	 2	 -40.1085	  174.8400
10.410	 3.18	 2	 -41.6183	  174.3981
10.410	 2.02	 3	 -42.5661	  173.5706
10.411	 2.36	 2	 -42.9592	  173.3091
10.411	 3.02	 1	 -42.0981	  173.7065
10.413	 2.06	 1	 -41.6093	  174.2732
10.414	 2.37	 3	 -39.6904	  178.3372
10.416	 2.08	 1	 -42.0280	  173.7839
10.417	 2.59	 1	 -42.5662	  173.7394
10.419	 2.06	 2	 -42.7389	  173.3551
10.421	 2.36	 1	 -41.9745	  173.1284
10.421	 2.36	 1	 -42.6493	  172.9729
10.422	 3.68	 2	 -42.3856	  173.3428
10.424	 2.64	 1	 -42.2408	  173.6737
10.424	 2.06	 1	 -41.8747	  174.1343
10.425	 2.37	 3	 -41.7122	  174.3889
10.426	 2.54	 2	 -42.3424	  174.0861
10.426	 2.64	 1	 -43.0345	  173.2962
10.426	 2.18	 1	 -41.6479	  174.3611
10.430	 2.02	 1	 -42.0240	  173.7765
10.430	 2.10	 2	 -42.8035	  173.2032
10.430	 2.11	 3	 -41.7893	  174.0037
10.431	 2.59	 1	 -43.4505	  171.8430
10.432	 2.09	 2	 -42.6930	  173.7046
10.438	 2.48	 1	 -41.6720	  174.3053
10.439	 2.64	 1	 -42.5199	  172.7034
10.440	 2.13	 1	 -41.7147	  174.1116
10.440	 2.02	 1	 -41.7418	  174.1830
10.441	 2.76	 2	 -42.5589	  173.5787
10.443	 2.86	 1	 -42.3031	  173.7129
10.443	 2.30	 3	 -41.7692	  174.3476
10.444	 2.17	 1	 -42.2054	  173.6071
10.445	 2.07	 4	 -43.5266	  173.9362
10.447	 2.32	 1	 -42.7505	  173.0216
10.447	 2.07	 1	 -42.2306	  173.8854
10.447	 2.56	 3	 -42.0057	  173.3148
10.448	 2.08	 1	 -42.0687	  173.5248
10.448	 2.27	 2	 -42.2781	  172.7637
10.448	 2.25	 2	 -39.3577	  168.8320
10.450	 2.04	 1	 -46.5195	  175.6481
10.450	 3.43	 3	 -42.4787	  173.3731
10.453	 2.03	 1	 -42.7695	  172.9471
10.453	 2.39	 1	 -42.6345	  172.5847
10.454	 2.24	 1	 -39.8664	  169.3383
10.457	 2.10	 2	 -41.7230	  174.2212
10.458	 2.19	 1	 -42.5854	  172.9505
10.458	 2.89	 1	 -42.2740	  173.2008
10.459	 2.21	 1	 -38.7720	  172.0473
10.461	 2.85	 2	 -42.8228	  172.7409
10.461	 2.23	 1	 -41.7713	  174.3054
10.462	 2.16	 1	 -42.5543	  173.3111
10.466	 2.38	 2	 -42.7021	  173.0576
10.467	 2.41	 1	 -42.1638	  173.8124
10.468	 2.30	 1	 -42.0016	  173.8687
10.469	 2.42	 1	 -42.6302	  173.0888
10.473	 2.04	 1	 -42.3197	  173.6943
10.474	 2.02	 2	 -41.6698	  174.2831
10.474	 2.53	 1	 -42.0728	  173.5628
10.475	 2.30	 1	 -42.0378	  173.9162
10.475	 3.36	 3	 -42.4784	  173.4399
10.476	 2.30	 1	 -42.6716	  172.1394
10.476	 2.62	 2	 -42.3594	  173.8965
10.476	 2.92	 4	 -42.5052	  173.3410
10.478	 2.48	 3	 -42.9071	  173.2025
10.479	 2.61	 1	 -42.5282	  174.0942
10.479	 2.76	 1	 -42.0259	  173.8244
10.479	 3.11	 1	 -42.4759	  173.2173
10.480	 2.48	 1	 -42.3774	  173.5667
10.481	 2.17	 1	 -42.8691	  173.0961
10.482	 2.26	 1	 -42.0138	  174.8597
10.485	 2.14	 3	 -44.4145	  173.2437
10.486	 2.14	 4	 -42.4791	  173.4435
10.486	 2.42	 3	 -42.8662	  173.4566
10.489	 2.30	 1	 -41.1397	  173.3006
10.489	 2.46	 3	 -42.5661	  172.9061
10.489	 2.01	 1	 -41.6609	  174.1181
10.491	 2.16	 1	 -41.7234	  174.2914
10.492	 2.19	 2	 -44.8722	  175.6835
10.492	 4.36	 1	 -42.4068	  173.5591
10.494	 2.43	 1	 -42.0184	  170.9890
10.497	 2.27	 2	 -42.7110	  172.4620
10.498	 2.12	 2	 -42.7035	  173.2667
10.500	 2.16	 1	 -44.3277	  173.3226
10.500	 2.59	 3	 -42.5695	  172.9861
10.500	 2.69	 3	 -42.7365	  173.2442
10.501	 2.53	 1	 -42.2571	  173.5940
10.502	 2.78	 1	 -41.7715	  174.0630
10.503	 2.51	 2	 -42.4100	  173.5543
10.503	 2.57	 2	 -40.3053	  174.3143
10.504	 2.07	 2	 -43.0436	  172.8817
10.506	 2.29	 2	 -40.3136	  174.4245
10.510	 2.20	 1	 -42.2236	  173.7078
10.512	 2.65	 2	 -40.9468	  174.2468
10.516	 2.27	 2	 -42.7695	  173.6474
10.519	 2.09	 1	 -42.5249	  172.8119
10.519	 2.81	 2	 -42.4631	  173.1945
10.520	 2.07	 1	 -42.7242	  172.7932
10.520	 2.43	 3	 -42.4113	  173.5069
10.522	 2.77	 3	 -42.7054	  172.7332
10.522	 2.13	 2	 -42.1920	  174.1651
10.522	 2.18	 1	 -42.2790	  173.8547
10.522	 2.13	 2	 -42.7320	  173.1251
10.523	 2.22	 1	 -42.7134	  173.0989
10.525	 2.87	 2	 -41.9662	  173.7090
10.525	 2.07	 2	 -43.5507	  175.8007
10.526	 2.10	 1	 -41.7897	  174.1513
10.527	 2.06	 1	 -42.3112	  173.5352
10.527	 2.11	 1	 -42.3485	  173.7797
10.528	 2.02	 2	 -42.5430	  173.1814
10.529	 2.00	 1	 -41.7895	  174.0985
10.529	 3.66	 1	 -41.9632	  173.7224
10.530	 2.48	 1	 -42.4887	  171.1863
10.534	 2.22	 2	 -43.1906	  173.1500
10.535	 2.19	 1	 -42.6297	  172.9572
10.535	 2.26	 1	 -42.3883	  173.1985
10.536	 2.03	 1	 -42.1919	  173.6745
10.537	 2.11	 1	 -41.4538	  174.6208
10.538	 2.37	 1	 -42.9419	  173.3449
10.538	 2.96	 2	 -42.6463	  172.8210
10.540	 2.04	 1	 -41.9846	  173.6157
10.540	 2.13	 2	 -41.8044	  174.2148
10.540	 2.17	 2	 -41.9423	  173.7047
10.541	 2.14	 1	 -42.4348	  173.7484
10.542	 2.97	 1	 -42.2801	  173.5026
10.543	 2.43	 2	 -42.7961	  173.1331
10.543	 2.03	 1	 -43.0438	  173.6724
10.543	 2.59	 1	 -40.2656	  173.0363
10.543	 2.85	 1	 -42.7646	  172.8699
10.547	 2.30	 2	 -42.3943	  174.1887
10.547	 2.08	 3	 -42.0419	  173.4039
10.547	 2.47	 2	 -43.0184	  173.2729
10.548	 2.44	 1	 -42.6504	  173.6959
10.548	 2.23	 1	 -41.7120	  174.2741
10.549	 2.51	 1	 -42.3968	  173.5527
10.550	 2.87	 3	 -42.7038	  173.5612
10.551	 2.92	 2	 -41.6880	  174.2310
10.552	 2.44	 1	 -42.0780	  173.6791
10.554	 3.14	 1	 -42.5970	  173.2927
10.556	 2.24	 1	 -42.3379	  173.2510
10.558	 4.23	 1	 -42.5178	  172.9323
10.558	 3.25	 1	 -42.2805	  173.6937
10.559	 2.38	 1	 -41.7765	  174.1800
10.560	 2.52	 1	 -42.4329	  174.6194
10.561	 2.49	 1	 -42.5395	  173.8459
10.561	 2.69	 3	 -42.8003	  173.1585
10.562	 2.43	 1	 -41.7700	  174.3498
10.562	 2.56	 2	 -42.3155	  173.8933
10.563	 3.07	 1	 -42.4126	  173.2500
10.563	 2.56	 2	 -42.3070	  173.3256
10.564	 2.08	 1	 -42.5966	  173.1572
10.565	 2.43	 1	 -42.5407	  170.8459
10.565	 2.20	 1	 -42.2314	  173.8554
10.570	 3.27	 1	 -42.4303	  173.8431
10.571	 2.10	 1	 -42.5575	  173.2028
10.571	 2.74	 2	 -42.2195	  173.9804
10.571	 2.72	 2	 -42.5429	  173.2231
10.573	 2.14	 2	 -42.9308	  174.3814
10.573	 2.28	 3	 -41.8438	  172.7473
10.574	 3.62	 1	 -42.5623	  173.0964
10.577	 2.09	 2	 -42.1117	  173.7146
10.579	 3.62	 2	 -42.0386	  173.7085
10.579	 2.27	 2	 -42.5579	  173.0256
10.580	 2.26	 1	 -42.3224	  173.1622
10.580	 2.10	 1	 -42.1480	  174.3707
10.581	 2.28	 1	 -42.3354	  173.7508
10.582	 2.34	 2	 -41.0644	  172.3452
10.583	 2.34	 1	 -41.6854	  174.2387
10.583	 2.05	 1	 -42.4140	  173.1282
10.583	 2.48	 1	 -41.7355	  174.2001
10.584	 3.08	 2	 -42.6120	  172.9721
10.585	 2.49	 1	 -42.5976	  172.6606
10.585	 2.64	 2	 -43.1715	  174.0730
10.585	 2.05	 1	 -41.9900	  173.9391
10.585	 2.01	 1	 -42.5983	  173.2301
10.586	 2.12	 1	 -42.2067	  173.5752
10.589	 2.89	 2	 -41.7339	  179.0427
10.590	 4.07	 1	 -41.7904	  174.2732
10.591	 2.51	 2	 -41.7595	  174.1679
10.593	 2.09	 1	 -42.4276	  173.5360
10.593	 2.13	 2	 -42.4988	  172.9893
10.594	 2.06	 2	 -43.1693	  172.0788
10.594	 2.16	 1	 -42.7423	  173.4810
10.595	 2.38	 1	 -42.4305	  173.3112
10.596	 2.31	 1	 -42.5194	  173.3883
10.597	 2.10	 1	 -41.7871	  174.4301
10.600	 2.12	 1	 -42.0517	  173.7809
10.601	 2.17	 2	 -42.9810	  173.3557
10.601	 4.37	 1	 -42.1558	  173.5014
10.602	 2.04	 1	 -42.0509	  173.4642
10.603	 2.94	 1	 -41.9826	  173.7212
10.604	 2.00	 1	 -42.8311	  173.1681
10.605	 2.01	 2	 -43.0177	  173.3345
10.606	 2.14	 1	 -41.9965	  173.4470
10.606	 2.27	 2	 -42.5014	  173.3726
10.607	 2.12	 2	 -42.7527	  172.6685
10.607	 2.14	 3	 -42.4498	  173.2268
10.608	 2.18	 1	 -42.4016	  172.9770
10.612	 2.65	 2	 -42.1379	  173.5611
10.614	 2.71	 1	 -41.7107	  174.2872
10.617	 2.81	 2	 -42.3997	  173.2187
10.618	 2.10	 2	 -41.8787	  173.9451
10.620	 3.12	 2	 -42.4030	  173.7142
10.621	 2.15	 1	 -42.2481	  173.9165
10.622	 2.24	 1	 -42.1322	  173.9698
10.622	 2.02	 2	 -43.1928	  173.0182
10.622	 2.01	 1	 -42.5654	  172.8826
10.622	 2.50	 2	 -42.9528	  173.1084
10.623	 2.03	 1	 -42.4105	  173.7785
10.624	 2.12	 1	 -42.6433	  172.8483
10.624	 2.62	 1	 -42.2961	  172.8023
10.627	 2.37	 2	 -41.8143	  174.2161
10.627	 2.02	 2	 -42.8573	  173.4434
10.627	 2.08	 1	 -42.2570	  173.6346
10.628	 2.64	 1	 -45.7275	  174.5150
10.629	 2.66	 1	 -42.3719	  172.7956
10.630	 3.06	 2	 -43.1680	  173.3195
10.630	 2.76	 1	 -41.8060	  174.1926
10.631	 2.14	 2	 -42.7106	  173.2029
10.631	 2.87	 1	 -42.4935	  173.7658
10.632	 2.24	 1	 -42.3042	  173.2318
10.635	 2.71	 2	 -42.8008	  173.2156
10.638	 2.25	 1	 -42.6004	  172.9364
10.639	 2.54	 2	 -41.3625	  174.3438
10.641	 2.16	 1	 -42.4006	  174.0229
10.645	 2.09	 1	 -42.1659	  173.6967
10.646	 2.04	 2	 -42.5954	  174.4494
10.649	 2.48	 1	 -41.7331	  174.3136
10.649	 2.39	 1	 -42.3202	  173.6382
10.650	 2.18	 3	 -41.8221	  173.9931
10.650	 2.79	 1	 -41.9569	  173.8632
10.650	 2.17	 3	 -46.3383	  169.4732
10.651	 2.20	 4	 -42.8107	  173.3646
10.651	 2.16	 1	 -42.4260	  172.9211
10.652	 2.53	 2	 -42.3499	  173.5627
10.653	 2.01	 1	 -41.7175	  174.2474
10.653	 2.40	 2	 -40.4272	  174.3154
10.655	 2.24	 3	 -41.7712	  174.3472
10.656	 2.14	 1	 -43.0542	  171.6005
10.658	 2.26	 1	 -41.9942	  173.2502
10.659	 2.40	 1	 -42.6663	  172.9485
10.659	 2.22	 2	 -42.8497	  173.2617
10.659	 2.26	 3	 -43.0627	  172.8342
10.659	 2.64	 3	 -42.5922	  173.7083
10.660	 2.02	 2	 -41.8797	  173.9586
10.660	 2.24	 1	 -42.3306	  173.5379
10.661	 2.26	 2	 -41.8524	  172.6040
10.662	 2.09	 1	 -42.5896	  172.1356
10.663	 2.40	 1	 -42.5284	  173.1943
10.664	 2.05	 1	 -42.6507	  172.8690
10.665	 3.40	 2	 -42.9335	  172.9863
10.666	 2.16	 1	 -41.9527	  173.9883
10.668	 2.79	 2	 -41.6630	  174.4707
10.669	 2.20	 1	 -41.8021	  174.2291
10.669	 2.00	 1	 -42.2537	  173.7014
10.672	 3.16	 2	 -41.8075	  174.1970
10.674	 2.09	 3	 -42.6417	  172.8219
10.674	 2.12	 3	 -42.0571	  173.4567
10.675	 3.86	 2	 -42.5206	  172.9841
10.678	 3.57	 2	 -42.4082	  173.5601
10.679	 2.15	 1	 -41.6721	  174.2574
10.681	 3.36	 2	 -42.3823	  173.5743
10.686	 2.97	 3	 -42.5620	  173.0626
10.687	 2.28	 1	 -42.1737	  173.4255
10.690	 2.13	 1	 -42.4006	  173.9733
10.691	 2.09	 5	 -42.5155	  173.3060
10.693	 3.14	 1	 -42.8754	  173.1006
10.694	 2.70	 1	 -42.3414	  173.8590
10.694	 2.02	 1	 -41.8193	  174.1741
10.694	 2.06	 1	 -42.3274	  173.8617
10.694	 2.42	 1	 -42.1704	  173.6188
10.695	 2.04	 1	 -41.7132	  174.2705
10.697	 2.12	 2	 -42.5262	  172.9667
10.698	 2.30	 1	 -42.0261	  173.9745
10.701	 2.34	 1	 -42.0598	  173.0804
10.704	 2.75	 2	 -42.4626	  173.0444
10.704	 2.05	 3	 -42.6548	  173.3915
10.708	 2.65	 2	 -42.4208	  172.7881
10.710	 2.28	 1	 -42.3859	  173.2009
10.711	 2.11	 1	 -41.5979	  174.3907
10.711	 3.91	 1	 -42.5321	  173.7314
10.711	 3.04	 3	 -42.4260	  173.1409
10.712	 2.58	 1	 -41.6767	  174.2663
10.713	 3.17	 1	 -41.8318	  173.3001
10.714	 3.15	 1	 -39.7459	  172.5351
10.715	 2.97	 2	 -42.5743	  172.9717
10.717	 2.31	 1	 -42.3153	  173.7218
10.717	 2.23	 1	 -42.4180	  173.7996
10.718	 2.74	 1	 -42.3525	  173.0983
10.719	 2.16	 2	 -42.4332	  173.2287
10.720	 2.90	 1	 -42.3441	  174.0036
10.720	 2.38	 3	 -42.4690	  173.5534
10.720	 2.00	 3	 -42.7492	  173.1559
10.720	 2.16	 2	 -43.2780	  173.4969
10.721	 2.20	 1	 -42.1101	  172.6837
10.721	 2.16	 3	 -43.2999	  173.4795
10.722	 2.32	 2	 -40.3832	  174.4176
10.724	 2.07	 1	 -42.5260	  170.5996
10.724	 2.07	 1	 -42.7500	  173.0668
10.725	 2.28	 1	 -42.0239	  174.0369
10.725	 3.32	 1	 -42.8099	  174.7950
10.727	 2.66	 4	 -42.4929	  173.4557
10.729	 3.21	 1	 -42.7884	  172.8710
10.729	 2.24	 1	 -42.5416	  174.3584
10.730	 2.49	 2	 -42.1516	  173.7272
10.732	 3.19	 2	 -42.6738	  173.6938
10.732	 2.15	 1	 -41.5755	  174.3502
10.738	 2.76	 3	 -41.1939	  175.3342
10.741	 2.18	 2	 -42.8560	  173.2693
10.741	 2.03	 2	 -43.0365	  173.3060
10.741	 2.05	 1	 -42.4159	  173.7671
10.741	 2.03	 2	 -41.8498	  174.0255
10.741	 2.99	 2	 -42.8539	  173.2136
10.741	 2.00	 1	 -41.9650	  173.5834
10.743	 2.71	 2	 -42.5215	  172.9329
10.743	 3.79	 1	 -41.6882	  174.3375
10.746	 2.63	 1	 -41.7661	  174.0373
10.746	 2.41	 2	 -42.7757	  172.9614
10.749	 2.20	 1	 -42.7061	  172.6117
10.751	 2.03	 1	 -42.3979	  173.6815
10.751	 2.26	 1	 -41.9948	  173.7547
10.751	 2.05	 1	 -42.3775	  173.9841
10.752	 2.31	 1	 -42.0199	  173.6839
10.752	 2.22	 2	 -42.8430	  173.1356
10.752	 3.51	 1	 -42.4234	  173.1384
10.753	 2.17	 2	 -41.4566	  174.6450
10.755	 2.71	 1	 -42.4852	  173.1328
10.757	 2.38	 1	 -42.3027	  173.0575
10.757	 2.08	 2	 -42.8070	  172.9757
10.759	 2.07	 1	 -42.1879	  173.7704
10.759	 2.31	 2	 -42.8142	  173.2688
10.759	 2.33	 1	 -42.2547	  173.4233
10.760	 2.29	 3	 -42.6755	  173.2871
10.763	 3.63	 1	 -42.5768	  172.8108
10.765	 3.07	 1	 -41.6535	  174.4171
10.770	 2.28	 1	 -43.7805	  173.1670
10.772	 2.29	 1	 -41.7585	  174.2936
10.773	 2.45	 2	 -42.5632	  173.4933
10.773	 2.57	 1	 -41.6780	  174.2865
10.778	 2.09	 3	 -42.5130	  173.4525
10.778	 2.18	 1	 -42.2975	  172.9504
10.779	 2.76	 1	 -42.6507	  171.7116
10.782	 2.17	 1	 -42.4463	  173.7911
10.782	 2.11	 2	 -43.0601	  172.3715
10.784	 2.02	 1	 -41.9046	  174.1091
10.784	 2.05	 3	 -42.3301	  173.4393
10.784	 2.37	 1	 -42.4464	  173.6653
10.784	 3.02	 2	 -42.3977	  173.0590
10.786	 2.90	 3	 -42.9838	  172.7705
10.786	 2.45	 1	 -41.9082	  173.9554
10.788	 2.66	 1	 -42.5800	  172.9632
10.789	 2.18	 2	 -41.0433	  172.0743
10.793	 2.33	 3	 -43.5873	  173.0022
10.794	 2.19	 4	 -42.6978	  173.5401
10.795	 2.56	 1	 -41.7081	  174.2692
10.797	 2.53	 1	 -41.7217	  174.2534
10.797	 2.85	 1	 -42.8434	  172.8949
10.798	 2.46	 3	 -42.4802	  173.4336
10.798	 2.19	 2	 -42.8714	  172.1950
10.800	 3.05	 2	 -42.9758	  173.2501
10.800	 2.85	 2	 -42.5383	  173.0974
10.805	 3.02	 1	 -39.0655	  170.8396
10.808	 2.35	 1	 -41.7155	  174.3238
10.809	 2.53	 1	 -44.5012	  172.8236
10.811	 2.33	 1	 -42.7601	  173.3333
10.811	 2.36	 2	 -42.1753	  173.5031
10.812	 2.01	 1	 -42.6820	  172.8437
10.812	 2.45	 3	 -42.6123	  172.9564
10.812	 2.87	 2	 -43.2733	  173.4989
10.812	 2.02	 1	 -41.9082	  174.2862
10.815	 2.04	 2	 -42.5686	  173.1505
10.815	 3.07	 1	 -42.6219	  173.0830
10.817	 2.07	 3	 -47.4393	  174.8965
10.817	 2.04	 2	 -42.5368	  173.1528
10.818	 2.81	 1	 -42.5571	  173.1618
10.819	 2.16	 1	 -42.4705	  173.3144
10.820	 2.26	 5	 -42.4933	  173.4337
10.822	 2.18	 2	 -42.6314	  173.2136
10.823	 2.08	 1	 -41.9865	  172.5002
10.823	 2.89	 3	 -40.2019	  168.1643
10.825	 5.41	 2	 -41.6804	  174.2429
10.825	 2.05	 1	 -41.9691	  173.6195
10.826	 2.14	 1	 -42.3818	  174.0269
10.826	 2.96	 3	 -40.2986	  174.4067
10.827	 2.15	 2	 -41.8498	  174.0133
10.829	 3.24	 2	 -43.0902	  173.8965
10.830	 2.40	 3	 -41.7077	  174.2554
10.830	 2.14	 3	 -41.7553	  174.2975
10.831	 2.21	 2	 -42.6530	  172.9931
10.833	 2.07	 2	 -42.5239	  173.5057
10.834	 3.11	 3	 -41.6641	  174.2601
10.835	 2.68	 3	 -41.7450	  174.1810
10.836	 2.61	 1	 -42.5658	  173.3795
10.836	 2.90	 1	 -42.3407	  173.4428
10.837	 3.44	 3	 -41.7445	  174.3108
10.837	 2.44	 1	 -41.8410	  174.1990
10.839	 2.82	 3	 -41.7065	  174.2601
10.839	 4.41	 1	 -41.9622	  173.7869
10.840	 2.19	 1	 -41.8143	  174.2074
10.840	 2.02	 1	 -41.9732	  174.0412
10.841	 2.03	 3	 -41.7397	  174.2518
10.842	 2.09	 4	 -46.1331	  176.9977
10.842	 2.39	 2	 -45.8531	  177.7476
10.843	 2.20	 3	 -41.7778	  174.4383
10.845	 2.24	 1	 -42.7701	  172.7996
10.846	 2.64	 2	 -42.3967	  173.5721
10.846	 2.21	 1	 -42.7407	  173.0614
10.847	 2.30	 2	 -42.6215	  172.8487
10.848	 2.59	 2	 -41.7734	  174.1852
10.848	 2.84	 1	 -41.6826	  174.2462
10.849	 2.23	 3	 -41.4637	  176.0118
10.851	 2.50	 1	 -38.3841	  171.2709
10.852	 2.36	 3	 -41.7231	  174.3951
10.853	 2.52	 2	 -42.8738	  173.3773
10.854	 2.53	 1	 -42.3294	  173.8156
10.857	 2.23	 2	 -41.5267	  174.4973
10.858	 2.34	 1	 -42.1240	  173.2640
10.859	 2.48	 3	 -41.8336	  174.1945
10.860	 4.18	 3	 -41.6334	  174.0870
10.862	 2.74	 3	 -41.6086	  174.1415
10.863	 2.31	 2	 -41.7746	  174.2643
10.864	 2.94	 2	 -43.0545	  173.6898
10.864	 3.23	 2	 -42.0152	  173.7591
10.866	 2.44	 1	 -42.1315	  173.6696
10.867	 2.18	 2	 -42.8728	  173.1119
10.868	 2.43	 3	 -41.5891	  174.2520
10.868	 2.31	 2	 -44.2916	  173.3429
10.869	 2.32	 2	 -41.6397	  174.3357
10.870	 2.03	 3	 -41.6242	  174.3522
10.870	 2.86	 4	 -42.4459	  172.8094
10.871	 2.05	 1	 -42.3711	  172.5352
10.871	 2.08	 1	 -42.0107	  174.1805
10.872	 2.38	 3	 -41.8068	  174.1382
10.873	 2.08	 1	 -42.2056	  174.4322
10.873	 2.18	 3	 -42.9356	  172.6516
10.874	 2.41	 1	 -42.0133	  173.6832
10.874	 2.83	 3	 -41.6676	  174.2707
10.874	 2.26	 1	 -42.9535	  173.8343
10.875	 2.35	 3	 -41.7969	  173.8263
10.877	 2.30	 1	 -42.6180	  173.2655
10.879	 2.29	 1	 -42.3554	  173.3846
10.884	 2.16	 2	 -42.6073	  173.6731
10.884	 2.89	 3	 -41.6448	  174.1972
10.887	 2.18	 1	 -42.2680	  174.4539
10.888	 2.98	 3	 -41.8985	  170.8102
10.889	 2.09	 1	 -41.8593	  173.9253
10.890	 2.02	 1	 -42.2562	  173.6753
10.893	 2.28	 1	 -42.5314	  173.8853
10.895	 2.10	 3	 -41.6972	  174.2558
10.896	 2.53	 2	 -42.1409	  173.4691
10.896	 2.05	 2	 -41.6471	  174.3185
10.896	 2.26	 2	 -42.8625	  173.4747
10.896	 2.24	 1	 -41.6742	  174.1457
10.897	 2.14	 3	 -40.8523	  173.9442
10.898	 2.71	 1	 -42.9336	  173.2240
10.901	 3.22	 1	 -41.7993	  174.0445
10.901	 2.16	 4	 -41.7673	  174.3025
10.904	 2.26	 1	 -42.5045	  173.1227
10.905	 2.88	 2	 -42.5458	  173.3350
10.906	 2.45	 1	 -42.2985	  173.6487
10.908	 2.38	 3	 -41.7077	  174.4033
10.909	 2.31	 2	 -41.9802	  173.7987
10.910	 2.45	 1	 -42.2877	  173.3652
10.912	 2.17	 1	 -41.6461	  173.3421
10.915	 3.60	 1	 -41.8285	  173.9494
10.915	 2.03	 2	 -42.3287	  172.8750
10.915	 2.33	 1	 -42.4502	  173.4931
10.916	 2.87	 1	 -42.4178	  173.0413
10.918	 2.06	 1	 -41.6369	  174.4529
10.919	 2.51	 1	 -42.8903	  173.0790
10.919	 2.33	 1	 -47.0833	  171.7024
10.920	 2.17	 1	 -42.5225	  173.1743
10.920	 2.83	 3	 -42.0567	  172.2859
10.921	 2.08	 4	 -42.8900	  173.9927
10.921	 2.61	 2	 -42.3975	  173.1150
10.924	 2.49	 2	 -41.9575	  173.7569
10.924	 2.81	 2	 -42.6037	  172.3628
10.924	 2.24	 1	 -42.2478	  173.9786
10.926	 2.11	 1	 -42.3802	  173.9239
10.926	 2.51	 1	 -42.7281	  173.1070
10.931	 3.45	 3	 -41.7120	  174.3758
10.933	 2.44	 1	 -42.6308	  173.0556
10.933	 2.18	 1	 -42.2154	  173.7075
10.934	 2.77	 4	 -41.7177	  174.3767
10.936	 2.45	 1	 -42.4887	  172.0649
10.936	 2.51	 2	 -42.3455	  172.9146
10.938	 2.41	 1	 -41.7109	  174.2575
10.939	 2.03	 1	 -39.9629	  174.5744
10.939	 2.01	 2	 -40.2884	  174.4638
10.940	 2.19	 1	 -42.4268	  173.4486
10.942	 2.26	 3	 -41.7066	  174.2768
10.943	 2.79	 3	 -42.8702	  172.9928
10.944	 2.84	 3	 -41.7363	  174.4947
10.946	 2.49	 1	 -41.7202	  174.4075
10.946	 2.19	 2	 -41.5757	  174.3846
10.947	 2.08	 1	 -41.9740	  172.7556
10.949	 2.09	 2	 -43.1190	  173.0586
10.950	 2.36	 2	 -42.6368	  173.2774
10.954	 2.65	 1	 -41.9170	  174.1274
10.957	 3.25	 2	 -42.4199	  173.2551
10.958	 2.14	 1	 -42.5862	  173.0122
10.959	 2.75	 1	 -42.0519	  172.7661
10.959	 2.11	 1	 -41.7400	  174.1747
10.960	 2.09	 2	 -42.3015	  173.4258
10.960	 2.13	 3	 -42.0332	  173.7283
10.963	 2.08	 2	 -42.7859	  173.4692
10.964	 3.62	 1	 -41.7184	  174.2647
10.966	 2.52	 2	 -39.7875	  172.6229
10.966	 2.27	 1	 -42.4436	  173.1671
10.966	 2.03	 1	 -41.6961	  174.2526
10.967	 2.30	 2	 -42.8195	  173.0711
10.968	 3.15	 3	 -41.6920	  174.2010
10.969	 2.08	 1	 -42.0197	  173.8818
10.970	 2.13	 1	 -42.5923	  173.1239
10.970	 2.11	 1	 -42.4592	  173.1622
10.972	 3.17	 1	 -42.4238	  173.5066
10.973	 2.42	 1	 -42.5196	  172.9927
10.974	 2.67	 2	 -42.7462	  173.6979
10.974	 2.19	 1	 -42.9622	  173.0355
10.975	 2.26	 1	 -42.4898	  173.1056
10.977	 2.21	 1	 -42.5954	  172.9942
10.978	 2.16	 2	 -42.9800	  173.1733
10.978	 2.18	 2	 -42.9476	  172.9771
10.980	 2.01	 1	 -41.7581	  174.1616
10.980	 2.33	 1	 -42.1521	  173.8106
10.982	 2.06	 1	 -42.8656	  172.7719
10.985	 2.89	 1	 -43.3840	  173.7815
10.986	 2.61	 3	 -42.8354	  173.3434
10.986	 2.17	 1	 -42.4693	  172.8382
10.987	 2.56	 1	 -42.3077	  174.1037
10.988	 2.50	 1	 -41.8586	  173.9511
10.989	 2.06	 1	 -42.3503	  173.0619
10.989	 2.16	 4	 -41.6372	  174.0472
10.990	 2.01	 2	 -40.2025	  174.3117
10.994	 2.00	 1	 -41.6783	  174.2928
10.994	 2.65	 3	 -42.7380	  173.6991
10.994	 2.05	 3	 -42.6137	  172.9771
10.994	 2.37	 2	 -42.8641	  173.2922
10.996	 2.03	 1	 -41.7930	  174.2426
10.998	 2.05	 1	 -44.1349	  176.1564
11.000	 2.58	 1	 -46.3878	  176.8031
11.001	 2.00	 1	 -41.8972	  173.7862
11.001	 2.08	 2	 -42.8050	  174.8070
11.003	 2.36	 1	 -41.6576	  173.2486
11.004	 2.58	 4	 -42.6748	  173.2860
11.005	 2.06	 1	 -42.5142	  173.4423
11.005	 2.18	 3	 -41.6893	  174.2718
11.007	 2.17	 1	 -42.3096	  174.1752
11.007	 2.21	 1	 -42.4010	  174.1140
11.008	 2.04	 2	 -41.8111	  174.2581
11.008	 2.14	 1	 -41.7634	  174.2699
11.009	 2.13	 1	 -42.2274	  172.8016
11.011	 2.13	 3	 -42.7736	  172.9615
11.011	 2.57	 1	 -41.7116	  174.2327
11.012	 2.01	 1	 -42.6259	  174.0504
11.015	 2.45	 2	 -42.5311	  173.3024
11.016	 2.77	 2	 -41.7781	  174.2687
11.017	 2.72	 1	 -41.8363	  174.1765
11.018	 3.20	 1	 -41.6837	  174.2422
11.018	 2.00	 1	 -41.9008	  174.2193
11.019	 2.90	 3	 -42.6645	  173.0600
11.021	 2.05	 1	 -41.6797	  174.3076
11.021	 2.25	 1	 -41.6979	  174.1434
11.021	 2.42	 2	 -41.7097	  174.1533
11.021	 2.07	 2	 -42.7899	  173.3596
11.024	 2.26	 2	 -41.9421	  173.6710
11.026	 2.31	 1	 -42.5950	  172.7259
11.027	 2.14	 3	 -41.1806	  172.2054
11.027	 2.23	 2	 -42.6349	  173.2757
11.029	 2.22	 1	 -42.1602	  173.8422
11.030	 3.14	 1	 -42.2600	  173.7679
11.031	 2.28	 1	 -42.7640	  172.8371
11.033	 2.57	 2	 -41.8069	  174.2874
11.034	 2.05	 3	 -41.4829	  174.0109
11.034	 2.27	 1	 -42.7054	  172.8377
11.035	 2.01	 3	 -44.2004	  172.6052
11.036	 2.49	 1	 -42.4973	  173.2979
11.036	 2.26	 3	 -41.7060	  174.2391
11.039	 2.84	 1	 -41.7851	  174.3094
11.040	 2.08	 1	 -42.3872	  172.6309
11.040	 2.07	 2	 -42.7010	  173.0571
11.041	 2.18	 2	 -44.1746	  173.1359
11.041	 2.18	 1	 -42.4381	  173.5196
11.044	 2.12	 2	 -42.3784	  172.9633
11.045	 2.05	 1	 -43.6346	  175.9856
11.048	 2.35	 2	 -46.9694	  170.9666
11.049	 2.07	 3	 -41.6752	  174.2512
11.050	 2.03	 1	 -42.1074	  173.7487
11.050	 2.06	 3	 -42.5967	  173.1453
11.052	 2.14	 2	 -41.6705	  173.7682
11.057	 2.84	 1	 -42.4108	  173.7730
11.058	 2.29	 1	 -41.7845	  172.8955
11.059	 2.26	 1	 -42.5495	  172.9400
11.063	 2.13	 1	 -42.8265	  173.2442
11.066	 2.20	 1	 -42.2103	  173.6099
11.066	 2.17	 1	 -41.7137	  174.3734
11.070	 2.41	 1	 -41.7813	  174.2485
11.072	 2.60	 3	 -42.8048	  173.1198
11.072	 2.67	 1	 -41.7059	  174.2908
11.073	 2.26	 2	 -41.9151	  173.9992
11.073	 2.13	 1	 -41.8701	  174.2168
11.074	 2.38	 2	 -42.8202	  174.4197
11.076	 2.06	 2	 -42.5930	  172.9183
11.078	 2.39	 1	 -42.1352	  173.2266
11.079	 2.57	 1	 -41.7650	  174.2782
11.081	 2.11	 3	 -41.7344	  174.2742
11.081	 3.45	 1	 -42.7346	  172.6242
11.082	 2.20	 1	 -42.1667	  173.2198
11.082	 2.06	 3	 -41.6779	  174.2710
11.082	 2.27	 1	 -42.3016	  173.6803
11.083	 2.95	 1	 -42.5088	  173.4686
11.085	 2.73	 2	 -42.5713	  173.4608
11.085	 2.08	 1	 -41.7121	  174.2798
11.087	 2.87	 1	 -42.4204	  173.5372
11.087	 2.15	 2	 -42.1748	  173.5198
11.088	 2.19	 1	 -43.0651	  172.9671
11.089	 2.47	 3	 -42.7818	  173.1638
11.090	 3.46	 3	 -39.6729	  178.3302
11.090	 2.13	 1	 -42.3340	  173.7154
11.091	 2.47	 1	 -40.4909	  174.7784
11.093	 2.32	 1	 -42.7286	  172.7591
11.093	 2.67	 1	 -42.2915	  173.1017
11.093	 2.26	 1	 -41.6996	  174.2948
11.094	 3.96	 1	 -41.7156	  174.1356
11.094	 2.27	 3	 -41.6749	  174.0766
11.095	 2.03	 4	 -39.6580	  178.3316
11.096	 2.17	 1	 -40.5154	  176.2303
11.099	 3.75	 1	 -42.3711	  173.6775
11.099	 2.69	 2	 -42.9838	  172.5227
11.100	 2.17	 1	 -42.6757	  173.2186
11.101	 2.37	 3	 -41.7027	  174.2875
11.102	 2.04	 1	 -42.8223	  173.2201
11.103	 2.32	 2	 -42.9335	  172.7165
11.105	 3.57	 2	 -40.2444	  174.4372
11.109	 2.69	 2	 -42.4134	  172.6483
11.110	 2.44	 1	 -42.7069	  172.7488
11.111	 2.06	 1	 -42.2109	  173.8907
11.113	 2.88	 2	 -42.8193	  173.1910
11.113	 2.14	 2	 -43.0073	  172.9834
11.115	 2.27	 1	 -42.5351	  172.8399
11.116	 2.50	 1	 -42.5168	  173.3012
11.117	 2.31	 2	 -41.7015	  174.1632
11.118	 2.55	 3	 -41.7171	  174.2679
11.118	 2.55	 1	 -42.0985	  172.2800
11.120	 2.77	 1	 -42.1531	  173.6831
11.121	 2.04	 4	 -41.6182	  174.0784
11.121	 3.28	 2	 -42.8795	  173.1445
11.121	 2.02	 1	 -38.2900	  172.6263
11.123	 2.27	 1	 -42.2369	  173.2757
11.123	 2.54	 1	 -42.2280	  173.6170
11.123	 2.06	 2	 -40.3754	  174.4254
11.125	 3.45	 3	 -38.9620	  175.8820
11.128	 2.18	 4	 -41.6231	  174.1177
11.129	 2.20	 1	 -43.1097	  173.6654
11.129	 2.10	 1	 -42.9987	  172.6081
11.129	 2.41	 1	 -42.4554	  173.7641
11.133	 2.52	 1	 -41.9721	  174.1004
11.134	 2.12	 3	 -41.9859	  173.5309
11.136	 3.68	 1	 -42.4532	  173.3434
11.137	 2.21	 1	 -42.3020	  173.7857
11.142	 2.26	 1	 -42.7295	  172.8548
11.144	 2.02	 3	 -41.7260	  174.1456
11.147	 2.05	 1	 -41.7596	  173.3114
11.147	 2.33	 1	 -39.8350	  172.8443
11.148	 2.33	 2	 -42.6581	  173.1480
11.153	 2.49	 1	 -42.9185	  172.3347
11.154	 3.50	 1	 -42.2748	  173.8147
11.156	 2.06	 2	 -42.4998	  172.7976
11.156	 2.20	 2	 -40.4349	  174.5678
11.157	 3.63	 2	 -43.0742	  173.9915
11.157	 2.48	 1	 -41.7017	  174.2517
11.158	 2.70	 1	 -42.1439	  173.5906
11.159	 2.95	 1	 -42.2269	  173.7992
11.160	 2.02	 3	 -46.4742	  169.3404
11.160	 2.11	 1	 -41.6779	  174.3000
11.161	 2.64	 1	 -42.3681	  173.8912
11.161	 2.00	 3	 -43.0677	  173.9816
11.162	 2.27	 1	 -41.9617	  172.5755
11.162	 2.10	 2	 -39.7959	  172.8818
11.162	 2.02	 1	 -42.5968	  172.8401
11.164	 2.25	 1	 -41.6915	  173.7955
11.164	 2.14	 1	 -41.7015	  174.2569
11.165	 2.18	 2	 -42.4553	  173.8551
11.167	 2.27	 2	 -42.1891	  173.7524
11.168	 2.46	 2	 -42.3079	  173.9073
11.169	 2.40	 4	 -38.9885	  175.9035
11.171	 2.68	 3	 -41.6868	  174.2333
11.172	 2.51	 1	 -42.1855	  173.7983
11.172	 2.48	 1	 -41.8826	  174.2752
11.173	 2.69	 2	 -42.5495	  172.9409
11.174	 2.41	 2	 -42.6948	  173.6693
11.174	 2.42	 2	 -41.7704	  174.0341
11.174	 2.03	 1	 -42.4782	  173.8582
11.174	 2.09	 1	 -42.3754	  173.6911
11.175	 2.75	 1	 -42.3572	  173.8896
11.176	 3.24	 3	 -42.1497	  173.5675
11.177	 2.37	 3	 -42.9334	  172.9820
11.178	 2.10	 1	 -42.4827	  173.8432
11.178	 2.02	 1	 -41.8038	  174.4351
11.180	 2.03	 3	 -41.7287	  174.2270
11.180	 2.14	 1	 -42.2748	  173.0479
11.184	 2.01	 1	 -42.6889	  174.4494
11.184	 2.66	 1	 -41.8072	  174.1371
11.186	 2.82	 2	 -41.8763	  173.9900
11.186	 2.05	 1	 -42.5283	  173.8634
11.187	 3.22	 2	 -41.8446	  174.3274
11.189	 2.63	 2	 -40.3148	  174.4576
11.189	 2.45	 2	 -43.0124	  172.5412
11.192	 2.55	 1	 -42.2444	  173.8005
11.193	 2.01	 1	 -42.2071	  173.6949
11.195	 2.21	 2	 -42.6927	  173.5181
11.195	 2.60	 4	 -41.6057	  174.1533
11.196	 2.20	 1	 -42.3741	  173.5745
11.197	 2.15	 3	 -41.7444	  174.4153
11.198	 4.21	 3	 -41.6067	  174.3171
11.198	 2.48	 3	 -41.5654	  174.0166
11.199	 2.38	 1	 -42.7558	  172.9718
11.199	 3.52	 1	 -41.9849	  173.8525
11.200	 2.00	 1	 -42.0098	  173.6666
11.201	 2.39	 1	 -41.7452	  174.2788
11.201	 2.55	 1	 -42.3235	  173.6630
11.203	 2.50	 1	 -42.2414	  173.8477
11.204	 2.02	 3	 -42.3847	  173.5813
11.205	 2.05	 1	 -42.3892	  173.5695
11.206	 2.88	 2	 -41.9629	  173.7695
11.207	 2.13	 2	 -41.3835	  173.1801
11.208	 2.49	 1	 -41.7702	  174.2725
11.210	 3.02	 2	 -42.1634	  173.5082
11.210	 2.52	 1	 -42.2489	  173.6149
11.211	 2.25	 2	 -42.8532	  173.3848
11.212	 2.02	 3	 -41.5459	  174.1957
11.215	 2.21	 1	 -41.7876	  174.1422
11.222	 2.97	 2	 -42.2035	  173.8598
11.225	 2.01	 1	 -42.4594	  173.1151
11.226	 2.54	 1	 -41.6275	  174.1648
11.228	 2.03	 3	 -40.2463	  174.4103
11.228	 2.44	 1	 -42.2499	  173.6280
11.236	 2.08	 1	 -42.5103	  173.3604
11.236	 2.36	 1	 -41.8038	  174.0381
11.237	 2.01	 3	 -43.0789	  173.1993
11.238	 2.32	 1	 -41.5287	  167.6763
11.238	 2.31	 2	 -42.4872	  173.1859
11.238	 2.04	 1	 -42.3578	  174.0249
11.238	 2.17	 1	 -42.5469	  173.9991
11.240	 2.04	 1	 -41.5922	  174.2495
11.241	 2.17	 3	 -41.6572	  174.2187
11.241	 3.21	 1	 -42.0241	  173.7736
11.242	 2.18	 4	 -42.8059	  173.1141
11.242	 2.77	 1	 -42.4799	  173.1740
11.242	 2.34	 1	 -44.8460	  171.8123
11.244	 2.27	 1	 -42.4283	  173.7358
11.245	 2.99	 3	 -42.5324	  172.9839
11.245	 2.07	 1	 -42.5210	  173.3830
11.245	 2.13	 1	 -42.6897	  172.7707
11.248	 2.23	 2	 -42.0914	  173.2787
11.250	 2.10	 1	 -41.6958	  174.2536
11.253	 3.02	 1	 -42.4583	  173.0445
11.254	 3.11	 1	 -41.7489	  174.2868
11.254	 2.16	 1	 -43.3463	  173.3547
11.257	 2.05	 2	 -42.3232	  173.8515
11.259	 2.18	 1	 -41.7570	  174.3413
11.260	 2.11	 3	 -42.3068	  173.3261
11.261	 2.44	 1	 -43.1177	  173.2031
11.263	 2.67	 1	 -41.9792	  174.0693
11.264	 2.24	 3	 -42.7330	  172.8181
11.264	 2.81	 3	 -42.2955	  173.7385
11.265	 2.30	 1	 -41.7463	  174.5654
11.265	 2.04	 1	 -41.6056	  174.4154
11.267	 2.22	 1	 -42.9143	  172.5114
11.269	 2.07	 1	 -41.7793	  174.0088
11.271	 2.24	 1	 -41.8103	  172.9031
11.273	 3.12	 1	 -41.9888	  173.6552
11.274	 2.69	 1	 -44.2844	  173.1898
11.276	 2.24	 1	 -41.6586	  174.1963
11.276	 2.44	 3	 -42.4651	  173.7208
11.279	 2.15	 1	 -42.6699	  172.8749
11.280	 3.48	 3	 -43.0566	  173.9808
11.281	 2.34	 1	 -41.7305	  174.2944
11.283	 2.23	 2	 -42.0350	  174.0045
11.283	 2.24	 1	 -42.6859	  172.9851
11.284	 2.53	 2	 -40.4057	  174.8257
11.285	 2.21	 1	 -42.3318	  174.0456
11.286	 2.31	 2	 -42.3323	  174.0776
11.287	 2.83	 2	 -42.7378	  172.6256
11.287	 2.02	 1	 -42.0731	  174.0969
11.288	 2.32	 1	 -42.0298	  173.5602
11.288	 2.93	 1	 -42.0029	  173.9714
11.291	 2.22	 2	 -42.8528	  173.3614
11.292	 2.21	 3	 -41.8689	  174.3346
11.298	 2.09	 1	 -42.8197	  172.9463
11.300	 2.28	 1	 -42.8660	  173.1099
11.301	 2.32	 1	 -42.5814	  173.3552
11.301	 2.20	 1	 -42.1470	  173.6405
11.302	 2.99	 1	 -42.3414	  173.6876
11.303	 2.12	 3	 -41.7037	  174.2275
11.303	 2.09	 1	 -40.2587	  172.7271
11.304	 2.21	 2	 -42.4713	  172.3474
11.304	 2.11	 3	 -42.4643	  173.4032
11.304	 2.33	 3	 -41.7466	  174.3269
11.305	 2.36	 1	 -41.7799	  174.2848
11.307	 2.20	 2	 -42.3436	  174.1107
11.308	 2.09	 1	 -42.0752	  173.7713
11.308	 2.26	 1	 -42.7194	  172.9296
11.309	 2.01	 2	 -43.0483	  173.6651
11.310	 2.19	 2	 -43.0037	  173.8414
11.311	 2.30	 2	 -41.9656	  173.5811
11.311	 2.33	 2	 -40.2789	  172.3333
11.312	 2.02	 2	 -42.0744	  173.7384
11.312	 3.08	 3	 -42.5331	  173.4852
11.314	 2.07	 2	 -42.5610	  173.0737
11.314	 2.01	 1	 -42.7683	  172.8613
11.314	 2.20	 2	 -42.7087	  172.7474
11.314	 2.28	 2	 -42.4369	  173.6578
11.315	 2.13	 1	 -42.1371	  173.8594
11.315	 3.00	 1	 -42.2007	  173.4305
11.316	 2.29	 4	 -43.0391	  174.0073
11.319	 2.00	 1	 -42.1525	  173.6015
11.320	 2.16	 1	 -42.3820	  173.9545
11.321	 2.59	 3	 -41.7022	  174.2740
11.321	 2.48	 1	 -42.6238	  172.8817
11.324	 2.08	 1	 -42.7947	  172.4399
11.325	 2.03	 1	 -41.6563	  174.2753
11.325	 2.03	 1	 -42.4090	  173.0644
11.326	 2.04	 1	 -42.0181	  173.6475
11.326	 2.83	 1	 -41.7389	  174.2702
11.327	 2.45	 3	 -41.9972	  173.4818
11.327	 2.63	 1	 -41.9666	  173.9660
11.328	 2.08	 1	 -42.4838	  173.1641
11.329	 2.30	 1	 -42.5001	  174.2637
11.330	 2.82	 1	 -41.7359	  174.2848
11.330	 2.12	 4	 -42.3531	  173.4383
11.331	 3.41	 1	 -42.4109	  173.7464
11.333	 2.95	 1	 -42.7193	  172.9191
11.333	 2.45	 2	 -42.7421	  173.3625
11.334	 2.81	 1	 -42.7834	  173.1967
11.335	 2.04	 1	 -42.6747	  172.8889
11.339	 2.23	 1	 -42.7140	  172.9518
11.339	 2.64	 1	 -42.6385	  173.0549
11.339	 2.51	 3	 -42.8744	  173.3777
11.341	 2.89	 2	 -45.6599	  171.5773
11.341	 2.11	 1	 -42.6536	  173.2241
11.344	 2.56	 1	 -41.6897	  174.2277
11.345	 2.25	 1	 -42.4370	  174.1700
11.345	 2.18	 1	 -43.0222	  173.2059
11.345	 2.14	 1	 -42.6271	  173.1804
11.346	 3.17	 1	 -42.3897	  170.5680
11.347	 2.64	 2	 -42.9167	  173.0735
11.348	 2.22	 2	 -42.8204	  173.3741
11.352	 2.15	 1	 -41.6463	  174.2643
11.353	 2.06	 1	 -42.7463	  172.7507
11.355	 2.05	 3	 -41.6720	  174.2576
11.355	 2.30	 2	 -42.1634	  173.7301
11.357	 2.16	 1	 -41.6669	  174.2058
11.358	 2.11	 1	 -41.6857	  174.4185
11.359	 2.46	 1	 -41.8352	  174.5815
11.360	 2.01	 1	 -42.4803	  172.4722
11.362	 2.20	 1	 -42.2829	  173.6821
11.363	 2.47	 1	 -42.1356	  173.6677
11.364	 2.05	 4	 -41.6365	  174.1107
11.366	 2.02	 2	 -41.9215	  173.2966
11.368	 2.00	 1	 -41.9946	  173.7209
11.368	 2.11	 1	 -42.0536	  172.9554
11.369	 2.09	 1	 -42.6706	  173.1082
11.369	 2.04	 3	 -41.7053	  174.2678
11.370	 2.08	 1	 -42.7078	  173.1410
11.370	 2.24	 1	 -42.6875	  173.0708
11.371	 2.01	 1	 -41.6819	  174.2351
11.372	 2.36	 1	 -42.3171	  173.7251
11.374	 3.00	 2	 -40.2725	  174.4164
11.375	 2.45	 2	 -42.3922	  173.5653
11.375	 2.27	 3	 -39.6859	  178.3361
11.379	 3.32	 3	 -42.5809	  173.2305
11.380	 2.86	 1	 -42.6242	  172.8333
11.380	 3.98	 2	 -42.1616	  172.8409
11.382	 2.08	 1	 -42.3085	  175.0397
11.382	 2.15	 2	 -42.5620	  173.3325
11.386	 2.06	 1	 -42.7117	  174.0043
11.387	 2.70	 1	 -42.6869	  173.1974
11.387	 2.37	 1	 -42.4731	  173.1358
11.391	 2.15	 2	 -40.3065	  174.4322
11.392	 2.64	 1	 -42.4293	  173.1861
11.395	 2.43	 1	 -41.6751	  174.2133
11.398	 2.09	 1	 -41.6753	  174.2998
11.398	 2.32	 1	 -42.4056	  173.5485
11.401	 2.15	 1	 -42.7688	  173.0184
11.402	 2.44	 1	 -42.2522	  173.6894
11.404	 2.03	 1	 -43.3356	  173.3242
11.410	 2.26	 1	 -42.4641	  173.9933
11.413	 2.19	 1	 -42.5153	  173.0987
11.414	 2.35	 2	 -42.7730	  172.8893
11.415	 2.03	 2	 -42.7566	  172.6214
11.415	 2.14	 4	 -41.8681	  174.3338
11.419	 2.45	 1	 -41.6750	  174.1497
11.420	 2.31	 2	 -42.7811	  173.2304
11.420	 2.10	 1	 -41.7725	  174.2599
11.421	 2.05	 2	 -42.8438	  167.1242
11.421	 2.46	 1	 -41.8293	  174.2039
11.423	 3.05	 1	 -42.3342	  173.8041
11.423	 2.61	 1	 -41.9398	  173.7012
11.425	 2.04	 1	 -41.8159	  173.7976
11.425	 3.22	 1	 -42.6580	  173.1611
11.425	 2.11	 1	 -41.7108	  174.2778
11.427	 2.52	 1	 -42.3261	  173.4541
11.429	 2.06	 2	 -44.6297	  167.6558
11.430	 2.66	 1	 -42.5835	  173.0703
11.432	 2.31	 1	 -42.7504	  172.7743
11.433	 2.64	 3	 -42.9545	  173.0697
11.433	 2.08	 1	 -42.5115	  173.1657
11.433	 3.05	 2	 -42.2590	  173.7907
11.435	 2.51	 1	 -42.1497	  173.7444
11.436	 2.62	 3	 -41.7678	  174.2569
11.436	 2.20	 2	 -43.0310	  173.0411
11.438	 2.38	 1	 -42.4596	  173.2390
11.440	 2.48	 1	 -44.5921	  178.5673
11.440	 2.41	 1	 -42.5976	  172.9538
11.440	 2.07	 3	 -42.3703	  173.1797
11.444	 2.37	 1	 -41.9757	  173.6528
11.445	 2.50	 2	 -42.4804	  173.1701
11.446	 2.08	 3	 -41.7331	  174.5649
11.446	 2.98	 2	 -42.4906	  173.3349
11.449	 3.19	 2	 -42.6827	  173.0770
11.449	 2.47	 1	 -42.4295	  173.1787
11.449	 2.04	 3	 -43.0278	  172.9450
11.449	 2.05	 1	 -41.9629	  173.9893
11.451	 2.12	 2	 -42.2494	  173.6025
11.452	 2.54	 1	 -41.4826	  174.0061
11.452	 3.28	 4	 -41.6339	  174.0760
11.454	 2.28	 3	 -41.7168	  174.2976
11.455	 2.49	 1	 -43.0904	  174.0161
11.458	 2.84	 1	 -43.8320	  173.2648
11.458	 2.66	 1	 -42.5422	  172.9700
11.460	 2.61	 3	 -46.3464	  169.4770
11.460	 2.03	 1	 -41.6892	  174.2172
11.464	 5.27	 3	 -43.2764	  173.5046
11.466	 2.30	 2	 -42.8040	  173.6808
11.467	 2.02	 4	 -43.2821	  173.5070
11.469	 2.25	 3	 -41.6973	  174.2993
11.471	 2.07	 1	 -42.2251	  173.9109
11.472	 2.32	 4	 -43.2968	  173.4950
11.473	 2.15	 3	 -42.9869	  173.0938
11.473	 2.18	 1	 -41.8743	  173.9603
11.474	 2.14	 1	 -42.9614	  173.1958
11.474	 2.64	 1	 -42.7868	  172.9796
11.476	 2.10	 4	 -43.2827	  173.5369
11.477	 2.43	 1	 -43.4726	  171.7477
11.479	 2.41	 2	 -43.1135	  173.1569
11.479	 2.21	 2	 -41.5896	  174.0323
11.479	 2.48	 1	 -41.5612	  176.7326
11.481	 2.65	 1	 -42.0975	  172.9126
11.483	 3.20	 1	 -42.8262	  173.5576
11.483	 2.03	 1	 -43.3444	  173.4152
11.484	 2.60	 1	 -42.3028	  173.5665
11.487	 2.09	 2	 -41.4339	  173.6846
11.487	 2.28	 1	 -42.5111	  173.9746
11.490	 2.22	 1	 -42.6380	  172.8786
11.490	 2.20	 1	 -42.0733	  173.7459
11.490	 2.06	 4	 -43.6144	  174.8806
11.490	 2.12	 1	 -42.8364	  174.1931
11.496	 2.04	 2	 -42.6513	  173.5490
11.496	 2.56	 2	 -42.6901	  172.7705
11.497	 2.05	 1	 -41.9078	  174.2287
11.497	 2.24	 1	 -42.2923	  173.5440
11.498	 2.41	 2	 -42.5655	  172.6525
11.499	 2.03	 3	 -43.7921	  170.0811
11.500	 2.01	 4	 -43.2670	  173.5226
11.500	 2.76	 4	 -43.4520	  173.7912
11.501	 2.26	 3	 -42.2348	  173.1870
11.501	 2.01	 1	 -42.6349	  173.0140
11.502	 2.13	 4	 -43.2880	  173.4841
11.504	 2.59	 3	 -42.0172	  173.7616
11.504	 2.64	 1	 -41.9474	  173.7166
11.505	 2.04	 2	 -42.6138	  172.8423
11.505	 2.26	 1	 -42.7443	  172.9243
11.506	 3.11	 3	 -42.0389	  173.7119
11.506	 2.50	 1	 -42.3913	  173.3946
11.508	 2.29	 1	 -41.7860	  174.2571
11.508	 2.61	 1	 -42.0252	  173.6225
11.508	 2.07	 4	 -43.2467	  173.5504
11.510	 2.46	 4	 -43.2539	  173.5113
11.510	 2.94	 2	 -42.2389	  173.7548
11.510	 3.66	 1	 -42.0463	  174.0116
11.513	 2.26	 3	 -42.8004	  172.9788
11.513	 2.30	 3	 -42.4804	  173.3899
11.514	 2.36	 4	 -43.2813	  173.4939
11.515	 2.22	 1	 -42.6745	  172.8578
11.515	 2.38	 1	 -41.9455	  174.1919
11.515	 2.26	 1	 -42.5550	  173.0430
11.516	 2.19	 1	 -42.8148	  173.0488
11.518	 2.59	 1	 -42.4428	  173.1610
11.518	 2.52	 2	 -41.9581	  173.7813
11.519	 2.17	 4	 -43.2507	  173.4289
11.520	 3.91	 1	 -42.1667	  173.5806
11.520	 2.39	 2	 -43.1230	  173.5458
11.521	 2.25	 2	 -42.5053	  174.2637
11.522	 2.81	 1	 -42.8584	  172.9274
11.523	 2.22	 1	 -41.6503	  174.1923
11.523	 2.77	 3	 -41.6717	  174.2405
11.524	 2.52	 4	 -46.3393	  169.4660
11.525	 2.95	 1	 -42.6723	  172.9024
11.526	 2.17	 1	 -42.9871	  173.1155
11.527	 2.31	 3	 -40.3045	  174.4690
11.527	 2.74	 1	 -42.0058	  173.7554
11.527	 2.12	 3	 -41.6996	  174.2390
11.528	 2.23	 1	 -42.7278	  172.9791
11.529	 2.29	 1	 -42.6966	  173.4777
11.530	 3.38	 4	 -43.2938	  173.4512
11.531	 2.64	 1	 -39.6493	  171.9769
11.531	 2.31	 2	 -42.1667	  173.5730
11.531	 2.26	 1	 -42.2871	  173.8466
11.532	 2.01	 3	 -41.7329	  174.3342
11.534	 2.06	 3	 -42.4713	  173.4204
11.535	 2.37	 4	 -43.2802	  173.5496
11.536	 2.08	 2	 -42.5911	  173.4907
11.536	 2.12	 2	 -43.3011	  174.8303
11.536	 2.23	 2	 -42.7467	  173.0035
11.537	 2.20	 1	 -42.1592	  173.4069
11.538	 2.51	 1	 -41.9495	  173.6761
11.538	 2.23	 2	 -42.7627	  173.2657
11.539	 2.23	 2	 -42.8562	  173.2238
11.539	 2.39	 2	 -42.4723	  173.0131
11.542	 2.16	 1	 -42.4943	  173.2576
11.543	 2.14	 1	 -41.2658	  175.0396
11.543	 2.13	 2	 -42.8381	  173.2964
11.546	 2.24	 3	 -42.4613	  173.4519
11.548	 2.00	 1	 -42.0986	  172.8987
11.548	 3.27	 3	 -42.6814	  173.0991
11.549	 2.50	 4	 -41.8722	  174.2738
11.549	 2.17	 4	 -38.9630	  175.8780
11.551	 2.04	 2	 -42.1453	  173.7216
11.553	 2.18	 5	 -42.4912	  173.4111
11.553	 2.56	 2	 -42.8081	  173.0952
11.554	 3.05	 4	 -43.2768	  173.5198
11.555	 2.44	 3	 -42.6023	  172.8321
11.556	 2.11	 4	 -43.2241	  173.4247
11.556	 3.11	 1	 -42.4830	  173.6929
11.559	 2.29	 3	 -41.7393	  174.2986
11.560	 2.03	 1	 -42.5626	  172.8676
11.560	 2.20	 3	 -42.8702	  173.2718
11.562	 2.11	 1	 -42.6440	  172.9808
11.564	 2.06	 2	 -41.6849	  174.2174
11.565	 2.56	 2	 -42.8099	  173.1630
11.568	 2.24	 2	 -41.8572	  173.9484
11.569	 2.51	 1	 -42.3814	  173.9604
11.569	 2.06	 1	 -41.9706	  173.8064
11.569	 2.02	 1	 -42.7245	  173.2269
11.570	 2.18	 1	 -42.1098	  173.7821
11.572	 2.62	 4	 -43.2203	  173.4863
11.575	 2.01	 1	 -42.0220	  173.4207
11.575	 2.23	 1	 -41.7325	  174.3410
11.576	 2.12	 4	 -43.4151	  173.4952
11.578	 2.74	 3	 -41.7043	  174.2578
11.579	 2.36	 2	 -42.7315	  173.2648
11.581	 2.99	 3	 -43.3942	  175.4273
11.582	 2.47	 1	 -42.3955	  173.3544
11.582	 2.44	 3	 -41.7583	  174.1414
11.582	 2.35	 4	 -43.0275	  172.9438
11.586	 2.01	 1	 -42.1066	  172.7730
11.586	 3.10	 1	 -42.3651	  173.1477
11.586	 2.49	 4	 -43.3076	  173.6141
11.591	 2.25	 1	 -46.4029	  176.4783
11.592	 2.74	 3	 -42.6484	  172.8224
11.594	 2.25	 3	 -42.7164	  172.3670
11.594	 2.09	 1	 -42.2123	  173.5761
11.595	 2.21	 1	 -41.7312	  174.3774
11.596	 2.42	 2	 -42.7832	  172.9821
11.597	 2.13	 1	 -42.5551	  168.7864
11.597	 2.28	 3	 -42.4606	  173.2519
11.601	 2.48	 3	 -42.3706	  173.3668
11.604	 2.07	 2	 -42.6679	  172.9214
11.605	 2.29	 2	 -42.5968	  173.2335
11.605	 2.16	 3	 -41.6835	  174.2872
11.606	 2.38	 1	 -42.4487	  173.8747
11.606	 2.73	 1	 -42.7292	  173.1495
11.606	 2.52	 1	 -42.6684	  173.0041
11.607	 2.22	 2	 -40.4538	  174.4031
11.609	 2.11	 3	 -42.0874	  173.3843
11.610	 2.37	 1	 -42.0555	  173.5622
11.611	 2.08	 2	 -45.4129	  174.8841
11.612	 2.22	 2	 -41.9086	  172.6126
11.613	 2.57	 4	 -46.3440	  169.4755
11.616	 2.03	 3	 -41.7233	  174.2704
11.616	 2.28	 1	 -41.7288	  174.2350
11.617	 2.11	 3	 -41.8378	  174.5925
11.618	 3.49	 1	 -41.2296	  174.0308
11.619	 2.61	 1	 -42.0309	  173.7204
11.621	 2.70	 4	 -43.2531	  173.5417
11.622	 2.25	 3	 -42.6411	  173.7534
11.622	 2.12	 1	 -42.2468	  173.6460
11.623	 3.21	 1	 -42.4975	  173.0764
11.624	 2.71	 1	 -43.0954	  173.0325
11.624	 2.81	 1	 -42.0935	  172.2782
11.626	 2.85	 4	 -43.2903	  173.5162
11.628	 2.12	 1	 -42.2948	  174.1187
11.628	 2.11	 1	 -41.9850	  170.7979
11.629	 2.04	 2	 -43.0270	  173.6857
11.629	 3.16	 1	 -42.4906	  173.5872
11.629	 2.93	 1	 -41.6807	  174.2192
11.631	 2.33	 1	 -42.3717	  173.4828
11.631	 2.25	 3	 -42.5360	  172.9159
11.631	 2.45	 1	 -41.7974	  174.2046
11.631	 2.84	 3	 -42.4777	  173.5271
11.634	 2.88	 1	 -42.3313	  174.6383
11.634	 2.03	 2	 -44.2951	  174.2659
11.635	 2.69	 1	 -42.2811	  174.0116
11.635	 3.63	 4	 -43.2805	  173.6127
11.637	 2.00	 2	 -42.5445	  173.2719
11.637	 2.33	 2	 -42.4062	  173.1261
11.638	 2.66	 1	 -42.7189	  172.9397
11.638	 2.77	 2	 -42.3174	  173.7656
11.639	 2.14	 1	 -42.7480	  174.0036
11.640	 2.03	 5	 -43.2842	  173.4686
11.642	 2.03	 4	 -43.2879	  173.5193
11.643	 2.08	 1	 -42.3208	  173.6451
11.643	 2.15	 1	 -41.7356	  174.2135
11.643	 2.18	 1	 -42.6268	  173.1989
11.646	 2.27	 2	 -42.8193	  173.3569
11.648	 3.94	 1	 -43.0252	  173.0620
11.650	 2.13	 1	 -42.6212	  173.0862
11.651	 2.28	 1	 -42.1550	  173.4008
11.651	 2.04	 1	 -42.6399	  173.1887
11.652	 2.01	 2	 -42.5201	  172.9326
11.653	 2.44	 3	 -41.7124	  174.2349
11.654	 3.82	 1	 -42.6495	  173.1096
11.654	 2.24	 3	 -42.0200	  173.4281
11.657	 2.12	 1	 -42.2502	  173.7272
11.657	 4.24	 1	 -41.7754	  174.5213
11.657	 2.51	 2	 -41.7263	  173.5497
11.658	 2.13	 1	 -42.7644	  172.7249
11.660	 2.22	 1	 -42.3356	  173.7168
11.660	 2.09	 2	 -42.5264	  172.9606
11.661	 3.17	 1	 -44.7555	  171.0435
11.662	 2.21	 3	 -42.8821	  173.1540
11.662	 2.08	 1	 -42.2122	  174.0738
11.662	 2.54	 4	 -42.5388	  173.4880
11.663	 2.28	 2	 -41.7882	  174.2708
11.665	 2.14	 2	 -42.5383	  172.8398
11.665	 2.49	 4	 -43.3095	  173.5617
11.665	 2.20	 2	 -43.0351	  172.9927
11.666	 2.09	 1	 -42.5857	  172.9355
11.666	 2.35	 1	 -41.7347	  174.2981
11.669	 2.13	 1	 -42.3211	  173.8977
11.670	 2.37	 1	 -42.5165	  173.8967
11.673	 2.15	 1	 -41.6947	  174.3002
11.674	 3.36	 1	 -41.7316	  174.2097
11.676	 2.49	 1	 -42.7647	  173.8475
11.676	 2.23	 1	 -41.7279	  174.3357
11.678	 2.10	 3	 -42.2311	  172.8254
11.679	 2.59	 1	 -42.1863	  173.5649
11.681	 2.06	 1	 -42.3606	  173.0644
11.682	 2.21	 1	 -42.6964	  172.9068
11.682	 2.19	 2	 -41.7035	  174.2058
11.682	 2.02	 4	 -43.3232	  173.2978
11.692	 3.81	 4	 -42.6651	  173.0598
11.694	 2.29	 1	 -42.3951	  173.8217
11.694	 3.04	 1	 -42.1250	  173.7710
11.695	 2.22	 3	 -42.4175	  173.5187
11.696	 2.43	 1	 -42.4492	  174.2678
11.698	 2.72	 1	 -42.0443	  173.7411
11.701	 2.03	 1	 -42.1965	  173.8105
11.704	 2.58	 1	 -43.4400	  175.4082
11.705	 2.85	 2	 -42.3280	  173.5300
11.705	 2.86	 1	 -42.4238	  174.0706
11.705	 2.00	 2	 -42.3683	  173.2366
11.706	 2.77	 1	 -42.5315	  174.5328
11.706	 2.61	 3	 -42.6092	  172.8141
11.706	 2.27	 3	 -43.0702	  173.2169
11.707	 2.40	 3	 -42.4839	  173.3107
11.707	 3.40	 2	 -40.2952	  174.4179
11.709	 2.22	 1	 -42.3017	  173.2491
11.710	 2.38	 1	 -42.6079	  173.2160
11.716	 2.69	 2	 -42.8147	  173.0962
11.718	 2.45	 1	 -42.2249	  173.6608
11.720	 2.39	 2	 -42.4230	  173.1342
11.720	 2.30	 4	 -43.2900	  173.5112
11.723	 2.03	 1	 -42.4536	  173.5397
11.723	 2.39	 1	 -42.1523	  173.5081
11.724	 2.84	 4	 -42.2954	  173.7389
11.727	 2.01	 1	 -41.8775	  174.3992
11.727	 2.61	 2	 -42.5709	  173.2022
11.729	 2.08	 1	 -42.4331	  173.4007
11.729	 2.33	 1	 -41.9907	  173.8687
11.729	 2.15	 1	 -42.6310	  173.1338
11.730	 2.38	 1	 -42.6972	  174.4879
11.731	 2.56	 1	 -42.4606	  172.9721
11.732	 2.16	 4	 -42.3329	  173.5222
11.732	 2.83	 1	 -42.4261	  172.7272
11.733	 2.93	 1	 -41.7340	  174.2770
11.736	 2.04	 1	 -43.8105	  172.0483
11.737	 2.83	 3	 -41.6627	  174.2256
11.739	 2.34	 1	 -42.2435	  173.6681
11.739	 2.31	 3	 -42.0396	  173.4032
11.739	 2.16	 2	 -41.7754	  174.5284
11.743	 2.60	 1	 -41.7131	  174.1376
11.743	 2.18	 1	 -41.8216	  174.1880
11.743	 2.07	 2	 -42.4173	  174.2873
11.743	 3.28	 1	 -42.6884	  172.8811
11.745	 3.44	 1	 -42.3524	  173.8897
11.745	 2.17	 2	 -42.3483	  173.9282
11.746	 2.03	 4	 -41.7038	  174.2693
11.747	 2.34	 1	 -42.3347	  173.7047
11.747	 2.15	 3	 -42.5195	  173.3542
11.749	 2.06	 4	 -41.7066	  174.2589
11.751	 2.20	 2	 -42.4016	  172.9768
11.751	 2.46	 2	 -41.8045	  174.0369
11.752	 2.50	 1	 -45.6250	  172.2997
11.754	 2.27	 1	 -42.4754	  173.9774
11.754	 2.97	 1	 -41.6274	  174.2014
11.755	 2.40	 1	 -42.5273	  172.9645
11.757	 2.24	 2	 -42.8592	  173.4170
11.757	 2.18	 1	 -42.2987	  173.6386
11.758	 2.08	 1	 -43.0586	  172.8905
11.758	 3.25	 1	 -41.9520	  174.0773
11.760	 2.48	 4	 -43.2374	  173.5087
11.761	 2.14	 3	 -41.5844	  174.2617
11.764	 2.91	 4	 -43.3148	  175.4433
11.765	 2.68	 2	 -41.7736	  174.5186
11.767	 2.30	 1	 -42.5644	  173.1349
11.768	 2.17	 2	 -42.5884	  173.2678
11.776	 2.46	 1	 -42.7872	  173.7119
11.777	 2.20	 3	 -41.6091	  174.0563
11.779	 2.23	 1	 -42.3086	  173.9143
11.779	 3.20	 1	 -41.7155	  174.2324
11.779	 2.32	 3	 -43.0509	  173.2056
11.784	 2.49	 5	 -41.7136	  174.2740
11.785	 3.07	 1	 -42.4040	  173.1517
11.788	 2.04	 3	 -42.4151	  173.5576
11.788	 2.78	 1	 -41.3658	  175.1042
11.794	 2.13	 3	 -41.7658	  174.1238
11.795	 2.31	 1	 -42.4851	  173.2558
11.796	 2.61	 1	 -42.3337	  173.7703
11.798	 3.17	 2	 -42.5000	  174.2612
11.798	 2.46	 4	 -43.2332	  173.5230
11.801	 2.74	 2	 -42.3938	  170.5531
11.801	 2.24	 2	 -42.6124	  173.3125
11.802	 2.08	 3	 -42.6239	  173.2733
11.804	 2.20	 2	 -42.3973	  173.3300
11.807	 2.19	 5	 -46.3300	  169.4407
11.807	 3.32	 2	 -42.8368	  172.7830
11.807	 2.90	 2	 -42.5017	  173.5682
11.807	 2.23	 3	 -42.5638	  172.9834
11.807	 2.94	 1	 -42.4633	  174.0519
11.808	 2.21	 2	 -42.3087	  173.6954
11.809	 2.67	 2	 -42.6008	  173.6298
11.812	 3.06	 1	 -41.9445	  173.5784
11.815	 2.84	 2	 -42.6521	  173.0992
11.816	 3.06	 1	 -42.2451	  173.8460
11.818	 2.77	 1	 -42.7357	  173.1653
11.818	 2.56	 2	 -41.7692	  174.5634
11.819	 2.64	 1	 -42.5553	  173.1483
11.820	 2.15	 1	 -41.9535	  174.5175
11.820	 2.30	 4	 -43.3045	  173.5242
11.820	 2.10	 1	 -41.9211	  173.6621
11.821	 2.66	 3	 -41.6663	  174.2384
11.824	 2.22	 3	 -43.0145	  173.0174
11.825	 3.30	 4	 -41.6337	  174.0842
11.826	 2.75	 1	 -42.2100	  173.6569
11.828	 2.15	 5	 -41.6505	  174.0762
11.828	 2.13	 1	 -42.1392	  173.6363
11.829	 2.40	 4	 -43.2973	  173.5197
11.829	 2.74	 2	 -40.3077	  174.4202
11.830	 2.84	 2	 -40.3156	  174.4438
11.831	 2.53	 2	 -42.3205	  173.5698
11.832	 2.36	 4	 -43.2785	  173.5156
11.834	 2.66	 1	 -42.7907	  172.9901
11.836	 3.34	 2	 -42.2882	  173.8500
11.838	 2.09	 4	 -43.3026	  173.3229
11.840	 2.43	 1	 -42.6366	  173.2829
11.841	 2.20	 1	 -41.8175	  174.1860
11.842	 2.24	 2	 -42.7538	  173.1702
11.843	 3.40	 4	 -42.4886	  173.3811
11.844	 2.22	 1	 -42.2800	  172.8925
11.845	 2.60	 4	 -43.6803	  173.5716
11.846	 2.26	 1	 -42.0607	  174.1366
11.848	 2.09	 5	 -42.4782	  173.3622
11.851	 2.08	 1	 -42.0461	  174.1557
11.854	 2.27	 2	 -42.8789	  173.8720
11.854	 2.31	 2	 -42.7890	  173.2558
11.856	 2.38	 1	 -42.6386	  172.8111
11.856	 2.39	 2	 -42.7791	  173.0170
11.856	 3.18	 2	 -42.8348	  173.2698
11.857	 2.25	 2	 -41.7668	  174.4715
11.857	 2.02	 3	 -42.5838	  173.4506
11.859	 2.12	 3	 -42.0649	  172.2755
11.860	 3.20	 1	 -42.7865	  172.9892
11.861	 2.01	 1	 -42.0699	  174.4599
11.862	 2.36	 3	 -42.5230	  173.4616
11.862	 2.12	 3	 -42.5549	  173.3895
11.865	 2.51	 2	 -42.1730	  173.4995
11.868	 2.40	 2	 -42.5001	  173.4727
11.868	 2.19	 1	 -42.4736	  173.0893
11.868	 3.36	 1	 -42.7474	  173.1920
11.869	 2.45	 2	 -43.4243	  173.0405
11.869	 2.19	 1	 -41.7013	  174.2864
11.871	 2.38	 2	 -41.8044	  174.5518
11.872	 2.25	 1	 -44.4202	  178.6270
11.875	 3.56	 1	 -41.6901	  174.1944
11.875	 2.19	 1	 -42.8045	  173.1912
11.875	 2.16	 2	 -41.5327	  172.3949
11.876	 2.59	 1	 -42.5039	  173.1232
11.877	 2.82	 1	 -42.1249	  173.8386
11.877	 4.30	 3	 -42.4662	  173.4534
11.879	 2.61	 1	 -42.4947	  173.6016
11.880	 2.91	 3	 -41.6433	  174.2424
11.881	 3.18	 2	 -41.2367	  172.9745
11.881	 2.96	 1	 -43.2785	  174.8545
11.884	 2.06	 3	 -42.4622	  173.4403
11.884	 2.65	 1	 -42.0250	  174.0206
11.885	 2.06	 1	 -42.7033	  172.8394
11.885	 2.13	 2	 -42.5361	  173.5069
11.885	 2.10	 1	 -41.7551	  174.2922
11.886	 2.34	 1	 -42.0041	  174.1552
11.886	 2.35	 3	 -42.8232	  173.0950
11.887	 3.03	 1	 -41.9568	  173.9287
11.888	 2.04	 3	 -41.9032	  173.4237
11.889	 2.22	 2	 -46.4681	  169.7128
11.890	 2.86	 1	 -42.5456	  173.1779
11.891	 2.59	 1	 -41.9726	  173.1117
11.892	 3.99	 3	 -41.7119	  174.2510
11.892	 2.02	 2	 -42.8405	  173.4193
11.892	 2.61	 2	 -42.4258	  172.7271
11.893	 2.13	 1	 -42.3474	  173.8905
11.896	 2.43	 1	 -41.9366	  173.7127
11.896	 2.03	 1	 -42.5214	  173.4187
11.897	 2.71	 2	 -41.9564	  173.9309
11.897	 3.05	 4	 -42.4555	  173.4465
11.898	 2.34	 2	 -41.7831	  174.5213
11.898	 2.57	 1	 -41.7711	  174.1218
11.899	 2.25	 3	 -42.4974	  173.4398
11.900	 2.80	 1	 -41.9903	  173.7935
11.901	 2.57	 1	 -42.5602	  172.9969
11.902	 2.03	 2	 -41.9357	  173.8408
11.903	 2.46	 1	 -41.7335	  174.3409
11.904	 2.31	 3	 -41.6978	  174.2519
11.904	 2.29	 1	 -41.2425	  172.8639
11.905	 2.26	 2	 -41.9605	  174.0760
11.905	 2.02	 1	 -42.5428	  173.2567
11.908	 2.06	 1	 -42.4931	  173.2428
11.908	 2.00	 1	 -41.7541	  168.2886
11.908	 2.48	 1	 -41.7036	  174.2614
11.909	 2.00	 2	 -43.6631	  173.3862
11.909	 2.90	 1	 -42.6101	  172.9774
11.909	 2.09	 1	 -42.2899	  173.4314
11.910	 2.04	 1	 -41.8003	  174.1613
11.910	 2.11	 3	 -41.6656	  174.2218
11.912	 2.81	 1	 -42.4685	  174.1902
11.912	 2.59	 1	 -42.5092	  171.9965
11.913	 2.11	 1	 -41.7677	  174.2027
11.914	 3.45	 1	 -42.1094	  173.9594
11.917	 2.11	 1	 -42.3419	  173.6458
11.918	 2.15	 1	 -42.3500	  172.4987
11.918	 2.09	 1	 -41.6783	  172.6378
11.918	 2.27	 1	 -42.6828	  173.5400
11.922	 2.06	 1	 -42.8144	  172.4120
11.922	 2.13	 3	 -41.6533	  174.2248
11.925	 2.17	 1	 -42.8178	  172.7590
11.925	 2.13	 1	 -42.4010	  173.3724
11.926	 2.21	 1	 -42.2578	  172.3591
11.928	 2.47	 2	 -41.8300	  173.3728
11.929	 2.63	 1	 -42.6434	  172.9595
11.932	 2.40	 1	 -42.7514	  172.8560
11.932	 2.11	 4	 -42.4713	  173.4391
11.937	 2.65	 1	 -41.9960	  173.7089
11.938	 2.19	 1	 -42.4181	  172.3222
11.941	 2.21	 2	 -42.3361	  171.5634
11.942	 2.04	 1	 -42.2218	  173.6986
11.943	 2.29	 1	 -42.1647	  173.8173
11.944	 2.10	 3	 -42.4590	  173.4318
11.944	 2.37	 2	 -42.2394	  173.5937
11.944	 2.06	 2	 -41.6214	  174.3497
11.945	 2.64	 1	 -43.0722	  174.1158
11.951	 2.59	 3	 -42.4871	  173.4089
11.952	 2.46	 4	 -43.3032	  173.4574
11.953	 2.18	 1	 -42.2405	  173.5846
11.953	 2.50	 1	 -42.3763	  173.5348
11.959	 2.17	 3	 -41.7674	  174.1694
11.962	 2.68	 3	 -41.6677	  174.3638
11.962	 2.32	 2	 -42.7213	  173.4080
11.963	 2.14	 3	 -42.4110	  173.4124
11.964	 2.10	 3	 -43.0827	  173.3074
11.965	 2.43	 2	 -42.7767	  172.8848
11.966	 2.41	 1	 -42.1427	  173.8599
11.967	 2.15	 2	 -42.6156	  173.0538
11.968	 2.17	 2	 -42.9745	  173.4743
11.968	 3.28	 1	 -42.2757	  173.6873
11.968	 2.12	 1	 -41.9125	  174.2572
11.969	 2.42	 1	 -41.7447	  173.6209
11.970	 2.12	 1	 -42.3447	  173.8085
11.971	 2.09	 1	 -42.3641	  173.0063
11.971	 2.15	 1	 -41.9675	  173.7300
11.975	 2.21	 1	 -40.6185	  172.0848
11.975	 2.00	 1	 -42.2283	  173.5885
11.976	 2.94	 1	 -41.8064	  173.9976
11.976	 2.47	 1	 -42.5207	  173.1423
11.977	 2.03	 1	 -42.3424	  173.8243
11.983	 2.08	 2	 -42.8909	  173.1795
11.983	 2.81	 1	 -42.0000	  174.2878
11.984	 2.44	 1	 -42.7738	  172.8692
11.985	 2.51	 5	 -41.5896	  174.0640
11.986	 2.21	 1	 -42.3907	  173.8820
11.988	 2.35	 2	 -40.2670	  174.4349
11.989	 2.41	 3	 -41.7257	  174.2155
11.989	 2.42	 2	 -41.8456	  174.0567
11.991	 2.24	 3	 -41.6986	  174.1777
11.993	 2.68	 3	 -41.9454	  173.6853
11.996	 2.46	 2	 -44.3583	  172.9790
11.998	 2.35	 2	 -42.8005	  173.5188
11.998	 2.13	 1	 -42.0317	  173.8997
11.999	 2.17	 2	 -41.3652	  175.1135
11.999	 2.08	 2	 -43.0456	  174.1182
12.002	 2.13	 1	 -42.6355	  172.8600
12.003	 2.19	 1	 -41.8846	  173.1482
12.005	 3.11	 1	 -42.7102	  172.7435
12.005	 3.12	 2	 -42.7741	  173.1377
12.008	 2.43	 4	 -41.6022	  174.3285
12.009	 2.35	 3	 -40.2666	  174.4344
12.013	 2.08	 4	 -43.2758	  173.6100
12.013	 2.60	 2	 -43.0753	  173.0348
12.016	 2.46	 3	 -42.4531	  173.4209
12.016	 2.84	 2	 -43.0216	  173.0626
12.017	 3.60	 2	 -42.6405	  173.1225
12.018	 2.04	 1	 -42.5178	  173.0087
12.020	 3.43	 2	 -42.7312	  173.2113
12.020	 2.65	 1	 -41.7829	  174.1691
12.022	 2.00	 1	 -45.7771	  174.5381
12.022	 3.55	 1	 -41.9549	  174.4141
12.022	 2.32	 1	 -42.1071	  173.7832
12.023	 2.10	 3	 -42.5774	  173.3847
12.023	 2.25	 2	 -43.0190	  173.0596
12.023	 3.12	 1	 -42.1908	  173.5963
12.024	 2.27	 2	 -42.4900	  173.4653
12.024	 2.23	 1	 -42.6659	  172.9974
12.027	 2.10	 3	 -41.5570	  174.4236
12.028	 2.36	 4	 -42.9722	  173.1931
12.031	 3.13	 2	 -41.7193	  174.4463
12.032	 2.33	 1	 -42.5644	  173.1287
12.032	 2.24	 1	 -42.0884	  173.8811
12.032	 2.16	 2	 -42.1850	  173.4487
12.033	 2.07	 2	 -42.3073	  172.3362
12.034	 2.10	 2	 -42.6199	  173.0500
12.036	 2.13	 1	 -42.5979	  172.8183
12.036	 2.03	 1	 -42.3620	  173.2434
12.036	 2.67	 2	 -42.4089	  174.2938
12.037	 3.26	 2	 -42.4814	  173.1341
12.038	 2.61	 2	 -42.5029	  173.5356
12.039	 2.00	 3	 -42.5876	  172.8999
12.043	 2.19	 1	 -42.8741	  173.6638
12.045	 2.78	 3	 -41.7842	  173.9395
12.045	 2.14	 2	 -42.2046	  173.4622
12.046	 2.48	 1	 -41.9715	  173.7506
12.047	 2.59	 1	 -42.0366	  173.7664
12.049	 3.06	 4	 -43.3718	  173.6189
12.050	 2.02	 1	 -42.7312	  173.0288
12.050	 2.20	 3	 -43.0538	  172.7982
12.051	 2.00	 2	 -42.3765	  173.2140
12.053	 2.46	 2	 -42.6407	  173.3982
12.054	 2.18	 1	 -41.6744	  174.2851
12.054	 2.18	 1	 -42.2948	  173.6628
12.056	 2.15	 4	 -42.2946	  173.7395
12.057	 2.07	 1	 -42.3364	  173.9070
12.058	 2.13	 1	 -42.3375	  173.8194
12.058	 2.08	 2	 -40.3153	  174.4162
12.058	 3.83	 1	 -42.3817	  173.4906
12.063	 2.06	 1	 -41.8040	  174.3326
12.065	 2.79	 4	 -42.0120	  173.3248
12.066	 2.13	 4	 -43.4730	  173.4909
12.070	 2.58	 1	 -42.3033	  174.1444
12.070	 2.10	 1	 -42.2947	  171.6100
12.072	 2.51	 1	 -41.8110	  174.2021
12.073	 3.05	 2	 -41.9591	  174.1634
12.073	 2.12	 1	 -42.5690	  173.0786
12.074	 2.17	 4	 -43.2794	  173.5214
12.075	 2.40	 1	 -42.4378	  173.8406
12.076	 2.02	 1	 -42.7543	  173.1300
12.077	 2.28	 1	 -42.1013	  173.6669
12.079	 2.33	 4	 -43.2724	  173.4893
12.081	 2.02	 2	 -42.8059	  173.4086
12.081	 2.05	 2	 -43.0202	  173.6827
12.081	 2.05	 2	 -42.7489	  173.2740
12.082	 2.30	 1	 -41.8035	  174.2160
12.085	 2.45	 4	 -43.2549	  173.6015
12.086	 2.82	 1	 -42.3622	  173.3729
12.087	 2.07	 1	 -42.3548	  173.8556
12.090	 2.02	 1	 -41.7996	  173.6725
12.091	 2.73	 2	 -42.2496	  173.2014
12.092	 3.59	 3	 -41.9958	  173.7245
12.094	 2.01	 1	 -42.2371	  173.7015
12.095	 2.26	 4	 -43.2327	  173.5258
12.098	 2.40	 1	 -42.1906	  174.0520
12.099	 2.78	 1	 -42.4133	  173.3342
12.101	 2.33	 2	 -42.8135	  173.3896
12.105	 2.62	 4	 -43.2963	  173.5423
12.107	 2.89	 1	 -42.7916	  173.0196
12.110	 2.06	 1	 -41.8366	  173.9712
12.112	 2.26	 1	 -42.0913	  173.7846
12.112	 2.05	 2	 -41.7116	  174.1443
12.113	 2.01	 1	 -41.9635	  173.9981
12.113	 2.17	 1	 -42.3210	  173.6410
12.115	 2.83	 4	 -43.2780	  173.4463
12.115	 2.31	 1	 -42.5126	  172.9875
12.119	 2.23	 1	 -42.6208	  173.6891
12.119	 2.11	 1	 -42.4067	  173.9415
12.120	 2.06	 1	 -46.6296	  174.1514
12.120	 2.47	 1	 -42.8091	  173.5491
12.125	 2.42	 3	 -42.4855	  173.4096
12.128	 2.58	 4	 -43.2533	  173.4941
12.129	 2.27	 2	 -41.7335	  174.2744
12.129	 2.31	 1	 -41.7258	  174.2325
12.129	 2.17	 1	 -42.4182	  173.3418
12.130	 2.01	 1	 -42.3650	  173.4674
12.132	 2.05	 2	 -43.6346	  175.9862
12.133	 2.24	 1	 -41.7724	  174.1891
12.134	 2.14	 1	 -42.3657	  173.9529
12.134	 3.61	 2	 -42.6608	  172.8576
12.134	 2.93	 3	 -40.2412	  174.5642
12.136	 2.25	 1	 -41.7248	  174.3013
12.136	 2.01	 1	 -42.4065	  173.8899
12.139	 2.56	 2	 -42.7295	  173.3497
12.140	 3.37	 3	 -42.3202	  174.0562
12.144	 2.30	 1	 -42.5174	  173.0022
12.145	 2.78	 1	 -41.7117	  174.1713
12.145	 2.28	 1	 -42.3951	  173.8389
12.147	 2.17	 1	 -42.4968	  173.0329
12.149	 2.32	 1	 -42.6174	  172.6376
12.151	 2.46	 1	 -41.8599	  173.9297
12.151	 2.41	 2	 -41.8547	  174.3085
12.152	 2.78	 2	 -42.8425	  173.2702
12.153	 2.29	 2	 -42.8234	  173.3832
12.154	 2.03	 2	 -40.0531	  174.2065
12.155	 3.41	 2	 -43.2389	  173.4006
12.155	 2.04	 1	 -41.6966	  174.2020
12.155	 2.56	 4	 -43.3061	  173.5873
12.159	 2.64	 1	 -42.9019	  173.5858
12.161	 2.17	 1	 -41.7817	  174.4220
12.163	 2.52	 1	 -42.4290	  173.3649
12.163	 2.66	 3	 -42.4901	  173.4980
12.165	 2.48	 1	 -42.6364	  172.7845
12.166	 2.18	 2	 -42.4239	  173.1348
12.166	 2.06	 3	 -42.6412	  173.1258
12.167	 2.24	 3	 -42.1179	  172.8559
12.167	 3.52	 2	 -42.4901	  173.5798
12.173	 2.81	 1	 -42.2451	  173.7531
12.174	 2.07	 1	 -42.1676	  174.0395
12.174	 2.03	 2	 -40.3021	  174.3993
12.175	 2.56	 3	 -41.6183	  174.1539
12.175	 2.50	 1	 -42.5731	  172.8343
12.176	 2.13	 1	 -41.7929	  174.2300
12.178	 2.08	 1	 -42.6845	  172.8283
12.179	 2.24	 3	 -38.6221	  175.5071
12.180	 2.31	 1	 -42.3795	  174.0805
12.180	 2.79	 1	 -41.6915	  174.2987
12.183	 2.40	 1	 -41.7336	  174.1821
12.184	 2.22	 3	 -41.7297	  174.4319
12.184	 2.61	 2	 -41.8545	  173.9416
12.186	 2.35	 1	 -43.3271	  172.2848
12.186	 2.07	 3	 -44.3843	  174.8776
12.188	 2.04	 2	 -41.7994	  174.1241
12.190	 2.56	 2	 -41.9617	  173.8300
12.191	 2.04	 5	 -43.2934	  173.6092
12.191	 3.33	 1	 -41.7239	  174.3248
12.191	 2.30	 4	 -41.9835	  173.7070
12.192	 2.43	 1	 -41.6758	  174.3280
12.194	 2.06	 1	 -42.1822	  174.0435
12.194	 2.10	 1	 -42.8330	  173.4278
12.197	 2.12	 1	 -42.3801	  172.7011
12.198	 2.35	 1	 -42.4873	  173.0440
12.200	 2.24	 1	 -41.6578	  174.2059
12.202	 2.23	 3	 -42.7182	  173.2638
12.203	 2.10	 1	 -42.8491	  172.6593
12.203	 2.51	 1	 -42.9486	  173.0145
12.204	 2.20	 1	 -41.9329	  174.0669
12.204	 2.01	 4	 -42.5053	  173.4264
12.205	 2.88	 1	 -41.7186	  174.3767
12.208	 2.00	 1	 -41.6767	  174.4026
12.208	 2.40	 1	 -42.5785	  173.0891
12.209	 2.14	 2	 -42.7050	  172.8324
12.210	 2.45	 1	 -41.6359	  174.2070
12.210	 2.77	 1	 -42.7950	  173.0186
12.210	 2.84	 2	 -42.1764	  170.3783
12.211	 2.56	 3	 -42.5881	  173.0159
12.211	 2.17	 1	 -41.7495	  174.1417
12.211	 2.51	 4	 -43.2233	  173.4819
12.212	 2.12	 2	 -46.7799	  170.4071
12.214	 2.09	 2	 -42.9764	  172.7573
12.214	 2.10	 1	 -41.8883	  173.0933
12.214	 2.01	 1	 -42.7076	  173.2211
12.215	 2.44	 3	 -41.9968	  173.4357
12.216	 2.61	 2	 -41.9798	  173.8477
12.220	 2.08	 1	 -43.2118	  173.1098
12.221	 2.09	 1	 -42.7250	  173.1229
12.228	 2.10	 1	 -41.6949	  174.2637
12.228	 2.59	 1	 -42.6771	  172.8639
12.234	 2.45	 1	 -42.8364	  173.3016
12.234	 2.20	 2	 -42.7543	  173.3258
12.236	 2.06	 1	 -42.7365	  173.0634
12.236	 2.12	 1	 -42.5181	  173.0156
12.237	 3.05	 1	 -42.0351	  173.8978
12.237	 2.14	 1	 -42.3901	  173.8026
12.237	 2.38	 3	 -41.6722	  174.2395
12.238	 2.77	 1	 -42.5982	  173.7953
12.238	 2.03	 3	 -42.5898	  172.9986
12.239	 2.08	 1	 -41.6974	  174.3008
12.239	 2.04	 4	 -42.4118	  173.5210
12.242	 2.83	 1	 -41.8705	  173.9057
12.242	 2.02	 2	 -41.9960	  174.4938
12.242	 2.09	 3	 -42.8832	  173.1636
12.244	 2.11	 1	 -42.3963	  173.4532
12.244	 3.03	 3	 -42.7719	  173.7548
12.246	 2.02	 1	 -42.1318	  173.6135
12.247	 2.06	 1	 -42.3847	  173.5612
12.248	 2.18	 1	 -42.4142	  173.4029
12.250	 2.54	 3	 -43.9689	  171.1302
12.252	 2.27	 1	 -42.2350	  174.4362
12.252	 3.01	 1	 -42.4835	  173.2019
12.258	 2.33	 2	 -42.3055	  173.4390
12.261	 2.92	 1	 -42.5275	  173.1395
12.261	 2.41	 1	 -41.7404	  174.2005
12.264	 2.00	 2	 -41.7911	  174.2338
12.265	 2.50	 2	 -41.6965	  174.3355
12.267	 2.36	 1	 -41.6826	  174.2374
12.267	 2.07	 1	 -41.6789	  174.2596
12.268	 2.72	 1	 -42.5718	  173.2331
12.269	 2.93	 3	 -43.0001	  173.0568
12.270	 2.13	 3	 -41.7208	  174.2822
12.270	 2.02	 3	 -42.5974	  172.8251
12.271	 2.13	 1	 -42.5207	  173.3390
12.272	 2.49	 2	 -42.6622	  172.9768
12.273	 2.16	 1	 -42.3022	  173.7963
12.275	 2.08	 3	 -41.7464	  174.3113
12.275	 2.06	 2	 -38.9240	  170.1389
12.276	 2.28	 1	 -42.4214	  173.1751
12.277	 2.16	 1	 -42.0512	  173.5810
12.279	 2.68	 2	 -40.3286	  174.3757
12.281	 3.07	 2	 -42.4142	  173.5405
12.282	 2.39	 2	 -43.0976	  173.6118
12.282	 2.49	 3	 -42.4790	  173.4397
12.282	 2.01	 2	 -42.4545	  173.3508
12.283	 3.09	 2	 -42.4854	  173.3636
12.284	 2.10	 2	 -42.8001	  173.0592
12.288	 2.15	 1	 -42.5689	  173.1711
12.292	 2.62	 1	 -42.5298	  173.3176
12.292	 3.05	 1	 -42.2095	  171.5306
12.293	 2.75	 1	 -42.4892	  174.1002
12.293	 2.94	 1	 -42.2861	  173.6751
12.293	 2.16	 2	 -40.6411	  174.9037
12.295	 2.32	 1	 -42.3364	  173.7457
12.297	 2.76	 2	 -42.6866	  173.2740
12.297	 2.52	 1	 -41.8648	  173.2029
12.298	 2.09	 2	 -42.3157	  173.5947
12.298	 2.08	 1	 -41.7652	  173.9959
12.300	 2.21	 3	 -42.4521	  173.1166
12.302	 2.52	 5	 -43.3160	  173.4508
12.303	 2.05	 4	 -42.4617	  173.4558
12.305	 2.01	 3	 -41.6699	  174.2323
12.308	 2.32	 3	 -42.0557	  173.4827
12.309	 2.19	 2	 -42.8097	  173.0183
12.310	 2.59	 1	 -41.7040	  174.3127
12.311	 2.04	 3	 -41.7212	  174.0718
12.311	 2.13	 3	 -42.1522	  173.7049
12.312	 2.37	 1	 -42.4905	  173.1495
12.312	 2.19	 2	 -42.5126	  173.1366
12.313	 3.00	 3	 -42.6016	  173.0708
12.315	 2.61	 1	 -42.7081	  173.4386
12.316	 2.45	 2	 -42.2476	  173.6181
12.319	 2.62	 2	 -42.2650	  174.0112
12.319	 2.58	 1	 -42.2890	  173.9749
12.320	 2.30	 1	 -42.7864	  173.0061
12.321	 2.45	 2	 -41.7348	  174.1448
12.325	 2.63	 1	 -41.7242	  174.3059
12.325	 2.09	 1	 -42.3277	  174.1745
12.326	 2.13	 1	 -41.5725	  174.4589
12.326	 2.48	 1	 -46.3197	  176.2983
12.328	 2.41	 1	 -42.8957	  172.6018
12.330	 2.04	 1	 -41.7315	  174.3144
12.333	 2.21	 1	 -42.2659	  173.6614
12.333	 3.02	 3	 -43.3996	  172.9326
12.335	 3.63	 1	 -42.1446	  173.6649
12.340	 2.01	 3	 -42.4279	  173.2568
12.341	 2.55	 4	 -41.6952	  174.2784
12.343	 2.33	 1	 -41.7922	  174.3065
12.343	 2.72	 1	 -42.9849	  176.2347
12.344	 4.61	 1	 -41.7999	  174.2098
12.345	 2.06	 2	 -42.5519	  173.2254
12.351	 2.20	 4	 -42.0409	  173.7337
12.355	 2.86	 1	 -42.4625	  174.3017
12.355	 2.88	 2	 -41.8403	  174.1947
12.356	 2.02	 2	 -43.0596	  173.2656
12.356	 2.06	 1	 -41.9507	  174.1355
12.357	 2.45	 2	 -42.3260	  173.3704
12.358	 2.71	 2	 -43.0369	  173.4720
12.359	 2.47	 1	 -41.9731	  173.7518
12.359	 2.05	 1	 -42.7853	  173.3938
12.361	 2.13	 4	 -42.4583	  173.4571
12.361	 2.63	 2	 -42.7002	  173.8372
12.362	 2.15	 1	 -41.7269	  174.1401
12.363	 3.14	 3	 -42.4364	  173.2746
12.364	 2.21	 1	 -45.7545	  171.6651
12.369	 2.22	 2	 -42.5294	  173.2377
12.370	 2.93	 2	 -40.2930	  174.6083
12.371	 2.09	 1	 -41.6033	  174.3202
12.374	 2.20	 1	 -41.8301	  174.1984
12.376	 2.71	 3	 -42.8536	  173.3347
12.377	 2.85	 4	 -42.3250	  174.0715
12.379	 3.27	 1	 -42.3023	  173.6490
12.379	 3.15	 2	 -42.3503	  173.6988
12.381	 3.23	 1	 -42.1136	  173.8625
12.381	 2.44	 4	 -41.7139	  174.2318
12.383	 2.56	 4	 -41.6385	  174.0868
12.385	 2.50	 1	 -42.0733	  173.8661
12.386	 3.25	 1	 -41.5167	  174.3113
12.387	 2.78	 3	 -39.7726	  172.9168
12.390	 2.45	 2	 -43.0879	  173.0352
12.391	 2.63	 2	 -42.7405	  173.0811
12.391	 2.17	 1	 -41.9672	  173.7930
12.392	 2.07	 3	 -42.6202	  173.3759
12.392	 3.19	 1	 -42.6073	  172.9993
12.393	 2.58	 1	 -42.0413	  173.0990
12.394	 2.03	 3	 -40.3146	  174.4432
12.400	 2.05	 3	 -42.7218	  173.1088
12.401	 2.20	 2	 -41.7631	  174.3025
12.402	 2.03	 1	 -42.4195	  173.0598
12.404	 2.02	 2	 -41.7113	  174.1625
12.405	 2.39	 3	 -44.1019	  174.7549
12.406	 2.57	 1	 -42.0306	  172.7945
12.408	 2.14	 1	 -41.7360	  174.1393
12.410	 2.16	 1	 -42.2596	  173.6753
12.410	 2.03	 1	 -41.7039	  174.3051
12.410	 2.10	 1	 -42.7173	  172.9300
12.410	 2.51	 3	 -42.4647	  173.5246
12.412	 2.04	 1	 -42.0717	  174.4355
12.416	 2.27	 3	 -42.2951	  173.4643
12.420	 2.07	 2	 -43.6222	  173.7689
12.421	 2.13	 1	 -42.3732	  173.8113
12.422	 2.56	 2	 -43.2329	  172.7998
12.422	 2.14	 2	 -41.7867	  174.5066
12.425	 2.27	 3	 -42.3751	  173.4928
12.425	 2.10	 1	 -42.3929	  173.3481
12.426	 2.74	 1	 -41.8350	  173.9494
12.427	 2.16	 2	 -42.2365	  172.5355
12.428	 2.02	 1	 -42.1686	  173.9069
12.429	 2.06	 1	 -42.7974	  173.1962
12.430	 2.06	 4	 -43.2657	  173.4581
12.432	 2.07	 2	 -41.7924	  174.2220
12.433	 2.19	 1	 -42.6488	  172.8382
12.434	 2.64	 2	 -40.2610	  174.4202
12.434	 2.59	 2	 -42.7788	  171.3985
12.435	 2.17	 1	 -42.6420	  173.0493
12.436	 2.17	 1	 -42.7872	  173.0141
12.439	 3.31	 1	 -43.4177	  173.8608
12.440	 2.21	 1	 -41.9617	  173.4748
12.440	 2.03	 1	 -42.8177	  173.0064
12.441	 3.34	 1	 -43.1218	  172.1779
12.444	 2.17	 1	 -40.1339	  177.1658
12.445	 2.38	 2	 -41.7706	  174.5201
12.446	 2.09	 1	 -41.6986	  174.2633
12.448	 2.22	 1	 -42.3221	  173.6518
12.449	 2.51	 1	 -42.5027	  173.1206
12.449	 2.02	 3	 -42.1579	  172.8580
12.451	 2.28	 3	 -42.6588	  173.6970
12.451	 2.91	 3	 -41.7037	  174.2686
12.454	 2.22	 2	 -41.8228	  174.2140
12.455	 2.19	 2	 -42.5572	  173.1915
12.457	 2.20	 1	 -42.5594	  173.0792
12.459	 2.12	 2	 -42.5407	  173.1751
12.459	 2.21	 2	 -42.8340	  173.2944
12.460	 2.12	 3	 -43.1340	  172.2661
12.466	 2.01	 3	 -42.5292	  174.3022
12.466	 2.30	 1	 -42.3261	  173.9879
12.467	 2.16	 3	 -42.4661	  175.5724
12.468	 2.79	 1	 -38.9356	  170.0110
12.468	 3.42	 2	 -42.2933	  173.8138
12.470	 2.32	 1	 -41.9321	  173.9798
12.470	 2.42	 1	 -42.2275	  173.6274
12.470	 2.30	 2	 -40.3225	  174.4566
12.471	 2.58	 1	 -42.4200	  173.1429
12.473	 2.35	 1	 -42.9003	  172.5462
12.475	 2.00	 1	 -42.2911	  173.6107
12.477	 2.96	 1	 -41.9472	  173.5003
12.479	 2.15	 3	 -43.0400	  172.7234
12.480	 2.39	 1	 -42.5219	  173.3462
12.480	 2.48	 2	 -42.7027	  173.9156
12.483	 2.23	 2	 -42.1518	  173.5843
12.483	 2.32	 2	 -41.8153	  174.2000
12.484	 2.33	 2	 -42.2792	  173.6916
12.485	 2.47	 2	 -41.6899	  174.3349
12.485	 2.08	 1	 -42.1829	  173.6285
12.485	 2.02	 2	 -42.9774	  172.7576
12.490	 2.04	 1	 -42.6142	  172.9845
12.491	 2.60	 3	 -42.6055	  173.0367
12.494	 2.09	 2	 -41.6611	  174.1936
12.494	 2.43	 2	 -40.1291	  174.9064
12.497	 2.08	 2	 -42.4523	  173.5081
12.498	 2.21	 1	 -42.4865	  172.5954
12.498	 2.87	 2	 -42.7117	  174.0052
12.499	 2.94	 1	 -42.1387	  173.8232
12.502	 2.58	 1	 -42.3951	  173.2199
12.505	 3.01	 1	 -41.6774	  174.1218
12.505	 2.22	 6	 -43.3154	  173.4484
12.506	 3.45	 2	 -41.5919	  174.3468
12.507	 2.72	 1	 -42.2010	  173.4229
12.511	 2.27	 1	 -42.5504	  173.2894
12.511	 2.06	 1	 -42.8501	  172.6456
12.513	 2.40	 1	 -41.7600	  174.3490
12.513	 2.19	 1	 -42.4028	  173.2193
12.514	 2.10	 1	 -41.8148	  174.0169
12.516	 2.31	 2	 -42.4951	  173.7736
12.516	 2.46	 2	 -42.4475	  173.1922
12.516	 2.09	 2	 -42.6341	  173.1255
12.520	 2.19	 4	 -43.2426	  173.4504
12.520	 2.01	 2	 -41.7738	  174.3134
12.522	 2.61	 1	 -42.4877	  173.5197
12.527	 2.59	 1	 -42.2304	  173.6362
12.530	 2.17	 1	 -42.3434	  173.5380
12.530	 2.58	 2	 -42.4309	  173.6291
12.532	 3.49	 1	 -42.7472	  173.1064
12.532	 2.07	 1	 -43.1116	  173.0479
12.535	 2.00	 1	 -41.9714	  174.0428
12.536	 2.12	 4	 -40.7952	  174.0176
12.536	 2.20	 1	 -42.1499	  173.5674
12.536	 2.51	 1	 -42.1044	  174.2080
12.537	 2.26	 1	 -42.6703	  173.0995
12.538	 2.33	 3	 -42.4785	  172.7837
12.538	 2.00	 1	 -42.3784	  173.7660
12.540	 2.35	 1	 -42.1296	  173.6603
12.541	 2.55	 1	 -42.4202	  173.8343
12.544	 2.70	 2	 -42.4260	  173.1864
12.546	 2.30	 1	 -42.3066	  173.8075
12.546	 2.35	 3	 -41.5688	  173.9796
12.548	 2.54	 1	 -41.7519	  170.5085
12.549	 2.25	 2	 -42.8719	  172.3101
12.549	 2.08	 2	 -42.6035	  173.2602
12.550	 2.04	 3	 -41.7685	  174.5635
12.552	 2.54	 4	 -43.2657	  173.5228
12.558	 3.19	 1	 -41.7963	  174.2032
12.561	 4.77	 1	 -42.8700	  173.0106
12.562	 2.27	 2	 -41.9661	  173.7716
12.563	 2.52	 1	 -42.1432	  172.6818
12.563	 2.21	 1	 -41.8316	  172.7679
12.565	 2.26	 2	 -42.6522	  173.3403
12.569	 2.08	 2	 -42.8732	  172.9894
12.571	 2.62	 1	 -46.0268	  176.3579
12.572	 3.43	 2	 -42.4301	  173.1334
12.574	 2.73	 2	 -42.8686	  173.0459
12.576	 2.30	 1	 -41.9699	  173.6821
12.582	 2.38	 1	 -42.5839	  172.8529
12.582	 2.25	 1	 -42.3049	  172.9276
12.582	 2.44	 3	 -41.6917	  174.3320
12.583	 2.11	 2	 -42.4926	  173.5241
12.585	 2.07	 2	 -41.6535	  174.5605
12.585	 2.86	 2	 -42.5279	  173.1399
12.588	 2.34	 2	 -41.6970	  174.1994
12.590	 2.20	 1	 -42.3348	  174.0152
12.594	 3.12	 1	 -41.7035	  174.1180
12.596	 2.65	 1	 -42.4093	  173.2050
12.599	 2.30	 1	 -41.7113	  174.2616
12.600	 2.96	 3	 -42.4560	  173.5746
12.600	 2.69	 1	 -41.5597	  174.4026
12.602	 2.87	 2	 -41.8189	  174.2067
12.603	 2.08	 1	 -42.1065	  172.9003
12.605	 2.29	 2	 -42.7951	  172.4337
12.606	 3.58	 2	 -42.9098	  173.1623
12.607	 2.69	 1	 -43.0965	  172.8915
12.609	 3.54	 2	 -42.8398	  173.0165
12.610	 2.02	 2	 -42.8803	  173.0390
12.611	 2.65	 2	 -42.9177	  173.0008
12.613	 2.40	 1	 -42.7418	  173.0936
12.616	 2.18	 1	 -41.6883	  174.3769
12.616	 2.24	 1	 -42.6379	  172.9953
12.617	 2.20	 1	 -42.2278	  173.6764
12.623	 2.12	 1	 -39.8999	  177.8171
12.625	 2.06	 1	 -42.3000	  173.7922
12.626	 2.36	 1	 -42.0063	  173.6749
12.626	 2.49	 2	 -41.8142	  174.2087
12.627	 2.61	 4	 -43.2822	  173.4640
12.629	 2.22	 3	 -41.7668	  174.2222
12.630	 2.60	 3	 -43.0179	  172.8433
12.630	 2.13	 2	 -42.7989	  173.3483
12.630	 2.71	 1	 -42.3421	  173.5816
12.633	 2.57	 2	 -41.7794	  174.2260
12.633	 3.05	 1	 -43.2617	  172.6572
12.633	 2.18	 1	 -42.6975	  172.6450
12.635	 2.17	 1	 -42.4846	  173.1733
12.635	 2.15	 2	 -42.4734	  174.2450
12.635	 2.08	 1	 -42.6141	  173.3352
12.636	 2.10	 1	 -42.3193	  173.5693
12.638	 3.99	 1	 -41.7390	  174.2790
12.638	 2.19	 2	 -42.9116	  173.0001
12.640	 2.24	 1	 -42.6879	  173.0396
12.640	 2.84	 2	 -42.5165	  173.9963
12.641	 2.54	 1	 -42.0110	  173.8035
12.644	 2.03	 3	 -41.7465	  174.2603
12.645	 2.49	 2	 -41.8647	  173.4248
12.645	 2.15	 2	 -42.8567	  171.7900
12.649	 2.23	 2	 -43.2562	  179.3482
12.650	 2.41	 2	 -42.9477	  173.4726
12.650	 3.25	 1	 -42.6568	  172.8230
12.651	 2.00	 1	 -41.6370	  174.2638
12.653	 3.00	 2	 -44.5958	  178.5634
12.654	 2.29	 2	 -41.9052	  173.9425
12.655	 3.20	 2	 -40.3299	  174.3832
12.656	 2.48	 1	 -41.7592	  174.2294
12.657	 2.18	 1	 -41.7082	  174.2262
12.659	 2.13	 1	 -42.2687	  173.6546
12.660	 2.06	 1	 -42.2195	  173.7287
12.660	 2.91	 1	 -41.4091	  171.9883
12.661	 2.32	 1	 -42.0293	  173.7507
12.662	 2.73	 3	 -41.7230	  174.2659
12.666	 3.43	 3	 -41.8077	  174.1978
12.666	 2.51	 2	 -42.7430	  173.1036
12.667	 3.53	 2	 -42.5412	  173.7292
12.668	 2.03	 1	 -42.2887	  173.5944
12.668	 2.03	 2	 -42.3741	  173.2361
12.670	 2.24	 2	 -41.7852	  174.1994
12.671	 2.11	 2	 -42.2378	  173.2715
12.675	 2.25	 1	 -42.6185	  173.4739
12.676	 2.23	 1	 -42.2072	  173.7066
12.677	 2.58	 1	 -42.1529	  173.4030
12.677	 2.09	 2	 -42.3086	  173.7753
12.680	 2.03	 1	 -41.6906	  174.2890
12.681	 2.98	 1	 -42.4951	  173.6039
12.682	 2.38	 2	 -42.1455	  173.5885
12.682	 2.39	 1	 -42.7775	  172.7883
12.682	 2.19	 1	 -41.6897	  174.4011
12.684	 2.07	 1	 -42.3125	  174.1110
12.686	 2.04	 1	 -42.4341	  172.8439
12.688	 2.03	 2	 -42.8202	  172.9908
12.688	 2.06	 1	 -42.3977	  173.1007
12.688	 2.29	 1	 -42.4743	  173.2572
12.688	 2.52	 3	 -42.5327	  173.7338
12.689	 2.56	 2	 -40.3398	  174.4323
12.689	 2.16	 1	 -41.7838	  174.2271
12.693	 2.07	 3	 -42.5664	  173.0215
12.693	 2.08	 1	 -41.6172	  174.1785
12.695	 2.45	 2	 -42.7025	  172.7593
12.696	 2.78	 3	 -42.0784	  173.4356
12.698	 2.75	 1	 -42.1401	  173.5123
12.701	 2.41	 1	 -42.0893	  173.3687
12.703	 2.71	 3	 -42.7921	  173.1689
12.703	 2.15	 2	 -42.8156	  172.8914
12.704	 2.21	 3	 -42.4628	  173.3662
12.705	 2.05	 1	 -41.9229	  174.8967
12.708	 2.64	 1	 -41.8742	  174.1819
12.708	 2.78	 2	 -42.2912	  173.2897
12.708	 2.04	 1	 -42.4163	  173.1717
12.715	 2.05	 2	 -42.3545	  172.3370
12.715	 2.29	 2	 -42.0543	  173.6839
12.716	 3.32	 1	 -42.6228	  173.1682
12.717	 2.28	 2	 -42.9408	  172.5082
12.721	 2.07	 1	 -42.4480	  173.1172
12.723	 2.59	 1	 -42.5544	  173.2743
12.724	 2.19	 2	 -42.6830	  173.0948
12.725	 3.63	 4	 -42.9919	  173.0567
12.727	 2.35	 1	 -41.7775	  174.3447
12.729	 2.15	 3	 -42.8744	  173.1794
12.732	 2.83	 1	 -42.2308	  175.0676
12.733	 3.85	 3	 -42.7015	  172.7587
12.739	 2.65	 3	 -42.2346	  173.7452
12.741	 3.03	 3	 -42.6924	  173.1013
12.743	 2.37	 2	 -42.8803	  172.6989
12.745	 3.28	 3	 -42.4071	  173.6154
12.745	 2.18	 2	 -42.1876	  173.5971
12.747	 2.05	 5	 -41.6292	  174.0818
12.749	 2.14	 1	 -42.5526	  173.2315
12.749	 2.56	 2	 -42.9456	  172.7917
12.751	 2.26	 1	 -42.2702	  173.0785
12.751	 2.35	 1	 -42.5941	  173.1271
12.753	 2.15	 2	 -42.5553	  173.2326
12.753	 2.26	 2	 -42.5677	  173.1579
12.758	 2.55	 1	 -41.5320	  171.9303
12.758	 3.00	 1	 -41.9961	  173.8704
12.758	 3.07	 1	 -41.7833	  174.2387
12.764	 2.07	 1	 -42.1923	  173.2185
12.765	 2.09	 1	 -42.7224	  173.1341
12.766	 4.64	 1	 -41.7515	  174.2773
12.766	 2.02	 1	 -42.5209	  173.7314
12.767	 2.06	 1	 -42.7480	  172.7572
12.767	 2.53	 1	 -42.2647	  173.2563
12.768	 2.57	 1	 -42.4534	  173.7077
12.768	 2.03	 2	 -41.7734	  174.2870
12.768	 2.03	 1	 -41.2150	  173.8196
12.770	 2.37	 1	 -42.6534	  173.0856
12.772	 2.17	 2	 -42.8416	  173.2219
12.777	 3.19	 1	 -42.3162	  173.8937
12.778	 2.46	 3	 -42.0335	  173.4051
12.781	 2.13	 1	 -42.5017	  173.2093
12.782	 2.05	 1	 -41.2198	  172.4117
12.783	 2.11	 1	 -42.2937	  174.0473
12.786	 2.54	 1	 -42.0005	  173.7994
12.788	 2.26	 1	 -41.8082	  174.3260
12.790	 2.55	 4	 -43.2946	  173.4585
12.790	 3.66	 2	 -41.7473	  174.2697
12.790	 2.16	 1	 -41.7802	  174.2687
12.792	 2.08	 1	 -42.3895	  173.8517
12.792	 2.16	 2	 -41.8123	  174.1894
12.795	 2.04	 1	 -42.3166	  173.0278
12.798	 2.35	 1	 -42.8474	  174.4171
12.798	 2.09	 2	 -41.7210	  174.2797
12.798	 2.68	 2	 -41.7467	  174.1791
12.799	 2.14	 1	 -42.3815	  173.3862
12.801	 2.13	 2	 -41.7916	  174.2226
12.804	 2.79	 1	 -42.4225	  173.5714
12.805	 3.29	 2	 -41.9384	  173.9158
12.805	 3.02	 1	 -42.9724	  172.7406
12.805	 2.19	 1	 -42.7822	  173.7177
12.806	 2.82	 1	 -41.9861	  174.0878
12.809	 2.08	 1	 -42.2415	  173.6609
12.810	 2.13	 1	 -42.5403	  173.4432
12.810	 2.42	 1	 -40.8949	  176.8199
12.811	 2.86	 1	 -41.9072	  173.9979
12.812	 2.14	 3	 -42.4779	  173.4254
12.813	 2.30	 2	 -41.7121	  174.2627
12.815	 2.70	 1	 -41.8567	  173.8106
12.816	 2.08	 3	 -42.5010	  173.4249
12.817	 3.80	 1	 -41.9707	  174.0461
12.818	 2.36	 1	 -42.5139	  173.0328
12.821	 2.67	 3	 -41.6973	  174.2460
12.821	 2.12	 1	 -41.7695	  174.2081
12.821	 2.90	 1	 -42.5280	  173.0266
12.823	 2.48	 2	 -42.8038	  173.3812
12.823	 2.53	 2	 -42.5292	  173.0250
12.824	 2.16	 1	 -42.4190	  173.1783
12.824	 2.62	 1	 -42.4890	  172.9848
12.824	 2.15	 3	 -40.6651	  173.4544
12.825	 2.02	 2	 -41.5377	  174.6215
12.825	 3.85	 1	 -42.5760	  172.8316
12.828	 2.03	 1	 -41.6635	  174.2249
12.828	 3.61	 1	 -45.1405	  174.1392
12.829	 2.33	 2	 -42.5997	  173.5067
12.831	 2.16	 2	 -42.7124	  173.2775
12.832	 2.80	 2	 -41.8521	  174.2806
12.837	 2.42	 1	 -42.0084	  173.6095
12.837	 2.08	 1	 -42.4268	  173.9858
12.838	 2.02	 2	 -41.7188	  173.7847
12.838	 2.79	 2	 -41.7509	  174.2587
12.838	 2.59	 4	 -43.2399	  173.6477
12.838	 2.19	 2	 -42.6175	  172.8669
12.839	 2.03	 1	 -42.5817	  173.0215
12.840	 2.08	 2	 -42.8711	  173.1691
12.842	 2.02	 1	 -42.0012	  173.7112
12.843	 2.14	 2	 -42.2577	  172.3578
12.847	 2.13	 1	 -42.4895	  173.1193
12.850	 2.25	 1	 -42.7217	  172.7264
12.853	 2.53	 1	 -42.1321	  173.5754
12.853	 3.33	 5	 -42.6651	  173.0620
12.857	 2.40	 1	 -42.5685	  173.0805
12.858	 2.15	 1	 -42.6982	  173.2346
12.859	 2.39	 3	 -42.6258	  172.8353
12.859	 2.87	 1	 -42.3400	  173.8808
12.860	 2.07	 5	 -42.3754	  173.9148
12.862	 2.21	 1	 -41.7477	  174.3403
12.864	 2.08	 2	 -42.2423	  174.3525
12.865	 2.40	 3	 -41.7255	  174.2531
12.865	 2.26	 1	 -42.5841	  173.2642
12.867	 2.93	 1	 -42.7409	  173.0835
12.867	 2.75	 1	 -41.6909	  174.2922
12.868	 2.26	 3	 -42.4609	  173.0009
12.868	 2.36	 1	 -42.2210	  175.2797
12.871	 2.05	 2	 -43.3371	  174.7282
12.871	 2.58	 3	 -42.5229	  173.3787
12.876	 3.04	 2	 -41.6934	  174.5434
12.876	 2.25	 1	 -42.4529	  173.0316
12.877	 2.51	 2	 -43.2601	  173.3222
12.879	 2.22	 1	 -42.1695	  174.0066
12.881	 2.30	 2	 -41.7518	  174.2845
12.881	 2.94	 1	 -42.0391	  173.7668
12.882	 2.41	 1	 -40.1998	  172.6061
12.883	 3.10	 1	 -40.1971	  172.4674
12.883	 2.06	 2	 -43.0556	  173.1766
12.887	 2.05	 1	 -42.5575	  173.1545
12.888	 2.08	 1	 -41.8012	  174.2392
12.888	 2.29	 1	 -42.6600	  172.8907
12.888	 2.06	 2	 -42.1736	  174.0160
12.889	 2.30	 1	 -42.1246	  174.6444
12.889	 2.04	 2	 -42.2488	  173.5912
12.891	 2.28	 1	 -41.7686	  174.3917
12.891	 2.98	 3	 -46.9415	  171.0581
12.891	 2.61	 2	 -42.4952	  173.1691
12.892	 2.25	 3	 -41.7770	  174.2038
12.894	 2.86	 3	 -42.5620	  173.2164
12.895	 4.54	 1	 -42.5895	  175.1151
12.895	 3.28	 1	 -41.7080	  174.2548
12.897	 2.32	 1	 -42.5277	  173.5796
12.899	 2.23	 1	 -42.1228	  173.5095
12.900	 2.16	 1	 -38.7410	  178.7717
12.902	 2.36	 1	 -41.6518	  174.1495
12.902	 2.51	 1	 -42.2079	  173.6905
12.902	 2.77	 1	 -42.3854	  171.8639
12.903	 2.56	 1	 -42.2716	  173.6446
12.903	 2.05	 1	 -42.3946	  173.7184
12.904	 2.72	 3	 -42.8903	  173.1627
12.905	 2.96	 2	 -41.7249	  174.3248
12.905	 2.05	 1	 -41.9601	  173.9841
12.906	 2.19	 1	 -42.5417	  173.6781
12.906	 2.04	 1	 -41.9280	  173.5121
12.911	 2.48	 3	 -41.5787	  174.3184
12.911	 2.82	 3	 -38.6368	  175.5060
12.911	 2.13	 1	 -41.7719	  174.1724
12.916	 2.19	 1	 -43.0355	  170.4805
12.916	 2.51	 4	 -41.6150	  174.3100
12.918	 2.35	 3	 -42.8434	  173.0208
12.920	 2.35	 1	 -41.7308	  174.0692
12.926	 2.84	 1	 -41.8206	  174.0204
12.927	 2.69	 4	 -42.5255	  173.0803
12.927	 2.19	 2	 -42.5738	  175.0900
12.929	 2.14	 1	 -41.8157	  175.0965
12.930	 2.09	 2	 -42.5996	  173.4419
12.930	 2.01	 1	 -42.6582	  172.8594
12.935	 2.13	 1	 -41.8845	  174.0035
12.944	 2.02	 2	 -41.6446	  174.1783
12.944	 2.63	 1	 -42.4459	  173.4057
12.947	 2.02	 1	 -42.3621	  172.8926
12.948	 2.40	 1	 -42.3684	  173.5128
12.949	 2.04	 2	 -42.6424	  172.6434
12.952	 2.09	 1	 -41.7968	  174.2874
12.954	 2.13	 1	 -42.9054	  173.6567
12.955	 2.22	 1	 -42.5406	  172.9316
12.955	 2.48	 2	 -41.7356	  174.1411
12.956	 2.22	 2	 -42.3419	  173.6874
12.960	 2.22	 2	 -41.7458	  174.2868
12.961	 2.91	 2	 -42.0975	  173.6214
12.963	 2.01	 2	 -41.8250	  174.0307
12.964	 2.93	 1	 -41.8991	  174.1605
12.964	 2.30	 1	 -41.6885	  174.2737
12.965	 2.21	 1	 -42.7907	  173.0099
12.966	 2.15	 1	 -41.8219	  174.2038
12.967	 2.92	 1	 -43.3421	  173.1449
12.967	 2.02	 2	 -41.7371	  174.2612
12.969	 2.14	 1	 -42.2684	  173.9285
12.969	 2.40	 2	 -42.6749	  173.0368
12.970	 2.48	 1	 -41.6866	  174.2701
12.971	 2.52	 3	 -42.5822	  173.0545
12.972	 2.20	 1	 -42.3083	  173.9893
12.974	 2.25	 2	 -43.4445	  175.3995
12.975	 2.04	 1	 -42.3479	  173.9656
12.977	 2.12	 2	 -42.2465	  174.0952
12.980	 3.28	 1	 -42.5333	  173.8023
12.980	 2.83	 1	 -42.7188	  173.0176
12.981	 2.04	 1	 -42.1567	  173.5699
12.983	 2.38	 2	 -42.1689	  173.3820
12.983	 2.26	 1	 -41.6813	  174.2652
12.984	 2.04	 1	 -42.3890	  174.0250
12.984	 2.49	 2	 -42.6900	  172.9397
12.984	 2.08	 1	 -42.2061	  173.7976
12.986	 3.39	 2	 -41.8065	  174.3436
12.988	 2.05	 3	 -42.5610	  172.8827
12.989	 2.33	 1	 -42.6699	  172.8259
12.990	 2.22	 2	 -41.9013	  174.3304
12.990	 2.07	 4	 -42.4299	  172.7568
12.991	 3.24	 1	 -41.8432	  174.2063
12.991	 2.35	 4	 -41.6136	  174.3623
12.992	 3.12	 2	 -41.7773	  174.4881
12.992	 2.01	 2	 -42.2659	  173.2607
12.993	 2.31	 2	 -42.5927	  175.0945
12.994	 2.39	 1	 -42.5771	  173.3069
12.996	 2.26	 1	 -42.6249	  173.5022
12.998	 2.02	 1	 -42.7077	  173.3364
12.998	 2.51	 1	 -42.5270	  172.9727
12.999	 2.09	 1	 -42.2960	  173.7022
13.002	 2.12	 1	 -41.7411	  174.2121
13.002	 2.06	 1	 -41.6833	  174.2257
13.006	 2.07	 2	 -42.2249	  172.6858
13.006	 2.30	 2	 -41.7513	  173.5173
13.009	 2.44	 1	 -42.1915	  173.7040
13.010	 2.10	 2	 -42.1785	  173.5503
13.014	 2.66	 1	 -42.4310	  172.9532
13.014	 2.94	 1	 -41.7465	  174.2566
13.014	 2.24	 3	 -40.2919	  174.5165
13.020	 2.46	 2	 -42.8650	  173.2639
13.022	 2.36	 3	 -42.4437	  173.5098
13.022	 4.37	 1	 -41.5414	  173.7767
13.023	 2.25	 1	 -42.3009	  173.4893
13.026	 3.17	 2	 -44.0132	  173.3459
13.027	 2.36	 2	 -42.1986	  173.3605
13.027	 2.39	 1	 -43.1177	  174.0602
13.031	 2.36	 1	 -42.6317	  173.6615
13.033	 2.07	 1	 -42.9724	  171.3751
13.034	 2.02	 1	 -42.2592	  173.6278
13.035	 2.43	 1	 -41.8101	  174.0049
13.036	 3.39	 1	 -42.2379	  173.6740
13.039	 2.02	 1	 -41.8240	  174.2629
13.040	 3.38	 3	 -41.7031	  174.1763
13.042	 2.04	 2	 -42.6801	  173.2510
13.043	 2.37	 1	 -41.9853	  174.0146
13.044	 2.01	 1	 -42.3074	  173.9470
13.044	 2.21	 1	 -42.4197	  173.3986
13.044	 2.01	 2	 -42.5829	  175.0704
13.044	 2.52	 1	 -42.6407	  172.8387
13.045	 2.60	 2	 -42.5726	  172.8512
13.045	 2.41	 2	 -43.1251	  173.2071
13.045	 3.68	 1	 -42.3521	  173.9770
13.048	 2.41	 2	 -42.5920	  175.1233
13.048	 2.09	 1	 -42.6758	  173.0184
13.049	 2.09	 2	 -42.5880	  175.1182
13.053	 2.01	 1	 -42.3495	  173.7824
13.053	 2.55	 2	 -40.2787	  174.4266
13.055	 2.72	 3	 -41.6329	  171.4809
13.058	 2.05	 1	 -42.7402	  173.2250
13.059	 2.44	 2	 -42.9070	  172.8839
13.060	 3.41	 3	 -42.7329	  173.2098
13.061	 2.36	 1	 -41.7025	  174.6671
13.063	 5.12	 3	 -43.0877	  173.0359
13.064	 2.31	 1	 -42.3154	  173.6055
13.064	 2.63	 4	 -43.0733	  173.0345
13.065	 2.23	 1	 -41.6654	  174.2026
13.068	 2.42	 4	 -43.1219	  173.0414
13.070	 2.03	 2	 -42.5243	  173.1689
13.070	 2.03	 2	 -41.6608	  174.3167
13.071	 2.07	 1	 -41.8250	  174.0627
13.073	 2.25	 1	 -42.6963	  172.9876
13.075	 2.52	 2	 -42.7083	  173.0257
13.077	 2.62	 1	 -42.7057	  172.8096
13.078	 2.26	 4	 -43.0519	  173.0935
13.079	 2.34	 1	 -43.0220	  172.9694
13.079	 2.00	 4	 -43.0645	  173.0077
13.082	 2.19	 4	 -42.9967	  173.0414
13.083	 2.53	 2	 -42.3224	  173.8086
13.084	 2.55	 1	 -42.9849	  173.0317
13.084	 2.07	 1	 -41.7490	  174.3440
13.085	 2.40	 2	 -43.6061	  173.7240
13.085	 2.67	 2	 -41.7982	  174.1589
13.085	 2.57	 2	 -42.4141	  173.0331
13.086	 2.21	 4	 -43.0982	  173.1015
13.087	 2.83	 1	 -41.9922	  174.0307
13.089	 2.07	 1	 -42.2904	  173.1154
13.089	 2.56	 1	 -41.9771	  173.6988
13.090	 2.61	 1	 -42.7080	  173.3624
13.091	 2.52	 1	 -41.8485	  174.1274
13.092	 2.07	 3	 -42.0668	  173.4404
13.092	 2.58	 2	 -42.8251	  172.7026
13.093	 2.02	 4	 -42.6167	  169.8005
13.096	 2.63	 2	 -42.1374	  173.5033
13.098	 2.45	 1	 -42.2442	  173.4617
13.102	 3.68	 4	 -43.1055	  173.0439
13.104	 2.44	 3	 -43.0710	  173.3420
13.108	 2.02	 3	 -42.1428	  173.5889
13.109	 2.30	 4	 -43.0536	  172.9904
13.111	 2.13	 2	 -41.7685	  174.2592
13.111	 2.09	 2	 -42.8450	  172.7806
13.111	 2.18	 1	 -42.0991	  173.8870
13.111	 2.09	 1	 -42.3752	  173.9650
13.112	 2.38	 1	 -41.6998	  173.5405
13.112	 2.19	 4	 -41.8046	  174.1914
13.114	 2.32	 1	 -42.2432	  173.8153
13.114	 2.28	 2	 -42.1734	  173.6949
13.116	 2.33	 2	 -42.7309	  173.0275
13.118	 2.14	 1	 -42.1290	  172.8255
13.119	 2.92	 2	 -42.5954	  172.5545
13.120	 2.66	 1	 -42.5796	  173.0896
13.121	 2.47	 1	 -42.0014	  174.1616
13.122	 2.32	 2	 -41.7544	  174.3683
13.126	 2.55	 1	 -41.8667	  174.2531
13.128	 2.64	 1	 -42.2503	  173.6434
13.128	 2.07	 4	 -43.1290	  173.0190
13.129	 2.27	 2	 -42.6054	  173.2791
13.132	 2.98	 3	 -41.9617	  173.9374
13.133	 2.58	 4	 -42.9618	  172.9182
13.133	 2.14	 1	 -42.5892	  174.4520
13.136	 2.51	 1	 -42.6046	  173.2030
13.136	 2.21	 1	 -42.6459	  172.8053
13.138	 2.40	 1	 -42.9000	  173.6809
13.141	 2.78	 3	 -42.6408	  173.1284
13.141	 2.04	 1	 -41.9686	  172.8720
13.142	 2.49	 2	 -41.7155	  174.1618
13.144	 2.09	 1	 -41.8695	  174.2609
13.145	 2.07	 2	 -43.2642	  171.1526
13.145	 2.08	 1	 -42.2016	  173.7445
13.146	 2.94	 1	 -42.1384	  173.3924
13.147	 2.78	 1	 -42.0203	  173.6983
13.148	 2.20	 2	 -42.7340	  173.0466
13.149	 2.05	 4	 -43.0547	  173.0668
13.151	 2.46	 1	 -42.5454	  173.2597
13.151	 2.02	 1	 -41.8096	  174.2875
13.153	 2.36	 2	 -40.3213	  174.3792
13.154	 2.54	 2	 -40.3125	  174.3672
13.156	 3.09	 4	 -42.4342	  173.5929
13.158	 2.58	 1	 -42.0254	  173.8443
13.160	 2.09	 1	 -42.1082	  173.5269
13.160	 2.36	 1	 -42.5156	  173.0843
13.162	 2.10	 1	 -41.9693	  174.1021
13.163	 2.06	 2	 -42.2131	  174.5540
13.164	 2.56	 3	 -41.7500	  174.2841
13.164	 2.04	 4	 -43.1665	  173.0620
13.166	 2.43	 3	 -41.9585	  172.2686
13.166	 2.04	 1	 -41.2538	  176.5035
13.168	 2.83	 2	 -42.8335	  172.9387
13.168	 2.10	 1	 -41.0627	  175.4977
13.170	 2.43	 2	 -42.5438	  175.0581
13.171	 2.36	 1	 -42.5228	  173.5994
13.171	 2.19	 4	 -43.1823	  173.7191
13.172	 2.01	 1	 -41.7915	  174.4499
13.173	 2.15	 1	 -41.6374	  174.2191
13.173	 2.71	 4	 -43.0306	  173.1197
13.176	 3.70	 1	 -42.1882	  173.8827
13.177	 2.28	 1	 -42.6609	  172.6698
13.179	 2.06	 1	 -41.8086	  174.0216
13.180	 2.17	 1	 -42.1960	  172.4594
13.181	 2.71	 1	 -42.2381	  173.5427
13.182	 3.20	 1	 -41.9724	  173.8536
13.184	 2.22	 3	 -42.4727	  173.4082
13.188	 2.36	 2	 -42.8676	  173.1337
13.189	 2.23	 1	 -42.6866	  172.8599
13.189	 2.48	 1	 -42.6782	  173.0721
13.196	 2.39	 1	 -42.1242	  173.6807
13.196	 2.42	 1	 -42.5254	  173.0846
13.198	 2.48	 4	 -42.4914	  173.2016
13.199	 2.33	 2	 -42.0532	  173.7231
13.200	 2.52	 1	 -42.6081	  174.2102
13.202	 2.21	 1	 -41.4605	  173.3875
13.203	 2.84	 1	 -41.7114	  174.2271
13.203	 2.21	 1	 -42.0764	  171.8351
13.204	 2.07	 4	 -43.6030	  173.4170
13.205	 2.84	 4	 -42.4132	  173.4574
13.208	 2.51	 4	 -43.0538	  173.0170
13.209	 3.30	 1	 -42.1575	  174.6142
13.211	 2.09	 2	 -42.7196	  173.3919
13.213	 2.08	 1	 -46.3945	  170.4321
13.216	 2.03	 2	 -41.5501	  173.7829
13.216	 2.45	 1	 -42.3273	  173.4592
13.216	 2.17	 3	 -41.6651	  174.3456
13.217	 2.06	 2	 -42.3921	  173.5914
13.220	 2.37	 1	 -42.4555	  174.2123
13.220	 2.00	 1	 -41.8256	  174.2868
13.221	 2.23	 1	 -42.4720	  173.8418
13.223	 2.45	 2	 -41.9016	  174.2772
13.224	 2.61	 2	 -42.4701	  174.1911
13.225	 2.14	 4	 -43.0967	  173.0205
13.226	 2.39	 2	 -42.1485	  174.6068
13.226	 2.27	 2	 -42.0596	  173.7003
13.228	 2.16	 1	 -41.8591	  174.4480
13.229	 2.35	 2	 -42.8083	  173.3557
13.231	 2.19	 1	 -41.9472	  174.5085
13.232	 2.02	 2	 -42.5665	  172.8308
13.234	 2.25	 2	 -42.1962	  174.1409
13.234	 2.34	 1	 -41.8050	  174.4046
13.236	 2.04	 1	 -41.6746	  174.3031
13.237	 2.43	 2	 -42.1454	  174.5561
13.238	 2.18	 1	 -42.2796	  173.7575
13.239	 2.09	 2	 -42.6225	  175.1967
13.239	 2.35	 1	 -42.2572	  173.1724
13.240	 2.04	 1	 -41.8573	  173.8098
13.243	 2.37	 1	 -42.3657	  173.6819
13.244	 2.21	 1	 -41.9649	  173.8740
13.247	 2.37	 2	 -41.8041	  174.1558
13.248	 2.09	 3	 -44.0499	  171.1393
13.248	 2.11	 3	 -42.8992	  173.1252
13.249	 2.24	 1	 -42.6568	  172.8764
13.249	 2.05	 1	 -42.6700	  172.9601
13.250	 3.00	 3	 -42.6807	  173.6911
13.254	 2.40	 1	 -41.7037	  174.4292
13.254	 4.33	 2	 -42.5920	  175.1180
13.255	 2.06	 2	 -42.3641	  173.8845
13.256	 2.12	 2	 -41.9939	  173.8666
13.257	 4.13	 1	 -42.5914	  172.9961
13.258	 2.46	 1	 -40.7414	  175.4835
13.260	 2.53	 2	 -42.7061	  172.9508
13.260	 2.61	 1	 -43.7248	  175.2122
13.260	 2.88	 1	 -42.7341	  174.4757
13.261	 2.03	 1	 -41.7983	  174.2186
13.262	 2.43	 2	 -41.6436	  174.3654
13.263	 2.04	 2	 -43.0425	  172.7483
13.264	 3.81	 1	 -42.0920	  173.8606
13.267	 2.50	 4	 -42.6757	  173.6511
13.271	 2.15	 1	 -42.5561	  174.0889
13.273	 2.39	 1	 -42.3080	  173.6242
13.273	 2.00	 1	 -41.8658	  174.0409
13.276	 2.21	 2	 -41.9361	  173.8356
13.278	 2.88	 1	 -42.6903	  173.0068
13.279	 2.27	 4	 -43.2893	  173.5532
13.282	 2.18	 3	 -42.0355	  173.4205
13.282	 3.51	 4	 -43.3271	  173.4229
13.282	 2.43	 3	 -42.3761	  173.3195
13.283	 2.10	 4	 -43.2386	  173.0944
13.283	 2.35	 1	 -42.4257	  173.3614
13.286	 2.36	 1	 -42.3809	  173.3462
13.289	 2.58	 1	 -42.5587	  174.2868
13.289	 2.04	 3	 -42.4702	  175.1403
13.290	 2.21	 3	 -42.5619	  175.1066
13.294	 2.00	 1	 -42.2027	  174.4133
13.295	 2.52	 5	 -42.4473	  173.3683
13.295	 2.01	 1	 -42.6230	  173.0083
13.296	 2.07	 2	 -42.5778	  174.4379
13.298	 2.21	 1	 -42.2625	  174.1664
13.300	 2.03	 1	 -40.3730	  179.1541
13.301	 2.22	 3	 -42.5586	  173.1929
13.301	 2.21	 3	 -40.2980	  174.2761
13.305	 2.77	 3	 -42.5953	  173.5074
13.305	 2.01	 1	 -44.8434	  175.1046
13.306	 2.47	 2	 -42.8793	  172.9762
13.309	 2.28	 1	 -41.5385	  174.2279
13.311	 2.59	 5	 -43.2298	  173.6776
13.314	 2.00	 3	 -42.5880	  175.1158
13.317	 3.17	 1	 -42.5328	  173.3360
13.320	 2.03	 2	 -41.7687	  174.2593
13.321	 2.31	 1	 -42.2365	  173.7245
13.322	 2.05	 2	 -41.8858	  174.0026
13.322	 2.58	 3	 -42.7316	  173.2323
13.322	 2.88	 1	 -42.4113	  172.7345
13.323	 2.11	 4	 -43.0769	  173.0217
13.324	 2.60	 1	 -42.4563	  173.0936
13.325	 2.14	 4	 -43.0931	  173.0867
13.329	 2.02	 1	 -42.7998	  173.0784
13.332	 2.18	 1	 -42.2256	  174.0886
13.333	 2.22	 1	 -42.8932	  173.4408
13.335	 2.63	 1	 -41.6814	  174.2660
13.336	 2.72	 1	 -41.9017	  174.0265
13.337	 2.72	 2	 -41.6488	  174.2997
13.338	 2.37	 3	 -42.6151	  173.3166
13.338	 2.18	 1	 -42.6634	  173.0301
13.339	 2.16	 4	 -43.3406	  173.8425
13.340	 2.56	 1	 -41.3922	  172.5487
13.345	 2.87	 2	 -42.8749	  173.0126
13.346	 2.02	 2	 -42.9656	  173.0954
13.349	 2.68	 2	 -42.9538	  173.7403
13.350	 2.45	 4	 -42.7007	  172.7336
13.350	 2.91	 3	 -42.8340	  173.2921
13.351	 2.59	 1	 -42.6574	  172.7667
13.354	 2.52	 1	 -42.5718	  173.1323
13.355	 2.55	 2	 -41.8577	  173.8106
13.356	 3.40	 2	 -42.5659	  173.1773
13.356	 2.01	 4	 -42.4066	  173.6296
13.357	 2.24	 1	 -41.6947	  174.2084
13.359	 2.15	 2	 -42.7411	  173.1924
13.362	 2.10	 1	 -46.8728	  175.2762
13.362	 2.34	 1	 -42.5133	  173.0963
13.367	 2.15	 1	 -42.3198	  174.1600
13.370	 2.00	 2	 -41.7000	  174.2484
13.371	 2.41	 3	 -41.9408	  174.2560
13.372	 2.38	 3	 -42.8846	  172.8564
13.374	 2.82	 1	 -42.5032	  173.5947
13.380	 2.46	 1	 -42.8241	  173.2024
13.381	 2.08	 2	 -41.5790	  173.6012
13.384	 2.07	 2	 -42.8078	  173.6473
13.384	 4.18	 2	 -41.8315	  173.9480
13.384	 2.24	 1	 -41.7436	  174.3336
13.385	 2.35	 3	 -42.3455	  172.9088
13.386	 2.82	 3	 -41.9179	  173.9479
13.387	 2.60	 4	 -43.2993	  173.5490
13.388	 2.03	 4	 -43.2259	  173.0605
13.389	 2.12	 1	 -42.4291	  172.9960
13.389	 2.50	 1	 -42.3016	  173.8526
13.391	 2.26	 2	 -39.8237	  171.8740
13.398	 2.09	 3	 -42.5899	  175.1023
13.398	 2.10	 1	 -41.9453	  174.1683
13.399	 2.20	 2	 -41.9173	  173.9565
13.399	 3.68	 3	 -42.9142	  173.1407
13.401	 2.99	 1	 -42.7145	  172.8379
13.410	 2.45	 2	 -42.9484	  174.8661
13.412	 3.34	 1	 -42.5589	  174.0794
13.414	 2.32	 1	 -42.6241	  172.8913
13.415	 2.07	 1	 -42.6067	  173.2725
13.416	 2.11	 1	 -42.4837	  173.6349
13.417	 2.22	 4	 -41.6925	  174.2827
13.420	 2.09	 2	 -42.2550	  173.7760
13.422	 2.47	 1	 -42.4477	  173.8166
13.423	 2.02	 1	 -42.8097	  173.1722
13.424	 2.55	 1	 -42.3392	  173.4490
13.426	 2.05	 2	 -43.8313	  173.2657
13.428	 2.07	 2	 -42.4841	  173.0860
13.428	 2.41	 4	 -41.6022	  174.1108
13.428	 2.01	 1	 -42.2651	  173.8696
13.431	 2.35	 3	 -41.5764	  174.4480
13.431	 2.14	 1	 -42.4816	  174.0328
13.432	 2.30	 1	 -41.6431	  174.2141
13.433	 3.06	 1	 -41.8742	  174.4112
13.434	 2.31	 1	 -41.9574	  173.7725
13.442	 2.11	 1	 -42.2319	  172.9974
13.445	 2.22	 2	 -41.6219	  174.3106
13.451	 2.96	 1	 -42.8817	  173.0465
13.453	 2.01	 1	 -42.5121	  174.2560
13.454	 2.12	 4	 -42.9022	  172.9115
13.455	 2.21	 1	 -42.3340	  173.9179
13.457	 2.01	 1	 -41.8847	  174.0011
13.457	 2.28	 1	 -42.4476	  173.1643
13.460	 2.52	 4	 -43.0949	  173.0307
13.462	 2.33	 1	 -41.9697	  173.6007
13.465	 2.28	 1	 -42.5896	  173.1638
13.468	 2.32	 3	 -42.9313	  173.2419
13.472	 2.11	 4	 -42.7748	  173.7916
13.473	 2.28	 1	 -42.4889	  173.7501
13.474	 2.08	 1	 -42.7015	  172.5678
13.474	 2.13	 1	 -41.9162	  173.6565
13.475	 2.16	 1	 -42.4475	  172.9778
13.475	 2.08	 2	 -43.3073	  172.0711
13.476	 3.09	 1	 -42.9517	  172.6774
13.478	 2.14	 1	 -42.5862	  172.0127
13.479	 3.13	 1	 -42.6217	  173.5416
13.480	 2.10	 2	 -42.8973	  173.4129
13.481	 2.25	 3	 -44.6610	  175.1647
13.483	 2.69	 4	 -43.0234	  173.0063
13.484	 2.09	 2	 -42.9095	  173.2968
13.484	 2.02	 1	 -42.6727	  172.7656
13.486	 2.85	 1	 -44.4861	  172.5060
13.487	 2.59	 4	 -41.6306	  174.0865
13.487	 2.84	 1	 -42.5935	  173.1894
13.487	 2.30	 2	 -41.7921	  173.9977
13.488	 2.25	 1	 -42.2093	  173.9270
13.488	 2.75	 1	 -42.0805	  174.2182
13.488	 2.31	 2	 -42.3441	  172.6775
13.492	 2.08	 2	 -42.8663	  173.0134
13.492	 2.18	 1	 -41.6810	  174.2752
13.494	 4.24	 1	 -41.7158	  174.2065
13.495	 2.74	 4	 -43.2748	  173.6096
13.497	 2.25	 1	 -42.6714	  173.5928
13.499	 2.05	 1	 -43.3386	  179.5653
13.500	 2.33	 1	 -42.2233	  173.6270
13.500	 2.60	 2	 -42.7470	  172.9533
13.502	 2.21	 4	 -43.0281	  173.2641
13.503	 2.10	 1	 -42.0084	  173.2516
13.506	 3.67	 1	 -41.7697	  174.2879
13.511	 2.23	 1	 -41.8305	  173.9546
13.512	 2.36	 1	 -42.4579	  173.1357
13.513	 2.19	 1	 -42.0829	  173.7934
13.515	 2.02	 1	 -41.7827	  174.4203
13.516	 2.36	 1	 -42.6589	  173.0004
13.516	 2.10	 2	 -42.3941	  173.3583
13.518	 2.04	 4	 -41.6046	  174.1457
13.518	 2.07	 2	 -42.4289	  173.3576
13.519	 2.72	 1	 -41.6299	  176.5150
13.519	 2.16	 1	 -43.0825	  180.0815
13.520	 2.45	 2	 -44.4974	  172.4975
13.521	 2.65	 1	 -42.5622	  172.6881
13.524	 2.37	 1	 -41.7119	  174.4770
13.527	 2.44	 1	 -42.2920	  173.9420
13.527	 2.03	 1	 -42.7645	  173.6796
13.527	 2.15	 2	 -44.4355	  172.7183
13.529	 2.02	 1	 -41.7988	  174.2327
13.530	 2.24	 1	 -41.7497	  174.3111
13.531	 2.78	 1	 -42.2543	  173.8521
13.531	 2.03	 2	 -42.3355	  173.7051
13.536	 2.16	 1	 -42.7826	  173.0874
13.536	 2.54	 2	 -43.2037	  173.4557
13.537	 2.61	 1	 -42.7711	  173.2232
13.537	 2.53	 4	 -43.2823	  173.4471
13.537	 2.20	 1	 -42.4678	  173.9466
13.538	 2.40	 1	 -42.7856	  173.0864
13.539	 2.84	 1	 -41.8069	  173.8542
13.541	 2.53	 1	 -41.7708	  174.3512
13.544	 3.21	 1	 -42.5340	  173.8032
13.544	 2.86	 1	 -41.8911	  174.1477
13.546	 2.27	 2	 -41.7772	  174.3031
13.547	 3.10	 2	 -42.0893	  174.2412
13.550	 2.73	 3	 -41.9520	  173.5991
13.552	 2.69	 2	 -41.5578	  173.7333
13.553	 2.45	 1	 -46.9430	  173.6967
13.555	 2.19	 2	 -46.9389	  170.8657
13.555	 3.07	 1	 -42.5641	  173.1189
13.555	 2.02	 2	 -46.9112	  173.7179
13.557	 2.27	 1	 -41.6749	  174.2334
13.557	 2.20	 1	 -42.0485	  173.7757
13.557	 2.08	 5	 -42.4898	  173.4514
13.559	 2.04	 1	 -42.3851	  172.8376
13.562	 2.87	 1	 -41.8399	  174.1677
13.564	 2.09	 1	 -42.7183	  172.8754
13.565	 2.33	 4	 -43.0964	  173.0482
13.567	 2.37	 2	 -41.7485	  174.2727
13.567	 2.70	 4	 -42.4866	  173.4403
13.570	 2.96	 2	 -42.9116	  170.9790
13.570	 2.11	 1	 -43.2016	  172.1552
13.571	 2.53	 2	 -42.7260	  172.8308
13.575	 3.23	 2	 -42.0612	  173.6859
13.578	 2.78	 4	 -43.0741	  173.0347
13.578	 2.36	 4	 -43.1453	  172.9515
13.579	 2.63	 1	 -41.7586	  174.2793
13.579	 2.35	 1	 -42.5407	  173.3312
13.585	 2.05	 1	 -40.2751	  167.8637
13.587	 3.37	 1	 -41.7853	  174.2972
13.588	 2.78	 1	 -42.2831	  173.1428
13.588	 3.30	 1	 -42.3905	  173.3570
13.588	 2.40	 3	 -47.3299	  173.3314
13.589	 2.32	 1	 -41.7032	  174.2971
13.590	 2.10	 1	 -41.3432	  174.5616
13.590	 2.13	 4	 -43.2776	  173.5171
13.592	 2.11	 1	 -42.2664	  173.9351
13.593	 2.46	 1	 -42.2620	  173.8685
13.594	 2.29	 1	 -42.7011	  172.7087
13.595	 2.43	 1	 -42.3638	  174.0356
13.597	 2.14	 3	 -42.6321	  175.1735
13.599	 2.05	 1	 -42.4133	  173.7520
13.601	 2.08	 1	 -42.4957	  173.8429
13.601	 2.07	 2	 -41.7931	  174.2447
13.601	 2.60	 1	 -42.6909	  172.5805
13.603	 2.06	 1	 -42.3195	  173.6977
13.604	 2.00	 2	 -41.3777	  174.4329
13.605	 2.59	 1	 -42.3230	  173.8382
13.605	 2.51	 1	 -41.6772	  174.2218
13.608	 2.11	 3	 -43.1711	  173.3199
13.611	 2.04	 1	 -42.2210	  173.5379
13.612	 3.74	 2	 -42.0536	  173.5689
13.615	 2.34	 2	 -41.7223	  174.1327
13.616	 3.27	 1	 -42.3557	  173.9069
13.619	 2.23	 1	 -42.0525	  173.7146
13.619	 2.06	 1	 -44.6720	  175.9164
13.624	 2.49	 2	 -42.1721	  173.4673
13.624	 2.11	 1	 -41.8452	  174.1845
13.626	 2.23	 3	 -41.9973	  174.2846
13.627	 2.21	 2	 -43.5527	  173.0932
13.628	 2.45	 1	 -42.1614	  173.9888
13.632	 2.15	 4	 -43.0940	  173.0475
13.632	 2.54	 3	 -41.6883	  174.1892
13.634	 2.92	 4	 -43.1650	  173.2361
13.636	 2.13	 1	 -41.3648	  173.9330
13.637	 2.14	 3	 -42.6812	  173.1669
13.637	 2.10	 1	 -42.4501	  174.5020
13.638	 2.53	 3	 -41.8139	  174.3547
13.641	 2.06	 4	 -43.0926	  172.9919
13.642	 2.69	 4	 -43.2570	  173.4947
13.642	 2.39	 1	 -41.6717	  174.3175
13.645	 2.40	 2	 -42.6172	  174.4481
13.646	 2.03	 1	 -42.6536	  173.2366
13.650	 2.64	 1	 -41.9357	  174.0875
13.651	 2.50	 2	 -43.5033	  174.0262
13.653	 2.06	 1	 -39.9748	  173.5358
13.654	 2.29	 1	 -43.2334	  172.5597
13.654	 2.35	 1	 -41.7665	  174.2645
13.656	 2.83	 2	 -42.6311	  172.9299
13.657	 2.36	 2	 -41.6135	  174.3090
13.664	 2.41	 1	 -42.9624	  174.2657
13.668	 2.27	 2	 -42.8826	  172.9942
13.668	 2.38	 1	 -42.4315	  173.3191
13.668	 2.38	 1	 -42.5202	  173.0525
13.669	 2.63	 1	 -41.7060	  174.2219
13.669	 2.08	 2	 -41.6144	  174.3412
13.670	 3.14	 3	 -42.4384	  173.4378
13.670	 2.25	 1	 -42.4011	  179.2325
13.671	 2.81	 1	 -40.9699	  176.4870
13.673	 2.26	 1	 -42.0631	  173.7164
13.675	 3.04	 3	 -41.5904	  174.3457
13.675	 2.12	 1	 -45.2432	  177.9256
13.677	 2.20	 3	 -42.0103	  173.3771
13.678	 2.23	 3	 -43.5854	  174.1366
13.681	 2.73	 3	 -42.5065	  173.5038
13.681	 4.57	 2	 -41.9178	  173.7932
13.682	 2.14	 1	 -41.7971	  174.1535
13.683	 2.56	 1	 -41.9761	  173.6469
13.688	 2.28	 3	 -41.5199	  173.0336
13.690	 2.23	 2	 -42.8201	  173.2396
13.690	 2.61	 2	 -42.5874	  175.1183
13.692	 2.43	 2	 -42.6419	  172.9634
13.697	 2.44	 2	 -42.0041	  173.8136
13.699	 2.61	 1	 -42.2556	  173.7664
13.699	 2.29	 2	 -42.3009	  173.7623
13.699	 2.02	 3	 -41.9275	  173.7916
13.704	 2.06	 3	 -41.6714	  174.7265
13.704	 2.03	 1	 -42.1372	  173.6104
13.708	 2.23	 1	 -42.1890	  173.5553
13.709	 3.67	 3	 -42.2621	  173.3289
13.711	 2.46	 2	 -45.0056	  174.2110
13.712	 2.65	 2	 -41.8637	  174.1911
13.714	 2.47	 3	 -44.5669	  167.0486
13.716	 3.73	 4	 -41.2076	  174.0510
13.716	 2.20	 4	 -43.2866	  173.4650
13.718	 3.11	 1	 -41.8244	  173.0563
13.719	 2.11	 1	 -42.4570	  173.0905
13.723	 3.86	 5	 -43.2716	  173.5172
13.723	 3.47	 4	 -42.9008	  173.0381
13.727	 2.22	 2	 -42.9324	  173.6510
13.739	 2.43	 2	 -42.9106	  173.3308
13.741	 2.34	 1	 -42.9337	  172.9184
13.741	 2.16	 1	 -42.2106	  172.0355
13.741	 4.75	 1	 -42.5246	  172.5551
13.742	 2.05	 1	 -42.2542	  173.6652
13.744	 2.46	 2	 -42.6565	  173.0912
13.744	 2.29	 1	 -41.7559	  174.1553
13.744	 2.12	 1	 -43.2252	  171.0385
13.746	 2.41	 1	 -43.1532	  173.0736
13.749	 2.27	 1	 -42.3019	  173.6718
13.750	 2.02	 2	 -42.5846	  172.9987
13.751	 3.04	 1	 -42.5596	  173.1828
13.752	 2.43	 1	 -42.4201	  173.3099
13.753	 2.50	 1	 -41.7832	  174.2019
13.753	 2.34	 1	 -42.6368	  173.1072
13.756	 3.24	 1	 -41.9068	  174.0472
13.756	 2.54	 1	 -41.7973	  174.2822
13.759	 2.46	 3	 -42.8781	  173.3645
13.759	 2.31	 3	 -41.6466	  174.2279
13.760	 2.09	 1	 -42.1112	  173.5730
13.761	 2.38	 1	 -42.7752	  173.2121
13.763	 2.40	 1	 -42.5184	  173.3702
13.764	 2.03	 1	 -42.6860	  173.1373
13.764	 2.75	 2	 -42.0657	  173.6981
13.766	 2.26	 1	 -42.2447	  173.8141
13.767	 2.03	 2	 -42.0544	  173.8010
13.768	 2.10	 1	 -42.7151	  172.8620
13.768	 2.15	 2	 -42.5139	  172.9364
13.769	 2.97	 1	 -42.3810	  172.9324
13.770	 2.46	 1	 -41.6397	  174.2824
13.772	 2.81	 1	 -42.1968	  173.7050
13.773	 2.37	 1	 -42.3568	  173.7751
13.779	 2.10	 1	 -41.8167	  173.7767
13.779	 2.20	 1	 -42.1428	  173.6431
13.783	 3.01	 3	 -41.6400	  174.2507
13.784	 2.95	 1	 -42.4020	  173.5854
13.785	 3.14	 1	 -42.2615	  173.7723
13.785	 3.64	 3	 -42.4889	  173.4267
13.786	 2.31	 2	 -39.3572	  174.3704
13.787	 2.52	 1	 -42.5752	  173.1480
13.790	 2.14	 4	 -41.7670	  174.6193
13.790	 2.79	 2	 -42.4643	  172.6080
13.791	 3.41	 1	 -42.5226	  173.0111
13.793	 3.41	 2	 -42.1582	  173.5796
13.793	 2.72	 1	 -42.4604	  173.7638
13.793	 2.05	 2	 -42.5441	  173.3778
13.793	 2.39	 1	 -41.9578	  173.8194
13.794	 2.67	 1	 -41.9995	  172.9286
13.795	 2.80	 2	 -41.8545	  174.0355
13.795	 2.53	 1	 -42.2223	  173.7148
13.796	 2.14	 1	 -44.8719	  172.8550
13.797	 2.24	 1	 -42.7425	  172.9578
13.798	 2.84	 2	 -41.7357	  174.3304
13.798	 2.53	 2	 -42.8719	  173.0429
13.798	 2.56	 2	 -42.3618	  173.3972
13.800	 2.06	 1	 -42.3752	  173.4661
13.801	 3.02	 1	 -41.7228	  174.2170
13.802	 2.59	 3	 -41.7767	  174.0159
13.807	 2.37	 1	 -42.3534	  173.8925
13.808	 2.10	 5	 -43.0644	  173.0075
13.810	 2.02	 3	 -42.0920	  174.2385
13.812	 2.62	 2	 -42.5052	  172.5311
13.814	 2.44	 2	 -41.7178	  174.2471
13.816	 2.05	 4	 -42.1059	  173.9492
13.817	 2.12	 1	 -42.5946	  173.1297
13.820	 2.01	 1	 -42.4586	  172.9842
13.820	 2.17	 1	 -42.3402	  173.6834
13.820	 2.09	 2	 -41.7599	  174.2442
13.822	 2.03	 4	 -43.1017	  173.0204
13.822	 2.09	 1	 -42.2579	  173.9429
13.825	 2.57	 1	 -41.7695	  174.2796
13.831	 2.37	 1	 -41.9978	  166.9778
13.831	 2.18	 2	 -42.6099	  172.4815
13.832	 2.10	 3	 -41.9151	  173.7988
13.832	 2.83	 2	 -42.7614	  173.3245
13.838	 3.12	 1	 -42.7234	  172.8806
13.840	 2.18	 1	 -42.0558	  173.6752
13.842	 2.30	 1	 -42.0407	  173.7782
13.842	 2.59	 1	 -42.7419	  173.0320
13.844	 2.09	 3	 -42.5459	  173.0001
13.844	 2.20	 2	 -43.6587	  172.0843
13.846	 2.08	 1	 -42.6113	  174.1768
13.847	 3.08	 1	 -42.6366	  172.9754
13.848	 2.18	 3	 -42.0640	  173.6983
13.852	 2.07	 1	 -43.2304	  173.1075
13.853	 2.03	 1	 -42.4985	  173.1538
13.856	 2.30	 1	 -42.3094	  173.6501
13.856	 2.25	 3	 -42.1690	  173.5839
13.859	 2.24	 1	 -41.7490	  174.2181
13.861	 2.70	 2	 -41.5130	  173.8195
13.864	 2.08	 4	 -43.2532	  173.4394
13.867	 2.38	 1	 -43.0425	  171.4746
13.867	 2.72	 1	 -42.3362	  174.0332
13.867	 2.52	 1	 -42.2666	  173.7205
13.869	 3.45	 1	 -42.1703	  173.5844
13.869	 2.57	 1	 -42.1494	  173.5557
13.871	 2.14	 1	 -42.5911	  173.0912
13.872	 2.00	 1	 -42.0917	  173.7585
13.873	 2.20	 3	 -42.1472	  174.5620
13.873	 2.73	 1	 -41.7846	  174.4030
13.874	 2.06	 1	 -42.5273	  173.1557
13.875	 2.91	 2	 -42.9214	  174.4194
13.876	 2.01	 1	 -41.8812	  174.0043
13.876	 2.00	 5	 -42.8668	  173.0471
13.879	 2.37	 3	 -42.0723	  173.6358
13.883	 2.12	 2	 -42.7330	  172.2343
13.884	 2.00	 1	 -42.5328	  172.8917
13.884	 2.16	 3	 -47.2652	  172.8223
13.886	 2.09	 1	 -42.3881	  173.9590
13.890	 2.09	 1	 -42.5954	  172.6470
13.891	 2.16	 2	 -42.6532	  173.5269
13.892	 4.16	 2	 -40.2931	  174.4465
13.895	 2.18	 2	 -42.2705	  173.7508
13.896	 2.63	 2	 -42.7130	  173.3218
13.897	 2.17	 2	 -42.1236	  173.8458
13.898	 3.40	 1	 -42.6510	  172.8104
13.900	 2.87	 1	 -42.1537	  174.6342
13.900	 3.06	 3	 -42.4595	  173.4819
13.903	 2.92	 1	 -42.6326	  174.0803
13.907	 3.15	 3	 -42.3000	  173.8050
13.912	 2.41	 2	 -40.4158	  174.4395
13.912	 3.31	 2	 -42.4568	  172.5470
13.917	 2.96	 1	 -41.8212	  174.0926
13.918	 2.06	 1	 -42.5322	  173.8041
13.918	 2.42	 1	 -42.6911	  173.1054
13.924	 2.43	 3	 -41.9129	  173.8340
13.925	 2.31	 1	 -39.9398	  177.8596
13.925	 2.13	 1	 -42.6490	  173.1069
13.927	 2.26	 1	 -42.5563	  173.5410
13.928	 2.36	 1	 -41.8258	  173.8767
13.930	 2.05	 1	 -42.1260	  172.8406
13.935	 2.20	 1	 -42.4961	  173.1112
13.935	 3.15	 1	 -42.2558	  172.5258
13.941	 2.11	 4	 -43.0857	  173.0617
13.941	 2.17	 1	 -41.7365	  174.2824
13.942	 2.40	 2	 -42.5830	  172.9868
13.942	 3.14	 4	 -43.0491	  173.0479
13.943	 2.39	 3	 -42.0877	  173.4408
13.943	 2.13	 3	 -42.4342	  173.5883
13.949	 2.28	 2	 -42.5838	  175.1235
13.950	 2.06	 1	 -42.6322	  173.1459
13.950	 2.44	 1	 -41.7460	  174.2871
13.952	 2.28	 2	 -43.5782	  170.9147
13.955	 2.11	 1	 -42.2511	  173.7008
13.955	 2.97	 1	 -42.3814	  173.8801
13.957	 2.26	 1	 -42.2359	  172.6745
13.958	 2.52	 1	 -42.2141	  173.5256
13.963	 2.94	 4	 -42.3773	  174.0798
13.969	 2.21	 2	 -42.2599	  173.1242
13.971	 2.52	 1	 -41.5920	  173.1972
13.973	 2.17	 2	 -42.5031	  172.5677
13.976	 2.08	 2	 -42.8439	  172.9630
13.979	 2.02	 1	 -42.1779	  173.6637
13.980	 2.27	 1	 -41.7598	  174.3383
13.980	 2.48	 4	 -43.0871	  173.0105
13.980	 2.28	 3	 -40.9658	  173.3739
13.981	 2.98	 1	 -41.7468	  174.2760
13.986	 2.02	 2	 -42.2167	  175.1104
13.989	 2.42	 1	 -41.7793	  174.4605
13.989	 2.62	 2	 -42.5566	  173.5548
13.993	 2.72	 1	 -41.9682	  173.9147
13.993	 2.15	 1	 -41.7274	  174.0723
13.993	 2.45	 1	 -42.1069	  174.0453
13.994	 2.08	 3	 -41.9257	  173.8127
13.999	 2.03	 1	 -42.7836	  173.2309
14.000	 2.18	 1	 -41.7654	  172.6114
