# Simulation 490
# RelativeTime(days) Magnitude Generation Latitude Longitude
Time Mag Gen Lat Lon
3.000	 3.68	 1	 -41.8789	  173.9174
3.000	 2.48	 1	 -42.6165	  173.0149
3.002	 2.04	 1	 -42.6317	  174.1393
3.002	 2.06	 1	 -41.9198	  174.1477
3.004	 2.10	 1	 -42.7660	  173.1930
3.004	 2.16	 1	 -41.8717	  174.1636
3.005	 2.08	 1	 -42.2406	  173.6787
3.005	 2.08	 1	 -42.4422	  173.6098
3.006	 2.02	 1	 -41.6521	  174.2505
3.006	 2.17	 1	 -42.3684	  173.2647
3.006	 2.82	 1	 -41.9491	  172.1285
3.006	 2.23	 1	 -41.3277	  174.3678
3.007	 2.48	 1	 -42.7659	  172.9852
3.007	 2.12	 1	 -42.1838	  173.8230
3.008	 3.07	 1	 -42.4539	  173.7817
3.008	 2.19	 1	 -41.6791	  174.2087
3.009	 2.19	 1	 -42.4546	  173.6636
3.009	 2.39	 1	 -41.6318	  174.3251
3.009	 2.19	 1	 -41.6057	  174.1645
3.011	 2.36	 1	 -42.3434	  173.7786
3.011	 2.32	 1	 -42.4086	  173.2193
3.013	 2.13	 1	 -42.3068	  173.4369
3.014	 2.56	 1	 -41.4677	  174.6398
3.014	 2.44	 1	 -42.4241	  173.5767
3.014	 2.25	 1	 -42.0398	  174.1128
3.014	 2.11	 1	 -42.6010	  172.5094
3.015	 2.10	 1	 -42.3726	  173.0466
3.016	 2.32	 1	 -42.1916	  173.8149
3.017	 2.34	 1	 -42.5341	  173.2184
3.018	 2.09	 1	 -41.7352	  174.2895
3.018	 2.13	 1	 -42.6641	  172.8076
3.019	 2.02	 1	 -42.4761	  173.0242
3.020	 2.52	 1	 -41.7508	  174.3442
3.020	 2.01	 1	 -41.9502	  172.3861
3.021	 2.24	 1	 -42.8097	  172.4287
3.023	 2.04	 1	 -42.5444	  173.1074
3.023	 2.95	 1	 -42.6684	  172.8169
3.023	 2.16	 1	 -42.3549	  173.6766
3.024	 2.12	 1	 -42.3855	  173.6821
3.025	 2.33	 1	 -42.4142	  173.4718
3.025	 2.81	 1	 -42.0033	  173.7764
3.025	 2.46	 1	 -41.7160	  174.2891
3.026	 2.56	 1	 -42.2690	  173.8039
3.026	 2.01	 1	 -42.9081	  173.6419
3.027	 2.05	 1	 -42.2671	  172.9951
3.027	 2.21	 1	 -42.3319	  173.6880
3.028	 2.63	 1	 -42.3223	  176.5179
3.028	 3.05	 1	 -42.5517	  173.3224
3.028	 2.12	 1	 -41.7161	  174.2873
3.029	 2.74	 1	 -41.6813	  174.2737
3.029	 2.21	 1	 -42.5053	  173.0902
3.031	 3.73	 1	 -42.4896	  173.6986
3.032	 2.08	 1	 -41.6645	  174.2944
3.032	 2.10	 1	 -42.5011	  173.4215
3.034	 2.10	 1	 -41.8832	  174.2367
3.034	 2.74	 1	 -40.0452	  171.8814
3.036	 2.08	 1	 -42.3778	  173.9356
3.036	 2.31	 1	 -42.4502	  173.2186
3.036	 2.13	 1	 -41.3899	  173.5992
3.036	 2.22	 1	 -41.8259	  174.1803
3.036	 2.51	 1	 -41.8443	  173.7871
3.036	 2.48	 1	 -41.7667	  174.1833
3.037	 2.12	 1	 -42.7619	  173.2986
3.038	 2.04	 1	 -41.9980	  173.8707
3.038	 2.06	 1	 -41.7238	  174.1276
3.039	 2.07	 1	 -41.7384	  174.1938
3.039	 2.46	 1	 -41.7229	  174.3306
3.040	 2.02	 1	 -42.4876	  173.2847
3.042	 2.26	 1	 -42.2497	  173.7164
3.042	 2.13	 1	 -41.8267	  174.2763
3.042	 2.62	 1	 -42.6257	  173.0254
3.043	 3.11	 1	 -42.5011	  173.0895
3.044	 2.28	 1	 -41.7606	  174.1354
3.045	 2.38	 1	 -42.3358	  173.4742
3.047	 2.45	 1	 -41.9597	  174.0553
3.047	 2.17	 1	 -42.2699	  173.9010
3.052	 2.03	 1	 -42.1417	  173.6885
3.052	 2.02	 1	 -43.3815	  172.5881
3.053	 2.53	 1	 -42.4522	  173.4016
3.053	 2.03	 1	 -42.4538	  173.1177
3.053	 2.20	 1	 -41.7125	  174.3133
3.054	 4.40	 1	 -42.2724	  173.7586
3.056	 2.04	 1	 -42.3162	  173.8190
3.056	 2.23	 1	 -42.4542	  173.1615
3.056	 2.68	 1	 -42.5507	  173.2015
3.057	 2.10	 1	 -41.2335	  175.3078
3.058	 2.22	 1	 -42.3631	  173.5349
3.058	 2.50	 1	 -42.3529	  173.6422
3.059	 2.30	 1	 -42.3500	  173.8302
3.059	 2.24	 1	 -41.7229	  174.3743
3.060	 3.05	 1	 -42.2521	  173.4902
3.063	 2.08	 1	 -41.9138	  173.2486
3.064	 2.86	 1	 -41.9767	  173.8741
3.065	 2.07	 1	 -42.3224	  173.8363
3.066	 2.21	 1	 -42.0921	  174.0253
3.066	 2.42	 1	 -42.3757	  173.5051
3.069	 2.07	 1	 -41.6435	  174.2533
3.069	 2.79	 2	 -42.2974	  173.7491
3.069	 2.08	 1	 -41.7462	  174.2884
3.071	 2.31	 1	 -42.3356	  173.7714
3.072	 2.33	 1	 -41.6291	  174.2406
3.072	 2.67	 1	 -42.2122	  173.6412
3.072	 3.07	 1	 -41.7686	  174.0579
3.072	 2.44	 1	 -42.2246	  173.1524
3.074	 2.26	 1	 -42.0245	  173.7351
3.074	 2.47	 1	 -42.3382	  173.4567
3.074	 2.79	 2	 -42.6124	  173.0096
3.074	 4.31	 1	 -42.0121	  173.6691
3.074	 2.12	 1	 -42.3200	  173.9446
3.074	 2.49	 1	 -43.0043	  167.0860
3.075	 2.66	 1	 -42.4925	  173.1377
3.075	 2.86	 2	 -42.4511	  173.7737
3.076	 2.39	 1	 -41.6842	  174.2266
3.076	 2.86	 1	 -41.7231	  174.2507
3.078	 2.12	 1	 -42.1957	  173.7507
3.078	 2.73	 1	 -42.3836	  173.7062
3.078	 3.25	 1	 -42.3847	  172.9867
3.079	 2.84	 1	 -42.2781	  173.8125
3.079	 2.45	 1	 -42.7549	  172.9173
3.079	 2.09	 1	 -42.1901	  174.1157
3.080	 2.15	 1	 -41.9712	  173.6853
3.080	 3.02	 2	 -42.3807	  172.9854
3.081	 2.04	 1	 -42.4431	  172.8204
3.084	 2.22	 1	 -41.6962	  174.3580
3.084	 3.48	 1	 -41.6271	  173.7277
3.084	 2.42	 1	 -42.5547	  173.5719
3.086	 2.47	 1	 -42.4337	  173.9019
3.086	 2.54	 1	 -42.2498	  173.5019
3.089	 2.81	 1	 -40.4876	  175.8665
3.089	 2.62	 1	 -42.6620	  172.9127
3.092	 2.78	 1	 -42.3548	  173.9573
3.092	 2.04	 1	 -43.0527	  173.0817
3.093	 2.36	 1	 -42.1149	  173.5213
3.093	 2.09	 1	 -42.3479	  173.4703
3.093	 2.50	 1	 -42.8568	  171.8863
3.094	 2.83	 1	 -38.7776	  172.8903
3.094	 2.55	 1	 -43.2280	  173.2759
3.095	 2.84	 1	 -42.3524	  173.4386
3.095	 2.03	 1	 -41.8136	  174.6734
3.095	 2.62	 1	 -42.0309	  173.6038
3.096	 2.39	 1	 -42.0696	  173.9164
3.096	 2.19	 1	 -42.3687	  173.5728
3.097	 3.38	 1	 -42.8613	  173.1169
3.097	 2.12	 1	 -42.4195	  173.3543
3.097	 3.38	 1	 -42.9203	  172.6121
3.097	 2.63	 1	 -42.5649	  173.1477
3.097	 4.52	 1	 -42.0057	  173.6680
3.098	 3.45	 1	 -42.2367	  173.8462
3.100	 2.29	 1	 -41.7343	  174.1778
3.100	 3.07	 1	 -42.4253	  173.2941
3.100	 2.01	 1	 -41.9824	  173.2856
3.100	 2.22	 1	 -42.2840	  173.7029
3.101	 3.33	 1	 -42.7521	  173.0267
3.101	 2.17	 1	 -42.3172	  173.8991
3.102	 2.20	 1	 -41.7117	  174.2831
3.103	 2.54	 1	 -42.5675	  172.8902
3.104	 2.25	 1	 -41.8486	  174.2377
3.104	 2.72	 1	 -42.3312	  173.1377
3.105	 2.52	 1	 -41.7678	  174.3205
3.105	 2.27	 1	 -42.2062	  173.3971
3.106	 2.06	 1	 -42.7365	  173.3433
3.106	 2.03	 1	 -43.5631	  174.2726
3.107	 2.18	 1	 -42.4609	  173.1004
3.107	 2.11	 1	 -41.9835	  173.7503
3.107	 2.14	 1	 -41.7100	  174.3383
3.108	 2.08	 1	 -42.0962	  173.7093
3.109	 2.11	 1	 -41.7815	  174.1320
3.109	 2.05	 1	 -41.9344	  173.9600
3.110	 2.05	 1	 -42.0347	  173.8017
3.110	 2.15	 1	 -42.5753	  172.8171
3.111	 3.04	 1	 -42.1021	  173.6355
3.111	 2.66	 1	 -42.6201	  173.3372
3.113	 2.87	 1	 -41.7820	  172.2608
3.113	 2.37	 1	 -42.4454	  173.8002
3.113	 2.81	 1	 -41.7294	  174.3449
3.113	 2.69	 1	 -41.7824	  174.2573
3.113	 2.23	 1	 -42.4261	  173.4687
3.113	 2.37	 1	 -41.7059	  174.2026
3.114	 2.47	 1	 -42.4288	  173.7569
3.114	 2.46	 1	 -42.4513	  173.0950
3.115	 2.71	 1	 -42.1856	  173.5981
3.116	 2.65	 1	 -42.4461	  173.5494
3.117	 2.39	 1	 -42.3763	  173.9058
3.117	 2.11	 1	 -41.6659	  174.3231
3.120	 2.19	 1	 -41.8548	  174.3165
3.120	 2.21	 1	 -42.0924	  172.8152
3.120	 2.10	 1	 -42.2200	  173.6748
3.121	 2.56	 1	 -42.3667	  174.0250
3.122	 2.28	 1	 -42.8730	  172.6434
3.125	 2.72	 1	 -42.6526	  172.7404
3.125	 2.49	 1	 -41.7646	  174.1913
3.126	 2.27	 1	 -41.8198	  174.0317
3.128	 2.10	 1	 -42.6813	  172.8966
3.129	 2.67	 1	 -41.8224	  174.2366
3.129	 2.00	 1	 -41.6585	  174.3468
3.130	 2.11	 1	 -42.2779	  173.6622
3.131	 3.04	 1	 -41.7693	  174.4180
3.132	 2.53	 1	 -42.5612	  173.0353
3.132	 2.11	 1	 -42.5383	  173.1060
3.133	 2.36	 1	 -42.4275	  173.8647
3.134	 2.11	 1	 -42.6829	  172.7835
3.134	 3.00	 1	 -41.7380	  174.2515
3.134	 2.11	 1	 -42.1071	  173.7520
3.135	 2.06	 1	 -41.6886	  174.2246
3.135	 2.22	 1	 -42.3897	  173.7928
3.135	 2.14	 1	 -42.8558	  172.9932
3.136	 2.24	 1	 -41.8479	  173.8996
3.136	 2.07	 1	 -42.3210	  174.0573
3.136	 2.03	 1	 -42.0157	  174.0689
3.137	 2.19	 1	 -42.1300	  173.4546
3.137	 2.34	 1	 -41.9157	  174.0800
3.137	 2.28	 1	 -42.1621	  173.7152
3.137	 2.87	 1	 -41.7281	  174.2201
3.138	 2.29	 1	 -42.2422	  171.7960
3.138	 2.22	 1	 -41.5891	  174.3030
3.140	 2.24	 1	 -42.4641	  173.1380
3.140	 2.46	 1	 -41.5325	  172.8138
3.140	 2.10	 1	 -42.6121	  173.1366
3.140	 2.19	 1	 -42.1184	  173.5918
3.141	 2.18	 1	 -41.7988	  174.3723
3.142	 2.31	 1	 -42.4534	  173.1836
3.144	 2.63	 1	 -41.5683	  174.1848
3.144	 2.02	 1	 -42.4504	  173.2840
3.145	 2.88	 1	 -42.6262	  173.4411
3.146	 2.21	 1	 -42.6483	  172.8143
3.146	 2.61	 1	 -42.6197	  173.0081
3.147	 2.16	 1	 -42.2953	  173.5425
3.147	 2.03	 2	 -41.7806	  172.2477
3.147	 2.27	 1	 -41.7289	  174.2752
3.148	 3.45	 1	 -42.5252	  173.1468
3.148	 2.14	 1	 -42.2228	  173.6065
3.149	 2.26	 1	 -41.6980	  174.2128
3.151	 2.39	 1	 -41.6874	  174.6105
3.151	 2.15	 1	 -42.8570	  172.6394
3.151	 3.05	 1	 -42.3878	  173.7199
3.152	 2.09	 1	 -42.0496	  173.1499
3.153	 2.40	 2	 -41.9954	  173.7033
3.154	 2.55	 1	 -42.1789	  173.6416
3.155	 2.79	 1	 -41.7470	  174.3012
3.155	 3.58	 1	 -42.6418	  174.2916
3.155	 3.49	 1	 -42.6256	  173.0511
3.155	 2.19	 2	 -42.1885	  173.7709
3.156	 2.53	 1	 -42.3436	  173.4989
3.157	 2.01	 1	 -41.7188	  174.1621
3.157	 2.14	 1	 -41.7559	  174.2735
3.158	 2.93	 2	 -41.8041	  174.2747
3.159	 2.37	 1	 -41.8598	  174.0368
3.161	 2.61	 1	 -42.4060	  173.2796
3.161	 2.40	 1	 -42.3758	  173.8049
3.162	 2.48	 1	 -42.2365	  173.5775
3.162	 2.02	 1	 -42.4219	  173.7153
3.162	 2.69	 1	 -42.3315	  173.9152
3.166	 2.50	 1	 -43.9977	  171.9180
3.166	 2.03	 1	 -42.4560	  173.3982
3.168	 2.24	 1	 -42.3748	  173.7426
3.168	 2.27	 1	 -42.6671	  172.7450
3.170	 2.36	 1	 -41.7580	  174.4551
3.170	 2.53	 1	 -41.7049	  174.3041
3.172	 2.48	 1	 -41.6705	  174.2863
3.173	 2.04	 1	 -42.4403	  173.4585
3.176	 2.26	 1	 -42.1287	  172.9324
3.178	 2.07	 1	 -42.2727	  173.8769
3.179	 2.41	 1	 -42.0681	  173.4347
3.179	 2.75	 1	 -41.7414	  174.1871
3.180	 2.35	 1	 -41.7327	  174.4198
3.180	 2.20	 1	 -42.0924	  173.7486
3.181	 2.23	 2	 -41.9928	  173.6705
3.181	 2.26	 1	 -41.7963	  174.2506
3.182	 3.13	 1	 -42.1407	  173.5766
3.182	 2.18	 1	 -42.4053	  173.0087
3.183	 3.34	 1	 -41.7459	  174.2718
3.184	 2.17	 1	 -42.2154	  173.7916
3.184	 2.22	 1	 -41.9808	  173.7563
3.185	 2.00	 1	 -41.7509	  174.3428
3.185	 2.32	 1	 -42.4231	  173.9042
3.185	 2.79	 1	 -42.2282	  173.5487
3.187	 2.14	 1	 -41.7618	  174.3142
3.187	 2.01	 1	 -43.2653	  173.0545
3.188	 2.83	 1	 -42.2854	  173.2625
3.188	 2.31	 1	 -42.2277	  173.5679
3.190	 2.66	 2	 -41.7654	  174.1951
3.190	 2.02	 1	 -42.4920	  173.1500
3.192	 2.01	 1	 -42.2467	  173.6103
3.194	 2.13	 1	 -42.3381	  173.4316
3.195	 2.35	 1	 -46.2237	  170.7774
3.197	 2.17	 1	 -42.6553	  172.6846
3.197	 2.34	 1	 -40.9776	  178.6775
3.198	 2.27	 1	 -41.9020	  174.0759
3.198	 2.30	 1	 -41.7328	  174.2876
3.199	 2.63	 1	 -41.7222	  174.2143
3.200	 3.00	 1	 -42.3092	  173.7545
3.200	 2.05	 1	 -44.1886	  172.7308
3.201	 2.18	 1	 -42.3558	  173.1945
3.202	 2.37	 1	 -41.8396	  173.9716
3.203	 3.02	 1	 -41.7479	  174.2787
3.204	 2.14	 1	 -42.0570	  174.1003
3.206	 2.22	 1	 -42.5128	  173.0556
3.206	 2.14	 1	 -42.2678	  173.6616
3.206	 2.37	 1	 -42.6496	  172.9815
3.206	 2.38	 1	 -42.2121	  173.5547
3.207	 2.28	 1	 -42.1432	  173.5061
3.208	 2.89	 2	 -42.4854	  173.0911
3.209	 2.07	 1	 -42.6302	  173.1961
3.209	 2.70	 1	 -41.6488	  174.2199
3.209	 2.49	 1	 -42.3404	  173.8337
3.210	 2.66	 2	 -42.6235	  173.0577
3.210	 2.07	 1	 -41.7707	  174.1630
3.211	 2.01	 1	 -42.0086	  174.2646
3.212	 2.74	 1	 -41.7132	  174.2732
3.214	 2.84	 1	 -41.7117	  174.3040
3.214	 2.35	 1	 -41.7148	  172.7402
3.215	 2.18	 1	 -41.8909	  174.2341
3.217	 2.61	 1	 -41.6431	  174.8002
3.218	 2.42	 1	 -41.6933	  174.1545
3.219	 2.11	 1	 -41.5498	  174.5923
3.219	 3.48	 1	 -42.1305	  173.7989
3.221	 3.37	 1	 -42.0463	  173.3370
3.221	 2.26	 1	 -43.2204	  174.0355
3.222	 2.51	 1	 -42.6858	  172.7422
3.223	 2.51	 1	 -42.3842	  173.8032
3.223	 2.67	 1	 -42.2922	  173.7469
3.223	 2.20	 1	 -41.6725	  173.6341
3.224	 2.69	 1	 -41.7856	  174.1541
3.224	 2.14	 1	 -42.1929	  173.5154
3.225	 2.28	 1	 -43.5735	  170.9368
3.225	 2.29	 1	 -42.9195	  172.6573
3.226	 3.00	 1	 -41.7104	  174.3283
3.227	 2.06	 1	 -41.7359	  174.2850
3.228	 2.69	 1	 -42.2754	  173.2941
3.229	 2.74	 1	 -42.4707	  173.2045
3.229	 2.15	 1	 -41.6553	  174.2698
3.230	 2.56	 1	 -42.5008	  173.0401
3.232	 2.03	 1	 -42.9616	  172.7505
3.236	 2.11	 1	 -42.3347	  172.9804
3.238	 3.83	 1	 -42.4852	  173.3286
3.238	 2.97	 1	 -41.9354	  172.6952
3.238	 2.46	 1	 -41.6500	  174.1143
3.240	 3.17	 1	 -42.0350	  174.4162
3.241	 2.20	 1	 -41.7445	  174.3031
3.241	 2.23	 1	 -41.9014	  173.8889
3.242	 2.34	 1	 -42.2641	  173.7364
3.242	 3.08	 1	 -42.2401	  173.5923
3.243	 2.47	 1	 -42.1080	  173.7835
3.245	 2.06	 1	 -42.0347	  172.7498
3.245	 2.69	 1	 -41.7199	  174.3112
3.246	 3.27	 2	 -42.7000	  173.1020
3.246	 2.54	 1	 -41.6881	  174.2367
3.246	 2.26	 1	 -42.7641	  173.5123
3.247	 2.41	 1	 -42.3660	  174.0018
3.253	 3.11	 1	 -41.8255	  174.1303
3.254	 2.25	 1	 -41.4207	  174.2580
3.254	 2.11	 1	 -42.4217	  173.0047
3.256	 2.17	 1	 -41.6448	  174.3278
3.257	 2.78	 1	 -42.2107	  173.3946
3.257	 2.04	 1	 -41.6964	  174.3180
3.257	 2.03	 1	 -42.0614	  174.0854
3.258	 2.20	 1	 -42.3359	  174.0236
3.258	 2.04	 1	 -42.2511	  172.7847
3.258	 2.03	 1	 -42.7217	  172.7630
3.259	 2.41	 1	 -42.3651	  173.7925
3.260	 3.11	 1	 -42.2230	  173.6332
3.260	 2.51	 1	 -42.3087	  173.6277
3.262	 2.24	 1	 -42.5717	  173.2625
3.263	 2.24	 1	 -42.3916	  173.5765
3.263	 2.04	 1	 -42.5870	  173.0744
3.264	 3.60	 1	 -41.7574	  174.2137
3.264	 2.81	 1	 -42.0163	  174.1566
3.264	 2.08	 1	 -40.7149	  172.8419
3.264	 2.41	 1	 -42.3405	  173.7469
3.265	 2.06	 1	 -42.1878	  173.4283
3.265	 3.07	 1	 -41.3352	  173.5528
3.266	 2.14	 1	 -41.5208	  174.0026
3.267	 2.33	 1	 -42.3870	  173.7430
3.268	 2.21	 1	 -42.0068	  173.8819
3.271	 2.32	 1	 -42.0871	  173.0688
3.271	 2.02	 1	 -42.5771	  172.6477
3.271	 2.13	 1	 -41.6956	  174.3219
3.271	 2.47	 1	 -41.7684	  173.9258
3.273	 2.06	 1	 -42.6336	  172.8220
3.274	 2.00	 1	 -42.4894	  172.9725
3.274	 3.64	 1	 -42.5026	  174.1057
3.275	 2.27	 1	 -42.3564	  173.4244
3.277	 2.35	 1	 -42.8085	  172.6887
3.278	 2.20	 1	 -42.2860	  174.0139
3.278	 2.06	 1	 -43.1357	  173.7630
3.280	 2.95	 1	 -41.8066	  174.1797
3.282	 2.05	 1	 -42.2119	  173.3351
3.282	 2.07	 1	 -42.5190	  173.5844
3.283	 2.07	 1	 -42.3747	  174.0372
3.283	 2.03	 1	 -42.4282	  173.6035
3.283	 2.23	 1	 -42.0519	  173.7713
3.284	 2.94	 1	 -41.8269	  174.2240
3.284	 2.04	 1	 -42.2912	  173.8641
3.286	 2.82	 1	 -42.6694	  172.9830
3.286	 2.16	 1	 -41.8647	  170.0522
3.288	 2.34	 1	 -41.6085	  173.7681
3.288	 2.84	 1	 -42.8698	  174.2611
3.289	 2.05	 1	 -41.9452	  173.7335
3.289	 2.70	 1	 -42.1994	  174.4824
3.292	 2.12	 1	 -45.2551	  171.8042
3.292	 2.06	 1	 -41.7161	  174.1627
3.294	 2.31	 1	 -42.2410	  173.7933
3.295	 2.42	 1	 -42.2657	  173.6161
3.295	 2.16	 1	 -42.1529	  173.5517
3.296	 2.97	 1	 -42.2921	  173.8526
3.296	 2.03	 1	 -42.1248	  173.6681
3.297	 2.52	 2	 -42.2642	  173.8736
3.297	 2.12	 1	 -41.8939	  173.9298
3.298	 2.07	 1	 -41.8321	  174.2893
3.301	 2.31	 1	 -42.2379	  173.6267
3.302	 2.25	 1	 -41.7844	  174.2529
3.303	 2.07	 1	 -42.4963	  173.3175
3.303	 2.63	 1	 -42.2101	  173.5693
3.303	 3.06	 1	 -41.9287	  173.7435
3.304	 2.73	 1	 -41.5677	  174.3972
3.304	 2.76	 1	 -41.8630	  174.2426
3.304	 2.56	 2	 -42.6640	  172.6759
3.305	 2.85	 1	 -42.2365	  170.9904
3.307	 2.25	 1	 -42.3001	  173.8569
3.307	 2.96	 1	 -41.8369	  174.0778
3.308	 2.37	 1	 -41.2759	  172.5820
3.308	 2.29	 2	 -42.3010	  173.7695
3.308	 2.06	 2	 -42.4600	  173.2514
3.308	 2.02	 1	 -41.9474	  174.3088
3.309	 2.24	 2	 -42.0003	  173.6829
3.310	 2.69	 1	 -42.4355	  173.7267
3.314	 2.41	 1	 -42.4708	  173.5919
3.315	 2.62	 1	 -42.2927	  173.6786
3.315	 2.11	 1	 -42.2395	  173.7219
3.315	 2.36	 1	 -42.2787	  173.9696
3.315	 2.06	 1	 -41.7726	  174.1327
3.316	 2.02	 1	 -41.6902	  174.3116
3.318	 2.00	 1	 -41.7133	  174.1829
3.318	 2.14	 1	 -41.7052	  174.3253
3.318	 2.08	 1	 -42.5715	  173.3532
3.320	 2.10	 1	 -42.5374	  173.1360
3.320	 2.11	 1	 -41.9855	  174.1379
3.320	 2.04	 1	 -42.4643	  173.8937
3.320	 2.26	 1	 -42.4153	  173.2016
3.321	 2.13	 1	 -42.0244	  173.7869
3.322	 3.03	 1	 -42.3647	  173.7979
3.324	 2.05	 1	 -41.6679	  174.2065
3.324	 2.32	 1	 -42.4379	  173.1734
3.326	 2.11	 1	 -41.4409	  174.3151
3.327	 2.21	 1	 -42.4528	  173.0961
3.327	 2.10	 1	 -42.5396	  173.0621
3.328	 2.31	 1	 -42.3124	  173.8651
3.330	 2.93	 1	 -42.6175	  173.2063
3.332	 2.07	 1	 -42.3762	  173.9782
3.333	 2.16	 2	 -42.0144	  173.6595
3.333	 3.41	 1	 -42.1658	  173.6373
3.334	 2.41	 1	 -42.6666	  172.7731
3.334	 3.29	 1	 -42.2417	  173.8500
3.335	 2.31	 2	 -42.0509	  173.6446
3.335	 2.09	 2	 -42.7537	  173.0258
3.336	 2.03	 1	 -41.6616	  174.0521
3.337	 2.31	 1	 -42.5410	  172.8878
3.338	 3.62	 1	 -42.6424	  173.0924
3.338	 2.27	 1	 -42.7651	  173.3574
3.339	 2.26	 1	 -42.3116	  173.9386
3.340	 2.58	 1	 -42.4686	  172.7094
3.341	 2.08	 1	 -41.8784	  173.5742
3.341	 2.24	 1	 -42.2777	  173.8984
3.341	 2.43	 1	 -41.8542	  174.1443
3.341	 2.61	 1	 -42.4359	  174.1851
3.341	 2.17	 1	 -42.6443	  173.7905
3.342	 2.15	 1	 -42.4358	  172.9906
3.342	 2.29	 1	 -42.4863	  173.1760
3.345	 2.16	 1	 -42.2837	  173.4969
3.345	 2.03	 1	 -41.5908	  174.4404
3.346	 3.52	 2	 -41.7568	  174.2234
3.346	 2.15	 1	 -41.6661	  174.1946
3.347	 2.52	 1	 -41.7061	  174.1059
3.347	 2.30	 1	 -42.2869	  173.5363
3.348	 3.13	 2	 -41.7071	  174.3918
3.348	 2.25	 1	 -42.7819	  171.8938
3.349	 2.41	 1	 -42.5059	  173.2755
3.352	 4.08	 1	 -41.6160	  171.3586
3.352	 2.28	 1	 -42.7653	  172.8299
3.353	 2.04	 1	 -42.6631	  172.9330
3.353	 4.13	 1	 -42.4255	  173.9782
3.353	 2.48	 1	 -42.6939	  172.9126
3.353	 2.12	 1	 -41.7527	  174.3374
3.353	 2.15	 1	 -42.3492	  172.9513
3.354	 2.19	 1	 -42.4101	  173.2752
3.355	 2.40	 1	 -42.2719	  173.7601
3.355	 2.77	 2	 -41.8191	  174.2259
3.356	 2.24	 1	 -42.2668	  173.4547
3.356	 2.59	 1	 -42.2595	  173.9198
3.360	 2.62	 1	 -42.6083	  172.7383
3.361	 2.07	 1	 -42.6168	  174.1279
3.361	 2.33	 1	 -42.3371	  173.6019
3.363	 2.11	 1	 -43.1312	  173.3419
3.364	 2.02	 1	 -43.3980	  172.1603
3.364	 2.18	 2	 -42.6220	  173.0336
3.364	 2.14	 1	 -42.3165	  173.9627
3.364	 2.11	 1	 -41.8118	  174.2090
3.365	 2.86	 1	 -42.4583	  172.8014
3.365	 2.31	 1	 -41.6804	  174.1761
3.366	 2.65	 1	 -42.2341	  173.7189
3.366	 3.41	 1	 -41.9676	  174.0748
3.367	 2.14	 1	 -42.2965	  173.5816
3.367	 2.69	 1	 -41.9067	  174.0555
3.368	 2.24	 1	 -41.7893	  174.1935
3.368	 2.09	 1	 -42.0029	  173.6275
3.369	 2.50	 1	 -42.0915	  173.4278
3.370	 2.54	 1	 -42.3828	  173.0836
3.371	 2.22	 1	 -42.0384	  172.6752
3.372	 2.08	 1	 -42.9512	  173.6899
3.372	 2.91	 1	 -41.9481	  173.9987
3.373	 2.32	 2	 -41.6882	  174.2367
3.373	 2.50	 1	 -41.6926	  173.7855
3.373	 2.36	 1	 -41.7419	  174.3150
3.374	 2.24	 1	 -42.4506	  172.9226
3.375	 2.03	 1	 -41.7724	  174.5322
3.375	 2.07	 1	 -42.5471	  173.1679
3.375	 2.91	 1	 -42.4958	  173.0619
3.376	 2.13	 1	 -41.6835	  174.0947
3.376	 2.44	 1	 -41.7250	  174.2992
3.376	 2.46	 1	 -42.8247	  172.6933
3.376	 2.19	 1	 -42.3164	  173.3905
3.377	 2.21	 1	 -41.7327	  174.3606
3.377	 3.32	 1	 -41.8831	  173.8909
3.378	 2.22	 1	 -42.4628	  173.7079
3.379	 2.10	 1	 -41.9283	  173.3342
3.379	 2.07	 1	 -42.4997	  173.2265
3.379	 2.07	 1	 -41.9850	  173.9160
3.379	 2.10	 1	 -41.7324	  174.2695
3.379	 4.13	 1	 -41.6050	  174.3508
3.380	 2.10	 1	 -41.9008	  173.8593
3.380	 2.75	 1	 -42.4522	  173.7920
3.381	 2.25	 1	 -42.4646	  173.0284
3.382	 2.03	 1	 -43.0840	  172.8532
3.382	 2.44	 1	 -42.5720	  173.3874
3.383	 2.18	 1	 -42.2555	  173.7309
3.384	 2.50	 1	 -41.6808	  174.8056
3.385	 2.09	 1	 -41.7293	  174.1976
3.385	 2.74	 1	 -41.6936	  174.1527
3.385	 2.35	 1	 -42.6980	  173.1605
3.385	 2.81	 1	 -42.3279	  173.7352
3.386	 3.15	 1	 -41.7085	  174.2902
3.386	 2.07	 1	 -40.2801	  168.2102
3.386	 2.65	 2	 -42.8782	  174.2786
3.388	 2.20	 1	 -42.0566	  173.7872
3.390	 2.23	 1	 -42.3444	  173.0149
3.392	 2.52	 1	 -42.6625	  172.6443
3.392	 2.54	 2	 -41.9019	  173.8211
3.392	 2.09	 1	 -42.3602	  173.5515
3.393	 2.06	 1	 -41.9127	  174.2575
3.393	 3.26	 1	 -42.4428	  173.7710
3.393	 2.31	 1	 -41.8360	  174.1415
3.393	 2.38	 1	 -42.2851	  173.8247
3.394	 2.03	 1	 -42.0252	  173.7772
3.394	 2.08	 1	 -42.1509	  173.5823
3.395	 2.04	 1	 -43.9555	  171.0947
3.397	 2.31	 1	 -41.8103	  174.1563
3.397	 2.65	 1	 -42.8151	  174.9141
3.399	 2.27	 1	 -41.8169	  174.0180
3.400	 2.36	 1	 -42.4277	  173.6828
3.401	 2.00	 2	 -42.3648	  173.7995
3.402	 2.07	 2	 -42.1757	  173.6893
3.402	 2.32	 1	 -42.2674	  173.2575
3.403	 2.02	 1	 -41.8775	  173.9406
3.403	 2.46	 1	 -42.0534	  174.2955
3.403	 2.06	 1	 -42.1198	  173.6759
3.404	 2.08	 1	 -42.1177	  173.6878
3.405	 2.04	 1	 -42.7009	  172.8390
3.407	 2.37	 1	 -42.2398	  173.4761
3.407	 2.05	 2	 -38.7928	  172.8899
3.408	 2.02	 1	 -42.4578	  173.2078
3.410	 2.24	 1	 -41.9036	  172.9967
3.410	 2.21	 1	 -42.4654	  173.3641
3.411	 2.24	 1	 -42.7098	  172.9697
3.411	 2.24	 1	 -41.8080	  174.1844
3.411	 2.21	 1	 -42.7715	  172.6995
3.412	 2.76	 1	 -42.4942	  173.4228
3.412	 2.46	 1	 -42.5155	  173.5648
3.412	 2.30	 1	 -41.3851	  175.5300
3.414	 2.26	 2	 -41.7659	  174.1575
3.414	 2.21	 1	 -41.7876	  174.2678
3.415	 2.27	 1	 -42.2047	  173.6094
3.415	 2.26	 1	 -42.1297	  173.6330
3.416	 2.08	 1	 -41.7949	  174.2558
3.417	 2.16	 1	 -42.4966	  173.9674
3.419	 2.37	 1	 -42.6425	  173.1999
3.419	 2.17	 1	 -41.7643	  174.2096
3.421	 2.48	 1	 -42.1627	  173.3962
3.421	 2.57	 1	 -44.5762	  170.0425
3.422	 2.06	 1	 -43.0859	  173.1942
3.424	 2.53	 1	 -42.1660	  173.7083
3.426	 2.40	 1	 -42.1156	  173.9465
3.427	 2.52	 2	 -41.8338	  174.2964
3.427	 3.24	 1	 -42.0984	  174.1275
3.428	 2.95	 1	 -42.2627	  173.5274
3.428	 2.80	 1	 -42.7164	  173.1138
3.428	 2.08	 1	 -42.1499	  173.6337
3.428	 2.86	 1	 -42.3566	  173.6340
3.429	 2.22	 1	 -41.6820	  174.2566
3.429	 2.55	 1	 -42.2758	  173.6156
3.431	 2.62	 1	 -42.9346	  173.0061
3.432	 3.25	 1	 -42.4144	  173.2916
3.432	 2.18	 1	 -41.7124	  174.3157
3.434	 2.15	 1	 -42.3365	  173.8878
3.434	 3.02	 1	 -41.7506	  174.2258
3.434	 2.20	 1	 -41.7835	  174.3089
3.436	 2.20	 1	 -41.6205	  171.8110
3.436	 2.28	 2	 -42.2457	  173.7586
3.436	 2.05	 1	 -41.9973	  173.7332
3.436	 3.63	 1	 -42.3500	  174.0156
3.436	 2.42	 1	 -42.3130	  173.7090
3.436	 3.24	 1	 -41.9750	  173.6669
3.439	 2.64	 2	 -41.7394	  174.2519
3.440	 3.03	 1	 -41.7662	  174.0729
3.441	 2.07	 1	 -41.1255	  174.5746
3.441	 2.29	 1	 -42.5057	  172.8818
3.441	 2.11	 1	 -42.5449	  173.2193
3.442	 2.67	 1	 -41.6579	  174.2677
3.443	 2.05	 1	 -42.4278	  173.0486
3.446	 2.80	 1	 -42.4877	  172.9897
3.446	 2.07	 1	 -42.5478	  173.9850
3.447	 2.31	 1	 -42.3645	  173.8108
3.449	 3.98	 1	 -42.2136	  172.7495
3.449	 2.43	 1	 -42.8083	  172.9409
3.451	 3.35	 1	 -41.7152	  174.3819
3.451	 2.88	 1	 -42.0374	  173.6890
3.451	 2.02	 1	 -42.0178	  173.7681
3.452	 2.92	 1	 -42.2863	  173.6177
3.452	 2.40	 1	 -42.4894	  173.2821
3.452	 2.17	 1	 -44.0386	  174.9642
3.453	 2.52	 1	 -41.8118	  174.0345
3.455	 2.20	 1	 -42.2900	  173.6405
3.456	 2.40	 1	 -42.5792	  172.9730
3.456	 2.42	 1	 -41.7383	  174.1678
3.456	 2.18	 1	 -42.0690	  173.5785
3.457	 2.08	 1	 -41.7302	  174.2883
3.457	 2.52	 1	 -42.2835	  173.9084
3.458	 3.85	 1	 -41.6892	  174.3250
3.459	 2.06	 1	 -42.4447	  173.0048
3.459	 2.33	 2	 -42.6575	  172.7407
3.459	 2.79	 1	 -42.4467	  173.7467
3.460	 3.34	 1	 -42.0014	  173.6489
3.462	 3.13	 1	 -42.3717	  172.1313
3.462	 2.59	 1	 -41.6624	  174.3925
3.462	 2.13	 1	 -42.3015	  173.5979
3.464	 2.81	 1	 -41.6679	  174.4058
3.466	 2.09	 1	 -41.8242	  174.2010
3.466	 2.72	 1	 -42.5142	  173.1507
3.467	 2.87	 1	 -42.1503	  172.7279
3.468	 2.01	 1	 -41.8754	  173.6756
3.469	 2.02	 1	 -41.7296	  174.2885
3.470	 2.78	 1	 -41.8608	  173.9711
3.471	 2.26	 1	 -42.4532	  173.2349
3.473	 2.09	 1	 -42.7427	  173.1706
3.475	 2.05	 1	 -41.7241	  174.2644
3.475	 2.77	 1	 -42.5453	  172.8254
3.476	 2.04	 1	 -40.2504	  172.3011
3.477	 2.47	 1	 -42.4844	  173.2892
3.477	 2.09	 1	 -42.5216	  173.2507
3.478	 2.16	 1	 -41.6634	  174.1682
3.480	 2.28	 1	 -42.1038	  173.7036
3.481	 2.03	 1	 -41.9979	  173.7722
3.481	 2.38	 1	 -41.7094	  174.2013
3.483	 2.32	 1	 -41.8581	  174.3885
3.483	 2.13	 1	 -42.2033	  173.6286
3.484	 2.39	 1	 -41.7440	  174.3157
3.485	 3.65	 1	 -42.6377	  172.9951
3.485	 2.62	 1	 -41.9908	  173.6248
3.486	 2.71	 1	 -42.3776	  173.9075
3.486	 2.21	 2	 -42.3005	  173.8368
3.487	 2.11	 1	 -42.8027	  173.2795
3.488	 2.27	 2	 -41.9815	  173.6880
3.488	 3.52	 2	 -42.5040	  173.2761
3.489	 2.23	 1	 -41.7094	  174.1733
3.490	 2.15	 1	 -39.3290	  177.5055
3.490	 2.65	 1	 -42.1586	  173.6042
3.492	 2.06	 1	 -42.3798	  172.6660
3.492	 2.45	 1	 -42.2575	  172.8808
3.492	 2.21	 1	 -41.6992	  174.4171
3.493	 3.54	 1	 -42.1630	  173.5369
3.495	 3.06	 1	 -42.5167	  173.0547
3.496	 2.45	 1	 -45.2961	  178.1367
3.497	 2.99	 1	 -42.1682	  173.5410
3.497	 3.66	 1	 -42.6275	  172.8951
3.498	 2.43	 1	 -44.0115	  176.2250
3.498	 2.47	 1	 -41.8535	  174.5782
3.499	 2.14	 2	 -42.2938	  173.6376
3.499	 2.28	 2	 -41.6236	  171.3582
3.501	 2.44	 1	 -42.3650	  174.9514
3.501	 2.22	 1	 -41.7618	  174.1887
3.502	 2.03	 1	 -42.4114	  173.6431
3.502	 2.04	 2	 -42.8082	  172.6917
3.504	 2.06	 1	 -41.6772	  174.3358
3.504	 2.06	 1	 -42.4509	  174.0419
3.505	 2.10	 1	 -42.3879	  173.7137
3.505	 2.22	 1	 -42.6115	  173.1299
3.505	 2.75	 1	 -41.8512	  173.9465
3.506	 2.13	 1	 -42.7591	  172.7905
3.507	 3.07	 1	 -42.3264	  173.8104
3.508	 2.46	 1	 -41.6353	  174.6125
3.508	 2.10	 1	 -41.6695	  173.9892
3.508	 2.56	 1	 -42.4822	  173.4369
3.509	 2.29	 2	 -42.1641	  173.5370
3.511	 2.05	 1	 -42.3549	  173.4593
3.513	 2.23	 1	 -42.9295	  173.1757
3.513	 2.70	 1	 -42.6447	  173.3701
3.514	 2.42	 1	 -42.1624	  173.8966
3.514	 2.01	 1	 -42.4212	  173.6756
3.515	 2.03	 1	 -41.7058	  174.3428
3.516	 2.13	 1	 -42.4030	  173.1215
3.517	 2.20	 1	 -42.9116	  172.7764
3.517	 2.47	 1	 -41.9105	  174.0888
3.517	 2.07	 1	 -42.4640	  173.1716
3.518	 2.01	 1	 -42.4895	  173.0146
3.519	 2.26	 1	 -42.1166	  173.1859
3.519	 2.53	 1	 -41.9832	  173.6991
3.519	 2.36	 1	 -42.1408	  173.1762
3.520	 2.65	 1	 -41.0924	  173.6161
3.520	 2.27	 1	 -41.8532	  174.4767
3.521	 2.51	 1	 -41.7502	  174.2973
3.521	 2.32	 1	 -43.3045	  174.4743
3.522	 2.23	 1	 -42.5732	  173.2194
3.524	 2.05	 1	 -42.1655	  173.5618
3.525	 2.21	 1	 -42.7901	  172.9039
3.526	 2.32	 2	 -41.6129	  174.3608
3.526	 2.45	 2	 -42.4078	  173.2934
3.527	 2.55	 1	 -42.5333	  173.5854
3.528	 2.60	 2	 -41.7520	  174.2269
3.529	 2.78	 1	 -43.2559	  177.5736
3.530	 2.07	 1	 -42.5803	  173.3338
3.530	 2.23	 1	 -42.2610	  173.7279
3.532	 2.46	 1	 -41.5096	  174.4218
3.532	 2.57	 1	 -41.8258	  174.1843
3.536	 2.35	 2	 -42.2863	  173.8235
3.536	 2.12	 1	 -42.4549	  174.1298
3.537	 3.48	 1	 -42.3313	  173.2109
3.538	 2.90	 1	 -41.9342	  174.1402
3.538	 2.79	 1	 -41.6953	  174.0926
3.539	 2.20	 1	 -42.4393	  173.7272
3.540	 2.02	 1	 -42.6342	  173.2856
3.541	 2.37	 1	 -41.7756	  174.3704
3.543	 2.67	 1	 -42.5737	  172.8680
3.543	 2.35	 1	 -42.0259	  173.7249
3.543	 2.39	 1	 -42.5804	  173.3058
3.543	 2.61	 1	 -42.6501	  172.7056
3.544	 2.04	 1	 -42.2755	  173.8814
3.545	 2.47	 1	 -42.3862	  173.1469
3.545	 2.15	 1	 -41.7902	  174.2833
3.546	 2.41	 1	 -42.6730	  173.0489
3.546	 2.41	 1	 -42.7551	  173.3995
3.547	 2.34	 1	 -42.5523	  173.7512
3.548	 2.17	 1	 -41.6994	  174.2055
3.549	 2.71	 1	 -42.7853	  173.1326
3.550	 2.63	 1	 -42.5294	  173.1980
3.551	 2.08	 1	 -42.5193	  173.3865
3.551	 2.01	 1	 -42.1877	  173.8311
3.552	 2.74	 1	 -42.1402	  173.5408
3.552	 3.10	 3	 -42.5118	  173.2484
3.553	 2.34	 1	 -42.1341	  173.5464
3.555	 2.10	 1	 -42.2374	  173.8168
3.555	 2.03	 1	 -42.1478	  173.5813
3.555	 2.06	 1	 -41.6630	  174.3195
3.556	 4.44	 1	 -42.2747	  173.7061
3.557	 2.25	 1	 -42.6964	  172.5519
3.557	 2.32	 2	 -42.2769	  173.9542
3.557	 2.01	 1	 -42.3425	  173.9124
3.559	 2.64	 1	 -42.4894	  173.6984
3.559	 2.00	 1	 -41.7668	  174.1231
3.559	 2.17	 1	 -41.8189	  173.8096
3.559	 2.14	 1	 -42.0321	  173.7259
3.560	 2.02	 1	 -38.5951	  172.1424
3.560	 2.61	 1	 -43.0680	  175.0769
3.560	 2.99	 2	 -42.0038	  173.6646
3.560	 2.80	 1	 -41.8762	  173.9619
3.561	 2.21	 1	 -42.3099	  173.6267
3.561	 2.99	 1	 -45.6625	  172.0751
3.561	 2.17	 1	 -42.3589	  173.9107
3.562	 2.38	 1	 -42.5117	  173.6323
3.562	 2.50	 1	 -42.3052	  173.7077
3.564	 2.02	 1	 -41.5844	  174.3800
3.566	 2.04	 1	 -42.0105	  173.8593
3.566	 2.05	 2	 -42.4768	  173.1319
3.566	 2.16	 1	 -42.1348	  173.8824
3.567	 2.44	 1	 -42.5161	  173.0292
3.568	 2.10	 1	 -42.4885	  173.6212
3.568	 2.08	 1	 -42.2402	  173.5701
3.568	 2.39	 1	 -42.2331	  172.6219
3.569	 2.71	 1	 -41.4615	  172.0844
3.569	 2.06	 1	 -42.4721	  173.0487
3.569	 2.46	 1	 -42.1699	  173.8237
3.570	 2.81	 1	 -42.0823	  173.4624
3.571	 2.26	 2	 -42.2665	  173.8440
3.573	 2.39	 2	 -41.9748	  173.6365
3.573	 2.17	 1	 -42.7468	  173.0550
3.574	 2.33	 1	 -42.2532	  173.5617
3.575	 2.14	 1	 -42.1415	  173.5157
3.577	 2.76	 1	 -42.0344	  173.6757
3.578	 2.47	 1	 -41.1857	  172.8200
3.578	 2.01	 1	 -42.0259	  173.7774
3.578	 2.26	 1	 -44.3524	  172.6391
3.578	 2.12	 1	 -41.6748	  174.2341
3.580	 2.43	 1	 -42.4956	  173.1611
3.580	 2.59	 1	 -42.4267	  173.7971
3.583	 2.18	 2	 -42.3717	  173.5055
3.584	 3.24	 1	 -41.6885	  174.2810
3.584	 2.83	 2	 -41.7109	  174.1999
3.586	 3.26	 1	 -42.3506	  173.9933
3.587	 2.05	 1	 -41.9736	  174.0007
3.588	 2.43	 1	 -42.0598	  173.6808
3.588	 2.62	 1	 -41.7346	  174.1907
3.589	 2.03	 1	 -41.7170	  174.3216
3.590	 3.07	 1	 -42.1887	  173.6715
3.591	 2.02	 1	 -41.7706	  174.1707
3.593	 2.30	 2	 -42.4861	  173.7006
3.594	 2.78	 1	 -37.7684	  173.1216
3.595	 2.21	 1	 -41.7902	  174.4179
3.597	 2.18	 1	 -41.7796	  174.2552
3.597	 2.46	 1	 -42.2189	  173.6049
3.597	 2.58	 1	 -42.3821	  173.8674
3.597	 2.09	 1	 -41.7462	  174.2245
3.597	 2.44	 1	 -42.3188	  173.8225
3.598	 3.61	 1	 -42.7771	  172.4075
3.600	 2.10	 1	 -42.6615	  173.0227
3.600	 2.28	 1	 -41.7281	  174.3439
3.600	 2.14	 2	 -44.0014	  176.2304
3.601	 3.24	 1	 -42.7010	  172.9855
3.602	 2.08	 1	 -42.4031	  173.8079
3.603	 2.15	 1	 -42.4357	  173.0866
3.603	 2.69	 1	 -42.4934	  173.9370
3.603	 2.38	 1	 -41.6560	  174.2795
3.604	 2.22	 1	 -42.4136	  174.0198
3.605	 2.73	 1	 -41.8056	  174.1904
3.607	 2.31	 1	 -42.2813	  173.8596
3.607	 2.39	 1	 -41.8228	  174.2800
3.608	 2.54	 1	 -41.6274	  174.3818
3.608	 2.20	 2	 -41.8347	  173.9276
3.608	 2.44	 1	 -41.6657	  174.2621
3.608	 2.64	 1	 -42.2518	  174.1931
3.609	 2.16	 1	 -42.2015	  173.5911
3.609	 3.01	 1	 -42.5641	  173.1267
3.609	 2.13	 1	 -42.1662	  173.5964
3.610	 2.79	 2	 -42.2812	  173.6911
3.611	 3.32	 1	 -42.0302	  173.6401
3.611	 2.13	 1	 -42.3325	  173.7895
3.611	 2.13	 1	 -42.4310	  173.3972
3.613	 2.85	 1	 -42.2741	  173.6476
3.614	 2.20	 1	 -42.3982	  173.3526
3.614	 3.02	 1	 -42.3784	  174.0512
3.615	 2.04	 1	 -42.1431	  173.5596
3.616	 2.39	 1	 -41.8190	  174.1773
3.616	 2.10	 1	 -42.0754	  173.5691
3.617	 2.46	 1	 -44.0301	  171.8743
3.619	 2.40	 1	 -41.7419	  174.2568
3.620	 2.60	 1	 -41.6542	  174.1749
3.621	 2.26	 1	 -42.0761	  174.0587
3.621	 2.55	 1	 -41.7220	  174.3015
3.622	 2.28	 1	 -41.9453	  174.0212
3.623	 2.43	 2	 -42.2631	  173.7122
3.624	 2.82	 1	 -42.4301	  173.0752
3.627	 2.98	 1	 -42.0716	  173.8009
3.629	 2.06	 1	 -41.9875	  174.9493
3.629	 2.76	 2	 -42.4999	  173.7107
3.630	 2.28	 1	 -42.8178	  172.1492
3.631	 2.43	 1	 -41.7343	  174.3459
3.632	 2.35	 1	 -41.7253	  174.2687
3.632	 2.01	 1	 -41.7296	  174.2758
3.633	 2.13	 2	 -42.3471	  173.9836
3.633	 2.11	 1	 -42.0000	  173.8291
3.633	 2.10	 1	 -42.1806	  170.7563
3.634	 3.28	 1	 -41.7076	  174.2095
3.634	 2.45	 1	 -42.3124	  174.0267
3.634	 2.16	 1	 -42.3510	  173.0292
3.636	 2.05	 1	 -42.3858	  173.8587
3.636	 2.03	 1	 -41.6798	  174.2262
3.636	 2.20	 1	 -42.3040	  173.5879
3.636	 2.07	 1	 -41.6958	  174.1680
3.637	 2.49	 1	 -42.5261	  173.4026
3.638	 2.28	 1	 -41.9091	  174.1671
3.639	 2.08	 1	 -42.5666	  173.0986
3.639	 2.46	 1	 -41.9420	  173.8868
3.640	 2.20	 1	 -42.4397	  173.2576
3.640	 2.19	 1	 -42.6432	  173.5157
3.640	 2.84	 2	 -42.2967	  173.6969
3.640	 2.46	 1	 -42.8874	  172.6839
3.641	 2.01	 1	 -42.2519	  173.6193
3.641	 2.54	 1	 -42.0451	  172.3527
3.641	 3.43	 1	 -42.2509	  173.7029
3.642	 2.26	 2	 -42.2874	  173.5517
3.643	 2.03	 1	 -42.5222	  175.6346
3.643	 2.35	 1	 -42.1479	  173.6667
3.644	 2.01	 1	 -42.3853	  173.1348
3.644	 2.30	 1	 -42.6635	  173.1480
3.645	 2.30	 1	 -42.1049	  173.1705
3.645	 2.36	 2	 -42.2678	  173.7156
3.645	 2.08	 1	 -42.7308	  173.0057
3.646	 2.28	 1	 -41.7336	  174.3923
3.647	 2.35	 2	 -42.2213	  173.7142
3.648	 2.40	 1	 -42.1619	  173.7771
3.648	 2.96	 2	 -42.4888	  173.3234
3.649	 2.25	 1	 -42.5085	  173.8961
3.649	 2.24	 1	 -41.6958	  174.1316
3.649	 2.44	 1	 -42.7240	  173.0340
3.650	 2.48	 1	 -42.7946	  172.9630
3.650	 2.96	 2	 -41.6379	  174.3296
3.650	 3.09	 1	 -43.0668	  173.6225
3.652	 2.12	 1	 -41.8333	  174.1916
3.653	 2.04	 1	 -41.3730	  173.3721
3.653	 3.12	 1	 -41.9370	  174.0174
3.654	 2.62	 1	 -41.5653	  174.0575
3.654	 2.06	 1	 -42.4226	  172.7147
3.654	 2.82	 1	 -42.1705	  173.8973
3.655	 2.75	 1	 -42.5133	  173.3156
3.655	 2.11	 1	 -42.4492	  173.4936
3.656	 2.17	 1	 -42.5819	  173.1262
3.658	 3.48	 2	 -42.3073	  173.8784
3.658	 2.04	 2	 -42.3618	  173.1278
3.658	 2.69	 1	 -41.6611	  174.2446
3.659	 2.05	 1	 -42.1683	  173.8378
3.659	 2.12	 2	 -41.5682	  174.3931
3.661	 2.43	 1	 -42.4311	  173.1450
3.662	 2.08	 1	 -42.2288	  173.7541
3.662	 2.20	 1	 -41.7071	  174.4518
3.662	 2.07	 1	 -42.0457	  173.8652
3.665	 2.43	 1	 -41.9622	  173.8421
3.665	 2.23	 1	 -41.8719	  174.4591
3.666	 2.41	 1	 -41.7328	  174.2714
3.666	 2.58	 1	 -42.3096	  174.0611
3.666	 3.51	 1	 -42.6397	  173.3639
3.667	 2.10	 1	 -41.7845	  174.1981
3.667	 2.10	 1	 -45.7333	  169.8374
3.667	 2.01	 1	 -41.9112	  173.5875
3.667	 2.26	 1	 -42.3447	  173.0789
3.668	 2.32	 1	 -42.5015	  173.1911
3.670	 2.23	 1	 -42.5422	  173.9456
3.671	 2.29	 1	 -41.7319	  174.1879
3.673	 2.54	 1	 -43.1066	  172.0441
3.673	 2.07	 1	 -42.7871	  173.1224
3.674	 2.08	 1	 -41.8035	  174.1153
3.674	 2.05	 1	 -42.5806	  173.0228
3.674	 2.09	 1	 -41.5543	  174.3918
3.675	 2.22	 1	 -42.3561	  173.1653
3.677	 2.04	 1	 -38.5312	  170.1586
3.677	 2.45	 1	 -41.7118	  174.2471
3.678	 2.39	 1	 -41.6656	  174.2167
3.678	 2.28	 1	 -42.3864	  172.9866
3.679	 2.08	 1	 -42.0726	  173.4558
3.681	 2.41	 1	 -41.6947	  174.2769
3.682	 2.02	 1	 -42.6030	  173.0591
3.684	 2.21	 1	 -41.6316	  174.3376
3.684	 2.96	 1	 -41.7691	  174.2512
3.684	 2.16	 1	 -42.1514	  173.7892
3.684	 2.64	 1	 -42.1700	  172.9129
3.685	 2.53	 1	 -42.5133	  173.7561
3.685	 2.10	 1	 -41.7236	  174.2959
3.686	 2.34	 1	 -42.3733	  173.0008
3.687	 2.84	 1	 -42.1967	  173.9101
3.687	 2.20	 1	 -42.3709	  173.9939
3.690	 2.14	 1	 -41.6881	  174.2690
3.691	 2.56	 1	 -43.7675	  171.6086
3.693	 2.19	 1	 -42.5816	  172.9826
3.693	 2.26	 1	 -40.1893	  174.2289
3.693	 2.13	 1	 -42.4897	  173.0489
3.694	 2.68	 2	 -42.2689	  173.7518
3.694	 2.39	 1	 -41.7547	  173.9309
3.695	 2.29	 1	 -42.6320	  173.0574
3.695	 2.70	 1	 -42.4828	  173.1519
3.696	 2.06	 1	 -41.7556	  174.4980
3.698	 2.01	 1	 -42.1289	  174.2913
3.698	 2.78	 1	 -41.8132	  174.2321
3.699	 2.02	 2	 -42.2554	  174.2007
3.699	 3.18	 1	 -41.7179	  174.2817
3.700	 2.14	 1	 -41.8514	  174.2883
3.700	 2.25	 1	 -41.8023	  174.2691
3.702	 2.28	 1	 -42.3618	  173.8080
3.703	 2.17	 1	 -41.8037	  174.1122
3.703	 2.20	 1	 -42.5171	  173.3136
3.704	 2.51	 1	 -41.4916	  174.3714
3.705	 2.31	 1	 -42.4377	  173.1362
3.705	 2.02	 1	 -41.7209	  174.1322
3.706	 2.07	 1	 -42.4471	  173.4723
3.707	 2.02	 1	 -41.7269	  174.3089
3.707	 3.06	 1	 -41.8375	  174.1932
3.707	 3.14	 1	 -41.7537	  174.1394
3.709	 2.68	 1	 -42.6208	  172.8881
3.710	 2.04	 1	 -42.5566	  173.0803
3.710	 2.02	 1	 -41.8047	  173.9961
3.710	 4.28	 1	 -42.5963	  172.7216
3.710	 3.09	 1	 -42.6710	  173.0541
3.710	 2.13	 1	 -41.8647	  174.2507
3.712	 2.03	 1	 -42.6090	  171.9603
3.712	 3.08	 1	 -42.3535	  173.7237
3.715	 2.15	 1	 -42.3372	  173.1522
3.715	 2.39	 2	 -42.1976	  173.7576
3.715	 2.92	 1	 -43.5118	  171.9518
3.716	 2.19	 1	 -40.4237	  178.5686
3.717	 2.13	 1	 -42.5508	  173.1995
3.718	 2.04	 1	 -42.6309	  173.1508
3.718	 2.94	 1	 -42.4801	  173.1396
3.718	 2.07	 1	 -45.0366	  169.2794
3.719	 2.81	 1	 -41.7939	  174.2339
3.719	 2.29	 1	 -42.3533	  174.0811
3.719	 2.22	 1	 -41.6828	  174.2691
3.721	 2.25	 1	 -42.3747	  173.9194
3.721	 3.52	 2	 -41.9686	  173.6867
3.723	 2.48	 1	 -42.2657	  173.9733
3.723	 2.25	 1	 -42.3482	  173.8706
3.724	 2.26	 1	 -42.2244	  173.6544
3.724	 3.63	 1	 -42.0094	  173.9069
3.725	 2.04	 1	 -42.3758	  173.5570
3.726	 2.72	 1	 -42.7224	  172.9525
3.726	 2.72	 1	 -41.7096	  174.2400
3.727	 2.05	 1	 -42.4748	  172.9796
3.729	 2.99	 1	 -41.9007	  174.0193
3.730	 2.62	 1	 -42.5934	  173.1396
3.732	 2.44	 1	 -41.7328	  174.2534
3.732	 3.26	 1	 -42.3031	  173.8964
3.735	 2.12	 1	 -42.7617	  175.4701
3.735	 2.09	 1	 -42.6996	  173.2186
3.735	 2.15	 1	 -42.2237	  173.8500
3.738	 2.04	 1	 -42.9022	  172.8479
3.740	 2.05	 1	 -42.0014	  173.7119
3.741	 2.15	 1	 -42.5174	  173.2428
3.743	 3.42	 1	 -42.5471	  173.5717
3.743	 2.21	 1	 -42.8279	  173.0499
3.743	 2.16	 1	 -42.3834	  174.0301
3.744	 2.54	 1	 -42.5386	  173.1951
3.745	 2.03	 1	 -42.6684	  173.2085
3.745	 2.21	 1	 -41.7643	  174.2056
3.745	 2.47	 1	 -41.8098	  174.1569
3.746	 2.54	 1	 -41.7349	  174.3173
3.746	 2.10	 1	 -42.1631	  173.5872
3.747	 2.39	 1	 -41.9547	  173.7925
3.748	 3.07	 1	 -42.2570	  173.2910
3.748	 2.60	 2	 -41.7526	  174.1756
3.749	 2.05	 1	 -41.7418	  174.3205
3.749	 2.06	 1	 -41.6510	  174.1430
3.750	 3.31	 1	 -42.1543	  173.5775
3.751	 2.11	 1	 -42.2758	  173.7124
3.751	 2.21	 1	 -41.7806	  174.2352
3.752	 2.43	 1	 -42.4415	  173.4615
3.752	 4.04	 1	 -43.0144	  173.1791
3.754	 2.59	 2	 -42.4379	  173.8680
3.755	 2.74	 1	 -41.7341	  174.5188
3.756	 2.25	 1	 -42.2214	  173.4923
3.758	 2.48	 1	 -42.1573	  174.5157
3.758	 2.20	 1	 -41.7222	  174.3700
3.761	 2.29	 1	 -42.3917	  173.1374
3.763	 2.28	 1	 -42.4044	  173.2117
3.764	 2.45	 1	 -42.5144	  173.0261
3.765	 2.27	 1	 -42.7668	  173.7416
3.766	 2.19	 1	 -42.4320	  173.2861
3.773	 2.79	 1	 -41.6128	  174.1519
3.773	 2.13	 1	 -41.8568	  174.4881
3.773	 2.33	 1	 -41.7000	  173.9732
3.776	 2.06	 1	 -42.6911	  172.9207
3.776	 2.05	 1	 -42.5208	  173.6119
3.777	 2.03	 1	 -41.4643	  172.9623
3.777	 2.08	 1	 -42.6614	  172.7440
3.779	 2.37	 1	 -42.5588	  172.8030
3.780	 2.03	 1	 -42.5496	  173.2608
3.781	 2.75	 1	 -41.9486	  173.9510
3.783	 2.34	 1	 -42.2591	  173.6388
3.784	 2.15	 2	 -42.0271	  173.6399
3.786	 2.02	 1	 -41.9133	  174.5354
3.787	 2.42	 1	 -42.5877	  173.4215
3.787	 2.14	 1	 -42.3730	  173.7794
3.787	 2.38	 1	 -41.7961	  172.7057
3.787	 2.72	 1	 -41.7284	  174.2507
3.788	 2.60	 1	 -41.7630	  174.3065
3.788	 2.33	 1	 -41.7065	  174.2728
3.789	 3.44	 1	 -42.3034	  173.9131
3.790	 3.02	 1	 -42.3927	  174.0514
3.791	 2.19	 1	 -42.2736	  173.6353
3.791	 2.33	 1	 -42.4181	  174.3709
3.791	 2.26	 1	 -41.6558	  174.2609
3.791	 3.61	 1	 -42.0106	  173.5024
3.792	 2.39	 1	 -42.4418	  173.1609
3.792	 2.14	 1	 -41.7912	  174.0653
3.793	 2.32	 2	 -42.3558	  173.6363
3.794	 2.54	 1	 -42.3555	  173.9889
3.795	 2.13	 1	 -41.5516	  174.3872
3.796	 2.06	 1	 -42.2939	  170.6821
3.797	 2.25	 1	 -42.1880	  173.6035
3.798	 2.28	 1	 -41.8344	  174.2497
3.798	 3.11	 1	 -41.6938	  174.2526
3.798	 2.07	 1	 -42.3322	  173.6561
3.800	 2.12	 1	 -42.6349	  172.9048
3.800	 2.00	 1	 -41.7280	  174.2831
3.802	 2.15	 1	 -41.6985	  174.1757
3.802	 2.12	 1	 -41.7071	  174.2808
3.802	 2.16	 1	 -42.0820	  173.8692
3.803	 2.30	 1	 -42.3337	  174.0627
3.803	 2.01	 1	 -41.6535	  174.2623
3.803	 2.16	 1	 -42.3436	  173.3672
3.804	 2.43	 1	 -41.8512	  174.2978
3.804	 2.38	 2	 -42.2520	  173.6210
3.805	 2.04	 1	 -42.3098	  174.0541
3.805	 3.31	 1	 -42.5731	  173.1352
3.806	 2.05	 1	 -42.3754	  174.0003
3.806	 2.73	 1	 -42.1257	  173.8309
3.807	 2.35	 1	 -41.9915	  173.8088
3.807	 2.68	 1	 -42.4954	  173.1263
3.807	 2.82	 2	 -41.9964	  173.6677
3.808	 2.04	 1	 -42.4263	  173.6938
3.808	 2.08	 1	 -42.5331	  173.7430
3.808	 2.27	 1	 -42.5990	  173.0138
3.809	 2.96	 1	 -42.0254	  173.6105
3.810	 2.28	 1	 -42.7802	  173.0093
3.811	 2.41	 1	 -42.5893	  172.7660
3.811	 2.03	 1	 -42.2579	  172.4888
3.812	 2.21	 1	 -41.5799	  174.2341
3.812	 2.31	 1	 -41.6627	  174.3496
3.813	 2.99	 1	 -43.0695	  174.5441
3.813	 2.01	 1	 -42.1736	  173.7641
3.814	 2.68	 1	 -40.9074	  173.9031
3.815	 2.10	 2	 -42.2584	  173.7540
3.816	 2.38	 1	 -42.2736	  173.6320
3.816	 2.82	 1	 -42.4723	  173.9654
3.817	 2.06	 1	 -41.8065	  174.2814
3.817	 2.16	 1	 -41.6817	  174.2307
3.817	 2.28	 1	 -41.8555	  173.3816
3.818	 2.15	 1	 -41.7406	  174.3082
3.820	 2.27	 1	 -41.8211	  173.9910
3.820	 2.65	 1	 -41.7756	  174.2567
3.821	 3.13	 1	 -46.9172	  172.2795
3.821	 3.42	 1	 -40.9820	  173.5085
3.822	 2.03	 1	 -42.3275	  173.8563
3.822	 2.19	 2	 -42.2520	  173.2903
3.823	 2.81	 1	 -42.6410	  172.7932
3.825	 2.14	 1	 -41.8840	  174.0838
3.827	 2.32	 1	 -42.7523	  173.2192
3.827	 2.05	 2	 -42.0052	  173.7422
3.828	 2.16	 1	 -42.1820	  173.8459
3.828	 2.05	 1	 -41.7780	  174.2974
3.829	 2.82	 1	 -42.9325	  175.2113
3.830	 2.09	 1	 -42.6212	  172.8638
3.831	 2.39	 1	 -42.3637	  173.9183
3.833	 2.35	 1	 -42.3465	  173.8928
3.837	 2.23	 1	 -42.3514	  173.4396
3.837	 2.31	 1	 -42.6997	  172.8331
3.838	 2.03	 1	 -42.7862	  174.3897
3.839	 2.52	 1	 -42.2081	  173.6719
3.839	 2.01	 1	 -41.6884	  174.3447
3.840	 2.85	 1	 -41.7104	  174.2779
3.840	 2.06	 1	 -42.0193	  174.0980
3.841	 2.25	 1	 -42.3059	  173.6520
3.842	 2.76	 1	 -41.8273	  174.1999
3.842	 2.40	 1	 -42.1808	  173.7452
3.842	 3.34	 1	 -42.1070	  173.3157
3.845	 2.24	 1	 -41.8870	  174.0869
3.846	 2.57	 1	 -41.4636	  174.3541
3.846	 2.00	 1	 -41.8073	  174.1734
3.847	 2.06	 1	 -41.6750	  174.3036
3.848	 2.16	 1	 -42.4946	  172.9554
3.848	 2.02	 1	 -42.3908	  174.0219
3.848	 2.27	 1	 -41.6215	  174.2725
3.848	 2.01	 1	 -42.4798	  173.7151
3.852	 2.21	 1	 -41.7486	  172.6555
3.853	 2.46	 1	 -41.9260	  174.2731
3.857	 2.49	 1	 -42.5536	  173.1908
3.858	 2.24	 1	 -41.7375	  174.2804
3.858	 2.03	 1	 -42.1460	  173.5813
3.859	 2.25	 1	 -41.6115	  174.1919
3.859	 2.03	 2	 -41.7108	  174.2784
3.859	 2.21	 1	 -42.2381	  173.8233
3.860	 2.33	 1	 -42.6540	  172.9019
3.860	 2.93	 1	 -41.5898	  174.2018
3.860	 2.37	 1	 -42.5243	  173.7099
3.861	 3.36	 1	 -42.3770	  173.1329
3.861	 2.07	 1	 -41.6832	  174.2615
3.862	 2.08	 1	 -41.6806	  174.2422
3.862	 2.16	 2	 -42.3051	  174.0219
3.862	 2.40	 1	 -42.4778	  173.5150
3.863	 2.62	 2	 -42.0440	  172.6518
3.864	 2.25	 1	 -42.4506	  173.3267
3.864	 2.08	 1	 -41.6945	  174.2574
3.868	 2.15	 2	 -42.2877	  173.7506
3.869	 2.40	 1	 -42.1137	  173.5951
3.869	 2.81	 1	 -41.6713	  174.3827
3.870	 2.59	 1	 -42.3893	  174.0664
3.870	 2.30	 1	 -41.7001	  174.2269
3.870	 3.33	 1	 -42.6110	  172.1049
3.871	 2.13	 1	 -42.2808	  173.6881
3.872	 2.12	 2	 -42.4797	  173.8470
3.872	 2.04	 1	 -42.2044	  173.6886
3.872	 2.15	 1	 -41.7804	  174.3119
3.873	 2.49	 1	 -42.6746	  179.7195
3.874	 2.02	 1	 -41.4681	  174.0965
3.874	 2.90	 1	 -41.9963	  174.0809
3.874	 2.33	 1	 -41.6807	  174.3001
3.874	 2.55	 2	 -42.4370	  173.2583
3.876	 2.52	 2	 -41.9777	  173.7552
3.877	 2.07	 1	 -41.7229	  174.3003
3.877	 2.33	 1	 -42.6691	  172.9141
3.879	 2.07	 1	 -42.8501	  173.0139
3.879	 2.34	 1	 -42.6420	  172.9671
3.882	 2.01	 1	 -42.5489	  173.1074
3.882	 2.48	 1	 -42.5456	  173.9842
3.882	 2.09	 1	 -42.4123	  173.1795
3.882	 2.01	 1	 -41.4367	  175.7629
3.882	 2.22	 1	 -41.8028	  174.2163
3.882	 2.10	 1	 -42.2259	  173.6504
3.883	 2.17	 1	 -41.6924	  174.2934
3.883	 2.25	 1	 -42.3494	  173.9184
3.884	 2.44	 1	 -41.7374	  174.2947
3.885	 2.15	 1	 -42.4071	  173.8141
3.886	 2.14	 1	 -42.4735	  173.6530
3.886	 2.58	 1	 -42.1793	  173.7797
3.887	 2.59	 1	 -42.2223	  173.4765
3.888	 2.85	 2	 -42.5705	  172.5983
3.888	 2.18	 1	 -41.8764	  174.0365
3.888	 2.50	 1	 -41.9050	  174.1501
3.890	 2.01	 1	 -41.9512	  174.0986
3.892	 2.39	 1	 -41.7452	  174.3079
3.892	 2.03	 2	 -42.2154	  172.8661
3.893	 2.09	 2	 -42.0959	  174.1588
3.893	 2.02	 1	 -42.6610	  173.2247
3.894	 2.93	 1	 -42.4758	  173.5669
3.894	 2.84	 1	 -42.6706	  173.0418
3.894	 2.55	 1	 -42.5490	  172.6283
3.896	 2.48	 1	 -41.9104	  173.9620
3.896	 2.20	 1	 -42.4829	  173.6216
3.896	 2.14	 1	 -42.2601	  173.5449
3.898	 2.41	 1	 -42.4531	  173.5924
3.900	 2.41	 1	 -42.0245	  171.0302
3.900	 2.32	 1	 -41.7198	  174.4238
3.902	 3.01	 1	 -42.3735	  173.8767
3.903	 2.62	 1	 -42.3240	  173.0989
3.904	 2.57	 1	 -42.5070	  173.1820
3.904	 2.24	 1	 -42.2739	  173.7971
3.908	 2.85	 1	 -41.8439	  174.1311
3.909	 2.41	 1	 -42.2024	  173.8337
3.910	 2.33	 1	 -42.0985	  173.8983
3.911	 2.08	 1	 -41.6183	  174.1991
3.911	 2.01	 1	 -42.3899	  173.9819
3.911	 2.53	 1	 -42.2351	  173.7635
3.912	 2.38	 1	 -42.4805	  174.0046
3.912	 2.05	 1	 -42.2892	  173.8026
3.913	 2.83	 1	 -41.9395	  172.3973
3.914	 2.33	 1	 -42.2904	  173.6818
3.915	 3.10	 1	 -41.8459	  174.1596
3.915	 2.50	 1	 -41.8004	  174.1975
3.915	 2.09	 1	 -42.3339	  173.7667
3.917	 2.68	 1	 -41.6571	  174.2066
3.917	 2.15	 1	 -42.5906	  173.1824
3.918	 2.14	 1	 -42.1025	  173.7143
3.918	 3.32	 1	 -42.6413	  172.9610
3.919	 2.03	 1	 -41.6886	  174.4160
3.919	 3.14	 1	 -41.7721	  174.2135
3.920	 2.35	 1	 -42.6317	  173.3838
3.920	 2.67	 1	 -42.1958	  173.5570
3.922	 2.38	 1	 -42.5216	  173.2317
3.923	 2.22	 1	 -41.8505	  174.2382
3.924	 2.69	 1	 -42.1494	  172.7438
3.926	 2.33	 1	 -42.6291	  173.1400
3.926	 2.42	 1	 -42.2722	  173.5186
3.926	 2.21	 1	 -41.8043	  173.8687
3.927	 2.06	 1	 -42.7170	  172.9759
3.927	 2.05	 1	 -41.9658	  173.6924
3.927	 2.25	 1	 -42.5012	  173.2468
3.928	 2.53	 1	 -41.9454	  173.7099
3.931	 2.15	 1	 -41.9271	  173.2671
3.931	 2.16	 1	 -42.2860	  173.9297
3.932	 2.03	 1	 -41.7475	  174.2935
3.933	 2.58	 1	 -42.7044	  172.9540
3.933	 2.12	 2	 -40.9059	  173.8836
3.934	 2.30	 1	 -42.5060	  173.4026
3.934	 2.23	 1	 -42.0990	  173.5842
3.934	 3.44	 2	 -42.3186	  173.4504
3.934	 2.11	 1	 -41.8356	  174.3706
3.934	 3.00	 1	 -42.4769	  173.7659
3.935	 2.57	 1	 -42.6198	  173.7633
3.935	 2.30	 1	 -42.3742	  173.9440
3.936	 2.30	 1	 -42.5312	  173.1809
3.936	 2.57	 1	 -42.2548	  173.2032
3.937	 2.05	 1	 -41.7941	  174.2764
3.938	 2.13	 1	 -42.3828	  173.9662
3.940	 2.11	 2	 -40.9770	  173.5082
3.940	 2.15	 2	 -42.3839	  172.9441
3.941	 2.06	 1	 -42.4307	  173.7858
3.941	 3.64	 1	 -41.8116	  173.6950
3.943	 2.05	 2	 -42.1724	  167.6305
3.944	 2.09	 2	 -42.5207	  173.7077
3.947	 2.42	 2	 -42.3321	  172.9802
3.948	 2.14	 1	 -43.1475	  173.2998
3.948	 2.26	 1	 -42.5979	  174.0003
3.948	 2.66	 1	 -41.7822	  174.2915
3.948	 2.02	 1	 -42.6499	  173.0382
3.949	 2.56	 1	 -42.2330	  173.5903
3.949	 2.16	 1	 -41.6214	  174.3257
3.950	 2.35	 1	 -41.6349	  174.3923
3.950	 4.61	 2	 -42.3390	  174.2071
3.951	 2.38	 1	 -42.5121	  173.0904
3.951	 2.63	 1	 -42.6388	  173.0847
3.952	 2.05	 1	 -41.8080	  174.2986
3.953	 2.34	 1	 -44.6718	  179.0436
3.953	 2.12	 1	 -42.5542	  173.8888
3.955	 4.00	 1	 -41.6405	  174.3120
3.956	 2.37	 1	 -43.1755	  171.9973
3.956	 3.94	 1	 -41.9079	  173.8136
3.957	 2.09	 1	 -41.7904	  174.1640
3.959	 2.24	 1	 -42.3386	  173.6109
3.960	 2.19	 1	 -41.9833	  173.7430
3.961	 2.10	 1	 -42.3177	  173.5688
3.962	 2.77	 1	 -42.5071	  173.2675
3.962	 2.06	 2	 -42.6003	  173.4311
3.962	 2.09	 1	 -41.8166	  174.0305
3.962	 2.86	 1	 -42.4697	  173.8640
3.962	 2.33	 1	 -42.3630	  173.1082
3.964	 2.73	 2	 -42.9916	  174.6332
3.964	 3.24	 1	 -42.5402	  173.5333
3.966	 2.45	 2	 -41.6339	  174.3564
3.966	 2.03	 1	 -43.1282	  179.7946
3.967	 2.16	 1	 -41.9764	  173.8484
3.968	 2.01	 1	 -42.2061	  173.5585
3.968	 2.67	 1	 -41.8903	  173.9648
3.968	 2.38	 1	 -42.3795	  172.8413
3.969	 2.19	 2	 -42.5489	  173.5669
3.970	 3.70	 1	 -41.9958	  173.7739
3.970	 2.73	 1	 -42.3796	  173.8449
3.970	 2.11	 1	 -41.7008	  174.1979
3.971	 2.03	 1	 -42.5821	  172.9842
3.971	 2.07	 1	 -41.0383	  174.0665
3.971	 3.27	 1	 -42.9668	  173.3694
3.972	 2.06	 2	 -41.9810	  173.6832
3.973	 2.02	 1	 -42.1768	  173.6954
3.974	 2.37	 1	 -42.2055	  173.5737
3.975	 3.08	 1	 -40.8666	  174.6075
3.976	 2.23	 1	 -41.7979	  173.5788
3.976	 2.24	 1	 -41.7154	  174.2271
3.976	 2.12	 1	 -39.6475	  173.8193
3.976	 2.19	 1	 -43.1156	  174.7499
3.978	 2.76	 2	 -42.0939	  173.3028
3.979	 2.50	 1	 -42.3719	  173.0872
3.979	 4.26	 1	 -41.9560	  173.6831
3.980	 2.69	 1	 -42.0988	  172.9174
3.980	 2.09	 1	 -41.8604	  173.9711
3.980	 2.01	 1	 -42.3237	  173.9767
3.983	 3.01	 1	 -41.7555	  174.0199
3.984	 2.11	 2	 -42.0370	  173.5256
3.984	 2.37	 1	 -42.1023	  173.7545
3.988	 2.37	 1	 -41.7503	  174.2192
3.989	 2.01	 1	 -41.8180	  173.4128
3.991	 2.02	 2	 -41.7309	  174.3462
3.992	 2.44	 1	 -41.7283	  174.3625
3.992	 2.10	 1	 -41.7575	  174.2329
3.992	 2.41	 1	 -43.1259	  173.1176
3.993	 2.78	 1	 -42.2383	  174.4225
3.993	 2.12	 1	 -42.6814	  173.0529
3.994	 2.21	 1	 -42.3074	  173.2261
3.995	 2.50	 1	 -42.4603	  173.7177
3.996	 2.49	 1	 -42.3944	  173.7199
3.997	 2.13	 1	 -42.4271	  173.3157
3.998	 2.59	 1	 -42.2970	  173.8207
3.999	 2.12	 1	 -42.1808	  173.6500
4.000	 2.14	 1	 -42.3530	  175.0304
4.001	 2.31	 1	 -41.7149	  174.2216
4.001	 2.07	 1	 -42.3236	  173.5530
4.001	 2.01	 1	 -41.8378	  174.3501
4.003	 2.70	 1	 -42.6634	  171.9029
4.003	 2.25	 1	 -42.3615	  173.8762
4.005	 2.60	 1	 -42.7022	  172.9492
4.006	 2.84	 1	 -41.8372	  174.2918
4.007	 2.11	 2	 -41.6244	  174.2920
4.007	 2.20	 1	 -41.6510	  174.3494
4.008	 2.15	 1	 -41.6724	  174.4048
4.009	 2.00	 1	 -42.5739	  173.0190
4.009	 2.23	 1	 -42.6417	  172.9803
4.010	 3.65	 1	 -42.3583	  173.6732
4.010	 3.75	 1	 -42.2911	  174.0483
4.011	 2.74	 1	 -41.7091	  174.1882
4.013	 2.44	 1	 -42.4705	  173.1259
4.014	 2.02	 1	 -42.1838	  173.6104
4.014	 2.00	 2	 -45.7788	  172.3700
4.015	 2.47	 1	 -42.8446	  172.8146
4.016	 2.07	 1	 -42.0681	  173.7754
4.016	 2.16	 1	 -42.4948	  173.3474
4.018	 2.61	 1	 -42.5167	  173.2512
4.018	 2.31	 1	 -42.7392	  173.5961
4.019	 2.49	 1	 -42.3374	  173.4763
4.019	 2.05	 1	 -41.7667	  174.2174
4.019	 2.10	 1	 -41.8199	  174.0247
4.020	 2.57	 1	 -42.2510	  173.5163
4.020	 2.71	 1	 -42.3854	  173.0431
4.021	 2.17	 1	 -41.9457	  173.2654
4.022	 2.66	 1	 -41.4952	  172.7581
4.024	 2.30	 1	 -42.1002	  173.6855
4.026	 2.15	 1	 -40.7512	  171.9406
4.027	 2.70	 1	 -42.4335	  173.8521
4.028	 2.36	 1	 -42.4926	  173.1324
4.028	 2.24	 1	 -42.8696	  173.4090
4.029	 2.07	 1	 -42.5344	  173.5860
4.029	 2.24	 1	 -42.2730	  173.6836
4.029	 2.62	 1	 -41.8414	  174.2228
4.029	 2.47	 1	 -41.7016	  174.3804
4.029	 3.27	 2	 -41.9318	  173.7013
4.030	 2.18	 1	 -41.7299	  174.4475
4.030	 3.47	 1	 -41.7485	  174.2310
4.031	 3.98	 1	 -41.9829	  174.0718
4.032	 3.15	 1	 -42.5359	  173.5659
4.032	 2.38	 2	 -42.3392	  174.0158
4.033	 2.02	 1	 -42.5615	  173.7383
4.033	 2.45	 1	 -43.1518	  171.4731
4.033	 2.24	 1	 -42.4456	  173.0411
4.034	 2.32	 1	 -41.4725	  175.1606
4.035	 2.15	 1	 -42.1011	  173.1359
4.037	 2.89	 1	 -42.5014	  172.9193
4.038	 2.45	 1	 -42.8800	  173.0267
4.039	 2.10	 1	 -42.1361	  173.5707
4.040	 2.67	 1	 -42.6210	  173.0277
4.041	 2.54	 1	 -42.6431	  173.0661
4.041	 2.11	 1	 -42.1823	  173.4945
4.042	 2.09	 1	 -42.6452	  172.8173
4.042	 2.57	 1	 -42.5410	  173.9829
4.044	 2.27	 2	 -42.4780	  173.5145
4.045	 2.17	 2	 -41.8424	  174.4728
4.047	 2.80	 1	 -41.9874	  172.5328
4.048	 2.09	 1	 -42.2901	  174.0116
4.048	 3.33	 1	 -42.3670	  173.7855
4.049	 2.77	 1	 -42.2063	  173.6524
4.049	 2.14	 1	 -41.6616	  174.3563
4.050	 2.37	 1	 -42.3835	  173.8874
4.050	 3.63	 1	 -42.3164	  173.7191
4.050	 2.22	 1	 -42.1325	  173.3793
4.053	 2.36	 1	 -42.6308	  172.7796
4.053	 2.54	 1	 -41.7902	  174.1924
4.055	 2.73	 1	 -42.4493	  172.9408
4.060	 2.13	 2	 -41.7789	  173.7276
4.061	 3.24	 1	 -42.5136	  172.9143
4.062	 2.81	 2	 -42.5724	  175.8228
4.062	 2.84	 1	 -41.7107	  174.1649
4.062	 2.36	 1	 -42.6237	  173.2266
4.062	 3.39	 1	 -41.6631	  174.2326
4.063	 2.02	 1	 -44.0825	  174.8422
4.063	 2.13	 2	 -42.0371	  173.7171
4.064	 3.75	 1	 -42.4027	  173.4768
4.064	 2.46	 1	 -41.6950	  174.2151
4.065	 2.53	 2	 -42.0163	  173.6528
4.066	 2.92	 1	 -42.4243	  172.4617
4.067	 2.67	 1	 -41.6577	  174.4239
4.067	 2.77	 1	 -42.4914	  173.3707
4.067	 2.00	 1	 -42.4783	  173.9059
4.068	 2.19	 3	 -42.0431	  173.6836
4.069	 2.55	 1	 -42.5018	  174.3545
4.069	 2.09	 1	 -42.3729	  173.7637
4.070	 2.13	 2	 -42.7392	  172.3741
4.071	 2.17	 1	 -42.1919	  173.7144
4.071	 2.54	 1	 -41.7963	  174.0936
4.071	 2.06	 1	 -42.5069	  173.4330
4.072	 2.77	 2	 -42.5387	  173.5679
4.073	 3.97	 1	 -42.5222	  173.0372
4.073	 2.51	 1	 -42.2133	  173.4603
4.074	 2.68	 1	 -42.8052	  172.8944
4.078	 3.35	 1	 -41.9926	  173.8776
4.080	 2.06	 1	 -43.7010	  174.5418
4.081	 2.20	 1	 -41.6947	  174.2712
4.081	 2.27	 2	 -41.8391	  174.1456
4.082	 2.05	 1	 -42.2778	  173.6834
4.084	 2.07	 1	 -41.6385	  174.3896
4.086	 2.43	 1	 -42.0731	  174.0140
4.087	 2.23	 1	 -42.7090	  172.7438
4.089	 2.85	 1	 -42.0020	  173.7119
4.090	 2.59	 1	 -42.6651	  172.8294
4.090	 2.10	 2	 -43.2652	  177.5840
4.090	 2.75	 1	 -42.0526	  173.3387
4.090	 2.15	 2	 -42.2286	  173.7379
4.091	 2.46	 1	 -42.1125	  173.6247
4.092	 3.02	 2	 -41.6504	  174.3063
4.092	 2.15	 2	 -42.6734	  174.9679
4.094	 2.50	 1	 -42.5736	  174.0025
4.095	 2.38	 1	 -41.8597	  173.9302
4.095	 2.71	 1	 -41.9522	  174.1641
4.096	 2.60	 1	 -42.4258	  173.3390
4.097	 2.10	 1	 -41.3969	  174.2165
4.098	 2.05	 1	 -42.5846	  172.9825
4.099	 2.60	 1	 -41.6927	  174.2423
4.100	 3.26	 1	 -41.9522	  173.7699
4.101	 2.25	 1	 -42.1527	  173.5706
4.102	 2.31	 2	 -42.5602	  173.5699
4.102	 2.56	 1	 -41.9326	  173.5466
4.102	 2.13	 1	 -42.4351	  173.1016
4.102	 3.23	 1	 -43.1474	  176.8828
4.103	 2.06	 1	 -42.5187	  173.3851
4.103	 2.64	 1	 -42.2655	  173.6388
4.103	 2.06	 1	 -42.8128	  173.0169
4.104	 2.73	 1	 -42.7698	  173.3724
4.104	 2.22	 1	 -42.5794	  173.1153
4.106	 2.48	 1	 -46.9516	  173.5510
4.106	 3.87	 1	 -41.7360	  174.2716
4.107	 2.07	 1	 -41.6946	  174.2512
4.108	 2.40	 1	 -41.7213	  174.3005
4.108	 2.76	 1	 -42.4655	  173.1105
4.109	 2.18	 1	 -42.3608	  173.9952
4.110	 2.04	 1	 -42.0762	  172.4690
4.111	 2.64	 1	 -42.0030	  174.1259
4.111	 2.50	 1	 -41.7753	  174.0410
4.112	 2.31	 1	 -42.3308	  173.8488
4.113	 2.80	 2	 -42.2904	  174.0455
4.113	 3.13	 1	 -41.8069	  174.1787
4.113	 2.16	 1	 -41.9725	  173.8400
4.114	 2.12	 1	 -42.5773	  173.1687
4.114	 2.33	 2	 -41.6376	  174.3191
4.114	 2.20	 1	 -42.7960	  173.3729
4.115	 2.43	 1	 -42.4688	  173.5160
4.115	 2.24	 1	 -42.6468	  172.7782
4.117	 2.42	 2	 -38.7728	  172.9318
4.118	 2.12	 1	 -42.3414	  174.0425
4.119	 2.17	 1	 -42.8800	  172.5564
4.121	 2.75	 2	 -41.7358	  174.1947
4.124	 4.24	 1	 -42.6664	  172.6943
4.124	 2.00	 1	 -42.0069	  173.7175
4.126	 2.59	 1	 -43.2516	  174.3172
4.128	 2.80	 1	 -42.0307	  173.8882
4.129	 3.09	 1	 -41.7109	  174.2433
4.129	 2.04	 2	 -42.4655	  173.3282
4.130	 2.60	 1	 -41.8158	  174.1984
4.131	 2.39	 1	 -42.5320	  172.7010
4.131	 2.08	 2	 -41.9744	  174.0836
4.132	 2.86	 1	 -42.6157	  173.0698
4.132	 2.50	 1	 -42.5492	  173.7074
4.133	 2.67	 1	 -42.2034	  173.8428
4.134	 2.21	 1	 -42.2009	  173.6778
4.135	 2.52	 1	 -42.0885	  173.8252
4.136	 2.24	 3	 -42.3639	  174.1100
4.136	 2.48	 1	 -41.7739	  174.2661
4.137	 2.63	 1	 -41.9544	  173.6016
4.138	 2.18	 1	 -42.3798	  173.0042
4.138	 2.90	 1	 -42.9674	  172.7371
4.139	 2.23	 1	 -42.5452	  173.3736
4.141	 2.40	 1	 -40.8586	  172.3850
4.143	 3.08	 2	 -42.3901	  174.0221
4.144	 2.34	 1	 -42.6030	  173.4034
4.144	 2.38	 1	 -39.4485	  174.7989
4.146	 2.16	 1	 -41.7306	  174.2617
4.146	 3.25	 1	 -41.9016	  173.6156
4.147	 2.11	 1	 -42.5447	  173.0503
4.149	 4.26	 1	 -42.0576	  173.4312
4.150	 2.59	 1	 -41.8075	  174.1919
4.150	 2.14	 1	 -41.8105	  174.2440
4.153	 2.10	 1	 -41.6632	  174.3385
4.154	 2.51	 1	 -42.1260	  173.8370
4.157	 2.63	 1	 -42.2724	  173.5699
4.158	 2.43	 1	 -42.5561	  172.9629
4.159	 2.09	 1	 -41.6866	  174.1913
4.159	 4.09	 1	 -41.6381	  174.1680
4.159	 2.34	 1	 -42.3764	  174.0328
4.159	 2.02	 1	 -42.5547	  173.4213
4.162	 2.09	 1	 -42.3091	  173.9408
4.162	 2.55	 1	 -42.3132	  173.7264
4.163	 2.28	 1	 -42.6328	  172.9755
4.164	 2.23	 1	 -42.4322	  173.6978
4.167	 2.34	 1	 -41.6766	  174.2893
4.168	 2.14	 1	 -42.4027	  173.9677
4.169	 2.35	 1	 -41.6985	  174.4543
4.169	 2.37	 1	 -42.5135	  173.1676
4.169	 2.13	 1	 -41.5232	  172.9288
4.170	 2.37	 2	 -42.2028	  173.6741
4.171	 3.84	 1	 -42.3373	  173.6677
4.171	 2.21	 1	 -41.9666	  173.0233
4.172	 2.11	 2	 -41.9518	  173.6909
4.173	 3.41	 1	 -42.4633	  173.0457
4.173	 2.03	 1	 -43.1407	  172.6414
4.174	 2.02	 1	 -41.7390	  174.1125
4.175	 3.18	 1	 -41.7107	  174.2486
4.177	 2.31	 1	 -42.2711	  173.6474
4.177	 2.10	 1	 -41.6552	  174.0575
4.177	 2.58	 1	 -41.8104	  174.0285
4.179	 2.30	 1	 -42.6825	  172.7729
4.179	 3.28	 1	 -42.6521	  172.8625
4.179	 4.35	 1	 -42.3423	  173.0827
4.182	 2.66	 2	 -41.7905	  174.1941
4.185	 2.27	 1	 -42.4150	  173.1210
4.185	 2.04	 1	 -41.6787	  172.9281
4.186	 2.20	 1	 -40.1304	  168.1817
4.186	 2.48	 2	 -40.4599	  175.8691
4.186	 2.12	 1	 -41.7727	  174.3378
4.188	 2.38	 1	 -42.8770	  173.5183
4.188	 2.31	 1	 -41.8286	  174.2744
4.191	 4.14	 1	 -42.3260	  173.7994
4.192	 2.37	 1	 -42.7200	  173.0174
4.194	 2.21	 2	 -42.3366	  173.7994
4.194	 2.06	 1	 -42.8015	  173.5663
4.196	 2.55	 1	 -41.9334	  174.1061
4.197	 2.10	 1	 -42.1209	  173.9599
4.197	 2.06	 1	 -42.5968	  173.2171
4.198	 2.28	 1	 -41.0898	  176.7584
4.199	 2.18	 2	 -42.3336	  173.8063
4.200	 2.40	 2	 -41.9867	  174.0729
4.201	 2.24	 1	 -41.7609	  174.3243
4.204	 2.46	 1	 -42.9369	  176.4018
4.206	 2.36	 1	 -42.3829	  173.8622
4.206	 2.29	 2	 -41.6357	  174.3194
4.209	 2.17	 1	 -42.7189	  173.1015
4.209	 2.01	 1	 -42.9725	  173.8070
4.211	 2.53	 2	 -41.9766	  174.0827
4.214	 2.08	 1	 -41.7149	  174.2997
4.214	 2.51	 1	 -41.7952	  174.8391
4.214	 2.01	 3	 -42.2882	  174.0475
4.214	 2.27	 1	 -41.8153	  174.2134
4.215	 2.35	 2	 -42.3533	  172.9267
4.215	 2.28	 1	 -42.7896	  172.9630
4.215	 3.19	 2	 -40.8592	  172.3844
4.218	 2.04	 1	 -41.7150	  174.3796
4.219	 2.50	 1	 -42.6042	  172.7311
4.221	 3.66	 1	 -42.2511	  173.7357
4.223	 2.18	 2	 -41.7168	  174.3211
4.226	 2.36	 1	 -41.4240	  174.0707
4.226	 2.37	 1	 -41.8331	  174.1517
4.227	 2.14	 2	 -42.5742	  173.1341
4.227	 2.94	 1	 -42.2307	  175.1490
4.229	 2.00	 1	 -42.6163	  173.3473
4.229	 2.71	 1	 -42.4616	  173.1673
4.230	 2.18	 1	 -42.4781	  173.3617
4.232	 5.39	 1	 -42.3991	  173.2352
4.232	 2.21	 1	 -42.0434	  173.9188
4.233	 2.08	 1	 -42.5597	  174.0244
4.233	 2.10	 1	 -41.6201	  174.1954
4.234	 2.76	 1	 -42.2335	  173.5840
4.234	 2.42	 3	 -42.2769	  173.9544
4.235	 2.19	 1	 -42.6006	  173.1160
4.236	 2.14	 1	 -42.2216	  173.5273
4.237	 2.08	 1	 -42.3737	  173.8619
4.238	 2.14	 1	 -42.4147	  173.4451
4.238	 2.12	 2	 -42.2265	  173.7409
4.239	 2.03	 2	 -42.3817	  174.0389
4.240	 2.68	 1	 -41.7131	  174.4151
4.240	 2.18	 1	 -42.2544	  173.4860
4.241	 3.83	 1	 -41.7953	  174.1541
4.241	 2.84	 1	 -42.5043	  173.7914
4.241	 2.44	 1	 -41.7184	  174.3276
4.242	 2.52	 3	 -42.3407	  174.1997
4.242	 2.86	 1	 -42.1516	  173.5567
4.242	 2.10	 1	 -42.9867	  172.8561
4.243	 2.31	 1	 -42.2407	  173.5016
4.244	 2.13	 2	 -42.3497	  173.2036
4.244	 2.34	 1	 -42.4279	  173.2033
4.247	 2.17	 1	 -42.3460	  174.0002
4.248	 3.21	 1	 -42.1006	  173.8406
4.248	 2.11	 1	 -42.3638	  173.0885
4.249	 2.04	 1	 -41.7881	  174.4211
4.250	 2.14	 1	 -42.0876	  173.5097
4.252	 2.23	 1	 -42.1835	  173.6295
4.253	 3.00	 1	 -42.1808	  173.6102
4.253	 2.09	 2	 -41.9513	  173.6828
4.254	 2.11	 2	 -42.4032	  173.1989
4.254	 2.64	 1	 -42.4062	  173.7648
4.255	 2.17	 1	 -41.8874	  174.3406
4.255	 2.43	 1	 -42.5669	  172.9632
4.258	 3.46	 1	 -42.9108	  173.5146
4.259	 2.13	 1	 -44.1203	  176.7129
4.260	 2.67	 1	 -42.1989	  173.9047
4.260	 2.18	 1	 -42.4287	  173.8012
4.261	 2.84	 1	 -42.5968	  173.2214
4.262	 2.74	 1	 -41.6707	  174.3658
4.263	 2.80	 1	 -42.0245	  173.1632
4.264	 2.32	 1	 -42.3756	  173.1872
4.265	 2.03	 1	 -42.3291	  173.8281
4.266	 2.34	 2	 -42.3862	  173.1335
4.266	 2.65	 1	 -42.1421	  173.7801
4.267	 2.40	 1	 -42.2138	  173.5721
4.267	 2.76	 1	 -42.5346	  173.8193
4.267	 3.02	 1	 -42.1099	  173.6035
4.268	 3.15	 2	 -42.3786	  173.3309
4.268	 2.45	 1	 -46.1942	  174.9117
4.269	 2.01	 2	 -43.0220	  176.0980
4.270	 2.07	 2	 -42.5383	  173.4344
4.270	 2.68	 2	 -42.0975	  173.3496
4.270	 2.06	 1	 -42.5168	  173.2984
4.272	 2.92	 1	 -41.9909	  172.6808
4.272	 2.67	 1	 -41.6858	  174.3179
4.272	 2.12	 1	 -41.7113	  173.8036
4.274	 2.45	 2	 -41.5524	  169.9715
4.274	 2.91	 2	 -41.7057	  174.2499
4.275	 2.13	 1	 -42.4369	  173.3325
4.275	 2.11	 1	 -42.2274	  173.7437
4.276	 2.07	 1	 -41.9222	  173.9793
4.279	 3.23	 1	 -42.0425	  173.5359
4.279	 3.18	 1	 -42.7958	  173.1415
4.279	 2.76	 1	 -42.1516	  173.5355
4.280	 2.20	 1	 -42.7341	  172.8308
4.280	 2.63	 2	 -42.2254	  173.4812
4.280	 2.76	 1	 -42.3994	  173.3856
4.280	 2.03	 1	 -42.7836	  172.9386
4.280	 2.15	 2	 -42.3906	  173.3213
4.282	 3.19	 1	 -42.4548	  172.8723
4.283	 2.15	 1	 -41.7811	  174.2643
4.284	 2.32	 2	 -42.6525	  172.6440
4.285	 2.29	 1	 -41.8593	  173.9369
4.286	 2.69	 1	 -42.3459	  173.8138
4.286	 2.10	 1	 -42.7136	  173.1291
4.288	 2.15	 1	 -42.8719	  173.1886
4.288	 2.62	 2	 -38.1962	  171.0704
4.289	 2.32	 1	 -42.1020	  173.0730
4.291	 3.14	 1	 -42.3163	  172.9972
4.291	 2.51	 2	 -41.8879	  173.4365
4.293	 2.41	 1	 -41.9245	  173.7754
4.294	 2.33	 1	 -42.4543	  173.2428
4.295	 2.35	 2	 -42.4074	  173.2824
4.296	 3.34	 1	 -42.0886	  173.8746
4.297	 2.03	 1	 -41.7162	  174.3152
4.297	 2.03	 2	 -42.3773	  173.2236
4.298	 2.21	 1	 -42.4513	  173.1231
4.299	 2.26	 1	 -42.4246	  173.6217
4.299	 2.01	 1	 -42.6021	  172.9467
4.299	 2.30	 1	 -42.7178	  173.1420
4.299	 2.26	 1	 -42.4498	  173.2480
4.299	 2.18	 2	 -42.6059	  173.3531
4.300	 2.32	 3	 -38.1954	  171.0696
4.301	 2.96	 1	 -41.7356	  174.3221
4.301	 2.42	 2	 -42.4395	  173.1622
4.302	 2.03	 3	 -43.0547	  174.6433
4.302	 4.75	 1	 -42.1416	  173.5249
4.303	 2.01	 1	 -43.2916	  174.2967
4.304	 2.51	 2	 -42.2552	  173.7247
4.304	 2.07	 1	 -42.7103	  173.7110
4.305	 2.33	 2	 -41.7824	  174.1859
4.305	 2.00	 2	 -42.4098	  173.2028
4.306	 2.50	 1	 -44.0987	  173.5015
4.307	 2.63	 1	 -41.7577	  174.3617
4.307	 2.49	 1	 -41.8589	  174.1686
4.307	 2.60	 1	 -42.1024	  172.0851
4.309	 2.11	 3	 -42.2872	  174.2583
4.309	 2.08	 2	 -42.4153	  173.2553
4.309	 2.39	 2	 -42.4040	  172.9892
4.310	 2.81	 2	 -41.8512	  173.9564
4.310	 2.37	 1	 -42.3100	  174.5370
4.310	 3.13	 1	 -42.4342	  173.0117
4.310	 3.74	 1	 -41.6985	  174.2446
4.310	 3.46	 3	 -42.3665	  174.0945
4.312	 3.69	 1	 -41.6464	  173.5893
4.313	 2.85	 1	 -42.1566	  173.8283
4.313	 4.06	 2	 -42.4692	  172.9883
4.314	 2.11	 1	 -42.5331	  173.1564
4.319	 2.46	 1	 -41.1408	  173.0704
4.320	 4.70	 1	 -41.7453	  174.2419
4.320	 2.22	 1	 -41.7736	  173.9627
4.320	 2.64	 2	 -41.6347	  174.2994
4.321	 2.33	 2	 -42.3281	  173.0926
4.321	 3.31	 2	 -42.3548	  173.2523
4.322	 2.12	 2	 -42.4063	  173.2322
4.323	 2.25	 1	 -42.7372	  173.0397
4.323	 2.34	 1	 -41.9827	  173.8046
4.325	 2.36	 1	 -42.2178	  173.5620
4.326	 2.27	 2	 -42.1002	  174.1117
4.326	 3.36	 1	 -42.3648	  173.8945
4.326	 2.13	 1	 -43.6779	  173.8190
4.328	 2.22	 1	 -41.0119	  173.0192
4.328	 2.35	 1	 -41.9244	  174.0978
4.329	 2.37	 1	 -42.4693	  173.1435
4.330	 2.11	 2	 -42.1558	  173.4928
4.331	 2.25	 1	 -42.6745	  172.7961
4.331	 2.06	 2	 -42.3987	  173.2310
4.332	 2.10	 1	 -42.3116	  173.6205
4.334	 2.22	 1	 -41.7606	  174.2145
4.335	 2.15	 1	 -42.3578	  173.9536
4.336	 2.26	 1	 -42.3256	  173.3598
4.336	 2.27	 2	 -42.4980	  173.2883
4.336	 2.43	 2	 -42.3333	  173.0600
4.337	 2.11	 1	 -42.2091	  173.8365
4.337	 2.37	 1	 -42.1265	  172.9772
4.338	 2.47	 1	 -42.4215	  173.4310
4.338	 2.04	 2	 -42.4898	  173.5982
4.338	 2.05	 1	 -41.6933	  174.2320
4.339	 3.13	 1	 -41.7428	  174.4455
4.343	 2.87	 2	 -41.9783	  173.6672
4.343	 2.29	 1	 -42.6533	  172.8072
4.343	 2.08	 1	 -42.5716	  173.2242
4.346	 2.24	 1	 -42.2579	  174.1095
4.346	 2.42	 2	 -42.2114	  172.7490
4.346	 2.06	 1	 -42.2522	  172.9901
4.346	 3.00	 1	 -43.1048	  174.7481
4.347	 2.51	 1	 -41.7467	  174.1288
4.349	 2.20	 2	 -41.6949	  174.2335
4.349	 2.99	 1	 -42.4241	  172.9973
4.349	 2.90	 2	 -42.3170	  173.3820
4.350	 2.77	 1	 -42.1715	  173.0267
4.351	 2.10	 2	 -42.3455	  173.2884
4.351	 2.19	 1	 -42.4092	  173.8919
4.351	 2.10	 1	 -41.8324	  174.7173
4.352	 2.28	 1	 -42.4204	  173.9585
4.352	 2.13	 1	 -41.8207	  173.8372
4.352	 2.22	 2	 -42.1982	  172.7818
4.353	 2.38	 1	 -42.4381	  173.9338
4.353	 2.18	 2	 -41.6607	  174.2403
4.355	 2.12	 1	 -41.9510	  174.0992
4.355	 2.88	 1	 -41.8185	  174.2545
4.355	 2.38	 2	 -42.7967	  173.1424
4.357	 2.02	 2	 -41.7743	  174.1544
4.357	 2.16	 1	 -41.4635	  173.4343
4.357	 2.16	 1	 -41.9557	  174.0335
4.359	 2.91	 1	 -42.2473	  173.6707
4.359	 2.13	 1	 -41.8184	  174.2292
4.360	 2.63	 1	 -42.0138	  173.7077
4.360	 2.38	 1	 -43.0411	  172.3516
4.362	 2.51	 1	 -42.6260	  172.9610
4.363	 2.56	 1	 -41.6877	  174.2302
4.363	 2.72	 1	 -41.7462	  174.2148
4.363	 2.43	 1	 -42.6174	  172.9824
4.365	 2.70	 2	 -42.1669	  173.0115
4.365	 2.14	 1	 -41.4358	  176.0265
4.366	 2.24	 2	 -42.4050	  173.2495
4.366	 2.17	 1	 -44.2477	  167.5413
4.366	 2.26	 1	 -42.9989	  171.7465
4.367	 2.36	 1	 -42.1253	  173.8020
4.371	 2.81	 2	 -42.8878	  173.5724
4.372	 2.18	 1	 -42.5415	  173.1823
4.372	 2.85	 1	 -41.6643	  174.3442
4.373	 2.42	 1	 -42.4664	  173.5084
4.375	 2.04	 2	 -41.6418	  174.3657
4.376	 2.71	 1	 -42.5245	  173.2216
4.377	 2.40	 1	 -42.4375	  173.0386
4.377	 2.01	 1	 -41.7369	  174.2911
4.378	 2.54	 1	 -42.5551	  173.2121
4.378	 2.58	 1	 -42.1038	  172.8790
4.379	 2.57	 1	 -42.8716	  173.4168
4.379	 3.22	 1	 -42.6529	  173.9074
4.380	 3.04	 1	 -42.2998	  173.6901
4.380	 4.88	 1	 -42.6354	  172.9132
4.380	 2.04	 1	 -42.3842	  173.9213
4.380	 2.93	 1	 -42.1275	  173.6276
4.380	 2.21	 1	 -42.5147	  173.3669
4.381	 2.59	 1	 -41.9802	  173.9970
4.382	 2.69	 1	 -40.6268	  172.6212
4.385	 2.06	 1	 -42.2550	  173.6990
4.386	 2.92	 1	 -41.9266	  174.0947
4.386	 3.01	 1	 -43.1887	  173.8174
4.387	 2.17	 1	 -42.2700	  173.5742
4.388	 2.46	 2	 -42.4140	  173.2054
4.388	 3.39	 1	 -41.8398	  173.9989
4.388	 2.18	 2	 -41.8294	  173.9944
4.388	 2.02	 1	 -42.2506	  173.7696
4.390	 2.50	 1	 -41.7000	  174.2663
4.391	 2.03	 2	 -41.6192	  174.2139
4.391	 2.17	 1	 -42.4122	  173.5676
4.392	 2.99	 2	 -42.4219	  173.2350
4.392	 2.77	 1	 -42.2485	  173.8316
4.393	 2.33	 1	 -41.6834	  174.2616
4.393	 2.05	 2	 -41.9756	  173.5079
4.394	 3.60	 2	 -41.9095	  173.6203
4.394	 2.38	 1	 -41.9652	  173.7515
4.394	 2.07	 1	 -41.7326	  174.3023
4.395	 2.65	 2	 -42.4979	  172.7811
4.397	 2.47	 1	 -41.6620	  174.0946
4.398	 2.11	 2	 -42.6065	  172.9017
4.399	 2.77	 1	 -42.5156	  173.3726
4.400	 2.04	 1	 -42.4279	  173.3390
4.400	 2.08	 2	 -42.7414	  172.6099
4.400	 2.66	 1	 -41.7000	  174.2325
4.402	 3.27	 1	 -41.7226	  174.3871
4.402	 2.27	 1	 -41.7166	  174.3084
4.405	 3.11	 1	 -42.1592	  173.9196
4.405	 2.48	 1	 -42.4516	  173.3190
4.406	 2.71	 1	 -41.5031	  170.9420
4.407	 2.58	 1	 -41.8082	  174.2663
4.407	 3.18	 2	 -42.4456	  173.1856
4.408	 2.15	 1	 -42.6755	  172.8617
4.408	 2.09	 1	 -42.4131	  173.4912
4.409	 2.26	 2	 -42.9645	  172.7365
4.410	 2.24	 1	 -42.4156	  173.3524
4.414	 2.84	 1	 -41.9155	  173.9281
4.414	 2.01	 2	 -42.6401	  173.3628
4.415	 2.31	 1	 -42.6531	  173.8312
4.416	 2.15	 1	 -42.3048	  173.5809
4.417	 2.30	 1	 -42.2774	  173.6442
4.418	 2.88	 1	 -42.4619	  173.7894
4.418	 2.65	 2	 -42.0162	  173.7337
4.418	 2.08	 1	 -42.3423	  173.9836
4.419	 2.02	 2	 -42.9455	  172.5714
4.421	 2.22	 1	 -42.4901	  173.9225
4.423	 2.22	 1	 -42.1549	  173.7635
4.423	 2.02	 1	 -42.8022	  173.7131
4.425	 2.04	 1	 -41.9783	  173.7445
4.427	 3.33	 1	 -42.3707	  174.0110
4.427	 2.09	 1	 -42.4422	  173.8214
4.429	 2.82	 2	 -41.9716	  173.6850
4.429	 2.07	 2	 -42.1491	  173.6741
4.430	 2.58	 1	 -41.7190	  174.2102
4.430	 2.57	 2	 -42.3979	  173.2661
4.430	 2.01	 1	 -42.3909	  173.7091
4.431	 2.23	 1	 -41.8555	  173.9318
4.431	 2.16	 1	 -42.2035	  174.1465
4.432	 2.17	 3	 -41.9159	  173.6129
4.433	 2.05	 2	 -41.4403	  169.9286
4.433	 2.98	 1	 -42.4408	  173.2634
4.433	 2.47	 1	 -42.5757	  173.2622
4.434	 2.21	 1	 -42.4948	  173.6933
4.434	 2.31	 1	 -42.4405	  173.4070
4.435	 2.19	 1	 -42.7254	  172.9509
4.436	 2.11	 2	 -42.7068	  172.8958
4.437	 2.56	 1	 -41.5283	  176.2132
4.437	 2.93	 1	 -42.7816	  173.8203
4.437	 2.54	 1	 -39.3337	  168.8491
4.438	 2.44	 1	 -41.6585	  174.4218
4.440	 2.35	 1	 -42.0225	  173.7783
4.440	 2.81	 1	 -42.6568	  172.6702
4.440	 2.26	 1	 -41.6879	  174.0453
4.440	 3.54	 1	 -42.3369	  173.7090
4.440	 2.00	 1	 -41.5770	  174.4002
4.441	 2.19	 1	 -41.7035	  174.2877
4.441	 2.33	 1	 -42.3712	  173.0873
4.442	 2.09	 1	 -42.3048	  173.7966
4.442	 2.71	 1	 -42.4886	  173.9001
4.442	 2.18	 1	 -41.7196	  174.3280
4.443	 2.66	 1	 -42.3667	  173.3759
4.444	 2.05	 1	 -42.0558	  173.7644
4.444	 2.22	 1	 -42.1653	  173.8471
4.444	 2.08	 1	 -42.6449	  172.9681
4.445	 2.15	 1	 -42.4447	  173.1646
4.445	 2.36	 3	 -42.1407	  173.6837
4.446	 2.66	 1	 -41.7626	  174.2860
4.447	 2.27	 1	 -42.0647	  173.9639
4.448	 3.85	 1	 -41.8296	  174.0843
4.449	 2.02	 1	 -42.6966	  172.8141
4.450	 2.24	 1	 -42.5798	  173.1657
4.453	 2.28	 1	 -42.1170	  173.5344
4.453	 2.61	 1	 -42.7056	  173.1919
4.454	 2.44	 1	 -41.6936	  174.3161
4.454	 2.49	 1	 -41.9415	  172.6509
4.455	 2.66	 2	 -42.3512	  173.2955
4.458	 2.45	 1	 -41.6616	  174.1581
4.458	 2.15	 2	 -42.6439	  172.1142
4.460	 2.61	 1	 -42.1177	  173.3924
4.460	 2.11	 2	 -42.5605	  174.0265
4.460	 2.22	 1	 -41.7348	  173.9312
4.461	 3.59	 1	 -42.3844	  173.5128
4.462	 2.99	 1	 -41.5825	  174.2018
4.462	 3.13	 1	 -42.1652	  173.5926
4.464	 2.13	 1	 -42.5648	  173.3550
4.464	 2.15	 1	 -42.2593	  173.8256
4.464	 2.23	 1	 -41.8437	  174.3438
4.465	 2.49	 2	 -42.5655	  172.3673
4.466	 2.07	 1	 -42.4439	  173.7214
4.466	 2.02	 1	 -41.8815	  174.3557
4.467	 2.06	 1	 -41.7291	  174.2823
4.467	 2.54	 1	 -42.7146	  172.9163
4.467	 2.38	 1	 -43.5069	  172.2608
4.468	 2.07	 1	 -42.3849	  173.9213
4.468	 2.31	 1	 -42.8769	  173.2719
4.470	 2.69	 2	 -41.7523	  174.2536
4.472	 2.13	 2	 -42.4936	  173.3520
4.473	 2.16	 1	 -45.8457	  174.1206
4.473	 2.05	 1	 -41.7002	  174.3605
4.474	 2.34	 1	 -42.0273	  173.6924
4.476	 2.31	 1	 -42.9400	  173.3890
4.477	 2.84	 1	 -42.2483	  173.7296
4.477	 2.86	 1	 -41.7109	  174.2620
4.478	 2.35	 1	 -42.0876	  173.8634
4.478	 2.43	 2	 -42.8401	  172.5885
4.479	 2.50	 1	 -42.0567	  174.0970
4.480	 2.50	 2	 -41.5775	  174.3409
4.482	 3.57	 1	 -41.9387	  174.4030
4.482	 2.87	 1	 -42.3905	  174.0675
4.483	 2.71	 1	 -42.8680	  173.8357
4.483	 2.93	 1	 -41.7953	  174.1541
4.483	 2.01	 1	 -42.4013	  173.2606
4.484	 2.32	 1	 -42.3897	  172.4512
4.487	 2.42	 2	 -41.7437	  174.2337
4.487	 2.07	 1	 -42.5649	  173.4812
4.488	 2.38	 1	 -41.9926	  173.6604
4.488	 2.51	 1	 -39.5976	  174.1180
4.489	 2.38	 1	 -42.8871	  172.9386
4.489	 2.51	 1	 -42.2450	  173.7479
4.491	 2.52	 1	 -42.2708	  173.6963
4.492	 3.31	 1	 -41.7434	  174.2219
4.492	 2.48	 1	 -42.5156	  172.9290
4.493	 2.61	 1	 -42.4420	  174.1787
4.495	 2.64	 2	 -42.4454	  173.3313
4.496	 2.02	 1	 -41.6407	  174.3668
4.497	 2.15	 1	 -42.6926	  172.7839
4.498	 2.36	 1	 -41.7298	  173.7341
4.498	 2.74	 1	 -41.7574	  173.7519
4.498	 2.02	 2	 -42.3111	  173.6202
4.499	 2.34	 1	 -43.6666	  173.1718
4.503	 2.10	 1	 -42.5168	  173.2912
4.504	 2.16	 1	 -42.5721	  173.1724
4.505	 2.08	 1	 -42.3861	  173.8235
4.506	 2.13	 1	 -42.0158	  174.0934
4.507	 2.59	 1	 -42.1296	  173.7621
4.508	 2.20	 1	 -42.3727	  174.0086
4.508	 2.02	 2	 -42.4160	  173.3620
4.512	 2.26	 1	 -42.0055	  174.0575
4.513	 2.60	 1	 -41.6830	  174.2985
4.514	 2.26	 1	 -41.8548	  173.9508
4.515	 2.14	 3	 -41.9072	  173.6250
4.516	 2.45	 1	 -41.6775	  174.2546
4.516	 2.27	 2	 -42.2474	  173.9067
4.516	 2.65	 1	 -40.9372	  174.3273
4.518	 2.06	 1	 -42.3896	  173.0392
4.518	 2.69	 1	 -42.4493	  173.7633
4.519	 2.09	 1	 -42.4492	  173.1903
4.519	 2.22	 1	 -40.8661	  172.9652
4.519	 2.08	 2	 -41.7783	  174.4288
4.520	 5.30	 2	 -42.4097	  173.2009
4.521	 2.13	 1	 -41.6985	  174.3086
4.522	 3.13	 3	 -42.4572	  173.2822
4.523	 3.42	 1	 -38.5379	  176.1059
4.524	 2.08	 3	 -42.4417	  173.1435
4.524	 2.25	 1	 -42.2903	  173.8107
4.524	 2.48	 3	 -42.4211	  173.2044
4.525	 2.22	 3	 -41.3951	  173.7991
4.527	 2.37	 2	 -42.2718	  173.7096
4.527	 2.15	 2	 -42.6396	  173.0002
4.527	 2.26	 2	 -41.9008	  173.7047
4.528	 2.34	 1	 -42.5934	  173.5116
4.528	 2.25	 3	 -42.1304	  173.2053
4.529	 2.06	 1	 -42.5278	  173.9130
4.530	 2.18	 2	 -42.1925	  173.3740
4.530	 2.01	 1	 -42.2447	  173.8256
4.530	 2.64	 1	 -41.8041	  174.1576
4.533	 2.26	 1	 -42.5470	  172.8853
4.533	 2.30	 1	 -42.0692	  173.7998
4.533	 2.01	 3	 -42.5575	  173.2909
4.537	 2.04	 1	 -39.3844	  178.4762
4.538	 2.44	 2	 -42.3794	  173.0202
4.539	 2.17	 1	 -42.3818	  173.5941
4.541	 2.79	 1	 -42.3209	  173.8781
4.541	 2.89	 1	 -42.2190	  173.6930
4.542	 2.08	 1	 -42.2733	  173.7054
4.542	 2.30	 1	 -42.4561	  173.9751
4.542	 2.02	 2	 -41.8241	  174.3918
4.543	 2.03	 2	 -42.3664	  173.0967
4.544	 2.18	 1	 -42.6776	  172.7197
4.544	 2.16	 1	 -41.6852	  174.3328
4.545	 3.12	 1	 -42.1372	  173.8724
4.546	 2.66	 1	 -42.1020	  172.9102
4.547	 2.02	 1	 -43.1349	  172.7940
4.547	 2.85	 3	 -42.4934	  173.2445
4.547	 2.52	 2	 -42.3933	  173.1853
4.548	 2.35	 1	 -42.5861	  173.0354
4.549	 2.11	 1	 -42.3660	  173.9912
4.550	 2.09	 1	 -42.0872	  173.6743
4.550	 2.31	 1	 -42.3129	  173.4643
4.550	 3.14	 1	 -43.0555	  172.5485
4.550	 2.05	 1	 -41.7299	  174.1900
4.551	 2.29	 1	 -41.7376	  174.2907
4.552	 2.03	 1	 -42.4174	  173.1420
4.553	 2.45	 1	 -41.8326	  174.1421
4.553	 2.06	 1	 -41.7574	  174.1717
4.555	 2.11	 1	 -42.2665	  173.7656
4.556	 2.49	 1	 -42.2515	  173.5369
4.557	 2.47	 1	 -42.4397	  174.0495
4.558	 2.66	 1	 -42.8058	  172.8726
4.558	 2.24	 1	 -41.6602	  174.2594
4.559	 2.39	 2	 -42.4244	  173.6817
4.561	 2.06	 1	 -43.0146	  173.0075
4.562	 2.05	 2	 -42.4526	  173.0630
4.564	 2.41	 1	 -41.7105	  174.2548
4.564	 2.14	 1	 -42.3083	  173.8912
4.567	 2.05	 1	 -42.2706	  173.6307
4.567	 2.18	 2	 -41.7416	  174.2948
4.567	 2.42	 2	 -42.1814	  173.8992
4.568	 2.81	 1	 -41.8555	  173.9783
4.568	 3.39	 1	 -41.8363	  174.1780
4.568	 2.16	 1	 -42.5135	  173.7941
4.570	 2.22	 1	 -42.3354	  173.7453
4.570	 2.46	 2	 -41.6948	  174.3096
4.573	 2.06	 1	 -42.0770	  173.7242
4.575	 2.33	 3	 -42.4075	  173.0977
4.575	 2.42	 1	 -42.0146	  173.7237
4.575	 2.33	 1	 -42.4896	  173.5887
4.578	 2.11	 1	 -41.5027	  174.4489
4.578	 2.81	 1	 -42.3388	  173.9534
4.579	 2.17	 3	 -42.3788	  173.1705
4.583	 2.26	 1	 -42.2279	  173.6833
4.584	 2.13	 1	 -42.4912	  173.0526
4.584	 2.17	 2	 -42.1835	  173.0395
4.585	 2.09	 2	 -42.5856	  172.9517
4.586	 2.43	 1	 -41.8642	  174.0987
4.586	 2.34	 1	 -41.9542	  173.6802
4.588	 4.85	 1	 -42.0273	  173.6826
4.589	 3.23	 1	 -43.2755	  169.3447
4.589	 2.08	 2	 -42.3577	  173.8183
4.589	 2.54	 1	 -41.9631	  173.8814
4.589	 2.08	 1	 -42.3256	  173.5119
4.590	 2.99	 1	 -42.1800	  173.6880
4.592	 2.23	 1	 -42.4162	  173.4304
4.595	 2.49	 1	 -42.5123	  173.7211
4.596	 2.24	 1	 -42.2527	  173.6363
4.596	 2.12	 1	 -41.9877	  169.9798
4.600	 2.60	 3	 -41.4399	  174.0323
4.601	 2.51	 2	 -41.7076	  174.2471
4.602	 2.43	 2	 -42.6774	  173.0468
4.602	 2.03	 1	 -44.4867	  168.4927
4.603	 2.02	 2	 -42.2670	  173.0701
4.605	 3.65	 1	 -42.0371	  174.1204
4.605	 2.28	 1	 -41.7845	  174.3051
4.605	 2.07	 1	 -42.3211	  173.8282
4.606	 2.02	 1	 -42.0009	  173.7755
4.606	 2.06	 2	 -41.9779	  173.6194
4.606	 2.33	 2	 -41.7270	  174.2619
4.607	 2.04	 1	 -42.6217	  172.4847
4.608	 3.18	 1	 -41.6650	  174.2082
4.608	 2.51	 1	 -41.7053	  174.1863
4.609	 2.28	 1	 -42.7317	  173.2822
4.609	 2.74	 2	 -42.6234	  172.9068
4.610	 3.21	 1	 -41.7035	  174.3049
4.612	 2.04	 1	 -42.4002	  173.1410
4.613	 2.19	 1	 -41.7068	  174.2913
4.613	 2.12	 1	 -41.7906	  173.4986
4.613	 2.31	 1	 -41.7407	  174.2720
4.615	 2.09	 1	 -41.8002	  174.2252
4.615	 2.02	 1	 -41.9361	  174.0626
4.616	 2.01	 1	 -42.2855	  173.8436
4.618	 3.19	 1	 -42.3859	  173.9021
4.619	 2.26	 3	 -41.7253	  174.2369
4.620	 2.06	 1	 -42.4142	  172.8653
4.620	 2.21	 1	 -42.0844	  172.8098
4.620	 2.21	 2	 -41.9125	  173.8125
4.621	 2.76	 1	 -41.6728	  174.2777
4.622	 3.14	 1	 -42.5970	  174.4904
4.623	 2.74	 1	 -41.7686	  174.2071
4.624	 2.58	 1	 -42.5883	  172.8380
4.624	 2.27	 1	 -42.4411	  173.4726
4.625	 2.08	 1	 -42.4811	  173.1303
4.625	 2.14	 1	 -41.7500	  174.2471
4.626	 3.05	 1	 -41.5900	  174.5151
4.626	 2.01	 1	 -42.4417	  173.5928
4.627	 2.27	 2	 -42.1344	  173.4178
4.629	 2.07	 2	 -42.3344	  173.4725
4.629	 2.68	 1	 -42.3029	  173.6781
4.629	 2.37	 2	 -42.9057	  173.5301
4.629	 2.44	 1	 -42.3437	  173.5232
4.631	 2.42	 1	 -42.5619	  172.9139
4.631	 2.04	 2	 -38.5010	  176.1099
4.632	 2.34	 2	 -42.8592	  173.8010
4.632	 2.28	 1	 -42.4060	  173.7304
4.633	 2.53	 1	 -41.7253	  174.2842
4.633	 2.21	 1	 -41.7341	  174.1949
4.633	 2.41	 1	 -42.2724	  173.6133
4.634	 2.16	 1	 -41.6338	  174.0770
4.635	 2.06	 1	 -42.3559	  172.9929
4.635	 2.37	 2	 -42.1467	  173.5378
4.638	 2.24	 1	 -41.9527	  173.6443
4.639	 2.09	 1	 -42.0934	  173.7865
4.639	 2.72	 3	 -42.3613	  173.2119
4.640	 2.77	 2	 -42.4149	  173.1976
4.641	 2.06	 2	 -42.6750	  172.7049
4.642	 2.36	 2	 -42.1354	  173.6555
4.643	 2.09	 2	 -42.1120	  173.8817
4.643	 2.68	 1	 -41.6713	  174.3596
4.643	 2.41	 1	 -42.5377	  173.5665
4.644	 2.18	 1	 -42.8608	  167.4631
4.644	 3.08	 4	 -42.4766	  173.2571
4.644	 2.04	 1	 -42.7947	  172.9656
4.646	 2.32	 2	 -42.0159	  173.7131
4.646	 3.43	 2	 -41.7032	  174.1855
4.646	 2.01	 2	 -41.7345	  174.2713
4.647	 2.04	 1	 -42.3075	  173.7860
4.647	 3.06	 1	 -41.6581	  174.1287
4.648	 2.61	 1	 -42.5022	  173.8193
4.648	 2.44	 1	 -43.3962	  173.0963
4.649	 2.47	 2	 -42.3346	  173.5078
4.649	 2.25	 3	 -42.4246	  173.1793
4.649	 2.49	 2	 -41.7303	  174.2630
4.651	 2.45	 1	 -42.4623	  173.4474
4.652	 2.11	 1	 -42.5862	  172.8710
4.652	 2.05	 2	 -41.4613	  174.5991
4.652	 2.32	 2	 -42.2879	  173.8193
4.652	 2.22	 2	 -42.5214	  173.5159
4.652	 2.65	 3	 -42.4031	  173.1929
4.654	 2.21	 1	 -42.6247	  172.7491
4.656	 2.10	 3	 -42.4178	  173.3572
4.656	 3.57	 2	 -41.9056	  173.8083
4.657	 2.10	 1	 -42.4730	  173.0840
4.658	 2.35	 1	 -42.4688	  173.2307
4.659	 2.20	 1	 -41.8889	  174.3270
4.661	 2.77	 3	 -42.5749	  173.1304
4.662	 2.28	 2	 -38.7097	  176.1019
4.663	 2.17	 2	 -41.7860	  173.8299
4.663	 2.17	 1	 -41.8214	  174.2441
4.663	 2.19	 2	 -41.8970	  173.5419
4.664	 3.13	 2	 -42.2198	  173.7818
4.664	 2.12	 1	 -46.1624	  171.9930
4.664	 2.14	 2	 -42.3567	  173.2626
4.666	 2.20	 1	 -42.2277	  173.8225
4.666	 2.00	 1	 -41.7785	  174.2664
4.667	 2.25	 3	 -42.4687	  173.0954
4.669	 2.04	 2	 -42.3770	  173.5548
4.669	 2.19	 3	 -42.4453	  173.1904
4.670	 3.58	 1	 -42.1227	  173.6022
4.670	 2.27	 1	 -42.1949	  172.9627
4.670	 2.35	 1	 -42.0477	  173.8364
4.671	 2.01	 2	 -42.7186	  172.6789
4.671	 2.76	 1	 -42.3735	  174.0195
4.671	 2.34	 2	 -42.3245	  173.8023
4.672	 3.13	 1	 -41.6093	  174.3145
4.674	 2.09	 1	 -41.7453	  174.2588
4.674	 2.23	 1	 -42.4794	  173.3779
4.674	 2.00	 1	 -41.7505	  174.2097
4.676	 2.25	 1	 -42.4469	  174.4645
4.676	 2.07	 1	 -42.2115	  173.6918
4.679	 2.07	 1	 -42.6730	  173.0662
4.679	 2.37	 1	 -42.5440	  173.3915
4.681	 2.34	 1	 -42.6929	  173.5281
4.683	 2.21	 2	 -42.0239	  173.6595
4.683	 3.06	 1	 -40.6550	  168.3552
4.683	 2.32	 2	 -41.9696	  174.4239
4.684	 5.12	 1	 -43.0584	  173.0692
4.684	 2.49	 2	 -42.2393	  173.5025
4.684	 2.51	 3	 -42.3047	  173.2101
4.684	 2.35	 1	 -42.2940	  173.7347
4.684	 2.77	 3	 -42.4186	  173.2155
4.684	 3.98	 1	 -41.9869	  173.8911
4.684	 2.12	 2	 -42.4298	  173.0136
4.685	 2.04	 2	 -42.5081	  174.0893
4.685	 2.51	 1	 -42.6191	  173.2229
4.688	 2.56	 1	 -42.3901	  174.0729
4.688	 2.31	 1	 -42.2253	  173.7422
4.688	 2.14	 3	 -42.4515	  173.2536
4.691	 2.36	 1	 -42.3186	  173.8318
4.691	 2.27	 1	 -42.6775	  172.8548
4.693	 2.22	 1	 -43.1558	  172.8641
4.694	 2.07	 3	 -42.4737	  173.1315
4.695	 2.15	 2	 -41.8718	  173.9327
4.695	 2.56	 1	 -42.2967	  173.7093
4.700	 2.05	 1	 -41.8776	  174.6536
4.700	 2.02	 1	 -41.6856	  174.1222
4.701	 3.51	 2	 -42.4271	  172.9964
4.701	 2.47	 2	 -42.5035	  172.7066
4.702	 2.48	 1	 -41.6807	  174.2487
4.702	 2.06	 2	 -42.6246	  172.9094
4.703	 2.07	 1	 -41.6378	  174.2869
4.703	 2.02	 2	 -43.0589	  173.0343
4.703	 2.93	 1	 -42.2369	  173.6546
4.704	 2.33	 1	 -42.6649	  172.9221
4.706	 2.33	 2	 -43.0153	  173.1111
4.706	 2.38	 1	 -42.6603	  172.8434
4.707	 2.83	 2	 -42.3803	  173.2514
4.708	 2.56	 2	 -43.0671	  173.0753
4.708	 2.35	 2	 -41.8499	  174.1533
4.708	 2.07	 1	 -42.6758	  172.9454
4.711	 2.06	 3	 -42.5499	  173.5624
4.711	 2.11	 2	 -42.5827	  172.6988
4.712	 2.58	 2	 -41.7370	  174.2663
4.713	 2.65	 1	 -42.4074	  173.3740
4.713	 2.05	 2	 -42.3968	  173.2876
4.713	 3.20	 1	 -42.3260	  173.7100
4.714	 2.05	 1	 -42.6820	  172.9870
4.714	 2.91	 1	 -43.1806	  173.0637
4.715	 2.85	 1	 -41.7060	  174.2747
4.715	 3.81	 3	 -42.4065	  173.1033
4.716	 2.16	 1	 -42.6349	  172.9877
4.716	 2.12	 1	 -42.3939	  173.8323
4.717	 2.10	 1	 -42.4077	  173.5654
4.718	 2.21	 1	 -42.4709	  173.2242
4.718	 2.28	 1	 -42.2957	  173.8897
4.718	 2.15	 2	 -43.0345	  173.0269
4.718	 2.31	 2	 -42.4016	  173.4649
4.719	 2.64	 1	 -41.8368	  174.1998
4.719	 3.22	 1	 -41.6536	  174.3008
4.719	 2.16	 1	 -41.7995	  174.1693
4.720	 2.09	 1	 -42.5552	  173.1766
4.720	 2.05	 1	 -43.1101	  173.1246
4.721	 2.40	 1	 -42.4572	  173.0601
4.721	 2.15	 1	 -42.3342	  173.2455
4.726	 2.27	 1	 -41.7823	  174.1764
4.727	 2.40	 1	 -42.3998	  174.3479
4.728	 2.40	 1	 -41.7185	  174.2931
4.730	 3.04	 2	 -42.2844	  173.8056
4.731	 2.04	 2	 -41.8463	  173.5865
4.731	 3.32	 1	 -41.7478	  174.3614
4.731	 2.41	 1	 -42.3724	  173.5114
4.732	 2.25	 1	 -42.1733	  173.8605
4.735	 2.75	 1	 -42.2022	  173.5024
4.735	 3.75	 2	 -43.0196	  173.0890
4.735	 2.06	 1	 -42.8978	  172.7787
4.740	 2.07	 1	 -41.7207	  174.1760
4.741	 2.00	 1	 -42.2008	  173.6390
4.741	 2.72	 1	 -41.7768	  174.0648
4.743	 2.27	 1	 -41.9609	  173.6637
4.743	 2.33	 2	 -41.7152	  174.3528
4.744	 2.00	 2	 -42.1828	  173.5685
4.744	 2.11	 3	 -42.4319	  173.2279
4.744	 2.77	 1	 -42.4315	  173.1654
4.745	 2.97	 1	 -38.7799	  176.5813
4.746	 2.46	 1	 -41.7097	  174.4875
4.746	 2.33	 3	 -42.6651	  173.3917
4.747	 2.03	 1	 -42.4689	  173.1775
4.747	 2.03	 1	 -41.9626	  173.9785
4.747	 2.69	 4	 -42.4038	  173.1878
4.747	 2.41	 1	 -42.1196	  173.7321
4.748	 2.07	 1	 -41.7452	  174.3275
4.748	 2.46	 1	 -42.6309	  172.8743
4.750	 2.84	 2	 -42.4934	  173.6988
4.751	 2.82	 1	 -42.3930	  173.8489
4.751	 2.25	 3	 -42.5678	  172.5760
4.752	 2.48	 1	 -42.5323	  173.1254
4.753	 2.16	 1	 -42.2711	  173.7273
4.754	 2.37	 2	 -43.0579	  173.0266
4.754	 2.46	 2	 -42.6062	  172.9545
4.754	 2.59	 2	 -41.8285	  174.1747
4.754	 2.88	 1	 -39.0520	  169.4312
4.755	 4.28	 1	 -41.8326	  174.1469
4.755	 3.16	 1	 -42.4639	  173.1974
4.756	 2.32	 1	 -41.7534	  174.2642
4.757	 2.01	 1	 -42.3699	  173.9757
4.757	 2.18	 1	 -42.6493	  173.5122
4.757	 2.17	 1	 -41.8442	  173.9366
4.757	 2.02	 1	 -43.1176	  173.2039
4.760	 2.55	 2	 -42.2693	  173.7030
4.761	 3.37	 1	 -41.7176	  174.3538
4.761	 2.59	 1	 -41.7131	  174.2869
4.761	 2.16	 1	 -42.4457	  174.7616
4.762	 2.68	 1	 -42.0188	  173.8058
4.762	 2.28	 1	 -42.3314	  171.7798
4.764	 2.07	 1	 -42.4721	  173.5881
4.764	 2.00	 2	 -41.6973	  174.3229
4.764	 2.33	 1	 -41.9504	  173.7635
4.765	 2.09	 1	 -42.5558	  174.0233
4.765	 2.42	 1	 -41.6963	  174.3406
4.766	 2.99	 1	 -42.6389	  172.9826
4.766	 2.26	 2	 -42.0786	  173.6517
4.769	 2.53	 1	 -42.5260	  173.1084
4.769	 3.91	 2	 -42.1186	  173.6089
4.770	 3.63	 1	 -42.3857	  173.1509
4.771	 2.55	 1	 -42.3504	  174.0550
4.771	 2.52	 1	 -42.4775	  173.0934
4.772	 2.40	 2	 -42.3070	  173.4060
4.774	 2.17	 2	 -41.8840	  173.8887
4.774	 2.05	 2	 -43.0675	  173.0373
4.774	 2.25	 2	 -43.1107	  173.0861
4.778	 2.37	 1	 -43.0054	  172.9426
4.778	 2.29	 1	 -42.2956	  175.1912
4.780	 2.33	 1	 -41.8383	  174.3501
4.780	 2.75	 1	 -41.6743	  174.2824
4.781	 2.03	 1	 -42.6753	  173.5326
4.782	 2.42	 2	 -42.0920	  173.7813
4.782	 2.04	 1	 -42.4541	  174.0596
4.782	 2.45	 1	 -41.9588	  173.6859
4.783	 2.39	 1	 -42.0925	  173.9349
4.783	 2.35	 1	 -42.4829	  173.2135
4.785	 2.15	 1	 -41.7214	  174.2072
4.785	 3.15	 1	 -42.3866	  173.9993
4.786	 2.01	 2	 -43.0841	  173.0824
4.786	 2.22	 1	 -42.6026	  173.2269
4.787	 2.41	 2	 -42.1005	  173.4787
4.788	 2.07	 2	 -41.7390	  175.6490
4.789	 2.01	 1	 -42.3919	  173.6019
4.790	 2.29	 1	 -41.8898	  174.0976
4.790	 2.21	 1	 -42.3675	  173.8205
4.791	 2.74	 4	 -42.4449	  173.0426
4.791	 2.19	 1	 -42.4877	  173.2720
4.792	 2.47	 1	 -41.7140	  174.4275
4.792	 2.01	 1	 -42.3709	  173.0596
4.793	 2.56	 1	 -42.4783	  173.2784
4.795	 2.14	 2	 -42.0477	  173.6591
4.796	 2.03	 1	 -44.0232	  172.9821
4.797	 2.57	 2	 -43.1307	  173.1409
4.798	 2.33	 1	 -41.4611	  172.4980
4.801	 2.77	 1	 -41.6502	  173.8065
4.801	 3.04	 1	 -41.6693	  174.3450
4.803	 2.30	 1	 -42.5590	  173.3678
4.803	 2.73	 1	 -41.9722	  173.9897
4.803	 2.29	 2	 -42.4473	  174.4650
4.803	 2.46	 1	 -42.9047	  174.2145
4.804	 2.07	 1	 -42.0784	  173.7908
4.805	 3.05	 1	 -42.1822	  173.5537
4.806	 2.04	 1	 -42.2770	  173.6397
4.807	 2.06	 1	 -42.5545	  173.1951
4.807	 2.59	 1	 -41.6813	  174.2480
4.808	 2.04	 2	 -42.6554	  173.9128
4.809	 2.02	 1	 -41.9774	  174.0173
4.809	 2.80	 1	 -41.7184	  174.2843
4.809	 2.07	 1	 -42.4084	  173.7343
4.809	 2.20	 1	 -42.8203	  172.6522
4.809	 2.25	 3	 -42.4054	  173.1015
4.809	 2.95	 2	 -42.4081	  173.2591
4.812	 2.77	 1	 -41.7412	  174.2829
4.813	 2.44	 2	 -41.7837	  174.1768
4.813	 2.08	 1	 -42.2026	  173.6530
4.813	 2.49	 4	 -42.6057	  173.0977
4.816	 2.18	 2	 -42.1396	  173.5205
4.817	 2.00	 1	 -42.3046	  174.2549
4.819	 2.26	 1	 -41.8101	  174.1769
4.819	 2.10	 1	 -42.3898	  173.3013
4.820	 2.34	 1	 -42.0306	  173.9959
4.823	 2.22	 1	 -41.9069	  174.0454
4.823	 2.09	 3	 -42.4326	  173.2004
4.824	 2.06	 2	 -42.4253	  173.2527
4.825	 2.40	 1	 -42.2582	  174.2459
4.826	 2.01	 1	 -42.1538	  173.6792
4.826	 2.14	 1	 -42.4862	  173.3092
4.829	 2.25	 1	 -41.9212	  173.6910
4.830	 2.34	 3	 -42.0622	  173.6420
4.830	 2.16	 1	 -42.5143	  173.2070
4.831	 2.35	 2	 -41.9118	  173.8142
4.831	 2.13	 1	 -42.2368	  173.9873
4.832	 2.05	 1	 -42.6841	  172.6575
4.832	 2.17	 1	 -42.3264	  173.8630
4.834	 2.14	 2	 -42.1047	  173.6052
4.834	 2.08	 1	 -42.2815	  174.0193
4.834	 2.26	 1	 -41.7220	  174.3586
4.834	 2.39	 1	 -41.9252	  173.5494
4.835	 2.26	 1	 -41.7035	  174.1054
4.836	 2.01	 1	 -41.8273	  174.2407
4.837	 2.50	 2	 -42.4215	  173.2364
4.837	 2.12	 1	 -42.9954	  173.1452
4.839	 2.25	 1	 -42.8824	  172.7201
4.839	 2.16	 1	 -41.7038	  174.3608
4.840	 2.38	 1	 -42.4076	  173.1726
4.840	 2.01	 3	 -41.4969	  174.4925
4.842	 2.20	 1	 -42.9449	  173.0489
4.842	 2.36	 1	 -41.9544	  174.1841
4.842	 2.91	 1	 -43.2587	  173.7767
4.843	 2.44	 1	 -42.4990	  173.1768
4.843	 2.76	 2	 -41.2227	  172.6875
4.843	 2.13	 1	 -41.9374	  173.7118
4.843	 2.08	 1	 -42.4923	  173.8229
4.845	 2.32	 2	 -41.7581	  174.0210
4.845	 2.29	 1	 -41.7614	  174.1007
4.845	 2.76	 1	 -41.7353	  174.3119
4.846	 2.25	 1	 -42.3341	  174.0621
4.846	 3.39	 1	 -41.6680	  173.3321
4.846	 2.47	 1	 -43.1841	  173.1221
4.847	 2.32	 1	 -42.4315	  173.4572
4.848	 2.15	 1	 -41.8279	  174.0914
4.848	 2.22	 1	 -41.7194	  174.4294
4.850	 2.49	 3	 -42.5760	  174.1417
4.850	 2.22	 2	 -43.1769	  173.0065
4.851	 2.46	 1	 -41.7533	  174.2687
4.851	 2.27	 1	 -42.2714	  173.8990
4.851	 2.59	 1	 -42.0030	  173.8726
4.851	 2.90	 1	 -42.2489	  173.8984
4.852	 2.31	 1	 -42.7562	  173.4347
4.852	 2.15	 1	 -42.2020	  174.0354
4.854	 2.51	 1	 -42.6926	  173.1678
4.854	 2.34	 1	 -41.8754	  174.2624
4.855	 2.39	 3	 -42.3336	  173.1122
4.855	 2.40	 2	 -42.4870	  173.4277
4.856	 3.16	 1	 -41.4941	  173.8250
4.856	 2.50	 1	 -42.2967	  173.7499
4.856	 2.33	 1	 -42.4677	  173.2029
4.856	 2.60	 1	 -42.0352	  172.8445
4.858	 2.87	 1	 -41.9030	  174.1132
4.858	 3.28	 1	 -42.4975	  173.0901
4.859	 2.27	 1	 -42.3996	  173.2335
4.859	 2.32	 1	 -41.9185	  173.8488
4.859	 2.02	 1	 -41.6099	  174.4008
4.860	 2.30	 2	 -41.7323	  174.1936
4.860	 2.99	 1	 -42.0254	  174.0760
4.860	 2.54	 3	 -42.5012	  173.1810
4.860	 2.19	 1	 -41.7100	  174.4506
4.860	 2.10	 1	 -42.3267	  173.4527
4.861	 2.36	 3	 -41.8852	  174.2195
4.861	 2.65	 1	 -41.7070	  174.2272
4.865	 2.45	 3	 -41.5634	  169.9721
4.866	 2.69	 1	 -41.2934	  175.1873
4.866	 2.50	 1	 -41.6439	  174.4702
4.867	 2.22	 1	 -41.7345	  174.2723
4.867	 2.41	 3	 -42.4337	  173.2318
4.869	 2.04	 2	 -42.3946	  173.2115
4.869	 2.13	 1	 -42.2414	  173.5916
4.870	 2.94	 2	 -42.0155	  174.5226
4.870	 2.30	 1	 -42.4764	  173.1200
4.872	 2.10	 4	 -42.3708	  174.0972
4.872	 2.70	 1	 -42.5350	  173.2471
4.872	 2.71	 1	 -42.3778	  173.4179
4.873	 2.55	 1	 -41.9594	  173.7146
4.874	 2.77	 3	 -42.4194	  173.3656
4.876	 2.72	 1	 -41.9204	  174.4193
4.876	 2.44	 1	 -41.8381	  174.2379
4.876	 2.37	 1	 -42.3423	  173.3617
4.876	 2.66	 2	 -42.3964	  173.9769
4.876	 2.05	 1	 -42.2889	  172.9340
4.876	 2.79	 2	 -43.0677	  173.0495
4.878	 2.58	 1	 -42.3527	  173.9910
4.882	 2.30	 2	 -42.3171	  173.8991
4.883	 2.17	 1	 -42.6884	  172.9926
4.884	 4.06	 1	 -41.7534	  174.3135
4.885	 2.00	 2	 -42.3652	  174.0068
4.885	 2.24	 1	 -42.5814	  173.2042
4.886	 3.06	 1	 -42.4139	  173.6864
4.886	 2.34	 1	 -42.5308	  173.0026
4.887	 2.23	 1	 -41.9687	  173.7512
4.888	 2.01	 1	 -42.5039	  173.1057
4.888	 2.59	 1	 -42.3274	  173.0400
4.889	 2.11	 1	 -42.4173	  173.7070
4.889	 2.79	 1	 -41.7622	  174.1570
4.890	 2.11	 1	 -42.5107	  172.8205
4.891	 3.34	 1	 -42.3212	  173.8429
4.891	 2.66	 1	 -43.0993	  173.3458
4.892	 2.63	 1	 -42.1812	  173.7266
4.892	 2.36	 1	 -42.0509	  173.7377
4.892	 2.63	 1	 -42.3563	  171.9910
4.892	 2.00	 1	 -42.6055	  173.2218
4.893	 2.04	 1	 -42.1479	  173.8388
4.893	 2.90	 1	 -42.4942	  174.0266
4.893	 2.10	 1	 -42.5579	  173.5106
4.894	 2.25	 1	 -42.2287	  173.7022
4.894	 2.36	 1	 -41.6248	  174.2508
4.894	 2.75	 2	 -41.9826	  173.8851
4.894	 2.68	 1	 -42.5703	  173.6259
4.895	 2.66	 1	 -42.4011	  173.8147
4.896	 2.99	 3	 -42.1223	  173.6160
4.897	 2.28	 1	 -41.7127	  174.2753
4.897	 2.13	 1	 -42.6800	  172.8029
4.897	 2.73	 1	 -42.2035	  173.4856
4.897	 2.06	 1	 -42.4058	  173.8665
4.899	 2.26	 2	 -41.7507	  174.2452
4.903	 3.05	 1	 -42.2324	  173.8373
4.903	 2.17	 1	 -42.3518	  173.4270
4.904	 2.16	 2	 -42.2791	  173.6700
4.905	 3.78	 1	 -41.0459	  172.0210
4.906	 2.82	 1	 -42.3645	  173.9668
4.906	 2.15	 1	 -42.2865	  173.8113
4.907	 2.09	 1	 -42.3074	  173.6071
4.912	 2.16	 1	 -41.6552	  174.5191
4.912	 4.38	 2	 -42.0890	  173.6523
4.915	 2.15	 1	 -41.9126	  172.6860
4.917	 2.46	 1	 -42.1373	  173.7957
4.917	 2.44	 1	 -42.2105	  173.4726
4.918	 2.07	 1	 -41.8835	  173.8769
4.920	 2.83	 1	 -42.3715	  173.9589
4.921	 2.15	 2	 -41.7204	  174.3579
4.921	 2.67	 1	 -46.9099	  173.2765
4.921	 2.19	 2	 -42.6130	  172.7065
4.922	 2.04	 2	 -37.9192	  172.7111
4.925	 2.16	 1	 -41.9901	  173.6767
4.925	 2.23	 1	 -41.7760	  174.2784
4.926	 2.17	 2	 -42.4099	  173.7807
4.926	 2.33	 3	 -41.7827	  173.8314
4.927	 2.12	 1	 -42.2456	  173.9521
4.928	 2.68	 1	 -42.3524	  173.8840
4.929	 2.27	 1	 -41.7936	  174.2165
4.930	 2.20	 1	 -42.1371	  175.9012
4.930	 2.25	 1	 -42.6031	  173.1923
4.931	 2.06	 1	 -41.6557	  174.1443
4.931	 2.31	 1	 -42.1920	  173.9057
4.931	 2.06	 1	 -42.0993	  173.8057
4.933	 2.11	 1	 -39.1212	  179.1113
4.933	 2.25	 1	 -42.4668	  173.0688
4.934	 2.07	 1	 -42.6253	  172.9565
4.937	 2.25	 1	 -41.8610	  174.2392
4.938	 2.69	 1	 -42.3262	  173.9804
4.938	 2.26	 1	 -41.6840	  174.4219
4.938	 3.60	 1	 -41.6704	  174.2631
4.938	 2.33	 1	 -41.8473	  174.2062
4.939	 2.04	 1	 -42.3061	  173.7488
4.939	 2.33	 1	 -45.8761	  176.3873
4.940	 2.93	 3	 -42.3059	  173.2285
4.940	 2.64	 1	 -42.1513	  173.5755
4.941	 2.62	 1	 -42.2021	  173.7585
4.943	 2.60	 1	 -42.6923	  173.0379
4.944	 2.47	 2	 -42.4304	  173.4579
4.944	 2.04	 4	 -42.4753	  173.0961
4.945	 2.70	 1	 -42.8318	  172.6082
4.945	 2.17	 2	 -43.0695	  173.0875
4.945	 2.40	 1	 -42.6644	  172.9354
4.946	 4.00	 2	 -41.6418	  174.1574
4.947	 2.19	 1	 -41.7494	  174.4212
4.947	 2.19	 1	 -41.6727	  174.1737
4.948	 2.05	 2	 -43.0910	  173.0320
4.948	 2.43	 2	 -43.0776	  173.1193
4.949	 2.08	 2	 -42.2646	  173.0925
4.950	 2.76	 1	 -41.8245	  174.3075
4.953	 2.19	 1	 -41.6512	  174.3206
4.954	 2.01	 1	 -41.7352	  174.2879
4.954	 2.06	 1	 -41.7596	  173.4016
4.956	 2.13	 1	 -42.3563	  174.0631
4.956	 2.68	 2	 -42.8690	  173.8374
4.959	 2.43	 3	 -42.3633	  173.2768
4.960	 3.94	 1	 -42.4562	  173.8495
4.960	 2.63	 1	 -43.0058	  173.1209
4.961	 2.89	 1	 -41.9522	  174.5457
4.961	 3.45	 2	 -41.7450	  174.2666
4.962	 2.20	 1	 -42.6384	  172.9119
4.962	 2.20	 1	 -42.7380	  172.9849
4.965	 2.20	 2	 -38.7797	  176.5809
4.966	 2.74	 2	 -42.0276	  174.0753
4.968	 2.18	 1	 -42.3615	  173.2176
4.968	 2.91	 2	 -41.7833	  173.9161
4.968	 2.59	 1	 -42.2154	  173.8833
4.969	 2.04	 1	 -41.9265	  173.7570
4.970	 2.05	 1	 -38.2112	  172.5183
4.972	 2.01	 1	 -41.6760	  174.2299
4.973	 2.52	 1	 -41.7579	  174.1814
4.974	 2.13	 1	 -42.4930	  173.0108
4.975	 3.17	 2	 -43.0593	  173.1268
4.977	 2.13	 2	 -42.8928	  173.2239
4.977	 2.02	 1	 -42.5241	  173.0466
4.978	 2.20	 1	 -41.8996	  174.1517
4.978	 2.04	 3	 -42.0813	  173.6574
4.979	 2.59	 1	 -42.4436	  173.6708
4.980	 2.39	 1	 -41.7017	  174.3293
4.980	 3.88	 1	 -42.1164	  173.7254
4.980	 2.15	 1	 -39.0571	  169.4217
4.981	 2.01	 1	 -41.6886	  173.3681
4.981	 2.99	 1	 -42.5769	  173.0297
4.981	 2.11	 1	 -42.1233	  174.4090
4.981	 2.31	 1	 -41.7259	  174.2332
4.982	 2.66	 1	 -42.4192	  173.4710
4.982	 2.14	 1	 -41.7082	  174.2881
4.984	 2.07	 1	 -42.1036	  172.6071
4.985	 2.05	 1	 -42.2733	  173.5643
4.987	 2.13	 1	 -42.5612	  173.1659
4.988	 2.75	 1	 -42.2679	  173.9166
4.989	 2.33	 1	 -41.7421	  174.2836
4.992	 3.22	 1	 -42.7853	  173.0571
4.994	 2.34	 1	 -42.0164	  173.6866
4.996	 2.08	 1	 -41.6846	  174.1645
4.997	 2.03	 3	 -42.2220	  173.7841
5.000	 2.11	 1	 -41.7101	  174.2367
5.000	 2.11	 1	 -41.6238	  174.2293
5.001	 2.26	 2	 -41.7505	  174.3103
5.001	 2.05	 1	 -42.2885	  173.6289
5.002	 2.02	 3	 -42.3986	  173.7872
5.003	 2.01	 1	 -42.1079	  173.9345
5.003	 2.04	 2	 -42.4179	  173.3401
5.004	 2.61	 1	 -42.3488	  173.8146
5.004	 2.44	 1	 -42.2764	  173.8789
5.005	 2.08	 1	 -42.2823	  173.8919
5.009	 2.04	 1	 -42.5570	  173.0853
5.009	 2.18	 1	 -41.8281	  174.0379
5.010	 2.01	 2	 -38.5622	  176.1763
5.012	 2.42	 1	 -42.3412	  173.1757
5.013	 2.59	 2	 -42.7542	  174.1437
5.013	 2.41	 1	 -42.3087	  173.5121
5.013	 3.33	 1	 -42.3048	  173.7865
5.014	 2.99	 3	 -42.4095	  173.1507
5.014	 2.72	 2	 -42.4565	  173.0304
5.016	 2.31	 1	 -43.7461	  173.8066
5.017	 2.07	 1	 -42.6446	  172.2996
5.017	 3.93	 4	 -42.4246	  173.2121
5.019	 2.19	 1	 -42.7261	  173.1511
5.020	 2.46	 1	 -42.2850	  174.1498
5.023	 2.09	 1	 -41.6881	  174.2699
5.024	 2.21	 1	 -42.2069	  173.6176
5.028	 2.40	 2	 -41.7536	  174.1910
5.028	 2.70	 1	 -42.5167	  173.2661
5.028	 2.87	 1	 -41.7904	  173.4868
5.028	 3.56	 1	 -42.9824	  173.4056
5.028	 2.06	 2	 -39.0630	  169.4247
5.029	 2.30	 1	 -41.8919	  174.2570
5.030	 2.10	 1	 -42.6125	  173.3369
5.031	 2.15	 2	 -42.5290	  173.4106
5.031	 2.02	 1	 -42.0669	  173.7823
5.034	 2.21	 2	 -42.8939	  173.3668
5.034	 2.18	 1	 -42.2408	  173.6063
5.035	 3.65	 1	 -41.8734	  173.1186
5.035	 3.13	 1	 -42.6520	  173.7782
5.035	 2.78	 1	 -42.7220	  173.1955
5.036	 2.48	 1	 -41.7300	  174.2273
5.037	 2.69	 1	 -42.3941	  173.3073
5.037	 2.47	 1	 -41.6329	  174.2367
5.037	 3.51	 1	 -42.0065	  173.9498
5.038	 2.20	 1	 -42.1627	  173.1095
5.038	 2.73	 1	 -41.6949	  174.2315
5.039	 3.12	 1	 -42.0679	  173.2120
5.039	 2.35	 1	 -41.7745	  174.2963
5.041	 2.03	 1	 -42.8694	  172.9830
5.041	 5.36	 2	 -43.1486	  174.5945
5.042	 2.18	 1	 -41.6517	  174.2601
5.042	 2.24	 1	 -41.2747	  173.0625
5.042	 2.17	 1	 -42.1472	  173.5738
5.045	 2.65	 1	 -42.7314	  172.8930
5.046	 2.26	 1	 -42.6791	  173.0403
5.047	 2.59	 1	 -42.4639	  173.8388
5.047	 2.01	 1	 -42.3828	  173.6663
5.047	 2.48	 1	 -41.8690	  174.0362
5.048	 2.34	 1	 -41.8247	  173.9816
5.048	 2.13	 1	 -42.5417	  173.0558
5.049	 2.92	 2	 -41.7710	  174.2397
5.049	 2.14	 1	 -42.6447	  172.8103
5.049	 2.86	 2	 -43.0639	  173.0698
5.050	 2.74	 1	 -42.7546	  172.8596
5.051	 2.22	 3	 -43.2920	  174.4473
5.051	 2.06	 1	 -42.1685	  173.4559
5.051	 2.16	 1	 -42.3065	  174.0151
5.051	 3.15	 2	 -42.5144	  174.5612
5.052	 2.39	 2	 -43.0210	  171.9791
5.052	 2.18	 3	 -42.4065	  173.1965
5.053	 2.23	 3	 -41.6954	  174.1398
5.055	 2.26	 2	 -41.6499	  174.3380
5.058	 2.87	 1	 -42.2452	  173.6219
5.059	 2.40	 1	 -42.2588	  173.8010
5.059	 2.71	 1	 -42.5020	  174.4165
5.060	 2.23	 1	 -42.6050	  173.3106
5.061	 2.07	 2	 -42.6963	  172.8143
5.062	 2.63	 3	 -43.1922	  174.4660
5.064	 2.21	 2	 -42.3356	  173.2418
5.065	 2.03	 1	 -42.5344	  173.0420
5.067	 2.87	 3	 -43.1440	  174.6608
5.067	 2.51	 1	 -41.8024	  174.2630
5.068	 2.44	 1	 -42.5791	  173.2906
5.069	 2.65	 1	 -41.7602	  174.3286
5.070	 3.20	 3	 -43.1925	  174.5564
5.070	 2.19	 2	 -43.0669	  173.0229
5.071	 2.65	 1	 -42.4231	  173.7533
5.072	 2.03	 1	 -41.7094	  174.2854
5.072	 2.06	 1	 -42.3320	  174.1276
5.072	 2.49	 1	 -41.7434	  174.1648
5.073	 2.02	 1	 -42.5655	  172.3633
5.073	 2.02	 1	 -42.5712	  173.2510
5.074	 2.35	 1	 -41.8399	  174.2434
5.074	 3.41	 2	 -42.3869	  173.1503
5.074	 2.26	 1	 -42.3738	  173.4697
5.075	 3.09	 2	 -41.6178	  174.1497
5.076	 2.29	 1	 -41.6411	  174.3393
5.076	 2.81	 1	 -42.7742	  172.6654
5.077	 2.15	 3	 -43.1397	  174.6128
5.077	 2.59	 1	 -42.4631	  173.5605
5.077	 3.80	 1	 -43.1415	  173.5217
5.077	 2.34	 1	 -41.7058	  174.2897
5.078	 2.21	 1	 -42.3139	  174.0866
5.078	 2.96	 1	 -42.5488	  173.2151
5.078	 2.42	 3	 -43.3069	  174.7943
5.079	 2.23	 1	 -42.4854	  173.2345
5.080	 3.06	 1	 -42.2769	  173.5942
5.080	 2.13	 1	 -42.1751	  173.6412
5.081	 2.00	 3	 -42.3861	  173.1532
5.081	 2.41	 1	 -41.7003	  174.2048
5.082	 2.18	 1	 -42.4135	  173.8869
5.083	 2.06	 1	 -42.3816	  173.7671
5.083	 2.06	 1	 -42.5811	  173.3478
5.084	 2.52	 1	 -42.3188	  174.0454
5.084	 2.59	 2	 -42.6567	  173.7767
5.086	 2.46	 1	 -42.2640	  173.8152
5.086	 2.14	 1	 -42.6271	  173.2170
5.087	 2.15	 2	 -42.3420	  173.6761
5.088	 4.27	 1	 -42.0176	  173.7183
5.088	 2.30	 1	 -42.3944	  173.8178
5.089	 2.68	 1	 -42.5015	  173.7580
5.090	 2.54	 1	 -41.7617	  174.2589
5.091	 2.45	 1	 -42.9647	  173.3695
5.091	 3.23	 1	 -41.6482	  174.3214
5.091	 2.82	 1	 -42.3173	  173.6954
5.093	 2.70	 1	 -42.4015	  174.0939
5.093	 2.08	 1	 -41.7533	  174.4440
5.093	 2.51	 1	 -42.5773	  172.8922
5.093	 2.21	 1	 -41.7120	  174.4341
5.094	 3.89	 2	 -42.2805	  173.6257
5.095	 2.09	 1	 -42.7247	  173.2438
5.096	 2.57	 1	 -42.4074	  173.7341
5.097	 2.86	 1	 -42.3628	  173.6406
5.097	 2.55	 1	 -41.9052	  173.6953
5.098	 2.17	 1	 -42.3822	  173.2484
5.099	 2.30	 1	 -41.7890	  174.3222
5.099	 2.13	 3	 -43.7788	  173.8715
5.099	 2.66	 1	 -41.7049	  174.2478
5.100	 2.15	 1	 -41.7762	  174.1907
5.100	 2.10	 2	 -41.6954	  174.2026
5.101	 3.96	 1	 -42.4865	  173.7162
5.101	 2.53	 1	 -42.4601	  173.7802
5.102	 2.17	 1	 -42.8673	  173.2694
5.105	 2.33	 1	 -42.5527	  173.2180
5.105	 2.04	 1	 -43.1087	  173.1229
5.105	 2.02	 1	 -42.1337	  173.5472
5.105	 2.17	 4	 -43.1384	  174.6767
5.105	 2.32	 4	 -42.3244	  173.2493
5.106	 2.24	 1	 -41.6772	  174.4553
5.106	 2.14	 2	 -41.6061	  174.0994
5.107	 2.75	 1	 -42.5266	  172.7999
5.107	 2.31	 1	 -41.7304	  174.2928
5.108	 2.33	 1	 -42.1328	  173.4990
5.110	 2.63	 1	 -42.4984	  173.5275
5.112	 2.42	 1	 -42.4778	  173.7419
5.113	 3.17	 1	 -42.7882	  173.5629
5.114	 2.74	 3	 -43.1294	  174.5685
5.116	 2.24	 2	 -42.6561	  172.9246
5.117	 2.00	 1	 -41.6719	  174.2744
5.118	 3.68	 1	 -42.3970	  173.7536
5.118	 2.16	 1	 -42.0098	  173.8415
5.119	 2.06	 1	 -42.2278	  173.5134
5.119	 2.07	 1	 -42.3467	  174.0214
5.119	 3.09	 1	 -42.2123	  173.7085
5.120	 4.41	 1	 -41.7965	  174.2360
5.120	 2.64	 1	 -41.7210	  174.2029
5.122	 3.59	 1	 -42.0110	  173.7325
5.126	 2.00	 1	 -42.2656	  173.6415
5.127	 2.21	 2	 -41.6886	  174.2886
5.127	 2.86	 1	 -42.3412	  172.9781
5.128	 3.03	 2	 -42.6251	  173.3460
5.129	 3.78	 1	 -41.8897	  174.1823
5.130	 2.25	 3	 -41.7690	  174.2418
5.130	 2.38	 1	 -41.6760	  174.2413
5.130	 2.18	 1	 -42.3746	  172.8916
5.132	 2.03	 1	 -42.3051	  173.7998
5.133	 3.21	 1	 -41.9288	  173.9256
5.133	 2.28	 1	 -43.1436	  173.0692
5.133	 2.11	 2	 -41.6266	  174.2281
5.135	 2.13	 1	 -41.9478	  173.8753
5.137	 2.25	 1	 -41.8650	  174.2820
5.137	 2.02	 3	 -43.1706	  174.5903
5.138	 2.19	 1	 -41.7237	  174.4432
5.139	 2.03	 1	 -42.4999	  173.7908
5.140	 2.40	 2	 -41.6392	  174.3942
5.140	 2.20	 2	 -42.9083	  173.5147
5.140	 2.04	 1	 -42.0227	  174.3774
5.141	 2.17	 1	 -42.9796	  172.6733
5.142	 2.01	 1	 -42.0962	  173.8877
5.143	 2.31	 2	 -42.0481	  173.6834
5.144	 2.03	 2	 -42.0583	  173.6346
5.144	 2.35	 3	 -43.1689	  174.5952
5.146	 2.53	 2	 -41.5827	  175.5102
5.146	 2.02	 1	 -41.7799	  174.2615
5.148	 2.41	 1	 -42.4858	  173.0370
5.149	 2.66	 2	 -42.6464	  173.1346
5.149	 2.04	 1	 -41.3791	  174.1964
5.149	 2.32	 2	 -42.1161	  173.7158
5.152	 2.17	 2	 -42.6406	  172.8848
5.153	 2.31	 1	 -42.5992	  173.5509
5.153	 2.37	 2	 -42.1812	  173.5531
5.154	 2.54	 1	 -42.4963	  173.1339
5.155	 2.50	 2	 -42.3668	  173.7486
5.155	 3.94	 1	 -42.2995	  173.9172
5.155	 3.37	 1	 -42.1958	  173.6549
5.156	 2.22	 3	 -43.1274	  174.4851
5.156	 2.27	 2	 -42.1207	  173.7230
5.157	 2.54	 1	 -41.6844	  174.3162
5.157	 2.54	 1	 -41.8652	  173.9873
5.157	 2.49	 1	 -42.5890	  173.8279
5.157	 2.08	 1	 -41.2309	  173.0973
5.159	 2.02	 3	 -43.1605	  174.6638
5.161	 2.01	 1	 -41.8130	  174.3438
5.161	 2.28	 1	 -42.5034	  172.8804
5.161	 2.27	 2	 -42.0650	  173.2229
5.162	 2.79	 1	 -44.6434	  173.2781
5.163	 2.20	 2	 -41.8965	  174.1052
5.164	 2.28	 1	 -41.6119	  174.3546
5.164	 2.07	 1	 -44.8170	  173.9518
5.165	 2.09	 2	 -42.2477	  173.2581
5.166	 2.47	 1	 -42.3552	  173.8385
5.168	 2.36	 1	 -42.5297	  173.1852
5.169	 2.06	 1	 -42.2049	  173.6592
5.170	 2.45	 1	 -42.7352	  172.8015
5.170	 3.21	 1	 -41.8181	  174.2927
5.171	 2.26	 1	 -41.7812	  174.2943
5.171	 2.71	 2	 -42.3571	  173.1027
5.172	 2.86	 2	 -43.0015	  173.0407
5.175	 2.09	 1	 -42.3365	  173.8397
5.175	 2.12	 2	 -43.0421	  173.1873
5.176	 3.31	 3	 -41.6402	  174.2165
5.176	 2.09	 1	 -42.2374	  173.8630
5.178	 3.24	 2	 -41.7919	  174.2004
5.178	 2.27	 2	 -42.1155	  173.6911
5.179	 2.94	 1	 -40.6460	  174.7596
5.179	 2.26	 1	 -42.3198	  172.8952
5.179	 2.08	 2	 -42.5057	  173.0495
5.180	 2.04	 1	 -42.1190	  173.4273
5.180	 2.42	 1	 -41.7120	  174.3556
5.180	 2.02	 1	 -42.6572	  172.9874
5.180	 2.24	 3	 -43.3763	  174.0877
5.180	 2.15	 3	 -43.2275	  173.6596
5.180	 2.19	 1	 -42.3177	  173.0635
5.181	 2.79	 3	 -43.1365	  174.5913
5.181	 2.19	 1	 -42.2825	  173.7095
5.181	 2.12	 1	 -42.2001	  173.8069
5.182	 2.15	 2	 -42.3643	  173.2277
5.183	 2.15	 2	 -42.1400	  173.9930
5.183	 2.78	 1	 -42.3939	  173.7123
5.183	 2.20	 2	 -41.7237	  174.2720
5.185	 2.79	 1	 -41.8081	  173.8488
5.187	 2.35	 1	 -42.2836	  173.7712
5.188	 2.85	 1	 -42.2257	  173.4298
5.191	 2.14	 2	 -41.6653	  174.5251
5.191	 2.09	 1	 -41.7443	  174.3183
5.191	 3.90	 1	 -42.1726	  173.8409
5.191	 2.28	 1	 -42.8899	  173.2924
5.192	 2.58	 1	 -42.3006	  173.7572
5.192	 2.59	 3	 -41.4407	  169.9204
5.192	 2.33	 1	 -42.3976	  173.1760
5.194	 2.08	 1	 -41.8023	  174.3445
5.194	 2.21	 1	 -42.6108	  172.9681
5.196	 2.21	 1	 -42.5944	  172.9219
5.197	 2.18	 1	 -42.1052	  172.0435
5.198	 2.47	 1	 -41.8810	  174.0138
5.200	 2.32	 2	 -42.9250	  175.2214
5.201	 2.38	 1	 -42.2014	  173.6885
5.202	 2.60	 2	 -41.6207	  173.5450
5.202	 2.45	 1	 -42.0532	  173.9425
5.202	 2.41	 1	 -41.8400	  174.1689
5.203	 2.15	 1	 -42.4369	  173.7682
5.203	 3.04	 3	 -41.9534	  173.7467
5.204	 2.02	 1	 -42.0426	  172.8501
5.205	 2.47	 1	 -41.7230	  174.3827
5.208	 2.23	 2	 -42.1498	  175.9145
5.208	 2.42	 2	 -43.0309	  173.1169
5.209	 2.07	 3	 -41.6153	  174.1827
5.210	 2.52	 1	 -42.3629	  173.8105
5.210	 3.04	 1	 -41.6959	  174.3111
5.212	 2.53	 1	 -43.0925	  173.2301
5.213	 2.00	 2	 -41.8905	  174.1831
5.214	 2.36	 2	 -42.4033	  173.9896
5.214	 2.27	 3	 -43.1640	  174.6473
5.214	 2.67	 1	 -41.7797	  174.3018
5.214	 2.10	 2	 -42.5090	  173.7091
5.215	 2.32	 1	 -42.5737	  173.0551
5.216	 4.34	 2	 -41.9596	  173.7142
5.217	 2.18	 2	 -42.5149	  173.3630
5.219	 2.24	 2	 -41.6699	  173.5713
5.219	 2.10	 2	 -42.0301	  173.6889
5.221	 2.01	 1	 -42.0546	  173.8434
5.222	 2.28	 2	 -41.5579	  173.8289
5.222	 2.14	 1	 -42.2261	  173.6970
5.222	 2.36	 1	 -41.7260	  174.1461
5.226	 3.38	 3	 -41.7685	  174.2457
5.226	 2.66	 1	 -42.4342	  173.1344
5.227	 2.36	 1	 -42.3054	  173.0839
5.227	 3.37	 3	 -43.0948	  174.7178
5.228	 2.39	 1	 -42.3344	  174.0837
5.228	 2.18	 1	 -42.3841	  173.9115
5.228	 2.07	 3	 -43.0938	  174.7123
5.228	 3.20	 1	 -42.2618	  173.8468
5.229	 2.05	 1	 -41.6836	  174.3116
5.230	 2.57	 1	 -42.4589	  173.1478
5.230	 2.15	 1	 -43.0172	  173.5570
5.231	 2.18	 1	 -42.4147	  173.9089
5.231	 2.20	 1	 -41.6822	  174.2458
5.231	 2.08	 1	 -42.1229	  173.6702
5.232	 2.36	 1	 -42.1399	  173.6085
5.232	 2.37	 1	 -41.7392	  174.1600
5.232	 2.55	 1	 -42.3692	  173.6668
5.232	 2.14	 1	 -42.0248	  173.7714
5.233	 2.12	 2	 -42.6106	  172.1078
5.233	 2.44	 2	 -42.6462	  172.9132
5.233	 2.02	 1	 -42.4143	  173.3327
5.235	 2.31	 3	 -43.2084	  174.7293
5.236	 2.17	 1	 -41.9839	  173.7754
5.237	 2.55	 2	 -42.4152	  173.2063
5.237	 2.44	 1	 -42.6258	  173.1557
5.238	 2.14	 1	 -42.6260	  172.9863
5.238	 2.01	 1	 -46.0875	  176.7495
5.240	 2.04	 2	 -41.6488	  174.2892
5.240	 2.36	 1	 -42.5027	  173.2242
5.240	 2.41	 3	 -42.0974	  173.6309
5.241	 2.48	 1	 -41.6792	  174.2496
5.242	 2.46	 2	 -41.5438	  174.2490
5.243	 2.11	 1	 -42.7333	  173.5291
5.244	 2.65	 2	 -42.3769	  173.1865
5.245	 2.30	 1	 -42.4943	  173.1617
5.246	 3.30	 1	 -42.4788	  173.1328
5.247	 2.09	 1	 -41.5664	  170.5696
5.248	 2.18	 3	 -42.3618	  173.1564
5.249	 2.80	 1	 -41.9985	  173.7159
5.250	 2.17	 2	 -41.8323	  174.2011
5.250	 2.11	 1	 -42.4276	  172.7731
5.251	 2.85	 1	 -46.6056	  175.5158
5.252	 2.22	 2	 -43.1029	  173.0577
5.253	 2.27	 2	 -42.0461	  173.6607
5.254	 2.58	 3	 -43.1097	  174.6416
5.254	 2.01	 1	 -42.2707	  173.6554
5.255	 2.38	 3	 -42.1767	  173.4740
5.255	 2.47	 1	 -42.3153	  173.3189
5.256	 2.70	 1	 -43.0057	  173.0111
5.258	 2.58	 2	 -42.4284	  173.1979
5.258	 2.10	 2	 -42.1714	  173.7277
5.258	 2.26	 1	 -42.4756	  173.5780
5.258	 2.75	 3	 -42.4097	  173.2033
5.260	 2.17	 1	 -42.6838	  172.8745
5.261	 2.72	 1	 -43.6089	  174.9425
5.261	 2.06	 3	 -43.1447	  174.5871
5.262	 2.26	 1	 -42.6376	  173.0366
5.263	 2.32	 1	 -41.3021	  173.9341
5.264	 2.11	 1	 -42.4934	  173.0931
5.266	 2.10	 1	 -42.4312	  173.1248
5.266	 2.06	 1	 -41.6931	  174.2594
5.268	 2.05	 2	 -43.0321	  173.0077
5.268	 2.16	 1	 -42.5045	  173.1184
5.270	 2.07	 1	 -42.1472	  173.6472
5.271	 2.17	 1	 -43.0734	  173.6820
5.271	 2.18	 2	 -43.0158	  173.5602
5.271	 2.28	 2	 -42.5019	  173.7107
5.272	 2.31	 1	 -41.7529	  174.3361
5.274	 2.24	 1	 -42.6493	  173.1404
5.275	 2.90	 3	 -41.9550	  173.7421
5.275	 3.07	 1	 -42.0495	  173.9015
5.277	 2.43	 1	 -41.6417	  174.3158
5.279	 2.41	 1	 -42.4595	  173.7164
5.281	 2.07	 2	 -43.0723	  173.0184
5.281	 2.41	 2	 -42.3993	  173.7858
5.281	 2.49	 1	 -42.1081	  173.7327
5.282	 2.26	 1	 -41.4782	  174.8416
5.283	 2.33	 1	 -42.4278	  173.9434
5.284	 2.04	 1	 -42.0428	  173.8510
5.285	 2.29	 1	 -42.3264	  173.1603
5.285	 2.17	 1	 -41.7982	  174.3345
5.285	 2.19	 1	 -42.4404	  173.5133
5.285	 3.06	 3	 -42.3954	  173.1742
5.286	 2.36	 1	 -41.7698	  174.1425
5.287	 3.32	 1	 -42.1144	  173.9613
5.287	 2.26	 1	 -42.2962	  173.0169
5.288	 2.00	 1	 -42.3739	  173.9515
5.288	 2.12	 2	 -41.7600	  174.3114
5.289	 2.18	 1	 -38.9647	  171.6886
5.290	 2.46	 1	 -41.7197	  174.2922
5.290	 2.07	 2	 -43.0770	  173.1014
5.292	 2.08	 3	 -41.9345	  173.8175
5.292	 2.18	 1	 -42.2701	  173.1445
5.292	 3.30	 1	 -42.4450	  173.2318
5.292	 3.91	 1	 -42.0865	  175.1146
5.294	 2.59	 1	 -42.4007	  173.9182
5.294	 2.01	 1	 -42.6085	  173.2203
5.295	 3.00	 1	 -42.0042	  178.1964
5.295	 2.31	 1	 -42.4679	  173.2501
5.296	 3.26	 1	 -42.5513	  173.4683
5.301	 2.09	 1	 -41.6870	  174.1622
5.302	 3.96	 2	 -42.4175	  173.3188
5.302	 3.09	 1	 -44.4069	  167.8110
5.304	 2.12	 3	 -42.3731	  173.3328
5.306	 2.03	 2	 -42.6826	  172.7990
5.306	 2.10	 1	 -42.4553	  173.1146
5.306	 2.11	 2	 -42.3321	  174.0097
5.307	 2.04	 1	 -42.0295	  173.7650
5.308	 2.33	 1	 -42.3502	  174.0215
5.308	 2.19	 1	 -41.7443	  174.2823
5.309	 2.21	 1	 -41.7664	  174.3510
5.309	 2.02	 1	 -42.2505	  173.7839
5.310	 2.35	 1	 -42.4367	  173.7830
5.310	 2.48	 2	 -42.0779	  173.8006
5.312	 2.14	 3	 -43.2523	  174.5811
5.313	 2.12	 2	 -42.7639	  172.9539
5.314	 2.47	 2	 -42.0403	  173.9013
5.315	 2.12	 1	 -42.3476	  173.8863
5.316	 2.25	 1	 -42.9391	  172.8826
5.317	 2.43	 1	 -42.5227	  173.1286
5.318	 2.37	 1	 -42.4518	  173.1970
5.318	 2.56	 2	 -41.9526	  174.0765
5.318	 2.34	 1	 -41.7313	  174.2975
5.320	 2.10	 1	 -41.9417	  173.7757
5.320	 2.54	 2	 -42.4138	  173.2457
5.321	 3.31	 1	 -41.7104	  174.4012
5.325	 4.24	 2	 -43.0603	  173.0834
5.325	 2.48	 1	 -42.2832	  173.7012
5.325	 2.00	 1	 -42.1448	  173.4361
5.326	 2.01	 1	 -41.8179	  173.9911
5.327	 2.42	 2	 -42.4838	  173.7858
5.327	 2.02	 1	 -41.8047	  174.2329
5.328	 2.43	 1	 -42.6683	  173.5786
5.328	 2.21	 3	 -43.0667	  173.0850
5.329	 2.20	 1	 -41.7166	  174.2604
5.330	 2.33	 2	 -41.7297	  174.3429
5.330	 2.08	 1	 -41.9548	  173.9881
5.331	 2.02	 1	 -42.5647	  174.0284
5.331	 2.65	 1	 -41.7068	  174.3018
5.334	 2.33	 2	 -41.8432	  174.1927
5.335	 2.32	 2	 -41.7535	  174.2446
5.335	 2.30	 1	 -42.4534	  173.1149
5.337	 2.69	 1	 -42.5671	  173.3576
5.337	 2.48	 1	 -42.0025	  173.7170
5.337	 2.58	 2	 -41.4012	  174.2797
5.338	 2.09	 1	 -42.0293	  173.8192
5.338	 2.20	 1	 -42.2980	  173.8124
5.339	 2.01	 3	 -41.9717	  173.7518
5.340	 2.06	 1	 -41.8874	  173.5861
5.341	 2.30	 1	 -42.4622	  172.2895
5.341	 2.24	 1	 -42.6473	  172.8573
5.343	 2.02	 1	 -41.7508	  174.2958
5.343	 2.12	 2	 -41.7470	  174.3560
5.344	 2.25	 1	 -42.8647	  173.1066
5.345	 2.17	 1	 -41.6466	  174.4019
5.347	 2.43	 1	 -42.2055	  173.6353
5.347	 2.17	 1	 -41.7886	  174.2178
5.347	 2.01	 2	 -42.7287	  172.4686
5.347	 2.06	 1	 -42.0802	  173.6200
5.349	 2.47	 3	 -41.8450	  174.1877
5.350	 2.08	 1	 -42.7065	  172.8193
5.350	 2.67	 1	 -42.3510	  173.0303
5.350	 2.03	 2	 -41.7715	  173.7036
5.350	 2.45	 2	 -42.6696	  173.5794
5.350	 2.09	 1	 -42.4199	  173.3231
5.351	 2.25	 1	 -42.3709	  173.4908
5.351	 2.35	 1	 -41.7529	  174.2628
5.352	 2.44	 1	 -42.5597	  173.1351
5.353	 2.53	 1	 -41.7441	  174.4136
5.354	 2.28	 1	 -41.6556	  174.2137
5.355	 3.09	 1	 -42.3294	  173.9039
5.355	 2.40	 1	 -42.3616	  173.3334
5.358	 3.15	 1	 -44.2288	  173.6830
5.358	 2.20	 1	 -42.3544	  172.9197
5.358	 2.19	 3	 -42.1470	  173.6655
5.359	 2.73	 1	 -42.2174	  173.6191
5.360	 2.23	 3	 -42.3855	  173.2887
5.360	 2.35	 1	 -42.3901	  173.2309
5.360	 2.43	 3	 -42.3860	  173.2539
5.362	 2.53	 1	 -41.5545	  174.2027
5.362	 2.64	 1	 -42.0625	  173.4940
5.363	 2.19	 2	 -38.9613	  171.6843
5.363	 2.11	 1	 -42.2662	  174.3172
5.364	 2.05	 1	 -42.2219	  173.6512
5.365	 2.32	 2	 -46.9086	  173.2717
5.370	 2.26	 1	 -41.6722	  174.3647
5.370	 2.15	 1	 -42.2987	  173.6841
5.371	 2.24	 1	 -41.6728	  174.2145
5.372	 3.55	 1	 -41.9673	  173.7499
5.375	 2.55	 3	 -42.5154	  174.5666
5.377	 3.14	 1	 -42.5071	  173.8116
5.378	 2.17	 1	 -42.2213	  171.9328
5.378	 2.08	 1	 -42.3491	  173.8695
5.379	 2.42	 1	 -42.4381	  173.7257
5.380	 2.02	 1	 -42.6899	  173.1022
5.381	 3.33	 1	 -42.3221	  173.9010
5.382	 2.18	 1	 -43.0027	  172.0833
5.384	 2.32	 2	 -42.1699	  173.5335
5.385	 2.28	 1	 -42.2900	  173.5715
5.385	 2.19	 1	 -41.9360	  173.7170
5.385	 2.47	 2	 -42.2832	  173.9049
5.385	 3.96	 3	 -43.0549	  173.1114
5.385	 2.36	 1	 -42.4687	  173.2495
5.386	 2.67	 2	 -43.0577	  173.0641
5.386	 2.68	 3	 -41.8740	  174.8191
5.387	 2.11	 1	 -42.5708	  172.7843
5.387	 2.28	 1	 -42.6855	  172.7428
5.387	 2.73	 1	 -42.3042	  174.0142
5.387	 2.07	 1	 -42.5627	  173.1858
5.388	 2.12	 1	 -42.1371	  173.8147
5.388	 2.07	 1	 -42.5028	  173.1337
5.389	 2.33	 1	 -43.6194	  172.4984
5.391	 3.40	 1	 -42.2202	  173.8978
5.391	 2.36	 1	 -42.3559	  173.9396
5.391	 2.08	 2	 -42.5339	  173.3977
5.393	 2.12	 1	 -42.0556	  173.8024
5.394	 2.25	 1	 -42.1528	  171.8059
5.394	 2.99	 1	 -42.0037	  173.7878
5.394	 2.39	 2	 -41.9851	  173.8865
5.395	 2.09	 1	 -42.3466	  174.0163
5.396	 2.17	 3	 -42.4272	  173.3541
5.396	 2.10	 3	 -43.1889	  174.5842
5.397	 2.01	 2	 -41.8154	  174.1672
5.399	 2.73	 3	 -43.0982	  174.6312
5.404	 2.03	 3	 -42.4179	  173.2074
5.404	 2.20	 2	 -42.3266	  173.4461
5.405	 2.21	 1	 -41.8856	  174.1000
5.406	 2.02	 1	 -42.3300	  173.8154
5.408	 3.30	 1	 -42.4654	  173.4832
5.409	 2.41	 1	 -42.2943	  173.7151
5.410	 2.06	 1	 -41.7249	  174.2584
5.410	 2.65	 1	 -41.6930	  174.3051
5.410	 2.58	 1	 -42.5307	  172.7983
5.411	 2.53	 1	 -41.9794	  173.7427
5.411	 2.83	 3	 -41.6411	  174.3921
5.412	 2.48	 1	 -41.6739	  174.2018
5.414	 2.74	 1	 -42.1064	  173.6587
5.416	 2.52	 1	 -42.5272	  173.0938
5.416	 2.44	 1	 -42.5823	  172.9965
5.416	 2.37	 1	 -42.6739	  173.1129
5.417	 2.94	 1	 -42.3360	  173.7149
5.417	 2.06	 3	 -42.2865	  173.6004
5.420	 2.02	 2	 -42.3777	  173.9093
5.421	 2.55	 2	 -42.1044	  175.1301
5.421	 2.47	 1	 -42.6851	  172.9368
5.421	 4.93	 1	 -42.4452	  173.7409
5.422	 2.79	 1	 -40.6833	  174.6972
5.422	 2.18	 2	 -41.7041	  174.2260
5.423	 2.29	 1	 -42.2694	  173.1125
5.424	 2.32	 2	 -41.7927	  174.2571
5.424	 2.64	 1	 -41.8989	  173.9978
5.426	 2.82	 2	 -42.5594	  173.6354
5.427	 2.63	 1	 -42.6929	  172.9538
5.428	 2.80	 2	 -42.4232	  173.7328
5.428	 2.79	 1	 -41.7939	  174.4889
5.429	 2.49	 4	 -42.1777	  173.4744
5.429	 2.18	 2	 -42.3960	  173.2272
5.429	 2.13	 2	 -42.7776	  172.4036
5.430	 2.61	 2	 -42.1451	  173.9907
5.431	 2.14	 1	 -41.7807	  174.2547
5.433	 2.20	 1	 -42.3544	  173.7261
5.433	 2.10	 1	 -41.9892	  173.9564
5.433	 2.38	 2	 -42.6016	  172.7543
5.436	 3.28	 2	 -42.1363	  173.8430
5.436	 2.65	 2	 -41.9460	  173.7895
5.436	 3.06	 1	 -42.4408	  173.4483
5.437	 2.47	 1	 -42.3620	  173.7757
5.438	 2.52	 1	 -42.2674	  173.4805
5.439	 2.19	 1	 -42.6636	  172.7744
5.439	 3.73	 1	 -41.9818	  173.4621
5.440	 3.38	 1	 -41.6898	  174.0959
5.440	 2.21	 3	 -43.1868	  174.5055
5.440	 2.24	 2	 -42.0026	  173.7299
5.440	 2.12	 1	 -41.7813	  174.3268
5.441	 2.37	 2	 -38.7936	  171.8622
5.442	 2.17	 2	 -42.2991	  173.6745
5.443	 2.35	 1	 -42.5287	  173.7412
5.448	 2.20	 3	 -42.4219	  173.2871
5.450	 2.35	 1	 -41.8381	  173.4000
5.451	 2.20	 1	 -42.2583	  173.8201
5.452	 2.45	 1	 -42.5688	  173.2778
5.453	 2.11	 1	 -41.7159	  174.1397
5.453	 2.56	 1	 -41.8986	  173.9354
5.454	 2.22	 1	 -42.0418	  173.6387
5.454	 2.45	 1	 -41.1217	  173.3147
5.456	 2.05	 1	 -41.9937	  173.8667
5.456	 2.01	 1	 -42.4817	  173.7902
5.456	 2.05	 1	 -42.5796	  173.1447
5.459	 4.94	 2	 -41.7335	  174.3151
5.460	 2.17	 3	 -42.3757	  173.1867
5.460	 2.55	 1	 -42.3496	  173.9803
5.460	 2.07	 2	 -41.8843	  174.2181
5.461	 2.29	 4	 -42.4585	  173.2941
5.461	 2.78	 1	 -41.7550	  174.2649
5.461	 2.81	 3	 -42.0844	  173.6556
5.461	 2.10	 1	 -42.3458	  173.5038
5.462	 2.06	 3	 -43.1339	  174.5634
5.465	 2.66	 1	 -41.6719	  174.3117
5.469	 2.34	 1	 -42.7384	  172.8781
5.470	 2.38	 1	 -42.4679	  173.2632
5.470	 2.06	 1	 -42.2674	  173.0633
5.472	 2.35	 1	 -41.6324	  174.2877
5.472	 2.51	 2	 -43.2244	  173.3293
5.473	 2.04	 1	 -41.5431	  174.3286
5.473	 2.63	 1	 -42.6017	  173.0639
5.474	 2.35	 1	 -42.4198	  173.7205
5.474	 2.21	 2	 -42.5392	  173.1048
5.475	 2.35	 1	 -42.5178	  173.1725
5.476	 3.05	 1	 -42.4870	  173.6050
5.476	 2.05	 1	 -42.4810	  173.5414
5.476	 2.02	 1	 -42.5661	  172.8383
5.476	 2.59	 3	 -41.7526	  174.2399
5.477	 2.44	 2	 -42.1531	  173.8346
5.477	 2.41	 1	 -42.6666	  172.8096
5.477	 2.68	 1	 -42.3985	  173.9423
5.479	 2.13	 1	 -42.6998	  172.4349
5.480	 2.24	 1	 -41.9829	  173.7099
5.480	 2.05	 1	 -41.7832	  174.2211
5.481	 2.04	 1	 -42.2253	  173.5053
5.481	 2.52	 3	 -41.7217	  174.2711
5.484	 2.10	 1	 -42.0837	  175.5075
5.485	 2.43	 2	 -42.3029	  173.7913
5.487	 2.38	 1	 -41.5499	  174.3378
5.487	 3.15	 3	 -41.7461	  174.2951
5.487	 2.36	 1	 -41.6628	  174.0933
5.487	 2.06	 2	 -42.4458	  173.1976
5.487	 2.36	 3	 -41.6833	  174.2963
5.488	 2.40	 1	 -41.6554	  173.9785
5.488	 2.37	 1	 -42.2528	  174.1973
5.489	 2.38	 1	 -42.6598	  172.9711
5.490	 4.57	 1	 -41.7692	  173.3091
5.491	 2.11	 1	 -43.0511	  173.5662
5.491	 2.27	 1	 -42.8176	  173.1765
5.494	 3.07	 2	 -41.7772	  173.2268
5.495	 2.29	 5	 -42.4735	  173.2641
5.495	 2.25	 1	 -41.7600	  174.0204
5.497	 2.18	 1	 -42.7051	  172.8314
5.497	 2.38	 1	 -42.2359	  173.7296
5.498	 3.06	 1	 -42.6467	  173.3852
5.499	 2.32	 1	 -42.7785	  173.1859
5.499	 2.25	 2	 -42.3277	  173.9038
5.500	 2.18	 1	 -41.9052	  174.0399
5.502	 2.09	 1	 -41.7402	  174.2073
5.502	 2.22	 1	 -42.2002	  173.6721
5.503	 2.18	 1	 -41.7568	  174.1752
5.504	 2.27	 1	 -42.2217	  173.9374
5.505	 2.21	 2	 -42.2683	  173.7177
5.507	 2.30	 1	 -41.8020	  174.1935
5.508	 2.64	 2	 -41.3959	  174.4639
5.508	 2.43	 1	 -42.4281	  173.3193
5.509	 2.11	 1	 -41.6388	  174.1175
5.511	 2.89	 1	 -42.5523	  172.7778
5.513	 2.47	 1	 -41.7628	  174.5176
5.513	 2.77	 1	 -41.8754	  174.2868
5.514	 2.04	 1	 -42.6968	  172.9323
5.515	 2.21	 1	 -41.9160	  173.7347
5.517	 2.26	 1	 -42.3876	  173.7782
5.518	 3.19	 1	 -41.7483	  174.3903
5.518	 4.20	 1	 -42.3079	  174.0222
5.519	 2.66	 1	 -42.0931	  173.9661
5.519	 2.13	 2	 -42.3618	  173.2337
5.519	 2.38	 2	 -42.5994	  173.5573
5.521	 2.04	 1	 -41.8522	  173.8025
5.521	 2.20	 2	 -42.4463	  173.8222
5.522	 2.18	 3	 -43.1614	  174.6546
5.522	 3.35	 3	 -41.8404	  174.2996
5.524	 2.22	 1	 -42.4532	  173.1850
5.524	 2.45	 2	 -41.8383	  174.0927
5.525	 2.08	 1	 -41.2552	  175.2890
5.528	 2.92	 2	 -42.6029	  173.0563
5.528	 2.96	 1	 -42.5159	  173.1020
5.529	 2.03	 1	 -42.7503	  172.6312
5.529	 2.62	 1	 -41.8023	  174.1166
5.529	 3.73	 1	 -42.4076	  173.0015
5.534	 2.26	 1	 -42.3904	  173.8518
5.535	 2.09	 1	 -42.4796	  173.4068
5.536	 2.38	 1	 -42.0584	  173.7823
5.536	 2.34	 1	 -41.5166	  174.2670
5.538	 2.28	 1	 -42.1220	  174.4019
5.539	 2.03	 1	 -41.9786	  173.7358
5.540	 2.09	 2	 -42.4711	  173.6730
5.541	 2.08	 3	 -41.7846	  174.2508
5.541	 2.52	 1	 -42.3353	  173.8915
5.541	 2.28	 1	 -42.6391	  174.2773
5.541	 2.13	 1	 -42.1517	  173.8550
5.544	 2.40	 2	 -41.8445	  174.2239
5.544	 2.02	 3	 -43.1175	  174.6551
5.545	 2.17	 1	 -41.7152	  174.1884
5.546	 2.14	 1	 -43.4021	  174.4033
5.546	 2.36	 1	 -41.7166	  174.2092
5.547	 2.16	 1	 -41.9370	  173.8534
5.548	 2.29	 3	 -43.0948	  174.6311
5.548	 2.60	 1	 -42.5851	  172.9990
5.549	 2.38	 1	 -42.2607	  174.0988
5.552	 2.44	 2	 -41.6971	  174.3741
5.553	 2.40	 1	 -42.3896	  173.9173
5.554	 3.25	 1	 -41.9389	  173.6983
5.555	 2.08	 1	 -42.4848	  173.2431
5.555	 2.39	 2	 -41.6976	  173.3117
5.557	 3.10	 1	 -42.2015	  173.7087
5.557	 2.16	 1	 -42.5634	  172.8115
5.559	 3.22	 3	 -42.4814	  173.1264
5.559	 2.05	 1	 -42.4963	  173.0311
5.561	 2.45	 3	 -42.4892	  173.2470
5.562	 2.24	 1	 -42.2703	  173.7711
5.563	 3.09	 3	 -42.1522	  173.8348
5.564	 2.32	 1	 -42.5524	  173.8970
5.566	 2.49	 1	 -42.3424	  173.6864
5.568	 2.70	 1	 -42.4182	  173.5903
5.568	 2.68	 1	 -42.4413	  173.0439
5.569	 2.93	 1	 -42.2822	  173.9404
5.570	 2.51	 4	 -43.2027	  174.4612
5.572	 2.07	 1	 -42.5746	  172.9139
5.573	 2.99	 4	 -41.7606	  174.4111
5.574	 2.68	 1	 -42.4424	  173.2055
5.575	 3.14	 3	 -41.7676	  174.2673
5.578	 3.01	 2	 -42.3509	  173.0719
5.580	 3.76	 2	 -42.0146	  172.7664
5.582	 2.02	 2	 -42.5100	  173.0771
5.582	 3.87	 2	 -42.4222	  173.1964
5.584	 3.01	 3	 -42.9997	  172.7329
5.586	 2.70	 1	 -42.6876	  172.8649
5.586	 2.39	 1	 -42.5399	  173.1355
5.587	 2.34	 2	 -41.9496	  173.6909
5.591	 2.20	 2	 -41.6852	  174.3451
5.591	 3.16	 4	 -43.0492	  173.0921
5.592	 4.55	 1	 -42.8084	  173.9760
5.592	 2.21	 1	 -42.2379	  173.6968
5.592	 2.51	 1	 -41.7870	  174.2230
5.592	 2.58	 1	 -42.6333	  173.2902
5.594	 2.23	 2	 -41.7680	  173.2951
5.595	 2.28	 2	 -42.4347	  173.9859
5.597	 2.07	 2	 -42.7320	  174.3082
5.597	 2.92	 1	 -42.3614	  173.7761
5.597	 2.08	 2	 -42.6573	  173.7913
5.598	 2.44	 2	 -42.4441	  173.2599
5.599	 2.18	 1	 -41.9070	  174.1445
5.600	 2.12	 2	 -41.8842	  173.8441
5.600	 2.25	 3	 -41.6882	  174.3361
5.603	 2.07	 1	 -39.3467	  177.2058
5.604	 2.93	 1	 -42.4911	  173.8206
5.606	 2.01	 2	 -42.4447	  173.7311
5.606	 2.03	 1	 -41.7296	  174.2710
5.606	 2.05	 1	 -42.8213	  173.1563
5.606	 2.26	 2	 -42.0631	  173.2147
5.607	 2.29	 1	 -42.4550	  173.1537
5.608	 2.06	 1	 -41.7272	  174.2422
5.609	 2.67	 1	 -42.2228	  173.6777
5.611	 2.27	 2	 -42.5156	  173.7825
5.612	 2.17	 2	 -41.8084	  172.5118
5.612	 2.93	 1	 -42.6195	  172.9006
5.612	 2.32	 1	 -41.8773	  174.3849
5.613	 2.14	 2	 -42.2841	  173.3587
5.613	 3.14	 1	 -42.2664	  173.2736
5.615	 2.09	 1	 -38.0887	  171.9273
5.615	 2.21	 1	 -42.3048	  173.1703
5.618	 2.59	 1	 -41.7168	  174.3060
5.619	 2.01	 1	 -43.5586	  173.8560
5.620	 2.34	 1	 -42.6781	  172.8004
5.620	 2.09	 1	 -41.8085	  174.6347
5.621	 2.92	 1	 -41.7202	  174.2582
5.622	 2.04	 1	 -42.6885	  172.7280
5.623	 2.13	 1	 -42.3182	  173.3714
5.624	 3.78	 1	 -42.7832	  173.7649
5.624	 2.31	 1	 -42.7520	  173.1944
5.625	 2.20	 3	 -41.7399	  174.2683
5.626	 3.14	 1	 -41.7480	  174.2442
5.629	 2.02	 1	 -41.6914	  174.4750
5.630	 2.69	 1	 -42.4842	  173.0066
5.630	 2.46	 1	 -41.7335	  174.1367
5.633	 2.16	 2	 -41.7371	  174.2827
5.633	 2.33	 3	 -42.1011	  173.6784
5.633	 2.10	 2	 -41.6668	  174.3488
5.634	 2.18	 1	 -41.9722	  174.0784
5.634	 2.47	 1	 -42.4612	  173.7989
5.635	 2.14	 2	 -41.9266	  173.8457
5.635	 2.17	 1	 -41.6656	  174.1229
5.637	 2.19	 1	 -41.6634	  174.2280
5.638	 2.39	 1	 -41.6207	  174.2722
5.639	 2.05	 2	 -42.4479	  173.7280
5.640	 2.48	 2	 -42.0522	  173.7139
5.642	 2.06	 1	 -42.5171	  172.7358
5.644	 2.01	 2	 -41.6646	  174.3407
5.644	 2.07	 1	 -42.8170	  172.8280
5.644	 2.02	 1	 -43.5258	  173.8697
5.644	 2.06	 1	 -41.8313	  173.9874
5.646	 2.02	 1	 -42.6855	  173.1247
5.646	 2.14	 1	 -42.3566	  172.9281
5.647	 2.24	 2	 -43.2238	  173.0755
5.647	 2.47	 1	 -42.6768	  172.9869
5.651	 2.27	 3	 -41.7041	  174.2006
5.651	 2.27	 1	 -41.7038	  174.2610
5.651	 2.57	 1	 -40.8280	  176.4057
5.652	 2.41	 1	 -42.3386	  173.0333
5.654	 2.09	 2	 -42.4592	  173.8009
5.654	 2.25	 1	 -41.7989	  173.3189
5.654	 2.12	 1	 -42.4319	  171.0688
5.655	 3.31	 1	 -42.8329	  172.0925
5.656	 2.11	 1	 -41.7288	  174.2191
5.656	 2.16	 2	 -41.9803	  174.0573
5.657	 2.56	 1	 -42.2534	  173.6709
5.658	 2.50	 3	 -41.7347	  174.2887
5.658	 2.31	 4	 -43.0408	  173.1998
5.659	 2.06	 1	 -41.9427	  173.9879
5.659	 2.21	 2	 -42.1860	  173.9301
5.662	 4.11	 1	 -42.3082	  172.8517
5.663	 2.18	 1	 -41.9342	  173.5201
5.664	 2.57	 1	 -42.6641	  173.4599
5.664	 2.51	 1	 -41.8812	  173.4561
5.666	 2.42	 1	 -42.4180	  173.1899
5.667	 2.41	 2	 -42.7672	  173.8840
5.669	 2.02	 1	 -42.6605	  172.7590
5.669	 2.24	 3	 -41.7187	  174.2663
5.671	 2.22	 1	 -42.0459	  173.7324
5.672	 2.92	 1	 -42.4134	  173.7831
5.673	 2.32	 1	 -42.3108	  174.0445
5.674	 2.48	 1	 -42.5926	  173.1279
5.674	 2.07	 1	 -41.7181	  174.2372
5.675	 2.21	 2	 -42.5802	  173.0371
5.675	 2.13	 1	 -41.8347	  174.0119
5.676	 2.25	 1	 -42.0452	  172.9063
5.677	 2.22	 1	 -41.6593	  174.2191
5.678	 2.51	 3	 -41.7378	  174.2986
5.679	 2.79	 1	 -41.8591	  174.2070
5.679	 2.13	 3	 -42.1513	  173.8364
5.681	 2.43	 1	 -42.3151	  173.8951
5.682	 2.07	 2	 -41.9350	  173.7351
5.682	 2.03	 1	 -41.7037	  174.1741
5.683	 2.68	 1	 -42.3954	  173.5467
5.683	 2.90	 1	 -42.2776	  173.6118
5.684	 2.52	 1	 -42.5840	  173.1186
5.685	 2.14	 1	 -42.6249	  176.9973
5.685	 2.58	 2	 -42.1086	  173.4819
5.685	 2.53	 1	 -42.5587	  173.2034
5.686	 2.57	 3	 -41.7715	  174.1938
5.686	 2.68	 3	 -41.7365	  174.2952
5.688	 2.15	 1	 -41.7162	  174.3131
5.688	 2.94	 1	 -41.7967	  174.1544
5.690	 2.13	 1	 -42.5621	  173.1621
5.691	 2.88	 1	 -41.8003	  174.2067
5.691	 2.73	 1	 -42.2181	  173.6476
5.692	 2.89	 1	 -42.3491	  173.8922
5.693	 2.04	 2	 -43.1396	  173.1096
5.695	 2.11	 2	 -42.5124	  173.7294
5.696	 2.02	 2	 -41.7492	  174.3093
5.696	 2.75	 2	 -41.7342	  174.2827
5.697	 2.11	 2	 -42.4516	  173.0479
5.697	 2.02	 1	 -42.3063	  173.8030
5.697	 2.00	 1	 -42.1400	  173.4934
5.698	 2.67	 1	 -42.0110	  173.6801
5.699	 2.84	 1	 -42.2550	  173.8728
5.700	 2.29	 2	 -42.7057	  173.0859
5.701	 2.09	 2	 -42.3428	  173.7638
5.703	 2.37	 2	 -42.5219	  173.3332
5.705	 2.25	 1	 -42.1645	  173.5727
5.707	 2.64	 1	 -42.0566	  173.8592
5.708	 2.31	 1	 -44.2606	  171.7766
5.709	 2.58	 2	 -42.0183	  173.7211
5.710	 2.57	 2	 -42.5463	  173.5531
5.710	 2.97	 2	 -42.0538	  173.7425
5.711	 2.47	 2	 -42.1498	  173.4993
5.713	 2.40	 1	 -41.9641	  174.0400
5.713	 2.26	 2	 -41.7701	  174.4188
5.714	 2.42	 1	 -41.6856	  174.3460
5.714	 2.79	 2	 -42.2881	  173.9232
5.714	 2.31	 1	 -41.6763	  174.2022
5.716	 2.07	 1	 -41.7098	  174.0570
5.717	 2.33	 1	 -44.0763	  173.5444
5.717	 2.28	 3	 -41.6379	  174.1344
5.717	 2.48	 1	 -42.4843	  173.1661
5.719	 2.40	 1	 -42.5866	  172.9514
5.720	 2.09	 1	 -42.7029	  173.0073
5.720	 3.81	 1	 -42.7801	  172.6280
5.721	 2.22	 2	 -42.4435	  173.0091
5.721	 2.43	 1	 -42.5616	  173.1347
5.721	 2.06	 1	 -41.6857	  174.3064
5.722	 2.10	 1	 -42.5039	  173.1345
5.723	 2.82	 1	 -42.2440	  173.6227
5.723	 2.98	 2	 -42.2984	  172.8373
5.725	 2.18	 1	 -42.1884	  173.5433
5.725	 2.05	 3	 -43.1221	  174.5039
5.726	 2.30	 3	 -42.0873	  173.6411
5.727	 2.94	 1	 -43.3776	  173.6101
5.727	 2.53	 1	 -42.6209	  173.0817
5.728	 2.07	 3	 -43.1932	  174.3885
5.729	 2.50	 1	 -42.0743	  173.8334
5.731	 2.13	 1	 -42.6903	  172.7517
5.732	 2.74	 2	 -42.5466	  173.5682
5.733	 2.04	 1	 -42.3398	  173.8788
5.733	 2.85	 1	 -41.7059	  174.3094
5.735	 2.27	 1	 -42.3977	  173.9216
5.737	 2.29	 1	 -42.7606	  173.1054
5.737	 2.15	 3	 -43.2234	  173.0751
5.737	 2.32	 1	 -42.7566	  173.4793
5.737	 2.25	 1	 -41.7843	  174.2793
5.738	 2.24	 1	 -43.2680	  172.1324
5.739	 2.13	 1	 -41.9925	  173.9373
5.740	 2.01	 1	 -41.7033	  174.2110
5.745	 2.42	 4	 -41.0561	  176.8492
5.746	 2.38	 1	 -42.0005	  173.9628
5.746	 3.64	 1	 -42.1180	  173.6409
5.750	 2.39	 1	 -43.4560	  172.9492
5.750	 2.02	 1	 -42.6341	  172.7701
5.751	 2.11	 2	 -42.4927	  173.7527
5.752	 2.49	 1	 -42.3618	  173.1871
5.755	 2.53	 1	 -41.6790	  174.3014
5.755	 2.03	 2	 -42.1684	  173.8266
5.755	 2.65	 2	 -42.4330	  173.7578
5.755	 2.40	 2	 -41.6559	  174.2179
5.756	 2.32	 2	 -41.6287	  174.3761
5.756	 2.04	 2	 -41.7499	  174.2634
5.758	 2.06	 2	 -41.6749	  174.2435
5.759	 2.35	 1	 -42.3850	  173.9067
5.760	 2.12	 1	 -42.3816	  173.8164
5.760	 2.95	 1	 -42.3213	  173.0471
5.761	 2.46	 1	 -41.6737	  174.1411
5.762	 2.04	 1	 -42.4006	  172.7457
5.762	 2.33	 1	 -42.4268	  172.4075
5.762	 2.03	 3	 -42.1341	  173.6066
5.764	 2.28	 1	 -42.0210	  173.7417
5.764	 2.19	 1	 -42.6083	  173.1231
5.765	 2.55	 1	 -42.1489	  173.7189
5.765	 2.12	 1	 -42.3244	  173.4898
5.766	 3.21	 2	 -42.4425	  173.7624
5.767	 3.41	 2	 -42.1392	  173.5947
5.769	 2.23	 1	 -41.9520	  173.6821
5.770	 2.20	 1	 -42.2087	  173.6986
5.771	 2.41	 1	 -46.1482	  174.1349
5.772	 2.48	 3	 -38.1788	  171.0849
5.773	 2.13	 1	 -41.7823	  174.1582
5.774	 2.32	 1	 -42.4336	  173.1491
5.775	 2.44	 2	 -42.0999	  175.0532
5.777	 3.10	 1	 -42.3713	  173.9295
5.777	 2.04	 2	 -41.9395	  173.6813
5.778	 2.41	 2	 -42.0462	  173.9501
5.779	 2.03	 1	 -41.7552	  174.2226
5.781	 2.31	 2	 -42.0082	  173.6556
5.782	 2.46	 1	 -41.7480	  174.3645
5.782	 2.22	 2	 -42.1598	  173.7788
5.784	 2.72	 4	 -42.0742	  173.7171
5.784	 2.06	 1	 -41.7605	  174.2083
5.784	 2.17	 2	 -44.4908	  167.7673
5.785	 3.69	 2	 -42.3727	  173.2401
5.786	 2.06	 3	 -43.1462	  174.5865
5.786	 2.13	 1	 -42.0242	  174.3721
5.786	 2.25	 1	 -41.6441	  174.3303
5.787	 2.32	 1	 -41.9785	  173.3561
5.787	 2.19	 1	 -41.6566	  174.3349
5.787	 2.24	 1	 -41.5991	  174.3228
5.788	 4.76	 1	 -42.4512	  173.6454
5.788	 2.15	 1	 -42.0098	  173.9878
5.788	 2.09	 1	 -41.6962	  174.4097
5.789	 2.11	 1	 -42.9446	  172.8506
5.790	 2.49	 1	 -42.2765	  173.8432
5.792	 2.96	 1	 -42.5464	  174.2159
5.794	 2.12	 1	 -42.5400	  173.0099
5.794	 2.00	 1	 -42.1978	  173.6853
5.794	 2.09	 1	 -42.2549	  173.9014
5.795	 3.75	 2	 -42.9186	  173.2141
5.795	 2.16	 2	 -41.8742	  174.2011
5.796	 2.41	 1	 -41.9080	  174.0912
5.796	 2.16	 1	 -38.2236	  172.3444
5.798	 2.52	 2	 -44.1065	  171.9743
5.798	 2.40	 1	 -42.1385	  173.8008
5.799	 3.42	 1	 -41.6979	  174.3064
5.799	 2.32	 2	 -42.3428	  173.0808
5.802	 2.58	 2	 -42.4487	  173.6192
5.806	 2.15	 1	 -42.3381	  173.8240
5.807	 2.77	 1	 -43.1516	  172.8784
5.808	 2.19	 1	 -42.5002	  173.4211
5.809	 2.91	 2	 -42.2209	  173.7725
5.810	 2.02	 2	 -42.4508	  173.6429
5.811	 2.62	 2	 -42.7594	  173.7623
5.811	 2.50	 2	 -42.3998	  173.6208
5.811	 2.05	 1	 -40.0330	  168.2294
5.813	 2.01	 1	 -41.9583	  173.9505
5.813	 3.27	 3	 -42.8367	  172.8265
5.814	 2.32	 1	 -41.8498	  174.5076
5.815	 2.15	 2	 -42.3705	  173.1340
5.816	 2.59	 1	 -41.6112	  174.4384
5.818	 2.33	 1	 -38.2126	  172.4954
5.819	 2.28	 1	 -42.4448	  173.6467
5.821	 2.86	 1	 -43.9524	  174.0506
5.826	 5.44	 1	 -42.3683	  173.8642
5.826	 2.17	 1	 -42.4160	  173.2363
5.826	 2.61	 2	 -42.0917	  173.5562
5.826	 2.18	 2	 -42.3626	  173.4329
5.826	 3.13	 1	 -41.7934	  174.2540
5.828	 5.00	 1	 -42.4261	  173.1407
5.828	 2.03	 1	 -41.6764	  174.1258
5.829	 2.31	 1	 -42.5843	  173.7156
5.829	 2.16	 3	 -42.4090	  173.2374
5.830	 3.22	 3	 -41.6981	  174.3445
5.830	 2.21	 3	 -42.4298	  173.1990
5.830	 2.01	 2	 -41.7650	  174.2576
5.831	 2.01	 2	 -42.4101	  173.8288
5.831	 2.27	 2	 -42.3688	  173.9214
5.835	 2.35	 1	 -42.6445	  173.1454
5.835	 2.56	 1	 -41.7111	  174.1802
5.836	 2.14	 1	 -41.7218	  174.1997
5.838	 2.15	 1	 -42.3079	  173.4950
5.840	 2.13	 1	 -42.3828	  173.6029
5.842	 2.13	 1	 -41.7321	  174.2327
5.842	 2.66	 2	 -42.3647	  173.8057
5.843	 2.67	 2	 -42.4320	  173.1845
5.843	 2.43	 1	 -42.6581	  173.0323
5.843	 2.56	 1	 -42.6070	  173.9471
5.844	 2.10	 1	 -42.5291	  173.1583
5.845	 2.01	 2	 -42.6387	  172.9219
5.845	 2.14	 2	 -41.9657	  173.9803
5.846	 2.01	 4	 -38.1817	  171.0806
5.846	 2.43	 1	 -41.7430	  174.2833
5.846	 2.27	 1	 -41.7606	  173.5116
5.847	 3.45	 1	 -42.6416	  172.9760
5.848	 2.00	 1	 -42.4166	  173.7978
5.848	 3.09	 1	 -41.9468	  173.7957
5.848	 2.26	 2	 -42.9893	  174.1386
5.850	 2.07	 2	 -42.4613	  173.9526
5.851	 2.92	 2	 -42.2667	  173.0749
5.852	 2.21	 1	 -42.5434	  173.1812
5.852	 2.21	 1	 -42.4529	  173.4451
5.853	 2.36	 2	 -42.6694	  173.6826
5.854	 2.14	 2	 -41.9755	  174.0724
5.854	 2.60	 2	 -40.8229	  172.3017
5.856	 2.96	 2	 -42.3175	  173.0734
5.857	 2.53	 1	 -42.8008	  173.9006
5.857	 3.35	 1	 -42.5440	  173.3616
5.858	 2.27	 1	 -41.8015	  174.3409
5.858	 2.17	 1	 -42.9824	  174.9694
5.860	 3.19	 2	 -42.1967	  173.5024
5.860	 2.14	 1	 -41.9815	  173.6582
5.860	 2.59	 1	 -42.7343	  172.6184
5.862	 2.85	 2	 -42.3831	  173.8671
5.863	 2.16	 2	 -42.3825	  173.8963
5.864	 3.30	 1	 -41.8751	  173.7361
5.866	 2.67	 1	 -41.7906	  174.2865
5.866	 2.06	 1	 -41.7788	  174.2195
5.866	 2.24	 2	 -42.7193	  174.0652
5.867	 2.18	 1	 -42.3043	  173.8203
5.867	 2.20	 4	 -41.8507	  174.3091
5.868	 2.04	 2	 -42.3163	  174.0305
5.868	 2.73	 1	 -42.5979	  172.8338
5.868	 2.62	 2	 -42.4112	  173.8450
5.869	 2.95	 1	 -42.5048	  173.2361
5.869	 2.24	 3	 -42.1847	  173.8959
5.870	 2.84	 2	 -41.9847	  173.5090
5.870	 2.05	 2	 -41.5099	  175.2700
5.871	 2.53	 1	 -41.7274	  174.2221
5.871	 2.01	 3	 -42.3466	  173.1474
5.872	 2.21	 3	 -42.9168	  173.2013
5.872	 3.01	 1	 -41.9667	  173.9703
5.874	 2.30	 2	 -42.9624	  172.9886
5.876	 2.87	 1	 -42.8530	  172.9361
5.876	 2.38	 2	 -42.4596	  173.4112
5.876	 2.13	 1	 -42.0704	  173.4964
5.878	 2.14	 2	 -42.5010	  173.6710
5.878	 2.57	 1	 -42.2196	  172.5535
5.878	 2.40	 2	 -42.4745	  173.7195
5.879	 2.09	 1	 -41.6666	  174.3683
5.880	 3.54	 1	 -42.6085	  173.1264
5.881	 2.25	 4	 -42.4548	  173.2733
5.881	 2.44	 1	 -41.9831	  173.6062
5.882	 2.06	 1	 -42.5643	  172.8361
5.882	 2.25	 2	 -42.4026	  173.1101
5.883	 2.54	 1	 -42.4333	  173.5392
5.883	 2.02	 1	 -43.0201	  171.8920
5.884	 2.29	 1	 -42.8375	  173.1805
5.885	 2.75	 1	 -41.9836	  173.6814
5.885	 2.14	 1	 -41.8128	  174.0231
5.886	 2.45	 2	 -42.1643	  173.2965
5.886	 2.06	 3	 -41.7293	  174.2352
5.887	 3.64	 1	 -41.7920	  174.2256
5.887	 2.05	 1	 -42.6531	  172.7943
5.887	 2.70	 2	 -42.4090	  173.1528
5.888	 2.31	 1	 -42.2140	  173.6193
5.889	 2.34	 1	 -42.0018	  173.7470
5.890	 2.60	 1	 -42.4826	  173.1581
5.891	 2.41	 1	 -42.1434	  173.8219
5.891	 2.26	 1	 -42.4315	  173.7462
5.892	 2.10	 2	 -41.7640	  174.1985
5.893	 3.20	 1	 -41.6889	  174.3816
5.893	 3.19	 2	 -42.4106	  173.7605
5.893	 2.45	 1	 -41.7248	  174.2825
5.897	 2.98	 1	 -41.7257	  174.0772
5.897	 2.34	 2	 -41.8004	  174.2170
5.898	 2.17	 1	 -42.3846	  173.7947
5.899	 2.15	 2	 -42.8462	  173.9866
5.899	 2.74	 1	 -42.2245	  173.8124
5.899	 2.16	 1	 -42.6773	  172.9321
5.899	 2.03	 1	 -42.5468	  173.8159
5.899	 3.31	 1	 -41.7871	  174.2549
5.900	 2.19	 1	 -42.3097	  173.3372
5.901	 2.02	 2	 -42.3737	  173.9368
5.901	 2.07	 1	 -42.2990	  173.9308
5.902	 2.17	 1	 -42.4350	  173.0850
5.902	 2.83	 1	 -42.3286	  173.6788
5.902	 2.86	 1	 -42.0989	  173.5906
5.902	 2.66	 1	 -42.5030	  174.0600
5.903	 2.31	 1	 -41.9194	  174.0846
5.904	 2.58	 2	 -42.3983	  173.8792
5.904	 2.84	 2	 -42.5023	  173.2399
5.905	 2.11	 2	 -41.6443	  174.3642
5.907	 2.99	 1	 -42.0996	  173.8415
5.907	 2.88	 1	 -42.0043	  173.9811
5.908	 2.20	 1	 -41.6809	  174.3471
5.910	 2.14	 2	 -42.4250	  173.5543
5.910	 2.43	 2	 -42.3708	  173.8119
5.911	 2.26	 2	 -42.3818	  173.8538
5.912	 3.09	 2	 -42.3352	  173.8853
5.912	 2.29	 2	 -42.4072	  173.1919
5.912	 2.61	 1	 -42.4847	  173.1255
5.913	 2.12	 2	 -42.3992	  173.1177
5.915	 2.77	 1	 -42.4135	  173.0752
5.915	 2.86	 1	 -42.9280	  172.6657
5.916	 2.20	 1	 -42.0791	  173.4708
5.917	 2.44	 1	 -42.3804	  173.0967
5.917	 3.12	 1	 -43.3460	  170.1229
5.918	 2.17	 1	 -41.7025	  174.1324
5.918	 2.05	 1	 -42.3954	  173.9753
5.919	 2.87	 2	 -42.3554	  173.9727
5.919	 2.42	 2	 -42.4800	  173.4877
5.920	 2.40	 1	 -41.9443	  173.8411
5.920	 2.77	 2	 -42.4257	  173.7214
5.921	 2.83	 2	 -41.7949	  174.2261
5.922	 2.16	 1	 -42.3265	  173.7888
5.923	 2.06	 2	 -42.2326	  173.7047
5.923	 2.90	 1	 -41.7312	  174.1621
5.925	 2.12	 2	 -42.3909	  173.2475
5.926	 2.09	 1	 -41.5925	  174.1582
5.927	 2.42	 1	 -42.2836	  173.8381
5.928	 2.00	 2	 -42.3264	  173.6763
5.928	 3.38	 1	 -42.4334	  173.7060
5.930	 2.56	 1	 -42.6328	  172.7969
5.931	 2.33	 1	 -42.2911	  173.7594
5.932	 2.08	 1	 -42.3987	  174.1415
5.933	 2.05	 1	 -42.3416	  173.9970
5.934	 2.19	 3	 -41.5855	  175.5167
5.937	 2.57	 1	 -42.1080	  173.7459
5.937	 2.08	 2	 -42.2896	  174.5353
5.938	 2.26	 1	 -42.4266	  173.1429
5.938	 2.23	 1	 -42.2264	  173.5834
5.938	 2.19	 2	 -41.7889	  173.2668
5.938	 2.50	 2	 -42.3803	  173.8324
5.941	 3.43	 1	 -41.6967	  174.2835
5.945	 2.10	 1	 -42.6994	  173.2927
5.946	 2.03	 1	 -42.2879	  173.9826
5.946	 2.14	 1	 -41.9553	  173.6856
5.947	 2.05	 2	 -42.8427	  173.8885
5.947	 2.19	 2	 -42.7617	  172.6675
5.947	 2.78	 2	 -42.3564	  173.9283
5.948	 2.07	 3	 -42.6798	  172.6233
5.949	 2.07	 1	 -42.5187	  173.9109
5.950	 2.10	 1	 -42.7249	  173.0959
5.950	 2.12	 2	 -42.2975	  173.9833
5.951	 2.09	 1	 -42.7526	  172.7743
5.952	 2.02	 1	 -42.5830	  173.2717
5.952	 2.29	 2	 -41.3824	  173.6820
5.953	 3.18	 1	 -41.9044	  174.8151
5.954	 2.16	 1	 -42.4668	  173.7103
5.954	 2.07	 1	 -42.4679	  173.8145
5.955	 2.00	 1	 -43.9847	  173.5543
5.955	 2.01	 2	 -42.4036	  173.1194
5.956	 2.05	 1	 -42.5007	  173.3963
5.956	 2.63	 1	 -42.2541	  173.7948
5.957	 2.03	 1	 -41.8327	  174.4418
5.958	 3.98	 1	 -41.8094	  174.4330
5.960	 2.83	 2	 -42.4032	  173.7917
5.960	 2.14	 1	 -41.6851	  174.1948
5.960	 2.34	 2	 -43.0053	  173.0103
5.961	 2.02	 1	 -42.0422	  173.7168
5.961	 2.10	 3	 -43.1023	  174.5766
5.961	 2.08	 1	 -42.1320	  173.6864
5.962	 2.42	 1	 -42.2802	  173.8871
5.963	 2.59	 3	 -41.8124	  174.3005
5.963	 2.27	 2	 -42.4340	  173.7871
5.964	 2.82	 1	 -41.6455	  174.2866
5.966	 2.54	 2	 -42.3635	  173.8979
5.966	 2.87	 1	 -41.7833	  174.2251
5.967	 2.14	 1	 -42.2610	  173.6565
5.967	 2.38	 1	 -42.5465	  172.7384
5.967	 2.07	 2	 -42.4577	  173.2431
5.967	 2.01	 1	 -42.1154	  173.2081
5.968	 2.24	 1	 -42.0976	  173.3131
5.970	 2.55	 1	 -41.6767	  174.2061
5.970	 2.08	 1	 -42.6494	  172.9782
5.971	 2.34	 2	 -41.7589	  174.4025
5.971	 2.11	 1	 -42.4638	  173.2170
5.972	 2.04	 1	 -41.7697	  174.4193
5.973	 2.67	 2	 -42.4172	  173.1230
5.973	 2.61	 1	 -42.6542	  172.8191
5.973	 3.14	 2	 -42.6476	  172.8992
5.974	 3.16	 1	 -42.3773	  173.6840
5.975	 2.40	 2	 -42.4176	  173.6660
5.976	 2.02	 1	 -41.7539	  174.1549
5.977	 2.37	 1	 -42.5110	  173.3098
5.978	 2.27	 1	 -42.1861	  173.7805
5.982	 2.05	 1	 -42.4179	  173.4047
5.983	 2.32	 1	 -41.7691	  174.2867
5.983	 3.04	 1	 -42.7532	  173.2029
5.987	 2.09	 2	 -41.6155	  174.2993
5.988	 2.32	 1	 -42.7793	  172.8417
5.990	 4.07	 1	 -41.8907	  173.6786
5.990	 3.75	 1	 -41.7942	  173.9692
5.992	 2.49	 1	 -42.4823	  173.1652
5.993	 2.54	 1	 -42.1048	  173.5959
6.000	 2.01	 1	 -42.3772	  173.3748
6.000	 2.73	 3	 -43.1707	  174.6324
6.001	 2.21	 1	 -41.6950	  174.3239
6.001	 2.20	 1	 -42.3874	  173.3880
6.002	 2.06	 1	 -42.1671	  172.8705
6.003	 2.50	 2	 -42.0623	  173.4887
6.003	 2.50	 1	 -42.4101	  173.5425
6.003	 2.57	 1	 -42.2371	  173.6221
6.003	 2.83	 1	 -42.5109	  173.0431
6.004	 2.43	 1	 -42.2889	  173.6975
6.007	 2.37	 1	 -41.8497	  173.8875
6.007	 2.03	 1	 -42.1364	  173.5954
6.009	 2.05	 2	 -41.6977	  174.2857
6.009	 2.05	 2	 -40.8273	  176.4064
6.009	 2.18	 1	 -41.8676	  173.9271
6.010	 2.04	 2	 -42.2787	  173.2067
6.012	 2.18	 1	 -42.6930	  173.0441
6.012	 2.04	 1	 -41.9067	  174.1586
6.013	 2.24	 1	 -42.6856	  172.8650
6.016	 2.13	 1	 -42.3342	  173.7747
6.017	 2.43	 1	 -42.2844	  173.9006
6.017	 2.49	 1	 -42.4265	  174.2152
6.018	 2.44	 1	 -42.5268	  173.8205
6.018	 2.02	 1	 -41.7253	  174.2754
6.018	 2.33	 1	 -42.4335	  173.7956
6.018	 2.60	 1	 -42.1433	  173.6382
6.019	 2.25	 2	 -42.3783	  173.8924
6.020	 4.71	 1	 -41.8005	  174.1760
6.023	 2.68	 2	 -42.4517	  173.6616
6.023	 2.36	 2	 -42.3662	  173.8570
6.024	 2.18	 2	 -41.7955	  174.1659
6.025	 2.08	 2	 -42.4148	  173.1402
6.025	 3.59	 1	 -42.2964	  173.7065
6.025	 3.08	 1	 -41.9828	  173.7243
6.028	 2.70	 1	 -42.5666	  173.2258
6.028	 2.12	 1	 -41.7276	  174.3548
6.031	 2.55	 2	 -41.4926	  172.5128
6.033	 2.07	 1	 -42.4611	  173.1095
6.034	 2.18	 1	 -41.6474	  174.6019
6.036	 2.92	 2	 -42.5206	  173.9055
6.037	 2.38	 1	 -42.4923	  173.7953
6.037	 2.55	 2	 -41.7632	  174.1962
6.038	 2.51	 2	 -41.2934	  174.0961
6.040	 2.23	 1	 -42.4508	  174.3069
6.040	 2.10	 3	 -42.0788	  173.6488
6.043	 2.32	 1	 -41.9208	  173.7997
6.045	 2.10	 1	 -42.3483	  173.4472
6.046	 2.77	 1	 -41.8837	  173.8969
6.051	 2.09	 1	 -42.6036	  173.3763
6.051	 2.42	 2	 -42.3918	  173.1344
6.051	 2.21	 1	 -41.7764	  174.3541
6.052	 2.21	 2	 -42.6974	  173.0723
6.053	 2.22	 2	 -42.4205	  173.7550
6.054	 2.16	 1	 -42.2093	  173.6939
6.056	 2.58	 2	 -42.3382	  173.8523
6.056	 2.60	 2	 -41.7811	  173.2828
6.056	 2.09	 1	 -42.4065	  173.9223
6.057	 2.20	 2	 -42.4859	  173.7950
6.057	 2.01	 2	 -42.3330	  173.7175
6.058	 4.19	 3	 -43.1909	  174.5455
6.060	 2.03	 1	 -42.3685	  173.0305
6.061	 2.30	 1	 -42.5212	  173.5347
6.063	 3.01	 1	 -41.7867	  174.1673
6.064	 2.13	 2	 -41.8466	  174.1959
6.064	 2.35	 2	 -42.3426	  173.5477
6.064	 2.20	 1	 -42.4466	  173.5235
6.064	 2.23	 1	 -42.5649	  173.3368
6.065	 2.12	 1	 -42.1759	  173.7133
6.066	 2.04	 1	 -42.0234	  173.8026
6.069	 2.64	 2	 -42.4928	  173.8997
6.069	 2.44	 1	 -41.6345	  174.0395
6.071	 2.00	 1	 -42.5044	  173.2028
6.071	 2.14	 3	 -41.7261	  174.2332
6.072	 2.26	 2	 -42.1440	  173.3903
6.072	 2.02	 2	 -42.6304	  172.8984
6.075	 2.24	 1	 -37.7173	  177.0581
6.075	 2.35	 1	 -42.3163	  173.7132
6.075	 2.25	 1	 -41.9895	  173.9714
6.075	 2.19	 2	 -42.8362	  174.0189
6.076	 2.22	 1	 -42.5195	  173.1288
6.076	 2.36	 2	 -42.6818	  172.7094
6.077	 2.19	 1	 -42.6507	  172.8256
6.078	 2.08	 2	 -41.8384	  173.7942
6.079	 2.42	 1	 -42.3466	  174.0253
6.079	 2.43	 2	 -42.2974	  173.7290
6.079	 2.02	 2	 -41.7420	  174.1602
6.080	 2.31	 2	 -42.6346	  173.0941
6.080	 3.16	 1	 -42.3492	  173.9953
6.080	 2.03	 1	 -42.3254	  173.5213
6.080	 2.12	 2	 -42.4078	  173.2986
6.081	 2.18	 2	 -42.4101	  173.8677
6.081	 3.19	 2	 -41.8933	  173.6805
6.081	 2.21	 1	 -42.0453	  173.8031
6.081	 2.19	 1	 -42.2047	  173.6118
6.081	 2.03	 1	 -42.2989	  174.0968
6.083	 2.05	 2	 -42.4094	  173.4637
6.084	 2.79	 1	 -41.9750	  174.0262
6.084	 2.77	 2	 -42.4339	  173.1276
6.084	 2.52	 2	 -43.0547	  173.0557
6.086	 4.42	 2	 -42.0843	  173.4958
6.086	 2.07	 1	 -43.5196	  170.3924
6.087	 2.11	 2	 -42.3969	  173.2028
6.087	 2.12	 2	 -42.4542	  173.1523
6.087	 4.08	 1	 -42.4309	  173.2077
6.088	 2.06	 3	 -42.3410	  174.1580
6.089	 2.79	 2	 -41.9213	  174.4883
6.089	 2.21	 1	 -42.2138	  174.1655
6.089	 2.31	 3	 -42.0790	  173.5256
6.091	 2.08	 2	 -41.8470	  174.2073
6.091	 2.34	 1	 -42.5810	  173.1012
6.091	 2.52	 2	 -41.7616	  174.1861
6.092	 2.02	 1	 -41.6020	  172.7576
6.092	 2.04	 1	 -42.8047	  173.5383
6.094	 2.39	 2	 -42.4455	  173.5049
6.095	 2.60	 2	 -42.3282	  173.9189
6.095	 2.12	 1	 -42.4726	  173.2511
6.095	 3.18	 2	 -41.7188	  174.2554
6.097	 2.23	 2	 -42.3359	  173.6017
6.099	 2.08	 1	 -41.8515	  174.1681
6.099	 3.04	 1	 -41.9939	  173.6877
6.099	 2.21	 1	 -42.4370	  173.5654
6.102	 2.25	 2	 -42.4077	  173.0165
6.102	 2.00	 1	 -41.8010	  174.5221
6.102	 2.33	 1	 -41.7187	  174.3686
6.103	 2.05	 1	 -42.5533	  173.9667
6.104	 2.66	 1	 -41.7856	  173.0916
6.109	 2.54	 1	 -42.5334	  173.8089
6.111	 3.09	 1	 -42.9717	  172.4826
6.112	 2.03	 2	 -42.4494	  173.6207
6.112	 3.02	 1	 -42.3505	  173.4780
6.114	 2.59	 1	 -41.7784	  174.3387
6.115	 2.20	 1	 -42.6559	  172.7441
6.115	 2.28	 1	 -42.0875	  173.6052
6.116	 2.27	 2	 -41.7662	  174.2440
6.116	 2.04	 2	 -41.8946	  173.8417
6.116	 2.30	 1	 -41.7150	  174.1931
6.117	 2.01	 1	 -42.2440	  173.6405
6.118	 2.83	 1	 -42.5833	  173.1207
6.119	 2.87	 1	 -42.6993	  172.5274
6.121	 2.73	 2	 -42.8374	  172.6135
6.121	 2.09	 1	 -42.1306	  173.6455
6.122	 2.34	 1	 -42.1378	  173.5283
6.122	 2.20	 1	 -42.7127	  173.1492
6.122	 2.03	 2	 -42.4278	  173.5469
6.123	 2.32	 1	 -42.5390	  173.2574
6.123	 2.27	 1	 -41.8009	  174.2563
6.123	 2.66	 1	 -41.8260	  174.2622
6.125	 2.06	 1	 -42.6425	  172.9077
6.125	 2.16	 2	 -41.6801	  174.1734
6.126	 2.73	 3	 -43.1258	  173.9638
6.126	 3.69	 1	 -41.3290	  173.8590
6.127	 2.04	 2	 -41.7460	  174.2468
6.129	 2.20	 4	 -43.0876	  174.4960
6.129	 2.03	 1	 -41.8188	  174.1011
6.131	 3.09	 1	 -42.5251	  173.1548
6.131	 2.27	 1	 -42.2724	  173.6472
6.131	 2.25	 1	 -42.6123	  172.9842
6.133	 2.02	 2	 -42.3802	  174.9308
6.134	 2.05	 1	 -42.4654	  173.0290
6.137	 2.63	 2	 -41.9957	  173.6001
6.138	 2.06	 1	 -42.2681	  173.6338
6.142	 2.22	 1	 -42.2594	  173.6364
6.142	 2.79	 2	 -42.4926	  173.0122
6.143	 3.11	 1	 -42.4062	  173.2612
6.145	 3.56	 2	 -41.8006	  174.1913
6.145	 2.23	 3	 -43.1636	  174.5759
6.145	 3.35	 3	 -42.3797	  174.0322
6.151	 2.00	 1	 -42.9478	  175.1409
6.152	 2.16	 2	 -42.3955	  173.7988
6.153	 2.14	 2	 -42.5453	  173.3773
6.154	 2.28	 3	 -41.7298	  174.3225
6.155	 3.41	 4	 -42.4703	  173.3412
6.155	 2.43	 1	 -42.3330	  174.0610
6.156	 3.42	 2	 -42.4389	  173.6366
6.156	 2.18	 1	 -39.5768	  168.6110
6.157	 2.63	 1	 -41.9642	  173.8093
6.158	 2.24	 1	 -41.8238	  174.2607
6.159	 2.21	 2	 -41.5667	  173.6938
6.160	 2.34	 1	 -42.6994	  172.6346
6.161	 2.41	 2	 -42.4460	  173.9486
6.162	 2.61	 1	 -41.7547	  174.2057
6.162	 2.44	 3	 -43.1868	  174.5044
6.164	 2.42	 2	 -42.3498	  173.2741
6.164	 2.46	 1	 -42.6304	  172.8940
6.165	 2.36	 2	 -42.1350	  174.4076
6.165	 2.48	 1	 -42.3874	  173.5386
6.165	 2.25	 1	 -42.7008	  172.5469
6.167	 2.54	 1	 -42.6284	  172.8453
6.168	 2.10	 2	 -41.7113	  174.4164
6.168	 2.13	 2	 -42.3904	  173.2215
6.168	 2.34	 1	 -42.3895	  173.1651
6.169	 2.56	 1	 -41.9850	  173.5154
6.169	 2.22	 1	 -42.4895	  172.8519
6.171	 2.61	 2	 -42.3286	  173.5364
6.173	 2.28	 2	 -42.4996	  173.7905
6.175	 2.49	 1	 -42.6407	  172.6700
6.175	 2.28	 1	 -42.8900	  173.1438
6.175	 2.32	 1	 -42.4843	  173.0355
6.179	 2.79	 2	 -42.1286	  173.5068
6.180	 2.18	 1	 -42.6765	  173.2311
6.181	 2.71	 1	 -42.5585	  173.7931
6.182	 2.24	 1	 -42.2653	  173.8533
6.182	 2.14	 1	 -41.9951	  174.4559
6.182	 3.58	 1	 -41.9034	  174.2992
6.184	 3.03	 2	 -42.3153	  173.1911
6.184	 2.15	 3	 -42.1283	  173.6847
6.185	 2.22	 1	 -42.2844	  173.8188
6.187	 2.52	 3	 -43.1433	  174.5644
6.187	 2.13	 2	 -41.8051	  174.1762
6.188	 3.78	 1	 -41.7087	  174.2330
6.188	 2.24	 1	 -41.6880	  174.1237
6.189	 2.05	 2	 -42.4272	  173.2054
6.189	 3.75	 1	 -41.8490	  174.1360
6.190	 2.21	 1	 -40.6749	  172.4453
6.192	 3.02	 1	 -41.7806	  174.2765
6.193	 2.05	 3	 -42.4043	  173.7743
6.193	 2.80	 2	 -41.7028	  174.2436
6.194	 2.56	 1	 -42.2072	  173.6130
6.194	 2.23	 1	 -41.8470	  174.1009
6.194	 2.02	 1	 -42.2528	  173.8981
6.196	 2.11	 2	 -42.3694	  173.8203
6.197	 2.54	 1	 -42.3524	  173.6858
6.197	 2.09	 1	 -46.9207	  174.0461
6.198	 2.22	 1	 -41.9253	  174.1223
6.202	 3.13	 1	 -42.0252	  173.6469
6.202	 2.29	 1	 -42.1116	  173.6953
6.203	 2.19	 1	 -42.4781	  173.2256
6.206	 2.74	 1	 -42.3734	  173.5577
6.206	 2.01	 1	 -41.8442	  174.1943
6.207	 3.58	 1	 -41.7245	  174.2767
6.208	 2.02	 2	 -42.4406	  173.2522
6.208	 4.08	 1	 -42.5373	  173.1738
6.209	 2.18	 5	 -42.4838	  173.3362
6.212	 2.96	 5	 -42.5126	  173.2691
6.214	 2.63	 2	 -41.8026	  174.4291
6.215	 2.31	 1	 -42.3535	  173.8023
6.217	 2.14	 1	 -42.3097	  173.5959
6.217	 2.60	 1	 -41.4544	  174.0840
6.218	 2.29	 1	 -42.6131	  173.1368
6.218	 2.49	 1	 -41.9677	  174.1037
6.219	 4.03	 2	 -42.4277	  173.1048
6.219	 2.47	 1	 -41.5798	  174.2311
6.220	 2.30	 1	 -41.3156	  178.8461
6.220	 2.11	 1	 -42.7579	  173.0376
6.221	 2.82	 1	 -42.0628	  173.8031
6.223	 2.10	 1	 -42.3619	  173.2921
6.223	 2.16	 1	 -42.2612	  173.6758
6.224	 2.22	 2	 -42.4116	  173.3320
6.225	 2.14	 2	 -41.6655	  174.3039
6.225	 2.94	 2	 -41.7680	  174.2468
6.225	 2.89	 1	 -41.5573	  174.3734
6.225	 2.19	 1	 -41.6401	  174.2417
6.227	 3.01	 1	 -41.7047	  174.3519
6.227	 2.22	 3	 -42.3822	  173.1750
6.227	 2.31	 1	 -42.1768	  172.5241
6.227	 2.30	 4	 -43.1090	  174.6416
6.229	 2.02	 2	 -41.8364	  174.2266
6.231	 2.18	 1	 -42.0987	  173.6458
6.231	 2.04	 2	 -42.5460	  173.7990
6.233	 2.09	 1	 -42.6079	  173.1082
6.233	 2.26	 2	 -41.8796	  174.1156
6.233	 3.11	 1	 -42.4482	  173.2184
6.234	 2.00	 1	 -41.4402	  174.2498
6.234	 2.49	 1	 -42.5741	  172.9694
6.235	 2.72	 2	 -42.3430	  173.8349
6.236	 2.01	 1	 -42.4039	  173.2437
6.238	 3.30	 2	 -41.8453	  173.6030
6.239	 2.33	 1	 -43.5727	  172.3798
6.239	 3.41	 1	 -41.7531	  173.9366
6.239	 2.41	 2	 -42.4280	  173.1693
6.240	 4.02	 4	 -42.3751	  174.0077
6.240	 2.12	 2	 -42.3917	  173.3236
6.240	 2.06	 1	 -42.4022	  173.1873
6.242	 2.01	 3	 -41.7895	  174.2036
6.243	 2.71	 2	 -42.3656	  173.8132
6.243	 2.03	 3	 -43.1836	  174.6240
6.244	 2.14	 1	 -42.1103	  176.5872
6.246	 2.29	 1	 -42.4949	  173.0444
6.247	 2.12	 3	 -42.4335	  173.5068
6.247	 2.17	 1	 -42.1520	  173.6891
6.247	 3.13	 1	 -42.4217	  173.6060
6.249	 2.33	 1	 -42.5718	  173.3459
6.250	 3.02	 1	 -41.7157	  174.2672
6.250	 3.02	 1	 -42.2694	  173.5876
6.252	 3.35	 1	 -41.8210	  174.3186
6.254	 2.19	 1	 -42.4226	  173.3395
6.256	 2.20	 1	 -42.1354	  173.6148
6.256	 2.01	 2	 -42.6928	  172.3666
6.256	 3.49	 1	 -41.6948	  174.2748
6.257	 2.26	 1	 -41.7122	  174.0787
6.258	 2.08	 1	 -42.4165	  173.0404
6.259	 2.02	 1	 -42.3576	  173.4117
6.262	 2.46	 2	 -42.4311	  173.2033
6.263	 2.11	 2	 -41.7229	  174.2552
6.264	 2.15	 3	 -42.3778	  173.2127
6.264	 2.60	 1	 -41.6945	  174.2680
6.264	 2.09	 3	 -41.8083	  173.6008
6.265	 2.47	 1	 -41.1476	  174.0803
6.266	 2.46	 1	 -41.8050	  174.1463
6.266	 2.08	 1	 -42.3083	  173.4647
6.266	 3.41	 1	 -42.4834	  173.0658
6.267	 2.12	 2	 -41.8394	  174.5309
6.268	 3.32	 1	 -42.6990	  172.9679
6.268	 2.73	 2	 -42.3703	  173.6073
6.269	 2.70	 1	 -42.4870	  172.8706
6.270	 2.29	 1	 -42.0927	  173.5046
6.270	 3.25	 3	 -41.7139	  174.2499
6.270	 3.47	 1	 -43.0034	  172.9263
6.270	 2.25	 3	 -42.3752	  173.7593
6.270	 2.40	 1	 -42.4746	  174.8708
6.271	 2.19	 1	 -41.6871	  174.1633
6.271	 2.51	 1	 -42.5429	  173.1174
6.271	 2.33	 1	 -42.2839	  173.7882
6.273	 2.77	 4	 -42.9440	  175.8064
6.273	 2.61	 1	 -42.5794	  173.7498
6.274	 2.18	 1	 -41.7811	  174.3935
6.274	 2.37	 2	 -42.6984	  173.2921
6.275	 2.25	 2	 -42.4301	  173.7466
6.275	 2.31	 1	 -42.6724	  172.9014
6.276	 2.22	 3	 -41.9657	  173.7795
6.276	 2.83	 2	 -42.3313	  173.6309
6.277	 2.00	 2	 -42.2260	  173.8338
6.277	 2.56	 2	 -41.9652	  173.7760
6.278	 2.22	 3	 -41.8815	  173.6445
6.279	 2.64	 1	 -42.5660	  173.1308
6.279	 2.31	 1	 -42.6926	  172.9395
6.282	 2.44	 5	 -43.0814	  174.5740
6.282	 2.13	 2	 -42.3812	  173.9489
6.282	 2.43	 5	 -42.3772	  174.0069
6.282	 2.47	 1	 -42.3907	  173.5919
6.284	 2.87	 2	 -41.7318	  174.2744
6.285	 2.14	 3	 -42.4549	  173.1608
6.287	 2.19	 3	 -42.0394	  172.8702
6.287	 2.20	 1	 -42.3674	  173.7604
6.289	 2.01	 2	 -42.4176	  173.7418
6.291	 2.28	 1	 -42.6362	  173.0216
6.291	 3.10	 1	 -41.6180	  174.2651
6.293	 2.19	 1	 -42.4861	  173.1086
6.295	 2.30	 2	 -42.2784	  173.7020
6.296	 2.17	 1	 -42.5161	  173.8639
6.296	 2.34	 4	 -41.9520	  173.7472
6.296	 2.02	 1	 -41.7764	  174.1916
6.296	 2.91	 2	 -42.3544	  173.8457
6.297	 3.06	 2	 -42.5943	  174.1957
6.297	 2.32	 1	 -42.2440	  173.6463
6.299	 2.03	 1	 -41.9159	  173.7626
6.300	 2.11	 1	 -42.5549	  173.8828
6.300	 2.20	 2	 -41.6893	  174.2882
6.301	 4.86	 2	 -41.7514	  173.9286
6.302	 2.68	 1	 -42.4348	  173.4890
6.303	 2.16	 2	 -43.0152	  173.0541
6.303	 2.02	 2	 -41.8128	  174.1364
6.303	 2.05	 2	 -41.7493	  174.3371
6.305	 2.23	 1	 -42.2429	  173.7225
6.305	 2.14	 1	 -42.4573	  173.1006
6.306	 2.50	 1	 -42.3013	  173.9564
6.309	 2.25	 2	 -42.2089	  173.6930
6.309	 2.51	 1	 -42.6871	  173.1661
6.310	 2.11	 2	 -41.5802	  174.0140
6.311	 2.14	 1	 -42.1147	  172.8619
6.311	 2.41	 1	 -42.4701	  173.8718
6.312	 2.51	 1	 -42.4493	  173.1212
6.315	 2.65	 1	 -42.3849	  173.7369
6.315	 2.01	 1	 -41.7839	  174.1719
6.315	 2.52	 1	 -42.0248	  173.6683
6.315	 2.96	 1	 -42.5653	  173.1937
6.316	 3.38	 1	 -42.1041	  173.9400
6.316	 2.23	 2	 -42.4172	  173.7330
6.319	 2.33	 1	 -41.6518	  173.0712
6.319	 2.76	 1	 -42.2265	  173.4173
6.319	 2.21	 3	 -42.3991	  173.1768
6.319	 2.11	 1	 -42.4021	  173.0753
6.320	 2.99	 1	 -42.3862	  173.2309
6.320	 3.11	 2	 -42.4291	  173.8904
6.322	 2.51	 1	 -42.4994	  173.2348
6.322	 2.07	 1	 -41.6864	  174.2695
6.323	 2.70	 1	 -42.5508	  173.8449
6.324	 2.25	 1	 -42.3946	  173.4213
6.324	 2.11	 1	 -42.4057	  173.2899
6.326	 4.08	 3	 -41.7605	  173.8282
6.326	 2.06	 1	 -41.3560	  174.4463
6.326	 3.08	 1	 -42.3492	  173.1640
6.327	 2.13	 3	 -41.7504	  173.9315
6.329	 3.18	 1	 -42.6501	  172.9726
6.330	 2.16	 2	 -42.6377	  172.6994
6.331	 2.22	 1	 -40.1851	  167.9438
6.331	 2.01	 2	 -42.3171	  173.4256
6.331	 2.74	 1	 -41.5699	  174.4713
6.332	 2.37	 1	 -42.4184	  173.6996
6.336	 2.27	 1	 -42.3638	  173.8069
6.339	 2.38	 1	 -42.2434	  173.1069
6.339	 2.59	 2	 -43.3613	  173.6361
6.340	 3.02	 1	 -41.8869	  174.1682
6.342	 3.01	 1	 -41.6628	  174.2190
6.343	 2.22	 1	 -42.1611	  173.2329
6.344	 2.93	 1	 -42.4546	  173.1627
6.345	 2.47	 1	 -41.7002	  173.9578
6.346	 2.20	 3	 -42.9498	  172.9896
6.347	 2.31	 1	 -42.1516	  173.7932
6.348	 3.33	 3	 -41.7054	  174.2874
6.348	 2.01	 1	 -42.3048	  173.8153
6.350	 3.20	 1	 -42.5986	  173.7927
6.350	 4.42	 1	 -42.4434	  173.4486
6.352	 3.33	 2	 -42.5579	  173.9815
6.355	 2.36	 2	 -42.4110	  173.7077
6.355	 2.04	 2	 -42.2482	  174.1026
6.356	 2.06	 4	 -42.1303	  173.6867
6.356	 2.01	 3	 -42.0216	  173.4715
6.357	 2.33	 1	 -42.3583	  172.8263
6.357	 2.62	 1	 -42.5075	  173.4543
6.360	 2.40	 1	 -42.2488	  173.4726
6.361	 2.24	 2	 -42.8901	  173.2919
6.362	 2.17	 1	 -42.3089	  173.8373
6.364	 4.06	 3	 -42.0835	  173.5059
6.364	 2.69	 1	 -42.5725	  173.1340
6.364	 2.32	 3	 -42.0253	  173.3236
6.364	 2.14	 1	 -41.6713	  174.2884
6.364	 2.71	 1	 -42.3263	  174.0860
6.365	 2.01	 2	 -43.4455	  172.6469
6.365	 2.61	 1	 -42.7129	  172.8737
6.366	 2.07	 1	 -41.6342	  174.0935
6.367	 2.89	 3	 -43.0334	  174.0094
6.367	 2.93	 1	 -42.1030	  172.6449
6.367	 2.99	 3	 -43.0319	  174.6473
6.367	 2.12	 1	 -42.3630	  172.6421
6.368	 2.55	 1	 -42.2615	  173.0097
6.369	 2.27	 4	 -41.7919	  173.8416
6.369	 2.17	 2	 -42.4060	  173.7537
6.370	 2.72	 3	 -42.4386	  173.2226
6.370	 2.61	 1	 -42.2755	  173.6441
6.370	 2.74	 1	 -42.3605	  173.9684
6.371	 2.14	 1	 -41.7539	  174.2073
6.371	 3.02	 1	 -42.7443	  173.4378
6.372	 2.18	 1	 -41.9078	  174.2159
6.373	 3.08	 3	 -43.0665	  172.8908
6.374	 2.45	 2	 -41.9504	  173.7150
6.376	 2.03	 1	 -42.8140	  173.6144
6.381	 2.54	 4	 -41.7525	  173.8152
6.381	 2.83	 1	 -41.6787	  174.3028
6.381	 2.80	 3	 -41.7711	  173.9445
6.382	 2.45	 2	 -42.3312	  173.7935
6.383	 2.17	 1	 -41.6956	  174.3023
6.384	 2.45	 1	 -42.1325	  172.7903
6.384	 2.16	 1	 -42.0529	  173.6439
6.385	 2.18	 1	 -41.8573	  174.1806
6.386	 2.14	 1	 -42.0450	  173.7727
6.386	 2.99	 2	 -41.7723	  173.3637
6.387	 2.02	 2	 -42.5282	  173.1464
6.388	 2.10	 1	 -42.4227	  172.9579
6.388	 2.76	 1	 -41.6854	  174.2420
6.389	 3.77	 2	 -42.3809	  173.2984
6.390	 2.00	 1	 -43.0522	  173.1918
6.395	 3.20	 1	 -42.2035	  173.5727
6.396	 2.73	 2	 -42.0804	  173.7173
6.398	 2.60	 1	 -42.7169	  172.9811
6.398	 2.52	 1	 -42.2506	  173.5450
6.400	 2.00	 2	 -42.8367	  172.6063
6.402	 2.26	 1	 -42.2828	  173.2267
6.403	 2.42	 1	 -41.7567	  174.2984
6.406	 2.69	 1	 -41.6965	  174.1563
6.406	 2.06	 1	 -42.2607	  173.9479
6.407	 2.39	 1	 -42.5870	  173.2330
6.409	 2.05	 2	 -42.4294	  173.1074
6.410	 2.14	 3	 -43.1674	  174.5255
6.411	 2.20	 1	 -42.4677	  174.1519
6.412	 2.09	 2	 -41.7804	  174.2293
6.412	 2.02	 2	 -42.1727	  173.0275
6.412	 2.06	 4	 -41.7626	  173.8364
6.412	 2.56	 1	 -42.6320	  173.0405
6.415	 2.64	 1	 -45.6664	  168.8567
6.416	 2.70	 1	 -42.3526	  173.9074
6.417	 2.84	 2	 -41.7764	  174.2954
6.419	 2.04	 2	 -42.4805	  173.6344
6.419	 2.11	 3	 -42.3212	  173.6874
6.419	 2.11	 1	 -42.4854	  173.2331
6.421	 3.83	 1	 -42.4119	  173.1894
6.422	 2.23	 1	 -42.2902	  173.6298
6.424	 2.95	 1	 -41.8365	  174.2475
6.424	 2.68	 1	 -41.2004	  172.8452
6.424	 2.21	 2	 -42.4576	  173.5705
6.425	 2.02	 2	 -42.2964	  173.7536
6.427	 2.00	 3	 -42.4838	  173.9650
6.427	 2.45	 1	 -41.7913	  174.1615
6.428	 2.32	 2	 -41.8411	  174.1308
6.428	 2.37	 2	 -42.4645	  173.4375
6.430	 2.32	 3	 -41.7447	  173.9126
6.430	 2.14	 1	 -42.4528	  173.3327
6.430	 3.57	 1	 -42.3428	  174.0183
6.431	 2.30	 1	 -42.3283	  173.9919
6.431	 2.24	 1	 -41.6736	  174.2480
6.432	 2.87	 1	 -41.8581	  173.9581
6.432	 2.42	 1	 -42.3134	  173.1232
6.433	 2.02	 1	 -42.4939	  173.2447
6.433	 2.13	 1	 -37.6420	  171.8633
6.434	 2.54	 1	 -42.5363	  173.2872
6.438	 2.17	 1	 -41.7426	  174.0129
6.438	 2.32	 1	 -42.1994	  174.0544
6.439	 2.33	 1	 -42.6079	  172.8327
6.440	 2.64	 1	 -42.3015	  173.7654
6.442	 2.00	 1	 -42.2663	  173.9760
6.443	 2.02	 2	 -41.8082	  174.5211
6.444	 2.11	 2	 -42.4612	  173.6268
6.444	 2.17	 1	 -42.3049	  173.6850
6.444	 2.21	 3	 -42.2881	  173.6216
6.444	 2.21	 1	 -42.5086	  173.1402
6.445	 2.11	 1	 -42.4045	  173.4006
6.445	 2.24	 1	 -42.2501	  173.7270
6.447	 2.38	 1	 -42.5178	  173.2193
6.448	 2.70	 1	 -42.1863	  173.6140
6.448	 2.62	 1	 -42.3810	  172.9179
6.449	 2.54	 2	 -42.5242	  173.1689
6.449	 2.14	 1	 -41.7195	  174.4399
6.452	 2.02	 2	 -42.4117	  173.8596
6.453	 2.10	 1	 -42.1438	  173.6064
6.455	 2.23	 3	 -42.6697	  173.6826
6.455	 2.60	 1	 -41.7358	  173.3116
6.455	 2.02	 1	 -42.3547	  172.9334
6.456	 2.67	 1	 -42.5318	  173.1198
6.459	 2.80	 1	 -41.2422	  174.3682
6.459	 2.20	 2	 -42.5285	  173.5024
6.460	 2.78	 1	 -43.0736	  171.6492
6.460	 3.05	 1	 -42.7022	  173.1368
6.461	 4.44	 1	 -41.7943	  173.9724
6.461	 3.06	 2	 -42.5456	  173.2237
6.461	 2.42	 1	 -41.8184	  174.2735
6.463	 3.01	 1	 -42.5481	  173.7391
6.464	 2.61	 2	 -41.8389	  174.1087
6.465	 2.02	 4	 -43.2128	  174.4959
6.466	 2.09	 2	 -42.6658	  172.6982
6.468	 2.58	 1	 -42.2950	  173.6814
6.468	 2.51	 1	 -41.7547	  174.4870
6.469	 2.98	 1	 -41.5798	  174.3313
6.469	 2.16	 1	 -41.7890	  174.2013
6.470	 2.77	 1	 -42.4472	  173.3957
6.472	 2.19	 2	 -42.4283	  173.9425
6.473	 2.40	 1	 -42.5105	  172.8898
6.474	 2.06	 4	 -42.4240	  173.1939
6.475	 2.11	 2	 -42.7006	  172.5267
6.475	 2.99	 2	 -42.4348	  173.1489
6.477	 2.12	 3	 -42.8225	  173.4921
6.478	 2.39	 1	 -43.3216	  173.6472
6.478	 2.38	 5	 -42.1395	  173.7033
6.479	 2.36	 1	 -41.6344	  174.1206
6.480	 2.17	 1	 -42.2098	  173.5971
6.482	 2.03	 1	 -43.0343	  172.6598
6.483	 2.15	 2	 -42.2330	  173.5790
6.483	 2.05	 3	 -43.1411	  174.6360
6.483	 2.32	 1	 -41.7313	  174.5933
6.485	 2.22	 1	 -41.6674	  174.3353
6.488	 2.01	 2	 -42.3154	  173.2751
6.489	 2.84	 2	 -42.0094	  173.6789
6.491	 2.16	 1	 -42.6724	  173.0090
6.491	 2.08	 1	 -43.5661	  173.6598
6.491	 2.03	 1	 -41.6773	  174.2161
6.491	 2.09	 3	 -43.1846	  174.0487
6.492	 2.20	 1	 -41.9106	  179.0468
6.494	 3.06	 1	 -42.1729	  173.6958
6.495	 3.31	 1	 -42.2181	  173.8465
6.495	 2.96	 1	 -41.7909	  174.1408
6.496	 2.59	 2	 -41.7966	  173.9688
6.497	 2.31	 1	 -42.3241	  173.9324
6.498	 2.00	 2	 -42.4337	  173.0925
6.499	 2.29	 1	 -42.9751	  173.4586
6.501	 2.14	 1	 -42.5028	  174.0215
6.502	 2.30	 1	 -40.5293	  177.8585
6.503	 2.14	 1	 -42.2857	  173.3735
6.504	 2.03	 1	 -42.3866	  173.7967
6.504	 2.16	 1	 -42.3486	  173.5319
6.504	 3.38	 1	 -42.6118	  173.2278
6.506	 2.37	 1	 -41.7961	  174.0281
6.506	 2.92	 1	 -41.8538	  173.9760
6.507	 2.62	 2	 -41.2856	  173.3373
6.508	 3.32	 1	 -42.3723	  173.0300
6.509	 2.65	 1	 -42.7700	  172.9502
6.509	 2.37	 1	 -42.4869	  174.0772
6.510	 2.23	 1	 -42.4932	  173.1851
6.513	 2.04	 1	 -43.0070	  171.6353
6.515	 2.72	 1	 -41.9566	  173.9796
6.518	 3.07	 2	 -42.4010	  173.1513
6.518	 2.05	 1	 -42.3927	  173.6209
6.520	 2.11	 1	 -42.3147	  173.7899
6.520	 5.07	 1	 -41.6758	  174.4549
6.521	 2.51	 1	 -41.6494	  174.2485
6.522	 2.42	 2	 -41.5839	  174.2074
6.522	 2.43	 2	 -41.6756	  174.4269
6.523	 2.55	 2	 -42.3890	  173.9047
6.523	 2.19	 3	 -43.0578	  174.4711
6.523	 2.04	 1	 -42.7149	  173.4289
6.524	 2.01	 1	 -41.8358	  174.3093
6.524	 2.36	 1	 -42.5244	  173.2091
6.525	 2.06	 2	 -42.8256	  172.0937
6.525	 2.05	 2	 -41.6865	  174.4355
6.525	 3.54	 2	 -42.4176	  173.9449
6.529	 2.27	 1	 -42.4379	  173.8551
6.529	 2.23	 1	 -44.6978	  178.9902
6.530	 2.00	 1	 -42.1978	  173.3099
6.531	 2.14	 2	 -42.3349	  173.5097
6.531	 2.12	 1	 -41.5568	  174.2516
6.531	 2.67	 2	 -42.6999	  172.9695
6.532	 2.35	 1	 -41.7526	  174.3203
6.534	 2.23	 1	 -41.7197	  174.3803
6.535	 2.29	 1	 -42.4208	  173.0640
6.535	 2.08	 1	 -42.3239	  173.8508
6.538	 2.81	 2	 -41.6131	  174.5431
6.538	 2.70	 2	 -42.1141	  173.9388
6.541	 3.00	 2	 -42.5626	  173.1211
6.543	 2.43	 1	 -41.6229	  174.3787
6.543	 2.06	 2	 -42.6988	  172.7572
6.543	 2.16	 1	 -41.7169	  174.0361
6.546	 2.22	 2	 -42.4338	  173.8605
6.546	 2.07	 1	 -41.9031	  173.8876
6.547	 2.27	 1	 -42.4622	  172.3046
6.548	 2.37	 1	 -42.2279	  173.8309
6.548	 2.43	 1	 -41.9112	  174.2333
6.548	 2.50	 1	 -41.6522	  174.2621
6.549	 2.22	 1	 -41.6785	  174.1876
6.550	 2.21	 1	 -42.4625	  173.1616
6.550	 2.21	 2	 -41.6063	  174.3634
6.551	 2.53	 1	 -42.7473	  173.2712
6.551	 2.77	 2	 -42.3638	  173.8969
6.551	 3.10	 1	 -42.1877	  174.0173
6.552	 2.57	 1	 -42.5245	  173.1640
6.553	 3.06	 1	 -42.0548	  173.8985
6.553	 2.31	 3	 -42.0818	  173.4746
6.554	 2.35	 2	 -42.1871	  174.0096
6.555	 2.08	 2	 -42.5182	  173.9744
6.558	 2.01	 2	 -41.7988	  173.9999
6.558	 2.18	 3	 -42.4086	  173.1530
6.558	 2.13	 1	 -41.3775	  173.7637
6.561	 2.10	 1	 -42.4813	  173.8919
6.562	 2.44	 2	 -42.3621	  173.8642
6.563	 2.26	 2	 -42.4753	  173.8981
6.563	 2.82	 1	 -41.6427	  174.0957
6.564	 3.05	 1	 -42.0076	  173.7309
6.564	 2.05	 1	 -42.4195	  173.7302
6.564	 2.95	 2	 -43.4881	  171.7150
6.565	 2.16	 2	 -42.4090	  173.2217
6.565	 2.22	 2	 -43.8584	  167.8573
6.567	 2.50	 1	 -42.6321	  173.0072
6.568	 2.45	 1	 -42.2819	  173.7594
6.569	 2.38	 1	 -43.2956	  173.6936
6.569	 2.12	 3	 -43.1032	  174.7592
6.570	 2.31	 3	 -43.5142	  171.6702
6.570	 3.12	 2	 -42.1812	  174.3748
6.571	 2.20	 2	 -42.4245	  173.1438
6.573	 2.27	 1	 -41.8943	  174.2747
6.573	 3.00	 1	 -42.7836	  174.4369
6.574	 2.05	 1	 -42.5709	  173.0776
6.574	 2.87	 2	 -42.1595	  173.5221
6.575	 2.79	 1	 -42.4525	  173.0390
6.576	 2.06	 1	 -42.2690	  173.6465
6.577	 2.15	 1	 -42.5225	  173.1015
6.578	 2.80	 1	 -42.5496	  173.6388
6.581	 2.02	 2	 -41.7746	  174.0264
6.582	 2.93	 2	 -41.8600	  173.9568
6.583	 2.76	 1	 -42.3164	  173.6589
6.583	 2.02	 2	 -43.0258	  173.0636
6.585	 2.62	 3	 -41.7004	  173.9767
6.586	 2.63	 1	 -42.6658	  172.9323
6.588	 2.00	 1	 -42.7343	  170.2901
6.589	 2.12	 1	 -41.9037	  173.2756
6.589	 2.01	 2	 -42.8024	  173.7473
6.590	 2.07	 1	 -42.2687	  173.7276
6.592	 2.02	 1	 -41.9363	  172.5432
6.592	 2.45	 1	 -41.7314	  174.3266
6.593	 2.11	 2	 -42.3678	  173.1349
6.593	 2.35	 3	 -41.7649	  173.8554
6.593	 2.66	 2	 -43.0877	  173.3504
6.593	 2.17	 1	 -42.0954	  173.4895
6.594	 2.23	 1	 -42.0168	  173.6952
6.596	 2.28	 1	 -42.5022	  173.0985
6.601	 2.01	 1	 -41.6923	  174.2871
6.602	 2.44	 1	 -41.6979	  174.2491
6.602	 2.12	 1	 -41.9436	  174.1807
6.604	 2.34	 1	 -43.1732	  172.5618
6.604	 2.53	 2	 -41.8664	  174.1836
6.604	 2.04	 3	 -41.8124	  173.9421
6.605	 2.45	 1	 -42.3868	  173.7578
6.606	 2.53	 2	 -42.6024	  172.8322
6.606	 2.08	 1	 -40.3284	  174.6500
6.607	 2.21	 1	 -42.2921	  173.6128
6.608	 2.04	 2	 -42.5716	  173.3428
6.610	 2.39	 2	 -42.4475	  173.7134
6.612	 2.23	 2	 -41.2962	  174.3071
6.614	 2.46	 1	 -41.3067	  174.4560
6.615	 3.06	 1	 -42.5796	  173.4727
6.617	 3.38	 1	 -41.6602	  174.4760
6.618	 2.68	 1	 -44.7994	  178.3883
6.619	 2.46	 1	 -42.4528	  173.3351
6.620	 2.77	 1	 -42.5723	  173.1033
6.620	 2.09	 3	 -41.8447	  173.9085
6.620	 2.64	 1	 -42.4028	  173.6151
6.622	 2.08	 1	 -41.8271	  173.7394
6.622	 2.05	 2	 -41.7510	  174.2946
6.622	 2.26	 2	 -42.1243	  173.8044
6.623	 2.43	 2	 -46.9205	  174.0452
6.623	 2.43	 2	 -41.8525	  174.1836
6.623	 4.49	 2	 -42.6213	  173.4484
6.623	 2.00	 1	 -42.5679	  173.1646
6.624	 2.15	 1	 -42.5559	  172.9559
6.624	 2.12	 1	 -42.0383	  173.7938
6.624	 2.06	 1	 -41.7407	  174.3615
6.625	 3.53	 2	 -42.5663	  173.2761
6.625	 2.23	 3	 -42.7027	  173.2982
6.626	 2.41	 3	 -43.3645	  176.1896
6.627	 2.10	 1	 -43.8057	  172.0982
6.628	 2.65	 1	 -41.6752	  174.2913
6.628	 2.03	 2	 -41.6726	  174.2937
6.631	 2.02	 1	 -42.2582	  173.6015
6.632	 2.07	 1	 -42.5733	  172.9548
6.632	 2.51	 1	 -42.4979	  173.2719
6.632	 2.25	 3	 -42.6019	  173.4094
6.633	 2.11	 1	 -42.4439	  173.7665
6.633	 2.18	 1	 -41.7993	  174.0427
6.633	 2.02	 1	 -42.4090	  173.6001
6.634	 2.14	 1	 -41.7992	  174.4352
6.636	 2.31	 1	 -42.2368	  173.2512
6.637	 2.06	 2	 -41.7136	  174.0778
6.637	 2.07	 2	 -42.3095	  173.8065
6.638	 2.06	 4	 -43.2150	  174.4163
6.638	 2.07	 1	 -42.0881	  173.6226
6.640	 2.04	 2	 -42.2799	  173.8299
6.643	 2.54	 2	 -41.6923	  174.3670
6.646	 2.26	 1	 -42.7978	  172.7447
6.647	 2.43	 2	 -42.4236	  173.6553
6.647	 2.33	 2	 -42.3960	  173.2020
6.647	 2.46	 2	 -42.3921	  173.8824
6.647	 2.66	 2	 -42.4280	  173.1885
6.649	 2.42	 1	 -42.0201	  173.7162
6.649	 2.19	 1	 -42.5041	  173.3811
6.650	 2.30	 1	 -41.7034	  174.3121
6.651	 2.38	 3	 -41.7319	  173.9011
6.652	 3.12	 1	 -42.3697	  174.0115
6.652	 2.01	 1	 -42.3868	  173.2777
6.652	 2.10	 1	 -41.6907	  174.2350
6.654	 2.47	 1	 -42.0337	  173.4222
6.655	 2.45	 1	 -43.5086	  173.2468
6.657	 3.35	 2	 -42.0752	  173.4457
6.657	 2.53	 1	 -44.1748	  173.2282
6.657	 2.51	 1	 -42.3867	  173.8509
6.659	 2.42	 2	 -41.6453	  174.4693
6.661	 2.29	 1	 -38.9539	  169.6230
6.662	 2.31	 1	 -42.3682	  173.7196
6.662	 3.20	 2	 -42.6449	  172.8681
6.663	 2.18	 2	 -42.4562	  173.4503
6.665	 3.14	 2	 -42.5943	  174.3091
6.665	 2.45	 1	 -42.5158	  173.2915
6.665	 2.12	 1	 -41.6829	  174.2679
6.666	 2.03	 1	 -42.5029	  173.0168
6.666	 2.44	 2	 -42.1995	  173.5898
6.671	 2.08	 1	 -42.5316	  173.1206
6.671	 2.37	 2	 -41.6863	  174.1438
6.672	 2.27	 1	 -42.3726	  173.8823
6.673	 2.56	 1	 -42.2746	  173.6741
6.674	 2.88	 1	 -42.5909	  173.8974
6.674	 2.17	 3	 -42.9372	  174.3193
6.676	 2.07	 2	 -42.3911	  173.7442
6.676	 2.17	 1	 -41.9247	  174.1311
6.676	 2.41	 2	 -41.7821	  173.9958
6.677	 2.55	 1	 -42.2786	  174.1759
6.678	 2.72	 2	 -42.3986	  173.9153
6.678	 2.04	 1	 -42.2072	  173.5572
6.679	 2.31	 1	 -42.4073	  173.3167
6.679	 2.10	 2	 -42.2843	  173.9348
6.679	 3.06	 1	 -42.1573	  173.3359
6.680	 2.10	 1	 -42.3944	  173.5866
6.681	 3.00	 3	 -42.5049	  173.0344
6.681	 2.33	 1	 -42.1651	  173.4610
6.682	 2.64	 1	 -42.6629	  172.9494
6.683	 2.79	 1	 -42.2125	  173.7910
6.684	 2.53	 1	 -41.7989	  174.1822
6.687	 2.05	 1	 -42.7372	  173.5287
6.687	 2.45	 3	 -42.6323	  173.4184
6.688	 2.05	 1	 -42.5360	  173.8873
6.688	 2.00	 2	 -42.3515	  173.8750
6.688	 2.58	 1	 -42.0271	  173.5697
6.691	 3.88	 1	 -42.3911	  173.4041
6.692	 2.40	 1	 -42.3482	  173.7282
6.692	 2.77	 1	 -42.2504	  173.4609
6.693	 2.08	 2	 -42.0460	  173.6877
6.693	 4.81	 1	 -42.1531	  173.7804
6.694	 2.11	 1	 -42.1957	  173.6849
6.694	 2.10	 1	 -41.6745	  174.4410
6.694	 2.18	 2	 -42.5999	  172.9140
6.695	 2.41	 1	 -42.0097	  174.6650
6.696	 2.45	 2	 -41.8088	  173.9654
6.696	 2.07	 1	 -41.4514	  174.3544
6.698	 2.34	 2	 -42.1647	  173.6289
6.698	 2.02	 1	 -42.4874	  173.0864
6.699	 3.33	 1	 -42.5156	  173.2581
6.699	 2.03	 2	 -42.1359	  173.7843
6.700	 2.35	 2	 -43.2671	  169.3505
6.700	 2.53	 2	 -42.4100	  173.2322
6.702	 2.15	 2	 -42.4638	  173.4596
6.703	 2.36	 3	 -42.6305	  173.4577
6.703	 2.36	 1	 -42.7340	  173.6542
6.703	 2.18	 1	 -41.9096	  173.7033
6.705	 2.71	 1	 -42.0510	  173.7335
6.706	 2.98	 1	 -41.8305	  173.8319
6.707	 2.67	 1	 -42.2653	  173.6545
6.708	 2.59	 1	 -41.7065	  173.9647
6.708	 2.19	 1	 -42.2357	  179.7381
6.710	 2.23	 1	 -42.1443	  174.0391
6.711	 2.79	 3	 -41.7564	  173.9290
6.711	 2.36	 5	 -41.7698	  174.4091
6.713	 2.06	 1	 -42.0869	  173.7159
6.713	 2.13	 1	 -42.1118	  173.8673
6.716	 2.96	 1	 -42.7281	  172.8996
6.717	 2.26	 1	 -42.3264	  173.9438
6.718	 2.15	 2	 -42.3764	  173.8265
6.719	 3.02	 1	 -41.9649	  174.0240
6.720	 3.07	 1	 -41.6601	  174.2776
6.723	 2.06	 2	 -42.1997	  173.7556
6.724	 2.49	 1	 -42.5369	  172.6142
6.725	 2.03	 2	 -41.9626	  173.6405
6.725	 2.70	 1	 -42.4997	  173.1686
6.726	 2.89	 1	 -41.8586	  174.3104
6.727	 2.83	 1	 -42.3510	  174.0077
6.727	 2.36	 2	 -41.7037	  174.3119
6.728	 3.05	 2	 -42.4391	  173.4982
6.729	 2.31	 1	 -42.0754	  172.9181
6.730	 3.64	 1	 -42.2535	  173.6249
6.730	 2.22	 1	 -42.4829	  173.0629
6.730	 2.40	 1	 -42.5286	  173.2104
6.735	 2.38	 1	 -41.9208	  174.0942
6.736	 2.45	 1	 -42.0899	  173.7726
6.736	 2.03	 2	 -42.3288	  173.8951
6.738	 2.07	 1	 -42.6356	  173.2298
6.738	 2.09	 1	 -41.5077	  172.6346
6.739	 2.85	 2	 -42.5375	  173.1523
6.740	 2.02	 3	 -42.0855	  173.5071
6.742	 2.37	 1	 -42.2556	  173.8686
6.742	 2.11	 2	 -42.2033	  173.5358
6.742	 3.05	 1	 -42.7353	  173.1891
6.743	 2.87	 1	 -41.7134	  174.3715
6.744	 3.18	 2	 -44.1765	  173.2246
6.744	 2.14	 1	 -42.0785	  173.6553
6.744	 2.12	 2	 -42.2593	  174.7013
6.745	 2.31	 1	 -42.6657	  172.6522
6.745	 2.04	 1	 -42.7781	  172.8455
6.746	 2.03	 1	 -42.4563	  173.3195
6.746	 2.13	 1	 -42.3636	  173.5230
6.753	 2.69	 1	 -41.7129	  174.3868
6.753	 3.71	 1	 -42.4642	  173.9199
6.753	 2.25	 1	 -42.5158	  172.9737
6.754	 3.35	 3	 -42.0545	  173.5434
6.755	 4.00	 1	 -41.9983	  173.5885
6.755	 3.46	 1	 -41.7780	  174.2451
6.756	 2.66	 2	 -42.3265	  173.9165
6.756	 2.35	 1	 -42.7328	  173.0364
6.756	 2.10	 2	 -42.4902	  173.0189
6.756	 2.17	 1	 -42.5666	  173.3041
6.757	 2.99	 1	 -41.8066	  174.1112
6.757	 3.80	 4	 -43.0305	  174.6438
6.760	 2.19	 1	 -43.0810	  172.8165
6.761	 2.07	 2	 -42.1976	  173.8228
6.761	 2.37	 2	 -43.0656	  173.0842
6.762	 2.20	 2	 -41.7339	  173.8999
6.764	 2.24	 5	 -42.3696	  174.0116
6.764	 2.29	 2	 -42.7332	  173.6556
6.764	 2.36	 1	 -42.5956	  173.0869
6.765	 2.11	 1	 -42.3579	  173.7036
6.766	 2.04	 1	 -42.5861	  173.8243
6.769	 2.19	 2	 -41.6706	  174.3751
6.770	 2.05	 2	 -41.7524	  174.2711
6.770	 2.21	 1	 -42.4825	  173.2395
6.771	 2.04	 1	 -42.7109	  172.8555
6.771	 3.67	 1	 -42.5918	  173.2989
6.772	 2.13	 1	 -41.9734	  173.6178
6.772	 2.53	 1	 -42.2368	  173.6395
6.773	 2.73	 2	 -42.6969	  172.7825
6.773	 2.22	 2	 -42.4035	  173.1911
6.774	 2.28	 1	 -42.5584	  173.3429
6.774	 2.63	 1	 -42.5207	  173.3842
6.774	 2.56	 2	 -42.2095	  173.9478
6.774	 2.30	 1	 -42.0503	  173.6377
6.775	 2.40	 1	 -42.4007	  173.5727
6.775	 2.31	 2	 -42.2774	  173.9364
6.776	 2.66	 1	 -41.7675	  174.2685
6.777	 3.36	 2	 -43.2959	  173.6901
6.777	 2.68	 2	 -41.6770	  174.4928
6.779	 2.20	 2	 -42.3582	  173.8481
6.780	 2.38	 2	 -41.5544	  174.3628
6.781	 2.63	 3	 -42.4346	  173.1663
6.781	 2.32	 1	 -41.8665	  175.1288
6.781	 2.13	 1	 -41.8034	  174.1596
6.782	 2.51	 1	 -42.0582	  173.9162
6.783	 2.59	 1	 -42.4111	  174.0195
6.784	 3.02	 2	 -42.4149	  173.7834
6.784	 3.61	 1	 -42.4882	  173.1003
6.786	 2.62	 2	 -42.0836	  173.6377
6.786	 2.38	 2	 -42.2590	  173.6772
6.787	 2.19	 3	 -41.7955	  174.0077
6.788	 2.77	 1	 -42.5917	  173.6185
6.789	 2.11	 2	 -41.3872	  173.8830
6.790	 2.05	 1	 -41.7163	  174.2110
6.792	 2.34	 1	 -42.6798	  172.9899
6.792	 2.15	 2	 -41.6584	  174.4761
6.794	 2.22	 1	 -42.2355	  173.7306
6.794	 3.15	 1	 -42.0233	  174.1345
6.794	 2.12	 2	 -41.6466	  174.4478
6.796	 2.27	 1	 -42.3952	  174.2234
6.796	 2.93	 1	 -42.0634	  172.6141
6.796	 2.29	 1	 -41.9942	  173.6827
6.796	 2.44	 2	 -42.7407	  173.5958
6.797	 2.17	 3	 -42.5133	  174.7301
6.798	 2.31	 2	 -43.3177	  174.1902
6.799	 2.45	 3	 -42.0870	  173.6038
6.800	 2.27	 1	 -40.8208	  173.6948
6.800	 2.43	 2	 -42.4525	  173.1206
6.800	 2.15	 1	 -42.1373	  173.6308
6.801	 2.01	 1	 -41.6075	  172.6446
6.801	 2.09	 4	 -41.7527	  173.8391
6.804	 2.76	 2	 -42.6054	  172.0941
6.806	 2.57	 1	 -42.5883	  173.0555
6.807	 2.52	 1	 -42.5552	  173.2236
6.807	 2.71	 1	 -42.4949	  173.1614
6.809	 2.31	 2	 -43.0542	  173.0900
6.809	 2.20	 1	 -42.3948	  173.8103
6.811	 2.39	 1	 -42.1707	  173.4215
6.812	 2.32	 2	 -41.9778	  173.9134
6.812	 2.08	 2	 -42.6845	  172.6581
6.813	 3.21	 2	 -42.3619	  173.8427
6.814	 2.52	 2	 -42.1510	  173.7933
6.814	 2.41	 1	 -41.6448	  174.2788
6.816	 2.10	 1	 -41.8153	  174.1325
6.817	 2.40	 1	 -41.7150	  174.2448
6.817	 2.36	 1	 -41.8191	  172.9925
6.818	 2.05	 2	 -41.6585	  174.3542
6.819	 2.24	 1	 -42.1739	  173.8569
6.819	 2.95	 2	 -41.6879	  174.4424
6.819	 2.16	 1	 -42.7511	  173.1642
6.820	 2.11	 2	 -41.9890	  173.7121
6.821	 2.86	 1	 -42.4268	  173.7299
6.822	 2.21	 1	 -42.5541	  173.3671
6.823	 2.31	 2	 -41.9552	  173.8003
6.826	 2.61	 1	 -42.3503	  174.0096
6.826	 2.00	 1	 -41.8008	  173.9818
6.827	 3.08	 2	 -41.6688	  174.3849
6.828	 2.31	 2	 -41.6664	  174.4105
6.830	 2.10	 1	 -41.6911	  174.2752
6.830	 2.08	 1	 -42.3568	  173.1241
6.831	 2.75	 2	 -42.3892	  173.3077
6.832	 2.24	 1	 -42.4001	  173.9869
6.834	 2.09	 1	 -43.2407	  172.7871
6.834	 2.20	 2	 -42.4794	  173.1087
6.835	 2.20	 2	 -42.4791	  173.3334
6.837	 2.04	 1	 -42.5443	  173.0608
6.840	 2.46	 1	 -41.7066	  174.3289
6.841	 2.79	 2	 -42.1551	  173.7584
6.843	 2.13	 3	 -42.5277	  173.2055
6.846	 2.90	 2	 -42.3369	  173.7808
6.846	 3.20	 2	 -41.7870	  174.5583
6.847	 2.25	 2	 -42.5511	  173.3639
6.848	 2.61	 1	 -42.3968	  173.0920
6.848	 2.22	 2	 -42.6466	  173.0887
6.850	 2.40	 2	 -42.3150	  173.6800
6.851	 2.05	 1	 -42.7318	  172.9692
6.852	 2.14	 1	 -42.9106	  173.0287
6.854	 3.00	 1	 -42.1170	  174.2261
6.854	 2.17	 2	 -41.7414	  174.2501
6.855	 2.08	 5	 -42.3889	  174.0179
6.856	 2.64	 1	 -42.5317	  173.2345
6.856	 2.21	 1	 -41.7475	  174.1228
6.857	 3.10	 3	 -43.2432	  174.4900
6.858	 2.26	 1	 -42.8991	  172.8013
6.859	 2.35	 1	 -42.3577	  173.5167
6.860	 2.05	 1	 -41.7946	  174.1558
6.862	 2.49	 1	 -42.8933	  173.4249
6.865	 2.04	 1	 -42.3530	  173.1089
6.872	 2.04	 5	 -43.0230	  174.6557
6.874	 2.73	 2	 -42.1351	  173.7891
6.875	 2.10	 1	 -42.4900	  173.0072
6.880	 2.43	 2	 -42.4573	  173.4394
6.881	 2.08	 1	 -41.9722	  178.8565
6.882	 2.61	 1	 -41.7447	  174.3034
6.882	 2.68	 1	 -42.4220	  173.3810
6.883	 2.45	 2	 -42.4281	  173.7661
6.883	 2.03	 1	 -41.6984	  174.2851
6.884	 3.28	 1	 -42.4897	  173.7763
6.885	 2.10	 1	 -39.7172	  175.2809
6.885	 2.72	 1	 -41.6168	  174.2101
6.886	 2.30	 2	 -42.3330	  173.7164
6.887	 2.22	 1	 -42.3304	  173.5306
6.887	 2.25	 1	 -42.3468	  173.5287
6.889	 3.22	 1	 -41.7719	  174.1788
6.891	 2.20	 1	 -41.7548	  174.2889
6.892	 3.05	 1	 -42.6257	  173.0433
6.895	 2.02	 2	 -41.7830	  173.2997
6.896	 2.15	 1	 -39.7897	  175.6275
6.899	 2.41	 2	 -42.3538	  173.7011
6.900	 3.02	 2	 -42.1648	  173.7760
6.900	 2.55	 1	 -42.0662	  173.7284
6.901	 2.15	 2	 -42.4688	  173.1083
6.902	 2.39	 1	 -41.7009	  174.2255
6.902	 2.88	 1	 -42.5719	  173.9806
6.903	 2.13	 2	 -41.7537	  174.2427
6.903	 3.37	 2	 -43.0514	  173.0573
6.904	 2.54	 1	 -42.1815	  173.7492
6.906	 2.28	 1	 -41.8244	  174.2205
6.907	 2.65	 1	 -41.7197	  174.2297
6.908	 2.24	 1	 -42.7610	  172.7647
6.909	 2.09	 1	 -42.4160	  173.3279
6.909	 2.13	 2	 -41.7140	  174.2062
6.910	 2.19	 2	 -42.3383	  173.3737
6.911	 2.37	 1	 -41.6938	  174.3407
6.911	 2.85	 1	 -41.8183	  174.2854
6.912	 2.46	 1	 -42.6414	  172.9277
6.912	 2.09	 2	 -42.3583	  173.8902
6.913	 2.08	 1	 -45.3682	  172.1177
6.914	 2.46	 2	 -42.3851	  173.5191
6.914	 2.25	 2	 -42.1319	  173.5397
6.917	 2.04	 1	 -41.7018	  174.1805
6.920	 2.81	 1	 -42.0140	  173.6457
6.920	 2.32	 1	 -42.4910	  173.1304
6.921	 3.06	 1	 -41.6817	  174.2148
6.921	 2.15	 2	 -42.1509	  173.7681
6.921	 2.54	 1	 -42.4097	  173.1893
6.921	 2.46	 1	 -41.7979	  174.2085
6.922	 2.33	 1	 -41.8320	  173.7040
6.923	 2.55	 1	 -42.4985	  173.1942
6.924	 2.11	 1	 -42.1344	  173.0889
6.924	 2.23	 1	 -42.6301	  173.0790
6.925	 2.26	 1	 -42.2797	  173.4675
6.925	 2.05	 1	 -41.7107	  174.3110
6.926	 2.36	 1	 -42.6991	  172.6914
6.927	 2.15	 1	 -41.7918	  174.2040
6.928	 2.23	 3	 -42.4151	  173.0890
6.929	 2.64	 1	 -41.8510	  174.4078
6.930	 2.09	 1	 -42.0408	  173.8550
6.939	 2.31	 1	 -42.4350	  173.6453
6.941	 2.47	 2	 -41.9536	  173.6613
6.942	 3.27	 2	 -42.4245	  173.3311
6.942	 3.19	 1	 -42.3150	  173.6082
6.943	 2.91	 3	 -42.6661	  172.8955
6.944	 2.12	 1	 -42.1196	  173.6880
6.944	 2.34	 2	 -42.1139	  173.8202
6.945	 2.11	 2	 -42.4701	  173.0490
6.945	 2.96	 1	 -41.9604	  173.9840
6.947	 2.56	 1	 -42.4490	  173.7373
6.947	 2.13	 1	 -41.8617	  173.9478
6.947	 2.83	 1	 -42.3182	  173.6973
6.949	 2.02	 1	 -42.1472	  173.5706
6.950	 2.59	 1	 -42.2192	  173.5786
6.950	 2.23	 2	 -42.0137	  174.6259
6.950	 2.12	 1	 -42.1999	  173.5380
6.951	 2.23	 5	 -43.0064	  174.6195
6.951	 4.47	 1	 -42.3289	  173.7796
6.952	 2.18	 1	 -42.0142	  173.8672
6.952	 2.02	 2	 -42.2144	  173.7552
6.953	 3.11	 1	 -41.6783	  174.2393
6.954	 4.23	 2	 -42.4492	  173.1413
6.955	 2.07	 2	 -42.1126	  173.8059
6.957	 2.29	 1	 -41.7354	  174.2826
6.957	 2.11	 3	 -41.8429	  174.1289
6.958	 2.14	 1	 -44.2989	  172.2071
6.958	 2.09	 1	 -42.3117	  173.7528
6.959	 2.21	 1	 -42.6743	  172.7902
6.961	 2.03	 2	 -41.9165	  173.9280
6.961	 2.11	 1	 -42.8794	  174.1611
6.962	 2.47	 1	 -41.6947	  174.2013
6.963	 2.49	 2	 -42.1372	  173.7617
6.963	 2.25	 1	 -42.4816	  173.2328
6.963	 2.58	 1	 -42.4332	  172.3817
6.966	 2.12	 1	 -42.1889	  173.6786
6.967	 2.37	 1	 -42.3803	  172.8852
6.968	 2.08	 1	 -41.8190	  173.0953
6.970	 2.02	 2	 -42.3805	  173.2551
6.972	 2.02	 1	 -42.0480	  173.4371
6.975	 2.28	 4	 -42.0588	  173.5363
6.976	 2.07	 1	 -42.5027	  172.9696
6.978	 2.02	 1	 -42.7161	  172.9371
6.978	 2.35	 1	 -42.3538	  173.8924
6.980	 2.48	 1	 -43.9419	  173.3620
6.980	 2.04	 1	 -42.2656	  172.8074
6.981	 2.25	 1	 -41.7473	  174.1021
6.982	 2.53	 3	 -43.1201	  174.5768
6.982	 2.02	 3	 -42.4211	  173.9471
6.983	 2.43	 1	 -42.0170	  174.0849
6.986	 2.32	 1	 -41.7325	  174.2246
6.986	 2.20	 1	 -41.7346	  174.3408
6.986	 2.31	 1	 -42.0863	  173.6160
6.986	 2.30	 2	 -42.3356	  173.7710
6.986	 2.56	 2	 -41.7329	  174.2242
6.986	 2.15	 4	 -41.6410	  174.2155
6.987	 2.56	 1	 -42.4049	  173.9986
6.987	 2.63	 2	 -41.7427	  174.2990
6.987	 2.04	 1	 -42.3419	  174.0521
6.990	 3.11	 1	 -41.9337	  174.1491
6.992	 2.10	 1	 -41.7343	  174.3924
6.992	 2.10	 1	 -41.7708	  174.2616
6.992	 2.13	 2	 -42.6137	  173.1219
6.994	 2.29	 1	 -41.8859	  173.2879
6.995	 2.01	 1	 -41.7198	  173.6660
6.998	 2.06	 2	 -42.3646	  173.7956
6.999	 2.33	 1	 -42.2637	  173.8580
7.000	 2.08	 1	 -42.0406	  173.7346
7.000	 2.21	 1	 -41.4511	  173.2910
7.001	 2.65	 1	 -41.7795	  174.2525
7.002	 2.43	 3	 -42.6328	  173.4595
7.002	 2.19	 2	 -42.6749	  173.9468
7.004	 2.34	 2	 -42.6778	  172.7824
7.005	 2.14	 1	 -42.4378	  173.2627
7.007	 3.46	 2	 -42.3120	  173.8035
7.008	 3.15	 1	 -42.1310	  173.4593
7.013	 2.38	 1	 -41.7862	  174.4216
7.013	 2.72	 3	 -43.0383	  173.1038
7.017	 2.09	 1	 -42.3895	  172.8346
7.018	 2.07	 1	 -42.2479	  173.8563
7.018	 2.72	 1	 -42.5014	  172.9268
7.019	 2.65	 3	 -42.5609	  173.1222
7.019	 2.12	 1	 -42.5009	  173.0841
7.021	 2.35	 1	 -42.6732	  172.7942
7.021	 2.82	 2	 -42.0203	  173.6422
7.023	 2.01	 1	 -42.6012	  172.9871
7.024	 2.47	 1	 -41.7033	  174.1349
7.024	 2.08	 2	 -42.2976	  173.9086
7.025	 2.96	 1	 -42.0419	  173.1462
7.029	 2.08	 2	 -43.0273	  173.1611
7.030	 2.72	 2	 -42.4117	  173.5440
7.030	 2.50	 1	 -42.3801	  173.5612
7.035	 2.34	 1	 -42.2126	  173.7146
7.036	 2.83	 1	 -42.5265	  173.2100
7.036	 4.24	 1	 -42.9302	  172.8169
7.038	 2.09	 2	 -42.4267	  173.5331
7.039	 2.38	 1	 -42.9572	  173.2202
7.040	 2.07	 2	 -42.1387	  173.2768
7.040	 2.03	 1	 -42.1901	  173.7991
7.041	 2.83	 1	 -42.4192	  173.8345
7.042	 2.09	 2	 -41.6285	  174.3911
7.042	 2.38	 1	 -42.2592	  173.6022
7.043	 2.18	 1	 -41.7660	  173.5479
7.043	 2.50	 1	 -40.3364	  172.3168
7.044	 2.50	 1	 -42.3642	  173.8157
7.044	 2.44	 1	 -42.1739	  173.6647
7.045	 2.02	 3	 -42.3004	  173.2145
7.045	 2.21	 1	 -41.8807	  173.8640
7.046	 2.06	 1	 -42.4414	  173.8681
7.048	 2.22	 1	 -42.3917	  173.1266
7.049	 3.64	 2	 -42.3624	  173.8793
7.049	 2.40	 3	 -42.4132	  173.9272
7.050	 2.29	 1	 -42.7625	  172.7283
7.050	 2.04	 1	 -42.3966	  173.8541
7.051	 3.00	 1	 -42.8320	  173.1052
7.051	 2.00	 1	 -41.7661	  174.2994
7.052	 2.71	 2	 -42.3207	  173.9102
7.053	 2.42	 2	 -41.8717	  173.1103
7.053	 3.12	 1	 -42.3791	  173.9912
7.053	 2.02	 2	 -42.6997	  173.1399
7.054	 3.76	 1	 -42.3284	  173.7489
7.057	 2.58	 1	 -41.7866	  174.2176
7.058	 2.16	 2	 -41.9454	  173.7530
7.060	 2.37	 1	 -42.5099	  172.9366
7.062	 3.15	 3	 -43.0867	  172.9816
7.063	 2.79	 3	 -42.4121	  173.7433
7.064	 2.18	 2	 -42.4447	  173.1968
7.066	 2.11	 2	 -42.4074	  174.6334
7.066	 2.11	 1	 -42.2806	  173.6411
7.067	 2.43	 2	 -41.9292	  173.9248
7.070	 2.51	 1	 -42.4639	  173.1085
7.070	 2.26	 1	 -42.6564	  173.8835
7.071	 2.54	 1	 -42.4124	  172.9920
7.071	 2.49	 1	 -41.8258	  174.1697
7.071	 2.02	 3	 -42.4316	  173.6994
7.072	 2.34	 2	 -42.5508	  173.7387
7.073	 2.83	 3	 -43.1221	  174.5913
7.073	 2.09	 1	 -41.7075	  174.0637
7.073	 2.12	 1	 -41.6947	  174.2743
7.077	 2.35	 3	 -42.3839	  173.8383
7.080	 2.55	 1	 -43.9985	  168.2254
7.081	 2.39	 1	 -42.3038	  172.8963
7.081	 2.37	 2	 -41.6881	  174.4797
7.081	 2.16	 1	 -42.6544	  172.8346
7.082	 2.30	 3	 -41.7053	  174.9920
7.082	 2.07	 2	 -42.9181	  172.7955
7.082	 2.38	 2	 -42.3440	  173.8128
7.086	 2.52	 2	 -42.3462	  173.7818
7.087	 2.42	 2	 -42.2676	  173.9455
7.087	 2.16	 2	 -42.5728	  173.1277
7.088	 3.26	 1	 -42.0613	  174.1364
7.089	 2.64	 4	 -43.0606	  174.7018
7.090	 2.02	 2	 -41.7817	  174.1988
7.091	 2.85	 1	 -42.1895	  173.6836
7.091	 2.18	 1	 -42.2682	  173.6235
7.092	 2.10	 1	 -42.8012	  172.9875
7.092	 2.24	 3	 -42.4344	  173.0063
7.092	 2.10	 1	 -41.7858	  174.3992
7.094	 2.72	 1	 -42.2502	  173.7689
7.095	 2.29	 1	 -45.7255	  177.7692
7.096	 2.06	 1	 -41.7331	  174.2343
7.096	 2.96	 2	 -42.9269	  172.8192
7.097	 2.17	 2	 -42.1475	  173.7217
7.097	 2.03	 1	 -41.9284	  174.1361
7.098	 2.16	 1	 -41.9350	  174.1369
7.098	 2.58	 1	 -42.3748	  173.8260
7.098	 2.46	 2	 -42.8710	  174.0282
7.100	 2.38	 2	 -41.4639	  174.6226
7.100	 2.08	 3	 -42.4028	  173.2239
7.101	 3.14	 2	 -42.4302	  173.0813
7.102	 2.11	 2	 -42.1082	  173.8317
7.105	 2.42	 2	 -42.5050	  173.1291
7.106	 2.50	 1	 -41.5944	  173.6881
7.108	 3.00	 1	 -41.6941	  174.2858
7.109	 2.26	 1	 -41.7939	  174.2975
7.109	 2.56	 1	 -42.2709	  173.7195
7.111	 2.11	 1	 -42.5609	  172.9167
7.112	 3.29	 2	 -42.4050	  173.4931
7.112	 2.08	 2	 -41.9359	  174.1467
7.113	 2.04	 1	 -42.4642	  173.0605
7.113	 2.83	 2	 -42.2217	  173.6832
7.115	 2.69	 3	 -42.2861	  173.6344
7.117	 2.72	 3	 -42.6804	  172.8242
7.118	 2.21	 2	 -42.0436	  173.1354
7.118	 2.11	 1	 -42.0200	  173.8000
7.119	 2.26	 2	 -42.1776	  173.8474
7.120	 2.01	 1	 -42.3746	  173.8400
7.121	 2.05	 1	 -42.7512	  173.0571
7.122	 2.02	 2	 -41.8054	  174.0080
7.122	 2.23	 2	 -41.7155	  174.2913
7.122	 2.29	 1	 -42.6775	  173.1652
7.123	 2.51	 1	 -41.7002	  174.1147
7.124	 2.65	 2	 -41.6750	  174.4704
7.126	 2.04	 2	 -42.7915	  173.7633
7.129	 2.67	 1	 -42.1805	  173.6360
7.131	 3.29	 3	 -42.3864	  173.9068
7.133	 3.15	 3	 -44.1786	  173.2304
7.133	 2.66	 1	 -41.9024	  167.6634
7.134	 2.06	 1	 -42.2434	  174.1776
7.135	 2.04	 1	 -41.9799	  173.7182
7.137	 2.70	 3	 -42.3592	  173.3593
7.138	 2.15	 1	 -42.4624	  173.0783
7.138	 2.36	 2	 -43.0026	  172.9339
7.138	 2.57	 1	 -42.5592	  173.0457
7.138	 3.05	 1	 -41.8682	  173.8567
7.139	 2.02	 1	 -41.7145	  174.1850
7.139	 2.93	 2	 -41.9882	  174.4477
7.139	 2.70	 1	 -42.3862	  173.8124
7.140	 2.23	 1	 -42.4100	  172.7350
7.141	 2.04	 1	 -42.4258	  173.1440
7.141	 2.85	 2	 -42.2990	  173.8022
7.141	 2.17	 4	 -41.7610	  173.8224
7.142	 2.40	 1	 -41.6729	  174.1973
7.143	 2.24	 1	 -42.4225	  173.5335
7.143	 2.08	 2	 -42.1432	  173.7899
7.143	 2.02	 1	 -42.1132	  173.9761
7.144	 2.38	 2	 -42.1009	  173.7964
7.144	 2.51	 2	 -42.2929	  172.8703
7.145	 2.22	 1	 -42.5641	  173.3228
7.147	 2.33	 1	 -42.3338	  173.8601
7.150	 3.24	 3	 -42.6272	  173.4457
7.150	 2.32	 1	 -41.6735	  174.2425
7.151	 3.47	 2	 -41.7981	  174.1775
7.151	 2.11	 1	 -41.9875	  173.7401
7.152	 3.23	 2	 -42.3854	  173.8444
7.152	 2.25	 2	 -42.2960	  173.8298
7.154	 2.11	 2	 -42.0580	  173.0136
7.154	 2.23	 1	 -42.1998	  172.7811
7.158	 2.34	 4	 -43.9844	  173.4497
7.159	 3.09	 3	 -41.7135	  174.3368
7.161	 2.30	 1	 -41.6717	  171.9437
7.161	 2.22	 1	 -42.4022	  173.9705
7.161	 2.03	 1	 -41.6650	  174.4610
7.162	 2.56	 3	 -41.7873	  174.5558
7.163	 2.44	 1	 -42.2506	  173.7253
7.167	 2.84	 3	 -41.6748	  174.3634
7.168	 2.10	 1	 -41.6543	  174.1882
7.168	 2.64	 1	 -42.3940	  173.8660
7.170	 2.25	 2	 -42.4473	  173.7429
7.170	 2.90	 2	 -42.6156	  173.2707
7.171	 3.25	 1	 -41.5153	  174.0580
7.173	 2.04	 2	 -42.1877	  173.4961
7.174	 2.32	 1	 -42.6801	  172.8334
7.178	 3.43	 2	 -41.9843	  173.5815
7.178	 2.26	 3	 -43.1082	  174.6219
7.178	 3.42	 2	 -42.4628	  173.1621
7.179	 3.23	 1	 -41.7173	  174.3130
7.179	 2.54	 1	 -41.7151	  174.3500
7.180	 2.35	 3	 -42.3214	  173.4508
7.181	 2.45	 1	 -42.5707	  173.0366
7.182	 2.12	 3	 -42.5741	  173.2864
7.183	 2.13	 1	 -42.3702	  174.2334
7.187	 2.22	 1	 -41.0609	  175.1617
7.187	 2.34	 2	 -42.3077	  173.9471
7.188	 2.36	 5	 -45.2854	  173.4493
7.193	 2.03	 1	 -41.6716	  174.1760
7.194	 2.91	 1	 -43.9332	  168.0727
7.194	 2.24	 1	 -42.3716	  173.9526
7.195	 2.10	 2	 -42.3610	  172.9549
7.195	 2.56	 2	 -41.8997	  174.2049
7.196	 2.13	 1	 -42.2093	  173.7906
7.197	 3.50	 1	 -42.6100	  172.8960
7.198	 2.28	 3	 -42.6479	  172.8753
7.199	 2.76	 1	 -42.0039	  172.6968
7.199	 2.30	 1	 -41.8580	  172.8732
7.200	 2.05	 1	 -42.1363	  173.8173
7.200	 2.68	 2	 -42.7319	  172.9696
7.202	 2.03	 1	 -42.2099	  173.4713
7.203	 2.21	 2	 -41.6530	  174.1612
7.203	 2.24	 1	 -42.4778	  173.3582
7.204	 2.45	 1	 -42.3148	  173.9975
7.205	 2.61	 1	 -42.3825	  173.1251
7.207	 2.23	 1	 -42.6278	  172.8515
7.207	 2.11	 2	 -42.1290	  173.8073
7.208	 2.14	 2	 -42.6013	  172.7085
7.209	 2.07	 1	 -42.8579	  172.7718
7.209	 2.15	 2	 -42.5877	  173.3100
7.210	 2.33	 1	 -44.0444	  176.6097
7.211	 2.17	 1	 -41.7041	  174.3097
7.211	 2.44	 3	 -42.0742	  174.1035
7.213	 2.64	 1	 -42.2289	  173.2551
7.214	 3.19	 2	 -41.6894	  174.6889
7.216	 2.27	 2	 -42.7209	  172.8569
7.217	 2.34	 2	 -42.0280	  173.8518
7.218	 3.49	 5	 -43.0292	  174.6447
7.218	 2.75	 2	 -42.3585	  173.1499
7.218	 2.06	 3	 -42.3970	  173.1824
7.219	 2.06	 2	 -42.1666	  173.5130
7.219	 2.08	 1	 -42.8057	  173.1811
7.221	 2.86	 2	 -42.4741	  173.7374
7.221	 2.14	 1	 -42.4759	  172.7795
7.221	 2.40	 1	 -41.8745	  173.6683
7.222	 2.36	 3	 -42.4656	  173.1497
7.222	 2.70	 1	 -42.4942	  172.9544
7.223	 2.14	 1	 -42.4817	  173.2790
7.223	 2.02	 1	 -42.3113	  173.8642
7.226	 2.23	 1	 -42.0542	  173.6369
7.226	 2.65	 1	 -42.5011	  173.7712
7.226	 2.20	 1	 -41.7859	  174.2213
7.227	 2.60	 2	 -42.9683	  173.3774
7.229	 2.82	 1	 -41.7770	  174.1914
7.229	 2.31	 1	 -41.9921	  173.6860
7.230	 2.54	 1	 -42.2110	  173.7453
7.231	 2.42	 1	 -42.5675	  173.8255
7.237	 2.35	 2	 -42.3319	  173.7935
7.237	 2.04	 2	 -42.4432	  173.8879
7.238	 2.47	 1	 -41.1584	  173.2139
7.239	 2.02	 2	 -41.5672	  174.3947
7.239	 3.53	 3	 -42.4500	  173.1401
7.239	 2.10	 1	 -42.2686	  173.6146
7.239	 2.79	 3	 -43.0604	  173.1226
7.241	 2.80	 3	 -43.1715	  174.8756
7.243	 2.01	 3	 -41.7431	  173.9193
7.243	 2.25	 4	 -42.4503	  173.1436
7.246	 2.44	 1	 -42.9919	  172.8147
7.246	 2.02	 1	 -42.2109	  173.7436
7.249	 3.07	 2	 -41.5213	  174.0344
7.250	 2.05	 3	 -42.3623	  173.8794
7.250	 2.01	 1	 -41.9268	  173.9728
7.252	 3.00	 2	 -42.4057	  173.8914
7.253	 2.20	 1	 -42.9875	  173.3347
7.254	 2.65	 1	 -42.0426	  173.9456
7.254	 2.23	 2	 -42.3165	  173.6045
7.259	 2.02	 1	 -42.8665	  173.3096
7.259	 2.19	 1	 -42.3605	  173.9559
7.261	 2.64	 2	 -42.3872	  173.9196
7.261	 2.56	 1	 -41.6966	  174.2112
7.261	 3.36	 1	 -42.5822	  172.7502
7.262	 2.05	 1	 -43.0351	  172.9781
7.263	 2.39	 1	 -42.7526	  172.9838
7.263	 2.22	 1	 -42.3685	  173.7223
7.264	 2.81	 1	 -42.6484	  172.7752
7.264	 2.86	 1	 -42.8177	  172.6088
7.265	 2.01	 1	 -41.7130	  174.4796
7.266	 2.40	 1	 -41.4831	  174.2503
7.269	 3.08	 1	 -42.1987	  173.2964
7.270	 2.33	 1	 -42.4041	  173.1520
7.272	 2.02	 1	 -41.7141	  174.3763
7.275	 2.30	 2	 -41.8830	  173.6597
7.276	 2.17	 2	 -41.8055	  174.1828
7.278	 2.03	 2	 -41.7659	  174.5037
7.278	 2.91	 2	 -42.4332	  173.1490
7.280	 2.15	 1	 -42.4435	  173.7764
7.281	 2.34	 1	 -42.4665	  173.4416
7.283	 2.41	 1	 -42.6190	  172.9811
7.283	 2.25	 1	 -42.6979	  172.7887
7.284	 2.32	 1	 -41.5475	  174.8694
7.285	 3.30	 2	 -42.5370	  173.1269
7.285	 2.54	 2	 -41.7622	  173.3250
7.286	 2.33	 1	 -41.9586	  173.7657
7.287	 2.18	 1	 -42.2774	  174.0006
7.288	 2.34	 5	 -42.3670	  174.0191
7.288	 2.92	 2	 -42.0171	  173.6847
7.290	 2.68	 1	 -42.4304	  174.1035
7.297	 2.18	 2	 -41.9052	  167.6646
7.298	 2.63	 1	 -41.8403	  174.2564
7.299	 2.29	 1	 -42.2123	  174.0735
7.300	 2.17	 1	 -42.4852	  172.7840
7.301	 2.15	 1	 -41.6876	  174.2223
7.301	 4.75	 2	 -42.1909	  173.7948
7.302	 2.16	 1	 -41.9414	  173.6726
7.303	 2.32	 1	 -42.1791	  173.3611
7.303	 4.03	 3	 -42.5987	  173.2542
7.304	 2.35	 1	 -41.7439	  174.2262
7.305	 2.14	 1	 -42.5910	  172.6971
7.306	 2.03	 1	 -42.9720	  172.5717
7.306	 2.18	 1	 -42.2242	  173.7097
7.306	 2.05	 1	 -42.5965	  172.9012
7.306	 2.69	 2	 -39.6714	  169.0643
7.309	 2.06	 3	 -43.6667	  175.2430
7.309	 2.33	 1	 -41.6380	  174.2738
7.311	 2.04	 1	 -42.5929	  173.3286
7.311	 2.44	 1	 -42.2441	  173.6359
7.312	 2.66	 1	 -41.6515	  174.3288
7.312	 2.58	 1	 -41.6932	  174.2717
7.314	 2.19	 4	 -42.3621	  173.3626
7.315	 2.18	 1	 -43.1865	  172.0064
7.315	 2.96	 1	 -42.2864	  173.8419
7.316	 2.97	 2	 -44.8158	  173.9432
7.316	 2.20	 1	 -43.6216	  171.9141
7.316	 2.32	 1	 -42.3197	  173.8340
7.317	 2.09	 3	 -41.9489	  173.6993
7.317	 3.64	 1	 -41.9817	  173.6672
7.318	 2.16	 1	 -42.4085	  173.8145
7.320	 2.27	 3	 -42.2359	  173.6959
7.321	 2.55	 3	 -43.1287	  174.5950
7.321	 2.09	 1	 -41.9511	  173.5309
7.323	 2.86	 1	 -42.2328	  173.6504
7.324	 2.02	 2	 -41.7306	  173.7224
7.325	 2.29	 1	 -42.1663	  173.6166
7.326	 2.23	 3	 -42.4581	  173.1671
7.328	 3.03	 2	 -42.4696	  174.6562
7.329	 2.67	 1	 -42.3621	  173.8765
7.329	 2.38	 2	 -42.1507	  173.7792
7.331	 2.05	 1	 -41.7325	  174.2748
7.331	 2.03	 1	 -41.8917	  173.3233
7.331	 2.04	 1	 -42.4358	  173.5972
7.332	 2.00	 2	 -42.1614	  173.4492
7.333	 2.01	 1	 -43.2617	  173.6307
7.335	 2.24	 3	 -41.7939	  174.1582
7.335	 2.24	 1	 -42.2946	  173.8058
7.336	 2.19	 1	 -41.7377	  174.3452
7.338	 2.21	 1	 -42.6559	  172.9831
7.339	 2.01	 1	 -42.0140	  173.4853
7.339	 2.40	 1	 -42.7023	  172.8040
7.340	 2.22	 1	 -42.6670	  173.0393
7.341	 2.01	 4	 -43.0482	  173.0984
7.342	 2.77	 1	 -42.6138	  172.8780
7.342	 2.18	 1	 -41.9677	  174.2601
7.343	 2.12	 2	 -42.1966	  174.1177
7.343	 2.42	 1	 -42.5165	  173.3744
7.345	 2.17	 1	 -41.6057	  174.5011
7.345	 2.49	 1	 -42.2956	  173.6199
7.347	 2.14	 1	 -41.8484	  174.3004
7.347	 2.16	 4	 -43.0870	  172.9840
7.351	 2.03	 2	 -41.7737	  174.1783
7.353	 2.47	 1	 -42.6766	  172.7113
7.353	 2.34	 1	 -42.0241	  173.6984
7.354	 2.85	 1	 -42.1841	  173.6339
7.354	 2.84	 1	 -42.5835	  173.5090
7.356	 2.69	 1	 -41.5705	  174.2720
7.356	 2.76	 1	 -42.1981	  173.5688
7.357	 2.23	 1	 -41.8870	  174.0447
7.358	 2.12	 1	 -42.3266	  173.9613
7.358	 3.34	 1	 -41.7071	  174.3508
7.360	 2.34	 2	 -42.4452	  172.9954
7.361	 2.10	 2	 -42.6088	  172.8950
7.362	 2.13	 1	 -41.7191	  174.2407
7.362	 2.27	 1	 -41.1258	  174.5604
7.364	 2.15	 1	 -42.1534	  173.8579
7.366	 2.27	 1	 -41.9567	  173.5996
7.366	 2.24	 1	 -43.1944	  170.8747
7.367	 3.59	 2	 -41.6807	  174.4709
7.368	 2.59	 2	 -41.7501	  174.1462
7.368	 2.56	 1	 -42.6831	  172.9810
7.368	 2.18	 1	 -42.5191	  173.1689
7.368	 2.52	 2	 -41.6579	  174.4578
7.368	 2.06	 1	 -41.7327	  174.1532
7.368	 2.15	 1	 -42.3753	  172.8884
7.373	 2.43	 1	 -41.7047	  174.1571
7.373	 2.27	 1	 -41.6881	  176.4188
7.374	 2.26	 1	 -41.8492	  174.1556
7.379	 2.18	 2	 -41.8111	  174.1796
7.379	 2.53	 1	 -42.1280	  174.3210
7.380	 2.71	 1	 -42.8148	  173.1368
7.381	 2.34	 1	 -42.1720	  173.9271
7.381	 2.77	 1	 -42.5523	  172.9022
7.383	 2.23	 2	 -41.7073	  174.3010
7.383	 2.26	 3	 -42.3352	  173.5967
7.383	 2.28	 2	 -42.4128	  173.8273
7.388	 2.99	 1	 -42.4248	  173.7243
7.390	 2.40	 1	 -43.7905	  167.0895
7.392	 3.09	 2	 -41.7346	  171.7773
7.392	 2.87	 2	 -42.5028	  173.2766
7.393	 2.20	 1	 -42.6716	  172.8791
7.394	 2.19	 1	 -42.3907	  173.0541
7.395	 2.05	 2	 -41.8598	  174.7194
7.398	 2.31	 1	 -42.1872	  173.6814
7.398	 2.79	 2	 -43.1990	  177.4340
7.401	 2.17	 1	 -42.7397	  172.8237
7.402	 2.56	 1	 -41.5748	  173.9487
7.403	 2.11	 2	 -41.0392	  172.0321
7.403	 2.17	 1	 -42.2188	  173.5648
7.404	 2.26	 1	 -42.3266	  173.9379
7.406	 3.27	 1	 -41.7224	  174.2443
7.406	 2.01	 2	 -42.8300	  173.8488
7.407	 2.59	 3	 -42.1928	  173.7900
7.409	 2.82	 1	 -42.2561	  173.8414
7.409	 2.10	 1	 -42.0635	  173.7623
7.409	 2.36	 1	 -43.0667	  172.8265
7.411	 2.58	 1	 -42.6084	  172.6704
7.412	 3.05	 1	 -42.5525	  172.9795
7.414	 2.23	 1	 -42.6933	  174.0474
7.414	 2.08	 1	 -41.8155	  174.2866
7.416	 2.28	 1	 -42.2415	  173.7007
7.416	 2.27	 1	 -42.2874	  173.6534
7.416	 2.30	 2	 -41.7882	  173.9782
7.420	 3.08	 1	 -41.8309	  173.9328
7.421	 2.00	 3	 -43.1718	  174.6396
7.422	 2.11	 1	 -41.8644	  173.9956
7.425	 2.37	 4	 -42.4794	  173.1323
7.427	 2.54	 1	 -42.1437	  173.5879
7.431	 2.12	 3	 -41.7743	  174.2978
7.432	 2.07	 2	 -42.1039	  173.4982
7.435	 2.85	 1	 -41.7242	  174.3738
7.435	 2.02	 1	 -41.6688	  174.2199
7.437	 2.24	 2	 -41.9486	  173.7818
7.437	 2.17	 1	 -42.0653	  173.8848
7.439	 2.41	 1	 -41.9084	  174.2432
7.439	 2.18	 4	 -42.1938	  173.7903
7.439	 2.00	 2	 -42.2750	  173.7751
7.439	 2.03	 1	 -42.3697	  173.0177
7.439	 2.11	 1	 -42.0604	  173.7839
7.441	 2.39	 2	 -42.4959	  173.1237
7.442	 2.51	 1	 -42.0267	  173.7686
7.443	 3.40	 2	 -42.1699	  173.6644
7.446	 2.82	 2	 -41.5791	  174.2127
7.448	 2.28	 1	 -43.0070	  173.1899
7.451	 2.46	 2	 -41.6788	  174.4550
7.453	 2.88	 1	 -42.0510	  173.7096
7.454	 3.28	 1	 -42.3428	  173.4524
7.458	 2.02	 1	 -42.0698	  173.7552
7.458	 3.00	 2	 -41.7597	  174.3401
7.459	 2.04	 1	 -42.5862	  173.0345
7.460	 2.26	 1	 -42.5578	  173.2025
7.460	 2.05	 3	 -43.1660	  174.6380
7.462	 2.07	 1	 -42.6556	  173.0769
7.463	 3.44	 1	 -42.3813	  173.4000
7.470	 2.48	 2	 -42.4664	  173.2629
7.471	 2.47	 1	 -41.9716	  174.0277
7.471	 2.78	 1	 -42.6059	  173.8885
7.472	 2.09	 3	 -42.0968	  173.6341
7.473	 2.26	 1	 -41.8118	  174.2492
7.474	 2.33	 1	 -42.4872	  173.1177
7.476	 2.11	 1	 -42.0365	  173.3093
7.476	 2.22	 1	 -42.6743	  173.1270
7.478	 2.11	 1	 -41.7836	  174.2419
7.478	 2.18	 1	 -42.4509	  173.4607
7.479	 2.05	 2	 -42.3473	  173.8130
7.482	 2.16	 1	 -42.2596	  173.7603
7.483	 2.39	 1	 -42.0141	  173.7694
7.484	 2.07	 1	 -42.9438	  172.4594
7.484	 2.64	 1	 -37.2180	  173.9830
7.486	 2.30	 1	 -43.6478	  170.7420
7.488	 2.50	 1	 -41.7210	  174.2294
7.489	 2.18	 1	 -42.1621	  173.5660
7.490	 2.73	 3	 -42.2998	  173.1765
7.490	 2.80	 1	 -41.6784	  173.9211
7.491	 2.52	 1	 -42.5381	  173.7433
7.491	 2.17	 1	 -42.0521	  173.7522
7.491	 2.17	 1	 -42.5887	  173.2259
7.496	 2.22	 1	 -41.7994	  174.1514
7.496	 2.74	 1	 -43.8244	  176.4185
7.497	 2.05	 1	 -41.6916	  174.2279
7.499	 2.03	 1	 -42.4875	  173.1964
7.500	 3.78	 1	 -42.6193	  173.0448
7.500	 2.11	 1	 -42.4267	  174.3779
7.501	 2.21	 2	 -42.0043	  173.5900
7.501	 2.31	 2	 -41.7654	  173.2206
7.502	 2.12	 1	 -42.4615	  173.6425
7.503	 3.18	 1	 -42.3745	  173.5832
7.504	 3.40	 2	 -42.4639	  173.2849
7.505	 2.54	 3	 -42.2060	  174.1377
7.505	 3.02	 1	 -42.4045	  173.6863
7.506	 2.64	 3	 -42.3170	  174.0272
7.506	 2.14	 1	 -42.5275	  173.4427
7.507	 2.09	 3	 -42.1137	  173.6046
7.510	 2.53	 2	 -42.3410	  173.0765
7.510	 2.35	 1	 -42.7031	  173.0402
7.510	 2.37	 1	 -41.6868	  174.0214
7.510	 2.03	 1	 -42.3370	  173.1320
7.511	 2.27	 1	 -42.0161	  173.7873
7.514	 2.50	 1	 -42.6818	  172.9870
7.514	 2.94	 1	 -42.5820	  173.1720
7.515	 2.62	 2	 -42.6277	  173.0772
7.516	 2.20	 3	 -42.4396	  173.2144
7.516	 2.21	 1	 -42.1852	  173.5884
7.517	 2.03	 1	 -41.9458	  173.9684
7.519	 2.52	 1	 -42.3357	  173.8135
7.519	 2.90	 1	 -42.5247	  173.1532
7.520	 2.17	 1	 -42.6548	  172.7634
7.522	 2.39	 1	 -42.7397	  173.2513
7.522	 2.18	 2	 -42.3245	  173.1029
7.523	 2.22	 1	 -41.7916	  174.2476
7.523	 2.29	 3	 -41.7733	  174.2930
7.523	 2.16	 1	 -42.4016	  173.4030
7.523	 2.05	 2	 -41.6877	  174.4607
7.526	 2.47	 2	 -42.2991	  173.2838
7.526	 2.20	 1	 -42.6418	  173.2337
7.528	 2.39	 1	 -42.1883	  174.8419
7.528	 2.37	 1	 -41.7688	  174.3073
7.528	 2.12	 2	 -41.8482	  174.1346
7.530	 2.30	 1	 -42.4974	  172.8023
7.532	 2.20	 1	 -41.6109	  174.3860
7.533	 2.01	 1	 -42.2717	  173.6651
7.534	 2.20	 2	 -42.2800	  173.7529
7.536	 2.02	 5	 -42.4366	  173.2122
7.537	 2.00	 3	 -42.1916	  173.7809
7.537	 2.32	 1	 -42.4510	  173.0053
7.538	 2.20	 2	 -42.3524	  173.8819
7.542	 2.03	 1	 -42.8319	  173.0152
7.542	 2.59	 2	 -41.6910	  174.2305
7.542	 2.62	 2	 -42.0019	  172.6935
7.542	 2.22	 1	 -41.6531	  174.2112
7.543	 3.23	 1	 -42.4004	  173.7551
7.543	 2.78	 1	 -42.8408	  173.5720
7.544	 2.44	 1	 -42.0889	  173.8089
7.546	 2.40	 1	 -42.4448	  173.0772
7.548	 2.05	 1	 -41.7793	  173.9639
7.550	 2.25	 2	 -42.6430	  172.8794
7.550	 2.18	 3	 -42.5438	  173.1433
7.550	 2.14	 1	 -42.5356	  172.7910
7.551	 2.47	 1	 -42.3729	  173.6246
7.551	 2.17	 1	 -41.9611	  172.4993
7.553	 2.36	 3	 -42.4403	  173.4981
7.553	 3.41	 1	 -42.6346	  173.1685
7.553	 2.45	 1	 -41.9597	  173.7298
7.554	 2.99	 1	 -42.5550	  173.0707
7.555	 2.35	 4	 -43.1035	  174.7995
7.557	 2.02	 1	 -42.3890	  173.7490
7.557	 2.11	 2	 -42.5968	  174.1952
7.558	 2.10	 3	 -42.4568	  173.3025
7.560	 3.09	 2	 -42.4018	  173.9059
7.560	 2.04	 1	 -42.5403	  173.0674
7.562	 2.99	 2	 -41.7917	  174.2266
7.563	 4.32	 2	 -42.2578	  173.1996
7.563	 2.42	 1	 -42.6954	  172.4894
7.564	 2.26	 1	 -42.7727	  172.6646
7.565	 2.57	 1	 -42.2147	  173.1488
7.566	 2.02	 4	 -42.5025	  173.2570
7.566	 2.28	 1	 -41.6878	  174.1756
7.567	 2.16	 1	 -42.0238	  173.3341
7.567	 2.39	 1	 -41.8561	  174.3984
7.576	 2.31	 1	 -42.6543	  173.0267
7.576	 3.16	 1	 -42.2856	  173.9423
7.576	 2.14	 1	 -46.3301	  176.2534
7.578	 2.06	 2	 -42.3477	  173.8711
7.578	 2.81	 1	 -42.2228	  173.5695
7.580	 2.25	 1	 -41.7046	  174.0842
7.582	 2.24	 1	 -42.4706	  173.0508
7.583	 2.16	 1	 -42.2991	  173.1195
7.583	 2.11	 1	 -41.7669	  174.2136
7.585	 3.25	 2	 -42.8380	  173.1597
7.586	 2.41	 2	 -41.7908	  173.3543
7.586	 2.31	 2	 -41.7993	  174.2324
7.586	 2.11	 2	 -42.6308	  172.8514
7.586	 3.06	 3	 -42.2764	  173.2077
7.591	 2.02	 1	 -42.4823	  173.1558
7.591	 2.11	 1	 -42.4001	  173.9092
7.591	 2.27	 2	 -42.1693	  173.7345
7.593	 2.69	 2	 -42.3954	  174.2245
7.593	 3.36	 1	 -41.6789	  174.4049
7.593	 2.87	 2	 -42.4700	  173.0517
7.594	 2.51	 1	 -42.6436	  172.8902
7.596	 2.91	 3	 -43.1455	  174.5744
7.596	 2.87	 3	 -42.1578	  173.5607
7.598	 2.07	 1	 -42.6270	  172.9791
7.599	 2.06	 2	 -42.3302	  173.8007
7.600	 2.05	 2	 -42.4170	  173.8043
7.600	 3.81	 2	 -42.4267	  173.1451
7.601	 2.09	 1	 -42.6720	  172.8688
7.604	 2.07	 1	 -41.6747	  174.2952
7.604	 2.14	 1	 -42.5157	  173.6101
7.605	 2.12	 1	 -42.6079	  173.0036
7.606	 2.44	 2	 -42.3649	  174.0297
7.607	 2.11	 4	 -42.6035	  173.2831
7.608	 2.05	 2	 -41.8317	  173.9293
7.609	 2.51	 1	 -42.3051	  173.7717
7.609	 3.56	 1	 -42.5110	  173.1135
7.611	 2.05	 2	 -43.0322	  173.1551
7.612	 2.13	 1	 -42.1763	  178.1151
7.615	 2.16	 2	 -41.8618	  174.2284
7.618	 2.07	 1	 -42.0432	  173.7202
7.619	 2.90	 4	 -42.3974	  174.1571
7.620	 2.41	 1	 -42.3664	  173.9665
7.621	 3.25	 1	 -42.1788	  173.5795
7.621	 2.18	 2	 -41.7230	  174.2437
7.622	 3.06	 2	 -41.6786	  174.4124
7.623	 3.34	 2	 -41.6597	  174.4726
7.624	 2.22	 3	 -42.3806	  173.2982
7.624	 2.14	 2	 -42.7408	  172.2948
7.627	 2.48	 3	 -42.4385	  173.1015
7.627	 2.36	 1	 -42.0116	  173.7042
7.628	 2.29	 1	 -42.1077	  172.9028
7.628	 2.53	 1	 -42.4441	  173.2083
7.628	 2.23	 2	 -41.6575	  173.0718
7.630	 2.19	 1	 -42.1186	  172.9334
7.633	 2.01	 2	 -42.3487	  173.8862
7.633	 2.03	 1	 -42.6218	  172.5474
7.635	 2.01	 2	 -42.7423	  173.2765
7.636	 2.37	 1	 -41.7647	  174.0939
7.636	 2.17	 1	 -42.4341	  173.7362
7.638	 2.22	 1	 -41.6255	  174.1765
7.639	 2.44	 1	 -42.4410	  173.8024
7.639	 2.16	 1	 -42.5879	  172.9046
7.640	 2.35	 1	 -42.1621	  173.6774
7.642	 2.05	 1	 -42.1138	  173.4614
7.642	 2.89	 1	 -41.7071	  174.2217
7.642	 2.63	 2	 -42.4706	  173.6904
7.643	 2.58	 3	 -41.7985	  174.2288
7.643	 2.98	 2	 -42.4467	  173.7551
7.644	 3.83	 2	 -42.3493	  173.9342
7.645	 2.06	 1	 -43.1563	  173.4413
7.646	 2.37	 1	 -42.3402	  173.9185
7.646	 2.19	 1	 -42.3520	  174.0737
7.648	 2.57	 1	 -42.7737	  173.7263
7.649	 2.28	 1	 -42.2921	  173.6360
7.649	 2.53	 1	 -42.1050	  173.6968
7.650	 2.53	 1	 -42.3710	  173.5318
7.653	 2.64	 1	 -41.9516	  173.5292
7.653	 2.89	 1	 -42.7337	  174.4467
7.656	 2.15	 2	 -42.8184	  172.8362
7.657	 2.15	 2	 -42.1410	  173.5704
7.659	 2.70	 1	 -42.2182	  173.4540
7.659	 2.03	 2	 -42.4812	  173.0576
7.660	 2.05	 2	 -42.0413	  173.7067
7.661	 2.62	 1	 -42.2514	  173.6387
7.661	 3.13	 2	 -41.7822	  173.3962
7.663	 2.88	 1	 -42.8246	  173.7666
7.663	 2.61	 1	 -42.3729	  173.4404
7.663	 2.23	 1	 -41.9404	  174.0896
7.665	 3.86	 1	 -41.5759	  175.4996
7.666	 2.05	 1	 -41.6115	  174.0894
7.667	 2.56	 1	 -42.5848	  172.8051
7.668	 2.24	 1	 -41.8165	  174.2283
7.669	 2.16	 1	 -41.8220	  174.1788
7.669	 2.33	 3	 -41.7679	  174.2810
7.672	 2.11	 2	 -42.3952	  173.8226
7.672	 2.12	 2	 -42.5011	  173.0652
7.677	 2.23	 1	 -42.1622	  173.5508
7.680	 2.75	 1	 -41.8181	  174.1368
7.680	 2.02	 1	 -42.5582	  173.2966
7.681	 2.17	 2	 -42.4171	  173.2466
7.681	 3.77	 2	 -42.4286	  173.4064
7.682	 2.19	 1	 -41.5976	  174.3763
7.683	 2.80	 1	 -42.0245	  173.6833
7.683	 2.52	 1	 -42.5436	  173.0394
7.687	 2.38	 3	 -43.1867	  174.8703
7.687	 2.03	 1	 -42.4159	  173.4488
7.688	 2.19	 1	 -41.7686	  174.2892
7.688	 2.38	 1	 -42.8628	  173.0275
7.690	 2.85	 2	 -41.6823	  174.4021
7.691	 2.35	 2	 -42.3719	  173.9619
7.692	 2.10	 1	 -42.6276	  174.1868
7.694	 2.25	 2	 -41.8866	  173.7269
7.695	 2.66	 1	 -42.1601	  173.8267
7.695	 2.38	 1	 -42.0629	  173.8269
7.697	 2.52	 1	 -42.4893	  173.0664
7.697	 2.21	 1	 -41.7302	  174.3181
7.698	 2.22	 2	 -41.7647	  174.3195
7.699	 2.74	 1	 -42.8585	  173.1262
7.701	 2.13	 1	 -42.4366	  173.2231
7.702	 2.24	 1	 -42.3753	  173.2537
7.703	 2.22	 1	 -41.7546	  174.3393
7.704	 2.30	 1	 -41.8046	  174.2798
7.704	 2.16	 3	 -41.7516	  174.3261
7.707	 2.08	 1	 -42.3977	  173.6831
7.709	 2.10	 2	 -41.5011	  174.1414
7.711	 2.48	 2	 -41.7269	  174.3737
7.712	 2.53	 3	 -42.2701	  173.2193
7.712	 2.06	 2	 -41.8414	  174.2533
7.714	 2.33	 1	 -42.7506	  173.0589
7.715	 2.27	 2	 -42.2819	  173.6065
7.715	 2.07	 1	 -42.5311	  173.1690
7.716	 2.43	 1	 -42.1660	  174.0726
7.716	 2.76	 1	 -42.4005	  173.6875
7.716	 2.02	 2	 -42.6161	  173.0486
7.717	 2.21	 1	 -41.6794	  174.2088
7.717	 2.08	 1	 -42.4292	  172.7859
7.720	 2.15	 1	 -43.0019	  176.5256
7.720	 2.03	 2	 -42.2284	  173.7956
7.720	 2.28	 2	 -42.4107	  173.9441
7.720	 2.21	 1	 -42.4467	  174.0409
7.721	 2.19	 1	 -41.8387	  174.1902
7.721	 2.13	 1	 -42.1476	  173.4521
7.722	 2.16	 1	 -42.8460	  172.9628
7.723	 2.21	 2	 -42.0279	  173.6411
7.723	 2.35	 2	 -43.0591	  173.0642
7.724	 2.35	 2	 -42.1220	  173.5103
7.725	 2.89	 1	 -42.2730	  173.2877
7.726	 2.51	 1	 -42.2973	  173.8280
7.727	 2.39	 1	 -41.8383	  174.2293
7.729	 2.23	 1	 -42.1635	  174.0141
7.729	 2.58	 1	 -42.1085	  173.9072
7.735	 2.04	 3	 -43.2487	  174.6038
7.735	 2.00	 2	 -41.1246	  174.5627
7.735	 2.43	 2	 -42.3783	  173.2908
7.736	 3.64	 2	 -41.9779	  174.2943
7.737	 2.16	 1	 -42.3454	  173.7677
7.742	 3.63	 1	 -41.9000	  173.8874
7.745	 2.12	 1	 -42.0416	  173.8283
7.745	 2.25	 1	 -41.7287	  174.3368
7.746	 2.36	 1	 -41.7337	  174.2122
7.748	 2.24	 1	 -41.6493	  174.3749
7.749	 2.82	 1	 -41.9602	  174.0421
7.751	 2.58	 3	 -41.7918	  174.2260
7.752	 2.29	 1	 -42.7233	  173.1478
7.752	 2.03	 1	 -41.7931	  174.3549
7.753	 2.55	 1	 -42.4407	  172.8454
7.754	 2.85	 1	 -42.2994	  173.4846
7.755	 2.19	 1	 -41.7670	  174.2325
7.758	 4.22	 3	 -42.8506	  173.2750
7.758	 2.10	 3	 -42.4600	  173.1467
7.758	 2.22	 2	 -41.8624	  173.8961
7.759	 2.63	 1	 -41.6941	  174.1646
7.759	 2.62	 4	 -42.3824	  174.0334
7.759	 2.62	 2	 -42.3239	  173.8661
7.761	 2.02	 2	 -41.7385	  173.3666
7.761	 2.02	 2	 -41.9592	  174.0760
7.761	 2.20	 2	 -42.0565	  173.7453
7.762	 2.53	 1	 -41.8404	  174.4802
7.763	 2.41	 1	 -42.5431	  173.0620
7.764	 2.63	 1	 -43.0584	  173.1910
7.764	 2.50	 1	 -41.6175	  174.4984
7.767	 2.29	 1	 -41.8051	  174.3250
7.767	 2.08	 1	 -41.8021	  174.0277
7.770	 3.13	 1	 -42.6350	  172.9644
7.770	 2.29	 1	 -42.2766	  173.7781
7.771	 2.58	 1	 -42.4775	  173.2119
7.772	 2.75	 2	 -42.2731	  174.0073
7.772	 2.26	 4	 -42.4342	  173.0065
7.773	 2.09	 1	 -42.4252	  173.8678
7.775	 2.10	 1	 -41.7610	  174.1854
7.776	 2.04	 2	 -42.2809	  173.6694
7.777	 2.24	 2	 -41.7257	  174.2846
7.778	 2.21	 1	 -41.2222	  171.2736
7.778	 3.17	 1	 -41.8564	  174.2589
7.778	 2.07	 1	 -41.8519	  175.2160
7.779	 2.45	 1	 -41.9827	  173.7036
7.782	 2.14	 1	 -41.7637	  174.2479
7.782	 2.09	 2	 -42.6074	  172.7342
7.782	 2.00	 1	 -42.2557	  173.6183
7.785	 2.27	 1	 -41.9575	  173.8305
7.788	 2.52	 1	 -42.5714	  173.9927
7.791	 2.11	 1	 -41.7267	  174.4025
7.792	 2.54	 1	 -42.5219	  172.9737
7.794	 2.02	 2	 -41.9555	  173.7139
7.795	 2.81	 2	 -42.6457	  172.9705
7.798	 2.48	 1	 -42.0143	  173.6765
7.800	 2.30	 2	 -42.3414	  173.8489
7.801	 2.40	 2	 -41.9919	  173.6876
7.801	 2.05	 1	 -42.2358	  173.8115
7.801	 3.18	 1	 -41.6859	  174.3376
7.802	 2.04	 2	 -41.7394	  173.8651
7.802	 2.20	 1	 -42.6609	  173.0539
7.802	 2.38	 1	 -42.6191	  173.1378
7.803	 2.51	 1	 -42.0634	  173.7714
7.806	 3.56	 1	 -42.6541	  172.6850
7.807	 2.09	 1	 -42.0239	  173.5875
7.807	 2.14	 1	 -41.6841	  174.2434
7.808	 2.38	 1	 -42.0843	  173.8525
7.809	 2.43	 1	 -42.1871	  173.9099
7.810	 2.54	 2	 -42.3308	  173.6671
7.811	 2.43	 2	 -42.4583	  173.7640
7.813	 2.58	 6	 -42.3896	  174.0164
7.814	 2.84	 1	 -42.4776	  173.2344
7.815	 2.93	 3	 -43.1165	  174.6189
7.815	 2.44	 1	 -42.6970	  172.7156
7.815	 2.45	 4	 -42.2720	  173.4509
7.816	 2.65	 1	 -42.1605	  173.5811
7.817	 2.61	 1	 -42.4555	  173.6857
7.818	 2.65	 1	 -41.8405	  174.3078
7.818	 2.60	 1	 -42.0118	  173.6870
7.818	 2.44	 2	 -42.5599	  172.9253
7.818	 4.08	 1	 -42.1746	  173.5815
7.819	 2.01	 1	 -41.9669	  174.5459
7.823	 2.00	 1	 -42.8847	  173.1755
7.823	 2.32	 1	 -41.7137	  174.3296
7.824	 2.10	 2	 -41.9861	  173.6655
7.825	 2.05	 4	 -42.8524	  173.2642
7.825	 3.48	 2	 -42.0621	  174.1308
7.825	 2.44	 1	 -42.1321	  173.5752
7.826	 2.06	 2	 -42.4776	  173.2427
7.826	 2.73	 2	 -42.1869	  173.6571
7.826	 3.00	 2	 -42.5338	  173.0282
7.826	 2.39	 2	 -42.5515	  172.9907
7.826	 2.39	 1	 -42.4299	  173.6245
7.829	 2.66	 1	 -41.6764	  174.3300
7.830	 2.39	 1	 -42.7964	  172.9842
7.830	 2.26	 2	 -42.7203	  172.5972
7.831	 3.24	 3	 -41.7454	  173.9273
7.831	 2.46	 1	 -41.8140	  174.1588
7.833	 2.14	 1	 -42.6287	  173.1208
7.835	 2.84	 3	 -41.7156	  174.3557
7.836	 2.00	 1	 -42.3787	  173.9523
7.837	 2.02	 3	 -41.7469	  173.9502
7.837	 2.54	 3	 -41.7087	  174.3148
7.841	 2.25	 2	 -42.4946	  173.3209
7.841	 2.55	 1	 -42.2119	  173.6589
7.845	 2.03	 2	 -42.1185	  174.2311
7.849	 3.37	 1	 -41.9376	  174.4477
7.850	 2.18	 1	 -42.2740	  173.1806
7.850	 2.45	 4	 -41.6943	  174.2667
7.856	 2.70	 2	 -42.1722	  173.5742
7.857	 2.43	 2	 -42.8384	  174.2030
7.857	 2.22	 1	 -42.6625	  173.0436
7.857	 2.02	 1	 -42.7627	  173.1623
7.857	 2.15	 1	 -42.4932	  173.8481
7.862	 2.24	 1	 -42.5384	  177.5168
7.862	 2.10	 1	 -42.1574	  173.5952
7.863	 4.62	 1	 -42.9174	  169.9156
7.863	 2.89	 2	 -41.9419	  174.4459
7.864	 2.41	 1	 -42.3137	  173.8980
7.865	 2.26	 2	 -42.1984	  173.2898
7.867	 3.52	 1	 -42.2617	  173.4818
7.867	 2.04	 2	 -41.8313	  173.5303
7.867	 3.05	 1	 -42.7322	  173.2097
7.867	 2.36	 1	 -42.2869	  173.6924
7.870	 2.21	 1	 -42.8426	  173.1696
7.871	 2.20	 1	 -41.9610	  174.0054
7.872	 2.15	 4	 -42.8730	  173.2643
7.872	 2.44	 4	 -43.1686	  174.4126
7.872	 2.58	 1	 -41.6684	  172.7910
7.872	 2.22	 2	 -42.4779	  173.4355
7.872	 2.38	 1	 -42.3669	  174.0253
7.873	 2.21	 1	 -42.1560	  173.5872
7.877	 2.76	 1	 -42.1154	  173.8288
7.878	 2.21	 3	 -42.4789	  173.1227
7.878	 2.80	 2	 -42.4026	  173.4885
7.878	 2.47	 3	 -43.0618	  174.6976
7.880	 2.57	 3	 -42.4362	  173.0190
7.880	 2.81	 5	 -43.1708	  174.4189
7.880	 2.18	 1	 -41.7141	  174.2098
7.881	 3.11	 1	 -42.5985	  172.9524
7.884	 2.28	 2	 -42.3323	  173.8082
7.884	 2.07	 1	 -41.7862	  174.2289
7.885	 2.50	 1	 -42.2578	  173.6547
7.885	 2.42	 1	 -42.2973	  173.6483
7.886	 2.01	 1	 -42.7818	  172.7527
7.887	 2.61	 1	 -41.8211	  174.2429
7.887	 3.15	 1	 -42.1969	  173.6405
7.890	 2.42	 1	 -41.7776	  174.2841
7.891	 2.04	 1	 -42.3321	  173.8128
7.894	 2.26	 1	 -42.5462	  173.0329
7.894	 2.58	 1	 -42.6156	  173.1375
7.896	 2.09	 1	 -41.9080	  170.2548
7.896	 2.02	 1	 -41.6846	  174.3710
7.897	 2.52	 1	 -38.7499	  175.9639
7.898	 2.00	 2	 -41.6735	  174.4205
7.898	 2.14	 2	 -43.8219	  176.4217
7.900	 2.39	 1	 -42.2643	  173.6357
7.900	 2.35	 1	 -41.7923	  174.2592
7.901	 2.93	 1	 -42.2479	  173.8342
7.901	 2.39	 2	 -41.6704	  174.2392
7.902	 3.31	 1	 -42.1046	  173.7189
7.908	 2.31	 1	 -42.3546	  173.6527
7.908	 4.24	 2	 -42.1543	  173.6021
7.909	 2.47	 1	 -42.5749	  173.4013
7.910	 2.21	 4	 -41.8253	  174.4134
7.911	 2.87	 1	 -41.7569	  174.2195
7.914	 2.28	 3	 -42.6532	  172.9782
7.914	 2.03	 1	 -41.7448	  174.3359
7.915	 2.13	 1	 -42.2323	  173.7296
7.916	 2.22	 3	 -42.1533	  173.6086
7.916	 2.25	 2	 -42.8891	  169.2947
7.917	 3.02	 2	 -41.5190	  174.0592
7.918	 2.10	 1	 -42.5864	  173.5151
7.918	 2.43	 1	 -41.8049	  174.0001
7.919	 2.60	 1	 -42.6057	  173.1436
7.919	 2.07	 4	 -42.5680	  173.2029
7.919	 2.03	 1	 -41.8102	  173.9795
7.920	 2.29	 2	 -42.4380	  173.0011
7.925	 2.14	 1	 -42.3455	  173.6275
7.926	 2.18	 1	 -41.8727	  174.4142
7.928	 2.04	 1	 -42.7191	  172.7514
7.929	 2.50	 1	 -42.1861	  173.6685
7.930	 2.38	 1	 -42.3038	  173.6841
7.930	 2.16	 2	 -42.6782	  172.6992
7.930	 2.27	 3	 -41.7978	  174.1776
7.931	 2.24	 1	 -42.6491	  172.7638
7.931	 2.72	 1	 -42.6867	  172.8684
7.937	 2.34	 3	 -41.8101	  173.9777
7.938	 2.45	 3	 -42.3947	  174.2240
7.938	 2.02	 2	 -42.1717	  173.8354
7.939	 2.63	 2	 -42.4455	  173.0718
7.939	 2.15	 1	 -41.8229	  174.2204
7.940	 2.13	 1	 -41.7257	  174.2479
7.940	 2.22	 2	 -42.6679	  173.1636
7.941	 2.16	 1	 -42.4846	  173.4581
7.941	 2.18	 2	 -42.4328	  173.1475
7.941	 2.58	 1	 -41.7673	  174.3401
7.941	 2.03	 4	 -42.5626	  173.1232
7.943	 2.18	 2	 -42.4436	  173.6151
7.943	 2.74	 1	 -42.6503	  173.2249
7.944	 2.70	 1	 -42.5431	  173.3269
7.950	 2.18	 2	 -41.7010	  174.2769
7.952	 2.47	 2	 -42.4579	  173.3732
7.954	 2.28	 1	 -41.7702	  174.2332
7.954	 2.40	 1	 -38.0487	  177.5941
7.954	 2.10	 2	 -42.0220	  173.6863
7.956	 3.22	 2	 -42.2228	  173.2496
7.957	 2.13	 2	 -42.9118	  169.9117
7.959	 2.64	 2	 -42.2023	  173.5571
7.960	 2.40	 1	 -42.1332	  173.6403
7.960	 2.48	 1	 -42.4867	  173.3014
7.962	 2.04	 2	 -42.1399	  173.5899
7.969	 2.68	 2	 -42.8969	  169.9164
7.969	 2.15	 2	 -41.6915	  174.3911
7.972	 2.08	 1	 -41.6710	  174.2446
7.972	 2.57	 1	 -41.6896	  174.2608
7.973	 3.22	 1	 -42.5901	  173.0504
7.973	 2.03	 1	 -41.7889	  174.3107
7.975	 2.04	 3	 -43.1148	  174.5325
7.976	 3.20	 2	 -42.6350	  172.7337
7.981	 4.82	 1	 -42.1838	  173.5691
7.984	 2.10	 1	 -42.1091	  173.4719
7.985	 2.25	 1	 -42.3640	  173.7031
7.988	 3.06	 1	 -42.4016	  174.2272
7.988	 2.78	 1	 -42.3980	  173.4057
7.990	 2.16	 2	 -42.1189	  173.6872
7.990	 2.26	 1	 -42.6333	  172.9007
7.990	 2.64	 2	 -41.6760	  174.2017
7.990	 3.23	 2	 -42.2381	  174.2787
7.990	 2.01	 1	 -42.2851	  173.1289
7.992	 4.76	 1	 -41.9303	  173.7202
7.992	 2.01	 1	 -41.6579	  174.1900
7.994	 2.15	 2	 -42.5341	  173.8177
7.997	 2.01	 1	 -42.3402	  173.8102
8.000	 2.15	 1	 -40.0137	  178.2474
8.001	 2.41	 1	 -41.6644	  174.1730
8.003	 2.75	 1	 -47.1762	  173.4867
8.003	 2.10	 2	 -42.5816	  172.9461
8.003	 2.04	 2	 -42.4506	  172.8350
8.005	 2.71	 1	 -41.7442	  174.3086
8.005	 2.55	 1	 -42.5329	  173.2307
8.006	 2.20	 2	 -42.1618	  173.7906
8.007	 2.09	 1	 -41.6837	  174.2022
8.010	 2.50	 1	 -43.7762	  172.3578
8.011	 2.10	 2	 -41.9068	  173.7092
8.011	 2.26	 1	 -42.4603	  173.2378
8.012	 2.53	 2	 -41.8434	  173.7947
8.012	 2.26	 3	 -42.9958	  174.4189
8.014	 2.24	 2	 -42.1849	  173.5612
8.015	 2.01	 1	 -42.2892	  173.5162
8.015	 2.20	 1	 -41.6232	  174.3219
8.016	 2.36	 2	 -42.4480	  173.2244
8.017	 3.16	 4	 -42.5584	  173.0425
8.018	 2.29	 1	 -42.5040	  173.6366
8.019	 2.47	 2	 -41.7410	  174.2935
8.020	 2.64	 2	 -43.2748	  169.3503
8.021	 2.06	 5	 -42.4062	  174.1704
8.023	 3.09	 2	 -42.1674	  173.6111
8.023	 2.76	 2	 -42.1645	  173.6698
8.023	 2.06	 1	 -42.4359	  173.8988
8.025	 2.34	 2	 -42.1577	  173.6336
8.025	 2.90	 1	 -38.1972	  173.1698
8.025	 2.56	 2	 -42.3993	  173.9419
8.026	 2.65	 2	 -42.1917	  173.7630
8.026	 2.03	 1	 -41.9609	  173.7831
8.027	 2.08	 2	 -42.5607	  173.1386
8.028	 2.08	 1	 -42.4561	  173.1740
8.032	 2.10	 2	 -42.3843	  173.2227
8.032	 2.10	 1	 -42.4211	  173.3179
8.032	 2.16	 1	 -41.7255	  174.3653
8.035	 2.61	 1	 -41.7961	  174.2613
8.037	 2.66	 2	 -41.8755	  173.9071
8.037	 2.14	 2	 -42.0306	  174.0757
8.037	 2.36	 3	 -41.8785	  173.3853
8.039	 2.41	 1	 -42.4741	  174.2519
8.040	 2.57	 2	 -42.4660	  173.1744
8.041	 2.23	 2	 -41.7167	  174.2468
8.042	 2.97	 2	 -42.2234	  173.3735
8.042	 2.51	 1	 -42.1685	  173.5964
8.043	 2.20	 1	 -41.7244	  174.2872
8.047	 2.01	 2	 -42.2614	  173.4508
8.048	 2.27	 1	 -42.0935	  174.1205
8.053	 2.53	 2	 -43.0449	  173.0514
8.055	 2.39	 1	 -41.4963	  173.8083
8.061	 3.47	 1	 -42.3275	  173.7057
8.063	 2.12	 1	 -41.6734	  174.2487
8.063	 2.28	 1	 -42.0110	  174.0914
8.065	 3.04	 1	 -41.8359	  173.8483
8.066	 2.21	 1	 -43.1122	  172.5564
8.067	 2.08	 2	 -42.0233	  173.6842
8.068	 2.65	 1	 -42.5195	  173.6655
8.068	 2.39	 1	 -42.7722	  173.3424
8.069	 2.53	 1	 -41.7835	  174.4147
8.073	 2.41	 2	 -41.9321	  173.7351
8.074	 3.06	 1	 -42.4377	  173.1016
8.077	 2.44	 3	 -43.1569	  174.5996
8.078	 3.16	 1	 -42.3428	  173.1021
8.079	 2.07	 4	 -41.7968	  174.1813
8.079	 2.39	 1	 -41.7327	  174.2286
8.079	 2.13	 1	 -42.0873	  173.5990
8.080	 2.10	 2	 -42.5987	  173.1290
8.081	 4.39	 1	 -42.0858	  173.6936
8.082	 2.28	 2	 -42.5952	  172.7133
8.082	 3.15	 1	 -42.3398	  173.8455
8.083	 2.49	 3	 -42.6849	  173.4869
8.083	 2.25	 1	 -42.6329	  172.5024
8.083	 4.36	 1	 -42.3113	  173.7366
8.086	 2.32	 2	 -42.3336	  173.8687
8.087	 2.24	 1	 -42.8621	  173.7355
8.089	 2.50	 1	 -41.6069	  174.4345
8.089	 2.04	 1	 -42.3514	  173.6622
8.089	 3.42	 3	 -42.0859	  173.3912
8.091	 2.31	 1	 -42.5845	  173.6014
8.093	 2.14	 2	 -41.7154	  174.4466
8.095	 3.18	 1	 -42.1518	  173.5147
8.095	 2.13	 2	 -41.9366	  174.4544
8.095	 2.78	 2	 -42.4517	  173.4490
8.097	 3.28	 1	 -41.8100	  174.0130
8.097	 2.03	 1	 -40.9616	  173.2732
8.097	 2.87	 3	 -42.9235	  174.6392
8.098	 2.22	 2	 -42.0892	  173.7014
8.099	 4.21	 1	 -42.0425	  173.6428
8.100	 2.01	 1	 -41.7700	  174.1181
8.101	 2.89	 1	 -41.6977	  174.3081
8.102	 2.05	 2	 -42.2415	  173.8627
8.103	 2.32	 1	 -41.7099	  174.1053
8.103	 2.70	 3	 -42.1813	  173.7685
8.104	 2.25	 1	 -42.3118	  172.8793
8.104	 2.01	 2	 -41.8525	  173.6319
8.105	 2.14	 1	 -42.6139	  172.8930
8.105	 2.69	 1	 -42.5955	  172.9594
8.107	 2.50	 1	 -42.0247	  172.8117
8.107	 2.03	 1	 -41.2958	  174.3360
8.109	 2.12	 1	 -42.1845	  173.5251
8.112	 2.36	 1	 -42.4966	  173.8102
8.112	 3.68	 1	 -42.1814	  173.8031
8.114	 3.15	 1	 -41.7320	  174.2603
8.116	 2.44	 2	 -42.5221	  173.0220
8.116	 2.02	 1	 -42.4812	  173.7603
8.116	 2.65	 1	 -42.7617	  173.0023
8.116	 3.54	 1	 -42.5884	  172.9087
8.121	 2.23	 1	 -41.8746	  173.2888
8.121	 2.13	 1	 -41.7844	  174.1272
8.122	 2.34	 2	 -43.1037	  173.1931
8.124	 2.20	 2	 -41.8225	  173.7343
8.124	 2.39	 1	 -42.2347	  172.9539
8.126	 2.08	 2	 -42.8029	  173.9299
8.126	 2.62	 2	 -42.1848	  173.5679
8.133	 2.80	 2	 -41.3997	  173.7650
8.134	 2.15	 1	 -42.4020	  173.1466
8.135	 3.61	 1	 -41.7854	  174.2332
8.135	 2.97	 1	 -42.4500	  173.8244
8.136	 2.46	 1	 -42.3943	  173.4670
8.138	 2.60	 1	 -41.9644	  173.6551
8.143	 2.43	 1	 -41.8094	  174.2288
8.148	 2.72	 1	 -42.4163	  173.3422
8.150	 2.24	 2	 -42.4472	  173.7552
8.153	 2.01	 2	 -42.2024	  173.3517
8.154	 3.08	 1	 -41.6893	  174.4531
8.156	 3.07	 1	 -42.4626	  172.9717
8.156	 2.44	 1	 -41.9355	  174.2800
8.156	 2.31	 3	 -42.2459	  174.2714
8.156	 2.82	 1	 -42.1078	  173.8260
8.157	 2.23	 3	 -42.3528	  174.3663
8.157	 2.30	 3	 -41.6915	  174.3684
8.157	 2.27	 2	 -42.1711	  173.6005
8.157	 2.08	 1	 -42.6114	  172.9463
8.159	 2.84	 1	 -42.5740	  173.3073
8.161	 2.23	 1	 -42.4063	  173.7796
8.162	 2.24	 2	 -42.1488	  173.5892
8.163	 2.19	 1	 -42.6600	  173.7748
8.164	 2.79	 1	 -41.9662	  173.7923
8.166	 2.81	 1	 -42.6131	  173.3698
8.166	 2.09	 2	 -41.9136	  173.7182
8.166	 2.04	 2	 -42.0464	  173.6878
8.168	 2.25	 2	 -42.3510	  173.6613
8.173	 2.52	 2	 -41.9350	  173.6057
8.175	 2.82	 1	 -41.8086	  174.2521
8.176	 2.41	 1	 -42.2658	  172.7265
8.177	 2.04	 2	 -41.3248	  173.8421
8.177	 2.57	 1	 -42.2044	  173.7437
8.180	 3.27	 1	 -42.1152	  173.3327
8.181	 2.87	 2	 -42.1832	  173.8250
8.182	 2.39	 2	 -37.9287	  172.3762
8.184	 2.17	 1	 -42.3789	  174.0528
8.185	 2.33	 2	 -42.0515	  173.6474
8.186	 2.07	 2	 -42.6551	  172.9116
8.187	 2.00	 3	 -42.5716	  172.9146
8.187	 2.35	 1	 -42.5544	  173.4046
8.190	 2.27	 2	 -41.9723	  174.3432
8.190	 2.02	 1	 -42.1697	  173.7394
8.190	 2.24	 1	 -42.2069	  173.7262
8.195	 2.19	 3	 -43.1978	  174.8242
8.198	 2.09	 2	 -42.5720	  173.1341
8.198	 2.99	 1	 -41.9207	  174.0036
8.199	 2.69	 1	 -41.8103	  173.8457
8.203	 2.18	 3	 -42.6454	  173.0056
8.204	 2.12	 2	 -42.3323	  173.8454
8.204	 2.44	 1	 -41.7098	  173.6434
8.204	 2.25	 1	 -42.6535	  172.7579
8.205	 2.00	 2	 -42.9287	  169.9017
8.205	 2.12	 1	 -38.8138	  174.5706
8.205	 2.05	 1	 -42.3193	  173.7321
8.205	 3.11	 1	 -42.4910	  172.8426
8.208	 2.14	 2	 -41.9366	  174.4503
8.208	 2.23	 2	 -42.0328	  173.6395
8.209	 2.02	 2	 -41.6906	  174.4724
8.210	 2.46	 1	 -42.3688	  174.0396
8.212	 2.13	 1	 -41.7177	  174.2567
8.212	 2.01	 1	 -42.4922	  173.4246
8.212	 2.14	 1	 -42.6461	  172.8147
8.216	 2.15	 3	 -41.7006	  174.3896
8.219	 2.00	 2	 -41.7303	  174.2189
8.219	 2.93	 1	 -41.6983	  174.3295
8.220	 2.15	 3	 -42.1356	  173.8793
8.223	 2.34	 6	 -45.2938	  173.4455
8.223	 2.35	 2	 -42.3130	  173.1241
8.230	 2.13	 1	 -42.5565	  173.3540
8.233	 2.45	 3	 -42.1916	  173.3733
8.234	 2.13	 2	 -41.9376	  173.8229
8.235	 4.02	 1	 -42.1665	  173.6719
8.238	 2.26	 1	 -41.7197	  174.0674
8.239	 2.48	 2	 -42.4136	  174.0843
8.241	 2.77	 2	 -42.1892	  172.7405
8.244	 2.39	 1	 -42.2396	  173.5325
8.245	 2.10	 3	 -41.6580	  174.3307
8.245	 2.17	 1	 -42.6635	  172.8834
8.245	 2.28	 2	 -41.7821	  174.2209
8.245	 2.80	 1	 -41.8218	  173.9977
8.246	 3.27	 1	 -42.5793	  173.0873
8.247	 2.14	 2	 -42.1598	  173.7692
8.247	 2.57	 3	 -41.9037	  173.8119
8.248	 2.43	 2	 -41.8144	  174.2408
8.249	 2.04	 1	 -42.6231	  172.6816
8.250	 2.32	 1	 -42.4076	  173.4206
8.251	 3.24	 1	 -42.4334	  173.4284
8.252	 2.11	 2	 -42.0663	  173.4083
8.254	 2.18	 1	 -41.7117	  174.2022
8.256	 2.28	 1	 -42.2631	  173.8112
8.258	 2.45	 1	 -42.1859	  173.7655
8.261	 2.12	 1	 -42.0115	  173.5556
8.261	 2.41	 2	 -42.1313	  173.5560
8.262	 2.11	 2	 -42.5409	  173.1033
8.264	 2.25	 1	 -42.3244	  173.8824
8.264	 2.11	 1	 -42.3232	  173.7217
8.264	 2.00	 2	 -42.4065	  173.7004
8.270	 2.37	 1	 -42.4700	  173.9183
8.272	 2.28	 2	 -42.0410	  173.6454
8.274	 2.11	 2	 -42.1230	  173.6233
8.277	 2.78	 1	 -42.5268	  173.0598
8.279	 3.37	 1	 -41.7520	  174.3143
8.282	 2.01	 2	 -42.3825	  173.4243
8.283	 2.28	 1	 -41.7792	  174.4224
8.284	 2.36	 2	 -42.1913	  173.9080
8.285	 2.21	 1	 -41.7308	  174.3966
8.285	 2.20	 1	 -42.3738	  173.2053
8.285	 2.02	 2	 -42.6750	  172.8890
8.287	 2.16	 1	 -41.7692	  174.2324
8.289	 2.81	 1	 -42.7516	  174.2926
8.290	 2.13	 3	 -42.6736	  172.8887
8.291	 2.07	 1	 -42.4086	  173.6941
8.293	 3.46	 1	 -43.8990	  172.3476
8.299	 2.68	 1	 -42.3669	  174.1160
8.300	 2.68	 1	 -41.8989	  174.4065
8.301	 2.50	 1	 -41.6107	  174.4390
8.302	 2.37	 2	 -42.1576	  173.5087
8.303	 2.04	 1	 -42.7402	  173.0120
8.303	 2.32	 2	 -42.1826	  173.5911
8.304	 2.04	 1	 -42.4038	  173.8445
8.304	 2.30	 3	 -42.4692	  173.6758
8.305	 2.35	 2	 -42.4908	  173.7268
8.306	 2.17	 2	 -42.2527	  173.7826
8.308	 2.15	 1	 -41.7640	  174.1931
8.308	 2.42	 2	 -42.9191	  169.9237
8.309	 2.71	 2	 -41.9296	  173.7225
8.309	 2.08	 1	 -42.3568	  174.0032
8.310	 3.21	 1	 -42.1727	  173.6162
8.311	 2.21	 1	 -42.7308	  173.0274
8.313	 2.34	 1	 -42.7949	  173.0467
8.315	 3.66	 1	 -42.2249	  173.7771
8.320	 2.06	 1	 -42.3829	  173.6902
8.322	 2.10	 1	 -39.4538	  175.4468
8.323	 2.22	 1	 -42.6410	  173.2391
8.325	 2.56	 2	 -42.5548	  173.0715
8.325	 2.75	 1	 -41.7918	  174.0145
8.327	 2.36	 1	 -42.2676	  173.5029
8.328	 2.91	 2	 -43.3823	  168.9733
8.328	 2.05	 1	 -42.6698	  172.9754
8.329	 2.41	 1	 -42.4622	  173.1972
8.331	 2.06	 2	 -42.1069	  173.5820
8.331	 2.13	 2	 -41.9901	  173.7682
8.333	 2.34	 1	 -42.6962	  173.4060
8.333	 2.46	 2	 -41.6797	  174.4360
8.334	 2.46	 3	 -42.4869	  173.1238
8.336	 2.19	 1	 -41.6099	  174.4061
8.336	 2.26	 2	 -42.7111	  172.7834
8.337	 2.08	 1	 -42.0612	  173.7634
8.338	 2.59	 2	 -42.1759	  173.5535
8.338	 2.39	 1	 -42.6175	  173.1930
8.338	 2.19	 1	 -41.7298	  174.1630
8.338	 2.37	 1	 -42.5732	  173.2787
8.342	 2.05	 2	 -41.7037	  174.2848
8.342	 2.08	 1	 -41.6624	  174.2871
8.345	 2.95	 1	 -42.1280	  172.4515
8.346	 2.11	 1	 -42.3036	  173.6953
8.346	 2.34	 1	 -42.0738	  173.7738
8.346	 2.00	 2	 -42.1021	  173.6913
8.349	 2.11	 1	 -41.8336	  173.8704
8.350	 3.77	 2	 -42.2817	  173.7415
8.354	 2.20	 4	 -42.0153	  172.4699
8.354	 2.37	 1	 -42.2756	  173.6450
8.354	 3.02	 1	 -42.4510	  173.5224
8.357	 2.21	 2	 -42.1508	  173.5537
8.357	 2.70	 1	 -42.0035	  173.6025
8.359	 3.69	 1	 -41.7388	  174.2192
8.361	 2.19	 1	 -42.7638	  173.5801
8.361	 2.81	 2	 -42.2975	  174.1578
8.362	 2.26	 1	 -42.5267	  172.6647
8.362	 2.37	 2	 -42.6891	  172.6762
8.362	 2.07	 1	 -42.3382	  173.5005
8.366	 2.05	 1	 -41.6940	  174.2690
8.368	 2.40	 1	 -42.1092	  173.8989
8.369	 2.04	 1	 -42.2504	  173.8206
8.369	 2.64	 2	 -41.6551	  174.3643
8.371	 2.34	 1	 -41.9452	  173.7163
8.372	 2.63	 1	 -42.6716	  172.8600
8.376	 2.00	 4	 -42.5971	  173.2999
8.376	 2.11	 1	 -41.8177	  174.8671
8.376	 2.63	 1	 -42.1848	  173.5576
8.377	 2.96	 1	 -42.3099	  173.9063
8.378	 2.18	 1	 -42.5578	  173.8140
8.378	 2.29	 1	 -41.6618	  174.2853
8.378	 2.91	 1	 -43.4568	  174.9664
8.380	 2.23	 3	 -42.4107	  173.2284
8.380	 2.06	 2	 -42.0828	  173.6886
8.381	 2.26	 1	 -42.7505	  172.9700
8.381	 2.02	 1	 -41.9073	  173.9624
8.382	 2.61	 1	 -42.3021	  173.6922
8.383	 2.32	 1	 -42.6103	  173.3080
8.384	 2.46	 1	 -42.4376	  172.7353
8.384	 2.01	 1	 -41.6069	  174.2595
8.385	 2.49	 1	 -41.8344	  174.0377
8.387	 2.01	 1	 -42.1317	  172.8592
8.388	 3.03	 1	 -41.9467	  174.2957
8.389	 2.24	 1	 -42.3979	  173.0949
8.393	 2.11	 1	 -42.1904	  173.6255
8.393	 2.04	 3	 -42.4114	  173.2108
8.394	 2.54	 2	 -41.8082	  174.2081
8.395	 2.49	 1	 -41.9203	  173.6396
8.398	 2.27	 1	 -42.4221	  173.5670
8.399	 2.01	 1	 -42.7289	  173.1012
8.400	 2.09	 1	 -41.7280	  174.3166
8.403	 2.01	 1	 -42.6682	  172.7935
8.403	 2.50	 2	 -42.8076	  174.0034
8.408	 2.52	 1	 -41.7911	  174.2768
8.408	 2.13	 1	 -42.0154	  174.2331
8.409	 2.01	 2	 -41.9191	  173.2994
8.409	 2.11	 1	 -41.7893	  174.2080
8.412	 2.17	 3	 -43.2974	  174.7039
8.413	 2.30	 1	 -42.5078	  173.1026
8.413	 2.80	 1	 -41.7942	  174.1296
8.414	 2.39	 1	 -41.7518	  174.3122
8.415	 2.02	 1	 -42.2300	  173.6111
8.415	 2.02	 2	 -42.1924	  173.5772
8.416	 2.22	 1	 -41.7681	  174.2901
8.417	 2.40	 1	 -42.4530	  173.4249
8.418	 2.77	 1	 -42.2831	  173.6695
8.418	 2.39	 3	 -41.9748	  174.4593
8.419	 2.12	 1	 -42.0184	  174.2278
8.420	 2.39	 2	 -42.5508	  173.5577
8.420	 2.97	 1	 -42.0122	  174.0131
8.425	 3.00	 2	 -42.5881	  172.9365
8.426	 2.17	 3	 -42.4234	  173.1429
8.427	 2.02	 1	 -42.3056	  173.8091
8.428	 2.13	 3	 -42.1097	  173.4965
8.429	 2.08	 1	 -41.9455	  174.0827
8.430	 2.18	 1	 -41.7180	  174.3206
8.431	 2.17	 3	 -42.4609	  173.4343
8.431	 2.63	 1	 -42.8052	  173.4544
8.434	 2.13	 1	 -41.7790	  174.2218
8.434	 2.50	 1	 -41.7220	  174.1696
8.435	 2.25	 1	 -42.3191	  173.0706
8.437	 2.27	 1	 -41.9180	  174.2472
8.438	 2.01	 1	 -42.2358	  173.6848
8.438	 2.36	 1	 -42.5694	  173.8273
8.440	 2.29	 2	 -41.9680	  173.6449
8.440	 2.09	 2	 -42.4249	  173.0869
8.440	 2.10	 2	 -42.4366	  173.8700
8.442	 2.72	 1	 -42.1786	  173.5505
8.442	 2.05	 1	 -41.7030	  174.2807
8.443	 2.04	 1	 -41.6767	  174.2135
8.443	 2.37	 1	 -41.7993	  174.3333
8.443	 2.56	 2	 -45.0108	  174.3237
8.449	 2.38	 1	 -42.4399	  173.0400
8.451	 2.77	 1	 -42.2052	  173.9827
8.451	 2.50	 1	 -42.6053	  173.0499
8.452	 2.06	 1	 -42.2700	  173.8212
8.452	 2.12	 2	 -41.7760	  174.0400
8.454	 4.13	 1	 -42.6488	  172.8339
8.454	 2.00	 1	 -42.6001	  172.9848
8.456	 2.30	 1	 -44.2217	  178.7753
8.456	 2.07	 2	 -42.1703	  173.6751
8.457	 2.16	 1	 -42.4633	  173.4777
8.459	 2.21	 1	 -42.2119	  173.7288
8.460	 2.01	 1	 -41.8086	  172.4247
8.460	 2.34	 1	 -41.9216	  173.9453
8.463	 2.23	 2	 -42.3268	  173.9377
8.463	 2.87	 2	 -42.1751	  173.7678
8.466	 2.81	 3	 -42.4441	  173.0733
8.468	 2.49	 1	 -42.3254	  173.6477
8.471	 2.10	 2	 -41.9315	  173.7262
8.471	 3.04	 2	 -42.4325	  173.4623
8.474	 2.48	 1	 -43.9161	  173.0901
8.475	 2.15	 1	 -42.4043	  173.6180
8.476	 2.53	 1	 -42.3188	  173.6470
8.477	 2.27	 3	 -41.9244	  173.5861
8.477	 2.24	 2	 -42.2831	  173.7408
8.478	 2.40	 1	 -41.8123	  174.4418
8.479	 3.48	 1	 -42.0432	  173.5230
8.480	 3.66	 1	 -41.9323	  174.0674
8.481	 2.02	 2	 -42.4865	  173.2999
8.482	 2.01	 2	 -42.0812	  173.6229
8.484	 2.16	 1	 -42.3087	  173.6607
8.484	 2.08	 3	 -42.2823	  173.7451
8.489	 2.15	 1	 -42.3551	  173.6843
8.490	 2.32	 2	 -42.3104	  173.7324
8.491	 2.18	 1	 -41.6060	  174.3757
8.491	 2.02	 1	 -42.2926	  173.9070
8.494	 2.17	 2	 -42.0491	  173.6295
8.495	 2.02	 1	 -41.7181	  174.2915
8.495	 2.34	 2	 -41.8505	  174.0089
8.498	 2.31	 1	 -42.3485	  174.1295
8.499	 2.11	 1	 -42.1040	  173.6839
8.499	 2.02	 2	 -41.6750	  174.0954
8.500	 2.19	 1	 -42.5631	  173.2043
8.500	 2.23	 2	 -42.0452	  173.5291
8.501	 3.21	 1	 -42.2642	  173.5585
8.502	 2.09	 2	 -42.6628	  173.2596
8.505	 2.08	 2	 -42.5330	  173.0872
8.510	 2.87	 2	 -42.3400	  173.8089
8.512	 2.05	 1	 -41.6796	  173.1510
8.512	 2.45	 1	 -42.3946	  173.5770
8.513	 2.76	 3	 -42.7407	  173.5146
8.516	 2.25	 1	 -42.3735	  174.0176
8.516	 2.24	 3	 -42.5511	  173.3458
8.517	 2.11	 2	 -42.4062	  173.6348
8.517	 2.47	 1	 -44.1356	  167.2279
8.518	 2.31	 1	 -41.6947	  174.2159
8.518	 2.72	 3	 -42.4102	  173.1637
8.519	 2.24	 1	 -41.7207	  174.1741
8.522	 2.37	 2	 -41.7890	  174.1214
8.524	 2.29	 1	 -41.5393	  174.1789
8.525	 2.49	 1	 -42.6212	  172.8875
8.526	 2.34	 3	 -41.7185	  174.3004
8.527	 2.33	 1	 -42.0434	  173.6497
8.527	 3.03	 1	 -41.9890	  174.0907
8.528	 2.18	 2	 -42.1909	  173.6252
8.528	 2.17	 2	 -42.4496	  173.0529
8.530	 3.62	 1	 -42.3661	  173.7268
8.531	 4.31	 2	 -42.1677	  173.5926
8.533	 2.14	 1	 -42.2525	  173.3937
8.534	 2.29	 2	 -41.7793	  174.1318
8.535	 2.43	 1	 -41.7028	  174.2465
8.535	 2.11	 1	 -42.2732	  173.7849
8.540	 2.49	 2	 -41.6615	  174.4156
8.540	 2.20	 2	 -42.3559	  173.7974
8.541	 2.07	 3	 -42.3780	  173.2908
8.542	 2.29	 1	 -42.5320	  173.1907
8.543	 3.33	 1	 -38.2909	  176.6000
8.543	 2.30	 1	 -42.6124	  172.9596
8.546	 2.13	 3	 -42.1570	  173.5643
8.548	 3.54	 3	 -42.1107	  173.4187
8.551	 2.08	 1	 -41.6460	  174.4071
8.551	 2.02	 2	 -41.7595	  173.9430
8.552	 2.13	 1	 -41.6793	  174.3777
8.552	 2.21	 2	 -41.9128	  173.6776
8.553	 2.09	 1	 -42.8787	  172.9026
8.554	 2.10	 1	 -42.1008	  173.9179
8.555	 2.01	 2	 -42.3730	  173.0423
8.555	 3.96	 1	 -42.1758	  173.8567
8.555	 2.52	 1	 -42.6786	  173.2772
8.557	 2.13	 3	 -42.3599	  173.8849
8.557	 2.87	 1	 -42.2254	  173.6423
8.559	 2.02	 1	 -41.9653	  173.8342
8.562	 3.25	 2	 -41.7398	  174.2216
8.562	 3.73	 2	 -41.6948	  174.4537
8.563	 3.20	 2	 -41.9016	  174.3034
8.563	 2.50	 1	 -42.2462	  173.8713
8.566	 2.07	 1	 -42.4785	  173.2920
8.569	 3.07	 1	 -41.7321	  174.2912
8.570	 2.93	 2	 -41.6644	  174.2967
8.573	 2.04	 1	 -41.9928	  173.5866
8.574	 2.03	 2	 -42.3945	  173.2221
8.574	 2.44	 1	 -41.7134	  174.1792
8.576	 2.07	 2	 -42.4360	  173.8281
8.576	 2.12	 2	 -41.9169	  172.5654
8.576	 3.53	 2	 -42.1562	  173.7942
8.580	 2.48	 3	 -41.6598	  174.4488
8.580	 2.35	 1	 -41.9446	  173.6022
8.583	 3.19	 1	 -42.1341	  173.8141
8.584	 2.35	 2	 -42.5612	  173.8368
8.585	 2.70	 1	 -41.9782	  173.9025
8.585	 2.13	 1	 -42.4239	  174.1015
8.585	 3.68	 2	 -43.4070	  172.5567
8.586	 2.13	 1	 -41.8002	  174.1835
8.587	 2.01	 1	 -41.0980	  173.7926
8.587	 3.32	 2	 -42.1913	  173.5743
8.589	 2.09	 2	 -42.4984	  173.6158
8.591	 2.13	 2	 -42.4613	  173.8577
8.592	 2.90	 1	 -41.5744	  174.1075
8.594	 3.12	 1	 -40.8925	  173.6046
8.595	 4.06	 1	 -42.0112	  173.8820
8.595	 2.22	 2	 -42.0161	  173.9896
8.597	 2.61	 2	 -42.2669	  173.6699
8.598	 2.11	 1	 -42.2644	  173.7806
8.598	 2.10	 3	 -43.4187	  172.5352
8.598	 2.77	 1	 -42.1581	  173.4266
8.598	 2.42	 2	 -42.3982	  173.4042
8.600	 2.47	 1	 -41.8435	  174.0427
8.603	 2.57	 1	 -42.2945	  173.6998
8.604	 2.18	 1	 -42.7027	  173.0571
8.604	 3.22	 2	 -41.6728	  174.4346
8.605	 2.73	 2	 -42.2913	  173.7452
8.606	 2.02	 3	 -43.1543	  174.6561
8.611	 2.42	 2	 -42.4665	  173.1716
8.611	 2.03	 3	 -41.6890	  174.4445
8.612	 2.07	 1	 -42.7181	  173.0419
8.613	 2.28	 2	 -42.4641	  173.6464
8.614	 2.54	 2	 -42.3073	  172.8594
8.614	 3.12	 3	 -42.2707	  173.2393
8.615	 2.39	 1	 -42.8494	  173.0674
8.615	 2.24	 3	 -42.6410	  177.3862
8.615	 2.33	 1	 -42.3990	  173.3464
8.616	 2.04	 1	 -42.5182	  173.2565
8.617	 2.39	 1	 -41.7658	  174.2625
8.617	 2.31	 2	 -43.0494	  173.0650
8.619	 2.01	 1	 -42.4467	  173.8651
8.621	 2.65	 3	 -41.8525	  173.6313
8.621	 2.44	 1	 -42.6447	  172.8856
8.623	 2.13	 2	 -42.5972	  173.8888
8.625	 2.23	 2	 -42.5663	  173.8096
8.625	 2.05	 1	 -43.2085	  172.9824
8.626	 3.09	 1	 -42.5421	  173.7942
8.627	 3.01	 1	 -42.7558	  174.2012
8.627	 2.49	 1	 -42.6214	  173.7328
8.629	 2.35	 4	 -42.2688	  173.2362
8.629	 2.18	 1	 -44.9220	  168.7701
8.632	 2.30	 2	 -41.6915	  174.4586
8.632	 2.19	 4	 -42.5956	  173.2350
8.633	 3.12	 1	 -42.3427	  173.5037
8.636	 2.00	 1	 -42.0872	  173.8497
8.637	 2.68	 1	 -42.5795	  172.8595
8.640	 2.32	 1	 -42.5368	  172.5383
8.646	 2.04	 1	 -41.7769	  174.2066
8.646	 2.25	 2	 -42.5493	  173.2229
8.648	 2.18	 1	 -42.3742	  173.9141
8.649	 2.37	 1	 -42.1767	  174.3115
8.650	 2.08	 2	 -42.4737	  173.1856
8.651	 2.52	 1	 -42.2946	  173.6349
8.654	 4.93	 1	 -42.9591	  172.2557
8.654	 2.02	 1	 -42.3614	  173.0594
8.654	 2.28	 1	 -42.0359	  173.7434
8.654	 2.29	 1	 -42.8433	  173.1141
8.655	 2.10	 2	 -42.2069	  173.7852
8.656	 2.40	 1	 -41.8234	  174.2055
8.657	 2.22	 3	 -42.2447	  173.1708
8.658	 2.33	 3	 -43.2024	  174.7620
8.660	 2.49	 1	 -42.0688	  173.6133
8.661	 3.37	 2	 -42.2510	  173.4899
8.661	 2.75	 1	 -42.3069	  174.1877
8.663	 2.06	 1	 -41.8331	  174.1350
8.664	 2.76	 1	 -41.7147	  174.2763
8.665	 2.30	 2	 -42.9896	  172.3138
8.666	 2.18	 2	 -42.9008	  169.8739
8.667	 2.32	 3	 -42.4616	  173.1823
8.667	 2.30	 2	 -41.9436	  173.7165
8.667	 2.02	 2	 -42.4975	  173.0865
8.668	 2.06	 2	 -42.6546	  172.6791
8.671	 2.39	 3	 -41.6948	  174.4549
8.673	 2.68	 3	 -42.1468	  173.9756
8.673	 2.70	 3	 -42.9006	  173.2336
8.674	 2.14	 1	 -42.4733	  173.8097
8.674	 2.02	 2	 -42.3119	  174.2112
8.674	 2.08	 4	 -42.0867	  173.4450
8.675	 2.19	 1	 -42.2359	  173.7215
8.675	 2.44	 1	 -42.1903	  173.6407
8.676	 2.46	 2	 -42.3131	  174.0223
8.678	 2.45	 1	 -42.4148	  173.1163
8.680	 2.53	 2	 -42.6974	  172.9595
8.681	 2.03	 3	 -42.4096	  173.1900
8.681	 2.03	 3	 -42.1530	  173.5748
8.683	 2.16	 1	 -42.1421	  173.4129
8.684	 2.63	 1	 -41.8233	  174.3305
8.686	 2.53	 4	 -41.7724	  172.2834
8.687	 2.65	 3	 -42.2505	  173.4875
8.688	 2.57	 2	 -42.3121	  173.0601
8.689	 2.20	 2	 -42.5316	  173.3932
8.689	 2.60	 2	 -42.3989	  173.8665
8.690	 2.51	 1	 -42.1750	  173.6911
8.692	 2.61	 1	 -41.9862	  174.0642
8.697	 2.74	 1	 -41.7567	  174.2787
8.699	 2.74	 2	 -43.2087	  172.4355
8.700	 4.29	 2	 -41.8176	  174.1364
8.700	 2.49	 1	 -42.3290	  173.3254
8.700	 2.17	 1	 -42.3634	  174.1591
8.700	 2.84	 1	 -42.5323	  173.2077
8.701	 2.08	 2	 -42.6902	  172.9899
8.702	 2.54	 1	 -41.7149	  175.0155
8.702	 2.36	 3	 -42.3638	  173.1309
8.706	 2.80	 3	 -41.5169	  174.0311
8.706	 2.24	 1	 -42.5187	  173.2681
8.707	 2.02	 1	 -42.6473	  173.0884
8.712	 2.08	 1	 -41.7618	  174.1907
8.712	 2.16	 1	 -41.8303	  174.2309
8.714	 3.10	 2	 -42.3209	  173.8323
8.714	 2.16	 1	 -41.8767	  174.2644
8.714	 2.11	 1	 -42.7557	  173.0844
8.717	 2.78	 2	 -41.9474	  173.5186
8.718	 2.31	 3	 -42.2346	  173.9473
8.721	 2.14	 1	 -42.2894	  172.9592
8.722	 2.06	 1	 -41.3043	  174.4235
8.724	 2.40	 2	 -42.6654	  172.8062
8.728	 2.02	 3	 -43.3828	  172.5723
8.728	 2.04	 1	 -42.8053	  173.2478
8.730	 2.08	 1	 -41.9729	  174.0145
8.730	 2.33	 1	 -41.7139	  174.2266
8.734	 2.18	 2	 -42.0302	  173.7000
8.734	 2.20	 1	 -42.0807	  173.7028
8.737	 2.35	 2	 -42.9268	  172.2307
8.737	 2.44	 3	 -42.4027	  173.2073
8.739	 2.00	 1	 -42.3557	  173.8956
8.739	 2.46	 2	 -43.0793	  172.2860
8.744	 2.12	 1	 -42.1919	  173.6757
8.746	 2.08	 4	 -42.5750	  173.0998
8.746	 2.20	 1	 -41.7182	  174.1883
8.748	 3.32	 1	 -42.4270	  170.1212
8.749	 2.05	 2	 -42.3824	  173.1826
8.749	 2.49	 1	 -42.2756	  173.6526
8.750	 2.10	 1	 -42.6268	  172.8282
8.751	 2.63	 2	 -42.5441	  173.7064
8.752	 2.56	 2	 -42.9809	  172.2849
8.752	 2.85	 3	 -42.5848	  172.7786
8.754	 2.16	 1	 -41.7987	  174.2414
8.755	 2.69	 1	 -41.6785	  174.2757
8.755	 2.00	 2	 -42.0234	  173.6536
8.755	 3.50	 1	 -42.3304	  173.9646
8.756	 2.01	 1	 -42.2304	  173.7010
8.756	 2.57	 2	 -41.7541	  174.1945
8.758	 2.63	 1	 -42.2606	  173.4182
8.758	 2.67	 1	 -42.3900	  173.7927
8.759	 2.54	 1	 -41.6919	  174.2694
8.762	 2.03	 1	 -41.6550	  174.3281
8.764	 3.37	 1	 -41.7839	  174.0811
8.764	 2.41	 1	 -42.3924	  173.8285
8.765	 2.26	 2	 -42.9651	  172.2444
8.765	 2.41	 1	 -42.2333	  173.7700
8.766	 2.09	 1	 -42.4519	  173.8938
8.766	 2.25	 1	 -41.6269	  174.2267
8.767	 2.25	 1	 -41.7214	  174.1720
8.770	 2.28	 1	 -42.5592	  173.1841
8.770	 2.01	 1	 -41.8219	  174.3320
8.771	 2.43	 1	 -41.8071	  174.2661
8.771	 2.07	 1	 -41.7252	  174.3103
8.773	 3.12	 1	 -42.4939	  173.1913
8.774	 2.17	 1	 -42.4181	  173.7562
8.775	 2.41	 1	 -42.5454	  173.9791
8.775	 2.90	 1	 -41.6552	  174.2142
8.776	 2.14	 1	 -41.8025	  174.2195
8.778	 2.07	 1	 -42.5067	  173.1363
8.779	 2.60	 1	 -45.4304	  169.2306
8.780	 2.52	 2	 -42.9660	  172.2777
8.780	 2.00	 2	 -42.9198	  172.8536
8.780	 2.30	 2	 -42.2790	  173.2607
8.781	 2.30	 1	 -42.5588	  172.7017
8.781	 2.29	 3	 -42.6928	  172.9886
8.782	 3.05	 2	 -41.7308	  175.3589
8.784	 2.48	 3	 -42.1611	  173.7934
8.785	 3.66	 2	 -46.6068	  175.4280
8.788	 2.20	 1	 -42.3183	  173.6027
8.788	 2.48	 1	 -42.5752	  172.7648
8.791	 2.41	 2	 -42.4564	  173.5760
8.792	 2.21	 2	 -42.2988	  173.7770
8.794	 2.02	 1	 -42.5725	  173.1156
8.794	 2.08	 1	 -42.4460	  173.7647
8.794	 2.97	 1	 -42.4662	  173.1990
8.797	 2.76	 2	 -41.6649	  174.4731
8.797	 2.12	 1	 -41.8795	  173.8784
8.797	 2.12	 1	 -42.6357	  173.3072
8.797	 2.18	 1	 -42.0336	  173.8591
8.797	 2.11	 2	 -42.7072	  172.5944
8.797	 2.01	 3	 -41.9442	  173.7208
8.797	 2.07	 1	 -42.5150	  173.1763
8.799	 2.64	 3	 -42.3825	  173.4240
8.799	 2.48	 1	 -41.9286	  174.1206
8.800	 2.05	 1	 -42.2664	  173.5844
8.801	 4.49	 2	 -42.6268	  172.8761
8.804	 2.05	 1	 -42.3145	  173.7780
8.805	 2.69	 4	 -42.5637	  173.1169
8.805	 2.01	 2	 -42.4670	  173.2364
8.808	 2.69	 1	 -41.5330	  176.2012
8.809	 3.74	 2	 -42.4367	  173.4506
8.810	 2.45	 2	 -42.9407	  172.2738
8.810	 2.38	 2	 -41.9723	  173.9524
8.811	 2.20	 2	 -41.8094	  174.2360
8.812	 2.07	 1	 -41.9932	  173.7558
8.812	 2.34	 1	 -42.2781	  173.4971
8.815	 2.17	 1	 -41.8163	  174.1958
8.816	 2.16	 2	 -42.3844	  173.7945
8.817	 2.12	 1	 -42.0898	  173.7668
8.817	 2.55	 2	 -42.3433	  173.8199
8.817	 2.24	 1	 -42.4278	  172.8549
8.820	 2.13	 1	 -41.7192	  174.2645
8.823	 2.57	 1	 -42.1125	  172.9975
8.823	 2.21	 2	 -42.3075	  173.4083
8.824	 2.14	 2	 -42.4531	  173.7871
8.824	 2.06	 1	 -42.7251	  172.7188
8.825	 2.03	 1	 -42.3158	  173.2788
8.825	 2.23	 2	 -42.4504	  173.8230
8.825	 2.05	 1	 -41.8941	  173.7413
8.828	 2.32	 1	 -42.5487	  173.1606
8.829	 2.42	 2	 -42.2045	  173.7323
8.830	 2.75	 1	 -42.5110	  173.1390
8.832	 2.86	 4	 -42.0711	  174.0986
8.834	 2.43	 2	 -42.3038	  173.8254
8.834	 2.25	 3	 -41.2162	  173.8937
8.835	 2.28	 3	 -42.3969	  173.2076
8.835	 2.43	 2	 -42.3169	  174.0273
8.836	 2.17	 1	 -42.6940	  173.0493
8.836	 2.26	 1	 -42.7111	  172.7405
8.837	 2.01	 2	 -41.7196	  174.2185
8.837	 2.21	 3	 -42.3660	  173.0963
8.837	 2.17	 1	 -42.5922	  174.0226
8.837	 2.05	 1	 -42.6356	  172.8146
8.837	 2.32	 1	 -42.5790	  172.8979
8.838	 2.40	 2	 -41.7292	  174.2583
8.839	 2.42	 1	 -42.3904	  173.7487
8.840	 2.23	 1	 -41.9480	  174.1756
8.841	 3.33	 1	 -42.3037	  173.8158
8.843	 2.56	 2	 -42.4501	  173.8984
8.843	 2.18	 1	 -42.8059	  172.0052
8.845	 2.37	 1	 -41.6999	  174.2346
8.853	 2.71	 3	 -42.6207	  173.4559
8.855	 2.10	 2	 -42.9843	  172.2183
8.857	 2.03	 1	 -41.7814	  174.1908
8.859	 2.23	 2	 -42.4382	  173.5074
8.860	 2.01	 1	 -41.7058	  174.0634
8.865	 2.53	 3	 -42.3575	  173.8809
8.865	 2.35	 1	 -42.3262	  174.0575
8.867	 3.51	 1	 -42.0007	  174.0401
8.868	 2.28	 1	 -42.7370	  172.9401
8.870	 2.19	 1	 -42.0032	  173.6525
8.870	 2.08	 1	 -41.9474	  173.6726
8.870	 2.05	 3	 -41.7858	  174.2059
8.870	 2.51	 1	 -41.6194	  174.0472
8.873	 2.70	 1	 -42.1197	  173.5156
8.873	 2.55	 3	 -41.8260	  174.1829
8.874	 2.06	 3	 -46.6063	  175.4418
8.874	 2.40	 1	 -42.5051	  173.1430
8.877	 2.52	 2	 -41.9930	  173.6320
8.877	 2.67	 1	 -41.7447	  174.3261
8.880	 2.81	 1	 -41.7754	  174.3646
8.882	 2.02	 1	 -42.3406	  173.0524
8.883	 2.01	 3	 -43.1353	  174.6119
8.883	 2.77	 1	 -42.2197	  173.6399
8.884	 2.30	 2	 -42.9087	  169.9242
8.884	 2.58	 2	 -41.8007	  174.1405
8.885	 2.05	 1	 -41.9191	  174.1764
8.885	 2.65	 1	 -42.1963	  173.7923
8.885	 2.13	 4	 -41.8030	  172.4841
8.886	 2.00	 2	 -42.7069	  172.1270
8.887	 2.27	 1	 -42.3207	  173.6870
8.887	 3.36	 2	 -42.3639	  173.4830
8.889	 2.25	 1	 -42.5615	  173.3402
8.889	 2.67	 1	 -42.5382	  173.1386
8.891	 2.21	 2	 -41.8045	  174.1584
8.893	 2.97	 1	 -42.2975	  173.6421
8.893	 2.43	 1	 -41.7115	  174.1603
8.893	 2.50	 1	 -42.0234	  173.8820
8.893	 2.61	 3	 -42.5554	  173.0807
8.893	 2.14	 1	 -42.3659	  173.9281
8.894	 2.07	 1	 -42.2529	  173.8524
8.895	 2.01	 3	 -42.4286	  173.1408
8.901	 2.17	 1	 -43.4688	  173.1216
8.909	 2.03	 2	 -41.8930	  173.7201
8.911	 3.56	 1	 -42.2474	  173.7126
8.912	 2.90	 1	 -43.4177	  170.1597
8.912	 2.88	 2	 -42.4409	  173.6567
8.912	 2.15	 1	 -41.7300	  174.3249
8.914	 3.17	 2	 -42.6582	  172.9128
8.916	 2.04	 3	 -42.3007	  173.1557
8.919	 2.35	 1	 -42.4495	  173.1344
8.921	 2.85	 2	 -41.9452	  174.2948
8.921	 2.29	 1	 -42.6712	  173.0436
8.922	 2.24	 3	 -43.2348	  174.4066
8.922	 2.02	 2	 -42.0933	  173.7309
8.923	 3.22	 5	 -43.6946	  174.2330
8.923	 2.24	 1	 -42.0150	  173.7310
8.926	 2.26	 2	 -41.8356	  174.1698
8.928	 2.54	 1	 -42.1590	  173.8354
8.929	 2.12	 1	 -42.0946	  173.8660
8.929	 2.01	 1	 -42.3321	  173.5629
8.929	 2.12	 2	 -42.2111	  174.1198
8.929	 2.34	 1	 -42.2107	  174.0145
8.930	 2.29	 1	 -42.3905	  173.1138
8.931	 4.02	 2	 -41.6448	  171.9337
8.934	 2.76	 3	 -42.4495	  173.1416
8.934	 2.29	 1	 -41.7330	  174.4429
8.935	 2.55	 2	 -42.9576	  173.3747
8.937	 2.09	 1	 -42.4303	  173.0494
8.939	 2.12	 3	 -41.7073	  174.4550
8.941	 2.05	 1	 -42.0225	  173.6821
8.941	 2.24	 1	 -42.3500	  173.9940
8.942	 2.96	 1	 -41.7016	  174.1440
8.943	 2.12	 3	 -42.4174	  173.0715
8.943	 2.80	 1	 -42.4085	  174.0923
8.944	 2.11	 2	 -42.9641	  172.2591
8.945	 2.07	 2	 -42.4444	  173.2097
8.946	 2.23	 1	 -42.0505	  173.7826
8.947	 2.26	 1	 -42.8651	  173.3033
8.950	 2.41	 1	 -42.3190	  173.8605
8.952	 2.09	 1	 -41.9747	  174.0058
8.953	 2.42	 2	 -42.4989	  173.7288
8.954	 2.21	 1	 -41.7308	  174.3130
8.956	 2.89	 1	 -42.2047	  173.6149
8.957	 2.21	 2	 -42.0798	  173.6875
8.958	 2.02	 3	 -43.3230	  172.5284
8.958	 2.83	 1	 -42.2612	  173.6215
8.959	 2.49	 3	 -41.6585	  174.4205
8.960	 3.44	 2	 -42.9746	  172.3494
8.964	 2.02	 1	 -42.7182	  173.6660
8.965	 2.22	 1	 -41.8743	  174.2342
8.965	 2.27	 2	 -42.0728	  173.4498
8.966	 2.17	 2	 -42.3918	  173.1143
8.967	 2.32	 2	 -41.9992	  173.7315
8.968	 2.19	 2	 -42.2930	  173.7647
8.969	 2.38	 1	 -42.2831	  173.0963
8.972	 2.07	 3	 -42.5977	  173.1287
8.978	 2.64	 2	 -42.9663	  172.1221
8.979	 2.93	 2	 -42.2680	  173.5858
8.981	 2.04	 1	 -41.7133	  174.2913
8.982	 2.99	 1	 -41.2891	  167.2100
8.982	 2.14	 2	 -42.9030	  169.9101
8.984	 2.57	 3	 -41.6278	  171.9421
8.985	 2.02	 1	 -42.6060	  173.0892
8.987	 2.07	 4	 -41.7609	  173.8278
8.987	 3.26	 1	 -42.2848	  173.9046
8.989	 2.03	 1	 -41.5537	  174.4117
8.990	 2.34	 1	 -42.0636	  173.7440
8.991	 2.82	 3	 -42.1308	  173.6338
8.992	 2.61	 2	 -42.2421	  172.6065
8.994	 2.74	 2	 -41.8249	  174.2598
8.995	 2.34	 2	 -42.3998	  173.1675
8.995	 3.07	 2	 -42.0428	  173.6611
8.996	 2.40	 1	 -42.0180	  173.7963
8.996	 2.71	 1	 -42.2568	  173.3449
8.996	 2.01	 3	 -41.7520	  173.9403
8.998	 2.48	 1	 -42.0075	  173.5346
9.000	 2.38	 1	 -42.3109	  173.9354
9.001	 2.30	 1	 -41.8085	  171.7382
9.002	 2.02	 2	 -42.3836	  173.7334
9.004	 2.30	 1	 -41.7069	  174.3964
9.004	 2.12	 1	 -42.3587	  173.6263
9.006	 2.10	 1	 -42.3843	  174.0224
9.007	 2.04	 1	 -42.3053	  173.4665
9.007	 2.27	 2	 -42.0999	  173.5709
9.008	 2.51	 2	 -41.7093	  174.2081
9.011	 2.42	 2	 -42.9351	  169.6918
9.012	 2.25	 1	 -40.5697	  175.9120
9.013	 2.18	 1	 -41.7403	  174.2727
9.015	 2.33	 1	 -42.2842	  174.1863
9.016	 2.30	 3	 -42.6179	  172.8495
9.018	 2.48	 1	 -42.5287	  173.9003
9.020	 2.09	 1	 -42.5864	  173.3360
9.021	 2.63	 4	 -41.7006	  174.2625
9.021	 2.44	 1	 -42.9934	  173.4563
9.022	 2.40	 3	 -42.3756	  173.8475
9.022	 2.35	 1	 -42.4537	  173.6646
9.022	 2.08	 1	 -42.2980	  173.7364
9.025	 2.17	 1	 -42.7721	  172.9709
9.025	 2.84	 1	 -42.5429	  173.0368
9.027	 2.57	 1	 -41.7972	  173.9926
9.028	 2.21	 1	 -41.7081	  174.3988
9.029	 2.05	 2	 -42.3021	  173.6240
9.029	 2.26	 2	 -41.7942	  174.1712
9.029	 3.25	 1	 -42.3228	  173.8510
9.030	 2.20	 1	 -42.2710	  173.6631
9.033	 2.63	 1	 -42.0561	  173.1824
9.033	 2.17	 1	 -42.3015	  173.7913
9.034	 2.39	 2	 -42.8156	  172.3235
9.034	 2.34	 1	 -42.0333	  173.7563
9.034	 2.30	 3	 -43.1172	  174.5464
9.037	 2.54	 1	 -42.3587	  173.4190
9.038	 2.04	 1	 -42.3416	  173.7795
9.039	 2.07	 1	 -42.6840	  172.7966
9.039	 2.38	 1	 -42.3569	  173.7367
9.040	 2.80	 1	 -42.0838	  173.6827
9.041	 2.71	 1	 -42.0119	  173.6909
9.043	 2.17	 1	 -42.5014	  173.0975
9.044	 2.74	 1	 -41.9376	  173.5146
9.046	 2.34	 1	 -43.0483	  178.9811
9.046	 2.29	 1	 -42.5830	  172.9887
9.047	 2.23	 3	 -42.4301	  173.1869
9.047	 2.26	 2	 -42.5461	  173.1922
9.048	 3.42	 1	 -41.7827	  174.2139
9.048	 2.01	 1	 -42.5485	  173.4630
9.049	 5.13	 3	 -42.5173	  172.6686
9.052	 2.43	 1	 -42.5094	  172.9331
9.053	 2.20	 2	 -42.4572	  173.6945
9.056	 2.21	 2	 -42.3554	  173.0963
9.060	 2.51	 1	 -42.1491	  173.6111
9.061	 2.24	 4	 -42.4395	  172.6543
9.063	 3.06	 1	 -42.8374	  172.9010
9.063	 2.17	 4	 -42.4222	  172.4327
9.066	 2.16	 1	 -41.9596	  179.0581
9.068	 2.28	 3	 -41.6461	  171.9310
9.069	 2.25	 1	 -42.7558	  173.2801
9.074	 2.01	 1	 -42.6831	  173.1166
9.075	 4.33	 2	 -42.4631	  173.1379
9.077	 2.16	 2	 -42.6487	  172.8248
9.078	 2.26	 1	 -42.4175	  173.7629
9.079	 3.29	 1	 -42.6553	  172.8073
9.080	 2.67	 1	 -42.5198	  173.0767
9.080	 2.16	 2	 -42.9572	  172.2642
9.080	 2.19	 1	 -42.2635	  174.4868
9.081	 2.17	 1	 -42.4248	  173.0770
9.082	 2.28	 1	 -42.3134	  173.8707
9.084	 2.03	 4	 -42.0736	  173.4949
9.086	 2.20	 1	 -42.7426	  173.5617
9.086	 2.13	 2	 -41.6101	  174.3533
9.088	 2.25	 4	 -42.5271	  172.6645
9.088	 2.11	 1	 -42.9915	  173.7112
9.089	 2.61	 1	 -42.2537	  173.7793
9.091	 2.22	 2	 -42.1817	  173.5803
9.094	 3.16	 1	 -42.5585	  173.1464
9.094	 3.23	 1	 -42.2637	  173.7889
9.094	 2.37	 2	 -41.9180	  173.7212
9.094	 2.56	 3	 -42.4023	  173.2131
9.095	 2.02	 2	 -41.9415	  174.0546
9.095	 2.11	 1	 -42.5458	  173.2423
9.096	 2.10	 2	 -42.9566	  172.2530
9.098	 2.75	 1	 -42.1590	  173.6055
9.099	 2.42	 1	 -42.2408	  172.7978
9.100	 2.16	 2	 -44.7025	  173.1109
9.100	 4.27	 2	 -42.4475	  173.0292
9.101	 2.04	 4	 -41.7016	  174.3874
9.101	 2.05	 1	 -42.3511	  173.8487
9.101	 2.49	 3	 -42.2112	  173.6362
9.101	 3.43	 1	 -42.5496	  173.1723
9.101	 2.08	 3	 -41.8590	  174.0876
9.101	 2.71	 1	 -41.7697	  174.0920
9.102	 3.93	 2	 -38.7444	  175.9537
9.102	 3.33	 2	 -41.8597	  174.1628
9.103	 2.05	 1	 -41.6985	  174.2381
9.107	 2.34	 3	 -42.4465	  173.7635
9.107	 3.61	 2	 -42.5868	  172.9356
9.108	 2.63	 2	 -42.2029	  173.7837
9.109	 2.32	 1	 -41.7009	  174.3444
9.110	 2.21	 2	 -42.1217	  175.0784
9.111	 2.11	 3	 -38.7623	  175.9848
9.111	 2.53	 4	 -42.5191	  172.6371
9.111	 2.23	 1	 -42.3607	  174.0224
9.113	 2.59	 2	 -41.4141	  174.9666
9.115	 2.08	 1	 -42.6530	  172.9713
9.118	 2.12	 2	 -42.5049	  174.1048
9.118	 2.64	 1	 -41.9142	  174.4034
9.118	 2.10	 1	 -42.6183	  173.0427
9.118	 2.20	 4	 -42.6697	  172.8755
9.119	 2.97	 4	 -42.5303	  172.7189
9.120	 3.16	 2	 -42.9565	  172.2712
9.121	 2.20	 3	 -41.7845	  173.8534
9.122	 2.67	 1	 -42.1820	  173.6901
9.123	 2.24	 1	 -42.4928	  173.1833
9.123	 2.01	 1	 -41.9890	  173.6744
9.124	 2.04	 2	 -41.8168	  174.4305
9.125	 2.08	 1	 -41.7891	  174.2714
9.125	 2.67	 2	 -41.5165	  176.2060
9.126	 2.11	 2	 -41.8018	  174.1949
9.128	 2.52	 1	 -41.7939	  174.1738
9.129	 2.27	 2	 -42.3551	  174.1750
9.131	 2.12	 1	 -42.5539	  172.2162
9.133	 2.04	 1	 -42.7558	  172.9601
9.134	 2.49	 3	 -42.6980	  172.9208
9.134	 2.09	 4	 -42.6551	  172.4829
9.134	 2.03	 3	 -42.4091	  173.1646
9.134	 2.00	 2	 -41.9014	  173.7396
9.134	 2.51	 1	 -42.6011	  173.7580
9.135	 2.45	 2	 -41.0388	  172.0159
9.135	 2.75	 2	 -42.3041	  173.4673
9.136	 2.23	 1	 -41.6731	  174.2152
9.137	 2.14	 1	 -42.3645	  173.1899
9.138	 2.82	 1	 -42.4034	  173.9328
9.139	 3.11	 1	 -42.2585	  173.6910
9.140	 2.57	 2	 -41.8360	  174.2677
9.141	 2.38	 2	 -42.4603	  173.8759
9.143	 2.91	 2	 -42.6095	  173.7550
9.143	 2.33	 4	 -42.4804	  172.6592
9.143	 2.38	 2	 -42.4137	  173.1701
9.143	 2.37	 1	 -42.4794	  173.3382
9.144	 2.23	 1	 -41.7166	  174.2023
9.146	 2.81	 2	 -42.4248	  173.7604
9.147	 2.18	 1	 -41.7273	  174.2561
9.149	 2.19	 1	 -42.5378	  172.7127
9.150	 2.59	 1	 -42.5004	  173.8022
9.150	 2.69	 3	 -38.7799	  175.9314
9.150	 2.14	 2	 -41.8100	  174.1671
9.151	 2.20	 1	 -41.4454	  174.4122
9.151	 2.57	 1	 -42.5581	  173.0371
9.152	 2.68	 4	 -42.5055	  172.6713
9.154	 2.60	 2	 -42.3819	  173.1875
9.154	 2.03	 1	 -42.3728	  173.3775
9.157	 2.06	 1	 -41.9870	  173.7572
9.157	 2.78	 3	 -42.2115	  172.7131
9.160	 2.18	 3	 -42.6368	  172.9112
9.162	 2.29	 1	 -42.6359	  173.1623
9.162	 2.05	 1	 -41.7505	  174.3603
9.165	 2.32	 2	 -42.1645	  173.4997
9.167	 2.03	 3	 -42.0845	  173.4935
9.169	 2.15	 1	 -42.4478	  173.0932
9.169	 2.31	 1	 -42.3791	  173.9792
9.170	 2.00	 1	 -42.4419	  172.4809
9.170	 2.95	 1	 -42.5940	  173.0277
9.172	 2.24	 2	 -42.8946	  169.9373
9.174	 2.38	 1	 -42.5322	  173.1226
9.174	 2.03	 2	 -42.3924	  173.8351
9.175	 2.32	 1	 -42.0995	  173.7721
9.175	 2.23	 1	 -41.9389	  174.0865
9.176	 2.05	 3	 -41.8230	  174.1429
9.178	 2.28	 1	 -42.1918	  173.6013
9.180	 2.68	 2	 -42.4262	  173.4599
9.181	 2.04	 3	 -42.1675	  173.6175
9.184	 2.15	 1	 -42.2192	  173.5598
9.184	 2.90	 1	 -41.6765	  174.2703
9.186	 2.34	 1	 -41.7006	  174.4130
9.187	 2.04	 1	 -41.7092	  174.3734
9.191	 2.98	 2	 -43.3990	  172.1598
9.194	 2.13	 1	 -42.3916	  173.3735
9.195	 2.54	 1	 -42.3872	  173.6992
9.198	 2.27	 1	 -41.7913	  174.0172
9.200	 2.19	 2	 -42.4240	  173.7271
9.201	 2.13	 1	 -42.2650	  173.7909
9.202	 3.53	 1	 -41.9471	  174.1003
9.202	 2.58	 1	 -42.3495	  173.0214
9.202	 2.67	 1	 -42.1912	  173.7963
9.202	 3.40	 1	 -42.0041	  173.7642
9.204	 2.05	 4	 -42.5109	  172.6704
9.205	 2.15	 3	 -43.4302	  172.4383
9.206	 2.99	 1	 -42.5740	  173.4750
9.206	 2.67	 1	 -41.7448	  174.2122
9.209	 2.35	 4	 -44.2093	  173.2457
9.210	 2.01	 2	 -42.6849	  173.0274
9.210	 2.63	 3	 -41.7278	  174.3012
9.211	 2.13	 2	 -42.7183	  173.0617
9.211	 2.31	 1	 -42.3852	  173.1138
9.212	 2.04	 2	 -42.0775	  172.4634
9.214	 2.91	 1	 -42.0776	  173.6696
9.214	 2.90	 1	 -41.9538	  173.7255
9.214	 2.46	 2	 -42.3233	  173.7119
9.216	 2.52	 1	 -42.0918	  172.9185
9.218	 3.78	 1	 -42.3721	  172.7047
9.219	 2.04	 1	 -41.6821	  174.2460
9.219	 2.40	 2	 -42.3298	  173.7643
9.219	 2.23	 1	 -42.3587	  173.7133
9.221	 3.27	 2	 -42.9550	  172.2368
9.223	 2.30	 1	 -42.2848	  173.2298
9.223	 2.39	 2	 -42.3544	  173.8562
9.223	 2.38	 1	 -41.7987	  174.2144
9.223	 3.96	 2	 -41.9234	  173.7059
9.224	 2.25	 1	 -42.1961	  173.7338
9.224	 4.92	 1	 -41.9649	  173.4569
9.225	 2.06	 1	 -42.4082	  173.3419
9.226	 2.25	 2	 -42.5511	  173.5883
9.229	 2.01	 2	 -42.7413	  173.2079
9.229	 2.07	 2	 -41.9363	  173.6967
9.229	 2.08	 2	 -41.9129	  173.5337
9.229	 2.22	 1	 -41.7476	  174.3103
9.232	 2.91	 1	 -42.2307	  173.6058
9.232	 2.27	 1	 -42.3473	  173.6724
9.233	 3.35	 4	 -42.5606	  172.6453
9.234	 2.35	 2	 -42.6681	  172.8646
9.235	 2.85	 3	 -41.6051	  174.4420
9.237	 2.30	 1	 -42.5234	  172.7395
9.237	 2.13	 1	 -42.3962	  172.9539
9.238	 2.48	 3	 -42.1954	  173.8052
9.238	 2.38	 1	 -42.4308	  173.6665
9.238	 2.32	 4	 -42.5078	  172.6617
9.238	 3.70	 3	 -42.4416	  173.0369
9.240	 2.26	 1	 -42.2396	  172.2920
9.242	 2.51	 3	 -42.3891	  173.1624
9.242	 2.99	 3	 -41.8391	  174.2591
9.244	 2.68	 2	 -41.8614	  173.7110
9.244	 2.12	 1	 -42.4846	  173.5250
9.246	 2.18	 1	 -42.4874	  176.4214
9.247	 2.20	 1	 -42.9613	  173.1864
9.247	 2.14	 2	 -41.9082	  173.4943
9.253	 2.16	 1	 -41.8094	  179.1679
9.253	 2.53	 2	 -42.4307	  173.2736
9.254	 2.35	 1	 -42.3342	  174.0211
9.254	 2.26	 2	 -42.0444	  173.6457
9.255	 2.25	 2	 -41.9410	  173.5084
9.260	 2.89	 3	 -42.4686	  173.2234
9.261	 2.34	 1	 -41.7541	  174.2259
9.262	 2.18	 1	 -42.4738	  173.3012
9.263	 2.00	 1	 -42.3274	  173.7685
9.264	 2.20	 1	 -42.3526	  173.7385
9.265	 2.08	 4	 -42.5282	  172.6682
9.265	 3.47	 1	 -42.3269	  173.8588
9.266	 2.20	 1	 -42.0275	  173.9716
9.266	 3.38	 1	 -41.7560	  174.2522
9.267	 2.44	 3	 -42.4598	  173.0369
9.269	 2.84	 1	 -42.1285	  174.1681
9.269	 2.28	 1	 -42.6860	  172.5132
9.269	 3.04	 1	 -42.0294	  173.6843
9.269	 2.15	 2	 -41.9890	  173.4509
9.270	 2.58	 2	 -42.1729	  173.8814
9.271	 2.53	 1	 -42.6419	  173.4257
9.273	 2.18	 1	 -42.3144	  173.7361
9.275	 3.50	 1	 -42.2950	  173.6499
9.278	 2.36	 2	 -41.9754	  173.4665
9.281	 2.09	 1	 -39.5869	  174.0605
9.281	 2.26	 3	 -43.2202	  173.2174
9.282	 2.47	 1	 -42.3450	  173.9033
9.283	 2.04	 1	 -42.9366	  174.3681
9.285	 2.09	 1	 -41.6993	  174.2605
9.286	 2.15	 4	 -42.5155	  172.6750
9.286	 2.45	 1	 -42.1266	  173.8891
9.286	 4.45	 1	 -41.8655	  173.8958
9.286	 2.03	 1	 -42.2623	  173.7013
9.287	 3.65	 1	 -42.3924	  173.4351
9.287	 2.08	 4	 -42.5363	  172.4929
9.288	 2.57	 3	 -41.9158	  173.7092
9.288	 2.22	 1	 -42.5071	  173.3815
9.288	 2.19	 1	 -42.6924	  172.7777
9.289	 2.49	 2	 -42.3242	  173.8236
9.290	 2.15	 2	 -41.9820	  173.4226
9.290	 2.21	 1	 -41.6634	  173.9713
9.290	 2.28	 1	 -42.9848	  173.4207
9.291	 2.70	 4	 -42.5340	  172.6584
9.292	 2.23	 1	 -41.5261	  174.5986
9.293	 2.49	 2	 -42.3785	  172.6916
9.294	 2.36	 1	 -42.3532	  173.4577
9.294	 2.14	 3	 -42.2846	  173.7400
9.295	 2.97	 1	 -42.3730	  173.1190
9.295	 2.40	 1	 -41.8157	  174.2440
9.297	 2.13	 1	 -42.2197	  173.6644
9.297	 2.84	 1	 -42.6932	  173.4158
9.297	 2.43	 1	 -42.5263	  173.9385
9.297	 2.37	 1	 -41.6939	  174.2723
9.300	 2.15	 3	 -42.4703	  173.1384
9.301	 2.31	 1	 -42.4229	  173.4717
9.302	 3.69	 1	 -42.5830	  172.9590
9.302	 2.10	 1	 -42.3113	  173.4749
9.303	 2.12	 1	 -41.9643	  173.4312
9.304	 2.18	 1	 -42.4460	  173.2981
9.305	 2.46	 1	 -43.0484	  173.2559
9.305	 2.01	 2	 -43.0661	  173.3243
9.306	 2.44	 3	 -42.6194	  173.4473
9.306	 2.42	 2	 -42.3708	  173.4905
9.307	 2.41	 1	 -42.8238	  173.9794
9.307	 2.11	 2	 -41.8963	  174.0331
9.307	 2.13	 1	 -42.6056	  173.6017
9.308	 2.12	 3	 -41.9134	  173.7190
9.308	 2.49	 2	 -41.9659	  173.4528
9.309	 2.31	 1	 -42.7170	  173.0813
9.311	 3.26	 1	 -42.1853	  173.8878
9.312	 2.01	 1	 -42.6680	  173.0237
9.312	 2.37	 1	 -42.0118	  171.3112
9.313	 3.03	 2	 -42.3932	  173.4344
9.313	 2.81	 1	 -42.0816	  173.7181
9.314	 2.29	 3	 -41.9246	  173.6997
9.314	 2.28	 2	 -42.9678	  172.2764
9.315	 2.25	 1	 -42.0154	  172.8946
9.316	 2.73	 1	 -42.0527	  173.7961
9.321	 2.09	 4	 -42.5500	  172.7263
9.322	 2.99	 1	 -41.8253	  174.2813
9.323	 2.30	 2	 -40.2767	  168.2114
9.324	 2.20	 2	 -42.2077	  170.0067
9.325	 2.56	 2	 -41.8261	  174.0816
9.326	 3.33	 2	 -42.5411	  173.2155
9.329	 2.59	 2	 -41.9896	  174.0931
9.330	 2.24	 1	 -42.6750	  172.5884
9.331	 2.20	 1	 -41.7873	  173.7377
9.332	 2.05	 3	 -41.8750	  174.3160
9.332	 2.98	 1	 -42.7983	  172.6835
9.333	 2.04	 1	 -42.2471	  173.6776
9.334	 2.14	 4	 -42.3752	  172.7139
9.338	 3.71	 1	 -41.7640	  174.2955
9.340	 3.16	 1	 -42.1272	  173.3994
9.342	 2.02	 1	 -41.8768	  173.9475
9.344	 2.30	 1	 -41.4580	  173.9850
9.345	 3.64	 2	 -38.1831	  173.2466
9.346	 2.81	 1	 -42.1692	  173.8973
9.347	 2.07	 1	 -41.4427	  174.2728
9.348	 2.96	 1	 -41.9253	  173.6837
9.348	 2.20	 2	 -41.9317	  173.4292
9.349	 2.53	 1	 -41.7871	  174.2726
9.350	 2.05	 2	 -42.0642	  173.4461
9.350	 2.04	 2	 -42.4508	  173.4123
9.352	 2.37	 1	 -42.3073	  173.9713
9.354	 3.20	 2	 -42.3390	  173.1680
9.354	 2.01	 1	 -42.4494	  173.5582
9.356	 2.26	 1	 -41.7573	  174.2786
9.356	 2.33	 2	 -42.5382	  173.1735
9.356	 2.25	 2	 -42.5714	  173.1537
9.356	 2.05	 2	 -42.1607	  173.7858
9.357	 2.46	 2	 -41.7145	  174.3802
9.359	 2.52	 1	 -42.3042	  173.7025
9.359	 2.93	 1	 -41.8894	  174.0049
9.362	 2.03	 2	 -42.8361	  173.9556
9.362	 2.57	 1	 -42.3706	  173.5809
9.363	 2.02	 4	 -41.7131	  174.2530
9.366	 2.12	 1	 -42.4421	  173.2188
9.369	 2.30	 1	 -42.3870	  173.7184
9.371	 2.18	 1	 -42.2825	  173.6852
9.372	 3.83	 3	 -42.4920	  173.1512
9.373	 2.28	 2	 -41.9764	  173.4995
9.378	 3.07	 1	 -42.4546	  173.0499
9.379	 2.16	 2	 -41.8921	  173.9565
9.381	 2.06	 1	 -42.4250	  173.8889
9.383	 2.18	 1	 -42.4821	  173.7813
9.384	 2.92	 1	 -42.5284	  173.0206
9.385	 2.92	 1	 -43.2056	  173.5148
9.386	 2.02	 1	 -41.6767	  174.2664
9.387	 2.38	 1	 -41.7841	  174.4798
9.387	 2.33	 3	 -41.9819	  173.5815
9.387	 2.33	 2	 -41.7470	  174.3052
9.390	 2.38	 1	 -42.4973	  173.1681
9.390	 2.84	 2	 -41.7000	  174.3085
9.391	 2.84	 1	 -42.6949	  172.8171
9.396	 2.06	 3	 -42.1440	  173.5831
9.396	 2.08	 1	 -42.5294	  173.1575
9.397	 2.22	 2	 -43.0911	  173.2412
9.397	 2.10	 1	 -42.7760	  173.3487
9.397	 2.91	 1	 -41.7081	  174.2837
9.397	 3.07	 1	 -45.5781	  177.7523
9.398	 2.70	 2	 -41.8825	  173.9522
9.399	 2.15	 1	 -42.5091	  173.3976
9.403	 2.15	 2	 -42.0075	  173.3617
9.405	 2.65	 1	 -42.6919	  173.1262
9.407	 2.04	 1	 -41.9738	  173.7570
9.407	 2.00	 3	 -42.3361	  173.7657
9.407	 2.10	 3	 -41.8534	  173.8720
9.408	 2.09	 1	 -42.8283	  173.3589
9.409	 2.17	 3	 -42.4352	  173.3980
9.412	 2.06	 1	 -42.5155	  173.1942
9.413	 2.21	 1	 -41.6314	  174.4212
9.414	 2.90	 2	 -42.8648	  169.7215
9.415	 2.87	 2	 -42.2474	  173.6777
9.415	 2.19	 1	 -41.7508	  174.2055
9.415	 2.84	 1	 -42.2425	  173.5483
9.416	 2.55	 1	 -42.4182	  173.7801
9.416	 2.66	 3	 -42.4444	  173.0079
9.417	 2.41	 1	 -42.2563	  173.6383
9.419	 2.41	 2	 -42.1576	  173.7578
9.419	 2.14	 1	 -41.6133	  174.1361
9.420	 2.66	 3	 -42.4285	  173.8336
9.425	 2.07	 1	 -42.1012	  172.9060
9.425	 2.33	 4	 -41.7274	  174.3022
9.426	 3.60	 1	 -41.8544	  174.0492
9.427	 2.01	 1	 -42.4316	  173.3367
9.429	 3.20	 2	 -42.2561	  173.6377
9.430	 2.00	 1	 -42.7448	  173.2246
9.431	 2.22	 1	 -42.4823	  173.7270
9.434	 2.08	 1	 -42.0221	  173.6730
9.435	 2.38	 1	 -42.3251	  173.1850
9.435	 2.23	 1	 -42.3163	  173.8114
9.436	 2.37	 2	 -43.4145	  170.1572
9.437	 2.06	 1	 -42.3564	  173.7648
9.437	 2.44	 1	 -42.6139	  173.3046
9.440	 2.16	 2	 -42.9675	  172.5681
9.441	 2.98	 1	 -41.8244	  174.1622
9.442	 2.51	 2	 -45.2534	  178.1323
9.442	 2.03	 2	 -41.8993	  173.8414
9.442	 2.17	 2	 -42.0291	  173.6842
9.443	 2.62	 2	 -41.8545	  174.0532
9.444	 2.02	 2	 -42.4281	  173.4032
9.445	 2.03	 1	 -38.1984	  172.8185
9.446	 2.24	 1	 -42.4338	  173.1473
9.447	 2.20	 1	 -42.3023	  173.6623
9.447	 2.33	 1	 -41.6121	  174.1675
9.449	 2.31	 1	 -42.7239	  172.8813
9.449	 2.12	 1	 -41.7471	  173.7507
9.451	 2.40	 1	 -42.1146	  173.8121
9.454	 2.61	 1	 -42.4918	  173.6228
9.454	 2.28	 1	 -42.4307	  173.2495
9.459	 2.42	 1	 -42.4510	  173.0557
9.460	 2.92	 1	 -42.8627	  173.3663
9.460	 2.09	 2	 -41.9705	  173.4636
9.460	 2.27	 1	 -41.9189	  173.0448
9.461	 2.44	 3	 -42.3434	  173.8676
9.462	 2.06	 1	 -41.7197	  174.1450
9.462	 2.42	 2	 -42.0014	  173.6575
9.463	 2.20	 3	 -41.6662	  174.2891
9.463	 2.06	 4	 -42.5250	  172.6988
9.464	 3.88	 3	 -41.6453	  174.5334
9.464	 2.73	 1	 -42.3101	  173.9747
9.467	 2.89	 1	 -42.1678	  173.6744
9.467	 2.72	 1	 -42.2795	  173.9767
9.468	 2.99	 1	 -42.5861	  172.9841
9.469	 2.15	 3	 -42.4421	  173.6514
9.470	 2.07	 1	 -41.8644	  173.9756
9.471	 2.41	 2	 -41.7873	  173.7379
9.473	 2.48	 1	 -41.7166	  174.2246
9.473	 2.21	 1	 -42.1186	  173.5688
9.475	 2.06	 1	 -42.5865	  172.9358
9.481	 2.32	 1	 -41.8646	  173.9793
9.481	 2.22	 1	 -42.5047	  172.8374
9.486	 2.55	 1	 -41.7551	  174.2120
9.488	 2.47	 1	 -40.4247	  173.3945
9.491	 2.44	 2	 -42.4663	  173.6691
9.491	 2.22	 3	 -43.0813	  174.4054
9.491	 2.76	 1	 -41.8074	  174.3703
9.491	 2.66	 1	 -41.7005	  174.2637
9.492	 2.56	 3	 -42.2731	  173.2000
9.493	 2.00	 1	 -41.9359	  174.3823
9.494	 2.20	 1	 -42.2662	  173.7897
9.494	 2.03	 1	 -42.1606	  173.8022
9.494	 2.36	 1	 -42.6183	  173.0485
9.496	 2.19	 2	 -41.7953	  174.1692
9.496	 2.28	 1	 -42.6089	  172.9954
9.497	 2.18	 3	 -42.0090	  173.3900
9.497	 2.25	 1	 -41.7072	  174.2814
9.497	 2.38	 1	 -42.2920	  174.1867
9.497	 3.43	 1	 -42.0162	  173.9092
9.498	 2.68	 1	 -42.2159	  173.1719
9.499	 2.23	 1	 -41.9520	  173.9935
9.499	 2.29	 4	 -42.4674	  172.6565
9.500	 2.50	 1	 -43.5432	  172.4263
9.501	 2.02	 2	 -42.0781	  173.6663
9.505	 2.19	 1	 -42.6234	  172.8439
9.506	 2.75	 1	 -42.5383	  173.7627
9.507	 2.24	 1	 -41.7605	  174.3036
9.507	 2.83	 3	 -42.4515	  173.4541
9.507	 2.53	 1	 -42.3331	  173.9257
9.508	 2.00	 1	 -42.4430	  172.7466
9.508	 2.01	 1	 -41.5259	  174.5763
9.508	 2.13	 2	 -42.8429	  174.0183
9.508	 2.63	 1	 -42.5196	  173.2827
9.510	 2.67	 1	 -42.5109	  171.6706
9.510	 2.92	 2	 -42.2999	  173.8563
9.511	 2.00	 1	 -41.7008	  174.2313
9.511	 2.76	 1	 -42.4758	  173.9702
9.511	 2.23	 1	 -42.4061	  173.0348
9.512	 2.11	 1	 -41.8036	  174.0382
9.512	 2.23	 2	 -41.5689	  175.5017
9.513	 2.49	 2	 -41.7866	  174.1530
9.517	 3.08	 4	 -39.2827	  172.5502
9.520	 2.20	 3	 -43.3992	  172.1584
9.521	 2.12	 1	 -41.7023	  174.2172
9.525	 3.22	 1	 -42.6467	  172.7604
9.527	 2.19	 1	 -41.7853	  174.1877
9.529	 3.00	 1	 -42.2065	  173.6626
9.530	 2.35	 2	 -41.8001	  174.2637
9.530	 2.22	 2	 -42.5888	  173.2891
9.531	 2.72	 1	 -42.6397	  172.9717
9.531	 2.31	 3	 -42.6276	  172.8726
9.536	 2.27	 2	 -42.3149	  173.8901
9.538	 3.40	 4	 -42.5149	  172.6939
9.539	 3.08	 4	 -42.5758	  172.1811
9.540	 2.65	 1	 -41.7922	  174.2669
9.540	 2.01	 1	 -42.6408	  172.8853
9.545	 2.90	 1	 -41.9722	  173.7606
9.549	 2.07	 1	 -42.4215	  173.7699
9.550	 2.48	 3	 -41.7741	  174.2956
9.551	 2.66	 1	 -42.7808	  174.1659
9.554	 2.40	 4	 -42.5207	  172.6043
9.558	 2.48	 2	 -42.3659	  174.1156
9.560	 2.03	 3	 -41.6306	  174.4130
9.561	 2.06	 1	 -42.6522	  172.7587
9.561	 2.10	 4	 -42.5116	  172.5870
9.562	 2.34	 2	 -42.7655	  172.4853
9.564	 2.98	 2	 -41.6897	  174.1300
9.566	 2.02	 3	 -42.7364	  170.6644
9.567	 2.30	 1	 -42.3761	  173.7366
9.567	 2.40	 2	 -42.4607	  173.9009
9.568	 2.54	 1	 -41.8687	  174.2467
9.568	 2.05	 2	 -42.2238	  173.7139
9.569	 3.23	 2	 -42.1840	  173.5173
9.570	 2.55	 1	 -42.4704	  173.0883
9.574	 2.81	 1	 -41.9638	  173.7883
9.575	 2.80	 1	 -43.5458	  174.3706
9.576	 2.38	 1	 -42.2911	  173.6882
9.578	 2.29	 1	 -41.8261	  174.3349
9.579	 2.02	 1	 -41.8548	  174.3132
9.579	 4.02	 1	 -42.5593	  173.0256
9.580	 2.24	 2	 -42.1782	  173.7699
9.580	 2.25	 1	 -41.9116	  174.6838
9.581	 2.09	 1	 -41.6726	  174.2478
9.582	 2.57	 3	 -42.6216	  173.1259
9.584	 2.57	 1	 -42.2720	  173.7549
9.585	 2.40	 2	 -41.9957	  174.4261
9.585	 2.74	 4	 -44.1717	  173.1951
9.586	 2.45	 1	 -41.7093	  174.2326
9.587	 2.22	 2	 -42.4024	  173.1662
9.591	 2.89	 1	 -42.8961	  174.4201
9.593	 2.12	 3	 -41.8600	  174.1482
9.594	 2.57	 1	 -42.6264	  173.7340
9.595	 2.12	 1	 -41.6879	  174.2045
9.596	 2.23	 1	 -42.5116	  172.9572
9.598	 2.09	 1	 -42.1357	  174.1038
9.598	 2.47	 1	 -42.5563	  173.0863
9.601	 2.68	 1	 -42.1916	  173.6910
9.601	 2.93	 3	 -41.7441	  174.3884
9.601	 2.97	 1	 -42.6045	  172.7760
9.602	 3.60	 1	 -41.8490	  174.1348
9.605	 2.24	 2	 -42.5215	  173.0484
9.606	 2.76	 1	 -42.6149	  173.7932
9.606	 2.14	 1	 -41.9656	  174.2279
9.607	 2.20	 2	 -42.6345	  172.8395
9.609	 2.34	 2	 -42.4797	  173.5138
9.609	 2.12	 1	 -42.8937	  172.4682
9.611	 2.27	 1	 -42.0802	  174.0936
9.612	 2.52	 2	 -42.0655	  173.3969
9.613	 3.43	 2	 -42.5382	  173.9501
9.618	 2.38	 4	 -43.0657	  173.0852
9.619	 2.00	 2	 -39.5437	  168.6981
9.625	 2.04	 2	 -42.1412	  173.1519
9.625	 2.49	 2	 -42.1687	  173.5977
9.626	 3.29	 1	 -42.6836	  172.9351
9.627	 3.03	 2	 -42.3742	  173.9883
9.629	 2.58	 1	 -42.2558	  173.6485
9.630	 2.66	 1	 -42.6019	  173.0259
9.631	 2.17	 1	 -42.2197	  173.5587
9.633	 2.88	 1	 -41.6937	  174.2405
9.637	 2.32	 1	 -42.0298	  173.6404
9.637	 3.21	 1	 -42.4417	  173.1512
9.640	 2.88	 2	 -42.3082	  174.1014
9.642	 2.72	 3	 -42.4425	  173.3993
9.642	 2.17	 1	 -41.6879	  174.3551
9.645	 2.73	 1	 -41.7844	  174.2682
9.648	 2.44	 1	 -42.2383	  173.6348
9.649	 2.39	 1	 -46.8712	  175.2819
9.649	 2.15	 1	 -41.8698	  174.1920
9.652	 2.26	 4	 -42.5263	  172.6816
9.652	 2.26	 1	 -42.6262	  173.1570
9.652	 2.31	 1	 -42.4633	  173.7307
9.653	 2.18	 3	 -38.1831	  173.2417
9.653	 2.04	 2	 -42.4419	  173.6708
9.654	 2.06	 1	 -42.4248	  173.1687
9.654	 2.27	 2	 -42.1737	  172.8311
9.656	 2.05	 1	 -42.4810	  173.1738
9.656	 3.93	 1	 -41.8074	  174.1719
9.658	 2.50	 1	 -42.2659	  173.7842
9.659	 2.08	 1	 -42.7286	  173.3665
9.663	 2.63	 2	 -41.8511	  174.2001
9.666	 2.15	 1	 -41.9759	  174.0875
9.670	 2.05	 1	 -41.9051	  172.0248
9.673	 2.72	 1	 -42.1852	  173.7740
9.674	 2.81	 1	 -41.7790	  174.2516
9.675	 2.85	 1	 -42.3342	  173.7057
9.676	 2.03	 1	 -42.1841	  173.8702
9.679	 2.22	 2	 -41.9049	  174.3064
9.679	 3.04	 1	 -43.4817	  173.4695
9.679	 2.35	 2	 -41.9707	  173.4368
9.679	 2.05	 1	 -42.5231	  173.0344
9.682	 2.29	 1	 -41.7981	  174.4118
9.683	 2.18	 1	 -41.7907	  174.2558
9.683	 2.32	 4	 -42.5500	  172.6333
9.684	 2.44	 1	 -42.5251	  173.8237
9.684	 2.01	 2	 -43.0075	  172.9855
9.685	 2.09	 2	 -42.7663	  169.8496
9.687	 2.66	 1	 -42.6522	  173.0202
9.688	 2.24	 1	 -41.8158	  174.1015
9.689	 2.68	 1	 -42.2124	  174.0821
9.690	 3.20	 2	 -42.7820	  172.9605
9.690	 2.43	 2	 -42.5491	  173.0607
9.690	 2.04	 1	 -41.9386	  169.8607
9.692	 2.41	 1	 -42.1572	  174.1674
9.692	 2.03	 2	 -41.8505	  174.0479
9.692	 2.17	 2	 -41.6968	  174.3549
9.694	 3.18	 1	 -42.2838	  173.6112
9.697	 2.46	 2	 -42.4854	  173.6059
9.698	 2.05	 2	 -41.7700	  174.1602
9.700	 2.48	 1	 -42.2828	  173.9572
9.700	 2.22	 4	 -42.6017	  173.2502
9.701	 2.18	 2	 -42.1439	  173.7860
9.702	 2.05	 1	 -41.7956	  174.1819
9.702	 2.52	 1	 -41.6836	  174.3092
9.703	 2.04	 1	 -42.1696	  173.5173
9.706	 2.10	 1	 -41.7011	  174.4260
9.706	 2.13	 2	 -41.9145	  173.6807
9.707	 2.80	 2	 -42.0216	  173.4972
9.710	 2.65	 3	 -42.8557	  174.0330
9.710	 2.41	 2	 -41.7963	  173.9476
9.711	 2.22	 1	 -42.3565	  173.2015
9.712	 2.15	 1	 -41.7855	  174.1921
9.716	 2.05	 2	 -42.0161	  174.1185
9.717	 2.36	 1	 -43.8649	  168.0041
9.719	 3.76	 1	 -42.0917	  173.6174
9.723	 2.16	 1	 -42.2236	  175.5946
9.725	 3.49	 3	 -42.0284	  173.6524
9.727	 2.59	 1	 -41.6644	  174.0151
9.728	 2.11	 2	 -41.7000	  174.2066
9.729	 2.22	 2	 -42.1342	  173.8913
9.730	 2.35	 2	 -41.6794	  174.4523
9.733	 2.33	 2	 -41.7095	  174.3715
9.733	 2.47	 1	 -42.5794	  172.9842
9.733	 2.02	 2	 -41.5184	  175.1722
9.734	 2.99	 1	 -42.3747	  173.5263
9.735	 2.10	 3	 -42.3624	  173.7946
9.736	 2.34	 2	 -42.3274	  173.6810
9.736	 3.70	 2	 -41.9586	  174.0950
9.737	 2.41	 2	 -42.0115	  173.6707
9.739	 2.71	 1	 -42.7240	  173.0999
9.746	 2.01	 1	 -42.1795	  172.9204
9.747	 2.12	 2	 -42.0886	  173.6167
9.749	 2.83	 1	 -41.6469	  174.1629
9.752	 2.22	 1	 -42.2453	  172.9759
9.753	 2.10	 1	 -41.7686	  174.2752
9.755	 2.11	 2	 -42.4870	  173.1020
9.757	 2.06	 4	 -42.5129	  172.6720
9.758	 2.51	 1	 -42.0249	  174.1298
9.758	 2.74	 1	 -42.2800	  173.9160
9.759	 2.74	 2	 -42.3549	  173.7089
9.759	 2.14	 1	 -42.1549	  173.7637
9.760	 2.18	 1	 -41.8092	  174.3012
9.761	 2.88	 3	 -42.6213	  172.8450
9.762	 2.14	 2	 -41.8067	  174.1686
9.763	 2.43	 2	 -41.5201	  176.1944
9.765	 2.40	 1	 -42.5740	  173.0311
9.765	 2.33	 1	 -41.7584	  174.1840
9.766	 2.33	 2	 -41.9239	  173.6899
9.768	 2.67	 1	 -42.5344	  172.9735
9.768	 2.05	 1	 -42.6554	  172.7454
9.769	 2.16	 1	 -42.4534	  173.1322
9.772	 2.29	 4	 -41.7963	  173.8059
9.772	 2.32	 2	 -42.4302	  173.2419
9.775	 3.23	 1	 -42.2097	  173.5548
9.777	 2.04	 1	 -42.6432	  172.6819
9.777	 2.95	 1	 -41.7072	  174.3474
9.777	 3.31	 1	 -41.8282	  174.2277
9.777	 2.68	 2	 -42.0112	  169.8782
9.779	 2.30	 1	 -41.5362	  174.1226
9.779	 2.21	 3	 -41.8206	  174.2263
9.780	 2.06	 1	 -41.6708	  173.1248
9.781	 2.58	 4	 -42.1425	  172.4733
9.781	 2.50	 2	 -42.5818	  172.9572
9.782	 2.19	 2	 -42.0033	  173.7895
9.785	 3.15	 1	 -42.2298	  173.6062
9.786	 3.82	 1	 -42.3714	  173.4106
9.787	 2.53	 1	 -42.6905	  173.3446
9.787	 2.06	 4	 -42.4043	  172.1497
9.788	 4.20	 1	 -42.2689	  173.2961
9.788	 3.43	 1	 -42.3667	  173.9791
9.789	 2.09	 2	 -42.2948	  173.2742
9.792	 2.02	 2	 -42.3769	  173.7557
9.795	 3.54	 1	 -42.3561	  173.3667
9.796	 2.74	 3	 -40.7360	  169.3571
9.796	 2.53	 1	 -42.3123	  174.0194
9.799	 2.29	 1	 -42.9110	  173.4625
9.799	 2.93	 1	 -41.6191	  174.0954
9.800	 2.55	 1	 -42.2596	  173.7371
9.800	 2.01	 1	 -42.6023	  173.0499
9.801	 2.99	 2	 -41.7944	  174.3734
9.802	 2.42	 1	 -42.2981	  173.7713
9.803	 2.17	 1	 -41.7424	  174.2544
9.806	 2.50	 2	 -42.4224	  173.4249
9.813	 3.02	 1	 -41.7593	  174.1867
9.816	 2.28	 1	 -41.8988	  173.7555
9.822	 2.14	 2	 -42.0514	  173.6408
9.823	 2.77	 2	 -41.6754	  174.4333
9.824	 2.02	 2	 -42.2695	  173.2788
9.825	 2.89	 1	 -41.7696	  174.3049
9.828	 2.29	 2	 -41.6941	  174.4097
9.828	 2.55	 1	 -42.6073	  172.9521
9.830	 2.69	 2	 -42.4528	  173.7456
9.831	 2.87	 2	 -42.3743	  173.5769
9.832	 2.27	 1	 -41.7919	  174.2632
9.832	 2.48	 3	 -41.8306	  174.2728
9.833	 2.25	 2	 -42.4395	  173.6751
9.833	 2.35	 2	 -42.0881	  173.3344
9.833	 2.40	 1	 -42.3510	  173.8837
9.834	 2.16	 2	 -42.1507	  173.7577
9.834	 2.11	 4	 -42.5373	  172.6503
9.839	 2.10	 1	 -42.3628	  173.4570
9.839	 2.16	 1	 -41.3693	  175.2065
9.839	 2.12	 1	 -42.1857	  173.6754
9.843	 2.10	 3	 -41.7940	  174.3762
9.846	 2.40	 1	 -42.5736	  174.0132
9.850	 2.03	 2	 -42.3249	  173.9270
9.852	 2.75	 1	 -42.4438	  173.1884
9.854	 2.82	 1	 -42.6027	  173.1404
9.854	 2.34	 1	 -41.8645	  174.0232
9.854	 2.04	 1	 -42.4509	  173.1755
9.855	 2.63	 1	 -41.7016	  174.3610
9.856	 2.03	 1	 -41.7238	  174.3545
9.856	 2.47	 2	 -42.0947	  173.6761
9.857	 2.32	 1	 -42.2804	  173.6088
9.858	 2.59	 1	 -42.5011	  173.1012
9.859	 2.25	 2	 -42.9635	  170.1001
9.859	 2.35	 1	 -42.2424	  173.5578
9.860	 2.24	 1	 -42.0719	  173.7436
9.861	 2.18	 1	 -42.4917	  173.0658
9.861	 2.82	 1	 -42.3026	  173.7769
9.862	 2.20	 1	 -41.9005	  174.1555
9.864	 2.12	 1	 -42.3841	  173.7482
9.864	 2.62	 2	 -42.4031	  173.6628
9.865	 2.08	 1	 -41.7958	  174.3400
9.865	 2.34	 2	 -42.1507	  173.6098
9.866	 2.89	 5	 -42.3716	  174.0309
9.866	 2.30	 1	 -41.7211	  174.3013
9.869	 2.01	 2	 -41.7176	  174.2009
9.869	 2.13	 2	 -42.4470	  173.7569
9.870	 2.35	 1	 -42.2708	  173.6388
9.871	 2.16	 3	 -43.2452	  174.6175
9.872	 2.41	 2	 -42.2540	  173.2572
9.874	 2.02	 1	 -42.5362	  173.5216
9.874	 2.51	 2	 -42.2578	  173.2859
9.875	 2.24	 1	 -42.3219	  173.6343
9.875	 3.27	 1	 -42.6427	  172.8727
9.876	 2.53	 1	 -41.8724	  174.3535
9.877	 2.08	 2	 -42.0966	  173.5368
9.878	 2.90	 1	 -41.7385	  174.1613
9.878	 2.53	 3	 -41.9471	  173.7085
9.880	 2.20	 1	 -42.4613	  173.4269
9.880	 3.21	 3	 -41.7568	  174.0745
9.880	 2.08	 1	 -41.9995	  173.5904
9.883	 2.03	 1	 -42.8502	  172.9244
9.887	 2.21	 1	 -42.3968	  173.4079
9.887	 3.05	 1	 -42.0932	  172.8816
9.887	 2.15	 5	 -42.5487	  172.7463
9.888	 2.69	 1	 -42.5973	  173.0368
9.889	 2.41	 4	 -43.1944	  174.5431
9.890	 2.18	 1	 -40.8976	  172.5295
9.891	 2.10	 2	 -42.4263	  173.0926
9.893	 2.52	 1	 -42.6951	  172.7116
9.895	 2.03	 1	 -43.0417	  172.2082
9.895	 3.65	 2	 -42.3370	  173.9962
9.897	 2.34	 1	 -41.7085	  174.2695
9.897	 2.21	 2	 -42.3719	  173.9561
9.898	 2.60	 1	 -42.6790	  173.0053
9.900	 2.32	 4	 -42.4441	  173.0472
9.901	 2.35	 2	 -42.1800	  173.7667
9.902	 2.01	 1	 -42.4116	  173.8710
9.902	 2.25	 4	 -42.4900	  173.1531
9.905	 2.06	 2	 -42.7540	  173.2878
9.907	 2.12	 1	 -42.5750	  172.8218
9.907	 2.04	 1	 -41.6941	  174.3168
9.907	 2.36	 2	 -42.6994	  172.9209
9.908	 2.05	 4	 -42.5623	  172.6239
9.908	 3.36	 1	 -41.8359	  174.3397
9.910	 2.40	 1	 -42.2561	  173.8763
9.912	 2.03	 2	 -42.6264	  172.7985
9.913	 2.24	 1	 -42.3498	  173.6748
9.919	 2.01	 3	 -42.1929	  173.7742
9.919	 2.04	 2	 -42.2741	  173.2978
9.924	 2.24	 2	 -41.9729	  172.3556
9.925	 2.47	 1	 -42.2154	  173.5512
9.926	 2.19	 2	 -43.4146	  173.4636
9.927	 2.29	 2	 -45.4854	  177.7256
9.932	 2.09	 1	 -41.6890	  174.2660
9.933	 2.33	 1	 -42.2342	  173.8629
9.937	 2.17	 2	 -42.5605	  173.0401
9.937	 2.16	 2	 -42.6110	  172.9650
9.938	 2.04	 1	 -41.9028	  173.6808
9.939	 2.74	 1	 -42.4234	  173.8809
9.942	 2.43	 1	 -42.2867	  173.9588
9.942	 2.27	 3	 -41.9908	  173.1733
9.947	 2.07	 1	 -42.6931	  172.6341
9.952	 2.03	 4	 -41.9142	  173.7274
9.953	 2.45	 1	 -41.2361	  173.6231
9.953	 3.28	 1	 -41.7849	  174.2450
9.954	 2.80	 2	 -43.0134	  172.1802
9.955	 2.19	 3	 -42.4427	  173.0762
9.955	 2.03	 1	 -42.3468	  173.6509
9.962	 2.19	 2	 -42.4694	  173.4664
9.963	 2.49	 2	 -42.2349	  173.7390
9.964	 2.24	 2	 -41.9011	  174.4035
9.970	 2.14	 1	 -42.3779	  173.7827
9.972	 2.19	 4	 -41.6429	  174.5374
9.975	 2.41	 2	 -42.2028	  173.5624
9.975	 2.14	 1	 -42.7366	  173.1145
9.982	 3.31	 1	 -42.4937	  173.1128
9.983	 2.17	 1	 -41.9032	  174.1383
9.984	 2.44	 1	 -42.2610	  173.0206
9.986	 2.04	 1	 -42.3842	  173.9634
9.989	 2.41	 1	 -42.2595	  173.8844
9.989	 3.26	 1	 -42.2814	  173.6178
9.994	 3.93	 1	 -41.6391	  174.1805
9.995	 2.66	 2	 -42.4110	  174.0182
10.001	 2.20	 2	 -41.9701	  174.2430
10.005	 2.75	 1	 -42.2350	  173.6609
10.006	 2.20	 2	 -42.4854	  173.2705
10.006	 2.09	 1	 -41.9609	  173.7378
10.006	 2.13	 3	 -42.4772	  173.0883
10.007	 2.11	 5	 -42.5819	  172.5329
10.008	 2.50	 1	 -42.5381	  173.4671
10.011	 2.05	 1	 -42.4346	  173.6935
10.016	 2.74	 1	 -41.7297	  174.3345
10.017	 2.60	 1	 -42.6292	  173.3973
10.018	 2.32	 1	 -42.1776	  173.4968
10.019	 2.42	 1	 -41.9089	  174.2090
10.020	 3.76	 1	 -42.7129	  173.5403
10.021	 3.32	 2	 -42.3471	  173.6730
10.021	 2.98	 3	 -43.1443	  174.5798
10.022	 2.13	 2	 -41.8554	  174.1254
10.023	 2.48	 1	 -42.0282	  174.0186
10.024	 2.65	 2	 -41.8376	  174.0764
10.026	 2.58	 1	 -41.7079	  174.2575
10.030	 2.05	 1	 -41.0228	  171.3507
10.031	 2.60	 2	 -42.0109	  173.5916
10.032	 2.13	 1	 -42.8178	  174.1152
10.034	 2.66	 1	 -42.7081	  172.9263
10.036	 2.40	 1	 -42.6480	  172.9547
10.036	 3.68	 1	 -41.6992	  173.9003
10.041	 2.14	 2	 -42.9128	  172.0902
10.041	 2.15	 4	 -42.4174	  173.0291
10.041	 2.26	 1	 -42.4864	  176.3691
10.041	 2.24	 1	 -41.8468	  174.2405
10.041	 2.39	 1	 -41.7137	  174.2652
10.041	 2.01	 1	 -42.1845	  173.6987
10.045	 2.17	 1	 -42.5193	  173.1731
10.048	 2.64	 2	 -42.4627	  172.8872
10.051	 2.42	 2	 -42.3612	  173.2737
10.052	 2.04	 1	 -41.9562	  175.0717
10.053	 2.02	 1	 -41.7026	  174.1553
10.053	 2.77	 2	 -42.9286	  172.3146
10.055	 2.75	 1	 -42.3745	  173.1121
10.055	 2.22	 2	 -41.8396	  174.3395
10.060	 3.10	 1	 -42.2880	  173.8291
10.060	 2.02	 2	 -42.3827	  173.9759
10.061	 3.37	 1	 -41.7245	  174.2084
10.062	 2.35	 2	 -42.3667	  173.3414
10.062	 2.17	 1	 -42.2195	  173.4578
10.064	 2.21	 1	 -42.1927	  174.0277
10.064	 2.39	 1	 -42.4154	  173.5681
10.065	 2.11	 1	 -42.0148	  173.8102
10.065	 2.77	 1	 -42.4001	  173.0952
10.067	 2.73	 1	 -41.8308	  174.1531
10.067	 2.03	 1	 -42.1487	  174.2913
10.067	 2.54	 2	 -42.1359	  173.5526
10.068	 2.29	 1	 -42.2219	  173.6401
10.071	 2.11	 4	 -42.6930	  172.9890
10.071	 2.41	 2	 -41.7280	  174.2342
10.072	 2.37	 1	 -42.2327	  173.5658
10.072	 2.01	 4	 -42.4165	  173.1897
10.074	 2.07	 2	 -41.6015	  174.7019
10.076	 2.40	 2	 -42.9652	  172.2595
10.077	 2.83	 1	 -41.8472	  174.3655
10.078	 2.76	 1	 -41.9254	  174.1664
10.078	 2.44	 1	 -42.6008	  173.1466
10.079	 2.55	 2	 -42.2421	  173.5922
10.079	 2.18	 1	 -42.2167	  173.6405
10.081	 3.02	 2	 -42.2335	  173.9895
10.081	 2.39	 1	 -41.7976	  174.2127
10.083	 2.19	 5	 -42.4838	  172.6560
10.086	 2.14	 1	 -42.6263	  173.6431
10.088	 2.23	 2	 -42.3391	  172.6933
10.090	 2.34	 1	 -43.1848	  173.3414
10.092	 3.17	 2	 -42.0076	  173.8810
10.095	 2.86	 1	 -41.3078	  174.0836
10.095	 2.17	 3	 -42.9630	  172.8553
10.096	 2.62	 1	 -41.8054	  174.2182
10.097	 2.94	 1	 -41.5896	  172.7956
10.097	 2.65	 2	 -41.7901	  174.2848
10.098	 3.04	 1	 -41.8029	  173.8521
10.101	 2.28	 1	 -42.6604	  173.0660
10.101	 2.17	 1	 -42.6417	  172.6922
10.102	 2.69	 1	 -42.4266	  173.8139
10.103	 2.68	 1	 -42.2409	  173.5943
10.106	 2.84	 1	 -41.9417	  174.1851
10.106	 3.21	 2	 -42.2798	  173.8842
10.107	 2.23	 2	 -41.7605	  174.3007
10.109	 2.01	 1	 -41.7479	  174.2428
10.112	 2.23	 1	 -42.5476	  173.1669
10.113	 2.91	 1	 -42.7910	  173.3879
10.114	 2.34	 4	 -41.6429	  171.9252
10.114	 2.53	 1	 -41.9375	  174.0745
10.114	 2.61	 1	 -41.7427	  173.9026
10.114	 2.56	 1	 -42.1055	  173.7471
10.117	 2.09	 3	 -41.7481	  173.8615
10.117	 2.54	 2	 -42.7371	  173.2371
10.118	 2.22	 1	 -41.6124	  173.8820
10.118	 2.13	 3	 -41.7327	  171.7803
10.118	 2.56	 2	 -41.8689	  173.9125
10.120	 2.51	 3	 -42.2854	  173.2197
10.120	 2.26	 1	 -42.5685	  173.3775
10.122	 2.39	 1	 -42.5145	  173.1770
10.124	 2.10	 1	 -42.2953	  173.6814
10.124	 2.27	 4	 -42.0211	  173.6493
10.125	 2.37	 1	 -41.7893	  174.2577
10.128	 2.38	 1	 -42.0294	  173.7821
10.128	 2.75	 1	 -42.0312	  173.8711
10.130	 2.03	 3	 -42.2072	  173.8140
10.130	 2.41	 2	 -43.6071	  171.9211
10.132	 2.22	 2	 -42.9914	  173.1376
10.133	 2.61	 1	 -42.0452	  173.7793
10.133	 3.17	 1	 -42.1981	  173.6879
10.133	 2.03	 1	 -41.7384	  174.3229
10.135	 2.10	 1	 -42.0320	  173.8509
10.136	 2.40	 1	 -42.2651	  174.1082
10.140	 3.25	 1	 -42.3280	  174.0260
10.141	 3.00	 2	 -42.7946	  173.3933
10.141	 4.35	 2	 -42.6053	  172.9678
10.142	 2.06	 1	 -42.8247	  173.7932
10.142	 2.68	 1	 -42.1313	  172.9663
10.144	 2.16	 1	 -42.8015	  172.7989
10.145	 2.00	 2	 -41.8325	  174.0854
10.149	 3.29	 1	 -42.5654	  173.7950
10.154	 2.68	 2	 -42.6148	  172.6458
10.155	 2.34	 2	 -42.0320	  173.6931
10.155	 2.08	 1	 -41.7201	  174.2281
10.156	 2.07	 2	 -42.7208	  172.6456
10.157	 2.16	 1	 -42.5902	  172.7144
10.158	 2.06	 2	 -42.0675	  173.6282
10.159	 2.13	 4	 -41.7274	  174.4934
10.159	 2.27	 1	 -42.4357	  173.7347
10.160	 2.20	 2	 -41.6342	  174.1498
10.162	 3.62	 1	 -42.3915	  173.5627
10.163	 2.19	 2	 -42.3107	  173.2459
10.163	 2.22	 2	 -41.6207	  174.1343
10.165	 2.34	 1	 -42.2320	  173.9093
10.165	 2.00	 1	 -42.2575	  173.4740
10.165	 2.65	 2	 -41.7591	  174.1627
10.166	 2.46	 1	 -38.5044	  175.2490
10.166	 2.03	 2	 -42.9022	  169.9352
10.167	 2.56	 1	 -42.0377	  173.5480
10.169	 2.49	 1	 -42.3279	  173.5874
10.170	 2.24	 2	 -42.6218	  173.6465
10.170	 3.01	 1	 -42.4343	  173.9651
10.170	 2.16	 1	 -41.7240	  174.2801
10.170	 2.77	 2	 -42.5158	  173.8247
10.171	 2.75	 2	 -42.4257	  173.2010
10.173	 2.27	 3	 -42.6712	  172.7212
10.173	 3.40	 1	 -43.1658	  171.0723
10.174	 2.69	 1	 -41.3097	  171.9238
10.175	 2.33	 1	 -41.7836	  174.2998
10.175	 2.34	 2	 -42.2481	  173.6428
10.177	 2.11	 1	 -42.0317	  173.5676
10.178	 2.11	 1	 -42.5260	  173.0845
10.179	 3.11	 1	 -41.6929	  174.2740
10.182	 2.46	 1	 -42.5517	  173.9200
10.183	 2.57	 2	 -42.3611	  174.1657
10.183	 2.17	 2	 -42.2001	  173.5346
10.183	 2.24	 2	 -41.7153	  174.2191
10.183	 3.54	 1	 -42.2497	  172.9955
10.184	 2.78	 2	 -41.9439	  174.1767
10.184	 3.12	 2	 -41.7123	  174.2313
10.185	 2.05	 2	 -42.3356	  173.1727
10.185	 2.37	 2	 -42.8354	  173.9010
10.188	 2.02	 1	 -41.9580	  174.2269
10.190	 2.81	 4	 -43.1387	  174.5673
10.194	 2.17	 2	 -42.3596	  173.9593
10.196	 2.42	 1	 -42.4521	  173.3683
10.197	 2.11	 2	 -42.4510	  173.7901
10.200	 2.02	 2	 -42.1402	  173.5266
10.201	 2.37	 1	 -41.7786	  174.2406
10.202	 3.29	 3	 -42.4157	  173.1955
10.206	 2.15	 1	 -42.2582	  173.5796
10.208	 2.21	 1	 -41.7911	  174.2673
10.209	 2.02	 1	 -41.7111	  174.2693
10.214	 2.09	 1	 -41.8301	  174.2823
10.217	 2.79	 3	 -43.1352	  174.6027
10.218	 2.14	 1	 -42.4747	  173.0067
10.219	 2.04	 2	 -42.2066	  173.5554
10.219	 2.48	 1	 -42.0683	  173.4352
10.222	 2.02	 2	 -42.0272	  174.4234
10.223	 2.01	 2	 -41.9558	  173.4275
10.228	 2.20	 1	 -41.7992	  174.2551
10.228	 2.23	 1	 -41.7251	  174.2076
10.228	 2.24	 1	 -42.3866	  173.6956
10.228	 2.95	 1	 -42.1415	  173.3254
10.230	 2.13	 2	 -43.1906	  171.0308
10.230	 2.65	 4	 -42.5021	  172.6673
10.242	 2.67	 2	 -42.6240	  172.0868
10.243	 2.01	 1	 -41.7074	  174.2012
10.244	 2.93	 1	 -42.6379	  172.8851
10.244	 2.28	 2	 -42.1638	  173.5605
10.245	 2.10	 1	 -42.3290	  174.0571
10.245	 2.13	 1	 -41.6964	  174.3068
10.246	 2.13	 1	 -42.2498	  174.1622
10.246	 3.52	 2	 -42.9318	  172.8144
10.246	 2.71	 1	 -42.0516	  173.8068
10.248	 2.28	 2	 -42.2206	  173.6245
10.248	 3.49	 1	 -41.7274	  174.2298
10.250	 3.09	 2	 -44.5676	  170.4241
10.251	 2.54	 3	 -42.0813	  173.6944
10.251	 2.11	 3	 -42.3432	  174.0391
10.252	 3.03	 2	 -42.1707	  173.5872
10.257	 2.87	 1	 -41.9781	  174.0499
10.262	 2.05	 1	 -46.1712	  169.6852
10.262	 3.65	 2	 -42.1909	  173.4876
10.263	 2.54	 5	 -43.2033	  174.4625
10.266	 2.11	 2	 -42.9196	  173.6049
10.271	 2.42	 3	 -42.3727	  173.6344
10.271	 2.08	 1	 -42.6698	  172.9087
10.275	 2.34	 2	 -41.7065	  173.3224
10.276	 2.27	 2	 -43.0401	  173.0550
10.277	 2.09	 1	 -42.2505	  173.5776
10.279	 2.56	 1	 -44.1656	  169.1319
10.279	 2.39	 1	 -42.8137	  172.9790
10.279	 2.14	 1	 -41.1016	  173.6844
10.279	 2.51	 2	 -42.3120	  173.7106
10.283	 3.42	 1	 -41.9245	  174.0263
10.284	 2.00	 2	 -42.2811	  173.0860
10.284	 2.51	 1	 -42.1927	  173.6592
10.285	 3.43	 2	 -42.4286	  172.4039
10.286	 2.08	 1	 -42.3665	  173.3124
10.289	 2.71	 2	 -42.4386	  173.1677
10.289	 4.27	 1	 -42.3282	  173.6462
10.290	 2.29	 1	 -41.6715	  174.3511
10.290	 2.13	 1	 -41.9399	  174.1963
10.290	 2.11	 1	 -42.5228	  173.0759
10.290	 2.65	 1	 -41.8065	  174.5110
10.290	 2.13	 1	 -42.0666	  173.7942
10.291	 2.14	 1	 -42.2257	  173.6383
10.294	 3.69	 1	 -43.0307	  175.4306
10.296	 2.04	 1	 -42.4346	  173.2690
10.302	 2.97	 3	 -42.6148	  172.6469
10.303	 2.12	 3	 -42.4389	  173.4430
10.304	 2.39	 1	 -42.4574	  173.1655
10.305	 2.08	 1	 -42.3532	  174.0950
10.306	 2.15	 4	 -42.8746	  173.2718
10.306	 2.31	 2	 -43.0188	  175.4299
10.307	 2.50	 1	 -41.7370	  174.2476
10.308	 2.06	 1	 -41.5975	  174.2965
10.309	 2.22	 2	 -41.7595	  174.1897
10.312	 2.40	 1	 -42.5885	  172.9315
10.312	 2.69	 1	 -41.9997	  174.1064
10.315	 2.02	 4	 -43.0607	  172.8378
10.316	 2.53	 2	 -42.0895	  173.6950
10.319	 2.74	 1	 -42.6891	  172.8964
10.321	 2.07	 2	 -41.9728	  174.2654
10.322	 2.16	 3	 -42.3616	  173.2475
10.323	 2.29	 2	 -42.5748	  173.0310
10.323	 2.34	 1	 -42.0425	  173.5159
10.326	 2.08	 1	 -42.3928	  173.2467
10.330	 2.59	 1	 -41.6498	  174.1472
10.330	 2.31	 1	 -42.4584	  173.4502
10.331	 2.66	 2	 -42.0944	  173.6806
10.332	 2.09	 1	 -42.1246	  173.6211
10.332	 2.37	 1	 -42.1091	  173.6683
10.332	 2.25	 1	 -42.3832	  173.5842
10.334	 2.18	 2	 -42.3670	  173.7192
10.338	 2.07	 2	 -41.9254	  174.0310
10.341	 2.11	 2	 -42.3396	  173.6395
10.341	 2.09	 1	 -42.5817	  173.0909
10.341	 2.28	 1	 -42.0211	  173.7766
10.342	 2.35	 2	 -41.9284	  174.0265
10.343	 2.60	 4	 -42.0218	  173.6667
10.345	 2.69	 1	 -41.8765	  174.1723
10.348	 2.38	 1	 -41.7205	  174.2124
10.350	 3.43	 3	 -41.9439	  173.6830
10.351	 2.71	 1	 -42.3629	  173.6249
10.352	 2.58	 1	 -41.8091	  174.0745
10.352	 2.22	 2	 -41.7872	  174.2980
10.354	 2.82	 4	 -42.5095	  172.6359
10.356	 2.19	 1	 -42.2969	  174.0498
10.357	 2.15	 1	 -42.4743	  173.1905
10.359	 2.30	 1	 -42.4060	  174.1135
10.360	 2.02	 1	 -42.4191	  172.8950
10.363	 2.41	 1	 -41.7436	  174.2996
10.366	 3.35	 1	 -42.4006	  173.0354
10.369	 4.05	 2	 -41.7747	  174.1409
10.370	 2.16	 2	 -42.5209	  173.1724
10.370	 2.03	 1	 -41.6690	  174.3036
10.371	 2.53	 1	 -42.7112	  172.1260
10.373	 2.28	 1	 -43.0392	  179.1217
10.374	 2.45	 1	 -42.6637	  173.0230
10.377	 2.76	 2	 -42.6126	  173.3463
10.378	 2.69	 2	 -41.8083	  174.1694
10.379	 3.26	 2	 -41.9646	  173.4512
10.379	 2.44	 2	 -42.3286	  173.3857
10.379	 2.37	 1	 -41.7779	  174.0778
10.379	 3.30	 1	 -41.6573	  174.2262
10.379	 2.08	 2	 -41.6182	  174.2464
10.382	 2.07	 2	 -42.1100	  173.2721
10.383	 2.58	 1	 -42.6026	  174.1361
10.384	 3.17	 2	 -42.1090	  172.0722
10.385	 2.26	 2	 -41.6680	  174.4725
10.389	 2.57	 1	 -41.6806	  174.2810
10.391	 2.87	 1	 -42.9776	  175.6958
10.393	 2.05	 1	 -41.6515	  174.2120
10.399	 2.65	 1	 -42.1892	  173.6139
10.400	 2.32	 3	 -42.6381	  172.8850
10.400	 2.05	 2	 -42.6566	  173.0172
10.401	 2.69	 1	 -42.0221	  173.6034
10.401	 2.12	 2	 -42.5970	  170.1267
10.403	 2.22	 1	 -42.2219	  173.9125
10.405	 2.92	 1	 -41.6320	  174.2773
10.407	 2.23	 1	 -44.3272	  175.0160
10.410	 2.09	 2	 -42.1691	  173.8949
10.411	 2.02	 1	 -42.5005	  173.0530
10.412	 2.15	 2	 -42.6765	  172.8577
10.413	 2.02	 1	 -42.4180	  173.7778
10.413	 2.60	 3	 -42.3112	  173.3442
10.417	 3.16	 1	 -42.4190	  174.0126
10.420	 2.41	 2	 -41.6786	  174.2746
10.420	 2.08	 1	 -42.5270	  173.2654
10.424	 2.29	 1	 -42.0393	  173.7790
10.426	 2.48	 1	 -42.6353	  173.0796
10.426	 2.32	 2	 -42.4449	  173.7721
10.427	 2.05	 2	 -41.9556	  173.4750
10.428	 2.17	 1	 -42.7798	  172.9657
10.429	 4.55	 2	 -41.8243	  174.0136
10.431	 2.04	 1	 -42.0979	  173.8761
10.433	 2.05	 3	 -41.7873	  174.1408
10.433	 2.72	 2	 -42.6132	  172.7849
10.434	 3.37	 3	 -42.7612	  173.0979
10.434	 2.15	 4	 -42.5217	  172.6406
10.435	 2.25	 1	 -42.8008	  173.4631
10.435	 2.52	 1	 -41.4418	  174.3090
10.436	 2.10	 1	 -42.3313	  173.9097
10.437	 2.57	 1	 -42.2795	  173.9263
10.439	 2.23	 1	 -42.2854	  173.6533
10.442	 2.68	 2	 -42.4253	  173.2417
10.442	 2.89	 2	 -42.3529	  173.4375
10.443	 3.96	 1	 -41.7924	  174.1983
10.443	 2.38	 2	 -41.7860	  174.2008
10.446	 2.08	 1	 -42.4587	  173.0764
10.449	 2.04	 2	 -41.6439	  174.2038
10.449	 2.16	 3	 -42.0804	  173.6517
10.449	 3.23	 1	 -42.1825	  173.6180
10.450	 2.34	 1	 -42.1244	  173.5830
10.451	 2.28	 2	 -42.2727	  173.2935
10.451	 2.38	 2	 -42.2704	  173.4849
10.452	 2.27	 2	 -42.3017	  173.6291
10.453	 2.27	 1	 -42.3548	  174.0004
10.458	 2.57	 1	 -42.6070	  173.0602
10.460	 2.66	 4	 -42.4508	  172.6998
10.461	 2.10	 2	 -42.3997	  173.6463
10.462	 2.56	 3	 -41.8209	  174.0043
10.467	 2.42	 1	 -41.8129	  174.1212
10.467	 2.11	 1	 -41.7595	  174.1461
10.468	 2.01	 1	 -42.0357	  173.5901
10.468	 2.05	 1	 -42.5102	  173.5572
10.474	 2.02	 2	 -42.4328	  173.4679
10.474	 2.51	 1	 -41.8945	  174.2466
10.475	 2.82	 1	 -43.5009	  171.8449
10.476	 2.35	 3	 -41.8076	  174.0000
10.476	 2.13	 2	 -42.9806	  172.2387
10.481	 2.50	 1	 -42.0566	  176.1879
10.485	 2.30	 1	 -42.9970	  173.4527
10.486	 2.03	 2	 -41.6596	  174.4797
10.487	 2.04	 1	 -42.1287	  173.7806
10.488	 2.27	 1	 -41.8132	  173.2552
10.489	 2.65	 1	 -42.6586	  172.5826
10.493	 2.26	 1	 -41.7881	  171.3170
10.494	 3.16	 1	 -42.5066	  173.0754
10.496	 2.40	 2	 -42.3739	  173.4957
10.497	 2.19	 1	 -42.3930	  173.3424
10.498	 2.28	 1	 -42.3380	  173.8955
10.499	 2.66	 2	 -41.6133	  174.1875
10.499	 2.07	 3	 -42.4548	  173.1331
10.501	 2.48	 1	 -42.2665	  173.8208
10.501	 2.35	 2	 -42.9461	  172.2469
10.501	 2.25	 1	 -41.7146	  174.1997
10.502	 2.55	 3	 -41.8392	  173.9648
10.503	 2.17	 1	 -42.5388	  173.7650
10.506	 2.25	 2	 -42.3143	  173.7905
10.507	 2.49	 1	 -42.4122	  173.6219
10.507	 2.11	 1	 -42.6638	  172.7971
10.510	 2.23	 2	 -42.7744	  173.9127
10.510	 2.74	 1	 -42.3793	  173.8558
10.511	 2.07	 2	 -41.9430	  174.2004
10.512	 2.84	 1	 -42.7849	  173.6952
10.512	 2.05	 1	 -41.8681	  173.6023
10.512	 2.33	 1	 -42.7612	  173.0287
10.515	 2.33	 2	 -42.2665	  172.8880
10.515	 2.11	 1	 -42.6048	  172.8477
10.517	 2.20	 2	 -41.8711	  173.8436
10.517	 3.28	 1	 -42.1425	  173.6226
10.518	 2.45	 1	 -44.6301	  174.7852
10.519	 3.97	 1	 -42.3912	  174.0366
10.520	 2.39	 1	 -42.5247	  173.1297
10.524	 2.55	 2	 -41.7870	  174.1707
10.525	 2.82	 1	 -42.5786	  173.1036
10.526	 2.26	 1	 -41.9486	  173.9755
10.526	 2.11	 1	 -41.6124	  174.2010
10.526	 2.04	 1	 -42.4415	  173.7511
10.529	 2.03	 1	 -42.3826	  174.3137
10.529	 2.19	 1	 -42.3691	  173.8566
10.530	 2.59	 2	 -42.3781	  173.5424
10.530	 2.82	 1	 -42.4425	  173.9388
10.531	 2.80	 1	 -42.5004	  173.5614
10.533	 2.20	 4	 -44.1811	  173.2280
10.533	 3.96	 2	 -42.3436	  173.5248
10.533	 2.06	 1	 -42.2330	  173.5116
10.534	 3.89	 1	 -42.5693	  172.8696
10.535	 2.17	 2	 -42.2040	  173.9105
10.537	 2.02	 2	 -42.4286	  173.8165
10.537	 2.03	 1	 -41.7126	  173.6916
10.540	 2.13	 2	 -42.3655	  174.0088
10.542	 2.24	 2	 -42.1967	  173.6162
10.543	 2.02	 2	 -42.1891	  173.4173
10.547	 2.83	 1	 -42.6831	  173.0504
10.549	 2.07	 1	 -42.4559	  172.9382
10.549	 2.00	 1	 -41.8008	  174.4488
10.549	 2.09	 2	 -42.5432	  173.7823
10.550	 3.59	 3	 -41.9069	  174.3023
10.551	 2.44	 3	 -42.2064	  173.6486
10.555	 2.12	 2	 -41.7892	  173.4502
10.555	 2.26	 1	 -43.4322	  172.9856
10.555	 2.08	 1	 -42.2542	  172.9614
10.556	 2.06	 1	 -42.3858	  173.5466
10.559	 2.14	 1	 -41.4008	  174.8272
10.560	 2.22	 1	 -42.5146	  174.0261
10.561	 2.64	 3	 -42.3716	  173.4904
10.563	 2.44	 1	 -42.7904	  173.0896
10.566	 2.13	 3	 -42.9965	  172.4021
10.568	 2.22	 2	 -42.3007	  173.5242
10.568	 2.59	 1	 -42.1791	  173.9140
10.569	 2.06	 2	 -42.9430	  172.2091
10.570	 2.19	 1	 -42.4229	  173.2578
10.573	 2.04	 1	 -42.6835	  172.9339
10.573	 2.46	 2	 -42.0517	  173.6730
10.573	 2.04	 1	 -41.7733	  174.2761
10.575	 2.16	 1	 -42.0531	  173.2045
10.577	 2.01	 1	 -41.6887	  174.2923
10.577	 2.57	 1	 -42.7654	  172.8543
10.578	 2.06	 1	 -41.7176	  174.2774
10.578	 2.28	 1	 -42.2183	  173.6297
10.579	 2.93	 1	 -41.8706	  174.1679
10.579	 2.00	 1	 -41.9148	  173.8697
10.579	 2.01	 1	 -42.4984	  173.0703
10.580	 2.04	 1	 -42.1532	  173.6046
10.582	 2.32	 1	 -41.9991	  173.7166
10.582	 2.31	 3	 -42.3991	  173.4082
10.583	 2.59	 1	 -42.0676	  173.6878
10.583	 4.26	 2	 -42.4023	  173.5562
10.584	 2.07	 1	 -42.5031	  173.0565
10.585	 2.44	 2	 -41.7859	  174.1779
10.587	 2.02	 2	 -42.4910	  174.0462
10.588	 2.05	 4	 -42.8601	  173.2731
10.588	 2.50	 1	 -42.8990	  172.7656
10.588	 2.42	 2	 -42.5498	  173.0123
10.589	 2.93	 1	 -42.2177	  173.6844
10.593	 3.37	 4	 -42.4980	  173.4331
10.594	 2.26	 2	 -42.2717	  173.3155
10.595	 3.12	 3	 -43.1370	  174.5883
10.595	 2.08	 5	 -41.7614	  173.8282
10.596	 2.16	 1	 -42.0126	  174.6767
10.597	 2.47	 1	 -41.8973	  174.1898
10.603	 2.37	 1	 -41.7502	  174.2114
10.604	 2.10	 1	 -41.0421	  177.3687
10.606	 2.31	 1	 -42.1635	  173.5072
10.607	 2.31	 1	 -42.2851	  173.9046
10.607	 2.28	 1	 -42.3182	  173.8864
10.609	 2.00	 1	 -41.8242	  174.6006
10.611	 2.20	 3	 -42.4081	  173.5855
10.613	 2.01	 1	 -41.6690	  174.2863
10.616	 2.30	 2	 -42.3734	  173.8779
10.616	 3.25	 1	 -42.3085	  173.6863
10.617	 2.40	 3	 -42.4411	  173.3834
10.622	 2.02	 1	 -42.3967	  173.5338
10.622	 2.28	 3	 -42.5136	  173.8271
10.623	 2.79	 1	 -42.6105	  173.0441
10.624	 2.08	 1	 -42.6588	  173.1842
10.627	 2.57	 2	 -41.7853	  173.9975
10.629	 2.08	 6	 -42.3694	  174.0200
10.629	 2.60	 1	 -41.6749	  174.3360
10.630	 2.27	 2	 -41.7608	  173.2833
10.630	 2.28	 3	 -42.5553	  173.0175
10.633	 2.40	 2	 -41.7922	  174.1684
10.634	 2.69	 1	 -42.7778	  172.5889
10.635	 2.08	 1	 -41.7412	  174.2655
10.639	 2.35	 1	 -41.5585	  174.4097
10.639	 2.02	 1	 -41.6981	  174.2596
10.639	 2.04	 1	 -42.3768	  173.0985
10.639	 2.05	 1	 -42.3035	  173.4315
10.641	 2.01	 3	 -42.3316	  173.2909
10.642	 2.25	 2	 -42.6437	  172.8718
10.643	 2.19	 1	 -41.7281	  174.2554
10.645	 2.33	 1	 -41.9564	  173.6415
10.648	 3.37	 1	 -41.7070	  174.3384
10.649	 2.50	 2	 -41.8463	  174.2433
10.650	 2.42	 1	 -42.4304	  173.7511
10.651	 2.65	 2	 -41.6584	  174.4227
10.651	 2.09	 1	 -41.7132	  174.3265
10.654	 2.26	 1	 -42.1760	  173.2258
10.658	 2.73	 2	 -42.9331	  172.8134
10.659	 2.08	 1	 -43.5850	  173.8138
10.659	 2.31	 1	 -42.6116	  172.7906
10.659	 2.78	 1	 -42.1926	  172.9923
10.659	 3.19	 1	 -42.4971	  173.2578
10.662	 2.42	 3	 -42.1894	  173.5920
10.662	 2.02	 1	 -42.0147	  173.7239
10.663	 2.34	 1	 -42.3799	  173.8521
10.663	 2.22	 1	 -43.1712	  172.7939
10.664	 2.10	 1	 -42.2523	  174.4099
10.665	 2.26	 1	 -42.2553	  173.9446
10.666	 2.30	 1	 -41.7410	  174.2611
10.670	 2.30	 1	 -42.7227	  172.8638
10.672	 2.18	 2	 -41.7706	  173.3067
10.675	 2.09	 1	 -41.7311	  174.3999
10.676	 2.12	 1	 -41.8179	  174.2267
10.676	 2.20	 1	 -42.5348	  172.9755
10.677	 2.10	 1	 -41.6991	  174.2353
10.677	 2.79	 1	 -42.6903	  173.2373
10.677	 2.35	 1	 -42.5649	  173.5899
10.678	 2.05	 1	 -42.4831	  173.6264
10.678	 2.34	 1	 -42.2687	  175.0685
10.680	 2.53	 1	 -41.6907	  173.8575
10.682	 2.49	 2	 -41.8297	  174.2321
10.682	 2.03	 2	 -42.4034	  173.5721
10.682	 2.05	 1	 -42.4187	  173.1935
10.682	 2.41	 1	 -42.3261	  173.8484
10.686	 2.01	 2	 -41.9725	  173.8026
10.688	 2.11	 1	 -42.2555	  173.7962
10.689	 2.57	 1	 -42.4075	  174.0146
10.689	 2.04	 2	 -42.2653	  173.7824
10.690	 2.77	 3	 -42.1054	  173.5444
10.693	 2.59	 2	 -41.6980	  174.2576
10.695	 2.47	 2	 -41.9033	  173.8709
10.696	 2.20	 1	 -42.1434	  173.6070
10.697	 2.61	 1	 -42.1509	  174.2109
10.699	 2.35	 1	 -42.5569	  173.7452
10.701	 2.56	 2	 -41.8612	  174.3132
10.703	 2.44	 1	 -41.6807	  174.6123
10.705	 2.38	 1	 -42.1460	  174.6964
10.705	 2.70	 1	 -42.7377	  172.7227
10.707	 2.67	 3	 -42.3212	  173.5206
10.707	 2.10	 2	 -41.8112	  174.0766
10.708	 2.05	 1	 -41.7721	  174.3756
10.710	 2.68	 1	 -42.3996	  173.9978
10.710	 2.07	 1	 -41.6644	  174.2597
10.713	 2.11	 1	 -43.2224	  173.1979
10.715	 2.47	 2	 -41.6236	  174.2102
10.716	 2.10	 1	 -42.2772	  173.5478
10.717	 2.32	 1	 -42.1562	  173.6422
10.721	 2.45	 1	 -41.7977	  174.3510
10.724	 5.00	 2	 -43.0842	  173.8847
10.725	 2.35	 1	 -42.2757	  173.6469
10.726	 2.74	 3	 -42.4916	  173.4392
10.727	 3.03	 2	 -43.8809	  167.9927
10.727	 3.73	 1	 -43.0128	  172.7547
10.728	 2.04	 3	 -43.0265	  177.2035
10.730	 2.44	 3	 -43.1067	  173.8836
10.730	 2.53	 1	 -42.6741	  173.0483
10.735	 3.42	 1	 -41.8310	  174.4126
10.738	 2.60	 1	 -41.8379	  174.0009
10.739	 2.40	 1	 -41.9665	  172.7093
10.741	 2.06	 3	 -43.0851	  173.7841
10.741	 2.28	 2	 -42.3970	  174.0380
10.741	 2.22	 1	 -41.7284	  174.2971
10.743	 2.01	 1	 -41.7177	  174.1612
10.744	 2.06	 1	 -42.4104	  173.3165
10.747	 2.34	 3	 -42.1656	  173.7830
10.748	 2.16	 4	 -42.1916	  173.7822
10.749	 2.00	 1	 -42.3802	  173.9839
10.750	 2.41	 1	 -41.2359	  174.1515
10.750	 2.48	 1	 -42.0896	  175.5405
10.751	 2.92	 1	 -42.7262	  173.3911
10.752	 2.10	 1	 -42.4469	  173.7112
10.754	 2.01	 1	 -42.3431	  173.7854
10.755	 2.01	 1	 -42.3893	  173.2886
10.755	 2.68	 3	 -41.8279	  173.8832
10.757	 2.66	 2	 -42.3166	  173.7729
10.758	 2.81	 3	 -42.1880	  173.6447
10.758	 2.99	 3	 -42.9891	  173.7382
10.765	 2.36	 1	 -42.5185	  173.7747
10.765	 2.81	 3	 -43.0976	  173.8848
10.765	 2.60	 3	 -43.1519	  173.8261
10.766	 2.18	 1	 -41.6232	  174.2065
10.767	 2.27	 2	 -41.0302	  172.0856
10.769	 2.36	 1	 -42.6356	  172.9223
10.771	 2.07	 2	 -43.9529	  174.0513
10.772	 2.48	 2	 -41.9142	  173.7936
10.776	 2.03	 2	 -42.1795	  173.5204
10.777	 2.29	 1	 -42.7025	  172.9266
10.778	 2.11	 2	 -42.0460	  173.6174
10.779	 2.13	 1	 -42.1563	  173.6387
10.782	 2.42	 2	 -42.0181	  174.1132
10.783	 2.23	 2	 -41.8154	  174.1158
10.790	 3.12	 1	 -42.2201	  173.6397
10.793	 2.67	 4	 -42.5024	  173.4114
10.795	 2.84	 2	 -41.3082	  173.9219
10.796	 2.10	 1	 -41.9482	  174.0639
10.797	 2.06	 1	 -43.4508	  171.6401
10.799	 2.92	 2	 -42.4175	  173.1428
10.802	 2.55	 1	 -41.7913	  174.2124
10.803	 2.26	 1	 -42.6619	  173.1915
10.805	 2.05	 1	 -42.8324	  174.1593
10.806	 2.32	 2	 -42.1525	  173.7818
10.808	 2.23	 1	 -41.7584	  174.1557
10.808	 2.72	 1	 -41.7306	  174.3340
10.809	 2.31	 2	 -41.7642	  173.3132
10.812	 2.76	 2	 -42.3452	  173.9574
10.812	 2.89	 4	 -43.0303	  173.0823
10.814	 2.06	 3	 -42.9829	  172.3478
10.815	 2.36	 2	 -42.3227	  173.7222
10.815	 2.81	 1	 -42.6946	  172.7562
10.817	 2.78	 2	 -42.4787	  173.6408
10.818	 2.28	 3	 -42.1800	  171.1160
10.821	 2.05	 4	 -42.6940	  172.9937
10.824	 2.32	 1	 -42.3046	  173.8899
10.826	 2.20	 2	 -42.1532	  174.1648
10.828	 2.46	 1	 -42.4316	  173.4855
10.830	 2.38	 3	 -42.1580	  173.5993
10.832	 3.07	 1	 -42.1790	  173.7290
10.833	 3.50	 2	 -42.3913	  173.1816
10.836	 2.07	 2	 -42.1771	  173.2491
10.836	 2.18	 1	 -42.5192	  173.1735
10.837	 2.04	 3	 -43.1129	  173.8572
10.837	 2.64	 3	 -43.1619	  173.6010
10.839	 2.90	 1	 -42.5423	  173.3728
10.840	 2.29	 1	 -42.1620	  173.5219
10.842	 2.22	 1	 -37.7524	  173.4697
10.842	 2.33	 1	 -42.5099	  173.7547
10.842	 2.36	 1	 -41.8815	  174.2211
10.845	 2.05	 1	 -41.6460	  174.2123
10.847	 2.51	 2	 -42.2699	  173.8287
10.849	 2.19	 1	 -42.2369	  174.3392
10.850	 2.23	 1	 -42.4671	  173.1397
10.851	 2.12	 1	 -42.3972	  173.0893
10.851	 2.24	 1	 -42.1229	  173.2522
10.855	 3.47	 2	 -42.1696	  173.8317
10.856	 2.46	 2	 -42.4698	  174.0642
10.858	 2.17	 1	 -42.4934	  173.7466
10.860	 3.58	 2	 -42.1317	  173.5285
10.864	 2.13	 1	 -41.7576	  174.2580
10.867	 2.51	 2	 -42.3721	  173.4871
10.867	 2.22	 3	 -41.8223	  173.9164
10.867	 2.00	 3	 -41.7070	  174.2171
10.869	 2.06	 1	 -42.8546	  173.0837
10.869	 2.21	 1	 -41.9504	  174.1954
10.869	 2.01	 2	 -42.3968	  173.4630
10.870	 2.09	 2	 -41.9600	  173.4505
10.871	 2.29	 4	 -42.8364	  173.3059
10.871	 2.74	 2	 -42.0449	  173.7311
10.874	 2.24	 2	 -42.3127	  173.1408
10.876	 2.86	 1	 -41.9234	  173.8890
10.877	 2.20	 1	 -41.9921	  172.5800
10.882	 2.39	 2	 -43.0515	  173.0681
10.883	 2.42	 1	 -41.6658	  174.2936
10.884	 2.19	 1	 -40.5214	  174.1838
10.884	 2.24	 3	 -42.6947	  173.0350
10.884	 2.57	 1	 -42.4438	  173.1100
10.889	 2.26	 3	 -42.2838	  173.7433
10.897	 2.16	 1	 -42.5454	  173.2515
10.898	 2.75	 3	 -42.1782	  173.5826
10.899	 2.10	 1	 -42.4923	  172.8828
10.899	 3.56	 3	 -41.9314	  173.7206
10.901	 2.02	 1	 -42.4955	  173.0930
10.905	 2.67	 2	 -43.5427	  174.3712
10.906	 2.16	 1	 -41.8115	  174.2446
10.908	 2.80	 1	 -42.8303	  172.5834
10.908	 2.37	 1	 -41.8058	  173.3449
10.910	 2.68	 1	 -41.5127	  174.2842
10.911	 2.10	 1	 -41.8962	  174.0554
10.913	 3.01	 1	 -41.7545	  174.3176
10.917	 3.58	 1	 -42.5683	  173.1481
10.917	 2.18	 3	 -43.0912	  173.8053
10.921	 3.10	 1	 -44.7159	  176.9788
10.921	 2.37	 2	 -43.0405	  172.7186
10.923	 2.12	 1	 -41.5932	  174.3934
10.923	 2.06	 1	 -41.7578	  174.3220
10.924	 2.27	 3	 -42.1291	  173.5320
10.925	 2.86	 1	 -42.5928	  173.2495
10.929	 2.30	 3	 -43.1619	  173.7722
10.931	 2.12	 4	 -42.4239	  172.9998
10.933	 2.51	 3	 -41.7543	  175.3465
10.936	 2.07	 1	 -41.7124	  174.2618
10.936	 2.25	 1	 -41.6783	  174.3471
10.941	 2.14	 2	 -43.0764	  173.0582
10.942	 2.03	 2	 -42.3924	  173.0712
10.942	 2.66	 1	 -41.6507	  174.3412
10.943	 2.39	 1	 -42.1402	  174.5063
10.943	 2.80	 1	 -41.9788	  173.9297
10.944	 2.07	 2	 -42.6404	  172.8419
10.944	 2.06	 1	 -42.4259	  173.1736
10.946	 2.64	 1	 -42.0620	  173.6086
10.948	 2.60	 1	 -41.7959	  174.1691
10.948	 2.17	 1	 -42.1940	  173.7131
10.953	 2.40	 2	 -42.3371	  173.9593
10.955	 2.26	 3	 -41.7336	  173.9286
10.955	 2.05	 1	 -41.7183	  174.3332
10.955	 2.35	 2	 -42.4122	  173.4277
10.957	 2.25	 1	 -42.5756	  173.2476
10.957	 2.45	 1	 -42.1912	  173.6380
10.959	 2.73	 1	 -42.3009	  173.7283
10.961	 2.10	 1	 -42.4012	  173.6709
10.963	 2.81	 1	 -42.6903	  172.8436
10.964	 2.18	 1	 -42.0758	  172.9850
10.965	 2.34	 1	 -42.4173	  173.2381
10.965	 2.08	 2	 -42.6929	  173.1798
10.968	 3.10	 1	 -41.7494	  174.3656
10.969	 2.09	 4	 -42.4928	  172.8112
10.969	 2.41	 1	 -41.7542	  174.1936
10.971	 2.09	 1	 -42.5665	  173.2260
10.972	 2.16	 1	 -42.3323	  173.9102
10.973	 2.51	 3	 -42.2286	  173.4043
10.976	 2.81	 1	 -42.2766	  173.9013
10.977	 2.09	 2	 -43.1572	  172.7517
10.977	 2.11	 2	 -41.6171	  174.2632
10.977	 2.60	 4	 -42.4413	  173.3851
10.985	 2.23	 1	 -41.7830	  174.2446
10.986	 2.18	 2	 -41.7412	  174.4856
10.988	 2.36	 1	 -41.7450	  174.3201
10.994	 2.63	 1	 -41.6534	  174.2402
10.994	 3.28	 2	 -42.1432	  173.5594
10.996	 2.84	 1	 -41.6571	  174.4116
10.998	 2.13	 1	 -41.7179	  174.2477
10.999	 2.27	 1	 -42.3000	  173.9145
11.000	 2.09	 3	 -42.1129	  173.8387
11.002	 2.14	 2	 -42.4298	  173.1150
11.006	 2.41	 2	 -42.3080	  173.6924
11.006	 2.49	 1	 -42.1740	  173.8122
11.007	 2.45	 1	 -41.8494	  174.1538
11.007	 2.17	 1	 -42.9515	  173.2946
11.011	 2.09	 1	 -42.3079	  173.4160
11.015	 2.03	 1	 -41.7641	  174.3626
11.016	 2.48	 3	 -43.2194	  174.1545
11.017	 3.05	 1	 -42.0257	  173.8473
11.018	 2.15	 1	 -42.3314	  173.5273
11.019	 2.83	 3	 -42.4736	  172.9901
11.021	 2.14	 1	 -42.1381	  173.6498
11.024	 2.15	 1	 -42.4579	  173.1053
11.025	 2.43	 1	 -42.7078	  172.9849
11.032	 2.62	 1	 -41.8001	  174.0830
11.033	 2.75	 1	 -42.7093	  172.8754
11.034	 2.52	 1	 -41.9311	  173.8806
11.035	 4.73	 1	 -42.3644	  173.8453
11.042	 2.08	 3	 -42.1498	  173.4998
11.043	 2.03	 1	 -42.2666	  173.9141
11.044	 2.83	 1	 -42.5298	  173.1856
11.044	 2.37	 2	 -42.4382	  173.6642
11.045	 2.08	 2	 -41.7686	  174.1669
11.046	 2.92	 2	 -41.9689	  172.7122
11.046	 2.13	 1	 -42.6283	  173.0243
11.048	 2.26	 3	 -38.1800	  173.2456
11.050	 2.38	 3	 -43.1449	  174.5565
11.051	 2.08	 1	 -42.5613	  173.1318
11.053	 2.82	 1	 -43.1332	  172.8286
11.054	 2.59	 3	 -41.7522	  174.2014
11.054	 2.11	 2	 -41.7038	  174.1746
11.058	 2.03	 1	 -41.9673	  173.8150
11.060	 2.43	 3	 -42.4384	  173.4563
11.062	 2.11	 1	 -41.3498	  174.5998
11.065	 2.11	 2	 -42.3437	  173.4500
11.068	 2.46	 2	 -41.9592	  173.4796
11.068	 2.39	 1	 -41.9751	  174.0638
11.069	 2.19	 1	 -41.7072	  174.2228
11.072	 3.03	 1	 -42.3604	  172.9678
11.072	 2.37	 3	 -42.1459	  173.7732
11.072	 2.06	 2	 -43.0099	  172.7451
11.073	 2.26	 3	 -41.9597	  173.4776
11.074	 2.29	 2	 -42.8344	  174.1575
11.075	 2.02	 3	 -41.6791	  174.4125
11.077	 2.35	 2	 -42.1587	  172.9974
11.079	 2.48	 1	 -41.6520	  174.2864
11.081	 2.09	 4	 -42.5613	  172.6409
11.082	 2.40	 2	 -41.8316	  174.1815
11.084	 2.04	 3	 -42.0706	  173.6069
11.084	 3.00	 1	 -42.3939	  173.5707
11.085	 2.01	 1	 -42.3196	  173.9134
11.087	 2.13	 2	 -42.9530	  172.2902
11.089	 2.07	 1	 -42.4951	  173.0192
11.089	 2.19	 3	 -41.7878	  174.1754
11.092	 2.17	 2	 -42.3804	  173.4065
11.093	 3.55	 1	 -42.2269	  173.7609
11.093	 2.33	 2	 -42.4729	  174.1729
11.095	 2.74	 1	 -41.6398	  174.3460
11.098	 2.77	 1	 -42.2493	  173.7129
11.102	 2.05	 1	 -42.3137	  173.6357
11.104	 2.37	 1	 -42.7117	  173.2006
11.105	 2.37	 2	 -41.7705	  174.1841
11.107	 2.40	 2	 -42.3424	  173.8039
11.108	 2.20	 3	 -42.5621	  179.9998
11.109	 2.28	 3	 -41.5784	  174.2128
11.110	 2.88	 3	 -42.5019	  172.8824
11.117	 2.20	 3	 -42.9523	  174.1944
11.118	 2.24	 1	 -42.8426	  173.1525
11.118	 2.60	 1	 -42.4311	  173.0871
11.119	 2.07	 1	 -42.2423	  173.5624
11.120	 2.55	 1	 -42.2585	  173.5857
11.121	 2.16	 3	 -42.6282	  172.8856
11.122	 2.20	 1	 -40.2525	  176.5384
11.126	 2.37	 3	 -42.4998	  172.9303
11.127	 3.14	 2	 -43.0500	  173.0991
11.127	 2.01	 1	 -42.4447	  173.5964
11.128	 2.01	 2	 -41.7936	  174.2670
11.130	 2.54	 1	 -42.0100	  173.7001
11.131	 2.07	 2	 -42.1342	  173.7929
11.132	 2.33	 2	 -42.0359	  173.8524
11.134	 2.62	 1	 -42.3209	  173.8207
11.134	 2.36	 2	 -43.2093	  171.5591
11.134	 3.01	 2	 -42.5446	  174.0533
11.139	 2.29	 1	 -41.8459	  172.8037
11.140	 2.87	 2	 -42.4866	  173.8720
11.142	 2.13	 3	 -43.1758	  171.5382
11.143	 2.72	 1	 -42.2364	  173.6365
11.144	 2.19	 2	 -43.7001	  174.5410
11.145	 3.60	 1	 -41.7245	  174.3031
11.145	 2.26	 1	 -41.6107	  174.4075
11.146	 2.03	 2	 -41.8770	  173.9520
11.146	 2.83	 2	 -41.6533	  174.4714
11.150	 2.30	 1	 -42.7431	  173.7379
11.150	 2.00	 2	 -42.7665	  172.5365
11.154	 2.37	 3	 -42.0552	  173.4995
11.154	 2.83	 1	 -42.3691	  173.8540
11.155	 2.12	 3	 -42.3424	  173.4504
11.157	 2.52	 2	 -42.3383	  173.8370
11.158	 2.29	 1	 -41.9824	  173.6833
11.159	 2.53	 2	 -41.9513	  173.7725
11.159	 2.71	 2	 -42.6169	  172.8770
11.160	 2.22	 1	 -41.9431	  173.2903
11.162	 2.16	 1	 -42.5569	  173.4696
11.162	 2.45	 1	 -42.3816	  173.7637
11.162	 2.01	 4	 -41.6615	  174.5300
11.164	 2.56	 1	 -41.7450	  174.2887
11.164	 2.40	 1	 -41.6921	  173.9180
11.167	 2.08	 2	 -41.6676	  174.2432
11.168	 2.53	 1	 -41.6985	  174.2630
11.169	 2.99	 1	 -41.7714	  174.4296
11.170	 2.44	 1	 -42.1714	  173.2433
11.173	 2.02	 2	 -42.3834	  173.8021
11.173	 2.89	 1	 -42.4109	  173.7509
11.173	 2.12	 1	 -42.0787	  173.7172
11.176	 2.62	 3	 -41.9746	  173.4650
11.182	 2.22	 3	 -41.9792	  173.6686
11.182	 2.27	 1	 -41.8621	  174.0732
11.185	 2.96	 2	 -42.1875	  173.5538
11.186	 2.39	 1	 -42.5937	  172.7335
11.186	 2.17	 4	 -42.6513	  172.6257
11.187	 2.29	 1	 -42.4752	  172.9954
11.188	 2.50	 1	 -42.6301	  172.9609
11.193	 3.53	 1	 -42.2890	  173.2156
11.195	 2.10	 1	 -42.0881	  173.7290
11.197	 2.59	 2	 -42.0504	  173.5514
11.199	 2.17	 1	 -42.5097	  173.2002
11.202	 2.98	 2	 -42.3576	  173.8547
11.204	 2.43	 3	 -41.9302	  173.6976
11.204	 3.37	 2	 -43.0063	  172.2339
11.205	 2.02	 1	 -42.3358	  174.0184
11.207	 3.76	 2	 -41.9018	  173.4477
11.208	 2.07	 2	 -41.7550	  174.4872
11.208	 2.18	 1	 -43.6804	  173.0434
11.208	 3.15	 2	 -42.2911	  173.2139
11.209	 2.96	 1	 -42.1539	  173.5837
11.212	 3.28	 1	 -42.3717	  173.0196
11.214	 2.47	 3	 -43.0752	  173.8728
11.214	 2.53	 2	 -42.7732	  173.7115
11.216	 2.39	 1	 -42.8737	  173.1810
11.216	 2.42	 1	 -42.1657	  173.9870
11.216	 2.14	 1	 -41.9611	  174.2644
11.217	 2.13	 1	 -42.4813	  172.5421
11.218	 2.61	 2	 -42.3486	  174.2453
11.219	 2.11	 3	 -42.5779	  172.9188
11.221	 2.00	 4	 -42.7531	  166.5763
11.224	 2.03	 1	 -42.6359	  172.7711
11.227	 2.10	 1	 -42.3283	  174.0357
11.228	 2.41	 2	 -42.2675	  173.7735
11.230	 2.19	 3	 -42.7101	  179.4149
11.231	 2.66	 1	 -42.2077	  173.8135
11.234	 2.22	 1	 -42.5609	  173.1233
11.234	 2.21	 1	 -42.3124	  173.4629
11.235	 2.04	 3	 -43.1205	  171.9923
11.235	 2.30	 1	 -42.2279	  173.5406
11.236	 2.34	 1	 -42.6627	  173.7089
11.236	 2.78	 1	 -42.2522	  173.5527
11.237	 2.88	 2	 -42.3558	  173.8320
11.237	 2.25	 1	 -42.6470	  172.8722
11.239	 2.19	 1	 -40.6640	  173.0227
11.240	 2.03	 3	 -43.0454	  173.8386
11.242	 3.73	 1	 -41.8581	  174.2160
11.244	 2.04	 1	 -42.5876	  173.2179
11.245	 2.11	 3	 -41.7611	  174.1414
11.245	 2.03	 2	 -41.6689	  174.2545
11.247	 2.08	 2	 -42.0192	  174.2339
11.251	 2.45	 1	 -41.6634	  174.5364
11.252	 2.10	 1	 -42.8821	  173.3117
11.252	 2.60	 1	 -42.0265	  173.6986
11.257	 2.05	 2	 -42.3043	  173.7349
11.257	 2.11	 1	 -41.6956	  174.1672
11.257	 2.20	 1	 -41.7823	  174.0429
11.260	 3.15	 1	 -41.6742	  174.1314
11.260	 2.01	 2	 -41.6815	  174.5295
11.263	 2.80	 1	 -42.4099	  172.6558
11.265	 2.03	 1	 -42.3351	  173.8929
11.267	 2.03	 1	 -42.1208	  173.5584
11.269	 3.06	 2	 -41.7940	  173.9617
11.269	 2.35	 1	 -41.6780	  174.2601
11.269	 2.18	 2	 -41.8582	  174.2194
11.270	 2.99	 1	 -42.4149	  173.6842
11.274	 2.15	 1	 -42.0316	  173.4588
11.274	 2.39	 2	 -42.6105	  173.4687
11.275	 2.34	 1	 -42.4600	  173.4849
11.276	 2.04	 1	 -41.6270	  174.2832
11.277	 2.11	 1	 -42.2437	  173.6121
11.282	 2.03	 4	 -42.3317	  172.4574
11.284	 2.58	 1	 -42.4868	  173.1845
11.284	 3.47	 1	 -42.6186	  173.1024
11.286	 2.04	 1	 -42.8277	  173.2941
11.289	 2.51	 1	 -42.6557	  172.9368
11.293	 2.90	 2	 -41.7088	  174.2835
11.293	 2.25	 1	 -42.3108	  173.6709
11.293	 2.89	 5	 -42.4804	  173.1328
11.295	 2.76	 2	 -41.8138	  174.1193
11.297	 2.01	 1	 -41.6803	  174.3083
11.299	 2.03	 2	 -42.5547	  172.6624
11.301	 2.25	 1	 -42.2454	  173.5996
11.302	 3.31	 3	 -41.8357	  174.0598
11.302	 3.29	 3	 -41.6513	  171.9366
11.311	 2.81	 1	 -41.9835	  173.8615
11.314	 2.87	 4	 -42.6525	  172.6615
11.316	 2.26	 2	 -41.7275	  174.3182
11.317	 2.03	 1	 -42.8529	  172.9491
11.319	 2.13	 1	 -42.1414	  173.8064
11.319	 2.05	 1	 -42.2678	  173.5833
11.319	 2.21	 3	 -41.8218	  174.0193
11.322	 2.18	 4	 -42.4459	  173.0611
11.323	 2.24	 1	 -42.5645	  173.4011
11.324	 2.61	 1	 -42.1661	  173.4698
11.326	 2.52	 1	 -42.7214	  172.9242
11.329	 2.23	 1	 -41.9766	  174.0483
11.330	 2.30	 1	 -41.7100	  174.3193
11.331	 2.82	 1	 -42.1552	  173.6158
11.332	 2.28	 1	 -42.4209	  173.3665
11.332	 2.08	 2	 -41.9522	  173.4552
11.335	 2.12	 1	 -42.7646	  173.3878
11.339	 2.46	 1	 -43.2407	  174.0775
11.341	 2.07	 6	 -43.2217	  174.4330
11.341	 2.89	 2	 -42.2996	  173.6292
11.342	 2.02	 2	 -41.9687	  173.7034
11.343	 2.44	 1	 -41.8398	  174.1660
11.344	 2.15	 1	 -42.4752	  173.0571
11.344	 2.05	 1	 -42.1360	  173.6541
11.345	 2.42	 3	 -42.3933	  173.2536
11.346	 2.25	 1	 -42.3492	  173.7650
11.347	 2.97	 1	 -42.1555	  173.8180
11.347	 2.16	 2	 -41.9334	  173.7092
11.349	 2.47	 1	 -41.7200	  174.3087
11.350	 2.21	 1	 -41.7364	  174.0743
11.351	 2.49	 1	 -41.6675	  174.2640
11.351	 3.59	 2	 -42.4195	  173.7995
11.352	 2.33	 3	 -42.2724	  173.6398
11.354	 2.12	 1	 -42.2626	  173.7446
11.356	 2.05	 1	 -42.3422	  172.9277
11.358	 2.33	 1	 -42.2763	  173.8542
11.358	 2.02	 1	 -41.6332	  174.2757
11.359	 2.38	 2	 -42.2744	  173.5419
11.360	 3.48	 1	 -41.7062	  174.2556
11.360	 2.48	 3	 -42.5486	  174.0489
11.361	 2.12	 1	 -42.9980	  173.2306
11.362	 2.37	 3	 -42.3994	  173.2706
11.362	 2.07	 3	 -42.6294	  173.4471
11.363	 2.08	 1	 -42.3773	  173.9432
11.365	 2.31	 1	 -42.8719	  173.3506
11.366	 3.18	 1	 -41.7097	  174.4753
11.373	 2.30	 3	 -42.4625	  173.9991
11.376	 2.80	 3	 -43.0885	  173.9278
11.376	 2.17	 2	 -42.6666	  172.7435
11.378	 3.03	 1	 -42.4361	  173.1798
11.381	 2.04	 3	 -43.0472	  173.9288
11.381	 2.10	 1	 -42.4769	  173.1018
11.382	 2.62	 1	 -41.6962	  174.0741
11.383	 2.68	 1	 -42.3850	  173.2051
11.383	 2.09	 2	 -42.3851	  173.8620
11.383	 2.03	 2	 -42.2793	  173.8251
11.385	 2.57	 2	 -42.5158	  173.5124
11.385	 2.16	 1	 -41.7232	  174.1516
11.387	 2.46	 3	 -43.8804	  167.9932
11.395	 2.27	 1	 -42.1795	  173.7145
11.397	 2.03	 1	 -42.7409	  173.0211
11.397	 2.88	 2	 -42.5103	  173.7067
11.398	 2.41	 2	 -41.6919	  174.1890
11.398	 3.45	 1	 -42.1898	  173.6306
11.399	 3.05	 2	 -42.5070	  172.7414
11.400	 2.28	 1	 -42.6627	  172.8695
11.401	 3.82	 1	 -42.0360	  173.7503
11.403	 2.29	 1	 -42.2521	  173.7519
11.403	 3.94	 2	 -41.9700	  173.4920
11.405	 4.18	 1	 -42.1897	  173.4212
11.407	 2.48	 3	 -41.9694	  173.4924
11.413	 2.69	 2	 -41.6320	  174.1474
11.414	 2.48	 1	 -42.3111	  173.8192
11.415	 2.15	 1	 -42.3716	  173.1092
11.415	 2.03	 2	 -42.0572	  173.8322
11.417	 2.63	 4	 -42.0496	  173.5484
11.418	 2.46	 1	 -42.4970	  173.0308
11.419	 2.96	 3	 -42.3853	  173.1828
11.419	 2.04	 1	 -44.0268	  172.0212
11.421	 2.18	 1	 -42.2485	  173.6906
11.421	 3.54	 1	 -42.2654	  173.6172
11.422	 2.08	 1	 -42.0459	  173.7198
11.422	 2.38	 1	 -42.4408	  172.8128
11.427	 2.05	 4	 -42.0406	  173.5598
11.432	 2.15	 2	 -42.9253	  172.8126
11.435	 2.32	 1	 -41.6083	  174.3669
11.435	 2.06	 1	 -42.7833	  173.0769
11.436	 2.84	 1	 -42.4049	  172.9343
11.438	 2.68	 1	 -41.8450	  174.1345
11.439	 2.06	 3	 -42.3055	  173.5253
11.441	 2.51	 3	 -41.9659	  173.4460
11.442	 2.75	 1	 -42.6550	  173.1404
11.448	 2.03	 1	 -41.8193	  173.6266
11.448	 2.49	 1	 -41.6772	  174.2924
11.449	 2.01	 1	 -42.2640	  173.8537
11.449	 2.51	 2	 -42.5050	  173.1443
11.450	 2.57	 4	 -41.6122	  174.4409
11.451	 2.25	 2	 -42.9710	  172.6821
11.452	 2.39	 2	 -42.0300	  173.7518
11.452	 3.22	 3	 -41.9854	  173.4898
11.452	 2.19	 1	 -41.6964	  174.4264
11.455	 3.45	 1	 -41.7117	  174.3490
11.455	 3.00	 2	 -41.8034	  174.1078
11.456	 2.28	 2	 -42.4914	  173.1911
11.460	 2.05	 2	 -42.4464	  173.7374
11.463	 2.81	 1	 -42.6230	  174.0001
11.465	 2.17	 1	 -41.7428	  174.2803
11.466	 2.13	 2	 -41.8133	  174.1755
11.467	 3.67	 1	 -42.6992	  173.6327
11.467	 2.18	 1	 -41.7552	  174.2056
11.467	 3.27	 1	 -42.2801	  173.5612
11.470	 2.34	 1	 -42.6396	  172.9466
11.472	 3.69	 2	 -42.4417	  173.2150
11.472	 2.18	 1	 -42.5177	  173.0734
11.473	 2.41	 1	 -42.3570	  173.9554
11.474	 2.53	 2	 -42.1524	  173.5439
11.476	 2.87	 1	 -41.6195	  173.3508
11.476	 2.16	 2	 -41.8154	  174.1117
11.478	 2.57	 1	 -42.3667	  174.0529
11.479	 2.40	 3	 -43.0619	  174.2094
11.480	 2.04	 1	 -41.7393	  174.2871
11.480	 2.29	 1	 -42.0901	  173.8316
11.481	 2.19	 2	 -43.4944	  171.8531
11.482	 2.24	 1	 -42.6403	  172.8023
11.483	 4.47	 3	 -42.9480	  172.2137
11.484	 2.06	 3	 -41.9716	  173.4970
11.485	 2.25	 2	 -42.1792	  173.4177
11.486	 2.66	 1	 -42.1205	  173.5719
11.486	 2.19	 2	 -42.3058	  173.3620
11.488	 2.24	 5	 -42.0532	  173.5477
11.488	 2.87	 1	 -42.3311	  171.6193
11.489	 2.88	 2	 -42.3786	  173.7062
11.490	 2.20	 1	 -42.7045	  173.1077
11.490	 4.06	 2	 -41.4956	  174.0321
11.490	 2.23	 1	 -42.4593	  173.1617
11.490	 2.88	 1	 -42.7649	  173.8025
11.492	 2.12	 2	 -42.3972	  173.1004
11.492	 2.22	 2	 -42.2663	  173.7892
11.493	 2.41	 4	 -42.8971	  172.2155
11.494	 3.66	 1	 -42.6419	  172.9431
11.499	 2.55	 1	 -43.6894	  173.5283
11.500	 2.06	 2	 -42.3658	  173.9393
11.501	 2.56	 2	 -42.2684	  173.5870
11.502	 3.78	 2	 -42.1943	  173.4104
11.506	 2.21	 2	 -42.3695	  173.8846
11.510	 2.09	 1	 -42.0746	  173.6364
11.511	 2.28	 1	 -42.6181	  172.9945
11.514	 2.27	 2	 -41.7660	  174.3042
11.515	 3.68	 2	 -42.2739	  173.2608
11.515	 2.46	 1	 -42.2982	  173.7346
11.518	 2.57	 3	 -42.2431	  173.2236
11.519	 2.13	 1	 -42.6736	  172.7743
11.519	 2.68	 1	 -41.7317	  174.2553
11.520	 2.17	 1	 -42.5209	  173.2329
11.521	 2.99	 2	 -41.9423	  173.4331
11.521	 2.09	 1	 -41.6104	  174.3637
11.522	 2.06	 1	 -42.3425	  173.6350
11.525	 2.88	 2	 -42.1629	  173.7907
11.525	 2.06	 1	 -41.7976	  174.2185
11.525	 2.23	 2	 -42.0169	  173.6596
11.525	 2.15	 2	 -41.7726	  174.2785
11.526	 2.01	 3	 -41.3646	  173.7883
11.528	 2.32	 4	 -41.6554	  174.5342
11.528	 2.59	 1	 -41.7543	  174.2285
11.529	 3.00	 2	 -41.8419	  174.1659
11.530	 2.18	 1	 -42.5055	  173.1631
11.530	 2.51	 2	 -42.3579	  173.8477
11.531	 2.53	 2	 -41.4543	  174.4397
11.536	 2.03	 2	 -41.5580	  176.3735
11.537	 2.39	 1	 -42.2692	  173.6648
11.539	 2.39	 1	 -42.7130	  173.2177
11.539	 2.38	 1	 -42.5009	  172.8998
11.540	 2.91	 2	 -42.4603	  173.4845
11.543	 3.04	 3	 -42.6013	  172.9648
11.544	 2.40	 1	 -42.5146	  173.1648
11.544	 3.57	 1	 -42.5642	  173.0271
11.546	 2.31	 1	 -42.6998	  173.3382
11.546	 2.11	 3	 -42.4540	  173.1491
11.551	 2.38	 3	 -41.6750	  174.4261
11.554	 2.63	 1	 -42.2688	  173.9889
11.554	 2.06	 1	 -42.2584	  173.6866
11.554	 2.17	 1	 -38.6001	  176.2522
11.555	 2.43	 3	 -41.6858	  174.1322
11.557	 2.13	 1	 -42.8535	  172.8061
11.558	 2.01	 1	 -42.0142	  173.6876
11.558	 2.26	 1	 -42.4128	  173.2829
11.561	 2.44	 2	 -42.0168	  173.3948
11.563	 2.60	 1	 -42.6555	  172.7944
11.563	 2.49	 1	 -42.2555	  173.3406
11.563	 2.44	 1	 -42.3278	  173.9801
11.565	 2.11	 1	 -42.3775	  173.2564
11.569	 2.34	 1	 -43.4288	  174.4071
11.569	 2.21	 1	 -41.7564	  174.2633
11.569	 2.25	 2	 -42.0106	  173.6397
11.570	 2.06	 1	 -42.3426	  174.0725
11.573	 2.32	 4	 -42.9208	  172.1950
11.575	 2.12	 2	 -41.7249	  174.2042
11.575	 2.21	 2	 -41.9068	  173.0679
11.575	 2.40	 3	 -42.1604	  173.3755
11.579	 2.10	 1	 -43.6188	  173.3075
11.580	 2.45	 1	 -41.9827	  173.6904
11.580	 2.27	 3	 -42.6133	  173.3185
11.583	 2.35	 2	 -41.7397	  174.2648
11.588	 2.40	 1	 -42.2739	  173.7725
11.591	 3.12	 2	 -42.3614	  173.8646
11.591	 2.10	 2	 -42.2089	  173.3701
11.593	 2.15	 3	 -41.8295	  174.2602
11.594	 3.63	 3	 -42.3665	  173.1522
11.595	 2.26	 2	 -42.3745	  173.3176
11.595	 2.66	 2	 -42.7515	  173.2351
11.596	 2.01	 3	 -42.4042	  173.2111
11.598	 3.11	 1	 -41.6164	  174.0980
11.600	 2.49	 3	 -43.0740	  173.8651
11.604	 4.01	 1	 -42.6801	  172.7637
11.606	 4.08	 2	 -41.7981	  173.9144
11.607	 2.00	 2	 -42.4266	  173.0951
11.608	 2.02	 2	 -42.5948	  172.9223
11.612	 2.05	 3	 -42.5959	  172.9252
11.612	 2.32	 2	 -42.4212	  172.3484
11.612	 2.22	 3	 -41.6613	  174.4910
11.618	 2.74	 1	 -42.6810	  173.8271
11.619	 2.07	 3	 -42.4065	  173.9306
11.622	 2.09	 2	 -42.4458	  173.6705
11.622	 2.06	 1	 -42.3208	  173.8799
11.625	 2.07	 3	 -42.2794	  173.1975
11.627	 2.77	 3	 -41.9707	  173.6956
11.628	 3.23	 1	 -41.7073	  174.3479
11.630	 2.50	 2	 -42.1966	  173.4413
11.631	 2.28	 1	 -42.1561	  173.6534
11.632	 2.49	 1	 -42.2768	  173.7139
11.634	 2.22	 1	 -42.2360	  173.5759
11.634	 2.22	 1	 -41.8653	  173.5861
11.635	 2.23	 1	 -42.8795	  171.9330
11.636	 2.17	 1	 -42.6075	  173.1758
11.639	 2.08	 1	 -41.6943	  174.3476
11.639	 3.04	 1	 -42.6183	  172.9377
11.640	 2.22	 1	 -41.4814	  174.2532
11.640	 2.20	 1	 -42.4128	  173.7774
11.641	 2.16	 1	 -42.2234	  173.7393
11.643	 2.20	 4	 -43.0899	  173.9290
11.648	 2.62	 1	 -42.6235	  172.9116
11.648	 2.40	 3	 -42.3715	  173.3097
11.648	 2.35	 5	 -42.6534	  172.6632
11.651	 2.14	 1	 -42.3626	  173.7759
11.656	 3.49	 1	 -42.5239	  173.2893
11.657	 2.21	 1	 -41.7677	  174.4288
11.664	 2.31	 1	 -42.2239	  173.7281
11.664	 2.38	 2	 -41.8299	  173.6911
11.666	 2.00	 1	 -42.4588	  174.1714
11.666	 2.17	 1	 -42.2036	  174.5624
11.666	 2.27	 1	 -41.5369	  174.1946
11.677	 2.12	 3	 -41.5020	  174.0401
11.679	 3.60	 2	 -42.4098	  173.7879
11.680	 2.13	 1	 -41.7369	  174.2001
11.681	 2.08	 1	 -42.9328	  173.0211
11.686	 2.01	 1	 -41.7885	  174.2081
11.686	 2.16	 1	 -39.9539	  170.1726
11.689	 2.09	 3	 -41.7994	  173.9234
11.691	 2.19	 3	 -42.3773	  173.7444
11.692	 2.64	 2	 -42.2407	  172.9976
11.692	 2.29	 4	 -42.9345	  172.1807
11.693	 2.06	 1	 -41.6846	  174.2682
11.694	 2.24	 1	 -42.3893	  173.1900
11.694	 2.43	 2	 -42.3722	  173.0188
11.695	 2.14	 1	 -41.6529	  174.1118
11.696	 2.46	 1	 -43.8326	  170.3593
11.697	 2.25	 2	 -42.3521	  174.1378
11.704	 2.27	 1	 -42.6327	  174.0963
11.704	 2.31	 1	 -41.9474	  173.6268
11.705	 2.51	 2	 -41.5766	  174.4506
11.707	 4.21	 1	 -41.7735	  174.2640
11.709	 2.37	 1	 -42.7262	  172.8639
11.709	 2.58	 3	 -41.8468	  174.0044
11.710	 2.45	 4	 -41.9299	  173.6831
11.710	 2.20	 2	 -42.6987	  173.4620
11.711	 2.11	 1	 -41.7553	  174.2768
11.711	 2.46	 1	 -42.6631	  172.8645
11.712	 2.15	 2	 -42.3645	  173.8862
11.714	 3.58	 1	 -41.8607	  174.1589
11.714	 2.70	 3	 -41.7086	  174.2019
11.717	 2.61	 2	 -41.9787	  173.9140
11.718	 2.23	 1	 -42.2781	  173.8982
11.718	 2.43	 1	 -42.4508	  173.7631
11.719	 2.61	 2	 -42.9267	  172.7943
11.722	 2.03	 4	 -42.9121	  172.2038
11.722	 2.24	 2	 -41.8563	  174.1757
11.722	 2.18	 1	 -42.0931	  173.4044
11.723	 2.33	 2	 -41.7257	  174.2658
11.723	 2.29	 2	 -42.3225	  174.0513
11.725	 2.07	 2	 -42.3527	  173.6662
11.726	 2.59	 1	 -42.1613	  173.4987
11.726	 2.21	 2	 -42.0534	  173.6571
11.727	 2.04	 2	 -42.7080	  173.5426
11.728	 2.61	 1	 -42.6987	  172.9618
11.729	 2.35	 1	 -42.3528	  173.7009
11.730	 2.53	 1	 -41.7821	  174.1219
11.732	 2.32	 4	 -42.3709	  173.1267
11.733	 2.30	 1	 -42.1305	  173.7025
11.733	 2.55	 2	 -42.6093	  173.7338
11.735	 2.83	 1	 -42.3093	  173.6979
11.735	 2.14	 3	 -41.7392	  173.9396
11.735	 2.70	 1	 -41.6725	  174.3192
11.738	 2.34	 1	 -42.4347	  173.0852
11.741	 2.66	 1	 -41.9422	  174.2031
11.742	 2.06	 3	 -41.1343	  176.4401
11.744	 2.31	 2	 -42.4256	  173.4148
11.746	 2.04	 1	 -42.5811	  173.0690
11.747	 2.69	 1	 -41.8070	  174.3271
11.748	 2.15	 2	 -42.9058	  172.7972
11.749	 2.92	 1	 -41.7976	  174.2458
11.752	 2.02	 1	 -41.7609	  174.1067
11.754	 3.04	 2	 -42.3505	  173.4823
11.756	 2.08	 2	 -41.7792	  174.2752
11.756	 2.51	 2	 -42.1776	  173.4499
11.757	 2.25	 2	 -43.6000	  173.3027
11.758	 2.42	 1	 -41.9813	  174.1217
11.759	 2.04	 2	 -42.6667	  172.6530
11.763	 2.30	 2	 -42.3149	  173.7372
11.764	 2.01	 3	 -43.0629	  173.9079
11.767	 2.34	 2	 -42.3534	  173.8220
11.768	 3.03	 1	 -42.3088	  173.8687
11.768	 2.07	 1	 -41.6671	  174.3740
11.769	 2.13	 3	 -42.0023	  173.8779
11.771	 2.60	 1	 -41.9844	  174.0145
11.773	 2.12	 1	 -42.5620	  173.3726
11.774	 2.08	 2	 -42.6422	  172.9274
11.776	 3.59	 1	 -40.4068	  173.7294
11.779	 2.97	 2	 -42.3583	  173.8341
11.780	 2.26	 1	 -42.3495	  173.8659
11.780	 3.31	 1	 -42.7003	  172.8250
11.781	 2.13	 5	 -43.1373	  174.6781
11.781	 2.15	 1	 -41.8646	  174.1639
11.781	 2.09	 2	 -41.7665	  174.4116
11.781	 2.10	 3	 -43.0266	  173.8547
11.782	 2.71	 4	 -41.8091	  174.1875
11.791	 2.39	 2	 -42.3042	  173.0968
11.792	 2.36	 2	 -42.5939	  172.7114
11.793	 2.36	 1	 -42.3123	  173.6261
11.794	 2.53	 1	 -42.6384	  173.1372
11.794	 2.75	 1	 -41.9318	  173.9638
11.796	 2.33	 1	 -41.7306	  174.3243
11.802	 2.08	 2	 -42.2588	  173.9470
11.802	 2.02	 1	 -42.9382	  173.1907
11.808	 2.09	 2	 -41.6719	  174.4504
11.808	 4.64	 2	 -41.8215	  174.3693
11.808	 2.56	 1	 -42.3735	  173.8135
11.808	 2.05	 1	 -42.1949	  173.8716
11.816	 2.27	 1	 -42.3361	  173.4268
11.816	 2.46	 2	 -43.3476	  173.2763
11.817	 3.09	 1	 -39.6439	  172.4395
11.818	 2.05	 1	 -42.2539	  173.9171
11.822	 3.08	 1	 -42.4280	  173.6901
11.823	 2.59	 2	 -41.7279	  174.2619
11.824	 2.55	 1	 -42.1759	  173.9144
11.824	 2.56	 2	 -42.3737	  173.5476
11.827	 2.42	 1	 -42.1751	  173.4577
11.828	 2.51	 1	 -42.3688	  172.9474
11.828	 2.26	 4	 -41.7712	  173.8590
11.828	 2.36	 2	 -42.5778	  173.0811
11.831	 3.05	 3	 -42.4811	  173.1176
11.831	 2.49	 1	 -42.0897	  173.4358
11.832	 2.16	 2	 -42.4237	  173.1084
11.832	 2.40	 1	 -42.4756	  174.0607
11.833	 2.23	 1	 -41.0145	  177.7342
11.834	 2.17	 2	 -41.7982	  174.2533
11.835	 2.31	 2	 -42.9165	  169.9034
11.838	 2.35	 1	 -41.7857	  174.1783
11.839	 2.65	 3	 -41.6841	  175.5330
11.841	 2.68	 1	 -42.6576	  172.9496
11.846	 2.35	 1	 -42.2556	  172.8009
11.846	 3.25	 1	 -42.4475	  173.7708
11.848	 2.48	 1	 -41.7265	  174.1590
11.848	 2.03	 2	 -42.4404	  174.1293
11.849	 2.31	 1	 -42.6483	  173.0699
11.850	 2.07	 1	 -42.2966	  173.5987
11.854	 2.33	 3	 -42.2515	  173.0063
11.855	 3.03	 1	 -42.4092	  172.8336
11.856	 2.02	 4	 -41.6959	  174.2826
11.858	 2.29	 3	 -41.8860	  174.0674
11.859	 2.19	 1	 -42.7952	  174.2234
11.861	 2.21	 2	 -42.6375	  173.1399
11.864	 2.34	 1	 -41.7443	  174.3261
11.865	 2.19	 3	 -42.3589	  174.1660
11.866	 2.70	 2	 -42.5794	  173.1066
11.866	 2.64	 1	 -42.3000	  173.5295
11.867	 2.30	 2	 -42.3508	  173.0918
11.869	 2.18	 4	 -42.5070	  172.6953
11.880	 2.45	 1	 -42.6529	  172.8106
11.880	 2.58	 1	 -42.5848	  172.9545
11.882	 2.35	 2	 -42.5416	  172.9906
11.886	 2.80	 1	 -42.3248	  173.6813
11.886	 2.78	 2	 -42.6866	  172.7909
11.888	 2.09	 1	 -42.0680	  172.8713
11.889	 2.06	 1	 -42.5939	  173.6871
11.890	 2.09	 1	 -42.3842	  173.8467
11.891	 2.08	 3	 -42.4856	  173.1220
11.891	 2.90	 1	 -42.6537	  172.8983
11.897	 2.11	 2	 -42.3419	  173.4566
11.898	 2.04	 2	 -42.3387	  173.8687
11.900	 2.33	 2	 -42.4005	  174.0249
11.901	 2.11	 2	 -42.9973	  173.4414
11.902	 2.22	 1	 -42.5713	  173.0134
11.905	 2.67	 3	 -42.4127	  173.4443
11.905	 2.27	 1	 -42.2450	  173.9755
11.906	 2.06	 1	 -41.9746	  174.0423
11.907	 2.82	 1	 -42.5796	  173.0814
11.909	 2.36	 1	 -41.6218	  174.2038
11.909	 2.11	 3	 -41.5200	  174.0392
11.909	 3.90	 1	 -42.6275	  173.4409
11.911	 2.22	 1	 -42.0193	  173.6830
11.912	 2.09	 1	 -41.7139	  174.2227
11.912	 2.04	 2	 -43.0479	  173.0988
11.912	 2.49	 1	 -41.2184	  174.0023
11.915	 3.35	 2	 -41.7072	  174.2738
11.917	 2.38	 1	 -41.6852	  174.2552
11.917	 2.11	 2	 -42.7009	  173.6298
11.917	 2.95	 1	 -41.6714	  174.2626
11.921	 2.26	 3	 -41.8299	  174.3815
11.921	 2.06	 3	 -43.0558	  173.0227
11.921	 2.28	 1	 -42.6623	  172.9807
11.921	 2.24	 1	 -42.6718	  172.7971
11.924	 3.52	 1	 -42.2707	  174.0800
11.925	 2.09	 1	 -41.7004	  174.2300
11.926	 2.33	 2	 -42.9253	  172.2120
11.926	 2.86	 4	 -42.9500	  172.2304
11.929	 2.23	 2	 -42.6564	  173.1662
11.929	 2.45	 1	 -41.6992	  174.2211
11.930	 2.09	 3	 -42.8741	  172.6145
11.937	 2.09	 1	 -41.7268	  174.2017
11.937	 2.68	 1	 -42.5996	  173.2528
11.940	 2.90	 3	 -42.4362	  173.6526
11.943	 2.74	 3	 -42.3432	  173.9019
11.947	 2.27	 1	 -42.4351	  172.3434
11.947	 2.54	 3	 -42.3867	  173.1866
11.948	 3.51	 2	 -42.1884	  173.2069
11.952	 2.05	 1	 -41.7494	  174.3200
11.955	 2.11	 1	 -41.7557	  174.2646
11.956	 2.28	 1	 -42.2808	  173.7167
11.959	 3.62	 1	 -42.4383	  172.9483
11.962	 3.03	 1	 -42.9064	  172.8676
11.964	 2.04	 1	 -42.3999	  174.0648
11.974	 4.14	 1	 -42.3490	  173.8003
11.974	 2.26	 3	 -42.2865	  173.7424
11.975	 3.06	 1	 -42.1882	  173.6132
11.975	 2.61	 2	 -42.1457	  173.5200
11.977	 2.77	 2	 -42.3600	  173.8543
11.979	 2.32	 1	 -42.3181	  173.7918
11.980	 2.21	 2	 -42.4239	  173.1808
11.982	 2.22	 4	 -42.3603	  173.3670
11.985	 3.07	 4	 -42.5258	  172.6500
11.986	 2.00	 1	 -41.7064	  174.2575
11.987	 2.30	 2	 -42.0660	  173.5275
11.989	 3.43	 2	 -42.3268	  173.8574
11.989	 2.46	 1	 -44.3090	  168.3567
11.993	 2.21	 3	 -41.7807	  174.1270
11.993	 2.50	 2	 -42.4207	  173.9118
11.994	 2.15	 2	 -41.7715	  174.6157
11.995	 2.82	 1	 -41.7302	  174.3258
11.995	 2.04	 2	 -42.5674	  172.8767
11.996	 3.34	 1	 -41.9509	  173.9631
11.997	 2.04	 2	 -41.7844	  174.2182
11.998	 3.00	 1	 -41.8213	  174.1598
11.998	 2.43	 2	 -41.7530	  174.2789
11.999	 2.30	 2	 -42.6229	  173.4331
12.006	 2.69	 2	 -42.0578	  173.6503
12.008	 2.00	 2	 -41.5642	  174.4769
12.008	 2.58	 4	 -42.4575	  173.0122
12.008	 2.90	 2	 -44.1884	  167.3358
12.009	 2.20	 1	 -42.2093	  173.7987
12.010	 2.57	 2	 -41.9274	  174.3700
12.012	 2.32	 1	 -41.5923	  174.5571
12.013	 2.80	 3	 -43.1828	  174.5527
12.013	 2.04	 1	 -42.3178	  173.6921
12.015	 2.89	 2	 -42.4251	  173.2126
12.015	 2.30	 3	 -41.9582	  173.4880
12.016	 2.13	 1	 -42.5302	  173.2041
12.016	 2.65	 3	 -41.9556	  173.7707
12.019	 2.24	 1	 -42.2182	  173.6731
12.019	 2.20	 2	 -41.7970	  174.3295
12.020	 2.43	 2	 -42.2598	  173.8672
12.021	 2.71	 4	 -42.5412	  172.3850
12.021	 2.04	 2	 -44.3092	  168.3539
12.026	 2.71	 1	 -41.7936	  174.5612
12.029	 4.73	 4	 -42.5109	  172.5391
12.033	 2.59	 3	 -43.1480	  174.5878
12.034	 2.33	 1	 -42.2557	  173.7018
12.035	 2.25	 2	 -41.9566	  173.4586
12.036	 2.22	 3	 -42.4404	  173.0930
12.036	 3.16	 5	 -42.5234	  172.5355
12.038	 2.34	 1	 -42.6057	  173.5408
12.038	 2.11	 2	 -42.4540	  173.7626
12.040	 2.24	 1	 -43.3782	  173.3999
12.041	 3.08	 1	 -41.8287	  174.2565
12.043	 2.96	 1	 -42.3878	  174.1628
12.043	 2.12	 1	 -39.5728	  173.5775
12.044	 2.03	 2	 -42.6251	  173.4442
12.044	 3.05	 1	 -42.3286	  173.6833
12.044	 2.33	 2	 -42.2795	  173.2185
12.045	 2.70	 1	 -42.4207	  173.4726
12.046	 2.56	 1	 -42.1077	  173.8348
12.046	 2.81	 1	 -42.0542	  173.3298
12.047	 2.39	 1	 -42.5013	  173.1033
12.048	 2.17	 1	 -43.0609	  172.9464
12.049	 2.26	 1	 -42.3346	  173.8317
12.049	 2.66	 1	 -41.7921	  174.2462
12.051	 2.27	 4	 -41.9187	  174.3037
12.057	 2.24	 1	 -41.9683	  173.9753
12.061	 2.07	 1	 -42.4218	  173.1741
12.063	 3.49	 3	 -43.0863	  173.8795
12.063	 2.43	 5	 -42.4866	  172.5847
12.064	 2.10	 6	 -41.2200	  170.2502
12.064	 2.15	 1	 -41.7850	  174.2353
12.068	 2.46	 5	 -42.4289	  172.4120
12.070	 2.52	 2	 -42.6617	  172.9780
12.072	 2.18	 3	 -43.0931	  173.9627
12.073	 2.45	 3	 -42.2751	  173.7019
12.073	 2.00	 1	 -41.6741	  174.1450
12.077	 2.69	 3	 -41.8386	  174.8527
12.078	 3.04	 4	 -42.5055	  172.6450
12.078	 2.11	 1	 -41.9652	  173.8648
12.082	 2.67	 3	 -41.8353	  174.4525
12.083	 2.38	 1	 -41.8003	  174.2022
12.086	 2.09	 1	 -41.9348	  173.6688
12.086	 2.20	 1	 -42.4214	  173.9724
12.087	 2.27	 3	 -42.3211	  173.8531
12.089	 2.49	 2	 -42.2679	  173.2955
12.091	 2.08	 1	 -42.4691	  173.8357
12.094	 2.04	 1	 -41.7230	  174.2756
12.095	 2.08	 2	 -41.8488	  174.0861
12.095	 2.23	 4	 -42.9993	  173.7325
12.096	 2.14	 1	 -42.1778	  173.2368
12.096	 2.31	 2	 -40.4070	  173.7245
12.098	 3.25	 1	 -41.9977	  173.6691
12.100	 2.14	 1	 -41.5484	  174.3326
12.103	 2.15	 1	 -41.7609	  174.2813
12.106	 2.76	 1	 -41.6677	  174.2066
12.107	 2.22	 1	 -42.5156	  173.1254
12.109	 2.33	 1	 -42.3647	  174.0230
12.109	 2.26	 2	 -42.3138	  173.9969
12.110	 3.87	 1	 -42.0525	  173.7572
12.110	 2.58	 1	 -42.2862	  174.0404
12.110	 2.14	 1	 -42.7924	  173.2138
12.111	 2.40	 2	 -42.0118	  173.6127
12.113	 2.26	 2	 -42.0341	  173.4267
12.114	 2.82	 1	 -42.4334	  173.6873
12.115	 2.91	 1	 -42.9174	  173.1828
12.115	 2.35	 2	 -42.6072	  172.8321
12.116	 4.42	 1	 -42.9608	  173.4354
12.117	 2.52	 2	 -41.8898	  173.0746
12.119	 2.16	 4	 -41.9128	  174.2003
12.120	 2.42	 1	 -42.9627	  172.9627
12.122	 2.34	 1	 -42.1368	  173.8546
12.123	 2.05	 3	 -42.2315	  173.8757
12.125	 2.07	 1	 -42.1036	  173.6755
12.125	 2.87	 1	 -42.2315	  173.6231
12.129	 3.95	 3	 -42.2051	  173.6036
12.132	 2.85	 2	 -42.5506	  173.1300
12.132	 3.01	 2	 -42.4538	  173.3931
12.134	 2.11	 1	 -42.5053	  173.7298
12.135	 2.67	 3	 -42.1463	  173.5486
12.138	 3.26	 3	 -42.0434	  173.5300
12.140	 2.48	 1	 -42.6791	  174.1296
12.142	 3.10	 2	 -42.3087	  174.0498
12.144	 2.82	 1	 -41.6545	  174.2995
12.145	 2.82	 2	 -42.9548	  173.4371
12.148	 2.94	 1	 -42.4949	  173.0880
12.151	 2.45	 1	 -41.7624	  173.5468
12.152	 2.18	 2	 -42.2683	  174.0762
12.152	 2.11	 3	 -42.1923	  173.8034
12.153	 2.12	 1	 -41.7625	  174.2336
12.153	 2.39	 1	 -42.4019	  174.0359
12.154	 2.74	 2	 -41.8062	  174.2468
12.155	 2.71	 1	 -46.8878	  175.2240
12.155	 2.76	 1	 -41.7170	  174.4065
12.156	 2.38	 1	 -42.9622	  173.3995
12.157	 2.12	 1	 -42.4773	  174.0218
12.157	 2.36	 1	 -42.1710	  173.8122
12.158	 2.34	 1	 -42.4317	  173.3324
12.158	 2.00	 2	 -41.9328	  173.5934
12.161	 2.84	 1	 -42.5836	  173.1087
12.161	 2.63	 4	 -42.9395	  172.2349
12.162	 2.10	 3	 -42.2602	  173.2041
12.163	 2.13	 2	 -41.7907	  174.1138
12.164	 2.24	 7	 -41.2075	  170.2486
12.164	 2.33	 1	 -42.4955	  173.0199
12.171	 2.36	 1	 -42.4301	  173.7450
12.175	 2.45	 1	 -42.0827	  173.2024
12.178	 2.95	 1	 -41.9881	  173.8155
12.178	 2.22	 1	 -42.1662	  173.4187
12.183	 2.02	 2	 -42.5447	  173.2684
12.183	 2.32	 1	 -42.5788	  173.1951
12.184	 2.16	 3	 -42.1577	  173.3598
12.184	 2.86	 5	 -42.8417	  173.3084
12.192	 2.75	 1	 -42.1599	  173.6148
12.194	 2.80	 2	 -41.7143	  174.3519
12.195	 2.02	 4	 -43.1649	  173.9772
12.195	 2.02	 4	 -42.3993	  173.2719
12.196	 2.33	 1	 -42.2121	  173.9955
12.197	 2.24	 3	 -42.5415	  173.9581
12.199	 2.35	 1	 -41.8251	  174.1539
12.200	 2.74	 2	 -42.6167	  172.9429
12.202	 4.19	 2	 -41.6602	  175.2614
12.203	 2.40	 1	 -42.4085	  173.6077
12.203	 2.09	 1	 -42.3974	  173.1313
12.204	 2.04	 1	 -42.4092	  173.3779
12.209	 2.02	 1	 -42.7013	  172.9337
12.210	 2.72	 2	 -41.6886	  174.3268
12.212	 2.46	 1	 -42.6007	  172.8725
12.213	 2.61	 1	 -42.5302	  173.0337
12.215	 2.30	 1	 -42.3468	  173.9759
12.216	 2.13	 1	 -42.3424	  173.9233
12.216	 2.09	 2	 -41.5995	  174.3895
12.218	 2.48	 1	 -41.6344	  174.4226
12.223	 2.30	 2	 -42.0583	  173.7924
12.225	 2.01	 1	 -42.2620	  173.7135
12.225	 2.30	 1	 -43.7297	  174.2531
12.226	 2.59	 1	 -41.7761	  174.3568
12.227	 2.66	 1	 -41.9427	  174.3803
12.227	 2.01	 5	 -42.5254	  172.5279
12.228	 2.44	 3	 -42.3232	  173.5332
12.228	 2.36	 2	 -42.3584	  173.8659
12.231	 2.38	 1	 -42.6191	  173.3348
12.237	 2.01	 1	 -41.7116	  174.1532
12.237	 2.17	 3	 -43.0545	  173.8441
12.237	 2.16	 2	 -42.2533	  173.6394
12.238	 2.09	 1	 -42.1858	  173.8012
12.238	 2.20	 3	 -42.7525	  173.2344
12.239	 3.51	 4	 -42.2373	  173.4339
12.240	 2.02	 1	 -42.3135	  172.9876
12.240	 3.15	 5	 -42.5122	  172.5107
12.240	 2.09	 2	 -42.0453	  173.7540
12.240	 2.35	 2	 -42.9391	  173.4446
12.242	 2.08	 2	 -42.4321	  173.1453
12.242	 2.30	 2	 -42.9133	  173.1746
12.243	 2.20	 3	 -43.0694	  173.8591
12.243	 2.12	 1	 -42.4005	  173.1434
12.243	 2.07	 1	 -42.3910	  173.9758
12.244	 2.47	 2	 -42.6952	  172.7419
12.245	 2.56	 2	 -42.3638	  173.8403
12.248	 2.92	 1	 -42.5387	  173.2675
12.248	 2.53	 1	 -42.2142	  174.1661
12.249	 2.04	 3	 -42.3565	  173.8157
12.251	 2.25	 1	 -42.7007	  173.4001
12.253	 2.04	 1	 -42.2428	  173.6302
12.254	 2.09	 3	 -41.6421	  173.6490
12.254	 2.58	 5	 -42.5189	  172.5175
12.254	 2.03	 2	 -43.0394	  173.0573
12.261	 2.59	 1	 -42.8292	  172.8289
12.265	 2.92	 1	 -41.8100	  174.2521
12.269	 2.13	 2	 -41.8614	  174.1544
12.269	 2.04	 2	 -41.5891	  175.2043
12.271	 2.32	 1	 -42.3730	  174.0187
12.273	 2.02	 2	 -41.3524	  173.8749
12.274	 2.52	 1	 -42.3448	  174.2010
12.275	 2.33	 2	 -41.7140	  174.2104
12.275	 3.46	 1	 -42.4569	  173.9904
12.276	 2.20	 1	 -41.6340	  174.3301
12.283	 2.40	 1	 -42.0557	  173.7947
12.285	 2.02	 2	 -41.8086	  174.1768
12.286	 2.81	 1	 -42.2497	  173.7593
12.287	 2.12	 3	 -41.7288	  175.3549
12.287	 2.04	 1	 -42.2773	  173.7363
12.288	 2.01	 5	 -42.2364	  173.4143
12.288	 2.19	 3	 -42.5062	  173.5820
12.290	 2.49	 1	 -42.2938	  173.7980
12.292	 2.08	 1	 -42.4215	  172.8165
12.296	 2.23	 1	 -43.1676	  172.9619
12.297	 2.53	 1	 -41.6974	  174.1669
12.299	 2.12	 4	 -42.2049	  173.5834
12.300	 2.03	 1	 -42.1191	  173.4187
12.300	 2.09	 2	 -42.2833	  173.7154
12.301	 2.26	 1	 -42.3515	  173.5637
12.304	 2.89	 3	 -42.4638	  173.3871
12.305	 2.06	 2	 -42.3629	  173.7611
12.305	 2.35	 1	 -42.4357	  173.7226
12.306	 2.28	 3	 -42.2313	  173.1076
12.309	 2.89	 1	 -41.7991	  174.2063
12.313	 2.19	 2	 -42.4528	  172.8044
12.313	 2.23	 1	 -42.5158	  173.0049
12.322	 2.52	 1	 -42.4033	  172.9052
12.325	 2.71	 1	 -41.6597	  174.2172
12.325	 2.30	 1	 -42.1809	  173.2519
12.326	 2.30	 1	 -42.2224	  173.6418
12.326	 2.66	 4	 -42.4183	  173.0791
12.326	 2.31	 2	 -41.8170	  174.2100
12.330	 2.45	 1	 -42.5389	  172.7731
12.334	 2.63	 1	 -42.2916	  173.8554
12.337	 2.32	 1	 -42.4309	  172.8569
12.337	 2.69	 1	 -42.5910	  173.1573
12.338	 3.35	 2	 -42.3810	  173.8590
12.340	 2.28	 1	 -41.8206	  173.7643
12.341	 2.29	 1	 -42.5213	  173.5620
12.344	 2.08	 1	 -44.2193	  167.5248
12.345	 2.33	 1	 -42.1076	  173.5562
12.348	 2.23	 1	 -42.5026	  173.4298
12.349	 3.10	 2	 -41.9511	  173.7122
12.351	 2.56	 1	 -42.5914	  172.8646
12.352	 2.23	 2	 -41.7316	  174.2122
12.354	 3.10	 1	 -41.7487	  174.1212
12.355	 2.08	 1	 -42.7788	  173.2463
12.357	 3.94	 4	 -43.1686	  174.5811
12.361	 2.69	 1	 -42.6676	  172.9105
12.361	 2.78	 2	 -42.6474	  172.9578
12.362	 2.25	 1	 -42.3450	  173.6559
12.362	 2.51	 2	 -42.1743	  173.7941
12.364	 2.07	 1	 -42.0658	  173.6422
12.366	 3.06	 1	 -41.6144	  174.3866
12.366	 2.09	 1	 -42.2161	  173.4563
12.367	 2.19	 2	 -42.2537	  173.8079
12.368	 2.71	 1	 -42.2624	  174.0232
12.369	 2.27	 1	 -43.8906	  168.7346
12.371	 2.17	 1	 -41.7192	  174.2986
12.372	 2.44	 2	 -42.6033	  173.4980
12.372	 2.09	 1	 -40.9808	  173.9237
12.375	 2.04	 3	 -42.4627	  173.1353
12.376	 2.05	 4	 -42.1137	  173.9030
12.382	 2.94	 2	 -42.3083	  173.7840
12.383	 2.03	 2	 -41.9728	  173.6966
12.387	 2.06	 2	 -41.6660	  174.4500
12.391	 2.08	 1	 -42.2348	  173.7297
12.393	 2.73	 3	 -41.8235	  174.0060
12.395	 2.50	 1	 -41.7851	  174.2122
12.397	 3.73	 1	 -42.3684	  173.6895
12.400	 2.15	 1	 -41.8145	  174.2181
12.400	 2.12	 1	 -42.5759	  173.1416
12.401	 2.12	 1	 -42.8993	  174.6032
12.401	 2.12	 1	 -42.5336	  173.0911
12.402	 2.06	 3	 -42.6482	  172.9612
12.404	 2.07	 1	 -41.7381	  174.3748
12.404	 2.27	 1	 -41.9905	  174.0379
12.404	 2.51	 1	 -42.7367	  173.1242
12.406	 2.04	 1	 -41.7176	  174.2444
12.406	 2.19	 5	 -43.1670	  174.5930
12.407	 2.93	 1	 -42.0214	  173.6764
12.411	 2.57	 1	 -43.1195	  177.0223
12.415	 2.74	 4	 -42.5423	  172.6557
12.416	 2.22	 3	 -42.3943	  173.5698
12.418	 3.30	 2	 -42.1860	  173.7737
12.420	 2.79	 4	 -41.9886	  173.4885
12.420	 2.90	 1	 -41.7386	  173.8514
12.421	 2.18	 1	 -42.1559	  173.7023
12.422	 2.29	 2	 -42.4160	  173.2509
12.423	 2.02	 1	 -43.5080	  174.8975
12.429	 2.87	 1	 -41.8879	  173.8123
12.430	 2.27	 3	 -42.4071	  173.2094
12.430	 2.62	 1	 -41.4639	  175.5392
12.432	 2.07	 3	 -42.3397	  173.7005
12.433	 2.48	 2	 -42.7272	  173.0006
12.433	 2.04	 1	 -42.6933	  173.2257
12.433	 2.56	 1	 -41.5320	  173.2727
12.434	 4.06	 1	 -41.7722	  174.2437
12.438	 2.53	 1	 -42.4876	  172.8389
12.442	 2.10	 1	 -42.4947	  173.2374
12.443	 2.07	 1	 -41.7196	  174.3159
12.443	 2.32	 3	 -43.1479	  172.8927
12.444	 2.51	 1	 -42.4005	  173.5484
12.444	 2.40	 2	 -42.6978	  172.3645
12.445	 2.10	 1	 -41.7155	  174.1673
12.446	 2.20	 1	 -42.4544	  173.0546
12.448	 2.03	 2	 -42.5336	  172.8933
12.449	 2.65	 2	 -43.0535	  173.0792
12.450	 2.45	 1	 -42.1333	  173.5750
12.450	 2.16	 1	 -41.9861	  173.6601
12.454	 2.16	 1	 -42.1637	  173.9351
12.454	 2.18	 1	 -42.5564	  173.1879
12.456	 2.09	 1	 -42.5630	  174.0108
12.457	 2.04	 1	 -41.8380	  173.9433
12.457	 2.73	 2	 -42.4221	  173.7868
12.459	 2.11	 1	 -42.3511	  173.8779
12.459	 2.59	 1	 -42.5691	  172.8421
12.460	 2.22	 1	 -41.6916	  174.2439
12.460	 2.68	 1	 -42.6597	  174.6027
12.461	 2.24	 5	 -42.2690	  173.2313
12.462	 2.45	 2	 -42.9259	  172.7955
12.463	 2.01	 2	 -42.3707	  173.3055
12.466	 2.61	 1	 -41.7666	  174.2952
12.466	 2.12	 1	 -42.3259	  173.7184
12.469	 2.42	 1	 -42.5293	  173.1176
12.473	 2.66	 1	 -42.1858	  173.3389
12.474	 2.40	 1	 -42.8780	  172.9714
12.479	 2.14	 3	 -42.0323	  174.2607
12.482	 3.26	 1	 -42.0332	  173.8450
12.484	 2.07	 1	 -41.7084	  174.2236
12.484	 2.06	 3	 -41.8162	  174.3865
12.484	 2.12	 2	 -42.3665	  173.6768
12.486	 3.51	 2	 -41.7583	  174.0176
12.486	 2.16	 2	 -41.9288	  173.7309
12.487	 2.15	 2	 -42.1524	  173.8766
12.491	 2.25	 1	 -41.9328	  173.6995
12.493	 2.16	 1	 -42.3322	  173.4827
12.493	 2.38	 1	 -42.0495	  174.0345
12.494	 2.48	 2	 -42.3774	  173.0715
12.502	 2.15	 3	 -42.0182	  173.6327
12.502	 2.15	 1	 -42.7075	  172.9654
12.503	 2.75	 1	 -42.5257	  173.9031
12.504	 2.50	 3	 -43.0707	  173.8006
12.504	 2.04	 1	 -41.8306	  174.2193
12.507	 2.42	 3	 -41.7123	  173.9503
12.509	 2.04	 2	 -41.9425	  174.3607
12.510	 2.04	 2	 -42.5608	  173.8171
12.510	 2.25	 1	 -42.5211	  173.3214
12.511	 2.71	 1	 -42.5354	  173.1950
12.512	 3.04	 1	 -42.6706	  172.7874
12.514	 2.66	 1	 -42.2702	  173.0849
12.524	 2.31	 4	 -42.1985	  173.6080
12.526	 2.18	 1	 -41.9616	  173.9572
12.526	 2.38	 3	 -41.9777	  173.4802
12.531	 2.03	 1	 -41.2920	  174.4762
12.531	 2.31	 1	 -42.7142	  173.6055
12.531	 2.47	 1	 -42.2846	  172.9082
12.532	 2.08	 1	 -41.6140	  174.3665
12.535	 2.44	 2	 -43.1418	  172.6412
12.538	 2.63	 1	 -41.7633	  174.2842
12.538	 2.25	 1	 -42.0163	  173.7730
12.539	 2.13	 2	 -42.3725	  173.1239
12.543	 2.28	 1	 -41.7281	  174.2984
12.545	 2.01	 1	 -41.8450	  174.2291
12.550	 2.07	 1	 -42.7039	  173.1561
12.555	 2.19	 2	 -42.2355	  173.5827
12.556	 2.21	 3	 -42.3157	  173.7849
12.557	 2.45	 2	 -42.5240	  173.1467
12.559	 2.23	 1	 -41.8443	  174.1631
12.559	 2.04	 1	 -41.7888	  174.0201
12.560	 3.41	 1	 -42.3152	  171.7014
12.563	 2.06	 1	 -41.8184	  174.2157
12.564	 2.41	 1	 -42.7388	  172.9510
12.565	 2.40	 1	 -42.4425	  173.0746
12.566	 2.18	 2	 -41.8518	  174.0355
12.566	 2.49	 1	 -42.0780	  172.3918
12.568	 3.56	 1	 -42.5964	  173.3719
12.569	 2.13	 1	 -42.6790	  173.6304
12.571	 2.14	 1	 -42.3842	  173.5921
12.573	 2.61	 1	 -42.1775	  173.7838
12.576	 2.72	 1	 -42.2671	  173.5446
12.576	 3.17	 3	 -42.1551	  173.4759
12.577	 2.36	 2	 -42.6398	  173.4540
12.578	 2.51	 1	 -42.7770	  172.7674
12.580	 2.71	 1	 -41.7180	  174.1044
12.582	 3.27	 5	 -42.1977	  173.6071
12.582	 2.90	 3	 -42.2768	  173.7367
12.583	 2.12	 4	 -41.9762	  173.4794
12.584	 2.00	 2	 -42.5995	  173.3688
12.586	 2.24	 3	 -41.8064	  173.9341
12.586	 2.42	 1	 -42.6351	  173.1792
12.586	 2.62	 2	 -42.6953	  173.0396
12.587	 2.08	 2	 -42.4417	  173.7061
12.587	 2.33	 2	 -42.3643	  173.8486
12.590	 2.64	 1	 -42.6949	  172.5147
12.591	 2.36	 2	 -43.0135	  169.9803
12.591	 2.63	 2	 -42.1841	  173.7494
12.592	 2.22	 1	 -42.6235	  172.8841
12.592	 2.59	 1	 -42.2687	  173.6399
12.592	 2.20	 3	 -42.2826	  173.2864
12.598	 2.30	 1	 -42.2583	  173.6342
12.600	 2.07	 2	 -42.3350	  173.8633
12.607	 2.27	 1	 -42.7837	  172.7666
12.608	 2.42	 2	 -42.0446	  173.6696
12.611	 2.15	 1	 -41.7600	  174.2923
12.612	 3.52	 1	 -42.5134	  173.2538
12.613	 2.77	 1	 -41.5761	  174.3663
12.615	 2.77	 3	 -41.7320	  174.3161
12.616	 2.03	 1	 -42.2405	  173.6844
12.617	 2.08	 4	 -42.9618	  172.2027
12.621	 2.15	 2	 -41.4091	  174.0458
12.621	 2.78	 2	 -42.5912	  173.3825
12.622	 3.58	 2	 -41.8920	  173.6512
12.627	 2.61	 2	 -42.0533	  172.6015
12.633	 2.13	 1	 -42.5775	  173.1027
12.634	 3.11	 4	 -42.9676	  172.2189
12.635	 2.06	 1	 -42.6358	  173.6485
12.635	 3.05	 2	 -42.7750	  173.4678
12.635	 2.09	 1	 -42.6625	  172.8172
12.636	 3.32	 1	 -42.6210	  173.3919
12.637	 3.19	 1	 -41.9499	  174.4594
12.637	 2.34	 2	 -41.8971	  174.3320
12.643	 2.28	 1	 -41.7426	  174.2301
12.646	 2.17	 2	 -41.7673	  174.0309
12.647	 2.49	 1	 -42.0991	  173.8514
12.650	 2.24	 1	 -41.6052	  174.2971
12.651	 2.08	 1	 -43.0489	  173.2715
12.651	 2.95	 1	 -41.9701	  173.7405
12.652	 2.04	 1	 -42.2398	  173.5140
12.653	 2.07	 3	 -41.7369	  174.2973
12.653	 3.18	 1	 -42.0650	  173.5896
12.654	 2.92	 1	 -42.5400	  173.1601
12.655	 2.19	 3	 -42.3788	  173.1229
12.656	 2.36	 3	 -41.8448	  174.3197
12.657	 2.38	 2	 -42.6274	  173.4395
12.662	 2.34	 3	 -42.5541	  173.1281
12.662	 2.46	 2	 -41.7605	  174.2593
12.665	 2.72	 1	 -42.3355	  173.8809
12.665	 2.14	 2	 -41.8939	  173.7427
12.666	 2.10	 1	 -42.7215	  172.9149
12.669	 2.84	 1	 -42.2195	  172.8167
12.671	 2.15	 3	 -42.1705	  173.5855
12.673	 2.09	 1	 -42.2223	  173.6319
12.673	 2.07	 1	 -42.7938	  173.4173
12.674	 2.70	 2	 -42.4533	  173.1323
12.677	 2.32	 2	 -42.0942	  173.6068
12.678	 2.40	 1	 -41.7734	  174.3801
12.679	 2.04	 1	 -41.8484	  173.9179
12.679	 2.07	 1	 -42.3210	  174.0672
12.683	 3.53	 4	 -41.9829	  173.4692
12.684	 2.06	 3	 -42.6314	  173.4570
12.686	 2.39	 1	 -42.1668	  173.7195
12.687	 2.10	 2	 -42.4931	  174.1806
12.687	 2.23	 1	 -42.8646	  173.4982
12.688	 2.27	 1	 -42.1952	  173.8522
12.688	 2.10	 2	 -43.0663	  173.0555
12.691	 2.46	 1	 -41.7082	  174.1514
12.691	 3.08	 2	 -42.2484	  174.0415
12.692	 2.04	 1	 -42.6728	  173.2740
12.693	 2.14	 2	 -42.7015	  173.2988
12.693	 2.20	 4	 -42.4929	  172.6694
12.694	 2.48	 1	 -42.3895	  173.8357
12.695	 2.35	 1	 -41.7916	  174.0657
12.695	 2.66	 2	 -42.3112	  173.8199
12.697	 2.44	 2	 -41.7434	  174.1599
12.698	 2.24	 2	 -42.1514	  173.7439
12.699	 2.66	 3	 -43.0742	  174.5744
12.699	 2.25	 2	 -42.4841	  173.8968
12.700	 2.08	 2	 -42.9545	  173.4354
12.700	 2.63	 3	 -41.6615	  175.2466
12.701	 2.25	 1	 -41.9728	  173.7659
12.704	 2.07	 1	 -40.9739	  174.4425
12.704	 2.25	 1	 -41.6009	  174.3810
12.707	 2.03	 1	 -41.7460	  174.2937
12.707	 2.19	 1	 -41.3424	  171.4089
12.714	 4.02	 1	 -42.4689	  172.9947
12.715	 2.19	 1	 -41.6648	  174.2545
12.715	 2.24	 3	 -42.4269	  173.7989
12.718	 3.01	 2	 -42.3179	  173.6031
12.719	 2.35	 2	 -42.5769	  173.1031
12.720	 3.18	 1	 -42.1426	  172.1896
12.723	 2.02	 1	 -41.7418	  174.3118
12.724	 3.63	 2	 -41.7809	  174.1434
12.725	 2.09	 2	 -42.4727	  173.0081
12.726	 2.20	 1	 -41.6824	  174.2470
12.726	 2.37	 2	 -42.6854	  173.3358
12.730	 3.12	 4	 -42.1593	  173.5444
12.730	 2.06	 2	 -42.8962	  174.5957
12.733	 2.06	 1	 -42.1163	  173.6795
12.734	 2.11	 6	 -42.1934	  173.6031
12.736	 2.35	 1	 -42.4133	  171.6134
12.737	 3.29	 2	 -42.3794	  173.8091
12.738	 2.77	 1	 -42.3307	  173.8736
12.739	 2.36	 1	 -41.6574	  174.1545
12.740	 2.05	 2	 -41.7867	  174.2001
12.746	 2.39	 1	 -42.3243	  174.0921
12.747	 2.16	 1	 -42.2852	  173.6643
12.749	 2.57	 2	 -42.0795	  173.6030
12.749	 2.09	 4	 -43.1825	  172.4746
12.750	 2.91	 2	 -42.3670	  173.9038
12.750	 2.26	 1	 -42.0537	  173.7946
12.753	 2.38	 2	 -42.3979	  173.6347
12.753	 2.07	 4	 -42.5085	  172.6671
12.755	 2.12	 1	 -41.8017	  174.2572
12.756	 2.15	 4	 -42.4818	  172.6658
12.758	 2.11	 1	 -41.8508	  174.1927
12.759	 2.03	 1	 -42.7907	  173.0846
12.760	 2.53	 1	 -41.8173	  174.2433
12.763	 2.14	 2	 -42.0600	  173.7411
12.763	 2.31	 5	 -42.4861	  172.5196
12.765	 2.20	 3	 -41.8831	  174.3974
12.765	 2.13	 1	 -41.9453	  174.3571
12.765	 3.00	 3	 -41.6604	  175.2347
12.771	 2.02	 2	 -41.8438	  174.1973
12.774	 2.18	 2	 -42.9188	  172.6315
12.774	 2.13	 1	 -41.9672	  173.6648
12.775	 2.27	 3	 -41.8179	  174.2755
12.778	 2.19	 1	 -41.7390	  174.3078
12.778	 2.34	 5	 -43.1909	  174.5682
12.783	 2.17	 1	 -41.1765	  173.8854
12.784	 2.08	 1	 -41.7601	  174.2777
12.786	 2.07	 1	 -41.6879	  174.1770
12.789	 2.30	 1	 -42.5114	  173.1618
12.794	 2.08	 2	 -41.8424	  174.4098
12.796	 2.05	 2	 -42.3469	  173.8131
12.798	 3.34	 2	 -42.4454	  172.8999
12.798	 2.70	 1	 -42.3904	  173.1503
12.799	 2.44	 1	 -41.7823	  174.2733
12.799	 3.24	 2	 -42.3142	  173.5629
12.801	 2.33	 1	 -42.7675	  173.0238
12.803	 2.06	 3	 -43.0918	  174.6350
12.804	 2.36	 1	 -43.6003	  173.2895
12.804	 2.85	 1	 -42.5467	  173.0672
12.806	 2.41	 1	 -42.7060	  173.0226
12.809	 3.20	 2	 -42.5179	  173.5685
12.811	 2.09	 2	 -42.3838	  173.9251
12.811	 2.09	 1	 -41.9595	  173.8010
12.813	 2.33	 1	 -42.2391	  173.3737
12.813	 2.17	 1	 -41.7668	  174.2158
12.815	 2.14	 2	 -41.8610	  174.2199
12.819	 2.30	 1	 -44.0378	  174.8014
12.820	 3.06	 1	 -41.5915	  174.4042
12.820	 2.54	 4	 -42.5851	  172.8023
12.820	 2.03	 1	 -42.5483	  173.2610
12.827	 2.98	 4	 -42.9069	  173.2662
12.829	 3.49	 1	 -42.4493	  173.1121
12.830	 2.11	 2	 -42.3907	  173.7171
12.831	 2.13	 1	 -42.2012	  173.8163
12.832	 2.92	 2	 -42.4154	  173.8249
12.834	 2.46	 1	 -42.6153	  173.0329
12.837	 2.37	 2	 -41.6697	  174.2260
12.838	 2.03	 6	 -42.1912	  173.6177
12.839	 2.63	 1	 -42.1616	  173.5586
12.840	 2.14	 1	 -42.3249	  173.5442
12.843	 2.21	 2	 -41.8197	  174.4241
12.843	 2.07	 1	 -42.3529	  173.2287
12.844	 2.35	 1	 -42.4217	  173.1170
12.846	 2.20	 3	 -41.7032	  175.2309
12.846	 2.27	 1	 -41.6812	  174.2175
12.846	 2.00	 1	 -41.7809	  174.2630
12.847	 2.00	 1	 -41.5340	  174.3284
12.853	 2.05	 1	 -41.6889	  174.1610
12.854	 2.02	 1	 -41.9284	  173.9164
12.855	 3.64	 1	 -42.1574	  173.6994
12.855	 2.43	 1	 -42.1862	  173.2507
12.858	 2.36	 1	 -41.7222	  174.2845
12.860	 3.34	 4	 -42.5295	  172.6247
12.861	 2.69	 2	 -42.2912	  173.8383
12.866	 2.32	 1	 -42.6150	  173.1786
12.869	 2.34	 1	 -42.7641	  173.0820
12.869	 2.77	 1	 -41.9738	  172.8117
12.871	 2.92	 2	 -41.7973	  174.6339
12.871	 2.24	 2	 -42.4576	  173.7375
12.872	 2.67	 1	 -42.4883	  173.3168
12.873	 3.10	 2	 -42.4576	  173.7801
12.874	 2.57	 1	 -42.6800	  172.6070
12.878	 2.05	 1	 -42.4750	  173.1443
12.880	 2.17	 3	 -42.4618	  174.6902
12.883	 2.30	 3	 -41.8222	  174.1279
12.886	 2.25	 1	 -42.5875	  172.8927
12.888	 2.02	 1	 -42.3287	  173.7364
12.888	 2.33	 1	 -42.4888	  172.5758
12.889	 2.15	 3	 -42.4429	  172.8958
12.889	 2.03	 1	 -41.5785	  174.1549
12.890	 2.28	 1	 -41.9843	  174.0790
12.892	 2.87	 1	 -42.5592	  173.4146
12.893	 2.16	 2	 -42.7602	  169.6559
12.894	 2.09	 2	 -41.6914	  174.2278
12.898	 2.33	 2	 -42.4579	  173.9964
12.899	 3.04	 2	 -42.3489	  173.9094
12.901	 2.10	 3	 -42.6291	  173.4415
12.903	 2.13	 2	 -42.4451	  173.6885
12.904	 2.15	 1	 -42.1341	  173.7252
12.906	 3.00	 1	 -41.5652	  174.1383
12.908	 2.66	 1	 -42.6564	  173.4862
12.910	 2.01	 2	 -42.9985	  172.3633
12.911	 2.14	 1	 -42.3847	  173.2376
12.912	 2.62	 1	 -42.6872	  172.7429
12.914	 2.90	 1	 -41.7854	  174.1967
12.914	 2.37	 1	 -41.7424	  174.2970
12.915	 2.52	 2	 -42.2759	  173.6520
12.915	 2.87	 1	 -42.2475	  173.8512
12.917	 2.97	 1	 -41.8021	  174.2943
12.917	 2.61	 3	 -41.6602	  175.2401
12.918	 2.55	 1	 -42.1414	  173.6613
12.920	 2.62	 2	 -42.5577	  173.1007
12.920	 3.53	 2	 -42.6321	  173.4859
12.926	 2.54	 1	 -42.5537	  173.3198
12.927	 2.38	 1	 -42.2437	  173.6337
12.928	 2.55	 1	 -42.6289	  172.7423
12.929	 2.12	 1	 -42.4111	  173.0811
12.931	 2.44	 3	 -41.7337	  174.2723
12.932	 2.09	 1	 -42.3278	  173.8148
12.933	 2.18	 1	 -42.2645	  173.6583
12.934	 2.19	 1	 -42.3724	  173.9593
12.935	 2.37	 3	 -41.7463	  173.8986
12.936	 2.04	 1	 -42.6561	  172.8118
12.937	 2.32	 4	 -41.6494	  175.1634
12.938	 2.33	 2	 -43.0581	  172.7694
12.940	 2.78	 1	 -42.9213	  173.6198
12.942	 2.24	 2	 -42.3985	  173.0840
12.944	 2.23	 1	 -42.2057	  173.4700
12.944	 2.03	 2	 -42.5848	  172.8338
12.944	 2.06	 1	 -42.5529	  173.2310
12.946	 2.59	 8	 -41.1976	  170.2495
12.947	 2.89	 1	 -42.4427	  173.4896
12.949	 2.02	 1	 -42.2664	  173.7648
12.949	 2.06	 2	 -42.3856	  173.2994
12.952	 3.00	 1	 -47.1362	  172.0862
12.953	 3.44	 1	 -43.4758	  173.4338
12.953	 2.09	 1	 -42.3938	  173.5617
12.955	 2.41	 2	 -42.1435	  173.5217
12.956	 2.99	 3	 -42.4644	  173.4466
12.957	 2.04	 1	 -42.3806	  173.9933
12.961	 2.14	 1	 -41.8451	  174.9598
12.961	 2.17	 2	 -42.9553	  172.2616
12.963	 2.74	 3	 -42.1496	  173.7917
12.964	 2.14	 1	 -41.8161	  174.1228
12.971	 2.26	 1	 -42.3929	  173.6971
12.972	 2.93	 2	 -42.3109	  174.0156
12.972	 2.17	 1	 -42.2904	  172.7147
12.973	 2.18	 2	 -42.0148	  173.7109
12.975	 2.11	 3	 -42.3177	  173.6001
12.975	 2.23	 1	 -42.3678	  173.0419
12.976	 2.36	 3	 -42.3538	  173.8783
12.978	 2.31	 1	 -41.5731	  174.3022
12.980	 2.04	 2	 -42.9733	  173.4412
12.982	 2.60	 1	 -42.4019	  173.2381
12.982	 2.18	 2	 -43.6342	  173.3909
12.987	 2.82	 2	 -42.9808	  172.8270
12.990	 2.54	 1	 -42.6661	  173.0892
12.994	 2.97	 1	 -42.2485	  172.7180
12.995	 2.01	 1	 -42.7306	  172.9753
12.995	 2.45	 1	 -42.3488	  173.1444
12.996	 2.06	 1	 -42.6144	  173.0834
12.997	 2.25	 2	 -42.6559	  172.7233
12.999	 2.13	 2	 -41.7197	  174.3270
13.000	 2.75	 1	 -41.7042	  174.1474
13.003	 2.08	 1	 -42.0366	  173.7002
13.004	 2.22	 1	 -41.7878	  174.2277
13.004	 2.73	 1	 -42.1027	  173.7116
13.006	 2.01	 1	 -41.9373	  174.0385
13.006	 2.22	 2	 -41.8765	  174.6273
13.007	 2.11	 1	 -42.2950	  173.5431
13.008	 2.23	 2	 -42.6280	  173.5072
13.012	 2.62	 2	 -41.9663	  173.4760
13.013	 2.07	 1	 -41.8024	  174.1805
13.018	 2.15	 1	 -42.6917	  172.9299
13.021	 2.52	 1	 -42.6984	  172.8023
13.023	 2.42	 1	 -42.3729	  173.1811
13.023	 2.88	 1	 -42.3424	  173.6974
13.025	 2.14	 2	 -42.3900	  173.7768
13.030	 2.24	 1	 -42.0602	  173.7390
13.030	 2.22	 2	 -42.8049	  173.9737
13.031	 2.08	 1	 -42.2792	  173.8403
13.033	 2.26	 1	 -42.6543	  174.0323
13.033	 2.10	 2	 -41.7636	  174.1635
13.035	 2.22	 1	 -42.5242	  173.0869
13.036	 2.55	 1	 -42.3886	  173.1370
13.040	 2.05	 1	 -42.5606	  173.0472
13.040	 2.96	 1	 -41.6766	  174.1648
13.041	 2.35	 2	 -42.2787	  173.5482
13.046	 2.53	 1	 -42.4811	  173.5990
13.050	 4.03	 1	 -42.3768	  173.8003
13.050	 2.02	 1	 -42.2674	  173.8549
13.051	 2.37	 1	 -42.0624	  173.7918
13.052	 3.15	 1	 -42.7209	  173.1665
13.053	 2.10	 2	 -41.9473	  173.5863
13.054	 2.52	 2	 -42.7924	  174.0149
13.055	 2.27	 1	 -42.0472	  173.9049
13.058	 2.12	 1	 -41.6781	  174.1072
13.062	 2.17	 3	 -42.3896	  173.7038
13.063	 2.50	 1	 -38.3556	  175.6112
13.066	 2.65	 3	 -41.8676	  174.2224
13.067	 2.18	 1	 -41.9101	  170.3494
13.069	 2.22	 1	 -41.8885	  174.0819
13.070	 2.73	 1	 -42.6682	  172.8033
13.071	 2.04	 1	 -42.3392	  173.1776
13.073	 2.47	 3	 -42.3910	  173.2422
13.074	 2.42	 1	 -42.5328	  172.7166
13.076	 2.48	 1	 -42.4891	  173.1687
13.076	 2.90	 2	 -43.4444	  177.3000
13.078	 2.72	 1	 -42.4090	  173.8870
13.080	 2.04	 1	 -42.3670	  172.8342
13.082	 2.68	 1	 -42.4269	  173.4888
13.083	 4.37	 1	 -42.5540	  172.9060
13.086	 2.33	 1	 -42.5369	  173.1183
13.086	 2.02	 4	 -42.0968	  173.5058
13.086	 2.20	 2	 -42.2328	  173.7130
13.088	 2.52	 2	 -41.9772	  173.4540
13.088	 3.26	 6	 -42.2043	  173.6123
13.088	 2.19	 1	 -42.9832	  173.3007
13.089	 2.00	 1	 -41.7586	  174.3294
13.090	 2.86	 1	 -42.4743	  173.2736
13.091	 2.00	 1	 -41.7232	  174.3564
13.091	 2.73	 1	 -41.7510	  174.2666
13.096	 2.16	 1	 -42.1018	  173.7151
13.097	 2.04	 2	 -42.6156	  172.9811
13.099	 2.83	 1	 -41.8910	  175.0268
13.099	 2.03	 1	 -42.3511	  173.0875
13.100	 2.37	 1	 -42.6331	  172.9073
13.100	 2.91	 2	 -42.3338	  173.7697
13.103	 2.68	 2	 -42.5702	  172.9181
13.105	 2.00	 2	 -42.4530	  173.3258
13.105	 2.12	 1	 -42.3879	  173.4881
13.105	 2.01	 1	 -41.7500	  174.3785
13.108	 3.02	 2	 -42.3890	  173.8118
13.108	 2.03	 1	 -42.3971	  173.0132
13.111	 2.47	 1	 -41.7361	  174.3213
13.112	 2.03	 1	 -41.7256	  174.1794
13.115	 2.39	 3	 -41.6937	  171.9033
13.120	 2.21	 5	 -42.3555	  173.9142
13.124	 2.28	 3	 -41.8201	  174.0174
13.125	 2.89	 2	 -41.6767	  174.4042
13.125	 2.41	 3	 -42.3139	  174.0114
13.127	 2.16	 1	 -41.6542	  174.2362
13.129	 2.15	 1	 -42.7896	  173.3475
13.129	 3.54	 5	 -42.3774	  174.0100
13.130	 2.19	 1	 -41.7880	  174.2735
13.130	 2.59	 2	 -41.7234	  174.2202
13.131	 2.62	 1	 -42.2570	  173.0131
13.134	 2.63	 1	 -42.2002	  173.0993
13.135	 2.17	 1	 -41.7636	  174.2666
13.136	 2.27	 1	 -41.7896	  174.2483
13.137	 2.17	 1	 -42.3139	  173.2168
13.138	 2.00	 2	 -42.1606	  173.7630
13.139	 2.18	 2	 -42.7185	  172.6817
13.140	 2.48	 1	 -42.3632	  173.8024
13.142	 2.35	 2	 -42.4140	  173.6868
13.143	 2.23	 2	 -42.3186	  173.7330
13.144	 2.22	 1	 -40.0906	  175.5633
13.146	 2.09	 1	 -42.1071	  173.8028
13.148	 2.06	 3	 -42.7738	  172.7183
13.148	 2.09	 1	 -42.5151	  172.8568
13.149	 2.38	 2	 -42.3883	  173.2297
13.151	 2.61	 1	 -42.5670	  174.0155
13.155	 2.45	 1	 -42.4748	  173.8370
13.158	 3.26	 1	 -42.3507	  173.2595
13.160	 2.43	 4	 -41.8669	  174.2208
13.162	 2.55	 1	 -41.6831	  174.2609
13.164	 2.57	 2	 -42.6393	  172.7894
13.165	 2.07	 2	 -42.3548	  173.4384
13.171	 2.07	 1	 -40.2011	  174.7949
13.174	 2.36	 1	 -42.2154	  173.7058
13.177	 2.12	 6	 -42.3709	  174.0018
13.178	 2.01	 1	 -41.7407	  174.2282
13.181	 2.04	 3	 -43.1544	  174.5884
13.181	 2.07	 3	 -42.6210	  172.8631
13.181	 2.01	 2	 -41.6033	  174.4921
13.183	 3.30	 2	 -42.3284	  173.9277
13.185	 2.53	 3	 -42.6259	  172.7888
13.185	 2.23	 2	 -38.7627	  169.6082
13.188	 2.42	 2	 -42.7145	  174.3777
13.188	 3.10	 2	 -42.3972	  173.0722
13.190	 2.14	 3	 -41.7968	  174.3302
13.190	 2.65	 3	 -42.4524	  173.7475
13.193	 2.19	 3	 -42.4147	  173.2597
13.193	 2.72	 6	 -42.5077	  172.5114
13.195	 2.01	 2	 -41.8977	  173.4157
13.201	 2.83	 2	 -41.8352	  174.1399
13.205	 2.33	 1	 -42.2647	  173.6978
13.205	 2.20	 1	 -41.9202	  174.0147
13.206	 2.38	 1	 -41.6933	  174.2411
13.207	 2.34	 1	 -42.7936	  173.0066
13.210	 2.88	 3	 -41.7753	  174.1765
13.210	 2.27	 1	 -41.8757	  173.8337
13.211	 2.32	 2	 -42.0308	  173.6237
13.211	 2.27	 1	 -42.5538	  173.2840
13.213	 3.11	 1	 -42.3718	  173.8286
13.215	 3.44	 1	 -42.8142	  172.6729
13.216	 3.59	 2	 -42.7389	  173.0515
13.216	 2.01	 1	 -42.6803	  172.8512
13.217	 2.44	 1	 -42.5983	  172.9856
13.218	 2.04	 1	 -41.7461	  174.2906
13.222	 2.15	 1	 -42.7247	  174.0671
13.227	 2.65	 1	 -41.5717	  174.3826
13.230	 2.21	 2	 -42.3707	  173.6771
13.231	 2.79	 1	 -41.7004	  174.3400
13.235	 2.36	 1	 -41.7549	  174.2581
13.239	 2.14	 3	 -42.2711	  173.6552
13.240	 2.32	 1	 -42.5306	  172.9602
13.242	 2.48	 3	 -41.9627	  173.4902
13.245	 2.00	 1	 -42.1423	  173.5667
13.246	 2.06	 1	 -41.7304	  174.3306
13.246	 3.41	 1	 -42.2309	  173.6973
13.249	 2.44	 2	 -42.3477	  173.8472
13.249	 2.43	 2	 -41.7586	  174.2564
13.249	 2.82	 1	 -42.3333	  174.0384
13.250	 2.07	 1	 -42.1467	  173.5737
13.252	 2.39	 3	 -43.0413	  173.0982
13.255	 2.74	 1	 -41.7669	  174.0715
13.258	 2.43	 3	 -42.4000	  173.0455
13.258	 2.35	 1	 -42.3249	  173.7198
13.258	 2.63	 1	 -42.8321	  172.8258
13.261	 2.16	 1	 -42.2269	  173.6144
13.262	 2.45	 3	 -43.1822	  174.6072
13.264	 3.06	 1	 -41.6846	  174.1857
13.264	 2.73	 3	 -42.3339	  173.9036
13.264	 2.58	 1	 -42.3457	  173.7546
13.267	 2.81	 2	 -42.3238	  173.8542
13.267	 3.02	 1	 -42.3597	  173.0636
13.272	 3.77	 2	 -42.3145	  173.7277
13.274	 2.01	 2	 -42.1839	  173.5753
13.275	 2.97	 1	 -42.1769	  173.8781
13.276	 2.62	 3	 -41.7599	  173.8976
13.276	 2.26	 1	 -42.5136	  173.0829
13.282	 2.02	 1	 -42.3809	  172.0393
13.284	 2.00	 1	 -42.5601	  173.1346
13.285	 2.35	 2	 -41.6939	  173.8934
13.286	 2.47	 1	 -41.8760	  173.8929
13.287	 2.02	 1	 -41.7348	  174.2829
13.288	 2.38	 3	 -42.3923	  173.0838
13.288	 2.69	 1	 -43.4402	  172.1869
13.292	 2.68	 3	 -41.8284	  174.3421
13.292	 3.03	 2	 -42.3915	  173.7494
13.292	 2.10	 1	 -42.3145	  173.0086
13.297	 2.28	 1	 -42.2491	  173.4527
13.297	 2.08	 1	 -42.8184	  172.6836
13.299	 2.40	 1	 -42.4037	  173.0245
13.300	 5.11	 2	 -41.8104	  174.2576
13.300	 2.09	 2	 -42.0617	  173.7934
13.303	 2.55	 2	 -42.1595	  173.7786
13.304	 2.28	 2	 -42.3167	  173.8529
13.307	 2.19	 1	 -42.3101	  173.7680
13.307	 2.64	 1	 -42.3127	  173.6283
13.309	 2.84	 1	 -41.6417	  174.2074
13.309	 2.08	 1	 -42.2334	  174.0399
13.310	 3.05	 3	 -41.5861	  174.4226
13.312	 2.56	 3	 -41.9373	  174.3099
13.313	 2.90	 2	 -42.3924	  173.0658
13.314	 2.56	 1	 -40.6018	  175.7667
13.315	 2.25	 3	 -41.7614	  174.2497
13.315	 2.08	 1	 -42.2688	  173.8855
13.316	 3.28	 1	 -42.6420	  173.1574
13.316	 2.03	 1	 -42.6203	  173.0675
13.318	 4.02	 1	 -41.6033	  174.2433
13.321	 2.35	 3	 -41.8537	  174.2537
13.322	 2.10	 1	 -41.6937	  174.2691
13.322	 2.04	 2	 -42.1616	  173.7546
13.323	 2.05	 2	 -41.7976	  174.1910
13.324	 2.22	 2	 -42.3145	  173.6391
13.324	 2.03	 1	 -42.7287	  172.7533
13.327	 3.04	 1	 -42.4312	  173.6678
13.328	 2.26	 2	 -41.5844	  174.2763
13.329	 2.12	 2	 -42.0125	  173.8756
13.329	 2.30	 1	 -42.6809	  172.8837
13.330	 2.99	 2	 -42.3751	  173.7914
13.330	 2.39	 1	 -42.3214	  173.8735
13.330	 2.03	 1	 -41.9029	  173.8765
13.332	 2.16	 5	 -43.1525	  174.5394
13.332	 3.87	 1	 -41.7340	  174.2983
13.335	 2.94	 2	 -42.3430	  173.9606
13.336	 2.29	 3	 -42.3881	  173.5783
13.338	 2.16	 2	 -41.7119	  174.2599
13.338	 2.20	 1	 -42.6213	  174.0665
13.339	 2.07	 3	 -42.3170	  173.7328
13.341	 2.03	 5	 -42.1675	  173.5461
13.341	 2.99	 1	 -42.1347	  173.7079
13.344	 2.11	 4	 -42.3082	  173.5845
13.345	 2.13	 1	 -41.9631	  173.8510
13.346	 3.44	 3	 -42.1968	  173.4088
13.346	 2.23	 2	 -42.6321	  172.6963
13.350	 2.04	 1	 -41.7347	  174.2647
13.352	 2.08	 1	 -42.5357	  172.7293
13.353	 2.64	 1	 -41.7734	  174.3620
13.354	 3.05	 1	 -42.7024	  172.9333
13.354	 2.12	 2	 -43.0182	  173.1403
13.356	 2.49	 1	 -41.8790	  172.6451
13.358	 2.05	 1	 -42.1315	  173.6867
13.359	 2.67	 2	 -42.2861	  173.9403
13.360	 2.13	 1	 -42.8208	  172.9087
13.360	 2.34	 2	 -42.6575	  172.9183
13.361	 2.45	 3	 -42.6415	  172.8028
13.362	 2.32	 1	 -42.3224	  173.9027
13.362	 2.03	 3	 -41.7991	  174.3263
13.363	 2.99	 2	 -42.7211	  173.2399
13.364	 3.31	 2	 -43.0670	  173.1178
13.369	 2.35	 1	 -42.6111	  173.1859
13.374	 2.40	 1	 -42.6298	  172.5133
13.375	 3.07	 1	 -42.2445	  173.7048
13.377	 2.15	 1	 -41.7938	  174.2227
13.378	 2.38	 1	 -42.5260	  173.2662
13.378	 2.09	 1	 -42.1858	  173.8365
13.378	 2.39	 1	 -42.1795	  173.4124
13.379	 2.33	 1	 -42.3404	  173.9067
13.380	 2.03	 1	 -42.4174	  173.2507
13.382	 2.62	 1	 -42.4308	  173.8430
13.384	 2.64	 1	 -41.3998	  174.9290
13.384	 2.25	 2	 -42.1509	  173.7780
13.385	 2.54	 1	 -42.0124	  173.0763
13.385	 2.17	 2	 -42.3699	  173.8536
13.385	 2.65	 1	 -41.8569	  174.5005
13.388	 2.64	 1	 -42.4109	  173.5029
13.389	 2.24	 3	 -41.7993	  174.4278
13.390	 2.33	 3	 -42.1928	  173.7925
13.391	 2.29	 3	 -41.8275	  174.2614
13.392	 2.08	 3	 -42.3479	  173.1572
13.394	 3.16	 2	 -42.4028	  174.0026
13.395	 2.64	 2	 -42.0771	  173.4208
13.398	 2.55	 1	 -42.8744	  173.3681
13.398	 2.02	 1	 -41.7103	  174.2815
13.398	 3.54	 1	 -42.0047	  173.7141
13.399	 3.18	 2	 -42.6414	  173.1526
13.399	 2.05	 3	 -41.8848	  174.4722
13.399	 2.04	 3	 -41.8355	  174.2729
13.401	 2.01	 2	 -42.5715	  173.0471
13.403	 3.26	 2	 -42.6828	  173.9447
13.404	 2.58	 1	 -42.1797	  173.6100
13.407	 3.74	 1	 -42.2408	  172.9853
13.408	 2.02	 1	 -42.1498	  173.5921
13.409	 2.65	 1	 -41.9234	  174.0143
13.410	 2.55	 1	 -42.6646	  172.2154
13.410	 2.06	 2	 -42.7039	  172.8154
13.411	 2.16	 1	 -42.3499	  174.0271
13.411	 2.99	 1	 -41.7246	  174.2706
13.412	 2.84	 1	 -42.5041	  173.7802
13.413	 2.01	 1	 -42.0205	  173.8829
13.414	 2.05	 1	 -42.1699	  173.8908
13.417	 2.68	 1	 -42.7224	  173.4553
13.417	 2.28	 3	 -42.3429	  173.8144
13.417	 2.10	 1	 -42.6135	  173.0273
13.419	 2.48	 2	 -42.7276	  172.9336
13.420	 2.95	 1	 -41.8139	  174.2575
13.420	 2.20	 2	 -42.4734	  173.7612
13.422	 2.01	 1	 -42.1339	  173.5828
13.423	 2.71	 1	 -42.3210	  173.1683
13.425	 2.08	 1	 -42.5692	  172.2026
13.426	 2.58	 1	 -40.3784	  167.7383
13.427	 2.01	 1	 -42.0453	  173.6670
13.427	 2.08	 2	 -42.0973	  173.8810
13.430	 2.40	 2	 -42.4803	  173.6065
13.430	 2.06	 1	 -42.3854	  173.1934
13.431	 2.16	 1	 -42.0975	  173.5773
13.435	 3.35	 1	 -42.3914	  173.8580
13.438	 2.37	 1	 -41.5720	  174.2750
13.439	 2.21	 3	 -42.6558	  172.9242
13.439	 2.39	 2	 -42.1680	  174.0743
13.440	 2.33	 2	 -42.1587	  173.9256
13.446	 3.11	 2	 -41.9341	  173.7156
13.446	 2.11	 1	 -41.6464	  174.3686
13.447	 4.19	 1	 -42.2879	  173.6610
13.448	 2.09	 2	 -42.8861	  174.0928
13.448	 2.02	 2	 -42.0983	  173.7786
13.449	 2.23	 1	 -41.7060	  174.2168
13.450	 2.37	 2	 -42.0113	  173.7160
13.451	 2.29	 1	 -41.7383	  174.2376
13.453	 2.37	 2	 -41.9486	  173.7984
13.454	 2.03	 2	 -42.7110	  172.9186
13.455	 2.15	 2	 -42.3256	  173.7807
13.456	 2.48	 1	 -42.0452	  173.6658
13.457	 2.03	 3	 -43.0190	  173.0702
13.458	 2.59	 1	 -41.7978	  174.2835
13.458	 2.18	 1	 -38.4961	  170.8242
13.459	 2.30	 2	 -42.5189	  173.0711
13.461	 3.31	 1	 -42.6307	  172.9036
13.461	 2.05	 3	 -42.2812	  173.8000
13.462	 2.01	 1	 -41.6983	  174.4295
13.463	 2.01	 1	 -42.2138	  173.6748
13.464	 2.64	 1	 -42.4164	  173.2412
13.466	 2.16	 3	 -42.3791	  173.8096
13.468	 2.03	 2	 -42.3022	  173.8236
13.469	 2.40	 1	 -42.2823	  173.6935
13.469	 2.80	 1	 -41.7908	  172.3405
13.470	 2.08	 2	 -42.6972	  172.8111
13.471	 2.01	 1	 -42.5545	  173.3007
13.472	 2.39	 1	 -41.7138	  173.8688
13.474	 2.36	 2	 -41.5474	  175.4719
13.475	 2.19	 1	 -42.7818	  172.3260
13.475	 2.05	 1	 -41.6123	  174.2607
13.476	 3.05	 1	 -42.3243	  172.7971
13.478	 2.15	 5	 -42.5157	  172.6251
13.479	 2.28	 1	 -41.8304	  174.7872
13.480	 2.59	 2	 -42.3263	  173.8519
13.481	 2.41	 2	 -42.3512	  173.8071
13.482	 2.31	 1	 -41.5854	  173.8939
13.484	 2.78	 3	 -44.1804	  167.3554
13.484	 2.00	 2	 -42.1693	  173.6882
13.485	 2.87	 1	 -41.7972	  174.2232
13.487	 2.43	 2	 -42.5404	  172.8709
13.489	 2.89	 1	 -41.7598	  174.1348
13.489	 2.19	 1	 -42.4446	  172.9057
13.491	 2.62	 1	 -42.8235	  172.9007
13.493	 3.41	 1	 -41.9594	  174.0585
13.493	 2.07	 2	 -41.9032	  174.1938
13.497	 2.23	 2	 -42.8566	  172.8316
13.497	 2.36	 2	 -42.2792	  173.7888
13.497	 3.18	 1	 -42.3205	  173.7993
13.502	 2.02	 3	 -41.7424	  174.1278
13.502	 2.69	 1	 -42.3249	  173.6832
13.505	 2.13	 1	 -42.5596	  172.1131
13.505	 2.15	 1	 -41.7059	  174.2907
13.507	 3.64	 2	 -41.7391	  174.2574
13.509	 2.27	 1	 -42.4536	  173.9688
13.512	 2.82	 1	 -42.2134	  173.6550
13.513	 2.69	 3	 -42.4563	  173.1730
13.513	 2.43	 3	 -41.7620	  174.0161
13.515	 2.11	 1	 -42.4555	  173.2048
13.515	 2.40	 3	 -41.8275	  174.2724
13.518	 2.59	 1	 -42.2976	  173.5723
13.519	 2.60	 1	 -42.2884	  173.5955
13.521	 2.12	 1	 -42.2936	  173.6609
13.526	 2.92	 2	 -42.5001	  173.4555
13.526	 2.63	 3	 -42.3652	  173.8386
13.527	 2.29	 1	 -41.6421	  174.2239
13.528	 2.90	 2	 -42.7044	  172.8033
13.528	 2.97	 3	 -42.4216	  173.7834
13.530	 2.02	 1	 -42.3232	  173.1575
13.531	 2.06	 3	 -42.5833	  172.9693
13.532	 2.09	 1	 -42.4327	  173.7627
13.535	 2.48	 1	 -41.7170	  174.4806
13.536	 2.61	 2	 -42.5332	  172.9017
13.536	 2.21	 3	 -42.8236	  172.0961
13.537	 3.02	 2	 -42.1527	  173.8208
13.538	 2.78	 1	 -42.5113	  173.1836
13.538	 2.44	 1	 -42.2159	  173.6985
13.540	 2.18	 2	 -42.2574	  173.6507
13.541	 2.02	 3	 -42.4276	  173.1558
13.543	 2.38	 2	 -42.8677	  172.3519
13.543	 2.17	 1	 -42.1905	  173.6659
13.543	 2.54	 2	 -42.6144	  172.7691
13.544	 2.10	 3	 -41.8285	  174.3631
13.546	 3.06	 3	 -41.7817	  174.3069
13.547	 2.26	 2	 -41.7995	  174.3090
13.548	 2.06	 3	 -42.2292	  173.7385
13.550	 2.10	 2	 -41.6130	  174.2361
13.551	 2.58	 1	 -41.8742	  174.3114
13.551	 2.13	 1	 -41.9605	  173.7550
13.554	 3.71	 1	 -42.8367	  173.2252
13.557	 2.08	 2	 -42.2335	  173.4193
13.558	 2.25	 1	 -42.5201	  173.6114
13.560	 2.42	 3	 -40.3288	  175.4064
13.562	 2.09	 2	 -41.4117	  174.9169
13.562	 2.27	 3	 -42.4967	  173.4494
13.564	 2.72	 1	 -41.6567	  174.2631
13.565	 3.09	 2	 -45.6637	  177.9691
13.566	 2.73	 2	 -41.7448	  173.9337
13.567	 2.83	 2	 -42.2934	  173.6687
13.567	 2.55	 2	 -42.1046	  173.7122
13.568	 2.86	 4	 -41.8238	  174.1934
13.571	 2.00	 2	 -41.9610	  173.9702
13.571	 3.49	 1	 -42.5475	  172.9146
13.574	 2.10	 3	 -41.5819	  173.7784
13.577	 2.14	 3	 -43.0162	  173.5612
13.578	 2.75	 2	 -42.4500	  173.8293
13.580	 2.17	 3	 -41.8981	  174.3031
13.580	 2.11	 1	 -41.6942	  174.2826
13.581	 2.14	 3	 -41.7328	  174.2610
13.582	 2.86	 1	 -41.7227	  174.1406
13.582	 2.14	 3	 -42.4015	  173.1403
13.583	 2.83	 1	 -41.9997	  173.7861
13.583	 2.06	 1	 -42.2854	  173.6078
13.585	 2.70	 2	 -42.2393	  173.8587
13.586	 2.69	 1	 -41.7009	  174.2469
13.586	 2.00	 1	 -45.6733	  171.8051
13.588	 3.42	 3	 -42.4252	  173.2391
13.589	 2.33	 1	 -42.3570	  173.8803
13.590	 2.64	 3	 -42.3494	  173.1012
13.594	 2.28	 2	 -42.2613	  173.7416
13.599	 2.10	 2	 -41.7832	  174.3307
13.599	 2.05	 4	 -41.3956	  174.5900
13.600	 2.55	 2	 -41.8811	  173.7329
13.602	 2.80	 1	 -41.6919	  173.7819
13.603	 2.09	 1	 -42.2984	  173.6198
13.605	 2.07	 3	 -43.0084	  173.1015
13.606	 2.91	 2	 -41.5682	  174.1279
13.607	 2.49	 2	 -42.0155	  173.9147
13.610	 2.35	 1	 -40.3106	  172.2619
13.612	 2.69	 2	 -41.6097	  174.3270
13.613	 2.15	 1	 -42.4284	  173.6294
13.616	 2.48	 1	 -42.2901	  173.8497
13.617	 2.07	 3	 -41.8601	  174.2144
13.617	 2.30	 1	 -41.9026	  173.6760
13.617	 2.36	 1	 -43.0353	  171.9192
13.618	 2.90	 1	 -42.7837	  172.7294
13.618	 2.01	 1	 -41.6987	  174.3182
13.620	 3.50	 1	 -41.6325	  173.7883
13.621	 2.63	 3	 -41.8407	  174.2230
13.624	 3.26	 1	 -44.3932	  173.8446
13.626	 2.05	 1	 -41.8542	  174.0669
13.626	 2.02	 2	 -42.5507	  172.9157
13.626	 2.38	 2	 -41.5266	  174.1944
13.627	 2.72	 1	 -41.7257	  174.3265
13.629	 4.35	 2	 -42.2719	  173.6276
13.630	 2.29	 3	 -41.6876	  174.3235
13.634	 3.00	 1	 -42.4570	  173.7556
13.635	 2.30	 1	 -42.3689	  173.0830
13.637	 2.15	 1	 -42.3681	  173.3860
13.637	 2.48	 2	 -41.8319	  173.7868
13.638	 2.87	 3	 -42.1067	  173.7202
13.638	 3.23	 1	 -42.3660	  173.6424
13.641	 2.27	 1	 -41.7360	  174.3203
13.641	 3.93	 3	 -41.5796	  174.2010
13.644	 3.16	 3	 -42.9292	  172.8061
13.645	 2.05	 3	 -42.1891	  173.4970
13.645	 2.38	 1	 -41.6992	  174.3631
13.646	 3.36	 1	 -42.4354	  173.6829
13.648	 2.05	 1	 -42.2133	  173.5239
13.651	 2.16	 1	 -42.4543	  173.4490
13.656	 2.29	 3	 -42.4001	  174.1306
13.658	 2.95	 1	 -42.9301	  173.1118
13.659	 2.41	 4	 -42.5183	  172.6254
13.660	 2.18	 1	 -42.1601	  174.5412
13.662	 2.23	 3	 -42.1158	  173.6910
13.662	 2.13	 1	 -41.7798	  174.3600
13.663	 2.17	 1	 -42.3024	  173.2539
13.665	 2.41	 1	 -42.1186	  173.6975
13.667	 2.04	 2	 -42.3576	  173.2790
13.667	 2.70	 1	 -43.8666	  173.3181
13.668	 2.35	 1	 -42.0365	  173.6983
13.668	 2.04	 2	 -42.2888	  173.5940
13.669	 2.04	 1	 -42.8908	  172.3681
13.671	 2.49	 1	 -42.5468	  173.0150
13.675	 2.41	 2	 -42.0397	  173.7331
13.676	 2.22	 2	 -42.0775	  173.4398
13.677	 2.09	 1	 -42.0079	  173.5955
13.679	 2.48	 2	 -41.8006	  174.2843
13.681	 2.17	 1	 -42.4057	  172.7743
13.681	 2.02	 2	 -42.9834	  173.4127
13.682	 2.35	 1	 -46.2678	  172.0558
13.682	 2.24	 1	 -41.6093	  174.3382
13.684	 2.39	 2	 -41.8744	  173.3737
13.685	 2.57	 1	 -42.4925	  172.9207
13.689	 2.66	 1	 -42.1871	  173.5081
13.690	 2.07	 2	 -42.5275	  173.1404
13.690	 3.02	 1	 -42.2948	  173.7390
13.695	 2.15	 1	 -42.5984	  172.7590
13.695	 2.09	 4	 -42.5702	  172.6461
13.695	 2.04	 1	 -42.5476	  173.2934
13.696	 2.02	 1	 -42.2012	  173.8946
13.697	 2.84	 1	 -42.6328	  172.4042
13.699	 2.24	 2	 -42.2703	  173.9598
13.699	 2.15	 1	 -42.4058	  174.0283
13.700	 2.21	 1	 -41.8962	  175.5352
13.700	 2.54	 1	 -42.8470	  175.1449
13.702	 2.10	 1	 -42.1196	  173.6919
13.704	 2.11	 1	 -41.7724	  174.2597
13.705	 2.33	 2	 -42.3777	  174.0198
13.705	 2.30	 3	 -42.6802	  173.9442
13.708	 2.80	 1	 -42.8928	  174.1692
13.713	 3.12	 3	 -41.7578	  174.3997
13.713	 2.24	 2	 -42.8946	  174.1693
13.714	 2.10	 1	 -42.6828	  173.4909
13.718	 2.12	 1	 -41.7523	  174.2685
13.720	 2.40	 3	 -41.9424	  173.7094
13.720	 2.01	 1	 -41.7787	  173.5709
13.722	 2.80	 1	 -42.3498	  173.9744
13.723	 2.11	 1	 -42.4058	  173.9040
13.723	 2.68	 1	 -42.1978	  173.8249
13.724	 2.42	 1	 -41.9817	  174.0607
13.725	 2.55	 1	 -42.2237	  173.6176
13.726	 2.74	 1	 -43.0047	  172.8604
13.726	 2.21	 2	 -42.8454	  175.1465
13.727	 4.98	 2	 -42.5625	  172.9103
13.729	 2.38	 1	 -41.7397	  174.4174
13.729	 2.10	 3	 -42.5474	  172.9121
13.729	 2.82	 1	 -42.5981	  172.9715
13.730	 2.08	 1	 -42.6910	  172.7839
13.735	 2.17	 3	 -44.5736	  174.4255
13.735	 2.15	 1	 -42.3448	  173.9102
13.736	 2.61	 2	 -42.3068	  173.6385
13.736	 2.13	 1	 -42.2311	  173.8782
13.738	 2.10	 2	 -41.7314	  174.2881
13.738	 3.50	 3	 -42.5577	  172.9432
13.738	 2.23	 1	 -42.3517	  173.9319
13.746	 2.23	 2	 -40.6997	  172.8335
13.747	 2.41	 2	 -42.4665	  173.0746
13.749	 2.17	 2	 -42.2546	  173.8401
13.751	 2.35	 1	 -41.7964	  174.1022
13.751	 2.06	 2	 -42.5103	  173.3188
13.753	 2.22	 2	 -42.6804	  172.6069
13.754	 2.12	 3	 -41.5409	  174.0990
13.756	 2.90	 3	 -42.5428	  172.8369
13.759	 2.47	 1	 -42.6716	  172.7563
13.760	 2.14	 2	 -41.7800	  174.2532
13.761	 3.44	 1	 -42.3869	  174.0257
13.761	 2.95	 1	 -42.6443	  172.8926
13.763	 2.22	 1	 -41.6997	  174.2829
13.765	 2.89	 2	 -41.6779	  174.3049
13.766	 2.73	 1	 -41.5137	  174.2603
13.766	 2.25	 3	 -42.5658	  172.9221
13.767	 2.05	 1	 -42.6698	  172.9592
13.767	 2.05	 3	 -42.5175	  172.8956
13.769	 2.55	 4	 -42.5599	  172.9249
13.771	 2.32	 1	 -42.7305	  172.9886
13.771	 2.44	 1	 -41.7238	  174.2461
13.773	 2.40	 2	 -41.7708	  174.2119
13.777	 2.83	 2	 -42.8317	  172.8255
13.777	 2.11	 1	 -43.5779	  179.0202
13.779	 2.25	 1	 -42.0439	  173.6362
13.783	 2.80	 3	 -41.5283	  174.1162
13.783	 2.13	 1	 -42.8435	  173.8664
13.783	 2.33	 1	 -41.9864	  173.6762
13.783	 2.49	 2	 -42.8913	  173.2005
13.785	 2.26	 1	 -41.7352	  174.2658
13.787	 2.25	 1	 -42.0964	  173.7615
13.789	 2.46	 2	 -42.3763	  173.7285
13.789	 2.02	 3	 -43.0739	  173.0881
13.790	 2.58	 1	 -42.0424	  173.7194
13.790	 2.34	 2	 -42.3006	  173.7199
13.792	 2.13	 3	 -41.7883	  174.1922
13.799	 2.10	 1	 -42.1717	  173.0372
13.799	 2.18	 2	 -42.7815	  172.7309
13.803	 2.05	 3	 -42.4968	  173.3536
13.804	 2.21	 2	 -42.6807	  172.8766
13.805	 3.30	 3	 -42.5632	  172.9098
13.806	 2.05	 2	 -41.7865	  174.2285
13.808	 3.23	 1	 -41.7183	  174.2515
13.808	 2.03	 1	 -41.7122	  174.2097
13.814	 2.06	 4	 -42.1617	  173.4754
13.816	 2.26	 1	 -42.1964	  173.7245
13.818	 2.09	 2	 -42.3239	  173.6546
13.819	 2.65	 1	 -42.1935	  173.6569
13.820	 2.13	 2	 -42.9572	  172.2735
13.820	 2.27	 1	 -41.9360	  173.6073
13.821	 2.37	 3	 -42.7429	  173.9729
13.825	 2.02	 1	 -41.7136	  174.3309
13.825	 2.35	 4	 -42.4637	  173.1909
13.825	 2.07	 1	 -41.6935	  174.2979
13.826	 2.02	 1	 -42.5080	  173.1136
13.828	 2.70	 2	 -42.3791	  173.6374
13.830	 2.57	 2	 -42.2934	  173.7456
13.833	 2.71	 3	 -42.7407	  173.0516
13.834	 2.10	 3	 -42.1740	  173.6355
13.837	 3.19	 2	 -42.8077	  172.8956
13.839	 2.13	 2	 -42.3963	  173.2701
13.844	 2.12	 4	 -42.0949	  173.5284
13.848	 2.34	 2	 -42.2718	  173.6528
13.851	 2.05	 1	 -42.1872	  174.1505
13.852	 2.24	 1	 -41.9372	  173.5509
13.852	 2.14	 1	 -42.7289	  172.7705
13.854	 2.28	 1	 -42.3638	  173.1014
13.864	 2.03	 1	 -41.8092	  174.0693
13.865	 2.17	 1	 -42.4347	  173.2907
13.866	 2.13	 1	 -42.4642	  173.8543
13.866	 2.03	 1	 -42.2974	  173.7920
13.866	 2.28	 4	 -42.3580	  173.3586
13.867	 2.30	 3	 -42.5940	  172.9288
13.867	 2.25	 2	 -42.3101	  173.7332
13.868	 2.91	 1	 -41.7040	  174.3250
13.869	 2.62	 2	 -42.5675	  173.1178
13.870	 2.33	 1	 -41.7257	  174.2530
13.871	 2.25	 1	 -42.4376	  173.5089
13.872	 2.07	 2	 -41.8163	  173.2786
13.873	 2.96	 1	 -42.7093	  173.1709
13.874	 2.03	 1	 -42.7184	  174.4402
13.876	 2.19	 6	 -43.2152	  174.5833
13.878	 3.15	 1	 -42.3462	  173.8245
13.879	 2.33	 1	 -42.2269	  173.8799
13.882	 2.01	 1	 -42.5587	  173.2380
13.882	 2.74	 2	 -42.3151	  173.8145
13.882	 2.12	 1	 -42.6709	  173.5905
13.883	 3.02	 4	 -42.3246	  174.1824
13.883	 2.00	 1	 -42.4389	  172.9290
13.884	 2.05	 1	 -42.4974	  173.2140
13.884	 2.00	 1	 -42.2472	  173.7314
13.885	 2.00	 1	 -42.6536	  173.1163
13.885	 2.00	 1	 -42.6185	  172.9335
13.886	 2.55	 2	 -42.1449	  173.5658
13.886	 2.09	 1	 -42.2692	  173.8543
13.887	 2.67	 1	 -42.4736	  174.4379
13.889	 2.10	 1	 -42.3142	  173.7022
13.891	 2.34	 2	 -42.4147	  172.8253
13.892	 2.96	 3	 -42.5957	  172.9386
13.893	 2.06	 1	 -42.5402	  173.0858
13.894	 2.03	 1	 -42.1410	  173.6031
13.895	 2.24	 1	 -42.3895	  174.0170
13.895	 2.75	 1	 -42.9659	  171.5619
13.896	 3.50	 1	 -41.6441	  174.2551
13.898	 2.02	 1	 -39.1129	  169.2754
13.899	 2.10	 1	 -41.8727	  173.6586
13.900	 2.36	 2	 -42.1887	  173.5790
13.901	 2.12	 1	 -42.3316	  173.3009
13.903	 3.50	 2	 -41.7591	  174.2492
13.905	 2.13	 1	 -44.5650	  179.1373
13.908	 2.06	 2	 -41.9070	  173.7488
13.909	 2.01	 3	 -42.6782	  173.0611
13.913	 2.12	 3	 -41.6072	  174.3195
13.916	 2.31	 1	 -42.1530	  173.7291
13.918	 2.11	 2	 -42.1488	  174.0667
13.919	 2.06	 2	 -41.7556	  174.3011
13.922	 2.80	 1	 -42.2031	  173.5617
13.927	 2.29	 3	 -41.8190	  174.3764
13.930	 3.04	 1	 -42.3591	  174.9863
13.930	 2.03	 1	 -42.2964	  173.6764
13.930	 2.64	 1	 -42.3536	  173.6169
13.932	 2.24	 1	 -42.3366	  173.5670
13.935	 2.22	 1	 -41.8206	  174.0808
13.936	 2.11	 2	 -39.6540	  172.5159
13.942	 2.04	 5	 -43.1785	  174.5690
13.942	 2.21	 1	 -42.3720	  172.9666
13.944	 2.24	 1	 -41.8058	  174.1970
13.945	 2.79	 1	 -41.9001	  173.8697
13.949	 2.86	 3	 -41.9502	  174.2156
13.949	 2.04	 1	 -42.4042	  173.9377
13.950	 2.31	 3	 -43.1337	  174.6256
13.951	 2.11	 3	 -42.3996	  173.2206
13.953	 2.46	 3	 -42.3282	  173.8496
13.954	 2.07	 1	 -41.7368	  174.2095
13.955	 2.24	 1	 -42.4245	  173.9567
13.956	 2.00	 1	 -41.7926	  174.2213
13.959	 2.10	 2	 -42.6004	  172.8036
13.960	 2.40	 1	 -42.2739	  174.0430
13.960	 2.02	 3	 -41.8016	  174.1427
13.965	 2.29	 1	 -42.2242	  173.0007
13.970	 2.67	 1	 -42.6519	  173.3246
13.970	 2.77	 2	 -42.4616	  172.9722
13.971	 2.56	 3	 -42.2971	  173.6741
13.976	 2.21	 2	 -42.8443	  173.1862
13.976	 2.12	 1	 -41.7123	  174.2796
13.979	 2.46	 2	 -42.1966	  173.8168
13.979	 2.27	 1	 -41.9774	  174.2908
13.982	 2.19	 2	 -43.0542	  173.0482
13.984	 2.28	 1	 -42.3889	  173.8724
13.986	 2.23	 1	 -41.7863	  174.3499
13.986	 2.35	 3	 -41.7711	  174.2613
13.988	 3.36	 1	 -42.3448	  174.0103
13.992	 2.21	 1	 -42.3378	  173.8012
13.993	 2.60	 2	 -42.0644	  173.4689
13.994	 2.42	 1	 -42.3706	  173.9741
13.994	 2.61	 3	 -41.7402	  174.2050
13.997	 2.22	 3	 -41.8079	  174.3848
13.997	 3.00	 3	 -42.4074	  174.0055
13.998	 2.38	 1	 -41.7601	  174.1937
14.002	 3.34	 2	 -42.4522	  173.7853
14.002	 2.36	 1	 -42.4550	  173.2734
14.008	 3.03	 1	 -41.7935	  173.9877
14.009	 2.04	 2	 -41.8323	  174.2248
14.010	 2.02	 3	 -42.4483	  173.0636
14.011	 2.47	 1	 -41.8122	  174.0515
14.012	 3.39	 1	 -41.7655	  174.3283
14.013	 2.56	 1	 -42.0258	  173.7376
14.016	 2.00	 2	 -41.6972	  174.2408
14.022	 2.29	 1	 -42.5935	  173.3546
14.024	 2.03	 2	 -42.6244	  172.8983
14.026	 2.08	 2	 -42.3957	  174.1313
14.026	 2.00	 2	 -42.5595	  172.9035
14.026	 3.19	 2	 -42.3110	  173.6700
14.029	 2.02	 1	 -42.1571	  173.2642
14.030	 2.00	 3	 -43.1422	  173.0631
14.030	 2.50	 2	 -42.2542	  173.7130
14.033	 3.03	 2	 -41.7125	  174.3429
14.036	 2.12	 1	 -42.3989	  173.7227
14.043	 3.54	 1	 -41.6404	  174.4095
14.046	 2.45	 5	 -42.3818	  174.0076
14.049	 2.38	 1	 -41.9683	  173.6539
14.052	 2.39	 2	 -42.2083	  173.6767
14.052	 2.13	 1	 -42.4132	  173.6556
14.055	 2.34	 2	 -41.9012	  175.0556
14.056	 2.17	 2	 -42.3274	  173.6702
14.057	 2.71	 2	 -42.4428	  173.6432
14.057	 3.36	 1	 -42.3533	  173.8962
14.057	 4.20	 3	 -42.0878	  173.6372
14.059	 2.49	 1	 -41.5904	  174.1492
14.060	 2.25	 3	 -41.7624	  174.2907
14.062	 2.20	 1	 -42.4105	  173.2877
14.064	 2.33	 3	 -42.4194	  173.0094
14.069	 2.30	 1	 -41.7590	  174.2142
14.069	 2.08	 2	 -42.5230	  173.2564
14.074	 2.44	 1	 -42.3380	  173.9578
14.077	 2.56	 4	 -42.0006	  173.6273
14.078	 2.02	 2	 -42.2778	  173.8175
14.080	 2.68	 4	 -43.8588	  175.0137
14.080	 2.17	 3	 -42.4657	  173.7855
14.081	 2.21	 3	 -42.4173	  173.2285
14.087	 2.08	 2	 -42.9449	  173.4113
14.089	 2.02	 2	 -42.2157	  174.1664
14.091	 2.37	 1	 -42.1370	  173.6327
14.092	 2.12	 1	 -42.6422	  172.9533
14.092	 2.36	 2	 -42.3601	  173.8353
14.096	 2.08	 1	 -42.5021	  173.6692
14.101	 2.66	 3	 -41.8105	  174.2603
14.104	 2.21	 1	 -42.8235	  173.0349
14.104	 2.96	 1	 -42.2795	  173.8345
14.105	 2.60	 3	 -42.5156	  172.8444
14.111	 2.12	 1	 -41.9039	  172.9904
14.114	 2.08	 2	 -42.9641	  173.4264
14.114	 2.22	 1	 -42.8365	  172.5303
14.117	 2.35	 3	 -41.7569	  174.0152
14.117	 2.37	 2	 -42.2830	  174.0325
14.118	 2.61	 3	 -42.5779	  172.9031
14.118	 2.18	 2	 -42.3716	  173.8334
14.118	 2.32	 2	 -41.7589	  173.3845
14.119	 2.25	 1	 -42.9311	  172.6727
14.126	 2.97	 1	 -42.7651	  173.1413
14.136	 3.42	 1	 -42.4528	  173.7272
14.140	 5.13	 2	 -41.6153	  174.2033
14.144	 2.12	 3	 -41.6087	  174.2169
14.145	 2.64	 1	 -41.5247	  174.2662
14.145	 2.53	 3	 -41.1929	  173.8481
14.146	 2.03	 1	 -42.4521	  173.2403
14.147	 3.76	 1	 -42.3062	  174.0105
14.147	 2.41	 1	 -42.2808	  172.6205
14.148	 2.03	 1	 -42.4282	  173.5054
14.150	 2.01	 3	 -41.6037	  174.2613
14.152	 2.31	 1	 -42.5679	  172.9717
14.153	 2.07	 3	 -41.7464	  174.2189
14.154	 2.92	 1	 -42.3624	  173.5888
14.155	 3.49	 1	 -42.4667	  173.1481
14.157	 2.08	 1	 -42.7206	  173.2373
14.159	 2.97	 3	 -41.6124	  174.2150
14.159	 2.36	 2	 -42.3648	  173.8253
14.161	 2.08	 3	 -41.6533	  174.2621
14.161	 2.19	 2	 -42.4243	  173.1682
14.163	 3.06	 1	 -42.5482	  173.3905
14.163	 2.46	 1	 -42.2577	  173.8410
14.164	 2.40	 4	 -42.2788	  173.5390
14.166	 2.99	 1	 -41.8855	  174.0080
14.167	 2.63	 1	 -43.5717	  173.3401
14.167	 2.68	 2	 -42.2958	  173.6592
14.168	 2.27	 2	 -42.7940	  172.6617
14.169	 2.18	 1	 -43.1049	  172.2597
14.171	 3.44	 1	 -42.4299	  173.8716
14.171	 2.03	 1	 -42.0214	  173.7115
14.180	 2.67	 2	 -42.5653	  173.3823
14.180	 2.62	 4	 -42.0373	  173.6332
14.183	 3.21	 2	 -41.7599	  174.2531
14.185	 2.23	 4	 -42.0890	  173.6348
14.187	 2.13	 1	 -42.4391	  173.0163
14.188	 2.23	 1	 -42.4735	  173.2318
14.191	 2.03	 4	 -41.4644	  174.3450
14.192	 2.08	 1	 -42.8351	  172.9750
14.194	 2.31	 1	 -42.3046	  173.7180
14.194	 2.08	 2	 -45.9052	  176.3849
14.195	 2.35	 1	 -41.8185	  174.2215
14.196	 2.06	 1	 -46.0358	  170.7530
14.198	 2.17	 2	 -42.4359	  173.8597
14.199	 2.44	 1	 -45.0437	  178.7326
14.202	 2.43	 1	 -42.4517	  172.8966
14.202	 2.18	 1	 -41.8046	  174.2451
14.203	 2.43	 1	 -42.4533	  173.7373
14.204	 2.05	 4	 -42.5532	  172.6393
14.206	 2.30	 1	 -41.7045	  174.4232
14.207	 2.97	 2	 -41.7258	  174.3014
14.210	 4.27	 3	 -41.6129	  174.2027
14.211	 2.11	 1	 -41.7891	  174.2924
14.213	 2.09	 1	 -42.3381	  173.9097
14.215	 2.28	 4	 -42.5786	  172.9446
14.219	 2.22	 3	 -41.6698	  175.2751
14.224	 2.10	 2	 -42.2216	  173.7637
14.226	 2.00	 4	 -41.6114	  174.2005
14.228	 2.81	 1	 -41.9516	  173.8880
14.229	 2.40	 1	 -42.6980	  172.8912
14.231	 2.19	 1	 -42.0792	  172.9104
14.234	 2.12	 2	 -42.0006	  174.0790
14.236	 2.05	 1	 -41.6948	  174.0172
14.237	 2.27	 1	 -42.5012	  172.9747
14.237	 2.72	 2	 -42.0055	  173.7035
14.241	 2.08	 1	 -42.5584	  173.0983
14.243	 2.70	 1	 -41.7324	  174.1531
14.243	 3.12	 1	 -41.8518	  173.6416
14.245	 2.02	 1	 -42.5905	  173.3153
14.245	 2.64	 2	 -41.7712	  174.1525
14.246	 2.63	 1	 -42.2940	  173.6469
14.249	 2.09	 1	 -42.1460	  173.5817
14.250	 2.05	 1	 -42.3349	  173.5731
14.251	 2.10	 4	 -42.0858	  173.6387
14.252	 3.04	 1	 -42.5617	  172.8724
14.256	 2.54	 1	 -42.7829	  172.9576
14.257	 2.02	 1	 -41.0373	  173.7266
14.259	 2.31	 1	 -42.1905	  173.5864
14.259	 2.43	 1	 -41.8321	  174.2345
14.259	 2.12	 3	 -42.4997	  173.4398
14.260	 2.55	 1	 -41.9612	  173.7540
14.260	 2.10	 3	 -41.6733	  174.1539
14.260	 2.42	 3	 -42.8317	  173.1675
14.260	 3.68	 3	 -41.5900	  174.1501
14.260	 2.03	 1	 -41.7753	  174.2992
14.261	 2.04	 3	 -42.5552	  172.9135
14.264	 2.27	 1	 -41.7428	  174.2286
14.265	 3.79	 1	 -43.0797	  168.8417
14.267	 3.26	 1	 -42.6568	  173.4442
14.270	 2.34	 1	 -42.0482	  173.7250
14.273	 2.06	 4	 -41.5809	  174.1446
14.274	 2.01	 3	 -41.6105	  174.2852
14.274	 2.12	 1	 -45.8142	  173.4023
14.278	 2.28	 2	 -42.4538	  173.7280
14.278	 2.34	 2	 -42.3240	  173.8416
14.280	 2.70	 1	 -41.7137	  174.3262
14.281	 2.16	 1	 -42.6293	  172.9303
14.282	 2.52	 1	 -42.2341	  173.6847
14.283	 2.15	 2	 -42.4827	  173.2010
14.287	 2.76	 1	 -41.8914	  174.0828
14.287	 2.39	 1	 -42.7075	  172.7610
14.289	 2.18	 2	 -41.7667	  174.1383
14.289	 2.01	 1	 -41.8896	  173.9775
14.290	 2.53	 3	 -41.6107	  174.1862
14.290	 2.31	 3	 -41.6049	  174.1769
14.291	 2.01	 1	 -42.2792	  173.9687
14.291	 4.61	 1	 -41.9886	  173.7599
14.293	 3.49	 2	 -41.9845	  173.7122
14.295	 2.54	 1	 -41.8306	  174.0739
14.296	 2.87	 1	 -41.7740	  174.2210
14.300	 2.04	 1	 -42.2565	  173.6768
14.301	 2.03	 1	 -41.9189	  174.3387
14.304	 2.36	 2	 -42.8113	  172.7043
14.308	 2.00	 2	 -41.7217	  174.2533
14.310	 2.41	 1	 -41.9678	  173.6736
14.314	 2.28	 1	 -42.0213	  173.8166
14.314	 2.63	 3	 -42.2730	  173.6154
14.317	 3.15	 3	 -43.1590	  174.6298
14.318	 2.78	 3	 -41.6157	  174.2537
14.318	 2.22	 1	 -41.2471	  175.1868
14.323	 2.46	 3	 -41.6025	  174.1991
14.323	 2.32	 3	 -42.1763	  173.7691
14.324	 2.17	 3	 -43.2134	  174.7520
14.330	 2.84	 2	 -42.5353	  172.7951
14.332	 2.36	 3	 -41.6464	  174.1424
14.333	 2.80	 2	 -42.3430	  173.5120
14.334	 2.20	 3	 -41.8141	  174.3222
14.334	 2.23	 4	 -42.9319	  172.1992
14.338	 3.07	 1	 -41.8034	  174.2267
14.338	 2.05	 1	 -42.1686	  174.0896
14.340	 2.19	 1	 -42.5795	  173.1265
14.341	 2.19	 1	 -42.1143	  173.6462
14.343	 2.62	 2	 -42.3193	  174.0166
14.343	 3.09	 1	 -42.6289	  173.7688
14.347	 3.21	 1	 -41.9267	  173.8017
14.347	 2.61	 3	 -42.3913	  173.0565
14.348	 2.44	 1	 -42.3900	  173.8990
14.348	 4.19	 1	 -45.5572	  173.7684
14.349	 2.23	 1	 -42.2724	  173.5170
14.352	 2.17	 2	 -41.9039	  173.8662
14.356	 2.51	 2	 -41.9244	  173.5216
14.356	 2.75	 1	 -42.4822	  173.6472
14.362	 2.52	 2	 -42.6168	  172.8834
14.364	 2.04	 1	 -41.7866	  173.0173
14.368	 3.07	 1	 -42.5610	  172.4077
14.368	 2.09	 1	 -42.3250	  173.7583
14.371	 2.06	 1	 -42.0029	  173.7770
14.373	 2.68	 1	 -41.6861	  174.2595
14.374	 2.05	 1	 -41.9058	  171.4760
14.375	 2.89	 1	 -42.1911	  173.5507
14.377	 2.38	 4	 -41.6089	  174.1806
14.379	 2.56	 1	 -42.1798	  173.8377
14.379	 2.17	 1	 -41.7327	  174.2753
14.380	 2.69	 1	 -41.7348	  174.3047
14.382	 2.51	 4	 -43.0970	  174.7004
14.382	 2.86	 2	 -42.0039	  173.7209
14.383	 2.38	 3	 -42.5782	  172.9059
14.384	 2.54	 1	 -42.2287	  173.4515
14.387	 2.03	 1	 -41.9003	  173.9115
14.388	 2.57	 1	 -42.5605	  173.3281
14.389	 2.29	 1	 -42.6677	  172.8974
14.389	 2.98	 1	 -42.7540	  173.8540
14.394	 2.36	 4	 -42.4944	  172.7109
14.399	 2.23	 1	 -42.0848	  173.8529
14.399	 2.88	 1	 -42.2581	  173.6645
14.401	 2.86	 1	 -41.8404	  174.1177
14.404	 2.10	 1	 -42.7794	  172.7682
14.406	 2.14	 3	 -42.2830	  173.7405
14.407	 2.06	 1	 -42.5979	  172.9251
14.412	 3.03	 1	 -42.6412	  172.9453
14.413	 2.27	 2	 -41.8665	  173.8968
14.414	 2.57	 2	 -42.3106	  173.7583
14.417	 2.03	 2	 -41.9677	  173.7550
14.418	 2.03	 1	 -42.2598	  173.5987
14.420	 3.06	 1	 -42.3231	  174.0324
14.420	 2.04	 2	 -42.4189	  173.9127
14.421	 2.53	 4	 -42.3086	  173.7705
14.421	 2.24	 2	 -45.5604	  173.7765
14.424	 2.26	 1	 -42.3426	  173.3919
14.425	 2.68	 1	 -41.7347	  174.3215
14.425	 3.24	 3	 -43.1735	  174.6068
14.430	 2.52	 1	 -42.6093	  173.0266
14.432	 2.63	 1	 -42.4704	  173.2584
14.433	 2.15	 1	 -41.9509	  173.6238
14.435	 2.01	 3	 -42.5209	  172.9189
14.436	 2.08	 1	 -42.2969	  173.6477
14.440	 2.00	 1	 -42.6403	  172.9517
14.441	 2.02	 2	 -42.2773	  173.6125
14.443	 2.15	 2	 -42.3556	  173.7648
14.445	 2.17	 1	 -42.4446	  173.2655
14.445	 2.40	 4	 -42.8669	  173.2828
14.448	 2.01	 1	 -41.8382	  173.6349
14.451	 2.11	 1	 -41.8123	  174.3948
14.454	 2.11	 1	 -42.5294	  173.5240
14.455	 2.42	 1	 -42.2178	  173.8511
14.456	 2.24	 1	 -42.3006	  173.1016
14.458	 2.07	 1	 -41.7329	  174.2556
14.460	 2.16	 1	 -41.5629	  174.1262
14.460	 2.03	 5	 -42.5292	  172.5415
14.460	 2.54	 2	 -42.1780	  173.3970
14.463	 2.27	 1	 -42.0589	  173.6131
14.465	 2.05	 4	 -43.0751	  174.5730
14.467	 2.07	 1	 -43.2475	  173.2398
14.470	 2.73	 1	 -41.7663	  174.2345
14.471	 2.26	 2	 -41.6509	  174.2999
14.472	 2.37	 2	 -42.4071	  173.2158
14.474	 2.71	 1	 -41.5961	  174.4528
14.474	 2.44	 1	 -41.9665	  173.7231
14.478	 2.04	 2	 -43.0446	  173.0982
14.483	 2.34	 2	 -42.1244	  173.5563
14.483	 2.31	 1	 -42.2608	  173.5889
14.484	 2.80	 1	 -41.5869	  174.3271
14.486	 3.04	 1	 -42.6669	  172.7911
14.487	 2.32	 1	 -42.0016	  173.7196
14.487	 2.05	 1	 -41.5636	  173.9879
14.489	 2.40	 1	 -42.3300	  173.6431
14.492	 2.01	 1	 -42.7655	  172.9280
14.494	 2.09	 1	 -41.6664	  174.4918
14.494	 2.92	 1	 -42.2303	  173.7809
14.497	 2.26	 1	 -41.7048	  174.1725
14.499	 2.02	 2	 -42.4135	  173.7296
