# Simulation 743
# RelativeTime(days) Magnitude Generation Latitude Longitude
Time Mag Gen Lat Lon
3.000	 2.29	 1	 -39.1814	  174.3767
3.001	 2.04	 1	 -42.6391	  174.4092
3.001	 2.22	 1	 -42.5378	  173.4096
3.001	 2.22	 1	 -42.3535	  173.0939
3.002	 3.53	 1	 -42.1772	  174.1930
3.004	 2.39	 1	 -41.7088	  174.3296
3.004	 2.48	 1	 -41.8406	  174.2260
3.005	 2.06	 1	 -42.5710	  173.1659
3.005	 2.07	 1	 -41.7888	  174.0439
3.007	 2.07	 1	 -42.6653	  172.8665
3.007	 2.53	 1	 -42.2531	  173.8503
3.008	 2.04	 1	 -42.3740	  173.8042
3.008	 2.50	 1	 -42.4027	  174.1937
3.009	 2.20	 1	 -42.0375	  173.7832
3.009	 2.73	 1	 -42.4757	  173.1138
3.013	 2.97	 1	 -41.7131	  174.4201
3.013	 2.21	 1	 -42.5067	  173.1804
3.014	 4.46	 1	 -42.3220	  173.7999
3.014	 2.81	 1	 -41.7739	  174.2776
3.014	 2.77	 1	 -41.7534	  174.3268
3.015	 2.29	 1	 -42.6637	  172.7598
3.017	 2.55	 1	 -42.4250	  173.7720
3.018	 2.21	 1	 -42.6254	  173.0617
3.018	 2.51	 1	 -42.0421	  174.1178
3.019	 2.08	 1	 -41.7702	  174.1743
3.019	 2.64	 1	 -41.7647	  174.3152
3.020	 2.32	 1	 -42.3088	  173.7124
3.020	 2.15	 1	 -42.3361	  173.7004
3.020	 2.06	 1	 -41.8055	  173.8140
3.022	 3.06	 1	 -42.2471	  172.8845
3.022	 2.17	 1	 -41.9313	  173.7751
3.023	 2.03	 1	 -41.8615	  174.2435
3.023	 2.10	 1	 -42.5194	  173.6253
3.023	 4.47	 1	 -42.5625	  173.0891
3.023	 2.17	 1	 -41.8344	  174.1680
3.024	 2.01	 1	 -42.3957	  173.6629
3.024	 2.47	 1	 -42.3186	  173.6458
3.024	 3.02	 1	 -41.9371	  173.6530
3.026	 2.46	 1	 -41.8637	  174.2846
3.027	 2.45	 1	 -42.6296	  173.6045
3.030	 4.01	 1	 -41.9549	  173.7677
3.030	 2.05	 1	 -41.5904	  174.1497
3.031	 2.56	 1	 -42.2120	  173.5940
3.031	 5.29	 1	 -42.2724	  174.0300
3.032	 2.15	 1	 -42.1403	  173.6513
3.034	 2.00	 1	 -42.1206	  173.9214
3.034	 2.15	 1	 -41.9345	  173.8523
3.036	 2.33	 1	 -42.4784	  172.8591
3.036	 2.48	 1	 -41.6506	  174.1234
3.037	 2.29	 2	 -42.2839	  174.0574
3.038	 2.20	 1	 -42.6516	  173.4526
3.038	 2.49	 1	 -41.7616	  174.2501
3.039	 2.08	 1	 -42.5188	  173.0694
3.040	 3.22	 1	 -42.5454	  173.7322
3.041	 2.75	 1	 -42.2058	  173.8613
3.041	 2.23	 1	 -42.3204	  173.7516
3.042	 2.34	 1	 -42.5333	  172.8120
3.042	 2.02	 1	 -42.8558	  174.5714
3.043	 2.01	 1	 -42.7503	  172.8130
3.043	 2.31	 1	 -41.7511	  174.3803
3.043	 2.24	 1	 -42.2771	  173.8821
3.044	 2.35	 1	 -42.0554	  173.7981
3.044	 3.03	 1	 -42.5802	  173.0124
3.044	 2.79	 1	 -41.9433	  174.1502
3.045	 2.12	 1	 -42.3993	  173.9971
3.045	 2.01	 1	 -42.0111	  173.8352
3.045	 2.06	 1	 -41.7015	  174.2749
3.047	 2.09	 1	 -42.4035	  174.0260
3.047	 2.07	 2	 -42.2371	  173.8433
3.047	 2.12	 1	 -42.3732	  173.9266
3.048	 2.42	 1	 -41.4797	  173.9524
3.048	 2.33	 1	 -42.1243	  174.7962
3.049	 2.31	 1	 -41.8111	  174.3144
3.049	 2.19	 2	 -42.2627	  174.0121
3.050	 2.55	 1	 -42.3128	  173.7034
3.050	 2.17	 1	 -42.2182	  172.7749
3.051	 2.50	 1	 -41.6437	  174.1331
3.051	 2.18	 2	 -42.2309	  174.0538
3.053	 2.24	 1	 -42.4243	  173.1666
3.054	 2.57	 1	 -43.6158	  172.2808
3.054	 2.07	 2	 -42.2575	  174.0594
3.055	 2.68	 2	 -42.1792	  174.0324
3.055	 2.41	 1	 -42.5328	  172.8957
3.055	 2.52	 1	 -42.2056	  174.5939
3.056	 2.85	 2	 -42.2604	  173.9925
3.056	 2.94	 1	 -42.7032	  172.7347
3.057	 2.06	 2	 -41.9332	  173.9325
3.057	 2.64	 1	 -41.7187	  174.1656
3.057	 2.67	 1	 -41.9683	  174.1301
3.058	 2.31	 1	 -42.3583	  173.6300
3.058	 2.04	 2	 -42.6119	  173.0597
3.058	 2.12	 1	 -41.6980	  174.4002
3.059	 2.07	 1	 -42.4084	  172.8017
3.060	 2.28	 1	 -42.3572	  173.5132
3.061	 2.57	 1	 -42.0472	  173.9459
3.062	 2.05	 1	 -42.4467	  173.2563
3.062	 2.54	 1	 -42.2509	  173.8971
3.063	 3.37	 1	 -42.0161	  173.8092
3.063	 2.06	 1	 -41.7845	  174.1634
3.063	 2.30	 1	 -41.7502	  174.2989
3.063	 2.42	 1	 -41.8236	  174.2390
3.065	 3.26	 1	 -41.7831	  174.1030
3.065	 2.23	 2	 -42.2585	  173.9740
3.066	 2.53	 1	 -41.7010	  173.9288
3.067	 3.09	 1	 -42.4251	  173.7979
3.068	 2.06	 1	 -42.4575	  173.4839
3.069	 2.05	 1	 -42.3263	  173.8784
3.069	 2.71	 1	 -41.7125	  174.2985
3.070	 3.63	 1	 -41.7287	  174.2699
3.071	 2.12	 1	 -40.3739	  167.7803
3.071	 2.21	 1	 -41.6360	  174.4732
3.072	 2.52	 1	 -42.6445	  172.8258
3.072	 2.03	 1	 -41.4513	  174.3367
3.072	 2.47	 1	 -41.4984	  174.1391
3.074	 2.59	 1	 -41.7519	  174.1728
3.074	 3.20	 1	 -42.4783	  173.4113
3.075	 2.50	 1	 -42.1879	  173.4329
3.075	 2.31	 1	 -41.9772	  173.9873
3.076	 2.54	 1	 -42.2778	  173.8522
3.076	 2.47	 1	 -42.3790	  174.2747
3.077	 2.78	 1	 -41.7062	  174.3018
3.077	 2.66	 1	 -42.4997	  173.1221
3.077	 2.59	 1	 -42.2222	  173.6423
3.078	 3.23	 1	 -42.2605	  173.7986
3.078	 2.44	 2	 -41.9222	  173.3726
3.078	 2.96	 1	 -42.5489	  172.7832
3.079	 2.26	 1	 -42.1815	  173.6002
3.080	 2.19	 1	 -42.5490	  173.9329
3.080	 2.73	 1	 -41.9618	  174.0420
3.080	 2.38	 1	 -43.0952	  173.5785
3.081	 3.33	 1	 -42.5624	  173.1016
3.081	 2.03	 1	 -41.7330	  174.1516
3.083	 2.00	 1	 -44.9673	  172.7743
3.083	 2.13	 1	 -42.2012	  173.4180
3.083	 2.12	 1	 -42.0574	  173.6861
3.083	 2.22	 1	 -42.8151	  173.2377
3.083	 2.05	 1	 -42.2317	  173.5505
3.083	 2.12	 1	 -43.0388	  175.5330
3.084	 2.26	 1	 -42.2054	  173.6386
3.084	 2.40	 1	 -42.4518	  173.1779
3.085	 2.01	 1	 -41.7844	  174.4005
3.085	 2.28	 1	 -42.6389	  173.4444
3.086	 2.03	 1	 -42.5308	  173.0832
3.087	 3.19	 1	 -37.9882	  173.7035
3.088	 2.66	 1	 -43.0129	  172.8012
3.088	 2.38	 2	 -41.8331	  174.1426
3.091	 2.51	 1	 -42.2655	  173.4787
3.092	 2.54	 1	 -42.7929	  174.1365
3.093	 2.05	 1	 -42.2329	  173.3193
3.093	 2.98	 1	 -42.1750	  173.5400
3.093	 2.42	 2	 -41.7269	  174.2746
3.094	 2.09	 1	 -41.9923	  173.8084
3.094	 2.41	 1	 -41.9110	  174.2236
3.095	 2.21	 1	 -42.3932	  173.7815
3.095	 2.11	 1	 -42.4176	  173.4816
3.096	 2.20	 1	 -42.5792	  174.0103
3.096	 2.30	 1	 -42.0347	  173.6713
3.096	 2.20	 1	 -42.5299	  173.1599
3.096	 3.27	 1	 -42.4946	  173.1258
3.098	 2.50	 1	 -41.8278	  174.1039
3.098	 2.19	 1	 -42.5289	  173.2158
3.098	 2.13	 1	 -42.2742	  173.6333
3.099	 2.31	 1	 -41.8581	  173.9075
3.099	 2.27	 1	 -41.6647	  174.3007
3.100	 3.60	 1	 -42.2983	  173.7497
3.101	 2.05	 1	 -41.7773	  173.8715
3.101	 2.07	 1	 -42.5476	  172.8481
3.101	 2.59	 1	 -42.3618	  173.9907
3.101	 2.85	 2	 -42.2459	  174.0293
3.102	 3.04	 1	 -42.0935	  173.8394
3.102	 2.31	 1	 -42.0158	  173.8063
3.102	 2.14	 1	 -42.7741	  173.7182
3.103	 3.08	 1	 -42.5138	  173.4037
3.104	 2.20	 1	 -41.7214	  174.4726
3.104	 2.69	 1	 -41.6467	  174.3799
3.104	 2.08	 1	 -42.1359	  173.8215
3.105	 3.65	 1	 -41.7376	  174.3336
3.106	 2.34	 1	 -41.7118	  174.2398
3.106	 2.20	 1	 -42.3566	  173.5647
3.106	 2.16	 1	 -42.3843	  173.9885
3.107	 2.08	 1	 -42.2272	  173.8531
3.108	 5.82	 1	 -42.7721	  172.2543
3.109	 2.18	 1	 -42.2807	  172.8787
3.110	 2.58	 1	 -41.3389	  173.0491
3.110	 2.32	 2	 -42.9894	  171.9744
3.111	 3.56	 1	 -41.6250	  174.1824
3.111	 2.19	 1	 -42.7920	  173.5198
3.112	 2.72	 1	 -42.2149	  173.6122
3.113	 2.54	 1	 -42.1583	  173.8096
3.113	 2.47	 2	 -42.8052	  172.1921
3.114	 2.94	 1	 -42.4759	  173.7426
3.114	 2.33	 1	 -42.0367	  174.2085
3.114	 2.90	 2	 -42.7774	  172.2760
3.116	 2.04	 1	 -41.6900	  174.1303
3.116	 3.58	 1	 -42.6102	  172.7737
3.116	 3.19	 2	 -42.8415	  172.4778
3.117	 2.77	 1	 -42.3614	  173.8498
3.117	 2.05	 2	 -42.8258	  172.2875
3.118	 2.22	 1	 -42.1529	  173.5133
3.118	 2.16	 1	 -42.3144	  173.6049
3.118	 2.31	 2	 -42.2444	  174.0334
3.119	 2.20	 1	 -42.7410	  173.3293
3.119	 2.39	 2	 -43.3485	  171.5535
3.119	 2.07	 1	 -42.2020	  173.6413
3.120	 2.19	 2	 -42.2991	  173.8069
3.120	 2.84	 2	 -41.8298	  174.1061
3.121	 2.27	 1	 -41.6786	  174.2665
3.121	 2.32	 2	 -41.6366	  178.1814
3.122	 2.85	 1	 -41.7216	  174.2569
3.122	 2.63	 1	 -43.3136	  172.8673
3.122	 3.12	 1	 -41.3972	  174.1796
3.123	 2.28	 1	 -41.7365	  174.2513
3.123	 2.23	 1	 -42.0408	  173.7104
3.123	 2.34	 1	 -42.5095	  173.7065
3.124	 2.37	 1	 -42.6337	  173.1666
3.124	 2.34	 1	 -42.3041	  174.0028
3.126	 2.13	 1	 -42.5240	  172.7556
3.126	 2.32	 1	 -42.4278	  173.3158
3.126	 2.05	 1	 -42.3490	  173.9047
3.126	 2.37	 1	 -43.1179	  170.5129
3.126	 2.64	 1	 -42.8220	  171.9072
3.127	 3.58	 1	 -42.4928	  173.8054
3.128	 2.27	 1	 -42.9114	  173.2340
3.128	 2.78	 1	 -41.7358	  174.2392
3.128	 2.55	 2	 -42.8261	  172.2583
3.130	 2.19	 2	 -42.7515	  172.2717
3.130	 2.33	 2	 -42.3423	  174.0740
3.131	 2.58	 1	 -42.7374	  172.5144
3.131	 2.39	 1	 -42.4828	  173.6804
3.131	 2.34	 1	 -41.8066	  174.0173
3.131	 2.32	 1	 -42.5455	  174.1111
3.132	 2.10	 2	 -42.7716	  172.3107
3.132	 2.64	 2	 -42.5839	  173.1537
3.133	 2.88	 1	 -42.4413	  171.5710
3.134	 2.21	 2	 -42.7195	  172.2504
3.134	 2.25	 2	 -42.3488	  174.0951
3.134	 2.24	 1	 -41.7516	  173.9727
3.135	 2.77	 1	 -42.3500	  173.7881
3.135	 2.89	 1	 -42.4019	  173.4075
3.136	 2.44	 1	 -41.9572	  174.0942
3.137	 2.56	 1	 -41.7954	  174.2264
3.137	 3.64	 1	 -41.3421	  175.1809
3.138	 2.17	 2	 -42.9103	  172.0920
3.138	 2.30	 2	 -42.8902	  172.5315
3.138	 2.23	 1	 -42.3538	  173.9673
3.138	 2.09	 1	 -41.7086	  174.2444
3.138	 2.25	 2	 -42.7342	  172.1854
3.139	 2.24	 2	 -42.2811	  174.0860
3.139	 2.23	 1	 -41.9388	  173.9963
3.139	 2.81	 1	 -42.3796	  173.8731
3.139	 2.11	 1	 -41.8522	  174.0889
3.140	 3.01	 2	 -42.7090	  172.1998
3.141	 2.24	 1	 -42.2777	  173.4838
3.141	 2.01	 1	 -42.6036	  172.9397
3.141	 2.42	 1	 -41.9700	  173.8010
3.142	 2.09	 1	 -41.9969	  173.6903
3.142	 2.76	 1	 -42.3284	  173.4955
3.142	 2.35	 2	 -42.7477	  172.2470
3.142	 2.15	 1	 -42.5131	  172.9121
3.143	 2.78	 1	 -42.4060	  173.9578
3.143	 3.22	 1	 -42.2483	  173.6223
3.143	 2.17	 1	 -42.4973	  173.2168
3.143	 2.43	 1	 -46.2913	  174.3381
3.144	 2.14	 2	 -42.7565	  172.2734
3.144	 2.22	 2	 -42.7763	  172.3811
3.146	 2.41	 2	 -42.6968	  172.2391
3.148	 2.27	 1	 -41.6617	  174.2729
3.149	 2.18	 1	 -42.0035	  174.0735
3.149	 2.09	 2	 -42.6973	  172.3761
3.150	 2.76	 1	 -42.1899	  173.5841
3.151	 2.38	 2	 -42.7878	  172.2733
3.151	 2.02	 1	 -42.2108	  173.6283
3.151	 2.14	 1	 -41.7062	  174.2859
3.152	 2.97	 1	 -42.4045	  173.4691
3.152	 2.34	 1	 -42.4747	  173.2225
3.152	 2.35	 1	 -41.6852	  174.3503
3.152	 2.02	 1	 -41.8209	  174.0906
3.153	 2.17	 2	 -42.7725	  172.2681
3.153	 2.09	 1	 -42.6133	  172.9769
3.153	 2.89	 1	 -42.0561	  173.7059
3.153	 2.41	 1	 -42.4295	  173.1314
3.154	 2.04	 1	 -42.3652	  173.7937
3.154	 2.21	 2	 -42.8247	  172.0879
3.154	 2.18	 1	 -40.4317	  173.7605
3.155	 3.61	 1	 -42.3474	  173.3729
3.156	 2.56	 1	 -42.2523	  173.6244
3.156	 2.05	 1	 -41.9022	  173.3605
3.156	 2.43	 2	 -41.7834	  174.2865
3.156	 2.16	 1	 -42.5525	  173.3247
3.157	 2.06	 2	 -42.7586	  174.0810
3.157	 2.44	 1	 -42.2755	  174.1401
3.158	 3.19	 1	 -42.5795	  173.2108
3.158	 2.75	 2	 -42.6569	  172.4095
3.159	 2.83	 1	 -42.4625	  173.2880
3.160	 2.14	 1	 -42.5170	  173.8198
3.160	 2.86	 1	 -41.8526	  173.8241
3.161	 2.16	 1	 -42.6875	  172.9388
3.161	 2.91	 2	 -43.0522	  171.5316
3.161	 2.58	 1	 -42.4519	  173.9970
3.162	 2.22	 2	 -42.7147	  172.1178
3.163	 2.83	 1	 -41.8181	  174.1186
3.163	 3.68	 2	 -43.1618	  172.5271
3.164	 2.13	 1	 -41.6361	  174.2776
3.165	 2.95	 1	 -42.1237	  173.7417
3.165	 2.05	 1	 -41.6338	  174.3914
3.165	 2.79	 1	 -41.9382	  174.0232
3.165	 2.46	 2	 -42.5601	  173.1080
3.166	 2.07	 1	 -42.5556	  172.7317
3.166	 2.06	 1	 -41.0820	  174.0052
3.166	 2.85	 1	 -42.6046	  173.0886
3.166	 2.66	 1	 -42.4542	  173.8005
3.166	 2.52	 1	 -41.7044	  174.3253
3.166	 2.29	 2	 -42.5335	  173.1301
3.167	 2.30	 1	 -42.7015	  172.9080
3.168	 2.26	 1	 -42.3816	  173.5307
3.168	 2.36	 2	 -42.7583	  172.1999
3.169	 2.49	 1	 -41.6885	  174.1001
3.170	 2.11	 2	 -42.3360	  173.3552
3.171	 2.06	 1	 -41.5423	  174.1934
3.171	 2.32	 1	 -41.7129	  174.2289
3.172	 2.61	 1	 -41.8403	  173.7590
3.173	 2.12	 2	 -42.7931	  172.2832
3.173	 2.09	 1	 -41.8286	  173.8986
3.173	 2.24	 1	 -42.5389	  173.1745
3.174	 2.53	 1	 -41.6887	  174.3500
3.174	 2.57	 1	 -41.8411	  174.3630
3.174	 2.50	 1	 -42.0921	  173.7916
3.174	 2.57	 1	 -41.6615	  174.2640
3.175	 3.74	 2	 -42.5798	  173.1319
3.175	 2.58	 2	 -42.8034	  172.2262
3.176	 2.36	 2	 -46.2821	  174.3318
3.176	 2.09	 1	 -42.4764	  174.0317
3.178	 2.18	 1	 -42.8978	  172.7733
3.178	 2.50	 1	 -41.6468	  174.1992
3.178	 3.11	 1	 -42.3646	  173.8974
3.179	 2.38	 2	 -43.5930	  172.2655
3.179	 2.38	 1	 -42.4390	  172.7243
3.179	 2.67	 2	 -42.6993	  172.1104
3.179	 2.49	 2	 -41.8141	  173.7284
3.180	 2.11	 1	 -41.9615	  173.7029
3.180	 3.10	 2	 -42.7301	  172.2355
3.181	 2.72	 1	 -42.4906	  173.0328
3.181	 2.26	 1	 -42.5807	  173.1302
3.181	 2.84	 1	 -41.9955	  173.7037
3.181	 2.05	 1	 -42.2364	  173.8669
3.181	 3.20	 1	 -41.9033	  174.2390
3.182	 2.36	 2	 -42.6772	  172.3450
3.182	 2.12	 2	 -42.7072	  172.2780
3.183	 2.13	 1	 -41.7296	  174.2969
3.183	 3.16	 1	 -42.1997	  173.7459
3.184	 2.00	 1	 -42.2446	  173.5362
3.185	 2.29	 2	 -42.2234	  174.2809
3.185	 2.75	 1	 -42.3057	  173.7600
3.185	 2.64	 2	 -42.7904	  172.1972
3.185	 2.22	 1	 -42.6189	  172.8723
3.186	 3.23	 1	 -42.3121	  173.8663
3.186	 2.60	 1	 -41.7628	  174.2302
3.186	 2.06	 2	 -41.9321	  173.8089
3.187	 2.44	 1	 -42.0509	  174.5764
3.187	 2.25	 2	 -42.5818	  173.1240
3.188	 2.31	 1	 -41.7899	  174.2011
3.188	 2.43	 1	 -42.7630	  172.9284
3.189	 2.36	 2	 -42.7848	  172.2532
3.189	 2.03	 2	 -42.7519	  172.2803
3.189	 2.42	 1	 -42.2479	  173.6407
3.191	 2.43	 1	 -42.4142	  172.5853
3.191	 2.74	 2	 -42.8362	  172.2811
3.191	 2.19	 1	 -42.6661	  172.9989
3.191	 2.18	 1	 -42.1516	  173.6197
3.193	 2.67	 1	 -41.6441	  174.2163
3.193	 2.19	 2	 -42.8070	  172.2407
3.196	 2.34	 1	 -41.9228	  174.2139
3.196	 2.40	 1	 -42.9540	  173.3600
3.196	 2.53	 1	 -42.9130	  173.6424
3.196	 2.04	 1	 -41.6745	  174.3236
3.197	 3.10	 1	 -42.5803	  174.0486
3.197	 2.70	 1	 -41.6646	  174.1583
3.197	 3.19	 1	 -41.8251	  174.2193
3.198	 3.48	 1	 -41.7638	  176.4607
3.199	 2.18	 1	 -42.7483	  173.1322
3.201	 2.32	 1	 -41.9606	  173.7493
3.201	 2.19	 1	 -42.3116	  173.9977
3.202	 2.54	 1	 -42.4653	  173.8722
3.202	 2.44	 1	 -42.1939	  173.8068
3.202	 2.15	 1	 -42.4893	  173.1611
3.203	 2.33	 2	 -42.8149	  172.3562
3.203	 2.57	 1	 -42.6543	  173.2166
3.203	 2.42	 2	 -42.7726	  172.2815
3.203	 2.41	 1	 -42.6478	  172.9822
3.204	 2.63	 1	 -42.2668	  173.4980
3.204	 2.41	 1	 -42.5533	  172.9966
3.205	 2.85	 2	 -42.6053	  173.0900
3.206	 2.24	 1	 -41.7452	  174.2285
3.206	 2.07	 2	 -42.3329	  174.0236
3.206	 2.32	 2	 -42.7376	  172.2902
3.206	 2.10	 2	 -42.7037	  172.1698
3.208	 2.39	 2	 -42.3000	  174.0009
3.209	 2.28	 1	 -42.0232	  174.1772
3.209	 2.04	 1	 -41.8553	  173.9457
3.209	 2.57	 1	 -41.7458	  174.2625
3.210	 2.07	 1	 -42.3179	  174.0204
3.211	 2.30	 2	 -42.7934	  172.2495
3.211	 3.12	 1	 -41.6613	  174.4843
3.211	 2.07	 1	 -41.5375	  174.3042
3.212	 2.47	 1	 -42.3349	  174.0631
3.213	 2.31	 1	 -42.4220	  173.7889
3.213	 2.21	 2	 -42.2645	  173.9995
3.213	 2.28	 1	 -41.6805	  174.1625
3.214	 2.02	 2	 -42.8551	  173.4844
3.214	 2.01	 1	 -41.8340	  174.2054
3.216	 2.19	 1	 -42.1137	  173.2111
3.217	 2.22	 1	 -42.6334	  173.3442
3.217	 2.39	 1	 -42.5802	  172.8382
3.217	 2.78	 3	 -42.6090	  173.0919
3.217	 2.16	 1	 -42.6109	  173.0972
3.218	 2.37	 1	 -41.9558	  173.8057
3.218	 2.66	 1	 -41.6882	  174.0486
3.220	 2.16	 1	 -42.5708	  173.0340
3.221	 2.24	 1	 -45.2780	  168.0168
3.222	 2.31	 1	 -41.9168	  174.3549
3.222	 2.18	 1	 -41.7738	  174.2689
3.223	 2.34	 1	 -42.3796	  172.8243
3.224	 2.01	 2	 -43.1609	  173.1972
3.226	 2.30	 1	 -41.7804	  173.8656
3.227	 2.15	 1	 -42.5325	  173.0579
3.229	 2.49	 1	 -42.2725	  173.3662
3.229	 2.14	 1	 -41.8221	  174.2330
3.230	 2.51	 1	 -41.8039	  174.2866
3.230	 2.17	 1	 -41.8454	  174.2148
3.231	 3.55	 2	 -41.7922	  175.3740
3.231	 2.05	 1	 -42.2058	  173.9784
3.232	 2.38	 1	 -41.6881	  174.3555
3.233	 2.34	 1	 -41.6996	  174.2205
3.233	 2.50	 1	 -42.6438	  173.0034
3.234	 2.23	 1	 -42.3978	  173.2867
3.235	 2.51	 1	 -40.1495	  174.5276
3.235	 2.20	 2	 -42.7727	  172.2582
3.235	 2.24	 1	 -42.4037	  171.7328
3.236	 2.82	 2	 -41.3500	  175.1811
3.236	 2.02	 1	 -42.2615	  173.5532
3.236	 2.02	 1	 -42.1404	  173.7850
3.237	 3.38	 1	 -42.5455	  173.1347
3.237	 2.28	 1	 -41.7136	  174.2728
3.237	 2.33	 2	 -42.7819	  172.2477
3.237	 2.02	 2	 -42.7937	  172.2040
3.238	 2.25	 1	 -41.9078	  174.0149
3.239	 4.65	 1	 -41.8121	  174.3947
3.239	 2.46	 2	 -42.8164	  172.2932
3.239	 2.53	 1	 -42.2262	  173.6858
3.241	 2.21	 1	 -41.9001	  174.2308
3.241	 2.57	 1	 -42.0643	  173.6933
3.241	 2.46	 2	 -42.6453	  172.0873
3.241	 2.07	 2	 -42.2580	  173.8213
3.242	 2.37	 1	 -42.2590	  173.6797
3.242	 2.07	 1	 -41.6221	  174.2109
3.243	 2.48	 1	 -43.5682	  171.6538
3.243	 2.74	 1	 -42.0214	  173.9408
3.243	 2.12	 1	 -41.8001	  174.0429
3.244	 2.29	 1	 -41.7065	  174.3309
3.245	 2.41	 1	 -41.9967	  173.6688
3.245	 2.12	 1	 -42.0441	  173.7701
3.246	 2.10	 1	 -42.5671	  173.1997
3.246	 2.06	 1	 -42.4498	  174.0338
3.247	 2.05	 1	 -42.4506	  175.8154
3.247	 2.86	 1	 -42.2402	  173.9203
3.247	 3.17	 1	 -42.4088	  173.7221
3.248	 2.03	 2	 -42.7748	  172.0158
3.248	 2.28	 1	 -42.3078	  173.7968
3.249	 2.49	 1	 -41.5868	  174.0410
3.251	 2.22	 1	 -42.3634	  174.0298
3.252	 2.11	 1	 -42.1515	  173.8722
3.252	 2.37	 1	 -42.2901	  173.8710
3.252	 2.01	 1	 -42.3616	  173.7951
3.253	 2.12	 2	 -42.8724	  172.1725
3.253	 3.13	 1	 -42.6172	  173.1937
3.255	 2.27	 1	 -42.0129	  173.7391
3.257	 3.70	 1	 -41.8364	  174.2713
3.257	 2.21	 2	 -42.0455	  174.5015
3.257	 2.43	 2	 -42.8198	  172.2391
3.257	 3.12	 1	 -42.3120	  173.8549
3.259	 3.13	 1	 -41.8912	  173.7027
3.259	 2.13	 2	 -41.8333	  174.2643
3.260	 2.17	 2	 -42.7105	  172.5002
3.260	 2.01	 1	 -42.4006	  174.0317
3.260	 2.04	 2	 -42.9716	  173.2955
3.261	 3.22	 2	 -43.1407	  171.1031
3.261	 2.56	 2	 -40.9189	  173.7162
3.263	 2.33	 1	 -43.7504	  174.1816
3.263	 2.22	 1	 -42.5957	  172.8445
3.263	 2.37	 2	 -42.8575	  172.2144
3.263	 2.27	 2	 -42.6042	  173.0802
3.263	 2.04	 1	 -42.0104	  173.7157
3.263	 2.03	 1	 -41.7719	  174.2358
3.264	 2.25	 2	 -41.7827	  174.3742
3.264	 2.36	 1	 -42.3011	  173.9763
3.264	 2.59	 1	 -42.2832	  173.8484
3.265	 3.44	 1	 -42.3837	  173.9579
3.265	 3.03	 1	 -42.2095	  173.6591
3.267	 2.21	 1	 -42.4326	  173.4188
3.267	 2.60	 1	 -41.9549	  173.7026
3.268	 2.34	 1	 -42.3442	  173.7838
3.268	 3.36	 1	 -42.4808	  173.4050
3.269	 2.38	 2	 -41.9999	  173.7113
3.269	 2.86	 1	 -42.3377	  173.5978
3.269	 2.03	 1	 -42.3233	  173.8606
3.269	 2.11	 2	 -42.7940	  172.4109
3.269	 3.28	 1	 -41.7019	  174.3442
3.270	 2.06	 1	 -41.7260	  174.2666
3.271	 2.20	 2	 -42.6399	  171.4821
3.271	 2.81	 1	 -42.0408	  173.8579
3.271	 2.00	 1	 -42.3882	  173.8114
3.272	 2.39	 2	 -42.8051	  172.1901
3.274	 2.02	 1	 -42.0218	  174.0020
3.275	 2.90	 1	 -42.3074	  173.6352
3.275	 3.22	 1	 -41.7128	  174.1680
3.276	 2.69	 1	 -42.4346	  172.9692
3.277	 2.60	 1	 -42.5032	  173.8805
3.277	 2.52	 2	 -42.2682	  174.0273
3.277	 2.31	 1	 -42.5169	  173.2275
3.277	 2.32	 1	 -42.5165	  173.1093
3.277	 2.46	 1	 -41.7675	  174.2538
3.278	 3.08	 2	 -42.7362	  172.3734
3.278	 2.45	 1	 -42.8193	  173.1259
3.280	 2.59	 1	 -42.2802	  173.6418
3.280	 2.03	 1	 -42.2861	  173.7783
3.280	 2.28	 1	 -42.4061	  173.6322
3.280	 2.69	 1	 -42.2353	  173.7140
3.280	 2.30	 1	 -41.6666	  174.2428
3.283	 2.14	 1	 -42.2781	  173.8143
3.283	 2.70	 1	 -41.6472	  174.1676
3.284	 3.16	 2	 -42.7429	  172.1295
3.284	 2.53	 1	 -42.5660	  173.5362
3.284	 2.11	 1	 -41.7062	  174.1482
3.285	 4.15	 1	 -42.4279	  173.1113
3.285	 2.32	 1	 -41.6657	  174.3373
3.286	 2.54	 1	 -41.7800	  174.2385
3.286	 2.14	 2	 -42.8121	  172.2054
3.287	 2.05	 2	 -43.2964	  170.0789
3.290	 2.75	 1	 -43.0720	  174.5200
3.290	 2.57	 1	 -42.1749	  172.6194
3.290	 2.08	 2	 -41.7767	  174.0849
3.291	 2.08	 1	 -42.4286	  173.0783
3.292	 3.42	 1	 -42.2731	  173.7354
3.293	 2.02	 2	 -42.7542	  172.2558
3.294	 3.08	 1	 -42.2191	  173.5285
3.294	 2.50	 1	 -42.6208	  173.0896
3.295	 3.70	 1	 -42.3597	  173.5007
3.296	 2.24	 1	 -42.4765	  173.8197
3.296	 2.10	 1	 -41.7321	  174.2700
3.296	 3.50	 1	 -42.7769	  172.9293
3.299	 2.06	 1	 -41.8717	  174.1168
3.299	 2.72	 1	 -42.5600	  173.8806
3.299	 2.22	 1	 -42.2815	  173.9876
3.299	 2.47	 1	 -42.5269	  173.9302
3.299	 2.14	 1	 -42.2526	  173.3607
3.299	 2.08	 2	 -43.0052	  171.8811
3.299	 2.23	 2	 -42.8612	  172.1898
3.300	 2.69	 1	 -42.7519	  174.0550
3.300	 2.04	 2	 -42.6168	  174.1229
3.300	 2.10	 1	 -42.6073	  173.2410
3.301	 2.41	 1	 -41.6726	  174.2761
3.301	 2.01	 2	 -41.7128	  174.1713
3.301	 2.44	 1	 -43.0160	  173.1587
3.301	 2.68	 1	 -42.0002	  173.8893
3.301	 2.29	 1	 -41.6624	  174.3077
3.301	 2.14	 1	 -41.8049	  174.2276
3.301	 2.17	 1	 -42.5191	  173.0024
3.302	 2.44	 2	 -42.5686	  172.2650
3.302	 2.36	 1	 -41.9801	  174.4850
3.302	 2.77	 1	 -41.9072	  174.0076
3.302	 2.09	 1	 -42.1278	  173.5045
3.303	 2.83	 2	 -42.4703	  172.1145
3.303	 2.49	 2	 -41.9049	  174.5586
3.303	 2.42	 1	 -42.7710	  171.6206
3.305	 2.77	 2	 -42.1629	  174.6169
3.305	 2.13	 1	 -42.1244	  173.8538
3.305	 2.37	 1	 -42.5401	  173.0701
3.305	 2.16	 1	 -41.6202	  174.2093
3.306	 2.77	 2	 -42.3442	  173.7836
3.306	 2.62	 1	 -42.1680	  173.6825
3.306	 2.02	 1	 -43.4447	  179.2073
3.308	 2.54	 1	 -42.5832	  172.8819
3.308	 2.15	 1	 -41.6670	  174.2974
3.309	 2.59	 1	 -41.8197	  174.3891
3.310	 2.04	 1	 -42.4196	  173.2705
3.310	 2.95	 1	 -42.3594	  174.0419
3.310	 2.17	 1	 -42.3864	  172.6879
3.310	 2.89	 1	 -41.6874	  174.2807
3.310	 2.58	 1	 -42.1945	  173.2643
3.310	 2.05	 1	 -42.2791	  174.1967
3.311	 2.68	 2	 -41.7186	  174.3285
3.311	 2.18	 1	 -41.6933	  174.2696
3.312	 2.03	 1	 -41.7350	  174.3633
3.313	 2.54	 1	 -41.7822	  174.2815
3.313	 2.34	 2	 -42.7244	  172.3196
3.314	 2.87	 1	 -42.3795	  173.4238
3.314	 2.09	 1	 -41.6787	  172.5159
3.316	 2.33	 1	 -42.4176	  173.3466
3.316	 2.00	 1	 -41.7018	  174.3357
3.316	 2.27	 1	 -42.4105	  173.8418
3.317	 2.54	 1	 -42.2198	  173.6067
3.317	 2.20	 2	 -42.9465	  172.5119
3.318	 2.12	 1	 -42.3194	  173.2213
3.318	 2.12	 1	 -42.2883	  173.5049
3.318	 2.02	 1	 -41.7161	  174.1983
3.319	 2.77	 1	 -42.3742	  173.6980
3.319	 2.39	 1	 -41.8852	  172.9859
3.319	 2.15	 2	 -41.5733	  174.0256
3.321	 2.05	 1	 -42.5801	  172.2022
3.321	 2.10	 2	 -42.3039	  173.7056
3.322	 2.17	 1	 -41.6872	  174.4404
3.322	 2.13	 2	 -41.7121	  174.4531
3.322	 2.38	 1	 -42.2574	  173.6738
3.323	 2.11	 1	 -42.0890	  173.2570
3.324	 2.33	 1	 -41.7598	  174.1565
3.324	 2.50	 1	 -42.4936	  173.8758
3.324	 2.56	 2	 -42.7962	  172.3161
3.325	 2.32	 1	 -42.1194	  172.9393
3.325	 2.67	 1	 -42.6509	  172.8894
3.325	 2.34	 2	 -41.8031	  174.3811
3.326	 2.74	 1	 -42.3889	  173.2695
3.327	 2.01	 1	 -42.2626	  173.1881
3.328	 3.23	 1	 -42.1051	  173.8831
3.328	 2.93	 1	 -41.7853	  174.3434
3.328	 2.10	 1	 -41.8075	  174.4565
3.329	 2.33	 1	 -41.6827	  174.2428
3.329	 2.55	 1	 -41.7114	  174.4341
3.330	 2.08	 2	 -42.3910	  174.1373
3.330	 2.26	 2	 -41.6591	  174.4793
3.331	 2.06	 2	 -42.6045	  172.5737
3.332	 2.92	 1	 -42.3481	  173.6550
3.332	 2.12	 2	 -42.2296	  173.4683
3.333	 3.31	 1	 -42.2539	  173.6482
3.333	 2.78	 1	 -42.7743	  172.5815
3.334	 2.18	 1	 -42.3548	  173.8275
3.334	 2.13	 2	 -42.5788	  173.2113
3.337	 2.37	 1	 -41.7764	  174.4530
3.337	 2.06	 1	 -42.2900	  173.7166
3.337	 2.08	 1	 -42.4524	  174.1323
3.338	 2.04	 1	 -42.4121	  173.3225
3.339	 2.93	 1	 -41.6954	  174.3001
3.340	 2.82	 1	 -42.0727	  173.5562
3.340	 2.38	 1	 -41.6997	  174.2182
3.341	 2.20	 1	 -42.3378	  173.3551
3.342	 2.27	 1	 -42.3388	  173.8533
3.342	 3.88	 1	 -42.0661	  173.6673
3.344	 2.15	 1	 -42.4105	  173.7414
3.344	 2.59	 1	 -41.6824	  174.3278
3.345	 2.46	 1	 -42.6450	  172.6854
3.345	 2.47	 2	 -43.2240	  172.2410
3.347	 2.08	 1	 -42.1487	  173.7981
3.349	 2.13	 1	 -41.6463	  174.4380
3.349	 2.12	 1	 -42.7930	  173.0755
3.349	 2.11	 1	 -42.3086	  173.9789
3.350	 2.40	 2	 -42.2470	  173.6441
3.350	 2.32	 2	 -42.2835	  172.7822
3.351	 2.02	 1	 -42.4203	  173.9349
3.351	 2.05	 2	 -43.0097	  172.4703
3.352	 2.16	 1	 -42.8851	  173.8834
3.352	 2.01	 1	 -41.6292	  174.4128
3.353	 2.20	 1	 -42.4582	  173.0610
3.353	 2.19	 2	 -42.3290	  173.7942
3.353	 3.01	 1	 -40.6999	  179.6642
3.354	 3.23	 2	 -42.2822	  174.0083
3.354	 2.22	 1	 -41.8448	  173.9942
3.355	 2.20	 1	 -42.4000	  173.8987
3.355	 2.10	 1	 -42.3955	  173.0948
3.355	 3.39	 1	 -43.0524	  172.2292
3.357	 2.53	 1	 -42.1602	  173.7229
3.357	 2.78	 1	 -42.2255	  173.9880
3.358	 2.10	 1	 -41.7153	  174.2617
3.358	 2.08	 3	 -42.2452	  173.9878
3.358	 2.11	 2	 -43.0561	  172.2014
3.360	 2.05	 1	 -41.9932	  173.6633
3.360	 2.38	 1	 -41.7076	  174.2833
3.361	 2.28	 1	 -41.7974	  174.4579
3.361	 2.80	 1	 -42.4050	  173.7224
3.363	 2.48	 1	 -41.4692	  173.7775
3.364	 2.13	 1	 -41.5208	  172.7426
3.365	 2.05	 1	 -42.5214	  173.3987
3.366	 2.11	 1	 -42.4218	  173.4994
3.366	 2.78	 1	 -42.2596	  173.7477
3.367	 2.24	 1	 -42.3005	  173.8353
3.367	 2.29	 1	 -42.4955	  173.2424
3.367	 2.23	 2	 -42.8328	  172.2454
3.367	 2.05	 1	 -42.4141	  174.0684
3.368	 2.06	 1	 -41.7987	  172.9246
3.368	 2.11	 2	 -42.8620	  172.2499
3.368	 2.04	 1	 -41.8930	  173.9325
3.369	 2.04	 1	 -41.6097	  174.4392
3.369	 2.87	 1	 -42.5986	  173.1750
3.372	 2.11	 1	 -42.4993	  173.7324
3.375	 2.39	 1	 -41.6824	  174.2950
3.375	 3.91	 1	 -41.8218	  174.2819
3.376	 2.91	 1	 -42.7488	  173.4340
3.376	 3.06	 1	 -42.3266	  173.7314
3.376	 2.18	 1	 -41.6912	  174.1780
3.376	 3.15	 1	 -42.5140	  173.2955
3.377	 3.18	 1	 -42.4353	  173.7621
3.377	 2.58	 1	 -42.3367	  173.5078
3.377	 2.51	 1	 -41.7186	  174.2725
3.377	 2.26	 1	 -42.1025	  173.5783
3.377	 2.92	 1	 -42.6782	  173.1958
3.377	 2.38	 1	 -42.0954	  173.6096
3.378	 2.21	 2	 -42.7731	  172.2770
3.378	 2.03	 1	 -42.2471	  173.7431
3.379	 2.20	 1	 -41.6324	  174.0928
3.379	 2.27	 1	 -42.7267	  173.6191
3.380	 2.65	 1	 -41.7219	  174.2978
3.380	 2.12	 1	 -41.8020	  174.0425
3.381	 2.18	 1	 -42.4118	  173.6884
3.382	 2.01	 1	 -42.2520	  173.8708
3.382	 2.15	 1	 -42.3795	  173.6617
3.383	 2.09	 1	 -42.7984	  173.8634
3.383	 2.49	 1	 -41.7890	  174.4868
3.384	 2.60	 1	 -42.4713	  173.3479
3.384	 2.37	 1	 -41.6759	  174.2206
3.385	 2.22	 2	 -42.2895	  174.0978
3.386	 2.11	 2	 -42.7013	  172.1437
3.386	 2.23	 1	 -41.7731	  174.2499
3.386	 2.39	 2	 -42.7434	  172.2241
3.386	 2.12	 1	 -42.1376	  173.5746
3.386	 2.07	 1	 -42.4499	  173.5857
3.386	 2.04	 1	 -41.6985	  173.7421
3.387	 2.02	 1	 -42.2369	  174.4697
3.387	 2.39	 1	 -42.5857	  173.6842
3.387	 3.57	 1	 -42.4161	  173.7627
3.389	 2.40	 1	 -42.2610	  173.7712
3.389	 2.64	 1	 -42.4861	  172.7942
3.389	 2.68	 1	 -42.1269	  173.8527
3.391	 2.36	 1	 -42.2571	  173.6202
3.393	 2.09	 1	 -41.8101	  174.2128
3.394	 2.72	 3	 -42.6084	  173.0998
3.394	 2.32	 2	 -41.8255	  174.2933
3.395	 2.29	 1	 -41.9386	  174.3235
3.395	 2.19	 2	 -41.8121	  174.3747
3.398	 2.33	 1	 -41.6895	  174.3382
3.399	 2.49	 2	 -42.9361	  172.1861
3.400	 2.01	 2	 -41.8202	  174.3711
3.400	 2.08	 1	 -42.4030	  172.9944
3.401	 3.09	 1	 -42.5274	  173.4994
3.402	 2.11	 1	 -42.1951	  173.7877
3.403	 2.32	 2	 -41.7664	  174.2823
3.404	 2.26	 1	 -42.8457	  172.9266
3.405	 2.32	 1	 -42.4452	  173.1387
3.405	 3.24	 1	 -40.8228	  174.8266
3.405	 2.25	 1	 -41.6261	  174.3850
3.405	 2.52	 1	 -41.6736	  174.2339
3.406	 4.06	 1	 -41.9529	  173.7088
3.406	 2.13	 1	 -42.3671	  174.0277
3.406	 2.09	 2	 -41.5466	  172.7026
3.407	 2.97	 1	 -41.7275	  174.2685
3.407	 2.91	 1	 -42.4984	  172.9942
3.408	 2.05	 2	 -42.8478	  172.2120
3.408	 2.69	 1	 -42.3957	  173.2569
3.409	 2.07	 1	 -41.7138	  174.2553
3.410	 2.11	 1	 -41.6747	  174.2478
3.411	 2.52	 2	 -42.3267	  174.0262
3.411	 2.31	 2	 -42.2877	  174.0453
3.411	 2.04	 1	 -41.7065	  174.2711
3.411	 2.12	 2	 -41.8149	  174.3782
3.413	 2.45	 1	 -41.7099	  174.2649
3.413	 2.05	 1	 -41.6256	  174.3557
3.413	 2.38	 2	 -42.2737	  173.9363
3.414	 2.46	 1	 -42.4286	  173.4342
3.414	 2.42	 1	 -42.6189	  173.0893
3.414	 2.74	 1	 -41.8069	  173.7750
3.415	 2.29	 1	 -42.7224	  173.9865
3.415	 2.21	 1	 -42.4653	  173.1290
3.421	 2.02	 2	 -41.0482	  171.1849
3.421	 2.25	 1	 -42.4219	  172.6732
3.421	 2.62	 1	 -42.5276	  173.2695
3.421	 2.28	 1	 -43.0351	  173.6400
3.421	 2.14	 1	 -42.4437	  173.8138
3.421	 2.61	 1	 -41.6944	  174.2263
3.421	 2.03	 2	 -42.2304	  174.1459
3.423	 2.30	 1	 -42.5293	  173.1939
3.423	 2.56	 1	 -41.7003	  174.3557
3.423	 2.31	 1	 -42.2845	  173.6727
3.424	 2.93	 1	 -43.0877	  172.2452
3.424	 2.24	 1	 -42.7276	  172.8280
3.425	 2.58	 1	 -42.7166	  172.7446
3.425	 2.37	 2	 -42.8436	  172.4214
3.425	 2.58	 1	 -41.8491	  174.0070
3.426	 3.16	 1	 -41.9987	  171.8498
3.426	 2.33	 1	 -41.6693	  174.4347
3.426	 2.04	 1	 -42.5059	  173.0051
3.426	 2.15	 2	 -42.7195	  172.3497
3.426	 2.57	 2	 -42.8628	  172.0597
3.427	 2.38	 2	 -42.3782	  172.5671
3.427	 2.07	 1	 -42.1684	  173.5985
3.428	 2.56	 1	 -42.5381	  173.5574
3.428	 2.51	 1	 -42.3147	  172.9913
3.428	 3.17	 1	 -42.3454	  173.7730
3.429	 2.69	 1	 -41.9505	  173.8466
3.429	 3.01	 2	 -42.5549	  173.0916
3.430	 2.70	 1	 -41.9437	  174.2398
3.430	 2.08	 1	 -42.1795	  173.8460
3.431	 2.01	 1	 -41.9709	  173.9130
3.431	 2.11	 1	 -42.4517	  173.5736
3.432	 2.08	 1	 -42.3146	  173.4833
3.432	 3.63	 1	 -42.0014	  175.3213
3.432	 2.02	 1	 -41.6493	  174.4352
3.432	 2.88	 1	 -41.6079	  174.2082
3.432	 2.68	 1	 -42.5219	  173.1300
3.432	 2.72	 1	 -41.6747	  174.2548
3.432	 2.18	 1	 -42.5274	  173.3007
3.434	 2.68	 2	 -41.7328	  174.2512
3.435	 2.08	 1	 -42.4747	  173.1945
3.435	 2.31	 1	 -42.7008	  172.8973
3.436	 2.17	 2	 -41.6954	  174.3455
3.437	 2.17	 1	 -41.6509	  174.2370
3.437	 4.49	 1	 -41.7436	  174.2499
3.438	 2.61	 1	 -42.3317	  174.1350
3.440	 2.20	 1	 -42.4175	  173.1759
3.440	 2.92	 1	 -42.1667	  173.7371
3.441	 2.03	 1	 -42.3807	  173.3063
3.442	 2.08	 1	 -42.4411	  173.7787
3.442	 2.60	 1	 -42.6026	  172.9370
3.442	 2.20	 2	 -42.1484	  174.0411
3.443	 2.74	 1	 -42.8318	  173.2941
3.445	 2.23	 1	 -41.7150	  174.3614
3.447	 2.89	 1	 -41.7107	  174.2041
3.447	 2.51	 2	 -42.4959	  173.3642
3.448	 3.44	 1	 -42.3153	  173.9334
3.448	 2.25	 1	 -41.7372	  174.2715
3.448	 3.40	 1	 -42.4292	  173.0860
3.449	 2.01	 1	 -42.5218	  173.0661
3.450	 3.78	 1	 -41.6648	  174.2141
3.452	 2.03	 2	 -41.9800	  173.7760
3.452	 2.55	 1	 -42.1620	  173.6210
3.453	 3.88	 1	 -42.0517	  173.6119
3.456	 3.08	 1	 -41.8711	  173.9576
3.456	 2.17	 1	 -41.7331	  174.2077
3.458	 2.22	 2	 -42.3159	  173.9960
3.458	 2.55	 1	 -41.8935	  173.6564
3.458	 2.03	 1	 -42.3485	  172.9863
3.458	 3.86	 1	 -42.4758	  172.9996
3.459	 2.33	 1	 -42.7895	  172.5241
3.460	 2.20	 2	 -43.1531	  171.9609
3.460	 2.19	 2	 -41.7438	  174.6488
3.461	 2.04	 1	 -41.8714	  172.9247
3.461	 2.25	 1	 -41.7697	  174.2170
3.462	 2.26	 1	 -42.0599	  173.6462
3.463	 2.17	 1	 -42.3182	  173.7724
3.463	 3.58	 1	 -41.8756	  173.6288
3.463	 2.14	 1	 -42.1090	  173.7388
3.463	 2.39	 1	 -41.7190	  173.2432
3.463	 2.02	 1	 -42.3156	  173.8786
3.464	 2.27	 1	 -42.2214	  173.7751
3.465	 2.00	 1	 -41.6947	  174.1881
3.465	 2.02	 1	 -42.2061	  173.5457
3.467	 2.44	 1	 -42.5208	  174.1033
3.468	 2.07	 1	 -42.3021	  173.8996
3.468	 2.54	 2	 -42.6508	  173.0922
3.469	 2.00	 1	 -42.8246	  172.9542
3.470	 3.12	 2	 -42.8196	  172.2148
3.470	 2.73	 1	 -42.7038	  172.9566
3.470	 2.39	 1	 -41.7411	  174.2721
3.470	 2.62	 1	 -41.8210	  174.2350
3.470	 2.08	 1	 -41.9795	  173.8352
3.470	 3.03	 1	 -41.8139	  174.2093
3.471	 2.25	 2	 -42.0723	  173.9326
3.471	 2.61	 1	 -40.0266	  168.0955
3.471	 2.05	 1	 -43.0350	  173.6182
3.472	 2.49	 1	 -42.6325	  173.0198
3.472	 2.55	 1	 -42.1935	  173.5950
3.472	 2.43	 2	 -42.8631	  172.2138
3.473	 2.82	 2	 -42.7691	  172.3157
3.473	 3.88	 1	 -42.4478	  173.2152
3.473	 2.06	 1	 -42.1611	  173.6353
3.473	 2.84	 2	 -42.6569	  172.9669
3.474	 2.32	 1	 -41.7015	  174.3363
3.474	 2.16	 1	 -42.4418	  173.8597
3.474	 2.22	 1	 -42.9430	  173.2769
3.474	 2.71	 1	 -42.3048	  173.7175
3.475	 2.02	 1	 -41.8490	  174.1259
3.475	 2.87	 1	 -42.5548	  173.2910
3.476	 2.48	 1	 -42.3349	  173.7335
3.477	 2.57	 1	 -42.3028	  175.0543
3.478	 2.08	 2	 -42.8342	  172.2104
3.479	 2.34	 1	 -42.3871	  173.0257
3.479	 2.17	 2	 -42.2857	  173.7289
3.479	 2.20	 1	 -41.8297	  174.1561
3.480	 2.28	 1	 -41.7519	  173.4606
3.480	 2.37	 1	 -42.2239	  173.7756
3.480	 2.00	 1	 -42.9800	  173.0555
3.481	 2.24	 2	 -41.7560	  176.4889
3.482	 2.10	 1	 -42.4756	  173.3993
3.482	 2.03	 1	 -41.6200	  174.4020
3.482	 2.12	 1	 -41.7757	  174.3340
3.483	 2.00	 1	 -42.4989	  173.1892
3.483	 2.02	 1	 -42.4653	  173.9971
3.483	 2.41	 2	 -42.7960	  172.1877
3.483	 2.05	 1	 -41.7621	  173.8024
3.484	 3.24	 1	 -42.3108	  173.9139
3.484	 2.60	 1	 -42.3893	  173.0089
3.485	 2.23	 1	 -42.1742	  173.4582
3.485	 2.31	 1	 -41.7035	  174.1498
3.486	 3.60	 1	 -42.0519	  173.4129
3.487	 2.64	 1	 -41.5962	  174.2244
3.488	 2.84	 1	 -41.6099	  174.1971
3.488	 2.39	 2	 -42.6574	  172.2691
3.489	 2.72	 1	 -42.2643	  173.5146
3.489	 2.08	 1	 -42.5738	  173.1976
3.489	 2.19	 2	 -41.7170	  174.2643
3.490	 2.26	 1	 -41.8778	  175.2317
3.491	 3.27	 1	 -42.0174	  172.6007
3.492	 2.12	 1	 -41.9742	  173.5351
3.492	 2.40	 2	 -42.7420	  173.4420
3.492	 2.37	 1	 -42.2976	  173.7829
3.493	 3.78	 1	 -43.9116	  173.5591
3.495	 2.67	 1	 -41.6791	  174.2467
3.495	 3.32	 1	 -42.6135	  173.3315
3.496	 2.50	 1	 -42.5353	  173.0253
3.496	 2.23	 2	 -41.5051	  174.3731
3.496	 3.80	 1	 -42.2764	  173.6358
3.498	 2.05	 1	 -42.3326	  173.7357
3.498	 2.03	 1	 -41.7842	  174.2317
3.498	 2.95	 2	 -41.6365	  174.1990
3.499	 2.54	 1	 -42.4465	  173.5127
3.500	 2.05	 1	 -42.7668	  173.2386
3.500	 2.34	 1	 -41.7489	  174.3466
3.501	 2.07	 1	 -42.0060	  173.7228
3.501	 2.01	 1	 -42.6507	  173.0052
3.501	 2.47	 1	 -42.3812	  173.2096
3.502	 2.46	 1	 -42.2606	  173.8017
3.503	 2.12	 1	 -41.8047	  174.0896
3.503	 2.12	 1	 -42.2781	  173.2204
3.503	 2.45	 1	 -42.1800	  173.5253
3.505	 2.92	 1	 -41.5698	  173.9594
3.505	 3.32	 1	 -41.5339	  173.4669
3.506	 2.91	 1	 -42.5351	  173.0927
3.507	 3.05	 1	 -41.9067	  173.5775
3.507	 2.71	 1	 -41.8550	  174.1582
3.507	 2.20	 2	 -41.8044	  174.4014
3.509	 2.45	 1	 -42.1461	  173.8433
3.509	 2.72	 1	 -42.8387	  172.4849
3.509	 2.26	 1	 -42.2224	  173.6480
3.510	 2.56	 1	 -41.8298	  174.2634
3.510	 2.19	 1	 -42.3617	  172.0626
3.511	 2.03	 1	 -42.9580	  172.2694
3.511	 2.69	 1	 -42.6967	  172.7462
3.511	 2.56	 1	 -40.9964	  174.0256
3.513	 2.88	 2	 -42.8277	  173.2915
3.515	 4.01	 1	 -42.0060	  174.1025
3.516	 2.05	 1	 -42.5644	  173.2044
3.516	 2.24	 1	 -41.5047	  174.2677
3.516	 3.38	 1	 -41.7215	  174.1410
3.516	 3.49	 1	 -41.7182	  174.1853
3.516	 2.53	 1	 -42.4519	  173.7287
3.517	 2.50	 1	 -41.7264	  174.2799
3.517	 2.00	 1	 -41.8898	  174.2688
3.518	 2.62	 1	 -41.7445	  174.3445
3.518	 2.08	 1	 -42.4125	  173.3239
3.519	 2.08	 1	 -42.6497	  172.7490
3.519	 2.52	 1	 -42.4661	  173.1655
3.520	 2.07	 1	 -41.6639	  174.2178
3.521	 2.18	 1	 -41.9776	  173.8520
3.522	 2.19	 3	 -42.7425	  173.4428
3.522	 2.43	 2	 -42.7360	  172.1614
3.522	 2.40	 1	 -42.3046	  173.7326
3.524	 2.32	 1	 -42.5947	  173.0290
3.525	 2.20	 1	 -42.5043	  173.3565
3.525	 2.11	 1	 -42.6327	  172.9775
3.525	 2.69	 1	 -41.7864	  174.2381
3.525	 2.09	 1	 -41.7624	  174.0874
3.528	 2.20	 1	 -42.8354	  172.7762
3.528	 2.05	 2	 -42.7682	  172.2572
3.529	 2.53	 1	 -42.2901	  173.5819
3.529	 2.47	 1	 -42.3092	  173.9785
3.530	 2.43	 1	 -41.8259	  174.2591
3.532	 2.38	 3	 -41.6412	  174.2033
3.532	 2.47	 2	 -42.8711	  172.1377
3.532	 3.69	 1	 -42.5051	  173.2257
3.532	 2.80	 1	 -42.2432	  173.6937
3.532	 2.17	 1	 -42.7614	  172.3324
3.534	 2.67	 1	 -42.4295	  173.7389
3.534	 3.75	 1	 -41.6874	  174.2186
3.536	 2.02	 1	 -42.3266	  174.0240
3.536	 2.38	 2	 -42.6228	  173.1321
3.536	 2.20	 1	 -42.3751	  173.1451
3.537	 2.81	 1	 -42.5241	  172.1542
3.537	 2.20	 2	 -41.2934	  175.6683
3.538	 2.85	 1	 -41.7215	  174.2235
3.540	 2.01	 1	 -42.4472	  173.7183
3.541	 2.32	 1	 -41.8479	  174.0084
3.542	 2.13	 1	 -42.1613	  173.4630
3.542	 2.39	 1	 -41.8724	  174.7018
3.542	 2.83	 1	 -42.4792	  173.1740
3.542	 2.12	 2	 -42.4147	  173.2133
3.544	 2.34	 1	 -41.6947	  174.2343
3.545	 2.08	 2	 -42.7751	  172.2371
3.547	 2.24	 1	 -42.6818	  172.8488
3.547	 2.24	 1	 -42.6971	  173.1848
3.548	 2.37	 1	 -41.7477	  174.1517
3.548	 2.50	 1	 -42.3222	  174.0253
3.548	 2.02	 1	 -42.5018	  173.5761
3.549	 4.39	 2	 -42.0964	  173.8365
3.549	 2.07	 1	 -42.1987	  173.7124
3.549	 2.39	 1	 -41.9832	  173.8210
3.550	 2.23	 1	 -42.1823	  174.0226
3.551	 2.46	 2	 -42.0231	  175.3185
3.552	 2.50	 2	 -41.6972	  174.3715
3.552	 2.91	 1	 -42.6706	  172.7901
3.553	 2.63	 1	 -41.5963	  174.3225
3.553	 3.02	 1	 -41.9232	  174.0986
3.553	 2.93	 1	 -41.7043	  174.1492
3.554	 3.80	 1	 -42.3865	  173.1645
3.554	 2.34	 1	 -42.5177	  173.7490
3.555	 2.04	 1	 -41.9915	  173.6494
3.555	 2.33	 1	 -41.7009	  174.2076
3.555	 2.16	 1	 -42.0007	  173.6702
3.556	 2.01	 2	 -41.7916	  174.2834
3.556	 2.23	 1	 -42.3108	  173.8073
3.556	 2.55	 1	 -42.3638	  173.9742
3.556	 2.13	 1	 -42.0757	  173.7554
3.557	 2.44	 2	 -41.7740	  173.7951
3.557	 2.71	 1	 -42.4117	  173.2387
3.557	 2.25	 1	 -41.7126	  174.2502
3.558	 2.14	 2	 -42.5609	  173.0820
3.559	 2.01	 1	 -41.7428	  174.0906
3.559	 3.42	 1	 -42.5000	  173.1538
3.560	 2.88	 1	 -42.1003	  172.9346
3.561	 2.07	 1	 -42.5183	  173.1960
3.561	 2.14	 1	 -42.7087	  173.7644
3.561	 2.09	 2	 -42.0088	  174.6698
3.562	 2.06	 1	 -41.7931	  173.9759
3.563	 2.83	 1	 -42.1492	  173.6651
3.564	 2.02	 1	 -42.3727	  173.3902
3.564	 2.08	 1	 -40.4017	  173.9124
3.564	 2.29	 1	 -42.5472	  172.8667
3.565	 3.10	 1	 -42.3232	  173.6784
3.565	 2.81	 1	 -42.1762	  173.9840
3.567	 2.82	 1	 -41.6991	  174.3337
3.567	 3.00	 2	 -41.7545	  174.2912
3.568	 2.03	 1	 -41.6824	  174.2782
3.569	 2.73	 1	 -42.2622	  173.8009
3.570	 2.44	 1	 -42.2648	  173.6098
3.571	 2.12	 1	 -42.5409	  173.0264
3.571	 2.07	 1	 -43.0160	  173.6789
3.571	 2.29	 2	 -42.7880	  172.1989
3.571	 4.05	 1	 -42.6486	  172.7919
3.572	 2.02	 1	 -42.3471	  173.3756
3.572	 2.64	 1	 -41.5507	  174.2515
3.574	 2.09	 2	 -42.5156	  173.2202
3.574	 2.02	 1	 -42.0206	  173.7138
3.574	 2.70	 2	 -42.8963	  172.3167
3.575	 2.20	 1	 -41.2169	  167.7383
3.575	 2.77	 1	 -42.4497	  173.2925
3.575	 2.90	 1	 -42.2775	  173.6293
3.576	 2.24	 2	 -42.3006	  174.2821
3.576	 3.71	 1	 -42.9939	  174.5769
3.578	 2.93	 1	 -41.8526	  173.9871
3.578	 2.21	 1	 -42.1264	  173.5674
3.580	 2.01	 1	 -42.2939	  173.9828
3.581	 2.79	 1	 -42.4580	  173.1720
3.582	 2.39	 2	 -43.0862	  172.2467
3.582	 2.15	 2	 -41.7227	  174.1422
3.583	 2.24	 1	 -42.9230	  173.7497
3.584	 2.27	 2	 -42.4403	  180.1026
3.584	 3.40	 1	 -42.1551	  173.6295
3.585	 2.32	 1	 -41.8818	  174.3167
3.585	 3.58	 1	 -42.4406	  173.6678
3.586	 3.03	 1	 -42.6550	  172.6776
3.586	 2.15	 1	 -42.5128	  173.1435
3.589	 2.14	 1	 -41.9829	  173.8407
3.589	 2.00	 1	 -42.3245	  173.6590
3.590	 2.96	 2	 -41.7369	  174.2479
3.590	 2.40	 1	 -41.6884	  174.3089
3.592	 2.66	 1	 -41.7158	  174.2593
3.593	 2.93	 1	 -41.8539	  174.1113
3.594	 2.25	 3	 -42.3022	  173.9778
3.594	 2.40	 1	 -42.0425	  173.7215
3.595	 3.11	 2	 -42.8585	  172.2318
3.596	 2.13	 1	 -42.1137	  172.9265
3.596	 2.87	 1	 -41.7913	  174.3106
3.596	 2.37	 1	 -41.3664	  174.4987
3.597	 3.14	 1	 -42.6141	  173.2270
3.597	 2.41	 1	 -42.2442	  173.5768
3.599	 2.23	 1	 -41.8377	  174.1914
3.601	 2.80	 1	 -41.7767	  174.2902
3.601	 2.23	 3	 -42.4634	  172.2193
3.602	 2.88	 1	 -42.2954	  172.9542
3.602	 2.38	 1	 -42.3487	  173.7411
3.603	 3.39	 1	 -42.5066	  173.4776
3.603	 2.09	 1	 -42.4047	  173.8490
3.604	 2.49	 1	 -42.2978	  173.6517
3.604	 2.71	 1	 -42.5726	  173.0453
3.605	 2.18	 1	 -41.7348	  174.2554
3.605	 2.25	 1	 -41.9582	  174.2932
3.605	 2.13	 2	 -42.6870	  171.5350
3.605	 2.46	 1	 -42.4145	  174.1545
3.607	 2.07	 1	 -42.1453	  173.8947
3.607	 2.26	 1	 -42.0514	  173.9302
3.607	 2.36	 1	 -41.6749	  174.4526
3.608	 2.16	 1	 -41.8377	  174.2288
3.609	 2.31	 3	 -44.0066	  166.3688
3.611	 2.14	 1	 -41.7657	  174.3027
3.611	 2.40	 1	 -42.0801	  173.7813
3.611	 2.43	 1	 -41.8212	  174.2264
3.612	 2.29	 1	 -42.5779	  172.9236
3.614	 2.29	 1	 -41.7706	  172.8464
3.615	 2.24	 1	 -45.0003	  175.7687
3.615	 2.08	 1	 -42.4945	  173.4332
3.616	 2.28	 1	 -42.2787	  173.9948
3.616	 2.43	 2	 -42.7800	  172.2807
3.616	 2.18	 1	 -42.7804	  173.0197
3.616	 2.80	 1	 -42.4405	  173.7587
3.616	 2.87	 1	 -42.3209	  173.8589
3.617	 2.35	 1	 -43.2051	  173.1245
3.618	 2.34	 1	 -42.6479	  172.9218
3.619	 2.25	 1	 -42.0919	  173.8229
3.619	 2.16	 1	 -42.0639	  173.7468
3.619	 2.16	 1	 -41.8465	  174.2221
3.620	 2.08	 1	 -41.7152	  174.2721
3.620	 4.06	 1	 -41.7110	  174.1152
3.620	 2.47	 1	 -41.6554	  174.2142
3.620	 2.25	 1	 -42.3603	  172.9728
3.621	 2.03	 1	 -42.2466	  173.6325
3.622	 3.21	 1	 -42.1672	  173.7430
3.622	 2.03	 1	 -42.1979	  174.3078
3.622	 2.20	 1	 -42.2188	  173.5455
3.623	 2.01	 1	 -42.3795	  173.8565
3.623	 2.32	 1	 -41.2032	  174.4087
3.623	 2.39	 1	 -42.3853	  173.7803
3.625	 2.36	 2	 -41.7283	  174.1288
3.625	 2.97	 1	 -42.0316	  174.0018
3.626	 2.04	 1	 -42.8311	  173.7267
3.626	 2.24	 3	 -42.1368	  173.9280
3.627	 2.93	 1	 -42.7041	  173.0154
3.627	 2.21	 1	 -41.9392	  172.3308
3.628	 2.58	 1	 -41.9552	  174.4443
3.629	 2.21	 1	 -42.2067	  173.8118
3.630	 2.18	 2	 -42.7016	  172.3678
3.631	 2.90	 1	 -41.7278	  174.2155
3.632	 2.04	 1	 -42.6342	  173.1897
3.632	 2.92	 1	 -41.6583	  174.1510
3.634	 2.05	 2	 -42.7312	  172.2824
3.634	 2.69	 2	 -41.8235	  173.6767
3.634	 2.35	 1	 -41.7009	  174.2640
3.634	 2.12	 1	 -42.3389	  173.7610
3.634	 2.30	 1	 -42.2330	  173.9017
3.635	 2.27	 1	 -41.9971	  174.0913
3.635	 2.27	 1	 -41.6933	  174.1866
3.636	 2.16	 1	 -42.2133	  173.6987
3.636	 2.69	 1	 -42.4917	  173.1987
3.636	 2.33	 1	 -39.7262	  177.3480
3.637	 3.82	 1	 -42.3555	  173.8215
3.637	 2.33	 1	 -42.6344	  173.0666
3.638	 2.38	 1	 -42.4289	  173.7638
3.639	 2.16	 1	 -42.2245	  173.6236
3.639	 2.07	 1	 -41.7524	  174.3692
3.640	 2.23	 1	 -41.8300	  174.0201
3.641	 2.27	 1	 -41.7495	  174.3598
3.641	 2.19	 1	 -42.3837	  173.4714
3.642	 2.34	 1	 -42.3137	  173.5217
3.642	 3.43	 2	 -42.4814	  173.3862
3.643	 2.48	 1	 -41.7276	  174.3722
3.643	 2.30	 2	 -42.7735	  172.2316
3.644	 2.71	 1	 -42.4225	  173.1516
3.644	 2.11	 2	 -42.7127	  172.3695
3.645	 2.32	 1	 -42.4377	  173.9034
3.646	 2.04	 2	 -42.4308	  173.7986
3.646	 2.33	 1	 -41.6306	  174.1375
3.646	 2.48	 2	 -42.6786	  172.9055
3.647	 2.39	 1	 -42.5112	  174.7601
3.647	 2.69	 1	 -42.6201	  172.9056
3.647	 2.26	 1	 -41.7176	  174.4280
3.648	 2.88	 1	 -42.7082	  172.6642
3.649	 2.35	 1	 -42.3587	  174.0483
3.650	 2.81	 1	 -42.3044	  173.7029
3.651	 2.91	 1	 -42.3996	  172.4126
3.652	 2.05	 2	 -41.7210	  174.3260
3.653	 2.32	 1	 -42.3617	  173.1666
3.653	 2.03	 1	 -41.8811	  174.1442
3.653	 2.15	 1	 -41.7843	  174.2255
3.653	 2.16	 1	 -42.3720	  172.6369
3.655	 2.73	 1	 -42.2509	  173.6173
3.655	 2.19	 1	 -41.7051	  174.3147
3.656	 2.51	 1	 -42.4828	  173.3678
3.656	 2.04	 1	 -41.7060	  174.3361
3.658	 2.06	 1	 -42.5537	  173.8025
3.659	 2.32	 2	 -42.7859	  172.3564
3.659	 2.90	 1	 -42.1134	  173.8559
3.661	 2.49	 1	 -41.6931	  174.3200
3.661	 2.70	 1	 -42.2213	  173.3675
3.662	 2.23	 2	 -41.7342	  173.6190
3.662	 2.08	 1	 -41.9334	  173.9812
3.663	 2.01	 1	 -43.0394	  172.4754
3.664	 3.29	 1	 -42.2937	  173.8821
3.664	 2.10	 1	 -42.0487	  173.6521
3.665	 3.32	 1	 -41.9771	  173.7181
3.666	 2.08	 1	 -41.6374	  174.1803
3.668	 2.88	 1	 -41.5923	  174.1414
3.668	 3.15	 1	 -41.9767	  174.0439
3.669	 2.02	 1	 -40.6815	  168.4373
3.669	 3.47	 2	 -41.8167	  174.2836
3.670	 2.89	 1	 -42.3317	  174.0122
3.671	 2.03	 1	 -42.3991	  173.5805
3.672	 2.99	 1	 -41.7488	  173.9656
3.672	 2.30	 1	 -42.1304	  173.6189
3.673	 2.01	 2	 -42.2707	  173.7278
3.674	 2.64	 1	 -41.7245	  174.3648
3.674	 2.13	 2	 -42.7171	  172.3074
3.676	 2.16	 1	 -42.5310	  174.0489
3.676	 2.93	 1	 -41.7430	  174.2577
3.678	 2.39	 2	 -41.8661	  173.5641
3.678	 2.38	 1	 -42.2144	  173.6626
3.679	 3.11	 1	 -42.2400	  173.9982
3.680	 2.05	 2	 -42.3161	  173.9191
3.680	 2.17	 1	 -42.7800	  174.3846
3.680	 2.41	 1	 -42.3630	  174.0147
3.680	 2.88	 1	 -42.5559	  172.9066
3.681	 2.34	 1	 -42.6011	  173.2734
3.681	 2.20	 3	 -42.0793	  173.8689
3.681	 2.53	 1	 -42.2757	  173.9745
3.683	 2.07	 1	 -42.4098	  173.9681
3.683	 2.10	 2	 -42.9322	  172.4767
3.684	 2.20	 1	 -41.8444	  174.3205
3.684	 2.02	 1	 -42.7706	  173.2666
3.684	 2.27	 1	 -42.2693	  173.6223
3.685	 2.14	 1	 -42.2634	  173.5189
3.685	 2.37	 1	 -42.4906	  173.2675
3.685	 3.21	 1	 -42.1850	  173.6772
3.686	 3.28	 1	 -42.3962	  173.9399
3.686	 3.07	 1	 -41.7740	  173.5294
3.687	 2.56	 1	 -42.2774	  173.9121
3.687	 2.08	 1	 -42.1491	  174.0389
3.689	 2.39	 1	 -42.2991	  173.9663
3.689	 2.45	 1	 -41.9975	  173.7184
3.690	 2.05	 1	 -42.2496	  173.6101
3.690	 2.15	 1	 -41.7071	  174.1562
3.690	 3.80	 1	 -42.5422	  173.1263
3.690	 2.39	 1	 -42.4507	  173.7902
3.692	 2.20	 1	 -41.8110	  174.4777
3.693	 2.31	 1	 -42.9564	  173.8906
3.693	 2.20	 1	 -42.4313	  173.7317
3.694	 2.14	 1	 -42.4204	  173.1902
3.695	 2.78	 1	 -41.7987	  174.2710
3.695	 2.25	 1	 -42.1546	  173.5365
3.697	 2.69	 1	 -42.3314	  173.3224
3.698	 3.35	 1	 -41.7661	  174.2616
3.699	 2.22	 1	 -42.7267	  173.0868
3.701	 2.85	 1	 -42.3184	  173.9082
3.701	 2.10	 2	 -44.9326	  175.8371
3.702	 2.50	 1	 -42.6322	  173.4077
3.702	 2.63	 1	 -41.7293	  174.3286
3.703	 2.20	 1	 -41.9181	  174.1994
3.703	 2.43	 2	 -42.4043	  173.0704
3.704	 2.09	 1	 -42.2670	  173.6446
3.705	 2.04	 1	 -41.8725	  169.5932
3.706	 2.29	 2	 -42.2689	  174.0127
3.706	 2.51	 1	 -41.6647	  173.5647
3.706	 2.40	 1	 -42.4583	  173.7549
3.707	 2.62	 1	 -41.7221	  174.1384
3.707	 2.59	 1	 -42.4642	  173.0397
3.709	 2.60	 1	 -41.7525	  174.2909
3.709	 2.23	 1	 -41.0877	  174.0000
3.709	 2.25	 1	 -42.3247	  173.8074
3.710	 2.08	 1	 -42.4294	  173.8172
3.712	 3.02	 2	 -41.7891	  174.3087
3.713	 2.89	 2	 -42.4629	  172.6399
3.713	 2.35	 2	 -42.1701	  173.7424
3.714	 2.51	 1	 -42.3740	  175.8046
3.715	 2.37	 1	 -41.8082	  174.3439
3.716	 2.07	 1	 -42.5124	  173.0848
3.716	 2.05	 1	 -42.6741	  173.6438
3.717	 2.60	 1	 -42.1921	  174.1353
3.720	 2.11	 1	 -42.3210	  173.7883
3.721	 2.37	 1	 -42.5281	  173.0942
3.721	 2.21	 2	 -41.6994	  174.3776
3.721	 2.87	 2	 -42.7202	  172.1976
3.722	 2.84	 1	 -41.8301	  174.2725
3.723	 3.07	 1	 -41.8143	  174.1846
3.724	 2.20	 1	 -42.5978	  173.3920
3.724	 2.49	 1	 -41.6800	  174.3199
3.725	 2.37	 1	 -42.5765	  173.0019
3.725	 2.91	 1	 -42.7081	  173.6860
3.726	 2.10	 1	 -41.9143	  173.3839
3.726	 2.61	 1	 -41.7343	  174.1860
3.726	 2.16	 1	 -41.5262	  174.4646
3.726	 2.32	 1	 -42.4561	  173.7864
3.727	 2.11	 1	 -42.3867	  173.9840
3.727	 2.15	 1	 -42.1645	  173.5978
3.727	 2.14	 2	 -41.9517	  173.7040
3.728	 2.80	 1	 -42.3576	  173.8746
3.728	 2.45	 1	 -41.9266	  174.1543
3.729	 2.94	 1	 -42.1835	  173.6435
3.729	 2.18	 1	 -42.3860	  173.6774
3.729	 3.48	 1	 -42.2231	  173.6252
3.729	 2.03	 1	 -42.5808	  173.2642
3.730	 2.01	 1	 -42.1844	  173.7016
3.730	 2.57	 1	 -42.1742	  173.3166
3.730	 2.64	 1	 -42.1304	  172.9049
3.731	 2.28	 1	 -41.9825	  173.6500
3.731	 2.10	 1	 -41.6374	  174.2527
3.732	 2.76	 1	 -46.2338	  176.4632
3.733	 2.56	 2	 -41.7588	  174.2679
3.734	 2.11	 1	 -42.8282	  173.2878
3.734	 2.42	 1	 -41.8284	  174.2000
3.734	 2.40	 1	 -42.2267	  173.7006
3.735	 2.29	 1	 -41.6766	  174.3581
3.735	 2.12	 2	 -42.5571	  173.7137
3.736	 2.33	 1	 -41.7047	  174.3354
3.736	 2.09	 1	 -42.4061	  172.9721
3.738	 3.63	 2	 -41.7520	  174.4793
3.738	 2.64	 1	 -42.0389	  173.7188
3.739	 2.02	 2	 -41.6769	  174.4519
3.739	 2.03	 1	 -42.4943	  173.2488
3.741	 2.53	 1	 -42.3964	  173.7841
3.741	 2.40	 1	 -41.2495	  175.0940
3.741	 2.09	 1	 -42.0937	  173.7100
3.742	 2.05	 1	 -42.1574	  173.8667
3.743	 2.27	 1	 -42.5712	  173.2983
3.743	 2.56	 1	 -41.7166	  174.3428
3.744	 2.39	 1	 -41.6915	  174.1009
3.745	 2.35	 1	 -41.7203	  174.3459
3.745	 2.11	 2	 -42.6665	  172.9986
3.746	 2.30	 1	 -41.8901	  174.1631
3.747	 2.01	 1	 -42.2309	  173.5732
3.747	 2.04	 1	 -41.6635	  174.7509
3.748	 2.04	 2	 -42.7850	  172.1766
3.749	 2.56	 2	 -42.8415	  172.3381
3.749	 2.67	 1	 -41.9084	  173.7427
3.750	 2.33	 1	 -42.2858	  173.6562
3.751	 2.09	 1	 -42.1059	  173.9396
3.752	 2.37	 2	 -42.7612	  172.2350
3.753	 2.08	 1	 -43.5086	  174.4636
3.753	 2.06	 1	 -41.6895	  174.2257
3.754	 2.21	 2	 -42.2957	  173.8795
3.755	 2.79	 1	 -42.2907	  173.4244
3.755	 2.02	 2	 -42.6871	  171.4573
3.756	 2.44	 1	 -42.0396	  173.7486
3.757	 2.31	 1	 -43.0910	  175.2113
3.758	 2.02	 1	 -41.6129	  174.0812
3.758	 2.09	 2	 -42.7561	  172.4258
3.760	 2.16	 1	 -42.2772	  173.7821
3.760	 2.11	 1	 -42.4360	  172.9474
3.761	 2.46	 1	 -41.8097	  173.8110
3.762	 3.42	 1	 -41.7252	  174.3977
3.762	 2.06	 1	 -42.2060	  173.7191
3.763	 2.28	 2	 -42.8420	  172.2930
3.763	 2.19	 1	 -41.7297	  174.2876
3.765	 2.04	 1	 -41.6699	  174.2812
3.765	 2.25	 1	 -41.9958	  173.7526
3.769	 2.03	 1	 -42.5514	  171.9562
3.769	 2.61	 1	 -42.2012	  173.8693
3.770	 2.05	 1	 -42.2980	  173.8191
3.770	 2.86	 1	 -42.3659	  173.8633
3.771	 2.63	 1	 -42.5184	  173.9161
3.771	 3.51	 1	 -42.1609	  174.0523
3.772	 2.73	 3	 -42.1154	  173.8464
3.772	 2.35	 1	 -42.1636	  173.8029
3.773	 2.18	 1	 -42.3567	  173.1723
3.773	 2.04	 1	 -42.5592	  173.4868
3.773	 2.68	 1	 -42.4920	  172.9699
3.774	 2.13	 1	 -42.1618	  173.9284
3.774	 2.28	 1	 -41.7318	  174.3908
3.775	 2.20	 1	 -42.2971	  173.5876
3.775	 2.20	 1	 -42.6281	  173.8612
3.775	 2.01	 1	 -42.3483	  173.7726
3.777	 2.53	 1	 -42.4996	  172.6613
3.777	 2.58	 1	 -42.2667	  174.0452
3.779	 2.65	 1	 -41.3723	  174.4882
3.780	 2.07	 1	 -42.5479	  173.0728
3.781	 2.70	 2	 -42.0459	  173.6104
3.782	 2.52	 1	 -42.9145	  173.2376
3.782	 2.17	 1	 -42.5036	  172.9546
3.782	 2.30	 1	 -41.8989	  173.6672
3.783	 2.06	 1	 -42.2637	  173.7216
3.783	 2.27	 1	 -41.7293	  174.3036
3.783	 2.80	 1	 -41.8112	  174.2009
3.784	 2.05	 1	 -42.5139	  172.9590
3.786	 2.01	 2	 -42.7655	  172.2807
3.786	 2.56	 1	 -41.7713	  174.3240
3.787	 2.10	 1	 -41.8629	  174.1758
3.790	 2.01	 1	 -42.1395	  173.8961
3.790	 2.85	 1	 -41.6427	  174.2944
3.791	 2.26	 1	 -42.2887	  173.6059
3.792	 2.03	 1	 -42.5589	  173.6625
3.792	 2.25	 1	 -42.3854	  173.7805
3.793	 2.26	 2	 -42.2312	  173.9893
3.793	 4.22	 1	 -42.0775	  173.9596
3.794	 2.97	 1	 -42.2840	  173.5372
3.796	 2.09	 1	 -43.1265	  173.3612
3.797	 2.22	 1	 -41.6984	  174.4455
3.799	 2.07	 1	 -42.1930	  173.5846
3.800	 2.01	 2	 -41.6678	  174.1995
3.801	 2.01	 2	 -41.8465	  174.4450
3.802	 2.02	 1	 -42.5886	  173.5368
3.803	 2.48	 1	 -42.3494	  173.7858
3.803	 2.20	 1	 -43.4691	  179.0480
3.804	 2.37	 1	 -42.4824	  173.2399
3.804	 2.19	 1	 -42.0462	  171.9721
3.805	 2.23	 1	 -41.2496	  174.3008
3.808	 3.03	 1	 -42.3514	  173.9244
3.809	 2.60	 1	 -42.1011	  173.7266
3.809	 2.58	 2	 -42.8166	  172.2787
3.810	 2.16	 1	 -41.7005	  174.4318
3.810	 2.46	 1	 -42.3607	  173.4669
3.811	 2.20	 1	 -42.3296	  173.7021
3.811	 3.79	 2	 -42.0766	  173.9645
3.812	 2.64	 1	 -42.2582	  173.3652
3.812	 2.61	 1	 -42.4068	  173.2124
3.813	 2.56	 1	 -42.2681	  173.7694
3.813	 2.94	 1	 -42.0418	  173.7350
3.813	 2.02	 2	 -42.3179	  173.8600
3.813	 2.06	 1	 -42.4301	  173.2492
3.813	 3.76	 1	 -41.8602	  174.1923
3.814	 2.24	 1	 -42.3825	  173.6702
3.814	 3.12	 1	 -42.2732	  173.6502
3.815	 2.04	 1	 -41.8978	  173.9677
3.817	 2.02	 1	 -42.6616	  172.7889
3.817	 2.06	 1	 -42.3271	  173.0606
3.818	 2.11	 1	 -41.6759	  174.1697
3.818	 2.45	 1	 -42.5795	  173.4085
3.818	 2.04	 1	 -41.8354	  174.4886
3.820	 2.03	 1	 -41.6858	  174.2695
3.821	 2.17	 1	 -41.9704	  173.9849
3.822	 2.03	 1	 -42.4612	  173.1408
3.824	 2.84	 1	 -42.5515	  173.4732
3.824	 2.62	 1	 -42.6143	  173.1074
3.824	 4.19	 1	 -42.7462	  173.0911
3.824	 2.17	 1	 -41.7496	  174.1147
3.824	 2.03	 1	 -42.4757	  173.0249
3.824	 2.02	 1	 -42.2777	  173.6991
3.825	 2.15	 1	 -41.7051	  174.3221
3.825	 2.06	 1	 -42.1860	  173.5815
3.826	 2.26	 1	 -41.9196	  174.1498
3.826	 2.28	 1	 -42.3045	  173.6734
3.826	 2.68	 1	 -42.2618	  173.6499
3.826	 3.30	 1	 -41.7682	  174.3467
3.828	 2.32	 2	 -42.5102	  173.4761
3.828	 2.21	 2	 -42.8136	  172.2320
3.830	 2.09	 1	 -42.6771	  174.3301
3.830	 2.32	 1	 -44.6463	  177.8497
3.832	 2.41	 1	 -42.5744	  173.5074
3.832	 2.09	 2	 -37.9920	  173.7025
3.834	 2.62	 1	 -42.2755	  173.5692
3.835	 2.16	 1	 -42.2289	  173.7654
3.837	 2.59	 1	 -42.2621	  173.6398
3.839	 3.60	 1	 -42.7666	  172.9136
3.839	 2.75	 1	 -42.8214	  172.3540
3.840	 2.46	 2	 -42.7569	  172.2005
3.840	 3.06	 1	 -42.1829	  173.6475
3.841	 2.18	 1	 -41.9826	  173.6540
3.841	 2.09	 1	 -42.1941	  174.3708
3.841	 2.85	 1	 -43.8377	  173.9466
3.842	 2.87	 1	 -42.1533	  172.4379
3.846	 2.59	 1	 -41.7965	  174.2248
3.846	 2.22	 1	 -42.1188	  173.7944
3.847	 2.48	 1	 -42.2315	  173.1855
3.847	 2.91	 1	 -41.7269	  174.2774
3.849	 2.53	 1	 -42.0085	  173.5296
3.851	 2.12	 1	 -42.3128	  173.7169
3.851	 2.67	 1	 -41.7204	  174.2637
3.852	 2.03	 3	 -42.9313	  172.1797
3.852	 2.23	 1	 -41.8812	  173.8999
3.853	 3.05	 2	 -41.6738	  174.2461
3.854	 2.28	 3	 -41.6736	  174.2510
3.854	 2.54	 1	 -41.8134	  174.2541
3.855	 2.39	 1	 -41.7040	  174.2498
3.855	 2.05	 1	 -42.4457	  174.9725
3.855	 2.43	 1	 -42.3491	  172.7919
3.856	 2.20	 1	 -41.7410	  174.3413
3.856	 2.43	 1	 -41.3309	  174.5747
3.857	 2.65	 2	 -42.7398	  172.2208
3.857	 2.73	 2	 -42.6079	  172.1963
3.858	 2.31	 2	 -42.0702	  174.5130
3.860	 2.06	 1	 -41.7539	  173.9694
3.860	 2.18	 1	 -41.7463	  174.2982
3.860	 3.26	 1	 -42.1931	  172.3530
3.861	 2.17	 1	 -42.5482	  173.1125
3.861	 2.54	 1	 -41.6732	  174.3051
3.861	 2.40	 2	 -42.8607	  172.3141
3.861	 2.22	 1	 -42.5627	  173.1517
3.862	 2.32	 2	 -42.1911	  174.1380
3.862	 2.39	 1	 -43.0371	  173.1108
3.863	 2.80	 1	 -41.7982	  174.2289
3.864	 3.07	 2	 -41.8758	  173.6393
3.864	 2.86	 1	 -42.1875	  173.5963
3.864	 2.62	 1	 -42.0943	  173.8304
3.865	 2.67	 2	 -41.7046	  174.3246
3.866	 2.70	 1	 -42.2718	  173.5920
3.866	 3.06	 1	 -42.4796	  173.0284
3.866	 3.41	 1	 -42.3877	  173.7639
3.866	 2.32	 1	 -41.6968	  174.3191
3.866	 3.84	 2	 -42.6395	  172.1649
3.867	 2.71	 1	 -41.7290	  174.1655
3.868	 2.18	 1	 -41.6871	  174.1960
3.868	 2.11	 1	 -42.4989	  173.7337
3.868	 2.24	 1	 -42.9543	  171.6700
3.869	 3.65	 1	 -42.7227	  173.2733
3.869	 2.50	 1	 -42.1589	  173.6924
3.870	 2.36	 1	 -42.4424	  173.7849
3.872	 2.90	 1	 -41.6936	  174.2911
3.872	 2.08	 1	 -42.1283	  173.6698
3.873	 2.01	 3	 -42.6340	  172.1752
3.873	 2.43	 1	 -42.3707	  173.2812
3.873	 2.11	 2	 -42.6916	  173.0554
3.874	 2.47	 1	 -41.7901	  174.2395
3.874	 2.30	 2	 -42.3396	  173.7915
3.875	 2.33	 1	 -42.5899	  173.9468
3.875	 2.56	 1	 -42.5673	  173.0112
3.876	 2.13	 1	 -41.7532	  174.2346
3.876	 2.02	 1	 -42.5418	  173.0307
3.876	 2.57	 2	 -41.7021	  174.1178
3.876	 2.02	 2	 -42.2562	  174.0522
3.878	 2.11	 2	 -42.3615	  173.8159
3.878	 2.52	 2	 -42.2464	  174.0154
3.878	 2.18	 1	 -42.2509	  173.8349
3.878	 2.09	 1	 -42.4943	  173.0080
3.879	 3.02	 1	 -41.8599	  174.1382
3.879	 2.58	 1	 -41.7367	  174.2902
3.879	 2.47	 1	 -42.2899	  173.8655
3.879	 2.42	 1	 -42.5558	  172.9293
3.879	 2.03	 1	 -42.0010	  173.8729
3.880	 2.08	 2	 -42.5289	  172.2670
3.882	 2.31	 2	 -41.7655	  174.4319
3.883	 2.45	 1	 -42.3812	  171.7008
3.883	 2.85	 1	 -42.5111	  173.7654
3.883	 4.08	 1	 -44.2324	  174.4297
3.885	 2.77	 1	 -42.3900	  174.2869
3.885	 2.16	 3	 -41.8040	  175.3669
3.888	 2.32	 1	 -42.2181	  173.5629
3.889	 2.23	 1	 -41.6872	  174.5088
3.890	 2.30	 1	 -41.6081	  174.2329
3.890	 2.57	 1	 -42.6386	  174.0357
3.891	 2.87	 1	 -41.6921	  174.2623
3.892	 2.32	 1	 -42.1229	  173.2646
3.892	 3.06	 1	 -42.4705	  173.8528
3.892	 2.33	 1	 -42.1172	  173.6281
3.893	 2.34	 1	 -42.3069	  173.4073
3.893	 2.89	 2	 -42.0458	  171.9728
3.894	 5.00	 1	 -41.8950	  173.4977
3.897	 2.08	 1	 -41.7087	  174.3057
3.897	 2.19	 1	 -41.4037	  174.4197
3.898	 2.90	 2	 -42.4631	  173.2884
3.899	 2.74	 2	 -42.6588	  172.3595
3.901	 2.19	 1	 -41.6586	  174.3430
3.901	 3.82	 2	 -41.8771	  173.5288
3.901	 2.03	 1	 -42.9431	  173.0187
3.902	 3.67	 1	 -42.0529	  173.7565
3.904	 2.06	 1	 -41.7024	  174.1977
3.905	 2.19	 1	 -41.7877	  174.2001
3.905	 2.05	 1	 -41.8148	  174.6069
3.906	 3.56	 1	 -42.2116	  173.7086
3.906	 2.26	 2	 -42.4791	  173.7946
3.907	 2.14	 1	 -42.3150	  173.8874
3.907	 2.24	 1	 -42.4082	  174.0561
3.909	 2.22	 1	 -42.4426	  173.0412
3.910	 2.29	 1	 -41.7510	  174.3080
3.911	 2.12	 2	 -42.0053	  174.1068
3.911	 2.85	 1	 -42.2176	  173.8474
3.911	 2.25	 2	 -42.2310	  173.9911
3.912	 2.05	 1	 -41.7119	  174.2077
3.913	 2.20	 1	 -42.6890	  173.0562
3.915	 2.58	 3	 -42.3487	  174.0815
3.917	 2.10	 2	 -42.0016	  173.8728
3.919	 2.36	 1	 -42.9771	  167.0816
3.920	 2.60	 3	 -42.2611	  173.9922
3.920	 2.00	 1	 -42.1650	  173.6317
3.921	 2.20	 3	 -42.2186	  173.8033
3.921	 3.18	 1	 -41.8143	  174.3175
3.921	 2.10	 2	 -41.7788	  174.1989
3.922	 2.20	 3	 -42.0958	  173.8603
3.923	 2.03	 2	 -41.9280	  173.4472
3.923	 2.70	 1	 -41.6840	  174.2689
3.926	 2.59	 1	 -41.7300	  174.2977
3.928	 3.14	 1	 -42.4424	  173.7626
3.929	 2.26	 2	 -42.0378	  173.7422
3.933	 2.61	 1	 -41.8581	  174.2412
3.934	 2.09	 1	 -41.6537	  174.2932
3.935	 2.35	 1	 -42.5187	  173.0584
3.935	 2.24	 1	 -41.9751	  173.8074
3.936	 2.90	 1	 -42.0307	  173.7013
3.937	 2.07	 1	 -41.9414	  173.2574
3.937	 2.19	 1	 -42.2509	  173.4171
3.938	 2.11	 1	 -41.7147	  174.3346
3.941	 2.24	 1	 -42.2993	  173.8303
3.941	 2.95	 1	 -42.8467	  173.1521
3.942	 2.66	 1	 -42.3622	  173.8941
3.944	 2.17	 1	 -41.6703	  174.2885
3.944	 2.79	 1	 -42.0773	  173.8037
3.944	 2.01	 1	 -43.1783	  173.3911
3.944	 2.41	 1	 -41.7094	  174.2103
3.945	 2.81	 1	 -42.3753	  173.9033
3.945	 2.13	 1	 -42.3462	  173.8889
3.946	 2.34	 1	 -42.5416	  173.2636
3.947	 2.34	 1	 -41.6685	  174.2436
3.947	 2.13	 2	 -42.1946	  173.2504
3.947	 2.09	 1	 -42.2520	  173.6949
3.948	 2.17	 1	 -41.6894	  174.3323
3.949	 2.49	 1	 -41.8372	  174.0123
3.949	 4.07	 1	 -42.2147	  173.5845
3.951	 2.83	 1	 -42.2886	  173.8175
3.951	 3.16	 2	 -42.3030	  173.1491
3.951	 2.10	 1	 -42.1331	  173.9316
3.951	 2.04	 1	 -41.6915	  174.5108
3.952	 5.45	 2	 -42.5904	  172.8738
3.952	 2.18	 1	 -42.2318	  173.6655
3.953	 2.94	 1	 -42.6723	  172.8037
3.953	 2.37	 1	 -42.3293	  172.9790
3.954	 2.10	 1	 -41.7453	  174.2030
3.954	 2.66	 1	 -41.8040	  174.2266
3.955	 2.26	 2	 -41.7186	  174.1097
3.955	 3.34	 3	 -42.5815	  171.8878
3.956	 2.17	 1	 -41.7352	  174.3038
3.958	 2.28	 2	 -42.0159	  173.9145
3.958	 2.55	 1	 -42.6604	  172.6919
3.959	 2.20	 1	 -42.6320	  172.8960
3.959	 2.12	 1	 -42.4009	  173.6065
3.960	 2.42	 1	 -42.1250	  173.6456
3.960	 2.56	 1	 -42.7004	  172.9872
3.960	 2.63	 1	 -42.4272	  173.8561
3.962	 2.70	 1	 -41.6334	  174.3291
3.962	 2.09	 2	 -42.6459	  172.8126
3.964	 2.38	 1	 -42.6179	  172.9488
3.964	 2.55	 1	 -42.4132	  173.5692
3.965	 2.58	 1	 -41.6350	  174.4532
3.965	 2.06	 2	 -41.8212	  173.4485
3.966	 2.22	 2	 -41.8459	  174.4403
3.968	 2.33	 1	 -42.2049	  173.5789
3.970	 2.10	 1	 -41.6861	  174.2834
3.970	 3.79	 2	 -42.2606	  173.7670
3.971	 2.81	 1	 -42.2917	  173.8375
3.972	 2.29	 1	 -42.4540	  173.1592
3.972	 2.11	 1	 -41.6996	  174.1875
3.973	 2.06	 2	 -48.3451	  174.6010
3.973	 2.34	 1	 -41.8031	  174.2126
3.974	 3.10	 2	 -42.6120	  173.3260
3.974	 2.98	 1	 -42.3680	  173.2183
3.974	 2.30	 1	 -42.3768	  173.5229
3.977	 2.24	 1	 -42.0226	  173.8236
3.977	 2.03	 1	 -42.4297	  173.6962
3.977	 2.56	 1	 -42.4642	  174.0767
3.978	 2.50	 1	 -42.4962	  173.4218
3.979	 4.34	 1	 -42.7557	  172.9761
3.979	 3.13	 2	 -42.2450	  173.5560
3.980	 2.24	 1	 -41.7152	  174.2973
3.981	 2.02	 1	 -41.6431	  174.4045
3.982	 2.50	 1	 -42.3922	  173.3055
3.983	 2.26	 1	 -41.8486	  174.2679
3.984	 2.54	 2	 -41.8052	  174.4121
3.984	 2.19	 1	 -41.7828	  174.1454
3.986	 2.47	 2	 -42.8072	  172.1782
3.987	 2.29	 1	 -42.3413	  173.7920
3.987	 2.79	 1	 -42.3801	  173.4910
3.988	 3.06	 1	 -41.6776	  174.3902
3.988	 3.27	 1	 -41.9221	  174.1070
3.989	 2.26	 1	 -41.7161	  174.1920
3.989	 2.00	 1	 -46.6684	  170.1643
3.991	 2.11	 2	 -42.2064	  173.6150
3.991	 2.88	 1	 -42.1524	  173.7337
3.992	 2.30	 2	 -41.9715	  173.9995
3.992	 2.03	 1	 -42.3791	  173.6873
3.992	 2.15	 2	 -44.4525	  173.9304
3.994	 2.07	 1	 -41.6892	  174.4367
3.995	 2.45	 1	 -39.1277	  176.7510
3.996	 2.71	 3	 -43.0619	  172.9628
3.996	 2.08	 1	 -41.9774	  174.0260
3.997	 2.18	 1	 -41.6271	  174.2636
3.997	 2.41	 1	 -42.1885	  175.1516
3.997	 2.15	 2	 -42.2878	  174.0290
3.998	 2.34	 3	 -42.4141	  173.0012
3.998	 2.08	 1	 -42.5729	  173.2179
4.000	 2.95	 1	 -42.2400	  173.6274
4.000	 3.99	 1	 -41.9253	  173.9720
4.000	 5.54	 1	 -41.7186	  174.2282
4.000	 2.26	 3	 -42.6024	  172.9135
4.001	 2.58	 1	 -41.9589	  174.5734
4.002	 2.17	 3	 -42.6165	  172.7343
4.002	 2.07	 1	 -42.2002	  173.6038
4.003	 2.25	 1	 -42.1595	  173.5871
4.004	 2.51	 1	 -42.2172	  173.8662
4.004	 2.05	 1	 -41.9652	  173.7210
4.005	 3.42	 2	 -41.8506	  174.2984
4.005	 2.52	 1	 -42.0379	  173.6694
4.007	 2.60	 2	 -41.7024	  174.3840
4.008	 2.67	 2	 -42.2511	  174.1034
4.008	 2.36	 1	 -42.3670	  173.3437
4.009	 3.55	 1	 -42.2338	  173.6170
4.009	 2.30	 1	 -41.6764	  174.2063
4.009	 2.25	 1	 -42.0873	  173.7569
4.010	 2.69	 1	 -42.4791	  173.3066
4.010	 2.06	 1	 -41.9941	  174.0954
4.010	 2.09	 3	 -42.5847	  172.8759
4.010	 2.45	 1	 -42.6478	  172.9798
4.011	 3.00	 1	 -42.4020	  173.1677
4.012	 2.42	 1	 -41.6319	  174.3419
4.013	 2.02	 1	 -42.4243	  173.5664
4.013	 2.42	 3	 -42.6205	  172.9230
4.013	 2.07	 1	 -41.9634	  173.9907
4.013	 2.01	 1	 -42.9312	  173.3888
4.014	 2.81	 1	 -42.2936	  173.8156
4.014	 2.75	 1	 -42.3075	  173.6918
4.015	 2.95	 3	 -42.6235	  172.8608
4.017	 2.23	 1	 -42.3784	  174.0072
4.017	 3.29	 1	 -41.8112	  174.3020
4.017	 2.20	 2	 -41.9399	  173.4607
4.018	 2.08	 1	 -41.7537	  174.4239
4.018	 2.11	 2	 -41.6897	  173.9008
4.018	 2.37	 3	 -42.7310	  172.7321
4.018	 2.26	 2	 -41.8731	  173.6331
4.019	 2.11	 1	 -41.7205	  174.1553
4.019	 2.69	 1	 -42.4334	  173.5403
4.019	 2.33	 2	 -42.2152	  173.7175
4.019	 2.13	 1	 -42.4399	  173.7185
4.020	 2.01	 2	 -41.7381	  174.2180
4.021	 2.82	 2	 -41.7398	  174.2253
4.021	 2.00	 2	 -41.9256	  173.9409
4.022	 2.18	 3	 -42.5923	  172.9219
4.023	 2.17	 1	 -42.0761	  174.3828
4.023	 2.03	 1	 -42.2021	  173.5718
4.023	 3.61	 2	 -41.7771	  174.2740
4.024	 2.06	 2	 -41.9024	  173.4835
4.024	 2.05	 1	 -42.3591	  173.7499
4.024	 2.06	 1	 -42.5063	  172.5166
4.025	 2.07	 1	 -42.6207	  172.9683
4.026	 2.05	 1	 -41.9150	  173.7189
4.026	 2.25	 2	 -41.9131	  173.4894
4.026	 2.42	 1	 -42.5201	  173.1924
4.026	 2.08	 1	 -41.8246	  174.2246
4.028	 2.04	 1	 -41.6931	  174.1064
4.028	 2.01	 1	 -41.7516	  174.3391
4.029	 2.28	 1	 -41.7456	  174.2461
4.030	 2.63	 1	 -41.5277	  174.4279
4.030	 2.40	 1	 -42.2871	  173.6727
4.030	 2.45	 2	 -42.4135	  173.5729
4.031	 2.00	 2	 -41.8995	  173.4919
4.031	 2.19	 2	 -41.7961	  174.2008
4.034	 2.08	 1	 -42.0489	  174.1402
4.034	 2.27	 1	 -42.0092	  173.7478
4.036	 3.21	 2	 -42.2625	  174.0251
4.037	 2.57	 1	 -42.0053	  173.7099
4.037	 3.23	 1	 -42.4899	  174.0567
4.038	 2.12	 2	 -46.3907	  173.3720
4.039	 2.10	 2	 -41.7073	  174.1868
4.040	 2.40	 1	 -41.6753	  174.1652
4.040	 2.12	 1	 -42.6609	  173.4270
4.041	 2.49	 1	 -41.8920	  173.9673
4.042	 2.05	 1	 -41.7357	  174.3013
4.042	 2.32	 1	 -42.1469	  173.5800
4.043	 2.33	 2	 -42.3815	  173.5138
4.044	 2.05	 1	 -42.5207	  173.1234
4.045	 2.57	 1	 -42.3704	  174.0527
4.045	 2.03	 1	 -42.2888	  173.7731
4.045	 2.38	 2	 -41.6503	  174.3260
4.047	 2.16	 1	 -41.8175	  174.1167
4.047	 3.41	 3	 -42.6703	  172.7322
4.048	 2.91	 1	 -42.5989	  173.2228
4.049	 2.26	 1	 -42.4049	  174.2565
4.049	 2.99	 1	 -42.4887	  173.1689
4.049	 3.31	 2	 -42.0715	  173.4288
4.050	 2.07	 2	 -42.7674	  172.3356
4.050	 3.86	 1	 -41.6720	  174.3445
4.051	 2.16	 1	 -42.6417	  173.1514
4.052	 2.13	 2	 -41.8891	  173.5063
4.052	 2.19	 2	 -41.9640	  174.1256
4.052	 2.24	 1	 -41.7883	  174.2589
4.052	 2.76	 2	 -41.7704	  174.3080
4.053	 2.09	 2	 -42.7535	  172.2316
4.053	 2.30	 2	 -41.9164	  173.9894
4.055	 2.48	 1	 -41.7546	  173.9291
4.056	 2.97	 3	 -42.5133	  173.0570
4.056	 2.10	 2	 -42.7610	  172.2023
4.058	 2.01	 1	 -42.6124	  173.2243
4.058	 2.11	 1	 -42.4046	  173.5227
4.058	 2.27	 1	 -42.5333	  173.2444
4.061	 2.27	 3	 -42.5820	  172.8157
4.061	 2.11	 1	 -42.1528	  172.9419
4.061	 2.03	 2	 -41.7204	  174.2361
4.062	 2.17	 1	 -42.5112	  173.3732
4.063	 3.30	 1	 -42.0995	  173.9908
4.063	 2.08	 2	 -41.7009	  173.3949
4.063	 2.22	 1	 -42.3048	  173.6000
4.064	 2.30	 1	 -42.0976	  172.9507
4.064	 2.14	 2	 -41.9857	  173.9954
4.064	 2.42	 1	 -42.0298	  173.8035
4.065	 3.02	 3	 -42.5794	  172.8258
4.065	 2.23	 1	 -41.7940	  179.9214
4.065	 2.53	 1	 -41.6938	  174.2628
4.067	 2.07	 1	 -42.5664	  172.9160
4.067	 2.08	 1	 -41.6894	  174.3037
4.068	 2.07	 1	 -41.7982	  174.1031
4.068	 2.04	 1	 -42.9068	  172.9417
4.068	 2.31	 1	 -42.2914	  173.5795
4.068	 2.38	 2	 -42.5684	  173.4935
4.069	 2.05	 1	 -41.7017	  174.3141
4.069	 2.13	 1	 -42.4727	  173.7408
4.069	 2.67	 2	 -41.6904	  174.2200
4.069	 2.21	 1	 -42.3458	  172.7890
4.070	 2.31	 1	 -42.6703	  173.1788
4.070	 2.42	 2	 -41.7290	  174.2580
4.071	 2.06	 1	 -42.8854	  173.1813
4.072	 2.12	 2	 -42.3139	  173.9353
4.072	 2.96	 2	 -42.7711	  172.2981
4.073	 2.65	 2	 -41.8420	  174.2661
4.073	 2.23	 1	 -42.9575	  173.8295
4.074	 3.91	 1	 -42.5729	  173.9845
4.075	 2.76	 1	 -42.2449	  173.8597
4.075	 2.56	 1	 -42.0246	  174.9885
4.075	 2.18	 1	 -42.0312	  173.9401
4.075	 2.60	 2	 -41.7629	  174.2186
4.075	 2.30	 1	 -42.8803	  173.7440
4.076	 2.53	 1	 -42.2108	  173.1622
4.076	 2.13	 3	 -42.5522	  173.7236
4.077	 2.39	 3	 -42.5874	  172.8463
4.077	 2.09	 1	 -41.7431	  174.3350
4.077	 2.52	 1	 -41.7106	  174.2755
4.077	 2.16	 1	 -41.7112	  174.2440
4.078	 2.33	 2	 -42.1818	  174.0120
4.078	 2.24	 3	 -42.5768	  172.9508
4.078	 2.86	 2	 -41.6983	  174.1588
4.079	 2.24	 3	 -42.5795	  172.6316
4.079	 2.98	 3	 -42.5670	  172.8092
4.080	 2.10	 1	 -42.4895	  173.3205
4.080	 2.26	 2	 -41.6949	  174.1069
4.081	 2.45	 1	 -42.0836	  174.3210
4.081	 2.01	 1	 -41.8131	  174.0807
4.081	 2.27	 1	 -42.3516	  173.7679
4.081	 2.29	 1	 -42.1159	  174.0895
4.082	 2.58	 1	 -42.9565	  172.9077
4.082	 2.24	 1	 -42.0327	  173.8592
4.082	 2.43	 3	 -41.8264	  173.6746
4.082	 4.99	 2	 -42.5731	  173.9715
4.082	 2.39	 1	 -41.6244	  174.2408
4.083	 2.44	 1	 -41.4429	  175.2117
4.086	 2.32	 2	 -42.2355	  174.2213
4.086	 2.27	 2	 -42.5303	  173.3248
4.086	 2.04	 2	 -42.8254	  172.3572
4.087	 2.14	 1	 -41.8070	  174.2112
4.087	 2.17	 1	 -42.6863	  172.7769
4.088	 2.51	 1	 -42.4561	  173.7388
4.088	 2.02	 2	 -42.7773	  172.1618
4.088	 2.31	 1	 -42.5419	  173.0520
4.089	 2.36	 1	 -42.1534	  173.5415
4.089	 2.82	 1	 -42.2529	  173.6696
4.091	 2.34	 1	 -42.4810	  174.0279
4.091	 2.04	 1	 -42.1594	  172.9061
4.091	 2.12	 2	 -42.7731	  173.0836
4.092	 2.37	 2	 -41.7956	  173.0030
4.093	 2.01	 2	 -41.6330	  174.3137
4.093	 2.21	 1	 -42.2668	  171.3456
4.093	 2.13	 1	 -41.6907	  174.2044
4.093	 2.21	 1	 -41.7475	  174.2072
4.095	 2.06	 1	 -42.7178	  173.0530
4.096	 3.28	 2	 -41.8103	  174.4956
4.096	 2.07	 1	 -41.8160	  174.4598
4.096	 2.23	 3	 -41.7630	  174.3094
4.097	 2.34	 2	 -42.4556	  172.9591
4.098	 2.04	 3	 -42.6987	  172.9129
4.099	 2.43	 3	 -42.1512	  173.2766
4.100	 2.12	 2	 -41.7493	  174.3027
4.100	 2.15	 2	 -41.8059	  173.8649
4.100	 2.75	 1	 -41.4191	  173.8107
4.100	 3.34	 1	 -42.2981	  173.8032
4.101	 2.28	 1	 -42.0754	  173.4739
4.101	 2.68	 1	 -42.5861	  173.1468
4.101	 2.33	 1	 -42.7130	  173.2456
4.102	 2.53	 1	 -41.7434	  174.2760
4.102	 2.12	 1	 -43.6646	  177.0660
4.102	 2.18	 2	 -42.8305	  172.2531
4.104	 2.24	 1	 -42.3220	  173.0796
4.104	 2.71	 2	 -41.8829	  174.2369
4.106	 2.09	 3	 -43.8207	  173.5181
4.107	 2.52	 1	 -41.7011	  174.2634
4.107	 2.01	 2	 -41.7786	  174.3424
4.107	 2.54	 2	 -41.7128	  174.2864
4.108	 2.11	 1	 -41.5731	  174.1075
4.108	 2.28	 1	 -40.6330	  173.7174
4.108	 4.11	 2	 -41.6734	  174.3456
4.109	 2.04	 1	 -42.5150	  173.0794
4.109	 2.76	 2	 -43.0169	  174.2762
4.110	 3.35	 1	 -42.5299	  173.1534
4.110	 2.17	 1	 -42.2138	  173.8820
4.111	 2.03	 2	 -41.8301	  174.4010
4.111	 2.45	 1	 -42.5378	  173.4411
4.112	 2.12	 1	 -42.1033	  172.4048
4.112	 2.86	 1	 -42.0067	  173.6686
4.112	 2.01	 1	 -41.6295	  174.4370
4.112	 2.26	 1	 -42.3538	  173.4878
4.113	 2.77	 1	 -41.8775	  174.4398
4.113	 2.02	 1	 -42.4754	  173.2159
4.113	 2.48	 1	 -41.7777	  174.2766
4.115	 2.03	 3	 -43.1522	  172.8290
4.116	 3.33	 1	 -42.2823	  174.2180
4.116	 2.17	 2	 -41.6754	  174.1830
4.117	 2.01	 1	 -42.1979	  173.0495
4.117	 3.00	 2	 -41.8896	  173.4566
4.118	 2.25	 1	 -41.7703	  174.3368
4.118	 2.38	 3	 -42.4580	  174.1323
4.119	 2.15	 2	 -41.7732	  174.1026
4.120	 2.07	 1	 -41.9483	  173.9915
4.121	 2.68	 1	 -42.0070	  173.5732
4.121	 2.16	 1	 -42.4400	  173.3824
4.122	 2.51	 1	 -42.2957	  173.7250
4.123	 2.19	 3	 -42.6595	  172.8849
4.123	 2.08	 1	 -41.9874	  173.3128
4.124	 2.43	 2	 -42.7709	  172.9943
4.124	 2.68	 1	 -42.8771	  173.3021
4.124	 2.16	 2	 -42.6020	  174.6862
4.125	 2.19	 1	 -42.3778	  173.7813
4.126	 2.40	 1	 -41.5682	  174.3837
4.126	 2.31	 1	 -42.2414	  174.1409
4.127	 2.54	 1	 -42.2972	  173.9943
4.127	 2.49	 1	 -41.0978	  174.2127
4.128	 2.31	 2	 -41.7125	  174.5167
4.130	 2.18	 2	 -42.3671	  173.7605
4.130	 2.06	 1	 -42.3513	  173.3629
4.130	 3.39	 4	 -42.5778	  172.6240
4.130	 2.88	 2	 -42.5246	  172.1584
4.131	 2.01	 4	 -42.5789	  172.8107
4.132	 2.08	 1	 -42.4926	  174.0353
4.132	 2.31	 1	 -42.4889	  173.0972
4.132	 2.13	 2	 -41.7386	  174.2582
4.132	 2.58	 1	 -41.9442	  173.7487
4.133	 2.53	 3	 -42.6124	  172.9107
4.133	 2.49	 2	 -42.7577	  172.9840
4.135	 2.77	 3	 -41.8598	  174.2802
4.136	 2.19	 1	 -41.6524	  174.3245
4.137	 2.31	 2	 -41.7298	  174.2159
4.137	 2.23	 3	 -42.5423	  172.8265
4.137	 3.17	 3	 -42.5923	  173.0834
4.139	 2.34	 1	 -42.2856	  173.8849
4.140	 2.05	 3	 -41.9424	  172.8833
4.140	 2.19	 3	 -42.6269	  172.8918
4.141	 2.36	 1	 -42.0777	  175.1678
4.141	 2.50	 1	 -42.8093	  173.1470
4.142	 2.10	 1	 -41.4665	  174.9584
4.142	 2.28	 1	 -42.2998	  174.0463
4.143	 2.39	 2	 -41.8380	  173.6232
4.143	 2.03	 1	 -43.0683	  172.5861
4.144	 2.58	 1	 -41.7984	  174.2424
4.144	 2.38	 3	 -42.5773	  172.9240
4.145	 2.82	 1	 -41.7085	  174.3920
4.145	 2.19	 1	 -42.5040	  173.1750
4.145	 4.15	 3	 -42.5550	  172.9015
4.145	 2.02	 1	 -42.5331	  173.7863
4.146	 2.43	 2	 -41.8899	  173.9702
4.146	 2.19	 2	 -41.8875	  173.5663
4.146	 2.13	 1	 -42.2450	  173.9477
4.146	 2.26	 1	 -41.7636	  174.2260
4.147	 2.03	 1	 -42.6323	  173.3707
4.148	 2.26	 3	 -41.9698	  173.9955
4.148	 2.99	 3	 -42.6365	  172.8907
4.148	 3.14	 1	 -43.0284	  172.7662
4.148	 2.50	 1	 -41.7889	  174.2403
4.149	 2.34	 1	 -41.8734	  174.1810
4.149	 2.35	 2	 -41.7576	  174.1405
4.149	 2.05	 2	 -42.0851	  173.9650
4.150	 2.60	 1	 -42.4195	  173.7589
4.150	 2.03	 2	 -42.7645	  172.2397
4.151	 2.25	 2	 -42.2432	  173.6942
4.152	 2.13	 1	 -42.0751	  173.7657
4.154	 2.08	 2	 -41.7195	  174.2113
4.155	 2.23	 2	 -42.5172	  173.2290
4.156	 2.33	 2	 -41.7069	  174.3156
4.156	 2.04	 3	 -42.6571	  172.8785
4.156	 2.78	 1	 -42.5071	  173.4173
4.158	 2.22	 1	 -42.6255	  172.9247
4.158	 2.44	 2	 -42.2961	  173.8397
4.159	 3.64	 3	 -41.8707	  173.5255
4.159	 3.15	 1	 -41.7992	  173.9187
4.159	 2.25	 1	 -41.7520	  174.4456
4.160	 2.10	 3	 -42.5921	  174.0097
4.163	 2.12	 2	 -41.7591	  174.1865
4.164	 2.07	 1	 -41.7070	  174.4398
4.164	 3.21	 1	 -42.8782	  173.1752
4.165	 2.01	 1	 -42.1449	  173.5496
4.165	 2.01	 2	 -42.5334	  173.1723
4.165	 2.35	 1	 -42.2447	  173.7363
4.165	 2.08	 1	 -41.9550	  173.9005
4.165	 2.03	 1	 -42.2722	  173.8811
4.167	 3.15	 1	 -41.6621	  174.3117
4.167	 2.01	 3	 -42.8160	  172.2927
4.168	 2.63	 2	 -41.6963	  174.3367
4.170	 2.41	 1	 -41.6477	  174.3094
4.170	 2.94	 2	 -42.6274	  172.1821
4.171	 2.52	 1	 -41.1695	  173.7336
4.172	 2.23	 2	 -42.0315	  173.8544
4.172	 2.10	 2	 -42.4467	  173.2123
4.172	 2.06	 1	 -41.8307	  174.2605
4.173	 3.91	 2	 -42.8653	  172.1602
4.173	 2.72	 2	 -41.7357	  174.2247
4.175	 4.20	 2	 -41.7273	  174.2634
4.176	 2.53	 2	 -42.2778	  174.2236
4.178	 2.32	 1	 -42.1316	  173.6738
4.178	 2.25	 2	 -42.5776	  173.9874
4.179	 2.30	 1	 -42.3302	  173.8894
4.180	 2.00	 1	 -41.7447	  174.1817
4.180	 2.16	 1	 -41.9023	  174.0548
4.180	 2.23	 1	 -41.7961	  174.2343
4.183	 2.45	 1	 -42.5290	  173.0995
4.184	 2.12	 1	 -41.8200	  174.0746
4.184	 2.49	 1	 -42.3400	  173.2941
4.184	 2.25	 1	 -41.9779	  173.0535
4.185	 2.55	 3	 -42.5805	  173.9608
4.186	 2.31	 1	 -42.3987	  172.9337
4.186	 2.00	 1	 -42.4264	  173.7195
4.187	 2.40	 1	 -42.2051	  173.8376
4.187	 2.76	 1	 -42.6039	  172.9006
4.188	 2.19	 1	 -42.3759	  173.1146
4.188	 2.14	 1	 -41.8210	  173.9756
4.189	 2.68	 1	 -41.8247	  174.2919
4.190	 2.09	 1	 -42.2156	  173.5679
4.190	 2.19	 3	 -42.7302	  172.8436
4.191	 2.53	 4	 -42.5514	  172.9043
4.191	 2.69	 1	 -43.4560	  173.2435
4.192	 2.31	 1	 -42.5316	  173.0769
4.193	 2.27	 2	 -41.9078	  173.3902
4.193	 2.48	 1	 -42.2803	  173.8064
4.193	 2.57	 1	 -42.3540	  173.9519
4.194	 2.07	 2	 -41.9876	  173.5486
4.196	 2.50	 2	 -41.7253	  174.2511
4.197	 2.12	 1	 -42.0556	  173.7707
4.200	 2.54	 1	 -42.5463	  173.0295
4.201	 2.61	 1	 -42.5527	  173.5592
4.201	 2.18	 1	 -42.5050	  173.1141
4.202	 2.91	 1	 -42.6482	  173.1332
4.203	 2.10	 2	 -42.6861	  172.9680
4.203	 2.01	 1	 -41.7082	  174.1783
4.204	 2.02	 2	 -42.0255	  173.6302
4.205	 2.28	 1	 -42.8652	  172.9052
4.206	 2.23	 1	 -42.8138	  175.6911
4.208	 2.29	 1	 -42.3448	  174.0360
4.208	 3.53	 1	 -42.2417	  173.8141
4.208	 2.21	 1	 -42.0155	  173.7803
4.211	 2.83	 1	 -42.0709	  173.7815
4.212	 2.54	 2	 -42.6547	  172.6817
4.213	 2.41	 1	 -41.6478	  174.2126
4.214	 2.07	 2	 -41.6607	  173.9520
4.215	 3.00	 1	 -43.2423	  173.0789
4.215	 2.48	 2	 -42.5188	  172.6692
4.216	 2.41	 1	 -42.4106	  172.9716
4.217	 2.33	 2	 -42.1842	  173.6489
4.217	 2.03	 2	 -41.6747	  174.4126
4.217	 2.93	 2	 -42.3775	  173.8756
4.218	 2.47	 2	 -41.7376	  174.2394
4.218	 2.11	 1	 -41.9593	  173.9916
4.218	 3.40	 1	 -41.6935	  174.0612
4.218	 2.76	 2	 -41.9469	  173.6830
4.219	 2.05	 3	 -41.7188	  174.2084
4.219	 2.66	 1	 -42.3902	  173.9845
4.220	 2.14	 2	 -41.7047	  174.1620
4.220	 2.26	 1	 -42.2903	  173.8289
4.220	 2.43	 1	 -42.2271	  173.6754
4.220	 2.33	 1	 -41.7704	  174.3636
4.220	 3.06	 1	 -41.6835	  174.2497
4.222	 2.82	 2	 -42.0965	  174.2386
4.222	 2.23	 3	 -42.3932	  173.8248
4.222	 2.69	 1	 -41.8354	  174.1948
4.223	 2.45	 1	 -41.8049	  174.2946
4.224	 2.12	 3	 -42.6104	  172.8477
4.224	 2.18	 3	 -42.6148	  172.8530
4.225	 2.86	 1	 -42.0827	  173.2131
4.226	 2.18	 2	 -42.7754	  172.1919
4.226	 2.07	 1	 -42.0508	  173.6927
4.227	 2.22	 1	 -41.7783	  174.3374
4.228	 3.42	 1	 -42.4703	  173.0559
4.228	 2.97	 2	 -42.8139	  172.2729
4.228	 2.66	 2	 -42.7502	  172.2631
4.230	 3.54	 2	 -42.8910	  172.4286
4.230	 2.12	 1	 -42.2936	  173.6403
4.230	 2.51	 1	 -41.7573	  174.2977
4.232	 2.10	 1	 -41.7264	  174.2984
4.232	 2.22	 3	 -41.8382	  173.5296
4.233	 2.07	 1	 -42.0357	  174.1115
4.233	 3.49	 1	 -41.9128	  173.6711
4.235	 2.24	 1	 -42.4055	  173.0452
4.236	 2.19	 1	 -42.3657	  173.7245
4.236	 2.25	 1	 -41.7298	  174.3197
4.236	 3.06	 1	 -42.3995	  173.0564
4.237	 2.14	 1	 -42.5835	  173.1455
4.237	 2.60	 2	 -42.8013	  172.2729
4.238	 2.12	 1	 -42.5688	  173.0007
4.238	 2.49	 1	 -42.3652	  173.8615
4.239	 3.34	 1	 -42.2268	  173.5466
4.240	 2.39	 1	 -42.0333	  173.7747
4.241	 2.53	 1	 -42.8504	  171.8363
4.241	 2.26	 1	 -42.3649	  173.8525
4.242	 2.62	 1	 -42.4412	  173.1080
4.243	 3.50	 1	 -41.8280	  174.1924
4.244	 2.19	 1	 -42.3775	  172.8730
4.245	 3.42	 2	 -41.6900	  174.2631
4.246	 2.20	 1	 -41.7332	  174.2740
4.246	 3.06	 2	 -42.8463	  172.6055
4.247	 2.42	 1	 -41.7596	  174.3436
4.247	 2.05	 2	 -42.7743	  172.2475
4.248	 2.58	 1	 -42.2668	  173.4671
4.248	 2.72	 1	 -41.8943	  174.3098
4.249	 3.98	 1	 -42.4346	  173.1903
4.250	 2.62	 1	 -42.5388	  173.9061
4.251	 2.08	 2	 -44.1708	  174.5001
4.251	 3.02	 1	 -42.1898	  173.5967
4.251	 2.01	 1	 -41.6908	  174.3057
4.253	 2.45	 2	 -42.2248	  174.0609
4.253	 2.24	 1	 -42.1815	  173.6866
4.253	 3.07	 1	 -42.8785	  172.9418
4.256	 2.06	 1	 -42.2598	  173.9582
4.256	 2.08	 2	 -41.7759	  174.2029
4.257	 2.06	 1	 -42.0933	  173.7630
4.257	 2.28	 1	 -42.7370	  173.0518
4.258	 3.11	 1	 -42.9146	  173.6387
4.260	 3.98	 1	 -42.1242	  173.8015
4.261	 2.27	 1	 -41.7316	  174.2753
4.261	 2.20	 1	 -42.4061	  173.5601
4.261	 2.27	 1	 -42.5054	  173.0063
4.262	 2.08	 1	 -42.5447	  172.9637
4.263	 2.16	 1	 -42.3035	  174.1372
4.263	 2.14	 1	 -43.3433	  172.2673
4.263	 2.30	 3	 -42.4228	  172.4578
4.264	 2.22	 3	 -42.5815	  172.9019
4.265	 2.15	 1	 -43.1284	  173.7012
4.265	 2.62	 1	 -41.8244	  173.3600
4.266	 2.07	 3	 -42.6172	  172.8717
4.268	 2.25	 1	 -42.2624	  173.6118
4.268	 3.79	 1	 -43.1507	  172.5009
4.270	 2.22	 1	 -42.3147	  173.7147
4.270	 2.16	 1	 -41.6963	  174.2962
4.271	 3.45	 3	 -42.6186	  172.9016
4.273	 2.40	 2	 -41.6429	  173.9843
4.273	 2.07	 1	 -41.7666	  173.9740
4.274	 2.72	 2	 -41.7444	  174.2272
4.274	 2.34	 2	 -42.8302	  172.1710
4.274	 2.13	 1	 -42.1997	  173.9452
4.275	 2.18	 1	 -38.3291	  175.5284
4.275	 2.19	 1	 -42.2337	  173.5137
4.275	 2.84	 1	 -41.7857	  174.2251
4.275	 2.15	 2	 -41.5715	  174.2818
4.275	 2.61	 3	 -42.6563	  172.9864
4.277	 3.01	 2	 -42.1175	  173.8050
4.277	 2.81	 1	 -41.8194	  174.2277
4.278	 2.12	 1	 -42.3002	  173.3542
4.279	 2.12	 1	 -42.6187	  173.1419
4.280	 3.71	 1	 -43.4588	  174.1015
4.282	 2.37	 2	 -42.5930	  172.9018
4.282	 2.02	 1	 -42.6292	  172.9883
4.283	 2.70	 2	 -42.7076	  172.1437
4.284	 2.57	 1	 -42.8277	  173.0487
4.285	 2.16	 1	 -42.5664	  172.9499
4.285	 2.19	 2	 -42.7980	  172.2205
4.285	 2.86	 1	 -41.7314	  174.5398
4.288	 2.13	 1	 -42.1401	  173.6475
4.288	 2.07	 2	 -42.7501	  172.2452
4.289	 2.06	 2	 -42.4733	  173.2970
4.289	 2.00	 2	 -41.7222	  174.2363
4.291	 2.05	 1	 -42.5437	  173.2399
4.291	 2.17	 1	 -42.5594	  173.1632
4.293	 2.80	 2	 -42.2870	  174.0123
4.293	 2.31	 3	 -42.8146	  173.9242
4.294	 2.01	 1	 -42.4441	  173.4774
4.295	 2.34	 2	 -41.7362	  174.2446
4.296	 2.31	 1	 -41.6856	  174.4317
4.296	 2.38	 2	 -41.9456	  173.9542
4.296	 3.13	 1	 -42.4494	  173.2071
4.297	 2.15	 2	 -41.6644	  174.2153
4.297	 2.43	 1	 -42.5481	  172.9124
4.297	 2.54	 3	 -41.7520	  174.4771
4.298	 2.38	 1	 -42.6516	  173.0518
4.298	 2.23	 1	 -42.6260	  173.0401
4.299	 2.21	 1	 -42.4422	  173.5633
4.299	 2.67	 1	 -42.1588	  173.6052
4.299	 2.64	 3	 -42.5663	  172.8761
4.299	 2.45	 1	 -41.8998	  174.3640
4.302	 2.32	 2	 -42.2222	  173.5962
4.304	 2.04	 1	 -42.0278	  174.1327
4.305	 2.61	 1	 -42.3324	  173.8643
4.305	 3.20	 2	 -42.8209	  172.1520
4.305	 2.30	 1	 -41.9710	  174.0588
4.306	 2.17	 1	 -42.8147	  173.7154
4.307	 2.24	 1	 -42.8191	  172.8759
4.308	 2.00	 1	 -41.8076	  174.1599
4.308	 2.54	 1	 -42.6622	  173.3782
4.310	 2.58	 1	 -42.4809	  173.1485
4.311	 2.03	 1	 -42.1478	  173.9420
4.311	 2.28	 1	 -42.3487	  173.6926
4.312	 2.47	 1	 -41.8031	  174.3680
4.313	 2.12	 2	 -41.8711	  173.4145
4.313	 2.97	 1	 -41.9942	  173.1077
4.313	 2.58	 1	 -42.5690	  173.0630
4.313	 2.31	 1	 -42.1674	  173.6590
4.316	 2.00	 1	 -41.8040	  174.1475
4.316	 3.67	 2	 -42.1794	  173.7963
4.317	 2.81	 1	 -41.8433	  174.2444
4.318	 2.20	 1	 -41.9089	  173.3563
4.318	 2.02	 1	 -41.7695	  174.2875
4.319	 2.68	 3	 -42.0979	  173.2146
4.319	 2.48	 1	 -41.8425	  173.6609
4.319	 2.03	 2	 -41.7182	  174.2233
4.320	 2.38	 1	 -42.1171	  173.8284
4.320	 3.28	 1	 -41.5781	  174.2713
4.320	 2.14	 1	 -41.9739	  173.7110
4.320	 2.79	 1	 -42.2718	  173.9687
4.321	 2.83	 1	 -42.2295	  173.6986
4.321	 2.14	 1	 -42.5801	  173.1394
4.322	 2.02	 1	 -42.7720	  172.7545
4.323	 2.87	 1	 -42.0280	  173.7639
4.323	 2.47	 2	 -41.6881	  174.3247
4.323	 2.34	 2	 -42.7511	  172.2197
4.324	 2.16	 2	 -42.5870	  173.4545
4.326	 2.27	 1	 -42.0872	  173.8477
4.326	 2.08	 1	 -42.6560	  174.1662
4.328	 2.71	 1	 -42.8809	  172.8883
4.328	 2.22	 2	 -41.6987	  174.2620
4.328	 2.14	 3	 -42.5736	  172.8234
4.328	 3.22	 1	 -42.2083	  173.5961
4.330	 2.02	 1	 -42.0110	  173.7471
4.331	 2.10	 1	 -41.7173	  174.1995
4.333	 2.56	 1	 -42.2991	  173.3708
4.333	 2.16	 2	 -42.7455	  172.3415
4.333	 2.09	 2	 -42.0253	  174.1734
4.333	 2.82	 2	 -41.7125	  174.2578
4.334	 2.09	 2	 -41.6905	  174.1659
4.335	 2.27	 1	 -42.2598	  173.8220
4.338	 2.81	 1	 -42.0590	  173.6567
4.339	 2.40	 1	 -41.6508	  174.2834
4.339	 2.21	 1	 -41.6973	  174.2344
4.340	 3.89	 1	 -42.3261	  173.1263
4.340	 2.02	 1	 -41.8432	  174.4259
4.340	 2.01	 1	 -42.3497	  173.7269
4.340	 2.41	 1	 -42.5100	  173.1557
4.341	 2.55	 1	 -42.3917	  174.0064
4.343	 2.35	 1	 -42.9057	  173.2139
4.344	 2.12	 1	 -42.3472	  173.6668
4.344	 2.84	 1	 -41.5436	  173.4859
4.346	 2.03	 1	 -42.3134	  173.4743
4.346	 2.05	 2	 -41.7577	  174.2856
4.350	 2.03	 1	 -42.5063	  173.3640
4.350	 2.47	 2	 -43.1455	  173.6901
4.351	 2.56	 1	 -42.1618	  173.8811
4.353	 2.20	 1	 -42.0283	  174.0026
4.353	 2.31	 1	 -42.2686	  173.5732
4.355	 2.50	 1	 -42.0834	  173.7490
4.355	 2.24	 1	 -42.0173	  174.0965
4.355	 2.85	 1	 -42.6224	  173.8223
4.355	 2.22	 2	 -42.2815	  173.9604
4.358	 2.47	 2	 -41.9658	  173.5365
4.359	 2.09	 1	 -41.8413	  174.2424
4.359	 2.40	 1	 -41.7968	  174.2883
4.359	 3.23	 1	 -42.2819	  173.6786
4.359	 2.15	 1	 -42.5504	  173.0229
4.359	 2.36	 1	 -42.0232	  173.7529
4.359	 2.02	 3	 -42.5879	  173.9520
4.360	 2.14	 2	 -41.6456	  174.0707
4.360	 2.49	 1	 -41.7858	  174.1766
4.361	 2.46	 1	 -45.0470	  169.9514
4.361	 2.81	 3	 -42.5953	  172.8051
4.361	 2.42	 1	 -41.5950	  174.5991
4.362	 2.65	 1	 -42.2694	  173.6149
4.362	 3.62	 3	 -42.8196	  172.2864
4.362	 2.14	 1	 -43.1240	  174.6669
4.364	 2.03	 1	 -42.5187	  173.0365
4.366	 2.02	 1	 -42.4568	  173.2157
4.370	 2.20	 1	 -41.9656	  173.6329
4.370	 2.99	 2	 -42.2872	  173.6249
4.370	 2.80	 2	 -42.8915	  175.3430
4.371	 3.31	 1	 -42.1325	  173.6028
4.371	 2.16	 1	 -42.7387	  173.1829
4.373	 2.01	 1	 -42.2444	  173.6615
4.373	 2.22	 1	 -42.2393	  173.5899
4.374	 2.10	 1	 -42.1128	  172.9225
4.374	 2.05	 2	 -42.0606	  175.8187
4.374	 3.08	 1	 -41.7099	  174.2145
4.374	 2.04	 2	 -42.5999	  173.2213
4.376	 2.38	 1	 -42.5537	  173.1671
4.376	 2.14	 1	 -43.8450	  171.7476
4.376	 2.41	 1	 -42.4941	  173.2709
4.377	 2.18	 1	 -42.8727	  173.2830
4.377	 2.70	 1	 -41.6887	  174.1940
4.377	 2.54	 1	 -42.3422	  172.9127
4.379	 2.41	 2	 -42.8453	  172.8847
4.379	 2.18	 1	 -42.2041	  174.3372
4.379	 2.19	 1	 -39.9865	  177.1425
4.380	 2.10	 1	 -41.7559	  174.2199
4.380	 2.06	 1	 -41.6033	  174.1220
4.380	 2.39	 1	 -42.3139	  173.7326
4.381	 2.06	 1	 -42.4520	  172.6788
4.383	 2.18	 1	 -42.3477	  173.9240
4.385	 3.18	 2	 -42.3219	  173.1275
4.385	 2.03	 1	 -41.7189	  174.2543
4.388	 2.37	 1	 -41.7720	  173.9914
4.388	 2.02	 1	 -42.3969	  173.0243
4.389	 2.47	 2	 -41.8001	  174.2830
4.389	 2.13	 1	 -42.3138	  173.7338
4.389	 2.06	 2	 -42.3581	  173.9003
4.389	 2.13	 1	 -42.1375	  173.8709
4.390	 2.44	 1	 -42.2959	  173.9735
4.391	 2.37	 2	 -42.2199	  173.7009
4.391	 2.14	 1	 -42.3976	  173.4585
4.391	 3.00	 1	 -42.6952	  173.1236
4.391	 2.08	 1	 -42.4093	  173.5771
4.391	 2.35	 1	 -42.5525	  173.3119
4.392	 2.94	 1	 -43.8988	  172.7305
4.392	 2.29	 1	 -42.5108	  173.0742
4.393	 2.08	 1	 -42.0164	  172.6130
4.393	 5.52	 1	 -42.7512	  173.0276
4.393	 2.32	 1	 -42.0280	  173.7348
4.393	 3.92	 2	 -42.7672	  173.1149
4.394	 3.31	 1	 -42.1096	  173.7450
4.396	 2.58	 1	 -42.3456	  173.7514
4.397	 2.36	 1	 -42.5050	  173.4173
4.397	 2.58	 1	 -41.6267	  173.8663
4.397	 2.15	 2	 -42.7667	  172.2401
4.398	 2.32	 1	 -41.6700	  174.2306
4.399	 2.33	 1	 -42.3843	  173.9675
4.399	 2.21	 3	 -42.5555	  173.9861
4.400	 2.29	 1	 -42.5507	  173.0947
4.400	 2.15	 1	 -42.5227	  173.1672
4.400	 2.09	 2	 -42.7991	  173.0518
4.401	 2.22	 1	 -41.7461	  174.1502
4.401	 2.24	 2	 -42.6518	  172.2242
4.402	 2.49	 1	 -42.2331	  173.4806
4.405	 2.26	 1	 -41.7087	  174.2602
4.405	 2.93	 2	 -42.8197	  173.3210
4.406	 2.63	 1	 -42.0245	  172.7833
4.407	 2.04	 2	 -42.7774	  173.0148
4.407	 2.08	 1	 -42.3998	  173.9193
4.407	 2.17	 1	 -41.9406	  173.7644
4.407	 2.83	 1	 -42.0920	  174.1086
4.408	 2.17	 2	 -42.7495	  172.9954
4.408	 2.23	 1	 -42.5332	  173.4442
4.409	 2.40	 1	 -42.3684	  172.9554
4.409	 2.48	 1	 -42.3186	  173.7793
4.410	 2.53	 1	 -42.1786	  173.2422
4.411	 2.59	 1	 -41.6479	  174.2384
4.411	 2.21	 3	 -42.8640	  172.1563
4.412	 2.50	 2	 -42.4543	  173.0115
4.412	 2.29	 1	 -42.0796	  173.9628
4.414	 2.56	 1	 -41.8800	  174.0078
4.414	 2.20	 1	 -42.2370	  173.6096
4.416	 2.24	 1	 -42.4212	  173.5591
4.416	 2.10	 3	 -42.6170	  172.8656
4.417	 2.52	 2	 -42.8583	  173.0912
4.420	 2.48	 1	 -42.1395	  173.9003
4.420	 2.28	 2	 -42.3373	  173.7767
4.422	 2.02	 2	 -43.8710	  172.5699
4.422	 2.53	 1	 -42.1978	  173.8427
4.424	 2.52	 1	 -42.0761	  173.2565
4.424	 2.37	 3	 -41.8975	  173.5347
4.424	 2.70	 2	 -42.7907	  172.2718
4.425	 2.18	 1	 -42.4087	  173.3658
4.426	 2.17	 2	 -41.6272	  174.1781
4.427	 2.88	 2	 -42.6732	  172.9026
4.427	 2.12	 1	 -41.9657	  174.1590
4.427	 4.60	 1	 -40.9382	  173.0620
4.427	 2.06	 2	 -41.6219	  174.0330
4.427	 2.08	 2	 -42.7168	  172.9718
4.428	 2.28	 1	 -42.2453	  173.6592
4.428	 2.56	 1	 -41.6257	  173.8369
4.429	 2.45	 1	 -41.6600	  174.1658
4.429	 2.31	 1	 -41.7280	  174.2343
4.429	 3.10	 1	 -41.7081	  174.2150
4.430	 2.21	 3	 -42.6070	  172.8635
4.430	 2.18	 2	 -42.7843	  173.0528
4.430	 2.10	 2	 -42.7880	  173.0000
4.431	 2.63	 1	 -42.8430	  173.1416
4.432	 2.12	 1	 -42.0283	  173.7298
4.433	 2.12	 2	 -42.2482	  173.6148
4.435	 2.19	 1	 -42.1956	  173.6919
4.435	 2.04	 2	 -42.1265	  173.7966
4.435	 2.16	 2	 -42.0628	  174.3966
4.435	 2.73	 2	 -42.8347	  172.2004
4.435	 2.08	 1	 -42.3920	  173.7998
4.436	 2.19	 1	 -41.6790	  174.2988
4.437	 2.66	 3	 -41.6471	  174.3857
4.437	 2.16	 1	 -42.4983	  173.2452
4.437	 2.90	 2	 -42.6992	  173.0223
4.439	 2.15	 1	 -41.7452	  174.3045
4.440	 2.62	 1	 -42.5329	  173.6257
4.440	 2.03	 2	 -42.0919	  173.9643
4.441	 2.02	 3	 -42.5661	  172.9586
4.441	 3.03	 1	 -42.3624	  173.6276
4.442	 2.14	 3	 -42.8240	  172.1756
4.442	 3.47	 1	 -41.9485	  174.0142
4.442	 2.81	 3	 -42.6030	  172.8519
4.443	 2.05	 2	 -42.5017	  173.1104
4.444	 2.13	 1	 -42.3326	  173.6726
4.445	 2.66	 1	 -41.8911	  173.8713
4.445	 2.05	 1	 -41.6884	  173.5806
4.446	 2.35	 3	 -42.6845	  173.2813
4.447	 2.05	 3	 -42.3895	  171.6338
4.447	 2.05	 1	 -42.9660	  172.9730
4.448	 2.33	 1	 -42.2796	  173.9304
4.449	 2.01	 1	 -41.6721	  173.6707
4.450	 2.12	 3	 -39.1740	  176.8449
4.450	 2.46	 1	 -42.1874	  173.8899
4.451	 2.15	 2	 -42.7404	  173.0025
4.452	 3.23	 2	 -42.5979	  172.7742
4.453	 2.84	 1	 -41.6907	  174.2608
4.453	 2.03	 2	 -42.6772	  172.1652
4.453	 2.13	 1	 -41.5620	  173.9332
4.453	 2.44	 1	 -42.4569	  173.1041
4.453	 2.30	 1	 -42.6642	  172.8956
4.453	 2.89	 1	 -41.6651	  174.2368
4.455	 2.39	 2	 -42.7652	  173.0108
4.456	 2.32	 2	 -42.2878	  173.8263
4.456	 2.51	 1	 -42.7486	  173.2446
4.458	 2.72	 2	 -42.3306	  173.8352
4.458	 2.48	 1	 -41.4352	  173.5802
4.458	 2.08	 1	 -38.9445	  176.4021
4.460	 2.11	 2	 -42.8399	  172.2784
4.462	 2.14	 1	 -42.3219	  173.6779
4.462	 2.17	 1	 -42.2634	  173.6174
4.462	 2.20	 2	 -41.7199	  174.2367
4.462	 3.09	 1	 -42.5935	  173.4915
4.464	 2.44	 3	 -42.5530	  172.8428
4.465	 2.59	 2	 -42.7081	  172.9951
4.465	 2.75	 3	 -42.8432	  173.0523
4.466	 2.78	 1	 -42.0438	  173.7138
4.466	 2.17	 1	 -42.3182	  173.5475
4.466	 2.85	 1	 -42.5507	  173.2609
4.466	 2.50	 1	 -42.3617	  173.3373
4.466	 3.26	 2	 -42.5865	  173.9866
4.467	 3.58	 1	 -42.2371	  173.5808
4.467	 2.17	 1	 -41.7190	  174.2069
4.468	 3.33	 1	 -42.3084	  173.7003
4.468	 2.33	 1	 -42.5441	  173.0643
4.468	 2.41	 2	 -41.8254	  173.3597
4.469	 2.51	 1	 -41.8385	  174.1435
4.469	 2.74	 3	 -42.6139	  172.9373
4.470	 2.08	 1	 -42.2136	  173.7250
4.471	 2.53	 2	 -42.8347	  173.0935
4.471	 2.18	 1	 -42.4396	  173.1774
4.471	 3.28	 1	 -42.1325	  173.6953
4.471	 2.14	 1	 -42.4227	  173.1404
4.472	 2.75	 2	 -41.7055	  174.2584
4.472	 2.19	 2	 -41.8894	  173.5148
4.472	 3.96	 1	 -42.0152	  173.7768
4.473	 2.75	 1	 -42.0132	  173.7950
4.474	 2.47	 1	 -42.2451	  173.9428
4.475	 2.79	 3	 -42.7838	  173.0517
4.475	 2.11	 3	 -42.6068	  173.3342
4.476	 3.26	 3	 -42.9468	  172.6572
4.477	 2.78	 1	 -42.4190	  173.3789
4.477	 2.01	 3	 -42.5024	  173.1103
4.479	 2.11	 1	 -42.7063	  173.2149
4.480	 2.28	 1	 -42.3746	  173.9825
4.482	 2.51	 2	 -42.4261	  173.2038
4.482	 3.37	 4	 -42.4950	  172.8800
4.482	 2.04	 1	 -42.3136	  173.2583
4.484	 2.51	 2	 -41.7549	  174.2802
4.485	 2.09	 1	 -42.0302	  173.7030
4.486	 2.65	 1	 -41.7057	  174.2063
4.487	 2.16	 1	 -42.2960	  173.8863
4.487	 2.06	 1	 -41.8660	  173.9854
4.488	 2.15	 1	 -42.4842	  173.6889
4.489	 2.94	 3	 -42.5979	  172.8321
4.489	 2.07	 3	 -42.7439	  172.2201
4.491	 2.13	 1	 -42.2403	  173.7815
4.491	 2.08	 1	 -42.6127	  172.9949
4.492	 4.05	 1	 -42.5624	  172.7885
4.493	 2.00	 2	 -40.9386	  173.0403
4.493	 2.24	 1	 -41.7883	  174.2705
4.493	 2.36	 1	 -42.4186	  173.8480
4.493	 2.08	 2	 -42.7097	  172.9601
4.493	 2.16	 1	 -42.1985	  173.8577
4.494	 2.24	 1	 -41.7491	  174.3296
4.494	 2.18	 1	 -42.4625	  172.8508
4.494	 2.48	 1	 -42.6121	  172.7280
4.495	 2.02	 1	 -42.1790	  174.5494
4.497	 2.30	 1	 -41.0456	  174.7018
4.497	 2.14	 1	 -42.2960	  173.5597
4.497	 2.27	 3	 -42.5705	  172.8716
4.497	 2.32	 1	 -42.2848	  173.9580
4.498	 2.99	 1	 -42.4315	  173.7877
4.499	 3.47	 1	 -41.9150	  174.3591
4.501	 4.42	 1	 -41.7350	  174.2959
4.501	 2.87	 2	 -42.8159	  172.9960
4.502	 2.81	 4	 -41.8138	  173.5147
4.503	 2.02	 1	 -42.3213	  173.5328
4.505	 2.44	 1	 -42.4356	  173.4968
4.506	 2.58	 1	 -41.7791	  174.2627
4.506	 2.02	 1	 -41.7231	  174.4033
4.508	 2.35	 2	 -42.2829	  174.2204
4.508	 2.20	 2	 -41.8478	  174.3258
4.509	 2.09	 2	 -42.2651	  174.0100
4.509	 2.88	 1	 -42.4756	  176.7509
4.511	 2.38	 1	 -42.9117	  172.8733
4.513	 3.75	 2	 -41.7091	  174.2561
4.513	 2.54	 1	 -41.8066	  174.2774
4.514	 2.14	 1	 -43.7508	  173.2461
4.514	 2.19	 1	 -41.8761	  174.1533
4.514	 2.07	 2	 -42.7477	  173.0354
4.514	 2.23	 2	 -42.2845	  173.6116
4.516	 2.38	 2	 -41.6058	  174.4149
4.517	 2.15	 1	 -42.2049	  173.7652
4.519	 2.83	 1	 -41.8235	  174.1327
4.520	 2.26	 1	 -42.5475	  173.1181
4.520	 2.08	 1	 -42.4562	  173.3417
4.521	 2.83	 2	 -42.7801	  172.1947
4.522	 2.01	 1	 -42.4065	  172.1462
4.522	 2.50	 1	 -42.5031	  173.2991
4.522	 2.43	 2	 -42.8581	  172.9324
4.523	 2.04	 1	 -42.6757	  172.8638
4.524	 2.31	 1	 -41.9184	  173.7234
4.524	 2.48	 1	 -41.2574	  174.5075
4.525	 3.07	 3	 -42.5361	  173.9417
4.525	 2.01	 1	 -42.4537	  173.1164
4.525	 3.72	 2	 -43.7419	  173.2542
4.526	 2.69	 1	 -42.2066	  173.7810
4.526	 2.55	 2	 -42.4354	  173.1769
4.527	 2.05	 1	 -41.9025	  174.1881
4.527	 2.15	 1	 -41.8069	  174.3298
4.528	 2.14	 2	 -41.7561	  174.2202
4.530	 2.13	 1	 -41.6702	  174.1787
4.531	 2.07	 4	 -42.7952	  172.5869
4.531	 2.25	 1	 -46.1041	  171.9291
4.533	 2.74	 1	 -42.3028	  173.7425
4.533	 3.10	 1	 -41.6986	  174.1183
4.533	 2.18	 2	 -42.4308	  173.7962
4.535	 2.11	 2	 -43.0552	  172.6392
4.535	 2.84	 1	 -40.7227	  176.8020
4.536	 2.19	 1	 -42.0490	  173.9334
4.537	 2.27	 2	 -42.5383	  172.5996
4.537	 2.52	 1	 -42.1468	  173.6117
4.538	 2.13	 1	 -42.1019	  174.3249
4.538	 2.13	 1	 -42.4575	  173.5368
4.538	 2.22	 1	 -41.6974	  174.2964
4.539	 2.19	 1	 -42.4723	  173.1385
4.540	 2.33	 2	 -42.7634	  172.2297
4.540	 2.22	 1	 -41.6900	  174.2794
4.543	 2.38	 1	 -43.1675	  173.9761
4.543	 3.21	 1	 -42.5075	  172.8564
4.544	 2.50	 1	 -42.0190	  173.7773
4.544	 2.22	 1	 -42.7713	  173.1958
4.545	 2.26	 1	 -42.3544	  173.4159
4.546	 2.32	 1	 -42.5469	  173.0246
4.546	 3.60	 1	 -42.0231	  173.7533
4.548	 2.32	 1	 -41.9374	  173.9238
4.549	 2.21	 4	 -42.5638	  172.8410
4.549	 2.28	 1	 -42.2911	  173.6098
4.551	 2.27	 1	 -41.6292	  174.2346
4.553	 2.33	 1	 -42.3753	  173.8402
4.553	 2.09	 3	 -43.7470	  173.2668
4.554	 2.16	 2	 -38.3875	  173.6133
4.554	 2.13	 3	 -42.5978	  172.8760
4.556	 2.53	 1	 -42.4318	  173.0137
4.556	 2.09	 1	 -41.7363	  174.2876
4.557	 2.20	 1	 -41.6642	  174.3356
4.559	 2.21	 2	 -42.7478	  172.9926
4.559	 2.40	 1	 -42.4804	  172.7013
4.560	 2.29	 1	 -42.0063	  173.7101
4.560	 2.59	 1	 -42.3088	  173.8329
4.561	 2.61	 2	 -42.7374	  173.0106
4.561	 2.50	 1	 -42.0938	  174.3430
4.561	 2.36	 3	 -42.5859	  172.7655
4.561	 2.20	 2	 -41.7801	  174.2728
4.562	 2.45	 1	 -42.3810	  173.0707
4.564	 2.19	 1	 -41.9967	  173.2320
4.564	 3.44	 1	 -42.5193	  173.0619
4.565	 2.94	 1	 -42.5123	  173.3201
4.565	 2.55	 2	 -41.9571	  173.5071
4.566	 2.01	 1	 -42.4183	  173.2101
4.566	 2.44	 2	 -42.2686	  173.5720
4.566	 4.09	 2	 -41.8382	  174.2835
4.567	 2.03	 1	 -42.3773	  173.7563
4.567	 2.36	 1	 -41.7478	  174.1494
4.567	 2.50	 1	 -41.7791	  174.0697
4.568	 2.37	 1	 -41.9858	  174.2847
4.568	 2.63	 1	 -42.3507	  173.5310
4.569	 2.23	 2	 -42.0716	  173.7752
4.570	 2.93	 2	 -42.1546	  173.7242
4.570	 2.56	 1	 -41.7904	  174.0928
4.571	 2.08	 1	 -41.9563	  173.4262
4.572	 4.12	 1	 -41.6896	  174.2314
4.572	 2.31	 2	 -42.2561	  173.6446
4.572	 2.56	 1	 -42.2668	  173.2871
4.572	 2.49	 1	 -42.2062	  173.5446
4.573	 2.20	 3	 -42.5842	  172.8302
4.574	 2.09	 1	 -42.4790	  173.8358
4.575	 2.45	 2	 -41.6826	  174.2496
4.575	 3.69	 1	 -42.5186	  173.9317
4.576	 2.54	 3	 -42.5951	  172.8648
4.578	 2.09	 1	 -42.4065	  173.1071
4.579	 2.22	 2	 -42.6568	  172.9873
4.579	 3.37	 1	 -42.1991	  173.6761
4.581	 3.27	 1	 -42.6795	  173.1523
4.582	 2.29	 2	 -41.9738	  174.2843
4.582	 2.21	 1	 -41.9701	  174.1632
4.582	 2.02	 2	 -42.2906	  173.4762
4.582	 2.02	 3	 -42.5751	  172.8315
4.582	 2.37	 1	 -42.6145	  173.2556
4.583	 2.08	 2	 -42.7061	  173.0458
4.584	 2.27	 1	 -42.3521	  173.7097
4.585	 3.19	 2	 -40.9361	  173.0694
4.585	 2.03	 1	 -42.5705	  173.0945
4.586	 2.39	 1	 -42.6133	  173.2467
4.587	 2.12	 3	 -42.7775	  172.2737
4.587	 2.46	 2	 -42.7512	  172.8495
4.587	 2.01	 2	 -41.7181	  174.2422
4.588	 2.31	 1	 -42.0435	  172.3890
4.588	 2.80	 1	 -42.3028	  173.9617
4.589	 2.41	 1	 -42.5004	  173.2775
4.589	 2.61	 3	 -42.5038	  172.6970
4.590	 2.81	 1	 -39.9899	  175.4883
4.590	 2.19	 2	 -41.5334	  176.4529
4.591	 3.38	 1	 -42.2559	  173.9022
4.592	 2.09	 1	 -42.5845	  173.1529
4.593	 3.18	 2	 -42.7592	  172.2560
4.593	 2.04	 3	 -42.2139	  174.2101
4.593	 2.08	 2	 -42.2992	  173.6531
4.594	 2.85	 2	 -42.7674	  173.0434
4.594	 2.22	 1	 -41.9707	  173.7223
4.594	 2.42	 2	 -42.7401	  173.0016
4.596	 4.06	 1	 -41.2158	  174.2423
4.596	 2.08	 1	 -42.7869	  173.1692
4.596	 2.60	 1	 -42.9513	  173.1523
4.597	 2.06	 1	 -42.4993	  173.7913
4.599	 2.66	 2	 -42.0764	  174.0059
4.600	 2.23	 1	 -42.7868	  173.0538
4.600	 3.01	 1	 -41.1390	  174.3651
4.600	 2.91	 1	 -42.3930	  174.0678
4.600	 2.07	 1	 -41.7276	  174.0726
4.601	 2.05	 2	 -41.7375	  174.1093
4.603	 2.14	 2	 -42.7734	  172.7545
4.606	 2.54	 2	 -42.9076	  172.9046
4.607	 3.08	 2	 -41.7274	  174.2712
4.607	 2.03	 1	 -42.6850	  172.9337
4.609	 2.17	 1	 -42.7531	  173.3042
4.609	 2.41	 1	 -42.2398	  173.6463
4.610	 2.45	 1	 -41.7070	  174.2304
4.611	 2.33	 1	 -42.3757	  173.9795
4.611	 2.15	 1	 -42.1397	  173.5781
4.612	 2.35	 1	 -42.0842	  173.8371
4.615	 2.05	 1	 -42.5204	  173.2610
4.615	 2.17	 1	 -42.7923	  173.0927
4.615	 3.46	 1	 -42.2442	  173.6039
4.616	 2.17	 1	 -40.1177	  171.8797
4.617	 2.07	 2	 -42.7160	  173.0496
4.617	 2.43	 1	 -41.6998	  174.2809
4.617	 2.35	 1	 -42.5041	  173.3647
4.619	 2.17	 1	 -42.3029	  173.4136
4.620	 4.34	 2	 -42.5099	  172.8559
4.621	 2.11	 1	 -42.6888	  173.5858
4.621	 2.13	 1	 -42.4962	  173.3848
4.622	 2.75	 1	 -42.6059	  173.0910
4.623	 2.47	 2	 -42.8414	  173.3484
4.624	 2.14	 1	 -41.7372	  174.4386
4.624	 2.30	 3	 -42.4859	  173.8707
4.624	 2.05	 1	 -43.4135	  173.5945
4.624	 2.17	 1	 -43.2908	  173.6156
4.625	 2.40	 1	 -42.0751	  173.9914
4.626	 2.53	 2	 -41.6929	  174.3123
4.626	 3.91	 1	 -41.7788	  174.1850
4.627	 2.26	 1	 -42.4388	  173.4502
4.627	 2.60	 1	 -42.2902	  173.3843
4.627	 2.16	 2	 -42.7449	  173.3072
4.628	 2.05	 3	 -42.5832	  172.8706
4.630	 2.67	 1	 -41.6894	  174.2218
4.630	 2.04	 3	 -42.6542	  172.8513
4.631	 2.46	 1	 -41.8112	  174.2432
4.632	 2.64	 2	 -41.7399	  174.2521
4.632	 2.75	 2	 -43.3706	  174.1250
4.632	 2.47	 1	 -42.1930	  173.6706
4.633	 2.03	 1	 -41.7402	  174.2449
4.633	 2.40	 1	 -42.2440	  174.4329
4.633	 2.10	 1	 -42.2451	  173.6310
4.633	 2.57	 3	 -41.6809	  174.3404
4.635	 2.23	 1	 -42.5710	  173.0906
4.635	 2.18	 1	 -42.3056	  174.0125
4.635	 2.05	 1	 -42.2211	  173.6395
4.635	 2.54	 1	 -42.0002	  173.2998
4.635	 2.14	 2	 -42.0114	  175.4081
4.639	 2.61	 1	 -42.7190	  173.2683
4.640	 2.17	 1	 -41.7910	  174.2000
4.640	 2.07	 2	 -43.4619	  174.0996
4.641	 2.08	 1	 -42.4577	  173.7846
4.641	 2.95	 1	 -42.0758	  173.5820
4.641	 2.48	 1	 -42.7497	  173.1015
4.643	 2.16	 1	 -42.2106	  173.5567
4.643	 2.02	 1	 -42.2652	  173.8811
4.643	 2.72	 1	 -41.6061	  174.2290
4.643	 2.85	 1	 -42.3769	  174.0867
4.645	 2.47	 4	 -42.5844	  172.9095
4.645	 2.17	 1	 -42.4510	  173.2601
4.645	 2.03	 1	 -42.2045	  173.8229
4.646	 2.12	 1	 -41.7841	  174.0615
4.646	 2.79	 2	 -42.7447	  173.0141
4.647	 3.23	 1	 -41.6424	  174.0759
4.647	 2.14	 1	 -42.2863	  173.9193
4.647	 3.08	 1	 -42.2621	  173.9468
4.648	 2.30	 1	 -41.8233	  174.3562
4.648	 2.03	 2	 -42.8742	  172.4106
4.648	 2.68	 2	 -42.6893	  173.0510
4.650	 2.23	 1	 -41.0233	  172.9825
4.650	 2.50	 1	 -41.8955	  172.4392
4.651	 2.13	 1	 -42.2732	  173.6207
4.651	 2.17	 2	 -42.5515	  173.1157
4.651	 2.42	 2	 -41.9104	  173.5537
4.652	 2.33	 1	 -42.4447	  173.2869
4.653	 2.09	 2	 -42.9667	  173.0235
4.654	 2.18	 1	 -42.5027	  173.3296
4.654	 2.32	 2	 -42.7456	  172.9575
4.655	 2.11	 1	 -42.4835	  173.8080
4.657	 2.02	 2	 -42.3242	  173.6779
4.658	 2.44	 1	 -41.7026	  174.3057
4.658	 3.63	 1	 -42.5405	  173.2981
4.658	 2.32	 2	 -42.5388	  173.5128
4.659	 2.62	 1	 -41.7352	  174.3344
4.661	 2.15	 2	 -42.7274	  173.0209
4.661	 2.03	 1	 -41.8207	  174.5560
4.661	 2.36	 1	 -42.6240	  173.2896
4.662	 2.95	 2	 -42.2093	  173.5556
4.663	 3.39	 1	 -42.4015	  174.0482
4.664	 2.51	 2	 -42.4387	  173.3991
4.664	 2.24	 2	 -41.3348	  175.1927
4.664	 2.24	 1	 -42.4164	  173.4834
4.665	 2.01	 1	 -41.9703	  173.6501
4.665	 3.26	 3	 -42.5233	  172.8758
4.665	 2.05	 1	 -42.4045	  173.3978
4.666	 2.28	 1	 -42.4874	  172.5133
4.666	 2.37	 3	 -42.7397	  173.0100
4.667	 4.08	 1	 -42.3980	  173.3743
4.667	 2.23	 1	 -42.3512	  173.9173
4.668	 2.08	 2	 -42.2287	  173.9453
4.668	 2.06	 1	 -42.7664	  177.1437
4.669	 2.19	 3	 -42.4695	  173.3513
4.669	 2.26	 2	 -40.9795	  173.1135
4.670	 2.60	 1	 -42.9222	  173.4210
4.670	 2.70	 1	 -42.4244	  173.4889
4.671	 2.17	 1	 -41.8112	  174.2274
4.671	 2.05	 1	 -42.4638	  173.8169
4.674	 2.38	 1	 -41.7587	  174.2388
4.675	 3.23	 1	 -42.0186	  173.7178
4.675	 2.11	 1	 -42.6581	  173.0918
4.676	 2.10	 2	 -42.7191	  173.0374
4.676	 2.20	 2	 -42.2661	  173.4336
4.676	 2.09	 2	 -42.7482	  173.0372
4.677	 3.00	 2	 -41.7989	  174.4023
4.678	 2.98	 1	 -41.7449	  174.2225
4.679	 2.79	 1	 -42.1383	  172.9287
4.681	 2.75	 2	 -42.2955	  173.4974
4.684	 2.29	 1	 -42.5826	  173.0978
4.684	 2.69	 1	 -42.3369	  173.8218
4.685	 2.01	 1	 -41.6945	  174.2522
4.685	 2.08	 1	 -42.3776	  174.0884
4.685	 2.63	 1	 -41.6578	  174.2572
4.687	 2.20	 1	 -41.6807	  174.3097
4.688	 2.37	 1	 -42.1594	  173.5609
4.688	 2.62	 1	 -41.7124	  174.3560
4.689	 2.48	 1	 -42.7547	  172.8591
4.689	 2.69	 1	 -42.9947	  173.5993
4.690	 2.56	 2	 -40.9346	  173.0877
4.690	 4.24	 3	 -42.5792	  172.8820
4.691	 2.19	 1	 -42.0164	  173.6417
4.693	 2.09	 1	 -42.0058	  173.7909
4.695	 2.13	 2	 -42.7344	  172.3639
4.695	 2.30	 1	 -42.2615	  173.6077
4.695	 2.15	 1	 -42.7705	  173.0494
4.696	 4.05	 1	 -42.6825	  172.9469
4.697	 2.24	 2	 -41.7193	  174.2136
4.698	 2.18	 1	 -43.1025	  172.2882
4.698	 2.17	 1	 -42.2323	  173.6023
4.698	 2.17	 1	 -41.6828	  174.2262
4.699	 3.17	 1	 -42.1686	  170.8297
4.699	 2.15	 1	 -42.2140	  173.6685
4.699	 2.15	 2	 -42.3056	  173.9838
4.700	 2.20	 2	 -41.7832	  174.3420
4.701	 2.28	 2	 -41.6933	  174.2283
4.702	 2.48	 3	 -42.5451	  172.9026
4.702	 2.16	 1	 -43.1546	  172.6492
4.702	 2.70	 1	 -42.6798	  172.9129
4.704	 2.01	 1	 -42.6155	  173.0669
4.705	 2.67	 1	 -41.9765	  173.9194
4.706	 2.26	 1	 -42.2124	  173.5958
4.707	 3.31	 1	 -41.6755	  174.2717
4.707	 2.16	 2	 -42.7049	  172.4587
4.708	 2.18	 1	 -41.6341	  174.1418
4.708	 2.55	 2	 -42.4790	  172.2058
4.710	 3.03	 1	 -42.6023	  173.0104
4.711	 2.41	 1	 -42.3974	  173.3581
4.711	 2.55	 1	 -41.9996	  174.3800
4.712	 2.12	 1	 -41.8282	  174.1776
4.713	 2.03	 2	 -42.7385	  172.2814
4.714	 2.22	 1	 -41.7018	  174.1180
4.715	 2.68	 1	 -42.3581	  174.0220
4.716	 2.32	 1	 -42.2739	  172.8608
4.716	 2.12	 1	 -41.5687	  174.2137
4.719	 2.65	 1	 -41.7067	  175.6781
4.721	 2.09	 1	 -41.8460	  174.1147
4.721	 2.93	 3	 -41.8368	  174.2811
4.724	 2.22	 1	 -42.0481	  173.4070
4.724	 2.12	 1	 -41.8817	  174.2781
4.724	 2.49	 2	 -42.2346	  173.8073
4.725	 2.29	 1	 -42.3802	  173.9455
4.725	 2.33	 2	 -41.9797	  173.4773
4.726	 2.15	 1	 -41.7499	  174.2128
4.726	 2.76	 1	 -42.5271	  173.5400
4.726	 2.16	 2	 -41.3843	  174.3683
4.726	 2.63	 2	 -42.5294	  173.9131
4.727	 2.02	 2	 -42.5315	  173.5121
4.727	 2.34	 2	 -42.7183	  172.9717
4.728	 3.43	 1	 -41.8399	  174.3389
4.728	 2.32	 1	 -42.5058	  173.5947
4.729	 2.03	 1	 -41.6217	  173.8523
4.729	 2.41	 2	 -41.6899	  174.2701
4.729	 2.76	 1	 -42.3865	  173.9805
4.730	 2.20	 1	 -42.0889	  173.7738
4.730	 4.19	 2	 -42.7057	  172.9594
4.730	 2.05	 1	 -41.6243	  174.3251
4.731	 2.11	 1	 -42.3116	  173.6377
4.731	 2.56	 1	 -41.6924	  174.4225
4.732	 2.44	 3	 -42.4581	  172.8530
4.732	 2.08	 2	 -41.6449	  174.1229
4.733	 2.15	 1	 -42.3140	  173.0833
4.733	 2.24	 1	 -42.7895	  173.7709
4.734	 2.02	 1	 -42.4870	  173.1282
4.735	 2.01	 3	 -42.6810	  172.8850
4.736	 2.47	 1	 -41.8506	  174.0487
4.738	 2.22	 2	 -42.7564	  173.0276
4.738	 2.57	 2	 -42.1976	  173.6760
4.740	 4.76	 2	 -41.7096	  174.1511
4.740	 2.15	 1	 -42.6056	  173.0964
4.741	 2.33	 1	 -42.3630	  173.3563
4.742	 2.19	 1	 -42.4817	  174.0257
4.742	 2.30	 1	 -42.7087	  173.5279
4.742	 2.40	 1	 -41.7115	  174.4165
4.743	 2.35	 2	 -41.7244	  174.2406
4.744	 2.81	 1	 -42.2427	  173.9327
4.744	 2.78	 1	 -42.5668	  173.0841
4.744	 2.34	 1	 -41.7011	  174.2991
4.745	 2.10	 1	 -45.6645	  177.6132
4.746	 2.13	 1	 -42.2135	  173.8674
4.746	 2.05	 2	 -42.4071	  173.3870
4.747	 2.02	 3	 -42.5745	  172.8172
4.747	 2.27	 1	 -42.3840	  174.0337
4.747	 2.05	 2	 -42.6953	  173.1249
4.748	 2.75	 1	 -42.5127	  173.7193
4.748	 2.10	 2	 -42.7813	  172.3009
4.750	 2.78	 1	 -41.9080	  173.5902
4.751	 2.28	 2	 -42.7066	  172.2067
4.751	 2.59	 1	 -42.2151	  173.5623
4.751	 3.59	 1	 -42.3414	  174.2277
4.753	 2.64	 1	 -42.6025	  173.2023
4.753	 2.08	 1	 -42.4839	  173.7938
4.756	 2.06	 1	 -40.7391	  172.6422
4.759	 2.20	 1	 -42.6442	  173.3046
4.759	 2.40	 1	 -41.9827	  173.8861
4.760	 2.76	 3	 -42.5760	  173.9574
4.761	 2.26	 3	 -42.6037	  173.9545
4.761	 2.70	 2	 -42.2886	  173.0959
4.762	 2.75	 2	 -42.2284	  173.9819
4.762	 2.09	 1	 -41.7412	  174.0676
4.763	 2.51	 1	 -41.7162	  173.9807
4.764	 2.34	 2	 -42.7132	  173.0549
4.764	 2.46	 1	 -42.2863	  173.7496
4.766	 2.24	 3	 -42.6197	  172.8788
4.766	 2.64	 2	 -42.6236	  172.9611
4.767	 2.07	 3	 -43.1281	  172.4789
4.769	 2.19	 2	 -40.8980	  172.9847
4.769	 2.50	 2	 -41.9061	  174.0165
4.769	 2.31	 1	 -41.9985	  173.7403
4.769	 3.65	 2	 -41.8989	  173.2961
4.769	 2.38	 1	 -41.6048	  174.2825
4.769	 2.14	 1	 -42.3984	  173.6823
4.770	 3.14	 1	 -42.6096	  172.9124
4.771	 2.61	 2	 -42.8449	  172.3673
4.772	 2.27	 1	 -41.7075	  174.3657
4.772	 3.07	 1	 -42.3293	  173.6626
4.773	 2.27	 1	 -42.2022	  173.7565
4.773	 2.41	 1	 -42.1857	  173.6586
4.773	 2.67	 1	 -41.7596	  174.1332
4.776	 2.07	 1	 -42.8837	  174.3541
4.776	 3.07	 3	 -42.1538	  173.7193
4.776	 2.85	 2	 -42.3998	  173.3804
4.779	 2.96	 1	 -42.9445	  173.1674
4.779	 2.46	 1	 -42.7537	  172.0782
4.779	 2.07	 1	 -42.2319	  172.6516
4.779	 2.29	 1	 -42.2736	  173.3019
4.780	 2.14	 1	 -42.4357	  173.1047
4.782	 2.43	 1	 -42.6568	  172.9200
4.782	 2.05	 1	 -42.4890	  173.1571
4.782	 2.22	 1	 -41.8249	  174.0461
4.784	 2.74	 3	 -41.9739	  173.6750
4.786	 2.08	 3	 -42.6390	  172.9034
4.786	 2.01	 1	 -42.5545	  173.5588
4.787	 2.30	 1	 -42.2469	  173.8318
4.789	 2.48	 3	 -42.5585	  173.9362
4.789	 2.08	 2	 -41.6032	  174.1228
4.790	 2.68	 1	 -42.1480	  173.5583
4.791	 2.33	 1	 -41.6044	  174.3443
4.791	 2.00	 1	 -41.5612	  174.3983
4.791	 2.23	 1	 -41.9737	  174.0826
4.793	 2.28	 1	 -42.6737	  172.7975
4.794	 2.80	 1	 -41.4789	  173.5228
4.794	 2.31	 2	 -42.2424	  173.8221
4.796	 3.05	 1	 -42.5863	  173.1138
4.796	 2.31	 2	 -42.2073	  173.9121
4.796	 2.78	 1	 -44.9896	  178.4056
4.798	 2.33	 1	 -42.4680	  172.6219
4.798	 2.65	 3	 -43.7320	  173.2546
4.798	 2.25	 3	 -42.6173	  172.2036
4.799	 2.05	 1	 -41.6194	  172.5795
4.799	 2.01	 1	 -42.4089	  173.0704
4.801	 2.13	 1	 -41.7381	  174.2388
4.801	 2.10	 2	 -42.1468	  173.7631
4.802	 2.53	 3	 -41.7629	  175.1869
4.803	 2.55	 2	 -41.8367	  174.2896
4.803	 2.64	 1	 -41.6964	  174.2705
4.803	 3.65	 2	 -42.4323	  173.0992
4.804	 2.94	 2	 -41.7336	  176.4248
4.804	 2.12	 1	 -42.1569	  173.5867
4.805	 3.26	 2	 -41.7890	  174.2160
4.808	 2.07	 2	 -41.8770	  173.5007
4.810	 2.04	 1	 -42.4823	  173.2203
4.811	 2.02	 2	 -42.0014	  173.7916
4.812	 2.20	 1	 -41.9039	  174.0582
4.813	 2.42	 4	 -42.5689	  172.7647
4.813	 2.34	 2	 -42.5674	  173.7659
4.813	 2.05	 2	 -42.9939	  173.5998
4.816	 2.15	 1	 -41.7019	  174.3171
4.816	 2.06	 1	 -42.6720	  172.8716
4.817	 2.22	 3	 -42.5793	  173.8692
4.817	 2.28	 1	 -42.6437	  173.7475
4.818	 2.48	 1	 -44.0529	  169.1829
4.819	 2.03	 2	 -42.6483	  173.1433
4.819	 2.24	 2	 -42.4421	  173.2217
4.819	 2.75	 1	 -41.7858	  173.9530
4.820	 2.63	 1	 -42.5125	  173.2025
4.821	 3.13	 1	 -42.4252	  173.9122
4.821	 2.71	 1	 -41.7767	  174.2690
4.823	 2.56	 1	 -42.2540	  173.9066
4.824	 2.47	 3	 -42.4782	  174.0240
4.824	 3.15	 2	 -41.7533	  174.0209
4.827	 2.23	 2	 -41.4949	  174.2164
4.827	 2.02	 1	 -42.1663	  173.5467
4.828	 2.10	 3	 -42.7811	  172.1918
4.829	 2.39	 1	 -41.7951	  174.0892
4.830	 3.49	 1	 -42.2788	  173.7585
4.830	 2.55	 1	 -42.4182	  173.3124
4.830	 2.06	 1	 -41.6863	  174.2815
4.831	 3.18	 1	 -42.2803	  173.8960
4.832	 2.18	 1	 -41.7589	  173.8706
4.832	 2.00	 1	 -42.5317	  172.8883
4.833	 2.12	 1	 -42.2068	  173.5148
4.833	 3.94	 3	 -42.4361	  173.1097
4.833	 2.19	 1	 -42.3885	  173.1515
4.835	 2.20	 1	 -41.8550	  174.1608
4.837	 2.06	 1	 -41.5593	  173.9762
4.838	 4.49	 1	 -41.6978	  174.3078
4.838	 2.29	 1	 -42.6624	  173.5658
4.839	 2.79	 2	 -42.3383	  173.0580
4.839	 3.13	 2	 -43.0332	  172.0865
4.840	 2.53	 1	 -42.5471	  173.0795
4.840	 2.18	 1	 -42.9603	  174.3648
4.840	 2.49	 5	 -41.8114	  173.5501
4.841	 2.38	 1	 -42.0927	  173.5760
4.841	 3.10	 1	 -41.7795	  174.2556
4.842	 2.11	 1	 -42.4074	  173.1614
4.842	 2.20	 1	 -41.7273	  174.4676
4.842	 2.18	 1	 -41.6649	  174.3290
4.842	 2.05	 3	 -46.3332	  169.4886
4.843	 2.17	 1	 -42.1946	  173.7012
4.844	 2.62	 1	 -42.1998	  173.4991
4.844	 2.19	 2	 -42.2280	  173.5743
4.844	 2.05	 2	 -42.2544	  173.7010
4.844	 2.05	 1	 -42.2601	  173.9532
4.846	 3.53	 1	 -41.6459	  174.3813
4.847	 2.67	 4	 -42.5890	  172.8596
4.847	 2.28	 1	 -42.7527	  172.8124
4.848	 2.69	 1	 -42.5257	  173.6664
4.848	 3.75	 2	 -42.7970	  173.0026
4.849	 2.08	 1	 -41.7063	  174.2984
4.850	 3.21	 1	 -42.5428	  172.9753
4.850	 2.95	 2	 -42.4342	  171.9802
4.850	 3.69	 2	 -41.7622	  174.2640
4.850	 2.01	 2	 -42.8711	  172.9034
4.851	 2.15	 2	 -42.3994	  174.0744
4.852	 2.07	 2	 -42.7451	  173.1157
4.852	 2.11	 1	 -42.3433	  173.3209
4.854	 2.83	 1	 -41.8195	  173.9177
4.855	 2.35	 1	 -42.3079	  174.0045
4.855	 2.20	 1	 -42.8545	  171.6864
4.856	 2.01	 1	 -42.3115	  173.5393
4.856	 2.11	 2	 -43.4813	  174.0503
4.856	 2.36	 1	 -41.7342	  174.3189
4.857	 2.41	 1	 -42.6371	  173.1021
4.858	 2.85	 1	 -41.8368	  174.0059
4.858	 4.07	 1	 -42.0814	  172.7214
4.859	 2.14	 1	 -41.6997	  174.3628
4.859	 3.43	 1	 -42.2563	  173.7231
4.859	 2.03	 1	 -42.3038	  173.7174
4.860	 2.09	 1	 -42.7840	  173.0186
4.862	 2.46	 1	 -41.7847	  173.9271
4.863	 2.29	 2	 -42.6717	  172.3848
4.863	 2.36	 1	 -42.3503	  173.1966
4.864	 3.06	 2	 -41.6715	  174.2944
4.865	 2.10	 2	 -42.7770	  173.0674
4.866	 2.81	 1	 -42.0806	  174.1466
4.867	 2.75	 1	 -42.5312	  173.3206
4.868	 2.19	 2	 -41.7613	  173.7547
4.869	 2.63	 1	 -41.8213	  174.4653
4.869	 2.02	 1	 -41.6766	  174.4125
4.869	 2.10	 1	 -41.7230	  173.9873
4.870	 2.12	 3	 -42.4489	  173.1107
4.871	 2.23	 1	 -42.2228	  173.9109
4.872	 2.11	 1	 -42.1849	  173.9467
4.872	 2.55	 1	 -41.7430	  174.3511
4.872	 2.16	 1	 -42.4800	  175.8696
4.874	 2.48	 1	 -41.7663	  174.2989
4.875	 2.05	 1	 -41.8938	  173.8895
4.876	 3.32	 1	 -42.0734	  173.5345
4.877	 2.32	 1	 -41.7480	  174.2955
4.879	 3.20	 1	 -42.2481	  173.8035
4.879	 2.49	 2	 -41.7955	  174.5789
4.881	 2.16	 1	 -41.6664	  174.2732
4.881	 2.38	 1	 -41.6935	  174.1929
4.881	 2.20	 1	 -42.6366	  172.9388
4.881	 2.56	 1	 -42.3333	  173.3187
4.882	 2.28	 1	 -42.6242	  173.0348
4.882	 2.13	 1	 -41.6342	  174.2168
4.884	 2.02	 2	 -42.3537	  173.1134
4.885	 2.03	 1	 -41.7222	  174.3587
4.885	 2.56	 3	 -42.7961	  172.9668
4.886	 2.01	 1	 -42.2593	  173.5342
4.886	 2.77	 3	 -42.4899	  171.9575
4.887	 3.09	 2	 -42.0740	  172.7132
4.888	 2.19	 1	 -41.4267	  174.8885
4.889	 2.00	 3	 -42.5419	  172.9053
4.890	 2.39	 1	 -42.6193	  173.4571
4.891	 3.32	 1	 -42.6807	  172.7842
4.892	 2.33	 2	 -42.6875	  172.7031
4.892	 2.36	 1	 -42.4830	  173.7425
4.892	 2.34	 1	 -42.8535	  172.6902
4.894	 2.28	 2	 -42.7820	  173.0033
4.895	 2.56	 1	 -42.6139	  173.3304
4.897	 2.33	 1	 -41.7843	  174.2817
4.897	 2.13	 2	 -42.7728	  172.2707
4.897	 2.32	 1	 -41.7089	  174.2429
4.899	 2.15	 1	 -42.0563	  173.7659
4.900	 2.10	 1	 -42.2933	  173.5593
4.904	 2.00	 1	 -42.6543	  173.8154
4.904	 2.45	 1	 -41.6648	  174.3341
4.905	 3.17	 1	 -42.9147	  172.5948
4.906	 2.10	 1	 -42.1960	  173.6908
4.908	 2.58	 2	 -40.9754	  173.0794
4.909	 2.87	 2	 -41.7032	  174.1940
4.909	 2.25	 3	 -42.5137	  172.8412
4.909	 2.02	 1	 -41.7608	  174.2997
4.910	 2.07	 1	 -42.5080	  173.7978
4.910	 2.21	 2	 -41.7231	  174.2546
4.910	 2.05	 1	 -41.6941	  174.1534
4.911	 2.32	 2	 -41.6523	  174.3378
4.911	 2.29	 1	 -42.1931	  173.6906
4.912	 4.00	 1	 -42.7363	  173.0674
4.912	 2.05	 2	 -40.9397	  173.0631
4.912	 2.11	 5	 -42.4920	  172.8823
4.913	 2.73	 1	 -42.3892	  174.0448
4.913	 2.19	 1	 -41.7381	  174.1867
4.914	 2.03	 1	 -42.4008	  173.5343
4.915	 2.37	 1	 -42.3301	  174.7064
4.915	 2.12	 1	 -42.0912	  173.5397
4.916	 2.49	 1	 -42.1563	  173.5448
4.918	 2.49	 1	 -41.8254	  174.1283
4.919	 2.48	 2	 -42.7503	  172.9761
4.919	 3.49	 1	 -42.6055	  173.1061
4.919	 2.31	 1	 -42.2467	  173.6183
4.921	 3.53	 1	 -42.2487	  173.3651
4.922	 2.88	 2	 -41.6694	  174.1510
4.922	 2.13	 1	 -42.4922	  173.7977
4.922	 2.06	 1	 -41.7502	  174.2029
4.923	 2.80	 2	 -42.1248	  173.8025
4.923	 3.08	 1	 -41.6805	  174.1634
4.925	 2.21	 1	 -42.2264	  173.7776
4.925	 2.09	 1	 -42.6830	  172.7547
4.925	 2.16	 1	 -42.4275	  173.1630
4.927	 2.25	 1	 -42.7102	  173.0238
4.929	 2.99	 1	 -42.3519	  173.5817
4.930	 3.25	 2	 -42.6806	  172.7604
4.930	 2.29	 1	 -42.3772	  173.4725
4.931	 2.54	 1	 -41.7409	  174.3561
4.932	 3.08	 3	 -42.6904	  173.1485
4.932	 2.11	 2	 -42.8045	  172.4828
4.933	 2.04	 1	 -42.6911	  171.7092
4.934	 2.02	 1	 -41.8206	  174.1873
4.935	 3.03	 1	 -42.7430	  172.9384
4.936	 2.05	 3	 -42.6946	  173.0305
4.938	 2.05	 1	 -42.0910	  173.8776
4.939	 2.29	 1	 -41.6449	  174.1480
4.939	 3.53	 1	 -41.7728	  173.9642
4.939	 2.63	 2	 -42.7657	  172.2868
4.939	 3.88	 1	 -42.4802	  173.5455
4.939	 2.05	 1	 -42.2043	  173.5713
4.940	 2.17	 1	 -42.4084	  173.7515
4.940	 2.11	 1	 -42.3685	  173.6988
4.940	 2.65	 2	 -41.6623	  174.3771
4.944	 2.07	 1	 -42.1783	  173.5867
4.946	 2.75	 1	 -41.6893	  174.3395
4.946	 2.26	 2	 -42.7362	  173.0444
4.948	 2.51	 1	 -41.7336	  174.2557
4.949	 2.09	 3	 -41.6618	  174.2513
4.949	 2.98	 2	 -42.3688	  173.6978
4.949	 2.42	 1	 -42.1052	  173.8790
4.950	 2.34	 2	 -42.7838	  173.0273
4.951	 2.09	 1	 -42.1107	  173.7897
4.953	 3.08	 3	 -42.4859	  172.7879
4.953	 2.05	 3	 -42.6760	  172.7858
4.954	 2.05	 1	 -41.9620	  174.8374
4.957	 2.02	 2	 -42.7481	  173.0474
4.957	 2.17	 2	 -42.2214	  174.3294
4.958	 2.03	 1	 -42.2603	  173.7972
4.958	 2.13	 1	 -40.9036	  167.4215
4.959	 2.66	 2	 -42.2114	  173.5517
4.959	 2.28	 1	 -42.0045	  174.0136
4.960	 2.47	 3	 -43.0335	  172.0817
4.962	 3.76	 2	 -42.3739	  174.0882
4.962	 2.11	 1	 -41.6226	  174.3419
4.962	 2.89	 3	 -41.8786	  173.5445
4.963	 3.27	 2	 -41.7536	  174.2454
4.965	 2.08	 1	 -41.6010	  174.5232
4.965	 2.68	 1	 -41.6668	  174.1605
4.966	 2.18	 1	 -42.4916	  173.7464
4.966	 2.63	 1	 -42.5341	  173.8046
4.966	 2.12	 1	 -42.4294	  173.2341
4.966	 2.00	 2	 -42.6852	  172.9482
4.968	 2.42	 1	 -42.0711	  172.8403
4.968	 2.13	 2	 -41.9295	  173.3658
4.968	 2.14	 2	 -42.1121	  173.8549
4.971	 2.31	 1	 -42.3273	  173.0827
4.973	 2.10	 2	 -42.7486	  173.0746
4.974	 3.97	 1	 -42.2351	  173.8003
4.975	 2.10	 1	 -42.4612	  173.2463
4.976	 2.02	 2	 -42.0763	  172.7220
4.976	 2.04	 1	 -41.9966	  173.9373
4.976	 2.27	 2	 -41.5691	  174.3554
4.976	 3.48	 1	 -41.6865	  174.2769
4.977	 2.83	 1	 -41.8101	  174.2086
4.977	 2.01	 2	 -42.8143	  173.0447
4.978	 2.79	 3	 -41.7635	  174.2753
4.978	 2.21	 2	 -42.7526	  173.0443
4.978	 2.87	 2	 -42.0454	  173.6224
4.979	 2.33	 1	 -42.2135	  173.8204
4.980	 2.62	 2	 -42.8804	  172.1905
4.981	 2.71	 1	 -41.7524	  174.2760
4.981	 2.97	 2	 -41.6974	  174.3157
4.981	 2.42	 1	 -42.3675	  173.9318
4.982	 2.35	 2	 -41.9821	  173.7185
4.982	 2.95	 1	 -41.8443	  174.1664
4.983	 2.25	 3	 -42.7077	  172.2159
4.983	 2.27	 2	 -42.8095	  172.9188
4.985	 2.72	 1	 -42.4456	  173.1128
4.986	 2.70	 1	 -42.1902	  173.5806
4.987	 2.83	 1	 -41.7248	  174.2373
4.987	 2.60	 1	 -41.9633	  173.7497
4.987	 2.62	 1	 -41.8884	  173.5987
4.993	 2.76	 2	 -42.7980	  172.2115
4.994	 2.02	 2	 -42.2576	  174.0277
4.994	 2.22	 2	 -42.0095	  174.1293
4.994	 3.31	 1	 -42.0408	  173.6602
4.995	 2.04	 1	 -41.7058	  174.2915
4.995	 2.66	 1	 -41.7931	  173.2702
4.995	 2.12	 1	 -41.7579	  174.2760
4.997	 3.12	 1	 -42.8673	  173.0154
4.997	 2.18	 1	 -41.8252	  174.1981
4.997	 2.44	 1	 -45.9859	  170.6215
4.998	 2.41	 1	 -42.2618	  173.5766
4.999	 2.55	 2	 -42.5890	  173.2084
5.000	 2.26	 2	 -42.0387	  173.7562
5.001	 2.23	 1	 -42.8763	  173.9046
5.002	 2.27	 1	 -41.6569	  174.3809
5.003	 2.24	 2	 -42.0135	  173.7089
5.004	 2.18	 1	 -41.6704	  174.1723
5.005	 2.13	 3	 -42.6055	  172.8078
5.005	 2.04	 1	 -42.2565	  173.6654
5.006	 2.25	 1	 -41.5908	  173.9237
5.007	 2.34	 1	 -42.6466	  173.2210
5.008	 3.50	 2	 -41.7574	  174.5499
5.008	 2.44	 2	 -42.7455	  172.9818
5.008	 2.39	 1	 -41.7059	  174.2507
5.009	 2.22	 2	 -42.7028	  172.2873
5.009	 2.66	 2	 -41.7464	  174.2275
5.010	 2.01	 1	 -41.7163	  174.1722
5.011	 2.39	 2	 -41.6712	  174.2860
5.011	 2.41	 1	 -41.7885	  174.2829
5.011	 2.63	 2	 -43.3046	  171.9362
5.011	 2.29	 1	 -42.2889	  173.5652
5.012	 2.21	 2	 -42.6125	  173.2225
5.014	 2.57	 4	 -42.5234	  172.8350
5.014	 2.06	 3	 -41.8440	  174.2868
5.014	 2.29	 1	 -41.8058	  174.1976
5.016	 2.22	 1	 -41.9821	  174.0988
5.017	 2.28	 1	 -43.3761	  169.5413
5.018	 2.02	 1	 -41.8202	  174.0056
5.018	 2.19	 3	 -42.7305	  172.3953
5.019	 2.09	 1	 -41.8306	  173.1822
5.019	 3.02	 4	 -42.4413	  173.1272
5.020	 2.03	 2	 -42.4971	  173.1292
5.020	 2.41	 3	 -42.5952	  172.8431
5.021	 2.37	 1	 -42.4678	  173.1733
5.023	 2.37	 1	 -42.5162	  173.2427
5.024	 2.57	 1	 -42.0481	  173.8274
5.025	 2.34	 1	 -43.2087	  172.9170
5.025	 2.10	 1	 -41.8699	  174.0598
5.026	 2.69	 1	 -41.7601	  174.3194
5.027	 2.01	 3	 -42.6184	  172.8809
5.027	 2.63	 1	 -42.1746	  173.6114
5.029	 2.00	 1	 -42.5622	  173.2182
5.030	 2.25	 1	 -42.3568	  174.0287
5.031	 3.49	 1	 -41.5893	  174.6407
5.031	 2.13	 1	 -42.5799	  173.1656
5.032	 3.22	 2	 -41.6785	  174.3098
5.032	 2.54	 2	 -41.9363	  173.4596
5.033	 3.11	 1	 -42.3290	  173.9417
5.035	 2.73	 1	 -42.2737	  173.2300
5.043	 2.06	 1	 -41.7726	  174.3240
5.043	 2.06	 1	 -41.9543	  173.8568
5.044	 2.04	 1	 -41.7280	  174.2995
5.045	 2.90	 1	 -42.5062	  173.4000
5.045	 2.94	 2	 -42.4244	  173.9127
5.046	 2.32	 1	 -42.4485	  173.9877
5.046	 2.36	 2	 -41.6945	  174.3124
5.046	 2.74	 1	 -42.3360	  173.0936
5.047	 2.04	 2	 -42.7349	  172.9384
5.049	 2.50	 1	 -41.6495	  174.3169
5.049	 2.21	 2	 -41.6804	  174.1666
5.050	 2.13	 3	 -42.3611	  174.1303
5.051	 2.01	 1	 -42.3719	  173.9255
5.052	 2.99	 2	 -41.6339	  174.0929
5.052	 2.79	 1	 -42.6305	  172.4850
5.053	 2.15	 2	 -41.6987	  174.3157
5.053	 2.02	 4	 -42.5591	  172.9124
5.056	 2.03	 1	 -41.6814	  174.1368
5.057	 2.63	 1	 -42.6743	  174.1094
5.057	 2.06	 1	 -41.8114	  174.2329
5.058	 2.27	 2	 -42.4560	  173.6880
5.058	 2.16	 1	 -41.8821	  174.4464
5.059	 2.23	 1	 -42.5686	  173.1464
5.059	 2.20	 2	 -42.5262	  172.5310
5.060	 2.08	 1	 -42.2576	  173.5117
5.061	 3.22	 2	 -41.6803	  174.2856
5.061	 2.56	 2	 -42.3376	  173.1114
5.061	 3.70	 3	 -42.5012	  173.2791
5.062	 2.23	 1	 -41.7539	  174.2860
5.062	 2.15	 2	 -42.7623	  172.6843
5.063	 4.53	 1	 -42.3955	  173.7126
5.065	 2.26	 1	 -41.9596	  173.6809
5.066	 2.58	 1	 -42.2393	  173.6387
5.066	 2.08	 2	 -42.5401	  173.2988
5.067	 2.07	 2	 -42.7277	  173.0863
5.069	 2.33	 1	 -42.6413	  172.9439
5.069	 2.34	 1	 -42.5094	  172.5695
5.071	 2.24	 1	 -42.5426	  173.9548
5.071	 2.14	 2	 -41.8775	  173.4286
5.071	 2.07	 1	 -41.7203	  174.2892
5.072	 2.49	 2	 -42.7571	  173.0605
5.076	 3.36	 2	 -42.7999	  172.1702
5.077	 2.32	 1	 -41.8132	  174.2256
5.077	 2.46	 1	 -41.6739	  174.2350
5.078	 2.05	 2	 -42.7217	  173.9865
5.078	 2.02	 1	 -41.9403	  173.6502
5.080	 2.88	 1	 -41.6722	  174.2776
5.080	 2.17	 2	 -42.2502	  173.0511
5.080	 2.05	 2	 -42.7428	  172.9967
5.083	 3.17	 1	 -42.2652	  173.6856
5.083	 2.02	 1	 -41.9742	  174.4430
5.083	 2.55	 1	 -41.8222	  173.7601
5.083	 2.02	 2	 -42.6129	  172.9622
5.084	 2.09	 1	 -42.6406	  173.0340
5.085	 2.43	 2	 -42.5992	  173.1851
5.085	 2.87	 1	 -42.5171	  173.2379
5.086	 2.28	 1	 -41.7378	  174.2959
5.086	 2.20	 1	 -42.4827	  173.4065
5.086	 2.11	 1	 -41.7249	  174.3838
5.087	 2.10	 2	 -42.1956	  173.5735
5.087	 2.30	 1	 -43.0199	  172.7105
5.089	 2.07	 1	 -42.3860	  173.4454
5.090	 2.48	 1	 -42.2154	  173.6065
5.091	 2.20	 3	 -42.6215	  172.8789
5.091	 3.38	 2	 -41.5426	  174.3943
5.093	 2.21	 1	 -41.9409	  174.2024
5.093	 3.05	 2	 -42.6663	  172.9410
5.093	 2.22	 2	 -42.7601	  173.0565
5.096	 2.10	 1	 -41.6691	  174.1837
5.096	 2.04	 1	 -41.9118	  174.0686
5.098	 2.07	 1	 -42.6871	  172.6008
5.098	 3.15	 2	 -42.3893	  173.7186
5.099	 3.13	 1	 -42.7453	  172.8627
5.099	 2.22	 1	 -41.7719	  174.1485
5.099	 4.41	 1	 -42.6472	  172.7941
5.102	 2.47	 1	 -42.3509	  174.5708
5.102	 2.33	 2	 -42.1867	  173.6813
5.102	 2.12	 1	 -41.8183	  174.2169
5.103	 2.37	 3	 -42.5241	  173.9694
5.103	 3.77	 1	 -42.5194	  173.4638
5.103	 2.43	 1	 -41.6591	  174.3434
5.104	 3.04	 1	 -41.9773	  173.7100
5.105	 2.16	 1	 -43.0100	  173.6947
5.105	 2.40	 1	 -42.0055	  174.0614
5.106	 2.31	 1	 -38.3008	  174.3354
5.107	 2.78	 1	 -42.2299	  173.6049
5.108	 2.02	 1	 -39.4425	  171.6134
5.109	 2.31	 2	 -42.5181	  173.2158
5.110	 2.04	 1	 -41.7258	  174.3360
5.113	 2.32	 2	 -42.6196	  172.8501
5.114	 2.99	 2	 -42.7779	  172.2577
5.114	 2.12	 1	 -42.3970	  174.0017
5.116	 2.49	 2	 -42.2142	  173.5664
5.118	 2.21	 1	 -42.2161	  173.4006
5.120	 3.13	 2	 -42.7724	  173.0177
5.123	 2.29	 1	 -40.0307	  180.0105
5.124	 2.73	 2	 -41.6242	  173.8381
5.125	 2.01	 1	 -43.3952	  172.5208
5.125	 2.65	 1	 -42.3538	  173.3684
5.125	 3.32	 2	 -41.6987	  174.1916
5.125	 2.00	 1	 -42.1802	  174.1233
5.126	 2.67	 2	 -41.6875	  174.3654
5.126	 3.17	 1	 -42.4168	  173.2089
5.127	 2.07	 1	 -42.2514	  173.6175
5.128	 2.07	 1	 -41.6314	  174.2042
5.128	 2.85	 1	 -42.7946	  172.8405
5.129	 3.02	 2	 -42.2182	  173.3721
5.129	 2.42	 2	 -42.7115	  173.0669
5.129	 2.56	 1	 -39.8499	  170.4973
5.129	 2.51	 2	 -41.7284	  174.2945
5.130	 2.44	 2	 -42.7998	  172.2858
5.131	 3.08	 1	 -42.2640	  173.7988
5.131	 2.50	 1	 -42.0978	  174.1294
5.132	 2.64	 2	 -42.2913	  173.0527
5.133	 2.13	 3	 -41.7038	  174.3185
5.133	 3.18	 1	 -42.5126	  173.1774
5.134	 2.43	 1	 -41.8308	  174.2492
5.134	 2.15	 2	 -42.3118	  173.7820
5.136	 2.18	 1	 -41.7456	  174.2053
5.136	 2.62	 3	 -41.7289	  174.1366
5.137	 2.25	 1	 -42.5956	  173.8790
5.139	 3.19	 2	 -41.7262	  174.2619
5.139	 2.03	 1	 -42.4620	  173.0824
5.140	 2.32	 1	 -43.0213	  174.5407
5.141	 2.86	 2	 -42.2232	  173.9125
5.142	 2.79	 1	 -42.3339	  173.9629
5.143	 2.62	 4	 -41.7614	  174.2481
5.144	 2.38	 1	 -42.2657	  173.5140
5.145	 2.51	 1	 -41.7102	  174.1801
5.146	 2.59	 1	 -42.2355	  173.9685
5.146	 2.04	 2	 -44.1275	  174.7608
5.147	 2.38	 1	 -42.4774	  173.2272
5.149	 2.08	 1	 -41.9210	  173.9547
5.151	 2.19	 2	 -42.0611	  173.8236
5.151	 2.19	 2	 -42.7104	  173.0368
5.152	 2.37	 1	 -42.1439	  173.7339
5.152	 2.51	 1	 -42.4554	  173.1244
5.152	 2.36	 1	 -42.7495	  172.9441
5.153	 2.56	 1	 -42.4610	  173.0467
5.153	 2.77	 1	 -42.4932	  173.3975
5.153	 3.09	 2	 -42.6822	  172.9377
5.154	 2.25	 3	 -42.2938	  173.1508
5.154	 2.66	 2	 -41.7849	  174.0982
5.154	 2.01	 1	 -42.2662	  173.5278
5.155	 3.59	 1	 -41.7118	  174.1159
5.157	 3.41	 2	 -42.7164	  172.1979
5.158	 2.24	 1	 -41.9274	  173.8037
5.159	 2.12	 1	 -42.5066	  173.1123
5.160	 2.02	 1	 -42.3605	  174.0915
5.160	 3.49	 2	 -41.6395	  174.8298
5.161	 2.09	 1	 -41.7704	  174.2984
5.161	 2.14	 1	 -42.5228	  173.0923
5.161	 2.07	 3	 -42.5977	  172.8550
5.162	 2.34	 3	 -42.5872	  172.8412
5.163	 2.36	 1	 -42.3592	  174.0852
5.165	 3.36	 1	 -42.6127	  172.9244
5.165	 2.50	 1	 -42.3897	  173.4210
5.166	 2.23	 1	 -41.7612	  174.3168
5.167	 2.16	 2	 -42.8015	  172.0414
5.168	 2.16	 1	 -42.4793	  173.1347
5.170	 2.04	 1	 -41.9313	  174.1860
5.171	 2.60	 2	 -41.7118	  174.1919
5.173	 2.24	 2	 -42.2655	  173.9113
5.173	 3.06	 1	 -42.3705	  173.0840
5.174	 2.47	 1	 -41.8693	  173.9753
5.174	 2.18	 1	 -43.8649	  172.3853
5.175	 2.80	 3	 -42.5752	  174.0686
5.175	 2.40	 1	 -41.6980	  174.3134
5.176	 2.13	 1	 -41.9675	  174.0673
5.177	 2.03	 2	 -41.7076	  174.2609
5.178	 2.11	 1	 -42.3010	  173.7164
5.181	 2.14	 1	 -42.9819	  173.0578
5.182	 2.59	 1	 -42.3356	  173.8021
5.184	 2.75	 1	 -41.8106	  174.1619
5.184	 2.50	 1	 -42.6607	  173.2929
5.185	 2.04	 1	 -42.4019	  173.9064
5.185	 2.10	 1	 -42.4812	  173.1517
5.186	 2.62	 2	 -42.4909	  173.9167
5.186	 3.56	 1	 -42.4578	  173.7365
5.187	 2.27	 1	 -42.2176	  173.5257
5.187	 2.09	 1	 -42.3196	  173.5352
5.188	 2.64	 1	 -42.4176	  172.9206
5.189	 2.15	 1	 -41.7005	  173.5444
5.189	 2.79	 2	 -42.8545	  172.2547
5.190	 2.54	 2	 -41.6988	  174.2836
5.190	 2.19	 1	 -42.7764	  172.9898
5.191	 2.27	 1	 -41.7147	  174.3356
5.191	 2.25	 1	 -42.8856	  173.1487
5.191	 3.61	 1	 -41.7966	  174.2601
5.193	 3.26	 1	 -42.3322	  173.6883
5.193	 2.15	 2	 -42.3879	  173.7592
5.196	 2.37	 2	 -42.7697	  172.9339
5.196	 2.39	 2	 -41.6917	  174.3367
5.198	 2.04	 2	 -41.7086	  174.2998
5.198	 2.34	 2	 -42.7682	  177.1373
5.199	 2.24	 2	 -46.8575	  174.7941
5.199	 2.78	 1	 -42.4576	  173.1942
5.201	 2.12	 1	 -42.8502	  173.8157
5.202	 2.26	 1	 -42.2052	  173.6406
5.202	 2.38	 1	 -42.0962	  173.6885
5.202	 2.13	 1	 -43.8507	  175.3018
5.203	 3.07	 1	 -41.6029	  174.2885
5.204	 2.13	 1	 -42.1087	  173.0636
5.204	 2.98	 2	 -42.7638	  172.1309
5.205	 2.29	 1	 -42.1240	  173.4707
5.206	 3.00	 3	 -41.6586	  174.8745
5.206	 2.31	 2	 -42.1412	  173.7398
5.207	 2.50	 2	 -41.7899	  172.5568
5.209	 2.20	 1	 -43.1325	  172.5226
5.210	 2.87	 1	 -42.0473	  173.0944
5.210	 2.09	 1	 -42.3336	  172.8394
5.210	 2.08	 1	 -42.0145	  173.7164
5.212	 2.15	 1	 -42.5256	  173.2661
5.213	 2.17	 1	 -42.2679	  173.5545
5.213	 2.74	 1	 -44.9452	  172.6669
5.213	 2.25	 1	 -42.3450	  173.5992
5.215	 2.45	 1	 -42.4062	  173.9960
5.217	 2.70	 1	 -41.7702	  174.2690
5.218	 2.04	 2	 -42.3186	  173.7908
5.221	 2.25	 1	 -41.6669	  174.2263
5.221	 2.42	 1	 -41.7142	  174.2438
5.222	 2.20	 1	 -41.7994	  174.2848
5.223	 2.27	 2	 -40.7440	  179.8909
5.223	 2.24	 2	 -41.7017	  174.3412
5.225	 2.18	 1	 -42.3990	  174.0372
5.225	 2.91	 2	 -41.6893	  174.2496
5.227	 2.16	 2	 -42.9131	  173.6401
5.227	 2.94	 2	 -42.7423	  172.9989
5.227	 2.25	 3	 -41.8028	  174.4400
5.228	 2.01	 2	 -41.6851	  173.4570
5.228	 2.69	 1	 -41.5875	  173.7122
5.228	 2.64	 1	 -42.2811	  173.7998
5.228	 2.21	 1	 -41.8163	  174.0774
5.228	 2.12	 1	 -43.0269	  173.3705
5.229	 2.62	 2	 -42.6766	  172.9460
5.229	 2.45	 1	 -42.2225	  173.5947
5.230	 2.39	 1	 -42.2098	  173.6659
5.231	 2.94	 3	 -42.5939	  172.8747
5.232	 2.06	 1	 -41.4148	  174.1135
5.232	 2.19	 1	 -42.2806	  173.6813
5.233	 2.05	 1	 -42.3756	  174.0078
5.234	 2.22	 1	 -42.2694	  173.6716
5.235	 2.71	 1	 -42.9423	  173.3229
5.236	 2.01	 2	 -42.9348	  173.3356
5.236	 2.20	 1	 -42.7166	  172.5773
5.237	 3.50	 1	 -42.5583	  173.1985
5.237	 2.21	 1	 -42.5241	  173.1571
5.238	 2.24	 2	 -42.0060	  174.0616
5.238	 2.21	 3	 -42.4070	  174.1003
5.242	 2.33	 1	 -42.9966	  173.7217
5.243	 2.04	 1	 -42.3786	  172.6696
5.244	 2.21	 3	 -42.4172	  172.9438
5.244	 3.29	 1	 -42.1174	  173.8077
5.245	 2.63	 1	 -41.6567	  174.2426
5.246	 2.03	 2	 -42.4047	  173.3634
5.246	 2.07	 1	 -41.7453	  174.2992
5.246	 2.49	 1	 -42.4329	  176.5016
5.246	 2.07	 3	 -41.7389	  174.2780
5.247	 2.41	 2	 -40.7453	  175.9578
5.247	 2.01	 1	 -41.9997	  173.8524
5.247	 2.39	 1	 -41.7801	  174.2652
5.248	 2.04	 1	 -41.6901	  174.1489
5.248	 3.56	 4	 -42.5765	  174.0695
5.248	 2.68	 1	 -41.8695	  173.9547
5.248	 2.11	 2	 -42.2597	  173.5198
5.248	 2.23	 1	 -42.2183	  173.8615
5.249	 2.17	 2	 -42.6792	  172.0639
5.250	 2.12	 2	 -41.7167	  174.1122
5.251	 2.23	 1	 -42.6646	  173.1191
5.252	 2.13	 1	 -42.6872	  169.5952
5.253	 2.31	 2	 -43.4351	  171.5820
5.254	 2.07	 1	 -41.7155	  174.2567
5.254	 2.75	 1	 -42.3254	  173.5848
5.254	 3.19	 1	 -41.7743	  172.0914
5.254	 2.18	 1	 -42.4218	  173.8524
5.256	 2.46	 1	 -42.2281	  172.8562
5.256	 2.24	 1	 -42.1915	  172.8087
5.256	 3.19	 3	 -42.7104	  173.0770
5.257	 2.57	 1	 -41.7950	  174.3013
5.260	 2.05	 1	 -42.0480	  173.6436
5.263	 2.86	 1	 -41.6204	  173.2649
5.264	 2.03	 1	 -41.8427	  169.5766
5.265	 2.58	 3	 -42.7006	  173.2113
5.266	 2.20	 2	 -42.6601	  173.3298
5.266	 2.58	 3	 -42.7118	  172.1555
5.267	 2.69	 1	 -42.4510	  173.6940
5.267	 3.11	 1	 -42.1272	  173.6853
5.267	 2.83	 1	 -42.7721	  172.9326
5.268	 2.18	 1	 -41.9612	  174.0795
5.268	 2.02	 1	 -42.6436	  172.7935
5.270	 2.46	 1	 -42.6183	  173.6757
5.271	 2.62	 1	 -41.6370	  174.2707
5.272	 2.01	 1	 -42.0067	  172.6669
5.272	 2.29	 1	 -42.6736	  173.7738
5.273	 2.91	 2	 -42.7896	  172.7290
5.274	 3.19	 1	 -42.2424	  173.6700
5.274	 2.37	 1	 -42.2774	  173.9775
5.275	 2.33	 1	 -42.6654	  172.8533
5.277	 2.15	 1	 -41.7693	  174.0934
5.277	 2.30	 1	 -42.0028	  173.8456
5.278	 2.09	 1	 -41.6810	  174.2296
5.279	 3.20	 1	 -41.8543	  174.3141
5.280	 2.60	 2	 -42.4030	  173.7123
5.281	 2.73	 1	 -41.7931	  174.2710
5.283	 2.02	 1	 -42.5031	  173.0340
5.285	 2.74	 1	 -41.8072	  174.2600
5.285	 2.04	 3	 -42.5288	  172.8548
5.285	 2.42	 1	 -42.3203	  173.1163
5.285	 2.50	 1	 -41.8866	  173.6284
5.286	 2.05	 2	 -41.7247	  174.3100
5.287	 2.34	 1	 -42.2666	  172.8274
5.288	 2.77	 1	 -41.7181	  174.2366
5.291	 2.07	 1	 -42.8729	  172.8979
5.293	 2.56	 1	 -42.1154	  173.9157
5.294	 2.70	 1	 -42.0454	  173.4899
5.295	 2.03	 1	 -41.7791	  174.6826
5.295	 2.34	 1	 -42.0832	  173.8181
5.296	 2.72	 1	 -42.5089	  172.9624
5.296	 2.41	 2	 -42.2324	  173.6200
5.297	 2.17	 1	 -41.7377	  174.2937
5.297	 2.28	 1	 -41.6741	  174.2276
5.298	 2.57	 1	 -42.2370	  173.7238
5.299	 2.18	 1	 -41.9556	  173.6630
5.299	 2.54	 1	 -42.0876	  173.9513
5.300	 2.01	 1	 -42.4416	  173.1831
5.301	 3.33	 1	 -42.4021	  174.0963
5.302	 2.15	 2	 -42.7525	  173.0522
5.302	 2.07	 2	 -42.2979	  174.0849
5.304	 3.28	 1	 -41.7673	  173.5288
5.306	 2.37	 1	 -41.6846	  173.7707
5.307	 2.73	 1	 -42.6092	  173.4144
5.307	 2.54	 1	 -42.2458	  173.6488
5.308	 2.01	 2	 -41.9200	  174.1216
5.309	 2.38	 1	 -41.6823	  174.1812
5.310	 2.12	 1	 -42.7979	  172.8835
5.310	 3.13	 1	 -42.3191	  173.9541
5.313	 2.89	 2	 -41.7234	  174.2455
5.313	 2.03	 1	 -42.9907	  173.8777
5.313	 2.08	 1	 -41.9199	  173.6985
5.314	 2.09	 1	 -42.6035	  173.0496
5.315	 2.00	 1	 -41.6450	  174.0367
5.315	 2.10	 1	 -42.0662	  174.0823
5.315	 2.20	 2	 -37.9824	  173.6910
5.315	 2.21	 2	 -42.5652	  173.0795
5.316	 2.20	 1	 -42.2986	  172.9978
5.316	 2.11	 4	 -42.4937	  173.2741
5.317	 2.22	 2	 -42.4816	  173.7429
5.317	 4.78	 1	 -42.8889	  173.2777
5.317	 2.56	 1	 -42.6217	  173.1824
5.317	 2.97	 1	 -41.7401	  174.1596
5.319	 2.31	 1	 -41.4135	  172.9830
5.319	 2.43	 1	 -43.9842	  168.2176
5.319	 2.02	 1	 -42.3322	  173.8040
5.321	 2.05	 1	 -42.2294	  173.6853
5.321	 2.61	 1	 -42.7117	  172.5383
5.321	 2.10	 1	 -42.3982	  173.8724
5.321	 2.16	 1	 -42.2217	  173.5575
5.323	 2.11	 1	 -42.3089	  172.2194
5.323	 2.51	 1	 -41.7522	  174.0187
5.324	 2.84	 3	 -42.0130	  173.7098
5.324	 2.01	 1	 -41.6708	  174.2193
5.324	 2.30	 1	 -42.3709	  172.9403
5.326	 2.11	 3	 -43.0363	  172.1693
5.327	 2.65	 1	 -41.6463	  174.3142
5.328	 2.20	 2	 -41.6024	  174.2854
5.330	 2.73	 2	 -42.8004	  172.2972
5.332	 2.64	 1	 -41.7814	  173.6992
5.333	 2.07	 1	 -42.5757	  173.0992
5.334	 2.48	 2	 -42.9199	  172.7966
5.335	 2.00	 1	 -41.9061	  173.9008
5.335	 3.21	 1	 -41.6627	  174.2110
5.336	 2.93	 1	 -41.6941	  174.7433
5.337	 2.33	 1	 -41.7596	  174.1879
5.338	 2.24	 1	 -41.6972	  174.2255
5.338	 2.29	 1	 -42.6236	  173.0222
5.339	 2.08	 2	 -42.8992	  173.2765
5.340	 2.49	 1	 -41.7821	  174.1865
5.341	 2.37	 3	 -42.5621	  172.8700
5.341	 2.38	 1	 -42.2240	  173.6328
5.343	 2.04	 1	 -42.4806	  172.9062
5.344	 3.31	 1	 -42.7506	  172.8662
5.346	 2.04	 2	 -42.5252	  173.0152
5.346	 2.14	 2	 -42.1547	  173.0639
5.346	 2.01	 2	 -41.8291	  173.8019
5.348	 2.38	 1	 -42.4912	  173.1586
5.350	 3.64	 2	 -42.2933	  173.7651
5.351	 2.34	 2	 -40.6973	  179.6687
5.352	 2.40	 2	 -42.3977	  173.6900
5.352	 2.26	 3	 -41.8780	  173.5293
5.352	 3.32	 4	 -42.4806	  173.2883
5.353	 3.34	 1	 -42.7613	  173.2920
5.354	 2.29	 1	 -41.8516	  174.2482
5.357	 2.41	 2	 -42.2568	  173.7247
5.357	 2.46	 3	 -42.5985	  173.9291
5.357	 2.60	 1	 -41.4061	  174.2293
5.357	 2.11	 1	 -41.7441	  174.2995
5.358	 2.27	 1	 -42.4250	  172.9848
5.359	 2.29	 1	 -42.1274	  171.1802
5.359	 2.37	 3	 -42.6084	  172.8535
5.359	 2.55	 1	 -42.3729	  173.6356
5.359	 2.49	 2	 -42.7666	  172.2312
5.361	 2.47	 1	 -46.7078	  175.7761
5.361	 2.14	 2	 -44.3063	  174.4204
5.362	 2.30	 1	 -42.2584	  173.7428
5.362	 2.00	 1	 -41.4704	  174.3905
5.363	 2.60	 1	 -42.5009	  172.6098
5.363	 2.84	 1	 -42.2169	  173.7287
5.364	 2.25	 1	 -42.4537	  173.2037
5.364	 2.46	 1	 -41.8928	  174.0964
5.364	 2.52	 1	 -42.6643	  172.8923
5.364	 3.23	 1	 -41.7944	  174.3969
5.364	 2.12	 1	 -46.0193	  173.3937
5.364	 2.34	 1	 -42.7563	  173.5024
5.365	 2.99	 1	 -42.0095	  173.7895
5.366	 3.15	 2	 -42.2291	  174.1234
5.367	 2.36	 1	 -42.4993	  173.9095
5.370	 2.06	 2	 -41.5429	  173.4946
5.370	 2.14	 1	 -42.3504	  173.4513
5.370	 2.38	 1	 -41.8100	  174.4182
5.370	 2.30	 1	 -42.4296	  173.8058
5.371	 2.54	 1	 -42.0665	  173.8745
5.371	 2.31	 1	 -42.5020	  173.0271
5.372	 2.35	 2	 -42.7460	  174.2000
5.374	 2.10	 1	 -42.7013	  173.0886
5.374	 2.70	 1	 -42.8790	  172.8242
5.375	 2.13	 1	 -42.3751	  173.5587
5.375	 2.08	 1	 -41.9187	  173.4610
5.376	 2.32	 2	 -42.3031	  173.5417
5.378	 2.09	 1	 -42.3683	  173.6122
5.382	 2.44	 1	 -42.3937	  173.9689
5.384	 2.22	 2	 -42.6101	  173.3387
5.384	 2.09	 1	 -42.2158	  174.1219
5.384	 2.05	 1	 -42.9132	  173.6366
5.384	 2.08	 2	 -42.7349	  173.0651
5.386	 2.21	 1	 -41.7846	  174.3957
5.387	 2.02	 1	 -42.0729	  173.6121
5.387	 3.01	 2	 -42.8521	  173.2851
5.388	 2.55	 1	 -41.6795	  174.2678
5.388	 3.71	 1	 -42.5122	  173.3949
5.388	 2.13	 1	 -42.6121	  173.2585
5.388	 2.06	 2	 -42.1906	  173.8017
5.389	 2.04	 1	 -42.6472	  172.9810
5.389	 2.40	 3	 -42.8372	  173.3221
5.391	 2.95	 1	 -42.9518	  173.4453
5.392	 2.32	 1	 -41.7887	  174.2853
5.392	 2.24	 1	 -41.6761	  174.1258
5.394	 2.80	 1	 -41.8295	  174.1807
5.394	 2.20	 1	 -42.8512	  173.9787
5.395	 2.23	 1	 -42.6262	  172.9753
5.397	 2.91	 2	 -41.4288	  174.1403
5.397	 2.19	 1	 -42.3705	  173.8902
5.398	 2.45	 2	 -41.9138	  174.3685
5.399	 2.75	 2	 -42.3170	  173.5350
5.399	 2.05	 1	 -41.7384	  174.4301
5.399	 2.27	 1	 -42.3935	  173.6040
5.401	 2.29	 1	 -42.2503	  173.7428
5.403	 2.30	 1	 -42.6480	  173.2449
5.404	 2.15	 1	 -42.6231	  173.4189
5.404	 2.07	 1	 -43.0750	  173.0019
5.405	 2.52	 1	 -41.7896	  174.4092
5.405	 2.15	 1	 -42.1841	  173.5761
5.407	 2.21	 1	 -41.7178	  174.3128
5.407	 3.13	 2	 -41.8817	  173.5206
5.408	 2.10	 1	 -42.1475	  173.7683
5.409	 2.01	 1	 -42.6634	  172.8480
5.409	 2.42	 4	 -41.9332	  172.6740
5.409	 2.13	 3	 -42.2364	  174.1127
5.410	 2.12	 3	 -42.0784	  173.3886
5.411	 2.25	 3	 -43.1494	  172.5318
5.411	 2.62	 1	 -41.7082	  174.2048
5.412	 2.12	 1	 -41.7666	  174.4371
5.413	 2.55	 1	 -41.6852	  174.1629
5.414	 2.89	 1	 -42.9144	  172.8679
5.417	 2.83	 1	 -42.3788	  173.7634
5.417	 2.29	 1	 -42.2422	  173.5971
5.418	 2.40	 2	 -42.7372	  172.2570
5.418	 2.37	 1	 -41.7188	  174.2644
5.419	 2.28	 2	 -41.6107	  174.2020
5.419	 2.49	 3	 -42.7578	  172.2671
5.419	 2.18	 1	 -42.3787	  174.0216
5.420	 2.26	 2	 -41.5861	  173.9141
5.423	 2.42	 2	 -42.8588	  172.5258
5.423	 2.76	 2	 -41.6491	  174.2108
5.424	 2.95	 1	 -41.7252	  174.2984
5.424	 2.14	 1	 -41.7404	  174.2082
5.425	 2.00	 1	 -42.5229	  173.4349
5.426	 2.26	 1	 -42.0033	  173.7173
5.426	 2.45	 1	 -42.5033	  173.2535
5.426	 2.26	 1	 -42.3377	  173.3727
5.427	 2.23	 1	 -42.4761	  173.7668
5.431	 2.79	 1	 -42.1161	  173.9781
5.433	 3.11	 1	 -41.6664	  174.2412
5.434	 2.39	 3	 -43.4375	  171.5732
5.434	 2.04	 1	 -41.7992	  174.2152
5.435	 2.58	 1	 -41.5683	  174.1923
5.435	 2.28	 1	 -42.4125	  173.3892
5.439	 2.66	 3	 -41.6595	  174.0781
5.439	 2.18	 1	 -42.9978	  173.0001
5.439	 2.42	 1	 -41.7340	  174.3165
5.439	 2.07	 2	 -42.8662	  173.2624
5.440	 2.27	 1	 -42.3252	  173.9050
5.440	 2.06	 1	 -41.6832	  174.1286
5.441	 3.21	 1	 -42.4807	  173.2265
5.445	 2.07	 1	 -42.3241	  173.9259
5.446	 2.89	 2	 -41.7977	  174.3943
5.446	 2.28	 3	 -42.6058	  172.8701
5.446	 2.11	 1	 -42.8955	  172.9239
5.446	 2.47	 1	 -42.2687	  173.5661
5.447	 3.07	 1	 -42.5786	  174.0035
5.448	 2.62	 1	 -41.9443	  174.1817
5.448	 2.26	 1	 -42.6344	  173.0765
5.448	 2.13	 1	 -42.5110	  173.8286
5.450	 2.07	 2	 -41.6728	  174.3410
5.451	 2.76	 2	 -42.6099	  173.0625
5.451	 2.93	 2	 -42.8918	  173.2842
5.451	 2.07	 3	 -41.6576	  174.2041
5.452	 2.09	 2	 -42.7393	  172.2310
5.452	 2.30	 1	 -41.7067	  174.2701
5.453	 2.42	 1	 -42.5000	  173.0823
5.453	 2.24	 1	 -42.5984	  173.4287
5.456	 2.81	 2	 -42.5765	  172.7446
5.457	 2.27	 2	 -42.3388	  174.1166
5.458	 2.55	 2	 -41.9874	  174.3670
5.458	 2.20	 2	 -42.1987	  175.9083
5.459	 2.80	 2	 -42.7521	  173.0407
5.459	 2.63	 1	 -42.7516	  173.5540
5.459	 2.86	 1	 -42.1927	  173.5534
5.459	 2.16	 1	 -42.2958	  174.0557
5.460	 3.30	 2	 -41.7924	  174.1818
5.461	 2.47	 3	 -42.6018	  173.3365
5.463	 2.42	 1	 -41.8664	  174.1289
5.463	 2.51	 2	 -42.9072	  173.2704
5.464	 2.00	 2	 -41.8886	  173.5248
5.464	 2.82	 2	 -42.5100	  173.5712
5.466	 2.47	 2	 -42.8688	  173.3089
5.466	 2.27	 1	 -43.3632	  176.9035
5.466	 2.49	 1	 -41.7601	  174.3107
5.468	 3.57	 2	 -42.8256	  173.2890
5.469	 3.51	 1	 -42.1210	  173.6794
5.469	 2.07	 2	 -40.9708	  173.0095
5.470	 2.22	 1	 -41.8050	  174.2688
5.471	 2.54	 2	 -42.0056	  174.3330
5.475	 2.33	 1	 -44.4966	  175.9234
5.475	 2.00	 1	 -42.3761	  174.0153
5.476	 2.52	 2	 -42.9312	  173.2053
5.478	 3.07	 1	 -42.4831	  173.1950
5.479	 2.07	 3	 -42.8472	  172.8847
5.482	 3.81	 1	 -42.1193	  173.1548
5.482	 2.04	 2	 -42.2639	  173.7976
5.482	 2.18	 1	 -41.7947	  174.1361
5.483	 2.09	 1	 -41.8461	  173.6909
5.484	 2.53	 2	 -42.8995	  173.2568
5.485	 2.73	 1	 -41.7034	  174.2154
5.486	 2.21	 2	 -42.7354	  172.9442
5.488	 3.14	 2	 -41.6116	  173.2431
5.488	 3.76	 1	 -41.7166	  174.1483
5.490	 3.64	 2	 -42.8105	  172.2298
5.490	 2.03	 1	 -43.0849	  174.6051
5.492	 2.05	 1	 -41.7218	  174.2338
5.494	 2.01	 1	 -46.2656	  175.0345
5.494	 2.16	 2	 -42.1978	  174.1196
5.495	 2.07	 1	 -42.2718	  172.4868
5.497	 2.22	 2	 -42.7018	  173.1507
5.497	 2.62	 2	 -41.8882	  174.1389
5.498	 2.43	 1	 -42.5820	  174.0404
5.498	 3.02	 2	 -42.4732	  173.2842
5.499	 2.11	 1	 -41.9311	  174.4201
5.500	 2.09	 1	 -41.7994	  174.1997
5.503	 2.17	 2	 -41.8361	  174.4522
5.504	 2.17	 1	 -42.5418	  172.6904
5.504	 2.49	 2	 -41.5374	  172.3629
5.505	 2.11	 2	 -42.9345	  176.3416
5.508	 2.14	 1	 -41.6290	  174.2866
5.508	 2.11	 1	 -42.0252	  173.7730
5.511	 2.14	 1	 -41.7762	  174.1999
5.512	 3.55	 1	 -42.5976	  172.9898
5.513	 3.37	 1	 -42.9287	  171.4780
5.514	 2.15	 1	 -42.4601	  173.2397
5.514	 2.37	 1	 -42.3036	  173.8871
5.515	 3.33	 2	 -42.8867	  173.2891
5.515	 2.05	 3	 -41.6006	  174.2834
5.516	 2.35	 1	 -42.5606	  173.9701
5.519	 2.73	 1	 -42.1970	  173.9230
5.519	 2.09	 1	 -42.5539	  173.2908
5.521	 2.45	 2	 -42.9010	  173.0352
5.522	 2.19	 1	 -42.0785	  173.6830
5.524	 2.40	 1	 -42.3060	  173.9103
5.525	 2.23	 1	 -42.2591	  173.7056
5.525	 2.37	 1	 -41.7745	  174.2200
5.525	 2.36	 2	 -42.8129	  172.3064
5.525	 2.14	 1	 -41.8111	  174.3472
5.526	 2.08	 1	 -42.0169	  174.2337
5.527	 2.87	 1	 -42.0689	  173.6855
5.529	 2.25	 3	 -41.6884	  174.4336
5.529	 2.10	 1	 -42.5235	  173.1849
5.531	 2.32	 2	 -41.8998	  173.5586
5.532	 2.08	 2	 -42.9812	  172.8811
5.534	 2.02	 1	 -41.7896	  173.6819
5.534	 2.31	 1	 -41.7207	  174.2105
5.535	 2.89	 1	 -41.9482	  174.2132
5.535	 3.78	 1	 -41.8585	  174.1803
5.535	 2.31	 1	 -41.7426	  172.8012
5.538	 2.72	 2	 -41.7107	  174.1194
5.539	 3.12	 3	 -41.7048	  174.1571
5.540	 3.04	 1	 -41.6784	  174.3458
5.541	 3.30	 1	 -42.5525	  173.0558
5.542	 2.34	 1	 -41.6464	  174.2783
5.542	 2.96	 1	 -42.3999	  173.8598
5.542	 2.81	 2	 -42.1201	  173.1563
5.542	 3.12	 1	 -41.9146	  174.0477
5.542	 2.07	 2	 -41.6788	  174.0395
5.542	 2.17	 1	 -42.7143	  172.9197
5.543	 2.24	 1	 -41.9853	  173.6248
5.545	 2.23	 2	 -43.3534	  171.3593
5.545	 2.13	 2	 -41.6973	  174.2364
5.546	 2.19	 1	 -41.7945	  174.2036
5.546	 2.03	 1	 -42.2366	  173.6472
5.548	 2.04	 1	 -41.2738	  176.0434
5.549	 2.88	 1	 -41.7162	  174.2666
5.549	 2.11	 2	 -42.7599	  172.2350
5.549	 2.01	 1	 -42.1457	  173.4937
5.550	 2.40	 1	 -42.4196	  173.0588
5.551	 2.47	 2	 -42.1019	  173.7718
5.552	 3.14	 1	 -42.3711	  173.5176
5.557	 3.71	 1	 -43.7565	  174.0824
5.558	 2.70	 1	 -42.3667	  173.8626
5.559	 2.35	 1	 -41.7313	  174.2037
5.559	 2.02	 1	 -42.3879	  173.8582
5.560	 2.16	 1	 -42.1624	  173.8781
5.561	 2.20	 2	 -44.1324	  171.8175
5.561	 2.59	 1	 -41.8531	  173.9979
5.562	 2.11	 1	 -42.7606	  173.1460
5.563	 2.39	 1	 -41.7446	  174.3420
5.565	 2.13	 2	 -42.9620	  174.5104
5.565	 3.10	 1	 -42.3792	  173.9901
5.567	 2.11	 1	 -42.1751	  173.4317
5.567	 3.01	 1	 -44.2872	  173.7807
5.569	 2.05	 1	 -41.9219	  174.1500
5.569	 2.91	 1	 -41.7685	  174.2315
5.570	 3.10	 2	 -42.5134	  173.3986
5.571	 2.13	 4	 -42.5369	  173.9444
5.571	 3.11	 1	 -42.2871	  174.1035
5.571	 2.40	 1	 -42.0575	  173.6442
5.572	 2.13	 1	 -42.5395	  173.3607
5.573	 2.78	 1	 -42.2654	  173.9205
5.575	 2.15	 1	 -41.6982	  174.3326
5.575	 3.36	 1	 -41.8019	  174.2769
5.575	 2.63	 2	 -42.5254	  173.4563
5.576	 2.61	 1	 -42.4314	  173.9223
5.576	 3.17	 1	 -42.5121	  173.2579
5.576	 2.18	 1	 -41.6330	  174.2503
5.577	 3.44	 1	 -42.0246	  173.8916
5.577	 2.08	 1	 -42.5813	  173.8379
5.580	 2.03	 1	 -42.4702	  173.7581
5.581	 2.94	 1	 -42.3709	  173.0456
5.582	 2.07	 1	 -42.6875	  172.9091
5.585	 3.47	 1	 -41.7897	  174.2756
5.586	 2.44	 1	 -42.2572	  173.6993
5.586	 2.35	 2	 -41.7697	  174.3766
5.587	 3.40	 1	 -41.9182	  173.6983
5.588	 2.54	 1	 -42.2424	  174.5156
5.589	 2.13	 2	 -41.6958	  174.3047
5.590	 2.23	 2	 -42.2210	  173.7254
5.591	 2.13	 1	 -42.2608	  174.3217
5.592	 2.61	 1	 -42.4212	  173.0062
5.593	 2.21	 1	 -41.6811	  174.1432
5.593	 2.15	 1	 -46.3278	  170.0165
5.593	 2.23	 1	 -42.3980	  173.8228
5.593	 2.42	 1	 -41.7307	  174.2378
5.595	 2.88	 1	 -42.1459	  173.8522
5.595	 2.70	 1	 -42.3685	  173.6272
5.596	 2.08	 2	 -42.2736	  174.0201
5.597	 2.04	 1	 -42.4452	  173.2383
5.597	 2.59	 1	 -41.8041	  174.2021
5.598	 2.81	 1	 -41.7199	  174.2593
5.598	 2.30	 1	 -42.6554	  172.9214
5.598	 2.02	 1	 -43.0528	  173.0556
5.598	 2.61	 1	 -42.2017	  173.7232
5.599	 2.33	 3	 -42.5961	  172.8803
5.602	 2.20	 2	 -42.0414	  174.2104
5.602	 3.18	 1	 -41.5532	  172.3810
5.603	 2.03	 1	 -42.2287	  173.0464
5.604	 2.22	 1	 -42.6021	  173.0222
5.604	 4.04	 1	 -41.5692	  173.8972
5.605	 2.07	 1	 -41.7668	  174.1772
5.606	 2.01	 1	 -42.2507	  173.8243
5.607	 2.48	 1	 -42.4361	  173.7719
5.608	 2.65	 3	 -41.6378	  174.8334
5.609	 2.55	 1	 -42.5929	  173.6196
5.609	 2.15	 1	 -42.2933	  172.7808
5.612	 3.79	 1	 -42.9355	  172.9142
5.613	 2.45	 1	 -41.7245	  174.2536
5.613	 2.08	 2	 -42.0649	  173.3746
5.613	 2.11	 3	 -41.7020	  174.2893
5.614	 2.03	 1	 -42.2990	  173.8641
5.615	 2.03	 2	 -41.7140	  174.1174
5.616	 2.09	 1	 -43.6150	  171.5681
5.618	 2.12	 1	 -41.7162	  174.3200
5.620	 2.16	 1	 -42.5715	  173.2565
5.620	 2.04	 1	 -41.6056	  174.3425
5.621	 3.15	 2	 -42.7080	  172.0738
5.621	 2.48	 1	 -41.6916	  174.1957
5.622	 2.99	 1	 -41.7674	  174.1395
5.623	 2.15	 1	 -42.3309	  173.7979
5.623	 2.14	 1	 -42.4946	  172.8195
5.623	 2.18	 2	 -42.1518	  173.8538
5.623	 2.08	 1	 -42.0956	  173.6894
5.624	 2.15	 1	 -42.4637	  172.9444
5.624	 2.21	 3	 -42.8258	  173.2892
5.624	 2.01	 2	 -41.8090	  173.7792
5.625	 2.22	 1	 -41.8492	  173.6672
5.625	 2.15	 1	 -42.5209	  173.5641
5.625	 3.88	 2	 -41.7520	  174.1784
5.627	 3.45	 1	 -41.7958	  174.3474
5.628	 2.02	 1	 -42.5322	  173.1351
5.628	 2.48	 1	 -42.2751	  173.8691
5.629	 2.31	 1	 -41.7972	  174.2378
5.629	 2.69	 2	 -43.7698	  174.0653
5.630	 2.09	 1	 -41.9045	  174.1584
5.630	 2.17	 1	 -42.1298	  173.5761
5.631	 2.11	 1	 -41.6808	  174.3059
5.633	 2.02	 1	 -41.8024	  174.2374
5.633	 2.45	 1	 -42.2198	  173.7281
5.634	 2.10	 4	 -42.4472	  172.8868
5.635	 2.20	 2	 -42.4350	  173.0576
5.635	 2.52	 1	 -42.6583	  173.1585
5.640	 2.03	 2	 -41.9239	  174.1545
5.641	 2.02	 1	 -42.5862	  173.1865
5.641	 2.08	 1	 -42.8040	  173.1266
5.642	 2.97	 1	 -43.4898	  173.7152
5.642	 2.62	 1	 -41.8075	  172.4399
5.643	 2.58	 3	 -42.7996	  173.2908
5.644	 2.11	 2	 -41.8534	  173.5546
5.644	 2.02	 1	 -42.5660	  173.1409
5.645	 2.09	 1	 -42.4401	  173.5847
5.645	 2.05	 1	 -42.5009	  173.2864
5.645	 2.73	 1	 -42.3539	  173.1411
5.647	 2.16	 3	 -41.7169	  174.2605
5.647	 2.84	 2	 -42.6550	  172.7787
5.647	 2.16	 1	 -41.9884	  173.6544
5.650	 2.05	 1	 -42.5898	  173.1310
5.652	 2.45	 1	 -42.1927	  171.9828
5.653	 2.64	 3	 -41.7876	  174.1888
5.653	 2.56	 1	 -42.5568	  172.0266
5.653	 2.53	 1	 -42.3025	  173.7847
5.653	 2.04	 2	 -42.6389	  173.1369
5.658	 2.43	 1	 -42.6041	  173.8643
5.658	 2.66	 2	 -41.7321	  173.7917
5.659	 2.14	 1	 -42.3012	  173.7076
5.659	 2.25	 2	 -42.0531	  173.1673
5.661	 2.14	 2	 -42.6808	  172.9661
5.661	 2.21	 1	 -42.0086	  173.6276
5.663	 2.14	 1	 -41.6765	  174.2721
5.664	 2.15	 1	 -42.0158	  173.7417
5.664	 2.26	 1	 -41.7535	  174.2427
5.666	 2.31	 2	 -42.3543	  174.0697
5.667	 2.41	 1	 -41.8715	  174.0671
5.668	 2.87	 1	 -41.8120	  174.2729
5.668	 2.99	 1	 -41.7425	  174.3704
5.668	 3.01	 2	 -42.6810	  173.0696
5.669	 2.00	 2	 -42.7727	  172.3529
5.669	 2.14	 1	 -42.1626	  173.9722
5.670	 2.28	 2	 -41.7928	  174.3177
5.672	 2.26	 1	 -42.6404	  174.6391
5.672	 2.96	 2	 -42.4512	  173.3603
5.674	 3.21	 1	 -38.1960	  172.9982
5.676	 2.46	 2	 -41.8135	  174.2829
5.677	 2.02	 1	 -42.2519	  173.5939
5.677	 2.01	 1	 -42.5035	  173.2078
5.678	 2.21	 1	 -42.7232	  171.4054
5.678	 2.18	 3	 -42.9099	  173.1797
5.679	 2.14	 1	 -42.3327	  173.6357
5.680	 3.07	 1	 -42.0989	  173.6115
5.681	 2.12	 1	 -42.6997	  172.9261
5.682	 2.06	 1	 -42.4385	  173.7775
5.685	 2.36	 2	 -41.9526	  173.9019
5.685	 3.16	 2	 -41.6703	  174.4345
5.685	 2.09	 1	 -42.4437	  173.4203
5.685	 2.49	 1	 -42.0304	  173.0039
5.686	 2.07	 1	 -41.7474	  174.2843
5.687	 2.31	 1	 -43.1220	  172.4265
5.689	 2.70	 2	 -42.5310	  173.3196
5.690	 2.44	 2	 -41.9549	  175.3237
5.691	 2.51	 2	 -41.7054	  174.2195
5.691	 2.03	 1	 -41.8852	  174.1892
5.692	 2.67	 1	 -42.6263	  173.0890
5.693	 2.08	 3	 -41.7125	  174.0607
5.695	 3.49	 1	 -42.1069	  173.5534
5.695	 2.10	 4	 -42.4664	  172.8192
5.696	 2.91	 3	 -42.5003	  172.8118
5.696	 2.44	 1	 -41.7646	  174.2027
5.696	 2.22	 1	 -42.2134	  173.6673
5.696	 2.41	 2	 -44.2375	  174.4310
5.697	 2.30	 1	 -41.7934	  174.2121
5.698	 2.56	 1	 -42.4978	  173.0609
5.698	 2.38	 1	 -42.2542	  173.7931
5.698	 2.70	 2	 -41.6451	  173.1084
5.699	 2.23	 1	 -42.4110	  173.7010
5.699	 2.58	 3	 -41.6557	  174.1142
5.701	 2.46	 1	 -42.0917	  173.7137
5.701	 3.13	 1	 -42.5860	  173.2529
5.702	 2.84	 2	 -42.9532	  173.4507
5.702	 2.43	 2	 -42.4370	  173.2152
5.704	 3.49	 1	 -41.7342	  174.0209
5.706	 2.79	 1	 -42.2781	  173.6945
5.706	 2.66	 2	 -41.8588	  174.3748
5.709	 2.19	 2	 -42.3771	  173.7315
5.710	 2.38	 1	 -42.2831	  173.7067
5.710	 2.10	 1	 -42.5598	  173.8012
5.711	 2.26	 1	 -42.3160	  174.1240
5.711	 2.58	 1	 -41.6753	  174.2129
5.711	 2.92	 1	 -42.2583	  173.5918
5.711	 2.11	 1	 -41.6848	  174.2268
5.712	 2.19	 1	 -42.2659	  173.6484
5.712	 2.81	 1	 -42.5522	  173.9209
5.713	 2.45	 2	 -42.1499	  173.7063
5.713	 2.98	 1	 -42.1936	  173.1551
5.713	 2.35	 1	 -42.6153	  173.2614
5.715	 2.74	 2	 -42.4334	  173.9055
5.716	 2.06	 1	 -43.2035	  172.9897
5.716	 2.16	 2	 -41.5339	  174.2526
5.717	 2.75	 1	 -38.7984	  169.9809
5.717	 3.79	 2	 -42.7644	  172.3467
5.719	 3.04	 1	 -42.6551	  173.0634
5.719	 2.10	 2	 -42.4955	  173.8136
5.719	 2.16	 1	 -42.5715	  172.5531
5.721	 2.15	 2	 -42.5822	  173.2559
5.722	 2.01	 1	 -42.2613	  173.8255
5.722	 2.69	 1	 -41.9641	  173.7233
5.723	 2.35	 1	 -42.9203	  171.8230
5.723	 2.01	 2	 -38.2736	  172.9805
5.725	 2.28	 1	 -42.0612	  173.8891
5.725	 2.08	 2	 -42.4104	  172.8144
5.726	 2.53	 1	 -42.6703	  173.9247
5.726	 2.03	 3	 -42.8256	  173.2900
5.729	 2.48	 1	 -41.7314	  174.2845
5.730	 2.21	 1	 -41.7242	  174.3306
5.731	 2.31	 1	 -42.1723	  173.6801
5.733	 2.05	 1	 -42.7179	  172.7682
5.733	 3.02	 1	 -41.8354	  174.4519
5.733	 2.04	 2	 -42.6898	  173.0645
5.735	 2.71	 1	 -41.7609	  174.3112
5.737	 2.26	 1	 -42.0112	  173.3896
5.737	 2.03	 2	 -41.8513	  174.1676
5.738	 2.10	 1	 -42.4239	  173.3451
5.738	 2.13	 2	 -42.8440	  172.2245
5.739	 2.25	 1	 -41.7266	  172.8134
5.740	 2.23	 1	 -42.3973	  173.9226
5.741	 2.57	 1	 -42.4641	  173.1714
5.741	 2.27	 1	 -41.7709	  174.1572
5.742	 2.12	 2	 -41.7442	  174.1999
5.742	 2.03	 2	 -42.7223	  172.0677
5.743	 2.04	 1	 -42.0613	  173.7662
5.743	 2.02	 2	 -41.8331	  173.3542
5.743	 2.15	 1	 -42.4630	  173.1164
5.744	 2.19	 3	 -41.7487	  174.1804
5.745	 2.03	 1	 -41.7120	  174.2863
5.746	 2.01	 2	 -42.6269	  172.9502
5.748	 2.36	 1	 -42.2664	  173.5864
5.750	 2.16	 1	 -42.1251	  173.4658
5.751	 2.17	 1	 -42.3858	  173.0849
5.753	 2.88	 3	 -41.6661	  174.1851
5.753	 2.17	 1	 -42.5071	  173.1930
5.753	 3.13	 1	 -41.7386	  167.8571
5.753	 2.41	 1	 -42.4393	  173.2036
5.754	 2.63	 1	 -41.6971	  175.3141
5.754	 2.26	 1	 -42.2790	  173.6295
5.755	 2.69	 1	 -41.9629	  174.0596
5.757	 2.04	 1	 -43.6433	  172.9720
5.758	 2.02	 1	 -41.6910	  174.1638
5.758	 2.10	 1	 -41.0391	  171.9686
5.759	 3.41	 1	 -42.2320	  173.6337
5.759	 3.09	 1	 -42.6338	  173.6900
5.759	 2.57	 1	 -42.3388	  173.8475
5.760	 2.43	 1	 -41.7516	  174.2631
5.761	 2.35	 1	 -42.1646	  173.5396
5.761	 2.16	 1	 -42.4680	  173.1393
5.762	 2.65	 4	 -42.8242	  172.5065
5.766	 2.03	 1	 -41.8085	  173.4669
5.767	 2.02	 1	 -42.0817	  172.7904
5.767	 2.50	 1	 -42.0426	  173.6779
5.767	 2.30	 1	 -42.3071	  170.8337
5.768	 2.56	 2	 -41.6363	  174.4070
5.768	 2.02	 1	 -41.8578	  174.1290
5.771	 2.19	 1	 -42.2733	  173.9814
5.774	 2.18	 1	 -42.3793	  172.7867
5.778	 2.10	 1	 -41.0641	  173.7625
5.780	 2.36	 1	 -42.3652	  173.4891
5.783	 3.61	 1	 -40.9374	  174.5655
5.783	 2.54	 1	 -41.6852	  173.3623
5.784	 2.20	 3	 -41.7353	  174.1781
5.786	 3.38	 2	 -42.7341	  172.8060
5.786	 2.93	 1	 -41.4205	  173.0911
5.787	 2.79	 2	 -42.6693	  173.5145
5.787	 2.09	 2	 -43.7548	  174.0839
5.787	 2.05	 2	 -41.6799	  174.2070
5.788	 2.96	 1	 -42.3493	  173.1536
5.788	 2.77	 1	 -41.7795	  173.3602
5.789	 2.71	 2	 -41.8850	  174.2286
5.789	 3.24	 1	 -41.6600	  174.2680
5.791	 2.06	 1	 -42.2375	  173.5605
5.791	 2.21	 3	 -42.6796	  172.0649
5.791	 2.99	 1	 -41.7008	  174.1145
5.794	 2.49	 1	 -42.3806	  173.1927
5.795	 2.28	 1	 -40.2044	  168.6172
5.797	 2.42	 1	 -41.6972	  174.2787
5.797	 2.42	 1	 -42.4347	  173.7035
5.797	 2.82	 1	 -41.6506	  174.1322
5.799	 2.54	 2	 -40.9299	  174.5445
5.799	 2.92	 1	 -42.4499	  173.3745
5.801	 2.03	 2	 -42.4525	  173.0109
5.801	 2.43	 1	 -41.7025	  174.2709
5.802	 2.10	 1	 -45.1116	  173.4587
5.803	 2.51	 1	 -42.5772	  173.0319
5.804	 2.25	 1	 -42.3729	  173.4938
5.805	 2.83	 1	 -42.3565	  173.7411
5.805	 2.33	 1	 -42.2869	  173.3386
5.807	 2.67	 2	 -42.1613	  174.0437
5.813	 2.09	 1	 -42.2946	  173.7922
5.815	 2.55	 1	 -41.6806	  174.2737
5.815	 2.11	 2	 -42.7425	  173.0583
5.817	 2.11	 1	 -42.4940	  173.1813
5.819	 2.10	 1	 -42.9704	  171.3648
5.819	 3.22	 1	 -41.8169	  174.3297
5.819	 2.40	 1	 -42.0433	  173.7566
5.821	 2.40	 2	 -42.7002	  172.2102
5.822	 2.52	 1	 -42.9867	  173.5802
5.825	 2.70	 2	 -41.7104	  174.2103
5.825	 2.13	 1	 -42.2972	  173.1502
5.829	 2.90	 1	 -42.3483	  173.7066
5.831	 2.43	 1	 -41.6350	  174.4395
5.831	 2.05	 1	 -41.7035	  174.2070
5.831	 2.24	 1	 -42.4172	  173.9203
5.832	 2.21	 1	 -42.3517	  173.4544
5.832	 2.15	 1	 -42.1336	  173.7287
5.834	 2.57	 1	 -41.9979	  173.8312
5.836	 2.10	 2	 -42.3884	  173.3771
5.837	 2.16	 1	 -42.4068	  173.9783
5.839	 2.49	 3	 -42.5814	  173.9127
5.839	 2.17	 1	 -42.3144	  174.0585
5.840	 2.62	 3	 -41.6569	  174.1425
5.843	 2.48	 1	 -42.0937	  173.5444
5.844	 2.58	 2	 -42.2390	  173.5840
5.844	 2.27	 1	 -42.2754	  173.7629
5.844	 3.40	 1	 -42.1475	  173.5847
5.847	 2.80	 3	 -41.7271	  174.2361
5.847	 2.04	 1	 -41.7968	  174.2672
5.847	 2.11	 1	 -42.2243	  174.5652
5.848	 2.29	 1	 -41.9133	  173.7284
5.849	 2.54	 2	 -42.6494	  173.0367
5.849	 2.18	 3	 -42.6292	  174.0852
5.850	 2.05	 1	 -42.1743	  173.5087
5.851	 2.30	 2	 -41.7170	  174.1476
5.852	 2.04	 1	 -41.7695	  174.1821
5.853	 2.12	 1	 -42.6162	  172.9630
5.853	 2.52	 1	 -42.5729	  173.0046
5.855	 2.23	 1	 -42.2111	  172.6451
5.855	 2.04	 1	 -42.3256	  173.7607
5.855	 2.09	 1	 -42.5984	  173.0888
5.856	 2.26	 1	 -42.5519	  173.6863
5.856	 2.09	 1	 -42.0447	  173.5521
5.856	 2.81	 1	 -41.8550	  174.0339
5.858	 2.90	 1	 -41.8246	  174.1903
5.859	 3.62	 3	 -42.7596	  172.8266
5.859	 2.41	 2	 -42.7644	  173.0068
5.860	 2.52	 1	 -42.5111	  173.2828
5.860	 2.42	 1	 -42.3220	  173.5331
5.863	 2.51	 1	 -42.3280	  174.5535
5.865	 3.17	 1	 -42.3268	  173.7868
5.868	 2.01	 1	 -42.6593	  173.0840
5.869	 3.33	 1	 -41.7145	  174.4362
5.870	 2.02	 1	 -42.4002	  173.4983
5.870	 2.11	 2	 -42.1481	  173.5893
5.870	 2.94	 1	 -42.6004	  173.8758
5.871	 2.16	 1	 -41.6967	  174.2674
5.871	 3.51	 2	 -43.1225	  176.3245
5.874	 2.07	 2	 -42.4745	  173.1585
5.875	 2.27	 1	 -42.3589	  174.1293
5.875	 2.01	 2	 -42.5068	  173.2236
5.875	 3.93	 2	 -42.5469	  174.6806
5.877	 2.38	 2	 -40.9353	  174.5420
5.877	 2.24	 2	 -41.8987	  174.0474
5.880	 2.28	 1	 -41.7016	  174.2125
5.880	 2.25	 1	 -42.2775	  173.8844
5.882	 2.03	 1	 -41.9979	  173.7636
5.882	 2.36	 1	 -42.8473	  173.0729
5.882	 2.01	 3	 -42.6663	  172.8994
5.883	 2.33	 1	 -42.4443	  173.7980
5.883	 2.29	 2	 -41.7734	  172.8388
5.884	 2.46	 1	 -42.3638	  173.6365
5.885	 2.29	 1	 -42.2702	  173.9066
5.887	 2.20	 1	 -42.5406	  172.9288
5.889	 2.04	 1	 -42.1723	  173.5757
5.889	 2.10	 2	 -42.8746	  173.1785
5.891	 2.97	 2	 -42.2916	  174.1164
5.891	 2.17	 1	 -41.8188	  174.2142
5.893	 2.21	 1	 -42.2762	  173.8273
5.895	 2.19	 3	 -42.2445	  173.6462
5.895	 2.70	 1	 -41.7447	  174.2632
5.896	 2.08	 1	 -42.7605	  171.4702
5.897	 2.62	 1	 -42.2663	  174.1943
5.899	 2.95	 2	 -41.8589	  174.1913
5.900	 2.21	 1	 -42.2266	  173.5332
5.900	 2.27	 1	 -42.3958	  173.7564
5.901	 2.37	 1	 -42.3765	  173.6837
5.901	 2.68	 3	 -42.5034	  174.6708
5.902	 2.33	 2	 -42.5346	  172.2675
5.902	 2.30	 2	 -42.3338	  173.9562
5.903	 2.08	 3	 -41.6824	  174.1626
5.903	 2.25	 1	 -42.3639	  173.7459
5.903	 3.16	 1	 -42.4117	  173.7302
5.904	 3.16	 1	 -42.2585	  173.7259
5.904	 2.49	 1	 -41.9700	  173.5609
5.905	 2.31	 2	 -42.8143	  173.0116
5.907	 2.89	 1	 -42.6339	  172.9624
5.908	 2.49	 1	 -42.3359	  173.6730
5.909	 2.78	 1	 -41.7179	  174.3680
5.909	 2.35	 1	 -41.6931	  174.3566
5.911	 2.58	 2	 -42.4502	  173.1990
5.914	 2.43	 2	 -42.1875	  173.5583
5.915	 2.09	 1	 -37.9709	  170.9325
5.917	 3.04	 1	 -41.7342	  174.2163
5.917	 2.22	 1	 -41.6188	  174.1906
5.918	 2.59	 1	 -40.8180	  174.8978
5.919	 2.97	 3	 -41.7912	  174.1825
5.919	 2.02	 1	 -42.7331	  173.4702
5.921	 2.36	 1	 -42.7297	  172.8343
5.921	 2.16	 1	 -42.6862	  173.0563
5.922	 2.95	 2	 -42.5215	  173.2113
5.923	 2.21	 1	 -41.7375	  174.2704
5.924	 3.52	 1	 -42.6561	  172.9082
5.925	 2.98	 2	 -42.6999	  172.9867
5.927	 2.00	 2	 -42.1941	  173.5038
5.928	 2.60	 1	 -42.6388	  172.9284
5.928	 2.12	 1	 -42.8865	  173.0609
5.930	 3.05	 1	 -42.2992	  173.7262
5.930	 3.19	 1	 -42.3684	  173.5450
5.931	 2.86	 2	 -43.0585	  172.7083
5.932	 2.66	 1	 -41.6647	  174.1320
5.932	 4.45	 2	 -42.3545	  173.7134
5.933	 2.16	 1	 -42.9595	  173.1425
5.934	 2.06	 1	 -42.3987	  173.3349
5.934	 2.84	 1	 -43.0246	  172.6817
5.935	 2.04	 1	 -42.3495	  173.3040
5.935	 2.24	 1	 -42.2132	  173.3020
5.935	 2.92	 2	 -41.7282	  174.2346
5.936	 2.09	 1	 -42.7594	  173.0469
5.936	 2.79	 1	 -42.4567	  172.0474
5.937	 2.71	 1	 -42.0402	  173.6461
5.938	 2.22	 1	 -42.5708	  172.8205
5.938	 2.18	 2	 -42.9575	  173.2930
5.939	 2.01	 2	 -41.7754	  173.5416
5.940	 2.72	 1	 -41.6889	  174.2792
5.940	 2.08	 2	 -42.4890	  173.7834
5.942	 2.01	 1	 -42.3728	  174.0277
5.943	 2.36	 1	 -42.0213	  173.5315
5.943	 2.48	 1	 -42.2799	  173.8458
5.943	 2.42	 3	 -42.4027	  173.6626
5.944	 2.57	 1	 -41.6126	  174.2374
5.945	 2.36	 1	 -41.7618	  174.2182
5.946	 2.17	 1	 -42.1517	  173.5954
5.946	 2.13	 1	 -41.9757	  173.7543
5.947	 2.36	 3	 -42.3304	  173.6467
5.947	 2.26	 1	 -42.5134	  173.1056
5.948	 2.28	 1	 -42.6543	  173.1929
5.948	 2.66	 1	 -41.6978	  174.1516
5.950	 2.23	 3	 -42.3599	  173.4247
5.950	 2.00	 2	 -42.6547	  172.9664
5.952	 2.19	 1	 -41.7108	  174.2215
5.953	 2.25	 1	 -42.1398	  173.8042
5.954	 2.53	 2	 -41.3770	  173.3002
5.954	 2.07	 1	 -42.8888	  176.4566
5.955	 2.05	 1	 -42.1436	  173.8269
5.955	 2.30	 1	 -42.6050	  173.1779
5.962	 2.00	 1	 -42.8903	  173.6336
5.962	 2.49	 1	 -42.6105	  172.9749
5.963	 2.55	 1	 -42.3123	  173.1514
5.963	 2.24	 2	 -42.7470	  173.0313
5.963	 2.27	 1	 -41.9955	  173.8346
5.963	 2.38	 1	 -42.1881	  173.4148
5.963	 2.27	 1	 -41.9430	  174.1846
5.964	 2.06	 1	 -41.6895	  174.2408
5.964	 2.27	 5	 -42.5065	  172.8852
5.967	 2.28	 2	 -42.2646	  174.0194
5.968	 2.02	 1	 -42.5361	  172.8214
5.968	 3.22	 1	 -42.2692	  173.6083
5.969	 2.23	 1	 -42.0212	  173.8582
5.969	 2.85	 1	 -42.7949	  172.9308
5.969	 2.01	 2	 -37.3392	  175.9983
5.970	 2.87	 3	 -42.7572	  173.0279
5.971	 2.78	 1	 -42.4303	  173.3685
5.972	 2.44	 1	 -42.0785	  173.6080
5.973	 2.39	 1	 -42.5543	  173.0382
5.973	 2.14	 1	 -42.3050	  173.1792
5.975	 2.56	 1	 -42.5717	  173.0990
5.976	 2.62	 1	 -42.4058	  173.3379
5.977	 3.31	 1	 -41.6852	  174.1894
5.977	 2.33	 1	 -42.2807	  173.7788
5.982	 2.25	 1	 -41.7509	  174.0835
5.982	 2.49	 1	 -42.2688	  173.1997
5.982	 2.73	 2	 -42.7412	  173.0531
5.982	 2.33	 1	 -43.0465	  173.9291
5.983	 2.14	 2	 -42.7442	  173.1213
5.985	 2.12	 1	 -41.8579	  174.0337
5.987	 2.64	 1	 -41.8803	  174.1818
5.989	 2.22	 1	 -41.8897	  172.8096
5.989	 2.08	 1	 -42.3466	  173.6635
5.990	 2.60	 2	 -41.6942	  174.2380
5.990	 2.62	 1	 -42.5822	  172.9937
5.991	 2.79	 1	 -41.7381	  174.2959
5.992	 2.35	 1	 -41.8138	  174.2961
5.993	 3.18	 1	 -42.2386	  173.7520
5.993	 2.01	 1	 -42.1843	  173.6747
5.996	 2.01	 2	 -42.8855	  173.2659
5.996	 2.42	 2	 -41.3575	  174.5345
5.996	 3.26	 1	 -46.1402	  176.6503
5.997	 2.12	 2	 -42.1047	  173.5523
5.999	 2.05	 1	 -42.4750	  172.7185
6.000	 2.75	 1	 -42.4619	  173.3079
6.001	 3.21	 1	 -41.8847	  174.0123
6.002	 2.03	 1	 -41.6088	  174.2194
6.002	 2.73	 2	 -42.7329	  172.9477
6.004	 2.54	 1	 -41.6996	  174.2746
6.005	 3.09	 1	 -42.1113	  173.6098
6.007	 2.22	 1	 -42.3142	  174.0138
6.013	 3.22	 1	 -42.5562	  172.9879
6.016	 2.07	 1	 -42.5014	  173.2151
6.017	 2.26	 2	 -41.8866	  174.0088
6.018	 2.14	 2	 -41.7473	  174.4761
6.018	 2.01	 1	 -42.3204	  173.6772
6.019	 2.10	 2	 -42.7578	  172.9803
6.019	 2.82	 1	 -41.7912	  174.2651
6.021	 2.68	 2	 -41.9887	  173.8840
6.021	 2.70	 3	 -42.7080	  173.0432
6.021	 2.60	 1	 -41.9521	  174.0686
6.021	 2.12	 1	 -42.4155	  173.9710
6.021	 2.09	 1	 -42.3104	  173.7637
6.022	 2.54	 1	 -42.2864	  173.8098
6.022	 2.02	 1	 -41.6865	  174.5743
6.022	 2.09	 1	 -42.3615	  173.1752
6.023	 2.87	 1	 -42.1220	  173.4126
6.024	 2.45	 1	 -42.2937	  173.4455
6.025	 2.24	 2	 -41.6876	  174.1987
6.029	 2.02	 3	 -41.7121	  174.1409
6.029	 2.32	 1	 -41.8022	  173.9902
6.030	 2.11	 1	 -42.0522	  173.7274
6.031	 2.07	 1	 -42.4932	  173.0549
6.031	 2.45	 3	 -42.9625	  171.8387
6.032	 2.78	 1	 -41.9652	  174.0657
6.033	 2.10	 2	 -42.4312	  173.2162
6.033	 2.05	 1	 -42.5568	  173.2548
6.034	 2.33	 1	 -42.2222	  173.6805
6.034	 2.84	 1	 -42.5580	  173.5507
6.035	 2.11	 2	 -42.8314	  172.2090
6.036	 2.72	 2	 -42.8204	  172.2386
6.037	 2.05	 1	 -41.7405	  174.1825
6.041	 3.23	 1	 -41.7125	  174.2036
6.042	 2.27	 3	 -42.6495	  172.1728
6.042	 2.02	 1	 -42.3862	  174.0166
6.042	 2.56	 1	 -41.7864	  174.1653
6.042	 2.02	 1	 -41.6954	  174.3098
6.042	 2.23	 1	 -42.4954	  172.7752
6.042	 4.93	 2	 -41.6259	  174.3057
6.043	 2.41	 1	 -42.2423	  173.9211
6.044	 3.00	 3	 -41.8904	  173.2971
6.044	 6.03	 1	 -44.3495	  169.5754
6.045	 2.31	 1	 -42.2699	  173.5823
6.045	 2.15	 2	 -44.8811	  170.0892
6.045	 2.40	 2	 -44.3457	  169.5824
6.047	 2.15	 2	 -44.2746	  169.6336
6.047	 2.21	 2	 -44.3908	  169.5845
6.048	 2.09	 1	 -42.3182	  173.8813
6.049	 2.26	 2	 -44.3876	  169.5476
6.049	 2.41	 1	 -42.6285	  172.8291
6.049	 2.75	 1	 -41.7755	  174.0354
6.050	 2.03	 2	 -44.3765	  169.6024
6.050	 2.60	 1	 -42.1945	  173.1589
6.050	 2.60	 1	 -41.6580	  174.3306
6.050	 2.21	 2	 -44.3386	  169.5688
6.050	 2.16	 1	 -41.6850	  174.3491
6.052	 2.20	 2	 -44.3654	  169.6225
6.052	 2.61	 3	 -41.7330	  174.2850
6.053	 2.16	 2	 -44.3322	  169.2429
6.053	 2.01	 2	 -42.7923	  173.0693
6.054	 2.16	 1	 -41.8762	  173.9244
6.055	 2.04	 2	 -43.8464	  168.3781
6.055	 2.50	 2	 -42.4066	  172.7540
6.056	 2.69	 2	 -44.3270	  169.6555
6.056	 2.18	 2	 -44.3463	  169.5611
6.056	 2.56	 2	 -44.3107	  169.6332
6.057	 2.15	 1	 -41.7837	  173.8750
6.058	 2.08	 1	 -41.7523	  174.2728
6.058	 2.62	 1	 -42.4724	  173.4304
6.058	 3.26	 1	 -42.4121	  173.5454
6.058	 2.22	 2	 -42.3184	  173.9507
6.058	 3.03	 1	 -42.0891	  172.9118
6.058	 2.18	 1	 -42.7842	  174.6645
6.058	 2.38	 2	 -43.5392	  169.0889
6.058	 2.11	 2	 -44.4077	  169.5831
6.059	 2.51	 2	 -44.0015	  169.5858
6.059	 2.19	 1	 -41.7129	  174.2428
6.059	 2.21	 2	 -42.4818	  173.4262
6.059	 2.07	 2	 -41.6180	  174.3596
6.059	 2.67	 2	 -44.3333	  169.6522
6.060	 2.22	 1	 -42.2529	  173.7785
6.060	 2.00	 4	 -42.4340	  173.0848
6.061	 2.43	 2	 -44.2993	  169.6076
6.064	 2.21	 2	 -44.3529	  169.5762
6.064	 2.03	 1	 -41.7880	  174.1647
6.064	 5.65	 1	 -41.7018	  174.2811
6.065	 2.10	 1	 -42.7326	  173.1299
6.065	 3.07	 2	 -41.9026	  174.3194
6.066	 2.39	 2	 -44.3287	  169.7046
6.066	 2.17	 2	 -41.7344	  174.2820
6.069	 2.60	 2	 -44.6108	  169.4384
6.069	 2.15	 4	 -42.6748	  172.7369
6.071	 3.01	 1	 -42.6258	  173.3122
6.072	 2.10	 1	 -41.6835	  174.2459
6.072	 2.57	 1	 -42.0166	  173.6208
6.072	 2.47	 2	 -42.7580	  172.3153
6.073	 2.27	 3	 -42.0437	  173.6239
6.073	 2.12	 1	 -42.3929	  173.7647
6.073	 2.05	 2	 -40.9685	  174.5387
6.074	 2.22	 1	 -42.6333	  172.9228
6.074	 2.01	 2	 -44.3064	  169.6698
6.074	 2.07	 1	 -41.7699	  173.6338
6.074	 2.31	 2	 -42.5619	  173.1505
6.075	 2.48	 2	 -41.6702	  174.2972
6.076	 2.69	 2	 -42.6502	  175.7164
6.078	 2.15	 1	 -41.8425	  174.0417
6.078	 3.42	 1	 -42.0664	  173.6184
6.079	 3.49	 1	 -41.7796	  174.2876
6.079	 2.31	 2	 -44.2625	  169.9768
6.079	 2.50	 2	 -42.7188	  172.9409
6.079	 2.53	 2	 -41.6038	  174.3222
6.079	 2.12	 2	 -42.3888	  173.3905
6.080	 2.01	 2	 -44.3844	  169.5950
6.081	 2.50	 2	 -44.3912	  169.4786
6.082	 2.23	 2	 -47.6003	  165.2309
6.082	 2.15	 1	 -41.7323	  174.2210
6.083	 2.08	 1	 -42.7822	  173.3855
6.083	 2.36	 2	 -42.7052	  172.9596
6.084	 2.25	 2	 -44.3700	  169.6230
6.084	 2.37	 2	 -44.3745	  169.7104
6.084	 2.06	 1	 -43.0859	  172.4827
6.084	 2.23	 1	 -42.3595	  174.0155
6.084	 2.70	 2	 -40.9447	  174.5852
6.085	 2.99	 1	 -41.7658	  174.2736
6.085	 2.05	 2	 -44.1676	  169.6175
6.086	 2.18	 2	 -44.3199	  169.5055
6.086	 2.34	 2	 -41.6532	  174.2808
6.087	 2.08	 1	 -42.3443	  173.6955
6.088	 2.32	 1	 -42.5591	  173.8158
6.088	 2.15	 2	 -44.2918	  169.5156
6.089	 2.08	 3	 -42.6923	  173.0655
6.089	 2.44	 1	 -42.6319	  172.9733
6.089	 2.25	 1	 -41.7465	  174.2952
6.089	 2.17	 2	 -41.8386	  174.3306
6.091	 2.13	 2	 -41.6665	  174.2655
6.091	 2.05	 2	 -44.2338	  169.5509
6.092	 2.49	 2	 -41.6856	  174.2009
6.092	 2.26	 1	 -42.4651	  173.8042
6.092	 2.29	 2	 -41.6795	  174.5017
6.092	 2.71	 2	 -41.8008	  174.2747
6.092	 2.29	 2	 -41.6753	  174.3000
6.093	 2.46	 1	 -42.4599	  173.2859
6.093	 2.36	 1	 -42.6600	  172.9733
6.094	 2.08	 1	 -39.5198	  178.3973
6.094	 2.02	 2	 -44.3815	  169.5794
6.095	 2.05	 2	 -44.2770	  169.4507
6.096	 2.14	 2	 -42.0077	  174.1020
6.096	 3.34	 2	 -42.7683	  172.9303
6.096	 2.52	 1	 -41.6810	  174.2377
6.097	 3.31	 2	 -41.7074	  174.3920
6.097	 2.52	 2	 -44.3801	  169.5661
6.099	 2.10	 2	 -42.4803	  172.8808
6.099	 2.22	 2	 -44.2090	  169.6886
6.099	 2.38	 2	 -41.7238	  174.2325
6.099	 2.65	 2	 -44.3806	  169.6090
6.100	 2.51	 1	 -42.2095	  173.8185
6.100	 3.68	 1	 -42.4210	  173.1022
6.102	 2.21	 1	 -41.7893	  174.2906
6.102	 2.03	 2	 -42.2864	  174.0174
6.103	 2.09	 1	 -42.3267	  173.6256
6.103	 2.43	 2	 -41.6615	  174.1718
6.104	 2.02	 2	 -41.4339	  174.5779
6.104	 2.07	 2	 -42.3145	  173.5834
6.104	 2.12	 1	 -42.4107	  173.7374
6.104	 2.02	 2	 -44.2872	  169.4645
6.104	 2.44	 1	 -41.7951	  174.3224
6.105	 3.65	 2	 -41.6540	  174.3352
6.105	 2.39	 2	 -44.2243	  169.3867
6.105	 2.16	 1	 -41.6993	  174.2922
6.107	 2.21	 2	 -44.3133	  169.5836
6.107	 2.08	 2	 -44.7044	  169.7090
6.108	 2.05	 2	 -41.7036	  174.3859
6.109	 2.13	 1	 -42.7481	  173.4179
6.110	 2.10	 2	 -44.2863	  169.5894
6.110	 2.36	 2	 -41.7540	  174.2277
6.111	 2.06	 1	 -42.3540	  173.3441
6.111	 2.26	 1	 -42.3631	  173.5730
6.112	 2.44	 1	 -41.8043	  174.2611
6.112	 2.02	 2	 -42.2573	  174.0811
6.112	 3.31	 2	 -44.3726	  169.4119
6.114	 2.43	 1	 -42.3416	  173.9897
6.114	 2.28	 1	 -42.2815	  173.7253
6.115	 2.05	 2	 -41.6708	  174.2338
6.115	 2.55	 1	 -42.5110	  173.0437
6.115	 2.23	 1	 -42.2455	  173.5633
6.115	 2.97	 2	 -42.7928	  172.2152
6.116	 2.40	 2	 -41.6217	  174.3692
6.117	 3.09	 2	 -44.3235	  169.6840
6.117	 2.05	 1	 -42.5046	  173.1705
6.117	 2.54	 1	 -42.2155	  175.5316
6.117	 2.23	 2	 -44.2814	  169.5363
6.118	 2.27	 1	 -41.8098	  174.1706
6.118	 2.17	 1	 -42.5916	  173.0837
6.118	 2.33	 2	 -44.3604	  169.5525
6.118	 2.13	 1	 -38.0286	  174.1283
6.118	 2.06	 1	 -42.3372	  172.8509
6.119	 3.09	 2	 -41.7342	  174.3007
6.120	 2.02	 3	 -41.9108	  173.5792
6.120	 2.25	 1	 -42.4853	  173.0091
6.120	 2.41	 1	 -42.4624	  173.1760
6.120	 3.07	 2	 -44.2136	  169.3328
6.121	 2.85	 2	 -44.2873	  169.5841
6.121	 2.19	 2	 -41.6331	  174.0774
6.122	 2.77	 1	 -42.6292	  173.0400
6.122	 2.24	 3	 -41.6285	  174.2752
6.122	 2.11	 2	 -41.7000	  174.2593
6.123	 2.90	 2	 -44.3789	  169.5518
6.124	 2.19	 1	 -41.8024	  174.3106
6.124	 2.05	 2	 -41.6617	  174.4196
6.125	 2.13	 2	 -42.5257	  173.6176
6.125	 2.80	 1	 -41.9126	  173.4971
6.125	 2.17	 2	 -41.9350	  174.3585
6.125	 2.15	 1	 -41.6911	  174.3364
6.126	 2.05	 1	 -42.1772	  173.5990
6.127	 3.17	 1	 -42.5159	  173.0550
6.127	 2.11	 1	 -42.4285	  173.1854
6.127	 2.05	 2	 -42.6685	  172.8179
6.128	 2.64	 1	 -42.4090	  173.0221
6.130	 2.03	 1	 -41.7393	  174.2006
6.130	 2.58	 1	 -42.4238	  172.9989
6.130	 2.11	 1	 -42.2178	  173.5578
6.131	 2.47	 2	 -43.9352	  170.1502
6.131	 2.05	 1	 -42.6017	  172.8724
6.131	 2.79	 2	 -42.5520	  173.1563
6.132	 2.46	 1	 -41.7062	  174.2379
6.133	 2.02	 2	 -41.7022	  174.3462
6.133	 2.29	 1	 -42.5395	  173.2783
6.134	 2.36	 2	 -44.3429	  169.6295
6.134	 2.44	 1	 -42.8809	  172.8761
6.134	 2.74	 2	 -44.3959	  169.5534
6.136	 2.96	 1	 -39.8234	  174.3780
6.136	 2.70	 1	 -42.2225	  172.6689
6.136	 2.98	 3	 -41.5984	  174.2508
6.137	 2.26	 2	 -41.7147	  174.2770
6.137	 2.91	 2	 -42.4416	  173.7169
6.138	 2.07	 1	 -42.2373	  173.6725
6.138	 2.10	 2	 -44.2224	  169.6736
6.140	 2.20	 1	 -41.6370	  174.3511
6.140	 2.67	 2	 -41.6565	  174.2225
6.140	 2.53	 1	 -42.0137	  173.6892
6.141	 2.06	 2	 -44.3429	  169.3606
6.142	 2.41	 2	 -41.6261	  174.2179
6.142	 2.03	 1	 -42.4316	  173.1837
6.144	 2.36	 2	 -44.2543	  169.3993
6.144	 3.22	 1	 -43.0116	  172.9626
6.146	 2.75	 3	 -44.3349	  169.6476
6.146	 2.18	 1	 -42.2509	  173.6557
6.148	 2.72	 2	 -42.6422	  172.7720
6.148	 2.70	 2	 -42.0788	  173.8766
6.149	 2.26	 3	 -41.6279	  174.2485
6.149	 2.32	 1	 -42.2282	  173.7087
6.150	 2.22	 4	 -39.7945	  174.2988
6.150	 2.06	 1	 -41.6930	  174.3524
6.150	 2.00	 2	 -44.3031	  169.6218
6.151	 2.50	 2	 -44.1285	  169.5588
6.152	 2.66	 1	 -41.9437	  174.1219
6.152	 2.09	 2	 -41.6633	  174.3040
6.152	 2.12	 1	 -41.9302	  173.6779
6.153	 2.35	 1	 -42.4344	  173.8277
6.153	 2.69	 1	 -42.1287	  173.9678
6.153	 2.23	 1	 -42.3918	  173.4077
6.154	 2.06	 2	 -44.4243	  169.6178
6.155	 2.75	 1	 -42.4344	  173.3340
6.156	 2.92	 2	 -44.3599	  170.4609
6.156	 3.06	 1	 -41.7471	  174.2548
6.158	 2.42	 1	 -42.7911	  172.8256
6.158	 2.34	 1	 -41.7956	  174.1783
6.158	 2.60	 2	 -44.3312	  169.6087
6.159	 2.24	 2	 -42.6334	  173.6856
6.159	 2.68	 1	 -42.4631	  172.9826
6.159	 3.43	 2	 -44.3895	  169.6246
6.160	 2.13	 1	 -42.0672	  173.7895
6.162	 2.03	 2	 -43.8582	  169.7725
6.162	 2.00	 1	 -42.3386	  173.9420
6.163	 2.05	 1	 -42.8140	  172.7326
6.164	 2.32	 2	 -44.3831	  169.7609
6.166	 2.27	 1	 -41.8385	  174.0250
6.167	 2.03	 1	 -41.7103	  174.1796
6.167	 2.14	 2	 -45.8027	  167.3540
6.168	 2.17	 3	 -41.6297	  174.2679
6.168	 2.11	 1	 -42.2584	  173.8440
6.169	 2.10	 2	 -43.8524	  169.5944
6.169	 2.40	 2	 -44.3572	  169.6397
6.169	 2.01	 1	 -41.9408	  174.1021
6.169	 2.17	 1	 -41.6875	  174.3689
6.169	 2.27	 1	 -41.7240	  174.1864
6.170	 2.74	 2	 -43.5614	  169.9796
6.170	 2.05	 3	 -42.7662	  172.3440
6.172	 2.89	 1	 -42.0421	  173.3024
6.173	 3.02	 2	 -44.3715	  169.6763
6.173	 2.96	 1	 -42.2282	  172.8271
6.176	 2.28	 2	 -42.7668	  173.1072
6.177	 2.03	 1	 -42.0982	  173.7157
6.177	 2.73	 1	 -42.3236	  173.6504
6.178	 2.60	 1	 -41.6127	  174.1584
6.179	 2.33	 1	 -42.7912	  173.2857
6.179	 2.01	 1	 -42.7091	  173.1649
6.180	 2.52	 2	 -44.4060	  169.5728
6.181	 2.11	 2	 -44.2326	  169.6384
6.181	 2.07	 2	 -44.3173	  169.5105
6.182	 2.34	 1	 -42.3188	  174.0140
6.182	 2.31	 1	 -41.9404	  174.0494
6.183	 2.14	 2	 -41.6771	  174.3299
6.183	 2.02	 2	 -44.5484	  169.6754
6.183	 2.28	 2	 -42.7891	  172.9885
6.184	 2.61	 1	 -41.9463	  173.5022
6.184	 2.84	 2	 -40.9463	  174.1080
6.185	 2.51	 1	 -42.5596	  173.1389
6.186	 2.26	 2	 -41.4110	  175.3618
6.187	 3.42	 2	 -44.2259	  169.6269
6.187	 2.06	 2	 -44.3624	  169.4331
6.188	 2.14	 2	 -44.4090	  169.5838
6.189	 2.35	 2	 -41.6057	  174.0336
6.190	 2.46	 1	 -41.8119	  173.7113
6.191	 2.40	 2	 -44.4837	  169.3760
6.192	 2.46	 1	 -42.3840	  173.6359
6.192	 2.00	 2	 -44.3732	  169.6317
6.192	 2.74	 1	 -42.5352	  173.1259
6.192	 2.17	 2	 -41.6710	  174.3162
6.193	 2.13	 2	 -42.3047	  173.7858
6.193	 2.13	 1	 -43.1547	  173.1322
6.193	 2.01	 2	 -41.6668	  174.2697
6.194	 2.07	 2	 -44.4643	  169.5401
6.195	 2.97	 1	 -42.6526	  172.8562
6.196	 2.25	 1	 -42.7629	  172.1242
6.196	 2.57	 1	 -42.6175	  173.0699
6.196	 3.43	 2	 -44.1558	  169.5593
6.198	 2.50	 1	 -42.1733	  173.8753
6.198	 2.49	 1	 -42.4315	  173.1672
6.198	 2.62	 2	 -44.3499	  169.5409
6.198	 2.29	 1	 -42.3461	  173.9068
6.199	 2.22	 2	 -44.3572	  169.6125
6.200	 2.43	 1	 -41.8683	  174.1176
6.200	 2.08	 2	 -44.3194	  169.5497
6.202	 2.16	 2	 -44.7645	  170.2174
6.202	 2.15	 2	 -41.6079	  174.5586
6.202	 2.51	 2	 -44.3665	  169.4099
6.202	 2.08	 2	 -42.3827	  173.9618
6.203	 2.56	 1	 -42.3382	  173.9029
6.205	 2.04	 2	 -41.7308	  174.3384
6.205	 2.27	 1	 -42.0784	  173.7158
6.206	 2.03	 1	 -42.3432	  173.9802
6.206	 2.28	 1	 -42.2140	  173.5813
6.206	 2.55	 2	 -44.2112	  169.3377
6.207	 3.20	 1	 -41.6485	  174.2279
6.207	 2.01	 2	 -44.3766	  169.7096
6.207	 2.10	 2	 -44.3782	  169.7017
6.207	 2.01	 1	 -42.7645	  172.6074
6.208	 2.30	 1	 -42.6971	  173.4097
6.208	 2.05	 2	 -40.1674	  173.9840
6.209	 2.23	 1	 -42.0051	  173.6466
6.209	 3.61	 2	 -44.4993	  166.7812
6.210	 2.11	 3	 -44.2293	  169.6292
6.210	 2.85	 2	 -42.6030	  170.4492
6.211	 5.17	 1	 -41.6754	  174.2439
6.212	 2.54	 2	 -41.6619	  174.2286
6.213	 2.29	 1	 -42.4399	  172.9513
6.213	 2.23	 3	 -41.5475	  174.6215
6.213	 2.34	 1	 -42.3556	  173.1830
6.214	 2.70	 1	 -42.0820	  173.7760
6.215	 2.06	 1	 -41.9078	  173.0027
6.215	 2.17	 2	 -42.0808	  174.2570
6.215	 2.23	 2	 -41.6406	  174.2939
6.216	 2.75	 2	 -44.3682	  169.5431
6.216	 2.96	 1	 -42.2615	  173.3967
6.216	 2.47	 2	 -41.6171	  174.1808
6.216	 2.43	 2	 -43.8842	  169.3231
6.217	 2.65	 1	 -43.2958	  174.5346
6.218	 2.05	 1	 -41.8093	  174.2258
6.218	 2.12	 2	 -44.3324	  169.5438
6.219	 2.18	 2	 -41.6434	  174.0754
6.219	 2.99	 1	 -42.3627	  174.1318
6.219	 2.16	 2	 -41.7131	  174.2073
6.220	 2.07	 1	 -41.9388	  174.0288
6.221	 2.59	 2	 -44.0960	  169.1854
6.221	 2.10	 2	 -42.8772	  172.9575
6.222	 2.33	 2	 -42.0702	  173.7988
6.222	 2.56	 2	 -44.3650	  169.6039
6.224	 2.48	 2	 -41.6976	  174.1930
6.224	 2.21	 1	 -42.7314	  172.6000
6.225	 2.21	 2	 -41.7463	  174.3781
6.226	 2.30	 2	 -41.7510	  174.3017
6.226	 2.02	 2	 -44.2429	  169.3697
6.226	 2.15	 2	 -44.3810	  169.5621
6.226	 2.03	 2	 -41.6806	  174.2868
6.227	 2.61	 2	 -44.5495	  169.9002
6.227	 2.09	 1	 -41.8096	  174.3516
6.228	 2.32	 2	 -44.2469	  169.6260
6.229	 2.10	 1	 -41.7608	  174.2427
6.230	 2.21	 2	 -41.5771	  174.2679
6.230	 2.28	 1	 -42.6691	  173.0564
6.230	 2.14	 1	 -40.0613	  173.7593
6.231	 2.33	 3	 -44.3759	  169.5648
6.231	 2.86	 2	 -41.6974	  174.1502
6.231	 2.68	 1	 -42.3616	  173.2409
6.232	 2.25	 2	 -41.6651	  174.2905
6.232	 2.09	 2	 -44.3492	  169.6552
6.233	 3.01	 2	 -45.7039	  169.5629
6.233	 2.18	 1	 -41.7401	  174.2202
6.233	 3.85	 1	 -41.7084	  174.3278
6.233	 2.29	 1	 -41.8559	  174.1680
6.233	 2.87	 2	 -43.9542	  170.8053
6.235	 2.16	 2	 -41.6907	  174.2625
6.235	 2.52	 3	 -42.5809	  172.8801
6.238	 2.14	 1	 -41.8312	  174.0627
6.240	 2.88	 1	 -42.1485	  173.8110
6.241	 2.02	 2	 -44.2784	  169.4838
6.241	 2.60	 2	 -43.1568	  172.4599
6.241	 2.09	 2	 -44.3111	  169.4758
6.241	 2.63	 1	 -42.3063	  173.8367
6.242	 2.37	 1	 -41.7018	  174.1751
6.243	 2.02	 2	 -44.4971	  169.5087
6.243	 2.43	 2	 -42.5581	  173.1439
6.244	 2.08	 2	 -44.1258	  170.1587
6.245	 2.03	 2	 -44.3064	  169.6921
6.246	 2.17	 2	 -44.3256	  169.5791
6.247	 2.03	 2	 -40.5451	  172.9284
6.247	 2.17	 1	 -42.1175	  173.9284
6.249	 2.11	 1	 -41.7534	  174.1810
6.249	 2.08	 1	 -41.7595	  174.2262
6.250	 2.58	 1	 -41.6786	  174.2880
6.250	 2.36	 1	 -41.2823	  172.9042
6.251	 2.16	 2	 -44.3699	  169.5227
6.251	 2.07	 1	 -42.4332	  173.1996
6.252	 2.66	 2	 -41.6588	  174.3126
6.254	 2.30	 2	 -41.9625	  174.0602
6.255	 2.05	 1	 -42.4029	  173.9048
6.255	 2.19	 3	 -42.2026	  173.3824
6.255	 2.34	 1	 -42.5022	  173.4187
6.255	 2.78	 2	 -44.3660	  169.5329
6.256	 2.20	 1	 -42.2900	  173.7167
6.257	 2.49	 1	 -41.7600	  174.2406
6.258	 2.18	 1	 -41.5842	  172.7641
6.258	 2.16	 2	 -44.4430	  169.5401
6.259	 2.30	 2	 -41.5921	  174.2840
6.261	 2.06	 1	 -41.7176	  174.2707
6.262	 2.13	 2	 -42.5569	  173.1631
6.263	 2.55	 2	 -44.4039	  169.5651
6.264	 2.12	 2	 -41.5602	  174.2107
6.264	 3.32	 1	 -42.1228	  173.4693
6.264	 2.89	 1	 -42.5561	  173.3958
6.264	 2.46	 1	 -42.2555	  173.6652
6.265	 2.12	 1	 -42.2948	  172.9959
6.265	 2.02	 2	 -41.4218	  173.0932
6.265	 2.46	 1	 -42.1338	  173.6115
6.265	 2.04	 1	 -42.4881	  174.1777
6.265	 2.21	 2	 -44.3597	  169.5459
6.266	 2.43	 1	 -42.3249	  173.7533
6.267	 2.07	 1	 -41.5478	  174.4751
6.267	 2.12	 1	 -42.4240	  173.3287
6.267	 2.20	 1	 -42.5239	  174.2158
6.267	 2.01	 1	 -42.5789	  173.7093
6.268	 2.74	 1	 -42.3101	  173.8241
6.268	 2.80	 1	 -42.6088	  173.1592
6.268	 2.18	 2	 -41.6530	  174.3400
6.269	 3.05	 3	 -40.9334	  173.0800
6.271	 2.14	 1	 -42.1878	  173.6218
6.273	 2.12	 2	 -44.2349	  169.5857
6.274	 2.33	 1	 -42.6881	  172.0572
6.275	 2.15	 2	 -44.3260	  169.6259
6.275	 2.70	 1	 -42.5658	  172.3205
6.276	 2.19	 1	 -42.2972	  173.5465
6.276	 3.27	 2	 -44.3387	  169.5269
6.276	 2.43	 1	 -42.5789	  173.2807
6.277	 2.25	 2	 -41.6974	  174.3549
6.278	 2.08	 2	 -44.2461	  169.7523
6.278	 3.86	 1	 -42.7324	  172.5033
6.279	 2.07	 2	 -38.4211	  178.3238
6.280	 2.19	 2	 -44.4455	  169.5625
6.281	 2.21	 1	 -42.8969	  173.0136
6.282	 2.00	 1	 -42.0963	  172.9417
6.282	 2.01	 1	 -42.6853	  172.7783
6.282	 2.09	 1	 -41.6691	  174.2561
6.283	 2.04	 1	 -42.3249	  172.5254
6.284	 2.53	 2	 -41.6270	  173.8195
6.285	 2.85	 2	 -44.3186	  169.5290
6.286	 3.23	 1	 -42.5373	  173.1116
6.286	 4.05	 1	 -41.8959	  174.0325
6.286	 2.79	 2	 -41.7106	  174.1913
6.288	 2.22	 2	 -41.7110	  174.3318
6.288	 2.17	 2	 -44.3503	  169.5210
6.290	 2.14	 1	 -42.2630	  173.4763
6.291	 2.84	 1	 -41.8506	  174.3395
6.292	 2.81	 3	 -41.8328	  174.2384
6.293	 2.44	 3	 -42.4562	  173.3654
6.294	 2.55	 1	 -42.3857	  173.7341
6.295	 2.84	 2	 -42.6582	  172.1566
6.296	 2.63	 2	 -41.6741	  174.2256
6.297	 3.06	 2	 -43.4048	  168.3099
6.297	 3.31	 1	 -41.8939	  173.2806
6.297	 2.21	 2	 -44.2196	  169.6457
6.300	 2.21	 1	 -42.0052	  173.6807
6.300	 2.19	 2	 -41.7301	  174.2855
6.301	 2.18	 1	 -42.2646	  173.8933
6.301	 2.50	 3	 -42.8120	  172.1612
6.302	 2.38	 2	 -44.2007	  169.5995
6.302	 3.06	 2	 -43.2056	  175.7841
6.303	 2.40	 2	 -44.3674	  169.6384
6.305	 2.17	 2	 -41.7104	  174.1355
6.306	 3.10	 1	 -42.6941	  173.2872
6.307	 2.38	 1	 -42.2778	  173.8236
6.307	 2.04	 1	 -42.7143	  172.8120
6.308	 2.16	 1	 -42.3104	  173.8223
6.308	 2.17	 1	 -41.7682	  174.2069
6.311	 2.43	 2	 -41.8974	  173.4708
6.311	 3.46	 1	 -42.4423	  173.1464
6.313	 2.21	 1	 -42.4921	  173.0429
6.314	 2.24	 2	 -44.3529	  169.5893
6.315	 4.37	 1	 -42.5228	  173.3638
6.315	 2.51	 1	 -42.2644	  173.8111
6.315	 2.16	 3	 -41.6247	  174.3030
6.316	 2.00	 2	 -41.2520	  174.3353
6.316	 2.48	 1	 -42.3628	  173.8907
6.317	 2.13	 1	 -42.6633	  173.5301
6.317	 2.54	 2	 -44.2947	  169.5928
6.317	 2.44	 1	 -42.3706	  173.9261
6.319	 2.78	 1	 -42.2638	  173.7418
6.320	 2.07	 1	 -42.3212	  173.8882
6.322	 2.34	 2	 -44.4289	  169.6945
6.322	 2.16	 3	 -42.8293	  173.2872
6.322	 2.11	 2	 -44.2536	  169.6264
6.323	 2.04	 2	 -41.8577	  173.5223
6.324	 2.23	 1	 -42.5901	  172.8617
6.325	 2.65	 2	 -44.3393	  169.5377
6.327	 2.52	 1	 -44.5238	  178.5570
6.329	 2.15	 2	 -44.3856	  169.5367
6.329	 2.09	 2	 -42.7695	  172.9956
6.330	 2.50	 3	 -43.1242	  176.3194
6.330	 2.04	 1	 -41.8588	  174.0579
6.331	 2.14	 1	 -42.6488	  172.9579
6.333	 2.06	 1	 -42.7686	  174.1288
6.334	 3.04	 2	 -44.3026	  169.5444
6.334	 2.11	 3	 -44.4123	  169.5940
6.334	 2.22	 1	 -42.4812	  173.0547
6.336	 2.53	 1	 -42.6489	  172.7900
6.337	 2.08	 2	 -44.3363	  169.4080
6.339	 2.25	 1	 -42.1111	  173.6542
6.339	 2.05	 3	 -42.7333	  172.8091
6.340	 2.18	 2	 -41.6663	  174.1799
6.341	 2.00	 1	 -42.4961	  173.1291
6.342	 2.28	 1	 -42.0417	  173.7124
6.343	 2.50	 1	 -42.2335	  173.6629
6.344	 2.32	 2	 -44.7478	  169.3818
6.346	 2.41	 1	 -39.4191	  176.2557
6.347	 3.43	 1	 -42.3625	  174.0423
6.347	 2.06	 1	 -42.4488	  173.3185
6.348	 2.32	 2	 -44.3308	  169.6180
6.349	 2.11	 3	 -44.7514	  169.3749
6.350	 2.81	 2	 -41.7079	  174.2928
6.350	 2.46	 2	 -42.3852	  170.7879
6.350	 2.07	 2	 -41.7391	  174.1028
6.352	 2.04	 2	 -42.7622	  173.0674
6.352	 2.22	 1	 -42.2026	  173.7862
6.352	 4.14	 1	 -42.3543	  173.2614
6.352	 2.65	 2	 -44.5490	  169.7160
6.353	 2.54	 2	 -44.4546	  169.5683
6.355	 2.03	 2	 -41.6979	  174.3238
6.355	 2.10	 1	 -41.9794	  173.6911
6.356	 2.21	 1	 -42.6472	  173.0634
6.356	 2.74	 2	 -44.4172	  169.5145
6.357	 2.15	 1	 -41.7678	  174.2732
6.357	 2.14	 2	 -44.2831	  169.7003
6.358	 2.02	 1	 -42.5017	  173.2794
6.358	 2.48	 1	 -42.8285	  172.7222
6.358	 2.46	 1	 -41.6774	  174.2761
6.358	 2.03	 1	 -42.1770	  173.5165
6.359	 2.06	 2	 -44.3544	  169.6118
6.360	 3.88	 2	 -44.3125	  169.6211
6.361	 2.56	 3	 -41.9302	  174.3510
6.361	 2.18	 3	 -41.6415	  174.2961
6.361	 2.13	 2	 -42.0980	  172.8132
6.362	 2.23	 1	 -41.9825	  174.2353
6.362	 2.01	 2	 -41.7920	  174.1038
6.363	 3.12	 2	 -44.4319	  169.6256
6.364	 2.67	 1	 -41.6887	  174.0992
6.365	 2.40	 2	 -44.3268	  169.5539
6.365	 3.04	 1	 -41.1593	  174.4192
6.365	 2.50	 2	 -44.3555	  169.4704
6.365	 2.29	 1	 -41.7537	  174.2643
6.367	 3.16	 1	 -41.6368	  174.3433
6.370	 3.16	 2	 -44.8876	  169.8564
6.370	 2.47	 2	 -44.2661	  169.7471
6.370	 2.11	 2	 -42.4643	  172.9770
6.370	 2.95	 1	 -41.7516	  174.3366
6.371	 2.15	 3	 -44.2093	  169.6904
6.371	 2.53	 1	 -41.6146	  174.5328
6.372	 2.26	 1	 -42.2099	  173.7820
6.372	 2.08	 3	 -42.3571	  173.7181
6.372	 2.32	 2	 -42.2785	  174.2013
6.374	 2.72	 1	 -41.8112	  174.5046
6.374	 2.12	 1	 -41.8669	  173.7874
6.375	 2.07	 2	 -41.6756	  174.5443
6.375	 2.15	 2	 -42.4082	  180.1836
6.375	 2.13	 2	 -41.4581	  174.2781
6.376	 2.05	 1	 -42.5936	  173.9700
6.377	 2.69	 2	 -44.1723	  169.2875
6.378	 2.11	 2	 -44.6396	  169.4870
6.380	 2.87	 1	 -42.4761	  173.0839
6.380	 2.53	 1	 -42.2440	  173.8389
6.380	 2.01	 1	 -42.3256	  173.6854
6.381	 2.20	 2	 -41.7178	  174.2040
6.383	 2.26	 2	 -44.4839	  169.5828
6.385	 2.02	 1	 -42.9513	  173.0849
6.385	 2.62	 2	 -44.2002	  169.6269
6.387	 3.01	 2	 -44.4670	  169.6567
6.388	 2.50	 4	 -42.8190	  173.2780
6.388	 2.04	 2	 -41.9106	  173.5816
6.389	 2.34	 4	 -42.5313	  172.9128
6.390	 2.15	 1	 -42.5109	  173.0831
6.391	 2.18	 2	 -45.0027	  170.2254
6.391	 2.20	 2	 -42.5277	  173.6734
6.392	 2.22	 2	 -42.4653	  173.1750
6.393	 2.76	 3	 -41.6723	  174.2293
6.393	 3.12	 2	 -42.0884	  172.7294
6.394	 2.76	 1	 -42.4350	  173.7454
6.394	 2.33	 1	 -41.6587	  174.2723
6.396	 2.63	 1	 -42.0992	  173.7872
6.397	 2.66	 2	 -44.4468	  169.6152
6.397	 2.11	 3	 -41.5141	  174.2127
6.399	 2.11	 2	 -44.3533	  169.5588
6.399	 2.03	 1	 -42.1876	  174.0981
6.400	 2.33	 1	 -42.5242	  173.2551
6.401	 2.36	 2	 -44.1600	  169.5647
6.401	 2.18	 2	 -42.6345	  173.6844
6.402	 2.02	 2	 -44.4519	  169.6828
6.402	 2.14	 1	 -42.2279	  173.6264
6.403	 2.12	 1	 -42.4049	  173.7911
6.405	 2.04	 1	 -42.4576	  173.1384
6.405	 2.18	 2	 -41.5542	  174.2357
6.405	 2.30	 1	 -42.0740	  173.8098
6.406	 2.14	 1	 -42.4503	  173.8121
6.407	 3.19	 2	 -41.7473	  174.1844
6.408	 2.46	 1	 -42.2414	  173.8579
6.409	 2.42	 1	 -41.7816	  174.3274
6.409	 2.10	 1	 -41.6711	  174.2601
6.409	 2.22	 2	 -44.3930	  169.6786
6.410	 3.64	 3	 -41.6165	  174.2923
6.411	 2.40	 1	 -42.1548	  173.5523
6.412	 2.40	 1	 -42.5091	  172.8326
6.414	 2.28	 1	 -41.6896	  174.1958
6.414	 2.29	 1	 -41.8014	  174.2237
6.415	 2.46	 2	 -41.6834	  174.3128
6.419	 2.51	 1	 -42.5178	  173.6531
6.420	 2.50	 3	 -42.3507	  173.7031
6.420	 2.16	 1	 -42.1466	  173.5707
6.421	 2.00	 2	 -44.3716	  169.6845
6.421	 2.39	 2	 -43.8503	  169.2382
6.422	 2.25	 1	 -42.3693	  173.5563
6.422	 2.04	 2	 -42.3902	  173.1691
6.422	 2.39	 2	 -41.7131	  174.2159
6.422	 3.64	 2	 -42.4854	  173.2641
6.422	 2.75	 1	 -42.1207	  172.8586
6.423	 2.70	 1	 -42.2641	  173.6528
6.424	 2.60	 1	 -42.3974	  173.7644
6.425	 2.11	 2	 -44.3670	  169.5389
6.425	 2.31	 2	 -41.6147	  174.2179
6.425	 2.00	 1	 -42.4773	  173.7430
6.426	 2.12	 2	 -42.4888	  173.5517
6.426	 2.71	 1	 -42.5162	  173.1266
6.427	 2.19	 2	 -41.6747	  174.2047
6.428	 2.02	 2	 -44.5202	  169.2327
6.431	 2.20	 1	 -41.8440	  173.7920
6.432	 2.32	 3	 -44.2543	  169.5022
6.432	 2.03	 2	 -44.3581	  169.9019
6.435	 2.21	 1	 -38.1129	  170.7967
6.435	 2.10	 1	 -41.6769	  174.2090
6.436	 2.63	 1	 -42.2468	  173.8491
6.436	 2.85	 1	 -42.3111	  173.9065
6.436	 2.06	 1	 -41.9307	  174.4713
6.436	 2.21	 1	 -41.1226	  172.4456
6.438	 3.26	 2	 -41.5164	  174.3080
6.439	 2.19	 4	 -41.7244	  174.2080
6.439	 2.07	 2	 -41.9020	  173.4797
6.439	 2.03	 2	 -44.3893	  169.3793
6.439	 2.01	 1	 -41.7516	  174.2032
6.440	 3.15	 2	 -44.3647	  169.5393
6.441	 2.92	 1	 -41.8320	  174.2990
6.442	 2.11	 2	 -41.6760	  174.1839
6.442	 2.02	 1	 -42.2749	  173.8678
6.443	 2.02	 4	 -41.5808	  174.3408
6.443	 3.11	 1	 -42.1877	  173.5371
6.444	 2.06	 1	 -41.7032	  174.1063
6.444	 2.13	 3	 -42.6907	  172.6579
6.446	 2.60	 3	 -41.7543	  174.2917
6.446	 2.67	 3	 -41.7122	  174.3936
6.446	 2.15	 1	 -42.5358	  173.8497
6.446	 2.01	 1	 -41.6653	  174.2047
6.449	 2.91	 2	 -43.1519	  175.3426
6.449	 2.24	 2	 -41.8247	  174.1218
6.451	 2.33	 2	 -41.9918	  173.3128
6.451	 2.04	 2	 -44.4439	  169.6185
6.453	 2.24	 2	 -41.7200	  174.2904
6.454	 2.16	 2	 -41.7144	  174.2499
6.454	 2.64	 3	 -42.7156	  172.9807
6.455	 2.16	 2	 -41.5514	  174.2372
6.455	 3.16	 2	 -42.9303	  171.4762
6.456	 3.13	 2	 -43.2173	  167.1039
6.457	 2.12	 3	 -42.1016	  172.7425
6.457	 2.48	 3	 -42.6090	  172.8399
6.458	 2.03	 2	 -41.9071	  173.4997
6.458	 2.36	 1	 -42.4864	  173.8631
6.459	 2.55	 1	 -42.4697	  173.1472
6.461	 2.27	 2	 -44.3670	  169.7062
6.462	 2.65	 1	 -42.4545	  173.3096
6.462	 2.57	 2	 -41.6936	  174.2409
6.463	 2.50	 2	 -41.6877	  174.3646
6.464	 2.17	 1	 -41.6889	  174.2204
6.465	 2.50	 2	 -41.6848	  174.1996
6.466	 2.07	 1	 -43.3615	  176.2822
6.466	 2.25	 2	 -42.8866	  173.0348
6.467	 2.36	 1	 -42.4130	  173.5661
6.468	 2.28	 1	 -42.6562	  173.0656
6.468	 2.19	 2	 -44.3940	  169.5637
6.469	 2.46	 1	 -41.7003	  173.9044
6.469	 2.05	 1	 -42.7049	  172.8725
6.469	 3.12	 1	 -42.5038	  173.8161
6.469	 2.25	 3	 -41.6273	  174.3167
6.471	 2.13	 2	 -44.3335	  169.5792
6.471	 2.17	 2	 -44.3913	  169.5269
6.472	 2.03	 1	 -42.2336	  173.6975
6.473	 2.01	 1	 -42.8833	  173.2507
6.473	 2.07	 2	 -42.8209	  172.0702
6.474	 3.10	 1	 -42.5517	  173.1898
6.475	 3.17	 2	 -42.7531	  173.0686
6.478	 2.49	 1	 -42.3899	  173.4805
6.478	 2.16	 3	 -44.2469	  169.7523
6.478	 2.37	 2	 -44.3723	  169.5524
6.478	 2.43	 3	 -41.9625	  174.0615
6.479	 2.51	 2	 -42.3505	  173.2531
6.479	 3.24	 2	 -41.7557	  174.3259
6.479	 2.35	 2	 -44.3086	  169.5547
6.481	 2.51	 1	 -41.7695	  174.3400
6.481	 2.13	 1	 -41.7376	  174.2442
6.481	 2.01	 1	 -41.7206	  174.1654
6.482	 2.02	 1	 -42.5981	  172.7242
6.482	 2.07	 2	 -42.4264	  173.1069
6.484	 2.80	 5	 -42.4462	  173.1393
6.484	 2.50	 1	 -42.3658	  174.0254
6.485	 2.71	 1	 -43.0728	  173.0243
6.485	 2.04	 1	 -42.4416	  173.1746
6.485	 3.03	 2	 -41.6792	  174.3117
6.485	 2.01	 2	 -44.3429	  169.5929
6.487	 3.12	 2	 -42.3376	  173.8074
6.487	 2.22	 1	 -41.8493	  173.7613
6.490	 2.32	 1	 -41.9765	  174.0009
6.490	 2.04	 1	 -42.5672	  173.2857
6.491	 2.16	 2	 -42.0485	  173.7257
6.491	 2.07	 1	 -41.7575	  174.2904
6.492	 2.45	 1	 -41.5673	  174.4018
6.492	 2.45	 2	 -44.7420	  168.6662
6.493	 2.29	 2	 -42.1773	  167.2807
6.495	 2.30	 1	 -42.5895	  172.8210
6.495	 2.72	 1	 -42.3099	  173.8617
6.497	 2.39	 3	 -41.7348	  174.3038
6.499	 2.86	 2	 -42.8822	  173.2773
6.500	 2.48	 2	 -44.0571	  170.0258
6.500	 3.25	 2	 -42.6624	  172.8457
6.501	 2.04	 1	 -43.2769	  168.4647
6.501	 2.28	 2	 -42.1435	  173.8286
6.502	 2.48	 3	 -42.6959	  172.9979
6.502	 2.29	 2	 -42.5991	  172.7840
6.505	 2.62	 2	 -42.2459	  173.5733
6.506	 2.42	 1	 -42.5007	  173.2878
6.506	 3.07	 2	 -42.7975	  172.2853
6.506	 2.40	 2	 -41.7250	  174.1764
6.507	 2.62	 1	 -41.8672	  173.3661
6.507	 2.07	 1	 -42.6557	  172.8642
6.508	 2.19	 2	 -41.7393	  174.3219
6.509	 2.05	 1	 -42.3078	  173.7787
6.509	 2.16	 2	 -41.6707	  174.2603
6.509	 2.10	 2	 -42.3350	  173.8181
6.510	 2.37	 1	 -41.8895	  174.0520
6.512	 2.15	 1	 -42.7729	  172.8242
6.513	 2.08	 2	 -40.9356	  173.0597
6.514	 2.03	 2	 -40.9395	  174.5570
6.514	 2.28	 1	 -42.2508	  173.9422
6.516	 2.50	 3	 -42.6340	  172.8468
6.517	 2.27	 2	 -42.7164	  172.9725
6.519	 2.04	 2	 -42.6864	  173.0562
6.520	 2.04	 3	 -44.1933	  169.3196
6.520	 2.34	 1	 -41.9511	  173.5136
6.520	 2.40	 1	 -42.3673	  173.9695
6.520	 2.00	 3	 -44.1011	  169.1799
6.521	 2.31	 2	 -42.7882	  172.2927
6.522	 2.31	 1	 -42.3710	  173.9097
6.523	 2.17	 3	 -42.1759	  173.7746
6.525	 2.03	 1	 -42.5176	  173.3058
6.525	 2.29	 1	 -42.4314	  173.3135
6.527	 2.61	 2	 -41.8434	  174.1847
6.528	 2.36	 2	 -44.4070	  169.0888
6.529	 3.18	 1	 -42.7919	  173.5073
6.531	 2.16	 1	 -42.5268	  173.1748
6.531	 2.90	 1	 -42.4769	  172.9973
6.532	 2.41	 3	 -42.6015	  172.9012
6.533	 2.33	 2	 -41.6760	  174.2261
6.534	 2.35	 2	 -41.7143	  174.2377
6.534	 2.09	 1	 -41.7604	  174.0226
6.534	 2.21	 2	 -42.7687	  173.0286
6.536	 3.37	 2	 -42.7602	  172.3004
6.537	 2.11	 1	 -42.4095	  173.5564
6.538	 2.40	 1	 -41.7178	  174.3033
6.539	 2.20	 3	 -42.0051	  174.3321
6.541	 2.22	 2	 -42.6925	  173.0337
6.541	 2.10	 1	 -42.4268	  173.0926
6.542	 3.53	 2	 -42.7563	  173.0171
6.542	 2.17	 2	 -42.5981	  173.0886
6.544	 2.67	 1	 -42.2153	  173.5093
6.544	 2.18	 1	 -42.6592	  174.1162
6.544	 3.07	 2	 -44.2630	  169.5062
6.545	 2.26	 1	 -41.7229	  174.1490
6.545	 2.12	 3	 -42.8099	  172.4825
6.545	 2.27	 2	 -44.4884	  169.3319
6.546	 2.03	 1	 -41.7859	  174.1940
6.547	 2.20	 1	 -42.7471	  172.9759
6.547	 2.21	 2	 -41.6742	  174.2718
6.547	 2.19	 1	 -41.6895	  174.2585
6.548	 2.62	 2	 -41.7791	  174.0271
6.548	 2.02	 1	 -42.3445	  172.9424
6.550	 3.92	 2	 -42.4175	  173.8854
6.552	 2.26	 3	 -42.6113	  172.9181
6.554	 2.48	 5	 -42.8158	  173.2843
6.554	 2.18	 2	 -44.2500	  169.6967
6.555	 2.03	 1	 -41.7355	  174.2867
6.555	 2.63	 2	 -42.2646	  173.9230
6.556	 2.28	 2	 -44.8035	  170.1060
6.556	 2.07	 3	 -42.6078	  173.8804
6.557	 2.66	 1	 -39.7621	  179.1660
6.558	 2.30	 1	 -42.1352	  173.5010
6.558	 2.35	 2	 -41.7175	  174.3148
6.558	 4.62	 4	 -41.7127	  174.1488
6.560	 2.06	 2	 -42.3364	  174.2222
6.560	 2.58	 2	 -41.5883	  174.1815
6.561	 2.63	 1	 -43.2558	  174.6852
6.562	 2.10	 3	 -44.3635	  169.5512
6.562	 2.03	 1	 -41.7351	  174.3162
6.563	 3.57	 2	 -41.7188	  174.2601
6.564	 2.24	 1	 -42.7059	  173.0062
6.564	 2.43	 1	 -41.6134	  173.2320
6.564	 2.56	 1	 -41.5217	  174.1870
6.564	 2.57	 1	 -42.4649	  173.1660
6.565	 2.34	 1	 -41.6891	  174.1668
6.565	 2.14	 3	 -42.3002	  173.5032
6.566	 2.48	 2	 -42.6601	  172.9049
6.567	 2.07	 1	 -42.5287	  173.1477
6.567	 2.79	 3	 -41.6290	  173.5358
6.567	 2.00	 2	 -42.5153	  173.3681
6.570	 2.59	 4	 -41.6243	  174.3038
6.570	 2.30	 1	 -42.0411	  173.7838
6.570	 2.28	 2	 -43.4691	  167.1997
6.571	 2.17	 2	 -41.7752	  174.5593
6.571	 2.31	 5	 -41.7310	  174.1723
6.572	 2.37	 3	 -43.1137	  176.3244
6.573	 2.02	 2	 -41.7408	  174.1947
6.574	 2.01	 2	 -44.6855	  169.3761
6.575	 2.33	 2	 -41.7631	  174.4518
6.575	 2.27	 1	 -41.6775	  174.2735
6.576	 2.11	 1	 -42.9353	  173.3864
6.578	 2.22	 2	 -42.2174	  174.0764
6.579	 2.48	 3	 -42.1514	  173.7753
6.579	 2.38	 5	 -41.7516	  174.2252
6.580	 2.75	 2	 -44.3855	  169.5180
6.580	 2.08	 1	 -42.6414	  173.2768
6.582	 2.01	 1	 -42.2161	  173.6843
6.584	 2.16	 1	 -41.9371	  174.2661
6.585	 2.31	 2	 -41.8270	  174.2577
6.587	 3.04	 2	 -41.7118	  174.1685
6.588	 2.05	 1	 -41.9022	  173.8997
6.588	 2.42	 1	 -41.7226	  174.2819
6.588	 2.03	 3	 -42.3388	  173.8075
6.589	 2.55	 1	 -42.4177	  173.6717
6.589	 2.24	 2	 -44.4399	  169.5406
6.589	 2.17	 1	 -42.2286	  173.7943
6.591	 2.13	 1	 -42.7369	  173.1470
6.592	 2.23	 3	 -42.5832	  172.9166
6.592	 2.20	 2	 -42.0287	  173.5473
6.594	 2.23	 1	 -42.8167	  173.2203
6.594	 2.23	 4	 -42.6653	  172.8821
6.594	 2.04	 1	 -42.3777	  171.2126
6.595	 2.28	 1	 -41.7641	  174.3604
6.595	 2.19	 1	 -42.2469	  173.4746
6.595	 2.18	 3	 -42.3112	  173.7314
6.596	 2.48	 3	 -42.6408	  172.8577
6.596	 2.10	 2	 -42.2917	  174.0950
6.597	 2.01	 2	 -42.5160	  173.0587
6.599	 2.38	 1	 -41.7301	  174.3330
6.599	 2.87	 1	 -42.4041	  173.0244
6.599	 2.24	 1	 -41.7565	  174.2603
6.599	 2.12	 1	 -42.7855	  173.1343
6.601	 3.20	 1	 -41.6579	  174.1912
6.602	 3.88	 1	 -42.3562	  173.0518
6.603	 2.24	 2	 -44.4077	  169.4125
6.603	 2.24	 5	 -42.5217	  174.7108
6.606	 2.45	 1	 -42.3180	  173.8774
6.606	 3.11	 1	 -41.6891	  174.4411
6.606	 2.34	 1	 -41.9790	  174.0168
6.608	 2.41	 2	 -42.6583	  174.5362
6.608	 2.27	 2	 -44.4256	  169.6222
6.610	 2.48	 1	 -42.5042	  173.2501
6.611	 2.89	 1	 -42.3680	  173.7183
6.611	 2.21	 1	 -42.2673	  173.6522
6.612	 2.10	 1	 -42.2420	  173.7335
6.613	 2.97	 2	 -41.7468	  174.2538
6.614	 2.05	 1	 -41.6665	  174.2116
6.614	 2.18	 1	 -37.9726	  173.3882
6.614	 2.23	 2	 -42.7197	  173.0543
6.616	 2.08	 1	 -42.2425	  173.7202
6.616	 2.09	 1	 -42.1713	  173.6807
6.617	 2.21	 1	 -42.6191	  172.8414
6.619	 2.54	 1	 -41.6950	  174.1940
6.620	 2.34	 3	 -44.2998	  169.6427
6.620	 2.15	 2	 -41.6747	  174.3330
6.620	 2.14	 2	 -42.3251	  173.6870
6.621	 2.44	 2	 -44.3140	  169.5183
6.622	 2.27	 2	 -41.7049	  174.1426
6.622	 2.35	 1	 -41.8192	  174.1333
6.623	 2.16	 1	 -41.9700	  173.8748
6.623	 2.15	 1	 -41.6119	  174.2301
6.623	 2.02	 1	 -42.0105	  174.0584
6.624	 3.13	 2	 -42.3587	  173.6971
6.626	 3.63	 1	 -41.9852	  173.1772
6.627	 2.03	 1	 -42.4468	  173.3760
6.627	 2.15	 2	 -42.7567	  172.2240
6.628	 2.14	 1	 -41.7030	  174.2090
6.629	 2.02	 2	 -44.2752	  169.3434
6.630	 2.25	 2	 -42.9270	  171.4476
6.631	 2.13	 3	 -41.8076	  174.0674
6.632	 2.33	 2	 -42.3712	  173.9297
6.633	 2.18	 2	 -42.9363	  172.9138
6.633	 2.48	 2	 -44.4682	  169.4871
6.633	 2.01	 2	 -42.4484	  173.6968
6.636	 2.25	 3	 -42.1146	  173.8425
6.636	 2.18	 3	 -42.8875	  173.2832
6.638	 2.63	 2	 -41.6559	  174.5832
6.638	 2.13	 1	 -42.5260	  173.3311
6.638	 2.18	 1	 -42.3322	  172.9041
6.638	 2.41	 1	 -41.7429	  174.3101
6.640	 2.03	 1	 -42.6608	  172.7191
6.641	 2.23	 3	 -42.8561	  172.4262
6.642	 2.04	 1	 -41.6507	  174.1766
6.644	 2.02	 4	 -41.8165	  173.7805
6.644	 2.12	 2	 -44.2066	  169.4625
6.645	 2.20	 2	 -42.6714	  172.2361
6.646	 2.66	 2	 -44.3742	  169.2561
6.647	 2.42	 3	 -44.2932	  169.6112
6.649	 2.28	 1	 -42.2369	  173.7222
6.650	 2.07	 1	 -41.9635	  173.8248
6.650	 2.03	 2	 -42.7870	  172.2981
6.651	 2.35	 1	 -41.6732	  174.2153
6.652	 2.29	 2	 -44.3469	  169.5415
6.652	 2.26	 2	 -44.4063	  169.5766
6.653	 2.10	 2	 -42.3632	  173.5728
6.654	 2.06	 1	 -42.5181	  173.1561
6.654	 2.01	 1	 -43.0123	  171.8166
6.655	 2.06	 2	 -41.7068	  174.2410
6.655	 2.32	 1	 -42.5637	  172.8548
6.655	 2.52	 1	 -42.2915	  173.5130
6.656	 2.57	 4	 -44.2774	  169.5220
6.657	 2.04	 2	 -41.6689	  174.2608
6.658	 2.60	 1	 -42.3687	  173.6458
6.658	 2.33	 1	 -42.5307	  173.7372
6.660	 2.58	 2	 -42.7252	  172.1700
6.661	 2.62	 2	 -44.2845	  169.9977
6.661	 2.32	 1	 -41.1975	  172.7810
6.662	 2.28	 2	 -42.8140	  173.0209
6.662	 2.91	 2	 -42.4453	  173.3762
6.663	 2.12	 1	 -42.4977	  173.9642
6.665	 3.52	 1	 -42.0271	  173.7404
6.667	 2.46	 2	 -41.9111	  173.5541
6.669	 2.38	 2	 -44.3946	  169.6254
6.671	 2.79	 1	 -42.1129	  174.1098
6.671	 2.06	 1	 -41.8146	  174.1961
6.672	 2.44	 2	 -42.7177	  172.4896
6.672	 2.14	 2	 -44.2077	  169.5142
6.673	 2.08	 2	 -42.6658	  172.1855
6.673	 2.24	 2	 -44.5264	  168.5937
6.673	 2.42	 3	 -42.3622	  173.1195
6.674	 2.32	 1	 -42.2410	  173.9059
6.675	 2.02	 1	 -41.4730	  167.1336
6.676	 2.00	 2	 -41.4523	  173.9378
6.676	 2.51	 2	 -44.2746	  169.6145
6.678	 2.16	 1	 -41.7891	  174.7054
6.678	 2.64	 2	 -41.9004	  174.6585
6.679	 2.33	 2	 -41.5370	  173.2975
6.680	 2.56	 1	 -42.3465	  172.8002
6.680	 2.02	 1	 -42.5364	  173.1167
6.685	 2.41	 1	 -43.2895	  172.8886
6.685	 2.29	 1	 -43.8049	  175.1365
6.685	 2.16	 2	 -42.4106	  173.7440
6.685	 2.44	 2	 -42.4965	  173.4032
6.687	 2.10	 2	 -44.2654	  169.6983
6.689	 2.38	 1	 -41.9673	  173.8371
6.690	 2.85	 1	 -42.1693	  173.7645
6.690	 2.41	 5	 -42.4513	  173.2229
6.691	 2.02	 1	 -42.3486	  173.2529
6.691	 2.37	 3	 -42.4128	  173.8937
6.692	 2.38	 1	 -42.6131	  173.1283
6.693	 2.03	 2	 -44.3915	  169.5676
6.694	 2.57	 2	 -44.4882	  169.5652
6.696	 2.15	 1	 -42.6129	  173.3700
6.697	 2.39	 2	 -42.6510	  172.7630
6.697	 2.63	 1	 -42.2587	  173.6232
6.698	 2.17	 1	 -42.3928	  173.0972
6.699	 2.73	 1	 -41.9663	  173.6932
6.699	 2.12	 2	 -41.6918	  174.3301
6.701	 2.78	 2	 -44.3415	  169.4784
6.702	 2.34	 1	 -41.8661	  174.3896
6.702	 2.98	 1	 -41.7757	  174.2951
6.704	 3.10	 2	 -42.5950	  172.9300
6.704	 2.29	 2	 -41.7648	  173.5078
6.705	 2.99	 2	 -42.7711	  173.3529
6.705	 2.06	 1	 -42.5776	  173.3827
6.706	 2.59	 3	 -42.7592	  173.0160
6.706	 2.15	 1	 -41.7764	  174.2214
6.707	 2.03	 1	 -42.2593	  173.8098
6.707	 2.16	 1	 -41.7090	  174.2886
6.707	 2.22	 1	 -42.3780	  173.8160
6.708	 3.81	 2	 -41.9542	  173.1010
6.710	 2.33	 2	 -40.7934	  174.0287
6.711	 2.28	 2	 -41.8470	  173.7934
6.713	 2.25	 1	 -41.5564	  174.3810
6.713	 2.28	 2	 -41.8893	  173.5916
6.714	 2.38	 2	 -41.7468	  174.2984
6.714	 2.26	 1	 -41.7093	  174.1466
6.715	 2.72	 2	 -41.7020	  174.2156
6.715	 2.09	 1	 -41.6931	  174.3148
6.717	 2.27	 2	 -41.7604	  174.2422
6.717	 2.10	 1	 -41.7276	  174.1597
6.719	 2.26	 1	 -42.4564	  173.8880
6.719	 2.51	 1	 -42.2891	  173.9133
6.719	 2.30	 1	 -42.2261	  173.6890
6.719	 2.02	 1	 -42.2049	  172.6724
6.721	 2.73	 3	 -42.1265	  173.8928
6.722	 2.62	 3	 -42.5762	  172.8447
6.722	 2.29	 1	 -42.2482	  173.6455
6.724	 2.22	 1	 -41.6803	  174.2078
6.725	 2.90	 1	 -42.5790	  173.3125
6.727	 2.02	 1	 -41.7993	  174.0429
6.727	 2.38	 2	 -44.3496	  169.0265
6.727	 2.59	 2	 -42.5673	  173.3856
6.729	 2.03	 1	 -41.6220	  174.0749
6.730	 3.65	 3	 -42.0761	  173.9843
6.731	 2.14	 1	 -41.6519	  174.3950
6.732	 2.50	 1	 -39.9897	  168.1329
6.733	 2.04	 1	 -42.7071	  174.0515
6.734	 2.34	 1	 -41.6485	  173.8745
6.736	 2.41	 2	 -44.3472	  169.6231
6.737	 2.23	 1	 -42.3514	  172.8806
6.740	 2.16	 1	 -41.7331	  174.2559
6.740	 2.01	 1	 -42.5567	  173.2696
6.741	 2.32	 2	 -44.2405	  169.7602
6.741	 2.10	 1	 -42.3414	  174.0146
6.742	 2.09	 3	 -42.7143	  173.0093
6.743	 2.41	 2	 -42.3849	  172.9865
6.744	 2.06	 1	 -41.7140	  174.1886
6.745	 2.70	 1	 -42.3042	  173.7860
6.745	 2.75	 3	 -41.6823	  174.3018
6.748	 2.30	 1	 -42.6751	  172.7338
6.749	 2.91	 2	 -41.6239	  174.2568
6.749	 2.25	 2	 -44.3478	  169.3363
6.749	 2.18	 2	 -41.8898	  174.1467
6.749	 2.25	 2	 -42.3534	  173.7993
6.751	 2.28	 2	 -42.7490	  173.0365
6.751	 2.51	 3	 -41.6440	  171.9528
6.752	 2.57	 1	 -42.2984	  173.6343
6.753	 2.09	 2	 -42.5597	  173.3891
6.753	 2.09	 1	 -41.9121	  173.7391
6.754	 2.21	 2	 -38.1844	  173.0048
6.756	 2.71	 3	 -44.5027	  166.7791
6.757	 2.21	 1	 -41.8862	  174.1274
6.758	 2.26	 2	 -42.4514	  173.3744
6.759	 2.66	 3	 -42.4623	  173.2512
6.760	 2.38	 1	 -42.3799	  172.8486
6.760	 2.57	 2	 -44.1630	  169.6239
6.760	 2.70	 2	 -43.1212	  173.7273
6.760	 2.53	 3	 -42.4812	  173.2626
6.761	 2.43	 2	 -44.3387	  169.2717
6.762	 2.53	 1	 -42.2990	  173.6826
6.762	 2.25	 1	 -42.9747	  171.3559
6.763	 2.57	 1	 -42.6080	  173.0062
6.763	 2.11	 1	 -41.6397	  174.3490
6.764	 2.05	 2	 -42.4584	  173.3006
6.765	 2.25	 2	 -41.8374	  174.3209
6.766	 2.44	 1	 -41.6932	  174.2405
6.767	 2.15	 1	 -41.6726	  174.2723
6.767	 2.15	 1	 -42.3617	  174.0818
6.769	 2.59	 1	 -42.7120	  172.7476
6.769	 2.18	 1	 -42.3897	  173.5774
6.770	 2.72	 2	 -42.2264	  173.8235
6.770	 2.08	 1	 -42.2315	  173.5840
6.772	 2.00	 3	 -42.3114	  173.8040
6.773	 2.94	 2	 -42.0544	  173.7440
6.773	 2.56	 2	 -44.2361	  169.5312
6.774	 3.05	 1	 -42.1854	  173.8086
6.774	 2.10	 2	 -42.2385	  173.7439
6.774	 2.16	 1	 -41.5902	  174.0097
6.775	 2.97	 1	 -41.7543	  174.2509
6.775	 2.03	 2	 -41.7395	  174.2252
6.775	 2.00	 2	 -44.2968	  169.4256
6.776	 2.87	 2	 -44.3090	  168.9790
6.776	 3.20	 2	 -42.2682	  173.6076
6.777	 2.12	 1	 -42.4137	  173.6827
6.777	 2.09	 1	 -42.3656	  173.8587
6.777	 2.05	 1	 -42.4095	  173.1982
6.778	 2.04	 2	 -41.6620	  174.1725
6.779	 2.45	 1	 -42.6160	  173.2184
6.779	 2.29	 2	 -44.5359	  169.2590
6.781	 3.09	 2	 -41.7419	  174.2537
6.781	 2.80	 2	 -42.2919	  173.9343
6.781	 2.31	 1	 -41.7173	  174.4210
6.782	 2.19	 1	 -41.0304	  173.6350
6.782	 2.97	 2	 -44.2719	  169.3977
6.783	 2.05	 3	 -42.6421	  172.8798
6.783	 2.18	 2	 -44.3717	  169.5423
6.785	 2.43	 1	 -42.7122	  172.8459
6.785	 3.51	 1	 -42.4557	  173.9069
6.786	 2.88	 3	 -41.9600	  173.1055
6.787	 2.08	 1	 -42.4654	  174.1180
6.787	 2.04	 2	 -42.5118	  172.8560
6.788	 2.93	 3	 -42.7744	  173.0074
6.789	 2.06	 2	 -42.7727	  173.0822
6.790	 2.57	 2	 -42.2223	  173.7234
6.790	 2.11	 1	 -42.0281	  173.5462
6.791	 2.16	 3	 -41.8199	  175.0090
6.792	 2.41	 2	 -42.1363	  173.7222
6.792	 2.42	 1	 -42.1822	  173.5639
6.793	 3.33	 1	 -42.7556	  173.2390
6.795	 2.28	 2	 -42.0821	  173.8363
6.796	 2.44	 1	 -42.2652	  173.6489
6.797	 2.70	 1	 -41.6920	  174.1342
6.801	 2.24	 2	 -41.6932	  174.3291
6.801	 2.54	 1	 -44.8538	  174.3083
6.802	 2.96	 1	 -41.4581	  173.6221
6.803	 2.23	 1	 -41.8110	  174.4259
6.804	 2.67	 2	 -42.0157	  174.4329
6.804	 2.40	 2	 -41.9604	  174.4547
6.804	 2.12	 2	 -41.8955	  174.5099
6.805	 2.27	 1	 -42.5724	  173.4315
6.806	 3.60	 1	 -42.4130	  173.2567
6.807	 2.02	 1	 -43.3947	  176.6425
6.808	 2.83	 2	 -44.3692	  169.6332
6.809	 2.36	 2	 -41.6201	  173.8318
6.810	 2.30	 1	 -42.3766	  173.7705
6.811	 2.01	 2	 -44.3587	  169.5872
6.811	 2.02	 1	 -42.1332	  179.0924
6.812	 2.44	 1	 -42.4879	  173.2064
6.812	 2.52	 1	 -41.6992	  174.1927
6.812	 2.29	 1	 -42.4106	  174.0007
6.812	 2.61	 2	 -41.6990	  174.4092
6.813	 2.48	 2	 -41.8708	  174.0432
6.813	 3.26	 2	 -44.3812	  169.5894
6.813	 2.24	 1	 -41.9145	  174.1291
6.815	 2.04	 2	 -42.6400	  173.3021
6.815	 2.05	 1	 -42.8488	  173.4181
6.816	 3.01	 1	 -41.7692	  173.9860
6.822	 2.19	 1	 -42.6405	  173.0284
6.822	 2.81	 2	 -44.4419	  169.5036
6.823	 2.36	 1	 -42.6770	  172.7680
6.826	 2.49	 1	 -41.5589	  174.2960
6.827	 2.24	 1	 -41.8052	  174.1723
6.828	 2.20	 3	 -42.5536	  173.0868
6.830	 2.15	 2	 -42.3211	  173.6778
6.830	 2.27	 2	 -47.5370	  171.8973
6.831	 2.07	 1	 -42.2747	  173.9986
6.834	 2.09	 2	 -42.2061	  173.4387
6.835	 2.06	 1	 -42.2878	  173.6564
6.835	 2.11	 2	 -41.5060	  174.2586
6.835	 2.38	 1	 -41.5074	  174.1586
6.837	 2.17	 1	 -42.7329	  173.0675
6.837	 2.31	 2	 -41.7026	  174.2491
6.839	 2.29	 3	 -44.6150	  169.9462
6.839	 2.36	 2	 -41.6806	  174.2077
6.840	 2.37	 1	 -41.7181	  174.3000
6.840	 2.21	 1	 -41.5840	  173.6484
6.841	 2.26	 1	 -42.5542	  172.7377
6.841	 2.17	 2	 -44.3764	  169.4940
6.844	 4.52	 1	 -41.7322	  174.3745
6.845	 2.43	 1	 -41.7361	  174.2570
6.846	 2.19	 1	 -42.2830	  173.7357
6.847	 3.18	 2	 -44.4957	  169.6960
6.847	 2.80	 2	 -41.2489	  174.2706
6.848	 2.29	 1	 -42.3022	  173.8189
6.848	 3.39	 1	 -42.2127	  173.7045
6.848	 2.41	 1	 -43.1590	  172.7850
6.848	 2.01	 1	 -41.9077	  173.5514
6.849	 2.22	 1	 -41.5257	  173.6749
6.850	 2.03	 1	 -41.7290	  174.3058
6.851	 2.19	 2	 -42.9749	  172.6517
6.851	 2.01	 1	 -42.4750	  173.3886
6.852	 2.08	 2	 -41.6790	  174.2479
6.853	 2.27	 2	 -42.3481	  174.0188
6.854	 3.52	 1	 -42.1484	  173.9211
6.854	 2.09	 2	 -44.2962	  169.5546
6.855	 2.52	 1	 -41.7135	  174.3380
6.855	 2.09	 1	 -42.5452	  173.1182
6.855	 3.02	 1	 -42.2720	  173.6831
6.855	 2.07	 1	 -42.0017	  173.7376
6.857	 2.51	 2	 -41.6458	  174.0767
6.858	 2.14	 1	 -41.7956	  174.3231
6.858	 2.43	 3	 -42.5803	  172.3353
6.859	 2.08	 1	 -42.4135	  174.0545
6.860	 2.59	 2	 -41.7013	  174.3860
6.860	 2.19	 1	 -42.8544	  173.2144
6.861	 2.49	 2	 -41.7390	  174.3395
6.861	 2.48	 1	 -41.7173	  174.3866
6.862	 3.95	 2	 -44.3662	  169.5748
6.862	 2.18	 1	 -41.8650	  174.1759
6.864	 2.03	 2	 -41.8258	  174.3860
6.864	 2.16	 2	 -42.0050	  174.0954
6.864	 2.60	 2	 -44.1999	  169.8004
6.864	 2.01	 1	 -41.9120	  174.2481
6.865	 2.21	 2	 -42.6397	  173.0292
6.866	 2.30	 1	 -42.7141	  173.0699
6.867	 2.65	 1	 -42.3098	  173.6729
6.868	 2.26	 2	 -42.4176	  173.7360
6.868	 2.97	 2	 -44.2970	  169.4461
6.870	 2.13	 1	 -42.3499	  173.8634
6.871	 2.45	 2	 -41.6806	  174.3008
6.871	 2.23	 2	 -44.2431	  169.6602
6.872	 2.00	 2	 -42.5903	  172.3764
6.872	 2.20	 4	 -42.4644	  173.2505
6.874	 2.14	 1	 -42.3794	  173.4157
6.874	 2.34	 1	 -42.3152	  174.1006
6.874	 2.36	 1	 -42.2810	  173.8622
6.877	 2.06	 3	 -42.5949	  173.9019
6.877	 2.52	 3	 -42.5719	  174.8297
6.879	 2.22	 1	 -42.1295	  173.5936
6.880	 2.65	 2	 -44.4017	  169.6201
6.880	 3.12	 1	 -42.2304	  173.8248
6.880	 2.08	 2	 -41.3780	  174.2560
6.881	 2.04	 2	 -41.7412	  174.2784
6.883	 2.52	 1	 -42.5642	  173.8558
6.883	 2.59	 1	 -41.8386	  174.1619
6.885	 2.37	 1	 -42.5132	  173.2344
6.885	 3.28	 1	 -42.2498	  173.6935
6.886	 2.98	 2	 -44.2677	  169.6168
6.886	 2.22	 4	 -42.5953	  173.9019
6.889	 2.39	 1	 -42.9026	  173.6289
6.889	 2.79	 1	 -41.7137	  174.1836
6.890	 2.05	 3	 -42.5941	  172.9142
6.890	 2.23	 1	 -42.5362	  173.0886
6.891	 2.08	 1	 -41.7958	  174.2694
6.891	 2.09	 1	 -42.4582	  173.1961
6.891	 2.65	 3	 -42.0187	  174.4319
6.892	 2.41	 1	 -41.7731	  174.2757
6.894	 2.47	 1	 -42.2335	  173.5552
6.895	 2.08	 1	 -41.6168	  174.2182
6.896	 2.34	 1	 -41.6266	  174.2530
6.897	 2.06	 2	 -41.6554	  174.3260
6.898	 2.24	 1	 -42.4538	  173.9700
6.898	 3.31	 2	 -42.2110	  173.9307
6.898	 2.02	 1	 -42.5033	  172.8600
6.899	 2.54	 2	 -44.6964	  169.4067
6.900	 2.07	 1	 -42.8174	  173.0348
6.901	 2.36	 1	 -42.1375	  172.8485
6.901	 2.05	 1	 -37.9697	  173.0141
6.903	 2.00	 2	 -44.4140	  169.8030
6.903	 2.05	 2	 -41.0336	  173.9933
6.906	 2.31	 1	 -43.8097	  179.5208
6.906	 2.04	 2	 -42.1582	  173.8473
6.907	 2.22	 1	 -42.5702	  173.2260
6.910	 2.52	 2	 -42.1492	  173.9190
6.911	 2.03	 2	 -44.3075	  169.5920
6.911	 2.85	 2	 -41.4507	  174.8765
6.912	 2.36	 1	 -41.7070	  174.3780
6.912	 4.23	 1	 -42.3933	  173.1918
6.913	 2.36	 2	 -44.2911	  169.4850
6.913	 2.47	 1	 -42.2254	  173.0556
6.914	 2.51	 4	 -42.4935	  171.9399
6.914	 2.75	 1	 -42.7645	  172.9740
6.914	 2.15	 1	 -41.9380	  173.9854
6.914	 2.31	 1	 -42.2850	  173.9766
6.914	 2.28	 1	 -42.5204	  172.9798
6.915	 2.00	 1	 -42.5444	  173.5415
6.915	 2.27	 1	 -42.9650	  171.9832
6.916	 3.09	 1	 -42.2732	  174.0460
6.916	 2.53	 1	 -41.7795	  174.1716
6.917	 2.04	 3	 -41.7430	  174.1204
6.918	 2.42	 2	 -44.8944	  169.3906
6.919	 2.07	 2	 -41.6630	  174.3591
6.920	 2.07	 1	 -42.0025	  173.6775
6.921	 2.06	 1	 -42.6954	  173.1420
6.923	 2.33	 1	 -41.4729	  174.2738
6.923	 2.04	 2	 -42.2759	  173.6931
6.924	 2.29	 2	 -41.6766	  174.2468
6.925	 2.19	 2	 -41.7517	  174.2474
6.927	 2.10	 1	 -42.5296	  173.7891
6.930	 2.78	 1	 -42.4070	  173.2081
6.932	 2.52	 2	 -42.7623	  173.0664
6.932	 2.29	 3	 -44.3671	  169.6120
6.933	 2.80	 2	 -41.6943	  174.4458
6.933	 2.06	 1	 -42.3256	  173.6383
6.934	 2.59	 1	 -42.2129	  172.6715
6.934	 2.46	 1	 -42.3537	  173.6524
6.936	 2.20	 2	 -42.0354	  174.9282
6.938	 2.46	 2	 -41.7489	  174.2504
6.939	 2.06	 3	 -42.7671	  172.4156
6.939	 2.11	 2	 -42.4338	  173.2183
6.940	 2.13	 1	 -42.5806	  172.8350
6.941	 3.41	 1	 -42.2777	  173.5571
6.941	 2.94	 2	 -44.3773	  169.2820
6.942	 2.29	 1	 -42.2974	  173.8573
6.944	 2.47	 2	 -42.3803	  173.1465
6.945	 3.29	 1	 -42.4019	  173.6999
6.946	 2.53	 1	 -42.0795	  173.7834
6.946	 2.09	 1	 -42.8071	  173.1010
6.947	 2.23	 1	 -42.3949	  173.3580
6.949	 2.91	 2	 -41.9513	  173.6898
6.952	 2.17	 1	 -42.6802	  172.9950
6.952	 2.16	 1	 -42.5118	  173.1436
6.953	 2.34	 1	 -42.4725	  173.1104
6.953	 2.47	 1	 -41.6580	  174.2218
6.954	 2.97	 1	 -43.3915	  173.4463
6.955	 2.03	 2	 -44.5325	  170.0103
6.956	 2.64	 1	 -42.4593	  173.4406
6.956	 2.05	 2	 -41.7160	  174.3536
6.956	 2.23	 1	 -42.2280	  173.7202
6.957	 2.02	 1	 -42.2326	  173.4529
6.957	 2.63	 2	 -42.4760	  173.4176
6.959	 2.39	 2	 -42.7503	  173.0074
6.959	 2.53	 3	 -41.5860	  174.3551
6.960	 2.22	 1	 -41.9143	  173.6257
6.960	 3.25	 2	 -41.8398	  174.3357
6.961	 2.13	 2	 -44.3202	  169.4166
6.962	 2.09	 1	 -43.0219	  172.9833
6.963	 2.03	 1	 -42.5800	  172.8252
6.963	 2.47	 1	 -42.6894	  172.9275
6.963	 2.26	 1	 -42.4992	  173.5689
6.964	 2.29	 1	 -42.1998	  173.6880
6.964	 2.40	 1	 -42.7710	  173.4829
6.965	 3.39	 1	 -42.7230	  173.0836
6.967	 2.11	 1	 -42.6394	  173.1082
6.968	 2.63	 2	 -44.3283	  169.5752
6.970	 2.18	 2	 -41.8196	  174.9869
6.974	 2.44	 1	 -42.1428	  173.2291
6.974	 2.21	 1	 -42.1059	  173.8323
6.975	 2.01	 1	 -41.8396	  174.2304
6.976	 2.18	 1	 -41.7638	  174.3430
6.978	 2.17	 2	 -42.2778	  174.0507
6.979	 2.54	 1	 -41.6891	  174.1691
6.984	 2.30	 1	 -41.7953	  173.0917
6.985	 2.14	 1	 -41.7660	  174.3189
6.988	 2.23	 1	 -41.3673	  174.2160
6.988	 2.57	 1	 -42.3227	  173.2179
6.989	 2.22	 2	 -44.2680	  169.2785
6.991	 2.44	 1	 -42.5277	  172.9316
6.991	 2.48	 2	 -41.5500	  174.2201
6.992	 2.07	 2	 -42.3113	  173.6964
6.992	 2.75	 1	 -41.7456	  173.0232
6.992	 2.35	 1	 -42.2447	  173.9438
6.993	 2.66	 2	 -41.7565	  174.1992
6.994	 3.22	 1	 -41.8399	  174.0478
6.995	 2.05	 2	 -40.9437	  173.0601
6.995	 2.10	 2	 -42.2102	  173.7035
6.996	 2.15	 2	 -41.7872	  174.2855
6.996	 2.75	 1	 -42.5259	  173.7266
6.996	 2.04	 2	 -44.3036	  169.5921
6.997	 2.35	 1	 -42.1897	  173.5957
7.000	 2.51	 1	 -42.0100	  173.9456
7.001	 2.02	 1	 -42.2778	  173.7032
7.002	 2.16	 1	 -42.6479	  173.1701
7.002	 2.66	 1	 -42.6442	  173.1149
7.003	 2.33	 1	 -41.7677	  174.1637
7.004	 2.26	 1	 -43.3856	  173.7928
7.004	 3.10	 1	 -41.7859	  174.7343
7.005	 2.62	 1	 -42.2769	  173.8980
7.005	 2.24	 2	 -41.8999	  174.3663
7.006	 2.08	 3	 -43.1066	  173.6782
7.007	 2.20	 3	 -41.5315	  174.2548
7.008	 2.08	 2	 -44.3503	  169.5994
7.008	 3.30	 1	 -41.7275	  174.3194
7.008	 2.09	 3	 -41.6926	  174.3289
7.010	 2.05	 2	 -42.7801	  172.2198
7.010	 2.01	 1	 -42.2073	  174.0347
7.010	 2.53	 3	 -42.3494	  173.8636
7.011	 2.55	 2	 -41.8123	  173.4844
7.012	 2.10	 1	 -42.0329	  173.6099
7.012	 2.85	 2	 -42.5582	  173.5521
7.014	 2.02	 1	 -42.5820	  173.3336
7.014	 2.20	 1	 -42.6703	  173.1198
7.017	 2.01	 1	 -42.5897	  173.9381
7.017	 2.20	 3	 -41.6259	  174.3090
7.019	 2.31	 2	 -44.0718	  169.6792
7.019	 2.65	 1	 -42.4733	  173.8821
7.020	 2.27	 2	 -44.8063	  169.5384
7.021	 2.10	 2	 -41.7912	  173.9243
7.021	 2.39	 2	 -42.5633	  173.9846
7.022	 3.57	 2	 -44.3074	  169.5652
7.022	 2.16	 1	 -41.6889	  174.2597
7.022	 2.99	 2	 -42.4431	  173.1181
7.023	 2.85	 2	 -41.6791	  174.2583
7.024	 3.08	 2	 -44.4067	  169.5729
7.024	 2.03	 1	 -42.4346	  173.4818
7.024	 2.38	 1	 -42.6722	  172.9404
7.024	 2.57	 2	 -42.0247	  172.7836
7.025	 2.30	 1	 -41.6431	  174.1956
7.026	 2.14	 1	 -42.0999	  174.4067
7.026	 2.25	 2	 -41.7236	  174.3898
7.027	 2.68	 1	 -41.9007	  172.3869
7.028	 2.64	 3	 -41.6662	  174.1116
7.030	 2.04	 1	 -41.7413	  174.2572
7.031	 2.23	 2	 -41.7738	  174.2905
7.032	 2.10	 3	 -44.3228	  169.6879
7.035	 2.02	 2	 -41.7054	  174.2627
7.036	 2.14	 1	 -41.6999	  174.2835
7.037	 2.67	 1	 -42.4065	  173.7748
7.038	 2.21	 1	 -41.7057	  174.3684
7.039	 2.21	 1	 -42.0070	  173.7084
7.039	 2.09	 1	 -42.2845	  173.7967
7.040	 2.93	 1	 -41.9640	  174.0488
7.041	 2.35	 1	 -43.1919	  173.0796
7.042	 2.14	 1	 -41.2051	  173.6221
7.044	 2.68	 1	 -42.2586	  173.4485
7.044	 2.27	 2	 -42.0784	  173.5246
7.045	 2.35	 2	 -41.7318	  174.4159
7.047	 2.67	 2	 -41.7565	  174.3193
7.047	 2.20	 1	 -42.3868	  173.8533
7.047	 2.37	 1	 -41.6130	  174.1709
7.048	 2.41	 2	 -44.3620	  169.6054
7.049	 2.17	 1	 -42.0219	  173.7161
7.049	 2.10	 1	 -41.6937	  174.3022
7.052	 2.01	 2	 -41.7156	  174.3689
7.053	 2.61	 2	 -41.7251	  174.0616
7.054	 2.16	 1	 -42.0450	  173.4549
7.056	 2.03	 1	 -41.5742	  174.3771
7.057	 2.16	 1	 -41.7556	  174.3155
7.057	 2.15	 1	 -42.2584	  173.7659
7.058	 2.12	 2	 -42.7162	  173.1286
7.058	 3.38	 2	 -42.7353	  172.9928
7.060	 2.32	 1	 -41.7022	  174.4594
7.060	 2.12	 2	 -41.7256	  174.3979
7.061	 2.74	 2	 -42.4342	  173.3406
7.061	 2.10	 4	 -41.6346	  174.8301
7.062	 2.07	 1	 -41.7091	  174.1916
7.062	 2.06	 2	 -42.7546	  172.2752
7.064	 2.08	 1	 -42.1253	  173.6157
7.064	 2.21	 3	 -42.0886	  172.7313
7.064	 2.95	 4	 -42.5827	  172.8793
7.064	 2.36	 2	 -41.3847	  175.0613
7.065	 2.35	 1	 -41.7090	  174.3305
7.066	 2.51	 1	 -42.3846	  173.3859
7.066	 2.00	 2	 -42.6387	  173.1060
7.067	 3.00	 1	 -41.9899	  173.8765
7.067	 3.32	 2	 -42.3234	  174.0642
7.067	 2.02	 1	 -41.7847	  173.6853
7.070	 2.39	 2	 -40.9559	  173.0428
7.073	 2.04	 1	 -42.3126	  173.7341
7.073	 2.07	 2	 -44.8524	  174.3076
7.074	 2.16	 2	 -42.2202	  173.8176
7.075	 2.72	 2	 -44.3775	  169.5472
7.075	 2.45	 1	 -41.9392	  174.2331
7.076	 2.80	 1	 -42.3651	  172.8868
7.078	 2.51	 1	 -42.7660	  172.6498
7.078	 2.28	 1	 -42.2942	  173.3339
7.079	 2.64	 1	 -44.3671	  168.3164
7.080	 2.37	 1	 -42.4107	  173.7708
7.080	 2.23	 1	 -42.5040	  173.2756
7.081	 3.05	 1	 -42.2977	  173.7676
7.082	 2.02	 1	 -42.2596	  173.6753
7.082	 2.47	 2	 -41.8397	  173.7762
7.082	 2.82	 1	 -42.3248	  173.3600
7.082	 2.03	 1	 -42.5392	  173.1001
7.082	 2.07	 2	 -42.2013	  173.6783
7.083	 2.25	 2	 -41.7054	  174.2468
7.084	 2.63	 1	 -42.0172	  173.8217
7.084	 2.08	 2	 -44.2506	  169.3888
7.084	 2.12	 1	 -41.6616	  174.2493
7.087	 2.01	 1	 -42.4133	  173.6299
7.087	 2.54	 1	 -42.2947	  174.0815
7.087	 2.25	 1	 -42.7376	  172.7501
7.087	 2.65	 2	 -41.7634	  174.2116
7.088	 2.40	 2	 -42.7394	  173.0033
7.089	 2.56	 1	 -42.7496	  173.1936
7.090	 2.23	 3	 -42.4479	  173.1093
7.090	 2.18	 2	 -42.7122	  172.2819
7.093	 2.20	 1	 -41.8555	  173.9544
7.094	 2.70	 1	 -42.2492	  173.4539
7.097	 3.04	 1	 -42.2481	  174.9394
7.098	 2.36	 1	 -42.6133	  173.0023
7.099	 2.01	 3	 -41.6160	  174.3236
7.100	 3.44	 1	 -42.4804	  173.4179
7.102	 2.14	 3	 -41.6068	  174.3431
7.102	 2.03	 2	 -42.2986	  173.8943
7.103	 2.17	 1	 -42.4560	  173.9613
7.103	 2.65	 1	 -41.8089	  174.1769
7.104	 3.09	 1	 -42.3600	  173.8188
7.105	 2.90	 2	 -42.7560	  172.1503
7.107	 2.39	 1	 -42.0329	  173.6962
7.108	 2.97	 2	 -41.7151	  174.2807
7.108	 3.72	 1	 -42.3527	  173.9281
7.109	 2.19	 1	 -41.7212	  174.2149
7.110	 2.40	 1	 -42.3649	  173.0820
7.111	 2.46	 1	 -41.8010	  173.8104
7.112	 2.25	 1	 -41.7787	  174.1790
7.112	 2.05	 1	 -41.7645	  174.2751
7.115	 4.62	 2	 -41.6960	  174.4223
7.115	 2.47	 1	 -42.1795	  173.4049
7.116	 3.27	 3	 -41.8413	  174.3300
7.116	 3.32	 2	 -42.6989	  172.3681
7.116	 3.43	 1	 -41.8704	  173.7083
7.119	 2.94	 2	 -44.4524	  169.3535
7.120	 2.22	 2	 -40.6969	  179.6679
7.120	 2.88	 1	 -38.6840	  176.5846
7.121	 2.15	 2	 -41.7132	  174.3297
7.122	 3.14	 1	 -41.6421	  174.3108
7.122	 2.27	 1	 -42.4939	  173.2869
7.125	 2.74	 1	 -42.6245	  172.7449
7.125	 2.09	 2	 -41.8874	  174.5256
7.126	 2.19	 2	 -41.6786	  174.2818
7.127	 2.82	 1	 -41.7712	  174.1005
7.128	 2.84	 1	 -41.7045	  174.2249
7.128	 3.09	 1	 -41.6904	  173.4120
7.133	 2.37	 1	 -43.0645	  172.5828
7.133	 2.11	 1	 -42.6063	  172.8466
7.135	 2.61	 1	 -41.5749	  174.4926
7.136	 2.61	 2	 -44.3225	  169.6149
7.136	 2.06	 2	 -41.7344	  174.2048
7.140	 3.56	 3	 -41.7888	  174.2721
7.140	 3.10	 2	 -44.3694	  169.6864
7.141	 3.04	 2	 -41.6722	  174.2651
7.141	 2.11	 2	 -44.0400	  168.6071
7.143	 3.43	 1	 -42.8027	  173.0257
7.143	 2.04	 3	 -42.6052	  173.9938
7.145	 2.04	 1	 -42.5953	  172.8848
7.148	 2.23	 1	 -42.2690	  173.6298
7.149	 2.67	 2	 -44.2682	  169.5212
7.150	 2.56	 3	 -41.7073	  174.5022
7.151	 2.03	 1	 -42.3412	  173.8904
7.151	 2.72	 1	 -42.7520	  173.0166
7.151	 2.48	 2	 -41.6681	  174.1972
7.151	 2.26	 1	 -42.2101	  173.5417
7.152	 2.12	 1	 -42.2822	  173.7196
7.153	 2.06	 1	 -41.7925	  173.9415
7.154	 2.22	 1	 -41.4109	  172.9004
7.154	 3.51	 1	 -42.1934	  173.6311
7.155	 2.84	 2	 -42.2992	  174.3052
7.155	 2.59	 2	 -41.6718	  174.2205
7.155	 2.55	 3	 -42.1983	  173.6789
7.156	 2.55	 1	 -42.4661	  173.0400
7.156	 2.34	 1	 -42.3046	  173.7462
7.156	 2.95	 1	 -42.2475	  173.6992
7.157	 2.03	 2	 -42.7525	  173.0152
7.158	 2.44	 2	 -41.7632	  174.0013
7.158	 2.10	 2	 -41.7222	  174.1610
7.159	 2.67	 1	 -41.6801	  174.1470
7.160	 2.58	 1	 -42.2570	  173.7401
7.160	 2.32	 1	 -41.7351	  174.3573
7.162	 2.27	 3	 -44.1465	  169.8174
7.162	 2.08	 1	 -42.4982	  173.2095
7.164	 2.74	 1	 -42.4964	  173.5082
7.164	 2.13	 2	 -41.7952	  174.2310
7.164	 2.11	 2	 -41.7175	  173.4202
7.164	 2.24	 2	 -42.7890	  172.9874
7.165	 2.07	 1	 -42.7948	  172.7082
7.167	 2.07	 1	 -42.2440	  173.6340
7.167	 2.12	 2	 -42.1557	  173.5462
7.168	 2.48	 1	 -42.2618	  173.8560
7.168	 2.67	 2	 -42.5435	  173.3776
7.169	 2.12	 1	 -42.4314	  173.7957
7.170	 2.05	 2	 -41.6823	  174.2237
7.171	 2.24	 3	 -42.2634	  173.8982
7.176	 2.80	 1	 -42.5098	  172.8348
7.176	 2.01	 2	 -41.6966	  174.2446
7.177	 2.47	 1	 -42.4460	  173.2776
7.177	 2.03	 1	 -42.7230	  173.9053
7.177	 2.35	 1	 -42.3419	  173.9128
7.177	 2.77	 1	 -42.1527	  173.5811
7.178	 2.20	 1	 -42.4481	  173.0894
7.179	 2.23	 1	 -42.0386	  173.7196
7.179	 2.57	 1	 -42.0244	  173.8681
7.179	 2.69	 3	 -41.6285	  174.2685
7.181	 2.29	 1	 -41.6924	  174.0180
7.183	 2.28	 1	 -42.5514	  173.1640
7.184	 2.47	 1	 -41.7454	  174.2248
7.184	 2.35	 2	 -44.3418	  169.9711
7.185	 3.11	 1	 -42.4535	  173.0459
7.185	 2.83	 1	 -42.3734	  174.0153
7.185	 2.08	 1	 -41.8570	  174.2281
7.186	 2.81	 1	 -42.6453	  172.6818
7.189	 2.81	 1	 -41.7944	  174.0390
7.189	 2.72	 1	 -42.1488	  173.5516
7.190	 2.43	 1	 -42.2675	  173.6712
7.191	 2.18	 2	 -44.3125	  169.6920
7.192	 3.22	 1	 -42.3976	  173.0496
7.192	 2.11	 3	 -41.7446	  174.2941
7.192	 2.23	 1	 -42.1097	  173.4708
7.192	 2.06	 2	 -44.2812	  169.5917
7.192	 2.78	 1	 -42.6256	  172.9777
7.192	 2.20	 2	 -41.5398	  174.2370
7.195	 2.79	 1	 -42.5015	  173.7552
7.195	 2.78	 1	 -42.1438	  173.2255
7.197	 3.94	 2	 -44.3325	  169.5983
7.197	 3.15	 1	 -42.4108	  173.7395
7.199	 2.15	 3	 -42.5883	  172.9284
7.200	 2.20	 1	 -41.7381	  174.4032
7.200	 2.65	 2	 -41.7338	  174.2370
7.201	 2.16	 2	 -44.3366	  169.5500
7.201	 2.10	 1	 -42.5848	  173.5422
7.202	 2.13	 1	 -43.7290	  173.5203
7.203	 2.17	 3	 -41.9368	  173.0709
7.204	 2.76	 2	 -41.6163	  174.2448
7.205	 2.15	 2	 -44.7299	  169.7783
7.206	 2.19	 3	 -44.3983	  169.8056
7.206	 2.27	 2	 -41.6752	  174.3354
7.206	 2.42	 1	 -42.0322	  172.5270
7.207	 2.13	 1	 -42.3353	  172.5067
7.210	 2.44	 1	 -42.6606	  173.0274
7.211	 2.32	 3	 -41.6561	  174.3890
7.212	 2.72	 1	 -42.4921	  173.1058
7.214	 2.01	 1	 -41.7830	  174.2361
7.215	 2.28	 4	 -42.5348	  172.8979
7.218	 2.06	 1	 -42.0430	  173.8933
7.218	 2.08	 3	 -41.9431	  173.1127
7.218	 2.85	 1	 -41.6612	  173.9301
7.219	 2.03	 2	 -42.2942	  173.8950
7.221	 2.01	 1	 -42.3387	  173.7629
7.221	 2.03	 1	 -42.1159	  173.6587
7.221	 2.64	 1	 -42.4822	  173.5052
7.222	 2.31	 1	 -41.7056	  174.1746
7.222	 2.01	 2	 -41.6706	  174.3096
7.222	 2.90	 3	 -44.4809	  169.5923
7.223	 2.03	 1	 -41.6828	  174.2882
7.224	 2.24	 3	 -41.7960	  174.3610
7.225	 2.96	 1	 -41.2016	  173.7340
7.225	 2.30	 2	 -42.5650	  174.0695
7.226	 2.16	 1	 -42.5202	  173.1726
7.226	 2.68	 5	 -41.6974	  174.1235
7.227	 2.24	 1	 -42.5054	  173.1696
7.230	 2.69	 1	 -42.5042	  173.0637
7.230	 2.14	 1	 -41.7504	  174.2219
7.231	 2.16	 2	 -40.9109	  173.0094
7.232	 2.10	 2	 -41.6861	  174.2518
7.234	 2.28	 1	 -41.9486	  173.7304
7.234	 3.71	 1	 -42.2163	  173.5732
7.234	 2.62	 2	 -44.2169	  169.4485
7.235	 3.32	 2	 -42.3880	  173.7637
7.235	 2.01	 1	 -42.5515	  173.6907
7.236	 2.96	 1	 -42.3135	  173.7233
7.240	 2.01	 1	 -41.5625	  174.4011
7.240	 3.19	 1	 -42.5372	  173.6344
7.241	 2.81	 1	 -42.3227	  173.8005
7.242	 2.05	 1	 -42.2315	  173.7070
7.242	 2.03	 2	 -42.4960	  173.5087
7.242	 2.76	 1	 -42.0250	  173.7552
7.246	 2.16	 1	 -42.6996	  172.8511
7.246	 2.25	 1	 -41.7438	  174.2958
7.248	 2.22	 2	 -42.3011	  173.6120
7.248	 2.41	 4	 -42.0875	  173.9364
7.248	 2.79	 1	 -42.0419	  173.8201
7.248	 2.02	 2	 -42.6300	  173.8110
7.248	 2.15	 1	 -42.2729	  173.6945
7.249	 2.80	 2	 -44.3136	  169.6490
7.250	 3.01	 2	 -41.1869	  175.3202
7.250	 2.37	 2	 -41.6220	  174.1909
7.250	 2.37	 1	 -42.3667	  173.4976
7.251	 2.08	 1	 -41.7594	  174.1016
7.251	 2.07	 1	 -42.2524	  173.5660
7.252	 4.92	 3	 -41.7501	  174.2566
7.253	 2.05	 2	 -44.6910	  176.6226
7.254	 2.05	 1	 -42.2873	  173.9402
7.255	 2.61	 1	 -42.4924	  173.1539
7.256	 2.39	 2	 -42.7956	  172.9288
7.257	 2.39	 1	 -41.9686	  173.6471
7.257	 2.48	 1	 -42.4286	  173.2272
7.257	 2.72	 2	 -41.7566	  174.1981
7.257	 2.18	 2	 -42.0492	  173.4102
7.257	 2.45	 5	 -41.7514	  174.2407
7.260	 2.45	 2	 -42.2782	  173.7811
7.260	 2.28	 1	 -42.0751	  173.9325
7.260	 2.50	 3	 -42.3894	  173.8909
7.261	 2.22	 1	 -41.6877	  174.1980
7.261	 2.57	 1	 -42.2765	  172.7723
7.262	 2.04	 2	 -41.6810	  174.2088
7.262	 2.71	 2	 -42.4066	  173.1120
7.264	 2.02	 2	 -44.2673	  169.6701
7.269	 2.23	 1	 -42.5579	  173.3023
7.269	 2.24	 4	 -41.7519	  174.2563
7.270	 2.33	 1	 -42.4230	  173.3405
7.271	 2.06	 1	 -42.3282	  173.5480
7.271	 2.07	 1	 -42.4027	  174.0268
7.273	 2.23	 1	 -41.8003	  174.2424
7.273	 3.39	 3	 -43.1259	  173.7218
7.274	 3.10	 2	 -44.3125	  169.6060
7.276	 2.15	 4	 -41.8497	  174.2745
7.276	 2.51	 1	 -42.4787	  173.0979
7.276	 2.92	 3	 -41.6772	  174.2644
7.277	 2.39	 1	 -42.6850	  172.7456
7.278	 2.11	 1	 -42.4767	  173.2097
7.279	 2.20	 1	 -42.2547	  173.6957
7.279	 2.10	 1	 -41.7031	  174.4706
7.279	 2.43	 1	 -42.5084	  173.2969
7.279	 2.19	 2	 -44.3768	  170.1285
7.280	 2.45	 2	 -42.5414	  173.6358
7.282	 2.11	 1	 -42.0325	  173.6578
7.282	 2.30	 2	 -42.6263	  173.0388
7.283	 2.02	 2	 -42.3439	  172.9340
7.283	 2.57	 1	 -42.4294	  172.4050
7.284	 2.08	 1	 -43.2070	  172.7721
7.284	 2.02	 1	 -42.4073	  174.1203
7.285	 2.11	 1	 -41.6974	  174.1742
7.285	 2.74	 3	 -41.5488	  174.3791
7.287	 2.17	 3	 -42.5312	  172.8638
7.287	 2.19	 1	 -42.4028	  173.8732
7.288	 2.06	 3	 -44.2916	  169.6184
7.290	 3.43	 2	 -42.7966	  173.0133
7.291	 2.11	 1	 -42.1496	  173.0306
7.291	 2.21	 1	 -42.5558	  173.4397
7.291	 2.02	 1	 -42.2620	  173.7548
7.294	 2.64	 2	 -41.6058	  174.1904
7.294	 2.12	 1	 -42.3408	  173.5098
7.295	 2.14	 3	 -41.6437	  174.3330
7.295	 2.19	 1	 -41.7565	  174.1454
7.295	 2.03	 1	 -42.7787	  172.3346
7.295	 2.73	 3	 -44.3242	  169.5497
7.295	 2.38	 3	 -42.4252	  173.1071
7.296	 2.78	 2	 -41.6885	  174.1779
7.297	 2.03	 1	 -41.8886	  174.2625
7.297	 2.15	 1	 -42.3277	  173.0626
7.298	 2.60	 2	 -44.3920	  169.6339
7.298	 2.26	 1	 -41.6969	  174.2345
7.298	 2.01	 1	 -43.9579	  174.0271
7.298	 2.07	 1	 -41.7760	  174.3034
7.299	 2.46	 2	 -41.6242	  174.3171
7.299	 2.46	 4	 -42.5319	  173.9491
7.300	 3.02	 1	 -42.2700	  173.5812
7.302	 2.40	 1	 -41.9640	  174.1127
7.303	 2.26	 1	 -42.6427	  173.1178
7.304	 2.27	 1	 -42.2844	  173.6968
7.304	 3.36	 1	 -42.0381	  173.6206
7.306	 2.03	 1	 -42.4391	  173.7007
7.306	 2.16	 2	 -46.3355	  165.1028
7.308	 2.03	 1	 -42.3389	  173.9068
7.308	 2.09	 2	 -44.3859	  169.8324
7.309	 3.69	 4	 -41.7514	  174.2139
7.309	 2.03	 1	 -41.9964	  173.8847
7.310	 3.12	 1	 -42.5056	  173.1118
7.312	 2.80	 3	 -42.7746	  172.3335
7.312	 2.69	 2	 -42.3691	  174.0923
7.312	 2.03	 2	 -41.9309	  174.0063
7.314	 2.20	 2	 -42.3525	  173.7720
7.314	 3.61	 1	 -42.1750	  173.7374
7.315	 2.07	 1	 -40.8858	  173.4594
7.318	 2.59	 1	 -42.9550	  173.0711
7.319	 2.01	 1	 -42.7626	  172.7231
7.319	 2.63	 1	 -42.4761	  173.7268
7.320	 2.04	 2	 -41.3936	  174.0088
7.320	 2.26	 1	 -42.3376	  173.5966
7.320	 2.99	 1	 -41.7864	  174.6546
7.321	 2.22	 1	 -42.0905	  172.8306
7.322	 2.29	 3	 -41.7141	  174.1451
7.322	 2.40	 3	 -42.7484	  173.0251
7.324	 2.37	 1	 -42.3466	  173.0889
7.324	 2.08	 1	 -41.6663	  174.2626
7.324	 2.26	 3	 -44.2476	  169.7081
7.325	 2.78	 1	 -42.1285	  173.6617
7.327	 2.41	 1	 -42.3083	  173.5539
7.327	 2.57	 2	 -42.7698	  172.9869
7.328	 2.11	 1	 -41.8632	  173.9765
7.329	 2.29	 4	 -44.1467	  169.8079
7.330	 2.04	 1	 -42.6734	  172.8466
7.331	 2.65	 1	 -42.3522	  173.9103
7.331	 2.13	 1	 -42.6630	  172.7966
7.332	 2.15	 2	 -42.7335	  173.0471
7.334	 2.08	 3	 -41.6427	  174.1630
7.335	 2.06	 2	 -44.5006	  169.6556
7.336	 2.02	 1	 -42.5646	  173.1631
7.337	 2.36	 2	 -44.4481	  169.5925
7.338	 3.19	 1	 -41.7963	  173.8959
7.338	 2.09	 1	 -42.4956	  173.7744
7.339	 2.13	 1	 -42.3182	  173.7265
7.340	 2.63	 2	 -42.7893	  172.2224
7.340	 2.04	 1	 -41.7906	  174.1373
7.342	 2.77	 4	 -41.5641	  173.9547
7.343	 2.27	 1	 -41.6688	  174.3414
7.344	 2.28	 2	 -44.1769	  169.1212
7.344	 2.21	 1	 -41.2288	  173.7629
7.345	 2.05	 1	 -41.6897	  174.0874
7.346	 2.21	 1	 -41.2866	  172.6964
7.347	 3.64	 2	 -44.3803	  169.6203
7.347	 2.17	 1	 -42.2049	  173.6908
7.347	 2.13	 3	 -42.8463	  173.3813
7.349	 2.94	 2	 -44.2988	  169.5493
7.350	 2.08	 2	 -42.6242	  173.1974
7.350	 2.88	 3	 -37.3690	  172.3681
7.350	 2.12	 1	 -42.5028	  173.1918
7.350	 2.32	 1	 -43.1784	  173.0909
7.351	 2.08	 2	 -44.2673	  169.5002
7.351	 2.25	 1	 -43.3183	  173.7258
7.352	 2.87	 2	 -41.6254	  174.1462
7.352	 2.20	 2	 -42.8191	  172.1888
7.352	 2.10	 1	 -41.4599	  174.0858
7.352	 3.17	 1	 -39.5880	  177.8217
7.353	 2.86	 2	 -42.4609	  173.2668
7.354	 2.72	 1	 -41.7901	  174.0250
7.355	 2.15	 1	 -41.7807	  174.1878
7.355	 2.84	 1	 -42.5106	  173.1369
7.356	 2.09	 2	 -41.9035	  174.1566
7.357	 2.00	 3	 -41.8586	  174.3736
7.359	 2.06	 2	 -42.6008	  172.8712
7.360	 2.23	 2	 -42.4957	  173.3903
7.361	 2.79	 1	 -42.5512	  173.5382
7.361	 2.12	 1	 -41.7933	  172.4638
7.362	 2.05	 1	 -41.8256	  174.7683
7.363	 2.38	 2	 -42.5172	  173.3235
7.363	 2.69	 2	 -42.2983	  174.1025
7.364	 2.20	 2	 -42.4160	  173.7540
7.365	 2.09	 1	 -44.6929	  170.1987
7.366	 2.01	 1	 -42.4644	  173.3038
7.375	 2.30	 1	 -42.0076	  173.8848
7.376	 2.08	 2	 -44.2488	  169.0044
7.376	 2.03	 3	 -41.8402	  173.6235
7.376	 2.20	 1	 -42.3053	  173.7888
7.376	 2.05	 3	 -41.6692	  174.1872
7.377	 2.21	 1	 -42.5680	  172.6044
7.379	 2.15	 2	 -41.6990	  174.2499
7.381	 2.81	 2	 -41.8168	  174.4692
7.381	 3.29	 4	 -42.5730	  172.8994
7.383	 2.20	 2	 -41.7245	  174.3836
7.386	 2.05	 1	 -42.2288	  173.5782
7.387	 2.06	 1	 -42.9010	  173.8250
7.388	 3.28	 1	 -44.1045	  167.4733
7.388	 2.05	 1	 -42.4915	  173.6354
7.389	 3.58	 1	 -41.8577	  174.1722
7.390	 2.03	 3	 -41.8202	  174.4623
7.392	 2.12	 1	 -41.6707	  174.2944
7.393	 2.24	 1	 -41.9306	  174.1489
7.393	 2.64	 1	 -42.3334	  174.0113
7.394	 2.39	 2	 -42.1857	  173.7398
7.395	 2.15	 2	 -41.9973	  174.0225
7.396	 2.17	 2	 -42.4242	  173.7807
7.396	 2.02	 1	 -42.1277	  173.7166
7.398	 2.31	 1	 -41.6985	  174.1966
7.399	 2.08	 2	 -44.3392	  169.5510
7.399	 2.02	 2	 -42.5005	  173.6563
7.399	 2.13	 1	 -42.4399	  173.7717
7.400	 2.68	 2	 -42.7799	  173.0595
7.400	 2.22	 1	 -42.2014	  173.4062
7.401	 2.19	 1	 -41.9112	  174.3988
7.401	 2.63	 1	 -42.0636	  174.0440
7.403	 2.43	 2	 -41.6929	  174.2676
7.403	 2.23	 2	 -41.8425	  174.1391
7.404	 3.56	 1	 -42.3484	  174.6856
7.404	 2.44	 1	 -41.7494	  174.2429
7.404	 2.25	 1	 -42.1987	  173.7816
7.408	 2.25	 3	 -42.5856	  173.2032
7.408	 2.72	 1	 -42.4276	  173.5895
7.408	 3.46	 3	 -40.8732	  174.8024
7.409	 2.19	 1	 -42.4240	  173.1957
7.409	 2.58	 1	 -42.2676	  173.6333
7.410	 2.17	 2	 -42.7592	  173.3088
7.412	 2.13	 1	 -42.6642	  173.3444
7.414	 2.51	 1	 -41.6617	  174.1623
7.414	 2.65	 2	 -41.8484	  174.0940
7.415	 2.20	 2	 -42.6194	  172.8483
7.415	 2.12	 2	 -41.5881	  174.2209
7.416	 2.17	 2	 -42.1760	  173.7370
7.416	 2.37	 1	 -43.2350	  174.4660
7.416	 2.44	 2	 -44.3494	  169.6813
7.417	 2.02	 1	 -42.2376	  173.3762
7.418	 2.09	 2	 -40.8818	  173.1124
7.418	 3.60	 2	 -41.7234	  174.3884
7.420	 2.56	 1	 -41.9671	  173.8508
7.421	 2.48	 2	 -42.8095	  172.2541
7.421	 2.06	 1	 -42.3339	  173.6349
7.422	 2.11	 2	 -43.9919	  169.0981
7.423	 2.12	 1	 -41.9558	  173.9952
7.423	 3.23	 2	 -42.2785	  174.0172
7.424	 2.37	 1	 -41.5996	  174.3369
7.424	 3.35	 3	 -41.7577	  174.5465
7.425	 2.30	 1	 -41.7113	  174.3240
7.426	 2.06	 1	 -42.1256	  172.9113
7.427	 2.10	 2	 -42.0938	  173.5768
7.429	 2.30	 2	 -44.3435	  169.7348
7.429	 2.14	 1	 -41.6055	  174.7088
7.433	 2.47	 2	 -42.3333	  173.6273
7.433	 2.64	 1	 -41.5726	  174.2146
7.433	 2.02	 2	 -41.6871	  174.2479
7.435	 2.35	 2	 -42.7948	  173.0135
7.437	 2.08	 1	 -41.9789	  174.0838
7.438	 2.30	 2	 -42.1790	  173.7328
7.439	 2.73	 1	 -42.7701	  173.1084
7.443	 2.33	 3	 -42.7970	  172.9315
7.445	 2.70	 3	 -42.7905	  172.2241
7.450	 2.83	 2	 -41.5526	  174.3909
7.450	 2.57	 1	 -41.7913	  174.2725
7.451	 2.93	 1	 -42.1991	  173.7422
7.453	 2.27	 1	 -41.7793	  174.2498
7.454	 2.13	 2	 -42.2648	  173.4726
7.455	 2.76	 1	 -42.1345	  173.5908
7.455	 2.60	 1	 -42.5397	  174.1352
7.456	 2.17	 1	 -42.3610	  173.9052
7.457	 2.13	 1	 -42.3397	  173.0180
7.459	 2.29	 1	 -42.3418	  173.9253
7.461	 2.18	 1	 -42.2914	  173.8794
7.462	 2.22	 3	 -41.6873	  174.1884
7.462	 2.40	 2	 -41.7561	  174.5292
7.463	 2.67	 1	 -42.7373	  172.8622
7.466	 2.37	 2	 -44.3299	  169.6956
7.467	 2.12	 1	 -42.2710	  173.0043
7.469	 2.15	 2	 -44.3786	  169.5452
7.470	 2.90	 2	 -42.7039	  172.9464
7.470	 2.21	 1	 -41.6891	  174.3426
7.470	 3.10	 4	 -41.8455	  174.4006
7.471	 3.59	 1	 -41.6538	  174.1336
7.471	 2.54	 2	 -42.1366	  173.9495
7.471	 2.45	 1	 -41.6738	  174.2475
7.472	 2.02	 1	 -42.5965	  173.1219
7.473	 2.11	 1	 -45.7738	  169.7061
7.473	 2.55	 1	 -42.4252	  173.0873
7.474	 2.54	 1	 -42.2678	  173.7980
7.474	 2.02	 2	 -42.7817	  172.2157
7.475	 2.32	 1	 -42.1057	  173.8242
7.476	 2.37	 1	 -42.2455	  173.4616
7.476	 2.19	 1	 -42.4958	  173.2648
7.476	 3.50	 1	 -42.3260	  173.2442
7.477	 2.23	 1	 -42.7697	  173.0228
7.478	 2.14	 2	 -41.5979	  174.2666
7.479	 2.22	 2	 -44.2901	  169.5089
7.479	 2.36	 1	 -43.0625	  173.2864
7.480	 2.46	 2	 -41.7492	  174.0748
7.481	 2.39	 1	 -42.0489	  173.5607
7.482	 2.87	 1	 -41.7144	  174.2707
7.483	 2.07	 2	 -41.7737	  174.2660
7.483	 2.25	 2	 -42.1442	  173.6435
7.485	 2.58	 2	 -41.8627	  174.1015
7.486	 2.27	 2	 -44.3175	  169.6466
7.486	 2.18	 1	 -41.8107	  174.2079
7.487	 2.63	 1	 -42.4753	  174.0018
7.488	 3.27	 2	 -47.5174	  171.6227
7.489	 2.01	 1	 -42.6748	  172.8117
7.489	 2.01	 4	 -41.7915	  174.4864
7.490	 2.61	 2	 -42.8068	  173.0952
7.493	 2.15	 3	 -42.7435	  172.0686
7.493	 2.26	 1	 -41.9469	  174.1784
7.495	 2.04	 1	 -42.5129	  173.0191
7.495	 2.34	 2	 -40.9399	  174.6017
7.496	 2.16	 2	 -41.7694	  174.2224
7.497	 2.27	 1	 -42.4251	  173.7226
7.498	 2.68	 3	 -41.6525	  174.4662
7.500	 2.07	 2	 -41.9167	  173.4579
7.500	 2.23	 1	 -39.2447	  175.9302
7.501	 2.27	 1	 -41.7589	  174.0505
7.502	 2.33	 1	 -42.1381	  173.6183
7.503	 2.14	 1	 -42.2895	  173.6141
7.504	 2.37	 2	 -42.5737	  173.3632
7.505	 2.20	 2	 -41.7125	  173.4843
7.507	 2.01	 2	 -41.5780	  174.2485
7.507	 2.03	 2	 -44.3594	  169.6474
7.508	 2.37	 1	 -42.5011	  173.7541
7.508	 2.33	 1	 -42.7181	  173.4193
7.508	 3.34	 2	 -41.7670	  174.2589
7.510	 5.29	 2	 -41.6672	  174.2183
7.512	 3.80	 4	 -44.6594	  169.8841
7.513	 3.26	 2	 -41.7153	  174.1113
7.513	 2.39	 1	 -42.3537	  173.7489
7.513	 2.68	 2	 -41.6125	  174.1699
7.514	 2.24	 1	 -42.6006	  173.3212
7.516	 2.30	 2	 -42.1935	  173.6617
7.517	 2.15	 3	 -41.6227	  174.3061
7.519	 2.31	 3	 -41.6525	  174.1896
7.520	 2.03	 4	 -41.7498	  174.2249
7.522	 3.70	 3	 -42.6419	  172.6701
7.523	 2.40	 1	 -42.6424	  172.9621
7.524	 2.60	 2	 -41.6693	  174.2199
7.524	 2.28	 1	 -41.6814	  174.2924
7.524	 2.33	 3	 -41.7111	  174.1599
7.526	 4.27	 1	 -41.7866	  174.2893
7.526	 2.71	 1	 -42.2941	  173.7300
7.528	 2.14	 1	 -41.7370	  174.1644
7.528	 2.21	 1	 -42.3442	  173.8807
7.529	 2.29	 1	 -42.5311	  173.0314
7.529	 2.06	 3	 -44.4005	  169.5891
7.529	 2.06	 2	 -42.7062	  174.0505
7.531	 2.04	 2	 -41.7750	  174.2317
7.531	 2.63	 3	 -41.2176	  175.8716
7.532	 2.15	 2	 -44.1687	  169.4747
7.532	 2.84	 2	 -41.6736	  174.2280
7.532	 2.73	 1	 -42.1942	  172.8051
7.534	 3.75	 1	 -41.6603	  174.1992
7.535	 2.24	 1	 -41.9663	  173.8642
7.535	 2.56	 1	 -42.5285	  173.0303
7.536	 2.50	 3	 -41.6171	  174.3223
7.537	 2.20	 1	 -41.8760	  174.2308
7.538	 3.57	 1	 -41.9910	  173.6874
7.539	 2.10	 1	 -42.1038	  173.7036
7.540	 2.28	 2	 -41.7747	  174.2966
7.540	 2.36	 1	 -42.2383	  173.7341
7.540	 2.32	 2	 -44.2898	  169.5958
7.541	 2.24	 3	 -41.7955	  174.2911
7.541	 2.00	 3	 -41.6463	  174.2646
7.544	 2.01	 2	 -42.5038	  173.3980
7.544	 2.36	 2	 -42.3991	  172.6845
7.545	 2.41	 1	 -42.2368	  173.8147
7.546	 2.20	 1	 -42.5340	  173.4014
7.546	 2.07	 1	 -42.4507	  173.0118
7.547	 2.30	 1	 -42.5334	  173.5096
7.547	 2.06	 3	 -41.8716	  174.0451
7.548	 2.54	 1	 -42.4975	  172.9635
7.548	 2.36	 3	 -41.6333	  174.0636
7.549	 2.34	 2	 -44.1676	  169.8238
7.551	 2.13	 2	 -44.2591	  169.6882
7.553	 2.36	 1	 -42.2972	  173.7682
7.553	 2.70	 2	 -41.7215	  174.3562
7.553	 3.69	 4	 -42.5957	  173.9019
7.553	 2.65	 1	 -42.2925	  173.7689
7.555	 2.14	 3	 -41.7007	  174.1908
7.556	 2.21	 1	 -42.1333	  173.6590
7.556	 2.07	 1	 -41.5220	  174.1519
7.557	 3.04	 2	 -41.8825	  173.4951
7.558	 2.66	 2	 -41.9101	  173.9171
7.560	 2.07	 1	 -41.7138	  174.2668
7.561	 2.01	 1	 -42.3191	  173.7183
7.562	 2.78	 1	 -41.9031	  174.0242
7.562	 3.49	 3	 -41.6934	  174.1041
7.564	 2.95	 1	 -42.1754	  173.3572
7.566	 3.32	 3	 -41.7499	  174.3549
7.566	 3.12	 1	 -42.3205	  173.9406
7.566	 2.13	 1	 -40.9577	  174.2640
7.568	 2.46	 3	 -41.3512	  173.7916
7.571	 2.89	 2	 -41.8624	  174.4026
7.571	 2.10	 2	 -41.6786	  174.2545
7.572	 2.96	 2	 -42.7653	  173.2363
7.573	 2.21	 1	 -42.9609	  173.2674
7.574	 2.17	 1	 -41.7388	  174.2836
7.576	 2.05	 1	 -42.3574	  173.8077
7.576	 2.23	 1	 -42.2478	  173.4959
7.577	 2.51	 3	 -41.6973	  174.2140
7.578	 2.35	 1	 -41.6546	  174.1110
7.578	 2.29	 2	 -43.0230	  172.8834
7.579	 2.20	 2	 -44.2863	  169.6922
7.581	 2.10	 1	 -42.3605	  173.6702
7.582	 2.18	 3	 -41.7146	  174.2290
7.583	 2.01	 4	 -42.5856	  172.9204
7.583	 2.06	 1	 -42.1838	  173.4843
7.584	 2.19	 2	 -42.0846	  173.6142
7.584	 2.00	 2	 -44.4017	  169.4949
7.585	 2.38	 2	 -42.5591	  172.7938
7.585	 2.40	 2	 -41.8072	  174.2588
7.585	 2.02	 1	 -41.6989	  174.2889
7.587	 3.43	 1	 -42.2496	  173.5362
7.587	 2.19	 1	 -42.2632	  172.6718
7.587	 2.01	 1	 -42.7207	  173.0581
7.588	 2.28	 4	 -41.6627	  174.2384
7.589	 2.84	 1	 -42.0331	  173.7597
7.590	 2.06	 2	 -42.7993	  172.7023
7.590	 2.95	 3	 -42.5874	  172.9118
7.592	 2.10	 3	 -42.5521	  173.9736
7.593	 2.39	 2	 -43.1663	  173.1231
7.595	 2.56	 4	 -41.7489	  174.2810
7.596	 2.28	 2	 -42.5039	  173.3880
7.597	 2.85	 2	 -42.6081	  173.1001
7.598	 2.58	 3	 -44.2988	  169.6347
7.598	 2.09	 2	 -42.1457	  173.6075
7.599	 2.31	 2	 -44.7073	  169.6560
7.599	 2.39	 1	 -42.5770	  173.1048
7.600	 3.32	 1	 -42.5529	  173.2399
7.602	 2.24	 2	 -41.8279	  174.0237
7.604	 2.12	 2	 -42.6039	  171.9503
7.605	 2.11	 1	 -42.0336	  173.7337
7.606	 2.34	 3	 -42.7006	  173.0542
7.606	 2.14	 1	 -42.7953	  173.1498
7.607	 2.44	 1	 -42.2189	  173.5046
7.607	 2.05	 1	 -42.0136	  173.4668
7.607	 2.98	 2	 -44.3286	  169.5927
7.608	 2.96	 1	 -41.8655	  173.2765
7.608	 2.32	 2	 -41.7118	  174.2826
7.608	 3.57	 1	 -41.8396	  173.9772
7.608	 2.17	 1	 -42.5995	  173.1016
7.608	 2.25	 1	 -42.5800	  173.3144
7.610	 2.35	 5	 -42.5925	  173.8875
7.611	 2.79	 5	 -41.7597	  174.2184
7.612	 2.18	 2	 -42.6324	  173.0169
7.614	 2.31	 2	 -42.3332	  174.1739
7.614	 2.27	 1	 -41.6787	  174.1988
7.614	 2.06	 1	 -42.7064	  173.6406
7.621	 3.34	 1	 -42.2780	  171.5231
7.622	 2.98	 1	 -42.5934	  173.4613
7.626	 2.34	 2	 -42.2428	  173.6803
7.626	 2.77	 2	 -42.8881	  174.1650
7.626	 2.39	 3	 -41.6961	  174.4205
7.627	 2.03	 2	 -42.8870	  172.8790
7.627	 3.42	 2	 -41.6648	  174.1982
7.628	 2.07	 1	 -42.0887	  173.5709
7.632	 2.69	 4	 -41.6088	  174.3104
7.633	 2.09	 1	 -42.4011	  174.1538
7.635	 2.40	 1	 -41.6819	  174.3085
7.635	 2.19	 1	 -42.5513	  173.8981
7.635	 2.10	 1	 -41.5292	  174.2366
7.636	 2.21	 1	 -42.2827	  173.2484
7.637	 2.00	 1	 -42.5149	  173.9492
7.638	 2.85	 1	 -42.3638	  173.4547
7.639	 2.04	 1	 -42.3634	  173.5320
7.642	 2.92	 1	 -42.3064	  173.2991
7.642	 2.83	 1	 -42.4001	  173.4043
7.642	 2.25	 1	 -42.2629	  173.5875
7.643	 2.10	 1	 -41.7264	  174.2504
7.646	 2.09	 2	 -41.6665	  174.2616
7.648	 3.47	 1	 -42.1345	  173.6805
7.648	 2.56	 2	 -41.9143	  174.2793
7.650	 2.37	 2	 -42.2738	  174.0019
7.650	 2.20	 1	 -42.2078	  173.0630
7.651	 2.76	 2	 -41.6713	  174.3536
7.652	 2.12	 1	 -41.7532	  174.2475
7.652	 2.51	 3	 -42.5382	  173.3908
7.653	 2.05	 1	 -41.6879	  176.0638
7.654	 2.85	 2	 -42.2735	  173.7478
7.655	 2.04	 1	 -42.4640	  173.1030
7.655	 2.29	 1	 -41.8385	  174.1567
7.655	 3.17	 1	 -38.6836	  173.2010
7.656	 2.03	 2	 -44.4847	  169.8023
7.656	 2.33	 1	 -42.6044	  173.0160
7.657	 2.27	 3	 -41.6045	  174.4526
7.659	 2.44	 1	 -42.3461	  173.6745
7.660	 2.01	 3	 -42.6632	  173.5196
7.660	 2.32	 4	 -42.5813	  173.9606
7.661	 2.84	 2	 -41.8416	  175.0893
7.662	 2.65	 1	 -42.3392	  173.2862
7.662	 2.43	 2	 -44.3536	  169.6053
7.664	 2.27	 2	 -41.8601	  174.1582
7.665	 2.50	 2	 -42.8544	  173.1419
7.666	 2.20	 1	 -42.1082	  173.5691
7.666	 2.61	 2	 -42.4066	  173.7157
7.666	 2.85	 1	 -42.9110	  173.9432
7.666	 2.01	 1	 -41.8348	  174.1134
7.667	 2.61	 1	 -42.3293	  173.6660
7.669	 2.01	 1	 -42.1487	  174.0745
7.669	 2.26	 3	 -40.5660	  174.7633
7.670	 2.55	 1	 -42.2029	  173.6319
7.670	 2.50	 1	 -41.7800	  174.3070
7.671	 2.31	 1	 -42.2832	  173.9223
7.672	 3.00	 1	 -42.3843	  173.1846
7.673	 2.29	 4	 -42.6417	  172.6730
7.675	 2.09	 3	 -41.6526	  174.1411
7.675	 2.09	 2	 -42.1334	  173.7625
7.676	 2.35	 1	 -42.0810	  173.0354
7.676	 2.42	 3	 -41.6206	  174.1264
7.677	 3.10	 1	 -41.8987	  174.0834
7.678	 2.31	 2	 -44.4124	  169.6600
7.679	 2.10	 2	 -44.3991	  169.6729
7.680	 2.29	 1	 -41.6202	  174.3443
7.680	 2.20	 2	 -43.8995	  169.2345
7.681	 2.45	 1	 -42.9825	  173.3347
7.682	 2.37	 2	 -44.2019	  169.3883
7.685	 2.13	 1	 -41.6639	  174.1982
7.685	 3.45	 1	 -42.3680	  173.7505
7.686	 3.31	 1	 -41.7731	  174.2533
7.686	 2.06	 2	 -42.2704	  173.5594
7.686	 2.18	 2	 -41.7167	  174.1489
7.686	 2.31	 1	 -42.4790	  173.1423
7.688	 2.75	 1	 -41.7100	  174.1398
7.689	 2.91	 1	 -42.0108	  173.6927
7.690	 2.73	 3	 -42.6330	  172.6770
7.691	 3.99	 1	 -42.2884	  173.7435
7.692	 2.07	 2	 -42.6983	  175.2988
7.693	 2.34	 1	 -42.6949	  173.3034
7.694	 2.76	 1	 -41.7112	  173.5726
7.695	 2.34	 1	 -41.6395	  174.1721
7.695	 2.43	 2	 -42.7743	  172.1656
7.695	 2.17	 2	 -42.9314	  176.5150
7.696	 2.11	 3	 -41.6754	  174.2204
7.696	 2.10	 1	 -42.1327	  173.8568
7.697	 2.65	 1	 -42.3703	  176.7821
7.700	 2.82	 1	 -42.2492	  173.8136
7.701	 2.01	 4	 -42.5856	  173.3509
7.701	 2.25	 3	 -42.5578	  173.9474
7.701	 2.27	 1	 -42.8119	  173.6277
7.703	 3.10	 2	 -42.4632	  173.8678
7.704	 2.97	 1	 -41.9316	  174.4003
7.705	 2.26	 1	 -43.9098	  173.6810
7.705	 2.25	 1	 -42.4148	  173.7699
7.706	 2.90	 3	 -44.2659	  169.5263
7.706	 4.16	 2	 -44.4503	  169.2907
7.707	 2.37	 3	 -42.7947	  173.0151
7.707	 2.55	 1	 -40.6748	  178.4894
7.708	 2.25	 2	 -42.2363	  172.9460
7.710	 2.14	 3	 -44.4402	  169.2644
7.712	 2.63	 1	 -43.0272	  172.8693
7.713	 2.07	 1	 -41.8101	  174.2771
7.713	 2.24	 1	 -41.8001	  174.2171
7.714	 2.29	 4	 -44.4418	  179.0846
7.715	 2.10	 3	 -41.7228	  174.2611
7.717	 2.07	 5	 -44.6590	  169.8739
7.717	 2.43	 1	 -42.0707	  173.8330
7.718	 2.62	 1	 -42.7226	  172.9133
7.719	 2.38	 1	 -42.2781	  173.6951
7.720	 2.44	 2	 -41.7574	  174.3804
7.720	 2.56	 1	 -42.6615	  173.0535
7.721	 2.79	 3	 -42.4662	  173.2586
7.722	 2.70	 1	 -42.2116	  174.0658
7.722	 2.12	 2	 -42.5544	  173.1769
7.723	 2.02	 3	 -41.6860	  174.4390
7.723	 2.07	 1	 -41.6870	  174.1639
7.724	 2.96	 2	 -44.1053	  167.4757
7.724	 2.05	 2	 -42.4702	  173.0171
7.724	 2.30	 2	 -41.7439	  174.2761
7.724	 2.42	 3	 -41.7616	  174.2807
7.724	 3.66	 1	 -41.9210	  173.7827
7.725	 2.59	 3	 -42.5774	  172.7429
7.725	 2.25	 1	 -42.3039	  173.8689
7.725	 2.30	 2	 -42.2306	  173.6324
7.729	 2.76	 2	 -42.5925	  173.4719
7.730	 2.02	 1	 -46.0063	  169.3805
7.730	 2.88	 3	 -42.3914	  173.1340
7.731	 2.12	 2	 -42.3655	  173.4467
7.731	 2.26	 1	 -42.7863	  172.9806
7.732	 2.42	 3	 -42.7315	  172.7932
7.733	 3.37	 1	 -42.3972	  173.8420
7.734	 2.68	 1	 -42.0457	  173.7634
7.734	 2.15	 2	 -41.7221	  174.3045
7.735	 2.11	 1	 -42.1460	  173.7807
7.736	 2.03	 3	 -41.6518	  174.2441
7.738	 2.15	 3	 -42.5798	  174.6401
7.738	 2.52	 1	 -37.7897	  174.4800
7.739	 2.15	 1	 -42.1261	  175.0265
7.739	 2.47	 3	 -42.7773	  172.2980
7.740	 2.17	 4	 -40.7154	  174.7576
7.740	 2.09	 1	 -42.5596	  172.9741
7.741	 2.54	 5	 -39.9494	  173.2614
7.741	 2.35	 2	 -42.3207	  173.1448
7.743	 2.46	 1	 -42.7559	  172.9552
7.744	 2.83	 2	 -41.7008	  174.2399
7.745	 2.49	 1	 -42.3020	  173.5950
7.746	 2.60	 2	 -42.2906	  173.7166
7.749	 2.88	 1	 -42.1324	  173.6817
7.752	 2.47	 1	 -42.0420	  173.7249
7.753	 2.28	 3	 -41.7332	  174.1261
7.754	 3.10	 1	 -43.3315	  172.7523
7.754	 2.89	 2	 -42.3434	  173.2530
7.756	 2.72	 1	 -41.8458	  174.3716
7.758	 2.32	 1	 -42.3863	  174.0598
7.758	 2.18	 1	 -42.8061	  172.3155
7.760	 2.47	 3	 -44.4661	  169.2938
7.761	 2.21	 2	 -42.3635	  173.8130
7.761	 2.00	 2	 -42.4553	  172.4924
7.761	 2.95	 1	 -42.0591	  173.8203
7.763	 3.22	 1	 -41.7843	  174.3176
7.764	 2.14	 1	 -41.7611	  174.3416
7.765	 2.53	 1	 -41.6714	  174.2721
7.766	 2.01	 2	 -42.1279	  173.6330
7.767	 2.14	 1	 -42.0463	  173.7340
7.767	 2.08	 1	 -42.3236	  173.2494
7.767	 2.04	 2	 -44.3422	  169.5422
7.769	 3.15	 3	 -43.0324	  172.0882
7.770	 2.66	 2	 -42.6379	  172.7768
7.770	 2.99	 2	 -42.1359	  172.7449
7.770	 2.00	 1	 -42.3202	  174.0125
7.771	 2.26	 1	 -42.4008	  172.9492
7.771	 2.58	 2	 -40.9838	  175.6064
7.771	 2.04	 1	 -42.6482	  172.8830
7.771	 2.05	 2	 -41.6277	  174.3889
7.772	 3.12	 1	 -42.1103	  173.6331
7.772	 2.11	 1	 -42.4838	  172.4000
7.773	 2.02	 1	 -42.0807	  172.8950
7.773	 2.35	 1	 -42.1427	  173.6083
7.773	 2.20	 3	 -41.6761	  174.4507
7.774	 2.67	 1	 -42.5203	  173.1320
7.774	 2.29	 1	 -41.8211	  174.0427
7.776	 2.06	 2	 -41.9933	  173.5617
7.776	 2.09	 2	 -42.3651	  174.0161
7.777	 2.15	 1	 -42.3354	  173.9643
7.777	 2.21	 2	 -41.6251	  174.1979
7.777	 2.56	 1	 -41.9637	  173.6918
7.778	 2.85	 2	 -41.7313	  174.1729
7.778	 3.20	 1	 -42.7263	  172.8445
7.781	 2.42	 2	 -42.3663	  173.5286
7.781	 2.51	 3	 -41.6669	  174.1647
7.781	 2.07	 2	 -41.7591	  174.2949
7.782	 2.76	 1	 -41.8409	  174.2307
7.782	 2.06	 1	 -42.3312	  173.6698
7.782	 2.24	 1	 -42.1850	  172.9510
7.783	 2.21	 1	 -42.2059	  173.8410
7.786	 2.07	 2	 -41.6953	  174.2944
7.787	 2.04	 1	 -41.5685	  174.4638
7.788	 2.13	 2	 -41.7301	  173.9675
7.789	 2.60	 5	 -44.4370	  179.0781
7.789	 2.38	 1	 -42.4469	  173.1720
7.790	 2.32	 2	 -39.1101	  176.6021
7.790	 2.07	 2	 -44.3753	  169.4787
7.791	 2.30	 1	 -42.9869	  172.2802
7.791	 2.12	 2	 -41.7912	  174.2808
7.793	 2.08	 1	 -42.7603	  172.9317
7.794	 2.03	 1	 -42.3938	  173.2562
7.794	 2.58	 1	 -42.3334	  173.7389
7.795	 2.09	 1	 -42.2715	  173.6983
7.799	 3.50	 1	 -41.9700	  174.1647
7.800	 2.19	 1	 -42.1407	  173.6017
7.800	 2.46	 1	 -41.8204	  174.2277
7.800	 2.07	 4	 -41.6549	  174.0342
7.801	 2.07	 1	 -42.8921	  173.2231
7.803	 3.11	 1	 -41.9349	  174.5696
7.805	 2.26	 1	 -41.7775	  174.2452
7.805	 2.16	 1	 -42.9658	  172.8295
7.806	 2.00	 1	 -42.3945	  173.1284
7.807	 2.36	 2	 -41.6967	  174.2215
7.810	 2.06	 2	 -42.8550	  173.3300
7.810	 2.91	 3	 -42.0896	  173.8086
7.810	 2.34	 2	 -42.7323	  173.0381
7.812	 2.19	 2	 -42.7490	  171.9771
7.816	 2.74	 1	 -42.2800	  173.8752
7.816	 2.18	 2	 -42.5156	  173.0030
7.820	 2.27	 2	 -42.8429	  173.2670
7.821	 2.18	 3	 -41.7131	  174.3147
7.821	 2.09	 1	 -41.7787	  174.1346
7.822	 2.81	 1	 -42.5470	  173.0452
7.822	 2.29	 1	 -41.6464	  174.1763
7.823	 2.96	 3	 -41.6739	  174.3396
7.824	 2.34	 3	 -41.6543	  174.2220
7.824	 2.08	 5	 -41.7519	  174.2129
7.826	 2.09	 1	 -42.2345	  173.5690
7.826	 3.13	 1	 -42.4178	  173.7221
7.827	 2.30	 2	 -43.0816	  176.4276
7.828	 2.05	 2	 -43.0536	  172.7527
7.829	 2.40	 2	 -41.8223	  174.8781
7.829	 2.06	 1	 -42.1101	  173.2409
7.829	 2.22	 1	 -42.6422	  172.9971
7.829	 2.05	 1	 -42.3889	  173.9788
7.831	 2.28	 1	 -41.6903	  174.2995
7.834	 2.01	 3	 -41.8902	  173.4962
7.834	 2.07	 1	 -41.8866	  174.2806
7.835	 2.45	 2	 -41.9639	  174.1503
7.836	 2.16	 2	 -41.7334	  174.2543
7.836	 2.12	 2	 -44.3262	  169.4716
7.837	 2.58	 1	 -42.3387	  172.9100
7.837	 2.04	 1	 -42.5391	  173.8641
7.838	 2.55	 2	 -42.7413	  173.0364
7.839	 2.59	 1	 -42.6581	  173.4878
7.840	 2.58	 1	 -41.7159	  174.3167
7.843	 2.03	 1	 -42.4870	  173.4752
7.843	 2.82	 1	 -43.0300	  173.0156
7.845	 2.64	 1	 -42.3582	  173.8973
7.845	 3.21	 1	 -42.8886	  172.3413
7.848	 2.13	 2	 -42.8896	  173.2346
7.849	 3.64	 1	 -41.7963	  174.2596
7.850	 2.36	 1	 -42.4621	  173.1985
7.851	 2.89	 2	 -44.3530	  169.7677
7.851	 2.05	 2	 -41.7270	  174.3321
7.853	 2.70	 1	 -42.5790	  172.9273
7.853	 2.07	 3	 -41.6227	  174.2303
7.856	 2.69	 2	 -42.1036	  173.6367
7.856	 2.12	 3	 -41.6665	  174.2163
7.856	 2.39	 2	 -41.6955	  174.1935
7.857	 2.79	 1	 -42.5604	  173.6249
7.858	 3.24	 1	 -41.7920	  174.2979
7.862	 2.14	 3	 -41.6838	  174.1663
7.864	 2.08	 1	 -42.8283	  172.8349
7.865	 2.63	 2	 -41.6815	  174.2420
7.866	 2.01	 1	 -42.1429	  173.9447
7.866	 2.45	 4	 -41.8017	  174.2456
7.869	 2.10	 1	 -42.4919	  173.5182
7.870	 3.27	 3	 -44.4539	  169.2649
7.870	 2.18	 2	 -42.0821	  173.7859
7.871	 2.01	 2	 -42.3830	  173.8839
7.873	 3.20	 4	 -38.0716	  171.4435
7.873	 2.20	 1	 -42.8044	  173.6465
7.875	 2.33	 1	 -41.7124	  174.2684
7.875	 2.52	 2	 -42.0257	  173.6776
7.876	 2.74	 3	 -41.6581	  174.2460
7.876	 2.02	 1	 -42.3676	  174.0028
7.877	 2.07	 3	 -41.6599	  174.3160
7.878	 2.44	 2	 -41.8703	  173.4794
7.878	 2.08	 1	 -42.4799	  173.0696
7.879	 2.33	 1	 -41.7098	  173.4716
7.881	 2.45	 1	 -41.6898	  174.3156
7.882	 2.31	 1	 -41.8726	  174.2747
7.882	 3.59	 1	 -42.7102	  172.8291
7.883	 2.33	 1	 -42.2865	  173.6542
7.885	 2.08	 1	 -41.7578	  174.2777
7.886	 2.86	 2	 -42.3041	  173.7875
7.888	 3.04	 1	 -41.9053	  173.2166
7.889	 2.16	 2	 -41.6870	  174.2624
7.890	 2.03	 3	 -41.6595	  174.4225
7.891	 2.33	 1	 -41.7584	  174.3055
7.891	 2.20	 2	 -41.6795	  174.2181
7.891	 2.34	 2	 -42.0654	  174.0452
7.893	 2.03	 5	 -42.5156	  172.8693
7.893	 2.06	 1	 -41.8127	  174.2381
7.894	 2.38	 3	 -42.2910	  173.7160
7.894	 2.48	 1	 -41.8285	  174.2192
7.895	 2.36	 2	 -44.2303	  169.6162
7.895	 2.03	 2	 -44.0948	  169.0451
7.895	 2.96	 2	 -42.2368	  174.0559
7.898	 2.14	 1	 -41.4756	  173.7181
7.899	 2.78	 1	 -42.8936	  171.9205
7.899	 2.01	 3	 -41.6471	  174.9083
7.901	 2.61	 1	 -42.5880	  173.1139
7.901	 3.19	 1	 -42.4766	  173.9185
7.902	 3.42	 3	 -41.7414	  174.1629
7.903	 2.90	 2	 -42.4248	  173.1497
7.903	 2.43	 1	 -42.1442	  173.5454
7.903	 2.44	 2	 -44.2994	  169.6149
7.904	 3.43	 3	 -42.6021	  172.9239
7.904	 2.17	 2	 -42.4719	  173.5219
7.904	 2.00	 2	 -44.3887	  169.4764
7.907	 2.42	 2	 -42.2180	  173.6067
7.907	 3.48	 1	 -42.2643	  173.3851
7.909	 2.03	 2	 -44.3313	  169.5822
7.909	 3.27	 1	 -42.3221	  173.6843
7.910	 2.28	 2	 -43.1317	  173.3577
7.911	 2.21	 1	 -41.7871	  174.2925
7.914	 2.79	 1	 -42.2509	  173.5296
7.914	 2.54	 1	 -42.2127	  173.9093
7.915	 2.22	 3	 -44.3366	  169.2569
7.916	 2.24	 2	 -42.3564	  173.9062
7.918	 2.48	 1	 -42.3856	  173.0477
7.919	 2.77	 3	 -41.6727	  174.2209
7.920	 2.11	 1	 -42.6091	  172.9156
7.921	 2.08	 1	 -42.4704	  172.6577
7.923	 2.22	 1	 -42.4114	  173.3450
7.923	 2.02	 1	 -42.3902	  173.2785
7.924	 2.19	 1	 -42.4647	  173.8114
7.925	 2.73	 1	 -43.4204	  172.5706
7.925	 2.64	 2	 -41.8005	  174.2511
7.926	 2.05	 2	 -42.7708	  172.3120
7.926	 2.60	 1	 -42.6072	  173.0100
7.930	 2.20	 1	 -42.4334	  173.1867
7.930	 2.01	 1	 -42.4715	  173.7601
7.931	 2.36	 2	 -41.7762	  174.1633
7.932	 4.16	 2	 -42.3649	  173.7484
7.933	 2.07	 1	 -43.7636	  174.9516
7.936	 2.23	 1	 -42.5808	  173.0540
7.936	 2.12	 1	 -41.7765	  174.2092
7.936	 2.25	 1	 -41.7949	  174.2237
7.937	 2.71	 1	 -41.6891	  174.2379
7.937	 2.24	 1	 -42.2267	  173.7878
7.937	 2.17	 1	 -41.7985	  174.1455
7.939	 2.06	 1	 -43.3529	  173.9990
7.939	 2.00	 3	 -41.6651	  174.2666
7.940	 2.24	 2	 -42.5739	  172.9669
7.941	 3.92	 1	 -42.2189	  174.0809
7.941	 2.54	 1	 -43.7905	  170.9913
7.943	 2.00	 2	 -44.3624	  169.5428
7.943	 2.06	 1	 -41.9015	  174.1492
7.945	 2.31	 1	 -42.5435	  173.3117
7.946	 2.02	 2	 -45.1022	  169.2268
7.948	 2.83	 1	 -41.9386	  174.3389
7.948	 2.49	 2	 -41.7382	  173.9832
7.948	 2.60	 3	 -42.4377	  173.1382
7.948	 2.69	 1	 -42.4954	  173.2657
7.949	 2.27	 1	 -41.7889	  174.2377
7.950	 2.40	 2	 -42.7936	  172.1528
7.950	 2.42	 2	 -42.3808	  173.9025
7.951	 3.62	 2	 -43.1793	  173.0930
7.953	 2.47	 1	 -42.2619	  173.7456
7.954	 2.78	 2	 -44.2705	  169.5807
7.954	 2.34	 2	 -42.3723	  173.7482
7.954	 3.92	 1	 -41.7364	  174.2377
7.954	 2.06	 1	 -41.8470	  174.1986
7.958	 2.55	 2	 -41.6622	  174.2873
7.962	 2.43	 1	 -41.8974	  173.7337
7.963	 2.69	 3	 -42.3604	  173.6557
7.963	 2.44	 2	 -42.0444	  173.7140
7.964	 2.28	 2	 -41.8963	  174.5617
7.964	 2.10	 2	 -41.9325	  173.7854
7.965	 2.03	 2	 -41.8033	  174.1811
7.968	 2.01	 3	 -41.4965	  174.3506
7.968	 3.00	 2	 -41.6739	  174.2620
7.969	 2.57	 1	 -41.7354	  174.3319
7.970	 2.07	 2	 -41.6975	  174.1777
7.972	 2.56	 3	 -41.7061	  174.1528
7.973	 2.26	 1	 -41.9255	  174.0133
7.973	 3.08	 2	 -41.5302	  173.5346
7.974	 2.45	 1	 -42.3586	  174.0209
7.975	 3.07	 1	 -42.5153	  173.0726
7.976	 2.16	 1	 -42.3925	  173.4050
7.978	 2.48	 2	 -41.6709	  174.3368
7.978	 2.06	 3	 -41.8067	  174.2666
7.979	 2.16	 1	 -40.3988	  167.7601
7.979	 2.05	 2	 -44.4626	  169.5418
7.981	 2.06	 1	 -42.5370	  173.4076
7.982	 2.17	 2	 -44.3818	  169.6326
7.982	 2.35	 2	 -42.3954	  173.8409
7.982	 2.11	 2	 -43.8607	  169.4929
7.983	 2.20	 1	 -42.8321	  173.1031
7.984	 2.24	 1	 -42.7126	  173.2810
7.985	 2.65	 1	 -41.7413	  174.3088
7.986	 2.11	 1	 -42.0067	  172.9137
7.986	 2.59	 2	 -42.7975	  172.9426
7.987	 2.80	 1	 -42.2847	  173.6018
7.988	 4.05	 1	 -42.3224	  173.7886
7.989	 2.03	 3	 -42.4592	  172.6940
7.989	 2.79	 3	 -42.7773	  172.1709
7.990	 2.40	 1	 -43.3183	  173.8393
7.990	 2.18	 2	 -42.2793	  171.5305
7.992	 2.10	 1	 -42.3942	  174.0352
7.994	 2.07	 2	 -41.7363	  174.1607
7.995	 2.42	 2	 -44.3284	  169.5572
7.995	 2.23	 1	 -42.3180	  173.5103
7.996	 2.01	 1	 -42.4794	  173.6531
7.997	 2.99	 4	 -42.4636	  173.2098
7.998	 2.45	 1	 -43.0856	  172.8676
7.999	 2.44	 2	 -42.2653	  173.7290
7.999	 2.19	 1	 -42.2528	  173.6920
8.000	 2.44	 1	 -42.0899	  173.3969
8.000	 2.47	 1	 -42.4748	  173.0807
8.002	 2.76	 1	 -42.0175	  173.8155
8.005	 2.56	 1	 -43.3637	  172.5668
8.007	 2.06	 2	 -42.3080	  173.7416
8.009	 2.03	 2	 -41.9300	  174.4075
8.010	 2.28	 1	 -42.5950	  173.2810
8.013	 2.04	 3	 -42.5585	  172.9962
8.014	 2.19	 1	 -42.1121	  173.5150
8.014	 2.60	 1	 -42.0389	  173.7466
8.019	 2.21	 3	 -41.6657	  174.2845
8.020	 2.05	 1	 -41.8034	  174.2006
8.020	 2.03	 2	 -42.0165	  173.8139
8.021	 2.55	 2	 -41.8295	  174.2531
8.022	 2.52	 2	 -42.3604	  173.3027
8.024	 3.40	 4	 -42.6385	  172.6355
8.024	 2.10	 3	 -41.5843	  174.2545
8.025	 2.53	 2	 -41.5512	  174.3979
8.025	 3.76	 3	 -41.6610	  174.2271
8.026	 2.03	 1	 -41.7202	  174.1488
8.026	 2.03	 1	 -41.7205	  174.2960
8.026	 2.39	 2	 -41.7381	  174.1691
8.027	 2.16	 1	 -42.4197	  173.6538
8.028	 2.62	 1	 -41.7769	  174.2234
8.029	 2.33	 1	 -42.8061	  173.0590
8.030	 3.71	 2	 -42.7301	  173.4408
8.031	 2.24	 4	 -43.1268	  173.7260
8.032	 4.43	 2	 -44.3303	  169.7053
8.033	 2.27	 1	 -42.1806	  173.7920
8.035	 2.34	 2	 -42.1500	  173.6517
8.035	 2.57	 3	 -41.6259	  174.3904
8.036	 2.64	 1	 -41.8401	  174.2905
8.037	 2.48	 1	 -42.0069	  173.6249
8.037	 3.02	 1	 -42.2557	  173.9408
8.037	 2.53	 1	 -47.1823	  173.3595
8.041	 2.10	 2	 -41.9600	  173.2614
8.041	 2.29	 1	 -42.4722	  173.7149
8.042	 3.26	 1	 -41.8343	  174.2061
8.043	 2.08	 2	 -41.8252	  174.3472
8.044	 3.47	 1	 -41.8121	  174.0464
8.045	 2.17	 1	 -42.3701	  173.1594
8.046	 2.64	 2	 -44.3978	  169.6053
8.047	 2.12	 1	 -41.9059	  173.8383
8.048	 2.41	 2	 -42.0487	  173.7580
8.049	 2.24	 1	 -42.5636	  176.0683
8.049	 2.00	 1	 -42.5512	  173.3399
8.050	 2.30	 1	 -41.9031	  173.9759
8.050	 2.15	 2	 -41.5183	  174.1871
8.050	 2.55	 2	 -42.3181	  173.9379
8.051	 2.03	 1	 -42.8395	  173.0598
8.051	 3.24	 2	 -41.6773	  174.1504
8.052	 2.18	 1	 -42.1116	  173.8384
8.053	 2.20	 1	 -42.3261	  173.7888
8.053	 2.82	 2	 -42.9489	  173.9737
8.053	 3.36	 1	 -42.4869	  173.0551
8.053	 2.80	 1	 -42.5105	  173.0697
8.054	 2.71	 2	 -42.7604	  172.3985
8.054	 2.33	 2	 -42.1662	  173.8882
8.055	 2.01	 1	 -42.1361	  173.5237
8.056	 2.11	 1	 -42.5712	  173.1155
8.056	 2.05	 1	 -42.9992	  172.7154
8.057	 3.16	 4	 -42.5555	  173.1472
8.057	 2.58	 1	 -42.3094	  173.6694
8.061	 2.17	 1	 -41.6824	  174.4052
8.061	 2.02	 1	 -42.3740	  173.9112
8.063	 3.01	 2	 -44.3536	  169.4838
8.063	 2.35	 3	 -44.3203	  169.7051
8.064	 2.22	 1	 -42.1845	  173.7242
8.069	 2.15	 3	 -41.6710	  174.2419
8.069	 2.32	 3	 -41.6931	  174.4462
8.071	 2.03	 2	 -42.4649	  173.2386
8.072	 2.00	 1	 -42.3833	  173.2488
8.072	 2.10	 1	 -42.3710	  173.7719
8.073	 2.04	 2	 -42.8123	  172.8619
8.077	 2.64	 2	 -41.7305	  174.1705
8.079	 2.02	 2	 -42.4720	  173.3982
8.079	 3.65	 2	 -41.7031	  174.2822
8.081	 2.05	 1	 -42.3740	  173.0984
8.082	 2.36	 1	 -41.6956	  174.1598
8.083	 2.28	 1	 -42.2106	  173.4002
8.084	 2.01	 2	 -41.7148	  174.1909
8.085	 2.14	 4	 -41.7489	  174.1775
8.086	 2.05	 3	 -41.6420	  174.2041
8.087	 2.24	 1	 -42.3903	  173.5975
8.088	 2.91	 3	 -41.6119	  174.2821
8.089	 2.03	 1	 -41.6243	  174.0927
8.090	 2.16	 1	 -42.3430	  173.7620
8.090	 2.62	 2	 -42.2899	  173.7406
8.090	 2.83	 3	 -39.1101	  176.6017
8.091	 2.73	 1	 -42.3467	  174.0889
8.093	 2.63	 1	 -42.4714	  173.1665
8.093	 2.05	 1	 -40.0557	  178.3685
8.093	 2.02	 2	 -41.6557	  174.0674
8.094	 2.22	 3	 -42.5990	  174.0802
8.094	 2.36	 1	 -42.3483	  173.8898
8.095	 2.20	 1	 -42.4782	  173.4859
8.098	 2.52	 1	 -42.4483	  173.1250
8.100	 2.64	 1	 -42.2891	  173.8983
8.101	 2.22	 4	 -41.7759	  173.9854
8.102	 2.01	 3	 -42.7824	  173.5001
8.103	 2.36	 2	 -42.3723	  173.0898
8.103	 2.36	 1	 -42.4698	  174.2524
8.105	 2.22	 2	 -42.3128	  173.8468
8.105	 3.10	 5	 -42.6322	  172.6321
8.105	 3.31	 1	 -42.1288	  173.5946
8.106	 2.57	 2	 -42.5056	  173.0741
8.107	 2.46	 1	 -42.2761	  173.6844
8.107	 2.12	 4	 -42.3898	  173.1189
8.108	 2.08	 1	 -42.6506	  172.1750
8.108	 3.70	 3	 -41.6649	  174.3365
8.110	 2.20	 1	 -42.3913	  173.6423
8.110	 2.21	 4	 -40.9733	  175.4691
8.111	 2.49	 2	 -41.6485	  174.2894
8.112	 2.09	 3	 -44.3869	  169.7022
8.113	 2.03	 1	 -42.5791	  174.1752
8.115	 2.57	 1	 -47.1729	  173.5419
8.116	 2.03	 1	 -41.7514	  174.3028
8.117	 2.79	 2	 -41.6497	  174.3083
8.117	 2.08	 1	 -41.8167	  174.0367
8.118	 2.86	 2	 -44.9765	  169.7789
8.120	 2.58	 1	 -42.6064	  173.2645
8.120	 2.46	 2	 -42.0723	  173.5977
8.121	 3.15	 2	 -42.3545	  173.8227
8.123	 2.26	 1	 -42.4400	  173.1309
8.124	 2.04	 1	 -40.4428	  171.9358
8.124	 2.18	 1	 -41.7111	  174.2504
8.125	 2.15	 2	 -41.6754	  174.2601
8.125	 2.05	 3	 -41.6718	  174.2508
8.125	 3.01	 1	 -41.7095	  174.2985
8.128	 2.36	 1	 -41.8035	  174.1753
8.129	 2.03	 2	 -41.6382	  174.2266
8.130	 2.11	 3	 -41.8382	  174.2800
8.130	 3.01	 2	 -41.9125	  173.4527
8.131	 2.34	 2	 -44.3760	  169.5970
8.132	 2.37	 3	 -41.7302	  174.2530
8.132	 2.83	 1	 -42.5428	  172.8938
8.135	 3.15	 1	 -41.9913	  173.9547
8.136	 2.63	 3	 -41.7587	  174.5574
8.139	 2.12	 1	 -41.7202	  174.2386
8.139	 2.07	 1	 -43.2594	  174.0050
8.139	 2.21	 1	 -42.3643	  173.5987
8.140	 2.75	 1	 -41.6919	  174.2708
8.140	 2.49	 2	 -44.3319	  169.6173
8.141	 2.17	 1	 -41.7507	  174.2816
8.142	 2.70	 1	 -42.0456	  173.6898
8.142	 2.02	 2	 -44.4697	  169.5467
8.145	 2.17	 3	 -41.6694	  174.2360
8.146	 2.48	 2	 -41.9490	  174.0405
8.146	 2.97	 2	 -42.3099	  173.7553
8.147	 2.18	 2	 -43.0532	  172.5758
8.148	 2.31	 2	 -41.9602	  174.3239
8.148	 2.71	 2	 -42.8319	  172.2560
8.148	 2.16	 1	 -41.8947	  173.7871
8.149	 2.13	 2	 -42.7959	  172.2943
8.149	 3.88	 2	 -41.8658	  173.2772
8.150	 2.50	 4	 -41.6857	  174.3221
8.151	 2.07	 1	 -42.4705	  173.1742
8.151	 2.34	 1	 -42.5807	  172.9449
8.154	 3.27	 1	 -42.5942	  173.2133
8.156	 2.35	 1	 -42.4054	  173.4521
8.158	 2.54	 1	 -42.4380	  173.8418
8.159	 2.30	 2	 -42.3693	  173.8860
8.160	 2.01	 1	 -41.9122	  173.5790
8.160	 3.76	 2	 -42.9049	  173.3046
8.163	 2.06	 1	 -42.5885	  173.1888
8.163	 2.59	 2	 -42.8795	  173.2691
8.164	 2.51	 2	 -42.2275	  173.7747
8.168	 2.08	 1	 -41.7659	  174.2818
8.168	 2.04	 1	 -42.3253	  173.9829
8.172	 2.29	 3	 -42.4484	  173.2112
8.173	 3.05	 3	 -42.3245	  173.9369
8.173	 2.91	 3	 -42.2469	  174.1316
8.174	 2.20	 3	 -41.9783	  174.1542
8.174	 2.08	 1	 -42.6878	  172.6495
8.174	 2.41	 3	 -44.2669	  169.5943
8.175	 2.54	 1	 -42.2421	  173.7147
8.175	 2.21	 1	 -41.6998	  174.2681
8.178	 2.76	 2	 -41.8775	  174.1118
8.178	 2.01	 1	 -42.6189	  173.0109
8.179	 2.08	 1	 -42.2714	  173.5953
8.179	 2.20	 1	 -42.2810	  173.6368
8.181	 2.57	 1	 -42.1780	  172.7211
8.183	 2.31	 1	 -41.9398	  174.1461
8.184	 2.50	 4	 -42.3851	  174.2875
8.184	 2.20	 1	 -42.5288	  172.9727
8.184	 2.09	 1	 -42.4463	  173.6307
8.185	 2.06	 1	 -41.7204	  174.0981
8.189	 2.33	 3	 -42.5180	  172.6750
8.189	 2.69	 3	 -41.1872	  174.3531
8.192	 2.06	 1	 -42.8006	  172.7847
8.192	 2.48	 2	 -44.2803	  169.6562
8.192	 2.51	 1	 -41.7643	  174.2543
8.192	 2.54	 1	 -42.4169	  172.8662
8.196	 2.10	 2	 -41.2976	  177.5057
8.196	 2.20	 1	 -42.1717	  173.7164
8.196	 2.24	 2	 -42.2450	  173.7289
8.202	 2.74	 3	 -44.9889	  169.8224
8.202	 3.40	 1	 -42.6189	  172.7675
8.203	 2.10	 1	 -42.7491	  172.8088
8.204	 2.22	 2	 -41.7824	  174.2231
8.204	 2.32	 1	 -42.2863	  173.9625
8.205	 2.83	 5	 -41.7409	  174.1811
8.206	 2.89	 2	 -43.3298	  172.7551
8.208	 2.04	 5	 -42.5689	  173.1719
8.208	 2.14	 1	 -41.6902	  174.2669
8.208	 2.04	 1	 -42.3013	  173.7242
8.208	 2.39	 2	 -42.4156	  172.9344
8.208	 2.27	 3	 -41.6643	  174.2221
8.209	 2.94	 2	 -41.8262	  174.0532
8.209	 2.17	 1	 -43.6817	  179.0059
8.213	 2.36	 1	 -42.7550	  172.8668
8.214	 3.84	 1	 -42.2117	  172.8059
8.215	 2.01	 2	 -44.3448	  169.5816
8.218	 2.36	 3	 -41.7180	  174.2383
8.218	 2.15	 1	 -41.9979	  173.7431
8.219	 2.47	 1	 -41.7397	  174.3896
8.221	 2.03	 1	 -41.7792	  174.1380
8.222	 2.01	 3	 -41.6849	  174.1593
8.223	 2.38	 2	 -41.7835	  174.3451
8.223	 2.01	 2	 -42.3728	  173.9895
8.230	 2.15	 1	 -41.8694	  173.9719
8.230	 2.02	 1	 -42.5460	  172.8812
8.232	 2.00	 1	 -41.8375	  174.2691
8.232	 2.14	 3	 -42.8873	  173.3469
8.233	 2.40	 1	 -41.6860	  174.2161
8.235	 2.04	 1	 -42.2984	  173.4728
8.235	 2.95	 1	 -41.7504	  174.1320
8.237	 2.14	 2	 -44.3739	  169.5899
8.237	 2.02	 1	 -41.6798	  174.3270
8.238	 2.42	 1	 -41.9870	  174.0715
8.240	 2.19	 2	 -41.8505	  174.1768
8.240	 2.58	 1	 -42.4981	  173.2264
8.241	 2.48	 1	 -41.9588	  173.7128
8.241	 2.15	 1	 -42.3710	  173.8577
8.241	 2.58	 1	 -42.3699	  173.9082
8.241	 2.30	 1	 -41.6760	  174.1885
8.242	 2.05	 2	 -44.4040	  169.4410
8.242	 2.29	 2	 -41.9236	  174.0975
8.243	 2.41	 1	 -42.3902	  173.3531
8.243	 2.92	 3	 -41.4840	  174.3402
8.248	 2.04	 3	 -41.7927	  174.7194
8.248	 2.19	 1	 -42.0070	  173.7168
8.250	 2.68	 3	 -42.9021	  173.3090
8.251	 2.65	 2	 -42.0174	  173.8149
8.251	 3.17	 3	 -41.6849	  174.2979
8.252	 2.44	 1	 -42.9888	  172.6657
8.255	 2.10	 3	 -42.4982	  173.0772
8.255	 2.42	 1	 -42.0109	  173.5916
8.255	 2.69	 4	 -41.6695	  174.3029
8.255	 2.63	 1	 -42.6233	  173.8360
8.256	 3.49	 2	 -41.9217	  173.6981
8.257	 2.03	 1	 -42.1978	  174.7949
8.257	 2.13	 1	 -42.0062	  173.6936
8.258	 2.07	 2	 -41.9171	  174.5187
8.258	 3.55	 2	 -41.7165	  174.1218
8.259	 2.81	 1	 -42.0753	  173.6817
8.259	 2.50	 1	 -41.7841	  174.4385
8.260	 2.26	 1	 -41.6863	  174.2743
8.261	 2.29	 1	 -42.2672	  173.6969
8.264	 2.25	 1	 -42.2061	  173.7625
8.265	 2.49	 5	 -41.7508	  174.1722
8.265	 3.14	 1	 -42.4818	  173.1844
8.266	 2.62	 1	 -41.8331	  174.1908
8.267	 2.40	 1	 -41.8162	  174.2398
8.268	 2.11	 1	 -42.2829	  173.6259
8.268	 2.24	 2	 -42.4423	  173.2077
8.271	 2.72	 2	 -42.3413	  173.4747
8.271	 2.14	 1	 -43.6190	  173.9011
8.272	 2.48	 3	 -41.6680	  174.3270
8.273	 2.07	 2	 -44.2949	  169.6664
8.274	 2.63	 1	 -42.5558	  174.0465
8.276	 2.00	 1	 -41.9527	  173.6732
8.278	 2.45	 2	 -44.3857	  169.5419
8.278	 2.26	 1	 -42.3894	  173.8500
8.279	 2.18	 3	 -42.9404	  173.3751
8.280	 3.60	 3	 -42.2856	  173.8979
8.283	 2.45	 1	 -42.2034	  173.6253
8.283	 2.46	 1	 -41.7841	  174.2066
8.284	 2.11	 1	 -42.3607	  173.3943
8.284	 2.25	 4	 -41.8254	  174.1836
8.285	 2.56	 1	 -42.2871	  173.6264
8.285	 2.02	 2	 -42.9543	  173.3645
8.286	 2.02	 2	 -42.8877	  172.3214
8.286	 3.07	 3	 -42.7727	  172.1644
8.286	 2.14	 1	 -42.4483	  171.9745
8.287	 2.52	 2	 -42.3649	  173.7486
8.288	 2.55	 1	 -41.8987	  174.3490
8.288	 2.17	 1	 -42.3267	  174.0681
8.289	 2.76	 2	 -42.6675	  172.2783
8.289	 2.75	 2	 -41.7696	  174.2862
8.294	 2.35	 2	 -41.4828	  173.8594
8.294	 2.94	 2	 -44.3427	  169.5783
8.294	 3.32	 1	 -42.4057	  173.6903
8.295	 2.24	 1	 -41.6815	  174.2962
8.296	 2.99	 1	 -42.5465	  173.0014
8.296	 2.03	 1	 -42.5231	  173.8188
8.299	 2.66	 2	 -41.7775	  174.4598
8.303	 2.24	 1	 -41.7049	  174.3616
8.304	 2.18	 1	 -41.6410	  174.2635
8.305	 2.47	 1	 -42.6181	  173.0956
8.305	 2.60	 1	 -41.6428	  173.9984
8.308	 3.28	 2	 -41.6628	  174.2594
8.308	 2.09	 3	 -42.7635	  172.3720
8.310	 2.40	 2	 -42.8088	  173.4147
8.311	 2.09	 2	 -42.2369	  173.7220
8.314	 3.28	 1	 -41.6564	  174.1437
8.315	 2.45	 2	 -44.3508	  169.5939
8.316	 2.56	 1	 -41.3316	  174.3371
8.317	 2.20	 1	 -41.9376	  173.3752
8.320	 2.15	 2	 -42.6579	  172.8021
8.320	 2.58	 2	 -44.3697	  169.5241
8.320	 2.26	 1	 -41.7850	  174.1691
8.320	 2.01	 3	 -42.5841	  172.8824
8.321	 2.44	 2	 -44.3997	  169.7614
8.325	 3.11	 1	 -41.6995	  174.3493
8.326	 2.07	 1	 -42.7476	  173.7329
8.332	 2.39	 1	 -41.6791	  174.2287
8.334	 2.08	 1	 -42.3153	  173.7112
8.334	 2.77	 3	 -44.6638	  169.3329
8.337	 2.55	 4	 -41.8490	  174.1319
8.338	 2.35	 2	 -42.3251	  173.8011
8.338	 2.96	 2	 -41.7621	  174.3490
8.340	 2.98	 2	 -42.7264	  172.8635
8.341	 2.14	 1	 -42.2131	  173.8345
8.342	 2.11	 1	 -41.7215	  174.3613
8.344	 2.08	 2	 -42.6997	  172.4435
8.344	 2.20	 1	 -44.9355	  171.2619
8.344	 2.04	 1	 -42.1530	  173.6485
8.345	 2.63	 2	 -44.3165	  169.7482
8.345	 2.08	 1	 -41.6297	  174.1684
8.347	 2.01	 1	 -42.4092	  174.0359
8.347	 2.92	 1	 -42.8052	  173.0424
8.347	 3.73	 1	 -42.2991	  174.0468
8.349	 2.31	 1	 -42.5275	  173.0716
8.350	 2.00	 2	 -41.7726	  174.2897
8.351	 2.01	 1	 -42.7049	  172.9586
8.351	 2.33	 2	 -41.7735	  174.2988
8.354	 3.10	 1	 -42.1757	  173.5980
8.355	 2.27	 1	 -45.8805	  177.3366
8.358	 2.00	 1	 -42.4221	  173.9542
8.359	 2.05	 3	 -41.6830	  174.1049
8.359	 2.48	 1	 -42.6510	  172.9345
8.359	 2.41	 2	 -41.6752	  174.2461
8.360	 2.09	 1	 -42.2595	  173.7201
8.362	 2.59	 3	 -41.7244	  174.2067
8.363	 3.65	 1	 -42.8449	  173.2699
8.363	 2.17	 1	 -42.3300	  173.2746
8.369	 2.36	 1	 -41.7149	  174.3266
8.370	 2.46	 1	 -43.1775	  173.4819
8.372	 2.41	 2	 -42.3736	  173.1977
8.373	 2.20	 2	 -44.2312	  169.6809
8.374	 2.06	 3	 -44.3389	  169.6075
8.376	 2.34	 1	 -41.8305	  173.7078
8.377	 2.19	 1	 -42.1170	  173.4822
8.377	 2.13	 2	 -42.9259	  173.2456
8.378	 2.35	 1	 -42.0279	  173.7180
8.379	 2.03	 1	 -42.4254	  173.4504
8.380	 2.43	 1	 -43.0374	  172.7473
8.380	 2.38	 1	 -45.6175	  177.4846
8.380	 3.17	 2	 -42.8705	  173.0286
8.381	 2.05	 2	 -44.3472	  169.6999
8.381	 2.18	 1	 -42.8204	  172.7886
8.383	 2.45	 2	 -42.7384	  172.9779
8.385	 2.01	 2	 -42.6673	  173.0859
8.385	 2.59	 2	 -42.5013	  173.3069
8.386	 2.43	 1	 -41.7134	  174.2227
8.387	 2.04	 1	 -42.3046	  173.7714
8.387	 2.72	 1	 -42.2879	  173.6116
8.389	 2.19	 1	 -42.3791	  174.4648
8.391	 2.05	 2	 -42.3944	  173.7802
8.393	 3.95	 2	 -42.4024	  172.9511
8.393	 2.54	 4	 -41.9046	  174.0428
8.395	 2.14	 1	 -41.9514	  174.1743
8.397	 2.18	 3	 -41.6843	  174.1739
8.398	 3.05	 2	 -41.7202	  174.4893
8.399	 2.04	 1	 -42.6020	  172.8126
8.399	 2.40	 1	 -42.3930	  173.1906
8.399	 2.83	 2	 -41.6863	  174.4649
8.399	 2.39	 2	 -41.9229	  173.7807
8.401	 2.08	 1	 -42.1439	  173.5013
8.403	 2.02	 2	 -41.6930	  173.7058
8.405	 2.04	 1	 -41.7427	  174.2982
8.408	 2.41	 3	 -41.7838	  174.4515
8.411	 2.26	 3	 -44.3410	  169.7064
8.411	 2.09	 1	 -42.1108	  173.8489
8.412	 2.23	 2	 -42.2798	  173.9276
8.412	 2.47	 2	 -41.5993	  174.2358
8.414	 2.56	 3	 -42.4071	  172.9530
8.415	 2.21	 2	 -41.9019	  172.7798
8.415	 2.73	 1	 -42.4368	  173.0370
8.416	 4.18	 3	 -43.6124	  167.9787
8.416	 2.15	 3	 -41.7171	  174.2640
8.417	 3.69	 1	 -42.2444	  173.6612
8.417	 2.01	 1	 -42.0620	  173.7968
8.418	 2.71	 1	 -42.2156	  173.9630
8.419	 3.64	 1	 -41.6678	  174.3304
8.419	 2.17	 1	 -42.5396	  173.1514
8.420	 2.50	 2	 -42.8876	  172.3534
8.424	 3.68	 2	 -42.3684	  173.7396
8.426	 2.60	 4	 -43.6152	  167.9787
8.427	 2.48	 1	 -42.2239	  173.4637
8.429	 2.60	 2	 -42.4108	  173.6888
8.430	 2.26	 1	 -42.6235	  172.9547
8.431	 2.08	 1	 -42.0079	  173.9251
8.432	 2.41	 4	 -44.6820	  169.3386
8.433	 2.01	 3	 -42.5911	  172.4910
8.433	 2.25	 1	 -42.4497	  173.8573
8.433	 2.33	 3	 -41.6457	  174.1542
8.434	 2.05	 2	 -42.2975	  173.3157
8.434	 2.95	 2	 -42.5612	  173.6202
8.435	 2.86	 1	 -42.6127	  173.0614
8.436	 2.33	 1	 -42.2681	  173.6633
8.436	 2.62	 1	 -42.5695	  173.1381
8.436	 2.27	 2	 -44.3450	  169.5859
8.437	 2.27	 1	 -41.6908	  174.3006
8.437	 3.18	 1	 -42.5553	  173.6057
8.438	 2.39	 1	 -42.5178	  172.7943
8.438	 2.36	 2	 -42.5186	  173.5410
8.438	 2.19	 1	 -42.7187	  173.0642
8.438	 2.15	 2	 -42.2261	  173.6898
8.440	 2.57	 1	 -42.1763	  173.6427
8.441	 2.32	 1	 -42.2408	  173.6697
8.441	 2.32	 1	 -42.5664	  173.1606
8.443	 2.15	 3	 -41.2887	  174.2976
8.446	 2.71	 2	 -44.2878	  169.4608
8.446	 2.27	 1	 -42.3842	  173.1058
8.448	 2.89	 2	 -42.4011	  173.8377
8.451	 2.23	 1	 -41.6897	  174.2879
8.451	 2.02	 1	 -41.9286	  172.5492
8.452	 2.16	 2	 -43.0352	  173.6399
8.453	 2.16	 2	 -44.9501	  168.5912
8.453	 2.59	 2	 -42.6800	  172.9418
8.454	 2.72	 2	 -42.7614	  173.0504
8.455	 2.57	 2	 -42.0606	  173.9872
8.456	 2.59	 1	 -42.7479	  173.2330
8.456	 3.38	 1	 -42.5095	  173.2058
8.457	 2.28	 2	 -41.8208	  174.1424
8.460	 2.83	 1	 -41.6166	  174.3207
8.460	 3.23	 2	 -42.6630	  171.6077
8.461	 3.01	 1	 -41.7206	  174.3502
8.465	 2.45	 1	 -42.1305	  173.2011
8.465	 2.26	 3	 -43.1815	  173.1216
8.465	 2.64	 3	 -42.3887	  174.0759
8.465	 2.81	 1	 -42.3766	  173.9114
8.465	 2.02	 1	 -42.6770	  172.8523
8.466	 2.30	 2	 -42.8016	  172.3911
8.466	 2.51	 2	 -42.4844	  173.6308
8.471	 2.53	 3	 -42.3428	  173.7855
8.474	 2.03	 1	 -42.5863	  172.9596
8.474	 2.88	 1	 -42.2122	  173.8044
8.476	 2.74	 2	 -42.2164	  173.6749
8.477	 2.20	 1	 -42.0801	  173.6792
8.477	 2.01	 1	 -42.3254	  175.1382
8.478	 2.02	 1	 -42.2868	  173.6409
8.478	 2.45	 1	 -41.8597	  174.3641
8.479	 2.88	 1	 -42.4490	  173.3439
8.479	 2.60	 2	 -42.2768	  173.8821
8.479	 2.14	 2	 -42.3554	  173.5519
8.480	 2.30	 2	 -42.0077	  173.6702
8.480	 2.53	 1	 -39.6321	  171.0869
8.481	 2.44	 1	 -41.9858	  173.7895
8.481	 3.29	 3	 -41.6995	  174.2848
8.481	 2.19	 1	 -42.7761	  173.2008
8.482	 2.79	 3	 -44.3180	  169.7474
8.483	 2.91	 3	 -42.6091	  173.6924
8.483	 2.20	 2	 -42.7103	  172.2697
8.484	 2.72	 1	 -41.9479	  173.7090
8.485	 2.93	 1	 -42.6981	  171.1574
8.487	 2.07	 2	 -42.2645	  174.0063
8.487	 2.31	 3	 -42.3975	  173.7071
8.487	 2.72	 1	 -42.3794	  173.6186
8.489	 2.74	 1	 -42.4121	  173.1239
8.489	 2.28	 1	 -43.1238	  172.5538
8.490	 2.83	 1	 -41.7765	  174.2723
8.490	 2.46	 2	 -41.7467	  174.1841
8.492	 2.18	 5	 -42.5845	  173.8717
8.492	 2.05	 2	 -44.2967	  169.6082
8.495	 3.54	 2	 -40.9970	  174.0263
8.495	 2.40	 2	 -42.7687	  173.1030
8.495	 2.35	 2	 -43.7940	  169.5546
8.497	 2.00	 1	 -42.1396	  173.6328
8.499	 2.36	 1	 -42.3662	  173.4260
8.499	 2.14	 1	 -42.8673	  173.7169
8.505	 2.59	 1	 -41.5587	  174.2552
8.505	 2.02	 3	 -42.4209	  173.0914
8.508	 2.20	 2	 -42.2126	  173.9519
8.508	 2.11	 1	 -42.1999	  173.7113
8.510	 2.01	 2	 -41.9663	  174.1588
8.513	 3.91	 2	 -42.2354	  171.6300
8.514	 2.01	 5	 -41.6221	  174.3062
8.517	 2.59	 1	 -42.3914	  173.5186
8.517	 2.18	 1	 -42.3887	  172.9566
8.518	 3.27	 1	 -41.8826	  174.1829
8.518	 2.59	 1	 -41.7102	  174.2512
8.518	 2.17	 3	 -44.3748	  169.6273
8.519	 3.46	 1	 -42.7701	  173.0493
8.519	 2.38	 2	 -41.5318	  174.4029
8.523	 2.05	 1	 -41.8101	  174.2472
8.524	 2.03	 2	 -42.7463	  173.0204
8.525	 2.51	 1	 -42.5136	  172.9458
8.526	 2.72	 1	 -42.4315	  174.0643
8.527	 2.07	 2	 -42.7778	  173.0176
8.529	 2.40	 1	 -42.5395	  173.8464
8.531	 2.10	 1	 -42.6919	  173.1108
8.532	 2.15	 1	 -41.6748	  174.1819
8.532	 2.42	 1	 -41.8300	  174.2767
8.532	 2.08	 1	 -42.2439	  173.7705
8.534	 2.21	 2	 -42.7579	  173.1055
8.535	 3.52	 1	 -42.1544	  173.6360
8.538	 2.66	 3	 -41.9554	  173.1386
8.539	 2.13	 1	 -42.2996	  173.8398
8.542	 2.82	 1	 -41.7276	  174.1707
8.543	 2.23	 1	 -42.2063	  173.1409
8.543	 2.24	 2	 -44.3995	  169.6566
8.544	 2.94	 1	 -42.3106	  173.1227
8.544	 2.32	 2	 -41.6767	  174.2048
8.546	 2.44	 1	 -41.9931	  174.0504
8.547	 2.10	 2	 -42.7490	  171.9914
8.548	 2.02	 1	 -42.6750	  172.7655
8.553	 2.09	 1	 -40.0379	  171.0234
8.554	 3.14	 1	 -41.7079	  174.2819
8.554	 2.33	 1	 -43.0206	  172.6575
8.556	 2.28	 1	 -41.7710	  174.3278
8.557	 2.34	 2	 -41.7121	  174.2492
8.561	 2.37	 2	 -42.5553	  173.6025
8.561	 2.30	 1	 -42.2953	  172.9921
8.563	 2.59	 3	 -41.8752	  173.2489
8.564	 2.35	 4	 -41.8079	  174.3267
8.564	 2.28	 1	 -42.0913	  172.3660
8.565	 3.75	 1	 -41.7100	  174.1842
8.566	 2.37	 1	 -44.0489	  178.8550
8.567	 2.29	 1	 -42.6296	  172.9920
8.567	 2.41	 1	 -42.2565	  173.6683
8.568	 2.19	 1	 -42.6244	  172.7663
8.570	 2.09	 1	 -41.9534	  173.6420
8.573	 2.10	 2	 -42.3176	  173.1204
8.574	 2.42	 2	 -42.0139	  173.7828
8.574	 2.42	 1	 -42.5332	  173.1736
8.579	 2.02	 3	 -41.7682	  173.3848
8.580	 2.42	 1	 -42.3349	  173.4680
8.581	 2.37	 2	 -41.7399	  172.1032
8.581	 2.07	 3	 -42.1179	  173.8522
8.581	 2.10	 1	 -41.6826	  174.3524
8.582	 2.14	 1	 -42.6378	  172.8383
8.583	 2.37	 1	 -42.3219	  173.9089
8.584	 2.21	 1	 -42.5488	  172.9661
8.584	 2.30	 1	 -42.4630	  173.2238
8.588	 3.06	 1	 -42.5606	  173.5286
8.593	 2.70	 1	 -41.9586	  173.7440
8.595	 2.88	 1	 -42.9127	  173.4011
8.596	 2.15	 1	 -41.7001	  174.0759
8.596	 2.12	 2	 -42.3924	  173.0972
8.597	 2.40	 3	 -41.7354	  174.3403
8.598	 2.41	 1	 -41.7575	  174.2129
8.598	 2.62	 1	 -42.5075	  172.7670
8.598	 2.67	 5	 -41.6205	  174.1812
8.599	 2.74	 1	 -42.4297	  172.9540
8.602	 2.04	 1	 -42.7908	  173.2786
8.602	 2.57	 4	 -43.5857	  168.0501
8.605	 2.03	 1	 -41.8178	  174.0712
8.606	 2.43	 1	 -42.2317	  173.5784
8.609	 2.05	 1	 -42.9535	  173.0002
8.609	 2.66	 1	 -41.6845	  174.2615
8.609	 2.09	 3	 -42.8143	  172.7606
8.609	 2.36	 1	 -42.3572	  173.8036
8.611	 4.07	 3	 -42.4150	  173.8747
8.611	 2.02	 1	 -42.1179	  173.4572
8.611	 2.01	 1	 -42.4051	  174.2189
8.612	 2.56	 1	 -42.8484	  172.9231
8.614	 2.10	 1	 -42.6430	  172.5116
8.616	 2.11	 1	 -42.7617	  173.0373
8.617	 2.55	 2	 -42.4062	  173.6825
8.617	 2.17	 2	 -42.7702	  172.2285
8.617	 2.02	 2	 -42.0037	  174.0876
8.618	 2.43	 1	 -42.3568	  173.8221
8.621	 2.29	 1	 -43.8417	  171.9583
8.621	 2.93	 1	 -41.6872	  174.2122
8.622	 3.26	 2	 -44.3700	  169.5241
8.624	 2.05	 2	 -41.7094	  174.2967
8.624	 2.14	 3	 -42.1177	  173.7337
8.624	 2.85	 1	 -41.7049	  174.2180
8.625	 3.37	 3	 -41.7062	  174.2721
8.626	 2.09	 2	 -41.8562	  173.5267
8.627	 2.10	 2	 -42.5081	  173.0412
8.627	 2.10	 1	 -42.6401	  172.8817
8.628	 2.37	 3	 -42.5807	  172.9061
8.630	 2.15	 2	 -42.4802	  173.2546
8.630	 2.01	 1	 -42.5682	  173.1519
8.630	 2.20	 1	 -41.8205	  174.2939
8.632	 2.58	 1	 -41.7329	  174.2014
8.632	 2.02	 2	 -42.7097	  173.0221
8.632	 2.14	 1	 -42.4189	  173.7681
8.635	 2.28	 1	 -42.5814	  173.6077
8.637	 2.76	 2	 -41.7006	  174.3597
8.638	 2.23	 1	 -41.6615	  174.3771
8.640	 2.54	 1	 -41.6385	  174.2485
8.641	 2.09	 1	 -42.4320	  173.1612
8.642	 2.10	 1	 -42.1893	  173.6577
8.643	 2.87	 2	 -42.3675	  173.7523
8.644	 2.25	 2	 -42.4991	  172.1637
8.646	 2.48	 2	 -42.6529	  172.7346
8.650	 2.11	 1	 -38.8873	  169.7279
8.651	 2.72	 1	 -42.2363	  173.2450
8.651	 2.49	 2	 -40.9067	  172.6969
8.652	 2.17	 1	 -42.5223	  173.2259
8.652	 2.57	 1	 -42.3767	  174.0300
8.652	 3.79	 1	 -42.2295	  173.7146
8.653	 2.03	 2	 -42.5673	  173.5355
8.654	 2.48	 3	 -42.6019	  172.9526
8.654	 2.87	 1	 -39.4842	  174.9339
8.654	 2.02	 2	 -42.7519	  172.9112
8.655	 2.48	 1	 -42.6663	  172.9234
8.660	 2.57	 1	 -42.3959	  173.8371
8.660	 2.41	 1	 -42.6178	  171.9442
8.660	 2.47	 4	 -41.7730	  174.2048
8.664	 2.70	 1	 -42.4299	  173.7653
8.664	 2.14	 3	 -42.5828	  172.8080
8.664	 2.20	 1	 -42.2009	  173.9638
8.665	 2.16	 1	 -41.6783	  174.2065
8.666	 2.13	 1	 -45.4840	  178.0208
8.666	 2.15	 1	 -41.7087	  174.2230
8.667	 2.52	 2	 -41.8356	  173.5675
8.671	 2.33	 4	 -42.4151	  173.8702
8.671	 2.10	 1	 -42.3033	  173.7371
8.671	 2.71	 2	 -44.3385	  169.6268
8.673	 2.40	 2	 -42.3580	  173.0743
8.675	 2.17	 1	 -41.9156	  173.9953
8.676	 2.27	 3	 -42.3812	  173.7209
8.677	 2.61	 2	 -42.1101	  173.6338
8.679	 2.13	 3	 -41.7310	  174.0796
8.681	 2.18	 3	 -41.7015	  174.1569
8.683	 2.13	 3	 -41.0475	  177.2924
8.684	 3.19	 1	 -42.1358	  173.6854
8.684	 2.07	 1	 -42.1661	  173.6942
8.686	 2.05	 1	 -43.0661	  172.7292
8.686	 2.36	 5	 -41.7469	  174.2815
8.686	 2.08	 2	 -42.3402	  174.2256
8.687	 2.20	 2	 -42.9204	  173.2323
8.687	 2.80	 2	 -41.6624	  174.2409
8.688	 2.22	 1	 -41.7645	  174.1475
8.690	 2.34	 1	 -42.2424	  173.5592
8.692	 2.43	 2	 -42.7567	  172.9709
8.693	 2.14	 1	 -39.7709	  168.3760
8.693	 2.07	 1	 -41.6842	  174.2379
8.693	 4.68	 2	 -44.5148	  169.2075
8.693	 4.19	 3	 -44.5341	  169.2204
8.694	 2.14	 1	 -41.6835	  174.3733
8.694	 2.30	 3	 -42.9048	  173.2645
8.694	 2.00	 2	 -42.5103	  172.8905
8.695	 2.28	 4	 -41.8201	  174.4207
8.698	 2.01	 1	 -42.3895	  173.9491
8.699	 2.47	 3	 -41.8476	  174.2437
8.699	 2.23	 2	 -41.8162	  174.0752
8.701	 2.03	 1	 -42.0765	  173.7607
8.701	 3.05	 4	 -41.6523	  174.2144
8.702	 2.21	 1	 -42.5674	  173.0899
8.702	 2.02	 2	 -41.7022	  174.2652
8.703	 2.08	 2	 -42.6083	  174.4056
8.705	 2.02	 1	 -42.3133	  174.1444
8.705	 2.01	 1	 -42.3093	  173.1419
8.709	 2.27	 2	 -42.0570	  173.4157
8.713	 2.83	 1	 -42.5153	  173.0569
8.714	 2.79	 1	 -41.7556	  174.2295
8.714	 2.30	 1	 -41.9871	  173.6644
8.714	 2.42	 1	 -42.7277	  173.2595
8.716	 2.34	 3	 -42.5508	  174.6794
8.716	 2.29	 1	 -41.7504	  174.2939
8.717	 2.05	 1	 -42.6947	  173.6411
8.717	 2.09	 3	 -44.5147	  169.2104
8.717	 2.27	 1	 -41.6991	  174.3514
8.718	 2.12	 1	 -41.7594	  174.2154
8.718	 2.13	 1	 -42.3474	  173.9069
8.719	 3.40	 3	 -42.7272	  173.4319
8.722	 3.43	 1	 -42.5960	  173.2025
8.725	 2.20	 2	 -42.2408	  172.7984
8.728	 3.16	 2	 -41.6868	  174.2934
8.732	 2.51	 2	 -42.2351	  173.7420
8.733	 2.28	 2	 -42.3341	  173.9978
8.734	 2.40	 1	 -42.7502	  173.0087
8.735	 2.43	 1	 -42.3860	  173.6480
8.735	 2.48	 3	 -42.5873	  172.3806
8.737	 2.03	 2	 -44.3837	  169.3771
8.738	 2.05	 1	 -41.6809	  174.1994
8.741	 2.00	 1	 -43.6359	  173.0534
8.741	 2.95	 4	 -41.5481	  174.3587
8.741	 2.03	 1	 -42.5184	  172.9710
8.741	 2.38	 1	 -42.2605	  173.5446
8.741	 2.13	 2	 -44.3909	  169.5042
8.743	 2.68	 4	 -44.5276	  169.2040
8.744	 2.65	 1	 -42.3941	  173.6845
8.744	 2.03	 1	 -42.5049	  172.9966
8.744	 2.11	 1	 -42.8643	  172.9044
8.745	 2.17	 1	 -42.3720	  172.9032
8.745	 2.26	 3	 -42.2387	  171.6336
8.747	 2.27	 3	 -44.3772	  169.5457
8.747	 2.15	 1	 -41.8489	  174.0480
8.747	 2.00	 1	 -42.2938	  174.3841
8.747	 2.50	 1	 -42.3313	  173.9073
8.748	 2.04	 2	 -44.3825	  170.0889
8.750	 2.81	 2	 -42.5222	  173.3605
8.751	 2.06	 1	 -42.6346	  173.1259
8.751	 2.03	 2	 -44.2759	  169.5783
8.752	 2.09	 1	 -42.6056	  172.9943
8.753	 2.02	 1	 -42.2547	  173.9326
8.753	 2.52	 2	 -44.3741	  169.7049
8.753	 2.08	 1	 -42.2291	  173.5899
8.753	 2.02	 1	 -42.5756	  172.8120
8.753	 2.02	 1	 -42.5664	  173.1568
8.754	 2.10	 3	 -44.3937	  169.6314
8.755	 2.76	 1	 -42.0285	  173.8336
8.755	 2.11	 3	 -41.7112	  174.1937
8.756	 2.03	 3	 -42.6444	  171.9843
8.758	 2.26	 3	 -42.3877	  174.0903
8.761	 3.12	 2	 -44.4308	  169.5942
8.762	 2.44	 1	 -42.2924	  173.7342
8.762	 2.09	 2	 -41.8267	  173.3883
8.762	 2.08	 2	 -42.3569	  173.0135
8.763	 2.29	 1	 -42.4087	  174.0991
8.764	 2.02	 2	 -42.4947	  173.0730
8.766	 2.71	 2	 -44.3318	  169.5358
8.766	 2.67	 2	 -42.7847	  173.3631
8.766	 2.18	 1	 -41.8243	  174.1829
8.766	 2.64	 2	 -41.9836	  173.8955
8.769	 2.22	 1	 -41.8275	  174.1778
8.770	 2.07	 1	 -41.6482	  174.2362
8.770	 3.40	 3	 -41.9639	  173.9218
8.770	 2.03	 2	 -44.5244	  169.1818
8.771	 2.61	 1	 -41.8145	  174.0971
8.773	 2.07	 1	 -42.2374	  173.7499
8.774	 2.03	 1	 -42.3046	  174.1793
8.774	 2.04	 2	 -41.6301	  174.2368
8.776	 2.22	 3	 -41.2231	  172.5695
8.776	 3.38	 2	 -41.9035	  173.5051
8.780	 2.15	 1	 -42.3666	  173.5237
8.782	 2.57	 1	 -42.3571	  173.8761
8.783	 2.20	 1	 -42.5962	  172.7812
8.785	 2.17	 2	 -41.7853	  174.2902
8.786	 2.46	 1	 -42.5842	  173.0735
8.787	 2.64	 4	 -42.3927	  173.7198
8.788	 2.00	 2	 -44.1725	  169.4540
8.788	 2.99	 1	 -42.0825	  173.7713
8.788	 2.53	 2	 -42.5263	  173.3445
8.788	 2.64	 1	 -42.2147	  173.7057
8.791	 2.91	 1	 -42.3236	  173.7636
8.792	 2.17	 3	 -41.6974	  174.3582
8.794	 2.54	 1	 -42.3747	  173.8393
8.794	 2.34	 3	 -41.8769	  173.2732
8.796	 2.05	 1	 -41.6551	  174.2215
8.796	 2.58	 1	 -42.2619	  173.6783
8.797	 2.66	 1	 -42.1536	  173.8325
8.798	 2.54	 2	 -42.3941	  173.6701
8.801	 2.06	 1	 -42.0285	  173.7906
8.802	 2.31	 1	 -42.3587	  173.2023
8.803	 2.21	 2	 -42.3152	  173.8671
8.804	 2.11	 3	 -42.5538	  173.9702
8.805	 2.54	 2	 -42.6743	  173.1991
8.807	 2.04	 3	 -44.3583	  169.2426
8.810	 2.03	 1	 -42.2551	  173.8349
8.810	 2.06	 1	 -42.4147	  173.7572
8.813	 2.56	 3	 -42.6086	  172.8288
8.814	 2.62	 1	 -42.1233	  173.8455
8.815	 2.21	 2	 -42.2124	  173.5818
8.816	 2.57	 1	 -42.0655	  174.9561
8.816	 2.73	 1	 -42.5846	  173.1541
8.816	 2.16	 1	 -42.5388	  173.2996
8.817	 2.39	 4	 -42.1985	  173.9482
8.818	 3.20	 1	 -41.8608	  174.5020
8.818	 2.40	 2	 -41.6842	  174.3720
8.819	 3.87	 1	 -43.3562	  172.7885
8.819	 2.34	 1	 -41.8715	  174.1028
8.822	 2.12	 2	 -41.7208	  174.1408
8.823	 2.17	 1	 -42.7940	  172.3934
8.824	 3.07	 5	 -41.8218	  174.1865
8.827	 2.66	 4	 -44.5457	  169.2135
8.828	 2.49	 4	 -41.9642	  173.9201
8.828	 2.51	 2	 -42.7666	  172.7793
8.829	 2.13	 1	 -41.6677	  172.9759
8.831	 2.84	 1	 -41.6897	  174.1401
8.832	 3.24	 1	 -42.3554	  173.6222
8.832	 2.25	 1	 -42.4746	  173.9501
8.832	 2.31	 1	 -40.4560	  172.5956
8.834	 3.38	 1	 -41.7639	  174.2233
8.834	 2.01	 1	 -42.5857	  173.1542
8.834	 2.00	 1	 -42.4218	  173.3371
8.834	 4.22	 1	 -42.4786	  173.3170
8.835	 3.16	 1	 -42.4086	  173.1826
8.835	 3.35	 3	 -42.5273	  173.2107
8.838	 3.61	 2	 -42.6609	  172.8767
8.839	 2.11	 1	 -42.4684	  173.3174
8.839	 2.38	 1	 -42.2913	  173.8122
8.841	 2.07	 2	 -42.2471	  173.5880
8.842	 2.52	 1	 -42.5983	  173.1316
8.843	 2.20	 3	 -44.5174	  169.2770
8.844	 2.00	 1	 -40.8018	  171.3139
8.846	 2.15	 2	 -42.3055	  173.1241
8.847	 2.26	 3	 -42.2981	  173.3153
8.848	 2.06	 1	 -41.7925	  174.2638
8.849	 2.91	 1	 -42.9397	  172.8156
8.849	 3.19	 1	 -42.3313	  173.1553
8.850	 2.19	 1	 -41.7374	  174.2802
8.850	 2.23	 1	 -41.7028	  174.1718
8.850	 2.20	 2	 -41.7123	  174.2466
8.851	 2.15	 1	 -41.5472	  173.7428
8.853	 2.04	 1	 -42.4681	  173.0889
8.854	 4.19	 3	 -44.3681	  169.6329
8.855	 2.05	 1	 -42.5412	  173.1463
8.857	 2.44	 1	 -42.1357	  173.5741
8.860	 2.66	 1	 -41.6417	  174.1015
8.861	 6.46	 3	 -42.2284	  174.0667
8.861	 2.36	 4	 -41.9495	  173.2805
8.862	 2.58	 4	 -42.2945	  173.8724
8.862	 2.28	 4	 -41.9244	  173.4932
8.863	 2.02	 4	 -42.1487	  174.0449
8.863	 2.10	 1	 -42.6337	  173.0657
8.864	 2.01	 1	 -42.5175	  172.7835
8.864	 2.08	 1	 -42.0193	  173.8150
8.864	 2.30	 3	 -41.4301	  174.2390
8.865	 2.74	 4	 -42.4413	  174.0565
8.865	 2.22	 4	 -42.1265	  174.0744
8.866	 2.25	 4	 -42.2853	  173.9720
8.866	 2.15	 4	 -42.3870	  174.1770
8.866	 2.24	 4	 -42.0249	  174.5336
8.866	 2.63	 4	 -41.6663	  174.3444
8.867	 2.06	 1	 -41.7396	  174.2921
8.868	 2.19	 4	 -42.2548	  174.1795
8.869	 2.26	 4	 -42.2015	  174.0494
8.869	 2.03	 3	 -42.4906	  172.8255
8.871	 2.31	 4	 -42.1808	  174.1162
8.871	 3.25	 1	 -42.2234	  173.5477
8.871	 2.60	 4	 -41.6334	  170.5650
8.871	 2.20	 1	 -41.9396	  173.7892
8.872	 2.52	 4	 -42.3509	  174.6984
8.872	 2.70	 4	 -43.0804	  175.8050
8.873	 2.06	 4	 -42.2685	  173.8515
8.873	 2.66	 1	 -42.7677	  172.8375
8.874	 2.32	 4	 -42.1856	  173.8874
8.875	 2.23	 4	 -43.3847	  171.7842
8.876	 2.36	 3	 -41.6324	  174.2733
8.877	 2.25	 4	 -43.5376	  174.7737
8.878	 2.45	 1	 -41.6803	  174.1549
8.878	 2.74	 2	 -42.5482	  173.7360
8.878	 2.12	 4	 -42.3278	  174.1414
8.878	 2.19	 1	 -41.5494	  174.1443
8.878	 2.01	 2	 -41.6739	  174.3387
8.878	 2.31	 2	 -44.3277	  169.5162
8.878	 2.46	 3	 -41.7097	  174.2195
8.879	 2.62	 4	 -41.5112	  168.0718
8.879	 2.19	 4	 -42.2578	  173.9832
8.880	 3.03	 4	 -42.3215	  173.8488
8.880	 3.08	 4	 -42.2923	  174.4053
8.880	 2.26	 2	 -41.8246	  174.0783
8.880	 2.31	 4	 -42.2508	  174.0781
8.881	 2.37	 4	 -42.2881	  174.0266
8.881	 2.12	 4	 -42.2260	  174.0058
8.881	 2.29	 2	 -41.7767	  173.4087
8.881	 2.27	 4	 -42.3047	  173.9773
8.882	 2.27	 1	 -41.7685	  174.2034
8.883	 2.22	 4	 -42.0214	  174.0484
8.883	 2.22	 1	 -41.6891	  174.2330
8.883	 2.11	 1	 -42.2925	  173.7784
8.884	 2.50	 4	 -41.7028	  173.7879
8.887	 2.25	 1	 -41.6964	  174.2017
8.887	 3.30	 1	 -42.8092	  173.1959
8.887	 2.04	 2	 -41.6675	  172.9756
8.887	 2.19	 1	 -42.1431	  174.1586
8.888	 2.13	 1	 -42.4296	  173.2494
8.888	 2.38	 4	 -42.2465	  173.8092
8.888	 2.40	 4	 -42.2492	  174.0588
8.890	 2.64	 3	 -42.7665	  173.1136
8.891	 3.36	 2	 -42.4095	  174.1003
8.891	 2.34	 4	 -42.2929	  174.2184
8.891	 2.27	 1	 -41.7415	  174.2874
8.892	 2.02	 1	 -41.6112	  174.0345
8.892	 2.21	 1	 -41.7298	  173.8243
8.892	 2.31	 1	 -41.6983	  174.3420
8.893	 2.00	 4	 -42.8223	  172.4176
8.894	 2.11	 2	 -44.3466	  169.6602
8.894	 2.27	 4	 -42.9757	  174.5241
8.894	 2.08	 4	 -42.2405	  174.0795
8.894	 2.18	 4	 -42.2052	  174.0460
8.896	 2.13	 4	 -42.2146	  173.9831
8.896	 2.10	 4	 -42.6522	  172.8491
8.896	 3.40	 4	 -42.4226	  174.0933
8.896	 2.06	 4	 -42.1863	  174.0607
8.897	 2.22	 1	 -41.9881	  174.0321
8.897	 2.35	 1	 -42.2796	  173.8310
8.897	 2.71	 2	 -44.3192	  169.7675
8.898	 5.31	 4	 -42.1823	  174.2334
8.898	 2.12	 4	 -42.2023	  174.2154
8.899	 3.13	 3	 -44.5183	  169.2006
8.899	 2.31	 5	 -42.4524	  174.0744
8.901	 4.05	 1	 -42.2976	  173.8112
8.901	 2.16	 4	 -42.0911	  173.9709
8.901	 2.59	 4	 -42.8662	  174.7084
8.903	 2.08	 4	 -42.2100	  174.1145
8.903	 2.59	 1	 -41.7155	  174.1170
8.903	 2.76	 4	 -42.2262	  174.4073
8.903	 2.00	 4	 -42.0292	  174.2858
8.904	 3.13	 4	 -41.9696	  173.9196
8.904	 2.12	 4	 -42.4021	  174.3906
8.904	 2.07	 1	 -41.9698	  173.7035
8.905	 2.27	 4	 -42.2071	  173.9852
8.907	 2.49	 1	 -42.4508	  172.7252
8.907	 2.09	 1	 -42.4025	  174.0033
8.907	 2.63	 4	 -42.1027	  174.0311
8.907	 2.61	 4	 -42.2712	  174.0207
8.907	 2.09	 4	 -42.1021	  173.5958
8.908	 2.42	 5	 -42.2113	  174.0357
8.908	 2.37	 1	 -42.2067	  173.5735
8.909	 2.28	 5	 -42.2210	  174.2445
8.909	 2.14	 2	 -42.4607	  173.8534
8.909	 2.27	 1	 -42.7119	  173.0441
8.909	 2.28	 1	 -42.4877	  173.2622
8.910	 2.44	 4	 -42.3062	  173.9802
8.911	 2.66	 4	 -42.0886	  174.4216
8.911	 2.02	 4	 -42.2005	  174.1664
8.913	 2.32	 4	 -42.2139	  174.0430
8.914	 2.04	 4	 -42.0736	  174.1431
8.915	 2.32	 4	 -42.3418	  173.5564
8.916	 2.52	 5	 -42.1955	  174.2557
8.917	 2.13	 2	 -44.3829	  169.5616
8.917	 2.27	 1	 -42.4996	  173.9641
8.917	 3.22	 4	 -41.8554	  175.1346
8.917	 2.36	 2	 -42.3162	  173.3516
8.917	 2.07	 1	 -42.2806	  173.7349
8.918	 2.32	 2	 -43.1538	  172.0649
8.918	 2.19	 4	 -42.1868	  174.4264
8.919	 2.38	 1	 -42.5846	  172.7921
8.919	 2.29	 3	 -44.3981	  169.4990
8.919	 2.33	 4	 -42.1872	  173.9630
8.919	 2.45	 4	 -42.2178	  174.1517
8.920	 2.54	 4	 -41.4879	  174.4875
8.920	 3.50	 4	 -41.6946	  174.3391
8.920	 2.66	 4	 -42.2707	  174.2267
8.920	 2.05	 1	 -41.7342	  174.4345
8.920	 2.61	 4	 -42.2368	  174.0548
8.920	 5.06	 2	 -44.3702	  169.6559
8.921	 3.01	 4	 -42.2760	  174.0502
8.921	 2.07	 4	 -42.1784	  174.1368
8.922	 2.05	 4	 -42.0689	  174.1798
8.923	 2.15	 4	 -42.3071	  174.1236
8.923	 2.03	 5	 -41.7209	  174.2939
8.923	 3.51	 1	 -42.0528	  173.4944
8.923	 2.03	 1	 -42.2147	  173.7092
8.925	 2.06	 4	 -41.1453	  176.6637
8.925	 2.03	 4	 -42.5019	  174.6694
8.926	 2.41	 2	 -41.7173	  174.3008
8.926	 2.02	 4	 -41.6342	  174.9453
8.927	 2.32	 4	 -42.4678	  174.4087
8.927	 2.56	 3	 -43.2186	  167.1033
8.927	 2.01	 4	 -46.1789	  173.0354
8.927	 2.39	 4	 -42.2757	  174.0598
8.929	 2.02	 1	 -42.6061	  173.3234
8.929	 2.12	 2	 -39.8234	  174.3804
8.930	 2.84	 4	 -41.8956	  174.8271
8.930	 3.45	 4	 -42.2414	  173.9627
8.930	 2.76	 3	 -44.3743	  169.7365
8.930	 2.09	 4	 -42.2154	  174.0436
8.931	 2.58	 4	 -42.3259	  174.0797
8.932	 2.10	 4	 -42.2634	  174.0075
8.932	 2.69	 4	 -42.2934	  174.0160
8.932	 2.22	 4	 -43.6138	  168.0241
8.933	 2.81	 4	 -42.4314	  174.1863
8.933	 2.11	 4	 -42.2271	  173.9079
8.933	 2.49	 4	 -42.0219	  173.4097
8.933	 2.02	 1	 -41.9780	  173.9300
8.934	 2.05	 4	 -42.2075	  174.2098
8.934	 2.71	 4	 -42.1820	  174.0451
8.934	 2.01	 4	 -42.3192	  173.9997
8.935	 2.06	 2	 -43.2411	  174.4590
8.936	 2.02	 4	 -42.2717	  174.0693
8.936	 2.21	 2	 -41.7291	  174.3004
8.936	 2.83	 3	 -44.3043	  169.7756
8.937	 3.14	 4	 -42.2908	  174.1954
8.937	 2.01	 1	 -42.3364	  173.7293
8.937	 2.21	 1	 -42.3522	  172.6073
8.937	 2.56	 4	 -42.4110	  174.1320
8.937	 2.16	 4	 -42.1364	  174.0689
8.937	 2.51	 1	 -42.5699	  173.2530
8.939	 3.22	 1	 -41.6882	  174.2474
8.939	 2.17	 4	 -41.7580	  174.2454
8.940	 2.17	 4	 -41.6596	  174.2348
8.940	 2.00	 1	 -42.6856	  173.3282
8.941	 2.84	 4	 -42.2508	  173.9948
8.942	 2.02	 4	 -42.2979	  174.0260
8.942	 2.74	 1	 -42.5333	  173.7172
8.943	 2.38	 4	 -42.1242	  174.0680
8.943	 2.61	 3	 -45.6539	  168.9552
8.943	 2.28	 1	 -41.7565	  174.2391
8.944	 2.25	 4	 -42.3424	  174.2012
8.944	 2.10	 1	 -42.3981	  173.1853
8.944	 2.85	 1	 -43.0030	  173.0177
8.944	 2.04	 4	 -42.1510	  174.1938
8.945	 2.80	 4	 -42.2390	  174.1145
8.945	 2.26	 4	 -42.3339	  174.0891
8.946	 2.25	 4	 -42.2618	  173.9897
8.946	 2.12	 4	 -42.1080	  174.0395
8.947	 2.00	 2	 -42.8539	  173.4201
8.947	 2.41	 1	 -42.3496	  173.0417
8.947	 2.74	 4	 -42.1966	  173.6052
8.949	 2.85	 4	 -42.4078	  174.0089
8.949	 2.65	 1	 -42.3239	  174.1018
8.950	 2.02	 4	 -42.1622	  174.0940
8.951	 2.09	 2	 -42.1279	  173.9890
8.952	 2.08	 4	 -42.2797	  174.0346
8.952	 2.83	 4	 -42.2314	  174.0725
8.952	 2.16	 3	 -44.3634	  169.6314
8.952	 2.01	 2	 -41.8875	  173.7060
8.953	 2.16	 1	 -42.6070	  175.1771
8.954	 2.36	 4	 -42.0928	  173.9097
8.954	 2.09	 1	 -41.7315	  174.2788
8.955	 2.06	 2	 -43.0003	  173.0199
8.956	 2.77	 1	 -42.2844	  173.6742
8.957	 2.22	 4	 -42.3941	  173.7733
8.957	 2.02	 4	 -41.6971	  173.7301
8.958	 2.68	 4	 -42.3833	  173.6301
8.958	 2.27	 4	 -42.0571	  173.8741
8.959	 2.01	 2	 -44.1799	  169.1835
8.959	 2.17	 4	 -41.7443	  174.1010
8.959	 2.14	 2	 -41.0054	  175.5518
8.960	 2.30	 1	 -42.2896	  174.0706
8.960	 2.76	 2	 -41.9194	  174.1366
8.961	 2.13	 1	 -42.6712	  173.2741
8.961	 2.01	 5	 -42.4285	  174.2578
8.961	 2.31	 1	 -42.0482	  172.8927
8.964	 2.10	 4	 -42.2323	  173.9937
8.964	 2.45	 2	 -41.9646	  173.8373
8.965	 2.59	 1	 -42.3628	  173.0449
8.966	 2.19	 3	 -42.2913	  174.0479
8.967	 2.26	 1	 -42.2665	  173.6496
8.967	 2.64	 4	 -42.4148	  173.8695
8.969	 2.51	 4	 -42.2875	  174.2402
8.969	 2.08	 2	 -41.7997	  174.2848
8.969	 2.11	 5	 -42.3795	  173.6526
8.970	 2.03	 1	 -42.1817	  174.0095
8.971	 4.08	 4	 -42.1275	  173.7647
8.972	 2.11	 1	 -40.9047	  174.0111
8.972	 2.80	 4	 -42.1917	  174.0767
8.972	 2.06	 4	 -44.0659	  172.5045
8.974	 2.44	 3	 -44.5200	  169.1951
8.974	 2.03	 1	 -41.7012	  174.2554
8.975	 2.12	 4	 -42.3506	  174.2452
8.975	 2.18	 1	 -42.3792	  173.5401
8.977	 2.11	 4	 -41.8664	  174.1972
8.977	 2.63	 4	 -42.2629	  174.3942
8.979	 2.26	 2	 -41.6845	  174.2534
8.979	 2.49	 1	 -41.6937	  174.2026
8.979	 3.36	 4	 -41.8246	  174.2657
8.980	 2.26	 4	 -41.3054	  175.4157
8.980	 2.28	 3	 -44.3552	  169.6600
8.980	 2.09	 5	 -42.1260	  173.7718
8.981	 2.05	 1	 -42.3570	  173.1520
8.983	 2.08	 5	 -42.6303	  174.7443
8.983	 2.18	 1	 -41.5938	  174.3896
8.984	 2.04	 4	 -42.4562	  173.8994
8.984	 2.36	 4	 -42.2516	  173.8895
8.986	 2.21	 1	 -41.9145	  174.3932
8.988	 2.98	 5	 -42.1273	  174.2607
8.988	 2.20	 5	 -41.9985	  174.3086
8.989	 2.77	 2	 -41.7756	  174.6908
8.989	 2.21	 5	 -42.1106	  174.2348
8.989	 2.40	 3	 -42.3432	  173.7570
8.989	 3.00	 3	 -44.3741	  169.7255
8.989	 2.16	 4	 -42.0965	  174.2633
8.990	 2.80	 3	 -44.3234	  169.7342
8.990	 2.03	 4	 -42.1566	  173.8928
8.990	 2.72	 1	 -41.9367	  173.7339
8.991	 2.18	 4	 -42.2733	  174.1232
8.991	 2.93	 4	 -42.4447	  174.0776
8.991	 2.03	 4	 -42.1373	  174.2527
8.992	 3.44	 1	 -42.7062	  172.9578
8.993	 2.34	 4	 -42.5057	  173.7975
8.994	 2.41	 4	 -42.2174	  174.0665
8.994	 2.10	 4	 -42.2998	  174.0793
8.994	 2.04	 1	 -42.6761	  171.7355
8.995	 2.47	 3	 -41.8605	  174.2582
8.995	 2.01	 5	 -41.6211	  170.5682
8.996	 2.06	 1	 -42.4864	  173.1298
8.996	 2.25	 1	 -42.0311	  173.8161
8.996	 2.47	 4	 -42.0975	  174.1945
8.997	 2.48	 4	 -42.2579	  173.9306
8.997	 2.08	 1	 -42.5342	  173.1096
8.997	 2.28	 1	 -41.1649	  174.0651
8.997	 2.81	 2	 -42.6997	  173.0108
8.999	 2.02	 2	 -42.6632	  180.1644
8.999	 2.65	 3	 -42.3802	  173.7331
8.999	 2.56	 4	 -42.1799	  173.9379
9.000	 2.14	 1	 -42.3991	  173.4803
9.000	 2.11	 4	 -42.2802	  174.0728
9.000	 2.03	 4	 -42.3056	  174.0376
9.002	 2.87	 4	 -42.1902	  174.0349
9.003	 3.24	 4	 -42.2529	  174.0210
9.003	 2.30	 4	 -42.2432	  174.1121
9.004	 2.23	 4	 -42.2139	  173.9899
9.006	 2.50	 4	 -41.8594	  174.4683
9.006	 2.34	 3	 -44.3200	  169.8926
9.006	 2.25	 4	 -42.1542	  173.8227
9.009	 2.05	 2	 -42.6414	  173.2581
9.010	 3.03	 4	 -42.1978	  173.8934
9.010	 2.17	 4	 -42.3562	  174.0561
9.010	 2.44	 4	 -42.3125	  174.0626
9.011	 2.77	 4	 -42.1831	  174.0907
9.011	 3.54	 4	 -42.2486	  173.6071
9.011	 2.03	 4	 -42.0987	  174.1821
9.012	 2.32	 4	 -42.1535	  173.9828
9.012	 2.05	 4	 -42.1363	  174.0336
9.013	 2.21	 1	 -41.7961	  174.3872
9.013	 2.55	 1	 -42.2614	  173.6493
9.013	 2.02	 3	 -41.8898	  173.5296
9.013	 2.22	 4	 -41.9601	  174.7875
9.014	 2.44	 1	 -41.2339	  174.9868
9.014	 2.06	 1	 -41.5811	  174.0322
9.016	 2.50	 5	 -42.3761	  174.4599
9.016	 2.55	 4	 -42.2494	  174.1540
9.016	 2.58	 4	 -42.2373	  174.0284
9.017	 2.09	 4	 -42.2963	  174.0377
9.017	 2.13	 4	 -42.4761	  174.1819
9.018	 2.64	 4	 -42.0494	  175.1684
9.019	 3.14	 4	 -42.2216	  174.0667
9.020	 2.74	 1	 -42.5628	  173.0194
9.021	 2.46	 4	 -42.5080	  175.4523
9.021	 2.34	 2	 -42.0793	  173.7730
9.022	 2.07	 2	 -42.2337	  173.7214
9.023	 2.14	 5	 -42.1999	  174.3601
9.025	 2.14	 1	 -42.1459	  173.6029
9.026	 2.37	 1	 -42.4165	  173.7094
9.026	 2.46	 5	 -42.2267	  174.3739
9.026	 2.06	 2	 -42.0498	  174.0321
9.026	 2.07	 4	 -42.0676	  174.0827
9.026	 2.58	 1	 -42.5296	  171.9464
9.027	 2.74	 4	 -42.0265	  173.9530
9.028	 2.55	 4	 -42.1473	  174.0326
9.028	 3.58	 1	 -41.6307	  174.3833
9.029	 2.54	 1	 -42.5029	  173.1984
9.031	 4.33	 4	 -42.1797	  174.0582
9.031	 2.09	 5	 -42.2488	  173.9287
9.031	 2.74	 1	 -42.3526	  173.5004
9.032	 2.45	 1	 -41.7639	  174.2734
9.032	 2.27	 1	 -42.3749	  173.5637
9.032	 2.27	 1	 -42.4672	  172.8066
9.032	 3.56	 4	 -42.0635	  174.0258
9.032	 2.66	 1	 -41.3301	  172.5991
9.034	 2.03	 3	 -42.4245	  173.7080
9.035	 2.51	 2	 -42.4002	  173.4978
9.036	 3.20	 1	 -42.3554	  173.2120
9.036	 2.31	 1	 -42.3040	  174.1654
9.037	 2.09	 1	 -42.3267	  173.9648
9.038	 3.90	 4	 -42.2582	  173.9250
9.039	 2.41	 4	 -42.1065	  174.4606
9.040	 2.05	 4	 -42.2187	  174.0279
9.040	 2.44	 4	 -41.6282	  175.2900
9.040	 2.86	 4	 -42.2961	  174.0732
9.041	 3.63	 1	 -41.9796	  173.7335
9.044	 2.55	 4	 -42.3686	  174.0517
9.046	 2.80	 1	 -42.4580	  173.2149
9.046	 2.36	 2	 -42.4520	  173.2112
9.047	 2.48	 4	 -42.1785	  174.0376
9.047	 2.46	 1	 -41.9542	  173.7970
9.048	 2.50	 1	 -40.7053	  173.1181
9.048	 2.34	 2	 -42.3115	  173.6053
9.048	 2.70	 4	 -41.7447	  174.2960
9.049	 2.26	 4	 -42.3060	  174.1325
9.050	 2.13	 2	 -44.3216	  169.5919
9.050	 2.81	 5	 -42.2405	  174.0333
9.051	 2.02	 1	 -41.7051	  174.4256
9.051	 2.15	 1	 -42.5780	  172.9141
9.052	 2.14	 4	 -42.0346	  174.9734
9.052	 2.07	 1	 -42.9143	  171.4566
9.053	 2.00	 1	 -42.0704	  173.5881
9.053	 3.40	 4	 -42.2759	  174.2289
9.054	 2.40	 4	 -40.7153	  176.2494
9.055	 2.30	 4	 -42.1255	  174.1031
9.055	 2.82	 4	 -44.5371	  169.2240
9.057	 2.41	 4	 -42.1145	  174.1615
9.057	 2.08	 1	 -41.7847	  174.2567
9.058	 2.51	 5	 -42.2384	  174.1111
9.058	 2.47	 2	 -42.2442	  173.7637
9.059	 2.05	 4	 -42.2919	  174.1746
9.060	 2.64	 2	 -44.3158	  169.3684
9.062	 2.01	 4	 -42.2470	  174.0530
9.063	 2.53	 3	 -44.3179	  169.6879
9.063	 2.37	 4	 -42.2397	  174.0545
9.063	 2.09	 5	 -42.1950	  174.5522
9.064	 2.21	 2	 -43.5900	  172.9991
9.064	 3.59	 4	 -42.2413	  174.0479
9.067	 2.31	 1	 -42.2514	  174.0214
9.069	 2.25	 2	 -42.7684	  173.2817
9.069	 2.27	 4	 -43.8886	  171.7753
9.069	 2.58	 5	 -42.3509	  173.6458
9.070	 2.26	 2	 -41.7020	  174.2372
9.070	 2.18	 4	 -42.2650	  174.2103
9.073	 2.12	 2	 -42.2383	  172.7819
9.074	 3.13	 2	 -42.2929	  173.8222
9.074	 2.40	 1	 -42.3478	  173.8759
9.075	 2.06	 2	 -42.3009	  173.9048
9.075	 2.87	 2	 -44.3702	  169.3831
9.076	 2.18	 2	 -41.9632	  174.0622
9.076	 2.07	 5	 -42.2314	  174.0413
9.077	 2.14	 2	 -41.8750	  173.6305
9.077	 2.01	 1	 -43.2289	  174.5381
9.078	 2.19	 4	 -41.6754	  175.0023
9.079	 2.04	 2	 -44.3886	  169.3340
9.080	 2.50	 2	 -42.3441	  173.8591
9.080	 2.29	 4	 -42.2248	  174.0829
9.080	 3.17	 1	 -41.9440	  173.6198
9.081	 2.19	 2	 -41.6918	  174.2747
9.081	 2.24	 1	 -42.2699	  173.5984
9.081	 2.04	 5	 -42.2407	  174.3185
9.082	 2.34	 1	 -41.7617	  174.2171
9.082	 2.64	 3	 -44.4249	  169.5902
9.083	 2.72	 4	 -41.9571	  173.6642
9.084	 2.13	 4	 -42.4518	  174.6739
9.085	 2.81	 4	 -42.4425	  173.6897
9.085	 2.28	 1	 -42.2285	  173.5336
9.085	 3.78	 1	 -42.1427	  173.3731
9.085	 2.90	 1	 -42.2067	  173.7414
9.086	 2.44	 4	 -42.2946	  174.1687
9.086	 2.12	 4	 -42.1399	  173.8836
9.086	 2.05	 4	 -42.2676	  174.0206
9.086	 3.11	 4	 -42.4795	  175.3695
9.086	 2.33	 4	 -43.3412	  171.7874
9.087	 2.15	 4	 -42.4403	  173.9074
9.089	 2.16	 4	 -46.3128	  176.6064
9.089	 2.61	 2	 -42.7803	  172.2575
9.090	 4.46	 1	 -41.8737	  173.9673
9.091	 2.05	 5	 -42.1756	  174.2249
9.091	 2.01	 4	 -42.2462	  173.9748
9.091	 2.24	 1	 -41.3817	  168.0872
9.094	 2.82	 1	 -43.1754	  178.3452
9.094	 3.19	 3	 -44.3686	  169.5206
9.094	 2.54	 1	 -41.9438	  173.9108
9.094	 4.37	 3	 -42.2961	  173.7652
9.094	 2.00	 4	 -42.2466	  173.7389
9.095	 2.02	 5	 -42.1906	  174.2596
9.095	 2.27	 3	 -44.9497	  172.3430
9.095	 2.42	 1	 -39.1929	  174.9567
9.096	 2.04	 4	 -42.2063	  174.1048
9.097	 2.05	 4	 -42.3089	  174.1530
9.097	 2.59	 5	 -42.2062	  174.0540
9.097	 2.18	 1	 -42.2321	  173.5371
9.098	 2.20	 3	 -41.7571	  174.0753
9.098	 2.09	 1	 -41.6460	  174.2064
9.099	 2.47	 5	 -42.1289	  174.0753
9.100	 2.65	 5	 -42.1813	  174.1927
9.101	 2.02	 5	 -41.9749	  173.6978
9.102	 2.11	 4	 -42.3042	  174.0838
9.102	 2.02	 4	 -41.3132	  175.3611
9.103	 2.42	 4	 -44.5190	  169.1719
9.103	 3.51	 4	 -42.3278	  174.8947
9.104	 2.06	 2	 -42.3240	  174.1015
9.105	 2.02	 4	 -42.1955	  174.2962
9.106	 2.24	 1	 -42.3628	  173.4280
9.106	 2.13	 3	 -44.3878	  169.6565
9.108	 2.18	 1	 -42.4088	  173.1444
9.110	 2.47	 4	 -42.1316	  174.0679
9.111	 2.05	 2	 -42.6061	  175.1784
9.111	 2.07	 3	 -44.5179	  170.0591
9.112	 2.10	 4	 -42.2845	  173.7273
9.113	 2.14	 1	 -43.1876	  173.4702
9.113	 2.00	 1	 -42.4539	  172.9253
9.113	 2.18	 4	 -42.1848	  174.0694
9.114	 2.06	 1	 -41.6989	  174.3392
9.114	 2.31	 4	 -41.9750	  173.7272
9.114	 3.30	 1	 -41.5046	  174.1618
9.117	 2.92	 1	 -43.0432	  173.2625
9.119	 3.06	 3	 -44.1706	  169.5306
9.120	 2.01	 1	 -42.5311	  170.9963
9.121	 2.17	 2	 -42.1413	  173.3600
9.121	 2.14	 2	 -44.4387	  169.3928
9.121	 3.28	 4	 -42.1982	  174.0220
9.121	 2.91	 2	 -41.7317	  174.2365
9.122	 2.30	 1	 -42.1781	  173.6320
9.124	 3.11	 4	 -42.2371	  174.1100
9.125	 2.06	 4	 -40.3866	  174.7672
9.125	 2.64	 5	 -41.7225	  174.3277
9.126	 2.02	 2	 -42.3753	  173.8473
9.126	 2.10	 2	 -44.3338	  169.5905
9.126	 2.41	 1	 -42.6407	  173.1311
9.127	 2.10	 4	 -42.4597	  173.9602
9.128	 2.32	 1	 -42.3057	  173.9060
9.129	 2.01	 2	 -42.2101	  173.4408
9.131	 2.04	 3	 -44.3659	  169.5766
9.132	 2.70	 3	 -44.3697	  169.6636
9.132	 2.19	 1	 -41.7122	  173.8183
9.133	 2.56	 4	 -42.2574	  174.0358
9.133	 2.65	 2	 -42.5203	  173.6047
9.133	 2.16	 1	 -42.0869	  174.3210
9.135	 2.12	 1	 -42.2918	  173.6733
9.136	 2.40	 3	 -44.3733	  169.6711
9.136	 2.89	 5	 -42.2685	  174.2196
9.137	 2.60	 1	 -42.7511	  173.3668
9.141	 2.61	 4	 -42.3760	  174.0586
9.142	 2.40	 1	 -42.0055	  173.5118
9.142	 2.48	 1	 -42.4689	  173.2924
9.143	 2.25	 1	 -42.8033	  173.1037
9.143	 2.77	 1	 -41.9400	  173.9799
9.143	 2.06	 1	 -41.7086	  174.3197
9.143	 2.65	 1	 -42.5006	  173.1828
9.145	 2.25	 1	 -41.7188	  174.2343
9.146	 2.25	 1	 -42.3561	  173.5489
9.146	 2.71	 4	 -42.1639	  174.0175
9.147	 2.55	 4	 -42.1642	  174.2567
9.148	 2.25	 4	 -42.3005	  174.0238
9.148	 2.26	 2	 -41.9846	  174.1660
9.149	 2.32	 2	 -44.2919	  169.7071
9.149	 2.51	 4	 -42.0460	  174.0989
9.150	 3.09	 4	 -42.3303	  174.0586
9.150	 2.42	 5	 -42.1555	  174.3236
9.151	 2.03	 2	 -41.7064	  174.3485
9.151	 2.03	 2	 -42.3796	  173.2136
9.152	 2.02	 1	 -42.5299	  173.1567
9.152	 2.60	 1	 -41.8011	  174.6435
9.153	 2.28	 4	 -42.2648	  174.0602
9.155	 2.23	 4	 -41.7690	  175.8031
9.157	 4.27	 2	 -41.2028	  172.1900
9.160	 2.07	 4	 -42.2238	  174.1222
9.161	 2.18	 1	 -41.9951	  173.6670
9.163	 2.52	 1	 -41.3061	  174.4608
9.163	 2.29	 3	 -44.7561	  169.6244
9.164	 2.22	 1	 -42.4416	  173.2027
9.164	 2.25	 1	 -41.5611	  174.3264
9.164	 2.16	 4	 -42.2794	  173.8700
9.165	 2.11	 4	 -41.6128	  174.1445
9.165	 2.03	 1	 -41.7376	  174.2842
9.166	 2.31	 4	 -42.2028	  174.0561
9.166	 2.10	 2	 -41.6365	  174.1007
9.167	 2.30	 4	 -44.3731	  169.6337
9.170	 2.89	 1	 -42.0082	  173.6049
9.170	 2.23	 2	 -41.7197	  174.3122
9.171	 2.21	 2	 -42.7951	  172.2337
9.172	 2.95	 2	 -42.4708	  174.2553
9.173	 3.41	 1	 -42.2400	  173.8600
9.174	 2.37	 4	 -42.2179	  174.2889
9.174	 2.71	 4	 -42.0636	  174.4978
9.176	 2.23	 2	 -40.7235	  179.5489
9.177	 2.21	 3	 -41.7200	  174.1520
9.177	 2.65	 5	 -42.1908	  174.1047
9.179	 2.87	 3	 -41.6758	  174.4336
9.179	 2.38	 4	 -42.2980	  173.7481
9.180	 2.12	 1	 -41.7260	  174.1524
9.180	 2.91	 1	 -42.3589	  173.6670
9.180	 2.65	 3	 -42.2915	  173.8220
9.181	 2.80	 2	 -44.3514	  169.5210
9.181	 2.53	 4	 -42.0838	  173.8031
9.182	 2.00	 2	 -41.7161	  174.2599
9.184	 2.38	 2	 -41.6797	  174.2364
9.186	 2.01	 4	 -41.1870	  174.3803
9.189	 2.23	 3	 -42.5851	  172.8790
9.189	 2.49	 1	 -42.6117	  172.8835
9.190	 2.05	 1	 -41.4840	  174.4203
9.192	 2.61	 5	 -42.2152	  174.1945
9.192	 2.07	 4	 -42.2083	  174.0711
9.192	 3.00	 4	 -44.4264	  169.5961
9.193	 2.47	 4	 -42.3263	  174.0708
9.195	 2.03	 1	 -42.8615	  172.6593
9.195	 2.32	 1	 -42.2444	  173.6963
9.195	 2.57	 1	 -42.9660	  173.3546
9.199	 2.09	 1	 -42.4178	  172.9706
9.200	 2.67	 2	 -42.6730	  172.8045
9.200	 2.31	 2	 -42.7468	  172.9214
9.203	 2.17	 4	 -42.1085	  173.9768
9.203	 2.34	 1	 -42.5280	  173.2470
9.204	 2.60	 4	 -41.4038	  173.8492
9.205	 2.48	 1	 -41.7265	  174.0856
9.206	 2.14	 1	 -42.3897	  173.2231
9.206	 2.36	 2	 -42.7668	  172.2458
9.207	 2.12	 1	 -42.5658	  172.8433
9.207	 2.01	 1	 -42.2427	  172.3505
9.208	 2.02	 4	 -42.4994	  174.1205
9.210	 2.20	 4	 -42.2022	  173.7738
9.211	 2.49	 4	 -41.5167	  174.4343
9.211	 2.06	 4	 -42.2323	  174.1376
9.213	 3.81	 1	 -42.0941	  173.7030
9.214	 2.04	 4	 -42.3022	  173.7625
9.214	 2.23	 4	 -41.9547	  174.6536
9.217	 2.16	 1	 -42.2467	  173.8184
9.219	 2.48	 1	 -42.4680	  173.1541
9.219	 2.01	 1	 -42.4587	  173.7552
9.220	 2.13	 1	 -42.4045	  173.9360
9.220	 2.34	 4	 -42.0277	  174.1664
9.221	 2.22	 1	 -42.7517	  172.7657
9.221	 2.30	 4	 -42.1123	  173.5418
9.222	 2.74	 1	 -41.7207	  174.1701
9.222	 2.47	 1	 -41.6351	  174.3054
9.223	 2.19	 3	 -44.4242	  169.5739
9.225	 2.85	 4	 -42.2404	  173.9440
9.225	 2.97	 1	 -41.6216	  174.5146
9.226	 2.11	 1	 -41.8391	  173.5400
9.230	 2.08	 5	 -41.8216	  174.2686
9.230	 2.49	 4	 -42.2153	  174.1392
9.230	 2.30	 2	 -41.7498	  174.2586
9.230	 2.12	 1	 -42.5635	  173.1465
9.231	 2.20	 4	 -44.2177	  168.6207
9.231	 2.41	 1	 -42.4604	  173.4763
9.232	 4.23	 4	 -42.2247	  173.9959
9.232	 2.08	 1	 -42.4116	  173.7549
9.234	 2.55	 4	 -42.1391	  174.1368
9.234	 2.27	 2	 -41.7720	  174.0827
9.234	 2.61	 4	 -42.2503	  173.9487
9.234	 2.08	 1	 -42.4717	  173.1741
9.235	 2.44	 4	 -42.2254	  174.0051
9.235	 2.14	 3	 -41.6930	  174.1954
9.237	 2.64	 1	 -41.1106	  172.7956
9.237	 2.09	 4	 -43.6147	  168.0401
9.238	 2.12	 3	 -42.6429	  173.0357
9.239	 2.52	 5	 -42.8735	  172.4556
9.240	 2.05	 4	 -42.1751	  173.9824
9.240	 2.08	 3	 -41.8350	  174.0111
9.242	 2.46	 4	 -44.6645	  179.1710
9.243	 2.01	 4	 -42.4969	  174.4595
9.243	 2.03	 2	 -42.4625	  173.3296
9.243	 2.65	 1	 -41.7982	  167.0266
9.243	 2.88	 4	 -44.3641	  169.5122
9.245	 2.28	 1	 -41.7562	  174.1639
9.246	 2.35	 4	 -42.2078	  174.0273
9.247	 2.03	 4	 -45.0546	  169.3435
9.248	 2.67	 5	 -42.0784	  174.0356
9.249	 3.22	 2	 -41.8091	  174.4024
9.249	 2.03	 1	 -41.8323	  174.2337
9.250	 2.43	 4	 -42.2626	  173.2608
9.250	 2.06	 3	 -42.3997	  171.5184
9.254	 2.07	 1	 -41.6915	  174.1582
9.255	 2.03	 4	 -42.2144	  173.9651
9.256	 2.14	 1	 -41.7865	  174.0248
9.256	 2.19	 2	 -41.8367	  173.6458
9.256	 2.08	 5	 -42.1046	  173.7813
9.257	 2.04	 2	 -44.3796	  169.4422
9.259	 2.68	 1	 -42.6011	  173.2287
9.261	 2.60	 4	 -42.1850	  174.0062
9.263	 2.72	 4	 -42.2933	  174.2724
9.263	 2.29	 1	 -42.3538	  174.0492
9.265	 2.73	 4	 -42.2978	  174.1316
9.265	 2.32	 4	 -42.5039	  173.9678
9.267	 2.29	 1	 -42.4095	  173.8325
9.267	 2.49	 1	 -41.7128	  174.3010
9.268	 2.55	 4	 -42.0146	  174.7565
9.268	 2.77	 1	 -43.2998	  173.2128
9.270	 2.15	 1	 -42.3405	  173.7620
9.270	 2.03	 3	 -41.2504	  172.0481
9.271	 2.02	 4	 -42.4903	  174.5806
9.271	 3.06	 1	 -42.2250	  174.1916
9.273	 2.41	 4	 -41.6790	  174.3774
9.274	 2.32	 5	 -42.2816	  174.0062
9.274	 2.83	 4	 -42.1742	  174.1333
9.274	 2.37	 1	 -41.6898	  174.3576
9.274	 2.21	 1	 -41.6612	  174.2092
9.275	 2.54	 2	 -42.2397	  173.5574
9.275	 2.28	 1	 -42.2074	  173.8660
9.277	 2.37	 1	 -42.1615	  173.4261
9.277	 2.21	 3	 -44.3286	  169.7265
9.277	 2.09	 4	 -42.1974	  174.0924
9.278	 3.08	 4	 -42.2418	  173.9797
9.279	 2.35	 3	 -42.0764	  173.7729
9.279	 2.09	 3	 -44.4090	  169.6811
9.280	 2.22	 1	 -42.3063	  173.6726
9.281	 2.61	 2	 -43.7876	  170.9939
9.281	 2.19	 2	 -41.3618	  174.4236
9.282	 2.28	 5	 -42.2020	  174.2328
9.284	 2.88	 1	 -41.2965	  174.7234
9.285	 4.51	 1	 -41.8536	  173.9709
9.286	 2.20	 1	 -42.0738	  172.9756
9.287	 2.57	 1	 -42.4108	  171.4893
9.287	 2.15	 1	 -42.3051	  173.4955
9.288	 2.81	 4	 -42.2338	  174.2060
9.289	 2.01	 2	 -42.6049	  172.7874
9.289	 2.09	 1	 -42.7944	  173.2098
9.292	 2.81	 1	 -41.8443	  174.1663
9.295	 2.42	 4	 -42.2071	  174.0442
9.296	 2.23	 4	 -41.6639	  168.0421
9.296	 2.20	 1	 -42.4335	  173.3624
9.296	 2.17	 4	 -42.2131	  174.0701
9.297	 2.17	 1	 -41.7593	  174.2478
9.299	 2.13	 5	 -42.1764	  174.2526
9.300	 3.91	 3	 -41.8389	  173.2450
9.300	 2.07	 1	 -41.8313	  173.8869
9.300	 2.34	 4	 -42.6517	  172.8250
9.303	 2.77	 2	 -42.8220	  172.0553
9.304	 2.09	 2	 -42.0484	  173.4719
9.305	 2.02	 2	 -42.1284	  173.5759
9.305	 2.46	 5	 -42.2154	  174.2493
9.305	 2.78	 1	 -41.6755	  174.2472
9.305	 2.12	 6	 -41.7241	  174.3285
9.306	 2.53	 1	 -42.6506	  173.0812
9.307	 2.09	 4	 -42.0510	  173.9271
9.307	 2.53	 1	 -41.7060	  174.2208
9.308	 2.26	 1	 -42.2630	  173.7626
9.308	 2.21	 5	 -42.0698	  173.9806
9.308	 2.72	 2	 -42.7146	  172.0896
9.309	 2.43	 1	 -42.0838	  173.6532
9.309	 2.65	 1	 -41.8484	  174.3235
9.310	 2.04	 1	 -42.1104	  173.7867
9.312	 3.18	 3	 -44.3738	  169.6303
9.312	 2.41	 2	 -42.1755	  173.5965
9.313	 2.27	 1	 -41.8595	  174.0129
9.315	 2.06	 1	 -41.2547	  167.7299
9.316	 2.18	 4	 -42.5427	  172.8947
9.317	 2.52	 1	 -42.7897	  174.7182
9.318	 2.76	 1	 -42.6414	  173.2934
9.318	 2.24	 1	 -41.6912	  174.2970
9.318	 2.25	 1	 -41.9243	  173.8577
9.319	 2.00	 4	 -42.2161	  174.2323
9.320	 2.50	 2	 -41.6988	  174.1102
9.320	 2.40	 1	 -42.5100	  173.8524
9.321	 2.16	 3	 -44.3601	  169.6768
9.321	 2.11	 2	 -41.8567	  174.3525
9.321	 2.05	 2	 -41.7040	  174.3058
9.322	 2.09	 2	 -42.3267	  173.7779
9.322	 2.44	 5	 -42.2846	  173.9334
9.322	 2.02	 4	 -42.2414	  174.0691
9.323	 2.17	 2	 -42.6298	  173.0166
9.324	 2.00	 3	 -42.3952	  173.8410
9.324	 3.53	 5	 -42.2081	  174.2678
9.325	 2.64	 1	 -41.6622	  174.3821
9.325	 2.12	 2	 -42.7420	  172.6424
9.326	 2.05	 2	 -37.9942	  173.6992
9.326	 2.23	 3	 -41.2753	  172.1171
9.327	 2.66	 5	 -42.2020	  174.2576
9.327	 2.57	 1	 -42.1792	  173.5121
9.328	 2.42	 2	 -41.6045	  174.1811
9.328	 2.32	 4	 -42.1941	  174.0197
9.329	 2.71	 5	 -42.0074	  174.0171
9.332	 2.15	 3	 -42.5141	  173.3515
9.332	 2.16	 1	 -42.6230	  173.0338
9.333	 2.16	 1	 -42.1248	  173.5961
9.333	 2.02	 1	 -41.7353	  174.1429
9.335	 2.10	 4	 -46.2580	  176.7615
9.335	 2.24	 2	 -42.1939	  173.7573
9.337	 2.33	 1	 -42.1051	  173.7479
9.338	 2.47	 4	 -42.1690	  174.0180
9.339	 2.33	 1	 -42.2989	  173.6666
9.340	 2.05	 3	 -41.8428	  174.2874
9.340	 2.63	 1	 -42.0005	  174.4296
9.340	 3.68	 1	 -42.5326	  173.2919
9.340	 2.24	 2	 -41.7374	  174.2778
9.341	 2.51	 1	 -41.7894	  174.1846
9.341	 2.11	 1	 -43.0490	  173.7581
9.342	 2.83	 1	 -42.2185	  173.6314
9.343	 2.88	 5	 -42.2149	  174.0035
9.344	 2.03	 1	 -41.7334	  173.1500
9.344	 2.80	 3	 -42.4110	  173.8604
9.345	 2.31	 1	 -42.4433	  173.1330
9.345	 2.12	 1	 -42.4790	  172.7915
9.346	 2.74	 1	 -42.2911	  173.8703
9.347	 2.63	 1	 -41.6331	  174.1973
9.349	 2.10	 2	 -44.4294	  169.5504
9.349	 2.86	 1	 -41.7981	  174.2471
9.350	 2.23	 1	 -41.7523	  174.2613
9.350	 2.10	 4	 -44.4619	  169.5019
9.352	 4.49	 2	 -41.3270	  172.5896
9.352	 2.07	 1	 -42.4781	  173.0251
9.353	 2.04	 1	 -42.0021	  173.7189
9.354	 2.21	 5	 -42.1967	  174.2771
9.354	 2.78	 1	 -41.6809	  174.2486
9.355	 2.07	 2	 -42.2776	  174.0046
9.356	 2.41	 2	 -41.9282	  173.9264
9.356	 2.01	 4	 -42.1791	  174.2341
9.357	 2.18	 1	 -42.1759	  173.6660
9.357	 2.36	 2	 -40.8023	  174.0079
9.358	 2.26	 4	 -42.1385	  174.1186
9.359	 2.20	 1	 -41.6941	  167.1323
9.360	 2.12	 4	 -41.9290	  173.6662
9.363	 2.13	 1	 -41.7532	  174.1870
9.363	 2.22	 1	 -41.6972	  174.1861
9.364	 2.46	 1	 -42.0966	  173.7738
9.364	 2.62	 2	 -42.4345	  173.6832
9.364	 2.33	 1	 -42.2408	  173.7971
9.365	 2.00	 3	 -42.8186	  172.3493
9.365	 2.17	 2	 -42.4510	  173.3234
9.367	 2.47	 2	 -42.3747	  173.5416
9.370	 3.41	 5	 -42.2419	  174.1160
9.370	 2.82	 5	 -42.2416	  174.0064
9.371	 2.20	 1	 -42.2919	  173.7041
9.371	 2.21	 2	 -44.5679	  169.5571
9.371	 2.97	 4	 -42.2542	  173.9799
9.372	 2.21	 1	 -42.2693	  173.6250
9.372	 2.10	 1	 -42.2063	  173.7225
9.373	 2.33	 1	 -42.3853	  174.0299
9.373	 2.52	 1	 -42.9482	  172.1371
9.374	 2.52	 2	 -41.6739	  174.3515
9.375	 2.26	 4	 -41.8773	  173.7769
9.375	 2.35	 3	 -41.2758	  172.5062
9.376	 2.50	 4	 -42.1528	  174.4616
9.376	 2.07	 2	 -42.3014	  173.8429
9.377	 3.01	 5	 -42.1231	  174.2303
9.378	 2.03	 1	 -42.4059	  173.5536
9.379	 2.09	 1	 -41.7688	  174.2654
9.379	 2.05	 1	 -42.3623	  174.0561
9.380	 2.16	 1	 -42.2667	  173.4686
9.382	 2.03	 1	 -41.8878	  174.2112
9.383	 2.29	 1	 -42.5621	  173.5978
9.387	 2.35	 1	 -41.4762	  174.2936
9.387	 2.62	 1	 -41.7492	  174.1369
9.387	 2.05	 4	 -42.3399	  174.1273
9.388	 2.40	 1	 -42.4128	  173.7607
9.388	 2.23	 2	 -41.6944	  174.3008
9.389	 2.01	 2	 -41.7914	  174.4139
9.389	 3.03	 1	 -41.7243	  174.1819
9.390	 2.22	 2	 -41.6837	  174.2747
9.390	 2.16	 1	 -42.2611	  173.7430
9.393	 2.61	 2	 -41.7351	  174.4177
9.393	 2.33	 4	 -42.2574	  173.7666
9.394	 2.19	 2	 -43.1590	  173.3157
9.395	 2.59	 1	 -41.7041	  174.2835
9.396	 2.33	 1	 -41.8012	  174.1582
9.396	 2.09	 1	 -41.7299	  174.3327
9.398	 2.22	 1	 -41.6885	  174.3225
9.399	 2.06	 2	 -44.4046	  169.7060
9.399	 2.01	 1	 -41.8550	  173.9872
9.399	 2.38	 2	 -44.2788	  169.6647
9.400	 2.33	 4	 -42.1899	  173.9645
9.400	 2.13	 4	 -42.2573	  174.1606
9.401	 2.06	 1	 -42.5358	  173.0441
9.403	 2.82	 4	 -44.4257	  169.5455
9.404	 2.41	 5	 -42.2604	  174.1939
9.405	 2.04	 1	 -42.4777	  173.4196
9.406	 2.18	 1	 -41.7836	  174.1372
9.407	 3.63	 5	 -42.1618	  174.2152
9.407	 2.11	 4	 -42.3076	  173.3269
9.409	 2.10	 1	 -41.7142	  174.2375
9.411	 2.13	 5	 -42.1731	  174.0787
9.414	 2.84	 1	 -42.4029	  173.3038
9.414	 2.47	 2	 -44.1839	  174.4054
9.414	 2.05	 5	 -42.0737	  174.1263
9.415	 2.21	 1	 -42.1165	  173.6053
9.416	 2.71	 1	 -42.3509	  173.7017
9.417	 2.40	 1	 -40.6164	  173.8781
9.419	 2.20	 1	 -42.5138	  173.1203
9.419	 2.26	 3	 -41.8089	  175.4006
9.419	 2.22	 4	 -42.3075	  173.9913
9.420	 2.48	 1	 -42.3622	  173.9995
9.421	 2.10	 4	 -42.2290	  174.0650
9.422	 3.66	 1	 -41.7133	  174.2633
9.422	 2.20	 1	 -42.7416	  172.9890
9.423	 2.43	 4	 -42.2557	  174.0114
9.426	 2.30	 3	 -42.4525	  173.4718
9.426	 2.50	 5	 -42.2135	  174.2898
9.426	 2.65	 4	 -41.9747	  174.1446
9.428	 2.42	 4	 -41.8539	  173.2387
9.429	 2.80	 4	 -42.1076	  174.3796
9.430	 2.02	 2	 -42.2772	  173.7908
9.432	 2.63	 1	 -41.5130	  174.3806
9.432	 2.58	 4	 -42.3428	  173.9521
9.432	 2.19	 4	 -42.1675	  173.5810
9.433	 2.27	 4	 -43.6252	  167.9973
9.433	 2.11	 4	 -42.2050	  174.1032
9.434	 2.31	 4	 -42.2235	  173.9962
9.437	 3.36	 1	 -42.9399	  174.1060
9.437	 2.43	 1	 -42.3257	  173.5922
9.438	 2.23	 1	 -42.4011	  173.9297
9.441	 2.01	 1	 -42.8301	  173.0059
9.442	 2.06	 1	 -42.6115	  172.3092
9.443	 2.35	 4	 -40.7622	  171.4909
9.443	 2.63	 1	 -42.1626	  173.0065
9.443	 2.74	 1	 -42.3491	  173.7184
9.443	 2.62	 1	 -41.7843	  174.2151
9.446	 2.08	 4	 -42.2399	  173.7609
9.448	 2.31	 1	 -42.8513	  173.3156
9.448	 2.07	 4	 -42.0662	  173.8210
9.449	 2.85	 1	 -42.9177	  174.1158
9.450	 2.10	 3	 -42.2890	  173.7146
9.451	 2.08	 1	 -41.7468	  174.2575
9.451	 2.87	 1	 -42.3497	  172.6407
9.453	 2.18	 1	 -42.3537	  174.1706
9.457	 2.04	 2	 -41.8579	  174.0265
9.457	 2.06	 2	 -41.7172	  174.2556
9.457	 2.60	 4	 -41.6879	  175.0118
9.458	 2.10	 2	 -42.4877	  173.1588
9.460	 2.02	 4	 -42.3204	  174.0958
9.460	 2.57	 3	 -44.4050	  169.7072
9.461	 2.04	 1	 -41.6595	  173.4017
9.463	 2.16	 3	 -44.3810	  169.6121
9.463	 3.30	 3	 -44.3788	  169.6530
9.463	 3.79	 2	 -44.2274	  169.6941
9.465	 2.11	 1	 -42.6234	  172.8584
9.466	 2.68	 4	 -42.1332	  174.3929
9.466	 3.07	 2	 -41.6835	  174.2703
9.466	 2.47	 3	 -42.1950	  173.5481
9.467	 2.52	 4	 -41.7429	  174.3468
9.471	 2.22	 2	 -41.7888	  174.2012
9.472	 3.02	 4	 -41.9047	  174.1716
9.473	 2.19	 1	 -42.3028	  173.4458
9.474	 3.41	 5	 -43.7529	  177.7788
9.474	 2.02	 1	 -42.3979	  173.7795
9.474	 2.55	 2	 -42.3529	  174.1711
9.475	 2.10	 4	 -42.7422	  173.9851
9.478	 2.02	 1	 -42.3677	  173.2000
9.478	 2.42	 4	 -42.2644	  174.1157
9.479	 2.26	 1	 -42.1447	  173.3443
9.480	 2.51	 1	 -41.2008	  174.4967
9.481	 2.12	 1	 -41.7063	  174.2227
9.482	 3.10	 4	 -42.2694	  174.0329
9.483	 2.12	 2	 -42.6610	  172.9122
9.483	 2.41	 3	 -44.3881	  169.6902
9.484	 2.31	 1	 -42.1478	  173.5811
9.484	 2.12	 5	 -43.0791	  175.8040
9.484	 2.36	 4	 -40.5657	  174.7631
9.486	 2.27	 2	 -42.4841	  173.1086
9.489	 3.10	 3	 -41.7408	  174.1794
9.490	 3.80	 1	 -41.7971	  174.2695
9.491	 3.94	 3	 -44.3994	  169.7638
9.491	 2.13	 1	 -40.9609	  175.1495
9.493	 2.58	 3	 -44.3502	  169.5668
9.494	 2.91	 4	 -41.9873	  173.7158
9.495	 3.22	 2	 -41.8488	  174.0055
9.496	 2.39	 4	 -41.5263	  173.3878
9.497	 2.28	 2	 -42.8070	  173.2759
9.499	 3.41	 4	 -42.3397	  174.0585
9.499	 2.18	 4	 -42.1953	  174.2286
9.499	 3.19	 1	 -41.6936	  174.2954
9.501	 3.57	 2	 -44.3820	  169.6305
9.502	 2.63	 1	 -42.4251	  173.7399
9.503	 2.52	 1	 -42.5741	  173.0230
9.504	 3.14	 2	 -41.1733	  174.2010
9.505	 2.35	 2	 -42.3002	  173.6160
9.507	 2.18	 1	 -41.8039	  174.2766
9.507	 2.08	 3	 -44.3315	  169.7400
9.510	 3.02	 2	 -42.2808	  173.5627
9.510	 2.26	 4	 -42.0594	  174.0345
9.511	 4.10	 1	 -42.2116	  173.6393
9.512	 2.11	 4	 -42.2332	  173.5733
9.513	 3.06	 2	 -44.3084	  169.5343
9.513	 2.18	 4	 -42.1895	  173.9637
9.513	 2.39	 2	 -42.1566	  173.6541
9.515	 2.45	 1	 -41.9196	  174.2971
9.515	 2.11	 1	 -42.3067	  173.7186
9.517	 2.09	 4	 -42.3135	  174.3120
9.517	 2.59	 2	 -44.2594	  169.5365
9.520	 2.26	 4	 -41.9889	  173.7913
9.520	 2.73	 1	 -42.6396	  172.9549
9.520	 3.10	 1	 -41.7269	  174.4159
9.520	 2.30	 4	 -42.3567	  174.1378
9.522	 2.18	 4	 -44.5073	  169.8056
9.523	 2.11	 2	 -44.4702	  169.4890
9.523	 2.27	 4	 -41.5696	  173.9887
9.523	 2.11	 1	 -41.7643	  174.2504
9.526	 3.09	 2	 -44.2990	  169.4388
9.526	 2.39	 2	 -42.2006	  174.2447
9.531	 2.09	 4	 -42.3206	  173.8273
9.533	 2.18	 1	 -41.6713	  174.2967
9.533	 2.12	 4	 -42.2075	  174.0363
9.533	 2.49	 3	 -42.6645	  172.8837
9.534	 3.40	 4	 -42.2451	  174.0203
9.534	 2.27	 2	 -42.0749	  173.6693
9.535	 2.13	 1	 -42.7344	  173.1267
9.536	 2.13	 2	 -41.9455	  173.7455
9.536	 2.73	 1	 -42.6603	  172.6958
9.536	 2.27	 1	 -42.7633	  173.1671
9.537	 2.30	 1	 -42.3148	  173.4946
9.538	 2.36	 5	 -42.4168	  173.9915
9.539	 2.24	 2	 -42.1558	  173.6320
9.540	 2.21	 1	 -42.4132	  174.1501
9.541	 2.22	 4	 -42.3220	  173.9201
9.542	 3.84	 1	 -42.1827	  173.5070
9.543	 2.20	 1	 -42.6759	  173.2624
9.543	 2.03	 2	 -43.1368	  173.2282
9.543	 2.56	 1	 -41.7341	  174.2475
9.543	 2.13	 4	 -42.1792	  173.8091
9.544	 3.03	 2	 -42.4304	  173.1194
9.546	 2.03	 4	 -42.1334	  173.9992
9.546	 2.11	 1	 -42.6242	  172.9837
9.546	 2.21	 2	 -41.5179	  174.3601
9.547	 2.06	 3	 -41.6953	  174.2672
9.548	 2.33	 1	 -42.2433	  173.6293
9.549	 3.77	 1	 -42.3982	  173.8387
9.551	 3.11	 2	 -44.0891	  169.4602
9.552	 2.79	 2	 -44.2968	  169.7187
9.552	 2.29	 3	 -42.5708	  172.8764
9.553	 2.20	 4	 -42.0909	  173.7952
9.555	 3.12	 3	 -42.3750	  173.8029
9.555	 4.87	 1	 -41.8112	  174.2811
9.556	 2.24	 1	 -42.1538	  174.0563
9.557	 3.37	 2	 -41.7860	  173.8719
9.557	 2.32	 2	 -41.8119	  174.4072
9.557	 2.13	 1	 -41.5378	  174.2436
9.558	 3.51	 2	 -41.7009	  174.2514
9.559	 2.03	 4	 -42.2601	  173.9089
9.561	 2.09	 5	 -42.3441	  174.0910
9.562	 2.63	 1	 -42.3473	  174.1756
9.562	 2.13	 4	 -42.1908	  174.1518
9.563	 2.17	 2	 -42.3605	  173.1646
9.564	 2.02	 1	 -42.5791	  173.2724
9.564	 2.31	 3	 -44.2821	  169.4970
9.564	 2.18	 1	 -41.8655	  174.1503
9.565	 2.63	 2	 -42.5476	  173.3608
9.567	 2.13	 4	 -42.1103	  174.3640
9.567	 2.40	 1	 -42.1232	  174.2500
9.567	 2.23	 4	 -42.2869	  174.0659
9.569	 2.33	 4	 -42.2105	  174.2427
9.570	 2.61	 1	 -42.3969	  173.7732
9.571	 2.67	 2	 -42.7116	  172.2096
9.573	 2.35	 1	 -41.7458	  174.3590
9.574	 2.05	 1	 -41.5757	  173.9884
9.574	 2.16	 1	 -41.8158	  174.3311
9.576	 2.11	 4	 -42.2360	  174.0941
9.576	 2.67	 2	 -41.7906	  174.3259
9.578	 2.66	 1	 -42.4455	  173.3489
9.579	 2.94	 2	 -42.3547	  174.1168
9.580	 2.45	 3	 -41.6192	  174.2610
9.580	 4.76	 2	 -42.3437	  173.8748
9.580	 2.86	 5	 -41.6779	  174.0840
9.581	 2.05	 1	 -42.6364	  173.0753
9.582	 2.78	 1	 -42.6754	  172.9163
9.583	 2.74	 2	 -42.0421	  173.4039
9.583	 2.14	 3	 -40.9730	  172.7212
9.585	 2.23	 4	 -42.2171	  174.0804
9.585	 2.54	 2	 -41.7200	  174.3382
9.586	 2.49	 1	 -41.7251	  174.2028
9.588	 2.10	 1	 -42.4400	  173.7643
9.589	 2.91	 2	 -42.4205	  173.0763
9.589	 2.48	 2	 -42.2790	  175.1245
9.589	 2.03	 4	 -42.3237	  173.9728
9.589	 2.55	 1	 -42.2584	  173.6116
9.590	 2.28	 1	 -41.7884	  174.0622
9.592	 3.06	 1	 -42.3518	  173.7395
9.593	 2.10	 2	 -41.9761	  173.7281
9.594	 2.07	 1	 -42.7199	  173.1541
9.595	 2.08	 2	 -44.3061	  169.6832
9.595	 3.22	 4	 -42.1597	  173.9263
9.596	 2.21	 2	 -42.3278	  175.1420
9.597	 2.03	 3	 -44.3769	  169.6388
9.599	 2.25	 2	 -42.5835	  173.2539
9.599	 2.11	 4	 -44.3809	  169.6528
9.599	 2.12	 4	 -44.3865	  169.6898
9.599	 2.75	 4	 -42.2528	  174.0760
9.600	 2.75	 1	 -42.3446	  174.1145
9.601	 2.63	 2	 -41.9440	  174.3909
9.601	 2.97	 1	 -42.5016	  172.5216
9.602	 3.77	 1	 -41.8499	  174.2214
9.602	 2.10	 1	 -42.4915	  173.3959
9.603	 3.78	 4	 -42.0478	  174.0794
9.603	 3.00	 1	 -42.2914	  173.5221
9.604	 3.11	 3	 -44.1619	  169.5480
9.604	 3.59	 2	 -42.7617	  173.0851
9.604	 2.34	 4	 -42.0132	  174.4804
9.604	 2.23	 1	 -42.3354	  174.0257
9.606	 2.47	 1	 -41.7074	  174.2186
9.607	 2.30	 4	 -44.3989	  169.7711
9.609	 2.19	 1	 -42.0359	  173.7367
9.609	 2.04	 1	 -43.0065	  172.1602
9.610	 2.34	 3	 -42.3307	  173.8629
9.610	 2.47	 1	 -42.3479	  173.1181
9.611	 2.41	 2	 -41.7754	  174.1282
9.611	 2.33	 2	 -42.3813	  174.0874
9.611	 2.93	 4	 -42.1791	  173.8886
9.611	 2.24	 3	 -41.6509	  174.2211
9.612	 2.28	 4	 -41.4971	  172.9585
9.612	 2.65	 2	 -42.1058	  173.7107
9.612	 2.50	 1	 -42.4403	  173.7039
9.615	 2.23	 1	 -41.6804	  174.1403
9.616	 2.50	 1	 -42.3357	  173.8105
9.616	 2.24	 1	 -42.5173	  173.3514
9.617	 2.02	 1	 -41.7252	  174.2815
9.618	 2.73	 1	 -41.7505	  174.3045
9.619	 2.27	 2	 -42.3867	  173.7620
9.619	 2.27	 3	 -41.6941	  174.3825
9.620	 2.35	 3	 -42.5087	  173.8842
9.621	 2.38	 6	 -42.2162	  174.1972
9.622	 2.04	 4	 -42.3050	  174.4352
9.623	 2.43	 3	 -44.3815	  169.4665
9.626	 2.22	 4	 -42.0927	  173.9716
9.628	 2.08	 1	 -42.5903	  173.7626
9.628	 2.59	 1	 -41.8616	  174.0877
9.629	 2.16	 1	 -42.4137	  174.0524
9.631	 2.24	 4	 -42.3744	  174.1491
9.631	 2.16	 2	 -41.8565	  174.2196
9.631	 2.06	 1	 -41.6699	  174.1914
9.632	 2.34	 1	 -42.0238	  173.5622
9.632	 2.53	 5	 -42.2396	  173.9404
9.634	 2.05	 2	 -42.0001	  175.2920
9.636	 2.60	 4	 -43.0726	  173.6893
9.637	 2.62	 1	 -42.2680	  173.6426
9.640	 2.08	 2	 -41.8153	  174.1514
9.641	 2.59	 4	 -41.7129	  174.2866
9.641	 2.12	 2	 -44.4399	  169.4379
9.641	 2.22	 1	 -42.4490	  173.9758
9.641	 2.06	 2	 -42.6762	  172.9160
9.642	 2.05	 2	 -44.3685	  169.5790
9.642	 2.08	 4	 -42.2273	  174.0563
9.644	 3.70	 4	 -42.3044	  174.0881
9.644	 2.36	 1	 -42.5661	  174.0686
9.645	 2.20	 2	 -41.6720	  174.2401
9.647	 2.01	 4	 -42.6287	  172.8935
9.648	 3.10	 2	 -42.5133	  173.3608
9.649	 2.16	 2	 -41.7984	  174.2749
9.650	 2.30	 3	 -42.3395	  173.8863
9.651	 2.70	 4	 -42.2400	  174.0271
9.652	 2.07	 3	 -42.3121	  173.6842
9.652	 2.30	 1	 -41.9865	  174.1729
9.653	 2.00	 1	 -42.2144	  173.4382
9.653	 2.12	 5	 -42.2283	  174.0205
9.654	 3.03	 4	 -42.3203	  174.2402
9.654	 2.03	 2	 -41.9777	  174.1916
9.656	 3.68	 1	 -42.8216	  172.7601
9.656	 2.60	 3	 -42.5092	  172.9835
9.658	 2.31	 1	 -42.4230	  174.0934
9.658	 2.17	 3	 -42.3386	  173.8908
9.660	 2.54	 2	 -41.9979	  174.5313
9.660	 2.40	 2	 -41.4967	  174.2056
9.661	 2.80	 5	 -42.1821	  174.3051
9.662	 2.06	 2	 -41.6399	  174.2977
9.663	 2.45	 5	 -41.5545	  174.1618
9.666	 3.62	 2	 -42.8641	  173.3020
9.668	 2.36	 1	 -41.7951	  174.0909
9.672	 2.28	 1	 -42.4038	  173.1732
9.673	 2.30	 2	 -41.9741	  173.5077
9.674	 2.05	 1	 -42.1748	  173.7124
9.675	 2.27	 4	 -43.3140	  176.4535
9.676	 2.71	 1	 -41.7548	  174.3002
9.677	 3.84	 1	 -41.7173	  174.2825
9.678	 2.49	 5	 -42.0299	  174.0641
9.678	 2.13	 4	 -42.2105	  173.9269
9.678	 2.14	 4	 -42.1979	  173.8239
9.678	 2.10	 1	 -42.2239	  172.4172
9.679	 2.00	 4	 -42.8195	  173.8218
9.682	 2.11	 2	 -42.1598	  166.8729
9.685	 2.11	 4	 -42.4023	  174.5847
9.687	 2.90	 4	 -42.1031	  173.9117
9.688	 2.89	 2	 -42.3228	  173.7887
9.688	 2.84	 2	 -44.0139	  169.4231
9.688	 2.35	 1	 -42.3524	  173.6633
9.689	 2.28	 4	 -42.3091	  174.1077
9.689	 2.34	 2	 -41.7388	  174.2501
9.690	 2.59	 4	 -42.1882	  174.1473
9.690	 3.35	 4	 -42.1590	  173.9555
9.690	 4.11	 4	 -42.6698	  175.3781
9.692	 2.58	 4	 -42.1910	  174.0725
9.692	 2.62	 2	 -44.0946	  169.3706
9.693	 2.19	 1	 -42.1088	  173.6657
9.693	 2.25	 1	 -42.7676	  174.8900
9.695	 2.94	 1	 -42.1417	  173.8130
9.696	 2.05	 4	 -42.3272	  174.2361
9.696	 2.35	 5	 -41.9836	  173.7349
9.696	 2.83	 1	 -41.7733	  174.2956
9.699	 2.22	 1	 -41.7214	  174.3435
9.700	 2.02	 2	 -41.7807	  174.1748
9.700	 2.26	 1	 -42.3858	  173.9128
9.703	 2.26	 1	 -42.2629	  173.7475
9.707	 2.62	 2	 -44.1785	  169.8364
9.709	 3.39	 4	 -41.4366	  174.2560
9.709	 2.13	 5	 -42.1703	  174.2304
9.711	 3.40	 1	 -41.8002	  174.2184
9.711	 2.15	 3	 -41.7095	  174.2706
9.713	 2.37	 1	 -41.9499	  173.5012
9.715	 3.06	 1	 -42.4600	  173.1450
9.715	 2.34	 1	 -42.4323	  173.3602
9.715	 3.45	 2	 -41.7806	  174.1690
9.715	 2.24	 1	 -42.0112	  173.4736
9.715	 2.23	 5	 -42.6765	  175.4050
9.716	 2.25	 1	 -41.7685	  174.2625
9.717	 3.00	 5	 -42.2106	  174.2417
9.718	 2.81	 1	 -42.4892	  173.2599
9.720	 2.08	 2	 -41.8691	  174.2251
9.722	 2.51	 4	 -41.8611	  173.9676
9.723	 2.03	 1	 -42.2258	  173.6673
9.723	 2.03	 1	 -42.4462	  172.9594
9.723	 2.05	 3	 -44.4480	  169.4443
9.724	 2.09	 2	 -41.4951	  174.1127
9.724	 2.70	 1	 -42.3654	  173.7280
9.725	 2.13	 1	 -42.1952	  172.6293
9.725	 2.58	 1	 -42.3747	  173.0825
9.725	 2.20	 2	 -41.7617	  174.2286
9.726	 2.01	 2	 -44.4363	  169.6847
9.726	 2.00	 2	 -42.8902	  172.2312
9.728	 2.70	 2	 -42.5541	  173.5942
9.728	 3.04	 1	 -42.7444	  172.7986
9.729	 2.14	 1	 -41.6710	  174.3385
9.730	 2.33	 2	 -41.4965	  174.1165
9.732	 2.80	 4	 -42.1464	  174.1119
9.733	 2.24	 4	 -42.1346	  173.9243
9.734	 3.78	 4	 -42.2002	  174.1609
9.735	 3.76	 1	 -42.4513	  173.1511
9.735	 3.40	 5	 -42.2413	  174.1311
9.735	 2.16	 2	 -41.9671	  174.4496
9.735	 2.65	 1	 -42.6266	  172.8648
9.736	 2.33	 3	 -42.3328	  173.8835
9.737	 2.11	 3	 -44.3554	  169.6424
9.737	 2.27	 1	 -42.3664	  174.8783
9.738	 2.13	 2	 -42.2290	  174.0944
9.738	 2.28	 2	 -42.6924	  171.1482
9.738	 3.18	 2	 -41.8748	  173.9886
9.739	 2.31	 1	 -41.6185	  173.6821
9.739	 2.14	 6	 -42.1808	  174.3030
9.739	 2.06	 2	 -41.6667	  174.3456
9.742	 2.14	 5	 -42.6987	  175.3698
9.743	 2.53	 2	 -43.9842	  171.2694
9.743	 2.51	 5	 -42.6688	  175.3735
9.743	 2.26	 1	 -41.8590	  174.2509
9.743	 2.56	 1	 -42.5566	  175.9262
9.743	 2.91	 2	 -44.3120	  169.5937
9.743	 2.47	 2	 -42.6540	  172.7529
9.744	 2.24	 1	 -42.3684	  174.0221
9.744	 2.23	 4	 -41.6635	  174.0947
9.744	 3.46	 3	 -42.2925	  173.5637
9.745	 2.20	 1	 -41.6849	  174.2204
9.748	 2.45	 1	 -42.0380	  173.7103
9.751	 3.05	 1	 -43.3824	  175.0743
9.753	 2.42	 3	 -42.2553	  173.7622
9.754	 2.06	 1	 -41.9821	  173.4820
9.755	 2.24	 5	 -41.6227	  174.3394
9.756	 3.07	 1	 -40.0465	  177.9367
9.757	 2.84	 4	 -41.4796	  174.5077
9.758	 2.25	 1	 -42.1819	  173.8319
9.758	 2.63	 1	 -42.8224	  174.0883
9.760	 2.43	 5	 -42.1522	  174.0365
9.760	 3.54	 1	 -42.4256	  173.1172
9.761	 2.41	 1	 -42.2988	  173.6787
9.761	 3.06	 4	 -41.6378	  173.6941
9.764	 2.20	 4	 -42.1182	  174.1053
9.764	 2.19	 2	 -41.6805	  174.4484
9.764	 2.54	 2	 -41.7700	  173.1180
9.765	 2.13	 1	 -41.1129	  179.7167
9.765	 2.11	 1	 -42.4329	  173.7380
9.766	 2.27	 2	 -41.8537	  173.9726
9.766	 2.12	 1	 -42.4858	  173.8657
9.767	 2.56	 1	 -42.3629	  173.4026
9.767	 2.28	 4	 -42.2236	  174.0389
9.768	 2.09	 2	 -41.9343	  174.4124
9.769	 2.37	 2	 -41.9357	  174.2111
9.770	 2.16	 3	 -42.8968	  173.3234
9.770	 2.23	 5	 -42.3317	  174.0376
9.771	 3.09	 2	 -41.7755	  174.3164
9.771	 2.46	 5	 -42.3323	  174.8971
9.773	 2.60	 1	 -41.7465	  174.1784
9.773	 2.23	 3	 -44.3660	  169.5796
9.774	 2.15	 4	 -42.2046	  173.9834
9.774	 2.58	 4	 -41.8199	  173.2555
9.774	 3.22	 2	 -41.9343	  174.0221
9.775	 2.42	 1	 -41.8271	  174.2991
9.775	 2.09	 5	 -41.7796	  173.2915
9.776	 2.59	 2	 -42.8122	  172.8036
9.776	 2.13	 4	 -42.2555	  174.0084
9.777	 2.11	 4	 -42.2392	  173.8467
9.778	 2.52	 1	 -41.6325	  174.2025
9.778	 2.19	 2	 -41.7967	  174.2672
9.779	 2.19	 1	 -42.2286	  173.5336
9.780	 2.27	 1	 -42.2806	  173.7620
9.782	 2.09	 4	 -41.6920	  174.2780
9.783	 2.08	 2	 -41.6657	  174.2577
9.787	 2.38	 2	 -43.6108	  169.0130
9.788	 2.10	 2	 -41.7956	  174.2983
9.788	 2.61	 2	 -41.7097	  174.3797
9.788	 2.20	 1	 -42.3728	  173.4836
9.789	 2.10	 2	 -42.3289	  173.8847
9.791	 2.36	 3	 -42.3318	  173.8978
9.793	 2.11	 1	 -42.1240	  173.6889
9.793	 2.06	 4	 -42.1848	  173.8019
9.794	 2.20	 1	 -42.3219	  173.1771
9.794	 3.78	 2	 -44.3332	  169.5290
9.795	 2.20	 4	 -42.4945	  172.8620
9.795	 2.36	 4	 -42.7762	  172.1713
9.797	 2.01	 3	 -44.3930	  169.6820
9.798	 2.14	 4	 -42.1612	  173.9951
9.798	 2.29	 1	 -42.1650	  173.6928
9.799	 2.57	 4	 -42.2512	  174.2156
9.800	 2.17	 3	 -41.6220	  174.2475
9.801	 2.45	 4	 -42.2445	  173.9589
9.801	 2.19	 4	 -42.2462	  174.0116
9.802	 3.29	 4	 -42.2102	  174.1226
9.802	 2.28	 1	 -42.3429	  173.8837
9.802	 2.06	 1	 -42.4058	  173.1098
9.803	 2.08	 1	 -42.3438	  173.0606
9.803	 2.02	 1	 -41.7863	  174.2893
9.803	 2.63	 2	 -41.9210	  173.9514
9.803	 2.84	 1	 -42.3064	  173.9194
9.808	 2.60	 3	 -42.0878	  173.6506
9.809	 2.21	 2	 -42.8854	  174.0298
9.809	 2.41	 4	 -42.2096	  173.8284
9.809	 2.25	 1	 -42.1928	  174.1486
9.810	 3.74	 1	 -41.6728	  173.5210
9.812	 2.23	 4	 -42.3242	  173.9277
9.814	 2.09	 1	 -42.3619	  173.0797
9.816	 3.01	 1	 -41.7117	  174.1821
9.816	 2.91	 1	 -41.7630	  174.3371
9.817	 2.69	 5	 -40.9651	  175.4135
9.817	 2.56	 1	 -41.5965	  174.3348
9.817	 2.14	 2	 -42.2764	  173.7576
9.818	 2.10	 4	 -42.2543	  174.1528
9.820	 2.67	 1	 -42.5598	  172.9035
9.821	 2.07	 4	 -42.5046	  174.1487
9.821	 2.07	 2	 -42.1805	  173.7911
9.822	 2.05	 4	 -42.2048	  173.4057
9.823	 2.60	 1	 -42.5044	  173.5858
9.823	 2.19	 1	 -42.7165	  173.1130
9.823	 2.11	 1	 -42.6987	  172.9301
9.824	 2.40	 1	 -42.2923	  173.7103
9.824	 2.10	 2	 -42.4317	  173.0147
9.826	 2.06	 3	 -41.6781	  174.4509
9.826	 3.04	 2	 -42.2122	  173.6353
9.827	 2.16	 3	 -42.2474	  174.2657
9.827	 2.21	 4	 -42.1900	  174.0947
9.828	 2.53	 1	 -42.4687	  173.0326
9.829	 2.30	 5	 -42.2717	  174.0152
9.832	 2.12	 2	 -44.4104	  169.6025
9.833	 2.53	 3	 -41.6972	  174.2902
9.835	 2.44	 2	 -42.3268	  173.6685
9.835	 2.11	 2	 -42.2118	  172.8903
9.837	 2.34	 2	 -42.0142	  175.3731
9.839	 2.80	 1	 -42.2630	  173.6066
9.839	 2.02	 1	 -42.9652	  173.2209
9.839	 2.00	 4	 -42.1038	  173.8721
9.840	 2.17	 1	 -42.1292	  173.6963
9.841	 2.30	 1	 -42.4990	  172.6760
9.841	 2.34	 2	 -41.8490	  174.0009
9.842	 2.07	 2	 -41.7025	  174.2808
9.842	 2.35	 2	 -42.2330	  173.6160
9.843	 2.27	 1	 -43.5830	  172.8123
9.843	 2.32	 2	 -41.7455	  174.3344
9.843	 2.03	 4	 -42.0314	  174.0080
9.844	 2.04	 4	 -42.0943	  174.0784
9.844	 2.51	 1	 -42.3866	  173.8347
9.844	 2.40	 5	 -42.6805	  175.3968
9.845	 2.40	 2	 -41.7337	  174.2260
9.846	 2.64	 3	 -41.3907	  172.5630
9.849	 2.48	 2	 -42.7972	  172.2188
9.849	 2.13	 3	 -41.9582	  173.9958
9.853	 2.21	 2	 -41.7698	  174.2761
9.855	 2.76	 1	 -42.5274	  173.3876
9.857	 3.12	 4	 -42.4391	  174.1394
9.857	 2.17	 4	 -42.0216	  173.5972
9.859	 2.08	 4	 -41.7012	  174.2222
9.860	 2.09	 1	 -42.2344	  173.3677
9.860	 2.04	 1	 -42.1666	  173.6136
9.861	 2.08	 4	 -42.2586	  174.0762
9.861	 2.39	 1	 -43.4256	  174.1891
9.861	 2.48	 1	 -41.7303	  174.2776
9.863	 3.39	 2	 -44.7910	  169.1514
9.864	 2.70	 1	 -41.8993	  174.4243
9.865	 2.60	 4	 -42.2057	  173.9916
9.865	 2.61	 1	 -42.6406	  173.5392
9.866	 2.18	 1	 -41.8612	  174.1820
9.866	 2.39	 1	 -42.3367	  173.5185
9.866	 2.74	 1	 -41.6500	  174.4654
9.869	 3.96	 3	 -41.9320	  172.3771
9.870	 2.04	 4	 -44.4101	  169.6310
9.870	 2.44	 4	 -42.2025	  174.1077
9.870	 2.94	 1	 -42.3238	  174.2922
9.872	 2.36	 2	 -41.6904	  174.3396
9.872	 2.22	 1	 -42.6264	  172.8105
9.872	 4.08	 2	 -44.3567	  169.6110
9.872	 2.33	 4	 -39.1123	  176.6049
9.874	 2.68	 1	 -42.3519	  173.8839
9.874	 2.68	 4	 -42.6330	  174.5257
9.875	 2.10	 2	 -42.3194	  174.0339
9.876	 2.38	 1	 -42.3982	  173.3047
9.877	 2.86	 2	 -42.5613	  173.0220
9.878	 2.17	 6	 -42.2559	  174.0438
9.878	 2.15	 1	 -42.2379	  173.6299
9.878	 2.48	 1	 -42.2754	  173.7805
9.879	 2.25	 2	 -44.3710	  169.6986
9.879	 2.72	 1	 -41.7298	  174.2541
9.880	 2.40	 1	 -42.3212	  173.7777
9.885	 2.56	 2	 -41.8947	  173.6672
9.887	 2.14	 5	 -42.0501	  174.0819
9.889	 2.04	 1	 -42.2154	  173.5562
9.889	 2.30	 2	 -42.2622	  173.7650
9.890	 2.27	 1	 -42.9110	  172.6007
9.891	 2.00	 2	 -41.8165	  174.2784
9.891	 2.16	 1	 -42.1430	  173.8216
9.891	 2.00	 1	 -41.7007	  174.2959
9.893	 2.37	 3	 -42.3711	  173.9935
9.893	 2.14	 3	 -44.2991	  169.4411
9.894	 2.02	 4	 -42.0880	  174.0939
9.895	 2.62	 4	 -42.7414	  173.7637
9.900	 2.97	 5	 -42.6711	  175.3736
9.900	 2.11	 1	 -42.4841	  174.2327
9.900	 2.10	 2	 -44.5926	  168.0640
9.900	 2.18	 1	 -42.2470	  172.2633
9.903	 3.02	 3	 -44.3567	  169.6167
9.904	 2.56	 1	 -42.3132	  173.7716
9.905	 2.44	 3	 -42.3414	  173.8679
9.905	 2.40	 5	 -42.1906	  174.2759
9.906	 4.78	 1	 -42.0853	  172.8410
9.907	 2.50	 5	 -42.1978	  173.6136
9.908	 2.99	 1	 -42.4799	  173.0643
9.908	 2.15	 4	 -42.3460	  174.2347
9.909	 3.85	 1	 -42.5525	  173.8284
9.910	 2.69	 3	 -44.3845	  169.6369
9.910	 2.50	 2	 -42.4718	  172.1813
9.910	 2.41	 1	 -41.8279	  174.2670
9.910	 2.18	 4	 -42.3375	  174.1788
9.913	 2.38	 3	 -44.3844	  169.6412
9.914	 2.00	 2	 -42.3262	  173.7920
9.915	 3.03	 4	 -41.8087	  175.4066
9.916	 2.02	 1	 -42.5935	  173.0285
9.916	 2.17	 2	 -44.3837	  169.4238
9.916	 3.06	 5	 -42.2500	  173.9516
9.918	 2.10	 2	 -44.7902	  169.1950
9.919	 2.45	 1	 -42.4908	  173.9185
9.919	 2.09	 3	 -44.3509	  169.5747
9.920	 2.14	 2	 -42.2508	  173.6255
9.921	 2.64	 2	 -44.4713	  169.5804
9.921	 2.36	 4	 -42.4707	  173.8293
9.922	 2.04	 1	 -43.2346	  172.9135
9.924	 2.84	 1	 -42.2043	  173.5269
9.926	 3.01	 4	 -42.3014	  174.7125
9.926	 2.28	 3	 -41.6552	  174.3874
9.929	 2.03	 1	 -42.9098	  173.2657
9.931	 2.35	 2	 -42.1644	  172.5209
9.931	 2.52	 3	 -41.7101	  174.3973
9.932	 4.05	 1	 -42.4180	  173.0945
9.932	 2.02	 4	 -42.5748	  173.7991
9.933	 2.93	 4	 -41.9651	  173.7814
9.936	 2.06	 2	 -42.9469	  172.4200
9.938	 2.18	 2	 -41.7364	  174.3280
9.940	 2.58	 1	 -42.2977	  173.6587
9.942	 3.17	 1	 -42.2893	  173.9085
9.943	 2.69	 2	 -42.6812	  172.9563
9.945	 2.20	 3	 -42.8232	  172.0587
9.945	 2.03	 2	 -42.6154	  172.8946
9.945	 2.43	 4	 -44.3895	  169.6557
9.946	 2.39	 1	 -42.2169	  173.6443
9.946	 2.56	 3	 -42.5448	  172.8958
9.949	 2.24	 4	 -44.3805	  169.6482
9.949	 2.48	 2	 -42.3588	  173.2281
9.950	 2.16	 2	 -42.7877	  173.0871
9.950	 2.26	 1	 -41.7517	  174.1467
9.951	 2.20	 1	 -41.9173	  173.9155
9.951	 2.08	 2	 -42.5909	  172.8943
9.952	 2.43	 2	 -41.9658	  173.7392
9.954	 2.29	 3	 -43.7727	  170.3934
9.954	 2.05	 1	 -41.6841	  174.1282
9.955	 2.10	 4	 -42.2689	  173.8972
9.956	 2.05	 1	 -41.6081	  174.4664
9.956	 2.26	 3	 -42.3360	  173.8615
9.956	 2.18	 4	 -44.3775	  169.5458
9.957	 2.29	 1	 -42.4135	  174.0049
9.957	 2.47	 2	 -42.0759	  173.5779
9.958	 2.06	 2	 -41.8071	  173.6185
9.958	 2.07	 2	 -42.2706	  173.7286
9.958	 2.41	 2	 -41.7107	  174.3199
9.961	 2.08	 3	 -42.5384	  174.0237
9.962	 2.01	 1	 -42.0687	  172.9281
9.962	 3.07	 2	 -42.4858	  173.3253
9.963	 2.01	 3	 -44.3497	  169.6333
9.963	 2.69	 4	 -42.2075	  173.9035
9.963	 2.06	 2	 -41.7148	  174.0853
9.964	 2.24	 5	 -44.3693	  169.5055
9.964	 2.91	 1	 -42.8083	  172.4835
9.966	 2.45	 4	 -41.9275	  173.9613
9.966	 2.45	 1	 -42.3623	  172.9555
9.967	 2.06	 1	 -42.5723	  174.1519
9.968	 3.11	 3	 -44.2982	  169.5490
9.969	 2.22	 3	 -42.6821	  172.9564
9.969	 2.17	 2	 -42.4166	  173.0959
9.969	 2.95	 1	 -42.0267	  173.7009
9.969	 2.23	 3	 -42.6961	  173.1182
9.973	 2.03	 4	 -42.2817	  174.0543
9.974	 2.43	 2	 -42.5281	  173.3896
9.975	 2.16	 1	 -41.9736	  172.8054
9.977	 2.11	 4	 -42.2851	  174.2047
9.979	 4.29	 1	 -41.6854	  174.2206
9.980	 2.47	 2	 -42.3410	  173.7529
9.980	 2.61	 2	 -44.3879	  169.5609
9.981	 2.09	 1	 -42.7157	  172.9122
9.982	 2.26	 1	 -42.9132	  172.8244
9.984	 2.38	 2	 -42.2199	  173.5354
9.985	 2.17	 2	 -42.3329	  173.9285
9.985	 2.12	 3	 -41.7787	  174.1709
9.985	 2.46	 4	 -42.3657	  173.9734
9.987	 2.13	 1	 -41.7690	  174.3067
9.989	 2.18	 2	 -42.6350	  173.0523
9.989	 2.28	 2	 -42.2663	  173.5885
9.990	 2.14	 1	 -42.4011	  173.5629
9.990	 2.27	 2	 -42.2420	  173.5584
9.990	 2.69	 6	 -42.2485	  173.9496
9.991	 2.13	 1	 -42.3898	  173.6844
9.991	 2.04	 2	 -41.7462	  176.4904
9.991	 2.93	 2	 -42.8480	  172.2454
9.992	 2.24	 2	 -42.5488	  173.8331
9.992	 2.01	 1	 -41.7064	  174.1535
9.993	 2.05	 2	 -43.5602	  176.2415
9.996	 2.79	 3	 -41.5725	  174.1230
9.997	 2.34	 2	 -41.7891	  174.2915
9.997	 2.12	 4	 -41.9282	  172.3930
9.997	 2.34	 4	 -41.6876	  174.2974
9.997	 2.17	 1	 -42.1427	  173.6047
9.999	 2.19	 4	 -41.8968	  172.7948
9.999	 2.00	 1	 -42.2913	  173.6617
10.000	 2.35	 1	 -42.7216	  172.7381
10.000	 3.04	 6	 -42.0651	  174.0429
10.000	 3.02	 1	 -41.7409	  174.2858
10.001	 2.10	 1	 -42.3238	  174.3986
10.001	 2.36	 1	 -46.9571	  173.4206
10.002	 2.09	 2	 -42.5271	  173.3529
10.003	 2.99	 2	 -43.3215	  172.8369
10.004	 4.32	 1	 -42.2312	  173.6511
10.004	 2.15	 2	 -42.4212	  173.8948
10.005	 2.51	 1	 -42.1324	  172.3001
10.006	 3.19	 2	 -41.7089	  174.1963
10.007	 2.04	 1	 -42.4177	  173.2069
10.009	 2.25	 2	 -41.7445	  174.2651
10.010	 2.59	 6	 -42.1241	  173.9909
10.012	 2.53	 3	 -42.7759	  172.2717
10.013	 2.24	 1	 -41.7858	  174.2482
10.014	 2.09	 1	 -44.6527	  172.9537
10.014	 2.44	 2	 -41.7023	  174.1183
10.015	 2.02	 2	 -42.8440	  173.2159
10.016	 2.49	 2	 -41.6844	  174.1592
10.017	 2.02	 1	 -42.2099	  173.7950
10.018	 2.19	 2	 -41.7382	  174.2415
10.020	 2.21	 1	 -41.7428	  174.3036
10.021	 2.43	 1	 -42.7867	  174.2009
10.021	 2.66	 1	 -41.8278	  174.4154
10.025	 2.48	 4	 -42.2198	  174.3196
10.026	 2.06	 1	 -42.2493	  173.5748
10.027	 2.41	 3	 -42.3740	  173.8755
10.027	 2.52	 2	 -41.6753	  174.2175
10.028	 3.07	 1	 -41.7680	  174.3351
10.029	 2.92	 1	 -42.0420	  174.4091
10.030	 2.13	 4	 -42.2083	  174.0056
10.030	 2.50	 2	 -42.0717	  172.8548
10.031	 2.02	 1	 -42.7185	  172.7145
10.031	 2.91	 3	 -44.5203	  169.1527
10.031	 3.91	 1	 -42.2857	  173.1882
10.032	 2.22	 4	 -44.5307	  169.2299
10.032	 3.31	 1	 -42.7359	  172.9359
10.034	 2.30	 1	 -42.2364	  172.6678
10.036	 2.01	 3	 -43.2088	  172.6542
10.037	 2.15	 4	 -41.7319	  174.2613
10.037	 2.27	 3	 -42.7530	  173.0806
10.038	 2.22	 2	 -42.2239	  173.3203
10.038	 2.21	 1	 -42.8015	  175.5190
10.040	 2.59	 1	 -41.7487	  173.8622
10.040	 2.56	 1	 -42.5473	  173.0714
10.042	 2.23	 4	 -42.2133	  174.2098
10.044	 2.02	 4	 -43.3994	  173.1616
10.048	 2.24	 2	 -42.7554	  172.9697
10.048	 2.19	 1	 -42.7507	  174.0827
10.048	 2.13	 5	 -42.1823	  173.8592
10.049	 2.40	 2	 -42.1924	  173.6679
10.050	 2.07	 1	 -41.0667	  173.9290
10.051	 3.36	 4	 -41.6891	  174.2965
10.052	 2.20	 1	 -42.6202	  172.9177
10.052	 2.60	 2	 -42.5946	  173.8101
10.052	 2.42	 3	 -41.3356	  172.5809
10.053	 2.20	 1	 -41.7604	  174.2074
10.053	 2.64	 2	 -41.7339	  174.3694
10.054	 2.01	 4	 -42.4462	  174.0064
10.055	 2.45	 1	 -41.8925	  173.9654
10.056	 2.38	 1	 -41.9194	  173.8274
10.056	 2.28	 2	 -42.7445	  173.0635
10.057	 2.24	 2	 -41.9922	  173.7342
10.059	 2.41	 2	 -41.8932	  172.9974
10.060	 2.14	 2	 -41.7977	  174.3065
10.061	 2.17	 1	 -42.2012	  173.6106
10.062	 2.70	 3	 -44.5236	  169.7440
10.062	 2.45	 1	 -42.7359	  173.0524
10.063	 2.33	 4	 -42.2093	  173.9830
10.064	 3.27	 1	 -42.5156	  172.9593
10.065	 2.44	 2	 -42.7298	  173.1390
10.065	 2.36	 1	 -41.6815	  174.2683
10.066	 2.06	 3	 -41.6967	  174.1123
10.066	 2.93	 2	 -42.1686	  173.6759
10.066	 2.68	 5	 -42.1509	  174.3240
10.067	 2.66	 1	 -42.0815	  173.8525
10.070	 2.13	 2	 -41.6885	  174.2168
10.071	 2.07	 3	 -41.8969	  173.4804
10.072	 2.15	 1	 -42.5479	  172.9567
10.072	 2.07	 4	 -42.1916	  173.8808
10.078	 2.30	 2	 -41.8531	  174.2625
10.078	 2.02	 1	 -41.7564	  174.3008
10.080	 2.42	 1	 -42.8192	  173.0004
10.081	 2.48	 2	 -42.7633	  173.0316
10.082	 2.84	 2	 -44.3745	  169.4520
10.083	 2.30	 1	 -43.1124	  173.8117
10.083	 2.12	 1	 -42.4905	  173.7330
10.084	 2.33	 2	 -42.7505	  173.0936
10.084	 2.29	 2	 -42.2273	  173.6592
10.085	 2.53	 1	 -42.1064	  173.4283
10.085	 2.11	 4	 -43.0126	  174.2263
10.086	 2.35	 2	 -42.0374	  173.6212
10.087	 2.07	 1	 -42.7500	  174.2539
10.088	 2.44	 1	 -42.5441	  173.4220
10.090	 2.07	 3	 -41.7290	  174.1009
10.090	 2.16	 1	 -41.9896	  173.7599
10.090	 2.49	 2	 -41.7114	  174.2455
10.091	 3.36	 2	 -42.2932	  173.8091
10.092	 2.47	 1	 -41.7549	  174.3166
10.092	 2.50	 1	 -42.3379	  173.6624
10.093	 2.10	 1	 -41.6908	  174.2436
10.098	 2.20	 2	 -42.7087	  172.8672
10.098	 2.58	 4	 -42.3037	  174.0405
10.099	 2.76	 1	 -41.6259	  174.3748
10.099	 2.41	 3	 -44.3593	  169.6174
10.099	 2.05	 3	 -42.7081	  172.7288
10.101	 2.09	 2	 -42.4867	  173.3253
10.101	 2.78	 4	 -42.2493	  173.9691
10.102	 2.38	 2	 -44.5892	  172.1005
10.106	 2.18	 4	 -42.1090	  174.0629
10.106	 2.15	 1	 -41.7723	  174.3487
10.107	 2.30	 2	 -42.4437	  173.2231
10.107	 2.34	 5	 -42.1520	  174.4605
10.111	 2.70	 1	 -42.6215	  172.9529
10.111	 2.00	 4	 -41.8922	  171.7430
10.112	 2.11	 2	 -44.2588	  169.6489
10.112	 2.17	 1	 -42.2664	  173.6005
10.115	 2.51	 4	 -44.2921	  169.5225
10.115	 4.57	 3	 -41.7579	  173.7751
10.117	 2.13	 5	 -42.2037	  174.2277
10.117	 2.04	 1	 -42.2187	  173.5592
10.118	 2.00	 2	 -44.3689	  169.6237
10.118	 2.06	 1	 -42.6368	  172.7605
10.119	 2.03	 2	 -42.8005	  172.4841
10.119	 3.37	 2	 -41.6836	  174.2281
10.120	 3.49	 6	 -42.2987	  174.1388
10.121	 2.28	 2	 -45.4516	  169.9060
10.123	 2.22	 5	 -41.7085	  174.1561
10.124	 2.46	 1	 -42.0246	  173.7151
10.124	 2.03	 2	 -41.6660	  174.2480
10.126	 2.06	 1	 -42.5451	  173.1582
10.128	 2.11	 2	 -43.7864	  177.1641
10.128	 2.25	 1	 -43.6650	  174.9981
10.128	 2.27	 2	 -42.0698	  173.5182
10.131	 3.40	 1	 -42.3975	  173.3987
10.132	 4.32	 1	 -38.2482	  170.8933
10.132	 2.17	 3	 -42.9281	  171.4489
10.133	 2.06	 1	 -43.1084	  173.1481
10.134	 2.07	 1	 -41.7412	  172.1269
10.135	 2.63	 1	 -42.7029	  172.8839
10.135	 2.22	 3	 -42.4247	  174.1445
10.136	 2.73	 1	 -42.5890	  173.1963
10.136	 2.27	 1	 -42.6169	  173.3481
10.136	 3.16	 3	 -41.1776	  172.3575
10.136	 2.46	 4	 -43.0294	  172.0877
10.137	 2.11	 4	 -44.1007	  173.3381
10.137	 2.43	 4	 -42.2706	  174.3856
10.139	 2.81	 4	 -42.1479	  174.0535
10.139	 2.36	 3	 -42.3628	  173.8625
10.139	 3.90	 4	 -42.4855	  173.9069
10.141	 2.21	 1	 -42.4063	  173.5328
10.142	 2.05	 1	 -42.8140	  173.0081
10.142	 2.06	 1	 -42.1385	  173.4286
10.143	 2.47	 3	 -42.4818	  173.3529
10.144	 2.93	 2	 -41.6378	  174.1979
10.145	 2.49	 1	 -42.2793	  173.8068
10.145	 2.58	 2	 -41.9641	  174.1124
10.146	 2.70	 2	 -41.8738	  173.9488
10.147	 2.60	 1	 -42.4383	  173.5195
10.148	 2.41	 1	 -41.9754	  173.7138
10.151	 2.08	 2	 -42.3539	  172.9813
10.151	 2.04	 3	 -43.4829	  174.0515
10.152	 2.96	 1	 -41.6403	  174.2374
10.152	 2.03	 4	 -42.7642	  174.1459
10.155	 2.26	 1	 -42.3362	  173.5849
10.155	 2.01	 3	 -43.0194	  172.9338
10.157	 2.17	 1	 -42.2788	  173.1315
10.160	 2.51	 1	 -42.6516	  174.9383
10.161	 2.23	 3	 -41.6402	  174.2709
10.164	 2.85	 2	 -42.0718	  172.8114
10.165	 2.37	 2	 -41.8872	  174.0648
10.166	 2.39	 1	 -42.4395	  173.9578
10.166	 2.07	 5	 -41.1963	  175.2103
10.168	 2.67	 2	 -41.6244	  174.0290
10.169	 2.46	 1	 -42.3311	  173.4897
10.169	 2.28	 1	 -42.5254	  173.1463
10.170	 2.32	 1	 -41.8304	  174.3113
10.170	 2.58	 2	 -42.5112	  173.5780
10.172	 2.27	 1	 -42.6430	  172.8051
10.172	 3.36	 2	 -42.2126	  172.8094
10.176	 2.29	 2	 -41.9578	  172.3681
10.177	 2.16	 1	 -42.2321	  173.7410
10.178	 2.57	 1	 -42.0878	  173.4915
10.180	 2.31	 2	 -42.4506	  174.3533
10.182	 2.74	 2	 -42.2788	  173.1795
10.182	 2.04	 3	 -41.7470	  174.3341
10.183	 2.04	 4	 -42.1401	  174.1487
10.184	 2.05	 4	 -44.4262	  169.7298
10.187	 2.26	 3	 -43.4597	  171.7714
10.187	 2.06	 4	 -42.1892	  174.2774
10.187	 2.10	 2	 -42.3979	  173.0548
10.192	 2.22	 4	 -41.8154	  173.7924
10.192	 2.21	 1	 -42.4581	  173.2528
10.195	 2.07	 2	 -41.7449	  174.4611
10.195	 2.30	 1	 -41.9048	  173.6066
10.196	 2.76	 1	 -42.7576	  172.9393
10.196	 2.06	 1	 -41.6859	  174.2147
10.200	 2.47	 1	 -42.2318	  173.6461
10.200	 2.37	 2	 -41.8318	  174.3579
10.200	 2.02	 1	 -42.6435	  172.9846
10.201	 2.32	 2	 -42.0562	  173.0193
10.202	 2.48	 4	 -41.7349	  173.8179
10.203	 2.41	 1	 -42.5409	  173.0464
10.204	 2.13	 1	 -42.6919	  173.1546
10.205	 3.31	 1	 -42.3237	  173.8709
10.206	 2.11	 1	 -42.2315	  173.7539
10.206	 2.03	 4	 -42.2019	  174.1135
10.210	 2.06	 1	 -42.2153	  173.6004
10.210	 2.44	 2	 -42.1408	  174.3564
10.211	 3.67	 4	 -42.3027	  173.9504
10.211	 2.14	 1	 -42.2217	  173.6430
10.213	 2.43	 3	 -41.9732	  173.5129
10.214	 2.60	 5	 -42.5900	  171.8727
10.215	 2.41	 1	 -41.7627	  174.2912
10.218	 2.51	 4	 -42.2683	  174.2589
10.219	 2.21	 2	 -42.7815	  172.9798
10.220	 2.07	 1	 -42.2665	  173.2242
10.220	 2.11	 5	 -42.6824	  174.6493
10.222	 2.02	 1	 -41.7966	  174.2075
10.223	 3.07	 1	 -41.6203	  174.1049
10.225	 2.58	 1	 -42.5890	  173.7817
10.227	 2.30	 1	 -42.0603	  173.8613
10.228	 2.59	 1	 -42.6734	  172.8761
10.230	 2.02	 1	 -42.4129	  173.8285
10.230	 2.07	 3	 -44.3951	  169.6315
10.230	 2.27	 2	 -42.5939	  172.9135
10.231	 2.61	 1	 -42.1923	  173.6132
10.231	 2.23	 2	 -42.4188	  173.9744
10.232	 3.19	 1	 -42.2376	  173.9170
10.232	 2.88	 1	 -42.1209	  173.8006
10.233	 3.49	 2	 -42.1822	  173.6594
10.233	 2.54	 3	 -42.3611	  173.9339
10.234	 2.01	 2	 -41.7067	  174.2972
10.234	 3.56	 2	 -41.6576	  174.1726
10.235	 2.56	 2	 -42.7509	  172.0653
10.235	 2.08	 2	 -42.8367	  173.0615
10.236	 3.21	 2	 -42.7764	  172.9301
10.239	 2.96	 2	 -43.6976	  172.6328
10.240	 2.10	 2	 -42.6619	  172.7994
10.243	 2.33	 2	 -44.3220	  169.6603
10.243	 2.43	 2	 -42.7357	  173.0658
10.246	 2.39	 1	 -42.0998	  173.7660
10.246	 2.91	 2	 -45.5528	  169.2738
10.248	 2.10	 2	 -41.9889	  173.7325
10.248	 2.20	 1	 -42.1411	  173.6185
10.248	 2.37	 5	 -42.0278	  174.2418
10.249	 4.29	 1	 -41.9747	  173.7658
10.249	 2.29	 1	 -42.0327	  173.6687
10.249	 2.67	 3	 -42.7001	  172.7984
10.250	 2.99	 5	 -42.1831	  174.2793
10.250	 2.26	 1	 -41.7324	  174.3335
10.252	 2.71	 2	 -42.7947	  172.2675
10.253	 2.19	 2	 -42.7165	  172.4361
10.253	 2.24	 4	 -42.3838	  174.0201
10.253	 2.51	 1	 -42.2179	  173.5245
10.255	 2.13	 1	 -41.8520	  173.6882
10.256	 2.02	 2	 -42.2537	  174.0280
10.256	 2.27	 2	 -41.6164	  174.3355
10.257	 2.02	 1	 -42.0664	  173.8983
10.257	 2.15	 4	 -42.2927	  173.8800
10.259	 2.04	 1	 -42.4130	  173.9145
10.259	 2.73	 2	 -41.7071	  174.2347
10.260	 2.61	 2	 -44.2699	  169.5291
10.261	 2.11	 3	 -42.3283	  173.9142
10.262	 2.25	 2	 -42.4488	  173.5172
10.262	 2.50	 3	 -44.3472	  169.5104
10.263	 2.06	 2	 -41.8473	  173.8154
10.266	 2.11	 2	 -41.7162	  174.2585
10.269	 2.50	 2	 -42.4845	  173.5402
10.270	 2.07	 4	 -42.3118	  174.2323
10.270	 2.26	 3	 -42.7652	  172.3544
10.271	 3.15	 2	 -41.7042	  174.2262
10.271	 2.38	 1	 -42.4653	  173.8547
10.273	 2.76	 3	 -42.0670	  173.8007
10.274	 2.56	 4	 -42.1031	  173.9999
10.275	 3.22	 1	 -42.0478	  173.6999
10.275	 3.19	 4	 -41.8629	  173.5150
10.275	 2.03	 2	 -42.2917	  173.5238
10.276	 2.04	 2	 -44.3782	  169.5773
10.276	 2.53	 2	 -41.6738	  174.4258
10.277	 2.43	 2	 -41.6130	  174.2498
10.277	 2.77	 2	 -42.8829	  172.0903
10.280	 2.03	 2	 -42.0724	  173.6268
10.280	 2.67	 2	 -42.2402	  172.7069
10.281	 2.48	 1	 -42.6310	  172.9133
10.281	 2.47	 1	 -42.3608	  173.7207
10.282	 2.29	 1	 -42.0123	  173.6820
10.284	 2.03	 2	 -42.3890	  173.2337
10.284	 3.67	 1	 -42.4543	  173.1168
10.285	 2.88	 4	 -42.9108	  174.0048
10.285	 2.96	 3	 -41.6902	  174.0959
10.286	 2.64	 1	 -42.6445	  172.9073
10.288	 2.83	 1	 -41.7735	  174.3652
10.288	 2.06	 4	 -41.9134	  174.5085
10.288	 2.14	 2	 -41.9916	  173.7390
10.288	 2.54	 4	 -42.1709	  173.6234
10.289	 2.02	 4	 -42.3709	  174.0121
10.290	 2.43	 5	 -42.3044	  173.9479
10.291	 2.38	 1	 -42.4100	  174.0187
10.291	 2.62	 2	 -42.0982	  174.0163
10.291	 3.13	 2	 -42.6292	  172.9150
10.293	 2.07	 1	 -41.8402	  173.9986
10.293	 2.21	 2	 -42.6715	  173.2264
10.296	 2.25	 1	 -41.8697	  173.7135
10.296	 2.24	 2	 -42.0996	  172.8490
10.297	 2.03	 1	 -42.4724	  173.1417
10.298	 2.51	 1	 -42.9793	  173.2239
10.298	 2.79	 1	 -42.3760	  173.9892
10.298	 2.98	 1	 -42.2500	  173.5122
10.299	 3.24	 2	 -38.6573	  176.6087
10.300	 2.24	 1	 -41.7106	  174.2074
10.300	 2.06	 4	 -41.5256	  173.4296
10.303	 2.71	 1	 -42.4553	  173.1077
10.303	 2.04	 2	 -41.9731	  173.7534
10.304	 2.09	 4	 -41.2934	  168.1268
10.307	 2.02	 5	 -42.3288	  173.9083
10.307	 2.33	 1	 -41.8591	  174.2053
10.310	 2.18	 1	 -41.8508	  173.8539
10.311	 2.61	 1	 -41.8669	  173.0183
10.312	 2.14	 3	 -42.1663	  172.5189
10.316	 2.11	 5	 -42.4477	  176.1785
10.317	 2.33	 4	 -42.1645	  174.0281
10.317	 2.02	 3	 -44.6661	  169.2989
10.317	 2.19	 2	 -42.0742	  172.8557
10.317	 2.03	 1	 -42.4592	  173.2522
10.318	 3.00	 2	 -41.8727	  173.9671
10.320	 2.35	 1	 -45.0778	  167.8360
10.321	 2.04	 1	 -41.8763	  174.1888
10.322	 2.41	 1	 -42.4742	  173.2827
10.322	 2.07	 4	 -41.7705	  173.8066
10.322	 2.44	 1	 -42.0741	  173.6923
10.322	 2.66	 1	 -42.1976	  173.6875
10.323	 2.58	 1	 -41.6608	  174.3234
10.324	 2.81	 2	 -41.5617	  174.4004
10.326	 2.39	 1	 -42.3307	  174.0314
10.327	 2.09	 2	 -42.6184	  172.9340
10.328	 2.62	 3	 -41.3194	  172.5723
10.330	 2.36	 2	 -44.4736	  169.6396
10.334	 2.07	 1	 -42.4293	  173.3011
10.334	 2.10	 4	 -42.8232	  172.2873
10.334	 3.80	 1	 -42.5273	  173.2367
10.334	 2.51	 1	 -42.3218	  173.9144
10.335	 2.16	 4	 -42.1786	  174.1976
10.336	 2.08	 1	 -41.6668	  174.3051
10.337	 2.17	 2	 -44.3417	  169.4803
10.337	 4.15	 3	 -42.4923	  173.6054
10.339	 2.77	 1	 -41.8573	  173.9503
10.339	 2.75	 2	 -42.5932	  173.2045
10.340	 2.03	 1	 -41.7106	  174.2580
10.341	 2.70	 4	 -42.1653	  173.9874
10.344	 2.30	 1	 -42.6883	  173.0374
10.345	 2.72	 2	 -42.7532	  173.2431
10.347	 2.95	 1	 -42.1725	  172.9773
10.349	 2.01	 1	 -42.1194	  173.8035
10.350	 2.04	 1	 -42.3352	  173.0768
10.352	 2.44	 5	 -42.1408	  174.2252
10.355	 3.14	 2	 -42.4636	  173.1939
10.355	 2.20	 1	 -42.1193	  173.7048
10.356	 2.13	 1	 -41.8628	  174.1655
10.357	 3.00	 1	 -42.3930	  173.9005
10.357	 2.09	 2	 -40.8379	  173.1827
10.359	 2.32	 1	 -41.8356	  174.0294
10.359	 2.37	 1	 -43.0225	  171.9345
10.359	 2.02	 4	 -42.2652	  173.7914
10.362	 2.26	 3	 -44.3275	  169.8137
10.363	 2.06	 2	 -42.0362	  173.6150
10.363	 2.41	 1	 -42.6290	  172.9041
10.366	 2.69	 1	 -42.5469	  173.2289
10.369	 2.22	 4	 -44.3677	  169.5808
10.369	 2.68	 1	 -42.1540	  173.7732
10.370	 2.49	 2	 -41.8932	  174.3664
10.375	 2.61	 1	 -41.8055	  174.2734
10.378	 2.09	 2	 -41.7594	  174.1616
10.383	 2.04	 1	 -45.4009	  168.1385
10.383	 2.48	 1	 -42.3257	  173.9464
10.383	 2.30	 1	 -41.6929	  174.3178
10.384	 2.98	 4	 -42.1150	  174.3885
10.385	 2.48	 1	 -42.3719	  173.8483
10.386	 2.75	 1	 -42.4462	  173.0476
10.388	 2.19	 2	 -44.1352	  169.7032
10.388	 2.48	 2	 -42.2770	  173.1730
10.390	 2.07	 1	 -42.0478	  173.5264
10.390	 3.36	 2	 -44.2999	  169.6314
10.390	 2.12	 2	 -41.8663	  173.0179
10.392	 2.76	 1	 -42.1518	  173.9173
10.392	 3.62	 4	 -42.3073	  174.7465
10.392	 2.14	 3	 -44.4411	  169.5333
10.393	 2.27	 1	 -39.0978	  169.0983
10.395	 2.16	 1	 -42.4226	  173.8009
10.396	 2.63	 2	 -42.4221	  173.0794
10.396	 2.01	 1	 -41.8050	  173.6818
10.399	 2.16	 3	 -41.7138	  174.2020
10.402	 2.26	 1	 -42.4305	  173.1460
10.402	 2.25	 4	 -42.2925	  174.0431
10.403	 2.32	 2	 -42.3948	  173.6297
10.403	 2.50	 4	 -42.3085	  174.0739
10.405	 2.13	 4	 -42.0865	  173.9812
10.405	 2.39	 2	 -41.8803	  174.1828
10.406	 2.03	 4	 -42.2191	  174.2110
10.406	 2.14	 1	 -42.6972	  172.9411
10.407	 2.61	 3	 -41.7877	  173.8612
10.411	 2.47	 3	 -42.3930	  173.6423
10.412	 3.05	 5	 -41.8779	  173.4731
10.413	 2.28	 1	 -41.6619	  174.3215
10.413	 3.03	 4	 -42.4236	  174.0077
10.414	 2.49	 1	 -42.1917	  173.6470
10.417	 2.14	 1	 -42.7226	  172.9196
10.417	 3.55	 1	 -42.3002	  172.8101
10.420	 2.01	 5	 -42.2516	  174.2128
10.420	 2.15	 2	 -42.6269	  173.3362
10.421	 3.34	 2	 -41.8473	  174.3211
10.424	 2.11	 4	 -42.2056	  174.2438
10.424	 2.60	 3	 -42.4039	  173.0491
10.424	 2.78	 5	 -41.8338	  173.5182
10.426	 2.68	 4	 -42.3008	  174.0245
10.427	 2.43	 1	 -41.7014	  174.2406
10.428	 2.29	 3	 -41.5382	  174.4041
10.428	 2.68	 1	 -41.6977	  174.2461
10.429	 2.33	 1	 -42.5616	  173.1124
10.429	 2.00	 3	 -42.6399	  173.3789
10.429	 2.00	 1	 -42.3112	  173.8638
10.430	 2.02	 2	 -42.2768	  173.8018
10.431	 3.25	 1	 -42.6119	  173.2014
10.431	 2.71	 5	 -42.1986	  174.2509
10.433	 2.79	 3	 -41.7010	  174.4385
10.435	 2.05	 1	 -42.4061	  173.6385
10.435	 2.40	 2	 -42.2817	  173.7823
10.437	 2.81	 2	 -44.3508	  169.7772
10.437	 2.56	 2	 -41.8199	  174.4578
10.441	 2.71	 1	 -41.2716	  174.2636
10.442	 2.11	 1	 -42.4393	  173.4736
10.442	 2.02	 3	 -44.3339	  169.6624
10.442	 2.01	 1	 -41.8119	  174.2768
10.443	 2.30	 1	 -41.6113	  174.5620
10.443	 2.89	 1	 -42.4359	  173.5146
10.444	 2.12	 5	 -42.3319	  174.7361
10.450	 2.41	 2	 -42.0465	  173.5261
10.452	 3.14	 4	 -42.3158	  174.0063
10.452	 2.89	 1	 -42.4268	  173.1473
10.453	 2.86	 2	 -41.6930	  174.3357
10.455	 2.87	 2	 -42.1224	  173.8087
10.456	 2.02	 4	 -42.4119	  173.5966
10.457	 2.26	 5	 -42.1668	  174.2512
10.458	 2.26	 2	 -42.1311	  172.3025
10.459	 2.40	 4	 -42.4666	  173.5913
10.459	 3.13	 3	 -44.2651	  169.5191
10.460	 2.19	 1	 -42.5365	  173.1594
10.461	 2.05	 1	 -41.8588	  174.0282
10.461	 2.13	 1	 -42.0640	  173.7990
10.461	 2.21	 3	 -44.3631	  169.6158
10.462	 2.16	 1	 -42.8156	  173.5585
10.463	 2.12	 4	 -42.4953	  173.6040
10.463	 2.26	 1	 -41.6510	  174.3902
10.464	 2.18	 2	 -44.4960	  169.8094
10.464	 2.31	 2	 -44.4217	  169.5670
10.464	 2.25	 1	 -43.1801	  172.6983
10.465	 2.19	 1	 -42.3644	  172.9533
10.465	 2.17	 1	 -42.3634	  173.9091
10.466	 2.49	 1	 -41.2901	  173.8358
10.468	 2.34	 4	 -42.5632	  174.1797
10.469	 2.57	 2	 -38.6866	  173.2112
10.469	 2.65	 1	 -41.7448	  167.5640
10.470	 2.04	 1	 -42.6074	  172.8236
10.471	 2.16	 2	 -42.1325	  173.1503
10.471	 2.09	 1	 -42.3544	  173.9067
10.472	 2.95	 1	 -41.9157	  173.6851
10.474	 2.26	 1	 -42.3633	  173.4010
10.475	 2.15	 1	 -41.8180	  174.1593
10.475	 2.06	 1	 -42.3973	  173.5703
10.476	 2.29	 5	 -41.9473	  173.6718
10.476	 2.07	 4	 -42.2384	  175.1187
10.477	 2.67	 1	 -41.9785	  174.0001
10.479	 2.03	 1	 -42.2787	  173.7562
10.479	 2.13	 2	 -42.7604	  172.2329
10.480	 2.18	 1	 -41.8041	  174.2663
10.480	 2.63	 1	 -41.5624	  172.9498
10.481	 2.34	 3	 -42.4774	  173.9781
10.482	 2.25	 4	 -42.2700	  174.1120
10.483	 2.50	 1	 -42.4147	  173.2864
10.484	 3.03	 2	 -42.1892	  172.8025
10.487	 2.27	 4	 -42.3423	  174.2288
10.487	 2.33	 3	 -41.6584	  174.1460
10.487	 2.44	 1	 -42.4268	  173.3304
10.487	 2.16	 2	 -42.2235	  173.5397
10.487	 2.04	 2	 -41.7352	  174.2938
10.488	 2.07	 3	 -42.4403	  173.2239
10.489	 2.47	 1	 -42.2731	  173.5406
10.491	 2.04	 1	 -41.1242	  175.0739
10.492	 2.25	 1	 -42.4307	  173.1052
10.494	 2.33	 4	 -42.1993	  174.1043
10.497	 3.01	 2	 -41.2723	  173.8537
10.498	 2.10	 3	 -42.0577	  173.0196
10.501	 2.06	 2	 -42.6156	  172.7213
10.501	 2.15	 3	 -42.2783	  173.5727
10.503	 3.00	 1	 -42.0409	  173.7595
10.503	 2.46	 3	 -42.4311	  173.9236
10.507	 2.03	 1	 -42.3128	  173.7271
10.508	 2.34	 1	 -42.3611	  173.1149
10.510	 2.78	 4	 -42.9011	  172.5583
10.511	 2.88	 2	 -42.5389	  173.2378
10.512	 2.71	 4	 -42.2731	  174.0210
10.513	 2.88	 4	 -42.3012	  174.0705
10.514	 2.77	 2	 -44.3697	  169.5368
10.515	 2.01	 1	 -41.6809	  174.2780
10.515	 2.30	 1	 -41.6220	  174.2964
10.515	 2.35	 3	 -42.3408	  173.8167
10.518	 2.97	 2	 -41.8491	  174.2200
10.519	 2.17	 1	 -41.7031	  174.4232
10.521	 2.21	 3	 -42.4324	  173.9855
10.522	 2.20	 5	 -42.6545	  173.8663
10.522	 2.76	 1	 -41.8448	  174.3547
10.522	 2.23	 2	 -41.8106	  174.1877
10.523	 2.19	 4	 -42.1702	  174.0557
10.523	 2.33	 2	 -41.8555	  174.0092
10.523	 2.24	 2	 -41.7858	  174.2797
10.524	 2.17	 1	 -41.8773	  174.0007
10.524	 3.11	 3	 -41.0074	  174.0245
10.525	 2.10	 4	 -42.1869	  173.9166
10.525	 2.17	 2	 -44.0843	  171.0170
10.526	 2.84	 2	 -42.5284	  173.9212
10.527	 2.35	 2	 -42.4700	  172.6865
10.528	 2.00	 2	 -42.0839	  174.3201
10.528	 5.46	 3	 -41.7244	  174.2773
10.528	 3.24	 4	 -41.7521	  173.7684
10.529	 2.03	 4	 -41.7280	  174.2813
10.537	 2.17	 1	 -41.7604	  174.2728
10.537	 2.85	 4	 -40.1356	  176.5309
10.541	 2.22	 1	 -43.7550	  172.5554
10.541	 2.01	 1	 -42.4549	  173.6792
10.542	 2.47	 3	 -44.3905	  169.5259
10.542	 2.41	 1	 -41.8261	  173.9959
10.543	 2.07	 2	 -38.2451	  170.8998
10.543	 2.11	 1	 -42.4603	  173.1231
10.545	 2.42	 3	 -42.2362	  171.6030
10.545	 2.05	 2	 -41.9511	  173.7784
10.546	 3.30	 1	 -42.4640	  173.1392
10.547	 2.29	 4	 -42.2436	  173.7607
10.547	 2.03	 1	 -42.1292	  173.8818
10.548	 2.54	 4	 -41.7149	  174.2253
10.549	 2.08	 2	 -44.4510	  169.7462
10.549	 2.44	 1	 -41.8082	  174.0094
10.549	 2.19	 4	 -41.9253	  174.3537
10.549	 2.29	 4	 -42.1564	  173.9531
10.550	 2.12	 2	 -42.9238	  173.1225
10.550	 3.83	 2	 -41.5499	  174.3313
10.551	 2.29	 2	 -42.3929	  173.8386
10.551	 4.49	 1	 -42.0514	  174.1142
10.551	 2.10	 2	 -41.7862	  174.1831
10.552	 2.97	 4	 -42.2668	  173.2937
10.553	 2.98	 3	 -41.8163	  174.4010
10.553	 2.14	 1	 -42.6444	  172.9006
10.555	 2.07	 4	 -41.7078	  174.2903
10.555	 2.37	 2	 -42.9275	  174.1092
10.555	 2.50	 5	 -41.6717	  174.9830
10.557	 2.16	 1	 -42.2184	  173.9561
10.559	 2.51	 1	 -42.0561	  173.6569
10.560	 3.37	 1	 -39.1286	  169.2917
10.561	 2.02	 1	 -42.1452	  173.7723
10.562	 2.05	 1	 -40.7414	  172.3496
10.563	 2.13	 2	 -42.5546	  172.0129
10.563	 2.10	 4	 -41.7187	  174.2320
10.563	 3.75	 6	 -42.1720	  174.2055
10.564	 2.13	 1	 -42.3913	  173.3832
10.564	 2.83	 1	 -42.5669	  172.5153
10.565	 2.27	 4	 -42.2915	  174.5016
10.566	 2.58	 2	 -42.3220	  173.8076
10.566	 2.47	 4	 -42.1279	  173.8012
10.567	 2.13	 1	 -41.3291	  174.8464
10.567	 2.28	 2	 -43.3104	  172.8644
10.568	 2.54	 2	 -41.8493	  174.1742
10.569	 2.30	 1	 -42.5932	  172.9272
10.569	 2.05	 2	 -41.9452	  173.9806
10.570	 2.97	 2	 -42.2202	  173.6510
10.571	 2.57	 1	 -42.3047	  173.5963
10.572	 2.05	 1	 -41.6995	  174.3721
10.572	 3.19	 4	 -42.2769	  173.9287
10.573	 3.50	 1	 -42.3360	  173.7516
10.573	 2.46	 1	 -42.7125	  172.9847
10.574	 2.30	 2	 -42.7411	  173.0273
10.574	 2.41	 1	 -40.7791	  174.0705
10.574	 2.39	 1	 -42.8579	  172.7885
10.575	 2.78	 2	 -42.4768	  173.1276
10.576	 2.30	 1	 -42.3578	  173.3820
10.577	 2.01	 2	 -42.2375	  173.6506
10.577	 2.10	 2	 -42.3867	  173.7129
10.577	 2.12	 4	 -42.1974	  174.0995
10.577	 2.09	 4	 -42.1036	  174.0885
10.578	 2.19	 1	 -42.3256	  173.8873
10.578	 2.20	 5	 -42.6637	  175.3773
10.581	 2.23	 4	 -41.7209	  174.2830
10.584	 2.22	 1	 -41.7107	  174.1008
10.587	 2.85	 1	 -42.1245	  173.6090
10.587	 3.06	 4	 -42.4504	  173.9380
10.587	 2.23	 1	 -41.9754	  174.0822
10.592	 3.07	 2	 -41.9408	  173.6944
10.592	 2.11	 2	 -41.8113	  174.3330
10.593	 2.38	 2	 -41.6743	  174.3243
10.593	 3.31	 1	 -41.7422	  174.2933
10.595	 3.50	 2	 -44.3724	  169.5596
10.597	 2.03	 3	 -41.9205	  174.0768
10.598	 2.48	 4	 -42.2534	  174.5851
10.599	 2.11	 4	 -41.6914	  174.4228
10.601	 2.65	 1	 -41.6871	  174.2522
10.601	 2.57	 1	 -41.6684	  174.4119
10.602	 2.37	 1	 -41.7024	  174.3146
10.605	 2.09	 1	 -42.4811	  173.4594
10.606	 2.48	 4	 -41.7120	  174.2814
10.606	 2.11	 1	 -42.4131	  174.0680
10.607	 2.43	 1	 -41.8782	  173.9338
10.607	 2.09	 1	 -42.8073	  174.2018
10.610	 2.02	 1	 -42.2152	  173.7229
10.612	 2.03	 1	 -42.6194	  172.8700
10.613	 2.00	 1	 -41.7981	  173.7347
10.613	 2.09	 1	 -41.7010	  174.3141
10.613	 2.70	 2	 -42.5557	  173.2715
10.614	 2.06	 1	 -41.9981	  173.9603
10.614	 2.57	 4	 -42.4075	  174.1340
10.623	 2.03	 1	 -42.2649	  173.0593
10.623	 2.48	 2	 -42.0518	  174.0719
10.623	 2.53	 3	 -41.9022	  174.3201
10.627	 2.79	 4	 -41.9520	  172.3446
10.628	 3.17	 1	 -42.5201	  173.6230
10.629	 2.46	 2	 -42.5083	  173.1658
10.629	 2.22	 4	 -45.8619	  177.6441
10.630	 2.48	 1	 -42.4380	  173.3304
10.632	 2.08	 4	 -41.8834	  174.6307
10.633	 2.86	 4	 -41.9082	  176.1876
10.633	 2.09	 1	 -41.6953	  174.2431
10.633	 2.58	 1	 -42.1259	  173.8761
10.634	 2.57	 2	 -42.5139	  172.8972
10.635	 2.64	 1	 -42.5559	  173.2075
10.636	 2.96	 1	 -42.2964	  173.3446
10.638	 2.52	 3	 -42.3227	  173.8030
10.638	 2.39	 4	 -41.1556	  177.2036
10.644	 2.08	 2	 -42.0632	  174.1266
10.646	 2.19	 3	 -41.6574	  174.1698
10.647	 3.78	 5	 -42.1327	  174.2019
10.647	 2.43	 3	 -42.2196	  173.6302
10.648	 2.07	 1	 -41.9765	  174.0467
10.649	 2.57	 2	 -42.2091	  174.0672
10.649	 2.20	 4	 -42.4334	  173.9933
10.649	 2.79	 1	 -42.5032	  173.5249
10.649	 2.26	 6	 -42.1979	  174.2509
10.650	 2.10	 4	 -42.5448	  174.2058
10.652	 4.80	 3	 -42.1854	  173.6516
10.652	 2.20	 2	 -42.3874	  173.7649
10.653	 2.05	 2	 -42.0558	  174.0906
10.653	 2.54	 5	 -42.2770	  173.6616
10.654	 2.02	 1	 -41.8805	  174.5630
10.655	 2.52	 3	 -41.6553	  174.2777
10.655	 2.25	 1	 -42.5337	  172.9782
10.656	 2.07	 2	 -41.9507	  174.0085
10.657	 2.05	 4	 -41.8523	  174.3076
10.658	 2.47	 1	 -40.9973	  170.0435
10.658	 2.45	 5	 -38.0725	  171.4443
10.659	 2.76	 4	 -41.8200	  174.2341
10.660	 2.08	 1	 -41.7332	  174.4955
10.660	 3.06	 2	 -43.0083	  172.3299
10.660	 3.64	 3	 -41.5690	  174.0181
10.661	 2.60	 4	 -42.2918	  174.2119
10.663	 2.07	 1	 -43.1015	  170.2995
10.664	 2.11	 1	 -41.9693	  174.0551
10.665	 2.37	 4	 -41.7559	  174.2382
10.666	 2.23	 4	 -41.7623	  173.7792
10.667	 3.08	 1	 -41.6991	  174.2016
10.668	 5.12	 1	 -42.0626	  173.0487
10.668	 3.31	 4	 -42.1896	  173.7983
10.668	 2.08	 1	 -41.7253	  174.2739
10.669	 2.80	 1	 -41.8451	  174.3023
10.669	 2.37	 1	 -42.6113	  173.1742
10.670	 2.30	 2	 -41.6702	  173.4761
10.670	 2.85	 1	 -42.4468	  173.2376
10.671	 2.05	 1	 -42.4982	  173.3110
10.671	 2.05	 2	 -44.3234	  179.2846
10.672	 2.26	 2	 -41.8131	  174.4195
10.672	 2.08	 3	 -41.7758	  174.3290
10.672	 3.60	 1	 -42.2617	  173.9370
10.672	 3.58	 4	 -41.7078	  174.3236
10.673	 2.27	 2	 -42.0773	  173.0983
10.674	 4.58	 1	 -42.7001	  173.0127
10.674	 2.32	 4	 -42.0489	  173.9690
10.674	 2.26	 2	 -42.0573	  173.0634
10.675	 2.67	 1	 -41.7925	  174.2529
10.676	 2.56	 2	 -41.7651	  174.2529
10.677	 2.19	 1	 -41.6309	  174.2697
10.678	 2.20	 1	 -42.3291	  173.8144
10.678	 2.11	 1	 -42.3419	  173.8160
10.679	 2.45	 4	 -41.7100	  174.2363
10.680	 2.17	 1	 -42.6272	  173.2120
10.680	 2.45	 2	 -41.8046	  174.3736
10.680	 3.11	 1	 -42.5455	  173.1585
10.681	 2.79	 2	 -42.2374	  173.6515
10.684	 2.03	 4	 -42.1015	  174.0911
10.684	 2.59	 2	 -42.3005	  173.9730
10.686	 2.46	 4	 -41.8256	  174.2214
10.687	 3.14	 2	 -42.2546	  174.0583
10.687	 2.14	 2	 -42.0050	  174.1512
10.690	 2.39	 1	 -42.5271	  172.0842
10.690	 2.15	 4	 -42.6540	  174.1224
10.692	 2.30	 2	 -42.0617	  173.0136
10.694	 2.05	 2	 -42.0826	  173.6520
10.694	 2.03	 1	 -42.7515	  173.0231
10.696	 2.42	 1	 -42.3002	  174.0862
10.696	 2.69	 4	 -42.1770	  173.6531
10.700	 3.63	 1	 -41.7442	  174.2030
10.700	 2.30	 1	 -42.4430	  173.1825
10.700	 2.20	 1	 -41.7903	  174.2481
10.701	 2.44	 2	 -42.2639	  174.2481
10.701	 2.29	 5	 -42.4574	  173.9395
10.702	 2.43	 2	 -42.2785	  173.6608
10.703	 2.48	 1	 -42.4842	  173.4135
10.704	 2.10	 2	 -42.3986	  173.8399
10.704	 2.07	 2	 -42.6917	  173.0089
10.704	 2.02	 5	 -42.2569	  174.5899
10.705	 2.09	 4	 -42.2260	  174.0623
10.706	 2.84	 2	 -42.8148	  172.2953
10.706	 2.05	 5	 -42.1845	  174.2302
10.708	 2.03	 1	 -42.2282	  173.8420
10.708	 2.21	 1	 -42.2130	  173.8576
10.708	 2.01	 3	 -43.9803	  169.1019
10.710	 2.75	 1	 -42.1421	  173.5683
10.712	 2.94	 4	 -42.1776	  173.6557
10.713	 2.22	 1	 -42.0100	  173.7457
10.714	 2.27	 1	 -41.4932	  174.8649
10.716	 2.16	 2	 -41.6620	  174.2776
10.716	 2.10	 2	 -41.7364	  174.3487
10.717	 2.65	 1	 -42.3022	  173.3295
10.718	 2.02	 3	 -41.6484	  174.2184
10.719	 2.70	 2	 -42.7204	  172.9228
10.719	 2.13	 2	 -41.8619	  174.2811
10.720	 3.14	 5	 -42.1806	  174.2611
10.721	 2.02	 2	 -42.1162	  173.0658
10.723	 2.08	 4	 -45.8764	  174.5680
10.729	 2.41	 2	 -42.4047	  173.9272
10.730	 2.93	 2	 -42.1326	  173.5830
10.733	 2.09	 4	 -42.3302	  174.0189
10.737	 2.10	 1	 -42.1358	  173.8470
10.738	 2.47	 5	 -42.1952	  174.2610
10.738	 2.21	 2	 -41.9570	  172.8584
10.738	 2.24	 5	 -42.1712	  173.9907
10.739	 2.07	 1	 -41.7701	  174.2471
10.740	 2.14	 1	 -42.5867	  173.2921
10.741	 2.19	 2	 -42.0721	  173.0344
10.744	 2.18	 5	 -42.1678	  173.8575
10.744	 2.50	 2	 -42.0611	  173.0625
10.744	 2.21	 5	 -42.2720	  173.9211
10.746	 2.58	 4	 -42.2053	  173.4382
10.746	 2.20	 3	 -42.2757	  173.7615
10.746	 2.11	 4	 -42.2391	  174.0994
10.747	 2.20	 2	 -42.0107	  174.0311
10.748	 4.54	 2	 -42.6018	  172.8154
10.748	 2.40	 2	 -43.2943	  172.5205
10.749	 2.04	 4	 -42.4799	  173.6115
10.749	 3.01	 1	 -41.5592	  173.0322
10.752	 2.01	 2	 -41.6971	  174.2004
10.753	 2.89	 1	 -42.6981	  173.4236
10.756	 2.46	 1	 -42.5545	  173.0670
10.757	 2.20	 2	 -41.9889	  173.7177
10.757	 2.20	 1	 -41.6677	  174.0730
10.758	 2.83	 7	 -42.2889	  174.1413
10.759	 2.44	 4	 -42.4779	  173.8626
10.759	 2.37	 2	 -42.0502	  174.0826
10.760	 3.61	 1	 -41.7525	  174.3216
10.761	 2.35	 2	 -41.6401	  174.2660
10.764	 2.77	 1	 -42.6940	  173.1189
10.765	 2.94	 1	 -42.0474	  172.8816
10.766	 2.32	 3	 -42.0870	  173.8232
10.766	 2.09	 1	 -41.7148	  174.1745
10.769	 2.21	 2	 -42.7639	  172.1629
10.769	 2.78	 4	 -42.0054	  173.9802
10.770	 2.79	 1	 -42.1394	  171.3789
10.770	 2.08	 3	 -42.7734	  173.0523
10.773	 3.07	 4	 -41.7241	  174.5058
10.774	 2.43	 4	 -42.1991	  174.0117
10.775	 2.64	 4	 -42.2865	  174.0598
10.776	 2.41	 1	 -42.4262	  173.7975
10.778	 2.47	 1	 -42.1328	  173.5984
10.778	 2.85	 2	 -43.4304	  174.1838
10.778	 2.56	 4	 -41.6614	  174.2372
10.779	 2.08	 2	 -42.0473	  173.0267
10.781	 2.48	 1	 -42.3672	  173.6608
10.782	 2.92	 1	 -42.6699	  173.0155
10.782	 2.02	 2	 -41.8035	  174.2325
10.782	 2.33	 3	 -42.5805	  172.7007
10.783	 2.43	 4	 -41.6101	  174.3762
10.786	 3.24	 2	 -42.3864	  172.8602
10.787	 2.51	 3	 -42.2703	  172.7653
10.787	 3.03	 5	 -42.1069	  174.3819
10.787	 2.23	 1	 -42.2705	  173.8548
10.788	 2.61	 1	 -42.1150	  173.8076
10.789	 2.31	 1	 -42.6834	  171.4371
10.789	 2.59	 3	 -41.3135	  172.5793
10.789	 3.82	 1	 -41.9810	  173.8038
10.791	 2.01	 2	 -41.9645	  173.0421
10.793	 2.09	 5	 -42.2147	  173.8324
10.798	 2.71	 2	 -42.8068	  172.1697
10.799	 2.58	 1	 -41.7725	  174.2150
10.800	 2.11	 2	 -42.1054	  173.1474
10.801	 4.12	 4	 -41.5141	  174.2825
10.804	 2.16	 4	 -41.8297	  174.4736
10.804	 2.06	 2	 -41.7123	  174.1839
10.806	 2.18	 1	 -42.1224	  173.5296
10.806	 2.30	 4	 -42.0585	  173.5930
10.806	 2.36	 1	 -42.3726	  174.0276
10.807	 2.05	 2	 -42.0793	  173.0608
10.807	 2.03	 1	 -42.5958	  172.8067
10.807	 2.63	 1	 -42.4506	  172.9968
10.808	 3.19	 3	 -42.5570	  172.8706
10.809	 2.48	 4	 -42.0840	  173.7687
10.812	 2.45	 4	 -42.2289	  174.0851
10.812	 2.14	 3	 -41.6680	  174.2202
10.812	 2.30	 1	 -41.7162	  174.2792
10.813	 2.17	 4	 -42.4345	  174.0840
10.814	 2.59	 1	 -42.5732	  172.8541
10.814	 2.78	 1	 -42.3414	  173.9393
10.815	 3.13	 2	 -41.9068	  173.4116
10.816	 2.08	 1	 -42.4697	  173.9280
10.817	 2.09	 5	 -42.1042	  174.2099
10.819	 2.06	 2	 -42.3604	  173.5473
10.819	 2.05	 2	 -42.0484	  173.7478
10.822	 3.04	 1	 -41.6607	  174.2489
10.822	 2.29	 1	 -42.1783	  173.7841
10.823	 2.96	 1	 -41.9789	  173.4040
10.823	 2.71	 4	 -42.6203	  172.9758
10.825	 2.18	 4	 -41.8957	  174.4875
10.826	 2.65	 3	 -41.6383	  174.3420
10.826	 2.73	 2	 -42.7319	  172.1917
10.827	 2.65	 4	 -42.1530	  174.1889
10.827	 2.25	 2	 -42.5416	  173.2203
10.828	 2.44	 2	 -42.0652	  174.1290
10.831	 2.20	 1	 -42.5518	  173.6097
10.832	 2.11	 5	 -42.2348	  174.2954
10.833	 3.23	 4	 -42.3231	  173.9724
10.834	 2.10	 2	 -41.6839	  172.3140
10.835	 2.02	 1	 -42.9709	  172.9513
10.838	 2.45	 1	 -42.6931	  173.0364
10.838	 2.31	 2	 -42.0363	  173.0206
10.839	 2.46	 4	 -41.7802	  174.2556
10.841	 2.35	 2	 -44.1534	  170.7767
10.841	 3.05	 1	 -42.0785	  172.9442
10.841	 2.00	 4	 -41.7651	  174.2076
10.841	 2.05	 1	 -42.6405	  172.9001
10.843	 2.12	 1	 -42.3066	  173.6161
10.843	 2.11	 2	 -42.0747	  173.9331
10.845	 2.49	 1	 -37.8570	  175.1702
10.846	 2.52	 1	 -41.4785	  173.6660
10.846	 2.33	 2	 -42.0762	  173.1805
10.848	 2.13	 2	 -42.7272	  173.0366
10.848	 2.00	 3	 -41.6938	  174.1315
10.849	 2.01	 2	 -44.4058	  169.4102
10.849	 3.40	 4	 -41.7221	  174.2858
10.850	 2.56	 2	 -42.2111	  173.6266
10.850	 2.90	 4	 -41.6822	  174.2561
10.852	 2.28	 2	 -44.2067	  169.4239
10.852	 2.84	 2	 -42.0949	  172.9757
10.853	 2.04	 3	 -42.0032	  173.7943
10.854	 2.43	 2	 -42.5140	  173.2233
10.862	 2.43	 1	 -42.3782	  172.9756
10.862	 2.08	 3	 -42.7855	  172.9993
10.863	 2.22	 1	 -42.7212	  173.1115
10.863	 2.90	 5	 -41.7004	  174.0943
10.863	 2.18	 2	 -42.0445	  174.1227
10.864	 3.35	 2	 -42.1704	  172.7999
10.865	 2.31	 1	 -41.7367	  174.2767
10.865	 2.31	 4	 -42.3869	  174.2223
10.867	 2.49	 4	 -42.2893	  173.7689
10.868	 2.19	 1	 -42.4296	  173.4588
10.869	 2.01	 1	 -42.5767	  172.9880
10.870	 2.26	 1	 -42.5588	  173.0434
10.871	 4.13	 1	 -41.9717	  173.7934
10.872	 2.91	 3	 -42.5859	  172.7829
10.874	 2.03	 1	 -42.5803	  173.5122
10.874	 2.95	 4	 -41.7757	  173.7717
10.874	 2.06	 3	 -42.5096	  172.9348
10.874	 2.56	 2	 -44.3180	  169.5928
10.876	 2.28	 2	 -41.7080	  174.1388
10.876	 2.26	 4	 -42.1938	  173.6543
10.877	 2.11	 1	 -42.1344	  173.4739
10.877	 2.02	 4	 -42.0619	  174.4655
10.877	 2.33	 1	 -41.7108	  174.3139
10.878	 2.01	 3	 -42.5988	  172.7464
10.878	 2.41	 1	 -42.4166	  173.7262
10.879	 2.07	 1	 -42.7392	  172.8343
10.880	 2.04	 1	 -42.3866	  173.0701
10.881	 3.30	 2	 -42.7737	  172.2078
10.882	 2.71	 1	 -45.0556	  170.2807
10.882	 2.41	 2	 -42.2762	  173.7637
10.883	 2.94	 4	 -42.3025	  173.5432
10.886	 2.20	 1	 -42.5498	  174.3550
10.886	 2.42	 1	 -42.1354	  173.4853
10.888	 2.60	 1	 -39.5490	  174.3746
10.889	 2.03	 2	 -42.1364	  174.1914
10.889	 2.32	 4	 -41.7014	  174.3567
10.890	 2.15	 2	 -42.0802	  173.0767
10.891	 2.06	 5	 -42.2296	  173.9928
10.892	 2.12	 4	 -41.7468	  174.3580
10.892	 2.08	 1	 -41.8357	  174.2560
10.894	 2.61	 1	 -42.5557	  173.1888
10.897	 2.11	 4	 -41.6721	  174.2068
10.897	 2.01	 2	 -42.4151	  173.7195
10.899	 2.74	 3	 -42.7403	  172.2112
10.900	 2.22	 1	 -42.2316	  173.6296
10.900	 3.27	 2	 -41.7419	  174.3536
10.904	 2.01	 1	 -42.4046	  173.0911
10.906	 2.20	 3	 -44.2761	  169.5435
10.906	 3.01	 1	 -42.6130	  173.1552
10.906	 2.11	 2	 -42.3740	  173.8960
10.908	 2.60	 1	 -42.6755	  172.9516
10.908	 3.33	 2	 -42.5629	  173.0204
10.910	 2.08	 1	 -41.7137	  174.2390
10.911	 2.31	 3	 -43.7928	  170.9904
10.911	 2.97	 2	 -44.0715	  169.7787
10.911	 2.03	 2	 -41.5911	  174.0340
10.912	 2.26	 3	 -44.2587	  169.2852
10.912	 2.05	 1	 -42.0051	  173.6718
10.914	 2.64	 4	 -42.1633	  173.6320
10.915	 2.67	 2	 -41.9444	  173.6217
10.917	 2.01	 2	 -41.8087	  173.9835
10.917	 2.11	 3	 -42.5723	  172.7451
10.918	 2.11	 2	 -44.4822	  169.4968
10.919	 2.02	 4	 -42.1390	  174.4107
10.919	 2.06	 1	 -42.6248	  173.0875
10.921	 2.25	 4	 -44.5494	  169.2191
10.921	 3.00	 1	 -41.6051	  174.2871
10.922	 4.93	 4	 -42.0592	  174.0830
10.922	 2.10	 4	 -41.7985	  174.4390
10.923	 2.55	 4	 -41.5386	  174.3007
10.924	 2.37	 2	 -41.6883	  173.5287
10.924	 2.42	 1	 -42.6703	  173.7668
10.927	 2.15	 3	 -44.3720	  169.6742
10.928	 2.05	 3	 -41.6250	  174.4590
10.930	 2.22	 2	 -47.6923	  165.3696
10.930	 2.04	 1	 -41.7718	  174.2352
10.931	 2.34	 2	 -41.6556	  174.2744
10.932	 2.11	 3	 -44.0587	  169.7488
10.938	 2.59	 2	 -42.1000	  173.0268
10.939	 4.11	 4	 -42.2190	  173.9897
10.944	 2.14	 4	 -42.2429	  173.9772
10.945	 2.28	 4	 -41.7962	  174.3274
10.945	 2.46	 4	 -42.6585	  174.3260
10.945	 2.63	 2	 -42.6721	  173.0069
10.946	 2.26	 4	 -41.8961	  174.5168
10.947	 2.14	 1	 -37.9688	  173.1200
10.953	 4.21	 1	 -41.7753	  174.0961
10.954	 2.63	 2	 -42.3053	  173.3928
10.954	 3.16	 1	 -42.2469	  173.5573
10.954	 2.09	 2	 -41.9718	  173.7496
10.954	 2.19	 1	 -41.3967	  174.0456
10.954	 2.08	 4	 -42.2393	  174.0287
10.955	 2.19	 1	 -41.7794	  174.2732
10.956	 2.33	 3	 -44.7873	  169.1465
10.956	 2.31	 1	 -41.7496	  174.1531
10.959	 2.14	 5	 -42.1004	  173.9842
10.960	 3.51	 1	 -42.3313	  174.0358
10.963	 2.15	 1	 -42.3242	  173.4706
10.966	 2.12	 4	 -41.6750	  174.2450
10.966	 2.95	 2	 -42.2727	  173.9777
10.967	 3.13	 1	 -42.4663	  173.8009
10.969	 2.09	 1	 -42.2894	  173.9518
10.969	 2.05	 1	 -42.1291	  173.6378
10.969	 2.08	 1	 -42.3815	  173.4221
10.969	 2.28	 1	 -42.2442	  174.4459
10.969	 2.22	 1	 -42.4219	  173.5526
10.970	 2.87	 1	 -42.3906	  173.1005
10.970	 2.68	 1	 -42.6415	  173.8674
10.971	 2.04	 1	 -41.6703	  174.3163
10.973	 2.27	 2	 -42.5398	  173.1515
10.973	 3.07	 2	 -41.7032	  174.3000
10.973	 2.09	 1	 -42.2557	  174.5417
10.974	 2.01	 1	 -42.2489	  173.9229
10.975	 2.20	 1	 -41.7566	  174.2198
10.976	 2.05	 6	 -42.1474	  174.1248
10.977	 2.01	 2	 -42.5133	  172.7625
10.977	 2.14	 1	 -41.9721	  173.9092
10.978	 3.31	 1	 -41.7672	  174.2851
10.980	 2.65	 4	 -44.2767	  169.7181
10.980	 2.50	 2	 -41.7754	  174.0970
10.980	 2.07	 1	 -41.7122	  174.0562
10.981	 2.52	 5	 -46.2182	  173.3167
10.982	 3.25	 4	 -42.5342	  174.4359
10.982	 4.14	 1	 -41.9449	  173.6565
10.984	 2.17	 3	 -42.1835	  173.6359
10.985	 2.13	 2	 -42.7986	  172.2159
10.985	 2.51	 2	 -42.0425	  173.0093
10.986	 2.14	 2	 -41.7564	  173.8293
10.988	 2.81	 2	 -41.7693	  174.0944
10.990	 2.42	 4	 -42.0845	  174.0353
10.990	 2.00	 2	 -44.4597	  169.5450
10.991	 2.08	 3	 -43.1929	  166.8211
10.992	 2.00	 3	 -42.2087	  173.6664
10.996	 2.56	 3	 -42.4568	  173.1558
10.997	 3.20	 2	 -41.6486	  174.2284
10.998	 2.48	 1	 -41.6832	  174.2838
10.999	 2.14	 1	 -42.4687	  172.7001
11.000	 2.23	 1	 -41.9545	  173.6511
11.001	 2.10	 2	 -42.2110	  173.5948
11.001	 2.39	 5	 -42.0752	  174.0928
11.001	 2.36	 2	 -42.2336	  173.6515
11.005	 3.20	 1	 -42.2052	  173.7973
11.005	 2.04	 5	 -42.0438	  174.0762
11.007	 2.91	 1	 -42.3617	  173.6220
11.008	 2.01	 5	 -42.2145	  174.1417
11.008	 2.00	 1	 -42.4487	  173.7397
11.010	 2.43	 5	 -41.6569	  174.1989
11.010	 2.40	 4	 -41.8139	  173.2116
11.014	 2.58	 2	 -41.6917	  174.2973
11.014	 2.82	 1	 -42.6024	  173.1825
11.014	 2.59	 2	 -42.0932	  172.8234
11.015	 2.05	 2	 -42.7526	  172.2610
11.015	 3.69	 2	 -41.6362	  174.1688
11.016	 2.06	 1	 -41.9781	  173.7078
11.016	 2.13	 1	 -42.7269	  173.1560
11.017	 2.34	 5	 -42.2013	  174.2649
11.020	 3.39	 1	 -41.8987	  173.9992
11.021	 2.03	 1	 -43.1486	  172.6421
11.023	 2.13	 2	 -42.6629	  173.0583
11.024	 2.50	 1	 -42.8190	  173.0091
11.025	 2.98	 4	 -42.2673	  173.9992
11.026	 2.05	 5	 -42.1522	  174.1877
11.028	 2.09	 1	 -42.1875	  173.6167
11.029	 2.04	 1	 -41.7806	  174.1580
11.030	 2.78	 4	 -39.4507	  171.3289
11.031	 2.29	 1	 -42.1209	  173.5533
11.032	 2.14	 4	 -41.6253	  174.1960
11.033	 2.01	 1	 -41.8543	  173.9452
11.033	 2.20	 1	 -41.9517	  173.7022
11.035	 2.01	 2	 -42.0794	  174.2841
11.035	 3.98	 2	 -42.6097	  173.1743
11.036	 2.06	 2	 -43.0267	  173.3700
11.037	 2.21	 1	 -42.3651	  173.7099
11.037	 4.15	 4	 -41.5685	  174.0361
11.038	 3.42	 3	 -41.5423	  174.3313
11.038	 2.12	 3	 -42.5663	  173.5602
11.039	 2.29	 1	 -41.6179	  174.2914
11.039	 2.41	 2	 -42.3645	  173.4586
11.040	 3.24	 4	 -42.1324	  174.0559
11.041	 2.74	 2	 -42.0419	  173.0854
11.041	 2.02	 1	 -42.9668	  173.5962
11.045	 2.03	 2	 -41.9518	  173.0049
11.045	 2.74	 3	 -41.6823	  174.4518
11.045	 2.62	 4	 -41.7249	  174.3069
11.050	 3.03	 1	 -41.8015	  174.6939
11.051	 2.02	 1	 -42.4643	  173.0276
11.053	 2.12	 2	 -41.7878	  174.0450
11.053	 2.53	 2	 -42.6368	  172.9215
11.054	 2.17	 1	 -43.5906	  172.6803
11.054	 2.75	 1	 -41.8556	  174.0010
11.055	 2.36	 4	 -42.2424	  174.1215
11.055	 3.19	 2	 -42.1239	  173.5675
11.057	 2.01	 1	 -42.2538	  173.6852
11.060	 2.04	 1	 -42.4990	  173.2050
11.060	 2.15	 1	 -42.4451	  172.7111
11.061	 2.12	 2	 -43.9940	  177.4179
11.062	 2.04	 1	 -42.0486	  173.6686
11.062	 2.56	 2	 -41.9433	  173.6467
11.063	 2.82	 2	 -41.7553	  174.0729
11.066	 2.11	 1	 -42.1878	  173.4223
11.066	 2.14	 1	 -42.1228	  173.7018
11.067	 2.63	 5	 -41.5515	  174.2982
11.067	 3.60	 3	 -42.7487	  172.2534
11.068	 3.17	 2	 -41.7827	  174.2926
11.068	 2.46	 3	 -42.6065	  173.9992
11.068	 2.18	 1	 -41.6899	  174.3164
11.071	 2.42	 1	 -42.5191	  173.3367
11.071	 2.13	 2	 -42.7631	  173.1689
11.072	 2.55	 2	 -41.8501	  174.3067
11.073	 2.07	 1	 -41.8712	  174.2943
11.074	 2.48	 1	 -41.6437	  174.2302
11.077	 3.19	 1	 -42.0275	  173.7820
11.079	 2.74	 5	 -42.0353	  174.1003
11.080	 2.76	 2	 -42.0264	  173.7869
11.081	 2.88	 4	 -41.5970	  174.3448
11.082	 3.70	 1	 -41.9832	  173.8535
11.082	 2.39	 4	 -42.7379	  172.2504
11.082	 2.32	 2	 -44.4421	  169.5150
11.084	 2.67	 5	 -42.0105	  174.0797
11.084	 2.32	 1	 -42.2962	  173.5744
11.085	 2.37	 1	 -42.3585	  174.0344
11.085	 2.01	 1	 -42.6342	  173.7119
11.085	 2.47	 5	 -41.5164	  174.2707
11.086	 2.11	 4	 -41.6393	  174.6258
11.086	 2.57	 3	 -42.5275	  173.9191
11.088	 3.65	 1	 -41.7376	  174.1939
11.090	 2.25	 3	 -42.0945	  173.6371
11.090	 2.14	 4	 -42.4625	  173.1109
11.091	 2.66	 2	 -42.6514	  173.0216
11.093	 2.60	 2	 -41.9696	  173.8014
11.093	 2.41	 1	 -41.7037	  174.1888
11.093	 2.72	 1	 -41.6947	  174.3530
11.096	 2.05	 3	 -41.9473	  173.6204
11.096	 2.55	 1	 -41.6889	  174.5085
11.096	 2.23	 2	 -41.7738	  174.2169
11.097	 2.05	 5	 -42.0324	  174.0557
11.097	 2.05	 1	 -42.5225	  173.2741
11.098	 2.16	 4	 -41.7081	  174.2840
11.099	 2.28	 1	 -42.4263	  173.0663
11.102	 2.24	 2	 -41.9522	  173.8724
11.104	 2.53	 3	 -41.7822	  174.2906
11.106	 2.03	 1	 -42.8093	  174.7433
11.106	 3.27	 6	 -42.1341	  174.1981
11.107	 2.06	 1	 -41.7246	  174.3190
11.109	 2.60	 5	 -42.2038	  174.4105
11.110	 3.52	 5	 -42.1639	  174.3854
11.110	 2.92	 2	 -42.5347	  173.4673
11.111	 2.11	 5	 -41.7142	  174.2895
11.112	 2.75	 4	 -44.5024	  169.2417
11.112	 2.30	 4	 -42.4204	  174.2821
11.113	 2.25	 2	 -42.7145	  172.7294
11.114	 2.05	 3	 -44.0275	  170.0870
11.116	 3.49	 3	 -42.2518	  174.0720
11.120	 2.34	 1	 -42.2743	  173.7547
11.120	 2.57	 1	 -41.7396	  174.2298
11.125	 2.39	 1	 -44.5017	  174.7580
11.125	 2.98	 1	 -41.8178	  174.2180
11.126	 2.21	 1	 -41.5820	  174.1952
11.126	 2.17	 1	 -42.2686	  173.8852
11.128	 2.17	 4	 -41.7028	  174.4002
11.128	 2.32	 1	 -41.3848	  173.8968
11.129	 2.02	 5	 -42.0375	  174.0547
11.129	 3.27	 1	 -42.3331	  174.1170
11.130	 2.13	 1	 -41.6782	  174.1923
11.132	 2.12	 2	 -42.0485	  172.8161
11.134	 2.44	 3	 -42.6435	  172.8226
11.134	 2.39	 1	 -42.5156	  173.6019
11.139	 2.16	 2	 -41.4189	  173.7992
11.140	 2.02	 5	 -42.4953	  173.9010
11.140	 2.20	 1	 -42.7146	  171.5785
11.141	 2.17	 1	 -41.7012	  174.1161
11.141	 2.59	 5	 -42.0793	  174.0580
11.142	 2.09	 1	 -41.7058	  174.2675
11.143	 2.03	 1	 -41.2254	  173.1896
11.144	 2.07	 3	 -42.6669	  171.5878
11.145	 2.14	 1	 -41.7474	  173.9485
11.146	 2.19	 1	 -45.7786	  176.8458
11.148	 2.09	 4	 -41.7773	  174.1529
11.148	 2.67	 2	 -41.7340	  174.1839
11.149	 2.31	 1	 -41.5995	  174.3390
11.150	 2.14	 4	 -42.2321	  173.8861
11.151	 2.03	 1	 -41.8752	  174.0141
11.152	 2.82	 4	 -42.1912	  174.1033
11.152	 2.10	 1	 -42.1855	  174.0403
11.153	 2.89	 1	 -42.3631	  173.5902
11.154	 2.58	 1	 -42.5754	  172.8376
11.155	 2.42	 1	 -41.5638	  174.4038
11.155	 2.29	 2	 -43.6082	  170.1273
11.155	 2.70	 3	 -41.6365	  174.3316
11.157	 2.43	 2	 -42.0672	  173.0468
11.157	 2.05	 1	 -41.7204	  174.1846
11.159	 2.61	 4	 -42.4066	  173.8778
11.159	 2.20	 2	 -41.9158	  173.1725
11.161	 2.23	 1	 -42.7990	  173.0756
11.162	 2.29	 4	 -44.3449	  169.6101
11.166	 3.66	 1	 -41.7175	  174.1690
11.167	 2.73	 1	 -42.4269	  173.9828
11.167	 2.11	 2	 -42.3676	  173.1135
11.168	 2.06	 3	 -41.6296	  174.2935
11.168	 2.02	 1	 -42.5155	  173.3291
11.169	 2.52	 4	 -43.3037	  174.2602
11.169	 2.08	 3	 -41.6978	  174.2556
11.170	 2.00	 1	 -42.2293	  173.6162
11.171	 2.28	 4	 -42.6523	  174.1244
11.177	 2.35	 1	 -41.7289	  174.1110
11.178	 2.06	 2	 -42.3193	  174.9534
11.180	 2.09	 2	 -41.9804	  172.4882
11.180	 2.43	 2	 -42.2425	  173.9329
11.181	 2.00	 1	 -42.0001	  173.7112
11.182	 2.28	 4	 -42.1959	  174.2129
11.182	 2.03	 4	 -41.6449	  174.2059
11.183	 2.00	 2	 -42.5978	  173.1844
11.183	 2.33	 1	 -41.7388	  171.7258
11.185	 2.06	 5	 -41.9803	  173.8473
11.186	 2.18	 5	 -41.7111	  174.3066
11.186	 3.13	 2	 -41.8889	  174.0903
11.190	 2.38	 1	 -42.4219	  173.1529
11.191	 2.84	 2	 -41.6309	  174.2494
11.191	 2.20	 3	 -42.7254	  173.0358
11.194	 2.24	 1	 -42.1836	  173.7640
11.194	 2.71	 2	 -42.3932	  173.1627
11.195	 3.03	 2	 -42.0624	  173.0570
11.195	 2.15	 1	 -41.5889	  177.6044
11.195	 2.37	 2	 -46.3741	  168.5728
11.197	 2.38	 1	 -42.6185	  174.0553
11.197	 2.38	 1	 -42.5367	  172.9335
11.197	 2.07	 2	 -42.1326	  173.0301
11.197	 2.67	 1	 -41.6417	  174.2097
11.197	 2.07	 1	 -41.6637	  174.3178
11.198	 2.16	 1	 -42.1736	  173.5508
11.198	 3.23	 5	 -42.0718	  174.0813
11.198	 2.44	 2	 -42.3841	  173.4199
11.199	 2.23	 3	 -42.3486	  173.8862
11.200	 2.91	 5	 -41.9729	  174.2661
11.201	 2.05	 1	 -41.7189	  174.2952
11.203	 2.13	 2	 -41.9663	  173.7760
11.204	 3.62	 1	 -42.2123	  173.6688
11.204	 2.48	 1	 -42.1239	  173.6347
11.205	 3.34	 2	 -41.9708	  173.7916
11.206	 2.31	 1	 -42.5647	  173.0458
11.207	 2.52	 6	 -42.2374	  174.1348
11.207	 2.19	 3	 -41.6779	  174.2133
11.207	 2.43	 5	 -42.0687	  174.0792
11.208	 2.75	 1	 -41.8436	  174.2928
11.211	 2.39	 1	 -41.7525	  174.2512
11.211	 2.41	 1	 -41.9433	  174.1494
11.213	 2.07	 1	 -42.2298	  173.6781
11.215	 2.08	 3	 -42.3298	  173.8230
11.216	 2.03	 2	 -44.3424	  169.5853
11.218	 3.10	 2	 -44.2974	  169.5300
11.219	 2.79	 1	 -42.2919	  173.6900
11.219	 2.15	 5	 -42.2393	  174.3049
11.219	 2.45	 1	 -42.5795	  173.1791
11.223	 2.63	 1	 -41.7010	  174.2162
11.224	 3.13	 1	 -43.1287	  171.2477
11.225	 2.82	 5	 -41.7224	  174.1690
11.226	 3.04	 1	 -42.9225	  173.8988
11.226	 2.31	 2	 -41.8368	  173.8709
11.229	 2.25	 4	 -42.2943	  174.0394
11.230	 2.33	 3	 -42.6701	  173.0089
11.230	 2.13	 4	 -41.7837	  173.8295
11.230	 2.43	 4	 -42.1984	  174.8410
11.233	 2.22	 1	 -41.6406	  174.2324
11.233	 2.20	 4	 -42.3408	  173.9518
11.233	 3.21	 1	 -42.6075	  172.8516
11.233	 2.21	 2	 -41.6863	  174.2996
11.235	 2.41	 1	 -42.5604	  172.4554
11.236	 2.28	 1	 -42.5158	  174.9278
11.238	 2.55	 4	 -41.9921	  173.8787
11.238	 2.23	 2	 -41.9877	  173.6868
11.239	 2.09	 4	 -42.8122	  173.1340
11.239	 2.03	 1	 -41.7897	  174.2766
11.239	 2.14	 1	 -41.7123	  174.1124
11.243	 2.45	 1	 -42.3300	  173.7455
11.244	 2.06	 1	 -42.0069	  174.1970
11.244	 2.22	 2	 -41.7503	  174.2038
11.247	 2.14	 2	 -44.2839	  169.5940
11.249	 2.40	 1	 -42.4635	  173.3249
11.249	 2.31	 1	 -42.5056	  173.1402
11.251	 2.67	 4	 -42.4556	  174.0787
11.252	 2.06	 1	 -41.9526	  173.6746
11.252	 2.47	 1	 -42.5651	  173.0088
11.253	 2.52	 1	 -42.5767	  173.3388
11.253	 2.07	 1	 -41.4724	  174.1222
11.254	 2.28	 5	 -42.2186	  173.9824
11.257	 2.82	 3	 -44.3139	  170.4539
11.258	 2.01	 2	 -42.2145	  173.7254
11.258	 2.44	 1	 -42.5366	  173.1960
11.259	 2.92	 1	 -43.1322	  173.4173
11.259	 2.41	 4	 -42.1959	  175.2312
11.259	 2.46	 1	 -41.5014	  172.5432
11.260	 2.46	 4	 -41.8090	  174.5188
11.261	 2.10	 4	 -41.7205	  174.2770
11.263	 2.34	 1	 -42.3575	  173.2485
11.263	 2.11	 4	 -42.7041	  173.2161
11.263	 2.12	 1	 -43.4230	  169.1098
11.266	 2.10	 2	 -41.6311	  174.3426
11.266	 2.05	 4	 -42.0575	  174.3146
11.267	 2.11	 2	 -42.0520	  172.7903
11.269	 2.86	 1	 -42.5191	  173.0582
11.270	 2.15	 1	 -42.4961	  173.1679
11.274	 2.06	 1	 -42.8562	  174.3442
11.276	 2.33	 2	 -41.8096	  173.9254
11.276	 3.25	 1	 -42.6062	  172.8632
11.277	 2.10	 1	 -42.4102	  173.9956
11.278	 2.06	 1	 -42.1575	  173.5892
11.280	 2.27	 1	 -42.4321	  173.2575
11.280	 2.06	 1	 -41.7062	  174.3001
11.280	 2.50	 5	 -42.0977	  174.1338
11.283	 2.23	 1	 -42.6994	  172.8454
11.283	 2.46	 2	 -44.3420	  169.6110
11.283	 4.14	 1	 -42.7437	  173.9762
11.283	 2.15	 1	 -41.7315	  174.2132
11.285	 2.43	 5	 -41.7414	  174.2343
11.285	 2.28	 4	 -42.7885	  173.8456
11.287	 2.01	 1	 -42.2610	  173.6757
11.287	 2.07	 4	 -42.1922	  173.6806
11.288	 2.28	 2	 -42.4749	  173.2319
11.288	 2.19	 1	 -42.2707	  173.5909
11.291	 2.12	 1	 -42.2696	  173.5694
11.292	 2.33	 1	 -41.7168	  174.1317
11.292	 2.11	 4	 -42.1905	  173.9584
11.293	 2.21	 2	 -41.8347	  174.1910
11.295	 3.18	 6	 -41.8124	  173.5484
11.298	 2.21	 4	 -42.1919	  173.6092
11.298	 2.09	 4	 -42.2979	  173.8228
11.300	 2.06	 4	 -42.2054	  173.6477
11.301	 2.10	 1	 -42.6087	  173.1056
11.302	 3.07	 3	 -42.6168	  173.1798
11.306	 3.97	 2	 -42.4843	  173.8079
11.307	 2.04	 1	 -42.6889	  172.7901
11.309	 2.22	 1	 -41.9345	  173.4004
11.309	 4.42	 2	 -41.8137	  174.2152
11.310	 2.05	 1	 -42.4256	  173.6331
11.310	 2.11	 4	 -42.1873	  174.1278
11.312	 2.24	 5	 -42.1966	  174.2425
11.312	 2.33	 2	 -42.2961	  173.8203
11.319	 3.71	 3	 -44.5051	  169.2066
11.319	 2.69	 1	 -41.6717	  174.2173
11.320	 2.77	 2	 -41.7428	  174.2526
11.321	 3.46	 1	 -42.6788	  172.8407
11.321	 2.32	 1	 -42.3020	  173.9337
11.322	 2.89	 2	 -42.8314	  172.9216
11.322	 3.01	 4	 -42.2835	  174.2096
11.322	 2.11	 1	 -42.5709	  173.2643
11.322	 2.18	 3	 -41.6885	  174.2594
11.324	 2.49	 1	 -41.6950	  174.2478
11.326	 2.36	 1	 -42.3932	  173.6283
11.327	 2.22	 3	 -44.5008	  166.7839
11.328	 2.10	 1	 -41.6283	  174.1720
11.330	 2.02	 1	 -42.0872	  173.4698
11.332	 2.39	 1	 -42.6925	  172.8089
11.334	 2.08	 1	 -41.9844	  173.7186
11.334	 2.08	 3	 -42.6144	  172.8832
11.336	 2.12	 2	 -41.6620	  174.3907
11.336	 2.71	 4	 -42.1879	  174.0345
11.337	 2.27	 3	 -42.4838	  173.8321
11.338	 2.29	 2	 -42.4216	  173.0833
11.338	 2.28	 5	 -42.2777	  174.0692
11.339	 2.38	 3	 -41.4896	  174.2008
11.341	 2.26	 2	 -42.0502	  172.8807
11.343	 2.64	 3	 -42.3317	  173.9100
11.345	 2.10	 1	 -42.4678	  175.3354
11.345	 2.24	 1	 -41.5965	  175.7150
11.346	 2.18	 2	 -41.9059	  174.2006
11.346	 2.26	 3	 -42.6435	  173.9876
11.348	 2.26	 3	 -41.8170	  174.2209
11.348	 2.10	 1	 -42.6625	  172.7891
11.349	 2.16	 4	 -46.5370	  172.3294
11.349	 2.14	 4	 -42.4597	  173.7884
11.350	 2.14	 4	 -41.7139	  174.2466
11.351	 2.28	 2	 -41.9745	  173.7685
11.355	 2.68	 1	 -42.1964	  173.6965
11.356	 2.17	 2	 -44.4311	  169.7415
11.356	 2.20	 2	 -44.7074	  169.3592
11.356	 2.36	 2	 -42.0891	  173.0773
11.356	 2.37	 1	 -42.3419	  172.9197
11.358	 2.12	 1	 -41.7273	  174.2648
11.359	 2.18	 1	 -41.9679	  174.0424
11.359	 3.01	 1	 -42.1172	  173.5324
11.360	 2.17	 1	 -42.3925	  173.4799
11.361	 2.41	 3	 -41.7581	  174.1042
11.361	 2.99	 3	 -42.5986	  172.8421
11.363	 2.08	 3	 -44.2909	  169.6567
11.363	 2.62	 1	 -42.7141	  171.3139
11.364	 2.08	 4	 -42.2102	  174.0409
11.364	 2.06	 5	 -42.0213	  174.1763
11.365	 2.50	 3	 -42.7820	  173.3386
11.369	 2.38	 1	 -42.0453	  173.7318
11.369	 2.28	 3	 -41.8102	  174.2198
11.371	 2.21	 2	 -42.7339	  167.5693
11.372	 2.02	 3	 -44.2166	  169.6535
11.376	 2.01	 3	 -44.0767	  169.7014
11.376	 2.81	 5	 -42.3131	  174.7362
11.378	 2.12	 6	 -42.2078	  174.2654
11.380	 2.16	 2	 -42.5932	  172.6399
11.380	 2.81	 2	 -42.0407	  173.6945
11.382	 2.22	 2	 -42.0135	  174.0517
11.383	 2.15	 4	 -42.2124	  173.4785
11.386	 2.93	 3	 -41.6261	  173.7960
11.389	 2.05	 2	 -42.8012	  173.8253
11.390	 2.30	 1	 -42.7720	  173.0010
11.390	 2.66	 1	 -41.6707	  174.1302
11.390	 2.11	 3	 -42.0392	  173.4531
11.390	 2.59	 2	 -42.0390	  173.0370
11.391	 2.12	 2	 -41.7531	  174.2818
11.392	 2.39	 1	 -42.8796	  173.8306
11.393	 2.12	 2	 -42.2698	  173.5700
11.393	 2.24	 2	 -42.6220	  173.3336
11.394	 2.28	 4	 -41.9636	  173.2022
11.394	 2.65	 1	 -41.3658	  174.0631
11.394	 2.51	 1	 -42.4926	  173.1180
11.395	 2.20	 1	 -42.5279	  173.8421
11.401	 2.24	 3	 -42.3540	  173.6964
11.402	 2.15	 2	 -42.4758	  173.1206
11.404	 2.45	 4	 -41.6601	  174.2235
11.407	 2.55	 3	 -42.3721	  173.7652
11.407	 2.25	 5	 -42.1167	  174.8552
11.408	 2.22	 2	 -42.4009	  173.3003
11.409	 2.22	 1	 -41.8035	  174.2322
11.409	 2.21	 1	 -42.4201	  173.7603
11.410	 2.12	 1	 -42.6132	  173.2373
11.410	 2.10	 1	 -42.5477	  173.0671
11.411	 2.36	 2	 -42.3210	  174.0487
11.412	 2.69	 5	 -42.1914	  174.0081
11.412	 2.85	 4	 -41.9451	  174.1864
11.412	 3.06	 2	 -42.3129	  174.1561
11.413	 2.36	 2	 -41.6743	  174.2713
11.414	 3.23	 1	 -41.6781	  174.2403
11.416	 2.61	 5	 -41.5418	  174.0581
11.417	 2.98	 2	 -42.1844	  173.6508
11.418	 3.35	 5	 -42.1590	  173.9593
11.420	 2.09	 1	 -41.8022	  174.2098
11.421	 2.51	 1	 -42.7193	  173.0434
11.422	 2.75	 1	 -41.8373	  173.9680
11.423	 2.61	 4	 -41.9293	  176.8853
11.424	 3.49	 1	 -42.6628	  172.8963
11.424	 2.11	 1	 -41.8548	  174.0349
11.427	 2.23	 1	 -42.1580	  173.6659
11.428	 2.06	 1	 -42.3443	  173.8563
11.429	 2.64	 3	 -41.5299	  173.5341
11.429	 2.40	 4	 -42.3973	  173.8834
11.432	 2.31	 5	 -42.1879	  174.0357
11.435	 2.32	 2	 -41.7071	  174.2134
11.435	 3.12	 4	 -42.3616	  173.9208
11.437	 3.42	 3	 -42.3857	  173.9003
11.437	 2.13	 1	 -42.0762	  173.6912
11.438	 2.02	 1	 -42.5083	  173.1333
11.440	 2.22	 2	 -41.9723	  173.7946
11.442	 2.75	 4	 -42.2469	  174.0317
11.444	 2.43	 3	 -41.7600	  174.1953
11.444	 2.71	 2	 -38.2617	  170.8954
11.445	 2.02	 1	 -42.9364	  173.5840
11.448	 2.82	 1	 -41.6256	  174.2190
11.450	 2.70	 2	 -44.2855	  169.6237
11.452	 3.34	 1	 -42.4601	  173.0719
11.453	 2.98	 3	 -44.3026	  169.4479
11.456	 2.12	 1	 -41.1548	  174.5883
11.459	 2.41	 2	 -42.1244	  173.6251
11.459	 3.12	 4	 -42.4600	  173.9519
11.459	 2.16	 4	 -42.3926	  174.0252
11.463	 2.39	 3	 -39.4450	  172.4850
11.463	 2.13	 3	 -41.6734	  174.0569
11.463	 2.20	 1	 -41.6500	  174.1666
11.465	 2.14	 1	 -42.3112	  173.6376
11.466	 2.13	 1	 -41.4730	  173.3464
11.467	 2.11	 1	 -42.6720	  172.7677
11.471	 2.21	 2	 -41.5493	  174.3865
11.473	 2.06	 1	 -42.4400	  173.0414
11.474	 2.39	 5	 -42.0612	  174.0849
11.474	 2.41	 1	 -42.3407	  173.4691
11.476	 2.10	 1	 -42.3481	  174.0625
11.476	 3.17	 3	 -41.5201	  174.1796
11.479	 3.37	 1	 -41.3389	  173.4971
11.480	 2.44	 4	 -43.4644	  171.2790
11.480	 2.02	 2	 -42.5246	  173.2911
11.481	 2.11	 2	 -42.2974	  173.8514
11.481	 2.17	 1	 -42.3447	  173.6424
11.481	 2.24	 3	 -44.5211	  169.2005
11.482	 3.32	 3	 -42.7318	  172.9029
11.483	 3.23	 1	 -42.6336	  173.1455
11.485	 2.02	 1	 -42.3324	  173.5471
11.486	 2.36	 4	 -42.2167	  174.0413
11.487	 2.64	 1	 -42.5373	  173.4699
11.487	 2.09	 4	 -41.7591	  174.1073
11.489	 2.60	 2	 -44.3104	  169.6003
11.490	 2.17	 4	 -42.2359	  174.3009
11.492	 2.50	 2	 -41.7265	  174.2689
11.495	 2.11	 2	 -42.4598	  173.0703
11.496	 2.02	 4	 -41.5691	  174.0195
11.499	 2.31	 2	 -42.4579	  173.1481
11.500	 3.41	 2	 -41.7155	  174.2270
11.500	 2.13	 1	 -42.2116	  173.6717
11.502	 2.30	 1	 -41.6805	  174.2470
11.503	 2.41	 1	 -42.1677	  173.6138
11.503	 3.54	 1	 -42.2527	  173.9096
11.505	 2.29	 2	 -42.8839	  174.0630
11.505	 2.34	 5	 -41.8162	  174.2634
11.506	 2.06	 2	 -42.7846	  172.2204
11.507	 3.27	 3	 -41.8253	  174.2095
11.509	 3.19	 4	 -41.6980	  173.8816
11.510	 2.68	 5	 -42.2093	  174.0380
11.511	 2.20	 2	 -42.0437	  174.2310
11.512	 2.62	 2	 -42.2089	  173.6877
11.514	 2.14	 1	 -42.9052	  173.0912
11.515	 2.55	 3	 -42.5570	  173.9666
11.517	 2.08	 1	 -42.7797	  173.0836
11.518	 2.13	 1	 -42.6835	  172.9468
11.520	 2.07	 2	 -41.8054	  174.2645
11.521	 2.25	 2	 -42.7567	  172.8556
11.521	 2.25	 2	 -41.9803	  173.7322
11.522	 2.17	 2	 -42.3515	  172.9973
11.523	 2.00	 5	 -42.1786	  173.7422
11.526	 3.04	 2	 -44.3532	  169.5952
11.527	 2.16	 1	 -41.9897	  174.0614
11.527	 2.01	 1	 -41.9606	  174.0905
11.530	 2.40	 4	 -41.7335	  174.5227
11.533	 2.43	 4	 -42.0926	  174.3327
11.533	 2.46	 1	 -42.3641	  173.7088
11.534	 2.46	 1	 -42.5224	  173.7999
11.536	 2.24	 4	 -42.1547	  174.0225
11.540	 2.37	 1	 -41.7858	  174.4234
11.542	 2.37	 1	 -41.2865	  175.3933
11.543	 2.56	 1	 -42.6654	  173.1318
11.543	 2.74	 3	 -42.6858	  172.4045
11.544	 2.39	 4	 -42.2589	  174.0038
11.546	 2.67	 2	 -41.7675	  174.2735
11.549	 2.10	 2	 -41.9879	  173.7965
11.549	 2.06	 2	 -42.2066	  173.6730
11.549	 2.50	 1	 -42.7607	  172.7621
11.550	 2.55	 4	 -41.7537	  174.2116
11.550	 2.23	 1	 -41.7195	  174.1938
11.550	 2.27	 4	 -42.2336	  174.0695
11.555	 3.37	 1	 -42.5564	  173.2977
11.558	 2.03	 2	 -43.0205	  172.7750
11.558	 4.08	 2	 -41.6871	  174.2399
11.560	 2.68	 2	 -42.2653	  173.9175
11.563	 2.14	 1	 -42.5030	  173.1556
11.564	 2.35	 3	 -42.5872	  173.9438
11.564	 2.59	 1	 -42.4603	  173.3058
11.565	 2.09	 1	 -41.7658	  173.3288
11.566	 2.27	 1	 -41.8273	  174.1306
11.567	 3.23	 4	 -42.2443	  174.1154
11.570	 2.14	 1	 -42.2500	  173.7013
11.572	 2.56	 2	 -41.6981	  174.2662
11.573	 2.57	 2	 -42.0840	  173.7715
11.573	 2.05	 3	 -44.2911	  169.6222
11.577	 2.34	 4	 -41.8736	  173.5275
11.579	 2.12	 2	 -41.8012	  174.2924
11.585	 2.66	 2	 -42.0796	  173.0017
11.585	 2.37	 2	 -42.3091	  172.9095
11.585	 2.12	 1	 -41.7860	  174.2776
11.588	 2.55	 1	 -42.2615	  173.7107
11.588	 2.24	 3	 -42.6154	  172.7977
11.589	 2.03	 1	 -42.4558	  173.7495
11.589	 2.24	 2	 -42.1241	  173.5348
11.589	 2.13	 2	 -42.5043	  173.5241
11.591	 2.37	 1	 -42.5282	  173.1958
11.591	 2.61	 2	 -42.2164	  173.5656
11.591	 2.26	 4	 -42.2768	  174.0687
11.592	 2.17	 5	 -42.3162	  174.8631
11.593	 3.59	 3	 -44.0059	  172.0415
11.593	 2.05	 1	 -42.0244	  174.0140
11.593	 2.70	 1	 -42.6144	  173.0313
11.594	 2.10	 3	 -44.3414	  169.4799
11.594	 2.19	 2	 -42.0775	  173.0446
11.595	 2.33	 1	 -43.1012	  172.5213
11.595	 2.05	 4	 -45.2460	  170.5311
11.595	 2.15	 1	 -42.5738	  173.0759
11.599	 2.14	 4	 -41.9730	  174.0243
11.599	 2.63	 4	 -42.1707	  174.0546
11.604	 2.09	 4	 -42.1929	  174.1605
11.606	 2.48	 1	 -42.3458	  173.3304
11.608	 2.31	 2	 -42.1378	  173.1251
11.612	 2.05	 1	 -42.5571	  173.1363
11.613	 2.37	 3	 -42.1759	  172.7972
11.616	 2.98	 2	 -42.6675	  172.8970
11.616	 2.19	 1	 -42.5458	  172.8283
11.617	 3.31	 4	 -42.2137	  173.9072
11.619	 2.25	 2	 -42.3216	  173.4751
11.621	 3.37	 1	 -42.3798	  173.0432
11.622	 2.39	 4	 -42.2827	  172.6601
11.623	 2.20	 1	 -42.7165	  172.8964
11.624	 2.39	 2	 -41.9562	  175.3788
11.624	 2.17	 4	 -44.2806	  169.5417
11.625	 2.01	 2	 -42.1045	  173.8903
11.625	 3.01	 1	 -41.6714	  174.2000
11.628	 2.11	 2	 -42.8158	  172.5100
11.629	 3.00	 1	 -42.6190	  172.9110
11.630	 2.26	 1	 -42.5331	  173.2349
11.631	 3.24	 1	 -42.9031	  173.2502
11.633	 2.01	 1	 -41.7457	  174.2011
11.634	 2.15	 2	 -42.7369	  173.9186
11.635	 2.10	 1	 -42.3459	  173.6683
11.635	 2.61	 4	 -42.1211	  174.0052
11.635	 3.58	 3	 -41.7249	  174.4437
11.640	 2.26	 1	 -42.2459	  173.6048
11.644	 2.21	 4	 -41.7338	  174.2845
11.644	 2.38	 4	 -41.7698	  174.3023
11.645	 2.19	 1	 -41.9824	  174.0403
11.647	 2.47	 1	 -42.2874	  173.7593
11.648	 2.18	 1	 -42.5080	  173.1795
11.648	 2.84	 1	 -41.6929	  174.2438
11.648	 2.19	 4	 -38.0353	  176.2601
11.648	 2.01	 3	 -42.7519	  172.1387
11.651	 2.42	 4	 -41.7049	  174.2648
11.652	 3.10	 4	 -42.2479	  174.0888
11.652	 2.01	 2	 -42.6098	  173.1536
11.654	 2.63	 2	 -41.7012	  174.1909
11.655	 2.12	 2	 -42.6826	  173.1431
11.657	 2.30	 1	 -41.7209	  174.3134
11.661	 2.49	 1	 -42.5582	  173.1267
11.661	 2.05	 1	 -42.6003	  173.0917
11.661	 2.00	 1	 -42.3176	  174.0474
11.664	 2.18	 3	 -42.2669	  173.6061
11.664	 2.85	 2	 -42.0698	  173.0537
11.666	 2.13	 3	 -42.0721	  173.5128
11.666	 2.02	 4	 -42.2182	  174.0478
11.667	 2.40	 2	 -42.2132	  173.9655
11.668	 2.29	 2	 -41.8214	  174.2633
11.668	 2.13	 1	 -41.9367	  174.0524
11.671	 2.17	 1	 -42.6576	  173.3854
11.672	 2.12	 1	 -42.8038	  172.3362
11.673	 2.06	 2	 -42.5694	  173.7887
11.673	 2.81	 1	 -41.6100	  174.4523
11.674	 2.80	 4	 -41.8352	  174.2827
11.674	 2.47	 2	 -44.2288	  174.4349
11.675	 2.68	 4	 -42.3524	  174.0211
11.675	 2.12	 6	 -42.1598	  174.3893
11.679	 3.08	 4	 -42.2731	  173.8921
11.680	 2.19	 1	 -42.2825	  173.6891
11.680	 2.31	 1	 -42.1688	  173.5417
11.682	 3.44	 2	 -41.7267	  174.3853
11.683	 2.01	 2	 -42.0543	  174.0198
11.683	 2.22	 1	 -42.7192	  173.0885
11.684	 2.50	 1	 -41.8137	  174.1829
11.686	 2.16	 2	 -42.2709	  174.1670
11.687	 2.09	 2	 -41.4110	  174.3419
11.687	 2.95	 3	 -44.6624	  168.9537
11.687	 3.33	 1	 -41.9789	  174.0636
11.690	 2.31	 2	 -42.5728	  172.8612
11.691	 2.00	 1	 -42.6224	  172.4225
11.693	 2.64	 1	 -42.2350	  173.6386
11.694	 3.02	 6	 -42.1926	  174.3026
11.701	 2.14	 3	 -41.9954	  174.2440
11.701	 2.10	 2	 -44.2930	  169.8149
11.702	 2.17	 1	 -42.3561	  173.7213
11.704	 2.33	 1	 -42.6573	  173.2374
11.705	 3.02	 2	 -42.0912	  173.8781
11.705	 3.00	 1	 -41.5682	  175.2831
11.705	 2.62	 1	 -41.7851	  174.2001
11.705	 2.19	 1	 -42.2327	  173.6269
11.708	 2.29	 2	 -42.3167	  173.2833
11.708	 3.35	 2	 -43.1811	  172.6968
11.708	 3.28	 6	 -42.0837	  174.0774
11.709	 2.15	 7	 -42.2083	  174.1175
11.710	 3.53	 1	 -42.6590	  173.1317
11.712	 2.41	 1	 -41.8770	  174.1321
11.712	 2.23	 1	 -41.8982	  173.9152
11.712	 2.11	 2	 -42.5175	  173.7219
11.716	 2.46	 2	 -44.3324	  170.1011
11.718	 2.74	 1	 -42.0951	  173.2493
11.719	 2.37	 1	 -41.8260	  174.3312
11.722	 2.03	 2	 -42.4000	  173.8322
11.722	 3.16	 1	 -41.7018	  174.2806
11.724	 2.05	 3	 -44.4055	  169.6292
11.724	 2.22	 2	 -41.5748	  173.8404
11.725	 2.95	 3	 -42.0435	  173.0442
11.726	 2.14	 2	 -41.9371	  173.6458
11.727	 2.31	 4	 -41.8067	  174.2224
11.728	 2.18	 1	 -42.0215	  173.7170
11.729	 2.21	 1	 -41.8021	  171.9138
11.732	 2.03	 4	 -41.7388	  174.2874
11.734	 2.07	 3	 -41.5731	  174.3042
11.734	 2.53	 4	 -44.0018	  171.9897
11.735	 2.16	 2	 -41.5856	  173.9444
11.735	 2.81	 1	 -41.8952	  174.3416
11.735	 3.18	 1	 -42.0905	  173.9848
11.736	 3.14	 1	 -41.7483	  174.3440
11.738	 2.21	 1	 -42.2738	  173.4560
11.742	 2.41	 1	 -41.8581	  174.0300
11.743	 2.26	 2	 -42.8243	  173.4343
11.747	 2.75	 3	 -44.4725	  169.2227
11.748	 2.21	 1	 -41.8780	  173.9697
11.748	 2.39	 2	 -41.8503	  174.2328
11.750	 2.20	 2	 -42.5013	  173.1193
11.750	 2.13	 1	 -42.2721	  173.5766
11.750	 2.36	 2	 -42.2850	  173.6461
11.751	 2.09	 1	 -41.9671	  173.6177
11.751	 2.43	 1	 -42.9027	  172.8253
11.752	 2.02	 4	 -42.2782	  173.6001
11.759	 2.48	 5	 -41.5021	  174.2761
11.761	 2.81	 2	 -43.0491	  172.6782
11.762	 2.67	 1	 -41.8376	  173.9473
11.764	 2.29	 5	 -42.0492	  174.1444
11.765	 2.71	 1	 -41.7554	  174.2175
11.765	 2.17	 4	 -42.3107	  174.2204
11.768	 2.17	 5	 -42.0632	  174.1024
11.769	 2.59	 2	 -44.3656	  169.5028
11.771	 2.04	 1	 -42.0902	  173.8668
11.772	 2.16	 1	 -41.5331	  172.5846
11.775	 2.18	 4	 -42.1160	  173.7454
11.776	 2.26	 2	 -41.7273	  174.2074
11.777	 3.87	 1	 -39.1828	  173.3508
11.778	 2.33	 2	 -42.0234	  172.9984
11.779	 3.30	 2	 -44.3441	  169.6006
11.780	 2.11	 1	 -41.7206	  174.1809
11.782	 3.03	 2	 -39.3572	  173.5844
11.783	 2.32	 6	 -42.0832	  174.0464
11.783	 2.18	 4	 -42.2460	  173.7489
11.784	 2.42	 4	 -41.7076	  174.2381
11.785	 2.09	 1	 -41.7857	  174.1764
11.786	 2.86	 1	 -42.3834	  173.3321
11.787	 2.48	 1	 -42.4024	  174.0620
11.791	 2.00	 1	 -41.9397	  174.2379
11.792	 2.35	 1	 -42.3488	  172.9141
11.793	 3.47	 4	 -42.2223	  174.2583
11.794	 2.23	 4	 -42.2493	  174.0065
11.796	 2.13	 2	 -42.3660	  173.6599
11.796	 2.36	 2	 -42.5203	  173.3658
11.798	 2.20	 1	 -42.4391	  173.1777
11.798	 2.08	 1	 -42.5376	  173.1141
11.798	 2.82	 4	 -42.0094	  174.1516
11.799	 3.37	 2	 -42.6481	  173.4390
11.799	 2.63	 1	 -42.2897	  173.5077
11.800	 2.49	 2	 -44.1753	  169.7682
11.800	 2.04	 2	 -41.7350	  174.3281
11.801	 2.01	 5	 -42.1618	  174.2486
11.801	 2.63	 1	 -42.1784	  173.5681
11.802	 2.17	 4	 -39.4332	  172.4767
11.803	 2.79	 2	 -42.5894	  172.5909
11.803	 2.25	 1	 -41.7724	  174.2912
11.803	 2.10	 1	 -42.1552	  173.6108
11.804	 3.10	 2	 -41.7801	  174.2906
11.805	 3.20	 2	 -42.4891	  173.1567
11.806	 2.06	 1	 -41.7039	  174.2835
11.807	 2.22	 1	 -41.8054	  174.0808
11.808	 3.57	 3	 -42.1011	  172.8516
11.808	 3.49	 5	 -42.2465	  174.2441
11.808	 2.05	 1	 -42.7596	  171.7346
11.809	 2.39	 2	 -41.8733	  173.9770
11.810	 2.11	 5	 -41.7168	  174.2528
11.810	 2.21	 2	 -41.9298	  173.7217
11.811	 2.06	 1	 -41.7338	  174.0981
11.811	 2.42	 1	 -40.1844	  170.9242
11.811	 2.41	 1	 -42.1528	  173.6072
11.816	 2.18	 1	 -42.3013	  173.7278
11.817	 2.08	 1	 -41.8740	  174.1548
11.818	 3.31	 1	 -42.0756	  173.7229
11.820	 2.16	 1	 -42.2720	  173.7294
11.820	 2.63	 5	 -43.9459	  169.6014
11.820	 2.24	 1	 -42.2198	  173.6210
11.822	 2.30	 4	 -42.1559	  173.8765
11.823	 2.68	 1	 -42.3184	  173.6438
11.825	 2.23	 3	 -44.5400	  166.8390
11.827	 3.34	 2	 -41.9246	  172.9601
11.828	 2.36	 4	 -42.0815	  173.8650
11.829	 3.05	 1	 -43.3708	  172.0261
11.830	 2.44	 1	 -41.7398	  174.2049
11.830	 2.33	 3	 -41.6824	  174.4389
11.830	 2.08	 4	 -42.2134	  173.8241
11.831	 2.56	 5	 -43.6252	  168.0816
11.833	 2.91	 2	 -42.0672	  173.2284
11.833	 2.63	 4	 -42.2790	  174.3691
11.836	 2.17	 1	 -41.6357	  174.4252
11.836	 2.01	 2	 -42.8510	  173.3177
11.837	 2.24	 1	 -41.7153	  174.4042
11.838	 2.55	 1	 -41.8598	  174.0423
11.838	 2.49	 1	 -42.5416	  173.9663
11.842	 2.50	 1	 -42.1746	  173.4663
11.842	 2.13	 1	 -43.1811	  172.5732
11.846	 3.19	 2	 -41.7296	  174.1136
11.848	 2.26	 3	 -41.6654	  174.4207
11.848	 2.31	 5	 -42.2558	  173.5951
11.850	 2.06	 1	 -41.7188	  174.2126
11.850	 2.17	 4	 -42.0236	  174.2627
11.851	 3.26	 2	 -42.1744	  173.7624
11.851	 2.15	 2	 -41.7343	  174.2601
11.853	 2.20	 2	 -41.6702	  174.2411
11.854	 3.20	 1	 -42.6094	  173.0386
11.855	 3.31	 5	 -42.1799	  174.1420
11.856	 2.07	 1	 -42.7788	  172.7356
11.856	 2.31	 3	 -41.7195	  174.1054
11.859	 2.41	 1	 -42.2371	  174.1776
11.860	 2.22	 2	 -42.3632	  173.1860
11.861	 2.38	 2	 -41.6807	  174.1906
11.864	 2.77	 4	 -44.3976	  169.7826
11.866	 2.46	 2	 -40.9466	  173.0132
11.866	 2.84	 1	 -41.7490	  174.2136
11.871	 2.30	 1	 -42.5634	  173.2795
11.871	 2.02	 1	 -41.9711	  173.2199
11.871	 2.01	 3	 -44.3338	  169.5827
11.875	 2.11	 3	 -42.3201	  173.1463
11.876	 2.42	 1	 -42.3940	  173.2315
11.876	 2.31	 5	 -41.7170	  173.8748
11.878	 2.06	 6	 -43.5667	  168.1850
11.880	 2.16	 4	 -42.2214	  174.1334
11.882	 2.06	 1	 -41.6573	  174.0732
11.883	 2.25	 1	 -42.6848	  173.2570
11.884	 2.48	 2	 -42.2867	  173.9794
11.886	 2.32	 2	 -42.0495	  174.1097
11.887	 2.15	 3	 -44.3869	  169.6355
11.887	 2.40	 1	 -42.2235	  173.6963
11.891	 2.05	 1	 -42.3787	  173.3600
11.891	 2.32	 3	 -38.3182	  173.3584
11.895	 2.53	 5	 -42.2282	  174.4035
11.895	 2.35	 4	 -42.2295	  174.0151
11.896	 2.05	 4	 -40.5856	  173.6453
11.898	 2.78	 2	 -41.6861	  174.1764
11.900	 2.40	 4	 -42.2278	  174.0709
11.900	 3.93	 2	 -42.6843	  173.0581
11.901	 2.16	 5	 -42.4039	  173.7203
11.903	 2.38	 1	 -42.3347	  173.9548
11.904	 2.33	 1	 -42.5850	  173.0183
11.905	 2.08	 3	 -41.7105	  174.1793
11.908	 2.60	 4	 -42.5371	  174.2065
11.908	 2.08	 1	 -41.8404	  174.2173
11.909	 2.07	 1	 -42.6110	  173.2138
11.912	 2.68	 1	 -41.7412	  174.1306
11.916	 2.62	 4	 -42.2050	  173.7740
11.917	 2.06	 1	 -41.8072	  174.1790
11.918	 4.35	 5	 -41.5632	  174.0502
11.919	 2.54	 5	 -42.2351	  173.9886
11.921	 2.14	 1	 -42.6085	  173.6976
11.922	 3.33	 1	 -41.8943	  174.4307
11.924	 2.02	 2	 -42.7447	  173.0559
11.927	 2.30	 2	 -41.7341	  174.2669
11.928	 2.03	 3	 -42.5791	  172.8584
11.928	 2.50	 4	 -44.4238	  175.6813
11.931	 2.84	 1	 -42.3881	  173.4598
11.932	 2.34	 4	 -42.0899	  173.8922
11.933	 2.34	 1	 -41.6739	  174.4506
11.935	 2.07	 4	 -42.1226	  173.9111
11.937	 3.12	 1	 -42.6204	  172.9432
11.937	 2.24	 1	 -44.0675	  179.4498
11.937	 2.27	 2	 -41.6831	  174.2457
11.937	 2.64	 1	 -42.6515	  173.0677
11.937	 2.01	 4	 -42.0742	  174.9865
11.937	 2.07	 1	 -42.2842	  173.4449
11.938	 2.08	 4	 -42.2989	  174.6979
11.939	 2.09	 1	 -42.2388	  173.5978
11.939	 2.62	 6	 -41.5626	  174.0663
11.939	 2.24	 2	 -42.2656	  173.6841
11.940	 2.22	 4	 -42.3391	  174.4392
11.941	 3.32	 1	 -42.7553	  173.6243
11.942	 2.88	 2	 -42.9376	  174.1127
11.943	 2.49	 1	 -42.0260	  173.7106
11.944	 2.80	 1	 -41.7632	  174.2034
11.947	 2.13	 2	 -41.7742	  174.2561
11.948	 3.05	 5	 -42.3102	  173.5554
11.950	 2.11	 3	 -42.3719	  174.0739
11.950	 2.46	 1	 -41.6824	  174.2741
11.954	 3.05	 2	 -47.2741	  164.7990
11.954	 2.15	 4	 -42.5656	  172.8626
11.955	 3.87	 1	 -39.8442	  168.2883
11.958	 2.07	 1	 -41.7455	  174.2092
11.960	 2.85	 4	 -42.2143	  174.0133
11.961	 2.39	 1	 -41.9684	  173.8060
11.961	 2.03	 2	 -41.5687	  175.3159
11.963	 2.07	 1	 -42.5652	  174.2399
11.963	 2.34	 2	 -42.2974	  173.2773
11.965	 2.59	 6	 -42.1608	  174.1512
11.967	 2.09	 1	 -42.4663	  174.1061
11.967	 2.61	 1	 -42.7426	  172.7600
11.972	 3.19	 1	 -42.6305	  172.7689
11.972	 2.57	 1	 -42.3713	  174.0244
11.975	 2.37	 1	 -42.3805	  173.8235
11.976	 2.27	 2	 -41.7911	  174.0487
11.977	 2.26	 1	 -42.4605	  173.7350
11.979	 2.63	 1	 -42.8665	  173.0079
11.979	 2.05	 1	 -41.8275	  174.3527
11.980	 2.28	 2	 -40.7474	  175.2550
11.983	 2.13	 2	 -42.5126	  173.3655
11.984	 2.00	 1	 -42.2440	  173.7281
11.985	 2.17	 6	 -41.5436	  174.0252
11.986	 2.36	 2	 -41.7920	  174.3998
11.991	 2.98	 1	 -42.4708	  173.7916
11.992	 2.05	 1	 -42.3394	  173.4699
11.993	 2.19	 2	 -42.3075	  173.8034
11.997	 2.45	 1	 -42.4444	  173.0252
11.997	 2.14	 2	 -42.4065	  173.1492
11.997	 2.44	 1	 -42.7107	  172.7445
11.997	 2.96	 1	 -42.2536	  173.2221
11.997	 2.19	 4	 -42.3028	  174.0292
11.998	 2.26	 1	 -41.9421	  174.1089
12.001	 3.62	 1	 -41.7610	  174.1837
12.004	 3.76	 4	 -42.0195	  173.6908
12.004	 2.09	 5	 -42.2348	  173.8262
12.007	 2.03	 2	 -42.3985	  173.6179
12.009	 2.30	 2	 -41.7497	  174.1605
12.012	 2.02	 1	 -42.3362	  173.9554
12.013	 2.17	 1	 -42.0868	  173.7629
12.014	 2.36	 5	 -42.0470	  174.0883
12.015	 2.26	 5	 -41.5053	  174.2810
12.018	 2.63	 1	 -41.8135	  174.2148
12.021	 2.19	 2	 -42.7013	  172.8550
12.022	 2.01	 2	 -41.9519	  173.6497
12.022	 2.34	 4	 -42.1391	  174.0470
12.024	 2.02	 1	 -41.9792	  174.0954
12.025	 3.08	 3	 -42.8377	  172.2719
12.026	 2.60	 1	 -42.8009	  173.1013
12.027	 2.22	 2	 -44.2475	  169.1486
12.027	 2.19	 4	 -42.2880	  173.7931
12.028	 3.76	 1	 -42.6408	  172.8287
12.028	 2.52	 1	 -41.6921	  174.2239
12.028	 2.28	 1	 -42.6870	  173.0114
12.030	 2.45	 2	 -42.1622	  173.0890
12.031	 2.12	 2	 -42.2463	  174.0848
12.032	 3.60	 3	 -42.5689	  173.9753
12.032	 2.49	 1	 -41.7522	  174.4718
12.035	 2.08	 1	 -42.4201	  173.7438
12.037	 2.04	 1	 -42.5805	  173.1018
12.037	 2.38	 1	 -42.1424	  173.7437
12.038	 2.04	 3	 -42.2319	  173.9908
12.039	 2.81	 1	 -42.5157	  173.0786
12.041	 2.09	 5	 -42.2749	  173.8923
12.044	 2.54	 1	 -41.6558	  174.4779
12.046	 2.71	 5	 -42.0535	  174.1084
12.048	 2.37	 1	 -41.7400	  174.2691
12.049	 2.02	 3	 -41.6587	  174.0665
12.049	 2.69	 2	 -41.7673	  174.2806
12.050	 2.21	 1	 -42.4487	  173.9333
12.050	 2.26	 2	 -41.7072	  174.2214
12.052	 2.10	 1	 -42.4040	  173.2189
12.054	 2.19	 1	 -41.6546	  174.3302
12.056	 2.60	 1	 -46.9958	  171.2476
12.058	 2.03	 3	 -42.8957	  172.9155
12.058	 2.29	 1	 -42.3507	  173.3577
12.059	 2.40	 1	 -42.5637	  173.0229
12.065	 2.45	 1	 -42.4225	  174.1918
12.068	 2.20	 4	 -41.6613	  174.3157
12.068	 2.06	 1	 -42.2367	  173.6372
12.069	 2.12	 1	 -41.7172	  174.3151
12.075	 2.91	 2	 -42.6943	  173.0377
12.077	 2.09	 1	 -43.4310	  173.1569
12.079	 2.43	 1	 -42.1394	  173.6413
12.079	 2.02	 6	 -42.1325	  174.2008
12.079	 2.96	 1	 -42.6983	  172.7043
12.080	 2.08	 2	 -41.8802	  173.9703
12.081	 2.20	 2	 -42.9641	  171.4695
12.081	 2.59	 1	 -41.7056	  174.3686
12.083	 2.01	 1	 -41.7508	  174.2107
12.085	 2.34	 1	 -42.5137	  173.1762
12.088	 2.08	 2	 -42.7640	  173.1830
12.090	 2.65	 1	 -42.5217	  172.6856
12.091	 2.01	 1	 -42.4495	  173.1215
12.091	 2.32	 1	 -42.4943	  173.0759
12.092	 2.37	 2	 -42.1947	  174.1460
12.093	 2.25	 2	 -43.8063	  175.1364
12.094	 2.10	 1	 -42.8111	  173.6389
12.094	 2.35	 2	 -42.5011	  173.2652
12.094	 2.90	 2	 -42.9312	  172.9175
12.097	 2.71	 4	 -42.1872	  174.1622
12.098	 2.43	 3	 -41.7292	  174.2115
12.100	 2.05	 1	 -41.7047	  174.3153
12.102	 3.08	 4	 -41.7301	  174.2808
12.102	 2.42	 1	 -41.7185	  174.0440
12.103	 2.11	 1	 -42.4140	  173.4604
12.103	 2.14	 1	 -42.6881	  173.7198
12.105	 2.04	 2	 -42.4565	  173.2375
12.105	 3.22	 3	 -43.1642	  172.5350
12.106	 2.50	 1	 -42.0479	  173.4597
12.107	 2.03	 1	 -42.1866	  173.5780
12.114	 2.27	 1	 -42.6244	  172.9438
12.115	 2.91	 2	 -40.9132	  173.6312
12.115	 2.06	 2	 -42.2456	  173.5565
12.116	 2.63	 4	 -42.1610	  174.0028
12.119	 2.34	 1	 -42.0122	  173.6068
12.119	 2.04	 2	 -41.7444	  167.5645
12.120	 2.82	 4	 -42.2433	  173.9794
12.121	 2.47	 2	 -42.2228	  174.0776
12.121	 2.02	 4	 -42.1445	  174.3604
12.122	 2.17	 2	 -42.0330	  174.4434
12.123	 2.27	 1	 -43.2084	  173.3933
12.124	 2.97	 1	 -41.7063	  174.1254
12.125	 2.26	 1	 -42.4793	  173.1987
12.126	 2.21	 1	 -42.5643	  173.2606
12.127	 2.45	 3	 -41.6738	  174.0713
12.128	 3.49	 1	 -42.6493	  172.8506
12.128	 2.89	 1	 -41.7389	  174.2861
12.131	 2.20	 1	 -42.9569	  172.4747
12.132	 2.03	 1	 -41.5793	  173.5650
12.132	 2.08	 1	 -42.5541	  173.3371
12.132	 2.35	 1	 -42.4917	  173.0590
12.132	 3.60	 1	 -41.7671	  174.1971
12.134	 2.15	 2	 -41.6715	  174.2337
12.135	 2.82	 1	 -41.9861	  173.8819
12.136	 2.90	 2	 -42.6865	  171.9452
12.138	 2.50	 2	 -42.1118	  173.0096
12.144	 2.50	 1	 -42.5482	  173.0728
12.145	 2.34	 1	 -42.2760	  173.9363
12.147	 2.22	 4	 -42.1591	  173.9790
12.150	 2.35	 1	 -41.8558	  174.3585
12.151	 2.24	 2	 -42.7883	  173.0494
12.151	 2.16	 2	 -42.0770	  173.2185
12.155	 2.15	 2	 -42.8129	  173.6392
12.156	 2.33	 1	 -41.7249	  174.2652
12.160	 2.73	 4	 -42.0816	  174.1141
12.160	 2.29	 1	 -41.8155	  174.0942
12.162	 3.31	 4	 -43.3029	  172.7386
12.163	 2.59	 2	 -42.5547	  173.1092
12.164	 2.53	 1	 -42.5964	  172.9605
12.164	 2.26	 1	 -41.6457	  174.2555
12.165	 2.78	 2	 -44.3419	  169.5032
12.165	 2.05	 2	 -41.7284	  174.2137
12.168	 2.60	 3	 -42.7005	  171.9675
12.168	 2.34	 2	 -42.0819	  173.0621
12.169	 2.27	 3	 -41.9751	  173.0552
12.172	 2.29	 3	 -41.9790	  173.1300
12.174	 2.31	 2	 -42.5742	  172.9992
12.175	 2.16	 1	 -41.7795	  174.0049
12.175	 2.21	 2	 -42.3739	  172.7542
12.176	 2.82	 1	 -44.2111	  174.7330
12.179	 2.08	 2	 -41.7391	  174.2722
12.182	 2.06	 1	 -42.1265	  173.8065
12.182	 2.27	 1	 -41.7117	  174.2629
12.187	 2.23	 1	 -42.1251	  173.8224
12.188	 2.02	 4	 -42.2987	  175.1028
12.188	 2.18	 4	 -42.5999	  172.8407
12.189	 2.19	 1	 -42.4488	  174.0805
12.191	 2.04	 4	 -42.2324	  174.0805
12.194	 2.10	 1	 -41.7728	  174.4546
12.194	 2.05	 3	 -41.9849	  172.6940
12.197	 2.46	 3	 -41.8144	  174.2001
12.197	 2.07	 1	 -42.4793	  173.5821
12.199	 2.89	 6	 -42.3339	  173.5851
12.200	 2.04	 1	 -42.2829	  173.8629
12.200	 3.33	 1	 -41.6897	  174.1299
12.202	 2.03	 1	 -41.8032	  174.0151
12.202	 3.70	 1	 -38.2161	  172.4439
12.203	 2.06	 1	 -41.7120	  174.2568
12.206	 2.02	 1	 -41.6525	  174.1813
12.206	 2.51	 2	 -42.5321	  173.4104
12.208	 2.54	 1	 -41.7085	  174.1806
12.208	 2.10	 1	 -41.6998	  174.2948
12.209	 2.74	 6	 -43.8484	  168.1572
12.210	 2.64	 4	 -41.8166	  174.3030
12.212	 2.17	 2	 -42.6160	  172.9334
12.213	 2.89	 1	 -42.0642	  173.7434
12.213	 2.01	 1	 -41.7917	  173.6801
12.213	 2.02	 1	 -41.7874	  174.1014
12.214	 2.35	 2	 -41.9105	  174.4661
12.215	 2.51	 1	 -42.3710	  173.1096
12.215	 2.24	 4	 -42.2396	  174.0915
12.216	 2.39	 2	 -36.7971	  171.7250
12.218	 2.23	 2	 -41.5916	  174.6433
12.220	 2.33	 2	 -38.3140	  172.4622
12.220	 2.18	 2	 -41.7262	  174.0857
12.220	 2.23	 5	 -42.2510	  174.2874
12.222	 2.49	 1	 -42.3059	  173.8655
12.223	 2.07	 2	 -41.7410	  174.2028
12.224	 2.11	 5	 -42.0211	  174.0455
12.224	 2.27	 1	 -46.2147	  176.5025
12.226	 2.18	 1	 -41.9397	  172.8149
12.227	 2.11	 1	 -41.7145	  174.3018
12.229	 2.00	 2	 -42.4168	  173.2836
12.231	 2.10	 4	 -42.6371	  174.1950
12.231	 2.49	 2	 -42.2349	  173.0024
12.234	 2.15	 2	 -42.9462	  172.8836
12.236	 2.18	 3	 -44.3471	  169.5958
12.236	 2.08	 1	 -41.7594	  174.2361
12.236	 2.47	 1	 -42.4758	  173.1247
12.237	 2.29	 1	 -41.9423	  173.6257
12.238	 2.09	 1	 -41.6898	  174.3458
12.238	 2.51	 1	 -41.6948	  174.2951
12.238	 2.92	 1	 -41.9989	  173.9341
12.239	 2.03	 3	 -44.3182	  169.6062
12.239	 2.36	 1	 -41.8485	  173.4687
12.239	 2.52	 1	 -42.9392	  172.8063
12.240	 2.58	 2	 -41.7560	  174.2043
12.240	 2.20	 1	 -42.2602	  177.4582
12.244	 2.15	 5	 -42.2027	  173.9968
12.244	 2.05	 1	 -42.8212	  172.9527
12.244	 2.29	 4	 -42.4856	  174.1236
12.247	 2.12	 3	 -42.4890	  173.3430
12.248	 3.23	 2	 -42.7696	  173.0455
12.248	 2.15	 1	 -42.4907	  172.7926
12.250	 2.61	 1	 -41.7895	  174.1967
12.254	 2.04	 5	 -42.1823	  174.0272
12.255	 2.67	 2	 -42.7570	  173.0244
12.255	 2.47	 4	 -42.1997	  174.1479
12.255	 2.20	 4	 -41.6671	  174.4237
12.256	 2.45	 1	 -42.2388	  173.5547
12.257	 2.01	 1	 -42.8401	  172.9321
12.259	 2.05	 4	 -42.3547	  174.1576
12.259	 3.05	 2	 -42.4311	  173.7417
12.260	 2.17	 4	 -42.3737	  173.8781
12.261	 2.30	 1	 -41.6877	  174.2108
12.261	 2.11	 2	 -41.6544	  174.0778
12.262	 2.10	 2	 -42.6296	  172.8378
12.262	 2.92	 1	 -41.7048	  174.7583
12.264	 2.43	 2	 -41.7617	  174.4031
12.265	 2.96	 2	 -41.8836	  174.1316
12.266	 2.38	 1	 -42.2250	  174.0167
12.266	 2.27	 3	 -41.2216	  172.1926
12.267	 2.00	 1	 -41.6493	  174.2960
12.267	 2.64	 2	 -38.2490	  170.8932
12.270	 2.15	 1	 -39.7814	  178.0282
12.270	 2.82	 2	 -41.6803	  174.2211
12.272	 2.14	 4	 -42.0815	  174.8347
12.275	 2.42	 1	 -41.9473	  173.6242
12.275	 2.10	 1	 -41.9087	  173.9379
12.277	 3.58	 1	 -42.3387	  173.4769
12.279	 2.03	 1	 -42.4020	  173.3071
12.280	 2.24	 5	 -41.6898	  175.0161
12.283	 2.05	 2	 -42.4106	  173.7732
12.284	 2.25	 1	 -41.7176	  174.2861
12.285	 2.08	 2	 -43.1686	  178.3145
12.286	 2.28	 1	 -41.8965	  173.8977
12.289	 2.54	 1	 -41.7087	  174.2554
12.290	 2.07	 1	 -42.5416	  173.3870
12.290	 2.93	 2	 -41.5701	  175.3703
12.290	 2.74	 2	 -41.6786	  174.2241
12.291	 2.19	 1	 -41.9906	  173.6696
12.293	 2.56	 5	 -42.0840	  174.0776
12.295	 2.04	 3	 -42.6208	  172.7582
12.295	 2.43	 1	 -45.4707	  169.6200
12.296	 2.36	 2	 -41.7044	  174.7601
12.304	 2.45	 1	 -42.2762	  173.7784
12.305	 2.21	 1	 -42.4360	  173.9966
12.305	 2.21	 1	 -42.8930	  172.9622
12.308	 2.27	 1	 -42.2641	  173.5190
12.310	 2.73	 4	 -41.7061	  174.2808
12.312	 2.03	 2	 -42.7096	  172.9594
12.313	 2.46	 3	 -42.5816	  173.9801
12.313	 2.07	 2	 -42.3466	  173.8614
12.314	 2.87	 5	 -42.1820	  174.2154
12.314	 2.22	 3	 -42.5440	  173.2328
12.319	 2.37	 1	 -42.6651	  172.8614
12.320	 2.26	 1	 -42.0988	  172.8935
12.322	 2.24	 2	 -44.4582	  169.4384
12.324	 2.72	 4	 -42.0884	  173.9794
12.326	 2.08	 1	 -41.9305	  173.7903
12.326	 2.64	 1	 -42.2575	  172.1799
12.329	 3.14	 2	 -42.4029	  173.2960
12.331	 2.80	 1	 -41.8210	  174.3512
12.332	 2.58	 5	 -42.1661	  174.2135
12.332	 2.45	 4	 -42.2557	  173.9306
12.333	 2.67	 7	 -42.1569	  174.2035
12.333	 2.59	 5	 -43.3321	  172.7561
12.334	 2.80	 1	 -42.2208	  172.5324
12.334	 2.75	 4	 -43.1502	  173.6447
12.334	 2.13	 4	 -41.5185	  174.1810
12.335	 4.09	 1	 -42.2399	  173.8641
12.337	 2.57	 1	 -41.8262	  174.0319
12.338	 2.58	 3	 -42.0871	  173.3817
12.339	 2.76	 5	 -42.0643	  174.0934
12.339	 4.83	 2	 -44.5831	  169.6372
12.340	 2.65	 1	 -38.6643	  170.3035
12.340	 3.29	 3	 -44.5798	  169.6365
12.342	 2.14	 2	 -42.5063	  173.7909
12.343	 2.24	 1	 -42.4083	  173.8708
12.343	 2.07	 2	 -42.2504	  173.8675
12.345	 2.37	 2	 -39.1888	  173.3584
12.349	 2.48	 1	 -41.7946	  174.1364
12.349	 2.10	 1	 -42.6693	  172.9023
12.349	 2.27	 1	 -42.8059	  174.3208
12.352	 2.10	 1	 -41.7622	  174.1714
12.352	 2.03	 1	 -41.6921	  174.1671
12.353	 2.20	 2	 -41.9788	  173.7493
12.354	 2.17	 2	 -41.7995	  174.2147
12.354	 2.45	 3	 -44.6151	  169.5596
12.354	 2.17	 3	 -41.6467	  174.7796
12.354	 2.07	 3	 -41.7129	  174.2069
12.355	 2.28	 3	 -42.1608	  173.6190
12.356	 2.26	 3	 -41.6297	  174.3425
12.359	 2.28	 1	 -43.0607	  172.4126
12.363	 2.36	 4	 -42.6906	  174.2447
12.365	 2.08	 2	 -41.9786	  173.7583
12.368	 2.67	 2	 -41.9144	  173.6101
12.368	 2.12	 1	 -42.4431	  173.8586
12.368	 2.22	 2	 -41.7020	  174.3313
12.370	 2.08	 2	 -41.5896	  174.3244
12.370	 2.12	 4	 -42.2451	  174.0809
12.370	 2.38	 2	 -41.7785	  174.2675
12.371	 2.00	 2	 -42.8633	  172.2563
12.373	 2.88	 3	 -42.2742	  173.8076
12.380	 2.31	 1	 -41.7362	  174.4298
12.380	 2.57	 4	 -42.2937	  174.2119
12.382	 2.40	 4	 -42.2090	  174.2005
12.383	 2.18	 1	 -41.7383	  174.2598
12.383	 3.99	 1	 -42.2542	  173.4812
12.385	 3.42	 1	 -42.6043	  173.1765
12.386	 2.26	 1	 -42.3667	  173.6193
12.386	 2.23	 1	 -42.4667	  173.2749
12.387	 2.27	 1	 -42.0006	  173.8646
12.391	 2.05	 3	 -44.6195	  169.7234
12.391	 2.47	 2	 -42.2528	  173.4727
12.396	 2.91	 1	 -42.6364	  173.0547
12.399	 3.36	 1	 -42.4369	  173.7566
12.399	 3.04	 1	 -42.2618	  173.8259
12.401	 2.03	 3	 -44.5743	  169.6315
12.404	 2.15	 1	 -42.4680	  172.9785
12.405	 2.03	 2	 -43.1806	  173.0961
12.406	 2.64	 3	 -42.3763	  173.3505
12.406	 2.18	 1	 -41.8725	  172.8820
12.406	 2.24	 2	 -42.0807	  173.7292
12.406	 2.48	 4	 -41.8890	  173.7622
12.407	 2.39	 1	 -42.2998	  173.6902
12.408	 2.04	 1	 -41.4302	  174.0227
12.408	 2.17	 1	 -41.7926	  174.2822
12.409	 2.20	 2	 -42.1181	  173.1510
12.409	 2.01	 1	 -42.2169	  173.6069
12.409	 3.43	 3	 -42.6909	  173.0639
12.413	 2.86	 2	 -42.2556	  173.7761
12.415	 2.25	 4	 -42.5995	  172.9432
12.415	 2.07	 1	 -41.7715	  174.3822
12.416	 2.38	 4	 -41.7283	  174.3108
12.419	 2.83	 2	 -42.8110	  172.1617
12.420	 2.33	 6	 -42.1238	  174.2302
12.421	 2.01	 2	 -41.9697	  173.7974
12.422	 2.18	 4	 -42.5821	  173.9972
12.422	 2.18	 2	 -42.8083	  172.2150
12.423	 2.50	 2	 -41.9465	  173.6428
12.424	 2.10	 4	 -42.2217	  173.9949
12.425	 2.12	 1	 -41.6975	  174.2922
12.425	 2.20	 4	 -42.1796	  174.1156
12.427	 2.89	 2	 -42.5606	  173.1201
12.427	 3.34	 1	 -42.2198	  173.4997
12.428	 2.00	 2	 -41.7103	  174.2741
12.429	 2.16	 4	 -41.7209	  174.2708
12.430	 2.59	 2	 -41.6559	  174.4079
12.432	 2.77	 1	 -41.6727	  174.2520
12.432	 2.03	 5	 -41.5725	  174.0270
12.435	 2.18	 1	 -42.4422	  173.7881
12.435	 3.12	 2	 -42.3729	  173.5822
12.435	 2.17	 2	 -41.7149	  174.2243
12.435	 2.78	 1	 -42.6721	  172.7248
12.438	 2.39	 5	 -41.7301	  174.1356
12.439	 2.96	 1	 -42.3342	  173.8979
12.439	 2.73	 1	 -42.4688	  173.0657
12.439	 2.52	 4	 -42.8450	  172.2466
12.440	 2.18	 3	 -42.8018	  172.7034
12.441	 3.01	 1	 -42.2449	  173.2481
12.441	 2.62	 3	 -44.2962	  169.5707
12.443	 2.24	 5	 -42.4477	  174.5992
12.444	 2.19	 2	 -42.6418	  173.0524
12.445	 2.74	 1	 -41.7294	  174.3108
12.445	 2.71	 3	 -44.5706	  169.6337
12.447	 3.72	 3	 -42.6524	  173.9903
12.449	 2.57	 4	 -42.7437	  173.4884
12.449	 2.20	 1	 -41.7951	  174.1085
12.451	 2.08	 2	 -42.2437	  173.5315
12.452	 2.09	 4	 -42.2200	  174.0286
12.452	 2.30	 2	 -43.0502	  173.2267
12.453	 2.86	 5	 -42.0644	  174.4980
12.455	 2.87	 1	 -42.5906	  173.0559
12.456	 2.57	 1	 -42.6518	  172.9028
12.458	 2.37	 2	 -41.6792	  174.2524
12.458	 2.13	 1	 -42.4203	  173.6371
12.458	 2.16	 1	 -41.7740	  174.2589
12.458	 2.31	 3	 -41.6564	  174.3033
12.460	 2.53	 2	 -42.0274	  173.0932
12.460	 2.20	 4	 -42.2198	  174.1296
12.460	 2.25	 2	 -42.0582	  173.8197
12.460	 2.15	 3	 -42.5898	  172.8176
12.464	 2.39	 1	 -41.9062	  173.1354
12.465	 2.00	 1	 -42.4085	  173.7574
12.466	 2.04	 4	 -42.1530	  173.9573
12.470	 2.97	 3	 -42.3175	  173.7813
12.472	 2.01	 2	 -44.3744	  169.3457
12.474	 2.30	 3	 -42.7665	  172.1490
12.474	 2.20	 3	 -41.7153	  174.1065
12.475	 2.03	 1	 -42.0677	  173.7836
12.476	 3.05	 1	 -42.3343	  174.0483
12.479	 2.13	 2	 -42.1837	  173.6131
12.479	 2.06	 1	 -42.0214	  173.7543
12.479	 2.31	 4	 -42.2190	  174.2557
12.480	 2.09	 4	 -42.3398	  174.3378
12.481	 2.02	 1	 -42.3088	  173.9015
12.486	 2.09	 2	 -42.0483	  173.0219
12.487	 2.09	 2	 -42.6772	  174.9159
12.487	 2.06	 5	 -42.6935	  175.4091
12.488	 2.16	 2	 -41.9938	  174.1009
12.489	 2.10	 2	 -41.7137	  174.2769
12.490	 2.50	 5	 -42.0701	  174.1070
12.490	 3.10	 2	 -44.7226	  169.4520
12.491	 3.30	 1	 -41.8180	  174.6157
12.492	 2.16	 3	 -44.5715	  169.6175
12.493	 2.85	 1	 -42.8132	  172.5125
12.496	 2.96	 1	 -42.4025	  173.2726
12.496	 2.05	 3	 -41.5319	  174.3289
12.497	 2.01	 2	 -42.0102	  173.7520
12.498	 2.06	 1	 -41.6386	  174.2050
12.499	 2.14	 1	 -42.5560	  173.2200
12.500	 2.01	 1	 -41.9622	  174.0261
12.501	 2.19	 1	 -42.5500	  173.1255
12.505	 3.01	 1	 -42.1565	  173.8033
12.505	 2.62	 3	 -44.5729	  169.6009
12.505	 2.60	 2	 -42.2842	  174.0104
12.506	 2.19	 5	 -41.9636	  173.9181
12.507	 2.09	 1	 -42.6396	  173.2702
12.507	 2.05	 5	 -42.0612	  174.0906
12.509	 2.02	 1	 -42.6739	  172.9400
12.510	 2.09	 1	 -41.7581	  174.3311
12.510	 2.65	 4	 -41.7074	  174.2562
12.512	 2.03	 1	 -42.3941	  173.1069
12.512	 2.23	 1	 -41.9780	  174.0608
12.513	 2.50	 1	 -42.0906	  173.4666
12.513	 2.77	 1	 -42.6661	  172.8645
12.513	 2.13	 2	 -41.7196	  174.2337
12.514	 2.39	 1	 -42.6877	  172.8075
12.517	 2.81	 2	 -42.4729	  173.1257
12.519	 2.03	 4	 -42.2101	  174.0830
12.521	 2.76	 3	 -42.5648	  174.0698
12.524	 2.06	 1	 -41.6801	  174.3876
12.526	 2.22	 1	 -41.7021	  174.1947
12.527	 4.83	 3	 -44.3514	  169.5273
12.528	 2.05	 4	 -42.4150	  174.1122
12.529	 2.35	 1	 -42.6777	  172.6985
12.532	 2.18	 2	 -42.2466	  172.2721
12.532	 2.10	 1	 -42.3242	  174.0790
12.532	 2.03	 3	 -44.5703	  169.6330
12.533	 2.22	 4	 -41.7222	  174.2525
12.533	 2.47	 4	 -42.2628	  174.0143
12.534	 2.41	 4	 -44.3642	  169.5070
12.535	 2.39	 1	 -42.5238	  173.2285
12.537	 3.69	 3	 -45.7021	  169.5650
12.538	 2.33	 4	 -42.1365	  174.0334
12.540	 2.60	 3	 -44.5886	  169.6405
12.541	 2.04	 3	 -44.3244	  169.4401
12.541	 2.20	 1	 -41.7218	  174.2262
12.543	 2.17	 2	 -44.4175	  169.3339
12.543	 2.73	 1	 -41.7118	  174.2939
12.546	 2.39	 2	 -41.7993	  174.3460
12.546	 2.36	 1	 -41.7050	  174.3262
12.550	 2.20	 4	 -42.2701	  174.0161
12.551	 2.46	 1	 -46.3635	  175.4388
12.557	 2.04	 4	 -41.6895	  174.3124
12.557	 3.70	 3	 -42.6753	  173.0096
12.559	 2.12	 1	 -41.7748	  174.2182
12.560	 3.05	 3	 -44.5999	  169.6381
12.560	 2.20	 2	 -42.6395	  173.8875
12.569	 2.09	 1	 -41.8541	  174.1500
12.570	 2.14	 3	 -44.2982	  169.6133
12.570	 2.21	 2	 -42.2741	  173.4665
12.572	 2.61	 3	 -42.1917	  172.8008
12.572	 2.17	 2	 -42.1100	  173.8223
12.573	 2.00	 4	 -37.7324	  174.1713
12.573	 2.44	 2	 -47.4452	  168.9515
12.573	 2.08	 4	 -45.6992	  169.5255
12.577	 3.60	 1	 -41.6203	  175.4366
12.578	 2.19	 4	 -42.2071	  173.5532
12.578	 3.66	 4	 -44.3471	  169.4962
12.579	 2.75	 2	 -41.7054	  174.1563
12.580	 2.03	 1	 -42.2074	  173.4398
12.582	 2.39	 5	 -42.2694	  174.1305
12.584	 4.36	 4	 -42.1771	  173.6528
12.584	 2.28	 4	 -44.3290	  169.5017
12.585	 2.36	 1	 -41.9294	  174.3586
12.586	 2.79	 2	 -42.4054	  173.1785
12.587	 2.82	 2	 -42.7451	  172.3743
12.587	 2.68	 1	 -42.7189	  172.7953
12.588	 3.61	 4	 -44.3043	  169.5394
12.590	 2.17	 4	 -42.2160	  174.4407
12.593	 2.08	 2	 -42.2371	  173.9468
12.593	 2.27	 1	 -41.7238	  174.2718
12.594	 2.63	 4	 -42.5066	  174.0448
12.596	 2.80	 1	 -42.6816	  173.2907
12.597	 2.70	 1	 -42.2488	  173.5710
12.598	 2.55	 4	 -42.9011	  176.5815
12.598	 3.12	 2	 -42.4673	  173.8396
12.604	 2.78	 2	 -42.2650	  173.9839
12.605	 2.62	 1	 -42.9294	  173.4950
12.607	 2.29	 2	 -44.4167	  169.5643
12.609	 2.79	 2	 -41.7159	  174.3266
12.611	 2.35	 1	 -42.5233	  173.1608
12.611	 2.36	 4	 -42.6028	  174.1563
12.612	 2.15	 4	 -42.1592	  174.0182
12.614	 2.27	 2	 -42.8055	  172.7657
12.616	 2.26	 2	 -41.7394	  174.1707
12.617	 2.49	 3	 -44.4261	  169.6795
12.618	 2.10	 1	 -42.2055	  173.5773
12.618	 2.14	 1	 -42.0533	  173.4151
12.619	 2.09	 1	 -41.6629	  174.1654
12.619	 2.00	 5	 -44.2541	  169.6153
12.619	 2.88	 1	 -42.6189	  172.9575
12.619	 2.41	 4	 -42.2913	  173.8549
12.621	 2.05	 2	 -42.8137	  172.5134
12.622	 2.00	 1	 -42.7282	  174.0324
12.623	 2.85	 2	 -41.9364	  174.0711
12.623	 2.25	 1	 -41.5571	  173.5483
12.623	 3.03	 1	 -42.6796	  172.7110
12.627	 2.15	 2	 -42.7184	  173.6066
12.629	 2.11	 2	 -42.5021	  173.2806
12.630	 2.02	 1	 -42.3649	  173.4112
12.630	 2.41	 1	 -41.8549	  173.6621
12.630	 4.80	 1	 -42.3228	  173.8260
12.632	 2.06	 2	 -41.6486	  174.3606
12.632	 2.10	 2	 -42.4152	  173.7246
12.633	 2.50	 1	 -42.3011	  173.7017
12.635	 2.58	 1	 -42.8627	  172.6931
12.635	 2.89	 1	 -42.2887	  173.7902
12.636	 2.27	 5	 -42.0145	  173.6947
12.637	 2.05	 1	 -42.4110	  173.4649
12.637	 2.48	 2	 -44.3142	  169.5783
12.638	 2.04	 1	 -42.4336	  173.1315
12.639	 3.21	 2	 -42.5250	  173.2303
12.640	 2.06	 1	 -42.5691	  173.0789
12.640	 2.01	 1	 -41.8437	  174.3738
12.641	 2.63	 1	 -42.0323	  173.5505
12.641	 2.26	 2	 -42.5966	  172.9550
12.642	 2.67	 2	 -44.4734	  169.6293
12.642	 2.04	 2	 -42.4781	  173.1415
12.642	 2.40	 1	 -42.4305	  173.1778
12.643	 2.26	 1	 -42.5807	  174.0731
12.644	 2.46	 4	 -44.3632	  169.4917
12.644	 2.02	 1	 -41.9830	  173.7096
12.646	 3.50	 1	 -42.5981	  173.0788
12.647	 2.19	 4	 -44.3017	  169.6409
12.648	 2.32	 4	 -42.1477	  174.2482
12.648	 2.35	 1	 -42.3999	  173.0942
12.652	 2.92	 1	 -42.5946	  172.9664
12.652	 2.87	 2	 -44.3340	  169.5206
12.652	 2.89	 6	 -41.5438	  174.0849
12.653	 3.19	 2	 -41.8913	  174.0186
12.660	 2.19	 4	 -42.1644	  174.0742
12.662	 2.63	 4	 -44.3427	  169.5391
12.663	 2.05	 1	 -42.3593	  174.0350
12.664	 2.09	 5	 -42.1723	  174.2948
12.666	 2.35	 1	 -42.4393	  173.6962
12.667	 2.08	 1	 -42.7666	  173.0926
12.667	 2.01	 4	 -45.7032	  169.5677
12.669	 2.04	 1	 -42.4064	  173.7792
12.671	 2.51	 4	 -45.7514	  169.5584
12.671	 2.19	 1	 -41.6519	  174.2288
12.673	 2.35	 4	 -44.2878	  169.4975
12.673	 2.30	 1	 -42.6943	  172.5024
12.675	 2.20	 1	 -41.7051	  174.1971
12.675	 2.21	 2	 -41.5705	  173.5130
12.676	 2.65	 3	 -44.3135	  169.7231
12.678	 4.04	 1	 -42.3915	  173.9648
12.679	 2.11	 1	 -41.7424	  174.1606
12.682	 2.41	 1	 -41.6628	  174.0932
12.683	 2.52	 4	 -42.1191	  174.2675
12.683	 2.63	 1	 -41.8228	  174.2566
12.683	 3.05	 1	 -42.2173	  173.5464
12.683	 2.34	 1	 -42.4040	  172.8043
12.685	 2.08	 1	 -42.3344	  174.0167
12.686	 2.06	 1	 -41.7212	  174.2982
12.692	 3.47	 5	 -42.2267	  173.9722
12.693	 3.15	 1	 -42.5091	  173.6578
12.695	 2.20	 3	 -42.3239	  173.7084
12.699	 2.66	 4	 -42.2014	  174.0742
12.701	 2.61	 3	 -44.3738	  169.6587
12.701	 2.62	 3	 -42.4869	  173.8431
12.703	 2.14	 3	 -44.3768	  169.7015
12.704	 3.45	 1	 -42.1208	  173.4946
12.706	 2.45	 1	 -42.9202	  173.2385
12.707	 2.28	 5	 -42.2005	  173.6380
12.708	 2.48	 1	 -41.7001	  174.2025
12.708	 2.43	 4	 -44.4547	  169.4345
12.708	 2.32	 2	 -42.5703	  172.7844
12.709	 2.47	 1	 -41.7094	  174.5180
12.709	 2.09	 4	 -42.0983	  174.0972
12.712	 2.09	 2	 -41.7260	  174.3178
12.713	 2.17	 2	 -41.9992	  174.6099
12.714	 2.01	 2	 -41.9024	  173.8250
12.718	 2.78	 2	 -41.6790	  174.2383
12.720	 2.57	 2	 -41.6972	  174.3340
12.720	 2.15	 2	 -42.3319	  173.7502
12.720	 2.36	 1	 -44.2790	  176.7858
12.722	 2.56	 1	 -42.2327	  173.6755
12.723	 2.15	 1	 -42.1136	  173.2151
12.724	 3.22	 2	 -44.3015	  169.5391
12.726	 2.37	 1	 -42.3672	  173.0294
12.728	 2.71	 1	 -42.5977	  172.9852
12.729	 3.78	 1	 -42.1852	  173.6218
12.731	 2.12	 1	 -42.0609	  173.6744
12.732	 2.58	 4	 -41.7196	  174.2707
12.733	 2.18	 1	 -42.5373	  173.1401
12.734	 2.09	 4	 -41.4924	  174.8073
12.734	 2.02	 1	 -42.5425	  173.0242
12.736	 2.24	 1	 -42.6806	  172.7820
12.736	 3.36	 1	 -42.2435	  173.5636
12.736	 2.26	 2	 -42.3235	  173.7982
12.737	 2.80	 1	 -42.2675	  173.6347
12.738	 2.25	 3	 -44.4860	  169.5729
12.738	 2.43	 1	 -40.5982	  176.0276
12.738	 2.14	 2	 -42.7496	  172.2658
12.739	 2.13	 2	 -41.3876	  173.7568
12.739	 2.38	 1	 -41.7243	  174.1465
12.739	 2.73	 4	 -41.7049	  174.2293
12.740	 2.63	 1	 -43.8909	  171.7970
12.740	 2.40	 4	 -41.9844	  173.7721
12.740	 2.09	 3	 -41.5910	  174.0451
12.740	 2.23	 1	 -39.6323	  171.7147
12.741	 2.23	 4	 -42.1993	  174.1495
12.743	 2.02	 1	 -42.4752	  174.0646
12.743	 2.12	 3	 -42.1182	  173.8026
12.744	 2.50	 1	 -43.0083	  173.6766
12.744	 2.43	 2	 -42.3617	  173.9748
12.744	 2.07	 1	 -41.5155	  174.2443
12.744	 2.27	 4	 -44.3381	  169.4582
12.745	 2.27	 4	 -42.1194	  173.5505
12.746	 2.02	 1	 -41.7286	  174.3188
12.748	 2.11	 5	 -42.1758	  173.6424
12.748	 2.53	 1	 -43.0215	  172.2040
12.748	 2.32	 1	 -42.5045	  171.8528
12.750	 2.06	 2	 -42.4908	  173.7626
12.754	 2.26	 2	 -41.7377	  174.1915
12.756	 2.91	 4	 -42.2877	  174.0680
12.756	 3.12	 3	 -42.0615	  173.9491
12.756	 2.37	 4	 -42.5674	  173.9880
12.759	 2.21	 2	 -42.1409	  173.9447
12.760	 3.08	 2	 -41.7279	  174.4264
12.761	 2.46	 1	 -41.8105	  174.2515
12.761	 2.25	 4	 -42.4003	  173.7475
12.763	 2.34	 2	 -42.0438	  173.7106
12.763	 2.53	 2	 -42.0563	  174.0956
12.765	 2.51	 2	 -42.6932	  173.0419
12.765	 2.35	 3	 -41.7794	  174.2876
12.765	 2.54	 1	 -42.2453	  173.8817
12.767	 2.13	 1	 -42.2708	  173.5638
12.768	 2.06	 1	 -42.4992	  173.1318
12.768	 4.32	 2	 -41.8352	  174.3274
12.769	 2.09	 2	 -42.2525	  173.5311
12.769	 2.18	 1	 -42.6754	  172.8515
12.770	 2.33	 2	 -42.2238	  173.7147
12.771	 2.11	 1	 -41.8589	  173.9483
12.772	 2.15	 1	 -42.6823	  172.9051
12.773	 2.19	 1	 -41.6805	  174.2655
12.777	 2.87	 1	 -42.5510	  173.0335
12.779	 2.65	 3	 -44.4546	  169.1959
12.779	 3.58	 1	 -41.8814	  174.0125
12.780	 2.05	 1	 -47.1191	  171.9468
12.781	 2.14	 4	 -42.3540	  173.6558
12.781	 2.15	 4	 -41.7470	  174.6054
12.783	 4.44	 2	 -42.3280	  173.9186
12.784	 2.21	 4	 -44.3512	  169.5419
12.784	 2.17	 7	 -42.0866	  174.0811
12.785	 2.45	 1	 -41.6707	  174.1793
12.786	 2.30	 1	 -41.9258	  173.9713
12.788	 2.17	 2	 -42.1057	  173.0732
12.788	 2.52	 1	 -42.5504	  173.5064
12.789	 2.02	 2	 -41.8094	  174.2264
12.790	 2.52	 4	 -42.1231	  172.8420
12.791	 2.22	 1	 -42.3421	  173.8887
12.792	 2.04	 1	 -42.3355	  173.5241
12.794	 2.29	 1	 -42.2252	  173.6833
12.794	 2.33	 2	 -42.5543	  173.1793
12.797	 2.83	 1	 -42.5075	  173.2388
12.798	 2.51	 5	 -42.0629	  174.0770
12.798	 2.09	 3	 -42.3356	  173.9138
12.798	 3.26	 4	 -44.3681	  169.3953
12.799	 2.60	 2	 -41.9535	  173.6448
12.802	 3.19	 1	 -41.6783	  174.3399
12.802	 2.02	 1	 -41.5591	  174.2688
12.803	 2.14	 1	 -41.7556	  174.3149
12.804	 2.26	 3	 -42.3227	  173.8613
12.804	 2.96	 5	 -42.1624	  173.5827
12.805	 2.32	 1	 -41.7944	  174.1854
12.807	 2.18	 1	 -42.2150	  173.5998
12.810	 2.02	 3	 -41.7948	  174.3768
12.810	 2.03	 1	 -41.7482	  174.2583
12.810	 2.34	 1	 -42.3827	  173.8455
12.811	 2.32	 1	 -41.7182	  174.4440
12.811	 2.01	 2	 -42.1323	  173.5086
12.812	 2.00	 2	 -38.1812	  173.6803
12.812	 2.19	 6	 -44.2571	  169.6170
12.814	 2.01	 4	 -44.3578	  169.4785
12.815	 2.77	 2	 -42.1713	  172.8074
12.815	 2.33	 2	 -41.3298	  164.9161
12.815	 2.39	 2	 -41.7402	  174.1077
12.816	 2.92	 2	 -42.2482	  173.4671
12.821	 2.39	 1	 -42.5300	  173.2710
12.821	 2.63	 2	 -41.7024	  174.1428
12.822	 2.09	 4	 -41.5129	  173.2056
12.823	 2.70	 3	 -41.8961	  173.4858
12.823	 2.32	 1	 -41.7067	  174.2237
12.823	 2.68	 5	 -44.3097	  169.5336
12.824	 2.57	 2	 -42.4585	  173.1332
12.824	 2.93	 3	 -41.8349	  174.3018
12.824	 2.10	 2	 -42.1046	  172.8695
12.828	 2.22	 5	 -44.5338	  169.2188
12.828	 2.23	 4	 -42.2053	  173.7650
12.831	 2.03	 1	 -41.7622	  174.2568
12.834	 2.42	 2	 -41.6627	  174.0932
12.834	 2.56	 4	 -42.2049	  173.8735
12.836	 2.25	 2	 -42.3354	  173.8141
12.837	 2.30	 2	 -42.1492	  173.5886
12.838	 2.20	 1	 -42.2050	  173.9207
12.841	 2.19	 1	 -41.7539	  174.2955
12.841	 2.00	 1	 -42.5685	  173.8578
12.841	 2.60	 2	 -42.2924	  171.5090
12.845	 2.01	 2	 -42.2189	  173.6703
12.845	 2.21	 4	 -42.2579	  173.9121
12.846	 2.51	 1	 -41.9599	  173.9235
12.847	 2.47	 1	 -42.6408	  172.9498
12.848	 2.47	 4	 -42.0977	  174.0872
12.849	 4.09	 5	 -42.1737	  173.6599
12.851	 2.10	 6	 -42.1641	  173.6815
12.853	 2.36	 1	 -38.4570	  174.5072
12.853	 3.81	 2	 -39.8539	  168.3031
12.855	 3.68	 1	 -41.4940	  174.2069
12.858	 2.03	 1	 -42.3783	  171.1148
12.859	 2.29	 2	 -42.4015	  173.8444
12.862	 2.13	 1	 -41.7167	  174.3345
12.864	 3.17	 3	 -41.8952	  174.3879
12.865	 2.57	 4	 -44.3143	  170.4533
12.867	 2.52	 4	 -42.2571	  173.4866
12.869	 3.00	 6	 -42.1211	  174.1750
12.870	 2.12	 5	 -42.2052	  173.8992
12.874	 2.74	 2	 -41.7112	  174.2846
12.874	 3.50	 3	 -41.5859	  173.8192
12.874	 2.11	 2	 -42.3899	  173.9702
12.878	 2.63	 2	 -43.5639	  171.6208
12.882	 2.29	 1	 -41.5175	  174.2189
12.888	 3.06	 2	 -42.2336	  173.6391
12.889	 2.76	 3	 -45.0704	  171.7746
12.891	 2.22	 4	 -42.1986	  174.0462
12.893	 2.39	 5	 -42.2075	  173.7847
12.893	 2.29	 1	 -42.6189	  173.2394
12.895	 2.46	 1	 -42.5154	  173.0627
12.896	 3.19	 2	 -41.8243	  174.2325
12.896	 2.38	 4	 -42.2796	  174.0665
12.897	 2.46	 1	 -43.6684	  173.4371
12.898	 2.95	 1	 -42.5753	  173.0569
12.898	 2.81	 2	 -42.6141	  172.9432
12.899	 2.21	 1	 -42.5711	  173.3415
12.899	 2.35	 1	 -42.2168	  174.0123
12.899	 3.17	 3	 -39.8552	  168.3054
12.901	 2.10	 1	 -41.7173	  174.4182
12.902	 2.36	 2	 -41.7249	  174.2361
12.903	 2.15	 1	 -42.1435	  173.6195
12.904	 2.60	 1	 -42.6430	  172.8322
12.905	 2.31	 1	 -42.6992	  173.0184
12.906	 3.18	 1	 -42.2731	  173.6160
12.907	 2.56	 2	 -42.7544	  173.0476
12.908	 2.60	 2	 -42.4697	  173.3268
12.909	 2.36	 2	 -41.8252	  174.3318
12.912	 2.95	 2	 -42.0937	  173.9382
12.914	 2.24	 2	 -42.2518	  173.9058
12.914	 2.09	 1	 -42.3353	  173.2190
12.915	 2.01	 3	 -42.7647	  173.1877
12.916	 2.52	 2	 -41.6692	  174.1729
12.918	 2.81	 2	 -42.3253	  173.5858
12.920	 2.25	 3	 -45.9067	  172.8192
12.925	 2.06	 1	 -42.3907	  174.0379
12.925	 2.05	 1	 -42.3639	  173.6995
12.928	 2.70	 3	 -41.8259	  174.3690
12.929	 2.15	 1	 -42.6626	  172.8593
12.930	 2.38	 3	 -44.5820	  169.6250
12.931	 2.45	 6	 -41.5582	  174.0305
12.932	 2.47	 1	 -42.5201	  173.1440
12.933	 2.14	 1	 -42.5376	  173.0768
12.934	 2.98	 4	 -43.9913	  172.9210
12.936	 2.07	 1	 -42.7339	  173.5196
12.936	 2.60	 3	 -43.6685	  171.6883
12.940	 2.09	 1	 -42.6025	  173.5116
12.942	 2.17	 1	 -42.7749	  173.2896
12.942	 2.03	 2	 -44.3533	  169.6488
12.944	 3.43	 1	 -42.4869	  174.0046
12.945	 2.35	 1	 -42.5924	  173.1365
12.946	 2.09	 5	 -42.1588	  174.2209
12.947	 2.23	 1	 -42.6325	  173.1224
12.948	 2.03	 1	 -42.3618	  173.0308
12.950	 2.61	 1	 -42.9420	  173.0819
12.951	 2.73	 4	 -42.2708	  174.1389
12.952	 2.60	 6	 -42.1831	  173.6846
12.954	 2.15	 2	 -41.7827	  174.2816
12.955	 4.05	 1	 -42.1572	  173.9517
12.957	 2.43	 3	 -41.6573	  172.5712
12.957	 2.03	 3	 -39.9756	  168.0583
12.959	 2.00	 2	 -42.4028	  173.7964
12.960	 2.76	 1	 -42.1117	  174.9300
12.961	 2.71	 1	 -42.4265	  173.7508
12.961	 2.63	 1	 -42.4419	  173.8269
12.961	 2.14	 1	 -41.7995	  174.2148
12.965	 2.46	 1	 -42.5043	  173.2004
12.967	 2.38	 4	 -41.7778	  174.1397
12.968	 2.45	 2	 -42.9415	  173.0803
12.970	 2.22	 1	 -42.2149	  174.0609
12.971	 3.11	 2	 -38.2906	  170.8844
12.973	 2.29	 4	 -42.4508	  173.5429
12.974	 2.19	 2	 -42.3289	  173.4271
12.974	 2.27	 1	 -42.4783	  173.1033
12.975	 2.37	 2	 -42.1421	  173.6952
12.975	 2.92	 4	 -42.3549	  172.3709
12.976	 2.02	 2	 -41.8516	  174.2221
12.977	 2.09	 1	 -42.6491	  174.1020
12.978	 2.03	 2	 -41.9534	  173.4855
12.980	 2.65	 1	 -42.2785	  173.6744
12.981	 2.23	 5	 -44.6849	  169.7991
12.983	 2.93	 3	 -44.3630	  169.3469
12.985	 2.06	 2	 -42.3956	  173.9839
12.988	 3.18	 1	 -41.7495	  174.2934
12.988	 3.04	 1	 -42.4673	  173.1544
12.989	 2.57	 6	 -42.1550	  173.6090
12.989	 3.26	 1	 -42.4121	  173.9688
12.990	 2.07	 2	 -41.6656	  174.1761
12.990	 2.10	 1	 -42.2911	  173.9542
12.992	 2.64	 4	 -42.2217	  174.0923
12.992	 2.18	 7	 -42.1504	  173.6079
12.992	 2.60	 2	 -42.5097	  173.9335
12.993	 2.26	 2	 -42.6644	  173.1484
12.994	 3.15	 4	 -41.7369	  173.8092
12.995	 2.05	 2	 -42.0656	  173.0579
12.995	 2.16	 1	 -41.5986	  173.5609
12.997	 2.34	 2	 -41.9989	  173.7249
12.997	 2.26	 1	 -41.9755	  173.7558
12.998	 2.69	 1	 -41.7945	  174.1836
13.001	 2.15	 3	 -44.5301	  169.6670
13.002	 2.48	 1	 -42.4472	  173.6994
13.004	 2.39	 3	 -39.8361	  168.1901
13.005	 2.06	 1	 -42.7177	  173.2945
13.008	 3.08	 1	 -41.5755	  173.7538
13.009	 2.09	 1	 -41.8922	  173.8796
13.010	 2.81	 1	 -42.2482	  173.8754
13.011	 2.59	 1	 -39.8498	  168.1793
13.011	 2.06	 1	 -42.6002	  173.6939
13.012	 2.71	 1	 -42.3278	  173.7829
13.013	 3.22	 5	 -42.7888	  173.5908
13.017	 2.19	 1	 -41.8949	  173.8758
13.018	 2.23	 1	 -42.6579	  172.7987
13.020	 2.02	 4	 -42.2501	  174.1131
13.020	 2.63	 2	 -41.8091	  174.2946
13.021	 2.22	 1	 -42.5828	  172.9777
13.022	 2.02	 2	 -42.3095	  173.9720
13.023	 2.94	 1	 -42.0242	  173.7812
13.024	 2.54	 4	 -42.4183	  173.7752
13.027	 2.01	 2	 -42.4772	  173.7127
13.028	 2.27	 5	 -42.2530	  173.9225
13.028	 3.24	 1	 -41.7759	  174.0777
13.028	 2.37	 4	 -44.3553	  169.5267
13.031	 2.31	 1	 -42.1826	  173.8469
13.031	 2.13	 1	 -42.8016	  173.1180
13.032	 2.31	 5	 -42.0824	  174.0147
13.033	 2.23	 1	 -42.1542	  173.8451
13.035	 2.11	 1	 -42.2480	  173.4605
13.035	 2.23	 3	 -42.4098	  173.7610
13.036	 2.33	 1	 -42.9868	  173.0928
13.038	 2.46	 5	 -42.0198	  174.0486
13.038	 2.57	 4	 -42.1705	  174.0289
13.039	 2.25	 2	 -44.2851	  169.6205
13.039	 2.81	 3	 -44.5407	  169.1759
13.040	 2.02	 4	 -42.2090	  173.6319
13.041	 2.03	 5	 -42.4079	  174.0208
13.043	 2.95	 4	 -42.2254	  173.9926
13.044	 2.15	 1	 -41.9295	  173.6212
13.044	 2.05	 2	 -41.6969	  174.0440
13.045	 3.21	 1	 -42.4627	  173.1698
13.048	 2.16	 2	 -42.7781	  172.2382
13.049	 2.93	 1	 -41.8192	  174.2473
13.049	 2.86	 1	 -42.3513	  173.4771
13.051	 2.27	 1	 -42.3130	  173.8164
13.052	 2.12	 1	 -42.3504	  173.2071
13.052	 2.58	 5	 -42.1615	  173.6792
13.053	 3.71	 4	 -41.7547	  174.1561
13.054	 2.22	 3	 -44.3424	  169.5045
13.055	 2.76	 1	 -42.4379	  173.1108
13.056	 2.56	 1	 -40.0583	  174.8544
13.056	 2.29	 2	 -42.2920	  173.7836
13.056	 2.01	 1	 -42.4977	  172.9480
13.058	 2.51	 1	 -42.7805	  173.1702
13.061	 2.70	 2	 -42.3185	  173.8189
13.062	 2.34	 5	 -41.9706	  174.1515
13.063	 2.20	 3	 -44.5570	  169.5733
13.068	 2.55	 1	 -42.6166	  174.1172
13.069	 2.33	 1	 -41.7152	  174.5594
13.071	 2.57	 1	 -42.7331	  173.1310
13.072	 2.62	 2	 -42.1848	  172.7357
13.075	 2.40	 1	 -41.8967	  174.4688
13.076	 2.04	 3	 -44.6332	  169.4469
13.077	 2.09	 3	 -42.4980	  172.9298
13.078	 2.13	 1	 -42.3350	  173.0593
13.080	 2.50	 1	 -42.2605	  173.8679
13.082	 2.11	 1	 -41.7891	  173.9984
13.083	 2.60	 3	 -41.5154	  174.2629
13.084	 2.63	 1	 -42.3983	  173.5201
13.085	 2.83	 5	 -42.2164	  173.6733
13.086	 2.73	 2	 -41.6969	  174.3106
13.091	 2.10	 4	 -41.7493	  176.5094
13.091	 2.44	 6	 -41.7739	  174.8640
13.092	 2.18	 1	 -42.4472	  173.7533
13.092	 2.09	 1	 -42.5858	  172.6314
13.094	 3.23	 2	 -41.7003	  174.0753
13.096	 3.10	 1	 -41.3224	  172.7138
13.097	 2.10	 4	 -42.0272	  174.0040
13.098	 2.24	 1	 -41.7910	  174.2772
13.099	 2.13	 1	 -42.4334	  173.6756
13.100	 3.31	 1	 -42.5637	  172.9659
13.100	 2.37	 4	 -42.2311	  174.0373
13.100	 2.46	 3	 -44.4246	  169.6242
13.101	 2.54	 2	 -41.6622	  174.2395
13.108	 3.35	 1	 -42.3988	  174.0587
13.108	 2.08	 4	 -42.3848	  174.1829
13.111	 2.24	 2	 -42.7467	  173.9681
13.112	 2.79	 1	 -42.2450	  172.7215
13.113	 2.48	 3	 -42.9627	  173.0871
13.113	 2.17	 3	 -43.1830	  173.0860
13.114	 2.56	 2	 -42.6506	  173.2187
13.115	 2.19	 1	 -41.7410	  174.3328
13.115	 2.40	 2	 -42.1789	  173.6908
13.116	 2.81	 2	 -40.9586	  175.1553
13.117	 4.61	 3	 -44.5152	  169.1963
13.118	 2.08	 1	 -42.5473	  173.0746
13.124	 2.86	 1	 -41.7164	  174.2815
13.125	 2.29	 1	 -41.4699	  173.9289
13.125	 2.52	 1	 -42.5722	  173.0405
13.127	 2.60	 1	 -41.6914	  174.1185
13.127	 2.17	 2	 -41.6459	  174.2890
13.132	 2.89	 1	 -41.7516	  174.2148
13.132	 2.29	 1	 -43.3925	  179.0654
13.133	 2.23	 3	 -45.0727	  169.6671
13.136	 2.34	 4	 -44.3512	  169.6446
13.137	 2.12	 2	 -42.5474	  173.0530
13.139	 2.34	 1	 -42.4023	  173.7763
13.140	 3.13	 1	 -42.6000	  173.0227
13.141	 2.14	 4	 -44.5347	  169.2057
13.144	 3.45	 5	 -42.2285	  173.9614
13.145	 2.96	 6	 -42.2234	  174.2768
13.146	 2.12	 1	 -42.2918	  173.6544
13.147	 2.10	 1	 -41.6845	  174.2565
13.148	 2.06	 1	 -41.9232	  174.2101
13.150	 2.72	 1	 -41.9067	  174.3275
13.157	 2.98	 1	 -42.2774	  173.6752
13.160	 2.03	 4	 -44.4632	  169.2573
13.163	 3.15	 1	 -42.1337	  173.5177
13.163	 2.44	 5	 -42.2579	  173.4872
13.163	 2.00	 4	 -44.5138	  169.2427
13.164	 2.11	 3	 -42.3142	  173.9059
13.165	 2.12	 5	 -42.5212	  174.0833
13.169	 2.36	 2	 -42.7428	  173.0278
13.170	 2.61	 2	 -42.2562	  173.9426
13.170	 2.62	 1	 -41.7902	  174.2102
13.173	 2.39	 5	 -41.6194	  173.7157
13.174	 3.08	 2	 -41.9654	  174.0674
13.174	 2.68	 1	 -41.6832	  174.2626
13.175	 2.85	 2	 -44.2380	  169.5846
13.175	 2.53	 2	 -41.7843	  174.3142
13.177	 2.97	 1	 -42.4069	  173.1565
13.178	 2.02	 1	 -42.3889	  173.0646
13.179	 2.28	 2	 -44.2161	  169.7832
13.180	 2.04	 3	 -42.5081	  173.1659
13.180	 2.32	 2	 -44.2959	  169.6150
13.182	 3.02	 2	 -42.6412	  173.0520
13.183	 2.62	 2	 -42.3242	  173.8185
13.183	 2.05	 1	 -42.1409	  173.5704
13.184	 2.11	 2	 -41.7642	  174.3380
13.185	 2.04	 4	 -41.7845	  174.1916
13.186	 2.30	 1	 -41.9628	  173.9695
13.189	 2.25	 2	 -44.4705	  176.2079
13.190	 2.29	 1	 -41.9973	  173.4408
13.193	 2.83	 4	 -41.6749	  174.1831
13.196	 2.19	 1	 -41.8230	  173.9330
13.201	 2.22	 5	 -42.0338	  173.6152
13.203	 2.39	 1	 -42.0468	  173.7009
13.204	 2.64	 1	 -41.8891	  174.2951
13.205	 2.19	 4	 -42.4149	  173.9571
13.208	 2.02	 3	 -44.2983	  169.5447
13.209	 2.60	 2	 -42.2341	  173.6713
13.209	 2.21	 1	 -41.6376	  174.2419
13.209	 4.48	 3	 -41.9335	  174.1937
13.209	 2.12	 3	 -44.0870	  169.7881
13.209	 2.08	 4	 -44.3477	  169.6433
13.211	 2.06	 1	 -42.5352	  174.0166
13.212	 2.34	 2	 -39.1734	  173.3189
13.212	 2.44	 5	 -42.2585	  174.1626
13.213	 2.09	 3	 -45.3068	  176.1549
13.213	 2.49	 1	 -42.7199	  172.7504
13.214	 2.03	 3	 -42.2349	  173.6702
13.216	 2.44	 2	 -42.1096	  173.8022
13.218	 2.70	 1	 -42.3699	  173.8680
13.219	 2.51	 2	 -44.2576	  170.2566
13.220	 2.50	 2	 -42.3528	  173.4784
13.221	 2.02	 1	 -44.7860	  173.7859
13.221	 2.38	 1	 -41.7292	  174.2601
13.223	 2.27	 4	 -41.9970	  174.2255
13.223	 2.29	 4	 -44.5156	  169.1884
13.224	 2.29	 4	 -44.5521	  169.2217
13.224	 3.15	 3	 -41.8032	  174.3252
13.224	 2.84	 2	 -41.6913	  174.1984
13.226	 2.53	 1	 -41.6794	  174.0136
13.226	 2.09	 1	 -42.5838	  173.0755
13.227	 2.37	 2	 -42.0461	  174.1760
13.227	 3.10	 1	 -42.1954	  173.7660
13.228	 2.72	 1	 -41.7212	  174.1831
13.229	 2.27	 5	 -42.1513	  173.6680
13.229	 2.00	 1	 -41.7588	  174.1669
13.230	 3.03	 5	 -42.4904	  174.5808
13.237	 2.09	 1	 -42.0021	  173.6739
13.241	 3.36	 1	 -42.3103	  173.6642
13.241	 2.38	 1	 -42.4342	  173.7133
13.243	 2.82	 1	 -41.7251	  174.1600
13.243	 2.77	 2	 -41.8170	  174.2465
13.244	 2.04	 1	 -42.3983	  173.5039
13.246	 2.59	 2	 -41.8831	  174.4180
13.247	 2.12	 2	 -42.7271	  172.2570
13.247	 2.30	 4	 -42.3048	  173.9782
13.251	 2.68	 3	 -44.3697	  169.4970
13.251	 2.34	 2	 -41.8650	  174.0414
13.251	 2.46	 2	 -44.4107	  169.5698
13.253	 2.68	 2	 -42.7123	  172.9457
13.255	 2.35	 4	 -42.3169	  174.2066
13.256	 3.16	 2	 -42.4841	  172.9701
13.263	 2.30	 2	 -44.3814	  169.4561
13.264	 2.60	 5	 -42.3770	  173.8394
13.265	 2.03	 4	 -41.7575	  174.5448
13.266	 2.94	 4	 -44.5488	  169.1876
13.266	 2.15	 3	 -41.9312	  174.9392
13.267	 2.78	 2	 -42.2606	  174.0458
13.268	 2.06	 1	 -42.3040	  172.9085
13.268	 2.17	 1	 -43.3731	  177.0967
13.268	 2.23	 5	 -42.9345	  174.1246
13.269	 2.44	 2	 -42.3687	  173.0497
13.270	 2.42	 2	 -41.8687	  173.9456
13.272	 2.24	 4	 -41.5707	  174.0301
13.272	 2.33	 1	 -43.9654	  174.7937
13.272	 2.15	 2	 -41.6501	  174.1418
13.273	 2.02	 5	 -42.0463	  174.0789
13.273	 2.29	 1	 -41.7487	  174.4032
13.273	 2.28	 4	 -41.9748	  174.1318
13.279	 3.23	 1	 -42.5661	  173.9046
13.280	 2.29	 2	 -42.6097	  172.8225
13.283	 2.09	 1	 -42.3410	  173.6682
13.285	 2.49	 1	 -42.2132	  173.5777
13.287	 2.20	 1	 -41.6144	  174.3980
13.288	 2.05	 2	 -41.7630	  174.1577
13.292	 2.25	 1	 -41.7261	  174.2906
13.294	 2.94	 1	 -42.5687	  173.2282
13.296	 2.35	 1	 -42.3616	  173.3455
13.300	 2.29	 6	 -42.0637	  174.0922
13.302	 2.02	 1	 -41.7232	  174.3001
13.302	 2.26	 3	 -42.6358	  172.9202
13.303	 2.18	 1	 -42.3178	  173.6357
13.306	 2.14	 2	 -44.3894	  169.6111
13.306	 2.28	 1	 -42.6051	  173.1102
13.306	 2.96	 1	 -41.7565	  174.2632
13.307	 2.29	 1	 -38.0797	  175.9562
13.308	 2.00	 6	 -42.4773	  174.5741
13.308	 2.31	 4	 -42.2243	  174.1346
13.311	 2.51	 2	 -42.9860	  173.0930
13.311	 2.65	 4	 -42.6459	  174.0058
13.311	 2.02	 1	 -41.7187	  174.2896
13.317	 2.79	 2	 -41.9411	  173.7125
13.318	 2.35	 1	 -42.0247	  173.5733
13.318	 2.31	 2	 -41.5717	  173.7552
13.320	 2.06	 3	 -41.7159	  174.2681
13.320	 2.91	 2	 -43.3362	  172.7600
13.321	 2.17	 1	 -42.0364	  173.7566
13.323	 3.38	 1	 -42.0304	  173.8136
13.323	 2.14	 5	 -42.2043	  173.8735
13.323	 2.06	 2	 -42.5081	  172.8560
13.326	 2.06	 1	 -41.7025	  174.2709
13.326	 2.50	 3	 -41.8291	  174.2904
13.326	 2.01	 1	 -42.3624	  174.0097
13.327	 2.01	 1	 -42.2989	  173.8108
13.327	 2.40	 1	 -41.7351	  174.3056
13.327	 2.04	 1	 -42.3096	  173.7561
13.328	 2.69	 4	 -41.7073	  174.3066
13.328	 2.46	 3	 -42.3253	  173.9793
13.329	 2.07	 1	 -42.4101	  173.3504
13.331	 2.11	 4	 -41.8333	  173.6643
13.332	 2.31	 5	 -41.7266	  174.2693
13.333	 2.18	 3	 -42.1866	  171.6677
13.334	 2.46	 1	 -41.6920	  174.2780
13.335	 2.08	 6	 -42.2499	  174.3017
13.335	 2.08	 4	 -41.8666	  173.2582
13.338	 2.12	 2	 -42.0294	  173.5729
13.339	 2.01	 2	 -42.0766	  173.7694
13.339	 2.11	 1	 -42.5239	  166.9086
13.340	 2.17	 4	 -42.4865	  173.8544
13.341	 3.63	 1	 -42.5476	  172.9837
13.341	 4.39	 1	 -42.7725	  172.9319
13.343	 2.54	 2	 -44.8613	  169.6766
13.348	 2.07	 4	 -41.5625	  174.3783
13.348	 2.07	 2	 -44.3217	  169.6051
13.350	 2.80	 1	 -39.6397	  171.6029
13.353	 2.36	 1	 -42.4714	  173.7001
13.353	 2.35	 2	 -42.2188	  173.8145
13.354	 2.01	 4	 -42.5959	  173.2701
13.355	 2.06	 4	 -41.7118	  174.2202
13.356	 3.50	 4	 -42.1872	  174.5452
13.356	 2.30	 1	 -41.4822	  171.2520
13.357	 2.62	 3	 -42.3998	  171.9326
13.357	 2.15	 2	 -43.9184	  173.5519
13.362	 2.26	 5	 -42.0585	  174.0835
13.364	 2.02	 1	 -42.6970	  172.8300
13.369	 2.08	 2	 -41.7779	  174.1391
13.371	 3.16	 3	 -42.4433	  173.7160
13.372	 2.53	 1	 -41.7333	  174.3163
13.375	 2.50	 2	 -44.4877	  169.8922
13.375	 2.55	 4	 -42.1941	  174.0863
13.376	 2.23	 1	 -42.7940	  172.8828
13.377	 2.15	 2	 -42.6785	  173.2899
13.379	 2.58	 2	 -42.2507	  173.9125
13.379	 2.52	 2	 -42.7325	  172.9974
13.379	 2.01	 1	 -42.6137	  172.9659
13.380	 2.85	 1	 -42.5026	  173.9058
13.380	 3.13	 1	 -41.5861	  174.2044
13.380	 2.26	 1	 -42.4023	  173.7127
13.383	 2.46	 1	 -42.4320	  173.1129
13.388	 2.35	 1	 -42.5008	  173.0876
13.389	 2.64	 5	 -42.1803	  174.5428
13.390	 3.75	 1	 -41.8608	  174.1586
13.390	 3.62	 1	 -42.6872	  172.8473
13.390	 2.55	 1	 -42.6593	  172.8021
13.391	 2.22	 1	 -41.8138	  173.3230
13.391	 2.06	 4	 -42.4996	  174.5262
13.392	 2.66	 1	 -42.5172	  173.1076
13.393	 2.37	 3	 -41.4443	  172.5425
13.393	 2.29	 1	 -41.7180	  174.1582
13.395	 2.09	 2	 -41.7098	  174.2325
13.399	 3.32	 3	 -44.4875	  169.3361
13.403	 2.20	 1	 -42.2447	  172.8995
13.404	 2.03	 1	 -39.4946	  176.5763
13.404	 2.04	 1	 -42.2245	  174.1222
13.406	 2.19	 1	 -41.7777	  170.2869
13.409	 2.16	 1	 -41.7010	  174.2267
13.409	 2.23	 2	 -42.0676	  172.8156
13.410	 2.11	 2	 -42.8132	  172.9648
13.410	 2.81	 2	 -42.3678	  173.9071
13.411	 2.53	 3	 -41.8235	  174.3907
13.411	 2.12	 2	 -39.1328	  169.2899
13.412	 2.19	 1	 -42.7652	  173.1330
13.412	 3.16	 2	 -38.1713	  172.4583
13.413	 2.42	 1	 -41.6572	  174.3078
13.414	 2.23	 1	 -42.4812	  172.9989
13.418	 2.46	 1	 -42.4466	  173.9964
13.420	 3.30	 7	 -41.5545	  174.0297
13.421	 2.15	 1	 -41.7069	  173.9786
13.423	 3.52	 1	 -41.8169	  173.9073
13.423	 2.10	 1	 -42.0530	  173.8006
13.424	 2.37	 4	 -44.3460	  169.5061
13.424	 2.18	 4	 -42.2929	  174.0687
13.426	 3.51	 3	 -44.3127	  169.7444
13.430	 2.35	 1	 -41.7214	  174.3545
13.432	 2.52	 1	 -42.5477	  173.1501
13.432	 2.45	 4	 -42.1765	  174.2592
13.434	 2.60	 4	 -42.5066	  172.7720
13.437	 2.35	 1	 -41.7772	  174.2230
13.439	 2.27	 2	 -41.8912	  174.2127
13.441	 2.01	 3	 -42.3173	  173.9335
13.442	 2.49	 1	 -42.3949	  173.6615
13.442	 2.09	 5	 -42.3388	  174.2220
13.442	 2.61	 3	 -42.3395	  173.8884
13.444	 2.00	 1	 -41.6010	  176.8077
13.445	 2.23	 1	 -41.6215	  172.4552
13.445	 2.25	 2	 -42.3371	  173.1167
13.447	 2.10	 5	 -42.2747	  174.2303
13.447	 2.18	 1	 -42.7999	  174.6783
13.448	 3.51	 1	 -42.0086	  173.5923
13.449	 2.17	 1	 -42.3826	  173.0849
13.450	 2.49	 3	 -41.7471	  174.2927
13.452	 2.85	 3	 -41.6642	  174.2457
13.454	 2.27	 1	 -41.9826	  174.0740
13.457	 2.69	 1	 -42.4054	  172.9739
13.457	 2.02	 4	 -44.3245	  169.5484
13.457	 2.54	 1	 -42.4358	  174.1147
13.458	 3.48	 1	 -43.4378	  169.3212
13.458	 2.10	 1	 -42.6170	  173.0509
13.460	 2.61	 1	 -41.7661	  174.3966
13.461	 2.40	 1	 -43.2564	  170.8692
13.462	 2.86	 1	 -42.5027	  173.3035
13.465	 3.18	 2	 -44.5345	  170.0849
13.466	 2.17	 5	 -41.9342	  173.9338
13.466	 2.00	 2	 -41.6888	  173.8532
13.468	 3.44	 1	 -41.7183	  174.3192
13.468	 2.04	 1	 -42.3212	  173.7340
13.469	 2.21	 1	 -42.4169	  173.4246
13.477	 2.62	 2	 -41.7500	  174.6787
13.477	 2.82	 1	 -41.7255	  174.3002
13.478	 2.85	 1	 -42.2515	  173.6936
13.478	 2.14	 4	 -44.3807	  169.4385
13.479	 2.30	 4	 -41.9988	  174.3819
13.479	 2.21	 2	 -44.4130	  169.6983
13.480	 2.15	 6	 -41.5627	  174.0462
13.482	 2.02	 1	 -42.2289	  173.7301
13.482	 2.69	 5	 -42.3201	  174.5057
13.485	 2.12	 5	 -42.3996	  174.0251
13.486	 2.17	 3	 -44.4991	  166.7902
13.486	 2.05	 3	 -42.6587	  172.8797
13.487	 2.22	 2	 -42.6153	  172.9406
13.489	 2.93	 5	 -42.4658	  174.0126
13.490	 2.18	 1	 -41.6615	  174.3277
13.490	 2.00	 2	 -42.4733	  172.9694
13.490	 2.10	 6	 -42.0847	  174.0132
13.491	 3.15	 1	 -42.5585	  174.0400
13.492	 2.04	 2	 -42.6305	  172.8335
13.495	 2.27	 1	 -42.3949	  173.5440
13.496	 2.60	 1	 -42.7263	  172.7762
13.496	 2.88	 4	 -42.5892	  173.9818
13.498	 2.17	 1	 -41.6023	  173.0763
13.500	 2.47	 2	 -42.2031	  173.9148
13.501	 2.00	 4	 -42.5004	  174.3987
13.501	 2.33	 2	 -41.0946	  171.7649
13.503	 2.10	 2	 -41.9741	  173.7844
13.503	 2.10	 4	 -41.7612	  173.7874
13.503	 2.33	 1	 -41.9137	  174.2047
13.507	 2.09	 4	 -41.9262	  174.1983
13.509	 2.33	 2	 -42.7452	  173.0500
13.510	 2.13	 5	 -42.2010	  174.0795
13.511	 2.82	 2	 -41.6082	  174.2177
13.511	 2.25	 1	 -42.0676	  173.2332
13.511	 2.22	 4	 -42.4560	  172.3329
13.512	 2.41	 1	 -42.8287	  172.2488
13.514	 2.06	 1	 -42.0262	  173.8432
13.516	 2.53	 2	 -42.2824	  173.9982
13.517	 2.76	 2	 -42.5978	  172.1637
13.518	 2.19	 1	 -41.7642	  174.2560
13.520	 3.36	 1	 -41.9101	  174.0031
13.521	 2.32	 4	 -42.2169	  173.9529
13.521	 2.33	 1	 -42.5132	  172.8404
13.522	 2.13	 1	 -42.5587	  173.0801
13.525	 3.28	 1	 -41.9783	  173.7448
13.525	 2.78	 1	 -42.3166	  173.9037
13.526	 2.85	 2	 -43.1615	  169.6500
13.527	 2.42	 5	 -42.3020	  173.9851
13.528	 2.84	 2	 -42.6736	  173.0279
13.528	 2.48	 3	 -43.5653	  171.6204
13.528	 2.35	 1	 -42.6129	  173.0323
13.530	 2.15	 1	 -42.6027	  173.0170
13.532	 2.25	 4	 -42.2210	  174.1893
13.532	 2.20	 4	 -42.2304	  174.0963
13.537	 2.48	 1	 -42.3793	  173.7853
13.540	 2.63	 3	 -41.6673	  174.2183
13.541	 2.08	 1	 -42.3738	  173.6277
13.546	 2.88	 5	 -42.1860	  174.5605
13.546	 2.53	 4	 -38.9628	  177.0747
13.548	 2.14	 3	 -40.9989	  174.0286
13.548	 2.13	 1	 -41.4840	  171.9409
13.549	 2.37	 1	 -41.8741	  173.7815
13.551	 3.18	 1	 -41.9548	  173.6435
13.553	 2.10	 5	 -42.0743	  174.0836
13.554	 2.26	 4	 -42.2899	  174.1454
13.555	 2.50	 1	 -42.5442	  173.0800
13.557	 2.59	 4	 -42.2202	  174.0201
13.559	 2.95	 1	 -41.9653	  174.0462
13.559	 2.45	 1	 -42.4475	  173.2391
13.560	 2.08	 1	 -42.4939	  173.1402
13.561	 2.37	 2	 -42.3331	  173.7426
13.562	 2.01	 1	 -41.9918	  173.7000
13.563	 2.76	 4	 -41.7710	  173.7811
13.568	 2.29	 1	 -42.0496	  174.0149
13.576	 2.16	 4	 -41.7640	  174.1792
13.577	 2.10	 1	 -42.2469	  173.6219
13.580	 2.64	 1	 -42.3275	  174.0389
13.581	 2.41	 1	 -41.7711	  173.7318
13.582	 2.17	 1	 -42.5904	  173.0919
13.583	 2.09	 1	 -41.6662	  174.2950
13.584	 2.00	 1	 -42.0164	  173.6584
13.587	 2.35	 1	 -42.4420	  173.2662
13.587	 2.65	 1	 -42.3038	  173.5285
13.587	 2.44	 5	 -41.7380	  173.8075
13.591	 2.58	 1	 -41.7839	  174.1690
13.591	 2.14	 2	 -41.9824	  172.6544
13.591	 2.63	 1	 -41.6956	  174.2425
13.592	 2.65	 1	 -42.3594	  173.3941
13.593	 2.07	 2	 -42.2295	  173.7180
13.594	 2.41	 1	 -41.8275	  174.3255
13.597	 2.45	 1	 -42.2441	  174.2850
13.599	 2.98	 4	 -44.3701	  169.5248
13.599	 2.36	 1	 -42.4937	  173.1154
13.599	 2.24	 1	 -42.6112	  172.7955
13.600	 2.39	 1	 -42.7263	  174.6927
13.603	 2.13	 1	 -41.6325	  174.3984
13.603	 4.94	 1	 -41.7149	  174.2694
13.605	 2.07	 4	 -41.8239	  174.2083
13.605	 2.10	 2	 -41.4265	  174.2590
13.606	 2.36	 1	 -41.6532	  174.2868
13.607	 2.37	 2	 -42.0227	  173.7817
13.608	 2.73	 1	 -41.8726	  173.2750
13.608	 3.09	 1	 -42.4892	  173.0562
13.609	 2.11	 6	 -42.1947	  174.4137
13.612	 2.91	 1	 -41.7942	  174.2814
13.612	 2.77	 1	 -42.4008	  173.7005
13.617	 2.44	 1	 -42.4740	  172.6668
13.619	 2.08	 2	 -41.7015	  174.1927
13.619	 3.38	 1	 -41.7401	  174.2842
13.620	 2.11	 2	 -42.2204	  174.0881
13.621	 2.26	 1	 -41.8056	  174.4059
13.621	 2.66	 1	 -42.3474	  174.7856
13.622	 2.18	 2	 -42.0648	  171.6119
13.623	 2.12	 1	 -43.4025	  173.5137
13.623	 3.23	 1	 -42.4633	  173.7278
13.624	 2.14	 1	 -43.0546	  174.7067
13.625	 2.37	 1	 -41.6059	  174.2717
13.626	 2.51	 2	 -42.3514	  174.7899
13.629	 2.01	 2	 -42.7238	  174.6342
13.631	 3.32	 3	 -41.6965	  174.2958
13.634	 2.21	 2	 -42.3381	  173.4751
13.635	 3.16	 1	 -42.3392	  174.0050
13.635	 2.72	 2	 -42.2918	  173.6880
13.635	 2.71	 6	 -42.2414	  174.1116
13.636	 2.25	 1	 -42.0511	  173.7419
13.638	 2.09	 1	 -41.6794	  174.2015
13.639	 2.14	 2	 -42.5816	  173.0912
13.639	 2.07	 1	 -42.3577	  173.4954
13.640	 2.93	 2	 -41.9161	  173.9872
13.641	 2.43	 3	 -42.5966	  172.1628
13.642	 2.57	 1	 -42.5661	  172.8101
13.642	 2.06	 2	 -41.7021	  174.2535
13.642	 3.05	 1	 -43.0425	  173.7048
13.645	 2.06	 1	 -42.0133	  173.6483
13.647	 2.10	 3	 -41.6967	  174.1537
13.648	 2.51	 3	 -44.5213	  169.1822
13.649	 2.69	 3	 -41.3863	  173.7575
13.654	 2.23	 2	 -43.8224	  173.3773
13.657	 2.05	 1	 -42.3515	  173.3861
13.657	 2.49	 1	 -41.7503	  174.2668
13.658	 2.30	 1	 -40.4310	  174.8516
13.659	 2.16	 2	 -41.7506	  174.1326
13.662	 2.05	 1	 -41.7278	  174.2675
13.662	 3.21	 2	 -42.5609	  173.0406
13.662	 2.62	 5	 -41.6221	  174.2208
13.671	 2.05	 3	 -42.0834	  173.9664
13.675	 2.19	 4	 -41.9722	  173.5197
13.679	 3.52	 2	 -42.8426	  172.1347
13.680	 2.01	 2	 -41.6842	  174.3224
13.681	 2.78	 3	 -44.5833	  169.5890
13.685	 2.30	 2	 -41.7245	  174.2435
13.685	 2.02	 2	 -42.7810	  172.9261
13.689	 2.13	 2	 -42.0001	  173.7123
13.692	 2.39	 1	 -42.4942	  179.1327
13.692	 2.13	 1	 -42.1584	  173.5314
13.693	 2.27	 1	 -41.6867	  174.2823
13.693	 2.31	 2	 -42.3558	  173.8070
13.697	 2.50	 4	 -44.5110	  169.2101
13.698	 2.26	 1	 -42.0245	  173.7828
13.698	 2.27	 2	 -42.3127	  173.9148
13.699	 2.09	 2	 -41.3725	  174.4879
13.700	 2.93	 4	 -42.3066	  174.0296
13.701	 2.51	 3	 -41.6541	  174.4706
13.702	 2.49	 5	 -42.2209	  173.6304
13.702	 2.67	 1	 -42.0240	  173.7375
13.704	 2.42	 4	 -41.6576	  174.1355
13.709	 2.94	 4	 -42.0949	  174.0384
13.711	 2.13	 2	 -42.5044	  173.9046
13.712	 2.68	 1	 -42.6693	  173.1159
13.713	 2.14	 3	 -42.7552	  173.0612
13.713	 2.20	 2	 -42.3753	  173.7962
13.718	 2.48	 2	 -42.3502	  173.2628
13.719	 2.53	 2	 -42.3703	  173.8846
13.719	 2.20	 1	 -41.7017	  173.6011
13.719	 2.88	 2	 -42.2413	  174.2780
13.720	 2.53	 1	 -42.7504	  173.1648
13.721	 2.48	 3	 -41.5356	  174.3748
13.723	 2.17	 2	 -41.9824	  173.6495
13.724	 2.70	 2	 -41.6819	  174.2742
13.726	 2.99	 2	 -41.7418	  174.2692
13.726	 2.10	 1	 -41.9140	  174.3198
13.728	 2.21	 2	 -41.9404	  173.6171
13.729	 2.05	 1	 -42.3800	  173.6933
13.729	 2.10	 1	 -42.4006	  173.9107
13.733	 2.18	 4	 -41.3999	  174.2438
13.735	 2.30	 4	 -42.4907	  171.0178
13.737	 2.67	 1	 -41.3844	  171.5988
13.739	 2.88	 4	 -42.2816	  174.0153
13.741	 2.15	 1	 -42.5691	  173.3134
13.741	 2.09	 1	 -41.7299	  174.2205
13.742	 2.40	 4	 -42.6075	  173.3280
13.743	 2.56	 1	 -42.5730	  172.9052
13.749	 2.57	 2	 -42.1778	  173.8938
13.749	 3.36	 3	 -42.6740	  173.7222
13.751	 2.90	 1	 -42.5753	  173.0782
13.752	 2.10	 1	 -42.2977	  173.6842
13.752	 2.10	 4	 -41.9589	  173.1473
13.754	 2.06	 2	 -41.7076	  174.2682
13.754	 2.07	 3	 -42.7631	  172.3396
13.756	 2.42	 1	 -42.5345	  173.2976
13.759	 2.09	 1	 -42.1396	  173.4824
13.760	 2.30	 2	 -41.6761	  174.1344
13.761	 2.11	 2	 -42.2151	  173.6581
13.763	 2.15	 4	 -42.3768	  174.1269
13.764	 2.64	 1	 -41.6694	  174.3316
13.764	 2.14	 1	 -42.4989	  173.1605
13.766	 2.87	 1	 -42.0303	  174.0850
13.767	 2.08	 1	 -42.6040	  173.2041
13.769	 2.39	 1	 -41.5536	  174.2330
13.769	 2.42	 1	 -41.6717	  174.4235
13.769	 2.52	 1	 -41.9223	  173.4579
13.772	 2.05	 4	 -42.3714	  173.7663
13.772	 2.67	 2	 -41.6479	  174.3182
13.775	 2.32	 1	 -41.7470	  174.2312
13.776	 2.00	 3	 -38.8898	  171.5700
13.778	 2.02	 4	 -41.7033	  174.2695
13.779	 2.77	 1	 -41.7239	  172.9117
13.780	 2.51	 2	 -42.6195	  172.2443
13.781	 2.81	 1	 -42.6041	  173.6358
13.783	 2.31	 1	 -41.7189	  174.2603
13.783	 2.88	 4	 -42.1497	  174.1435
13.784	 2.60	 3	 -44.3377	  169.6795
13.785	 2.28	 3	 -44.5851	  169.6350
13.787	 2.82	 1	 -42.8760	  173.4030
13.790	 2.17	 1	 -41.0787	  175.2291
13.791	 2.70	 8	 -41.5592	  174.0378
13.791	 2.54	 4	 -42.4340	  173.9510
13.793	 2.04	 2	 -42.2448	  173.5552
13.794	 2.29	 5	 -42.7745	  172.1966
13.794	 2.85	 1	 -41.6736	  174.1089
13.795	 2.29	 2	 -42.4379	  173.7472
13.796	 2.37	 1	 -41.6989	  174.2410
13.796	 2.13	 1	 -42.4355	  173.5239
13.797	 2.31	 2	 -43.0320	  173.6781
13.800	 2.75	 4	 -42.3610	  172.6376
13.800	 2.50	 6	 -41.1662	  173.6262
13.801	 2.61	 1	 -42.5503	  172.9634
13.801	 2.13	 1	 -41.9625	  174.0976
13.802	 3.51	 1	 -41.7658	  174.2765
13.802	 2.33	 4	 -41.6528	  174.2095
13.802	 2.03	 1	 -42.6117	  172.9392
13.802	 3.07	 3	 -42.2304	  171.6153
13.803	 2.09	 3	 -44.2596	  169.6172
13.804	 2.14	 1	 -42.3985	  173.1058
13.804	 2.65	 1	 -41.7166	  174.0008
13.804	 2.37	 1	 -41.7349	  174.2891
13.805	 2.10	 1	 -42.4790	  173.1059
13.805	 2.02	 4	 -42.1486	  174.1615
13.805	 2.80	 3	 -44.1988	  169.8347
13.806	 2.06	 1	 -42.2602	  172.6743
13.808	 2.13	 1	 -42.3835	  174.0549
13.808	 2.03	 1	 -42.8011	  173.3108
13.808	 2.21	 1	 -42.3816	  173.0753
13.808	 2.76	 1	 -41.7532	  174.3305
13.808	 2.10	 1	 -41.6210	  174.2749
13.810	 2.51	 1	 -42.3662	  173.0852
13.815	 2.69	 4	 -42.2900	  174.0146
13.816	 3.00	 4	 -42.2126	  174.0201
13.818	 2.40	 1	 -41.7652	  174.2219
13.822	 2.24	 1	 -41.8417	  174.2919
13.826	 2.07	 2	 -41.7933	  174.2033
13.829	 2.57	 5	 -44.3690	  169.5279
13.831	 2.40	 1	 -42.2047	  173.7958
13.835	 2.26	 3	 -39.3797	  173.5988
13.835	 2.31	 5	 -44.2707	  169.7241
13.836	 2.22	 1	 -42.3780	  173.2491
13.839	 2.35	 3	 -41.6634	  173.9505
13.840	 2.62	 1	 -41.7393	  174.3475
13.840	 2.06	 1	 -42.5274	  172.9552
13.842	 2.03	 2	 -40.8451	  174.8292
13.842	 2.91	 1	 -42.3484	  173.8280
13.843	 2.61	 1	 -41.7122	  174.2863
13.844	 2.92	 4	 -40.1848	  168.6064
13.846	 2.07	 2	 -42.7280	  173.9794
13.846	 2.07	 2	 -42.0914	  173.3238
13.847	 2.18	 2	 -41.8111	  174.1716
13.848	 3.01	 1	 -40.8164	  172.3713
13.851	 2.77	 1	 -42.0105	  173.5662
13.851	 2.71	 2	 -41.7265	  174.4126
13.851	 2.01	 2	 -41.7525	  174.3331
13.852	 2.03	 1	 -42.0842	  173.4624
13.852	 2.70	 2	 -42.0914	  172.8244
13.855	 2.01	 2	 -42.3058	  173.7926
13.860	 3.65	 1	 -41.8512	  173.8934
13.860	 2.03	 1	 -42.2183	  173.7239
13.861	 2.24	 2	 -44.6071	  169.3744
13.864	 2.05	 1	 -42.0146	  173.6343
13.867	 2.52	 1	 -42.5147	  173.1801
13.867	 2.01	 2	 -38.2256	  172.4683
13.868	 2.71	 1	 -42.7182	  173.2821
13.869	 2.06	 4	 -39.8448	  168.1829
13.870	 2.00	 2	 -42.0423	  173.5228
13.872	 2.95	 3	 -41.7169	  174.3986
13.873	 2.74	 1	 -42.5364	  173.0150
13.875	 3.27	 2	 -38.2114	  172.4013
13.875	 2.45	 3	 -42.1847	  172.7377
13.877	 3.29	 3	 -41.8442	  174.1883
13.879	 2.19	 3	 -43.1622	  169.6499
13.889	 2.11	 3	 -44.3156	  169.8315
13.889	 2.15	 1	 -42.5905	  172.9795
13.890	 2.01	 1	 -42.3806	  173.7820
13.890	 2.21	 1	 -42.0178	  173.6353
13.891	 2.05	 1	 -42.4428	  173.0950
13.892	 2.50	 3	 -42.2852	  174.4007
13.893	 2.07	 5	 -42.2068	  174.0300
13.893	 2.10	 4	 -44.4072	  169.5606
13.894	 2.38	 1	 -42.4216	  173.7941
13.894	 2.32	 3	 -44.3616	  169.7194
13.898	 2.21	 1	 -42.7408	  173.0262
13.898	 2.23	 2	 -42.4787	  173.3039
13.898	 2.09	 4	 -41.7545	  173.7619
13.899	 2.57	 1	 -42.7048	  173.0617
13.900	 2.02	 2	 -42.7904	  173.0403
13.902	 3.51	 2	 -41.8892	  173.8111
13.902	 2.29	 2	 -41.8093	  173.8990
13.903	 2.21	 3	 -44.4095	  169.6245
13.905	 2.15	 3	 -44.3260	  169.6897
13.906	 2.50	 1	 -41.6679	  174.1245
13.909	 2.25	 2	 -42.5968	  173.0564
13.910	 2.49	 1	 -42.3079	  173.7148
13.912	 2.26	 4	 -41.9664	  174.0963
13.913	 2.57	 3	 -42.6114	  172.8184
13.914	 2.02	 2	 -44.3717	  169.6377
13.917	 2.01	 1	 -41.9748	  174.0160
13.919	 2.71	 1	 -41.9962	  173.7196
13.920	 2.13	 1	 -41.9230	  174.1356
13.920	 2.03	 1	 -41.6792	  174.1768
13.921	 2.96	 2	 -42.0970	  173.6435
13.921	 2.07	 1	 -41.6677	  174.3948
13.923	 2.05	 1	 -41.9860	  173.6044
13.924	 2.26	 4	 -41.9941	  176.0370
13.925	 2.03	 4	 -42.2482	  174.0244
13.926	 2.11	 3	 -43.1722	  172.6952
13.926	 2.30	 5	 -41.6727	  174.2060
13.926	 2.25	 3	 -42.2092	  173.6141
13.928	 2.36	 2	 -41.6698	  174.3036
13.929	 3.05	 1	 -42.2136	  173.5861
13.935	 2.35	 4	 -42.7932	  171.9557
13.938	 2.08	 1	 -43.6370	  173.1369
13.939	 2.46	 2	 -42.7275	  172.5548
13.941	 2.40	 1	 -42.3019	  172.8366
13.942	 2.68	 1	 -42.4827	  173.2357
13.943	 2.09	 4	 -42.1548	  174.0949
13.944	 2.15	 1	 -42.5366	  173.0148
13.944	 3.02	 1	 -42.2670	  173.8990
13.946	 2.07	 1	 -41.7523	  174.2897
13.947	 2.45	 1	 -42.2793	  173.2587
13.947	 2.33	 4	 -41.9848	  173.9399
13.948	 2.51	 1	 -42.3228	  173.3602
13.949	 2.17	 1	 -42.1417	  173.5978
13.951	 2.34	 5	 -42.5717	  174.5035
13.951	 2.25	 2	 -44.2032	  169.6591
13.952	 2.05	 4	 -42.4871	  174.0643
13.954	 2.74	 3	 -41.5466	  174.1757
13.955	 2.32	 2	 -42.2886	  173.6975
13.955	 3.06	 1	 -41.8343	  174.1457
13.957	 2.36	 1	 -42.6092	  173.5450
13.959	 2.77	 3	 -41.9232	  174.0971
13.961	 2.56	 2	 -41.8092	  174.3494
13.963	 2.46	 2	 -41.9717	  173.7184
13.964	 2.61	 1	 -41.9548	  173.3910
13.965	 2.01	 2	 -42.5546	  174.0273
13.966	 2.83	 2	 -41.6890	  174.2763
13.966	 2.76	 4	 -42.1571	  173.9268
13.969	 2.89	 1	 -42.3741	  173.5379
13.970	 2.21	 1	 -42.0175	  173.6912
13.972	 2.39	 2	 -41.7928	  174.2894
13.978	 2.52	 4	 -41.5487	  174.1402
13.980	 2.66	 1	 -42.4062	  173.8032
13.980	 2.14	 1	 -42.4156	  173.7496
13.983	 2.35	 2	 -42.6184	  172.9446
13.989	 2.68	 2	 -42.7813	  172.1437
13.993	 2.26	 1	 -42.6612	  173.3144
13.994	 2.55	 1	 -41.8356	  174.3195
13.996	 2.08	 1	 -41.7745	  174.2925
13.997	 2.19	 4	 -41.8647	  173.5248
13.997	 2.04	 4	 -42.4168	  173.8679
13.998	 3.29	 2	 -41.8515	  174.1005
13.998	 2.22	 1	 -41.7687	  174.3253
13.999	 2.87	 1	 -42.0168	  173.8373
13.999	 3.10	 1	 -42.3507	  173.6153
14.003	 2.36	 1	 -42.4823	  173.4416
14.006	 2.48	 3	 -42.6221	  174.7127
14.007	 2.08	 1	 -42.1423	  173.7238
14.008	 2.11	 2	 -42.1846	  173.2605
14.010	 2.48	 2	 -42.2504	  174.0585
14.011	 2.24	 1	 -42.0914	  172.9151
14.011	 2.16	 2	 -42.5970	  172.9641
14.011	 2.59	 2	 -40.9457	  173.0651
14.011	 2.05	 1	 -42.3346	  173.7523
14.012	 4.27	 1	 -42.2188	  173.6065
14.012	 2.20	 1	 -41.6758	  174.2487
14.012	 2.09	 1	 -42.7073	  172.4572
14.013	 2.23	 1	 -41.5008	  174.3221
14.014	 2.36	 3	 -41.6894	  174.2752
14.015	 2.99	 1	 -41.9910	  173.9563
14.015	 3.10	 3	 -44.4257	  169.2514
14.015	 2.05	 4	 -44.2605	  169.6373
14.016	 2.24	 1	 -41.7379	  174.3199
14.017	 2.22	 1	 -42.0825	  173.7946
14.018	 2.29	 1	 -42.4269	  174.0237
14.018	 2.33	 1	 -44.0321	  173.1278
14.019	 2.06	 2	 -41.7738	  173.8837
14.019	 2.07	 1	 -42.0016	  173.8651
14.020	 2.16	 4	 -42.3315	  173.3474
14.021	 2.00	 1	 -41.7269	  174.2505
14.021	 2.23	 1	 -42.3129	  173.6977
14.023	 2.65	 1	 -41.8094	  174.0250
14.023	 2.46	 1	 -42.4497	  173.9105
14.024	 3.21	 3	 -42.5476	  173.3351
14.026	 2.70	 2	 -41.8605	  174.0225
14.027	 2.22	 1	 -42.2386	  173.7153
14.028	 2.40	 2	 -41.8650	  174.2263
14.028	 3.78	 1	 -42.0888	  173.6525
14.029	 2.95	 2	 -44.5025	  169.9108
14.029	 2.47	 2	 -44.2379	  169.4148
14.036	 2.87	 4	 -45.6464	  169.4694
14.037	 2.90	 1	 -42.1845	  173.8029
14.038	 2.23	 2	 -42.6749	  173.0602
14.039	 2.06	 1	 -42.5389	  173.1453
14.045	 2.01	 2	 -42.1083	  173.8084
14.046	 3.47	 1	 -42.2144	  173.6115
14.049	 2.34	 4	 -44.3671	  169.7104
14.053	 2.62	 1	 -41.6194	  174.3333
14.055	 2.75	 5	 -44.5189	  169.1701
14.055	 2.14	 4	 -44.5064	  169.2201
14.055	 2.24	 1	 -42.1717	  173.7036
14.056	 2.05	 1	 -42.0905	  173.8025
14.057	 2.52	 2	 -44.2942	  169.5884
14.058	 2.01	 4	 -42.2436	  174.0466
14.058	 2.08	 1	 -41.8707	  174.0654
14.059	 2.28	 1	 -42.3178	  173.7347
14.061	 2.19	 5	 -41.7661	  174.2875
14.063	 2.62	 1	 -41.8655	  173.9288
14.064	 2.04	 1	 -42.1004	  173.2001
14.069	 2.62	 3	 -42.6045	  172.8809
14.071	 2.07	 4	 -41.9480	  174.2313
14.075	 2.06	 4	 -41.7223	  174.4438
14.075	 2.34	 1	 -41.6349	  174.3102
14.076	 3.55	 1	 -42.4002	  173.8517
14.078	 2.11	 4	 -42.6174	  174.0044
14.078	 2.73	 1	 -42.4304	  173.3791
14.079	 2.06	 4	 -41.2551	  173.9425
14.081	 2.38	 2	 -41.6661	  174.1843
14.083	 2.24	 1	 -42.1006	  173.7962
14.083	 2.35	 2	 -42.0814	  172.7221
14.084	 2.41	 1	 -42.0864	  173.5416
14.085	 2.06	 2	 -42.7658	  172.8890
14.085	 2.27	 1	 -41.7170	  174.1529
14.087	 2.00	 3	 -42.7151	  173.9289
14.087	 2.21	 2	 -41.7087	  174.2712
14.089	 2.62	 2	 -42.0249	  173.6895
14.091	 2.75	 1	 -41.7859	  174.2499
14.091	 3.12	 1	 -42.0573	  172.5300
14.092	 2.11	 2	 -39.1979	  173.3553
14.094	 2.07	 1	 -41.7506	  174.2711
14.094	 2.40	 1	 -41.8408	  174.2697
14.097	 3.01	 2	 -42.1708	  173.6044
14.098	 2.22	 1	 -41.7226	  174.2357
14.101	 2.24	 7	 -41.5452	  174.0837
14.102	 2.69	 2	 -42.6262	  172.0404
14.103	 3.96	 4	 -44.3642	  169.4721
14.105	 2.45	 2	 -41.5800	  174.1988
14.109	 2.91	 2	 -41.7073	  174.2817
14.109	 2.58	 3	 -42.5260	  171.5559
14.112	 2.13	 2	 -41.7814	  174.2577
14.112	 2.04	 3	 -42.0444	  172.8757
14.113	 2.57	 2	 -42.4657	  172.6048
14.113	 2.02	 1	 -42.5118	  172.6551
14.116	 2.21	 5	 -42.2329	  173.9791
14.117	 2.09	 1	 -41.9339	  174.0650
14.119	 2.11	 2	 -45.5499	  169.4926
14.120	 4.01	 1	 -41.7159	  174.3212
14.121	 3.63	 5	 -44.3765	  169.4719
14.121	 2.27	 1	 -42.5964	  173.8551
14.122	 2.26	 5	 -43.2911	  171.9938
14.123	 2.27	 1	 -41.8057	  174.1973
14.128	 2.14	 1	 -41.2959	  174.7273
14.129	 2.61	 4	 -42.4415	  174.1060
14.132	 2.05	 1	 -41.6831	  174.2418
14.135	 2.26	 1	 -41.7806	  174.2951
14.137	 2.03	 5	 -45.6600	  169.4608
14.139	 2.13	 3	 -42.1446	  174.2426
14.140	 2.34	 1	 -42.6032	  173.0907
14.141	 3.05	 1	 -41.7098	  174.1998
14.142	 2.24	 2	 -42.4744	  173.1030
14.144	 2.01	 1	 -42.4203	  173.4965
14.145	 2.17	 2	 -43.4558	  169.9115
14.145	 3.15	 1	 -41.7895	  174.6605
14.145	 2.56	 2	 -44.3550	  169.3658
14.146	 2.05	 2	 -44.3556	  169.5870
14.147	 2.07	 2	 -41.8054	  174.1538
14.147	 2.11	 2	 -42.0758	  173.7236
14.149	 2.48	 4	 -42.2536	  174.0740
14.149	 2.02	 1	 -42.9514	  172.7034
14.154	 2.97	 5	 -41.7612	  174.1635
14.154	 2.03	 3	 -41.6473	  174.1503
14.154	 2.33	 4	 -41.7531	  174.2719
14.156	 2.26	 1	 -42.0541	  173.7052
14.157	 2.44	 2	 -41.8355	  174.3190
14.159	 2.23	 1	 -42.4266	  173.3275
14.159	 2.28	 2	 -42.5398	  172.5215
14.160	 2.46	 3	 -41.7148	  174.1381
14.162	 2.12	 4	 -42.3060	  173.9007
14.163	 3.07	 3	 -44.7137	  171.0717
14.163	 2.04	 1	 -41.9104	  174.9299
14.165	 2.22	 5	 -42.0328	  174.6285
14.165	 2.02	 4	 -44.4264	  169.5748
14.168	 2.73	 4	 -39.1976	  178.5528
14.168	 2.01	 4	 -42.1296	  174.1508
14.168	 2.22	 2	 -41.9615	  173.7616
14.169	 2.89	 4	 -42.9017	  173.2732
14.170	 2.45	 4	 -42.3807	  173.7664
14.171	 2.28	 1	 -41.9832	  173.9299
14.172	 2.69	 1	 -42.1524	  173.6643
14.173	 2.32	 2	 -42.0169	  173.6930
14.173	 2.12	 1	 -42.2581	  173.7959
14.174	 4.24	 1	 -41.7149	  174.2850
14.174	 3.81	 1	 -42.7486	  173.0755
14.175	 2.25	 1	 -42.5607	  173.1498
14.176	 2.33	 2	 -41.9439	  173.7264
14.181	 2.13	 1	 -41.6864	  174.3040
14.182	 2.03	 5	 -41.7307	  174.1528
14.184	 2.98	 1	 -41.7056	  174.1912
14.186	 2.64	 1	 -41.9609	  173.6763
14.187	 2.72	 1	 -41.8383	  174.0525
14.188	 2.72	 2	 -42.2787	  173.8078
14.193	 2.12	 4	 -44.5218	  169.1852
14.196	 2.12	 2	 -41.7174	  174.3493
14.196	 2.41	 2	 -41.5091	  173.7193
14.198	 2.26	 3	 -44.3060	  169.5963
14.202	 2.51	 2	 -41.9401	  174.8361
14.206	 2.30	 3	 -45.1070	  169.6730
14.208	 2.92	 1	 -42.5558	  173.6490
14.208	 2.01	 1	 -42.7042	  173.1634
14.210	 2.14	 1	 -41.6927	  174.1790
14.210	 2.06	 1	 -43.5612	  172.7674
14.211	 2.03	 1	 -42.2255	  173.0246
14.211	 2.21	 1	 -44.4076	  178.6352
14.213	 2.19	 4	 -44.3548	  169.5512
14.213	 3.02	 1	 -42.7169	  173.1306
14.214	 2.14	 4	 -42.5426	  173.3365
14.214	 2.17	 1	 -41.7030	  174.1805
14.214	 3.70	 1	 -42.8032	  173.9615
14.215	 2.86	 1	 -42.2927	  173.8030
14.217	 2.00	 1	 -42.1532	  173.2955
14.218	 2.39	 1	 -42.2944	  173.7885
14.219	 2.87	 1	 -42.3203	  174.0142
14.219	 2.05	 1	 -42.3593	  174.0161
14.219	 2.74	 1	 -42.2085	  173.6766
14.220	 3.86	 2	 -44.2830	  169.3369
14.223	 2.41	 1	 -42.1698	  173.6817
14.223	 3.44	 1	 -42.2721	  172.9669
14.224	 2.86	 2	 -42.2661	  173.8991
14.224	 2.14	 1	 -42.6267	  173.0919
14.224	 2.17	 5	 -42.2149	  173.9983
14.225	 2.46	 6	 -42.2343	  173.9854
14.228	 2.23	 3	 -44.3788	  169.7322
14.234	 2.95	 5	 -44.4243	  169.5744
14.235	 3.25	 1	 -41.6225	  174.9399
14.236	 2.16	 2	 -43.3605	  172.7769
14.237	 3.02	 2	 -42.3857	  173.4312
14.237	 2.05	 2	 -42.5148	  173.4467
14.237	 2.07	 3	 -38.2267	  172.3767
14.238	 2.55	 5	 -42.2536	  174.0758
14.239	 2.25	 1	 -42.8430	  173.1709
14.240	 3.35	 2	 -43.8195	  178.9572
14.240	 2.78	 3	 -42.0405	  173.9834
14.242	 2.13	 1	 -42.4922	  173.0397
14.246	 2.02	 1	 -42.2288	  173.7420
14.247	 2.04	 2	 -41.6601	  174.2259
14.247	 2.79	 1	 -42.6122	  173.9226
14.248	 2.12	 2	 -42.7700	  173.0125
14.250	 2.29	 1	 -42.2857	  173.7087
14.250	 4.06	 5	 -42.0509	  174.5060
14.251	 2.34	 1	 -42.0053	  174.5201
14.252	 2.27	 1	 -42.4176	  173.8008
14.253	 2.11	 1	 -41.7553	  174.2851
14.256	 2.25	 3	 -42.0959	  173.5863
14.257	 2.10	 2	 -42.4220	  173.1196
14.257	 2.47	 3	 -42.7156	  172.1922
14.257	 2.13	 2	 -41.6297	  175.4347
14.260	 2.36	 1	 -41.6638	  174.3866
14.261	 2.55	 1	 -42.3527	  173.9398
14.261	 3.28	 1	 -42.2534	  173.6357
14.262	 2.02	 3	 -45.5406	  169.4955
14.262	 2.11	 2	 -40.8200	  172.3648
14.263	 2.35	 4	 -41.8864	  174.1290
14.264	 2.25	 2	 -41.7857	  174.1103
14.266	 2.39	 2	 -42.5100	  173.0650
14.267	 2.49	 3	 -41.8308	  173.8458
14.269	 2.35	 1	 -42.2806	  173.7119
14.269	 2.47	 1	 -41.9930	  173.6291
14.269	 2.51	 2	 -41.6648	  174.2157
14.275	 2.38	 3	 -42.3872	  173.4237
14.275	 2.07	 2	 -41.7281	  174.1570
14.279	 2.15	 2	 -42.2831	  173.6624
14.280	 3.20	 2	 -42.2724	  173.6406
14.280	 2.22	 1	 -42.1998	  173.7185
14.282	 3.19	 2	 -41.2906	  174.8380
14.283	 2.64	 2	 -42.1002	  173.9075
14.284	 2.45	 1	 -41.1750	  172.3064
14.286	 2.19	 5	 -42.4994	  173.9717
14.286	 3.47	 2	 -38.2489	  170.8832
14.286	 2.36	 1	 -41.6753	  174.2173
14.287	 2.10	 4	 -44.2990	  169.3039
14.289	 2.00	 1	 -42.2603	  173.6263
14.291	 2.85	 2	 -41.7438	  174.2902
14.294	 2.00	 1	 -42.4930	  173.1732
14.296	 2.28	 1	 -42.1165	  173.8113
14.296	 2.55	 1	 -42.4322	  174.0258
14.296	 2.10	 1	 -41.6729	  174.4499
14.297	 2.35	 1	 -41.6941	  174.3035
14.298	 2.76	 5	 -41.8633	  174.2824
14.300	 2.06	 3	 -42.5147	  172.8597
14.302	 2.71	 3	 -38.2101	  172.3972
14.303	 2.58	 1	 -41.9602	  174.1072
14.305	 2.64	 5	 -41.9587	  174.7913
14.307	 2.15	 2	 -42.1714	  173.7208
14.309	 2.23	 1	 -42.2821	  173.5458
14.313	 2.05	 1	 -42.2781	  172.8544
14.313	 2.31	 2	 -42.2365	  173.4924
14.315	 3.18	 3	 -42.0244	  173.6895
14.317	 2.91	 2	 -42.2050	  172.9619
14.318	 2.33	 2	 -44.8834	  171.2239
14.318	 2.70	 2	 -42.0919	  173.8900
14.319	 2.48	 2	 -41.7123	  174.2098
14.322	 2.29	 2	 -42.0166	  175.3106
14.325	 2.17	 4	 -41.7218	  174.2872
14.325	 2.02	 2	 -41.7021	  174.2341
14.326	 2.17	 2	 -42.0144	  174.0953
14.326	 2.15	 4	 -42.2347	  174.2871
14.328	 3.07	 1	 -41.6983	  174.4542
14.329	 2.34	 1	 -41.6802	  174.2955
14.331	 3.75	 3	 -42.7794	  173.1212
14.331	 2.75	 2	 -42.0688	  173.0552
14.332	 3.78	 2	 -41.7733	  174.2818
14.333	 2.55	 1	 -42.6289	  173.0686
14.334	 2.22	 3	 -41.7175	  174.1104
14.336	 2.00	 1	 -41.7971	  174.4486
14.338	 2.03	 2	 -42.0700	  173.0497
14.341	 2.36	 5	 -42.1716	  173.6507
14.341	 2.18	 1	 -42.3378	  173.9400
14.341	 2.20	 3	 -44.4720	  169.6281
14.342	 2.09	 2	 -41.7598	  174.4620
14.342	 2.84	 1	 -41.9840	  173.6716
14.344	 2.53	 2	 -42.7569	  172.9138
14.346	 3.20	 1	 -41.5498	  173.3213
14.346	 2.14	 2	 -41.8401	  173.9901
14.347	 2.09	 3	 -41.6310	  174.2148
14.349	 2.36	 1	 -43.2358	  176.1313
14.352	 2.97	 4	 -41.9308	  172.3085
14.357	 2.39	 1	 -41.8642	  174.2656
14.361	 2.06	 2	 -41.7086	  174.3624
14.363	 2.13	 1	 -41.7862	  174.3331
14.365	 2.10	 1	 -41.7677	  174.1555
14.366	 2.01	 1	 -41.8416	  174.2507
14.367	 2.81	 1	 -42.4423	  173.2372
14.369	 3.73	 1	 -42.4843	  172.9865
14.370	 2.26	 4	 -42.2183	  174.0971
14.372	 2.65	 1	 -42.5039	  173.0390
14.373	 2.01	 1	 -37.6425	  176.8624
14.375	 2.27	 4	 -42.2295	  174.1038
14.375	 2.22	 1	 -41.9045	  172.5337
14.376	 2.31	 2	 -41.9463	  172.2406
14.377	 2.41	 2	 -44.3434	  169.5101
14.378	 2.12	 1	 -41.7353	  174.2925
14.378	 2.39	 1	 -42.5555	  172.9482
14.379	 2.03	 4	 -42.1658	  174.5564
14.380	 2.10	 2	 -42.7156	  175.4774
14.383	 3.13	 3	 -42.1271	  173.5648
14.384	 3.57	 1	 -42.5397	  173.7171
14.384	 2.12	 2	 -41.6334	  174.2186
14.385	 2.90	 1	 -42.5004	  173.0532
14.387	 2.13	 1	 -42.0507	  173.7883
14.387	 2.02	 2	 -42.0614	  174.0118
14.389	 2.73	 1	 -42.5482	  173.0495
14.390	 3.27	 1	 -42.3704	  173.6306
14.391	 2.12	 6	 -41.6789	  174.1169
14.395	 2.20	 4	 -41.9651	  173.4208
14.396	 2.60	 2	 -44.2545	  169.5684
14.399	 2.14	 1	 -41.9729	  173.1669
14.400	 3.41	 1	 -42.4481	  173.6835
14.400	 2.30	 1	 -41.8633	  173.9793
14.402	 2.03	 6	 -42.0515	  174.5145
14.405	 2.55	 4	 -41.2002	  173.2396
14.407	 2.17	 1	 -42.2442	  173.6475
14.407	 2.47	 1	 -42.5600	  172.9503
14.414	 2.39	 1	 -42.0830	  173.8422
14.418	 2.01	 3	 -44.3320	  169.5768
14.421	 2.54	 5	 -42.1210	  174.3000
14.423	 2.61	 4	 -41.6663	  174.3584
14.425	 2.35	 1	 -41.9254	  174.2631
14.428	 2.92	 2	 -44.3883	  169.6034
14.428	 2.26	 1	 -42.1661	  173.5453
14.429	 2.30	 2	 -41.6975	  174.4483
14.431	 2.20	 1	 -41.7752	  174.1915
14.431	 2.26	 2	 -41.4050	  174.3465
14.432	 3.33	 1	 -41.7175	  174.2687
14.433	 2.06	 2	 -41.7041	  174.1769
14.433	 2.06	 1	 -41.7076	  174.1428
14.434	 2.64	 3	 -42.1003	  173.8370
14.435	 2.22	 1	 -42.2337	  173.8620
14.442	 2.24	 1	 -39.5742	  174.7504
14.444	 2.06	 2	 -41.6890	  174.3089
14.448	 2.12	 6	 -44.4216	  169.5804
14.450	 2.74	 4	 -42.1227	  173.8374
14.456	 2.15	 3	 -42.5661	  173.9735
14.456	 2.82	 3	 -44.3585	  169.7248
14.456	 2.23	 1	 -41.7878	  174.1384
14.460	 3.44	 6	 -42.2944	  174.1674
14.460	 2.40	 1	 -41.9880	  174.0696
14.460	 2.67	 2	 -41.9601	  173.7672
14.460	 2.44	 1	 -41.7309	  174.5592
14.461	 2.33	 2	 -44.3805	  169.8113
14.464	 2.06	 2	 -42.0187	  173.6921
14.464	 2.59	 1	 -42.1556	  173.9692
14.464	 2.27	 1	 -41.7473	  174.2309
14.464	 2.16	 1	 -43.0897	  173.6345
14.466	 2.60	 1	 -41.7024	  174.2010
14.466	 2.02	 1	 -42.2510	  173.8420
14.468	 2.01	 1	 -41.7768	  174.4089
14.469	 2.55	 1	 -42.1969	  173.8046
14.470	 2.25	 3	 -42.3901	  173.4307
14.470	 2.05	 1	 -43.0226	  172.6604
14.470	 2.27	 2	 -41.9108	  174.3337
14.471	 2.32	 5	 -42.2904	  174.0148
14.472	 2.41	 2	 -41.7015	  173.6022
14.473	 5.21	 1	 -42.5789	  174.2030
14.474	 2.11	 2	 -41.6833	  174.1239
14.477	 2.46	 2	 -42.3503	  173.5493
14.478	 2.12	 4	 -42.2712	  174.0565
14.480	 2.34	 4	 -44.3617	  169.3470
14.480	 2.24	 1	 -42.5626	  172.8611
14.481	 3.28	 2	 -41.5995	  174.2353
14.483	 2.22	 1	 -42.1807	  173.7888
14.483	 2.10	 1	 -42.1495	  173.5345
14.485	 2.07	 1	 -42.3733	  173.9602
14.485	 3.55	 2	 -41.6601	  174.1984
14.486	 2.91	 2	 -42.2430	  173.4241
14.486	 2.05	 1	 -41.7088	  174.3576
14.488	 2.25	 1	 -42.7314	  172.9150
14.490	 2.34	 3	 -42.0509	  174.1177
14.491	 2.02	 1	 -42.3001	  173.6545
14.493	 2.00	 1	 -42.6843	  173.0540
14.494	 2.53	 1	 -43.1748	  173.8217
14.494	 2.14	 2	 -44.2743	  169.6106
14.495	 2.23	 2	 -42.1889	  173.6110
14.495	 2.52	 1	 -43.0519	  173.7605
14.495	 3.16	 6	 -41.6399	  174.0231
14.498	 2.24	 2	 -41.6615	  174.2692
14.499	 2.12	 1	 -42.4834	  173.2040
